0.01 8.17631e-06 8.4154e-08 -0.000114141 3.84474e-07 2.10018e-06 -2.75687e-08
0.02 4.483e-05 3.21898e-07 -0.000339421 1.16015e-06 1.04616e-05 -1.05655e-07
0.03 0.000124025 5.27462e-07 -0.000260985 2.22072e-06 2.36117e-05 -1.78212e-07
0.04 0.000239132 3.8958e-07 0.000450615 3.00041e-06 3.45991e-05 -1.80561e-07
0.05 0.000374931 -2.61219e-07 0.0017605 3.01777e-06 4.07608e-05 -1.2843e-07
0.06 0.000524303 -1.42216e-06 0.00353087 2.45663e-06 4.34424e-05 -8.80377e-08
0.07 0.000687493 -3.08452e-06 0.00564392 1.71993e-06 4.50393e-05 -1.04538e-07
0.08 0.000868335 -5.34071e-06 0.00805506 1.53125e-06 4.84912e-05 -1.61044e-07
0.09 0.00107271 -8.33888e-06 0.0108081 2.11706e-06 5.49521e-05 -2.11053e-07
0.1 0.00130449 -1.21783e-05 0.01401 3.40251e-06 6.46028e-05 -2.27311e-07
0.11 0.00156523 -1.68724e-05 0.0177833 4.75806e-06 7.65567e-05 -2.22327e-07
0.12 0.00185409 -2.24062e-05 0.0222184 5.65024e-06 8.95638e-05 -2.28056e-07
0.13 0.00216872 -2.88155e-05 0.0273415 5.78287e-06 0.000102756 -2.58515e-07
0.14 0.00250648 -3.62065e-05 0.0331026 5.42367e-06 0.000115349 -3.01111e-07
0.15 0.00286523 -4.46772e-05 0.0393924 5.14906e-06 0.000127583 -3.35276e-07
0.16 0.00324457 -5.4262e-05 0.0460772 5.51313e-06 0.000139874 -3.55503e-07
0.17 0.00364527 -6.49133e-05 0.0530415 6.71058e-06 0.000152973 -3.73185e-07
0.18 0.00406949 -7.6545e-05 0.0602212 8.39774e-06 0.000167761 -4.05334e-07
0.19 0.00451983 -8.90834e-05 0.0676162 1.00051e-05 0.000184474 -4.52043e-07
0.2 0.00499818 -0.000102467 0.0752839 1.0969e-05 0.000203176 -5.02401e-07
0.21 0.0055058 -0.000116627 0.0833116 1.12441e-05 0.000223472 -5.43332e-07
0.22 0.00604253 -0.000131482 0.0917813 1.11594e-05 0.000244514 -5.72342e-07
0.23 0.00660705 -0.000146942 0.10074 1.13856e-05 0.000265709 -5.98715e-07
0.24 0.00719791 -0.000162955 0.11018 1.23457e-05 0.000286515 -6.32016e-07
0.25 0.00781355 -0.000179523 0.120043 1.408e-05 0.000306677 -6.74868e-07
0.26 0.00845329 -0.000196674 0.13024 1.61383e-05 0.000326553 -7.21793e-07
0.27 0.00911766 -0.000214427 0.140672 1.78867e-05 0.000346516 -7.67925e-07
0.28 0.00980784 -0.000232744 0.15127 1.89622e-05 0.00036711 -8.09009e-07
0.29 0.0105258 -0.000251528 0.162001 1.93709e-05 0.000388869 -8.50605e-07
0.3 0.0112734 -0.000270639 0.172879 1.9682e-05 0.00041183 -8.93267e-07
0.31 0.0120518 -0.000289939 0.18395 2.04147e-05 0.000435883 -9.39887e-07
0.32 0.0128614 -0.00030931 0.195271 2.19979e-05 0.00046067 -9.87944e-07
0.33 0.0137014 -0.000328689 0.206882 2.42053e-05 0.000485544 -1.03543e-06
0.34 0.0145705 -0.000348041 0.218794 2.65696e-05 0.00051014 -1.08179e-06
0.35 0.0154671 -0.000367359 0.230977 2.84521e-05 0.000534179 -1.12711e-06
0.36 0.0163897 -0.000386631 0.243369 2.9608e-05 0.000557591 -1.17266e-06
0.37 0.0173374 -0.000405817 0.255895 3.02647e-05 0.000580718 -1.21789e-06
0.38 0.0183101 -0.000424844 0.268487 3.09682e-05 0.000603881 -1.26571e-06
0.39 0.0193081 -0.000443598 0.281099 3.23279e-05 0.000627414 -1.31387e-06
0.4 0.0203317 -0.000461948 0.293717 3.4459e-05 0.000651635 -1.36692e-06
0.41 0.0213811 -0.000479757 0.306358 3.71485e-05 0.000676477 -1.42111e-06
0.42 0.0224559 -0.000496899 0.319052 3.97091e-05 0.00070175 -1.47711e-06
0.43 0.023555 -0.00051325 0.331833 4.17313e-05 0.000727191 -1.53113e-06
0.44 0.0246765 -0.000528704 0.344715 4.30029e-05 0.000752327 -1.58256e-06
0.45 0.0258184 -0.000543147 0.357689 4.39812e-05 0.000776967 -1.63178e-06
0.46 0.0269786 -0.000556475 0.37072 4.51742e-05 0.000801008 -1.68163e-06
0.47 0.0281554 -0.000568589 0.383754 4.71373e-05 0.000824476 -1.73462e-06
0.48 0.0293474 -0.000579386 0.396737 4.98338e-05 0.000847668 -1.79121e-06
0.49 0.0305542 -0.000588763 0.409624 5.29035e-05 0.000870846 -1.85268e-06
0.5 0.0317753 -0.000596591 0.422391 5.56874e-05 0.000894194 -1.9139e-06
0.51 0.0330104 -0.000602714 0.435036 5.77939e-05 0.000917897 -1.97689e-06
0.52 0.0342592 -0.000606945 0.447576 5.92741e-05 0.000941853 -2.03702e-06
0.53 0.0355208 -0.000609092 0.460035 6.05887e-05 0.000965858 -2.09823e-06
0.54 0.036794 -0.000608967 0.472428 6.23877e-05 0.000989758 -2.15945e-06
0.55 0.0380774 -0.000606426 0.48476 6.49413e-05 0.00101321 -2.22419e-06
0.56 0.0393693 -0.00060136 0.497013 6.81995e-05 0.00103617 -2.29079e-06
0.57 0.0406686 -0.000593689 0.509155 7.15519e-05 0.00105861 -2.36059e-06
0.58 0.0419742 -0.000583341 0.521146 7.45221e-05 0.00108062 -2.43146e-06
0.59 0.0432855 -0.000570218 0.532948 7.67479e-05 0.00110243 -2.50307e-06
0.6 0.0446025 -0.000554196 0.544535 7.84976e-05 0.00112424 -2.57753e-06
0.61 0.045925 -0.000535119 0.555895 8.02654e-05 0.00114616 -2.65252e-06
0.62 0.0472529 -0.000512827 0.567032 8.2637e-05 0.00116825 -2.73311e-06
0.63 0.0485861 -0.000487166 0.57796 8.58242e-05 0.00119045 -2.81507e-06
0.64 0.0499238 -0.000458027 0.588691 8.95342e-05 0.00121253 -2.90184e-06
0.65 0.0512651 -0.000425318 0.599233 9.32144e-05 0.00123445 -2.98894e-06
0.66 0.0526089 -0.000388983 0.609578 9.62902e-05 0.00125597 -3.07882e-06
0.67 0.0539538 -0.000348966 0.619707 9.8695e-05 0.00127708 -3.16858e-06
0.68 0.0552988 -0.000305208 0.629591 0.000100733 0.00129787 -3.26186e-06
0.69 0.0566431 -0.000257648 0.639201 0.000103049 0.00131837 -3.35809e-06
0.7 0.0579859 -0.000206219 0.648509 0.000106064 0.0013388 -3.45907e-06
0.71 0.0593267 -0.00015086 0.6575 0.000109838 0.00135926 -3.56633e-06
0.72 0.0606649 -9.15143e-05 0.666169 0.000113961 0.00137982 -3.67643e-06
0.73 0.0619997 -2.81293e-05 0.674521 0.000117849 0.00140047 -3.79146e-06
0.74 0.0633302 3.93488e-05 0.682563 0.000121107 0.00142117 -3.90683e-06
0.75 0.0646551 0.000110969 0.690303 0.000123723 0.00144174 -4.0261e-06
0.76 0.065973 0.00018678 0.697741 0.000126186 0.00146215 -4.1469e-06
0.77 0.0672822 0.000266806 0.704866 0.000129039 0.00148228 -4.27368e-06
0.78 0.0685813 0.000351054 0.711663 0.000132721 0.00150212 -4.40321e-06
0.79 0.0698688 0.000439502 0.718109 0.00013705 0.00152179 -4.53977e-06
0.8 0.0711438 0.000532122 0.724186 0.000141593 0.00154131 -4.6796e-06
0.81 0.0724051 0.000628886 0.72988 0.000145669 0.00156083 -4.82473e-06
0.82 0.073652 0.000729788 0.735185 0.000149089 0.00158043 -4.97389e-06
0.83 0.0748837 0.000834835 0.740104 0.000151976 0.0016001 -5.12653e-06
0.84 0.0760994 0.000944047 0.744644 0.000154946 0.00161985 -5.28478e-06
0.85 0.0772983 0.00105743 0.748815 0.00015848 0.00163959 -5.4468e-06
0.86 0.0784795 0.00117496 0.752623 0.000162803 0.00165924 -5.61525e-06
0.87 0.0796418 0.00129658 0.756071 0.000167666 0.00167875 -5.78642e-06
0.88 0.0807847 0.00142221 0.759153 0.000172497 0.00169807 -5.96424e-06
0.89 0.0819073 0.00155175 0.761862 0.000176846 0.00171721 -6.14373e-06
0.9 0.0830092 0.00168512 0.764186 0.000180472 0.00173627 -6.33135e-06
0.91 0.0840904 0.00182225 0.76612 0.000183785 0.00175526 -6.52211e-06
0.92 0.0851506 0.00196305 0.767661 0.000187259 0.00177427 -6.72053e-06
0.93 0.0861902 0.00210748 0.768814 0.00019151 0.00179336 -6.92348e-06
0.94 0.0872092 0.00225544 0.769586 0.000196495 0.00181248 -7.13173e-06
0.95 0.0882079 0.00240683 0.76999 0.000201906 0.00183163 -7.34514e-06
0.96 0.0891863 0.00256154 0.770036 0.000207053 0.00185075 -7.56259e-06
0.97 0.0901445 0.00271943 0.769733 0.000211586 0.00186975 -7.78612e-06
0.98 0.0910825 0.00288037 0.769084 0.000215513 0.00188862 -8.01319e-06
0.99 0.0920005 0.00304422 0.768088 0.0002193 0.00190733 -8.24866e-06
1 0.0928986 0.00321084 0.766743 0.000223506 0.00192591 -8.48704e-06
1.01 0.0937771 0.00338007 0.765046 0.000228457 0.00194439 -8.73442e-06
1.02 0.0946363 0.00355174 0.762997 0.000234092 0.00196282 -8.98382e-06
1.03 0.0954767 0.00372568 0.7606 0.000239927 0.00198122 -9.24052e-06
1.04 0.0962985 0.00390173 0.757862 0.000245438 0.00199962 -9.50073e-06
1.05 0.097102 0.00407973 0.754793 0.000250259 0.00201797 -9.76796e-06
1.06 0.0978875 0.00425951 0.751403 0.000254583 0.00203626 -1.00407e-05
1.07 0.0986548 0.00444093 0.747703 0.000258894 0.00205443 -1.03196e-05
1.08 0.099404 0.00462384 0.743698 0.000263824 0.00207242 -1.0604e-05
1.09 0.100135 0.00480805 0.739393 0.000269562 0.00209024 -1.0892e-05
1.1 0.100847 0.00499337 0.734788 0.000275873 0.00210785 -1.11869e-05
1.11 0.101541 0.00517962 0.729884 0.000282165 0.00212527 -1.1484e-05
1.12 0.102216 0.0053666 0.724682 0.000287929 0.00214255 -1.17905e-05
1.13 0.102873 0.00555416 0.719187 0.000293079 0.0021597 -1.20999e-05
1.14 0.103511 0.00574213 0.713405 0.000297886 0.00217671 -1.24195e-05
1.15 0.104131 0.00593042 0.707345 0.000302951 0.00219361 -1.27429e-05
1.16 0.104732 0.00611887 0.70102 0.000308644 0.00221035 -1.3074e-05
1.17 0.105314 0.00630736 0.69444 0.000315132 0.0022269 -1.34075e-05
1.18 0.105877 0.00649575 0.687616 0.000322013 0.00224324 -1.37463e-05
1.19 0.106422 0.00668389 0.680555 0.000328784 0.0022593 -1.40897e-05
1.2 0.106947 0.00687164 0.673265 0.000334943 0.00227511 -1.44395e-05
1.21 0.107454 0.00705888 0.665751 0.000340486 0.00229065 -1.47985e-05
1.22 0.107943 0.00724549 0.65802 0.000345847 0.00230594 -1.51621e-05
1.23 0.108413 0.00743139 0.650078 0.000351622 0.00232099 -1.5535e-05
1.24 0.108866 0.00761647 0.641936 0.000358239 0.00233583 -1.59095e-05
1.25 0.109302 0.00780064 0.633606 0.000365513 0.00235043 -1.62918e-05
1.26 0.109722 0.00798381 0.625102 0.000373033 0.00236481 -1.66763e-05
1.27 0.110126 0.00816589 0.616436 0.000380147 0.00237894 -1.70697e-05
1.28 0.110515 0.00834681 0.607625 0.000386705 0.00239278 -1.74679e-05
1.29 0.110889 0.00852649 0.59868 0.000392768 0.00240634 -1.78764e-05
1.3 0.11125 0.00870487 0.589613 0.000398902 0.00241956 -1.82906e-05
1.31 0.111598 0.00888188 0.580433 0.000405529 0.00243248 -1.87116e-05
1.32 0.111934 0.00905747 0.57115 0.000412973 0.00244509 -1.91379e-05
1.33 0.112258 0.00923155 0.561775 0.000421003 0.00245739 -1.95673e-05
1.34 0.112573 0.00940406 0.552318 0.000429142 0.00246941 -2.00048e-05
1.35 0.112878 0.00957495 0.54279 0.000436806 0.00248115 -2.04474e-05
1.36 0.113175 0.00974415 0.533206 0.000443809 0.00249261 -2.09017e-05
1.37 0.113464 0.00991166 0.523578 0.000450458 0.00250378 -2.13614e-05
1.38 0.113747 0.0100775 0.51392 0.000457343 0.00251466 -2.18318e-05
1.39 0.114023 0.0102415 0.504244 0.000464995 0.0025252 -2.23046e-05
1.4 0.114293 0.0104038 0.494561 0.000473397 0.00253543 -2.27862e-05
1.41 0.114559 0.0105643 0.484879 0.00048224 0.00254531 -2.32702e-05
1.42 0.114819 0.0107229 0.475209 0.000490879 0.00255487 -2.37631e-05
1.43 0.115076 0.0108797 0.465556 0.000499047 0.0025641 -2.42635e-05
1.44 0.115329 0.0110346 0.45593 0.00050665 0.00257301 -2.47735e-05
1.45 0.115578 0.0111877 0.446339 0.000514129 0.00258163 -2.52943e-05
1.46 0.115824 0.011339 0.436793 0.000521947 0.00258995 -2.58212e-05
1.47 0.116068 0.0114885 0.4273 0.000530529 0.00259798 -2.63565e-05
1.48 0.116308 0.0116363 0.417872 0.000539868 0.00260571 -2.68942e-05
1.49 0.116547 0.0117823 0.408516 0.000549514 0.00261312 -2.74421e-05
1.5 0.116782 0.0119267 0.399242 0.000558892 0.00262022 -2.79945e-05
1.51 0.117016 0.0120694 0.390058 0.000567601 0.002627 -2.85613e-05
1.52 0.117248 0.0122105 0.380968 0.000575845 0.00263347 -2.91346e-05
1.53 0.117477 0.0123501 0.371981 0.000584131 0.00263962 -2.97203e-05
1.54 0.117705 0.0124883 0.363103 0.000593061 0.00264549 -3.03119e-05
1.55 0.117932 0.0126251 0.354339 0.000602791 0.00265107 -3.09115e-05
1.56 0.118158 0.0127606 0.345699 0.000613097 0.00265637 -3.15178e-05
1.57 0.118383 0.0128949 0.337189 0.00062346 0.00266142 -3.21315e-05
1.58 0.118608 0.013028 0.328818 0.000633439 0.00266618 -3.2756e-05
1.59 0.118834 0.0131601 0.320595 0.000642892 0.00267071 -3.33896e-05
1.6 0.119061 0.0132913 0.312528 0.000652006 0.00267495 -3.40374e-05
1.61 0.11929 0.0134217 0.304625 0.00066132 0.00267894 -3.46913e-05
1.62 0.119521 0.0135513 0.296893 0.000671271 0.00268267 -3.53572e-05
1.63 0.119755 0.0136803 0.289338 0.000682102 0.00268615 -3.60257e-05
1.64 0.119993 0.0138088 0.281967 0.000693425 0.00268939 -3.67059e-05
1.65 0.120236 0.0139368 0.274786 0.000704706 0.00269241 -3.73925e-05
1.66 0.120486 0.0140644 0.267803 0.000715384 0.00269523 -3.80927e-05
1.67 0.120741 0.0141917 0.261025 0.000725526 0.00269783 -3.88025e-05
1.68 0.121005 0.0143189 0.254458 0.000735529 0.00270026 -3.9524e-05
1.69 0.121277 0.014446 0.248111 0.00074603 0.00270249 -4.02545e-05
1.7 0.121558 0.0145731 0.24199 0.000757304 0.00270455 -4.09928e-05
1.71 0.12185 0.0147003 0.2361 0.000769274 0.00270642 -4.17407e-05
1.72 0.122153 0.0148277 0.230448 0.000781524 0.00270813 -4.24937e-05
1.73 0.122468 0.0149553 0.225037 0.00079356 0.00270968 -4.32601e-05
1.74 0.122795 0.0150832 0.219872 0.000805137 0.00271107 -4.40329e-05
1.75 0.123136 0.0152114 0.214954 0.000816231 0.00271234 -4.48217e-05
1.76 0.12349 0.0153401 0.210289 0.000827362 0.00271348 -4.56173e-05
1.77 0.123859 0.0154693 0.205878 0.000838972 0.00271451 -4.6425e-05
1.78 0.124243 0.015599 0.201723 0.000851522 0.00271544 -4.7237e-05
1.79 0.124642 0.0157293 0.197828 0.000864729 0.00271629 -4.80587e-05
1.8 0.125056 0.0158603 0.194193 0.000878124 0.00271704 -4.88877e-05
1.81 0.125487 0.015992 0.190819 0.000891052 0.00271773 -4.97269e-05
1.82 0.125933 0.0161244 0.187708 0.000903411 0.00271834 -5.05776e-05
1.83 0.126396 0.0162577 0.184857 0.00091551 0.00271889 -5.14358e-05
1.84 0.126875 0.0163917 0.182266 0.000927916 0.0027194 -5.23064e-05
1.85 0.127371 0.0165267 0.179933 0.000941042 0.00271986 -5.31811e-05
1.86 0.127883 0.0166626 0.177856 0.000954919 0.00272031 -5.40667e-05
1.87 0.128413 0.0167996 0.176033 0.000969286 0.00272074 -5.49551e-05
1.88 0.128959 0.0169375 0.174462 0.000983655 0.00272117 -5.58547e-05
1.89 0.129522 0.0170764 0.173141 0.000997659 0.00272161 -5.67597e-05
1.9 0.130103 0.0172165 0.172067 0.00101114 0.00272208 -5.76781e-05
1.91 0.130701 0.0173577 0.171238 0.00102445 0.00272258 -5.86028e-05
1.92 0.131317 0.0175001 0.170651 0.00103812 0.00272311 -5.95365e-05
1.93 0.131952 0.0176437 0.170304 0.00105267 0.00272369 -6.0475e-05
1.94 0.132605 0.0177885 0.170192 0.00106805 0.00272432 -6.1418e-05
1.95 0.133277 0.0179346 0.170313 0.00108381 0.00272503 -6.23692e-05
1.96 0.133969 0.0180819 0.170663 0.00109931 0.00272581 -6.33249e-05
1.97 0.134681 0.0182304 0.171239 0.00111426 0.00272669 -6.42913e-05
1.98 0.135414 0.0183803 0.172038 0.00112887 0.00272768 -6.52611e-05
1.99 0.136168 0.0185313 0.173057 0.00114359 0.00272878 -6.62411e-05
2 0.136944 0.0186837 0.174293 0.00115894 0.00273002 -6.72222e-05
2.01 0.137744 0.0188372 0.175744 0.00117505 0.00273139 -6.82119e-05
2.02 0.138567 0.0189919 0.177406 0.00119177 0.00273291 -6.92014e-05
2.03 0.139414 0.0191477 0.179276 0.00120865 0.00273459 -7.01978e-05
2.04 0.140287 0.0193046 0.18135 0.00122541 0.00273643 -7.11965e-05
2.05 0.141185 0.0194624 0.183626 0.0012418 0.00273845 -7.22008e-05
2.06 0.142109 0.0196212 0.186099 0.00125793 0.00274067 -7.32107e-05
2.07 0.143061 0.0197807 0.188765 0.00127417 0.00274309 -7.4223e-05
2.08 0.14404 0.0199409 0.191619 0.00129091 0.00274572 -7.52397e-05
2.09 0.145048 0.0201016 0.194658 0.00130846 0.00274858 -7.62544e-05
2.1 0.146084 0.0202628 0.197877 0.00132672 0.00275168 -7.72732e-05
2.11 0.147148 0.0204243 0.201271 0.00134531 0.00275503 -7.82893e-05
2.12 0.148242 0.0205859 0.204835 0.00136356 0.00275862 -7.93123e-05
2.13 0.149366 0.0207474 0.208562 0.00138129 0.00276249 -8.0333e-05
2.14 0.150519 0.0209087 0.212448 0.00139862 0.00276663 -8.13589e-05
2.15 0.151702 0.0210697 0.216484 0.00141627 0.00277105 -8.23817e-05
2.16 0.152914 0.0212301 0.220666 0.0014348 0.00277577 -8.34051e-05
2.17 0.154157 0.0213897 0.224984 0.0014544 0.00278079 -8.44257e-05
2.18 0.155429 0.0215484 0.229433 0.00147454 0.00278613 -8.5445e-05
2.19 0.15673 0.021706 0.234003 0.00149457 0.00279178 -8.64633e-05
2.2 0.158061 0.0218622 0.238687 0.00151398 0.00279777 -8.74787e-05
2.21 0.159421 0.0220168 0.243478 0.00153287 0.00280409 -8.8495e-05
2.22 0.16081 0.0221697 0.248365 0.00155189 0.00281076 -8.95055e-05
2.23 0.162228 0.0223206 0.253341 0.00157163 0.00281778 -9.05174e-05
2.24 0.163675 0.0224694 0.258398 0.00159237 0.00282516 -9.15202e-05
2.25 0.165151 0.0226157 0.263525 0.00161378 0.00283292 -9.25224e-05
2.26 0.166656 0.0227592 0.268716 0.00163537 0.00284104 -9.3515e-05
2.27 0.168189 0.0228999 0.27396 0.00165663 0.00284956 -9.4506e-05
2.28 0.169751 0.0230373 0.27925 0.0016776 0.00285846 -9.54899e-05
2.29 0.171342 0.0231713 0.284577 0.00169843 0.00286777 -9.64718e-05
2.3 0.172962 0.0233016 0.289933 0.00171957 0.00287747 -9.74479e-05
2.31 0.174611 0.0234278 0.29531 0.00174132 0.0028876 -9.8417e-05
2.32 0.17629 0.0235499 0.3007 0.0017638 0.00289814 -9.93794e-05
2.33 0.177999 0.0236674 0.306095 0.00178685 0.0029091 -0.00010033
2.34 0.179737 0.02378 0.31149 0.0018102 0.0029205 -0.000101276
2.35 0.181506 0.0238876 0.316876 0.00183348 0.00293232 -0.000102211
2.36 0.183306 0.0239897 0.322248 0.00185638 0.00294459 -0.000103144
2.37 0.185138 0.0240861 0.327599 0.00187908 0.0029573 -0.000104065
2.38 0.187001 0.0241764 0.332923 0.00190195 0.00297047 -0.000104982
2.39 0.188896 0.0242603 0.338214 0.00192556 0.00298409 -0.000105884
2.4 0.190823 0.0243376 0.343467 0.00195019 0.00299817 -0.000106777
2.41 0.192784 0.0244078 0.348677 0.0019756 0.00301271 -0.000107658
2.42 0.194777 0.0244706 0.353838 0.00200111 0.00302772 -0.00010853
2.43 0.196805 0.0245257 0.358946 0.00202616 0.00304322 -0.000109392
2.44 0.198865 0.0245726 0.363995 0.00205066 0.00305918 -0.000110243
2.45 0.20096 0.024611 0.368982 0.00207505 0.00307563 -0.000111085
2.46 0.203088 0.0246405 0.373901 0.00210019 0.00309255 -0.000111913
2.47 0.205251 0.0246608 0.378748 0.00212644 0.00310997 -0.000112731
2.48 0.207447 0.0246714 0.383517 0.00215366 0.00312787 -0.000113532
2.49 0.209678 0.0246719 0.388205 0.00218115 0.00314626 -0.000114324
2.5 0.211942 0.024662 0.392805 0.00220835 0.00316515 -0.000115099
2.51 0.21424 0.0246411 0.397314 0.002235 0.00318454 -0.000115866
2.52 0.216571 0.0246088 0.401727 0.00226157 0.00320442 -0.000116617
2.53 0.218935 0.0245649 0.406037 0.00228858 0.00322479 -0.00011736
2.54 0.221331 0.0245088 0.410241 0.00231644 0.00324566 -0.000118087
2.55 0.22376 0.0244401 0.414333 0.00234516 0.00326703 -0.000118799
2.56 0.226221 0.0243584 0.418307 0.0023744 0.00328889 -0.000119496
2.57 0.228714 0.0242633 0.422158 0.00240378 0.00331125 -0.000120176
2.58 0.231238 0.0241543 0.425881 0.00243305 0.0033341 -0.000120846
2.59 0.233793 0.0240311 0.429471 0.00246222 0.00335745 -0.0001215
2.6 0.236379 0.0238933 0.432922 0.00249135 0.00338129 -0.000122147
2.61 0.238995 0.0237404 0.43623 0.00252087 0.00340561 -0.000122775
2.62 0.241641 0.0235721 0.43939 0.00255096 0.00343043 -0.000123392
2.63 0.244317 0.0233881 0.442396 0.00258194 0.00345573 -0.000123988
2.64 0.247024 0.0231878 0.445245 0.00261364 0.00348151 -0.000124573
2.65 0.24976 0.022971 0.447933 0.00264572 0.00350777 -0.000125141
2.66 0.252526 0.0227374 0.450455 0.00267757 0.00353451 -0.000125697
2.67 0.255323 0.0224864 0.452809 0.00270904 0.00356171 -0.000126242
2.68 0.258149 0.0222179 0.454992 0.00274034 0.00358939 -0.000126773
2.69 0.261006 0.0219315 0.457 0.00277213 0.00361753 -0.000127292
2.7 0.263893 0.0216269 0.458833 0.00280504 0.00364613 -0.000127793
2.71 0.26681 0.0213037 0.460487 0.00283909 0.00367518 -0.000128283
2.72 0.269759 0.0209616 0.461962 0.00287375 0.00370468 -0.000128754
2.73 0.272739 0.0206004 0.463258 0.00290823 0.00373464 -0.000129216
2.74 0.27575 0.0202196 0.464373 0.00294217 0.00376503 -0.000129662
2.75 0.278793 0.0198191 0.465309 0.00297577 0.00379586 -0.000130103
2.76 0.281867 0.0193984 0.466064 0.00300982 0.00382712 -0.000130529
2.77 0.284974 0.0189574 0.466641 0.00304488 0.00385881 -0.000130946
2.78 0.288113 0.0184957 0.467041 0.00308109 0.00389092 -0.000131347
2.79 0.291284 0.018013 0.467264 0.00311798 0.00392346 -0.000131734
2.8 0.294488 0.017509 0.467313 0.00315497 0.0039564 -0.000132108
2.81 0.297723 0.0169834 0.467189 0.00319166 0.00398976 -0.000132472
2.82 0.300991 0.016436 0.466895 0.00322821 0.00402352 -0.000132831
2.83 0.304292 0.0158664 0.466432 0.00326499 0.00405767 -0.000133179
2.84 0.307624 0.0152743 0.465804 0.00330234 0.00409222 -0.000133523
2.85 0.310988 0.0146596 0.465012 0.00334052 0.00412715 -0.00013385
2.86 0.314383 0.0140218 0.464058 0.00337943 0.00416247 -0.00013417
2.87 0.31781 0.0133607 0.462946 0.00341892 0.00419816 -0.000134475
2.88 0.321267 0.0126762 0.461676 0.00345873 0.00423422 -0.000134775
2.89 0.324755 0.0119678 0.460252 0.00349862 0.00427064 -0.000135068
2.9 0.328272 0.0112355 0.458676 0.00353837 0.00430742 -0.000135358
2.91 0.331819 0.0104789 0.456949 0.00357815 0.00434455 -0.000135642
2.92 0.335395 0.00969783 0.455074 0.00361833 0.00438201 -0.000135921
2.93 0.338999 0.00889218 0.453053 0.00365936 0.00441982 -0.000136193
2.94 0.342631 0.00806173 0.450888 0.00370156 0.00445794 -0.000136456
2.95 0.346291 0.00720633 0.448579 0.00374456 0.00449639 -0.000136715
2.96 0.349979 0.00632584 0.44613 0.00378777 0.00453514 -0.000136967
2.97 0.353693 0.00542014 0.443543 0.00383056 0.00457421 -0.000137221
2.98 0.357434 0.00448916 0.440818 0.00387302 0.00461356 -0.000137473
2.99 0.361202 0.00353284 0.437959 0.0039156 0.0046532 -0.00013773
3 0.364996 0.00255114 0.434967 0.00395923 0.00469312 -0.000137983
3.01 0.368816 0.00154404 0.431846 0.00400417 0.00473331 -0.000138236
3.02 0.372663 0.000511533 0.428596 0.00405015 0.00477376 -0.000138481
3.03 0.376536 -0.000546376 0.425222 0.00409641 0.00481445 -0.000138725
3.04 0.380435 -0.00162964 0.421726 0.00414234 0.0048554 -0.000138972
3.05 0.38436 -0.00273819 0.418112 0.00418789 0.00489657 -0.000139227
3.06 0.388312 -0.00387193 0.414382 0.00423362 0.00493797 -0.000139492
3.07 0.39229 -0.00503077 0.410542 0.00428019 0.00497959 -0.000139761
3.08 0.396295 -0.00621462 0.406595 0.00432783 0.00502141 -0.000140034
3.09 0.400328 -0.00742335 0.402546 0.00437645 0.00506343 -0.000140302
3.1 0.404387 -0.00865686 0.398399 0.00442553 0.00510564 -0.000140577
3.11 0.408474 -0.00991499 0.39416 0.00447476 0.00514803 -0.000140856
3.12 0.412588 -0.0111976 0.389834 0.004524 0.0051906 -0.000141151
3.13 0.416729 -0.0125045 0.385427 0.00457341 0.00523333 -0.000141456
3.14 0.420899 -0.0138356 0.380945 0.0046231 0.00527622 -0.000141776
3.15 0.425096 -0.0151907 0.376394 0.00467342 0.00531925 -0.000142101
3.16 0.42932 -0.0165697 0.371779 0.0047245 0.00536243 -0.000142435
3.17 0.433572 -0.0179723 0.367108 0.00477647 0.00540573 -0.000142779
3.18 0.437852 -0.0193985 0.362386 0.00482926 0.00544917 -0.000143132
3.19 0.442159 -0.0208481 0.35762 0.00488249 0.00549272 -0.000143501
3.2 0.446492 -0.0223209 0.352816 0.0049357 0.00553637 -0.000143882
3.21 0.450853 -0.0238167 0.347981 0.00498871 0.00558014 -0.000144284
3.22 0.45524 -0.0253354 0.34312 0.00504183 0.00562399 -0.000144701
3.23 0.459652 -0.0268767 0.338239 0.00509565 0.00566793 -0.000145139
3.24 0.464091 -0.0284406 0.333344 0.00515081 0.00571194 -0.000145588
3.25 0.468555 -0.0300268 0.328441 0.00520722 0.00575603 -0.000146052
3.26 0.473043 -0.0316351 0.323535 0.00526429 0.00580018 -0.000146526
3.27 0.477556 -0.0332653 0.31863 0.00532125 0.00584438 -0.00014702
3.28 0.482092 -0.0349172 0.313732 0.00537777 0.00588863 -0.000147538
3.29 0.486652 -0.0365906 0.308845 0.00543422 0.00593291 -0.000148084
3.3 0.491236 -0.0382852 0.303974 0.00549141 0.00597723 -0.000148656
3.31 0.495841 -0.0400007 0.299121 0.00554998 0.00602156 -0.000149245
3.32 0.50047 -0.0417369 0.294291 0.0056098 0.00606591 -0.000149849
3.33 0.50512 -0.0434934 0.289488 0.00567038 0.00611025 -0.000150466
3.34 0.509793 -0.04527 0.284714 0.00573099 0.0061546 -0.000151108
3.35 0.514487 -0.0470663 0.279973 0.00579142 0.00619893 -0.000151776
3.36 0.519203 -0.0488818 0.275267 0.00585193 0.00624323 -0.000152482
3.37 0.523941 -0.0507162 0.270601 0.00591304 0.00628751 -0.000153213
3.38 0.5287 -0.0525692 0.265976 0.00597505 0.00633175 -0.00015397
3.39 0.533482 -0.0544403 0.261395 0.00603806 0.00637594 -0.000154743
3.4 0.538284 -0.056329 0.256862 0.00610189 0.00642008 -0.000155539
3.41 0.543109 -0.0582349 0.25238 0.00616627 0.00646415 -0.000156361
3.42 0.547957 -0.0601576 0.24795 0.00623109 0.00650815 -0.000157213
3.43 0.552826 -0.0620965 0.243577 0.00629615 0.00655208 -0.000158099
3.44 0.557718 -0.0640511 0.239264 0.0063614 0.00659592 -0.000159014
3.45 0.562632 -0.066021 0.235013 0.00642693 0.00663966 -0.000159961
3.46 0.56757 -0.0680057 0.230828 0.00649313 0.00668331 -0.000160934
3.47 0.572531 -0.0700046 0.226714 0.00656029 0.00672684 -0.000161938
3.48 0.577514 -0.0720173 0.222672 0.00662877 0.00677027 -0.000162965
3.49 0.582521 -0.0740433 0.218708 0.00669813 0.00681358 -0.000164023
3.5 0.587552 -0.0760822 0.214825 0.0067678 0.00685676 -0.000165106
3.51 0.592606 -0.0781334 0.211027 0.00683724 0.00689981 -0.000166226
3.52 0.597683 -0.0801964 0.207317 0.00690655 0.00694274 -0.000167381
3.53 0.602783 -0.0822709 0.2037 0.0069763 0.00698551 -0.000168575
3.54 0.607907 -0.0843564 0.200179 0.00704735 0.00702815 -0.000169801
3.55 0.613054 -0.0864525 0.196758 0.00711997 0.00707064 -0.00017105
3.56 0.618223 -0.0885588 0.193441 0.00719366 0.00711298 -0.000172322
3.57 0.623414 -0.0906749 0.190231 0.0072677 0.00715516 -0.000173617
3.58 0.628628 -0.0928005 0.18713 0.00734145 0.00719718 -0.000174952
3.59 0.633864 -0.0949351 0.184143 0.00741504 0.00723905 -0.000176327
3.6 0.63912 -0.0970784 0.181271 0.00748914 0.00728075 -0.000177745
3.61 0.644398 -0.0992301 0.178516 0.00756444 0.00732228 -0.000179191
3.62 0.649696 -0.10139 0.175882 0.00764106 0.00736364 -0.000180662
3.63 0.655015 -0.103558 0.173369 0.00771876 0.00740482 -0.000182149
3.64 0.660353 -0.105733 0.170978 0.00779695 0.00744584 -0.000183666
3.65 0.66571 -0.107915 0.168711 0.00787529 0.00748667 -0.000185217
3.66 0.671087 -0.110104 0.166568 0.00795387 0.00752732 -0.000186808
3.67 0.676482 -0.112299 0.164549 0.00803289 0.00756779 -0.000188436
3.68 0.681896 -0.114501 0.162653 0.00811257 0.00760807 -0.000190091
3.69 0.687327 -0.116708 0.160881 0.00819312 0.00764817 -0.000191773
3.7 0.692777 -0.118921 0.159231 0.00827462 0.00768808 -0.000193475
3.71 0.698245 -0.121139 0.157703 0.00835705 0.00772779 -0.000195207
3.72 0.70373 -0.123362 0.156294 0.00844041 0.00776732 -0.000196965
3.73 0.709233 -0.125589 0.155003 0.00852433 0.00780665 -0.000198756
3.74 0.714754 -0.12782 0.153829 0.00860845 0.00784578 -0.000200571
3.75 0.720293 -0.130055 0.15277 0.00869266 0.00788471 -0.00020242
3.76 0.72585 -0.132293 0.151823 0.00877724 0.00792345 -0.000204296
3.77 0.731424 -0.134534 0.150986 0.00886279 0.00796199 -0.000206203
3.78 0.737017 -0.136777 0.150259 0.00894984 0.00800032 -0.000208132
3.79 0.742628 -0.139022 0.149638 0.00903832 0.00803846 -0.000210077
3.8 0.748257 -0.141269 0.149121 0.00912749 0.0080764 -0.000212039
3.81 0.753905 -0.143517 0.148708 0.00921671 0.00811413 -0.000214024
3.82 0.759572 -0.145766 0.148395 0.00930562 0.00815167 -0.000216043
3.83 0.765257 -0.148015 0.148182 0.0093948 0.008189 -0.000218095
3.84 0.770961 -0.150263 0.148067 0.00948504 0.00822614 -0.000220178
3.85 0.776684 -0.152512 0.148048 0.00957696 0.00826308 -0.000222271
3.86 0.782426 -0.154759 0.148124 0.00967029 0.00829983 -0.000224374
3.87 0.788187 -0.157006 0.148295 0.00976443 0.00833638 -0.000226482
3.88 0.793966 -0.159251 0.148557 0.00985865 0.00837275 -0.000228613
3.89 0.799763 -0.161494 0.148912 0.0099528 0.00840893 -0.000230773
3.9 0.805579 -0.163735 0.149357 0.0100474 0.00844492 -0.000232966
3.91 0.811413 -0.165974 0.149891 0.0101428 0.00848073 -0.000235177
3.92 0.817264 -0.168211 0.150513 0.0102396 0.00851636 -0.000237395
3.93 0.823133 -0.170444 0.151223 0.0103375 0.00855183 -0.000239616
3.94 0.829018 -0.172676 0.152018 0.0104364 0.00858712 -0.000241841
3.95 0.83492 -0.174904 0.152897 0.0105358 0.00862224 -0.000244085
3.96 0.840838 -0.17713 0.153859 0.0106358 0.00865721 -0.000246344
3.97 0.846771 -0.179352 0.154901 0.0107363 0.00869201 -0.000248623
3.98 0.852719 -0.181572 0.156022 0.0108372 0.00872666 -0.000250909
3.99 0.858682 -0.183788 0.157219 0.0109388 0.00876116 -0.000253203
4 0.864659 -0.186002 0.15849 0.0110413 0.00879551 -0.0002555
4.01 0.87065 -0.188213 0.159832 0.0111449 0.00882972 -0.000257803
4.02 0.876654 -0.190421 0.161242 0.01125 0.00886379 -0.000260108
4.03 0.882671 -0.192626 0.162716 0.011356 0.00889773 -0.000262413
4.04 0.888701 -0.194828 0.16425 0.0114625 0.00893154 -0.000264717
4.05 0.894743 -0.197027 0.165841 0.011569 0.00896522 -0.000267025
4.06 0.900798 -0.199224 0.167485 0.0116757 0.00899877 -0.000269345
4.07 0.906864 -0.201418 0.169176 0.0117831 0.0090322 -0.00027167
4.08 0.912943 -0.203609 0.170912 0.0118921 0.00906551 -0.000273995
4.09 0.919033 -0.205797 0.172686 0.0120028 0.00909871 -0.000276304
4.1 0.925135 -0.207983 0.174494 0.0121147 0.0091318 -0.000278598
4.11 0.931249 -0.210167 0.176331 0.0122271 0.00916478 -0.000280877
4.12 0.937375 -0.212347 0.178193 0.0123393 0.00919766 -0.000283162
4.13 0.943513 -0.214525 0.180074 0.0124515 0.00923043 -0.000285456
4.14 0.949663 -0.2167 0.18197 0.0125647 0.0092631 -0.000287754
4.15 0.955826 -0.218872 0.183876 0.0126794 0.00929567 -0.000290039
4.16 0.962 -0.221042 0.185788 0.0127956 0.00932814 -0.000292297
4.17 0.968187 -0.223208 0.187701 0.0129131 0.00936052 -0.00029453
4.18 0.974387 -0.225371 0.189611 0.0130311 0.00939281 -0.000296747
4.19 0.980599 -0.227532 0.191514 0.0131493 0.00942502 -0.000298964
4.2 0.986823 -0.229689 0.193407 0.013268 0.00945714 -0.000301179
4.21 0.99306 -0.231842 0.195285 0.0133875 0.00948917 -0.000303389
4.22 0.99931 -0.233993 0.197147 0.013508 0.00952113 -0.000305575
4.23 1.00557 -0.23614 0.198988 0.0136297 0.00955301 -0.000307736
4.24 1.01185 -0.238284 0.200807 0.0137524 0.00958481 -0.00030987
4.25 1.01813 -0.240425 0.2026 0.0138762 0.00961654 -0.000311987
4.26 1.02443 -0.242563 0.204366 0.014001 0.00964821 -0.000314087
4.27 1.03074 -0.244697 0.206101 0.0141266 0.0096798 -0.00031617
4.28 1.03706 -0.246829 0.207806 0.0142526 0.00971133 -0.000318231
4.29 1.04339 -0.248958 0.209477 0.014379 0.0097428 -0.000320271
4.3 1.04973 -0.251085 0.211112 0.0145061 0.00977422 -0.000322292
4.31 1.05608 -0.253209 0.21271 0.0146345 0.00980557 -0.000324289
4.32 1.06245 -0.255331 0.21427 0.0147644 0.00983688 -0.00032626
4.33 1.06882 -0.257451 0.215789 0.014896 0.00986813 -0.000328192
4.34 1.0752 -0.25957 0.217266 0.0150284 0.00989934 -0.000330091
4.35 1.08159 -0.261688 0.218699 0.0151609 0.0099305 -0.000331959
4.36 1.08798 -0.263805 0.220086 0.0152935 0.00996161 -0.000333814
4.37 1.09439 -0.265922 0.221425 0.0154266 0.00999268 -0.000335652
4.38 1.1008 -0.268038 0.222713 0.0155611 0.0100237 -0.000337467
4.39 1.10722 -0.270155 0.223949 0.0156975 0.0100547 -0.00033924
4.4 1.11365 -0.272273 0.22513 0.0158356 0.0100856 -0.000340961
4.41 1.12009 -0.274392 0.226252 0.0159745 0.0101166 -0.000342638
4.42 1.12653 -0.276513 0.227314 0.0161136 0.0101474 -0.000344286
4.43 1.13298 -0.278636 0.228313 0.0162528 0.0101783 -0.00034592
4.44 1.13944 -0.28076 0.229245 0.0163928 0.0102091 -0.000347536
4.45 1.1459 -0.282888 0.230107 0.016534 0.0102398 -0.000349121
4.46 1.15237 -0.285018 0.230897 0.0166768 0.0102705 -0.000350655
4.47 1.15885 -0.287151 0.231612 0.016821 0.0103012 -0.000352138
4.48 1.16534 -0.289287 0.232248 0.0169662 0.0103318 -0.000353577
4.49 1.17183 -0.291427 0.232802 0.0171121 0.0103624 -0.000354989
4.5 1.17833 -0.29357 0.233272 0.0172587 0.010393 -0.000356376
4.51 1.18484 -0.295717 0.233654 0.0174061 0.0104235 -0.000357735
4.52 1.19136 -0.297867 0.233947 0.0175543 0.0104539 -0.000359055
4.53 1.19789 -0.300022 0.234149 0.0177034 0.0104843 -0.000360333
4.54 1.20443 -0.30218 0.234256 0.0178537 0.0105147 -0.000361571
4.55 1.21097 -0.304342 0.234268 0.0180053 0.010545 -0.000362771
4.56 1.21753 -0.306508 0.234182 0.0181584 0.0105753 -0.000363935
4.57 1.22409 -0.308678 0.233999 0.0183127 0.0106055 -0.000365057
4.58 1.23066 -0.310852 0.233717 0.0184676 0.0106356 -0.000366142
4.59 1.23725 -0.31303 0.233335 0.0186228 0.0106657 -0.00036719
4.6 1.24384 -0.315212 0.232853 0.0187785 0.0106958 -0.000368215
4.61 1.25044 -0.317398 0.232272 0.0189352 0.0107258 -0.000369211
4.62 1.25705 -0.319587 0.231592 0.0190938 0.0107557 -0.000370172
4.63 1.26366 -0.321782 0.230814 0.0192543 0.0107856 -0.000371082
4.64 1.27029 -0.32398 0.229938 0.0194161 0.0108154 -0.000371939
4.65 1.27693 -0.326183 0.228966 0.0195784 0.0108451 -0.000372755
4.66 1.28357 -0.32839 0.227898 0.0197408 0.0108748 -0.000373548
4.67 1.29022 -0.330602 0.226737 0.0199035 0.0109045 -0.000374329
4.68 1.29688 -0.33282 0.225484 0.0200675 0.010934 -0.000375086
4.69 1.30354 -0.335042 0.224141 0.0202333 0.0109635 -0.000375804
4.7 1.31022 -0.33727 0.222709 0.020401 0.010993 -0.000376465
4.71 1.3169 -0.339504 0.221189 0.02057 0.0110224 -0.000377074
4.72 1.32358 -0.341745 0.219584 0.0207396 0.0110517 -0.000377648
4.73 1.33028 -0.343992 0.217894 0.0209096 0.011081 -0.000378208
4.74 1.33698 -0.346246 0.216122 0.0210803 0.0111102 -0.000378753
4.75 1.34368 -0.348508 0.214268 0.0212521 0.0111393 -0.000379274
4.76 1.3504 -0.350777 0.212334 0.0214253 0.0111683 -0.000379754
4.77 1.35712 -0.353054 0.210321 0.0215999 0.0111973 -0.000380187
4.78 1.36385 -0.35534 0.208229 0.0217758 0.0112263 -0.000380583
4.79 1.37058 -0.357634 0.206059 0.0219529 0.0112551 -0.00038095
4.8 1.37732 -0.359937 0.203813 0.0221311 0.0112839 -0.000381299
4.81 1.38407 -0.36225 0.20149 0.0223102 0.0113126 -0.000381622
4.82 1.39082 -0.364572 0.199091 0.0224901 0.0113413 -0.000381919
4.83 1.39759 -0.366904 0.196616 0.0226707 0.0113699 -0.000382187
4.84 1.40436 -0.369245 0.194066 0.0228523 0.0113984 -0.000382434
4.85 1.41114 -0.371596 0.191441 0.0230354 0.0114268 -0.000382657
4.86 1.41792 -0.373956 0.188741 0.0232203 0.0114552 -0.000382856
4.87 1.42472 -0.376327 0.185967 0.0234069 0.0114834 -0.000383019
4.88 1.43153 -0.378707 0.183119 0.0235945 0.0115116 -0.000383151
4.89 1.43834 -0.381096 0.180198 0.0237824 0.0115397 -0.000383263
4.9 1.44516 -0.383495 0.177205 0.0239707 0.0115678 -0.000383371
4.91 1.452 -0.385903 0.17414 0.0241598 0.0115957 -0.000383478
4.92 1.45884 -0.388319 0.171006 0.0243507 0.0116236 -0.000383572
4.93 1.46569 -0.390745 0.167803 0.0245437 0.0116513 -0.000383636
4.94 1.47256 -0.393178 0.164533 0.0247385 0.011679 -0.000383659
4.95 1.47943 -0.39562 0.161199 0.0249342 0.0117067 -0.000383656
4.96 1.48631 -0.398069 0.157801 0.0251303 0.0117342 -0.000383647
4.97 1.49321 -0.400525 0.154344 0.0253267 0.0117616 -0.000383652
4.98 1.50011 -0.402989 0.150829 0.0255242 0.011789 -0.000383665
4.99 1.50702 -0.40546 0.147259 0.0257233 0.0118163 -0.000383669
5 1.51394 -0.407937 0.143638 0.0259243 0.0118435 -0.000383644
5.01 1.52088 -0.410421 0.139968 0.0261269 0.0118706 -0.000383589
5.02 1.52782 -0.412911 0.136254 0.0263306 0.0118976 -0.000383522
5.03 1.53477 -0.415408 0.132499 0.0265351 0.0119246 -0.000383461
5.04 1.54172 -0.417911 0.128705 0.0267405 0.0119515 -0.000383414
5.05 1.54869 -0.42042 0.124878 0.0269469 0.0119783 -0.000383374
5.06 1.55567 -0.422935 0.121021 0.0271545 0.012005 -0.000383328
5.07 1.56265 -0.425456 0.117137 0.0273634 0.0120317 -0.000383269
5.08 1.56964 -0.427984 0.113229 0.0275737 0.0120583 -0.000383206
5.09 1.57664 -0.430518 0.109302 0.0277855 0.0120848 -0.000383142
5.1 1.58365 -0.433059 0.105358 0.0279989 0.0121113 -0.000383085
5.11 1.59067 -0.435606 0.101401 0.0282136 0.0121377 -0.000383028
5.12 1.59769 -0.43816 0.0974328 0.0284291 0.0121641 -0.000382974
5.13 1.60472 -0.440721 0.0934569 0.0286452 0.0121904 -0.000382927
5.14 1.61177 -0.443289 0.0894755 0.0288621 0.0122166 -0.000382897
5.15 1.61881 -0.445865 0.0854908 0.0290804 0.0122428 -0.000382883
5.16 1.62587 -0.448447 0.0815048 0.0293008 0.0122689 -0.000382877
5.17 1.63294 -0.451037 0.0775192 0.0295233 0.012295 -0.000382864
5.18 1.64001 -0.453635 0.0735356 0.0297471 0.012321 -0.000382842
5.19 1.6471 -0.45624 0.0695554 0.0299717 0.012347 -0.000382828
5.2 1.65419 -0.458851 0.0655797 0.0301965 0.012373 -0.000382841
5.21 1.66129 -0.46147 0.0616095 0.030422 0.0123989 -0.000382894
5.22 1.66841 -0.464096 0.0576458 0.0306491 0.0124247 -0.000382974
5.23 1.67553 -0.466728 0.0536894 0.0308784 0.0124505 -0.00038306
5.24 1.68266 -0.469366 0.0497411 0.0311096 0.0124763 -0.000383134
5.25 1.68981 -0.472011 0.0458018 0.0313423 0.012502 -0.000383206
5.26 1.69696 -0.47466 0.0418723 0.0315758 0.0125277 -0.000383298
5.27 1.70412 -0.477314 0.0379534 0.0318098 0.0125534 -0.000383433
5.28 1.7113 -0.479973 0.034046 0.0320448 0.012579 -0.000383612
5.29 1.71848 -0.482635 0.0301512 0.0322813 0.0126046 -0.000383817
5.3 1.72568 -0.485301 0.0262702 0.0325194 0.0126302 -0.000384032
5.31 1.73288 -0.487969 0.0224043 0.0327593 0.0126558 -0.000384249
5.32 1.7401 -0.490639 0.0185549 0.0330006 0.0126813 -0.000384482
5.33 1.74732 -0.493311 0.0147238 0.0332432 0.0127068 -0.000384746
5.34 1.75456 -0.495983 0.0109126 0.033487 0.0127323 -0.00038505
5.35 1.7618 -0.498655 0.00712334 0.033732 0.0127578 -0.000385386
5.36 1.76906 -0.501326 0.00335806 0.033978 0.0127832 -0.00038575
5.37 1.77632 -0.503997 -0.000381045 0.034225 0.0128087 -0.000386139
5.38 1.78359 -0.506667 -0.00409168 0.0344734 0.0128341 -0.000386557
5.39 1.79087 -0.509334 -0.00777151 0.0347236 0.0128596 -0.000387008
5.4 1.79816 -0.512 -0.0114181 0.0349757 0.012885 -0.000387487
5.41 1.80546 -0.514663 -0.0150292 0.0352296 0.0129105 -0.000387987
5.42 1.81276 -0.517324 -0.0186023 0.0354846 0.012936 -0.00038851
5.43 1.82007 -0.519981 -0.0221351 0.0357402 0.0129614 -0.000389068
5.44 1.82739 -0.522636 -0.0256255 0.0359964 0.0129869 -0.000389673
5.45 1.83472 -0.525288 -0.0290715 0.0362538 0.0130124 -0.00039033
5.46 1.84205 -0.527937 -0.0324711 0.0365133 0.013038 -0.000391021
5.47 1.84938 -0.530584 -0.0358226 0.0367752 0.0130635 -0.000391729
5.48 1.85673 -0.533227 -0.0391247 0.0370388 0.0130891 -0.000392444
5.49 1.86408 -0.535868 -0.042376 0.0373036 0.0131148 -0.000393182
5.5 1.87144 -0.538505 -0.0455758 0.0375689 0.0131404 -0.000393965
5.51 1.8788 -0.541141 -0.0487233 0.0378349 0.0131661 -0.000394809
5.52 1.88617 -0.543773 -0.051818 0.0381021 0.0131919 -0.000395707
5.53 1.89354 -0.546403 -0.05486 0.0383714 0.0132177 -0.000396634
5.54 1.90092 -0.549031 -0.0578492 0.0386428 0.0132435 -0.000397572
5.55 1.90831 -0.551656 -0.0607862 0.038916 0.0132694 -0.000398519
5.56 1.9157 -0.554278 -0.0636713 0.0391903 0.0132954 -0.000399496
5.57 1.9231 -0.556898 -0.0665056 0.0394657 0.0133214 -0.000400522
5.58 1.9305 -0.559514 -0.0692899 0.0397421 0.0133474 -0.000401603
5.59 1.93792 -0.562127 -0.0720255 0.0400198 0.0133736 -0.000402726
5.6 1.94533 -0.564736 -0.0747136 0.0402989 0.0133997 -0.000403876
5.61 1.95275 -0.567341 -0.0773556 0.0405797 0.013426 -0.000405046
5.62 1.96018 -0.569942 -0.079953 0.0408622 0.0134523 -0.000406241
5.63 1.96761 -0.572537 -0.0825071 0.0411464 0.0134786 -0.000407471
5.64 1.97505 -0.575127 -0.0850195 0.0414323 0.013505 -0.000408737
5.65 1.98249 -0.57771 -0.0874914 0.0417195 0.0135315 -0.000410038
5.66 1.98994 -0.580286 -0.0899241 0.0420078 0.0135581 -0.000411369
5.67 1.99739 -0.582854 -0.0923189 0.0422969 0.0135847 -0.000412737
5.68 2.00485 -0.585413 -0.0946768 0.0425873 0.0136114 -0.000414144
5.69 2.0123 -0.587963 -0.0969988 0.0428794 0.0136382 -0.000415592
5.7 2.01976 -0.590503 -0.0992856 0.0431737 0.013665 -0.000417068
5.71 2.02723 -0.593032 -0.101538 0.0434702 0.0136919 -0.00041856
5.72 2.03469 -0.59555 -0.103756 0.0437682 0.0137188 -0.000420065
5.73 2.04215 -0.598056 -0.105941 0.044067 0.0137459 -0.000421599
5.74 2.04962 -0.600549 -0.108092 0.0443665 0.013773 -0.000423181
5.75 2.05709 -0.603029 -0.11021 0.0446669 0.0138002 -0.000424819
5.76 2.06455 -0.605496 -0.112294 0.0449692 0.0138274 -0.000426497
5.77 2.07202 -0.607948 -0.114345 0.0452739 0.0138548 -0.000428189
5.78 2.07948 -0.610387 -0.116362 0.0455808 0.0138822 -0.000429879
5.79 2.08694 -0.612812 -0.118346 0.0458893 0.0139096 -0.000431576
5.8 2.0944 -0.615222 -0.120296 0.0461987 0.0139372 -0.000433304
5.81 2.10186 -0.617618 -0.122212 0.0465088 0.0139648 -0.000435083
5.82 2.10931 -0.619999 -0.124095 0.0468201 0.0139925 -0.000436911
5.83 2.11676 -0.622366 -0.125945 0.0471332 0.0140203 -0.000438766
5.84 2.1242 -0.624719 -0.127761 0.0474483 0.0140482 -0.000440625
5.85 2.13164 -0.627059 -0.129545 0.0477654 0.0140761 -0.000442482
5.86 2.13908 -0.629385 -0.131298 0.0480841 0.0141041 -0.000444349
5.87 2.14651 -0.631698 -0.13302 0.0484042 0.0141321 -0.000446243
5.88 2.15394 -0.633998 -0.134713 0.0487256 0.0141603 -0.00044817
5.89 2.16136 -0.636285 -0.136377 0.0490484 0.0141885 -0.000450123
5.9 2.16878 -0.63856 -0.138016 0.0493724 0.0142167 -0.00045209
5.91 2.17619 -0.640822 -0.13963 0.0496979 0.014245 -0.000454066
5.92 2.1836 -0.643073 -0.141222 0.0500251 0.0142734 -0.000456053
5.93 2.191 -0.645312 -0.142794 0.0503542 0.0143018 -0.000458053
5.94 2.19839 -0.647538 -0.144348 0.0506854 0.0143303 -0.000460061
5.95 2.20578 -0.649753 -0.145888 0.0510184 0.0143588 -0.000462073
5.96 2.21316 -0.651956 -0.147415 0.0513526 0.0143874 -0.000464087
5.97 2.22053 -0.654146 -0.148933 0.0516877 0.014416 -0.000466114
5.98 2.22789 -0.656324 -0.150445 0.0520238 0.0144446 -0.000468163
5.99 2.23525 -0.658489 -0.151953 0.0523614 0.0144733 -0.000470235
6 2.2426 -0.66064 -0.15346 0.0527014 0.014502 -0.000472313
6.01 2.24994 -0.662778 -0.154969 0.0530438 0.0145307 -0.000474376
6.02 2.25727 -0.664901 -0.156483 0.0533881 0.0145594 -0.000476418
6.03 2.26459 -0.667009 -0.158004 0.0537337 0.0145881 -0.000478452
6.04 2.2719 -0.669101 -0.159535 0.05408 0.0146169 -0.000480504
6.05 2.27919 -0.671177 -0.161077 0.0544272 0.0146456 -0.000482587
6.06 2.28648 -0.673235 -0.162632 0.0547761 0.0146743 -0.00048469
6.07 2.29375 -0.675276 -0.164203 0.0551272 0.014703 -0.000486785
6.08 2.30101 -0.677298 -0.165791 0.0554806 0.0147317 -0.000488851
6.09 2.30826 -0.679302 -0.167397 0.055836 0.0147604 -0.000490889
6.1 2.31549 -0.681285 -0.169022 0.0561928 0.014789 -0.000492921
6.11 2.32271 -0.683249 -0.170668 0.0565506 0.0148176 -0.000494968
6.12 2.32991 -0.685192 -0.172334 0.0569097 0.0148462 -0.000497035
6.13 2.33709 -0.687114 -0.174022 0.0572703 0.0148747 -0.000499105
6.14 2.34426 -0.689016 -0.175731 0.0576327 0.0149032 -0.000501159
6.15 2.35141 -0.690896 -0.177463 0.057997 0.0149316 -0.000503187
6.16 2.35855 -0.692755 -0.179217 0.0583633 0.01496 -0.000505197
6.17 2.36566 -0.694593 -0.180994 0.0587314 0.0149882 -0.000507197
6.18 2.37276 -0.696411 -0.182793 0.0591012 0.0150165 -0.000509192
6.19 2.37984 -0.698207 -0.184615 0.0594725 0.0150446 -0.000511179
6.2 2.38689 -0.699984 -0.18646 0.0598451 0.0150726 -0.000513152
6.21 2.39393 -0.701741 -0.188329 0.0602189 0.0151006 -0.000515114
6.22 2.40095 -0.703478 -0.190221 0.0605942 0.0151284 -0.000517065
6.23 2.40795 -0.705197 -0.192138 0.0609715 0.0151562 -0.000519004
6.24 2.41492 -0.706898 -0.194079 0.0613512 0.0151838 -0.000520919
6.25 2.42188 -0.708581 -0.196047 0.0617331 0.0152113 -0.000522801
6.26 2.42882 -0.710247 -0.198041 0.0621166 0.0152387 -0.000524648
6.27 2.43573 -0.711897 -0.200063 0.0625012 0.015266 -0.000526475
6.28 2.44262 -0.713531 -0.202114 0.0628866 0.0152931 -0.0005283
6.29 2.4495 -0.715148 -0.204196 0.0632733 0.01532 -0.000530126
6.3 2.45634 -0.716751 -0.206311 0.0636622 0.0153468 -0.000531937
6.31 2.46317 -0.718339 -0.208459 0.0640537 0.0153735 -0.000533706
6.32 2.46998 -0.719912 -0.210643 0.0644475 0.0153999 -0.000535421
6.33 2.47676 -0.72147 -0.212865 0.064843 0.0154262 -0.00053709
6.34 2.48352 -0.723014 -0.215127 0.0652395 0.0154523 -0.000538742
6.35 2.49025 -0.724542 -0.21743 0.065637 0.0154782 -0.000540397
6.36 2.49697 -0.726056 -0.219776 0.066036 0.0155039 -0.000542049
6.37 2.50365 -0.727554 -0.222168 0.0664369 0.0155293 -0.000543676
6.38 2.51032 -0.729036 -0.224607 0.0668401 0.0155546 -0.000545254
6.39 2.51696 -0.730501 -0.227094 0.0672455 0.0155796 -0.000546778
6.4 2.52357 -0.73195 -0.229631 0.0676527 0.0156044 -0.000548264
6.41 2.53015 -0.733381 -0.23222 0.0680614 0.0156289 -0.000549731
6.42 2.53671 -0.734794 -0.234861 0.0684716 0.0156532 -0.000551188
6.43 2.54325 -0.736189 -0.237555 0.0688832 0.0156772 -0.000552628
6.44 2.54975 -0.737563 -0.240302 0.0692964 0.0157009 -0.000554038
6.45 2.55623 -0.738917 -0.243104 0.0697113 0.0157244 -0.000555411
6.46 2.56268 -0.740251 -0.24596 0.0701282 0.0157475 -0.000556749
6.47 2.5691 -0.741564 -0.248869 0.0705473 0.0157704 -0.000558056
6.48 2.57549 -0.742854 -0.251832 0.0709685 0.015793 -0.000559333
6.49 2.58185 -0.744123 -0.254848 0.0713915 0.0158153 -0.000560575
6.5 2.58818 -0.74537 -0.257916 0.0718159 0.0158373 -0.000561786
6.51 2.59448 -0.746594 -0.261035 0.0722415 0.015859 -0.000562974
6.52 2.60075 -0.747796 -0.264204 0.0726683 0.0158803 -0.000564147
6.53 2.60699 -0.748975 -0.267422 0.073097 0.0159013 -0.000565303
6.54 2.61319 -0.750132 -0.270687 0.0735282 0.015922 -0.000566427
6.55 2.61937 -0.751268 -0.273998 0.073962 0.0159424 -0.0005675
6.56 2.62551 -0.752382 -0.277353 0.0743977 0.0159624 -0.00056852
6.57 2.63163 -0.753476 -0.280751 0.0748348 0.0159821 -0.000569505
6.58 2.63771 -0.75455 -0.284191 0.0752729 0.0160014 -0.000570478
6.59 2.64376 -0.755604 -0.28767 0.0757121 0.0160204 -0.000571451
6.6 2.64978 -0.75664 -0.291189 0.0761532 0.016039 -0.000572411
6.61 2.65576 -0.757657 -0.294746 0.0765968 0.0160573 -0.00057333
6.62 2.66172 -0.758658 -0.29834 0.077043 0.0160752 -0.00057419
6.63 2.66764 -0.759643 -0.30197 0.0774911 0.0160927 -0.000574994
6.64 2.67353 -0.760612 -0.305636 0.0779409 0.0161099 -0.000575768
6.65 2.67939 -0.761566 -0.309337 0.0783917 0.0161266 -0.000576533
6.66 2.68522 -0.762506 -0.313073 0.078844 0.016143 -0.000577295
6.67 2.69102 -0.763433 -0.316843 0.0792981 0.016159 -0.000578038
6.68 2.69678 -0.764346 -0.320648 0.0797542 0.0161746 -0.00057874
6.69 2.70252 -0.765246 -0.324488 0.0802125 0.0161899 -0.000579394
6.7 2.70822 -0.766134 -0.328362 0.0806729 0.0162047 -0.000580007
6.71 2.71389 -0.767009 -0.332272 0.0811353 0.0162191 -0.000580593
6.72 2.71952 -0.767871 -0.336217 0.0815994 0.0162331 -0.000581161
6.73 2.72513 -0.76872 -0.340197 0.0820651 0.0162468 -0.000581709
6.74 2.7307 -0.769556 -0.344214 0.0825323 0.01626 -0.000582235
6.75 2.73623 -0.770378 -0.348266 0.083001 0.0162728 -0.000582738
6.76 2.74174 -0.771187 -0.352354 0.0834715 0.0162852 -0.000583219
6.77 2.74721 -0.77198 -0.356478 0.0839443 0.0162972 -0.000583677
6.78 2.75265 -0.772758 -0.360638 0.0844195 0.0163087 -0.000584105
6.79 2.75805 -0.77352 -0.364833 0.084897 0.0163199 -0.000584498
6.8 2.76342 -0.774264 -0.369062 0.0853762 0.0163306 -0.000584859
6.81 2.76876 -0.774991 -0.373326 0.0858565 0.0163409 -0.000585207
6.82 2.77406 -0.7757 -0.377622 0.086338 0.0163508 -0.000585556
6.83 2.77933 -0.77639 -0.381949 0.0868212 0.0163603 -0.000585909
6.84 2.78456 -0.777059 -0.386307 0.0873067 0.0163693 -0.000586249
6.85 2.78976 -0.777709 -0.390693 0.0877949 0.016378 -0.000586553
6.86 2.79492 -0.778338 -0.395106 0.0882856 0.0163862 -0.000586814
6.87 2.80005 -0.778947 -0.399544 0.0887779 0.016394 -0.000587045
6.88 2.80514 -0.779534 -0.404004 0.0892715 0.0164014 -0.000587276
6.89 2.8102 -0.7801 -0.408484 0.0897663 0.0164084 -0.000587523
6.9 2.81522 -0.780646 -0.412983 0.0902627 0.016415 -0.000587783
6.91 2.82021 -0.78117 -0.417496 0.0907613 0.0164211 -0.000588031
6.92 2.82517 -0.781675 -0.422023 0.0912624 0.0164269 -0.000588248
6.93 2.83009 -0.78216 -0.426561 0.0917659 0.0164322 -0.000588428
6.94 2.83498 -0.782626 -0.431107 0.0922713 0.0164372 -0.000588592
6.95 2.83983 -0.783074 -0.435659 0.0927783 0.0164417 -0.000588758
6.96 2.84465 -0.783504 -0.440214 0.0932868 0.0164459 -0.000588937
6.97 2.84944 -0.783918 -0.444772 0.0937969 0.0164497 -0.000589123
6.98 2.8542 -0.784317 -0.44933 0.0943088 0.016453 -0.000589302
6.99 2.85892 -0.784701 -0.453885 0.0948228 0.016456 -0.000589465
7 2.86361 -0.785072 -0.458438 0.095339 0.0164587 -0.000589615
7.01 2.86827 -0.78543 -0.462986 0.0958574 0.0164609 -0.000589756
7.02 2.8729 -0.785776 -0.467528 0.0963781 0.0164627 -0.000589892
7.03 2.8775 -0.786111 -0.472064 0.0969006 0.0164642 -0.000590024
7.04 2.88206 -0.786437 -0.476593 0.0974245 0.0164654 -0.000590156
7.05 2.8866 -0.786752 -0.481113 0.0979499 0.0164661 -0.000590296
7.06 2.8911 -0.787058 -0.485625 0.0984768 0.0164665 -0.000590446
7.07 2.89557 -0.787355 -0.490129 0.0990059 0.0164666 -0.000590603
7.08 2.90001 -0.787642 -0.494623 0.0995377 0.0164663 -0.000590754
7.09 2.90442 -0.787921 -0.499109 0.100072 0.0164656 -0.000590888
7.1 2.9088 -0.788191 -0.503586 0.100608 0.0164647 -0.000591006
7.11 2.91315 -0.788451 -0.508054 0.101146 0.0164633 -0.000591128
7.12 2.91746 -0.788701 -0.512513 0.101685 0.0164617 -0.000591274
7.13 2.92175 -0.788941 -0.516963 0.102225 0.0164597 -0.000591452
7.14 2.926 -0.789169 -0.521405 0.102768 0.0164575 -0.00059165
7.15 2.93023 -0.789384 -0.525836 0.103313 0.0164549 -0.000591843
7.16 2.93442 -0.789587 -0.530259 0.103861 0.016452 -0.000592017
7.17 2.93858 -0.789776 -0.534671 0.104411 0.0164488 -0.000592178
7.18 2.94272 -0.78995 -0.539072 0.104962 0.0164453 -0.000592354
7.19 2.94682 -0.790109 -0.543462 0.105515 0.0164415 -0.000592563
7.2 2.95089 -0.790251 -0.54784 0.10607 0.0164374 -0.00059281
7.21 2.95493 -0.790375 -0.552205 0.106626 0.0164331 -0.00059308
7.22 2.95894 -0.790482 -0.556554 0.107184 0.0164285 -0.000593354
7.23 2.96292 -0.79057 -0.560888 0.107745 0.0164237 -0.000593623
7.24 2.96687 -0.79064 -0.565204 0.108309 0.0164186 -0.000593896
7.25 2.97079 -0.79069 -0.5695 0.108874 0.0164132 -0.000594186
7.26 2.97468 -0.790722 -0.573776 0.109441 0.0164076 -0.000594505
7.27 2.97855 -0.790735 -0.578028 0.11001 0.0164018 -0.000594852
7.28 2.98238 -0.790728 -0.582256 0.11058 0.0163958 -0.000595225
7.29 2.98619 -0.790704 -0.586458 0.111152 0.0163895 -0.000595618
7.3 2.98996 -0.790662 -0.590631 0.111727 0.0163831 -0.00059603
7.31 2.99371 -0.790604 -0.594774 0.112303 0.0163764 -0.000596457
7.32 2.99744 -0.790529 -0.598886 0.112883 0.0163695 -0.000596896
7.33 3.00113 -0.79044 -0.602964 0.113464 0.0163625 -0.000597346
7.34 3.0048 -0.790337 -0.607008 0.114047 0.0163553 -0.000597813
7.35 3.00845 -0.79022 -0.611017 0.114632 0.0163479 -0.00059831
7.36 3.01207 -0.790093 -0.614989 0.115218 0.0163404 -0.000598846
7.37 3.01566 -0.789954 -0.618924 0.115805 0.0163327 -0.000599417
7.38 3.01923 -0.789806 -0.622821 0.116396 0.0163248 -0.000600008
7.39 3.02277 -0.78965 -0.62668 0.116989 0.0163168 -0.000600599
7.4 3.02629 -0.789486 -0.6305 0.117585 0.0163087 -0.000601189
7.41 3.02979 -0.789315 -0.634283 0.118182 0.0163004 -0.000601791
7.42 3.03326 -0.789139 -0.638028 0.118781 0.0162921 -0.000602427
7.43 3.03671 -0.788956 -0.641736 0.119381 0.0162836 -0.00060311
7.44 3.04013 -0.788768 -0.645407 0.119983 0.016275 -0.000603835
7.45 3.04353 -0.788576 -0.649043 0.120587 0.0162663 -0.000604577
7.46 3.04691 -0.788378 -0.652644 0.121194 0.0162575 -0.00060532
7.47 3.05026 -0.788175 -0.656211 0.121803 0.0162486 -0.000606062
7.48 3.05359 -0.787966 -0.659745 0.122415 0.0162397 -0.000606818
7.49 3.0569 -0.78775 -0.663249 0.123028 0.0162307 -0.000607607
7.5 3.06018 -0.787528 -0.666721 0.123642 0.0162216 -0.000608438
7.51 3.06344 -0.787298 -0.670164 0.124259 0.0162124 -0.000609306
7.52 3.06668 -0.787059 -0.673579 0.124877 0.0162032 -0.000610196
7.53 3.06989 -0.78681 -0.676967 0.125498 0.0161939 -0.0006111
7.54 3.07308 -0.78655 -0.680327 0.126121 0.0161846 -0.000612015
7.55 3.07625 -0.786279 -0.683661 0.126746 0.0161753 -0.000612948
7.56 3.0794 -0.785994 -0.686969 0.127374 0.0161659 -0.000613903
7.57 3.08252 -0.785696 -0.690252 0.128003 0.0161565 -0.000614886
7.58 3.08562 -0.785383 -0.693509 0.128634 0.0161471 -0.000615899
7.59 3.0887 -0.785055 -0.696741 0.129267 0.0161377 -0.000616947
7.6 3.09176 -0.78471 -0.699948 0.129901 0.0161283 -0.000618026
7.61 3.0948 -0.784349 -0.703128 0.130538 0.0161189 -0.00061913
7.62 3.09781 -0.78397 -0.706282 0.131178 0.0161094 -0.000620248
7.63 3.10081 -0.783575 -0.709408 0.13182 0.0161 -0.000621373
7.64 3.10378 -0.783163 -0.712507 0.132464 0.0160906 -0.000622511
7.65 3.10674 -0.782734 -0.715578 0.13311 0.0160813 -0.000623677
7.66 3.10967 -0.782289 -0.71862 0.133757 0.0160719 -0.000624884
7.67 3.11259 -0.781828 -0.721632 0.134405 0.0160626 -0.000626132
7.68 3.11548 -0.781353 -0.724614 0.135056 0.0160534 -0.00062741
7.69 3.11836 -0.780864 -0.727565 0.13571 0.0160441 -0.000628693
7.7 3.12122 -0.780362 -0.730485 0.136367 0.016035 -0.000629974
7.71 3.12406 -0.77985 -0.733372 0.137025 0.0160258 -0.000631258
7.72 3.12688 -0.779327 -0.736228 0.137686 0.0160168 -0.000632564
7.73 3.12969 -0.778795 -0.739053 0.138347 0.0160078 -0.000633906
7.74 3.13248 -0.778255 -0.741845 0.139011 0.0159988 -0.000635287
7.75 3.13525 -0.777709 -0.744606 0.139676 0.01599 -0.000636691
7.76 3.138 -0.777159 -0.747336 0.140344 0.0159812 -0.000638099
7.77 3.14074 -0.776604 -0.750036 0.141014 0.0159724 -0.000639504
7.78 3.14346 -0.776046 -0.752707 0.141687 0.0159638 -0.000640908
7.79 3.14616 -0.775485 -0.75535 0.142362 0.0159552 -0.000642324
7.8 3.14885 -0.774923 -0.757966 0.143039 0.0159468 -0.000643761
7.81 3.15152 -0.77436 -0.760557 0.143717 0.0159384 -0.000645223
7.82 3.15418 -0.773795 -0.763124 0.144397 0.0159301 -0.000646703
7.83 3.15682 -0.773229 -0.765669 0.14508 0.0159219 -0.000648194
7.84 3.15944 -0.772661 -0.768194 0.145764 0.0159138 -0.000649689
7.85 3.16205 -0.772092 -0.7707 0.146451 0.0159058 -0.000651184
7.86 3.16464 -0.77152 -0.773189 0.147141 0.0158979 -0.000652678
7.87 3.16721 -0.770944 -0.775663 0.147832 0.0158901 -0.000654174
7.88 3.16977 -0.770365 -0.778124 0.148526 0.0158824 -0.000655681
7.89 3.17231 -0.769779 -0.780573 0.149221 0.0158748 -0.000657206
7.9 3.17484 -0.769188 -0.783012 0.149917 0.0158673 -0.000658753
7.91 3.17735 -0.768588 -0.785442 0.150616 0.01586 -0.000660314
7.92 3.17984 -0.767979 -0.787863 0.151318 0.0158527 -0.000661875
7.93 3.18232 -0.76736 -0.790278 0.152022 0.0158455 -0.000663425
7.94 3.18478 -0.76673 -0.792687 0.152728 0.0158385 -0.000664963
7.95 3.18723 -0.766087 -0.795091 0.153437 0.0158315 -0.000666503
7.96 3.18966 -0.765431 -0.797489 0.154147 0.0158247 -0.000668063
7.97 3.19208 -0.764761 -0.799883 0.154858 0.015818 -0.000669648
7.98 3.19448 -0.764075 -0.802272 0.155571 0.0158114 -0.000671251
7.99 3.19687 -0.763375 -0.804656 0.156287 0.0158049 -0.000672854
8 3.19924 -0.762659 -0.807035 0.157006 0.0157985 -0.000674441
8.01 3.2016 -0.761928 -0.809409 0.157727 0.0157923 -0.000676012
8.02 3.20394 -0.761182 -0.811777 0.15845 0.0157861 -0.000677577
8.03 3.20627 -0.760422 -0.814138 0.159175 0.0157801 -0.000679154
8.04 3.20859 -0.759647 -0.816493 0.159901 0.0157742 -0.000680747
8.05 3.2109 -0.75886 -0.818841 0.16063 0.0157684 -0.000682354
8.06 3.21319 -0.758061 -0.82118 0.16136 0.0157627 -0.000683958
8.07 3.21547 -0.757251 -0.823512 0.162093 0.0157572 -0.000685551
8.08 3.21774 -0.756433 -0.825835 0.162829 0.0157517 -0.000687126
8.09 3.21999 -0.755606 -0.828149 0.163567 0.0157464 -0.000688687
8.1 3.22224 -0.754773 -0.830454 0.164307 0.0157411 -0.00069024
8.11 3.22447 -0.753935 -0.83275 0.165048 0.015736 -0.000691793
8.12 3.22669 -0.753094 -0.835037 0.165792 0.015731 -0.000693349
8.13 3.2289 -0.752251 -0.837316 0.166537 0.0157261 -0.000694905
8.14 3.2311 -0.751406 -0.839587 0.167284 0.0157213 -0.000696455
8.15 3.23329 -0.750562 -0.841851 0.168034 0.0157166 -0.000697987
8.16 3.23546 -0.749719 -0.844108 0.168787 0.0157121 -0.000699496
8.17 3.23762 -0.748878 -0.84636 0.169542 0.0157076 -0.000700979
8.18 3.23978 -0.748038 -0.848607 0.170299 0.0157032 -0.000702445
8.19 3.24192 -0.747201 -0.850851 0.171058 0.015699 -0.000703904
8.2 3.24404 -0.746367 -0.853093 0.171818 0.0156948 -0.000705367
8.21 3.24616 -0.745534 -0.855335 0.17258 0.0156907 -0.000706828
8.22 3.24827 -0.744703 -0.857577 0.173345 0.0156868 -0.000708276
8.23 3.25036 -0.743873 -0.859822 0.174112 0.0156829 -0.000709694
8.24 3.25244 -0.743043 -0.862069 0.174882 0.0156791 -0.000711078
8.25 3.25451 -0.742212 -0.864321 0.175654 0.0156754 -0.000712436
8.26 3.25657 -0.741378 -0.866579 0.176428 0.0156718 -0.000713782
8.27 3.25862 -0.74054 -0.868843 0.177203 0.0156683 -0.000715132
8.28 3.26066 -0.739698 -0.871115 0.177981 0.0156648 -0.000716482
8.29 3.26268 -0.738848 -0.873395 0.17876 0.0156615 -0.000717823
8.3 3.26469 -0.737991 -0.875684 0.179542 0.0156582 -0.000719139
8.31 3.2667 -0.737124 -0.877981 0.180326 0.015655 -0.000720425
8.32 3.26869 -0.736247 -0.880288 0.181113 0.0156519 -0.000721681
8.33 3.27067 -0.735358 -0.882603 0.181902 0.0156489 -0.000722922
8.34 3.27264 -0.734457 -0.884927 0.182693 0.0156459 -0.000724158
8.35 3.27459 -0.733542 -0.887258 0.183486 0.015643 -0.000725394
8.36 3.27654 -0.732613 -0.889597 0.18428 0.0156402 -0.000726624
8.37 3.27848 -0.731669 -0.891943 0.185077 0.0156374 -0.000727841
8.38 3.28041 -0.730712 -0.894294 0.185876 0.0156347 -0.000729034
8.39 3.28233 -0.729741 -0.896649 0.186678 0.0156321 -0.000730199
8.4 3.28424 -0.728757 -0.899008 0.187482 0.0156295 -0.00073134
8.41 3.28614 -0.72776 -0.901368 0.188288 0.015627 -0.000732462
8.42 3.28803 -0.726751 -0.90373 0.189096 0.0156246 -0.000733578
8.43 3.28991 -0.725732 -0.90609 0.189906 0.0156222 -0.000734688
8.44 3.29179 -0.724703 -0.908449 0.190717 0.0156199 -0.000735793
8.45 3.29365 -0.723667 -0.910805 0.191531 0.0156176 -0.000736882
8.46 3.29551 -0.722625 -0.913157 0.192347 0.0156154 -0.000737942
8.47 3.29736 -0.721578 -0.915505 0.193166 0.0156132 -0.000738968
8.48 3.2992 -0.720529 -0.917846 0.193988 0.0156111 -0.000739963
8.49 3.30103 -0.719478 -0.920181 0.194811 0.0156091 -0.000740939
8.5 3.30285 -0.718427 -0.922509 0.195636 0.0156071 -0.000741909
8.51 3.30467 -0.717378 -0.92483 0.196463 0.0156051 -0.000742877
8.52 3.30647 -0.716332 -0.927143 0.197291 0.0156032 -0.000743831
8.53 3.30827 -0.71529 -0.929449 0.198123 0.0156013 -0.00074476
8.54 3.31006 -0.714252 -0.931747 0.198957 0.0155995 -0.00074565
8.55 3.31184 -0.713219 -0.934039 0.199793 0.0155977 -0.000746505
8.56 3.31362 -0.712192 -0.936323 0.200632 0.0155959 -0.000747333
8.57 3.31538 -0.71117 -0.938601 0.201472 0.0155942 -0.00074815
8.58 3.31714 -0.710153 -0.940874 0.202314 0.0155925 -0.000748962
8.59 3.31889 -0.709141 -0.943141 0.203158 0.0155909 -0.000749767
8.6 3.32063 -0.708132 -0.945403 0.204004 0.0155893 -0.000750553
8.61 3.32236 -0.707126 -0.947662 0.204853 0.0155877 -0.000751311
8.62 3.32408 -0.706122 -0.949917 0.205704 0.0155861 -0.000752036
8.63 3.32579 -0.705118 -0.952169 0.206558 0.0155846 -0.000752732
8.64 3.3275 -0.704113 -0.954418 0.207414 0.0155831 -0.000753411
8.65 3.3292 -0.703104 -0.956665 0.208271 0.0155816 -0.000754083
8.66 3.33089 -0.702091 -0.958909 0.209131 0.0155802 -0.000754755
8.67 3.33257 -0.701072 -0.961151 0.209992 0.0155787 -0.000755421
8.68 3.33424 -0.700045 -0.963389 0.210855 0.0155773 -0.000756074
8.69 3.33591 -0.699009 -0.965625 0.211721 0.0155759 -0.000756703
8.7 3.33757 -0.697963 -0.967856 0.21259 0.0155746 -0.000757308
8.71 3.33922 -0.696906 -0.970083 0.213461 0.0155732 -0.000757891
8.72 3.34086 -0.695836 -0.972303 0.214334 0.0155719 -0.000758465
8.73 3.3425 -0.694753 -0.974517 0.215209 0.0155706 -0.000759041
8.74 3.34413 -0.693657 -0.976722 0.216085 0.0155693 -0.000759623
8.75 3.34575 -0.692548 -0.978918 0.216964 0.015568 -0.000760205
8.76 3.34737 -0.691425 -0.981102 0.217845 0.0155668 -0.000760774
8.77 3.34898 -0.690291 -0.983273 0.218729 0.0155655 -0.000761322
8.78 3.35059 -0.689144 -0.98543 0.219615 0.0155643 -0.000761846
8.79 3.35219 -0.687987 -0.98757 0.220503 0.0155631 -0.000762357
8.8 3.35378 -0.686821 -0.989693 0.221394 0.0155619 -0.000762865
8.81 3.35537 -0.685647 -0.991796 0.222285 0.0155607 -0.000763382
8.82 3.35695 -0.684467 -0.993877 0.223179 0.0155596 -0.000763904
8.83 3.35853 -0.683282 -0.995936 0.224075 0.0155585 -0.000764423
8.84 3.3601 -0.682094 -0.997972 0.224973 0.0155574 -0.000764924
8.85 3.36167 -0.680906 -0.999982 0.225875 0.0155563 -0.000765403
8.86 3.36323 -0.679719 -1.00197 0.226778 0.0155552 -0.000765861
8.87 3.36478 -0.678534 -1.00392 0.227684 0.0155541 -0.00076631
8.88 3.36633 -0.677354 -1.00585 0.228592 0.0155531 -0.000766761
8.89 3.36788 -0.676179 -1.00775 0.229501 0.0155521 -0.000767218
8.9 3.36942 -0.675011 -1.00962 0.230412 0.0155511 -0.00076768
8.91 3.37095 -0.67385 -1.01147 0.231325 0.0155501 -0.000768132
8.92 3.37247 -0.672697 -1.01328 0.232241 0.0155492 -0.000768568
8.93 3.374 -0.671554 -1.01507 0.23316 0.0155483 -0.00076898
8.94 3.37551 -0.670418 -1.01683 0.234081 0.0155474 -0.000769379
8.95 3.37702 -0.669292 -1.01856 0.235004 0.0155465 -0.000769772
8.96 3.37852 -0.668172 -1.02026 0.235929 0.0155456 -0.000770174
8.97 3.38002 -0.66706 -1.02193 0.236855 0.0155448 -0.000770585
8.98 3.38151 -0.665954 -1.02358 0.237783 0.0155439 -0.000771001
8.99 3.383 -0.664852 -1.02521 0.238714 0.0155431 -0.000771411
9 3.38448 -0.663753 -1.0268 0.239648 0.0155424 -0.000771806
9.01 3.38595 -0.662655 -1.02837 0.240584 0.0155416 -0.000772187
9.02 3.38742 -0.661558 -1.02992 0.241522 0.0155408 -0.000772562
9.03 3.38889 -0.660458 -1.03144 0.242463 0.0155401 -0.000772946
9.04 3.39034 -0.659354 -1.03294 0.243404 0.0155394 -0.000773345
9.05 3.3918 -0.658244 -1.03441 0.244348 0.0155387 -0.000773762
9.06 3.39325 -0.657128 -1.03585 0.245294 0.015538 -0.000774188
9.07 3.39469 -0.656003 -1.03727 0.246242 0.0155374 -0.000774613
9.08 3.39613 -0.654868 -1.03867 0.247194 0.0155368 -0.000775031
9.09 3.39757 -0.653722 -1.04003 0.248147 0.0155361 -0.000775444
9.1 3.399 -0.652565 -1.04137 0.249103 0.0155355 -0.000775862
9.11 3.40043 -0.651396 -1.04268 0.25006 0.015535 -0.000776298
9.12 3.40185 -0.650216 -1.04396 0.25102 0.0155344 -0.000776757
9.13 3.40327 -0.649024 -1.04521 0.25198 0.0155339 -0.000777238
9.14 3.40469 -0.64782 -1.04643 0.252944 0.0155334 -0.000777731
9.15 3.4061 -0.646607 -1.04761 0.25391 0.0155329 -0.000778223
9.16 3.40751 -0.645385 -1.04876 0.254878 0.0155324 -0.00077871
9.17 3.40892 -0.644155 -1.04987 0.25585 0.015532 -0.000779196
9.18 3.41032 -0.64292 -1.05095 0.256823 0.0155315 -0.000779694
9.19 3.41172 -0.64168 -1.05198 0.257797 0.0155311 -0.000780213
9.2 3.41312 -0.640439 -1.05298 0.258774 0.0155307 -0.000780757
9.21 3.41452 -0.639197 -1.05394 0.259752 0.0155304 -0.000781319
9.22 3.41591 -0.637957 -1.05485 0.260733 0.0155301 -0.000781886
9.23 3.4173 -0.636721 -1.05573 0.261716 0.0155297 -0.000782449
9.24 3.41868 -0.635491 -1.05656 0.262703 0.0155295 -0.000783004
9.25 3.42006 -0.634268 -1.05734 0.263691 0.0155292 -0.000783562
9.26 3.42144 -0.633055 -1.05809 0.264681 0.015529 -0.000784133
9.27 3.42282 -0.631852 -1.05879 0.265673 0.0155287 -0.000784727
9.28 3.42419 -0.630661 -1.05945 0.266667 0.0155286 -0.00078534
9.29 3.42556 -0.629481 -1.06007 0.267663 0.0155284 -0.000785966
9.3 3.42692 -0.628315 -1.06065 0.268661 0.0155282 -0.000786592
9.31 3.42829 -0.627161 -1.06118 0.269662 0.0155281 -0.000787213
9.32 3.42965 -0.62602 -1.06168 0.270666 0.015528 -0.00078783
9.33 3.431 -0.624891 -1.06214 0.271672 0.0155279 -0.000788454
9.34 3.43235 -0.623773 -1.06255 0.272679 0.0155279 -0.000789094
9.35 3.4337 -0.622665 -1.06294 0.273688 0.0155279 -0.000789758
9.36 3.43505 -0.621566 -1.06328 0.274699 0.0155278 -0.000790443
9.37 3.43639 -0.620473 -1.0636 0.275713 0.0155278 -0.00079114
9.38 3.43773 -0.619386 -1.06387 0.276728 0.0155279 -0.000791842
9.39 3.43906 -0.618302 -1.06412 0.277747 0.0155279 -0.000792541
9.4 3.4404 -0.61722 -1.06433 0.278768 0.015528 -0.000793244
9.41 3.44173 -0.616137 -1.06451 0.279791 0.015528 -0.000793958
9.42 3.44306 -0.615052 -1.06466 0.280816 0.0155281 -0.000794699
9.43 3.44438 -0.613963 -1.06478 0.281842 0.0155282 -0.000795469
9.44 3.44571 -0.612868 -1.06487 0.28287 0.0155284 -0.000796267
9.45 3.44703 -0.611766 -1.06493 0.283901 0.0155285 -0.000797079
9.46 3.44835 -0.610656 -1.06496 0.284935 0.0155286 -0.000797897
9.47 3.44967 -0.609538 -1.06496 0.285971 0.0155288 -0.000798715
9.48 3.45099 -0.60841 -1.06493 0.287009 0.0155289 -0.000799542
9.49 3.4523 -0.607273 -1.06486 0.28805 0.0155291 -0.000800392
9.5 3.45362 -0.606127 -1.06477 0.289091 0.0155293 -0.000801274
9.51 3.45493 -0.604972 -1.06464 0.290135 0.0155295 -0.000802189
9.52 3.45624 -0.60381 -1.06448 0.291181 0.0155297 -0.000803124
9.53 3.45756 -0.602642 -1.06428 0.292229 0.0155299 -0.00080407
9.54 3.45887 -0.601468 -1.06405 0.29328 0.0155301 -0.000805015
9.55 3.46017 -0.600292 -1.06378 0.294334 0.0155304 -0.000805964
9.56 3.46148 -0.599115 -1.06348 0.295389 0.0155306 -0.000806925
9.57 3.46279 -0.597939 -1.06314 0.296447 0.0155308 -0.00080791
9.58 3.46409 -0.596766 -1.06276 0.297506 0.0155311 -0.00080892
9.59 3.4654 -0.595598 -1.06235 0.298567 0.0155313 -0.000809952
9.6 3.4667 -0.594439 -1.0619 0.29963 0.0155316 -0.000810997
9.61 3.468 -0.593289 -1.06141 0.300695 0.0155318 -0.000812043
9.62 3.46931 -0.59215 -1.06088 0.301764 0.0155321 -0.000813088
9.63 3.47061 -0.591025 -1.06032 0.302835 0.0155323 -0.000814131
9.64 3.4719 -0.589916 -1.05972 0.303908 0.0155325 -0.000815183
9.65 3.4732 -0.588822 -1.05908 0.304982 0.0155328 -0.00081625
9.66 3.4745 -0.587745 -1.05841 0.306059 0.015533 -0.000817339
9.67 3.47579 -0.586686 -1.05771 0.307137 0.0155333 -0.000818444
9.68 3.47709 -0.585644 -1.05697 0.308217 0.0155335 -0.000819557
9.69 3.47838 -0.58462 -1.0562 0.3093 0.0155337 -0.000820666
9.7 3.47967 -0.583612 -1.0554 0.310386 0.0155339 -0.000821767
9.71 3.48096 -0.582621 -1.05458 0.311475 0.0155341 -0.000822864
9.72 3.48225 -0.581644 -1.05372 0.312565 0.0155343 -0.000823971
9.73 3.48354 -0.580681 -1.05284 0.313656 0.0155344 -0.000825099
9.74 3.48483 -0.579729 -1.05193 0.31475 0.0155346 -0.00082625
9.75 3.48612 -0.578787 -1.051 0.315845 0.0155347 -0.000827417
9.76 3.48741 -0.577853 -1.05005 0.316943 0.0155348 -0.000828585
9.77 3.4887 -0.576924 -1.04908 0.318044 0.0155349 -0.000829747
9.78 3.48999 -0.575998 -1.04808 0.319147 0.0155349 -0.000830903
9.79 3.49128 -0.575074 -1.04707 0.320253 0.015535 -0.000832067
9.8 3.49257 -0.57415 -1.04604 0.32136 0.015535 -0.000833249
9.81 3.49386 -0.573223 -1.04499 0.322469 0.0155349 -0.000834458
9.82 3.49515 -0.572293 -1.04393 0.323579 0.0155349 -0.000835688
9.83 3.49644 -0.571358 -1.04284 0.324692 0.0155348 -0.00083693
9.84 3.49773 -0.570417 -1.04174 0.325808 0.0155347 -0.000838173
9.85 3.49903 -0.569469 -1.04062 0.326926 0.0155345 -0.000839413
9.86 3.50032 -0.568515 -1.03949 0.328046 0.0155343 -0.000840656
9.87 3.50162 -0.567555 -1.03833 0.329169 0.0155341 -0.000841909
9.88 3.50292 -0.56659 -1.03716 0.330293 0.0155339 -0.000843182
9.89 3.50422 -0.565619 -1.03597 0.331419 0.0155336 -0.000844474
9.9 3.50552 -0.564645 -1.03476 0.332547 0.0155332 -0.000845786
9.91 3.50682 -0.563668 -1.03353 0.333677 0.0155329 -0.000847103
9.92 3.50813 -0.562692 -1.03228 0.33481 0.0155325 -0.00084842
9.93 3.50943 -0.561718 -1.03101 0.335945 0.0155321 -0.000849729
9.94 3.51074 -0.560748 -1.02971 0.337083 0.0155316 -0.000851034
9.95 3.51205 -0.559785 -1.02839 0.338223 0.0155311 -0.000852343
9.96 3.51336 -0.55883 -1.02705 0.339364 0.0155305 -0.000853666
9.97 3.51467 -0.557887 -1.02569 0.340507 0.0155299 -0.000855006
9.98 3.51598 -0.556957 -1.02431 0.341652 0.0155293 -0.000856355
9.99 3.5173 -0.556042 -1.0229 0.3428 0.0155286 -0.000857701
10 3.51862 -0.555145 -1.02147 0.34395 0.0155279 -0.000859031
10.01 3.51993 -0.554267 -1.02001 0.345103 0.0155272 -0.000860345
10.02 3.52125 -0.553409 -1.01853 0.346258 0.0155264 -0.000861649
10.03 3.52258 -0.552572 -1.01704 0.347415 0.0155255 -0.000862958
10.04 3.5239 -0.551756 -1.01552 0.348573 0.0155246 -0.000864279
10.05 3.52522 -0.550963 -1.01398 0.349733 0.0155237 -0.00086561
10.06 3.52655 -0.550191 -1.01242 0.350895 0.0155227 -0.000866939
10.07 3.52788 -0.54944 -1.01085 0.35206 0.0155217 -0.000868254
10.08 3.52921 -0.548709 -1.00926 0.353228 0.0155207 -0.00086955
10.09 3.53055 -0.547997 -1.00765 0.354398 0.0155195 -0.00087083
10.1 3.53189 -0.547302 -1.00604 0.35557 0.0155184 -0.000872108
10.11 3.53323 -0.546623 -1.0044 0.356744 0.0155172 -0.000873393
10.12 3.53457 -0.545956 -1.00276 0.357919 0.0155159 -0.000874689
10.13 3.53592 -0.5453 -1.00111 0.359097 0.0155146 -0.000875989
10.14 3.53727 -0.544653 -0.999442 0.360276 0.0155133 -0.000877287
10.15 3.53863 -0.544013 -0.99777 0.361458 0.0155119 -0.000878572
10.16 3.53998 -0.543376 -0.996089 0.362643 0.0155104 -0.000879846
10.17 3.54135 -0.542742 -0.994401 0.36383 0.0155089 -0.000881111
10.18 3.54271 -0.542107 -0.992706 0.36502 0.0155073 -0.000882378
10.19 3.54408 -0.541471 -0.991004 0.36621 0.0155057 -0.000883654
10.2 3.54546 -0.540832 -0.989295 0.367403 0.015504 -0.000884945
10.21 3.54684 -0.540189 -0.987579 0.368597 0.0155023 -0.000886244
10.22 3.54823 -0.539542 -0.985856 0.369794 0.0155006 -0.000887543
10.23 3.54962 -0.538889 -0.984125 0.370993 0.0154988 -0.000888831
10.24 3.55101 -0.538231 -0.982385 0.372196 0.0154969 -0.000890105
10.25 3.55241 -0.537569 -0.980636 0.3734 0.015495 -0.000891373
10.26 3.55382 -0.536903 -0.978878 0.374606 0.015493 -0.000892644
10.27 3.55523 -0.536235 -0.977108 0.375814 0.015491 -0.000893929
10.28 3.55664 -0.535567 -0.975327 0.377023 0.0154889 -0.000895227
10.29 3.55806 -0.534899 -0.973534 0.378235 0.0154868 -0.000896529
10.3 3.55949 -0.534235 -0.971726 0.379449 0.0154847 -0.000897819
10.31 3.56092 -0.533577 -0.969905 0.380666 0.0154825 -0.00089909
10.32 3.56236 -0.532926 -0.968068 0.381885 0.0154803 -0.000900342
10.33 3.5638 -0.532286 -0.966215 0.383107 0.015478 -0.000901589
10.34 3.56525 -0.531659 -0.964346 0.384329 0.0154757 -0.000902839
10.35 3.5667 -0.531047 -0.962459 0.385554 0.0154734 -0.000904097
10.36 3.56816 -0.530452 -0.960556 0.38678 0.015471 -0.000905357
10.37 3.56962 -0.529876 -0.958634 0.388009 0.0154686 -0.000906605
10.38 3.57109 -0.529322 -0.956695 0.389241 0.0154661 -0.000907834
10.39 3.57256 -0.528789 -0.954738 0.390475 0.0154637 -0.000909038
10.4 3.57404 -0.52828 -0.952764 0.391711 0.0154612 -0.000910226
10.41 3.57553 -0.527795 -0.950773 0.39295 0.0154586 -0.000911406
10.42 3.57702 -0.527333 -0.948765 0.394189 0.0154561 -0.000912585
10.43 3.57852 -0.526895 -0.946741 0.395431 0.0154535 -0.000913764
10.44 3.58002 -0.52648 -0.944702 0.396675 0.0154508 -0.00091494
10.45 3.58153 -0.526087 -0.942648 0.39792 0.0154482 -0.000916103
10.46 3.58305 -0.525715 -0.940581 0.399169 0.0154455 -0.000917245
10.47 3.58458 -0.525361 -0.938501 0.40042 0.0154429 -0.000918367
10.48 3.58611 -0.525024 -0.936408 0.401674 0.0154401 -0.000919473
10.49 3.58765 -0.524702 -0.934304 0.402929 0.0154374 -0.000920573
10.5 3.5892 -0.524391 -0.93219 0.404186 0.0154347 -0.000921677
10.51 3.59075 -0.52409 -0.930065 0.405444 0.0154319 -0.000922788
10.52 3.59231 -0.523796 -0.927931 0.406705 0.0154291 -0.000923899
10.53 3.59388 -0.523506 -0.925788 0.407968 0.0154263 -0.000925001
10.54 3.59546 -0.523219 -0.923636 0.409234 0.0154235 -0.000926084
10.55 3.59705 -0.522932 -0.921476 0.410502 0.0154207 -0.000927151
10.56 3.59864 -0.522643 -0.919307 0.411773 0.0154178 -0.00092821
10.57 3.60025 -0.52235 -0.917129 0.413045 0.015415 -0.000929277
10.58 3.60186 -0.522053 -0.914942 0.414318 0.0154121 -0.000930357
10.59 3.60348 -0.52175 -0.912745 0.415594 0.0154092 -0.000931448
10.6 3.60511 -0.521442 -0.910538 0.416872 0.0154064 -0.000932538
10.61 3.60674 -0.521127 -0.90832 0.418152 0.0154035 -0.000933615
10.62 3.60839 -0.520807 -0.90609 0.419435 0.0154006 -0.000934676
10.63 3.61004 -0.520482 -0.903848 0.420721 0.0153977 -0.000935727
10.64 3.61171 -0.520153 -0.901591 0.422008 0.0153948 -0.000936781
10.65 3.61338 -0.519823 -0.89932 0.423297 0.015392 -0.000937842
10.66 3.61506 -0.519492 -0.897033 0.424587 0.0153891 -0.000938914
10.67 3.61674 -0.519163 -0.894728 0.42588 0.0153862 -0.000939988
10.68 3.61844 -0.518839 -0.892406 0.427175 0.0153834 -0.000941055
10.69 3.62014 -0.518522 -0.890065 0.428472 0.0153806 -0.000942106
10.7 3.62186 -0.518214 -0.887703 0.429772 0.0153777 -0.000943141
10.71 3.62358 -0.517917 -0.885321 0.431075 0.0153749 -0.000944165
10.72 3.62531 -0.517635 -0.882917 0.432379 0.0153721 -0.000945185
10.73 3.62704 -0.517369 -0.880492 0.433684 0.0153694 -0.000946207
10.74 3.62879 -0.517122 -0.878044 0.434992 0.0153666 -0.000947231
10.75 3.63055 -0.516895 -0.875573 0.436301 0.0153639 -0.000948254
10.76 3.63231 -0.51669 -0.873079 0.437613 0.0153612 -0.000949264
10.77 3.63408 -0.516507 -0.870563 0.438928 0.0153585 -0.000950254
10.78 3.63586 -0.516347 -0.868025 0.440245 0.0153559 -0.000951221
10.79 3.63766 -0.516211 -0.865465 0.441564 0.0153533 -0.000952173
10.8 3.63946 -0.516097 -0.862883 0.442885 0.0153507 -0.000953121
10.81 3.64126 -0.516006 -0.86028 0.444208 0.0153481 -0.000954075
10.82 3.64308 -0.515936 -0.857657 0.445532 0.0153456 -0.000955034
10.83 3.64491 -0.515886 -0.855014 0.446858 0.0153431 -0.000955989
10.84 3.64675 -0.515854 -0.852352 0.448188 0.0153407 -0.000956926
10.85 3.64859 -0.515837 -0.849673 0.449519 0.0153382 -0.000957841
10.86 3.65045 -0.515834 -0.846976 0.450854 0.0153358 -0.00095874
10.87 3.65232 -0.515841 -0.844263 0.45219 0.0153335 -0.000959634
10.88 3.65419 -0.515857 -0.841535 0.453527 0.0153311 -0.000960538
10.89 3.65608 -0.515878 -0.838791 0.454867 0.0153289 -0.000961454
10.9 3.65798 -0.515901 -0.836032 0.456208 0.0153266 -0.000962376
10.91 3.65988 -0.515925 -0.83326 0.457551 0.0153244 -0.000963293
10.92 3.6618 -0.515947 -0.830473 0.458898 0.0153222 -0.000964198
10.93 3.66372 -0.515964 -0.827673 0.460246 0.0153201 -0.000965093
10.94 3.66566 -0.515975 -0.824859 0.461597 0.015318 -0.000965984
10.95 3.6676 -0.515979 -0.82203 0.46295 0.0153159 -0.000966883
10.96 3.66956 -0.515975 -0.819188 0.464305 0.0153139 -0.000967796
10.97 3.67152 -0.515961 -0.81633 0.465661 0.0153119 -0.000968724
10.98 3.6735 -0.515938 -0.813457 0.467019 0.0153099 -0.000969658
10.99 3.67548 -0.515907 -0.810569 0.468379 0.015308 -0.000970593
11 3.67747 -0.515868 -0.807663 0.469743 0.0153062 -0.000971521
11.01 3.67947 -0.515822 -0.80474 0.471108 0.0153044 -0.000972443
11.02 3.68148 -0.51577 -0.801798 0.472476 0.0153026 -0.000973362
11.03 3.6835 -0.515715 -0.798836 0.473846 0.0153009 -0.000974289
11.04 3.68553 -0.515659 -0.795854 0.475217 0.0152992 -0.000975228
11.05 3.68757 -0.515604 -0.792851 0.47659 0.0152975 -0.000976181
11.06 3.68961 -0.515552 -0.789826 0.477965 0.0152959 -0.000977138
11.07 3.69166 -0.515507 -0.786779 0.479343 0.0152944 -0.000978088
11.08 3.69372 -0.51547 -0.783708 0.480723 0.0152929 -0.000979024
11.09 3.69579 -0.515445 -0.780613 0.482106 0.0152914 -0.000979946
11.1 3.69787 -0.515434 -0.777494 0.48349 0.01529 -0.000980864
11.11 3.69996 -0.515438 -0.774351 0.484877 0.0152886 -0.000981788
11.12 3.70205 -0.515459 -0.771183 0.486264 0.0152873 -0.000982725
11.13 3.70415 -0.5155 -0.76799 0.487654 0.015286 -0.000983668
11.14 3.70627 -0.51556 -0.764774 0.489046 0.0152848 -0.000984605
11.15 3.70838 -0.515642 -0.761534 0.490441 0.0152836 -0.000985525
11.16 3.71051 -0.515744 -0.758271 0.491838 0.0152824 -0.000986427
11.17 3.71265 -0.515867 -0.754985 0.493238 0.0152813 -0.000987319
11.18 3.71479 -0.51601 -0.751678 0.494639 0.0152802 -0.000988211
11.19 3.71694 -0.516172 -0.74835 0.496042 0.0152792 -0.000989112
11.2 3.7191 -0.516351 -0.745003 0.497447 0.0152782 -0.000990023
11.21 3.72127 -0.516546 -0.741636 0.498853 0.0152772 -0.000990935
11.22 3.72345 -0.516754 -0.738252 0.500262 0.0152762 -0.00099184
11.23 3.72563 -0.516972 -0.734851 0.501674 0.0152753 -0.000992735
11.24 3.72782 -0.517199 -0.731435 0.503088 0.0152744 -0.000993619
11.25 3.73002 -0.517431 -0.728004 0.504504 0.0152736 -0.000994503
11.26 3.73223 -0.517666 -0.724559 0.505923 0.0152727 -0.000995394
11.27 3.73445 -0.5179 -0.721102 0.507342 0.0152719 -0.0009963
11.28 3.73667 -0.518131 -0.717633 0.508763 0.0152711 -0.000997219
11.29 3.7389 -0.518357 -0.714152 0.510187 0.0152703 -0.000998149
11.3 3.74114 -0.518575 -0.71066 0.511613 0.0152695 -0.000999081
11.31 3.74338 -0.518784 -0.707157 0.513041 0.0152688 -0.00100001
11.32 3.74563 -0.518982 -0.703645 0.514473 0.015268 -0.00100093
11.33 3.74789 -0.519167 -0.700121 0.515906 0.0152673 -0.00100186
11.34 3.75016 -0.51934 -0.696587 0.51734 0.0152665 -0.00100281
11.35 3.75243 -0.5195 -0.693043 0.518777 0.0152658 -0.00100378
11.36 3.7547 -0.519647 -0.689488 0.520215 0.0152651 -0.00100477
11.37 3.75698 -0.519782 -0.685921 0.521655 0.0152643 -0.00100577
11.38 3.75927 -0.519906 -0.682342 0.523098 0.0152636 -0.00100676
11.39 3.76156 -0.520021 -0.678751 0.524544 0.0152629 -0.00100776
11.4 3.76386 -0.520129 -0.675146 0.525992 0.0152621 -0.00100875
11.41 3.76616 -0.520231 -0.671528 0.527441 0.0152613 -0.00100975
11.42 3.76847 -0.520331 -0.667896 0.528892 0.0152606 -0.00101077
11.43 3.77078 -0.520431 -0.664249 0.530345 0.0152598 -0.0010118
11.44 3.7731 -0.520533 -0.660586 0.5318 0.015259 -0.00101285
11.45 3.77542 -0.52064 -0.656908 0.533257 0.0152582 -0.0010139
11.46 3.77774 -0.520756 -0.653214 0.534717 0.0152574 -0.00101494
11.47 3.78007 -0.520881 -0.649503 0.53618 0.0152565 -0.00101597
11.48 3.7824 -0.521019 -0.645776 0.537644 0.0152556 -0.001017
11.49 3.78473 -0.521172 -0.642033 0.539111 0.0152547 -0.00101803
11.5 3.78707 -0.52134 -0.638274 0.540579 0.0152538 -0.00101908
11.51 3.78941 -0.521526 -0.6345 0.542048 0.0152528 -0.00102013
11.52 3.79176 -0.521729 -0.63071 0.54352 0.0152518 -0.00102119
11.53 3.79411 -0.521951 -0.626907 0.544994 0.0152508 -0.00102225
11.54 3.79646 -0.522192 -0.623089 0.546471 0.0152497 -0.00102329
11.55 3.79881 -0.522449 -0.619259 0.54795 0.0152486 -0.00102432
11.56 3.80117 -0.522723 -0.615418 0.549431 0.0152474 -0.00102536
11.57 3.80353 -0.523012 -0.611566 0.550914 0.0152462 -0.0010264
11.58 3.8059 -0.523314 -0.607704 0.552399 0.0152449 -0.00102745
11.59 3.80826 -0.523627 -0.603835 0.553885 0.0152435 -0.00102851
11.6 3.81063 -0.523948 -0.599959 0.555373 0.0152421 -0.00102958
11.61 3.813 -0.524275 -0.596077 0.556865 0.0152406 -0.00103065
11.62 3.81538 -0.524605 -0.59219 0.558358 0.0152391 -0.00103171
11.63 3.81775 -0.524934 -0.588301 0.559854 0.0152374 -0.00103277
11.64 3.82013 -0.525261 -0.584408 0.561352 0.0152357 -0.00103383
11.65 3.82251 -0.525581 -0.580515 0.562852 0.0152339 -0.00103491
11.66 3.82489 -0.525894 -0.57662 0.564353 0.015232 -0.00103602
11.67 3.82727 -0.526196 -0.572725 0.565856 0.0152301 -0.00103714
11.68 3.82965 -0.526485 -0.568831 0.567361 0.015228 -0.00103827
11.69 3.83203 -0.52676 -0.564938 0.568869 0.0152258 -0.00103941
11.7 3.83442 -0.52702 -0.561046 0.57038 0.0152236 -0.00104054
11.71 3.8368 -0.527264 -0.557154 0.571892 0.0152212 -0.00104167
11.72 3.83918 -0.527491 -0.553264 0.573407 0.0152187 -0.00104283
11.73 3.84156 -0.527703 -0.549375 0.574923 0.0152162 -0.00104401
11.74 3.84394 -0.527899 -0.545486 0.57644 0.0152135 -0.00104522
11.75 3.84632 -0.52808 -0.541598 0.57796 0.0152107 -0.00104644
11.76 3.84869 -0.52825 -0.537709 0.579482 0.0152077 -0.00104766
11.77 3.85107 -0.528408 -0.533819 0.581007 0.0152047 -0.00104888
11.78 3.85344 -0.528558 -0.529928 0.582534 0.0152015 -0.00105011
11.79 3.85581 -0.528701 -0.526035 0.584064 0.0151982 -0.00105134
11.8 3.85818 -0.528842 -0.522139 0.585595 0.0151948 -0.00105259
11.81 3.86055 -0.528982 -0.518241 0.587127 0.0151912 -0.00105386
11.82 3.86291 -0.529124 -0.514339 0.588661 0.0151876 -0.00105514
11.83 3.86527 -0.52927 -0.510434 0.590198 0.0151837 -0.00105642
11.84 3.86763 -0.529425 -0.506524 0.591737 0.0151798 -0.00105771
11.85 3.86998 -0.529589 -0.502611 0.593279 0.0151756 -0.00105899
11.86 3.87233 -0.529765 -0.498693 0.594823 0.0151714 -0.00106027
11.87 3.87468 -0.529955 -0.494772 0.596369 0.015167 -0.00106154
11.88 3.87703 -0.530159 -0.490846 0.597916 0.0151624 -0.00106283
11.89 3.87937 -0.53038 -0.486918 0.599465 0.0151577 -0.00106413
11.9 3.88171 -0.530617 -0.482986 0.601016 0.0151528 -0.00106544
11.91 3.88404 -0.53087 -0.479053 0.602569 0.0151478 -0.00106675
11.92 3.88637 -0.531138 -0.475118 0.604125 0.0151426 -0.00106806
11.93 3.8887 -0.531422 -0.471183 0.605684 0.0151372 -0.00106935
11.94 3.89103 -0.531718 -0.467249 0.607244 0.0151316 -0.00107064
11.95 3.89335 -0.532027 -0.463316 0.608807 0.0151259 -0.00107194
11.96 3.89566 -0.532344 -0.459386 0.61037 0.01512 -0.00107325
11.97 3.89798 -0.532668 -0.455459 0.611936 0.015114 -0.00107458
11.98 3.90028 -0.532996 -0.451538 0.613504 0.0151077 -0.00107592
11.99 3.90259 -0.533325 -0.447622 0.615074 0.0151013 -0.00107725
12 3.90489 -0.533653 -0.443713 0.616646 0.0150946 -0.00107859
12.01 3.90718 -0.533976 -0.439812 0.618222 0.0150878 -0.00107992
12.02 3.90947 -0.534292 -0.435919 0.619799 0.0150808 -0.00108126
12.03 3.91175 -0.534598 -0.432036 0.621378 0.0150736 -0.00108262
12.04 3.91403 -0.534891 -0.428162 0.622958 0.0150662 -0.001084
12.05 3.9163 -0.53517 -0.424299 0.62454 0.0150586 -0.0010854
12.06 3.91856 -0.535433 -0.420446 0.626124 0.0150508 -0.00108681
12.07 3.92082 -0.535678 -0.416604 0.627711 0.0150428 -0.00108822
12.08 3.92307 -0.535906 -0.412773 0.629301 0.0150345 -0.00108965
12.09 3.92531 -0.536115 -0.408952 0.630893 0.0150261 -0.00109107
12.1 3.92755 -0.536305 -0.405141 0.632486 0.0150175 -0.00109252
12.11 3.92977 -0.536478 -0.40134 0.634082 0.0150086 -0.00109397
12.12 3.93199 -0.536634 -0.397548 0.635678 0.0149995 -0.00109546
12.13 3.9342 -0.536775 -0.393764 0.637277 0.0149903 -0.00109696
12.14 3.93641 -0.536902 -0.389989 0.638878 0.0149808 -0.00109847
12.15 3.9386 -0.537019 -0.386221 0.640482 0.0149711 -0.00109999
12.16 3.94079 -0.537127 -0.382459 0.642088 0.0149612 -0.0011015
12.17 3.94297 -0.53723 -0.378704 0.643696 0.014951 -0.00110302
12.18 3.94514 -0.53733 -0.374953 0.645307 0.0149406 -0.00110455
12.19 3.9473 -0.537429 -0.371207 0.646918 0.0149301 -0.00110609
12.2 3.94945 -0.537532 -0.367464 0.648532 0.0149193 -0.00110766
12.21 3.95159 -0.537639 -0.363726 0.650147 0.0149082 -0.00110923
12.22 3.95372 -0.537755 -0.35999 0.651765 0.014897 -0.0011108
12.23 3.95585 -0.53788 -0.356257 0.653385 0.0148855 -0.00111236
12.24 3.95796 -0.538017 -0.352526 0.655008 0.0148738 -0.00111392
12.25 3.96007 -0.538168 -0.348798 0.656633 0.0148619 -0.00111547
12.26 3.96217 -0.538333 -0.345073 0.65826 0.0148498 -0.00111703
12.27 3.96426 -0.538513 -0.341352 0.659888 0.0148374 -0.00111861
12.28 3.96634 -0.538707 -0.337633 0.661517 0.0148248 -0.00112019
12.29 3.96841 -0.538916 -0.333919 0.663149 0.014812 -0.00112177
12.3 3.97047 -0.539139 -0.330209 0.664784 0.014799 -0.00112335
12.31 3.97252 -0.539374 -0.326504 0.666421 0.0147857 -0.00112492
12.32 3.97456 -0.539619 -0.322806 0.668061 0.0147722 -0.00112649
12.33 3.9766 -0.539873 -0.319114 0.669702 0.0147584 -0.00112806
12.34 3.97862 -0.540132 -0.315431 0.671345 0.0147444 -0.00112964
12.35 3.98063 -0.540395 -0.311756 0.67299 0.0147302 -0.00113122
12.36 3.98264 -0.540658 -0.30809 0.674636 0.0147157 -0.00113282
12.37 3.98463 -0.540918 -0.304435 0.676285 0.0147011 -0.00113443
12.38 3.98662 -0.541173 -0.300791 0.677936 0.0146861 -0.00113603
12.39 3.98859 -0.54142 -0.297159 0.67959 0.014671 -0.00113763
12.4 3.99055 -0.541656 -0.293539 0.681246 0.0146556 -0.00113924
12.41 3.9925 -0.541878 -0.289932 0.682904 0.0146399 -0.00114085
12.42 3.99445 -0.542085 -0.286339 0.684563 0.014624 -0.00114248
12.43 3.99638 -0.542274 -0.282758 0.686224 0.0146079 -0.00114412
12.44 3.99829 -0.542445 -0.279191 0.687887 0.0145916 -0.00114579
12.45 4.0002 -0.542596 -0.275637 0.689552 0.014575 -0.00114746
12.46 4.0021 -0.542727 -0.272096 0.69122 0.0145582 -0.00114913
12.47 4.00398 -0.542838 -0.268568 0.69289 0.0145411 -0.0011508
12.48 4.00585 -0.54293 -0.265053 0.694563 0.0145238 -0.00115247
12.49 4.00771 -0.543003 -0.261549 0.696237 0.0145062 -0.00115416
12.5 4.00955 -0.543059 -0.258056 0.697913 0.0144884 -0.00115587
12.51 4.01139 -0.543101 -0.254573 0.69959 0.0144704 -0.0011576
12.52 4.01321 -0.543129 -0.2511 0.70127 0.0144522 -0.00115933
12.53 4.01502 -0.543147 -0.247635 0.702952 0.0144337 -0.00116107
12.54 4.01682 -0.543158 -0.244178 0.704636 0.014415 -0.0011628
12.55 4.0186 -0.543164 -0.240729 0.706323 0.0143961 -0.00116452
12.56 4.02037 -0.543167 -0.237285 0.708012 0.0143769 -0.00116625
12.57 4.02214 -0.543172 -0.233847 0.709703 0.0143575 -0.00116799
12.58 4.02388 -0.54318 -0.230414 0.711395 0.0143378 -0.00116973
12.59 4.02562 -0.543194 -0.226985 0.713089 0.014318 -0.00117149
12.6 4.02734 -0.543216 -0.22356 0.714785 0.0142979 -0.00117324
12.61 4.02905 -0.543249 -0.220138 0.716483 0.0142776 -0.00117498
12.62 4.03075 -0.543294 -0.21672 0.718185 0.0142571 -0.00117671
12.63 4.03244 -0.543351 -0.213306 0.719888 0.0142364 -0.00117843
12.64 4.03411 -0.543422 -0.209895 0.721594 0.0142154 -0.00118015
12.65 4.03578 -0.543507 -0.206487 0.723301 0.0141942 -0.00118187
12.66 4.03743 -0.543605 -0.203084 0.725009 0.0141728 -0.0011836
12.67 4.03907 -0.543716 -0.199685 0.726719 0.0141512 -0.00118532
12.68 4.04069 -0.543838 -0.196292 0.728432 0.0141294 -0.00118704
12.69 4.04231 -0.54397 -0.192904 0.730147 0.0141073 -0.00118875
12.7 4.04391 -0.544109 -0.189524 0.731865 0.0140851 -0.00119044
12.71 4.0455 -0.544254 -0.18615 0.733585 0.0140626 -0.00119213
12.72 4.04707 -0.544401 -0.182785 0.735307 0.0140399 -0.00119382
12.73 4.04864 -0.544548 -0.179429 0.73703 0.014017 -0.00119551
12.74 4.05019 -0.544692 -0.176082 0.738755 0.0139938 -0.00119721
12.75 4.05173 -0.544829 -0.172746 0.740482 0.0139705 -0.00119891
12.76 4.05326 -0.544958 -0.169421 0.742211 0.013947 -0.00120061
12.77 4.05477 -0.545075 -0.166108 0.743943 0.0139232 -0.0012023
12.78 4.05627 -0.545178 -0.162808 0.745677 0.0138993 -0.00120398
12.79 4.05776 -0.545264 -0.15952 0.747414 0.0138751 -0.00120567
12.8 4.05923 -0.545332 -0.156245 0.749152 0.0138507 -0.00120736
12.81 4.06069 -0.54538 -0.152983 0.750891 0.0138261 -0.00120907
12.82 4.06214 -0.545407 -0.149734 0.752632 0.0138013 -0.00121078
12.83 4.06357 -0.545413 -0.146498 0.754376 0.0137763 -0.0012125
12.84 4.06499 -0.545398 -0.143275 0.756122 0.0137511 -0.00121421
12.85 4.06639 -0.545362 -0.140064 0.75787 0.0137257 -0.00121592
12.86 4.06778 -0.545306 -0.136865 0.759621 0.0137001 -0.00121763
12.87 4.06916 -0.545231 -0.133677 0.761374 0.0136742 -0.00121934
12.88 4.07052 -0.545139 -0.1305 0.763128 0.0136482 -0.00122106
12.89 4.07187 -0.545032 -0.127332 0.764884 0.013622 -0.00122279
12.9 4.07321 -0.544914 -0.124174 0.766641 0.0135956 -0.00122452
12.91 4.07453 -0.544785 -0.121024 0.768401 0.013569 -0.00122624
12.92 4.07584 -0.544649 -0.117882 0.770164 0.0135422 -0.00122796
12.93 4.07713 -0.54451 -0.114746 0.771929 0.0135153 -0.00122967
12.94 4.07841 -0.544369 -0.111617 0.773696 0.0134881 -0.00123137
12.95 4.07968 -0.54423 -0.108494 0.775465 0.0134608 -0.00123307
12.96 4.08093 -0.544095 -0.105376 0.777236 0.0134332 -0.00123477
12.97 4.08218 -0.543967 -0.102263 0.779008 0.0134055 -0.00123647
12.98 4.0834 -0.543847 -0.0991539 0.780782 0.0133776 -0.00123816
12.99 4.08462 -0.543737 -0.0960498 0.782558 0.0133495 -0.00123983
13 4.08582 -0.543638 -0.0929502 0.784338 0.0133213 -0.0012415
13.01 4.08701 -0.543552 -0.0898552 0.786119 0.0132929 -0.00124314
13.02 4.08819 -0.543478 -0.0867652 0.787903 0.0132642 -0.00124478
13.03 4.08936 -0.543416 -0.0836806 0.789688 0.0132355 -0.00124641
13.04 4.09051 -0.543366 -0.0806017 0.791475 0.0132065 -0.00124803
13.05 4.09165 -0.543326 -0.0775293 0.793263 0.0131774 -0.00124965
13.06 4.09277 -0.543295 -0.074464 0.795054 0.0131481 -0.00125126
13.07 4.09389 -0.543271 -0.0714065 0.796847 0.0131186 -0.00125285
13.08 4.09499 -0.543252 -0.0683578 0.798643 0.013089 -0.00125443
13.09 4.09607 -0.543234 -0.0653187 0.800441 0.0130592 -0.001256
13.1 4.09715 -0.543216 -0.06229 0.802241 0.0130292 -0.00125756
13.11 4.09821 -0.543194 -0.0592727 0.804042 0.0129991 -0.00125912
13.12 4.09926 -0.543166 -0.0562674 0.805845 0.0129688 -0.00126068
13.13 4.10029 -0.543128 -0.0532751 0.80765 0.0129384 -0.00126223
13.14 4.10132 -0.543078 -0.0502963 0.809457 0.0129077 -0.00126378
13.15 4.10232 -0.543013 -0.0473318 0.811266 0.012877 -0.00126532
13.16 4.10332 -0.542931 -0.0443821 0.813079 0.012846 -0.00126686
13.17 4.1043 -0.542831 -0.0414474 0.814893 0.0128149 -0.00126839
13.18 4.10527 -0.542709 -0.0385282 0.816709 0.0127836 -0.00126992
13.19 4.10622 -0.542566 -0.0356246 0.818527 0.0127522 -0.00127145
13.2 4.10716 -0.542401 -0.0327365 0.820346 0.0127206 -0.00127298
13.21 4.10808 -0.542213 -0.0298639 0.822167 0.0126889 -0.00127452
13.22 4.10899 -0.542003 -0.0270066 0.823991 0.012657 -0.00127606
13.23 4.10989 -0.541771 -0.0241642 0.825817 0.012625 -0.00127759
13.24 4.11078 -0.54152 -0.0213364 0.827646 0.0125928 -0.00127911
13.25 4.11165 -0.541249 -0.0185225 0.829477 0.0125605 -0.00128063
13.26 4.1125 -0.540962 -0.0157219 0.831309 0.012528 -0.00128215
13.27 4.11334 -0.540661 -0.0129342 0.833143 0.0124954 -0.00128368
13.28 4.11417 -0.540348 -0.0101584 0.834978 0.0124626 -0.0012852
13.29 4.11499 -0.540027 -0.00739417 0.836816 0.0124297 -0.00128672
13.3 4.11579 -0.539699 -0.00464072 0.838656 0.0123966 -0.00128823
13.31 4.11658 -0.539368 -0.00189751 0.840499 0.0123635 -0.00128973
13.32 4.11735 -0.539037 0.00083597 0.842344 0.0123301 -0.00129122
13.33 4.11811 -0.538707 0.00356019 0.844191 0.0122967 -0.0012927
13.34 4.11886 -0.538382 0.00627553 0.846039 0.0122631 -0.00129418
13.35 4.1196 -0.538064 0.00898224 0.847889 0.0122294 -0.00129565
13.36 4.12033 -0.537754 0.0116805 0.849741 0.0121955 -0.00129711
13.37 4.12104 -0.537454 0.0143702 0.851595 0.0121615 -0.00129856
13.38 4.12174 -0.537164 0.0170512 0.853452 0.0121274 -0.00129999
13.39 4.12242 -0.536886 0.0197233 0.855311 0.0120932 -0.00130141
13.4 4.1231 -0.536618 0.022386 0.857172 0.0120589 -0.00130282
13.41 4.12376 -0.536361 0.0250389 0.859035 0.0120244 -0.00130421
13.42 4.12441 -0.536114 0.0276813 0.8609 0.0119898 -0.0013056
13.43 4.12504 -0.535875 0.0303125 0.862766 0.011955 -0.00130698
13.44 4.12567 -0.535642 0.0329317 0.864635 0.0119202 -0.00130834
13.45 4.12628 -0.535413 0.0355381 0.866505 0.0118852 -0.0013097
13.46 4.12688 -0.535186 0.0381306 0.868378 0.0118501 -0.00131105
13.47 4.12746 -0.534957 0.0407083 0.870254 0.0118149 -0.00131238
13.48 4.12804 -0.534726 0.0432704 0.872132 0.0117796 -0.0013137
13.49 4.1286 -0.534487 0.0458159 0.874011 0.0117441 -0.00131502
13.5 4.12914 -0.534239 0.0483439 0.875892 0.0117086 -0.00131634
13.51 4.12968 -0.533979 0.0508537 0.877774 0.0116729 -0.00131766
13.52 4.1302 -0.533704 0.0533446 0.879659 0.0116371 -0.00131897
13.53 4.13071 -0.533412 0.0558158 0.881545 0.0116012 -0.00132028
13.54 4.1312 -0.533101 0.058267 0.883435 0.0115652 -0.00132158
13.55 4.13168 -0.532769 0.0606978 0.885327 0.011529 -0.00132288
13.56 4.13215 -0.532416 0.0631079 0.887221 0.0114928 -0.00132418
13.57 4.1326 -0.532039 0.0654974 0.889117 0.0114564 -0.00132548
13.58 4.13304 -0.53164 0.0678663 0.891013 0.0114199 -0.00132679
13.59 4.13347 -0.531217 0.0702148 0.892912 0.0113833 -0.0013281
13.6 4.13389 -0.530772 0.0725431 0.894813 0.0113466 -0.0013294
13.61 4.13429 -0.530306 0.0748516 0.896717 0.0113098 -0.00133071
13.62 4.13467 -0.529821 0.0771409 0.898623 0.0112729 -0.00133202
13.63 4.13505 -0.529317 0.0794114 0.900531 0.0112359 -0.00133332
13.64 4.13541 -0.528798 0.0816638 0.902441 0.0111988 -0.00133462
13.65 4.13576 -0.528266 0.0838988 0.904352 0.0111615 -0.00133593
13.66 4.13609 -0.527724 0.0861172 0.906266 0.0111242 -0.00133723
13.67 4.13641 -0.527173 0.0883196 0.908181 0.0110868 -0.00133854
13.68 4.13672 -0.526618 0.0905066 0.910098 0.0110493 -0.00133984
13.69 4.13702 -0.526061 0.0926788 0.912018 0.0110117 -0.00134113
13.7 4.1373 -0.525504 0.0948367 0.91394 0.010974 -0.00134241
13.71 4.13757 -0.52495 0.0969809 0.915865 0.0109362 -0.00134369
13.72 4.13783 -0.524402 0.0991116 0.917791 0.0108984 -0.00134496
13.73 4.13808 -0.52386 0.101229 0.919719 0.0108604 -0.00134623
13.74 4.13831 -0.523327 0.103334 0.921648 0.0108223 -0.00134749
13.75 4.13853 -0.522803 0.105425 0.923579 0.0107842 -0.00134874
13.76 4.13874 -0.522289 0.107504 0.925513 0.010746 -0.00134998
13.77 4.13894 -0.521786 0.109569 0.927449 0.0107077 -0.00135121
13.78 4.13912 -0.521293 0.11162 0.929388 0.0106693 -0.00135244
13.79 4.1393 -0.520808 0.113657 0.931329 0.0106308 -0.00135365
13.8 4.13946 -0.520332 0.11568 0.933271 0.0105923 -0.00135485
13.81 4.1396 -0.519862 0.117687 0.935215 0.0105537 -0.00135605
13.82 4.13974 -0.519396 0.119677 0.93716 0.010515 -0.00135724
13.83 4.13986 -0.518932 0.121651 0.939108 0.0104762 -0.00135843
13.84 4.13997 -0.518468 0.123607 0.941058 0.0104373 -0.00135961
13.85 4.14007 -0.518 0.125545 0.943011 0.0103984 -0.00136078
13.86 4.14015 -0.517527 0.127463 0.944966 0.0103594 -0.00136195
13.87 4.14023 -0.517045 0.12936 0.946923 0.0103202 -0.00136312
13.88 4.14028 -0.516551 0.131237 0.948881 0.0102811 -0.00136429
13.89 4.14033 -0.516044 0.133093 0.950841 0.0102418 -0.00136546
13.9 4.14036 -0.51552 0.134926 0.952802 0.0102025 -0.00136662
13.91 4.14038 -0.514978 0.136737 0.954766 0.0101631 -0.00136779
13.92 4.14039 -0.514415 0.138525 0.956733 0.0101236 -0.00136896
13.93 4.14038 -0.513831 0.140289 0.958702 0.010084 -0.00137014
13.94 4.14036 -0.513225 0.142031 0.960673 0.0100444 -0.00137132
13.95 4.14032 -0.512596 0.143749 0.962646 0.0100047 -0.0013725
13.96 4.14028 -0.511944 0.145445 0.964621 0.00996488 -0.00137369
13.97 4.14021 -0.51127 0.147117 0.966597 0.00992503 -0.00137488
13.98 4.14014 -0.510575 0.148768 0.968575 0.00988511 -0.00137608
13.99 4.14005 -0.509859 0.150396 0.970555 0.00984512 -0.00137728
14 4.13995 -0.509125 0.152004 0.972538 0.00980506 -0.00137848
14.01 4.13984 -0.508375 0.15359 0.974523 0.00976493 -0.00137969
14.02 4.13971 -0.507611 0.155157 0.976511 0.00972473 -0.0013809
14.03 4.13957 -0.506835 0.156705 0.9785 0.00968446 -0.00138211
14.04 4.13942 -0.506051 0.158235 0.98049 0.00964413 -0.00138332
14.05 4.13925 -0.505261 0.159747 0.982482 0.00960375 -0.00138453
14.06 4.13907 -0.504468 0.161242 0.984476 0.00956331 -0.00138575
14.07 4.13888 -0.503674 0.162721 0.986473 0.00952281 -0.00138695
14.08 4.13868 -0.502882 0.164185 0.988472 0.00948225 -0.00138816
14.09 4.13846 -0.502094 0.165634 0.990474 0.00944163 -0.00138936
14.1 4.13823 -0.501313 0.167069 0.992478 0.00940095 -0.00139056
14.11 4.13799 -0.500539 0.168489 0.994483 0.00936021 -0.00139175
14.12 4.13774 -0.499774 0.169896 0.996489 0.00931942 -0.00139294
14.13 4.13747 -0.499019 0.171289 0.998497 0.00927859 -0.00139412
14.14 4.13719 -0.498274 0.172668 1.00051 0.00923771 -0.00139529
14.15 4.1369 -0.497539 0.174033 1.00252 0.00919678 -0.00139645
14.16 4.1366 -0.496813 0.175383 1.00454 0.00915579 -0.00139761
14.17 4.13628 -0.496096 0.17672 1.00655 0.00911475 -0.00139876
14.18 4.13595 -0.495385 0.178041 1.00857 0.00907365 -0.00139991
14.19 4.13561 -0.49468 0.179346 1.01059 0.0090325 -0.00140105
14.2 4.13525 -0.493978 0.180635 1.01262 0.00899131 -0.00140219
14.21 4.13488 -0.493276 0.181907 1.01464 0.00895008 -0.00140332
14.22 4.1345 -0.492573 0.183162 1.01667 0.0089088 -0.00140445
14.23 4.1341 -0.491865 0.184398 1.0187 0.00886746 -0.00140557
14.24 4.13369 -0.49115 0.185615 1.02073 0.00882608 -0.00140669
14.25 4.13327 -0.490425 0.186813 1.02276 0.00878463 -0.00140782
14.26 4.13283 -0.489688 0.187991 1.0248 0.00874314 -0.00140894
14.27 4.13238 -0.488936 0.189148 1.02684 0.0087016 -0.00141006
14.28 4.13192 -0.488168 0.190284 1.02888 0.00866001 -0.00141119
14.29 4.13144 -0.48738 0.191399 1.03092 0.00861838 -0.00141232
14.3 4.13095 -0.486573 0.192493 1.03296 0.0085767 -0.00141346
14.31 4.13045 -0.485744 0.193565 1.03501 0.00853498 -0.0014146
14.32 4.12993 -0.484894 0.194616 1.03705 0.0084932 -0.00141574
14.33 4.1294 -0.484022 0.195646 1.0391 0.00845136 -0.00141689
14.34 4.12885 -0.483128 0.196655 1.04115 0.00840948 -0.00141805
14.35 4.12829 -0.482213 0.197643 1.04321 0.00836755 -0.0014192
14.36 4.12771 -0.481278 0.198612 1.04526 0.00832558 -0.00142037
14.37 4.12713 -0.480325 0.199561 1.04732 0.00828358 -0.00142153
14.38 4.12653 -0.479356 0.200492 1.04938 0.00824153 -0.0014227
14.39 4.12591 -0.478373 0.201406 1.05144 0.00819943 -0.00142388
14.4 4.12528 -0.477378 0.202302 1.05351 0.00815728 -0.00142506
14.41 4.12464 -0.476373 0.203182 1.05557 0.00811509 -0.00142623
14.42 4.12398 -0.475363 0.204047 1.05764 0.00807285 -0.00142741
14.43 4.12331 -0.474348 0.204898 1.05971 0.00803059 -0.00142859
14.44 4.12263 -0.473332 0.205735 1.06178 0.00798829 -0.00142976
14.45 4.12193 -0.472317 0.206559 1.06385 0.00794595 -0.00143093
14.46 4.12122 -0.471306 0.20737 1.06593 0.00790358 -0.00143209
14.47 4.1205 -0.4703 0.20817 1.06801 0.00786116 -0.00143326
14.48 4.11976 -0.469302 0.208958 1.07009 0.0078187 -0.00143441
14.49 4.11901 -0.468312 0.209735 1.07217 0.00777619 -0.00143556
14.5 4.11825 -0.467332 0.210501 1.07425 0.00773366 -0.0014367
14.51 4.11747 -0.466362 0.211256 1.07634 0.0076911 -0.00143784
14.52 4.11668 -0.465403 0.212 1.07842 0.0076485 -0.00143896
14.53 4.11588 -0.464453 0.212733 1.08051 0.00760588 -0.00144007
14.54 4.11506 -0.463513 0.213454 1.08261 0.00756321 -0.00144118
14.55 4.11423 -0.46258 0.214164 1.0847 0.00752051 -0.00144229
14.56 4.11338 -0.461654 0.214861 1.0868 0.00747776 -0.00144338
14.57 4.11252 -0.460732 0.215545 1.08889 0.00743497 -0.00144447
14.58 4.11165 -0.459813 0.216216 1.09099 0.00739215 -0.00144555
14.59 4.11076 -0.458893 0.216873 1.0931 0.0073493 -0.00144662
14.6 4.10986 -0.457971 0.217516 1.0952 0.00730642 -0.00144769
14.61 4.10894 -0.457044 0.218143 1.0973 0.0072635 -0.00144875
14.62 4.10801 -0.456109 0.218755 1.09941 0.00722054 -0.00144982
14.63 4.10707 -0.455164 0.21935 1.10152 0.00717753 -0.00145088
14.64 4.10611 -0.454207 0.219928 1.10364 0.00713448 -0.00145195
14.65 4.10514 -0.453234 0.220489 1.10575 0.00709138 -0.00145301
14.66 4.10415 -0.452245 0.221032 1.10786 0.00704825 -0.00145407
14.67 4.10315 -0.451238 0.221558 1.10998 0.00700509 -0.00145514
14.68 4.10213 -0.450211 0.222065 1.1121 0.00696189 -0.0014562
14.69 4.1011 -0.449165 0.222555 1.11422 0.00691865 -0.00145727
14.7 4.10005 -0.448097 0.223028 1.11635 0.00687536 -0.00145835
14.71 4.09899 -0.447009 0.223482 1.11848 0.00683203 -0.00145943
14.72 4.09791 -0.445901 0.22392 1.1206 0.00678865 -0.00146051
14.73 4.09682 -0.444774 0.224342 1.12273 0.00674523 -0.0014616
14.74 4.09572 -0.44363 0.224747 1.12486 0.00670178 -0.00146268
14.75 4.0946 -0.442469 0.225137 1.127 0.0066583 -0.00146377
14.76 4.09346 -0.441294 0.225513 1.12913 0.00661478 -0.00146486
14.77 4.09231 -0.440106 0.225874 1.13127 0.00657122 -0.00146595
14.78 4.09115 -0.43891 0.226223 1.13341 0.00652762 -0.00146704
14.79 4.08997 -0.437706 0.22656 1.13556 0.00648397 -0.00146813
14.8 4.08878 -0.436498 0.226885 1.1377 0.00644029 -0.00146922
14.81 4.08757 -0.435288 0.2272 1.13985 0.00639657 -0.00147031
14.82 4.08635 -0.434079 0.227505 1.14199 0.00635283 -0.00147139
14.83 4.08512 -0.432872 0.227801 1.14414 0.00630905 -0.00147246
14.84 4.08387 -0.431671 0.228088 1.14629 0.00626525 -0.00147352
14.85 4.08261 -0.430476 0.228366 1.14845 0.00622141 -0.00147458
14.86 4.08133 -0.42929 0.228637 1.15061 0.00617752 -0.00147563
14.87 4.08004 -0.428113 0.2289 1.15276 0.0061336 -0.00147668
14.88 4.07873 -0.426947 0.229156 1.15492 0.00608964 -0.00147772
14.89 4.07741 -0.425791 0.229404 1.15709 0.00604566 -0.00147874
14.9 4.07607 -0.424645 0.229644 1.15925 0.00600165 -0.00147974
14.91 4.07472 -0.42351 0.229877 1.16141 0.00595761 -0.00148074
14.92 4.07336 -0.422383 0.230101 1.16358 0.00591353 -0.00148173
14.93 4.07198 -0.421264 0.230316 1.16575 0.00586942 -0.00148271
14.94 4.07058 -0.420151 0.230522 1.16793 0.00582527 -0.00148369
14.95 4.06917 -0.419042 0.230718 1.1701 0.00578107 -0.00148466
14.96 4.06775 -0.417934 0.230903 1.17228 0.00573684 -0.00148562
14.97 4.06631 -0.416827 0.231078 1.17446 0.00569258 -0.00148656
14.98 4.06485 -0.415716 0.23124 1.17663 0.00564829 -0.0014875
14.99 4.06339 -0.4146 0.23139 1.17882 0.00560397 -0.00148843
15 4.0619 -0.413475 0.231526 1.181 0.0055596 -0.00148937
15.01 4.0604 -0.412341 0.231649 1.18319 0.00551519 -0.0014903
15.02 4.05889 -0.411194 0.231758 1.18538 0.00547073 -0.00149124
15.03 4.05736 -0.410032 0.231851 1.18757 0.00542623 -0.00149217
15.04 4.05581 -0.408854 0.23193 1.18976 0.00538169 -0.0014931
15.05 4.05425 -0.407659 0.231994 1.19195 0.00533712 -0.00149402
15.06 4.05268 -0.406445 0.232042 1.19415 0.00529252 -0.00149495
15.07 4.05109 -0.405211 0.232076 1.19635 0.00524787 -0.00149588
15.08 4.04948 -0.403959 0.232094 1.19855 0.00520318 -0.00149682
15.09 4.04786 -0.402687 0.232097 1.20075 0.00515844 -0.00149776
15.1 4.04623 -0.401397 0.232086 1.20295 0.00511366 -0.0014987
15.11 4.04458 -0.400089 0.232061 1.20516 0.00506884 -0.00149964
15.12 4.04292 -0.398766 0.232023 1.20737 0.00502398 -0.00150058
15.13 4.04124 -0.397428 0.231972 1.20958 0.00497909 -0.00150152
15.14 4.03954 -0.396078 0.231909 1.21179 0.00493416 -0.00150246
15.15 4.03783 -0.394718 0.231835 1.214 0.0048892 -0.0015034
15.16 4.03611 -0.39335 0.23175 1.21622 0.0048442 -0.00150434
15.17 4.03437 -0.391977 0.231656 1.21844 0.00479915 -0.00150528
15.18 4.03262 -0.390601 0.231553 1.22066 0.00475407 -0.00150622
15.19 4.03085 -0.389225 0.231441 1.22288 0.00470894 -0.00150715
15.2 4.02907 -0.387851 0.231322 1.22511 0.0046638 -0.00150806
15.21 4.02728 -0.386481 0.231196 1.22733 0.00461862 -0.00150897
15.22 4.02547 -0.385117 0.231063 1.22956 0.00457342 -0.00150987
15.23 4.02364 -0.383761 0.230924 1.23179 0.00452818 -0.00151076
15.24 4.0218 -0.382414 0.230779 1.23402 0.0044829 -0.00151165
15.25 4.01995 -0.381078 0.230628 1.23626 0.00443759 -0.00151253
15.26 4.01808 -0.379751 0.230471 1.2385 0.00439225 -0.0015134
15.27 4.01619 -0.378435 0.230309 1.24073 0.00434687 -0.00151424
15.28 4.0143 -0.37713 0.23014 1.24297 0.00430147 -0.00151508
15.29 4.01238 -0.375835 0.229965 1.24521 0.00425605 -0.0015159
15.3 4.01046 -0.374548 0.229784 1.24746 0.0042106 -0.00151671
15.31 4.00852 -0.373268 0.229595 1.24971 0.00416512 -0.00151752
15.32 4.00656 -0.371994 0.229398 1.25195 0.0041196 -0.00151832
15.33 4.00459 -0.370724 0.229192 1.2542 0.00407405 -0.00151911
15.34 4.00261 -0.369454 0.228978 1.25646 0.00402846 -0.00151989
15.35 4.00061 -0.368184 0.228753 1.25871 0.00398285 -0.00152066
15.36 3.99859 -0.366911 0.228519 1.26097 0.00393721 -0.00152142
15.37 3.99656 -0.365632 0.228273 1.26322 0.00389155 -0.00152218
15.38 3.99452 -0.364345 0.228015 1.26548 0.00384586 -0.00152293
15.39 3.99246 -0.363047 0.227745 1.26775 0.00380013 -0.00152368
15.4 3.99039 -0.361737 0.227462 1.27001 0.00375437 -0.00152444
15.41 3.9883 -0.360412 0.227167 1.27228 0.00370857 -0.00152519
15.42 3.9862 -0.359072 0.226858 1.27455 0.00366274 -0.00152594
15.43 3.98409 -0.357715 0.226535 1.27682 0.00361689 -0.00152669
15.44 3.98196 -0.35634 0.226199 1.27909 0.00357101 -0.00152743
15.45 3.97981 -0.354946 0.225849 1.28136 0.00352511 -0.00152818
15.46 3.97765 -0.353535 0.225486 1.28364 0.00347919 -0.00152893
15.47 3.97548 -0.352105 0.22511 1.28592 0.00343323 -0.00152969
15.48 3.97329 -0.350658 0.224722 1.2882 0.00338723 -0.00153046
15.49 3.97109 -0.349196 0.224321 1.29048 0.00334121 -0.00153122
15.5 3.96888 -0.347718 0.22391 1.29276 0.00329517 -0.00153198
15.51 3.96665 -0.346228 0.223487 1.29505 0.00324911 -0.00153273
15.52 3.96441 -0.344727 0.223054 1.29734 0.00320304 -0.00153348
15.53 3.96215 -0.343217 0.222612 1.29963 0.00315694 -0.00153423
15.54 3.95988 -0.341701 0.222161 1.30192 0.00311083 -0.00153498
15.55 3.9576 -0.340181 0.221703 1.30422 0.00306469 -0.00153574
15.56 3.9553 -0.33866 0.221237 1.30651 0.00301852 -0.00153648
15.57 3.95299 -0.337139 0.220765 1.30881 0.00297235 -0.00153722
15.58 3.95067 -0.335621 0.220287 1.31111 0.00292616 -0.00153794
15.59 3.94833 -0.334108 0.219803 1.31341 0.00287996 -0.00153865
15.6 3.94598 -0.332603 0.219315 1.31572 0.00283376 -0.00153935
15.61 3.94362 -0.331105 0.218823 1.31802 0.00278755 -0.00154005
15.62 3.94124 -0.329617 0.218326 1.32033 0.00274132 -0.00154073
15.63 3.93885 -0.328139 0.217824 1.32264 0.00269508 -0.00154141
15.64 3.93645 -0.326671 0.217319 1.32495 0.00264883 -0.00154207
15.65 3.93403 -0.325215 0.216809 1.32727 0.00260256 -0.00154272
15.66 3.9316 -0.323768 0.216295 1.32958 0.0025563 -0.00154335
15.67 3.92916 -0.322331 0.215776 1.3319 0.00251004 -0.00154396
15.68 3.92671 -0.320902 0.215251 1.33422 0.00246377 -0.00154456
15.69 3.92424 -0.319481 0.214721 1.33654 0.0024175 -0.00154515
15.7 3.92176 -0.318064 0.214185 1.33887 0.00237122 -0.00154573
15.71 3.91926 -0.31665 0.213641 1.34119 0.00232493 -0.0015463
15.72 3.91676 -0.315238 0.21309 1.34352 0.00227863 -0.00154687
15.73 3.91424 -0.313824 0.212531 1.34585 0.00223233 -0.00154742
15.74 3.9117 -0.312406 0.211963 1.34818 0.00218603 -0.00154795
15.75 3.90916 -0.310983 0.211385 1.35052 0.00213974 -0.00154848
15.76 3.9066 -0.309551 0.210798 1.35285 0.00209344 -0.001549
15.77 3.90403 -0.308109 0.2102 1.35519 0.00204715 -0.00154952
15.78 3.90145 -0.306655 0.209592 1.35753 0.00200084 -0.00155005
15.79 3.89886 -0.305187 0.208972 1.35987 0.00195454 -0.00155057
15.8 3.89625 -0.303703 0.208341 1.36222 0.00190823 -0.00155108
15.81 3.89363 -0.302203 0.207699 1.36456 0.00186192 -0.00155159
15.82 3.891 -0.300685 0.207046 1.36691 0.00181563 -0.00155209
15.83 3.88836 -0.299151 0.206382 1.36926 0.00176934 -0.00155259
15.84 3.8857 -0.297598 0.205707 1.37161 0.00172307 -0.00155309
15.85 3.88304 -0.296029 0.205022 1.37397 0.00167679 -0.0015536
15.86 3.88036 -0.294444 0.204327 1.37632 0.00163052 -0.0015541
15.87 3.87767 -0.292844 0.203622 1.37868 0.00158426 -0.0015546
15.88 3.87497 -0.29123 0.202909 1.38104 0.00153801 -0.0015551
15.89 3.87226 -0.289605 0.202188 1.3834 0.00149178 -0.00155558
15.9 3.86953 -0.287969 0.20146 1.38577 0.00144556 -0.00155606
15.91 3.8668 -0.286327 0.200726 1.38813 0.00139937 -0.00155653
15.92 3.86405 -0.284679 0.199986 1.3905 0.0013532 -0.001557
15.93 3.86129 -0.283028 0.199241 1.39287 0.00130705 -0.00155746
15.94 3.85852 -0.281376 0.198492 1.39524 0.00126091 -0.00155791
15.95 3.85574 -0.279726 0.19774 1.39762 0.00121479 -0.00155835
15.96 3.85295 -0.27808 0.196985 1.39999 0.0011687 -0.00155878
15.97 3.85014 -0.276439 0.196228 1.40237 0.00112265 -0.00155918
15.98 3.84733 -0.274806 0.195469 1.40475 0.00107662 -0.00155957
15.99 3.84451 -0.273181 0.194709 1.40713 0.00103063 -0.00155994
16 3.84167 -0.271566 0.193947 1.40951 0.000984671 -0.0015603
16.01 3.83882 -0.269961 0.193184 1.4119 0.000938737 -0.00156065
16.02 3.83597 -0.268367 0.19242 1.41429 0.000892829 -0.00156098
16.03 3.8331 -0.266783 0.191655 1.41668 0.000846955 -0.00156129
16.04 3.83022 -0.265209 0.190889 1.41907 0.000801116 -0.00156158
16.05 3.82733 -0.263645 0.190121 1.42146 0.00075532 -0.00156184
16.06 3.82443 -0.262088 0.18935 1.42386 0.000709565 -0.00156209
16.07 3.82153 -0.260539 0.188577 1.42626 0.000663847 -0.00156232
16.08 3.81861 -0.258994 0.1878 1.42866 0.000618164 -0.00156254
16.09 3.81568 -0.257451 0.18702 1.43106 0.000572513 -0.00156275
16.1 3.81274 -0.25591 0.186235 1.43346 0.000526897 -0.00156294
16.11 3.80979 -0.254367 0.185446 1.43587 0.000481318 -0.00156312
16.12 3.80683 -0.25282 0.184651 1.43828 0.000435784 -0.00156328
16.13 3.80387 -0.251267 0.18385 1.44068 0.000390294 -0.00156342
16.14 3.80089 -0.249706 0.183042 1.44309 0.00034485 -0.00156355
16.15 3.7979 -0.248134 0.182227 1.44551 0.000299445 -0.00156368
16.16 3.79491 -0.24655 0.181406 1.44792 0.00025408 -0.00156381
16.17 3.7919 -0.244953 0.180576 1.45034 0.000208751 -0.00156393
16.18 3.78889 -0.24334 0.17974 1.45276 0.000163462 -0.00156404
16.19 3.78586 -0.241712 0.178895 1.45518 0.000118219 -0.00156414
16.2 3.78283 -0.240067 0.178044 1.45761 7.30266e-05 -0.00156423
16.21 3.77979 -0.238405 0.177185 1.46003 2.78858e-05 -0.00156431
16.22 3.77674 -0.236726 0.176319 1.46246 -1.72049e-05 -0.00156439
16.23 3.77368 -0.235031 0.175447 1.46489 -6.22477e-05 -0.00156446
16.24 3.77061 -0.233321 0.17457 1.46732 -0.000107246 -0.00156454
16.25 3.76753 -0.231597 0.173687 1.46975 -0.000152196 -0.00156461
16.26 3.76444 -0.229861 0.172799 1.47219 -0.000197096 -0.00156467
16.27 3.76135 -0.228113 0.171908 1.47463 -0.000241937 -0.00156472
16.28 3.75825 -0.226357 0.171014 1.47706 -0.000286719 -0.00156475
16.29 3.75514 -0.224594 0.170117 1.47951 -0.000331438 -0.00156477
16.3 3.75201 -0.222827 0.169219 1.48195 -0.000376097 -0.00156478
16.31 3.74889 -0.221058 0.168321 1.48439 -0.000420699 -0.00156479
16.32 3.74575 -0.219289 0.167423 1.48684 -0.000465245 -0.00156478
16.33 3.7426 -0.217522 0.166525 1.48929 -0.000509732 -0.00156477
16.34 3.73945 -0.21576 0.165628 1.49174 -0.000554155 -0.00156473
16.35 3.73629 -0.214004 0.164734 1.4942 -0.00059851 -0.00156467
16.36 3.73312 -0.212256 0.163841 1.49665 -0.000642792 -0.00156458
16.37 3.72995 -0.210517 0.162951 1.49911 -0.000687005 -0.00156447
16.38 3.72676 -0.208788 0.162064 1.50157 -0.000731148 -0.00156436
16.39 3.72357 -0.20707 0.161179 1.50403 -0.000775229 -0.00156422
16.4 3.72037 -0.205362 0.160297 1.50649 -0.000819244 -0.00156408
16.41 3.71716 -0.203665 0.159417 1.50896 -0.000863194 -0.00156391
16.42 3.71395 -0.201979 0.15854 1.51142 -0.000907073 -0.00156371
16.43 3.71072 -0.200302 0.157665 1.51389 -0.000950877 -0.00156349
16.44 3.70749 -0.198633 0.156791 1.51636 -0.000994605 -0.00156325
16.45 3.70426 -0.196971 0.155918 1.51883 -0.00103826 -0.00156299
16.46 3.70101 -0.195313 0.155045 1.52131 -0.00108185 -0.00156272
16.47 3.69776 -0.193659 0.154173 1.52379 -0.00112537 -0.00156245
16.48 3.6945 -0.192005 0.1533 1.52627 -0.00116882 -0.00156216
16.49 3.69124 -0.19035 0.152425 1.52875 -0.00121221 -0.00156185
16.5 3.68797 -0.188691 0.151549 1.53123 -0.00125552 -0.00156153
16.51 3.68469 -0.187026 0.150671 1.53371 -0.00129876 -0.00156119
16.52 3.68141 -0.185354 0.14979 1.5362 -0.00134192 -0.00156083
16.53 3.67811 -0.183671 0.148906 1.53869 -0.00138501 -0.00156048
16.54 3.67482 -0.181976 0.148019 1.54118 -0.00142803 -0.00156012
16.55 3.67151 -0.180269 0.147128 1.54367 -0.00147099 -0.00155976
16.56 3.6682 -0.178546 0.146234 1.54617 -0.00151388 -0.0015594
16.57 3.66488 -0.176809 0.145336 1.54866 -0.00155669 -0.00155904
16.58 3.66156 -0.175055 0.144435 1.55116 -0.00159943 -0.00155865
16.59 3.65823 -0.173286 0.143531 1.55366 -0.00164209 -0.00155826
16.6 3.65489 -0.1715 0.142624 1.55616 -0.00168468 -0.00155787
16.61 3.65155 -0.1697 0.141715 1.55867 -0.00172719 -0.00155748
16.62 3.6482 -0.167884 0.140803 1.56118 -0.00176963 -0.00155709
16.63 3.64485 -0.166056 0.139891 1.56368 -0.001812 -0.0015567
16.64 3.64149 -0.164217 0.138978 1.5662 -0.00185429 -0.00155631
16.65 3.63812 -0.162367 0.138065 1.56871 -0.00189651 -0.00155591
16.66 3.63475 -0.16051 0.137153 1.57122 -0.00193865 -0.00155548
16.67 3.63137 -0.158648 0.136243 1.57374 -0.00198071 -0.00155505
16.68 3.62798 -0.156782 0.135335 1.57625 -0.00202268 -0.00155462
16.69 3.62459 -0.154916 0.13443 1.57877 -0.00206458 -0.00155417
16.7 3.6212 -0.153051 0.133528 1.5813 -0.00210641 -0.00155373
16.71 3.6178 -0.151189 0.132631 1.58382 -0.00214816 -0.00155328
16.72 3.61439 -0.149332 0.131738 1.58635 -0.00218983 -0.00155281
16.73 3.61098 -0.147483 0.130851 1.58888 -0.00223142 -0.00155232
16.74 3.60756 -0.145643 0.129968 1.59141 -0.00227293 -0.00155181
16.75 3.60414 -0.143813 0.129092 1.59394 -0.00231436 -0.00155129
16.76 3.60071 -0.141994 0.128221 1.59647 -0.0023557 -0.00155075
16.77 3.59728 -0.140186 0.127355 1.59901 -0.00239697 -0.0015502
16.78 3.59384 -0.13839 0.126496 1.60155 -0.00243816 -0.00154965
16.79 3.59039 -0.136606 0.125641 1.60409 -0.00247928 -0.00154909
16.8 3.58695 -0.134833 0.124791 1.60663 -0.00252033 -0.0015485
16.81 3.58349 -0.133069 0.123946 1.60917 -0.00256129 -0.00154789
16.82 3.58004 -0.131315 0.123105 1.61172 -0.00260217 -0.00154726
16.83 3.57657 -0.129568 0.122267 1.61427 -0.00264298 -0.00154662
16.84 3.57311 -0.127826 0.121432 1.61681 -0.00268371 -0.00154597
16.85 3.56964 -0.126088 0.120599 1.61937 -0.00272437 -0.00154533
16.86 3.56616 -0.124352 0.119768 1.62192 -0.00276496 -0.00154468
16.87 3.56268 -0.122615 0.118938 1.62448 -0.00280548 -0.00154403
16.88 3.5592 -0.120874 0.118109 1.62704 -0.00284593 -0.00154336
16.89 3.55571 -0.119129 0.11728 1.62959 -0.0028863 -0.00154267
16.9 3.55221 -0.117376 0.11645 1.63216 -0.0029266 -0.00154198
16.91 3.54872 -0.115614 0.11562 1.63472 -0.00296683 -0.00154129
16.92 3.54522 -0.113841 0.114788 1.63728 -0.00300699 -0.00154061
16.93 3.54171 -0.112056 0.113956 1.63985 -0.00304708 -0.00153994
16.94 3.5382 -0.110257 0.113122 1.64242 -0.00308711 -0.00153927
16.95 3.53469 -0.108444 0.112287 1.64499 -0.00312707 -0.0015386
16.96 3.53117 -0.106616 0.111451 1.64757 -0.00316697 -0.00153793
16.97 3.52765 -0.104773 0.110615 1.65014 -0.00320679 -0.00153725
16.98 3.52412 -0.102916 0.109778 1.65272 -0.00324654 -0.00153657
16.99 3.52059 -0.101044 0.108941 1.6553 -0.00328623 -0.00153589
17 3.51706 -0.0991597 0.108104 1.65788 -0.00332585 -0.00153523
17.01 3.51352 -0.0972634 0.107269 1.66046 -0.0033654 -0.00153458
17.02 3.50998 -0.0953572 0.106436 1.66305 -0.0034049 -0.00153393
17.03 3.50643 -0.0934429 0.105605 1.66564 -0.00344432 -0.00153328
17.04 3.50288 -0.0915226 0.104778 1.66823 -0.00348368 -0.00153261
17.05 3.49933 -0.0895984 0.103954 1.67082 -0.00352297 -0.00153194
17.06 3.49577 -0.0876727 0.103135 1.67341 -0.00356219 -0.00153126
17.07 3.49221 -0.0857477 0.10232 1.676 -0.00360135 -0.00153059
17.08 3.48865 -0.0838258 0.101512 1.6786 -0.00364044 -0.00152993
17.09 3.48508 -0.081909 0.100709 1.6812 -0.00367947 -0.00152926
17.1 3.48151 -0.0799995 0.0999129 1.6838 -0.00371844 -0.00152859
17.11 3.47794 -0.0780991 0.0991236 1.6864 -0.00375735 -0.0015279
17.12 3.47436 -0.0762093 0.0983411 1.68901 -0.00379619 -0.00152719
17.13 3.47078 -0.0743313 0.0975658 1.69162 -0.00383496 -0.00152647
17.14 3.4672 -0.0724661 0.0967974 1.69422 -0.00387367 -0.00152575
17.15 3.46361 -0.070614 0.096036 1.69683 -0.00391233 -0.00152502
17.16 3.46003 -0.0687752 0.0952812 1.69945 -0.00395092 -0.0015243
17.17 3.45644 -0.0669496 0.0945327 1.70206 -0.00398947 -0.00152357
17.18 3.45284 -0.0651366 0.0937902 1.70468 -0.00402795 -0.00152283
17.19 3.44925 -0.0633353 0.0930531 1.7073 -0.00406638 -0.00152207
17.2 3.44565 -0.0615444 0.0923209 1.70992 -0.00410475 -0.0015213
17.21 3.44205 -0.0597622 0.0915931 1.71254 -0.00414307 -0.00152052
17.22 3.43844 -0.057987 0.090869 1.71516 -0.00418133 -0.00151974
17.23 3.43484 -0.0562167 0.090148 1.71779 -0.00421954 -0.00151897
17.24 3.43123 -0.0544491 0.0894294 1.72042 -0.00425771 -0.00151821
17.25 3.42762 -0.0526822 0.0887126 1.72305 -0.00429583 -0.00151745
17.26 3.42401 -0.0509136 0.0879971 1.72568 -0.0043339 -0.00151668
17.27 3.42039 -0.0491413 0.0872824 1.72832 -0.00437193 -0.00151591
17.28 3.41677 -0.0473631 0.086568 1.73095 -0.0044099 -0.00151513
17.29 3.41316 -0.0455771 0.0858537 1.73359 -0.00444783 -0.00151436
17.3 3.40954 -0.0437815 0.0851391 1.73623 -0.00448572 -0.0015136
17.31 3.40591 -0.0419749 0.0844241 1.73887 -0.00452356 -0.00151286
17.32 3.40229 -0.0401563 0.0837086 1.74152 -0.00456136 -0.00151214
17.33 3.39866 -0.0383249 0.0829927 1.74417 -0.00459913 -0.00151142
17.34 3.39503 -0.0364803 0.0822766 1.74681 -0.00463685 -0.00151071
17.35 3.3914 -0.0346226 0.0815605 1.74946 -0.00467453 -0.00151
17.36 3.38777 -0.0327521 0.0808449 1.75211 -0.00471216 -0.00150928
17.37 3.38414 -0.0308695 0.08013 1.75477 -0.00474976 -0.00150858
17.38 3.3805 -0.0289758 0.0794165 1.75742 -0.00478731 -0.0015079
17.39 3.37686 -0.0270725 0.078705 1.76008 -0.00482483 -0.00150723
17.4 3.37323 -0.0251612 0.0779959 1.76274 -0.00486231 -0.00150659
17.41 3.36959 -0.0232441 0.0772901 1.7654 -0.00489976 -0.00150594
17.42 3.36594 -0.0213233 0.0765881 1.76807 -0.00493716 -0.0015053
17.43 3.3623 -0.0194011 0.0758906 1.77073 -0.00497453 -0.00150464
17.44 3.35866 -0.0174799 0.0751982 1.7734 -0.00501185 -0.00150398
17.45 3.35501 -0.0155618 0.0745115 1.77607 -0.00504914 -0.00150333
17.46 3.35137 -0.0136494 0.0738309 1.77874 -0.0050864 -0.0015027
17.47 3.34772 -0.0117447 0.0731571 1.78141 -0.00512362 -0.00150207
17.48 3.34407 -0.00984988 0.0724902 1.78409 -0.0051608 -0.00150146
17.49 3.34042 -0.00796677 0.0718305 1.78677 -0.00519795 -0.00150083
17.5 3.33677 -0.00609695 0.0711783 1.78945 -0.00523507 -0.00150019
17.51 3.33312 -0.00424159 0.0705336 1.79213 -0.00527215 -0.00149953
17.52 3.32947 -0.00240153 0.0698964 1.79481 -0.0053092 -0.00149887
17.53 3.32582 -0.00057721 0.0692664 1.7975 -0.00534622 -0.00149822
17.54 3.32217 0.00123129 0.0686435 1.80018 -0.00538321 -0.00149758
17.55 3.31852 0.00302421 0.0680273 1.80287 -0.00542017 -0.00149694
17.56 3.31487 0.00480219 0.0674172 1.80557 -0.0054571 -0.00149631
17.57 3.31122 0.00656617 0.0668128 1.80826 -0.00549401 -0.00149567
17.58 3.30757 0.00831751 0.0662135 1.81095 -0.00553088 -0.00149501
17.59 3.30392 0.0100578 0.0656187 1.81365 -0.00556774 -0.00149434
17.6 3.30028 0.0117891 0.0650278 1.81635 -0.00560456 -0.00149367
17.61 3.29663 0.0135134 0.0644401 1.81905 -0.00564137 -0.00149302
17.62 3.29298 0.015233 0.0638551 1.82175 -0.00567815 -0.00149239
17.63 3.28933 0.0169501 0.063272 1.82446 -0.00571491 -0.00149178
17.64 3.28568 0.0186669 0.0626904 1.82716 -0.00575165 -0.00149117
17.65 3.28204 0.0203855 0.0621098 1.82987 -0.00578837 -0.00149055
17.66 3.27839 0.0221082 0.0615298 1.83258 -0.00582507 -0.00148993
17.67 3.27475 0.0238367 0.06095 1.83529 -0.00586175 -0.00148932
17.68 3.27111 0.025573 0.0603703 1.83801 -0.00589841 -0.00148872
17.69 3.26746 0.0273182 0.0597905 1.84073 -0.00593505 -0.00148814
17.7 3.26382 0.0290736 0.0592106 1.84344 -0.00597168 -0.0014876
17.71 3.26018 0.0308398 0.0586306 1.84617 -0.00600828 -0.00148707
17.72 3.25654 0.0326171 0.0580508 1.84889 -0.00604487 -0.00148655
17.73 3.2529 0.0344052 0.0574715 1.85161 -0.00608144 -0.00148603
17.74 3.24927 0.0362039 0.0568929 1.85434 -0.00611799 -0.00148551
17.75 3.24563 0.0380123 0.0563156 1.85707 -0.00615452 -0.001485
17.76 3.242 0.0398292 0.0557401 1.8598 -0.00619104 -0.0014845
17.77 3.23837 0.0416532 0.0551669 1.86253 -0.00622754 -0.00148404
17.78 3.23474 0.0434823 0.0545967 1.86526 -0.00626402 -0.0014836
17.79 3.23111 0.0453146 0.05403 1.868 -0.00630048 -0.00148317
17.8 3.22748 0.0471476 0.0534675 1.87074 -0.00633692 -0.00148274
17.81 3.22386 0.0489789 0.0529097 1.87348 -0.00637335 -0.00148231
17.82 3.22024 0.0508062 0.0523574 1.87622 -0.00640975 -0.00148186
17.83 3.21662 0.052627 0.0518109 1.87896 -0.00644614 -0.00148142
17.84 3.213 0.0544391 0.0512708 1.88171 -0.00648251 -0.00148099
17.85 3.20939 0.0562401 0.0507375 1.88445 -0.00651886 -0.00148058
17.86 3.20578 0.058028 0.0502112 1.88721 -0.00655519 -0.00148018
17.87 3.20217 0.0598009 0.0496922 1.88996 -0.00659151 -0.00147978
17.88 3.19856 0.0615573 0.0491805 1.89271 -0.0066278 -0.00147936
17.89 3.19496 0.0632959 0.0486762 1.89547 -0.00666408 -0.00147892
17.9 3.19137 0.065016 0.0481793 1.89822 -0.00670035 -0.00147848
17.91 3.18777 0.0667173 0.0476895 1.90098 -0.00673659 -0.00147803
17.92 3.18418 0.0683998 0.0472065 1.90374 -0.00677283 -0.0014776
17.93 3.18059 0.0700637 0.04673 1.90651 -0.00680904 -0.00147718
17.94 3.17701 0.0717099 0.0462596 1.90927 -0.00684524 -0.00147676
17.95 3.17343 0.0733394 0.0457947 1.91204 -0.00688142 -0.00147633
17.96 3.16986 0.0749536 0.0453348 1.91481 -0.00691759 -0.00147589
17.97 3.16629 0.0765543 0.0448794 1.91758 -0.00695374 -0.00147544
17.98 3.16272 0.0781436 0.0444278 1.92035 -0.00698988 -0.00147498
17.99 3.15916 0.0797235 0.0439795 1.92313 -0.00702601 -0.00147452
18 3.15561 0.0812966 0.043534 1.9259 -0.00706212 -0.00147409
18.01 3.15205 0.082865 0.0430906 1.92868 -0.00709822 -0.00147367
18.02 3.14851 0.0844311 0.0426488 1.93146 -0.0071343 -0.00147326
18.03 3.14496 0.085997 0.0422084 1.93425 -0.00717037 -0.00147285
18.04 3.14143 0.0875649 0.0417688 1.93703 -0.00720642 -0.00147242
18.05 3.1379 0.0891368 0.0413298 1.93982 -0.00724246 -0.00147199
18.06 3.13437 0.0907142 0.0408912 1.94261 -0.00727848 -0.00147156
18.07 3.13085 0.0922987 0.0404528 1.9454 -0.0073145 -0.00147116
18.08 3.12733 0.0938912 0.0400148 1.94819 -0.00735049 -0.00147078
18.09 3.12382 0.0954923 0.0395771 1.95098 -0.00738647 -0.00147042
18.1 3.12032 0.0971022 0.03914 1.95378 -0.00742242 -0.00147006
18.11 3.11682 0.0987208 0.0387038 1.95658 -0.00745836 -0.00146971
18.12 3.11332 0.100347 0.0382688 1.95938 -0.00749428 -0.00146934
18.13 3.10984 0.101981 0.0378355 1.96218 -0.00753019 -0.00146896
18.14 3.10636 0.10362 0.0374043 1.96498 -0.00756607 -0.0014686
18.15 3.10288 0.105264 0.0369759 1.96779 -0.00760194 -0.00146825
18.16 3.09941 0.10691 0.0365507 1.9706 -0.00763779 -0.00146793
18.17 3.09595 0.108556 0.0361294 1.97341 -0.0076736 -0.00146761
18.18 3.0925 0.110199 0.0357125 1.97622 -0.0077094 -0.00146729
18.19 3.08905 0.111837 0.0353006 1.97904 -0.00774517 -0.00146695
18.2 3.08561 0.113468 0.0348941 1.98185 -0.00778092 -0.00146659
18.21 3.08218 0.115089 0.0344937 1.98467 -0.00781664 -0.00146622
18.22 3.07876 0.116698 0.0340997 1.98749 -0.00785235 -0.00146586
18.23 3.07534 0.118292 0.0337123 1.99031 -0.00788803 -0.0014655
18.24 3.07193 0.119869 0.033332 1.99313 -0.00792367 -0.00146515
18.25 3.06853 0.121428 0.0329587 1.99596 -0.00795929 -0.00146479
18.26 3.06514 0.122967 0.0325925 1.99879 -0.00799488 -0.00146442
18.27 3.06175 0.124485 0.0322334 2.00162 -0.00803045 -0.00146401
18.28 3.05838 0.125981 0.0318812 2.00445 -0.00806599 -0.00146358
18.29 3.05501 0.127455 0.0315357 2.00728 -0.0081015 -0.00146314
18.3 3.05165 0.128907 0.0311965 2.01011 -0.00813699 -0.00146269
18.31 3.0483 0.130338 0.0308634 2.01295 -0.00817244 -0.00146226
18.32 3.04496 0.131748 0.0305357 2.01579 -0.00820786 -0.00146183
18.33 3.04163 0.133139 0.030213 2.01863 -0.00824326 -0.00146138
18.34 3.03831 0.134512 0.0298946 2.02148 -0.00827861 -0.00146092
18.35 3.035 0.13587 0.02958 2.02432 -0.00831394 -0.00146042
18.36 3.0317 0.137213 0.0292686 2.02717 -0.00834924 -0.0014599
18.37 3.02841 0.138546 0.0289598 2.03001 -0.00838451 -0.00145938
18.38 3.02513 0.139869 0.028653 2.03286 -0.00841975 -0.00145887
18.39 3.02185 0.141186 0.0283477 2.03572 -0.00845495 -0.00145838
18.4 3.01859 0.142499 0.0280433 2.03857 -0.00849012 -0.00145789
18.41 3.01534 0.14381 0.0277396 2.04143 -0.00852525 -0.0014574
18.42 3.0121 0.145122 0.0274361 2.04429 -0.00856034 -0.00145688
18.43 3.00887 0.146435 0.0271326 2.04715 -0.00859539 -0.00145635
18.44 3.00564 0.147753 0.026829 2.05001 -0.00863041 -0.00145581
18.45 3.00243 0.149076 0.0265252 2.05287 -0.0086654 -0.00145527
18.46 2.99924 0.150405 0.0262212 2.05574 -0.00870034 -0.00145476
18.47 2.99605 0.151741 0.0259173 2.05861 -0.00873524 -0.00145427
18.48 2.99287 0.153084 0.0256135 2.06148 -0.0087701 -0.00145378
18.49 2.9897 0.154433 0.0253102 2.06435 -0.0088049 -0.00145328
18.5 2.98655 0.155788 0.0250078 2.06722 -0.00883966 -0.00145276
18.51 2.98341 0.157148 0.0247067 2.0701 -0.00887438 -0.00145223
18.52 2.98028 0.158511 0.0244075 2.07298 -0.00890906 -0.00145169
18.53 2.97716 0.159876 0.0241107 2.07586 -0.00894369 -0.00145116
18.54 2.97405 0.16124 0.0238168 2.07874 -0.00897827 -0.00145064
18.55 2.97096 0.162601 0.0235264 2.08162 -0.0090128 -0.00145014
18.56 2.96788 0.163957 0.0232399 2.08451 -0.00904727 -0.00144963
18.57 2.96481 0.165305 0.0229578 2.0874 -0.00908168 -0.0014491
18.58 2.96175 0.166642 0.0226805 2.09028 -0.00911604 -0.00144854
18.59 2.95871 0.167965 0.0224086 2.09318 -0.00915036 -0.00144795
18.6 2.95568 0.169274 0.0221422 2.09607 -0.00918462 -0.00144735
18.61 2.95266 0.170564 0.0218817 2.09896 -0.00921883 -0.00144676
18.62 2.94966 0.171835 0.0216272 2.10186 -0.00925298 -0.00144618
18.63 2.94667 0.173084 0.0213788 2.10476 -0.00928706 -0.00144559
18.64 2.9437 0.17431 0.0211365 2.10766 -0.00932108 -0.00144498
18.65 2.94074 0.175512 0.0209 2.11056 -0.00935504 -0.00144433
18.66 2.93779 0.176689 0.0206692 2.11347 -0.00938895 -0.00144366
18.67 2.93486 0.177842 0.0204438 2.11637 -0.0094228 -0.00144295
18.68 2.93194 0.17897 0.0202233 2.11928 -0.00945659 -0.00144224
18.69 2.92904 0.180075 0.0200075 2.12219 -0.00949032 -0.00144153
18.7 2.92615 0.181157 0.0197956 2.12511 -0.00952399 -0.00144082
18.71 2.92327 0.182218 0.0195872 2.12802 -0.00955759 -0.00144011
18.72 2.92041 0.183259 0.0193816 2.13094 -0.00959112 -0.00143938
18.73 2.91757 0.184283 0.0191782 2.13386 -0.00962458 -0.00143861
18.74 2.91474 0.185292 0.0189764 2.13678 -0.00965799 -0.00143782
18.75 2.91193 0.186289 0.0187755 2.1397 -0.00969133 -0.001437
18.76 2.90913 0.187275 0.018575 2.14262 -0.00972462 -0.0014362
18.77 2.90634 0.188254 0.0183744 2.14555 -0.00975783 -0.00143541
18.78 2.90358 0.189228 0.0181731 2.14848 -0.00979097 -0.00143463
18.79 2.90082 0.1902 0.0179707 2.15141 -0.00982403 -0.00143385
18.8 2.89809 0.191171 0.0177669 2.15434 -0.00985702 -0.00143304
18.81 2.89537 0.192143 0.0175614 2.15727 -0.00988994 -0.00143222
18.82 2.89266 0.193118 0.017354 2.16021 -0.00992279 -0.00143137
18.83 2.88997 0.194098 0.0171448 2.16314 -0.00995557 -0.00143053
18.84 2.8873 0.195082 0.0169337 2.16608 -0.00998828 -0.0014297
18.85 2.88464 0.196073 0.0167208 2.16903 -0.0100209 -0.00142889
18.86 2.882 0.197069 0.0165064 2.17197 -0.0100535 -0.0014281
18.87 2.87938 0.19807 0.0162908 2.17492 -0.0100859 -0.0014273
18.88 2.87678 0.199075 0.0160742 2.17786 -0.0101183 -0.00142648
18.89 2.87419 0.200083 0.0158571 2.18081 -0.0101506 -0.00142563
18.9 2.87162 0.201093 0.01564 2.18376 -0.0101828 -0.00142478
18.91 2.86906 0.202101 0.0154233 2.18671 -0.010215 -0.00142392
18.92 2.86652 0.203108 0.0152075 2.18967 -0.010247 -0.00142308
18.93 2.86401 0.204109 0.0149933 2.19263 -0.010279 -0.00142225
18.94 2.8615 0.205102 0.0147811 2.19559 -0.0103109 -0.00142143
18.95 2.85902 0.206084 0.0145712 2.19855 -0.0103427 -0.00142059
18.96 2.85656 0.207054 0.0143642 2.20151 -0.0103744 -0.00141971
18.97 2.85411 0.208008 0.0141603 2.20447 -0.010406 -0.00141881
18.98 2.85168 0.208943 0.0139599 2.20744 -0.0104375 -0.00141788
18.99 2.84927 0.209859 0.0137632 2.21041 -0.010469 -0.00141696
19 2.84688 0.210752 0.0135703 2.21338 -0.0105003 -0.00141604
19.01 2.8445 0.211622 0.0133813 2.21635 -0.0105316 -0.00141513
19.02 2.84215 0.212466 0.0131961 2.21933 -0.0105628 -0.0014142
19.03 2.83981 0.213285 0.0130145 2.2223 -0.0105938 -0.00141325
19.04 2.8375 0.214077 0.0128362 2.22528 -0.0106248 -0.00141226
19.05 2.8352 0.214843 0.012661 2.22826 -0.0106557 -0.00141124
19.06 2.83292 0.215583 0.0124883 2.23124 -0.0106865 -0.0014102
19.07 2.83066 0.216298 0.0123177 2.23422 -0.0107172 -0.00140917
19.08 2.82842 0.21699 0.0121487 2.23721 -0.0107478 -0.00140815
19.09 2.82619 0.217661 0.0119806 2.2402 -0.0107783 -0.00140713
19.1 2.82399 0.218311 0.0118128 2.24319 -0.0108087 -0.0014061
19.11 2.82181 0.218944 0.0116448 2.24618 -0.010839 -0.00140504
19.12 2.81964 0.219562 0.0114757 2.24917 -0.0108692 -0.00140396
19.13 2.8175 0.220167 0.0113051 2.25217 -0.0108994 -0.00140285
19.14 2.81537 0.220762 0.0111323 2.25516 -0.0109294 -0.00140174
19.15 2.81327 0.221351 0.0109569 2.25816 -0.0109594 -0.00140065
19.16 2.81118 0.221934 0.0107783 2.26116 -0.0109892 -0.00139959
19.17 2.80911 0.222516 0.0105962 2.26417 -0.0110189 -0.00139853
19.18 2.80707 0.223097 0.0104101 2.26717 -0.0110485 -0.00139747
19.19 2.80504 0.22368 0.0102199 2.27018 -0.0110781 -0.00139638
19.2 2.80303 0.224267 0.0100254 2.27319 -0.0111075 -0.00139527
19.21 2.80104 0.224857 0.00982647 2.2762 -0.0111368 -0.00139416
19.22 2.79908 0.225453 0.00962326 2.27921 -0.0111661 -0.00139307
19.23 2.79713 0.226055 0.00941587 2.28222 -0.0111952 -0.001392
19.24 2.7952 0.226661 0.0092045 2.28524 -0.0112242 -0.00139096
19.25 2.7933 0.227273 0.00898941 2.28826 -0.0112531 -0.00138993
19.26 2.79141 0.227888 0.00877092 2.29128 -0.0112819 -0.00138888
19.27 2.78955 0.228506 0.0085494 2.2943 -0.0113106 -0.00138781
19.28 2.78771 0.229123 0.00832531 2.29733 -0.0113392 -0.00138673
19.29 2.78588 0.229739 0.00809911 2.30035 -0.0113677 -0.00138565
19.3 2.78408 0.230352 0.0078713 2.30338 -0.0113961 -0.00138458
19.31 2.7823 0.230957 0.00764237 2.30641 -0.0114244 -0.00138353
19.32 2.78054 0.231554 0.00741275 2.30944 -0.0114526 -0.0013825
19.33 2.7788 0.232139 0.00718285 2.31248 -0.0114806 -0.00138147
19.34 2.77709 0.232709 0.00695301 2.31551 -0.0115086 -0.00138041
19.35 2.77539 0.233262 0.00672354 2.31855 -0.0115364 -0.00137932
19.36 2.77372 0.233796 0.00649468 2.32159 -0.0115642 -0.00137821
19.37 2.77206 0.234308 0.00626662 2.32463 -0.0115918 -0.0013771
19.38 2.77043 0.234797 0.00603945 2.32767 -0.0116194 -0.001376
19.39 2.76882 0.235261 0.00581317 2.33072 -0.0116468 -0.00137492
19.4 2.76723 0.2357 0.00558768 2.33376 -0.0116741 -0.00137384
19.41 2.76566 0.236112 0.00536277 2.33681 -0.0117013 -0.00137274
19.42 2.76412 0.236498 0.00513814 2.33986 -0.0117284 -0.00137161
19.43 2.76259 0.236857 0.00491345 2.34292 -0.0117553 -0.00137045
19.44 2.76109 0.23719 0.00468827 2.34597 -0.0117822 -0.00136928
19.45 2.75961 0.2375 0.00446215 2.34903 -0.011809 -0.00136811
19.46 2.75814 0.237786 0.00423456 2.35209 -0.0118357 -0.00136696
19.47 2.7567 0.238052 0.00400493 2.35515 -0.0118622 -0.00136583
19.48 2.75528 0.238299 0.00377265 2.35821 -0.0118887 -0.00136469
19.49 2.75389 0.238529 0.00353708 2.36127 -0.011915 -0.00136355
19.5 2.75251 0.238746 0.00329762 2.36434 -0.0119412 -0.00136237
19.51 2.75115 0.238952 0.00305369 2.36741 -0.0119674 -0.00136118
19.52 2.74982 0.23915 0.00280476 2.37048 -0.0119934 -0.00135999
19.53 2.7485 0.239343 0.00255036 2.37355 -0.0120193 -0.00135881
19.54 2.74721 0.239532 0.00229008 2.37662 -0.0120451 -0.00135767
19.55 2.74594 0.239722 0.00202352 2.3797 -0.0120708 -0.00135655
19.56 2.74469 0.239913 0.00175039 2.38278 -0.0120964 -0.00135543
19.57 2.74346 0.240107 0.00147046 2.38586 -0.0121219 -0.00135431
19.58 2.74225 0.240306 0.00118358 2.38894 -0.0121473 -0.00135317
19.59 2.74107 0.240511 0.000889748 2.39202 -0.0121726 -0.00135202
19.6 2.7399 0.240722 0.000589043 2.3951 -0.0121978 -0.00135088
19.61 2.73876 0.24094 0.000281635 2.39819 -0.0122228 -0.00134977
19.62 2.73764 0.241165 -3.22481e-05 2.40128 -0.0122478 -0.0013487
19.63 2.73654 0.241395 -0.000352324 2.40437 -0.0122726 -0.00134764
19.64 2.73546 0.241629 -0.000678266 2.40747 -0.0122974 -0.00134659
19.65 2.7344 0.241866 -0.0010097 2.41056 -0.012322 -0.00134552
19.66 2.73337 0.242103 -0.00134618 2.41366 -0.0123465 -0.00134443
19.67 2.73235 0.242339 -0.00168726 2.41675 -0.012371 -0.00134334
19.68 2.73136 0.242571 -0.00203243 2.41985 -0.0123953 -0.00134226
19.69 2.73039 0.242796 -0.00238123 2.42296 -0.0124195 -0.00134121
19.7 2.72944 0.243013 -0.0027332 2.42606 -0.0124437 -0.00134017
19.71 2.72851 0.243217 -0.00308797 2.42917 -0.0124677 -0.00133915
19.72 2.7276 0.243407 -0.00344522 2.43228 -0.0124916 -0.00133811
19.73 2.72672 0.24358 -0.00380467 2.43539 -0.0125154 -0.00133704
19.74 2.72586 0.243733 -0.0041661 2.4385 -0.0125391 -0.00133596
19.75 2.72501 0.243866 -0.00452935 2.44161 -0.0125627 -0.00133486
19.76 2.72419 0.243975 -0.00489433 2.44473 -0.0125862 -0.00133377
19.77 2.72339 0.24406 -0.00526106 2.44785 -0.0126097 -0.00133271
19.78 2.72261 0.244121 -0.00562964 2.45097 -0.012633 -0.00133165
19.79 2.72185 0.244156 -0.00600031 2.45409 -0.0126562 -0.0013306
19.8 2.72111 0.244165 -0.00637336 2.45721 -0.0126793 -0.00132951
19.81 2.72039 0.24415 -0.00674918 2.46034 -0.0127023 -0.0013284
19.82 2.7197 0.244111 -0.00712817 2.46346 -0.0127252 -0.00132727
19.83 2.71902 0.24405 -0.00751079 2.46659 -0.0127481 -0.00132614
19.84 2.71836 0.243969 -0.00789755 2.46972 -0.0127709 -0.00132502
19.85 2.71773 0.243868 -0.00828899 2.47286 -0.0127935 -0.00132393
19.86 2.71711 0.243752 -0.00868571 2.47599 -0.0128161 -0.00132285
19.87 2.71651 0.243623 -0.0090883 2.47913 -0.0128385 -0.00132176
19.88 2.71593 0.243483 -0.00949739 2.48227 -0.0128609 -0.00132066
19.89 2.71538 0.243335 -0.00991351 2.48541 -0.0128832 -0.00131953
19.9 2.71484 0.243181 -0.0103372 2.48855 -0.0129054 -0.00131839
19.91 2.71432 0.243026 -0.0107688 2.49169 -0.0129275 -0.00131727
19.92 2.71383 0.242871 -0.0112088 2.49484 -0.0129496 -0.00131618
19.93 2.71335 0.242718 -0.0116575 2.49799 -0.0129715 -0.00131512
19.94 2.71289 0.24257 -0.0121151 2.50114 -0.0129934 -0.00131408
19.95 2.71245 0.242428 -0.0125818 2.50429 -0.0130151 -0.00131303
19.96 2.71204 0.242294 -0.0130579 2.50744 -0.0130368 -0.00131196
19.97 2.71164 0.242168 -0.0135431 2.5106 -0.0130584 -0.00131089
19.98 2.71126 0.242051 -0.0140376 2.51376 -0.01308 -0.00130982
19.99 2.7109 0.241942 -0.0145409 2.51692 -0.0131014 -0.00130877
20 2.71056 0.241842 -0.015053 2.52008 -0.0131228 -0.00130776
20.01 2.71024 0.241749 -0.0155735 2.52324 -0.013144 -0.00130677
20.02 2.70994 0.241662 -0.016102 2.52641 -0.0131652 -0.0013058
20.03 2.70966 0.241579 -0.0166382 2.52957 -0.0131863 -0.00130482
20.04 2.7094 0.241498 -0.0171816 2.53274 -0.0132073 -0.00130381
20.05 2.70915 0.241416 -0.0177318 2.53591 -0.0132283 -0.00130279
20.06 2.70893 0.241332 -0.0182883 2.53909 -0.0132492 -0.00130177
20.07 2.70873 0.241242 -0.0188506 2.54226 -0.01327 -0.00130077
20.08 2.70854 0.241145 -0.0194181 2.54544 -0.0132907 -0.0012998
20.09 2.70837 0.241036 -0.0199907 2.54862 -0.0133114 -0.00129885
20.1 2.70822 0.240914 -0.0205679 2.5518 -0.0133319 -0.00129789
20.11 2.70809 0.240776 -0.0211494 2.55498 -0.0133524 -0.0012969
20.12 2.70798 0.240621 -0.0217351 2.55816 -0.0133728 -0.00129589
20.13 2.70789 0.240445 -0.0223249 2.56135 -0.0133932 -0.00129486
20.14 2.70781 0.240249 -0.0229186 2.56454 -0.0134135 -0.00129383
20.15 2.70775 0.24003 -0.0235163 2.56773 -0.0134338 -0.00129281
20.16 2.70771 0.239789 -0.0241179 2.57092 -0.0134539 -0.00129182
20.17 2.70769 0.239525 -0.0247239 2.57411 -0.013474 -0.00129083
20.18 2.70768 0.239238 -0.0253344 2.57731 -0.013494 -0.00128983
20.19 2.70769 0.23893 -0.0259498 2.58051 -0.013514 -0.0012888
20.2 2.70772 0.238601 -0.0265706 2.58371 -0.0135339 -0.00128774
20.21 2.70777 0.238253 -0.0271973 2.58691 -0.0135538 -0.00128668
20.22 2.70783 0.237888 -0.0278302 2.59011 -0.0135736 -0.00128562
20.23 2.7079 0.237509 -0.0284699 2.59331 -0.0135933 -0.00128459
20.24 2.708 0.237117 -0.029117 2.59652 -0.013613 -0.00128358
20.25 2.70811 0.236717 -0.029772 2.59973 -0.0136326 -0.00128257
20.26 2.70823 0.236309 -0.0304355 2.60294 -0.0136522 -0.00128156
20.27 2.70838 0.235898 -0.031108 2.60616 -0.0136717 -0.00128052
20.28 2.70854 0.235486 -0.0317901 2.60937 -0.0136912 -0.00127946
20.29 2.70871 0.235076 -0.0324821 2.61259 -0.0137106 -0.00127841
20.3 2.7089 0.23467 -0.0331843 2.6158 -0.01373 -0.00127738
20.31 2.70911 0.23427 -0.0338971 2.61902 -0.0137493 -0.00127639
20.32 2.70933 0.233879 -0.0346206 2.62225 -0.0137686 -0.00127542
20.33 2.70956 0.233498 -0.0353551 2.62547 -0.0137878 -0.00127446
20.34 2.70982 0.233128 -0.0361006 2.6287 -0.013807 -0.00127349
20.35 2.71009 0.232769 -0.0368571 2.63193 -0.0138261 -0.0012725
20.36 2.71037 0.232422 -0.0376244 2.63515 -0.0138452 -0.00127151
20.37 2.71067 0.232087 -0.0384024 2.63839 -0.0138643 -0.00127053
20.38 2.71099 0.231762 -0.0391908 2.64162 -0.0138833 -0.00126959
20.39 2.71132 0.231447 -0.0399893 2.64486 -0.0139023 -0.00126867
20.4 2.71166 0.23114 -0.0407974 2.64809 -0.0139212 -0.00126778
20.41 2.71202 0.23084 -0.0416149 2.65133 -0.01394 -0.00126688
20.42 2.7124 0.230543 -0.0424413 2.65457 -0.0139589 -0.00126598
20.43 2.71279 0.230248 -0.0432762 2.65782 -0.0139777 -0.00126504
20.44 2.71319 0.229951 -0.0441191 2.66106 -0.0139965 -0.0012641
20.45 2.71361 0.229652 -0.0449695 2.66431 -0.0140153 -0.00126318
20.46 2.71404 0.229345 -0.0458271 2.66756 -0.014034 -0.00126228
20.47 2.71449 0.22903 -0.0466913 2.67081 -0.0140527 -0.0012614
20.48 2.71495 0.228704 -0.0475621 2.67406 -0.0140713 -0.00126053
20.49 2.71542 0.228364 -0.048439 2.67731 -0.0140899 -0.00125964
20.5 2.71591 0.228008 -0.0493221 2.68057 -0.0141085 -0.00125873
20.51 2.71641 0.227635 -0.0502111 2.68383 -0.0141271 -0.00125778
20.52 2.71693 0.227243 -0.051106 2.68709 -0.0141457 -0.00125683
20.53 2.71745 0.226833 -0.0520068 2.69035 -0.0141642 -0.0012559
20.54 2.71799 0.226403 -0.0529137 2.69361 -0.0141828 -0.00125498
20.55 2.71854 0.225953 -0.0538267 2.69688 -0.0142012 -0.00125408
20.56 2.7191 0.225484 -0.0547462 2.70015 -0.0142197 -0.00125317
20.57 2.71967 0.224998 -0.0556725 2.70342 -0.0142381 -0.00125224
20.58 2.72026 0.224494 -0.0566061 2.70669 -0.0142566 -0.00125127
20.59 2.72086 0.223977 -0.0575474 2.70996 -0.014275 -0.0012503
20.6 2.72147 0.223446 -0.0584968 2.71323 -0.0142934 -0.00124932
20.61 2.72209 0.222906 -0.0594549 2.71651 -0.0143119 -0.00124837
20.62 2.72272 0.222358 -0.060422 2.71979 -0.0143303 -0.00124743
20.63 2.72336 0.221805 -0.0613989 2.72307 -0.0143486 -0.00124651
20.64 2.72401 0.22125 -0.0623859 2.72635 -0.014367 -0.00124558
20.65 2.72467 0.220697 -0.0633836 2.72964 -0.0143853 -0.00124464
20.66 2.72535 0.220147 -0.0643924 2.73292 -0.0144037 -0.00124368
20.67 2.72603 0.219603 -0.0654127 2.73621 -0.014422 -0.00124272
20.68 2.72673 0.219068 -0.0664449 2.7395 -0.0144404 -0.00124177
20.69 2.72744 0.218543 -0.067489 2.74279 -0.0144587 -0.00124084
20.7 2.72815 0.218031 -0.0685453 2.74608 -0.0144771 -0.00123993
20.71 2.72888 0.217533 -0.0696139 2.74938 -0.0144954 -0.00123904
20.72 2.72962 0.217049 -0.0706949 2.75268 -0.0145137 -0.00123814
20.73 2.73036 0.21658 -0.0717882 2.75598 -0.014532 -0.00123724
20.74 2.73112 0.216126 -0.0728937 2.75928 -0.0145503 -0.00123632
20.75 2.73189 0.215686 -0.0740112 2.76258 -0.0145686 -0.0012354
20.76 2.73267 0.21526 -0.0751402 2.76588 -0.014587 -0.0012345
20.77 2.73346 0.214846 -0.0762805 2.76919 -0.0146053 -0.00123363
20.78 2.73425 0.214443 -0.0774317 2.7725 -0.0146236 -0.00123277
20.79 2.73506 0.214049 -0.0785933 2.77581 -0.0146419 -0.00123192
20.8 2.73588 0.21366 -0.079765 2.77912 -0.0146602 -0.00123105
20.81 2.7367 0.213275 -0.0809463 2.78244 -0.0146786 -0.00123016
20.82 2.73754 0.212892 -0.0821367 2.78575 -0.0146969 -0.00122925
20.83 2.73838 0.212507 -0.0833359 2.78907 -0.0147153 -0.00122834
20.84 2.73923 0.212117 -0.0845433 2.79239 -0.0147336 -0.00122744
20.85 2.74009 0.211722 -0.0857585 2.79571 -0.014752 -0.00122656
20.86 2.74096 0.211317 -0.0869813 2.79903 -0.0147704 -0.00122568
20.87 2.74183 0.210901 -0.0882113 2.80236 -0.0147887 -0.0012248
20.88 2.74272 0.210473 -0.0894486 2.80568 -0.0148071 -0.00122388
20.89 2.74361 0.21003 -0.0906929 2.80901 -0.0148255 -0.00122293
20.9 2.74451 0.209572 -0.0919442 2.81234 -0.0148439 -0.00122197
20.91 2.74541 0.209098 -0.0932026 2.81567 -0.0148624 -0.001221
20.92 2.74632 0.208608 -0.0944681 2.81901 -0.0148809 -0.00122004
20.93 2.74724 0.208103 -0.0957409 2.82234 -0.0148994 -0.00121908
20.94 2.74817 0.207582 -0.0970214 2.82568 -0.0149178 -0.00121812
20.95 2.7491 0.207048 -0.0983099 2.82902 -0.0149363 -0.00121714
20.96 2.75004 0.206502 -0.0996069 2.83236 -0.0149548 -0.00121614
20.97 2.75098 0.205946 -0.100913 2.83571 -0.0149734 -0.00121511
20.98 2.75193 0.205381 -0.102228 2.83905 -0.0149919 -0.00121408
20.99 2.75288 0.204812 -0.103553 2.8424 -0.0150105 -0.00121304
21 2.75385 0.204239 -0.104889 2.84575 -0.0150292 -0.00121202
21.01 2.75481 0.203667 -0.106235 2.8491 -0.0150478 -0.001211
21.02 2.75579 0.203097 -0.107592 2.85245 -0.0150664 -0.00120998
21.03 2.75676 0.202533 -0.108962 2.85581 -0.0150851 -0.00120895
21.04 2.75775 0.201976 -0.110344 2.85916 -0.0151037 -0.0012079
21.05 2.75874 0.201431 -0.111738 2.86252 -0.0151224 -0.00120685
21.06 2.75973 0.200898 -0.113145 2.86588 -0.0151412 -0.00120578
21.07 2.76073 0.20038 -0.114566 2.86924 -0.01516 -0.00120473
21.08 2.76174 0.199878 -0.115999 2.8726 -0.0151788 -0.00120368
21.09 2.76275 0.199393 -0.117445 2.87597 -0.0151976 -0.00120265
21.1 2.76376 0.198926 -0.118905 2.87934 -0.0152164 -0.00120161
21.11 2.76478 0.198477 -0.120377 2.88271 -0.0152352 -0.00120057
21.12 2.76581 0.198046 -0.121863 2.88608 -0.0152541 -0.00119951
21.13 2.76684 0.197632 -0.123361 2.88945 -0.015273 -0.00119844
21.14 2.76788 0.197234 -0.124871 2.89282 -0.0152919 -0.00119738
21.15 2.76892 0.196851 -0.126393 2.8962 -0.0153109 -0.00119632
21.16 2.76996 0.196481 -0.127926 2.89958 -0.0153299 -0.00119527
21.17 2.77101 0.196122 -0.129471 2.90296 -0.0153488 -0.00119423
21.18 2.77207 0.195771 -0.131025 2.90634 -0.0153678 -0.00119317
21.19 2.77312 0.195425 -0.13259 2.90972 -0.0153869 -0.0011921
21.2 2.77419 0.195083 -0.134164 2.91311 -0.0154059 -0.00119101
21.21 2.77525 0.194742 -0.135748 2.91649 -0.015425 -0.0011899
21.22 2.77632 0.194399 -0.13734 2.91988 -0.0154442 -0.0011888
21.23 2.77739 0.194052 -0.13894 2.92327 -0.0154634 -0.00118769
21.24 2.77847 0.193699 -0.140548 2.92667 -0.0154825 -0.00118659
21.25 2.77954 0.193338 -0.142163 2.93006 -0.0155017 -0.00118549
21.26 2.78062 0.192966 -0.143786 2.93346 -0.0155209 -0.00118437
21.27 2.78171 0.192584 -0.145415 2.93685 -0.0155402 -0.00118323
21.28 2.78279 0.192189 -0.147053 2.94025 -0.0155595 -0.00118206
21.29 2.78388 0.191783 -0.148697 2.94365 -0.0155788 -0.00118088
21.3 2.78497 0.191364 -0.150348 2.94706 -0.0155982 -0.00117969
21.31 2.78606 0.190933 -0.152007 2.95046 -0.0156176 -0.00117852
21.32 2.78715 0.190492 -0.153674 2.95387 -0.015637 -0.00117735
21.33 2.78824 0.190041 -0.155348 2.95728 -0.0156564 -0.00117619
21.34 2.78934 0.189582 -0.157031 2.96069 -0.0156758 -0.001175
21.35 2.79043 0.189117 -0.158723 2.9641 -0.0156953 -0.0011738
21.36 2.79153 0.188649 -0.160424 2.96752 -0.0157148 -0.00117257
21.37 2.79263 0.188179 -0.162135 2.97093 -0.0157343 -0.00117134
21.38 2.79373 0.187711 -0.163856 2.97435 -0.0157539 -0.00117014
21.39 2.79483 0.187248 -0.165587 2.97777 -0.0157735 -0.00116896
21.4 2.79593 0.186791 -0.16733 2.98119 -0.0157931 -0.00116779
21.41 2.79704 0.186344 -0.169084 2.98462 -0.0158127 -0.00116663
21.42 2.79814 0.185909 -0.170849 2.98804 -0.0158324 -0.00116546
21.43 2.79925 0.185488 -0.172627 2.99147 -0.015852 -0.00116428
21.44 2.80036 0.185083 -0.174418 2.99489 -0.0158717 -0.00116309
21.45 2.80147 0.184696 -0.176221 2.99832 -0.0158915 -0.00116191
21.46 2.80258 0.184328 -0.178036 3.00176 -0.0159113 -0.00116078
21.47 2.80369 0.18398 -0.179865 3.00519 -0.0159311 -0.00115968
21.48 2.80481 0.183653 -0.181706 3.00863 -0.0159508 -0.00115861
21.49 2.80592 0.183346 -0.183559 3.01207 -0.0159706 -0.00115754
21.5 2.80703 0.183059 -0.185425 3.0155 -0.0159905 -0.00115646
21.51 2.80815 0.182791 -0.187303 3.01894 -0.0160103 -0.00115538
21.52 2.80927 0.182541 -0.189193 3.02239 -0.0160302 -0.0011543
21.53 2.81039 0.182307 -0.191094 3.02583 -0.0160502 -0.00115325
21.54 2.8115 0.182088 -0.193006 3.02928 -0.0160701 -0.00115225
21.55 2.81262 0.181881 -0.194929 3.03273 -0.01609 -0.00115128
21.56 2.81374 0.181684 -0.196861 3.03618 -0.01611 -0.00115034
21.57 2.81486 0.181495 -0.198802 3.03963 -0.0161299 -0.00114939
21.58 2.81598 0.18131 -0.200752 3.04308 -0.0161499 -0.00114843
21.59 2.8171 0.181128 -0.202711 3.04654 -0.0161699 -0.00114747
21.6 2.81822 0.180946 -0.204677 3.04999 -0.0161899 -0.00114652
21.61 2.81934 0.180761 -0.206651 3.05345 -0.01621 -0.0011456
21.62 2.82045 0.180573 -0.208632 3.05691 -0.01623 -0.00114474
21.63 2.82157 0.180378 -0.210619 3.06038 -0.0162501 -0.0011439
21.64 2.82269 0.180176 -0.212613 3.06384 -0.0162701 -0.00114309
21.65 2.8238 0.179966 -0.214612 3.06731 -0.0162902 -0.00114226
21.66 2.82491 0.179746 -0.216619 3.07077 -0.0163103 -0.00114142
21.67 2.82602 0.179516 -0.218631 3.07424 -0.0163304 -0.00114058
21.68 2.82713 0.179278 -0.220649 3.07771 -0.0163505 -0.00113977
21.69 2.82824 0.179031 -0.222674 3.08119 -0.0163707 -0.00113901
21.7 2.82935 0.178776 -0.224705 3.08466 -0.0163908 -0.00113829
21.71 2.83045 0.178516 -0.226743 3.08814 -0.016411 -0.00113761
21.72 2.83156 0.17825 -0.228788 3.09162 -0.0164311 -0.00113695
21.73 2.83266 0.177983 -0.230841 3.0951 -0.0164512 -0.00113628
21.74 2.83376 0.177715 -0.232901 3.09858 -0.0164714 -0.0011356
21.75 2.83486 0.177449 -0.23497 3.10206 -0.0164916 -0.00113495
21.76 2.83595 0.177188 -0.237048 3.10555 -0.0165118 -0.00113434
21.77 2.83705 0.176934 -0.239134 3.10904 -0.016532 -0.00113379
21.78 2.83814 0.176691 -0.24123 3.11252 -0.0165522 -0.0011333
21.79 2.83923 0.17646 -0.243336 3.11602 -0.0165723 -0.00113285
21.8 2.84032 0.176243 -0.245452 3.11951 -0.0165925 -0.00113241
21.81 2.84141 0.176043 -0.247578 3.123 -0.0166126 -0.00113198
21.82 2.8425 0.175861 -0.249715 3.1265 -0.0166328 -0.00113156
21.83 2.84359 0.175699 -0.251863 3.12999 -0.016653 -0.00113118
21.84 2.84467 0.175558 -0.254022 3.13349 -0.0166732 -0.00113085
21.85 2.84576 0.175439 -0.256191 3.137 -0.0166934 -0.0011306
21.86 2.84684 0.175341 -0.25837 3.1405 -0.0167136 -0.0011304
21.87 2.84792 0.175265 -0.26056 3.14401 -0.0167337 -0.00113024
21.88 2.849 0.17521 -0.262761 3.14751 -0.0167539 -0.0011301
21.89 2.85008 0.175174 -0.264971 3.15102 -0.016774 -0.00112997
21.9 2.85116 0.175157 -0.26719 3.15453 -0.0167941 -0.00112985
21.91 2.85224 0.175158 -0.269419 3.15804 -0.0168143 -0.00112977
21.92 2.85331 0.175173 -0.271657 3.16155 -0.0168345 -0.00112976
21.93 2.85439 0.175201 -0.273902 3.16507 -0.0168546 -0.00112982
21.94 2.85546 0.175239 -0.276155 3.16859 -0.0168747 -0.00112993
21.95 2.85653 0.175286 -0.278414 3.17211 -0.0168948 -0.00113007
21.96 2.8576 0.175338 -0.280681 3.17563 -0.0169148 -0.00113021
21.97 2.85867 0.175393 -0.282953 3.17915 -0.0169349 -0.00113035
21.98 2.85973 0.175449 -0.285232 3.18267 -0.016955 -0.00113052
21.99 2.86079 0.175503 -0.287515 3.1862 -0.0169751 -0.00113073
22 2.86185 0.175554 -0.289803 3.18972 -0.0169951 -0.001131
22.01 2.86291 0.175601 -0.292096 3.19326 -0.0170152 -0.00113133
22.02 2.86396 0.175641 -0.294393 3.19679 -0.0170351 -0.00113171
22.03 2.86501 0.175674 -0.296694 3.20032 -0.017055 -0.0011321
22.04 2.86606 0.175699 -0.298999 3.20385 -0.0170749 -0.00113249
22.05 2.86711 0.175717 -0.301308 3.20739 -0.0170947 -0.00113288
22.06 2.86816 0.175726 -0.303622 3.21093 -0.0171146 -0.0011333
22.07 2.8692 0.175729 -0.305939 3.21447 -0.0171345 -0.00113377
22.08 2.87024 0.175726 -0.308261 3.21801 -0.0171543 -0.0011343
22.09 2.87128 0.175718 -0.310587 3.22155 -0.0171741 -0.00113489
22.1 2.87231 0.175708 -0.312918 3.2251 -0.0171937 -0.00113551
22.11 2.87334 0.175697 -0.315255 3.22864 -0.0172133 -0.00113613
22.12 2.87438 0.175686 -0.317597 3.23219 -0.0172329 -0.00113677
22.13 2.8754 0.17568 -0.319945 3.23574 -0.0172525 -0.00113741
22.14 2.87643 0.175679 -0.322299 3.23929 -0.0172721 -0.00113809
22.15 2.87746 0.175686 -0.32466 3.24285 -0.0172916 -0.00113882
22.16 2.87848 0.175705 -0.327027 3.2464 -0.017311 -0.00113962
22.17 2.8795 0.175736 -0.329402 3.24996 -0.0173304 -0.00114047
22.18 2.88052 0.175782 -0.331784 3.25352 -0.0173496 -0.00114136
22.19 2.88155 0.175845 -0.334175 3.25708 -0.0173689 -0.00114225
22.2 2.88256 0.175927 -0.336573 3.26064 -0.017388 -0.00114315
22.21 2.88358 0.176028 -0.338979 3.2642 -0.0174072 -0.00114406
22.22 2.8846 0.176149 -0.341393 3.26777 -0.0174264 -0.00114502
22.23 2.88561 0.176291 -0.343815 3.27134 -0.0174455 -0.00114603
22.24 2.88663 0.176454 -0.346244 3.27491 -0.0174645 -0.0011471
22.25 2.88764 0.176638 -0.348681 3.27848 -0.0174833 -0.00114821
22.26 2.88866 0.176841 -0.351125 3.28205 -0.0175021 -0.00114935
22.27 2.88967 0.177063 -0.353576 3.28563 -0.0175208 -0.00115049
22.28 2.89068 0.177303 -0.356033 3.2892 -0.0175394 -0.00115163
22.29 2.89169 0.177558 -0.358496 3.29278 -0.0175581 -0.00115278
22.3 2.8927 0.177827 -0.360965 3.29636 -0.0175767 -0.00115397
22.31 2.89371 0.178107 -0.363438 3.29994 -0.0175952 -0.00115521
22.32 2.89472 0.178397 -0.365916 3.30352 -0.0176136 -0.0011565
22.33 2.89572 0.178693 -0.368398 3.30711 -0.0176318 -0.00115783
22.34 2.89673 0.178994 -0.370882 3.3107 -0.01765 -0.00115916
22.35 2.89773 0.179297 -0.37337 3.31428 -0.0176681 -0.00116047
22.36 2.89874 0.179599 -0.37586 3.31787 -0.0176862 -0.00116177
22.37 2.89974 0.179899 -0.378352 3.32146 -0.0177042 -0.00116308
22.38 2.90074 0.180196 -0.380845 3.32506 -0.0177222 -0.00116443
22.39 2.90174 0.180486 -0.38334 3.32865 -0.0177401 -0.00116583
22.4 2.90274 0.180771 -0.385835 3.33225 -0.0177579 -0.00116726
22.41 2.90373 0.181047 -0.388332 3.33585 -0.0177756 -0.00116869
22.42 2.90473 0.181316 -0.390828 3.33945 -0.0177931 -0.00117012
22.43 2.90572 0.181577 -0.393326 3.34305 -0.0178106 -0.00117151
22.44 2.90672 0.181829 -0.395825 3.34666 -0.0178281 -0.00117291
22.45 2.90771 0.182075 -0.398324 3.35026 -0.0178455 -0.00117431
22.46 2.9087 0.182314 -0.400825 3.35387 -0.0178629 -0.00117575
22.47 2.90969 0.182549 -0.403327 3.35748 -0.0178803 -0.00117723
22.48 2.91067 0.182781 -0.405831 3.36109 -0.0178975 -0.00117873
22.49 2.91166 0.183012 -0.408337 3.3647 -0.0179146 -0.00118024
22.5 2.91265 0.183243 -0.410845 3.36832 -0.0179316 -0.00118171
22.51 2.91363 0.183478 -0.413356 3.37193 -0.0179485 -0.00118316
22.52 2.91462 0.183718 -0.41587 3.37555 -0.0179653 -0.00118459
22.53 2.9156 0.183965 -0.418388 3.37917 -0.0179821 -0.00118606
22.54 2.91659 0.184223 -0.42091 3.38279 -0.0179989 -0.00118756
22.55 2.91757 0.184492 -0.423436 3.38641 -0.0180157 -0.00118911
22.56 2.91856 0.184775 -0.425966 3.39004 -0.0180323 -0.00119066
22.57 2.91954 0.185074 -0.4285 3.39366 -0.0180489 -0.0011922
22.58 2.92052 0.185389 -0.43104 3.39729 -0.0180654 -0.00119371
22.59 2.92151 0.185722 -0.433584 3.40092 -0.0180818 -0.0011952
22.6 2.92249 0.186074 -0.436133 3.40455 -0.0180982 -0.00119669
22.61 2.92348 0.186445 -0.438686 3.40818 -0.0181146 -0.0011982
22.62 2.92446 0.186835 -0.441244 3.41182 -0.0181309 -0.00119973
22.63 2.92544 0.187244 -0.443806 3.41546 -0.0181471 -0.0012013
22.64 2.92643 0.18767 -0.446372 3.4191 -0.0181632 -0.00120287
22.65 2.92741 0.188113 -0.448941 3.42274 -0.0181792 -0.00120441
22.66 2.92839 0.188571 -0.451513 3.42638 -0.0181953 -0.00120593
22.67 2.92938 0.189043 -0.454088 3.43002 -0.0182113 -0.00120741
22.68 2.93036 0.189527 -0.456665 3.43366 -0.0182272 -0.00120889
22.69 2.93134 0.19002 -0.459243 3.43731 -0.0182431 -0.00121038
22.7 2.93232 0.190521 -0.461823 3.44096 -0.0182589 -0.00121189
22.71 2.9333 0.191027 -0.464402 3.44461 -0.0182746 -0.00121341
22.72 2.93428 0.191535 -0.466981 3.44826 -0.0182902 -0.00121491
22.73 2.93526 0.192045 -0.46956 3.45192 -0.0183058 -0.00121639
22.74 2.93624 0.192552 -0.472137 3.45557 -0.0183214 -0.00121783
22.75 2.93721 0.193056 -0.474713 3.45923 -0.0183369 -0.00121924
22.76 2.93819 0.193556 -0.477287 3.46289 -0.0183525 -0.00122063
22.77 2.93916 0.194048 -0.479859 3.46655 -0.018368 -0.00122203
22.78 2.94014 0.194534 -0.482429 3.47021 -0.0183834 -0.00122344
22.79 2.94111 0.195011 -0.484995 3.47387 -0.0183988 -0.00122486
22.8 2.94208 0.195479 -0.487559 3.47754 -0.0184141 -0.00122625
22.81 2.94304 0.195939 -0.49012 3.48121 -0.0184293 -0.00122759
22.82 2.94401 0.19639 -0.492679 3.48487 -0.0184445 -0.00122888
22.83 2.94498 0.196834 -0.495235 3.48854 -0.0184597 -0.00123013
22.84 2.94594 0.197271 -0.497788 3.49222 -0.0184748 -0.00123137
22.85 2.9469 0.197703 -0.50034 3.49589 -0.0184899 -0.00123262
22.86 2.94786 0.198132 -0.50289 3.49957 -0.0185049 -0.00123389
22.87 2.94882 0.198559 -0.505438 3.50325 -0.0185199 -0.00123515
22.88 2.94978 0.198986 -0.507985 3.50692 -0.0185348 -0.00123637
22.89 2.95074 0.199415 -0.510531 3.5106 -0.0185496 -0.00123753
22.9 2.95169 0.199848 -0.513077 3.51429 -0.0185645 -0.00123865
22.91 2.95265 0.200288 -0.515623 3.51797 -0.0185792 -0.00123974
22.92 2.9536 0.200737 -0.518169 3.52166 -0.018594 -0.00124083
22.93 2.95455 0.201196 -0.520715 3.52534 -0.0186086 -0.00124192
22.94 2.95551 0.201668 -0.523262 3.52903 -0.0186232 -0.00124302
22.95 2.95646 0.202154 -0.52581 3.53272 -0.0186376 -0.0012441
22.96 2.95741 0.202655 -0.528358 3.53642 -0.018652 -0.00124514
22.97 2.95836 0.203172 -0.530908 3.54011 -0.0186664 -0.00124614
22.98 2.95931 0.203705 -0.533459 3.54381 -0.0186807 -0.0012471
22.99 2.96026 0.204256 -0.536011 3.5475 -0.0186951 -0.00124804
23 2.9612 0.204823 -0.538563 3.5512 -0.0187094 -0.00124897
23.01 2.96215 0.205407 -0.541115 3.5549 -0.0187236 -0.00124991
23.02 2.9631 0.206007 -0.543668 3.55861 -0.0187377 -0.00125085
23.03 2.96404 0.206622 -0.54622 3.56231 -0.0187517 -0.00125178
23.04 2.96499 0.207249 -0.548771 3.56602 -0.0187656 -0.00125265
23.05 2.96593 0.207888 -0.551321 3.56972 -0.0187795 -0.00125346
23.06 2.96688 0.208537 -0.55387 3.57343 -0.0187934 -0.00125423
23.07 2.96782 0.209194 -0.556416 3.57714 -0.0188072 -0.00125499
23.08 2.96876 0.209856 -0.558959 3.58086 -0.0188209 -0.00125575
23.09 2.9697 0.210522 -0.561498 3.58457 -0.0188346 -0.00125651
23.1 2.97064 0.211189 -0.564034 3.58829 -0.0188481 -0.00125726
23.11 2.97158 0.211855 -0.566565 3.59201 -0.0188615 -0.00125797
23.12 2.97252 0.212518 -0.56909 3.59573 -0.0188748 -0.00125863
23.13 2.97346 0.213176 -0.571611 3.59945 -0.0188881 -0.00125922
23.14 2.97439 0.213827 -0.574126 3.60317 -0.0189013 -0.00125978
23.15 2.97533 0.214471 -0.576635 3.60689 -0.0189145 -0.00126032
23.16 2.97626 0.215107 -0.579138 3.61062 -0.0189275 -0.00126086
23.17 2.97719 0.215733 -0.581633 3.61435 -0.0189405 -0.0012614
23.18 2.97813 0.216349 -0.584123 3.61808 -0.0189533 -0.00126192
23.19 2.97906 0.216956 -0.586606 3.62181 -0.018966 -0.00126239
23.2 2.97999 0.217552 -0.589082 3.62554 -0.0189786 -0.00126281
23.21 2.98092 0.21814 -0.591553 3.62928 -0.0189912 -0.00126316
23.22 2.98185 0.21872 -0.594017 3.63301 -0.0190037 -0.00126349
23.23 2.98278 0.219294 -0.596476 3.63675 -0.0190161 -0.00126381
23.24 2.98371 0.219862 -0.598929 3.64049 -0.0190284 -0.00126412
23.25 2.98464 0.220427 -0.601376 3.64423 -0.0190406 -0.00126444
23.26 2.98557 0.220991 -0.603819 3.64797 -0.0190527 -0.00126474
23.27 2.9865 0.221555 -0.606257 3.65172 -0.0190646 -0.00126499
23.28 2.98743 0.222121 -0.608691 3.65546 -0.0190764 -0.00126519
23.29 2.98836 0.222693 -0.611121 3.65921 -0.0190882 -0.00126535
23.3 2.98929 0.22327 -0.613547 3.66296 -0.0191 -0.00126548
23.31 2.99022 0.223856 -0.61597 3.66671 -0.0191116 -0.00126562
23.32 2.99116 0.224452 -0.61839 3.67047 -0.0191231 -0.00126578
23.33 2.99209 0.22506 -0.620807 3.67422 -0.0191344 -0.00126595
23.34 2.99303 0.225681 -0.62322 3.67798 -0.0191456 -0.0012661
23.35 2.99397 0.226315 -0.625631 3.68174 -0.0191567 -0.0012662
23.36 2.99491 0.226963 -0.628039 3.68549 -0.0191677 -0.00126625
23.37 2.99585 0.227625 -0.630444 3.68925 -0.0191787 -0.00126626
23.38 2.99679 0.228302 -0.632845 3.69302 -0.0191896 -0.00126628
23.39 2.99774 0.228993 -0.635243 3.69678 -0.0192004 -0.00126632
23.4 2.99869 0.229697 -0.637637 3.70055 -0.0192111 -0.00126638
23.41 2.99964 0.230414 -0.640026 3.70432 -0.0192216 -0.00126644
23.42 3.00059 0.231141 -0.64241 3.70809 -0.0192319 -0.0012665
23.43 3.00154 0.231877 -0.644789 3.71186 -0.0192422 -0.0012665
23.44 3.0025 0.232621 -0.647163 3.71563 -0.0192525 -0.00126647
23.45 3.00346 0.23337 -0.64953 3.71941 -0.0192626 -0.0012664
23.46 3.00442 0.234123 -0.65189 3.72318 -0.0192727 -0.00126634
23.47 3.00538 0.234877 -0.654242 3.72696 -0.0192826 -0.00126634
23.48 3.00635 0.23563 -0.656587 3.73074 -0.0192925 -0.00126639
23.49 3.00732 0.236381 -0.658922 3.73452 -0.0193022 -0.00126647
23.5 3.00829 0.237127 -0.661249 3.73831 -0.0193117 -0.00126655
23.51 3.00926 0.237866 -0.663567 3.74209 -0.0193212 -0.00126658
23.52 3.01024 0.238597 -0.665875 3.74588 -0.0193307 -0.00126656
23.53 3.01121 0.239319 -0.668173 3.74966 -0.01934 -0.00126653
23.54 3.0122 0.24003 -0.670461 3.75345 -0.0193493 -0.00126653
23.55 3.01318 0.240731 -0.672738 3.75725 -0.0193584 -0.00126664
23.56 3.01417 0.24142 -0.675006 3.76104 -0.0193674 -0.00126683
23.57 3.01516 0.242098 -0.677262 3.76484 -0.0193763 -0.00126707
23.58 3.01616 0.242765 -0.679509 3.76863 -0.0193851 -0.00126729
23.59 3.01716 0.243421 -0.681746 3.77243 -0.0193938 -0.00126746
23.6 3.01816 0.244068 -0.683973 3.77623 -0.0194025 -0.00126758
23.61 3.01917 0.244706 -0.68619 3.78003 -0.019411 -0.00126772
23.62 3.02018 0.245337 -0.688398 3.78383 -0.0194195 -0.00126795
23.63 3.02119 0.245963 -0.690597 3.78764 -0.0194279 -0.00126828
23.64 3.02222 0.246586 -0.692788 3.79145 -0.0194361 -0.00126871
23.65 3.02324 0.247207 -0.69497 3.79525 -0.0194442 -0.00126915
23.66 3.02427 0.247829 -0.697144 3.79906 -0.0194522 -0.0012696
23.67 3.02531 0.248453 -0.699311 3.80288 -0.0194602 -0.00127003
23.68 3.02635 0.249081 -0.701471 3.80669 -0.0194681 -0.0012705
23.69 3.0274 0.249716 -0.703623 3.8105 -0.0194759 -0.00127104
23.7 3.02846 0.250358 -0.705769 3.81432 -0.0194836 -0.00127168
23.71 3.02952 0.25101 -0.707908 3.81814 -0.0194912 -0.00127244
23.72 3.03058 0.251672 -0.71004 3.82196 -0.0194987 -0.00127329
23.73 3.03166 0.252346 -0.712166 3.82578 -0.0195061 -0.00127419
23.74 3.03273 0.253031 -0.714285 3.82961 -0.0195134 -0.00127511
23.75 3.03382 0.253729 -0.716397 3.83343 -0.0195207 -0.00127606
23.76 3.03491 0.254438 -0.718502 3.83726 -0.0195278 -0.00127706
23.77 3.03601 0.25516 -0.7206 3.84108 -0.0195349 -0.00127817
23.78 3.03712 0.255892 -0.72269 3.84491 -0.0195419 -0.00127937
23.79 3.03823 0.256635 -0.724772 3.84875 -0.0195488 -0.00128066
23.8 3.03935 0.257387 -0.726845 3.85258 -0.0195555 -0.00128203
23.81 3.04048 0.258146 -0.728909 3.85642 -0.0195622 -0.00128354
23.82 3.04161 0.258911 -0.730964 3.86025 -0.0195688 -0.00128516
23.83 3.04275 0.259679 -0.733009 3.86409 -0.0195753 -0.00128676
23.84 3.0439 0.260448 -0.735043 3.86793 -0.0195817 -0.00128828
23.85 3.04505 0.261217 -0.737067 3.87177 -0.0195881 -0.00128981
23.86 3.04622 0.261983 -0.739078 3.87562 -0.0195943 -0.00129153
23.87 3.04738 0.262745 -0.741078 3.87946 -0.0196004 -0.00129354
23.88 3.04856 0.263502 -0.743065 3.88331 -0.0196064 -0.0012958
23.89 3.04974 0.26425 -0.745039 3.88716 -0.0196123 -0.00129803
23.9 3.05093 0.264988 -0.747 3.89101 -0.0196181 -0.00130001
23.91 3.05213 0.265714 -0.748948 3.89486 -0.0196238 -0.00130187
23.92 3.05334 0.266428 -0.750882 3.89872 -0.0196294 -0.00130388
23.93 3.05455 0.26713 -0.752803 3.90257 -0.0196349 -0.0013062
23.94 3.05577 0.267819 -0.754709 3.90643 -0.0196403 -0.00130871
23.95 3.057 0.268495 -0.756602 3.91029 -0.0196455 -0.00131123
23.96 3.05823 0.269157 -0.758482 3.91415 -0.0196507 -0.00131365
23.97 3.05948 0.269806 -0.760348 3.91801 -0.0196557 -0.00131606
23.98 3.06073 0.270444 -0.762201 3.92188 -0.0196606 -0.00131864
23.99 3.06199 0.271072 -0.764041 3.92574 -0.0196655 -0.0013215
24 3.06326 0.271691 -0.765869 3.92961 -0.0196702 -0.00132441
24.01 3.06453 0.272301 -0.767684 3.93348 -0.0196749 -0.00132716
24.02 3.06582 0.272906 -0.769487 3.93735 -0.0196793 -0.00132977
24.03 3.06711 0.273506 -0.771279 3.94122 -0.0196837 -0.00133246
24.04 3.06841 0.274104 -0.773059 3.9451 -0.0196879 -0.00133537
24.05 3.06972 0.274703 -0.774829 3.94897 -0.019692 -0.00133843
24.06 3.07104 0.275304 -0.776588 3.95285 -0.019696 -0.00134148
24.07 3.07237 0.275907 -0.778336 3.95673 -0.0196999 -0.00134445
24.08 3.07371 0.276515 -0.780075 3.96061 -0.0197037 -0.00134739
24.09 3.07506 0.27713 -0.781803 3.96449 -0.0197073 -0.00135042
24.1 3.07641 0.277752 -0.783522 3.96838 -0.0197109 -0.00135364
24.11 3.07778 0.278384 -0.78523 3.97227 -0.0197143 -0.00135701
24.12 3.07916 0.279024 -0.786929 3.97615 -0.0197176 -0.00136035
24.13 3.08055 0.279673 -0.788617 3.98004 -0.0197208 -0.00136348
24.14 3.08194 0.280331 -0.790295 3.98393 -0.0197238 -0.00136651
24.15 3.08335 0.280998 -0.791963 3.98783 -0.0197267 -0.00136961
24.16 3.08477 0.281674 -0.793619 3.99172 -0.0197295 -0.00137287
24.17 3.0862 0.282356 -0.795265 3.99562 -0.0197321 -0.00137622
24.18 3.08764 0.283045 -0.796899 3.99952 -0.0197347 -0.00137953
24.19 3.08908 0.283738 -0.79852 4.00342 -0.0197371 -0.00138275
24.2 3.09054 0.284433 -0.800129 4.00732 -0.0197394 -0.00138596
24.21 3.09201 0.285129 -0.801725 4.01122 -0.0197416 -0.00138922
24.22 3.09349 0.285824 -0.803307 4.01513 -0.0197436 -0.00139256
24.23 3.09498 0.286516 -0.804876 4.01903 -0.0197456 -0.00139592
24.24 3.09649 0.287203 -0.806429 4.02294 -0.0197474 -0.00139923
24.25 3.098 0.287881 -0.807968 4.02685 -0.0197491 -0.00140245
24.26 3.09952 0.28855 -0.809492 4.03076 -0.0197507 -0.00140562
24.27 3.10105 0.289208 -0.811 4.03468 -0.0197521 -0.00140879
24.28 3.1026 0.289853 -0.812492 4.03859 -0.0197534 -0.00141196
24.29 3.10416 0.290485 -0.813967 4.04251 -0.0197546 -0.00141514
24.3 3.10573 0.291101 -0.815427 4.04643 -0.0197556 -0.00141824
24.31 3.1073 0.2917 -0.816871 4.05035 -0.0197566 -0.00142128
24.32 3.1089 0.292284 -0.818298 4.05427 -0.0197574 -0.00142428
24.33 3.1105 0.292851 -0.819709 4.05819 -0.0197581 -0.00142728
24.34 3.11211 0.293401 -0.821104 4.06212 -0.0197586 -0.00143028
24.35 3.11374 0.293936 -0.822483 4.06605 -0.0197591 -0.00143326
24.36 3.11538 0.294456 -0.823847 4.06997 -0.0197595 -0.00143621
24.37 3.11703 0.294962 -0.825195 4.0739 -0.0197597 -0.00143909
24.38 3.1187 0.295455 -0.826529 4.07784 -0.0197598 -0.00144189
24.39 3.12037 0.295937 -0.827847 4.08177 -0.0197598 -0.00144459
24.4 3.12207 0.29641 -0.829152 4.08571 -0.0197596 -0.00144725
24.41 3.12377 0.296875 -0.830443 4.08964 -0.0197594 -0.00144987
24.42 3.12549 0.297335 -0.83172 4.09358 -0.019759 -0.00145247
24.43 3.12722 0.297792 -0.832984 4.09753 -0.0197585 -0.00145503
24.44 3.12896 0.298247 -0.834235 4.10147 -0.0197579 -0.00145751
24.45 3.13072 0.298702 -0.835473 4.10541 -0.0197572 -0.00145991
24.46 3.1325 0.299159 -0.836699 4.10936 -0.0197564 -0.00146225
24.47 3.13429 0.299619 -0.837913 4.1133 -0.0197554 -0.00146457
24.48 3.13609 0.300083 -0.839114 4.11725 -0.0197544 -0.00146686
24.49 3.13791 0.300553 -0.840303 4.12121 -0.0197532 -0.00146913
24.5 3.13974 0.301029 -0.84148 4.12516 -0.0197519 -0.00147132
24.51 3.14159 0.301511 -0.842644 4.12912 -0.0197506 -0.00147342
24.52 3.14345 0.301999 -0.843795 4.13307 -0.0197491 -0.00147543
24.53 3.14533 0.302494 -0.844934 4.13703 -0.0197475 -0.00147738
24.54 3.14722 0.302993 -0.846059 4.14099 -0.0197457 -0.0014793
24.55 3.14913 0.303498 -0.847171 4.14495 -0.0197439 -0.00148118
24.56 3.15106 0.304005 -0.848269 4.14891 -0.0197419 -0.00148299
24.57 3.153 0.304514 -0.849352 4.15288 -0.0197398 -0.00148475
24.58 3.15496 0.305022 -0.850421 4.15685 -0.0197377 -0.00148641
24.59 3.15693 0.305529 -0.851474 4.16082 -0.0197353 -0.00148798
24.6 3.15892 0.306031 -0.852512 4.16479 -0.0197329 -0.00148948
24.61 3.16092 0.306528 -0.853534 4.16876 -0.0197303 -0.00149092
24.62 3.16294 0.307016 -0.854539 4.17273 -0.0197276 -0.00149231
24.63 3.16498 0.307495 -0.855527 4.17671 -0.0197248 -0.00149362
24.64 3.16704 0.30796 -0.856497 4.18068 -0.0197218 -0.00149484
24.65 3.1691 0.308412 -0.857451 4.18466 -0.0197187 -0.00149596
24.66 3.17119 0.308848 -0.858386 4.18865 -0.0197155 -0.001497
24.67 3.17329 0.309267 -0.859304 4.19263 -0.0197122 -0.00149794
24.68 3.17541 0.309668 -0.860204 4.19661 -0.0197086 -0.00149882
24.69 3.17755 0.31005 -0.861085 4.2006 -0.019705 -0.00149964
24.7 3.1797 0.310413 -0.861949 4.20458 -0.0197011 -0.00150039
24.71 3.18187 0.310756 -0.862795 4.20857 -0.0196972 -0.00150104
24.72 3.18406 0.31108 -0.863623 4.21257 -0.0196931 -0.00150159
24.73 3.18626 0.311385 -0.864434 4.21656 -0.0196889 -0.00150204
24.74 3.18849 0.311672 -0.865228 4.22056 -0.0196845 -0.00150239
24.75 3.19072 0.311942 -0.866004 4.22455 -0.01968 -0.00150266
24.76 3.19298 0.312196 -0.866765 4.22855 -0.0196753 -0.00150286
24.77 3.19526 0.312437 -0.867509 4.23255 -0.0196704 -0.00150299
24.78 3.19755 0.312666 -0.868237 4.23655 -0.0196654 -0.00150304
24.79 3.19986 0.312884 -0.86895 4.24056 -0.0196601 -0.00150299
24.8 3.20219 0.313094 -0.869648 4.24456 -0.0196548 -0.00150284
24.81 3.20454 0.313297 -0.870332 4.24857 -0.0196493 -0.00150258
24.82 3.2069 0.313496 -0.871001 4.25258 -0.0196436 -0.00150222
24.83 3.20929 0.313693 -0.871655 4.25659 -0.0196378 -0.00150172
24.84 3.21169 0.313889 -0.872296 4.2606 -0.0196318 -0.00150113
24.85 3.21411 0.314085 -0.872923 4.26461 -0.0196256 -0.00150052
24.86 3.21655 0.314284 -0.873537 4.26863 -0.0196192 -0.00149991
24.87 3.21902 0.314485 -0.874136 4.27265 -0.0196126 -0.00149923
24.88 3.2215 0.314691 -0.874722 4.27667 -0.0196059 -0.00149842
24.89 3.224 0.314899 -0.875294 4.28069 -0.019599 -0.00149746
24.9 3.22652 0.315112 -0.875852 4.28471 -0.0195918 -0.00149639
24.91 3.22906 0.315329 -0.876395 4.28874 -0.0195846 -0.00149519
24.92 3.23162 0.315548 -0.876924 4.29276 -0.0195772 -0.00149383
24.93 3.2342 0.31577 -0.877438 4.29679 -0.0195695 -0.00149243
24.94 3.2368 0.315992 -0.877937 4.30082 -0.0195617 -0.0014911
24.95 3.23942 0.316215 -0.87842 4.30486 -0.0195536 -0.00148978
24.96 3.24206 0.316434 -0.878886 4.30889 -0.0195453 -0.00148832
24.97 3.24472 0.316649 -0.879336 4.31293 -0.0195368 -0.00148666
24.98 3.2474 0.316858 -0.879769 4.31696 -0.0195281 -0.00148483
24.99 3.2501 0.317058 -0.880185 4.321 -0.0195192 -0.00148296
25 3.25282 0.317248 -0.880582 4.32504 -0.0195101 -0.00148108
25.01 3.25556 0.317426 -0.880961 4.32908 -0.0195008 -0.00147917
25.02 3.25833 0.317588 -0.881322 4.33313 -0.0194913 -0.00147713
25.03 3.26111 0.317734 -0.881664 4.33718 -0.0194815 -0.00147493
25.04 3.26391 0.317862 -0.881987 4.34122 -0.0194716 -0.00147254
25.05 3.26673 0.31797 -0.882291 4.34527 -0.0194614 -0.00146997
25.06 3.26958 0.318058 -0.882576 4.34933 -0.0194511 -0.00146736
25.07 3.27244 0.318124 -0.882842 4.35338 -0.0194404 -0.00146483
25.08 3.27533 0.31817 -0.883089 4.35743 -0.0194295 -0.00146232
25.09 3.27824 0.318193 -0.883317 4.36149 -0.0194184 -0.00145967
25.1 3.28116 0.318194 -0.883526 4.36555 -0.0194071 -0.00145678
25.11 3.28411 0.318173 -0.883717 4.36961 -0.0193955 -0.00145368
25.12 3.28708 0.318133 -0.88389 4.37367 -0.0193837 -0.00145051
25.13 3.29008 0.318073 -0.884045 4.37774 -0.0193717 -0.00144731
25.14 3.29309 0.317996 -0.884183 4.3818 -0.0193594 -0.00144409
25.15 3.29612 0.317903 -0.884304 4.38587 -0.019347 -0.00144077
25.16 3.29918 0.317795 -0.884408 4.38994 -0.0193343 -0.00143727
25.17 3.30226 0.317675 -0.884496 4.39401 -0.0193213 -0.00143355
25.18 3.30536 0.317544 -0.884568 4.39808 -0.0193082 -0.00142966
25.19 3.30849 0.317406 -0.884625 4.40216 -0.0192948 -0.00142572
25.2 3.31164 0.317261 -0.884667 4.40623 -0.0192812 -0.00142178
25.21 3.31481 0.317113 -0.884693 4.41031 -0.0192674 -0.00141782
25.22 3.318 0.316962 -0.884705 4.41439 -0.0192532 -0.00141371
25.23 3.32122 0.31681 -0.884703 4.41847 -0.0192389 -0.00140947
25.24 3.32446 0.316658 -0.884686 4.42256 -0.0192243 -0.00140507
25.25 3.32773 0.316508 -0.884655 4.42664 -0.0192095 -0.00140056
25.26 3.33102 0.316359 -0.884609 4.43073 -0.0191945 -0.00139591
25.27 3.33433 0.316213 -0.884549 4.43482 -0.0191792 -0.0013911
25.28 3.33767 0.31607 -0.884474 4.43891 -0.0191638 -0.00138612
25.29 3.34103 0.315928 -0.884384 4.443 -0.0191481 -0.00138106
25.3 3.34441 0.315789 -0.884279 4.4471 -0.0191321 -0.00137593
25.31 3.34782 0.31565 -0.884159 4.45119 -0.019116 -0.00137074
25.32 3.35126 0.315511 -0.884023 4.45529 -0.0190996 -0.00136546
25.33 3.35472 0.315369 -0.883871 4.45939 -0.0190829 -0.00136002
25.34 3.3582 0.315223 -0.883702 4.46349 -0.0190661 -0.00135436
25.35 3.36171 0.315071 -0.883516 4.4676 -0.019049 -0.0013485
25.36 3.36525 0.314911 -0.883313 4.4717 -0.0190316 -0.00134253
25.37 3.3688 0.314741 -0.883092 4.47581 -0.019014 -0.0013365
25.38 3.37239 0.314559 -0.882853 4.47992 -0.0189962 -0.00133042
25.39 3.376 0.314363 -0.882596 4.48403 -0.0189782 -0.00132421
25.4 3.37963 0.31415 -0.882321 4.48814 -0.0189599 -0.0013178
25.41 3.38329 0.313919 -0.882026 4.49225 -0.0189414 -0.00131114
25.42 3.38697 0.313667 -0.881712 4.49637 -0.0189227 -0.00130425
25.43 3.39068 0.313395 -0.88138 4.50049 -0.0189037 -0.00129719
25.44 3.39441 0.3131 -0.881028 4.50461 -0.0188845 -0.00129004
25.45 3.39817 0.312783 -0.880658 4.50873 -0.0188651 -0.00128286
25.46 3.40195 0.312443 -0.880268 4.51285 -0.0188454 -0.00127561
25.47 3.40576 0.312079 -0.879859 4.51698 -0.0188255 -0.0012682
25.48 3.40959 0.311692 -0.879432 4.5211 -0.0188053 -0.00126052
25.49 3.41345 0.311282 -0.878987 4.52523 -0.0187849 -0.00125257
25.5 3.41733 0.31085 -0.878523 4.52936 -0.0187643 -0.00124444
25.51 3.42124 0.310398 -0.878042 4.5335 -0.0187434 -0.00123625
25.52 3.42518 0.309928 -0.877543 4.53763 -0.0187223 -0.00122799
25.53 3.42914 0.309441 -0.877028 4.54176 -0.0187009 -0.00121966
25.54 3.43313 0.308939 -0.876496 4.5459 -0.0186793 -0.00121117
25.55 3.43714 0.308424 -0.875948 4.55004 -0.0186574 -0.00120249
25.56 3.44118 0.307899 -0.875384 4.55418 -0.0186354 -0.00119361
25.57 3.44525 0.307364 -0.874805 4.55833 -0.018613 -0.00118453
25.58 3.44934 0.306823 -0.874211 4.56247 -0.0185905 -0.00117528
25.59 3.45346 0.306277 -0.873602 4.56662 -0.0185677 -0.00116591
25.6 3.45761 0.305729 -0.872978 4.57077 -0.0185447 -0.00115648
25.61 3.46178 0.30518 -0.872341 4.57492 -0.0185214 -0.00114701
25.62 3.46598 0.304632 -0.871689 4.57907 -0.0184979 -0.00113748
25.63 3.47021 0.304085 -0.871022 4.58322 -0.0184741 -0.00112781
25.64 3.47446 0.303539 -0.870342 4.58738 -0.01845 -0.00111793
25.65 3.47874 0.302996 -0.869648 4.59154 -0.0184258 -0.00110783
25.66 3.48305 0.302455 -0.868939 4.5957 -0.0184012 -0.00109758
25.67 3.48738 0.301917 -0.868215 4.59986 -0.0183765 -0.00108728
25.68 3.49174 0.301381 -0.867477 4.60402 -0.0183514 -0.00107698
25.69 3.49613 0.300845 -0.866724 4.60819 -0.0183261 -0.00106666
25.7 3.50054 0.300308 -0.865956 4.61235 -0.0183006 -0.00105624
25.71 3.50498 0.299769 -0.865172 4.61652 -0.0182748 -0.00104567
25.72 3.50945 0.299226 -0.864372 4.62069 -0.0182488 -0.0010349
25.73 3.51395 0.298676 -0.863556 4.62486 -0.0182224 -0.00102398
25.74 3.51847 0.298118 -0.862723 4.62904 -0.0181959 -0.00101296
25.75 3.52302 0.29755 -0.861873 4.63321 -0.018169 -0.00100196
25.76 3.52759 0.29697 -0.861005 4.63739 -0.0181419 -0.000990975
25.77 3.53219 0.296376 -0.860121 4.64157 -0.0181145 -0.000979968
25.78 3.53682 0.295764 -0.859218 4.64575 -0.0180868 -0.000968868
25.79 3.54148 0.295135 -0.858298 4.64994 -0.0180589 -0.000957632
25.8 3.54616 0.294485 -0.857359 4.65412 -0.0180307 -0.000946267
25.81 3.55086 0.293814 -0.856403 4.65831 -0.0180022 -0.00093481
25.82 3.5556 0.293121 -0.855428 4.6625 -0.0179734 -0.00092333
25.83 3.56036 0.292406 -0.854435 4.66669 -0.0179443 -0.000911852
25.84 3.56514 0.291667 -0.853425 4.67088 -0.017915 -0.000900406
25.85 3.56995 0.290906 -0.852397 4.67507 -0.0178854 -0.000888936
25.86 3.57479 0.290122 -0.851351 4.67927 -0.0178555 -0.000877412
25.87 3.57966 0.289315 -0.850288 4.68347 -0.0178253 -0.000865787
25.88 3.58455 0.288488 -0.849208 4.68767 -0.0177949 -0.000854073
25.89 3.58947 0.287641 -0.848112 4.69187 -0.0177641 -0.00084231
25.9 3.59441 0.286776 -0.846999 4.69607 -0.017733 -0.000830563
25.91 3.59938 0.285896 -0.845871 4.70028 -0.0177017 -0.000818877
25.92 3.60438 0.285002 -0.844728 4.70448 -0.0176701 -0.000807259
25.93 3.6094 0.284097 -0.84357 4.70869 -0.0176382 -0.00079569
25.94 3.61445 0.283183 -0.842397 4.7129 -0.0176061 -0.000784102
25.95 3.61953 0.282261 -0.84121 4.71712 -0.0175736 -0.000772482
25.96 3.62464 0.281333 -0.84001 4.72133 -0.0175409 -0.000760813
25.97 3.62977 0.280403 -0.838795 4.72555 -0.0175079 -0.000749167
25.98 3.63493 0.279473 -0.837568 4.72977 -0.0174746 -0.000737594
25.99 3.64011 0.278543 -0.836327 4.73399 -0.017441 -0.000726157
26 3.64533 0.277615 -0.835073 4.73821 -0.0174071 -0.000714844
26.01 3.65057 0.27669 -0.833806 4.74243 -0.017373 -0.000703618
26.02 3.65583 0.27577 -0.832527 4.74666 -0.0173385 -0.000692403
26.03 3.66113 0.274853 -0.831234 4.75088 -0.0173038 -0.000681181
26.04 3.66645 0.27394 -0.829928 4.75511 -0.0172688 -0.000669993
26.05 3.67179 0.273031 -0.828609 4.75934 -0.0172335 -0.000658894
26.06 3.67717 0.272126 -0.827276 4.76358 -0.0171979 -0.000647956
26.07 3.68257 0.271223 -0.82593 4.76781 -0.017162 -0.000637166
26.08 3.68799 0.270321 -0.82457 4.77205 -0.0171258 -0.000626517
26.09 3.69345 0.269418 -0.823195 4.77628 -0.0170894 -0.000615949
26.1 3.69893 0.268512 -0.821807 4.78052 -0.0170527 -0.000605452
26.11 3.70443 0.267601 -0.820403 4.78477 -0.0170157 -0.000595011
26.12 3.70997 0.266684 -0.818985 4.78901 -0.0169785 -0.000584677
26.13 3.71553 0.265757 -0.817551 4.79326 -0.0169409 -0.000574483
26.14 3.72111 0.26482 -0.816101 4.7975 -0.0169031 -0.000564473
26.15 3.72672 0.26387 -0.814636 4.80175 -0.0168649 -0.000554649
26.16 3.73236 0.262905 -0.813156 4.806 -0.0168266 -0.000544972
26.17 3.73802 0.261923 -0.811659 4.81026 -0.0167879 -0.000535414
26.18 3.7437 0.260922 -0.810146 4.81451 -0.016749 -0.00052593
26.19 3.74942 0.259902 -0.808617 4.81877 -0.0167098 -0.000516548
26.2 3.75516 0.258861 -0.807072 4.82303 -0.0166703 -0.000507287
26.21 3.76092 0.2578 -0.805511 4.82729 -0.0166306 -0.000498216
26.22 3.76671 0.256717 -0.803935 4.83155 -0.0165905 -0.000489346
26.23 3.77252 0.255614 -0.802343 4.83581 -0.0165503 -0.000480697
26.24 3.77836 0.254489 -0.800736 4.84008 -0.0165098 -0.00047221
26.25 3.78423 0.253346 -0.799114 4.84434 -0.016469 -0.000463857
26.26 3.79012 0.252183 -0.797477 4.84861 -0.016428 -0.000455602
26.27 3.79603 0.251003 -0.795826 4.85289 -0.0163867 -0.000447457
26.28 3.80197 0.249808 -0.794162 4.85716 -0.0163452 -0.00043948
26.29 3.80794 0.248601 -0.792484 4.86143 -0.0163034 -0.000431725
26.3 3.81393 0.247382 -0.790794 4.86571 -0.0162613 -0.00042424
26.31 3.81995 0.246155 -0.789091 4.86999 -0.0162191 -0.000416989
26.32 3.82599 0.244921 -0.787376 4.87427 -0.0161766 -0.000409938
26.33 3.83206 0.243682 -0.78565 4.87855 -0.0161339 -0.000403012
26.34 3.83815 0.242442 -0.783912 4.88283 -0.016091 -0.000396229
26.35 3.84427 0.241202 -0.782164 4.88712 -0.0160478 -0.000389592
26.36 3.85041 0.239963 -0.780404 4.89141 -0.0160044 -0.000383181
26.37 3.85658 0.238728 -0.778635 4.8957 -0.0159608 -0.000377025
26.38 3.86278 0.237499 -0.776854 4.89999 -0.0159169 -0.000371139
26.39 3.869 0.236275 -0.775064 4.90428 -0.0158729 -0.000365497
26.4 3.87524 0.235058 -0.773264 4.90858 -0.0158286 -0.000360045
26.41 3.88151 0.233847 -0.771453 4.91287 -0.0157842 -0.000354753
26.42 3.8878 0.232643 -0.769632 4.91717 -0.0157395 -0.000349599
26.43 3.89412 0.231446 -0.767801 4.92147 -0.0156946 -0.000344634
26.44 3.90046 0.230254 -0.765958 4.92577 -0.0156495 -0.000339892
26.45 3.90683 0.229067 -0.764106 4.93008 -0.0156042 -0.000335445
26.46 3.91322 0.227883 -0.762242 4.93438 -0.0155587 -0.000331258
26.47 3.91963 0.2267 -0.760367 4.93869 -0.015513 -0.000327313
26.48 3.92607 0.225517 -0.75848 4.943 -0.0154672 -0.000323534
26.49 3.93253 0.224331 -0.756581 4.94731 -0.0154211 -0.000319903
26.5 3.93901 0.22314 -0.754671 4.95162 -0.0153748 -0.000316421
26.51 3.94552 0.221942 -0.752747 4.95594 -0.0153284 -0.000313128
26.52 3.95205 0.220736 -0.750812 4.96026 -0.0152817 -0.000310074
26.53 3.9586 0.219519 -0.748863 4.96458 -0.0152349 -0.000307278
26.54 3.96517 0.218289 -0.746902 4.96889 -0.0151879 -0.000304742
26.55 3.97177 0.217044 -0.744927 4.97322 -0.0151408 -0.000302396
26.56 3.97839 0.215783 -0.74294 4.97754 -0.0150935 -0.000300215
26.57 3.98503 0.214505 -0.740939 4.98187 -0.015046 -0.000298141
26.58 3.99169 0.213209 -0.738926 4.9862 -0.0149983 -0.000296223
26.59 3.99837 0.211894 -0.7369 4.99053 -0.0149505 -0.000294489
26.6 4.00508 0.210561 -0.734861 4.99486 -0.0149025 -0.000293
26.61 4.0118 0.209209 -0.73281 4.99919 -0.0148543 -0.000291748
26.62 4.01855 0.20784 -0.730747 5.00352 -0.0148061 -0.000290711
26.63 4.02532 0.206455 -0.728673 5.00786 -0.0147577 -0.000289835
26.64 4.03211 0.205053 -0.726587 5.0122 -0.0147091 -0.000289086
26.65 4.03892 0.203638 -0.724491 5.01654 -0.0146604 -0.000288466
26.66 4.04575 0.202211 -0.722384 5.02088 -0.0146115 -0.000287981
26.67 4.05261 0.200774 -0.720267 5.02523 -0.0145625 -0.000287698
26.68 4.05948 0.199329 -0.718141 5.02957 -0.0145134 -0.000287623
26.69 4.06637 0.197879 -0.716005 5.03392 -0.0144642 -0.000287794
26.7 4.07329 0.196426 -0.713861 5.03827 -0.0144148 -0.000288152
26.71 4.08022 0.194972 -0.711709 5.04262 -0.0143653 -0.000288667
26.72 4.08717 0.19352 -0.709549 5.04697 -0.0143157 -0.000289276
26.73 4.09415 0.19207 -0.707382 5.05133 -0.014266 -0.000290001
26.74 4.10114 0.190626 -0.705208 5.05568 -0.0142162 -0.000290864
26.75 4.10816 0.189189 -0.703026 5.06004 -0.0141662 -0.000291925
26.76 4.11519 0.187759 -0.700838 5.0644 -0.0141162 -0.000293204
26.77 4.12224 0.186339 -0.698643 5.06876 -0.014066 -0.000294677
26.78 4.12931 0.184928 -0.696441 5.07313 -0.0140157 -0.000296324
26.79 4.1364 0.183527 -0.694233 5.07749 -0.0139654 -0.000298076
26.8 4.14351 0.182136 -0.692019 5.08186 -0.0139149 -0.000299936
26.81 4.15064 0.180753 -0.689798 5.08623 -0.0138644 -0.00030188
26.82 4.15779 0.179378 -0.687569 5.0906 -0.0138137 -0.000303969
26.83 4.16495 0.17801 -0.685334 5.09498 -0.0137629 -0.000306214
26.84 4.17213 0.176648 -0.683092 5.09935 -0.013712 -0.000308668
26.85 4.17933 0.17529 -0.680842 5.10373 -0.0136611 -0.000311282
26.86 4.18654 0.173934 -0.678584 5.10811 -0.0136101 -0.000314021
26.87 4.19377 0.172577 -0.676319 5.11249 -0.013559 -0.00031682
26.88 4.20102 0.171218 -0.674046 5.11687 -0.0135078 -0.000319668
26.89 4.20829 0.169854 -0.671764 5.12125 -0.0134565 -0.000322601
26.9 4.21557 0.168483 -0.669473 5.12564 -0.0134051 -0.000325646
26.91 4.22286 0.167104 -0.667174 5.13003 -0.0133537 -0.000328849
26.92 4.23017 0.165715 -0.664866 5.13441 -0.0133021 -0.000332177
26.93 4.2375 0.164314 -0.662549 5.1388 -0.0132505 -0.000335625
26.94 4.24484 0.162899 -0.660223 5.1432 -0.0131989 -0.000339117
26.95 4.25219 0.16147 -0.657888 5.14759 -0.0131472 -0.000342659
26.96 4.25957 0.160025 -0.655545 5.15199 -0.0130954 -0.000346216
26.97 4.26695 0.158565 -0.653192 5.15639 -0.0130435 -0.000349841
26.98 4.27435 0.157089 -0.650831 5.16079 -0.0129916 -0.000353545
26.99 4.28176 0.155598 -0.648462 5.16519 -0.0129396 -0.000357358
27 4.28919 0.154093 -0.646085 5.16959 -0.0128875 -0.000361271
27.01 4.29663 0.152574 -0.6437 5.174 -0.0128355 -0.000365245
27.02 4.30408 0.151044 -0.641307 5.17841 -0.0127833 -0.000369254
27.03 4.31155 0.149502 -0.638908 5.18281 -0.0127312 -0.000373259
27.04 4.31903 0.147952 -0.636503 5.18723 -0.0126789 -0.00037729
27.05 4.32653 0.146396 -0.634091 5.19164 -0.0126266 -0.000381344
27.06 4.33404 0.144835 -0.631674 5.19605 -0.0125743 -0.000385486
27.07 4.34156 0.143273 -0.629252 5.20047 -0.0125219 -0.000389693
27.08 4.34909 0.141711 -0.626825 5.20489 -0.0124695 -0.000393987
27.09 4.35664 0.140152 -0.624394 5.20931 -0.0124171 -0.000398307
27.1 4.3642 0.138597 -0.621959 5.21373 -0.0123646 -0.00040264
27.11 4.37177 0.137048 -0.61952 5.21815 -0.0123121 -0.000406953
27.12 4.37936 0.135508 -0.617078 5.22258 -0.0122596 -0.000411264
27.13 4.38695 0.133978 -0.614634 5.22701 -0.012207 -0.000415603
27.14 4.39456 0.132459 -0.612186 5.23143 -0.0121545 -0.000419989
27.15 4.40218 0.130951 -0.609736 5.23587 -0.0121019 -0.000424444
27.16 4.40981 0.129456 -0.607283 5.2403 -0.0120493 -0.000428926
27.17 4.41746 0.127973 -0.604828 5.24473 -0.0119966 -0.000433437
27.18 4.42511 0.126503 -0.60237 5.24917 -0.011944 -0.000437908
27.19 4.43277 0.125043 -0.59991 5.25361 -0.0118913 -0.000442363
27.2 4.44045 0.123594 -0.597447 5.25805 -0.0118387 -0.000446779
27.21 4.44813 0.122155 -0.594981 5.26249 -0.0117859 -0.000451217
27.22 4.45583 0.120723 -0.592512 5.26693 -0.0117332 -0.000455678
27.23 4.46353 0.119298 -0.59004 5.27138 -0.0116805 -0.000460184
27.24 4.47125 0.117877 -0.587564 5.27582 -0.0116278 -0.000464691
27.25 4.47897 0.116457 -0.585084 5.28027 -0.0115751 -0.00046916
27.26 4.4867 0.115038 -0.582601 5.28472 -0.0115224 -0.000473565
27.27 4.49444 0.113616 -0.580114 5.28917 -0.0114697 -0.000477897
27.28 4.50219 0.11219 -0.577622 5.29363 -0.0114169 -0.000482211
27.29 4.50995 0.110758 -0.575126 5.29808 -0.0113642 -0.000486502
27.3 4.51772 0.109318 -0.572625 5.30254 -0.0113115 -0.000490815
27.31 4.52549 0.107869 -0.570119 5.307 -0.0112588 -0.000495097
27.32 4.53327 0.10641 -0.56761 5.31146 -0.0112061 -0.000499352
27.33 4.54106 0.104938 -0.565095 5.31592 -0.0111535 -0.000503522
27.34 4.54886 0.103454 -0.562576 5.32039 -0.0111009 -0.000507628
27.35 4.55667 0.101958 -0.560053 5.32486 -0.0110483 -0.000511652
27.36 4.56448 0.100448 -0.557526 5.32932 -0.0109957 -0.000515636
27.37 4.5723 0.0989275 -0.554994 5.33379 -0.0109431 -0.000519591
27.38 4.58013 0.0973954 -0.552459 5.33827 -0.0108906 -0.000523524
27.39 4.58796 0.0958532 -0.549921 5.34274 -0.0108381 -0.000527435
27.4 4.5958 0.0943022 -0.547381 5.34721 -0.0107856 -0.000531277
27.41 4.60365 0.0927441 -0.544837 5.35169 -0.0107332 -0.000535051
27.42 4.61151 0.0911807 -0.542292 5.35617 -0.0106808 -0.00053872
27.43 4.61937 0.0896141 -0.539745 5.36065 -0.0106285 -0.000542332
27.44 4.62724 0.0880466 -0.537197 5.36514 -0.0105762 -0.000545885
27.45 4.63512 0.0864804 -0.534649 5.36962 -0.0105239 -0.000549436
27.46 4.643 0.0849179 -0.5321 5.37411 -0.0104717 -0.00055295
27.47 4.65089 0.0833609 -0.529551 5.37859 -0.0104195 -0.000556438
27.48 4.65879 0.0818115 -0.527003 5.38308 -0.0103674 -0.000559851
27.49 4.66669 0.0802715 -0.524456 5.38757 -0.0103153 -0.000563185
27.5 4.6746 0.0787423 -0.52191 5.39207 -0.0102633 -0.000566443
27.51 4.68251 0.0772256 -0.519365 5.39656 -0.0102113 -0.000569635
27.52 4.69043 0.0757224 -0.516822 5.40106 -0.0101594 -0.000572801
27.53 4.69835 0.0742334 -0.514281 5.40556 -0.0101076 -0.000575936
27.54 4.70628 0.072759 -0.511741 5.41006 -0.0100557 -0.000579064
27.55 4.71422 0.0712992 -0.509204 5.41456 -0.010004 -0.000582131
27.56 4.72216 0.0698534 -0.506668 5.41906 -0.00995231 -0.000585147
27.57 4.7301 0.068421 -0.504134 5.42357 -0.00990068 -0.000588058
27.58 4.73805 0.067001 -0.501602 5.42808 -0.0098491 -0.000590909
27.59 4.74601 0.0655923 -0.499071 5.43259 -0.00979758 -0.000593697
27.6 4.75396 0.0641933 -0.496542 5.4371 -0.00974612 -0.000596466
27.61 4.76192 0.0628024 -0.494013 5.44161 -0.00969473 -0.000599209
27.62 4.76989 0.0614176 -0.491486 5.44612 -0.00964341 -0.000601915
27.63 4.77785 0.0600368 -0.488959 5.45064 -0.00959216 -0.000604563
27.64 4.78582 0.058658 -0.486432 5.45516 -0.00954097 -0.000607126
27.65 4.7938 0.057279 -0.483906 5.45968 -0.00948984 -0.000609617
27.66 4.80177 0.055898 -0.48138 5.4642 -0.00943878 -0.000612021
27.67 4.80975 0.0545132 -0.478853 5.46873 -0.00938776 -0.000614395
27.68 4.81773 0.0531231 -0.476327 5.47325 -0.00933682 -0.000616719
27.69 4.82572 0.0517261 -0.4738 5.47778 -0.00928595 -0.000619037
27.7 4.83371 0.0503211 -0.471272 5.4823 -0.00923516 -0.000621298
27.71 4.8417 0.0489071 -0.468745 5.48683 -0.00918444 -0.000623507
27.72 4.84969 0.0474835 -0.466217 5.49137 -0.00913379 -0.000625624
27.73 4.85768 0.04605 -0.463689 5.4959 -0.00908322 -0.000627667
27.74 4.86568 0.0446069 -0.461161 5.50044 -0.00903271 -0.000629649
27.75 4.87368 0.0431548 -0.458634 5.50498 -0.00898228 -0.000631598
27.76 4.88168 0.0416945 -0.456107 5.50951 -0.00893191 -0.000633536
27.77 4.88969 0.040227 -0.453581 5.51405 -0.00888163 -0.000635443
27.78 4.89769 0.0387538 -0.451056 5.5186 -0.00883142 -0.000637328
27.79 4.9057 0.0372763 -0.448534 5.52314 -0.00878129 -0.000639139
27.8 4.91371 0.0357963 -0.446013 5.52769 -0.00873122 -0.000640902
27.81 4.92173 0.0343158 -0.443495 5.53224 -0.00868121 -0.000642589
27.82 4.92974 0.032837 -0.440979 5.53679 -0.00863128 -0.000644262
27.83 4.93776 0.0313621 -0.438468 5.54134 -0.00858143 -0.000645915
27.84 4.94578 0.0298931 -0.43596 5.54589 -0.00853166 -0.000647589
27.85 4.95381 0.0284321 -0.433456 5.55045 -0.00848196 -0.000649251
27.86 4.96183 0.0269808 -0.430957 5.555 -0.00843235 -0.000650896
27.87 4.96986 0.0255409 -0.428463 5.55956 -0.0083828 -0.000652498
27.88 4.97789 0.0241138 -0.425974 5.56412 -0.00833333 -0.000654053
27.89 4.98592 0.0227009 -0.423491 5.56868 -0.00828392 -0.000655592
27.9 4.99395 0.0213031 -0.421013 5.57325 -0.00823459 -0.000657116
27.91 5.00198 0.019921 -0.418541 5.57781 -0.00818531 -0.000658673
27.92 5.01002 0.0185551 -0.416074 5.58238 -0.0081361 -0.000660233
27.93 5.01805 0.0172051 -0.413614 5.58695 -0.00808696 -0.000661822
27.94 5.02609 0.0158706 -0.41116 5.59152 -0.00803788 -0.000663386
27.95 5.03412 0.0145508 -0.408711 5.59609 -0.00798888 -0.000664941
27.96 5.04216 0.0132445 -0.406268 5.60067 -0.00793992 -0.000666455
27.97 5.0502 0.0119507 -0.40383 5.60524 -0.00789103 -0.000667973
27.98 5.05824 0.0106679 -0.401398 5.60982 -0.00784219 -0.0006695
27.99 5.06627 0.00939432 -0.398971 5.6144 -0.00779341 -0.000671061
28 5.07431 0.00812814 -0.396549 5.61898 -0.00774468 -0.000672657
28.01 5.08235 0.00686731 -0.394132 5.62356 -0.00769603 -0.000674258
28.02 5.09039 0.00560973 -0.391719 5.62815 -0.00764743 -0.000675862
28.03 5.09843 0.00435342 -0.38931 5.63273 -0.00759888 -0.000677435
28.04 5.10646 0.00309645 -0.386906 5.63732 -0.00755039 -0.000679013
28.05 5.1145 0.00183719 -0.384505 5.64191 -0.00750194 -0.000680584
28.06 5.12254 0.000574066 -0.382108 5.6465 -0.00745355 -0.000682205
28.07 5.13058 -0.000694249 -0.379715 5.6511 -0.0074052 -0.000683846
28.08 5.13862 -0.00196896 -0.377325 5.65569 -0.00735691 -0.000685536
28.09 5.14666 -0.00325095 -0.374939 5.66029 -0.00730866 -0.000687229
28.1 5.1547 -0.00454085 -0.372556 5.66489 -0.00726047 -0.000688933
28.11 5.16273 -0.00583883 -0.370178 5.66949 -0.00721233 -0.000690634
28.12 5.17077 -0.00714473 -0.367803 5.67409 -0.00716425 -0.000692344
28.13 5.17881 -0.008458 -0.365432 5.67869 -0.00711621 -0.000694089
28.14 5.18686 -0.00977777 -0.363066 5.6833 -0.00706823 -0.000695876
28.15 5.1949 -0.011103 -0.360704 5.68791 -0.00702029 -0.000697728
28.16 5.20294 -0.0124324 -0.358347 5.69251 -0.00697239 -0.000699609
28.17 5.21098 -0.0137645 -0.355996 5.69712 -0.00692455 -0.000701538
28.18 5.21902 -0.0150976 -0.35365 5.70174 -0.00687674 -0.000703468
28.19 5.22707 -0.0164298 -0.351311 5.70635 -0.00682897 -0.000705439
28.2 5.23511 -0.0177591 -0.348978 5.71097 -0.00678124 -0.00070743
28.21 5.24315 -0.0190835 -0.346651 5.71558 -0.00673355 -0.00070949
28.22 5.2512 -0.0204009 -0.344333 5.7202 -0.00668589 -0.000711611
28.23 5.25924 -0.0217094 -0.342021 5.72482 -0.00663828 -0.000713811
28.24 5.26729 -0.0230074 -0.339718 5.72945 -0.00659069 -0.000716073
28.25 5.27534 -0.0242934 -0.337423 5.73407 -0.00654314 -0.000718381
28.26 5.28338 -0.0255661 -0.335137 5.7387 -0.00649562 -0.000720729
28.27 5.29143 -0.0268243 -0.33286 5.74332 -0.00644814 -0.000723107
28.28 5.29947 -0.0280672 -0.330591 5.74795 -0.00640068 -0.000725559
28.29 5.30752 -0.029294 -0.328331 5.75259 -0.00635324 -0.000728075
28.3 5.31557 -0.0305048 -0.326081 5.75722 -0.00630584 -0.0007307
28.31 5.32361 -0.0316995 -0.32384 5.76185 -0.00625845 -0.000733385
28.32 5.33166 -0.0328789 -0.321607 5.76649 -0.0062111 -0.000736151
28.33 5.3397 -0.0340435 -0.319384 5.77113 -0.00616376 -0.000738953
28.34 5.34775 -0.0351946 -0.317169 5.77577 -0.00611647 -0.000741817
28.35 5.35579 -0.0363334 -0.314964 5.78041 -0.00606918 -0.000744731
28.36 5.36384 -0.0374613 -0.312766 5.78505 -0.00602191 -0.000747719
28.37 5.37188 -0.03858 -0.310577 5.7897 -0.00597462 -0.000750783
28.38 5.37992 -0.0396913 -0.308396 5.79434 -0.00592736 -0.00075393
28.39 5.38797 -0.0407973 -0.306222 5.79899 -0.00588015 -0.000757174
28.4 5.39601 -0.0418998 -0.304056 5.80364 -0.00583296 -0.000760471
28.41 5.40406 -0.0430008 -0.301897 5.80829 -0.00578581 -0.000763835
28.42 5.4121 -0.0441023 -0.299746 5.81295 -0.00573868 -0.000767226
28.43 5.42014 -0.0452058 -0.297601 5.8176 -0.00569157 -0.000770693
28.44 5.42819 -0.0463128 -0.295463 5.82226 -0.00564447 -0.000774217
28.45 5.43623 -0.0474246 -0.293332 5.82692 -0.00559739 -0.000777846
28.46 5.44428 -0.0485423 -0.291208 5.83158 -0.00555031 -0.000781544
28.47 5.45232 -0.0496668 -0.28909 5.83624 -0.00550325 -0.000785323
28.48 5.46037 -0.0507987 -0.286979 5.8409 -0.0054562 -0.000789151
28.49 5.46842 -0.0519382 -0.284874 5.84557 -0.00540917 -0.000793033
28.5 5.47646 -0.0530851 -0.282777 5.85023 -0.00536216 -0.000796974
28.51 5.48451 -0.0542391 -0.280687 5.8549 -0.00531517 -0.000800977
28.52 5.49256 -0.0553993 -0.278604 5.85957 -0.00526819 -0.000805073
28.53 5.50062 -0.0565647 -0.276529 5.86424 -0.00522122 -0.000809242
28.54 5.50867 -0.0577342 -0.274462 5.86892 -0.00517426 -0.000813508
28.55 5.51672 -0.0589064 -0.272403 5.87359 -0.0051273 -0.000817825
28.56 5.52478 -0.0600796 -0.270353 5.87827 -0.00508037 -0.000822222
28.57 5.53283 -0.0612523 -0.268313 5.88295 -0.00503344 -0.000826662
28.58 5.54089 -0.0624224 -0.266281 5.88763 -0.00498653 -0.000831187
28.59 5.54895 -0.0635882 -0.26426 5.89231 -0.00493963 -0.000835775
28.6 5.55701 -0.0647477 -0.262249 5.897 -0.00489276 -0.000840454
28.61 5.56507 -0.0658992 -0.260248 5.90168 -0.00484586 -0.000845214
28.62 5.57313 -0.0670411 -0.258258 5.90637 -0.00479898 -0.000850052
28.63 5.5812 -0.0681719 -0.256278 5.91106 -0.00475207 -0.000854965
28.64 5.58926 -0.0692906 -0.254311 5.91575 -0.00470512 -0.000859926
28.65 5.59733 -0.0703962 -0.252354 5.92044 -0.00465812 -0.000864949
28.66 5.6054 -0.0714879 -0.250409 5.92513 -0.00461113 -0.000870023
28.67 5.61346 -0.0725651 -0.248476 5.92983 -0.00456421 -0.000875204
28.68 5.62153 -0.0736277 -0.246554 5.93453 -0.0045173 -0.000880458
28.69 5.6296 -0.0746758 -0.244645 5.93922 -0.00447041 -0.000885812
28.7 5.63767 -0.0757098 -0.242746 5.94392 -0.00442349 -0.00089121
28.71 5.64575 -0.0767307 -0.240859 5.94863 -0.00437658 -0.000896671
28.72 5.65382 -0.0777394 -0.238984 5.95333 -0.00432964 -0.00090217
28.73 5.66189 -0.0787371 -0.237119 5.95804 -0.0042827 -0.00090773
28.74 5.66996 -0.0797251 -0.235266 5.96274 -0.00423575 -0.000913345
28.75 5.67804 -0.0807051 -0.233423 5.96745 -0.0041888 -0.000919019
28.76 5.68611 -0.0816788 -0.23159 5.97216 -0.00414182 -0.000924762
28.77 5.69419 -0.0826479 -0.229767 5.97688 -0.00409483 -0.000930556
28.78 5.70227 -0.0836145 -0.227954 5.98159 -0.00404781 -0.000936419
28.79 5.71035 -0.0845804 -0.22615 5.9863 -0.00400078 -0.000942306
28.8 5.71843 -0.0855474 -0.224356 5.99102 -0.00395374 -0.000948241
28.81 5.72651 -0.0865171 -0.222571 5.99574 -0.0039067 -0.000954182
28.82 5.73459 -0.087491 -0.220794 6.00046 -0.00385967 -0.000960176
28.83 5.74267 -0.0884703 -0.219027 6.00519 -0.00381261 -0.000966203
28.84 5.75076 -0.089456 -0.217268 6.00991 -0.00376555 -0.0009723
28.85 5.75885 -0.0904491 -0.215518 6.01463 -0.00371844 -0.000978434
28.86 5.76694 -0.0914501 -0.213777 6.01936 -0.00367133 -0.000984602
28.87 5.77503 -0.0924594 -0.212044 6.02409 -0.0036242 -0.000990782
28.88 5.78312 -0.0934769 -0.21032 6.02882 -0.00357707 -0.000996971
28.89 5.79121 -0.0945022 -0.208606 6.03355 -0.00352995 -0.00100319
28.9 5.79931 -0.0955346 -0.206901 6.03829 -0.00348281 -0.00100943
28.91 5.80741 -0.0965733 -0.205205 6.04302 -0.00343567 -0.00101571
28.92 5.81551 -0.097617 -0.203519 6.04776 -0.00338849 -0.00102202
28.93 5.82362 -0.0986647 -0.201844 6.0525 -0.00334129 -0.00102837
28.94 5.83172 -0.0997146 -0.200178 6.05724 -0.00329406 -0.00103471
28.95 5.83983 -0.100765 -0.198524 6.06198 -0.00324683 -0.00104107
28.96 5.84794 -0.101815 -0.196882 6.06673 -0.00319959 -0.00104743
28.97 5.85605 -0.102863 -0.195251 6.07147 -0.00315236 -0.0010538
28.98 5.86417 -0.103905 -0.193632 6.07622 -0.0031051 -0.00106019
28.99 5.87229 -0.104942 -0.192025 6.08097 -0.00305783 -0.00106661
29 5.8804 -0.105971 -0.190431 6.08572 -0.00301053 -0.00107305
29.01 5.88852 -0.106991 -0.18885 6.09047 -0.00296319 -0.0010795
29.02 5.89665 -0.108001 -0.187283 6.09522 -0.00291583 -0.00108595
29.03 5.90477 -0.109 -0.185728 6.09998 -0.00286845 -0.00109238
29.04 5.9129 -0.109986 -0.184187 6.10474 -0.00282102 -0.00109882
29.05 5.92102 -0.110961 -0.182659 6.1095 -0.00277348 -0.00110522
29.06 5.92915 -0.111923 -0.181145 6.11426 -0.00272596 -0.00111165
29.07 5.93728 -0.112873 -0.179644 6.11902 -0.00267844 -0.0011181
29.08 5.94541 -0.11381 -0.178156 6.12378 -0.00263093 -0.00112458
29.09 5.95355 -0.114737 -0.176681 6.12855 -0.00258339 -0.00113104
29.1 5.96168 -0.115653 -0.17522 6.13331 -0.00253583 -0.00113747
29.11 5.96982 -0.11656 -0.173771 6.13808 -0.00248825 -0.00114385
29.12 5.97795 -0.117459 -0.172334 6.14286 -0.00244065 -0.00115022
29.13 5.98609 -0.118351 -0.17091 6.14763 -0.00239302 -0.00115657
29.14 5.99423 -0.119239 -0.169497 6.1524 -0.00234536 -0.00116292
29.15 6.00237 -0.120124 -0.168096 6.15718 -0.00229765 -0.00116927
29.16 6.01052 -0.121007 -0.166706 6.16195 -0.00224989 -0.00117558
29.17 6.01866 -0.121891 -0.165327 6.16673 -0.00220209 -0.00118187
29.18 6.02681 -0.122778 -0.163959 6.17151 -0.00215425 -0.0011881
29.19 6.03496 -0.123668 -0.162601 6.17629 -0.00210641 -0.0011943
29.2 6.04311 -0.124564 -0.161253 6.18108 -0.00205854 -0.00120045
29.21 6.05126 -0.125466 -0.159915 6.18586 -0.00201066 -0.00120658
29.22 6.05942 -0.126376 -0.158588 6.19065 -0.00196273 -0.00121267
29.23 6.06758 -0.127294 -0.15727 6.19544 -0.00191476 -0.00121875
29.24 6.07573 -0.128221 -0.155962 6.20023 -0.00186673 -0.00122479
29.25 6.0839 -0.129158 -0.154664 6.20502 -0.00181866 -0.00123078
29.26 6.09206 -0.130104 -0.153376 6.20981 -0.00177058 -0.00123671
29.27 6.10023 -0.13106 -0.152098 6.21461 -0.00172247 -0.00124258
29.28 6.1084 -0.132024 -0.150831 6.21941 -0.00167436 -0.00124841
29.29 6.11657 -0.132996 -0.149574 6.2242 -0.00162621 -0.00125419
29.3 6.12474 -0.133974 -0.148328 6.229 -0.00157802 -0.00125996
29.31 6.13292 -0.134958 -0.147093 6.2338 -0.00152977 -0.00126567
29.32 6.1411 -0.135947 -0.145869 6.23861 -0.00148148 -0.00127134
29.33 6.14928 -0.136938 -0.144657 6.24341 -0.00143313 -0.00127694
29.34 6.15746 -0.13793 -0.143458 6.24822 -0.00138478 -0.0012825
29.35 6.16565 -0.138922 -0.142271 6.25303 -0.00133641 -0.00128798
29.36 6.17384 -0.139911 -0.141097 6.25784 -0.00128803 -0.00129343
29.37 6.18202 -0.140897 -0.139935 6.26265 -0.0012396 -0.00129884
29.38 6.19022 -0.141876 -0.138787 6.26746 -0.00119112 -0.00130421
29.39 6.19841 -0.142849 -0.137653 6.27228 -0.00114259 -0.00130953
29.4 6.2066 -0.143814 -0.136532 6.27709 -0.00109399 -0.00131478
29.41 6.2148 -0.14477 -0.135425 6.28191 -0.00104537 -0.00131999
29.42 6.22299 -0.145717 -0.134332 6.28673 -0.000996722 -0.00132512
29.43 6.23119 -0.146653 -0.133253 6.29155 -0.000948074 -0.00133021
29.44 6.23939 -0.147578 -0.132188 6.29638 -0.000899387 -0.00133523
29.45 6.24759 -0.148492 -0.131137 6.3012 -0.00085067 -0.00134022
29.46 6.25579 -0.149396 -0.130099 6.30602 -0.000801887 -0.00134516
29.47 6.26399 -0.15029 -0.129075 6.31085 -0.000753053 -0.00135008
29.48 6.27219 -0.151176 -0.128065 6.31568 -0.00070417 -0.00135492
29.49 6.2804 -0.152053 -0.127068 6.32051 -0.000655258 -0.00135969
29.5 6.2886 -0.152924 -0.126084 6.32535 -0.000606337 -0.00136438
29.51 6.2968 -0.153789 -0.125112 6.33018 -0.00055739 -0.00136902
29.52 6.30501 -0.154651 -0.124153 6.33502 -0.000508424 -0.00137362
29.53 6.31322 -0.155511 -0.123206 6.33985 -0.000459394 -0.00137816
29.54 6.32143 -0.15637 -0.122271 6.34469 -0.000410316 -0.00138266
29.55 6.32963 -0.157231 -0.121347 6.34953 -0.000361168 -0.0013871
29.56 6.33784 -0.158095 -0.120434 6.35437 -0.000311997 -0.00139148
29.57 6.34606 -0.158963 -0.119532 6.35922 -0.000262797 -0.00139578
29.58 6.35427 -0.159838 -0.118641 6.36406 -0.0002136 -0.00140002
29.59 6.36248 -0.16072 -0.11776 6.36891 -0.00016438 -0.0014042
29.6 6.3707 -0.16161 -0.11689 6.37376 -0.000115127 -0.00140834
29.61 6.37892 -0.16251 -0.116029 6.37861 -6.58188e-05 -0.00141244
29.62 6.38714 -0.16342 -0.115179 6.38346 -1.64435e-05 -0.00141649
29.63 6.39536 -0.16434 -0.114339 6.38831 3.29778e-05 -0.00142049
29.64 6.40358 -0.16527 -0.113509 6.39317 8.24434e-05 -0.00142441
29.65 6.41181 -0.166211 -0.11269 6.39803 0.000131911 -0.00142828
29.66 6.42003 -0.167162 -0.111881 6.40289 0.000181402 -0.00143209
29.67 6.42826 -0.168122 -0.111082 6.40775 0.000230898 -0.00143587
29.68 6.43649 -0.16909 -0.110295 6.41261 0.000280452 -0.00143959
29.69 6.44472 -0.170064 -0.109519 6.41747 0.000330056 -0.00144329
29.7 6.45296 -0.171045 -0.108754 6.42233 0.000379737 -0.00144693
29.71 6.46119 -0.172029 -0.108 6.4272 0.00042946 -0.00145053
29.72 6.46943 -0.173017 -0.107259 6.43207 0.000479213 -0.00145406
29.73 6.47766 -0.174005 -0.10653 6.43694 0.000528978 -0.00145756
29.74 6.4859 -0.174992 -0.105814 6.44181 0.000578749 -0.00146101
29.75 6.49414 -0.175977 -0.10511 6.44668 0.000628552 -0.00146447
29.76 6.50238 -0.176958 -0.104419 6.45156 0.000678386 -0.00146794
29.77 6.51062 -0.177933 -0.103742 6.45643 0.000728309 -0.00147135
29.78 6.51886 -0.178902 -0.103078 6.46131 0.000778289 -0.00147466
29.79 6.5271 -0.179863 -0.102427 6.46619 0.000828336 -0.00147787
29.8 6.53534 -0.180816 -0.101789 6.47107 0.000878392 -0.00148108
29.81 6.54359 -0.181759 -0.101166 6.47596 0.00092847 -0.00148429
29.82 6.55183 -0.182693 -0.100555 6.48084 0.000978553 -0.00148752
29.83 6.56007 -0.183617 -0.0999586 6.48573 0.00102868 -0.00149069
29.84 6.56831 -0.184532 -0.0993747 6.49061 0.00107886 -0.00149382
29.85 6.57656 -0.185438 -0.0988038 6.4955 0.00112911 -0.0014969
29.86 6.5848 -0.186335 -0.0982456 6.50039 0.00117943 -0.00149998
29.87 6.59304 -0.187225 -0.0977001 6.50528 0.00122978 -0.00150304
29.88 6.60129 -0.188109 -0.0971668 6.51018 0.00128015 -0.00150609
29.89 6.60953 -0.188988 -0.0966455 6.51507 0.00133052 -0.00150911
29.9 6.61777 -0.189864 -0.0961358 6.51997 0.00138092 -0.00151208
29.91 6.62602 -0.190738 -0.0956373 6.52487 0.00143136 -0.00151504
29.92 6.63426 -0.191612 -0.0951496 6.52977 0.00148188 -0.00151798
29.93 6.64251 -0.192488 -0.0946725 6.53467 0.00153246 -0.00152093
29.94 6.65075 -0.193367 -0.0942058 6.53957 0.00158311 -0.00152385
29.95 6.659 -0.194251 -0.0937492 6.54448 0.00163378 -0.00152675
29.96 6.66724 -0.195141 -0.0933027 6.54938 0.00168447 -0.00152961
29.97 6.67549 -0.196039 -0.0928658 6.55429 0.00173517 -0.00153246
29.98 6.68374 -0.196945 -0.0924386 6.5592 0.0017859 -0.0015353
29.99 6.69199 -0.197861 -0.0920206 6.56411 0.00183668 -0.00153818
30 6.70024 -0.198788 -0.0916121 6.56902 0.00188751 -0.00154113
30.01 6.70849 -0.199724 -0.0912129 6.57394 0.00193841 -0.00154414
30.02 6.71674 -0.200672 -0.0908232 6.57885 0.00198936 -0.00154709
30.03 6.725 -0.201631 -0.0904432 6.58377 0.00204036 -0.00154985
30.04 6.73325 -0.202601 -0.090073 6.58869 0.00209138 -0.00155253
30.05 6.74151 -0.203579 -0.0897126 6.59361 0.00214244 -0.00155526
30.06 6.74977 -0.204567 -0.0893623 6.59853 0.00219352 -0.00155813
30.07 6.75803 -0.205561 -0.0890221 6.60346 0.00224469 -0.00156104
30.08 6.76628 -0.206563 -0.0886924 6.60838 0.00229592 -0.00156393
30.09 6.77455 -0.207569 -0.0883735 6.61331 0.00234722 -0.00156673
30.1 6.78281 -0.208579 -0.0880656 6.61824 0.00239857 -0.00156951
30.11 6.79107 -0.20959 -0.0877691 6.62317 0.00244993 -0.00157232
30.12 6.79933 -0.210601 -0.0874842 6.6281 0.00250131 -0.0015752
30.13 6.80759 -0.211611 -0.087211 6.63303 0.00255272 -0.0015781
30.14 6.81585 -0.212617 -0.0869495 6.63797 0.00260419 -0.00158099
30.15 6.82412 -0.213619 -0.0867 6.6429 0.00265574 -0.00158387
30.16 6.83238 -0.214615 -0.0864626 6.64784 0.00270737 -0.00158674
30.17 6.84064 -0.215603 -0.0862373 6.65278 0.00275906 -0.00158966
30.18 6.8489 -0.216584 -0.0860244 6.65772 0.0028108 -0.00159259
30.19 6.85716 -0.217556 -0.0858238 6.66267 0.00286255 -0.00159555
30.2 6.86542 -0.218518 -0.0856353 6.66761 0.00291433 -0.00159849
30.21 6.87368 -0.219471 -0.0854588 6.67256 0.00296615 -0.00160145
30.22 6.88194 -0.220415 -0.085294 6.6775 0.00301803 -0.00160442
30.23 6.8902 -0.22135 -0.0851406 6.68245 0.00307002 -0.00160744
30.24 6.89846 -0.222277 -0.0849986 6.6874 0.00312207 -0.00161047
30.25 6.90671 -0.223196 -0.0848677 6.69235 0.00317419 -0.00161352
30.26 6.91497 -0.224109 -0.0847477 6.69731 0.00322634 -0.00161657
30.27 6.92323 -0.225018 -0.0846381 6.70226 0.00327852 -0.00161962
30.28 6.93149 -0.225922 -0.0845387 6.70722 0.00333069 -0.00162278
30.29 6.93974 -0.226824 -0.0844489 6.71218 0.00338291 -0.00162609
30.3 6.948 -0.227725 -0.0843683 6.71714 0.00343521 -0.00162943
30.31 6.95626 -0.228629 -0.0842967 6.7221 0.00348763 -0.00163257
30.32 6.96451 -0.229535 -0.0842337 6.72706 0.00354015 -0.00163562
30.33 6.97277 -0.230446 -0.0841794 6.73203 0.00359272 -0.0016387
30.34 6.98103 -0.231363 -0.0841333 6.73699 0.00364534 -0.00164195
30.35 6.98929 -0.232287 -0.0840955 6.74196 0.00369797 -0.00164531
30.36 6.99755 -0.233219 -0.0840654 6.74693 0.00375065 -0.00164867
30.37 7.00581 -0.234161 -0.0840431 6.7519 0.00380338 -0.00165195
30.38 7.01407 -0.235114 -0.0840283 6.75687 0.00385622 -0.0016552
30.39 7.02233 -0.236077 -0.0840212 6.76185 0.00390913 -0.00165851
30.4 7.03059 -0.237052 -0.0840217 6.76682 0.00396215 -0.00166191
30.41 7.03886 -0.238037 -0.0840301 6.7718 0.00401521 -0.00166536
30.42 7.04712 -0.239032 -0.0840465 6.77678 0.00406831 -0.00166879
30.43 7.05539 -0.240038 -0.084071 6.78176 0.00412145 -0.00167221
30.44 7.06365 -0.241053 -0.0841037 6.78674 0.00417464 -0.00167561
30.45 7.07192 -0.242075 -0.0841447 6.79172 0.00422792 -0.00167908
30.46 7.08018 -0.243105 -0.0841944 6.79671 0.00428129 -0.00168259
30.47 7.08844 -0.244139 -0.0842529 6.80169 0.00433478 -0.00168613
30.48 7.09671 -0.245177 -0.0843206 6.80668 0.00438834 -0.00168967
30.49 7.10497 -0.246218 -0.0843978 6.81167 0.00444196 -0.0016932
30.5 7.11324 -0.247258 -0.0844847 6.81666 0.00449561 -0.00169674
30.51 7.1215 -0.248297 -0.0845815 6.82165 0.00454931 -0.00170031
30.52 7.12977 -0.249333 -0.0846883 6.82665 0.00460307 -0.00170392
30.53 7.13803 -0.250365 -0.0848051 6.83164 0.00465694 -0.00170754
30.54 7.14629 -0.25139 -0.0849321 6.83664 0.00471092 -0.00171118
30.55 7.15455 -0.252408 -0.0850694 6.84164 0.00476499 -0.00171481
30.56 7.16281 -0.253418 -0.085217 6.84664 0.00481914 -0.00171846
30.57 7.17107 -0.254419 -0.085375 6.85164 0.00487333 -0.00172212
30.58 7.17933 -0.255411 -0.0855432 6.85664 0.00492757 -0.00172581
30.59 7.18758 -0.256392 -0.0857214 6.86165 0.00498186 -0.00172949
30.6 7.19584 -0.257364 -0.0859094 6.86665 0.00503624 -0.0017332
30.61 7.20409 -0.258327 -0.0861069 6.87166 0.00509072 -0.00173691
30.62 7.21235 -0.259281 -0.0863136 6.87667 0.00514531 -0.00174062
30.63 7.2206 -0.260227 -0.0865294 6.88168 0.0052 -0.00174435
30.64 7.22885 -0.261165 -0.086754 6.88669 0.00525474 -0.00174815
30.65 7.2371 -0.262098 -0.0869871 6.89171 0.0053095 -0.00175207
30.66 7.24535 -0.263026 -0.0872282 6.89672 0.00536433 -0.00175596
30.67 7.2536 -0.263952 -0.0874769 6.90174 0.00541923 -0.00175971
30.68 7.26185 -0.264878 -0.0877328 6.90676 0.00547424 -0.00176331
30.69 7.2701 -0.265804 -0.0879955 6.91178 0.00552938 -0.00176698
30.7 7.27836 -0.266731 -0.0882649 6.9168 0.00558462 -0.00177076
30.71 7.28661 -0.267663 -0.0885407 6.92182 0.00563997 -0.00177464
30.72 7.29486 -0.2686 -0.0888227 6.92685 0.00569536 -0.00177847
30.73 7.30311 -0.269545 -0.0891107 6.93187 0.00575083 -0.00178222
30.74 7.31136 -0.270497 -0.0894045 6.9369 0.00580633 -0.0017859
30.75 7.31961 -0.271459 -0.0897038 6.94193 0.00586192 -0.00178961
30.76 7.32786 -0.272431 -0.0900085 6.94696 0.00591762 -0.00179338
30.77 7.33611 -0.273413 -0.0903185 6.95199 0.00597345 -0.00179717
30.78 7.34436 -0.274406 -0.090634 6.95703 0.0060294 -0.00180093
30.79 7.35262 -0.27541 -0.090955 6.96206 0.00608545 -0.00180463
30.8 7.36087 -0.276424 -0.0912817 6.9671 0.00614156 -0.0018083
30.81 7.36912 -0.277447 -0.0916142 6.97214 0.00619773 -0.00181196
30.82 7.37737 -0.27848 -0.0919525 6.97718 0.00625397 -0.00181565
30.83 7.38562 -0.27952 -0.0922969 6.98222 0.0063103 -0.00181931
30.84 7.39387 -0.280567 -0.0926474 6.98726 0.00636678 -0.00182295
30.85 7.40212 -0.281619 -0.0930044 6.9923 0.00642337 -0.00182654
30.86 7.41037 -0.282674 -0.093368 6.99735 0.00648009 -0.00183011
30.87 7.41862 -0.283731 -0.0937385 7.0024 0.00653689 -0.00183366
30.88 7.42686 -0.284788 -0.0941163 7.00745 0.00659377 -0.00183719
30.89 7.43511 -0.285843 -0.0945014 7.0125 0.00665071 -0.00184071
30.9 7.44335 -0.286894 -0.0948939 7.01755 0.00670774 -0.00184417
30.91 7.45159 -0.287941 -0.0952939 7.0226 0.00676488 -0.00184762
30.92 7.45983 -0.28898 -0.0957014 7.02766 0.00682215 -0.00185102
30.93 7.46807 -0.290012 -0.0961165 7.03271 0.00687956 -0.00185441
30.94 7.47631 -0.291035 -0.0965393 7.03777 0.00693708 -0.00185776
30.95 7.48455 -0.292047 -0.0969699 7.04283 0.0069947 -0.00186109
30.96 7.49278 -0.29305 -0.0974081 7.04789 0.00705237 -0.00186436
30.97 7.50101 -0.294041 -0.0978537 7.05295 0.00711013 -0.0018676
30.98 7.50924 -0.295022 -0.0983065 7.05802 0.00716797 -0.00187081
30.99 7.51747 -0.295993 -0.0987662 7.06308 0.00722595 -0.00187398
31 7.5257 -0.296953 -0.0992326 7.06815 0.00728407 -0.00187711
31.01 7.53392 -0.297904 -0.0997054 7.07322 0.00734232 -0.0018802
31.02 7.54214 -0.298848 -0.100184 7.07829 0.00740068 -0.00188325
31.03 7.55037 -0.299784 -0.100669 7.08336 0.00745912 -0.00188624
31.04 7.55859 -0.300715 -0.10116 7.08843 0.00751764 -0.0018892
31.05 7.5668 -0.301643 -0.101655 7.09351 0.00757624 -0.0018921
31.06 7.57502 -0.302568 -0.102156 7.09858 0.00763496 -0.00189497
31.07 7.58324 -0.303493 -0.10266 7.10366 0.00769381 -0.00189777
31.08 7.59145 -0.304419 -0.103169 7.10874 0.00775281 -0.00190054
31.09 7.59966 -0.305348 -0.103681 7.11382 0.00781194 -0.00190323
31.1 7.60787 -0.306282 -0.104197 7.1189 0.00787119 -0.00190588
31.11 7.61608 -0.307222 -0.104717 7.12398 0.00793051 -0.00190847
31.12 7.62429 -0.308169 -0.10524 7.12907 0.00798992 -0.001911
31.13 7.6325 -0.309125 -0.105765 7.13416 0.00804941 -0.00191352
31.14 7.6407 -0.310089 -0.106294 7.13924 0.00810901 -0.00191607
31.15 7.64891 -0.311063 -0.106825 7.14433 0.00816877 -0.00191856
31.16 7.65711 -0.312047 -0.107359 7.14942 0.00822869 -0.00192083
31.17 7.66531 -0.313041 -0.107896 7.15452 0.00828875 -0.00192296
31.18 7.67352 -0.314044 -0.108436 7.15961 0.0083489 -0.00192502
31.19 7.68171 -0.315056 -0.108979 7.16471 0.00840915 -0.00192714
31.2 7.68991 -0.316075 -0.109526 7.1698 0.00846948 -0.00192924
31.21 7.69811 -0.317102 -0.110076 7.1749 0.00852993 -0.00193125
31.22 7.7063 -0.318134 -0.110629 7.18 0.00859049 -0.00193311
31.23 7.71449 -0.31917 -0.111186 7.1851 0.00865119 -0.00193484
31.24 7.72268 -0.320208 -0.111747 7.1902 0.00871202 -0.00193652
31.25 7.73087 -0.321246 -0.112312 7.19531 0.00877298 -0.00193822
31.26 7.73905 -0.322283 -0.112882 7.20041 0.00883399 -0.00193992
31.27 7.74723 -0.323316 -0.113456 7.20552 0.00889504 -0.00194153
31.28 7.75541 -0.324345 -0.114035 7.21063 0.00895619 -0.00194301
31.29 7.76358 -0.325367 -0.114618 7.21574 0.0090175 -0.00194435
31.3 7.77175 -0.32638 -0.115206 7.22085 0.00907898 -0.00194565
31.31 7.77992 -0.327384 -0.115799 7.22596 0.00914061 -0.00194691
31.32 7.78808 -0.328377 -0.116397 7.23108 0.00920236 -0.00194815
31.33 7.79624 -0.329358 -0.117 7.2362 0.0092642 -0.0019493
31.34 7.8044 -0.330327 -0.117607 7.24131 0.00932613 -0.00195035
31.35 7.81255 -0.331283 -0.118219 7.24643 0.00938813 -0.00195128
31.36 7.8207 -0.332227 -0.118836 7.25155 0.00945023 -0.00195217
31.37 7.82885 -0.333159 -0.119457 7.25668 0.00951243 -0.00195301
31.38 7.83699 -0.334078 -0.120081 7.2618 0.00957478 -0.00195379
31.39 7.84513 -0.334987 -0.120709 7.26692 0.00963725 -0.0019545
31.4 7.85326 -0.335886 -0.121341 7.27205 0.00969984 -0.00195511
31.41 7.86139 -0.336776 -0.121975 7.27718 0.00976253 -0.00195565
31.42 7.86952 -0.337659 -0.122613 7.28231 0.00982529 -0.0019561
31.43 7.87764 -0.338536 -0.123253 7.28744 0.00988815 -0.0019565
31.44 7.88576 -0.339409 -0.123894 7.29257 0.00995111 -0.00195682
31.45 7.89388 -0.34028 -0.124538 7.2977 0.0100142 -0.00195709
31.46 7.90199 -0.341151 -0.125182 7.30284 0.0100774 -0.00195725
31.47 7.9101 -0.342023 -0.125828 7.30798 0.0101408 -0.00195736
31.48 7.9182 -0.342897 -0.126474 7.31311 0.0102042 -0.00195737
31.49 7.9263 -0.343776 -0.127121 7.31825 0.0102678 -0.00195732
31.5 7.93439 -0.34466 -0.127769 7.3234 0.0103315 -0.00195719
31.51 7.94249 -0.345551 -0.128417 7.32854 0.0103952 -0.00195696
31.52 7.95057 -0.346449 -0.129064 7.33368 0.0104591 -0.00195667
31.53 7.95866 -0.347355 -0.129712 7.33883 0.010523 -0.0019563
31.54 7.96673 -0.348269 -0.13036 7.34398 0.0105872 -0.00195586
31.55 7.97481 -0.349191 -0.131008 7.34912 0.0106514 -0.00195532
31.56 7.98288 -0.350121 -0.131656 7.35427 0.0107158 -0.00195472
31.57 7.99094 -0.351058 -0.132305 7.35943 0.0107802 -0.00195394
31.58 7.999 -0.352001 -0.132954 7.36458 0.0108446 -0.00195299
31.59 8.00706 -0.352949 -0.133604 7.36973 0.0109092 -0.00195198
31.6 8.0151 -0.3539 -0.134254 7.37489 0.0109739 -0.00195105
31.61 8.02315 -0.354853 -0.134906 7.38005 0.0110388 -0.00195016
31.62 8.03119 -0.355806 -0.135558 7.38521 0.0111038 -0.00194916
31.63 8.03922 -0.356758 -0.136212 7.39037 0.0111689 -0.00194796
31.64 8.04725 -0.357707 -0.136867 7.39553 0.011234 -0.0019466
31.65 8.05527 -0.35865 -0.137524 7.40069 0.0112993 -0.00194521
31.66 8.06329 -0.359587 -0.138183 7.40586 0.0113646 -0.0019438
31.67 8.0713 -0.360514 -0.138844 7.41102 0.01143 -0.00194238
31.68 8.0793 -0.361432 -0.139507 7.41619 0.0114955 -0.00194084
31.69 8.08729 -0.362338 -0.140172 7.42136 0.0115611 -0.0019392
31.7 8.09528 -0.363231 -0.14084 7.42653 0.0116268 -0.00193747
31.71 8.10326 -0.364111 -0.141509 7.4317 0.0116925 -0.00193571
31.72 8.11124 -0.364976 -0.142181 7.43688 0.0117584 -0.00193388
31.73 8.11921 -0.365827 -0.142854 7.44205 0.0118243 -0.001932
31.74 8.12717 -0.366663 -0.143529 7.44723 0.0118904 -0.00193002
31.75 8.13512 -0.367485 -0.144205 7.45241 0.0119565 -0.00192798
31.76 8.14306 -0.368293 -0.144883 7.45759 0.0120227 -0.00192589
31.77 8.151 -0.369088 -0.145562 7.46277 0.012089 -0.00192374
31.78 8.15893 -0.369871 -0.146241 7.46795 0.0121554 -0.00192156
31.79 8.16685 -0.370644 -0.146921 7.47313 0.0122219 -0.0019193
31.8 8.17477 -0.371408 -0.147602 7.47832 0.0122884 -0.00191698
31.81 8.18268 -0.372164 -0.148282 7.4835 0.012355 -0.00191459
31.82 8.19058 -0.372914 -0.148961 7.48869 0.0124217 -0.00191215
31.83 8.19847 -0.373661 -0.14964 7.49388 0.0124884 -0.00190966
31.84 8.20635 -0.374405 -0.150317 7.49907 0.0125552 -0.00190713
31.85 8.21423 -0.375149 -0.150993 7.50427 0.0126222 -0.00190454
31.86 8.2221 -0.375894 -0.151667 7.50946 0.0126892 -0.0019019
31.87 8.22996 -0.376641 -0.15234 7.51465 0.0127563 -0.0018992
31.88 8.23781 -0.377392 -0.15301 7.51985 0.0128234 -0.00189643
31.89 8.24565 -0.378147 -0.153678 7.52505 0.0128906 -0.00189362
31.9 8.25349 -0.378908 -0.154344 7.53025 0.0129578 -0.00189075
31.91 8.26132 -0.379675 -0.155007 7.53545 0.0130252 -0.00188784
31.92 8.26914 -0.380449 -0.155668 7.54065 0.0130926 -0.0018848
31.93 8.27695 -0.381228 -0.156327 7.54586 0.01316 -0.00188162
31.94 8.28475 -0.382014 -0.156983 7.55106 0.0132276 -0.00187838
31.95 8.29254 -0.382804 -0.157637 7.55627 0.0132952 -0.00187528
31.96 8.30032 -0.383598 -0.158289 7.56148 0.0133628 -0.00187222
31.97 8.3081 -0.384395 -0.158939 7.56669 0.0134306 -0.00186908
31.98 8.31586 -0.385193 -0.159587 7.5719 0.0134984 -0.00186577
31.99 8.32362 -0.385992 -0.160233 7.57711 0.0135662 -0.00186235
32 8.33136 -0.38679 -0.160878 7.58233 0.0136341 -0.00185892
32.01 8.3391 -0.387583 -0.161521 7.58754 0.0137021 -0.00185552
32.02 8.34683 -0.388371 -0.162164 7.59276 0.0137701 -0.00185214
32.03 8.35454 -0.389153 -0.162806 7.59798 0.0138382 -0.00184867
32.04 8.36225 -0.389925 -0.163447 7.6032 0.0139063 -0.00184511
32.05 8.36994 -0.390687 -0.164087 7.60842 0.0139744 -0.00184147
32.06 8.37762 -0.391437 -0.164727 7.61365 0.0140426 -0.00183785
32.07 8.38529 -0.392174 -0.165366 7.61887 0.0141108 -0.00183423
32.08 8.39295 -0.392896 -0.166005 7.6241 0.0141791 -0.00183061
32.09 8.4006 -0.393603 -0.166644 7.62932 0.0142474 -0.00182693
32.1 8.40824 -0.394295 -0.167282 7.63455 0.0143158 -0.0018232
32.11 8.41586 -0.39497 -0.16792 7.63978 0.0143842 -0.00181943
32.12 8.42348 -0.39563 -0.168557 7.64502 0.0144526 -0.00181565
32.13 8.43108 -0.396273 -0.169194 7.65025 0.014521 -0.00181188
32.14 8.43867 -0.396902 -0.169829 7.65548 0.0145895 -0.00180808
32.15 8.44625 -0.397516 -0.170463 7.66072 0.014658 -0.00180428
32.16 8.45382 -0.398117 -0.171096 7.66596 0.0147266 -0.00180043
32.17 8.46137 -0.398707 -0.171727 7.67119 0.0147952 -0.00179658
32.18 8.46891 -0.399286 -0.172355 7.67643 0.0148638 -0.00179269
32.19 8.47644 -0.399856 -0.172982 7.68168 0.0149324 -0.00178882
32.2 8.48396 -0.400419 -0.173606 7.68692 0.015001 -0.0017849
32.21 8.49147 -0.400977 -0.174227 7.69217 0.0150697 -0.00178098
32.22 8.49896 -0.401532 -0.174845 7.69741 0.0151384 -0.00177704
32.23 8.50645 -0.402084 -0.175459 7.70266 0.0152071 -0.00177309
32.24 8.51392 -0.402637 -0.17607 7.70791 0.0152759 -0.00176914
32.25 8.52137 -0.40319 -0.176676 7.71316 0.0153447 -0.00176517
32.26 8.52882 -0.403746 -0.177279 7.71841 0.0154135 -0.00176118
32.27 8.53625 -0.404305 -0.177878 7.72366 0.0154823 -0.00175715
32.28 8.54367 -0.404869 -0.178472 7.72892 0.0155511 -0.00175305
32.29 8.55108 -0.405438 -0.179062 7.73418 0.0156198 -0.00174883
32.3 8.55847 -0.406011 -0.179648 7.73943 0.0156886 -0.00174465
32.31 8.56586 -0.406589 -0.180229 7.74469 0.0157575 -0.00174058
32.32 8.57323 -0.407171 -0.180806 7.74995 0.0158264 -0.00173661
32.33 8.58058 -0.407756 -0.181379 7.75521 0.0158953 -0.00173257
32.34 8.58792 -0.408345 -0.181948 7.76048 0.0159642 -0.00172841
32.35 8.59525 -0.408936 -0.182513 7.76574 0.016033 -0.00172416
32.36 8.60257 -0.409527 -0.183075 7.77101 0.0161019 -0.00171993
32.37 8.60987 -0.410116 -0.183633 7.77628 0.0161707 -0.00171577
32.38 8.61716 -0.410703 -0.184187 7.78155 0.0162396 -0.00171164
32.39 8.62443 -0.411285 -0.184739 7.78682 0.0163085 -0.00170748
32.4 8.63169 -0.411861 -0.185288 7.79209 0.0163773 -0.00170325
32.41 8.63893 -0.412429 -0.185834 7.79736 0.0164462 -0.001699
32.42 8.64616 -0.412987 -0.186377 7.80264 0.016515 -0.00169474
32.43 8.65337 -0.413533 -0.186919 7.80791 0.0165838 -0.00169052
32.44 8.66057 -0.414067 -0.187458 7.81319 0.0166526 -0.00168631
32.45 8.66775 -0.414587 -0.187994 7.81847 0.0167213 -0.00168209
32.46 8.67492 -0.415092 -0.188529 7.82375 0.0167901 -0.00167785
32.47 8.68207 -0.415581 -0.189061 7.82903 0.0168588 -0.00167362
32.48 8.68921 -0.416053 -0.189591 7.83432 0.0169275 -0.00166939
32.49 8.69633 -0.416509 -0.190119 7.8396 0.0169962 -0.00166518
32.5 8.70343 -0.416948 -0.190644 7.84489 0.0170649 -0.00166096
32.51 8.71052 -0.417371 -0.191167 7.85018 0.0171335 -0.00165673
32.52 8.7176 -0.417778 -0.191687 7.85547 0.0172021 -0.00165252
32.53 8.72465 -0.41817 -0.192204 7.86076 0.0172706 -0.0016483
32.54 8.7317 -0.418549 -0.192718 7.86605 0.0173392 -0.00164413
32.55 8.73872 -0.418916 -0.193228 7.87134 0.0174077 -0.00163994
32.56 8.74573 -0.419272 -0.193735 7.87664 0.0174762 -0.00163577
32.57 8.75272 -0.419618 -0.194237 7.88193 0.0175447 -0.00163157
32.58 8.7597 -0.419957 -0.194736 7.88723 0.0176131 -0.00162738
32.59 8.76666 -0.420291 -0.19523 7.89253 0.0176815 -0.00162318
32.6 8.77361 -0.42062 -0.195719 7.89783 0.0177498 -0.00161901
32.61 8.78054 -0.420947 -0.196204 7.90313 0.0178181 -0.00161484
32.62 8.78745 -0.421273 -0.196683 7.90844 0.0178864 -0.00161067
32.63 8.79435 -0.421599 -0.197157 7.91374 0.0179547 -0.0016065
32.64 8.80123 -0.421927 -0.197626 7.91905 0.0180229 -0.00160231
32.65 8.8081 -0.422258 -0.198089 7.92435 0.018091 -0.00159813
32.66 8.81495 -0.422593 -0.198546 7.92966 0.0181591 -0.00159393
32.67 8.82178 -0.422931 -0.198998 7.93498 0.0182272 -0.00158975
32.68 8.8286 -0.423274 -0.199445 7.94029 0.0182952 -0.00158555
32.69 8.8354 -0.423621 -0.199885 7.9456 0.0183631 -0.00158137
32.7 8.84218 -0.423972 -0.200321 7.95091 0.0184311 -0.00157716
32.71 8.84895 -0.424326 -0.200751 7.95623 0.0184989 -0.00157297
32.72 8.8557 -0.424682 -0.201176 7.96155 0.0185667 -0.00156871
32.73 8.86243 -0.42504 -0.201596 7.96687 0.0186344 -0.00156435
32.74 8.86914 -0.425397 -0.202011 7.97219 0.0187021 -0.00156001
32.75 8.87584 -0.425753 -0.202422 7.97751 0.0187697 -0.00155578
32.76 8.88252 -0.426105 -0.202828 7.98283 0.0188372 -0.00155165
32.77 8.88918 -0.426452 -0.20323 7.98816 0.0189047 -0.00154748
32.78 8.89583 -0.426793 -0.203628 7.99348 0.0189722 -0.00154324
32.79 8.90246 -0.427125 -0.204023 7.99881 0.0190396 -0.00153892
32.8 8.90907 -0.427448 -0.204414 8.00414 0.0191069 -0.00153463
32.81 8.91566 -0.427759 -0.204803 8.00947 0.0191741 -0.00153037
32.82 8.92223 -0.428058 -0.205187 8.0148 0.0192412 -0.00152617
32.83 8.92879 -0.428342 -0.205569 8.02014 0.0193083 -0.00152195
32.84 8.93533 -0.428612 -0.205948 8.02547 0.0193753 -0.00151769
32.85 8.94184 -0.428866 -0.206324 8.03081 0.0194422 -0.00151341
32.86 8.94835 -0.429103 -0.206697 8.03614 0.0195091 -0.00150915
32.87 8.95483 -0.429325 -0.207067 8.04148 0.0195759 -0.00150485
32.88 8.96129 -0.42953 -0.207434 8.04682 0.0196426 -0.00150049
32.89 8.96774 -0.42972 -0.207798 8.05217 0.0197092 -0.00149614
32.9 8.97416 -0.429894 -0.208159 8.05751 0.0197757 -0.00149189
32.91 8.98057 -0.430054 -0.208516 8.06285 0.0198422 -0.00148774
32.92 8.98696 -0.4302 -0.20887 8.0682 0.0199085 -0.00148354
32.93 8.99333 -0.430335 -0.209219 8.07354 0.0199748 -0.00147928
32.94 8.99968 -0.430459 -0.209564 8.07889 0.020041 -0.00147494
32.95 9.00602 -0.430574 -0.209905 8.08424 0.0201072 -0.00147064
32.96 9.01233 -0.430682 -0.210241 8.0896 0.0201732 -0.00146637
32.97 9.01863 -0.430784 -0.210572 8.09495 0.0202391 -0.00146214
32.98 9.02491 -0.430882 -0.210898 8.1003 0.020305 -0.00145786
32.99 9.03117 -0.430978 -0.211218 8.10566 0.0203708 -0.00145354
33 9.03741 -0.431073 -0.211532 8.11102 0.0204365 -0.0014492
33.01 9.04364 -0.431168 -0.211841 8.11637 0.0205021 -0.00144485
33.02 9.04984 -0.431265 -0.212143 8.12173 0.0205676 -0.00144054
33.03 9.05603 -0.431365 -0.212439 8.1271 0.0206331 -0.00143621
33.04 9.0622 -0.431468 -0.212729 8.13246 0.0206984 -0.00143187
33.05 9.06835 -0.431575 -0.213013 8.13782 0.0207636 -0.00142748
33.06 9.07449 -0.431686 -0.213291 8.14319 0.0208287 -0.00142308
33.07 9.0806 -0.431801 -0.213562 8.14855 0.0208938 -0.00141867
33.08 9.0867 -0.431919 -0.213828 8.15392 0.0209587 -0.00141427
33.09 9.09278 -0.432041 -0.214088 8.15929 0.0210236 -0.00140985
33.1 9.09884 -0.432165 -0.214342 8.16466 0.0210884 -0.00140543
33.11 9.10488 -0.432291 -0.214591 8.17004 0.021153 -0.00140099
33.12 9.1109 -0.432416 -0.214834 8.17541 0.0212175 -0.00139654
33.13 9.1169 -0.43254 -0.215073 8.18079 0.0212819 -0.00139209
33.14 9.12289 -0.432661 -0.215307 8.18616 0.0213463 -0.00138762
33.15 9.12885 -0.432778 -0.215536 8.19154 0.0214105 -0.00138316
33.16 9.1348 -0.432888 -0.215762 8.19692 0.0214746 -0.00137868
33.17 9.14072 -0.432991 -0.215983 8.2023 0.0215386 -0.00137421
33.18 9.14663 -0.433085 -0.216201 8.20768 0.0216025 -0.00136973
33.19 9.15252 -0.433167 -0.216416 8.21307 0.0216662 -0.00136528
33.2 9.15839 -0.433238 -0.216628 8.21845 0.0217299 -0.00136083
33.21 9.16424 -0.433296 -0.216836 8.22384 0.0217934 -0.00135638
33.22 9.17007 -0.433339 -0.217041 8.22923 0.0218569 -0.00135191
33.23 9.17588 -0.433368 -0.217244 8.23461 0.0219202 -0.00134745
33.24 9.18167 -0.433381 -0.217443 8.24 0.0219834 -0.001343
33.25 9.18745 -0.433379 -0.21764 8.2454 0.0220465 -0.00133856
33.26 9.1932 -0.433362 -0.217834 8.25079 0.0221095 -0.00133416
33.27 9.19894 -0.433329 -0.218025 8.25619 0.0221723 -0.00132977
33.28 9.20465 -0.433282 -0.218213 8.26158 0.0222351 -0.00132539
33.29 9.21035 -0.433221 -0.218397 8.26698 0.0222977 -0.00132098
33.3 9.21603 -0.433147 -0.218579 8.27238 0.0223602 -0.0013166
33.31 9.22169 -0.433062 -0.218756 8.27778 0.0224226 -0.0013122
33.32 9.22733 -0.432967 -0.21893 8.28318 0.0224849 -0.00130783
33.33 9.23295 -0.432864 -0.2191 8.28858 0.0225471 -0.00130348
33.34 9.23856 -0.432753 -0.219265 8.29399 0.0226092 -0.00129915
33.35 9.24414 -0.432637 -0.219426 8.2994 0.0226712 -0.00129482
33.36 9.24971 -0.432518 -0.219582 8.3048 0.0227331 -0.00129049
33.37 9.25527 -0.432397 -0.219733 8.31021 0.0227949 -0.0012861
33.38 9.2608 -0.432275 -0.21988 8.31562 0.0228565 -0.00128162
33.39 9.26632 -0.432154 -0.220021 8.32103 0.022918 -0.00127716
33.4 9.27182 -0.432035 -0.220156 8.32644 0.0229794 -0.00127285
33.41 9.2773 -0.431918 -0.220287 8.33186 0.0230407 -0.00126866
33.42 9.28276 -0.431805 -0.220411 8.33727 0.0231018 -0.00126445
33.43 9.2882 -0.431697 -0.220531 8.34269 0.0231628 -0.00126015
33.44 9.29363 -0.431593 -0.220644 8.34811 0.0232237 -0.00125572
33.45 9.29904 -0.431494 -0.220752 8.35353 0.0232845 -0.00125123
33.46 9.30443 -0.431398 -0.220855 8.35895 0.0233451 -0.00124681
33.47 9.30981 -0.431306 -0.220952 8.36437 0.0234057 -0.00124253
33.48 9.31517 -0.431216 -0.221045 8.3698 0.0234662 -0.00123832
33.49 9.32051 -0.431127 -0.221132 8.37522 0.0235265 -0.00123407
33.5 9.32583 -0.43104 -0.221215 8.38065 0.0235867 -0.00122974
33.51 9.33113 -0.430952 -0.221293 8.38608 0.0236468 -0.00122537
33.52 9.33642 -0.430862 -0.221368 8.39151 0.0237068 -0.00122106
33.53 9.34169 -0.430768 -0.221438 8.39694 0.0237666 -0.00121678
33.54 9.34694 -0.430669 -0.221504 8.40237 0.0238264 -0.00121252
33.55 9.35218 -0.430563 -0.221568 8.4078 0.023886 -0.00120823
33.56 9.3574 -0.430449 -0.221628 8.41324 0.0239455 -0.00120395
33.57 9.36259 -0.430325 -0.221685 8.41868 0.0240048 -0.0011997
33.58 9.36778 -0.430191 -0.22174 8.42411 0.024064 -0.00119552
33.59 9.37294 -0.430044 -0.221792 8.42955 0.0241232 -0.00119136
33.6 9.37809 -0.429885 -0.221842 8.43499 0.0241822 -0.00118719
33.61 9.38322 -0.429713 -0.22189 8.44043 0.024241 -0.001183
33.62 9.38833 -0.429526 -0.221935 8.44588 0.0242998 -0.0011788
33.63 9.39343 -0.429325 -0.221979 8.45132 0.0243584 -0.00117466
33.64 9.3985 -0.42911 -0.22202 8.45677 0.0244169 -0.00117058
33.65 9.40357 -0.42888 -0.22206 8.46222 0.0244753 -0.00116657
33.66 9.40861 -0.428637 -0.222097 8.46767 0.0245335 -0.00116257
33.67 9.41364 -0.428382 -0.222132 8.47312 0.0245917 -0.00115857
33.68 9.41865 -0.428115 -0.222164 8.47857 0.0246497 -0.00115455
33.69 9.42365 -0.427838 -0.222194 8.48402 0.0247076 -0.00115055
33.7 9.42862 -0.427551 -0.222221 8.48947 0.0247654 -0.00114658
33.71 9.43359 -0.427256 -0.222245 8.49493 0.0248231 -0.00114267
33.72 9.43854 -0.426955 -0.222266 8.50039 0.0248806 -0.00113881
33.73 9.44347 -0.426649 -0.222284 8.50585 0.024938 -0.00113498
33.74 9.44838 -0.426339 -0.222298 8.51131 0.0249953 -0.00113118
33.75 9.45328 -0.426028 -0.222308 8.51677 0.0250525 -0.00112737
33.76 9.45817 -0.425717 -0.222314 8.52223 0.0251096 -0.00112356
33.77 9.46304 -0.425406 -0.222316 8.52769 0.0251665 -0.00111976
33.78 9.4679 -0.425097 -0.222315 8.53316 0.0252233 -0.00111599
33.79 9.47274 -0.424792 -0.222309 8.53862 0.0252801 -0.00111226
33.8 9.47756 -0.42449 -0.222298 8.54409 0.0253368 -0.00110858
33.81 9.48237 -0.424192 -0.222283 8.54956 0.0253934 -0.00110494
33.82 9.48717 -0.423899 -0.222265 8.55503 0.0254498 -0.00110134
33.83 9.49195 -0.423612 -0.222242 8.56051 0.0255061 -0.00109774
33.84 9.49672 -0.423328 -0.222215 8.56598 0.0255622 -0.00109412
33.85 9.50147 -0.42305 -0.222184 8.57145 0.0256182 -0.0010905
33.86 9.50621 -0.422774 -0.22215 8.57693 0.025674 -0.00108691
33.87 9.51093 -0.422501 -0.222113 8.58241 0.0257298 -0.00108341
33.88 9.51564 -0.422229 -0.222072 8.58789 0.0257855 -0.00107998
33.89 9.52033 -0.421958 -0.222028 8.59337 0.025841 -0.00107658
33.9 9.52501 -0.421686 -0.221982 8.59885 0.0258965 -0.00107317
33.91 9.52967 -0.421411 -0.221933 8.60433 0.0259518 -0.00106975
33.92 9.53432 -0.421134 -0.221882 8.60982 0.026007 -0.00106626
33.93 9.53896 -0.420851 -0.22183 8.6153 0.0260622 -0.00106272
33.94 9.54358 -0.420561 -0.221776 8.62079 0.0261172 -0.00105927
33.95 9.54818 -0.420263 -0.221721 8.62628 0.0261721 -0.00105605
33.96 9.55277 -0.419956 -0.221664 8.63177 0.0262268 -0.00105299
33.97 9.55735 -0.419639 -0.221607 8.63726 0.0262815 -0.00104992
33.98 9.56191 -0.41931 -0.221549 8.64275 0.026336 -0.00104674
33.99 9.56646 -0.418971 -0.22149 8.64825 0.0263905 -0.00104348
34 9.57099 -0.418619 -0.22143 8.65374 0.0264448 -0.00104027
34.01 9.57551 -0.418254 -0.22137 8.65924 0.026499 -0.00103717
34.02 9.58002 -0.417877 -0.22131 8.66474 0.0265531 -0.00103419
34.03 9.58451 -0.417487 -0.221249 8.67024 0.0266071 -0.00103125
34.04 9.58899 -0.417085 -0.221187 8.67574 0.026661 -0.00102831
34.05 9.59346 -0.416672 -0.221125 8.68124 0.0267148 -0.00102538
34.06 9.59791 -0.416249 -0.221061 8.68675 0.0267684 -0.00102247
34.07 9.60235 -0.415817 -0.220997 8.69225 0.026822 -0.00101957
34.08 9.60678 -0.415376 -0.220931 8.69776 0.0268754 -0.0010167
34.09 9.61119 -0.414929 -0.220864 8.70326 0.0269288 -0.00101385
34.1 9.6156 -0.414476 -0.220796 8.70877 0.026982 -0.00101107
34.11 9.61999 -0.414019 -0.220726 8.71428 0.0270351 -0.00100836
34.12 9.62437 -0.41356 -0.220653 8.7198 0.0270881 -0.00100571
34.13 9.62873 -0.4131 -0.220579 8.72531 0.027141 -0.00100308
34.14 9.63309 -0.41264 -0.220503 8.73082 0.0271937 -0.00100041
34.15 9.63743 -0.412183 -0.220424 8.73634 0.0272464 -0.000997722
34.16 9.64176 -0.411728 -0.220343 8.74186 0.0272989 -0.000995041
34.17 9.64608 -0.411277 -0.22026 8.74737 0.0273513 -0.000992436
34.18 9.65039 -0.41083 -0.220174 8.7529 0.0274036 -0.000989916
34.19 9.65468 -0.410388 -0.220086 8.75842 0.0274559 -0.00098747
34.2 9.65897 -0.409953 -0.219995 8.76394 0.0275081 -0.00098502
34.21 9.66324 -0.409523 -0.219901 8.76946 0.0275602 -0.000982559
34.22 9.66751 -0.409099 -0.219806 8.77499 0.0276121 -0.000980084
34.23 9.67176 -0.408681 -0.219709 8.78052 0.0276638 -0.000977623
34.24 9.676 -0.408268 -0.21961 8.78604 0.0277154 -0.000975205
34.25 9.68023 -0.407859 -0.219509 8.79157 0.0277669 -0.000972842
34.26 9.68444 -0.407452 -0.219407 8.7971 0.0278182 -0.00097055
34.27 9.68865 -0.407048 -0.219304 8.80264 0.0278695 -0.000968314
34.28 9.69285 -0.406645 -0.219201 8.80817 0.0279207 -0.000966111
34.29 9.69703 -0.406241 -0.219097 8.81371 0.0279717 -0.000963896
34.3 9.70121 -0.405836 -0.218992 8.81924 0.0280227 -0.000961675
34.31 9.70537 -0.405428 -0.218888 8.82478 0.0280735 -0.000959441
34.32 9.70952 -0.405015 -0.218784 8.83032 0.0281242 -0.00095726
34.33 9.71366 -0.404596 -0.218681 8.83586 0.0281748 -0.000955157
34.34 9.71779 -0.40417 -0.218579 8.8414 0.0282252 -0.000953152
34.35 9.72191 -0.403736 -0.218478 8.84694 0.0282756 -0.000951214
34.36 9.72602 -0.403292 -0.218378 8.85249 0.0283258 -0.000949291
34.37 9.73012 -0.402839 -0.218279 8.85803 0.028376 -0.000947342
34.38 9.73421 -0.402376 -0.218182 8.86358 0.028426 -0.000945368
34.39 9.73829 -0.401902 -0.218086 8.86913 0.0284759 -0.000943412
34.4 9.74236 -0.401418 -0.217992 8.87468 0.0285256 -0.000941527
34.41 9.74642 -0.400922 -0.2179 8.88023 0.0285752 -0.000939757
34.42 9.75048 -0.400416 -0.217809 8.88578 0.0286248 -0.00093807
34.43 9.75452 -0.399901 -0.217719 8.89134 0.0286742 -0.000936432
34.44 9.75855 -0.399377 -0.217631 8.89689 0.0287235 -0.000934772
34.45 9.76258 -0.398845 -0.217544 8.90245 0.0287727 -0.000933078
34.46 9.76659 -0.398306 -0.217457 8.90801 0.0288218 -0.000931372
34.47 9.7706 -0.397762 -0.217372 8.91356 0.0288707 -0.000929713
34.48 9.7746 -0.397214 -0.217287 8.91912 0.0289195 -0.00092814
34.49 9.77859 -0.396662 -0.217203 8.92469 0.0289682 -0.000926667
34.5 9.78257 -0.396109 -0.217118 8.93025 0.0290168 -0.000925253
34.51 9.78654 -0.395557 -0.217034 8.93582 0.0290652 -0.000923848
34.52 9.79051 -0.395006 -0.21695 8.94138 0.0291136 -0.000922426
34.53 9.79447 -0.394458 -0.216866 8.94695 0.0291618 -0.000920965
34.54 9.79841 -0.393915 -0.216781 8.95252 0.0292099 -0.000919515
34.55 9.80236 -0.393376 -0.216697 8.95809 0.0292578 -0.000918107
34.56 9.80629 -0.392843 -0.216612 8.96366 0.0293056 -0.000916786
34.57 9.81021 -0.392316 -0.216526 8.96923 0.0293533 -0.000915548
34.58 9.81413 -0.391797 -0.21644 8.9748 0.0294009 -0.00091436
34.59 9.81804 -0.391284 -0.216354 8.98038 0.0294485 -0.000913158
34.6 9.82194 -0.39078 -0.216268 8.98596 0.029496 -0.000911932
34.61 9.82584 -0.390283 -0.216182 8.99153 0.0295432 -0.00091069
34.62 9.82972 -0.389792 -0.216097 8.99711 0.0295903 -0.000909464
34.63 9.8336 -0.389308 -0.216012 9.00269 0.0296373 -0.000908297
34.64 9.83747 -0.388828 -0.215927 9.00827 0.0296841 -0.000907205
34.65 9.84134 -0.388353 -0.215844 9.01386 0.0297308 -0.000906202
34.66 9.84519 -0.38788 -0.215763 9.01944 0.0297774 -0.000905245
34.67 9.84904 -0.38741 -0.215682 9.02503 0.0298239 -0.000904288
34.68 9.85288 -0.38694 -0.215604 9.03062 0.0298703 -0.000903287
34.69 9.85671 -0.386469 -0.215528 9.0362 0.0299165 -0.000902258
34.7 9.86053 -0.385997 -0.215454 9.04179 0.0299626 -0.000901243
34.71 9.86435 -0.38552 -0.215383 9.04738 0.0300086 -0.00090032
34.72 9.86816 -0.385039 -0.215315 9.05298 0.0300545 -0.000899503
34.73 9.87196 -0.384552 -0.215251 9.05857 0.0301002 -0.000898773
34.74 9.87576 -0.384057 -0.215189 9.06417 0.0301459 -0.000898065
34.75 9.87955 -0.383556 -0.215131 9.06976 0.0301914 -0.00089732
34.76 9.88333 -0.383047 -0.215077 9.07536 0.0302368 -0.000896533
34.77 9.8871 -0.382528 -0.215026 9.08096 0.030282 -0.000895741
34.78 9.89087 -0.382002 -0.214979 9.08656 0.0303271 -0.000895007
34.79 9.89463 -0.381466 -0.214935 9.09216 0.0303722 -0.000894409
34.8 9.89839 -0.380921 -0.214895 9.09777 0.0304171 -0.000893978
34.81 9.90213 -0.380368 -0.214858 9.10337 0.0304619 -0.000893581
34.82 9.90588 -0.379809 -0.214825 9.10898 0.0305065 -0.000893094
34.83 9.90961 -0.379244 -0.214795 9.11458 0.0305511 -0.0008925
34.84 9.91334 -0.378673 -0.214768 9.12019 0.0305954 -0.000891905
34.85 9.91707 -0.378098 -0.214745 9.1258 0.0306397 -0.000891396
34.86 9.92079 -0.377521 -0.214724 9.13141 0.0306838 -0.000890989
34.87 9.9245 -0.376942 -0.214705 9.13702 0.0307277 -0.000890648
34.88 9.9282 -0.376362 -0.214689 9.14264 0.0307716 -0.000890343
34.89 9.9319 -0.375785 -0.214676 9.14825 0.0308153 -0.000890054
34.9 9.9356 -0.37521 -0.214664 9.15387 0.0308589 -0.000889778
34.91 9.93929 -0.37464 -0.214655 9.15949 0.0309024 -0.000889499
34.92 9.94297 -0.374075 -0.214647 9.1651 0.0309457 -0.000889194
34.93 9.94665 -0.373517 -0.214641 9.17072 0.0309889 -0.000888893
34.94 9.95033 -0.372966 -0.214638 9.17634 0.0310319 -0.000888636
34.95 9.95399 -0.372423 -0.214636 9.18197 0.0310748 -0.000888474
34.96 9.95765 -0.371889 -0.214636 9.18759 0.0311176 -0.000888404
34.97 9.96131 -0.371363 -0.214638 9.19322 0.0311602 -0.000888367
34.98 9.96496 -0.370847 -0.214642 9.19884 0.0312027 -0.000888289
34.99 9.96861 -0.37034 -0.214648 9.20447 0.0312451 -0.00088815
35 9.97224 -0.369842 -0.214657 9.2101 0.0312873 -0.00088798
35.01 9.97588 -0.369352 -0.214669 9.21573 0.0313293 -0.000887857
35.02 9.97951 -0.368869 -0.214684 9.22136 0.0313712 -0.000887834
35.03 9.98313 -0.368392 -0.214702 9.227 0.0314131 -0.000887896
35.04 9.98674 -0.367921 -0.214723 9.23263 0.0314548 -0.000887996
35.05 9.99036 -0.367453 -0.214748 9.23827 0.0314964 -0.000888079
35.06 9.99396 -0.366989 -0.214776 9.2439 0.0315378 -0.000888133
35.07 9.99756 -0.366527 -0.21481 9.24954 0.031579 -0.000888167
35.08 10.0012 -0.366065 -0.214848 9.25518 0.0316201 -0.000888205
35.09 10.0047 -0.365602 -0.21489 9.26082 0.031661 -0.000888279
35.1 10.0083 -0.365136 -0.214938 9.26646 0.0317018 -0.000888428
35.11 10.0119 -0.364667 -0.214991 9.27211 0.0317424 -0.000888644
35.12 10.0155 -0.364194 -0.215049 9.27775 0.031783 -0.000888906
35.13 10.0191 -0.363715 -0.215113 9.2834 0.0318234 -0.000889161
35.14 10.0226 -0.36323 -0.215182 9.28905 0.0318636 -0.00088937
35.15 10.0262 -0.362739 -0.215257 9.29469 0.0319037 -0.00088954
35.16 10.0297 -0.362241 -0.215337 9.30034 0.0319436 -0.000889706
35.17 10.0333 -0.361736 -0.215423 9.306 0.0319834 -0.000889923
35.18 10.0369 -0.361224 -0.215515 9.31165 0.0320231 -0.000890226
35.19 10.0404 -0.360706 -0.215612 9.3173 0.0320626 -0.000890603
35.2 10.0439 -0.360182 -0.215714 9.32296 0.032102 -0.000890995
35.21 10.0475 -0.359653 -0.215822 9.32861 0.0321412 -0.000891351
35.22 10.051 -0.35912 -0.215934 9.33427 0.0321803 -0.000891632
35.23 10.0545 -0.358585 -0.216052 9.33993 0.0322192 -0.000891878
35.24 10.0581 -0.358049 -0.216174 9.34559 0.032258 -0.000892144
35.25 10.0616 -0.357512 -0.216301 9.35125 0.0322966 -0.000892481
35.26 10.0651 -0.356976 -0.216432 9.35691 0.0323351 -0.000892896
35.27 10.0686 -0.356443 -0.216568 9.36258 0.0323734 -0.000893347
35.28 10.0721 -0.355914 -0.216707 9.36824 0.0324116 -0.00089377
35.29 10.0756 -0.35539 -0.21685 9.37391 0.0324497 -0.000894133
35.3 10.0791 -0.354874 -0.216998 9.37958 0.0324875 -0.000894438
35.31 10.0826 -0.354365 -0.217149 9.38525 0.0325253 -0.000894723
35.32 10.0861 -0.353866 -0.217303 9.39092 0.0325628 -0.000895048
35.33 10.0896 -0.353375 -0.217462 9.39659 0.0326002 -0.000895426
35.34 10.0931 -0.352895 -0.217624 9.40226 0.0326375 -0.000895853
35.35 10.0966 -0.352425 -0.21779 9.40794 0.0326746 -0.000896288
35.36 10.1001 -0.351966 -0.217959 9.41361 0.0327116 -0.000896735
35.37 10.1035 -0.351518 -0.218133 9.41929 0.0327485 -0.000897201
35.38 10.107 -0.35108 -0.218311 9.42497 0.0327852 -0.000897609
35.39 10.1105 -0.350653 -0.218494 9.43065 0.0328217 -0.000897882
35.4 10.114 -0.350235 -0.218681 9.43633 0.032858 -0.000898105
35.41 10.1174 -0.349826 -0.218873 9.44201 0.0328942 -0.000898407
35.42 10.1209 -0.349423 -0.21907 9.44769 0.0329302 -0.000898841
35.43 10.1243 -0.349027 -0.219272 9.45338 0.0329661 -0.00089934
35.44 10.1278 -0.348635 -0.219481 9.45906 0.0330018 -0.000899767
35.45 10.1312 -0.348248 -0.219695 9.46475 0.0330374 -0.000900067
35.46 10.1346 -0.347862 -0.219915 9.47044 0.0330728 -0.000900281
35.47 10.1381 -0.347478 -0.220142 9.47613 0.0331081 -0.000900513
35.48 10.1415 -0.347093 -0.220376 9.48182 0.0331432 -0.000900836
35.49 10.1449 -0.346706 -0.220616 9.48751 0.0331782 -0.000901248
35.5 10.1484 -0.346316 -0.220863 9.4932 0.033213 -0.000901672
35.51 10.1518 -0.345922 -0.221118 9.4989 0.0332477 -0.000902049
35.52 10.1552 -0.345524 -0.221379 9.50459 0.0332822 -0.000902342
35.53 10.1586 -0.345122 -0.221648 9.51029 0.0333166 -0.000902573
35.54 10.162 -0.344713 -0.221925 9.51599 0.0333508 -0.000902795
35.55 10.1654 -0.344299 -0.222208 9.52169 0.0333849 -0.000903042
35.56 10.1688 -0.34388 -0.222499 9.52739 0.0334188 -0.000903337
35.57 10.1722 -0.343455 -0.222796 9.53309 0.0334525 -0.000903667
35.58 10.1756 -0.343025 -0.223101 9.5388 0.0334861 -0.000904079
35.59 10.179 -0.34259 -0.223413 9.5445 0.0335195 -0.000904588
35.6 10.1824 -0.342153 -0.223731 9.55021 0.0335528 -0.000905016
35.61 10.1858 -0.341715 -0.224055 9.55591 0.0335859 -0.000905187
35.62 10.1892 -0.341276 -0.224386 9.56162 0.0336189 -0.000905198
35.63 10.1925 -0.340837 -0.224722 9.56733 0.0336518 -0.000905267
35.64 10.1959 -0.340399 -0.225065 9.57304 0.0336845 -0.00090553
35.65 10.1993 -0.339965 -0.225413 9.57875 0.033717 -0.000905921
35.66 10.2027 -0.339535 -0.225767 9.58447 0.0337494 -0.000906272
35.67 10.206 -0.339112 -0.226126 9.59018 0.0337817 -0.000906478
35.68 10.2094 -0.338696 -0.22649 9.5959 0.0338138 -0.000906565
35.69 10.2128 -0.338289 -0.226859 9.60161 0.0338457 -0.000906634
35.7 10.2161 -0.337892 -0.227234 9.60733 0.0338775 -0.000906758
35.71 10.2195 -0.337504 -0.227613 9.61305 0.0339092 -0.000906945
35.72 10.2229 -0.337128 -0.227997 9.61877 0.0339407 -0.000907141
35.73 10.2262 -0.336763 -0.228386 9.6245 0.033972 -0.000907321
35.74 10.2296 -0.33641 -0.228781 9.63022 0.0340032 -0.000907461
35.75 10.2329 -0.336069 -0.22918 9.63594 0.0340343 -0.000907569
35.76 10.2362 -0.335739 -0.229585 9.64167 0.0340652 -0.000907634
35.77 10.2396 -0.335421 -0.229996 9.6474 0.034096 -0.000907659
35.78 10.2429 -0.335112 -0.230412 9.65312 0.0341267 -0.000907662
35.79 10.2463 -0.334814 -0.230833 9.65885 0.0341572 -0.000907683
35.8 10.2496 -0.334523 -0.231261 9.66459 0.0341876 -0.000907744
35.81 10.2529 -0.334239 -0.231696 9.67032 0.0342178 -0.000907827
35.82 10.2562 -0.333962 -0.232137 9.67605 0.0342479 -0.000907886
35.83 10.2596 -0.333689 -0.232584 9.68179 0.0342779 -0.000907868
35.84 10.2629 -0.33342 -0.233039 9.68752 0.0343077 -0.000907778
35.85 10.2662 -0.333152 -0.233501 9.69326 0.0343374 -0.000907647
35.86 10.2695 -0.332885 -0.233971 9.699 0.034367 -0.000907537
35.87 10.2728 -0.332617 -0.234448 9.70474 0.0343964 -0.000907473
35.88 10.2761 -0.332346 -0.234932 9.71048 0.0344258 -0.000907446
35.89 10.2794 -0.332073 -0.235425 9.71622 0.034455 -0.000907461
35.9 10.2827 -0.331795 -0.235925 9.72196 0.0344841 -0.000907508
35.91 10.286 -0.331513 -0.236433 9.72771 0.0345131 -0.00090746
35.92 10.2893 -0.331227 -0.23695 9.73345 0.0345419 -0.000907237
35.93 10.2926 -0.330936 -0.237474 9.7392 0.0345706 -0.000906918
35.94 10.2959 -0.330639 -0.238006 9.74495 0.0345991 -0.000906653
35.95 10.2992 -0.330337 -0.238546 9.7507 0.0346276 -0.000906527
35.96 10.3025 -0.330031 -0.239094 9.75645 0.0346559 -0.000906476
35.97 10.3057 -0.32972 -0.239649 9.7622 0.0346841 -0.000906455
35.98 10.309 -0.329407 -0.240212 9.76795 0.0347121 -0.000906442
35.99 10.3123 -0.329092 -0.240782 9.77371 0.03474 -0.000906318
36 10.3156 -0.328776 -0.241358 9.77946 0.0347679 -0.000905998
36.01 10.3188 -0.328462 -0.241942 9.78522 0.0347956 -0.000905599
36.02 10.3221 -0.328149 -0.242532 9.79098 0.0348233 -0.00090529
36.03 10.3254 -0.327839 -0.243129 9.79674 0.0348508 -0.000905145
36.04 10.3286 -0.327534 -0.243732 9.8025 0.0348782 -0.000905069
36.05 10.3319 -0.327235 -0.244342 9.80826 0.0349055 -0.000904916
36.06 10.3352 -0.326943 -0.244957 9.81402 0.0349326 -0.000904632
36.07 10.3384 -0.326661 -0.245578 9.81979 0.0349597 -0.000904263
36.08 10.3417 -0.326388 -0.246204 9.82555 0.0349867 -0.000903913
36.09 10.3449 -0.326126 -0.246837 9.83132 0.0350135 -0.000903636
36.1 10.3482 -0.325875 -0.247475 9.83709 0.0350403 -0.000903415
36.11 10.3514 -0.325636 -0.248118 9.84286 0.0350669 -0.000903192
36.12 10.3547 -0.325409 -0.248767 9.84863 0.0350934 -0.000902932
36.13 10.3579 -0.325194 -0.249422 9.8544 0.0351199 -0.000902618
36.14 10.3611 -0.324991 -0.250082 9.86017 0.0351462 -0.000902276
36.15 10.3644 -0.324799 -0.250749 9.86594 0.0351725 -0.000901917
36.16 10.3676 -0.324618 -0.251421 9.87172 0.0351986 -0.000901549
36.17 10.3708 -0.324447 -0.2521 9.8775 0.0352247 -0.00090119
36.18 10.3741 -0.324285 -0.252785 9.88327 0.0352506 -0.000900844
36.19 10.3773 -0.32413 -0.253476 9.88905 0.0352765 -0.000900516
36.2 10.3805 -0.323982 -0.254175 9.89483 0.0353023 -0.000900186
36.21 10.3837 -0.323839 -0.25488 9.90062 0.0353279 -0.000899827
36.22 10.3869 -0.323699 -0.255592 9.9064 0.0353535 -0.000899414
36.23 10.3902 -0.323562 -0.256312 9.91218 0.035379 -0.000898964
36.24 10.3934 -0.323425 -0.25704 9.91796 0.0354044 -0.000898498
36.25 10.3966 -0.323287 -0.257774 9.92375 0.0354298 -0.000898062
36.26 10.3998 -0.323147 -0.258517 9.92954 0.035455 -0.000897664
36.27 10.403 -0.323005 -0.259268 9.93533 0.0354801 -0.000897284
36.28 10.4062 -0.322858 -0.260026 9.94112 0.0355052 -0.000896885
36.29 10.4094 -0.322707 -0.260793 9.94691 0.0355302 -0.000896436
36.3 10.4126 -0.322551 -0.261567 9.9527 0.0355551 -0.000895932
36.31 10.4158 -0.32239 -0.262349 9.95849 0.0355799 -0.000895405
36.32 10.419 -0.322223 -0.263139 9.96429 0.0356046 -0.000894895
36.33 10.4222 -0.322051 -0.263937 9.97008 0.0356293 -0.000894483
36.34 10.4254 -0.321873 -0.264742 9.97588 0.0356538 -0.000894212
36.35 10.4285 -0.321692 -0.265555 9.98168 0.0356782 -0.000893917
36.36 10.4317 -0.321507 -0.266375 9.98748 0.0357026 -0.000893445
36.37 10.4349 -0.32132 -0.267202 9.99328 0.035727 -0.000892812
36.38 10.4381 -0.321132 -0.268036 9.99908 0.0357513 -0.000892179
36.39 10.4413 -0.320944 -0.268876 10.0049 0.0357755 -0.000891656
36.4 10.4445 -0.320757 -0.269723 10.0107 0.0357996 -0.000891231
36.41 10.4476 -0.320573 -0.270576 10.0165 0.0358236 -0.000890809
36.42 10.4508 -0.320393 -0.271435 10.0223 0.0358476 -0.000890331
36.43 10.454 -0.320219 -0.2723 10.0281 0.0358715 -0.000889799
36.44 10.4572 -0.320052 -0.273171 10.0339 0.0358953 -0.000889259
36.45 10.4603 -0.319893 -0.274048 10.0397 0.0359191 -0.000888741
36.46 10.4635 -0.319744 -0.27493 10.0455 0.0359428 -0.000888218
36.47 10.4667 -0.319605 -0.275817 10.0513 0.0359665 -0.000887679
36.48 10.4698 -0.319477 -0.27671 10.0572 0.0359901 -0.000887119
36.49 10.473 -0.31936 -0.277608 10.063 0.0360136 -0.000886569
36.5 10.4761 -0.319255 -0.278511 10.0688 0.0360371 -0.000886047
36.51 10.4793 -0.319162 -0.27942 10.0746 0.0360605 -0.000885537
36.52 10.4824 -0.31908 -0.280335 10.0804 0.0360839 -0.000884992
36.53 10.4856 -0.31901 -0.281255 10.0863 0.0361072 -0.000884397
36.54 10.4887 -0.31895 -0.282181 10.0921 0.0361305 -0.000883758
36.55 10.4919 -0.318899 -0.283113 10.0979 0.0361537 -0.00088312
36.56 10.495 -0.318858 -0.284051 10.1037 0.0361769 -0.000882521
36.57 10.4982 -0.318823 -0.284995 10.1095 0.0362 -0.000881951
36.58 10.5013 -0.318795 -0.285946 10.1154 0.0362231 -0.000881384
36.59 10.5044 -0.318771 -0.286903 10.1212 0.0362462 -0.000880778
36.6 10.5076 -0.318751 -0.287867 10.127 0.0362691 -0.000880122
36.61 10.5107 -0.318732 -0.288838 10.1329 0.0362921 -0.000879431
36.62 10.5138 -0.318714 -0.289816 10.1387 0.036315 -0.000878742
36.63 10.517 -0.318695 -0.290801 10.1445 0.0363379 -0.000878066
36.64 10.5201 -0.318674 -0.291793 10.1503 0.0363608 -0.000877417
36.65 10.5232 -0.318649 -0.292792 10.1562 0.0363836 -0.000876769
36.66 10.5263 -0.31862 -0.293799 10.162 0.0364063 -0.000876107
36.67 10.5295 -0.318585 -0.294813 10.1679 0.036429 -0.000875417
36.68 10.5326 -0.318546 -0.295835 10.1737 0.0364517 -0.000874694
36.69 10.5357 -0.3185 -0.296864 10.1795 0.0364744 -0.000873955
36.7 10.5388 -0.318449 -0.2979 10.1854 0.0364971 -0.000873217
36.71 10.5419 -0.318391 -0.298943 10.1912 0.0365197 -0.000872541
36.72 10.545 -0.318328 -0.299993 10.1971 0.0365422 -0.000871962
36.73 10.5482 -0.31826 -0.301049 10.2029 0.0365647 -0.000871373
36.74 10.5513 -0.318188 -0.302113 10.2087 0.0365873 -0.000870643
36.75 10.5544 -0.318113 -0.303182 10.2146 0.0366098 -0.000869804
36.76 10.5575 -0.318037 -0.304258 10.2204 0.0366322 -0.000868964
36.77 10.5606 -0.317959 -0.30534 10.2263 0.0366547 -0.000868203
36.78 10.5637 -0.317882 -0.306427 10.2321 0.0366772 -0.000867501
36.79 10.5668 -0.317808 -0.30752 10.238 0.0366996 -0.000866785
36.8 10.5699 -0.317736 -0.308619 10.2438 0.036722 -0.000866015
36.81 10.573 -0.31767 -0.309722 10.2497 0.0367444 -0.00086521
36.82 10.5761 -0.31761 -0.31083 10.2555 0.0367668 -0.000864405
36.83 10.5791 -0.317558 -0.311943 10.2614 0.0367892 -0.000863616
36.84 10.5822 -0.317514 -0.313061 10.2672 0.0368116 -0.000862823
36.85 10.5853 -0.31748 -0.314183 10.2731 0.0368339 -0.000861992
36.86 10.5884 -0.317456 -0.315309 10.279 0.0368563 -0.000861134
36.87 10.5915 -0.317443 -0.31644 10.2848 0.0368787 -0.000860267
36.88 10.5946 -0.317441 -0.317576 10.2907 0.036901 -0.000859413
36.89 10.5976 -0.31745 -0.318715 10.2965 0.0369234 -0.000858558
36.9 10.6007 -0.31747 -0.31986 10.3024 0.0369458 -0.000857678
36.91 10.6038 -0.3175 -0.321008 10.3083 0.0369681 -0.000856754
36.92 10.6068 -0.317541 -0.322162 10.3141 0.0369905 -0.000855798
36.93 10.6099 -0.31759 -0.32332 10.32 0.0370129 -0.000854827
36.94 10.613 -0.317648 -0.324483 10.3259 0.0370353 -0.00085386
36.95 10.616 -0.317712 -0.325651 10.3317 0.0370577 -0.000852892
36.96 10.6191 -0.317782 -0.326825 10.3376 0.0370801 -0.000851898
36.97 10.6221 -0.317856 -0.328004 10.3435 0.0371025 -0.000850879
36.98 10.6252 -0.317933 -0.329188 10.3494 0.037125 -0.000849828
36.99 10.6282 -0.318012 -0.330379 10.3552 0.0371474 -0.000848758
37 10.6313 -0.31809 -0.331575 10.3611 0.0371699 -0.000847673
37.01 10.6343 -0.318167 -0.332777 10.367 0.0371924 -0.000846573
37.02 10.6374 -0.318241 -0.333986 10.3729 0.0372149 -0.000845457
37.03 10.6404 -0.318311 -0.3352 10.3787 0.0372374 -0.000844326
37.04 10.6435 -0.318377 -0.336421 10.3846 0.0372599 -0.000843173
37.05 10.6465 -0.318437 -0.337649 10.3905 0.0372824 -0.000841999
37.06 10.6495 -0.318491 -0.338882 10.3964 0.037305 -0.000840808
37.07 10.6526 -0.318539 -0.340122 10.4023 0.0373276 -0.000839595
37.08 10.6556 -0.318581 -0.341367 10.4081 0.0373502 -0.000838369
37.09 10.6586 -0.318616 -0.342619 10.414 0.0373728 -0.000837125
37.1 10.6616 -0.318645 -0.343877 10.4199 0.0373955 -0.00083586
37.11 10.6647 -0.318669 -0.34514 10.4258 0.0374181 -0.000834573
37.12 10.6677 -0.318688 -0.346408 10.4317 0.0374408 -0.000833263
37.13 10.6707 -0.318704 -0.347682 10.4376 0.0374636 -0.000831931
37.14 10.6737 -0.318717 -0.348961 10.4435 0.0374863 -0.000830587
37.15 10.6767 -0.318729 -0.350245 10.4494 0.0375091 -0.000829223
37.16 10.6797 -0.318742 -0.351534 10.4553 0.037532 -0.000827839
37.17 10.6827 -0.318756 -0.352826 10.4611 0.0375548 -0.000826428
37.18 10.6857 -0.318773 -0.354123 10.467 0.0375777 -0.000824982
37.19 10.6887 -0.318794 -0.355423 10.4729 0.0376007 -0.000823548
37.2 10.6917 -0.318821 -0.356728 10.4788 0.0376236 -0.000822161
37.21 10.6947 -0.318854 -0.358035 10.4847 0.0376466 -0.000820743
37.22 10.6977 -0.318896 -0.359347 10.4906 0.0376697 -0.000819207
37.23 10.7007 -0.318947 -0.360661 10.4965 0.0376928 -0.000817574
37.24 10.7037 -0.319007 -0.361978 10.5024 0.037716 -0.00081593
37.25 10.7067 -0.319077 -0.363299 10.5083 0.0377392 -0.000814331
37.26 10.7097 -0.319158 -0.364622 10.5142 0.0377624 -0.000812737
37.27 10.7126 -0.319249 -0.365949 10.5202 0.0377857 -0.000811088
37.28 10.7156 -0.31935 -0.367278 10.5261 0.037809 -0.000809363
37.29 10.7186 -0.319462 -0.368611 10.532 0.0378324 -0.00080759
37.3 10.7216 -0.319583 -0.369947 10.5379 0.0378558 -0.000805829
37.31 10.7245 -0.319712 -0.371287 10.5438 0.0378792 -0.000804096
37.32 10.7275 -0.319848 -0.372629 10.5497 0.0379027 -0.000802342
37.33 10.7304 -0.319991 -0.373976 10.5556 0.0379263 -0.000800511
37.34 10.7334 -0.320139 -0.375326 10.5615 0.0379499 -0.000798593
37.35 10.7364 -0.320291 -0.376679 10.5674 0.0379736 -0.000796633
37.36 10.7393 -0.320445 -0.378037 10.5734 0.0379974 -0.000794683
37.37 10.7422 -0.3206 -0.379399 10.5793 0.0380212 -0.00079275
37.38 10.7452 -0.320754 -0.380765 10.5852 0.038045 -0.000790811
37.39 10.7481 -0.320907 -0.382135 10.5911 0.0380689 -0.000788836
37.4 10.7511 -0.321056 -0.38351 10.597 0.0380929 -0.000786803
37.41 10.754 -0.321202 -0.38489 10.6029 0.0381169 -0.000784722
37.42 10.7569 -0.321342 -0.386274 10.6089 0.0381409 -0.00078261
37.43 10.7599 -0.321477 -0.387663 10.6148 0.038165 -0.000780478
37.44 10.7628 -0.321606 -0.389056 10.6207 0.0381892 -0.000778344
37.45 10.7657 -0.321727 -0.390454 10.6266 0.0382135 -0.000776205
37.46 10.7686 -0.321842 -0.391857 10.6326 0.0382377 -0.000774056
37.47 10.7715 -0.32195 -0.393264 10.6385 0.0382621 -0.000771884
37.48 10.7744 -0.322052 -0.394675 10.6444 0.0382865 -0.000769665
37.49 10.7774 -0.322148 -0.39609 10.6504 0.038311 -0.000767396
37.5 10.7803 -0.32224 -0.397509 10.6563 0.0383355 -0.000765089
37.51 10.7832 -0.322327 -0.398932 10.6622 0.0383601 -0.000762762
37.52 10.7861 -0.322412 -0.400359 10.6682 0.0383848 -0.000760441
37.53 10.7889 -0.322494 -0.401788 10.6741 0.0384095 -0.000758129
37.54 10.7918 -0.322576 -0.403221 10.68 0.0384343 -0.000755801
37.55 10.7947 -0.32266 -0.404657 10.686 0.0384592 -0.000753437
37.56 10.7976 -0.322745 -0.406095 10.6919 0.0384842 -0.00075101
37.57 10.8005 -0.322835 -0.407535 10.6978 0.0385092 -0.000748523
37.58 10.8034 -0.322929 -0.408977 10.7038 0.0385343 -0.000746001
37.59 10.8062 -0.32303 -0.410422 10.7097 0.0385595 -0.000743469
37.6 10.8091 -0.323138 -0.411868 10.7157 0.0385847 -0.000740942
37.61 10.812 -0.323254 -0.413316 10.7216 0.03861 -0.000738422
37.62 10.8148 -0.323379 -0.414765 10.7276 0.0386354 -0.000735875
37.63 10.8177 -0.323513 -0.416215 10.7335 0.0386609 -0.000733274
37.64 10.8205 -0.323658 -0.417667 10.7394 0.0386864 -0.000730601
37.65 10.8234 -0.323813 -0.41912 10.7454 0.038712 -0.00072786
37.66 10.8262 -0.323977 -0.420575 10.7513 0.0387377 -0.000725088
37.67 10.829 -0.324151 -0.422031 10.7573 0.0387635 -0.000722316
37.68 10.8319 -0.324334 -0.423488 10.7632 0.0387894 -0.000719562
37.69 10.8347 -0.324525 -0.424947 10.7692 0.0388153 -0.000716812
37.7 10.8375 -0.324723 -0.426407 10.7752 0.0388413 -0.000714025
37.71 10.8404 -0.324928 -0.427869 10.7811 0.0388674 -0.000711162
37.72 10.8432 -0.325138 -0.429333 10.7871 0.0388935 -0.000708225
37.73 10.846 -0.325352 -0.430799 10.793 0.0389198 -0.000705232
37.74 10.8488 -0.325569 -0.432267 10.799 0.0389461 -0.000702231
37.75 10.8516 -0.325786 -0.433737 10.8049 0.0389725 -0.000699253
37.76 10.8544 -0.326003 -0.43521 10.8109 0.038999 -0.000696294
37.77 10.8572 -0.326218 -0.436685 10.8169 0.0390255 -0.000693269
37.78 10.86 -0.326432 -0.438163 10.8228 0.0390521 -0.000690092
37.79 10.8628 -0.326641 -0.439643 10.8288 0.0390787 -0.000686865
37.8 10.8656 -0.326845 -0.441127 10.8348 0.0391053 -0.000683733
37.81 10.8684 -0.327043 -0.442612 10.8407 0.0391321 -0.000680677
37.82 10.8711 -0.327235 -0.444101 10.8467 0.039159 -0.000677577
37.83 10.8739 -0.327421 -0.445592 10.8527 0.039186 -0.000674391
37.84 10.8767 -0.3276 -0.447086 10.8586 0.039213 -0.000671158
37.85 10.8794 -0.327772 -0.448582 10.8646 0.0392402 -0.000667952
37.86 10.8822 -0.327938 -0.450081 10.8706 0.0392673 -0.000664771
37.87 10.885 -0.328098 -0.451582 10.8765 0.0392946 -0.000661555
37.88 10.8877 -0.328253 -0.453084 10.8825 0.0393219 -0.000658246
37.89 10.8905 -0.328405 -0.454589 10.8885 0.0393494 -0.000654862
37.9 10.8932 -0.328553 -0.456095 10.8945 0.0393768 -0.000651481
37.91 10.8959 -0.328699 -0.457603 10.9004 0.0394044 -0.000648172
37.92 10.8987 -0.328844 -0.459111 10.9064 0.039432 -0.000644925
37.93 10.9014 -0.328989 -0.460621 10.9124 0.0394597 -0.000641658
37.94 10.9041 -0.329137 -0.462131 10.9184 0.0394874 -0.000638305
37.95 10.9068 -0.329288 -0.463641 10.9244 0.0395153 -0.000634832
37.96 10.9095 -0.329444 -0.465152 10.9303 0.0395432 -0.000631308
37.97 10.9122 -0.329605 -0.466663 10.9363 0.0395712 -0.0006278
37.98 10.9149 -0.329773 -0.468173 10.9423 0.0395993 -0.000624364
37.99 10.9176 -0.329948 -0.469684 10.9483 0.0396274 -0.000620977
38 10.9203 -0.330132 -0.471193 10.9543 0.0396556 -0.000617585
38.01 10.923 -0.330325 -0.472703 10.9603 0.0396839 -0.000614121
38.02 10.9257 -0.330527 -0.474211 10.9663 0.0397123 -0.000610566
38.03 10.9284 -0.330739 -0.475719 10.9722 0.0397407 -0.000606947
38.04 10.931 -0.330961 -0.477226 10.9782 0.0397693 -0.000603312
38.05 10.9337 -0.331191 -0.478733 10.9842 0.0397979 -0.000599718
38.06 10.9364 -0.33143 -0.480239 10.9902 0.0398266 -0.000596168
38.07 10.939 -0.331677 -0.481744 10.9962 0.0398553 -0.000592652
38.08 10.9417 -0.331931 -0.48325 11.0022 0.0398841 -0.000589117
38.09 10.9443 -0.332191 -0.484754 11.0082 0.039913 -0.000585532
38.1 10.9469 -0.332456 -0.486259 11.0142 0.0399419 -0.000581872
38.11 10.9496 -0.332726 -0.487763 11.0202 0.039971 -0.000578166
38.12 10.9522 -0.332998 -0.489268 11.0262 0.0400001 -0.000574452
38.13 10.9548 -0.333271 -0.490772 11.0322 0.0400293 -0.000570789
38.14 10.9574 -0.333544 -0.492277 11.0382 0.0400585 -0.000567194
38.15 10.96 -0.333816 -0.493783 11.0442 0.0400878 -0.000563644
38.16 10.9626 -0.334086 -0.495289 11.0502 0.0401172 -0.000560089
38.17 10.9652 -0.334352 -0.496795 11.0562 0.0401466 -0.000556417
38.18 10.9678 -0.334615 -0.498303 11.0622 0.0401761 -0.000552589
38.19 10.9704 -0.334872 -0.499811 11.0682 0.0402056 -0.000548735
38.2 10.973 -0.335124 -0.501319 11.0742 0.0402353 -0.000545041
38.21 10.9755 -0.335369 -0.502829 11.0802 0.040265 -0.000541516
38.22 10.9781 -0.335607 -0.504338 11.0863 0.0402948 -0.00053806
38.23 10.9807 -0.33584 -0.505849 11.0923 0.0403247 -0.000534548
38.24 10.9832 -0.336067 -0.507359 11.0983 0.0403546 -0.000530953
38.25 10.9858 -0.336289 -0.50887 11.1043 0.0403846 -0.0005273
38.26 10.9883 -0.336506 -0.51038 11.1103 0.0404146 -0.000523642
38.27 10.9909 -0.33672 -0.511891 11.1163 0.0404447 -0.000520015
38.28 10.9934 -0.33693 -0.513401 11.1223 0.0404749 -0.000516428
38.29 10.9959 -0.337138 -0.51491 11.1284 0.0405052 -0.000512902
38.3 10.9984 -0.337346 -0.516419 11.1344 0.0405355 -0.000509434
38.31 11.001 -0.337554 -0.517926 11.1404 0.0405658 -0.000506002
38.32 11.0035 -0.337764 -0.519432 11.1464 0.0405963 -0.000502542
38.33 11.006 -0.337977 -0.520937 11.1524 0.0406268 -0.000499021
38.34 11.0084 -0.338195 -0.522439 11.1585 0.0406573 -0.000495432
38.35 11.0109 -0.338418 -0.52394 11.1645 0.040688 -0.000491854
38.36 11.0134 -0.338647 -0.525438 11.1705 0.0407187 -0.000488351
38.37 11.0159 -0.338884 -0.526934 11.1766 0.0407494 -0.00048496
38.38 11.0184 -0.339128 -0.528427 11.1826 0.0407802 -0.000481651
38.39 11.0208 -0.339382 -0.529919 11.1886 0.0408109 -0.000478352
38.4 11.0233 -0.339644 -0.531407 11.1946 0.0408417 -0.000474987
38.41 11.0257 -0.339916 -0.532892 11.2007 0.0408726 -0.000471526
38.42 11.0281 -0.340197 -0.534375 11.2067 0.0409037 -0.000468028
38.43 11.0306 -0.340487 -0.535855 11.2127 0.0409348 -0.000464573
38.44 11.033 -0.340786 -0.537332 11.2188 0.0409659 -0.000461241
38.45 11.0354 -0.341092 -0.538807 11.2248 0.0409971 -0.000458015
38.46 11.0378 -0.341406 -0.540279 11.2308 0.0410283 -0.000454856
38.47 11.0402 -0.341726 -0.541749 11.2369 0.0410596 -0.000451673
38.48 11.0426 -0.342051 -0.543216 11.2429 0.0410909 -0.00044843
38.49 11.045 -0.342382 -0.544681 11.249 0.0411222 -0.000445126
38.5 11.0474 -0.342715 -0.546145 11.255 0.0411536 -0.000441828
38.51 11.0498 -0.34305 -0.547606 11.261 0.0411851 -0.00043861
38.52 11.0521 -0.343386 -0.549065 11.2671 0.0412166 -0.000435523
38.53 11.0545 -0.34372 -0.550523 11.2731 0.0412481 -0.000432556
38.54 11.0568 -0.344054 -0.55198 11.2792 0.0412796 -0.000429633
38.55 11.0592 -0.344384 -0.553435 11.2852 0.0413112 -0.000426649
38.56 11.0615 -0.344712 -0.554889 11.2913 0.0413428 -0.000423517
38.57 11.0638 -0.345036 -0.556341 11.2973 0.0413744 -0.000420374
38.58 11.0662 -0.345355 -0.557792 11.3034 0.0414062 -0.000417374
38.59 11.0685 -0.345667 -0.559241 11.3094 0.041438 -0.000414577
38.6 11.0708 -0.345975 -0.560689 11.3155 0.0414698 -0.000411896
38.61 11.0731 -0.346276 -0.562136 11.3215 0.0415016 -0.000409244
38.62 11.0754 -0.346573 -0.563581 11.3276 0.0415335 -0.000406565
38.63 11.0777 -0.346865 -0.565024 11.3336 0.0415653 -0.000403871
38.64 11.0799 -0.347153 -0.566465 11.3397 0.0415973 -0.00040118
38.65 11.0822 -0.347437 -0.567905 11.3457 0.0416293 -0.000398507
38.66 11.0845 -0.347718 -0.569341 11.3518 0.0416613 -0.000395895
38.67 11.0867 -0.347998 -0.570776 11.3579 0.0416934 -0.000393365
38.68 11.089 -0.348277 -0.572207 11.3639 0.0417255 -0.000390965
38.69 11.0912 -0.348556 -0.573636 11.37 0.0417576 -0.00038866
38.7 11.0934 -0.348837 -0.575061 11.376 0.0417897 -0.000386402
38.71 11.0957 -0.349122 -0.576483 11.3821 0.0418219 -0.000384101
38.72 11.0979 -0.349411 -0.577901 11.3882 0.0418541 -0.000381744
38.73 11.1001 -0.349705 -0.579316 11.3942 0.0418864 -0.000379368
38.74 11.1023 -0.350006 -0.580726 11.4003 0.0419187 -0.000377083
38.75 11.1045 -0.350314 -0.582132 11.4064 0.041951 -0.000374953
38.76 11.1067 -0.35063 -0.583534 11.4124 0.0419834 -0.000372975
38.77 11.1089 -0.350954 -0.584931 11.4185 0.0420157 -0.000371076
38.78 11.111 -0.351288 -0.586324 11.4246 0.0420481 -0.00036914
38.79 11.1132 -0.351632 -0.587712 11.4306 0.0420805 -0.000367137
38.8 11.1153 -0.351985 -0.589095 11.4367 0.042113 -0.000365085
38.81 11.1175 -0.352349 -0.590474 11.4428 0.0421455 -0.000363093
38.82 11.1196 -0.352721 -0.591848 11.4489 0.0421781 -0.000361232
38.83 11.1218 -0.353101 -0.593218 11.4549 0.0422107 -0.000359543
38.84 11.1239 -0.35349 -0.594584 11.461 0.0422432 -0.000357956
38.85 11.126 -0.353886 -0.595945 11.4671 0.0422758 -0.000356407
38.86 11.1281 -0.354289 -0.597302 11.4732 0.0423084 -0.000354813
38.87 11.1302 -0.354697 -0.598655 11.4793 0.0423411 -0.000353177
38.88 11.1323 -0.35511 -0.600004 11.4853 0.0423738 -0.000351553
38.89 11.1344 -0.355526 -0.601349 11.4914 0.0424065 -0.000350015
38.9 11.1365 -0.355944 -0.602691 11.4975 0.0424393 -0.000348628
38.91 11.1386 -0.356363 -0.604029 11.5036 0.042472 -0.000347386
38.92 11.1406 -0.356781 -0.605363 11.5097 0.0425048 -0.000346249
38.93 11.1427 -0.357198 -0.606695 11.5158 0.0425376 -0.00034513
38.94 11.1448 -0.357613 -0.608023 11.5218 0.0425704 -0.000343996
38.95 11.1468 -0.358026 -0.609348 11.5279 0.0426032 -0.00034283
38.96 11.1488 -0.358435 -0.610669 11.534 0.0426361 -0.000341708
38.97 11.1509 -0.35884 -0.611988 11.5401 0.0426691 -0.000340685
38.98 11.1529 -0.359241 -0.613303 11.5462 0.042702 -0.000339827
38.99 11.1549 -0.359637 -0.614615 11.5523 0.0427349 -0.000339119
39 11.1569 -0.360029 -0.615923 11.5584 0.0427679 -0.000338467
39.01 11.1589 -0.360417 -0.617228 11.5645 0.0428008 -0.000337767
39.02 11.1609 -0.360802 -0.618529 11.5706 0.0428338 -0.000337038
39.03 11.1629 -0.361184 -0.619827 11.5767 0.0428668 -0.000336378
39.04 11.1649 -0.361564 -0.62112 11.5828 0.0428999 -0.00033579
39.05 11.1669 -0.361942 -0.622408 11.5889 0.0429331 -0.000335268
39.06 11.1688 -0.362321 -0.623693 11.595 0.0429662 -0.000334856
39.07 11.1708 -0.3627 -0.624973 11.6011 0.0429993 -0.00033465
39.08 11.1728 -0.363081 -0.626247 11.6072 0.0430324 -0.000334565
39.09 11.1747 -0.363466 -0.627517 11.6133 0.0430656 -0.000334475
39.1 11.1766 -0.363855 -0.628781 11.6194 0.0430988 -0.000334278
39.11 11.1786 -0.364251 -0.63004 11.6255 0.043132 -0.00033403
39.12 11.1805 -0.364653 -0.631293 11.6316 0.0431652 -0.000333865
39.13 11.1824 -0.365063 -0.63254 11.6377 0.0431985 -0.000333898
39.14 11.1843 -0.36548 -0.633781 11.6438 0.0432318 -0.000334123
39.15 11.1862 -0.365907 -0.635016 11.6499 0.043265 -0.000334431
39.16 11.1881 -0.366344 -0.636245 11.656 0.0432983 -0.000334726
39.17 11.19 -0.366791 -0.637467 11.6621 0.0433316 -0.000334948
39.18 11.1919 -0.367248 -0.638684 11.6683 0.043365 -0.000335164
39.19 11.1938 -0.367716 -0.639894 11.6744 0.0433983 -0.000335433
39.2 11.1957 -0.368194 -0.641097 11.6805 0.0434317 -0.00033584
39.21 11.1975 -0.368681 -0.642295 11.6866 0.0434651 -0.000336385
39.22 11.1994 -0.369177 -0.643487 11.6927 0.0434985 -0.000337054
39.23 11.2012 -0.369681 -0.644673 11.6988 0.0435319 -0.00033778
39.24 11.2031 -0.370193 -0.645853 11.7049 0.0435653 -0.000338522
39.25 11.2049 -0.370712 -0.647028 11.7111 0.0435988 -0.00033925
39.26 11.2068 -0.371237 -0.648197 11.7172 0.0436322 -0.000339985
39.27 11.2086 -0.371766 -0.649361 11.7233 0.0436658 -0.000340789
39.28 11.2104 -0.372299 -0.650519 11.7294 0.0436993 -0.000341706
39.29 11.2123 -0.372833 -0.651673 11.7356 0.0437328 -0.000342789
39.3 11.2141 -0.373369 -0.652821 11.7417 0.0437663 -0.000343995
39.31 11.2159 -0.373904 -0.653965 11.7478 0.0437999 -0.000345281
39.32 11.2177 -0.374439 -0.655104 11.7539 0.0438334 -0.000346562
39.33 11.2195 -0.374973 -0.656238 11.7601 0.043867 -0.000347834
39.34 11.2213 -0.375504 -0.657368 11.7662 0.0439006 -0.000349118
39.35 11.2231 -0.376033 -0.658493 11.7723 0.0439343 -0.00035051
39.36 11.2248 -0.376558 -0.659613 11.7784 0.0439679 -0.000352055
39.37 11.2266 -0.377079 -0.660728 11.7846 0.0440016 -0.000353767
39.38 11.2284 -0.377596 -0.661839 11.7907 0.0440353 -0.000355592
39.39 11.2301 -0.37811 -0.662945 11.7968 0.044069 -0.000357447
39.4 11.2319 -0.378622 -0.664045 11.803 0.0441027 -0.0003593
39.41 11.2337 -0.379131 -0.66514 11.8091 0.0441364 -0.000361148
39.42 11.2354 -0.379638 -0.66623 11.8152 0.0441702 -0.000363071
39.43 11.2372 -0.380144 -0.667314 11.8214 0.0442041 -0.000365115
39.44 11.2389 -0.380649 -0.668393 11.8275 0.0442379 -0.000367325
39.45 11.2406 -0.381156 -0.669465 11.8337 0.0442718 -0.000369654
39.46 11.2424 -0.381664 -0.670531 11.8398 0.0443057 -0.000372071
39.47 11.2441 -0.382175 -0.67159 11.8459 0.0443396 -0.000374504
39.48 11.2458 -0.382691 -0.672643 11.8521 0.0443735 -0.000376951
39.49 11.2475 -0.383212 -0.673689 11.8582 0.0444074 -0.000379428
39.5 11.2492 -0.383739 -0.674727 11.8644 0.0444415 -0.00038198
39.51 11.2509 -0.384274 -0.675758 11.8705 0.0444755 -0.000384656
39.52 11.2526 -0.384816 -0.676782 11.8767 0.0445096 -0.000387467
39.53 11.2543 -0.385367 -0.677799 11.8828 0.0445436 -0.000390405
39.54 11.256 -0.385928 -0.678808 11.889 0.0445777 -0.000393408
39.55 11.2577 -0.386499 -0.679809 11.8951 0.0446118 -0.000396441
39.56 11.2594 -0.38708 -0.680802 11.9013 0.044646 -0.000399411
39.57 11.2611 -0.387672 -0.681788 11.9074 0.0446804 -0.000402334
39.58 11.2627 -0.388274 -0.682766 11.9136 0.0447148 -0.000405355
39.59 11.2644 -0.388885 -0.683737 11.9197 0.0447491 -0.000408661
39.6 11.2661 -0.389506 -0.684701 11.9259 0.0447834 -0.000412204
39.61 11.2678 -0.390136 -0.685657 11.932 0.0448177 -0.00041582
39.62 11.2694 -0.390774 -0.686607 11.9382 0.0448521 -0.000419376
39.63 11.2711 -0.39142 -0.687549 11.9443 0.0448864 -0.000422878
39.64 11.2727 -0.392072 -0.688485 11.9505 0.0449209 -0.000426426
39.65 11.2744 -0.392729 -0.689413 11.9567 0.0449554 -0.000430102
39.66 11.276 -0.39339 -0.690336 11.9628 0.04499 -0.000433938
39.67 11.2777 -0.394053 -0.691252 11.969 0.0450246 -0.000437874
39.68 11.2793 -0.394718 -0.692161 11.9752 0.0450592 -0.000441891
39.69 11.281 -0.395384 -0.693065 11.9813 0.0450939 -0.000445956
39.7 11.2826 -0.39605 -0.693963 11.9875 0.0451286 -0.000450093
39.71 11.2842 -0.396714 -0.694855 11.9936 0.0451633 -0.000454284
39.72 11.2859 -0.397377 -0.69574 11.9998 0.0451982 -0.000458536
39.73 11.2875 -0.398036 -0.69662 12.006 0.045233 -0.00046284
39.74 11.2891 -0.398692 -0.697495 12.0122 0.045268 -0.000467239
39.75 11.2908 -0.399345 -0.698363 12.0183 0.0453029 -0.000471757
39.76 11.2924 -0.399993 -0.699225 12.0245 0.0453379 -0.000476397
39.77 11.294 -0.400638 -0.700082 12.0307 0.045373 -0.000481135
39.78 11.2956 -0.401279 -0.700932 12.0368 0.0454081 -0.000485905
39.79 11.2972 -0.401917 -0.701776 12.043 0.0454432 -0.000490706
39.8 11.2988 -0.402553 -0.702613 12.0492 0.0454784 -0.000495533
39.81 11.3005 -0.403187 -0.703444 12.0554 0.0455137 -0.000500451
39.82 11.3021 -0.40382 -0.704268 12.0615 0.045549 -0.00050548
39.83 11.3037 -0.404452 -0.705085 12.0677 0.0455844 -0.000510647
39.84 11.3053 -0.405085 -0.705894 12.0739 0.0456198 -0.0005159
39.85 11.3069 -0.40572 -0.706697 12.0801 0.0456552 -0.000521216
39.86 11.3085 -0.406358 -0.707492 12.0863 0.0456907 -0.000526547
39.87 11.3101 -0.407 -0.708279 12.0924 0.0457262 -0.000531905
39.88 11.3117 -0.407648 -0.709058 12.0986 0.0457619 -0.000537326
39.89 11.3132 -0.408301 -0.709828 12.1048 0.0457975 -0.000542839
39.9 11.3148 -0.408961 -0.710591 12.111 0.0458333 -0.000548475
39.91 11.3164 -0.409629 -0.711345 12.1172 0.0458691 -0.000554204
39.92 11.318 -0.410305 -0.712091 12.1234 0.0459049 -0.000560007
39.93 11.3196 -0.410989 -0.712829 12.1296 0.0459407 -0.000565839
39.94 11.3212 -0.411684 -0.713558 12.1357 0.0459766 -0.00057171
39.95 11.3228 -0.412387 -0.714279 12.1419 0.0460126 -0.000577608
39.96 11.3243 -0.413099 -0.714991 12.1481 0.0460486 -0.000583588
39.97 11.3259 -0.413821 -0.715695 12.1543 0.0460848 -0.000589655
39.98 11.3275 -0.41455 -0.716391 12.1605 0.0461209 -0.000595828
39.99 11.3291 -0.415287 -0.717078 12.1667 0.0461571 -0.000602082
40 11.3307 -0.416032 -0.717758 12.1729 0.0461933 -0.00060839
40.01 11.3322 -0.416782 -0.71843 12.1791 0.0462296 -0.000614741
40.02 11.3338 -0.417538 -0.719094 12.1853 0.046266 -0.000621124
40.03 11.3354 -0.418298 -0.71975 12.1915 0.0463025 -0.000627554
40.04 11.3369 -0.419061 -0.720399 12.1977 0.0463391 -0.00063403
40.05 11.3385 -0.419826 -0.72104 12.2039 0.0463758 -0.000640606
40.06 11.3401 -0.420592 -0.721675 12.2101 0.0464124 -0.000647278
40.07 11.3417 -0.421357 -0.722302 12.2163 0.0464491 -0.000654059
40.08 11.3432 -0.42212 -0.722923 12.2225 0.0464858 -0.000660881
40.09 11.3448 -0.422882 -0.723537 12.2287 0.0465226 -0.000667729
40.1 11.3464 -0.42364 -0.724145 12.2349 0.0465595 -0.000674532
40.11 11.3479 -0.424394 -0.724746 12.2411 0.0465964 -0.000681293
40.12 11.3495 -0.425143 -0.72534 12.2473 0.0466335 -0.000688152
40.13 11.3511 -0.425887 -0.725927 12.2535 0.0466706 -0.00069524
40.14 11.3526 -0.426625 -0.726508 12.2597 0.0467078 -0.000702504
40.15 11.3542 -0.427357 -0.727083 12.2659 0.0467449 -0.000709777
40.16 11.3557 -0.428084 -0.72765 12.2721 0.0467822 -0.000716981
40.17 11.3573 -0.428807 -0.728211 12.2784 0.0468195 -0.000724135
40.18 11.3589 -0.429525 -0.728764 12.2846 0.0468569 -0.000731366
40.19 11.3604 -0.430238 -0.72931 12.2908 0.0468944 -0.000738706
40.2 11.362 -0.430947 -0.729849 12.297 0.046932 -0.000746154
40.21 11.3635 -0.431655 -0.730381 12.3032 0.0469696 -0.000753627
40.22 11.3651 -0.43236 -0.730904 12.3094 0.0470073 -0.000761103
40.23 11.3666 -0.433065 -0.73142 12.3157 0.047045 -0.000768591
40.24 11.3682 -0.433771 -0.731928 12.3219 0.0470828 -0.00077613
40.25 11.3697 -0.434478 -0.732427 12.3281 0.0471207 -0.000783724
40.26 11.3713 -0.435188 -0.732918 12.3343 0.0471586 -0.000791357
40.27 11.3728 -0.435901 -0.733401 12.3405 0.0471966 -0.000799018
40.28 11.3744 -0.436619 -0.733875 12.3468 0.0472346 -0.000806697
40.29 11.3759 -0.437342 -0.73434 12.353 0.0472727 -0.000814428
40.3 11.3775 -0.438071 -0.734797 12.3592 0.0473109 -0.000822198
40.31 11.379 -0.438807 -0.735244 12.3654 0.0473491 -0.000830019
40.32 11.3805 -0.439549 -0.735684 12.3717 0.0473873 -0.000837853
40.33 11.3821 -0.440299 -0.736114 12.3779 0.0474257 -0.00084571
40.34 11.3836 -0.441055 -0.736535 12.3841 0.047464 -0.000853575
40.35 11.3852 -0.441818 -0.736948 12.3903 0.0475025 -0.000861484
40.36 11.3867 -0.442588 -0.737353 12.3966 0.047541 -0.000869432
40.37 11.3882 -0.443363 -0.737749 12.4028 0.0475795 -0.000877427
40.38 11.3898 -0.444143 -0.738137 12.409 0.0476181 -0.000885454
40.39 11.3913 -0.444928 -0.738516 12.4153 0.0476567 -0.000893495
40.4 11.3929 -0.445716 -0.738888 12.4215 0.0476954 -0.000901554
40.41 11.3944 -0.446506 -0.739252 12.4277 0.0477341 -0.000909623
40.42 11.3959 -0.447297 -0.739608 12.434 0.0477729 -0.000917738
40.43 11.3975 -0.448087 -0.739957 12.4402 0.0478118 -0.000925888
40.44 11.399 -0.448876 -0.740298 12.4465 0.0478507 -0.000934084
40.45 11.4005 -0.449662 -0.740632 12.4527 0.0478896 -0.000942287
40.46 11.402 -0.450444 -0.740959 12.4589 0.0479286 -0.000950509
40.47 11.4036 -0.451222 -0.741279 12.4652 0.0479677 -0.000958726
40.48 11.4051 -0.451993 -0.741592 12.4714 0.0480069 -0.000966984
40.49 11.4066 -0.452758 -0.741899 12.4777 0.048046 -0.000975291
40.5 11.4081 -0.453515 -0.742198 12.4839 0.0480852 -0.00098364
40.51 11.4097 -0.454265 -0.742491 12.4901 0.0481245 -0.000992009
40.52 11.4112 -0.455005 -0.742777 12.4964 0.0481637 -0.00100037
40.53 11.4127 -0.455738 -0.743056 12.5026 0.048203 -0.00100876
40.54 11.4142 -0.456461 -0.743328 12.5089 0.0482423 -0.00101716
40.55 11.4157 -0.457176 -0.743593 12.5151 0.0482817 -0.0010256
40.56 11.4172 -0.457883 -0.743851 12.5214 0.0483211 -0.00103406
40.57 11.4187 -0.458583 -0.744101 12.5276 0.0483606 -0.00104256
40.58 11.4203 -0.459275 -0.744345 12.5339 0.0484001 -0.00105105
40.59 11.4218 -0.459962 -0.74458 12.5401 0.0484397 -0.00105956
40.6 11.4233 -0.460643 -0.744808 12.5464 0.0484793 -0.00106808
40.61 11.4248 -0.46132 -0.745028 12.5526 0.0485189 -0.00107663
40.62 11.4263 -0.461994 -0.74524 12.5589 0.0485585 -0.00108519
40.63 11.4277 -0.462666 -0.745444 12.5652 0.0485981 -0.00109377
40.64 11.4292 -0.463337 -0.745639 12.5714 0.0486378 -0.00110237
40.65 11.4307 -0.464008 -0.745826 12.5777 0.0486776 -0.00111098
40.66 11.4322 -0.464679 -0.746005 12.5839 0.0487173 -0.00111962
40.67 11.4337 -0.465353 -0.746175 12.5902 0.0487571 -0.00112825
40.68 11.4352 -0.466029 -0.746336 12.5965 0.0487969 -0.0011369
40.69 11.4367 -0.466708 -0.746489 12.6027 0.0488367 -0.00114554
40.7 11.4381 -0.46739 -0.746633 12.609 0.0488765 -0.00115421
40.71 11.4396 -0.468076 -0.746769 12.6153 0.0489163 -0.0011629
40.72 11.4411 -0.468766 -0.746896 12.6215 0.0489562 -0.00117162
40.73 11.4425 -0.469459 -0.747014 12.6278 0.0489961 -0.00118035
40.74 11.444 -0.470156 -0.747124 12.6341 0.049036 -0.00118909
40.75 11.4455 -0.470855 -0.747226 12.6403 0.0490758 -0.00119783
40.76 11.4469 -0.471556 -0.74732 12.6466 0.0491157 -0.00120656
40.77 11.4484 -0.472258 -0.747405 12.6529 0.0491556 -0.0012153
40.78 11.4498 -0.47296 -0.747483 12.6591 0.0491955 -0.00122406
40.79 11.4513 -0.473661 -0.747553 12.6654 0.0492354 -0.00123287
40.8 11.4527 -0.47436 -0.747616 12.6717 0.0492753 -0.00124169
40.81 11.4541 -0.475055 -0.747672 12.678 0.0493152 -0.00125053
40.82 11.4556 -0.475745 -0.74772 12.6842 0.0493551 -0.00125936
40.83 11.457 -0.47643 -0.747762 12.6905 0.049395 -0.00126818
40.84 11.4584 -0.477107 -0.747796 12.6968 0.0494349 -0.00127701
40.85 11.4598 -0.477776 -0.747824 12.7031 0.0494748 -0.00128586
40.86 11.4613 -0.478435 -0.747845 12.7093 0.0495146 -0.00129474
40.87 11.4627 -0.479085 -0.74786 12.7156 0.0495544 -0.00130365
40.88 11.4641 -0.479722 -0.747868 12.7219 0.0495943 -0.00131258
40.89 11.4655 -0.480348 -0.74787 12.7282 0.0496341 -0.00132152
40.9 11.4669 -0.480962 -0.747865 12.7345 0.0496739 -0.00133045
40.91 11.4683 -0.481564 -0.747854 12.7407 0.0497136 -0.00133937
40.92 11.4696 -0.482152 -0.747837 12.747 0.0497534 -0.00134831
40.93 11.471 -0.482729 -0.747812 12.7533 0.0497931 -0.00135726
40.94 11.4724 -0.483293 -0.747781 12.7596 0.0498327 -0.00136625
40.95 11.4738 -0.483846 -0.747743 12.7659 0.0498724 -0.00137526
40.96 11.4751 -0.484387 -0.747699 12.7722 0.0499121 -0.00138429
40.97 11.4765 -0.484919 -0.747647 12.7785 0.0499518 -0.00139331
40.98 11.4778 -0.485442 -0.747587 12.7848 0.0499913 -0.00140234
40.99 11.4792 -0.485956 -0.747521 12.7911 0.0500308 -0.00141136
41 11.4805 -0.486464 -0.747447 12.7973 0.0500703 -0.0014204
41.01 11.4818 -0.486965 -0.747365 12.8036 0.0501097 -0.00142945
41.02 11.4831 -0.487462 -0.747276 12.8099 0.0501491 -0.00143853
41.03 11.4844 -0.487954 -0.747178 12.8162 0.0501884 -0.00144765
41.04 11.4858 -0.488444 -0.747073 12.8225 0.0502277 -0.00145678
41.05 11.4871 -0.488931 -0.74696 12.8288 0.0502669 -0.0014659
41.06 11.4884 -0.489418 -0.746838 12.8351 0.0503061 -0.00147498
41.07 11.4896 -0.489903 -0.746708 12.8414 0.0503452 -0.00148407
41.08 11.4909 -0.490388 -0.746571 12.8477 0.0503843 -0.00149316
41.09 11.4922 -0.490873 -0.746425 12.854 0.0504233 -0.0015023
41.1 11.4935 -0.491359 -0.746271 12.8603 0.0504623 -0.00151148
41.11 11.4947 -0.491844 -0.746109 12.8666 0.0505011 -0.00152067
41.12 11.496 -0.492328 -0.745939 12.8729 0.05054 -0.00152985
41.13 11.4972 -0.492812 -0.745761 12.8792 0.0505787 -0.00153901
41.14 11.4984 -0.493294 -0.745576 12.8855 0.0506174 -0.00154815
41.15 11.4997 -0.493774 -0.745383 12.8918 0.050656 -0.00155729
41.16 11.5009 -0.494251 -0.745183 12.8982 0.0506945 -0.00156646
41.17 11.5021 -0.494723 -0.744976 12.9045 0.050733 -0.00157566
41.18 11.5033 -0.495189 -0.744762 12.9108 0.0507713 -0.0015849
41.19 11.5045 -0.495648 -0.744541 12.9171 0.0508096 -0.00159413
41.2 11.5057 -0.4961 -0.744314 12.9234 0.0508478 -0.00160336
41.21 11.5069 -0.496542 -0.74408 12.9297 0.0508859 -0.00161256
41.22 11.508 -0.496973 -0.74384 12.936 0.0509239 -0.00162175
41.23 11.5092 -0.497392 -0.743593 12.9423 0.0509619 -0.00163094
41.24 11.5103 -0.497799 -0.743341 12.9487 0.0509997 -0.00164016
41.25 11.5115 -0.498192 -0.743083 12.955 0.0510374 -0.00164946
41.26 11.5126 -0.498569 -0.742818 12.9613 0.0510751 -0.00165884
41.27 11.5137 -0.498932 -0.742548 12.9676 0.0511126 -0.00166821
41.28 11.5148 -0.499279 -0.742272 12.9739 0.05115 -0.00167747
41.29 11.5159 -0.49961 -0.74199 12.9802 0.0511873 -0.00168664
41.3 11.517 -0.499926 -0.741702 12.9866 0.0512245 -0.00169582
41.31 11.5181 -0.500225 -0.741409 12.9929 0.0512615 -0.00170509
41.32 11.5191 -0.500508 -0.741109 12.9992 0.0512985 -0.00171443
41.33 11.5202 -0.500776 -0.740804 13.0055 0.0513353 -0.00172379
41.34 11.5212 -0.50103 -0.740492 13.0119 0.051372 -0.00173312
41.35 11.5223 -0.50127 -0.740174 13.0182 0.0514085 -0.00174241
41.36 11.5233 -0.501497 -0.739849 13.0245 0.0514449 -0.00175168
41.37 11.5243 -0.501712 -0.739518 13.0308 0.0514812 -0.00176097
41.38 11.5253 -0.501917 -0.73918 13.0372 0.0515174 -0.00177027
41.39 11.5263 -0.502112 -0.738835 13.0435 0.0515535 -0.00177957
41.4 11.5273 -0.502298 -0.738484 13.0498 0.0515894 -0.00178889
41.41 11.5282 -0.502476 -0.738125 13.0562 0.0516251 -0.00179822
41.42 11.5292 -0.502648 -0.737759 13.0625 0.0516607 -0.00180755
41.43 11.5301 -0.502814 -0.737386 13.0688 0.0516961 -0.00181687
41.44 11.531 -0.502976 -0.737006 13.0752 0.0517314 -0.00182616
41.45 11.5319 -0.503133 -0.736618 13.0815 0.0517666 -0.00183542
41.46 11.5328 -0.503287 -0.736223 13.0878 0.0518016 -0.00184467
41.47 11.5337 -0.503437 -0.735821 13.0942 0.0518365 -0.00185393
41.48 11.5346 -0.503584 -0.735411 13.1005 0.0518712 -0.00186322
41.49 11.5355 -0.503727 -0.734994 13.1068 0.0519057 -0.00187251
41.5 11.5363 -0.503868 -0.73457 13.1132 0.05194 -0.00188179
41.51 11.5372 -0.504004 -0.734139 13.1195 0.0519742 -0.00189103
41.52 11.538 -0.504135 -0.733701 13.1259 0.0520082 -0.00190022
41.53 11.5388 -0.504262 -0.733256 13.1322 0.0520421 -0.00190938
41.54 11.5396 -0.504382 -0.732805 13.1385 0.0520758 -0.00191854
41.55 11.5404 -0.504494 -0.732347 13.1449 0.0521093 -0.00192772
41.56 11.5412 -0.504598 -0.731883 13.1512 0.0521427 -0.00193691
41.57 11.542 -0.504693 -0.731413 13.1576 0.0521758 -0.00194609
41.58 11.5427 -0.504776 -0.730936 13.1639 0.0522088 -0.00195522
41.59 11.5435 -0.504848 -0.730455 13.1703 0.0522416 -0.00196432
41.6 11.5442 -0.504906 -0.729967 13.1766 0.0522742 -0.00197336
41.61 11.5449 -0.50495 -0.729474 13.183 0.0523067 -0.00198239
41.62 11.5456 -0.504978 -0.728975 13.1893 0.052339 -0.0019914
41.63 11.5463 -0.50499 -0.728472 13.1957 0.052371 -0.00200043
41.64 11.547 -0.504984 -0.727963 13.202 0.0524029 -0.00200946
41.65 11.5476 -0.50496 -0.727449 13.2084 0.0524345 -0.00201845
41.66 11.5482 -0.504918 -0.72693 13.2147 0.052466 -0.0020274
41.67 11.5489 -0.504858 -0.726406 13.2211 0.0524973 -0.00203629
41.68 11.5495 -0.504778 -0.725877 13.2275 0.0525284 -0.00204515
41.69 11.5501 -0.50468 -0.725342 13.2338 0.0525593 -0.00205397
41.7 11.5507 -0.504564 -0.724802 13.2402 0.05259 -0.0020628
41.71 11.5512 -0.50443 -0.724258 13.2465 0.0526205 -0.00207161
41.72 11.5518 -0.504278 -0.723708 13.2529 0.0526508 -0.00208041
41.73 11.5523 -0.50411 -0.723152 13.2593 0.0526808 -0.00208917
41.74 11.5528 -0.503927 -0.722591 13.2656 0.0527107 -0.00209788
41.75 11.5534 -0.503728 -0.722023 13.272 0.0527403 -0.00210652
41.76 11.5538 -0.503517 -0.72145 13.2783 0.0527698 -0.00211511
41.77 11.5543 -0.503293 -0.720871 13.2847 0.0527992 -0.00212367
41.78 11.5548 -0.503058 -0.720286 13.2911 0.0528282 -0.00213222
41.79 11.5552 -0.502812 -0.719694 13.2974 0.0528571 -0.00214076
41.8 11.5557 -0.502558 -0.719097 13.3038 0.0528857 -0.00214927
41.81 11.5561 -0.502295 -0.718493 13.3102 0.0529141 -0.00215777
41.82 11.5565 -0.502024 -0.717882 13.3166 0.0529423 -0.00216625
41.83 11.5569 -0.501748 -0.717264 13.3229 0.0529704 -0.00217466
41.84 11.5572 -0.501465 -0.71664 13.3293 0.0529982 -0.0021829
41.85 11.5576 -0.501177 -0.716009 13.3357 0.0530259 -0.00219105
41.86 11.5579 -0.500883 -0.715372 13.342 0.0530533 -0.0021992
41.87 11.5583 -0.500584 -0.714729 13.3484 0.0530804 -0.00220741
41.88 11.5586 -0.500279 -0.714079 13.3548 0.0531073 -0.00221561
41.89 11.5589 -0.499968 -0.713423 13.3612 0.053134 -0.00222372
41.9 11.5591 -0.499651 -0.71276 13.3675 0.0531605 -0.0022317
41.91 11.5594 -0.499327 -0.712091 13.3739 0.0531869 -0.00223956
41.92 11.5597 -0.498995 -0.711417 13.3803 0.0532131 -0.00224741
41.93 11.5599 -0.498653 -0.710736 13.3867 0.053239 -0.00225526
41.94 11.5601 -0.498302 -0.71005 13.3931 0.0532647 -0.0022631
41.95 11.5603 -0.497939 -0.709359 13.3994 0.0532901 -0.00227089
41.96 11.5605 -0.497564 -0.708663 13.4058 0.0533153 -0.0022786
41.97 11.5607 -0.497176 -0.707961 13.4122 0.0533403 -0.0022862
41.98 11.5608 -0.496773 -0.707254 13.4186 0.0533652 -0.00229373
41.99 11.561 -0.496354 -0.706542 13.425 0.0533898 -0.00230121
42 11.5611 -0.495919 -0.705826 13.4314 0.0534143 -0.00230865
42.01 11.5612 -0.495466 -0.705105 13.4378 0.0534385 -0.00231611
42.02 11.5613 -0.494994 -0.70438 13.4441 0.0534624 -0.00232363
42.03 11.5614 -0.494503 -0.70365 13.4505 0.053486 -0.0023311
42.04 11.5614 -0.493993 -0.702916 13.4569 0.0535095 -0.00233834
42.05 11.5615 -0.493464 -0.702177 13.4633 0.0535327 -0.0023454
42.06 11.5615 -0.492914 -0.701434 13.4697 0.0535558 -0.00235239
42.07 11.5615 -0.492345 -0.700686 13.4761 0.0535788 -0.00235944
42.08 11.5615 -0.491756 -0.699934 13.4825 0.0536015 -0.0023665
42.09 11.5615 -0.491149 -0.699178 13.4889 0.053624 -0.00237352
42.1 11.5614 -0.490523 -0.698417 13.4953 0.0536462 -0.00238043
42.11 11.5614 -0.48988 -0.697651 13.5017 0.0536681 -0.00238726
42.12 11.5613 -0.48922 -0.69688 13.5081 0.0536898 -0.00239402
42.13 11.5612 -0.488544 -0.696104 13.5145 0.0537114 -0.00240073
42.14 11.5611 -0.487854 -0.695323 13.5209 0.0537328 -0.00240739
42.15 11.561 -0.48715 -0.694537 13.5273 0.053754 -0.00241396
42.16 11.5609 -0.486435 -0.693745 13.5337 0.053775 -0.00242046
42.17 11.5607 -0.485707 -0.692948 13.5401 0.0537958 -0.00242692
42.18 11.5606 -0.48497 -0.692145 13.5465 0.0538163 -0.00243335
42.19 11.5604 -0.484223 -0.691336 13.5529 0.0538365 -0.00243972
42.2 11.5602 -0.483469 -0.690522 13.5593 0.0538566 -0.00244601
42.21 11.56 -0.482706 -0.689701 13.5657 0.0538765 -0.00245218
42.22 11.5597 -0.481937 -0.688875 13.5721 0.0538962 -0.00245825
42.23 11.5595 -0.481161 -0.688042 13.5785 0.0539158 -0.00246424
42.24 11.5592 -0.480379 -0.687204 13.5849 0.0539352 -0.00247021
42.25 11.559 -0.479591 -0.68636 13.5913 0.0539543 -0.00247614
42.26 11.5587 -0.478796 -0.68551 13.5977 0.0539732 -0.00248202
42.27 11.5584 -0.477995 -0.684654 13.6042 0.0539918 -0.00248779
42.28 11.5581 -0.477187 -0.683793 13.6106 0.0540103 -0.00249345
42.29 11.5578 -0.476371 -0.682926 13.617 0.0540286 -0.002499
42.3 11.5574 -0.475547 -0.682053 13.6234 0.0540468 -0.00250446
42.31 11.5571 -0.474714 -0.681176 13.6298 0.0540649 -0.00250987
42.32 11.5567 -0.473871 -0.680293 13.6362 0.0540827 -0.00251523
42.33 11.5563 -0.473017 -0.679405 13.6426 0.0541002 -0.00252054
42.34 11.5559 -0.47215 -0.678513 13.6491 0.0541175 -0.00252577
42.35 11.5555 -0.471271 -0.677616 13.6555 0.0541346 -0.00253091
42.36 11.555 -0.470377 -0.676715 13.6619 0.0541515 -0.00253592
42.37 11.5546 -0.469468 -0.675809 13.6683 0.0541684 -0.00254084
42.38 11.5541 -0.468543 -0.674899 13.6747 0.054185 -0.00254566
42.39 11.5537 -0.4676 -0.673985 13.6812 0.0542015 -0.00255043
42.4 11.5532 -0.46664 -0.673067 13.6876 0.0542178 -0.00255517
42.41 11.5527 -0.465662 -0.672145 13.694 0.0542338 -0.00255984
42.42 11.5522 -0.464665 -0.67122 13.7004 0.0542496 -0.00256445
42.43 11.5516 -0.463649 -0.67029 13.7069 0.0542652 -0.00256892
42.44 11.5511 -0.462615 -0.669357 13.7133 0.0542806 -0.00257329
42.45 11.5505 -0.461562 -0.66842 13.7197 0.054296 -0.00257754
42.46 11.5499 -0.46049 -0.667479 13.7261 0.0543112 -0.00258174
42.47 11.5493 -0.4594 -0.666534 13.7326 0.0543262 -0.00258589
42.48 11.5487 -0.458292 -0.665585 13.739 0.0543411 -0.00259005
42.49 11.5481 -0.457168 -0.664632 13.7454 0.0543556 -0.00259428
42.5 11.5475 -0.456027 -0.663674 13.7519 0.05437 -0.0025985
42.51 11.5469 -0.454873 -0.662712 13.7583 0.0543842 -0.00260246
42.52 11.5462 -0.453705 -0.661746 13.7647 0.0543983 -0.00260608
42.53 11.5455 -0.452525 -0.660775 13.7712 0.0544123 -0.00260955
42.54 11.5448 -0.451333 -0.659799 13.7776 0.0544261 -0.00261308
42.55 11.5441 -0.450129 -0.658818 13.784 0.0544398 -0.00261674
42.56 11.5434 -0.448917 -0.657833 13.7905 0.0544532 -0.00262037
42.57 11.5427 -0.447696 -0.656842 13.7969 0.0544665 -0.00262384
42.58 11.542 -0.446469 -0.655846 13.8034 0.0544795 -0.0026271
42.59 11.5412 -0.445234 -0.654845 13.8098 0.0544925 -0.00263025
42.6 11.5405 -0.443994 -0.653838 13.8162 0.0545053 -0.00263335
42.61 11.5397 -0.442748 -0.652826 13.8227 0.0545181 -0.00263644
42.62 11.5389 -0.441497 -0.651809 13.8291 0.0545307 -0.00263948
42.63 11.5381 -0.440241 -0.650786 13.8356 0.0545431 -0.00264241
42.64 11.5373 -0.43898 -0.649758 13.842 0.0545553 -0.00264524
42.65 11.5365 -0.437714 -0.648725 13.8485 0.0545673 -0.00264798
42.66 11.5357 -0.436443 -0.647687 13.8549 0.0545792 -0.00265065
42.67 11.5349 -0.435166 -0.646644 13.8614 0.054591 -0.00265322
42.68 11.534 -0.433882 -0.645595 13.8678 0.0546027 -0.00265569
42.69 11.5332 -0.432591 -0.644542 13.8743 0.0546143 -0.00265805
42.7 11.5323 -0.431293 -0.643484 13.8807 0.0546257 -0.00266034
42.71 11.5314 -0.429985 -0.642422 13.8872 0.054637 -0.00266258
42.72 11.5305 -0.428667 -0.641356 13.8936 0.0546481 -0.00266476
42.73 11.5296 -0.427339 -0.640285 13.9001 0.054659 -0.00266685
42.74 11.5287 -0.425999 -0.639211 13.9065 0.0546697 -0.00266883
42.75 11.5278 -0.424646 -0.638132 13.913 0.0546805 -0.00267066
42.76 11.5269 -0.42328 -0.63705 13.9194 0.0546911 -0.00267241
42.77 11.5259 -0.421899 -0.635964 13.9259 0.0547017 -0.00267409
42.78 11.525 -0.420504 -0.634875 13.9324 0.054712 -0.00267572
42.79 11.524 -0.419093 -0.633782 13.9388 0.0547222 -0.00267729
42.8 11.523 -0.417666 -0.632686 13.9453 0.0547323 -0.00267877
42.81 11.5221 -0.416223 -0.631587 13.9517 0.0547421 -0.00268015
42.82 11.5211 -0.414764 -0.630484 13.9582 0.0547519 -0.0026814
42.83 11.5201 -0.413289 -0.629378 13.9647 0.0547617 -0.00268256
42.84 11.5191 -0.411799 -0.628269 13.9711 0.0547714 -0.00268362
42.85 11.518 -0.410293 -0.627156 13.9776 0.0547809 -0.00268463
42.86 11.517 -0.408772 -0.626039 13.9841 0.0547903 -0.00268556
42.87 11.516 -0.407237 -0.62492 13.9905 0.0547996 -0.00268643
42.88 11.5149 -0.405689 -0.623796 13.997 0.0548087 -0.00268719
42.89 11.5139 -0.404129 -0.622669 14.0035 0.0548176 -0.00268785
42.9 11.5128 -0.402558 -0.621537 14.0099 0.0548266 -0.0026884
42.91 11.5118 -0.400977 -0.620402 14.0164 0.0548355 -0.00268882
42.92 11.5107 -0.399387 -0.619262 14.0229 0.0548443 -0.00268917
42.93 11.5096 -0.397788 -0.618117 14.0293 0.054853 -0.00268944
42.94 11.5085 -0.396183 -0.616969 14.0358 0.0548616 -0.00268966
42.95 11.5074 -0.394572 -0.615816 14.0423 0.05487 -0.00268977
42.96 11.5063 -0.392957 -0.614658 14.0488 0.0548783 -0.00268978
42.97 11.5052 -0.391337 -0.613495 14.0552 0.0548865 -0.00268964
42.98 11.5041 -0.389715 -0.612327 14.0617 0.0548947 -0.00268939
42.99 11.503 -0.388089 -0.611155 14.0682 0.0549028 -0.00268904
43 11.5018 -0.386462 -0.609977 14.0747 0.0549109 -0.00268866
43.01 11.5007 -0.384831 -0.608795 14.0811 0.0549189 -0.00268827
43.02 11.4996 -0.3832 -0.607608 14.0876 0.0549267 -0.00268778
43.03 11.4984 -0.381566 -0.606417 14.0941 0.0549344 -0.00268707
43.04 11.4973 -0.379931 -0.60522 14.1006 0.054942 -0.00268615
43.05 11.4961 -0.378293 -0.604019 14.1071 0.0549496 -0.00268515
43.06 11.495 -0.376652 -0.602814 14.1135 0.0549572 -0.0026841
43.07 11.4938 -0.375008 -0.601604 14.12 0.0549647 -0.00268302
43.08 11.4927 -0.373359 -0.60039 14.1265 0.0549722 -0.00268182
43.09 11.4915 -0.371705 -0.599172 14.133 0.0549795 -0.00268049
43.1 11.4903 -0.370046 -0.59795 14.1395 0.0549868 -0.00267903
43.11 11.4892 -0.36838 -0.596725 14.146 0.0549939 -0.00267748
43.12 11.488 -0.366707 -0.595496 14.1525 0.055001 -0.00267586
43.13 11.4868 -0.365026 -0.594264 14.159 0.055008 -0.00267414
43.14 11.4856 -0.363335 -0.593028 14.1654 0.0550151 -0.00267229
43.15 11.4844 -0.361635 -0.591789 14.1719 0.0550221 -0.00267032
43.16 11.4832 -0.359924 -0.590547 14.1784 0.0550291 -0.00266825
43.17 11.482 -0.358202 -0.589302 14.1849 0.0550359 -0.00266611
43.18 11.4808 -0.356468 -0.588054 14.1914 0.0550427 -0.00266391
43.19 11.4796 -0.354723 -0.586804 14.1979 0.0550494 -0.00266158
43.2 11.4784 -0.352967 -0.58555 14.2044 0.0550561 -0.00265914
43.21 11.4772 -0.351199 -0.584294 14.2109 0.0550627 -0.00265656
43.22 11.476 -0.349419 -0.583034 14.2174 0.0550694 -0.00265389
43.23 11.4748 -0.347628 -0.581772 14.2239 0.0550761 -0.00265112
43.24 11.4736 -0.345827 -0.580507 14.2304 0.0550827 -0.00264828
43.25 11.4724 -0.344016 -0.579238 14.2369 0.0550893 -0.00264534
43.26 11.4712 -0.342195 -0.577967 14.2434 0.0550957 -0.00264229
43.27 11.4699 -0.340367 -0.576692 14.2499 0.0551022 -0.00263912
43.28 11.4687 -0.338531 -0.575414 14.2564 0.0551086 -0.00263582
43.29 11.4675 -0.336689 -0.574131 14.2629 0.0551151 -0.00263243
43.3 11.4663 -0.334842 -0.572845 14.2694 0.0551216 -0.00262892
43.31 11.4651 -0.332991 -0.571555 14.2759 0.0551281 -0.00262532
43.32 11.4639 -0.331137 -0.570261 14.2824 0.0551345 -0.0026216
43.33 11.4626 -0.329281 -0.568964 14.2889 0.0551409 -0.00261779
43.34 11.4614 -0.327423 -0.567662 14.2954 0.0551472 -0.00261384
43.35 11.4602 -0.325566 -0.566355 14.3019 0.0551536 -0.00260978
43.36 11.459 -0.32371 -0.565044 14.3084 0.05516 -0.0026056
43.37 11.4578 -0.321855 -0.563729 14.315 0.0551664 -0.0026013
43.38 11.4566 -0.320002 -0.562409 14.3215 0.0551728 -0.00259688
43.39 11.4554 -0.318151 -0.561084 14.328 0.0551793 -0.00259235
43.4 11.4542 -0.316302 -0.559755 14.3345 0.0551857 -0.00258771
43.41 11.453 -0.314456 -0.558423 14.341 0.0551921 -0.00258294
43.42 11.4518 -0.312613 -0.557085 14.3475 0.0551984 -0.00257806
43.43 11.4506 -0.310772 -0.555744 14.354 0.0552048 -0.00257304
43.44 11.4494 -0.308934 -0.554398 14.3606 0.0552113 -0.00256791
43.45 11.4482 -0.307097 -0.553048 14.3671 0.0552178 -0.00256265
43.46 11.447 -0.305261 -0.551695 14.3736 0.0552243 -0.00255729
43.47 11.4458 -0.303425 -0.550338 14.3801 0.0552308 -0.00255179
43.48 11.4446 -0.301589 -0.548977 14.3866 0.0552373 -0.0025462
43.49 11.4434 -0.299751 -0.547614 14.3931 0.0552438 -0.00254047
43.5 11.4423 -0.297912 -0.546247 14.3997 0.0552502 -0.00253464
43.51 11.4411 -0.296069 -0.544877 14.4062 0.0552567 -0.00252869
43.52 11.4399 -0.294223 -0.543504 14.4127 0.0552633 -0.00252261
43.53 11.4388 -0.292373 -0.542128 14.4192 0.05527 -0.00251641
43.54 11.4376 -0.290518 -0.540749 14.4258 0.0552767 -0.00251009
43.55 11.4364 -0.288656 -0.539369 14.4323 0.0552834 -0.00250367
43.56 11.4353 -0.286789 -0.537985 14.4388 0.0552901 -0.00249713
43.57 11.4341 -0.284916 -0.5366 14.4453 0.0552968 -0.00249048
43.58 11.433 -0.283036 -0.535212 14.4519 0.0553035 -0.0024837
43.59 11.4319 -0.28115 -0.533821 14.4584 0.0553103 -0.00247682
43.6 11.4307 -0.279258 -0.532428 14.4649 0.0553172 -0.00246983
43.61 11.4296 -0.277359 -0.531032 14.4715 0.0553242 -0.00246274
43.62 11.4285 -0.275455 -0.529634 14.478 0.0553312 -0.00245552
43.63 11.4274 -0.273546 -0.528233 14.4845 0.0553382 -0.00244818
43.64 11.4263 -0.271632 -0.52683 14.4911 0.0553452 -0.00244072
43.65 11.4252 -0.269715 -0.525424 14.4976 0.0553522 -0.00243314
43.66 11.4241 -0.267795 -0.524015 14.5041 0.0553593 -0.00242546
43.67 11.423 -0.265874 -0.522602 14.5107 0.0553665 -0.00241767
43.68 11.4219 -0.263952 -0.521187 14.5172 0.0553738 -0.00240979
43.69 11.4208 -0.26203 -0.519768 14.5237 0.0553812 -0.00240177
43.7 11.4198 -0.26011 -0.518345 14.5303 0.0553886 -0.00239363
43.71 11.4187 -0.258192 -0.516919 14.5368 0.055396 -0.00238536
43.72 11.4177 -0.256278 -0.51549 14.5434 0.0554035 -0.00237697
43.73 11.4166 -0.254368 -0.514056 14.5499 0.055411 -0.00236845
43.74 11.4156 -0.252464 -0.512619 14.5564 0.0554186 -0.00235984
43.75 11.4146 -0.250565 -0.511178 14.563 0.0554263 -0.00235113
43.76 11.4136 -0.248673 -0.509732 14.5695 0.0554341 -0.0023423
43.77 11.4126 -0.246788 -0.508283 14.5761 0.055442 -0.00233335
43.78 11.4116 -0.244911 -0.50683 14.5826 0.0554499 -0.00232426
43.79 11.4106 -0.243041 -0.505373 14.5892 0.0554579 -0.00231504
43.8 11.4096 -0.241179 -0.503913 14.5957 0.0554659 -0.00230569
43.81 11.4087 -0.239324 -0.502449 14.6023 0.055474 -0.00229629
43.82 11.4077 -0.237476 -0.500981 14.6088 0.0554822 -0.00228685
43.83 11.4068 -0.235635 -0.499509 14.6154 0.0554905 -0.00227731
43.84 11.4059 -0.233801 -0.498035 14.6219 0.0554989 -0.00226755
43.85 11.4049 -0.231973 -0.496557 14.6285 0.0555073 -0.00225756
43.86 11.404 -0.23015 -0.495076 14.635 0.0555158 -0.00224735
43.87 11.4031 -0.228331 -0.493593 14.6416 0.0555243 -0.00223711
43.88 11.4023 -0.226515 -0.492107 14.6481 0.055533 -0.00222694
43.89 11.4014 -0.224701 -0.490618 14.6547 0.0555418 -0.00221677
43.9 11.4005 -0.22289 -0.489127 14.6612 0.0555506 -0.00220645
43.91 11.3997 -0.221081 -0.487634 14.6678 0.0555596 -0.0021959
43.92 11.3988 -0.219272 -0.486138 14.6743 0.0555687 -0.00218519
43.93 11.398 -0.217462 -0.484641 14.6809 0.0555779 -0.00217441
43.94 11.3972 -0.215652 -0.483141 14.6875 0.0555871 -0.0021636
43.95 11.3964 -0.213841 -0.48164 14.694 0.0555964 -0.0021527
43.96 11.3956 -0.212029 -0.480137 14.7006 0.0556058 -0.00214167
43.97 11.3948 -0.210216 -0.478632 14.7071 0.0556153 -0.0021305
43.98 11.3941 -0.208402 -0.477125 14.7137 0.0556249 -0.00211926
43.99 11.3933 -0.206586 -0.475617 14.7203 0.0556347 -0.00210795
44 11.3926 -0.204769 -0.474106 14.7268 0.0556445 -0.00209658
44.01 11.3919 -0.202952 -0.472593 14.7334 0.0556544 -0.00208508
44.02 11.3912 -0.201135 -0.471079 14.74 0.0556645 -0.00207344
44.03 11.3905 -0.19932 -0.469562 14.7465 0.0556746 -0.00206167
44.04 11.3898 -0.197506 -0.468043 14.7531 0.0556848 -0.00204983
44.05 11.3892 -0.195694 -0.466521 14.7597 0.0556952 -0.00203796
44.06 11.3885 -0.193886 -0.464997 14.7662 0.0557056 -0.00202603
44.07 11.3879 -0.192083 -0.46347 14.7728 0.0557162 -0.00201401
44.08 11.3873 -0.190285 -0.46194 14.7794 0.055727 -0.00200184
44.09 11.3867 -0.188494 -0.460407 14.7859 0.0557378 -0.00198955
44.1 11.3861 -0.186711 -0.458872 14.7925 0.0557487 -0.00197714
44.11 11.3855 -0.184936 -0.457333 14.7991 0.0557597 -0.00196467
44.12 11.3849 -0.183171 -0.455791 14.8057 0.0557708 -0.00195215
44.13 11.3844 -0.181416 -0.454246 14.8122 0.0557821 -0.00193957
44.14 11.3839 -0.179671 -0.452698 14.8188 0.0557934 -0.00192692
44.15 11.3834 -0.177938 -0.451147 14.8254 0.0558049 -0.00191417
44.16 11.3829 -0.176217 -0.449592 14.832 0.0558164 -0.0019013
44.17 11.3824 -0.174508 -0.448035 14.8385 0.0558281 -0.00188831
44.18 11.382 -0.172811 -0.446474 14.8451 0.0558399 -0.00187523
44.19 11.3815 -0.171126 -0.44491 14.8517 0.0558519 -0.00186207
44.2 11.3811 -0.169453 -0.443344 14.8583 0.0558639 -0.00184889
44.21 11.3807 -0.167792 -0.441775 14.8649 0.0558761 -0.00183566
44.22 11.3803 -0.166141 -0.440203 14.8714 0.0558885 -0.00182237
44.23 11.3799 -0.164502 -0.438629 14.878 0.0559009 -0.00180898
44.24 11.3796 -0.162872 -0.437052 14.8846 0.0559134 -0.00179549
44.25 11.3792 -0.161251 -0.435474 14.8912 0.0559261 -0.00178189
44.26 11.3789 -0.15964 -0.433894 14.8978 0.0559389 -0.00176822
44.27 11.3786 -0.158035 -0.432312 14.9044 0.0559517 -0.00175452
44.28 11.3783 -0.156438 -0.430728 14.9109 0.0559648 -0.0017408
44.29 11.378 -0.154847 -0.429143 14.9175 0.0559779 -0.00172705
44.3 11.3778 -0.153261 -0.427556 14.9241 0.0559912 -0.00171323
44.31 11.3775 -0.151679 -0.425968 14.9307 0.0560046 -0.00169933
44.32 11.3773 -0.150102 -0.424379 14.9373 0.0560181 -0.00168528
44.33 11.3771 -0.148528 -0.422789 14.9439 0.0560316 -0.00167108
44.34 11.3769 -0.146958 -0.421199 14.9505 0.0560454 -0.00165684
44.35 11.3767 -0.14539 -0.419607 14.9571 0.0560592 -0.00164271
44.36 11.3766 -0.143824 -0.418014 14.9637 0.0560733 -0.00162865
44.37 11.3764 -0.142261 -0.41642 14.9703 0.0560874 -0.00161454
44.38 11.3763 -0.140702 -0.414825 14.9768 0.0561017 -0.00160027
44.39 11.3762 -0.139145 -0.413229 14.9834 0.0561161 -0.00158586
44.4 11.3762 -0.137593 -0.411632 14.99 0.0561306 -0.00157139
44.41 11.3761 -0.136044 -0.410033 14.9966 0.0561453 -0.00155693
44.42 11.376 -0.134501 -0.408433 15.0032 0.0561601 -0.00154247
44.43 11.376 -0.132963 -0.406832 15.0098 0.056175 -0.00152798
44.44 11.376 -0.131433 -0.405229 15.0164 0.05619 -0.00151345
44.45 11.376 -0.12991 -0.403624 15.023 0.0562052 -0.00149886
44.46 11.3761 -0.128395 -0.402018 15.0296 0.0562204 -0.00148423
44.47 11.3761 -0.126891 -0.400409 15.0362 0.0562359 -0.00146954
44.48 11.3762 -0.125396 -0.398799 15.0428 0.0562514 -0.0014548
44.49 11.3763 -0.123914 -0.397187 15.0494 0.0562671 -0.00143999
44.5 11.3764 -0.122445 -0.395572 15.056 0.0562829 -0.00142516
44.51 11.3765 -0.120988 -0.393955 15.0627 0.0562988 -0.00141033
44.52 11.3767 -0.119546 -0.392336 15.0693 0.0563149 -0.00139552
44.53 11.3768 -0.118118 -0.390715 15.0759 0.0563311 -0.00138068
44.54 11.377 -0.116705 -0.389092 15.0825 0.0563474 -0.00136579
44.55 11.3772 -0.115308 -0.387467 15.0891 0.0563638 -0.00135081
44.56 11.3774 -0.113927 -0.385839 15.0957 0.0563803 -0.00133576
44.57 11.3777 -0.112561 -0.38421 15.1023 0.056397 -0.0013207
44.58 11.378 -0.111211 -0.382579 15.1089 0.0564138 -0.00130566
44.59 11.3782 -0.109875 -0.380946 15.1155 0.0564308 -0.00129066
44.6 11.3785 -0.108555 -0.379311 15.1221 0.0564478 -0.00127565
44.61 11.3789 -0.107249 -0.377675 15.1287 0.056465 -0.00126061
44.62 11.3792 -0.105956 -0.376038 15.1354 0.0564823 -0.00124551
44.63 11.3796 -0.104677 -0.3744 15.142 0.0564997 -0.00123035
44.64 11.3799 -0.10341 -0.372761 15.1486 0.0565173 -0.00121516
44.65 11.3803 -0.102154 -0.371121 15.1552 0.056535 -0.0012
44.66 11.3808 -0.100908 -0.36948 15.1618 0.0565528 -0.00118487
44.67 11.3812 -0.0996716 -0.367839 15.1684 0.0565707 -0.00116977
44.68 11.3817 -0.0984439 -0.366198 15.1751 0.0565887 -0.00115468
44.69 11.3821 -0.0972242 -0.364557 15.1817 0.0566069 -0.00113955
44.7 11.3826 -0.0960117 -0.362915 15.1883 0.0566251 -0.0011244
44.71 11.3831 -0.0948058 -0.361273 15.1949 0.0566436 -0.0011092
44.72 11.3837 -0.093606 -0.359632 15.2015 0.0566621 -0.00109401
44.73 11.3842 -0.092412 -0.35799 15.2082 0.0566808 -0.00107885
44.74 11.3848 -0.0912233 -0.356349 15.2148 0.0566995 -0.00106374
44.75 11.3854 -0.09004 -0.354708 15.2214 0.0567184 -0.00104867
44.76 11.386 -0.0888621 -0.353067 15.228 0.0567374 -0.00103357
44.77 11.3866 -0.08769 -0.351426 15.2346 0.0567564 -0.00101839
44.78 11.3873 -0.0865239 -0.349785 15.2413 0.0567757 -0.00100318
44.79 11.388 -0.0853641 -0.348144 15.2479 0.056795 -0.000988053
44.8 11.3887 -0.0842113 -0.346502 15.2545 0.0568145 -0.000972998
44.81 11.3894 -0.0830664 -0.344861 15.2612 0.0568341 -0.000957982
44.82 11.3901 -0.0819302 -0.343219 15.2678 0.0568538 -0.000942943
44.83 11.3909 -0.0808037 -0.341577 15.2744 0.0568736 -0.000927913
44.84 11.3916 -0.0796876 -0.339934 15.281 0.0568935 -0.000912895
44.85 11.3924 -0.078583 -0.33829 15.2877 0.0569136 -0.000897909
44.86 11.3933 -0.077491 -0.336646 15.2943 0.0569337 -0.000882909
44.87 11.3941 -0.0764124 -0.335001 15.3009 0.056954 -0.000867896
44.88 11.395 -0.0753484 -0.333355 15.3076 0.0569744 -0.000852882
44.89 11.3958 -0.0742995 -0.331708 15.3142 0.0569949 -0.000837929
44.9 11.3967 -0.0732664 -0.33006 15.3208 0.0570154 -0.00082305
44.91 11.3976 -0.0722498 -0.328412 15.3275 0.0570361 -0.000808221
44.92 11.3986 -0.0712502 -0.326762 15.3341 0.0570569 -0.000793398
44.93 11.3995 -0.070268 -0.325112 15.3408 0.0570778 -0.000778535
44.94 11.4005 -0.0693034 -0.323461 15.3474 0.0570988 -0.000763659
44.95 11.4015 -0.0683565 -0.321809 15.354 0.0571199 -0.000748802
44.96 11.4025 -0.0674269 -0.320156 15.3607 0.0571412 -0.000734024
44.97 11.4036 -0.0665145 -0.318504 15.3673 0.0571625 -0.000719319
44.98 11.4046 -0.0656188 -0.31685 15.3739 0.0571839 -0.000704679
44.99 11.4057 -0.0647392 -0.315197 15.3806 0.0572054 -0.000690045
45 11.4068 -0.0638752 -0.313543 15.3872 0.057227 -0.000675421
45.01 11.4079 -0.063026 -0.31189 15.3939 0.0572487 -0.000660796
45.02 11.409 -0.0621907 -0.310237 15.4005 0.0572706 -0.000646199
45.03 11.4102 -0.0613683 -0.308584 15.4072 0.0572925 -0.000631652
45.04 11.4113 -0.060558 -0.306932 15.4138 0.0573146 -0.00061717
45.05 11.4125 -0.0597588 -0.30528 15.4205 0.0573367 -0.000602765
45.06 11.4137 -0.0589696 -0.30363 15.4271 0.0573589 -0.000588414
45.07 11.415 -0.0581897 -0.30198 15.4337 0.0573812 -0.000574106
45.08 11.4162 -0.0574183 -0.300332 15.4404 0.0574036 -0.000559808
45.09 11.4175 -0.0566547 -0.298685 15.447 0.0574261 -0.000545506
45.1 11.4187 -0.0558986 -0.297039 15.4537 0.0574488 -0.00053117
45.11 11.42 -0.0551493 -0.295394 15.4603 0.0574715 -0.000516918
45.12 11.4214 -0.0544061 -0.293751 15.467 0.0574944 -0.000502816
45.13 11.4227 -0.0536689 -0.292109 15.4736 0.0575173 -0.000488859
45.14 11.4241 -0.052938 -0.290469 15.4803 0.0575402 -0.000474942
45.15 11.4254 -0.0522135 -0.28883 15.487 0.0575633 -0.000460999
45.16 11.4268 -0.0514957 -0.287192 15.4936 0.0575864 -0.000447037
45.17 11.4282 -0.050785 -0.285556 15.5003 0.0576097 -0.000433117
45.18 11.4297 -0.0500817 -0.28392 15.5069 0.057633 -0.000419296
45.19 11.4311 -0.0493866 -0.282286 15.5136 0.0576565 -0.000405567
45.2 11.4326 -0.0487006 -0.280653 15.5202 0.05768 -0.000391916
45.21 11.4341 -0.0480245 -0.27902 15.5269 0.0577036 -0.000378294
45.22 11.4356 -0.0473592 -0.277389 15.5335 0.0577273 -0.000364723
45.23 11.4371 -0.0467057 -0.275758 15.5402 0.057751 -0.000351188
45.24 11.4387 -0.0460648 -0.274128 15.5469 0.0577748 -0.000337717
45.25 11.4402 -0.0454375 -0.272498 15.5535 0.0577988 -0.000324296
45.26 11.4418 -0.0448248 -0.270869 15.5602 0.0578228 -0.000310937
45.27 11.4434 -0.0442275 -0.26924 15.5668 0.0578469 -0.000297639
45.28 11.445 -0.0436463 -0.267612 15.5735 0.0578711 -0.000284415
45.29 11.4466 -0.0430818 -0.265984 15.5802 0.0578953 -0.000271263
45.3 11.4483 -0.0425344 -0.264357 15.5868 0.0579196 -0.000258176
45.31 11.45 -0.0420046 -0.26273 15.5935 0.0579439 -0.000245124
45.32 11.4516 -0.0414925 -0.261104 15.6002 0.0579683 -0.000232058
45.33 11.4533 -0.0409982 -0.259478 15.6068 0.0579929 -0.000219064
45.34 11.4551 -0.0405213 -0.257853 15.6135 0.0580175 -0.000206196
45.35 11.4568 -0.0400616 -0.256229 15.6202 0.0580422 -0.000193471
45.36 11.4586 -0.0396187 -0.254606 15.6268 0.0580669 -0.000180803
45.37 11.4603 -0.0391923 -0.252984 15.6335 0.0580917 -0.000168164
45.38 11.4621 -0.0387814 -0.251363 15.6402 0.0581165 -0.000155547
45.39 11.4639 -0.0383853 -0.249744 15.6468 0.0581414 -0.000143011
45.4 11.4658 -0.0380029 -0.248126 15.6535 0.0581664 -0.00013057
45.41 11.4676 -0.0376334 -0.246509 15.6602 0.0581915 -0.000118222
45.42 11.4695 -0.0372759 -0.244895 15.6669 0.0582167 -0.000105946
45.43 11.4713 -0.0369294 -0.243282 15.6735 0.0582419 -9.37168e-05
45.44 11.4732 -0.0365929 -0.241672 15.6802 0.0582671 -8.15612e-05
45.45 11.4751 -0.0362652 -0.240064 15.6869 0.0582924 -6.94804e-05
45.46 11.477 -0.0359455 -0.238459 15.6935 0.0583177 -5.75039e-05
45.47 11.479 -0.035633 -0.236855 15.7002 0.0583431 -4.56089e-05
45.48 11.4809 -0.035327 -0.235255 15.7069 0.0583687 -3.3798e-05
45.49 11.4829 -0.035027 -0.233657 15.7136 0.0583943 -2.20451e-05
45.5 11.4849 -0.0347326 -0.232062 15.7203 0.0584199 -1.03734e-05
45.51 11.4869 -0.0344436 -0.230469 15.7269 0.0584456 1.22597e-06
45.52 11.4889 -0.0341596 -0.228879 15.7336 0.0584713 1.27316e-05
45.53 11.491 -0.0338807 -0.227293 15.7403 0.058497 2.4146e-05
45.54 11.493 -0.0336071 -0.225708 15.747 0.0585229 3.54718e-05
45.55 11.4951 -0.0333391 -0.224126 15.7537 0.0585487 4.67013e-05
45.56 11.4972 -0.0330772 -0.222547 15.7603 0.0585747 5.78483e-05
45.57 11.4993 -0.0328222 -0.22097 15.767 0.0586008 6.89076e-05
45.58 11.5014 -0.0325747 -0.219396 15.7737 0.0586269 7.98977e-05
45.59 11.5035 -0.0323356 -0.217824 15.7804 0.058653 9.08044e-05
45.6 11.5056 -0.0321055 -0.216254 15.7871 0.0586791 0.00010164
45.61 11.5078 -0.0318855 -0.214686 15.7938 0.0587053 0.000112364
45.62 11.51 -0.0316763 -0.213121 15.8004 0.0587315 0.000122988
45.63 11.5122 -0.0314788 -0.211557 15.8071 0.0587578 0.000133494
45.64 11.5144 -0.0312941 -0.209995 15.8138 0.0587842 0.00014391
45.65 11.5166 -0.0311231 -0.208434 15.8205 0.0588107 0.000154255
45.66 11.5188 -0.0309664 -0.206876 15.8272 0.0588371 0.000164536
45.67 11.5211 -0.0308246 -0.20532 15.8339 0.0588636 0.000174743
45.68 11.5233 -0.0306981 -0.203765 15.8406 0.0588901 0.000184847
45.69 11.5256 -0.0305872 -0.202212 15.8473 0.0589166 0.000194835
45.7 11.5279 -0.030492 -0.200661 15.854 0.0589433 0.000204693
45.71 11.5302 -0.0304127 -0.199112 15.8606 0.05897 0.000214455
45.72 11.5325 -0.0303492 -0.197564 15.8673 0.0589967 0.00022412
45.73 11.5349 -0.0303013 -0.196019 15.874 0.0590235 0.000233728
45.74 11.5372 -0.0302686 -0.194476 15.8807 0.0590504 0.000243259
45.75 11.5396 -0.0302504 -0.192935 15.8874 0.0590772 0.000252713
45.76 11.5419 -0.030246 -0.191397 15.8941 0.059104 0.000262053
45.77 11.5443 -0.0302543 -0.189861 15.9008 0.0591309 0.000271263
45.78 11.5467 -0.0302745 -0.188328 15.9075 0.0591579 0.000280337
45.79 11.5491 -0.0303057 -0.186798 15.9142 0.0591849 0.000289301
45.8 11.5516 -0.0303471 -0.185271 15.9209 0.059212 0.000298187
45.81 11.554 -0.0303977 -0.183747 15.9276 0.0592392 0.00030701
45.82 11.5564 -0.0304563 -0.182226 15.9343 0.0592663 0.000315776
45.83 11.5589 -0.0305219 -0.180709 15.941 0.0592934 0.000324436
45.84 11.5614 -0.0305934 -0.179195 15.9477 0.0593206 0.000332977
45.85 11.5639 -0.03067 -0.177685 15.9544 0.0593478 0.000341359
45.86 11.5664 -0.0307508 -0.176179 15.9611 0.0593751 0.000349614
45.87 11.5689 -0.0308355 -0.174677 15.9678 0.0594024 0.000357763
45.88 11.5714 -0.0309237 -0.173178 15.9745 0.0594299 0.000365855
45.89 11.5739 -0.031015 -0.171684 15.9812 0.0594573 0.000373885
45.9 11.5765 -0.0311093 -0.170193 15.9879 0.0594847 0.000381887
45.91 11.579 -0.0312066 -0.168707 15.9946 0.0595121 0.000389843
45.92 11.5816 -0.0313067 -0.167224 16.0013 0.0595396 0.00039764
45.93 11.5842 -0.0314097 -0.165745 16.008 0.0595671 0.000405194
45.94 11.5868 -0.031516 -0.16427 16.0147 0.0595946 0.000412544
45.95 11.5894 -0.0316267 -0.162799 16.0214 0.0596223 0.00041984
45.96 11.592 -0.0317427 -0.161331 16.0282 0.0596499 0.000427151
45.97 11.5946 -0.0318645 -0.159867 16.0349 0.0596776 0.000434468
45.98 11.5972 -0.0319928 -0.158407 16.0416 0.0597053 0.000441678
45.99 11.5999 -0.0321281 -0.15695 16.0483 0.0597329 0.000448732
46 11.6025 -0.0322716 -0.155496 16.055 0.0597607 0.000455617
46.01 11.6052 -0.0324242 -0.154046 16.0617 0.0597886 0.000462388
46.02 11.6079 -0.0325868 -0.152598 16.0684 0.0598165 0.000469053
46.03 11.6106 -0.0327602 -0.151154 16.0751 0.0598444 0.000475643
46.04 11.6133 -0.0329453 -0.149713 16.0818 0.0598723 0.000482186
46.05 11.616 -0.0331426 -0.148275 16.0886 0.0599002 0.000488679
46.06 11.6187 -0.0333525 -0.14684 16.0953 0.059928 0.0004951
46.07 11.6214 -0.0335752 -0.145408 16.102 0.0599559 0.000501393
46.08 11.6241 -0.0338106 -0.14398 16.1087 0.0599839 0.000507535
46.09 11.6269 -0.0340591 -0.142554 16.1154 0.0600119 0.000513523
46.1 11.6296 -0.0343205 -0.141131 16.1221 0.06004 0.000519423
46.11 11.6324 -0.0345947 -0.139711 16.1289 0.0600681 0.000525271
46.12 11.6352 -0.0348815 -0.138295 16.1356 0.0600963 0.000531109
46.13 11.6379 -0.03518 -0.136883 16.1423 0.0601244 0.00053689
46.14 11.6407 -0.0354896 -0.135474 16.149 0.0601525 0.000542573
46.15 11.6435 -0.0358091 -0.134069 16.1557 0.0601806 0.000548113
46.16 11.6463 -0.0361379 -0.132668 16.1625 0.0602088 0.000553499
46.17 11.6491 -0.0364748 -0.13127 16.1692 0.060237 0.000558759
46.18 11.652 -0.0368192 -0.129877 16.1759 0.0602653 0.000563939
46.19 11.6548 -0.0371701 -0.128488 16.1826 0.0602936 0.000569094
46.2 11.6576 -0.0375265 -0.127103 16.1893 0.0603219 0.000574227
46.21 11.6605 -0.0378873 -0.125723 16.1961 0.0603502 0.000579312
46.22 11.6633 -0.0382513 -0.124348 16.2028 0.0603784 0.00058427
46.23 11.6662 -0.0386177 -0.122978 16.2095 0.0604067 0.000589083
46.24 11.669 -0.0389856 -0.121612 16.2162 0.0604351 0.000593733
46.25 11.6719 -0.0393545 -0.120252 16.223 0.0604635 0.000598281
46.26 11.6748 -0.0397241 -0.118896 16.2297 0.0604919 0.000602774
46.27 11.6777 -0.0400941 -0.117546 16.2364 0.0605203 0.000607259
46.28 11.6806 -0.0404642 -0.1162 16.2432 0.0605487 0.000611719
46.29 11.6835 -0.0408342 -0.11486 16.2499 0.0605771 0.000616105
46.3 11.6864 -0.0412039 -0.113525 16.2566 0.0606054 0.000620357
46.31 11.6893 -0.0415736 -0.112195 16.2633 0.0606338 0.000624448
46.32 11.6922 -0.0419437 -0.11087 16.2701 0.0606622 0.00062841
46.33 11.6951 -0.0423147 -0.10955 16.2768 0.0606907 0.000632276
46.34 11.698 -0.0426875 -0.108235 16.2835 0.0607192 0.000636116
46.35 11.701 -0.0430628 -0.106924 16.2903 0.0607477 0.000639938
46.36 11.7039 -0.0434412 -0.105619 16.297 0.0607761 0.000643742
46.37 11.7069 -0.0438234 -0.104318 16.3037 0.0608045 0.000647459
46.38 11.7098 -0.0442101 -0.103021 16.3105 0.0608329 0.000651044
46.39 11.7128 -0.0446021 -0.101729 16.3172 0.0608613 0.00065446
46.4 11.7157 -0.0450001 -0.100442 16.3239 0.0608898 0.000657751
46.41 11.7187 -0.0454052 -0.099158 16.3307 0.0609183 0.000660976
46.42 11.7217 -0.0458182 -0.0978788 16.3374 0.0609468 0.000664199
46.43 11.7246 -0.0462397 -0.0966039 16.3442 0.0609753 0.000667432
46.44 11.7276 -0.04667 -0.0953334 16.3509 0.0610037 0.000670618
46.45 11.7306 -0.0471093 -0.0940671 16.3576 0.0610321 0.000673704
46.46 11.7336 -0.0475576 -0.092805 16.3644 0.0610605 0.000676639
46.47 11.7366 -0.0480152 -0.0915469 16.3711 0.0610889 0.00067944
46.48 11.7396 -0.0484819 -0.090293 16.3779 0.0611174 0.000682128
46.49 11.7426 -0.0489577 -0.0890434 16.3846 0.0611459 0.000684779
46.5 11.7456 -0.0494423 -0.0877984 16.3913 0.0611744 0.000687426
46.51 11.7486 -0.0499353 -0.0865582 16.3981 0.0612029 0.00069009
46.52 11.7516 -0.0504359 -0.0853227 16.4048 0.0612313 0.000692708
46.53 11.7546 -0.0509432 -0.0840919 16.4116 0.0612596 0.000695222
46.54 11.7576 -0.0514562 -0.0828659 16.4183 0.0612881 0.000697587
46.55 11.7606 -0.0519743 -0.0816448 16.4251 0.0613166 0.000699803
46.56 11.7636 -0.0524964 -0.080429 16.4318 0.0613451 0.000701928
46.57 11.7667 -0.0530219 -0.0792186 16.4386 0.0613736 0.00070403
46.58 11.7697 -0.0535498 -0.0780138 16.4453 0.061402 0.000706168
46.59 11.7727 -0.0540792 -0.0768149 16.452 0.0614304 0.000708311
46.6 11.7757 -0.0546089 -0.0756218 16.4588 0.0614587 0.000710395
46.61 11.7788 -0.0551378 -0.0744346 16.4655 0.061487 0.000712324
46.62 11.7818 -0.0556651 -0.0732532 16.4723 0.0615153 0.000714095
46.63 11.7848 -0.0561903 -0.0720777 16.479 0.0615437 0.000715736
46.64 11.7878 -0.056713 -0.0709083 16.4858 0.0615721 0.00071734
46.65 11.7909 -0.0572329 -0.0697452 16.4925 0.0616005 0.000718961
46.66 11.7939 -0.0577499 -0.0685885 16.4993 0.0616288 0.000720605
46.67 11.7969 -0.0582636 -0.0674381 16.5061 0.0616571 0.000722223
46.68 11.8 -0.0587738 -0.066294 16.5128 0.0616853 0.00072374
46.69 11.803 -0.0592807 -0.065156 16.5196 0.0617135 0.000725111
46.7 11.806 -0.0597844 -0.064024 16.5263 0.0617418 0.000726327
46.71 11.8091 -0.0602856 -0.0628979 16.5331 0.06177 0.000727453
46.72 11.8121 -0.060785 -0.0617779 16.5398 0.0617983 0.000728546
46.73 11.8151 -0.0612832 -0.0606639 16.5466 0.0618266 0.000729674
46.74 11.8182 -0.0617811 -0.0595559 16.5533 0.0618548 0.000730812
46.75 11.8212 -0.0622791 -0.0584538 16.5601 0.0618829 0.000731911
46.76 11.8242 -0.0627779 -0.0573574 16.5669 0.0619109 0.000732888
46.77 11.8273 -0.0632781 -0.0562664 16.5736 0.061939 0.000733716
46.78 11.8303 -0.0637807 -0.0551808 16.5804 0.0619671 0.000734408
46.79 11.8333 -0.0642863 -0.0541005 16.5871 0.0619952 0.000735029
46.8 11.8364 -0.064796 -0.0530256 16.5939 0.0620233 0.000735642
46.81 11.8394 -0.0653103 -0.0519561 16.6007 0.0620513 0.000736284
46.82 11.8424 -0.0658299 -0.0508921 16.6074 0.0620793 0.00073699
46.83 11.8454 -0.0663552 -0.0498334 16.6142 0.0621072 0.000737719
46.84 11.8484 -0.0668858 -0.04878 16.6209 0.0621351 0.000738317
46.85 11.8515 -0.0674217 -0.0477317 16.6277 0.0621629 0.000738633
46.86 11.8545 -0.067963 -0.0466886 16.6345 0.0621908 0.000738751
46.87 11.8575 -0.0685099 -0.0456508 16.6412 0.0622187 0.000738841
46.88 11.8605 -0.0690626 -0.0446186 16.648 0.0622466 0.000739046
46.89 11.8635 -0.0696205 -0.043592 16.6548 0.0622744 0.00073934
46.9 11.8665 -0.0701827 -0.0425712 16.6615 0.0623021 0.000739619
46.91 11.8695 -0.0707483 -0.0415562 16.6683 0.0623297 0.000739755
46.92 11.8725 -0.0713165 -0.0405471 16.6751 0.0623573 0.000739719
46.93 11.8755 -0.0718866 -0.0395438 16.6818 0.0623849 0.000739556
46.94 11.8784 -0.0724577 -0.0385466 16.6886 0.0624125 0.000739333
46.95 11.8814 -0.0730292 -0.0375557 16.6954 0.0624401 0.000739117
46.96 11.8844 -0.0736002 -0.0365714 16.7021 0.0624677 0.000738913
46.97 11.8874 -0.0741697 -0.0355939 16.7089 0.0624951 0.000738715
46.98 11.8903 -0.0747366 -0.0346233 16.7157 0.0625225 0.000738468
46.99 11.8933 -0.0753001 -0.0336596 16.7225 0.0625497 0.000738132
47 11.8963 -0.0758593 -0.0327028 16.7292 0.062577 0.000737657
47.01 11.8992 -0.0764136 -0.0317528 16.736 0.0626042 0.000737056
47.02 11.9021 -0.0769624 -0.03081 16.7428 0.0626315 0.000736356
47.03 11.9051 -0.0775055 -0.0298743 16.7495 0.0626587 0.000735638
47.04 11.908 -0.0780428 -0.0289461 16.7563 0.0626858 0.000734946
47.05 11.9109 -0.078574 -0.0280253 16.7631 0.0627128 0.000734276
47.06 11.9139 -0.079099 -0.0271118 16.7699 0.0627397 0.00073356
47.07 11.9168 -0.0796177 -0.0262055 16.7766 0.0627665 0.000732708
47.08 11.9197 -0.0801301 -0.0253063 16.7834 0.0627933 0.000731686
47.09 11.9226 -0.0806368 -0.024414 16.7902 0.0628201 0.000730516
47.1 11.9255 -0.0811383 -0.0235288 16.797 0.0628469 0.000729295
47.11 11.9284 -0.0816355 -0.0226506 16.8038 0.0628736 0.000728084
47.12 11.9313 -0.0821289 -0.0217794 16.8105 0.0629002 0.000726916
47.13 11.9341 -0.0826193 -0.0209152 16.8173 0.0629267 0.000725728
47.14 11.937 -0.0831073 -0.0200575 16.8241 0.0629531 0.000724458
47.15 11.9399 -0.0835934 -0.0192065 16.8309 0.0629795 0.000723025
47.16 11.9427 -0.0840784 -0.0183618 16.8377 0.0630058 0.00072142
47.17 11.9456 -0.0845631 -0.0175234 16.8444 0.0630321 0.000719698
47.18 11.9484 -0.0850483 -0.0166914 16.8512 0.0630584 0.000717948
47.19 11.9512 -0.0855349 -0.0158658 16.858 0.0630845 0.00071623
47.2 11.9541 -0.0860234 -0.0150466 16.8648 0.0631106 0.000714527
47.21 11.9569 -0.0865139 -0.0142336 16.8716 0.0631365 0.000712784
47.22 11.9597 -0.0870066 -0.0134269 16.8784 0.0631623 0.000710912
47.23 11.9625 -0.0875016 -0.0126261 16.8851 0.0631881 0.000708886
47.24 11.9653 -0.087999 -0.0118315 16.8919 0.0632138 0.000706707
47.25 11.968 -0.0884988 -0.0110429 16.8987 0.0632395 0.000704451
47.26 11.9708 -0.089001 -0.0102608 16.9055 0.0632652 0.000702176
47.27 11.9736 -0.0895053 -0.00948515 16.9123 0.0632907 0.000699924
47.28 11.9763 -0.0900113 -0.00871615 16.9191 0.0633161 0.000697665
47.29 11.9791 -0.0905182 -0.00795381 16.9259 0.0633414 0.000695341
47.3 11.9818 -0.0910253 -0.00719814 16.9327 0.0633666 0.00069288
47.31 11.9845 -0.0915316 -0.00644917 16.9395 0.0633918 0.000690251
47.32 11.9872 -0.0920366 -0.00570705 16.9462 0.0634169 0.000687486
47.33 11.9899 -0.0925394 -0.00497201 16.953 0.0634419 0.000684648
47.34 11.9926 -0.0930394 -0.00424431 16.9598 0.0634669 0.000681815
47.35 11.9953 -0.0935359 -0.00352415 16.9666 0.0634917 0.000678989
47.36 11.998 -0.0940278 -0.00281163 16.9734 0.0635164 0.000676141
47.37 12.0007 -0.0945142 -0.00210676 16.9802 0.0635409 0.000673182
47.38 12.0033 -0.0949942 -0.00140954 16.987 0.0635654 0.000670068
47.39 12.0059 -0.0954672 -0.000720025 16.9938 0.0635898 0.00066678
47.4 12.0086 -0.0959327 -3.831e-05 17.0006 0.0636142 0.00066338
47.41 12.0112 -0.0963904 0.000635441 17.0074 0.0636384 0.000659929
47.42 12.0138 -0.0968402 0.00130109 17.0142 0.0636626 0.000656478
47.43 12.0164 -0.0972817 0.00195859 17.021 0.0636866 0.000653017
47.44 12.019 -0.0977148 0.00260799 17.0278 0.0637105 0.000649489
47.45 12.0216 -0.0981393 0.00324942 17.0346 0.0637342 0.000645833
47.46 12.0241 -0.0985555 0.00388302 17.0414 0.0637578 0.000642007
47.47 12.0267 -0.0989635 0.00450884 17.0482 0.0637814 0.000638035
47.48 12.0292 -0.099364 0.00512692 17.055 0.0638049 0.000633957
47.49 12.0317 -0.0997575 0.00573722 17.0618 0.0638283 0.000629847
47.5 12.0343 -0.100145 0.00633977 17.0686 0.0638516 0.00062572
47.51 12.0368 -0.100526 0.00693465 17.0754 0.0638747 0.000621572
47.52 12.0393 -0.100903 0.00752205 17.0822 0.0638977 0.000617335
47.53 12.0417 -0.101275 0.00810216 17.089 0.0639206 0.000612963
47.54 12.0442 -0.101643 0.00867522 17.0958 0.0639433 0.000608401
47.55 12.0467 -0.102008 0.00924133 17.1026 0.0639661 0.000603662
47.56 12.0491 -0.102371 0.00980043 17.1094 0.0639887 0.000598852
47.57 12.0515 -0.102733 0.0103525 17.1162 0.0640112 0.000594076
47.58 12.054 -0.103094 0.0108975 17.123 0.0640335 0.000589335
47.59 12.0564 -0.103454 0.0114356 17.1298 0.0640557 0.000584535
47.6 12.0587 -0.103815 0.0119669 17.1366 0.0640778 0.000579591
47.61 12.0611 -0.104175 0.0124915 17.1434 0.0640997 0.000574463
47.62 12.0635 -0.104536 0.0130093 17.1502 0.0641215 0.000569201
47.63 12.0658 -0.104897 0.0135205 17.157 0.0641433 0.000563855
47.64 12.0682 -0.105258 0.0140247 17.1639 0.0641649 0.000558479
47.65 12.0705 -0.10562 0.0145219 17.1707 0.0641864 0.000553068
47.66 12.0728 -0.105982 0.0150121 17.1775 0.0642078 0.000547615
47.67 12.0751 -0.106343 0.015495 17.1843 0.064229 0.000542085
47.68 12.0774 -0.106702 0.0159708 17.1911 0.06425 0.000536447
47.69 12.0796 -0.10706 0.0164394 17.1979 0.064271 0.000530682
47.7 12.0819 -0.107415 0.0169006 17.2047 0.0642918 0.000524789
47.71 12.0841 -0.107767 0.0173543 17.2115 0.0643126 0.000518802
47.72 12.0863 -0.108114 0.0178003 17.2183 0.0643332 0.000512757
47.73 12.0885 -0.108457 0.0182383 17.2252 0.0643536 0.000506695
47.74 12.0907 -0.108794 0.0186684 17.232 0.0643739 0.000500591
47.75 12.0929 -0.109125 0.0190904 17.2388 0.064394 0.000494417
47.76 12.095 -0.109449 0.0195043 17.2456 0.064414 0.000488115
47.77 12.0972 -0.109765 0.01991 17.2524 0.0644339 0.000481679
47.78 12.0993 -0.110073 0.0203076 17.2592 0.0644536 0.00047512
47.79 12.1014 -0.110372 0.0206968 17.2661 0.0644733 0.000468489
47.8 12.1035 -0.110661 0.0210775 17.2729 0.0644927 0.00046182
47.81 12.1056 -0.110941 0.0214498 17.2797 0.0645121 0.000455125
47.82 12.1077 -0.111212 0.0218137 17.2865 0.0645312 0.000448382
47.83 12.1098 -0.111473 0.0221692 17.2933 0.0645502 0.000441542
47.84 12.1118 -0.111725 0.0225165 17.3001 0.0645691 0.000434586
47.85 12.1138 -0.111968 0.0228556 17.307 0.0645878 0.000427497
47.86 12.1158 -0.112201 0.0231866 17.3138 0.0646064 0.000420317
47.87 12.1178 -0.112426 0.0235095 17.3206 0.0646249 0.000413076
47.88 12.1198 -0.112644 0.0238243 17.3274 0.0646432 0.000405815
47.89 12.1218 -0.112854 0.0241312 17.3343 0.0646613 0.000398518
47.9 12.1237 -0.113058 0.0244302 17.3411 0.0646793 0.000391168
47.91 12.1257 -0.113255 0.0247217 17.3479 0.0646972 0.00038372
47.92 12.1276 -0.113448 0.0250057 17.3547 0.0647148 0.000376164
47.93 12.1295 -0.113636 0.0252823 17.3616 0.0647324 0.000368506
47.94 12.1314 -0.113821 0.0255516 17.3684 0.0647498 0.000360779
47.95 12.1333 -0.114003 0.0258136 17.3752 0.0647671 0.000353018
47.96 12.1351 -0.114183 0.0260684 17.382 0.0647842 0.000345232
47.97 12.137 -0.114361 0.026316 17.3889 0.0648011 0.00033742
47.98 12.1388 -0.114537 0.0265565 17.3957 0.0648179 0.000329546
47.99 12.1406 -0.114714 0.0267901 17.4025 0.0648346 0.000321592
48 12.1424 -0.114889 0.0270167 17.4093 0.064851 0.000313539
48.01 12.1442 -0.115064 0.0272362 17.4162 0.0648674 0.000305416
48.02 12.1459 -0.115239 0.0274486 17.423 0.0648836 0.00029724
48.03 12.1477 -0.115413 0.0276539 17.4298 0.0648996 0.000289045
48.04 12.1494 -0.115587 0.0278519 17.4367 0.0649155 0.000280827
48.05 12.1511 -0.11576 0.0280427 17.4435 0.0649312 0.000272578
48.06 12.1528 -0.115932 0.0282261 17.4503 0.0649468 0.000264273
48.07 12.1545 -0.116102 0.0284021 17.4572 0.0649622 0.000255893
48.08 12.1561 -0.11627 0.0285706 17.464 0.0649775 0.000247438
48.09 12.1578 -0.116434 0.0287315 17.4708 0.0649926 0.000238915
48.1 12.1594 -0.116594 0.0288845 17.4777 0.0650075 0.000230305
48.11 12.161 -0.11675 0.0290296 17.4845 0.0650223 0.000221578
48.12 12.1626 -0.1169 0.0291668 17.4913 0.0650369 0.000212854
48.13 12.1642 -0.117045 0.0292959 17.4982 0.0650514 0.000204215
48.14 12.1658 -0.117183 0.0294169 17.505 0.0650657 0.000195615
48.15 12.1674 -0.117313 0.0295296 17.5119 0.0650799 0.000186905
48.16 12.1689 -0.117436 0.0296341 17.5187 0.0650939 0.000178028
48.17 12.1704 -0.117549 0.0297302 17.5255 0.0651078 0.000169039
48.18 12.1719 -0.117654 0.0298179 17.5324 0.0651215 0.000160045
48.19 12.1734 -0.117749 0.0298971 17.5392 0.0651351 0.000151093
48.2 12.1749 -0.117835 0.029968 17.546 0.0651485 0.000142146
48.21 12.1764 -0.117912 0.0300305 17.5529 0.0651618 0.000133132
48.22 12.1778 -0.117979 0.0300849 17.5597 0.065175 0.000123976
48.23 12.1792 -0.118037 0.0301311 17.5666 0.065188 0.000114688
48.24 12.1806 -0.118086 0.0301692 17.5734 0.0652008 0.000105366
48.25 12.182 -0.118126 0.0301992 17.5803 0.0652135 9.61219e-05
48.26 12.1834 -0.118159 0.0302213 17.5871 0.065226 8.69128e-05
48.27 12.1848 -0.118184 0.0302354 17.5939 0.0652384 7.76539e-05
48.28 12.1861 -0.118202 0.0302419 17.6008 0.0652507 6.82821e-05
48.29 12.1875 -0.118215 0.0302409 17.6076 0.0652628 5.88338e-05
48.3 12.1888 -0.118222 0.0302324 17.6145 0.0652748 4.93616e-05
48.31 12.1901 -0.118225 0.0302166 17.6213 0.0652866 3.98949e-05
48.32 12.1914 -0.118224 0.0301936 17.6282 0.0652983 3.04124e-05
48.33 12.1926 -0.11822 0.0301634 17.635 0.0653099 2.08767e-05
48.34 12.1939 -0.118214 0.0301262 17.6419 0.0653213 1.12924e-05
48.35 12.1951 -0.118206 0.030082 17.6487 0.0653326 1.67539e-06
48.36 12.1964 -0.118197 0.030031 17.6556 0.0653438 -7.93609e-06
48.37 12.1976 -0.118188 0.0299731 17.6624 0.0653549 -1.75546e-05
48.38 12.1988 -0.118179 0.0299085 17.6693 0.0653658 -2.71992e-05
48.39 12.1999 -0.11817 0.029837 17.6761 0.0653765 -3.69014e-05
48.4 12.2011 -0.118161 0.0297586 17.683 0.0653872 -4.66394e-05
48.41 12.2022 -0.118152 0.0296734 17.6898 0.0653977 -5.63956e-05
48.42 12.2034 -0.118144 0.0295812 17.6967 0.065408 -6.61448e-05
48.43 12.2045 -0.118136 0.0294821 17.7035 0.0654183 -7.58961e-05
48.44 12.2056 -0.118128 0.029376 17.7104 0.0654284 -8.56665e-05
48.45 12.2067 -0.118119 0.0292628 17.7172 0.0654384 -9.54643e-05
48.46 12.2077 -0.118109 0.0291423 17.7241 0.0654483 -0.000105297
48.47 12.2088 -0.118098 0.0290145 17.7309 0.065458 -0.00011515
48.48 12.2098 -0.118084 0.0288793 17.7378 0.0654676 -0.000125019
48.49 12.2109 -0.118067 0.0287364 17.7447 0.0654771 -0.000134888
48.5 12.2119 -0.118046 0.028586 17.7515 0.0654864 -0.000144773
48.51 12.2129 -0.118021 0.0284278 17.7584 0.0654957 -0.000154669
48.52 12.2138 -0.117991 0.028262 17.7652 0.0655048 -0.000164591
48.53 12.2148 -0.117955 0.0280882 17.7721 0.0655139 -0.000174525
48.54 12.2158 -0.117912 0.0279065 17.7789 0.0655228 -0.000184476
48.55 12.2167 -0.117863 0.0277168 17.7858 0.0655315 -0.000194441
48.56 12.2176 -0.117806 0.0275191 17.7927 0.0655401 -0.000204421
48.57 12.2185 -0.117742 0.0273133 17.7995 0.0655486 -0.000214416
48.58 12.2194 -0.117669 0.0270996 17.8064 0.0655571 -0.000224421
48.59 12.2203 -0.117588 0.0268781 17.8132 0.0655654 -0.00023444
48.6 12.2212 -0.117499 0.0266487 17.8201 0.0655736 -0.000244464
48.61 12.222 -0.117403 0.0264114 17.827 0.0655818 -0.000254504
48.62 12.2229 -0.117298 0.0261664 17.8338 0.0655898 -0.000264547
48.63 12.2237 -0.117186 0.0259138 17.8407 0.0655976 -0.000274609
48.64 12.2245 -0.117067 0.0256535 17.8476 0.0656054 -0.000284676
48.65 12.2253 -0.116942 0.0253859 17.8544 0.065613 -0.000294755
48.66 12.2261 -0.116811 0.025111 17.8613 0.0656206 -0.000304839
48.67 12.2269 -0.116675 0.0248291 17.8682 0.0656281 -0.000314929
48.68 12.2276 -0.116535 0.0245402 17.875 0.0656355 -0.000325017
48.69 12.2284 -0.116391 0.0242444 17.8819 0.0656428 -0.000335104
48.7 12.2291 -0.116245 0.0239418 17.8888 0.06565 -0.000345192
48.71 12.2298 -0.116097 0.0236324 17.8956 0.065657 -0.00035528
48.72 12.2305 -0.115948 0.0233165 17.9025 0.065664 -0.00036538
48.73 12.2312 -0.115798 0.0229941 17.9094 0.0656709 -0.000375525
48.74 12.2319 -0.115649 0.0226655 17.9162 0.0656777 -0.000385749
48.75 12.2326 -0.1155 0.0223306 17.9231 0.0656844 -0.000395948
48.76 12.2332 -0.115353 0.0219895 17.93 0.0656911 -0.000406041
48.77 12.2338 -0.115208 0.0216421 17.9369 0.0656977 -0.000416046
48.78 12.2345 -0.115064 0.0212884 17.9437 0.0657041 -0.000426075
48.79 12.2351 -0.114923 0.0209283 17.9506 0.0657104 -0.000436183
48.8 12.2357 -0.114783 0.020562 17.9575 0.0657167 -0.000446352
48.81 12.2363 -0.114645 0.0201894 17.9643 0.0657229 -0.000456509
48.82 12.2369 -0.11451 0.0198104 17.9712 0.065729 -0.000466617
48.83 12.2374 -0.114375 0.0194251 17.9781 0.0657351 -0.000476693
48.84 12.238 -0.114242 0.0190332 17.985 0.0657411 -0.000486767
48.85 12.2386 -0.114109 0.0186346 17.9918 0.065747 -0.000496872
48.86 12.2391 -0.113976 0.0182293 17.9987 0.0657528 -0.000506987
48.87 12.2396 -0.113841 0.0178171 18.0056 0.0657585 -0.000517107
48.88 12.2401 -0.113706 0.0173981 18.0125 0.0657641 -0.000527216
48.89 12.2406 -0.113568 0.0169722 18.0194 0.0657697 -0.000537334
48.9 12.2411 -0.113427 0.0165394 18.0262 0.0657753 -0.00054746
48.91 12.2416 -0.113282 0.0160996 18.0331 0.0657808 -0.000557594
48.92 12.2421 -0.113133 0.0156526 18.04 0.0657862 -0.000567711
48.93 12.2426 -0.112979 0.0151983 18.0469 0.0657916 -0.000577809
48.94 12.243 -0.11282 0.0147367 18.0538 0.0657968 -0.000587902
48.95 12.2434 -0.112655 0.014268 18.0606 0.065802 -0.000598011
48.96 12.2439 -0.112484 0.0137922 18.0675 0.0658071 -0.000608198
48.97 12.2443 -0.112306 0.0133095 18.0744 0.0658123 -0.000618473
48.98 12.2447 -0.112122 0.0128198 18.0813 0.0658174 -0.000628734
48.99 12.2451 -0.111932 0.012323 18.0882 0.0658225 -0.000638866
49 12.2455 -0.111737 0.0118192 18.0951 0.0658275 -0.000648903
49.01 12.2459 -0.111535 0.0113084 18.1019 0.0658324 -0.000658946
49.02 12.2463 -0.111329 0.0107909 18.1088 0.0658372 -0.00066908
49.03 12.2466 -0.111117 0.0102667 18.1157 0.065842 -0.000679285
49.04 12.247 -0.110901 0.00973612 18.1226 0.0658467 -0.000689502
49.05 12.2473 -0.110682 0.00919931 18.1295 0.0658515 -0.000699677
49.06 12.2476 -0.11046 0.00865634 18.1364 0.0658563 -0.000709808
49.07 12.248 -0.110237 0.00810725 18.1433 0.065861 -0.000719927
49.08 12.2483 -0.110012 0.00755212 18.1502 0.0658657 -0.000730051
49.09 12.2486 -0.109788 0.00699106 18.157 0.0658703 -0.000740181
49.1 12.2489 -0.109564 0.00642424 18.1639 0.0658748 -0.000750307
49.11 12.2492 -0.109341 0.00585186 18.1708 0.0658793 -0.00076044
49.12 12.2495 -0.109121 0.00527405 18.1777 0.0658838 -0.000770587
49.13 12.2497 -0.108903 0.00469089 18.1846 0.0658884 -0.000780751
49.14 12.25 -0.108688 0.00410235 18.1915 0.0658929 -0.000790893
49.15 12.2503 -0.108478 0.00350841 18.1984 0.0658974 -0.000800993
49.16 12.2505 -0.108272 0.00290902 18.2053 0.0659018 -0.000811043
49.17 12.2508 -0.10807 0.00230423 18.2122 0.0659061 -0.000821078
49.18 12.251 -0.107872 0.00169411 18.2191 0.0659104 -0.00083114
49.19 12.2512 -0.107679 0.00107871 18.226 0.0659148 -0.000841245
49.2 12.2514 -0.107489 0.000458032 18.2329 0.0659191 -0.000851368
49.21 12.2517 -0.107304 -0.000168 18.2398 0.0659235 -0.000861469
49.22 12.2519 -0.107122 -0.000799541 18.2467 0.0659279 -0.000871523
49.23 12.2521 -0.106944 -0.00143674 18.2535 0.0659322 -0.00088152
49.24 12.2523 -0.106767 -0.0020797 18.2604 0.0659365 -0.00089149
49.25 12.2524 -0.106593 -0.00272843 18.2673 0.0659407 -0.000901462
49.26 12.2526 -0.106419 -0.00338292 18.2742 0.0659449 -0.000911473
49.27 12.2528 -0.106245 -0.00404316 18.2811 0.0659492 -0.000921518
49.28 12.253 -0.106071 -0.0047092 18.288 0.0659535 -0.000931569
49.29 12.2531 -0.105896 -0.00538116 18.2949 0.0659578 -0.000941582
49.3 12.2533 -0.105719 -0.00605919 18.3018 0.0659621 -0.000951537
49.31 12.2534 -0.10554 -0.00674338 18.3087 0.0659663 -0.000961439
49.32 12.2536 -0.105358 -0.00743374 18.3156 0.0659705 -0.000971354
49.33 12.2537 -0.105172 -0.00813017 18.3225 0.0659747 -0.000981344
49.34 12.2539 -0.104982 -0.00883256 18.3295 0.0659789 -0.000991359
49.35 12.254 -0.104788 -0.00954083 18.3364 0.0659832 -0.00100133
49.36 12.2541 -0.10459 -0.010255 18.3433 0.0659875 -0.00101123
49.37 12.2542 -0.104387 -0.010975 18.3502 0.0659919 -0.0010211
49.38 12.2544 -0.104181 -0.0117009 18.3571 0.0659962 -0.00103097
49.39 12.2545 -0.10397 -0.0124327 18.364 0.0660005 -0.00104082
49.4 12.2546 -0.103756 -0.0131702 18.3709 0.0660048 -0.00105063
49.41 12.2547 -0.103539 -0.0139133 18.3778 0.0660091 -0.00106043
49.42 12.2548 -0.10332 -0.0146616 18.3847 0.0660134 -0.00107024
49.43 12.2549 -0.103098 -0.015415 18.3916 0.0660178 -0.0010801
49.44 12.255 -0.102876 -0.0161735 18.3985 0.0660222 -0.00108997
49.45 12.2551 -0.102654 -0.0169369 18.4054 0.0660267 -0.00109978
49.46 12.2551 -0.102432 -0.0177053 18.4123 0.0660312 -0.00110948
49.47 12.2552 -0.102213 -0.0184785 18.4192 0.0660356 -0.0011191
49.48 12.2553 -0.101995 -0.0192564 18.4261 0.06604 -0.00112872
49.49 12.2554 -0.101781 -0.0200387 18.4331 0.0660445 -0.00113838
49.5 12.2554 -0.10157 -0.0208252 18.44 0.066049 -0.0011481
49.51 12.2555 -0.101364 -0.021616 18.4469 0.0660537 -0.00115782
49.52 12.2556 -0.101163 -0.0224109 18.4538 0.0660583 -0.00116747
49.53 12.2556 -0.100967 -0.0232099 18.4607 0.066063 -0.00117703
49.54 12.2557 -0.100779 -0.0240133 18.4676 0.0660677 -0.00118649
49.55 12.2558 -0.100596 -0.0248208 18.4745 0.0660724 -0.00119591
49.56 12.2558 -0.10042 -0.0256325 18.4814 0.0660771 -0.00120533
49.57 12.2559 -0.10025 -0.0264482 18.4884 0.0660818 -0.00121479
49.58 12.2559 -0.100086 -0.0272679 18.4953 0.0660866 -0.00122429
49.59 12.256 -0.0999275 -0.0280917 18.5022 0.0660916 -0.00123377
49.6 12.256 -0.0997751 -0.0289197 18.5091 0.0660966 -0.00124317
49.61 12.2561 -0.0996281 -0.029752 18.516 0.0661016 -0.00125245
49.62 12.2561 -0.0994858 -0.0305888 18.5229 0.0661066 -0.00126164
49.63 12.2562 -0.0993474 -0.03143 18.5299 0.0661116 -0.00127079
49.64 12.2562 -0.099212 -0.0322757 18.5368 0.0661166 -0.00127995
49.65 12.2563 -0.0990787 -0.0331259 18.5437 0.0661218 -0.00128918
49.66 12.2563 -0.0989469 -0.0339805 18.5506 0.066127 -0.00129842
49.67 12.2564 -0.0988162 -0.0348397 18.5575 0.0661324 -0.00130761
49.68 12.2564 -0.0986859 -0.0357036 18.5645 0.0661378 -0.0013167
49.69 12.2564 -0.0985555 -0.0365724 18.5714 0.0661432 -0.00132566
49.7 12.2565 -0.0984242 -0.0374459 18.5783 0.0661486 -0.00133452
49.71 12.2565 -0.0982913 -0.0383243 18.5852 0.0661541 -0.00134337
49.72 12.2566 -0.0981562 -0.0392074 18.5922 0.0661597 -0.00135226
49.73 12.2566 -0.0980186 -0.0400951 18.5991 0.0661653 -0.00136118
49.74 12.2567 -0.0978785 -0.0409873 18.606 0.0661711 -0.00137011
49.75 12.2567 -0.0977361 -0.0418842 18.6129 0.0661769 -0.00137896
49.76 12.2567 -0.0975915 -0.0427856 18.6198 0.0661829 -0.00138768
49.77 12.2568 -0.0974451 -0.0436916 18.6268 0.0661888 -0.00139626
49.78 12.2568 -0.097297 -0.044602 18.6337 0.0661948 -0.00140475
49.79 12.2569 -0.0971473 -0.0455167 18.6406 0.0662008 -0.00141324
49.8 12.2569 -0.0969966 -0.0464354 18.6476 0.066207 -0.00142178
49.81 12.257 -0.0968453 -0.047358 18.6545 0.0662132 -0.00143036
49.82 12.257 -0.0966944 -0.0482845 18.6614 0.0662196 -0.00143891
49.83 12.2571 -0.0965449 -0.0492147 18.6683 0.066226 -0.00144735
49.84 12.2571 -0.0963978 -0.0501484 18.6753 0.0662325 -0.00145561
49.85 12.2572 -0.0962537 -0.0510858 18.6822 0.0662391 -0.00146373
49.86 12.2572 -0.0961133 -0.0520265 18.6891 0.0662457 -0.00147179
49.87 12.2573 -0.0959771 -0.0529703 18.6961 0.0662524 -0.00147987
49.88 12.2573 -0.0958458 -0.0539172 18.703 0.0662592 -0.00148799
49.89 12.2574 -0.0957202 -0.054867 18.7099 0.0662661 -0.00149612
49.9 12.2574 -0.0956011 -0.0558197 18.7169 0.0662732 -0.00150419
49.91 12.2575 -0.0954893 -0.0567753 18.7238 0.0662803 -0.00151212
49.92 12.2576 -0.0953852 -0.0577337 18.7307 0.0662875 -0.00151987
49.93 12.2576 -0.0952889 -0.058695 18.7377 0.0662948 -0.00152749
49.94 12.2577 -0.0952003 -0.0596591 18.7446 0.0663021 -0.00153506
49.95 12.2578 -0.0951193 -0.0606259 18.7515 0.0663095 -0.00154266
49.96 12.2578 -0.0950456 -0.0615953 18.7585 0.066317 -0.0015503
49.97 12.2579 -0.0949791 -0.0625674 18.7654 0.0663247 -0.00155794
49.98 12.258 -0.0949198 -0.0635423 18.7723 0.0663325 -0.00156548
49.99 12.2581 -0.0948675 -0.0645201 18.7793 0.0663404 -0.00157284
50 12.2582 -0.0948214 -0.0655009 18.7862 0.0663483 -0.00158002
50.01 12.2583 -0.0947809 -0.0664847 18.7931 0.0663564 -0.00158708
50.02 12.2584 -0.0947448 -0.0674715 18.8001 0.0663645 -0.00159413
50.03 12.2585 -0.0947123 -0.0684613 18.807 0.0663727 -0.00160122
50.04 12.2586 -0.0946826 -0.0694542 18.814 0.0663811 -0.00160834
50.05 12.2587 -0.0946552 -0.0704502 18.8209 0.0663896 -0.00161543
50.06 12.2588 -0.0946297 -0.0714494 18.8278 0.0663982 -0.00162238
50.07 12.2589 -0.0946055 -0.072452 18.8348 0.0664069 -0.00162913
50.08 12.259 -0.0945819 -0.0734581 18.8417 0.0664157 -0.00163571
50.09 12.2591 -0.094558 -0.0744675 18.8487 0.0664246 -0.00164219
50.1 12.2592 -0.0945333 -0.0754802 18.8556 0.0664335 -0.00164868
50.11 12.2594 -0.0945072 -0.0764962 18.8626 0.0664427 -0.00165523
50.12 12.2595 -0.0944795 -0.0775154 18.8695 0.0664519 -0.00166179
50.13 12.2597 -0.0944505 -0.0785378 18.8764 0.0664613 -0.00166828
50.14 12.2598 -0.0944205 -0.0795634 18.8834 0.0664709 -0.00167459
50.15 12.2599 -0.0943897 -0.0805922 18.8903 0.0664805 -0.00168069
50.16 12.2601 -0.0943582 -0.0816242 18.8973 0.0664902 -0.00168663
50.17 12.2603 -0.0943262 -0.0826591 18.9042 0.0665 -0.00169251
50.18 12.2604 -0.0942939 -0.0836968 18.9112 0.0665099 -0.00169842
50.19 12.2606 -0.0942618 -0.0847372 18.9181 0.0665199 -0.00170438
50.2 12.2608 -0.0942309 -0.08578 18.9251 0.0665301 -0.00171032
50.21 12.2609 -0.0942021 -0.0868253 18.932 0.0665405 -0.00171616
50.22 12.2611 -0.0941764 -0.0878729 18.939 0.0665509 -0.00172179
50.23 12.2613 -0.0941548 -0.0889229 18.9459 0.0665615 -0.00172721
50.24 12.2615 -0.0941377 -0.0899749 18.9529 0.0665721 -0.00173248
50.25 12.2617 -0.0941255 -0.091029 18.9598 0.0665829 -0.00173775
50.26 12.2619 -0.0941187 -0.0920847 18.9668 0.0665938 -0.00174311
50.27 12.2621 -0.0941181 -0.0931421 18.9737 0.0666048 -0.0017485
50.28 12.2623 -0.0941246 -0.0942011 18.9807 0.066616 -0.0017538
50.29 12.2626 -0.094139 -0.0952617 18.9876 0.0666273 -0.0017589
50.3 12.2628 -0.0941617 -0.0963238 18.9946 0.0666388 -0.00176379
50.31 12.263 -0.0941931 -0.0973877 19.0015 0.0666503 -0.00176847
50.32 12.2633 -0.0942329 -0.0984531 19.0085 0.0666619 -0.00177299
50.33 12.2635 -0.0942808 -0.0995199 19.0154 0.0666736 -0.00177751
50.34 12.2638 -0.0943364 -0.100588 19.0224 0.0666855 -0.00178217
50.35 12.2641 -0.0943994 -0.101658 19.0293 0.0666976 -0.00178692
50.36 12.2643 -0.0944702 -0.102729 19.0363 0.0667098 -0.00179158
50.37 12.2646 -0.0945485 -0.103801 19.0433 0.0667222 -0.001796
50.38 12.2649 -0.0946341 -0.104875 19.0502 0.0667347 -0.00180013
50.39 12.2652 -0.0947258 -0.105951 19.0572 0.0667472 -0.0018041
50.4 12.2655 -0.0948228 -0.107029 19.0641 0.0667599 -0.00180802
50.41 12.2658 -0.0949239 -0.108108 19.0711 0.0667727 -0.001812
50.42 12.2662 -0.0950284 -0.109189 19.078 0.0667857 -0.00181601
50.43 12.2665 -0.0951358 -0.110272 19.085 0.0667988 -0.00182001
50.44 12.2668 -0.0952455 -0.111357 19.092 0.066812 -0.00182387
50.45 12.2672 -0.0953572 -0.112444 19.0989 0.0668254 -0.00182754
50.46 12.2675 -0.09547 -0.113532 19.1059 0.0668389 -0.001831
50.47 12.2679 -0.0955833 -0.114623 19.1129 0.0668525 -0.0018343
50.48 12.2682 -0.0956961 -0.115717 19.1198 0.0668661 -0.00183757
50.49 12.2686 -0.0958078 -0.116812 19.1268 0.0668799 -0.00184087
50.5 12.269 -0.0959181 -0.117908 19.1337 0.0668939 -0.00184421
50.51 12.2694 -0.0960271 -0.119007 19.1407 0.0669081 -0.00184752
50.52 12.2698 -0.0961349 -0.120108 19.1477 0.0669224 -0.0018507
50.53 12.2702 -0.096242 -0.12121 19.1546 0.0669368 -0.00185365
50.54 12.2706 -0.0963486 -0.122315 19.1616 0.0669514 -0.00185639
50.55 12.271 -0.0964546 -0.123421 19.1686 0.066966 -0.001859
50.56 12.2714 -0.0965603 -0.124528 19.1755 0.0669808 -0.0018616
50.57 12.2719 -0.0966659 -0.125638 19.1825 0.0669957 -0.00186427
50.58 12.2723 -0.0967721 -0.126748 19.1895 0.0670107 -0.001867
50.59 12.2727 -0.0968798 -0.127859 19.1964 0.0670259 -0.00186968
50.6 12.2732 -0.0969903 -0.128972 19.2034 0.0670412 -0.00187216
50.61 12.2737 -0.0971043 -0.130086 19.2104 0.0670567 -0.0018744
50.62 12.2741 -0.0972225 -0.131201 19.2173 0.0670722 -0.00187644
50.63 12.2746 -0.0973453 -0.132316 19.2243 0.0670879 -0.00187841
50.64 12.2751 -0.097473 -0.133432 19.2313 0.0671037 -0.00188042
50.65 12.2756 -0.0976062 -0.134549 19.2382 0.0671197 -0.00188252
50.66 12.2761 -0.0977456 -0.135666 19.2452 0.0671357 -0.00188464
50.67 12.2766 -0.0978921 -0.136783 19.2522 0.067152 -0.00188665
50.68 12.2771 -0.0980464 -0.137901 19.2592 0.0671683 -0.00188845
50.69 12.2777 -0.0982087 -0.139019 19.2661 0.0671848 -0.00189001
50.7 12.2782 -0.0983791 -0.140138 19.2731 0.0672014 -0.00189142
50.71 12.2788 -0.0985571 -0.141256 19.2801 0.0672181 -0.0018928
50.72 12.2793 -0.0987425 -0.142375 19.2871 0.0672349 -0.00189425
50.73 12.2799 -0.0989351 -0.143494 19.294 0.0672519 -0.00189578
50.74 12.2805 -0.0991347 -0.144613 19.301 0.067269 -0.00189729
50.75 12.281 -0.0993412 -0.145733 19.308 0.0672863 -0.00189867
50.76 12.2816 -0.0995544 -0.146853 19.315 0.0673037 -0.00189982
50.77 12.2822 -0.0997737 -0.147973 19.3219 0.0673211 -0.00190076
50.78 12.2828 -0.099998 -0.149094 19.3289 0.0673387 -0.00190159
50.79 12.2834 -0.100226 -0.150216 19.3359 0.0673565 -0.00190242
50.8 12.2841 -0.100458 -0.151338 19.3429 0.0673743 -0.00190334
50.81 12.2847 -0.100691 -0.15246 19.3498 0.0673923 -0.00190433
50.82 12.2853 -0.100927 -0.153584 19.3568 0.0674105 -0.00190528
50.83 12.286 -0.101164 -0.154708 19.3638 0.0674287 -0.00190607
50.84 12.2866 -0.101402 -0.155833 19.3708 0.0674471 -0.00190662
50.85 12.2873 -0.101641 -0.156959 19.3778 0.0674655 -0.00190695
50.86 12.288 -0.101879 -0.158086 19.3847 0.0674841 -0.00190713
50.87 12.2887 -0.102116 -0.159214 19.3917 0.0675028 -0.00190739
50.88 12.2893 -0.102351 -0.160343 19.3987 0.0675216 -0.00190783
50.89 12.29 -0.102583 -0.161472 19.4057 0.0675406 -0.0019084
50.9 12.2907 -0.102814 -0.162602 19.4127 0.0675597 -0.00190887
50.91 12.2915 -0.103044 -0.163734 19.4197 0.0675789 -0.00190907
50.92 12.2922 -0.103273 -0.164865 19.4266 0.0675982 -0.00190901
50.93 12.2929 -0.103501 -0.165998 19.4336 0.0676176 -0.0019088
50.94 12.2936 -0.103727 -0.167131 19.4406 0.0676371 -0.00190862
50.95 12.2944 -0.103953 -0.168264 19.4476 0.0676567 -0.00190855
50.96 12.2951 -0.104179 -0.169398 19.4546 0.0676765 -0.00190857
50.97 12.2959 -0.104405 -0.170532 19.4616 0.0676964 -0.00190857
50.98 12.2967 -0.104632 -0.171665 19.4686 0.0677164 -0.00190844
50.99 12.2975 -0.104862 -0.172799 19.4755 0.0677364 -0.00190812
51 12.2982 -0.105095 -0.173933 19.4825 0.0677566 -0.00190761
51.01 12.299 -0.105331 -0.175066 19.4895 0.0677769 -0.001907
51.02 12.2998 -0.105571 -0.176199 19.4965 0.0677973 -0.0019064
51.03 12.3007 -0.105816 -0.177331 19.5035 0.0678178 -0.00190589
51.04 12.3015 -0.106065 -0.178463 19.5105 0.0678385 -0.00190546
51.05 12.3023 -0.10632 -0.179593 19.5175 0.0678592 -0.00190502
51.06 12.3031 -0.106581 -0.180723 19.5245 0.06788 -0.00190446
51.07 12.304 -0.106849 -0.181853 19.5315 0.067901 -0.00190368
51.08 12.3048 -0.107123 -0.182981 19.5385 0.067922 -0.00190271
51.09 12.3057 -0.107404 -0.184109 19.5455 0.0679431 -0.00190167
51.1 12.3066 -0.107692 -0.185235 19.5524 0.0679644 -0.00190069
51.11 12.3074 -0.107985 -0.186361 19.5594 0.0679857 -0.00189983
51.12 12.3083 -0.108284 -0.187485 19.5664 0.0680072 -0.00189904
51.13 12.3092 -0.108588 -0.188609 19.5734 0.0680287 -0.00189821
51.14 12.3101 -0.108898 -0.189733 19.5804 0.0680503 -0.0018972
51.15 12.311 -0.109214 -0.190855 19.5874 0.0680721 -0.00189597
51.16 12.3119 -0.109533 -0.191977 19.5944 0.0680939 -0.00189459
51.17 12.3129 -0.109855 -0.193099 19.6014 0.0681158 -0.00189321
51.18 12.3138 -0.11018 -0.194219 19.6084 0.0681378 -0.00189193
51.19 12.3147 -0.110506 -0.19534 19.6154 0.0681599 -0.00189077
51.2 12.3157 -0.110833 -0.19646 19.6224 0.0681821 -0.00188965
51.21 12.3166 -0.111161 -0.19758 19.6294 0.0682044 -0.00188843
51.22 12.3176 -0.111489 -0.198699 19.6364 0.0682268 -0.00188702
51.23 12.3186 -0.111816 -0.199819 19.6434 0.0682492 -0.00188542
51.24 12.3196 -0.112142 -0.200938 19.6504 0.0682718 -0.00188373
51.25 12.3205 -0.112466 -0.202057 19.6574 0.0682944 -0.00188208
51.26 12.3215 -0.112787 -0.203176 19.6644 0.0683171 -0.00188056
51.27 12.3225 -0.113105 -0.204295 19.6714 0.0683399 -0.00187913
51.28 12.3235 -0.113421 -0.205414 19.6784 0.0683628 -0.0018777
51.29 12.3245 -0.113734 -0.206533 19.6854 0.0683857 -0.00187615
51.3 12.3256 -0.114044 -0.207651 19.6924 0.0684087 -0.00187442
51.31 12.3266 -0.114353 -0.208769 19.6994 0.0684318 -0.0018725
51.32 12.3276 -0.11466 -0.209887 19.7064 0.068455 -0.00187051
51.33 12.3287 -0.114964 -0.211004 19.7134 0.0684782 -0.00186859
51.34 12.3297 -0.115267 -0.212121 19.7204 0.0685016 -0.00186686
51.35 12.3307 -0.115568 -0.213237 19.7274 0.068525 -0.00186525
51.36 12.3318 -0.115869 -0.214352 19.7344 0.0685484 -0.00186359
51.37 12.3329 -0.116171 -0.215466 19.7414 0.0685719 -0.00186174
51.38 12.3339 -0.116475 -0.21658 19.7484 0.0685955 -0.00185968
51.39 12.335 -0.11678 -0.217692 19.7555 0.0686192 -0.00185751
51.4 12.3361 -0.117087 -0.218803 19.7625 0.0686429 -0.00185534
51.41 12.3372 -0.117397 -0.219912 19.7695 0.0686667 -0.00185324
51.42 12.3383 -0.11771 -0.22102 19.7765 0.0686906 -0.00185125
51.43 12.3394 -0.118026 -0.222126 19.7835 0.0687145 -0.00184936
51.44 12.3405 -0.118347 -0.22323 19.7905 0.0687385 -0.00184742
51.45 12.3416 -0.118672 -0.224333 19.7975 0.0687626 -0.00184532
51.46 12.3427 -0.119002 -0.225434 19.8045 0.0687867 -0.00184301
51.47 12.3439 -0.119337 -0.226534 19.8115 0.0688109 -0.0018406
51.48 12.345 -0.119677 -0.227631 19.8185 0.0688351 -0.00183823
51.49 12.3461 -0.120021 -0.228727 19.8255 0.0688594 -0.001836
51.5 12.3473 -0.12037 -0.229821 19.8326 0.0688838 -0.00183387
51.51 12.3484 -0.120722 -0.230913 19.8396 0.0689082 -0.00183174
51.52 12.3496 -0.121078 -0.232003 19.8466 0.0689326 -0.00182948
51.53 12.3508 -0.121438 -0.233092 19.8536 0.0689571 -0.00182704
51.54 12.3519 -0.121801 -0.234179 19.8606 0.0689817 -0.00182449
51.55 12.3531 -0.122166 -0.235265 19.8676 0.0690063 -0.00182191
51.56 12.3543 -0.122531 -0.236349 19.8746 0.0690309 -0.00181941
51.57 12.3555 -0.122898 -0.237432 19.8817 0.0690557 -0.001817
51.58 12.3567 -0.123263 -0.238513 19.8887 0.0690804 -0.00181465
51.59 12.3579 -0.123629 -0.239594 19.8957 0.0691052 -0.00181227
51.6 12.3591 -0.123993 -0.240673 19.9027 0.06913 -0.00180977
51.61 12.3603 -0.124355 -0.241751 19.9097 0.0691549 -0.00180713
51.62 12.3615 -0.124715 -0.242829 19.9167 0.0691798 -0.0018044
51.63 12.3627 -0.125072 -0.243905 19.9238 0.0692047 -0.00180167
51.64 12.3639 -0.125425 -0.24498 19.9308 0.0692297 -0.00179902
51.65 12.3652 -0.125774 -0.246055 19.9378 0.0692547 -0.00179647
51.66 12.3664 -0.126118 -0.247128 19.9448 0.0692798 -0.00179397
51.67 12.3676 -0.126459 -0.248201 19.9518 0.0693049 -0.00179142
51.68 12.3689 -0.126796 -0.249272 19.9589 0.06933 -0.00178873
51.69 12.3701 -0.127129 -0.250343 19.9659 0.0693551 -0.00178593
51.7 12.3714 -0.127458 -0.251412 19.9729 0.0693803 -0.00178306
51.71 12.3726 -0.127783 -0.252481 19.9799 0.0694055 -0.00178023
51.72 12.3739 -0.128105 -0.253548 19.9869 0.0694308 -0.0017775
51.73 12.3752 -0.128424 -0.254613 19.994 0.069456 -0.00177486
51.74 12.3764 -0.128741 -0.255677 20.001 0.0694813 -0.00177223
51.75 12.3777 -0.129055 -0.25674 20.008 0.0695066 -0.00176952
51.76 12.379 -0.129369 -0.257801 20.015 0.0695319 -0.00176668
51.77 12.3803 -0.129683 -0.25886 20.0221 0.0695573 -0.00176375
51.78 12.3816 -0.129997 -0.259917 20.0291 0.0695827 -0.0017608
51.79 12.3828 -0.130311 -0.260972 20.0361 0.0696081 -0.00175791
51.8 12.3841 -0.130626 -0.262025 20.0431 0.0696336 -0.00175512
51.81 12.3854 -0.130943 -0.263075 20.0502 0.0696591 -0.00175237
51.82 12.3868 -0.131261 -0.264124 20.0572 0.0696845 -0.00174961
51.83 12.3881 -0.131583 -0.26517 20.0642 0.06971 -0.00174675
51.84 12.3894 -0.131907 -0.266214 20.0713 0.0697355 -0.00174378
51.85 12.3907 -0.132234 -0.267255 20.0783 0.0697611 -0.00174076
51.86 12.392 -0.132564 -0.268294 20.0853 0.0697866 -0.00173774
51.87 12.3933 -0.132897 -0.269331 20.0923 0.0698122 -0.00173479
51.88 12.3947 -0.133232 -0.270365 20.0994 0.0698378 -0.0017319
51.89 12.396 -0.13357 -0.271397 20.1064 0.0698634 -0.00172904
51.9 12.3973 -0.13391 -0.272426 20.1134 0.069889 -0.00172614
51.91 12.3987 -0.134252 -0.273454 20.1205 0.0699146 -0.00172316
51.92 12.4 -0.134595 -0.274479 20.1275 0.0699402 -0.0017201
51.93 12.4014 -0.134939 -0.275502 20.1345 0.0699659 -0.001717
51.94 12.4027 -0.135283 -0.276523 20.1416 0.0699915 -0.00171392
51.95 12.4041 -0.135627 -0.277542 20.1486 0.0700172 -0.00171091
51.96 12.4054 -0.135969 -0.278559 20.1556 0.0700429 -0.00170795
51.97 12.4068 -0.136309 -0.279575 20.1627 0.0700685 -0.001705
51.98 12.4082 -0.136647 -0.280588 20.1697 0.0700942 -0.00170201
51.99 12.4095 -0.136981 -0.281601 20.1767 0.0701198 -0.00169894
52 12.4109 -0.137312 -0.282611 20.1838 0.0701455 -0.00169582
52.01 12.4123 -0.137639 -0.28362 20.1908 0.0701712 -0.00169269
52.02 12.4137 -0.137961 -0.284628 20.1978 0.0701969 -0.0016896
52.03 12.415 -0.138278 -0.285634 20.2049 0.0702226 -0.00168657
52.04 12.4164 -0.138589 -0.286638 20.2119 0.0702482 -0.00168359
52.05 12.4178 -0.138895 -0.287641 20.2189 0.0702739 -0.00168059
52.06 12.4192 -0.139195 -0.288642 20.226 0.0702995 -0.00167755
52.07 12.4206 -0.139489 -0.289642 20.233 0.0703251 -0.00167444
52.08 12.422 -0.139778 -0.290641 20.2401 0.0703508 -0.00167132
52.09 12.4234 -0.140062 -0.291637 20.2471 0.0703764 -0.00166822
52.1 12.4248 -0.140341 -0.292632 20.2541 0.0704021 -0.00166517
52.11 12.4262 -0.140615 -0.293625 20.2612 0.0704277 -0.00166215
52.12 12.4276 -0.140884 -0.294616 20.2682 0.0704533 -0.00165911
52.13 12.429 -0.141151 -0.295605 20.2753 0.0704789 -0.00165601
52.14 12.4304 -0.141414 -0.296592 20.2823 0.0705045 -0.00165288
52.15 12.4318 -0.141675 -0.297577 20.2893 0.07053 -0.00164981
52.16 12.4332 -0.141933 -0.298559 20.2964 0.0705556 -0.00164678
52.17 12.4346 -0.142191 -0.299539 20.3034 0.0705812 -0.00164375
52.18 12.436 -0.142448 -0.300517 20.3105 0.0706067 -0.00164067
52.19 12.4374 -0.142704 -0.301492 20.3175 0.0706322 -0.00163754
52.2 12.4388 -0.142961 -0.302464 20.3246 0.0706577 -0.00163442
52.21 12.4403 -0.143218 -0.303434 20.3316 0.0706832 -0.00163138
52.22 12.4417 -0.143476 -0.304401 20.3386 0.0707086 -0.00162837
52.23 12.4431 -0.143735 -0.305366 20.3457 0.0707341 -0.00162533
52.24 12.4445 -0.143996 -0.306327 20.3527 0.0707595 -0.00162223
52.25 12.446 -0.144258 -0.307286 20.3598 0.0707849 -0.00161909
52.26 12.4474 -0.144522 -0.308242 20.3668 0.0708103 -0.00161599
52.27 12.4489 -0.144786 -0.309196 20.3739 0.0708357 -0.00161293
52.28 12.4503 -0.145052 -0.310147 20.3809 0.070861 -0.00160989
52.29 12.4517 -0.145318 -0.311095 20.388 0.0708863 -0.00160681
52.3 12.4532 -0.145584 -0.312041 20.395 0.0709115 -0.00160371
52.31 12.4546 -0.14585 -0.312985 20.4021 0.0709368 -0.0016006
52.32 12.4561 -0.146115 -0.313926 20.4091 0.070962 -0.00159752
52.33 12.4575 -0.146379 -0.314865 20.4162 0.0709872 -0.00159445
52.34 12.459 -0.146641 -0.315802 20.4232 0.0710124 -0.00159139
52.35 12.4604 -0.1469 -0.316736 20.4303 0.0710375 -0.0015883
52.36 12.4619 -0.147156 -0.317669 20.4373 0.0710626 -0.00158521
52.37 12.4633 -0.147408 -0.3186 20.4444 0.0710876 -0.00158213
52.38 12.4648 -0.147656 -0.31953 20.4514 0.0711127 -0.00157908
52.39 12.4662 -0.147898 -0.320457 20.4585 0.0711377 -0.00157605
52.4 12.4677 -0.148134 -0.321383 20.4655 0.0711626 -0.00157304
52.41 12.4691 -0.148365 -0.322307 20.4726 0.0711876 -0.00157001
52.42 12.4706 -0.148589 -0.323229 20.4796 0.0712125 -0.00156696
52.43 12.472 -0.148807 -0.32415 20.4867 0.0712373 -0.0015639
52.44 12.4735 -0.149018 -0.325069 20.4937 0.0712621 -0.00156087
52.45 12.475 -0.149222 -0.325986 20.5008 0.0712868 -0.00155788
52.46 12.4764 -0.14942 -0.326901 20.5078 0.0713115 -0.00155493
52.47 12.4779 -0.14961 -0.327815 20.5149 0.0713363 -0.001552
52.48 12.4794 -0.149795 -0.328727 20.522 0.0713609 -0.00154906
52.49 12.4808 -0.149973 -0.329636 20.529 0.0713856 -0.00154609
52.5 12.4823 -0.150146 -0.330544 20.5361 0.0714101 -0.00154311
52.51 12.4838 -0.150314 -0.331449 20.5431 0.0714346 -0.00154012
52.52 12.4852 -0.150477 -0.332352 20.5502 0.0714591 -0.00153718
52.53 12.4867 -0.150636 -0.333253 20.5572 0.0714835 -0.00153428
52.54 12.4882 -0.150791 -0.334151 20.5643 0.071508 -0.00153144
52.55 12.4896 -0.150944 -0.335047 20.5714 0.0715324 -0.0015286
52.56 12.4911 -0.151094 -0.33594 20.5784 0.0715567 -0.00152575
52.57 12.4926 -0.151243 -0.33683 20.5855 0.071581 -0.00152283
52.58 12.4941 -0.151391 -0.337718 20.5925 0.0716052 -0.0015199
52.59 12.4955 -0.151538 -0.338603 20.5996 0.0716294 -0.00151698
52.6 12.497 -0.151685 -0.339485 20.6067 0.0716535 -0.00151411
52.61 12.4985 -0.151831 -0.340364 20.6137 0.0716776 -0.00151131
52.62 12.5 -0.151978 -0.34124 20.6208 0.0717017 -0.00150854
52.63 12.5014 -0.152125 -0.342114 20.6279 0.0717257 -0.00150577
52.64 12.5029 -0.152273 -0.342984 20.6349 0.0717497 -0.00150294
52.65 12.5044 -0.152422 -0.343852 20.642 0.0717737 -0.00150006
52.66 12.5059 -0.15257 -0.344717 20.649 0.0717975 -0.00149715
52.67 12.5074 -0.152719 -0.34558 20.6561 0.0718213 -0.00149429
52.68 12.5089 -0.152868 -0.34644 20.6632 0.0718451 -0.0014915
52.69 12.5103 -0.153016 -0.347297 20.6702 0.0718688 -0.00148878
52.7 12.5118 -0.153162 -0.348153 20.6773 0.0718925 -0.00148608
52.71 12.5133 -0.153307 -0.349005 20.6844 0.0719161 -0.00148334
52.72 12.5148 -0.15345 -0.349856 20.6914 0.0719397 -0.00148053
52.73 12.5163 -0.15359 -0.350705 20.6985 0.0719632 -0.00147767
52.74 12.5178 -0.153727 -0.351551 20.7056 0.0719866 -0.00147481
52.75 12.5193 -0.153859 -0.352396 20.7126 0.07201 -0.00147201
52.76 12.5208 -0.153986 -0.353239 20.7197 0.0720333 -0.00146931
52.77 12.5222 -0.154108 -0.35408 20.7268 0.0720566 -0.00146666
52.78 12.5237 -0.154224 -0.354919 20.7338 0.0720799 -0.00146402
52.79 12.5252 -0.154334 -0.355757 20.7409 0.0721031 -0.00146132
52.8 12.5267 -0.154438 -0.356593 20.748 0.0721263 -0.00145854
52.81 12.5282 -0.154534 -0.357428 20.7551 0.0721493 -0.0014557
52.82 12.5297 -0.154624 -0.35826 20.7621 0.0721723 -0.00145289
52.83 12.5312 -0.154705 -0.359092 20.7692 0.0721952 -0.00145018
52.84 12.5327 -0.15478 -0.359921 20.7763 0.0722181 -0.00144755
52.85 12.5341 -0.154847 -0.360749 20.7833 0.072241 -0.00144494
52.86 12.5356 -0.154908 -0.361575 20.7904 0.0722638 -0.00144223
52.87 12.5371 -0.154962 -0.362399 20.7975 0.0722866 -0.00143944
52.88 12.5386 -0.15501 -0.363222 20.8046 0.0723092 -0.00143666
52.89 12.5401 -0.155052 -0.364042 20.8116 0.0723318 -0.00143392
52.9 12.5416 -0.155089 -0.364861 20.8187 0.0723543 -0.00143119
52.91 12.5431 -0.155121 -0.365677 20.8258 0.0723767 -0.00142849
52.92 12.5446 -0.155149 -0.366491 20.8329 0.0723992 -0.00142581
52.93 12.546 -0.155174 -0.367302 20.8399 0.0724216 -0.00142317
52.94 12.5475 -0.155196 -0.368111 20.847 0.072444 -0.00142052
52.95 12.549 -0.155216 -0.368918 20.8541 0.0724663 -0.0014178
52.96 12.5505 -0.155236 -0.369722 20.8612 0.0724885 -0.00141497
52.97 12.552 -0.155254 -0.370524 20.8682 0.0725106 -0.00141206
52.98 12.5535 -0.155272 -0.371323 20.8753 0.0725326 -0.00140919
52.99 12.555 -0.15529 -0.37212 20.8824 0.0725546 -0.00140643
53 12.5565 -0.155308 -0.372914 20.8895 0.0725765 -0.00140378
53.01 12.558 -0.155326 -0.373705 20.8965 0.0725984 -0.00140114
53.02 12.5595 -0.155345 -0.374493 20.9036 0.0726202 -0.00139838
53.03 12.5609 -0.155366 -0.375279 20.9107 0.072642 -0.00139545
53.04 12.5624 -0.155388 -0.376063 20.9178 0.0726636 -0.00139242
53.05 12.5639 -0.15541 -0.376844 20.9249 0.0726852 -0.0013894
53.06 12.5654 -0.155431 -0.377623 20.9319 0.0727066 -0.00138648
53.07 12.5669 -0.155453 -0.378399 20.939 0.0727281 -0.00138368
53.08 12.5684 -0.155474 -0.379174 20.9461 0.0727495 -0.00138092
53.09 12.5699 -0.155494 -0.379946 20.9532 0.0727708 -0.00137811
53.1 12.5714 -0.155513 -0.380716 20.9603 0.0727921 -0.00137516
53.11 12.5729 -0.15553 -0.381485 20.9674 0.0728132 -0.00137206
53.12 12.5744 -0.155544 -0.382251 20.9744 0.0728343 -0.00136889
53.13 12.5759 -0.155555 -0.383016 20.9815 0.0728552 -0.00136577
53.14 12.5773 -0.155561 -0.38378 20.9886 0.0728761 -0.00136276
53.15 12.5788 -0.155562 -0.384542 20.9957 0.072897 -0.00135986
53.16 12.5803 -0.155558 -0.385303 21.0028 0.0729177 -0.00135697
53.17 12.5818 -0.155549 -0.386062 21.0099 0.0729385 -0.00135399
53.18 12.5833 -0.155534 -0.386819 21.0169 0.0729591 -0.00135086
53.19 12.5848 -0.155513 -0.387576 21.024 0.0729796 -0.00134759
53.2 12.5863 -0.155485 -0.388331 21.0311 0.073 -0.00134428
53.21 12.5878 -0.15545 -0.389085 21.0382 0.0730203 -0.00134105
53.22 12.5892 -0.155408 -0.389838 21.0453 0.0730406 -0.00133795
53.23 12.5907 -0.155359 -0.39059 21.0524 0.0730607 -0.00133494
53.24 12.5922 -0.155303 -0.39134 21.0595 0.0730809 -0.0013319
53.25 12.5937 -0.155241 -0.392088 21.0666 0.0731009 -0.00132874
53.26 12.5952 -0.155173 -0.392836 21.0736 0.0731209 -0.00132541
53.27 12.5967 -0.1551 -0.393581 21.0807 0.0731407 -0.00132196
53.28 12.5981 -0.155022 -0.394326 21.0878 0.0731604 -0.0013185
53.29 12.5996 -0.154939 -0.395068 21.0949 0.07318 -0.00131514
53.3 12.6011 -0.154852 -0.395809 21.102 0.0731995 -0.00131192
53.31 12.6026 -0.154761 -0.396548 21.1091 0.073219 -0.00130877
53.32 12.6041 -0.154668 -0.397285 21.1162 0.0732384 -0.00130556
53.33 12.6056 -0.154573 -0.398021 21.1233 0.0732577 -0.00130217
53.34 12.607 -0.154477 -0.398754 21.1304 0.0732769 -0.0012986
53.35 12.6085 -0.154381 -0.399485 21.1375 0.073296 -0.00129493
53.36 12.61 -0.154284 -0.400215 21.1446 0.0733149 -0.00129131
53.37 12.6115 -0.154187 -0.400942 21.1517 0.0733338 -0.00128782
53.38 12.613 -0.154091 -0.401668 21.1587 0.0733526 -0.00128445
53.39 12.6145 -0.153995 -0.402391 21.1658 0.0733713 -0.0012811
53.4 12.6159 -0.153901 -0.403112 21.1729 0.0733899 -0.00127765
53.41 12.6174 -0.153809 -0.403831 21.18 0.0734085 -0.001274
53.42 12.6189 -0.153718 -0.404549 21.1871 0.0734268 -0.00127019
53.43 12.6204 -0.153628 -0.405264 21.1942 0.0734451 -0.00126631
53.44 12.6219 -0.15354 -0.405978 21.2013 0.0734632 -0.00126252
53.45 12.6233 -0.153451 -0.406691 21.2084 0.0734813 -0.00125888
53.46 12.6248 -0.153362 -0.407401 21.2155 0.0734992 -0.00125534
53.47 12.6263 -0.153273 -0.40811 21.2226 0.0735171 -0.00125179
53.48 12.6278 -0.153184 -0.408818 21.2297 0.0735349 -0.00124809
53.49 12.6292 -0.153094 -0.409524 21.2368 0.0735526 -0.00124418
53.5 12.6307 -0.153002 -0.410229 21.2439 0.0735701 -0.00124013
53.51 12.6322 -0.152908 -0.410933 21.251 0.0735875 -0.00123609
53.52 12.6337 -0.15281 -0.411636 21.2581 0.0736048 -0.00123216
53.53 12.6351 -0.152708 -0.412339 21.2652 0.073622 -0.00122838
53.54 12.6366 -0.152602 -0.41304 21.2723 0.0736392 -0.00122469
53.55 12.6381 -0.152491 -0.41374 21.2794 0.0736563 -0.00122094
53.56 12.6395 -0.152375 -0.41444 21.2865 0.0736732 -0.00121702
53.57 12.641 -0.152254 -0.415139 21.2936 0.07369 -0.00121289
53.58 12.6425 -0.152127 -0.415837 21.3007 0.0737066 -0.00120866
53.59 12.6439 -0.151995 -0.416535 21.3078 0.0737232 -0.00120447
53.6 12.6454 -0.151855 -0.417232 21.3149 0.0737396 -0.00120045
53.61 12.6469 -0.151709 -0.417928 21.322 0.0737559 -0.00119657
53.62 12.6483 -0.151556 -0.418623 21.3291 0.0737722 -0.00119275
53.63 12.6498 -0.151398 -0.419318 21.3362 0.0737884 -0.00118882
53.64 12.6513 -0.151235 -0.420012 21.3433 0.0738044 -0.00118467
53.65 12.6527 -0.151068 -0.420705 21.3504 0.0738203 -0.00118032
53.66 12.6542 -0.150896 -0.421397 21.3575 0.0738361 -0.00117593
53.67 12.6557 -0.15072 -0.422088 21.3646 0.0738517 -0.00117165
53.68 12.6571 -0.150539 -0.422778 21.3717 0.0738673 -0.00116755
53.69 12.6586 -0.150356 -0.423466 21.3789 0.0738828 -0.00116358
53.7 12.66 -0.15017 -0.424154 21.386 0.0738981 -0.0011596
53.71 12.6615 -0.149984 -0.424839 21.3931 0.0739134 -0.00115549
53.72 12.663 -0.149797 -0.425524 21.4002 0.0739286 -0.00115116
53.73 12.6644 -0.149611 -0.426207 21.4073 0.0739436 -0.00114666
53.74 12.6659 -0.149425 -0.426889 21.4144 0.0739584 -0.00114212
53.75 12.6673 -0.14924 -0.42757 21.4215 0.0739731 -0.00113773
53.76 12.6688 -0.149055 -0.428249 21.4286 0.0739877 -0.00113354
53.77 12.6702 -0.148873 -0.428926 21.4357 0.0740023 -0.00112947
53.78 12.6717 -0.148692 -0.429602 21.4428 0.0740167 -0.00112533
53.79 12.6731 -0.148514 -0.430277 21.4499 0.074031 -0.001121
53.8 12.6746 -0.148339 -0.43095 21.457 0.0740452 -0.00111645
53.81 12.676 -0.148167 -0.431622 21.4642 0.0740592 -0.00111179
53.82 12.6775 -0.147996 -0.432292 21.4713 0.0740731 -0.0011072
53.83 12.6789 -0.147827 -0.432962 21.4784 0.0740868 -0.00110278
53.84 12.6804 -0.147658 -0.43363 21.4855 0.0741005 -0.00109854
53.85 12.6818 -0.14749 -0.434297 21.4926 0.0741141 -0.00109436
53.86 12.6833 -0.147323 -0.434963 21.4997 0.0741275 -0.00109007
53.87 12.6847 -0.147157 -0.435629 21.5068 0.0741408 -0.00108556
53.88 12.6862 -0.14699 -0.436294 21.5139 0.074154 -0.00108087
53.89 12.6876 -0.146822 -0.436958 21.5211 0.074167 -0.00107613
53.9 12.689 -0.146652 -0.437621 21.5282 0.0741798 -0.00107152
53.91 12.6905 -0.146478 -0.438284 21.5353 0.0741926 -0.0010671
53.92 12.6919 -0.146301 -0.438947 21.5424 0.0742052 -0.00106283
53.93 12.6934 -0.14612 -0.43961 21.5495 0.0742177 -0.00105856
53.94 12.6948 -0.145935 -0.440272 21.5566 0.0742301 -0.00105414
53.95 12.6962 -0.145747 -0.440934 21.5638 0.0742424 -0.00104952
53.96 12.6977 -0.145553 -0.441595 21.5709 0.0742545 -0.00104475
53.97 12.6991 -0.145355 -0.442257 21.578 0.0742665 -0.00103999
53.98 12.7005 -0.145151 -0.442919 21.5851 0.0742783 -0.00103538
53.99 12.7019 -0.144941 -0.44358 21.5922 0.07429 -0.00103098
54 12.7034 -0.144725 -0.444241 21.5993 0.0743015 -0.00102669
54.01 12.7048 -0.144505 -0.444902 21.6065 0.074313 -0.00102235
54.02 12.7062 -0.14428 -0.445563 21.6136 0.0743243 -0.00101783
54.03 12.7076 -0.144052 -0.446224 21.6207 0.0743355 -0.00101311
54.04 12.7091 -0.14382 -0.446884 21.6278 0.0743465 -0.00100829
54.05 12.7105 -0.143585 -0.447544 21.6349 0.0743574 -0.00100354
54.06 12.7119 -0.143346 -0.448204 21.6421 0.0743681 -0.000998977
54.07 12.7133 -0.143105 -0.448862 21.6492 0.0743787 -0.000994587
54.08 12.7147 -0.142862 -0.44952 21.6563 0.0743892 -0.000990264
54.09 12.7162 -0.142619 -0.450178 21.6634 0.0743996 -0.000985841
54.1 12.7176 -0.142377 -0.450834 21.6705 0.0744098 -0.000981227
54.11 12.719 -0.142136 -0.45149 21.6777 0.0744198 -0.000976432
54.12 12.7204 -0.141896 -0.452145 21.6848 0.0744297 -0.000971596
54.13 12.7218 -0.141657 -0.452799 21.6919 0.0744395 -0.000966862
54.14 12.7232 -0.14142 -0.453452 21.699 0.0744491 -0.000962325
54.15 12.7246 -0.141186 -0.454103 21.7062 0.0744585 -0.000957942
54.16 12.726 -0.140954 -0.454754 21.7133 0.0744679 -0.000953575
54.17 12.7275 -0.140726 -0.455404 21.7204 0.0744771 -0.000949069
54.18 12.7289 -0.140501 -0.456052 21.7275 0.0744861 -0.000944355
54.19 12.7303 -0.14028 -0.4567 21.7347 0.074495 -0.0009395
54.2 12.7317 -0.140062 -0.457347 21.7418 0.0745038 -0.000934652
54.21 12.7331 -0.139847 -0.457993 21.7489 0.0745124 -0.000929963
54.22 12.7345 -0.139633 -0.458638 21.756 0.0745208 -0.000925462
54.23 12.7359 -0.139421 -0.459282 21.7632 0.0745292 -0.000921078
54.24 12.7373 -0.13921 -0.459925 21.7703 0.0745373 -0.000916641
54.25 12.7387 -0.139002 -0.460568 21.7774 0.0745454 -0.000912032
54.26 12.7401 -0.138794 -0.46121 21.7845 0.0745533 -0.000907222
54.27 12.7415 -0.138586 -0.461852 21.7917 0.0745611 -0.000902332
54.28 12.7429 -0.138378 -0.462494 21.7988 0.0745687 -0.000897521
54.29 12.7443 -0.138167 -0.463135 21.8059 0.0745762 -0.00089289
54.3 12.7457 -0.137955 -0.463776 21.8131 0.0745835 -0.000888417
54.31 12.747 -0.137739 -0.464417 21.8202 0.0745906 -0.000883986
54.32 12.7484 -0.137521 -0.465057 21.8273 0.0745976 -0.000879466
54.33 12.7498 -0.137301 -0.465698 21.8344 0.0746045 -0.000874769
54.34 12.7512 -0.137076 -0.466339 21.8416 0.0746112 -0.000869932
54.35 12.7526 -0.136848 -0.466979 21.8487 0.0746178 -0.00086505
54.36 12.754 -0.136616 -0.46762 21.8558 0.0746243 -0.000860264
54.37 12.7554 -0.136379 -0.46826 21.863 0.0746306 -0.000855633
54.38 12.7568 -0.136138 -0.468901 21.8701 0.0746367 -0.000851138
54.39 12.7581 -0.135892 -0.469541 21.8772 0.0746427 -0.000846657
54.4 12.7595 -0.135644 -0.470182 21.8844 0.0746486 -0.000842065
54.41 12.7609 -0.135392 -0.470822 21.8915 0.0746543 -0.000837292
54.42 12.7623 -0.135139 -0.471462 21.8986 0.0746599 -0.000832382
54.43 12.7637 -0.134882 -0.472102 21.9058 0.0746653 -0.000827468
54.44 12.765 -0.134624 -0.472741 21.9129 0.0746706 -0.000822673
54.45 12.7664 -0.134365 -0.47338 21.92 0.0746757 -0.00081805
54.46 12.7678 -0.134104 -0.474019 21.9272 0.0746807 -0.000813523
54.47 12.7692 -0.133844 -0.474657 21.9343 0.0746856 -0.000808967
54.48 12.7705 -0.133585 -0.475294 21.9414 0.0746903 -0.000804248
54.49 12.7719 -0.133329 -0.475931 21.9486 0.0746948 -0.000799358
54.5 12.7733 -0.133074 -0.476567 21.9557 0.0746992 -0.00079437
54.51 12.7747 -0.132823 -0.477203 21.9628 0.0747035 -0.000789429
54.52 12.776 -0.132574 -0.477837 21.97 0.0747077 -0.000784647
54.53 12.7774 -0.132328 -0.478471 21.9771 0.0747117 -0.000780053
54.54 12.7788 -0.132086 -0.479104 21.9843 0.0747155 -0.000775499
54.55 12.7801 -0.131848 -0.479736 21.9914 0.0747192 -0.000770803
54.56 12.7815 -0.131616 -0.480367 21.9985 0.0747227 -0.0007659
54.57 12.7829 -0.131388 -0.480997 22.0057 0.0747262 -0.000760856
54.58 12.7842 -0.131164 -0.481627 22.0128 0.0747294 -0.000755817
54.59 12.7856 -0.130944 -0.482255 22.02 0.0747326 -0.000750878
54.6 12.787 -0.130727 -0.482883 22.0271 0.0747356 -0.00074607
54.61 12.7883 -0.130513 -0.48351 22.0342 0.0747384 -0.00074133
54.62 12.7897 -0.130302 -0.484137 22.0414 0.0747411 -0.000736584
54.63 12.791 -0.130094 -0.484763 22.0485 0.0747437 -0.000731741
54.64 12.7924 -0.129888 -0.485388 22.0557 0.0747461 -0.000726767
54.65 12.7938 -0.129683 -0.486013 22.0628 0.0747484 -0.000721677
54.66 12.7951 -0.129479 -0.486637 22.0699 0.0747506 -0.00071656
54.67 12.7965 -0.129275 -0.487261 22.0771 0.0747526 -0.00071152
54.68 12.7978 -0.12907 -0.487884 22.0842 0.0747545 -0.000706607
54.69 12.7992 -0.128863 -0.488507 22.0914 0.0747562 -0.00070179
54.7 12.8005 -0.128655 -0.48913 22.0985 0.0747578 -0.000696949
54.71 12.8019 -0.128445 -0.489753 22.1057 0.0747593 -0.000691984
54.72 12.8032 -0.128233 -0.490376 22.1128 0.0747606 -0.000686846
54.73 12.8046 -0.128018 -0.490999 22.1199 0.0747618 -0.000681612
54.74 12.8059 -0.127801 -0.491621 22.1271 0.0747629 -0.000676392
54.75 12.8072 -0.12758 -0.492243 22.1342 0.0747639 -0.0006713
54.76 12.8086 -0.127356 -0.492865 22.1414 0.0747647 -0.000666331
54.77 12.8099 -0.127129 -0.493487 22.1485 0.0747653 -0.000661407
54.78 12.8113 -0.1269 -0.494108 22.1557 0.0747658 -0.000656399
54.79 12.8126 -0.126669 -0.494729 22.1628 0.0747662 -0.000651237
54.8 12.8139 -0.126436 -0.49535 22.17 0.0747665 -0.000645936
54.81 12.8153 -0.126202 -0.49597 22.1771 0.0747666 -0.000640586
54.82 12.8166 -0.125968 -0.49659 22.1843 0.0747666 -0.000635299
54.83 12.818 -0.125732 -0.497209 22.1914 0.0747665 -0.000630124
54.84 12.8193 -0.125497 -0.497827 22.1986 0.0747663 -0.000625041
54.85 12.8206 -0.125262 -0.498444 22.2057 0.0747658 -0.000619944
54.86 12.822 -0.12503 -0.499061 22.2129 0.0747653 -0.000614756
54.87 12.8233 -0.1248 -0.499677 22.22 0.0747646 -0.000609422
54.88 12.8246 -0.124574 -0.500291 22.2272 0.0747638 -0.000603986
54.89 12.8259 -0.12435 -0.500905 22.2343 0.074763 -0.000598521
54.9 12.8273 -0.124131 -0.501517 22.2415 0.074762 -0.000593123
54.91 12.8286 -0.123915 -0.502128 22.2486 0.0747608 -0.000587826
54.92 12.8299 -0.123704 -0.502738 22.2558 0.0747595 -0.000582598
54.93 12.8313 -0.123498 -0.503347 22.2629 0.0747581 -0.00057735
54.94 12.8326 -0.123297 -0.503954 22.2701 0.0747565 -0.000571988
54.95 12.8339 -0.123102 -0.50456 22.2772 0.0747548 -0.000566487
54.96 12.8352 -0.122911 -0.505165 22.2844 0.0747531 -0.000560887
54.97 12.8365 -0.122726 -0.505769 22.2915 0.0747512 -0.000555297
54.98 12.8379 -0.122544 -0.506372 22.2987 0.0747492 -0.000549785
54.99 12.8392 -0.122367 -0.506973 22.3058 0.0747471 -0.000544386
55 12.8405 -0.122193 -0.507574 22.313 0.0747448 -0.000539029
55.01 12.8418 -0.122023 -0.508173 22.3201 0.0747424 -0.000533624
55.02 12.8431 -0.121856 -0.508772 22.3273 0.0747399 -0.000528084
55.03 12.8445 -0.121692 -0.50937 22.3344 0.0747373 -0.000522415
55.04 12.8458 -0.12153 -0.509968 22.3416 0.0747346 -0.000516686
55.05 12.8471 -0.121368 -0.510564 22.3488 0.0747318 -0.000511
55.06 12.8484 -0.121207 -0.51116 22.3559 0.0747288 -0.000505424
55.07 12.8497 -0.121046 -0.511755 22.3631 0.0747258 -0.000499935
55.08 12.851 -0.120884 -0.51235 22.3702 0.0747226 -0.000494456
55.09 12.8523 -0.120721 -0.512944 22.3774 0.0747192 -0.000488932
55.1 12.8536 -0.120557 -0.513538 22.3845 0.0747158 -0.000483361
55.11 12.8549 -0.120392 -0.514131 22.3917 0.0747123 -0.000477678
55.12 12.8562 -0.120225 -0.514723 22.3989 0.0747087 -0.000471887
55.13 12.8575 -0.120056 -0.515315 22.406 0.074705 -0.00046609
55.14 12.8589 -0.119885 -0.515906 22.4132 0.0747012 -0.000460424
55.15 12.8602 -0.119711 -0.516497 22.4203 0.0746973 -0.000454895
55.16 12.8615 -0.119536 -0.517087 22.4275 0.0746932 -0.000449397
55.17 12.8628 -0.119359 -0.517676 22.4346 0.0746891 -0.000443794
55.18 12.8641 -0.119182 -0.518265 22.4418 0.0746848 -0.000438043
55.19 12.8654 -0.119004 -0.518852 22.449 0.0746805 -0.000432214
55.2 12.8667 -0.118826 -0.519439 22.4561 0.0746761 -0.000426417
55.21 12.868 -0.118648 -0.520024 22.4633 0.0746716 -0.000420737
55.22 12.8693 -0.11847 -0.520608 22.4704 0.074667 -0.000415158
55.23 12.8706 -0.118294 -0.521191 22.4776 0.0746623 -0.000409626
55.24 12.8718 -0.11812 -0.521772 22.4848 0.0746574 -0.000404046
55.25 12.8731 -0.117949 -0.522352 22.4919 0.0746525 -0.000398382
55.26 12.8744 -0.117781 -0.52293 22.4991 0.0746474 -0.000392632
55.27 12.8757 -0.117617 -0.523507 22.5063 0.0746424 -0.000386863
55.28 12.877 -0.117457 -0.524082 22.5134 0.0746373 -0.000381141
55.29 12.8783 -0.117301 -0.524655 22.5206 0.0746321 -0.000375514
55.3 12.8796 -0.11715 -0.525226 22.5278 0.0746267 -0.000369972
55.31 12.8809 -0.117005 -0.525795 22.5349 0.0746213 -0.000364484
55.32 12.8822 -0.116864 -0.526362 22.5421 0.0746158 -0.000359012
55.33 12.8835 -0.11673 -0.526927 22.5492 0.0746102 -0.000353446
55.34 12.8848 -0.116601 -0.52749 22.5564 0.0746045 -0.000347749
55.35 12.8861 -0.116478 -0.528052 22.5636 0.0745988 -0.00034199
55.36 12.8873 -0.11636 -0.528611 22.5707 0.074593 -0.000336319
55.37 12.8886 -0.116247 -0.529168 22.5779 0.0745872 -0.000330802
55.38 12.8899 -0.116138 -0.529724 22.5851 0.0745812 -0.000325408
55.39 12.8912 -0.116033 -0.530278 22.5922 0.0745751 -0.000320011
55.4 12.8925 -0.115932 -0.53083 22.5994 0.0745689 -0.000314526
55.41 12.8938 -0.115835 -0.53138 22.6066 0.0745627 -0.000308941
55.42 12.895 -0.11574 -0.531929 22.6137 0.0745565 -0.000303332
55.43 12.8963 -0.115647 -0.532476 22.6209 0.0745502 -0.000297789
55.44 12.8976 -0.115556 -0.533022 22.6281 0.0745439 -0.000292352
55.45 12.8989 -0.115466 -0.533566 22.6353 0.0745375 -0.000287012
55.46 12.9001 -0.115376 -0.534109 22.6424 0.0745309 -0.000281706
55.47 12.9014 -0.115286 -0.53465 22.6496 0.0745243 -0.000276391
55.48 12.9027 -0.115196 -0.535191 22.6568 0.0745176 -0.000271027
55.49 12.904 -0.115106 -0.53573 22.6639 0.0745109 -0.000265634
55.5 12.9052 -0.115015 -0.536267 22.6711 0.0745041 -0.000260239
55.51 12.9065 -0.114923 -0.536804 22.6783 0.0744974 -0.000254905
55.52 12.9078 -0.11483 -0.537339 22.6854 0.0744905 -0.000249652
55.53 12.909 -0.114735 -0.537872 22.6926 0.0744835 -0.000244489
55.54 12.9103 -0.114639 -0.538405 22.6998 0.0744765 -0.000239377
55.55 12.9116 -0.114543 -0.538936 22.707 0.0744694 -0.000234264
55.56 12.9128 -0.114447 -0.539465 22.7141 0.0744622 -0.000229114
55.57 12.9141 -0.11435 -0.539993 22.7213 0.074455 -0.000223924
55.58 12.9153 -0.114254 -0.540519 22.7285 0.0744478 -0.000218753
55.59 12.9166 -0.114158 -0.541043 22.7356 0.0744406 -0.000213661
55.6 12.9179 -0.114064 -0.541565 22.7428 0.0744332 -0.000208688
55.61 12.9191 -0.113971 -0.542085 22.75 0.0744258 -0.000203789
55.62 12.9204 -0.11388 -0.542603 22.7572 0.0744183 -0.000198916
55.63 12.9216 -0.113793 -0.543118 22.7643 0.0744107 -0.000194012
55.64 12.9229 -0.113709 -0.543632 22.7715 0.0744032 -0.000189085
55.65 12.9241 -0.113629 -0.544142 22.7787 0.0743956 -0.000184158
55.66 12.9254 -0.113553 -0.544651 22.7859 0.074388 -0.000179283
55.67 12.9266 -0.113482 -0.545156 22.793 0.0743803 -0.000174492
55.68 12.9279 -0.113417 -0.545659 22.8002 0.0743726 -0.00016979
55.69 12.9291 -0.113356 -0.546159 22.8074 0.0743648 -0.00016515
55.7 12.9304 -0.113302 -0.546656 22.8146 0.0743569 -0.00016056
55.71 12.9316 -0.113253 -0.54715 22.8218 0.0743489 -0.000156021
55.72 12.9329 -0.11321 -0.547642 22.8289 0.074341 -0.000151457
55.73 12.9341 -0.113173 -0.54813 22.8361 0.0743331 -0.000146836
55.74 12.9354 -0.113142 -0.548615 22.8433 0.0743251 -0.000142204
55.75 12.9366 -0.113116 -0.549098 22.8505 0.0743172 -0.000137676
55.76 12.9379 -0.113095 -0.549578 22.8577 0.0743091 -0.000133289
55.77 12.9391 -0.113078 -0.550055 22.8648 0.0743009 -0.000129006
55.78 12.9403 -0.113066 -0.550529 22.872 0.0742927 -0.000124727
55.79 12.9416 -0.113058 -0.551001 22.8792 0.0742845 -0.000120405
55.8 12.9428 -0.113054 -0.55147 22.8864 0.0742763 -0.000116062
55.81 12.9441 -0.113053 -0.551936 22.8935 0.0742681 -0.000111768
55.82 12.9453 -0.113054 -0.5524 22.9007 0.0742599 -0.000107572
55.83 12.9465 -0.113056 -0.552861 22.9079 0.0742516 -0.000103471
55.84 12.9478 -0.11306 -0.55332 22.9151 0.0742432 -9.94442e-05
55.85 12.949 -0.113065 -0.553777 22.9223 0.0742348 -9.54417e-05
55.86 12.9502 -0.113071 -0.554231 22.9295 0.0742263 -9.14556e-05
55.87 12.9515 -0.113076 -0.554683 22.9366 0.0742178 -8.74795e-05
55.88 12.9527 -0.113082 -0.555132 22.9438 0.0742094 -8.35408e-05
55.89 12.9539 -0.113087 -0.555579 22.951 0.0742009 -7.96546e-05
55.9 12.9551 -0.113092 -0.556023 22.9582 0.0741925 -7.58492e-05
55.91 12.9564 -0.113096 -0.556465 22.9654 0.0741839 -7.21162e-05
55.92 12.9576 -0.1131 -0.556904 22.9726 0.0741753 -6.84429e-05
55.93 12.9588 -0.113103 -0.557342 22.9797 0.0741667 -6.48035e-05
55.94 12.96 -0.113107 -0.557776 22.9869 0.074158 -6.11861e-05
55.95 12.9613 -0.11311 -0.558208 22.9941 0.0741493 -5.76036e-05
55.96 12.9625 -0.113114 -0.558637 23.0013 0.0741407 -5.40596e-05
55.97 12.9637 -0.113118 -0.559062 23.0085 0.0741321 -5.05751e-05
55.98 12.9649 -0.113124 -0.559485 23.0157 0.0741234 -4.71555e-05
55.99 12.9661 -0.113131 -0.559905 23.0229 0.0741147 -4.38091e-05
56 12.9674 -0.113141 -0.560322 23.03 0.074106 -4.05086e-05
56.01 12.9686 -0.113154 -0.560735 23.0372 0.0740972 -3.72481e-05
56.02 12.9698 -0.113169 -0.561145 23.0444 0.0740884 -3.40123e-05
56.03 12.971 -0.113189 -0.561552 23.0516 0.0740796 -3.08186e-05
56.04 12.9722 -0.113213 -0.561955 23.0588 0.0740709 -2.76657e-05
56.05 12.9734 -0.113242 -0.562354 23.066 0.0740622 -2.45635e-05
56.06 12.9746 -0.113276 -0.562749 23.0732 0.0740534 -2.15175e-05
56.07 12.9758 -0.113315 -0.563141 23.0804 0.0740446 -1.85236e-05
56.08 12.977 -0.11336 -0.563529 23.0875 0.0740358 -1.55785e-05
56.09 12.9782 -0.113411 -0.563913 23.0947 0.0740269 -1.26721e-05
56.1 12.9794 -0.113468 -0.564293 23.1019 0.0740181 -9.80477e-06
56.11 12.9806 -0.113531 -0.564669 23.1091 0.0740093 -6.95955e-06
56.12 12.9818 -0.1136 -0.565041 23.1163 0.0740005 -4.15963e-06
56.13 12.983 -0.113675 -0.565409 23.1235 0.0739918 -1.41175e-06
56.14 12.9842 -0.113756 -0.565773 23.1307 0.073983 1.2737e-06
56.15 12.9854 -0.113841 -0.566133 23.1379 0.0739741 3.92156e-06
56.16 12.9866 -0.113932 -0.56649 23.1451 0.0739652 6.53423e-06
56.17 12.9878 -0.114027 -0.566843 23.1523 0.0739563 9.11277e-06
56.18 12.989 -0.114126 -0.567192 23.1595 0.0739475 1.16504e-05
56.19 12.9902 -0.114228 -0.567537 23.1666 0.0739387 1.4148e-05
56.2 12.9914 -0.114334 -0.567878 23.1738 0.07393 1.66022e-05
56.21 12.9926 -0.114442 -0.568216 23.181 0.0739212 1.90099e-05
56.22 12.9937 -0.114552 -0.56855 23.1882 0.0739125 2.13837e-05
56.23 12.9949 -0.114663 -0.568881 23.1954 0.0739036 2.37193e-05
56.24 12.9961 -0.114775 -0.569208 23.2026 0.0738948 2.60242e-05
56.25 12.9973 -0.114888 -0.569532 23.2098 0.073886 2.82724e-05
56.26 12.9984 -0.115002 -0.569852 23.217 0.0738772 3.04644e-05
56.27 12.9996 -0.115115 -0.570169 23.2242 0.0738685 3.26019e-05
56.28 13.0008 -0.115228 -0.570482 23.2314 0.0738598 3.47117e-05
56.29 13.002 -0.115341 -0.570791 23.2386 0.0738511 3.6798e-05
56.3 13.0031 -0.115453 -0.571097 23.2458 0.0738424 3.88628e-05
56.31 13.0043 -0.115566 -0.5714 23.253 0.0738336 4.08902e-05
56.32 13.0054 -0.115678 -0.571698 23.2602 0.0738249 4.28675e-05
56.33 13.0066 -0.115789 -0.571993 23.2674 0.0738162 4.4782e-05
56.34 13.0078 -0.115901 -0.572284 23.2746 0.0738075 4.66282e-05
56.35 13.0089 -0.116014 -0.572571 23.2818 0.0737989 4.84386e-05
56.36 13.0101 -0.116128 -0.572853 23.289 0.0737904 5.02314e-05
56.37 13.0112 -0.116243 -0.573132 23.2962 0.0737818 5.20274e-05
56.38 13.0124 -0.11636 -0.573406 23.3034 0.0737732 5.38043e-05
56.39 13.0135 -0.116479 -0.573676 23.3106 0.0737645 5.55431e-05
56.4 13.0147 -0.116601 -0.573941 23.3178 0.073756 5.72085e-05
56.41 13.0158 -0.116727 -0.574202 23.325 0.0737474 5.88073e-05
56.42 13.017 -0.116856 -0.574458 23.3322 0.073739 6.03575e-05
56.43 13.0181 -0.11699 -0.574709 23.3394 0.0737306 6.18948e-05
56.44 13.0193 -0.117128 -0.574956 23.3466 0.0737222 6.34306e-05
56.45 13.0204 -0.117272 -0.575197 23.3538 0.0737138 6.49627e-05
56.46 13.0215 -0.117421 -0.575433 23.361 0.0737053 6.64619e-05
56.47 13.0227 -0.117576 -0.575665 23.3682 0.073697 6.78771e-05
56.48 13.0238 -0.117736 -0.575892 23.3754 0.0736886 6.92361e-05
56.49 13.0249 -0.117902 -0.576113 23.3826 0.0736803 7.05773e-05
56.5 13.026 -0.118075 -0.576329 23.3898 0.0736721 7.19151e-05
56.51 13.0272 -0.118253 -0.57654 23.397 0.0736639 7.32295e-05
56.52 13.0283 -0.118436 -0.576747 23.4042 0.0736558 7.45345e-05
56.53 13.0294 -0.118626 -0.576948 23.4114 0.0736476 7.5829e-05
56.54 13.0305 -0.11882 -0.577144 23.4186 0.0736395 7.71186e-05
56.55 13.0316 -0.119019 -0.577336 23.4258 0.0736314 7.83678e-05
56.56 13.0328 -0.119222 -0.577523 23.433 0.0736234 7.95419e-05
56.57 13.0339 -0.119429 -0.577705 23.4402 0.0736154 8.06299e-05
56.58 13.035 -0.11964 -0.577882 23.4474 0.0736075 8.16724e-05
56.59 13.0361 -0.119853 -0.578054 23.4546 0.0735996 8.27359e-05
56.6 13.0372 -0.120069 -0.578222 23.4618 0.0735917 8.38457e-05
56.61 13.0383 -0.120287 -0.578385 23.469 0.0735839 8.49827e-05
56.62 13.0394 -0.120506 -0.578544 23.4762 0.0735761 8.60751e-05
56.63 13.0405 -0.120726 -0.578698 23.4834 0.0735683 8.70786e-05
56.64 13.0416 -0.120946 -0.578848 23.4906 0.0735606 8.79701e-05
56.65 13.0427 -0.121167 -0.578993 23.4978 0.073553 8.88037e-05
56.66 13.0438 -0.121388 -0.579133 23.505 0.0735454 8.9637e-05
56.67 13.0449 -0.121608 -0.579269 23.5122 0.0735379 9.05223e-05
56.68 13.0459 -0.121829 -0.5794 23.5195 0.0735304 9.14494e-05
56.69 13.047 -0.122049 -0.579527 23.5267 0.073523 9.2373e-05
56.7 13.0481 -0.122268 -0.579649 23.5339 0.0735156 9.32305e-05
56.71 13.0492 -0.122487 -0.579766 23.5411 0.0735083 9.39829e-05
56.72 13.0503 -0.122706 -0.579878 23.5483 0.073501 9.46424e-05
56.73 13.0514 -0.122926 -0.579985 23.5555 0.0734938 9.52587e-05
56.74 13.0524 -0.123146 -0.580088 23.5627 0.0734867 9.59062e-05
56.75 13.0535 -0.123367 -0.580185 23.5699 0.0734796 9.6607e-05
56.76 13.0546 -0.12359 -0.580277 23.5771 0.0734726 9.73539e-05
56.77 13.0557 -0.123815 -0.580363 23.5843 0.0734656 9.80815e-05
56.78 13.0567 -0.124042 -0.580444 23.5915 0.0734587 9.87362e-05
56.79 13.0578 -0.124272 -0.58052 23.5988 0.0734518 9.92779e-05
56.8 13.0589 -0.124505 -0.58059 23.606 0.0734451 9.97345e-05
56.81 13.0599 -0.124743 -0.580654 23.6132 0.0734384 0.000100162
56.82 13.061 -0.124984 -0.580713 23.6204 0.0734318 0.000100642
56.83 13.062 -0.125232 -0.580765 23.6276 0.0734252 0.00010121
56.84 13.0631 -0.125484 -0.580812 23.6348 0.0734187 0.000101827
56.85 13.0641 -0.125742 -0.580853 23.642 0.0734123 0.000102413
56.86 13.0652 -0.126006 -0.580888 23.6492 0.073406 0.000102884
56.87 13.0662 -0.126275 -0.580917 23.6564 0.0733997 0.000103233
56.88 13.0673 -0.12655 -0.58094 23.6637 0.0733935 0.000103503
56.89 13.0683 -0.126831 -0.580957 23.6709 0.0733874 0.000103801
56.9 13.0694 -0.127118 -0.580968 23.6781 0.0733814 0.000104185
56.91 13.0704 -0.127412 -0.580973 23.6853 0.0733754 0.000104665
56.92 13.0715 -0.12771 -0.580973 23.6925 0.0733696 0.000105159
56.93 13.0725 -0.128014 -0.580966 23.6997 0.0733637 0.000105575
56.94 13.0735 -0.128322 -0.580954 23.7069 0.073358 0.000105849
56.95 13.0746 -0.128634 -0.580936 23.7142 0.0733523 0.000106008
56.96 13.0756 -0.128949 -0.580912 23.7214 0.0733467 0.000106139
56.97 13.0766 -0.129268 -0.580883 23.7286 0.0733412 0.00010633
56.98 13.0776 -0.129589 -0.580848 23.7358 0.0733358 0.000106626
56.99 13.0787 -0.129913 -0.580807 23.743 0.0733305 0.000106981
57 13.0797 -0.130238 -0.580761 23.7502 0.0733252 0.000107321
57.01 13.0807 -0.130565 -0.58071 23.7575 0.0733201 0.000107551
57.02 13.0817 -0.130891 -0.580653 23.7647 0.073315 0.000107649
57.03 13.0827 -0.131218 -0.58059 23.7719 0.07331 0.000107632
57.04 13.0837 -0.131545 -0.580522 23.7791 0.0733051 0.000107599
57.05 13.0847 -0.131871 -0.580449 23.7863 0.0733002 0.000107635
57.06 13.0857 -0.132198 -0.58037 23.7935 0.0732955 0.000107787
57.07 13.0867 -0.132524 -0.580286 23.8008 0.0732909 0.000107999
57.08 13.0877 -0.13285 -0.580196 23.808 0.0732863 0.000108164
57.09 13.0887 -0.133174 -0.5801 23.8152 0.0732818 0.00010819
57.1 13.0897 -0.133498 -0.579999 23.8224 0.0732774 0.000108054
57.11 13.0907 -0.133822 -0.579892 23.8296 0.0732731 0.000107828
57.12 13.0917 -0.134146 -0.57978 23.8369 0.0732689 0.000107613
57.13 13.0927 -0.134472 -0.579661 23.8441 0.0732648 0.000107513
57.14 13.0937 -0.134798 -0.579537 23.8513 0.0732608 0.000107525
57.15 13.0947 -0.135127 -0.579406 23.8585 0.0732568 0.000107576
57.16 13.0957 -0.135457 -0.57927 23.8658 0.073253 0.000107535
57.17 13.0967 -0.135789 -0.579127 23.873 0.0732493 0.000107329
57.18 13.0976 -0.136124 -0.578978 23.8802 0.0732456 0.000106961
57.19 13.0986 -0.136463 -0.578823 23.8874 0.073242 0.000106537
57.2 13.0996 -0.136806 -0.578661 23.8946 0.0732386 0.000106178
57.21 13.1006 -0.137154 -0.578493 23.9019 0.0732352 0.000105951
57.22 13.1015 -0.137508 -0.578318 23.9091 0.0732319 0.00010583
57.23 13.1025 -0.137867 -0.578137 23.9163 0.0732288 0.000105696
57.24 13.1035 -0.138231 -0.577949 23.9235 0.0732257 0.000105438
57.25 13.1044 -0.1386 -0.577755 23.9308 0.0732227 0.000104992
57.26 13.1054 -0.138976 -0.577554 23.938 0.0732198 0.000104414
57.27 13.1064 -0.139357 -0.577347 23.9452 0.073217 0.000103807
57.28 13.1073 -0.139745 -0.577133 23.9524 0.0732143 0.000103305
57.29 13.1083 -0.140138 -0.576912 23.9597 0.0732117 0.000102943
57.3 13.1092 -0.140538 -0.576685 23.9669 0.0732092 0.000102662
57.31 13.1102 -0.140943 -0.576452 23.9741 0.0732068 0.000102318
57.32 13.1111 -0.141352 -0.576212 23.9813 0.0732045 0.000101805
57.33 13.1121 -0.141765 -0.575966 23.9886 0.0732023 0.000101106
57.34 13.113 -0.142183 -0.575714 23.9958 0.0732002 0.000100297
57.35 13.1139 -0.142603 -0.575456 24.003 0.0731981 9.9504e-05
57.36 13.1149 -0.143028 -0.575191 24.0102 0.0731962 9.88216e-05
57.37 13.1158 -0.143455 -0.574921 24.0175 0.0731943 9.82777e-05
57.38 13.1167 -0.143884 -0.574644 24.0247 0.0731926 9.78061e-05
57.39 13.1177 -0.144315 -0.574361 24.0319 0.073191 9.7305e-05
57.4 13.1186 -0.144746 -0.574073 24.0392 0.0731894 9.65878e-05
57.41 13.1195 -0.145176 -0.573778 24.0464 0.073188 9.55966e-05
57.42 13.1205 -0.145607 -0.573478 24.0536 0.0731867 9.44517e-05
57.43 13.1214 -0.146038 -0.573172 24.0608 0.0731854 9.33863e-05
57.44 13.1223 -0.146468 -0.572859 24.0681 0.0731843 9.25236e-05
57.45 13.1232 -0.146899 -0.572541 24.0753 0.0731832 9.18166e-05
57.46 13.1241 -0.147329 -0.572216 24.0825 0.0731823 9.1088e-05
57.47 13.1251 -0.147758 -0.571886 24.0898 0.0731815 9.01709e-05
57.48 13.126 -0.148187 -0.57155 24.097 0.0731808 8.90192e-05
57.49 13.1269 -0.148614 -0.571207 24.1042 0.0731801 8.77023e-05
57.5 13.1278 -0.149042 -0.570858 24.1115 0.0731796 8.63781e-05
57.51 13.1287 -0.14947 -0.570503 24.1187 0.0731791 8.51556e-05
57.52 13.1296 -0.1499 -0.570142 24.1259 0.0731787 8.40826e-05
57.53 13.1305 -0.150332 -0.569774 24.1332 0.0731785 8.30683e-05
57.54 13.1314 -0.150765 -0.569399 24.1404 0.0731783 8.19936e-05
57.55 13.1323 -0.1512 -0.569018 24.1476 0.0731783 8.07376e-05
57.56 13.1332 -0.151637 -0.56863 24.1549 0.0731784 7.92796e-05
57.57 13.1341 -0.152078 -0.568236 24.1621 0.0731785 7.76824e-05
57.58 13.135 -0.152523 -0.567835 24.1693 0.0731787 7.60818e-05
57.59 13.1359 -0.152972 -0.567427 24.1766 0.073179 7.45974e-05
57.6 13.1367 -0.153428 -0.567013 24.1838 0.0731794 7.32548e-05
57.61 13.1376 -0.153888 -0.566591 24.191 0.07318 7.19685e-05
57.62 13.1385 -0.154354 -0.566163 24.1983 0.0731806 7.05728e-05
57.63 13.1394 -0.154825 -0.565728 24.2055 0.0731814 6.89698e-05
57.64 13.1402 -0.155302 -0.565287 24.2127 0.0731822 6.71483e-05
57.65 13.1411 -0.155785 -0.564838 24.22 0.0731831 6.52274e-05
57.66 13.142 -0.156275 -0.564383 24.2272 0.073184 6.33381e-05
57.67 13.1429 -0.15677 -0.563921 24.2344 0.0731851 6.15902e-05
57.68 13.1437 -0.157272 -0.563453 24.2417 0.0731863 5.99653e-05
57.69 13.1446 -0.15778 -0.562978 24.2489 0.0731875 5.83519e-05
57.7 13.1454 -0.158292 -0.562496 24.2562 0.0731889 5.65858e-05
57.71 13.1463 -0.158809 -0.562009 24.2634 0.0731904 5.45748e-05
57.72 13.1471 -0.159329 -0.561515 24.2706 0.073192 5.23562e-05
57.73 13.148 -0.159854 -0.561014 24.2779 0.0731936 5.00637e-05
57.74 13.1488 -0.160382 -0.560508 24.2851 0.0731952 4.786e-05
57.75 13.1497 -0.160913 -0.559995 24.2923 0.073197 4.57964e-05
57.76 13.1505 -0.161446 -0.559477 24.2996 0.0731988 4.38291e-05
57.77 13.1514 -0.161982 -0.558952 24.3068 0.0732008 4.18039e-05
57.78 13.1522 -0.162517 -0.558421 24.3141 0.0732029 3.95874e-05
57.79 13.153 -0.163053 -0.557885 24.3213 0.0732051 3.71109e-05
57.8 13.1539 -0.163588 -0.557343 24.3285 0.0732073 3.44616e-05
57.81 13.1547 -0.164124 -0.556795 24.3358 0.0732096 3.17879e-05
57.82 13.1555 -0.164659 -0.556241 24.343 0.0732119 2.92328e-05
57.83 13.1563 -0.165195 -0.555681 24.3503 0.0732144 2.68218e-05
57.84 13.1571 -0.16573 -0.555116 24.3575 0.073217 2.44449e-05
57.85 13.158 -0.166264 -0.554545 24.3648 0.0732196 2.19439e-05
57.86 13.1588 -0.166798 -0.553967 24.372 0.0732224 1.91986e-05
57.87 13.1596 -0.16733 -0.553385 24.3792 0.0732252 1.6225e-05
57.88 13.1604 -0.167862 -0.552796 24.3865 0.0732281 1.31256e-05
57.89 13.1612 -0.168395 -0.552201 24.3937 0.073231 1.00628e-05
57.9 13.162 -0.168929 -0.5516 24.401 0.073234 7.11624e-06
57.91 13.1628 -0.169464 -0.550993 24.4082 0.0732371 4.28544e-06
57.92 13.1636 -0.170001 -0.55038 24.4155 0.0732403 1.43813e-06
57.93 13.1644 -0.17054 -0.549761 24.4227 0.0732436 -1.56501e-06
57.94 13.1651 -0.171081 -0.549135 24.4299 0.073247 -4.81695e-06
57.95 13.1659 -0.171624 -0.548503 24.4372 0.0732504 -8.28204e-06
57.96 13.1667 -0.172172 -0.547865 24.4444 0.0732538 -1.18306e-05
57.97 13.1675 -0.172723 -0.547221 24.4517 0.0732573 -1.53164e-05
57.98 13.1682 -0.173281 -0.54657 24.4589 0.0732609 -1.86607e-05
57.99 13.169 -0.173843 -0.545912 24.4662 0.0732646 -2.19231e-05
58 13.1698 -0.174411 -0.545248 24.4734 0.0732684 -2.52353e-05
58.01 13.1705 -0.174985 -0.544577 24.4807 0.0732723 -2.87593e-05
58.02 13.1713 -0.175563 -0.5439 24.4879 0.0732762 -3.25348e-05
58.03 13.172 -0.176147 -0.543216 24.4952 0.0732801 -3.6502e-05
58.04 13.1728 -0.176738 -0.542526 24.5024 0.0732841 -4.04957e-05
58.05 13.1735 -0.177335 -0.541829 24.5097 0.0732881 -4.43911e-05
58.06 13.1742 -0.177938 -0.541126 24.5169 0.0732922 -4.81447e-05
58.07 13.175 -0.178547 -0.540417 24.5242 0.0732965 -5.18267e-05
58.08 13.1757 -0.179161 -0.539702 24.5314 0.0733007 -5.55773e-05
58.09 13.1764 -0.179779 -0.53898 24.5387 0.0733051 -5.95759e-05
58.1 13.1772 -0.180401 -0.538253 24.5459 0.0733095 -6.38919e-05
58.11 13.1779 -0.181027 -0.53752 24.5532 0.0733139 -6.83865e-05
58.12 13.1786 -0.181656 -0.536782 24.5604 0.0733183 -7.28521e-05
58.13 13.1793 -0.182289 -0.536037 24.5677 0.0733229 -7.71376e-05
58.14 13.18 -0.182924 -0.535287 24.5749 0.0733275 -8.12907e-05
58.15 13.1807 -0.183562 -0.534531 24.5822 0.0733322 -8.54608e-05
58.16 13.1814 -0.1842 -0.533771 24.5894 0.0733369 -8.98274e-05
58.17 13.1821 -0.184839 -0.533004 24.5967 0.0733417 -9.44511e-05
58.18 13.1828 -0.185477 -0.532233 24.6039 0.0733465 -9.92846e-05
58.19 13.1835 -0.186116 -0.531457 24.6112 0.0733513 -0.000104184
58.2 13.1842 -0.186755 -0.530675 24.6184 0.0733562 -0.000109022
58.21 13.1849 -0.187394 -0.529888 24.6257 0.0733611 -0.000113744
58.22 13.1856 -0.188033 -0.529097 24.6329 0.0733661 -0.000118396
58.23 13.1863 -0.188671 -0.5283 24.6402 0.0733712 -0.000123108
58.24 13.187 -0.189309 -0.527498 24.6474 0.0733764 -0.000127997
58.25 13.1876 -0.189946 -0.526691 24.6547 0.0733815 -0.000133132
58.26 13.1883 -0.190582 -0.525879 24.6619 0.0733867 -0.000138449
58.27 13.189 -0.191219 -0.525062 24.6692 0.0733919 -0.000143824
58.28 13.1896 -0.191856 -0.52424 24.6764 0.0733971 -0.000149108
58.29 13.1903 -0.192495 -0.523413 24.6837 0.0734024 -0.000154267
58.3 13.191 -0.193137 -0.522581 24.691 0.0734078 -0.000159366
58.31 13.1916 -0.19378 -0.521743 24.6982 0.0734132 -0.000164565
58.32 13.1923 -0.194425 -0.5209 24.7055 0.0734187 -0.000169988
58.33 13.1929 -0.195072 -0.520052 24.7127 0.0734242 -0.000175653
58.34 13.1935 -0.195723 -0.519199 24.72 0.0734297 -0.000181463
58.35 13.1942 -0.196379 -0.51834 24.7272 0.0734352 -0.000187256
58.36 13.1948 -0.197039 -0.517476 24.7345 0.0734407 -0.000192936
58.37 13.1954 -0.197705 -0.516607 24.7418 0.0734463 -0.000198498
58.38 13.1961 -0.198376 -0.515732 24.749 0.073452 -0.000204065
58.39 13.1967 -0.199053 -0.514852 24.7563 0.0734578 -0.000209771
58.4 13.1973 -0.199735 -0.513966 24.7635 0.0734635 -0.000215718
58.41 13.1979 -0.200423 -0.513075 24.7708 0.0734693 -0.00022187
58.42 13.1985 -0.201117 -0.512179 24.778 0.073475 -0.000228116
58.43 13.1991 -0.201816 -0.511278 24.7853 0.0734808 -0.000234302
58.44 13.1997 -0.202523 -0.510371 24.7926 0.0734866 -0.000240343
58.45 13.2003 -0.203235 -0.50946 24.7998 0.0734924 -0.000246265
58.46 13.2009 -0.203953 -0.508543 24.8071 0.0734984 -0.000252243
58.47 13.2015 -0.204676 -0.507621 24.8144 0.0735044 -0.000258455
58.48 13.2021 -0.205402 -0.506694 24.8216 0.0735103 -0.000264932
58.49 13.2027 -0.206133 -0.505763 24.8289 0.0735163 -0.000271575
58.5 13.2033 -0.206867 -0.504826 24.8361 0.0735223 -0.000278209
58.51 13.2039 -0.207605 -0.503886 24.8434 0.0735282 -0.000284736
58.52 13.2045 -0.208346 -0.50294 24.8507 0.0735343 -0.000291149
58.53 13.205 -0.20909 -0.50199 24.8579 0.0735404 -0.000297553
58.54 13.2056 -0.209835 -0.501035 24.8652 0.0735465 -0.00030406
58.55 13.2062 -0.21058 -0.500077 24.8724 0.0735527 -0.000310758
58.56 13.2067 -0.211326 -0.499114 24.8797 0.0735589 -0.000317645
58.57 13.2073 -0.212073 -0.498147 24.887 0.073565 -0.000324652
58.58 13.2079 -0.212819 -0.497176 24.8942 0.0735711 -0.000331657
58.59 13.2084 -0.213566 -0.496201 24.9015 0.0735773 -0.000338573
58.6 13.209 -0.214313 -0.495222 24.9088 0.0735835 -0.0003454
58.61 13.2095 -0.21506 -0.49424 24.916 0.0735898 -0.000352218
58.62 13.2101 -0.215806 -0.493253 24.9233 0.0735961 -0.000359156
58.63 13.2106 -0.216552 -0.492263 24.9306 0.0736024 -0.000366289
58.64 13.2112 -0.217297 -0.491269 24.9378 0.0736087 -0.00037362
58.65 13.2117 -0.218043 -0.490271 24.9451 0.073615 -0.000381033
58.66 13.2122 -0.218789 -0.48927 24.9524 0.0736213 -0.000388401
58.67 13.2128 -0.219537 -0.488264 24.9596 0.0736276 -0.000395649
58.68 13.2133 -0.220287 -0.487255 24.9669 0.0736339 -0.000402835
58.69 13.2138 -0.221038 -0.486243 24.9742 0.0736403 -0.000410067
58.7 13.2143 -0.221792 -0.485226 24.9814 0.0736467 -0.000417457
58.71 13.2149 -0.222548 -0.484205 24.9887 0.0736531 -0.000425041
58.72 13.2154 -0.223307 -0.483181 24.996 0.0736595 -0.000432764
58.73 13.2159 -0.22407 -0.482153 25.0032 0.0736659 -0.000440524
58.74 13.2164 -0.224838 -0.481121 25.0105 0.0736722 -0.000448211
58.75 13.2169 -0.225611 -0.480085 25.0178 0.0736786 -0.000455812
58.76 13.2174 -0.22639 -0.479046 25.025 0.0736851 -0.000463381
58.77 13.2179 -0.227174 -0.478002 25.0323 0.0736916 -0.000471033
58.78 13.2184 -0.227963 -0.476955 25.0396 0.0736981 -0.00047884
58.79 13.2189 -0.228757 -0.475904 25.0468 0.0737045 -0.000486824
58.8 13.2194 -0.229557 -0.474849 25.0541 0.0737109 -0.000494912
58.81 13.2199 -0.230364 -0.473791 25.0614 0.0737174 -0.000503009
58.82 13.2204 -0.231176 -0.472729 25.0687 0.0737238 -0.000511032
58.83 13.2209 -0.231994 -0.471664 25.0759 0.0737302 -0.00051898
58.84 13.2214 -0.232818 -0.470595 25.0832 0.0737368 -0.000526933
58.85 13.2219 -0.233646 -0.469523 25.0905 0.0737433 -0.000534988
58.86 13.2223 -0.234479 -0.468448 25.0977 0.0737498 -0.000543214
58.87 13.2228 -0.235316 -0.467369 25.105 0.0737563 -0.000551586
58.88 13.2233 -0.236156 -0.466288 25.1123 0.0737628 -0.000560033
58.89 13.2238 -0.237 -0.465204 25.1196 0.0737692 -0.000568452
58.9 13.2243 -0.237846 -0.464117 25.1268 0.0737757 -0.000576807
58.91 13.2248 -0.238695 -0.463027 25.1341 0.0737822 -0.000585092
58.92 13.2252 -0.239546 -0.461935 25.1414 0.0737887 -0.000593385
58.93 13.2257 -0.240398 -0.46084 25.1487 0.0737953 -0.000601805
58.94 13.2262 -0.24125 -0.459742 25.1559 0.0738019 -0.000610431
58.95 13.2267 -0.242103 -0.458643 25.1632 0.0738084 -0.000619217
58.96 13.2271 -0.242955 -0.457541 25.1705 0.0738149 -0.000628028
58.97 13.2276 -0.243807 -0.456437 25.1778 0.0738214 -0.000636757
58.98 13.2281 -0.24466 -0.455331 25.185 0.0738279 -0.000645402
58.99 13.2285 -0.245511 -0.454222 25.1923 0.0738345 -0.000654055
59 13.229 -0.246363 -0.453112 25.1996 0.0738411 -0.000662802
59.01 13.2295 -0.247213 -0.451999 25.2069 0.0738477 -0.000671696
59.02 13.2299 -0.248063 -0.450884 25.2141 0.0738542 -0.000680703
59.03 13.2304 -0.248913 -0.449767 25.2214 0.0738608 -0.000689779
59.04 13.2309 -0.249762 -0.448649 25.2287 0.0738673 -0.000698858
59.05 13.2313 -0.250613 -0.447528 25.236 0.0738738 -0.000707911
59.06 13.2318 -0.251465 -0.446405 25.2432 0.0738804 -0.000716942
59.07 13.2323 -0.252317 -0.44528 25.2505 0.073887 -0.000725999
59.08 13.2327 -0.253172 -0.444153 25.2578 0.0738937 -0.000735132
59.09 13.2332 -0.254028 -0.443024 25.2651 0.0739003 -0.000744376
59.1 13.2337 -0.254887 -0.441892 25.2724 0.0739069 -0.000753727
59.11 13.2341 -0.255749 -0.440759 25.2796 0.0739135 -0.000763136
59.12 13.2346 -0.256615 -0.439624 25.2869 0.07392 -0.000772557
59.13 13.235 -0.257485 -0.438487 25.2942 0.0739266 -0.000781951
59.14 13.2355 -0.258359 -0.437347 25.3015 0.0739333 -0.00079134
59.15 13.236 -0.259238 -0.436205 25.3088 0.0739399 -0.000800759
59.16 13.2364 -0.260122 -0.435062 25.316 0.0739466 -0.000810267
59.17 13.2369 -0.26101 -0.433916 25.3233 0.0739533 -0.000819882
59.18 13.2374 -0.261903 -0.432769 25.3306 0.07396 -0.000829592
59.19 13.2378 -0.262802 -0.431619 25.3379 0.0739667 -0.000839338
59.2 13.2383 -0.263706 -0.430468 25.3452 0.0739733 -0.000849075
59.21 13.2387 -0.264615 -0.429315 25.3524 0.07398 -0.000858797
59.22 13.2392 -0.265528 -0.428161 25.3597 0.0739867 -0.000868534
59.23 13.2397 -0.266446 -0.427005 25.367 0.0739935 -0.000878334
59.24 13.2402 -0.267368 -0.425847 25.3743 0.0740003 -0.000888217
59.25 13.2406 -0.268294 -0.424689 25.3816 0.0740071 -0.000898159
59.26 13.2411 -0.269223 -0.423529 25.3889 0.0740138 -0.000908108
59.27 13.2416 -0.270155 -0.422368 25.3961 0.0740206 -0.000918099
59.28 13.242 -0.271089 -0.421206 25.4034 0.0740274 -0.000928158
59.29 13.2425 -0.272025 -0.420044 25.4107 0.0740342 -0.000938276
59.3 13.243 -0.272963 -0.41888 25.418 0.074041 -0.000948406
59.31 13.2435 -0.273902 -0.417716 25.4253 0.0740479 -0.000958548
59.32 13.244 -0.274841 -0.416552 25.4326 0.0740548 -0.00096873
59.33 13.2444 -0.27578 -0.415387 25.4398 0.0740617 -0.000978985
59.34 13.2449 -0.276718 -0.414221 25.4471 0.0740686 -0.000989321
59.35 13.2454 -0.277656 -0.413056 25.4544 0.0740755 -0.000999697
59.36 13.2459 -0.278594 -0.41189 25.4617 0.0740824 -0.00101007
59.37 13.2464 -0.279531 -0.410724 25.469 0.0740894 -0.00102044
59.38 13.2469 -0.280466 -0.409558 25.4763 0.0740964 -0.00103084
59.39 13.2473 -0.281401 -0.408392 25.4836 0.0741035 -0.0010413
59.4 13.2478 -0.282334 -0.407226 25.4909 0.0741105 -0.00105184
59.41 13.2483 -0.283267 -0.40606 25.4981 0.0741176 -0.00106242
59.42 13.2488 -0.284199 -0.404893 25.5054 0.0741246 -0.00107303
59.43 13.2493 -0.285131 -0.403727 25.5127 0.0741316 -0.00108365
59.44 13.2498 -0.286063 -0.402561 25.52 0.0741387 -0.0010943
59.45 13.2503 -0.286995 -0.401395 25.5273 0.0741459 -0.00110499
59.46 13.2508 -0.287928 -0.400228 25.5346 0.0741531 -0.00111573
59.47 13.2513 -0.288862 -0.399062 25.5419 0.0741603 -0.0011265
59.48 13.2518 -0.289798 -0.397895 25.5492 0.0741675 -0.00113731
59.49 13.2523 -0.290735 -0.396729 25.5565 0.0741747 -0.00114815
59.5 13.2528 -0.291675 -0.395562 25.5637 0.074182 -0.00115901
59.51 13.2534 -0.292619 -0.394395 25.571 0.0741892 -0.00116991
59.52 13.2539 -0.293565 -0.393228 25.5783 0.0741965 -0.00118083
59.53 13.2544 -0.294515 -0.392061 25.5856 0.0742038 -0.0011918
59.54 13.2549 -0.295469 -0.390894 25.5929 0.0742112 -0.0012028
59.55 13.2555 -0.296426 -0.389726 25.6002 0.0742187 -0.00121383
59.56 13.256 -0.297388 -0.388559 25.6075 0.0742261 -0.00122488
59.57 13.2565 -0.298354 -0.387391 25.6148 0.0742335 -0.00123594
59.58 13.257 -0.299324 -0.386224 25.6221 0.0742409 -0.00124702
59.59 13.2576 -0.300298 -0.385057 25.6294 0.0742484 -0.00125815
59.6 13.2581 -0.301276 -0.38389 25.6367 0.0742559 -0.00126932
59.61 13.2587 -0.302257 -0.382724 25.644 0.0742635 -0.00128053
59.62 13.2592 -0.303242 -0.381558 25.6512 0.0742711 -0.00129175
59.63 13.2598 -0.304229 -0.380392 25.6585 0.0742788 -0.00130298
59.64 13.2603 -0.30522 -0.379227 25.6658 0.0742864 -0.0013142
59.65 13.2609 -0.306212 -0.378063 25.6731 0.0742941 -0.00132543
59.66 13.2615 -0.307206 -0.3769 25.6804 0.0743017 -0.0013367
59.67 13.262 -0.308201 -0.375737 25.6877 0.0743095 -0.00134803
59.68 13.2626 -0.309197 -0.374576 25.695 0.0743173 -0.00135939
59.69 13.2632 -0.310193 -0.373416 25.7023 0.0743252 -0.00137076
59.7 13.2637 -0.31119 -0.372257 25.7096 0.0743331 -0.00138212
59.71 13.2643 -0.312185 -0.371099 25.7169 0.0743411 -0.00139348
59.72 13.2649 -0.31318 -0.369943 25.7242 0.074349 -0.00140484
59.73 13.2655 -0.314174 -0.368789 25.7315 0.0743569 -0.00141622
59.74 13.2661 -0.315166 -0.367636 25.7388 0.0743648 -0.00142763
59.75 13.2667 -0.316156 -0.366485 25.7461 0.0743728 -0.00143909
59.76 13.2673 -0.317145 -0.365335 25.7534 0.0743809 -0.00145059
59.77 13.2679 -0.318131 -0.364188 25.7607 0.074389 -0.00146209
59.78 13.2685 -0.319116 -0.363042 25.768 0.0743971 -0.00147357
59.79 13.2691 -0.320099 -0.361897 25.7753 0.0744053 -0.00148502
59.8 13.2697 -0.32108 -0.360755 25.7826 0.0744135 -0.00149644
59.81 13.2704 -0.32206 -0.359615 25.7899 0.0744217 -0.00150789
59.82 13.271 -0.323038 -0.358476 25.7972 0.0744299 -0.00151937
59.83 13.2716 -0.324015 -0.357339 25.8045 0.0744382 -0.00153091
59.84 13.2723 -0.324992 -0.356204 25.8118 0.0744466 -0.00154248
59.85 13.2729 -0.325968 -0.35507 25.8191 0.074455 -0.00155404
59.86 13.2735 -0.326945 -0.353939 25.8264 0.0744634 -0.00156555
59.87 13.2742 -0.327923 -0.352809 25.8337 0.0744719 -0.001577
59.88 13.2748 -0.328901 -0.351681 25.841 0.0744803 -0.00158842
59.89 13.2755 -0.329881 -0.350554 25.8483 0.0744888 -0.00159986
59.9 13.2761 -0.330862 -0.349429 25.8556 0.0744973 -0.00161137
59.91 13.2768 -0.331846 -0.348306 25.8629 0.0745059 -0.00162294
59.92 13.2775 -0.332831 -0.347185 25.8702 0.0745146 -0.00163451
59.93 13.2782 -0.33382 -0.346065 25.8775 0.0745233 -0.00164603
59.94 13.2788 -0.334811 -0.344947 25.8848 0.074532 -0.00165745
59.95 13.2795 -0.335805 -0.343831 25.8921 0.0745407 -0.0016688
59.96 13.2802 -0.336801 -0.342717 25.8994 0.0745495 -0.00168015
59.97 13.2809 -0.337801 -0.341604 25.9067 0.0745582 -0.00169155
59.98 13.2816 -0.338803 -0.340494 25.914 0.074567 -0.00170302
59.99 13.2823 -0.339807 -0.339386 25.9213 0.0745759 -0.00171451
60 13.283 -0.340813 -0.33828 25.9286 0.0745849 -0.00172596
60.01 13.2837 -0.341822 -0.337176 25.9359 0.0745938 -0.00173733
60.02 13.2844 -0.342832 -0.336075 25.9432 0.0746028 -0.0017486
60.03 13.2851 -0.343843 -0.334976 25.9505 0.0746118 -0.00175981
60.04 13.2859 -0.344855 -0.33388 25.9578 0.0746208 -0.00177102
60.05 13.2866 -0.345866 -0.332786 25.9651 0.0746298 -0.00178229
60.06 13.2873 -0.346877 -0.331696 25.9725 0.0746389 -0.00179361
60.07 13.2881 -0.347888 -0.330608 25.9798 0.074648 -0.00180494
60.08 13.2888 -0.348897 -0.329523 25.9871 0.0746572 -0.0018162
60.09 13.2895 -0.349904 -0.328441 25.9944 0.0746664 -0.00182736
60.1 13.2903 -0.35091 -0.327362 26.0017 0.0746756 -0.0018384
60.11 13.291 -0.351912 -0.326287 26.009 0.0746848 -0.00184938
60.12 13.2918 -0.352912 -0.325215 26.0163 0.074694 -0.00186039
60.13 13.2925 -0.353909 -0.324146 26.0236 0.0747033 -0.00187146
60.14 13.2933 -0.354902 -0.32308 26.0309 0.0747126 -0.00188255
60.15 13.2941 -0.355892 -0.322018 26.0382 0.0747219 -0.00189354
60.16 13.2948 -0.356878 -0.32096 26.0455 0.0747313 -0.00190445
60.17 13.2956 -0.357861 -0.319905 26.0528 0.0747407 -0.00191531
60.18 13.2964 -0.358841 -0.318853 26.0601 0.0747501 -0.00192613
60.19 13.2972 -0.359817 -0.317805 26.0675 0.0747594 -0.00193688
60.2 13.2979 -0.36079 -0.31676 26.0748 0.0747688 -0.00194761
60.21 13.2987 -0.36176 -0.315719 26.0821 0.0747782 -0.00195837
60.22 13.2995 -0.362728 -0.314681 26.0894 0.0747876 -0.00196917
60.23 13.3003 -0.363693 -0.313646 26.0967 0.0747971 -0.00197996
60.24 13.3011 -0.364656 -0.312615 26.104 0.0748066 -0.00199062
60.25 13.3019 -0.365618 -0.311587 26.1113 0.0748161 -0.0020011
60.26 13.3027 -0.366579 -0.310562 26.1186 0.0748256 -0.00201144
60.27 13.3035 -0.36754 -0.309541 26.1259 0.0748351 -0.00202178
60.28 13.3043 -0.3685 -0.308523 26.1333 0.0748445 -0.00203219
60.29 13.3051 -0.369459 -0.307508 26.1406 0.074854 -0.00204268
60.3 13.3059 -0.370418 -0.306497 26.1479 0.0748636 -0.00205316
60.31 13.3067 -0.371379 -0.305488 26.1552 0.0748731 -0.00206352
60.32 13.3076 -0.37234 -0.304483 26.1625 0.0748827 -0.00207369
60.33 13.3084 -0.373302 -0.303481 26.1698 0.0748922 -0.0020837
60.34 13.3092 -0.374265 -0.302483 26.1771 0.0749017 -0.00209364
60.35 13.31 -0.375229 -0.301488 26.1844 0.0749112 -0.00210361
60.36 13.3108 -0.376193 -0.300497 26.1918 0.0749207 -0.00211365
60.37 13.3117 -0.377157 -0.299509 26.1991 0.0749302 -0.00212372
60.38 13.3125 -0.378122 -0.298524 26.2064 0.0749398 -0.00213373
60.39 13.3133 -0.379088 -0.297544 26.2137 0.0749494 -0.00214359
60.4 13.3142 -0.380054 -0.296567 26.221 0.0749589 -0.00215329
60.41 13.315 -0.381019 -0.295594 26.2283 0.0749684 -0.00216284
60.42 13.3159 -0.381984 -0.294625 26.2357 0.0749778 -0.00217234
60.43 13.3167 -0.382947 -0.29366 26.243 0.0749873 -0.00218187
60.44 13.3176 -0.383907 -0.2927 26.2503 0.0749967 -0.00219147
60.45 13.3184 -0.384866 -0.291744 26.2576 0.0750061 -0.00220111
60.46 13.3193 -0.385821 -0.290792 26.2649 0.0750155 -0.00221067
60.47 13.3201 -0.386773 -0.289844 26.2722 0.0750249 -0.00222005
60.48 13.321 -0.387722 -0.288901 26.2796 0.0750343 -0.00222922
60.49 13.3218 -0.388667 -0.287963 26.2869 0.0750436 -0.00223826
60.5 13.3227 -0.389607 -0.28703 26.2942 0.0750529 -0.00224728
60.51 13.3235 -0.390542 -0.286101 26.3015 0.0750622 -0.00225639
60.52 13.3244 -0.391471 -0.285177 26.3088 0.0750714 -0.00226559
60.53 13.3252 -0.392395 -0.284259 26.3162 0.0750806 -0.00227478
60.54 13.3261 -0.393314 -0.283344 26.3235 0.0750899 -0.00228383
60.55 13.3269 -0.394227 -0.282435 26.3308 0.075099 -0.00229267
60.56 13.3278 -0.395134 -0.281531 26.3381 0.0751081 -0.00230132
60.57 13.3286 -0.396037 -0.280631 26.3454 0.0751172 -0.00230988
60.58 13.3295 -0.396933 -0.279737 26.3528 0.0751262 -0.00231849
60.59 13.3304 -0.397824 -0.278847 26.3601 0.0751352 -0.0023272
60.6 13.3312 -0.39871 -0.277962 26.3674 0.0751442 -0.00233596
60.61 13.3321 -0.399591 -0.277082 26.3747 0.0751531 -0.00234466
60.62 13.3329 -0.400468 -0.276206 26.382 0.075162 -0.0023532
60.63 13.3338 -0.401341 -0.275335 26.3894 0.0751708 -0.00236151
60.64 13.3347 -0.40221 -0.274469 26.3967 0.0751795 -0.00236967
60.65 13.3355 -0.403077 -0.273607 26.404 0.0751882 -0.00237778
60.66 13.3364 -0.40394 -0.27275 26.4113 0.0751969 -0.00238595
60.67 13.3372 -0.4048 -0.271897 26.4187 0.0752055 -0.00239422
60.68 13.3381 -0.405657 -0.271049 26.426 0.075214 -0.00240253
60.69 13.3389 -0.406513 -0.270206 26.4333 0.0752225 -0.00241074
60.7 13.3398 -0.407367 -0.269366 26.4406 0.075231 -0.00241876
60.71 13.3406 -0.40822 -0.268532 26.4479 0.0752393 -0.00242654
60.72 13.3415 -0.409072 -0.267702 26.4553 0.0752476 -0.00243419
60.73 13.3423 -0.409921 -0.266876 26.4626 0.0752558 -0.00244182
60.74 13.3432 -0.410769 -0.266055 26.4699 0.075264 -0.00244955
60.75 13.344 -0.411615 -0.265239 26.4772 0.0752721 -0.0024574
60.76 13.3449 -0.412459 -0.264428 26.4846 0.0752801 -0.00246524
60.77 13.3457 -0.413301 -0.263621 26.4919 0.075288 -0.00247297
60.78 13.3466 -0.414141 -0.262819 26.4992 0.0752959 -0.00248048
60.79 13.3474 -0.414979 -0.262022 26.5065 0.0753037 -0.00248776
60.8 13.3483 -0.415813 -0.26123 26.5139 0.0753114 -0.00249491
60.81 13.3491 -0.416644 -0.260443 26.5212 0.075319 -0.00250209
60.82 13.3499 -0.417471 -0.259662 26.5285 0.0753265 -0.00250941
60.83 13.3507 -0.418292 -0.258886 26.5359 0.0753339 -0.00251684
60.84 13.3516 -0.419109 -0.258115 26.5432 0.0753413 -0.00252423
60.85 13.3524 -0.41992 -0.25735 26.5505 0.0753485 -0.00253142
60.86 13.3532 -0.420726 -0.25659 26.5578 0.0753557 -0.00253835
60.87 13.354 -0.421525 -0.255835 26.5652 0.0753627 -0.0025451
60.88 13.3548 -0.422318 -0.255086 26.5725 0.0753697 -0.00255183
60.89 13.3557 -0.423103 -0.254343 26.5798 0.0753765 -0.00255866
60.9 13.3565 -0.42388 -0.253606 26.5872 0.0753833 -0.00256563
60.91 13.3573 -0.424649 -0.252875 26.5945 0.0753899 -0.00257263
60.92 13.3581 -0.42541 -0.252149 26.6018 0.0753965 -0.00257953
60.93 13.3589 -0.426163 -0.251429 26.6091 0.0754029 -0.0025862
60.94 13.3596 -0.426909 -0.250715 26.6165 0.0754092 -0.00259266
60.95 13.3604 -0.427646 -0.250006 26.6238 0.0754154 -0.002599
60.96 13.3612 -0.428375 -0.249303 26.6311 0.0754215 -0.00260535
60.97 13.362 -0.429096 -0.248606 26.6385 0.0754275 -0.0026118
60.98 13.3628 -0.429809 -0.247915 26.6458 0.0754334 -0.00261837
60.99 13.3635 -0.430515 -0.24723 26.6531 0.0754391 -0.00262494
61 13.3643 -0.431213 -0.24655 26.6605 0.0754447 -0.00263137
61.01 13.365 -0.431905 -0.245875 26.6678 0.0754502 -0.00263758
61.02 13.3658 -0.432592 -0.245207 26.6751 0.0754555 -0.00264356
61.03 13.3665 -0.433272 -0.244543 26.6825 0.0754608 -0.00264945
61.04 13.3673 -0.433947 -0.243886 26.6898 0.0754659 -0.00265539
61.05 13.368 -0.434615 -0.243233 26.6971 0.0754709 -0.00266148
61.06 13.3687 -0.435279 -0.242586 26.7045 0.0754757 -0.00266765
61.07 13.3695 -0.435938 -0.241945 26.7118 0.0754804 -0.00267377
61.08 13.3702 -0.436593 -0.241309 26.7191 0.075485 -0.00267969
61.09 13.3709 -0.437244 -0.240678 26.7265 0.0754894 -0.00268536
61.1 13.3716 -0.437892 -0.240052 26.7338 0.0754937 -0.00269084
61.11 13.3723 -0.438535 -0.239432 26.7411 0.0754979 -0.0026963
61.12 13.373 -0.439175 -0.238817 26.7485 0.075502 -0.00270185
61.13 13.3737 -0.43981 -0.238207 26.7558 0.0755058 -0.00270753
61.14 13.3744 -0.440441 -0.237603 26.7631 0.0755095 -0.00271323
61.15 13.3751 -0.441067 -0.237004 26.7705 0.0755131 -0.00271882
61.16 13.3757 -0.44169 -0.236411 26.7778 0.0755165 -0.00272418
61.17 13.3764 -0.442308 -0.235823 26.7851 0.0755197 -0.00272932
61.18 13.3771 -0.442921 -0.23524 26.7925 0.0755229 -0.00273433
61.19 13.3777 -0.443528 -0.234663 26.7998 0.0755259 -0.00273935
61.2 13.3784 -0.444129 -0.234092 26.8071 0.0755287 -0.00274446
61.21 13.379 -0.444723 -0.233527 26.8145 0.0755313 -0.00274965
61.22 13.3796 -0.44531 -0.232968 26.8218 0.0755338 -0.00275482
61.23 13.3803 -0.44589 -0.232414 26.8292 0.0755362 -0.00275986
61.24 13.3809 -0.446462 -0.231867 26.8365 0.0755383 -0.00276467
61.25 13.3815 -0.447026 -0.231325 26.8438 0.0755403 -0.00276929
61.26 13.3821 -0.447581 -0.230789 26.8512 0.0755422 -0.00277379
61.27 13.3827 -0.448127 -0.230259 26.8585 0.0755439 -0.00277832
61.28 13.3833 -0.448663 -0.229736 26.8658 0.0755454 -0.00278295
61.29 13.3838 -0.449189 -0.229218 26.8732 0.0755468 -0.00278766
61.3 13.3844 -0.449705 -0.228707 26.8805 0.0755479 -0.00279231
61.31 13.385 -0.450211 -0.228202 26.8879 0.0755489 -0.00279679
61.32 13.3855 -0.450707 -0.227702 26.8952 0.0755497 -0.00280101
61.33 13.3861 -0.451193 -0.227209 26.9025 0.0755504 -0.00280503
61.34 13.3866 -0.451669 -0.226721 26.9099 0.0755509 -0.00280899
61.35 13.3871 -0.452134 -0.22624 26.9172 0.0755512 -0.00281303
61.36 13.3877 -0.45259 -0.225764 26.9246 0.0755514 -0.00281717
61.37 13.3882 -0.453035 -0.225295 26.9319 0.0755513 -0.00282133
61.38 13.3887 -0.453472 -0.224831 26.9393 0.0755511 -0.00282537
61.39 13.3892 -0.4539 -0.224373 26.9466 0.0755506 -0.00282917
61.4 13.3897 -0.45432 -0.223921 26.9539 0.07555 -0.00283274
61.41 13.3901 -0.454732 -0.223474 26.9613 0.0755493 -0.00283615
61.42 13.3906 -0.455136 -0.223033 26.9686 0.0755484 -0.00283956
61.43 13.3911 -0.455532 -0.222597 26.976 0.0755474 -0.00284303
61.44 13.3915 -0.455922 -0.222167 26.9833 0.0755461 -0.00284656
61.45 13.392 -0.456304 -0.221743 26.9906 0.0755445 -0.00285005
61.46 13.3924 -0.456681 -0.221324 26.998 0.0755428 -0.00285338
61.47 13.3928 -0.457052 -0.220911 27.0053 0.0755409 -0.00285647
61.48 13.3932 -0.457418 -0.220502 27.0127 0.0755389 -0.00285933
61.49 13.3936 -0.457778 -0.220099 27.02 0.0755367 -0.00286209
61.5 13.394 -0.458132 -0.219702 27.0274 0.0755343 -0.00286483
61.51 13.3944 -0.458481 -0.21931 27.0347 0.0755318 -0.00286763
61.52 13.3948 -0.458824 -0.218924 27.0421 0.075529 -0.00287045
61.53 13.3952 -0.459161 -0.218543 27.0494 0.0755259 -0.00287321
61.54 13.3956 -0.459492 -0.218168 27.0567 0.0755227 -0.00287576
61.55 13.3959 -0.459818 -0.217798 27.0641 0.0755193 -0.00287807
61.56 13.3962 -0.460137 -0.217434 27.0714 0.0755157 -0.00288016
61.57 13.3966 -0.46045 -0.217075 27.0788 0.075512 -0.00288215
61.58 13.3969 -0.460755 -0.216722 27.0861 0.0755082 -0.00288417
61.59 13.3972 -0.461052 -0.216374 27.0935 0.075504 -0.00288625
61.6 13.3975 -0.46134 -0.216033 27.1008 0.0754997 -0.00288832
61.61 13.3978 -0.461619 -0.215697 27.1082 0.0754951 -0.00289026
61.62 13.3981 -0.46189 -0.215367 27.1155 0.0754903 -0.00289196
61.63 13.3984 -0.462152 -0.215042 27.1229 0.0754854 -0.00289342
61.64 13.3986 -0.462404 -0.214724 27.1302 0.0754803 -0.0028947
61.65 13.3989 -0.462645 -0.21441 27.1376 0.0754751 -0.00289594
61.66 13.3991 -0.462875 -0.214103 27.1449 0.0754698 -0.00289727
61.67 13.3994 -0.463093 -0.213802 27.1523 0.0754641 -0.00289862
61.68 13.3996 -0.4633 -0.213506 27.1596 0.0754582 -0.00289985
61.69 13.3998 -0.463497 -0.213216 27.167 0.075452 -0.00290086
61.7 13.4 -0.463682 -0.212932 27.1743 0.0754457 -0.00290164
61.71 13.4002 -0.463855 -0.212654 27.1817 0.0754393 -0.00290223
61.72 13.4004 -0.464018 -0.21238 27.189 0.0754327 -0.00290272
61.73 13.4005 -0.464169 -0.212113 27.1963 0.075426 -0.00290317
61.74 13.4007 -0.464308 -0.211851 27.2037 0.0754191 -0.00290361
61.75 13.4009 -0.464437 -0.211594 27.2111 0.0754118 -0.00290402
61.76 13.401 -0.464555 -0.211343 27.2184 0.0754044 -0.00290433
61.77 13.4011 -0.464663 -0.211097 27.2258 0.0753967 -0.00290447
61.78 13.4012 -0.464761 -0.210857 27.2331 0.0753889 -0.00290438
61.79 13.4013 -0.464851 -0.210621 27.2405 0.075381 -0.00290407
61.8 13.4014 -0.464931 -0.21039 27.2478 0.075373 -0.00290363
61.81 13.4015 -0.465003 -0.210164 27.2552 0.0753648 -0.00290314
61.82 13.4016 -0.465067 -0.209943 27.2625 0.0753563 -0.00290267
61.83 13.4017 -0.465123 -0.209727 27.2699 0.0753476 -0.00290218
61.84 13.4017 -0.465171 -0.209516 27.2772 0.0753386 -0.00290156
61.85 13.4018 -0.465213 -0.20931 27.2846 0.0753295 -0.00290071
61.86 13.4018 -0.465249 -0.209108 27.2919 0.0753202 -0.0028996
61.87 13.4018 -0.465278 -0.208911 27.2993 0.0753108 -0.00289828
61.88 13.4018 -0.465301 -0.208718 27.3066 0.0753013 -0.00289687
61.89 13.4018 -0.465317 -0.20853 27.314 0.0752916 -0.00289546
61.9 13.4018 -0.465327 -0.208347 27.3213 0.0752816 -0.00289406
61.91 13.4018 -0.46533 -0.208169 27.3287 0.0752714 -0.00289257
61.92 13.4018 -0.465327 -0.207995 27.336 0.0752609 -0.00289091
61.93 13.4017 -0.465317 -0.207826 27.3434 0.0752503 -0.00288898
61.94 13.4017 -0.465301 -0.207661 27.3508 0.0752396 -0.00288682
61.95 13.4016 -0.465278 -0.207501 27.3581 0.0752288 -0.00288451
61.96 13.4015 -0.465246 -0.207346 27.3655 0.0752178 -0.00288214
61.97 13.4014 -0.465207 -0.207195 27.3728 0.0752066 -0.00287977
61.98 13.4013 -0.465158 -0.20705 27.3802 0.0751952 -0.00287736
61.99 13.4012 -0.465101 -0.20691 27.3875 0.0751835 -0.00287483
62 13.4011 -0.465034 -0.206774 27.3949 0.0751716 -0.00287209
62.01 13.401 -0.464958 -0.206644 27.4022 0.0751596 -0.00286912
62.02 13.4008 -0.464872 -0.206518 27.4096 0.0751475 -0.00286594
62.03 13.4007 -0.464776 -0.206397 27.417 0.0751353 -0.00286264
62.04 13.4005 -0.464668 -0.206281 27.4243 0.0751229 -0.00285929
62.05 13.4004 -0.464548 -0.20617 27.4317 0.0751103 -0.00285596
62.06 13.4002 -0.464417 -0.206065 27.439 0.0750975 -0.00285266
62.07 13.4 -0.464274 -0.205964 27.4464 0.0750844 -0.00284922
62.08 13.3998 -0.46412 -0.205868 27.4537 0.0750712 -0.00284546
62.09 13.3996 -0.463955 -0.205776 27.4611 0.0750578 -0.00284138
62.1 13.3994 -0.463778 -0.205689 27.4685 0.0750444 -0.00283713
62.11 13.3991 -0.463589 -0.205607 27.4758 0.0750309 -0.00283286
62.12 13.3989 -0.463388 -0.205529 27.4832 0.0750172 -0.00282861
62.13 13.3986 -0.463176 -0.205456 27.4905 0.0750033 -0.00282433
62.14 13.3984 -0.462954 -0.205387 27.4979 0.0749892 -0.00281995
62.15 13.3981 -0.462721 -0.205323 27.5053 0.0749748 -0.00281537
62.16 13.3978 -0.462478 -0.205263 27.5126 0.0749603 -0.00281058
62.17 13.3975 -0.462226 -0.205207 27.52 0.0749458 -0.0028056
62.18 13.3972 -0.461965 -0.205154 27.5273 0.0749312 -0.00280046
62.19 13.3969 -0.461695 -0.205105 27.5347 0.0749164 -0.00279525
62.2 13.3966 -0.461417 -0.205061 27.5421 0.0749015 -0.00279002
62.21 13.3962 -0.461131 -0.20502 27.5494 0.0748864 -0.00278475
62.22 13.3959 -0.460837 -0.204983 27.5568 0.074871 -0.0027794
62.23 13.3955 -0.460537 -0.204949 27.5641 0.0748555 -0.00277386
62.24 13.3952 -0.46023 -0.204919 27.5715 0.0748399 -0.00276809
62.25 13.3948 -0.459917 -0.204892 27.5789 0.0748242 -0.00276212
62.26 13.3944 -0.459597 -0.204868 27.5862 0.0748085 -0.00275603
62.27 13.394 -0.459272 -0.204848 27.5936 0.0747926 -0.00274989
62.28 13.3936 -0.45894 -0.204831 27.601 0.0747766 -0.00274374
62.29 13.3932 -0.458602 -0.204818 27.6083 0.0747603 -0.00273756
62.3 13.3928 -0.458257 -0.204808 27.6157 0.0747439 -0.00273125
62.31 13.3924 -0.457907 -0.204801 27.623 0.0747273 -0.00272474
62.32 13.3919 -0.45755 -0.204797 27.6304 0.0747106 -0.00271801
62.33 13.3915 -0.457187 -0.204797 27.6378 0.0746939 -0.00271112
62.34 13.391 -0.456816 -0.2048 27.6451 0.0746772 -0.00270413
62.35 13.3906 -0.456438 -0.204806 27.6525 0.0746604 -0.00269712
62.36 13.3901 -0.456052 -0.204815 27.6599 0.0746433 -0.0026901
62.37 13.3896 -0.455657 -0.204828 27.6672 0.0746261 -0.00268302
62.38 13.3891 -0.455254 -0.204845 27.6746 0.0746086 -0.0026758
62.39 13.3886 -0.454842 -0.204865 27.682 0.0745911 -0.00266838
62.4 13.3881 -0.454421 -0.204888 27.6893 0.0745736 -0.00266077
62.41 13.3875 -0.45399 -0.204914 27.6967 0.074556 -0.00265301
62.42 13.387 -0.453549 -0.204944 27.7041 0.0745384 -0.0026452
62.43 13.3865 -0.453098 -0.204977 27.7114 0.0745206 -0.00263737
62.44 13.3859 -0.452635 -0.205014 27.7188 0.0745027 -0.00262954
62.45 13.3854 -0.452162 -0.205054 27.7262 0.0744845 -0.00262162
62.46 13.3848 -0.451679 -0.205097 27.7335 0.0744663 -0.00261355
62.47 13.3842 -0.451185 -0.205144 27.7409 0.0744479 -0.00260529
62.48 13.3836 -0.45068 -0.205194 27.7483 0.0744296 -0.00259685
62.49 13.383 -0.450165 -0.205247 27.7556 0.0744113 -0.00258831
62.5 13.3824 -0.44964 -0.205303 27.763 0.0743929 -0.00257974
62.51 13.3818 -0.449104 -0.205362 27.7704 0.0743743 -0.00257118
62.52 13.3812 -0.448558 -0.205424 27.7777 0.0743556 -0.00256261
62.53 13.3805 -0.448003 -0.205489 27.7851 0.0743367 -0.002554
62.54 13.3799 -0.447439 -0.205557 27.7925 0.0743178 -0.00254522
62.55 13.3793 -0.446867 -0.205628 27.7998 0.0742988 -0.00253617
62.56 13.3786 -0.446288 -0.2057 27.8072 0.0742797 -0.00252694
62.57 13.3779 -0.445701 -0.205776 27.8146 0.0742607 -0.00251766
62.58 13.3773 -0.445107 -0.205853 27.8219 0.0742416 -0.00250843
62.59 13.3766 -0.444505 -0.205933 27.8293 0.0742224 -0.00249923
62.6 13.3759 -0.443898 -0.206016 27.8367 0.074203 -0.00248996
62.61 13.3752 -0.443285 -0.2061 27.8441 0.0741834 -0.00248054
62.62 13.3745 -0.442667 -0.206187 27.8514 0.0741638 -0.00247095
62.63 13.3738 -0.442045 -0.206276 27.8588 0.0741442 -0.00246123
62.64 13.373 -0.441417 -0.206366 27.8662 0.0741246 -0.00245143
62.65 13.3723 -0.440785 -0.206458 27.8735 0.074105 -0.0024416
62.66 13.3716 -0.440148 -0.206551 27.8809 0.0740853 -0.00243175
62.67 13.3708 -0.439506 -0.206647 27.8883 0.0740655 -0.00242187
62.68 13.3701 -0.43886 -0.206745 27.8957 0.0740455 -0.00241194
62.69 13.3693 -0.438209 -0.206844 27.903 0.0740254 -0.0024019
62.7 13.3685 -0.437554 -0.206945 27.9104 0.0740053 -0.00239174
62.71 13.3677 -0.436894 -0.207048 27.9178 0.0739852 -0.00238143
62.72 13.367 -0.436229 -0.207152 27.9251 0.0739651 -0.00237105
62.73 13.3662 -0.435558 -0.207258 27.9325 0.073945 -0.00236064
62.74 13.3654 -0.434881 -0.207365 27.9399 0.0739248 -0.00235024
62.75 13.3646 -0.434198 -0.207475 27.9473 0.0739044 -0.00233984
62.76 13.3637 -0.433508 -0.207587 27.9546 0.0738839 -0.0023294
62.77 13.3629 -0.432812 -0.2077 27.962 0.0738633 -0.00231891
62.78 13.3621 -0.432108 -0.207815 27.9694 0.0738428 -0.00230827
62.79 13.3612 -0.431397 -0.207931 27.9768 0.0738223 -0.00229745
62.8 13.3604 -0.430678 -0.208049 27.9841 0.0738018 -0.00228653
62.81 13.3596 -0.429951 -0.208169 27.9915 0.0737812 -0.00227563
62.82 13.3587 -0.429214 -0.208291 27.9989 0.0737606 -0.00226479
62.83 13.3578 -0.42847 -0.208415 28.0063 0.0737398 -0.00225397
62.84 13.357 -0.427717 -0.20854 28.0136 0.0737189 -0.00224306
62.85 13.3561 -0.426955 -0.208667 28.021 0.0736979 -0.00223201
62.86 13.3552 -0.426185 -0.208796 28.0284 0.073677 -0.00222082
62.87 13.3543 -0.425407 -0.208926 28.0358 0.0736561 -0.00220959
62.88 13.3534 -0.424621 -0.209057 28.0431 0.0736353 -0.00219837
62.89 13.3525 -0.423826 -0.20919 28.0505 0.0736143 -0.00218716
62.9 13.3516 -0.423023 -0.209324 28.0579 0.0735933 -0.00217594
62.91 13.3507 -0.422214 -0.209459 28.0653 0.0735721 -0.00216467
62.92 13.3497 -0.421397 -0.209596 28.0726 0.0735509 -0.00215331
62.93 13.3488 -0.420575 -0.209734 28.08 0.0735296 -0.00214187
62.94 13.3479 -0.419746 -0.209872 28.0874 0.0735084 -0.00213036
62.95 13.3469 -0.418912 -0.210011 28.0948 0.0734872 -0.00211881
62.96 13.346 -0.418072 -0.210151 28.1022 0.0734661 -0.00210725
62.97 13.345 -0.417229 -0.210292 28.1095 0.0734448 -0.00209567
62.98 13.3441 -0.41638 -0.210433 28.1169 0.0734234 -0.00208408
62.99 13.3431 -0.415529 -0.210575 28.1243 0.0734019 -0.00207247
63 13.3421 -0.414674 -0.210718 28.1317 0.0733804 -0.00206079
63.01 13.3411 -0.413816 -0.210861 28.139 0.0733589 -0.00204902
63.02 13.3401 -0.412955 -0.211004 28.1464 0.0733375 -0.00203719
63.03 13.3392 -0.412093 -0.211147 28.1538 0.0733161 -0.00202532
63.04 13.3382 -0.411227 -0.21129 28.1612 0.0732946 -0.00201345
63.05 13.3372 -0.41036 -0.211433 28.1686 0.0732731 -0.0020016
63.06 13.3362 -0.40949 -0.211577 28.1759 0.0732515 -0.00198972
63.07 13.3351 -0.408618 -0.211722 28.1833 0.0732298 -0.0019778
63.08 13.3341 -0.407744 -0.211866 28.1907 0.073208 -0.0019658
63.09 13.3331 -0.406868 -0.21201 28.1981 0.0731864 -0.00195374
63.1 13.3321 -0.405989 -0.212155 28.2055 0.0731648 -0.00194164
63.11 13.331 -0.405108 -0.212299 28.2128 0.0731432 -0.00192953
63.12 13.33 -0.404223 -0.212444 28.2202 0.0731215 -0.00191741
63.13 13.3289 -0.403335 -0.212588 28.2276 0.0730998 -0.00190529
63.14 13.3279 -0.402443 -0.212734 28.235 0.073078 -0.00189313
63.15 13.3268 -0.401547 -0.212879 28.2424 0.0730561 -0.00188093
63.16 13.3258 -0.400647 -0.213025 28.2498 0.0730342 -0.00186868
63.17 13.3247 -0.399742 -0.213171 28.2571 0.0730124 -0.00185638
63.18 13.3236 -0.398832 -0.213317 28.2645 0.0729907 -0.00184406
63.19 13.3226 -0.397917 -0.213463 28.2719 0.0729689 -0.00183172
63.2 13.3215 -0.396997 -0.213609 28.2793 0.0729471 -0.00181937
63.21 13.3204 -0.396071 -0.213756 28.2867 0.0729252 -0.00180701
63.22 13.3193 -0.39514 -0.213903 28.2941 0.0729033 -0.00179462
63.23 13.3182 -0.394203 -0.214051 28.3014 0.0728813 -0.00178219
63.24 13.3171 -0.393261 -0.214198 28.3088 0.0728593 -0.00176972
63.25 13.316 -0.392313 -0.214345 28.3162 0.0728374 -0.00175722
63.26 13.3149 -0.39136 -0.214492 28.3236 0.0728156 -0.0017447
63.27 13.3138 -0.390401 -0.214639 28.331 0.0727937 -0.00173218
63.28 13.3126 -0.389437 -0.214786 28.3384 0.0727718 -0.00171963
63.29 13.3115 -0.388469 -0.214933 28.3457 0.0727497 -0.00170706
63.3 13.3104 -0.387497 -0.21508 28.3531 0.0727277 -0.00169444
63.31 13.3093 -0.386521 -0.215226 28.3605 0.0727056 -0.0016818
63.32 13.3081 -0.385541 -0.215372 28.3679 0.0726836 -0.00166914
63.33 13.307 -0.384559 -0.215517 28.3753 0.0726617 -0.00165647
63.34 13.3058 -0.383574 -0.215661 28.3827 0.0726398 -0.00164377
63.35 13.3047 -0.382587 -0.215805 28.39 0.0726178 -0.00163104
63.36 13.3035 -0.381598 -0.215948 28.3974 0.0725958 -0.0016183
63.37 13.3023 -0.380608 -0.21609 28.4048 0.0725738 -0.00160554
63.38 13.3012 -0.379618 -0.216231 28.4122 0.0725516 -0.00159276
63.39 13.3 -0.378627 -0.216371 28.4196 0.0725296 -0.00157994
63.4 13.2988 -0.377636 -0.216509 28.427 0.0725075 -0.00156711
63.41 13.2976 -0.376646 -0.216647 28.4344 0.0724856 -0.00155427
63.42 13.2964 -0.375656 -0.216783 28.4418 0.0724636 -0.00154141
63.43 13.2953 -0.374666 -0.216918 28.4491 0.0724416 -0.00152851
63.44 13.2941 -0.373677 -0.217052 28.4565 0.0724195 -0.0015156
63.45 13.2929 -0.372689 -0.217185 28.4639 0.0723974 -0.00150265
63.46 13.2917 -0.371701 -0.217316 28.4713 0.0723753 -0.00148969
63.47 13.2905 -0.370714 -0.217446 28.4787 0.0723532 -0.00147672
63.48 13.2892 -0.369727 -0.217575 28.4861 0.0723312 -0.00146374
63.49 13.288 -0.368741 -0.217702 28.4935 0.0723092 -0.00145076
63.5 13.2868 -0.367754 -0.217828 28.5009 0.0722873 -0.00143774
63.51 13.2856 -0.366767 -0.217953 28.5082 0.0722652 -0.00142467
63.52 13.2844 -0.36578 -0.218077 28.5156 0.0722432 -0.00141157
63.53 13.2831 -0.364792 -0.218199 28.523 0.0722211 -0.00139846
63.54 13.2819 -0.363803 -0.218321 28.5304 0.072199 -0.00138535
63.55 13.2807 -0.362812 -0.218441 28.5378 0.0721769 -0.00137225
63.56 13.2794 -0.361819 -0.21856 28.5452 0.0721549 -0.00135914
63.57 13.2782 -0.360825 -0.218677 28.5526 0.072133 -0.001346
63.58 13.2769 -0.359828 -0.218794 28.56 0.072111 -0.00133282
63.59 13.2757 -0.358829 -0.21891 28.5674 0.072089 -0.00131963
63.6 13.2744 -0.357827 -0.219024 28.5748 0.0720669 -0.00130646
63.61 13.2731 -0.356823 -0.219137 28.5821 0.0720448 -0.00129328
63.62 13.2719 -0.355816 -0.21925 28.5895 0.0720228 -0.00128005
63.63 13.2706 -0.354806 -0.21936 28.5969 0.0720008 -0.00126678
63.64 13.2693 -0.353795 -0.21947 28.6043 0.0719788 -0.00125352
63.65 13.268 -0.352781 -0.219578 28.6117 0.0719569 -0.00124027
63.66 13.2668 -0.351764 -0.219685 28.6191 0.071935 -0.00122702
63.67 13.2655 -0.350746 -0.219791 28.6265 0.071913 -0.00121372
63.68 13.2642 -0.349727 -0.219895 28.6339 0.071891 -0.00120036
63.69 13.2629 -0.348707 -0.219998 28.6413 0.071869 -0.00118698
63.7 13.2616 -0.347686 -0.220099 28.6487 0.071847 -0.00117365
63.71 13.2603 -0.346665 -0.220198 28.6561 0.071825 -0.00116036
63.72 13.259 -0.345644 -0.220295 28.6634 0.0718031 -0.00114709
63.73 13.2577 -0.344624 -0.220391 28.6708 0.0717813 -0.00113377
63.74 13.2564 -0.343605 -0.220484 28.6782 0.0717594 -0.00112037
63.75 13.2551 -0.342588 -0.220576 28.6856 0.0717374 -0.00110692
63.76 13.2538 -0.341573 -0.220665 28.693 0.0717155 -0.00109346
63.77 13.2525 -0.34056 -0.220753 28.7004 0.0716936 -0.00108004
63.78 13.2512 -0.33955 -0.220838 28.7078 0.0716717 -0.00106668
63.79 13.2499 -0.338542 -0.220921 28.7152 0.0716498 -0.00105335
63.8 13.2486 -0.337538 -0.221002 28.7226 0.071628 -0.00103999
63.81 13.2472 -0.336538 -0.22108 28.73 0.0716062 -0.00102655
63.82 13.2459 -0.335541 -0.221156 28.7374 0.0715844 -0.00101305
63.83 13.2446 -0.334547 -0.22123 28.7448 0.0715626 -0.00099952
63.84 13.2433 -0.333558 -0.221301 28.7522 0.0715408 -0.000986012
63.85 13.2419 -0.332572 -0.22137 28.7596 0.071519 -0.000972562
63.86 13.2406 -0.331589 -0.221437 28.767 0.0714972 -0.00095916
63.87 13.2393 -0.330609 -0.221502 28.7744 0.0714755 -0.000945763
63.88 13.2379 -0.329633 -0.221564 28.7817 0.0714538 -0.000932321
63.89 13.2366 -0.328659 -0.221624 28.7891 0.0714321 -0.000918806
63.9 13.2353 -0.327689 -0.221681 28.7965 0.0714104 -0.000905242
63.91 13.2339 -0.32672 -0.221737 28.8039 0.0713887 -0.000891665
63.92 13.2326 -0.325754 -0.22179 28.8113 0.0713671 -0.000878126
63.93 13.2312 -0.324789 -0.221842 28.8187 0.0713454 -0.000864645
63.94 13.2299 -0.323825 -0.221891 28.8261 0.0713238 -0.000851217
63.95 13.2285 -0.322862 -0.221938 28.8335 0.0713023 -0.000837784
63.96 13.2272 -0.321901 -0.221983 28.8409 0.0712807 -0.000824306
63.97 13.2258 -0.32094 -0.222026 28.8483 0.0712592 -0.000810753
63.98 13.2244 -0.31998 -0.222066 28.8557 0.0712376 -0.000797147
63.99 13.2231 -0.31902 -0.222105 28.8631 0.0712161 -0.000783544
64 13.2217 -0.318061 -0.222142 28.8705 0.0711946 -0.000769998
64.01 13.2204 -0.317102 -0.222176 28.8779 0.0711732 -0.000756538
64.02 13.219 -0.316143 -0.222209 28.8853 0.0711517 -0.000743132
64.03 13.2176 -0.315184 -0.222239 28.8927 0.0711303 -0.000729721
64.04 13.2163 -0.314227 -0.222267 28.9001 0.0711089 -0.000716232
64.05 13.2149 -0.31327 -0.222292 28.9075 0.0710876 -0.000702656
64.06 13.2135 -0.312315 -0.222315 28.9149 0.0710662 -0.000689035
64.07 13.2121 -0.311361 -0.222336 28.9223 0.0710449 -0.000675461
64.08 13.2108 -0.310409 -0.222355 28.9297 0.0710236 -0.000661983
64.09 13.2094 -0.309459 -0.222371 28.9371 0.0710023 -0.000648603
64.1 13.208 -0.308512 -0.222384 28.9445 0.070981 -0.000635263
64.11 13.2067 -0.307567 -0.222395 28.9519 0.0709597 -0.00062189
64.12 13.2053 -0.306626 -0.222403 28.9593 0.0709385 -0.000608423
64.13 13.2039 -0.305689 -0.222408 28.9667 0.0709172 -0.000594866
64.14 13.2025 -0.304757 -0.222411 28.9741 0.0708961 -0.000581299
64.15 13.2011 -0.303828 -0.222411 28.9815 0.0708749 -0.000567809
64.16 13.1998 -0.302905 -0.222408 28.9889 0.0708538 -0.000554441
64.17 13.1984 -0.301986 -0.222402 28.9963 0.0708327 -0.000541159
64.18 13.197 -0.301073 -0.222393 29.0037 0.0708116 -0.000527899
64.19 13.1956 -0.300166 -0.222382 29.0111 0.0707906 -0.000514574
64.2 13.1942 -0.299265 -0.222367 29.0185 0.0707695 -0.000501158
64.21 13.1928 -0.298371 -0.22235 29.0259 0.0707485 -0.000487684
64.22 13.1915 -0.297482 -0.222329 29.0333 0.0707275 -0.000474237
64.23 13.1901 -0.296599 -0.222306 29.0407 0.0707066 -0.000460892
64.24 13.1887 -0.295721 -0.22228 29.0481 0.0706856 -0.000447673
64.25 13.1873 -0.29485 -0.222252 29.0555 0.0706647 -0.000434537
64.26 13.1859 -0.293983 -0.22222 29.0629 0.0706438 -0.000421398
64.27 13.1845 -0.293123 -0.222186 29.0703 0.0706229 -0.000408182
64.28 13.1831 -0.292268 -0.222149 29.0777 0.0706021 -0.000394871
64.29 13.1817 -0.291418 -0.222109 29.0851 0.0705813 -0.000381536
64.3 13.1804 -0.290572 -0.222067 29.0925 0.0705605 -0.00036826
64.31 13.179 -0.28973 -0.222023 29.0999 0.0705397 -0.00035512
64.32 13.1776 -0.288892 -0.221976 29.1073 0.070519 -0.000342111
64.33 13.1762 -0.288057 -0.221926 29.1147 0.0704983 -0.000329179
64.34 13.1748 -0.287226 -0.221875 29.1221 0.0704775 -0.000316219
64.35 13.1734 -0.286398 -0.22182 29.1295 0.0704569 -0.000303165
64.36 13.172 -0.285573 -0.221764 29.1369 0.0704362 -0.000290025
64.37 13.1706 -0.284751 -0.221705 29.1443 0.0704156 -0.000276896
64.38 13.1692 -0.283931 -0.221643 29.1517 0.070395 -0.000263882
64.39 13.1678 -0.283113 -0.22158 29.1591 0.0703745 -0.000251033
64.4 13.1665 -0.282298 -0.221514 29.1665 0.0703539 -0.00023832
64.41 13.1651 -0.281485 -0.221445 29.1739 0.0703334 -0.00022564
64.42 13.1637 -0.280674 -0.221374 29.1813 0.0703129 -0.000212906
64.43 13.1623 -0.279867 -0.221301 29.1887 0.0702924 -0.00020008
64.44 13.1609 -0.279063 -0.221225 29.1961 0.070272 -0.000187212
64.45 13.1595 -0.278262 -0.221147 29.2035 0.0702516 -0.000174394
64.46 13.1581 -0.277464 -0.221066 29.2109 0.0702313 -0.000161721
64.47 13.1567 -0.27667 -0.220982 29.2184 0.070211 -0.000149215
64.48 13.1553 -0.27588 -0.220896 29.2258 0.0701906 -0.000136838
64.49 13.154 -0.275094 -0.220807 29.2332 0.0701703 -0.000124484
64.5 13.1526 -0.274314 -0.220715 29.2406 0.07015 -0.000112015
64.51 13.1512 -0.273539 -0.220621 29.248 0.0701297 -9.93873e-05
64.52 13.1498 -0.272771 -0.220523 29.2554 0.0701095 -8.67448e-05
64.53 13.1484 -0.272008 -0.220423 29.2628 0.0700894 -7.42935e-05
64.54 13.1471 -0.271251 -0.220319 29.2702 0.0700693 -6.20882e-05
64.55 13.1457 -0.2705 -0.220213 29.2776 0.0700492 -5.00439e-05
64.56 13.1443 -0.269757 -0.220103 29.285 0.0700291 -3.80217e-05
64.57 13.1429 -0.269021 -0.219991 29.2924 0.070009 -2.59456e-05
64.58 13.1415 -0.268293 -0.219876 29.2998 0.069989 -1.37911e-05
64.59 13.1402 -0.267573 -0.219757 29.3072 0.069969 -1.60415e-06
64.6 13.1388 -0.26686 -0.219636 29.3146 0.0699491 1.0544e-05
64.61 13.1374 -0.266155 -0.219512 29.322 0.0699292 2.25735e-05
64.62 13.1361 -0.265457 -0.219385 29.3294 0.0699093 3.44285e-05
64.63 13.1347 -0.264767 -0.219256 29.3368 0.0698894 4.61195e-05
64.64 13.1333 -0.264083 -0.219124 29.3443 0.0698696 5.77316e-05
64.65 13.132 -0.263407 -0.218989 29.3517 0.0698497 6.93784e-05
64.66 13.1306 -0.262738 -0.218851 29.3591 0.06983 8.11204e-05
64.67 13.1292 -0.262076 -0.218711 29.3665 0.0698102 9.29243e-05
64.68 13.1279 -0.26142 -0.218569 29.3739 0.0697906 0.000104661
64.69 13.1265 -0.26077 -0.218424 29.3813 0.069771 0.00011622
64.7 13.1251 -0.260125 -0.218277 29.3887 0.0697513 0.000127556
64.71 13.1238 -0.259484 -0.218128 29.3961 0.0697317 0.000138734
64.72 13.1224 -0.258849 -0.217977 29.4035 0.0697121 0.000149872
64.73 13.1211 -0.258219 -0.217824 29.4109 0.0696925 0.000161083
64.74 13.1197 -0.257593 -0.217668 29.4183 0.069673 0.000172389
64.75 13.1184 -0.256972 -0.21751 29.4257 0.0696535 0.000183709
64.76 13.117 -0.256354 -0.21735 29.4331 0.0696342 0.000194905
64.77 13.1157 -0.25574 -0.217189 29.4406 0.0696148 0.000205874
64.78 13.1143 -0.255129 -0.217025 29.448 0.0695954 0.00021662
64.79 13.113 -0.254522 -0.21686 29.4554 0.0695761 0.00022723
64.8 13.1117 -0.253918 -0.216693 29.4628 0.0695567 0.000237851
64.81 13.1103 -0.253319 -0.216523 29.4702 0.0695374 0.000248559
64.82 13.109 -0.252724 -0.216352 29.4776 0.0695182 0.000259339
64.83 13.1076 -0.252133 -0.216178 29.485 0.0694991 0.000270066
64.84 13.1063 -0.251546 -0.216002 29.4924 0.06948 0.000280618
64.85 13.105 -0.250964 -0.215825 29.4998 0.0694609 0.000290926
64.86 13.1037 -0.250386 -0.215645 29.5072 0.0694418 0.000301034
64.87 13.1023 -0.249814 -0.215463 29.5147 0.0694227 0.000311051
64.88 13.101 -0.249248 -0.215279 29.5221 0.0694037 0.000321094
64.89 13.0997 -0.248688 -0.215093 29.5295 0.0693847 0.000331225
64.9 13.0984 -0.248135 -0.214904 29.5369 0.0693658 0.00034139
64.91 13.0971 -0.247589 -0.214713 29.5443 0.0693469 0.000351472
64.92 13.0957 -0.247049 -0.21452 29.5517 0.0693282 0.000361338
64.93 13.0944 -0.246517 -0.214325 29.5591 0.0693094 0.000370951
64.94 13.0931 -0.245993 -0.214127 29.5665 0.0692906 0.000380372
64.95 13.0918 -0.245476 -0.213927 29.5739 0.0692718 0.000389746
64.96 13.0905 -0.244969 -0.213725 29.5814 0.0692531 0.000399186
64.97 13.0892 -0.24447 -0.213521 29.5888 0.0692344 0.000408713
64.98 13.0879 -0.243979 -0.213313 29.5962 0.0692159 0.000418229
64.99 13.0866 -0.243497 -0.213104 29.6036 0.0691974 0.000427595
65 13.0853 -0.243023 -0.212893 29.611 0.0691789 0.000436716
65.01 13.084 -0.242557 -0.212679 29.6184 0.0691604 0.000445593
65.02 13.0827 -0.242099 -0.212464 29.6258 0.0691419 0.000454319
65.03 13.0814 -0.241649 -0.212247 29.6332 0.0691233 0.000463017
65.04 13.0801 -0.241206 -0.212027 29.6406 0.0691049 0.000471793
65.05 13.0789 -0.240771 -0.211806 29.6481 0.0690865 0.000480644
65.06 13.0776 -0.240343 -0.211583 29.6555 0.0690682 0.000489458
65.07 13.0763 -0.239922 -0.211358 29.6629 0.06905 0.00049807
65.08 13.075 -0.239506 -0.211131 29.6703 0.0690318 0.000506404
65.09 13.0737 -0.239095 -0.210903 29.6777 0.0690136 0.000514501
65.1 13.0724 -0.23869 -0.210674 29.6851 0.0689954 0.000522492
65.11 13.0712 -0.23829 -0.210443 29.6925 0.0689772 0.000530506
65.12 13.0699 -0.237896 -0.210211 29.7 0.0689591 0.000538593
65.13 13.0686 -0.237506 -0.209978 29.7074 0.068941 0.000546696
65.14 13.0673 -0.23712 -0.209743 29.7148 0.068923 0.000554685
65.15 13.0661 -0.236738 -0.209507 29.7222 0.0689051 0.00056245
65.16 13.0648 -0.23636 -0.209271 29.7296 0.0688871 0.000569948
65.17 13.0635 -0.235985 -0.209033 29.737 0.0688692 0.000577243
65.18 13.0623 -0.235614 -0.208794 29.7444 0.0688512 0.00058445
65.19 13.061 -0.235247 -0.208555 29.7519 0.0688332 0.000591697
65.2 13.0598 -0.234884 -0.208314 29.7593 0.0688154 0.00059901
65.21 13.0585 -0.234527 -0.208072 29.7667 0.0687976 0.000606342
65.22 13.0573 -0.234173 -0.207828 29.7741 0.0687798 0.00061357
65.23 13.056 -0.233823 -0.207584 29.7815 0.0687621 0.000620526
65.24 13.0548 -0.233478 -0.20734 29.7889 0.0687444 0.00062714
65.25 13.0535 -0.233137 -0.207094 29.7963 0.0687266 0.000633535
65.26 13.0523 -0.232803 -0.206847 29.8038 0.0687089 0.00063992
65.27 13.051 -0.232474 -0.206599 29.8112 0.0686912 0.000646419
65.28 13.0498 -0.232152 -0.206349 29.8186 0.0686736 0.000652998
65.29 13.0486 -0.231837 -0.206099 29.826 0.0686561 0.000659492
65.3 13.0473 -0.231529 -0.205847 29.8334 0.0686386 0.000665761
65.31 13.0461 -0.231227 -0.205594 29.8408 0.0686212 0.000671743
65.32 13.0449 -0.230933 -0.20534 29.8483 0.0686037 0.000677502
65.33 13.0437 -0.230647 -0.205086 29.8557 0.0685862 0.000683158
65.34 13.0424 -0.230368 -0.20483 29.8631 0.0685687 0.000688829
65.35 13.0412 -0.230099 -0.204573 29.8705 0.0685512 0.000694554
65.36 13.04 -0.229837 -0.204315 29.8779 0.0685339 0.000700282
65.37 13.0388 -0.229584 -0.204056 29.8853 0.0685166 0.000705897
65.38 13.0376 -0.22934 -0.203795 29.8928 0.0684994 0.000711288
65.39 13.0364 -0.229102 -0.203535 29.9002 0.0684822 0.000716421
65.4 13.0351 -0.228873 -0.203273 29.9076 0.0684649 0.000721348
65.41 13.0339 -0.228651 -0.203011 29.915 0.0684476 0.000726194
65.42 13.0327 -0.228437 -0.202748 29.9224 0.0684304 0.000731056
65.43 13.0315 -0.228231 -0.202485 29.9298 0.0684132 0.000735973
65.44 13.0303 -0.228032 -0.202221 29.9373 0.0683961 0.000740868
65.45 13.0291 -0.227839 -0.201956 29.9447 0.0683791 0.00074562
65.46 13.0279 -0.227652 -0.201691 29.9521 0.0683621 0.000750119
65.47 13.0267 -0.227471 -0.201426 29.9595 0.0683451 0.000754354
65.48 13.0255 -0.227294 -0.201161 29.9669 0.068328 0.000758407
65.49 13.0243 -0.227123 -0.200896 29.9743 0.068311 0.000762414
65.5 13.0231 -0.226957 -0.20063 29.9818 0.068294 0.000766471
65.51 13.0219 -0.226796 -0.200365 29.9892 0.0682771 0.000770564
65.52 13.0208 -0.226639 -0.200099 29.9966 0.0682602 0.000774594
65.53 13.0196 -0.226485 -0.199833 30.004 0.0682435 0.000778419
65.54 13.0184 -0.226335 -0.199568 30.0114 0.0682267 0.000781972
65.55 13.0172 -0.226188 -0.199303 30.0189 0.0682099 0.000785282
65.56 13.016 -0.226044 -0.199038 30.0263 0.0681931 0.00078847
65.57 13.0149 -0.225904 -0.198774 30.0337 0.0681762 0.000791649
65.58 13.0137 -0.225768 -0.19851 30.0411 0.0681595 0.000794873
65.59 13.0125 -0.225636 -0.198245 30.0485 0.0681428 0.000798092
65.6 13.0113 -0.225507 -0.197981 30.056 0.0681262 0.000801196
65.61 13.0102 -0.225383 -0.197718 30.0634 0.0681097 0.000804079
65.62 13.009 -0.225262 -0.197455 30.0708 0.0680931 0.000806697
65.63 13.0078 -0.225146 -0.197192 30.0782 0.0680765 0.000809106
65.64 13.0067 -0.225034 -0.196929 30.0856 0.0680599 0.000811421
65.65 13.0055 -0.224928 -0.196667 30.093 0.0680433 0.000813758
65.66 13.0043 -0.224828 -0.196405 30.1005 0.0680268 0.000816133
65.67 13.0032 -0.224735 -0.196143 30.1079 0.0680104 0.000818478
65.68 13.002 -0.224647 -0.195881 30.1153 0.0679941 0.00082066
65.69 13.0009 -0.224566 -0.19562 30.1227 0.0679778 0.0008226
65.7 12.9997 -0.224491 -0.195359 30.1301 0.0679614 0.000824288
65.71 12.9986 -0.224424 -0.195099 30.1376 0.067945 0.000825816
65.72 12.9974 -0.224363 -0.194839 30.145 0.0679286 0.000827295
65.73 12.9963 -0.224311 -0.19458 30.1524 0.0679123 0.000828798
65.74 12.9951 -0.224267 -0.19432 30.1598 0.067896 0.000830319
65.75 12.994 -0.22423 -0.194061 30.1673 0.0678798 0.000831767
65.76 12.9928 -0.224201 -0.193803 30.1747 0.0678637 0.000833034
65.77 12.9917 -0.22418 -0.193545 30.1821 0.0678476 0.000834071
65.78 12.9905 -0.224165 -0.193288 30.1895 0.0678314 0.000834923
65.79 12.9894 -0.224158 -0.193032 30.1969 0.0678152 0.000835634
65.8 12.9882 -0.224158 -0.192777 30.2044 0.067799 0.000836268
65.81 12.9871 -0.224165 -0.192523 30.2118 0.0677828 0.000836887
65.82 12.9859 -0.224179 -0.192269 30.2192 0.0677667 0.000837514
65.83 12.9848 -0.224199 -0.192017 30.2266 0.0677508 0.000838068
65.84 12.9837 -0.224225 -0.191765 30.234 0.0677348 0.000838439
65.85 12.9825 -0.224255 -0.191515 30.2415 0.0677188 0.000838552
65.86 12.9814 -0.224291 -0.191267 30.2489 0.0677028 0.000838437
65.87 12.9802 -0.22433 -0.19102 30.2563 0.0676867 0.000838212
65.88 12.9791 -0.224375 -0.190774 30.2637 0.0676706 0.000837997
65.89 12.978 -0.224423 -0.19053 30.2712 0.0676546 0.000837822
65.9 12.9768 -0.224475 -0.190288 30.2786 0.0676388 0.000837605
65.91 12.9757 -0.224531 -0.190047 30.286 0.0676229 0.00083723
65.92 12.9746 -0.224589 -0.189808 30.2934 0.0676071 0.000836608
65.93 12.9734 -0.22465 -0.18957 30.3008 0.0675912 0.000835752
65.94 12.9723 -0.224713 -0.189335 30.3083 0.0675753 0.000834738
65.95 12.9712 -0.22478 -0.189102 30.3157 0.0675593 0.000833671
65.96 12.9701 -0.224849 -0.18887 30.3231 0.0675434 0.000832606
65.97 12.9689 -0.224922 -0.18864 30.3305 0.0675276 0.000831528
65.98 12.9678 -0.224997 -0.188412 30.338 0.0675118 0.000830357
65.99 12.9667 -0.225076 -0.188186 30.3454 0.0674961 0.000829004
66 12.9656 -0.225158 -0.187962 30.3528 0.0674804 0.000827428
66.01 12.9644 -0.225243 -0.18774 30.3602 0.0674646 0.000825651
66.02 12.9633 -0.225332 -0.18752 30.3677 0.0674487 0.000823749
66.03 12.9622 -0.225426 -0.187302 30.3751 0.0674329 0.00082179
66.04 12.9611 -0.225524 -0.187085 30.3825 0.0674171 0.000819821
66.05 12.96 -0.225628 -0.18687 30.3899 0.0674013 0.000817813
66.06 12.9588 -0.225737 -0.186657 30.3973 0.0673857 0.000815717
66.07 12.9577 -0.225852 -0.186446 30.4048 0.06737 0.000813463
66.08 12.9566 -0.225972 -0.186237 30.4122 0.0673543 0.000810985
66.09 12.9555 -0.226098 -0.186031 30.4196 0.0673386 0.000808269
66.1 12.9543 -0.22623 -0.185826 30.427 0.0673228 0.000805413
66.11 12.9532 -0.226369 -0.185623 30.4345 0.067307 0.000802541
66.12 12.9521 -0.226514 -0.185422 30.4419 0.0672913 0.000799686
66.13 12.951 -0.226667 -0.185222 30.4493 0.0672756 0.000796783
66.14 12.9499 -0.226826 -0.185025 30.4567 0.06726 0.000793717
66.15 12.9488 -0.226992 -0.18483 30.4642 0.0672444 0.000790428
66.16 12.9476 -0.227163 -0.184638 30.4716 0.0672287 0.000786926
66.17 12.9465 -0.227341 -0.184448 30.479 0.067213 0.000783284
66.18 12.9454 -0.227525 -0.18426 30.4864 0.0671972 0.000779572
66.19 12.9443 -0.227715 -0.184074 30.4939 0.0671815 0.000775831
66.2 12.9432 -0.227911 -0.183891 30.5013 0.0671658 0.000772031
66.21 12.942 -0.228111 -0.183711 30.5087 0.0671502 0.000768118
66.22 12.9409 -0.228317 -0.183533 30.5161 0.0671346 0.000764033
66.23 12.9398 -0.228526 -0.183358 30.5236 0.067119 0.000759754
66.24 12.9387 -0.22874 -0.183186 30.531 0.0671033 0.000755302
66.25 12.9376 -0.228957 -0.183017 30.5384 0.0670876 0.00075072
66.26 12.9365 -0.229177 -0.182851 30.5458 0.0670718 0.000746057
66.27 12.9354 -0.2294 -0.182688 30.5533 0.0670561 0.000741327
66.28 12.9342 -0.229626 -0.182528 30.5607 0.0670404 0.000736519
66.29 12.9331 -0.229854 -0.182371 30.5681 0.0670248 0.000731582
66.3 12.932 -0.230084 -0.182218 30.5755 0.0670093 0.000726478
66.31 12.9309 -0.230316 -0.182068 30.583 0.0669936 0.000721185
66.32 12.9298 -0.230549 -0.181921 30.5904 0.0669779 0.000715729
66.33 12.9287 -0.230784 -0.181778 30.5978 0.0669622 0.000710146
66.34 12.9276 -0.231021 -0.181638 30.6052 0.0669464 0.000704476
66.35 12.9265 -0.23126 -0.181502 30.6127 0.0669307 0.000698732
66.36 12.9254 -0.2315 -0.181369 30.6201 0.0669151 0.000692893
66.37 12.9242 -0.231742 -0.181239 30.6275 0.0668995 0.000686911
66.38 12.9231 -0.231987 -0.181113 30.635 0.0668839 0.000680749
66.39 12.922 -0.232233 -0.180991 30.6424 0.0668682 0.000674411
66.4 12.9209 -0.232483 -0.180872 30.6498 0.0668525 0.000667919
66.41 12.9198 -0.232735 -0.180757 30.6572 0.0668367 0.000661319
66.42 12.9187 -0.232991 -0.180645 30.6647 0.0668209 0.000654634
66.43 12.9176 -0.23325 -0.180536 30.6721 0.0668052 0.000647862
66.44 12.9165 -0.233514 -0.18043 30.6795 0.0667896 0.000640965
66.45 12.9153 -0.233781 -0.180328 30.6869 0.066774 0.00063391
66.46 12.9142 -0.234053 -0.18023 30.6944 0.0667583 0.000626679
66.47 12.9131 -0.23433 -0.180135 30.7018 0.0667426 0.000619294
66.48 12.912 -0.234612 -0.180044 30.7092 0.0667269 0.00061178
66.49 12.9109 -0.234899 -0.179956 30.7167 0.0667111 0.000604158
66.5 12.9098 -0.235192 -0.179872 30.7241 0.0666953 0.000596433
66.51 12.9087 -0.23549 -0.179791 30.7315 0.0666796 0.000588588
66.52 12.9076 -0.235793 -0.179713 30.7389 0.0666639 0.000580608
66.53 12.9064 -0.236102 -0.179639 30.7464 0.0666483 0.000572479
66.54 12.9053 -0.236417 -0.179569 30.7538 0.0666326 0.000564203
66.55 12.9042 -0.236736 -0.179502 30.7612 0.0666168 0.000555778
66.56 12.9031 -0.237061 -0.17944 30.7686 0.066601 0.000547219
66.57 12.902 -0.23739 -0.179381 30.7761 0.0665852 0.000538539
66.58 12.9009 -0.237724 -0.179326 30.7835 0.0665694 0.000529746
66.59 12.8998 -0.238062 -0.179275 30.7909 0.0665537 0.000520827
66.6 12.8987 -0.238404 -0.179228 30.7984 0.0665381 0.00051177
66.61 12.8975 -0.23875 -0.179186 30.8058 0.0665224 0.00050257
66.62 12.8964 -0.239099 -0.179147 30.8132 0.0665067 0.000493228
66.63 12.8953 -0.23945 -0.179113 30.8206 0.0664909 0.000483746
66.64 12.8942 -0.239804 -0.179083 30.8281 0.066475 0.000474128
66.65 12.8931 -0.24016 -0.179058 30.8355 0.0664592 0.00046439
66.66 12.892 -0.240518 -0.179037 30.8429 0.0664434 0.000454562
66.67 12.8909 -0.240877 -0.179021 30.8504 0.0664277 0.000444663
66.68 12.8898 -0.241238 -0.179009 30.8578 0.066412 0.000434613
66.69 12.8886 -0.241599 -0.179002 30.8652 0.0663963 0.000424347
66.7 12.8875 -0.241962 -0.179 30.8726 0.0663805 0.000413892
66.71 12.8864 -0.242325 -0.179002 30.8801 0.0663647 0.00040333
66.72 12.8853 -0.242689 -0.179009 30.8875 0.0663489 0.000392704
66.73 12.8842 -0.243055 -0.179021 30.8949 0.066333 0.000381991
66.74 12.8831 -0.243421 -0.179038 30.9024 0.0663173 0.000371134
66.75 12.882 -0.243788 -0.179059 30.9098 0.0663015 0.000360102
66.76 12.8809 -0.244157 -0.179085 30.9172 0.0662858 0.00034892
66.77 12.8797 -0.244526 -0.179116 30.9247 0.0662701 0.000337635
66.78 12.8786 -0.244898 -0.179151 30.9321 0.0662543 0.000326274
66.79 12.8775 -0.245272 -0.179192 30.9395 0.0662384 0.000314811
66.8 12.8764 -0.245648 -0.179237 30.9469 0.0662226 0.000303213
66.81 12.8753 -0.246026 -0.179287 30.9544 0.0662067 0.000291447
66.82 12.8742 -0.246408 -0.179341 30.9618 0.066191 0.000279537
66.83 12.8731 -0.246793 -0.1794 30.9692 0.0661752 0.000267518
66.84 12.8719 -0.247181 -0.179464 30.9767 0.0661595 0.000255416
66.85 12.8708 -0.247573 -0.179532 30.9841 0.0661437 0.000243228
66.86 12.8697 -0.24797 -0.179605 30.9915 0.0661279 0.000230932
66.87 12.8686 -0.24837 -0.179683 30.999 0.066112 0.000218493
66.88 12.8675 -0.248775 -0.179766 31.0064 0.0660961 0.000205907
66.89 12.8664 -0.249185 -0.179853 31.0138 0.0660803 0.000193199
66.9 12.8653 -0.2496 -0.179944 31.0212 0.0660645 0.000180382
66.91 12.8641 -0.250019 -0.180041 31.0287 0.0660487 0.000167469
66.92 12.863 -0.250443 -0.180142 31.0361 0.0660329 0.000154456
66.93 12.8619 -0.250871 -0.180248 31.0435 0.0660171 0.00014135
66.94 12.8608 -0.251304 -0.18036 31.051 0.0660012 0.000128141
66.95 12.8597 -0.251741 -0.180476 31.0584 0.0659853 0.00011482
66.96 12.8586 -0.252182 -0.180597 31.0658 0.0659694 0.00010137
66.97 12.8575 -0.252627 -0.180723 31.0733 0.0659535 8.77897e-05
66.98 12.8564 -0.253075 -0.180854 31.0807 0.0659377 7.40888e-05
66.99 12.8553 -0.253527 -0.18099 31.0881 0.065922 6.02962e-05
67 12.8542 -0.253981 -0.181132 31.0956 0.0659061 4.64366e-05
67.01 12.853 -0.254438 -0.181279 31.103 0.0658903 3.25099e-05
67.02 12.8519 -0.254897 -0.181432 31.1104 0.0658744 1.85015e-05
67.03 12.8508 -0.255358 -0.18159 31.1179 0.0658585 4.37958e-06
67.04 12.8497 -0.255821 -0.181754 31.1253 0.0658427 -9.88797e-06
67.05 12.8486 -0.256285 -0.181923 31.1327 0.0658269 -2.4307e-05
67.06 12.8475 -0.25675 -0.182097 31.1402 0.0658111 -3.88295e-05
67.07 12.8464 -0.257216 -0.182278 31.1476 0.0657953 -5.34045e-05
67.08 12.8453 -0.257683 -0.182464 31.155 0.0657795 -6.80025e-05
67.09 12.8442 -0.258151 -0.182656 31.1624 0.0657636 -8.26549e-05
67.1 12.8431 -0.258619 -0.182854 31.1699 0.0657477 -9.74082e-05
67.11 12.8421 -0.259088 -0.183057 31.1773 0.0657319 -0.000112301
67.12 12.841 -0.259558 -0.183266 31.1847 0.065716 -0.000127339
67.13 12.8399 -0.260028 -0.183481 31.1922 0.0657003 -0.000142484
67.14 12.8388 -0.260499 -0.183701 31.1996 0.0656845 -0.000157684
67.15 12.8377 -0.260971 -0.183927 31.207 0.0656688 -0.000172904
67.16 12.8366 -0.261444 -0.184159 31.2145 0.065653 -0.00018815
67.17 12.8355 -0.261919 -0.184396 31.2219 0.0656372 -0.000203458
67.18 12.8344 -0.262396 -0.18464 31.2293 0.0656214 -0.000218884
67.19 12.8333 -0.262875 -0.184888 31.2368 0.0656056 -0.000234437
67.2 12.8323 -0.263356 -0.185142 31.2442 0.0655899 -0.000250104
67.21 12.8312 -0.26384 -0.185402 31.2516 0.0655742 -0.000265837
67.22 12.8301 -0.264328 -0.185667 31.2591 0.0655586 -0.000281605
67.23 12.829 -0.264818 -0.185937 31.2665 0.0655429 -0.000297391
67.24 12.828 -0.265312 -0.186213 31.2739 0.0655272 -0.000313197
67.25 12.8269 -0.265811 -0.186495 31.2814 0.0655115 -0.00032906
67.26 12.8258 -0.266313 -0.186782 31.2888 0.0654957 -0.000345018
67.27 12.8247 -0.266819 -0.187074 31.2962 0.0654801 -0.000361097
67.28 12.8237 -0.26733 -0.187372 31.3037 0.0654644 -0.000377281
67.29 12.8226 -0.267844 -0.187675 31.3111 0.0654489 -0.000393525
67.3 12.8215 -0.268364 -0.187984 31.3185 0.0654334 -0.00040977
67.31 12.8205 -0.268887 -0.188298 31.326 0.0654178 -0.000426
67.32 12.8194 -0.269416 -0.188617 31.3334 0.0654022 -0.000442229
67.33 12.8184 -0.269948 -0.188943 31.3408 0.0653866 -0.000458518
67.34 12.8173 -0.270484 -0.189274 31.3483 0.065371 -0.000474916
67.35 12.8163 -0.271023 -0.18961 31.3557 0.0653555 -0.00049144
67.36 12.8152 -0.271566 -0.189953 31.3631 0.06534 -0.000508045
67.37 12.8142 -0.272112 -0.1903 31.3706 0.0653246 -0.000524665
67.38 12.8131 -0.272661 -0.190654 31.378 0.0653092 -0.000541246
67.39 12.8121 -0.273213 -0.191014 31.3855 0.0652938 -0.000557789
67.4 12.811 -0.273767 -0.19138 31.3929 0.0652783 -0.000574351
67.41 12.81 -0.274323 -0.191752 31.4003 0.0652629 -0.000590992
67.42 12.809 -0.27488 -0.19213 31.4078 0.0652475 -0.00060775
67.43 12.8079 -0.275438 -0.192513 31.4152 0.0652321 -0.000624593
67.44 12.8069 -0.275997 -0.192903 31.4226 0.0652169 -0.000641467
67.45 12.8059 -0.276557 -0.193299 31.4301 0.0652016 -0.000658322
67.46 12.8049 -0.277118 -0.193702 31.4375 0.0651864 -0.000675136
67.47 12.8038 -0.27768 -0.19411 31.4449 0.0651711 -0.00069192
67.48 12.8028 -0.278241 -0.194525 31.4524 0.0651559 -0.000708722
67.49 12.8018 -0.278803 -0.194946 31.4598 0.0651406 -0.000725588
67.5 12.8008 -0.279366 -0.195374 31.4672 0.0651254 -0.000742554
67.51 12.7998 -0.279928 -0.195807 31.4747 0.0651103 -0.000759603
67.52 12.7988 -0.280491 -0.196247 31.4821 0.0650952 -0.000776665
67.53 12.7978 -0.281055 -0.196692 31.4895 0.0650802 -0.000793677
67.54 12.7968 -0.28162 -0.197144 31.497 0.0650652 -0.000810608
67.55 12.7958 -0.282185 -0.197602 31.5044 0.0650501 -0.000827499
67.56 12.7948 -0.282753 -0.198067 31.5119 0.0650351 -0.000844416
67.57 12.7938 -0.283321 -0.198537 31.5193 0.0650201 -0.000861419
67.58 12.7928 -0.283892 -0.199013 31.5267 0.0650051 -0.000878514
67.59 12.7918 -0.284465 -0.199495 31.5342 0.0649902 -0.000895661
67.6 12.7908 -0.28504 -0.199982 31.5416 0.0649754 -0.000912775
67.61 12.7898 -0.285618 -0.200476 31.549 0.0649606 -0.000929807
67.62 12.7888 -0.286199 -0.200975 31.5565 0.0649458 -0.000946755
67.63 12.7879 -0.286784 -0.20148 31.5639 0.064931 -0.000963666
67.64 12.7869 -0.287372 -0.201991 31.5713 0.0649162 -0.000980619
67.65 12.7859 -0.287964 -0.202508 31.5788 0.0649015 -0.000997618
67.66 12.785 -0.28856 -0.20303 31.5862 0.0648868 -0.00101462
67.67 12.784 -0.28916 -0.203558 31.5937 0.0648723 -0.00103164
67.68 12.7831 -0.289764 -0.204092 31.6011 0.0648577 -0.0010487
67.69 12.7821 -0.290372 -0.204631 31.6085 0.0648432 -0.00106571
67.7 12.7812 -0.290985 -0.205177 31.616 0.0648286 -0.00108262
67.71 12.7802 -0.291601 -0.205728 31.6234 0.0648141 -0.00109944
67.72 12.7793 -0.292222 -0.206285 31.6308 0.0647996 -0.00111626
67.73 12.7783 -0.292845 -0.206847 31.6383 0.0647852 -0.00113318
67.74 12.7774 -0.293472 -0.207415 31.6457 0.0647709 -0.00115018
67.75 12.7765 -0.294102 -0.207989 31.6531 0.0647566 -0.00116719
67.76 12.7755 -0.294735 -0.208569 31.6606 0.0647424 -0.00118407
67.77 12.7746 -0.29537 -0.209155 31.668 0.0647281 -0.0012008
67.78 12.7737 -0.296008 -0.209747 31.6755 0.0647139 -0.00121743
67.79 12.7728 -0.296648 -0.210346 31.6829 0.0646997 -0.00123407
67.8 12.7719 -0.297289 -0.21095 31.6903 0.0646856 -0.00125078
67.81 12.771 -0.297931 -0.21156 31.6978 0.0646716 -0.00126757
67.82 12.7701 -0.298574 -0.212176 31.7052 0.0646577 -0.00128436
67.83 12.7692 -0.299218 -0.212798 31.7127 0.0646438 -0.00130109
67.84 12.7683 -0.299863 -0.213427 31.7201 0.0646299 -0.00131769
67.85 12.7674 -0.300509 -0.214062 31.7275 0.0646161 -0.00133417
67.86 12.7665 -0.301154 -0.214703 31.735 0.0646022 -0.00135058
67.87 12.7656 -0.3018 -0.21535 31.7424 0.0645884 -0.001367
67.88 12.7647 -0.302446 -0.216003 31.7498 0.0645746 -0.0013835
67.89 12.7639 -0.303092 -0.216662 31.7573 0.064561 -0.00140005
67.9 12.763 -0.303738 -0.217328 31.7647 0.0645474 -0.00141658
67.91 12.7621 -0.304384 -0.217999 31.7722 0.0645338 -0.00143301
67.92 12.7613 -0.305031 -0.218676 31.7796 0.0645204 -0.00144929
67.93 12.7604 -0.305679 -0.21936 31.787 0.0645069 -0.00146545
67.94 12.7596 -0.306327 -0.220049 31.7945 0.0644934 -0.00148156
67.95 12.7587 -0.306977 -0.220744 31.8019 0.06448 -0.00149773
67.96 12.7579 -0.307628 -0.221446 31.8093 0.0644667 -0.00151397
67.97 12.757 -0.30828 -0.222152 31.8168 0.0644535 -0.00153023
67.98 12.7562 -0.308934 -0.222865 31.8242 0.0644403 -0.00154644
67.99 12.7554 -0.309591 -0.223583 31.8317 0.0644272 -0.0015625
68 12.7546 -0.31025 -0.224307 31.8391 0.0644141 -0.00157842
68.01 12.7537 -0.310913 -0.225036 31.8465 0.0644011 -0.00159424
68.02 12.7529 -0.311578 -0.225771 31.854 0.0643881 -0.00161004
68.03 12.7521 -0.312246 -0.226512 31.8614 0.0643751 -0.00162591
68.04 12.7513 -0.312918 -0.227258 31.8689 0.0643623 -0.00164183
68.05 12.7505 -0.313592 -0.228009 31.8763 0.0643495 -0.00165776
68.06 12.7497 -0.314271 -0.228766 31.8837 0.0643367 -0.00167359
68.07 12.7489 -0.314953 -0.229528 31.8912 0.0643241 -0.00168927
68.08 12.7482 -0.315639 -0.230296 31.8986 0.0643114 -0.00170481
68.09 12.7474 -0.316328 -0.23107 31.9061 0.0642988 -0.00172027
68.1 12.7466 -0.317021 -0.231848 31.9135 0.0642863 -0.00173573
68.11 12.7458 -0.317716 -0.232633 31.9209 0.0642738 -0.00175126
68.12 12.7451 -0.318414 -0.233422 31.9284 0.0642614 -0.00176684
68.13 12.7443 -0.319115 -0.234218 31.9358 0.0642491 -0.00178239
68.14 12.7436 -0.319818 -0.235018 31.9433 0.0642369 -0.00179783
68.15 12.7428 -0.320524 -0.235824 31.9507 0.0642247 -0.00181309
68.16 12.7421 -0.321231 -0.236636 31.9581 0.0642125 -0.00182821
68.17 12.7414 -0.32194 -0.237454 31.9656 0.0642004 -0.0018433
68.18 12.7406 -0.32265 -0.238277 31.973 0.0641883 -0.00185842
68.19 12.7399 -0.32336 -0.239106 31.9805 0.0641764 -0.00187361
68.2 12.7392 -0.324071 -0.23994 31.9879 0.0641645 -0.00188883
68.21 12.7385 -0.324781 -0.24078 31.9953 0.0641526 -0.00190398
68.22 12.7378 -0.325492 -0.241626 32.0028 0.0641409 -0.00191898
68.23 12.7371 -0.326203 -0.242477 32.0102 0.0641292 -0.00193381
68.24 12.7364 -0.326913 -0.243334 32.0177 0.0641175 -0.00194854
68.25 12.7357 -0.327622 -0.244197 32.0251 0.0641059 -0.00196326
68.26 12.735 -0.328331 -0.245065 32.0325 0.0640944 -0.00197804
68.27 12.7343 -0.329038 -0.245939 32.04 0.0640829 -0.00199288
68.28 12.7336 -0.329745 -0.246819 32.0474 0.0640715 -0.00200772
68.29 12.733 -0.33045 -0.247703 32.0549 0.0640602 -0.00202246
68.3 12.7323 -0.331156 -0.248594 32.0623 0.064049 -0.00203703
68.31 12.7316 -0.331861 -0.249489 32.0697 0.0640378 -0.00205145
68.32 12.731 -0.332566 -0.25039 32.0772 0.0640267 -0.00206579
68.33 12.7303 -0.33327 -0.251296 32.0846 0.0640156 -0.00208015
68.34 12.7297 -0.333975 -0.252208 32.0921 0.0640046 -0.00209458
68.35 12.729 -0.334679 -0.253124 32.0995 0.0639937 -0.00210905
68.36 12.7284 -0.335384 -0.254046 32.107 0.0639829 -0.00212349
68.37 12.7278 -0.336091 -0.254973 32.1144 0.0639721 -0.00213781
68.38 12.7272 -0.336798 -0.255904 32.1218 0.0639614 -0.00215194
68.39 12.7265 -0.337508 -0.25684 32.1293 0.0639508 -0.00216594
68.4 12.7259 -0.338219 -0.257782 32.1367 0.0639403 -0.00217991
68.41 12.7253 -0.338932 -0.258728 32.1442 0.0639298 -0.0021939
68.42 12.7247 -0.339647 -0.259679 32.1516 0.0639194 -0.00220798
68.43 12.7241 -0.340363 -0.260634 32.159 0.0639091 -0.00222211
68.44 12.7235 -0.341082 -0.261594 32.1665 0.0638988 -0.00223617
68.45 12.723 -0.341804 -0.262559 32.1739 0.0638887 -0.00225004
68.46 12.7224 -0.342529 -0.263529 32.1814 0.0638786 -0.0022637
68.47 12.7218 -0.343256 -0.264503 32.1888 0.0638685 -0.00227725
68.48 12.7212 -0.343985 -0.265482 32.1963 0.0638586 -0.00229083
68.49 12.7207 -0.344715 -0.266465 32.2037 0.0638487 -0.00230449
68.5 12.7201 -0.345448 -0.267454 32.2111 0.0638389 -0.0023182
68.51 12.7196 -0.346182 -0.268447 32.2186 0.0638292 -0.00233187
68.52 12.719 -0.346917 -0.269444 32.226 0.0638195 -0.00234541
68.53 12.7185 -0.347653 -0.270447 32.2335 0.0638099 -0.0023588
68.54 12.718 -0.348391 -0.271454 32.2409 0.0638004 -0.00237205
68.55 12.7174 -0.349129 -0.272466 32.2484 0.063791 -0.00238524
68.56 12.7169 -0.349866 -0.273483 32.2558 0.0637817 -0.00239844
68.57 12.7164 -0.350603 -0.274504 32.2632 0.0637724 -0.00241168
68.58 12.7159 -0.351339 -0.27553 32.2707 0.0637632 -0.00242495
68.59 12.7154 -0.352074 -0.276562 32.2781 0.063754 -0.00243818
68.6 12.7149 -0.352808 -0.277597 32.2856 0.063745 -0.00245127
68.61 12.7144 -0.35354 -0.278638 32.293 0.063736 -0.0024642
68.62 12.7139 -0.354271 -0.279683 32.3005 0.0637271 -0.00247701
68.63 12.7134 -0.355 -0.280734 32.3079 0.0637182 -0.00248976
68.64 12.7129 -0.355726 -0.281788 32.3153 0.0637095 -0.00250254
68.65 12.7124 -0.35645 -0.282848 32.3228 0.0637008 -0.00251536
68.66 12.7119 -0.357172 -0.283912 32.3302 0.0636922 -0.00252818
68.67 12.7115 -0.357891 -0.28498 32.3377 0.0636837 -0.00254092
68.68 12.711 -0.358609 -0.286054 32.3451 0.0636753 -0.00255353
68.69 12.7106 -0.359325 -0.287131 32.3526 0.0636669 -0.00256598
68.7 12.7101 -0.36004 -0.288213 32.36 0.0636586 -0.00257832
68.71 12.7097 -0.360753 -0.289299 32.3674 0.0636503 -0.00259062
68.72 12.7092 -0.361464 -0.29039 32.3749 0.0636422 -0.00260295
68.73 12.7088 -0.362174 -0.291485 32.3823 0.0636341 -0.00261532
68.74 12.7084 -0.362883 -0.292584 32.3898 0.063626 -0.00262767
68.75 12.7079 -0.363592 -0.293686 32.3972 0.063618 -0.00263991
68.76 12.7075 -0.3643 -0.294793 32.4047 0.0636102 -0.00265198
68.77 12.7071 -0.365009 -0.295904 32.4121 0.0636024 -0.00266389
68.78 12.7067 -0.365718 -0.297018 32.4195 0.0635946 -0.0026757
68.79 12.7063 -0.366427 -0.298137 32.427 0.063587 -0.00268752
68.8 12.7059 -0.367136 -0.299259 32.4344 0.0635794 -0.00269937
68.81 12.7055 -0.367846 -0.300385 32.4419 0.0635719 -0.00271123
68.82 12.7051 -0.368556 -0.301514 32.4493 0.0635644 -0.00272302
68.83 12.7047 -0.369268 -0.302647 32.4568 0.063557 -0.00273467
68.84 12.7044 -0.369981 -0.303784 32.4642 0.0635497 -0.00274614
68.85 12.704 -0.370695 -0.304924 32.4717 0.0635424 -0.00275748
68.86 12.7036 -0.371409 -0.306068 32.4791 0.0635353 -0.00276875
68.87 12.7032 -0.372124 -0.307215 32.4865 0.0635282 -0.00278002
68.88 12.7029 -0.372839 -0.308366 32.494 0.0635212 -0.0027913
68.89 12.7025 -0.373554 -0.309521 32.5014 0.0635142 -0.00280257
68.9 12.7022 -0.374269 -0.310679 32.5089 0.0635072 -0.00281374
68.91 12.7018 -0.374983 -0.311841 32.5163 0.0635003 -0.00282475
68.92 12.7015 -0.375697 -0.313006 32.5238 0.0634935 -0.00283559
68.93 12.7012 -0.37641 -0.314175 32.5312 0.0634868 -0.0028463
68.94 12.7008 -0.377121 -0.315347 32.5387 0.0634802 -0.00285696
68.95 12.7005 -0.377831 -0.316523 32.5461 0.0634736 -0.00286763
68.96 12.7002 -0.378538 -0.317703 32.5536 0.0634671 -0.00287831
68.97 12.6999 -0.379242 -0.318886 32.561 0.0634606 -0.00288893
68.98 12.6996 -0.379943 -0.320074 32.5684 0.0634541 -0.00289942
68.99 12.6993 -0.380642 -0.321264 32.5759 0.0634477 -0.00290974
69 12.6989 -0.381337 -0.322458 32.5833 0.0634414 -0.0029199
69.01 12.6986 -0.382028 -0.323656 32.5908 0.0634352 -0.00292995
69.02 12.6984 -0.382716 -0.324857 32.5982 0.0634291 -0.00293997
69.03 12.6981 -0.383399 -0.326062 32.6057 0.063423 -0.00295
69.04 12.6978 -0.384078 -0.32727 32.6131 0.0634169 -0.00295999
69.05 12.6975 -0.384753 -0.328482 32.6206 0.0634108 -0.00296991
69.06 12.6972 -0.385424 -0.329697 32.628 0.0634048 -0.00297967
69.07 12.6969 -0.386091 -0.330915 32.6355 0.0633988 -0.00298926
69.08 12.6967 -0.386755 -0.332137 32.6429 0.063393 -0.0029987
69.09 12.6964 -0.387415 -0.333362 32.6503 0.0633872 -0.00300806
69.1 12.6961 -0.388071 -0.334589 32.6578 0.0633815 -0.00301738
69.11 12.6959 -0.388723 -0.33582 32.6652 0.0633758 -0.0030267
69.12 12.6956 -0.389373 -0.337054 32.6727 0.0633701 -0.00303596
69.13 12.6953 -0.39002 -0.338291 32.6801 0.0633644 -0.0030451
69.14 12.6951 -0.390664 -0.33953 32.6876 0.0633588 -0.00305408
69.15 12.6949 -0.391306 -0.340773 32.695 0.0633532 -0.00306289
69.16 12.6946 -0.391946 -0.342017 32.7025 0.0633478 -0.00307156
69.17 12.6944 -0.392585 -0.343265 32.7099 0.0633424 -0.00308015
69.18 12.6941 -0.393221 -0.344515 32.7174 0.063337 -0.00308872
69.19 12.6939 -0.393856 -0.345767 32.7248 0.0633316 -0.00309725
69.2 12.6937 -0.39449 -0.347022 32.7323 0.0633263 -0.0031057
69.21 12.6934 -0.395122 -0.34828 32.7397 0.063321 -0.003114
69.22 12.6932 -0.395753 -0.34954 32.7472 0.0633157 -0.00312213
69.23 12.693 -0.396383 -0.350802 32.7546 0.0633105 -0.0031301
69.24 12.6928 -0.397011 -0.352066 32.7621 0.0633054 -0.00313794
69.25 12.6926 -0.397638 -0.353333 32.7695 0.0633003 -0.00314572
69.26 12.6923 -0.398264 -0.354602 32.777 0.0632953 -0.00315345
69.27 12.6921 -0.398887 -0.355874 32.7844 0.0632902 -0.00316113
69.28 12.6919 -0.399508 -0.357147 32.7919 0.0632851 -0.0031687
69.29 12.6917 -0.400126 -0.358424 32.7993 0.0632801 -0.00317613
69.3 12.6915 -0.400742 -0.359702 32.8067 0.0632751 -0.00318338
69.31 12.6913 -0.401355 -0.360983 32.8142 0.0632702 -0.00319047
69.32 12.6911 -0.401964 -0.362266 32.8216 0.0632654 -0.00319744
69.33 12.6909 -0.402569 -0.363551 32.8291 0.0632606 -0.00320437
69.34 12.6907 -0.40317 -0.364838 32.8365 0.0632558 -0.00321131
69.35 12.6905 -0.403766 -0.366128 32.844 0.063251 -0.00321816
69.36 12.6903 -0.404358 -0.367421 32.8514 0.0632462 -0.00322484
69.37 12.6902 -0.404944 -0.368715 32.8589 0.0632414 -0.0032313
69.38 12.69 -0.405525 -0.370012 32.8663 0.0632367 -0.00323761
69.39 12.6898 -0.4061 -0.371311 32.8738 0.063232 -0.00324381
69.4 12.6896 -0.406669 -0.372612 32.8812 0.0632274 -0.00324995
69.41 12.6894 -0.407232 -0.373916 32.8887 0.0632228 -0.00325602
69.42 12.6892 -0.407789 -0.375222 32.8961 0.0632182 -0.00326201
69.43 12.6891 -0.408339 -0.37653 32.9036 0.0632136 -0.00326789
69.44 12.6889 -0.408883 -0.37784 32.911 0.0632089 -0.00327365
69.45 12.6887 -0.409421 -0.379152 32.9185 0.0632043 -0.00327925
69.46 12.6885 -0.409953 -0.380466 32.9259 0.0631998 -0.0032847
69.47 12.6883 -0.410479 -0.381781 32.9334 0.0631954 -0.00329001
69.48 12.6882 -0.410999 -0.383099 32.9408 0.0631909 -0.00329523
69.49 12.688 -0.411513 -0.384418 32.9483 0.0631865 -0.00330038
69.5 12.6878 -0.412021 -0.385739 32.9557 0.0631821 -0.00330546
69.51 12.6876 -0.412524 -0.387061 32.9632 0.0631776 -0.00331045
69.52 12.6875 -0.413022 -0.388385 32.9706 0.0631731 -0.00331529
69.53 12.6873 -0.413516 -0.389711 32.9781 0.0631686 -0.00331996
69.54 12.6871 -0.414005 -0.391038 32.9855 0.0631643 -0.00332446
69.55 12.6869 -0.41449 -0.392365 32.993 0.0631599 -0.00332884
69.56 12.6868 -0.414971 -0.393694 33.0005 0.0631556 -0.00333319
69.57 12.6866 -0.415447 -0.395025 33.0079 0.0631513 -0.00333756
69.58 12.6864 -0.415919 -0.396356 33.0154 0.0631469 -0.00334184
69.59 12.6863 -0.416388 -0.397689 33.0228 0.0631424 -0.00334588
69.6 12.6861 -0.416853 -0.399023 33.0303 0.063138 -0.00334969
69.61 12.6859 -0.417314 -0.400357 33.0377 0.0631337 -0.00335335
69.62 12.6857 -0.417772 -0.401692 33.0452 0.0631294 -0.00335695
69.63 12.6856 -0.418225 -0.403029 33.0526 0.0631251 -0.0033605
69.64 12.6854 -0.418674 -0.404366 33.0601 0.0631209 -0.00336396
69.65 12.6852 -0.419119 -0.405704 33.0675 0.0631166 -0.0033673
69.66 12.6851 -0.41956 -0.407043 33.075 0.0631122 -0.00337052
69.67 12.6849 -0.419995 -0.408384 33.0824 0.0631078 -0.00337363
69.68 12.6847 -0.420426 -0.409725 33.0899 0.0631034 -0.00337662
69.69 12.6845 -0.420851 -0.411066 33.0973 0.0630991 -0.00337947
69.7 12.6844 -0.42127 -0.412409 33.1048 0.0630948 -0.00338218
69.71 12.6842 -0.421684 -0.413752 33.1122 0.0630905 -0.00338477
69.72 12.684 -0.42209 -0.415097 33.1197 0.0630862 -0.00338729
69.73 12.6838 -0.42249 -0.416442 33.1272 0.0630819 -0.00338976
69.74 12.6837 -0.422882 -0.417788 33.1346 0.0630775 -0.00339214
69.75 12.6835 -0.423267 -0.419136 33.1421 0.063073 -0.0033944
69.76 12.6833 -0.423644 -0.420484 33.1495 0.0630686 -0.00339648
69.77 12.6831 -0.424013 -0.421832 33.157 0.0630643 -0.0033984
69.78 12.6829 -0.424374 -0.423181 33.1644 0.06306 -0.00340022
69.79 12.6828 -0.424726 -0.424531 33.1719 0.0630556 -0.00340198
69.8 12.6826 -0.425069 -0.425882 33.1793 0.0630513 -0.00340368
69.81 12.6824 -0.425404 -0.427234 33.1868 0.0630468 -0.0034053
69.82 12.6822 -0.42573 -0.428587 33.1943 0.0630423 -0.0034068
69.83 12.682 -0.426047 -0.429939 33.2017 0.0630378 -0.00340816
69.84 12.6818 -0.426356 -0.431293 33.2092 0.0630334 -0.00340937
69.85 12.6816 -0.426656 -0.432646 33.2166 0.063029 -0.00341046
69.86 12.6814 -0.426948 -0.434 33.2241 0.0630246 -0.00341145
69.87 12.6812 -0.427231 -0.435354 33.2315 0.0630202 -0.00341237
69.88 12.681 -0.427507 -0.436709 33.239 0.0630157 -0.00341322
69.89 12.6808 -0.427774 -0.438063 33.2464 0.0630111 -0.00341399
69.9 12.6806 -0.428034 -0.439418 33.2539 0.0630065 -0.00341465
69.91 12.6804 -0.428287 -0.440773 33.2614 0.0630019 -0.00341517
69.92 12.6802 -0.428533 -0.442127 33.2688 0.0629974 -0.00341554
69.93 12.68 -0.428772 -0.443481 33.2763 0.0629929 -0.00341579
69.94 12.6798 -0.429005 -0.444835 33.2837 0.0629884 -0.00341596
69.95 12.6796 -0.42923 -0.446189 33.2912 0.0629838 -0.00341606
69.96 12.6793 -0.42945 -0.447542 33.2986 0.0629792 -0.0034161
69.97 12.6791 -0.429663 -0.448895 33.3061 0.0629745 -0.00341604
69.98 12.6789 -0.429871 -0.450248 33.3136 0.0629698 -0.00341585
69.99 12.6787 -0.430072 -0.4516 33.321 0.062965 -0.00341553
70 12.6784 -0.430267 -0.452951 33.3285 0.0629603 -0.00341508
70.01 12.6782 -0.430457 -0.454302 33.3359 0.0629557 -0.00341453
70.02 12.6779 -0.43064 -0.455652 33.3434 0.0629511 -0.0034139
70.03 12.6777 -0.430816 -0.457001 33.3509 0.0629463 -0.00341321
70.04 12.6775 -0.430986 -0.45835 33.3583 0.0629415 -0.00341244
70.05 12.6772 -0.431148 -0.459699 33.3658 0.0629366 -0.00341157
70.06 12.677 -0.431304 -0.461047 33.3732 0.0629317 -0.00341058
70.07 12.6767 -0.431453 -0.462393 33.3807 0.0629268 -0.00340946
70.08 12.6764 -0.431593 -0.46374 33.3882 0.062922 -0.00340822
70.09 12.6762 -0.431726 -0.465085 33.3956 0.0629172 -0.0034069
70.1 12.6759 -0.43185 -0.46643 33.4031 0.0629123 -0.00340551
70.11 12.6756 -0.431965 -0.467774 33.4105 0.0629074 -0.00340406
70.12 12.6753 -0.432071 -0.469117 33.418 0.0629023 -0.00340253
70.13 12.6751 -0.432167 -0.47046 33.4255 0.0628972 -0.00340089
70.14 12.6748 -0.432254 -0.471802 33.4329 0.0628921 -0.00339914
70.15 12.6745 -0.432331 -0.473143 33.4404 0.062887 -0.00339726
70.16 12.6742 -0.432398 -0.474483 33.4479 0.0628819 -0.00339528
70.17 12.6739 -0.432454 -0.475822 33.4553 0.0628769 -0.00339323
70.18 12.6736 -0.4325 -0.477161 33.4628 0.0628718 -0.00339111
70.19 12.6733 -0.432535 -0.478498 33.4702 0.0628666 -0.00338893
70.2 12.673 -0.432559 -0.479835 33.4777 0.0628613 -0.00338668
70.21 12.6727 -0.432573 -0.48117 33.4852 0.0628559 -0.00338431
70.22 12.6723 -0.432576 -0.482505 33.4926 0.0628505 -0.00338184
70.23 12.672 -0.432569 -0.483838 33.5001 0.0628452 -0.00337925
70.24 12.6717 -0.432551 -0.485169 33.5076 0.0628399 -0.00337656
70.25 12.6713 -0.432524 -0.486499 33.515 0.0628346 -0.00337381
70.26 12.671 -0.432486 -0.487828 33.5225 0.0628292 -0.003371
70.27 12.6706 -0.432438 -0.489156 33.5299 0.0628237 -0.00336813
70.28 12.6703 -0.432381 -0.490482 33.5374 0.0628181 -0.00336516
70.29 12.6699 -0.432315 -0.491806 33.5449 0.0628124 -0.0033621
70.3 12.6696 -0.43224 -0.493128 33.5523 0.0628068 -0.00335891
70.31 12.6692 -0.432156 -0.494449 33.5598 0.0628012 -0.0033557
70.32 12.6688 -0.432063 -0.495767 33.5673 0.0627956 -0.00335253
70.33 12.6684 -0.431962 -0.497083 33.5747 0.0627899 -0.00334928
70.34 12.668 -0.431853 -0.498397 33.5822 0.0627842 -0.00334581
70.35 12.6677 -0.431737 -0.499709 33.5897 0.0627783 -0.00334213
70.36 12.6673 -0.431613 -0.501019 33.5971 0.0627724 -0.00333839
70.37 12.6669 -0.43148 -0.502327 33.6046 0.0627664 -0.00333469
70.38 12.6664 -0.43134 -0.503633 33.6121 0.0627604 -0.00333098
70.39 12.666 -0.431192 -0.504936 33.6195 0.0627545 -0.00332716
70.4 12.6656 -0.431036 -0.506236 33.627 0.0627485 -0.00332317
70.41 12.6652 -0.430873 -0.507535 33.6345 0.0627425 -0.00331908
70.42 12.6647 -0.430701 -0.508831 33.6419 0.0627363 -0.00331495
70.43 12.6643 -0.430521 -0.510125 33.6494 0.0627301 -0.00331083
70.44 12.6639 -0.430333 -0.511416 33.6569 0.0627237 -0.00330665
70.45 12.6634 -0.430136 -0.512705 33.6643 0.0627174 -0.00330235
70.46 12.6629 -0.429929 -0.513992 33.6718 0.062711 -0.00329791
70.47 12.6625 -0.429714 -0.515276 33.6793 0.0627047 -0.00329338
70.48 12.662 -0.429489 -0.516557 33.6867 0.0626983 -0.00328881
70.49 12.6615 -0.429254 -0.517836 33.6942 0.0626919 -0.00328421
70.5 12.661 -0.429008 -0.519113 33.7017 0.0626853 -0.00327956
70.51 12.6605 -0.428753 -0.520388 33.7092 0.0626786 -0.00327482
70.52 12.6601 -0.428486 -0.52166 33.7166 0.0626718 -0.00326997
70.53 12.6595 -0.428208 -0.522929 33.7241 0.0626651 -0.00326503
70.54 12.659 -0.42792 -0.524196 33.7316 0.0626583 -0.00326002
70.55 12.6585 -0.427619 -0.52546 33.739 0.0626516 -0.00325495
70.56 12.658 -0.427308 -0.526722 33.7465 0.0626447 -0.00324982
70.57 12.6574 -0.426984 -0.527981 33.754 0.0626378 -0.00324462
70.58 12.6569 -0.426649 -0.529238 33.7614 0.0626308 -0.00323934
70.59 12.6564 -0.426302 -0.530492 33.7689 0.0626236 -0.00323397
70.6 12.6558 -0.425944 -0.531743 33.7764 0.0626164 -0.00322854
70.61 12.6552 -0.425574 -0.532991 33.7839 0.0626092 -0.00322302
70.62 12.6547 -0.425193 -0.534236 33.7913 0.062602 -0.00321742
70.63 12.6541 -0.424801 -0.535477 33.7988 0.0625947 -0.00321175
70.64 12.6535 -0.424397 -0.536716 33.8063 0.0625874 -0.003206
70.65 12.6529 -0.423983 -0.537952 33.8138 0.06258 -0.00320018
70.66 12.6523 -0.423559 -0.539184 33.8212 0.0625724 -0.00319429
70.67 12.6517 -0.423124 -0.540413 33.8287 0.0625648 -0.00318832
70.68 12.6511 -0.422679 -0.541639 33.8362 0.0625571 -0.00318226
70.69 12.6505 -0.422225 -0.54286 33.8436 0.0625494 -0.00317612
70.7 12.6498 -0.421761 -0.544078 33.8511 0.0625417 -0.00316991
70.71 12.6492 -0.421288 -0.545293 33.8586 0.0625339 -0.0031636
70.72 12.6485 -0.420806 -0.546503 33.8661 0.062526 -0.00315722
70.73 12.6479 -0.420315 -0.54771 33.8735 0.062518 -0.00315076
70.74 12.6472 -0.419816 -0.548913 33.881 0.0625099 -0.00314422
70.75 12.6466 -0.419308 -0.550112 33.8885 0.0625017 -0.00313761
70.76 12.6459 -0.418792 -0.551307 33.896 0.0624935 -0.00313091
70.77 12.6452 -0.418268 -0.552498 33.9034 0.0624853 -0.00312412
70.78 12.6445 -0.417735 -0.553685 33.9109 0.062477 -0.00311724
70.79 12.6438 -0.417194 -0.554867 33.9184 0.0624687 -0.00311029
70.8 12.6431 -0.416644 -0.556046 33.9259 0.0624603 -0.00310325
70.81 12.6424 -0.416086 -0.55722 33.9334 0.0624517 -0.00309612
70.82 12.6416 -0.415519 -0.55839 33.9408 0.062443 -0.00308891
70.83 12.6409 -0.414943 -0.559556 33.9483 0.0624342 -0.00308161
70.84 12.6402 -0.414358 -0.560718 33.9558 0.0624255 -0.00307424
70.85 12.6394 -0.413763 -0.561876 33.9633 0.0624167 -0.00306678
70.86 12.6387 -0.413159 -0.563029 33.9707 0.0624078 -0.00305923
70.87 12.6379 -0.412545 -0.564178 33.9782 0.0623989 -0.0030516
70.88 12.6371 -0.411921 -0.565323 33.9857 0.0623898 -0.00304386
70.89 12.6363 -0.411286 -0.566463 33.9932 0.0623806 -0.00303603
70.9 12.6355 -0.41064 -0.5676 34.0007 0.0623713 -0.00302811
70.91 12.6347 -0.409984 -0.568732 34.0081 0.062362 -0.00302012
70.92 12.6339 -0.409316 -0.56986 34.0156 0.0623526 -0.00301207
70.93 12.6331 -0.408637 -0.570984 34.0231 0.0623432 -0.00300393
70.94 12.6323 -0.407947 -0.572103 34.0306 0.0623337 -0.00299568
70.95 12.6314 -0.407245 -0.573218 34.0381 0.0623241 -0.00298732
70.96 12.6306 -0.406531 -0.574328 34.0455 0.0623144 -0.00297885
70.97 12.6297 -0.405806 -0.575434 34.053 0.0623045 -0.00297028
70.98 12.6289 -0.405069 -0.576536 34.0605 0.0622946 -0.00296165
70.99 12.628 -0.404321 -0.577633 34.068 0.0622847 -0.00295295
71 12.6271 -0.403562 -0.578725 34.0755 0.0622747 -0.00294417
71.01 12.6262 -0.402791 -0.579812 34.0829 0.0622647 -0.00293528
71.02 12.6253 -0.402009 -0.580895 34.0904 0.0622545 -0.00292627
71.03 12.6244 -0.401217 -0.581973 34.0979 0.0622443 -0.00291715
71.04 12.6235 -0.400415 -0.583046 34.1054 0.0622339 -0.00290794
71.05 12.6226 -0.399602 -0.584114 34.1129 0.0622235 -0.00289864
71.06 12.6217 -0.39878 -0.585178 34.1204 0.0622129 -0.00288926
71.07 12.6207 -0.397948 -0.586235 34.1278 0.0622023 -0.00287979
71.08 12.6198 -0.397107 -0.587288 34.1353 0.0621917 -0.00287024
71.09 12.6188 -0.396257 -0.588335 34.1428 0.062181 -0.00286057
71.1 12.6179 -0.395398 -0.589376 34.1503 0.0621703 -0.0028508
71.11 12.6169 -0.394531 -0.590413 34.1578 0.0621594 -0.00284093
71.12 12.6159 -0.393656 -0.591444 34.1653 0.0621484 -0.00283101
71.13 12.6149 -0.392772 -0.592469 34.1728 0.0621372 -0.00282098
71.14 12.6139 -0.391881 -0.593489 34.1802 0.0621261 -0.00281081
71.15 12.6129 -0.390982 -0.594502 34.1877 0.0621149 -0.00280051
71.16 12.6119 -0.390075 -0.59551 34.1952 0.0621036 -0.00279013
71.17 12.6109 -0.38916 -0.596513 34.2027 0.0620923 -0.0027797
71.18 12.6098 -0.388238 -0.597509 34.2102 0.0620809 -0.00276917
71.19 12.6088 -0.387307 -0.5985 34.2177 0.0620694 -0.00275851
71.2 12.6077 -0.386369 -0.599485 34.2252 0.0620578 -0.0027477
71.21 12.6067 -0.385423 -0.600465 34.2326 0.0620461 -0.00273679
71.22 12.6056 -0.384468 -0.601438 34.2401 0.0620343 -0.00272582
71.23 12.6045 -0.383505 -0.602406 34.2476 0.0620226 -0.0027148
71.24 12.6034 -0.382533 -0.603367 34.2551 0.0620107 -0.00270369
71.25 12.6023 -0.381552 -0.604323 34.2626 0.0619988 -0.00269245
71.26 12.6012 -0.380562 -0.605273 34.2701 0.0619868 -0.00268105
71.27 12.6001 -0.379563 -0.606218 34.2776 0.0619747 -0.00266952
71.28 12.599 -0.378554 -0.607156 34.2851 0.0619625 -0.0026579
71.29 12.5979 -0.377536 -0.608089 34.2926 0.0619503 -0.00264622
71.3 12.5967 -0.376508 -0.609015 34.3001 0.061938 -0.00263447
71.31 12.5956 -0.375469 -0.609936 34.3075 0.0619257 -0.00262264
71.32 12.5945 -0.374421 -0.610851 34.315 0.0619133 -0.00261068
71.33 12.5933 -0.373362 -0.61176 34.3225 0.0619008 -0.00259858
71.34 12.5921 -0.372294 -0.612663 34.33 0.0618883 -0.00258635
71.35 12.5909 -0.371215 -0.613559 34.3375 0.0618757 -0.00257399
71.36 12.5898 -0.370126 -0.61445 34.345 0.0618629 -0.00256155
71.37 12.5886 -0.369027 -0.615335 34.3525 0.0618502 -0.00254905
71.38 12.5874 -0.367918 -0.616213 34.36 0.0618374 -0.00253646
71.39 12.5862 -0.366799 -0.617085 34.3675 0.0618245 -0.00252379
71.4 12.5849 -0.365671 -0.617951 34.375 0.0618117 -0.00251099
71.41 12.5837 -0.364533 -0.61881 34.3825 0.0617987 -0.00249804
71.42 12.5825 -0.363387 -0.619663 34.39 0.0617857 -0.00248495
71.43 12.5812 -0.362233 -0.62051 34.3975 0.0617725 -0.00247175
71.44 12.58 -0.36107 -0.621349 34.405 0.0617594 -0.00245846
71.45 12.5787 -0.359899 -0.622182 34.4124 0.0617461 -0.00244512
71.46 12.5775 -0.35872 -0.623009 34.4199 0.0617329 -0.00243171
71.47 12.5762 -0.357534 -0.623828 34.4274 0.0617196 -0.00241819
71.48 12.5749 -0.356341 -0.62464 34.4349 0.0617063 -0.00240453
71.49 12.5737 -0.355141 -0.625446 34.4424 0.0616928 -0.00239071
71.5 12.5724 -0.353935 -0.626244 34.4499 0.0616794 -0.00237676
71.51 12.5711 -0.352723 -0.627036 34.4574 0.0616658 -0.0023627
71.52 12.5698 -0.351505 -0.62782 34.4649 0.0616522 -0.00234858
71.53 12.5684 -0.35028 -0.628598 34.4724 0.0616386 -0.00233441
71.54 12.5671 -0.34905 -0.629367 34.4799 0.0616249 -0.00232015
71.55 12.5658 -0.347815 -0.63013 34.4874 0.0616112 -0.00230579
71.56 12.5645 -0.346574 -0.630886 34.4949 0.0615975 -0.00229126
71.57 12.5631 -0.345327 -0.631634 34.5024 0.0615837 -0.00227658
71.58 12.5618 -0.344075 -0.632375 34.5099 0.0615698 -0.00226177
71.59 12.5604 -0.342817 -0.633109 34.5174 0.0615559 -0.00224688
71.6 12.5591 -0.341554 -0.633836 34.5249 0.0615419 -0.00223194
71.61 12.5577 -0.340284 -0.634555 34.5324 0.061528 -0.00221695
71.62 12.5563 -0.339008 -0.635267 34.5399 0.0615139 -0.00220187
71.63 12.555 -0.337726 -0.635972 34.5474 0.0614999 -0.00218666
71.64 12.5536 -0.336437 -0.636669 34.5549 0.0614858 -0.00217129
71.65 12.5522 -0.335142 -0.63736 34.5624 0.0614717 -0.00215576
71.66 12.5508 -0.33384 -0.638043 34.5699 0.0614575 -0.00214013
71.67 12.5494 -0.332531 -0.638719 34.5774 0.0614433 -0.00212443
71.68 12.548 -0.331215 -0.639387 34.5849 0.061429 -0.0021087
71.69 12.5466 -0.329892 -0.640049 34.5924 0.0614147 -0.00209291
71.7 12.5452 -0.32856 -0.640703 34.5999 0.0614004 -0.00207704
71.71 12.5437 -0.327222 -0.64135 34.6074 0.061386 -0.00206103
71.72 12.5423 -0.325876 -0.64199 34.6149 0.0613715 -0.00204485
71.73 12.5409 -0.324522 -0.642622 34.6225 0.0613571 -0.00202852
71.74 12.5394 -0.32316 -0.643247 34.63 0.0613426 -0.0020121
71.75 12.538 -0.321791 -0.643865 34.6375 0.0613281 -0.00199564
71.76 12.5365 -0.320415 -0.644475 34.645 0.0613136 -0.00197916
71.77 12.5351 -0.319031 -0.645078 34.6525 0.061299 -0.00196263
71.78 12.5336 -0.31764 -0.645673 34.66 0.0612844 -0.00194599
71.79 12.5321 -0.316243 -0.64626 34.6675 0.0612698 -0.00192919
71.8 12.5307 -0.314839 -0.64684 34.675 0.0612551 -0.00191224
71.81 12.5292 -0.31343 -0.647412 34.6825 0.0612404 -0.00189518
71.82 12.5277 -0.312014 -0.647976 34.69 0.0612257 -0.00187806
71.83 12.5262 -0.310593 -0.648533 34.6975 0.061211 -0.00186091
71.84 12.5247 -0.309166 -0.649081 34.705 0.0611962 -0.00184373
71.85 12.5232 -0.307735 -0.649622 34.7125 0.0611814 -0.00182649
71.86 12.5217 -0.306299 -0.650154 34.72 0.0611665 -0.0018091
71.87 12.5202 -0.30486 -0.650679 34.7276 0.0611516 -0.0017915
71.88 12.5187 -0.303417 -0.651195 34.7351 0.0611367 -0.00177377
71.89 12.5172 -0.30197 -0.651704 34.7426 0.0611217 -0.00175603
71.9 12.5157 -0.300519 -0.652204 34.7501 0.0611068 -0.00173832
71.91 12.5142 -0.299065 -0.652695 34.7576 0.0610918 -0.00172057
71.92 12.5127 -0.297608 -0.653179 34.7651 0.0610768 -0.00170274
71.93 12.5111 -0.296148 -0.653654 34.7726 0.0610618 -0.0016848
71.94 12.5096 -0.294686 -0.654121 34.7801 0.0610467 -0.00166675
71.95 12.5081 -0.293221 -0.654579 34.7876 0.0610316 -0.00164859
71.96 12.5065 -0.291753 -0.65503 34.7952 0.0610165 -0.00163032
71.97 12.505 -0.290283 -0.655471 34.8027 0.0610014 -0.00161198
71.98 12.5035 -0.288809 -0.655905 34.8102 0.0609863 -0.00159359
71.99 12.5019 -0.287333 -0.65633 34.8177 0.0609711 -0.0015752
72 12.5004 -0.285854 -0.656747 34.8252 0.0609559 -0.00155679
72.01 12.4988 -0.284371 -0.657156 34.8327 0.0609407 -0.00153832
72.02 12.4973 -0.282885 -0.657556 34.8402 0.0609255 -0.00151973
72.03 12.4957 -0.281396 -0.657948 34.8478 0.0609102 -0.00150098
72.04 12.4942 -0.279903 -0.658332 34.8553 0.060895 -0.00148213
72.05 12.4926 -0.278406 -0.658708 34.8628 0.0608797 -0.00146324
72.06 12.491 -0.276906 -0.659075 34.8703 0.0608644 -0.00144437
72.07 12.4895 -0.275401 -0.659435 34.8778 0.0608491 -0.00142553
72.08 12.4879 -0.273891 -0.659786 34.8853 0.0608338 -0.00140666
72.09 12.4864 -0.272378 -0.660129 34.8929 0.0608184 -0.0013877
72.1 12.4848 -0.27086 -0.660463 34.9004 0.060803 -0.0013686
72.11 12.4832 -0.269338 -0.66079 34.9079 0.0607877 -0.00134938
72.12 12.4816 -0.267811 -0.661108 34.9154 0.0607723 -0.00133011
72.13 12.4801 -0.266281 -0.661418 34.9229 0.0607569 -0.00131083
72.14 12.4785 -0.264746 -0.661719 34.9305 0.0607415 -0.0012916
72.15 12.4769 -0.263207 -0.662012 34.938 0.0607261 -0.00127239
72.16 12.4753 -0.261664 -0.662297 34.9455 0.0607107 -0.00125314
72.17 12.4738 -0.260117 -0.662574 34.953 0.0606952 -0.0012338
72.18 12.4722 -0.258568 -0.662842 34.9605 0.0606798 -0.00121433
72.19 12.4706 -0.257015 -0.663101 34.9681 0.0606644 -0.00119478
72.2 12.469 -0.25546 -0.663352 34.9756 0.0606489 -0.00117521
72.21 12.4674 -0.253902 -0.663594 34.9831 0.0606335 -0.00115566
72.22 12.4659 -0.252343 -0.663828 34.9906 0.060618 -0.00113618
72.23 12.4643 -0.250781 -0.664052 34.9982 0.0606026 -0.00111671
72.24 12.4627 -0.249218 -0.664269 35.0057 0.0605871 -0.00109721
72.25 12.4611 -0.247654 -0.664476 35.0132 0.0605716 -0.00107761
72.26 12.4595 -0.24609 -0.664674 35.0207 0.0605561 -0.0010579
72.27 12.458 -0.244526 -0.664864 35.0283 0.0605406 -0.00103814
72.28 12.4564 -0.242961 -0.665045 35.0358 0.0605252 -0.00101839
72.29 12.4548 -0.241397 -0.665217 35.0433 0.0605097 -0.000998708
72.3 12.4532 -0.239832 -0.66538 35.0508 0.0604942 -0.000979089
72.31 12.4516 -0.238268 -0.665534 35.0584 0.0604787 -0.000959488
72.32 12.4501 -0.236705 -0.665679 35.0659 0.0604632 -0.000939837
72.33 12.4485 -0.235143 -0.665815 35.0734 0.0604477 -0.000920097
72.34 12.4469 -0.233581 -0.665942 35.0809 0.0604322 -0.000900276
72.35 12.4453 -0.232021 -0.66606 35.0885 0.0604168 -0.000880439
72.36 12.4437 -0.23046 -0.666169 35.096 0.0604013 -0.000860654
72.37 12.4422 -0.228901 -0.66627 35.1035 0.0603858 -0.000840957
72.38 12.4406 -0.227342 -0.666361 35.1111 0.0603704 -0.000821328
72.39 12.439 -0.225783 -0.666444 35.1186 0.0603549 -0.000801707
72.4 12.4374 -0.224224 -0.666518 35.1261 0.0603394 -0.000782036
72.41 12.4359 -0.222666 -0.666583 35.1336 0.0603239 -0.000762293
72.42 12.4343 -0.221108 -0.666639 35.1412 0.0603084 -0.000742508
72.43 12.4327 -0.219549 -0.666687 35.1487 0.060293 -0.000722743
72.44 12.4312 -0.21799 -0.666726 35.1562 0.0602776 -0.000703063
72.45 12.4296 -0.21643 -0.666756 35.1638 0.0602621 -0.000683485
72.46 12.428 -0.21487 -0.666777 35.1713 0.0602467 -0.000663981
72.47 12.4265 -0.213308 -0.66679 35.1788 0.0602312 -0.000644486
72.48 12.4249 -0.211746 -0.666794 35.1864 0.0602157 -0.000624941
72.49 12.4233 -0.210183 -0.66679 35.1939 0.0602002 -0.00060531
72.5 12.4218 -0.20862 -0.666777 35.2014 0.0601848 -0.000585624
72.51 12.4202 -0.207055 -0.666755 35.209 0.0601694 -0.000566013
72.52 12.4187 -0.20549 -0.666724 35.2165 0.0601539 -0.00054659
72.53 12.4171 -0.203923 -0.666685 35.224 0.0601385 -0.000527336
72.54 12.4156 -0.202356 -0.666637 35.2316 0.0601231 -0.000508124
72.55 12.414 -0.200788 -0.66658 35.2391 0.0601076 -0.000488861
72.56 12.4125 -0.199221 -0.666514 35.2466 0.0600922 -0.000469526
72.57 12.4109 -0.197654 -0.666439 35.2542 0.0600768 -0.000450186
72.58 12.4094 -0.196088 -0.666356 35.2617 0.0600614 -0.000430913
72.59 12.4079 -0.194522 -0.666263 35.2692 0.060046 -0.000411758
72.6 12.4063 -0.192957 -0.666162 35.2768 0.0600306 -0.000392718
72.61 12.4048 -0.191394 -0.666052 35.2843 0.0600152 -0.000373771
72.62 12.4033 -0.189832 -0.665932 35.2919 0.0599998 -0.000354878
72.63 12.4018 -0.188273 -0.665804 35.2994 0.0599844 -0.000336
72.64 12.4003 -0.186716 -0.665667 35.3069 0.059969 -0.000317119
72.65 12.3988 -0.185162 -0.66552 35.3145 0.0599536 -0.000298246
72.66 12.3973 -0.183612 -0.665365 35.322 0.0599383 -0.000279441
72.67 12.3957 -0.182064 -0.6652 35.3296 0.0599229 -0.000260764
72.68 12.3942 -0.18052 -0.665027 35.3371 0.0599075 -0.000242235
72.69 12.3927 -0.178979 -0.664844 35.3446 0.0598921 -0.000223813
72.7 12.3913 -0.177442 -0.664652 35.3522 0.0598766 -0.000205447
72.71 12.3898 -0.175908 -0.664451 35.3597 0.0598613 -0.000187084
72.72 12.3883 -0.174379 -0.664241 35.3673 0.0598459 -0.000168727
72.73 12.3868 -0.172854 -0.664022 35.3748 0.0598306 -0.000150415
72.74 12.3853 -0.171332 -0.663794 35.3823 0.0598153 -0.000132213
72.75 12.3838 -0.169815 -0.663557 35.3899 0.0598 -0.000114171
72.76 12.3824 -0.1683 -0.663311 35.3974 0.0597847 -9.62883e-05
72.77 12.3809 -0.16679 -0.663056 35.405 0.0597694 -7.85197e-05
72.78 12.3795 -0.165282 -0.662792 35.4125 0.059754 -6.07994e-05
72.79 12.378 -0.163779 -0.66252 35.4201 0.0597386 -4.30945e-05
72.8 12.3765 -0.162278 -0.662239 35.4276 0.0597233 -2.54169e-05
72.81 12.3751 -0.16078 -0.661948 35.4351 0.0597081 -7.82691e-06
72.82 12.3737 -0.159286 -0.66165 35.4427 0.0596928 9.61636e-06
72.83 12.3722 -0.157793 -0.661342 35.4502 0.0596776 2.6877e-05
72.84 12.3708 -0.156303 -0.661026 35.4578 0.0596623 4.39788e-05
72.85 12.3694 -0.154815 -0.660702 35.4653 0.0596469 6.0974e-05
72.86 12.3679 -0.15333 -0.660368 35.4729 0.0596316 7.79184e-05
72.87 12.3665 -0.151847 -0.660027 35.4804 0.0596163 9.48291e-05
72.88 12.3651 -0.150366 -0.659676 35.488 0.0596011 0.000111674
72.89 12.3637 -0.148887 -0.659317 35.4955 0.0595859 0.000128395
72.9 12.3623 -0.147411 -0.658949 35.5031 0.0595707 0.000144938
72.91 12.3609 -0.145936 -0.658573 35.5106 0.0595555 0.000161291
72.92 12.3595 -0.144464 -0.658188 35.5181 0.0595402 0.000177489
72.93 12.3582 -0.142995 -0.657795 35.5257 0.059525 0.000193594
72.94 12.3568 -0.141528 -0.657393 35.5332 0.0595097 0.000209635
72.95 12.3554 -0.140065 -0.656983 35.5408 0.0594945 0.000225615
72.96 12.354 -0.138605 -0.656564 35.5483 0.0594794 0.000241492
72.97 12.3527 -0.137149 -0.656136 35.5559 0.0594643 0.000257215
72.98 12.3513 -0.135697 -0.655699 35.5634 0.0594492 0.000272747
72.99 12.35 -0.134249 -0.655254 35.571 0.059434 0.000288092
73 12.3487 -0.132805 -0.6548 35.5785 0.0594188 0.000303289
73.01 12.3473 -0.131367 -0.654337 35.5861 0.0594037 0.000318387
73.02 12.346 -0.129934 -0.653866 35.5936 0.0593885 0.000333413
73.03 12.3447 -0.128507 -0.653385 35.6012 0.0593734 0.00034835
73.04 12.3434 -0.127086 -0.652896 35.6087 0.0593584 0.00036316
73.05 12.3421 -0.12567 -0.652398 35.6163 0.0593434 0.000377791
73.06 12.3408 -0.124262 -0.651891 35.6238 0.0593284 0.000392226
73.07 12.3395 -0.122859 -0.651375 35.6314 0.0593133 0.000406479
73.08 12.3382 -0.121464 -0.650851 35.639 0.0592983 0.000420615
73.09 12.3369 -0.120076 -0.650318 35.6465 0.0592832 0.000434687
73.1 12.3356 -0.118695 -0.649777 35.6541 0.0592682 0.000448662
73.11 12.3344 -0.117321 -0.649227 35.6616 0.0592533 0.000462467
73.12 12.3331 -0.115953 -0.648668 35.6692 0.0592384 0.000476076
73.13 12.3319 -0.114593 -0.6481 35.6767 0.0592235 0.000489507
73.14 12.3306 -0.11324 -0.647524 35.6843 0.0592086 0.000502786
73.15 12.3294 -0.111894 -0.64694 35.6918 0.0591937 0.000515922
73.16 12.3282 -0.110555 -0.646347 35.6994 0.0591787 0.000528909
73.17 12.3269 -0.109222 -0.645746 35.7069 0.0591638 0.000541757
73.18 12.3257 -0.107895 -0.645136 35.7145 0.059149 0.000554474
73.19 12.3245 -0.106575 -0.644518 35.722 0.0591342 0.000567065
73.2 12.3233 -0.105261 -0.643892 35.7296 0.0591194 0.000579523
73.21 12.3222 -0.103953 -0.643258 35.7372 0.0591046 0.000591834
73.22 12.321 -0.10265 -0.642616 35.7447 0.0590899 0.000603939
73.23 12.3198 -0.101353 -0.641966 35.7523 0.0590751 0.000615814
73.24 12.3186 -0.10006 -0.641308 35.7598 0.0590603 0.000627507
73.25 12.3175 -0.0987735 -0.640642 35.7674 0.0590455 0.000639094
73.26 12.3163 -0.0974921 -0.639968 35.7749 0.0590309 0.000650594
73.27 12.3152 -0.0962159 -0.639285 35.7825 0.0590162 0.000661957
73.28 12.3141 -0.0949448 -0.638595 35.7901 0.0590016 0.000673123
73.29 12.313 -0.0936789 -0.637897 35.7976 0.058987 0.000684063
73.3 12.3119 -0.0924183 -0.637192 35.8052 0.0589724 0.000694809
73.31 12.3108 -0.0911632 -0.636478 35.8127 0.0589578 0.000705403
73.32 12.3097 -0.0899139 -0.635757 35.8203 0.0589432 0.000715873
73.33 12.3086 -0.0886706 -0.635027 35.8279 0.0589286 0.000726204
73.34 12.3075 -0.0874335 -0.63429 35.8354 0.0589141 0.000736372
73.35 12.3064 -0.0862027 -0.633545 35.843 0.0588997 0.00074635
73.36 12.3054 -0.0849787 -0.632791 35.8505 0.0588853 0.000756141
73.37 12.3044 -0.0837618 -0.63203 35.8581 0.0588709 0.000765756
73.38 12.3033 -0.0825522 -0.631262 35.8657 0.0588564 0.000775202
73.39 12.3023 -0.0813503 -0.630485 35.8732 0.058842 0.000784483
73.4 12.3013 -0.0801564 -0.6297 35.8808 0.0588276 0.000793599
73.41 12.3003 -0.0789709 -0.628908 35.8883 0.0588133 0.000802553
73.42 12.2993 -0.077794 -0.628107 35.8959 0.058799 0.000811338
73.43 12.2983 -0.0766259 -0.627299 35.9035 0.0587848 0.00081995
73.44 12.2973 -0.075467 -0.626482 35.911 0.0587706 0.000828378
73.45 12.2963 -0.0743173 -0.625658 35.9186 0.0587564 0.000836627
73.46 12.2954 -0.0731772 -0.624826 35.9262 0.0587422 0.000844699
73.47 12.2944 -0.0720466 -0.623986 35.9337 0.058728 0.000852604
73.48 12.2935 -0.0709256 -0.623139 35.9413 0.0587139 0.000860341
73.49 12.2926 -0.0698144 -0.622283 35.9488 0.0586998 0.000867905
73.5 12.2917 -0.0687129 -0.62142 35.9564 0.0586858 0.000875292
73.51 12.2908 -0.0676211 -0.620549 35.964 0.0586718 0.000882499
73.52 12.2899 -0.0665389 -0.61967 35.9715 0.0586579 0.000889527
73.53 12.289 -0.0654661 -0.618784 35.9791 0.0586439 0.00089638
73.54 12.2881 -0.0644027 -0.617891 35.9867 0.05863 0.000903063
73.55 12.2872 -0.0633485 -0.61699 35.9942 0.0586161 0.000909566
73.56 12.2864 -0.0623032 -0.616081 36.0018 0.0586022 0.000915891
73.57 12.2856 -0.0612667 -0.615166 36.0094 0.0585884 0.000922028
73.58 12.2847 -0.0602388 -0.614243 36.0169 0.0585747 0.000927985
73.59 12.2839 -0.0592193 -0.613313 36.0245 0.0585611 0.000933764
73.6 12.2831 -0.0582081 -0.612376 36.0321 0.0585474 0.000939374
73.61 12.2823 -0.057205 -0.611431 36.0396 0.0585337 0.000944815
73.62 12.2815 -0.0562098 -0.610481 36.0472 0.0585201 0.000950077
73.63 12.2807 -0.0552223 -0.609523 36.0548 0.0585065 0.000955146
73.64 12.28 -0.0542425 -0.608558 36.0623 0.058493 0.000960019
73.65 12.2792 -0.0532703 -0.607586 36.0699 0.0584795 0.000964706
73.66 12.2785 -0.0523058 -0.606607 36.0775 0.0584662 0.000969221
73.67 12.2778 -0.051349 -0.605622 36.085 0.0584528 0.000973574
73.68 12.2771 -0.0504 -0.60463 36.0926 0.0584395 0.000977757
73.69 12.2764 -0.0494588 -0.603632 36.1002 0.0584262 0.000981766
73.7 12.2757 -0.0485256 -0.602627 36.1077 0.0584129 0.000985587
73.71 12.275 -0.0476005 -0.601615 36.1153 0.0583996 0.000989216
73.72 12.2743 -0.0466837 -0.600597 36.1229 0.0583865 0.000992648
73.73 12.2737 -0.0457756 -0.599571 36.1304 0.0583735 0.000995905
73.74 12.273 -0.0448766 -0.598539 36.138 0.0583606 0.000999004
73.75 12.2724 -0.043987 -0.597501 36.1456 0.0583477 0.00100195
73.76 12.2718 -0.043107 -0.596456 36.1531 0.0583348 0.00100472
73.77 12.2712 -0.0422369 -0.595404 36.1607 0.0583219 0.00100731
73.78 12.2706 -0.0413771 -0.594346 36.1683 0.0583091 0.00100971
73.79 12.27 -0.0405277 -0.593282 36.1759 0.0582963 0.00101193
73.8 12.2694 -0.039689 -0.59221 36.1834 0.0582836 0.00101396
73.81 12.2688 -0.0388614 -0.591133 36.191 0.058271 0.00101582
73.82 12.2683 -0.0380451 -0.590048 36.1986 0.0582585 0.00101752
73.83 12.2678 -0.0372402 -0.588957 36.2061 0.058246 0.00101907
73.84 12.2672 -0.0364471 -0.58786 36.2137 0.0582335 0.00102049
73.85 12.2667 -0.0356656 -0.586757 36.2213 0.0582211 0.00102173
73.86 12.2662 -0.0348959 -0.585647 36.2289 0.0582088 0.00102278
73.87 12.2658 -0.0341379 -0.58453 36.2364 0.0581965 0.00102363
73.88 12.2653 -0.0333917 -0.583407 36.244 0.0581844 0.0010243
73.89 12.2648 -0.0326574 -0.582279 36.2516 0.0581723 0.00102481
73.9 12.2644 -0.0319348 -0.581143 36.2591 0.0581603 0.0010252
73.91 12.264 -0.0312239 -0.580002 36.2667 0.0581483 0.00102545
73.92 12.2635 -0.0305246 -0.578855 36.2743 0.0581364 0.00102557
73.93 12.2631 -0.0298364 -0.577702 36.2819 0.0581245 0.0010255
73.94 12.2627 -0.0291593 -0.576543 36.2894 0.0581127 0.00102523
73.95 12.2624 -0.028493 -0.575378 36.297 0.058101 0.00102478
73.96 12.262 -0.0278374 -0.574208 36.3046 0.0580894 0.00102419
73.97 12.2617 -0.0271927 -0.573032 36.3122 0.0580779 0.00102353
73.98 12.2613 -0.0265584 -0.57185 36.3197 0.0580665 0.00102274
73.99 12.261 -0.0259341 -0.570663 36.3273 0.0580551 0.00102175
74 12.2607 -0.0253197 -0.56947 36.3349 0.0580437 0.00102055
74.01 12.2604 -0.0247151 -0.568272 36.3425 0.0580324 0.0010192
74.02 12.2601 -0.0241203 -0.567069 36.35 0.0580211 0.00101771
74.03 12.2598 -0.0235351 -0.56586 36.3576 0.05801 0.00101608
74.04 12.2596 -0.0229594 -0.564646 36.3652 0.057999 0.0010143
74.05 12.2593 -0.0223933 -0.563426 36.3728 0.0579881 0.00101237
74.06 12.2591 -0.0218368 -0.562202 36.3803 0.0579772 0.00101031
74.07 12.2589 -0.0212901 -0.560973 36.3879 0.0579664 0.00100815
74.08 12.2586 -0.0207531 -0.559738 36.3955 0.0579556 0.00100588
74.09 12.2584 -0.0202258 -0.558499 36.4031 0.0579449 0.00100344
74.1 12.2583 -0.0197085 -0.557254 36.4106 0.0579343 0.00100082
74.11 12.2581 -0.0192013 -0.556005 36.4182 0.0579238 0.000998019
74.12 12.2579 -0.0187045 -0.55475 36.4258 0.0579134 0.000995089
74.13 12.2578 -0.0182185 -0.553491 36.4334 0.057903 0.000992074
74.14 12.2577 -0.0177436 -0.552227 36.441 0.0578928 0.000988988
74.15 12.2576 -0.01728 -0.550958 36.4485 0.0578825 0.000985799
74.16 12.2575 -0.0168277 -0.549684 36.4561 0.0578724 0.000982456
74.17 12.2574 -0.0163871 -0.548405 36.4637 0.0578623 0.000978932
74.18 12.2573 -0.0159582 -0.547122 36.4713 0.0578523 0.000975237
74.19 12.2572 -0.0155416 -0.545834 36.4788 0.0578424 0.000971409
74.2 12.2572 -0.0151374 -0.544541 36.4864 0.0578327 0.000967491
74.21 12.2572 -0.0147459 -0.543243 36.494 0.057823 0.000963508
74.22 12.2571 -0.0143673 -0.541941 36.5016 0.0578133 0.000959448
74.23 12.2571 -0.0140016 -0.540634 36.5092 0.0578037 0.000955279
74.24 12.2572 -0.0136487 -0.539323 36.5167 0.0577941 0.000950951
74.25 12.2572 -0.0133086 -0.538007 36.5243 0.0577847 0.000946455
74.26 12.2572 -0.0129814 -0.536687 36.5319 0.0577753 0.000941816
74.27 12.2573 -0.0126671 -0.535362 36.5395 0.0577661 0.000937073
74.28 12.2573 -0.0123658 -0.534033 36.5471 0.057757 0.000932259
74.29 12.2574 -0.0120773 -0.5327 36.5546 0.0577479 0.000927382
74.3 12.2575 -0.0118015 -0.531363 36.5622 0.0577389 0.000922425
74.31 12.2576 -0.011538 -0.530022 36.5698 0.0577299 0.000917353
74.32 12.2577 -0.0112866 -0.528677 36.5774 0.057721 0.000912139
74.33 12.2578 -0.0110472 -0.527329 36.585 0.0577122 0.000906775
74.34 12.258 -0.0108194 -0.525976 36.5925 0.0577035 0.000901282
74.35 12.2581 -0.0106031 -0.524619 36.6001 0.0576949 0.000895695
74.36 12.2583 -0.0103983 -0.523259 36.6077 0.0576865 0.000890051
74.37 12.2585 -0.0102046 -0.521896 36.6153 0.057678 0.000884359
74.38 12.2587 -0.0100219 -0.520529 36.6229 0.0576696 0.000878597
74.39 12.2589 -0.00984985 -0.519159 36.6304 0.0576613 0.000872714
74.4 12.2591 -0.00968812 -0.517785 36.638 0.0576531 0.000866682
74.41 12.2594 -0.00953663 -0.516408 36.6456 0.057645 0.000860505
74.42 12.2596 -0.00939535 -0.515028 36.6532 0.057637 0.000854218
74.43 12.2599 -0.00926432 -0.513645 36.6608 0.0576291 0.000847868
74.44 12.2602 -0.00914358 -0.512259 36.6683 0.0576213 0.000841483
74.45 12.2605 -0.0090331 -0.510869 36.6759 0.0576135 0.000835058
74.46 12.2608 -0.00893282 -0.509477 36.6835 0.0576058 0.000828552
74.47 12.2611 -0.00884268 -0.508082 36.6911 0.0575982 0.00082192
74.48 12.2614 -0.00876276 -0.506684 36.6987 0.0575907 0.000815142
74.49 12.2618 -0.00869323 -0.505283 36.7063 0.0575833 0.00080824
74.5 12.2621 -0.00863442 -0.503879 36.7138 0.057576 0.000801257
74.51 12.2625 -0.0085867 -0.502472 36.7214 0.0575689 0.000794246
74.52 12.2629 -0.00855034 -0.501062 36.729 0.0575618 0.000787208
74.53 12.2633 -0.00852544 -0.49965 36.7366 0.0575548 0.00078011
74.54 12.2637 -0.00851212 -0.498235 36.7442 0.0575478 0.000772913
74.55 12.2641 -0.00851055 -0.496817 36.7518 0.0575409 0.000765593
74.56 12.2646 -0.00852095 -0.495397 36.7593 0.0575341 0.00075816
74.57 12.265 -0.00854356 -0.493973 36.7669 0.0575275 0.00075063
74.58 12.2655 -0.00857862 -0.492547 36.7745 0.0575209 0.000743034
74.59 12.266 -0.00862635 -0.491119 36.7821 0.0575145 0.000735395
74.6 12.2665 -0.00868694 -0.489688 36.7897 0.0575081 0.000727736
74.61 12.267 -0.00876043 -0.488254 36.7973 0.0575018 0.000720034
74.62 12.2675 -0.00884677 -0.486818 36.8048 0.0574956 0.000712248
74.63 12.268 -0.00894591 -0.48538 36.8124 0.0574895 0.000704342
74.64 12.2686 -0.00905783 -0.48394 36.82 0.0574835 0.000696314
74.65 12.2691 -0.00918255 -0.482497 36.8276 0.0574776 0.000688192
74.66 12.2697 -0.0093201 -0.481052 36.8352 0.0574718 0.000680028
74.67 12.2703 -0.00947044 -0.479605 36.8428 0.0574662 0.000671851
74.68 12.2709 -0.0096334 -0.478156 36.8503 0.0574606 0.000663654
74.69 12.2715 -0.0098087 -0.476705 36.8579 0.057455 0.000655399
74.7 12.2721 -0.00999604 -0.475252 36.8655 0.0574496 0.000647045
74.71 12.2727 -0.0101951 -0.473798 36.8731 0.0574442 0.000638577
74.72 12.2734 -0.0104058 -0.472342 36.8807 0.057439 0.000629996
74.73 12.2741 -0.0106278 -0.470884 36.8883 0.0574339 0.000621339
74.74 12.2747 -0.010861 -0.469425 36.8959 0.0574289 0.000612651
74.75 12.2754 -0.0111052 -0.467964 36.9034 0.057424 0.000603962
74.76 12.2761 -0.0113602 -0.466503 36.911 0.0574192 0.000595248
74.77 12.2768 -0.0116256 -0.46504 36.9186 0.0574145 0.000586464
74.78 12.2776 -0.0119011 -0.463576 36.9262 0.0574098 0.000577568
74.79 12.2783 -0.0121865 -0.462112 36.9338 0.0574053 0.000568556
74.8 12.279 -0.0124816 -0.460646 36.9414 0.0574008 0.000559452
74.81 12.2798 -0.0127865 -0.459179 36.949 0.0573965 0.000550293
74.82 12.2806 -0.0131012 -0.457711 36.9565 0.0573923 0.000541117
74.83 12.2814 -0.0134255 -0.456243 36.9641 0.0573882 0.000531929
74.84 12.2822 -0.0137595 -0.454774 36.9717 0.0573842 0.000522712
74.85 12.283 -0.014103 -0.453304 36.9793 0.0573802 0.000513415
74.86 12.2838 -0.014456 -0.451834 36.9869 0.0573763 0.000504003
74.87 12.2846 -0.0148186 -0.450363 36.9945 0.0573726 0.000494473
74.88 12.2855 -0.0151908 -0.448891 37.0021 0.057369 0.000484862
74.89 12.2863 -0.0155731 -0.447419 37.0097 0.0573655 0.000475213
74.9 12.2872 -0.0159656 -0.445947 37.0172 0.0573621 0.000465563
74.91 12.2881 -0.0163684 -0.444474 37.0248 0.0573587 0.000455904
74.92 12.289 -0.0167817 -0.443 37.0324 0.0573555 0.000446195
74.93 12.2899 -0.0172054 -0.441526 37.04 0.0573523 0.000436385
74.94 12.2908 -0.0176398 -0.440052 37.0476 0.0573493 0.000426455
74.95 12.2917 -0.018085 -0.438578 37.0552 0.0573463 0.000416428
74.96 12.2927 -0.0185413 -0.437102 37.0628 0.0573435 0.000406343
74.97 12.2936 -0.019009 -0.435627 37.0704 0.0573408 0.000396238
74.98 12.2946 -0.019488 -0.434152 37.0779 0.0573382 0.000386119
74.99 12.2956 -0.0199785 -0.432676 37.0855 0.0573357 0.000375966
75 12.2966 -0.0204805 -0.4312 37.0931 0.0573332 0.000365747
75.01 12.2975 -0.0209939 -0.429724 37.1007 0.0573308 0.000355438
75.02 12.2986 -0.0215187 -0.428249 37.1083 0.0573286 0.000345025
75.03 12.2996 -0.0220549 -0.426773 37.1159 0.0573265 0.00033452
75.04 12.3006 -0.0226023 -0.425297 37.1235 0.0573244 0.000323954
75.05 12.3016 -0.023161 -0.423821 37.1311 0.0573225 0.000313359
75.06 12.3027 -0.0237309 -0.422346 37.1386 0.0573207 0.000302752
75.07 12.3038 -0.0243118 -0.420871 37.1462 0.0573189 0.000292116
75.08 12.3048 -0.0249032 -0.419397 37.1538 0.0573172 0.00028141
75.09 12.3059 -0.025505 -0.417923 37.1614 0.0573157 0.000270598
75.1 12.307 -0.0261169 -0.416449 37.169 0.0573142 0.000259674
75.11 12.3081 -0.0267385 -0.414977 37.1766 0.0573129 0.000248657
75.12 12.3092 -0.0273698 -0.413505 37.1842 0.0573116 0.000237597
75.13 12.3103 -0.0280105 -0.412034 37.1918 0.0573105 0.000226522
75.14 12.3115 -0.0286605 -0.410564 37.1994 0.0573094 0.000215435
75.15 12.3126 -0.0293193 -0.409095 37.2069 0.0573085 0.000204299
75.16 12.3138 -0.0299865 -0.407628 37.2145 0.0573076 0.000193069
75.17 12.3149 -0.030662 -0.406162 37.2221 0.0573068 0.000181721
75.18 12.3161 -0.0313455 -0.404696 37.2297 0.0573061 0.000170265
75.19 12.3173 -0.032037 -0.403233 37.2373 0.0573055 0.000158742
75.2 12.3185 -0.0327363 -0.40177 37.2449 0.0573051 0.000147192
75.21 12.3197 -0.0334435 -0.40031 37.2525 0.0573047 0.000135629
75.22 12.3209 -0.0341583 -0.39885 37.2601 0.0573044 0.000124028
75.23 12.3221 -0.0348807 -0.397393 37.2677 0.0573042 0.000112357
75.24 12.3234 -0.0356106 -0.395937 37.2752 0.057304 0.000100585
75.25 12.3246 -0.036348 -0.394483 37.2828 0.057304 8.87071e-05
75.26 12.3259 -0.037093 -0.39303 37.2904 0.0573041 7.67322e-05
75.27 12.3271 -0.0378457 -0.391579 37.298 0.0573043 6.4697e-05
75.28 12.3284 -0.0386063 -0.39013 37.3056 0.0573046 5.2631e-05
75.29 12.3297 -0.0393751 -0.388683 37.3132 0.0573049 4.05458e-05
75.3 12.331 -0.0401519 -0.387237 37.3208 0.0573054 2.84215e-05
75.31 12.3323 -0.0409371 -0.385794 37.3284 0.0573059 1.62195e-05
75.32 12.3336 -0.0417305 -0.384352 37.336 0.0573065 3.90943e-06
75.33 12.3349 -0.0425324 -0.382912 37.3436 0.0573072 -8.51313e-06
75.34 12.3362 -0.0433429 -0.381474 37.3511 0.0573081 -2.10197e-05
75.35 12.3376 -0.0441623 -0.380039 37.3587 0.057309 -3.35711e-05
75.36 12.3389 -0.0449909 -0.378605 37.3663 0.0573101 -4.61328e-05
75.37 12.3402 -0.0458287 -0.377173 37.3739 0.0573112 -5.87219e-05
75.38 12.3416 -0.0466757 -0.375743 37.3815 0.0573124 -7.13758e-05
75.39 12.343 -0.0475318 -0.374316 37.3891 0.0573137 -8.4134e-05
75.4 12.3443 -0.0483971 -0.37289 37.3967 0.057315 -9.70004e-05
75.41 12.3457 -0.0492714 -0.371468 37.4043 0.0573165 -0.000109957
75.42 12.3471 -0.0501549 -0.370047 37.4119 0.057318 -0.000122972
75.43 12.3485 -0.0510473 -0.368629 37.4195 0.0573197 -0.000136027
75.44 12.3499 -0.0519487 -0.367213 37.427 0.0573214 -0.000149115
75.45 12.3514 -0.0528587 -0.3658 37.4346 0.0573233 -0.000162241
75.46 12.3528 -0.0537771 -0.364389 37.4422 0.0573252 -0.000175432
75.47 12.3542 -0.0547037 -0.362982 37.4498 0.0573272 -0.00018871
75.48 12.3557 -0.0556381 -0.361577 37.4574 0.0573293 -0.000202093
75.49 12.3571 -0.0565801 -0.360175 37.465 0.0573315 -0.000215564
75.5 12.3586 -0.0575294 -0.358776 37.4726 0.0573338 -0.000229097
75.51 12.36 -0.0584859 -0.35738 37.4802 0.0573361 -0.00024266
75.52 12.3615 -0.0594492 -0.355987 37.4878 0.0573386 -0.000256249
75.53 12.363 -0.060419 -0.354597 37.4954 0.0573411 -0.000269879
75.54 12.3645 -0.061395 -0.353211 37.5029 0.0573438 -0.00028358
75.55 12.3659 -0.0623769 -0.351828 37.5105 0.0573465 -0.000297379
75.56 12.3674 -0.0633643 -0.350449 37.5181 0.0573493 -0.000311292
75.57 12.369 -0.0643572 -0.349073 37.5257 0.0573522 -0.000325313
75.58 12.3705 -0.0653555 -0.3477 37.5333 0.0573552 -0.000339373
75.59 12.372 -0.0663592 -0.346332 37.5409 0.0573583 -0.000353416
75.6 12.3735 -0.0673682 -0.344967 37.5485 0.0573614 -0.000367452
75.61 12.375 -0.0683821 -0.343605 37.5561 0.0573647 -0.00038155
75.62 12.3766 -0.0694009 -0.342248 37.5637 0.057368 -0.000395761
75.63 12.3781 -0.0704245 -0.340894 37.5713 0.0573714 -0.00041009
75.64 12.3797 -0.071453 -0.339544 37.5788 0.0573748 -0.000424493
75.65 12.3812 -0.0724866 -0.338198 37.5864 0.0573784 -0.000438932
75.66 12.3828 -0.0735253 -0.336856 37.594 0.0573821 -0.00045339
75.67 12.3844 -0.0745692 -0.335517 37.6016 0.0573858 -0.00046788
75.68 12.386 -0.0756184 -0.334183 37.6092 0.0573896 -0.000482421
75.69 12.3875 -0.076673 -0.332852 37.6168 0.0573935 -0.000497028
75.7 12.3891 -0.0777332 -0.331526 37.6244 0.0573975 -0.000511708
75.71 12.3907 -0.0787989 -0.330203 37.632 0.0574015 -0.000526456
75.72 12.3923 -0.0798705 -0.328885 37.6396 0.0574056 -0.000541271
75.73 12.3939 -0.0809479 -0.32757 37.6472 0.0574099 -0.000556133
75.74 12.3955 -0.0820315 -0.32626 37.6548 0.0574141 -0.000571029
75.75 12.3971 -0.0831212 -0.324953 37.6623 0.0574185 -0.000585944
75.76 12.3988 -0.0842172 -0.323651 37.6699 0.057423 -0.000600892
75.77 12.4004 -0.0853194 -0.322353 37.6775 0.0574275 -0.000615894
75.78 12.402 -0.0864278 -0.321059 37.6851 0.057432 -0.000630968
75.79 12.4037 -0.0875423 -0.319769 37.6927 0.0574367 -0.000646113
75.8 12.4053 -0.088663 -0.318484 37.7003 0.0574414 -0.000661312
75.81 12.4069 -0.0897897 -0.317203 37.7079 0.0574463 -0.000676539
75.82 12.4086 -0.0909224 -0.315927 37.7155 0.0574511 -0.000691777
75.83 12.4102 -0.0920609 -0.314655 37.7231 0.0574561 -0.000707036
75.84 12.4119 -0.0932049 -0.313388 37.7307 0.0574611 -0.000722331
75.85 12.4136 -0.0943543 -0.312125 37.7382 0.0574662 -0.000737679
75.86 12.4152 -0.0955086 -0.310867 37.7458 0.0574714 -0.000753083
75.87 12.4169 -0.0966678 -0.309614 37.7534 0.0574766 -0.000768543
75.88 12.4186 -0.0978314 -0.308366 37.761 0.0574819 -0.000784038
75.89 12.4203 -0.0989993 -0.307122 37.7686 0.0574873 -0.00079955
75.9 12.4219 -0.100171 -0.305884 37.7762 0.0574927 -0.000815067
75.91 12.4236 -0.101347 -0.304651 37.7838 0.0574982 -0.000830599
75.92 12.4253 -0.102525 -0.303423 37.7914 0.0575038 -0.000846164
75.93 12.427 -0.103707 -0.302201 37.799 0.0575095 -0.000861775
75.94 12.4287 -0.104892 -0.300983 37.8066 0.0575152 -0.000877431
75.95 12.4304 -0.106079 -0.299771 37.8141 0.0575209 -0.000893122
75.96 12.4321 -0.107268 -0.298565 37.8217 0.0575268 -0.000908834
75.97 12.4338 -0.10846 -0.297364 37.8293 0.0575327 -0.000924548
75.98 12.4355 -0.109653 -0.296168 37.8369 0.0575386 -0.000940267
75.99 12.4372 -0.110849 -0.294978 37.8445 0.0575446 -0.000955997
76 12.439 -0.112046 -0.293794 37.8521 0.0575507 -0.000971751
76.01 12.4407 -0.113245 -0.292615 37.8597 0.0575569 -0.000987537
76.02 12.4424 -0.114445 -0.291442 37.8673 0.0575631 -0.00100336
76.03 12.4441 -0.115648 -0.290275 37.8749 0.0575693 -0.00101919
76.04 12.4459 -0.116852 -0.289113 37.8825 0.0575756 -0.00103504
76.05 12.4476 -0.118058 -0.287957 37.8901 0.057582 -0.00105088
76.06 12.4493 -0.119266 -0.286807 37.8976 0.0575884 -0.00106671
76.07 12.4511 -0.120476 -0.285662 37.9052 0.0575949 -0.00108254
76.08 12.4528 -0.121688 -0.284523 37.9128 0.0576015 -0.0010984
76.09 12.4545 -0.122903 -0.28339 37.9204 0.0576081 -0.00111428
76.1 12.4563 -0.12412 -0.282263 37.928 0.0576148 -0.00113017
76.11 12.458 -0.125339 -0.281141 37.9356 0.0576215 -0.00114606
76.12 12.4598 -0.126562 -0.280026 37.9432 0.0576282 -0.00116194
76.13 12.4615 -0.127787 -0.278916 37.9508 0.057635 -0.00117781
76.14 12.4633 -0.129015 -0.277812 37.9584 0.0576419 -0.00119367
76.15 12.465 -0.130246 -0.276713 37.966 0.0576488 -0.00120953
76.16 12.4668 -0.13148 -0.275621 37.9735 0.0576558 -0.00122539
76.17 12.4685 -0.132717 -0.274535 37.9811 0.0576629 -0.00124126
76.18 12.4703 -0.133956 -0.273454 37.9887 0.0576699 -0.00125713
76.19 12.472 -0.135199 -0.27238 37.9963 0.0576771 -0.00127299
76.2 12.4738 -0.136444 -0.271311 38.0039 0.0576842 -0.00128882
76.21 12.4755 -0.137692 -0.270249 38.0115 0.0576915 -0.00130464
76.22 12.4773 -0.138943 -0.269193 38.0191 0.0576988 -0.00132044
76.23 12.4791 -0.140195 -0.268143 38.0267 0.0577061 -0.00133622
76.24 12.4808 -0.14145 -0.267099 38.0343 0.0577135 -0.001352
76.25 12.4826 -0.142706 -0.266062 38.0419 0.0577209 -0.00136777
76.26 12.4843 -0.143964 -0.265032 38.0494 0.0577284 -0.00138353
76.27 12.4861 -0.145222 -0.264007 38.057 0.0577359 -0.00139927
76.28 12.4879 -0.146482 -0.26299 38.0646 0.0577434 -0.00141497
76.29 12.4896 -0.147742 -0.261978 38.0722 0.0577511 -0.00143065
76.3 12.4914 -0.149002 -0.260974 38.0798 0.0577587 -0.0014463
76.31 12.4931 -0.150263 -0.259976 38.0874 0.0577664 -0.00146193
76.32 12.4949 -0.151522 -0.258985 38.095 0.0577742 -0.00147755
76.33 12.4967 -0.152782 -0.258001 38.1026 0.057782 -0.00149315
76.34 12.4984 -0.15404 -0.257024 38.1102 0.0577898 -0.00150872
76.35 12.5002 -0.155297 -0.256053 38.1178 0.0577977 -0.00152426
76.36 12.5019 -0.156554 -0.25509 38.1254 0.0578056 -0.00153976
76.37 12.5037 -0.157808 -0.254134 38.1329 0.0578135 -0.00155522
76.38 12.5055 -0.159062 -0.253184 38.1405 0.0578215 -0.00157066
76.39 12.5072 -0.160313 -0.252242 38.1481 0.0578296 -0.00158608
76.4 12.509 -0.161564 -0.251306 38.1557 0.0578377 -0.00160147
76.41 12.5107 -0.162812 -0.250378 38.1633 0.0578458 -0.00161682
76.42 12.5125 -0.164059 -0.249457 38.1709 0.0578539 -0.00163214
76.43 12.5142 -0.165305 -0.248543 38.1785 0.0578621 -0.00164741
76.44 12.516 -0.166549 -0.247635 38.1861 0.0578703 -0.00166265
76.45 12.5178 -0.167792 -0.246735 38.1937 0.0578786 -0.00167786
76.46 12.5195 -0.169034 -0.245842 38.2013 0.057887 -0.00169302
76.47 12.5213 -0.170275 -0.244956 38.2088 0.0578953 -0.00170815
76.48 12.523 -0.171515 -0.244078 38.2164 0.0579037 -0.00172323
76.49 12.5247 -0.172754 -0.243206 38.224 0.0579121 -0.00173828
76.5 12.5265 -0.173992 -0.242341 38.2316 0.0579205 -0.0017533
76.51 12.5282 -0.17523 -0.241484 38.2392 0.057929 -0.00176826
76.52 12.53 -0.176468 -0.240633 38.2468 0.0579375 -0.00178319
76.53 12.5317 -0.177705 -0.23979 38.2544 0.0579461 -0.00179806
76.54 12.5334 -0.178942 -0.238954 38.262 0.0579547 -0.00181289
76.55 12.5352 -0.180179 -0.238125 38.2696 0.0579634 -0.00182768
76.56 12.5369 -0.181415 -0.237303 38.2772 0.057972 -0.00184242
76.57 12.5386 -0.182651 -0.236488 38.2847 0.0579807 -0.00185712
76.58 12.5404 -0.183887 -0.235681 38.2923 0.0579894 -0.00187178
76.59 12.5421 -0.185122 -0.234881 38.2999 0.0579981 -0.00188639
76.6 12.5438 -0.186356 -0.234088 38.3075 0.0580069 -0.00190094
76.61 12.5455 -0.187589 -0.233303 38.3151 0.0580158 -0.00191544
76.62 12.5472 -0.188822 -0.232525 38.3227 0.0580246 -0.0019299
76.63 12.5489 -0.190053 -0.231754 38.3303 0.0580335 -0.00194432
76.64 12.5506 -0.191282 -0.230991 38.3379 0.0580424 -0.00195871
76.65 12.5524 -0.192509 -0.230236 38.3455 0.0580514 -0.00197309
76.66 12.5541 -0.193734 -0.229488 38.3531 0.0580603 -0.00198742
76.67 12.5557 -0.194957 -0.228748 38.3607 0.0580693 -0.00200164
76.68 12.5574 -0.196178 -0.228015 38.3682 0.0580783 -0.00201577
76.69 12.5591 -0.197395 -0.22729 38.3758 0.0580874 -0.00202986
76.7 12.5608 -0.198609 -0.226573 38.3834 0.0580965 -0.00204394
76.71 12.5625 -0.199819 -0.225864 38.391 0.0581055 -0.00205801
76.72 12.5642 -0.201025 -0.225163 38.3986 0.0581146 -0.00207202
76.73 12.5659 -0.202228 -0.224469 38.4062 0.0581237 -0.00208595
76.74 12.5675 -0.203426 -0.223784 38.4138 0.0581329 -0.00209982
76.75 12.5692 -0.20462 -0.223106 38.4214 0.0581421 -0.00211366
76.76 12.5709 -0.205809 -0.222436 38.429 0.0581513 -0.00212746
76.77 12.5725 -0.206994 -0.221774 38.4366 0.0581605 -0.00214122
76.78 12.5742 -0.208174 -0.22112 38.4441 0.0581698 -0.00215493
76.79 12.5758 -0.209349 -0.220474 38.4517 0.058179 -0.00216857
76.8 12.5775 -0.21052 -0.219837 38.4593 0.0581883 -0.00218216
76.81 12.5791 -0.211686 -0.219207 38.4669 0.0581975 -0.00219572
76.82 12.5807 -0.212848 -0.218585 38.4745 0.0582068 -0.00220924
76.83 12.5824 -0.214006 -0.21797 38.4821 0.0582162 -0.00222272
76.84 12.584 -0.215159 -0.217364 38.4897 0.0582255 -0.00223613
76.85 12.5856 -0.216308 -0.216766 38.4973 0.0582349 -0.00224948
76.86 12.5872 -0.217454 -0.216175 38.5049 0.0582443 -0.00226278
76.87 12.5888 -0.218595 -0.215593 38.5125 0.0582537 -0.00227605
76.88 12.5904 -0.219733 -0.215018 38.5201 0.058263 -0.00228928
76.89 12.592 -0.220867 -0.214451 38.5276 0.0582724 -0.00230246
76.9 12.5936 -0.221998 -0.213892 38.5352 0.0582818 -0.00231558
76.91 12.5952 -0.223126 -0.213341 38.5428 0.0582913 -0.00232866
76.92 12.5968 -0.22425 -0.212798 38.5504 0.0583008 -0.00234167
76.93 12.5984 -0.225371 -0.212262 38.558 0.0583102 -0.00235464
76.94 12.5999 -0.22649 -0.211735 38.5656 0.0583197 -0.00236757
76.95 12.6015 -0.227604 -0.211215 38.5732 0.0583291 -0.00238044
76.96 12.6031 -0.228716 -0.210704 38.5808 0.0583386 -0.00239327
76.97 12.6046 -0.229824 -0.2102 38.5884 0.058348 -0.00240605
76.98 12.6062 -0.230929 -0.209704 38.596 0.0583575 -0.00241878
76.99 12.6077 -0.23203 -0.209216 38.6036 0.058367 -0.00243147
77 12.6093 -0.233127 -0.208737 38.6111 0.0583766 -0.0024441
77.01 12.6108 -0.234221 -0.208265 38.6187 0.0583861 -0.00245668
77.02 12.6123 -0.23531 -0.207801 38.6263 0.0583956 -0.00246921
77.03 12.6138 -0.236394 -0.207346 38.6339 0.058405 -0.00248169
77.04 12.6153 -0.237474 -0.206899 38.6415 0.0584145 -0.00249413
77.05 12.6168 -0.238548 -0.20646 38.6491 0.058424 -0.00250653
77.06 12.6183 -0.239617 -0.206029 38.6567 0.0584335 -0.00251888
77.07 12.6198 -0.240681 -0.205606 38.6643 0.058443 -0.00253117
77.08 12.6213 -0.241738 -0.205192 38.6719 0.0584525 -0.00254342
77.09 12.6228 -0.242789 -0.204786 38.6795 0.058462 -0.00255566
77.1 12.6243 -0.243834 -0.204389 38.6871 0.0584715 -0.0025679
77.11 12.6257 -0.244872 -0.203999 38.6946 0.0584809 -0.0025801
77.12 12.6272 -0.245903 -0.203618 38.7022 0.0584904 -0.00259217
77.13 12.6287 -0.246927 -0.203246 38.7098 0.0584998 -0.00260413
77.14 12.6301 -0.247944 -0.202881 38.7174 0.0585093 -0.00261608
77.15 12.6315 -0.248954 -0.202525 38.725 0.0585188 -0.00262804
77.16 12.633 -0.249956 -0.202178 38.7326 0.0585283 -0.00263998
77.17 12.6344 -0.250951 -0.201838 38.7402 0.0585377 -0.00265187
77.18 12.6358 -0.251939 -0.201508 38.7478 0.0585472 -0.00266367
77.19 12.6372 -0.252919 -0.201185 38.7554 0.0585565 -0.00267542
77.2 12.6386 -0.253892 -0.200871 38.763 0.0585659 -0.00268714
77.21 12.64 -0.254859 -0.200564 38.7706 0.0585753 -0.00269884
77.22 12.6414 -0.255818 -0.200266 38.7781 0.0585847 -0.00271052
77.23 12.6428 -0.25677 -0.199977 38.7857 0.0585942 -0.00272214
77.24 12.6442 -0.257716 -0.199695 38.7933 0.0586036 -0.00273369
77.25 12.6456 -0.258656 -0.199421 38.8009 0.0586129 -0.00274518
77.26 12.6469 -0.259589 -0.199156 38.8085 0.0586223 -0.00275664
77.27 12.6483 -0.260516 -0.198899 38.8161 0.0586316 -0.00276807
77.28 12.6496 -0.261438 -0.19865 38.8237 0.0586409 -0.00277946
77.29 12.651 -0.262353 -0.198408 38.8313 0.0586502 -0.00279082
77.3 12.6523 -0.263262 -0.198175 38.8389 0.0586595 -0.00280211
77.31 12.6536 -0.264166 -0.19795 38.8465 0.0586688 -0.00281334
77.32 12.6549 -0.265065 -0.197732 38.8541 0.0586781 -0.00282453
77.33 12.6562 -0.265957 -0.197523 38.8617 0.0586874 -0.00283567
77.34 12.6575 -0.266844 -0.197322 38.8692 0.0586966 -0.00284677
77.35 12.6588 -0.267726 -0.197129 38.8768 0.0587058 -0.00285782
77.36 12.6601 -0.268601 -0.196944 38.8844 0.058715 -0.00286883
77.37 12.6614 -0.269471 -0.196766 38.892 0.0587242 -0.00287979
77.38 12.6627 -0.270335 -0.196597 38.8996 0.0587334 -0.00289069
77.39 12.6639 -0.271192 -0.196436 38.9072 0.0587426 -0.00290154
77.4 12.6652 -0.272043 -0.196283 38.9148 0.0587517 -0.00291233
77.41 12.6664 -0.272888 -0.196138 38.9224 0.0587608 -0.00292307
77.42 12.6676 -0.273726 -0.196001 38.93 0.0587699 -0.00293376
77.43 12.6689 -0.274556 -0.195872 38.9376 0.0587789 -0.00294441
77.44 12.6701 -0.275379 -0.195752 38.9452 0.058788 -0.002955
77.45 12.6713 -0.276194 -0.195639 38.9527 0.058797 -0.00296555
77.46 12.6725 -0.277002 -0.195535 38.9603 0.0588061 -0.00297604
77.47 12.6737 -0.277801 -0.195439 38.9679 0.0588151 -0.00298646
77.48 12.6749 -0.278592 -0.195351 38.9755 0.0588241 -0.00299683
77.49 12.6761 -0.279375 -0.195271 38.9831 0.058833 -0.00300713
77.5 12.6772 -0.280149 -0.1952 38.9907 0.0588419 -0.00301739
77.51 12.6784 -0.280914 -0.195137 38.9983 0.0588507 -0.0030276
77.52 12.6795 -0.28167 -0.195082 39.0059 0.0588596 -0.00303776
77.53 12.6807 -0.282417 -0.195035 39.0135 0.0588685 -0.00304787
77.54 12.6818 -0.283155 -0.194997 39.0211 0.0588773 -0.0030579
77.55 12.683 -0.283884 -0.194966 39.0287 0.0588861 -0.00306785
77.56 12.6841 -0.284604 -0.194944 39.0363 0.0588949 -0.00307775
77.57 12.6852 -0.285316 -0.19493 39.0439 0.0589036 -0.00308758
77.58 12.6863 -0.286018 -0.194924 39.0514 0.0589122 -0.00309737
77.59 12.6874 -0.286711 -0.194926 39.059 0.0589209 -0.0031071
77.6 12.6885 -0.287396 -0.194936 39.0666 0.0589296 -0.00311677
77.61 12.6895 -0.288073 -0.194953 39.0742 0.0589382 -0.00312636
77.62 12.6906 -0.288741 -0.194979 39.0818 0.0589468 -0.00313588
77.63 12.6916 -0.289401 -0.195012 39.0894 0.0589554 -0.00314532
77.64 12.6927 -0.290053 -0.195054 39.097 0.0589639 -0.00315469
77.65 12.6937 -0.290698 -0.195103 39.1046 0.0589724 -0.003164
77.66 12.6948 -0.291334 -0.19516 39.1122 0.0589808 -0.00317324
77.67 12.6958 -0.291964 -0.195224 39.1198 0.0589892 -0.00318243
77.68 12.6968 -0.292586 -0.195296 39.1274 0.0589976 -0.00319154
77.69 12.6978 -0.293201 -0.195375 39.135 0.059006 -0.00320056
77.7 12.6988 -0.293809 -0.195462 39.1425 0.0590144 -0.00320949
77.71 12.6998 -0.29441 -0.195557 39.1501 0.0590227 -0.00321834
77.72 12.7007 -0.295003 -0.195659 39.1577 0.0590309 -0.00322711
77.73 12.7017 -0.29559 -0.195769 39.1653 0.0590391 -0.00323582
77.74 12.7027 -0.29617 -0.195886 39.1729 0.0590473 -0.00324445
77.75 12.7036 -0.296742 -0.19601 39.1805 0.0590554 -0.003253
77.76 12.7045 -0.297307 -0.196142 39.1881 0.0590636 -0.00326147
77.77 12.7055 -0.297865 -0.196281 39.1957 0.0590717 -0.00326984
77.78 12.7064 -0.298415 -0.196428 39.2033 0.0590797 -0.00327812
77.79 12.7073 -0.298958 -0.196583 39.2109 0.0590877 -0.00328631
77.8 12.7082 -0.299493 -0.196745 39.2185 0.0590956 -0.00329441
77.81 12.7091 -0.300019 -0.196914 39.2261 0.0591035 -0.00330243
77.82 12.71 -0.300537 -0.197091 39.2337 0.0591114 -0.00331037
77.83 12.7108 -0.301046 -0.197275 39.2412 0.0591192 -0.00331823
77.84 12.7117 -0.301547 -0.197466 39.2488 0.059127 -0.003326
77.85 12.7126 -0.302038 -0.197665 39.2564 0.0591348 -0.00333365
77.86 12.7134 -0.302521 -0.197872 39.264 0.0591425 -0.0033412
77.87 12.7142 -0.302994 -0.198086 39.2716 0.0591502 -0.00334865
77.88 12.7151 -0.303457 -0.198308 39.2792 0.0591577 -0.00335601
77.89 12.7159 -0.303911 -0.198537 39.2868 0.0591653 -0.00336329
77.9 12.7167 -0.304355 -0.198774 39.2944 0.0591728 -0.00337048
77.91 12.7175 -0.304789 -0.199017 39.302 0.0591803 -0.00337758
77.92 12.7183 -0.305213 -0.199269 39.3096 0.0591878 -0.00338456
77.93 12.7191 -0.305627 -0.199527 39.3172 0.0591952 -0.00339143
77.94 12.7198 -0.306032 -0.199793 39.3248 0.0592025 -0.00339818
77.95 12.7206 -0.306427 -0.200066 39.3324 0.0592098 -0.00340483
77.96 12.7214 -0.306812 -0.200347 39.34 0.059217 -0.00341138
77.97 12.7221 -0.307188 -0.200635 39.3475 0.0592242 -0.00341784
77.98 12.7228 -0.307554 -0.20093 39.3551 0.0592314 -0.00342421
77.99 12.7236 -0.307911 -0.201232 39.3627 0.0592385 -0.00343046
78 12.7243 -0.308259 -0.20154 39.3703 0.0592456 -0.00343659
78.01 12.725 -0.308598 -0.201856 39.3779 0.0592526 -0.00344259
78.02 12.7257 -0.308928 -0.20218 39.3855 0.0592596 -0.00344847
78.03 12.7264 -0.30925 -0.20251 39.3931 0.0592665 -0.00345424
78.04 12.727 -0.309564 -0.202846 39.4007 0.0592733 -0.0034599
78.05 12.7277 -0.309869 -0.20319 39.4083 0.0592801 -0.00346547
78.06 12.7284 -0.310167 -0.20354 39.4159 0.0592869 -0.00347092
78.07 12.729 -0.310456 -0.203897 39.4235 0.0592937 -0.00347624
78.08 12.7297 -0.310738 -0.20426 39.4311 0.0593004 -0.00348144
78.09 12.7303 -0.311012 -0.20463 39.4387 0.0593071 -0.0034865
78.1 12.7309 -0.311279 -0.205007 39.4463 0.0593136 -0.00349143
78.11 12.7315 -0.311538 -0.20539 39.4539 0.0593201 -0.00349624
78.12 12.7321 -0.31179 -0.20578 39.4614 0.0593266 -0.00350094
78.13 12.7327 -0.312034 -0.206176 39.469 0.059333 -0.00350553
78.14 12.7333 -0.31227 -0.206578 39.4766 0.0593395 -0.00351003
78.15 12.7339 -0.312498 -0.206986 39.4842 0.0593458 -0.00351443
78.16 12.7344 -0.312719 -0.207401 39.4918 0.0593522 -0.00351868
78.17 12.735 -0.312931 -0.207822 39.4994 0.0593584 -0.00352273
78.18 12.7356 -0.313136 -0.20825 39.507 0.0593646 -0.0035266
78.19 12.7361 -0.313331 -0.208684 39.5146 0.0593707 -0.00353036
78.2 12.7366 -0.313518 -0.209124 39.5222 0.0593768 -0.00353407
78.21 12.7372 -0.313696 -0.20957 39.5298 0.0593829 -0.00353768
78.22 12.7377 -0.313866 -0.210022 39.5374 0.059389 -0.00354115
78.23 12.7382 -0.314026 -0.210481 39.545 0.059395 -0.00354445
78.24 12.7387 -0.314176 -0.210946 39.5526 0.059401 -0.00354758
78.25 12.7392 -0.314318 -0.211417 39.5602 0.0594068 -0.00355057
78.26 12.7396 -0.314449 -0.211895 39.5678 0.0594126 -0.00355345
78.27 12.7401 -0.31457 -0.212378 39.5753 0.0594184 -0.00355624
78.28 12.7406 -0.314682 -0.212868 39.5829 0.0594241 -0.0035589
78.29 12.741 -0.314783 -0.213363 39.5905 0.0594298 -0.00356141
78.3 12.7415 -0.314874 -0.213864 39.5981 0.0594355 -0.00356377
78.31 12.7419 -0.314955 -0.214372 39.6057 0.0594412 -0.00356598
78.32 12.7423 -0.315026 -0.214885 39.6133 0.0594468 -0.00356805
78.33 12.7427 -0.315087 -0.215404 39.6209 0.0594523 -0.00356998
78.34 12.7431 -0.315138 -0.215929 39.6285 0.0594578 -0.00357177
78.35 12.7435 -0.31518 -0.21646 39.6361 0.0594632 -0.00357342
78.36 12.7439 -0.315211 -0.216996 39.6437 0.0594686 -0.00357495
78.37 12.7443 -0.315233 -0.217538 39.6513 0.059474 -0.00357636
78.38 12.7447 -0.315246 -0.218086 39.6589 0.0594794 -0.00357762
78.39 12.745 -0.315249 -0.218639 39.6665 0.0594847 -0.00357872
78.4 12.7454 -0.315244 -0.219197 39.6741 0.05949 -0.00357965
78.41 12.7457 -0.31523 -0.219761 39.6817 0.0594952 -0.00358042
78.42 12.7461 -0.315207 -0.22033 39.6893 0.0595003 -0.00358106
78.43 12.7464 -0.315176 -0.220904 39.6969 0.0595055 -0.00358159
78.44 12.7467 -0.315137 -0.221483 39.7044 0.0595106 -0.00358199
78.45 12.747 -0.31509 -0.222068 39.712 0.0595157 -0.00358225
78.46 12.7473 -0.315035 -0.222657 39.7196 0.0595208 -0.00358234
78.47 12.7476 -0.314973 -0.223252 39.7272 0.0595258 -0.00358225
78.48 12.7479 -0.314902 -0.223851 39.7348 0.0595307 -0.00358199
78.49 12.7482 -0.314825 -0.224455 39.7424 0.0595356 -0.00358159
78.5 12.7484 -0.314739 -0.225064 39.75 0.0595405 -0.00358107
78.51 12.7487 -0.314646 -0.225678 39.7576 0.0595454 -0.00358043
78.52 12.7489 -0.314546 -0.226297 39.7652 0.0595502 -0.00357965
78.53 12.7492 -0.314438 -0.22692 39.7728 0.0595551 -0.00357871
78.54 12.7494 -0.314322 -0.227548 39.7804 0.0595599 -0.00357759
78.55 12.7496 -0.314199 -0.228181 39.788 0.0595646 -0.00357631
78.56 12.7499 -0.314067 -0.228819 39.7956 0.0595693 -0.00357486
78.57 12.7501 -0.313928 -0.229461 39.8032 0.059574 -0.00357327
78.58 12.7503 -0.313781 -0.230108 39.8108 0.0595786 -0.00357155
78.59 12.7505 -0.313625 -0.230759 39.8184 0.0595833 -0.00356971
78.6 12.7506 -0.31346 -0.231414 39.826 0.0595879 -0.00356773
78.61 12.7508 -0.313287 -0.232074 39.8336 0.0595925 -0.00356559
78.62 12.751 -0.313105 -0.232739 39.8411 0.0595971 -0.00356326
78.63 12.7512 -0.312914 -0.233408 39.8487 0.0596016 -0.00356077
78.64 12.7513 -0.312715 -0.234081 39.8563 0.0596061 -0.00355811
78.65 12.7515 -0.312505 -0.234759 39.8639 0.0596106 -0.00355532
78.66 12.7516 -0.312287 -0.235441 39.8715 0.059615 -0.00355241
78.67 12.7517 -0.312059 -0.236127 39.8791 0.0596195 -0.00354938
78.68 12.7518 -0.311821 -0.236817 39.8867 0.059624 -0.00354619
78.69 12.752 -0.311575 -0.237512 39.8943 0.0596284 -0.00354283
78.7 12.7521 -0.311318 -0.23821 39.9019 0.0596328 -0.00353929
78.71 12.7522 -0.311053 -0.238912 39.9095 0.0596372 -0.00353558
78.72 12.7523 -0.310778 -0.239618 39.9171 0.0596415 -0.00353172
78.73 12.7523 -0.310494 -0.240329 39.9247 0.0596458 -0.00352774
78.74 12.7524 -0.310201 -0.241042 39.9323 0.0596501 -0.00352365
78.75 12.7525 -0.309899 -0.24176 39.9399 0.0596544 -0.00351941
78.76 12.7525 -0.309588 -0.24248 39.9475 0.0596588 -0.00351502
78.77 12.7526 -0.309269 -0.243205 39.9551 0.0596631 -0.00351044
78.78 12.7526 -0.308941 -0.243933 39.9627 0.0596673 -0.00350569
78.79 12.7527 -0.308606 -0.244664 39.9703 0.0596716 -0.00350078
78.8 12.7527 -0.308262 -0.245398 39.9779 0.0596758 -0.00349573
78.81 12.7527 -0.307911 -0.246136 39.9855 0.05968 -0.00349057
78.82 12.7528 -0.307552 -0.246877 39.9931 0.0596842 -0.00348528
78.83 12.7528 -0.307186 -0.24762 40.0006 0.0596884 -0.00347985
78.84 12.7528 -0.306812 -0.248367 40.0082 0.0596926 -0.00347426
78.85 12.7528 -0.306432 -0.249116 40.0158 0.0596968 -0.00346849
78.86 12.7528 -0.306045 -0.249868 40.0234 0.0597009 -0.00346255
78.87 12.7527 -0.305652 -0.250624 40.031 0.0597051 -0.00345646
78.88 12.7527 -0.305251 -0.251381 40.0386 0.0597092 -0.00345023
78.89 12.7527 -0.304844 -0.252142 40.0462 0.0597133 -0.0034439
78.9 12.7527 -0.30443 -0.252905 40.0538 0.0597174 -0.00343744
78.91 12.7526 -0.30401 -0.25367 40.0614 0.0597215 -0.00343085
78.92 12.7526 -0.303582 -0.254438 40.069 0.0597256 -0.00342409
78.93 12.7525 -0.303149 -0.255209 40.0766 0.0597297 -0.00341715
78.94 12.7525 -0.302708 -0.255982 40.0842 0.0597338 -0.00341005
78.95 12.7524 -0.302261 -0.256757 40.0918 0.0597379 -0.0034028
78.96 12.7523 -0.301806 -0.257535 40.0994 0.0597419 -0.00339545
78.97 12.7523 -0.301344 -0.258315 40.107 0.059746 -0.00338798
78.98 12.7522 -0.300875 -0.259097 40.1146 0.05975 -0.0033804
78.99 12.7521 -0.300398 -0.259882 40.1222 0.0597541 -0.00337268
79 12.752 -0.299914 -0.260669 40.1298 0.0597581 -0.00336478
79.01 12.7519 -0.299422 -0.261459 40.1374 0.0597621 -0.00335671
79.02 12.7518 -0.298922 -0.26225 40.145 0.0597662 -0.00334849
79.03 12.7517 -0.298414 -0.263044 40.1526 0.0597702 -0.00334015
79.04 12.7515 -0.297898 -0.26384 40.1602 0.0597742 -0.00333171
79.05 12.7514 -0.297374 -0.264638 40.1678 0.0597782 -0.00332317
79.06 12.7513 -0.296841 -0.265438 40.1754 0.0597822 -0.0033145
79.07 12.7511 -0.2963 -0.26624 40.183 0.0597862 -0.00330568
79.08 12.751 -0.295751 -0.267043 40.1905 0.0597902 -0.0032967
79.09 12.7508 -0.295194 -0.267849 40.1981 0.0597942 -0.00328756
79.1 12.7507 -0.294628 -0.268656 40.2057 0.0597982 -0.00327828
79.11 12.7505 -0.294055 -0.269465 40.2133 0.0598021 -0.00326889
79.12 12.7504 -0.293473 -0.270275 40.2209 0.0598061 -0.00325941
79.13 12.7502 -0.292884 -0.271087 40.2285 0.0598101 -0.00324983
79.14 12.75 -0.292286 -0.271901 40.2361 0.0598141 -0.00324013
79.15 12.7498 -0.291682 -0.272715 40.2437 0.059818 -0.00323028
79.16 12.7496 -0.29107 -0.273531 40.2513 0.059822 -0.00322027
79.17 12.7494 -0.290451 -0.274348 40.2589 0.059826 -0.00321011
79.18 12.7492 -0.289826 -0.275166 40.2665 0.0598299 -0.00319982
79.19 12.749 -0.289194 -0.275985 40.2741 0.0598339 -0.00318945
79.2 12.7488 -0.288555 -0.276805 40.2817 0.0598378 -0.00317899
79.21 12.7486 -0.28791 -0.277625 40.2893 0.0598418 -0.00316844
79.22 12.7484 -0.287258 -0.278447 40.2969 0.0598457 -0.00315776
79.23 12.7482 -0.286601 -0.279269 40.3045 0.0598496 -0.00314695
79.24 12.748 -0.285938 -0.280091 40.3121 0.0598535 -0.00313597
79.25 12.7477 -0.28527 -0.280914 40.3197 0.0598574 -0.00312485
79.26 12.7475 -0.284595 -0.281738 40.3273 0.0598613 -0.00311362
79.27 12.7472 -0.283915 -0.282561 40.3349 0.0598652 -0.00310231
79.28 12.747 -0.28323 -0.283386 40.3425 0.0598691 -0.00309094
79.29 12.7467 -0.282539 -0.28421 40.3501 0.059873 -0.00307947
79.3 12.7465 -0.281842 -0.285035 40.3577 0.0598769 -0.00306788
79.31 12.7462 -0.28114 -0.285859 40.3653 0.0598808 -0.00305613
79.32 12.746 -0.280433 -0.286684 40.3729 0.0598846 -0.00304425
79.33 12.7457 -0.279719 -0.287509 40.3805 0.0598885 -0.00303224
79.34 12.7454 -0.279 -0.288335 40.3881 0.0598923 -0.00302016
79.35 12.7451 -0.278275 -0.28916 40.3957 0.0598962 -0.00300802
79.36 12.7448 -0.277544 -0.289985 40.4033 0.0599 -0.0029958
79.37 12.7446 -0.276807 -0.29081 40.4109 0.0599039 -0.00298348
79.38 12.7443 -0.276063 -0.291635 40.4185 0.0599077 -0.00297103
79.39 12.744 -0.275314 -0.29246 40.4261 0.0599115 -0.00295845
79.4 12.7437 -0.274557 -0.293285 40.4337 0.0599153 -0.00294574
79.41 12.7434 -0.273794 -0.29411 40.4413 0.0599191 -0.00293294
79.42 12.743 -0.273024 -0.294934 40.4489 0.0599229 -0.00292007
79.43 12.7427 -0.272247 -0.295758 40.4564 0.0599267 -0.00290714
79.44 12.7424 -0.271463 -0.296582 40.464 0.0599304 -0.00289413
79.45 12.7421 -0.270672 -0.297406 40.4716 0.0599342 -0.00288104
79.46 12.7417 -0.269874 -0.298229 40.4792 0.0599379 -0.00286782
79.47 12.7414 -0.269069 -0.299051 40.4868 0.0599417 -0.00285448
79.48 12.7411 -0.268257 -0.299873 40.4944 0.0599454 -0.00284102
79.49 12.7407 -0.267438 -0.300695 40.502 0.0599491 -0.00282748
79.5 12.7404 -0.266613 -0.301516 40.5096 0.0599528 -0.00281389
79.51 12.74 -0.265781 -0.302335 40.5172 0.0599565 -0.00280025
79.52 12.7397 -0.264942 -0.303155 40.5248 0.0599602 -0.00278655
79.53 12.7393 -0.264096 -0.303973 40.5324 0.0599639 -0.00277275
79.54 12.7389 -0.263245 -0.30479 40.54 0.0599675 -0.00275882
79.55 12.7386 -0.262388 -0.305606 40.5476 0.0599712 -0.00274477
79.56 12.7382 -0.261525 -0.306421 40.5552 0.0599748 -0.00273063
79.57 12.7378 -0.260657 -0.307234 40.5628 0.0599784 -0.00271644
79.58 12.7374 -0.259783 -0.308047 40.5704 0.059982 -0.0027022
79.59 12.7371 -0.258904 -0.308857 40.578 0.0599856 -0.00268793
79.6 12.7367 -0.258021 -0.309667 40.5856 0.0599892 -0.00267357
79.61 12.7363 -0.257132 -0.310474 40.5932 0.0599928 -0.00265912
79.62 12.7359 -0.25624 -0.311281 40.6008 0.0599963 -0.00264455
79.63 12.7355 -0.255343 -0.312085 40.6084 0.0599999 -0.00262988
79.64 12.7351 -0.254442 -0.312888 40.616 0.0600034 -0.00261514
79.65 12.7347 -0.253537 -0.313689 40.6236 0.0600069 -0.00260035
79.66 12.7343 -0.252627 -0.314488 40.6312 0.0600104 -0.00258554
79.67 12.7339 -0.251714 -0.315285 40.6388 0.0600139 -0.00257067
79.68 12.7334 -0.250797 -0.31608 40.6464 0.0600173 -0.00255573
79.69 12.733 -0.249876 -0.316873 40.654 0.0600208 -0.0025407
79.7 12.7326 -0.248951 -0.317664 40.6616 0.0600242 -0.00252556
79.71 12.7322 -0.248022 -0.318453 40.6692 0.0600276 -0.00251033
79.72 12.7317 -0.247089 -0.31924 40.6768 0.060031 -0.00249505
79.73 12.7313 -0.246152 -0.320025 40.6844 0.0600343 -0.00247974
79.74 12.7309 -0.24521 -0.320808 40.692 0.0600377 -0.0024644
79.75 12.7304 -0.244264 -0.321588 40.6996 0.060041 -0.00244901
79.76 12.73 -0.243313 -0.322367 40.7072 0.0600443 -0.00243356
79.77 12.7295 -0.242357 -0.323143 40.7148 0.0600476 -0.002418
79.78 12.7291 -0.241397 -0.323917 40.7224 0.0600509 -0.00240236
79.79 12.7286 -0.240431 -0.324688 40.73 0.0600541 -0.00238663
79.8 12.7281 -0.239461 -0.325457 40.7376 0.0600574 -0.00237088
79.81 12.7277 -0.238485 -0.326224 40.7452 0.0600606 -0.0023551
79.82 12.7272 -0.237503 -0.326988 40.7528 0.0600638 -0.00233931
79.83 12.7267 -0.236517 -0.32775 40.7604 0.0600669 -0.00232347
79.84 12.7263 -0.235525 -0.328509 40.768 0.06007 -0.00230755
79.85 12.7258 -0.234527 -0.329266 40.7756 0.0600732 -0.00229153
79.86 12.7253 -0.233524 -0.33002 40.7832 0.0600762 -0.00227544
79.87 12.7248 -0.232516 -0.330772 40.7908 0.0600793 -0.0022593
79.88 12.7243 -0.231503 -0.33152 40.7984 0.0600823 -0.00224314
79.89 12.7238 -0.230484 -0.332266 40.806 0.0600854 -0.00222697
79.9 12.7233 -0.229461 -0.333009 40.8136 0.0600883 -0.00221077
79.91 12.7228 -0.228432 -0.333749 40.8212 0.0600913 -0.00219452
79.92 12.7223 -0.227399 -0.334485 40.8288 0.0600942 -0.0021782
79.93 12.7218 -0.226362 -0.335219 40.8364 0.0600971 -0.00216179
79.94 12.7213 -0.22532 -0.335949 40.844 0.0601 -0.00214532
79.95 12.7208 -0.224275 -0.336677 40.8516 0.0601028 -0.00212881
79.96 12.7203 -0.223226 -0.3374 40.8592 0.0601056 -0.00211227
79.97 12.7198 -0.222173 -0.338121 40.8668 0.0601084 -0.00209567
79.98 12.7192 -0.221116 -0.338838 40.8744 0.0601111 -0.00207906
79.99 12.7187 -0.220057 -0.339551 40.882 0.0601138 -0.00206246
80 12.7182 -0.218994 -0.340261 40.8896 0.0601165 -0.00204583
80.01 12.7177 -0.217929 -0.340967 40.8972 0.0601191 -0.00202911
80.02 12.7171 -0.216861 -0.341669 40.9048 0.0601218 -0.00201229
80.03 12.7166 -0.215791 -0.342368 40.9124 0.0601244 -0.00199542
80.04 12.716 -0.214718 -0.343062 40.92 0.0601269 -0.00197856
80.05 12.7155 -0.213643 -0.343753 40.9276 0.0601294 -0.00196174
80.06 12.715 -0.212566 -0.34444 40.9352 0.0601319 -0.00194489
80.07 12.7144 -0.211486 -0.345123 40.9428 0.0601343 -0.00192797
80.08 12.7139 -0.210404 -0.345802 40.9504 0.0601367 -0.00191095
80.09 12.7133 -0.20932 -0.346477 40.958 0.0601391 -0.00189387
80.1 12.7128 -0.208233 -0.347148 40.9656 0.0601415 -0.00187676
80.11 12.7122 -0.207144 -0.347815 40.9732 0.0601438 -0.00185967
80.12 12.7116 -0.206053 -0.348478 40.9808 0.060146 -0.00184259
80.13 12.7111 -0.204958 -0.349137 40.9884 0.0601482 -0.00182548
80.14 12.7105 -0.203861 -0.349792 40.996 0.0601504 -0.00180832
80.15 12.7099 -0.20276 -0.350442 41.0036 0.0601526 -0.0017911
80.16 12.7093 -0.201657 -0.351089 41.0112 0.0601547 -0.00177383
80.17 12.7088 -0.20055 -0.351731 41.0188 0.0601567 -0.00175653
80.18 12.7082 -0.19944 -0.35237 41.0264 0.0601588 -0.00173922
80.19 12.7076 -0.198327 -0.353004 41.034 0.0601608 -0.0017219
80.2 12.707 -0.19721 -0.353634 41.0416 0.0601627 -0.00170458
80.21 12.7064 -0.196089 -0.354259 41.0492 0.0601646 -0.00168724
80.22 12.7058 -0.194964 -0.354881 41.0568 0.0601665 -0.00166988
80.23 12.7052 -0.193836 -0.355498 41.0644 0.0601683 -0.00165247
80.24 12.7046 -0.192704 -0.356111 41.072 0.0601701 -0.00163501
80.25 12.704 -0.191568 -0.356719 41.0796 0.0601719 -0.00161752
80.26 12.7034 -0.190429 -0.357323 41.0872 0.0601736 -0.00160002
80.27 12.7028 -0.189286 -0.357922 41.0948 0.0601752 -0.00158253
80.28 12.7022 -0.18814 -0.358517 41.1025 0.0601769 -0.00156506
80.29 12.7016 -0.18699 -0.359107 41.1101 0.0601784 -0.00154758
80.3 12.701 -0.185838 -0.359692 41.1177 0.06018 -0.00153006
80.31 12.7004 -0.184682 -0.360273 41.1253 0.0601814 -0.0015125
80.32 12.6998 -0.183524 -0.360849 41.1329 0.0601829 -0.0014949
80.33 12.6992 -0.182364 -0.36142 41.1405 0.0601843 -0.00147728
80.34 12.6985 -0.181202 -0.361986 41.1481 0.0601857 -0.00145968
80.35 12.6979 -0.180037 -0.362547 41.1557 0.060187 -0.0014421
80.36 12.6973 -0.178871 -0.363103 41.1633 0.0601883 -0.00142453
80.37 12.6967 -0.177704 -0.363654 41.1709 0.0601895 -0.00140694
80.38 12.696 -0.176535 -0.364199 41.1785 0.0601907 -0.00138932
80.39 12.6954 -0.175365 -0.36474 41.1861 0.0601918 -0.00137166
80.4 12.6947 -0.174194 -0.365275 41.1937 0.0601929 -0.00135398
80.41 12.6941 -0.173023 -0.365805 41.2013 0.060194 -0.00133631
80.42 12.6935 -0.17185 -0.366329 41.2089 0.060195 -0.00131866
80.43 12.6928 -0.170677 -0.366848 41.2165 0.060196 -0.00130102
80.44 12.6922 -0.169504 -0.367362 41.2241 0.0601969 -0.0012834
80.45 12.6915 -0.16833 -0.36787 41.2317 0.0601978 -0.00126576
80.46 12.6909 -0.167156 -0.368373 41.2393 0.0601986 -0.0012481
80.47 12.6902 -0.165981 -0.36887 41.2469 0.0601994 -0.00123041
80.48 12.6895 -0.164806 -0.369362 41.2545 0.0602001 -0.00121271
80.49 12.6889 -0.16363 -0.369848 41.2621 0.0602009 -0.00119503
80.5 12.6882 -0.162453 -0.370329 41.2697 0.0602015 -0.00117738
80.51 12.6876 -0.161276 -0.370804 41.2773 0.0602021 -0.00115976
80.52 12.6869 -0.160097 -0.371274 41.2849 0.0602027 -0.00114214
80.53 12.6862 -0.158917 -0.371738 41.2925 0.0602032 -0.00112452
80.54 12.6855 -0.157736 -0.372196 41.3001 0.0602036 -0.00110687
80.55 12.6849 -0.156554 -0.372649 41.3077 0.060204 -0.00108921
80.56 12.6842 -0.15537 -0.373096 41.3153 0.0602044 -0.00107156
80.57 12.6835 -0.154185 -0.373538 41.3229 0.0602047 -0.00105394
80.58 12.6828 -0.152997 -0.373974 41.3305 0.060205 -0.00103636
80.59 12.6822 -0.151808 -0.374404 41.3381 0.0602052 -0.0010188
80.6 12.6815 -0.150617 -0.374829 41.3457 0.0602054 -0.00100126
80.61 12.6808 -0.149424 -0.375248 41.3533 0.0602055 -0.000983713
80.62 12.6801 -0.14823 -0.375662 41.3609 0.0602056 -0.000966153
80.63 12.6794 -0.147033 -0.376069 41.3686 0.0602056 -0.000948596
80.64 12.6787 -0.145835 -0.376471 41.3762 0.0602056 -0.000931066
80.65 12.678 -0.144634 -0.376868 41.3838 0.0602056 -0.000913579
80.66 12.6773 -0.143433 -0.377258 41.3914 0.0602055 -0.000896137
80.67 12.6766 -0.142229 -0.377643 41.399 0.0602053 -0.000878725
80.68 12.6759 -0.141025 -0.378022 41.4066 0.060205 -0.000861324
80.69 12.6752 -0.139819 -0.378395 41.4142 0.0602048 -0.000843924
80.7 12.6745 -0.138613 -0.378762 41.4218 0.0602045 -0.000826528
80.71 12.6738 -0.137406 -0.379123 41.4294 0.0602041 -0.000809153
80.72 12.6731 -0.136198 -0.379478 41.437 0.0602037 -0.000791817
80.73 12.6724 -0.13499 -0.379827 41.4446 0.0602032 -0.00077453
80.74 12.6717 -0.133783 -0.38017 41.4522 0.0602027 -0.000757292
80.75 12.671 -0.132575 -0.380507 41.4598 0.0602022 -0.000740088
80.76 12.6703 -0.131368 -0.380837 41.4674 0.0602015 -0.000722899
80.77 12.6695 -0.130162 -0.381162 41.475 0.0602009 -0.000705719
80.78 12.6688 -0.128957 -0.38148 41.4826 0.0602002 -0.000688558
80.79 12.6681 -0.127752 -0.381792 41.4902 0.0601994 -0.000671433
80.8 12.6674 -0.126549 -0.382097 41.4978 0.0601986 -0.00065436
80.81 12.6667 -0.125347 -0.382397 41.5054 0.0601978 -0.000637345
80.82 12.666 -0.124147 -0.38269 41.513 0.0601969 -0.000620377
80.83 12.6652 -0.122948 -0.382976 41.5206 0.0601959 -0.000603443
80.84 12.6645 -0.12175 -0.383256 41.5282 0.0601949 -0.000586532
80.85 12.6638 -0.120554 -0.38353 41.5358 0.0601939 -0.000569646
80.86 12.6631 -0.119359 -0.383798 41.5434 0.0601928 -0.000552771
80.87 12.6623 -0.118165 -0.384059 41.5511 0.0601917 -0.000535909
80.88 12.6616 -0.116972 -0.384314 41.5587 0.0601905 -0.000519112
80.89 12.6609 -0.115781 -0.384563 41.5663 0.0601893 -0.000502424
80.9 12.6601 -0.11459 -0.384805 41.5739 0.060188 -0.000485803
80.91 12.6594 -0.1134 -0.385041 41.5815 0.0601867 -0.000469171
80.92 12.6587 -0.112211 -0.385271 41.5891 0.0601853 -0.000452541
80.93 12.6579 -0.111023 -0.385495 41.5967 0.0601839 -0.000435982
80.94 12.6572 -0.109835 -0.385712 41.6043 0.0601824 -0.00041952
80.95 12.6565 -0.108647 -0.385922 41.6119 0.0601809 -0.000403127
80.96 12.6557 -0.107459 -0.386127 41.6195 0.0601794 -0.000386766
80.97 12.655 -0.106272 -0.386325 41.6271 0.0601778 -0.000370432
80.98 12.6543 -0.105085 -0.386517 41.6347 0.0601761 -0.000354149
80.99 12.6535 -0.103898 -0.386702 41.6423 0.0601744 -0.000337939
81 12.6528 -0.102711 -0.386881 41.6499 0.0601727 -0.000321799
81.01 12.6521 -0.101524 -0.387054 41.6575 0.0601709 -0.000305706
81.02 12.6513 -0.100337 -0.38722 41.6651 0.0601691 -0.00028965
81.03 12.6506 -0.0991507 -0.38738 41.6727 0.0601672 -0.000273645
81.04 12.6498 -0.0979646 -0.387534 41.6803 0.0601653 -0.000257715
81.05 12.6491 -0.0967788 -0.387681 41.6879 0.0601634 -0.00024187
81.06 12.6484 -0.0955937 -0.387822 41.6956 0.0601614 -0.000226097
81.07 12.6476 -0.0944093 -0.387956 41.7032 0.0601593 -0.00021038
81.08 12.6469 -0.093226 -0.388084 41.7108 0.0601572 -0.000194713
81.09 12.6461 -0.092044 -0.388205 41.7184 0.0601551 -0.000179102
81.1 12.6454 -0.0908635 -0.38832 41.726 0.060153 -0.000163565
81.11 12.6447 -0.0896846 -0.388428 41.7336 0.0601508 -0.00014811
81.12 12.6439 -0.0885076 -0.38853 41.7412 0.0601486 -0.000132737
81.13 12.6432 -0.0873328 -0.388625 41.7488 0.0601463 -0.000117439
81.14 12.6424 -0.0861604 -0.388714 41.7564 0.0601439 -0.000102211
81.15 12.6417 -0.0849906 -0.388796 41.764 0.0601416 -8.70511e-05
81.16 12.641 -0.0838235 -0.388871 41.7716 0.0601392 -7.19639e-05
81.17 12.6402 -0.0826594 -0.38894 41.7792 0.0601368 -5.69529e-05
81.18 12.6395 -0.0814984 -0.389002 41.7868 0.0601343 -4.20248e-05
81.19 12.6387 -0.0803406 -0.389058 41.7944 0.0601318 -2.71815e-05
81.2 12.638 -0.0791861 -0.389107 41.802 0.0601293 -1.24211e-05
81.21 12.6373 -0.078035 -0.38915 41.8096 0.0601267 2.25777e-06
81.22 12.6365 -0.0768873 -0.389186 41.8172 0.0601241 1.68517e-05
81.23 12.6358 -0.0757429 -0.389216 41.8249 0.0601214 3.13595e-05
81.24 12.6351 -0.074602 -0.389239 41.8325 0.0601187 4.57794e-05
81.25 12.6343 -0.0734643 -0.389256 41.8401 0.0601161 6.0113e-05
81.26 12.6336 -0.07233 -0.389266 41.8477 0.0601133 7.43616e-05
81.27 12.6329 -0.0711988 -0.389269 41.8553 0.0601106 8.85168e-05
81.28 12.6321 -0.0700707 -0.389267 41.8629 0.0601078 0.000102577
81.29 12.6314 -0.0689455 -0.389258 41.8705 0.0601049 0.000116543
81.3 12.6307 -0.0678231 -0.389242 41.8781 0.060102 0.000130412
81.31 12.6299 -0.0667034 -0.389221 41.8857 0.0600991 0.000144183
81.32 12.6292 -0.0655864 -0.389193 41.8933 0.0600962 0.00015786
81.33 12.6285 -0.0644717 -0.389158 41.9009 0.0600932 0.000171437
81.34 12.6277 -0.0633595 -0.389118 41.9085 0.0600903 0.000184915
81.35 12.627 -0.0622496 -0.389071 41.9161 0.0600873 0.000198291
81.36 12.6263 -0.0611418 -0.389018 41.9237 0.0600842 0.000211564
81.37 12.6256 -0.0600363 -0.388959 41.9313 0.0600811 0.000224734
81.38 12.6249 -0.0589329 -0.388894 41.9389 0.060078 0.000237795
81.39 12.6241 -0.0578316 -0.388823 41.9466 0.0600749 0.000250745
81.4 12.6234 -0.0567326 -0.388745 41.9542 0.0600718 0.000263585
81.41 12.6227 -0.0556358 -0.388661 41.9618 0.0600686 0.000276318
81.42 12.622 -0.0545415 -0.388571 41.9694 0.0600654 0.000288946
81.43 12.6213 -0.0534496 -0.388475 41.977 0.0600622 0.000301469
81.44 12.6206 -0.0523604 -0.388373 41.9846 0.060059 0.000313879
81.45 12.6199 -0.051274 -0.388264 41.9922 0.0600557 0.000326171
81.46 12.6192 -0.0501906 -0.38815 41.9998 0.0600524 0.000338341
81.47 12.6184 -0.0491104 -0.388029 42.0074 0.0600491 0.000350393
81.48 12.6177 -0.0480336 -0.387902 42.015 0.0600458 0.000362332
81.49 12.617 -0.0469605 -0.387768 42.0226 0.0600424 0.000374158
81.5 12.6163 -0.0458913 -0.387629 42.0302 0.0600391 0.000385873
81.51 12.6156 -0.0448262 -0.387483 42.0378 0.0600357 0.000397472
81.52 12.615 -0.0437655 -0.387331 42.0454 0.0600323 0.000408952
81.53 12.6143 -0.0427093 -0.387172 42.053 0.0600288 0.000420308
81.54 12.6136 -0.0416579 -0.387008 42.0607 0.0600254 0.00043154
81.55 12.6129 -0.0406113 -0.386837 42.0683 0.0600219 0.000442643
81.56 12.6122 -0.0395699 -0.386659 42.0759 0.0600185 0.000453625
81.57 12.6115 -0.0385337 -0.386476 42.0835 0.060015 0.000464491
81.58 12.6108 -0.0375028 -0.386287 42.0911 0.0600115 0.000475245
81.59 12.6102 -0.0364774 -0.386091 42.0987 0.060008 0.000485881
81.6 12.6095 -0.0354574 -0.385889 42.1063 0.0600044 0.000496388
81.61 12.6088 -0.0344429 -0.385681 42.1139 0.0600009 0.000506762
81.62 12.6082 -0.0334339 -0.385467 42.1215 0.0599973 0.000517001
81.63 12.6075 -0.0324303 -0.385247 42.1291 0.0599938 0.000527108
81.64 12.6068 -0.0314321 -0.385022 42.1367 0.0599902 0.000537093
81.65 12.6062 -0.0304393 -0.38479 42.1443 0.0599866 0.000546962
81.66 12.6055 -0.0294519 -0.384552 42.1519 0.059983 0.000556715
81.67 12.6049 -0.0284695 -0.384309 42.1596 0.0599794 0.000566343
81.68 12.6042 -0.0274923 -0.38406 42.1672 0.0599757 0.000575836
81.69 12.6036 -0.0265199 -0.383805 42.1748 0.0599721 0.000585185
81.7 12.6029 -0.0255523 -0.383545 42.1824 0.0599684 0.000594395
81.71 12.6023 -0.0245895 -0.383279 42.19 0.0599648 0.000603472
81.72 12.6016 -0.0236313 -0.383008 42.1976 0.0599611 0.000612426
81.73 12.601 -0.0226777 -0.382731 42.2052 0.0599575 0.000621262
81.74 12.6004 -0.0217287 -0.382448 42.2128 0.0599538 0.000629976
81.75 12.5998 -0.020784 -0.38216 42.2204 0.0599501 0.000638559
81.76 12.5991 -0.0198438 -0.381867 42.228 0.0599463 0.000647001
81.77 12.5985 -0.0189079 -0.381569 42.2356 0.0599426 0.000655296
81.78 12.5979 -0.0179765 -0.381265 42.2432 0.0599389 0.000663448
81.79 12.5973 -0.0170495 -0.380956 42.2508 0.0599352 0.000671468
81.8 12.5967 -0.0161272 -0.380642 42.2585 0.0599315 0.000679366
81.81 12.5961 -0.0152096 -0.380322 42.2661 0.0599278 0.000687149
81.82 12.5955 -0.0142969 -0.379997 42.2737 0.059924 0.000694808
81.83 12.5949 -0.0133891 -0.379668 42.2813 0.0599203 0.000702331
81.84 12.5943 -0.0124865 -0.379333 42.2889 0.0599165 0.000709708
81.85 12.5937 -0.0115891 -0.378992 42.2965 0.0599128 0.000716936
81.86 12.5931 -0.0106973 -0.378647 42.3041 0.059909 0.000724025
81.87 12.5926 -0.00981133 -0.378296 42.3117 0.0599053 0.000730991
81.88 12.592 -0.00893138 -0.37794 42.3193 0.0599016 0.000737841
81.89 12.5914 -0.00805781 -0.377579 42.3269 0.0598978 0.000744609
81.9 12.5909 -0.00719091 -0.377213 42.3345 0.0598941 0.000751308
81.91 12.5903 -0.00633072 -0.376842 42.3421 0.0598903 0.000757861
81.92 12.5898 -0.00547721 -0.376466 42.3498 0.0598866 0.000764187
81.93 12.5892 -0.00463064 -0.376085 42.3574 0.0598828 0.000770308
81.94 12.5887 -0.0037914 -0.375698 42.365 0.0598791 0.000776314
81.95 12.5881 -0.0029598 -0.375307 42.3726 0.0598753 0.000782267
81.96 12.5876 -0.00213593 -0.37491 42.3802 0.0598716 0.000788152
81.97 12.5871 -0.00131973 -0.374509 42.3878 0.0598678 0.000793914
81.98 12.5865 -0.000511159 -0.374103 42.3954 0.0598641 0.000799512
81.99 12.586 0.000289745 -0.373691 42.403 0.0598603 0.000804948
82 12.5855 0.00108288 -0.373275 42.4106 0.0598566 0.000810253
82.01 12.585 0.0018682 -0.372854 42.4182 0.0598528 0.000815451
82.02 12.5845 0.00264571 -0.372428 42.4258 0.0598491 0.000820541
82.03 12.584 0.00341552 -0.371997 42.4335 0.0598454 0.000825513
82.04 12.5835 0.00417769 -0.371562 42.4411 0.0598416 0.00083036
82.05 12.583 0.0049323 -0.371122 42.4487 0.0598379 0.000835091
82.06 12.5825 0.00567944 -0.370678 42.4563 0.0598341 0.000839709
82.07 12.582 0.00641923 -0.370229 42.4639 0.0598304 0.000844205
82.08 12.5815 0.00715184 -0.369776 42.4715 0.0598266 0.000848561
82.09 12.5811 0.00787736 -0.369319 42.4791 0.0598229 0.000852775
82.1 12.5806 0.00859585 -0.368857 42.4867 0.0598192 0.00085686
82.11 12.5801 0.00930733 -0.368391 42.4943 0.0598155 0.000860844
82.12 12.5797 0.0100118 -0.367921 42.5019 0.0598118 0.000864738
82.13 12.5792 0.0107095 -0.367447 42.5095 0.0598081 0.000868528
82.14 12.5788 0.0114004 -0.366969 42.5172 0.0598043 0.000872194
82.15 12.5784 0.0120846 -0.366487 42.5248 0.0598006 0.000875714
82.16 12.5779 0.0127621 -0.366002 42.5324 0.0597969 0.000879089
82.17 12.5775 0.0134327 -0.365512 42.54 0.0597932 0.000882341
82.18 12.5771 0.0140965 -0.365019 42.5476 0.0597895 0.000885491
82.19 12.5767 0.0147533 -0.364522 42.5552 0.0597858 0.000888548
82.2 12.5762 0.015403 -0.364021 42.5628 0.0597821 0.000891508
82.21 12.5758 0.0160455 -0.363516 42.5704 0.0597785 0.000894354
82.22 12.5754 0.0166807 -0.363009 42.578 0.0597748 0.000897073
82.23 12.5751 0.0173084 -0.362497 42.5856 0.0597711 0.000899657
82.24 12.5747 0.0179285 -0.361982 42.5932 0.0597674 0.000902111
82.25 12.5743 0.0185408 -0.361463 42.6009 0.0597638 0.000904448
82.26 12.5739 0.0191449 -0.360941 42.6085 0.0597601 0.000906687
82.27 12.5736 0.0197407 -0.360415 42.6161 0.0597565 0.000908836
82.28 12.5732 0.020328 -0.359886 42.6237 0.0597528 0.000910892
82.29 12.5728 0.0209066 -0.359354 42.6313 0.0597492 0.000912838
82.3 12.5725 0.0214763 -0.358818 42.6389 0.0597455 0.000914657
82.31 12.5721 0.0220371 -0.358279 42.6465 0.0597419 0.000916343
82.32 12.5718 0.0225887 -0.357736 42.6541 0.0597383 0.000917903
82.33 12.5715 0.0231309 -0.35719 42.6617 0.0597347 0.00091936
82.34 12.5712 0.0236635 -0.356641 42.6693 0.0597311 0.000920728
82.35 12.5708 0.0241865 -0.356089 42.677 0.0597275 0.000922013
82.36 12.5705 0.0246998 -0.355534 42.6846 0.0597239 0.000923202
82.37 12.5702 0.0252034 -0.354975 42.6922 0.0597203 0.00092428
82.38 12.5699 0.0256973 -0.354414 42.6998 0.0597168 0.000925232
82.39 12.5696 0.0261816 -0.353849 42.7074 0.0597132 0.000926057
82.4 12.5694 0.0266561 -0.353282 42.715 0.0597096 0.000926767
82.41 12.5691 0.027121 -0.352712 42.7226 0.0597061 0.000927378
82.42 12.5688 0.0275761 -0.352139 42.7302 0.0597026 0.000927912
82.43 12.5685 0.0280217 -0.351563 42.7378 0.0596991 0.000928368
82.44 12.5683 0.0284578 -0.350985 42.7454 0.0596956 0.000928721
82.45 12.568 0.0288847 -0.350404 42.7531 0.059692 0.000928949
82.46 12.5678 0.0293024 -0.349821 42.7607 0.0596885 0.000929052
82.47 12.5676 0.0297111 -0.349236 42.7683 0.0596851 0.000929043
82.48 12.5673 0.0301107 -0.348647 42.7759 0.0596816 0.000928936
82.49 12.5671 0.0305012 -0.348057 42.7835 0.0596783 0.000928745
82.5 12.5669 0.0308828 -0.347464 42.7911 0.0596749 0.000928467
82.51 12.5667 0.0312554 -0.34687 42.7987 0.0596715 0.000928092
82.52 12.5665 0.0316194 -0.346273 42.8063 0.0596681 0.000927609
82.53 12.5663 0.0319746 -0.345675 42.8139 0.0596647 0.000927022
82.54 12.5661 0.0323212 -0.345074 42.8215 0.0596613 0.000926321
82.55 12.5659 0.0326591 -0.344471 42.8292 0.0596579 0.000925508
82.56 12.5658 0.0329883 -0.343867 42.8368 0.0596546 0.00092459
82.57 12.5656 0.0333088 -0.343261 42.8444 0.0596513 0.000923581
82.58 12.5654 0.0336204 -0.342653 42.852 0.059648 0.000922492
82.59 12.5653 0.0339231 -0.342043 42.8596 0.0596448 0.000921327
82.6 12.5652 0.0342168 -0.341432 42.8672 0.0596415 0.000920069
82.61 12.565 0.0345015 -0.340819 42.8748 0.0596383 0.000918695
82.62 12.5649 0.0347769 -0.340205 42.8824 0.059635 0.000917196
82.63 12.5648 0.035043 -0.339589 42.89 0.0596318 0.00091558
82.64 12.5647 0.0352995 -0.338972 42.8977 0.0596287 0.000913875
82.65 12.5646 0.0355462 -0.338353 42.9053 0.0596256 0.000912095
82.66 12.5645 0.0357829 -0.337733 42.9129 0.0596224 0.000910247
82.67 12.5644 0.0360094 -0.337112 42.9205 0.0596193 0.000908314
82.68 12.5643 0.0362257 -0.33649 42.9281 0.0596162 0.000906273
82.69 12.5642 0.0364316 -0.335866 42.9357 0.0596132 0.000904111
82.7 12.5642 0.0366269 -0.335241 42.9433 0.0596101 0.000901832
82.71 12.5641 0.0368116 -0.334615 42.9509 0.0596071 0.000899452
82.72 12.5641 0.0369853 -0.333987 42.9585 0.0596041 0.000896991
82.73 12.564 0.037148 -0.333359 42.9662 0.0596012 0.000894463
82.74 12.564 0.0372997 -0.33273 42.9738 0.0595982 0.000891859
82.75 12.5639 0.0374403 -0.3321 42.9814 0.0595953 0.000889157
82.76 12.5639 0.0375698 -0.331469 42.989 0.0595924 0.000886337
82.77 12.5639 0.0376883 -0.330837 42.9966 0.0595895 0.000883405
82.78 12.5639 0.0377957 -0.330205 43.0042 0.0595866 0.00088037
82.79 12.5639 0.0378921 -0.329572 43.0118 0.0595838 0.000877242
82.8 12.5639 0.0379775 -0.328939 43.0194 0.059581 0.000874027
82.81 12.564 0.0380521 -0.328305 43.027 0.0595783 0.000870733
82.82 12.564 0.0381158 -0.327671 43.0347 0.0595755 0.000867356
82.83 12.564 0.0381689 -0.327036 43.0423 0.0595728 0.000863889
82.84 12.5641 0.0382115 -0.326402 43.0499 0.0595701 0.000860315
82.85 12.5641 0.0382438 -0.325767 43.0575 0.0595674 0.000856621
82.86 12.5642 0.038266 -0.325132 43.0651 0.0595647 0.000852813
82.87 12.5642 0.038278 -0.324497 43.0727 0.0595621 0.00084891
82.88 12.5643 0.03828 -0.323863 43.0803 0.0595596 0.000844933
82.89 12.5644 0.0382721 -0.323228 43.0879 0.059557 0.000840886
82.9 12.5645 0.0382545 -0.322594 43.0955 0.0595544 0.000836755
82.91 12.5646 0.0382273 -0.321961 43.1032 0.0595519 0.000832516
82.92 12.5647 0.0381906 -0.321327 43.1108 0.0595494 0.000828159
82.93 12.5648 0.0381444 -0.320695 43.1184 0.059547 0.000823679
82.94 12.5649 0.0380889 -0.320062 43.126 0.0595446 0.000819096
82.95 12.5651 0.0380238 -0.319431 43.1336 0.0595422 0.000814428
82.96 12.5652 0.0379492 -0.3188 43.1412 0.0595398 0.00080969
82.97 12.5654 0.0378651 -0.318169 43.1488 0.0595375 0.000804874
82.98 12.5655 0.0377714 -0.31754 43.1564 0.0595352 0.00079996
82.99 12.5657 0.0376681 -0.316911 43.164 0.0595329 0.000794932
83 12.5659 0.0375552 -0.316283 43.1717 0.0595306 0.000789787
83.01 12.566 0.0374324 -0.315656 43.1793 0.0595284 0.000784534
83.02 12.5662 0.0372997 -0.31503 43.1869 0.0595262 0.000779177
83.03 12.5664 0.0371568 -0.314405 43.1945 0.0595241 0.000773736
83.04 12.5666 0.0370036 -0.313781 43.2021 0.059522 0.000768213
83.05 12.5668 0.03684 -0.313158 43.2097 0.0595199 0.000762609
83.06 12.5671 0.0366659 -0.312536 43.2173 0.0595178 0.00075691
83.07 12.5673 0.0364811 -0.311915 43.2249 0.0595158 0.000751099
83.08 12.5675 0.0362855 -0.311295 43.2326 0.0595138 0.000745168
83.09 12.5678 0.036079 -0.310677 43.2402 0.0595118 0.000739121
83.1 12.568 0.0358615 -0.31006 43.2478 0.0595099 0.000732974
83.11 12.5683 0.0356328 -0.309444 43.2554 0.059508 0.000726746
83.12 12.5686 0.0353928 -0.30883 43.263 0.0595062 0.000720443
83.13 12.5688 0.0351416 -0.308217 43.2706 0.0595043 0.000714052
83.14 12.5691 0.0348791 -0.307605 43.2782 0.0595025 0.00070756
83.15 12.5694 0.0346054 -0.306996 43.2858 0.0595008 0.000700945
83.16 12.5697 0.0343206 -0.306388 43.2935 0.059499 0.000694209
83.17 12.57 0.0340246 -0.305782 43.3011 0.0594974 0.000687361
83.18 12.5704 0.0337176 -0.305177 43.3087 0.0594957 0.000680423
83.19 12.5707 0.0333995 -0.304575 43.3163 0.0594941 0.000673404
83.2 12.571 0.0330706 -0.303975 43.3239 0.0594925 0.000666306
83.21 12.5714 0.0327309 -0.303377 43.3315 0.0594909 0.000659113
83.22 12.5717 0.0323806 -0.302781 43.3391 0.0594894 0.000651808
83.23 12.5721 0.0320201 -0.302187 43.3467 0.0594879 0.000644382
83.24 12.5725 0.0316493 -0.301596 43.3543 0.0594865 0.000636833
83.25 12.5728 0.0312685 -0.301007 43.362 0.0594851 0.000629181
83.26 12.5732 0.0308778 -0.30042 43.3696 0.0594837 0.00062144
83.27 12.5736 0.0304773 -0.299837 43.3772 0.0594824 0.00061362
83.28 12.574 0.0300671 -0.299256 43.3848 0.0594811 0.000605714
83.29 12.5744 0.0296475 -0.298677 43.3924 0.0594798 0.000597708
83.3 12.5749 0.0292186 -0.298102 43.4 0.0594786 0.000589585
83.31 12.5753 0.0287806 -0.297529 43.4076 0.0594774 0.00058134
83.32 12.5757 0.0283334 -0.29696 43.4152 0.0594763 0.000572978
83.33 12.5762 0.0278771 -0.296393 43.4229 0.0594752 0.000564517
83.34 12.5766 0.0274117 -0.29583 43.4305 0.0594742 0.000555977
83.35 12.5771 0.0269371 -0.295269 43.4381 0.0594732 0.000547367
83.36 12.5776 0.0264532 -0.294712 43.4457 0.0594722 0.000538666
83.37 12.578 0.0259602 -0.294158 43.4533 0.0594713 0.000529843
83.38 12.5785 0.0254579 -0.293607 43.4609 0.0594704 0.000520892
83.39 12.579 0.0249463 -0.29306 43.4685 0.0594696 0.000511825
83.4 12.5795 0.0244253 -0.292516 43.4761 0.0594688 0.000502662
83.41 12.58 0.0238947 -0.291975 43.4838 0.059468 0.000493416
83.42 12.5806 0.0233544 -0.291438 43.4914 0.0594673 0.000484088
83.43 12.5811 0.0228044 -0.290905 43.499 0.0594666 0.000474666
83.44 12.5816 0.0222444 -0.290374 43.5066 0.059466 0.000465145
83.45 12.5822 0.0216744 -0.289848 43.5142 0.0594654 0.000455517
83.46 12.5827 0.0210944 -0.289325 43.5218 0.0594649 0.000445781
83.47 12.5833 0.0205042 -0.288805 43.5294 0.0594644 0.000435938
83.48 12.5839 0.0199036 -0.28829 43.537 0.059464 0.000425994
83.49 12.5844 0.0192927 -0.287778 43.5447 0.0594636 0.000415961
83.5 12.585 0.0186713 -0.28727 43.5523 0.0594633 0.000405845
83.51 12.5856 0.0180395 -0.286765 43.5599 0.059463 0.000395648
83.52 12.5862 0.0173971 -0.286265 43.5675 0.0594627 0.000385355
83.53 12.5868 0.0167444 -0.285769 43.5751 0.0594625 0.000374958
83.54 12.5875 0.0160813 -0.285276 43.5827 0.0594624 0.000364447
83.55 12.5881 0.0154079 -0.284788 43.5903 0.0594623 0.000353832
83.56 12.5887 0.0147242 -0.284304 43.5979 0.0594622 0.000343125
83.57 12.5894 0.0140304 -0.283825 43.6056 0.0594622 0.000332339
83.58 12.59 0.0133266 -0.283349 43.6132 0.0594623 0.000321476
83.59 12.5907 0.0126129 -0.282878 43.6208 0.0594624 0.00031053
83.6 12.5913 0.0118896 -0.282412 43.6284 0.0594625 0.000299486
83.61 12.592 0.0111569 -0.28195 43.636 0.0594627 0.000288337
83.62 12.5927 0.0104149 -0.281493 43.6436 0.0594629 0.000277066
83.63 12.5934 0.0096639 -0.28104 43.6512 0.0594633 0.00026567
83.64 12.5941 0.0089039 -0.280592 43.6588 0.0594636 0.000254199
83.65 12.5948 0.00813499 -0.280149 43.6665 0.059464 0.000242695
83.66 12.5955 0.00735741 -0.279711 43.6741 0.0594645 0.000231148
83.67 12.5962 0.00657144 -0.279278 43.6817 0.059465 0.000219504
83.68 12.597 0.00577736 -0.27885 43.6893 0.0594655 0.000207733
83.69 12.5977 0.00497526 -0.278427 43.6969 0.0594661 0.00019584
83.7 12.5985 0.00416521 -0.278009 43.7045 0.0594668 0.000183862
83.71 12.5992 0.00334724 -0.277596 43.7121 0.0594675 0.00017182
83.72 12.6 0.00252142 -0.277189 43.7198 0.0594682 0.000159719
83.73 12.6008 0.00168786 -0.276787 43.7274 0.0594691 0.000147542
83.74 12.6015 0.000846623 -0.276391 43.735 0.0594699 0.000135274
83.75 12.6023 -2.27822e-06 -0.275999 43.7426 0.0594708 0.000122913
83.76 12.6031 -0.00085888 -0.275614 43.7502 0.0594718 0.000110462
83.77 12.6039 -0.00172324 -0.275233 43.7578 0.0594728 9.79356e-05
83.78 12.6047 -0.00259541 -0.274858 43.7654 0.0594739 8.53317e-05
83.79 12.6055 -0.00347547 -0.274489 43.773 0.059475 7.26531e-05
83.8 12.6064 -0.00436349 -0.274126 43.7807 0.0594762 5.99007e-05
83.81 12.6072 -0.00525959 -0.273768 43.7883 0.0594774 4.70811e-05
83.82 12.608 -0.00616387 -0.273415 43.7959 0.0594787 3.4192e-05
83.83 12.6089 -0.0070764 -0.273068 43.8035 0.05948 2.12285e-05
83.84 12.6097 -0.00799727 -0.272727 43.8111 0.0594814 8.18585e-06
83.85 12.6106 -0.00892657 -0.272392 43.8187 0.0594828 -4.93514e-06
83.86 12.6115 -0.00986438 -0.272063 43.8263 0.0594843 -1.81279e-05
83.87 12.6123 -0.0108108 -0.271739 43.8339 0.0594858 -3.13873e-05
83.88 12.6132 -0.0117658 -0.271421 43.8416 0.0594874 -4.47011e-05
83.89 12.6141 -0.0127296 -0.271109 43.8492 0.0594891 -5.80703e-05
83.9 12.615 -0.013702 -0.270803 43.8568 0.0594907 -7.15008e-05
83.91 12.6159 -0.014683 -0.270504 43.8644 0.0594925 -8.50032e-05
83.92 12.6168 -0.0156726 -0.27021 43.872 0.0594943 -9.85775e-05
83.93 12.6177 -0.0166706 -0.269922 43.8796 0.0594961 -0.000112221
83.94 12.6187 -0.0176771 -0.269641 43.8872 0.059498 -0.00012592
83.95 12.6196 -0.0186919 -0.269366 43.8948 0.0594999 -0.000139668
83.96 12.6205 -0.0197148 -0.269097 43.9025 0.0595019 -0.000153463
83.97 12.6215 -0.0207458 -0.268835 43.9101 0.059504 -0.000167309
83.98 12.6224 -0.0217845 -0.268579 43.9177 0.0595061 -0.000181213
83.99 12.6234 -0.0228307 -0.268329 43.9253 0.0595082 -0.000195177
84 12.6243 -0.0238844 -0.268087 43.9329 0.0595104 -0.0002092
84.01 12.6253 -0.0249452 -0.267851 43.9405 0.0595126 -0.000223276
84.02 12.6263 -0.0260129 -0.267621 43.9481 0.0595149 -0.000237399
84.03 12.6273 -0.0270873 -0.267399 43.9558 0.0595173 -0.000251561
84.04 12.6283 -0.0281683 -0.267183 43.9634 0.0595197 -0.000265763
84.05 12.6293 -0.0292556 -0.266975 43.971 0.0595221 -0.000280005
84.06 12.6303 -0.0303489 -0.266773 43.9786 0.0595246 -0.000294296
84.07 12.6313 -0.0314482 -0.266578 43.9862 0.0595272 -0.000308636
84.08 12.6323 -0.0325532 -0.266391 43.9938 0.0595297 -0.000323024
84.09 12.6333 -0.0336639 -0.26621 44.0014 0.0595324 -0.000337454
84.1 12.6343 -0.0347801 -0.266037 44.009 0.0595351 -0.00035192
84.11 12.6354 -0.0359017 -0.26587 44.0167 0.0595378 -0.000366415
84.12 12.6364 -0.0370288 -0.265711 44.0243 0.0595406 -0.000380937
84.13 12.6375 -0.0381612 -0.265559 44.0319 0.0595435 -0.000395494
84.14 12.6385 -0.0392989 -0.265414 44.0395 0.0595464 -0.000410089
84.15 12.6396 -0.0404419 -0.265277 44.0471 0.0595493 -0.000424728
84.16 12.6406 -0.0415903 -0.265146 44.0547 0.0595523 -0.000439401
84.17 12.6417 -0.0427441 -0.265023 44.0623 0.0595553 -0.000454102
84.18 12.6428 -0.0439034 -0.264907 44.0699 0.0595584 -0.000468824
84.19 12.6439 -0.0450683 -0.264799 44.0776 0.0595616 -0.000483567
84.2 12.645 -0.0462388 -0.264698 44.0852 0.0595647 -0.000498332
84.21 12.6461 -0.047415 -0.264604 44.0928 0.059568 -0.000513125
84.22 12.6472 -0.0485971 -0.264517 44.1004 0.0595713 -0.000527948
84.23 12.6483 -0.049785 -0.264438 44.108 0.0595746 -0.000542798
84.24 12.6494 -0.0509789 -0.264366 44.1156 0.059578 -0.00055767
84.25 12.6505 -0.0521789 -0.264301 44.1232 0.0595814 -0.000572555
84.26 12.6516 -0.0533849 -0.264244 44.1309 0.0595849 -0.000587456
84.27 12.6527 -0.054597 -0.264194 44.1385 0.0595884 -0.00060237
84.28 12.6539 -0.0558152 -0.264152 44.1461 0.059592 -0.000617303
84.29 12.655 -0.0570394 -0.264117 44.1537 0.0595956 -0.000632252
84.3 12.6562 -0.0582697 -0.26409 44.1613 0.0595993 -0.000647217
84.31 12.6573 -0.0595059 -0.26407 44.1689 0.0596031 -0.000662196
84.32 12.6584 -0.0607479 -0.264058 44.1765 0.0596068 -0.000677189
84.33 12.6596 -0.0619956 -0.264053 44.1841 0.0596106 -0.000692191
84.34 12.6608 -0.0632489 -0.264056 44.1918 0.0596145 -0.0007072
84.35 12.6619 -0.0645077 -0.264067 44.1994 0.0596184 -0.000722214
84.36 12.6631 -0.0657716 -0.264086 44.207 0.0596224 -0.000737232
84.37 12.6643 -0.0670406 -0.264112 44.2146 0.0596264 -0.00075226
84.38 12.6655 -0.0683143 -0.264147 44.2222 0.0596305 -0.000767297
84.39 12.6666 -0.0695926 -0.264189 44.2298 0.0596346 -0.000782344
84.4 12.6678 -0.0708752 -0.264239 44.2374 0.0596388 -0.000797394
84.41 12.669 -0.0721619 -0.264298 44.245 0.059643 -0.000812447
84.42 12.6702 -0.0734525 -0.264364 44.2527 0.0596473 -0.000827495
84.43 12.6714 -0.0747467 -0.264438 44.2603 0.0596516 -0.000842543
84.44 12.6726 -0.0760445 -0.264521 44.2679 0.0596559 -0.000857591
84.45 12.6738 -0.0773454 -0.264612 44.2755 0.0596603 -0.000872645
84.46 12.675 -0.0786495 -0.264711 44.2831 0.0596648 -0.000887702
84.47 12.6763 -0.0799565 -0.264818 44.2907 0.0596693 -0.000902758
84.48 12.6775 -0.0812662 -0.264934 44.2983 0.0596738 -0.00091781
84.49 12.6787 -0.0825787 -0.265058 44.306 0.0596784 -0.000932859
84.5 12.6799 -0.0838938 -0.26519 44.3136 0.0596831 -0.000947904
84.51 12.6812 -0.0852115 -0.26533 44.3212 0.0596878 -0.000962943
84.52 12.6824 -0.0865317 -0.265479 44.3288 0.0596925 -0.000977977
84.53 12.6837 -0.0878544 -0.265637 44.3364 0.0596973 -0.000993007
84.54 12.6849 -0.0891797 -0.265802 44.344 0.0597021 -0.00100804
84.55 12.6861 -0.0905075 -0.265976 44.3516 0.059707 -0.00102306
84.56 12.6874 -0.091838 -0.266159 44.3592 0.0597119 -0.00103808
84.57 12.6886 -0.0931711 -0.26635 44.3669 0.0597169 -0.00105309
84.58 12.6899 -0.094507 -0.266549 44.3745 0.0597219 -0.00106809
84.59 12.6912 -0.0958458 -0.266756 44.3821 0.059727 -0.00108308
84.6 12.6924 -0.0971874 -0.266972 44.3897 0.0597322 -0.00109806
84.61 12.6937 -0.0985321 -0.267195 44.3973 0.0597373 -0.00111303
84.62 12.695 -0.0998798 -0.267428 44.4049 0.0597425 -0.001128
84.63 12.6962 -0.101231 -0.267668 44.4125 0.0597478 -0.00114297
84.64 12.6975 -0.102585 -0.267917 44.4202 0.0597531 -0.00115794
84.65 12.6988 -0.103942 -0.268173 44.4278 0.0597585 -0.00117295
84.66 12.7001 -0.105302 -0.268438 44.4354 0.0597639 -0.00118793
84.67 12.7013 -0.106666 -0.268712 44.443 0.0597694 -0.00120285
84.68 12.7026 -0.108033 -0.268993 44.4506 0.0597749 -0.00121771
84.69 12.7039 -0.109403 -0.269283 44.4582 0.0597804 -0.00123257
84.7 12.7052 -0.110776 -0.269581 44.4658 0.059786 -0.00124747
84.71 12.7065 -0.112152 -0.269887 44.4734 0.0597916 -0.00126239
84.72 12.7078 -0.113531 -0.270202 44.4811 0.0597973 -0.00127729
84.73 12.7091 -0.114913 -0.270525 44.4887 0.0598031 -0.00129215
84.74 12.7104 -0.116297 -0.270856 44.4963 0.0598089 -0.00130697
84.75 12.7117 -0.117683 -0.271195 44.5039 0.0598147 -0.00132179
84.76 12.713 -0.119071 -0.271543 44.5115 0.0598206 -0.00133663
84.77 12.7143 -0.120461 -0.2719 44.5191 0.0598265 -0.00135147
84.78 12.7156 -0.121852 -0.272264 44.5267 0.0598325 -0.00136628
84.79 12.7169 -0.123245 -0.272637 44.5344 0.0598385 -0.00138108
84.8 12.7182 -0.124639 -0.273019 44.542 0.0598445 -0.00139585
84.81 12.7195 -0.126034 -0.273409 44.5496 0.0598506 -0.00141062
84.82 12.7208 -0.127429 -0.273807 44.5572 0.0598568 -0.00142539
84.83 12.7221 -0.128825 -0.274214 44.5648 0.059863 -0.00144014
84.84 12.7234 -0.130222 -0.27463 44.5724 0.0598693 -0.00145489
84.85 12.7247 -0.131618 -0.275054 44.58 0.0598755 -0.00146961
84.86 12.726 -0.133015 -0.275486 44.5876 0.0598819 -0.00148432
84.87 12.7274 -0.134411 -0.275927 44.5953 0.0598882 -0.00149902
84.88 12.7287 -0.135808 -0.276377 44.6029 0.0598946 -0.00151372
84.89 12.73 -0.137204 -0.276835 44.6105 0.0599011 -0.00152841
84.9 12.7313 -0.1386 -0.277301 44.6181 0.0599076 -0.00154308
84.91 12.7326 -0.139995 -0.277776 44.6257 0.0599141 -0.00155773
84.92 12.734 -0.141391 -0.27826 44.6333 0.0599207 -0.00157237
84.93 12.7353 -0.142786 -0.278752 44.6409 0.0599273 -0.001587
84.94 12.7366 -0.14418 -0.279252 44.6486 0.059934 -0.00160163
84.95 12.7379 -0.145575 -0.279761 44.6562 0.0599407 -0.00161624
84.96 12.7392 -0.14697 -0.280278 44.6638 0.0599474 -0.00163084
84.97 12.7406 -0.148365 -0.280804 44.6714 0.0599542 -0.00164543
84.98 12.7419 -0.149759 -0.281338 44.679 0.0599611 -0.00166
84.99 12.7432 -0.151155 -0.28188 44.6866 0.0599679 -0.00167456
85 12.7445 -0.15255 -0.282431 44.6942 0.0599748 -0.0016891
85.01 12.7459 -0.153946 -0.28299 44.7019 0.0599818 -0.00170363
85.02 12.7472 -0.155342 -0.283558 44.7095 0.0599888 -0.00171815
85.03 12.7485 -0.156738 -0.284133 44.7171 0.0599958 -0.00173267
85.04 12.7498 -0.158135 -0.284717 44.7247 0.0600029 -0.00174717
85.05 12.7512 -0.159532 -0.285309 44.7323 0.06001 -0.00176165
85.06 12.7525 -0.16093 -0.28591 44.7399 0.0600171 -0.00177615
85.07 12.7538 -0.162328 -0.286518 44.7475 0.0600243 -0.0017907
85.08 12.7551 -0.163726 -0.287135 44.7551 0.0600315 -0.00180522
85.09 12.7565 -0.165124 -0.28776 44.7628 0.0600388 -0.00181965
85.1 12.7578 -0.166523 -0.288393 44.7704 0.0600461 -0.00183401
85.11 12.7591 -0.167921 -0.289034 44.778 0.0600534 -0.00184838
85.12 12.7604 -0.169319 -0.289683 44.7856 0.0600608 -0.00186279
85.13 12.7618 -0.170716 -0.290341 44.7932 0.0600683 -0.00187724
85.14 12.7631 -0.172113 -0.291006 44.8008 0.0600758 -0.00189165
85.15 12.7644 -0.173508 -0.291679 44.8084 0.0600833 -0.00190601
85.16 12.7657 -0.174903 -0.292361 44.8161 0.0600908 -0.00192033
85.17 12.7671 -0.176297 -0.293051 44.8237 0.0600984 -0.00193466
85.18 12.7684 -0.177688 -0.293748 44.8313 0.060106 -0.001949
85.19 12.7697 -0.179079 -0.294454 44.8389 0.0601137 -0.00196336
85.2 12.771 -0.180467 -0.295168 44.8465 0.0601214 -0.00197768
85.21 12.7723 -0.181853 -0.295889 44.8541 0.0601291 -0.00199197
85.22 12.7737 -0.183237 -0.296619 44.8617 0.0601369 -0.00200624
85.23 12.775 -0.184618 -0.297357 44.8694 0.0601448 -0.0020205
85.24 12.7763 -0.185997 -0.298102 44.877 0.0601526 -0.00203476
85.25 12.7776 -0.187374 -0.298856 44.8846 0.0601605 -0.00204902
85.26 12.7789 -0.188747 -0.299617 44.8922 0.0601684 -0.00206325
85.27 12.7803 -0.190118 -0.300387 44.8998 0.0601764 -0.00207747
85.28 12.7816 -0.191486 -0.301164 44.9074 0.0601844 -0.00209166
85.29 12.7829 -0.192851 -0.301949 44.915 0.0601925 -0.00210584
85.3 12.7842 -0.194213 -0.302741 44.9226 0.0602006 -0.00212001
85.31 12.7855 -0.195573 -0.303542 44.9303 0.0602088 -0.00213416
85.32 12.7868 -0.196929 -0.30435 44.9379 0.0602169 -0.00214829
85.33 12.7881 -0.198284 -0.305166 44.9455 0.0602252 -0.0021624
85.34 12.7894 -0.199635 -0.305989 44.9531 0.0602334 -0.0021765
85.35 12.7907 -0.200984 -0.30682 44.9607 0.0602417 -0.00219058
85.36 12.7921 -0.20233 -0.307658 44.9683 0.0602501 -0.00220463
85.37 12.7934 -0.203675 -0.308504 44.9759 0.0602585 -0.00221867
85.38 12.7947 -0.205016 -0.309357 44.9836 0.060267 -0.00223267
85.39 12.796 -0.206356 -0.310217 44.9912 0.0602754 -0.00224665
85.4 12.7973 -0.207694 -0.311085 44.9988 0.0602839 -0.00226061
85.41 12.7986 -0.209029 -0.31196 45.0064 0.0602925 -0.00227454
85.42 12.7998 -0.210363 -0.312842 45.014 0.0603011 -0.00228846
85.43 12.8011 -0.211695 -0.313732 45.0216 0.0603097 -0.00230235
85.44 12.8024 -0.213024 -0.314629 45.0292 0.0603184 -0.00231621
85.45 12.8037 -0.214352 -0.315532 45.0369 0.0603272 -0.00233003
85.46 12.805 -0.215678 -0.316443 45.0445 0.0603359 -0.00234382
85.47 12.8063 -0.217001 -0.317361 45.0521 0.0603447 -0.00235758
85.48 12.8076 -0.218323 -0.318286 45.0597 0.0603536 -0.00237131
85.49 12.8089 -0.219642 -0.319218 45.0673 0.0603625 -0.00238502
85.5 12.8101 -0.220959 -0.320158 45.0749 0.0603714 -0.0023987
85.51 12.8114 -0.222273 -0.321104 45.0825 0.0603804 -0.00241233
85.52 12.8127 -0.223584 -0.322057 45.0902 0.0603894 -0.00242593
85.53 12.814 -0.224893 -0.323017 45.0978 0.0603985 -0.00243949
85.54 12.8152 -0.226198 -0.323984 45.1054 0.0604076 -0.002453
85.55 12.8165 -0.227501 -0.324958 45.113 0.0604167 -0.00246649
85.56 12.8178 -0.2288 -0.325939 45.1206 0.0604259 -0.00247993
85.57 12.819 -0.230095 -0.326927 45.1282 0.0604351 -0.00249334
85.58 12.8203 -0.231387 -0.327921 45.1358 0.0604444 -0.00250671
85.59 12.8216 -0.232674 -0.328923 45.1435 0.0604537 -0.00252004
85.6 12.8228 -0.233958 -0.329931 45.1511 0.0604631 -0.00253332
85.61 12.8241 -0.235237 -0.330945 45.1587 0.0604725 -0.00254654
85.62 12.8253 -0.236512 -0.331967 45.1663 0.0604819 -0.00255972
85.63 12.8266 -0.237782 -0.332995 45.1739 0.0604914 -0.00257286
85.64 12.8278 -0.239048 -0.33403 45.1815 0.0605009 -0.00258595
85.65 12.8291 -0.24031 -0.335071 45.1891 0.0605104 -0.002599
85.66 12.8303 -0.241567 -0.336118 45.1968 0.0605201 -0.002612
85.67 12.8315 -0.242819 -0.337172 45.2044 0.0605297 -0.00262495
85.68 12.8328 -0.244066 -0.338232 45.212 0.0605394 -0.00263783
85.69 12.834 -0.245309 -0.339299 45.2196 0.0605491 -0.00265066
85.7 12.8352 -0.246548 -0.340371 45.2272 0.0605589 -0.00266343
85.71 12.8365 -0.247782 -0.34145 45.2348 0.0605687 -0.00267615
85.72 12.8377 -0.249011 -0.342535 45.2424 0.0605785 -0.00268881
85.73 12.8389 -0.250237 -0.343626 45.2501 0.0605884 -0.00270142
85.74 12.8401 -0.251458 -0.344723 45.2577 0.0605983 -0.00271397
85.75 12.8413 -0.252675 -0.345825 45.2653 0.0606083 -0.00272646
85.76 12.8426 -0.253888 -0.346933 45.2729 0.0606183 -0.00273887
85.77 12.8438 -0.255097 -0.348047 45.2805 0.0606283 -0.00275121
85.78 12.845 -0.256302 -0.349167 45.2881 0.0606384 -0.00276349
85.79 12.8462 -0.257504 -0.350292 45.2957 0.0606485 -0.0027757
85.8 12.8474 -0.258702 -0.351423 45.3034 0.0606586 -0.00278785
85.81 12.8486 -0.259896 -0.352559 45.311 0.0606689 -0.00279994
85.82 12.8498 -0.261086 -0.353701 45.3186 0.0606791 -0.00281195
85.83 12.851 -0.262273 -0.354848 45.3262 0.0606894 -0.00282388
85.84 12.8521 -0.263457 -0.356 45.3338 0.0606997 -0.00283572
85.85 12.8533 -0.264637 -0.357157 45.3414 0.0607101 -0.00284749
85.86 12.8545 -0.265813 -0.35832 45.349 0.0607205 -0.00285919
85.87 12.8557 -0.266985 -0.359487 45.3567 0.0607309 -0.00287082
85.88 12.8569 -0.268154 -0.36066 45.3643 0.0607413 -0.00288236
85.89 12.858 -0.269318 -0.361838 45.3719 0.0607519 -0.00289383
85.9 12.8592 -0.270478 -0.363021 45.3795 0.0607624 -0.00290522
85.91 12.8604 -0.271635 -0.364209 45.3871 0.060773 -0.00291651
85.92 12.8615 -0.272786 -0.365401 45.3947 0.0607836 -0.00292772
85.93 12.8627 -0.273934 -0.366599 45.4023 0.0607943 -0.00293883
85.94 12.8638 -0.275076 -0.367802 45.41 0.060805 -0.00294986
85.95 12.865 -0.276214 -0.369009 45.4176 0.0608157 -0.00296081
85.96 12.8661 -0.277347 -0.370222 45.4252 0.0608265 -0.00297168
85.97 12.8673 -0.278474 -0.371439 45.4328 0.0608373 -0.00298245
85.98 12.8684 -0.279596 -0.37266 45.4404 0.0608481 -0.00299314
85.99 12.8696 -0.280713 -0.373887 45.448 0.060859 -0.00300371
86 12.8707 -0.281824 -0.375118 45.4556 0.06087 -0.00301422
86.01 12.8718 -0.28293 -0.376353 45.4633 0.0608809 -0.00302467
86.02 12.873 -0.284029 -0.377593 45.4709 0.0608919 -0.00303502
86.03 12.8741 -0.285123 -0.378838 45.4785 0.0609029 -0.00304523
86.04 12.8752 -0.286211 -0.380087 45.4861 0.060914 -0.0030553
86.05 12.8763 -0.287293 -0.38134 45.4937 0.0609251 -0.00306528
86.06 12.8774 -0.288369 -0.382598 45.5013 0.0609363 -0.00307521
86.07 12.8785 -0.289439 -0.383859 45.5089 0.0609475 -0.00308505
86.08 12.8796 -0.290503 -0.385125 45.5166 0.0609587 -0.00309478
86.09 12.8807 -0.291562 -0.386395 45.5242 0.0609699 -0.00310437
86.1 12.8818 -0.292615 -0.387669 45.5318 0.0609812 -0.00311384
86.11 12.8829 -0.293662 -0.388947 45.5394 0.0609926 -0.00312323
86.12 12.884 -0.294704 -0.390228 45.547 0.061004 -0.00313255
86.13 12.8851 -0.29574 -0.391513 45.5546 0.0610154 -0.00314177
86.14 12.8862 -0.296772 -0.392801 45.5622 0.0610269 -0.00315086
86.15 12.8873 -0.297798 -0.394093 45.5699 0.0610384 -0.00315981
86.16 12.8884 -0.298819 -0.395389 45.5775 0.0610499 -0.00316865
86.17 12.8894 -0.299835 -0.396688 45.5851 0.0610615 -0.00317738
86.18 12.8905 -0.300846 -0.39799 45.5927 0.0610731 -0.00318602
86.19 12.8916 -0.301852 -0.399295 45.6003 0.0610848 -0.00319455
86.2 12.8926 -0.302853 -0.400603 45.6079 0.0610965 -0.00320298
86.21 12.8937 -0.30385 -0.401914 45.6155 0.0611083 -0.00321127
86.22 12.8947 -0.304841 -0.403228 45.6232 0.0611201 -0.00321943
86.23 12.8958 -0.305829 -0.404544 45.6308 0.0611319 -0.00322747
86.24 12.8968 -0.306811 -0.405864 45.6384 0.0611438 -0.00323539
86.25 12.8979 -0.307788 -0.407186 45.646 0.0611557 -0.0032432
86.26 12.8989 -0.308761 -0.408511 45.6536 0.0611677 -0.0032509
86.27 12.9 -0.309729 -0.409839 45.6612 0.0611797 -0.00325848
86.28 12.901 -0.310691 -0.411169 45.6688 0.0611918 -0.00326594
86.29 12.902 -0.311649 -0.412501 45.6765 0.0612039 -0.00327327
86.3 12.9031 -0.312601 -0.413836 45.6841 0.0612161 -0.00328047
86.31 12.9041 -0.313548 -0.415174 45.6917 0.0612283 -0.00328753
86.32 12.9051 -0.314489 -0.416514 45.6993 0.0612405 -0.00329447
86.33 12.9061 -0.315424 -0.417856 45.7069 0.0612528 -0.00330129
86.34 12.9071 -0.316353 -0.4192 45.7145 0.0612652 -0.00330799
86.35 12.9081 -0.317277 -0.420546 45.7221 0.0612775 -0.00331458
86.36 12.9091 -0.318194 -0.421895 45.7298 0.06129 -0.00332105
86.37 12.9101 -0.319104 -0.423245 45.7374 0.0613024 -0.00332738
86.38 12.9111 -0.320008 -0.424598 45.745 0.061315 -0.00333356
86.39 12.9121 -0.320906 -0.425952 45.7526 0.0613275 -0.00333958
86.4 12.9131 -0.321796 -0.427308 45.7602 0.0613402 -0.00334548
86.41 12.9141 -0.32268 -0.428666 45.7678 0.0613528 -0.00335128
86.42 12.9151 -0.323557 -0.430026 45.7755 0.0613656 -0.00335695
86.43 12.9161 -0.324427 -0.431388 45.7831 0.0613784 -0.00336251
86.44 12.917 -0.32529 -0.432751 45.7907 0.0613912 -0.00336791
86.45 12.918 -0.326147 -0.434115 45.7983 0.0614041 -0.00337317
86.46 12.919 -0.326997 -0.435481 45.8059 0.0614171 -0.00337829
86.47 12.9199 -0.327839 -0.436848 45.8135 0.0614301 -0.00338327
86.48 12.9209 -0.328676 -0.438216 45.8211 0.0614431 -0.00338812
86.49 12.9218 -0.329505 -0.439586 45.8288 0.0614562 -0.00339285
86.5 12.9228 -0.330328 -0.440957 45.8364 0.0614693 -0.00339745
86.51 12.9237 -0.331144 -0.442328 45.844 0.0614825 -0.00340192
86.52 12.9247 -0.331955 -0.4437 45.8516 0.0614958 -0.00340624
86.53 12.9256 -0.332759 -0.445074 45.8592 0.0615091 -0.00341042
86.54 12.9265 -0.333557 -0.446448 45.8668 0.0615225 -0.00341445
86.55 12.9275 -0.334349 -0.447822 45.8744 0.0615359 -0.00341834
86.56 12.9284 -0.335135 -0.449197 45.8821 0.0615494 -0.00342209
86.57 12.9293 -0.335915 -0.450573 45.8897 0.0615629 -0.00342572
86.58 12.9302 -0.33669 -0.451948 45.8973 0.0615765 -0.00342923
86.59 12.9311 -0.337458 -0.453324 45.9049 0.0615902 -0.00343259
86.6 12.932 -0.338222 -0.4547 45.9125 0.0616039 -0.00343581
86.61 12.9329 -0.338979 -0.456077 45.9201 0.0616176 -0.00343887
86.62 12.9338 -0.339731 -0.457453 45.9277 0.0616315 -0.00344178
86.63 12.9347 -0.340477 -0.458829 45.9354 0.0616453 -0.00344455
86.64 12.9356 -0.341218 -0.460205 45.943 0.0616592 -0.0034472
86.65 12.9365 -0.341953 -0.461581 45.9506 0.0616732 -0.00344972
86.66 12.9374 -0.342682 -0.462957 45.9582 0.0616873 -0.0034521
86.67 12.9383 -0.343405 -0.464332 45.9658 0.0617014 -0.00345435
86.68 12.9392 -0.344122 -0.465707 45.9734 0.0617156 -0.00345644
86.69 12.9401 -0.344833 -0.467082 45.9811 0.0617298 -0.00345837
86.7 12.9409 -0.345537 -0.468456 45.9887 0.0617441 -0.00346016
86.71 12.9418 -0.346236 -0.46983 45.9963 0.0617585 -0.00346182
86.72 12.9427 -0.346927 -0.471203 46.0039 0.0617729 -0.00346335
86.73 12.9435 -0.347612 -0.472575 46.0115 0.0617874 -0.00346476
86.74 12.9444 -0.34829 -0.473946 46.0191 0.0618019 -0.00346602
86.75 12.9452 -0.348961 -0.475317 46.0267 0.0618166 -0.00346715
86.76 12.9461 -0.349625 -0.476687 46.0344 0.0618312 -0.00346811
86.77 12.9469 -0.350282 -0.478056 46.042 0.061846 -0.00346893
86.78 12.9478 -0.350932 -0.479424 46.0496 0.0618608 -0.0034696
86.79 12.9486 -0.351574 -0.480791 46.0572 0.0618756 -0.00347015
86.8 12.9495 -0.352209 -0.482157 46.0648 0.0618906 -0.00347058
86.81 12.9503 -0.352836 -0.483521 46.0724 0.0619056 -0.00347087
86.82 12.9511 -0.353456 -0.484885 46.08 0.0619206 -0.00347103
86.83 12.9519 -0.354068 -0.486246 46.0877 0.0619358 -0.00347104
86.84 12.9528 -0.354673 -0.487607 46.0953 0.061951 -0.00347089
86.85 12.9536 -0.35527 -0.488966 46.1029 0.0619663 -0.0034706
86.86 12.9544 -0.355861 -0.490323 46.1105 0.0619816 -0.00347017
86.87 12.9552 -0.356443 -0.491678 46.1181 0.061997 -0.00346962
86.88 12.956 -0.357019 -0.493032 46.1257 0.0620125 -0.00346894
86.89 12.9568 -0.357587 -0.494384 46.1334 0.062028 -0.00346814
86.9 12.9576 -0.358148 -0.495733 46.141 0.0620436 -0.0034672
86.91 12.9584 -0.358703 -0.497081 46.1486 0.0620593 -0.0034661
86.92 12.9592 -0.35925 -0.498426 46.1562 0.0620751 -0.00346486
86.93 12.96 -0.359791 -0.499769 46.1638 0.0620909 -0.00346347
86.94 12.9608 -0.360326 -0.50111 46.1714 0.0621068 -0.00346195
86.95 12.9616 -0.360853 -0.502448 46.179 0.0621227 -0.00346032
86.96 12.9623 -0.361374 -0.503783 46.1867 0.0621387 -0.00345856
86.97 12.9631 -0.361889 -0.505116 46.1943 0.0621548 -0.00345668
86.98 12.9639 -0.362398 -0.506447 46.2019 0.062171 -0.00345465
86.99 12.9646 -0.3629 -0.507774 46.2095 0.0621873 -0.00345247
87 12.9654 -0.363396 -0.509099 46.2171 0.0622036 -0.00345014
87.01 12.9662 -0.363885 -0.51042 46.2247 0.06222 -0.00344768
87.02 12.9669 -0.364369 -0.511739 46.2324 0.0622364 -0.0034451
87.03 12.9677 -0.364846 -0.513054 46.24 0.0622529 -0.0034424
87.04 12.9684 -0.365316 -0.514367 46.2476 0.0622695 -0.00343958
87.05 12.9692 -0.36578 -0.515676 46.2552 0.0622862 -0.00343664
87.06 12.9699 -0.366237 -0.516982 46.2628 0.0623029 -0.00343355
87.07 12.9707 -0.366688 -0.518284 46.2704 0.0623197 -0.00343031
87.08 12.9714 -0.367132 -0.519584 46.278 0.0623366 -0.00342693
87.09 12.9721 -0.367569 -0.52088 46.2857 0.0623535 -0.00342343
87.1 12.9729 -0.367998 -0.522172 46.2933 0.0623705 -0.00341981
87.11 12.9736 -0.368421 -0.523461 46.3009 0.0623876 -0.00341608
87.12 12.9743 -0.368836 -0.524747 46.3085 0.0624047 -0.00341224
87.13 12.975 -0.369243 -0.526028 46.3161 0.0624219 -0.00340826
87.14 12.9758 -0.369643 -0.527307 46.3237 0.0624392 -0.00340414
87.15 12.9765 -0.370035 -0.528581 46.3314 0.0624565 -0.00339988
87.16 12.9772 -0.370419 -0.529852 46.339 0.062474 -0.00339549
87.17 12.9779 -0.370795 -0.531119 46.3466 0.0624914 -0.00339098
87.18 12.9786 -0.371163 -0.532382 46.3542 0.062509 -0.00338636
87.19 12.9793 -0.371523 -0.533641 46.3618 0.0625266 -0.00338163
87.2 12.98 -0.371875 -0.534896 46.3694 0.0625443 -0.00337679
87.21 12.9807 -0.372219 -0.536146 46.377 0.062562 -0.00337182
87.22 12.9814 -0.372554 -0.537393 46.3847 0.0625798 -0.00336671
87.23 12.982 -0.372882 -0.538635 46.3923 0.0625977 -0.00336146
87.24 12.9827 -0.373201 -0.539873 46.3999 0.0626156 -0.00335608
87.25 12.9834 -0.373512 -0.541107 46.4075 0.0626336 -0.0033506
87.26 12.9841 -0.373815 -0.542336 46.4151 0.0626517 -0.00334502
87.27 12.9847 -0.37411 -0.543561 46.4227 0.0626698 -0.00333933
87.28 12.9854 -0.374397 -0.54478 46.4304 0.062688 -0.00333353
87.29 12.9861 -0.374677 -0.545995 46.438 0.0627062 -0.00332759
87.3 12.9867 -0.374949 -0.547206 46.4456 0.0627245 -0.00332152
87.31 12.9874 -0.375213 -0.548411 46.4532 0.0627428 -0.00331534
87.32 12.988 -0.37547 -0.549612 46.4608 0.0627612 -0.00330904
87.33 12.9887 -0.375719 -0.550807 46.4684 0.0627796 -0.00330263
87.34 12.9893 -0.375961 -0.551997 46.476 0.0627981 -0.00329611
87.35 12.9899 -0.376195 -0.553182 46.4837 0.0628167 -0.00328948
87.36 12.9906 -0.376423 -0.554361 46.4913 0.0628353 -0.00328275
87.37 12.9912 -0.376643 -0.555535 46.4989 0.062854 -0.00327589
87.38 12.9918 -0.376855 -0.556704 46.5065 0.0628727 -0.00326891
87.39 12.9924 -0.377061 -0.557867 46.5141 0.0628915 -0.0032618
87.4 12.9931 -0.37726 -0.559025 46.5217 0.0629103 -0.00325459
87.41 12.9937 -0.377451 -0.560177 46.5294 0.0629292 -0.00324729
87.42 12.9943 -0.377635 -0.561323 46.537 0.0629481 -0.00323989
87.43 12.9949 -0.377811 -0.562464 46.5446 0.0629671 -0.0032324
87.44 12.9955 -0.377981 -0.563598 46.5522 0.0629861 -0.00322478
87.45 12.9961 -0.378142 -0.564727 46.5598 0.0630051 -0.00321703
87.46 12.9966 -0.378296 -0.56585 46.5674 0.0630242 -0.00320917
87.47 12.9972 -0.378443 -0.566968 46.5751 0.0630433 -0.0032012
87.48 12.9978 -0.378581 -0.568079 46.5827 0.0630625 -0.00319314
87.49 12.9984 -0.378711 -0.569184 46.5903 0.0630817 -0.003185
87.5 12.999 -0.378833 -0.570283 46.5979 0.063101 -0.00317675
87.51 12.9995 -0.378946 -0.571376 46.6055 0.0631202 -0.0031684
87.52 13.0001 -0.379051 -0.572463 46.6131 0.0631396 -0.00315993
87.53 13.0006 -0.379148 -0.573544 46.6208 0.0631589 -0.00315135
87.54 13.0012 -0.379235 -0.574618 46.6284 0.0631783 -0.00314266
87.55 13.0017 -0.379314 -0.575686 46.636 0.0631977 -0.00313387
87.56 13.0023 -0.379384 -0.576748 46.6436 0.0632172 -0.003125
87.57 13.0028 -0.379445 -0.577803 46.6512 0.0632366 -0.00311603
87.58 13.0033 -0.379496 -0.578852 46.6588 0.0632561 -0.00310698
87.59 13.0038 -0.379538 -0.579895 46.6664 0.0632757 -0.00309782
87.6 13.0044 -0.379572 -0.580931 46.6741 0.0632952 -0.00308856
87.61 13.0049 -0.379596 -0.58196 46.6817 0.0633148 -0.00307917
87.62 13.0054 -0.379611 -0.582983 46.6893 0.0633344 -0.00306969
87.63 13.0059 -0.379617 -0.583999 46.6969 0.063354 -0.00306011
87.64 13.0064 -0.379614 -0.585008 46.7045 0.0633737 -0.00305046
87.65 13.0069 -0.379602 -0.58601 46.7121 0.0633933 -0.00304073
87.66 13.0074 -0.379581 -0.587006 46.7198 0.063413 -0.0030309
87.67 13.0078 -0.379552 -0.587994 46.7274 0.0634327 -0.00302097
87.68 13.0083 -0.379514 -0.588976 46.735 0.0634524 -0.00301093
87.69 13.0088 -0.379467 -0.58995 46.7426 0.0634721 -0.00300079
87.7 13.0092 -0.379412 -0.590918 46.7502 0.0634918 -0.00299055
87.71 13.0097 -0.379349 -0.591878 46.7578 0.0635115 -0.00298023
87.72 13.0101 -0.379278 -0.592831 46.7655 0.0635313 -0.00296983
87.73 13.0106 -0.379199 -0.593777 46.7731 0.063551 -0.00295936
87.74 13.011 -0.379111 -0.594715 46.7807 0.0635708 -0.00294879
87.75 13.0115 -0.379016 -0.595646 46.7883 0.0635905 -0.00293813
87.76 13.0119 -0.378913 -0.596569 46.7959 0.0636102 -0.00292736
87.77 13.0123 -0.378802 -0.597485 46.8035 0.06363 -0.00291649
87.78 13.0127 -0.378683 -0.598394 46.8112 0.0636497 -0.00290553
87.79 13.0131 -0.378557 -0.599295 46.8188 0.0636695 -0.0028945
87.8 13.0135 -0.378422 -0.600188 46.8264 0.0636892 -0.0028834
87.81 13.0139 -0.37828 -0.601074 46.834 0.0637089 -0.00287222
87.82 13.0143 -0.37813 -0.601951 46.8416 0.0637286 -0.00286096
87.83 13.0147 -0.377971 -0.602822 46.8492 0.0637483 -0.00284959
87.84 13.0151 -0.377805 -0.603684 46.8569 0.063768 -0.00283812
87.85 13.0154 -0.37763 -0.604539 46.8645 0.0637877 -0.00282656
87.86 13.0158 -0.377446 -0.605386 46.8721 0.0638073 -0.00281493
87.87 13.0161 -0.377254 -0.606225 46.8797 0.063827 -0.00280322
87.88 13.0165 -0.377053 -0.607056 46.8873 0.0638466 -0.00279145
87.89 13.0168 -0.376844 -0.60788 46.8949 0.0638662 -0.0027796
87.9 13.0172 -0.376625 -0.608695 46.9026 0.0638858 -0.00276766
87.91 13.0175 -0.376397 -0.609503 46.9102 0.0639053 -0.00275563
87.92 13.0178 -0.37616 -0.610302 46.9178 0.0639248 -0.0027435
87.93 13.0181 -0.375914 -0.611094 46.9254 0.0639443 -0.00273126
87.94 13.0184 -0.375658 -0.611878 46.933 0.0639637 -0.0027189
87.95 13.0187 -0.375392 -0.612653 46.9407 0.0639831 -0.00270649
87.96 13.019 -0.375117 -0.613421 46.9483 0.0640025 -0.00269408
87.97 13.0193 -0.374831 -0.61418 46.9559 0.0640219 -0.00268164
87.98 13.0196 -0.374536 -0.614931 46.9635 0.0640412 -0.00266909
87.99 13.0198 -0.374232 -0.615673 46.9711 0.0640605 -0.0026564
88 13.0201 -0.373918 -0.616408 46.9787 0.0640797 -0.00264359
88.01 13.0203 -0.373594 -0.617134 46.9864 0.0640989 -0.00263073
88.02 13.0206 -0.37326 -0.617851 46.994 0.064118 -0.00261783
88.03 13.0208 -0.372917 -0.61856 47.0016 0.0641371 -0.00260488
88.04 13.021 -0.372565 -0.619261 47.0092 0.0641562 -0.00259185
88.05 13.0212 -0.372203 -0.619952 47.0168 0.0641752 -0.00257872
88.06 13.0215 -0.371833 -0.620636 47.0244 0.0641941 -0.0025655
88.07 13.0217 -0.371453 -0.62131 47.0321 0.064213 -0.0025522
88.08 13.0219 -0.371064 -0.621976 47.0397 0.0642318 -0.00253884
88.09 13.022 -0.370667 -0.622634 47.0473 0.0642506 -0.00252541
88.1 13.0222 -0.370261 -0.623282 47.0549 0.0642693 -0.0025119
88.11 13.0224 -0.369846 -0.623922 47.0625 0.064288 -0.00249833
88.12 13.0225 -0.369423 -0.624553 47.0701 0.0643066 -0.0024847
88.13 13.0227 -0.368992 -0.625175 47.0778 0.0643251 -0.002471
88.14 13.0228 -0.368552 -0.625788 47.0854 0.0643435 -0.00245722
88.15 13.023 -0.368105 -0.626393 47.093 0.0643619 -0.00244336
88.16 13.0231 -0.367649 -0.626988 47.1006 0.0643802 -0.00242943
88.17 13.0232 -0.367185 -0.627575 47.1082 0.0643985 -0.00241542
88.18 13.0233 -0.366712 -0.628152 47.1159 0.0644167 -0.00240136
88.19 13.0234 -0.366232 -0.628721 47.1235 0.0644348 -0.00238726
88.2 13.0235 -0.365743 -0.629281 47.1311 0.0644528 -0.00237309
88.21 13.0236 -0.365246 -0.629832 47.1387 0.0644708 -0.00235885
88.22 13.0236 -0.36474 -0.630374 47.1463 0.0644886 -0.00234453
88.23 13.0237 -0.364226 -0.630907 47.1539 0.0645064 -0.00233013
88.24 13.0238 -0.363703 -0.631431 47.1616 0.0645241 -0.00231567
88.25 13.0238 -0.363172 -0.631946 47.1692 0.0645417 -0.00230116
88.26 13.0238 -0.362631 -0.632452 47.1768 0.0645593 -0.0022866
88.27 13.0239 -0.362082 -0.632949 47.1844 0.0645767 -0.00227199
88.28 13.0239 -0.361523 -0.633437 47.192 0.0645941 -0.00225732
88.29 13.0239 -0.360956 -0.633916 47.1997 0.0646113 -0.00224257
88.3 13.0239 -0.360379 -0.634386 47.2073 0.0646285 -0.00222776
88.31 13.0239 -0.359792 -0.634847 47.2149 0.0646456 -0.00221289
88.32 13.0238 -0.359196 -0.635299 47.2225 0.0646626 -0.00219796
88.33 13.0238 -0.35859 -0.635742 47.2301 0.0646794 -0.00218298
88.34 13.0238 -0.357975 -0.636176 47.2377 0.0646962 -0.00216796
88.35 13.0237 -0.35735 -0.636601 47.2454 0.0647129 -0.00215289
88.36 13.0236 -0.356715 -0.637017 47.253 0.0647295 -0.00213776
88.37 13.0236 -0.356071 -0.637423 47.2606 0.0647459 -0.00212258
88.38 13.0235 -0.355417 -0.637821 47.2682 0.0647623 -0.00210732
88.39 13.0234 -0.354754 -0.638209 47.2758 0.0647786 -0.00209202
88.4 13.0233 -0.354081 -0.638588 47.2835 0.0647947 -0.00207666
88.41 13.0232 -0.353399 -0.638958 47.2911 0.0648107 -0.00206127
88.42 13.023 -0.352707 -0.639319 47.2987 0.0648267 -0.00204584
88.43 13.0229 -0.352007 -0.63967 47.3063 0.0648425 -0.00203037
88.44 13.0227 -0.351297 -0.640012 47.3139 0.0648582 -0.00201485
88.45 13.0226 -0.350579 -0.640344 47.3216 0.0648737 -0.00199926
88.46 13.0224 -0.349852 -0.640667 47.3292 0.0648892 -0.00198362
88.47 13.0222 -0.349116 -0.640981 47.3368 0.0649045 -0.00196794
88.48 13.0221 -0.348372 -0.641285 47.3444 0.0649197 -0.00195222
88.49 13.0219 -0.34762 -0.64158 47.352 0.0649348 -0.00193647
88.5 13.0217 -0.34686 -0.641865 47.3597 0.0649498 -0.00192069
88.51 13.0214 -0.346091 -0.64214 47.3673 0.0649646 -0.00190486
88.52 13.0212 -0.345315 -0.642406 47.3749 0.0649793 -0.00188899
88.53 13.021 -0.344531 -0.642662 47.3825 0.0649939 -0.00187306
88.54 13.0207 -0.343739 -0.642909 47.3901 0.0650084 -0.00185709
88.55 13.0205 -0.34294 -0.643146 47.3977 0.0650227 -0.00184109
88.56 13.0202 -0.342132 -0.643373 47.4054 0.0650369 -0.00182505
88.57 13.0199 -0.341317 -0.643591 47.413 0.065051 -0.001809
88.58 13.0196 -0.340495 -0.643799 47.4206 0.0650649 -0.00179291
88.59 13.0193 -0.339664 -0.643998 47.4282 0.0650787 -0.00177679
88.6 13.019 -0.338826 -0.644187 47.4358 0.0650924 -0.00176063
88.61 13.0187 -0.33798 -0.644367 47.4435 0.0651059 -0.00174442
88.62 13.0183 -0.337126 -0.644536 47.4511 0.0651193 -0.00172818
88.63 13.018 -0.336263 -0.644697 47.4587 0.0651325 -0.00171191
88.64 13.0176 -0.335393 -0.644848 47.4663 0.0651456 -0.00169563
88.65 13.0172 -0.334514 -0.644989 47.4739 0.0651586 -0.00167932
88.66 13.0169 -0.333627 -0.645121 47.4816 0.0651714 -0.001663
88.67 13.0165 -0.332731 -0.645243 47.4892 0.0651841 -0.00164664
88.68 13.0161 -0.331827 -0.645356 47.4968 0.0651966 -0.00163024
88.69 13.0157 -0.330914 -0.64546 47.5044 0.065209 -0.00161382
88.7 13.0152 -0.329993 -0.645554 47.512 0.0652212 -0.00159737
88.71 13.0148 -0.329063 -0.645638 47.5197 0.0652333 -0.00158091
88.72 13.0144 -0.328124 -0.645714 47.5273 0.0652452 -0.00156444
88.73 13.0139 -0.327176 -0.645779 47.5349 0.065257 -0.00154796
88.74 13.0134 -0.326219 -0.645836 47.5425 0.0652686 -0.00153145
88.75 13.013 -0.325254 -0.645883 47.5501 0.0652801 -0.00151493
88.76 13.0125 -0.32428 -0.64592 47.5578 0.0652914 -0.00149838
88.77 13.012 -0.323298 -0.645948 47.5654 0.0653025 -0.00148181
88.78 13.0115 -0.322307 -0.645967 47.573 0.0653136 -0.00146522
88.79 13.011 -0.321307 -0.645976 47.5806 0.0653244 -0.00144864
88.8 13.0104 -0.3203 -0.645976 47.5882 0.0653351 -0.00143205
88.81 13.0099 -0.319284 -0.645966 47.5959 0.0653456 -0.00141546
88.82 13.0093 -0.31826 -0.645946 47.6035 0.065356 -0.00139885
88.83 13.0088 -0.317229 -0.645918 47.6111 0.0653662 -0.00138223
88.84 13.0082 -0.31619 -0.645879 47.6187 0.0653763 -0.00136559
88.85 13.0076 -0.315144 -0.645831 47.6263 0.0653862 -0.00134894
88.86 13.007 -0.31409 -0.645774 47.634 0.0653959 -0.0013323
88.87 13.0064 -0.313029 -0.645707 47.6416 0.0654055 -0.00131566
88.88 13.0058 -0.311962 -0.64563 47.6492 0.0654149 -0.00129902
88.89 13.0052 -0.310887 -0.645544 47.6568 0.0654242 -0.00128239
88.9 13.0045 -0.309806 -0.645448 47.6644 0.0654333 -0.00126575
88.91 13.0039 -0.308719 -0.645343 47.6721 0.0654422 -0.00124908
88.92 13.0033 -0.307625 -0.645228 47.6797 0.0654509 -0.00123237
88.93 13.0026 -0.306524 -0.645104 47.6873 0.0654595 -0.00121567
88.94 13.0019 -0.305417 -0.64497 47.6949 0.0654679 -0.00119902
88.95 13.0012 -0.304304 -0.644826 47.7025 0.0654762 -0.00118243
88.96 13.0005 -0.303185 -0.644673 47.7102 0.0654843 -0.00116583
88.97 12.9998 -0.302059 -0.64451 47.7178 0.0654923 -0.00114918
88.98 12.9991 -0.300927 -0.644338 47.7254 0.0655 -0.00113247
88.99 12.9984 -0.299789 -0.644156 47.733 0.0655076 -0.00111577
89 12.9977 -0.298645 -0.643965 47.7407 0.0655151 -0.00109916
89.01 12.9969 -0.297494 -0.643765 47.7483 0.0655224 -0.00108262
89.02 12.9962 -0.296336 -0.643555 47.7559 0.0655295 -0.00106607
89.03 12.9954 -0.295173 -0.643335 47.7635 0.0655364 -0.00104948
89.04 12.9946 -0.294003 -0.643106 47.7711 0.0655432 -0.00103287
89.05 12.9939 -0.292826 -0.642868 47.7788 0.0655498 -0.00101629
89.06 12.9931 -0.291643 -0.64262 47.7864 0.0655562 -0.000999766
89.07 12.9923 -0.290453 -0.642363 47.794 0.0655625 -0.000983272
89.08 12.9915 -0.289256 -0.642097 47.8016 0.0655686 -0.000966775
89.09 12.9907 -0.288052 -0.641821 47.8092 0.0655746 -0.000950269
89.1 12.9898 -0.286842 -0.641536 47.8169 0.0655804 -0.000933779
89.11 12.989 -0.285625 -0.641242 47.8245 0.065586 -0.000917327
89.12 12.9882 -0.284401 -0.640939 47.8321 0.0655914 -0.000900921
89.13 12.9873 -0.283171 -0.640626 47.8397 0.0655967 -0.000884542
89.14 12.9864 -0.281933 -0.640304 47.8473 0.0656019 -0.000868174
89.15 12.9856 -0.28069 -0.639973 47.855 0.0656068 -0.000851816
89.16 12.9847 -0.27944 -0.639633 47.8626 0.0656116 -0.000835484
89.17 12.9838 -0.278184 -0.639283 47.8702 0.0656163 -0.000819193
89.18 12.9829 -0.276921 -0.638925 47.8778 0.0656208 -0.000802946
89.19 12.982 -0.275653 -0.638557 47.8855 0.0656251 -0.000786733
89.2 12.9811 -0.274379 -0.638179 47.8931 0.0656293 -0.000770547
89.21 12.9802 -0.273099 -0.637793 47.9007 0.0656333 -0.000754389
89.22 12.9792 -0.271814 -0.637398 47.9083 0.0656371 -0.000738265
89.23 12.9783 -0.270524 -0.636993 47.9159 0.0656408 -0.000722184
89.24 12.9774 -0.269229 -0.636579 47.9236 0.0656443 -0.000706144
89.25 12.9764 -0.267928 -0.636156 47.9312 0.0656477 -0.000690145
89.26 12.9755 -0.266623 -0.635723 47.9388 0.0656509 -0.000674183
89.27 12.9745 -0.265314 -0.635282 47.9464 0.065654 -0.000658263
89.28 12.9735 -0.264 -0.634831 47.9541 0.0656569 -0.000642387
89.29 12.9725 -0.262682 -0.634371 47.9617 0.0656597 -0.000626561
89.3 12.9715 -0.26136 -0.633902 47.9693 0.0656623 -0.000610782
89.31 12.9705 -0.260035 -0.633423 47.9769 0.0656647 -0.000595047
89.32 12.9695 -0.258705 -0.632936 47.9845 0.065667 -0.000579356
89.33 12.9685 -0.257371 -0.632439 47.9922 0.0656692 -0.000563717
89.34 12.9675 -0.256034 -0.631933 47.9998 0.0656712 -0.000548135
89.35 12.9665 -0.254693 -0.631419 48.0074 0.065673 -0.000532606
89.36 12.9655 -0.253349 -0.630895 48.015 0.0656747 -0.000517128
89.37 12.9644 -0.252001 -0.630362 48.0227 0.0656763 -0.000501702
89.38 12.9634 -0.250649 -0.62982 48.0303 0.0656777 -0.000486334
89.39 12.9623 -0.249294 -0.629269 48.0379 0.0656789 -0.000471024
89.4 12.9613 -0.247935 -0.628709 48.0455 0.06568 -0.000455778
89.41 12.9602 -0.246572 -0.628141 48.0531 0.065681 -0.00044059
89.42 12.9592 -0.245206 -0.627563 48.0608 0.0656818 -0.000425463
89.43 12.9581 -0.243836 -0.626977 48.0684 0.0656825 -0.000410396
89.44 12.957 -0.242462 -0.626382 48.076 0.065683 -0.000395392
89.45 12.9559 -0.241084 -0.625778 48.0836 0.0656834 -0.000380459
89.46 12.9549 -0.239703 -0.625166 48.0913 0.0656837 -0.000365597
89.47 12.9538 -0.238318 -0.624545 48.0989 0.0656838 -0.000350802
89.48 12.9527 -0.236929 -0.623915 48.1065 0.0656838 -0.00033607
89.49 12.9516 -0.235536 -0.623276 48.1141 0.0656836 -0.000321407
89.5 12.9505 -0.23414 -0.622629 48.1217 0.0656833 -0.000306814
89.51 12.9493 -0.23274 -0.621974 48.1294 0.0656829 -0.000292298
89.52 12.9482 -0.231336 -0.621309 48.137 0.0656824 -0.000277857
89.53 12.9471 -0.229929 -0.620637 48.1446 0.0656817 -0.000263493
89.54 12.946 -0.228519 -0.619955 48.1522 0.0656809 -0.000249205
89.55 12.9449 -0.227106 -0.619266 48.1599 0.0656799 -0.000234993
89.56 12.9437 -0.225689 -0.618567 48.1675 0.0656789 -0.000220858
89.57 12.9426 -0.22427 -0.61786 48.1751 0.0656777 -0.000206801
89.58 12.9415 -0.222848 -0.617145 48.1827 0.0656763 -0.000192821
89.59 12.9403 -0.221424 -0.616421 48.1904 0.0656749 -0.00017892
89.6 12.9392 -0.219998 -0.615689 48.198 0.0656733 -0.000165104
89.61 12.938 -0.218569 -0.614948 48.2056 0.0656716 -0.000151372
89.62 12.9369 -0.217139 -0.614199 48.2132 0.0656698 -0.000137728
89.63 12.9357 -0.215706 -0.613441 48.2209 0.0656679 -0.000124166
89.64 12.9346 -0.214273 -0.612675 48.2285 0.0656659 -0.000110684
89.65 12.9334 -0.212838 -0.611901 48.2361 0.0656638 -9.72822e-05
89.66 12.9322 -0.211402 -0.611118 48.2437 0.0656615 -8.39629e-05
89.67 12.9311 -0.209966 -0.610326 48.2513 0.0656591 -7.07311e-05
89.68 12.9299 -0.208528 -0.609526 48.259 0.0656566 -5.75918e-05
89.69 12.9287 -0.20709 -0.608718 48.2666 0.0656541 -4.45456e-05
89.7 12.9276 -0.205652 -0.607901 48.2742 0.0656514 -3.15879e-05
89.71 12.9264 -0.204213 -0.607077 48.2818 0.0656486 -1.87165e-05
89.72 12.9252 -0.202773 -0.606243 48.2895 0.0656457 -5.92651e-06
89.73 12.924 -0.201334 -0.605402 48.2971 0.0656427 6.77707e-06
89.74 12.9229 -0.199895 -0.604552 48.3047 0.0656396 1.93919e-05
89.75 12.9217 -0.198455 -0.603694 48.3123 0.0656364 3.19111e-05
89.76 12.9205 -0.197015 -0.602828 48.32 0.0656331 4.43319e-05
89.77 12.9193 -0.195575 -0.601954 48.3276 0.0656297 5.66554e-05
89.78 12.9181 -0.194136 -0.601072 48.3352 0.0656262 6.88892e-05
89.79 12.917 -0.192696 -0.600182 48.3428 0.0656226 8.10367e-05
89.8 12.9158 -0.191256 -0.599284 48.3505 0.0656189 9.30977e-05
89.81 12.9146 -0.189816 -0.598378 48.3581 0.0656151 0.000105069
89.82 12.9134 -0.188376 -0.597464 48.3657 0.0656113 0.000116944
89.83 12.9122 -0.186936 -0.596542 48.3733 0.0656073 0.000128719
89.84 12.911 -0.185496 -0.595612 48.381 0.0656033 0.000140388
89.85 12.9098 -0.184056 -0.594675 48.3886 0.0655992 0.00015196
89.86 12.9087 -0.182615 -0.593729 48.3962 0.065595 0.000163439
89.87 12.9075 -0.181175 -0.592777 48.4038 0.0655907 0.000174831
89.88 12.9063 -0.179735 -0.591816 48.4115 0.0655863 0.000186135
89.89 12.9051 -0.178295 -0.590848 48.4191 0.0655819 0.000197345
89.9 12.9039 -0.176856 -0.589872 48.4267 0.0655774 0.000208453
89.91 12.9028 -0.175416 -0.588889 48.4343 0.0655728 0.000219457
89.92 12.9016 -0.173977 -0.587898 48.4419 0.0655681 0.000230358
89.93 12.9004 -0.172539 -0.5869 48.4496 0.0655633 0.000241162
89.94 12.8992 -0.171101 -0.585894 48.4572 0.0655585 0.000251876
89.95 12.898 -0.169665 -0.584881 48.4648 0.0655536 0.000262532
89.96 12.8969 -0.16823 -0.583861 48.4724 0.0655487 0.000273153
89.97 12.8957 -0.166796 -0.582833 48.4801 0.0655437 0.00028367
89.98 12.8945 -0.165364 -0.581797 48.4877 0.0655386 0.000294011
89.99 12.8934 -0.163933 -0.580755 48.4953 0.0655334 0.00030419
90 12.8922 -0.162504 -0.579705 48.5029 0.0655282 0.000314284
90.01 12.891 -0.161078 -0.578647 48.5106 0.0655229 0.000324341
90.02 12.8899 -0.159654 -0.577582 48.5182 0.0655175 0.000334346
90.03 12.8887 -0.158233 -0.57651 48.5258 0.0655121 0.000344256
90.04 12.8876 -0.156815 -0.575431 48.5334 0.0655066 0.000354045
90.05 12.8864 -0.1554 -0.574344 48.5411 0.0655011 0.000363722
90.06 12.8852 -0.153988 -0.573251 48.5487 0.0654955 0.000373312
90.07 12.8841 -0.152579 -0.57215 48.5563 0.0654899 0.000382826
90.08 12.883 -0.151174 -0.571042 48.564 0.0654842 0.00039225
90.09 12.8818 -0.149772 -0.569926 48.5716 0.0654784 0.000401573
90.1 12.8807 -0.148374 -0.568804 48.5792 0.0654726 0.000410796
90.11 12.8795 -0.14698 -0.567675 48.5868 0.0654668 0.000419936
90.12 12.8784 -0.14559 -0.566538 48.5945 0.0654609 0.000429004
90.13 12.8773 -0.144204 -0.565395 48.6021 0.0654549 0.000437993
90.14 12.8762 -0.142822 -0.564245 48.6097 0.0654489 0.00044688
90.15 12.875 -0.141444 -0.563088 48.6173 0.0654428 0.000455654
90.16 12.8739 -0.14007 -0.561925 48.625 0.0654368 0.000464322
90.17 12.8728 -0.1387 -0.560754 48.6326 0.0654306 0.000472905
90.18 12.8717 -0.137335 -0.559577 48.6402 0.0654245 0.000481419
90.19 12.8706 -0.135973 -0.558394 48.6478 0.0654182 0.000489862
90.2 12.8695 -0.134615 -0.557203 48.6555 0.065412 0.000498221
90.21 12.8684 -0.133262 -0.556007 48.6631 0.0654057 0.000506477
90.22 12.8673 -0.131912 -0.554804 48.6707 0.0653993 0.000514627
90.23 12.8663 -0.130567 -0.553594 48.6783 0.0653929 0.000522674
90.24 12.8652 -0.129225 -0.552378 48.686 0.0653865 0.000530634
90.25 12.8641 -0.127888 -0.551156 48.6936 0.0653801 0.000538515
90.26 12.863 -0.126555 -0.549928 48.7012 0.0653736 0.000546323
90.27 12.862 -0.125226 -0.548693 48.7088 0.0653671 0.000554051
90.28 12.8609 -0.123901 -0.547453 48.7165 0.0653605 0.000561691
90.29 12.8599 -0.12258 -0.546206 48.7241 0.0653539 0.000569233
90.3 12.8588 -0.121264 -0.544953 48.7317 0.0653473 0.000576673
90.31 12.8578 -0.119953 -0.543694 48.7393 0.0653407 0.000584017
90.32 12.8567 -0.118646 -0.542429 48.747 0.065334 0.000591272
90.33 12.8557 -0.117344 -0.541159 48.7546 0.0653273 0.00059845
90.34 12.8547 -0.116046 -0.539882 48.7622 0.0653206 0.000605556
90.35 12.8537 -0.114754 -0.538599 48.7699 0.0653138 0.000612586
90.36 12.8527 -0.113468 -0.537311 48.7775 0.065307 0.000619528
90.37 12.8517 -0.112186 -0.536017 48.7851 0.0653002 0.000626371
90.38 12.8507 -0.110911 -0.534716 48.7927 0.0652934 0.000633113
90.39 12.8497 -0.109641 -0.533411 48.8004 0.0652865 0.000639759
90.4 12.8487 -0.108377 -0.532099 48.808 0.0652797 0.000646324
90.41 12.8477 -0.10712 -0.530782 48.8156 0.0652728 0.000652818
90.42 12.8468 -0.105869 -0.529459 48.8232 0.0652659 0.000659242
90.43 12.8458 -0.104625 -0.52813 48.8309 0.0652589 0.000665587
90.44 12.8448 -0.103387 -0.526796 48.8385 0.065252 0.000671842
90.45 12.8439 -0.102156 -0.525456 48.8461 0.065245 0.000677996
90.46 12.843 -0.100933 -0.52411 48.8538 0.065238 0.000684051
90.47 12.842 -0.0997164 -0.52276 48.8614 0.065231 0.000690017
90.48 12.8411 -0.0985073 -0.521403 48.869 0.065224 0.000695906
90.49 12.8402 -0.0973057 -0.520042 48.8766 0.0652169 0.000701726
90.5 12.8393 -0.0961115 -0.518675 48.8843 0.0652099 0.000707476
90.51 12.8384 -0.0949249 -0.517303 48.8919 0.0652028 0.000713144
90.52 12.8375 -0.0937458 -0.515925 48.8995 0.0651957 0.000718717
90.53 12.8366 -0.0925743 -0.514543 48.9071 0.0651886 0.00072419
90.54 12.8357 -0.0914104 -0.513155 48.9148 0.0651815 0.000729564
90.55 12.8348 -0.090254 -0.511762 48.9224 0.0651744 0.000734853
90.56 12.834 -0.0891053 -0.510365 48.93 0.0651673 0.000740069
90.57 12.8331 -0.0879642 -0.508962 48.9377 0.0651601 0.000745216
90.58 12.8323 -0.0868306 -0.507555 48.9453 0.065153 0.00075029
90.59 12.8314 -0.0857047 -0.506143 48.9529 0.0651459 0.000755284
90.6 12.8306 -0.0845863 -0.504727 48.9605 0.0651387 0.000760189
90.61 12.8298 -0.0834755 -0.503305 48.9682 0.0651316 0.000764989
90.62 12.829 -0.0823723 -0.501879 48.9758 0.0651245 0.000769676
90.63 12.8282 -0.0812766 -0.500449 48.9834 0.0651173 0.00077427
90.64 12.8274 -0.0801886 -0.499015 48.991 0.0651102 0.000778799
90.65 12.8266 -0.0791082 -0.497576 48.9987 0.065103 0.000783277
90.66 12.8258 -0.0780355 -0.496133 49.0063 0.0650958 0.000787687
90.67 12.825 -0.0769705 -0.494685 49.0139 0.0650886 0.000792002
90.68 12.8243 -0.075913 -0.493234 49.0216 0.0650815 0.000796194
90.69 12.8235 -0.0748632 -0.491778 49.0292 0.0650743 0.00080027
90.7 12.8228 -0.0738213 -0.490318 49.0368 0.0650671 0.00080426
90.71 12.8221 -0.0727874 -0.488855 49.0444 0.06506 0.00080819
90.72 12.8214 -0.0717616 -0.487387 49.0521 0.0650528 0.000812064
90.73 12.8206 -0.0707441 -0.485915 49.0597 0.0650457 0.000815864
90.74 12.8199 -0.0697348 -0.48444 49.0673 0.0650385 0.000819569
90.75 12.8192 -0.068734 -0.482961 49.075 0.0650314 0.000823168
90.76 12.8186 -0.0677417 -0.481478 49.0826 0.0650243 0.00082666
90.77 12.8179 -0.0667582 -0.479991 49.0902 0.0650171 0.000830056
90.78 12.8172 -0.0657837 -0.4785 49.0978 0.06501 0.00083337
90.79 12.8166 -0.0648183 -0.477006 49.1055 0.0650029 0.00083661
90.8 12.8159 -0.0638623 -0.475508 49.1131 0.0649958 0.00083978
90.81 12.8153 -0.0629157 -0.474006 49.1207 0.0649887 0.000842874
90.82 12.8147 -0.0619786 -0.472502 49.1284 0.0649816 0.000845877
90.83 12.8141 -0.0610513 -0.470993 49.136 0.0649745 0.000848774
90.84 12.8134 -0.0601337 -0.469481 49.1436 0.0649675 0.000851562
90.85 12.8129 -0.059226 -0.467966 49.1512 0.0649604 0.000854247
90.86 12.8123 -0.0583283 -0.466448 49.1589 0.0649534 0.000856848
90.87 12.8117 -0.0574408 -0.464926 49.1665 0.0649463 0.00085938
90.88 12.8111 -0.0565635 -0.463401 49.1741 0.0649393 0.000861843
90.89 12.8106 -0.0556964 -0.461873 49.1818 0.0649323 0.000864225
90.9 12.81 -0.0548395 -0.460342 49.1894 0.0649253 0.000866504
90.91 12.8095 -0.0539927 -0.458808 49.197 0.0649182 0.000868666
90.92 12.809 -0.0531561 -0.457271 49.2047 0.0649113 0.000870717
90.93 12.8085 -0.0523296 -0.455731 49.2123 0.0649043 0.000872671
90.94 12.808 -0.0515133 -0.454188 49.2199 0.0648973 0.000874547
90.95 12.8075 -0.0507072 -0.452643 49.2275 0.0648904 0.000876357
90.96 12.807 -0.0499111 -0.451095 49.2352 0.0648835 0.000878092
90.97 12.8065 -0.0491249 -0.449544 49.2428 0.0648765 0.000879725
90.98 12.806 -0.0483486 -0.447991 49.2504 0.0648696 0.000881239
90.99 12.8056 -0.047582 -0.446436 49.2581 0.0648627 0.000882639
91 12.8052 -0.0468252 -0.444878 49.2657 0.0648558 0.000883936
91.01 12.8047 -0.0460781 -0.443318 49.2733 0.064849 0.000885142
91.02 12.8043 -0.0453407 -0.441756 49.2809 0.0648421 0.000886266
91.03 12.8039 -0.044613 -0.440192 49.2886 0.0648353 0.000887307
91.04 12.8035 -0.0438948 -0.438625 49.2962 0.0648285 0.00088826
91.05 12.8031 -0.0431862 -0.437057 49.3038 0.0648217 0.000889114
91.06 12.8027 -0.0424872 -0.435486 49.3115 0.0648149 0.000889857
91.07 12.8024 -0.0417977 -0.433914 49.3191 0.0648081 0.000890478
91.08 12.802 -0.0411179 -0.43234 49.3267 0.0648013 0.000890985
91.09 12.8017 -0.0404477 -0.430764 49.3344 0.0647946 0.000891398
91.1 12.8013 -0.0397874 -0.429187 49.342 0.0647879 0.000891732
91.11 12.801 -0.0391369 -0.427608 49.3496 0.0647812 0.000891989
91.12 12.8007 -0.0384965 -0.426027 49.3572 0.0647744 0.000892154
91.13 12.8004 -0.0378661 -0.424445 49.3649 0.0647678 0.000892205
91.14 12.8001 -0.0372458 -0.422861 49.3725 0.0647611 0.000892131
91.15 12.7998 -0.0366358 -0.421276 49.3801 0.0647544 0.000891935
91.16 12.7995 -0.0360362 -0.419689 49.3878 0.0647478 0.000891633
91.17 12.7993 -0.0354472 -0.418101 49.3954 0.0647412 0.000891241
91.18 12.799 -0.034869 -0.416512 49.403 0.0647346 0.000890766
91.19 12.7988 -0.0343017 -0.414922 49.4107 0.064728 0.000890204
91.2 12.7986 -0.0337454 -0.413331 49.4183 0.0647215 0.000889539
91.21 12.7984 -0.0332001 -0.411738 49.4259 0.0647149 0.000888756
91.22 12.7982 -0.0326659 -0.410145 49.4335 0.0647084 0.000887847
91.23 12.798 -0.0321429 -0.40855 49.4412 0.0647019 0.000886818
91.24 12.7978 -0.0316313 -0.406955 49.4488 0.0646954 0.000885683
91.25 12.7976 -0.0311312 -0.405359 49.4564 0.0646889 0.000884457
91.26 12.7975 -0.0306425 -0.403762 49.4641 0.0646825 0.000883146
91.27 12.7973 -0.0301653 -0.402164 49.4717 0.064676 0.000881742
91.28 12.7972 -0.0296995 -0.400566 49.4793 0.0646696 0.000880227
91.29 12.797 -0.0292451 -0.398967 49.487 0.0646632 0.000878587
91.3 12.7969 -0.0288021 -0.397368 49.4946 0.0646568 0.000876819
91.31 12.7968 -0.0283703 -0.395769 49.5022 0.0646505 0.000874933
91.32 12.7967 -0.0279499 -0.394169 49.5098 0.0646442 0.000872944
91.33 12.7966 -0.0275407 -0.392569 49.5175 0.0646379 0.000870865
91.34 12.7966 -0.0271427 -0.390968 49.5251 0.0646316 0.000868698
91.35 12.7965 -0.0267557 -0.389368 49.5327 0.0646253 0.00086643
91.36 12.7965 -0.0263796 -0.387768 49.5404 0.0646191 0.000864043
91.37 12.7964 -0.0260142 -0.386168 49.548 0.0646129 0.000861527
91.38 12.7964 -0.0256595 -0.384568 49.5556 0.0646067 0.000858884
91.39 12.7964 -0.0253155 -0.382968 49.5633 0.0646005 0.000856127
91.4 12.7964 -0.024982 -0.381368 49.5709 0.0645944 0.000853272
91.41 12.7964 -0.024659 -0.379769 49.5785 0.0645883 0.000850327
91.42 12.7964 -0.0243465 -0.378171 49.5862 0.0645822 0.000847288
91.43 12.7964 -0.0240443 -0.376573 49.5938 0.0645761 0.000844142
91.44 12.7965 -0.0237524 -0.374975 49.6014 0.0645701 0.000840879
91.45 12.7965 -0.0234709 -0.373378 49.609 0.0645641 0.000837497
91.46 12.7966 -0.0231998 -0.371782 49.6167 0.0645582 0.000833986
91.47 12.7967 -0.0229391 -0.370187 49.6243 0.0645522 0.000830354
91.48 12.7968 -0.0226889 -0.368592 49.6319 0.0645463 0.000826619
91.49 12.7969 -0.0224493 -0.366999 49.6396 0.0645405 0.0008228
91.5 12.797 -0.0222204 -0.365406 49.6472 0.0645346 0.000818896
91.51 12.7971 -0.0220021 -0.363814 49.6548 0.0645288 0.000814888
91.52 12.7972 -0.0217944 -0.362224 49.6625 0.064523 0.000810752
91.53 12.7974 -0.0215976 -0.360634 49.6701 0.0645172 0.000806479
91.54 12.7975 -0.0214116 -0.359046 49.6777 0.0645115 0.000802084
91.55 12.7977 -0.0212367 -0.357458 49.6854 0.0645058 0.00079759
91.56 12.7979 -0.021073 -0.355872 49.693 0.0645002 0.000793017
91.57 12.7981 -0.0209206 -0.354288 49.7006 0.0644946 0.00078836
91.58 12.7983 -0.0207796 -0.352704 49.7083 0.064489 0.000783605
91.59 12.7985 -0.02065 -0.351122 49.7159 0.0644835 0.00077873
91.6 12.7987 -0.0205319 -0.349542 49.7235 0.0644779 0.000773728
91.61 12.7989 -0.0204253 -0.347963 49.7311 0.0644725 0.000768604
91.62 12.7992 -0.0203304 -0.346386 49.7388 0.0644671 0.000763373
91.63 12.7994 -0.0202472 -0.34481 49.7464 0.0644617 0.000758051
91.64 12.7997 -0.0201758 -0.343236 49.754 0.0644563 0.000752648
91.65 12.8 -0.0201162 -0.341665 49.7617 0.064451 0.000747157
91.66 12.8003 -0.0200683 -0.340094 49.7693 0.0644457 0.000741563
91.67 12.8006 -0.020032 -0.338526 49.7769 0.0644405 0.000735837
91.68 12.8009 -0.0200072 -0.33696 49.7846 0.0644353 0.000729961
91.69 12.8012 -0.0199941 -0.335396 49.7922 0.0644302 0.000723977
91.7 12.8016 -0.0199926 -0.333834 49.7998 0.0644251 0.000717935
91.71 12.8019 -0.0200028 -0.332275 49.8075 0.06442 0.00071184
91.72 12.8023 -0.0200242 -0.330717 49.8151 0.064415 0.000705656
91.73 12.8026 -0.0200569 -0.329163 49.8227 0.06441 0.000699352
91.74 12.803 -0.0201006 -0.32761 49.8304 0.064405 0.00069292
91.75 12.8034 -0.0201553 -0.326061 49.838 0.0644001 0.000686383
91.76 12.8038 -0.0202208 -0.324514 49.8456 0.0643953 0.000679756
91.77 12.8042 -0.0202972 -0.32297 49.8532 0.0643905 0.000673042
91.78 12.8047 -0.0203842 -0.321428 49.8609 0.0643857 0.000666233
91.79 12.8051 -0.0204816 -0.31989 49.8685 0.064381 0.000659324
91.8 12.8055 -0.0205896 -0.318355 49.8761 0.0643763 0.000652325
91.81 12.806 -0.0207079 -0.316822 49.8838 0.0643717 0.000645243
91.82 12.8065 -0.0208365 -0.315293 49.8914 0.0643671 0.000638075
91.83 12.807 -0.0209754 -0.313767 49.899 0.0643626 0.000630807
91.84 12.8074 -0.0211244 -0.312244 49.9067 0.0643581 0.000623433
91.85 12.808 -0.0212836 -0.310724 49.9143 0.0643537 0.000615957
91.86 12.8085 -0.0214531 -0.309208 49.9219 0.0643493 0.000608398
91.87 12.809 -0.0216327 -0.307695 49.9296 0.064345 0.00060077
91.88 12.8095 -0.0218227 -0.306186 49.9372 0.0643407 0.000593072
91.89 12.8101 -0.022023 -0.30468 49.9448 0.0643365 0.000585291
91.9 12.8106 -0.0222337 -0.303178 49.9525 0.0643323 0.000577411
91.91 12.8112 -0.0224547 -0.301679 49.9601 0.0643282 0.00056943
91.92 12.8118 -0.0226863 -0.300185 49.9677 0.0643241 0.000561361
91.93 12.8124 -0.0229285 -0.298693 49.9754 0.0643201 0.000553216
91.94 12.813 -0.0231814 -0.297206 49.983 0.0643161 0.000545003
91.95 12.8136 -0.0234451 -0.295722 49.9906 0.0643122 0.000536721
91.96 12.8142 -0.0237198 -0.294243 49.9982 0.0643083 0.000528365
91.97 12.8149 -0.0240053 -0.292767 50.0059 0.0643045 0.00051993
91.98 12.8155 -0.0243019 -0.291295 50.0135 0.0643008 0.000511408
91.99 12.8162 -0.0246095 -0.289828 50.0211 0.0642971 0.000502804
92 12.8169 -0.0249282 -0.288364 50.0288 0.0642934 0.000494125
92.01 12.8175 -0.0252581 -0.286905 50.0364 0.0642899 0.000485377
92.02 12.8182 -0.0255992 -0.28545 50.044 0.0642863 0.000476564
92.03 12.8189 -0.0259515 -0.283999 50.0517 0.0642829 0.000467687
92.04 12.8196 -0.0263149 -0.282553 50.0593 0.0642795 0.000458749
92.05 12.8204 -0.0266894 -0.281111 50.0669 0.0642761 0.000449742
92.06 12.8211 -0.0270749 -0.279673 50.0746 0.0642729 0.00044066
92.07 12.8219 -0.0274713 -0.278241 50.0822 0.0642696 0.0004315
92.08 12.8226 -0.0278785 -0.276812 50.0898 0.0642665 0.000422274
92.09 12.8234 -0.0282966 -0.275389 50.0975 0.0642634 0.00041299
92.1 12.8242 -0.0287253 -0.27397 50.1051 0.0642603 0.000403656
92.11 12.8249 -0.0291645 -0.272556 50.1127 0.0642574 0.000394268
92.12 12.8257 -0.0296141 -0.271147 50.1204 0.0642545 0.000384822
92.13 12.8266 -0.030074 -0.269743 50.128 0.0642516 0.000375309
92.14 12.8274 -0.0305439 -0.268344 50.1356 0.0642488 0.000365731
92.15 12.8282 -0.0310238 -0.26695 50.1433 0.0642461 0.000356088
92.16 12.8291 -0.0315135 -0.265561 50.1509 0.0642435 0.000346393
92.17 12.8299 -0.0320129 -0.264178 50.1585 0.0642409 0.000336652
92.18 12.8308 -0.032522 -0.2628 50.1661 0.0642384 0.000326864
92.19 12.8316 -0.0330406 -0.261427 50.1738 0.064236 0.00031703
92.2 12.8325 -0.0335687 -0.26006 50.1814 0.0642336 0.000307139
92.21 12.8334 -0.034106 -0.258698 50.189 0.0642313 0.000297191
92.22 12.8343 -0.0346527 -0.257341 50.1967 0.0642291 0.000287186
92.23 12.8352 -0.0352086 -0.255991 50.2043 0.0642269 0.000277133
92.24 12.8362 -0.0357738 -0.254645 50.2119 0.0642248 0.000267037
92.25 12.8371 -0.0363483 -0.253306 50.2196 0.0642228 0.000256901
92.26 12.8381 -0.036932 -0.251972 50.2272 0.0642208 0.000246723
92.27 12.839 -0.0375251 -0.250644 50.2348 0.064219 0.0002365
92.28 12.84 -0.0381275 -0.249322 50.2425 0.0642172 0.000226231
92.29 12.841 -0.0387393 -0.248006 50.2501 0.0642155 0.000215914
92.3 12.842 -0.0393605 -0.246696 50.2577 0.0642138 0.000205553
92.31 12.843 -0.0399913 -0.245391 50.2654 0.0642123 0.00019515
92.32 12.844 -0.0406317 -0.244093 50.273 0.0642108 0.000184709
92.33 12.845 -0.0412818 -0.242801 50.2806 0.0642094 0.000174232
92.34 12.846 -0.0419416 -0.241514 50.2883 0.064208 0.000163722
92.35 12.8471 -0.0426113 -0.240234 50.2959 0.0642068 0.000153176
92.36 12.8481 -0.0432909 -0.23896 50.3035 0.0642056 0.000142592
92.37 12.8492 -0.0439804 -0.237692 50.3112 0.0642046 0.000131964
92.38 12.8502 -0.0446799 -0.236431 50.3188 0.0642036 0.000121296
92.39 12.8513 -0.0453893 -0.235175 50.3264 0.0642026 0.000110592
92.4 12.8524 -0.0461088 -0.233927 50.3341 0.0642018 9.98573e-05
92.41 12.8535 -0.0468382 -0.232684 50.3417 0.064201 8.90978e-05
92.42 12.8546 -0.0475776 -0.231448 50.3493 0.0642004 7.83094e-05
92.43 12.8557 -0.048327 -0.230219 50.357 0.0641998 6.74883e-05
92.44 12.8569 -0.0490861 -0.228996 50.3646 0.0641993 5.66294e-05
92.45 12.858 -0.0498551 -0.227779 50.3722 0.0641989 4.57341e-05
92.46 12.8592 -0.0506337 -0.22657 50.3798 0.0641986 3.48057e-05
92.47 12.8603 -0.0514218 -0.225367 50.3875 0.0641984 2.38528e-05
92.48 12.8615 -0.0522194 -0.224171 50.3951 0.0641983 1.28743e-05
92.49 12.8627 -0.0530263 -0.222982 50.4027 0.0641982 1.8704e-06
92.5 12.8638 -0.0538424 -0.2218 50.4104 0.0641983 -9.16306e-06
92.51 12.865 -0.0546675 -0.220624 50.418 0.0641984 -2.0228e-05
92.52 12.8662 -0.0555015 -0.219456 50.4256 0.0641987 -3.13236e-05
92.53 12.8675 -0.0563442 -0.218295 50.4333 0.064199 -4.24478e-05
92.54 12.8687 -0.0571955 -0.217142 50.4409 0.0641994 -5.35971e-05
92.55 12.8699 -0.0580552 -0.215995 50.4485 0.0642 -6.47719e-05
92.56 12.8712 -0.0589233 -0.214856 50.4562 0.0642006 -7.59741e-05
92.57 12.8724 -0.0597996 -0.213724 50.4638 0.0642013 -8.72046e-05
92.58 12.8737 -0.060684 -0.2126 50.4714 0.0642021 -9.84577e-05
92.59 12.8749 -0.0615765 -0.211483 50.4791 0.064203 -0.000109737
92.6 12.8762 -0.0624769 -0.210373 50.4867 0.064204 -0.000121041
92.61 12.8775 -0.0633853 -0.209271 50.4943 0.0642051 -0.000132375
92.62 12.8788 -0.0643015 -0.208176 50.502 0.0642063 -0.000143739
92.63 12.8801 -0.0652256 -0.207089 50.5096 0.0642076 -0.000155128
92.64 12.8814 -0.0661575 -0.20601 50.5172 0.064209 -0.000166539
92.65 12.8828 -0.0670973 -0.204938 50.5249 0.0642106 -0.000177975
92.66 12.8841 -0.068045 -0.203873 50.5325 0.0642122 -0.000189434
92.67 12.8854 -0.0690007 -0.202817 50.5401 0.0642139 -0.00020092
92.68 12.8868 -0.0699644 -0.201768 50.5478 0.0642157 -0.000212435
92.69 12.8881 -0.070936 -0.200726 50.5554 0.0642176 -0.000223978
92.7 12.8895 -0.0719158 -0.199693 50.563 0.0642196 -0.000235551
92.71 12.8909 -0.0729038 -0.198667 50.5707 0.0642217 -0.000247147
92.72 12.8923 -0.0739 -0.197649 50.5783 0.064224 -0.000258766
92.73 12.8937 -0.0749045 -0.196638 50.5859 0.0642263 -0.000270408
92.74 12.8951 -0.0759172 -0.195636 50.5935 0.0642288 -0.000282103
92.75 12.8965 -0.0769383 -0.194641 50.6012 0.0642313 -0.000293869
92.76 12.8979 -0.0779679 -0.193654 50.6088 0.064234 -0.000305659
92.77 12.8993 -0.0790061 -0.192675 50.6164 0.0642368 -0.000317417
92.78 12.9007 -0.080053 -0.191704 50.6241 0.0642396 -0.000329155
92.79 12.9022 -0.0811083 -0.190741 50.6317 0.0642426 -0.000340934
92.8 12.9036 -0.0821719 -0.189785 50.6393 0.0642457 -0.000352787
92.81 12.9051 -0.0832438 -0.188838 50.647 0.0642489 -0.000364699
92.82 12.9066 -0.0843241 -0.187899 50.6546 0.0642522 -0.000376629
92.83 12.908 -0.0854128 -0.186968 50.6622 0.0642556 -0.000388558
92.84 12.9095 -0.0865096 -0.186045 50.6699 0.0642591 -0.000400501
92.85 12.911 -0.0876145 -0.185131 50.6775 0.0642627 -0.000412486
92.86 12.9125 -0.0887271 -0.184224 50.6851 0.0642665 -0.000424525
92.87 12.914 -0.0898476 -0.183326 50.6928 0.0642703 -0.000436604
92.88 12.9155 -0.0909757 -0.182436 50.7004 0.0642743 -0.000448706
92.89 12.917 -0.0921114 -0.181554 50.708 0.0642783 -0.000460824
92.9 12.9186 -0.0932544 -0.180681 50.7157 0.0642825 -0.000472969
92.91 12.9201 -0.0944046 -0.179817 50.7233 0.0642868 -0.000485153
92.92 12.9216 -0.0955619 -0.17896 50.7309 0.0642912 -0.000497382
92.93 12.9232 -0.096726 -0.178113 50.7386 0.0642957 -0.000509648
92.94 12.9247 -0.0978969 -0.177274 50.7462 0.0643004 -0.000521942
92.95 12.9263 -0.0990745 -0.176443 50.7538 0.0643051 -0.000534262
92.96 12.9279 -0.100259 -0.175622 50.7615 0.0643099 -0.000546614
92.97 12.9294 -0.101449 -0.174808 50.7691 0.0643149 -0.000559005
92.98 12.931 -0.102646 -0.174004 50.7767 0.06432 -0.000571437
92.99 12.9326 -0.103849 -0.173208 50.7844 0.0643251 -0.000583903
93 12.9342 -0.105059 -0.172422 50.792 0.0643304 -0.000596403
93.01 12.9358 -0.106275 -0.171644 50.7996 0.0643358 -0.000608938
93.02 12.9374 -0.107496 -0.170874 50.8073 0.0643413 -0.000621542
93.03 12.939 -0.108724 -0.170114 50.8149 0.0643469 -0.000634242
93.04 12.9407 -0.109958 -0.169363 50.8225 0.0643526 -0.000646971
93.05 12.9423 -0.111198 -0.16862 50.8302 0.0643584 -0.000659656
93.06 12.9439 -0.112445 -0.167886 50.8378 0.0643644 -0.00067232
93.07 12.9456 -0.113697 -0.167161 50.8454 0.0643704 -0.000685043
93.08 12.9472 -0.114956 -0.166445 50.853 0.0643766 -0.000697866
93.09 12.9489 -0.116221 -0.165738 50.8607 0.0643829 -0.000710771
93.1 12.9505 -0.117492 -0.16504 50.8683 0.0643893 -0.0007237
93.11 12.9522 -0.11877 -0.16435 50.8759 0.0643957 -0.000736628
93.12 12.9539 -0.120054 -0.16367 50.8836 0.0644023 -0.000749574
93.13 12.9556 -0.121345 -0.162998 50.8912 0.0644091 -0.000762577
93.14 12.9573 -0.122642 -0.162335 50.8988 0.0644159 -0.000775652
93.15 12.959 -0.123945 -0.161682 50.9065 0.0644228 -0.000788781
93.16 12.9607 -0.125255 -0.161037 50.9141 0.0644298 -0.000801941
93.17 12.9624 -0.126572 -0.1604 50.9217 0.064437 -0.00081512
93.18 12.9641 -0.127895 -0.159773 50.9294 0.0644442 -0.000828335
93.19 12.9658 -0.129225 -0.159155 50.937 0.0644516 -0.000841602
93.2 12.9675 -0.13056 -0.158546 50.9446 0.0644591 -0.000854925
93.21 12.9692 -0.131903 -0.157946 50.9523 0.0644666 -0.000868292
93.22 12.971 -0.133251 -0.157354 50.9599 0.0644743 -0.000881694
93.23 12.9727 -0.134605 -0.156772 50.9675 0.0644821 -0.000895126
93.24 12.9745 -0.135966 -0.156199 50.9752 0.06449 -0.000908599
93.25 12.9762 -0.137332 -0.155634 50.9828 0.064498 -0.000922119
93.26 12.978 -0.138704 -0.155079 50.9904 0.0645062 -0.000935688
93.27 12.9797 -0.140082 -0.154533 50.9981 0.0645144 -0.000949298
93.28 12.9815 -0.141465 -0.153996 51.0057 0.0645227 -0.000962945
93.29 12.9833 -0.142853 -0.153468 51.0133 0.0645312 -0.000976626
93.3 12.9851 -0.144246 -0.15295 51.021 0.0645397 -0.000990348
93.31 12.9868 -0.145645 -0.15244 51.0286 0.0645484 -0.00100411
93.32 12.9886 -0.147048 -0.15194 51.0362 0.0645572 -0.00101792
93.33 12.9904 -0.148456 -0.151449 51.0439 0.064566 -0.00103177
93.34 12.9922 -0.149868 -0.150967 51.0515 0.064575 -0.00104566
93.35 12.994 -0.151285 -0.150495 51.0591 0.0645841 -0.00105958
93.36 12.9958 -0.152706 -0.150032 51.0668 0.0645933 -0.00107354
93.37 12.9976 -0.154132 -0.149578 51.0744 0.0646026 -0.00108754
93.38 12.9995 -0.155562 -0.149133 51.082 0.064612 -0.00110158
93.39 13.0013 -0.156995 -0.148698 51.0896 0.0646216 -0.00111566
93.4 13.0031 -0.158434 -0.148272 51.0973 0.0646312 -0.00112977
93.41 13.0049 -0.159876 -0.147855 51.1049 0.0646409 -0.00114391
93.42 13.0068 -0.161322 -0.147447 51.1125 0.0646507 -0.0011581
93.43 13.0086 -0.162772 -0.147049 51.1202 0.0646607 -0.00117232
93.44 13.0105 -0.164227 -0.146661 51.1278 0.0646707 -0.00118657
93.45 13.0123 -0.165685 -0.146281 51.1354 0.0646809 -0.00120085
93.46 13.0141 -0.167148 -0.145911 51.1431 0.0646911 -0.00121517
93.47 13.016 -0.168615 -0.14555 51.1507 0.0647015 -0.00122951
93.48 13.0179 -0.170086 -0.145198 51.1583 0.0647119 -0.00124389
93.49 13.0197 -0.171562 -0.144856 51.166 0.0647225 -0.0012583
93.5 13.0216 -0.173041 -0.144523 51.1736 0.0647332 -0.00127274
93.51 13.0234 -0.174525 -0.144199 51.1812 0.0647439 -0.00128721
93.52 13.0253 -0.176014 -0.143885 51.1889 0.0647548 -0.0013017
93.53 13.0272 -0.177506 -0.143579 51.1965 0.0647658 -0.00131622
93.54 13.0291 -0.179004 -0.143283 51.2041 0.0647768 -0.00133076
93.55 13.031 -0.180505 -0.142996 51.2118 0.064788 -0.00134533
93.56 13.0328 -0.182011 -0.142719 51.2194 0.0647993 -0.00135992
93.57 13.0347 -0.183521 -0.142451 51.227 0.0648106 -0.00137453
93.58 13.0366 -0.185035 -0.142192 51.2347 0.0648221 -0.00138916
93.59 13.0385 -0.186554 -0.141942 51.2423 0.0648337 -0.00140382
93.6 13.0404 -0.188076 -0.141701 51.2499 0.0648454 -0.00141848
93.61 13.0423 -0.189603 -0.14147 51.2576 0.0648571 -0.00143317
93.62 13.0442 -0.191133 -0.141247 51.2652 0.064869 -0.00144787
93.63 13.0461 -0.192667 -0.141034 51.2728 0.0648809 -0.00146259
93.64 13.048 -0.194205 -0.140831 51.2805 0.064893 -0.00147733
93.65 13.0499 -0.195746 -0.140636 51.2881 0.0649051 -0.00149208
93.66 13.0518 -0.197291 -0.140451 51.2957 0.0649174 -0.00150684
93.67 13.0537 -0.198838 -0.140275 51.3034 0.0649297 -0.00152161
93.68 13.0557 -0.200389 -0.140108 51.311 0.0649421 -0.00153638
93.69 13.0576 -0.201943 -0.139951 51.3186 0.0649546 -0.00155117
93.7 13.0595 -0.203499 -0.139803 51.3263 0.0649673 -0.00156596
93.71 13.0614 -0.205058 -0.139664 51.3339 0.06498 -0.00158077
93.72 13.0634 -0.20662 -0.139534 51.3415 0.0649927 -0.00159558
93.73 13.0653 -0.208183 -0.139414 51.3491 0.0650056 -0.00161038
93.74 13.0672 -0.20975 -0.139302 51.3568 0.0650186 -0.0016252
93.75 13.0691 -0.211318 -0.139201 51.3644 0.0650317 -0.00164001
93.76 13.0711 -0.212888 -0.139108 51.372 0.0650448 -0.00165482
93.77 13.073 -0.21446 -0.139024 51.3797 0.065058 -0.00166963
93.78 13.0749 -0.216034 -0.13895 51.3873 0.0650714 -0.00168443
93.79 13.0769 -0.21761 -0.138885 51.3949 0.0650848 -0.00169923
93.8 13.0788 -0.219188 -0.138829 51.4026 0.0650983 -0.00171403
93.81 13.0807 -0.220767 -0.138783 51.4102 0.0651118 -0.00172882
93.82 13.0827 -0.222349 -0.138745 51.4178 0.0651255 -0.0017436
93.83 13.0846 -0.223932 -0.138717 51.4255 0.0651393 -0.00175837
93.84 13.0866 -0.225517 -0.138698 51.4331 0.0651531 -0.00177312
93.85 13.0885 -0.227103 -0.138687 51.4407 0.065167 -0.00178786
93.86 13.0905 -0.228692 -0.138686 51.4484 0.065181 -0.00180259
93.87 13.0924 -0.230283 -0.138694 51.456 0.0651951 -0.0018173
93.88 13.0943 -0.231875 -0.138711 51.4636 0.0652092 -0.001832
93.89 13.0963 -0.233469 -0.138737 51.4713 0.0652235 -0.00184668
93.9 13.0982 -0.235065 -0.138771 51.4789 0.0652378 -0.00186133
93.91 13.1002 -0.236663 -0.138815 51.4865 0.0652522 -0.00187595
93.92 13.1021 -0.238263 -0.138868 51.4942 0.0652667 -0.00189055
93.93 13.1041 -0.239865 -0.138929 51.5018 0.0652813 -0.00190516
93.94 13.106 -0.241469 -0.138999 51.5094 0.0652959 -0.00191978
93.95 13.108 -0.243074 -0.139079 51.5171 0.0653106 -0.00193436
93.96 13.1099 -0.244681 -0.139166 51.5247 0.0653254 -0.00194886
93.97 13.1119 -0.24629 -0.139263 51.5323 0.0653403 -0.00196328
93.98 13.1138 -0.2479 -0.139369 51.54 0.0653552 -0.00197767
93.99 13.1158 -0.249512 -0.139483 51.5476 0.0653703 -0.00199208
94 13.1177 -0.251125 -0.139606 51.5552 0.0653854 -0.00200649
94.01 13.1197 -0.252739 -0.139738 51.5628 0.0654005 -0.00202085
94.02 13.1216 -0.254354 -0.139879 51.5705 0.0654158 -0.00203514
94.03 13.1235 -0.255971 -0.140029 51.5781 0.0654311 -0.00204937
94.04 13.1255 -0.257588 -0.140187 51.5857 0.0654465 -0.00206357
94.05 13.1274 -0.259206 -0.140354 51.5934 0.0654619 -0.00207776
94.06 13.1294 -0.260824 -0.14053 51.601 0.0654775 -0.00209191
94.07 13.1313 -0.262442 -0.140715 51.6086 0.0654931 -0.00210601
94.08 13.1333 -0.264061 -0.140908 51.6163 0.0655088 -0.00212004
94.09 13.1352 -0.26568 -0.14111 51.6239 0.0655245 -0.00213402
94.1 13.1372 -0.267299 -0.141321 51.6315 0.0655403 -0.00214796
94.11 13.1391 -0.268917 -0.14154 51.6392 0.0655562 -0.00216187
94.12 13.141 -0.270535 -0.141769 51.6468 0.0655722 -0.00217572
94.13 13.143 -0.272152 -0.142005 51.6544 0.0655882 -0.00218952
94.14 13.1449 -0.273769 -0.142251 51.6621 0.0656043 -0.00220325
94.15 13.1469 -0.275385 -0.142505 51.6697 0.0656205 -0.00221692
94.16 13.1488 -0.277001 -0.142767 51.6773 0.0656367 -0.00223054
94.17 13.1507 -0.278615 -0.143038 51.685 0.065653 -0.0022441
94.18 13.1527 -0.280229 -0.143318 51.6926 0.0656694 -0.0022576
94.19 13.1546 -0.281841 -0.143606 51.7002 0.0656858 -0.00227104
94.2 13.1565 -0.283453 -0.143902 51.7079 0.0657023 -0.00228442
94.21 13.1585 -0.285064 -0.144207 51.7155 0.0657189 -0.00229772
94.22 13.1604 -0.286673 -0.14452 51.7231 0.0657355 -0.00231096
94.23 13.1623 -0.288282 -0.144841 51.7307 0.0657522 -0.00232414
94.24 13.1642 -0.289889 -0.145171 51.7384 0.065769 -0.00233724
94.25 13.1661 -0.291496 -0.145509 51.746 0.0657858 -0.00235027
94.26 13.1681 -0.293101 -0.145855 51.7536 0.0658027 -0.00236323
94.27 13.17 -0.294706 -0.146209 51.7613 0.0658197 -0.00237612
94.28 13.1719 -0.296309 -0.146572 51.7689 0.0658367 -0.00238893
94.29 13.1738 -0.297912 -0.146942 51.7765 0.0658538 -0.00240166
94.3 13.1757 -0.299513 -0.147321 51.7842 0.065871 -0.00241432
94.31 13.1776 -0.301114 -0.147707 51.7918 0.0658882 -0.00242689
94.32 13.1795 -0.302713 -0.148102 51.7994 0.0659055 -0.00243938
94.33 13.1814 -0.304312 -0.148504 51.8071 0.0659229 -0.0024518
94.34 13.1833 -0.305909 -0.148914 51.8147 0.0659403 -0.00246413
94.35 13.1852 -0.307505 -0.149332 51.8223 0.0659578 -0.00247637
94.36 13.1871 -0.3091 -0.149758 51.83 0.0659753 -0.00248853
94.37 13.189 -0.310693 -0.150192 51.8376 0.065993 -0.0025006
94.38 13.1909 -0.312285 -0.150633 51.8452 0.0660106 -0.00251259
94.39 13.1928 -0.313875 -0.151082 51.8529 0.0660284 -0.00252448
94.4 13.1946 -0.315464 -0.151539 51.8605 0.0660462 -0.00253628
94.41 13.1965 -0.31705 -0.152004 51.8681 0.066064 -0.00254799
94.42 13.1984 -0.318635 -0.152476 51.8758 0.0660819 -0.00255962
94.43 13.2003 -0.320217 -0.152956 51.8834 0.0660999 -0.00257114
94.44 13.2021 -0.321797 -0.153444 51.891 0.066118 -0.00258258
94.45 13.204 -0.323375 -0.15394 51.8986 0.066136 -0.00259393
94.46 13.2059 -0.324949 -0.154443 51.9063 0.0661541 -0.00260519
94.47 13.2077 -0.326521 -0.154953 51.9139 0.0661724 -0.00261633
94.48 13.2096 -0.328089 -0.155471 51.9215 0.0661906 -0.00262736
94.49 13.2114 -0.329654 -0.155997 51.9292 0.066209 -0.0026383
94.5 13.2133 -0.331216 -0.15653 51.9368 0.0662274 -0.00264916
94.51 13.2151 -0.332774 -0.157071 51.9444 0.0662458 -0.00265991
94.52 13.2169 -0.334328 -0.157619 51.9521 0.0662643 -0.00267056
94.53 13.2188 -0.335878 -0.158175 51.9597 0.0662829 -0.0026811
94.54 13.2206 -0.337424 -0.158737 51.9673 0.0663015 -0.00269154
94.55 13.2224 -0.338966 -0.159308 51.975 0.0663202 -0.00270188
94.56 13.2242 -0.340504 -0.159885 51.9826 0.066339 -0.00271212
94.57 13.226 -0.342038 -0.16047 51.9902 0.0663578 -0.00272225
94.58 13.2279 -0.343568 -0.161062 51.9979 0.0663766 -0.00273227
94.59 13.2297 -0.345093 -0.161661 52.0055 0.0663955 -0.00274219
94.6 13.2315 -0.346614 -0.162267 52.0131 0.0664145 -0.00275199
94.61 13.2333 -0.348131 -0.162881 52.0208 0.0664335 -0.0027617
94.62 13.235 -0.349643 -0.163501 52.0284 0.0664525 -0.00277129
94.63 13.2368 -0.351151 -0.164128 52.036 0.0664717 -0.00278078
94.64 13.2386 -0.352655 -0.164763 52.0436 0.0664909 -0.00279015
94.65 13.2404 -0.354154 -0.165404 52.0513 0.0665101 -0.00279941
94.66 13.2422 -0.355649 -0.166051 52.0589 0.0665294 -0.00280855
94.67 13.2439 -0.35714 -0.166706 52.0665 0.0665487 -0.00281759
94.68 13.2457 -0.358626 -0.167367 52.0742 0.0665681 -0.00282652
94.69 13.2474 -0.360108 -0.168035 52.0818 0.0665875 -0.00283533
94.7 13.2492 -0.361585 -0.16871 52.0894 0.066607 -0.00284403
94.71 13.2509 -0.363058 -0.169391 52.0971 0.0666266 -0.00285261
94.72 13.2527 -0.364527 -0.170079 52.1047 0.0666462 -0.00286108
94.73 13.2544 -0.365991 -0.170773 52.1123 0.0666658 -0.00286943
94.74 13.2561 -0.367451 -0.171474 52.12 0.0666855 -0.00287767
94.75 13.2579 -0.368906 -0.172181 52.1276 0.0667053 -0.00288579
94.76 13.2596 -0.370356 -0.172895 52.1352 0.0667251 -0.0028938
94.77 13.2613 -0.371801 -0.173615 52.1429 0.0667449 -0.00290169
94.78 13.263 -0.373242 -0.174341 52.1505 0.0667648 -0.00290946
94.79 13.2647 -0.374677 -0.175074 52.1581 0.0667848 -0.00291712
94.8 13.2664 -0.376107 -0.175812 52.1657 0.0668048 -0.00292465
94.81 13.2681 -0.377531 -0.176558 52.1734 0.0668248 -0.00293207
94.82 13.2698 -0.37895 -0.177309 52.181 0.0668449 -0.00293937
94.83 13.2714 -0.380363 -0.178066 52.1886 0.0668651 -0.00294655
94.84 13.2731 -0.38177 -0.17883 52.1963 0.0668853 -0.00295362
94.85 13.2748 -0.383171 -0.1796 52.2039 0.0669055 -0.00296057
94.86 13.2764 -0.384565 -0.180375 52.2115 0.0669258 -0.00296739
94.87 13.2781 -0.385953 -0.181157 52.2192 0.0669462 -0.0029741
94.88 13.2797 -0.387335 -0.181945 52.2268 0.0669665 -0.00298069
94.89 13.2814 -0.388709 -0.182739 52.2344 0.066987 -0.00298716
94.9 13.283 -0.390077 -0.183539 52.2421 0.0670075 -0.00299351
94.91 13.2846 -0.391438 -0.184344 52.2497 0.067028 -0.00299974
94.92 13.2862 -0.392791 -0.185156 52.2573 0.0670486 -0.00300585
94.93 13.2879 -0.394137 -0.185973 52.265 0.0670692 -0.00301184
94.94 13.2895 -0.395476 -0.186796 52.2726 0.0670899 -0.00301771
94.95 13.2911 -0.396807 -0.187625 52.2802 0.0671106 -0.00302346
94.96 13.2927 -0.398131 -0.188459 52.2878 0.0671313 -0.00302909
94.97 13.2942 -0.399447 -0.189299 52.2955 0.0671521 -0.00303459
94.98 13.2958 -0.400755 -0.190145 52.3031 0.067173 -0.00303998
94.99 13.2974 -0.402056 -0.190996 52.3107 0.0671939 -0.00304524
95 13.299 -0.403349 -0.191853 52.3184 0.0672148 -0.00305039
95.01 13.3005 -0.404635 -0.192714 52.326 0.0672358 -0.00305542
95.02 13.3021 -0.405913 -0.193582 52.3336 0.0672568 -0.00306032
95.03 13.3036 -0.407183 -0.194454 52.3413 0.0672778 -0.0030651
95.04 13.3051 -0.408446 -0.195332 52.3489 0.0672989 -0.00306976
95.05 13.3067 -0.409701 -0.196214 52.3565 0.0673201 -0.00307429
95.06 13.3082 -0.410948 -0.197102 52.3642 0.0673412 -0.00307871
95.07 13.3097 -0.412188 -0.197995 52.3718 0.0673625 -0.00308301
95.08 13.3112 -0.41342 -0.198893 52.3794 0.0673837 -0.00308718
95.09 13.3127 -0.414644 -0.199796 52.3871 0.067405 -0.00309124
95.1 13.3142 -0.415861 -0.200704 52.3947 0.0674263 -0.00309517
95.11 13.3157 -0.41707 -0.201616 52.4023 0.0674477 -0.00309898
95.12 13.3172 -0.418271 -0.202534 52.4099 0.0674691 -0.00310266
95.13 13.3186 -0.419464 -0.203456 52.4176 0.0674905 -0.00310623
95.14 13.3201 -0.420649 -0.204383 52.4252 0.067512 -0.00310967
95.15 13.3215 -0.421827 -0.205315 52.4328 0.0675335 -0.003113
95.16 13.323 -0.422996 -0.206251 52.4405 0.067555 -0.0031162
95.17 13.3244 -0.424156 -0.207192 52.4481 0.0675766 -0.00311928
95.18 13.3258 -0.425309 -0.208137 52.4557 0.0675982 -0.00312224
95.19 13.3273 -0.426452 -0.209087 52.4634 0.0676198 -0.00312508
95.2 13.3287 -0.427587 -0.210042 52.471 0.0676415 -0.0031278
95.21 13.3301 -0.428713 -0.211001 52.4786 0.0676632 -0.00313039
95.22 13.3315 -0.42983 -0.211964 52.4863 0.0676849 -0.00313287
95.23 13.3329 -0.430938 -0.212932 52.4939 0.0677066 -0.00313523
95.24 13.3342 -0.432036 -0.213904 52.5015 0.0677284 -0.00313747
95.25 13.3356 -0.433125 -0.21488 52.5092 0.0677502 -0.00313958
95.26 13.337 -0.434204 -0.215861 52.5168 0.067772 -0.00314158
95.27 13.3383 -0.435273 -0.216846 52.5244 0.0677938 -0.00314345
95.28 13.3397 -0.436332 -0.217836 52.532 0.0678157 -0.0031452
95.29 13.341 -0.437381 -0.218829 52.5397 0.0678376 -0.00314684
95.3 13.3423 -0.438419 -0.219826 52.5473 0.0678595 -0.00314836
95.31 13.3436 -0.439448 -0.220828 52.5549 0.0678814 -0.00314975
95.32 13.3449 -0.440465 -0.221834 52.5626 0.0679033 -0.00315103
95.33 13.3462 -0.441472 -0.222843 52.5702 0.0679253 -0.00315218
95.34 13.3475 -0.442469 -0.223857 52.5778 0.0679472 -0.00315322
95.35 13.3488 -0.443455 -0.224874 52.5855 0.0679692 -0.00315414
95.36 13.3501 -0.44443 -0.225895 52.5931 0.0679912 -0.00315494
95.37 13.3513 -0.445394 -0.22692 52.6007 0.0680132 -0.00315562
95.38 13.3526 -0.446348 -0.227949 52.6084 0.0680352 -0.00315618
95.39 13.3538 -0.44729 -0.228981 52.616 0.0680572 -0.00315664
95.4 13.3551 -0.448222 -0.230017 52.6236 0.0680792 -0.00315698
95.41 13.3563 -0.449143 -0.231057 52.6312 0.0681012 -0.00315718
95.42 13.3575 -0.450053 -0.232099 52.6389 0.0681232 -0.00315726
95.43 13.3587 -0.450953 -0.233146 52.6465 0.0681453 -0.00315722
95.44 13.3599 -0.451841 -0.234195 52.6541 0.0681673 -0.00315706
95.45 13.3611 -0.452719 -0.235248 52.6618 0.0681894 -0.0031568
95.46 13.3622 -0.453586 -0.236304 52.6694 0.0682114 -0.00315642
95.47 13.3634 -0.454442 -0.237363 52.677 0.0682335 -0.00315592
95.48 13.3646 -0.455287 -0.238425 52.6847 0.0682555 -0.0031553
95.49 13.3657 -0.456122 -0.239491 52.6923 0.0682775 -0.00315457
95.5 13.3668 -0.456945 -0.240559 52.6999 0.0682996 -0.00315371
95.51 13.3679 -0.457758 -0.241631 52.7076 0.0683216 -0.00315274
95.52 13.3691 -0.45856 -0.242705 52.7152 0.0683436 -0.00315165
95.53 13.3702 -0.459351 -0.243782 52.7228 0.0683656 -0.00315044
95.54 13.3712 -0.460131 -0.244862 52.7305 0.0683875 -0.00314912
95.55 13.3723 -0.460899 -0.245945 52.7381 0.0684095 -0.00314769
95.56 13.3734 -0.461656 -0.247031 52.7457 0.0684315 -0.00314614
95.57 13.3744 -0.462402 -0.248119 52.7533 0.0684534 -0.00314448
95.58 13.3755 -0.463136 -0.24921 52.761 0.0684753 -0.0031427
95.59 13.3765 -0.463858 -0.250303 52.7686 0.0684972 -0.00314079
95.6 13.3775 -0.464569 -0.251399 52.7762 0.0685191 -0.00313876
95.61 13.3785 -0.465267 -0.252498 52.7839 0.068541 -0.00313663
95.62 13.3795 -0.465953 -0.253599 52.7915 0.0685628 -0.00313438
95.63 13.3805 -0.466627 -0.254703 52.7991 0.0685846 -0.00313203
95.64 13.3815 -0.467288 -0.255809 52.8068 0.0686064 -0.00312956
95.65 13.3824 -0.467936 -0.256917 52.8144 0.0686282 -0.00312697
95.66 13.3834 -0.468572 -0.258028 52.822 0.0686499 -0.00312426
95.67 13.3843 -0.469195 -0.259141 52.8297 0.0686716 -0.00312142
95.68 13.3853 -0.469804 -0.260256 52.8373 0.0686933 -0.00311848
95.69 13.3862 -0.470401 -0.261373 52.8449 0.0687149 -0.00311543
95.7 13.3871 -0.470985 -0.262492 52.8526 0.0687366 -0.00311227
95.71 13.388 -0.471555 -0.263614 52.8602 0.0687581 -0.00310899
95.72 13.3888 -0.472112 -0.264737 52.8678 0.0687797 -0.0031056
95.73 13.3897 -0.472655 -0.265862 52.8754 0.0688012 -0.00310208
95.74 13.3906 -0.473185 -0.266989 52.8831 0.0688226 -0.00309845
95.75 13.3914 -0.473702 -0.268118 52.8907 0.068844 -0.0030947
95.76 13.3922 -0.474206 -0.269249 52.8983 0.0688654 -0.00309084
95.77 13.393 -0.474696 -0.270381 52.906 0.0688867 -0.00308688
95.78 13.3938 -0.475173 -0.271515 52.9136 0.068908 -0.0030828
95.79 13.3946 -0.475637 -0.272651 52.9212 0.0689293 -0.00307861
95.8 13.3954 -0.476087 -0.273788 52.9289 0.0689504 -0.0030743
95.81 13.3962 -0.476525 -0.274926 52.9365 0.0689716 -0.00306987
95.82 13.3969 -0.476949 -0.276066 52.9441 0.0689927 -0.00306532
95.83 13.3977 -0.477361 -0.277206 52.9518 0.0690137 -0.00306066
95.84 13.3984 -0.477759 -0.278349 52.9594 0.0690347 -0.00305589
95.85 13.3991 -0.478144 -0.279492 52.967 0.0690556 -0.00305101
95.86 13.3998 -0.478517 -0.280636 52.9747 0.0690764 -0.00304602
95.87 13.4005 -0.478876 -0.281782 52.9823 0.0690972 -0.00304092
95.88 13.4011 -0.479223 -0.282928 52.9899 0.069118 -0.00303569
95.89 13.4018 -0.479557 -0.284076 52.9976 0.0691386 -0.00303035
95.9 13.4024 -0.479877 -0.285224 53.0052 0.0691592 -0.00302489
95.91 13.4031 -0.480185 -0.286373 53.0128 0.0691798 -0.00301932
95.92 13.4037 -0.48048 -0.287523 53.0204 0.0692002 -0.00301365
95.93 13.4043 -0.480761 -0.288673 53.0281 0.0692206 -0.00300786
95.94 13.4049 -0.48103 -0.289825 53.0357 0.069241 -0.00300196
95.95 13.4054 -0.481285 -0.290977 53.0433 0.0692612 -0.00299592
95.96 13.406 -0.481526 -0.292129 53.051 0.0692814 -0.00298972
95.97 13.4066 -0.481755 -0.293283 53.0586 0.0693015 -0.0029834
95.98 13.4071 -0.481969 -0.294437 53.0662 0.0693215 -0.00297703
95.99 13.4076 -0.482169 -0.295591 53.0739 0.0693414 -0.00297059
96 13.4081 -0.482355 -0.296745 53.0815 0.0693613 -0.00296404
96.01 13.4086 -0.482528 -0.2979 53.0891 0.0693811 -0.00295734
96.02 13.4091 -0.482686 -0.299056 53.0968 0.0694008 -0.00295049
96.03 13.4095 -0.48283 -0.300212 53.1044 0.0694204 -0.00294353
96.04 13.41 -0.482959 -0.301367 53.112 0.06944 -0.00293648
96.05 13.4104 -0.483074 -0.302524 53.1197 0.0694594 -0.00292932
96.06 13.4108 -0.483175 -0.30368 53.1273 0.0694788 -0.00292204
96.07 13.4112 -0.483261 -0.304836 53.1349 0.069498 -0.00291463
96.08 13.4116 -0.483332 -0.305993 53.1426 0.0695172 -0.00290711
96.09 13.412 -0.483388 -0.307149 53.1502 0.0695363 -0.0028995
96.1 13.4123 -0.48343 -0.308305 53.1578 0.0695553 -0.00289178
96.11 13.4127 -0.483457 -0.309461 53.1655 0.0695741 -0.00288395
96.12 13.413 -0.483469 -0.310617 53.1731 0.0695929 -0.00287598
96.13 13.4133 -0.483466 -0.311772 53.1807 0.0696116 -0.00286788
96.14 13.4136 -0.483449 -0.312927 53.1884 0.0696302 -0.00285967
96.15 13.4139 -0.483417 -0.314082 53.196 0.0696487 -0.00285137
96.16 13.4142 -0.483371 -0.315236 53.2036 0.0696671 -0.00284298
96.17 13.4144 -0.48331 -0.31639 53.2112 0.0696853 -0.00283449
96.18 13.4147 -0.483235 -0.317542 53.2189 0.0697035 -0.00282586
96.19 13.4149 -0.483145 -0.318694 53.2265 0.0697216 -0.00281711
96.2 13.4151 -0.483041 -0.319846 53.2341 0.0697395 -0.00280824
96.21 13.4153 -0.482923 -0.320996 53.2418 0.0697574 -0.00279926
96.22 13.4154 -0.482791 -0.322145 53.2494 0.0697751 -0.00279018
96.23 13.4156 -0.482645 -0.323294 53.257 0.0697928 -0.00278101
96.24 13.4157 -0.482485 -0.324441 53.2647 0.0698103 -0.00277174
96.25 13.4159 -0.48231 -0.325587 53.2723 0.0698277 -0.00276235
96.26 13.416 -0.482122 -0.326732 53.2799 0.069845 -0.00275284
96.27 13.4161 -0.48192 -0.327876 53.2876 0.0698621 -0.00274322
96.28 13.4161 -0.481704 -0.329019 53.2952 0.0698792 -0.00273348
96.29 13.4162 -0.481475 -0.33016 53.3028 0.0698961 -0.00272364
96.3 13.4162 -0.481231 -0.331299 53.3105 0.0699129 -0.0027137
96.31 13.4163 -0.480974 -0.332437 53.3181 0.0699296 -0.00270366
96.32 13.4163 -0.480702 -0.333574 53.3257 0.0699462 -0.00269353
96.33 13.4163 -0.480417 -0.334709 53.3334 0.0699626 -0.00268329
96.34 13.4162 -0.480117 -0.335842 53.341 0.0699789 -0.00267293
96.35 13.4162 -0.479803 -0.336974 53.3486 0.0699951 -0.00266246
96.36 13.4162 -0.479476 -0.338104 53.3563 0.0700112 -0.00265188
96.37 13.4161 -0.479133 -0.339232 53.3639 0.0700271 -0.0026412
96.38 13.416 -0.478777 -0.340358 53.3715 0.0700429 -0.00263042
96.39 13.4159 -0.478406 -0.341483 53.3792 0.0700586 -0.00261956
96.4 13.4158 -0.47802 -0.342605 53.3868 0.0700741 -0.00260861
96.41 13.4156 -0.47762 -0.343726 53.3944 0.0700895 -0.00259754
96.42 13.4155 -0.477205 -0.344845 53.4021 0.0701048 -0.00258636
96.43 13.4153 -0.476776 -0.345961 53.4097 0.0701199 -0.00257507
96.44 13.4151 -0.476331 -0.347076 53.4173 0.0701349 -0.00256368
96.45 13.4149 -0.475872 -0.348188 53.425 0.0701497 -0.00255221
96.46 13.4147 -0.475398 -0.349298 53.4326 0.0701644 -0.00254064
96.47 13.4145 -0.474909 -0.350406 53.4402 0.070179 -0.00252899
96.48 13.4142 -0.474406 -0.351512 53.4479 0.0701934 -0.00251725
96.49 13.414 -0.473888 -0.352615 53.4555 0.0702077 -0.0025054
96.5 13.4137 -0.473355 -0.353715 53.4631 0.0702218 -0.00249344
96.51 13.4134 -0.472807 -0.354814 53.4708 0.0702358 -0.00248138
96.52 13.4131 -0.472245 -0.355909 53.4784 0.0702496 -0.00246923
96.53 13.4127 -0.471668 -0.357002 53.486 0.0702633 -0.002457
96.54 13.4124 -0.471077 -0.358093 53.4937 0.0702768 -0.0024447
96.55 13.412 -0.470471 -0.35918 53.5013 0.0702902 -0.0024323
96.56 13.4116 -0.469851 -0.360265 53.5089 0.0703034 -0.00241982
96.57 13.4112 -0.469217 -0.361347 53.5166 0.0703165 -0.00240723
96.58 13.4108 -0.46857 -0.362426 53.5242 0.0703295 -0.00239454
96.59 13.4103 -0.467908 -0.363502 53.5318 0.0703422 -0.00238177
96.6 13.4099 -0.467232 -0.364575 53.5395 0.0703549 -0.00236891
96.61 13.4094 -0.466543 -0.365644 53.5471 0.0703673 -0.00235598
96.62 13.4089 -0.46584 -0.366711 53.5547 0.0703796 -0.00234298
96.63 13.4084 -0.465124 -0.367774 53.5624 0.0703918 -0.00232989
96.64 13.4079 -0.464394 -0.368834 53.57 0.0704038 -0.00231672
96.65 13.4074 -0.463651 -0.36989 53.5776 0.0704156 -0.00230345
96.66 13.4068 -0.462895 -0.370943 53.5853 0.0704273 -0.00229009
96.67 13.4062 -0.462125 -0.371992 53.5929 0.0704388 -0.00227666
96.68 13.4057 -0.461341 -0.373038 53.6005 0.0704501 -0.00226317
96.69 13.4051 -0.460544 -0.374081 53.6082 0.0704612 -0.00224961
96.7 13.4044 -0.459734 -0.375119 53.6158 0.0704722 -0.00223597
96.71 13.4038 -0.458911 -0.376154 53.6234 0.070483 -0.00222224
96.72 13.4031 -0.458073 -0.377185 53.6311 0.0704937 -0.00220843
96.73 13.4025 -0.457223 -0.378213 53.6387 0.0705043 -0.00219454
96.74 13.4018 -0.456358 -0.379236 53.6463 0.0705146 -0.00218058
96.75 13.4011 -0.455481 -0.380256 53.654 0.0705248 -0.00216655
96.76 13.4003 -0.454589 -0.381271 53.6616 0.0705348 -0.00215246
96.77 13.3996 -0.453684 -0.382283 53.6692 0.0705447 -0.00213831
96.78 13.3988 -0.452765 -0.383291 53.6769 0.0705544 -0.0021241
96.79 13.3981 -0.451833 -0.384294 53.6845 0.0705639 -0.00210983
96.8 13.3973 -0.450886 -0.385294 53.6922 0.0705732 -0.00209547
96.81 13.3965 -0.449926 -0.386289 53.6998 0.0705823 -0.00208103
96.82 13.3956 -0.448953 -0.38728 53.7074 0.0705913 -0.00206653
96.83 13.3948 -0.447965 -0.388267 53.7151 0.0706001 -0.00205198
96.84 13.3939 -0.446964 -0.38925 53.7227 0.0706088 -0.00203739
96.85 13.3931 -0.445949 -0.390228 53.7303 0.0706172 -0.00202275
96.86 13.3922 -0.44492 -0.391202 53.738 0.0706255 -0.00200805
96.87 13.3913 -0.443878 -0.392172 53.7456 0.0706336 -0.00199328
96.88 13.3903 -0.442822 -0.393137 53.7532 0.0706415 -0.00197844
96.89 13.3894 -0.441752 -0.394097 53.7609 0.0706493 -0.00196354
96.9 13.3884 -0.44067 -0.395053 53.7685 0.0706569 -0.0019486
96.91 13.3875 -0.439574 -0.396004 53.7761 0.0706643 -0.00193361
96.92 13.3865 -0.438465 -0.396951 53.7838 0.0706716 -0.00191859
96.93 13.3855 -0.437343 -0.397892 53.7914 0.0706786 -0.00190353
96.94 13.3845 -0.436208 -0.398829 53.799 0.0706855 -0.00188839
96.95 13.3834 -0.43506 -0.399761 53.8067 0.0706922 -0.00187315
96.96 13.3824 -0.4339 -0.400688 53.8143 0.0706987 -0.00185787
96.97 13.3813 -0.432727 -0.40161 53.8219 0.070705 -0.00184258
96.98 13.3802 -0.431542 -0.402527 53.8296 0.0707112 -0.0018273
96.99 13.3791 -0.430344 -0.403438 53.8372 0.0707172 -0.00181198
97 13.378 -0.429135 -0.404345 53.8449 0.0707231 -0.00179659
97.01 13.3769 -0.427913 -0.405246 53.8525 0.0707287 -0.00178114
97.02 13.3757 -0.42668 -0.406142 53.8601 0.0707342 -0.00176565
97.03 13.3746 -0.425435 -0.407032 53.8678 0.0707395 -0.00175013
97.04 13.3734 -0.424178 -0.407917 53.8754 0.0707447 -0.00173458
97.05 13.3722 -0.42291 -0.408797 53.883 0.0707496 -0.00171898
97.06 13.371 -0.421631 -0.409671 53.8907 0.0707544 -0.00170332
97.07 13.3698 -0.42034 -0.410539 53.8983 0.0707591 -0.0016876
97.08 13.3686 -0.419038 -0.411402 53.9059 0.0707635 -0.00167186
97.09 13.3673 -0.417725 -0.41226 53.9136 0.0707678 -0.00165616
97.1 13.3661 -0.4164 -0.413112 53.9212 0.0707719 -0.00164046
97.11 13.3648 -0.415064 -0.413958 53.9288 0.0707758 -0.0016247
97.12 13.3635 -0.413717 -0.414798 53.9365 0.0707796 -0.00160886
97.13 13.3622 -0.412359 -0.415632 53.9441 0.0707832 -0.00159297
97.14 13.3609 -0.41099 -0.416461 53.9518 0.0707866 -0.00157707
97.15 13.3595 -0.40961 -0.417284 53.9594 0.0707899 -0.0015612
97.16 13.3582 -0.408218 -0.418101 53.967 0.070793 -0.00154533
97.17 13.3568 -0.406815 -0.418912 53.9747 0.0707959 -0.00152942
97.18 13.3554 -0.405401 -0.419718 53.9823 0.0707987 -0.00151346
97.19 13.354 -0.403976 -0.420517 53.9899 0.0708012 -0.00149745
97.2 13.3526 -0.402539 -0.42131 53.9976 0.0708037 -0.00148144
97.21 13.3512 -0.401092 -0.422098 54.0052 0.070806 -0.00146543
97.22 13.3498 -0.399633 -0.422879 54.0128 0.0708081 -0.00144943
97.23 13.3483 -0.398163 -0.423654 54.0205 0.07081 -0.00143341
97.24 13.3469 -0.396682 -0.424423 54.0281 0.0708118 -0.00141737
97.25 13.3454 -0.395191 -0.425186 54.0357 0.0708134 -0.00140131
97.26 13.3439 -0.393688 -0.425943 54.0434 0.0708149 -0.00138524
97.27 13.3424 -0.392175 -0.426693 54.051 0.0708162 -0.00136917
97.28 13.3409 -0.390651 -0.427437 54.0587 0.0708173 -0.00135309
97.29 13.3394 -0.389117 -0.428175 54.0663 0.0708183 -0.00133702
97.3 13.3379 -0.387572 -0.428906 54.0739 0.0708192 -0.00132094
97.31 13.3363 -0.386017 -0.429631 54.0816 0.0708198 -0.00130486
97.32 13.3347 -0.384453 -0.43035 54.0892 0.0708203 -0.00128878
97.33 13.3332 -0.382878 -0.431061 54.0968 0.0708207 -0.00127271
97.34 13.3316 -0.381293 -0.431767 54.1045 0.0708209 -0.00125663
97.35 13.33 -0.379699 -0.432465 54.1121 0.0708209 -0.00124056
97.36 13.3284 -0.378096 -0.433157 54.1198 0.0708209 -0.00122449
97.37 13.3268 -0.376483 -0.433842 54.1274 0.0708206 -0.00120843
97.38 13.3251 -0.374862 -0.43452 54.135 0.0708202 -0.00119238
97.39 13.3235 -0.373231 -0.435192 54.1427 0.0708197 -0.00117635
97.4 13.3218 -0.371592 -0.435856 54.1503 0.0708189 -0.00116032
97.41 13.3202 -0.369944 -0.436514 54.1579 0.0708181 -0.00114431
97.42 13.3185 -0.368287 -0.437164 54.1656 0.0708171 -0.00112831
97.43 13.3168 -0.366623 -0.437808 54.1732 0.0708159 -0.00111232
97.44 13.3151 -0.36495 -0.438444 54.1808 0.0708147 -0.00109636
97.45 13.3134 -0.363268 -0.439074 54.1885 0.0708132 -0.00108041
97.46 13.3117 -0.361579 -0.439696 54.1961 0.0708117 -0.00106447
97.47 13.3099 -0.359882 -0.440311 54.2038 0.0708099 -0.00104856
97.48 13.3082 -0.358177 -0.440919 54.2114 0.070808 -0.00103267
97.49 13.3064 -0.356464 -0.441519 54.219 0.070806 -0.00101682
97.5 13.3047 -0.354743 -0.442113 54.2267 0.0708039 -0.00100098
97.51 13.3029 -0.353014 -0.442699 54.2343 0.0708016 -0.00098517
97.52 13.3011 -0.351278 -0.443278 54.2419 0.0707992 -0.000969385
97.53 13.2993 -0.349534 -0.443849 54.2496 0.0707966 -0.000953624
97.54 13.2975 -0.347782 -0.444413 54.2572 0.0707939 -0.000937894
97.55 13.2957 -0.346023 -0.44497 54.2649 0.0707911 -0.000922196
97.56 13.2939 -0.344255 -0.445519 54.2725 0.0707881 -0.000906534
97.57 13.2921 -0.342481 -0.446061 54.2801 0.070785 -0.000890912
97.58 13.2903 -0.340698 -0.446596 54.2878 0.0707817 -0.000875329
97.59 13.2884 -0.338908 -0.447123 54.2954 0.0707784 -0.00085978
97.6 13.2866 -0.337111 -0.447642 54.3031 0.0707749 -0.000844262
97.61 13.2847 -0.335306 -0.448154 54.3107 0.0707712 -0.000828777
97.62 13.2828 -0.333494 -0.448659 54.3183 0.0707675 -0.000813328
97.63 13.281 -0.331674 -0.449156 54.326 0.0707636 -0.000797924
97.64 13.2791 -0.329848 -0.449646 54.3336 0.0707595 -0.000782571
97.65 13.2772 -0.328014 -0.450128 54.3412 0.0707554 -0.000767269
97.66 13.2753 -0.326173 -0.450602 54.3489 0.0707512 -0.000752013
97.67 13.2734 -0.324326 -0.451069 54.3565 0.0707468 -0.000736797
97.68 13.2715 -0.322471 -0.451528 54.3642 0.0707423 -0.000721618
97.69 13.2696 -0.320611 -0.45198 54.3718 0.0707377 -0.000706478
97.7 13.2676 -0.318744 -0.452424 54.3794 0.0707329 -0.000691386
97.71 13.2657 -0.31687 -0.45286 54.3871 0.070728 -0.000676348
97.72 13.2638 -0.314991 -0.453288 54.3947 0.070723 -0.000661371
97.73 13.2618 -0.313106 -0.453709 54.4024 0.0707179 -0.000646452
97.74 13.2599 -0.311215 -0.454121 54.41 0.0707128 -0.000631586
97.75 13.2579 -0.309319 -0.454526 54.4176 0.0707074 -0.000616764
97.76 13.256 -0.307417 -0.454922 54.4253 0.070702 -0.000601982
97.77 13.254 -0.30551 -0.455311 54.4329 0.0706965 -0.000587244
97.78 13.252 -0.303599 -0.455692 54.4405 0.0706908 -0.000572562
97.79 13.25 -0.301682 -0.456065 54.4482 0.070685 -0.000557945
97.8 13.2481 -0.299761 -0.45643 54.4558 0.0706792 -0.000543399
97.81 13.2461 -0.297835 -0.456787 54.4635 0.0706732 -0.000528916
97.82 13.2441 -0.295905 -0.457135 54.4711 0.0706671 -0.000514485
97.83 13.2421 -0.293971 -0.457476 54.4787 0.0706609 -0.000500099
97.84 13.2401 -0.292033 -0.457808 54.4864 0.0706547 -0.000485756
97.85 13.2381 -0.290091 -0.458133 54.494 0.0706483 -0.000471465
97.86 13.2361 -0.288144 -0.458449 54.5017 0.0706418 -0.000457239
97.87 13.234 -0.286194 -0.458757 54.5093 0.0706352 -0.000443089
97.88 13.232 -0.28424 -0.459057 54.5169 0.0706285 -0.000429012
97.89 13.23 -0.282282 -0.459348 54.5246 0.0706217 -0.000414994
97.9 13.228 -0.280321 -0.459632 54.5322 0.070615 -0.000401014
97.91 13.2259 -0.278356 -0.459907 54.5399 0.0706081 -0.000387082
97.92 13.2239 -0.276388 -0.460174 54.5475 0.0706011 -0.000373216
97.93 13.2219 -0.274417 -0.460433 54.5551 0.0705939 -0.000359423
97.94 13.2198 -0.272442 -0.460683 54.5628 0.0705867 -0.000345695
97.95 13.2178 -0.270464 -0.460926 54.5704 0.0705793 -0.000331998
97.96 13.2157 -0.268483 -0.46116 54.5781 0.0705719 -0.00031831
97.97 13.2137 -0.266498 -0.461386 54.5857 0.0705645 -0.000304699
97.98 13.2116 -0.264511 -0.461603 54.5933 0.0705569 -0.00029123
97.99 13.2096 -0.26252 -0.461812 54.601 0.0705493 -0.00027787
98 13.2075 -0.260527 -0.462014 54.6086 0.0705415 -0.000264539
98.01 13.2055 -0.258531 -0.462206 54.6163 0.0705337 -0.000251202
98.02 13.2034 -0.256532 -0.462391 54.6239 0.0705258 -0.000237898
98.03 13.2014 -0.25453 -0.462566 54.6315 0.0705179 -0.000224686
98.04 13.1993 -0.252526 -0.462734 54.6392 0.0705098 -0.000211588
98.05 13.1972 -0.250519 -0.462893 54.6468 0.0705017 -0.000198572
98.06 13.1952 -0.24851 -0.463044 54.6545 0.0704935 -0.000185586
98.07 13.1931 -0.246499 -0.463186 54.6621 0.0704853 -0.000172615
98.08 13.1911 -0.244487 -0.46332 54.6698 0.0704769 -0.000159685
98.09 13.189 -0.242472 -0.463446 54.6774 0.0704685 -0.000146834
98.1 13.1869 -0.240456 -0.463563 54.685 0.07046 -0.000134078
98.11 13.1849 -0.238438 -0.463672 54.6927 0.0704515 -0.000121403
98.12 13.1828 -0.236419 -0.463772 54.7003 0.0704429 -0.000108781
98.13 13.1807 -0.234399 -0.463864 54.708 0.0704342 -9.62003e-05
98.14 13.1787 -0.232379 -0.463947 54.7156 0.0704254 -8.36629e-05
98.15 13.1766 -0.230357 -0.464022 54.7232 0.0704166 -7.11815e-05
98.16 13.1745 -0.228336 -0.464089 54.7309 0.0704077 -5.87664e-05
98.17 13.1725 -0.226313 -0.464147 54.7385 0.0703987 -4.64192e-05
98.18 13.1704 -0.224291 -0.464196 54.7462 0.0703897 -3.41404e-05
98.19 13.1683 -0.222269 -0.464237 54.7538 0.0703806 -2.1928e-05
98.2 13.1663 -0.220247 -0.46427 54.7614 0.0703715 -9.77825e-06
98.21 13.1642 -0.218225 -0.464294 54.7691 0.0703623 2.3153e-06
98.22 13.1622 -0.216203 -0.464309 54.7767 0.070353 1.43597e-05
98.23 13.1601 -0.214183 -0.464316 54.7844 0.0703436 2.63581e-05
98.24 13.1581 -0.212163 -0.464315 54.792 0.0703342 3.83003e-05
98.25 13.156 -0.210143 -0.464305 54.7997 0.0703247 5.01743e-05
98.26 13.1539 -0.208124 -0.464287 54.8073 0.0703152 6.19713e-05
98.27 13.1519 -0.206107 -0.46426 54.8149 0.0703056 7.3694e-05
98.28 13.1498 -0.20409 -0.464225 54.8226 0.070296 8.53573e-05
98.29 13.1478 -0.202074 -0.464182 54.8302 0.0702863 9.6974e-05
98.3 13.1458 -0.200059 -0.46413 54.8379 0.0702765 0.000108549
98.31 13.1437 -0.198045 -0.46407 54.8455 0.0702667 0.000120076
98.32 13.1417 -0.196032 -0.464001 54.8532 0.0702568 0.000131538
98.33 13.1396 -0.194021 -0.463924 54.8608 0.0702469 0.000142924
98.34 13.1376 -0.19201 -0.463839 54.8684 0.0702369 0.000154234
98.35 13.1356 -0.190001 -0.463746 54.8761 0.0702268 0.000165475
98.36 13.1336 -0.187993 -0.463644 54.8837 0.0702167 0.000176664
98.37 13.1315 -0.185986 -0.463534 54.8914 0.0702066 0.000187809
98.38 13.1295 -0.183981 -0.463415 54.899 0.0701964 0.000198909
98.39 13.1275 -0.181977 -0.463289 54.9066 0.0701861 0.000209955
98.4 13.1255 -0.179975 -0.463154 54.9143 0.0701758 0.000220933
98.41 13.1235 -0.177974 -0.46301 54.9219 0.0701655 0.000231836
98.42 13.1215 -0.175975 -0.462859 54.9296 0.0701551 0.000242664
98.43 13.1195 -0.173977 -0.462699 54.9372 0.0701446 0.000253428
98.44 13.1175 -0.171982 -0.462531 54.9449 0.0701341 0.000264141
98.45 13.1155 -0.169989 -0.462355 54.9525 0.0701236 0.000274813
98.46 13.1135 -0.167998 -0.46217 54.9602 0.070113 0.000285439
98.47 13.1115 -0.16601 -0.461978 54.9678 0.0701023 0.000296008
98.48 13.1095 -0.164024 -0.461777 54.9754 0.0700916 0.000306506
98.49 13.1075 -0.162041 -0.461567 54.9831 0.0700809 0.000316926
98.5 13.1056 -0.160061 -0.46135 54.9907 0.0700701 0.000327274
98.51 13.1036 -0.158084 -0.461124 54.9984 0.0700592 0.000337563
98.52 13.1017 -0.15611 -0.46089 55.006 0.0700484 0.000347806
98.53 13.0997 -0.15414 -0.460647 55.0137 0.0700375 0.000358008
98.54 13.0978 -0.152174 -0.460397 55.0213 0.0700265 0.000368161
98.55 13.0958 -0.150212 -0.460138 55.0289 0.0700155 0.000378252
98.56 13.0939 -0.148254 -0.459871 55.0366 0.0700044 0.000388271
98.57 13.0919 -0.146299 -0.459596 55.0442 0.0699933 0.000398211
98.58 13.09 -0.144349 -0.459313 55.0519 0.0699822 0.000408082
98.59 13.0881 -0.142404 -0.459021 55.0595 0.0699711 0.000417897
98.6 13.0862 -0.140464 -0.458722 55.0672 0.0699599 0.000427669
98.61 13.0843 -0.138528 -0.458414 55.0748 0.0699486 0.000437398
98.62 13.0824 -0.136597 -0.458098 55.0825 0.0699373 0.000447075
98.63 13.0805 -0.134671 -0.457775 55.0901 0.069926 0.000456685
98.64 13.0786 -0.13275 -0.457443 55.0977 0.0699146 0.000466217
98.65 13.0767 -0.130834 -0.457104 55.1054 0.0699032 0.000475671
98.66 13.0748 -0.128923 -0.456756 55.113 0.0698918 0.000485058
98.67 13.073 -0.127017 -0.456401 55.1207 0.0698803 0.000494393
98.68 13.0711 -0.125117 -0.456038 55.1283 0.0698688 0.000503684
98.69 13.0692 -0.123222 -0.455667 55.136 0.0698573 0.00051293
98.7 13.0674 -0.121332 -0.455288 55.1436 0.0698457 0.000522123
98.71 13.0655 -0.119448 -0.454902 55.1513 0.0698342 0.000531252
98.72 13.0637 -0.117569 -0.454508 55.1589 0.0698226 0.000540297
98.73 13.0619 -0.115696 -0.454106 55.1665 0.069811 0.000549247
98.74 13.0601 -0.113828 -0.453697 55.1742 0.0697993 0.00055812
98.75 13.0583 -0.111966 -0.45328 55.1818 0.0697876 0.000566951
98.76 13.0564 -0.11011 -0.452856 55.1895 0.0697759 0.000575755
98.77 13.0547 -0.108259 -0.452425 55.1971 0.0697641 0.000584519
98.78 13.0529 -0.106414 -0.451985 55.2048 0.0697523 0.000593211
98.79 13.0511 -0.104575 -0.451539 55.2124 0.0697405 0.000601806
98.8 13.0493 -0.102742 -0.451085 55.2201 0.0697286 0.000610308
98.81 13.0475 -0.100915 -0.450624 55.2277 0.0697168 0.000618738
98.82 13.0458 -0.0990935 -0.450155 55.2354 0.0697049 0.00062712
98.83 13.044 -0.0972788 -0.449679 55.243 0.069693 0.000635464
98.84 13.0423 -0.0954706 -0.449196 55.2506 0.0696811 0.000643764
98.85 13.0406 -0.0936689 -0.448705 55.2583 0.0696691 0.000651996
98.86 13.0389 -0.0918739 -0.448207 55.2659 0.0696572 0.000660146
98.87 13.0371 -0.0900857 -0.447703 55.2736 0.0696452 0.000668207
98.88 13.0354 -0.0883045 -0.44719 55.2812 0.0696332 0.000676183
98.89 13.0337 -0.0865305 -0.446671 55.2889 0.0696212 0.000684093
98.9 13.0321 -0.0847639 -0.446145 55.2965 0.0696091 0.00069195
98.91 13.0304 -0.083005 -0.445611 55.3042 0.0695971 0.000699759
98.92 13.0287 -0.0812539 -0.44507 55.3118 0.069585 0.000707516
98.93 13.0271 -0.0795106 -0.444523 55.3195 0.0695729 0.000715204
98.94 13.0254 -0.0777754 -0.443968 55.3271 0.0695608 0.000722804
98.95 13.0238 -0.0760484 -0.443406 55.3348 0.0695486 0.000730313
98.96 13.0221 -0.0743296 -0.442837 55.3424 0.0695365 0.000737733
98.97 13.0205 -0.0726194 -0.442261 55.35 0.0695243 0.000745085
98.98 13.0189 -0.0709179 -0.441679 55.3577 0.0695122 0.000752385
98.99 13.0173 -0.0692252 -0.441089 55.3653 0.0695 0.000759636
99 13.0157 -0.0675414 -0.440493 55.373 0.0694878 0.000766828
99.01 13.0141 -0.0658664 -0.43989 55.3806 0.0694755 0.00077394
99.02 13.0126 -0.0642004 -0.43928 55.3883 0.0694633 0.000780955
99.03 13.011 -0.0625434 -0.438663 55.3959 0.069451 0.000787872
99.04 13.0094 -0.0608954 -0.43804 55.4036 0.0694388 0.000794703
99.05 13.0079 -0.0592566 -0.43741 55.4112 0.0694265 0.000801469
99.06 13.0064 -0.057627 -0.436774 55.4189 0.0694142 0.000808183
99.07 13.0048 -0.0560067 -0.436131 55.4265 0.0694019 0.00081484
99.08 13.0033 -0.0543956 -0.435482 55.4342 0.0693896 0.000821425
99.09 13.0018 -0.0527936 -0.434827 55.4418 0.0693772 0.000827919
99.1 13.0003 -0.0512008 -0.434165 55.4495 0.0693649 0.000834308
99.11 12.9989 -0.0496172 -0.433497 55.4571 0.0693525 0.000840597
99.12 12.9974 -0.0480428 -0.432823 55.4648 0.0693402 0.000846805
99.13 12.9959 -0.0464778 -0.432142 55.4724 0.0693278 0.000852948
99.14 12.9945 -0.0449221 -0.431456 55.48 0.0693154 0.000859032
99.15 12.993 -0.0433758 -0.430764 55.4877 0.069303 0.000865054
99.16 12.9916 -0.0418389 -0.430066 55.4953 0.0692906 0.000870994
99.17 12.9902 -0.0403114 -0.429362 55.503 0.0692782 0.000876827
99.18 12.9888 -0.0387933 -0.428652 55.5106 0.0692657 0.000882546
99.19 12.9874 -0.0372848 -0.427937 55.5183 0.0692533 0.00088817
99.2 12.986 -0.035786 -0.427215 55.5259 0.0692409 0.000893718
99.21 12.9847 -0.034297 -0.426488 55.5336 0.0692284 0.000899199
99.22 12.9833 -0.032818 -0.425756 55.5412 0.069216 0.000904611
99.23 12.9819 -0.031349 -0.425018 55.5489 0.0692035 0.000909945
99.24 12.9806 -0.0298902 -0.424274 55.5565 0.069191 0.000915186
99.25 12.9793 -0.0284416 -0.423525 55.5642 0.0691785 0.000920322
99.26 12.978 -0.0270035 -0.422771 55.5718 0.069166 0.000925349
99.27 12.9767 -0.025576 -0.422011 55.5795 0.0691536 0.000930275
99.28 12.9754 -0.0241592 -0.421245 55.5871 0.0691411 0.000935117
99.29 12.9741 -0.0227535 -0.420475 55.5948 0.0691286 0.000939886
99.3 12.9728 -0.0213589 -0.419699 55.6024 0.0691161 0.000944586
99.31 12.9716 -0.0199755 -0.418918 55.6101 0.0691036 0.000949203
99.32 12.9703 -0.0186036 -0.418132 55.6177 0.069091 0.000953718
99.33 12.9691 -0.0172431 -0.417341 55.6254 0.0690785 0.000958117
99.34 12.9679 -0.0158942 -0.416544 55.633 0.069066 0.000962403
99.35 12.9667 -0.0145571 -0.415743 55.6407 0.0690535 0.000966587
99.36 12.9655 -0.0132319 -0.414937 55.6483 0.069041 0.000970691
99.37 12.9643 -0.0119188 -0.414126 55.656 0.0690284 0.000974723
99.38 12.9631 -0.0106179 -0.41331 55.6636 0.0690159 0.000978676
99.39 12.962 -0.00932901 -0.412489 55.6712 0.0690034 0.000982535
99.4 12.9608 -0.00805233 -0.411663 55.6789 0.0689909 0.00098628
99.41 12.9597 -0.00678782 -0.410833 55.6865 0.0689783 0.000989906
99.42 12.9586 -0.00553556 -0.409998 55.6942 0.0689658 0.000993419
99.43 12.9574 -0.00429559 -0.409159 55.7018 0.0689533 0.000996836
99.44 12.9563 -0.00306798 -0.408315 55.7095 0.0689408 0.00100017
99.45 12.9553 -0.00185274 -0.407467 55.7171 0.0689283 0.00100343
99.46 12.9542 -0.00064984 -0.406614 55.7248 0.0689158 0.0010066
99.47 12.9531 0.000540722 -0.405758 55.7324 0.0689033 0.00100967
99.48 12.9521 0.00171891 -0.404896 55.7401 0.0688908 0.00101263
99.49 12.9511 0.00288473 -0.404031 55.7477 0.0688784 0.00101547
99.5 12.95 0.00403819 -0.403162 55.7554 0.068866 0.00101819
99.51 12.949 0.00517925 -0.402288 55.763 0.0688535 0.0010208
99.52 12.948 0.00630784 -0.401411 55.7707 0.068841 0.00102333
99.53 12.947 0.00742391 -0.400529 55.7783 0.0688286 0.0010258
99.54 12.9461 0.00852751 -0.399644 55.786 0.0688162 0.00102818
99.55 12.9451 0.00961869 -0.398755 55.7936 0.0688037 0.00103044
99.56 12.9442 0.0106974 -0.397862 55.8013 0.0687913 0.00103257
99.57 12.9433 0.0117637 -0.396966 55.8089 0.0687789 0.00103457
99.58 12.9423 0.0128174 -0.396066 55.8166 0.0687665 0.00103647
99.59 12.9414 0.0138582 -0.395163 55.8242 0.0687542 0.00103829
99.6 12.9406 0.0148863 -0.394256 55.8319 0.0687418 0.00104003
99.61 12.9397 0.0159014 -0.393346 55.8395 0.0687295 0.00104169
99.62 12.9388 0.0169035 -0.392432 55.8472 0.0687172 0.00104324
99.63 12.938 0.0178925 -0.391515 55.8548 0.0687049 0.00104467
99.64 12.9371 0.0188684 -0.390595 55.8625 0.0686926 0.00104597
99.65 12.9363 0.0198309 -0.389672 55.8701 0.0686803 0.00104716
99.66 12.9355 0.0207799 -0.388745 55.8778 0.0686681 0.00104825
99.67 12.9347 0.0217151 -0.387816 55.8854 0.0686559 0.00104926
99.68 12.9339 0.0226366 -0.386883 55.8931 0.0686437 0.00105017
99.69 12.9332 0.0235441 -0.385948 55.9007 0.0686315 0.00105096
99.7 12.9324 0.0244376 -0.38501 55.9084 0.0686194 0.00105164
99.71 12.9317 0.0253167 -0.384069 55.916 0.0686072 0.00105224
99.72 12.931 0.0261815 -0.383125 55.9237 0.0685951 0.00105276
99.73 12.9303 0.0270319 -0.382179 55.9313 0.068583 0.00105315
99.74 12.9296 0.0278679 -0.38123 55.939 0.0685709 0.00105341
99.75 12.9289 0.0286892 -0.380278 55.9466 0.0685588 0.00105357
99.76 12.9282 0.0294958 -0.379324 55.9543 0.0685468 0.00105365
99.77 12.9276 0.0302877 -0.378368 55.9619 0.0685348 0.00105367
99.78 12.9269 0.0310647 -0.377409 55.9696 0.0685228 0.00105359
99.79 12.9263 0.0318271 -0.376448 55.9772 0.0685109 0.00105337
99.8 12.9257 0.0325748 -0.375485 55.9849 0.068499 0.00105302
99.81 12.9251 0.0333078 -0.37452 55.9925 0.0684871 0.00105255
99.82 12.9245 0.0340259 -0.373552 56.0002 0.0684752 0.00105199
99.83 12.9239 0.0347292 -0.372583 56.0078 0.0684634 0.00105137
99.84 12.9234 0.0354178 -0.371612 56.0155 0.0684516 0.00105068
99.85 12.9229 0.0360917 -0.370639 56.0231 0.0684398 0.00104988
99.86 12.9223 0.036751 -0.369664 56.0308 0.0684281 0.00104896
99.87 12.9218 0.0373957 -0.368688 56.0384 0.0684164 0.00104791
99.88 12.9213 0.0380259 -0.36771 56.0461 0.0684047 0.00104676
99.89 12.9208 0.0386416 -0.36673 56.0537 0.0683931 0.00104551
99.9 12.9204 0.0392427 -0.365749 56.0614 0.0683814 0.00104418
99.91 12.9199 0.0398293 -0.364767 56.069 0.0683699 0.00104277
99.92 12.9195 0.0404014 -0.363783 56.0767 0.0683583 0.00104128
99.93 12.9191 0.0409591 -0.362798 56.0843 0.0683468 0.00103969
99.94 12.9187 0.0415023 -0.361812 56.092 0.0683354 0.00103799
99.95 12.9183 0.0420311 -0.360825 56.0996 0.0683239 0.00103617
99.96 12.9179 0.0425454 -0.359837 56.1073 0.0683125 0.00103424
99.97 12.9175 0.0430452 -0.358848 56.1149 0.0683012 0.00103223
99.98 12.9172 0.0435303 -0.357858 56.1226 0.0682899 0.00103015
99.99 12.9168 0.0440008 -0.356867 56.1302 0.0682786 0.00102798
100 12.9165 0.0444565 -0.355875 56.1379 0.0682674 0.00102574
100.01 12.9162 0.0448974 -0.354883 56.1455 0.0682562 0.00102339
100.02 12.9159 0.0453235 -0.35389 56.1532 0.068245 0.00102094
100.03 12.9156 0.0457347 -0.352896 56.1608 0.0682339 0.00101838
100.04 12.9154 0.0461308 -0.351902 56.1685 0.0682228 0.00101573
100.05 12.9151 0.0465117 -0.350907 56.1761 0.0682118 0.00101299
100.06 12.9149 0.0468774 -0.349912 56.1838 0.0682008 0.00101019
100.07 12.9147 0.0472277 -0.348917 56.1914 0.0681899 0.00100731
100.08 12.9145 0.0475625 -0.347921 56.1991 0.068179 0.00100435
100.09 12.9143 0.0478818 -0.346925 56.2067 0.0681681 0.00100128
100.1 12.9141 0.0481856 -0.345929 56.2144 0.0681573 0.000998122
100.11 12.914 0.0484737 -0.344933 56.2221 0.0681465 0.000994868
100.12 12.9138 0.048746 -0.343936 56.2297 0.0681358 0.000991528
100.13 12.9137 0.0490026 -0.34294 56.2374 0.0681252 0.000988114
100.14 12.9136 0.0492433 -0.341944 56.245 0.0681146 0.000984628
100.15 12.9135 0.0494682 -0.340948 56.2527 0.068104 0.00098107
100.16 12.9134 0.0496772 -0.339952 56.2603 0.0680935 0.00097743
100.17 12.9134 0.0498704 -0.338957 56.268 0.068083 0.000973701
100.18 12.9133 0.0500478 -0.337962 56.2756 0.0680726 0.000969876
100.19 12.9133 0.0502095 -0.336968 56.2833 0.0680623 0.000965964
100.2 12.9133 0.0503554 -0.335974 56.2909 0.068052 0.000961974
100.21 12.9133 0.0504855 -0.334981 56.2986 0.0680417 0.000957917
100.22 12.9133 0.0506 -0.333988 56.3062 0.0680315 0.000953795
100.23 12.9133 0.0506988 -0.332997 56.3139 0.0680214 0.000949601
100.24 12.9134 0.0507821 -0.332006 56.3215 0.0680113 0.000945325
100.25 12.9134 0.05085 -0.331016 56.3292 0.0680013 0.000940962
100.26 12.9135 0.0509026 -0.330027 56.3368 0.0679913 0.000936512
100.27 12.9136 0.0509398 -0.32904 56.3445 0.0679814 0.00093198
100.28 12.9137 0.0509618 -0.328053 56.3521 0.0679716 0.000927382
100.29 12.9138 0.0509686 -0.327068 56.3598 0.0679618 0.000922719
100.3 12.9139 0.0509602 -0.326085 56.3674 0.0679521 0.000917995
100.31 12.9141 0.0509367 -0.325102 56.3751 0.0679424 0.000913198
100.32 12.9143 0.0508982 -0.324122 56.3827 0.0679328 0.000908321
100.33 12.9144 0.0508447 -0.323142 56.3904 0.0679233 0.000903359
100.34 12.9146 0.0507762 -0.322165 56.398 0.0679138 0.000898318
100.35 12.9149 0.0506928 -0.321189 56.4057 0.0679044 0.000893204
100.36 12.9151 0.0505943 -0.320215 56.4133 0.0678951 0.000888027
100.37 12.9153 0.0504808 -0.319243 56.421 0.0678858 0.000882789
100.38 12.9156 0.0503523 -0.318273 56.4286 0.0678766 0.000877486
100.39 12.9159 0.0502087 -0.317304 56.4363 0.0678675 0.000872112
100.4 12.9161 0.0500501 -0.316338 56.4439 0.0678584 0.00086666
100.41 12.9165 0.0498763 -0.315374 56.4516 0.0678495 0.000861133
100.42 12.9168 0.0496874 -0.314412 56.4592 0.0678406 0.000855528
100.43 12.9171 0.0494833 -0.313452 56.4669 0.0678317 0.000849856
100.44 12.9175 0.0492639 -0.312494 56.4745 0.067823 0.00084412
100.45 12.9178 0.0490292 -0.311539 56.4822 0.0678143 0.000838328
100.46 12.9182 0.0487791 -0.310587 56.4899 0.0678057 0.000832472
100.47 12.9186 0.0485136 -0.309636 56.4975 0.0677971 0.000826547
100.48 12.919 0.0482327 -0.308688 56.5052 0.0677887 0.000820544
100.49 12.9194 0.0479364 -0.307743 56.5128 0.0677803 0.000814467
100.5 12.9199 0.0476246 -0.306801 56.5205 0.067772 0.00080832
100.51 12.9203 0.0472973 -0.305861 56.5281 0.0677638 0.000802106
100.52 12.9208 0.0469546 -0.304924 56.5358 0.0677557 0.000795834
100.53 12.9213 0.0465964 -0.303989 56.5434 0.0677476 0.000789503
100.54 12.9218 0.0462227 -0.303058 56.5511 0.0677397 0.000783108
100.55 12.9223 0.0458337 -0.30213 56.5587 0.0677318 0.000776639
100.56 12.9229 0.0454294 -0.301204 56.5664 0.067724 0.000770099
100.57 12.9234 0.0450099 -0.300282 56.574 0.0677163 0.000763487
100.58 12.924 0.0445751 -0.299363 56.5817 0.0677087 0.000756809
100.59 12.9245 0.0441253 -0.298447 56.5893 0.0677012 0.000750067
100.6 12.9251 0.0436604 -0.297535 56.597 0.0676937 0.000743263
100.61 12.9257 0.0431806 -0.296626 56.6046 0.0676864 0.000736398
100.62 12.9264 0.042686 -0.295721 56.6123 0.0676791 0.000729467
100.63 12.927 0.0421767 -0.294819 56.6199 0.0676719 0.000722466
100.64 12.9277 0.0416528 -0.293921 56.6276 0.0676648 0.000715392
100.65 12.9283 0.0411144 -0.293026 56.6352 0.0676578 0.000708247
100.66 12.929 0.0405616 -0.292136 56.6429 0.0676509 0.000701033
100.67 12.9297 0.0399945 -0.291249 56.6505 0.0676441 0.000693755
100.68 12.9304 0.0394131 -0.290366 56.6582 0.0676374 0.000686413
100.69 12.9312 0.0388177 -0.289488 56.6658 0.0676308 0.000679009
100.7 12.9319 0.0382082 -0.288613 56.6735 0.0676243 0.000671536
100.71 12.9327 0.0375849 -0.287743 56.6812 0.0676179 0.000663966
100.72 12.9334 0.0369477 -0.286876 56.6888 0.0676116 0.000656277
100.73 12.9342 0.0362966 -0.286014 56.6965 0.0676053 0.000648521
100.74 12.935 0.0356315 -0.285157 56.7041 0.0675992 0.000640757
100.75 12.9358 0.0349524 -0.284304 56.7118 0.0675932 0.000632974
100.76 12.9367 0.0342595 -0.283455 56.7194 0.0675872 0.00062511
100.77 12.9375 0.0335531 -0.282611 56.7271 0.0675814 0.000617128
100.78 12.9384 0.0328329 -0.281771 56.7347 0.0675756 0.000609042
100.79 12.9393 0.032099 -0.280936 56.7424 0.06757 0.000600889
100.8 12.9401 0.0313513 -0.280106 56.75 0.0675644 0.000592694
100.81 12.9411 0.0305898 -0.279281 56.7577 0.067559 0.000584439
100.82 12.942 0.0298145 -0.27846 56.7653 0.0675537 0.000576104
100.83 12.9429 0.0290256 -0.277645 56.773 0.0675484 0.000567672
100.84 12.9438 0.028223 -0.276834 56.7806 0.0675433 0.000559159
100.85 12.9448 0.0274066 -0.276028 56.7883 0.0675383 0.000550578
100.86 12.9458 0.0265764 -0.275228 56.7959 0.0675334 0.000541936
100.87 12.9468 0.0257325 -0.274432 56.8036 0.0675286 0.000533221
100.88 12.9478 0.0248749 -0.273642 56.8112 0.0675238 0.00052442
100.89 12.9488 0.0240036 -0.272856 56.8189 0.0675192 0.000515532
100.9 12.9498 0.0231188 -0.272077 56.8265 0.0675147 0.000506566
100.91 12.9509 0.0222203 -0.271302 56.8342 0.0675103 0.000497531
100.92 12.9519 0.0213083 -0.270533 56.8418 0.0675061 0.000488426
100.93 12.953 0.0203828 -0.269769 56.8495 0.0675019 0.000479246
100.94 12.9541 0.0194439 -0.269011 56.8572 0.0674978 0.000469979
100.95 12.9552 0.0184918 -0.268259 56.8648 0.0674939 0.000460629
100.96 12.9563 0.0175265 -0.267512 56.8725 0.06749 0.000451197
100.97 12.9574 0.0165482 -0.266771 56.8801 0.0674862 0.000441691
100.98 12.9586 0.0155569 -0.266036 56.8878 0.0674826 0.000432107
100.99 12.9597 0.0145529 -0.265307 56.8954 0.0674791 0.000422412
101 12.9609 0.0135365 -0.264584 56.9031 0.0674756 0.000412577
101.01 12.9621 0.0125075 -0.263866 56.9107 0.0674723 0.000402668
101.02 12.9633 0.0114661 -0.263155 56.9184 0.0674691 0.000392758
101.03 12.9645 0.0104124 -0.26245 56.926 0.067466 0.000382824
101.04 12.9657 0.00934665 -0.261751 56.9337 0.067463 0.000372789
101.05 12.967 0.00826924 -0.261059 56.9413 0.0674601 0.000362607
101.06 12.9682 0.00718018 -0.260373 56.949 0.0674574 0.000352301
101.07 12.9695 0.00607947 -0.259693 56.9566 0.0674547 0.000341926
101.08 12.9708 0.00496716 -0.25902 56.9643 0.0674522 0.00033151
101.09 12.972 0.00384341 -0.258353 56.9719 0.0674497 0.000321029
101.1 12.9733 0.00270843 -0.257693 56.9796 0.0674474 0.000310446
101.11 12.9747 0.00156238 -0.25704 56.9872 0.0674452 0.000299744
101.12 12.976 0.000405283 -0.256393 56.9949 0.067443 0.000288941
101.13 12.9773 -0.000762839 -0.255753 57.0025 0.067441 0.000278063
101.14 12.9787 -0.00194195 -0.25512 57.0102 0.0674391 0.000267121
101.15 12.9801 -0.00313194 -0.254494 57.0179 0.0674374 0.000256099
101.16 12.9814 -0.00433273 -0.253875 57.0255 0.0674357 0.000244979
101.17 12.9828 -0.00554425 -0.253263 57.0332 0.0674342 0.000233757
101.18 12.9842 -0.00676649 -0.252657 57.0408 0.0674327 0.000222442
101.19 12.9857 -0.00799944 -0.252059 57.0485 0.0674314 0.000211048
101.2 12.9871 -0.00924307 -0.251468 57.0561 0.0674302 0.000199576
101.21 12.9885 -0.0104973 -0.250884 57.0638 0.0674291 0.000188018
101.22 12.99 -0.0117622 -0.250307 57.0714 0.0674281 0.000176366
101.23 12.9915 -0.0130376 -0.249737 57.0791 0.0674272 0.000164622
101.24 12.9929 -0.0143236 -0.249175 57.0867 0.0674265 0.000152789
101.25 12.9944 -0.01562 -0.24862 57.0944 0.0674258 0.000140876
101.26 12.9959 -0.016927 -0.248072 57.102 0.0674253 0.00012888
101.27 12.9975 -0.0182444 -0.247532 57.1097 0.0674249 0.000116796
101.28 12.999 -0.019572 -0.246999 57.1173 0.0674245 0.000104623
101.29 13.0005 -0.02091 -0.246474 57.125 0.0674243 9.23589e-05
101.3 13.0021 -0.0222582 -0.245956 57.1326 0.0674243 8.00105e-05
101.31 13.0036 -0.0236165 -0.245445 57.1403 0.0674243 6.758e-05
101.32 13.0052 -0.0249849 -0.244943 57.1479 0.0674245 5.50678e-05
101.33 13.0068 -0.0263631 -0.244448 57.1556 0.0674247 4.24702e-05
101.34 13.0084 -0.0277512 -0.243961 57.1632 0.0674251 2.97877e-05
101.35 13.01 -0.0291489 -0.243482 57.1709 0.0674256 1.70184e-05
101.36 13.0116 -0.0305562 -0.24301 57.1786 0.0674262 4.16575e-06
101.37 13.0133 -0.0319728 -0.242547 57.1862 0.067427 -8.77065e-06
101.38 13.0149 -0.0333987 -0.242091 57.1939 0.0674278 -2.17906e-05
101.39 13.0166 -0.0348336 -0.241644 57.2015 0.0674288 -3.48894e-05
101.4 13.0182 -0.0362775 -0.241204 57.2092 0.0674299 -4.80664e-05
101.41 13.0199 -0.0377302 -0.240773 57.2168 0.067431 -6.13241e-05
101.42 13.0216 -0.0391914 -0.24035 57.2245 0.0674323 -7.46646e-05
101.43 13.0233 -0.0406611 -0.239936 57.2321 0.0674338 -8.80872e-05
101.44 13.025 -0.042139 -0.23953 57.2398 0.0674353 -0.000101591
101.45 13.0267 -0.043625 -0.239132 57.2474 0.0674369 -0.000115171
101.46 13.0284 -0.045119 -0.238742 57.2551 0.0674387 -0.00012883
101.47 13.0302 -0.0466208 -0.238361 57.2627 0.0674406 -0.000142564
101.48 13.0319 -0.0481303 -0.237989 57.2704 0.0674426 -0.000156374
101.49 13.0337 -0.0496473 -0.237625 57.278 0.0674447 -0.000170258
101.5 13.0354 -0.0511718 -0.23727 57.2857 0.0674469 -0.000184217
101.51 13.0372 -0.0527035 -0.236923 57.2933 0.0674493 -0.000198252
101.52 13.039 -0.0542424 -0.236585 57.301 0.0674517 -0.000212363
101.53 13.0408 -0.0557884 -0.236256 57.3086 0.0674543 -0.000226548
101.54 13.0426 -0.0573415 -0.235936 57.3163 0.067457 -0.000240802
101.55 13.0444 -0.0589015 -0.235625 57.3239 0.0674598 -0.000255124
101.56 13.0462 -0.0604685 -0.235322 57.3316 0.0674627 -0.000269512
101.57 13.048 -0.0620422 -0.235028 57.3393 0.0674657 -0.000283969
101.58 13.0499 -0.0636227 -0.234744 57.3469 0.0674689 -0.000298494
101.59 13.0517 -0.0652099 -0.234468 57.3546 0.0674721 -0.000313089
101.6 13.0536 -0.0668038 -0.234201 57.3622 0.0674755 -0.000327751
101.61 13.0554 -0.0684043 -0.233943 57.3699 0.0674789 -0.000342478
101.62 13.0573 -0.0700114 -0.233694 57.3775 0.0674825 -0.000357265
101.63 13.0592 -0.071625 -0.233454 57.3852 0.0674862 -0.00037211
101.64 13.0611 -0.0732451 -0.233223 57.3928 0.06749 -0.000387012
101.65 13.063 -0.0748716 -0.233001 57.4005 0.0674939 -0.000401974
101.66 13.0649 -0.0765044 -0.232788 57.4081 0.0674979 -0.000416998
101.67 13.0668 -0.0781435 -0.232584 57.4158 0.0675021 -0.00043208
101.68 13.0687 -0.0797887 -0.232389 57.4234 0.0675063 -0.000447222
101.69 13.0706 -0.0814401 -0.232204 57.4311 0.0675107 -0.000462416
101.7 13.0726 -0.0830975 -0.232028 57.4387 0.0675151 -0.000477661
101.71 13.0745 -0.0847607 -0.231861 57.4464 0.0675197 -0.000492952
101.72 13.0764 -0.0864297 -0.231703 57.454 0.0675243 -0.000508292
101.73 13.0784 -0.0881044 -0.231554 57.4617 0.0675291 -0.000523682
101.74 13.0804 -0.0897845 -0.231415 57.4693 0.067534 -0.000539126
101.75 13.0823 -0.0914699 -0.231286 57.477 0.0675389 -0.000554621
101.76 13.0843 -0.0931605 -0.231165 57.4846 0.067544 -0.000570162
101.77 13.0863 -0.0948561 -0.231054 57.4923 0.0675492 -0.000585743
101.78 13.0883 -0.0965565 -0.230953 57.4999 0.0675545 -0.000601362
101.79 13.0903 -0.0982617 -0.230861 57.5076 0.0675599 -0.000617019
101.8 13.0923 -0.0999713 -0.230779 57.5153 0.0675654 -0.000632715
101.81 13.0943 -0.101685 -0.230706 57.5229 0.067571 -0.000648453
101.82 13.0963 -0.103403 -0.230643 57.5306 0.0675766 -0.000664232
101.83 13.0983 -0.105125 -0.23059 57.5382 0.0675824 -0.000680053
101.84 13.1003 -0.106851 -0.230547 57.5459 0.0675883 -0.000695909
101.85 13.1023 -0.10858 -0.230513 57.5535 0.0675943 -0.000711823
101.86 13.1044 -0.110313 -0.230488 57.5612 0.0676004 -0.000727803
101.87 13.1064 -0.112049 -0.230474 57.5688 0.0676065 -0.000743802
101.88 13.1084 -0.113788 -0.230469 57.5765 0.0676128 -0.00075977
101.89 13.1105 -0.11553 -0.230475 57.5841 0.0676192 -0.000775728
101.9 13.1125 -0.117275 -0.23049 57.5918 0.0676256 -0.000791735
101.91 13.1146 -0.119023 -0.230515 57.5994 0.0676322 -0.000807819
101.92 13.1167 -0.120773 -0.23055 57.6071 0.0676388 -0.000823956
101.93 13.1187 -0.122526 -0.230595 57.6147 0.0676456 -0.000840099
101.94 13.1208 -0.124282 -0.23065 57.6224 0.0676524 -0.000856225
101.95 13.1229 -0.12604 -0.230714 57.63 0.0676594 -0.000872349
101.96 13.1249 -0.1278 -0.230789 57.6377 0.0676664 -0.000888508
101.97 13.127 -0.129562 -0.230874 57.6453 0.0676735 -0.000904713
101.98 13.1291 -0.131327 -0.230969 57.653 0.0676807 -0.000920952
101.99 13.1312 -0.133094 -0.231073 57.6606 0.0676879 -0.0009372
102 13.1333 -0.134863 -0.231188 57.6683 0.0676953 -0.000953443
102.01 13.1354 -0.136634 -0.231313 57.6759 0.0677028 -0.000969683
102.02 13.1375 -0.138407 -0.231448 57.6836 0.0677104 -0.000985934
102.03 13.1396 -0.140182 -0.231593 57.6912 0.067718 -0.0010022
102.04 13.1417 -0.141959 -0.231748 57.6989 0.0677257 -0.00101848
102.05 13.1438 -0.143738 -0.231913 57.7066 0.0677335 -0.00103477
102.06 13.1459 -0.145519 -0.232089 57.7142 0.0677414 -0.00105106
102.07 13.148 -0.147301 -0.232274 57.7219 0.0677494 -0.00106735
102.08 13.1501 -0.149085 -0.232469 57.7295 0.0677575 -0.00108365
102.09 13.1522 -0.15087 -0.232675 57.7372 0.0677656 -0.00109993
102.1 13.1543 -0.152656 -0.23289 57.7448 0.0677738 -0.00111621
102.11 13.1564 -0.154444 -0.233116 57.7525 0.0677821 -0.00113248
102.12 13.1585 -0.156233 -0.233351 57.7601 0.0677905 -0.00114875
102.13 13.1606 -0.158022 -0.233597 57.7678 0.067799 -0.00116502
102.14 13.1628 -0.159812 -0.233853 57.7754 0.0678075 -0.00118128
102.15 13.1649 -0.161603 -0.234119 57.7831 0.0678162 -0.00119755
102.16 13.167 -0.163394 -0.234395 57.7907 0.0678249 -0.00121379
102.17 13.1691 -0.165186 -0.234681 57.7984 0.0678337 -0.00123
102.18 13.1712 -0.166978 -0.234977 57.806 0.0678425 -0.00124619
102.19 13.1733 -0.168769 -0.235284 57.8137 0.0678514 -0.00126237
102.2 13.1755 -0.17056 -0.2356 57.8213 0.0678604 -0.00127854
102.21 13.1776 -0.172351 -0.235927 57.829 0.0678695 -0.00129471
102.22 13.1797 -0.174141 -0.236263 57.8366 0.0678787 -0.00131086
102.23 13.1818 -0.17593 -0.23661 57.8443 0.0678879 -0.00132698
102.24 13.1839 -0.177718 -0.236967 57.8519 0.0678972 -0.00134307
102.25 13.1861 -0.179505 -0.237334 57.8596 0.0679066 -0.00135912
102.26 13.1882 -0.181291 -0.237711 57.8672 0.0679161 -0.00137514
102.27 13.1903 -0.183075 -0.238099 57.8749 0.0679256 -0.00139114
102.28 13.1924 -0.184858 -0.238496 57.8825 0.0679351 -0.00140713
102.29 13.1945 -0.186639 -0.238904 57.8902 0.0679448 -0.00142309
102.3 13.1966 -0.188418 -0.239321 57.8978 0.0679545 -0.00143902
102.31 13.1987 -0.190195 -0.239749 57.9055 0.0679643 -0.00145491
102.32 13.2008 -0.191971 -0.240187 57.9131 0.0679742 -0.00147076
102.33 13.2029 -0.193744 -0.240634 57.9208 0.0679841 -0.00148656
102.34 13.2051 -0.195516 -0.241092 57.9285 0.0679941 -0.00150232
102.35 13.2072 -0.197285 -0.24156 57.9361 0.0680041 -0.00151805
102.36 13.2093 -0.199052 -0.242038 57.9438 0.0680142 -0.00153375
102.37 13.2113 -0.200817 -0.242526 57.9514 0.0680244 -0.00154943
102.38 13.2134 -0.202579 -0.243024 57.9591 0.0680346 -0.00156505
102.39 13.2155 -0.204339 -0.243532 57.9667 0.068045 -0.00158063
102.4 13.2176 -0.206097 -0.24405 57.9744 0.0680553 -0.00159614
102.41 13.2197 -0.207852 -0.244578 57.982 0.0680657 -0.0016116
102.42 13.2218 -0.209605 -0.245116 57.9897 0.0680762 -0.00162702
102.43 13.2239 -0.211355 -0.245664 57.9973 0.0680867 -0.00164239
102.44 13.2259 -0.213103 -0.246221 58.005 0.0680973 -0.00165774
102.45 13.228 -0.214848 -0.246789 58.0126 0.068108 -0.00167303
102.46 13.2301 -0.21659 -0.247367 58.0203 0.0681187 -0.00168827
102.47 13.2321 -0.218329 -0.247954 58.0279 0.0681294 -0.00170346
102.48 13.2342 -0.220065 -0.248552 58.0356 0.0681401 -0.00171858
102.49 13.2363 -0.221797 -0.249159 58.0432 0.068151 -0.00173363
102.5 13.2383 -0.223527 -0.249776 58.0509 0.0681619 -0.00174861
102.51 13.2403 -0.225252 -0.250403 58.0585 0.0681728 -0.00176356
102.52 13.2424 -0.226974 -0.25104 58.0662 0.0681838 -0.00177846
102.53 13.2444 -0.228692 -0.251687 58.0738 0.0681949 -0.00179331
102.54 13.2464 -0.230407 -0.252344 58.0815 0.068206 -0.00180809
102.55 13.2485 -0.232117 -0.25301 58.0891 0.0682172 -0.0018228
102.56 13.2505 -0.233823 -0.253687 58.0968 0.0682284 -0.00183744
102.57 13.2525 -0.235524 -0.254373 58.1044 0.0682396 -0.00185201
102.58 13.2545 -0.23722 -0.255069 58.1121 0.0682509 -0.00186652
102.59 13.2565 -0.238912 -0.255775 58.1197 0.0682622 -0.00188099
102.6 13.2585 -0.240599 -0.25649 58.1274 0.0682736 -0.00189539
102.61 13.2605 -0.242281 -0.257215 58.135 0.068285 -0.00190973
102.62 13.2625 -0.243957 -0.25795 58.1427 0.0682965 -0.001924
102.63 13.2644 -0.245628 -0.258694 58.1503 0.068308 -0.00193818
102.64 13.2664 -0.247293 -0.259448 58.158 0.0683195 -0.00195229
102.65 13.2684 -0.248952 -0.260211 58.1656 0.0683311 -0.00196633
102.66 13.2703 -0.250606 -0.260984 58.1733 0.0683427 -0.00198031
102.67 13.2723 -0.252253 -0.261766 58.1809 0.0683543 -0.00199423
102.68 13.2742 -0.253895 -0.262558 58.1886 0.068366 -0.00200808
102.69 13.2762 -0.25553 -0.263359 58.1962 0.0683778 -0.00202186
102.7 13.2781 -0.257159 -0.264169 58.2039 0.0683895 -0.00203556
102.71 13.28 -0.258782 -0.264988 58.2115 0.0684013 -0.00204916
102.72 13.2819 -0.260398 -0.265817 58.2192 0.0684132 -0.00206269
102.73 13.2838 -0.262008 -0.266655 58.2268 0.068425 -0.00207615
102.74 13.2857 -0.263612 -0.267502 58.2345 0.0684369 -0.00208953
102.75 13.2876 -0.265209 -0.268358 58.2422 0.0684489 -0.00210285
102.76 13.2895 -0.266799 -0.269223 58.2498 0.0684609 -0.0021161
102.77 13.2914 -0.268383 -0.270098 58.2575 0.0684729 -0.00212927
102.78 13.2932 -0.26996 -0.270981 58.2651 0.0684849 -0.00214234
102.79 13.2951 -0.271531 -0.271873 58.2728 0.068497 -0.00215532
102.8 13.2969 -0.273095 -0.272774 58.2804 0.0685091 -0.00216822
102.81 13.2988 -0.274652 -0.273683 58.2881 0.0685212 -0.00218104
102.82 13.3006 -0.276202 -0.274602 58.2957 0.0685334 -0.00219379
102.83 13.3024 -0.277746 -0.275529 58.3034 0.0685456 -0.00220646
102.84 13.3042 -0.279283 -0.276465 58.311 0.0685578 -0.00221906
102.85 13.306 -0.280812 -0.27741 58.3187 0.06857 -0.00223156
102.86 13.3078 -0.282335 -0.278363 58.3263 0.0685823 -0.00224397
102.87 13.3096 -0.283851 -0.279325 58.334 0.0685946 -0.00225628
102.88 13.3114 -0.28536 -0.280295 58.3416 0.0686069 -0.0022685
102.89 13.3132 -0.286861 -0.281274 58.3493 0.0686193 -0.00228065
102.9 13.3149 -0.288355 -0.282262 58.3569 0.0686316 -0.00229272
102.91 13.3167 -0.289841 -0.283258 58.3646 0.068644 -0.00230471
102.92 13.3184 -0.291319 -0.284262 58.3722 0.0686565 -0.00231661
102.93 13.3201 -0.29279 -0.285275 58.3799 0.0686689 -0.00232842
102.94 13.3219 -0.294253 -0.286296 58.3875 0.0686814 -0.00234012
102.95 13.3236 -0.295707 -0.287325 58.3952 0.0686939 -0.00235172
102.96 13.3253 -0.297154 -0.288363 58.4028 0.0687064 -0.00236324
102.97 13.327 -0.298591 -0.289409 58.4105 0.0687189 -0.00237468
102.98 13.3286 -0.300021 -0.290464 58.4181 0.0687314 -0.00238604
102.99 13.3303 -0.301441 -0.291526 58.4258 0.068744 -0.00239731
103 13.332 -0.302853 -0.292597 58.4334 0.0687566 -0.00240849
103.01 13.3336 -0.304256 -0.293676 58.4411 0.0687692 -0.00241956
103.02 13.3352 -0.30565 -0.294763 58.4487 0.0687818 -0.00243052
103.03 13.3369 -0.307035 -0.295858 58.4564 0.0687945 -0.00244139
103.04 13.3385 -0.30841 -0.296961 58.464 0.0688071 -0.00245217
103.05 13.3401 -0.309776 -0.298073 58.4717 0.0688198 -0.00246287
103.06 13.3417 -0.311132 -0.299191 58.4793 0.0688325 -0.00247348
103.07 13.3433 -0.312479 -0.300318 58.487 0.0688452 -0.002484
103.08 13.3448 -0.313817 -0.301453 58.4946 0.0688579 -0.00249442
103.09 13.3464 -0.315145 -0.302595 58.5023 0.0688707 -0.00250473
103.1 13.348 -0.316463 -0.303745 58.5099 0.0688834 -0.00251493
103.11 13.3495 -0.317772 -0.304902 58.5176 0.0688962 -0.00252503
103.12 13.351 -0.319071 -0.306067 58.5252 0.0689089 -0.00253504
103.13 13.3525 -0.32036 -0.307239 58.5329 0.0689217 -0.00254496
103.14 13.354 -0.321639 -0.308418 58.5405 0.0689345 -0.0025548
103.15 13.3555 -0.322909 -0.309605 58.5482 0.0689473 -0.00256454
103.16 13.357 -0.324169 -0.310799 58.5558 0.0689602 -0.00257417
103.17 13.3585 -0.32542 -0.312 58.5635 0.068973 -0.00258368
103.18 13.3599 -0.32666 -0.313207 58.5711 0.0689859 -0.00259308
103.19 13.3614 -0.327891 -0.314422 58.5788 0.0689987 -0.00260238
103.2 13.3628 -0.329113 -0.315644 58.5864 0.0690116 -0.00261159
103.21 13.3642 -0.330324 -0.316872 58.5941 0.0690244 -0.00262072
103.22 13.3656 -0.331526 -0.318107 58.6017 0.0690373 -0.00262974
103.23 13.367 -0.332717 -0.319349 58.6094 0.0690502 -0.00263866
103.24 13.3684 -0.3339 -0.320598 58.617 0.0690631 -0.00264747
103.25 13.3698 -0.335072 -0.321853 58.6247 0.069076 -0.00265615
103.26 13.3712 -0.336234 -0.323114 58.6323 0.0690889 -0.00266473
103.27 13.3725 -0.337386 -0.324382 58.64 0.0691019 -0.00267321
103.28 13.3738 -0.338528 -0.325656 58.6476 0.0691148 -0.00268159
103.29 13.3752 -0.339659 -0.326937 58.6553 0.0691277 -0.00268988
103.3 13.3765 -0.340781 -0.328224 58.6629 0.0691406 -0.00269807
103.31 13.3778 -0.341892 -0.329517 58.6706 0.0691536 -0.00270615
103.32 13.3791 -0.342992 -0.330816 58.6782 0.0691665 -0.0027141
103.33 13.3803 -0.344082 -0.332121 58.6859 0.0691794 -0.00272194
103.34 13.3816 -0.345161 -0.333432 58.6935 0.0691924 -0.00272966
103.35 13.3828 -0.346229 -0.334749 58.7012 0.0692053 -0.00273729
103.36 13.3841 -0.347286 -0.336072 58.7088 0.0692182 -0.00274481
103.37 13.3853 -0.348332 -0.337401 58.7165 0.0692312 -0.00275224
103.38 13.3865 -0.349367 -0.338735 58.7241 0.0692441 -0.00275957
103.39 13.3877 -0.35039 -0.340076 58.7318 0.069257 -0.00276679
103.4 13.3889 -0.351401 -0.341422 58.7394 0.0692699 -0.00277389
103.41 13.3901 -0.352402 -0.342773 58.7471 0.0692828 -0.00278085
103.42 13.3912 -0.35339 -0.34413 58.7547 0.0692957 -0.00278769
103.43 13.3924 -0.354367 -0.345493 58.7624 0.0693086 -0.00279442
103.44 13.3935 -0.355332 -0.346861 58.77 0.0693215 -0.00280107
103.45 13.3946 -0.356285 -0.348234 58.7777 0.0693344 -0.00280761
103.46 13.3957 -0.357226 -0.349612 58.7853 0.0693473 -0.00281405
103.47 13.3968 -0.358156 -0.350996 58.793 0.0693601 -0.00282036
103.48 13.3979 -0.359074 -0.352385 58.8006 0.069373 -0.00282655
103.49 13.3989 -0.359979 -0.353779 58.8083 0.0693859 -0.00283262
103.5 13.4 -0.360874 -0.355177 58.816 0.0693987 -0.00283857
103.51 13.401 -0.361756 -0.356581 58.8236 0.0694115 -0.00284441
103.52 13.402 -0.362627 -0.35799 58.8313 0.0694243 -0.00285015
103.53 13.4031 -0.363485 -0.359403 58.8389 0.0694371 -0.00285579
103.54 13.4041 -0.364333 -0.360821 58.8466 0.0694499 -0.00286131
103.55 13.405 -0.365168 -0.362243 58.8542 0.0694627 -0.0028667
103.56 13.406 -0.365992 -0.36367 58.8619 0.0694754 -0.00287197
103.57 13.407 -0.366805 -0.365101 58.8695 0.0694882 -0.00287712
103.58 13.4079 -0.367606 -0.366537 58.8772 0.0695009 -0.00288215
103.59 13.4088 -0.368395 -0.367976 58.8848 0.0695136 -0.00288707
103.6 13.4097 -0.369173 -0.36942 58.8925 0.0695263 -0.00289188
103.61 13.4106 -0.36994 -0.370868 58.9001 0.069539 -0.00289658
103.62 13.4115 -0.370695 -0.37232 58.9078 0.0695517 -0.00290116
103.63 13.4124 -0.371438 -0.373775 58.9154 0.0695643 -0.00290562
103.64 13.4133 -0.37217 -0.375235 58.9231 0.069577 -0.00290995
103.65 13.4141 -0.37289 -0.376698 58.9307 0.0695896 -0.00291415
103.66 13.4149 -0.373599 -0.378164 58.9384 0.0696022 -0.00291823
103.67 13.4157 -0.374296 -0.379634 58.946 0.0696147 -0.0029222
103.68 13.4165 -0.374981 -0.381108 58.9537 0.0696273 -0.00292605
103.69 13.4173 -0.375654 -0.382585 58.9613 0.0696398 -0.0029298
103.7 13.4181 -0.376315 -0.384065 58.969 0.0696523 -0.00293342
103.71 13.4189 -0.376965 -0.385548 58.9766 0.0696648 -0.00293692
103.72 13.4196 -0.377602 -0.387035 58.9843 0.0696773 -0.00294027
103.73 13.4204 -0.378228 -0.388525 58.9919 0.0696898 -0.0029435
103.74 13.4211 -0.378841 -0.390017 58.9996 0.0697022 -0.00294661
103.75 13.4218 -0.379442 -0.391512 59.0072 0.0697146 -0.00294961
103.76 13.4225 -0.380031 -0.393011 59.0149 0.069727 -0.00295249
103.77 13.4232 -0.380607 -0.394512 59.0225 0.0697394 -0.00295526
103.78 13.4238 -0.381171 -0.396015 59.0302 0.0697517 -0.0029579
103.79 13.4245 -0.381722 -0.397521 59.0378 0.069764 -0.0029604
103.8 13.4251 -0.382261 -0.39903 59.0455 0.0697763 -0.00296276
103.81 13.4257 -0.382787 -0.400541 59.0531 0.0697886 -0.002965
103.82 13.4263 -0.383301 -0.402054 59.0608 0.0698008 -0.00296712
103.83 13.4269 -0.383803 -0.403569 59.0684 0.0698131 -0.00296912
103.84 13.4275 -0.384291 -0.405087 59.0761 0.0698253 -0.00297101
103.85 13.4281 -0.384768 -0.406607 59.0837 0.0698374 -0.00297277
103.86 13.4286 -0.385232 -0.408128 59.0914 0.0698496 -0.0029744
103.87 13.4292 -0.385683 -0.409652 59.099 0.0698617 -0.00297589
103.88 13.4297 -0.386122 -0.411177 59.1067 0.0698738 -0.00297724
103.89 13.4302 -0.386549 -0.412704 59.1143 0.0698859 -0.00297847
103.9 13.4307 -0.386964 -0.414232 59.122 0.0698979 -0.00297954
103.91 13.4312 -0.387366 -0.415762 59.1296 0.0699099 -0.00298046
103.92 13.4317 -0.387757 -0.417294 59.1373 0.0699218 -0.00298125
103.93 13.4321 -0.388135 -0.418826 59.1449 0.0699338 -0.00298198
103.94 13.4326 -0.388501 -0.42036 59.1526 0.0699457 -0.00298262
103.95 13.433 -0.388855 -0.421895 59.1602 0.0699576 -0.00298311
103.96 13.4334 -0.389197 -0.423431 59.1679 0.0699695 -0.00298341
103.97 13.4338 -0.389527 -0.424968 59.1755 0.0699813 -0.00298356
103.98 13.4342 -0.389846 -0.426506 59.1832 0.0699931 -0.0029836
103.99 13.4346 -0.390153 -0.428044 59.1908 0.0700049 -0.00298353
104 13.4349 -0.390448 -0.429583 59.1985 0.0700166 -0.00298336
104.01 13.4353 -0.390731 -0.431123 59.2061 0.0700283 -0.00298303
104.02 13.4356 -0.391003 -0.432663 59.2138 0.07004 -0.00298254
104.03 13.4359 -0.391263 -0.434204 59.2215 0.0700516 -0.00298191
104.04 13.4362 -0.391512 -0.435745 59.2291 0.0700632 -0.00298116
104.05 13.4365 -0.391749 -0.437286 59.2368 0.0700748 -0.0029803
104.06 13.4368 -0.391974 -0.438827 59.2444 0.0700863 -0.0029793
104.07 13.4371 -0.392187 -0.440368 59.2521 0.0700978 -0.00297817
104.08 13.4373 -0.392389 -0.44191 59.2597 0.0701093 -0.00297689
104.09 13.4376 -0.392579 -0.443451 59.2674 0.0701207 -0.00297547
104.1 13.4378 -0.392757 -0.444992 59.275 0.0701321 -0.00297393
104.11 13.438 -0.392924 -0.446532 59.2827 0.0701435 -0.00297226
104.12 13.4382 -0.393078 -0.448072 59.2903 0.0701548 -0.00297046
104.13 13.4384 -0.393221 -0.449612 59.298 0.0701661 -0.00296852
104.14 13.4386 -0.393351 -0.451151 59.3056 0.0701774 -0.00296645
104.15 13.4388 -0.39347 -0.452689 59.3133 0.0701886 -0.00296424
104.16 13.4389 -0.393577 -0.454227 59.3209 0.0701998 -0.0029619
104.17 13.4391 -0.393671 -0.455764 59.3286 0.070211 -0.00295943
104.18 13.4392 -0.393754 -0.4573 59.3362 0.0702221 -0.00295683
104.19 13.4393 -0.393824 -0.458835 59.3439 0.0702332 -0.00295409
104.2 13.4394 -0.393883 -0.460368 59.3515 0.0702443 -0.00295122
104.21 13.4395 -0.39393 -0.461901 59.3592 0.0702553 -0.00294822
104.22 13.4396 -0.393964 -0.463432 59.3668 0.0702663 -0.00294509
104.23 13.4396 -0.393987 -0.464962 59.3745 0.0702773 -0.00294183
104.24 13.4397 -0.393998 -0.46649 59.3821 0.0702882 -0.00293844
104.25 13.4397 -0.393997 -0.468016 59.3898 0.0702991 -0.00293491
104.26 13.4397 -0.393985 -0.469541 59.3974 0.07031 -0.00293125
104.27 13.4397 -0.393961 -0.471064 59.4051 0.0703208 -0.00292746
104.28 13.4397 -0.393925 -0.472586 59.4127 0.0703316 -0.00292354
104.29 13.4397 -0.393878 -0.474105 59.4204 0.0703424 -0.00291949
104.3 13.4397 -0.393819 -0.475622 59.428 0.0703531 -0.00291532
104.31 13.4397 -0.393749 -0.477136 59.4357 0.0703638 -0.00291101
104.32 13.4396 -0.393668 -0.478649 59.4434 0.0703744 -0.00290657
104.33 13.4395 -0.393576 -0.480159 59.451 0.070385 -0.002902
104.34 13.4395 -0.393473 -0.481666 59.4587 0.0703956 -0.00289731
104.35 13.4394 -0.393359 -0.483171 59.4663 0.0704062 -0.00289248
104.36 13.4393 -0.393234 -0.484673 59.474 0.0704167 -0.00288753
104.37 13.4392 -0.393098 -0.486173 59.4816 0.0704272 -0.00288246
104.38 13.439 -0.392952 -0.487669 59.4893 0.0704376 -0.00287725
104.39 13.4389 -0.392795 -0.489162 59.4969 0.070448 -0.00287192
104.4 13.4388 -0.392627 -0.490653 59.5046 0.0704584 -0.00286646
104.41 13.4386 -0.392449 -0.49214 59.5122 0.0704687 -0.00286088
104.42 13.4384 -0.39226 -0.493623 59.5199 0.070479 -0.00285516
104.43 13.4383 -0.39206 -0.495104 59.5275 0.0704893 -0.00284933
104.44 13.4381 -0.39185 -0.496581 59.5352 0.0704995 -0.00284337
104.45 13.4379 -0.39163 -0.498054 59.5428 0.0705097 -0.00283729
104.46 13.4376 -0.391399 -0.499524 59.5505 0.0705198 -0.00283109
104.47 13.4374 -0.391158 -0.50099 59.5581 0.0705299 -0.00282476
104.48 13.4372 -0.390906 -0.502452 59.5658 0.07054 -0.00281831
104.49 13.4369 -0.390643 -0.50391 59.5734 0.07055 -0.00281174
104.5 13.4367 -0.39037 -0.505365 59.5811 0.07056 -0.00280505
104.51 13.4364 -0.390087 -0.506815 59.5887 0.07057 -0.00279824
104.52 13.4361 -0.389793 -0.508261 59.5964 0.0705799 -0.00279131
104.53 13.4358 -0.389488 -0.509703 59.6041 0.0705898 -0.00278426
104.54 13.4355 -0.389173 -0.51114 59.6117 0.0705996 -0.0027771
104.55 13.4352 -0.388848 -0.512573 59.6194 0.0706095 -0.00276982
104.56 13.4349 -0.388511 -0.514002 59.627 0.0706192 -0.00276242
104.57 13.4345 -0.388165 -0.515426 59.6347 0.070629 -0.0027549
104.58 13.4342 -0.387808 -0.516845 59.6423 0.0706386 -0.00274727
104.59 13.4338 -0.38744 -0.51826 59.65 0.0706483 -0.00273952
104.6 13.4335 -0.387062 -0.51967 59.6576 0.0706579 -0.00273167
104.61 13.4331 -0.386674 -0.521075 59.6653 0.0706675 -0.0027237
104.62 13.4327 -0.386275 -0.522474 59.6729 0.070677 -0.00271562
104.63 13.4323 -0.385867 -0.523869 59.6806 0.0706865 -0.00270743
104.64 13.4319 -0.385448 -0.525258 59.6882 0.070696 -0.00269913
104.65 13.4315 -0.385019 -0.526642 59.6959 0.0707054 -0.00269072
104.66 13.431 -0.38458 -0.528021 59.7035 0.0707148 -0.0026822
104.67 13.4306 -0.384132 -0.529394 59.7112 0.0707241 -0.00267357
104.68 13.4302 -0.383673 -0.530762 59.7188 0.0707334 -0.00266484
104.69 13.4297 -0.383205 -0.532124 59.7265 0.0707426 -0.00265601
104.7 13.4292 -0.382728 -0.533479 59.7341 0.0707519 -0.00264707
104.71 13.4288 -0.382241 -0.53483 59.7418 0.070761 -0.00263802
104.72 13.4283 -0.381745 -0.536174 59.7495 0.0707702 -0.00262887
104.73 13.4278 -0.38124 -0.537512 59.7571 0.0707793 -0.00261962
104.74 13.4273 -0.380726 -0.538843 59.7648 0.0707883 -0.00261027
104.75 13.4268 -0.380202 -0.540169 59.7724 0.0707973 -0.00260082
104.76 13.4262 -0.37967 -0.541488 59.7801 0.0708063 -0.00259127
104.77 13.4257 -0.379129 -0.5428 59.7877 0.0708153 -0.00258162
104.78 13.4252 -0.378579 -0.544106 59.7954 0.0708242 -0.00257187
104.79 13.4246 -0.378021 -0.545406 59.803 0.070833 -0.00256203
104.8 13.4241 -0.377453 -0.546699 59.8107 0.0708418 -0.0025521
104.81 13.4235 -0.376877 -0.547985 59.8183 0.0708505 -0.00254209
104.82 13.4229 -0.376293 -0.549264 59.826 0.0708592 -0.00253199
104.83 13.4223 -0.375699 -0.550536 59.8336 0.0708678 -0.00252177
104.84 13.4218 -0.375097 -0.551801 59.8413 0.0708764 -0.00251144
104.85 13.4212 -0.374486 -0.553059 59.8489 0.070885 -0.00250097
104.86 13.4205 -0.373867 -0.55431 59.8566 0.0708936 -0.00249044
104.87 13.4199 -0.373239 -0.555553 59.8643 0.0709021 -0.00247987
104.88 13.4193 -0.372602 -0.556789 59.8719 0.0709105 -0.00246924
104.89 13.4187 -0.371956 -0.558018 59.8796 0.070919 -0.00245853
104.9 13.418 -0.371301 -0.559239 59.8872 0.0709273 -0.0024477
104.91 13.4174 -0.370639 -0.560452 59.8949 0.0709357 -0.00243676
104.92 13.4167 -0.369967 -0.561658 59.9025 0.0709439 -0.00242575
104.93 13.4161 -0.369287 -0.562856 59.9102 0.0709522 -0.00241467
104.94 13.4154 -0.368598 -0.564046 59.9178 0.0709604 -0.00240351
104.95 13.4147 -0.367901 -0.565229 59.9255 0.0709685 -0.00239227
104.96 13.414 -0.367195 -0.566403 59.9331 0.0709766 -0.00238094
104.97 13.4134 -0.366481 -0.567569 59.9408 0.0709847 -0.00236954
104.98 13.4127 -0.365758 -0.568727 59.9484 0.0709927 -0.00235808
104.99 13.412 -0.365027 -0.569877 59.9561 0.0710007 -0.00234655
105 13.4112 -0.364287 -0.571018 59.9638 0.0710086 -0.00233494
105.01 13.4105 -0.36354 -0.572151 59.9714 0.0710165 -0.00232324
105.02 13.4098 -0.362785 -0.573276 59.9791 0.0710243 -0.00231146
105.03 13.4091 -0.362021 -0.574392 59.9867 0.0710321 -0.00229962
105.04 13.4083 -0.36125 -0.575499 59.9944 0.0710399 -0.00228773
105.05 13.4076 -0.36047 -0.576598 60.002 0.0710476 -0.00227578
105.06 13.4068 -0.359683 -0.577687 60.0097 0.0710553 -0.00226376
105.07 13.4061 -0.358889 -0.578768 60.0173 0.0710629 -0.00225164
105.08 13.4053 -0.358087 -0.57984 60.025 0.0710705 -0.00223941
105.09 13.4046 -0.357278 -0.580902 60.0326 0.071078 -0.00222712
105.1 13.4038 -0.356462 -0.581956 60.0403 0.0710856 -0.00221483
105.11 13.403 -0.355639 -0.583 60.0479 0.071093 -0.00220253
105.12 13.4022 -0.354808 -0.584035 60.0556 0.0711005 -0.00219017
105.13 13.4014 -0.353972 -0.585061 60.0633 0.0711078 -0.0021777
105.14 13.4006 -0.353128 -0.586077 60.0709 0.0711152 -0.00216514
105.15 13.3998 -0.352278 -0.587084 60.0786 0.0711225 -0.00215253
105.16 13.399 -0.351421 -0.588081 60.0862 0.0711298 -0.00213989
105.17 13.3982 -0.350558 -0.589068 60.0939 0.071137 -0.00212722
105.18 13.3974 -0.349688 -0.590045 60.1015 0.0711442 -0.00211448
105.19 13.3966 -0.348813 -0.591013 60.1092 0.0711514 -0.00210167
105.2 13.3957 -0.347931 -0.591971 60.1168 0.0711585 -0.00208881
105.21 13.3949 -0.347043 -0.592919 60.1245 0.0711656 -0.0020759
105.22 13.3941 -0.346148 -0.593857 60.1321 0.0711727 -0.00206296
105.23 13.3932 -0.345248 -0.594785 60.1398 0.0711797 -0.00204997
105.24 13.3924 -0.344341 -0.595703 60.1475 0.0711867 -0.00203693
105.25 13.3915 -0.343429 -0.59661 60.1551 0.0711936 -0.00202384
105.26 13.3907 -0.34251 -0.597507 60.1628 0.0712005 -0.00201069
105.27 13.3898 -0.341586 -0.598395 60.1704 0.0712074 -0.00199752
105.28 13.389 -0.340655 -0.599271 60.1781 0.0712142 -0.00198432
105.29 13.3881 -0.339719 -0.600137 60.1857 0.071221 -0.00197107
105.3 13.3872 -0.338776 -0.600993 60.1934 0.0712278 -0.00195778
105.31 13.3864 -0.337828 -0.601838 60.201 0.0712345 -0.00194445
105.32 13.3855 -0.336874 -0.602673 60.2087 0.0712412 -0.00193109
105.33 13.3846 -0.335914 -0.603497 60.2163 0.0712479 -0.00191769
105.34 13.3837 -0.334948 -0.60431 60.224 0.0712545 -0.00190426
105.35 13.3828 -0.333976 -0.605113 60.2317 0.0712611 -0.0018908
105.36 13.382 -0.332999 -0.605904 60.2393 0.0712677 -0.00187731
105.37 13.3811 -0.332016 -0.606685 60.247 0.0712742 -0.00186379
105.38 13.3802 -0.331027 -0.607454 60.2546 0.0712807 -0.00185024
105.39 13.3793 -0.330033 -0.608213 60.2623 0.0712871 -0.00183667
105.4 13.3784 -0.329033 -0.60896 60.2699 0.0712935 -0.00182307
105.41 13.3775 -0.328028 -0.609696 60.2776 0.0712999 -0.00180944
105.42 13.3766 -0.327018 -0.610421 60.2852 0.0713063 -0.0017958
105.43 13.3757 -0.326003 -0.611135 60.2929 0.0713126 -0.00178212
105.44 13.3747 -0.324982 -0.611837 60.3006 0.0713189 -0.00176843
105.45 13.3738 -0.323957 -0.612528 60.3082 0.0713252 -0.00175472
105.46 13.3729 -0.322926 -0.613207 60.3159 0.0713314 -0.001741
105.47 13.372 -0.321891 -0.613874 60.3235 0.0713376 -0.00172725
105.48 13.3711 -0.320852 -0.61453 60.3312 0.0713437 -0.00171349
105.49 13.3702 -0.319808 -0.615174 60.3388 0.0713499 -0.00169971
105.5 13.3692 -0.318759 -0.615806 60.3465 0.071356 -0.00168591
105.51 13.3683 -0.317707 -0.616426 60.3541 0.071362 -0.00167211
105.52 13.3674 -0.31665 -0.617034 60.3618 0.0713681 -0.00165829
105.53 13.3665 -0.315589 -0.617631 60.3694 0.0713741 -0.00164445
105.54 13.3655 -0.314524 -0.618215 60.3771 0.07138 -0.00163061
105.55 13.3646 -0.313455 -0.618787 60.3848 0.071386 -0.00161676
105.56 13.3637 -0.312383 -0.619347 60.3924 0.0713919 -0.00160291
105.57 13.3627 -0.311306 -0.619894 60.4001 0.0713978 -0.00158904
105.58 13.3618 -0.310226 -0.62043 60.4077 0.0714036 -0.00157517
105.59 13.3609 -0.309143 -0.620953 60.4154 0.0714095 -0.00156128
105.6 13.3599 -0.308056 -0.621464 60.423 0.0714152 -0.0015474
105.61 13.359 -0.306965 -0.621962 60.4307 0.071421 -0.00153351
105.62 13.3581 -0.305871 -0.622449 60.4383 0.0714267 -0.00151962
105.63 13.3571 -0.304774 -0.622923 60.446 0.0714324 -0.00150573
105.64 13.3562 -0.303673 -0.623384 60.4537 0.0714381 -0.00149184
105.65 13.3553 -0.302569 -0.623833 60.4613 0.0714437 -0.00147795
105.66 13.3543 -0.301461 -0.62427 60.469 0.0714493 -0.00146405
105.67 13.3534 -0.30035 -0.624694 60.4766 0.0714549 -0.00145015
105.68 13.3525 -0.299236 -0.625105 60.4843 0.0714604 -0.00143626
105.69 13.3515 -0.298118 -0.625504 60.4919 0.0714659 -0.00142237
105.7 13.3506 -0.296997 -0.625891 60.4996 0.0714714 -0.00140849
105.71 13.3497 -0.295873 -0.626265 60.5072 0.0714769 -0.00139462
105.72 13.3487 -0.294745 -0.626626 60.5149 0.0714823 -0.00138075
105.73 13.3478 -0.293615 -0.626974 60.5226 0.0714877 -0.00136687
105.74 13.3468 -0.292481 -0.62731 60.5302 0.0714932 -0.00135298
105.75 13.3459 -0.291344 -0.627632 60.5379 0.0714986 -0.00133911
105.76 13.345 -0.290205 -0.627943 60.5455 0.071504 -0.00132526
105.77 13.3441 -0.289062 -0.62824 60.5532 0.0715093 -0.00131144
105.78 13.3431 -0.287917 -0.628524 60.5608 0.0715145 -0.00129762
105.79 13.3422 -0.286769 -0.628796 60.5685 0.0715198 -0.0012838
105.8 13.3413 -0.285618 -0.629055 60.5762 0.071525 -0.00126997
105.81 13.3403 -0.284465 -0.6293 60.5838 0.0715302 -0.00125615
105.82 13.3394 -0.283309 -0.629533 60.5915 0.0715354 -0.00124235
105.83 13.3385 -0.282151 -0.629752 60.5991 0.0715406 -0.00122857
105.84 13.3376 -0.280991 -0.629959 60.6068 0.0715457 -0.0012148
105.85 13.3367 -0.279828 -0.630152 60.6144 0.0715508 -0.00120103
105.86 13.3357 -0.278664 -0.630332 60.6221 0.0715559 -0.00118727
105.87 13.3348 -0.277497 -0.630498 60.6297 0.071561 -0.00117353
105.88 13.3339 -0.276329 -0.630652 60.6374 0.0715661 -0.00115979
105.89 13.333 -0.275159 -0.630792 60.6451 0.0715711 -0.00114606
105.9 13.3321 -0.273987 -0.630919 60.6527 0.0715761 -0.00113235
105.91 13.3312 -0.272814 -0.631032 60.6604 0.0715811 -0.00111865
105.92 13.3303 -0.271639 -0.631132 60.668 0.0715861 -0.00110496
105.93 13.3293 -0.270463 -0.631219 60.6757 0.071591 -0.00109129
105.94 13.3284 -0.269285 -0.631292 60.6833 0.071596 -0.00107763
105.95 13.3275 -0.268107 -0.631351 60.691 0.0716009 -0.00106398
105.96 13.3266 -0.266927 -0.631397 60.6987 0.0716058 -0.00105033
105.97 13.3257 -0.265746 -0.63143 60.7063 0.0716106 -0.00103669
105.98 13.3248 -0.264564 -0.631449 60.714 0.0716155 -0.00102308
105.99 13.324 -0.263381 -0.631454 60.7216 0.0716203 -0.00100944
106 13.3231 -0.262197 -0.631446 60.7293 0.0716251 -0.000995772
106.01 13.3222 -0.261012 -0.631424 60.7369 0.0716299 -0.000982121
106.02 13.3213 -0.259827 -0.631388 60.7446 0.0716346 -0.000968552
106.03 13.3204 -0.25864 -0.631339 60.7523 0.0716394 -0.000955047
106.04 13.3195 -0.257452 -0.631276 60.7599 0.0716441 -0.000941536
106.05 13.3186 -0.256264 -0.631199 60.7676 0.0716487 -0.000927984
106.06 13.3178 -0.255074 -0.631109 60.7752 0.0716534 -0.000914413
106.07 13.3169 -0.253884 -0.631005 60.7829 0.071658 -0.000900869
106.08 13.316 -0.252693 -0.630887 60.7905 0.0716626 -0.00088737
106.09 13.3151 -0.251501 -0.630756 60.7982 0.0716672 -0.000873894
106.1 13.3143 -0.250308 -0.630611 60.8059 0.0716717 -0.00086041
106.11 13.3134 -0.249114 -0.630452 60.8135 0.0716763 -0.000846911
106.12 13.3125 -0.24792 -0.63028 60.8212 0.0716808 -0.000833417
106.13 13.3117 -0.246724 -0.630094 60.8288 0.0716852 -0.000819951
106.14 13.3108 -0.245528 -0.629895 60.8365 0.0716897 -0.000806517
106.15 13.31 -0.244331 -0.629682 60.8441 0.0716941 -0.000793097
106.16 13.3091 -0.243133 -0.629456 60.8518 0.0716985 -0.000779671
106.17 13.3083 -0.241935 -0.629216 60.8595 0.0717028 -0.000766238
106.18 13.3074 -0.240736 -0.628962 60.8671 0.0717071 -0.000752812
106.19 13.3066 -0.239537 -0.628695 60.8748 0.0717114 -0.000739408
106.2 13.3057 -0.238337 -0.628414 60.8824 0.0717157 -0.00072603
106.21 13.3049 -0.237136 -0.62812 60.8901 0.0717199 -0.000712668
106.22 13.3041 -0.235936 -0.627812 60.8977 0.0717241 -0.000699312
106.23 13.3032 -0.234735 -0.627491 60.9054 0.0717282 -0.000685957
106.24 13.3024 -0.233534 -0.627156 60.9131 0.0717324 -0.000672607
106.25 13.3016 -0.232333 -0.626807 60.9207 0.0717365 -0.000659268
106.26 13.3008 -0.231132 -0.626445 60.9284 0.0717405 -0.000645944
106.27 13.2999 -0.229932 -0.626069 60.936 0.0717445 -0.000632636
106.28 13.2991 -0.228732 -0.62568 60.9437 0.0717485 -0.000619341
106.29 13.2983 -0.227532 -0.625277 60.9513 0.0717524 -0.00060606
106.3 13.2975 -0.226332 -0.624861 60.959 0.0717563 -0.000592791
106.31 13.2967 -0.225133 -0.624431 60.9667 0.0717602 -0.000579531
106.32 13.2959 -0.223935 -0.623988 60.9743 0.071764 -0.000566277
106.33 13.2951 -0.222737 -0.623531 60.982 0.0717678 -0.000553032
106.34 13.2943 -0.22154 -0.623061 60.9896 0.0717715 -0.000539798
106.35 13.2935 -0.220344 -0.622577 60.9973 0.0717752 -0.000526582
106.36 13.2927 -0.219148 -0.622079 61.0049 0.0717789 -0.000513385
106.37 13.2919 -0.217954 -0.621569 61.0126 0.0717825 -0.000500206
106.38 13.2911 -0.21676 -0.621044 61.0203 0.0717861 -0.000487037
106.39 13.2903 -0.215567 -0.620507 61.0279 0.0717896 -0.000473876
106.4 13.2895 -0.214374 -0.619956 61.0356 0.0717931 -0.000460721
106.41 13.2887 -0.213183 -0.619391 61.0432 0.0717965 -0.000447578
106.42 13.288 -0.211992 -0.618813 61.0509 0.0717999 -0.000434453
106.43 13.2872 -0.210802 -0.618222 61.0586 0.0718032 -0.00042135
106.44 13.2864 -0.209612 -0.617617 61.0662 0.0718065 -0.000408268
106.45 13.2857 -0.208423 -0.616999 61.0739 0.0718098 -0.000395203
106.46 13.2849 -0.207235 -0.616368 61.0815 0.071813 -0.000382149
106.47 13.2841 -0.206048 -0.615724 61.0892 0.0718161 -0.000369104
106.48 13.2834 -0.204861 -0.615066 61.0968 0.0718192 -0.000356072
106.49 13.2826 -0.203674 -0.614395 61.1045 0.0718222 -0.000343055
106.5 13.2819 -0.202489 -0.61371 61.1122 0.0718252 -0.000330061
106.51 13.2811 -0.201303 -0.613013 61.1198 0.0718282 -0.000317092
106.52 13.2804 -0.200119 -0.612302 61.1275 0.0718311 -0.000304146
106.53 13.2796 -0.198935 -0.611578 61.1351 0.0718339 -0.000291219
106.54 13.2789 -0.197751 -0.610841 61.1428 0.0718367 -0.000278305
106.55 13.2781 -0.196568 -0.61009 61.1505 0.0718394 -0.000265405
106.56 13.2774 -0.195386 -0.609327 61.1581 0.0718421 -0.00025252
106.57 13.2766 -0.194205 -0.608551 61.1658 0.0718447 -0.000239657
106.58 13.2759 -0.193024 -0.607761 61.1734 0.0718472 -0.000226821
106.59 13.2752 -0.191845 -0.606959 61.1811 0.0718497 -0.000214014
106.6 13.2745 -0.190666 -0.606143 61.1888 0.0718521 -0.000201232
106.61 13.2737 -0.189488 -0.605315 61.1964 0.0718545 -0.000188473
106.62 13.273 -0.188311 -0.604474 61.2041 0.0718569 -0.000175724
106.63 13.2723 -0.187136 -0.60362 61.2117 0.0718592 -0.000162981
106.64 13.2716 -0.185962 -0.602754 61.2194 0.0718614 -0.000150265
106.65 13.2708 -0.18479 -0.601874 61.227 0.0718636 -0.000137594
106.66 13.2701 -0.183619 -0.600982 61.2347 0.0718656 -0.000124967
106.67 13.2694 -0.182449 -0.600078 61.2424 0.0718676 -0.000112365
106.68 13.2687 -0.181282 -0.599161 61.25 0.0718696 -9.97747e-05
106.69 13.268 -0.180116 -0.598231 61.2577 0.0718715 -8.7198e-05
106.7 13.2673 -0.178952 -0.597289 61.2653 0.0718733 -7.46504e-05
106.71 13.2666 -0.17779 -0.596335 61.273 0.071875 -6.2143e-05
106.72 13.2659 -0.17663 -0.595368 61.2807 0.0718767 -4.96749e-05
106.73 13.2652 -0.175471 -0.594388 61.2883 0.0718783 -3.72363e-05
106.74 13.2645 -0.174315 -0.593397 61.296 0.0718799 -2.48219e-05
106.75 13.2638 -0.17316 -0.592393 61.3036 0.0718814 -1.24344e-05
106.76 13.2631 -0.172008 -0.591377 61.3113 0.0718828 -7.97457e-08
106.77 13.2624 -0.170857 -0.590349 61.319 0.0718841 1.22365e-05
106.78 13.2617 -0.169708 -0.589309 61.3266 0.0718854 2.45154e-05
106.79 13.2611 -0.168561 -0.588256 61.3343 0.0718866 3.67593e-05
106.8 13.2604 -0.167415 -0.587192 61.3419 0.0718877 4.89674e-05
106.81 13.2597 -0.166272 -0.586116 61.3496 0.0718888 6.11381e-05
106.82 13.259 -0.16513 -0.585028 61.3573 0.0718898 7.32686e-05
106.83 13.2583 -0.16399 -0.583928 61.3649 0.0718907 8.53584e-05
106.84 13.2577 -0.162851 -0.582817 61.3726 0.0718915 9.74094e-05
106.85 13.257 -0.161714 -0.581694 61.3802 0.0718922 0.000109421
106.86 13.2563 -0.160579 -0.580559 61.3879 0.0718929 0.00012139
106.87 13.2556 -0.159445 -0.579412 61.3956 0.0718935 0.000133314
106.88 13.255 -0.158313 -0.578254 61.4032 0.071894 0.00014519
106.89 13.2543 -0.157182 -0.577085 61.4109 0.0718944 0.000157018
106.9 13.2536 -0.156052 -0.575904 61.4185 0.0718947 0.000168801
106.91 13.253 -0.154925 -0.574712 61.4262 0.071895 0.000180539
106.92 13.2523 -0.153798 -0.573508 61.4339 0.0718952 0.00019223
106.93 13.2516 -0.152673 -0.572293 61.4415 0.0718953 0.000203873
106.94 13.251 -0.15155 -0.571067 61.4492 0.0718953 0.000215461
106.95 13.2503 -0.150428 -0.56983 61.4568 0.0718952 0.000226994
106.96 13.2497 -0.149307 -0.568581 61.4645 0.071895 0.000238472
106.97 13.249 -0.148188 -0.567321 61.4722 0.0718947 0.000249896
106.98 13.2483 -0.147071 -0.566051 61.4798 0.0718944 0.000261268
106.99 13.2477 -0.145956 -0.564769 61.4875 0.0718939 0.000272584
107 13.247 -0.144842 -0.563476 61.4951 0.0718934 0.000283843
107.01 13.2464 -0.143731 -0.562173 61.5028 0.0718927 0.000295044
107.02 13.2457 -0.142621 -0.560858 61.5105 0.071892 0.000306183
107.03 13.2451 -0.141513 -0.559533 61.5181 0.0718912 0.000317259
107.04 13.2444 -0.140407 -0.558197 61.5258 0.0718903 0.000328272
107.05 13.2438 -0.139304 -0.55685 61.5334 0.0718892 0.000339222
107.06 13.2431 -0.138202 -0.555492 61.5411 0.0718881 0.000350109
107.07 13.2425 -0.137103 -0.554124 61.5488 0.0718869 0.000360932
107.08 13.2418 -0.136006 -0.552746 61.5564 0.0718856 0.000371689
107.09 13.2412 -0.134911 -0.551357 61.5641 0.0718842 0.00038238
107.1 13.2405 -0.133819 -0.549958 61.5717 0.0718827 0.000392999
107.11 13.2399 -0.132728 -0.548549 61.5794 0.071881 0.000403545
107.12 13.2392 -0.13164 -0.547129 61.5871 0.0718793 0.000414019
107.13 13.2386 -0.130555 -0.5457 61.5947 0.0718775 0.00042442
107.14 13.2379 -0.129471 -0.54426 61.6024 0.0718755 0.00043475
107.15 13.2373 -0.12839 -0.542811 61.6101 0.0718735 0.000445008
107.16 13.2366 -0.127311 -0.541352 61.6177 0.0718713 0.000455191
107.17 13.236 -0.126235 -0.539883 61.6254 0.0718691 0.000465295
107.18 13.2353 -0.12516 -0.538404 61.633 0.0718667 0.000475319
107.19 13.2347 -0.124088 -0.536916 61.6407 0.0718642 0.00048526
107.2 13.234 -0.123017 -0.535419 61.6484 0.0718616 0.000495121
107.21 13.2334 -0.121949 -0.533912 61.656 0.0718589 0.000504902
107.22 13.2328 -0.120882 -0.532396 61.6637 0.0718561 0.000514603
107.23 13.2321 -0.119818 -0.53087 61.6713 0.0718531 0.000524221
107.24 13.2315 -0.118755 -0.529336 61.679 0.0718501 0.000533754
107.25 13.2308 -0.117694 -0.527792 61.6867 0.0718469 0.000543199
107.26 13.2302 -0.116635 -0.52624 61.6943 0.0718436 0.000552556
107.27 13.2295 -0.115577 -0.524678 61.702 0.0718402 0.000561823
107.28 13.2289 -0.114522 -0.523108 61.7097 0.0718366 0.000571
107.29 13.2282 -0.113468 -0.521529 61.7173 0.071833 0.000580089
107.3 13.2276 -0.112416 -0.519942 61.725 0.0718292 0.000589089
107.31 13.2269 -0.111365 -0.518346 61.7326 0.0718253 0.000597999
107.32 13.2263 -0.110316 -0.516741 61.7403 0.0718213 0.000606816
107.33 13.2256 -0.10927 -0.515128 61.748 0.0718172 0.000615536
107.34 13.2249 -0.108224 -0.513507 61.7556 0.0718129 0.000624159
107.35 13.2243 -0.107181 -0.511878 61.7633 0.0718085 0.000632684
107.36 13.2236 -0.10614 -0.51024 61.7709 0.071804 0.000641115
107.37 13.223 -0.105101 -0.508595 61.7786 0.0717993 0.000649451
107.38 13.2223 -0.104063 -0.506941 61.7863 0.0717946 0.00065769
107.39 13.2217 -0.103028 -0.505279 61.7939 0.0717897 0.00066583
107.4 13.221 -0.101995 -0.50361 61.8016 0.0717846 0.000673867
107.41 13.2203 -0.100964 -0.501933 61.8093 0.0717795 0.000681801
107.42 13.2197 -0.0999355 -0.500248 61.8169 0.0717742 0.000689636
107.43 13.219 -0.0989091 -0.498556 61.8246 0.0717687 0.000697368
107.44 13.2184 -0.0978852 -0.496856 61.8322 0.0717632 0.000705
107.45 13.2177 -0.0968637 -0.495148 61.8399 0.0717575 0.000712528
107.46 13.217 -0.0958446 -0.493433 61.8476 0.0717516 0.00071995
107.47 13.2164 -0.094828 -0.491711 61.8552 0.0717457 0.000727265
107.48 13.2157 -0.0938138 -0.489982 61.8629 0.0717396 0.000734477
107.49 13.215 -0.0928023 -0.488245 61.8706 0.0717334 0.000741583
107.5 13.2144 -0.0917933 -0.486502 61.8782 0.071727 0.000748587
107.51 13.2137 -0.0907869 -0.484751 61.8859 0.0717206 0.00075549
107.52 13.213 -0.0897832 -0.482994 61.8935 0.071714 0.000762282
107.53 13.2123 -0.0887821 -0.48123 61.9012 0.0717072 0.000768954
107.54 13.2117 -0.0877836 -0.479459 61.9089 0.0717003 0.000775508
107.55 13.211 -0.0867876 -0.477682 61.9165 0.0716933 0.00078196
107.56 13.2103 -0.0857943 -0.475898 61.9242 0.0716861 0.000788317
107.57 13.2096 -0.0848034 -0.474108 61.9319 0.0716788 0.000794571
107.58 13.2089 -0.083815 -0.472311 61.9395 0.0716713 0.000800706
107.59 13.2083 -0.0828289 -0.470509 61.9472 0.0716637 0.000806719
107.6 13.2076 -0.0818452 -0.4687 61.9548 0.071656 0.000812613
107.61 13.2069 -0.0808637 -0.466885 61.9625 0.0716482 0.000818402
107.62 13.2062 -0.0798846 -0.465065 61.9702 0.0716402 0.000824092
107.63 13.2055 -0.0789077 -0.463239 61.9778 0.071632 0.00082968
107.64 13.2048 -0.077933 -0.461407 61.9855 0.0716238 0.000835156
107.65 13.2041 -0.0769604 -0.45957 61.9932 0.0716154 0.000840512
107.66 13.2034 -0.07599 -0.457728 62.0008 0.0716068 0.000845748
107.67 13.2028 -0.0750217 -0.45588 62.0085 0.0715981 0.000850868
107.68 13.2021 -0.0740556 -0.454027 62.0161 0.0715893 0.00085588
107.69 13.2014 -0.0730915 -0.452169 62.0238 0.0715803 0.000860767
107.7 13.2007 -0.0721297 -0.450306 62.0315 0.0715713 0.000865519
107.71 13.2 -0.0711701 -0.448438 62.0391 0.071562 0.000870167
107.72 13.1993 -0.0702129 -0.446565 62.0468 0.0715526 0.000874747
107.73 13.1985 -0.0692582 -0.444688 62.0545 0.0715431 0.000879242
107.74 13.1978 -0.0683058 -0.442806 62.0621 0.0715334 0.000883608
107.75 13.1971 -0.0673557 -0.440919 62.0698 0.0715236 0.000887821
107.76 13.1964 -0.066408 -0.439029 62.0775 0.0715136 0.000891901
107.77 13.1957 -0.0654629 -0.437134 62.0851 0.0715035 0.000895885
107.78 13.195 -0.0645206 -0.435234 62.0928 0.0714933 0.000899793
107.79 13.1943 -0.0635809 -0.433331 62.1004 0.0714829 0.000903609
107.8 13.1935 -0.062644 -0.431424 62.1081 0.0714724 0.000907299
107.81 13.1928 -0.0617098 -0.429513 62.1158 0.0714617 0.00091085
107.82 13.1921 -0.0607785 -0.427598 62.1234 0.0714509 0.000914273
107.83 13.1914 -0.05985 -0.425679 62.1311 0.0714399 0.000917591
107.84 13.1906 -0.0589246 -0.423757 62.1388 0.0714288 0.000920818
107.85 13.1899 -0.0580022 -0.421831 62.1464 0.0714175 0.000923948
107.86 13.1892 -0.0570829 -0.419902 62.1541 0.0714062 0.000926971
107.87 13.1885 -0.0561667 -0.41797 62.1618 0.0713946 0.000929879
107.88 13.1877 -0.0552535 -0.416034 62.1694 0.0713829 0.000932671
107.89 13.187 -0.0543434 -0.414096 62.1771 0.0713711 0.00093535
107.9 13.1862 -0.0534364 -0.412154 62.1847 0.0713591 0.00093792
107.91 13.1855 -0.0525326 -0.41021 62.1924 0.071347 0.000940384
107.92 13.1848 -0.0516318 -0.408263 62.2001 0.0713347 0.000942747
107.93 13.184 -0.0507342 -0.406313 62.2077 0.0713222 0.00094501
107.94 13.1833 -0.0498397 -0.404361 62.2154 0.0713097 0.000947174
107.95 13.1825 -0.0489482 -0.402406 62.2231 0.0712969 0.000949236
107.96 13.1818 -0.0480598 -0.40045 62.2307 0.0712841 0.000951191
107.97 13.181 -0.0471744 -0.39849 62.2384 0.0712711 0.00095303
107.98 13.1802 -0.0462919 -0.396529 62.2461 0.0712579 0.00095476
107.99 13.1795 -0.0454123 -0.394566 62.2537 0.0712446 0.000956389
108 13.1787 -0.0445358 -0.392601 62.2614 0.0712311 0.000957927
108.01 13.178 -0.0436622 -0.390635 62.2691 0.0712175 0.000959376
108.02 13.1772 -0.0427915 -0.388666 62.2767 0.0712038 0.00096073
108.03 13.1764 -0.0419236 -0.386696 62.2844 0.0711899 0.000961981
108.04 13.1757 -0.0410587 -0.384725 62.292 0.0711758 0.000963122
108.05 13.1749 -0.0401966 -0.382753 62.2997 0.0711616 0.000964158
108.06 13.1741 -0.0393374 -0.380779 62.3074 0.0711473 0.000965095
108.07 13.1733 -0.0384811 -0.378804 62.315 0.0711328 0.000965944
108.08 13.1726 -0.0376278 -0.376828 62.3227 0.0711182 0.000966705
108.09 13.1718 -0.0367775 -0.374852 62.3304 0.0711034 0.000967379
108.1 13.171 -0.0359302 -0.372875 62.338 0.0710885 0.000967958
108.11 13.1702 -0.0350859 -0.370897 62.3457 0.0710734 0.00096844
108.12 13.1694 -0.0342447 -0.368918 62.3534 0.0710582 0.000968823
108.13 13.1687 -0.0334066 -0.366939 62.361 0.0710428 0.00096911
108.14 13.1679 -0.0325718 -0.36496 62.3687 0.0710273 0.000969306
108.15 13.1671 -0.0317402 -0.36298 62.3764 0.0710117 0.000969413
108.16 13.1663 -0.030912 -0.361 62.384 0.0709959 0.000969441
108.17 13.1655 -0.0300872 -0.359021 62.3917 0.07098 0.000969387
108.18 13.1647 -0.029266 -0.357041 62.3994 0.0709639 0.000969248
108.19 13.1639 -0.0284482 -0.355062 62.407 0.0709477 0.000969013
108.2 13.1631 -0.0276341 -0.353082 62.4147 0.0709314 0.000968683
108.21 13.1623 -0.0268236 -0.351104 62.4223 0.0709149 0.000968264
108.22 13.1615 -0.0260169 -0.349125 62.43 0.0708982 0.000967765
108.23 13.1607 -0.025214 -0.347147 62.4377 0.0708815 0.00096719
108.24 13.1599 -0.0244149 -0.34517 62.4453 0.0708646 0.000966539
108.25 13.1591 -0.0236198 -0.343194 62.453 0.0708475 0.000965807
108.26 13.1583 -0.0228285 -0.341219 62.4607 0.0708303 0.000964989
108.27 13.1575 -0.0220412 -0.339244 62.4683 0.070813 0.000964087
108.28 13.1567 -0.0212579 -0.337271 62.476 0.0707956 0.000963099
108.29 13.1559 -0.0204786 -0.335299 62.4837 0.070778 0.000962031
108.3 13.155 -0.0197033 -0.333328 62.4913 0.0707603 0.000960885
108.31 13.1542 -0.0189321 -0.331359 62.499 0.0707424 0.000959669
108.32 13.1534 -0.0181649 -0.329392 62.5067 0.0707244 0.00095838
108.33 13.1526 -0.0174017 -0.327426 62.5143 0.0707063 0.000957018
108.34 13.1518 -0.0166426 -0.325461 62.522 0.070688 0.000955575
108.35 13.1509 -0.0158875 -0.323499 62.5297 0.0706697 0.000954049
108.36 13.1501 -0.0151364 -0.321539 62.5373 0.0706511 0.000952444
108.37 13.1493 -0.0143892 -0.319581 62.545 0.0706325 0.000950765
108.38 13.1485 -0.0136462 -0.317625 62.5527 0.0706137 0.000949017
108.39 13.1476 -0.0129071 -0.315671 62.5603 0.0705948 0.000947202
108.4 13.1468 -0.012172 -0.31372 62.568 0.0705758 0.000945318
108.41 13.146 -0.011441 -0.311772 62.5757 0.0705567 0.000943358
108.42 13.1452 -0.010714 -0.309826 62.5833 0.0705374 0.000941322
108.43 13.1443 -0.00999094 -0.307883 62.591 0.070518 0.000939209
108.44 13.1435 -0.00927198 -0.305943 62.5987 0.0704985 0.000937023
108.45 13.1427 -0.0085571 -0.304006 62.6063 0.0704788 0.000934768
108.46 13.1418 -0.00784635 -0.302072 62.614 0.0704591 0.000932447
108.47 13.141 -0.00713978 -0.300142 62.6217 0.0704392 0.000930059
108.48 13.1402 -0.00643741 -0.298214 62.6293 0.0704192 0.000927603
108.49 13.1393 -0.00573929 -0.29629 62.637 0.0703991 0.000925073
108.5 13.1385 -0.00504549 -0.29437 62.6447 0.0703788 0.00092247
108.51 13.1376 -0.00435606 -0.292453 62.6523 0.0703585 0.000919795
108.52 13.1368 -0.00367109 -0.29054 62.66 0.070338 0.00091705
108.53 13.136 -0.00299065 -0.288631 62.6677 0.0703175 0.000914238
108.54 13.1351 -0.00231482 -0.286726 62.6753 0.0702968 0.000911358
108.55 13.1343 -0.00164367 -0.284825 62.683 0.070276 0.000908413
108.56 13.1334 -0.000977294 -0.282927 62.6907 0.0702551 0.0009054
108.57 13.1326 -0.00031575 -0.281034 62.6983 0.0702341 0.000902319
108.58 13.1318 0.000340885 -0.279146 62.706 0.070213 0.000899165
108.59 13.1309 0.00099254 -0.277261 62.7137 0.0701918 0.00089594
108.6 13.1301 0.00163914 -0.275381 62.7213 0.0701705 0.000892643
108.61 13.1292 0.00228062 -0.273506 62.729 0.070149 0.000889278
108.62 13.1284 0.00291689 -0.271635 62.7367 0.0701275 0.00088585
108.63 13.1276 0.0035479 -0.269769 62.7443 0.0701059 0.000882357
108.64 13.1267 0.00417361 -0.267908 62.752 0.0700842 0.000878797
108.65 13.1259 0.00479398 -0.266052 62.7597 0.0700624 0.000875164
108.66 13.125 0.00540898 -0.2642 62.7673 0.0700405 0.000871457
108.67 13.1242 0.00601857 -0.262354 62.775 0.0700185 0.000867675
108.68 13.1234 0.00662275 -0.260513 62.7827 0.0699965 0.000863801
108.69 13.1225 0.0072215 -0.258677 62.7903 0.0699743 0.000859818
108.7 13.1217 0.00781465 -0.256846 62.798 0.0699521 0.000855777
108.71 13.1208 0.00840205 -0.255021 62.8057 0.0699298 0.000851728
108.72 13.12 0.00898376 -0.253201 62.8133 0.0699073 0.000847654
108.73 13.1191 0.00955992 -0.251387 62.821 0.0698848 0.000843491
108.74 13.1183 0.0101306 -0.249579 62.8287 0.0698622 0.000839203
108.75 13.1175 0.0106958 -0.247777 62.8363 0.0698396 0.000834811
108.76 13.1166 0.0112554 -0.245981 62.844 0.0698168 0.00083036
108.77 13.1158 0.0118093 -0.244191 62.8517 0.069794 0.000825873
108.78 13.1149 0.0123575 -0.242407 62.8593 0.0697711 0.000821333
108.79 13.1141 0.0129001 -0.240629 62.867 0.0697481 0.00081671
108.8 13.1133 0.0134372 -0.238857 62.8747 0.0697251 0.000811985
108.81 13.1124 0.0139687 -0.237092 62.8823 0.069702 0.000807173
108.82 13.1116 0.0144945 -0.235334 62.89 0.0696788 0.000802289
108.83 13.1108 0.0150145 -0.233582 62.8977 0.0696555 0.000797345
108.84 13.1099 0.0155288 -0.231837 62.9053 0.0696322 0.000792333
108.85 13.1091 0.0160374 -0.230099 62.913 0.0696088 0.000787241
108.86 13.1083 0.0165401 -0.228367 62.9207 0.0695853 0.000782066
108.87 13.1074 0.017037 -0.226643 62.9283 0.0695618 0.000776813
108.88 13.1066 0.017528 -0.224925 62.936 0.0695383 0.000771484
108.89 13.1058 0.0180129 -0.223215 62.9437 0.0695146 0.000766077
108.9 13.1049 0.0184918 -0.221512 62.9514 0.0694909 0.000760591
108.91 13.1041 0.0189645 -0.219817 62.959 0.0694671 0.000755023
108.92 13.1033 0.019431 -0.218129 62.9667 0.0694433 0.000749377
108.93 13.1025 0.0198912 -0.216448 62.9744 0.0694194 0.000743653
108.94 13.1017 0.020345 -0.214775 62.982 0.0693955 0.000737855
108.95 13.1008 0.0207922 -0.21311 62.9897 0.0693715 0.000731979
108.96 13.1 0.0212329 -0.211453 62.9974 0.0693475 0.000726017
108.97 13.0992 0.0216669 -0.209803 63.005 0.0693234 0.000719968
108.98 13.0984 0.0220942 -0.208161 63.0127 0.0692993 0.000713837
108.99 13.0976 0.0225146 -0.206528 63.0204 0.0692751 0.000707623
109 13.0968 0.0229281 -0.204902 63.028 0.0692509 0.000701333
109.01 13.096 0.0233346 -0.203285 63.0357 0.0692266 0.000694963
109.02 13.0952 0.023734 -0.201676 63.0434 0.0692023 0.00068851
109.03 13.0944 0.0241263 -0.200076 63.051 0.0691779 0.000681972
109.04 13.0936 0.0245115 -0.198483 63.0587 0.0691536 0.000675346
109.05 13.0928 0.0248894 -0.1969 63.0664 0.0691291 0.000668632
109.06 13.092 0.02526 -0.195325 63.0741 0.0691047 0.000661834
109.07 13.0912 0.0256233 -0.193758 63.0817 0.0690801 0.000654954
109.08 13.0904 0.0259793 -0.192201 63.0894 0.0690556 0.000647991
109.09 13.0897 0.0263279 -0.190652 63.0971 0.069031 0.000640943
109.1 13.0889 0.0266691 -0.189112 63.1047 0.0690065 0.000633808
109.11 13.0881 0.0270029 -0.187581 63.1124 0.0689818 0.000626585
109.12 13.0873 0.0273294 -0.186059 63.1201 0.0689572 0.000619273
109.13 13.0866 0.0276485 -0.184546 63.1277 0.0689325 0.000611836
109.14 13.0858 0.0279605 -0.183042 63.1354 0.0689078 0.000604252
109.15 13.085 0.0282651 -0.181548 63.1431 0.0688831 0.00059659
109.16 13.0843 0.0285622 -0.180063 63.1507 0.0688583 0.000588925
109.17 13.0835 0.0288517 -0.178587 63.1584 0.0688336 0.000581233
109.18 13.0828 0.029134 -0.17712 63.1661 0.0688088 0.000573431
109.19 13.082 0.0294091 -0.175663 63.1738 0.068784 0.000565471
109.2 13.0813 0.0296769 -0.174216 63.1814 0.0687592 0.000557379
109.21 13.0805 0.0299373 -0.172778 63.1891 0.0687344 0.00054921
109.22 13.0798 0.0301902 -0.17135 63.1968 0.0687096 0.000540994
109.23 13.0791 0.0304355 -0.169932 63.2044 0.0686848 0.000532709
109.24 13.0783 0.0306734 -0.168523 63.2121 0.0686599 0.000524315
109.25 13.0776 0.0309038 -0.167125 63.2198 0.0686351 0.000515797
109.26 13.0769 0.0311267 -0.165736 63.2274 0.0686103 0.000507173
109.27 13.0762 0.0313418 -0.164358 63.2351 0.0685854 0.000498469
109.28 13.0755 0.0315492 -0.162989 63.2428 0.0685606 0.000489694
109.29 13.0748 0.0317487 -0.161631 63.2505 0.0685357 0.000480835
109.3 13.0741 0.0319404 -0.160283 63.2581 0.0685109 0.000471871
109.31 13.0734 0.0321242 -0.158945 63.2658 0.0684861 0.000462801
109.32 13.0727 0.0322999 -0.157618 63.2735 0.0684613 0.000453633
109.33 13.072 0.0324675 -0.156301 63.2811 0.0684365 0.000444384
109.34 13.0714 0.0326268 -0.154994 63.2888 0.0684117 0.000435053
109.35 13.0707 0.0327778 -0.153698 63.2965 0.0683869 0.000425634
109.36 13.07 0.0329204 -0.152412 63.3041 0.0683622 0.000416118
109.37 13.0694 0.0330545 -0.151137 63.3118 0.0683374 0.000406506
109.38 13.0687 0.03318 -0.149873 63.3195 0.0683127 0.000396802
109.39 13.0681 0.0332969 -0.148619 63.3272 0.068288 0.000387013
109.4 13.0674 0.033405 -0.147377 63.3348 0.0682633 0.00037714
109.41 13.0668 0.0335043 -0.146145 63.3425 0.0682387 0.000367177
109.42 13.0661 0.0335947 -0.144924 63.3502 0.0682141 0.000357124
109.43 13.0655 0.0336762 -0.143714 63.3578 0.0681895 0.000346982
109.44 13.0649 0.0337487 -0.142515 63.3655 0.0681649 0.000336755
109.45 13.0643 0.0338121 -0.141328 63.3732 0.0681404 0.000326445
109.46 13.0637 0.0338665 -0.140151 63.3809 0.0681158 0.000316049
109.47 13.0631 0.0339119 -0.138986 63.3885 0.0680914 0.000305565
109.48 13.0625 0.0339481 -0.137833 63.3962 0.068067 0.000294996
109.49 13.0619 0.0339751 -0.13669 63.4039 0.0680426 0.000284341
109.5 13.0613 0.033993 -0.13556 63.4115 0.0680182 0.000273607
109.51 13.0607 0.0340018 -0.13444 63.4192 0.0679939 0.000262793
109.52 13.0602 0.0340014 -0.133333 63.4269 0.0679697 0.0002519
109.53 13.0596 0.0339918 -0.132237 63.4346 0.0679454 0.000240924
109.54 13.059 0.0339731 -0.131153 63.4422 0.0679212 0.000229865
109.55 13.0585 0.0339452 -0.130081 63.4499 0.0678971 0.000218725
109.56 13.058 0.0339082 -0.12902 63.4576 0.067873 0.000207506
109.57 13.0574 0.033862 -0.127971 63.4652 0.067849 0.000196212
109.58 13.0569 0.0338067 -0.126935 63.4729 0.0678251 0.000184844
109.59 13.0564 0.0337421 -0.12591 63.4806 0.0678012 0.000173404
109.6 13.0559 0.0336684 -0.124897 63.4883 0.0677773 0.000161888
109.61 13.0554 0.0335854 -0.123896 63.4959 0.0677535 0.000150297
109.62 13.0549 0.0334932 -0.122907 63.5036 0.0677297 0.00013863
109.63 13.0544 0.0333918 -0.12193 63.5113 0.0677061 0.000126888
109.64 13.0539 0.033281 -0.120966 63.5189 0.0676825 0.000115077
109.65 13.0534 0.0331608 -0.120013 63.5266 0.0676589 0.0001032
109.66 13.0529 0.0330312 -0.119072 63.5343 0.0676354 9.12572e-05
109.67 13.0525 0.0328922 -0.118144 63.542 0.067612 7.92506e-05
109.68 13.052 0.0327436 -0.117228 63.5496 0.0675887 6.71767e-05
109.69 13.0516 0.0325854 -0.116324 63.5573 0.0675654 5.50348e-05
109.7 13.0511 0.0324175 -0.115432 63.565 0.0675422 4.28261e-05
109.71 13.0507 0.0322398 -0.114552 63.5726 0.067519 3.05519e-05
109.72 13.0503 0.0320524 -0.113685 63.5803 0.067496 1.82183e-05
109.73 13.0499 0.0318549 -0.11283 63.588 0.067473 5.82897e-06
109.74 13.0495 0.0316475 -0.111987 63.5957 0.0674501 -6.61418e-06
109.75 13.0491 0.03143 -0.111157 63.6033 0.0674273 -1.91117e-05
109.76 13.0487 0.0312023 -0.110339 63.611 0.0674046 -3.16663e-05
109.77 13.0483 0.0309644 -0.109534 63.6187 0.0673819 -4.42816e-05
109.78 13.0479 0.0307163 -0.108741 63.6264 0.0673593 -5.69539e-05
109.79 13.0476 0.0304578 -0.10796 63.634 0.0673369 -6.96804e-05
109.8 13.0472 0.0301889 -0.107192 63.6417 0.0673145 -8.24541e-05
109.81 13.0469 0.0299095 -0.106437 63.6494 0.0672922 -9.52696e-05
109.82 13.0465 0.0296196 -0.105694 63.657 0.0672699 -0.000108128
109.83 13.0462 0.0293192 -0.104964 63.6647 0.0672478 -0.000121033
109.84 13.0459 0.0290082 -0.104246 63.6724 0.0672258 -0.000133986
109.85 13.0456 0.0286868 -0.103541 63.6801 0.0672038 -0.000146989
109.86 13.0453 0.0283547 -0.102849 63.6877 0.067182 -0.00016004
109.87 13.045 0.0280121 -0.102169 63.6954 0.0671603 -0.00017313
109.88 13.0447 0.0276589 -0.101503 63.7031 0.0671386 -0.000186255
109.89 13.0445 0.0272952 -0.100849 63.7108 0.0671171 -0.00019941
109.9 13.0442 0.0269209 -0.100208 63.7184 0.0670956 -0.000212597
109.91 13.0439 0.026536 -0.0995796 63.7261 0.0670743 -0.000225821
109.92 13.0437 0.0261407 -0.0989644 63.7338 0.067053 -0.000239084
109.93 13.0435 0.025735 -0.0983622 63.7414 0.0670319 -0.000252389
109.94 13.0432 0.0253189 -0.097773 63.7491 0.0670109 -0.000265755
109.95 13.043 0.0248925 -0.0971967 63.7568 0.06699 -0.000279193
109.96 13.0428 0.0244558 -0.0966335 63.7645 0.0669692 -0.000292642
109.97 13.0426 0.0240085 -0.0960834 63.7721 0.0669485 -0.000306049
109.98 13.0424 0.0235509 -0.0955464 63.7798 0.0669279 -0.000319433
109.99 13.0423 0.0230829 -0.0950226 63.7875 0.0669074 -0.000332866
110 13.0421 0.0226049 -0.094512 63.7952 0.066887 -0.000346382
110.01 13.0419 0.0221166 -0.0940146 63.8028 0.0668668 -0.000359955
110.02 13.0418 0.0216179 -0.0935304 63.8105 0.0668467 -0.000373536
110.03 13.0417 0.0211088 -0.0930595 63.8182 0.0668267 -0.000387098
110.04 13.0415 0.0205892 -0.0926018 63.8258 0.0668068 -0.000400654
110.05 13.0414 0.0200593 -0.0921574 63.8335 0.0667871 -0.000414234
110.06 13.0413 0.019519 -0.0917263 63.8412 0.0667674 -0.000427855
110.07 13.0412 0.0189682 -0.0913083 63.8489 0.0667479 -0.000441508
110.08 13.0412 0.0184068 -0.0909035 63.8565 0.0667286 -0.000455175
110.09 13.0411 0.0178349 -0.0905119 63.8642 0.0667093 -0.000468844
110.1 13.041 0.0172523 -0.0901335 63.8719 0.0666902 -0.000482518
110.11 13.041 0.0166589 -0.0897683 63.8796 0.0666712 -0.000496199
110.12 13.0409 0.0160548 -0.0894162 63.8872 0.0666524 -0.000509888
110.13 13.0409 0.0154399 -0.0890772 63.8949 0.0666337 -0.000523582
110.14 13.0409 0.014814 -0.0887515 63.9026 0.0666151 -0.000537279
110.15 13.0409 0.0141773 -0.0884388 63.9103 0.0665966 -0.000550982
110.16 13.0409 0.0135297 -0.0881392 63.9179 0.0665784 -0.000564698
110.17 13.0409 0.012871 -0.0878526 63.9256 0.0665602 -0.000578423
110.18 13.0409 0.0122014 -0.0875792 63.9333 0.0665422 -0.000592147
110.19 13.041 0.0115206 -0.0873188 63.941 0.0665244 -0.000605857
110.2 13.041 0.0108288 -0.0870715 63.9486 0.0665066 -0.000619551
110.21 13.0411 0.0101259 -0.0868373 63.9563 0.0664891 -0.000633237
110.22 13.0412 0.00941189 -0.0866162 63.964 0.0664716 -0.000646924
110.23 13.0412 0.00868693 -0.0864081 63.9716 0.0664544 -0.000660619
110.24 13.0413 0.00795098 -0.086213 63.9793 0.0664373 -0.000674317
110.25 13.0414 0.00720404 -0.086031 63.987 0.0664203 -0.000688006
110.26 13.0416 0.00644611 -0.085862 63.9947 0.0664035 -0.000701673
110.27 13.0417 0.00567723 -0.085706 64.0023 0.0663869 -0.000715316
110.28 13.0418 0.00489747 -0.0855631 64.01 0.0663704 -0.000728937
110.29 13.042 0.00410692 -0.0854332 64.0177 0.0663541 -0.000742547
110.3 13.0421 0.00330566 -0.0853164 64.0254 0.066338 -0.000756153
110.31 13.0423 0.00249374 -0.0852125 64.033 0.066322 -0.000769754
110.32 13.0425 0.00167123 -0.0851217 64.0407 0.0663062 -0.000783345
110.33 13.0427 0.000838183 -0.0850439 64.0484 0.0662905 -0.000796918
110.34 13.0429 -5.26785e-06 -0.0849792 64.0561 0.066275 -0.00081047
110.35 13.0431 -0.000859064 -0.0849274 64.0637 0.0662596 -0.000823987
110.36 13.0434 -0.00172317 -0.0848886 64.0714 0.0662445 -0.000837466
110.37 13.0436 -0.00259751 -0.0848628 64.0791 0.0662295 -0.000850916
110.38 13.0439 -0.003482 -0.08485 64.0868 0.0662147 -0.000864357
110.39 13.0441 -0.00437658 -0.0848501 64.0944 0.0662001 -0.00087779
110.4 13.0444 -0.00528128 -0.0848631 64.1021 0.0661857 -0.000891208
110.41 13.0447 -0.00619611 -0.0848891 64.1098 0.0661714 -0.000904592
110.42 13.045 -0.00712109 -0.084928 64.1175 0.0661574 -0.000917933
110.43 13.0453 -0.0080562 -0.0849798 64.1251 0.0661435 -0.000931234
110.44 13.0457 -0.00900142 -0.0850445 64.1328 0.0661298 -0.000944505
110.45 13.046 -0.00995671 -0.0851222 64.1405 0.0661163 -0.000957754
110.46 13.0463 -0.0109221 -0.0852127 64.1482 0.0661029 -0.000970981
110.47 13.0467 -0.0118976 -0.085316 64.1558 0.0660898 -0.000984184
110.48 13.0471 -0.0128832 -0.0854321 64.1635 0.0660768 -0.000997352
110.49 13.0475 -0.0138791 -0.0855611 64.1712 0.0660641 -0.00101048
110.5 13.0479 -0.0148851 -0.0857029 64.1789 0.0660515 -0.00102357
110.51 13.0483 -0.0159013 -0.0858574 64.1865 0.0660391 -0.00103661
110.52 13.0487 -0.0169278 -0.0860247 64.1942 0.0660269 -0.00104961
110.53 13.0491 -0.0179645 -0.0862048 64.2019 0.066015 -0.00106258
110.54 13.0496 -0.0190113 -0.0863975 64.2096 0.0660032 -0.00107552
110.55 13.05 -0.0200684 -0.0866029 64.2172 0.0659916 -0.00108843
110.56 13.0505 -0.0211356 -0.0868209 64.2249 0.0659802 -0.00110131
110.57 13.051 -0.0222131 -0.0870514 64.2326 0.065969 -0.00111413
110.58 13.0515 -0.0233008 -0.0872945 64.2402 0.065958 -0.0011269
110.59 13.052 -0.0243987 -0.08755 64.2479 0.0659473 -0.00113962
110.6 13.0525 -0.0255067 -0.087818 64.2556 0.0659367 -0.0011523
110.61 13.053 -0.0266247 -0.0880985 64.2633 0.0659263 -0.00116494
110.62 13.0536 -0.0277527 -0.0883912 64.2709 0.0659162 -0.00117755
110.63 13.0541 -0.0288906 -0.0886964 64.2786 0.0659062 -0.00119013
110.64 13.0547 -0.0300384 -0.0890138 64.2863 0.0658965 -0.00120266
110.65 13.0553 -0.0311961 -0.0893434 64.294 0.065887 -0.00121512
110.66 13.0559 -0.0323635 -0.0896853 64.3016 0.0658777 -0.00122753
110.67 13.0565 -0.0335405 -0.0900393 64.3093 0.0658686 -0.00123989
110.68 13.0571 -0.0347271 -0.0904055 64.317 0.0658597 -0.00125221
110.69 13.0577 -0.0359231 -0.0907838 64.3247 0.065851 -0.00126449
110.7 13.0584 -0.0371284 -0.0911741 64.3324 0.0658426 -0.00127673
110.71 13.059 -0.038343 -0.0915765 64.34 0.0658343 -0.00128893
110.72 13.0597 -0.0395668 -0.0919909 64.3477 0.0658263 -0.00130107
110.73 13.0604 -0.0407997 -0.0924172 64.3554 0.0658185 -0.00131315
110.74 13.061 -0.0420417 -0.0928555 64.3631 0.065811 -0.00132517
110.75 13.0617 -0.0432925 -0.0933056 64.3707 0.0658036 -0.00133714
110.76 13.0625 -0.0445523 -0.0937675 64.3784 0.0657965 -0.00134906
110.77 13.0632 -0.0458207 -0.0942413 64.3861 0.0657896 -0.00136095
110.78 13.0639 -0.0470979 -0.0947268 64.3938 0.0657829 -0.00137279
110.79 13.0647 -0.0483837 -0.0952239 64.4014 0.0657765 -0.00138458
110.8 13.0654 -0.0496781 -0.0957327 64.4091 0.0657702 -0.00139632
110.81 13.0662 -0.0509812 -0.0962532 64.4168 0.0657642 -0.00140798
110.82 13.067 -0.0522928 -0.0967852 64.4245 0.0657585 -0.00141959
110.83 13.0678 -0.0536129 -0.0973287 64.4321 0.0657529 -0.00143114
110.84 13.0686 -0.0549414 -0.0978836 64.4398 0.0657476 -0.00144265
110.85 13.0694 -0.0562784 -0.09845 64.4475 0.0657426 -0.00145412
110.86 13.0703 -0.0576237 -0.0990278 64.4552 0.0657377 -0.00146554
110.87 13.0711 -0.0589775 -0.0996169 64.4628 0.0657331 -0.00147691
110.88 13.072 -0.0603396 -0.100217 64.4705 0.0657288 -0.00148821
110.89 13.0729 -0.0617102 -0.100829 64.4782 0.0657247 -0.00149945
110.9 13.0738 -0.063089 -0.101451 64.4859 0.0657208 -0.00151062
110.91 13.0747 -0.0644762 -0.102085 64.4935 0.0657171 -0.00152174
110.92 13.0756 -0.0658716 -0.10273 64.5012 0.0657137 -0.00153282
110.93 13.0765 -0.0672752 -0.103386 64.5089 0.0657105 -0.00154386
110.94 13.0774 -0.0686869 -0.104053 64.5166 0.0657076 -0.00155484
110.95 13.0784 -0.0701068 -0.104731 64.5242 0.0657049 -0.00156577
110.96 13.0793 -0.0715348 -0.10542 64.5319 0.0657024 -0.00157663
110.97 13.0803 -0.0729708 -0.106119 64.5396 0.0657002 -0.00158742
110.98 13.0813 -0.0744147 -0.106829 64.5473 0.0656982 -0.00159815
110.99 13.0823 -0.0758665 -0.107551 64.555 0.0656965 -0.00160883
111 13.0833 -0.077326 -0.108282 64.5626 0.065695 -0.00161947
111.01 13.0843 -0.0787931 -0.109025 64.5703 0.0656937 -0.00163007
111.02 13.0853 -0.0802677 -0.109778 64.578 0.0656927 -0.00164061
111.03 13.0864 -0.0817498 -0.110541 64.5857 0.0656919 -0.00165109
111.04 13.0874 -0.0832393 -0.111316 64.5933 0.0656914 -0.0016615
111.05 13.0885 -0.084736 -0.1121 64.601 0.0656911 -0.00167184
111.06 13.0895 -0.0862398 -0.112895 64.6087 0.0656911 -0.00168212
111.07 13.0906 -0.0877505 -0.113701 64.6164 0.0656913 -0.00169236
111.08 13.0917 -0.089268 -0.114516 64.624 0.0656917 -0.00170256
111.09 13.0928 -0.0907922 -0.115342 64.6317 0.0656924 -0.00171271
111.1 13.094 -0.092323 -0.116178 64.6394 0.0656933 -0.0017228
111.11 13.0951 -0.0938603 -0.117024 64.6471 0.0656945 -0.00173283
111.12 13.0962 -0.095404 -0.11788 64.6548 0.0656959 -0.00174279
111.13 13.0974 -0.096954 -0.118747 64.6624 0.0656976 -0.00175268
111.14 13.0986 -0.0985101 -0.119623 64.6701 0.0656995 -0.00176253
111.15 13.0997 -0.100072 -0.120509 64.6778 0.0657016 -0.00177232
111.16 13.1009 -0.10164 -0.121405 64.6855 0.065704 -0.00178208
111.17 13.1021 -0.103214 -0.12231 64.6931 0.0657066 -0.00179178
111.18 13.1033 -0.104794 -0.123225 64.7008 0.0657095 -0.00180143
111.19 13.1045 -0.10638 -0.12415 64.7085 0.0657126 -0.00181101
111.2 13.1058 -0.107971 -0.125084 64.7162 0.0657159 -0.00182052
111.21 13.107 -0.109568 -0.126028 64.7238 0.0657195 -0.00182998
111.22 13.1083 -0.11117 -0.126981 64.7315 0.0657234 -0.00183938
111.23 13.1095 -0.112778 -0.127944 64.7392 0.0657274 -0.00184874
111.24 13.1108 -0.114391 -0.128916 64.7469 0.0657317 -0.00185805
111.25 13.1121 -0.11601 -0.129897 64.7546 0.0657363 -0.00186733
111.26 13.1134 -0.117633 -0.130887 64.7622 0.065741 -0.00187655
111.27 13.1147 -0.119262 -0.131886 64.7699 0.065746 -0.00188571
111.28 13.116 -0.120896 -0.132894 64.7776 0.0657512 -0.00189479
111.29 13.1173 -0.122535 -0.133911 64.7853 0.0657567 -0.00190379
111.3 13.1186 -0.124179 -0.134937 64.7929 0.0657624 -0.00191275
111.31 13.12 -0.125827 -0.135972 64.8006 0.0657683 -0.00192168
111.32 13.1213 -0.127481 -0.137015 64.8083 0.0657745 -0.00193057
111.33 13.1227 -0.129139 -0.138067 64.816 0.0657809 -0.00193941
111.34 13.1241 -0.130802 -0.139127 64.8237 0.0657876 -0.00194819
111.35 13.1254 -0.132469 -0.140196 64.8313 0.0657945 -0.0019569
111.36 13.1268 -0.134141 -0.141274 64.839 0.0658016 -0.00196556
111.37 13.1282 -0.135818 -0.14236 64.8467 0.0658089 -0.00197416
111.38 13.1296 -0.137498 -0.143454 64.8544 0.0658164 -0.00198271
111.39 13.131 -0.139183 -0.144556 64.8621 0.0658242 -0.00199121
111.4 13.1325 -0.140871 -0.145667 64.8697 0.0658322 -0.00199967
111.41 13.1339 -0.142564 -0.146785 64.8774 0.0658405 -0.00200809
111.42 13.1353 -0.14426 -0.147912 64.8851 0.0658489 -0.00201645
111.43 13.1368 -0.14596 -0.149046 64.8928 0.0658576 -0.00202476
111.44 13.1382 -0.147663 -0.150189 64.9004 0.0658665 -0.00203299
111.45 13.1397 -0.149369 -0.151339 64.9081 0.0658756 -0.00204117
111.46 13.1412 -0.151079 -0.152498 64.9158 0.065885 -0.0020493
111.47 13.1427 -0.152791 -0.153664 64.9235 0.0658945 -0.00205739
111.48 13.1441 -0.154507 -0.154837 64.9312 0.0659043 -0.00206544
111.49 13.1456 -0.156225 -0.156018 64.9388 0.0659143 -0.00207345
111.5 13.1471 -0.157945 -0.157207 64.9465 0.0659245 -0.0020814
111.51 13.1486 -0.159668 -0.158403 64.9542 0.0659349 -0.00208928
111.52 13.1502 -0.161394 -0.159607 64.9619 0.0659456 -0.0020971
111.53 13.1517 -0.163121 -0.160818 64.9696 0.0659564 -0.00210487
111.54 13.1532 -0.164851 -0.162036 64.9772 0.0659675 -0.00211259
111.55 13.1548 -0.166582 -0.163261 64.9849 0.0659788 -0.00212027
111.56 13.1563 -0.168315 -0.164494 64.9926 0.0659902 -0.00212788
111.57 13.1578 -0.17005 -0.165733 65.0003 0.0660019 -0.00213539
111.58 13.1594 -0.171787 -0.16698 65.0079 0.0660138 -0.00214285
111.59 13.161 -0.173524 -0.168233 65.0156 0.0660258 -0.00215031
111.6 13.1625 -0.175264 -0.169494 65.0233 0.0660381 -0.00215775
111.61 13.1641 -0.177004 -0.17076 65.031 0.0660506 -0.00216513
111.62 13.1657 -0.178746 -0.172034 65.0387 0.0660633 -0.00217242
111.63 13.1673 -0.180489 -0.173314 65.0463 0.0660762 -0.00217964
111.64 13.1689 -0.182233 -0.174601 65.054 0.0660893 -0.00218682
111.65 13.1705 -0.183978 -0.175894 65.0617 0.0661026 -0.00219397
111.66 13.1721 -0.185724 -0.177193 65.0694 0.066116 -0.00220107
111.67 13.1737 -0.187471 -0.178499 65.0771 0.0661297 -0.00220808
111.68 13.1753 -0.189219 -0.17981 65.0847 0.0661435 -0.00221501
111.69 13.1769 -0.190968 -0.181128 65.0924 0.0661576 -0.0022219
111.7 13.1785 -0.192717 -0.182452 65.1001 0.0661718 -0.00222875
111.71 13.1802 -0.194467 -0.183782 65.1078 0.0661862 -0.00223558
111.72 13.1818 -0.196218 -0.185117 65.1155 0.0662007 -0.00224235
111.73 13.1834 -0.197969 -0.186459 65.1231 0.0662155 -0.00224904
111.74 13.1851 -0.19972 -0.187806 65.1308 0.0662304 -0.00225564
111.75 13.1867 -0.201471 -0.189158 65.1385 0.0662455 -0.00226218
111.76 13.1884 -0.203223 -0.190517 65.1462 0.0662608 -0.00226868
111.77 13.19 -0.204975 -0.19188 65.1539 0.0662763 -0.00227515
111.78 13.1917 -0.206726 -0.193249 65.1615 0.0662919 -0.00228156
111.79 13.1933 -0.208477 -0.194624 65.1692 0.0663077 -0.00228793
111.8 13.195 -0.210228 -0.196003 65.1769 0.0663237 -0.00229422
111.81 13.1967 -0.211978 -0.197388 65.1846 0.0663398 -0.00230044
111.82 13.1983 -0.213728 -0.198778 65.1923 0.0663561 -0.00230659
111.83 13.2 -0.215476 -0.200173 65.1999 0.0663725 -0.00231268
111.84 13.2017 -0.217224 -0.201573 65.2076 0.0663892 -0.00231873
111.85 13.2034 -0.21897 -0.202977 65.2153 0.0664059 -0.00232473
111.86 13.2051 -0.220715 -0.204387 65.223 0.0664229 -0.00233068
111.87 13.2067 -0.222459 -0.205801 65.2307 0.0664399 -0.00233657
111.88 13.2084 -0.224201 -0.20722 65.2383 0.0664572 -0.00234239
111.89 13.2101 -0.225941 -0.208644 65.246 0.0664746 -0.00234814
111.9 13.2118 -0.227679 -0.210072 65.2537 0.0664921 -0.00235381
111.91 13.2135 -0.229415 -0.211504 65.2614 0.0665098 -0.00235943
111.92 13.2152 -0.231149 -0.212941 65.2691 0.0665276 -0.002365
111.93 13.2169 -0.232881 -0.214382 65.2767 0.0665456 -0.00237052
111.94 13.2186 -0.23461 -0.215827 65.2844 0.0665637 -0.00237599
111.95 13.2203 -0.236337 -0.217276 65.2921 0.066582 -0.00238139
111.96 13.222 -0.238061 -0.218729 65.2998 0.0666003 -0.00238672
111.97 13.2236 -0.239783 -0.220187 65.3075 0.0666189 -0.00239198
111.98 13.2253 -0.241501 -0.221648 65.3151 0.0666375 -0.00239716
111.99 13.227 -0.243217 -0.223113 65.3228 0.0666563 -0.00240229
112 13.2287 -0.24493 -0.224581 65.3305 0.0666752 -0.00240736
112.01 13.2304 -0.246639 -0.226053 65.3382 0.0666943 -0.00241238
112.02 13.2321 -0.248346 -0.227529 65.3459 0.0667134 -0.00241735
112.03 13.2338 -0.250049 -0.229008 65.3536 0.0667327 -0.00242224
112.04 13.2355 -0.251749 -0.23049 65.3612 0.0667521 -0.00242706
112.05 13.2372 -0.253446 -0.231976 65.3689 0.0667717 -0.0024318
112.06 13.2389 -0.255139 -0.233464 65.3766 0.0667913 -0.00243647
112.07 13.2406 -0.256829 -0.234956 65.3843 0.0668111 -0.00244108
112.08 13.2423 -0.258515 -0.236451 65.392 0.0668309 -0.00244563
112.09 13.244 -0.260198 -0.237949 65.3996 0.0668509 -0.00245013
112.1 13.2456 -0.261877 -0.239449 65.4073 0.066871 -0.00245457
112.11 13.2473 -0.263552 -0.240953 65.415 0.0668912 -0.00245893
112.12 13.249 -0.265223 -0.242459 65.4227 0.0669115 -0.0024632
112.13 13.2507 -0.26689 -0.243968 65.4304 0.0669318 -0.0024674
112.14 13.2524 -0.268554 -0.245479 65.438 0.0669523 -0.00247153
112.15 13.254 -0.270213 -0.246993 65.4457 0.0669729 -0.0024756
112.16 13.2557 -0.271867 -0.248509 65.4534 0.0669936 -0.00247961
112.17 13.2574 -0.273517 -0.250027 65.4611 0.0670143 -0.00248356
112.18 13.2591 -0.275163 -0.251548 65.4688 0.0670352 -0.00248744
112.19 13.2607 -0.276804 -0.253071 65.4764 0.0670561 -0.00249124
112.2 13.2624 -0.27844 -0.254596 65.4841 0.0670771 -0.00249495
112.21 13.264 -0.280072 -0.256123 65.4918 0.0670982 -0.00249858
112.22 13.2657 -0.281698 -0.257652 65.4995 0.0671194 -0.00250215
112.23 13.2673 -0.283319 -0.259183 65.5072 0.0671407 -0.00250565
112.24 13.269 -0.284935 -0.260716 65.5149 0.067162 -0.00250909
112.25 13.2706 -0.286545 -0.26225 65.5225 0.0671834 -0.00251246
112.26 13.2723 -0.288149 -0.263786 65.5302 0.0672049 -0.00251576
112.27 13.2739 -0.289748 -0.265324 65.5379 0.0672264 -0.00251897
112.28 13.2755 -0.291341 -0.266863 65.5456 0.067248 -0.00252209
112.29 13.2771 -0.292928 -0.268404 65.5533 0.0672697 -0.00252513
112.3 13.2788 -0.294508 -0.269946 65.5609 0.0672914 -0.0025281
112.31 13.2804 -0.296083 -0.271489 65.5686 0.0673132 -0.00253102
112.32 13.282 -0.297651 -0.273033 65.5763 0.067335 -0.00253386
112.33 13.2836 -0.299213 -0.274579 65.584 0.0673569 -0.00253663
112.34 13.2852 -0.300768 -0.276125 65.5917 0.0673789 -0.00253931
112.35 13.2868 -0.302316 -0.277673 65.5994 0.0674009 -0.00254191
112.36 13.2884 -0.303858 -0.279221 65.607 0.0674229 -0.00254442
112.37 13.29 -0.305393 -0.280771 65.6147 0.067445 -0.00254685
112.38 13.2915 -0.306921 -0.28232 65.6224 0.0674672 -0.00254921
112.39 13.2931 -0.308442 -0.283871 65.6301 0.0674893 -0.00255148
112.4 13.2947 -0.309956 -0.285422 65.6378 0.0675115 -0.00255364
112.41 13.2962 -0.311463 -0.286973 65.6454 0.0675338 -0.00255573
112.42 13.2978 -0.312963 -0.288525 65.6531 0.0675561 -0.00255778
112.43 13.2993 -0.314455 -0.290077 65.6608 0.0675784 -0.00255977
112.44 13.3009 -0.315941 -0.291629 65.6685 0.0676008 -0.00256166
112.45 13.3024 -0.317419 -0.293182 65.6762 0.0676232 -0.00256344
112.46 13.3039 -0.318889 -0.294734 65.6839 0.0676456 -0.00256512
112.47 13.3054 -0.320352 -0.296286 65.6915 0.067668 -0.00256675
112.48 13.3069 -0.321808 -0.297838 65.6992 0.0676905 -0.00256831
112.49 13.3084 -0.323256 -0.29939 65.7069 0.067713 -0.00256979
112.5 13.3099 -0.324696 -0.300941 65.7146 0.0677355 -0.00257117
112.51 13.3114 -0.326129 -0.302492 65.7223 0.067758 -0.00257244
112.52 13.3129 -0.327553 -0.304042 65.73 0.0677806 -0.00257362
112.53 13.3144 -0.32897 -0.305592 65.7376 0.0678032 -0.00257474
112.54 13.3158 -0.330379 -0.307141 65.7453 0.0678257 -0.00257579
112.55 13.3173 -0.33178 -0.308689 65.753 0.0678483 -0.00257676
112.56 13.3187 -0.333173 -0.310236 65.7607 0.0678709 -0.00257764
112.57 13.3202 -0.334557 -0.311783 65.7684 0.0678935 -0.00257841
112.58 13.3216 -0.335933 -0.313329 65.7761 0.0679161 -0.00257909
112.59 13.323 -0.337301 -0.314873 65.7837 0.0679388 -0.00257969
112.6 13.3244 -0.33866 -0.316417 65.7914 0.0679614 -0.00258021
112.61 13.3258 -0.34001 -0.317959 65.7991 0.067984 -0.00258066
112.62 13.3272 -0.341351 -0.3195 65.8068 0.0680066 -0.00258102
112.63 13.3286 -0.342684 -0.32104 65.8145 0.0680293 -0.00258129
112.64 13.33 -0.344007 -0.322579 65.8221 0.0680519 -0.00258147
112.65 13.3314 -0.345321 -0.324116 65.8298 0.0680745 -0.00258156
112.66 13.3327 -0.346626 -0.325652 65.8375 0.0680971 -0.00258156
112.67 13.3341 -0.347922 -0.327186 65.8452 0.0681197 -0.00258147
112.68 13.3354 -0.349208 -0.328719 65.8529 0.0681423 -0.00258131
112.69 13.3367 -0.350484 -0.33025 65.8606 0.0681649 -0.00258106
112.7 13.3381 -0.351751 -0.331779 65.8682 0.0681875 -0.00258073
112.71 13.3394 -0.353008 -0.333306 65.8759 0.06821 -0.00258032
112.72 13.3407 -0.354255 -0.334832 65.8836 0.0682325 -0.00257982
112.73 13.3419 -0.355493 -0.336355 65.8913 0.0682551 -0.00257922
112.74 13.3432 -0.35672 -0.337876 65.899 0.0682776 -0.00257853
112.75 13.3445 -0.357937 -0.339396 65.9067 0.0683001 -0.00257776
112.76 13.3457 -0.359145 -0.340913 65.9143 0.0683225 -0.00257691
112.77 13.347 -0.360342 -0.342428 65.922 0.068345 -0.00257598
112.78 13.3482 -0.361529 -0.34394 65.9297 0.0683674 -0.00257497
112.79 13.3495 -0.362706 -0.34545 65.9374 0.0683898 -0.00257387
112.8 13.3507 -0.363872 -0.346958 65.9451 0.0684122 -0.00257268
112.81 13.3519 -0.365029 -0.348462 65.9528 0.0684345 -0.0025714
112.82 13.3531 -0.366175 -0.349965 65.9604 0.0684569 -0.00257003
112.83 13.3542 -0.367311 -0.351464 65.9681 0.0684791 -0.00256858
112.84 13.3554 -0.368436 -0.352961 65.9758 0.0685014 -0.00256705
112.85 13.3566 -0.369551 -0.354454 65.9835 0.0685236 -0.00256544
112.86 13.3577 -0.370656 -0.355945 65.9912 0.0685458 -0.00256375
112.87 13.3588 -0.371751 -0.357433 65.9989 0.068568 -0.00256198
112.88 13.36 -0.372834 -0.358917 66.0065 0.0685901 -0.00256011
112.89 13.3611 -0.373908 -0.360398 66.0142 0.0686122 -0.00255813
112.9 13.3622 -0.374971 -0.361876 66.0219 0.0686343 -0.00255603
112.91 13.3633 -0.376023 -0.363351 66.0296 0.0686563 -0.00255386
112.92 13.3643 -0.377065 -0.364822 66.0373 0.0686782 -0.00255167
112.93 13.3654 -0.378096 -0.36629 66.045 0.0687002 -0.00254944
112.94 13.3665 -0.379117 -0.367754 66.0526 0.0687221 -0.0025471
112.95 13.3675 -0.380126 -0.369214 66.0603 0.0687439 -0.00254464
112.96 13.3685 -0.381125 -0.370671 66.068 0.0687657 -0.00254207
112.97 13.3695 -0.382113 -0.372124 66.0757 0.0687874 -0.00253942
112.98 13.3705 -0.38309 -0.373572 66.0834 0.0688092 -0.00253672
112.99 13.3715 -0.384056 -0.375017 66.0911 0.0688308 -0.00253397
113 13.3725 -0.38501 -0.376458 66.0988 0.0688524 -0.00253112
113.01 13.3735 -0.385953 -0.377895 66.1064 0.068874 -0.00252817
113.02 13.3744 -0.386885 -0.379328 66.1141 0.0688955 -0.00252513
113.03 13.3754 -0.387805 -0.380756 66.1218 0.0689169 -0.00252202
113.04 13.3763 -0.388714 -0.382181 66.1295 0.0689383 -0.00251883
113.05 13.3772 -0.389611 -0.3836 66.1372 0.0689597 -0.00251558
113.06 13.3781 -0.390497 -0.385016 66.1449 0.068981 -0.00251224
113.07 13.379 -0.39137 -0.386427 66.1525 0.0690022 -0.00250883
113.08 13.3799 -0.392232 -0.387833 66.1602 0.0690234 -0.00250533
113.09 13.3807 -0.393082 -0.389235 66.1679 0.0690445 -0.00250176
113.1 13.3816 -0.39392 -0.390633 66.1756 0.0690655 -0.00249812
113.11 13.3824 -0.394746 -0.392026 66.1833 0.0690865 -0.0024944
113.12 13.3832 -0.395559 -0.393414 66.191 0.0691074 -0.0024906
113.13 13.384 -0.396361 -0.394797 66.1986 0.0691283 -0.00248673
113.14 13.3848 -0.397151 -0.396175 66.2063 0.0691491 -0.00248279
113.15 13.3856 -0.397928 -0.397548 66.214 0.0691698 -0.00247879
113.16 13.3864 -0.398693 -0.398917 66.2217 0.0691905 -0.00247471
113.17 13.3872 -0.399447 -0.40028 66.2294 0.0692111 -0.00247056
113.18 13.3879 -0.400188 -0.401639 66.2371 0.0692316 -0.00246634
113.19 13.3886 -0.400916 -0.402992 66.2448 0.0692521 -0.00246205
113.2 13.3893 -0.401633 -0.40434 66.2524 0.0692724 -0.00245769
113.21 13.39 -0.402338 -0.405682 66.2601 0.0692928 -0.00245327
113.22 13.3907 -0.40303 -0.40702 66.2678 0.069313 -0.00244878
113.23 13.3914 -0.40371 -0.408352 66.2755 0.0693332 -0.00244422
113.24 13.3921 -0.404378 -0.409678 66.2832 0.0693533 -0.0024396
113.25 13.3927 -0.405034 -0.410999 66.2909 0.0693733 -0.00243492
113.26 13.3934 -0.405677 -0.412314 66.2985 0.0693932 -0.00243017
113.27 13.394 -0.406309 -0.413624 66.3062 0.0694131 -0.00242536
113.28 13.3946 -0.406928 -0.414928 66.3139 0.0694329 -0.00242048
113.29 13.3952 -0.407535 -0.416226 66.3216 0.0694526 -0.00241555
113.3 13.3958 -0.408129 -0.417518 66.3293 0.0694723 -0.00241055
113.31 13.3964 -0.408712 -0.418805 66.337 0.0694918 -0.00240549
113.32 13.3969 -0.409282 -0.420085 66.3447 0.0695113 -0.00240038
113.33 13.3974 -0.409839 -0.42136 66.3523 0.0695307 -0.00239521
113.34 13.398 -0.410385 -0.422628 66.36 0.06955 -0.00238998
113.35 13.3985 -0.410917 -0.423891 66.3677 0.0695693 -0.00238469
113.36 13.399 -0.411438 -0.425147 66.3754 0.0695884 -0.00237935
113.37 13.3995 -0.411945 -0.426397 66.3831 0.0696075 -0.00237395
113.38 13.4 -0.41244 -0.427641 66.3908 0.0696265 -0.0023685
113.39 13.4004 -0.412923 -0.428878 66.3985 0.0696454 -0.00236299
113.4 13.4009 -0.413392 -0.430109 66.4061 0.0696642 -0.00235743
113.41 13.4013 -0.413849 -0.431334 66.4138 0.069683 -0.00235182
113.42 13.4017 -0.414293 -0.432552 66.4215 0.0697016 -0.00234616
113.43 13.4021 -0.414724 -0.433763 66.4292 0.0697202 -0.00234044
113.44 13.4025 -0.415142 -0.434968 66.4369 0.0697387 -0.00233468
113.45 13.4029 -0.415547 -0.436166 66.4446 0.0697571 -0.00232887
113.46 13.4033 -0.415938 -0.437358 66.4523 0.0697754 -0.002323
113.47 13.4036 -0.416317 -0.438543 66.4599 0.0697936 -0.00231709
113.48 13.404 -0.416683 -0.439721 66.4676 0.0698117 -0.00231113
113.49 13.4043 -0.417035 -0.440892 66.4753 0.0698298 -0.00230512
113.5 13.4046 -0.417375 -0.442056 66.483 0.0698477 -0.00229908
113.51 13.4049 -0.417701 -0.443213 66.4907 0.0698656 -0.00229299
113.52 13.4052 -0.418014 -0.444363 66.4984 0.0698834 -0.00228684
113.53 13.4055 -0.418314 -0.445506 66.5061 0.0699011 -0.00228065
113.54 13.4057 -0.4186 -0.446642 66.5137 0.0699186 -0.00227442
113.55 13.406 -0.418874 -0.44777 66.5214 0.0699361 -0.00226814
113.56 13.4062 -0.419134 -0.448892 66.5291 0.0699536 -0.00226182
113.57 13.4064 -0.419382 -0.450006 66.5368 0.0699709 -0.00225547
113.58 13.4066 -0.419616 -0.451112 66.5445 0.0699881 -0.00224908
113.59 13.4068 -0.419837 -0.452212 66.5522 0.0700053 -0.00224264
113.6 13.407 -0.420046 -0.453304 66.5599 0.0700223 -0.00223615
113.61 13.4072 -0.420241 -0.454388 66.5675 0.0700393 -0.00222962
113.62 13.4073 -0.420423 -0.455465 66.5752 0.0700561 -0.00222305
113.63 13.4074 -0.420593 -0.456534 66.5829 0.0700729 -0.00221644
113.64 13.4076 -0.420749 -0.457596 66.5906 0.0700896 -0.0022098
113.65 13.4077 -0.420893 -0.45865 66.5983 0.0701062 -0.00220312
113.66 13.4078 -0.421024 -0.459696 66.606 0.0701227 -0.00219641
113.67 13.4079 -0.421142 -0.460735 66.6137 0.0701391 -0.00218965
113.68 13.4079 -0.421247 -0.461766 66.6214 0.0701554 -0.00218284
113.69 13.408 -0.42134 -0.46279 66.629 0.0701716 -0.002176
113.7 13.408 -0.421419 -0.463805 66.6367 0.0701877 -0.00216911
113.71 13.4081 -0.421486 -0.464813 66.6444 0.0702037 -0.0021622
113.72 13.4081 -0.42154 -0.465812 66.6521 0.0702196 -0.00215525
113.73 13.4081 -0.421581 -0.466804 66.6598 0.0702354 -0.00214827
113.74 13.4081 -0.421609 -0.467788 66.6675 0.0702511 -0.00214125
113.75 13.408 -0.421625 -0.468764 66.6752 0.0702667 -0.00213418
113.76 13.408 -0.421627 -0.469732 66.6828 0.0702823 -0.00212704
113.77 13.408 -0.421617 -0.470692 66.6905 0.0702977 -0.00211981
113.78 13.4079 -0.421594 -0.471644 66.6982 0.070313 -0.00211255
113.79 13.4078 -0.421558 -0.472588 66.7059 0.0703282 -0.00210533
113.8 13.4077 -0.421509 -0.473523 66.7136 0.0703433 -0.00209814
113.81 13.4076 -0.421447 -0.474451 66.7213 0.0703584 -0.00209091
113.82 13.4075 -0.421372 -0.47537 66.729 0.0703733 -0.00208357
113.83 13.4074 -0.421284 -0.476281 66.7367 0.0703881 -0.00207615
113.84 13.4073 -0.421183 -0.477184 66.7443 0.0704028 -0.0020687
113.85 13.4071 -0.421069 -0.478079 66.752 0.0704174 -0.00206124
113.86 13.4069 -0.420942 -0.478965 66.7597 0.0704319 -0.00205377
113.87 13.4067 -0.420802 -0.479843 66.7674 0.0704463 -0.00204625
113.88 13.4066 -0.420649 -0.480712 66.7751 0.0704605 -0.00203868
113.89 13.4063 -0.420483 -0.481573 66.7828 0.0704747 -0.00203106
113.9 13.4061 -0.420305 -0.482426 66.7905 0.0704888 -0.00202341
113.91 13.4059 -0.420113 -0.48327 66.7982 0.0705027 -0.00201574
113.92 13.4057 -0.419908 -0.484105 66.8058 0.0705166 -0.00200802
113.93 13.4054 -0.419691 -0.484932 66.8135 0.0705303 -0.00200024
113.94 13.4051 -0.419461 -0.48575 66.8212 0.0705439 -0.00199242
113.95 13.4048 -0.419218 -0.48656 66.8289 0.0705574 -0.00198457
113.96 13.4045 -0.418962 -0.48736 66.8366 0.0705708 -0.0019767
113.97 13.4042 -0.418694 -0.488153 66.8443 0.0705841 -0.0019688
113.98 13.4039 -0.418413 -0.488936 66.852 0.0705973 -0.00196086
113.99 13.4036 -0.41812 -0.48971 66.8597 0.0706103 -0.00195287
114 13.4032 -0.417815 -0.490476 66.8674 0.0706233 -0.00194482
114.01 13.4029 -0.417497 -0.491233 66.875 0.0706361 -0.00193672
114.02 13.4025 -0.417167 -0.49198 66.8827 0.0706488 -0.0019286
114.03 13.4021 -0.416825 -0.492719 66.8904 0.0706613 -0.00192047
114.04 13.4017 -0.41647 -0.493449 66.8981 0.0706738 -0.0019123
114.05 13.4013 -0.416104 -0.49417 66.9058 0.0706861 -0.00190409
114.06 13.4009 -0.415725 -0.494882 66.9135 0.0706984 -0.00189584
114.07 13.4004 -0.415334 -0.495585 66.9212 0.0707105 -0.00188753
114.08 13.4 -0.414932 -0.496279 66.9289 0.0707224 -0.00187917
114.09 13.3995 -0.414517 -0.496964 66.9366 0.0707343 -0.00187078
114.1 13.3991 -0.414091 -0.497639 66.9442 0.070746 -0.00186237
114.11 13.3986 -0.413652 -0.498306 66.9519 0.0707575 -0.00185393
114.12 13.3981 -0.413201 -0.498964 66.9596 0.070769 -0.00184546
114.13 13.3976 -0.412739 -0.499613 66.9673 0.0707803 -0.00183695
114.14 13.3971 -0.412265 -0.500252 66.975 0.0707916 -0.0018284
114.15 13.3965 -0.411778 -0.500883 66.9827 0.0708026 -0.00181979
114.16 13.396 -0.41128 -0.501504 66.9904 0.0708136 -0.00181113
114.17 13.3954 -0.41077 -0.502117 66.9981 0.0708244 -0.00180244
114.18 13.3949 -0.410248 -0.50272 67.0058 0.070835 -0.00179373
114.19 13.3943 -0.409714 -0.503315 67.0134 0.0708456 -0.00178501
114.2 13.3937 -0.409167 -0.5039 67.0211 0.070856 -0.00177625
114.21 13.3931 -0.408609 -0.504476 67.0288 0.0708663 -0.00176745
114.22 13.3925 -0.408039 -0.505043 67.0365 0.0708764 -0.00175859
114.23 13.3919 -0.407458 -0.505601 67.0442 0.0708864 -0.00174969
114.24 13.3912 -0.406864 -0.50615 67.0519 0.0708963 -0.00174075
114.25 13.3906 -0.406258 -0.50669 67.0596 0.070906 -0.00173178
114.26 13.3899 -0.405641 -0.50722 67.0673 0.0709155 -0.00172279
114.27 13.3892 -0.405011 -0.507742 67.075 0.070925 -0.00171379
114.28 13.3885 -0.40437 -0.508254 67.0827 0.0709343 -0.00170475
114.29 13.3878 -0.403717 -0.508757 67.0903 0.0709434 -0.00169566
114.3 13.3871 -0.403053 -0.509251 67.098 0.0709525 -0.00168652
114.31 13.3864 -0.402377 -0.509736 67.1057 0.0709614 -0.00167732
114.32 13.3857 -0.40169 -0.510212 67.1134 0.0709702 -0.00166809
114.33 13.3849 -0.400992 -0.510678 67.1211 0.0709788 -0.00165886
114.34 13.3842 -0.400282 -0.511135 67.1288 0.0709872 -0.00164963
114.35 13.3834 -0.399561 -0.511583 67.1365 0.0709955 -0.00164036
114.36 13.3826 -0.39883 -0.512022 67.1442 0.0710036 -0.00163104
114.37 13.3819 -0.398087 -0.512452 67.1519 0.0710116 -0.00162167
114.38 13.3811 -0.397334 -0.512872 67.1596 0.0710195 -0.00161225
114.39 13.3802 -0.396569 -0.513283 67.1673 0.0710272 -0.00160281
114.4 13.3794 -0.395794 -0.513685 67.1749 0.0710347 -0.00159336
114.41 13.3786 -0.395009 -0.514077 67.1826 0.0710421 -0.00158388
114.42 13.3778 -0.394213 -0.51446 67.1903 0.0710494 -0.00157437
114.43 13.3769 -0.393406 -0.514834 67.198 0.0710565 -0.00156483
114.44 13.376 -0.392589 -0.515198 67.2057 0.0710634 -0.00155525
114.45 13.3752 -0.391762 -0.515554 67.2134 0.0710702 -0.00154564
114.46 13.3743 -0.390924 -0.515899 67.2211 0.0710769 -0.00153599
114.47 13.3734 -0.390076 -0.516236 67.2288 0.0710833 -0.00152631
114.48 13.3725 -0.389218 -0.516563 67.2365 0.0710897 -0.00151662
114.49 13.3716 -0.38835 -0.516881 67.2442 0.0710958 -0.0015069
114.5 13.3706 -0.387472 -0.51719 67.2519 0.0711018 -0.00149717
114.51 13.3697 -0.386583 -0.517489 67.2596 0.0711077 -0.00148741
114.52 13.3687 -0.385685 -0.517779 67.2672 0.0711134 -0.00147761
114.53 13.3678 -0.384776 -0.518059 67.2749 0.0711189 -0.00146777
114.54 13.3668 -0.383857 -0.518331 67.2826 0.0711243 -0.00145791
114.55 13.3658 -0.382929 -0.518593 67.2903 0.0711294 -0.00144802
114.56 13.3648 -0.38199 -0.518845 67.298 0.0711345 -0.00143812
114.57 13.3638 -0.381041 -0.519089 67.3057 0.0711393 -0.00142822
114.58 13.3628 -0.380083 -0.519323 67.3134 0.071144 -0.00141829
114.59 13.3618 -0.379114 -0.519548 67.3211 0.0711486 -0.00140834
114.6 13.3608 -0.378135 -0.519764 67.3288 0.071153 -0.00139836
114.61 13.3597 -0.377147 -0.519971 67.3365 0.0711571 -0.00138834
114.62 13.3587 -0.376149 -0.520169 67.3442 0.0711612 -0.0013783
114.63 13.3576 -0.375141 -0.520358 67.3519 0.071165 -0.00136826
114.64 13.3565 -0.374123 -0.520537 67.3596 0.0711687 -0.0013582
114.65 13.3555 -0.373095 -0.520708 67.3672 0.0711722 -0.00134814
114.66 13.3544 -0.372057 -0.520869 67.3749 0.0711756 -0.00133807
114.67 13.3533 -0.37101 -0.521022 67.3826 0.0711787 -0.00132797
114.68 13.3521 -0.369954 -0.521165 67.3903 0.0711817 -0.00131784
114.69 13.351 -0.368888 -0.5213 67.398 0.0711845 -0.00130769
114.7 13.3499 -0.367812 -0.521425 67.4057 0.0711872 -0.00129753
114.71 13.3487 -0.366727 -0.521542 67.4134 0.0711896 -0.00128736
114.72 13.3476 -0.365633 -0.52165 67.4211 0.0711919 -0.00127719
114.73 13.3464 -0.36453 -0.521749 67.4288 0.071194 -0.00126703
114.74 13.3453 -0.363418 -0.521839 67.4365 0.0711959 -0.00125685
114.75 13.3441 -0.362296 -0.52192 67.4442 0.0711977 -0.00124665
114.76 13.3429 -0.361166 -0.521992 67.4519 0.0711992 -0.00123642
114.77 13.3417 -0.360028 -0.522055 67.4596 0.0712006 -0.00122619
114.78 13.3405 -0.35888 -0.52211 67.4673 0.0712018 -0.00121595
114.79 13.3392 -0.357724 -0.522156 67.475 0.0712028 -0.00120571
114.8 13.338 -0.35656 -0.522193 67.4827 0.0712036 -0.00119549
114.81 13.3368 -0.355387 -0.522221 67.4903 0.0712042 -0.00118526
114.82 13.3355 -0.354206 -0.522241 67.498 0.0712046 -0.00117503
114.83 13.3343 -0.353016 -0.522252 67.5057 0.0712049 -0.00116477
114.84 13.333 -0.351819 -0.522254 67.5134 0.0712049 -0.00115451
114.85 13.3317 -0.350613 -0.522248 67.5211 0.0712048 -0.00114424
114.86 13.3304 -0.3494 -0.522233 67.5288 0.0712045 -0.00113398
114.87 13.3291 -0.348178 -0.522209 67.5365 0.071204 -0.00112373
114.88 13.3278 -0.346948 -0.522177 67.5442 0.0712032 -0.0011135
114.89 13.3265 -0.345711 -0.522136 67.5519 0.0712023 -0.00110327
114.9 13.3252 -0.344465 -0.522087 67.5596 0.0712012 -0.00109303
114.91 13.3239 -0.343212 -0.522029 67.5673 0.0711999 -0.00108279
114.92 13.3225 -0.341951 -0.521963 67.575 0.0711984 -0.00107254
114.93 13.3212 -0.340683 -0.521888 67.5827 0.0711968 -0.0010623
114.94 13.3198 -0.339406 -0.521805 67.5904 0.0711949 -0.00105207
114.95 13.3184 -0.338122 -0.521714 67.5981 0.0711928 -0.00104186
114.96 13.3171 -0.33683 -0.521614 67.6058 0.0711905 -0.00103168
114.97 13.3157 -0.335531 -0.521506 67.6135 0.071188 -0.0010215
114.98 13.3143 -0.334224 -0.521389 67.6212 0.0711853 -0.00101132
114.99 13.3129 -0.33291 -0.521265 67.6289 0.0711824 -0.00100114
115 13.3115 -0.331588 -0.521132 67.6366 0.0711793 -0.000990964
115.01 13.31 -0.330258 -0.520991 67.6443 0.071176 -0.000980806
115.02 13.3086 -0.328922 -0.520842 67.652 0.0711725 -0.000970674
115.03 13.3072 -0.327578 -0.520685 67.6596 0.0711688 -0.000960569
115.04 13.3057 -0.326226 -0.520519 67.6673 0.0711649 -0.000950485
115.05 13.3043 -0.324868 -0.520346 67.675 0.0711608 -0.000940413
115.06 13.3028 -0.323502 -0.520164 67.6827 0.0711565 -0.000930346
115.07 13.3014 -0.322129 -0.519975 67.6904 0.071152 -0.000920286
115.08 13.2999 -0.32075 -0.519777 67.6981 0.0711472 -0.00091024
115.09 13.2984 -0.319364 -0.519572 67.7058 0.0711423 -0.000900221
115.1 13.2969 -0.31797 -0.519359 67.7135 0.0711372 -0.000890234
115.11 13.2954 -0.316571 -0.519138 67.7212 0.0711318 -0.000880278
115.12 13.2939 -0.315164 -0.518909 67.7289 0.0711263 -0.000870346
115.13 13.2924 -0.313752 -0.518672 67.7366 0.0711205 -0.000860429
115.14 13.2908 -0.312332 -0.518428 67.7443 0.0711145 -0.000850524
115.15 13.2893 -0.310907 -0.518176 67.752 0.0711083 -0.000840632
115.16 13.2878 -0.309476 -0.517916 67.7597 0.071102 -0.000830764
115.17 13.2862 -0.308038 -0.517649 67.7674 0.0710954 -0.000820927
115.18 13.2846 -0.306595 -0.517374 67.7751 0.0710886 -0.000811122
115.19 13.2831 -0.305146 -0.517091 67.7828 0.0710816 -0.000801344
115.2 13.2815 -0.303691 -0.516801 67.7905 0.0710744 -0.000791595
115.21 13.2799 -0.302231 -0.516504 67.7982 0.071067 -0.000781881
115.22 13.2783 -0.300765 -0.516199 67.8059 0.0710594 -0.000772191
115.23 13.2768 -0.299294 -0.515887 67.8136 0.0710515 -0.000762513
115.24 13.2752 -0.297818 -0.515567 67.8213 0.0710435 -0.000752848
115.25 13.2735 -0.296337 -0.51524 67.829 0.0710352 -0.000743212
115.26 13.2719 -0.29485 -0.514906 67.8367 0.0710267 -0.000733624
115.27 13.2703 -0.293358 -0.514565 67.8444 0.071018 -0.000724088
115.28 13.2687 -0.291862 -0.514217 67.8521 0.0710092 -0.00071459
115.29 13.267 -0.29036 -0.513861 67.8598 0.0710001 -0.000705106
115.3 13.2654 -0.288853 -0.513498 67.8675 0.0709908 -0.000695625
115.31 13.2638 -0.287341 -0.513129 67.8752 0.0709812 -0.000686159
115.32 13.2621 -0.285825 -0.512752 67.8829 0.0709715 -0.000676729
115.33 13.2604 -0.284304 -0.512369 67.8906 0.0709616 -0.000667351
115.34 13.2588 -0.282777 -0.511978 67.8983 0.0709514 -0.000658025
115.35 13.2571 -0.281246 -0.511581 67.906 0.0709411 -0.000648755
115.36 13.2554 -0.279711 -0.511177 67.9137 0.0709305 -0.000639539
115.37 13.2537 -0.278171 -0.510766 67.9214 0.0709198 -0.00063033
115.38 13.252 -0.276626 -0.510348 67.9291 0.0709088 -0.000621093
115.39 13.2503 -0.275077 -0.509924 67.9368 0.0708976 -0.000611853
115.4 13.2486 -0.273524 -0.509494 67.9445 0.0708862 -0.000602667
115.41 13.2469 -0.271966 -0.509056 67.9522 0.0708745 -0.000593569
115.42 13.2452 -0.270404 -0.508613 67.9599 0.0708627 -0.000584543
115.43 13.2435 -0.268838 -0.508162 67.9676 0.0708507 -0.000575542
115.44 13.2417 -0.267268 -0.507706 67.9753 0.0708384 -0.000566534
115.45 13.24 -0.265694 -0.507243 67.983 0.0708259 -0.000557528
115.46 13.2383 -0.264116 -0.506773 67.9907 0.0708133 -0.000548552
115.47 13.2365 -0.262534 -0.506298 67.9984 0.0708004 -0.000539632
115.48 13.2348 -0.260949 -0.505816 68.0061 0.0707873 -0.00053077
115.49 13.233 -0.25936 -0.505328 68.0138 0.070774 -0.000521954
115.5 13.2312 -0.257767 -0.504834 68.0215 0.0707605 -0.000513168
115.51 13.2295 -0.256172 -0.504333 68.0292 0.0707468 -0.000504406
115.52 13.2277 -0.254573 -0.503827 68.0369 0.0707329 -0.000495665
115.53 13.2259 -0.252971 -0.503314 68.0446 0.0707187 -0.00048695
115.54 13.2241 -0.251366 -0.502796 68.0523 0.0707044 -0.000478265
115.55 13.2223 -0.249758 -0.502271 68.06 0.0706898 -0.000469616
115.56 13.2205 -0.248147 -0.501741 68.0677 0.0706751 -0.000461009
115.57 13.2187 -0.246534 -0.501205 68.0754 0.0706601 -0.000452448
115.58 13.2169 -0.244918 -0.500663 68.0831 0.0706449 -0.000443929
115.59 13.2151 -0.2433 -0.500115 68.0908 0.0706295 -0.000435438
115.6 13.2133 -0.24168 -0.499561 68.0985 0.0706139 -0.000426961
115.61 13.2115 -0.240057 -0.499001 68.1062 0.0705981 -0.000418497
115.62 13.2097 -0.238432 -0.498436 68.1139 0.0705821 -0.00041006
115.63 13.2078 -0.236805 -0.497866 68.1216 0.0705659 -0.000401664
115.64 13.206 -0.235175 -0.497289 68.1293 0.0705495 -0.000393316
115.65 13.2042 -0.233544 -0.496707 68.137 0.0705329 -0.000385011
115.66 13.2023 -0.231911 -0.49612 68.1447 0.0705161 -0.000376735
115.67 13.2005 -0.230276 -0.495527 68.1524 0.070499 -0.000368476
115.68 13.1986 -0.228639 -0.494929 68.1601 0.0704818 -0.000360229
115.69 13.1968 -0.227001 -0.494326 68.1678 0.0704644 -0.000352
115.7 13.1949 -0.225361 -0.493717 68.1755 0.0704467 -0.0003438
115.71 13.1931 -0.223719 -0.493103 68.1832 0.0704289 -0.000335639
115.72 13.1912 -0.222075 -0.492484 68.1909 0.0704109 -0.00032752
115.73 13.1893 -0.22043 -0.491859 68.1986 0.0703926 -0.000319434
115.74 13.1875 -0.218784 -0.49123 68.2063 0.0703742 -0.000311372
115.75 13.1856 -0.217136 -0.490595 68.214 0.0703555 -0.000303324
115.76 13.1837 -0.215487 -0.489956 68.2217 0.0703367 -0.000295286
115.77 13.1818 -0.213836 -0.489311 68.2294 0.0703177 -0.000287265
115.78 13.1799 -0.212185 -0.488662 68.2371 0.0702984 -0.000279271
115.79 13.1781 -0.210532 -0.488008 68.2448 0.070279 -0.000271314
115.8 13.1762 -0.208878 -0.487349 68.2525 0.0702594 -0.000263394
115.81 13.1743 -0.207223 -0.486685 68.2602 0.0702396 -0.000255502
115.82 13.1724 -0.205567 -0.486017 68.2679 0.0702195 -0.000247624
115.83 13.1705 -0.20391 -0.485344 68.2757 0.0701993 -0.000239754
115.84 13.1686 -0.202253 -0.484666 68.2834 0.0701789 -0.000231894
115.85 13.1667 -0.200595 -0.483984 68.2911 0.0701583 -0.000224053
115.86 13.1647 -0.198936 -0.483297 68.2988 0.0701375 -0.000216239
115.87 13.1628 -0.197278 -0.482606 68.3065 0.0701166 -0.000208459
115.88 13.1609 -0.195619 -0.48191 68.3142 0.0700954 -0.000200707
115.89 13.159 -0.19396 -0.48121 68.3219 0.070074 -0.000192975
115.9 13.1571 -0.192301 -0.480506 68.3296 0.0700525 -0.000185255
115.91 13.1552 -0.190642 -0.479797 68.3373 0.0700307 -0.00017754
115.92 13.1532 -0.188983 -0.479085 68.345 0.0700088 -0.000169836
115.93 13.1513 -0.187325 -0.478368 68.3527 0.0699867 -0.00016215
115.94 13.1494 -0.185667 -0.477646 68.3604 0.0699644 -0.000154491
115.95 13.1475 -0.18401 -0.476921 68.3681 0.0699419 -0.000146861
115.96 13.1455 -0.182354 -0.476192 68.3758 0.0699193 -0.000139255
115.97 13.1436 -0.180699 -0.475459 68.3835 0.0698964 -0.000131664
115.98 13.1417 -0.179044 -0.474722 68.3912 0.0698734 -0.000124082
115.99 13.1398 -0.177391 -0.473981 68.3989 0.0698502 -0.000116505
116 13.1378 -0.175739 -0.473236 68.4066 0.0698268 -0.000108939
116.01 13.1359 -0.174088 -0.472488 68.4143 0.0698033 -0.000101392
116.02 13.134 -0.172438 -0.471735 68.422 0.0697796 -9.38717e-05
116.03 13.132 -0.17079 -0.470979 68.4297 0.0697557 -8.63772e-05
116.04 13.1301 -0.169144 -0.47022 68.4375 0.0697316 -7.89032e-05
116.05 13.1281 -0.167499 -0.469457 68.4452 0.0697074 -7.14435e-05
116.06 13.1262 -0.165855 -0.46869 68.4529 0.0696829 -6.39912e-05
116.07 13.1243 -0.164214 -0.46792 68.4606 0.0696584 -5.65453e-05
116.08 13.1223 -0.162574 -0.467146 68.4683 0.0696336 -4.91107e-05
116.09 13.1204 -0.160936 -0.466369 68.476 0.0696087 -4.16955e-05
116.1 13.1184 -0.1593 -0.465589 68.4837 0.0695837 -3.43077e-05
116.11 13.1165 -0.157666 -0.464805 68.4914 0.0695585 -2.69469e-05
116.12 13.1146 -0.156033 -0.464018 68.4991 0.0695331 -1.96051e-05
116.13 13.1126 -0.154403 -0.463228 68.5068 0.0695075 -1.22747e-05
116.14 13.1107 -0.152775 -0.462435 68.5145 0.0694818 -4.95215e-06
116.15 13.1087 -0.15115 -0.461638 68.5222 0.069456 2.36154e-06
116.16 13.1068 -0.149526 -0.460839 68.5299 0.06943 9.65894e-06
116.17 13.1048 -0.147905 -0.460036 68.5376 0.0694038 1.6933e-05
116.18 13.1029 -0.146286 -0.45923 68.5453 0.0693775 2.41791e-05
116.19 13.101 -0.14467 -0.458421 68.5531 0.0693511 3.13973e-05
116.2 13.099 -0.143056 -0.45761 68.5608 0.0693245 3.85958e-05
116.21 13.0971 -0.141445 -0.456795 68.5685 0.0692978 4.57827e-05
116.22 13.0951 -0.139837 -0.455978 68.5762 0.0692709 5.29586e-05
116.23 13.0932 -0.138232 -0.455158 68.5839 0.0692439 6.01193e-05
116.24 13.0913 -0.136629 -0.454334 68.5916 0.0692167 6.7258e-05
116.25 13.0893 -0.13503 -0.453509 68.5993 0.0691894 7.4344e-05
116.26 13.0874 -0.133434 -0.45268 68.607 0.069162 8.13575e-05
116.27 13.0855 -0.131841 -0.451849 68.6147 0.0691345 8.83511e-05
116.28 13.0835 -0.130252 -0.451015 68.6224 0.0691068 9.53846e-05
116.29 13.0816 -0.128667 -0.450178 68.6301 0.069079 0.000102446
116.3 13.0797 -0.127086 -0.449339 68.6378 0.069051 0.000109474
116.31 13.0777 -0.125508 -0.448498 68.6456 0.069023 0.00011643
116.32 13.0758 -0.123935 -0.447654 68.6533 0.0689948 0.000123324
116.33 13.0739 -0.122365 -0.446808 68.661 0.0689665 0.000130198
116.34 13.072 -0.1208 -0.445959 68.6687 0.068938 0.000137073
116.35 13.0701 -0.11924 -0.445108 68.6764 0.0689095 0.000143938
116.36 13.0681 -0.117684 -0.444255 68.6841 0.0688808 0.000150762
116.37 13.0662 -0.116132 -0.443399 68.6918 0.068852 0.000157535
116.38 13.0643 -0.114585 -0.442542 68.6995 0.0688231 0.000164268
116.39 13.0624 -0.113043 -0.441682 68.7072 0.0687941 0.000170978
116.4 13.0605 -0.111506 -0.44082 68.7149 0.068765 0.000177669
116.41 13.0586 -0.109974 -0.439956 68.7226 0.0687358 0.000184327
116.42 13.0567 -0.108447 -0.43909 68.7304 0.0687064 0.00019094
116.43 13.0548 -0.106926 -0.438223 68.7381 0.068677 0.000197507
116.44 13.0529 -0.105409 -0.437353 68.7458 0.0686474 0.000204036
116.45 13.051 -0.103898 -0.436482 68.7535 0.0686178 0.000210536
116.46 13.0491 -0.102393 -0.435609 68.7612 0.068588 0.000217006
116.47 13.0472 -0.100893 -0.434734 68.7689 0.0685582 0.000223436
116.48 13.0453 -0.0993979 -0.433857 68.7766 0.0685283 0.000229818
116.49 13.0434 -0.0979089 -0.432979 68.7843 0.0684982 0.000236152
116.5 13.0416 -0.0964255 -0.4321 68.792 0.0684681 0.000242441
116.51 13.0397 -0.0949479 -0.431219 68.7998 0.0684379 0.000248688
116.52 13.0378 -0.0934762 -0.430336 68.8075 0.0684076 0.000254897
116.53 13.036 -0.0920103 -0.429453 68.8152 0.0683772 0.000261062
116.54 13.0341 -0.0905503 -0.428568 68.8229 0.0683467 0.000267179
116.55 13.0322 -0.0890964 -0.427681 68.8306 0.0683161 0.000273244
116.56 13.0304 -0.0876485 -0.426794 68.8383 0.0682855 0.000279257
116.57 13.0285 -0.0862068 -0.425905 68.846 0.0682548 0.000285219
116.58 13.0267 -0.0847714 -0.425015 68.8537 0.068224 0.000291131
116.59 13.0249 -0.0833424 -0.424124 68.8614 0.0681931 0.000296991
116.6 13.023 -0.0819198 -0.423231 68.8692 0.0681622 0.000302798
116.61 13.0212 -0.0805037 -0.422338 68.8769 0.0681311 0.000308551
116.62 13.0194 -0.0790943 -0.421443 68.8846 0.0681001 0.000314249
116.63 13.0175 -0.0776916 -0.420548 68.8923 0.0680689 0.000319889
116.64 13.0157 -0.0762958 -0.419651 68.9 0.0680377 0.00032547
116.65 13.0139 -0.074907 -0.418754 68.9077 0.0680064 0.000330989
116.66 13.0121 -0.0735253 -0.417856 68.9154 0.0679751 0.000336447
116.67 13.0103 -0.0721508 -0.416956 68.9231 0.0679437 0.000341844
116.68 13.0085 -0.0707837 -0.416056 68.9309 0.0679122 0.000347181
116.69 13.0068 -0.069424 -0.415155 68.9386 0.0678807 0.000352456
116.7 13.005 -0.0680719 -0.414253 68.9463 0.0678492 0.000357665
116.71 13.0032 -0.0667274 -0.413351 68.954 0.0678175 0.000362771
116.72 13.0014 -0.0653905 -0.412447 68.9617 0.0677859 0.000367746
116.73 12.9997 -0.0640614 -0.411543 68.9694 0.0677542 0.000372661
116.74 12.9979 -0.0627405 -0.410639 68.9771 0.0677224 0.000377592
116.75 12.9962 -0.0614278 -0.409733 68.9848 0.0676906 0.000382516
116.76 12.9944 -0.0601233 -0.408827 68.9926 0.0676588 0.000387351
116.77 12.9927 -0.0588268 -0.407921 69.0003 0.067627 0.000392048
116.78 12.991 -0.0575386 -0.407014 69.008 0.0675951 0.000396628
116.79 12.9893 -0.0562589 -0.406106 69.0157 0.0675632 0.000401145
116.8 12.9876 -0.0549878 -0.405198 69.0234 0.0675312 0.000405625
116.81 12.9859 -0.0537254 -0.40429 69.0311 0.0674992 0.000410048
116.82 12.9842 -0.0524717 -0.403381 69.0388 0.0674672 0.000414376
116.83 12.9825 -0.0512266 -0.402472 69.0466 0.0674352 0.000418593
116.84 12.9808 -0.0499904 -0.401563 69.0543 0.0674032 0.00042272
116.85 12.9791 -0.0487631 -0.400653 69.062 0.0673711 0.000426777
116.86 12.9775 -0.0475448 -0.399744 69.0697 0.0673391 0.000430771
116.87 12.9758 -0.0463356 -0.398834 69.0774 0.067307 0.000434686
116.88 12.9742 -0.0451354 -0.397924 69.0851 0.0672749 0.000438502
116.89 12.9725 -0.0439443 -0.397014 69.0928 0.0672428 0.000442217
116.9 12.9709 -0.0427624 -0.396104 69.1006 0.0672107 0.000445845
116.91 12.9693 -0.0415898 -0.395194 69.1083 0.0671786 0.000449396
116.92 12.9677 -0.0404265 -0.394284 69.116 0.0671465 0.000452871
116.93 12.9661 -0.0392727 -0.393375 69.1237 0.0671144 0.000456259
116.94 12.9645 -0.0381283 -0.392465 69.1314 0.0670823 0.00045955
116.95 12.9629 -0.0369934 -0.391556 69.1391 0.0670502 0.000462743
116.96 12.9613 -0.0358681 -0.390647 69.1469 0.0670181 0.000465845
116.97 12.9597 -0.0347525 -0.389738 69.1546 0.0669861 0.000468861
116.98 12.9582 -0.0336468 -0.38883 69.1623 0.066954 0.000471792
116.99 12.9566 -0.0325509 -0.387922 69.17 0.066922 0.000474632
117 12.9551 -0.0314649 -0.387014 69.1777 0.06689 0.000477378
117.01 12.9536 -0.0303891 -0.386107 69.1854 0.066858 0.000480028
117.02 12.9521 -0.0293234 -0.385201 69.1931 0.066826 0.000482585
117.03 12.9505 -0.0282679 -0.384295 69.2009 0.0667941 0.000485051
117.04 12.949 -0.0272229 -0.383389 69.2086 0.0667622 0.000487425
117.05 12.9476 -0.0261884 -0.382484 69.2163 0.0667303 0.000489705
117.06 12.9461 -0.0251645 -0.38158 69.224 0.0666985 0.00049189
117.07 12.9446 -0.0241513 -0.380676 69.2317 0.0666666 0.000493981
117.08 12.9432 -0.023149 -0.379773 69.2394 0.0666349 0.000495978
117.09 12.9417 -0.0221576 -0.378871 69.2472 0.0666032 0.000497883
117.1 12.9403 -0.0211774 -0.377969 69.2549 0.0665715 0.000499693
117.11 12.9389 -0.0202083 -0.377068 69.2626 0.0665399 0.000501407
117.12 12.9374 -0.0192505 -0.376168 69.2703 0.0665083 0.000503027
117.13 12.936 -0.0183041 -0.375269 69.278 0.0664767 0.000504552
117.14 12.9347 -0.0173692 -0.37437 69.2858 0.0664453 0.000505982
117.15 12.9333 -0.0164459 -0.373473 69.2935 0.0664138 0.000507319
117.16 12.9319 -0.0155343 -0.372576 69.3012 0.0663825 0.00050856
117.17 12.9306 -0.0146345 -0.37168 69.3089 0.0663512 0.000509707
117.18 12.9292 -0.0137465 -0.370785 69.3166 0.0663199 0.000510759
117.19 12.9279 -0.0128704 -0.369891 69.3243 0.0662888 0.000511718
117.2 12.9266 -0.0120064 -0.368998 69.3321 0.0662577 0.000512582
117.21 12.9252 -0.0111543 -0.368106 69.3398 0.0662266 0.000513352
117.22 12.924 -0.0103144 -0.367216 69.3475 0.0661956 0.000514025
117.23 12.9227 -0.00948664 -0.366326 69.3552 0.0661648 0.000514605
117.24 12.9214 -0.00867106 -0.365437 69.3629 0.066134 0.000515091
117.25 12.9201 -0.00786774 -0.36455 69.3707 0.0661032 0.000515486
117.26 12.9189 -0.00707671 -0.363664 69.3784 0.0660726 0.000515789
117.27 12.9177 -0.006298 -0.362779 69.3861 0.066042 0.000515999
117.28 12.9164 -0.00553167 -0.361896 69.3938 0.0660115 0.000516116
117.29 12.9152 -0.00477774 -0.361013 69.4015 0.0659811 0.000516138
117.3 12.914 -0.00403625 -0.360133 69.4092 0.0659508 0.000516067
117.31 12.9128 -0.00330726 -0.359253 69.417 0.0659206 0.000515904
117.32 12.9117 -0.00259081 -0.358375 69.4247 0.0658905 0.00051565
117.33 12.9105 -0.00188694 -0.357498 69.4324 0.0658605 0.000515308
117.34 12.9094 -0.00119573 -0.356623 69.4401 0.0658306 0.000514877
117.35 12.9082 -0.000517204 -0.35575 69.4478 0.0658007 0.000514356
117.36 12.9071 0.00014857 -0.354878 69.4556 0.065771 0.000513744
117.37 12.906 0.000801533 -0.354007 69.4633 0.0657414 0.00051304
117.38 12.9049 0.00144162 -0.353138 69.471 0.0657119 0.000512244
117.39 12.9039 0.00206874 -0.352271 69.4787 0.0656825 0.00051136
117.4 12.9028 0.00268281 -0.351406 69.4864 0.0656533 0.000510392
117.41 12.9017 0.00328375 -0.350542 69.4942 0.0656241 0.000509341
117.42 12.9007 0.00387148 -0.34968 69.5019 0.0655951 0.000508206
117.43 12.8997 0.00444602 -0.348819 69.5096 0.0655661 0.000506956
117.44 12.8987 0.00500737 -0.347961 69.5173 0.0655373 0.000505571
117.45 12.8977 0.00555531 -0.347104 69.525 0.0655086 0.000504105
117.46 12.8967 0.00608961 -0.346249 69.5328 0.0654801 0.000502616
117.47 12.8957 0.0066102 -0.345396 69.5405 0.0654517 0.000501093
117.48 12.8948 0.00711715 -0.344544 69.5482 0.0654234 0.000499475
117.49 12.8939 0.00761047 -0.343695 69.5559 0.0653952 0.000497725
117.5 12.8929 0.00809004 -0.342848 69.5637 0.0653672 0.000495862
117.51 12.892 0.00855565 -0.342002 69.5714 0.0653393 0.000493929
117.52 12.8912 0.00900718 -0.341159 69.5791 0.0653115 0.000491944
117.53 12.8903 0.0094446 -0.340317 69.5868 0.0652839 0.000489893
117.54 12.8894 0.00986792 -0.339478 69.5945 0.0652564 0.000487746
117.55 12.8886 0.0102771 -0.338641 69.6023 0.0652291 0.000485497
117.56 12.8877 0.010672 -0.337806 69.61 0.0652019 0.000483163
117.57 12.8869 0.0110526 -0.336973 69.6177 0.0651748 0.000480762
117.58 12.8861 0.0114188 -0.336142 69.6254 0.0651479 0.0004783
117.59 12.8854 0.0117706 -0.335313 69.6331 0.0651212 0.000475765
117.6 12.8846 0.012108 -0.334487 69.6409 0.0650946 0.000473143
117.61 12.8838 0.012431 -0.333663 69.6486 0.0650681 0.00047043
117.62 12.8831 0.0127395 -0.332841 69.6563 0.0650419 0.000467638
117.63 12.8824 0.0130335 -0.332022 69.664 0.0650158 0.000464778
117.64 12.8817 0.0133129 -0.331205 69.6718 0.0649898 0.000461857
117.65 12.881 0.0135779 -0.33039 69.6795 0.064964 0.000458868
117.66 12.8803 0.0138282 -0.329578 69.6872 0.0649384 0.000455803
117.67 12.8797 0.0140641 -0.328768 69.6949 0.0649129 0.00045266
117.68 12.879 0.0142854 -0.327961 69.7027 0.0648876 0.00044944
117.69 12.8784 0.0144922 -0.327156 69.7104 0.0648625 0.000446149
117.7 12.8778 0.0146843 -0.326354 69.7181 0.0648376 0.000442793
117.71 12.8772 0.0148619 -0.325555 69.7258 0.0648128 0.000439371
117.72 12.8766 0.0150248 -0.324758 69.7335 0.0647882 0.000435884
117.73 12.8761 0.0151731 -0.323963 69.7413 0.0647638 0.000432333
117.74 12.8755 0.0153067 -0.323172 69.749 0.0647395 0.000428714
117.75 12.875 0.0154256 -0.322383 69.7567 0.0647155 0.000425027
117.76 12.8745 0.0155299 -0.321597 69.7644 0.0646916 0.00042127
117.77 12.874 0.0156194 -0.320813 69.7722 0.0646679 0.000417444
117.78 12.8735 0.0156941 -0.320033 69.7799 0.0646445 0.000413556
117.79 12.8731 0.015754 -0.319255 69.7876 0.0646212 0.000409609
117.8 12.8726 0.015799 -0.31848 69.7953 0.064598 0.000405602
117.81 12.8722 0.0158292 -0.317708 69.8031 0.0645751 0.000401528
117.82 12.8718 0.0158446 -0.316939 69.8108 0.0645523 0.000397391
117.83 12.8714 0.0158451 -0.316172 69.8185 0.0645298 0.0003932
117.84 12.871 0.0158306 -0.315409 69.8262 0.0645075 0.000388952
117.85 12.8707 0.0158012 -0.314648 69.834 0.0644853 0.00038464
117.86 12.8703 0.0157567 -0.31389 69.8417 0.0644634 0.000380268
117.87 12.87 0.0156971 -0.313136 69.8494 0.0644417 0.000375842
117.88 12.8697 0.0156223 -0.312384 69.8571 0.0644202 0.000371364
117.89 12.8694 0.0155324 -0.311636 69.8649 0.0643989 0.000366832
117.9 12.8691 0.0154272 -0.31089 69.8726 0.0643778 0.000362238
117.91 12.8689 0.0153068 -0.310148 69.8803 0.0643569 0.000357578
117.92 12.8686 0.0151711 -0.309408 69.888 0.0643363 0.000352859
117.93 12.8684 0.0150201 -0.308672 69.8957 0.0643158 0.000348089
117.94 12.8682 0.0148537 -0.307939 69.9035 0.0642956 0.000343276
117.95 12.868 0.014672 -0.307209 69.9112 0.0642756 0.000338416
117.96 12.8678 0.0144749 -0.306482 69.9189 0.0642558 0.000333502
117.97 12.8677 0.0142626 -0.305758 69.9267 0.0642362 0.000328529
117.98 12.8675 0.0140349 -0.305038 69.9344 0.0642168 0.000323496
117.99 12.8674 0.013792 -0.304321 69.9421 0.0641977 0.000318406
118 12.8673 0.0135337 -0.303607 69.9498 0.0641788 0.00031327
118.01 12.8672 0.0132602 -0.302897 69.9576 0.0641601 0.000308089
118.02 12.8672 0.0129715 -0.30219 69.9653 0.0641417 0.000302862
118.03 12.8671 0.0126676 -0.301486 69.973 0.0641235 0.000297589
118.04 12.8671 0.0123485 -0.300786 69.9807 0.0641055 0.000292265
118.05 12.8671 0.0120144 -0.300089 69.9885 0.0640877 0.000286885
118.06 12.8671 0.0116651 -0.299396 69.9962 0.0640702 0.000281452
118.07 12.8671 0.0113008 -0.298706 70.0039 0.0640529 0.000275967
118.08 12.8671 0.0109215 -0.29802 70.0116 0.0640358 0.000270433
118.09 12.8672 0.0105272 -0.297337 70.0194 0.064019 0.000264856
118.1 12.8672 0.0101179 -0.296658 70.0271 0.0640025 0.000259239
118.11 12.8673 0.0096936 -0.295983 70.0348 0.0639861 0.00025358
118.12 12.8674 0.00925438 -0.295311 70.0425 0.06397 0.000247874
118.13 12.8676 0.00880026 -0.294643 70.0503 0.0639542 0.000242111
118.14 12.8677 0.00833125 -0.293979 70.058 0.0639386 0.000236291
118.15 12.8679 0.00784733 -0.293318 70.0657 0.0639232 0.000230419
118.16 12.868 0.00734848 -0.292662 70.0734 0.0639081 0.000224507
118.17 12.8682 0.00683467 -0.292009 70.0812 0.0638932 0.000218561
118.18 12.8685 0.00630591 -0.29136 70.0889 0.0638786 0.000212573
118.19 12.8687 0.00576221 -0.290715 70.0966 0.0638642 0.00020654
118.2 12.8689 0.00520357 -0.290074 70.1044 0.0638501 0.000200455
118.21 12.8692 0.00462999 -0.289436 70.1121 0.0638362 0.000194315
118.22 12.8695 0.00404144 -0.288803 70.1198 0.0638226 0.000188121
118.23 12.8698 0.00343791 -0.288174 70.1275 0.0638092 0.000181881
118.24 12.8701 0.00281935 -0.287548 70.1353 0.0637961 0.000175601
118.25 12.8704 0.00218575 -0.286927 70.143 0.0637832 0.000169288
118.26 12.8708 0.00153711 -0.28631 70.1507 0.0637706 0.000162934
118.27 12.8712 0.000873475 -0.285697 70.1584 0.0637582 0.000156531
118.28 12.8716 0.000194848 -0.285088 70.1662 0.0637461 0.000150072
118.29 12.872 -0.000498754 -0.284483 70.1739 0.0637343 0.000143558
118.3 12.8724 -0.00120733 -0.283882 70.1816 0.0637227 0.000136995
118.31 12.8728 -0.00193088 -0.283285 70.1894 0.0637114 0.000130391
118.32 12.8733 -0.00266938 -0.282692 70.1971 0.0637003 0.000123746
118.33 12.8738 -0.00342279 -0.282104 70.2048 0.0636895 0.000117063
118.34 12.8743 -0.00419105 -0.28152 70.2125 0.0636789 0.000110335
118.35 12.8748 -0.00497409 -0.28094 70.2203 0.0636686 0.000103557
118.36 12.8753 -0.00577185 -0.280365 70.228 0.0636586 9.67264e-05
118.37 12.8758 -0.00658425 -0.279794 70.2357 0.0636488 8.984e-05
118.38 12.8764 -0.00741124 -0.279227 70.2435 0.0636393 8.29009e-05
118.39 12.877 -0.00825275 -0.278664 70.2512 0.06363 7.59178e-05
118.4 12.8776 -0.00910874 -0.278106 70.2589 0.0636211 6.88964e-05
118.41 12.8782 -0.00997912 -0.277553 70.2666 0.0636123 6.1837e-05
118.42 12.8788 -0.0108638 -0.277004 70.2744 0.0636039 5.47334e-05
118.43 12.8795 -0.0117626 -0.276459 70.2821 0.0635957 4.75743e-05
118.44 12.8802 -0.0126755 -0.275919 70.2898 0.0635877 4.03555e-05
118.45 12.8808 -0.0136024 -0.275383 70.2976 0.0635801 3.30796e-05
118.46 12.8815 -0.0145432 -0.274852 70.3053 0.0635727 2.57542e-05
118.47 12.8823 -0.0154979 -0.274325 70.313 0.0635655 1.83876e-05
118.48 12.883 -0.0164664 -0.273803 70.3207 0.0635586 1.09805e-05
118.49 12.8838 -0.0174487 -0.273286 70.3285 0.063552 3.52969e-06
118.5 12.8845 -0.0184445 -0.272773 70.3362 0.0635457 -3.97066e-06
118.51 12.8853 -0.0194539 -0.272265 70.3439 0.0635396 -1.1528e-05
118.52 12.8861 -0.0204768 -0.271762 70.3517 0.0635338 -1.91461e-05
118.53 12.8869 -0.0215131 -0.271263 70.3594 0.0635282 -2.68214e-05
118.54 12.8878 -0.0225628 -0.270769 70.3671 0.0635229 -3.45484e-05
118.55 12.8886 -0.0236259 -0.27028 70.3748 0.0635179 -4.23182e-05
118.56 12.8895 -0.0247023 -0.269796 70.3826 0.0635131 -5.01284e-05
118.57 12.8904 -0.025792 -0.269316 70.3903 0.0635086 -5.7984e-05
118.58 12.8913 -0.0268949 -0.268842 70.398 0.0635043 -6.58928e-05
118.59 12.8922 -0.028011 -0.268372 70.4058 0.0635003 -7.38642e-05
118.6 12.8931 -0.0291403 -0.267907 70.4135 0.0634966 -8.19e-05
118.61 12.8941 -0.0302827 -0.267447 70.4212 0.0634931 -8.99931e-05
118.62 12.895 -0.0314383 -0.266992 70.429 0.0634899 -9.81348e-05
118.63 12.896 -0.0326069 -0.266542 70.4367 0.0634869 -0.00010632
118.64 12.897 -0.0337886 -0.266097 70.4444 0.0634842 -0.000114549
118.65 12.898 -0.0349834 -0.265657 70.4521 0.0634818 -0.00012283
118.66 12.8991 -0.0361911 -0.265223 70.4599 0.0634796 -0.000131169
118.67 12.9001 -0.0374117 -0.264793 70.4676 0.0634776 -0.000139573
118.68 12.9012 -0.0386451 -0.264369 70.4753 0.0634759 -0.000148041
118.69 12.9022 -0.0398913 -0.263949 70.4831 0.0634745 -0.000156568
118.7 12.9033 -0.0411503 -0.263535 70.4908 0.0634733 -0.000165145
118.71 12.9044 -0.0424219 -0.263126 70.4985 0.0634724 -0.000173768
118.72 12.9056 -0.0437062 -0.262723 70.5063 0.0634717 -0.000182437
118.73 12.9067 -0.0450028 -0.262324 70.514 0.0634712 -0.000191167
118.74 12.9079 -0.0463117 -0.261931 70.5217 0.063471 -0.000199971
118.75 12.909 -0.0476327 -0.261544 70.5295 0.063471 -0.000208844
118.76 12.9102 -0.0489657 -0.261162 70.5372 0.0634713 -0.000217772
118.77 12.9114 -0.0503106 -0.260785 70.5449 0.0634718 -0.000226747
118.78 12.9126 -0.0516674 -0.260413 70.5526 0.0634726 -0.00023577
118.79 12.9138 -0.0530359 -0.260048 70.5604 0.0634736 -0.000244844
118.8 12.9151 -0.0544159 -0.259687 70.5681 0.0634748 -0.000253972
118.81 12.9163 -0.0558074 -0.259332 70.5758 0.0634763 -0.000263164
118.82 12.9176 -0.0572102 -0.258983 70.5836 0.0634781 -0.00027243
118.83 12.9189 -0.0586241 -0.258639 70.5913 0.06348 -0.000281771
118.84 12.9202 -0.0600491 -0.258301 70.599 0.0634822 -0.000291179
118.85 12.9215 -0.0614852 -0.257969 70.6068 0.0634846 -0.000300611
118.86 12.9228 -0.0629322 -0.257642 70.6145 0.0634873 -0.000310034
118.87 12.9241 -0.0643899 -0.257321 70.6222 0.0634901 -0.000319506
118.88 12.9255 -0.0658581 -0.257006 70.63 0.0634933 -0.0003291
118.89 12.9268 -0.0673365 -0.256696 70.6377 0.0634966 -0.000338815
118.9 12.9282 -0.0688252 -0.256392 70.6454 0.0635002 -0.000348601
118.91 12.9296 -0.0703243 -0.256094 70.6532 0.063504 -0.000358416
118.92 12.931 -0.0718336 -0.255802 70.6609 0.0635081 -0.000368259
118.93 12.9324 -0.073353 -0.255515 70.6686 0.0635123 -0.000378154
118.94 12.9339 -0.0748824 -0.255235 70.6764 0.0635168 -0.00038811
118.95 12.9353 -0.0764217 -0.25496 70.6841 0.0635215 -0.000398125
118.96 12.9367 -0.0779709 -0.254691 70.6918 0.0635264 -0.000408188
118.97 12.9382 -0.0795298 -0.254428 70.6996 0.0635315 -0.00041831
118.98 12.9397 -0.0810983 -0.254171 70.7073 0.0635369 -0.00042851
118.99 12.9412 -0.0826764 -0.25392 70.715 0.0635425 -0.000438793
119 12.9427 -0.0842639 -0.253674 70.7228 0.0635482 -0.00044914
119.01 12.9442 -0.085861 -0.253435 70.7305 0.0635542 -0.000459522
119.02 12.9457 -0.0874675 -0.253201 70.7382 0.0635604 -0.000469924
119.03 12.9472 -0.0890834 -0.252974 70.7459 0.0635669 -0.000480361
119.04 12.9488 -0.0907085 -0.252753 70.7537 0.0635735 -0.000490867
119.05 12.9503 -0.0923425 -0.252537 70.7614 0.0635803 -0.000501464
119.06 12.9519 -0.0939856 -0.252328 70.7691 0.0635874 -0.00051215
119.07 12.9535 -0.0956375 -0.252125 70.7769 0.0635946 -0.000522899
119.08 12.9551 -0.0972984 -0.251927 70.7846 0.0636021 -0.000533682
119.09 12.9567 -0.0989681 -0.251736 70.7923 0.0636097 -0.000544488
119.1 12.9583 -0.100646 -0.251552 70.8001 0.0636176 -0.000555325
119.11 12.9599 -0.102333 -0.251373 70.8078 0.0636256 -0.000566217
119.12 12.9615 -0.104029 -0.251201 70.8155 0.0636339 -0.000577186
119.13 12.9632 -0.105732 -0.251034 70.8233 0.0636423 -0.000588237
119.14 12.9648 -0.107444 -0.250875 70.831 0.063651 -0.000599359
119.15 12.9665 -0.109164 -0.250721 70.8387 0.0636598 -0.000610533
119.16 12.9681 -0.110891 -0.250574 70.8465 0.0636688 -0.000621739
119.17 12.9698 -0.112627 -0.250433 70.8542 0.063678 -0.000632972
119.18 12.9715 -0.11437 -0.250299 70.8619 0.0636874 -0.000644238
119.19 12.9732 -0.116121 -0.250171 70.8697 0.063697 -0.000655558
119.2 12.9749 -0.117879 -0.250049 70.8774 0.0637067 -0.000666951
119.21 12.9766 -0.119644 -0.249934 70.8851 0.0637167 -0.000678426
119.22 12.9783 -0.121417 -0.249826 70.8929 0.0637268 -0.000689966
119.23 12.98 -0.123196 -0.249724 70.9006 0.0637371 -0.000701548
119.24 12.9818 -0.124982 -0.249629 70.9084 0.0637475 -0.000713149
119.25 12.9835 -0.126775 -0.24954 70.9161 0.0637582 -0.000724768
119.26 12.9853 -0.128575 -0.249458 70.9238 0.063769 -0.000736424
119.27 12.987 -0.130381 -0.249382 70.9316 0.06378 -0.00074814
119.28 12.9888 -0.132193 -0.249313 70.9393 0.0637911 -0.00075993
119.29 12.9906 -0.134012 -0.249251 70.947 0.0638025 -0.000771791
119.3 12.9924 -0.135836 -0.249196 70.9548 0.0638139 -0.000783704
119.31 12.9941 -0.137667 -0.249147 70.9625 0.0638256 -0.000795643
119.32 12.9959 -0.139503 -0.249105 70.9702 0.0638374 -0.000807598
119.33 12.9977 -0.141346 -0.24907 70.978 0.0638493 -0.000819568
119.34 12.9996 -0.143194 -0.249042 70.9857 0.0638615 -0.000831575
119.35 13.0014 -0.145047 -0.24902 70.9934 0.0638738 -0.000843642
119.36 13.0032 -0.146906 -0.249006 71.0012 0.0638862 -0.000855779
119.37 13.005 -0.148771 -0.248998 71.0089 0.0638988 -0.000867975
119.38 13.0068 -0.15064 -0.248997 71.0166 0.0639115 -0.000880204
119.39 13.0087 -0.152515 -0.249002 71.0244 0.0639244 -0.000892448
119.4 13.0105 -0.154395 -0.249015 71.0321 0.0639374 -0.000904702
119.41 13.0124 -0.15628 -0.249034 71.0398 0.0639506 -0.000916976
119.42 13.0142 -0.15817 -0.249061 71.0476 0.0639639 -0.000929285
119.43 13.0161 -0.160064 -0.249094 71.0553 0.0639774 -0.000941646
119.44 13.0179 -0.161963 -0.249134 71.063 0.063991 -0.00095406
119.45 13.0198 -0.163867 -0.249181 71.0708 0.0640047 -0.000966522
119.46 13.0217 -0.165775 -0.249235 71.0785 0.0640186 -0.00097901
119.47 13.0235 -0.167688 -0.249296 71.0862 0.0640326 -0.000991505
119.48 13.0254 -0.169604 -0.249364 71.094 0.0640467 -0.001004
119.49 13.0273 -0.171525 -0.249439 71.1017 0.064061 -0.00101651
119.5 13.0292 -0.17345 -0.249521 71.1095 0.0640754 -0.00102905
119.51 13.0311 -0.175379 -0.24961 71.1172 0.0640899 -0.00104163
119.52 13.033 -0.177311 -0.249705 71.1249 0.0641045 -0.00105427
119.53 13.0349 -0.179246 -0.249808 71.1327 0.0641193 -0.00106694
119.54 13.0368 -0.181185 -0.249918 71.1404 0.0641341 -0.00107961
119.55 13.0387 -0.183128 -0.250035 71.1481 0.0641491 -0.00109228
119.56 13.0406 -0.185073 -0.250159 71.1559 0.0641642 -0.00110495
119.57 13.0425 -0.187022 -0.250291 71.1636 0.0641795 -0.00111762
119.58 13.0444 -0.188973 -0.250429 71.1713 0.0641948 -0.00113033
119.59 13.0463 -0.190927 -0.250575 71.1791 0.0642102 -0.00114307
119.6 13.0482 -0.192883 -0.250727 71.1868 0.0642258 -0.00115585
119.61 13.0501 -0.194842 -0.250887 71.1945 0.0642414 -0.00116864
119.62 13.052 -0.196803 -0.251054 71.2023 0.0642572 -0.00118143
119.63 13.054 -0.198766 -0.251229 71.21 0.064273 -0.0011942
119.64 13.0559 -0.20073 -0.25141 71.2178 0.064289 -0.00120696
119.65 13.0578 -0.202697 -0.251599 71.2255 0.064305 -0.00121973
119.66 13.0597 -0.204666 -0.251795 71.2332 0.0643212 -0.00123251
119.67 13.0616 -0.206636 -0.251999 71.241 0.0643374 -0.00124527
119.68 13.0635 -0.208607 -0.252209 71.2487 0.0643537 -0.00125806
119.69 13.0655 -0.210579 -0.252427 71.2564 0.0643701 -0.0012709
119.7 13.0674 -0.212552 -0.252653 71.2642 0.0643866 -0.00128375
119.71 13.0693 -0.214527 -0.252886 71.2719 0.0644032 -0.00129657
119.72 13.0712 -0.216502 -0.253126 71.2796 0.0644199 -0.00130935
119.73 13.0732 -0.218478 -0.253373 71.2874 0.0644366 -0.0013221
119.74 13.0751 -0.220455 -0.253628 71.2951 0.0644534 -0.00133488
119.75 13.077 -0.222432 -0.25389 71.3029 0.0644703 -0.00134769
119.76 13.0789 -0.22441 -0.254159 71.3106 0.0644873 -0.00136051
119.77 13.0808 -0.226388 -0.254436 71.3183 0.0645043 -0.00137331
119.78 13.0828 -0.228366 -0.25472 71.3261 0.0645214 -0.00138606
119.79 13.0847 -0.230345 -0.255011 71.3338 0.0645386 -0.00139878
119.8 13.0866 -0.232324 -0.25531 71.3415 0.0645559 -0.00141149
119.81 13.0885 -0.234302 -0.255616 71.3493 0.0645732 -0.00142421
119.82 13.0904 -0.23628 -0.25593 71.357 0.0645906 -0.00143694
119.83 13.0923 -0.238258 -0.256251 71.3647 0.064608 -0.00144965
119.84 13.0943 -0.240236 -0.256579 71.3725 0.0646255 -0.00146235
119.85 13.0962 -0.242213 -0.256915 71.3802 0.064643 -0.00147501
119.86 13.0981 -0.24419 -0.257258 71.388 0.0646606 -0.00148765
119.87 13.1 -0.246166 -0.257609 71.3957 0.0646783 -0.00150026
119.88 13.1019 -0.248141 -0.257967 71.4034 0.064696 -0.00151285
119.89 13.1038 -0.250115 -0.258332 71.4112 0.0647138 -0.00152543
119.9 13.1057 -0.252088 -0.258705 71.4189 0.0647316 -0.00153799
119.91 13.1076 -0.254059 -0.259085 71.4266 0.0647495 -0.00155054
119.92 13.1095 -0.256029 -0.259473 71.4344 0.0647674 -0.00156307
119.93 13.1113 -0.257998 -0.259868 71.4421 0.0647854 -0.00157556
119.94 13.1132 -0.259965 -0.260271 71.4499 0.0648034 -0.00158801
119.95 13.1151 -0.26193 -0.260681 71.4576 0.0648214 -0.00160042
119.96 13.117 -0.263893 -0.261098 71.4653 0.0648395 -0.00161281
119.97 13.1189 -0.265854 -0.261523 71.4731 0.0648577 -0.00162518
119.98 13.1207 -0.267812 -0.261956 71.4808 0.0648759 -0.00163754
119.99 13.1226 -0.269768 -0.262396 71.4885 0.0648941 -0.00164987
120 13.1245 -0.271722 -0.262843 71.4963 0.0649123 -0.00166216
