0.01 8.55603e-06 -1.5319e-07 -0.000131162 3.28146e-07 2.52895e-06 -2.50292e-08
0.02 4.66234e-05 -5.65921e-07 -0.00041802 1.00697e-06 1.13475e-05 -1.0155e-07
0.03 0.000127855 -1.00837e-06 -0.000427306 1.91966e-06 2.33249e-05 -1.71407e-07
0.04 0.000244587 -1.2702e-06 0.000214745 2.62356e-06 3.25542e-05 -1.70901e-07
0.05 0.000381307 -1.56012e-06 0.00148508 2.64647e-06 3.78923e-05 -1.17959e-07
0.06 0.000531073 -2.37319e-06 0.00323868 2.21097e-06 4.01848e-05 -8.01164e-08
0.07 0.000694533 -4.05771e-06 0.00534023 1.59916e-06 4.19425e-05 -1.00386e-07
0.08 0.000875951 -6.68947e-06 0.00772665 1.48864e-06 4.56089e-05 -1.58779e-07
0.09 0.00108137 -1.01263e-05 0.0104347 2.03314e-06 5.20971e-05 -2.09317e-07
0.1 0.0013147 -1.42535e-05 0.01357 3.19155e-06 6.15789e-05 -2.20482e-07
0.11 0.00157733 -1.91094e-05 0.017262 4.41909e-06 7.30551e-05 -2.12965e-07
0.12 0.00186826 -2.4809e-05 0.0216088 5.24163e-06 8.55484e-05 -2.15925e-07
0.13 0.00218496 -3.14637e-05 0.0266427 5.43691e-06 9.8185e-05 -2.48186e-07
0.14 0.00252471 -3.91163e-05 0.0323182 5.18848e-06 0.000110414 -2.94343e-07
0.15 0.00288542 -4.78042e-05 0.0385244 5.05034e-06 0.000122453 -3.31496e-07
0.16 0.00326673 -5.75931e-05 0.0451241 5.43108e-06 0.000134805 -3.52596e-07
0.17 0.00366956 -6.85449e-05 0.0519973 6.57418e-06 0.000148105 -3.6806e-07
0.18 0.00409619 -8.06423e-05 0.0590737 8.10093e-06 0.000163187 -3.96901e-07
0.19 0.00454924 -9.37394e-05 0.0663518 9.61199e-06 0.000180213 -4.40198e-07
0.2 0.00503062 -0.000107623 0.0738891 1.05275e-05 0.000199138 -4.90959e-07
0.21 0.00554153 -0.000122127 0.0817753 1.09076e-05 0.000219658 -5.33387e-07
0.22 0.00608164 -0.000137195 0.0900989 1.09369e-05 0.000240834 -5.66303e-07
0.23 0.00664957 -0.000152897 0.0989098 1.12849e-05 0.000262259 -5.95328e-07
0.24 0.0072438 -0.000169292 0.108205 1.22341e-05 0.000283371 -6.28334e-07
0.25 0.0078627 -0.000186416 0.117928 1.38818e-05 0.000303999 -6.68984e-07
0.26 0.00850567 -0.000204195 0.127984 1.58026e-05 0.000324516 -7.12644e-07
0.27 0.00917329 -0.000222525 0.138277 1.74614e-05 0.000345218 -7.55718e-07
0.28 0.00986683 -0.000241309 0.148729 1.85665e-05 0.000366644 -7.98672e-07
0.29 0.0105883 -0.000260461 0.159306 1.90733e-05 0.000389182 -8.41905e-07
0.3 0.0113397 -0.000279953 0.170023 1.95462e-05 0.000412871 -8.8966e-07
0.31 0.0121219 -0.000299703 0.180926 2.0338e-05 0.000437495 -9.377e-07
0.32 0.0129355 -0.000319659 0.192073 2.19207e-05 0.000462752 -9.85809e-07
0.33 0.0137795 -0.000339691 0.203512 2.39953e-05 0.000487977 -1.02997e-06
0.34 0.0146525 -0.000359717 0.215252 2.62566e-05 0.000512865 -1.07338e-06
0.35 0.0155529 -0.000379635 0.227267 2.80734e-05 0.000537198 -1.11736e-06
0.36 0.0164792 -0.000399415 0.239497 2.92976e-05 0.00056087 -1.16385e-06
0.37 0.0174306 -0.000419051 0.251863 3.00826e-05 0.000584299 -1.21412e-06
0.38 0.018407 -0.000438538 0.264294 3.092e-05 0.00060769 -1.26342e-06
0.39 0.0194087 -0.00045786 0.276742 3.23279e-05 0.000631414 -1.3154e-06
0.4 0.0204361 -0.000476892 0.289192 3.43985e-05 0.000655683 -1.36474e-06
0.41 0.0214895 -0.000495482 0.301661 3.6963e-05 0.00068045 -1.41751e-06
0.42 0.0225682 -0.000513387 0.314181 3.94126e-05 0.000705498 -1.4695e-06
0.43 0.0236713 -0.00053043 0.326787 4.14141e-05 0.000730592 -1.52396e-06
0.44 0.0247967 -0.000546453 0.339497 4.27674e-05 0.000755329 -1.57697e-06
0.45 0.0259424 -0.000561421 0.352302 4.38816e-05 0.000779506 -1.63056e-06
0.46 0.0271064 -0.0005753 0.365168 4.51794e-05 0.000803156 -1.68291e-06
0.47 0.0282867 -0.000588088 0.378042 4.715e-05 0.000826214 -1.73602e-06
0.48 0.0294824 -0.000599684 0.390865 4.97536e-05 0.000849101 -1.79121e-06
0.49 0.0306928 -0.000609931 0.403593 5.2684e-05 0.000871966 -1.84733e-06
0.5 0.0319174 -0.000618609 0.416199 5.53794e-05 0.000895039 -1.90871e-06
0.51 0.0331562 -0.000625487 0.428681 5.74875e-05 0.000918469 -1.96937e-06
0.52 0.0344088 -0.000630399 0.441056 5.90826e-05 0.000942124 -2.0354e-06
0.53 0.0356741 -0.000633188 0.45335 6.05148e-05 0.00096588 -2.09737e-06
0.54 0.0369509 -0.000633796 0.465579 6.2406e-05 0.000989504 -2.16387e-06
0.55 0.038238 -0.000632078 0.477749 6.4911e-05 0.00101282 -2.22471e-06
0.56 0.0395335 -0.000627969 0.489844 6.80744e-05 0.00103565 -2.29135e-06
0.57 0.0408362 -0.000621263 0.50183 7.12813e-05 0.00105815 -2.35542e-06
0.58 0.0421452 -0.000611859 0.513669 7.4207e-05 0.00108028 -2.42585e-06
0.59 0.0434599 -0.000599586 0.525319 7.64695e-05 0.00110233 -2.49942e-06
0.6 0.0447802 -0.000584368 0.536754 7.83483e-05 0.00112447 -2.57507e-06
0.61 0.0461062 -0.000566123 0.547961 8.02474e-05 0.0011467 -2.65744e-06
0.62 0.0474376 -0.000544745 0.558944 8.26601e-05 0.0011692 -2.7348e-06
0.63 0.0487742 -0.000520154 0.569717 8.58095e-05 0.00119171 -2.82067e-06
0.64 0.0501153 -0.000492136 0.580294 8.93756e-05 0.0012142 -2.89866e-06
0.65 0.05146 -0.000460598 0.590683 9.29731e-05 0.00123645 -2.98836e-06
0.66 0.0528071 -0.00042533 0.600877 9.60035e-05 0.00125836 -3.07255e-06
0.67 0.0541553 -0.000386339 0.610859 9.85203e-05 0.00127986 -3.16906e-06
0.68 0.0555035 -0.000343554 0.620599 0.000100674 0.00130102 -3.26317e-06
0.69 0.056851 -0.000297042 0.630065 0.000103125 0.00132194 -3.36363e-06
0.7 0.0581969 -0.000246779 0.639231 0.000106137 0.00134268 -3.46602e-06
0.71 0.0595409 -0.000192712 0.648079 0.000109848 0.00136349 -3.56833e-06
0.72 0.0608822 -0.000134748 0.656605 0.000113833 0.00138423 -3.67924e-06
0.73 0.0622202 -7.27149e-05 0.664813 0.000117647 0.00140506 -3.787e-06
0.74 0.0635539 -6.55503e-06 0.672712 0.000120906 0.00142578 -3.90807e-06
0.75 0.0648819 6.38431e-05 0.68031 0.000123633 0.00144631 -4.02475e-06
0.76 0.0662028 0.000138395 0.687607 0.000126227 0.00146661 -4.15475e-06
0.77 0.0675151 0.000217115 0.694594 0.000129162 0.00148654 -4.27855e-06
0.78 0.0688172 0.000299894 0.701254 0.000132823 0.00150619 -4.41207e-06
0.79 0.0701077 0.000386779 0.707565 0.00013703 0.00152557 -4.54194e-06
0.8 0.0713856 0.000477762 0.713508 0.000141451 0.00154483 -4.68009e-06
0.81 0.0726498 0.000572921 0.719068 0.000145446 0.00156401 -4.82321e-06
0.82 0.0738996 0.000672271 0.724239 0.000148917 0.00158326 -4.97192e-06
0.83 0.0751343 0.000775793 0.729022 0.000151902 0.00160254 -5.13064e-06
0.84 0.076353 0.000883455 0.733427 0.000154995 0.00162185 -5.28807e-06
0.85 0.0775548 0.000995158 0.737463 0.000158555 0.0016412 -5.4559e-06
0.86 0.0787388 0.00111091 0.741137 0.000162817 0.0016604 -5.61704e-06
0.87 0.0799041 0.00123061 0.744451 0.000167545 0.00167955 -5.7905e-06
0.88 0.0810498 0.00135434 0.747401 0.000172246 0.00169851 -5.95849e-06
0.89 0.0821753 0.00148197 0.749978 0.000176558 0.00171739 -6.14267e-06
0.9 0.0832801 0.00161351 0.752172 0.000180231 0.00173624 -6.32686e-06
0.91 0.0843641 0.00174878 0.753975 0.000183672 0.0017551 -6.52419e-06
0.92 0.0854272 0.00188768 0.755384 0.000187231 0.00177406 -6.72384e-06
0.93 0.0864696 0.00203006 0.756404 0.000191493 0.00179312 -6.92621e-06
0.94 0.0874915 0.00217585 0.757044 0.000196377 0.00181232 -7.1339e-06
0.95 0.088493 0.002325 0.757315 0.000201643 0.00183157 -7.33958e-06
0.96 0.0894743 0.00247744 0.757228 0.000206696 0.00185087 -7.5587e-06
0.97 0.0904353 0.00263313 0.756793 0.000211216 0.00187009 -7.7765e-06
0.98 0.0913762 0.00279187 0.756012 0.000215248 0.00188926 -8.012e-06
0.99 0.092297 0.00295353 0.754886 0.000219139 0.00190832 -8.24433e-06
1 0.0931979 0.00311784 0.753411 0.000223435 0.00192727 -8.49047e-06
1.01 0.0940792 0.00328464 0.751585 0.000228344 0.0019462 -8.73192e-06
1.02 0.0949412 0.00345376 0.749407 0.00023389 0.00196505 -8.98162e-06
1.03 0.0957843 0.0036251 0.746881 0.000239576 0.00198392 -9.23235e-06
1.04 0.0966089 0.00379854 0.744014 0.000245035 0.00200274 -9.49101e-06
1.05 0.0974152 0.00397397 0.740816 0.000249869 0.00202151 -9.75922e-06
1.06 0.0982033 0.0041512 0.737299 0.000254326 0.00204016 -1.00339e-05
1.07 0.0989734 0.00433003 0.733472 0.000258742 0.00205867 -1.03178e-05
1.08 0.0997252 0.00451024 0.729342 0.000263734 0.00207694 -1.06008e-05
1.09 0.100459 0.00469161 0.724912 0.000269402 0.00209498 -1.08901e-05
1.1 0.101174 0.00487401 0.720185 0.000275592 0.0021128 -1.11772e-05
1.11 0.10187 0.00505728 0.71516 0.000281764 0.00213033 -1.14753e-05
1.12 0.102548 0.00524132 0.709838 0.000287488 0.0021477 -1.17759e-05
1.13 0.103207 0.00542594 0.704224 0.000292711 0.00216483 -1.20913e-05
1.14 0.103848 0.005611 0.698324 0.000297617 0.0021818 -1.24101e-05
1.15 0.10447 0.00579627 0.692148 0.000302796 0.00219858 -1.27396e-05
1.16 0.105073 0.0059816 0.685708 0.000308474 0.00221513 -1.30678e-05
1.17 0.105658 0.00616684 0.679014 0.000314899 0.00223146 -1.34012e-05
1.18 0.106223 0.00635191 0.672078 0.000321616 0.00224751 -1.37344e-05
1.19 0.10677 0.00653671 0.664907 0.0003283 0.00226329 -1.4075e-05
1.2 0.107298 0.00672114 0.657509 0.000334425 0.00227877 -1.44255e-05
1.21 0.107808 0.00690507 0.649888 0.000340062 0.00229401 -1.47841e-05
1.22 0.108298 0.00708835 0.642052 0.000345532 0.00230896 -1.51552e-05
1.23 0.108771 0.00727083 0.634007 0.000351379 0.00232373 -1.55251e-05
1.24 0.109226 0.00745234 0.625764 0.000357961 0.00233828 -1.59038e-05
1.25 0.109664 0.00763285 0.617334 0.000365112 0.00235262 -1.62775e-05
1.26 0.110086 0.00781227 0.60873 0.000372498 0.0023668 -1.66631e-05
1.27 0.110492 0.00799063 0.599968 0.000379532 0.00238073 -1.70496e-05
1.28 0.110883 0.00816781 0.591061 0.000386115 0.00239446 -1.74526e-05
1.29 0.111259 0.00834378 0.582022 0.000392273 0.00240792 -1.78605e-05
1.3 0.111622 0.00851837 0.572864 0.000398514 0.00242115 -1.82798e-05
1.31 0.111971 0.00869151 0.563594 0.000405187 0.00243409 -1.87016e-05
1.32 0.112309 0.00886308 0.554224 0.000412577 0.00244681 -1.91251e-05
1.33 0.112636 0.00903304 0.544763 0.000420485 0.00245927 -1.95533e-05
1.34 0.112952 0.00920139 0.535222 0.000428498 0.00247149 -1.99836e-05
1.35 0.113259 0.00936809 0.525612 0.000436121 0.0024835 -2.04291e-05
1.36 0.113558 0.00953315 0.515947 0.000443182 0.00249522 -2.088e-05
1.37 0.113848 0.00969647 0.506241 0.000449964 0.00250674 -2.1349e-05
1.38 0.114132 0.00985801 0.496507 0.000456945 0.00251792 -2.18158e-05
1.39 0.11441 0.0100176 0.486757 0.000464625 0.00252882 -2.22956e-05
1.4 0.114682 0.0101754 0.477001 0.000472932 0.00253939 -2.27682e-05
1.41 0.114949 0.0103313 0.467251 0.000481667 0.0025496 -2.32542e-05
1.42 0.115211 0.0104853 0.457512 0.000490205 0.00255949 -2.37401e-05
1.43 0.115469 0.0106374 0.447795 0.000498385 0.002569 -2.42429e-05
1.44 0.115723 0.0107877 0.438106 0.000506066 0.0025782 -2.47547e-05
1.45 0.115974 0.0109361 0.428455 0.000513671 0.00258702 -2.52776e-05
1.46 0.116221 0.0110826 0.41885 0.000521577 0.00259554 -2.58101e-05
1.47 0.116466 0.0112272 0.409302 0.000530144 0.00260366 -2.63402e-05
1.48 0.116707 0.0113699 0.39982 0.0005394 0.00261146 -2.68819e-05
1.49 0.116947 0.0115108 0.390413 0.000548895 0.00261888 -2.74178e-05
1.5 0.117184 0.01165 0.38109 0.000558224 0.00262591 -2.79772e-05
1.51 0.117418 0.0117875 0.371859 0.000566935 0.0026326 -2.85359e-05
1.52 0.117651 0.0119234 0.362725 0.000575319 0.00263888 -2.91208e-05
1.53 0.117881 0.0120578 0.353696 0.000583696 0.00264485 -2.97036e-05
1.54 0.11811 0.0121906 0.344778 0.000592695 0.00265045 -3.03012e-05
1.55 0.118338 0.0123218 0.335977 0.00060235 0.00265575 -3.08972e-05
1.56 0.118564 0.0124517 0.327301 0.000612552 0.00266073 -3.15004e-05
1.57 0.11879 0.0125803 0.318757 0.000622789 0.00266543 -3.21131e-05
1.58 0.119016 0.0127077 0.310354 0.000632733 0.00266987 -3.27326e-05
1.59 0.119242 0.012834 0.302102 0.000642228 0.00267401 -3.33739e-05
1.6 0.11947 0.0129594 0.294007 0.000651454 0.00267793 -3.40176e-05
1.61 0.119699 0.0130839 0.286077 0.000660868 0.00268156 -3.46833e-05
1.62 0.119931 0.0132075 0.27832 0.00067084 0.002685 -3.53414e-05
1.63 0.120165 0.0133303 0.270742 0.000681597 0.00268819 -3.60164e-05
1.64 0.120404 0.0134525 0.263349 0.000692779 0.00269119 -3.66855e-05
1.65 0.120648 0.0135741 0.256148 0.000703963 0.00269402 -3.73753e-05
1.66 0.120897 0.0136954 0.249146 0.000714621 0.00269666 -3.8071e-05
1.67 0.121153 0.0138163 0.24235 0.000724865 0.00269918 -3.87863e-05
1.68 0.121417 0.013937 0.235767 0.000734978 0.00270153 -3.95107e-05
1.69 0.121689 0.0140576 0.229404 0.000745569 0.00270377 -4.02423e-05
1.7 0.121971 0.0141779 0.223269 0.000756815 0.00270585 -4.09837e-05
1.71 0.122263 0.0142983 0.217366 0.000768699 0.00270782 -4.17232e-05
1.72 0.122566 0.0144187 0.211701 0.00078083 0.00270964 -4.24804e-05
1.73 0.122881 0.0145393 0.206279 0.000792798 0.00271135 -4.32359e-05
1.74 0.123209 0.0146602 0.201103 0.0008044 0.00271294 -4.40187e-05
1.75 0.12355 0.0147814 0.196177 0.000815588 0.0027144 -4.48012e-05
1.76 0.123904 0.0149029 0.191503 0.000826853 0.00271579 -4.56085e-05
1.77 0.124273 0.0150248 0.187084 0.000838519 0.00271703 -4.64109e-05
1.78 0.124657 0.0151471 0.182922 0.00085104 0.00271821 -4.72272e-05
1.79 0.125056 0.0152699 0.17902 0.000864125 0.00271926 -4.80421e-05
1.8 0.125471 0.0153933 0.175379 0.000877401 0.00272022 -4.88683e-05
1.81 0.125902 0.0155173 0.172 0.000890296 0.00272108 -4.97083e-05
1.82 0.126348 0.0156421 0.168883 0.000902708 0.00272183 -5.05561e-05
1.83 0.126811 0.0157676 0.166028 0.00091494 0.00272249 -5.14245e-05
1.84 0.12729 0.0158939 0.163434 0.000927424 0.00272305 -5.22896e-05
1.85 0.127786 0.0160209 0.161097 0.000940584 0.00272355 -5.31738e-05
1.86 0.128299 0.0161488 0.159018 0.00095437 0.00272395 -5.40484e-05
1.87 0.128828 0.0162774 0.157192 0.000968637 0.00272432 -5.49419e-05
1.88 0.129374 0.0164071 0.155618 0.000982887 0.00272462 -5.58312e-05
1.89 0.129938 0.0165378 0.154295 0.000996882 0.0027249 -5.67421e-05
1.9 0.130518 0.0166696 0.153218 0.00101041 0.00272515 -5.76578e-05
1.91 0.131117 0.0168025 0.152387 0.00102385 0.00272539 -5.8589e-05
1.92 0.131733 0.0169364 0.151797 0.00103759 0.00272564 -5.95248e-05
1.93 0.132367 0.0170714 0.151447 0.00105213 0.0027259 -6.04616e-05
1.94 0.133021 0.0172075 0.151332 0.0010674 0.00272621 -6.14053e-05
1.95 0.133693 0.0173448 0.151449 0.00108302 0.00272656 -6.23476e-05
1.96 0.134385 0.0174833 0.151795 0.00109844 0.00272701 -6.33076e-05
1.97 0.135097 0.0176231 0.152366 0.0011134 0.00272753 -6.4268e-05
1.98 0.13583 0.017764 0.15316 0.00112811 0.00272818 -6.52483e-05
1.99 0.136584 0.0179062 0.154172 0.00114292 0.00272897 -6.62237e-05
2 0.137361 0.0180495 0.155401 0.00115833 0.0027299 -6.7214e-05
2.01 0.138161 0.0181939 0.156843 0.00117436 0.00273101 -6.81955e-05
2.02 0.138984 0.0183394 0.158495 0.001191 0.00273228 -6.91881e-05
2.03 0.139831 0.0184859 0.160354 0.00120775 0.00273378 -7.01776e-05
2.04 0.140704 0.0186335 0.162417 0.00122448 0.00273546 -7.11766e-05
2.05 0.141603 0.018782 0.164679 0.00124087 0.00273738 -7.21818e-05
2.06 0.142527 0.0189315 0.167136 0.0012571 0.00273952 -7.31917e-05
2.07 0.143479 0.0190816 0.169785 0.00127342 0.00274192 -7.42108e-05
2.08 0.144459 0.0192324 0.172622 0.00129021 0.00274458 -7.52231e-05
2.09 0.145467 0.0193836 0.175641 0.00130773 0.00274748 -7.62435e-05
2.1 0.146503 0.0195352 0.178838 0.00132587 0.00275069 -7.72509e-05
2.11 0.147568 0.019687 0.182208 0.00134434 0.00275414 -7.82712e-05
2.12 0.148663 0.0198389 0.185746 0.00136252 0.00275791 -7.92843e-05
2.13 0.149787 0.0199908 0.189446 0.00138031 0.00276193 -8.0313e-05
2.14 0.150941 0.0201426 0.193303 0.00139776 0.00276625 -8.13367e-05
2.15 0.152124 0.0202939 0.197308 0.00141552 0.00277086 -8.23659e-05
2.16 0.153337 0.0204445 0.201456 0.00143406 0.00277576 -8.33874e-05
2.17 0.15458 0.0205944 0.205739 0.00145355 0.00278097 -8.44047e-05
2.18 0.155853 0.0207432 0.21015 0.00147354 0.00278645 -8.54203e-05
2.19 0.157155 0.0208909 0.214681 0.00149345 0.00279226 -8.64323e-05
2.2 0.158487 0.0210373 0.219324 0.00151286 0.00279835 -8.74514e-05
2.21 0.159848 0.0211822 0.22407 0.00153185 0.00280477 -8.84651e-05
2.22 0.161238 0.0213253 0.228911 0.00155099 0.00281148 -8.94849e-05
2.23 0.162657 0.0214664 0.233839 0.00157077 0.00281851 -9.04907e-05
2.24 0.164106 0.0216052 0.238844 0.00159144 0.00282587 -9.14985e-05
2.25 0.165582 0.0217416 0.243918 0.00161271 0.00283354 -9.24899e-05
2.26 0.167088 0.0218753 0.249053 0.00163419 0.00284158 -9.34848e-05
2.27 0.168623 0.0220061 0.254239 0.00165538 0.00284994 -9.44687e-05
2.28 0.170186 0.0221337 0.259468 0.00167637 0.00285868 -9.54578e-05
2.29 0.171778 0.0222579 0.264731 0.00169726 0.00286776 -9.64385e-05
2.3 0.173399 0.0223784 0.270021 0.00171847 0.00287724 -9.74181e-05
2.31 0.17505 0.0224949 0.275328 0.00174022 0.00288711 -9.8388e-05
2.32 0.17673 0.0226071 0.280646 0.00176263 0.00289737 -9.9346e-05
2.33 0.17844 0.0227147 0.285967 0.00178559 0.00290806 -0.000100298
2.34 0.180181 0.0228176 0.291284 0.00180879 0.00291915 -0.000101235
2.35 0.181951 0.0229153 0.296589 0.00183202 0.00293071 -0.000102176
2.36 0.183753 0.0230078 0.301877 0.00185491 0.00294269 -0.000103101
2.37 0.185586 0.0230945 0.307141 0.00187772 0.00295515 -0.000104033
2.38 0.187451 0.0231753 0.312374 0.00190064 0.00296808 -0.000104944
2.39 0.189348 0.0232496 0.317572 0.0019243 0.00298149 -0.000105854
2.4 0.191278 0.0233172 0.322728 0.00194882 0.0029954 -0.000106739
2.41 0.19324 0.0233778 0.327838 0.00197409 0.00300979 -0.000107619
2.42 0.195236 0.023431 0.332895 0.00199946 0.00302471 -0.000108485
2.43 0.197265 0.0234766 0.337896 0.00202448 0.00304012 -0.000109345
2.44 0.199328 0.0235141 0.342835 0.00204905 0.00305608 -0.000110201
2.45 0.201425 0.0235432 0.347708 0.00207358 0.00307253 -0.000111042
2.46 0.203556 0.0235635 0.35251 0.00209879 0.00308952 -0.000111877
2.47 0.205721 0.0235744 0.357236 0.00212498 0.00310702 -0.000112686
2.48 0.20792 0.0235757 0.361881 0.00215206 0.00312505 -0.000113491
2.49 0.210153 0.023567 0.36644 0.0021794 0.00314361 -0.000114269
2.5 0.21242 0.0235478 0.37091 0.00220654 0.00316266 -0.000115049
2.51 0.21472 0.0235179 0.375284 0.00223322 0.00318225 -0.000115808
2.52 0.217054 0.0234767 0.379558 0.0022599 0.00320234 -0.000116569
2.53 0.219421 0.0234238 0.383727 0.00228697 0.00322294 -0.000117307
2.54 0.22182 0.0233588 0.387785 0.00231484 0.00324403 -0.000118037
2.55 0.224252 0.0232812 0.391728 0.00234346 0.00326561 -0.000118745
2.56 0.226717 0.0231906 0.39555 0.0023726 0.00328768 -0.000119436
2.57 0.229212 0.0230867 0.399246 0.00240187 0.00331022 -0.000120117
2.58 0.231739 0.0229691 0.402811 0.0024311 0.00333325 -0.000120778
2.59 0.234298 0.0228373 0.406238 0.00246028 0.00335673 -0.00012144
2.6 0.236887 0.022691 0.409524 0.00248946 0.00338068 -0.000122078
2.61 0.239506 0.0225297 0.412664 0.00251903 0.00340509 -0.000122717
2.62 0.242156 0.022353 0.415651 0.00254912 0.00342995 -0.000123323
2.63 0.244836 0.0221605 0.418483 0.00258004 0.00345526 -0.000123927
2.64 0.247546 0.0219519 0.421153 0.00261159 0.00348101 -0.000124499
2.65 0.250286 0.0217267 0.42366 0.00264354 0.00350722 -0.000125068
2.66 0.253056 0.0214849 0.425997 0.00267532 0.00353386 -0.00012562
2.67 0.255856 0.0212258 0.428163 0.00270682 0.00356095 -0.000126165
2.68 0.258686 0.0209493 0.430155 0.00273823 0.00358848 -0.000126703
2.69 0.261546 0.020655 0.431969 0.00277008 0.00361645 -0.000127218
2.7 0.264437 0.0203423 0.433604 0.00280298 0.00364486 -0.000127727
2.71 0.267359 0.0200112 0.435058 0.00283687 0.00367372 -0.000128203
2.72 0.270311 0.0196611 0.43633 0.00287137 0.00370303 -0.000128679
2.73 0.273295 0.019292 0.437419 0.00290572 0.00373278 -0.000129128
2.74 0.276311 0.0189035 0.438325 0.0029397 0.00376299 -0.000129585
2.75 0.279358 0.0184954 0.439047 0.00297339 0.00379363 -0.000130021
2.76 0.282436 0.0180671 0.439587 0.00300756 0.00382474 -0.000130457
2.77 0.285547 0.0176185 0.439945 0.00304263 0.00385629 -0.00013087
2.78 0.288691 0.0171491 0.440123 0.00307874 0.0038883 -0.00013127
2.79 0.291866 0.0166588 0.440121 0.00311549 0.00392075 -0.000131653
2.8 0.295074 0.0161472 0.439942 0.00315237 0.00395365 -0.000132021
2.81 0.298314 0.0156142 0.439587 0.00318905 0.003987 -0.000132389
2.82 0.301587 0.0150594 0.439059 0.00322565 0.00402078 -0.000132743
2.83 0.304892 0.0144824 0.43836 0.00326253 0.00405501 -0.000133101
2.84 0.308229 0.013883 0.437492 0.00329991 0.00408966 -0.000133437
2.85 0.311597 0.0132608 0.436458 0.0033381 0.00412474 -0.000133772
2.86 0.314998 0.0126157 0.435259 0.00337692 0.00416021 -0.00013408
2.87 0.318429 0.0119473 0.433899 0.00341634 0.00419611 -0.000134389
2.88 0.321891 0.0112554 0.43238 0.00345604 0.00423239 -0.00013468
2.89 0.325383 0.0105397 0.430703 0.00349591 0.00426905 -0.000134975
2.9 0.328905 0.00980008 0.428871 0.00353567 0.00430609 -0.000135262
2.91 0.332457 0.00903625 0.426886 0.00357555 0.00434347 -0.000135549
2.92 0.336038 0.00824798 0.424751 0.00361579 0.00438122 -0.00013583
2.93 0.339647 0.00743506 0.422467 0.00365684 0.00441927 -0.000136097
2.94 0.343285 0.00659726 0.420037 0.00369894 0.00445766 -0.000136362
2.95 0.34695 0.00573449 0.417462 0.00374178 0.00449634 -0.000136608
2.96 0.350642 0.00484661 0.414744 0.00378487 0.00453533 -0.000136863
2.97 0.354362 0.00393361 0.411885 0.00382764 0.00457458 -0.000137108
2.98 0.358108 0.00299531 0.408888 0.0038702 0.0046141 -0.00013737
2.99 0.361881 0.00203168 0.405754 0.0039129 0.00465389 -0.000137623
3 0.36568 0.00104254 0.402485 0.00395658 0.0046939 -0.000137883
3.01 0.369506 2.79157e-05 0.399085 0.00400143 0.00473417 -0.000138128
3.02 0.373357 -0.0010122 0.395556 0.00404724 0.00477463 -0.000138371
3.03 0.377235 -0.00207773 0.3919 0.00409336 0.00481534 -0.00013861
3.04 0.38114 -0.00316859 0.38812 0.00413924 0.00485624 -0.000138855
3.05 0.38507 -0.00428478 0.384221 0.00418487 0.00489735 -0.000139115
3.06 0.389027 -0.00542621 0.380206 0.00423071 0.00493866 -0.00013938
3.07 0.393011 -0.00659289 0.376078 0.00427734 0.00498014 -0.000139657
3.08 0.397022 -0.00778467 0.371842 0.00432494 0.00502184 -0.000139924
3.09 0.401059 -0.00900145 0.367502 0.00437347 0.0050637 -0.000140196
3.1 0.405124 -0.010243 0.363064 0.00442245 0.00510576 -0.000140462
3.11 0.409216 -0.0115093 0.358532 0.00447163 0.00514798 -0.000140746
3.12 0.413335 -0.0128002 0.353912 0.00452087 0.00519039 -0.000141037
3.13 0.417482 -0.0141155 0.34921 0.00457034 0.00523297 -0.00014135
3.14 0.421657 -0.015455 0.344431 0.00462011 0.00527571 -0.000141669
3.15 0.425859 -0.0168187 0.339583 0.00467049 0.00531865 -0.000142
3.16 0.430089 -0.0182064 0.334669 0.00472158 0.00536172 -0.000142334
3.17 0.434347 -0.0196179 0.329699 0.0047735 0.00540497 -0.000142676
3.18 0.438632 -0.0210531 0.324676 0.00482622 0.00544837 -0.000143029
3.19 0.442944 -0.0225118 0.319609 0.00487935 0.00549193 -0.000143391
3.2 0.447283 -0.0239938 0.314503 0.00493258 0.00553563 -0.000143778
3.21 0.451649 -0.0254989 0.309364 0.00498564 0.00557946 -0.000144176
3.22 0.456041 -0.0270271 0.304199 0.00503893 0.00562344 -0.000144604
3.23 0.460459 -0.0285781 0.299013 0.00509282 0.00566752 -0.000145037
3.24 0.464903 -0.0301518 0.293813 0.005148 0.00571172 -0.000145492
3.25 0.469372 -0.0317481 0.288604 0.00520427 0.00575601 -0.000145945
3.26 0.473866 -0.0333666 0.283392 0.00526121 0.0058004 -0.000146419
3.27 0.478384 -0.0350072 0.27818 0.0053181 0.00584486 -0.000146907
3.28 0.482926 -0.0366696 0.272975 0.00537469 0.00588938 -0.000147427
3.29 0.487492 -0.0383536 0.267781 0.00543128 0.00593394 -0.000147977
3.3 0.49208 -0.0400591 0.262601 0.00548858 0.00597853 -0.00014855
3.31 0.496692 -0.0417857 0.25744 0.00554715 0.00602316 -0.00014914
3.32 0.501325 -0.0435332 0.252303 0.00560684 0.00606776 -0.000149735
3.33 0.505981 -0.0453013 0.247191 0.00566729 0.00611238 -0.000150351
3.34 0.510659 -0.0470895 0.24211 0.0057278 0.00615695 -0.000150983
3.35 0.515359 -0.0488976 0.237061 0.00578826 0.00620149 -0.000151658
3.36 0.52008 -0.0507252 0.232048 0.00584884 0.00624598 -0.000152359
3.37 0.524823 -0.052572 0.227075 0.00591004 0.0062904 -0.000153099
3.38 0.529588 -0.0544375 0.222143 0.00597205 0.00633476 -0.00015385
3.39 0.534374 -0.0563214 0.217257 0.00603504 0.00637902 -0.000154627
3.4 0.539182 -0.0582231 0.212418 0.00609877 0.00642319 -0.000155417
3.41 0.544012 -0.0601423 0.20763 0.00616308 0.00646725 -0.000156239
3.42 0.548864 -0.0620784 0.202896 0.00622784 0.00651122 -0.00015709
3.43 0.553739 -0.064031 0.198219 0.0062929 0.00655506 -0.000157975
3.44 0.558636 -0.0659996 0.193603 0.00635819 0.00659879 -0.000158896
3.45 0.563556 -0.0679837 0.189049 0.0064238 0.0066424 -0.000159842
3.46 0.568498 -0.0699828 0.184563 0.00649008 0.00668588 -0.000160826
3.47 0.573464 -0.0719964 0.180148 0.00655726 0.00672925 -0.000161824
3.48 0.578453 -0.0740242 0.175807 0.00662568 0.00677248 -0.00016286
3.49 0.583465 -0.0760654 0.171543 0.00669491 0.0068156 -0.000163907
3.5 0.5885 -0.0781198 0.167362 0.00676452 0.00685858 -0.000164997
3.51 0.593559 -0.0801867 0.163266 0.006834 0.00690146 -0.000166114
3.52 0.598641 -0.0822657 0.15926 0.00690345 0.0069442 -0.00016728
3.53 0.603746 -0.0843564 0.155347 0.00697339 0.00698684 -0.000168479
3.54 0.608875 -0.0864584 0.151531 0.00704449 0.00702935 -0.000169709
3.55 0.614026 -0.0885714 0.147817 0.00711707 0.00707174 -0.00017096
3.56 0.6192 -0.0906948 0.144207 0.00719061 0.00711401 -0.000172223
3.57 0.624396 -0.0928282 0.140704 0.00726459 0.00715616 -0.000173523
3.58 0.629615 -0.0949713 0.137313 0.00733835 0.0071982 -0.000174851
3.59 0.634855 -0.0971237 0.134035 0.0074121 0.00724011 -0.000176239
3.6 0.640116 -0.0992851 0.130874 0.00748633 0.0072819 -0.000177654
3.61 0.645399 -0.101455 0.127832 0.00756171 0.00732355 -0.00017911
3.62 0.650702 -0.103634 0.12491 0.00763829 0.00736506 -0.000180572
3.63 0.656025 -0.10582 0.122111 0.00771589 0.00740644 -0.00018206
3.64 0.661367 -0.108014 0.119436 0.007794 0.00744766 -0.000183569
3.65 0.666729 -0.110216 0.116885 0.00787232 0.00748873 -0.000185119
3.66 0.67211 -0.112425 0.11446 0.00795093 0.00752963 -0.000186711
3.67 0.67751 -0.11464 0.11216 0.00803 0.00757036 -0.000188336
3.68 0.682928 -0.116862 0.109984 0.00810974 0.0076109 -0.000189996
3.69 0.688364 -0.11909 0.107933 0.00819029 0.00765125 -0.00019167
3.7 0.693818 -0.121323 0.106006 0.00827177 0.00769141 -0.000193377
3.71 0.69929 -0.123562 0.104202 0.00835411 0.00773135 -0.000195098
3.72 0.70478 -0.125806 0.102519 0.00843739 0.00777108 -0.000196858
3.73 0.710287 -0.128055 0.100955 0.00852118 0.00781057 -0.000198636
3.74 0.715812 -0.130308 0.0995096 0.0086053 0.00784985 -0.000200458
3.75 0.721355 -0.132564 0.0981801 0.00868953 0.00788888 -0.000202302
3.76 0.726916 -0.134824 0.0969648 0.00877423 0.00792769 -0.000204186
3.77 0.732495 -0.137087 0.0958616 0.00885982 0.00796623 -0.000206092
3.78 0.738091 -0.139353 0.0948685 0.00894682 0.00800455 -0.00020802
3.79 0.743706 -0.141621 0.0939836 0.00903515 0.00804262 -0.000209963
3.8 0.74934 -0.143891 0.0932049 0.00912415 0.00808044 -0.000211917
3.81 0.754992 -0.146162 0.0925305 0.00921332 0.00811804 -0.000213907
3.82 0.760662 -0.148434 0.0919587 0.00930231 0.00815539 -0.000215924
3.83 0.766352 -0.150707 0.0914876 0.00939166 0.00819253 -0.000217992
3.84 0.77206 -0.152979 0.091116 0.00948199 0.00822943 -0.000220073
3.85 0.777786 -0.155252 0.0908421 0.00957391 0.00826613 -0.000222176
3.86 0.783532 -0.157524 0.0906647 0.00966711 0.00830261 -0.000224272
3.87 0.789296 -0.159795 0.0905825 0.00976113 0.0083389 -0.000226383
3.88 0.795079 -0.162064 0.0905943 0.00985532 0.00837501 -0.000228513
3.89 0.800881 -0.164332 0.090699 0.00994956 0.00841093 -0.00023068
3.9 0.8067 -0.166598 0.0908953 0.0100443 0.0084467 -0.000232881
3.91 0.812538 -0.168863 0.0911821 0.0101398 0.0084823 -0.000235097
3.92 0.818393 -0.171124 0.0915583 0.0102366 0.00851776 -0.000237321
3.93 0.824265 -0.173384 0.0920224 0.0103345 0.00855307 -0.000239538
3.94 0.830154 -0.175641 0.0925733 0.0104333 0.00858826 -0.000241768
3.95 0.836059 -0.177895 0.0932093 0.0105327 0.00862332 -0.000244006
3.96 0.841981 -0.180146 0.0939289 0.0106327 0.00865825 -0.000246271
3.97 0.847918 -0.182395 0.0947301 0.0107332 0.00869309 -0.000248546
3.98 0.853869 -0.18464 0.0956109 0.0108342 0.00872779 -0.000250838
3.99 0.859836 -0.186883 0.0965688 0.0109359 0.0087624 -0.000253129
4 0.865816 -0.189123 0.0976013 0.0110384 0.00879689 -0.00025543
4.01 0.87181 -0.19136 0.0987055 0.0111421 0.00883127 -0.000257729
4.02 0.877818 -0.193595 0.0998782 0.011247 0.00886554 -0.000260029
4.03 0.883838 -0.195826 0.101116 0.0113529 0.0088997 -0.000262326
4.04 0.889872 -0.198055 0.102415 0.0114593 0.00893375 -0.000264623
4.05 0.895917 -0.200281 0.103772 0.0115658 0.00896767 -0.000266931
4.06 0.901975 -0.202504 0.105182 0.0116725 0.00900147 -0.000269247
4.07 0.908045 -0.204725 0.106641 0.0117801 0.00903514 -0.000271577
4.08 0.914127 -0.206943 0.108145 0.011889 0.00906868 -0.000273894
4.09 0.92022 -0.209158 0.109688 0.0119996 0.00910208 -0.000276201
4.1 0.926326 -0.211371 0.111267 0.0121113 0.00913535 -0.000278479
4.11 0.932443 -0.213581 0.112875 0.0122235 0.00916847 -0.000280756
4.12 0.938572 -0.215789 0.114508 0.0123357 0.00920145 -0.000283035
4.13 0.944713 -0.217994 0.116162 0.012448 0.00923429 -0.000285333
4.14 0.950867 -0.220196 0.117832 0.0125613 0.00926698 -0.000287633
4.15 0.957032 -0.222395 0.119512 0.0126759 0.00929953 -0.000289918
4.16 0.96321 -0.224591 0.121199 0.0127921 0.00933193 -0.000292175
4.17 0.9694 -0.226784 0.122888 0.0129093 0.00936421 -0.000294401
4.18 0.975603 -0.228975 0.124574 0.0130273 0.00939634 -0.000296619
4.19 0.981818 -0.231162 0.126255 0.0131454 0.00942836 -0.000298834
4.2 0.988045 -0.233345 0.127925 0.0132642 0.00946025 -0.000301058
4.21 0.994285 -0.235526 0.129583 0.0133837 0.00949204 -0.000303269
4.22 1.00054 -0.237703 0.131224 0.0135043 0.00952372 -0.000305464
4.23 1.0068 -0.239877 0.132845 0.0136259 0.00955531 -0.000307626
4.24 1.01308 -0.242048 0.134444 0.0137487 0.00958683 -0.000309767
4.25 1.01937 -0.244215 0.136018 0.0138724 0.00961827 -0.000311883
4.26 1.02567 -0.246379 0.137565 0.0139972 0.00964966 -0.000313988
4.27 1.03198 -0.24854 0.139083 0.0141228 0.00968099 -0.000316071
4.28 1.03831 -0.250698 0.140569 0.0142488 0.00971229 -0.000318139
4.29 1.04464 -0.252853 0.142022 0.0143753 0.00974356 -0.000320185
4.3 1.05098 -0.255006 0.143441 0.0145025 0.0097748 -0.000322212
4.31 1.05734 -0.257156 0.144822 0.014631 0.00980604 -0.000324216
4.32 1.0637 -0.259304 0.146165 0.0147609 0.00983726 -0.000326184
4.33 1.07008 -0.26145 0.147467 0.0148924 0.00986849 -0.000328117
4.34 1.07646 -0.263594 0.148728 0.0150246 0.0098997 -0.000330005
4.35 1.08285 -0.265737 0.149944 0.0151572 0.00993093 -0.000331877
4.36 1.08925 -0.26788 0.151115 0.0152898 0.00996215 -0.000333727
4.37 1.09566 -0.270021 0.152238 0.0154231 0.00999337 -0.000335574
4.38 1.10208 -0.272163 0.15331 0.0155577 0.0100246 -0.000337385
4.39 1.1085 -0.274305 0.15433 0.015694 0.0100558 -0.000339154
4.4 1.11493 -0.276448 0.155295 0.0158319 0.010087 -0.000340863
4.41 1.12137 -0.278591 0.156202 0.0159706 0.0101182 -0.000342528
4.42 1.12782 -0.280736 0.157049 0.0161096 0.0101493 -0.000344169
4.43 1.13427 -0.282883 0.157833 0.0162488 0.0101804 -0.000345797
4.44 1.14073 -0.285031 0.15855 0.0163889 0.0102115 -0.000347414
4.45 1.14719 -0.287182 0.159198 0.0165301 0.0102425 -0.00034899
4.46 1.15367 -0.289336 0.159774 0.0166728 0.0102735 -0.000350522
4.47 1.16015 -0.291492 0.160275 0.0168169 0.0103044 -0.000351989
4.48 1.16664 -0.293652 0.160698 0.0169619 0.0103352 -0.000353424
4.49 1.17314 -0.295814 0.161039 0.0171077 0.0103659 -0.000354824
4.5 1.17964 -0.29798 0.161296 0.0172542 0.0103966 -0.00035621
4.51 1.18616 -0.30015 0.161467 0.0174015 0.0104272 -0.000357564
4.52 1.19268 -0.302323 0.161549 0.0175497 0.0104576 -0.000358885
4.53 1.19921 -0.304499 0.161539 0.0176988 0.010488 -0.000360164
4.54 1.20575 -0.30668 0.161436 0.0178491 0.0105183 -0.000361401
4.55 1.2123 -0.308864 0.161238 0.0180007 0.0105485 -0.000362604
4.56 1.21885 -0.311051 0.160943 0.0181537 0.0105786 -0.000363763
4.57 1.22542 -0.313243 0.16055 0.0183079 0.0106085 -0.00036489
4.58 1.232 -0.315438 0.160059 0.0184627 0.0106385 -0.000365971
4.59 1.23858 -0.317637 0.159469 0.018618 0.0106683 -0.000367033
4.6 1.24517 -0.319839 0.15878 0.0187737 0.0106981 -0.000368062
4.61 1.25178 -0.322046 0.157992 0.0189306 0.0107278 -0.000369074
4.62 1.25839 -0.324256 0.157105 0.0190892 0.0107574 -0.000370037
4.63 1.26501 -0.326471 0.15612 0.0192496 0.010787 -0.000370952
4.64 1.27164 -0.328689 0.155038 0.0194113 0.0108166 -0.000371809
4.65 1.27827 -0.330912 0.15386 0.0195736 0.0108461 -0.000372627
4.66 1.28492 -0.333139 0.152587 0.0197361 0.0108756 -0.00037343
4.67 1.29157 -0.33537 0.151221 0.019899 0.010905 -0.000374218
4.68 1.29823 -0.337607 0.149763 0.0200632 0.0109345 -0.00037499
4.69 1.3049 -0.339849 0.148215 0.0202291 0.0109639 -0.000375706
4.7 1.31158 -0.342096 0.146578 0.0203967 0.0109933 -0.00037637
4.71 1.31826 -0.344349 0.144854 0.0205655 0.0110227 -0.00037697
4.72 1.32495 -0.346608 0.143044 0.0207351 0.0110521 -0.000377544
4.73 1.33165 -0.348873 0.141151 0.0209051 0.0110815 -0.000378099
4.74 1.33835 -0.351146 0.139176 0.0210759 0.0111109 -0.000378646
4.75 1.34506 -0.353425 0.137119 0.0212478 0.0111402 -0.000379165
4.76 1.35178 -0.355712 0.134982 0.021421 0.0111695 -0.000379639
4.77 1.3585 -0.358007 0.132766 0.0215956 0.0111988 -0.000380066
4.78 1.36523 -0.360311 0.130472 0.0217714 0.011228 -0.000380449
4.79 1.37196 -0.362622 0.128101 0.0219484 0.0112572 -0.000380809
4.8 1.37871 -0.364943 0.125653 0.0221264 0.0112863 -0.000381142
4.81 1.38546 -0.367273 0.12313 0.0223055 0.0113153 -0.000381458
4.82 1.39221 -0.369612 0.12053 0.0224852 0.0113442 -0.000381743
4.83 1.39898 -0.37196 0.117856 0.0226658 0.0113731 -0.000382008
4.84 1.40575 -0.374318 0.115107 0.0228474 0.0114018 -0.000382246
4.85 1.41254 -0.376686 0.112283 0.0230305 0.0114305 -0.000382466
4.86 1.41933 -0.379063 0.109385 0.0232153 0.011459 -0.000382652
4.87 1.42612 -0.38145 0.106414 0.0234016 0.0114874 -0.000382806
4.88 1.43293 -0.383847 0.10337 0.023589 0.0115156 -0.000382929
4.89 1.43975 -0.386252 0.100254 0.0237769 0.0115437 -0.000383037
4.9 1.44657 -0.388667 0.0970656 0.0239652 0.0115717 -0.000383149
4.91 1.45341 -0.391091 0.0938071 0.0241543 0.0115996 -0.00038326
4.92 1.46026 -0.393524 0.0904794 0.0243453 0.0116273 -0.000383362
4.93 1.46711 -0.395965 0.0870838 0.0245382 0.0116549 -0.000383424
4.94 1.47398 -0.398415 0.0836221 0.0247328 0.0116824 -0.000383451
4.95 1.48085 -0.400872 0.0800962 0.0249284 0.0117098 -0.000383445
4.96 1.48774 -0.403337 0.0765083 0.0251245 0.011737 -0.000383447
4.97 1.49463 -0.40581 0.0728608 0.0253211 0.0117642 -0.000383463
4.98 1.50154 -0.408289 0.0691564 0.0255187 0.0117913 -0.000383493
4.99 1.50845 -0.410776 0.0653979 0.025718 0.0118182 -0.00038351
5 1.51538 -0.413269 0.0615884 0.025919 0.0118451 -0.000383494
5.01 1.52231 -0.415769 0.0577312 0.0261216 0.011872 -0.000383447
5.02 1.52925 -0.418275 0.0538296 0.0263253 0.0118988 -0.000383385
5.03 1.53621 -0.420788 0.0498871 0.0265299 0.0119255 -0.000383334
5.04 1.54317 -0.423307 0.0459074 0.0267354 0.0119522 -0.000383296
5.05 1.55013 -0.425832 0.041894 0.026942 0.0119789 -0.000383266
5.06 1.55711 -0.428363 0.0378506 0.0271497 0.0120055 -0.000383227
5.07 1.5641 -0.4309 0.0337809 0.0273587 0.0120322 -0.000383175
5.08 1.57109 -0.433444 0.0296881 0.027569 0.0120588 -0.000383113
5.09 1.57809 -0.435994 0.0255758 0.0277809 0.0120854 -0.000383051
5.1 1.5851 -0.438551 0.0214472 0.0279942 0.012112 -0.000382988
5.11 1.59212 -0.441115 0.0173054 0.0282089 0.0121385 -0.000382926
5.12 1.59915 -0.443685 0.0131532 0.0284244 0.0121651 -0.000382864
5.13 1.60618 -0.446263 0.00899329 0.0286405 0.0121916 -0.000382814
5.14 1.61323 -0.448848 0.00482821 0.0288575 0.0122181 -0.000382779
5.15 1.62028 -0.45144 0.000660084 0.0290759 0.0122446 -0.00038276
5.16 1.62734 -0.454039 -0.00350901 0.0292962 0.012271 -0.000382742
5.17 1.63441 -0.456646 -0.00767738 0.0295185 0.0122974 -0.000382713
5.18 1.64148 -0.459261 -0.0118434 0.0297421 0.0123237 -0.000382674
5.19 1.64857 -0.461882 -0.0160058 0.0299665 0.01235 -0.000382643
5.2 1.65566 -0.464511 -0.0201632 0.0301913 0.0123762 -0.000382649
5.21 1.66277 -0.467148 -0.0243147 0.0304168 0.0124023 -0.000382696
5.22 1.66988 -0.469791 -0.0284593 0.0306439 0.0124284 -0.000382772
5.23 1.67701 -0.472441 -0.0325962 0.0308731 0.0124544 -0.000382847
5.24 1.68414 -0.475098 -0.0367245 0.0311041 0.0124802 -0.000382912
5.25 1.69129 -0.47776 -0.0408434 0.0313366 0.012506 -0.000382971
5.26 1.69844 -0.480428 -0.0449522 0.0315699 0.0125317 -0.000383059
5.27 1.70561 -0.483101 -0.04905 0.0318039 0.0125574 -0.000383194
5.28 1.71279 -0.485778 -0.0531358 0.0320389 0.0125829 -0.000383378
5.29 1.71997 -0.488459 -0.0572087 0.0322754 0.0126084 -0.000383591
5.3 1.72717 -0.491144 -0.0612674 0.0325135 0.0126337 -0.000383812
5.31 1.73438 -0.493832 -0.0653108 0.0327533 0.0126591 -0.000384037
5.32 1.7416 -0.496521 -0.0693373 0.0329946 0.0126843 -0.000384277
5.33 1.74882 -0.499213 -0.0733454 0.0332372 0.0127096 -0.000384552
5.34 1.75606 -0.501905 -0.0773334 0.0334811 0.0127347 -0.000384865
5.35 1.76331 -0.504597 -0.0812993 0.0337261 0.0127599 -0.000385218
5.36 1.77056 -0.50729 -0.0852412 0.0339722 0.0127851 -0.000385597
5.37 1.77783 -0.509981 -0.0891569 0.0342194 0.0128102 -0.000386006
5.38 1.7851 -0.512672 -0.0930442 0.0344681 0.0128354 -0.00038644
5.39 1.79238 -0.515361 -0.0969007 0.0347183 0.0128605 -0.000386908
5.4 1.79967 -0.518048 -0.100724 0.0349706 0.0128858 -0.000387397
5.41 1.80697 -0.520733 -0.104512 0.0352244 0.012911 -0.000387906
5.42 1.81428 -0.523416 -0.108263 0.0354795 0.0129364 -0.000388437
5.43 1.82159 -0.526096 -0.111973 0.0357352 0.0129617 -0.000389003
5.44 1.82891 -0.528774 -0.115641 0.0359917 0.0129872 -0.000389622
5.45 1.83624 -0.531449 -0.119265 0.0362494 0.0130127 -0.000390285
5.46 1.84357 -0.534121 -0.122844 0.036509 0.0130383 -0.000390984
5.47 1.85091 -0.536791 -0.126374 0.0367708 0.013064 -0.000391684
5.48 1.85826 -0.539458 -0.129855 0.0370344 0.0130897 -0.000392394
5.49 1.86561 -0.542123 -0.133286 0.0372991 0.0131155 -0.000393117
5.5 1.87297 -0.544785 -0.136666 0.0375644 0.0131414 -0.000393895
5.51 1.88033 -0.547445 -0.139994 0.0378305 0.0131674 -0.000394733
5.52 1.8877 -0.550102 -0.14327 0.0380978 0.0131935 -0.000395623
5.53 1.89508 -0.552758 -0.146493 0.0383671 0.0132195 -0.00039654
5.54 1.90246 -0.555411 -0.149664 0.0386383 0.0132457 -0.000397458
5.55 1.90985 -0.558061 -0.152783 0.0389113 0.0132719 -0.000398388
5.56 1.91724 -0.56071 -0.15585 0.0391854 0.0132981 -0.000399343
5.57 1.92464 -0.563355 -0.158867 0.0394606 0.0133244 -0.000400356
5.58 1.93205 -0.565998 -0.161835 0.0397369 0.0133507 -0.000401421
5.59 1.93946 -0.568638 -0.164753 0.0400145 0.013377 -0.000402535
5.6 1.94688 -0.571275 -0.167625 0.0402936 0.0134033 -0.000403674
5.61 1.9543 -0.573907 -0.170451 0.0405743 0.0134297 -0.000404836
5.62 1.96173 -0.576536 -0.173232 0.0408566 0.013456 -0.000406023
5.63 1.96917 -0.579159 -0.175971 0.0411406 0.0134824 -0.000407246
5.64 1.97661 -0.581777 -0.178668 0.0414263 0.0135088 -0.000408509
5.65 1.98405 -0.584388 -0.181325 0.0417133 0.0135352 -0.000409806
5.66 1.9915 -0.586993 -0.183943 0.0420016 0.0135616 -0.000411143
5.67 1.99895 -0.58959 -0.186523 0.0422908 0.0135881 -0.000412518
5.68 2.00641 -0.592179 -0.189067 0.0425812 0.0136145 -0.000413941
5.69 2.01387 -0.594759 -0.191575 0.0428734 0.013641 -0.000415403
5.7 2.02133 -0.597329 -0.194049 0.0431677 0.0136676 -0.000416894
5.71 2.02879 -0.599889 -0.196488 0.0434642 0.0136942 -0.000418395
5.72 2.03626 -0.602437 -0.198894 0.0437621 0.0137209 -0.000419913
5.73 2.04373 -0.604973 -0.201267 0.0440611 0.0137476 -0.000421463
5.74 2.05119 -0.607497 -0.203607 0.0443607 0.0137745 -0.000423069
5.75 2.05866 -0.610009 -0.205914 0.0446614 0.0138014 -0.000424732
5.76 2.06613 -0.612507 -0.208188 0.044964 0.0138284 -0.000426431
5.77 2.0736 -0.614992 -0.210429 0.0452689 0.0138555 -0.000428141
5.78 2.08106 -0.617462 -0.212638 0.0455759 0.0138828 -0.000429839
5.79 2.08852 -0.619919 -0.214813 0.0458844 0.0139101 -0.000431546
5.8 2.09598 -0.622361 -0.216956 0.0461939 0.0139376 -0.00043328
5.81 2.10344 -0.62479 -0.219066 0.0465042 0.0139652 -0.000435072
5.82 2.1109 -0.627204 -0.221143 0.0468158 0.0139929 -0.000436907
5.83 2.11835 -0.629604 -0.223187 0.0471291 0.0140208 -0.000438768
5.84 2.12579 -0.631991 -0.225199 0.0474443 0.0140488 -0.000440625
5.85 2.13324 -0.634364 -0.22718 0.0477614 0.0140769 -0.000442473
5.86 2.14068 -0.636723 -0.229129 0.0480801 0.0141051 -0.000444329
5.87 2.14811 -0.63907 -0.231049 0.0484001 0.0141334 -0.000446208
5.88 2.15554 -0.641403 -0.232939 0.0487215 0.0141618 -0.000448121
5.89 2.16296 -0.643724 -0.234803 0.0490442 0.0141903 -0.000450056
5.9 2.17038 -0.646033 -0.23664 0.0493682 0.0142189 -0.000452007
5.91 2.1778 -0.64833 -0.238454 0.0496936 0.0142475 -0.000453964
5.92 2.1852 -0.650615 -0.240246 0.0500207 0.0142762 -0.000455931
5.93 2.1926 -0.652888 -0.242018 0.0503496 0.014305 -0.000457908
5.94 2.2 -0.655149 -0.243773 0.0506806 0.0143337 -0.000459892
5.95 2.20739 -0.657399 -0.245513 0.0510133 0.0143625 -0.000461878
5.96 2.21477 -0.659636 -0.247241 0.0513472 0.0143913 -0.000463869
5.97 2.22214 -0.661861 -0.248961 0.0516822 0.0144201 -0.00046588
5.98 2.22951 -0.664074 -0.250674 0.0520182 0.0144489 -0.000467919
5.99 2.23687 -0.666274 -0.252383 0.0523557 0.0144776 -0.000469985
6 2.24422 -0.668461 -0.254091 0.0526955 0.0145064 -0.000472054
6.01 2.25156 -0.670633 -0.255802 0.0530377 0.0145351 -0.000474108
6.02 2.25889 -0.672792 -0.257517 0.0533817 0.0145637 -0.000476141
6.03 2.26621 -0.674935 -0.259239 0.0537272 0.0145924 -0.000478173
6.04 2.27352 -0.677062 -0.260971 0.0540734 0.014621 -0.000480232
6.05 2.28082 -0.679173 -0.262714 0.0544207 0.0146495 -0.00048233
6.06 2.28811 -0.681267 -0.264471 0.0547697 0.014678 -0.00048445
6.07 2.29538 -0.683344 -0.266242 0.0551209 0.0147065 -0.000486562
6.08 2.30265 -0.685402 -0.268031 0.0554743 0.014735 -0.000488643
6.09 2.30989 -0.68744 -0.269837 0.0558297 0.0147634 -0.000490695
6.1 2.31713 -0.689459 -0.271663 0.0561866 0.0147918 -0.000492745
6.11 2.32435 -0.691459 -0.273508 0.0565446 0.0148201 -0.000494813
6.12 2.33155 -0.693437 -0.275374 0.0569039 0.0148485 -0.000496904
6.13 2.33874 -0.695395 -0.277262 0.0572648 0.0148768 -0.000498997
6.14 2.34591 -0.697332 -0.279171 0.0576275 0.0149051 -0.000501073
6.15 2.35306 -0.699248 -0.281102 0.057992 0.0149334 -0.000503119
6.16 2.36019 -0.701142 -0.283055 0.0583585 0.0149617 -0.000505141
6.17 2.36731 -0.703016 -0.28503 0.0587267 0.0149899 -0.000507152
6.18 2.37441 -0.704868 -0.287027 0.0590967 0.0150181 -0.000509151
6.19 2.38149 -0.7067 -0.289048 0.0594682 0.0150463 -0.000511142
6.2 2.38855 -0.708512 -0.29109 0.0598409 0.0150745 -0.000513115
6.21 2.39559 -0.710304 -0.293156 0.0602149 0.0151026 -0.000515077
6.22 2.40261 -0.712076 -0.295245 0.0605904 0.0151306 -0.000517023
6.23 2.4096 -0.71383 -0.297358 0.0609679 0.0151586 -0.000518952
6.24 2.41658 -0.715565 -0.299495 0.0613475 0.0151865 -0.00052085
6.25 2.42354 -0.717283 -0.301657 0.0617293 0.0152143 -0.000522706
6.26 2.43048 -0.718983 -0.303845 0.0621126 0.015242 -0.000524527
6.27 2.43739 -0.720667 -0.30606 0.0624971 0.0152696 -0.000526325
6.28 2.44429 -0.722335 -0.308304 0.0628824 0.0152971 -0.000528129
6.29 2.45116 -0.723987 -0.310577 0.0632691 0.0153244 -0.000529931
6.3 2.45801 -0.725624 -0.312881 0.0636579 0.0153515 -0.000531718
6.31 2.46484 -0.727245 -0.315219 0.0640491 0.0153784 -0.000533456
6.32 2.47165 -0.728851 -0.31759 0.0644425 0.0154051 -0.000535136
6.33 2.47843 -0.730443 -0.319998 0.0648376 0.0154317 -0.000536775
6.34 2.48519 -0.73202 -0.322445 0.0652338 0.0154579 -0.0005384
6.35 2.49193 -0.733581 -0.324931 0.0656311 0.015484 -0.000540039
6.36 2.49864 -0.735128 -0.327459 0.0660299 0.0155098 -0.000541677
6.37 2.50533 -0.736659 -0.330031 0.0664306 0.0155353 -0.000543295
6.38 2.512 -0.738173 -0.332648 0.0668337 0.0155606 -0.000544862
6.39 2.51864 -0.739671 -0.335312 0.0672388 0.0155855 -0.000546379
6.4 2.52525 -0.741152 -0.338025 0.0676458 0.0156102 -0.000547862
6.41 2.53184 -0.742616 -0.340786 0.0680543 0.0156346 -0.000549331
6.42 2.5384 -0.744061 -0.343598 0.0684645 0.0156588 -0.000550798
6.43 2.54493 -0.745487 -0.346462 0.0688761 0.0156826 -0.000552252
6.44 2.55144 -0.746893 -0.349377 0.0692894 0.0157061 -0.000553682
6.45 2.55792 -0.748279 -0.352344 0.0697044 0.0157294 -0.000555077
6.46 2.56437 -0.749644 -0.355363 0.0701215 0.0157523 -0.00055644
6.47 2.57079 -0.750987 -0.358434 0.0705407 0.015775 -0.00055777
6.48 2.57718 -0.752309 -0.361557 0.070962 0.0157973 -0.000559069
6.49 2.58354 -0.753609 -0.36473 0.0713853 0.0158194 -0.000560334
6.5 2.58987 -0.754886 -0.367954 0.0718099 0.0158412 -0.000561569
6.51 2.59617 -0.75614 -0.371227 0.0722358 0.0158627 -0.000562783
6.52 2.60244 -0.757372 -0.374547 0.072663 0.015884 -0.000563983
6.53 2.60868 -0.758582 -0.377914 0.0730922 0.0159049 -0.000565164
6.54 2.61489 -0.759769 -0.381326 0.0735237 0.0159255 -0.000566303
6.55 2.62107 -0.760935 -0.384782 0.0739576 0.0159459 -0.000567385
6.56 2.62721 -0.762078 -0.38828 0.0743935 0.015966 -0.000568406
6.57 2.63333 -0.763201 -0.391819 0.0748308 0.0159857 -0.000569391
6.58 2.63941 -0.764304 -0.395397 0.075269 0.0160052 -0.000570363
6.59 2.64546 -0.765387 -0.399013 0.0757085 0.0160244 -0.000571336
6.6 2.65148 -0.766452 -0.402666 0.0761499 0.0160432 -0.000572288
6.61 2.65747 -0.767498 -0.406354 0.0765935 0.0160617 -0.000573192
6.62 2.66343 -0.768527 -0.410077 0.0770396 0.0160798 -0.000574028
6.63 2.66935 -0.76954 -0.413834 0.0774876 0.0160976 -0.000574802
6.64 2.67524 -0.770537 -0.417624 0.0779371 0.0161151 -0.000575545
6.65 2.6811 -0.771519 -0.421447 0.0783878 0.0161321 -0.000576279
6.66 2.68693 -0.772487 -0.425301 0.07884 0.0161488 -0.000577014
6.67 2.69273 -0.773441 -0.429188 0.0792938 0.0161651 -0.000577726
6.68 2.6985 -0.774381 -0.433106 0.0797496 0.0161809 -0.000578399
6.69 2.70423 -0.775308 -0.437057 0.0802076 0.0161964 -0.000579021
6.7 2.70993 -0.776223 -0.441039 0.0806676 0.0162114 -0.000579601
6.71 2.7156 -0.777125 -0.445054 0.0811296 0.016226 -0.000580158
6.72 2.72124 -0.778013 -0.449101 0.0815933 0.0162401 -0.000580698
6.73 2.72684 -0.778889 -0.453181 0.0820588 0.0162538 -0.000581228
6.74 2.73241 -0.779752 -0.457294 0.0825256 0.0162671 -0.000581739
6.75 2.73795 -0.7806 -0.461439 0.0829941 0.0162799 -0.000582237
6.76 2.74346 -0.781435 -0.465618 0.0834644 0.0162922 -0.000582716
6.77 2.74893 -0.782254 -0.469829 0.0839371 0.0163041 -0.000583177
6.78 2.75437 -0.783058 -0.474073 0.0844121 0.0163155 -0.00058361
6.79 2.75977 -0.783846 -0.47835 0.0848894 0.0163265 -0.000584009
6.8 2.76514 -0.784616 -0.482658 0.0853685 0.016337 -0.000584386
6.81 2.77048 -0.785369 -0.486997 0.0858489 0.0163471 -0.000584755
6.82 2.77578 -0.786104 -0.491365 0.0863306 0.0163567 -0.000585137
6.83 2.78105 -0.786819 -0.495763 0.086814 0.016366 -0.000585524
6.84 2.78628 -0.787515 -0.500187 0.0872999 0.0163748 -0.000585901
6.85 2.79148 -0.78819 -0.504638 0.0877883 0.0163832 -0.000586236
6.86 2.79664 -0.788845 -0.509112 0.0882791 0.0163912 -0.000586527
6.87 2.80177 -0.789479 -0.513608 0.0887717 0.0163988 -0.000586788
6.88 2.80686 -0.790091 -0.518124 0.0892657 0.016406 -0.000587052
6.89 2.81192 -0.790683 -0.522657 0.0897609 0.0164128 -0.000587335
6.9 2.81695 -0.791254 -0.527206 0.0902579 0.0164192 -0.000587629
6.91 2.82194 -0.791804 -0.531767 0.0907569 0.0164253 -0.000587906
6.92 2.82689 -0.792335 -0.536339 0.0912584 0.016431 -0.000588141
6.93 2.83181 -0.792845 -0.540919 0.0917622 0.0164364 -0.000588335
6.94 2.8367 -0.793336 -0.545505 0.0922678 0.0164414 -0.000588503
6.95 2.84156 -0.793809 -0.550094 0.092775 0.016446 -0.000588673
6.96 2.84638 -0.794265 -0.554684 0.0932837 0.0164502 -0.00058885
6.97 2.85117 -0.794705 -0.559274 0.0937941 0.0164542 -0.000589033
6.98 2.85592 -0.795129 -0.563861 0.0943061 0.0164577 -0.0005892
6.99 2.86065 -0.795539 -0.568444 0.0948201 0.0164609 -0.000589349
7 2.86534 -0.795935 -0.573021 0.0953362 0.0164637 -0.000589475
7.01 2.87 -0.796318 -0.577591 0.0958545 0.0164662 -0.000589588
7.02 2.87463 -0.79669 -0.582152 0.0963749 0.0164682 -0.00058969
7.03 2.87922 -0.797051 -0.586705 0.0968971 0.0164699 -0.000589786
7.04 2.88379 -0.797401 -0.591247 0.0974207 0.0164713 -0.000589886
7.05 2.88832 -0.797742 -0.59578 0.0979457 0.0164722 -0.000589991
7.06 2.89282 -0.798074 -0.600301 0.0984724 0.0164728 -0.000590116
7.07 2.89729 -0.798397 -0.604811 0.0990011 0.016473 -0.000590242
7.08 2.90173 -0.798711 -0.60931 0.0995324 0.0164728 -0.000590367
7.09 2.90614 -0.799016 -0.613797 0.100066 0.0164722 -0.000590469
7.1 2.91052 -0.799312 -0.618274 0.100602 0.0164713 -0.000590563
7.11 2.91487 -0.799598 -0.622739 0.101139 0.0164699 -0.000590667
7.12 2.91919 -0.799875 -0.627192 0.101678 0.0164682 -0.000590806
7.13 2.92347 -0.800141 -0.631634 0.102218 0.0164662 -0.000590989
7.14 2.92773 -0.800396 -0.636065 0.102761 0.0164638 -0.000591193
7.15 2.93195 -0.800639 -0.640485 0.103305 0.016461 -0.000591399
7.16 2.93615 -0.800869 -0.644893 0.103853 0.0164579 -0.000591583
7.17 2.94031 -0.801085 -0.649288 0.104403 0.0164545 -0.000591766
7.18 2.94444 -0.801287 -0.653671 0.104954 0.0164508 -0.000591964
7.19 2.94854 -0.801473 -0.65804 0.105507 0.0164467 -0.00059221
7.2 2.95261 -0.801643 -0.662395 0.106062 0.0164424 -0.000592498
7.21 2.95665 -0.801796 -0.666735 0.106619 0.0164378 -0.000592815
7.22 2.96066 -0.801931 -0.671058 0.107178 0.0164329 -0.000593135
7.23 2.96464 -0.802048 -0.675364 0.107739 0.0164278 -0.000593449
7.24 2.96859 -0.802147 -0.67965 0.108303 0.0164225 -0.000593765
7.25 2.97251 -0.802226 -0.683915 0.108868 0.0164169 -0.000594096
7.26 2.97641 -0.802287 -0.688158 0.109436 0.0164111 -0.000594456
7.27 2.98027 -0.802329 -0.692376 0.110005 0.0164052 -0.000594842
7.28 2.9841 -0.802353 -0.696569 0.110576 0.016399 -0.000595254
7.29 2.98791 -0.802359 -0.700733 0.111149 0.0163927 -0.00059568
7.3 2.99169 -0.802348 -0.704868 0.111724 0.0163862 -0.00059612
7.31 2.99544 -0.80232 -0.708972 0.112301 0.0163795 -0.000596565
7.32 2.99916 -0.802276 -0.713043 0.11288 0.0163727 -0.000597013
7.33 3.00285 -0.802218 -0.71708 0.113462 0.0163657 -0.000597462
7.34 3.00652 -0.802145 -0.721082 0.114045 0.0163586 -0.000597924
7.35 3.01017 -0.802061 -0.725046 0.11463 0.0163513 -0.000598413
7.36 3.01379 -0.801965 -0.728974 0.115216 0.0163439 -0.000598938
7.37 3.01738 -0.801858 -0.732863 0.115804 0.0163364 -0.000599493
7.38 3.02095 -0.801743 -0.736713 0.116394 0.0163287 -0.000600058
7.39 3.02449 -0.801619 -0.740524 0.116987 0.0163209 -0.000600617
7.4 3.02801 -0.801488 -0.744297 0.117582 0.0163129 -0.000601166
7.41 3.03151 -0.80135 -0.74803 0.118179 0.0163048 -0.000601728
7.42 3.03498 -0.801206 -0.751725 0.118777 0.0162966 -0.000602325
7.43 3.03842 -0.801057 -0.755381 0.119377 0.0162883 -0.000602976
7.44 3.04185 -0.800904 -0.759001 0.119978 0.0162798 -0.000603669
7.45 3.04525 -0.800745 -0.762584 0.120582 0.0162712 -0.000604381
7.46 3.04862 -0.800582 -0.766132 0.121188 0.0162625 -0.000605094
7.47 3.05198 -0.800413 -0.769645 0.121797 0.0162536 -0.000605807
7.48 3.05531 -0.800239 -0.773125 0.122408 0.0162447 -0.00060654
7.49 3.05861 -0.800059 -0.776573 0.123021 0.0162356 -0.000607315
7.5 3.06189 -0.799872 -0.77999 0.123635 0.0162264 -0.000608141
7.51 3.06515 -0.799678 -0.783377 0.124251 0.0162171 -0.000609014
7.52 3.06839 -0.799475 -0.786735 0.124869 0.0162078 -0.000609916
7.53 3.0716 -0.799263 -0.790066 0.12549 0.0161983 -0.000610839
7.54 3.0748 -0.799041 -0.793369 0.126113 0.0161888 -0.000611778
7.55 3.07796 -0.798806 -0.796645 0.126738 0.0161793 -0.000612738
7.56 3.08111 -0.798559 -0.799896 0.127366 0.0161697 -0.000613727
7.57 3.08423 -0.798299 -0.803121 0.127995 0.01616 -0.000614749
7.58 3.08733 -0.798024 -0.80632 0.128627 0.0161504 -0.000615812
7.59 3.09041 -0.797734 -0.809494 0.12926 0.0161407 -0.000616911
7.6 3.09347 -0.797429 -0.812642 0.129895 0.016131 -0.000618049
7.61 3.09651 -0.797106 -0.815764 0.130532 0.0161214 -0.000619206
7.62 3.09952 -0.796768 -0.81886 0.131172 0.0161118 -0.000620377
7.63 3.10252 -0.796412 -0.82193 0.131815 0.0161022 -0.000621546
7.64 3.10549 -0.79604 -0.824972 0.13246 0.0160926 -0.000622728
7.65 3.10844 -0.795651 -0.827986 0.133106 0.0160831 -0.000623935
7.66 3.11138 -0.795247 -0.830971 0.133754 0.0160737 -0.000625181
7.67 3.11429 -0.794827 -0.833927 0.134403 0.0160644 -0.000626468
7.68 3.11719 -0.794393 -0.836853 0.135055 0.0160551 -0.000627771
7.69 3.12006 -0.793946 -0.839749 0.135709 0.0160459 -0.000629073
7.7 3.12292 -0.793486 -0.842613 0.136365 0.0160367 -0.000630355
7.71 3.12576 -0.793015 -0.845447 0.137024 0.0160277 -0.000631635
7.72 3.12858 -0.792534 -0.848249 0.137685 0.0160187 -0.000632928
7.73 3.13139 -0.792044 -0.85102 0.138346 0.0160099 -0.000634257
7.74 3.13418 -0.791547 -0.85376 0.13901 0.0160011 -0.000635617
7.75 3.13695 -0.791045 -0.856469 0.139675 0.0159924 -0.000636995
7.76 3.1397 -0.790537 -0.859148 0.140343 0.0159838 -0.000638369
7.77 3.14244 -0.790025 -0.861797 0.141013 0.0159752 -0.000639731
7.78 3.14516 -0.789511 -0.864418 0.141685 0.0159668 -0.000641088
7.79 3.14786 -0.788994 -0.867011 0.14236 0.0159584 -0.000642454
7.8 3.15055 -0.788475 -0.869578 0.143036 0.01595 -0.000643845
7.81 3.15322 -0.787956 -0.872121 0.143713 0.0159418 -0.00064526
7.82 3.15588 -0.787436 -0.87464 0.144393 0.0159336 -0.000646702
7.83 3.15852 -0.786914 -0.877138 0.145075 0.0159255 -0.000648154
7.84 3.16114 -0.786391 -0.879617 0.145758 0.0159175 -0.000649618
7.85 3.16375 -0.785867 -0.882077 0.146445 0.0159095 -0.00065108
7.86 3.16634 -0.78534 -0.884521 0.147134 0.0159016 -0.00065255
7.87 3.16891 -0.78481 -0.886951 0.147825 0.0158937 -0.000654027
7.88 3.17147 -0.784276 -0.889368 0.148518 0.015886 -0.000655526
7.89 3.17401 -0.783736 -0.891774 0.149213 0.0158783 -0.000657057
7.9 3.17653 -0.783191 -0.89417 0.149909 0.0158707 -0.000658618
7.91 3.17904 -0.782638 -0.896558 0.150608 0.0158631 -0.000660205
7.92 3.18154 -0.782075 -0.898938 0.151309 0.0158557 -0.000661792
7.93 3.18401 -0.781503 -0.901313 0.152013 0.0158483 -0.000663377
7.94 3.18648 -0.78092 -0.903682 0.15272 0.0158411 -0.00066495
7.95 3.18892 -0.780324 -0.906047 0.153429 0.0158339 -0.000666538
7.96 3.19135 -0.779715 -0.908408 0.154139 0.0158269 -0.000668147
7.97 3.19377 -0.779092 -0.910765 0.154851 0.01582 -0.000669794
7.98 3.19617 -0.778455 -0.913117 0.155565 0.0158132 -0.000671458
7.99 3.19856 -0.777802 -0.915466 0.156282 0.0158066 -0.00067312
8 3.20093 -0.777135 -0.917811 0.157001 0.0158001 -0.000674762
8.01 3.20329 -0.776452 -0.920152 0.157723 0.0157937 -0.00067638
8.02 3.20563 -0.775754 -0.922487 0.158447 0.0157874 -0.000677993
8.03 3.20796 -0.775041 -0.924818 0.159172 0.0157813 -0.000679608
8.04 3.21028 -0.774316 -0.927142 0.1599 0.0157754 -0.000681242
8.05 3.21259 -0.773577 -0.92946 0.160629 0.0157696 -0.000682877
8.06 3.21488 -0.772827 -0.931771 0.16136 0.0157639 -0.000684508
8.07 3.21716 -0.772066 -0.934075 0.162093 0.0157584 -0.000686109
8.08 3.21943 -0.771296 -0.936372 0.162829 0.015753 -0.000687686
8.09 3.22168 -0.770518 -0.93866 0.163567 0.0157478 -0.000689232
8.1 3.22393 -0.769734 -0.94094 0.164307 0.0157427 -0.000690765
8.11 3.22616 -0.768945 -0.943213 0.165049 0.0157377 -0.000692289
8.12 3.22838 -0.768153 -0.945477 0.165792 0.0157329 -0.000693811
8.13 3.23059 -0.767358 -0.947734 0.166537 0.0157282 -0.000695329
8.14 3.23279 -0.766563 -0.949984 0.167284 0.0157236 -0.000696832
8.15 3.23497 -0.765768 -0.952227 0.168034 0.0157191 -0.000698315
8.16 3.23715 -0.764974 -0.954465 0.168786 0.0157147 -0.000699761
8.17 3.23931 -0.764181 -0.956698 0.16954 0.0157104 -0.000701185
8.18 3.24146 -0.763391 -0.958927 0.170296 0.0157062 -0.000702586
8.19 3.2436 -0.762603 -0.961154 0.171054 0.015702 -0.000703992
8.2 3.24573 -0.761818 -0.963379 0.171814 0.015698 -0.000705403
8.21 3.24785 -0.761035 -0.965605 0.172575 0.015694 -0.000706822
8.22 3.24995 -0.760253 -0.967832 0.173339 0.0156901 -0.000708231
8.23 3.25205 -0.759472 -0.970061 0.174105 0.0156862 -0.000709614
8.24 3.25413 -0.758691 -0.972294 0.174875 0.0156825 -0.00071097
8.25 3.2562 -0.757909 -0.974533 0.175646 0.0156787 -0.000712304
8.26 3.25826 -0.757125 -0.976778 0.176419 0.0156751 -0.000713646
8.27 3.2603 -0.756337 -0.97903 0.177195 0.0156715 -0.000714997
8.28 3.26234 -0.755544 -0.98129 0.177972 0.0156679 -0.00071637
8.29 3.26436 -0.754745 -0.983558 0.178751 0.0156644 -0.000717737
8.3 3.26638 -0.753937 -0.985836 0.179533 0.015661 -0.00071909
8.31 3.26838 -0.75312 -0.988123 0.180318 0.0156577 -0.000720415
8.32 3.27037 -0.752293 -0.99042 0.181105 0.0156544 -0.000721718
8.33 3.27235 -0.751453 -0.992727 0.181895 0.0156512 -0.000723012
8.34 3.27432 -0.750602 -0.995042 0.182686 0.015648 -0.000724307
8.35 3.27628 -0.749737 -0.997366 0.18348 0.015645 -0.000725609
8.36 3.27823 -0.748858 -0.999698 0.184275 0.015642 -0.000726908
8.37 3.28016 -0.747965 -1.00204 0.185072 0.0156391 -0.000728193
8.38 3.28209 -0.747057 -1.00438 0.185872 0.0156363 -0.000729449
8.39 3.28401 -0.746136 -1.00673 0.186675 0.0156335 -0.000730671
8.4 3.28592 -0.745202 -1.00909 0.18748 0.0156309 -0.000731859
8.41 3.28782 -0.744254 -1.01144 0.188287 0.0156284 -0.000733024
8.42 3.28971 -0.743295 -1.0138 0.189096 0.0156259 -0.000734175
8.43 3.29159 -0.742326 -1.01616 0.189906 0.0156235 -0.000735317
8.44 3.29347 -0.741347 -1.01851 0.190718 0.0156213 -0.000736443
8.45 3.29533 -0.740361 -1.02087 0.191533 0.0156191 -0.000737542
8.46 3.29719 -0.739369 -1.02322 0.192349 0.0156169 -0.000738595
8.47 3.29904 -0.738372 -1.02557 0.193169 0.0156149 -0.000739603
8.48 3.30088 -0.737372 -1.02791 0.19399 0.0156129 -0.000740565
8.49 3.30271 -0.73637 -1.03024 0.194813 0.015611 -0.000741503
8.5 3.30453 -0.735369 -1.03257 0.195638 0.0156092 -0.000742428
8.51 3.30635 -0.734369 -1.03489 0.196464 0.0156074 -0.000743346
8.52 3.30815 -0.733373 -1.03721 0.197292 0.0156057 -0.000744245
8.53 3.30995 -0.732379 -1.03951 0.198123 0.015604 -0.00074511
8.54 3.31174 -0.731391 -1.04181 0.198956 0.0156023 -0.000745932
8.55 3.31353 -0.730407 -1.04411 0.199792 0.0156006 -0.000746712
8.56 3.3153 -0.729429 -1.0464 0.200629 0.015599 -0.000747471
8.57 3.31706 -0.728456 -1.04868 0.201469 0.0155974 -0.00074822
8.58 3.31882 -0.727488 -1.05095 0.20231 0.0155959 -0.000748977
8.59 3.32057 -0.726525 -1.05322 0.203153 0.0155943 -0.000749731
8.6 3.32231 -0.725566 -1.05549 0.203998 0.0155927 -0.000750477
8.61 3.32404 -0.724609 -1.05775 0.204846 0.0155912 -0.000751199
8.62 3.32576 -0.723654 -1.06001 0.205697 0.0155896 -0.000751897
8.63 3.32747 -0.722699 -1.06227 0.20655 0.015588 -0.000752575
8.64 3.32918 -0.721742 -1.06452 0.207405 0.0155865 -0.00075325
8.65 3.33088 -0.720783 -1.06677 0.208263 0.0155849 -0.000753934
8.66 3.33257 -0.71982 -1.06902 0.209122 0.0155833 -0.000754629
8.67 3.33425 -0.71885 -1.07127 0.209983 0.0155818 -0.000755336
8.68 3.33592 -0.717873 -1.07351 0.210847 0.0155802 -0.000756035
8.69 3.33759 -0.716886 -1.07575 0.211713 0.0155787 -0.000756722
8.7 3.33925 -0.71589 -1.07799 0.212583 0.0155772 -0.000757383
8.71 3.3409 -0.714882 -1.08022 0.213455 0.0155756 -0.000758034
8.72 3.34254 -0.713861 -1.08245 0.214329 0.0155742 -0.000758678
8.73 3.34418 -0.712828 -1.08467 0.215204 0.0155727 -0.000759333
8.74 3.34581 -0.711782 -1.08688 0.216082 0.0155712 -0.000759996
8.75 3.34743 -0.710722 -1.08908 0.216961 0.0155698 -0.000760658
8.76 3.34905 -0.70965 -1.09127 0.217843 0.0155685 -0.000761304
8.77 3.35066 -0.708565 -1.09345 0.218728 0.0155671 -0.000761915
8.78 3.35227 -0.707469 -1.09562 0.219615 0.0155658 -0.000762499
8.79 3.35387 -0.706362 -1.09776 0.220505 0.0155646 -0.000763053
8.8 3.35546 -0.705245 -1.09989 0.221396 0.0155634 -0.000763603
8.81 3.35705 -0.704121 -1.10201 0.222288 0.0155622 -0.000764147
8.82 3.35863 -0.702991 -1.1041 0.223183 0.0155611 -0.000764693
8.83 3.36021 -0.701856 -1.10616 0.224079 0.0155601 -0.000765216
8.84 3.36178 -0.700718 -1.10821 0.224978 0.0155591 -0.00076571
8.85 3.36335 -0.69958 -1.11023 0.225879 0.0155581 -0.000766163
8.86 3.36491 -0.698443 -1.11222 0.226783 0.0155571 -0.000766582
8.87 3.36646 -0.697308 -1.11419 0.227688 0.0155562 -0.000766981
8.88 3.36801 -0.696177 -1.11613 0.228595 0.0155553 -0.000767374
8.89 3.36955 -0.695052 -1.11804 0.229503 0.0155545 -0.000767771
8.9 3.37109 -0.693934 -1.11992 0.230414 0.0155537 -0.000768163
8.91 3.37263 -0.692823 -1.12178 0.231326 0.0155528 -0.000768545
8.92 3.37415 -0.691721 -1.12361 0.232241 0.015552 -0.000768899
8.93 3.37567 -0.690627 -1.1254 0.233159 0.0155513 -0.000769233
8.94 3.37719 -0.689542 -1.12717 0.234079 0.0155505 -0.000769548
8.95 3.3787 -0.688465 -1.12891 0.235001 0.0155497 -0.000769869
8.96 3.3802 -0.687396 -1.13063 0.235924 0.0155489 -0.000770204
8.97 3.3817 -0.686334 -1.13232 0.236849 0.0155481 -0.000770564
8.98 3.38319 -0.685278 -1.13398 0.237777 0.0155473 -0.000770937
8.99 3.38467 -0.684227 -1.13561 0.238707 0.0155465 -0.000771314
9 3.38615 -0.683179 -1.13722 0.23964 0.0155457 -0.000771688
9.01 3.38763 -0.682132 -1.1388 0.240576 0.0155449 -0.000772055
9.02 3.3891 -0.681085 -1.14036 0.241514 0.0155441 -0.000772436
9.03 3.39056 -0.680037 -1.1419 0.242454 0.0155433 -0.000772834
9.04 3.39202 -0.678984 -1.14341 0.243396 0.0155425 -0.000773274
9.05 3.39347 -0.677927 -1.14489 0.24434 0.0155416 -0.000773738
9.06 3.39492 -0.676862 -1.14635 0.245286 0.0155408 -0.000774231
9.07 3.39637 -0.675789 -1.14778 0.246235 0.01554 -0.000774724
9.08 3.39781 -0.674706 -1.14919 0.247187 0.0155392 -0.00077522
9.09 3.39924 -0.673613 -1.15057 0.248142 0.0155384 -0.000775714
9.1 3.40067 -0.672508 -1.15192 0.249099 0.0155377 -0.000776218
9.11 3.4021 -0.671392 -1.15325 0.250057 0.015537 -0.000776746
9.12 3.40353 -0.670264 -1.15454 0.251018 0.0155363 -0.000777297
9.13 3.40495 -0.669125 -1.15581 0.25198 0.0155356 -0.000777874
9.14 3.40636 -0.667975 -1.15704 0.252945 0.015535 -0.000778449
9.15 3.40778 -0.666816 -1.15824 0.253912 0.0155344 -0.00077902
9.16 3.40919 -0.665647 -1.15941 0.254882 0.0155339 -0.000779566
9.17 3.41059 -0.664471 -1.16054 0.255854 0.0155334 -0.000780104
9.18 3.412 -0.663289 -1.16163 0.256828 0.015533 -0.000780637
9.19 3.4134 -0.662103 -1.16268 0.257803 0.0155326 -0.000781184
9.2 3.4148 -0.660915 -1.1637 0.25878 0.0155323 -0.000781742
9.21 3.41619 -0.659727 -1.16467 0.259759 0.015532 -0.000782303
9.22 3.41758 -0.658542 -1.1656 0.26074 0.0155317 -0.000782854
9.23 3.41897 -0.65736 -1.16649 0.261723 0.0155315 -0.000783379
9.24 3.42036 -0.656184 -1.16734 0.262709 0.0155314 -0.000783884
9.25 3.42174 -0.655016 -1.16815 0.263697 0.0155312 -0.000784374
9.26 3.42312 -0.653857 -1.16891 0.264686 0.0155311 -0.000784874
9.27 3.42449 -0.652708 -1.16964 0.265677 0.0155311 -0.000785385
9.28 3.42587 -0.651571 -1.17032 0.26667 0.015531 -0.000785917
9.29 3.42723 -0.650447 -1.17095 0.267665 0.015531 -0.000786453
9.3 3.4286 -0.649335 -1.17155 0.268662 0.015531 -0.000786989
9.31 3.42996 -0.648237 -1.17211 0.269662 0.015531 -0.000787515
9.32 3.43132 -0.647151 -1.17263 0.270664 0.0155311 -0.000788041
9.33 3.43268 -0.646077 -1.1731 0.271668 0.0155311 -0.00078858
9.34 3.43403 -0.645015 -1.17354 0.272675 0.0155311 -0.000789146
9.35 3.43538 -0.643962 -1.17395 0.273683 0.0155311 -0.000789752
9.36 3.43672 -0.642919 -1.17432 0.274693 0.0155311 -0.000790392
9.37 3.43806 -0.641883 -1.17465 0.275705 0.0155311 -0.000791062
9.38 3.4394 -0.640852 -1.17495 0.276721 0.0155311 -0.000791744
9.39 3.44074 -0.639825 -1.17522 0.277739 0.0155311 -0.000792442
9.4 3.44207 -0.6388 -1.17545 0.27876 0.0155311 -0.000793154
9.41 3.4434 -0.637774 -1.17566 0.279783 0.0155311 -0.000793899
9.42 3.44473 -0.636747 -1.17583 0.280808 0.0155311 -0.000794687
9.43 3.44606 -0.635715 -1.17597 0.281835 0.015531 -0.000795524
9.44 3.44738 -0.634678 -1.17608 0.282864 0.015531 -0.000796401
9.45 3.44871 -0.633635 -1.17617 0.283895 0.015531 -0.000797303
9.46 3.45003 -0.632584 -1.17622 0.28493 0.015531 -0.000798215
9.47 3.45135 -0.631524 -1.17624 0.285967 0.015531 -0.000799132
9.48 3.45266 -0.630455 -1.17623 0.287007 0.015531 -0.00080006
9.49 3.45398 -0.629377 -1.17619 0.288049 0.015531 -0.000801014
9.5 3.45529 -0.62829 -1.17612 0.289092 0.0155311 -0.000802
9.51 3.45661 -0.627195 -1.17601 0.290137 0.0155312 -0.000803017
9.52 3.45792 -0.626092 -1.17587 0.291184 0.0155313 -0.000804048
9.53 3.45923 -0.624984 -1.1757 0.292234 0.0155314 -0.000805073
9.54 3.46054 -0.62387 -1.1755 0.293286 0.0155316 -0.000806085
9.55 3.46185 -0.622754 -1.17525 0.294341 0.0155318 -0.000807079
9.56 3.46316 -0.621637 -1.17498 0.295397 0.015532 -0.000808075
9.57 3.46446 -0.620521 -1.17466 0.296455 0.0155323 -0.000809074
9.58 3.46577 -0.619409 -1.17431 0.297515 0.0155326 -0.000810089
9.59 3.46707 -0.618302 -1.17392 0.298576 0.0155329 -0.000811106
9.6 3.46838 -0.617203 -1.1735 0.299639 0.0155333 -0.000812119
9.61 3.46968 -0.616114 -1.17304 0.300704 0.0155336 -0.000813114
9.62 3.47098 -0.615036 -1.17254 0.301772 0.015534 -0.000814087
9.63 3.47228 -0.613972 -1.172 0.302842 0.0155344 -0.000815047
9.64 3.47358 -0.612923 -1.17143 0.303914 0.0155348 -0.000816001
9.65 3.47488 -0.61189 -1.17082 0.304988 0.0155352 -0.00081697
9.66 3.47617 -0.610875 -1.17018 0.306062 0.0155356 -0.000817951
9.67 3.47747 -0.609877 -1.1695 0.307139 0.015536 -0.000818955
9.68 3.47876 -0.608896 -1.16879 0.308218 0.0155363 -0.000819959
9.69 3.48006 -0.607934 -1.16805 0.3093 0.0155367 -0.000820964
9.7 3.48135 -0.606988 -1.16728 0.310384 0.015537 -0.00082196
9.71 3.48264 -0.606058 -1.16647 0.311471 0.0155373 -0.000822965
9.72 3.48393 -0.605144 -1.16565 0.31256 0.0155375 -0.000823992
9.73 3.48522 -0.604243 -1.16479 0.31365 0.0155377 -0.000825058
9.74 3.48651 -0.603353 -1.16391 0.314743 0.0155379 -0.000826167
9.75 3.4878 -0.602474 -1.16301 0.315838 0.015538 -0.000827309
9.76 3.48909 -0.601602 -1.16208 0.316935 0.0155381 -0.00082847
9.77 3.49037 -0.600737 -1.16114 0.318036 0.0155381 -0.000829639
9.78 3.49166 -0.599874 -1.16017 0.319139 0.015538 -0.000830823
9.79 3.49295 -0.599014 -1.15918 0.320244 0.015538 -0.00083203
9.8 3.49424 -0.598153 -1.15818 0.321352 0.0155378 -0.00083328
9.81 3.49553 -0.59729 -1.15716 0.322462 0.0155377 -0.000834571
9.82 3.49682 -0.596424 -1.15612 0.323573 0.0155375 -0.000835903
9.83 3.49812 -0.595553 -1.15506 0.324688 0.0155373 -0.000837253
9.84 3.49941 -0.594677 -1.15398 0.325804 0.015537 -0.000838613
9.85 3.5007 -0.593794 -1.15289 0.326924 0.0155367 -0.000839971
9.86 3.502 -0.592905 -1.15178 0.328046 0.0155363 -0.000841333
9.87 3.50329 -0.59201 -1.15065 0.32917 0.015536 -0.000842705
9.88 3.50459 -0.591109 -1.14951 0.330296 0.0155356 -0.000844092
9.89 3.50589 -0.590204 -1.14834 0.331424 0.0155352 -0.000845498
9.9 3.50719 -0.589295 -1.14716 0.332553 0.0155348 -0.000846907
9.91 3.5085 -0.588385 -1.14595 0.333685 0.0155344 -0.000848314
9.92 3.5098 -0.587474 -1.14472 0.334819 0.015534 -0.000849694
9.93 3.51111 -0.586565 -1.14348 0.335956 0.0155335 -0.000851052
9.94 3.51241 -0.585661 -1.14221 0.337094 0.0155331 -0.00085238
9.95 3.51372 -0.584763 -1.14091 0.338234 0.0155326 -0.000853696
9.96 3.51503 -0.583874 -1.1396 0.339376 0.0155321 -0.000855006
9.97 3.51634 -0.582996 -1.13826 0.340519 0.0155316 -0.000856316
9.98 3.51766 -0.582132 -1.1369 0.341664 0.0155311 -0.000857618
9.99 3.51897 -0.581283 -1.13552 0.342811 0.0155305 -0.000858893
10 3.52029 -0.580452 -1.13411 0.34396 0.01553 -0.000860138
10.01 3.52161 -0.579639 -1.13268 0.345112 0.0155294 -0.000861344
10.02 3.52293 -0.578846 -1.13123 0.346265 0.0155287 -0.000862535
10.03 3.52425 -0.578075 -1.12975 0.347421 0.015528 -0.000863721
10.04 3.52557 -0.577325 -1.12826 0.348577 0.0155273 -0.000864922
10.05 3.5269 -0.576598 -1.12675 0.349736 0.0155265 -0.000866131
10.06 3.52823 -0.575892 -1.12521 0.350896 0.0155256 -0.000867343
10.07 3.52956 -0.575207 -1.12366 0.35206 0.0155247 -0.000868544
10.08 3.53089 -0.574542 -1.12209 0.353226 0.0155238 -0.000869733
10.09 3.53222 -0.573896 -1.12051 0.354394 0.0155227 -0.000870919
10.1 3.53356 -0.573267 -1.11892 0.355565 0.0155216 -0.000872117
10.11 3.5349 -0.572654 -1.11731 0.356737 0.0155204 -0.000873347
10.12 3.53625 -0.572053 -1.11568 0.357912 0.0155191 -0.000874607
10.13 3.53759 -0.571464 -1.11405 0.359088 0.0155178 -0.000875899
10.14 3.53894 -0.570884 -1.11241 0.360268 0.0155164 -0.000877204
10.15 3.5403 -0.570311 -1.11076 0.36145 0.0155149 -0.000878523
10.16 3.54166 -0.569741 -1.1091 0.362635 0.0155133 -0.000879843
10.17 3.54302 -0.569174 -1.10743 0.363823 0.0155117 -0.000881179
10.18 3.54439 -0.568607 -1.10576 0.365013 0.01551 -0.000882534
10.19 3.54576 -0.568039 -1.10407 0.366204 0.0155083 -0.000883919
10.2 3.54713 -0.567467 -1.10238 0.367398 0.0155064 -0.000885335
10.21 3.54851 -0.566892 -1.10069 0.368594 0.0155046 -0.000886769
10.22 3.5499 -0.566312 -1.09898 0.369793 0.0155026 -0.000888212
10.23 3.55129 -0.565728 -1.09727 0.370994 0.0155007 -0.000889638
10.24 3.55268 -0.565138 -1.09555 0.372198 0.0154987 -0.000891054
10.25 3.55408 -0.564544 -1.09382 0.373404 0.0154966 -0.000892452
10.26 3.55549 -0.563947 -1.09208 0.374612 0.0154945 -0.000893853
10.27 3.5569 -0.563347 -1.09033 0.375822 0.0154924 -0.000895255
10.28 3.55831 -0.562747 -1.08857 0.377033 0.0154903 -0.00089666
10.29 3.55973 -0.562148 -1.08679 0.378246 0.0154882 -0.000898049
10.3 3.56116 -0.561552 -1.085 0.379461 0.015486 -0.000899403
10.31 3.56259 -0.560962 -1.0832 0.380679 0.0154838 -0.000900715
10.32 3.56403 -0.56038 -1.08138 0.381899 0.0154816 -0.000901981
10.33 3.56547 -0.559808 -1.07955 0.383121 0.0154794 -0.000903221
10.34 3.56692 -0.559249 -1.07769 0.384344 0.0154772 -0.000904441
10.35 3.56837 -0.558705 -1.07583 0.385568 0.0154749 -0.000905652
10.36 3.56983 -0.558178 -1.07394 0.386794 0.0154727 -0.000906843
10.37 3.57129 -0.55767 -1.07204 0.388022 0.0154704 -0.000908003
10.38 3.57276 -0.557183 -1.07012 0.389252 0.0154681 -0.000909123
10.39 3.57423 -0.556719 -1.06818 0.390485 0.0154657 -0.000910205
10.4 3.57571 -0.556277 -1.06622 0.39172 0.0154634 -0.00091126
10.41 3.5772 -0.55586 -1.06425 0.392956 0.0154609 -0.000912302
10.42 3.57869 -0.555466 -1.06226 0.394194 0.0154585 -0.000913344
10.43 3.58019 -0.555096 -1.06025 0.395434 0.015456 -0.000914392
10.44 3.58169 -0.554749 -1.05823 0.396675 0.0154535 -0.000915443
10.45 3.5832 -0.554424 -1.05619 0.39792 0.015451 -0.000916491
10.46 3.58472 -0.554119 -1.05414 0.399166 0.0154484 -0.000917529
10.47 3.58625 -0.553833 -1.05208 0.400416 0.0154457 -0.000918562
10.48 3.58778 -0.553564 -1.05 0.401668 0.015443 -0.000919599
10.49 3.58932 -0.55331 -1.04791 0.402922 0.0154403 -0.000920653
10.5 3.59086 -0.553068 -1.04582 0.404178 0.0154375 -0.00092174
10.51 3.59242 -0.552835 -1.04371 0.405436 0.0154347 -0.000922859
10.52 3.59398 -0.55261 -1.04159 0.406697 0.0154318 -0.000924007
10.53 3.59555 -0.552389 -1.03947 0.40796 0.0154289 -0.000925164
10.54 3.59713 -0.552171 -1.03733 0.409227 0.015426 -0.000926326
10.55 3.59872 -0.551953 -1.03519 0.410496 0.015423 -0.000927487
10.56 3.60031 -0.551733 -1.03303 0.411767 0.01542 -0.000928664
10.57 3.60191 -0.55151 -1.03087 0.413041 0.015417 -0.000929864
10.58 3.60353 -0.551282 -1.0287 0.414316 0.015414 -0.000931095
10.59 3.60515 -0.551049 -1.02652 0.415593 0.015411 -0.000932346
10.6 3.60677 -0.55081 -1.02433 0.416873 0.015408 -0.000933599
10.61 3.60841 -0.550565 -1.02213 0.418156 0.0154049 -0.000934837
10.62 3.61006 -0.550315 -1.01992 0.419441 0.0154019 -0.00093605
10.63 3.61171 -0.55006 -1.0177 0.420729 0.0153989 -0.000937247
10.64 3.61337 -0.549801 -1.01546 0.422018 0.015396 -0.00093843
10.65 3.61504 -0.54954 -1.0132 0.423308 0.015393 -0.000939612
10.66 3.61672 -0.54928 -1.01094 0.424601 0.0153901 -0.000940784
10.67 3.61841 -0.549021 -1.00865 0.425895 0.0153872 -0.00094194
10.68 3.6201 -0.548766 -1.00635 0.427191 0.0153844 -0.000943058
10.69 3.62181 -0.548519 -1.00402 0.428489 0.0153816 -0.000944137
10.7 3.62352 -0.54828 -1.00168 0.42979 0.0153788 -0.000945167
10.71 3.62524 -0.548053 -0.99932 0.431092 0.0153761 -0.000946162
10.72 3.62697 -0.547841 -0.996937 0.432396 0.0153734 -0.000947127
10.73 3.62871 -0.547645 -0.994532 0.433701 0.0153707 -0.000948074
10.74 3.63045 -0.547467 -0.992105 0.435008 0.0153681 -0.000949005
10.75 3.63221 -0.547309 -0.989656 0.436316 0.0153655 -0.000949912
10.76 3.63397 -0.547173 -0.987184 0.437626 0.0153629 -0.000950794
10.77 3.63575 -0.547059 -0.98469 0.438939 0.0153604 -0.000951637
10.78 3.63753 -0.546968 -0.982174 0.440254 0.0153579 -0.000952453
10.79 3.63932 -0.546901 -0.979636 0.441571 0.0153554 -0.000953246
10.8 3.64112 -0.546857 -0.977077 0.44289 0.0153529 -0.000954043
10.81 3.64293 -0.546835 -0.974498 0.44421 0.0153504 -0.000954853
10.82 3.64474 -0.546834 -0.971898 0.445533 0.015348 -0.000955683
10.83 3.64657 -0.546854 -0.969279 0.446857 0.0153456 -0.000956521
10.84 3.64841 -0.546891 -0.966642 0.448185 0.0153431 -0.000957358
10.85 3.65026 -0.546944 -0.963987 0.449515 0.0153407 -0.000958192
10.86 3.65211 -0.54701 -0.961316 0.450848 0.0153383 -0.00095903
10.87 3.65398 -0.547087 -0.958628 0.452183 0.0153359 -0.000959895
10.88 3.65586 -0.547173 -0.955925 0.45352 0.0153336 -0.000960796
10.89 3.65774 -0.547264 -0.953207 0.454859 0.0153312 -0.000961742
10.9 3.65964 -0.547358 -0.950475 0.4562 0.0153289 -0.000962719
10.91 3.66154 -0.547452 -0.947729 0.457544 0.0153266 -0.000963719
10.92 3.66346 -0.547544 -0.944969 0.458891 0.0153243 -0.000964726
10.93 3.66538 -0.547632 -0.942196 0.460241 0.015322 -0.000965742
10.94 3.66732 -0.547714 -0.93941 0.461594 0.0153197 -0.000966772
10.95 3.66926 -0.547789 -0.93661 0.462948 0.0153175 -0.000967826
10.96 3.67122 -0.547856 -0.933796 0.464305 0.0153154 -0.000968906
10.97 3.67318 -0.547914 -0.930968 0.465663 0.0153133 -0.000970007
10.98 3.67516 -0.547963 -0.928124 0.467024 0.0153112 -0.000971118
10.99 3.67714 -0.548003 -0.925266 0.468387 0.0153092 -0.000972221
11 3.67913 -0.548035 -0.922391 0.469752 0.0153072 -0.000973308
11.01 3.68113 -0.54806 -0.919499 0.47112 0.0153053 -0.000974369
11.02 3.68314 -0.54808 -0.916588 0.47249 0.0153035 -0.000975414
11.03 3.68516 -0.548097 -0.913659 0.473862 0.0153017 -0.000976444
11.04 3.68719 -0.548112 -0.91071 0.475235 0.0153 -0.000977469
11.05 3.68922 -0.548129 -0.90774 0.476609 0.0152984 -0.000978479
11.06 3.69127 -0.548149 -0.904749 0.477985 0.0152969 -0.000979467
11.07 3.69332 -0.548175 -0.901736 0.479363 0.0152954 -0.000980418
11.08 3.69538 -0.54821 -0.8987 0.480744 0.0152939 -0.000981319
11.09 3.69745 -0.548255 -0.895641 0.482126 0.0152926 -0.00098218
11.1 3.69953 -0.548315 -0.892558 0.48351 0.0152913 -0.000983007
11.11 3.70162 -0.54839 -0.889451 0.484896 0.01529 -0.000983824
11.12 3.70371 -0.548483 -0.88632 0.486282 0.0152888 -0.000984631
11.13 3.70581 -0.548594 -0.883166 0.48767 0.0152877 -0.000985432
11.14 3.70792 -0.548726 -0.879987 0.48906 0.0152866 -0.000986209
11.15 3.71004 -0.548878 -0.876786 0.490453 0.0152855 -0.000986959
11.16 3.71217 -0.549051 -0.873561 0.491848 0.0152845 -0.000987685
11.17 3.71431 -0.549245 -0.870315 0.493245 0.0152835 -0.0009884
11.18 3.71645 -0.549459 -0.867047 0.494644 0.0152825 -0.000989126
11.19 3.7186 -0.549692 -0.863759 0.496044 0.0152815 -0.000989871
11.2 3.72076 -0.549942 -0.860452 0.497447 0.0152806 -0.000990648
11.21 3.72293 -0.550208 -0.857126 0.498852 0.0152796 -0.000991441
11.22 3.7251 -0.550487 -0.853783 0.500259 0.0152787 -0.000992253
11.23 3.72729 -0.550777 -0.850423 0.501669 0.0152778 -0.000993073
11.24 3.72948 -0.551075 -0.847049 0.503082 0.0152769 -0.000993913
11.25 3.73168 -0.551379 -0.84366 0.504497 0.015276 -0.00099478
11.26 3.73389 -0.551686 -0.840257 0.505915 0.0152751 -0.000995685
11.27 3.7361 -0.551992 -0.836842 0.507335 0.0152742 -0.000996638
11.28 3.73833 -0.552296 -0.833415 0.508757 0.0152733 -0.000997633
11.29 3.74056 -0.552594 -0.829978 0.510181 0.0152724 -0.000998667
11.3 3.74279 -0.552885 -0.826529 0.511608 0.0152716 -0.000999721
11.31 3.74504 -0.553167 -0.82307 0.513038 0.0152707 -0.00100079
11.32 3.74729 -0.553437 -0.819601 0.514471 0.0152698 -0.00100187
11.33 3.74955 -0.553696 -0.816121 0.515907 0.015269 -0.00100297
11.34 3.75181 -0.553942 -0.812632 0.517344 0.0152681 -0.00100409
11.35 3.75408 -0.554175 -0.809132 0.518783 0.0152673 -0.00100524
11.36 3.75636 -0.554396 -0.805621 0.520223 0.0152665 -0.0010064
11.37 3.75864 -0.554605 -0.802099 0.521666 0.0152657 -0.00100757
11.38 3.76093 -0.554803 -0.798565 0.523112 0.0152649 -0.00100871
11.39 3.76322 -0.554991 -0.795019 0.52456 0.0152641 -0.00100984
11.4 3.76552 -0.555172 -0.79146 0.52601 0.0152634 -0.00101093
11.41 3.76782 -0.555348 -0.787888 0.527461 0.0152626 -0.00101201
11.42 3.77013 -0.555522 -0.784302 0.528914 0.0152619 -0.00101309
11.43 3.77244 -0.555695 -0.7807 0.530368 0.0152612 -0.00101416
11.44 3.77475 -0.555871 -0.777084 0.531824 0.0152604 -0.00101521
11.45 3.77707 -0.556051 -0.773452 0.533281 0.0152597 -0.00101622
11.46 3.7794 -0.55624 -0.769804 0.534741 0.015259 -0.00101719
11.47 3.78172 -0.556438 -0.76614 0.536203 0.0152582 -0.00101812
11.48 3.78405 -0.55665 -0.76246 0.537667 0.0152575 -0.00101903
11.49 3.78639 -0.556875 -0.758763 0.539131 0.0152567 -0.00101992
11.5 3.78873 -0.557116 -0.755051 0.540598 0.0152559 -0.00102081
11.51 3.79107 -0.557375 -0.751322 0.542065 0.0152551 -0.00102169
11.52 3.79341 -0.557652 -0.747579 0.543535 0.0152542 -0.00102257
11.53 3.79576 -0.557947 -0.743821 0.545006 0.0152533 -0.00102343
11.54 3.79811 -0.55826 -0.74005 0.546481 0.0152523 -0.00102428
11.55 3.80047 -0.558591 -0.736266 0.547957 0.0152512 -0.00102513
11.56 3.80283 -0.558938 -0.73247 0.549436 0.0152501 -0.00102599
11.57 3.80519 -0.5593 -0.728663 0.550916 0.015249 -0.00102687
11.58 3.80755 -0.559676 -0.724847 0.552398 0.0152477 -0.00102779
11.59 3.80992 -0.560062 -0.721022 0.553883 0.0152464 -0.00102875
11.6 3.81229 -0.560457 -0.717191 0.555369 0.015245 -0.00102974
11.61 3.81466 -0.560857 -0.713353 0.556859 0.0152435 -0.00103075
11.62 3.81703 -0.561261 -0.70951 0.558352 0.0152419 -0.00103178
11.63 3.81941 -0.561664 -0.705664 0.559847 0.0152402 -0.00103284
11.64 3.82179 -0.562065 -0.701814 0.561345 0.0152384 -0.00103394
11.65 3.82416 -0.56246 -0.697963 0.562845 0.0152366 -0.0010351
11.66 3.82654 -0.562848 -0.694111 0.564347 0.0152346 -0.0010363
11.67 3.82893 -0.563225 -0.690258 0.565851 0.0152325 -0.00103755
11.68 3.83131 -0.563589 -0.686405 0.567358 0.0152304 -0.00103883
11.69 3.83369 -0.56394 -0.682553 0.568868 0.0152281 -0.00104012
11.7 3.83607 -0.564276 -0.678701 0.570381 0.0152258 -0.00104142
11.71 3.83845 -0.564595 -0.674849 0.571896 0.0152233 -0.00104274
11.72 3.84083 -0.564898 -0.670998 0.573413 0.0152208 -0.00104408
11.73 3.84321 -0.565186 -0.667148 0.574932 0.0152182 -0.00104544
11.74 3.84559 -0.565458 -0.663297 0.576453 0.0152154 -0.00104682
11.75 3.84797 -0.565716 -0.659446 0.577975 0.0152126 -0.0010482
11.76 3.85035 -0.565961 -0.655595 0.5795 0.0152097 -0.00104956
11.77 3.85272 -0.566196 -0.651742 0.581027 0.0152066 -0.0010509
11.78 3.85509 -0.566422 -0.647887 0.582557 0.0152035 -0.00105221
11.79 3.85746 -0.566642 -0.644029 0.584088 0.0152002 -0.0010535
11.8 3.85983 -0.566858 -0.640168 0.58562 0.0151968 -0.00105478
11.81 3.8622 -0.567074 -0.636304 0.587153 0.0151933 -0.00105605
11.82 3.86456 -0.567292 -0.632435 0.588688 0.0151897 -0.0010573
11.83 3.86692 -0.567515 -0.628562 0.590225 0.015186 -0.00105852
11.84 3.86928 -0.567746 -0.624685 0.591763 0.0151821 -0.00105972
11.85 3.87163 -0.567986 -0.620802 0.593304 0.0151781 -0.00106087
11.86 3.87398 -0.568238 -0.616915 0.594846 0.015174 -0.001062
11.87 3.87633 -0.568503 -0.613022 0.596391 0.0151697 -0.00106311
11.88 3.87868 -0.568784 -0.609125 0.597936 0.0151652 -0.00106421
11.89 3.88102 -0.56908 -0.605224 0.599482 0.0151606 -0.00106533
11.9 3.88336 -0.569393 -0.601319 0.601031 0.0151558 -0.00106645
11.91 3.88569 -0.569722 -0.597412 0.602581 0.0151509 -0.00106756
11.92 3.88802 -0.570067 -0.593502 0.604134 0.0151457 -0.00106868
11.93 3.89035 -0.570426 -0.58959 0.60569 0.0151404 -0.00106979
11.94 3.89268 -0.570799 -0.585678 0.607248 0.0151349 -0.00107091
11.95 3.895 -0.571184 -0.581767 0.608808 0.0151292 -0.00107207
11.96 3.89731 -0.571578 -0.577857 0.610369 0.0151233 -0.00107327
11.97 3.89962 -0.571979 -0.57395 0.611933 0.0151172 -0.00107451
11.98 3.90193 -0.572384 -0.570047 0.613499 0.015111 -0.00107579
11.99 3.90424 -0.572791 -0.566148 0.615068 0.0151045 -0.0010771
12 3.90653 -0.573196 -0.562255 0.61664 0.0150978 -0.00107844
12.01 3.90883 -0.573597 -0.558369 0.618215 0.0150909 -0.00107981
12.02 3.91111 -0.573991 -0.55449 0.619792 0.0150838 -0.00108122
12.03 3.9134 -0.574375 -0.55062 0.621372 0.0150765 -0.00108268
12.04 3.91567 -0.574747 -0.546757 0.622954 0.015069 -0.00108419
12.05 3.91794 -0.575105 -0.542904 0.624538 0.0150614 -0.00108574
12.06 3.9202 -0.575447 -0.539061 0.626124 0.0150535 -0.00108732
12.07 3.92246 -0.575772 -0.535227 0.627713 0.0150454 -0.00108892
12.08 3.92471 -0.576079 -0.531402 0.629305 0.0150371 -0.00109053
12.09 3.92695 -0.576367 -0.527586 0.6309 0.0150286 -0.00109215
12.1 3.92919 -0.576638 -0.52378 0.632497 0.0150199 -0.00109378
12.11 3.93142 -0.57689 -0.519982 0.634095 0.015011 -0.00109542
12.12 3.93363 -0.577127 -0.516192 0.635695 0.0150019 -0.00109707
12.13 3.93585 -0.577348 -0.512409 0.637297 0.0149927 -0.00109873
12.14 3.93805 -0.577556 -0.508633 0.6389 0.0149832 -0.00110037
12.15 3.94024 -0.577753 -0.504863 0.640506 0.0149735 -0.00110199
12.16 3.94243 -0.577942 -0.501099 0.642114 0.0149636 -0.00110358
12.17 3.94461 -0.578125 -0.497339 0.643724 0.0149535 -0.00110513
12.18 3.94677 -0.578305 -0.493583 0.645336 0.0149432 -0.00110667
12.19 3.94893 -0.578486 -0.48983 0.646948 0.0149327 -0.00110819
12.2 3.95108 -0.578668 -0.486079 0.648561 0.014922 -0.0011097
12.21 3.95323 -0.578857 -0.482331 0.650176 0.0149111 -0.00111118
12.22 3.95536 -0.579053 -0.478584 0.651793 0.0148999 -0.00111264
12.23 3.95748 -0.579259 -0.474839 0.653412 0.0148885 -0.00111406
12.24 3.9596 -0.579477 -0.471095 0.655033 0.0148769 -0.00111546
12.25 3.96171 -0.579708 -0.467352 0.656656 0.0148651 -0.00111684
12.26 3.9638 -0.579954 -0.463611 0.65828 0.014853 -0.00111821
12.27 3.96589 -0.580214 -0.459872 0.659905 0.0148407 -0.00111959
12.28 3.96797 -0.58049 -0.456134 0.661532 0.0148282 -0.00112099
12.29 3.97004 -0.58078 -0.452399 0.663161 0.0148154 -0.00112239
12.3 3.9721 -0.581084 -0.448667 0.664793 0.0148024 -0.00112379
12.31 3.97415 -0.5814 -0.44494 0.666427 0.0147891 -0.0011252
12.32 3.97619 -0.581727 -0.441216 0.668063 0.0147756 -0.00112663
12.33 3.97823 -0.582063 -0.437499 0.669702 0.0147618 -0.00112808
12.34 3.98025 -0.582405 -0.433788 0.671343 0.0147478 -0.00112957
12.35 3.98226 -0.58275 -0.430084 0.672986 0.0147335 -0.00113111
12.36 3.98427 -0.583096 -0.426388 0.674631 0.014719 -0.00113269
12.37 3.98626 -0.58344 -0.422701 0.676279 0.0147043 -0.0011343
12.38 3.98824 -0.583778 -0.419024 0.67793 0.0146893 -0.00113595
12.39 3.99022 -0.584108 -0.415357 0.679584 0.014674 -0.00113762
12.4 3.99218 -0.584428 -0.411701 0.68124 0.0146586 -0.00113933
12.41 3.99413 -0.584735 -0.408056 0.682899 0.0146428 -0.00114107
12.42 3.99607 -0.585026 -0.404424 0.68456 0.0146269 -0.00114285
12.43 3.998 -0.585301 -0.400803 0.686224 0.0146107 -0.00114468
12.44 3.99992 -0.585557 -0.397194 0.687889 0.0145943 -0.00114653
12.45 4.00182 -0.585793 -0.393597 0.689557 0.0145776 -0.0011484
12.46 4.00372 -0.58601 -0.390012 0.691228 0.0145608 -0.00115027
12.47 4.0056 -0.586208 -0.386438 0.692902 0.0145436 -0.00115214
12.48 4.00747 -0.586386 -0.382876 0.694578 0.0145263 -0.001154
12.49 4.00933 -0.586545 -0.379323 0.696255 0.0145088 -0.00115587
12.5 4.01117 -0.586688 -0.37578 0.697934 0.014491 -0.00115774
12.51 4.01301 -0.586817 -0.372246 0.699614 0.014473 -0.00115961
12.52 4.01483 -0.586932 -0.36872 0.701296 0.0144548 -0.00116146
12.53 4.01664 -0.587037 -0.365202 0.70298 0.0144363 -0.00116328
12.54 4.01843 -0.587135 -0.36169 0.704667 0.0144177 -0.00116506
12.55 4.02022 -0.587228 -0.358184 0.706355 0.0143988 -0.0011668
12.56 4.02199 -0.587319 -0.354682 0.708045 0.0143797 -0.00116852
12.57 4.02375 -0.587411 -0.351185 0.709735 0.0143603 -0.00117021
12.58 4.02549 -0.587506 -0.347691 0.711427 0.0143408 -0.00117188
12.59 4.02723 -0.587608 -0.3442 0.71312 0.014321 -0.00117354
12.6 4.02895 -0.587718 -0.340711 0.714815 0.014301 -0.00117516
12.61 4.03066 -0.587838 -0.337225 0.716512 0.0142808 -0.00117676
12.62 4.03236 -0.58797 -0.333741 0.718211 0.0142603 -0.00117832
12.63 4.03404 -0.588116 -0.330259 0.719912 0.0142396 -0.00117986
12.64 4.03572 -0.588275 -0.32678 0.721614 0.0142187 -0.0011814
12.65 4.03738 -0.588448 -0.323302 0.723318 0.0141975 -0.00118294
12.66 4.03903 -0.588635 -0.319828 0.725023 0.0141761 -0.00118448
12.67 4.04067 -0.588834 -0.316356 0.72673 0.0141545 -0.00118604
12.68 4.04229 -0.589045 -0.312889 0.72844 0.0141326 -0.00118761
12.69 4.0439 -0.589266 -0.309426 0.730152 0.0141106 -0.00118918
12.7 4.04551 -0.589495 -0.305969 0.731867 0.0140882 -0.00119077
12.71 4.04709 -0.589729 -0.302518 0.733585 0.0140657 -0.00119237
12.72 4.04867 -0.589966 -0.299073 0.735304 0.0140429 -0.001194
12.73 4.05023 -0.590204 -0.295637 0.737026 0.01402 -0.00119567
12.74 4.05178 -0.590438 -0.292209 0.73875 0.0139968 -0.00119739
12.75 4.05332 -0.590667 -0.28879 0.740476 0.0139734 -0.00119914
12.76 4.05485 -0.590887 -0.285382 0.742206 0.0139498 -0.00120091
12.77 4.05636 -0.591096 -0.281984 0.743938 0.0139259 -0.0012027
12.78 4.05786 -0.591291 -0.278597 0.745674 0.0139019 -0.00120452
12.79 4.05934 -0.59147 -0.275222 0.747412 0.0138777 -0.00120635
12.8 4.06082 -0.591631 -0.271858 0.749152 0.0138532 -0.00120822
12.81 4.06228 -0.591772 -0.268507 0.750894 0.0138286 -0.00121011
12.82 4.06372 -0.591893 -0.265167 0.752638 0.0138037 -0.00121203
12.83 4.06515 -0.591993 -0.261839 0.754385 0.0137787 -0.00121395
12.84 4.06657 -0.592072 -0.258523 0.756134 0.0137535 -0.00121586
12.85 4.06797 -0.592131 -0.255218 0.757886 0.0137281 -0.00121776
12.86 4.06936 -0.592169 -0.251924 0.75964 0.0137025 -0.00121965
12.87 4.07074 -0.592189 -0.24864 0.761396 0.0136767 -0.00122152
12.88 4.0721 -0.592192 -0.245365 0.763153 0.0136507 -0.00122338
12.89 4.07345 -0.592181 -0.242099 0.764912 0.0136245 -0.00122523
12.9 4.07478 -0.592158 -0.238841 0.766672 0.0135982 -0.00122705
12.91 4.0761 -0.592125 -0.235591 0.768434 0.0135717 -0.00122884
12.92 4.07741 -0.592085 -0.232347 0.770198 0.0135449 -0.00123058
12.93 4.0787 -0.592042 -0.229109 0.771964 0.013518 -0.00123229
12.94 4.07998 -0.591997 -0.225876 0.773732 0.0134909 -0.00123395
12.95 4.08125 -0.591954 -0.222648 0.775501 0.0134636 -0.00123558
12.96 4.0825 -0.591915 -0.219424 0.77727 0.0134361 -0.00123719
12.97 4.08374 -0.591883 -0.216204 0.779041 0.0134085 -0.00123877
12.98 4.08497 -0.591859 -0.212988 0.780813 0.0133806 -0.00124032
12.99 4.08618 -0.591846 -0.209775 0.782588 0.0133526 -0.00124185
13 4.08738 -0.591844 -0.206565 0.784364 0.0133243 -0.00124334
13.01 4.08857 -0.591855 -0.203359 0.786143 0.0132959 -0.00124482
13.02 4.08975 -0.591878 -0.200157 0.787923 0.0132673 -0.00124628
13.03 4.09091 -0.591914 -0.19696 0.789705 0.0132385 -0.00124773
13.04 4.09206 -0.591961 -0.193767 0.791488 0.0132095 -0.0012492
13.05 4.0932 -0.592019 -0.19058 0.793273 0.0131803 -0.00125067
13.06 4.09432 -0.592087 -0.187399 0.795061 0.013151 -0.00125215
13.07 4.09543 -0.592161 -0.184225 0.796851 0.0131215 -0.00125364
13.08 4.09653 -0.592241 -0.181058 0.798644 0.0130918 -0.00125514
13.09 4.09762 -0.592323 -0.177901 0.80044 0.0130619 -0.00125665
13.1 4.09869 -0.592404 -0.174753 0.802238 0.0130319 -0.00125819
13.11 4.09975 -0.592482 -0.171615 0.804038 0.0130017 -0.00125975
13.12 4.1008 -0.592555 -0.168489 0.80584 0.0129713 -0.00126135
13.13 4.10183 -0.592618 -0.165375 0.807645 0.0129408 -0.00126298
13.14 4.10285 -0.592669 -0.162274 0.809453 0.0129101 -0.00126463
13.15 4.10386 -0.592706 -0.159186 0.811263 0.0128793 -0.00126629
13.16 4.10485 -0.592726 -0.156112 0.813077 0.0128483 -0.00126797
13.17 4.10583 -0.592728 -0.153052 0.814893 0.0128171 -0.00126966
13.18 4.1068 -0.59271 -0.150007 0.816712 0.0127858 -0.00127137
13.19 4.10775 -0.59267 -0.146977 0.818533 0.0127544 -0.00127309
13.2 4.10869 -0.592609 -0.143962 0.820355 0.0127228 -0.00127482
13.21 4.10961 -0.592525 -0.140962 0.82218 0.0126911 -0.00127655
13.22 4.11052 -0.592419 -0.137976 0.824007 0.0126592 -0.00127828
13.23 4.11142 -0.592292 -0.135004 0.825837 0.0126272 -0.00127998
13.24 4.1123 -0.592145 -0.132046 0.827669 0.0125951 -0.00128166
13.25 4.11316 -0.59198 -0.129102 0.829503 0.0125628 -0.00128332
13.26 4.11402 -0.591799 -0.12617 0.831339 0.0125304 -0.00128495
13.27 4.11486 -0.591603 -0.12325 0.833175 0.0124978 -0.00128657
13.28 4.11569 -0.591396 -0.120341 0.835013 0.0124651 -0.00128816
13.29 4.1165 -0.591181 -0.117444 0.836852 0.0124323 -0.00128971
13.3 4.1173 -0.590959 -0.114556 0.838693 0.0123993 -0.00129123
13.31 4.11809 -0.590734 -0.111678 0.840537 0.0123662 -0.0012927
13.32 4.11886 -0.59051 -0.108809 0.842382 0.0123329 -0.00129413
13.33 4.11962 -0.590287 -0.105948 0.844228 0.0122995 -0.00129552
13.34 4.12037 -0.590069 -0.103096 0.846075 0.0122659 -0.00129689
13.35 4.1211 -0.589858 -0.100252 0.847924 0.0122322 -0.00129823
13.36 4.12182 -0.589655 -0.0974151 0.849773 0.0121984 -0.00129956
13.37 4.12253 -0.589463 -0.0945865 0.851625 0.0121644 -0.00130085
13.38 4.12323 -0.589281 -0.091766 0.853478 0.0121303 -0.00130213
13.39 4.12392 -0.589111 -0.0889537 0.855334 0.012096 -0.00130338
13.4 4.12459 -0.588952 -0.0861502 0.857192 0.0120616 -0.00130462
13.41 4.12525 -0.588803 -0.0833559 0.859051 0.0120271 -0.00130586
13.42 4.12589 -0.588665 -0.0805714 0.860913 0.0119924 -0.00130711
13.43 4.12653 -0.588535 -0.0777977 0.862775 0.0119576 -0.00130836
13.44 4.12715 -0.588412 -0.0750354 0.86464 0.0119227 -0.00130963
13.45 4.12776 -0.588293 -0.0722855 0.866508 0.0118877 -0.00131091
13.46 4.12836 -0.588176 -0.0695489 0.868379 0.0118525 -0.0013122
13.47 4.12894 -0.588059 -0.0668266 0.870252 0.0118172 -0.00131351
13.48 4.12951 -0.587939 -0.0641195 0.872128 0.0117818 -0.00131483
13.49 4.13007 -0.587813 -0.0614285 0.874007 0.0117463 -0.00131618
13.5 4.13062 -0.587677 -0.0587544 0.875887 0.0117106 -0.00131756
13.51 4.13115 -0.58753 -0.0560982 0.87777 0.0116749 -0.00131897
13.52 4.13167 -0.587368 -0.0534606 0.879656 0.0116391 -0.00132039
13.53 4.13217 -0.58719 -0.0508422 0.881544 0.0116031 -0.00132184
13.54 4.13266 -0.586994 -0.0482434 0.883436 0.0115671 -0.00132329
13.55 4.13314 -0.586777 -0.0456647 0.88533 0.0115309 -0.00132475
13.56 4.13361 -0.586538 -0.0431061 0.887227 0.0114947 -0.00132622
13.57 4.13406 -0.586277 -0.0405678 0.889126 0.0114583 -0.0013277
13.58 4.1345 -0.585994 -0.0380497 0.891026 0.0114219 -0.00132919
13.59 4.13493 -0.585688 -0.0355517 0.892929 0.0113853 -0.00133067
13.6 4.13534 -0.58536 -0.0330735 0.894833 0.0113487 -0.00133215
13.61 4.13574 -0.585011 -0.0306148 0.896741 0.011312 -0.0013336
13.62 4.13612 -0.584643 -0.0281749 0.89865 0.0112751 -0.00133504
13.63 4.13649 -0.584258 -0.0257534 0.900562 0.0112382 -0.00133645
13.64 4.13685 -0.583857 -0.0233495 0.902475 0.0112011 -0.00133784
13.65 4.1372 -0.583443 -0.0209625 0.904389 0.011164 -0.0013392
13.66 4.13753 -0.583019 -0.0185919 0.906304 0.0111267 -0.00134055
13.67 4.13785 -0.582588 -0.016237 0.90822 0.0110894 -0.00134186
13.68 4.13815 -0.582152 -0.0138971 0.910138 0.011052 -0.00134313
13.69 4.13845 -0.581714 -0.0115716 0.912058 0.0110144 -0.00134438
13.7 4.13873 -0.581277 -0.00925994 0.91398 0.0109767 -0.00134559
13.71 4.139 -0.580843 -0.00696171 0.915904 0.010939 -0.00134677
13.72 4.13926 -0.580415 -0.00467652 0.917828 0.0109011 -0.00134793
13.73 4.1395 -0.579994 -0.00240413 0.919754 0.0108631 -0.00134906
13.74 4.13973 -0.579581 -0.000144439 0.92168 0.0108251 -0.00135019
13.75 4.13995 -0.579179 0.00210253 0.923609 0.0107869 -0.00135129
13.76 4.14016 -0.578787 0.00433664 0.925539 0.0107486 -0.00135239
13.77 4.14035 -0.578405 0.00655765 0.927472 0.0107103 -0.00135347
13.78 4.14054 -0.578034 0.00876519 0.929407 0.0106718 -0.00135455
13.79 4.14071 -0.577673 0.0109588 0.931344 0.0106333 -0.00135563
13.8 4.14086 -0.577319 0.0131379 0.933282 0.0105946 -0.00135671
13.81 4.14101 -0.576973 0.0153017 0.935223 0.0105559 -0.00135782
13.82 4.14114 -0.576631 0.0174495 0.937165 0.0105171 -0.00135894
13.83 4.14126 -0.576292 0.0195805 0.93911 0.0104783 -0.00136007
13.84 4.14137 -0.575952 0.0216939 0.941058 0.0104393 -0.00136123
13.85 4.14146 -0.575611 0.0237887 0.943009 0.0104003 -0.0013624
13.86 4.14155 -0.575263 0.0258643 0.944963 0.0103612 -0.00136359
13.87 4.14162 -0.574908 0.0279199 0.946919 0.010322 -0.00136481
13.88 4.14167 -0.574541 0.0299548 0.948877 0.0102828 -0.00136605
13.89 4.14171 -0.574161 0.0319681 0.950838 0.0102435 -0.00136732
13.9 4.14174 -0.573766 0.0339595 0.952801 0.0102042 -0.00136861
13.91 4.14176 -0.573352 0.0359283 0.954767 0.0101648 -0.00136991
13.92 4.14176 -0.572919 0.0378743 0.956736 0.0101253 -0.00137123
13.93 4.14175 -0.572465 0.0397972 0.958708 0.0100858 -0.00137256
13.94 4.14173 -0.571989 0.0416971 0.960683 0.0100462 -0.00137389
13.95 4.14169 -0.57149 0.0435738 0.962659 0.0100065 -0.00137523
13.96 4.14164 -0.57097 0.0454277 0.964637 0.00996681 -0.00137658
13.97 4.14158 -0.570427 0.0472589 0.966617 0.00992703 -0.00137792
13.98 4.1415 -0.569864 0.0490679 0.968599 0.00988719 -0.00137926
13.99 4.14141 -0.569281 0.0508552 0.970583 0.0098473 -0.00138058
14 4.14131 -0.568679 0.0526214 0.97257 0.00980733 -0.00138189
14.01 4.14119 -0.568063 0.054367 0.974558 0.00976728 -0.00138317
14.02 4.14106 -0.567432 0.056093 0.976548 0.00972716 -0.00138444
14.03 4.14092 -0.56679 0.0578 0.978539 0.00968697 -0.00138568
14.04 4.14076 -0.566141 0.0594889 0.980531 0.00964671 -0.0013869
14.05 4.1406 -0.565485 0.0611603 0.982525 0.00960638 -0.0013881
14.06 4.14041 -0.564827 0.0628151 0.984519 0.00956599 -0.00138928
14.07 4.14022 -0.564168 0.0644539 0.986516 0.00952552 -0.00139043
14.08 4.14001 -0.563512 0.0660774 0.988514 0.00948498 -0.00139155
14.09 4.1398 -0.56286 0.0676862 0.990514 0.00944435 -0.00139265
14.1 4.13956 -0.562215 0.0692806 0.992515 0.00940365 -0.00139373
14.11 4.13932 -0.561578 0.070861 0.994518 0.00936288 -0.0013948
14.12 4.13906 -0.56095 0.0724275 0.996521 0.00932204 -0.00139585
14.13 4.13879 -0.560332 0.0739803 0.998526 0.00928115 -0.0013969
14.14 4.13851 -0.559724 0.0755193 1.00053 0.0092402 -0.00139795
14.15 4.13822 -0.559128 0.0770442 1.00254 0.00919918 -0.00139899
14.16 4.13791 -0.55854 0.0785548 1.00455 0.0091581 -0.00140003
14.17 4.13759 -0.557962 0.0800508 1.00657 0.00911695 -0.00140107
14.18 4.13726 -0.557391 0.0815317 1.00858 0.00907575 -0.00140213
14.19 4.13691 -0.556826 0.0829969 1.0106 0.00903451 -0.0014032
14.2 4.13655 -0.556264 0.0844457 1.01262 0.00899323 -0.00140429
14.21 4.13618 -0.555704 0.0858774 1.01464 0.00895191 -0.00140539
14.22 4.1358 -0.555142 0.0872914 1.01667 0.00891055 -0.00140652
14.23 4.1354 -0.554576 0.0886869 1.0187 0.00886915 -0.00140766
14.24 4.13499 -0.554004 0.0900634 1.02073 0.0088277 -0.00140882
14.25 4.13456 -0.553423 0.0914201 1.02276 0.00878622 -0.00141001
14.26 4.13412 -0.552829 0.0927567 1.0248 0.0087447 -0.00141121
14.27 4.13367 -0.552222 0.0940726 1.02684 0.00870315 -0.00141244
14.28 4.1332 -0.551598 0.0953673 1.02888 0.00866158 -0.00141369
14.29 4.13272 -0.550956 0.0966406 1.03092 0.00861998 -0.00141495
14.3 4.13223 -0.550295 0.0978923 1.03297 0.00857835 -0.00141622
14.31 4.13172 -0.549613 0.0991224 1.03501 0.00853668 -0.0014175
14.32 4.1312 -0.548909 0.100331 1.03707 0.00849497 -0.00141878
14.33 4.13066 -0.548185 0.101518 1.03912 0.00845322 -0.00142007
14.34 4.13011 -0.547439 0.102685 1.04118 0.00841143 -0.00142136
14.35 4.12955 -0.546672 0.103831 1.04323 0.0083696 -0.00142263
14.36 4.12897 -0.545887 0.104956 1.04529 0.00832775 -0.00142391
14.37 4.12838 -0.545083 0.106063 1.04735 0.00828584 -0.00142517
14.38 4.12778 -0.544264 0.107151 1.04941 0.00824389 -0.00142641
14.39 4.12716 -0.543431 0.108221 1.05148 0.00820189 -0.00142764
14.4 4.12653 -0.542586 0.109274 1.05355 0.00815982 -0.00142885
14.41 4.12588 -0.541733 0.110312 1.05561 0.0081177 -0.00143003
14.42 4.12522 -0.540873 0.111333 1.05768 0.00807552 -0.0014312
14.43 4.12455 -0.54001 0.11234 1.05975 0.00803331 -0.00143235
14.44 4.12386 -0.539146 0.113334 1.06182 0.00799103 -0.00143347
14.45 4.12316 -0.538283 0.114314 1.0639 0.00794871 -0.00143457
14.46 4.12245 -0.537425 0.115282 1.06597 0.00790632 -0.00143565
14.47 4.12172 -0.536572 0.116238 1.06805 0.00786388 -0.00143672
14.48 4.12099 -0.535727 0.117182 1.07012 0.00782137 -0.00143776
14.49 4.12023 -0.534891 0.118115 1.0722 0.0077788 -0.0014388
14.5 4.11947 -0.534066 0.119037 1.07428 0.0077362 -0.00143982
14.51 4.11869 -0.53325 0.119948 1.07637 0.00769355 -0.00144085
14.52 4.11789 -0.532446 0.120847 1.07845 0.00765086 -0.00144186
14.53 4.11708 -0.531651 0.121735 1.08053 0.00760813 -0.00144288
14.54 4.11626 -0.530867 0.122612 1.08262 0.00756535 -0.00144389
14.55 4.11543 -0.53009 0.123476 1.08471 0.00752253 -0.00144492
14.56 4.11458 -0.529321 0.124328 1.08681 0.00747968 -0.00144595
14.57 4.11372 -0.528556 0.125167 1.0889 0.00743679 -0.00144699
14.58 4.11284 -0.527795 0.125992 1.091 0.00739387 -0.00144805
14.59 4.11195 -0.527034 0.126804 1.0931 0.00735094 -0.00144911
14.6 4.11104 -0.526271 0.1276 1.0952 0.00730799 -0.0014502
14.61 4.11013 -0.525503 0.12838 1.0973 0.00726502 -0.0014513
14.62 4.10919 -0.524728 0.129144 1.09941 0.00722202 -0.00145242
14.63 4.10824 -0.523944 0.129892 1.10152 0.00717899 -0.00145355
14.64 4.10728 -0.523147 0.130623 1.10364 0.00713593 -0.0014547
14.65 4.1063 -0.522336 0.131336 1.10575 0.00709286 -0.00145586
14.66 4.10531 -0.52151 0.132031 1.10787 0.00704977 -0.00145703
14.67 4.10431 -0.520665 0.132708 1.10999 0.00700667 -0.00145821
14.68 4.10329 -0.519802 0.133367 1.11211 0.00696354 -0.0014594
14.69 4.10225 -0.518918 0.134008 1.11424 0.00692039 -0.00146059
14.7 4.1012 -0.518015 0.134631 1.11637 0.0068772 -0.00146178
14.71 4.10014 -0.517092 0.135236 1.1185 0.00683397 -0.00146298
14.72 4.09906 -0.516149 0.135824 1.12063 0.0067907 -0.00146416
14.73 4.09796 -0.515188 0.136395 1.12276 0.0067474 -0.00146534
14.74 4.09685 -0.514209 0.136951 1.1249 0.00670407 -0.00146651
14.75 4.09573 -0.513215 0.13749 1.12703 0.0066607 -0.00146766
14.76 4.09459 -0.512206 0.138015 1.12917 0.00661728 -0.0014688
14.77 4.09344 -0.511186 0.138526 1.13131 0.00657381 -0.00146992
14.78 4.09228 -0.510157 0.139024 1.13346 0.00653029 -0.00147102
14.79 4.09109 -0.509122 0.13951 1.1356 0.0064867 -0.0014721
14.8 4.0899 -0.508082 0.139984 1.13775 0.00644306 -0.00147317
14.81 4.08869 -0.507041 0.140447 1.13989 0.00639937 -0.00147421
14.82 4.08747 -0.506 0.1409 1.14204 0.00635564 -0.00147523
14.83 4.08623 -0.504963 0.141344 1.14419 0.00631186 -0.00147624
14.84 4.08498 -0.503931 0.141779 1.14634 0.00626802 -0.00147722
14.85 4.08371 -0.502907 0.142206 1.14849 0.00622412 -0.00147819
14.86 4.08243 -0.501891 0.142624 1.15064 0.00618016 -0.00147915
14.87 4.08113 -0.500886 0.143035 1.1528 0.00613615 -0.0014801
14.88 4.07982 -0.49989 0.143438 1.15496 0.0060921 -0.00148104
14.89 4.0785 -0.498906 0.143833 1.15711 0.00604801 -0.00148198
14.9 4.07716 -0.497933 0.144221 1.15927 0.00600388 -0.0014829
14.91 4.0758 -0.496969 0.144599 1.16143 0.00595973 -0.00148383
14.92 4.07443 -0.496016 0.14497 1.1636 0.00591553 -0.00148475
14.93 4.07305 -0.49507 0.145331 1.16577 0.0058713 -0.00148568
14.94 4.07165 -0.494131 0.145682 1.16794 0.00582703 -0.00148662
14.95 4.07024 -0.493196 0.146024 1.17011 0.00578273 -0.00148757
14.96 4.06881 -0.492264 0.146354 1.17228 0.00573841 -0.00148853
14.97 4.06737 -0.491332 0.146673 1.17446 0.00569408 -0.00148949
14.98 4.06591 -0.490397 0.14698 1.17663 0.00564974 -0.00149046
14.99 4.06444 -0.489457 0.147273 1.17882 0.00560538 -0.00149144
15 4.06295 -0.48851 0.147553 1.181 0.00556099 -0.00149244
15.01 4.06145 -0.487552 0.147819 1.18319 0.00551658 -0.00149344
15.02 4.05993 -0.486583 0.14807 1.18538 0.00547214 -0.00149446
15.03 4.0584 -0.4856 0.148306 1.18757 0.00542768 -0.00149548
15.04 4.05685 -0.484601 0.148527 1.18977 0.00538321 -0.00149651
15.05 4.05529 -0.483585 0.148732 1.19196 0.00533872 -0.00149754
15.06 4.05371 -0.482551 0.148922 1.19416 0.00529422 -0.00149857
15.07 4.05211 -0.481499 0.149096 1.19636 0.00524968 -0.0014996
15.08 4.05051 -0.480427 0.149255 1.19857 0.0052051 -0.00150063
15.09 4.04888 -0.479337 0.149398 1.20077 0.00516048 -0.00150165
15.1 4.04724 -0.478229 0.149527 1.20298 0.00511582 -0.00150267
15.11 4.04559 -0.477104 0.149642 1.20519 0.00507112 -0.00150368
15.12 4.04392 -0.475963 0.149743 1.20741 0.00502639 -0.00150468
15.13 4.04224 -0.474808 0.149832 1.20962 0.00498161 -0.00150566
15.14 4.04054 -0.473642 0.149908 1.21183 0.00493678 -0.00150662
15.15 4.03883 -0.472466 0.149972 1.21405 0.00489191 -0.00150757
15.16 4.0371 -0.471282 0.150026 1.21627 0.00484697 -0.00150851
15.17 4.03536 -0.470094 0.15007 1.21849 0.00480197 -0.00150943
15.18 4.03361 -0.468903 0.150105 1.22071 0.00475691 -0.00151033
15.19 4.03183 -0.467712 0.150132 1.22293 0.0047118 -0.00151122
15.2 4.03005 -0.466524 0.15015 1.22515 0.00466663 -0.00151208
15.21 4.02825 -0.46534 0.150162 1.22738 0.00462143 -0.00151293
15.22 4.02644 -0.464163 0.150166 1.2296 0.00457617 -0.00151376
15.23 4.02461 -0.462994 0.150164 1.23183 0.00453086 -0.00151458
15.24 4.02276 -0.461834 0.150156 1.23406 0.00448548 -0.0015154
15.25 4.0209 -0.460685 0.150141 1.23629 0.00444006 -0.0015162
15.26 4.01903 -0.459546 0.150121 1.23852 0.0043946 -0.001517
15.27 4.01715 -0.458419 0.150094 1.24076 0.0043491 -0.00151778
15.28 4.01524 -0.457303 0.150061 1.24299 0.00430358 -0.00151857
15.29 4.01333 -0.456196 0.150022 1.24523 0.00425803 -0.00151934
15.3 4.0114 -0.455099 0.149975 1.24747 0.00421246 -0.00152013
15.31 4.00945 -0.454009 0.14992 1.24972 0.00416685 -0.00152091
15.32 4.00749 -0.452926 0.149857 1.25196 0.00412123 -0.0015217
15.33 4.00552 -0.451847 0.149785 1.25421 0.00407557 -0.0015225
15.34 4.00353 -0.450769 0.149703 1.25646 0.0040299 -0.00152329
15.35 4.00153 -0.449691 0.149611 1.25871 0.00398423 -0.00152409
15.36 3.99951 -0.44861 0.149508 1.26097 0.00393856 -0.0015249
15.37 3.99748 -0.447524 0.149394 1.26322 0.00389288 -0.00152571
15.38 3.99543 -0.44643 0.149267 1.26549 0.00384719 -0.00152653
15.39 3.99337 -0.445326 0.149127 1.26775 0.00380148 -0.00152735
15.4 3.99129 -0.444211 0.148975 1.27002 0.00375576 -0.00152818
15.41 3.9892 -0.443081 0.148808 1.27229 0.00371002 -0.00152902
15.42 3.98709 -0.441936 0.148628 1.27456 0.00366428 -0.00152985
15.43 3.98497 -0.440775 0.148434 1.27683 0.00361853 -0.00153069
15.44 3.98284 -0.439596 0.148226 1.2791 0.00357277 -0.00153151
15.45 3.98069 -0.4384 0.148003 1.28138 0.003527 -0.00153234
15.46 3.97853 -0.437186 0.147767 1.28366 0.0034812 -0.00153316
15.47 3.97635 -0.435954 0.147518 1.28595 0.00343537 -0.00153398
15.48 3.97416 -0.434706 0.147255 1.28823 0.0033895 -0.0015348
15.49 3.97196 -0.433442 0.146981 1.29052 0.0033436 -0.0015356
15.5 3.96974 -0.432163 0.146694 1.2928 0.00329768 -0.00153639
15.51 3.96751 -0.430872 0.146396 1.29509 0.00325173 -0.00153716
15.52 3.96526 -0.429571 0.146088 1.29738 0.00320575 -0.00153792
15.53 3.963 -0.428262 0.14577 1.29968 0.00315972 -0.00153867
15.54 3.96073 -0.426946 0.145443 1.30197 0.00311366 -0.00153941
15.55 3.95844 -0.425627 0.145108 1.30426 0.00306755 -0.00154013
15.56 3.95614 -0.424307 0.144765 1.30656 0.0030214 -0.00154085
15.57 3.95383 -0.422988 0.144415 1.30886 0.0029752 -0.00154154
15.58 3.9515 -0.421672 0.144059 1.31116 0.00292898 -0.00154221
15.59 3.94916 -0.420361 0.143698 1.31346 0.00288273 -0.00154288
15.6 3.9468 -0.419058 0.143331 1.31576 0.00283646 -0.00154353
15.61 3.94444 -0.417763 0.142959 1.31806 0.00279015 -0.00154417
15.62 3.94206 -0.416479 0.142582 1.32037 0.00274381 -0.0015448
15.63 3.93966 -0.415204 0.142201 1.32267 0.00269745 -0.00154543
15.64 3.93725 -0.413941 0.141814 1.32498 0.00265106 -0.00154605
15.65 3.93483 -0.412689 0.141423 1.32729 0.00260467 -0.00154666
15.66 3.9324 -0.411447 0.141027 1.3296 0.00255828 -0.00154727
15.67 3.92995 -0.410215 0.140626 1.33192 0.00251189 -0.00154787
15.68 3.92749 -0.408992 0.140218 1.33423 0.0024655 -0.00154846
15.69 3.92502 -0.407776 0.139804 1.33655 0.00241911 -0.00154906
15.7 3.92254 -0.406566 0.139382 1.33887 0.00237272 -0.00154965
15.71 3.92004 -0.405359 0.138953 1.3412 0.00232634 -0.00155026
15.72 3.91753 -0.404154 0.138516 1.34352 0.00227998 -0.00155085
15.73 3.915 -0.402948 0.13807 1.34585 0.00223363 -0.00155145
15.74 3.91247 -0.401739 0.137615 1.34818 0.00218731 -0.00155204
15.75 3.90992 -0.400524 0.137149 1.35052 0.00214102 -0.00155263
15.76 3.90736 -0.399301 0.136672 1.35286 0.00209475 -0.00155321
15.77 3.90478 -0.398069 0.136185 1.3552 0.00204849 -0.0015538
15.78 3.9022 -0.396825 0.135685 1.35754 0.00200225 -0.0015544
15.79 3.8996 -0.395567 0.135174 1.35988 0.00195602 -0.00155499
15.8 3.89699 -0.394294 0.134651 1.36223 0.00190981 -0.00155557
15.81 3.89437 -0.393005 0.134117 1.36458 0.00186363 -0.00155614
15.82 3.89173 -0.391699 0.13357 1.36693 0.00181746 -0.0015567
15.83 3.88909 -0.390376 0.133011 1.36928 0.00177131 -0.00155725
15.84 3.88643 -0.389037 0.132441 1.37164 0.00172517 -0.0015578
15.85 3.88376 -0.38768 0.131859 1.374 0.00167903 -0.00155834
15.86 3.88108 -0.386308 0.131267 1.37636 0.00163289 -0.00155887
15.87 3.87838 -0.384921 0.130665 1.37872 0.00158675 -0.00155938
15.88 3.87568 -0.383522 0.130054 1.38108 0.0015406 -0.00155989
15.89 3.87296 -0.38211 0.129435 1.38345 0.00149447 -0.00156037
15.9 3.87023 -0.38069 0.128807 1.38581 0.00144834 -0.00156084
15.91 3.86749 -0.379262 0.128172 1.38818 0.00140222 -0.00156129
15.92 3.86474 -0.377829 0.127531 1.39055 0.00135608 -0.00156173
15.93 3.86198 -0.376393 0.126885 1.39292 0.00130994 -0.00156216
15.94 3.8592 -0.374957 0.126234 1.39529 0.00126379 -0.00156258
15.95 3.85642 -0.373523 0.125578 1.39767 0.00121764 -0.00156299
15.96 3.85362 -0.372093 0.124919 1.40004 0.0011715 -0.00156337
15.97 3.85081 -0.370669 0.124258 1.40241 0.00112537 -0.00156374
15.98 3.84799 -0.369252 0.123593 1.40479 0.00107926 -0.00156409
15.99 3.84517 -0.367845 0.122927 1.40717 0.00103316 -0.00156443
16 3.84233 -0.366447 0.122258 1.40955 0.000987083 -0.00156477
16.01 3.83948 -0.36506 0.121587 1.41193 0.000941015 -0.00156509
16.02 3.83661 -0.363684 0.120914 1.41432 0.000894971 -0.00156541
16.03 3.83374 -0.362318 0.120239 1.4167 0.000848957 -0.00156571
16.04 3.83086 -0.360963 0.119562 1.41909 0.000802989 -0.001566
16.05 3.82797 -0.359617 0.118882 1.42148 0.000757066 -0.00156628
16.06 3.82507 -0.35828 0.118199 1.42387 0.000711197 -0.00156654
16.07 3.82215 -0.35695 0.117511 1.42626 0.000665372 -0.00156681
16.08 3.81923 -0.355625 0.11682 1.42866 0.000619599 -0.00156706
16.09 3.8163 -0.354303 0.116124 1.43106 0.000573872 -0.00156731
16.1 3.81336 -0.352982 0.115422 1.43347 0.000528202 -0.00156755
16.11 3.8104 -0.351659 0.114714 1.43587 0.000482596 -0.00156778
16.12 3.80744 -0.350334 0.113999 1.43828 0.000437057 -0.001568
16.13 3.80447 -0.349002 0.113278 1.44069 0.000391591 -0.0015682
16.14 3.80149 -0.347663 0.112548 1.4431 0.000346187 -0.00156839
16.15 3.7985 -0.346313 0.111811 1.44551 0.000300848 -0.00156858
16.16 3.7955 -0.344952 0.111065 1.44793 0.000255557 -0.00156876
16.17 3.79249 -0.343577 0.110311 1.45035 0.000210327 -0.00156893
16.18 3.78947 -0.342188 0.109548 1.45278 0.000165147 -0.00156908
16.19 3.78644 -0.340783 0.108776 1.4552 0.000120033 -0.00156922
16.2 3.7834 -0.339361 0.107996 1.45763 7.49756e-05 -0.00156934
16.21 3.78036 -0.337923 0.107208 1.46006 2.99762e-05 -0.00156945
16.22 3.7773 -0.336469 0.106412 1.46249 -1.49745e-05 -0.00156954
16.23 3.77424 -0.334999 0.105608 1.46492 -5.98858e-05 -0.00156963
16.24 3.77116 -0.333514 0.104798 1.46736 -0.000104758 -0.0015697
16.25 3.76808 -0.332015 0.103981 1.4698 -0.000149598 -0.00156976
16.26 3.76499 -0.330503 0.103159 1.47223 -0.000194395 -0.0015698
16.27 3.76189 -0.328982 0.102332 1.47467 -0.000239153 -0.00156983
16.28 3.75879 -0.327451 0.101501 1.47711 -0.000283863 -0.00156983
16.29 3.75567 -0.325914 0.100667 1.47955 -0.000328537 -0.00156982
16.3 3.75255 -0.324373 0.09983 1.482 -0.000373171 -0.0015698
16.31 3.74941 -0.32283 0.0989916 1.48444 -0.000417779 -0.00156977
16.32 3.74627 -0.321288 0.0981521 1.48689 -0.000462351 -0.00156973
16.33 3.74312 -0.319748 0.0973123 1.48934 -0.000506889 -0.00156968
16.34 3.73997 -0.318213 0.0964728 1.49179 -0.00055138 -0.00156961
16.35 3.7368 -0.316684 0.095634 1.49424 -0.000595817 -0.00156952
16.36 3.73363 -0.315164 0.0947962 1.49669 -0.000640201 -0.00156942
16.37 3.73045 -0.313652 0.0939597 1.49914 -0.000684524 -0.0015693
16.38 3.72726 -0.312151 0.0931246 1.5016 -0.000728797 -0.00156918
16.39 3.72406 -0.310661 0.092291 1.50406 -0.000773008 -0.00156905
16.4 3.72086 -0.309181 0.0914588 1.50651 -0.000817167 -0.00156891
16.41 3.71765 -0.307713 0.0906279 1.50898 -0.000861249 -0.00156876
16.42 3.71443 -0.306255 0.089798 1.51144 -0.000905259 -0.00156859
16.43 3.7112 -0.304807 0.0889688 1.5139 -0.000949177 -0.00156841
16.44 3.70797 -0.303367 0.0881396 1.51637 -0.000993011 -0.00156821
16.45 3.70473 -0.301934 0.0873101 1.51884 -0.00103676 -0.001568
16.46 3.70148 -0.300506 0.0864797 1.52131 -0.00108042 -0.00156778
16.47 3.69822 -0.299081 0.0856478 1.52379 -0.001124 -0.00156756
16.48 3.69496 -0.297657 0.0848138 1.52627 -0.00116748 -0.00156732
16.49 3.69169 -0.296232 0.0839773 1.52875 -0.00121089 -0.00156707
16.5 3.68842 -0.294804 0.0831377 1.53123 -0.00125418 -0.0015668
16.51 3.68514 -0.293369 0.0822946 1.53372 -0.00129738 -0.00156651
16.52 3.68185 -0.291927 0.0814473 1.53621 -0.00134048 -0.00156621
16.53 3.67855 -0.290475 0.0805957 1.5387 -0.0013835 -0.00156589
16.54 3.67525 -0.289012 0.0797393 1.54119 -0.00142642 -0.00156557
16.55 3.67194 -0.287536 0.0788781 1.54369 -0.00146927 -0.00156524
16.56 3.66863 -0.286045 0.078012 1.54618 -0.00151204 -0.0015649
16.57 3.6653 -0.284539 0.0771411 1.54869 -0.00155472 -0.00156454
16.58 3.66198 -0.283018 0.0762655 1.55119 -0.00159732 -0.00156416
16.59 3.65864 -0.28148 0.0753854 1.55369 -0.00163984 -0.00156376
16.6 3.6553 -0.279927 0.0745013 1.5562 -0.00168229 -0.00156335
16.61 3.65196 -0.278359 0.0736135 1.55871 -0.00172467 -0.00156294
16.62 3.6486 -0.276777 0.0727226 1.56122 -0.001767 -0.00156252
16.63 3.64525 -0.275182 0.0718292 1.56373 -0.00180927 -0.0015621
16.64 3.64188 -0.273575 0.070934 1.56624 -0.00185148 -0.00156167
16.65 3.63851 -0.271959 0.0700379 1.56876 -0.00189363 -0.00156122
16.66 3.63513 -0.270335 0.0691414 1.57127 -0.00193572 -0.00156076
16.67 3.63175 -0.268706 0.0682453 1.57379 -0.00197774 -0.00156029
16.68 3.62836 -0.267074 0.0673502 1.5763 -0.00201972 -0.00155981
16.69 3.62497 -0.265441 0.0664569 1.57882 -0.00206163 -0.00155933
16.7 3.62157 -0.26381 0.0655659 1.58135 -0.0021035 -0.00155886
16.71 3.61816 -0.262182 0.0646779 1.58387 -0.00214532 -0.00155838
16.72 3.61475 -0.26056 0.0637934 1.58639 -0.00218707 -0.0015579
16.73 3.61134 -0.258945 0.0629127 1.58892 -0.00222876 -0.0015574
16.74 3.60792 -0.257339 0.0620362 1.59144 -0.00227037 -0.00155689
16.75 3.60449 -0.255744 0.0611639 1.59397 -0.00231192 -0.00155638
16.76 3.60106 -0.254159 0.0602959 1.5965 -0.00235339 -0.00155586
16.77 3.59762 -0.252586 0.0594321 1.59903 -0.00239479 -0.00155534
16.78 3.59418 -0.251025 0.0585724 1.60157 -0.00243612 -0.00155483
16.79 3.59073 -0.249476 0.0577166 1.60411 -0.00247737 -0.00155431
16.8 3.58728 -0.247938 0.0568643 1.60664 -0.00251853 -0.00155377
16.81 3.58382 -0.24641 0.0560152 1.60918 -0.0025596 -0.00155322
16.82 3.58036 -0.24489 0.0551686 1.61173 -0.00260057 -0.00155266
16.83 3.5769 -0.243379 0.054324 1.61427 -0.00264144 -0.00155208
16.84 3.57343 -0.241873 0.0534808 1.61682 -0.00268223 -0.0015515
16.85 3.56995 -0.24037 0.0526384 1.61937 -0.00272293 -0.00155092
16.86 3.56647 -0.23887 0.0517962 1.62192 -0.00276354 -0.00155033
16.87 3.56299 -0.237368 0.0509536 1.62448 -0.00280405 -0.00154973
16.88 3.5595 -0.235864 0.0501102 1.62704 -0.00284447 -0.00154911
16.89 3.55601 -0.234355 0.0492654 1.6296 -0.00288479 -0.00154847
16.9 3.55251 -0.232838 0.0484188 1.63216 -0.00292501 -0.00154781
16.91 3.54901 -0.231313 0.04757 1.63473 -0.00296515 -0.00154715
16.92 3.5455 -0.229776 0.0467188 1.6373 -0.0030052 -0.00154648
16.93 3.54199 -0.228228 0.045865 1.63987 -0.00304518 -0.00154581
16.94 3.53848 -0.226666 0.0450086 1.64244 -0.00308509 -0.00154513
16.95 3.53496 -0.225089 0.0441497 1.64502 -0.00312493 -0.00154444
16.96 3.53144 -0.223498 0.0432886 1.6476 -0.00316469 -0.00154374
16.97 3.52792 -0.221892 0.0424254 1.65017 -0.00320438 -0.00154303
16.98 3.52439 -0.220272 0.0415606 1.65275 -0.003244 -0.0015423
16.99 3.52085 -0.218638 0.0406946 1.65534 -0.00328357 -0.00154158
17 3.51732 -0.21699 0.0398279 1.65792 -0.00332308 -0.00154086
17.01 3.51377 -0.215332 0.0389612 1.66051 -0.00336256 -0.00154016
17.02 3.51023 -0.213663 0.0380951 1.6631 -0.00340198 -0.00153945
17.03 3.50668 -0.211986 0.0372304 1.66568 -0.00344136 -0.00153874
17.04 3.50313 -0.210304 0.0363678 1.66827 -0.00348069 -0.00153802
17.05 3.49957 -0.208617 0.0355078 1.67087 -0.00351997 -0.00153731
17.06 3.49601 -0.206929 0.0346511 1.67346 -0.0035592 -0.00153659
17.07 3.49245 -0.205242 0.0337983 1.67605 -0.00359839 -0.00153589
17.08 3.48888 -0.203558 0.0329498 1.67865 -0.00363754 -0.00153521
17.09 3.48531 -0.201879 0.0321061 1.68124 -0.00367664 -0.00153453
17.1 3.48174 -0.200208 0.0312678 1.68384 -0.00371571 -0.00153386
17.11 3.47816 -0.198546 0.030435 1.68644 -0.00375471 -0.00153319
17.12 3.47458 -0.196894 0.0296081 1.68904 -0.00379367 -0.00153251
17.13 3.47099 -0.195254 0.0287869 1.69165 -0.00383255 -0.00153183
17.14 3.46741 -0.193627 0.0279715 1.69425 -0.00387139 -0.00153115
17.15 3.46382 -0.192013 0.0271617 1.69686 -0.00391017 -0.00153048
17.16 3.46023 -0.190413 0.0263571 1.69947 -0.00394889 -0.00152983
17.17 3.45663 -0.188825 0.0255576 1.70208 -0.00398755 -0.00152917
17.18 3.45304 -0.187251 0.0247628 1.70469 -0.00402614 -0.00152851
17.19 3.44944 -0.185688 0.0239721 1.70731 -0.00406465 -0.00152784
17.2 3.44583 -0.184135 0.0231851 1.70993 -0.00410309 -0.00152715
17.21 3.44223 -0.182591 0.022401 1.71255 -0.00414146 -0.00152645
17.22 3.43862 -0.181054 0.0216193 1.71517 -0.00417976 -0.00152575
17.23 3.43501 -0.179522 0.0208392 1.71779 -0.00421799 -0.00152505
17.24 3.4314 -0.177993 0.0200602 1.72042 -0.00425615 -0.00152435
17.25 3.42779 -0.176465 0.0192817 1.72306 -0.00429425 -0.00152364
17.26 3.42417 -0.174935 0.0185032 1.72569 -0.00433227 -0.00152292
17.27 3.42055 -0.173401 0.0177242 1.72832 -0.00437023 -0.00152218
17.28 3.41693 -0.171861 0.0169443 1.73096 -0.00440812 -0.00152142
17.29 3.41331 -0.170313 0.0161631 1.7336 -0.00444595 -0.00152065
17.3 3.40969 -0.168756 0.0153804 1.73625 -0.00448373 -0.00151988
17.31 3.40606 -0.167188 0.0145959 1.73889 -0.00452145 -0.00151912
17.32 3.40243 -0.165609 0.0138098 1.74154 -0.00455914 -0.00151836
17.33 3.3988 -0.164016 0.0130221 1.74419 -0.00459678 -0.0015176
17.34 3.39517 -0.16241 0.0122331 1.74684 -0.00463438 -0.00151683
17.35 3.39154 -0.160791 0.011443 1.7495 -0.00467194 -0.00151605
17.36 3.3879 -0.159159 0.0106522 1.75215 -0.00470946 -0.00151527
17.37 3.38427 -0.157515 0.00986115 1.75481 -0.00474695 -0.00151449
17.38 3.38063 -0.15586 0.00907033 1.75747 -0.00478443 -0.00151374
17.39 3.37699 -0.154195 0.00828029 1.76013 -0.00482188 -0.001513
17.4 3.37334 -0.152523 0.00749177 1.76279 -0.00485932 -0.00151229
17.41 3.3697 -0.150844 0.00670542 1.76545 -0.00489674 -0.00151158
17.42 3.36606 -0.149162 0.00592196 1.76812 -0.00493413 -0.00151088
17.43 3.36241 -0.147479 0.00514202 1.77078 -0.0049715 -0.00151018
17.44 3.35876 -0.145796 0.00436618 1.77345 -0.00500885 -0.00150949
17.45 3.35511 -0.144117 0.00359496 1.77611 -0.00504619 -0.00150883
17.46 3.35146 -0.142443 0.00282883 1.77878 -0.00508351 -0.00150819
17.47 3.34781 -0.140777 0.00206827 1.78146 -0.00512082 -0.00150758
17.48 3.34416 -0.139121 0.00131363 1.78413 -0.00515809 -0.00150699
17.49 3.34051 -0.137477 0.000565259 1.7868 -0.00519535 -0.0015064
17.5 3.33686 -0.135846 -0.000176725 1.78948 -0.00523257 -0.00150581
17.51 3.33321 -0.134229 -0.000912233 1.79216 -0.00526976 -0.00150523
17.52 3.32955 -0.132627 -0.00164141 1.79484 -0.00530692 -0.00150465
17.53 3.3259 -0.131041 -0.00236445 1.79752 -0.00534405 -0.00150409
17.54 3.32225 -0.129471 -0.00308166 1.8002 -0.00538114 -0.00150354
17.55 3.31859 -0.127917 -0.00379343 1.80289 -0.0054182 -0.00150301
17.56 3.31494 -0.126377 -0.00450014 1.80558 -0.00545522 -0.00150248
17.57 3.31129 -0.124852 -0.00520233 1.80827 -0.00549219 -0.00150194
17.58 3.30763 -0.123338 -0.00590051 1.81096 -0.00552912 -0.00150138
17.59 3.30398 -0.121836 -0.00659538 1.81365 -0.00556599 -0.00150081
17.6 3.30033 -0.120342 -0.00728755 1.81635 -0.00560283 -0.00150023
17.61 3.29668 -0.118856 -0.00797776 1.81905 -0.00563962 -0.00149965
17.62 3.29303 -0.117374 -0.00866656 1.82176 -0.00567639 -0.00149908
17.63 3.28938 -0.115895 -0.00935457 1.82446 -0.00571311 -0.00149852
17.64 3.28573 -0.114416 -0.0100422 1.82717 -0.00574979 -0.00149794
17.65 3.28208 -0.112935 -0.01073 1.82988 -0.00578643 -0.00149734
17.66 3.27843 -0.11145 -0.0114183 1.83259 -0.00582304 -0.00149671
17.67 3.27478 -0.109958 -0.0121074 1.83531 -0.00585962 -0.00149608
17.68 3.27113 -0.108459 -0.0127976 1.83803 -0.00589616 -0.00149545
17.69 3.26749 -0.106951 -0.013489 1.84075 -0.0059327 -0.00149483
17.7 3.26384 -0.105433 -0.0141817 1.84347 -0.00596921 -0.00149422
17.71 3.2602 -0.103904 -0.0148754 1.84619 -0.00600571 -0.00149362
17.72 3.25656 -0.102364 -0.01557 1.84892 -0.00604219 -0.00149302
17.73 3.25292 -0.100812 -0.016265 1.85165 -0.00607866 -0.00149241
17.74 3.24928 -0.0992502 -0.0169601 1.85438 -0.00611512 -0.0014918
17.75 3.24564 -0.0976783 -0.0176549 1.85711 -0.00615157 -0.0014912
17.76 3.242 -0.0960979 -0.0183489 1.85984 -0.00618803 -0.00149062
17.77 3.23837 -0.0945106 -0.0190416 1.86257 -0.00622448 -0.00149007
17.78 3.23473 -0.0929181 -0.0197324 1.86531 -0.00626094 -0.00148956
17.79 3.2311 -0.0913225 -0.0204205 1.86805 -0.00629739 -0.00148907
17.8 3.22747 -0.0897259 -0.0211053 1.87078 -0.00633385 -0.00148859
17.81 3.22385 -0.0881307 -0.0217861 1.87352 -0.00637029 -0.00148811
17.82 3.22022 -0.0865394 -0.0224625 1.87626 -0.00640674 -0.00148765
17.83 3.2166 -0.0849544 -0.0231339 1.879 -0.00644318 -0.00148721
17.84 3.21298 -0.0833783 -0.0238 1.88175 -0.00647962 -0.0014868
17.85 3.20936 -0.0818132 -0.0244603 1.88449 -0.00651606 -0.00148643
17.86 3.20575 -0.0802612 -0.0251146 1.88724 -0.00655249 -0.00148609
17.87 3.20214 -0.078724 -0.0257626 1.88999 -0.0065889 -0.00148575
17.88 3.19853 -0.0772031 -0.0264042 1.89274 -0.00662529 -0.00148542
17.89 3.19493 -0.0756995 -0.0270394 1.89549 -0.00666166 -0.00148509
17.9 3.19133 -0.0742142 -0.0276682 1.89824 -0.00669802 -0.00148475
17.91 3.18773 -0.0727477 -0.0282911 1.901 -0.00673435 -0.00148443
17.92 3.18413 -0.0713 -0.0289082 1.90376 -0.00677066 -0.00148412
17.93 3.18054 -0.0698706 -0.02952 1.90652 -0.00680695 -0.00148382
17.94 3.17696 -0.0684589 -0.0301269 1.90928 -0.0068432 -0.00148353
17.95 3.17338 -0.0670635 -0.0307293 1.91205 -0.00687943 -0.00148322
17.96 3.1698 -0.0656831 -0.0313278 1.91481 -0.00691561 -0.00148288
17.97 3.16623 -0.0643157 -0.0319228 1.91758 -0.00695177 -0.00148253
17.98 3.16266 -0.0629596 -0.0325152 1.92036 -0.00698789 -0.00148216
17.99 3.15909 -0.0616126 -0.0331055 1.92313 -0.00702399 -0.00148178
18 3.15553 -0.0602724 -0.0336943 1.92591 -0.00706006 -0.0014814
18.01 3.15198 -0.0589367 -0.034282 1.92869 -0.00709611 -0.00148101
18.02 3.14843 -0.0576031 -0.0348692 1.93147 -0.00713212 -0.00148062
18.03 3.14488 -0.0562693 -0.0354563 1.93426 -0.00716811 -0.0014802
18.04 3.14134 -0.054933 -0.0360434 1.93704 -0.00720407 -0.00147975
18.05 3.13781 -0.0535925 -0.036631 1.93983 -0.00724 -0.00147927
18.06 3.13428 -0.0522461 -0.0372193 1.94262 -0.00727593 -0.00147879
18.07 3.13076 -0.0508926 -0.0378084 1.94542 -0.00731184 -0.00147831
18.08 3.12724 -0.049531 -0.0383983 1.94821 -0.00734774 -0.00147784
18.09 3.12372 -0.0481606 -0.0389889 1.95101 -0.00738362 -0.00147738
18.1 3.12022 -0.046781 -0.0395799 1.95381 -0.0074195 -0.00147693
18.11 3.11671 -0.0453926 -0.040171 1.95661 -0.00745536 -0.00147646
18.12 3.11322 -0.0439957 -0.0407617 1.95942 -0.00749122 -0.00147598
18.13 3.10973 -0.0425914 -0.0413517 1.96222 -0.00752707 -0.0014755
18.14 3.10624 -0.0411812 -0.0419405 1.96503 -0.00756292 -0.00147504
18.15 3.10277 -0.0397667 -0.0425277 1.96783 -0.00759877 -0.00147461
18.16 3.0993 -0.0383499 -0.0431126 1.97064 -0.00763461 -0.00147421
18.17 3.09583 -0.0369329 -0.0436946 1.97345 -0.00767045 -0.00147384
18.18 3.09238 -0.035518 -0.0442732 1.97627 -0.00770627 -0.00147347
18.19 3.08893 -0.0341077 -0.0448477 1.97908 -0.00774208 -0.00147311
18.2 3.08548 -0.0327045 -0.0454176 1.98189 -0.00777787 -0.00147275
18.21 3.08205 -0.0313109 -0.0459826 1.98471 -0.00781366 -0.00147241
18.22 3.07862 -0.0299294 -0.0465422 1.98752 -0.00784943 -0.00147208
18.23 3.0752 -0.0285623 -0.0470962 1.99034 -0.00788519 -0.00147179
18.24 3.07179 -0.0272117 -0.0476443 1.99316 -0.00792092 -0.00147152
18.25 3.06839 -0.0258793 -0.0481865 1.99599 -0.00795663 -0.00147126
18.26 3.06499 -0.0245664 -0.0487227 1.99881 -0.0079923 -0.001471
18.27 3.0616 -0.023274 -0.0492528 2.00164 -0.00802793 -0.00147072
18.28 3.05823 -0.022003 -0.0497771 2.00446 -0.00806354 -0.00147042
18.29 3.05486 -0.0207537 -0.0502958 2.00729 -0.00809911 -0.00147012
18.3 3.0515 -0.019526 -0.0508095 2.01013 -0.00813464 -0.00146982
18.31 3.04814 -0.0183195 -0.0513184 2.01296 -0.00817014 -0.00146952
18.32 3.0448 -0.0171331 -0.0518231 2.0158 -0.0082056 -0.00146922
18.33 3.04147 -0.0159656 -0.0523241 2.01864 -0.00824099 -0.0014689
18.34 3.03814 -0.0148152 -0.0528219 2.02148 -0.00827636 -0.00146854
18.35 3.03483 -0.01368 -0.0533171 2.02432 -0.00831166 -0.00146814
18.36 3.03153 -0.0125579 -0.0538103 2.02717 -0.00834693 -0.0014677
18.37 3.02823 -0.0114468 -0.0543022 2.03002 -0.00838215 -0.00146724
18.38 3.02495 -0.0103442 -0.0547934 2.03287 -0.00841733 -0.00146677
18.39 3.02167 -0.0092477 -0.0552844 2.03572 -0.00845247 -0.00146628
18.4 3.01841 -0.00815488 -0.0557757 2.03858 -0.00848757 -0.00146579
18.41 3.01515 -0.00706332 -0.0562676 2.04144 -0.00852262 -0.00146526
18.42 3.01191 -0.00597083 -0.0567604 2.0443 -0.00855762 -0.00146469
18.43 3.00867 -0.00487548 -0.0572543 2.04716 -0.0085926 -0.00146409
18.44 3.00545 -0.00377569 -0.0577496 2.05003 -0.00862753 -0.00146345
18.45 3.00224 -0.00267027 -0.0582462 2.0529 -0.00866244 -0.00146282
18.46 2.99903 -0.00155833 -0.0587443 2.05577 -0.0086973 -0.00146219
18.47 2.99584 -0.000439322 -0.0592436 2.05864 -0.00873215 -0.00146158
18.48 2.99266 0.000686956 -0.0597439 2.06151 -0.00876695 -0.00146096
18.49 2.9895 0.00182027 -0.0602448 2.06439 -0.00880171 -0.00146034
18.5 2.98634 0.00295998 -0.0607459 2.06726 -0.00883644 -0.0014597
18.51 2.98319 0.00410491 -0.0612467 2.07014 -0.00887113 -0.00145905
18.52 2.98006 0.00525354 -0.0617467 2.07302 -0.0089058 -0.00145841
18.53 2.97694 0.00640397 -0.0622456 2.0759 -0.00894043 -0.00145779
18.54 2.97383 0.00755408 -0.0627429 2.07878 -0.00897504 -0.00145721
18.55 2.97073 0.00870161 -0.0632379 2.08166 -0.00900959 -0.00145666
18.56 2.96765 0.00984413 -0.0637302 2.08455 -0.00904411 -0.00145612
18.57 2.96458 0.0109792 -0.0642191 2.08744 -0.00907857 -0.00145558
18.58 2.96152 0.0121042 -0.0647044 2.09032 -0.00911299 -0.00145504
18.59 2.95848 0.0132166 -0.0651855 2.09321 -0.00914736 -0.0014545
18.6 2.95544 0.0143138 -0.0656622 2.0961 -0.00918169 -0.00145397
18.61 2.95242 0.0153936 -0.0661345 2.09899 -0.00921596 -0.00145346
18.62 2.94942 0.0164539 -0.0666021 2.10189 -0.00925017 -0.00145298
18.63 2.94643 0.0174931 -0.067065 2.10478 -0.00928432 -0.00145251
18.64 2.94345 0.0185099 -0.0675231 2.10768 -0.0093184 -0.00145204
18.65 2.94049 0.0195033 -0.0679766 2.11058 -0.00935242 -0.00145154
18.66 2.93754 0.0204729 -0.0684258 2.11348 -0.00938635 -0.001451
18.67 2.9346 0.0214185 -0.0688708 2.11639 -0.00942024 -0.00145045
18.68 2.93168 0.0223401 -0.0693123 2.11929 -0.00945404 -0.00144989
18.69 2.92878 0.0232386 -0.0697508 2.1222 -0.00948779 -0.00144933
18.7 2.92589 0.024115 -0.0701867 2.12511 -0.00952145 -0.00144875
18.71 2.92301 0.0249708 -0.0706207 2.12803 -0.00955504 -0.00144816
18.72 2.92015 0.0258079 -0.0710532 2.13094 -0.00958854 -0.00144752
18.73 2.9173 0.0266286 -0.0714849 2.13386 -0.00962197 -0.00144684
18.74 2.91447 0.0274349 -0.0719163 2.13678 -0.00965532 -0.0014461
18.75 2.91165 0.0282294 -0.0723482 2.1397 -0.00968861 -0.00144532
18.76 2.90885 0.0290144 -0.0727812 2.14263 -0.00972183 -0.00144453
18.77 2.90607 0.0297926 -0.0732159 2.14555 -0.00975498 -0.00144373
18.78 2.9033 0.0305662 -0.0736528 2.14849 -0.00978806 -0.00144292
18.79 2.90054 0.031338 -0.0740922 2.15142 -0.00982105 -0.00144207
18.8 2.8978 0.0321099 -0.0745343 2.15435 -0.00985398 -0.00144119
18.81 2.89508 0.0328841 -0.0749794 2.15729 -0.00988683 -0.00144026
18.82 2.89237 0.033662 -0.0754277 2.16023 -0.00991962 -0.0014393
18.83 2.88968 0.0344448 -0.0758792 2.16317 -0.00995235 -0.00143833
18.84 2.88701 0.0352332 -0.076334 2.16611 -0.00998502 -0.00143737
18.85 2.88435 0.0360277 -0.0767921 2.16905 -0.0100176 -0.00143643
18.86 2.88171 0.0368283 -0.0772531 2.172 -0.0100501 -0.00143549
18.87 2.87908 0.0376347 -0.0777167 2.17495 -0.0100826 -0.00143456
18.88 2.87648 0.0384459 -0.0781826 2.1779 -0.010115 -0.00143361
18.89 2.87389 0.0392609 -0.0786502 2.18085 -0.0101473 -0.00143265
18.9 2.87131 0.0400778 -0.0791192 2.1838 -0.0101795 -0.00143169
18.91 2.86876 0.0408947 -0.0795891 2.18675 -0.0102117 -0.00143076
18.92 2.86622 0.0417093 -0.0800595 2.18971 -0.0102438 -0.00142986
18.93 2.8637 0.0425191 -0.0805299 2.19266 -0.0102758 -0.00142901
18.94 2.86119 0.0433217 -0.0809998 2.19562 -0.0103078 -0.00142817
18.95 2.85871 0.0441145 -0.0814687 2.19858 -0.0103396 -0.00142735
18.96 2.85624 0.0448949 -0.0819361 2.20154 -0.0103714 -0.00142651
18.97 2.85379 0.0456604 -0.0824016 2.2045 -0.010403 -0.00142567
18.98 2.85136 0.0464085 -0.0828652 2.20747 -0.0104346 -0.00142483
18.99 2.84895 0.047137 -0.0833265 2.21043 -0.0104661 -0.00142401
19 2.84655 0.0478437 -0.0837856 2.2134 -0.0104975 -0.00142322
19.01 2.84418 0.0485274 -0.0842425 2.21637 -0.0105288 -0.00142245
19.02 2.84182 0.0491866 -0.0846972 2.21934 -0.01056 -0.00142167
19.03 2.83948 0.0498209 -0.0851497 2.22232 -0.0105911 -0.00142087
19.04 2.83716 0.0504297 -0.0856003 2.22529 -0.0106221 -0.00142004
19.05 2.83486 0.0510133 -0.0860494 2.22827 -0.0106529 -0.00141917
19.06 2.83258 0.0515718 -0.0864975 2.23125 -0.0106837 -0.00141828
19.07 2.83032 0.0521064 -0.0869451 2.23423 -0.0107144 -0.00141738
19.08 2.82808 0.0526181 -0.0873928 2.23721 -0.010745 -0.00141649
19.09 2.82585 0.0531089 -0.0878413 2.2402 -0.0107755 -0.00141557
19.1 2.82365 0.0535807 -0.0882911 2.24319 -0.0108058 -0.00141463
19.11 2.82146 0.0540359 -0.0887427 2.24618 -0.0108361 -0.00141363
19.12 2.8193 0.054477 -0.0891967 2.24917 -0.0108663 -0.00141258
19.13 2.81715 0.0549066 -0.0896538 2.25217 -0.0108963 -0.00141148
19.14 2.81502 0.0553272 -0.0901146 2.25517 -0.0109263 -0.00141036
19.15 2.81292 0.0557413 -0.0905797 2.25817 -0.0109562 -0.00140924
19.16 2.81083 0.0561515 -0.0910497 2.26117 -0.010986 -0.0014081
19.17 2.80876 0.0565603 -0.0915248 2.26418 -0.0110157 -0.00140697
19.18 2.80671 0.0569698 -0.0920053 2.26719 -0.0110452 -0.00140579
19.19 2.80468 0.0573821 -0.0924914 2.2702 -0.0110747 -0.00140459
19.2 2.80267 0.0577985 -0.0929832 2.27321 -0.0111041 -0.00140335
19.21 2.80069 0.0582202 -0.0934808 2.27622 -0.0111334 -0.0014021
19.22 2.79872 0.0586479 -0.0939842 2.27923 -0.0111627 -0.00140086
19.23 2.79677 0.0590816 -0.0944934 2.28225 -0.0111918 -0.00139965
19.24 2.79484 0.0595213 -0.0950082 2.28527 -0.0112208 -0.00139847
19.25 2.79293 0.0599664 -0.0955282 2.28829 -0.0112498 -0.0013973
19.26 2.79105 0.0604161 -0.0960531 2.29131 -0.0112786 -0.00139614
19.27 2.78918 0.0608688 -0.0965823 2.29434 -0.0113073 -0.00139497
19.28 2.78734 0.0613229 -0.0971155 2.29736 -0.011336 -0.0013938
19.29 2.78551 0.061776 -0.0976522 2.30039 -0.0113645 -0.00139265
19.3 2.78371 0.0622259 -0.0981921 2.30341 -0.011393 -0.00139155
19.31 2.78193 0.0626699 -0.0987348 2.30644 -0.0114213 -0.00139049
19.32 2.78017 0.0631054 -0.0992797 2.30947 -0.0114495 -0.00138948
19.33 2.77843 0.06353 -0.0998265 2.31251 -0.0114776 -0.00138848
19.34 2.77671 0.0639409 -0.100375 2.31554 -0.0115056 -0.00138749
19.35 2.77501 0.0643357 -0.100924 2.31857 -0.0115335 -0.00138648
19.36 2.77334 0.0647121 -0.101474 2.32161 -0.0115613 -0.00138547
19.37 2.77168 0.0650678 -0.102025 2.32465 -0.011589 -0.00138449
19.38 2.77005 0.0654009 -0.102576 2.32769 -0.0116165 -0.00138353
19.39 2.76844 0.0657102 -0.103129 2.33073 -0.0116439 -0.0013826
19.4 2.76685 0.0659945 -0.103682 2.33378 -0.0116712 -0.00138167
19.41 2.76528 0.0662534 -0.104236 2.33682 -0.0116984 -0.00138073
19.42 2.76373 0.0664868 -0.104792 2.33987 -0.0117255 -0.00137975
19.43 2.7622 0.066695 -0.105349 2.34292 -0.0117524 -0.00137875
19.44 2.7607 0.0668788 -0.105908 2.34597 -0.0117792 -0.00137771
19.45 2.75921 0.067039 -0.106469 2.34903 -0.011806 -0.00137666
19.46 2.75775 0.0671774 -0.107034 2.35209 -0.0118326 -0.00137561
19.47 2.75631 0.0672958 -0.107603 2.35515 -0.0118591 -0.00137457
19.48 2.75489 0.0673965 -0.108175 2.35821 -0.0118855 -0.0013735
19.49 2.75349 0.0674821 -0.108753 2.36127 -0.0119118 -0.00137238
19.5 2.75211 0.0675553 -0.109336 2.36434 -0.0119379 -0.00137122
19.51 2.75075 0.0676187 -0.109925 2.36741 -0.011964 -0.00137001
19.52 2.74942 0.0676749 -0.11052 2.37048 -0.01199 -0.00136878
19.53 2.7481 0.0677267 -0.111122 2.37355 -0.0120159 -0.00136754
19.54 2.74681 0.0677766 -0.111732 2.37663 -0.0120417 -0.00136632
19.55 2.74554 0.0678269 -0.11235 2.37971 -0.0120673 -0.00136509
19.56 2.74429 0.0678799 -0.112976 2.38279 -0.0120929 -0.00136386
19.57 2.74306 0.0679374 -0.113609 2.38587 -0.0121184 -0.0013626
19.58 2.74185 0.0680009 -0.114252 2.38896 -0.0121438 -0.00136132
19.59 2.74066 0.0680713 -0.114902 2.39204 -0.0121691 -0.00136002
19.6 2.7395 0.068149 -0.115561 2.39513 -0.0121943 -0.00135874
19.61 2.73835 0.0682342 -0.116228 2.39822 -0.0122194 -0.0013575
19.62 2.73723 0.0683265 -0.116903 2.40131 -0.0122444 -0.0013563
19.63 2.73613 0.0684252 -0.117586 2.4044 -0.0122693 -0.00135513
19.64 2.73505 0.068529 -0.118276 2.4075 -0.0122941 -0.00135397
19.65 2.73399 0.0686366 -0.118972 2.41059 -0.0123188 -0.00135282
19.66 2.73295 0.068746 -0.119675 2.41369 -0.0123434 -0.00135167
19.67 2.73194 0.0688548 -0.120384 2.41679 -0.0123679 -0.00135054
19.68 2.73094 0.0689607 -0.121099 2.41988 -0.0123922 -0.00134945
19.69 2.72997 0.0690608 -0.121819 2.42299 -0.0124165 -0.00134841
19.7 2.72902 0.0691526 -0.122543 2.42609 -0.0124407 -0.00134742
19.71 2.72809 0.0692334 -0.123272 2.42919 -0.0124647 -0.00134646
19.72 2.72719 0.0693007 -0.124004 2.4323 -0.0124887 -0.0013455
19.73 2.7263 0.0693522 -0.12474 2.43541 -0.0125125 -0.00134454
19.74 2.72544 0.0693856 -0.12548 2.43852 -0.0125362 -0.00134357
19.75 2.72459 0.0693988 -0.126222 2.44163 -0.0125598 -0.0013426
19.76 2.72377 0.0693901 -0.126968 2.44474 -0.0125833 -0.00134167
19.77 2.72297 0.0693584 -0.127717 2.44786 -0.0126067 -0.00134075
19.78 2.72219 0.0693027 -0.128469 2.45097 -0.01263 -0.00133986
19.79 2.72143 0.0692229 -0.129225 2.45409 -0.0126531 -0.00133894
19.8 2.72069 0.0691191 -0.129985 2.45721 -0.0126762 -0.00133801
19.81 2.71997 0.0689919 -0.130749 2.46034 -0.0126992 -0.00133702
19.82 2.71927 0.0688422 -0.131517 2.46346 -0.012722 -0.00133601
19.83 2.71859 0.0686714 -0.13229 2.46659 -0.0127448 -0.00133498
19.84 2.71794 0.0684812 -0.133069 2.46972 -0.0127675 -0.00133394
19.85 2.7173 0.0682737 -0.133854 2.47285 -0.0127901 -0.00133291
19.86 2.71668 0.0680514 -0.134646 2.47599 -0.0128126 -0.00133186
19.87 2.71608 0.0678169 -0.135444 2.47913 -0.012835 -0.00133079
19.88 2.71551 0.0675732 -0.136251 2.48227 -0.0128573 -0.00132967
19.89 2.71495 0.0673229 -0.137066 2.48541 -0.0128796 -0.00132851
19.9 2.71441 0.0670689 -0.137889 2.48855 -0.0129017 -0.0013273
19.91 2.71389 0.0668137 -0.138722 2.4917 -0.0129238 -0.0013261
19.92 2.7134 0.0665599 -0.139564 2.49485 -0.0129459 -0.00132491
19.93 2.71292 0.0663098 -0.140416 2.498 -0.0129678 -0.00132375
19.94 2.71246 0.0660653 -0.141279 2.50115 -0.0129897 -0.00132258
19.95 2.71202 0.0658284 -0.142152 2.50431 -0.0130115 -0.0013214
19.96 2.7116 0.0656003 -0.143035 2.50746 -0.0130332 -0.0013202
19.97 2.7112 0.0653818 -0.143929 2.51062 -0.0130548 -0.00131898
19.98 2.71082 0.0651732 -0.144832 2.51378 -0.0130764 -0.00131778
19.99 2.71046 0.0649745 -0.145746 2.51694 -0.0130979 -0.00131661
20 2.71012 0.0647849 -0.14667 2.5201 -0.0131194 -0.00131549
20.01 2.7098 0.0646036 -0.147604 2.52327 -0.0131407 -0.00131441
20.02 2.7095 0.0644293 -0.148546 2.52643 -0.013162 -0.00131337
20.03 2.70922 0.0642603 -0.149498 2.5296 -0.0131831 -0.00131233
20.04 2.70896 0.0640946 -0.150457 2.53277 -0.0132042 -0.00131129
20.05 2.70872 0.0639298 -0.151425 2.53594 -0.0132252 -0.00131025
20.06 2.70849 0.0637634 -0.1524 2.53911 -0.0132462 -0.00130925
20.07 2.70829 0.0635925 -0.153382 2.54228 -0.013267 -0.00130829
20.08 2.7081 0.0634146 -0.15437 2.54546 -0.0132878 -0.00130738
20.09 2.70793 0.063227 -0.155365 2.54864 -0.0133084 -0.00130651
20.1 2.70778 0.0630273 -0.156365 2.55181 -0.013329 -0.00130564
20.11 2.70765 0.0628132 -0.157371 2.55499 -0.0133495 -0.00130477
20.12 2.70754 0.0625827 -0.158382 2.55818 -0.0133699 -0.00130388
20.13 2.70745 0.0623338 -0.159398 2.56136 -0.0133902 -0.00130298
20.14 2.70737 0.0620651 -0.160419 2.56454 -0.0134105 -0.00130209
20.15 2.70731 0.0617756 -0.161445 2.56773 -0.0134307 -0.00130122
20.16 2.70727 0.0614646 -0.162476 2.57092 -0.0134507 -0.00130037
20.17 2.70725 0.061132 -0.163513 2.57411 -0.0134708 -0.00129952
20.18 2.70724 0.0607784 -0.164555 2.57731 -0.0134907 -0.00129863
20.19 2.70725 0.0604045 -0.165604 2.5805 -0.0135106 -0.00129771
20.2 2.70728 0.0600117 -0.166658 2.5837 -0.0135304 -0.00129674
20.21 2.70732 0.0596014 -0.167719 2.5869 -0.0135502 -0.00129575
20.22 2.70738 0.0591755 -0.168788 2.59011 -0.0135699 -0.00129474
20.23 2.70746 0.0587364 -0.169864 2.59331 -0.0135896 -0.00129374
20.24 2.70755 0.0582866 -0.170949 2.59652 -0.0136092 -0.00129274
20.25 2.70766 0.0578288 -0.172042 2.59973 -0.0136288 -0.00129173
20.26 2.70779 0.0573659 -0.173145 2.60294 -0.0136483 -0.00129068
20.27 2.70793 0.0569009 -0.174258 2.60616 -0.0136678 -0.00128958
20.28 2.70809 0.0564366 -0.175381 2.60937 -0.0136872 -0.00128845
20.29 2.70826 0.0559754 -0.176515 2.61259 -0.0137067 -0.0012873
20.3 2.70845 0.0555198 -0.177659 2.61581 -0.0137261 -0.00128617
20.31 2.70866 0.055072 -0.178815 2.61903 -0.0137454 -0.00128506
20.32 2.70888 0.0546338 -0.179983 2.62226 -0.0137648 -0.00128398
20.33 2.70912 0.0542068 -0.181163 2.62549 -0.013784 -0.0012829
20.34 2.70937 0.0537921 -0.182354 2.62871 -0.0138033 -0.00128181
20.35 2.70964 0.0533906 -0.183557 2.63194 -0.0138225 -0.0012807
20.36 2.70993 0.0530021 -0.184771 2.63517 -0.0138416 -0.0012796
20.37 2.71023 0.0526265 -0.185997 2.6384 -0.0138608 -0.00127853
20.38 2.71054 0.0522628 -0.187234 2.64164 -0.0138799 -0.0012775
20.39 2.71087 0.05191 -0.188482 2.64488 -0.013899 -0.00127653
20.4 2.71122 0.0515666 -0.18974 2.64811 -0.013918 -0.00127559
20.41 2.71158 0.0512306 -0.191009 2.65135 -0.0139369 -0.00127467
20.42 2.71195 0.0509 -0.192287 2.65459 -0.0139558 -0.00127375
20.43 2.71234 0.0505725 -0.193574 2.65783 -0.0139747 -0.00127284
20.44 2.71275 0.0502453 -0.194869 2.66108 -0.0139935 -0.00127193
20.45 2.71316 0.0499157 -0.196173 2.66432 -0.0140123 -0.00127106
20.46 2.7136 0.0495811 -0.197485 2.66757 -0.014031 -0.00127024
20.47 2.71404 0.0492389 -0.198804 2.67082 -0.0140497 -0.00126946
20.48 2.7145 0.0488866 -0.20013 2.67407 -0.0140683 -0.00126869
20.49 2.71498 0.0485222 -0.201464 2.67732 -0.0140869 -0.00126792
20.5 2.71547 0.0481438 -0.202804 2.68057 -0.0141054 -0.00126712
20.51 2.71597 0.0477498 -0.20415 2.68383 -0.0141239 -0.00126629
20.52 2.71648 0.0473388 -0.205503 2.68709 -0.0141424 -0.00126547
20.53 2.717 0.0469101 -0.206862 2.69035 -0.0141609 -0.00126465
20.54 2.71754 0.0464632 -0.208228 2.69361 -0.0141793 -0.00126386
20.55 2.71809 0.0459983 -0.209602 2.69687 -0.0141977 -0.00126306
20.56 2.71865 0.045516 -0.210982 2.70014 -0.0142161 -0.00126224
20.57 2.71923 0.0450175 -0.212369 2.70341 -0.0142344 -0.00126138
20.58 2.71981 0.0445042 -0.213764 2.70668 -0.0142528 -0.00126048
20.59 2.72041 0.0439777 -0.215167 2.70995 -0.0142711 -0.00125954
20.6 2.72102 0.0434404 -0.216579 2.71323 -0.0142895 -0.00125858
20.61 2.72164 0.0428943 -0.217999 2.7165 -0.0143078 -0.00125763
20.62 2.72227 0.0423423 -0.21943 2.71978 -0.0143262 -0.00125668
20.63 2.72291 0.0417871 -0.220871 2.72307 -0.0143445 -0.00125573
20.64 2.72357 0.0412316 -0.222322 2.72635 -0.0143628 -0.00125475
20.65 2.72423 0.0406787 -0.223784 2.72964 -0.0143812 -0.00125374
20.66 2.7249 0.0401311 -0.225257 2.73292 -0.0143995 -0.00125269
20.67 2.72559 0.0395913 -0.226743 2.73621 -0.0144179 -0.00125163
20.68 2.72628 0.0390616 -0.22824 2.7395 -0.0144363 -0.00125058
20.69 2.72699 0.038544 -0.229749 2.7428 -0.0144547 -0.00124955
20.7 2.72771 0.0380402 -0.231272 2.74609 -0.0144731 -0.00124855
20.71 2.72843 0.0375515 -0.232807 2.74939 -0.0144915 -0.00124756
20.72 2.72917 0.0370789 -0.234354 2.75269 -0.0145099 -0.00124657
20.73 2.72992 0.0366228 -0.235915 2.75599 -0.0145283 -0.00124556
20.74 2.73068 0.0361832 -0.237487 2.75929 -0.0145467 -0.00124457
20.75 2.73145 0.0357595 -0.239071 2.76259 -0.0145652 -0.00124358
20.76 2.73222 0.0353508 -0.240668 2.7659 -0.0145836 -0.00124263
20.77 2.73301 0.0349557 -0.242276 2.76921 -0.014602 -0.00124172
20.78 2.73381 0.0345725 -0.243895 2.77251 -0.0146204 -0.00124086
20.79 2.73462 0.0341992 -0.245525 2.77582 -0.0146388 -0.00124001
20.8 2.73543 0.0338338 -0.247166 2.77913 -0.0146571 -0.00123917
20.81 2.73626 0.0334736 -0.248816 2.78245 -0.0146755 -0.00123831
20.82 2.73709 0.0331162 -0.250475 2.78576 -0.0146939 -0.00123745
20.83 2.73794 0.0327588 -0.252143 2.78908 -0.0147122 -0.00123661
20.84 2.73879 0.0323989 -0.25382 2.79239 -0.0147306 -0.00123579
20.85 2.73965 0.0320338 -0.255505 2.79571 -0.0147489 -0.00123501
20.86 2.74052 0.0316613 -0.257198 2.79903 -0.0147672 -0.00123423
20.87 2.74139 0.0312794 -0.258898 2.80236 -0.0147855 -0.00123346
20.88 2.74228 0.0308864 -0.260606 2.80568 -0.0148038 -0.00123264
20.89 2.74317 0.030481 -0.262321 2.80901 -0.0148222 -0.0012318
20.9 2.74407 0.0300621 -0.264042 2.81234 -0.0148405 -0.00123092
20.91 2.74497 0.0296289 -0.265771 2.81567 -0.0148588 -0.00123004
20.92 2.74588 0.0291815 -0.267508 2.819 -0.0148772 -0.00122917
20.93 2.7468 0.02872 -0.269252 2.82234 -0.0148956 -0.00122829
20.94 2.74773 0.0282453 -0.271003 2.82567 -0.0149139 -0.00122739
20.95 2.74866 0.0277587 -0.272763 2.82901 -0.0149323 -0.00122646
20.96 2.7496 0.0272617 -0.274531 2.83236 -0.0149507 -0.00122548
20.97 2.75054 0.0267564 -0.276308 2.8357 -0.0149692 -0.00122445
20.98 2.75149 0.0262448 -0.278095 2.83904 -0.0149877 -0.00122341
20.99 2.75245 0.0257294 -0.279891 2.84239 -0.0150063 -0.00122235
21 2.75341 0.0252129 -0.281697 2.84574 -0.0150248 -0.00122129
21.01 2.75438 0.024698 -0.283515 2.84909 -0.0150435 -0.00122023
21.02 2.75535 0.0241876 -0.285344 2.85245 -0.0150621 -0.00121915
21.03 2.75633 0.0236844 -0.287184 2.85581 -0.0150808 -0.00121804
21.04 2.75731 0.023191 -0.289037 2.85916 -0.0150995 -0.00121691
21.05 2.7583 0.0227099 -0.290902 2.86252 -0.0151183 -0.00121576
21.06 2.7593 0.0222431 -0.292779 2.86588 -0.0151371 -0.00121461
21.07 2.7603 0.0217926 -0.29467 2.86925 -0.0151559 -0.00121347
21.08 2.76131 0.0213598 -0.296574 2.87261 -0.0151748 -0.00121235
21.09 2.76232 0.0209457 -0.298491 2.87598 -0.0151937 -0.00121124
21.1 2.76333 0.0205511 -0.30042 2.87935 -0.0152126 -0.00121014
21.11 2.76435 0.0201762 -0.302363 2.88272 -0.0152316 -0.00120904
21.12 2.76538 0.0198208 -0.304318 2.88609 -0.0152506 -0.00120793
21.13 2.76641 0.0194842 -0.306286 2.88946 -0.0152696 -0.00120683
21.14 2.76745 0.0191653 -0.308266 2.89283 -0.0152886 -0.00120574
21.15 2.76849 0.0188625 -0.310257 2.89621 -0.0153076 -0.00120468
21.16 2.76954 0.0185741 -0.31226 2.89958 -0.0153267 -0.00120365
21.17 2.77059 0.018298 -0.314274 2.90296 -0.0153457 -0.00120264
21.18 2.77164 0.018032 -0.316299 2.90635 -0.0153648 -0.00120163
21.19 2.7727 0.0177734 -0.318333 2.90973 -0.0153838 -0.00120061
21.2 2.77376 0.01752 -0.320376 2.91311 -0.0154029 -0.00119958
21.21 2.77483 0.0172689 -0.322428 2.91649 -0.015422 -0.00119854
21.22 2.7759 0.0170177 -0.324489 2.91988 -0.0154411 -0.00119752
21.23 2.77697 0.0167641 -0.326558 2.92327 -0.0154602 -0.0011965
21.24 2.77804 0.0165057 -0.328634 2.92666 -0.0154793 -0.00119549
21.25 2.77912 0.0162409 -0.330718 2.93005 -0.0154984 -0.00119447
21.26 2.7802 0.0159678 -0.33281 2.93345 -0.0155175 -0.00119344
21.27 2.78129 0.0156856 -0.334908 2.93685 -0.0155367 -0.00119237
21.28 2.78237 0.0153932 -0.337013 2.94024 -0.0155559 -0.00119127
21.29 2.78346 0.0150903 -0.339125 2.94364 -0.0155751 -0.00119014
21.3 2.78455 0.0147769 -0.341244 2.94705 -0.0155943 -0.001189
21.31 2.78564 0.0144534 -0.34337 2.95045 -0.0156136 -0.00118787
21.32 2.78673 0.0141207 -0.345504 2.95386 -0.0156329 -0.00118673
21.33 2.78783 0.0137803 -0.347646 2.95727 -0.0156522 -0.00118558
21.34 2.78892 0.0134337 -0.349796 2.96068 -0.0156716 -0.00118439
21.35 2.79002 0.0130831 -0.351954 2.96409 -0.015691 -0.00118316
21.36 2.79112 0.0127307 -0.354121 2.96751 -0.0157105 -0.00118189
21.37 2.79222 0.0123789 -0.356297 2.97092 -0.01573 -0.00118063
21.38 2.79332 0.0120303 -0.358483 2.97434 -0.0157495 -0.00117936
21.39 2.79442 0.0116875 -0.36068 2.97776 -0.0157692 -0.00117813
21.4 2.79553 0.0113532 -0.362887 2.98119 -0.0157888 -0.0011769
21.41 2.79663 0.0110301 -0.365106 2.98461 -0.0158085 -0.00117568
21.42 2.79774 0.0107206 -0.367336 2.98804 -0.0158282 -0.00117443
21.43 2.79885 0.010427 -0.369577 2.99147 -0.0158479 -0.00117318
21.44 2.79995 0.0101512 -0.371831 2.9949 -0.0158677 -0.00117191
21.45 2.80107 0.00989484 -0.374097 2.99833 -0.0158876 -0.00117068
21.46 2.80218 0.00965903 -0.376375 3.00176 -0.0159075 -0.00116949
21.47 2.80329 0.00944461 -0.378666 3.0052 -0.0159274 -0.00116835
21.48 2.8044 0.00925209 -0.380969 3.00863 -0.0159473 -0.00116725
21.49 2.80552 0.00908152 -0.383285 3.01207 -0.0159672 -0.00116616
21.5 2.80663 0.00893254 -0.385612 3.01551 -0.0159871 -0.00116507
21.51 2.80775 0.0088043 -0.387951 3.01895 -0.016007 -0.00116398
21.52 2.80887 0.00869548 -0.390302 3.02239 -0.016027 -0.00116292
21.53 2.80999 0.00860444 -0.392663 3.02583 -0.016047 -0.00116189
21.54 2.81111 0.00852919 -0.395036 3.02928 -0.016067 -0.00116093
21.55 2.81223 0.00846766 -0.397418 3.03273 -0.016087 -0.00116002
21.56 2.81335 0.00841752 -0.39981 3.03618 -0.016107 -0.00115914
21.57 2.81447 0.00837642 -0.402211 3.03963 -0.0161269 -0.00115825
21.58 2.81559 0.00834187 -0.404621 3.04308 -0.0161469 -0.00115736
21.59 2.81671 0.00831137 -0.407038 3.04653 -0.0161668 -0.00115646
21.6 2.81783 0.00828245 -0.409463 3.04999 -0.0161868 -0.00115557
21.61 2.81895 0.00825279 -0.411895 3.05344 -0.0162068 -0.00115473
21.62 2.82007 0.00822032 -0.414334 3.0569 -0.0162268 -0.00115393
21.63 2.82118 0.0081833 -0.416779 3.06036 -0.0162467 -0.00115317
21.64 2.8223 0.00814044 -0.419231 3.06383 -0.0162667 -0.00115241
21.65 2.82341 0.00809073 -0.421688 3.06729 -0.0162866 -0.00115163
21.66 2.82453 0.00803358 -0.424151 3.07076 -0.0163066 -0.00115081
21.67 2.82564 0.00796867 -0.42662 3.07423 -0.0163266 -0.00115
21.68 2.82675 0.00789613 -0.429095 3.0777 -0.0163467 -0.00114919
21.69 2.82786 0.00781646 -0.431575 3.08117 -0.0163667 -0.00114844
21.7 2.82897 0.00773068 -0.434062 3.08465 -0.0163868 -0.00114772
21.71 2.83007 0.00764022 -0.436556 3.08813 -0.0164068 -0.00114702
21.72 2.83118 0.00754687 -0.439056 3.09161 -0.0164269 -0.00114633
21.73 2.83228 0.00745271 -0.441563 3.09509 -0.016447 -0.00114561
21.74 2.83338 0.00735997 -0.444078 3.09857 -0.0164671 -0.00114489
21.75 2.83448 0.00727104 -0.4466 3.10205 -0.0164873 -0.00114417
21.76 2.83558 0.00718832 -0.449131 3.10554 -0.0165075 -0.00114351
21.77 2.83668 0.00711432 -0.45167 3.10903 -0.0165277 -0.0011429
21.78 2.83777 0.00705154 -0.454219 3.11252 -0.016548 -0.00114236
21.79 2.83886 0.00700251 -0.456777 3.11601 -0.0165682 -0.00114185
21.8 2.83996 0.00696953 -0.459345 3.11951 -0.0165884 -0.00114137
21.81 2.84105 0.00695472 -0.461922 3.123 -0.0166087 -0.00114088
21.82 2.84214 0.00695976 -0.46451 3.1265 -0.016629 -0.00114042
21.83 2.84322 0.006986 -0.467108 3.12999 -0.0166493 -0.00114
21.84 2.84431 0.00703439 -0.469716 3.13349 -0.0166696 -0.00113965
21.85 2.8454 0.00710554 -0.472335 3.137 -0.0166899 -0.00113939
21.86 2.84648 0.0071997 -0.474965 3.1405 -0.0167102 -0.0011392
21.87 2.84756 0.00731674 -0.477604 3.14401 -0.0167304 -0.00113906
21.88 2.84865 0.00745617 -0.480253 3.14751 -0.0167506 -0.00113894
21.89 2.84973 0.00761702 -0.482912 3.15102 -0.0167708 -0.00113883
21.9 2.85081 0.00779795 -0.485579 3.15453 -0.0167911 -0.00113875
21.91 2.85188 0.00799716 -0.488256 3.15804 -0.0168113 -0.00113872
21.92 2.85296 0.00821265 -0.49094 3.16155 -0.0168315 -0.00113876
21.93 2.85403 0.00844218 -0.493633 3.16506 -0.0168516 -0.00113889
21.94 2.85511 0.0086835 -0.496332 3.16858 -0.0168717 -0.00113907
21.95 2.85618 0.00893425 -0.499039 3.1721 -0.0168918 -0.00113928
21.96 2.85725 0.00919208 -0.501752 3.17562 -0.0169118 -0.00113948
21.97 2.85832 0.00945457 -0.504471 3.17914 -0.0169318 -0.00113968
21.98 2.85938 0.00971937 -0.507194 3.18266 -0.0169518 -0.0011399
21.99 2.86044 0.00998427 -0.509923 3.18618 -0.0169718 -0.00114016
22 2.8615 0.0102473 -0.512656 3.18971 -0.0169918 -0.00114047
22.01 2.86256 0.0105068 -0.515394 3.19324 -0.0170117 -0.00114085
22.02 2.86362 0.0107615 -0.518135 3.19677 -0.0170316 -0.00114125
22.03 2.86467 0.0110107 -0.520881 3.2003 -0.0170514 -0.00114166
22.04 2.86572 0.0112537 -0.523631 3.20383 -0.0170711 -0.00114205
22.05 2.86677 0.0114906 -0.526384 3.20737 -0.0170909 -0.00114243
22.06 2.86782 0.0117213 -0.529141 3.21091 -0.0171107 -0.00114282
22.07 2.86886 0.0119465 -0.531901 3.21445 -0.0171305 -0.00114326
22.08 2.8699 0.0121673 -0.534666 3.21799 -0.0171503 -0.00114376
22.09 2.87094 0.0123849 -0.537435 3.22153 -0.01717 -0.00114431
22.1 2.87198 0.0126011 -0.540209 3.22508 -0.0171896 -0.00114488
22.11 2.87301 0.0128179 -0.542988 3.22863 -0.0172092 -0.00114545
22.12 2.87404 0.0130376 -0.545772 3.23218 -0.0172288 -0.00114603
22.13 2.87507 0.0132623 -0.548561 3.23573 -0.0172484 -0.00114661
22.14 2.8761 0.0134945 -0.551356 3.23928 -0.017268 -0.00114723
22.15 2.87713 0.0137363 -0.554158 3.24284 -0.0172876 -0.00114791
22.16 2.87815 0.0139902 -0.556966 3.24639 -0.0173071 -0.00114866
22.17 2.87918 0.0142583 -0.559782 3.24995 -0.0173265 -0.00114948
22.18 2.8802 0.0145428 -0.562605 3.25351 -0.0173459 -0.00115034
22.19 2.88122 0.0148456 -0.565436 3.25708 -0.0173652 -0.00115122
22.2 2.88224 0.0151682 -0.568274 3.26064 -0.0173845 -0.0011521
22.21 2.88326 0.0155118 -0.571119 3.2642 -0.0174038 -0.001153
22.22 2.88428 0.0158772 -0.573972 3.26777 -0.017423 -0.00115396
22.23 2.8853 0.0162648 -0.576833 3.27133 -0.0174422 -0.00115499
22.24 2.88631 0.0166747 -0.579702 3.2749 -0.0174613 -0.0011561
22.25 2.88733 0.0171065 -0.582578 3.27847 -0.0174802 -0.00115726
22.26 2.88834 0.0175595 -0.585461 3.28205 -0.017499 -0.00115846
22.27 2.88936 0.0180329 -0.588351 3.28562 -0.0175178 -0.00115965
22.28 2.89037 0.0185252 -0.591247 3.28919 -0.0175365 -0.00116085
22.29 2.89138 0.0190347 -0.594149 3.29277 -0.0175552 -0.00116205
22.3 2.89239 0.0195594 -0.597056 3.29635 -0.0175737 -0.00116331
22.31 2.8934 0.0200969 -0.599968 3.29993 -0.0175922 -0.00116462
22.32 2.89441 0.020645 -0.602884 3.30351 -0.0176106 -0.00116599
22.33 2.89542 0.0212015 -0.605804 3.30709 -0.0176288 -0.00116737
22.34 2.89642 0.021764 -0.608728 3.31068 -0.0176469 -0.00116876
22.35 2.89743 0.0223302 -0.611654 3.31426 -0.017665 -0.00117012
22.36 2.89843 0.022898 -0.614582 3.31785 -0.017683 -0.00117145
22.37 2.89944 0.0234653 -0.617511 3.32144 -0.0177009 -0.00117278
22.38 2.90044 0.0240302 -0.620442 3.32504 -0.0177188 -0.00117415
22.39 2.90144 0.0245912 -0.623374 3.32863 -0.0177367 -0.00117555
22.4 2.90244 0.0251471 -0.626307 3.33223 -0.0177544 -0.00117698
22.41 2.90344 0.0256971 -0.629241 3.33583 -0.0177719 -0.00117841
22.42 2.90443 0.026241 -0.632176 3.33943 -0.0177894 -0.00117979
22.43 2.90543 0.0267784 -0.635111 3.34303 -0.0178068 -0.00118116
22.44 2.90642 0.0273099 -0.638046 3.34663 -0.0178242 -0.00118249
22.45 2.90741 0.0278359 -0.640982 3.35024 -0.0178416 -0.00118385
22.46 2.90841 0.0283575 -0.643919 3.35385 -0.0178589 -0.00118522
22.47 2.9094 0.028876 -0.646856 3.35746 -0.0178762 -0.00118664
22.48 2.91038 0.029393 -0.649796 3.36107 -0.0178934 -0.00118808
22.49 2.91137 0.0299106 -0.652737 3.36469 -0.0179105 -0.00118952
22.5 2.91236 0.0304309 -0.65568 3.3683 -0.0179275 -0.00119094
22.51 2.91335 0.0309561 -0.658626 3.37192 -0.0179444 -0.00119232
22.52 2.91433 0.0314882 -0.661575 3.37554 -0.0179613 -0.00119371
22.53 2.91532 0.0320296 -0.664527 3.37916 -0.0179782 -0.00119512
22.54 2.91631 0.0325821 -0.667482 3.38278 -0.017995 -0.0011966
22.55 2.91729 0.0331482 -0.670441 3.3864 -0.0180118 -0.00119812
22.56 2.91828 0.0337296 -0.673404 3.39003 -0.0180285 -0.00119967
22.57 2.91926 0.0343282 -0.676371 3.39366 -0.0180452 -0.0012012
22.58 2.92025 0.0349453 -0.679342 3.39728 -0.0180618 -0.00120273
22.59 2.92123 0.035582 -0.682317 3.40091 -0.0180783 -0.00120424
22.6 2.92222 0.036239 -0.685297 3.40454 -0.0180948 -0.00120576
22.61 2.9232 0.0369167 -0.688281 3.40818 -0.0181112 -0.00120732
22.62 2.92419 0.0376149 -0.691269 3.41181 -0.0181275 -0.00120891
22.63 2.92517 0.0383332 -0.694261 3.41545 -0.0181438 -0.00121054
22.64 2.92616 0.0390711 -0.697256 3.41908 -0.0181599 -0.00121218
22.65 2.92714 0.0398274 -0.700254 3.42272 -0.018176 -0.00121381
22.66 2.92812 0.0406008 -0.703255 3.42636 -0.0181921 -0.00121539
22.67 2.92911 0.0413897 -0.706257 3.43 -0.0182081 -0.00121695
22.68 2.93009 0.0421921 -0.709261 3.43364 -0.018224 -0.00121848
22.69 2.93107 0.0430058 -0.712266 3.43729 -0.0182399 -0.00122004
22.7 2.93206 0.0438287 -0.715272 3.44094 -0.0182557 -0.00122161
22.71 2.93304 0.0446583 -0.718278 3.44459 -0.0182713 -0.00122319
22.72 2.93402 0.0454926 -0.721283 3.44824 -0.0182868 -0.00122475
22.73 2.935 0.0463294 -0.724287 3.45189 -0.0183023 -0.00122626
22.74 2.93598 0.0471666 -0.727289 3.45554 -0.0183178 -0.00122772
22.75 2.93696 0.0480023 -0.730289 3.4592 -0.0183333 -0.00122912
22.76 2.93793 0.0488349 -0.733285 3.46286 -0.0183488 -0.0012305
22.77 2.93891 0.049663 -0.736279 3.46652 -0.0183642 -0.00123187
22.78 2.93988 0.0504852 -0.73927 3.47018 -0.0183796 -0.00123326
22.79 2.94085 0.0513011 -0.742258 3.47384 -0.0183948 -0.00123463
22.8 2.94183 0.0521101 -0.745243 3.47751 -0.0184101 -0.00123597
22.81 2.9428 0.0529125 -0.748224 3.48118 -0.0184253 -0.00123725
22.82 2.94376 0.0537085 -0.751202 3.48485 -0.0184404 -0.00123847
22.83 2.94473 0.0544989 -0.754176 3.48852 -0.0184556 -0.00123964
22.84 2.9457 0.0552846 -0.757147 3.49219 -0.0184707 -0.00124081
22.85 2.94666 0.0560668 -0.760115 3.49587 -0.0184858 -0.00124199
22.86 2.94762 0.0568471 -0.763081 3.49955 -0.0185008 -0.00124319
22.87 2.94858 0.0576273 -0.766045 3.50323 -0.0185158 -0.00124439
22.88 2.94954 0.0584096 -0.769007 3.50691 -0.0185307 -0.00124555
22.89 2.9505 0.0591961 -0.771967 3.51059 -0.0185456 -0.00124667
22.9 2.95146 0.0599889 -0.774926 3.51427 -0.0185605 -0.00124774
22.91 2.95241 0.0607901 -0.777883 3.51796 -0.0185753 -0.0012488
22.92 2.95337 0.0616018 -0.780841 3.52164 -0.0185901 -0.00124987
22.93 2.95432 0.0624256 -0.783798 3.52533 -0.0186048 -0.00125098
22.94 2.95527 0.0632636 -0.786755 3.52902 -0.0186195 -0.0012521
22.95 2.95623 0.0641171 -0.789713 3.53271 -0.018634 -0.00125322
22.96 2.95718 0.0649875 -0.792671 3.5364 -0.0186485 -0.0012543
22.97 2.95813 0.0658758 -0.795629 3.5401 -0.0186629 -0.00125535
22.98 2.95908 0.0667827 -0.798586 3.54379 -0.0186774 -0.00125637
22.99 2.96003 0.0677084 -0.801544 3.54749 -0.0186918 -0.00125737
23 2.96098 0.0686528 -0.804502 3.55119 -0.0187061 -0.00125839
23.01 2.96193 0.0696155 -0.807459 3.55489 -0.0187204 -0.00125941
23.02 2.96288 0.0705955 -0.810416 3.55859 -0.0187345 -0.00126045
23.03 2.96382 0.071592 -0.813372 3.56229 -0.0187485 -0.00126145
23.04 2.96477 0.0726036 -0.816327 3.566 -0.0187624 -0.00126242
23.05 2.96571 0.0736288 -0.819279 3.5697 -0.0187763 -0.0012633
23.06 2.96666 0.0746656 -0.822229 3.57341 -0.0187901 -0.00126415
23.07 2.9676 0.0757121 -0.825175 3.57712 -0.0188039 -0.00126496
23.08 2.96855 0.0767658 -0.828118 3.58083 -0.0188176 -0.00126577
23.09 2.96949 0.0778248 -0.831057 3.58454 -0.0188312 -0.00126657
23.1 2.97043 0.0788867 -0.833992 3.58826 -0.0188446 -0.00126736
23.11 2.97137 0.0799497 -0.836921 3.59197 -0.018858 -0.00126809
23.12 2.97231 0.0810118 -0.839845 3.59569 -0.0188712 -0.00126874
23.13 2.97325 0.0820711 -0.842762 3.59941 -0.0188844 -0.00126932
23.14 2.97419 0.0831261 -0.845673 3.60313 -0.0188976 -0.00126984
23.15 2.97512 0.0841753 -0.848577 3.60686 -0.0189107 -0.00127034
23.16 2.97606 0.0852176 -0.851474 3.61059 -0.0189237 -0.00127082
23.17 2.97699 0.0862523 -0.854365 3.61431 -0.0189366 -0.00127131
23.18 2.97793 0.0872791 -0.857248 3.61805 -0.0189494 -0.00127176
23.19 2.97886 0.0882979 -0.860124 3.62178 -0.018962 -0.00127216
23.2 2.97979 0.0893092 -0.862993 3.62551 -0.0189747 -0.00127249
23.21 2.98072 0.0903135 -0.865854 3.62925 -0.0189872 -0.00127277
23.22 2.98166 0.0913119 -0.868709 3.63298 -0.0189998 -0.00127301
23.23 2.98259 0.0923055 -0.871557 3.63672 -0.0190122 -0.00127325
23.24 2.98352 0.0932957 -0.874399 3.64047 -0.0190245 -0.0012735
23.25 2.98445 0.0942842 -0.877235 3.64421 -0.0190368 -0.00127376
23.26 2.98538 0.095273 -0.880065 3.64795 -0.0190488 -0.00127401
23.27 2.98631 0.0962641 -0.882891 3.6517 -0.0190608 -0.00127422
23.28 2.98724 0.0972595 -0.885711 3.65545 -0.0190727 -0.0012744
23.29 2.98817 0.0982614 -0.888526 3.65919 -0.0190846 -0.00127454
23.3 2.98911 0.0992715 -0.891337 3.66294 -0.0190964 -0.00127468
23.31 2.99004 0.100292 -0.894144 3.6667 -0.0191081 -0.00127483
23.32 2.99098 0.101323 -0.896947 3.67045 -0.0191196 -0.00127502
23.33 2.99191 0.102368 -0.899747 3.6742 -0.019131 -0.00127524
23.34 2.99285 0.103427 -0.902543 3.67796 -0.0191422 -0.00127545
23.35 2.99379 0.104502 -0.905335 3.68172 -0.0191534 -0.00127562
23.36 2.99473 0.105592 -0.908124 3.68548 -0.0191644 -0.00127574
23.37 2.99568 0.106699 -0.910908 3.68923 -0.0191754 -0.00127583
23.38 2.99662 0.107822 -0.913688 3.693 -0.0191863 -0.00127592
23.39 2.99757 0.10896 -0.916464 3.69676 -0.0191971 -0.00127605
23.4 2.99852 0.110114 -0.919235 3.70052 -0.0192078 -0.00127619
23.41 2.99947 0.111281 -0.922002 3.70429 -0.0192182 -0.00127635
23.42 3.00042 0.11246 -0.924762 3.70806 -0.0192286 -0.00127647
23.43 3.00138 0.113651 -0.927517 3.71183 -0.0192388 -0.00127655
23.44 3.00233 0.11485 -0.930265 3.7156 -0.019249 -0.00127656
23.45 3.00329 0.116057 -0.933005 3.71937 -0.0192591 -0.00127653
23.46 3.00426 0.11727 -0.935738 3.72315 -0.0192691 -0.0012765
23.47 3.00522 0.118485 -0.938462 3.72692 -0.019279 -0.00127651
23.48 3.00619 0.1197 -0.941178 3.7307 -0.0192887 -0.00127657
23.49 3.00716 0.120915 -0.943885 3.73448 -0.0192983 -0.00127663
23.5 3.00813 0.122126 -0.946582 3.73827 -0.0193078 -0.00127669
23.51 3.0091 0.123333 -0.949268 3.74205 -0.0193173 -0.00127667
23.52 3.01008 0.124533 -0.951944 3.74584 -0.0193266 -0.00127659
23.53 3.01106 0.125726 -0.954609 3.74963 -0.019336 -0.00127647
23.54 3.01204 0.12691 -0.957262 3.75342 -0.0193452 -0.00127641
23.55 3.01303 0.128084 -0.959905 3.75721 -0.0193543 -0.00127642
23.56 3.01402 0.129248 -0.962536 3.761 -0.0193632 -0.00127652
23.57 3.01501 0.130402 -0.965157 3.7648 -0.0193721 -0.00127666
23.58 3.01601 0.131546 -0.967766 3.7686 -0.0193809 -0.00127679
23.59 3.01701 0.132682 -0.970364 3.7724 -0.0193896 -0.00127686
23.6 3.01801 0.133809 -0.972951 3.7762 -0.0193983 -0.00127689
23.61 3.01902 0.13493 -0.975527 3.78 -0.0194069 -0.00127695
23.62 3.02003 0.136045 -0.978093 3.78381 -0.0194154 -0.0012771
23.63 3.02105 0.137156 -0.980649 3.78761 -0.0194238 -0.00127738
23.64 3.02207 0.138264 -0.983196 3.79142 -0.0194321 -0.00127775
23.65 3.0231 0.139373 -0.985733 3.79523 -0.0194402 -0.00127817
23.66 3.02413 0.140483 -0.988262 3.79904 -0.0194483 -0.00127859
23.67 3.02517 0.141596 -0.990782 3.80286 -0.0194563 -0.00127903
23.68 3.02621 0.142716 -0.993293 3.80667 -0.0194642 -0.0012795
23.69 3.02726 0.143842 -0.995796 3.81048 -0.0194721 -0.00128007
23.7 3.02832 0.144978 -0.998292 3.8143 -0.0194798 -0.00128075
23.71 3.02938 0.146123 -1.00078 3.81812 -0.0194875 -0.00128156
23.72 3.03045 0.14728 -1.00326 3.82194 -0.019495 -0.00128248
23.73 3.03152 0.148449 -1.00573 3.82576 -0.0195024 -0.00128345
23.74 3.0326 0.149631 -1.0082 3.82958 -0.0195097 -0.00128445
23.75 3.03369 0.150827 -1.01065 3.8334 -0.0195169 -0.00128547
23.76 3.03478 0.152036 -1.0131 3.83723 -0.0195241 -0.00128657
23.77 3.03588 0.153258 -1.01554 3.84105 -0.0195311 -0.00128775
23.78 3.03699 0.154491 -1.01797 3.84488 -0.0195381 -0.00128904
23.79 3.0381 0.155736 -1.02039 3.84871 -0.0195449 -0.0012904
23.8 3.03922 0.156991 -1.02281 3.85255 -0.0195516 -0.00129185
23.81 3.04035 0.158254 -1.02521 3.85638 -0.0195582 -0.00129341
23.82 3.04148 0.159523 -1.0276 3.86021 -0.0195647 -0.00129507
23.83 3.04263 0.160797 -1.02998 3.86405 -0.0195712 -0.00129669
23.84 3.04377 0.162074 -1.03235 3.86789 -0.0195775 -0.00129823
23.85 3.04493 0.163353 -1.03471 3.87173 -0.0195838 -0.00129979
23.86 3.04609 0.164629 -1.03705 3.87557 -0.01959 -0.00130149
23.87 3.04726 0.165901 -1.03938 3.87942 -0.019596 -0.00130348
23.88 3.04844 0.167168 -1.0417 3.88327 -0.019602 -0.00130569
23.89 3.04962 0.168427 -1.044 3.88712 -0.0196078 -0.00130787
23.9 3.05081 0.169679 -1.04629 3.89097 -0.0196136 -0.00130978
23.91 3.05201 0.170922 -1.04857 3.89482 -0.0196193 -0.00131159
23.92 3.05322 0.172154 -1.05083 3.89867 -0.019625 -0.00131353
23.93 3.05443 0.173372 -1.05307 3.90253 -0.0196304 -0.00131577
23.94 3.05565 0.174579 -1.0553 3.90639 -0.0196358 -0.0013182
23.95 3.05688 0.175773 -1.05752 3.91025 -0.0196411 -0.00132063
23.96 3.05812 0.176956 -1.05972 3.91412 -0.0196463 -0.00132298
23.97 3.05936 0.178127 -1.0619 3.91798 -0.0196514 -0.00132532
23.98 3.06061 0.179287 -1.06408 3.92185 -0.0196564 -0.00132784
23.99 3.06187 0.180437 -1.06623 3.92571 -0.0196613 -0.00133062
24 3.06314 0.181579 -1.06838 3.92958 -0.0196661 -0.00133348
24.01 3.06441 0.182715 -1.07051 3.93345 -0.0196708 -0.00133618
24.02 3.0657 0.183847 -1.07263 3.93733 -0.0196754 -0.0013388
24.03 3.06699 0.184976 -1.07473 3.9412 -0.0196798 -0.0013415
24.04 3.06829 0.186103 -1.07682 3.94508 -0.019684 -0.00134442
24.05 3.06961 0.187231 -1.07891 3.94895 -0.0196882 -0.0013475
24.06 3.07093 0.188361 -1.08097 3.95283 -0.0196922 -0.00135059
24.07 3.07226 0.189497 -1.08303 3.95671 -0.0196962 -0.00135361
24.08 3.0736 0.190639 -1.08508 3.96059 -0.0197 -0.00135662
24.09 3.07494 0.191788 -1.08711 3.96447 -0.0197037 -0.00135973
24.1 3.0763 0.192945 -1.08914 3.96835 -0.0197072 -0.00136303
24.11 3.07767 0.194111 -1.09115 3.97224 -0.0197106 -0.00136649
24.12 3.07905 0.195288 -1.09315 3.97613 -0.0197139 -0.0013699
24.13 3.08043 0.196477 -1.09515 3.98001 -0.019717 -0.00137314
24.14 3.08183 0.197676 -1.09713 3.9839 -0.0197201 -0.00137626
24.15 3.08324 0.198885 -1.09909 3.98779 -0.0197229 -0.00137946
24.16 3.08466 0.200104 -1.10105 3.99168 -0.0197257 -0.0013828
24.17 3.08608 0.20133 -1.10299 3.99558 -0.0197283 -0.00138623
24.18 3.08752 0.202564 -1.10493 3.99948 -0.0197307 -0.0013896
24.19 3.08897 0.203805 -1.10684 4.00337 -0.0197331 -0.00139289
24.2 3.09043 0.205049 -1.10875 4.00727 -0.0197353 -0.00139613
24.21 3.0919 0.206295 -1.11064 4.01117 -0.0197374 -0.00139942
24.22 3.09338 0.207541 -1.11251 4.01508 -0.0197394 -0.00140276
24.23 3.09487 0.208785 -1.11437 4.01898 -0.0197413 -0.0014061
24.24 3.09637 0.210026 -1.11622 4.02289 -0.0197431 -0.00140939
24.25 3.09789 0.21126 -1.11804 4.0268 -0.0197448 -0.00141257
24.26 3.09941 0.212488 -1.11986 4.03071 -0.0197463 -0.0014157
24.27 3.10094 0.213705 -1.12165 4.03463 -0.0197478 -0.0014188
24.28 3.10249 0.214911 -1.12343 4.03854 -0.0197491 -0.00142192
24.29 3.10404 0.216105 -1.12519 4.04246 -0.0197503 -0.00142501
24.3 3.10561 0.217285 -1.12693 4.04638 -0.0197513 -0.00142804
24.31 3.10719 0.218451 -1.12866 4.0503 -0.0197523 -0.00143099
24.32 3.10878 0.219602 -1.13036 4.05423 -0.0197532 -0.00143392
24.33 3.11039 0.220738 -1.13205 4.05815 -0.0197539 -0.00143684
24.34 3.112 0.221859 -1.13373 4.06208 -0.0197545 -0.00143977
24.35 3.11363 0.222965 -1.13538 4.06601 -0.0197551 -0.00144268
24.36 3.11527 0.224058 -1.13702 4.06994 -0.0197555 -0.00144556
24.37 3.11692 0.225139 -1.13864 4.07387 -0.0197558 -0.00144839
24.38 3.11858 0.226209 -1.14025 4.07781 -0.019756 -0.00145114
24.39 3.12026 0.22727 -1.14184 4.08174 -0.019756 -0.00145383
24.4 3.12195 0.228324 -1.14341 4.08568 -0.019756 -0.00145648
24.41 3.12366 0.229371 -1.14497 4.08962 -0.0197558 -0.00145912
24.42 3.12537 0.230415 -1.14652 4.09356 -0.0197554 -0.00146174
24.43 3.1271 0.231456 -1.14805 4.0975 -0.019755 -0.00146433
24.44 3.12885 0.232498 -1.14956 4.10144 -0.0197544 -0.00146685
24.45 3.13061 0.233541 -1.15106 4.10539 -0.0197537 -0.00146931
24.46 3.13238 0.234588 -1.15255 4.10933 -0.0197529 -0.00147172
24.47 3.13417 0.235639 -1.15402 4.11328 -0.0197519 -0.00147411
24.48 3.13597 0.236697 -1.15549 4.11723 -0.0197508 -0.00147649
24.49 3.13779 0.237761 -1.15693 4.12118 -0.0197496 -0.00147883
24.5 3.13962 0.238833 -1.15836 4.12513 -0.0197483 -0.00148111
24.51 3.14147 0.239913 -1.15978 4.12908 -0.0197469 -0.00148328
24.52 3.14333 0.241001 -1.16119 4.13303 -0.0197453 -0.00148537
24.53 3.14521 0.242097 -1.16258 4.13699 -0.0197437 -0.00148739
24.54 3.14711 0.2432 -1.16395 4.14095 -0.0197419 -0.00148937
24.55 3.14902 0.244309 -1.16531 4.14491 -0.0197399 -0.0014913
24.56 3.15094 0.245423 -1.16666 4.14887 -0.0197379 -0.00149316
24.57 3.15288 0.24654 -1.16799 4.15283 -0.0197357 -0.00149495
24.58 3.15484 0.247659 -1.1693 4.1568 -0.0197335 -0.00149663
24.59 3.15681 0.248777 -1.1706 4.16076 -0.0197311 -0.00149821
24.6 3.1588 0.249894 -1.17188 4.16473 -0.0197286 -0.0014997
24.61 3.1608 0.251006 -1.17314 4.1687 -0.019726 -0.00150112
24.62 3.16282 0.252111 -1.17438 4.17268 -0.0197233 -0.00150247
24.63 3.16486 0.253209 -1.17561 4.17665 -0.0197204 -0.00150374
24.64 3.16691 0.254295 -1.17681 4.18063 -0.0197175 -0.00150491
24.65 3.16898 0.25537 -1.178 4.18461 -0.0197144 -0.00150599
24.66 3.17107 0.256431 -1.17917 4.1886 -0.0197112 -0.00150696
24.67 3.17317 0.257477 -1.18031 4.19258 -0.0197079 -0.00150784
24.68 3.17529 0.258506 -1.18144 4.19656 -0.0197044 -0.00150865
24.69 3.17742 0.259518 -1.18255 4.20055 -0.0197008 -0.0015094
24.7 3.17958 0.260512 -1.18364 4.20454 -0.0196971 -0.00151008
24.71 3.18175 0.261489 -1.18471 4.20853 -0.0196932 -0.00151068
24.72 3.18393 0.262448 -1.18577 4.21253 -0.0196892 -0.00151118
24.73 3.18614 0.26339 -1.1868 4.21652 -0.0196851 -0.00151158
24.74 3.18836 0.264316 -1.18781 4.22052 -0.0196808 -0.00151191
24.75 3.19059 0.265227 -1.18881 4.22452 -0.0196763 -0.00151215
24.76 3.19285 0.266123 -1.18979 4.22852 -0.0196717 -0.00151233
24.77 3.19512 0.267008 -1.19075 4.23252 -0.0196669 -0.00151246
24.78 3.19742 0.267882 -1.19169 4.23652 -0.019662 -0.00151253
24.79 3.19973 0.268747 -1.19262 4.24053 -0.0196568 -0.0015125
24.8 3.20205 0.269606 -1.19353 4.24453 -0.0196515 -0.00151238
24.81 3.2044 0.27046 -1.19442 4.24854 -0.019646 -0.00151218
24.82 3.20677 0.271312 -1.1953 4.25255 -0.0196403 -0.00151186
24.83 3.20915 0.272163 -1.19616 4.25656 -0.0196345 -0.00151143
24.84 3.21155 0.273015 -1.19701 4.26057 -0.0196285 -0.00151091
24.85 3.21397 0.273869 -1.19784 4.26458 -0.0196223 -0.00151037
24.86 3.21642 0.274726 -1.19866 4.2686 -0.0196158 -0.00150982
24.87 3.21888 0.275588 -1.19946 4.27261 -0.0196092 -0.00150921
24.88 3.22136 0.276455 -1.20025 4.27663 -0.0196024 -0.00150846
24.89 3.22385 0.277328 -1.20103 4.28065 -0.0195954 -0.00150756
24.9 3.22637 0.278207 -1.20178 4.28467 -0.0195882 -0.00150655
24.91 3.22891 0.279091 -1.20252 4.28869 -0.0195808 -0.00150541
24.92 3.23147 0.279981 -1.20325 4.29272 -0.0195733 -0.0015041
24.93 3.23405 0.280874 -1.20396 4.29674 -0.0195656 -0.00150273
24.94 3.23665 0.281769 -1.20465 4.30077 -0.0195577 -0.00150142
24.95 3.23927 0.282665 -1.20533 4.3048 -0.0195495 -0.00150008
24.96 3.24191 0.283561 -1.20598 4.30884 -0.0195411 -0.00149861
24.97 3.24457 0.284454 -1.20662 4.31287 -0.0195326 -0.00149693
24.98 3.24725 0.285343 -1.20725 4.31691 -0.0195239 -0.00149509
24.99 3.24994 0.286225 -1.20785 4.32095 -0.019515 -0.00149318
25 3.25266 0.287098 -1.20843 4.32499 -0.0195058 -0.00149125
25.01 3.2554 0.287959 -1.209 4.32903 -0.0194965 -0.00148927
25.02 3.25817 0.288808 -1.20954 4.33307 -0.019487 -0.00148717
25.03 3.26095 0.289643 -1.21007 4.33712 -0.0194773 -0.00148491
25.04 3.26375 0.290461 -1.21057 4.34117 -0.0194674 -0.00148247
25.05 3.26657 0.291262 -1.21105 4.34522 -0.0194573 -0.00147986
25.06 3.26941 0.292044 -1.21152 4.34928 -0.019447 -0.0014772
25.07 3.27227 0.292806 -1.21196 4.35333 -0.0194365 -0.0014746
25.08 3.27516 0.293547 -1.21238 4.35739 -0.0194257 -0.00147202
25.09 3.27806 0.294268 -1.21279 4.36145 -0.0194146 -0.00146932
25.1 3.28099 0.294969 -1.21317 4.36551 -0.0194034 -0.00146639
25.11 3.28394 0.295652 -1.21353 4.36957 -0.0193919 -0.00146329
25.12 3.28691 0.296315 -1.21388 4.37364 -0.0193802 -0.0014601
25.13 3.2899 0.296961 -1.2142 4.3777 -0.0193683 -0.00145691
25.14 3.29291 0.29759 -1.21451 4.38177 -0.0193561 -0.00145368
25.15 3.29594 0.298205 -1.2148 4.38584 -0.0193437 -0.00145037
25.16 3.299 0.298807 -1.21507 4.38991 -0.0193311 -0.00144689
25.17 3.30207 0.2994 -1.21532 4.39398 -0.0193182 -0.00144322
25.18 3.30517 0.299984 -1.21556 4.39805 -0.0193051 -0.00143939
25.19 3.3083 0.300561 -1.21578 4.40213 -0.0192918 -0.00143551
25.2 3.31144 0.301134 -1.21598 4.4062 -0.0192781 -0.00143163
25.21 3.31461 0.301703 -1.21617 4.41028 -0.0192642 -0.0014277
25.22 3.3178 0.302272 -1.21634 4.41436 -0.0192501 -0.00142366
25.23 3.32102 0.302842 -1.21649 4.41844 -0.0192357 -0.00141945
25.24 3.32426 0.303414 -1.21663 4.42252 -0.019221 -0.00141512
25.25 3.32752 0.303989 -1.21676 4.4266 -0.0192062 -0.00141066
25.26 3.33081 0.304568 -1.21687 4.43069 -0.019191 -0.00140606
25.27 3.33412 0.305151 -1.21696 4.43478 -0.0191757 -0.00140129
25.28 3.33745 0.305739 -1.21703 4.43886 -0.0191601 -0.00139636
25.29 3.34081 0.306331 -1.21709 4.44295 -0.0191444 -0.00139133
25.3 3.3442 0.306926 -1.21714 4.44705 -0.0191283 -0.00138621
25.31 3.3476 0.307523 -1.21716 4.45114 -0.0191121 -0.00138102
25.32 3.35104 0.308121 -1.21717 4.45524 -0.0190956 -0.00137573
25.33 3.35449 0.308719 -1.21717 4.45933 -0.0190789 -0.00137026
25.34 3.35797 0.309315 -1.21714 4.46344 -0.019062 -0.00136458
25.35 3.36148 0.309907 -1.2171 4.46754 -0.0190448 -0.00135871
25.36 3.36501 0.310493 -1.21703 4.47164 -0.0190274 -0.0013527
25.37 3.36857 0.311071 -1.21695 4.47575 -0.0190099 -0.00134663
25.38 3.37215 0.311637 -1.21685 4.47986 -0.0189921 -0.00134049
25.39 3.37575 0.312192 -1.21673 4.48397 -0.0189741 -0.00133422
25.4 3.37938 0.312732 -1.21658 4.48808 -0.0189558 -0.00132775
25.41 3.38304 0.313256 -1.21642 4.4922 -0.0189374 -0.00132104
25.42 3.38671 0.313762 -1.21624 4.49632 -0.0189187 -0.00131413
25.43 3.39042 0.31425 -1.21603 4.50044 -0.0188998 -0.00130704
25.44 3.39415 0.314716 -1.21581 4.50456 -0.0188807 -0.00129987
25.45 3.3979 0.315161 -1.21557 4.50868 -0.0188614 -0.00129265
25.46 3.40168 0.315585 -1.2153 4.51281 -0.0188418 -0.00128537
25.47 3.40549 0.315986 -1.21502 4.51693 -0.018822 -0.00127792
25.48 3.40932 0.316367 -1.21471 4.52106 -0.0188019 -0.00127023
25.49 3.41317 0.316728 -1.21438 4.52519 -0.0187816 -0.0012623
25.5 3.41705 0.317069 -1.21404 4.52933 -0.0187611 -0.0012542
25.51 3.42096 0.317392 -1.21367 4.53346 -0.0187403 -0.00124603
25.52 3.42489 0.317697 -1.21329 4.5376 -0.0187192 -0.00123779
25.53 3.42885 0.317986 -1.21289 4.54173 -0.0186979 -0.00122947
25.54 3.43283 0.318262 -1.21247 4.54587 -0.0186764 -0.001221
25.55 3.43684 0.318528 -1.21203 4.55001 -0.0186545 -0.00121235
25.56 3.44088 0.318784 -1.21158 4.55415 -0.0186325 -0.00120351
25.57 3.44494 0.319034 -1.21111 4.55829 -0.0186102 -0.00119448
25.58 3.44903 0.31928 -1.21062 4.56244 -0.0185876 -0.00118528
25.59 3.45314 0.319522 -1.21011 4.56658 -0.0185647 -0.00117595
25.6 3.45729 0.319763 -1.20959 4.57073 -0.0185417 -0.00116655
25.61 3.46145 0.320004 -1.20906 4.57488 -0.0185183 -0.00115709
25.62 3.46565 0.320247 -1.20851 4.57903 -0.0184947 -0.00114756
25.63 3.46987 0.320493 -1.20794 4.58318 -0.0184708 -0.00113788
25.64 3.47412 0.320743 -1.20735 4.58734 -0.0184467 -0.00112799
25.65 3.4784 0.320998 -1.20676 4.59149 -0.0184223 -0.00111789
25.66 3.4827 0.321256 -1.20614 4.59565 -0.0183977 -0.00110764
25.67 3.48703 0.321519 -1.20551 4.59981 -0.0183728 -0.00109732
25.68 3.49138 0.321783 -1.20486 4.60397 -0.0183477 -0.00108697
25.69 3.49577 0.322049 -1.2042 4.60813 -0.0183223 -0.00107658
25.7 3.50018 0.322316 -1.20352 4.6123 -0.0182967 -0.0010661
25.71 3.50461 0.322583 -1.20282 4.61646 -0.0182709 -0.00105546
25.72 3.50908 0.322846 -1.2021 4.62063 -0.0182448 -0.00104463
25.73 3.51357 0.323106 -1.20137 4.62481 -0.0182184 -0.00103366
25.74 3.51808 0.323358 -1.20061 4.62898 -0.0181918 -0.00102259
25.75 3.52263 0.323602 -1.19984 4.63316 -0.018165 -0.00101152
25.76 3.5272 0.323833 -1.19905 4.63733 -0.0181379 -0.00100046
25.77 3.53179 0.324051 -1.19824 4.64151 -0.0181105 -0.000989372
25.78 3.53642 0.324253 -1.19741 4.6457 -0.018083 -0.000978195
25.79 3.54107 0.324439 -1.19657 4.64988 -0.0180551 -0.000966903
25.8 3.54574 0.324606 -1.1957 4.65407 -0.018027 -0.000955488
25.81 3.55044 0.324754 -1.19481 4.65826 -0.0179985 -0.000944007
25.82 3.55517 0.32488 -1.1939 4.66245 -0.0179699 -0.000932492
25.83 3.55992 0.324983 -1.19298 4.66664 -0.0179409 -0.000920993
25.84 3.5647 0.325065 -1.19203 4.67084 -0.0179117 -0.000909513
25.85 3.56951 0.325123 -1.19106 4.67503 -0.0178822 -0.000898025
25.86 3.57434 0.32516 -1.19008 4.67923 -0.0178524 -0.000886486
25.87 3.5792 0.325177 -1.18908 4.68343 -0.0178223 -0.000874867
25.88 3.58409 0.325173 -1.18805 4.68763 -0.0177919 -0.000863173
25.89 3.589 0.325151 -1.18701 4.69184 -0.0177612 -0.000851437
25.9 3.59394 0.325111 -1.18596 4.69604 -0.0177302 -0.000839722
25.91 3.5989 0.325056 -1.18488 4.70025 -0.0176989 -0.000828053
25.92 3.60389 0.324988 -1.18379 4.70445 -0.0176674 -0.000816452
25.93 3.60891 0.324908 -1.18268 4.70866 -0.0176355 -0.000804882
25.94 3.61396 0.324819 -1.18156 4.71287 -0.0176034 -0.000793305
25.95 3.61903 0.324724 -1.18042 4.71708 -0.0175709 -0.00078169
25.96 3.62413 0.324624 -1.17927 4.7213 -0.0175381 -0.000770038
25.97 3.62925 0.324522 -1.1781 4.72551 -0.0175051 -0.000758396
25.98 3.63441 0.324419 -1.17691 4.72973 -0.0174717 -0.000746822
25.99 3.63958 0.324317 -1.17571 4.73395 -0.017438 -0.000735357
26 3.64479 0.324216 -1.1745 4.73817 -0.0174041 -0.000724003
26.01 3.65002 0.324118 -1.17327 4.74239 -0.0173698 -0.000712721
26.02 3.65528 0.324025 -1.17203 4.74661 -0.0173353 -0.000701449
26.03 3.66057 0.323936 -1.17077 4.75084 -0.0173005 -0.000690175
26.04 3.66588 0.323852 -1.1695 4.75506 -0.0172654 -0.000678929
26.05 3.67122 0.323772 -1.16821 4.75929 -0.01723 -0.000667772
26.06 3.67659 0.323694 -1.16691 4.76352 -0.0171943 -0.000656753
26.07 3.68198 0.323618 -1.16559 4.76776 -0.0171584 -0.000645883
26.08 3.68741 0.323542 -1.16425 4.77199 -0.0171222 -0.000635134
26.09 3.69285 0.323465 -1.1629 4.77623 -0.0170857 -0.000624484
26.1 3.69832 0.323386 -1.16154 4.78047 -0.017049 -0.000613899
26.11 3.70382 0.323301 -1.16016 4.78471 -0.017012 -0.000603391
26.12 3.70935 0.32321 -1.15876 4.78895 -0.0169748 -0.000592991
26.13 3.7149 0.323109 -1.15734 4.7932 -0.0169372 -0.000582738
26.14 3.72048 0.322997 -1.15591 4.79745 -0.0168994 -0.000572671
26.15 3.72608 0.322871 -1.15446 4.8017 -0.0168614 -0.000562788
26.16 3.73171 0.322729 -1.15299 4.80595 -0.0168231 -0.000553068
26.17 3.73736 0.322569 -1.15151 4.8102 -0.0167845 -0.000543472
26.18 3.74304 0.322391 -1.15 4.81446 -0.0167457 -0.000533982
26.19 3.74875 0.322193 -1.14848 4.81872 -0.0167066 -0.000524598
26.2 3.75448 0.321974 -1.14694 4.82298 -0.0166672 -0.000515363
26.21 3.76023 0.321733 -1.14538 4.82724 -0.0166276 -0.000506312
26.22 3.76601 0.32147 -1.14381 4.83151 -0.0165876 -0.000497476
26.23 3.77182 0.321185 -1.14222 4.83577 -0.0165475 -0.000488853
26.24 3.77765 0.320878 -1.14061 4.84004 -0.0165071 -0.000480406
26.25 3.78351 0.320551 -1.13898 4.84431 -0.0164664 -0.000472097
26.26 3.78939 0.320205 -1.13734 4.84858 -0.0164255 -0.000463901
26.27 3.7953 0.319841 -1.13568 4.85285 -0.0163842 -0.000455825
26.28 3.80123 0.319461 -1.13401 4.85713 -0.0163427 -0.000447913
26.29 3.80719 0.319067 -1.13232 4.8614 -0.0163009 -0.000440221
26.3 3.81317 0.318661 -1.13062 4.86568 -0.0162589 -0.000432775
26.31 3.81918 0.318244 -1.1289 4.86996 -0.0162167 -0.000425562
26.32 3.82522 0.31782 -1.12717 4.87424 -0.0161742 -0.000418528
26.33 3.83128 0.317391 -1.12543 4.87852 -0.0161315 -0.00041163
26.34 3.83736 0.316959 -1.12367 4.8828 -0.0160885 -0.00040486
26.35 3.84347 0.316526 -1.1219 4.88708 -0.0160453 -0.000398242
26.36 3.84961 0.316094 -1.12012 4.89137 -0.0160018 -0.000391829
26.37 3.85577 0.315663 -1.11832 4.89566 -0.0159581 -0.000385658
26.38 3.86196 0.315237 -1.11651 4.89995 -0.0159142 -0.000379738
26.39 3.86817 0.314815 -1.11469 4.90424 -0.01587 -0.000374047
26.4 3.8744 0.314398 -1.11286 4.90853 -0.0158257 -0.000368545
26.41 3.88066 0.313987 -1.11101 4.91282 -0.0157812 -0.000363193
26.42 3.88695 0.313582 -1.10915 4.91712 -0.0157364 -0.000357995
26.43 3.89326 0.313182 -1.10728 4.92142 -0.0156915 -0.000352974
26.44 3.89959 0.312787 -1.1054 4.92572 -0.0156463 -0.000348184
26.45 3.90595 0.312394 -1.10351 4.93002 -0.015601 -0.00034367
26.46 3.91233 0.312003 -1.1016 4.93433 -0.0155554 -0.000339424
26.47 3.91873 0.311611 -1.09967 4.93863 -0.0155098 -0.000335413
26.48 3.92516 0.311218 -1.09774 4.94294 -0.0154639 -0.000331588
26.49 3.93161 0.310822 -1.09578 4.94725 -0.0154178 -0.000327923
26.5 3.93809 0.310419 -1.09382 4.95157 -0.0153716 -0.000324425
26.51 3.94459 0.310009 -1.09184 4.95588 -0.0153252 -0.000321133
26.52 3.95111 0.309588 -1.08984 4.9602 -0.0152786 -0.000318083
26.53 3.95765 0.309154 -1.08783 4.96452 -0.0152318 -0.000315307
26.54 3.96422 0.308706 -1.08581 4.96884 -0.0151849 -0.000312789
26.55 3.9708 0.308242 -1.08377 4.97317 -0.0151379 -0.000310487
26.56 3.97741 0.307761 -1.08171 4.97749 -0.0150906 -0.000308354
26.57 3.98405 0.307262 -1.07964 4.98182 -0.0150432 -0.000306363
26.58 3.9907 0.306743 -1.07755 4.98615 -0.0149956 -0.00030453
26.59 3.99737 0.306205 -1.07545 4.99048 -0.0149479 -0.000302902
26.6 4.00407 0.305646 -1.07333 4.99482 -0.0149 -0.000301511
26.61 4.01079 0.305068 -1.0712 4.99915 -0.0148519 -0.000300364
26.62 4.01753 0.30447 -1.06905 5.00349 -0.0148037 -0.000299429
26.63 4.02429 0.303855 -1.06689 5.00782 -0.0147554 -0.000298657
26.64 4.03107 0.303223 -1.06472 5.01217 -0.0147068 -0.00029802
26.65 4.03787 0.302576 -1.06253 5.01651 -0.0146582 -0.000297504
26.66 4.04469 0.301916 -1.06033 5.02085 -0.0146093 -0.000297132
26.67 4.05154 0.301244 -1.05812 5.0252 -0.0145603 -0.000296937
26.68 4.0584 0.300564 -1.05589 5.02954 -0.0145112 -0.00029695
26.69 4.06529 0.299876 -1.05366 5.03389 -0.0144619 -0.000297174
26.7 4.07219 0.299185 -1.05141 5.03824 -0.0144125 -0.000297586
26.71 4.07912 0.298491 -1.04915 5.04259 -0.014363 -0.000298127
26.72 4.08606 0.297797 -1.04688 5.04694 -0.0143133 -0.000298767
26.73 4.09303 0.297106 -1.0446 5.05129 -0.0142636 -0.000299506
26.74 4.10001 0.296419 -1.04231 5.05565 -0.0142136 -0.000300375
26.75 4.10702 0.295737 -1.04002 5.06 -0.0141636 -0.000301426
26.76 4.11404 0.295061 -1.03771 5.06436 -0.0141135 -0.000302674
26.77 4.12109 0.294393 -1.03539 5.06872 -0.0140632 -0.00030411
26.78 4.12815 0.293733 -1.03307 5.07308 -0.0140129 -0.0003057
26.79 4.13523 0.293082 -1.03073 5.07745 -0.0139625 -0.000307406
26.8 4.14233 0.29244 -1.02838 5.08181 -0.013912 -0.000309206
26.81 4.14945 0.291805 -1.02603 5.08618 -0.0138614 -0.000311111
26.82 4.15659 0.291178 -1.02367 5.09055 -0.0138106 -0.000313146
26.83 4.16374 0.290555 -1.02129 5.09492 -0.0137598 -0.000315355
26.84 4.17092 0.289937 -1.01891 5.0993 -0.0137089 -0.00031776
26.85 4.17811 0.289321 -1.01651 5.10367 -0.013658 -0.000320344
26.86 4.18531 0.288706 -1.01411 5.10805 -0.013607 -0.000323055
26.87 4.19253 0.28809 -1.01169 5.11243 -0.0135559 -0.000325851
26.88 4.19977 0.28747 -1.00926 5.11681 -0.0135048 -0.000328716
26.89 4.20703 0.286845 -1.00682 5.1212 -0.0134535 -0.00033168
26.9 4.2143 0.286212 -1.00437 5.12559 -0.0134022 -0.000334778
26.91 4.22159 0.285569 -1.00191 5.12998 -0.0133508 -0.000338032
26.92 4.22889 0.284915 -0.999439 5.13437 -0.0132993 -0.000341442
26.93 4.23621 0.284247 -0.996954 5.13876 -0.0132478 -0.000344965
26.94 4.24354 0.283564 -0.994456 5.14315 -0.0131962 -0.00034857
26.95 4.25089 0.282867 -0.991947 5.14755 -0.0131446 -0.000352216
26.96 4.25825 0.282154 -0.989426 5.15195 -0.0130928 -0.000355912
26.97 4.26562 0.281424 -0.986893 5.15635 -0.013041 -0.000359665
26.98 4.27302 0.280677 -0.984349 5.16075 -0.0129891 -0.000363514
26.99 4.28042 0.279914 -0.981793 5.16516 -0.0129372 -0.000367461
27 4.28784 0.279135 -0.979227 5.16956 -0.0128852 -0.000371507
27.01 4.29527 0.278342 -0.97665 5.17397 -0.0128331 -0.000375612
27.02 4.30272 0.277536 -0.974062 5.17837 -0.012781 -0.000379737
27.03 4.31018 0.276719 -0.971464 5.18279 -0.0127288 -0.000383866
27.04 4.31765 0.275893 -0.968857 5.1872 -0.0126765 -0.000387992
27.05 4.32514 0.27506 -0.966241 5.19161 -0.0126242 -0.000392149
27.06 4.33264 0.274221 -0.963617 5.19602 -0.0125718 -0.000396352
27.07 4.34015 0.273379 -0.960984 5.20044 -0.0125194 -0.000400625
27.08 4.34768 0.272537 -0.958344 5.20486 -0.012467 -0.000404942
27.09 4.35522 0.271696 -0.955696 5.20928 -0.0124145 -0.00040929
27.1 4.36277 0.270859 -0.953041 5.2137 -0.012362 -0.000413618
27.11 4.37033 0.270029 -0.950379 5.21812 -0.0123094 -0.000417924
27.12 4.37791 0.269205 -0.947711 5.22254 -0.0122568 -0.000422209
27.13 4.3855 0.268391 -0.945037 5.22697 -0.0122042 -0.000426511
27.14 4.3931 0.267587 -0.942356 5.23139 -0.0121516 -0.000430852
27.15 4.40071 0.266793 -0.93967 5.23582 -0.0120989 -0.000435241
27.16 4.40833 0.266011 -0.936978 5.24025 -0.0120463 -0.000439667
27.17 4.41597 0.26524 -0.93428 5.24469 -0.0119937 -0.000444097
27.18 4.42361 0.264481 -0.931576 5.24912 -0.011941 -0.000448513
27.19 4.43127 0.263733 -0.928867 5.25356 -0.0118883 -0.000452893
27.2 4.43893 0.262994 -0.926151 5.258 -0.0118356 -0.000457268
27.21 4.44661 0.262264 -0.923429 5.26244 -0.0117829 -0.000461647
27.22 4.4543 0.26154 -0.9207 5.26688 -0.0117302 -0.000466082
27.23 4.46199 0.260822 -0.917965 5.27132 -0.0116775 -0.000470555
27.24 4.4697 0.260107 -0.915223 5.27577 -0.0116248 -0.000475056
27.25 4.47741 0.259393 -0.912474 5.28022 -0.0115721 -0.00047953
27.26 4.48514 0.258679 -0.909718 5.28467 -0.0115194 -0.000483961
27.27 4.49287 0.257961 -0.906953 5.28912 -0.0114667 -0.000488345
27.28 4.50061 0.257239 -0.904182 5.29358 -0.011414 -0.000492714
27.29 4.50836 0.25651 -0.901402 5.29804 -0.0113614 -0.000497097
27.3 4.51612 0.255772 -0.898614 5.3025 -0.0113087 -0.000501491
27.31 4.52389 0.255023 -0.895818 5.30696 -0.0112561 -0.000505894
27.32 4.53166 0.254263 -0.893015 5.31142 -0.0112034 -0.000510255
27.33 4.53944 0.253491 -0.890203 5.31589 -0.0111508 -0.000514569
27.34 4.54723 0.252706 -0.887383 5.32035 -0.0110982 -0.000518799
27.35 4.55503 0.251908 -0.884555 5.32482 -0.0110457 -0.000522974
27.36 4.56283 0.251097 -0.881719 5.32929 -0.0109931 -0.000527091
27.37 4.57065 0.250272 -0.878876 5.33376 -0.0109405 -0.000531189
27.38 4.57847 0.249436 -0.876027 5.33824 -0.010888 -0.000535251
27.39 4.58629 0.248588 -0.87317 5.34271 -0.0108355 -0.00053928
27.4 4.59413 0.247731 -0.870307 5.34719 -0.010783 -0.000543236
27.41 4.60197 0.246866 -0.867438 5.35166 -0.0107306 -0.000547096
27.42 4.60982 0.245996 -0.864563 5.35614 -0.0106782 -0.000550855
27.43 4.61767 0.245122 -0.861683 5.36063 -0.0106258 -0.000554515
27.44 4.62553 0.244246 -0.858798 5.36511 -0.0105734 -0.000558126
27.45 4.6334 0.24337 -0.85591 5.36959 -0.0105211 -0.000561684
27.46 4.64128 0.242496 -0.853017 5.37408 -0.0104689 -0.000565217
27.47 4.64916 0.241628 -0.850121 5.37856 -0.0104167 -0.000568675
27.48 4.65705 0.240766 -0.847221 5.38305 -0.0103645 -0.000572067
27.49 4.66494 0.239913 -0.844319 5.38754 -0.0103124 -0.000575345
27.5 4.67284 0.23907 -0.841414 5.39203 -0.0102604 -0.000578545
27.51 4.68075 0.238238 -0.838507 5.39653 -0.0102084 -0.000581666
27.52 4.68866 0.237419 -0.835598 5.40102 -0.0101564 -0.000584747
27.53 4.69658 0.236613 -0.832687 5.40552 -0.0101046 -0.000587805
27.54 4.7045 0.23582 -0.829774 5.41002 -0.0100527 -0.000590833
27.55 4.71243 0.235041 -0.826859 5.41452 -0.010001 -0.000593829
27.56 4.72036 0.234275 -0.823942 5.41902 -0.00994932 -0.000596745
27.57 4.7283 0.233521 -0.821023 5.42353 -0.00989772 -0.000599599
27.58 4.73624 0.232779 -0.818102 5.42803 -0.00984614 -0.000602369
27.59 4.74418 0.232047 -0.815178 5.43254 -0.00979466 -0.000605122
27.6 4.75213 0.231323 -0.812252 5.43705 -0.00974322 -0.000607843
27.61 4.76009 0.230606 -0.809323 5.44156 -0.00969188 -0.000610577
27.62 4.76804 0.229894 -0.806391 5.44608 -0.00964059 -0.000613278
27.63 4.776 0.229184 -0.803456 5.4506 -0.00958939 -0.000615947
27.64 4.78396 0.228476 -0.800518 5.45511 -0.00953824 -0.000618551
27.65 4.79193 0.227766 -0.797576 5.45964 -0.00948715 -0.000621088
27.66 4.7999 0.227053 -0.79463 5.46416 -0.00943611 -0.000623577
27.67 4.80787 0.226335 -0.791681 5.46869 -0.00938512 -0.000626022
27.68 4.81585 0.22561 -0.788727 5.47321 -0.00933422 -0.000628468
27.69 4.82382 0.224877 -0.78577 5.47774 -0.00928337 -0.000630879
27.7 4.8318 0.224134 -0.782808 5.48227 -0.00923262 -0.000633282
27.71 4.83979 0.223381 -0.779842 5.4868 -0.0091819 -0.0006356
27.72 4.84777 0.222617 -0.776872 5.49134 -0.00913127 -0.000637863
27.73 4.85576 0.221842 -0.773898 5.49587 -0.00908068 -0.000640022
27.74 4.86375 0.221056 -0.770921 5.50041 -0.00903017 -0.000642137
27.75 4.87174 0.22026 -0.76794 5.50495 -0.00897971 -0.0006442
27.76 4.87974 0.219453 -0.764956 5.50949 -0.00892934 -0.000646244
27.77 4.88773 0.218638 -0.761969 5.51403 -0.00887904 -0.000648256
27.78 4.89573 0.217815 -0.75898 5.51857 -0.00882881 -0.00065021
27.79 4.90374 0.216987 -0.755989 5.52312 -0.00877866 -0.000652101
27.8 4.91174 0.216155 -0.752996 5.52766 -0.00872855 -0.000653887
27.81 4.91975 0.215321 -0.750002 5.53221 -0.00867854 -0.000655622
27.82 4.92776 0.214487 -0.747007 5.53676 -0.00862856 -0.000657276
27.83 4.93577 0.213655 -0.744012 5.54131 -0.00857871 -0.000658941
27.84 4.94378 0.212828 -0.741018 5.54587 -0.0085289 -0.000660565
27.85 4.9518 0.212005 -0.738023 5.55042 -0.00847922 -0.0006622
27.86 4.95982 0.211191 -0.73503 5.55497 -0.00842959 -0.000663773
27.87 4.96784 0.210387 -0.732037 5.55953 -0.00838007 -0.000665309
27.88 4.97586 0.209594 -0.729046 5.56409 -0.00833059 -0.000666781
27.89 4.98388 0.208813 -0.726057 5.56865 -0.0082812 -0.000668222
27.9 4.99191 0.208046 -0.72307 5.57321 -0.00823188 -0.000669665
27.91 4.99993 0.207291 -0.720084 5.57778 -0.00818263 -0.00067111
27.92 5.00796 0.206551 -0.717101 5.58234 -0.00813347 -0.000672603
27.93 5.01599 0.205824 -0.714121 5.58691 -0.00808436 -0.000674082
27.94 5.02402 0.205111 -0.711142 5.59148 -0.00803535 -0.000675596
27.95 5.03205 0.20441 -0.708166 5.59605 -0.00798637 -0.000677057
27.96 5.04008 0.203721 -0.705191 5.60063 -0.00793749 -0.000678541
27.97 5.04811 0.203043 -0.702219 5.6052 -0.00788862 -0.000679998
27.98 5.05614 0.202372 -0.699248 5.60978 -0.00783984 -0.000681519
27.99 5.06417 0.201709 -0.696279 5.61436 -0.0077911 -0.00068307
28 5.07221 0.20105 -0.693311 5.61894 -0.00774244 -0.000684685
28.01 5.08024 0.200395 -0.690345 5.62352 -0.00769382 -0.000686327
28.02 5.08827 0.19974 -0.687379 5.62811 -0.00764526 -0.000687971
28.03 5.0963 0.199084 -0.684414 5.6327 -0.00759675 -0.000689628
28.04 5.10433 0.198426 -0.68145 5.63729 -0.00754826 -0.000691263
28.05 5.11237 0.197762 -0.678486 5.64188 -0.00749985 -0.000692956
28.06 5.1204 0.197093 -0.675523 5.64647 -0.00745144 -0.000694652
28.07 5.12843 0.196415 -0.67256 5.65107 -0.00740312 -0.000696439
28.08 5.13646 0.195728 -0.669597 5.65566 -0.00735481 -0.000698221
28.09 5.1445 0.195031 -0.666635 5.66026 -0.00730657 -0.000700061
28.1 5.15253 0.194324 -0.663672 5.66486 -0.00725835 -0.000701864
28.11 5.16056 0.193607 -0.66071 5.66946 -0.00721019 -0.00070369
28.12 5.1686 0.192879 -0.657749 5.67407 -0.00716207 -0.0007055
28.13 5.17663 0.192141 -0.654788 5.67867 -0.007114 -0.000707339
28.14 5.18467 0.191394 -0.651829 5.68328 -0.00706599 -0.000709223
28.15 5.1927 0.190639 -0.64887 5.68789 -0.00701802 -0.000711133
28.16 5.20074 0.189876 -0.645914 5.69249 -0.00697011 -0.000713098
28.17 5.20877 0.189108 -0.64296 5.6971 -0.00692222 -0.00071504
28.18 5.21681 0.188336 -0.640008 5.70172 -0.00687441 -0.000717023
28.19 5.22485 0.187563 -0.637059 5.70633 -0.0068266 -0.000718965
28.2 5.23289 0.18679 -0.634113 5.71095 -0.00677888 -0.00072097
28.21 5.24093 0.186018 -0.631171 5.71556 -0.00673116 -0.000722975
28.22 5.24897 0.185251 -0.628233 5.72018 -0.00668353 -0.000725076
28.23 5.25701 0.184489 -0.6253 5.7248 -0.00663591 -0.00072721
28.24 5.26505 0.183735 -0.622372 5.72942 -0.00658836 -0.000729417
28.25 5.27309 0.182989 -0.619449 5.73404 -0.00654084 -0.000731651
28.26 5.28113 0.182255 -0.616531 5.73867 -0.00649336 -0.00073391
28.27 5.28917 0.181531 -0.613619 5.7433 -0.00644592 -0.000736217
28.28 5.29721 0.18082 -0.610713 5.74792 -0.0063985 -0.000738563
28.29 5.30525 0.180122 -0.607812 5.75255 -0.00635113 -0.000741028
28.3 5.31329 0.179436 -0.604919 5.75719 -0.00630377 -0.000743552
28.31 5.32133 0.178763 -0.602031 5.76182 -0.00625647 -0.00074621
28.32 5.32937 0.178102 -0.599149 5.76645 -0.00620916 -0.000748894
28.33 5.33741 0.177452 -0.596273 5.77109 -0.00616191 -0.000751687
28.34 5.34545 0.176813 -0.593403 5.77573 -0.00611465 -0.000754498
28.35 5.35349 0.176183 -0.590539 5.78037 -0.00606743 -0.000757422
28.36 5.36153 0.17556 -0.58768 5.78502 -0.00602019 -0.0007604
28.37 5.36957 0.174943 -0.584827 5.78966 -0.00597296 -0.000763493
28.38 5.37761 0.17433 -0.581979 5.79431 -0.00592574 -0.000766687
28.39 5.38565 0.173718 -0.579136 5.79896 -0.00587855 -0.000769978
28.4 5.39369 0.173107 -0.576298 5.80361 -0.00583139 -0.00077337
28.41 5.40173 0.172494 -0.573464 5.80826 -0.00578424 -0.000776791
28.42 5.40977 0.171877 -0.570634 5.81292 -0.00573711 -0.000780307
28.43 5.41781 0.171254 -0.567809 5.81758 -0.00568996 -0.000783841
28.44 5.42585 0.170625 -0.564987 5.82223 -0.00564285 -0.00078751
28.45 5.43389 0.169987 -0.56217 5.82689 -0.00559572 -0.000791221
28.46 5.44193 0.16934 -0.559357 5.83155 -0.00554862 -0.000795067
28.47 5.44997 0.168682 -0.556548 5.83622 -0.00550151 -0.000798937
28.48 5.45801 0.168013 -0.553743 5.84088 -0.00545442 -0.000802891
28.49 5.46606 0.167334 -0.550942 5.84555 -0.00540733 -0.000806862
28.5 5.4741 0.166644 -0.548145 5.85022 -0.00536027 -0.000810889
28.51 5.48214 0.165943 -0.545353 5.85489 -0.00531322 -0.000814976
28.52 5.49019 0.165232 -0.542566 5.85956 -0.00526619 -0.00081912
28.53 5.49824 0.164512 -0.539785 5.86423 -0.00521919 -0.000823367
28.54 5.50629 0.163785 -0.537008 5.8689 -0.00517219 -0.000827643
28.55 5.51434 0.163051 -0.534238 5.87358 -0.00512522 -0.000832017
28.56 5.52239 0.162312 -0.531474 5.87825 -0.00507824 -0.000836382
28.57 5.53044 0.161571 -0.528716 5.88293 -0.00503132 -0.000840846
28.58 5.5385 0.160829 -0.525965 5.88761 -0.00498439 -0.00084531
28.59 5.54655 0.160087 -0.523222 5.89229 -0.00493752 -0.000849888
28.6 5.55461 0.159348 -0.520486 5.89698 -0.00489065 -0.000854502
28.61 5.56267 0.158613 -0.517759 5.90166 -0.0048438 -0.000859224
28.62 5.57072 0.157884 -0.51504 5.90635 -0.00479695 -0.000864003
28.63 5.57879 0.157162 -0.51233 5.91103 -0.0047501 -0.000868849
28.64 5.58685 0.156448 -0.509629 5.91572 -0.00470322 -0.000873757
28.65 5.59491 0.155745 -0.506937 5.92041 -0.00465628 -0.000878684
28.66 5.60297 0.155051 -0.504254 5.92511 -0.00460939 -0.000883721
28.67 5.61104 0.154368 -0.501581 5.9298 -0.00456252 -0.00088881
28.68 5.6191 0.153695 -0.498917 5.9345 -0.0045157 -0.000894062
28.69 5.62717 0.153033 -0.496262 5.9392 -0.00446886 -0.00089935
28.7 5.63524 0.152381 -0.493617 5.9439 -0.00442203 -0.000904769
28.71 5.64331 0.151738 -0.490981 5.9486 -0.00437516 -0.000910194
28.72 5.65138 0.151104 -0.488354 5.9533 -0.00432829 -0.000915722
28.73 5.65945 0.150478 -0.485736 5.95801 -0.00428138 -0.000921284
28.74 5.66752 0.149857 -0.483127 5.96272 -0.00423447 -0.000926936
28.75 5.67559 0.14924 -0.480527 5.96743 -0.00418754 -0.000932664
28.76 5.68366 0.148626 -0.477935 5.97214 -0.00414057 -0.00093846
28.77 5.69174 0.148012 -0.475351 5.97685 -0.00409359 -0.000944355
28.78 5.69981 0.147396 -0.472775 5.98157 -0.00404655 -0.000950277
28.79 5.70789 0.146778 -0.470206 5.98628 -0.00399951 -0.000956291
28.8 5.71597 0.146155 -0.467645 5.991 -0.00395243 -0.000962282
28.81 5.72404 0.145526 -0.465091 5.99572 -0.00390536 -0.000968358
28.82 5.73212 0.144889 -0.462543 6.00045 -0.00385825 -0.000974414
28.83 5.74021 0.144242 -0.460003 6.00517 -0.00381115 -0.000980577
28.84 5.74829 0.143585 -0.45747 6.0099 -0.00376401 -0.000986749
28.85 5.75637 0.142917 -0.454944 6.01462 -0.00371685 -0.000993
28.86 5.76446 0.142237 -0.452425 6.01935 -0.00366967 -0.000999244
28.87 5.77255 0.141546 -0.449912 6.02408 -0.00362248 -0.0010055
28.88 5.78064 0.140842 -0.447407 6.02881 -0.00357528 -0.00101176
28.89 5.78873 0.140127 -0.444909 6.03354 -0.00352809 -0.001018
28.9 5.79683 0.139402 -0.442418 6.03828 -0.00348091 -0.0010243
28.91 5.80493 0.138666 -0.439936 6.04301 -0.00343371 -0.00103059
28.92 5.81303 0.137921 -0.437461 6.04775 -0.00338651 -0.00103695
28.93 5.82113 0.137169 -0.434995 6.05249 -0.00333928 -0.00104326
28.94 5.82923 0.13641 -0.432539 6.05723 -0.00329206 -0.00104963
28.95 5.83734 0.135647 -0.430091 6.06197 -0.00324482 -0.00105594
28.96 5.84545 0.134882 -0.427653 6.06671 -0.00319761 -0.00106228
28.97 5.85356 0.134115 -0.425224 6.07146 -0.00315039 -0.00106859
28.98 5.86167 0.133349 -0.422807 6.07621 -0.00310318 -0.00107495
28.99 5.86979 0.132585 -0.4204 6.08095 -0.00305596 -0.00108132
29 5.8779 0.131825 -0.418004 6.0857 -0.00300871 -0.00108772
29.01 5.88602 0.13107 -0.41562 6.09045 -0.00296145 -0.00109414
29.02 5.89414 0.130322 -0.413247 6.09521 -0.00291416 -0.00110053
29.03 5.90226 0.129581 -0.410886 6.09996 -0.00286688 -0.00110694
29.04 5.91039 0.128849 -0.408537 6.10472 -0.00281952 -0.00111331
29.05 5.91851 0.128125 -0.4062 6.10948 -0.00277209 -0.00111972
29.06 5.92664 0.127409 -0.403875 6.11424 -0.00272464 -0.0011261
29.07 5.93477 0.126702 -0.401563 6.119 -0.00267722 -0.00113258
29.08 5.9429 0.126003 -0.399262 6.12376 -0.00262976 -0.00113904
29.09 5.95103 0.125312 -0.396972 6.12853 -0.0025823 -0.00114555
29.1 5.95917 0.124627 -0.394695 6.1333 -0.00253478 -0.001152
29.11 5.9673 0.123948 -0.392428 6.13807 -0.00248723 -0.00115844
29.12 5.97544 0.123273 -0.390173 6.14284 -0.00243965 -0.00116485
29.13 5.98357 0.122601 -0.387928 6.14761 -0.00239202 -0.00117126
29.14 5.99171 0.12193 -0.385694 6.15239 -0.00234436 -0.00117771
29.15 5.99985 0.121258 -0.383471 6.15716 -0.00229663 -0.00118411
29.16 6.008 0.120583 -0.381258 6.16194 -0.00224885 -0.00119054
29.17 6.01614 0.119905 -0.379054 6.16672 -0.002201 -0.00119689
29.18 6.02429 0.11922 -0.37686 6.1715 -0.00215312 -0.00120324
29.19 6.03244 0.118529 -0.374676 6.17628 -0.00210521 -0.00120949
29.2 6.04059 0.117828 -0.3725 6.18107 -0.00205728 -0.00121575
29.21 6.04874 0.117117 -0.370333 6.18586 -0.00200932 -0.00122193
29.22 6.05689 0.116394 -0.368175 6.19064 -0.00196132 -0.00122812
29.23 6.06505 0.11566 -0.366027 6.19543 -0.00191327 -0.00123426
29.24 6.07321 0.114912 -0.363887 6.20022 -0.00186518 -0.00124036
29.25 6.08137 0.114152 -0.361756 6.20501 -0.00181705 -0.0012464
29.26 6.08953 0.113379 -0.359634 6.20981 -0.00176891 -0.00125235
29.27 6.0977 0.112593 -0.357521 6.2146 -0.00172076 -0.00125826
29.28 6.10587 0.111795 -0.355417 6.2194 -0.00167259 -0.00126407
29.29 6.11404 0.110985 -0.353323 6.2242 -0.00162442 -0.00126989
29.3 6.12221 0.110165 -0.351239 6.229 -0.00157621 -0.00127562
29.31 6.13039 0.109336 -0.349166 6.2338 -0.00152796 -0.00128135
29.32 6.13857 0.108499 -0.347103 6.2386 -0.00147967 -0.00128698
29.33 6.14675 0.107656 -0.34505 6.2434 -0.00143137 -0.00129258
29.34 6.15493 0.106808 -0.343009 6.24821 -0.00138305 -0.00129807
29.35 6.16311 0.105957 -0.340979 6.25302 -0.00133473 -0.00130354
29.36 6.1713 0.105105 -0.338962 6.25783 -0.0012864 -0.00130894
29.37 6.17949 0.104252 -0.336956 6.26264 -0.00123804 -0.00131432
29.38 6.18768 0.103402 -0.334963 6.26745 -0.00118964 -0.00131967
29.39 6.19587 0.102555 -0.332983 6.27226 -0.00114118 -0.00132496
29.4 6.20407 0.101712 -0.331015 6.27708 -0.00109268 -0.00133022
29.41 6.21226 0.100875 -0.329061 6.2819 -0.00104414 -0.00133538
29.42 6.22046 0.100043 -0.32712 6.28672 -0.000995583 -0.00134054
29.43 6.22865 0.0992189 -0.325192 6.29154 -0.000946999 -0.0013456
29.44 6.23685 0.0984012 -0.323277 6.29636 -0.000898389 -0.00135067
29.45 6.24505 0.0975905 -0.321376 6.30119 -0.000849723 -0.00135566
29.46 6.25325 0.0967862 -0.319488 6.30601 -0.000800997 -0.00136068
29.47 6.26145 0.0959881 -0.317613 6.31084 -0.000752204 -0.00136563
29.48 6.26965 0.0951951 -0.315751 6.31567 -0.000703349 -0.00137055
29.49 6.27786 0.0944066 -0.313902 6.3205 -0.000654459 -0.00137537
29.5 6.28606 0.0936211 -0.312065 6.32534 -0.000605531 -0.00138013
29.51 6.29427 0.0928372 -0.310239 6.33017 -0.000556577 -0.00138485
29.52 6.30247 0.0920532 -0.308426 6.33501 -0.00050757 -0.0013895
29.53 6.31068 0.0912674 -0.306625 6.33985 -0.000458509 -0.00139416
29.54 6.31889 0.0904783 -0.304835 6.34469 -0.000409373 -0.00139872
29.55 6.3271 0.089684 -0.303056 6.34953 -0.000360178 -0.00140327
29.56 6.33531 0.0888832 -0.301287 6.35437 -0.000310936 -0.0014077
29.57 6.34352 0.0880739 -0.299529 6.35922 -0.000261673 -0.00141209
29.58 6.35173 0.087255 -0.297781 6.36406 -0.000212395 -0.00141636
29.59 6.35995 0.0864249 -0.296043 6.36891 -0.000163095 -0.00142062
29.6 6.36816 0.0855826 -0.294315 6.37376 -0.000113763 -0.00142479
29.61 6.37638 0.084727 -0.292597 6.37861 -6.43787e-05 -0.00142894
29.62 6.3846 0.0838578 -0.290889 6.38346 -1.49445e-05 -0.00143302
29.63 6.39282 0.0829744 -0.28919 6.38832 3.45379e-05 -0.00143703
29.64 6.40105 0.0820769 -0.287502 6.39317 8.40371e-05 -0.00144098
29.65 6.40927 0.0811655 -0.285823 6.39803 0.000133549 -0.00144483
29.66 6.4175 0.0802405 -0.284155 6.40289 0.000183054 -0.00144864
29.67 6.42573 0.0793027 -0.282496 6.40775 0.000232574 -0.00145237
29.68 6.43396 0.0783528 -0.280849 6.41261 0.00028212 -0.00145611
29.69 6.44219 0.0773922 -0.279212 6.41747 0.000331715 -0.00145976
29.7 6.45042 0.076422 -0.277587 6.42233 0.00038136 -0.00146341
29.71 6.45866 0.0754439 -0.275974 6.4272 0.000431037 -0.00146696
29.72 6.46689 0.0744594 -0.274371 6.43207 0.000480734 -0.00147048
29.73 6.47513 0.0734702 -0.272781 6.43694 0.000530429 -0.00147393
29.74 6.48337 0.0724777 -0.271204 6.44181 0.000580141 -0.00147737
29.75 6.49161 0.0714835 -0.269638 6.44668 0.000629863 -0.00148081
29.76 6.49985 0.0704891 -0.268086 6.45155 0.000679637 -0.00148427
29.77 6.50809 0.0694961 -0.266547 6.45643 0.000729472 -0.0014877
29.78 6.51633 0.0685062 -0.265022 6.4613 0.00077938 -0.00149101
29.79 6.52458 0.0675201 -0.263509 6.46618 0.000829335 -0.00149427
29.8 6.53282 0.0665387 -0.262011 6.47106 0.000879323 -0.00149747
29.81 6.54106 0.0655621 -0.260525 6.47595 0.000929334 -0.00150075
29.82 6.54931 0.064591 -0.259053 6.48083 0.00097937 -0.00150399
29.83 6.55755 0.0636254 -0.257595 6.48572 0.00102946 -0.00150725
29.84 6.56579 0.0626655 -0.25615 6.49061 0.00107962 -0.00151042
29.85 6.57404 0.0617105 -0.254718 6.4955 0.00112986 -0.0015136
29.86 6.58228 0.0607596 -0.253299 6.50039 0.00118017 -0.00151674
29.87 6.59053 0.0598119 -0.251893 6.50528 0.00123053 -0.00151989
29.88 6.59877 0.0588663 -0.250499 6.51018 0.00128092 -0.00152302
29.89 6.60701 0.0579215 -0.249117 6.51507 0.00133134 -0.0015261
29.9 6.61526 0.056976 -0.247747 6.51997 0.00138179 -0.00152916
29.91 6.6235 0.0560282 -0.246389 6.52487 0.0014323 -0.00153217
29.92 6.63175 0.0550762 -0.245042 6.52977 0.00148289 -0.00153522
29.93 6.64 0.0541186 -0.243706 6.53467 0.00153355 -0.00153821
29.94 6.64824 0.0531536 -0.242381 6.53958 0.00158427 -0.00154122
29.95 6.65649 0.0521797 -0.241066 6.54448 0.00163502 -0.00154414
29.96 6.66474 0.0511954 -0.239761 6.54939 0.00168579 -0.00154706
29.97 6.67299 0.0501994 -0.238466 6.5543 0.00173656 -0.00154991
29.98 6.68124 0.0491905 -0.237181 6.55921 0.00178737 -0.00155279
29.99 6.68949 0.0481676 -0.235906 6.56412 0.00183822 -0.00155566
30 6.69774 0.0471299 -0.234641 6.56903 0.00188912 -0.00155862
30.01 6.70599 0.046077 -0.233386 6.57395 0.00194006 -0.00156164
30.02 6.71425 0.0450094 -0.232141 6.57886 0.00199105 -0.00156456
30.03 6.7225 0.0439277 -0.230906 6.58378 0.00204206 -0.00156731
30.04 6.73076 0.0428319 -0.229681 6.5887 0.00209308 -0.00156994
30.05 6.73902 0.0417219 -0.228466 6.59362 0.00214411 -0.00157267
30.06 6.74728 0.0405985 -0.227262 6.59854 0.00219518 -0.00157549
30.07 6.75554 0.0394629 -0.226069 6.60346 0.00224632 -0.00157841
30.08 6.7638 0.0383169 -0.224888 6.60839 0.00229749 -0.00158125
30.09 6.77206 0.0371621 -0.223717 6.61331 0.00234874 -0.00158406
30.1 6.78032 0.0359999 -0.222559 6.61824 0.0024 -0.0015868
30.11 6.78859 0.0348314 -0.221412 6.62317 0.00245129 -0.00158962
30.12 6.79685 0.0336585 -0.220277 6.6281 0.00250259 -0.00159248
30.13 6.80512 0.0324827 -0.219154 6.63303 0.00255394 -0.00159539
30.14 6.81338 0.0313059 -0.218044 6.63797 0.00260533 -0.0015983
30.15 6.82165 0.0301295 -0.216948 6.6429 0.00265681 -0.00160119
30.16 6.82991 0.0289548 -0.215864 6.64784 0.00270838 -0.00160413
30.17 6.83817 0.0277828 -0.214794 6.65278 0.00276001 -0.00160707
30.18 6.84644 0.0266144 -0.213736 6.65772 0.00281169 -0.00161009
30.19 6.8547 0.0254505 -0.212691 6.66266 0.00286341 -0.00161307
30.2 6.86296 0.0242915 -0.21166 6.66761 0.00291517 -0.00161611
30.21 6.87123 0.0231376 -0.210641 6.67256 0.00296697 -0.00161911
30.22 6.87949 0.0219886 -0.209635 6.67751 0.00301888 -0.00162219
30.23 6.88775 0.0208441 -0.208643 6.68245 0.00307087 -0.00162527
30.24 6.89601 0.0197034 -0.207662 6.68741 0.00312296 -0.00162841
30.25 6.90427 0.0185659 -0.206694 6.69236 0.00317512 -0.00163153
30.26 6.91253 0.0174303 -0.205738 6.69731 0.00322733 -0.00163466
30.27 6.92079 0.0162955 -0.204792 6.70227 0.00327956 -0.00163778
30.28 6.92905 0.0151595 -0.203858 6.70723 0.00333182 -0.00164099
30.29 6.93731 0.0140207 -0.202935 6.71219 0.00338413 -0.00164438
30.3 6.94557 0.0128782 -0.202023 6.71715 0.00343653 -0.00164774
30.31 6.95383 0.0117308 -0.201121 6.72211 0.00348904 -0.00165097
30.32 6.96209 0.0105769 -0.200229 6.72708 0.00354162 -0.00165402
30.33 6.97035 0.00941393 -0.199347 6.73204 0.00359427 -0.00165717
30.34 6.97861 0.00824017 -0.198474 6.73701 0.00364693 -0.00166041
30.35 6.98688 0.00705421 -0.197611 6.74198 0.00369965 -0.0016638
30.36 6.99514 0.00585565 -0.196757 6.74695 0.00375237 -0.00166713
30.37 7.0034 0.00464357 -0.195912 6.75192 0.00380516 -0.00167041
30.38 7.01167 0.00341723 -0.195076 6.75689 0.00385801 -0.00167365
30.39 7.01993 0.00217562 -0.194249 6.76186 0.00391095 -0.00167695
30.4 7.0282 0.00091849 -0.193432 6.76684 0.00396395 -0.00168033
30.41 7.03647 -0.000353953 -0.192623 6.77181 0.004017 -0.00168375
30.42 7.04473 -0.00164113 -0.191824 6.77679 0.00407007 -0.00168717
30.43 7.053 -0.00294224 -0.191035 6.78177 0.00412316 -0.00169052
30.44 7.06127 -0.00425671 -0.190255 6.78675 0.00417632 -0.00169393
30.45 7.06954 -0.00558342 -0.189485 6.79173 0.00422952 -0.00169735
30.46 7.07781 -0.00692137 -0.188726 6.79671 0.00428286 -0.00170088
30.47 7.08608 -0.00826872 -0.187977 6.8017 0.00433625 -0.00170439
30.48 7.09434 -0.00962408 -0.18724 6.80669 0.00438975 -0.00170795
30.49 7.10261 -0.0109855 -0.186513 6.81167 0.00444327 -0.00171148
30.5 7.11088 -0.0123515 -0.185798 6.81667 0.00449685 -0.00171504
30.51 7.11915 -0.0137202 -0.185093 6.82166 0.00455048 -0.00171863
30.52 7.12742 -0.0150903 -0.184401 6.82665 0.00460419 -0.00172227
30.53 7.13568 -0.0164601 -0.183721 6.83165 0.00465801 -0.00172595
30.54 7.14395 -0.017828 -0.183054 6.83664 0.00471194 -0.00172963
30.55 7.15221 -0.0191929 -0.182398 6.84164 0.00476599 -0.00173336
30.56 7.16048 -0.0205537 -0.181755 6.84664 0.0048201 -0.00173706
30.57 7.16874 -0.0219098 -0.181124 6.85164 0.0048743 -0.00174082
30.58 7.177 -0.0232604 -0.180504 6.85665 0.00492852 -0.00174455
30.59 7.18526 -0.0246055 -0.179897 6.86166 0.00498286 -0.00174834
30.6 7.19352 -0.0259448 -0.179302 6.86666 0.00503726 -0.00175211
30.61 7.20178 -0.027279 -0.178718 6.87167 0.0050918 -0.00175592
30.62 7.21004 -0.0286082 -0.178146 6.87668 0.00514644 -0.00175971
30.63 7.2183 -0.0299336 -0.177586 6.88169 0.00520121 -0.00176353
30.64 7.22655 -0.0312564 -0.177036 6.88671 0.00525602 -0.0017674
30.65 7.23481 -0.0325779 -0.176496 6.89172 0.00531087 -0.00177136
30.66 7.24307 -0.0338991 -0.175966 6.89674 0.0053658 -0.00177532
30.67 7.25132 -0.0352207 -0.175446 6.90176 0.00542078 -0.00177908
30.68 7.25958 -0.0365447 -0.174936 6.90678 0.00547588 -0.00178276
30.69 7.26783 -0.0378733 -0.174435 6.9118 0.00553107 -0.00178644
30.7 7.27609 -0.0392089 -0.173943 6.91682 0.0055864 -0.00179029
30.71 7.28435 -0.0405526 -0.17346 6.92184 0.00564179 -0.00179415
30.72 7.2926 -0.0419057 -0.172985 6.92687 0.00569726 -0.00179801
30.73 7.30086 -0.043269 -0.172518 6.9319 0.00575273 -0.00180173
30.74 7.30911 -0.0446443 -0.17206 6.93692 0.00580827 -0.00180542
30.75 7.31737 -0.0460326 -0.171609 6.94195 0.00586386 -0.0018091
30.76 7.32563 -0.047435 -0.171166 6.94698 0.00591957 -0.00181285
30.77 7.33388 -0.0488517 -0.170731 6.95201 0.00597539 -0.00181663
30.78 7.34214 -0.0502829 -0.170304 6.95704 0.0060313 -0.00182036
30.79 7.3504 -0.0517285 -0.169885 6.96208 0.00608731 -0.00182406
30.8 7.35866 -0.053188 -0.169474 6.96711 0.00614335 -0.00182769
30.81 7.36691 -0.0546611 -0.169072 6.97215 0.00619946 -0.00183135
30.82 7.37517 -0.0561468 -0.168677 6.97719 0.00625561 -0.00183498
30.83 7.38342 -0.0576442 -0.168291 6.98223 0.00631191 -0.00183867
30.84 7.39168 -0.0591516 -0.167915 6.98727 0.00636827 -0.00184228
30.85 7.39994 -0.0606677 -0.167547 6.99232 0.00642482 -0.00184591
30.86 7.40819 -0.0621907 -0.167189 6.99736 0.00648144 -0.00184949
30.87 7.41644 -0.0637191 -0.166841 7.00241 0.00653818 -0.00185307
30.88 7.4247 -0.0652511 -0.166502 7.00746 0.00659498 -0.00185663
30.89 7.43295 -0.0667848 -0.166173 7.01251 0.00665187 -0.00186018
30.9 7.4412 -0.0683186 -0.165854 7.01756 0.00670885 -0.00186371
30.91 7.44944 -0.0698506 -0.165546 7.02261 0.00676596 -0.00186719
30.92 7.45769 -0.0713796 -0.165249 7.02767 0.00682323 -0.00187069
30.93 7.46594 -0.0729041 -0.164962 7.03272 0.00688062 -0.00187414
30.94 7.47418 -0.0744233 -0.164686 7.03778 0.00693818 -0.0018776
30.95 7.48242 -0.0759359 -0.16442 7.04284 0.00699578 -0.00188098
30.96 7.49066 -0.0774416 -0.164165 7.0479 0.00705352 -0.00188436
30.97 7.4989 -0.0789398 -0.163919 7.05297 0.0071113 -0.00188765
30.98 7.50714 -0.0804308 -0.163685 7.05803 0.00716924 -0.00189095
30.99 7.51537 -0.0819145 -0.16346 7.0631 0.00722728 -0.00189419
31 7.5236 -0.0833917 -0.163245 7.06817 0.00728549 -0.00189741
31.01 7.53183 -0.084863 -0.16304 7.07324 0.00734383 -0.00190058
31.02 7.54006 -0.0863296 -0.162844 7.07831 0.00740228 -0.00190368
31.03 7.54829 -0.0877926 -0.162657 7.08338 0.00746081 -0.00190674
31.04 7.55652 -0.0892535 -0.162478 7.08846 0.0075194 -0.00190971
31.05 7.56474 -0.0907138 -0.162307 7.09353 0.00757811 -0.00191267
31.06 7.57297 -0.092175 -0.162144 7.09861 0.00763688 -0.00191553
31.07 7.58119 -0.0936391 -0.16199 7.10369 0.00769584 -0.00191839
31.08 7.58941 -0.0951076 -0.161842 7.10877 0.00775488 -0.00192114
31.09 7.59763 -0.0965822 -0.161702 7.11385 0.00781408 -0.00192387
31.1 7.60585 -0.0980644 -0.161568 7.11893 0.00787333 -0.00192649
31.11 7.61406 -0.0995558 -0.161441 7.12401 0.00793269 -0.00192908
31.12 7.62228 -0.101057 -0.16132 7.1291 0.00799208 -0.00193157
31.13 7.63049 -0.10257 -0.161205 7.13418 0.00805157 -0.00193407
31.14 7.6387 -0.104096 -0.161097 7.13927 0.00811116 -0.00193659
31.15 7.64692 -0.105634 -0.160994 7.14436 0.00817089 -0.00193903
31.16 7.65513 -0.107184 -0.160898 7.14945 0.00823077 -0.0019413
31.17 7.66333 -0.108746 -0.160809 7.15454 0.00829073 -0.0019434
31.18 7.67154 -0.110321 -0.160726 7.15963 0.00835084 -0.00194549
31.19 7.67975 -0.111908 -0.160648 7.16472 0.00841098 -0.00194757
31.2 7.68795 -0.113506 -0.160578 7.16982 0.00847126 -0.00194968
31.21 7.69615 -0.115113 -0.160514 7.17492 0.0085316 -0.00195166
31.22 7.70436 -0.116728 -0.160458 7.18002 0.00859211 -0.00195356
31.23 7.71255 -0.11835 -0.160408 7.18512 0.0086527 -0.0019553
31.24 7.72075 -0.119977 -0.160367 7.19022 0.00871348 -0.00195703
31.25 7.72894 -0.121607 -0.160333 7.19532 0.00877437 -0.00195876
31.26 7.73713 -0.123239 -0.160307 7.20043 0.00883535 -0.00196049
31.27 7.74532 -0.124871 -0.160288 7.20553 0.00889637 -0.00196214
31.28 7.75351 -0.1265 -0.160277 7.21064 0.00895749 -0.00196366
31.29 7.76169 -0.128124 -0.160275 7.21575 0.00901883 -0.00196509
31.3 7.76987 -0.129743 -0.160282 7.22087 0.00908029 -0.00196643
31.31 7.77804 -0.131355 -0.160298 7.22598 0.00914198 -0.00196779
31.32 7.78621 -0.132959 -0.160321 7.23109 0.00920375 -0.00196908
31.33 7.79438 -0.134554 -0.160354 7.23621 0.00926569 -0.00197032
31.34 7.80255 -0.136139 -0.160394 7.24133 0.00932765 -0.00197141
31.35 7.81071 -0.137714 -0.160443 7.24645 0.00938976 -0.00197244
31.36 7.81886 -0.139279 -0.160499 7.25157 0.00945192 -0.00197337
31.37 7.82702 -0.140835 -0.160564 7.2567 0.00951425 -0.00197428
31.38 7.83517 -0.142381 -0.160636 7.26182 0.0095767 -0.00197511
31.39 7.84331 -0.143918 -0.160716 7.26695 0.00963929 -0.00197586
31.4 7.85145 -0.145448 -0.160803 7.27208 0.009702 -0.00197652
31.41 7.85959 -0.146972 -0.160896 7.27721 0.00976476 -0.00197707
31.42 7.86773 -0.148491 -0.160996 7.28234 0.00982765 -0.00197756
31.43 7.87586 -0.150007 -0.161102 7.28747 0.00989056 -0.00197795
31.44 7.88398 -0.151521 -0.161213 7.2926 0.00995363 -0.0019783
31.45 7.89211 -0.153035 -0.16133 7.29774 0.0100168 -0.00197854
31.46 7.90023 -0.154551 -0.161452 7.30287 0.0100801 -0.00197872
31.47 7.90834 -0.156071 -0.161579 7.30801 0.0101434 -0.00197879
31.48 7.91645 -0.157595 -0.161711 7.31315 0.0102069 -0.00197881
31.49 7.92456 -0.159126 -0.161847 7.31829 0.0102705 -0.00197872
31.5 7.93266 -0.160665 -0.161987 7.32343 0.0103341 -0.00197856
31.51 7.94076 -0.162213 -0.162131 7.32857 0.0103978 -0.00197832
31.52 7.94886 -0.16377 -0.162279 7.33371 0.0104616 -0.001978
31.53 7.95695 -0.165337 -0.162431 7.33886 0.0105256 -0.00197762
31.54 7.96504 -0.166915 -0.162587 7.344 0.0105896 -0.00197714
31.55 7.97312 -0.168502 -0.162748 7.34915 0.0106538 -0.00197662
31.56 7.9812 -0.1701 -0.162912 7.3543 0.010718 -0.00197599
31.57 7.98927 -0.171706 -0.16308 7.35945 0.0107824 -0.00197524
31.58 7.99734 -0.17332 -0.163252 7.3646 0.0108467 -0.00197428
31.59 8.0054 -0.174941 -0.163429 7.36975 0.0109112 -0.0019733
31.6 8.01346 -0.176569 -0.163611 7.37491 0.0109758 -0.00197238
31.61 8.02151 -0.1782 -0.163798 7.38006 0.0110407 -0.00197151
31.62 8.02956 -0.179834 -0.16399 7.38522 0.0111056 -0.00197054
31.63 8.0376 -0.181469 -0.164188 7.39038 0.0111707 -0.00196938
31.64 8.04564 -0.183101 -0.164391 7.39554 0.0112358 -0.00196808
31.65 8.05367 -0.184731 -0.164599 7.40071 0.011301 -0.00196672
31.66 8.06169 -0.186356 -0.164814 7.40587 0.0113664 -0.00196538
31.67 8.06971 -0.187974 -0.165034 7.41104 0.0114318 -0.00196398
31.68 8.07772 -0.189584 -0.16526 7.41621 0.0114974 -0.00196252
31.69 8.08572 -0.191184 -0.165493 7.42138 0.011563 -0.00196091
31.7 8.09372 -0.192774 -0.165731 7.42655 0.0116288 -0.00195926
31.71 8.10171 -0.194352 -0.165976 7.43172 0.0116946 -0.00195752
31.72 8.10969 -0.195917 -0.166227 7.4369 0.0117606 -0.00195575
31.73 8.11767 -0.19747 -0.166483 7.44208 0.0118266 -0.00195389
31.74 8.12564 -0.19901 -0.166746 7.44725 0.0118928 -0.00195195
31.75 8.1336 -0.200538 -0.167013 7.45243 0.011959 -0.00194993
31.76 8.14155 -0.202054 -0.167287 7.45761 0.0120253 -0.00194786
31.77 8.1495 -0.203558 -0.167565 7.4628 0.0120918 -0.00194574
31.78 8.15744 -0.205053 -0.167848 7.46798 0.0121583 -0.00194355
31.79 8.16537 -0.206539 -0.168136 7.47316 0.0122249 -0.00194131
31.8 8.1733 -0.208018 -0.168427 7.47835 0.0122915 -0.00193897
31.81 8.18121 -0.209491 -0.168723 7.48354 0.0123582 -0.00193657
31.82 8.18912 -0.21096 -0.169021 7.48873 0.0124249 -0.0019341
31.83 8.19702 -0.212427 -0.169323 7.49392 0.0124917 -0.0019316
31.84 8.20492 -0.213893 -0.169628 7.49911 0.0125586 -0.00192904
31.85 8.2128 -0.215361 -0.169935 7.5043 0.0126255 -0.00192644
31.86 8.22068 -0.216831 -0.170245 7.50949 0.0126925 -0.00192377
31.87 8.22855 -0.218305 -0.170557 7.51469 0.0127596 -0.00192104
31.88 8.23641 -0.219785 -0.17087 7.51989 0.0128267 -0.00191825
31.89 8.24426 -0.221271 -0.171186 7.52508 0.0128938 -0.00191541
31.9 8.25211 -0.222765 -0.171503 7.53028 0.012961 -0.00191253
31.91 8.25994 -0.224266 -0.171821 7.53548 0.0130283 -0.0019096
31.92 8.26777 -0.225774 -0.172142 7.54068 0.0130956 -0.00190658
31.93 8.27559 -0.22729 -0.172463 7.54589 0.0131629 -0.0019034
31.94 8.2834 -0.228813 -0.172787 7.55109 0.0132304 -0.0019002
31.95 8.29121 -0.230344 -0.173113 7.5563 0.0132979 -0.00189709
31.96 8.299 -0.23188 -0.17344 7.5615 0.0133655 -0.00189405
31.97 8.30678 -0.233422 -0.17377 7.56671 0.0134332 -0.00189092
31.98 8.31456 -0.234965 -0.174102 7.57192 0.0135009 -0.00188764
31.99 8.32232 -0.23651 -0.174436 7.57713 0.0135687 -0.00188426
32 8.33008 -0.238055 -0.174773 7.58235 0.0136366 -0.00188088
32.01 8.33782 -0.239599 -0.175113 7.58756 0.0137045 -0.00187754
32.02 8.34556 -0.241139 -0.175456 7.59278 0.0137725 -0.00187418
32.03 8.35328 -0.242673 -0.175802 7.598 0.0138406 -0.00187076
32.04 8.361 -0.2442 -0.176151 7.60322 0.0139087 -0.00186723
32.05 8.3687 -0.245717 -0.176504 7.60844 0.0139769 -0.00186366
32.06 8.37639 -0.247224 -0.176861 7.61367 0.0140451 -0.00186006
32.07 8.38407 -0.24872 -0.177221 7.61889 0.0141134 -0.00185649
32.08 8.39174 -0.250203 -0.177585 7.62412 0.0141818 -0.00185289
32.09 8.3994 -0.251672 -0.177953 7.62935 0.0142503 -0.00184925
32.1 8.40705 -0.253126 -0.178324 7.63458 0.0143187 -0.00184553
32.11 8.41468 -0.254566 -0.178698 7.63981 0.0143872 -0.00184178
32.12 8.42231 -0.255991 -0.179077 7.64504 0.0144558 -0.00183801
32.13 8.42992 -0.257402 -0.179458 7.65028 0.0145243 -0.00183423
32.14 8.43752 -0.2588 -0.179842 7.65551 0.0145929 -0.00183044
32.15 8.44511 -0.260184 -0.18023 7.66075 0.0146615 -0.00182661
32.16 8.45268 -0.261557 -0.18062 7.66599 0.0147302 -0.00182276
32.17 8.46025 -0.262919 -0.181012 7.67123 0.0147989 -0.00181888
32.18 8.4678 -0.264272 -0.181406 7.67647 0.0148676 -0.00181499
32.19 8.47534 -0.265618 -0.181802 7.68171 0.0149363 -0.00181107
32.2 8.48287 -0.266958 -0.182199 7.68696 0.015005 -0.00180714
32.21 8.49039 -0.268294 -0.182597 7.6922 0.0150737 -0.00180318
32.22 8.49789 -0.269627 -0.182996 7.69745 0.0151424 -0.00179922
32.23 8.50539 -0.27096 -0.183396 7.7027 0.0152111 -0.00179526
32.24 8.51287 -0.272294 -0.183796 7.70794 0.0152799 -0.00179129
32.25 8.52033 -0.273631 -0.184196 7.71319 0.0153487 -0.00178731
32.26 8.52779 -0.274971 -0.184596 7.71845 0.0154174 -0.0017833
32.27 8.53523 -0.276316 -0.184996 7.7237 0.0154861 -0.00177928
32.28 8.54266 -0.277665 -0.185395 7.72895 0.0155548 -0.00177519
32.29 8.55008 -0.27902 -0.185794 7.73421 0.0156235 -0.00177101
32.3 8.55748 -0.280381 -0.186193 7.73946 0.0156922 -0.00176685
32.31 8.56488 -0.281749 -0.186592 7.74472 0.015761 -0.00176282
32.32 8.57226 -0.283122 -0.186991 7.74998 0.0158298 -0.00175886
32.33 8.57962 -0.284501 -0.187389 7.75524 0.0158986 -0.00175486
32.34 8.58697 -0.285882 -0.187788 7.7605 0.0159674 -0.00175074
32.35 8.59431 -0.287266 -0.188186 7.76577 0.0160362 -0.00174655
32.36 8.60164 -0.288652 -0.188585 7.77103 0.016105 -0.00174238
32.37 8.60895 -0.290038 -0.188985 7.7763 0.0161738 -0.00173826
32.38 8.61625 -0.291421 -0.189385 7.78157 0.0162426 -0.00173418
32.39 8.62353 -0.292802 -0.189787 7.78684 0.0163115 -0.00173007
32.4 8.6308 -0.294176 -0.190189 7.79211 0.0163804 -0.00172589
32.41 8.63805 -0.295544 -0.190593 7.79738 0.0164492 -0.00172168
32.42 8.64529 -0.296903 -0.190998 7.80266 0.0165181 -0.00171748
32.43 8.65252 -0.298251 -0.191405 7.80794 0.0165869 -0.00171329
32.44 8.65972 -0.299588 -0.191814 7.81321 0.0166558 -0.00170911
32.45 8.66692 -0.300911 -0.192224 7.81849 0.0167246 -0.00170491
32.46 8.6741 -0.30222 -0.192636 7.82378 0.0167935 -0.00170068
32.47 8.68126 -0.303514 -0.19305 7.82906 0.0168624 -0.00169646
32.48 8.6884 -0.304792 -0.193466 7.83434 0.0169312 -0.00169223
32.49 8.69554 -0.306055 -0.193884 7.83963 0.017 -0.00168801
32.5 8.70265 -0.307302 -0.194302 7.84492 0.0170688 -0.00168379
32.51 8.70975 -0.308533 -0.194723 7.85021 0.0171375 -0.00167954
32.52 8.71683 -0.30975 -0.195144 7.8555 0.0172062 -0.0016753
32.53 8.7239 -0.310952 -0.195566 7.86079 0.0172749 -0.00167107
32.54 8.73095 -0.312142 -0.195989 7.86608 0.0173435 -0.00166686
32.55 8.73799 -0.31332 -0.196413 7.87138 0.0174122 -0.00166265
32.56 8.74501 -0.314488 -0.196837 7.87667 0.0174807 -0.00165844
32.57 8.75201 -0.315647 -0.19726 7.88197 0.0175492 -0.00165423
32.58 8.759 -0.3168 -0.197683 7.88727 0.0176176 -0.00165001
32.59 8.76597 -0.317947 -0.198106 7.89257 0.017686 -0.0016458
32.6 8.77293 -0.319091 -0.198528 7.89787 0.0177544 -0.00164162
32.61 8.77987 -0.320233 -0.198948 7.90317 0.0178226 -0.00163745
32.62 8.7868 -0.321375 -0.199368 7.90847 0.0178909 -0.00163328
32.63 8.7937 -0.322518 -0.199786 7.91378 0.0179591 -0.00162912
32.64 8.8006 -0.323663 -0.200203 7.91908 0.0180273 -0.00162496
32.65 8.80747 -0.324811 -0.200618 7.92439 0.0180953 -0.0016208
32.66 8.81433 -0.325964 -0.201031 7.9297 0.0181633 -0.00161665
32.67 8.82118 -0.32712 -0.201442 7.93501 0.0182313 -0.0016125
32.68 8.828 -0.328282 -0.201852 7.94032 0.0182992 -0.00160836
32.69 8.83481 -0.329448 -0.20226 7.94563 0.0183671 -0.00160423
32.7 8.84161 -0.330618 -0.202667 7.95094 0.018435 -0.0016001
32.71 8.84838 -0.331792 -0.203072 7.95625 0.0185028 -0.00159596
32.72 8.85514 -0.332968 -0.203476 7.96157 0.0185705 -0.00159178
32.73 8.86188 -0.334145 -0.203878 7.96689 0.0186381 -0.00158751
32.74 8.86861 -0.335323 -0.20428 7.97221 0.0187057 -0.00158326
32.75 8.87532 -0.336499 -0.204681 7.97753 0.0187733 -0.00157909
32.76 8.88201 -0.337673 -0.205082 7.98285 0.0188409 -0.00157501
32.77 8.88868 -0.338842 -0.205483 7.98818 0.0189084 -0.0015709
32.78 8.89534 -0.340005 -0.205883 7.9935 0.0189759 -0.0015667
32.79 8.90198 -0.341159 -0.206284 7.99883 0.0190433 -0.00156243
32.8 8.9086 -0.342304 -0.206685 8.00416 0.0191107 -0.00155818
32.81 8.9152 -0.343437 -0.207087 8.00949 0.0191779 -0.00155396
32.82 8.92178 -0.344558 -0.207489 8.01483 0.0192451 -0.00154976
32.83 8.92835 -0.345665 -0.207892 8.02016 0.0193123 -0.00154554
32.84 8.9349 -0.346757 -0.208296 8.0255 0.0193794 -0.00154128
32.85 8.94143 -0.347833 -0.2087 8.03083 0.0194465 -0.001537
32.86 8.94794 -0.348893 -0.209106 8.03617 0.0195134 -0.00153272
32.87 8.95443 -0.349937 -0.209513 8.04151 0.0195803 -0.00152841
32.88 8.9609 -0.350965 -0.20992 8.04685 0.0196472 -0.00152403
32.89 8.96736 -0.351976 -0.210328 8.0522 0.0197139 -0.00151966
32.9 8.9738 -0.352973 -0.210736 8.05754 0.0197805 -0.00151538
32.91 8.98021 -0.353955 -0.211144 8.06289 0.019847 -0.00151117
32.92 8.98661 -0.354925 -0.211552 8.06823 0.0199135 -0.00150693
32.93 8.99299 -0.355881 -0.21196 8.07358 0.0199798 -0.00150263
32.94 8.99936 -0.356827 -0.212367 8.07893 0.0200461 -0.00149828
32.95 9.0057 -0.357764 -0.212774 8.08428 0.0201122 -0.00149395
32.96 9.01203 -0.358694 -0.213179 8.08963 0.0201783 -0.00148967
32.97 9.01833 -0.359618 -0.213583 8.09499 0.0202442 -0.00148542
32.98 9.02462 -0.360537 -0.213986 8.10034 0.0203101 -0.00148115
32.99 9.0309 -0.361454 -0.214386 8.10569 0.0203758 -0.00147684
33 9.03715 -0.36237 -0.214785 8.11105 0.0204415 -0.00147252
33.01 9.04338 -0.363285 -0.215181 8.11641 0.0205071 -0.00146821
33.02 9.0496 -0.364203 -0.215575 8.12177 0.0205725 -0.00146393
33.03 9.0558 -0.365123 -0.215966 8.12713 0.0206379 -0.00145966
33.04 9.06198 -0.366045 -0.216355 8.13249 0.0207031 -0.00145538
33.05 9.06814 -0.366971 -0.216741 8.13785 0.0207683 -0.00145106
33.06 9.07428 -0.367901 -0.217125 8.14321 0.0208334 -0.00144673
33.07 9.08041 -0.368834 -0.217506 8.14858 0.0208983 -0.00144241
33.08 9.08651 -0.369771 -0.217885 8.15395 0.0209632 -0.00143808
33.09 9.0926 -0.37071 -0.218261 8.15931 0.021028 -0.00143375
33.1 9.09867 -0.371651 -0.218636 8.16468 0.0210928 -0.00142941
33.11 9.10472 -0.372593 -0.219009 8.17006 0.0211573 -0.00142505
33.12 9.11075 -0.373534 -0.21938 8.17543 0.0212219 -0.00142067
33.13 9.11677 -0.374474 -0.21975 8.1808 0.0212863 -0.00141629
33.14 9.12276 -0.37541 -0.220119 8.18618 0.0213506 -0.00141189
33.15 9.12874 -0.376341 -0.220488 8.19156 0.0214149 -0.00140747
33.16 9.13469 -0.377265 -0.220855 8.19694 0.021479 -0.00140303
33.17 9.14063 -0.378181 -0.221223 8.20232 0.0215431 -0.00139858
33.18 9.14655 -0.379087 -0.22159 8.2077 0.021607 -0.00139414
33.19 9.15244 -0.379982 -0.221958 8.21309 0.0216709 -0.00138969
33.2 9.15832 -0.380864 -0.222326 8.21847 0.0217346 -0.00138523
33.21 9.16418 -0.381732 -0.222694 8.22386 0.0217983 -0.00138076
33.22 9.17002 -0.382586 -0.223063 8.22925 0.0218618 -0.00137628
33.23 9.17584 -0.383424 -0.223432 8.23464 0.0219252 -0.00137177
33.24 9.18164 -0.384246 -0.223803 8.24003 0.0219885 -0.00136728
33.25 9.18743 -0.385052 -0.224173 8.24543 0.0220517 -0.0013628
33.26 9.19319 -0.385842 -0.224545 8.25082 0.0221148 -0.00135835
33.27 9.19894 -0.386616 -0.224917 8.25622 0.0221777 -0.00135391
33.28 9.20466 -0.387375 -0.225289 8.26161 0.0222405 -0.00134947
33.29 9.21037 -0.388119 -0.225661 8.26701 0.0223032 -0.00134503
33.3 9.21606 -0.38885 -0.226034 8.27241 0.0223657 -0.00134059
33.31 9.22173 -0.389568 -0.226406 8.27781 0.0224282 -0.00133616
33.32 9.22738 -0.390276 -0.226779 8.28321 0.0224905 -0.00133176
33.33 9.23301 -0.390975 -0.22715 8.28862 0.0225527 -0.0013274
33.34 9.23862 -0.391666 -0.227521 8.29402 0.0226148 -0.00132305
33.35 9.24422 -0.392351 -0.227891 8.29943 0.0226768 -0.00131872
33.36 9.2498 -0.393031 -0.22826 8.30484 0.0227387 -0.0013144
33.37 9.25536 -0.393708 -0.228627 8.31024 0.0228005 -0.00131005
33.38 9.2609 -0.394383 -0.228992 8.31565 0.0228621 -0.00130562
33.39 9.26643 -0.395059 -0.229356 8.32106 0.0229235 -0.00130122
33.4 9.27194 -0.395735 -0.229717 8.32647 0.0229849 -0.00129697
33.41 9.27743 -0.396415 -0.230077 8.33189 0.0230461 -0.00129285
33.42 9.2829 -0.397097 -0.230434 8.3373 0.0231071 -0.00128871
33.43 9.28835 -0.397781 -0.230789 8.34272 0.0231681 -0.00128449
33.44 9.29379 -0.398469 -0.231142 8.34813 0.0232289 -0.00128017
33.45 9.29921 -0.399159 -0.231493 8.35355 0.0232897 -0.00127578
33.46 9.30461 -0.399852 -0.231842 8.35897 0.0233503 -0.00127147
33.47 9.30999 -0.400549 -0.23219 8.36439 0.0234109 -0.00126727
33.48 9.31536 -0.401247 -0.232536 8.36981 0.0234713 -0.00126314
33.49 9.32071 -0.401945 -0.23288 8.37524 0.0235316 -0.00125895
33.5 9.32604 -0.402643 -0.233223 8.38067 0.0235918 -0.00125469
33.51 9.33136 -0.403338 -0.233566 8.38609 0.023652 -0.0012504
33.52 9.33665 -0.404031 -0.233907 8.39152 0.023712 -0.00124613
33.53 9.34193 -0.404718 -0.234248 8.39695 0.0237719 -0.00124188
33.54 9.34719 -0.405399 -0.234589 8.40239 0.0238317 -0.00123764
33.55 9.35244 -0.406073 -0.234929 8.40782 0.0238913 -0.00123337
33.56 9.35766 -0.406736 -0.23527 8.41326 0.0239509 -0.00122907
33.57 9.36287 -0.407389 -0.235612 8.41869 0.0240103 -0.00122482
33.58 9.36806 -0.40803 -0.235954 8.42413 0.0240696 -0.0012206
33.59 9.37323 -0.408658 -0.236297 8.42957 0.0241288 -0.00121641
33.6 9.37839 -0.409271 -0.236641 8.43501 0.0241879 -0.00121218
33.61 9.38353 -0.40987 -0.236986 8.44046 0.0242468 -0.00120794
33.62 9.38865 -0.410453 -0.237333 8.4459 0.0243057 -0.00120368
33.63 9.39375 -0.41102 -0.23768 8.45135 0.0243643 -0.00119948
33.64 9.39884 -0.411573 -0.238029 8.45679 0.0244229 -0.00119534
33.65 9.40391 -0.41211 -0.238379 8.46224 0.0244813 -0.00119126
33.66 9.40896 -0.412632 -0.23873 8.46769 0.0245396 -0.00118721
33.67 9.414 -0.413141 -0.239082 8.47314 0.0245978 -0.00118315
33.68 9.41902 -0.413636 -0.239435 8.4786 0.0246559 -0.00117909
33.69 9.42402 -0.414119 -0.239789 8.48405 0.0247138 -0.00117505
33.7 9.42901 -0.414591 -0.240143 8.4895 0.0247716 -0.00117107
33.71 9.43398 -0.415054 -0.240498 8.49496 0.0248293 -0.00116714
33.72 9.43894 -0.41551 -0.240852 8.50042 0.0248868 -0.00116329
33.73 9.44388 -0.415959 -0.241206 8.50587 0.0249442 -0.00115947
33.74 9.4488 -0.416404 -0.24156 8.51133 0.0250014 -0.0011557
33.75 9.45371 -0.416845 -0.241914 8.51679 0.0250586 -0.00115193
33.76 9.4586 -0.417284 -0.242267 8.52225 0.0251156 -0.00114818
33.77 9.46348 -0.417723 -0.242619 8.52772 0.0251726 -0.00114444
33.78 9.46834 -0.418162 -0.24297 8.53318 0.0252293 -0.00114074
33.79 9.47319 -0.418602 -0.243321 8.53865 0.0252861 -0.0011371
33.8 9.47803 -0.419045 -0.243671 8.54411 0.0253428 -0.00113349
33.81 9.48284 -0.419491 -0.244019 8.54958 0.0253993 -0.00112995
33.82 9.48765 -0.41994 -0.244367 8.55505 0.0254557 -0.00112643
33.83 9.49244 -0.420392 -0.244714 8.56052 0.0255119 -0.00112293
33.84 9.49721 -0.420847 -0.24506 8.56599 0.0255681 -0.00111939
33.85 9.50197 -0.421304 -0.245405 8.57147 0.0256241 -0.00111586
33.86 9.50672 -0.421763 -0.24575 8.57694 0.02568 -0.00111235
33.87 9.51145 -0.422223 -0.246095 8.58242 0.0257357 -0.00110892
33.88 9.51616 -0.422683 -0.24644 8.5879 0.0257914 -0.00110555
33.89 9.52086 -0.423141 -0.246785 8.59338 0.025847 -0.0011022
33.9 9.52555 -0.423597 -0.247131 8.59886 0.0259025 -0.00109883
33.91 9.53022 -0.424048 -0.247478 8.60435 0.0259579 -0.00109541
33.92 9.53488 -0.424494 -0.247826 8.60983 0.0260132 -0.00109194
33.93 9.53952 -0.424932 -0.248176 8.61532 0.0260684 -0.00108839
33.94 9.54415 -0.425362 -0.248527 8.6208 0.0261235 -0.00108493
33.95 9.54876 -0.425783 -0.24888 8.62629 0.0261784 -0.00108167
33.96 9.55336 -0.426194 -0.249235 8.63179 0.0262332 -0.00107857
33.97 9.55794 -0.426592 -0.249592 8.63728 0.0262879 -0.00107543
33.98 9.56251 -0.426977 -0.249952 8.64277 0.0263425 -0.00107219
33.99 9.56707 -0.427347 -0.250314 8.64827 0.026397 -0.00106887
34 9.57161 -0.427704 -0.250678 8.65376 0.0264514 -0.00106559
34.01 9.57614 -0.428046 -0.251046 8.65926 0.0265057 -0.00106243
34.02 9.58065 -0.428374 -0.251415 8.66476 0.0265598 -0.00105937
34.03 9.58515 -0.428688 -0.251787 8.67026 0.0266138 -0.00105637
34.04 9.58964 -0.428988 -0.252162 8.67576 0.0266677 -0.00105338
34.05 9.59411 -0.429274 -0.252539 8.68127 0.0267215 -0.0010504
34.06 9.59857 -0.429548 -0.252919 8.68677 0.0267752 -0.00104744
34.07 9.60302 -0.429811 -0.2533 8.69227 0.0268287 -0.00104453
34.08 9.60745 -0.430063 -0.253683 8.69778 0.0268822 -0.00104164
34.09 9.61187 -0.430307 -0.254068 8.70329 0.0269355 -0.0010388
34.1 9.61628 -0.430543 -0.254454 8.7088 0.0269887 -0.00103603
34.11 9.62068 -0.430774 -0.254842 8.71431 0.0270418 -0.00103336
34.12 9.62507 -0.431 -0.25523 8.71982 0.0270948 -0.00103075
34.13 9.62944 -0.431223 -0.25562 8.72533 0.0271477 -0.00102817
34.14 9.6338 -0.431444 -0.256011 8.73084 0.0272004 -0.00102557
34.15 9.63815 -0.431665 -0.256402 8.73636 0.0272531 -0.00102295
34.16 9.64249 -0.431886 -0.256794 8.74187 0.0273056 -0.00102036
34.17 9.64681 -0.432108 -0.257186 8.74739 0.027358 -0.00101783
34.18 9.65113 -0.432334 -0.257579 8.75291 0.0274103 -0.00101542
34.19 9.65543 -0.432562 -0.257972 8.75843 0.0274625 -0.00101305
34.2 9.65972 -0.432794 -0.258367 8.76395 0.0275147 -0.0010107
34.21 9.664 -0.433029 -0.258762 8.76948 0.0275668 -0.0010083
34.22 9.66827 -0.433268 -0.259157 8.775 0.0276188 -0.00100591
34.23 9.67253 -0.433509 -0.259554 8.78052 0.0276705 -0.00100352
34.24 9.67678 -0.433753 -0.259951 8.78605 0.0277222 -0.00100116
34.25 9.68101 -0.433999 -0.260349 8.79158 0.0277737 -0.000998857
34.26 9.68524 -0.434246 -0.26075 8.79711 0.0278251 -0.000996602
34.27 9.68945 -0.434493 -0.261152 8.80265 0.0278764 -0.000994403
34.28 9.69365 -0.434738 -0.261556 8.80818 0.0279277 -0.000992202
34.29 9.69784 -0.43498 -0.261962 8.81371 0.0279788 -0.000989996
34.3 9.70202 -0.435217 -0.262372 8.81925 0.0280298 -0.000987742
34.31 9.70619 -0.435449 -0.262784 8.82479 0.0280806 -0.000985494
34.32 9.71035 -0.435674 -0.263199 8.83033 0.0281314 -0.000983262
34.33 9.7145 -0.43589 -0.263618 8.83587 0.028182 -0.000981123
34.34 9.71863 -0.436097 -0.26404 8.84141 0.0282325 -0.000979059
34.35 9.72276 -0.436294 -0.264466 8.84696 0.0282829 -0.000977065
34.36 9.72688 -0.436479 -0.264896 8.8525 0.0283331 -0.000975072
34.37 9.73098 -0.436651 -0.26533 8.85805 0.0283833 -0.000973052
34.38 9.73508 -0.436811 -0.265769 8.8636 0.0284333 -0.000971007
34.39 9.73916 -0.436956 -0.266211 8.86914 0.0284832 -0.000968981
34.4 9.74324 -0.437089 -0.266658 8.87469 0.028533 -0.000967046
34.41 9.74731 -0.437209 -0.267108 8.88025 0.0285826 -0.000965215
34.42 9.75136 -0.437316 -0.267563 8.8858 0.0286322 -0.000963502
34.43 9.75541 -0.437411 -0.268022 8.89135 0.0286816 -0.000961817
34.44 9.75945 -0.437494 -0.268485 8.89691 0.0287309 -0.000960145
34.45 9.76348 -0.437567 -0.268952 8.90247 0.0287801 -0.000958427
34.46 9.7675 -0.437629 -0.269422 8.90802 0.0288291 -0.000956729
34.47 9.77151 -0.437684 -0.269895 8.91358 0.028878 -0.000955077
34.48 9.77552 -0.437732 -0.270371 8.91914 0.0289268 -0.00095354
34.49 9.77951 -0.437775 -0.270851 8.9247 0.0289755 -0.000952108
34.5 9.7835 -0.437814 -0.271333 8.93027 0.0290241 -0.000950747
34.51 9.78748 -0.43785 -0.271818 8.93583 0.0290725 -0.000949408
34.52 9.79145 -0.437885 -0.272305 8.94139 0.0291209 -0.000948041
34.53 9.79541 -0.437919 -0.272795 8.94696 0.0291691 -0.000946661
34.54 9.79937 -0.437955 -0.273287 8.95253 0.0292172 -0.000945274
34.55 9.80331 -0.437993 -0.273781 8.95809 0.0292652 -0.000943955
34.56 9.80725 -0.438034 -0.274277 8.96366 0.029313 -0.000942707
34.57 9.81118 -0.438079 -0.274775 8.96924 0.0293608 -0.000941558
34.58 9.8151 -0.438128 -0.275275 8.97481 0.0294084 -0.000940433
34.59 9.81902 -0.438181 -0.275778 8.98038 0.029456 -0.0009393
34.6 9.82292 -0.438239 -0.276284 8.98596 0.0295035 -0.000938116
34.61 9.82682 -0.4383 -0.276791 8.99154 0.0295508 -0.000936917
34.62 9.83072 -0.438365 -0.277301 8.99711 0.0295979 -0.000935724
34.63 9.8346 -0.438434 -0.277814 9.00269 0.0296449 -0.000934579
34.64 9.83847 -0.438505 -0.27833 9.00828 0.0296918 -0.00093351
34.65 9.84234 -0.438577 -0.278849 9.01386 0.0297386 -0.000932507
34.66 9.8462 -0.438649 -0.279372 9.01945 0.0297852 -0.000931547
34.67 9.85005 -0.43872 -0.279898 9.02503 0.0298318 -0.00093056
34.68 9.8539 -0.438787 -0.280429 9.03062 0.0298782 -0.000929529
34.69 9.85773 -0.438851 -0.280964 9.03621 0.0299244 -0.000928441
34.7 9.86156 -0.438909 -0.281504 9.0418 0.0299706 -0.000927386
34.71 9.86538 -0.438961 -0.282049 9.04739 0.0300166 -0.000926395
34.72 9.8692 -0.439005 -0.282599 9.05298 0.0300624 -0.00092553
34.73 9.873 -0.439041 -0.283154 9.05858 0.0301082 -0.000924736
34.74 9.8768 -0.439067 -0.283715 9.06418 0.0301538 -0.000923967
34.75 9.8806 -0.439081 -0.284281 9.06977 0.0301994 -0.000923159
34.76 9.88438 -0.439084 -0.284853 9.07537 0.0302447 -0.000922307
34.77 9.88816 -0.439075 -0.28543 9.08097 0.03029 -0.000921461
34.78 9.89193 -0.439054 -0.286013 9.08657 0.0303351 -0.000920675
34.79 9.8957 -0.439022 -0.286602 9.09217 0.0303801 -0.000920047
34.8 9.89946 -0.438978 -0.287197 9.09778 0.030425 -0.000919582
34.81 9.90321 -0.438924 -0.287797 9.10338 0.0304697 -0.000919183
34.82 9.90696 -0.438859 -0.288402 9.10899 0.0305144 -0.00091868
34.83 9.9107 -0.438783 -0.289013 9.11459 0.0305589 -0.000918099
34.84 9.91443 -0.438699 -0.289628 9.1202 0.0306032 -0.00091751
34.85 9.91816 -0.438608 -0.290249 9.12581 0.0306475 -0.00091703
34.86 9.92188 -0.438511 -0.290874 9.13142 0.0306916 -0.000916656
34.87 9.9256 -0.43841 -0.291503 9.13703 0.0307356 -0.000916369
34.88 9.92931 -0.438306 -0.292137 9.14264 0.0307794 -0.000916118
34.89 9.93301 -0.438199 -0.292775 9.14826 0.0308232 -0.000915895
34.9 9.93671 -0.438093 -0.293417 9.15387 0.0308668 -0.000915684
34.91 9.9404 -0.437986 -0.294063 9.15949 0.0309103 -0.000915459
34.92 9.94409 -0.437882 -0.294713 9.16511 0.0309537 -0.000915222
34.93 9.94777 -0.43778 -0.295366 9.17072 0.0309969 -0.000914971
34.94 9.95145 -0.437683 -0.296022 9.17634 0.03104 -0.000914782
34.95 9.95512 -0.437591 -0.296683 9.18197 0.0310829 -0.000914673
34.96 9.95878 -0.437504 -0.297347 9.18759 0.0311258 -0.000914662
34.97 9.96244 -0.437423 -0.298014 9.19322 0.0311685 -0.00091466
34.98 9.9661 -0.437347 -0.298686 9.19884 0.031211 -0.000914619
34.99 9.96975 -0.437276 -0.299361 9.20447 0.0312534 -0.000914487
35 9.97339 -0.43721 -0.30004 9.2101 0.0312957 -0.000914326
35.01 9.97702 -0.437148 -0.300723 9.21573 0.0313378 -0.000914199
35.02 9.98066 -0.437091 -0.301411 9.22136 0.0313797 -0.000914163
35.03 9.98428 -0.437037 -0.302104 9.22699 0.0314216 -0.000914213
35.04 9.9879 -0.436984 -0.302802 9.23263 0.0314633 -0.000914278
35.05 9.99152 -0.436932 -0.303505 9.23826 0.0315049 -0.000914328
35.06 9.99512 -0.436879 -0.304214 9.2439 0.0315463 -0.000914329
35.07 9.99873 -0.436824 -0.304928 9.24954 0.0315876 -0.00091431
35.08 10.0023 -0.436766 -0.305647 9.25518 0.0316287 -0.000914281
35.09 10.0059 -0.436703 -0.306373 9.26082 0.0316696 -0.000914306
35.1 10.0095 -0.436634 -0.307105 9.26646 0.0317103 -0.000914392
35.11 10.0131 -0.436559 -0.307844 9.27211 0.031751 -0.000914565
35.12 10.0167 -0.436475 -0.308589 9.27776 0.0317915 -0.000914776
35.13 10.0202 -0.436383 -0.309342 9.2834 0.0318318 -0.000914986
35.14 10.0238 -0.43628 -0.310101 9.28905 0.031872 -0.000915152
35.15 10.0274 -0.436167 -0.310866 9.2947 0.0319121 -0.00091528
35.16 10.0309 -0.436043 -0.311639 9.30035 0.031952 -0.000915416
35.17 10.0345 -0.435909 -0.312418 9.306 0.0319918 -0.000915615
35.18 10.038 -0.435765 -0.313205 9.31165 0.0320314 -0.000915918
35.19 10.0416 -0.435611 -0.313997 9.31731 0.0320709 -0.000916299
35.2 10.0451 -0.435447 -0.314797 9.32296 0.0321102 -0.000916716
35.21 10.0487 -0.435275 -0.315603 9.32862 0.0321495 -0.000917082
35.22 10.0522 -0.435095 -0.316415 9.33427 0.0321885 -0.000917396
35.23 10.0557 -0.434908 -0.317232 9.33993 0.0322275 -0.000917665
35.24 10.0593 -0.434715 -0.318056 9.34559 0.0322663 -0.000917973
35.25 10.0628 -0.434519 -0.318885 9.35125 0.0323049 -0.000918355
35.26 10.0663 -0.434321 -0.31972 9.35691 0.0323434 -0.000918829
35.27 10.0698 -0.434122 -0.32056 9.36257 0.0323818 -0.000919333
35.28 10.0733 -0.433923 -0.321404 9.36824 0.03242 -0.000919814
35.29 10.0769 -0.433725 -0.322254 9.3739 0.0324581 -0.000920222
35.3 10.0804 -0.43353 -0.323108 9.37957 0.032496 -0.000920563
35.31 10.0839 -0.433338 -0.323967 9.38524 0.0325338 -0.000920889
35.32 10.0874 -0.433151 -0.324831 9.39091 0.0325714 -0.000921238
35.33 10.0909 -0.432971 -0.325699 9.39658 0.0326089 -0.000921653
35.34 10.0943 -0.432796 -0.326571 9.40225 0.0326462 -0.0009221
35.35 10.0978 -0.432629 -0.327449 9.40793 0.0326833 -0.000922555
35.36 10.1013 -0.432468 -0.328331 9.4136 0.0327204 -0.000922997
35.37 10.1048 -0.432314 -0.329217 9.41928 0.0327573 -0.000923462
35.38 10.1083 -0.432167 -0.330109 9.42496 0.032794 -0.000923838
35.39 10.1117 -0.432024 -0.331005 9.43064 0.0328305 -0.000924089
35.4 10.1152 -0.431887 -0.331907 9.43632 0.0328669 -0.000924271
35.41 10.1187 -0.431755 -0.332814 9.442 0.0329031 -0.00092454
35.42 10.1221 -0.431626 -0.333727 9.44768 0.0329391 -0.000924939
35.43 10.1256 -0.4315 -0.334646 9.45337 0.032975 -0.000925392
35.44 10.129 -0.431375 -0.335571 9.45906 0.0330107 -0.000925776
35.45 10.1325 -0.431248 -0.336503 9.46474 0.0330463 -0.000926013
35.46 10.1359 -0.431119 -0.337441 9.47043 0.0330817 -0.000926175
35.47 10.1393 -0.430987 -0.338386 9.47612 0.0331169 -0.000926345
35.48 10.1428 -0.430851 -0.339339 9.48181 0.033152 -0.000926636
35.49 10.1462 -0.43071 -0.340299 9.4875 0.0331869 -0.000927001
35.5 10.1496 -0.430562 -0.341266 9.4932 0.0332217 -0.000927411
35.51 10.153 -0.430406 -0.34224 9.49889 0.0332563 -0.000927755
35.52 10.1564 -0.43024 -0.343223 9.50459 0.0332908 -0.000928031
35.53 10.1599 -0.430066 -0.344213 9.51029 0.0333251 -0.000928245
35.54 10.1633 -0.429882 -0.34521 9.51598 0.0333593 -0.000928456
35.55 10.1667 -0.429688 -0.346215 9.52168 0.0333933 -0.00092871
35.56 10.1701 -0.429485 -0.347228 9.52738 0.0334272 -0.000929018
35.57 10.1735 -0.429273 -0.348248 9.53309 0.0334609 -0.000929381
35.58 10.1769 -0.429053 -0.349275 9.53879 0.0334945 -0.000929815
35.59 10.1803 -0.428825 -0.350309 9.54449 0.0335279 -0.000930373
35.6 10.1837 -0.428589 -0.35135 9.5502 0.0335612 -0.000930826
35.61 10.1871 -0.428346 -0.352398 9.5559 0.0335943 -0.000931043
35.62 10.1904 -0.428097 -0.353452 9.56161 0.0336273 -0.000931079
35.63 10.1938 -0.427845 -0.354512 9.56732 0.0336602 -0.000931198
35.64 10.1972 -0.427591 -0.355578 9.57303 0.0336929 -0.000931502
35.65 10.2006 -0.427338 -0.35665 9.57874 0.0337255 -0.000931943
35.66 10.204 -0.427084 -0.357728 9.58445 0.0337579 -0.000932335
35.67 10.2073 -0.426832 -0.358811 9.59017 0.0337902 -0.000932571
35.68 10.2107 -0.426583 -0.359899 9.59588 0.0338224 -0.000932682
35.69 10.2141 -0.426338 -0.360993 9.6016 0.0338543 -0.000932756
35.7 10.2174 -0.426099 -0.362091 9.60732 0.0338862 -0.000932896
35.71 10.2208 -0.425866 -0.363195 9.61303 0.0339179 -0.000933073
35.72 10.2241 -0.42564 -0.364303 9.61876 0.0339494 -0.000933283
35.73 10.2275 -0.425421 -0.365416 9.62448 0.0339808 -0.000933442
35.74 10.2308 -0.42521 -0.366535 9.6302 0.0340121 -0.000933576
35.75 10.2342 -0.425006 -0.367658 9.63593 0.0340431 -0.000933646
35.76 10.2375 -0.42481 -0.368787 9.64165 0.0340741 -0.000933679
35.77 10.2409 -0.42462 -0.369921 9.64738 0.0341049 -0.000933656
35.78 10.2442 -0.424436 -0.37106 9.65311 0.0341355 -0.000933616
35.79 10.2475 -0.424257 -0.372205 9.65884 0.034166 -0.000933596
35.8 10.2509 -0.424083 -0.373356 9.66457 0.0341964 -0.000933612
35.81 10.2542 -0.423912 -0.374514 9.6703 0.0342266 -0.000933664
35.82 10.2575 -0.423743 -0.375677 9.67604 0.0342566 -0.000933671
35.83 10.2608 -0.423574 -0.376847 9.68177 0.0342865 -0.000933623
35.84 10.2642 -0.423403 -0.378024 9.68751 0.0343163 -0.00093348
35.85 10.2675 -0.42323 -0.379208 9.69325 0.034346 -0.000933324
35.86 10.2708 -0.423054 -0.380399 9.69898 0.0343755 -0.000933181
35.87 10.2741 -0.422872 -0.381597 9.70473 0.0344048 -0.00093311
35.88 10.2774 -0.422685 -0.382803 9.71047 0.0344341 -0.000933074
35.89 10.2807 -0.42249 -0.384017 9.71621 0.0344633 -0.000933094
35.9 10.284 -0.422288 -0.385238 9.72195 0.0344923 -0.000933147
35.91 10.2873 -0.422077 -0.386466 9.7277 0.0345212 -0.000933113
35.92 10.2906 -0.421856 -0.387703 9.73344 0.03455 -0.000932907
35.93 10.2939 -0.421625 -0.388946 9.73919 0.0345786 -0.000932607
35.94 10.2972 -0.421386 -0.390197 9.74493 0.0346072 -0.000932383
35.95 10.3005 -0.421137 -0.391456 9.75068 0.0346356 -0.000932291
35.96 10.3038 -0.420881 -0.392722 9.75643 0.0346639 -0.000932293
35.97 10.307 -0.420617 -0.393995 9.76219 0.0346921 -0.000932306
35.98 10.3103 -0.420345 -0.395275 9.76794 0.0347202 -0.00093234
35.99 10.3136 -0.420068 -0.396562 9.77369 0.0347481 -0.000932244
36 10.3169 -0.419784 -0.397855 9.77944 0.034776 -0.000931968
36.01 10.3201 -0.419497 -0.399155 9.7852 0.0348037 -0.000931595
36.02 10.3234 -0.419207 -0.400461 9.79096 0.0348314 -0.000931329
36.03 10.3267 -0.418918 -0.401772 9.79672 0.034859 -0.000931212
36.04 10.3299 -0.418629 -0.40309 9.80248 0.0348864 -0.000931158
36.05 10.3332 -0.418343 -0.404413 9.80824 0.0349138 -0.000931024
36.06 10.3365 -0.418059 -0.405742 9.814 0.034941 -0.000930734
36.07 10.3397 -0.417779 -0.407075 9.81976 0.0349681 -0.000930365
36.08 10.343 -0.417505 -0.408414 9.82553 0.0349951 -0.000929994
36.09 10.3462 -0.417237 -0.409758 9.83129 0.035022 -0.000929707
36.1 10.3495 -0.416977 -0.411106 9.83706 0.0350487 -0.000929454
36.11 10.3527 -0.416725 -0.41246 9.84283 0.0350754 -0.000929216
36.12 10.356 -0.41648 -0.413818 9.8486 0.0351019 -0.000928912
36.13 10.3592 -0.416244 -0.415181 9.85437 0.0351284 -0.000928567
36.14 10.3624 -0.416014 -0.41655 9.86015 0.0351547 -0.000928176
36.15 10.3657 -0.415792 -0.417923 9.86592 0.0351809 -0.000927769
36.16 10.3689 -0.415577 -0.419302 9.8717 0.035207 -0.000927359
36.17 10.3721 -0.415367 -0.420686 9.87747 0.035233 -0.000926954
36.18 10.3754 -0.415163 -0.422076 9.88325 0.035259 -0.000926578
36.19 10.3786 -0.414961 -0.423471 9.88903 0.0352848 -0.000926214
36.2 10.3818 -0.414762 -0.424872 9.89481 0.0353105 -0.000925863
36.21 10.385 -0.414564 -0.42628 9.9006 0.0353361 -0.00092547
36.22 10.3882 -0.414365 -0.427694 9.90638 0.0353616 -0.000925048
36.23 10.3915 -0.414164 -0.429114 9.91216 0.035387 -0.000924575
36.24 10.3947 -0.41396 -0.430541 9.91795 0.0354123 -0.000924116
36.25 10.3979 -0.41375 -0.431974 9.92373 0.0354376 -0.000923681
36.26 10.4011 -0.413536 -0.433415 9.92952 0.0354628 -0.000923306
36.27 10.4043 -0.413314 -0.434862 9.93531 0.0354879 -0.000922948
36.28 10.4075 -0.413084 -0.436317 9.9411 0.0355129 -0.00092258
36.29 10.4107 -0.412845 -0.437778 9.94689 0.0355378 -0.000922161
36.3 10.4139 -0.412597 -0.439246 9.95268 0.0355627 -0.000921691
36.31 10.4171 -0.41234 -0.440722 9.95847 0.0355875 -0.000921208
36.32 10.4203 -0.412073 -0.442204 9.96427 0.0356122 -0.000920736
36.33 10.4235 -0.411797 -0.443693 9.97006 0.0356368 -0.000920378
36.34 10.4266 -0.411513 -0.445188 9.97586 0.0356614 -0.000920137
36.35 10.4298 -0.41122 -0.446689 9.98166 0.0356859 -0.000919896
36.36 10.433 -0.41092 -0.448197 9.98745 0.0357103 -0.000919451
36.37 10.4362 -0.410612 -0.449711 9.99325 0.0357347 -0.000918863
36.38 10.4394 -0.410299 -0.45123 9.99905 0.035759 -0.000918255
36.39 10.4426 -0.409982 -0.452755 10.0049 0.0357832 -0.00091776
36.4 10.4457 -0.409663 -0.454286 10.0107 0.0358074 -0.000917348
36.41 10.4489 -0.409343 -0.455821 10.0165 0.0358315 -0.000916939
36.42 10.4521 -0.409023 -0.457362 10.0223 0.0358555 -0.000916468
36.43 10.4553 -0.408705 -0.458907 10.0281 0.0358794 -0.000915929
36.44 10.4584 -0.408389 -0.460456 10.0339 0.0359033 -0.000915385
36.45 10.4616 -0.408078 -0.46201 10.0397 0.0359271 -0.000914834
36.46 10.4648 -0.407772 -0.463568 10.0455 0.0359508 -0.00091429
36.47 10.4679 -0.407473 -0.465131 10.0513 0.0359745 -0.000913711
36.48 10.4711 -0.40718 -0.466697 10.0571 0.0359981 -0.000913123
36.49 10.4743 -0.406895 -0.468268 10.0629 0.0360216 -0.000912536
36.5 10.4774 -0.406617 -0.469843 10.0688 0.0360451 -0.000911981
36.51 10.4806 -0.406348 -0.471421 10.0746 0.0360685 -0.000911426
36.52 10.4837 -0.406086 -0.473004 10.0804 0.0360918 -0.000910843
36.53 10.4869 -0.40583 -0.474592 10.0862 0.0361151 -0.000910204
36.54 10.49 -0.405582 -0.476183 10.092 0.0361383 -0.000909531
36.55 10.4932 -0.405339 -0.47778 10.0979 0.0361615 -0.000908867
36.56 10.4963 -0.405101 -0.479381 10.1037 0.0361846 -0.000908244
36.57 10.4995 -0.404866 -0.480987 10.1095 0.0362076 -0.000907665
36.58 10.5026 -0.404634 -0.482597 10.1153 0.0362306 -0.000907086
36.59 10.5057 -0.404402 -0.484213 10.1212 0.0362536 -0.000906481
36.6 10.5089 -0.40417 -0.485835 10.127 0.0362765 -0.000905822
36.61 10.512 -0.403935 -0.487461 10.1328 0.0362994 -0.000905152
36.62 10.5151 -0.403697 -0.489094 10.1387 0.0363222 -0.000904473
36.63 10.5182 -0.403454 -0.490732 10.1445 0.0363451 -0.000903837
36.64 10.5214 -0.403205 -0.492376 10.1503 0.0363679 -0.000903217
36.65 10.5245 -0.402949 -0.494025 10.1562 0.0363906 -0.000902614
36.66 10.5276 -0.402684 -0.495681 10.162 0.0364134 -0.000901996
36.67 10.5307 -0.402411 -0.497342 10.1678 0.036436 -0.000901348
36.68 10.5339 -0.402128 -0.499009 10.1737 0.0364587 -0.000900675
36.69 10.537 -0.401836 -0.500682 10.1795 0.0364814 -0.000899978
36.7 10.5401 -0.401533 -0.502361 10.1853 0.036504 -0.000899293
36.71 10.5432 -0.401222 -0.504045 10.1912 0.0365267 -0.00089865
36.72 10.5463 -0.400901 -0.505734 10.197 0.0365493 -0.000898114
36.73 10.5494 -0.400571 -0.507429 10.2029 0.0365718 -0.000897548
36.74 10.5525 -0.400233 -0.509128 10.2087 0.0365944 -0.000896856
36.75 10.5556 -0.399888 -0.510833 10.2146 0.0366169 -0.00089604
36.76 10.5587 -0.399537 -0.512542 10.2204 0.0366395 -0.000895222
36.77 10.5618 -0.399182 -0.514255 10.2262 0.036662 -0.00089447
36.78 10.5649 -0.398824 -0.515972 10.2321 0.0366845 -0.000893765
36.79 10.568 -0.398464 -0.517693 10.2379 0.036707 -0.000893045
36.8 10.5711 -0.398104 -0.519418 10.2438 0.0367294 -0.000892265
36.81 10.5742 -0.397745 -0.521146 10.2496 0.0367518 -0.000891448
36.82 10.5773 -0.397389 -0.522877 10.2555 0.0367742 -0.000890618
36.83 10.5804 -0.397036 -0.524611 10.2614 0.0367966 -0.000889801
36.84 10.5835 -0.396688 -0.526348 10.2672 0.036819 -0.000888965
36.85 10.5866 -0.396346 -0.528088 10.2731 0.0368413 -0.000888103
36.86 10.5897 -0.39601 -0.529831 10.2789 0.0368637 -0.000887206
36.87 10.5927 -0.395681 -0.531576 10.2848 0.036886 -0.000886313
36.88 10.5958 -0.39536 -0.533323 10.2906 0.0369084 -0.000885425
36.89 10.5989 -0.395046 -0.535073 10.2965 0.0369307 -0.000884542
36.9 10.602 -0.394739 -0.536826 10.3024 0.036953 -0.000883631
36.91 10.605 -0.394439 -0.538582 10.3082 0.0369752 -0.000882683
36.92 10.6081 -0.394145 -0.54034 10.3141 0.0369975 -0.000881709
36.93 10.6111 -0.393856 -0.542102 10.32 0.0370199 -0.000880726
36.94 10.6142 -0.393572 -0.543866 10.3258 0.0370422 -0.000879763
36.95 10.6173 -0.393291 -0.545634 10.3317 0.0370645 -0.000878795
36.96 10.6203 -0.393012 -0.547405 10.3376 0.0370868 -0.000877823
36.97 10.6234 -0.392734 -0.549179 10.3435 0.0371092 -0.000876818
36.98 10.6264 -0.392455 -0.550958 10.3493 0.0371315 -0.000875795
36.99 10.6295 -0.392173 -0.55274 10.3552 0.0371539 -0.000874754
37 10.6325 -0.391888 -0.554526 10.3611 0.0371763 -0.000873703
37.01 10.6356 -0.391597 -0.556316 10.367 0.0371987 -0.000872645
37.02 10.6386 -0.391301 -0.558111 10.3728 0.0372212 -0.000871574
37.03 10.6416 -0.390996 -0.55991 10.3787 0.0372437 -0.000870495
37.04 10.6447 -0.390684 -0.561713 10.3846 0.0372662 -0.000869389
37.05 10.6477 -0.390362 -0.56352 10.3905 0.0372887 -0.000868267
37.06 10.6507 -0.390031 -0.565331 10.3963 0.0373113 -0.000867115
37.07 10.6538 -0.38969 -0.567147 10.4022 0.0373339 -0.000865943
37.08 10.6568 -0.389339 -0.568967 10.4081 0.0373565 -0.000864752
37.09 10.6598 -0.388978 -0.570791 10.414 0.0373792 -0.000863541
37.1 10.6629 -0.388607 -0.572618 10.4199 0.0374019 -0.000862306
37.11 10.6659 -0.388228 -0.574449 10.4258 0.0374246 -0.000861044
37.12 10.6689 -0.38784 -0.576284 10.4317 0.0374474 -0.000859749
37.13 10.6719 -0.387446 -0.578121 10.4375 0.0374701 -0.000858426
37.14 10.6749 -0.387045 -0.579961 10.4434 0.0374929 -0.000857076
37.15 10.6779 -0.38664 -0.581805 10.4493 0.0375158 -0.000855704
37.16 10.6809 -0.386231 -0.58365 10.4552 0.0375387 -0.000854303
37.17 10.6839 -0.38582 -0.585498 10.4611 0.0375616 -0.000852874
37.18 10.6869 -0.385409 -0.587347 10.467 0.0375845 -0.000851408
37.19 10.6899 -0.384999 -0.589198 10.4729 0.0376074 -0.000849943
37.2 10.6929 -0.384591 -0.591051 10.4788 0.0376304 -0.000848519
37.21 10.6959 -0.384186 -0.592904 10.4847 0.0376534 -0.000847055
37.22 10.6989 -0.383786 -0.594759 10.4906 0.0376764 -0.000845486
37.23 10.7019 -0.38339 -0.596615 10.4965 0.0376995 -0.000843821
37.24 10.7049 -0.383001 -0.598471 10.5024 0.0377226 -0.000842157
37.25 10.7079 -0.382619 -0.600329 10.5083 0.0377458 -0.000840529
37.26 10.7109 -0.382243 -0.602187 10.5142 0.037769 -0.000838912
37.27 10.7138 -0.381875 -0.604046 10.5201 0.0377922 -0.000837247
37.28 10.7168 -0.381514 -0.605905 10.526 0.0378154 -0.000835512
37.29 10.7198 -0.381159 -0.607766 10.5319 0.0378387 -0.000833739
37.3 10.7227 -0.38081 -0.609626 10.5378 0.0378621 -0.000831975
37.31 10.7257 -0.380466 -0.611488 10.5438 0.0378854 -0.000830241
37.32 10.7287 -0.380127 -0.613351 10.5497 0.0379088 -0.000828492
37.33 10.7316 -0.37979 -0.615215 10.5556 0.0379323 -0.000826685
37.34 10.7346 -0.379455 -0.61708 10.5615 0.0379558 -0.000824803
37.35 10.7375 -0.37912 -0.618947 10.5674 0.0379794 -0.000822888
37.36 10.7405 -0.378785 -0.620816 10.5733 0.0380031 -0.000820983
37.37 10.7434 -0.378447 -0.622686 10.5792 0.0380269 -0.000819089
37.38 10.7464 -0.378105 -0.624558 10.5852 0.0380507 -0.00081719
37.39 10.7493 -0.377759 -0.626432 10.5911 0.0380745 -0.000815258
37.4 10.7522 -0.377406 -0.628307 10.597 0.0380985 -0.000813271
37.41 10.7552 -0.377045 -0.630185 10.6029 0.0381225 -0.000811243
37.42 10.7581 -0.376677 -0.632065 10.6088 0.0381465 -0.000809178
37.43 10.761 -0.376299 -0.633947 10.6148 0.0381707 -0.000807092
37.44 10.7639 -0.375912 -0.635832 10.6207 0.0381949 -0.000804991
37.45 10.7669 -0.375515 -0.637718 10.6266 0.0382191 -0.000802877
37.46 10.7698 -0.375109 -0.639606 10.6325 0.0382435 -0.000800746
37.47 10.7727 -0.374692 -0.641496 10.6385 0.0382679 -0.000798583
37.48 10.7756 -0.374266 -0.643387 10.6444 0.0382923 -0.000796375
37.49 10.7785 -0.373831 -0.64528 10.6503 0.0383169 -0.000794108
37.5 10.7814 -0.373388 -0.647174 10.6562 0.0383414 -0.000791804
37.51 10.7843 -0.372938 -0.649069 10.6622 0.0383661 -0.000789466
37.52 10.7872 -0.372482 -0.650966 10.6681 0.0383908 -0.000787127
37.53 10.7901 -0.372022 -0.652862 10.674 0.0384156 -0.000784784
37.54 10.793 -0.371558 -0.654759 10.68 0.0384404 -0.000782421
37.55 10.7959 -0.371091 -0.656656 10.6859 0.0384653 -0.000780021
37.56 10.7987 -0.370624 -0.658553 10.6919 0.0384902 -0.00077756
37.57 10.8016 -0.370158 -0.660449 10.6978 0.0385153 -0.000775047
37.58 10.8045 -0.369693 -0.662345 10.7037 0.0385403 -0.000772497
37.59 10.8074 -0.369232 -0.664239 10.7097 0.0385655 -0.000769937
37.6 10.8102 -0.368776 -0.666133 10.7156 0.0385907 -0.00076738
37.61 10.8131 -0.368324 -0.668025 10.7216 0.038616 -0.000764827
37.62 10.8159 -0.367879 -0.669916 10.7275 0.0386413 -0.000762253
37.63 10.8188 -0.367441 -0.671806 10.7335 0.0386667 -0.000759636
37.64 10.8216 -0.367009 -0.673694 10.7394 0.0386921 -0.000756959
37.65 10.8245 -0.366584 -0.67558 10.7454 0.0387177 -0.000754227
37.66 10.8273 -0.366166 -0.677465 10.7513 0.0387433 -0.00075147
37.67 10.8302 -0.365755 -0.679348 10.7573 0.038769 -0.000748716
37.68 10.833 -0.36535 -0.68123 10.7632 0.0387948 -0.000745978
37.69 10.8358 -0.364951 -0.68311 10.7692 0.0388206 -0.000743249
37.7 10.8386 -0.364557 -0.684989 10.7751 0.0388465 -0.000740487
37.71 10.8415 -0.364165 -0.686867 10.7811 0.0388725 -0.000737663
37.72 10.8443 -0.363776 -0.688744 10.787 0.0388986 -0.000734775
37.73 10.8471 -0.363388 -0.69062 10.793 0.0389248 -0.000731837
37.74 10.8499 -0.363 -0.692494 10.7989 0.0389511 -0.000728891
37.75 10.8527 -0.36261 -0.694369 10.8049 0.0389775 -0.000725958
37.76 10.8555 -0.362218 -0.696242 10.8109 0.0390039 -0.000723039
37.77 10.8583 -0.361821 -0.698115 10.8168 0.0390304 -0.000720057
37.78 10.8611 -0.361418 -0.699987 10.8228 0.0390569 -0.000716934
37.79 10.8639 -0.361009 -0.701858 10.8288 0.0390836 -0.000713757
37.8 10.8667 -0.360593 -0.70373 10.8347 0.0391102 -0.000710659
37.81 10.8694 -0.360169 -0.7056 10.8407 0.039137 -0.000707613
37.82 10.8722 -0.359736 -0.707471 10.8466 0.039164 -0.000704523
37.83 10.875 -0.359293 -0.709341 10.8526 0.039191 -0.000701344
37.84 10.8777 -0.358842 -0.711211 10.8586 0.0392181 -0.000698116
37.85 10.8805 -0.358381 -0.71308 10.8645 0.0392453 -0.000694899
37.86 10.8833 -0.357912 -0.714948 10.8705 0.0392725 -0.000691699
37.87 10.886 -0.357434 -0.716814 10.8765 0.0392998 -0.000688457
37.88 10.8888 -0.356949 -0.71868 10.8825 0.0393272 -0.000685129
37.89 10.8915 -0.356456 -0.720544 10.8884 0.0393546 -0.000681726
37.9 10.8942 -0.355959 -0.722406 10.8944 0.0393822 -0.000678319
37.91 10.897 -0.355457 -0.724266 10.9004 0.0394097 -0.000674973
37.92 10.8997 -0.354953 -0.726124 10.9064 0.0394373 -0.000671672
37.93 10.9024 -0.354447 -0.72798 10.9123 0.039465 -0.00066836
37.94 10.9052 -0.35394 -0.729832 10.9183 0.0394928 -0.000664964
37.95 10.9079 -0.353434 -0.731682 10.9243 0.0395206 -0.000661475
37.96 10.9106 -0.35293 -0.733528 10.9303 0.0395485 -0.000657934
37.97 10.9133 -0.352429 -0.735371 10.9363 0.0395764 -0.000654419
37.98 10.916 -0.351934 -0.73721 10.9423 0.0396045 -0.000650962
37.99 10.9187 -0.351444 -0.739046 10.9482 0.0396325 -0.000647558
38 10.9214 -0.35096 -0.740877 10.9542 0.0396607 -0.000644153
38.01 10.924 -0.350483 -0.742705 10.9602 0.0396889 -0.00064069
38.02 10.9267 -0.350013 -0.744528 10.9662 0.0397171 -0.000637157
38.03 10.9294 -0.349551 -0.746347 10.9722 0.0397455 -0.000633571
38.04 10.9321 -0.349095 -0.748163 10.9782 0.039774 -0.000629982
38.05 10.9347 -0.348647 -0.749973 10.9842 0.0398025 -0.000626426
38.06 10.9374 -0.348206 -0.75178 10.9902 0.0398311 -0.000622918
38.07 10.94 -0.347771 -0.753583 10.9962 0.0398597 -0.000619436
38.08 10.9427 -0.347341 -0.755382 11.0022 0.0398885 -0.000615946
38.09 10.9453 -0.346916 -0.757176 11.0082 0.0399173 -0.000612408
38.1 10.9479 -0.346493 -0.758967 11.0142 0.0399462 -0.00060881
38.11 10.9506 -0.346072 -0.760755 11.0202 0.0399752 -0.000605166
38.12 10.9532 -0.345652 -0.762539 11.0262 0.0400043 -0.000601515
38.13 10.9558 -0.345231 -0.764319 11.0322 0.0400334 -0.000597902
38.14 10.9584 -0.344809 -0.766096 11.0382 0.0400627 -0.000594344
38.15 10.961 -0.344385 -0.76787 11.0442 0.040092 -0.00059082
38.16 10.9636 -0.343956 -0.769641 11.0502 0.0401213 -0.000587283
38.17 10.9662 -0.343522 -0.771409 11.0562 0.0401508 -0.000583643
38.18 10.9688 -0.343081 -0.773173 11.0622 0.0401803 -0.000579851
38.19 10.9714 -0.342633 -0.774934 11.0682 0.0402099 -0.000576036
38.2 10.9739 -0.342178 -0.776693 11.0742 0.0402396 -0.000572344
38.21 10.9765 -0.341717 -0.778448 11.0802 0.0402693 -0.000568798
38.22 10.9791 -0.341248 -0.780201 11.0862 0.0402992 -0.000565301
38.23 10.9816 -0.340771 -0.781949 11.0922 0.040329 -0.000561751
38.24 10.9842 -0.340287 -0.783695 11.0982 0.040359 -0.000558121
38.25 10.9867 -0.339795 -0.785436 11.1043 0.040389 -0.00055444
38.26 10.9893 -0.339297 -0.787174 11.1103 0.0404191 -0.000550753
38.27 10.9918 -0.338794 -0.788908 11.1163 0.0404492 -0.00054709
38.28 10.9943 -0.338286 -0.790637 11.1223 0.0404794 -0.000543468
38.29 10.9969 -0.337776 -0.792362 11.1283 0.0405097 -0.000539895
38.3 10.9994 -0.337264 -0.794082 11.1343 0.04054 -0.000536387
38.31 11.0019 -0.336751 -0.795797 11.1404 0.0405703 -0.000532907
38.32 11.0044 -0.336238 -0.797506 11.1464 0.0406007 -0.000529419
38.33 11.0069 -0.335727 -0.79921 11.1524 0.0406311 -0.000525879
38.34 11.0094 -0.335219 -0.800908 11.1584 0.0406617 -0.000522294
38.35 11.0118 -0.334715 -0.802601 11.1645 0.0406922 -0.000518725
38.36 11.0143 -0.334217 -0.804287 11.1705 0.0407229 -0.000515237
38.37 11.0168 -0.333725 -0.805966 11.1765 0.0407535 -0.000511857
38.38 11.0193 -0.333241 -0.807639 11.1825 0.0407842 -0.000508562
38.39 11.0217 -0.332764 -0.809305 11.1886 0.0408149 -0.00050529
38.4 11.0242 -0.332295 -0.810964 11.1946 0.0408456 -0.000501967
38.41 11.0266 -0.331834 -0.812617 11.2006 0.0408765 -0.000498574
38.42 11.029 -0.33138 -0.814263 11.2067 0.0409074 -0.000495148
38.43 11.0315 -0.330935 -0.815903 11.2127 0.0409384 -0.000491776
38.44 11.0339 -0.330498 -0.817535 11.2187 0.0409695 -0.00048851
38.45 11.0363 -0.330068 -0.819161 11.2248 0.0410006 -0.000485351
38.46 11.0387 -0.329645 -0.820781 11.2308 0.0410318 -0.000482246
38.47 11.0411 -0.329227 -0.822393 11.2368 0.041063 -0.000479129
38.48 11.0435 -0.328814 -0.824 11.2429 0.0410943 -0.000475953
38.49 11.0459 -0.328404 -0.8256 11.2489 0.0411256 -0.000472726
38.5 11.0482 -0.327995 -0.827193 11.255 0.041157 -0.000469499
38.51 11.0506 -0.327589 -0.828781 11.261 0.0411884 -0.000466338
38.52 11.053 -0.327183 -0.830363 11.267 0.0412199 -0.000463294
38.53 11.0553 -0.326776 -0.831939 11.2731 0.0412514 -0.000460344
38.54 11.0577 -0.326367 -0.833509 11.2791 0.041283 -0.000457437
38.55 11.06 -0.325954 -0.835074 11.2852 0.0413146 -0.000454461
38.56 11.0623 -0.325536 -0.836633 11.2912 0.0413462 -0.000451357
38.57 11.0647 -0.325114 -0.838186 11.2973 0.0413779 -0.000448227
38.58 11.067 -0.324686 -0.839734 11.3033 0.0414096 -0.000445228
38.59 11.0693 -0.324254 -0.841276 11.3094 0.0414414 -0.000442395
38.6 11.0716 -0.323816 -0.842813 11.3154 0.0414733 -0.000439671
38.61 11.0739 -0.323372 -0.844343 11.3215 0.0415051 -0.000436967
38.62 11.0762 -0.322922 -0.845868 11.3275 0.041537 -0.000434242
38.63 11.0785 -0.322466 -0.847387 11.3336 0.0415689 -0.000431509
38.64 11.0807 -0.322006 -0.848899 11.3396 0.0416008 -0.000428775
38.65 11.083 -0.321542 -0.850405 11.3457 0.0416328 -0.000426073
38.66 11.0853 -0.321075 -0.851904 11.3518 0.0416649 -0.00042342
38.67 11.0875 -0.320607 -0.853397 11.3578 0.0416969 -0.000420866
38.68 11.0898 -0.320138 -0.854882 11.3639 0.041729 -0.000418428
38.69 11.092 -0.319669 -0.85636 11.3699 0.041761 -0.000416101
38.7 11.0942 -0.319203 -0.857831 11.376 0.0417931 -0.000413818
38.71 11.0964 -0.318739 -0.859293 11.3821 0.0418252 -0.000411521
38.72 11.0987 -0.318279 -0.860747 11.3881 0.0418574 -0.000409181
38.73 11.1009 -0.317824 -0.862194 11.3942 0.0418896 -0.000406843
38.74 11.1031 -0.317375 -0.863632 11.4003 0.0419219 -0.000404603
38.75 11.1053 -0.316935 -0.865061 11.4063 0.0419541 -0.000402516
38.76 11.1074 -0.316503 -0.866482 11.4124 0.0419864 -0.000400588
38.77 11.1096 -0.31608 -0.867893 11.4185 0.0420187 -0.000398735
38.78 11.1118 -0.315667 -0.869296 11.4245 0.042051 -0.000396873
38.79 11.1139 -0.315262 -0.87069 11.4306 0.0420834 -0.000394947
38.8 11.1161 -0.314867 -0.872075 11.4367 0.0421158 -0.000392999
38.81 11.1182 -0.314482 -0.873451 11.4428 0.0421483 -0.0003911
38.82 11.1204 -0.314107 -0.874818 11.4488 0.0421808 -0.000389338
38.83 11.1225 -0.313741 -0.876176 11.4549 0.0422133 -0.000387725
38.84 11.1246 -0.313384 -0.877526 11.461 0.0422459 -0.000386219
38.85 11.1267 -0.313035 -0.878866 11.4671 0.0422784 -0.000384738
38.86 11.1288 -0.312692 -0.880198 11.4731 0.042311 -0.00038322
38.87 11.1309 -0.312354 -0.881522 11.4792 0.0423437 -0.000381658
38.88 11.133 -0.312021 -0.882838 11.4853 0.0423764 -0.0003801
38.89 11.1351 -0.311692 -0.884145 11.4914 0.0424091 -0.00037862
38.9 11.1372 -0.311365 -0.885444 11.4975 0.0424419 -0.000377266
38.91 11.1393 -0.311041 -0.886736 11.5036 0.0424746 -0.000376051
38.92 11.1413 -0.310717 -0.888019 11.5096 0.0425074 -0.000374912
38.93 11.1434 -0.310392 -0.889295 11.5157 0.0425402 -0.0003738
38.94 11.1454 -0.310066 -0.890563 11.5218 0.042573 -0.000372652
38.95 11.1475 -0.309736 -0.891824 11.5279 0.0426059 -0.000371484
38.96 11.1495 -0.309404 -0.893077 11.534 0.0426388 -0.00037034
38.97 11.1515 -0.309069 -0.894322 11.5401 0.0426717 -0.000369296
38.98 11.1536 -0.308731 -0.89556 11.5462 0.0427047 -0.0003684
38.99 11.1556 -0.30839 -0.89679 11.5523 0.0427376 -0.000367647
39 11.1576 -0.308045 -0.898012 11.5583 0.0427706 -0.000366955
39.01 11.1596 -0.307696 -0.899226 11.5644 0.0428035 -0.000366219
39.02 11.1616 -0.307345 -0.900432 11.5705 0.0428365 -0.000365468
39.03 11.1636 -0.306991 -0.90163 11.5766 0.0428695 -0.000364775
39.04 11.1655 -0.306637 -0.902819 11.5827 0.0429026 -0.000364175
39.05 11.1675 -0.306282 -0.904 11.5888 0.0429357 -0.00036363
39.06 11.1695 -0.305929 -0.905172 11.5949 0.0429688 -0.00036322
39.07 11.1714 -0.305578 -0.906334 11.601 0.0430018 -0.000363003
39.08 11.1734 -0.30523 -0.907487 11.6071 0.0430349 -0.000362925
39.09 11.1753 -0.304887 -0.908631 11.6132 0.043068 -0.000362846
39.1 11.1773 -0.304549 -0.909765 11.6193 0.0431011 -0.000362691
39.11 11.1792 -0.304217 -0.910889 11.6254 0.0431343 -0.000362497
39.12 11.1811 -0.303893 -0.912003 11.6316 0.0431675 -0.000362399
39.13 11.183 -0.303578 -0.913107 11.6377 0.0432007 -0.000362502
39.14 11.1849 -0.303274 -0.9142 11.6438 0.0432339 -0.000362792
39.15 11.1868 -0.30298 -0.915283 11.6499 0.0432671 -0.000363184
39.16 11.1887 -0.302697 -0.916355 11.656 0.0433004 -0.000363557
39.17 11.1906 -0.302424 -0.917417 11.6621 0.0433336 -0.000363885
39.18 11.1925 -0.302163 -0.918468 11.6682 0.0433669 -0.000364193
39.19 11.1944 -0.301913 -0.919509 11.6743 0.0434003 -0.000364573
39.2 11.1962 -0.301675 -0.920539 11.6804 0.0434337 -0.000365067
39.21 11.1981 -0.301449 -0.921559 11.6866 0.0434671 -0.000365709
39.22 11.2 -0.301233 -0.922569 11.6927 0.0435004 -0.000366455
39.23 11.2018 -0.301027 -0.923568 11.6988 0.0435338 -0.000367262
39.24 11.2037 -0.30083 -0.924558 11.7049 0.0435672 -0.000368072
39.25 11.2055 -0.300641 -0.925537 11.711 0.0436007 -0.00036886
39.26 11.2073 -0.300458 -0.926507 11.7172 0.0436342 -0.000369651
39.27 11.2092 -0.300282 -0.927467 11.7233 0.0436677 -0.000370489
39.28 11.211 -0.30011 -0.928418 11.7294 0.0437012 -0.000371443
39.29 11.2128 -0.299943 -0.929359 11.7355 0.0437348 -0.000372533
39.3 11.2146 -0.299779 -0.930291 11.7416 0.0437683 -0.000373752
39.31 11.2164 -0.299617 -0.931214 11.7478 0.0438018 -0.000375021
39.32 11.2182 -0.299456 -0.932128 11.7539 0.0438353 -0.000376296
39.33 11.22 -0.299294 -0.933033 11.76 0.0438689 -0.000377538
39.34 11.2218 -0.299131 -0.93393 11.7662 0.0439026 -0.000378804
39.35 11.2236 -0.298967 -0.934817 11.7723 0.0439362 -0.00038016
39.36 11.2254 -0.298803 -0.935696 11.7784 0.0439699 -0.000381674
39.37 11.2271 -0.298637 -0.936565 11.7845 0.0440035 -0.00038335
39.38 11.2289 -0.298469 -0.937426 11.7907 0.0440372 -0.000385137
39.39 11.2307 -0.2983 -0.938277 11.7968 0.0440708 -0.000386965
39.4 11.2324 -0.29813 -0.93912 11.8029 0.0441045 -0.000388785
39.41 11.2342 -0.297959 -0.939952 11.8091 0.0441382 -0.000390624
39.42 11.2359 -0.297787 -0.940776 11.8152 0.044172 -0.000392526
39.43 11.2376 -0.297618 -0.941589 11.8214 0.0442058 -0.00039458
39.44 11.2394 -0.29745 -0.942393 11.8275 0.0442396 -0.000396787
39.45 11.2411 -0.297286 -0.943187 11.8336 0.0442734 -0.000399148
39.46 11.2428 -0.297125 -0.94397 11.8398 0.0443072 -0.000401586
39.47 11.2446 -0.29697 -0.944742 11.8459 0.044341 -0.000404069
39.48 11.2463 -0.296821 -0.945504 11.8521 0.0443749 -0.000406565
39.49 11.248 -0.296679 -0.946255 11.8582 0.0444089 -0.000409106
39.5 11.2497 -0.296546 -0.946995 11.8643 0.0444428 -0.00041173
39.51 11.2514 -0.296422 -0.947724 11.8705 0.0444768 -0.000414485
39.52 11.2531 -0.296309 -0.948441 11.8766 0.0445109 -0.000417391
39.53 11.2548 -0.296208 -0.949147 11.8828 0.0445449 -0.000420415
39.54 11.2565 -0.296118 -0.949842 11.8889 0.0445789 -0.000423526
39.55 11.2582 -0.29604 -0.950524 11.8951 0.044613 -0.000426646
39.56 11.2598 -0.295975 -0.951196 11.9012 0.0446472 -0.000429724
39.57 11.2615 -0.295921 -0.951857 11.9074 0.0446816 -0.000432721
39.58 11.2632 -0.29588 -0.952507 11.9135 0.044716 -0.000435838
39.59 11.2649 -0.295853 -0.953145 11.9197 0.0447503 -0.000439217
39.6 11.2665 -0.295838 -0.953771 11.9259 0.0447846 -0.000442841
39.61 11.2682 -0.295835 -0.954387 11.932 0.0448189 -0.000446521
39.62 11.2698 -0.295842 -0.954991 11.9382 0.0448533 -0.000450144
39.63 11.2715 -0.295858 -0.955585 11.9443 0.0448877 -0.000453698
39.64 11.2732 -0.295883 -0.956169 11.9505 0.0449222 -0.00045728
39.65 11.2748 -0.295916 -0.956742 11.9566 0.0449567 -0.000460992
39.66 11.2765 -0.295955 -0.957305 11.9628 0.0449913 -0.00046483
39.67 11.2781 -0.296 -0.957859 11.969 0.0450259 -0.000468791
39.68 11.2797 -0.29605 -0.958402 11.9751 0.0450605 -0.000472796
39.69 11.2814 -0.296102 -0.958935 11.9813 0.0450952 -0.000476872
39.7 11.283 -0.296157 -0.959459 11.9875 0.0451299 -0.000480985
39.71 11.2846 -0.296214 -0.959974 11.9936 0.0451646 -0.000485167
39.72 11.2863 -0.29627 -0.960479 11.9998 0.0451994 -0.000489382
39.73 11.2879 -0.296327 -0.960975 12.006 0.0452343 -0.000493666
39.74 11.2895 -0.296383 -0.961461 12.0121 0.0452692 -0.000498038
39.75 11.2911 -0.296439 -0.961939 12.0183 0.0453041 -0.000502536
39.76 11.2928 -0.296494 -0.962406 12.0245 0.0453391 -0.000507172
39.77 11.2944 -0.296548 -0.962864 12.0306 0.0453741 -0.00051189
39.78 11.296 -0.296601 -0.963313 12.0368 0.0454091 -0.00051667
39.79 11.2976 -0.296654 -0.963752 12.043 0.0454442 -0.000521457
39.8 11.2992 -0.296707 -0.964181 12.0492 0.0454794 -0.000526305
39.81 11.3008 -0.296761 -0.9646 12.0553 0.0455146 -0.000531229
39.82 11.3024 -0.296818 -0.965009 12.0615 0.0455499 -0.000536304
39.83 11.304 -0.296877 -0.965408 12.0677 0.0455852 -0.000541505
39.84 11.3056 -0.29694 -0.965796 12.0739 0.0456205 -0.000546828
39.85 11.3072 -0.297008 -0.966173 12.0801 0.0456559 -0.000552201
39.86 11.3088 -0.297082 -0.96654 12.0862 0.0456914 -0.000557606
39.87 11.3104 -0.297163 -0.966895 12.0924 0.0457269 -0.000563039
39.88 11.312 -0.297252 -0.96724 12.0986 0.0457625 -0.000568534
39.89 11.3136 -0.29735 -0.967573 12.1048 0.0457982 -0.000574141
39.9 11.3152 -0.297459 -0.967895 12.111 0.0458339 -0.000579865
39.91 11.3168 -0.297578 -0.968205 12.1172 0.0458697 -0.000585704
39.92 11.3183 -0.297709 -0.968504 12.1233 0.0459055 -0.000591597
39.93 11.3199 -0.297852 -0.968792 12.1295 0.0459413 -0.000597538
39.94 11.3215 -0.298007 -0.969067 12.1357 0.0459773 -0.000603482
39.95 11.3231 -0.298174 -0.969332 12.1419 0.0460133 -0.000609476
39.96 11.3247 -0.298353 -0.969585 12.1481 0.0460494 -0.000615518
39.97 11.3262 -0.298544 -0.969826 12.1543 0.0460855 -0.000621667
39.98 11.3278 -0.298748 -0.970057 12.1605 0.0461217 -0.000627902
39.99 11.3294 -0.298962 -0.970276 12.1667 0.0461579 -0.000634222
40 11.331 -0.299187 -0.970484 12.1729 0.0461941 -0.000640582
40.01 11.3325 -0.299421 -0.970682 12.1791 0.0462304 -0.000646969
40.02 11.3341 -0.299663 -0.970868 12.1853 0.0462668 -0.000653381
40.03 11.3357 -0.299912 -0.971045 12.1915 0.0463033 -0.000659814
40.04 11.3373 -0.300168 -0.971212 12.1977 0.0463399 -0.000666305
40.05 11.3388 -0.300429 -0.971368 12.2039 0.0463766 -0.000672865
40.06 11.3404 -0.300695 -0.971515 12.2101 0.0464132 -0.000679558
40.07 11.342 -0.300964 -0.971651 12.2163 0.0464499 -0.000686322
40.08 11.3435 -0.301234 -0.971778 12.2225 0.0464866 -0.000693156
40.09 11.3451 -0.301505 -0.971895 12.2287 0.0465234 -0.000699981
40.1 11.3467 -0.301776 -0.972003 12.2349 0.0465602 -0.000706782
40.11 11.3482 -0.302046 -0.972102 12.2411 0.0465972 -0.000713519
40.12 11.3498 -0.302314 -0.972191 12.2473 0.0466342 -0.000720376
40.13 11.3513 -0.302582 -0.972272 12.2535 0.0466712 -0.000727465
40.14 11.3529 -0.302848 -0.972343 12.2597 0.0467083 -0.00073474
40.15 11.3545 -0.303111 -0.972404 12.2659 0.0467455 -0.000742041
40.16 11.356 -0.303373 -0.972456 12.2721 0.0467827 -0.000749255
40.17 11.3576 -0.303632 -0.972499 12.2783 0.04682 -0.000756453
40.18 11.3591 -0.30389 -0.972532 12.2846 0.0468574 -0.000763694
40.19 11.3607 -0.304148 -0.972555 12.2908 0.0468948 -0.000771098
40.2 11.3622 -0.304405 -0.972569 12.297 0.0469324 -0.00077858
40.21 11.3638 -0.304664 -0.972572 12.3032 0.04697 -0.000786139
40.22 11.3653 -0.304925 -0.972566 12.3094 0.0470076 -0.000793678
40.23 11.3669 -0.305189 -0.972549 12.3156 0.0470453 -0.000801262
40.24 11.3684 -0.305456 -0.972521 12.3219 0.0470831 -0.000808876
40.25 11.37 -0.305729 -0.972483 12.3281 0.0471209 -0.000816556
40.26 11.3715 -0.306008 -0.972434 12.3343 0.0471589 -0.000824277
40.27 11.3731 -0.306294 -0.972375 12.3405 0.0471969 -0.000832014
40.28 11.3746 -0.306588 -0.972304 12.3467 0.047235 -0.000839802
40.29 11.3762 -0.306891 -0.972223 12.353 0.0472731 -0.000847608
40.3 11.3777 -0.307203 -0.97213 12.3592 0.0473113 -0.000855494
40.31 11.3792 -0.307526 -0.972026 12.3654 0.0473495 -0.000863381
40.32 11.3808 -0.307859 -0.971911 12.3716 0.0473878 -0.000871312
40.33 11.3823 -0.308202 -0.971786 12.3779 0.0474261 -0.000879213
40.34 11.3839 -0.308556 -0.971649 12.3841 0.0474646 -0.000887152
40.35 11.3854 -0.30892 -0.971501 12.3903 0.0475031 -0.0008951
40.36 11.3869 -0.309294 -0.971343 12.3966 0.0475416 -0.000903107
40.37 11.3885 -0.309678 -0.971174 12.4028 0.0475802 -0.000911147
40.38 11.39 -0.310071 -0.970994 12.409 0.0476188 -0.000919208
40.39 11.3916 -0.310471 -0.970805 12.4153 0.0476574 -0.000927286
40.4 11.3931 -0.310878 -0.970604 12.4215 0.0476961 -0.000935345
40.41 11.3946 -0.311291 -0.970394 12.4277 0.0477349 -0.000943434
40.42 11.3962 -0.311708 -0.970175 12.434 0.0477737 -0.000951532
40.43 11.3977 -0.312129 -0.969945 12.4402 0.0478125 -0.000959704
40.44 11.3992 -0.312553 -0.969707 12.4464 0.0478514 -0.000967886
40.45 11.4007 -0.312977 -0.969459 12.4527 0.0478903 -0.000976119
40.46 11.4023 -0.313401 -0.969202 12.4589 0.0479293 -0.000984327
40.47 11.4038 -0.313823 -0.968936 12.4652 0.0479684 -0.000992561
40.48 11.4053 -0.314244 -0.968661 12.4714 0.0480075 -0.00100081
40.49 11.4068 -0.314662 -0.968377 12.4776 0.0480466 -0.00100912
40.5 11.4084 -0.315076 -0.968084 12.4839 0.0480858 -0.00101748
40.51 11.4099 -0.315486 -0.967782 12.4901 0.048125 -0.00102587
40.52 11.4114 -0.315891 -0.967472 12.4964 0.0481642 -0.00103428
40.53 11.4129 -0.316292 -0.967153 12.5026 0.0482035 -0.0010427
40.54 11.4144 -0.316688 -0.966824 12.5089 0.0482428 -0.00105116
40.55 11.4159 -0.317079 -0.966487 12.5151 0.0482821 -0.00105964
40.56 11.4174 -0.317466 -0.966141 12.5214 0.0483215 -0.00106817
40.57 11.419 -0.317849 -0.965786 12.5276 0.048361 -0.0010767
40.58 11.4205 -0.318229 -0.965421 12.5339 0.0484005 -0.00108528
40.59 11.422 -0.318607 -0.965048 12.5401 0.04844 -0.00109386
40.6 11.4235 -0.318984 -0.964665 12.5464 0.0484796 -0.00110249
40.61 11.425 -0.31936 -0.964272 12.5526 0.0485192 -0.00111112
40.62 11.4265 -0.319738 -0.963869 12.5589 0.0485588 -0.00111977
40.63 11.4279 -0.320117 -0.963456 12.5652 0.0485985 -0.00112843
40.64 11.4294 -0.320499 -0.963033 12.5714 0.0486382 -0.0011371
40.65 11.4309 -0.320885 -0.9626 12.5777 0.048678 -0.0011458
40.66 11.4324 -0.321275 -0.962157 12.5839 0.0487178 -0.00115451
40.67 11.4339 -0.321672 -0.961704 12.5902 0.0487576 -0.00116324
40.68 11.4354 -0.322074 -0.96124 12.5965 0.0487975 -0.00117195
40.69 11.4369 -0.322484 -0.960766 12.6027 0.0488373 -0.00118068
40.7 11.4383 -0.322901 -0.960282 12.609 0.0488772 -0.00118939
40.71 11.4398 -0.323326 -0.959787 12.6153 0.0489171 -0.00119813
40.72 11.4413 -0.323758 -0.959282 12.6215 0.048957 -0.00120687
40.73 11.4427 -0.324198 -0.958767 12.6278 0.0489969 -0.00121564
40.74 11.4442 -0.324645 -0.958242 12.6341 0.0490368 -0.00122441
40.75 11.4457 -0.325099 -0.957707 12.6403 0.0490768 -0.00123317
40.76 11.4471 -0.325558 -0.957162 12.6466 0.0491167 -0.00124193
40.77 11.4486 -0.326023 -0.956608 12.6529 0.0491566 -0.00125068
40.78 11.45 -0.326491 -0.956044 12.6591 0.0491965 -0.00125945
40.79 11.4515 -0.326963 -0.955471 12.6654 0.0492364 -0.00126824
40.8 11.4529 -0.327437 -0.954889 12.6717 0.0492764 -0.00127707
40.81 11.4543 -0.327911 -0.954298 12.678 0.0493163 -0.00128589
40.82 11.4558 -0.328385 -0.953699 12.6842 0.0493562 -0.00129475
40.83 11.4572 -0.328856 -0.953091 12.6905 0.049396 -0.00130357
40.84 11.4586 -0.329325 -0.952474 12.6968 0.0494359 -0.00131243
40.85 11.46 -0.329789 -0.951849 12.7031 0.0494758 -0.00132128
40.86 11.4615 -0.330248 -0.951216 12.7093 0.0495156 -0.00133019
40.87 11.4629 -0.330701 -0.950575 12.7156 0.0495554 -0.00133912
40.88 11.4643 -0.331147 -0.949926 12.7219 0.0495952 -0.00134808
40.89 11.4657 -0.331585 -0.94927 12.7282 0.049635 -0.00135706
40.9 11.4671 -0.332015 -0.948605 12.7345 0.0496748 -0.00136604
40.91 11.4684 -0.332437 -0.947932 12.7407 0.0497145 -0.00137504
40.92 11.4698 -0.332851 -0.947252 12.747 0.0497542 -0.00138403
40.93 11.4712 -0.333256 -0.946563 12.7533 0.0497939 -0.00139307
40.94 11.4726 -0.333654 -0.945866 12.7596 0.0498336 -0.00140211
40.95 11.4739 -0.334044 -0.945161 12.7659 0.0498732 -0.00141121
40.96 11.4753 -0.334428 -0.944448 12.7722 0.0499129 -0.0014203
40.97 11.4766 -0.334806 -0.943727 12.7785 0.0499526 -0.00142942
40.98 11.478 -0.335179 -0.942997 12.7848 0.0499922 -0.00143853
40.99 11.4793 -0.335548 -0.942258 12.7911 0.0500317 -0.00144766
41 11.4807 -0.335915 -0.94151 12.7973 0.0500712 -0.00145677
41.01 11.482 -0.336279 -0.940753 12.8036 0.0501107 -0.0014659
41.02 11.4833 -0.336643 -0.939987 12.8099 0.0501501 -0.00147506
41.03 11.4846 -0.337008 -0.939212 12.8162 0.0501895 -0.00148423
41.04 11.4859 -0.337374 -0.938428 12.8225 0.0502288 -0.00149343
41.05 11.4872 -0.337742 -0.937635 12.8288 0.0502681 -0.00150259
41.06 11.4885 -0.338112 -0.936832 12.8351 0.0503074 -0.00151175
41.07 11.4898 -0.338487 -0.93602 12.8414 0.0503465 -0.00152086
41.08 11.4911 -0.338865 -0.935198 12.8477 0.0503857 -0.00153001
41.09 11.4924 -0.339248 -0.934367 12.854 0.0504247 -0.00153915
41.1 11.4936 -0.339635 -0.933527 12.8603 0.0504637 -0.00154835
41.11 11.4949 -0.340026 -0.932677 12.8666 0.0505026 -0.00155754
41.12 11.4962 -0.340422 -0.931819 12.8729 0.0505415 -0.00156673
41.13 11.4974 -0.340821 -0.930951 12.8792 0.0505803 -0.00157589
41.14 11.4986 -0.341222 -0.930075 12.8855 0.050619 -0.00158503
41.15 11.4999 -0.341625 -0.929191 12.8919 0.0506576 -0.00159418
41.16 11.5011 -0.34203 -0.928297 12.8982 0.0506962 -0.00160334
41.17 11.5023 -0.342434 -0.927396 12.9045 0.0507346 -0.00161255
41.18 11.5035 -0.342838 -0.926486 12.9108 0.050773 -0.00162175
41.19 11.5047 -0.343239 -0.925568 12.9171 0.0508113 -0.001631
41.2 11.5059 -0.343636 -0.924643 12.9234 0.0508494 -0.00164023
41.21 11.5071 -0.344028 -0.92371 12.9297 0.0508875 -0.00164946
41.22 11.5082 -0.344414 -0.92277 12.936 0.0509256 -0.00165867
41.23 11.5094 -0.344792 -0.921823 12.9423 0.0509635 -0.0016679
41.24 11.5105 -0.345162 -0.920868 12.9487 0.0510013 -0.00167715
41.25 11.5117 -0.345523 -0.919906 12.955 0.051039 -0.00168648
41.26 11.5128 -0.345875 -0.918938 12.9613 0.0510766 -0.0016959
41.27 11.5139 -0.346215 -0.917962 12.9676 0.0511141 -0.00170532
41.28 11.515 -0.346544 -0.91698 12.9739 0.0511515 -0.00171466
41.29 11.5161 -0.346861 -0.915991 12.9802 0.0511888 -0.0017239
41.3 11.5172 -0.347167 -0.914995 12.9866 0.051226 -0.00173318
41.31 11.5183 -0.347461 -0.913992 12.9929 0.0512631 -0.00174251
41.32 11.5193 -0.347745 -0.912982 12.9992 0.0513001 -0.00175195
41.33 11.5204 -0.348017 -0.911965 13.0055 0.0513369 -0.00176137
41.34 11.5214 -0.34828 -0.91094 13.0119 0.0513736 -0.00177079
41.35 11.5225 -0.348534 -0.909909 13.0182 0.0514102 -0.00178015
41.36 11.5235 -0.348778 -0.90887 13.0245 0.0514467 -0.00178952
41.37 11.5245 -0.349016 -0.907824 13.0309 0.051483 -0.00179889
41.38 11.5255 -0.349247 -0.906771 13.0372 0.0515192 -0.00180827
41.39 11.5265 -0.349473 -0.905709 13.0435 0.0515553 -0.00181765
41.4 11.5275 -0.349696 -0.90464 13.0498 0.0515913 -0.00182701
41.41 11.5284 -0.349915 -0.903562 13.0562 0.0516271 -0.00183639
41.42 11.5294 -0.350132 -0.902477 13.0625 0.0516627 -0.00184575
41.43 11.5303 -0.350348 -0.901383 13.0688 0.0516982 -0.00185512
41.44 11.5312 -0.350563 -0.900282 13.0752 0.0517335 -0.00186444
41.45 11.5322 -0.350779 -0.899172 13.0815 0.0517688 -0.00187374
41.46 11.5331 -0.350995 -0.898054 13.0878 0.0518038 -0.001883
41.47 11.534 -0.351213 -0.896928 13.0942 0.0518387 -0.00189228
41.48 11.5348 -0.351432 -0.895794 13.1005 0.0518734 -0.00190155
41.49 11.5357 -0.351652 -0.894652 13.1069 0.0519079 -0.00191085
41.5 11.5366 -0.351873 -0.893501 13.1132 0.0519423 -0.00192012
41.51 11.5374 -0.352095 -0.892343 13.1195 0.0519765 -0.00192935
41.52 11.5382 -0.352317 -0.891178 13.1259 0.0520105 -0.00193855
41.53 11.5391 -0.352537 -0.890005 13.1322 0.0520444 -0.00194771
41.54 11.5399 -0.352756 -0.888824 13.1386 0.0520781 -0.00195688
41.55 11.5407 -0.352973 -0.887637 13.1449 0.0521116 -0.00196605
41.56 11.5414 -0.353185 -0.886442 13.1513 0.0521449 -0.00197525
41.57 11.5422 -0.353393 -0.88524 13.1576 0.0521781 -0.00198442
41.58 11.543 -0.353594 -0.884032 13.1639 0.052211 -0.00199359
41.59 11.5437 -0.353787 -0.882818 13.1703 0.0522438 -0.0020027
41.6 11.5444 -0.353971 -0.881597 13.1766 0.0522764 -0.0020118
41.61 11.5451 -0.354146 -0.880371 13.183 0.0523088 -0.00202087
41.62 11.5458 -0.354309 -0.879138 13.1893 0.0523411 -0.00202996
41.63 11.5465 -0.354461 -0.8779 13.1957 0.0523731 -0.00203904
41.64 11.5472 -0.3546 -0.876655 13.2021 0.052405 -0.00204812
41.65 11.5479 -0.354726 -0.875405 13.2084 0.0524366 -0.00205719
41.66 11.5485 -0.354838 -0.87415 13.2148 0.0524681 -0.00206621
41.67 11.5491 -0.354935 -0.872888 13.2211 0.0524994 -0.0020752
41.68 11.5497 -0.355018 -0.871622 13.2275 0.0525305 -0.00208415
41.69 11.5503 -0.355087 -0.87035 13.2338 0.0525615 -0.00209308
41.7 11.5509 -0.355143 -0.869072 13.2402 0.0525922 -0.00210199
41.71 11.5515 -0.355185 -0.867789 13.2466 0.0526227 -0.0021109
41.72 11.552 -0.355214 -0.866499 13.2529 0.052653 -0.00211977
41.73 11.5526 -0.355232 -0.865204 13.2593 0.0526831 -0.00212862
41.74 11.5531 -0.355238 -0.863902 13.2656 0.052713 -0.0021374
41.75 11.5536 -0.355234 -0.862595 13.272 0.0527428 -0.00214614
41.76 11.5541 -0.355221 -0.861282 13.2784 0.0527723 -0.0021548
41.77 11.5546 -0.3552 -0.859962 13.2847 0.0528017 -0.00216343
41.78 11.5551 -0.355172 -0.858636 13.2911 0.0528308 -0.00217203
41.79 11.5555 -0.355139 -0.857303 13.2975 0.0528597 -0.00218061
41.8 11.5559 -0.355101 -0.855964 13.3038 0.0528883 -0.00218916
41.81 11.5564 -0.355059 -0.854618 13.3102 0.0529167 -0.00219767
41.82 11.5568 -0.355014 -0.853265 13.3166 0.052945 -0.00220619
41.83 11.5572 -0.354968 -0.851906 13.3229 0.0529731 -0.00221461
41.84 11.5575 -0.354919 -0.85054 13.3293 0.053001 -0.00222289
41.85 11.5579 -0.354869 -0.849168 13.3357 0.0530286 -0.00223104
41.86 11.5582 -0.354818 -0.847788 13.3421 0.053056 -0.00223921
41.87 11.5586 -0.354766 -0.846402 13.3484 0.0530831 -0.0022474
41.88 11.5589 -0.354713 -0.845009 13.3548 0.05311 -0.0022556
41.89 11.5592 -0.354659 -0.843611 13.3612 0.0531367 -0.0022637
41.9 11.5594 -0.354602 -0.842206 13.3676 0.0531632 -0.00227169
41.91 11.5597 -0.354542 -0.840795 13.3739 0.0531895 -0.00227958
41.92 11.56 -0.354479 -0.839378 13.3803 0.0532157 -0.00228745
41.93 11.5602 -0.354412 -0.837956 13.3867 0.0532416 -0.00229533
41.94 11.5604 -0.354339 -0.836528 13.3931 0.0532672 -0.00230318
41.95 11.5606 -0.354259 -0.835095 13.3995 0.0532927 -0.002311
41.96 11.5608 -0.354171 -0.833656 13.4058 0.0533178 -0.00231873
41.97 11.561 -0.354074 -0.832213 13.4122 0.0533428 -0.00232639
41.98 11.5611 -0.353967 -0.830765 13.4186 0.0533676 -0.00233398
41.99 11.5613 -0.353848 -0.829313 13.425 0.0533922 -0.00234154
42 11.5614 -0.353718 -0.827857 13.4314 0.0534167 -0.00234905
42.01 11.5615 -0.353574 -0.826396 13.4378 0.0534409 -0.00235659
42.02 11.5616 -0.353417 -0.82493 13.4442 0.0534648 -0.00236418
42.03 11.5617 -0.353245 -0.823461 13.4506 0.0534885 -0.00237171
42.04 11.5617 -0.353058 -0.821987 13.4569 0.0535119 -0.00237905
42.05 11.5618 -0.352854 -0.82051 13.4633 0.0535352 -0.0023862
42.06 11.5618 -0.352635 -0.819029 13.4697 0.0535584 -0.00239332
42.07 11.5618 -0.352401 -0.817544 13.4761 0.0535813 -0.00240047
42.08 11.5618 -0.352153 -0.816056 13.4825 0.0536041 -0.00240764
42.09 11.5618 -0.35189 -0.814563 13.4889 0.0536266 -0.00241474
42.1 11.5618 -0.351612 -0.813066 13.4953 0.0536489 -0.00242174
42.11 11.5617 -0.351322 -0.811564 13.5017 0.0536709 -0.00242864
42.12 11.5616 -0.351019 -0.810059 13.5081 0.0536926 -0.00243548
42.13 11.5616 -0.350705 -0.808549 13.5145 0.0537142 -0.00244227
42.14 11.5615 -0.35038 -0.807035 13.5209 0.0537357 -0.002449
42.15 11.5613 -0.350047 -0.805517 13.5273 0.053757 -0.00245563
42.16 11.5612 -0.349705 -0.803994 13.5337 0.053778 -0.00246219
42.17 11.5611 -0.349356 -0.802466 13.5401 0.0537988 -0.00246869
42.18 11.5609 -0.349002 -0.800933 13.5465 0.0538193 -0.00247514
42.19 11.5607 -0.348643 -0.799395 13.5529 0.0538396 -0.00248154
42.2 11.5605 -0.348279 -0.797852 13.5593 0.0538597 -0.00248784
42.21 11.5603 -0.347912 -0.796305 13.5657 0.0538796 -0.00249404
42.22 11.5601 -0.347542 -0.794753 13.5721 0.0538993 -0.00250012
42.23 11.5599 -0.34717 -0.793196 13.5785 0.0539189 -0.00250615
42.24 11.5596 -0.346795 -0.791634 13.5849 0.0539383 -0.00251212
42.25 11.5593 -0.346419 -0.790067 13.5914 0.0539574 -0.00251807
42.26 11.5591 -0.346041 -0.788495 13.5978 0.0539762 -0.00252394
42.27 11.5588 -0.345661 -0.786919 13.6042 0.0539948 -0.00252972
42.28 11.5585 -0.345277 -0.785338 13.6106 0.0540133 -0.0025354
42.29 11.5581 -0.34489 -0.783753 13.617 0.0540316 -0.00254098
42.3 11.5578 -0.344499 -0.782164 13.6234 0.0540497 -0.00254649
42.31 11.5574 -0.344102 -0.780572 13.6298 0.0540677 -0.00255194
42.32 11.5571 -0.3437 -0.778975 13.6362 0.0540855 -0.00255735
42.33 11.5567 -0.343292 -0.777375 13.6427 0.054103 -0.00256269
42.34 11.5563 -0.342875 -0.775771 13.6491 0.0541202 -0.00256798
42.35 11.5559 -0.342449 -0.774164 13.6555 0.0541373 -0.00257316
42.36 11.5554 -0.342012 -0.772554 13.6619 0.0541543 -0.00257826
42.37 11.555 -0.341564 -0.770942 13.6683 0.0541711 -0.00258326
42.38 11.5545 -0.341105 -0.769327 13.6748 0.0541878 -0.00258818
42.39 11.5541 -0.340632 -0.76771 13.6812 0.0542043 -0.00259304
42.4 11.5536 -0.340146 -0.766091 13.6876 0.0542206 -0.00259786
42.41 11.5531 -0.339646 -0.764469 13.694 0.0542366 -0.00260262
42.42 11.5526 -0.339131 -0.762844 13.7005 0.0542524 -0.00260729
42.43 11.552 -0.338601 -0.761218 13.7069 0.0542681 -0.00261187
42.44 11.5515 -0.338056 -0.759589 13.7133 0.0542836 -0.00261632
42.45 11.5509 -0.337496 -0.75796 13.7197 0.0542991 -0.00262068
42.46 11.5503 -0.336921 -0.756328 13.7262 0.0543143 -0.00262496
42.47 11.5498 -0.336333 -0.754694 13.7326 0.0543294 -0.00262919
42.48 11.5492 -0.335732 -0.753058 13.739 0.0543443 -0.00263341
42.49 11.5485 -0.335118 -0.751419 13.7455 0.054359 -0.00263768
42.5 11.5479 -0.334493 -0.749778 13.7519 0.0543734 -0.00264192
42.51 11.5473 -0.333856 -0.748134 13.7583 0.0543877 -0.00264592
42.52 11.5466 -0.333209 -0.746488 13.7648 0.0544018 -0.0026496
42.53 11.5459 -0.332552 -0.74484 13.7712 0.0544159 -0.00265314
42.54 11.5453 -0.331888 -0.74319 13.7776 0.0544298 -0.00265673
42.55 11.5446 -0.331219 -0.741536 13.7841 0.0544434 -0.0026604
42.56 11.5439 -0.330544 -0.73988 13.7905 0.0544569 -0.00266404
42.57 11.5431 -0.329865 -0.73822 13.797 0.0544701 -0.00266752
42.58 11.5424 -0.329181 -0.736558 13.8034 0.0544832 -0.00267081
42.59 11.5417 -0.328494 -0.734892 13.8098 0.0544961 -0.00267397
42.6 11.5409 -0.327805 -0.733224 13.8163 0.054509 -0.00267711
42.61 11.5401 -0.327115 -0.731553 13.8227 0.0545217 -0.00268022
42.62 11.5394 -0.326424 -0.72988 13.8292 0.0545343 -0.00268328
42.63 11.5386 -0.325731 -0.728203 13.8356 0.0545467 -0.00268623
42.64 11.5378 -0.325037 -0.726523 13.8421 0.0545589 -0.00268908
42.65 11.537 -0.324342 -0.72484 13.8485 0.0545708 -0.00269185
42.66 11.5361 -0.323645 -0.723155 13.8549 0.0545827 -0.00269455
42.67 11.5353 -0.322945 -0.721468 13.8614 0.0545944 -0.00269716
42.68 11.5345 -0.322243 -0.719778 13.8678 0.0546061 -0.00269968
42.69 11.5336 -0.321537 -0.718087 13.8743 0.0546177 -0.0027021
42.7 11.5327 -0.320827 -0.716394 13.8807 0.0546291 -0.00270444
42.71 11.5319 -0.320112 -0.714698 13.8872 0.0546404 -0.00270674
42.72 11.531 -0.319391 -0.713001 13.8936 0.0546514 -0.00270898
42.73 11.5301 -0.318662 -0.711303 13.9001 0.0546623 -0.00271114
42.74 11.5292 -0.317925 -0.709604 13.9066 0.0546731 -0.00271317
42.75 11.5282 -0.317179 -0.707904 13.913 0.0546839 -0.0027151
42.76 11.5273 -0.316423 -0.706203 13.9195 0.0546945 -0.00271692
42.77 11.5264 -0.315656 -0.704502 13.9259 0.0547051 -0.00271868
42.78 11.5254 -0.314877 -0.702801 13.9324 0.0547156 -0.00272039
42.79 11.5245 -0.314087 -0.701098 13.9388 0.0547258 -0.00272203
42.8 11.5235 -0.313284 -0.699396 13.9453 0.0547359 -0.00272358
42.81 11.5225 -0.312469 -0.697692 13.9518 0.0547458 -0.00272501
42.82 11.5215 -0.31164 -0.69599 13.9582 0.0547557 -0.00272633
42.83 11.5205 -0.310799 -0.694287 13.9647 0.0547656 -0.00272755
42.84 11.5195 -0.309946 -0.692584 13.9712 0.0547753 -0.00272868
42.85 11.5185 -0.30908 -0.690881 13.9776 0.054785 -0.00272974
42.86 11.5175 -0.308204 -0.689178 13.9841 0.0547945 -0.00273072
42.87 11.5164 -0.307316 -0.687474 13.9906 0.0548038 -0.00273161
42.88 11.5154 -0.306419 -0.685769 13.997 0.0548129 -0.00273241
42.89 11.5143 -0.305512 -0.684064 14.0035 0.054822 -0.0027331
42.9 11.5133 -0.304598 -0.682359 14.01 0.054831 -0.00273367
42.91 11.5122 -0.303676 -0.680653 14.0164 0.0548399 -0.00273413
42.92 11.5111 -0.302748 -0.678947 14.0229 0.0548488 -0.0027345
42.93 11.5101 -0.301816 -0.677239 14.0294 0.0548575 -0.00273479
42.94 11.509 -0.30088 -0.675531 14.0358 0.0548661 -0.00273502
42.95 11.5079 -0.299942 -0.673821 14.0423 0.0548745 -0.00273515
42.96 11.5068 -0.299001 -0.67211 14.0488 0.0548828 -0.00273516
42.97 11.5057 -0.298059 -0.670398 14.0553 0.054891 -0.00273506
42.98 11.5046 -0.297117 -0.668685 14.0617 0.0548992 -0.00273483
42.99 11.5034 -0.296176 -0.666971 14.0682 0.0549073 -0.00273451
43 11.5023 -0.295235 -0.665256 14.0747 0.0549154 -0.00273415
43.01 11.5012 -0.294295 -0.66354 14.0812 0.0549233 -0.00273378
43.02 11.5001 -0.293357 -0.661823 14.0876 0.0549311 -0.00273331
43.03 11.4989 -0.292419 -0.660104 14.0941 0.0549388 -0.00273264
43.04 11.4978 -0.291481 -0.658385 14.1006 0.0549463 -0.00273178
43.05 11.4966 -0.290543 -0.656665 14.1071 0.0549539 -0.00273083
43.06 11.4955 -0.289606 -0.654945 14.1136 0.0549615 -0.00272985
43.07 11.4943 -0.288668 -0.653225 14.1201 0.054969 -0.00272882
43.08 11.4931 -0.287729 -0.651505 14.1265 0.0549765 -0.00272768
43.09 11.492 -0.286787 -0.649785 14.133 0.0549838 -0.00272641
43.1 11.4908 -0.285843 -0.648065 14.1395 0.054991 -0.00272501
43.11 11.4896 -0.284894 -0.646344 14.146 0.0549982 -0.00272353
43.12 11.4885 -0.28394 -0.644625 14.1525 0.0550053 -0.00272196
43.13 11.4873 -0.282981 -0.642907 14.159 0.0550124 -0.0027203
43.14 11.4861 -0.282015 -0.64119 14.1655 0.0550195 -0.00271851
43.15 11.4849 -0.281041 -0.639474 14.172 0.0550266 -0.00271659
43.16 11.4837 -0.28006 -0.63776 14.1785 0.0550336 -0.00271457
43.17 11.4825 -0.279071 -0.636046 14.1849 0.0550406 -0.00271248
43.18 11.4813 -0.278072 -0.634334 14.1914 0.0550474 -0.0027103
43.19 11.4801 -0.277064 -0.632623 14.1979 0.0550542 -0.00270801
43.2 11.4789 -0.276047 -0.630914 14.2044 0.0550609 -0.00270559
43.21 11.4777 -0.27502 -0.629207 14.2109 0.0550677 -0.00270304
43.22 11.4765 -0.273985 -0.627502 14.2174 0.0550745 -0.00270038
43.23 11.4753 -0.27294 -0.625798 14.2239 0.0550813 -0.00269763
43.24 11.4741 -0.271887 -0.624096 14.2304 0.055088 -0.0026948
43.25 11.4729 -0.270827 -0.622394 14.2369 0.0550946 -0.00269186
43.26 11.4717 -0.26976 -0.620694 14.2434 0.0551011 -0.00268881
43.27 11.4704 -0.268686 -0.618996 14.2499 0.0551076 -0.00268564
43.28 11.4692 -0.267607 -0.617298 14.2564 0.0551141 -0.00268235
43.29 11.468 -0.266524 -0.615602 14.2629 0.0551206 -0.00267896
43.3 11.4668 -0.265438 -0.613907 14.2694 0.0551272 -0.00267545
43.31 11.4656 -0.26435 -0.612213 14.2759 0.0551337 -0.00267186
43.32 11.4644 -0.263261 -0.61052 14.2825 0.0551401 -0.00266815
43.33 11.4631 -0.262172 -0.608827 14.289 0.0551465 -0.00266434
43.34 11.4619 -0.261084 -0.607134 14.2955 0.0551528 -0.00266042
43.35 11.4607 -0.259997 -0.605442 14.302 0.0551591 -0.00265638
43.36 11.4595 -0.258913 -0.603751 14.3085 0.0551655 -0.00265222
43.37 11.4583 -0.257832 -0.60206 14.315 0.0551719 -0.00264795
43.38 11.4571 -0.256755 -0.60037 14.3215 0.0551784 -0.00264357
43.39 11.4559 -0.255682 -0.598681 14.328 0.0551848 -0.00263908
43.4 11.4547 -0.254613 -0.596992 14.3345 0.0551912 -0.00263448
43.41 11.4535 -0.253548 -0.595304 14.341 0.0551975 -0.00262977
43.42 11.4523 -0.252488 -0.593616 14.3476 0.0552038 -0.00262493
43.43 11.4511 -0.251431 -0.59193 14.3541 0.0552102 -0.00261997
43.44 11.4499 -0.250378 -0.590244 14.3606 0.0552167 -0.00261489
43.45 11.4487 -0.249328 -0.58856 14.3671 0.0552232 -0.00260969
43.46 11.4475 -0.24828 -0.586878 14.3736 0.0552297 -0.00260437
43.47 11.4463 -0.247235 -0.585197 14.3801 0.0552363 -0.00259893
43.48 11.4451 -0.24619 -0.583518 14.3867 0.0552428 -0.00259338
43.49 11.4439 -0.245145 -0.58184 14.3932 0.0552492 -0.0025877
43.5 11.4428 -0.2441 -0.580164 14.3997 0.0552557 -0.00258191
43.51 11.4416 -0.243053 -0.578491 14.4062 0.0552623 -0.00257599
43.52 11.4404 -0.242003 -0.576821 14.4127 0.0552689 -0.00256993
43.53 11.4393 -0.24095 -0.575153 14.4193 0.0552756 -0.00256374
43.54 11.4381 -0.239894 -0.573488 14.4258 0.0552824 -0.00255744
43.55 11.437 -0.238833 -0.571826 14.4323 0.0552892 -0.00255102
43.56 11.4358 -0.237767 -0.570167 14.4388 0.055296 -0.00254448
43.57 11.4347 -0.236696 -0.56851 14.4454 0.0553027 -0.00253782
43.58 11.4335 -0.23562 -0.566857 14.4519 0.0553096 -0.00253103
43.59 11.4324 -0.234538 -0.565207 14.4584 0.0553165 -0.00252413
43.6 11.4312 -0.233451 -0.56356 14.465 0.0553234 -0.00251711
43.61 11.4301 -0.232359 -0.561916 14.4715 0.0553305 -0.00250999
43.62 11.429 -0.231262 -0.560275 14.478 0.0553375 -0.00250275
43.63 11.4279 -0.230161 -0.558636 14.4846 0.0553446 -0.00249539
43.64 11.4268 -0.229056 -0.557001 14.4911 0.0553516 -0.0024879
43.65 11.4257 -0.227949 -0.555368 14.4976 0.0553587 -0.00248031
43.66 11.4246 -0.22684 -0.553738 14.5042 0.0553659 -0.00247261
43.67 11.4235 -0.225729 -0.55211 14.5107 0.0553731 -0.00246481
43.68 11.4224 -0.224619 -0.550485 14.5172 0.0553804 -0.0024569
43.69 11.4213 -0.22351 -0.548863 14.5238 0.0553878 -0.00244888
43.7 11.4203 -0.222404 -0.547242 14.5303 0.0553952 -0.00244075
43.71 11.4192 -0.2213 -0.545623 14.5369 0.0554026 -0.00243249
43.72 11.4182 -0.2202 -0.544007 14.5434 0.05541 -0.00242412
43.73 11.4171 -0.219105 -0.542392 14.5499 0.0554176 -0.00241564
43.74 11.4161 -0.218016 -0.540779 14.5565 0.0554252 -0.00240705
43.75 11.4151 -0.216934 -0.539168 14.563 0.0554329 -0.00239837
43.76 11.4141 -0.215858 -0.537559 14.5696 0.0554406 -0.00238957
43.77 11.4131 -0.21479 -0.535952 14.5761 0.0554485 -0.00238066
43.78 11.4121 -0.21373 -0.534347 14.5826 0.0554564 -0.00237162
43.79 11.4111 -0.212677 -0.532744 14.5892 0.0554643 -0.00236246
43.8 11.4102 -0.211632 -0.531143 14.5957 0.0554723 -0.00235317
43.81 11.4092 -0.210596 -0.529544 14.6023 0.0554804 -0.00234381
43.82 11.4082 -0.209566 -0.527947 14.6088 0.0554886 -0.0023344
43.83 11.4073 -0.208544 -0.526353 14.6154 0.0554969 -0.00232488
43.84 11.4064 -0.207528 -0.524761 14.6219 0.0555053 -0.00231517
43.85 11.4055 -0.206518 -0.523172 14.6285 0.0555138 -0.00230522
43.86 11.4046 -0.205512 -0.521586 14.635 0.0555223 -0.00229506
43.87 11.4037 -0.20451 -0.520003 14.6416 0.0555309 -0.00228485
43.88 11.4028 -0.203513 -0.518424 14.6481 0.0555396 -0.0022747
43.89 11.4019 -0.202519 -0.516848 14.6547 0.0555484 -0.00226452
43.9 11.4011 -0.201527 -0.515276 14.6612 0.0555573 -0.00225417
43.91 11.4002 -0.200535 -0.513707 14.6678 0.0555664 -0.0022436
43.92 11.3994 -0.199543 -0.512143 14.6744 0.0555755 -0.00223288
43.93 11.3985 -0.198552 -0.510582 14.6809 0.0555848 -0.00222208
43.94 11.3977 -0.197559 -0.509025 14.6875 0.055594 -0.00221123
43.95 11.3969 -0.196566 -0.507473 14.694 0.0556034 -0.00220029
43.96 11.3962 -0.195571 -0.505924 14.7006 0.0556128 -0.00218922
43.97 11.3954 -0.194574 -0.50438 14.7072 0.0556224 -0.00217801
43.98 11.3946 -0.193576 -0.50284 14.7137 0.0556321 -0.0021667
43.99 11.3939 -0.192576 -0.501304 14.7203 0.0556419 -0.00215535
44 11.3931 -0.191576 -0.499772 14.7269 0.0556518 -0.00214392
44.01 11.3924 -0.190574 -0.498244 14.7334 0.0556617 -0.00213238
44.02 11.3917 -0.189572 -0.49672 14.74 0.0556718 -0.0021207
44.03 11.391 -0.18857 -0.4952 14.7466 0.0556819 -0.00210892
44.04 11.3904 -0.18757 -0.493684 14.7531 0.0556922 -0.00209705
44.05 11.3897 -0.186572 -0.492171 14.7597 0.0557025 -0.00208515
44.06 11.3891 -0.185577 -0.490662 14.7663 0.055713 -0.0020732
44.07 11.3884 -0.184585 -0.489156 14.7728 0.0557236 -0.00206116
44.08 11.3878 -0.183599 -0.487654 14.7794 0.0557343 -0.002049
44.09 11.3872 -0.182619 -0.486155 14.786 0.0557451 -0.00203672
44.1 11.3866 -0.181645 -0.484659 14.7925 0.055756 -0.00202435
44.11 11.3861 -0.180679 -0.483165 14.7991 0.055767 -0.0020119
44.12 11.3855 -0.179723 -0.481675 14.8057 0.0557781 -0.00199942
44.13 11.385 -0.178775 -0.480188 14.8123 0.0557894 -0.00198686
44.14 11.3845 -0.177838 -0.478703 14.8188 0.0558007 -0.00197425
44.15 11.3839 -0.176911 -0.477222 14.8254 0.0558122 -0.00196154
44.16 11.3835 -0.175995 -0.475743 14.832 0.0558237 -0.00194873
44.17 11.383 -0.175089 -0.474267 14.8386 0.0558354 -0.00193579
44.18 11.3825 -0.174195 -0.472795 14.8451 0.0558472 -0.00192275
44.19 11.3821 -0.173312 -0.471326 14.8517 0.0558592 -0.00190965
44.2 11.3817 -0.172439 -0.46986 14.8583 0.0558712 -0.00189649
44.21 11.3813 -0.171577 -0.468397 14.8649 0.0558835 -0.00188328
44.22 11.3809 -0.170726 -0.466938 14.8714 0.0558958 -0.00186999
44.23 11.3805 -0.169883 -0.465483 14.878 0.0559082 -0.00185662
44.24 11.3801 -0.16905 -0.464031 14.8846 0.0559208 -0.00184312
44.25 11.3798 -0.168224 -0.462584 14.8912 0.0559335 -0.00182954
44.26 11.3795 -0.167406 -0.46114 14.8978 0.0559463 -0.00181586
44.27 11.3792 -0.166594 -0.459701 14.9044 0.0559592 -0.00180215
44.28 11.3789 -0.165787 -0.458267 14.911 0.0559723 -0.00178838
44.29 11.3786 -0.164986 -0.456837 14.9175 0.0559855 -0.00177459
44.3 11.3784 -0.164188 -0.455411 14.9241 0.0559988 -0.00176072
44.31 11.3781 -0.163394 -0.453991 14.9307 0.0560122 -0.00174677
44.32 11.3779 -0.162602 -0.452575 14.9373 0.0560257 -0.00173268
44.33 11.3777 -0.161811 -0.451164 14.9439 0.0560394 -0.00171844
44.34 11.3775 -0.161023 -0.449759 14.9505 0.0560531 -0.00170416
44.35 11.3773 -0.160236 -0.448358 14.9571 0.056067 -0.00168996
44.36 11.3772 -0.159451 -0.446963 14.9637 0.0560811 -0.00167585
44.37 11.377 -0.158666 -0.445572 14.9703 0.0560953 -0.00166166
44.38 11.3769 -0.157883 -0.444187 14.9769 0.0561095 -0.00164735
44.39 11.3768 -0.157101 -0.442806 14.9835 0.056124 -0.00163289
44.4 11.3768 -0.156322 -0.441431 14.9901 0.0561385 -0.0016184
44.41 11.3767 -0.155545 -0.44006 14.9967 0.0561532 -0.00160391
44.42 11.3767 -0.154771 -0.438693 15.0033 0.0561679 -0.00158944
44.43 11.3766 -0.154002 -0.437331 15.0099 0.0561828 -0.00157494
44.44 11.3766 -0.153237 -0.435973 15.0165 0.0561979 -0.00156038
44.45 11.3766 -0.152479 -0.43462 15.0231 0.056213 -0.0015458
44.46 11.3767 -0.151727 -0.433271 15.0297 0.0562283 -0.00153117
44.47 11.3767 -0.150983 -0.431925 15.0363 0.0562437 -0.00151653
44.48 11.3768 -0.150248 -0.430584 15.0429 0.0562593 -0.00150181
44.49 11.3769 -0.149523 -0.429247 15.0495 0.0562749 -0.00148706
44.5 11.377 -0.148808 -0.427913 15.0561 0.0562907 -0.00147225
44.51 11.3771 -0.148104 -0.426583 15.0627 0.0563067 -0.00145747
44.52 11.3773 -0.147413 -0.425257 15.0693 0.0563227 -0.00144268
44.53 11.3775 -0.146734 -0.423934 15.0759 0.0563389 -0.00142789
44.54 11.3777 -0.146069 -0.422615 15.0825 0.0563552 -0.00141303
44.55 11.3779 -0.145416 -0.4213 15.0891 0.0563717 -0.0013981
44.56 11.3781 -0.144777 -0.419989 15.0957 0.0563882 -0.0013831
44.57 11.3783 -0.144151 -0.418681 15.1023 0.0564049 -0.00136807
44.58 11.3786 -0.143539 -0.417377 15.1089 0.0564218 -0.00135306
44.59 11.3789 -0.14294 -0.416078 15.1155 0.0564387 -0.00133805
44.6 11.3792 -0.142353 -0.414782 15.1221 0.0564558 -0.00132306
44.61 11.3795 -0.141779 -0.413491 15.1288 0.056473 -0.001308
44.62 11.3799 -0.141215 -0.412205 15.1354 0.0564903 -0.0012929
44.63 11.3802 -0.140662 -0.410923 15.142 0.0565078 -0.00127772
44.64 11.3806 -0.140119 -0.409646 15.1486 0.0565254 -0.00126253
44.65 11.381 -0.139584 -0.408373 15.1552 0.0565431 -0.00124733
44.66 11.3814 -0.139058 -0.407106 15.1618 0.0565609 -0.00123216
44.67 11.3819 -0.138539 -0.405844 15.1684 0.0565789 -0.00121701
44.68 11.3823 -0.138026 -0.404587 15.1751 0.0565969 -0.00120185
44.69 11.3828 -0.137518 -0.403335 15.1817 0.0566151 -0.00118668
44.7 11.3833 -0.137015 -0.402089 15.1883 0.0566334 -0.00117146
44.71 11.3838 -0.136516 -0.400849 15.1949 0.0566518 -0.00115624
44.72 11.3844 -0.136021 -0.399614 15.2015 0.0566703 -0.00114098
44.73 11.3849 -0.135528 -0.398385 15.2082 0.056689 -0.00112579
44.74 11.3855 -0.135039 -0.397161 15.2148 0.0567078 -0.00111061
44.75 11.3861 -0.134552 -0.395943 15.2214 0.0567267 -0.0010955
44.76 11.3867 -0.134068 -0.394731 15.228 0.0567457 -0.00108035
44.77 11.3874 -0.133587 -0.393523 15.2347 0.0567647 -0.00106515
44.78 11.388 -0.133109 -0.392322 15.2413 0.056784 -0.00104993
44.79 11.3887 -0.132635 -0.391126 15.2479 0.0568033 -0.00103479
44.8 11.3894 -0.132165 -0.389935 15.2545 0.0568228 -0.00101974
44.81 11.3901 -0.131701 -0.388749 15.2612 0.0568424 -0.00100471
44.82 11.3908 -0.131242 -0.387568 15.2678 0.0568621 -0.000989685
44.83 11.3916 -0.13079 -0.386392 15.2744 0.0568819 -0.000974647
44.84 11.3924 -0.130345 -0.38522 15.2811 0.0569018 -0.00095967
44.85 11.3932 -0.129909 -0.384053 15.2877 0.0569219 -0.0009447
44.86 11.394 -0.129483 -0.382891 15.2943 0.056942 -0.000929763
44.87 11.3948 -0.129067 -0.381733 15.301 0.0569623 -0.000914776
44.88 11.3957 -0.128663 -0.38058 15.3076 0.0569827 -0.00089982
44.89 11.3966 -0.12827 -0.379431 15.3142 0.0570032 -0.000884887
44.9 11.3975 -0.127891 -0.378286 15.3209 0.0570238 -0.000870045
44.91 11.3984 -0.127525 -0.377145 15.3275 0.0570445 -0.000855246
44.92 11.3993 -0.127173 -0.376008 15.3341 0.0570653 -0.00084045
44.93 11.4003 -0.126835 -0.374876 15.3408 0.0570862 -0.000825634
44.94 11.4013 -0.126511 -0.373747 15.3474 0.0571073 -0.000810775
44.95 11.4023 -0.126201 -0.372624 15.354 0.0571284 -0.000795957
44.96 11.4033 -0.125906 -0.371504 15.3607 0.0571497 -0.000781165
44.97 11.4043 -0.125625 -0.370389 15.3673 0.057171 -0.000766476
44.98 11.4054 -0.125357 -0.369279 15.374 0.0571925 -0.000751796
44.99 11.4065 -0.125102 -0.368173 15.3806 0.057214 -0.000737164
45 11.4076 -0.124859 -0.367072 15.3872 0.0572356 -0.000722503
45.01 11.4087 -0.124628 -0.365976 15.3939 0.0572574 -0.000707869
45.02 11.4098 -0.124406 -0.364886 15.4005 0.0572792 -0.000693239
45.03 11.411 -0.124195 -0.3638 15.4072 0.0573012 -0.000678653
45.04 11.4121 -0.123992 -0.36272 15.4138 0.0573233 -0.000664126
45.05 11.4133 -0.123797 -0.361646 15.4205 0.0573454 -0.000649653
45.06 11.4145 -0.123608 -0.360576 15.4271 0.0573676 -0.000635255
45.07 11.4158 -0.123426 -0.359513 15.4338 0.0573899 -0.000620877
45.08 11.417 -0.123248 -0.358455 15.4404 0.0574123 -0.000606555
45.09 11.4183 -0.123074 -0.357403 15.4471 0.0574348 -0.000592191
45.1 11.4196 -0.122904 -0.356358 15.4537 0.0574575 -0.000577839
45.11 11.4209 -0.122737 -0.355318 15.4604 0.0574802 -0.000563523
45.12 11.4222 -0.122573 -0.354284 15.467 0.057503 -0.000549396
45.13 11.4235 -0.122412 -0.353256 15.4737 0.0575259 -0.000535387
45.14 11.4249 -0.122253 -0.352234 15.4803 0.0575489 -0.000521449
45.15 11.4263 -0.122097 -0.351217 15.487 0.0575719 -0.000507487
45.16 11.4277 -0.121944 -0.350207 15.4936 0.0575951 -0.000493523
45.17 11.4291 -0.121793 -0.349202 15.5003 0.0576183 -0.000479616
45.18 11.4305 -0.121647 -0.348203 15.5069 0.0576417 -0.000465796
45.19 11.432 -0.121505 -0.347209 15.5136 0.0576652 -0.000452094
45.2 11.4334 -0.121369 -0.34622 15.5202 0.0576887 -0.000438431
45.21 11.4349 -0.121239 -0.345237 15.5269 0.0577123 -0.000424847
45.22 11.4364 -0.121115 -0.344258 15.5335 0.057736 -0.000411276
45.23 11.438 -0.120999 -0.343284 15.5402 0.0577597 -0.000397795
45.24 11.4395 -0.120892 -0.342316 15.5469 0.0577836 -0.000384349
45.25 11.4411 -0.120795 -0.341352 15.5535 0.0578076 -0.000370982
45.26 11.4427 -0.120709 -0.340393 15.5602 0.0578316 -0.000357648
45.27 11.4443 -0.120633 -0.339438 15.5668 0.0578558 -0.000344383
45.28 11.4459 -0.12057 -0.338488 15.5735 0.05788 -0.000331174
45.29 11.4475 -0.120519 -0.337542 15.5802 0.0579042 -0.000318033
45.3 11.4492 -0.120482 -0.3366 15.5868 0.0579285 -0.000304972
45.31 11.4508 -0.120458 -0.335663 15.5935 0.0579529 -0.000291923
45.32 11.4525 -0.120447 -0.334731 15.6002 0.0579773 -0.00027889
45.33 11.4542 -0.12045 -0.333803 15.6068 0.0580019 -0.000265882
45.34 11.456 -0.120466 -0.33288 15.6135 0.0580265 -0.000253027
45.35 11.4577 -0.120496 -0.331961 15.6202 0.0580513 -0.000240261
45.36 11.4595 -0.120538 -0.331047 15.6268 0.058076 -0.000227579
45.37 11.4612 -0.120592 -0.330138 15.6335 0.0581008 -0.000214887
45.38 11.463 -0.120658 -0.329233 15.6402 0.0581256 -0.000202251
45.39 11.4648 -0.120734 -0.328334 15.6468 0.0581505 -0.000189671
45.4 11.4667 -0.120819 -0.32744 15.6535 0.0581756 -0.000177205
45.41 11.4685 -0.120914 -0.326551 15.6602 0.0582006 -0.000164818
45.42 11.4704 -0.121015 -0.325668 15.6669 0.0582258 -0.000152486
45.43 11.4722 -0.121124 -0.32479 15.6735 0.058251 -0.000140213
45.44 11.4741 -0.121238 -0.323918 15.6802 0.0582762 -0.000127985
45.45 11.476 -0.121356 -0.323051 15.6869 0.0583015 -0.000115871
45.46 11.478 -0.121478 -0.322191 15.6935 0.0583268 -0.000103836
45.47 11.4799 -0.121604 -0.321336 15.7002 0.0583522 -9.19321e-05
45.48 11.4819 -0.121731 -0.320487 15.7069 0.0583777 -8.00755e-05
45.49 11.4838 -0.12186 -0.319645 15.7136 0.0584033 -6.83199e-05
45.5 11.4858 -0.12199 -0.318808 15.7203 0.0584289 -5.66033e-05
45.51 11.4878 -0.12212 -0.317977 15.7269 0.0584546 -4.49925e-05
45.52 11.4899 -0.122252 -0.317153 15.7336 0.0584803 -3.34613e-05
45.53 11.4919 -0.122384 -0.316333 15.7403 0.058506 -2.2041e-05
45.54 11.494 -0.122517 -0.31552 15.747 0.0585318 -1.07283e-05
45.55 11.496 -0.122651 -0.314713 15.7537 0.0585577 4.91878e-07
45.56 11.4981 -0.122787 -0.313912 15.7603 0.0585837 1.16045e-05
45.57 11.5002 -0.122925 -0.313116 15.767 0.0586097 2.26585e-05
45.58 11.5023 -0.123066 -0.312325 15.7737 0.0586358 3.36153e-05
45.59 11.5045 -0.12321 -0.31154 15.7804 0.058662 4.45295e-05
45.6 11.5066 -0.123359 -0.31076 15.7871 0.0586881 5.53263e-05
45.61 11.5088 -0.123514 -0.309984 15.7937 0.0587143 6.60483e-05
45.62 11.511 -0.123675 -0.309214 15.8004 0.0587406 7.66233e-05
45.63 11.5131 -0.123843 -0.308449 15.8071 0.0587669 8.71099e-05
45.64 11.5154 -0.124019 -0.307689 15.8138 0.0587933 9.74932e-05
45.65 11.5176 -0.124204 -0.306933 15.8205 0.0588198 0.000107827
45.66 11.5198 -0.124398 -0.306182 15.8272 0.0588463 0.000118106
45.67 11.5221 -0.124602 -0.305435 15.8339 0.0588728 0.000128316
45.68 11.5243 -0.124817 -0.304692 15.8406 0.0588994 0.000138436
45.69 11.5266 -0.125043 -0.303954 15.8472 0.0589259 0.000148417
45.7 11.5289 -0.12528 -0.30322 15.8539 0.0589526 0.000158298
45.71 11.5312 -0.125529 -0.302491 15.8606 0.0589793 0.000168048
45.72 11.5335 -0.125788 -0.301767 15.8673 0.0590061 0.000177755
45.73 11.5359 -0.126058 -0.301047 15.874 0.0590329 0.000187376
45.74 11.5382 -0.126337 -0.300331 15.8807 0.0590597 0.000196968
45.75 11.5406 -0.126627 -0.29962 15.8874 0.0590865 0.000206458
45.76 11.5429 -0.126925 -0.298914 15.8941 0.0591134 0.000215854
45.77 11.5453 -0.127232 -0.298213 15.9008 0.0591403 0.000225098
45.78 11.5477 -0.127546 -0.297517 15.9075 0.0591672 0.00023421
45.79 11.5502 -0.127866 -0.296826 15.9142 0.0591942 0.000243211
45.8 11.5526 -0.128191 -0.296141 15.9209 0.0592213 0.00025213
45.81 11.555 -0.12852 -0.295461 15.9276 0.0592484 0.00026101
45.82 11.5575 -0.128852 -0.294786 15.9343 0.0592755 0.000269808
45.83 11.5599 -0.129186 -0.294116 15.941 0.0593026 0.000278528
45.84 11.5624 -0.129521 -0.293453 15.9477 0.0593297 0.000287082
45.85 11.5649 -0.129857 -0.292795 15.9544 0.0593569 0.000295498
45.86 11.5674 -0.130192 -0.292143 15.9611 0.0593842 0.000303746
45.87 11.5699 -0.130526 -0.291497 15.9678 0.0594115 0.000311912
45.88 11.5724 -0.130859 -0.290857 15.9745 0.0594389 0.000319996
45.89 11.575 -0.131189 -0.290223 15.9812 0.0594663 0.000328044
45.9 11.5775 -0.131516 -0.289595 15.9879 0.0594937 0.000336041
45.91 11.5801 -0.131841 -0.288972 15.9946 0.0595211 0.000343997
45.92 11.5826 -0.132164 -0.288355 16.0013 0.0595485 0.000351782
45.93 11.5852 -0.132486 -0.287743 16.008 0.059576 0.000359304
45.94 11.5878 -0.132808 -0.287138 16.0147 0.0596036 0.000366634
45.95 11.5904 -0.133128 -0.286538 16.0214 0.0596313 0.000373891
45.96 11.593 -0.133447 -0.285944 16.0281 0.0596589 0.000381194
45.97 11.5957 -0.133766 -0.285354 16.0348 0.0596866 0.000388482
45.98 11.5983 -0.134087 -0.284769 16.0416 0.0597143 0.000395699
45.99 11.6009 -0.13441 -0.28419 16.0483 0.059742 0.00040272
46 11.6036 -0.134736 -0.283615 16.055 0.0597698 0.000409604
46.01 11.6063 -0.135066 -0.283046 16.0617 0.0597977 0.000416338
46.02 11.6089 -0.135401 -0.282481 16.0684 0.0598256 0.000422998
46.03 11.6116 -0.135742 -0.281921 16.0751 0.0598535 0.000429579
46.04 11.6143 -0.136089 -0.281365 16.0818 0.0598814 0.000436132
46.05 11.617 -0.136442 -0.280813 16.0885 0.0599093 0.000442651
46.06 11.6197 -0.136802 -0.280265 16.0952 0.0599372 0.000449093
46.07 11.6225 -0.13717 -0.279722 16.102 0.0599651 0.000455424
46.08 11.6252 -0.137546 -0.279183 16.1087 0.0599931 0.000461579
46.09 11.628 -0.13793 -0.278648 16.1154 0.0600212 0.000467608
46.1 11.6307 -0.138322 -0.278118 16.1221 0.0600493 0.000473519
46.11 11.6335 -0.138721 -0.277593 16.1288 0.0600774 0.000479423
46.12 11.6362 -0.139126 -0.277071 16.1356 0.0601055 0.00048529
46.13 11.639 -0.139537 -0.276554 16.1423 0.0601336 0.000491137
46.14 11.6418 -0.139955 -0.276041 16.149 0.0601617 0.000496861
46.15 11.6446 -0.140377 -0.275533 16.1557 0.0601897 0.00050245
46.16 11.6474 -0.140803 -0.27503 16.1624 0.0602179 0.000507867
46.17 11.6502 -0.141233 -0.274531 16.1692 0.0602461 0.000513155
46.18 11.653 -0.141664 -0.274038 16.1759 0.0602744 0.000518364
46.19 11.6559 -0.142096 -0.27355 16.1826 0.0603026 0.000523539
46.2 11.6587 -0.142528 -0.273067 16.1893 0.0603309 0.000528711
46.21 11.6615 -0.142959 -0.272589 16.196 0.0603591 0.000533806
46.22 11.6644 -0.143387 -0.272116 16.2028 0.0603873 0.000538798
46.23 11.6673 -0.143813 -0.271649 16.2095 0.0604155 0.000543598
46.24 11.6701 -0.144235 -0.271187 16.2162 0.0604438 0.000548257
46.25 11.673 -0.144654 -0.270731 16.223 0.0604722 0.000552776
46.26 11.6759 -0.145067 -0.270281 16.2297 0.0605006 0.000557265
46.27 11.6788 -0.145474 -0.269836 16.2364 0.060529 0.000561725
46.28 11.6816 -0.145876 -0.269396 16.2431 0.0605574 0.000566179
46.29 11.6845 -0.146272 -0.268961 16.2499 0.0605857 0.000570546
46.3 11.6875 -0.146662 -0.268532 16.2566 0.0606141 0.000574777
46.31 11.6904 -0.147048 -0.268108 16.2633 0.0606424 0.000578849
46.32 11.6933 -0.147429 -0.26769 16.2701 0.0606709 0.000582768
46.33 11.6962 -0.147805 -0.267277 16.2768 0.0606994 0.000586619
46.34 11.6991 -0.148177 -0.26687 16.2835 0.0607279 0.000590418
46.35 11.7021 -0.148546 -0.266467 16.2902 0.0607564 0.000594241
46.36 11.705 -0.148912 -0.266068 16.297 0.0607848 0.000598022
46.37 11.708 -0.149276 -0.265674 16.3037 0.0608132 0.000601749
46.38 11.7109 -0.149639 -0.265284 16.3104 0.0608416 0.000605319
46.39 11.7139 -0.150003 -0.264899 16.3172 0.0608701 0.000608745
46.4 11.7168 -0.150367 -0.264518 16.3239 0.0608986 0.000612029
46.41 11.7198 -0.150733 -0.264142 16.3307 0.0609271 0.000615265
46.42 11.7228 -0.1511 -0.26377 16.3374 0.0609557 0.000618503
46.43 11.7257 -0.15147 -0.263401 16.3441 0.0609841 0.000621757
46.44 11.7287 -0.151843 -0.263036 16.3509 0.0610125 0.000624982
46.45 11.7317 -0.15222 -0.262675 16.3576 0.0610409 0.000628094
46.46 11.7347 -0.1526 -0.262317 16.3643 0.0610693 0.000631074
46.47 11.7377 -0.152984 -0.261964 16.3711 0.0610977 0.000633894
46.48 11.7407 -0.153373 -0.261615 16.3778 0.0611262 0.000636627
46.49 11.7437 -0.153764 -0.261269 16.3846 0.0611547 0.000639296
46.5 11.7467 -0.154159 -0.260928 16.3913 0.0611831 0.000641993
46.51 11.7497 -0.154555 -0.26059 16.3981 0.0612115 0.000644679
46.52 11.7527 -0.154953 -0.260256 16.4048 0.0612398 0.000647343
46.53 11.7557 -0.155353 -0.259926 16.4115 0.0612681 0.000649876
46.54 11.7587 -0.155753 -0.2596 16.4183 0.0612965 0.00065226
46.55 11.7617 -0.156154 -0.259279 16.425 0.061325 0.000654486
46.56 11.7647 -0.156553 -0.258963 16.4318 0.0613534 0.000656613
46.57 11.7678 -0.156949 -0.258651 16.4385 0.0613818 0.000658726
46.58 11.7708 -0.157342 -0.258344 16.4453 0.0614102 0.000660855
46.59 11.7738 -0.15773 -0.258041 16.452 0.0614385 0.00066301
46.6 11.7768 -0.158112 -0.257743 16.4588 0.0614668 0.000665071
46.61 11.7798 -0.158489 -0.257449 16.4655 0.061495 0.000667004
46.62 11.7829 -0.158859 -0.257161 16.4723 0.0615233 0.00066874
46.63 11.7859 -0.159222 -0.256878 16.479 0.0615517 0.000670368
46.64 11.7889 -0.159577 -0.2566 16.4858 0.0615801 0.000671935
46.65 11.792 -0.159923 -0.256327 16.4925 0.0616084 0.00067353
46.66 11.795 -0.16026 -0.25606 16.4993 0.0616368 0.000675141
46.67 11.798 -0.160588 -0.255796 16.506 0.061665 0.000676732
46.68 11.8011 -0.160907 -0.255538 16.5128 0.0616932 0.000678225
46.69 11.8041 -0.161218 -0.255284 16.5195 0.0617214 0.000679566
46.7 11.8071 -0.16152 -0.255036 16.5263 0.0617497 0.000680766
46.71 11.8102 -0.161815 -0.254792 16.533 0.061778 0.00068186
46.72 11.8132 -0.162102 -0.254553 16.5398 0.0618063 0.000682945
46.73 11.8162 -0.162381 -0.254318 16.5465 0.0618346 0.000684047
46.74 11.8193 -0.162655 -0.254088 16.5533 0.0618627 0.000685189
46.75 11.8223 -0.162923 -0.253861 16.5601 0.0618908 0.000686277
46.76 11.8253 -0.163186 -0.253638 16.5668 0.0619189 0.00068727
46.77 11.8283 -0.163446 -0.253419 16.5736 0.061947 0.0006881
46.78 11.8314 -0.163703 -0.253205 16.5803 0.0619751 0.000688813
46.79 11.8344 -0.163958 -0.252994 16.5871 0.0620032 0.000689447
46.8 11.8374 -0.164211 -0.252786 16.5939 0.0620313 0.000690083
46.81 11.8405 -0.164463 -0.252582 16.6006 0.0620593 0.000690752
46.82 11.8435 -0.164713 -0.252381 16.6074 0.0620873 0.000691471
46.83 11.8465 -0.164964 -0.252183 16.6141 0.0621151 0.000692228
46.84 11.8495 -0.165214 -0.251988 16.6209 0.062143 0.000692834
46.85 11.8525 -0.165466 -0.251797 16.6277 0.0621708 0.000693192
46.86 11.8555 -0.165719 -0.251609 16.6344 0.0621987 0.000693334
46.87 11.8586 -0.165972 -0.251425 16.6412 0.0622265 0.000693467
46.88 11.8616 -0.166225 -0.251244 16.648 0.0622543 0.00069368
46.89 11.8646 -0.166476 -0.251066 16.6547 0.062282 0.000693994
46.9 11.8676 -0.166725 -0.25089 16.6615 0.0623096 0.00069427
46.91 11.8706 -0.166974 -0.250719 16.6683 0.0623372 0.000694418
46.92 11.8735 -0.16722 -0.25055 16.675 0.0623647 0.000694388
46.93 11.8765 -0.167464 -0.250386 16.6818 0.0623923 0.000694223
46.94 11.8795 -0.167703 -0.250226 16.6886 0.0624198 0.000693998
46.95 11.8825 -0.167937 -0.25007 16.6953 0.0624474 0.000693757
46.96 11.8855 -0.168165 -0.249917 16.7021 0.0624748 0.000693539
46.97 11.8884 -0.168385 -0.249768 16.7089 0.0625022 0.000693305
46.98 11.8914 -0.168598 -0.249624 16.7157 0.0625295 0.000693038
46.99 11.8944 -0.168803 -0.249483 16.7224 0.0625567 0.000692662
47 11.8973 -0.168998 -0.249347 16.7292 0.0625839 0.000692165
47.01 11.9003 -0.169184 -0.249215 16.736 0.0626112 0.000691524
47.02 11.9032 -0.169359 -0.249088 16.7427 0.0626384 0.000690802
47.03 11.9061 -0.169523 -0.248965 16.7495 0.0626656 0.000690048
47.04 11.9091 -0.169676 -0.248847 16.7563 0.0626927 0.000689326
47.05 11.912 -0.169817 -0.248732 16.7631 0.0627197 0.000688622
47.06 11.9149 -0.169947 -0.248622 16.7698 0.0627466 0.000687874
47.07 11.9178 -0.170066 -0.248515 16.7766 0.0627734 0.000687004
47.08 11.9207 -0.170174 -0.248413 16.7834 0.0628003 0.000685961
47.09 11.9236 -0.170272 -0.248316 16.7902 0.0628271 0.000684795
47.1 11.9265 -0.17036 -0.248222 16.7969 0.0628539 0.000683563
47.11 11.9294 -0.170438 -0.248132 16.8037 0.0628806 0.000682362
47.12 11.9323 -0.170506 -0.248046 16.8105 0.0629072 0.000681181
47.13 11.9352 -0.170567 -0.247963 16.8173 0.0629337 0.000680002
47.14 11.938 -0.17062 -0.247883 16.8241 0.0629602 0.000678728
47.15 11.9409 -0.170667 -0.247807 16.8308 0.0629865 0.000677313
47.16 11.9437 -0.170709 -0.247733 16.8376 0.0630129 0.00067573
47.17 11.9466 -0.170746 -0.247663 16.8444 0.0630391 0.000674037
47.18 11.9494 -0.170778 -0.247596 16.8512 0.0630654 0.000672317
47.19 11.9523 -0.170807 -0.247531 16.858 0.0630915 0.000670616
47.2 11.9551 -0.170832 -0.247469 16.8648 0.0631175 0.000668935
47.21 11.9579 -0.170854 -0.247409 16.8715 0.0631433 0.000667197
47.22 11.9607 -0.170874 -0.247351 16.8783 0.0631691 0.000665348
47.23 11.9635 -0.170893 -0.247296 16.8851 0.0631948 0.000663329
47.24 11.9663 -0.170909 -0.247244 16.8919 0.0632205 0.000661175
47.25 11.9691 -0.170924 -0.247195 16.8987 0.0632462 0.000658924
47.26 11.9718 -0.170936 -0.247148 16.9055 0.0632718 0.000656657
47.27 11.9746 -0.170945 -0.247103 16.9123 0.0632972 0.000654391
47.28 11.9773 -0.170951 -0.247061 16.9191 0.0633225 0.000652113
47.29 11.9801 -0.170954 -0.247021 16.9258 0.0633477 0.000649762
47.3 11.9828 -0.170952 -0.246984 16.9326 0.0633729 0.000647273
47.31 11.9855 -0.170946 -0.24695 16.9394 0.0633979 0.000644621
47.32 11.9882 -0.170935 -0.246919 16.9462 0.063423 0.000641826
47.33 11.9909 -0.170917 -0.246891 16.953 0.063448 0.000638964
47.34 11.9936 -0.170892 -0.246867 16.9598 0.0634729 0.000636084
47.35 11.9963 -0.170858 -0.246845 16.9666 0.0634976 0.000633216
47.36 11.999 -0.170815 -0.246827 16.9734 0.0635223 0.000630305
47.37 12.0016 -0.170763 -0.246812 16.9802 0.0635468 0.000627301
47.38 12.0043 -0.1707 -0.2468 16.987 0.0635712 0.000624135
47.39 12.0069 -0.170627 -0.246792 16.9938 0.0635956 0.000620816
47.4 12.0096 -0.170543 -0.246788 17.0006 0.06362 0.000617382
47.41 12.0122 -0.170446 -0.246788 17.0074 0.0636442 0.000613902
47.42 12.0148 -0.170337 -0.24679 17.0142 0.0636684 0.000610417
47.43 12.0174 -0.170216 -0.246797 17.0209 0.0636924 0.000606918
47.44 12.02 -0.170081 -0.246806 17.0277 0.0637163 0.000603361
47.45 12.0225 -0.169935 -0.246819 17.0345 0.06374 0.000599677
47.46 12.0251 -0.169777 -0.246836 17.0413 0.0637637 0.000595846
47.47 12.0276 -0.169607 -0.246856 17.0481 0.0637873 0.000591869
47.48 12.0302 -0.169425 -0.246879 17.0549 0.0638108 0.000587804
47.49 12.0327 -0.169233 -0.246905 17.0617 0.0638342 0.000583695
47.5 12.0352 -0.16903 -0.246934 17.0685 0.0638575 0.000579575
47.51 12.0377 -0.168818 -0.246966 17.0753 0.0638806 0.000575423
47.52 12.0402 -0.168597 -0.247 17.0821 0.0639036 0.00057119
47.53 12.0427 -0.168367 -0.247037 17.0889 0.0639264 0.000566824
47.54 12.0452 -0.168131 -0.247076 17.0957 0.0639492 0.000562282
47.55 12.0476 -0.167889 -0.247117 17.1026 0.0639719 0.000557569
47.56 12.05 -0.167641 -0.247161 17.1094 0.0639945 0.000552781
47.57 12.0525 -0.167387 -0.247207 17.1162 0.0640169 0.000548013
47.58 12.0549 -0.167129 -0.247254 17.123 0.0640392 0.000543257
47.59 12.0573 -0.166867 -0.247303 17.1298 0.0640613 0.00053844
47.6 12.0597 -0.166601 -0.247354 17.1366 0.0640833 0.000533473
47.61 12.062 -0.166333 -0.247406 17.1434 0.0641051 0.000528336
47.62 12.0644 -0.166061 -0.24746 17.1502 0.0641269 0.000523055
47.63 12.0667 -0.165787 -0.247516 17.157 0.0641486 0.000517692
47.64 12.0691 -0.165509 -0.247574 17.1638 0.0641702 0.000512277
47.65 12.0714 -0.165229 -0.247634 17.1706 0.0641916 0.000506825
47.66 12.0737 -0.164944 -0.247695 17.1774 0.0642129 0.000501313
47.67 12.076 -0.164656 -0.247758 17.1842 0.064234 0.000495723
47.68 12.0783 -0.164363 -0.247822 17.1911 0.064255 0.000490022
47.69 12.0805 -0.164066 -0.247889 17.1979 0.0642758 0.000484194
47.7 12.0828 -0.163763 -0.247958 17.2047 0.0642966 0.000478246
47.71 12.085 -0.163453 -0.24803 17.2115 0.0643173 0.000472198
47.72 12.0872 -0.163137 -0.248103 17.2183 0.0643379 0.000466097
47.73 12.0894 -0.162812 -0.248179 17.2251 0.0643583 0.000459963
47.74 12.0916 -0.162479 -0.248258 17.2319 0.0643785 0.000453793
47.75 12.0938 -0.162136 -0.248339 17.2388 0.0643986 0.000447547
47.76 12.0959 -0.161784 -0.248422 17.2456 0.0644186 0.000441189
47.77 12.0981 -0.161421 -0.248508 17.2524 0.0644385 0.000434703
47.78 12.1002 -0.161047 -0.248598 17.2592 0.0644582 0.000428108
47.79 12.1023 -0.160661 -0.24869 17.266 0.0644779 0.000421445
47.8 12.1044 -0.160263 -0.248784 17.2728 0.0644974 0.000414746
47.81 12.1065 -0.159853 -0.248882 17.2797 0.0645167 0.000408019
47.82 12.1086 -0.15943 -0.248982 17.2865 0.0645358 0.000401244
47.83 12.1106 -0.158995 -0.249084 17.2933 0.0645548 0.000394384
47.84 12.1127 -0.158549 -0.249189 17.3001 0.0645737 0.000387413
47.85 12.1147 -0.15809 -0.249297 17.3069 0.0645925 0.000380327
47.86 12.1167 -0.157621 -0.249407 17.3138 0.0646111 0.00037315
47.87 12.1187 -0.15714 -0.24952 17.3206 0.0646295 0.000365918
47.88 12.1207 -0.156649 -0.249634 17.3274 0.0646478 0.000358654
47.89 12.1226 -0.156148 -0.249751 17.3342 0.064666 0.000351356
47.9 12.1246 -0.155637 -0.249869 17.341 0.0646839 0.000343995
47.91 12.1265 -0.155119 -0.249989 17.3479 0.0647017 0.000336543
47.92 12.1284 -0.154593 -0.250111 17.3547 0.0647194 0.000328981
47.93 12.1303 -0.154061 -0.250234 17.3615 0.0647369 0.000321323
47.94 12.1322 -0.153523 -0.250359 17.3683 0.0647543 0.000313589
47.95 12.1341 -0.15298 -0.250485 17.3752 0.0647715 0.000305811
47.96 12.136 -0.152432 -0.250612 17.382 0.0647885 0.000297997
47.97 12.1378 -0.15188 -0.25074 17.3888 0.0648054 0.000290142
47.98 12.1396 -0.151325 -0.250869 17.3956 0.0648221 0.000282223
47.99 12.1414 -0.150766 -0.250999 17.4025 0.0648387 0.000274215
48 12.1432 -0.150206 -0.25113 17.4093 0.0648551 0.000266114
48.01 12.145 -0.149643 -0.251262 17.4161 0.0648714 0.000257932
48.02 12.1467 -0.149077 -0.251396 17.423 0.0648875 0.000249699
48.03 12.1485 -0.148509 -0.25153 17.4298 0.0649035 0.000241429
48.04 12.1502 -0.147939 -0.251665 17.4366 0.0649193 0.000233133
48.05 12.1519 -0.147365 -0.251801 17.4435 0.0649349 0.000224795
48.06 12.1536 -0.146789 -0.251939 17.4503 0.0649505 0.000216405
48.07 12.1553 -0.146208 -0.252078 17.4571 0.0649658 0.000207942
48.08 12.157 -0.145624 -0.252218 17.464 0.0649811 0.00019941
48.09 12.1586 -0.145034 -0.25236 17.4708 0.0649961 0.000190816
48.1 12.1602 -0.144439 -0.252503 17.4776 0.065011 0.00018214
48.11 12.1619 -0.143839 -0.252648 17.4845 0.0650258 0.000173361
48.12 12.1635 -0.143231 -0.252795 17.4913 0.0650404 0.000164576
48.13 12.165 -0.142614 -0.252943 17.4981 0.0650548 0.000155875
48.14 12.1666 -0.141989 -0.253094 17.505 0.0650692 0.000147201
48.15 12.1682 -0.141355 -0.253246 17.5118 0.0650834 0.000138443
48.16 12.1697 -0.140712 -0.253401 17.5187 0.0650974 0.000129531
48.17 12.1712 -0.140059 -0.253558 17.5255 0.0651113 0.00012053
48.18 12.1727 -0.139396 -0.253716 17.5323 0.065125 0.000111518
48.19 12.1742 -0.138721 -0.253877 17.5392 0.0651386 0.000102547
48.2 12.1757 -0.138036 -0.25404 17.546 0.065152 9.35769e-05
48.21 12.1771 -0.13734 -0.254205 17.5528 0.0651653 8.45484e-05
48.22 12.1786 -0.136633 -0.254372 17.5597 0.0651785 7.54001e-05
48.23 12.18 -0.135916 -0.254541 17.5665 0.0651915 6.61279e-05
48.24 12.1814 -0.135189 -0.254712 17.5734 0.0652043 5.68298e-05
48.25 12.1828 -0.134452 -0.254884 17.5802 0.065217 4.75844e-05
48.26 12.1842 -0.133705 -0.255058 17.5871 0.0652295 3.83711e-05
48.27 12.1856 -0.132951 -0.255233 17.5939 0.0652419 2.90949e-05
48.28 12.1869 -0.132188 -0.25541 17.6007 0.0652541 1.97184e-05
48.29 12.1882 -0.131419 -0.255588 17.6076 0.0652662 1.02598e-05
48.3 12.1896 -0.130643 -0.255767 17.6144 0.0652781 7.7896e-07
48.31 12.1909 -0.129862 -0.255947 17.6213 0.0652899 -8.7104e-06
48.32 12.1922 -0.129076 -0.256128 17.6281 0.0653016 -1.82215e-05
48.33 12.1934 -0.128286 -0.25631 17.635 0.0653131 -2.77941e-05
48.34 12.1947 -0.127494 -0.256492 17.6418 0.0653245 -3.74244e-05
48.35 12.1959 -0.126699 -0.256675 17.6487 0.0653357 -4.70918e-05
48.36 12.1971 -0.125902 -0.256859 17.6555 0.0653468 -5.67701e-05
48.37 12.1983 -0.125103 -0.257043 17.6624 0.0653578 -6.64524e-05
48.38 12.1995 -0.124304 -0.257228 17.6692 0.0653687 -7.61748e-05
48.39 12.2007 -0.123505 -0.257413 17.6761 0.0653794 -8.59433e-05
48.4 12.2019 -0.122705 -0.257599 17.6829 0.06539 -9.57634e-05
48.41 12.203 -0.121905 -0.257785 17.6898 0.0654004 -0.000105596
48.42 12.2041 -0.121105 -0.257972 17.6966 0.0654107 -0.000115438
48.43 12.2052 -0.120304 -0.258159 17.7035 0.0654209 -0.000125277
48.44 12.2063 -0.119502 -0.258348 17.7103 0.065431 -0.000135136
48.45 12.2074 -0.118699 -0.258537 17.7172 0.065441 -0.000145016
48.46 12.2085 -0.117895 -0.258727 17.7241 0.0654508 -0.000154919
48.47 12.2095 -0.117089 -0.258918 17.7309 0.0654606 -0.000164844
48.48 12.2106 -0.11628 -0.25911 17.7378 0.0654701 -0.000174771
48.49 12.2116 -0.115467 -0.259303 17.7446 0.0654796 -0.00018471
48.5 12.2126 -0.114651 -0.259498 17.7515 0.0654889 -0.000194645
48.51 12.2136 -0.113829 -0.259694 17.7583 0.0654982 -0.000204597
48.52 12.2146 -0.113003 -0.259892 17.7652 0.0655073 -0.00021455
48.53 12.2156 -0.11217 -0.260091 17.7721 0.0655163 -0.000224516
48.54 12.2165 -0.111331 -0.260292 17.7789 0.0655252 -0.00023448
48.55 12.2174 -0.110485 -0.260495 17.7858 0.065534 -0.000244458
48.56 12.2184 -0.109631 -0.260699 17.7926 0.0655426 -0.000254445
48.57 12.2193 -0.10877 -0.260905 17.7995 0.0655511 -0.000264445
48.58 12.2202 -0.107901 -0.261113 17.8064 0.0655595 -0.000274455
48.59 12.221 -0.107023 -0.261322 17.8132 0.0655679 -0.000284468
48.6 12.2219 -0.106138 -0.261534 17.8201 0.0655761 -0.00029449
48.61 12.2228 -0.105245 -0.261746 17.8269 0.0655842 -0.000304512
48.62 12.2236 -0.104344 -0.261961 17.8338 0.0655922 -0.000314551
48.63 12.2244 -0.103436 -0.262176 17.8407 0.0656 -0.000324598
48.64 12.2252 -0.102521 -0.262393 17.8475 0.0656077 -0.000334672
48.65 12.226 -0.1016 -0.262611 17.8544 0.0656153 -0.000344753
48.66 12.2268 -0.100674 -0.26283 17.8613 0.0656229 -0.000354857
48.67 12.2276 -0.0997437 -0.26305 17.8681 0.0656303 -0.00036496
48.68 12.2283 -0.0988091 -0.263271 17.875 0.0656377 -0.000375071
48.69 12.2291 -0.0978716 -0.263493 17.8819 0.0656449 -0.000385183
48.7 12.2298 -0.0969319 -0.263715 17.8887 0.0656521 -0.000395303
48.71 12.2305 -0.0959909 -0.263938 17.8956 0.0656591 -0.000405441
48.72 12.2312 -0.0950495 -0.264161 17.9025 0.065666 -0.000415592
48.73 12.2319 -0.0941087 -0.264385 17.9093 0.0656728 -0.000425806
48.74 12.2326 -0.093169 -0.264608 17.9162 0.0656795 -0.000436084
48.75 12.2333 -0.0922307 -0.264833 17.9231 0.0656862 -0.000446358
48.76 12.2339 -0.0912939 -0.265057 17.93 0.0656928 -0.000456514
48.77 12.2346 -0.0903592 -0.265282 17.9368 0.0656993 -0.000466609
48.78 12.2352 -0.0894272 -0.265507 17.9437 0.0657058 -0.000476715
48.79 12.2358 -0.0884986 -0.265732 17.9506 0.0657121 -0.000486911
48.8 12.2364 -0.0875731 -0.265957 17.9574 0.0657183 -0.000497159
48.81 12.237 -0.0866505 -0.266183 17.9643 0.0657244 -0.000507398
48.82 12.2376 -0.0857304 -0.266409 17.9712 0.0657306 -0.000517587
48.83 12.2382 -0.0848125 -0.266636 17.9781 0.0657366 -0.000527732
48.84 12.2387 -0.0838965 -0.266863 17.9849 0.0657426 -0.000537875
48.85 12.2393 -0.0829821 -0.267091 17.9918 0.0657485 -0.000548029
48.86 12.2398 -0.0820686 -0.26732 17.9987 0.0657543 -0.000558203
48.87 12.2403 -0.0811555 -0.26755 18.0056 0.06576 -0.000568363
48.88 12.2409 -0.080242 -0.26778 18.0125 0.0657656 -0.000578525
48.89 12.2414 -0.0793275 -0.268012 18.0193 0.0657712 -0.000588673
48.9 12.2419 -0.0784114 -0.268245 18.0262 0.0657767 -0.000598831
48.91 12.2423 -0.0774928 -0.26848 18.0331 0.0657822 -0.000608971
48.92 12.2428 -0.0765711 -0.268716 18.04 0.0657877 -0.000619097
48.93 12.2433 -0.0756459 -0.268953 18.0469 0.065793 -0.000629194
48.94 12.2437 -0.0747167 -0.269191 18.0537 0.0657982 -0.00063929
48.95 12.2442 -0.0737834 -0.269431 18.0606 0.0658034 -0.000649405
48.96 12.2446 -0.0728458 -0.269672 18.0675 0.0658085 -0.000659583
48.97 12.245 -0.0719039 -0.269915 18.0744 0.0658136 -0.000669853
48.98 12.2454 -0.0709573 -0.27016 18.0813 0.0658187 -0.000680093
48.99 12.2458 -0.0700055 -0.270405 18.0881 0.0658238 -0.000690225
49 12.2462 -0.069049 -0.270652 18.095 0.0658287 -0.000700253
49.01 12.2466 -0.0680886 -0.2709 18.1019 0.0658336 -0.000710312
49.02 12.247 -0.0671251 -0.271149 18.1088 0.0658384 -0.000720452
49.03 12.2473 -0.0661591 -0.271399 18.1157 0.0658431 -0.000730683
49.04 12.2477 -0.0651908 -0.271651 18.1226 0.0658478 -0.000740924
49.05 12.248 -0.0642209 -0.271903 18.1295 0.0658525 -0.000751133
49.06 12.2484 -0.06325 -0.272157 18.1363 0.0658572 -0.000761301
49.07 12.2487 -0.0622792 -0.272411 18.1432 0.0658619 -0.000771457
49.08 12.249 -0.0613094 -0.272665 18.1501 0.0658665 -0.000781633
49.09 12.2493 -0.0603415 -0.272919 18.157 0.0658711 -0.000791813
49.1 12.2496 -0.0593764 -0.273174 18.1639 0.0658755 -0.000802016
49.11 12.2499 -0.0584149 -0.273429 18.1708 0.06588 -0.000812219
49.12 12.2502 -0.0574578 -0.273685 18.1777 0.0658845 -0.000822455
49.13 12.2505 -0.0565057 -0.273941 18.1846 0.065889 -0.000832691
49.14 12.2507 -0.055559 -0.274197 18.1915 0.0658935 -0.000842915
49.15 12.251 -0.0546181 -0.274453 18.1984 0.0658979 -0.000853085
49.16 12.2512 -0.0536833 -0.274709 18.2053 0.0659023 -0.000863217
49.17 12.2515 -0.0527552 -0.274965 18.2122 0.0659066 -0.000873332
49.18 12.2517 -0.0518339 -0.275221 18.2191 0.0659109 -0.000883477
49.19 12.2519 -0.0509196 -0.275478 18.2259 0.0659153 -0.000893666
49.2 12.2522 -0.0500118 -0.275735 18.2328 0.0659196 -0.000903861
49.21 12.2524 -0.0491103 -0.275992 18.2397 0.065924 -0.00091403
49.22 12.2526 -0.0482145 -0.276251 18.2466 0.0659283 -0.000924131
49.23 12.2528 -0.0473238 -0.276509 18.2535 0.0659327 -0.000934181
49.24 12.253 -0.0464379 -0.276768 18.2604 0.0659369 -0.000944186
49.25 12.2532 -0.0455564 -0.277027 18.2673 0.0659411 -0.000954207
49.26 12.2533 -0.0446786 -0.277287 18.2742 0.0659453 -0.000964251
49.27 12.2535 -0.0438041 -0.277549 18.2811 0.0659496 -0.000974334
49.28 12.2537 -0.0429317 -0.277811 18.288 0.0659539 -0.000984404
49.29 12.2539 -0.0420606 -0.278075 18.2949 0.0659582 -0.000994432
49.3 12.254 -0.0411902 -0.27834 18.3018 0.0659624 -0.00100439
49.31 12.2542 -0.0403199 -0.278606 18.3087 0.0659667 -0.00101429
49.32 12.2543 -0.0394494 -0.278873 18.3156 0.0659709 -0.00102422
49.33 12.2544 -0.0385785 -0.279141 18.3225 0.065975 -0.00103421
49.34 12.2546 -0.0377068 -0.27941 18.3294 0.0659792 -0.00104424
49.35 12.2547 -0.0368336 -0.279681 18.3363 0.0659834 -0.00105421
49.36 12.2548 -0.0359587 -0.279954 18.3432 0.0659877 -0.00106413
49.37 12.255 -0.0350824 -0.280228 18.3501 0.065992 -0.00107401
49.38 12.2551 -0.0342049 -0.280503 18.357 0.0659963 -0.00108389
49.39 12.2552 -0.0333265 -0.280778 18.364 0.0660006 -0.00109375
49.4 12.2553 -0.0324476 -0.281055 18.3709 0.0660048 -0.0011036
49.41 12.2554 -0.0315688 -0.281333 18.3778 0.066009 -0.00111343
49.42 12.2555 -0.0306908 -0.281612 18.3847 0.0660133 -0.00112329
49.43 12.2556 -0.0298145 -0.281891 18.3916 0.0660176 -0.00113321
49.44 12.2557 -0.0289405 -0.282172 18.3985 0.066022 -0.00114313
49.45 12.2558 -0.0280692 -0.282453 18.4054 0.0660264 -0.001153
49.46 12.2559 -0.0272014 -0.282735 18.4123 0.0660309 -0.00116275
49.47 12.2559 -0.0263381 -0.283017 18.4192 0.0660353 -0.00117245
49.48 12.256 -0.0254804 -0.283298 18.4261 0.0660397 -0.00118213
49.49 12.2561 -0.0246296 -0.28358 18.433 0.0660441 -0.00119188
49.5 12.2562 -0.0237862 -0.283863 18.44 0.0660486 -0.00120168
49.51 12.2562 -0.0229509 -0.284146 18.4469 0.0660532 -0.0012115
49.52 12.2563 -0.0221237 -0.284429 18.4538 0.0660578 -0.00122123
49.53 12.2564 -0.0213053 -0.284712 18.4607 0.0660625 -0.00123086
49.54 12.2564 -0.0204958 -0.284995 18.4676 0.0660672 -0.0012404
49.55 12.2565 -0.019696 -0.285277 18.4745 0.0660718 -0.00124989
49.56 12.2565 -0.0189061 -0.28556 18.4814 0.0660765 -0.00125939
49.57 12.2566 -0.0181263 -0.285842 18.4884 0.0660813 -0.00126892
49.58 12.2567 -0.0173565 -0.286126 18.4953 0.0660861 -0.00127849
49.59 12.2567 -0.0165961 -0.286409 18.5022 0.066091 -0.00128802
49.6 12.2568 -0.0158445 -0.286694 18.5091 0.066096 -0.00129748
49.61 12.2568 -0.0151011 -0.286978 18.516 0.066101 -0.0013068
49.62 12.2569 -0.0143655 -0.287262 18.5229 0.066106 -0.00131602
49.63 12.2569 -0.0136372 -0.287547 18.5299 0.066111 -0.00132519
49.64 12.2569 -0.012916 -0.287833 18.5368 0.0661161 -0.0013344
49.65 12.257 -0.0122012 -0.28812 18.5437 0.0661212 -0.00134365
49.66 12.257 -0.011492 -0.288408 18.5506 0.0661264 -0.00135292
49.67 12.2571 -0.0107873 -0.288697 18.5575 0.0661318 -0.00136214
49.68 12.2571 -0.010086 -0.288987 18.5644 0.0661371 -0.00137124
49.69 12.2572 -0.00938763 -0.289278 18.5714 0.0661425 -0.0013802
49.7 12.2572 -0.00869169 -0.28957 18.5783 0.0661479 -0.00138908
49.71 12.2573 -0.00799807 -0.289863 18.5852 0.0661534 -0.00139795
49.72 12.2573 -0.00730661 -0.290157 18.5921 0.0661589 -0.00140685
49.73 12.2573 -0.0066171 -0.290453 18.5991 0.0661645 -0.00141582
49.74 12.2574 -0.00592912 -0.29075 18.606 0.0661702 -0.00142478
49.75 12.2574 -0.00524233 -0.291049 18.6129 0.066176 -0.00143367
49.76 12.2575 -0.00455653 -0.291349 18.6198 0.0661819 -0.00144241
49.77 12.2575 -0.003872 -0.291649 18.6268 0.0661878 -0.00145102
49.78 12.2576 -0.00318935 -0.291951 18.6337 0.0661937 -0.00145956
49.79 12.2576 -0.00250943 -0.292254 18.6406 0.0661997 -0.00146811
49.8 12.2576 -0.00183304 -0.292557 18.6475 0.0662058 -0.00147671
49.81 12.2577 -0.00116075 -0.292862 18.6545 0.066212 -0.00148537
49.82 12.2577 -0.000492908 -0.293167 18.6614 0.0662183 -0.001494
49.83 12.2578 0.000170186 -0.293474 18.6683 0.0662247 -0.00150251
49.84 12.2578 0.000827888 -0.29378 18.6753 0.0662312 -0.00151085
49.85 12.2579 0.00147925 -0.294087 18.6822 0.0662377 -0.00151904
49.86 12.2579 0.00212299 -0.294395 18.6891 0.0662443 -0.00152718
49.87 12.258 0.00275794 -0.294702 18.6961 0.066251 -0.00153534
49.88 12.2581 0.00338322 -0.29501 18.703 0.0662578 -0.00154355
49.89 12.2581 0.0039983 -0.295318 18.7099 0.0662647 -0.00155178
49.9 12.2582 0.00460294 -0.295627 18.7168 0.0662717 -0.00155993
49.91 12.2582 0.00519698 -0.295935 18.7238 0.0662789 -0.00156793
49.92 12.2583 0.00578015 -0.296244 18.7307 0.0662861 -0.00157575
49.93 12.2584 0.00635194 -0.296552 18.7377 0.0662934 -0.00158342
49.94 12.2584 0.00691182 -0.29686 18.7446 0.0663007 -0.00159105
49.95 12.2585 0.00745941 -0.297169 18.7515 0.0663081 -0.00159872
49.96 12.2586 0.00799475 -0.297477 18.7585 0.0663157 -0.00160642
49.97 12.2587 0.00851833 -0.297786 18.7654 0.0663233 -0.00161412
49.98 12.2587 0.00903094 -0.298096 18.7723 0.0663311 -0.0016217
49.99 12.2588 0.00953339 -0.298406 18.7793 0.066339 -0.0016291
50 12.2589 0.0100262 -0.298716 18.7862 0.066347 -0.0016363
50.01 12.259 0.0105098 -0.299026 18.7931 0.066355 -0.00164339
50.02 12.2591 0.0109843 -0.299337 18.8001 0.0663631 -0.00165046
50.03 12.2592 0.0114501 -0.299648 18.807 0.0663713 -0.00165758
50.04 12.2593 0.0119082 -0.299961 18.814 0.0663797 -0.00166474
50.05 12.2594 0.0123595 -0.300274 18.8209 0.0663881 -0.00167186
50.06 12.2595 0.0128053 -0.300589 18.8278 0.0663967 -0.00167884
50.07 12.2596 0.0132465 -0.300905 18.8348 0.0664054 -0.00168562
50.08 12.2597 0.0136837 -0.301221 18.8417 0.0664142 -0.00169221
50.09 12.2599 0.0141168 -0.301539 18.8487 0.066423 -0.00169873
50.1 12.26 0.014546 -0.301858 18.8556 0.066432 -0.00170526
50.11 12.2601 0.0149713 -0.302178 18.8626 0.066441 -0.00171185
50.12 12.2602 0.0153932 -0.302499 18.8695 0.0664503 -0.00171848
50.13 12.2604 0.0158121 -0.302822 18.8764 0.0664596 -0.00172502
50.14 12.2605 0.0162284 -0.303147 18.8834 0.0664691 -0.0017314
50.15 12.2607 0.0166423 -0.303472 18.8903 0.0664787 -0.00173755
50.16 12.2608 0.017053 -0.303798 18.8973 0.0664883 -0.00174355
50.17 12.261 0.0174598 -0.304126 18.9042 0.0664981 -0.0017495
50.18 12.2612 0.0178617 -0.304454 18.9112 0.066508 -0.00175549
50.19 12.2613 0.018258 -0.304783 18.9181 0.066518 -0.00176154
50.2 12.2615 0.0186483 -0.305114 18.9251 0.0665282 -0.00176758
50.21 12.2617 0.0190324 -0.305445 18.932 0.0665385 -0.00177351
50.22 12.2619 0.0194099 -0.305777 18.939 0.066549 -0.00177922
50.23 12.262 0.01978 -0.306109 18.9459 0.0665595 -0.00178472
50.24 12.2622 0.0201415 -0.306442 18.9529 0.0665702 -0.00179007
50.25 12.2624 0.0204932 -0.306775 18.9598 0.0665809 -0.00179541
50.26 12.2626 0.0208338 -0.307108 18.9668 0.0665918 -0.00180085
50.27 12.2629 0.0211629 -0.307441 18.9737 0.0666029 -0.00180634
50.28 12.2631 0.0214806 -0.307775 18.9807 0.0666141 -0.00181172
50.29 12.2633 0.0217867 -0.30811 18.9876 0.0666254 -0.00181689
50.3 12.2635 0.0220811 -0.308444 18.9946 0.0666369 -0.00182183
50.31 12.2638 0.0223634 -0.308778 19.0015 0.0666484 -0.00182656
50.32 12.264 0.0226332 -0.309112 19.0085 0.0666601 -0.00183112
50.33 12.2643 0.0228898 -0.309446 19.0154 0.0666718 -0.00183568
50.34 12.2645 0.0231327 -0.309781 19.0224 0.0666837 -0.00184039
50.35 12.2648 0.0233624 -0.310116 19.0294 0.0666958 -0.00184519
50.36 12.2651 0.0235799 -0.310452 19.0363 0.0667081 -0.0018499
50.37 12.2654 0.0237865 -0.310787 19.0433 0.0667204 -0.00185434
50.38 12.2657 0.0239828 -0.311124 19.0502 0.0667329 -0.0018585
50.39 12.266 0.0241691 -0.31146 19.0572 0.0667454 -0.00186248
50.4 12.2663 0.0243452 -0.311797 19.0641 0.0667581 -0.00186643
50.41 12.2666 0.0245116 -0.312135 19.0711 0.0667709 -0.00187043
50.42 12.2669 0.0246691 -0.312473 19.0781 0.0667838 -0.00187449
50.43 12.2672 0.0248188 -0.312813 19.085 0.066797 -0.00187852
50.44 12.2676 0.0249617 -0.313154 19.092 0.0668102 -0.00188243
50.45 12.2679 0.0250991 -0.313495 19.0989 0.0668236 -0.00188614
50.46 12.2682 0.0252316 -0.313838 19.1059 0.066837 -0.00188963
50.47 12.2686 0.0253595 -0.314182 19.1129 0.0668506 -0.00189298
50.48 12.269 0.025483 -0.314526 19.1198 0.0668642 -0.00189629
50.49 12.2693 0.025602 -0.314872 19.1268 0.066878 -0.00189965
50.5 12.2697 0.0257169 -0.31522 19.1337 0.066892 -0.00190306
50.51 12.2701 0.0258281 -0.315569 19.1407 0.0669061 -0.00190646
50.52 12.2705 0.0259362 -0.315919 19.1477 0.0669204 -0.0019097
50.53 12.2709 0.0260413 -0.31627 19.1546 0.0669349 -0.00191274
50.54 12.2713 0.0261434 -0.316622 19.1616 0.0669494 -0.00191555
50.55 12.2717 0.0262416 -0.316976 19.1686 0.066964 -0.00191824
50.56 12.2722 0.026335 -0.31733 19.1755 0.0669788 -0.00192091
50.57 12.2726 0.0264226 -0.317685 19.1825 0.0669937 -0.00192368
50.58 12.273 0.026504 -0.318042 19.1895 0.0670088 -0.00192651
50.59 12.2735 0.0265789 -0.318399 19.1964 0.067024 -0.00192927
50.6 12.2739 0.0266473 -0.318757 19.2034 0.0670393 -0.00193185
50.61 12.2744 0.0267086 -0.319115 19.2104 0.0670548 -0.00193416
50.62 12.2749 0.026762 -0.319474 19.2173 0.0670704 -0.00193627
50.63 12.2754 0.026806 -0.319833 19.2243 0.0670861 -0.00193829
50.64 12.2758 0.0268394 -0.320193 19.2313 0.0671019 -0.00194038
50.65 12.2763 0.0268615 -0.320553 19.2383 0.0671179 -0.00194254
50.66 12.2768 0.0268719 -0.320913 19.2452 0.067134 -0.00194473
50.67 12.2774 0.0268708 -0.321274 19.2522 0.0671503 -0.0019468
50.68 12.2779 0.0268582 -0.321634 19.2592 0.0671667 -0.00194864
50.69 12.2784 0.026834 -0.321995 19.2661 0.0671832 -0.00195023
50.7 12.2789 0.0267975 -0.322355 19.2731 0.0671998 -0.00195167
50.71 12.2795 0.0267483 -0.322716 19.2801 0.0672165 -0.00195308
50.72 12.28 0.0266859 -0.323077 19.2871 0.0672333 -0.00195457
50.73 12.2806 0.0266106 -0.323439 19.294 0.0672504 -0.00195613
50.74 12.2812 0.026523 -0.3238 19.301 0.0672675 -0.00195767
50.75 12.2818 0.0264242 -0.324162 19.308 0.0672848 -0.00195907
50.76 12.2824 0.026315 -0.324525 19.315 0.0673022 -0.00196024
50.77 12.283 0.0261961 -0.324888 19.3219 0.0673197 -0.0019612
50.78 12.2836 0.0260675 -0.325251 19.3289 0.0673372 -0.00196204
50.79 12.2842 0.0259296 -0.325615 19.3359 0.067355 -0.0019629
50.8 12.2848 0.0257827 -0.32598 19.3429 0.0673728 -0.00196385
50.81 12.2854 0.0256276 -0.326346 19.3499 0.0673908 -0.00196489
50.82 12.2861 0.0254657 -0.326713 19.3568 0.067409 -0.00196588
50.83 12.2867 0.025298 -0.327081 19.3638 0.0674272 -0.00196671
50.84 12.2874 0.0251257 -0.32745 19.3708 0.0674456 -0.00196731
50.85 12.288 0.0249493 -0.32782 19.3778 0.067464 -0.00196768
50.86 12.2887 0.024769 -0.328191 19.3848 0.0674826 -0.00196793
50.87 12.2894 0.0245844 -0.328564 19.3917 0.0675013 -0.00196824
50.88 12.2901 0.0243951 -0.328938 19.3987 0.0675201 -0.00196876
50.89 12.2908 0.0242019 -0.329314 19.4057 0.0675391 -0.0019694
50.9 12.2915 0.0240056 -0.329691 19.4127 0.0675582 -0.00196995
50.91 12.2922 0.023807 -0.330069 19.4197 0.0675775 -0.00197022
50.92 12.2929 0.023606 -0.330449 19.4267 0.0675968 -0.00197024
50.93 12.2936 0.0234018 -0.330829 19.4336 0.0676162 -0.00197011
50.94 12.2944 0.0231933 -0.33121 19.4406 0.0676358 -0.00197002
50.95 12.2951 0.0229797 -0.331593 19.4476 0.0676554 -0.00197002
50.96 12.2959 0.0227606 -0.331977 19.4546 0.0676752 -0.00197012
50.97 12.2966 0.0225359 -0.332361 19.4616 0.0676952 -0.0019702
50.98 12.2974 0.0223053 -0.332746 19.4686 0.0677152 -0.00197014
50.99 12.2982 0.0220685 -0.333132 19.4756 0.0677354 -0.00196988
51 12.299 0.0218247 -0.333519 19.4826 0.0677556 -0.00196942
51.01 12.2998 0.021573 -0.333905 19.4895 0.0677759 -0.00196887
51.02 12.3006 0.0213122 -0.334292 19.4965 0.0677963 -0.00196832
51.03 12.3014 0.0210413 -0.33468 19.5035 0.0678169 -0.00196786
51.04 12.3022 0.0207598 -0.335068 19.5105 0.0678376 -0.00196747
51.05 12.303 0.0204677 -0.335456 19.5175 0.0678584 -0.00196707
51.06 12.3039 0.0201652 -0.335844 19.5245 0.0678793 -0.00196652
51.07 12.3047 0.0198522 -0.336232 19.5315 0.0679002 -0.00196576
51.08 12.3056 0.0195284 -0.33662 19.5385 0.0679213 -0.00196481
51.09 12.3064 0.0191935 -0.337008 19.5455 0.0679424 -0.00196379
51.1 12.3073 0.0188467 -0.337396 19.5525 0.0679637 -0.00196283
51.11 12.3082 0.0184881 -0.337785 19.5595 0.067985 -0.00196198
51.12 12.3091 0.0181182 -0.338174 19.5665 0.0680065 -0.00196121
51.13 12.31 0.0177378 -0.338563 19.5734 0.0680281 -0.00196038
51.14 12.3109 0.0173479 -0.338953 19.5804 0.0680498 -0.00195938
51.15 12.3118 0.0169494 -0.339343 19.5874 0.0680715 -0.00195816
51.16 12.3127 0.0165424 -0.339733 19.5944 0.0680933 -0.00195682
51.17 12.3136 0.0161272 -0.340124 19.6014 0.0681152 -0.00195546
51.18 12.3145 0.015704 -0.340516 19.6084 0.0681372 -0.00195421
51.19 12.3155 0.0152734 -0.340909 19.6154 0.0681593 -0.00195308
51.2 12.3164 0.0148366 -0.341303 19.6224 0.0681816 -0.00195199
51.21 12.3174 0.0143948 -0.341698 19.6294 0.0682039 -0.0019508
51.22 12.3183 0.013949 -0.342094 19.6364 0.0682263 -0.00194944
51.23 12.3193 0.0135 -0.342491 19.6434 0.0682487 -0.00194789
51.24 12.3203 0.0130477 -0.34289 19.6504 0.0682713 -0.00194627
51.25 12.3213 0.0125922 -0.343289 19.6574 0.0682939 -0.00194469
51.26 12.3223 0.0121336 -0.343691 19.6644 0.0683166 -0.00194322
51.27 12.3233 0.0116721 -0.344093 19.6714 0.0683395 -0.00194186
51.28 12.3243 0.0112084 -0.344497 19.6784 0.0683624 -0.00194049
51.29 12.3253 0.010743 -0.344903 19.6854 0.0683854 -0.001939
51.3 12.3263 0.0102762 -0.345309 19.6924 0.0684085 -0.00193733
51.31 12.3273 0.00980756 -0.345717 19.6994 0.0684316 -0.00193551
51.32 12.3284 0.00933662 -0.346126 19.7064 0.0684548 -0.00193359
51.33 12.3294 0.00886227 -0.346537 19.7134 0.0684781 -0.00193175
51.34 12.3304 0.00838366 -0.346948 19.7204 0.0685015 -0.00193007
51.35 12.3315 0.00790053 -0.347361 19.7275 0.068525 -0.0019285
51.36 12.3325 0.007413 -0.347774 19.7345 0.0685485 -0.00192689
51.37 12.3336 0.00692106 -0.348188 19.7415 0.0685721 -0.00192508
51.38 12.3347 0.00642417 -0.348603 19.7485 0.0685958 -0.00192307
51.39 12.3358 0.00592133 -0.349018 19.7555 0.0686195 -0.00192094
51.4 12.3368 0.00541147 -0.349434 19.7625 0.0686432 -0.00191882
51.41 12.3379 0.00489382 -0.34985 19.7695 0.068667 -0.00191675
51.42 12.339 0.00436763 -0.350267 19.7765 0.068691 -0.00191479
51.43 12.3401 0.00383259 -0.350684 19.7835 0.0687149 -0.0019129
51.44 12.3412 0.0032888 -0.351101 19.7905 0.068739 -0.00191097
51.45 12.3424 0.00273652 -0.351519 19.7975 0.0687631 -0.00190887
51.46 12.3435 0.00217566 -0.351936 19.8045 0.0687872 -0.00190658
51.47 12.3446 0.00160574 -0.352354 19.8116 0.0688114 -0.00190419
51.48 12.3457 0.00102618 -0.352772 19.8186 0.0688356 -0.00190184
51.49 12.3469 0.000436706 -0.35319 19.8256 0.06886 -0.00189962
51.5 12.348 -0.000162284 -0.353609 19.8326 0.0688843 -0.0018975
51.51 12.3492 -0.000770041 -0.354028 19.8396 0.0689088 -0.00189537
51.52 12.3503 -0.00138565 -0.354447 19.8466 0.0689332 -0.00189311
51.53 12.3515 -0.00200846 -0.354867 19.8536 0.0689577 -0.0018907
51.54 12.3527 -0.00263805 -0.355287 19.8606 0.0689822 -0.00188817
51.55 12.3539 -0.00327422 -0.355708 19.8677 0.0690069 -0.00188563
51.56 12.355 -0.00391662 -0.356129 19.8747 0.0690315 -0.00188316
51.57 12.3562 -0.00456467 -0.356552 19.8817 0.0690562 -0.00188078
51.58 12.3574 -0.00521751 -0.356975 19.8887 0.069081 -0.00187846
51.59 12.3586 -0.00587406 -0.3574 19.8957 0.0691058 -0.00187611
51.6 12.3598 -0.00653333 -0.357826 19.9027 0.0691307 -0.00187365
51.61 12.361 -0.00719456 -0.358253 19.9098 0.0691556 -0.00187106
51.62 12.3623 -0.00785737 -0.358681 19.9168 0.0691805 -0.00186839
51.63 12.3635 -0.00852161 -0.359111 19.9238 0.0692055 -0.00186572
51.64 12.3647 -0.00918718 -0.359543 19.9308 0.0692305 -0.00186314
51.65 12.3659 -0.0098538 -0.359976 19.9378 0.0692556 -0.00186064
51.66 12.3672 -0.010521 -0.36041 19.9448 0.0692807 -0.00185818
51.67 12.3684 -0.0111883 -0.360846 19.9519 0.0693059 -0.00185567
51.68 12.3696 -0.0118554 -0.361283 19.9589 0.069331 -0.00185304
51.69 12.3709 -0.0125223 -0.361722 19.9659 0.0693562 -0.00185029
51.7 12.3721 -0.0131895 -0.362162 19.9729 0.0693815 -0.00184749
51.71 12.3734 -0.0138577 -0.362604 19.98 0.0694068 -0.00184472
51.72 12.3747 -0.0145273 -0.363047 19.987 0.0694321 -0.00184203
51.73 12.3759 -0.0151988 -0.363491 19.994 0.0694574 -0.00183942
51.74 12.3772 -0.0158724 -0.363936 20.001 0.0694828 -0.00183682
51.75 12.3785 -0.0165482 -0.364383 20.008 0.0695082 -0.00183413
51.76 12.3798 -0.0172267 -0.36483 20.0151 0.0695335 -0.00183132
51.77 12.381 -0.0179086 -0.365278 20.0221 0.069559 -0.00182842
51.78 12.3823 -0.0185947 -0.365727 20.0291 0.0695844 -0.00182551
51.79 12.3836 -0.0192858 -0.366176 20.0362 0.0696099 -0.00182265
51.8 12.3849 -0.0199827 -0.366627 20.0432 0.0696353 -0.00181987
51.81 12.3862 -0.0206856 -0.367078 20.0502 0.0696609 -0.00181713
51.82 12.3875 -0.0213947 -0.367529 20.0572 0.0696864 -0.00181436
51.83 12.3888 -0.02211 -0.367981 20.0643 0.0697119 -0.00181151
51.84 12.3902 -0.0228318 -0.368433 20.0713 0.0697374 -0.00180856
51.85 12.3915 -0.0235604 -0.368886 20.0783 0.0697629 -0.00180555
51.86 12.3928 -0.024296 -0.369339 20.0853 0.0697885 -0.00180256
51.87 12.3941 -0.0250388 -0.369793 20.0924 0.0698141 -0.00179962
51.88 12.3955 -0.0257887 -0.370247 20.0994 0.0698397 -0.00179675
51.89 12.3968 -0.0265452 -0.370702 20.1064 0.0698653 -0.00179389
51.9 12.3981 -0.0273079 -0.371158 20.1135 0.0698909 -0.00179101
51.91 12.3995 -0.028076 -0.371614 20.1205 0.0699165 -0.00178804
51.92 12.4008 -0.0288492 -0.372072 20.1275 0.0699421 -0.00178501
51.93 12.4022 -0.0296269 -0.37253 20.1346 0.0699677 -0.00178194
51.94 12.4035 -0.0304087 -0.372989 20.1416 0.0699934 -0.00177891
51.95 12.4049 -0.0311942 -0.37345 20.1486 0.0700191 -0.00177593
51.96 12.4062 -0.0319826 -0.373912 20.1556 0.0700448 -0.001773
51.97 12.4076 -0.0327731 -0.374375 20.1627 0.0700705 -0.00177008
51.98 12.409 -0.0335648 -0.37484 20.1697 0.0700962 -0.00176712
51.99 12.4103 -0.034357 -0.375306 20.1768 0.0701219 -0.00176409
52 12.4117 -0.0351491 -0.375774 20.1838 0.0701476 -0.00176102
52.01 12.4131 -0.0359406 -0.376243 20.1908 0.0701733 -0.00175794
52.02 12.4145 -0.0367314 -0.376715 20.1979 0.0701991 -0.0017549
52.03 12.4158 -0.0375211 -0.377188 20.2049 0.0702248 -0.00175191
52.04 12.4172 -0.0383093 -0.377663 20.2119 0.0702505 -0.00174895
52.05 12.4186 -0.0390957 -0.378139 20.219 0.0702763 -0.00174599
52.06 12.42 -0.0398799 -0.378617 20.226 0.070302 -0.00174298
52.07 12.4214 -0.040662 -0.379098 20.233 0.0703277 -0.00173991
52.08 12.4228 -0.0414421 -0.379579 20.2401 0.0703534 -0.00173683
52.09 12.4242 -0.0422207 -0.380063 20.2471 0.0703791 -0.00173376
52.1 12.4256 -0.042998 -0.380548 20.2542 0.0704048 -0.00173074
52.11 12.427 -0.0437743 -0.381035 20.2612 0.0704305 -0.00172774
52.12 12.4284 -0.04455 -0.381524 20.2682 0.0704562 -0.00172473
52.13 12.4298 -0.0453254 -0.382014 20.2753 0.0704819 -0.00172165
52.14 12.4312 -0.0461012 -0.382505 20.2823 0.0705075 -0.00171855
52.15 12.4326 -0.0468783 -0.382997 20.2894 0.0705331 -0.00171549
52.16 12.434 -0.0476571 -0.383491 20.2964 0.0705587 -0.00171248
52.17 12.4354 -0.0484381 -0.383985 20.3035 0.0705843 -0.00170946
52.18 12.4368 -0.0492215 -0.384481 20.3105 0.0706099 -0.00170639
52.19 12.4383 -0.0500078 -0.384978 20.3175 0.0706354 -0.00170328
52.2 12.4397 -0.0507977 -0.385476 20.3246 0.0706609 -0.00170018
52.21 12.4411 -0.0515919 -0.385974 20.3316 0.0706864 -0.00169715
52.22 12.4425 -0.0523905 -0.386474 20.3387 0.0707118 -0.00169415
52.23 12.444 -0.0531935 -0.386974 20.3457 0.0707372 -0.00169112
52.24 12.4454 -0.0540009 -0.387476 20.3528 0.0707627 -0.00168804
52.25 12.4468 -0.0548127 -0.387978 20.3598 0.0707881 -0.00168493
52.26 12.4483 -0.0556292 -0.388482 20.3669 0.0708135 -0.00168185
52.27 12.4497 -0.0564503 -0.388986 20.3739 0.0708389 -0.00167882
52.28 12.4511 -0.0572756 -0.389492 20.381 0.0708642 -0.00167579
52.29 12.4526 -0.0581046 -0.389998 20.388 0.0708895 -0.00167275
52.3 12.454 -0.0589369 -0.390506 20.395 0.0709147 -0.00166968
52.31 12.4555 -0.0597721 -0.391015 20.4021 0.07094 -0.0016666
52.32 12.4569 -0.0606096 -0.391526 20.4091 0.0709652 -0.00166355
52.33 12.4584 -0.0614488 -0.392039 20.4162 0.0709905 -0.00166051
52.34 12.4598 -0.062289 -0.392553 20.4232 0.0710157 -0.00165748
52.35 12.4613 -0.0631295 -0.393069 20.4303 0.0710408 -0.00165443
52.36 12.4627 -0.0639696 -0.393587 20.4373 0.071066 -0.00165138
52.37 12.4642 -0.0648089 -0.394107 20.4444 0.071091 -0.00164833
52.38 12.4656 -0.0656466 -0.394629 20.4514 0.0711161 -0.0016453
52.39 12.4671 -0.0664823 -0.395153 20.4585 0.0711412 -0.0016423
52.4 12.4685 -0.0673153 -0.39568 20.4656 0.0711662 -0.00163931
52.41 12.47 -0.0681451 -0.396208 20.4726 0.0711912 -0.00163631
52.42 12.4715 -0.0689713 -0.396739 20.4797 0.0712162 -0.00163328
52.43 12.4729 -0.0697936 -0.397273 20.4867 0.0712411 -0.00163025
52.44 12.4744 -0.0706121 -0.397808 20.4938 0.071266 -0.00162724
52.45 12.4758 -0.0714268 -0.398346 20.5008 0.0712908 -0.00162426
52.46 12.4773 -0.0722376 -0.398886 20.5079 0.0713156 -0.00162132
52.47 12.4788 -0.0730446 -0.399428 20.5149 0.0713403 -0.0016184
52.48 12.4802 -0.0738478 -0.399972 20.522 0.0713651 -0.00161546
52.49 12.4817 -0.0746475 -0.400519 20.5291 0.0713898 -0.00161251
52.5 12.4832 -0.0754441 -0.401067 20.5361 0.0714144 -0.00160953
52.51 12.4846 -0.0762381 -0.401617 20.5432 0.071439 -0.00160657
52.52 12.4861 -0.0770303 -0.402169 20.5502 0.0714635 -0.00160363
52.53 12.4876 -0.0778212 -0.402723 20.5573 0.071488 -0.00160075
52.54 12.4891 -0.0786113 -0.403278 20.5643 0.0715124 -0.0015979
52.55 12.4905 -0.0794011 -0.403835 20.5714 0.0715368 -0.00159508
52.56 12.492 -0.0801909 -0.404394 20.5785 0.0715612 -0.00159223
52.57 12.4935 -0.0809812 -0.404954 20.5855 0.0715855 -0.00158934
52.58 12.495 -0.0817727 -0.405515 20.5926 0.0716098 -0.00158643
52.59 12.4964 -0.0825659 -0.406078 20.5996 0.071634 -0.00158354
52.6 12.4979 -0.0833614 -0.406642 20.6067 0.0716581 -0.0015807
52.61 12.4994 -0.0841595 -0.407208 20.6138 0.0716822 -0.00157791
52.62 12.5009 -0.0849603 -0.407775 20.6208 0.0717062 -0.00157516
52.63 12.5024 -0.0857638 -0.408343 20.6279 0.0717303 -0.00157241
52.64 12.5038 -0.0865698 -0.408914 20.6349 0.0717543 -0.00156962
52.65 12.5053 -0.0873781 -0.409485 20.642 0.0717782 -0.00156677
52.66 12.5068 -0.0881888 -0.410058 20.6491 0.0718021 -0.00156391
52.67 12.5083 -0.0890019 -0.410633 20.6561 0.0718259 -0.00156108
52.68 12.5098 -0.0898172 -0.411209 20.6632 0.0718496 -0.00155833
52.69 12.5113 -0.0906342 -0.411788 20.6703 0.0718734 -0.00155564
52.7 12.5128 -0.0914521 -0.412369 20.6773 0.0718971 -0.00155296
52.71 12.5143 -0.0922701 -0.412951 20.6844 0.0719207 -0.00155024
52.72 12.5157 -0.0930874 -0.413536 20.6915 0.0719444 -0.00154746
52.73 12.5172 -0.0939036 -0.414123 20.6985 0.0719679 -0.00154463
52.74 12.5187 -0.0947181 -0.414713 20.7056 0.0719914 -0.0015418
52.75 12.5202 -0.0955307 -0.415305 20.7127 0.0720149 -0.00153903
52.76 12.5217 -0.0963408 -0.415899 20.7197 0.0720382 -0.00153634
52.77 12.5232 -0.0971475 -0.416497 20.7268 0.0720616 -0.0015337
52.78 12.5247 -0.0979502 -0.417097 20.7339 0.0720849 -0.00153106
52.79 12.5262 -0.098748 -0.4177 20.7409 0.0721082 -0.00152836
52.8 12.5277 -0.0995405 -0.418306 20.748 0.0721314 -0.00152559
52.81 12.5291 -0.100327 -0.418914 20.7551 0.0721545 -0.00152277
52.82 12.5306 -0.101109 -0.419525 20.7622 0.0721776 -0.00151997
52.83 12.5321 -0.101885 -0.42014 20.7692 0.0722006 -0.00151726
52.84 12.5336 -0.102656 -0.420756 20.7763 0.0722235 -0.00151463
52.85 12.5351 -0.103422 -0.421376 20.7834 0.0722464 -0.001512
52.86 12.5366 -0.104181 -0.421999 20.7904 0.0722693 -0.00150929
52.87 12.5381 -0.104935 -0.422625 20.7975 0.0722922 -0.00150651
52.88 12.5396 -0.105685 -0.423253 20.8046 0.0723149 -0.00150374
52.89 12.5411 -0.10643 -0.423883 20.8117 0.0723375 -0.001501
52.9 12.5426 -0.107171 -0.424516 20.8187 0.0723601 -0.00149829
52.91 12.544 -0.10791 -0.425151 20.8258 0.0723825 -0.00149559
52.92 12.5455 -0.108645 -0.425789 20.8329 0.072405 -0.00149292
52.93 12.547 -0.109379 -0.426429 20.84 0.0724275 -0.00149028
52.94 12.5485 -0.110111 -0.427071 20.847 0.0724499 -0.00148763
52.95 12.55 -0.110843 -0.427716 20.8541 0.0724722 -0.00148492
52.96 12.5515 -0.111573 -0.428362 20.8612 0.0724944 -0.00148212
52.97 12.553 -0.112304 -0.42901 20.8683 0.0725165 -0.00147926
52.98 12.5545 -0.113035 -0.42966 20.8753 0.0725385 -0.00147643
52.99 12.556 -0.113768 -0.430312 20.8824 0.0725605 -0.0014737
53 12.5575 -0.114503 -0.430966 20.8895 0.0725824 -0.00147108
53.01 12.559 -0.11524 -0.431622 20.8966 0.0726043 -0.00146845
53.02 12.5605 -0.115978 -0.43228 20.9037 0.0726261 -0.00146572
53.03 12.5619 -0.116716 -0.432941 20.9107 0.0726479 -0.00146283
53.04 12.5634 -0.117456 -0.433603 20.9178 0.0726696 -0.00145985
53.05 12.5649 -0.118197 -0.434267 20.9249 0.0726912 -0.00145688
53.06 12.5664 -0.11894 -0.434934 20.932 0.0727127 -0.001454
53.07 12.5679 -0.119684 -0.435603 20.9391 0.0727341 -0.00145122
53.08 12.5694 -0.120429 -0.436274 20.9461 0.0727555 -0.00144847
53.09 12.5709 -0.121173 -0.436949 20.9532 0.0727769 -0.00144567
53.1 12.5724 -0.121915 -0.437625 20.9603 0.0727982 -0.00144273
53.11 12.5739 -0.122655 -0.438305 20.9674 0.0728194 -0.00143965
53.12 12.5754 -0.123393 -0.438987 20.9745 0.0728405 -0.00143651
53.13 12.5769 -0.124128 -0.439672 20.9815 0.0728615 -0.0014334
53.14 12.5784 -0.12486 -0.44036 20.9886 0.0728825 -0.00143039
53.15 12.5799 -0.125589 -0.441052 20.9957 0.0729034 -0.00142748
53.16 12.5813 -0.126313 -0.441746 21.0028 0.0729242 -0.00142457
53.17 12.5828 -0.127031 -0.442444 21.0099 0.072945 -0.00142157
53.18 12.5843 -0.127743 -0.443145 21.017 0.0729657 -0.00141842
53.19 12.5858 -0.128448 -0.44385 21.0241 0.0729862 -0.00141514
53.2 12.5873 -0.129147 -0.444557 21.0311 0.0730067 -0.00141183
53.21 12.5888 -0.12984 -0.445268 21.0382 0.0730271 -0.00140859
53.22 12.5903 -0.130526 -0.445982 21.0453 0.0730474 -0.00140547
53.23 12.5918 -0.131207 -0.446699 21.0524 0.0730676 -0.00140243
53.24 12.5933 -0.13188 -0.44742 21.0595 0.0730878 -0.00139937
53.25 12.5947 -0.132547 -0.448144 21.0666 0.0731078 -0.00139619
53.26 12.5962 -0.133208 -0.448871 21.0737 0.0731278 -0.00139285
53.27 12.5977 -0.133862 -0.449601 21.0808 0.0731477 -0.0013894
53.28 12.5992 -0.134512 -0.450334 21.0879 0.0731675 -0.00138596
53.29 12.6007 -0.135157 -0.451069 21.0949 0.0731871 -0.00138261
53.3 12.6022 -0.135799 -0.451807 21.102 0.0732066 -0.00137939
53.31 12.6037 -0.136438 -0.452549 21.1091 0.0732261 -0.00137624
53.32 12.6051 -0.137075 -0.453293 21.1162 0.0732455 -0.00137303
53.33 12.6066 -0.137708 -0.454039 21.1233 0.0732649 -0.00136965
53.34 12.6081 -0.138339 -0.454789 21.1304 0.0732841 -0.0013661
53.35 12.6096 -0.138969 -0.45554 21.1375 0.0733032 -0.00136248
53.36 12.6111 -0.139599 -0.456294 21.1446 0.0733222 -0.00135889
53.37 12.6126 -0.14023 -0.45705 21.1517 0.073341 -0.00135544
53.38 12.614 -0.140861 -0.457809 21.1588 0.0733598 -0.00135209
53.39 12.6155 -0.141493 -0.45857 21.1659 0.0733785 -0.00134877
53.4 12.617 -0.142126 -0.459334 21.173 0.0733971 -0.00134533
53.41 12.6185 -0.142759 -0.460101 21.1801 0.0734157 -0.00134171
53.42 12.62 -0.143392 -0.46087 21.1871 0.0734341 -0.00133793
53.43 12.6215 -0.144025 -0.461641 21.1942 0.0734524 -0.00133409
53.44 12.6229 -0.14466 -0.462415 21.2013 0.0734706 -0.00133032
53.45 12.6244 -0.145295 -0.463191 21.2084 0.0734886 -0.0013267
53.46 12.6259 -0.145931 -0.463971 21.2155 0.0735066 -0.00132317
53.47 12.6274 -0.146565 -0.464753 21.2226 0.0735245 -0.00131961
53.48 12.6289 -0.147198 -0.465539 21.2297 0.0735424 -0.0013159
53.49 12.6303 -0.147828 -0.466328 21.2368 0.0735601 -0.00131198
53.5 12.6318 -0.148455 -0.46712 21.2439 0.0735777 -0.00130794
53.51 12.6333 -0.149079 -0.467914 21.251 0.0735951 -0.00130388
53.52 12.6348 -0.149699 -0.468713 21.2581 0.0736125 -0.00129994
53.53 12.6362 -0.150315 -0.469515 21.2652 0.0736297 -0.00129614
53.54 12.6377 -0.150927 -0.47032 21.2723 0.0736469 -0.0012924
53.55 12.6392 -0.151534 -0.471129 21.2794 0.073664 -0.00128861
53.56 12.6407 -0.152133 -0.471942 21.2865 0.073681 -0.00128465
53.57 12.6421 -0.152725 -0.472758 21.2936 0.0736978 -0.0012805
53.58 12.6436 -0.15331 -0.473578 21.3007 0.0737146 -0.00127624
53.59 12.6451 -0.153888 -0.474401 21.3078 0.0737311 -0.00127204
53.6 12.6465 -0.15446 -0.475227 21.3149 0.0737476 -0.00126798
53.61 12.648 -0.155026 -0.476058 21.322 0.0737639 -0.00126409
53.62 12.6495 -0.155584 -0.476892 21.3291 0.0737802 -0.00126023
53.63 12.6509 -0.156135 -0.477729 21.3362 0.0737964 -0.00125627
53.64 12.6524 -0.156679 -0.47857 21.3433 0.0738125 -0.0012521
53.65 12.6539 -0.157216 -0.479415 21.3505 0.0738284 -0.00124775
53.66 12.6553 -0.157747 -0.480262 21.3576 0.0738442 -0.00124336
53.67 12.6568 -0.158273 -0.481112 21.3647 0.0738599 -0.00123908
53.68 12.6583 -0.158796 -0.481966 21.3718 0.0738755 -0.00123499
53.69 12.6597 -0.159315 -0.482823 21.3789 0.0738909 -0.00123102
53.7 12.6612 -0.159831 -0.483683 21.386 0.0739063 -0.00122705
53.71 12.6626 -0.160344 -0.484545 21.3931 0.0739216 -0.00122295
53.72 12.6641 -0.160854 -0.485411 21.4002 0.0739367 -0.00121864
53.73 12.6656 -0.161361 -0.486279 21.4073 0.0739518 -0.00121414
53.74 12.667 -0.161868 -0.48715 21.4144 0.0739666 -0.00120964
53.75 12.6685 -0.162375 -0.488023 21.4215 0.0739814 -0.00120528
53.76 12.6699 -0.162884 -0.488899 21.4286 0.073996 -0.00120112
53.77 12.6714 -0.163393 -0.489777 21.4357 0.0740105 -0.00119707
53.78 12.6728 -0.163902 -0.490659 21.4428 0.074025 -0.00119295
53.79 12.6743 -0.164411 -0.491543 21.45 0.0740393 -0.00118862
53.8 12.6757 -0.164921 -0.49243 21.4571 0.0740535 -0.00118408
53.81 12.6772 -0.16543 -0.493319 21.4642 0.0740676 -0.00117943
53.82 12.6786 -0.16594 -0.494211 21.4713 0.0740815 -0.00117484
53.83 12.6801 -0.166451 -0.495106 21.4784 0.0740953 -0.00117044
53.84 12.6815 -0.166963 -0.496003 21.4855 0.074109 -0.0011662
53.85 12.683 -0.167474 -0.496904 21.4926 0.0741225 -0.00116201
53.86 12.6844 -0.167984 -0.497808 21.4997 0.074136 -0.00115769
53.87 12.6859 -0.16849 -0.498715 21.5068 0.0741493 -0.00115317
53.88 12.6873 -0.168994 -0.499625 21.514 0.0741626 -0.00114844
53.89 12.6888 -0.169494 -0.500538 21.5211 0.0741756 -0.00114368
53.9 12.6902 -0.169991 -0.501454 21.5282 0.0741885 -0.00113904
53.91 12.6916 -0.170484 -0.502374 21.5353 0.0742013 -0.00113459
53.92 12.6931 -0.170974 -0.503298 21.5424 0.0742139 -0.00113029
53.93 12.6945 -0.171457 -0.504225 21.5495 0.0742265 -0.00112598
53.94 12.696 -0.171934 -0.505155 21.5566 0.0742389 -0.00112153
53.95 12.6974 -0.172403 -0.506089 21.5638 0.0742512 -0.00111686
53.96 12.6988 -0.172865 -0.507027 21.5709 0.0742633 -0.00111206
53.97 12.7003 -0.17332 -0.507968 21.578 0.0742753 -0.00110725
53.98 12.7017 -0.173768 -0.508913 21.5851 0.0742872 -0.00110263
53.99 12.7031 -0.17421 -0.509861 21.5922 0.0742989 -0.0010982
54 12.7045 -0.174645 -0.510813 21.5994 0.0743104 -0.0010939
54.01 12.706 -0.175073 -0.511769 21.6065 0.0743219 -0.00108954
54.02 12.7074 -0.175494 -0.512728 21.6136 0.0743332 -0.001085
54.03 12.7088 -0.175907 -0.513691 21.6207 0.0743444 -0.00108027
54.04 12.7102 -0.176314 -0.514656 21.6278 0.0743555 -0.00107544
54.05 12.7117 -0.176715 -0.515625 21.6349 0.0743664 -0.00107069
54.06 12.7131 -0.177113 -0.516597 21.6421 0.0743771 -0.00106613
54.07 12.7145 -0.177507 -0.517572 21.6492 0.0743877 -0.00106176
54.08 12.7159 -0.177898 -0.51855 21.6563 0.0743982 -0.00105745
54.09 12.7173 -0.178286 -0.51953 21.6634 0.0744085 -0.00105305
54.1 12.7188 -0.17867 -0.520514 21.6705 0.0744188 -0.00104843
54.11 12.7202 -0.179052 -0.5215 21.6777 0.0744288 -0.00104366
54.12 12.7216 -0.179433 -0.522488 21.6848 0.0744388 -0.00103882
54.13 12.723 -0.179813 -0.523479 21.6919 0.0744485 -0.00103411
54.14 12.7244 -0.180195 -0.524472 21.699 0.0744581 -0.00102958
54.15 12.7258 -0.180577 -0.525468 21.7062 0.0744676 -0.00102522
54.16 12.7272 -0.18096 -0.526466 21.7133 0.074477 -0.00102087
54.17 12.7286 -0.181342 -0.527467 21.7204 0.0744862 -0.00101636
54.18 12.7301 -0.181725 -0.52847 21.7275 0.0744953 -0.00101165
54.19 12.7315 -0.182107 -0.529475 21.7347 0.0745042 -0.00100677
54.2 12.7329 -0.18249 -0.530482 21.7418 0.074513 -0.00100192
54.21 12.7343 -0.182874 -0.531492 21.7489 0.0745216 -0.000997205
54.22 12.7357 -0.183259 -0.532504 21.756 0.0745301 -0.000992706
54.23 12.7371 -0.183643 -0.533519 21.7632 0.0745384 -0.000988296
54.24 12.7385 -0.184026 -0.534537 21.7703 0.0745466 -0.000983848
54.25 12.7399 -0.184407 -0.535557 21.7774 0.0745547 -0.000979194
54.26 12.7413 -0.184785 -0.53658 21.7845 0.0745626 -0.000974348
54.27 12.7427 -0.185159 -0.537605 21.7917 0.0745704 -0.000969404
54.28 12.7441 -0.185531 -0.538633 21.7988 0.0745781 -0.000964554
54.29 12.7455 -0.185899 -0.539665 21.8059 0.0745855 -0.000959887
54.3 12.7469 -0.186264 -0.540698 21.8131 0.0745928 -0.00095538
54.31 12.7482 -0.186623 -0.541735 21.8202 0.0746 -0.000950926
54.32 12.7496 -0.186976 -0.542775 21.8273 0.074607 -0.000946361
54.33 12.751 -0.187322 -0.543818 21.8344 0.0746139 -0.000941636
54.34 12.7524 -0.187661 -0.544864 21.8416 0.0746206 -0.000936743
54.35 12.7538 -0.187993 -0.545913 21.8487 0.0746272 -0.000931836
54.36 12.7552 -0.188319 -0.546965 21.8558 0.0746337 -0.000927009
54.37 12.7566 -0.188638 -0.548019 21.863 0.0746399 -0.000922373
54.38 12.758 -0.188951 -0.549077 21.8701 0.0746461 -0.000917861
54.39 12.7593 -0.189257 -0.550138 21.8772 0.0746521 -0.000913382
54.4 12.7607 -0.189555 -0.551201 21.8844 0.0746579 -0.000908778
54.41 12.7621 -0.189847 -0.552268 21.8915 0.0746637 -0.000903994
54.42 12.7635 -0.190133 -0.553337 21.8986 0.0746692 -0.000899075
54.43 12.7649 -0.190413 -0.554408 21.9058 0.0746747 -0.000894149
54.44 12.7663 -0.190688 -0.555482 21.9129 0.07468 -0.000889368
54.45 12.7676 -0.190961 -0.556559 21.92 0.0746851 -0.00088475
54.46 12.769 -0.19123 -0.557638 21.9272 0.0746901 -0.000880255
54.47 12.7704 -0.191496 -0.558719 21.9343 0.0746949 -0.000875702
54.48 12.7718 -0.19176 -0.559802 21.9414 0.0746996 -0.000871004
54.49 12.7731 -0.192021 -0.560887 21.9486 0.0747042 -0.0008661
54.5 12.7745 -0.19228 -0.561975 21.9557 0.0747086 -0.00086112
54.51 12.7759 -0.192539 -0.563064 21.9628 0.0747129 -0.000856169
54.52 12.7772 -0.192799 -0.564155 21.97 0.0747171 -0.000851398
54.53 12.7786 -0.19306 -0.565248 21.9771 0.0747211 -0.00084681
54.54 12.78 -0.193322 -0.566343 21.9843 0.074725 -0.000842262
54.55 12.7814 -0.193585 -0.56744 21.9914 0.0747287 -0.000837563
54.56 12.7827 -0.193847 -0.568538 21.9985 0.0747322 -0.000832635
54.57 12.7841 -0.194109 -0.569638 22.0057 0.0747356 -0.000827573
54.58 12.7855 -0.194373 -0.570739 22.0128 0.0747389 -0.00082249
54.59 12.7868 -0.194637 -0.571843 22.02 0.074742 -0.000817538
54.6 12.7882 -0.194902 -0.572948 22.0271 0.074745 -0.000812692
54.61 12.7895 -0.195168 -0.574055 22.0342 0.0747479 -0.000807942
54.62 12.7909 -0.195433 -0.575163 22.0414 0.0747506 -0.000803157
54.63 12.7923 -0.195696 -0.576273 22.0485 0.0747531 -0.000798288
54.64 12.7936 -0.195957 -0.577386 22.0557 0.0747556 -0.000793261
54.65 12.795 -0.196215 -0.5785 22.0628 0.0747579 -0.000788126
54.66 12.7963 -0.196471 -0.579616 22.0699 0.07476 -0.000782962
54.67 12.7977 -0.196723 -0.580734 22.0771 0.074762 -0.000777881
54.68 12.799 -0.196971 -0.581854 22.0842 0.0747639 -0.000772946
54.69 12.8004 -0.197216 -0.582976 22.0914 0.0747656 -0.000768096
54.7 12.8017 -0.197455 -0.5841 22.0985 0.0747672 -0.000763242
54.71 12.8031 -0.197687 -0.585225 22.1057 0.0747686 -0.000758234
54.72 12.8044 -0.197913 -0.586354 22.1128 0.0747699 -0.000753076
54.73 12.8058 -0.198132 -0.587484 22.1199 0.0747711 -0.000747799
54.74 12.8071 -0.198345 -0.588616 22.1271 0.0747722 -0.000742572
54.75 12.8085 -0.198552 -0.58975 22.1342 0.0747731 -0.000737461
54.76 12.8098 -0.198753 -0.590886 22.1414 0.0747739 -0.000732502
54.77 12.8112 -0.198947 -0.592024 22.1485 0.0747746 -0.000727578
54.78 12.8125 -0.199135 -0.593164 22.1557 0.074775 -0.000722576
54.79 12.8138 -0.199316 -0.594305 22.1628 0.0747754 -0.000717413
54.8 12.8152 -0.199491 -0.595448 22.17 0.0747757 -0.000712105
54.81 12.8165 -0.199661 -0.596593 22.1771 0.0747758 -0.000706761
54.82 12.8179 -0.199827 -0.597739 22.1843 0.0747758 -0.000701472
54.83 12.8192 -0.199989 -0.598887 22.1914 0.0747757 -0.000696323
54.84 12.8205 -0.200148 -0.600036 22.1986 0.0747754 -0.000691245
54.85 12.8219 -0.200304 -0.601185 22.2057 0.074775 -0.000686177
54.86 12.8232 -0.200457 -0.602336 22.2128 0.0747745 -0.000680982
54.87 12.8245 -0.200609 -0.603488 22.22 0.0747738 -0.000675657
54.88 12.8259 -0.200759 -0.60464 22.2271 0.074773 -0.000670204
54.89 12.8272 -0.200908 -0.605794 22.2343 0.0747721 -0.000664739
54.9 12.8285 -0.201058 -0.606948 22.2414 0.0747711 -0.000659332
54.91 12.8298 -0.201208 -0.608102 22.2486 0.07477 -0.000654032
54.92 12.8312 -0.20136 -0.609257 22.2557 0.0747687 -0.000648801
54.93 12.8325 -0.201512 -0.610413 22.2629 0.0747673 -0.000643535
54.94 12.8338 -0.201665 -0.611569 22.27 0.0747657 -0.000638156
54.95 12.8351 -0.201819 -0.612725 22.2772 0.074764 -0.000632612
54.96 12.8365 -0.201973 -0.613882 22.2844 0.0747623 -0.000626989
54.97 12.8378 -0.202127 -0.615039 22.2915 0.0747604 -0.000621352
54.98 12.8391 -0.202283 -0.616197 22.2987 0.0747584 -0.000615824
54.99 12.8404 -0.20244 -0.617356 22.3058 0.0747562 -0.000610388
55 12.8417 -0.202597 -0.618515 22.313 0.0747539 -0.000605012
55.01 12.8431 -0.202752 -0.619674 22.3201 0.0747515 -0.000599566
55.02 12.8444 -0.202906 -0.620834 22.3273 0.0747489 -0.000593992
55.03 12.8457 -0.203058 -0.621995 22.3344 0.0747463 -0.00058828
55.04 12.847 -0.203207 -0.623157 22.3416 0.0747435 -0.000582515
55.05 12.8483 -0.203354 -0.624319 22.3487 0.0747407 -0.000576805
55.06 12.8496 -0.203497 -0.625482 22.3559 0.0747377 -0.000571204
55.07 12.8509 -0.203637 -0.626646 22.3631 0.0747346 -0.000565709
55.08 12.8523 -0.203772 -0.627811 22.3702 0.0747314 -0.000560208
55.09 12.8536 -0.203903 -0.628977 22.3774 0.0747281 -0.000554678
55.1 12.8549 -0.204027 -0.630143 22.3845 0.0747246 -0.00054908
55.11 12.8562 -0.204145 -0.63131 22.3917 0.074721 -0.000543396
55.12 12.8575 -0.204257 -0.632478 22.3988 0.0747174 -0.00053759
55.13 12.8588 -0.204363 -0.633646 22.406 0.0747137 -0.000531809
55.14 12.8601 -0.204463 -0.634816 22.4132 0.0747099 -0.00052615
55.15 12.8614 -0.204558 -0.635986 22.4203 0.0747059 -0.000520641
55.16 12.8627 -0.204647 -0.637156 22.4275 0.0747018 -0.000515153
55.17 12.864 -0.20473 -0.638327 22.4346 0.0746977 -0.000509558
55.18 12.8653 -0.204807 -0.639498 22.4418 0.0746934 -0.000503817
55.19 12.8666 -0.204879 -0.64067 22.4489 0.074689 -0.00049799
55.2 12.8679 -0.204947 -0.641841 22.4561 0.0746846 -0.000492216
55.21 12.8692 -0.205011 -0.643013 22.4633 0.0746801 -0.000486541
55.22 12.8705 -0.205072 -0.644185 22.4704 0.0746755 -0.000480988
55.23 12.8718 -0.205131 -0.645356 22.4776 0.0746708 -0.000475454
55.24 12.8731 -0.205187 -0.646527 22.4848 0.0746659 -0.000469887
55.25 12.8744 -0.205241 -0.647697 22.4919 0.074661 -0.000464209
55.26 12.8757 -0.205294 -0.648866 22.4991 0.074656 -0.000458457
55.27 12.877 -0.205347 -0.650036 22.5062 0.0746509 -0.000452673
55.28 12.8783 -0.205399 -0.651204 22.5134 0.0746458 -0.000446944
55.29 12.8796 -0.205452 -0.652372 22.5206 0.0746406 -0.000441308
55.3 12.8809 -0.205507 -0.653538 22.5277 0.0746352 -0.000435748
55.31 12.8822 -0.205562 -0.654703 22.5349 0.0746298 -0.000430243
55.32 12.8834 -0.205619 -0.655868 22.5421 0.0746242 -0.000424734
55.33 12.8847 -0.205677 -0.657031 22.5492 0.0746186 -0.000419143
55.34 12.886 -0.205735 -0.658193 22.5564 0.0746129 -0.000413403
55.35 12.8873 -0.205795 -0.659354 22.5636 0.0746072 -0.000407626
55.36 12.8886 -0.205855 -0.660514 22.5707 0.0746014 -0.000401921
55.37 12.8899 -0.205917 -0.661672 22.5779 0.0745955 -0.000396388
55.38 12.8912 -0.20598 -0.66283 22.5851 0.0745895 -0.000390959
55.39 12.8925 -0.206043 -0.663986 22.5922 0.0745834 -0.000385539
55.4 12.8937 -0.206105 -0.665141 22.5994 0.0745772 -0.000380019
55.41 12.895 -0.206165 -0.666296 22.6066 0.0745709 -0.000374411
55.42 12.8963 -0.206223 -0.667449 22.6137 0.0745646 -0.000368783
55.43 12.8976 -0.20628 -0.668602 22.6209 0.0745583 -0.000363225
55.44 12.8988 -0.206335 -0.669754 22.6281 0.0745519 -0.000357788
55.45 12.9001 -0.206386 -0.670905 22.6352 0.0745454 -0.000352437
55.46 12.9014 -0.206434 -0.672055 22.6424 0.0745389 -0.000347139
55.47 12.9027 -0.206478 -0.673204 22.6496 0.0745322 -0.000341812
55.48 12.9039 -0.206517 -0.674352 22.6567 0.0745255 -0.000336458
55.49 12.9052 -0.206552 -0.675499 22.6639 0.0745187 -0.000331058
55.5 12.9065 -0.206581 -0.676646 22.6711 0.0745119 -0.000325684
55.51 12.9077 -0.206605 -0.677793 22.6782 0.0745051 -0.000320359
55.52 12.909 -0.206624 -0.678938 22.6854 0.0744982 -0.000315132
55.53 12.9103 -0.206638 -0.680082 22.6926 0.0744913 -0.000309986
55.54 12.9115 -0.206647 -0.681226 22.6998 0.0744842 -0.000304887
55.55 12.9128 -0.20665 -0.682368 22.7069 0.0744771 -0.000299788
55.56 12.9141 -0.206649 -0.683508 22.7141 0.0744699 -0.000294639
55.57 12.9153 -0.206644 -0.684648 22.7213 0.0744627 -0.000289467
55.58 12.9166 -0.206634 -0.685786 22.7284 0.0744555 -0.000284301
55.59 12.9179 -0.206621 -0.686923 22.7356 0.0744482 -0.000279232
55.6 12.9191 -0.206606 -0.688058 22.7428 0.0744409 -0.000274259
55.61 12.9204 -0.206588 -0.689191 22.75 0.0744335 -0.000269369
55.62 12.9216 -0.206569 -0.690322 22.7571 0.074426 -0.000264481
55.63 12.9229 -0.206547 -0.691451 22.7643 0.0744184 -0.000259571
55.64 12.9241 -0.206525 -0.692578 22.7715 0.0744108 -0.000254624
55.65 12.9254 -0.206503 -0.693702 22.7787 0.0744032 -0.000249686
55.66 12.9267 -0.206481 -0.694824 22.7858 0.0743956 -0.000244797
55.67 12.9279 -0.20646 -0.695944 22.793 0.0743879 -0.000239991
55.68 12.9292 -0.20644 -0.69706 22.8002 0.0743802 -0.000235272
55.69 12.9304 -0.206421 -0.698174 22.8074 0.0743724 -0.000230603
55.7 12.9317 -0.206404 -0.699285 22.8146 0.0743645 -0.000225985
55.71 12.9329 -0.206389 -0.700393 22.8217 0.0743565 -0.000221401
55.72 12.9341 -0.206375 -0.701498 22.8289 0.0743485 -0.000216811
55.73 12.9354 -0.206362 -0.7026 22.8361 0.0743405 -0.000212158
55.74 12.9366 -0.206351 -0.703699 22.8433 0.0743325 -0.000207521
55.75 12.9379 -0.206341 -0.704796 22.8504 0.0743245 -0.000202974
55.76 12.9391 -0.206333 -0.705889 22.8576 0.0743164 -0.000198579
55.77 12.9404 -0.206325 -0.706979 22.8648 0.0743082 -0.000194271
55.78 12.9416 -0.206318 -0.708066 22.872 0.0742999 -0.000189975
55.79 12.9429 -0.20631 -0.709151 22.8792 0.0742916 -0.00018564
55.8 12.9441 -0.206301 -0.710232 22.8863 0.0742834 -0.000181293
55.81 12.9453 -0.206291 -0.711311 22.8935 0.0742751 -0.000177009
55.82 12.9466 -0.20628 -0.712387 22.9007 0.0742668 -0.000172817
55.83 12.9478 -0.206267 -0.71346 22.9079 0.0742585 -0.000168737
55.84 12.949 -0.206251 -0.714531 22.9151 0.0742501 -0.000164715
55.85 12.9503 -0.206231 -0.715598 22.9222 0.0742416 -0.000160733
55.86 12.9515 -0.206209 -0.716663 22.9294 0.0742331 -0.000156753
55.87 12.9527 -0.206182 -0.717724 22.9366 0.0742246 -0.0001528
55.88 12.954 -0.206151 -0.718784 22.9438 0.0742161 -0.000148878
55.89 12.9552 -0.206115 -0.71984 22.951 0.0742076 -0.000145023
55.9 12.9564 -0.206076 -0.720894 22.9582 0.0741991 -0.000141242
55.91 12.9576 -0.206031 -0.721945 22.9653 0.0741906 -0.000137537
55.92 12.9589 -0.205982 -0.722993 22.9725 0.074182 -0.000133885
55.93 12.9601 -0.205929 -0.724037 22.9797 0.0741733 -0.00013026
55.94 12.9613 -0.205872 -0.725078 22.9869 0.0741646 -0.000126658
55.95 12.9625 -0.20581 -0.726116 22.9941 0.074156 -0.000123082
55.96 12.9638 -0.205745 -0.727151 23.0013 0.0741473 -0.000119555
55.97 12.965 -0.205676 -0.728183 23.0084 0.0741387 -0.000116075
55.98 12.9662 -0.205605 -0.729211 23.0156 0.07413 -0.000112671
55.99 12.9674 -0.205532 -0.730235 23.0228 0.0741213 -0.00010932
56 12.9686 -0.205457 -0.731255 23.03 0.0741126 -0.000106022
56.01 12.9698 -0.20538 -0.732271 23.0372 0.0741038 -0.000102744
56.02 12.9711 -0.205303 -0.733283 23.0444 0.074095 -9.94994e-05
56.03 12.9723 -0.205226 -0.734291 23.0516 0.0740862 -9.62873e-05
56.04 12.9735 -0.205149 -0.735294 23.0588 0.0740774 -9.3122e-05
56.05 12.9747 -0.205072 -0.736293 23.0659 0.0740686 -9.00096e-05
56.06 12.9759 -0.204997 -0.737288 23.0731 0.0740599 -8.69493e-05
56.07 12.9771 -0.204924 -0.738278 23.0803 0.074051 -8.39464e-05
56.08 12.9783 -0.204852 -0.739263 23.0875 0.0740421 -8.09789e-05
56.09 12.9795 -0.204782 -0.740243 23.0947 0.0740332 -7.80602e-05
56.1 12.9807 -0.204714 -0.741218 23.1019 0.0740243 -7.51695e-05
56.11 12.9819 -0.204648 -0.742188 23.1091 0.0740155 -7.23195e-05
56.12 12.9831 -0.204584 -0.743154 23.1163 0.0740066 -6.95098e-05
56.13 12.9843 -0.204522 -0.744115 23.1235 0.0739978 -6.67671e-05
56.14 12.9855 -0.204461 -0.745071 23.1307 0.073989 -6.40828e-05
56.15 12.9867 -0.204402 -0.746022 23.1378 0.0739801 -6.14414e-05
56.16 12.9879 -0.204344 -0.746968 23.145 0.0739711 -5.88337e-05
56.17 12.9891 -0.204286 -0.747909 23.1522 0.0739622 -5.62631e-05
56.18 12.9903 -0.204229 -0.748845 23.1594 0.0739533 -5.37396e-05
56.19 12.9915 -0.20417 -0.749777 23.1666 0.0739444 -5.12611e-05
56.2 12.9927 -0.204111 -0.750704 23.1738 0.0739356 -4.88352e-05
56.21 12.9938 -0.204051 -0.751626 23.181 0.0739268 -4.64571e-05
56.22 12.995 -0.203988 -0.752544 23.1882 0.073918 -4.41201e-05
56.23 12.9962 -0.203923 -0.753456 23.1954 0.0739091 -4.18151e-05
56.24 12.9974 -0.203856 -0.754364 23.2026 0.0739003 -3.95469e-05
56.25 12.9986 -0.203785 -0.755267 23.2098 0.0738914 -3.73236e-05
56.26 12.9997 -0.20371 -0.756165 23.217 0.0738826 -3.51637e-05
56.27 13.0009 -0.203632 -0.757059 23.2242 0.0738739 -3.30489e-05
56.28 13.0021 -0.203549 -0.757948 23.2314 0.0738652 -3.09721e-05
56.29 13.0032 -0.203462 -0.758833 23.2386 0.0738565 -2.89132e-05
56.3 13.0044 -0.203371 -0.759712 23.2457 0.0738477 -2.68781e-05
56.31 13.0056 -0.203276 -0.760585 23.2529 0.073839 -2.48745e-05
56.32 13.0067 -0.203177 -0.761454 23.2601 0.0738302 -2.29104e-05
56.33 13.0079 -0.203074 -0.762318 23.2673 0.0738215 -2.10076e-05
56.34 13.0091 -0.202967 -0.763176 23.2745 0.0738129 -1.9158e-05
56.35 13.0102 -0.202857 -0.764029 23.2817 0.0738042 -1.73532e-05
56.36 13.0114 -0.202744 -0.764877 23.2889 0.0737956 -1.55564e-05
56.37 13.0125 -0.202629 -0.765719 23.2961 0.0737871 -1.37685e-05
56.38 13.0137 -0.202512 -0.766554 23.3033 0.0737784 -1.19898e-05
56.39 13.0148 -0.202393 -0.767384 23.3105 0.0737698 -1.02506e-05
56.4 13.016 -0.202273 -0.768208 23.3177 0.0737612 -8.57316e-06
56.41 13.0171 -0.202153 -0.769025 23.3249 0.0737526 -6.95842e-06
56.42 13.0183 -0.202033 -0.769837 23.3321 0.0737441 -5.39215e-06
56.43 13.0194 -0.201914 -0.770642 23.3393 0.0737357 -3.84113e-06
56.44 13.0205 -0.201796 -0.771441 23.3465 0.0737272 -2.30147e-06
56.45 13.0217 -0.201679 -0.772233 23.3537 0.0737188 -7.67759e-07
56.46 13.0228 -0.201563 -0.773018 23.3609 0.0737103 7.29459e-07
56.47 13.0239 -0.20145 -0.773796 23.3681 0.0737018 2.15017e-06
56.48 13.0251 -0.201339 -0.774568 23.3753 0.0736934 3.51196e-06
56.49 13.0262 -0.20123 -0.775333 23.3825 0.0736851 4.855e-06
56.5 13.0273 -0.201123 -0.776091 23.3897 0.0736768 6.18126e-06
56.51 13.0285 -0.201018 -0.776843 23.3969 0.0736686 7.48244e-06
56.52 13.0296 -0.200915 -0.777588 23.4041 0.0736603 8.76096e-06
56.53 13.0307 -0.200813 -0.778326 23.4113 0.0736521 1.0028e-05
56.54 13.0318 -0.200713 -0.779057 23.4185 0.0736439 1.12796e-05
56.55 13.0329 -0.200614 -0.779781 23.4257 0.0736358 1.24943e-05
56.56 13.034 -0.200516 -0.780499 23.4329 0.0736277 1.36353e-05
56.57 13.0352 -0.200419 -0.78121 23.4402 0.0736196 1.46956e-05
56.58 13.0363 -0.200321 -0.781914 23.4474 0.0736116 1.57117e-05
56.59 13.0374 -0.200223 -0.782613 23.4546 0.0736037 1.6737e-05
56.6 13.0385 -0.200123 -0.783304 23.4618 0.0735958 1.78035e-05
56.61 13.0396 -0.200021 -0.783989 23.469 0.073588 1.88845e-05
56.62 13.0407 -0.199916 -0.784667 23.4762 0.0735802 1.99318e-05
56.63 13.0418 -0.19981 -0.785338 23.4834 0.0735724 2.08947e-05
56.64 13.0429 -0.199701 -0.786003 23.4906 0.0735646 2.1765e-05
56.65 13.044 -0.199588 -0.786662 23.4978 0.073557 2.25802e-05
56.66 13.0451 -0.199472 -0.787314 23.505 0.0735494 2.33974e-05
56.67 13.0462 -0.199352 -0.78796 23.5122 0.0735419 2.42582e-05
56.68 13.0472 -0.199228 -0.788598 23.5194 0.0735344 2.51556e-05
56.69 13.0483 -0.1991 -0.78923 23.5266 0.073527 2.60516e-05
56.7 13.0494 -0.198968 -0.789855 23.5338 0.0735196 2.68897e-05
56.71 13.0505 -0.198833 -0.790473 23.541 0.0735122 2.76396e-05
56.72 13.0516 -0.198694 -0.791084 23.5482 0.0735049 2.83067e-05
56.73 13.0527 -0.198553 -0.791688 23.5555 0.0734977 2.89387e-05
56.74 13.0537 -0.198408 -0.792285 23.5627 0.0734906 2.95939e-05
56.75 13.0548 -0.198261 -0.792875 23.5699 0.0734835 3.02972e-05
56.76 13.0559 -0.198111 -0.793457 23.5771 0.0734764 3.10342e-05
56.77 13.057 -0.19796 -0.794031 23.5843 0.0734694 3.17568e-05
56.78 13.058 -0.197809 -0.794597 23.5915 0.0734625 3.24076e-05
56.79 13.0591 -0.197657 -0.795156 23.5987 0.0734556 3.29617e-05
56.8 13.0602 -0.197506 -0.795707 23.6059 0.0734488 3.34328e-05
56.81 13.0612 -0.197356 -0.79625 23.6131 0.073442 3.38767e-05
56.82 13.0623 -0.197206 -0.796785 23.6203 0.0734353 3.43582e-05
56.83 13.0633 -0.197058 -0.797312 23.6276 0.0734287 3.49107e-05
56.84 13.0644 -0.196911 -0.79783 23.6348 0.0734222 3.55007e-05
56.85 13.0655 -0.196766 -0.79834 23.642 0.0734157 3.60519e-05
56.86 13.0665 -0.196625 -0.798842 23.6492 0.0734093 3.65029e-05
56.87 13.0676 -0.196487 -0.799336 23.6564 0.073403 3.68333e-05
56.88 13.0686 -0.196351 -0.799821 23.6636 0.0733967 3.7097e-05
56.89 13.0696 -0.196218 -0.800297 23.6708 0.0733905 3.73695e-05
56.9 13.0707 -0.196088 -0.800766 23.6781 0.0733844 3.77197e-05
56.91 13.0717 -0.195959 -0.801226 23.6853 0.0733784 3.81414e-05
56.92 13.0728 -0.195833 -0.801677 23.6925 0.0733725 3.85748e-05
56.93 13.0738 -0.195709 -0.80212 23.6997 0.0733666 3.8933e-05
56.94 13.0748 -0.195586 -0.802555 23.7069 0.0733608 3.91631e-05
56.95 13.0759 -0.195466 -0.802981 23.7141 0.073355 3.92898e-05
56.96 13.0769 -0.195345 -0.803399 23.7213 0.0733494 3.93896e-05
56.97 13.0779 -0.195225 -0.803809 23.7286 0.0733439 3.95445e-05
56.98 13.0789 -0.195103 -0.804211 23.7358 0.0733384 3.97861e-05
56.99 13.08 -0.19498 -0.804605 23.743 0.0733331 4.00867e-05
57 13.081 -0.194856 -0.804991 23.7502 0.0733279 4.0367e-05
57.01 13.082 -0.19473 -0.805369 23.7574 0.0733227 4.05595e-05
57.02 13.083 -0.194602 -0.805738 23.7646 0.0733176 4.06286e-05
57.03 13.084 -0.194472 -0.806099 23.7719 0.0733126 4.06078e-05
57.04 13.085 -0.194339 -0.806452 23.7791 0.0733076 4.05665e-05
57.05 13.086 -0.194203 -0.806797 23.7863 0.0733028 4.05967e-05
57.06 13.0871 -0.194062 -0.807134 23.7935 0.073298 4.07246e-05
57.07 13.0881 -0.193918 -0.807462 23.8007 0.0732934 4.09109e-05
57.08 13.0891 -0.19377 -0.807782 23.8079 0.0732888 4.10555e-05
57.09 13.0901 -0.19362 -0.808094 23.8152 0.0732843 4.10754e-05
57.1 13.0911 -0.193467 -0.808397 23.8224 0.0732799 4.09564e-05
57.11 13.0921 -0.193312 -0.808692 23.8296 0.0732756 4.07487e-05
57.12 13.093 -0.193154 -0.808978 23.8368 0.0732713 4.05598e-05
57.13 13.094 -0.192993 -0.809255 23.844 0.0732671 4.04591e-05
57.14 13.095 -0.19283 -0.809524 23.8513 0.0732631 4.04663e-05
57.15 13.096 -0.192665 -0.809784 23.8585 0.0732591 4.04927e-05
57.16 13.097 -0.192501 -0.810034 23.8657 0.0732553 4.04417e-05
57.17 13.098 -0.192336 -0.810276 23.8729 0.0732515 4.02286e-05
57.18 13.099 -0.192173 -0.810508 23.8802 0.0732477 3.9871e-05
57.19 13.0999 -0.192012 -0.810731 23.8874 0.0732441 3.94535e-05
57.2 13.1009 -0.191851 -0.810945 23.8946 0.0732405 3.90865e-05
57.21 13.1019 -0.191692 -0.811149 23.9018 0.0732371 3.88342e-05
57.22 13.1029 -0.191534 -0.811343 23.909 0.0732338 3.86627e-05
57.23 13.1038 -0.19138 -0.811529 23.9163 0.0732306 3.84784e-05
57.24 13.1048 -0.191229 -0.811704 23.9235 0.0732274 3.81669e-05
57.25 13.1058 -0.191082 -0.81187 23.9307 0.0732244 3.7689e-05
57.26 13.1067 -0.190939 -0.812026 23.9379 0.0732214 3.70748e-05
57.27 13.1077 -0.1908 -0.812173 23.9452 0.0732185 3.64389e-05
57.28 13.1086 -0.190663 -0.81231 23.9524 0.0732158 3.58815e-05
57.29 13.1096 -0.19053 -0.812438 23.9596 0.0732131 3.54572e-05
57.3 13.1105 -0.190399 -0.812555 23.9668 0.0732106 3.50931e-05
57.31 13.1115 -0.190271 -0.812664 23.9741 0.0732082 3.46759e-05
57.32 13.1124 -0.190147 -0.812763 23.9813 0.0732058 3.40982e-05
57.33 13.1134 -0.190025 -0.812852 23.9885 0.0732036 3.33527e-05
57.34 13.1143 -0.189906 -0.812932 23.9958 0.0732014 3.25082e-05
57.35 13.1153 -0.189788 -0.813003 24.003 0.0731993 3.16734e-05
57.36 13.1162 -0.189669 -0.813064 24.0102 0.0731974 3.0949e-05
57.37 13.1171 -0.189551 -0.813116 24.0174 0.0731955 3.03405e-05
57.38 13.1181 -0.189431 -0.813158 24.0247 0.0731938 2.98116e-05
57.39 13.119 -0.189311 -0.813192 24.0319 0.0731922 2.92416e-05
57.4 13.1199 -0.189191 -0.813216 24.0391 0.0731906 2.84941e-05
57.41 13.1209 -0.18907 -0.813231 24.0464 0.0731892 2.74841e-05
57.42 13.1218 -0.188947 -0.813237 24.0536 0.0731878 2.63512e-05
57.43 13.1227 -0.188822 -0.813233 24.0608 0.0731865 2.52828e-05
57.44 13.1236 -0.188693 -0.81322 24.068 0.0731853 2.44089e-05
57.45 13.1245 -0.188561 -0.813198 24.0753 0.0731843 2.36743e-05
57.46 13.1255 -0.188427 -0.813166 24.0825 0.0731834 2.29182e-05
57.47 13.1264 -0.18829 -0.813126 24.0897 0.0731826 2.19933e-05
57.48 13.1273 -0.188153 -0.813075 24.097 0.0731818 2.08391e-05
57.49 13.1282 -0.188013 -0.813015 24.1042 0.0731811 1.95434e-05
57.5 13.1291 -0.187872 -0.812945 24.1114 0.0731804 1.822e-05
57.51 13.13 -0.187728 -0.812865 24.1187 0.0731799 1.70027e-05
57.52 13.1309 -0.187584 -0.812776 24.1259 0.0731795 1.59023e-05
57.53 13.1318 -0.187438 -0.812677 24.1331 0.0731792 1.4865e-05
57.54 13.1327 -0.187292 -0.812567 24.1404 0.0731791 1.37513e-05
57.55 13.1336 -0.187148 -0.812448 24.1476 0.073179 1.24718e-05
57.56 13.1345 -0.187006 -0.812319 24.1548 0.073179 1.09868e-05
57.57 13.1354 -0.186866 -0.812179 24.1621 0.073179 9.3685e-06
57.58 13.1363 -0.186728 -0.812029 24.1693 0.0731791 7.73761e-06
57.59 13.1372 -0.186592 -0.811868 24.1765 0.0731794 6.20375e-06
57.6 13.1381 -0.186459 -0.811698 24.1838 0.0731798 4.80307e-06
57.61 13.1389 -0.18633 -0.811517 24.191 0.0731803 3.43666e-06
57.62 13.1398 -0.186205 -0.811326 24.1982 0.0731809 1.97375e-06
57.63 13.1407 -0.186085 -0.811124 24.2055 0.0731816 2.94507e-07
57.64 13.1416 -0.18597 -0.810912 24.2127 0.0731823 -1.58056e-06
57.65 13.1424 -0.185861 -0.81069 24.2199 0.0731831 -3.5697e-06
57.66 13.1433 -0.185756 -0.810457 24.2272 0.0731841 -5.51751e-06
57.67 13.1442 -0.185654 -0.810213 24.2344 0.0731851 -7.3477e-06
57.68 13.145 -0.185557 -0.80996 24.2417 0.0731863 -9.0523e-06
57.69 13.1459 -0.185463 -0.809697 24.2489 0.0731876 -1.07529e-05
57.7 13.1468 -0.185374 -0.809423 24.2561 0.073189 -1.25975e-05
57.71 13.1476 -0.18529 -0.809139 24.2634 0.0731904 -1.46703e-05
57.72 13.1485 -0.185209 -0.808845 24.2706 0.0731919 -1.69471e-05
57.73 13.1493 -0.185131 -0.808541 24.2778 0.0731935 -1.92809e-05
57.74 13.1502 -0.185054 -0.808227 24.2851 0.0731951 -2.15431e-05
57.75 13.151 -0.184979 -0.807903 24.2923 0.0731969 -2.36556e-05
57.76 13.1518 -0.184903 -0.80757 24.2996 0.0731987 -2.56903e-05
57.77 13.1527 -0.184828 -0.807226 24.3068 0.0732007 -2.77582e-05
57.78 13.1535 -0.184754 -0.806874 24.314 0.0732028 -3.00222e-05
57.79 13.1543 -0.184681 -0.806511 24.3213 0.073205 -3.25192e-05
57.8 13.1552 -0.184607 -0.806139 24.3285 0.0732071 -3.51897e-05
57.81 13.156 -0.184532 -0.805756 24.3358 0.0732094 -3.7878e-05
57.82 13.1568 -0.184454 -0.805365 24.343 0.0732117 -4.04536e-05
57.83 13.1576 -0.184375 -0.804963 24.3502 0.0732142 -4.28925e-05
57.84 13.1585 -0.184294 -0.804552 24.3575 0.0732168 -4.52948e-05
57.85 13.1593 -0.184212 -0.804132 24.3647 0.0732194 -4.78275e-05
57.86 13.1601 -0.184129 -0.803701 24.372 0.0732221 -5.05875e-05
57.87 13.1609 -0.184046 -0.803261 24.3792 0.0732249 -5.35891e-05
57.88 13.1617 -0.183963 -0.802811 24.3865 0.0732277 -5.66985e-05
57.89 13.1625 -0.183879 -0.802351 24.3937 0.0732305 -5.97985e-05
57.9 13.1633 -0.183794 -0.80188 24.4009 0.0732335 -6.27711e-05
57.91 13.1641 -0.183709 -0.8014 24.4082 0.0732366 -6.56546e-05
57.92 13.1649 -0.183625 -0.800911 24.4154 0.0732398 -6.8546e-05
57.93 13.1657 -0.183542 -0.80041 24.4227 0.073243 -7.16073e-05
57.94 13.1665 -0.183463 -0.7999 24.4299 0.0732463 -7.49122e-05
57.95 13.1672 -0.183388 -0.799379 24.4372 0.0732497 -7.84349e-05
57.96 13.168 -0.183315 -0.798847 24.4444 0.073253 -8.20483e-05
57.97 13.1688 -0.183246 -0.798306 24.4517 0.0732565 -8.5597e-05
57.98 13.1695 -0.183181 -0.797753 24.4589 0.0732601 -8.90257e-05
57.99 13.1703 -0.18312 -0.797191 24.4662 0.0732638 -9.23592e-05
58 13.1711 -0.183063 -0.796618 24.4734 0.0732675 -9.57675e-05
58.01 13.1718 -0.183013 -0.796034 24.4806 0.0732714 -9.9365e-05
58.02 13.1726 -0.18297 -0.79544 24.4879 0.0732753 -0.000103235
58.03 13.1733 -0.182932 -0.794835 24.4951 0.0732792 -0.000107275
58.04 13.1741 -0.182901 -0.794219 24.5024 0.0732831 -0.000111358
58.05 13.1748 -0.182874 -0.793593 24.5096 0.0732872 -0.000115329
58.06 13.1756 -0.182853 -0.792957 24.5169 0.0732913 -0.000119166
58.07 13.1763 -0.182836 -0.79231 24.5241 0.0732955 -0.000122929
58.08 13.177 -0.182824 -0.791653 24.5314 0.0732998 -0.000126756
58.09 13.1777 -0.182818 -0.790987 24.5386 0.0733042 -0.000130833
58.1 13.1785 -0.182817 -0.79031 24.5459 0.0733086 -0.000135205
58.11 13.1792 -0.182821 -0.789622 24.5531 0.073313 -0.000139767
58.12 13.1799 -0.182828 -0.788925 24.5604 0.0733174 -0.000144276
58.13 13.1806 -0.182837 -0.788218 24.5676 0.0733219 -0.000148622
58.14 13.1813 -0.182847 -0.787502 24.5749 0.0733265 -0.000152812
58.15 13.182 -0.182859 -0.786776 24.5821 0.0733312 -0.000157033
58.16 13.1828 -0.182873 -0.786041 24.5894 0.073336 -0.00016143
58.17 13.1835 -0.182889 -0.785296 24.5966 0.0733408 -0.000166097
58.18 13.1842 -0.182906 -0.784542 24.6039 0.0733456 -0.000170962
58.19 13.1848 -0.182924 -0.783778 24.6111 0.0733503 -0.000175898
58.2 13.1855 -0.182941 -0.783004 24.6184 0.0733552 -0.000180772
58.21 13.1862 -0.182958 -0.782222 24.6256 0.0733601 -0.000185522
58.22 13.1869 -0.182974 -0.78143 24.6329 0.0733651 -0.000190213
58.23 13.1876 -0.182989 -0.78063 24.6402 0.0733702 -0.000194951
58.24 13.1883 -0.183006 -0.77982 24.6474 0.0733753 -0.000199888
58.25 13.1889 -0.183023 -0.779001 24.6547 0.0733804 -0.000205059
58.26 13.1896 -0.183041 -0.778172 24.6619 0.0733855 -0.000210437
58.27 13.1903 -0.18306 -0.777334 24.6692 0.0733907 -0.000215856
58.28 13.1909 -0.183079 -0.776487 24.6764 0.0733959 -0.000221204
58.29 13.1916 -0.1831 -0.77563 24.6837 0.0734011 -0.000226412
58.3 13.1923 -0.183122 -0.774765 24.6909 0.0734065 -0.000231576
58.31 13.1929 -0.183146 -0.77389 24.6982 0.0734119 -0.000236838
58.32 13.1936 -0.183175 -0.773005 24.7055 0.0734174 -0.000242335
58.33 13.1942 -0.183209 -0.772111 24.7127 0.0734228 -0.000248084
58.34 13.1948 -0.183247 -0.771208 24.72 0.0734283 -0.000253974
58.35 13.1955 -0.183289 -0.770294 24.7272 0.0734337 -0.000259861
58.36 13.1961 -0.183337 -0.769372 24.7345 0.0734393 -0.000265615
58.37 13.1967 -0.183389 -0.768439 24.7417 0.0734449 -0.000271268
58.38 13.1974 -0.183447 -0.767498 24.749 0.0734506 -0.000276903
58.39 13.198 -0.183512 -0.766547 24.7563 0.0734563 -0.000282702
58.4 13.1986 -0.183585 -0.765586 24.7635 0.0734621 -0.000288725
58.41 13.1992 -0.183665 -0.764615 24.7708 0.0734678 -0.000294975
58.42 13.1998 -0.183753 -0.763635 24.778 0.0734735 -0.0003013
58.43 13.2004 -0.183846 -0.762646 24.7853 0.0734793 -0.00030757
58.44 13.201 -0.183946 -0.761647 24.7926 0.0734851 -0.00031368
58.45 13.2016 -0.184052 -0.760639 24.7998 0.0734911 -0.000319665
58.46 13.2022 -0.184164 -0.759622 24.8071 0.073497 -0.000325705
58.47 13.2028 -0.184283 -0.758595 24.8143 0.073503 -0.000331971
58.48 13.2034 -0.184409 -0.75756 24.8216 0.073509 -0.000338519
58.49 13.204 -0.184541 -0.756515 24.8289 0.073515 -0.000345213
58.5 13.2046 -0.184677 -0.755461 24.8361 0.0735209 -0.000351916
58.51 13.2052 -0.184817 -0.754398 24.8434 0.0735269 -0.000358479
58.52 13.2058 -0.18496 -0.753327 24.8506 0.073533 -0.000364942
58.53 13.2063 -0.185107 -0.752247 24.8579 0.0735391 -0.000371372
58.54 13.2069 -0.185256 -0.751159 24.8652 0.0735452 -0.000377922
58.55 13.2075 -0.185409 -0.750062 24.8724 0.0735514 -0.000384656
58.56 13.208 -0.185564 -0.748957 24.8797 0.0735575 -0.000391595
58.57 13.2086 -0.185721 -0.747843 24.887 0.0735636 -0.000398651
58.58 13.2092 -0.18588 -0.746721 24.8942 0.0735697 -0.000405702
58.59 13.2097 -0.186039 -0.745591 24.9015 0.0735759 -0.000412665
58.6 13.2103 -0.186199 -0.744453 24.9088 0.0735821 -0.000419525
58.61 13.2108 -0.18636 -0.743308 24.916 0.0735883 -0.000426395
58.62 13.2114 -0.186522 -0.742154 24.9233 0.0735946 -0.000433372
58.63 13.2119 -0.186687 -0.740992 24.9305 0.0736009 -0.000440577
58.64 13.2124 -0.186854 -0.739823 24.9378 0.0736072 -0.000447968
58.65 13.213 -0.187022 -0.738645 24.9451 0.0736134 -0.000455464
58.66 13.2135 -0.187193 -0.73746 24.9523 0.0736197 -0.000462895
58.67 13.214 -0.187365 -0.736266 24.9596 0.0736259 -0.000470218
58.68 13.2146 -0.187541 -0.735065 24.9669 0.0736323 -0.000477465
58.69 13.2151 -0.187719 -0.733857 24.9742 0.0736387 -0.00048477
58.7 13.2156 -0.187903 -0.73264 24.9814 0.0736451 -0.000492242
58.71 13.2161 -0.188091 -0.731416 24.9887 0.0736515 -0.000499908
58.72 13.2167 -0.188286 -0.730183 24.996 0.0736578 -0.000507732
58.73 13.2172 -0.188486 -0.728942 25.0032 0.0736642 -0.000515574
58.74 13.2177 -0.188692 -0.727694 25.0105 0.0736706 -0.000523352
58.75 13.2182 -0.188903 -0.726438 25.0178 0.073677 -0.00053102
58.76 13.2187 -0.189122 -0.725174 25.025 0.0736834 -0.000538669
58.77 13.2192 -0.189348 -0.723902 25.0323 0.0736899 -0.000546384
58.78 13.2197 -0.189582 -0.722623 25.0396 0.0736964 -0.000554276
58.79 13.2202 -0.189825 -0.721336 25.0468 0.0737029 -0.000562333
58.8 13.2207 -0.190075 -0.720041 25.0541 0.0737094 -0.000570506
58.81 13.2212 -0.190334 -0.718738 25.0614 0.0737158 -0.000578671
58.82 13.2217 -0.1906 -0.717428 25.0687 0.0737223 -0.000586753
58.83 13.2222 -0.190872 -0.71611 25.0759 0.0737287 -0.000594753
58.84 13.2227 -0.191152 -0.714785 25.0832 0.0737353 -0.000602747
58.85 13.2231 -0.19144 -0.713453 25.0905 0.0737418 -0.000610857
58.86 13.2236 -0.191735 -0.712114 25.0977 0.0737483 -0.000619129
58.87 13.2241 -0.192037 -0.710768 25.105 0.0737549 -0.000627566
58.88 13.2246 -0.192344 -0.709415 25.1123 0.0737613 -0.000636056
58.89 13.2251 -0.192657 -0.708055 25.1196 0.0737678 -0.000644532
58.9 13.2256 -0.192975 -0.706688 25.1268 0.0737743 -0.000652914
58.91 13.226 -0.193296 -0.705315 25.1341 0.0737808 -0.000661243
58.92 13.2265 -0.193622 -0.703936 25.1414 0.0737873 -0.000669565
58.93 13.227 -0.193951 -0.70255 25.1487 0.0737938 -0.000678033
58.94 13.2275 -0.194284 -0.701158 25.1559 0.0738004 -0.000686712
58.95 13.2279 -0.194621 -0.69976 25.1632 0.0738069 -0.000695558
58.96 13.2284 -0.194959 -0.698356 25.1705 0.0738134 -0.000704431
58.97 13.2289 -0.1953 -0.696946 25.1777 0.0738199 -0.00071321
58.98 13.2294 -0.195642 -0.69553 25.185 0.0738264 -0.000721913
58.99 13.2298 -0.195986 -0.694109 25.1923 0.0738329 -0.00073061
59 13.2303 -0.196332 -0.692681 25.1996 0.0738395 -0.000739431
59.01 13.2308 -0.196681 -0.691248 25.2069 0.0738461 -0.000748385
59.02 13.2312 -0.197033 -0.68981 25.2141 0.0738526 -0.000757484
59.03 13.2317 -0.197387 -0.688365 25.2214 0.0738591 -0.000766636
59.04 13.2322 -0.197743 -0.686915 25.2287 0.0738657 -0.000775804
59.05 13.2326 -0.198103 -0.685459 25.236 0.0738722 -0.000784929
59.06 13.2331 -0.198466 -0.683997 25.2432 0.0738787 -0.000794036
59.07 13.2335 -0.198832 -0.68253 25.2505 0.0738854 -0.000803167
59.08 13.234 -0.199204 -0.681058 25.2578 0.073892 -0.000812379
59.09 13.2345 -0.19958 -0.67958 25.2651 0.0738986 -0.000821715
59.1 13.2349 -0.199963 -0.678097 25.2724 0.0739052 -0.000831149
59.11 13.2354 -0.200351 -0.676607 25.2796 0.0739118 -0.000840654
59.12 13.2359 -0.200746 -0.675113 25.2869 0.0739184 -0.000850143
59.13 13.2363 -0.201147 -0.673612 25.2942 0.073925 -0.000859617
59.14 13.2368 -0.201555 -0.672107 25.3015 0.0739317 -0.000869058
59.15 13.2372 -0.201971 -0.670596 25.3088 0.0739384 -0.000878549
59.16 13.2377 -0.202395 -0.66908 25.316 0.0739451 -0.000888115
59.17 13.2382 -0.202827 -0.667559 25.3233 0.0739518 -0.000897805
59.18 13.2386 -0.203268 -0.666033 25.3306 0.0739585 -0.000907576
59.19 13.2391 -0.203716 -0.664501 25.3379 0.0739652 -0.000917384
59.2 13.2396 -0.204173 -0.662964 25.3452 0.0739719 -0.000927171
59.21 13.24 -0.204637 -0.661422 25.3524 0.0739786 -0.00093693
59.22 13.2405 -0.205109 -0.659876 25.3597 0.0739853 -0.000946712
59.23 13.241 -0.205588 -0.658325 25.367 0.0739921 -0.000956544
59.24 13.2414 -0.206075 -0.65677 25.3743 0.0739989 -0.000966483
59.25 13.2419 -0.206569 -0.65521 25.3816 0.0740057 -0.000976467
59.26 13.2424 -0.20707 -0.653646 25.3889 0.0740125 -0.000986476
59.27 13.2429 -0.207576 -0.652078 25.3961 0.0740192 -0.000996504
59.28 13.2433 -0.208088 -0.650506 25.4034 0.074026 -0.00100661
59.29 13.2438 -0.208606 -0.64893 25.4107 0.0740328 -0.00101676
59.3 13.2443 -0.209128 -0.64735 25.418 0.0740397 -0.00102694
59.31 13.2448 -0.209654 -0.645767 25.4253 0.0740466 -0.00103713
59.32 13.2452 -0.210184 -0.644181 25.4326 0.0740535 -0.00104737
59.33 13.2457 -0.210718 -0.642591 25.4399 0.0740604 -0.00105769
59.34 13.2462 -0.211254 -0.640998 25.4471 0.0740672 -0.00106809
59.35 13.2467 -0.211794 -0.639401 25.4544 0.0740741 -0.00107854
59.36 13.2472 -0.212336 -0.637802 25.4617 0.074081 -0.00108897
59.37 13.2477 -0.21288 -0.6362 25.469 0.074088 -0.0010994
59.38 13.2481 -0.213427 -0.634595 25.4763 0.074095 -0.00110986
59.39 13.2486 -0.213977 -0.632988 25.4836 0.074102 -0.00112041
59.4 13.2491 -0.214529 -0.631378 25.4909 0.0741091 -0.00113103
59.41 13.2496 -0.215083 -0.629765 25.4982 0.0741162 -0.00114171
59.42 13.2501 -0.215641 -0.628149 25.5054 0.0741232 -0.0011524
59.43 13.2506 -0.216202 -0.626531 25.5127 0.0741303 -0.00116311
59.44 13.2511 -0.216766 -0.62491 25.52 0.0741374 -0.00117383
59.45 13.2516 -0.217334 -0.623286 25.5273 0.0741445 -0.0011846
59.46 13.2521 -0.217906 -0.621661 25.5346 0.0741517 -0.00119541
59.47 13.2526 -0.218484 -0.620032 25.5419 0.074159 -0.00120626
59.48 13.2531 -0.219066 -0.618402 25.5492 0.0741662 -0.00121715
59.49 13.2536 -0.219654 -0.616768 25.5565 0.0741735 -0.00122807
59.5 13.2541 -0.220248 -0.615132 25.5638 0.0741807 -0.00123902
59.51 13.2547 -0.220849 -0.613493 25.571 0.074188 -0.00124996
59.52 13.2552 -0.221457 -0.611852 25.5783 0.0741953 -0.00126095
59.53 13.2557 -0.222071 -0.610209 25.5856 0.0742027 -0.00127196
59.54 13.2562 -0.222693 -0.608563 25.5929 0.0742101 -0.00128302
59.55 13.2567 -0.223323 -0.606915 25.6002 0.0742176 -0.0012941
59.56 13.2573 -0.223961 -0.605265 25.6075 0.074225 -0.00130521
59.57 13.2578 -0.224606 -0.603613 25.6148 0.0742325 -0.00131632
59.58 13.2583 -0.225259 -0.601958 25.6221 0.0742399 -0.00132745
59.59 13.2589 -0.22592 -0.600301 25.6294 0.0742474 -0.00133861
59.6 13.2594 -0.226589 -0.598643 25.6367 0.0742549 -0.0013498
59.61 13.26 -0.227265 -0.596983 25.644 0.0742625 -0.00136105
59.62 13.2605 -0.227948 -0.595321 25.6513 0.0742702 -0.00137231
59.63 13.2611 -0.228637 -0.593658 25.6586 0.0742778 -0.00138359
59.64 13.2616 -0.229333 -0.591994 25.6659 0.0742855 -0.00139485
59.65 13.2622 -0.230035 -0.590328 25.6731 0.0742932 -0.00140613
59.66 13.2628 -0.230742 -0.588661 25.6804 0.0743008 -0.00141744
59.67 13.2633 -0.231455 -0.586993 25.6877 0.0743085 -0.00142881
59.68 13.2639 -0.232172 -0.585325 25.695 0.0743164 -0.00144022
59.69 13.2645 -0.232893 -0.583656 25.7023 0.0743243 -0.00145164
59.7 13.265 -0.233618 -0.581987 25.7096 0.0743322 -0.00146307
59.71 13.2656 -0.234346 -0.580317 25.7169 0.0743401 -0.0014745
59.72 13.2662 -0.235077 -0.578647 25.7242 0.0743481 -0.00148594
59.73 13.2668 -0.235811 -0.576977 25.7315 0.074356 -0.00149738
59.74 13.2674 -0.236547 -0.575306 25.7388 0.0743639 -0.00150887
59.75 13.268 -0.237285 -0.573635 25.7461 0.0743719 -0.00152039
59.76 13.2686 -0.238026 -0.571965 25.7534 0.07438 -0.00153196
59.77 13.2692 -0.238768 -0.570295 25.7607 0.0743881 -0.00154353
59.78 13.2698 -0.239512 -0.568626 25.768 0.0743963 -0.0015551
59.79 13.2704 -0.240258 -0.566956 25.7753 0.0744045 -0.00156663
59.8 13.271 -0.241007 -0.565287 25.7826 0.0744127 -0.00157815
59.81 13.2717 -0.241757 -0.563618 25.7899 0.0744209 -0.00158967
59.82 13.2723 -0.242511 -0.561949 25.7972 0.0744292 -0.00160122
59.83 13.2729 -0.243267 -0.560281 25.8045 0.0744375 -0.00161283
59.84 13.2736 -0.244027 -0.558614 25.8118 0.0744459 -0.00162446
59.85 13.2742 -0.24479 -0.556946 25.8191 0.0744544 -0.0016361
59.86 13.2748 -0.245558 -0.55528 25.8264 0.0744629 -0.00164767
59.87 13.2755 -0.246329 -0.553613 25.8337 0.0744714 -0.00165919
59.88 13.2761 -0.247106 -0.551947 25.841 0.0744798 -0.00167067
59.89 13.2768 -0.247887 -0.550282 25.8483 0.0744884 -0.00168218
59.9 13.2775 -0.248675 -0.548616 25.8556 0.0744969 -0.00169372
59.91 13.2781 -0.249469 -0.546952 25.8629 0.0745056 -0.00170533
59.92 13.2788 -0.250269 -0.545288 25.8702 0.0745143 -0.00171694
59.93 13.2795 -0.251075 -0.543625 25.8775 0.074523 -0.00172849
59.94 13.2801 -0.251888 -0.541963 25.8848 0.0745317 -0.00173996
59.95 13.2808 -0.252707 -0.540301 25.8921 0.0745405 -0.00175136
59.96 13.2815 -0.253532 -0.538639 25.8994 0.0745492 -0.00176275
59.97 13.2822 -0.254365 -0.536979 25.9067 0.074558 -0.00177418
59.98 13.2829 -0.255204 -0.53532 25.914 0.0745669 -0.00178567
59.99 13.2836 -0.25605 -0.533662 25.9213 0.0745758 -0.00179718
60 13.2843 -0.256902 -0.532005 25.9286 0.0745847 -0.00180866
60.01 13.285 -0.257759 -0.53035 25.9359 0.0745937 -0.00182007
60.02 13.2857 -0.258622 -0.528696 25.9433 0.0746027 -0.00183139
60.03 13.2865 -0.259489 -0.527043 25.9506 0.0746117 -0.00184265
60.04 13.2872 -0.260361 -0.525393 25.9579 0.0746207 -0.00185391
60.05 13.2879 -0.261237 -0.523744 25.9652 0.0746297 -0.00186521
60.06 13.2886 -0.262117 -0.522097 25.9725 0.0746388 -0.00187657
60.07 13.2894 -0.263 -0.520452 25.9798 0.074648 -0.00188794
60.08 13.2901 -0.263886 -0.51881 25.9871 0.0746572 -0.00189926
60.09 13.2909 -0.264773 -0.51717 25.9944 0.0746664 -0.00191048
60.1 13.2916 -0.265662 -0.515533 26.0017 0.0746756 -0.00192159
60.11 13.2924 -0.266552 -0.513898 26.009 0.0746848 -0.00193266
60.12 13.2931 -0.267443 -0.512265 26.0163 0.0746941 -0.00194373
60.13 13.2939 -0.268335 -0.510635 26.0236 0.0747033 -0.00195486
60.14 13.2946 -0.269228 -0.509008 26.0309 0.0747127 -0.001966
60.15 13.2954 -0.270122 -0.507385 26.0382 0.0747221 -0.00197707
60.16 13.2962 -0.271015 -0.505764 26.0456 0.0747315 -0.00198804
60.17 13.2969 -0.271909 -0.504146 26.0529 0.0747409 -0.00199899
60.18 13.2977 -0.272803 -0.50253 26.0602 0.0747503 -0.00200988
60.19 13.2985 -0.273697 -0.500918 26.0675 0.0747597 -0.0020207
60.2 13.2993 -0.274592 -0.499308 26.0748 0.0747692 -0.00203149
60.21 13.3001 -0.275489 -0.497702 26.0821 0.0747786 -0.00204229
60.22 13.3008 -0.276387 -0.496098 26.0894 0.0747881 -0.00205314
60.23 13.3016 -0.277287 -0.494498 26.0967 0.0747977 -0.00206397
60.24 13.3024 -0.278188 -0.4929 26.104 0.0748072 -0.00207468
60.25 13.3032 -0.279092 -0.491306 26.1114 0.0748168 -0.00208521
60.26 13.304 -0.279997 -0.489714 26.1187 0.0748263 -0.00209562
60.27 13.3048 -0.280906 -0.488125 26.126 0.0748358 -0.002106
60.28 13.3056 -0.281819 -0.486539 26.1333 0.0748453 -0.00211644
60.29 13.3064 -0.282735 -0.484955 26.1406 0.0748548 -0.00212695
60.3 13.3073 -0.283657 -0.483375 26.1479 0.0748644 -0.00213744
60.31 13.3081 -0.284582 -0.481799 26.1552 0.074874 -0.00214782
60.32 13.3089 -0.285511 -0.480225 26.1625 0.0748836 -0.00215803
60.33 13.3097 -0.286444 -0.478654 26.1699 0.0748931 -0.00216808
60.34 13.3105 -0.287381 -0.477086 26.1772 0.0749026 -0.00217807
60.35 13.3114 -0.288324 -0.475521 26.1845 0.0749122 -0.00218807
60.36 13.3122 -0.289272 -0.473959 26.1918 0.0749217 -0.00219812
60.37 13.313 -0.290224 -0.472401 26.1991 0.0749312 -0.00220821
60.38 13.3139 -0.291181 -0.470847 26.2064 0.0749408 -0.00221823
60.39 13.3147 -0.292141 -0.469297 26.2137 0.0749504 -0.00222813
60.4 13.3155 -0.293105 -0.46775 26.2211 0.07496 -0.00223786
60.41 13.3164 -0.294072 -0.466206 26.2284 0.0749695 -0.00224747
60.42 13.3172 -0.295041 -0.464666 26.2357 0.0749789 -0.00225702
60.43 13.3181 -0.296013 -0.463131 26.243 0.0749883 -0.0022666
60.44 13.3189 -0.296988 -0.461599 26.2503 0.0749978 -0.00227623
60.45 13.3197 -0.297965 -0.460072 26.2576 0.0750072 -0.00228589
60.46 13.3206 -0.298942 -0.45855 26.265 0.0750167 -0.00229547
60.47 13.3214 -0.299919 -0.457032 26.2723 0.0750261 -0.0023049
60.48 13.3223 -0.300896 -0.455518 26.2796 0.0750356 -0.00231414
60.49 13.3232 -0.301872 -0.45401 26.2869 0.0750449 -0.00232325
60.5 13.324 -0.302847 -0.452505 26.2942 0.0750542 -0.00233234
60.51 13.3249 -0.303822 -0.451006 26.3015 0.0750636 -0.0023415
60.52 13.3257 -0.304796 -0.449512 26.3089 0.0750729 -0.00235073
60.53 13.3266 -0.305768 -0.448022 26.3162 0.0750821 -0.00235995
60.54 13.3274 -0.306739 -0.446538 26.3235 0.0750914 -0.00236904
60.55 13.3283 -0.307706 -0.445059 26.3308 0.0751006 -0.00237793
60.56 13.3291 -0.308672 -0.443585 26.3381 0.0751098 -0.00238664
60.57 13.33 -0.309635 -0.442116 26.3455 0.075119 -0.00239527
60.58 13.3309 -0.310597 -0.440651 26.3528 0.075128 -0.00240394
60.59 13.3317 -0.311559 -0.439192 26.3601 0.0751371 -0.00241267
60.6 13.3326 -0.312519 -0.437737 26.3674 0.0751461 -0.00242145
60.61 13.3334 -0.313479 -0.436288 26.3748 0.0751551 -0.00243016
60.62 13.3343 -0.314437 -0.434844 26.3821 0.075164 -0.00243871
60.63 13.3352 -0.315395 -0.433404 26.3894 0.0751729 -0.00244708
60.64 13.336 -0.316352 -0.43197 26.3967 0.0751817 -0.00245528
60.65 13.3369 -0.317309 -0.43054 26.404 0.0751904 -0.00246344
60.66 13.3377 -0.318268 -0.429115 26.4114 0.0751991 -0.00247164
60.67 13.3386 -0.319229 -0.427695 26.4187 0.0752077 -0.00247992
60.68 13.3394 -0.320191 -0.426279 26.426 0.0752163 -0.00248822
60.69 13.3403 -0.321155 -0.424869 26.4333 0.0752248 -0.00249643
60.7 13.3412 -0.322121 -0.423463 26.4407 0.0752333 -0.00250446
60.71 13.342 -0.323088 -0.422063 26.448 0.0752417 -0.00251229
60.72 13.3429 -0.324056 -0.420667 26.4553 0.07525 -0.00251999
60.73 13.3437 -0.325027 -0.419276 26.4626 0.0752582 -0.00252767
60.74 13.3446 -0.326001 -0.41789 26.47 0.0752664 -0.00253543
60.75 13.3454 -0.326978 -0.416509 26.4773 0.0752745 -0.00254327
60.76 13.3463 -0.327957 -0.415134 26.4846 0.0752825 -0.00255111
60.77 13.3471 -0.328937 -0.413763 26.4919 0.0752905 -0.00255884
60.78 13.3479 -0.329918 -0.412398 26.4993 0.0752984 -0.00256639
60.79 13.3488 -0.330899 -0.411039 26.5066 0.0753062 -0.00257372
60.8 13.3496 -0.331881 -0.409685 26.5139 0.0753139 -0.00258094
60.81 13.3505 -0.332863 -0.408336 26.5212 0.0753215 -0.00258817
60.82 13.3513 -0.333846 -0.406993 26.5286 0.0753291 -0.00259552
60.83 13.3521 -0.334828 -0.405656 26.5359 0.0753365 -0.00260295
60.84 13.3529 -0.33581 -0.404325 26.5432 0.0753439 -0.00261035
60.85 13.3538 -0.336788 -0.403 26.5505 0.0753512 -0.00261756
60.86 13.3546 -0.337764 -0.401681 26.5579 0.0753584 -0.00262455
60.87 13.3554 -0.338737 -0.400368 26.5652 0.0753655 -0.00263137
60.88 13.3562 -0.339706 -0.399061 26.5725 0.0753725 -0.00263817
60.89 13.357 -0.340673 -0.397761 26.5799 0.0753794 -0.00264504
60.9 13.3578 -0.341636 -0.396467 26.5872 0.0753863 -0.00265203
60.91 13.3586 -0.342596 -0.395179 26.5945 0.0753929 -0.00265903
60.92 13.3594 -0.343551 -0.393898 26.6018 0.0753995 -0.00266594
60.93 13.3602 -0.344501 -0.392623 26.6092 0.075406 -0.00267265
60.94 13.361 -0.345446 -0.391355 26.6165 0.0754124 -0.00267916
60.95 13.3618 -0.346386 -0.390093 26.6238 0.0754187 -0.00268555
60.96 13.3626 -0.347322 -0.388838 26.6312 0.0754249 -0.00269196
60.97 13.3634 -0.348255 -0.387589 26.6385 0.0754309 -0.00269844
60.98 13.3641 -0.349184 -0.386347 26.6458 0.0754368 -0.00270501
60.99 13.3649 -0.350109 -0.38511 26.6532 0.0754426 -0.00271157
61 13.3657 -0.351031 -0.383881 26.6605 0.0754483 -0.00271802
61.01 13.3664 -0.35195 -0.382657 26.6678 0.0754538 -0.00272425
61.02 13.3672 -0.352864 -0.38144 26.6752 0.0754592 -0.00273028
61.03 13.3679 -0.353777 -0.38023 26.6825 0.0754645 -0.00273623
61.04 13.3687 -0.354687 -0.379025 26.6898 0.0754697 -0.00274222
61.05 13.3694 -0.355597 -0.377827 26.6972 0.0754747 -0.00274832
61.06 13.3701 -0.356506 -0.376635 26.7045 0.0754795 -0.00275448
61.07 13.3709 -0.357415 -0.375449 26.7118 0.0754843 -0.0027606
61.08 13.3716 -0.358322 -0.374269 26.7192 0.0754888 -0.00276654
61.09 13.3723 -0.359227 -0.373096 26.7265 0.0754933 -0.00277225
61.1 13.373 -0.360132 -0.371929 26.7338 0.0754976 -0.0027778
61.11 13.3737 -0.361037 -0.370768 26.7412 0.0755018 -0.00278331
61.12 13.3744 -0.361942 -0.369613 26.7485 0.0755059 -0.0027889
61.13 13.3751 -0.362847 -0.368465 26.7558 0.0755098 -0.0027946
61.14 13.3758 -0.363752 -0.367323 26.7632 0.0755135 -0.0028003
61.15 13.3765 -0.364656 -0.366187 26.7705 0.075517 -0.0028059
61.16 13.3771 -0.365559 -0.365057 26.7778 0.0755205 -0.00281129
61.17 13.3778 -0.366459 -0.363934 26.7852 0.0755238 -0.00281649
61.18 13.3785 -0.367358 -0.362818 26.7925 0.0755269 -0.00282157
61.19 13.3791 -0.368255 -0.361709 26.7998 0.07553 -0.00282664
61.2 13.3798 -0.369149 -0.360606 26.8072 0.0755328 -0.00283178
61.21 13.3804 -0.370042 -0.35951 26.8145 0.0755355 -0.00283699
61.22 13.381 -0.370931 -0.358421 26.8219 0.075538 -0.00284217
61.23 13.3817 -0.371815 -0.357339 26.8292 0.0755404 -0.00284722
61.24 13.3823 -0.372695 -0.356264 26.8365 0.0755426 -0.00285207
61.25 13.3829 -0.373569 -0.355196 26.8439 0.0755447 -0.00285674
61.26 13.3835 -0.374437 -0.354136 26.8512 0.0755467 -0.00286131
61.27 13.3841 -0.3753 -0.353082 26.8585 0.0755484 -0.00286588
61.28 13.3847 -0.376158 -0.352036 26.8659 0.07555 -0.00287053
61.29 13.3852 -0.37701 -0.350997 26.8732 0.0755514 -0.00287524
61.3 13.3858 -0.377855 -0.349965 26.8806 0.0755526 -0.0028799
61.31 13.3864 -0.378693 -0.34894 26.8879 0.0755536 -0.00288439
61.32 13.3869 -0.379523 -0.347923 26.8952 0.0755545 -0.00288865
61.33 13.3875 -0.380346 -0.346913 26.9026 0.0755552 -0.00289272
61.34 13.388 -0.381162 -0.34591 26.9099 0.0755559 -0.00289672
61.35 13.3885 -0.381971 -0.344915 26.9173 0.0755563 -0.00290079
61.36 13.3891 -0.382775 -0.343927 26.9246 0.0755565 -0.00290493
61.37 13.3896 -0.383574 -0.342946 26.9319 0.0755564 -0.0029091
61.38 13.3901 -0.384365 -0.341972 26.9393 0.0755562 -0.00291314
61.39 13.3906 -0.385151 -0.341005 26.9466 0.0755558 -0.00291697
61.4 13.3911 -0.385931 -0.340045 26.954 0.0755553 -0.00292057
61.41 13.3915 -0.386705 -0.339092 26.9613 0.0755546 -0.00292403
61.42 13.392 -0.387476 -0.338147 26.9687 0.0755538 -0.00292748
61.43 13.3925 -0.388242 -0.337209 26.976 0.0755527 -0.00293098
61.44 13.3929 -0.389006 -0.336277 26.9833 0.0755515 -0.00293452
61.45 13.3934 -0.389767 -0.335352 26.9907 0.0755499 -0.00293802
61.46 13.3938 -0.390524 -0.334434 26.998 0.0755482 -0.00294137
61.47 13.3942 -0.391277 -0.333522 27.0054 0.0755464 -0.00294449
61.48 13.3946 -0.392027 -0.332618 27.0127 0.0755444 -0.00294741
61.49 13.3951 -0.392775 -0.331722 27.0201 0.0755422 -0.00295021
61.5 13.3955 -0.39352 -0.330832 27.0274 0.0755399 -0.00295299
61.51 13.3958 -0.394264 -0.329949 27.0347 0.0755373 -0.00295582
61.52 13.3962 -0.395006 -0.329073 27.0421 0.0755345 -0.00295866
61.53 13.3966 -0.395744 -0.328204 27.0494 0.0755315 -0.00296143
61.54 13.397 -0.39648 -0.327342 27.0568 0.0755283 -0.00296401
61.55 13.3973 -0.397211 -0.326487 27.0641 0.0755249 -0.00296635
61.56 13.3977 -0.397939 -0.32564 27.0715 0.0755214 -0.00296849
61.57 13.398 -0.398662 -0.3248 27.0788 0.0755178 -0.00297053
61.58 13.3983 -0.399382 -0.323968 27.0862 0.075514 -0.00297257
61.59 13.3986 -0.400097 -0.323143 27.0935 0.0755099 -0.00297466
61.6 13.3989 -0.400807 -0.322325 27.1009 0.0755055 -0.00297674
61.61 13.3992 -0.401512 -0.321514 27.1082 0.075501 -0.00297868
61.62 13.3995 -0.402209 -0.320711 27.1155 0.0754963 -0.00298041
61.63 13.3998 -0.402899 -0.319915 27.1229 0.0754914 -0.00298189
61.64 13.4 -0.403581 -0.319128 27.1302 0.0754864 -0.00298319
61.65 13.4003 -0.404256 -0.318348 27.1376 0.0754813 -0.00298445
61.66 13.4005 -0.404923 -0.317576 27.1449 0.075476 -0.00298578
61.67 13.4008 -0.405583 -0.316811 27.1523 0.0754704 -0.00298712
61.68 13.401 -0.406234 -0.316054 27.1596 0.0754645 -0.00298834
61.69 13.4012 -0.406876 -0.315304 27.167 0.0754584 -0.00298936
61.7 13.4014 -0.407509 -0.314562 27.1743 0.0754522 -0.00299014
61.71 13.4016 -0.408132 -0.313828 27.1817 0.0754458 -0.00299076
61.72 13.4018 -0.408746 -0.313101 27.189 0.0754393 -0.00299125
61.73 13.402 -0.409352 -0.312382 27.1964 0.0754327 -0.00299171
61.74 13.4021 -0.409951 -0.311671 27.2037 0.0754257 -0.00299215
61.75 13.4023 -0.410541 -0.310967 27.2111 0.0754186 -0.00299255
61.76 13.4024 -0.411123 -0.31027 27.2184 0.0754112 -0.00299287
61.77 13.4025 -0.411697 -0.30958 27.2258 0.0754035 -0.00299301
61.78 13.4026 -0.412264 -0.308898 27.2331 0.0753958 -0.00299293
61.79 13.4027 -0.412823 -0.308223 27.2405 0.0753879 -0.00299265
61.8 13.4028 -0.413376 -0.307556 27.2478 0.0753799 -0.00299222
61.81 13.4029 -0.413923 -0.306896 27.2552 0.0753717 -0.00299175
61.82 13.403 -0.414465 -0.306242 27.2625 0.0753633 -0.00299129
61.83 13.4031 -0.415002 -0.305596 27.2699 0.0753546 -0.00299081
61.84 13.4031 -0.415534 -0.304956 27.2772 0.0753456 -0.00299021
61.85 13.4032 -0.416061 -0.304323 27.2846 0.0753365 -0.00298938
61.86 13.4032 -0.416583 -0.303697 27.2919 0.0753272 -0.00298829
61.87 13.4032 -0.417101 -0.303079 27.2993 0.0753179 -0.002987
61.88 13.4032 -0.417615 -0.302468 27.3067 0.0753084 -0.00298561
61.89 13.4032 -0.418125 -0.301864 27.314 0.0752987 -0.00298422
61.9 13.4032 -0.418631 -0.301266 27.3214 0.0752887 -0.00298283
61.91 13.4032 -0.419134 -0.300675 27.3287 0.0752785 -0.00298137
61.92 13.4031 -0.419632 -0.300091 27.3361 0.0752681 -0.00297971
61.93 13.4031 -0.420125 -0.299515 27.3434 0.0752575 -0.0029778
61.94 13.4031 -0.420613 -0.298945 27.3508 0.0752469 -0.00297566
61.95 13.403 -0.421095 -0.298384 27.3581 0.0752361 -0.00297336
61.96 13.4029 -0.421572 -0.29783 27.3655 0.0752252 -0.00297099
61.97 13.4028 -0.422043 -0.297282 27.3728 0.075214 -0.00296862
61.98 13.4027 -0.422509 -0.296742 27.3802 0.0752026 -0.00296621
61.99 13.4026 -0.422967 -0.296209 27.3876 0.0751909 -0.00296367
62 13.4025 -0.423418 -0.295684 27.3949 0.0751791 -0.00296093
62.01 13.4024 -0.423861 -0.295166 27.4023 0.0751672 -0.00295795
62.02 13.4022 -0.424295 -0.294656 27.4096 0.0751551 -0.00295476
62.03 13.4021 -0.42472 -0.294154 27.417 0.075143 -0.00295144
62.04 13.4019 -0.425137 -0.29366 27.4243 0.0751306 -0.00294807
62.05 13.4017 -0.425545 -0.293173 27.4317 0.0751181 -0.00294471
62.06 13.4016 -0.425944 -0.292693 27.4391 0.0751052 -0.00294139
62.07 13.4014 -0.426333 -0.292221 27.4464 0.0750922 -0.00293792
62.08 13.4012 -0.426712 -0.291756 27.4538 0.075079 -0.00293414
62.09 13.401 -0.42708 -0.291299 27.4611 0.0750657 -0.00293005
62.1 13.4007 -0.427437 -0.29085 27.4685 0.0750524 -0.00292578
62.11 13.4005 -0.427786 -0.290409 27.4758 0.0750389 -0.00292149
62.12 13.4003 -0.428125 -0.289975 27.4832 0.0750253 -0.00291722
62.13 13.4 -0.428456 -0.289548 27.4906 0.0750114 -0.00291293
62.14 13.3997 -0.428778 -0.289128 27.4979 0.0749972 -0.00290853
62.15 13.3995 -0.42909 -0.288714 27.5053 0.0749829 -0.00290395
62.16 13.3992 -0.429395 -0.288308 27.5126 0.0749684 -0.00289916
62.17 13.3989 -0.42969 -0.28791 27.52 0.0749539 -0.00289417
62.18 13.3986 -0.429979 -0.287519 27.5274 0.0749393 -0.00288903
62.19 13.3983 -0.43026 -0.287135 27.5347 0.0749246 -0.00288381
62.2 13.3979 -0.430536 -0.286757 27.5421 0.0749097 -0.00287857
62.21 13.3976 -0.430806 -0.286386 27.5494 0.0748946 -0.00287331
62.22 13.3973 -0.43107 -0.286022 27.5568 0.0748792 -0.00286796
62.23 13.3969 -0.431329 -0.285663 27.5642 0.0748637 -0.00286244
62.24 13.3965 -0.431582 -0.285312 27.5715 0.0748481 -0.00285668
62.25 13.3962 -0.431829 -0.284968 27.5789 0.0748324 -0.0028507
62.26 13.3958 -0.432072 -0.284631 27.5863 0.0748167 -0.00284461
62.27 13.3954 -0.432311 -0.2843 27.5936 0.0748009 -0.00283847
62.28 13.395 -0.432546 -0.283976 27.601 0.0747848 -0.00283232
62.29 13.3946 -0.432776 -0.283657 27.6083 0.0747686 -0.00282614
62.3 13.3941 -0.433001 -0.283345 27.6157 0.0747521 -0.00281983
62.31 13.3937 -0.433222 -0.28304 27.6231 0.0747356 -0.00281332
62.32 13.3933 -0.433436 -0.282741 27.6304 0.074719 -0.00280658
62.33 13.3928 -0.433646 -0.28245 27.6378 0.0747023 -0.00279967
62.34 13.3924 -0.433849 -0.282166 27.6452 0.0746856 -0.00279266
62.35 13.3919 -0.434047 -0.281888 27.6525 0.0746688 -0.00278562
62.36 13.3914 -0.434238 -0.281617 27.6599 0.0746517 -0.00277858
62.37 13.3909 -0.434423 -0.281352 27.6673 0.0746345 -0.00277149
62.38 13.3904 -0.434601 -0.281094 27.6746 0.0746171 -0.00276425
62.39 13.3899 -0.43477 -0.280842 27.682 0.0745996 -0.00275681
62.4 13.3894 -0.434931 -0.280598 27.6893 0.0745821 -0.00274915
62.41 13.3889 -0.435083 -0.280362 27.6967 0.0745646 -0.00274136
62.42 13.3883 -0.435226 -0.280132 27.7041 0.074547 -0.0027335
62.43 13.3878 -0.435361 -0.27991 27.7114 0.0745292 -0.00272565
62.44 13.3872 -0.435487 -0.279694 27.7188 0.0745113 -0.00271778
62.45 13.3867 -0.435603 -0.279484 27.7262 0.0744932 -0.00270984
62.46 13.3861 -0.43571 -0.279282 27.7335 0.0744749 -0.00270175
62.47 13.3855 -0.435807 -0.279086 27.7409 0.0744566 -0.00269345
62.48 13.3849 -0.435893 -0.278898 27.7483 0.0744383 -0.00268498
62.49 13.3843 -0.43597 -0.278717 27.7556 0.07442 -0.00267641
62.5 13.3837 -0.436039 -0.278543 27.763 0.0744016 -0.00266781
62.51 13.3831 -0.436099 -0.278376 27.7704 0.074383 -0.00265922
62.52 13.3825 -0.43615 -0.278215 27.7778 0.0743643 -0.00265065
62.53 13.3819 -0.436194 -0.27806 27.7851 0.0743454 -0.00264203
62.54 13.3812 -0.436229 -0.277912 27.7925 0.0743265 -0.00263324
62.55 13.3806 -0.436256 -0.27777 27.7999 0.0743075 -0.00262418
62.56 13.3799 -0.436276 -0.277636 27.8072 0.0742885 -0.00261493
62.57 13.3792 -0.436289 -0.277508 27.8146 0.0742695 -0.00260563
62.58 13.3786 -0.436297 -0.277386 27.822 0.0742504 -0.0025964
62.59 13.3779 -0.4363 -0.27727 27.8293 0.0742311 -0.0025872
62.6 13.3772 -0.436298 -0.27716 27.8367 0.0742117 -0.00257794
62.61 13.3765 -0.43629 -0.277055 27.8441 0.0741921 -0.00256853
62.62 13.3758 -0.436278 -0.276957 27.8514 0.0741726 -0.00255894
62.63 13.375 -0.436261 -0.276865 27.8588 0.074153 -0.00254921
62.64 13.3743 -0.43624 -0.276779 27.8662 0.0741334 -0.00253939
62.65 13.3736 -0.436215 -0.276699 27.8736 0.0741138 -0.00252955
62.66 13.3728 -0.436187 -0.276625 27.8809 0.0740941 -0.00251969
62.67 13.3721 -0.436156 -0.276557 27.8883 0.0740743 -0.00250981
62.68 13.3713 -0.43612 -0.276493 27.8957 0.0740543 -0.00249988
62.69 13.3706 -0.436081 -0.276436 27.903 0.0740342 -0.00248984
62.7 13.3698 -0.436037 -0.276384 27.9104 0.0740141 -0.00247965
62.71 13.369 -0.435989 -0.276339 27.9178 0.073994 -0.00246932
62.72 13.3682 -0.435936 -0.2763 27.9252 0.073974 -0.0024589
62.73 13.3674 -0.435878 -0.276267 27.9325 0.0739539 -0.00244846
62.74 13.3666 -0.435816 -0.276239 27.9399 0.0739337 -0.00243804
62.75 13.3658 -0.435748 -0.276217 27.9473 0.0739133 -0.00242762
62.76 13.365 -0.435674 -0.2762 27.9547 0.0738928 -0.00241716
62.77 13.3642 -0.435594 -0.276189 27.962 0.0738723 -0.00240663
62.78 13.3633 -0.435507 -0.276185 27.9694 0.0738517 -0.00239596
62.79 13.3625 -0.435411 -0.276187 27.9768 0.0738312 -0.00238509
62.8 13.3617 -0.435309 -0.276195 27.9841 0.0738108 -0.00237414
62.81 13.3608 -0.435198 -0.276209 27.9915 0.0737902 -0.00236319
62.82 13.36 -0.435081 -0.276228 27.9989 0.0737695 -0.00235234
62.83 13.3591 -0.434956 -0.276254 28.0063 0.0737487 -0.00234149
62.84 13.3582 -0.434822 -0.276285 28.0136 0.0737279 -0.00233057
62.85 13.3573 -0.434679 -0.276322 28.021 0.0737069 -0.00231948
62.86 13.3564 -0.434528 -0.276365 28.0284 0.073686 -0.00230826
62.87 13.3555 -0.434369 -0.276414 28.0358 0.0736652 -0.002297
62.88 13.3546 -0.434202 -0.276469 28.0431 0.0736443 -0.00228575
62.89 13.3537 -0.434028 -0.27653 28.0505 0.0736233 -0.00227453
62.9 13.3528 -0.433847 -0.276596 28.0579 0.0736023 -0.0022633
62.91 13.3519 -0.433658 -0.276667 28.0653 0.0735811 -0.00225203
62.92 13.351 -0.433463 -0.276743 28.0727 0.0735599 -0.00224067
62.93 13.35 -0.433261 -0.276825 28.08 0.0735386 -0.00222922
62.94 13.3491 -0.433053 -0.276913 28.0874 0.0735174 -0.00221769
62.95 13.3482 -0.43284 -0.277006 28.0948 0.0734962 -0.00220614
62.96 13.3472 -0.432622 -0.277104 28.1022 0.073475 -0.00219456
62.97 13.3462 -0.432399 -0.277207 28.1095 0.0734538 -0.00218299
62.98 13.3453 -0.432173 -0.277315 28.1169 0.0734324 -0.00217141
62.99 13.3443 -0.431943 -0.277427 28.1243 0.0734109 -0.0021598
63 13.3433 -0.431709 -0.277544 28.1317 0.0733894 -0.00214812
63.01 13.3424 -0.431473 -0.277666 28.1391 0.0733679 -0.00213634
63.02 13.3414 -0.431233 -0.277793 28.1464 0.0733465 -0.00212449
63.03 13.3404 -0.43099 -0.277925 28.1538 0.0733251 -0.0021126
63.04 13.3394 -0.430746 -0.278062 28.1612 0.0733036 -0.00210073
63.05 13.3384 -0.430499 -0.278203 28.1686 0.0732821 -0.00208886
63.06 13.3374 -0.43025 -0.278348 28.1759 0.0732605 -0.00207698
63.07 13.3363 -0.429999 -0.278498 28.1833 0.0732388 -0.00206504
63.08 13.3353 -0.429745 -0.278652 28.1907 0.0732171 -0.00205302
63.09 13.3343 -0.429488 -0.278811 28.1981 0.0731954 -0.00204092
63.1 13.3333 -0.429228 -0.278975 28.2055 0.0731738 -0.00202878
63.11 13.3322 -0.428965 -0.279143 28.2128 0.0731522 -0.00201664
63.12 13.3312 -0.428699 -0.279316 28.2202 0.0731306 -0.00200449
63.13 13.3301 -0.428429 -0.279494 28.2276 0.0731088 -0.00199234
63.14 13.3291 -0.428154 -0.279676 28.235 0.073087 -0.00198016
63.15 13.328 -0.427876 -0.279862 28.2424 0.0730652 -0.00196793
63.16 13.327 -0.427592 -0.280053 28.2498 0.0730433 -0.00195564
63.17 13.3259 -0.427303 -0.280249 28.2571 0.0730215 -0.00194331
63.18 13.3248 -0.427009 -0.28045 28.2645 0.0729997 -0.00193094
63.19 13.3238 -0.426708 -0.280656 28.2719 0.072978 -0.00191857
63.2 13.3227 -0.426403 -0.280866 28.2793 0.0729562 -0.00190619
63.21 13.3216 -0.426091 -0.281081 28.2867 0.0729343 -0.00189381
63.22 13.3205 -0.425772 -0.2813 28.2941 0.0729123 -0.0018814
63.23 13.3194 -0.425448 -0.281524 28.3014 0.0728903 -0.00186896
63.24 13.3183 -0.425117 -0.281752 28.3088 0.0728684 -0.00185646
63.25 13.3172 -0.424779 -0.281985 28.3162 0.0728465 -0.00184393
63.26 13.3161 -0.424436 -0.282223 28.3236 0.0728246 -0.0018314
63.27 13.3149 -0.424087 -0.282465 28.331 0.0728027 -0.00181886
63.28 13.3138 -0.423732 -0.282711 28.3384 0.0727807 -0.00180633
63.29 13.3127 -0.423371 -0.282961 28.3457 0.0727587 -0.00179375
63.3 13.3116 -0.423005 -0.283215 28.3531 0.0727366 -0.00178113
63.31 13.3104 -0.422634 -0.283473 28.3605 0.0727146 -0.00176848
63.32 13.3093 -0.422259 -0.283736 28.3679 0.0726926 -0.00175582
63.33 13.3081 -0.42188 -0.284002 28.3753 0.0726706 -0.00174314
63.34 13.307 -0.421497 -0.284273 28.3827 0.0726487 -0.00173044
63.35 13.3058 -0.421112 -0.284547 28.39 0.0726268 -0.00171771
63.36 13.3047 -0.420723 -0.284824 28.3974 0.0726047 -0.00170498
63.37 13.3035 -0.420333 -0.285104 28.4048 0.0725827 -0.00169222
63.38 13.3023 -0.41994 -0.285388 28.4122 0.0725606 -0.00167942
63.39 13.3011 -0.419546 -0.285676 28.4196 0.0725385 -0.0016666
63.4 13.3 -0.419151 -0.285966 28.427 0.0725165 -0.00165375
63.41 13.2988 -0.418754 -0.28626 28.4344 0.0724945 -0.00164089
63.42 13.2976 -0.418357 -0.286558 28.4417 0.0724725 -0.001628
63.43 13.2964 -0.417959 -0.286858 28.4491 0.0724505 -0.0016151
63.44 13.2952 -0.41756 -0.287162 28.4565 0.0724285 -0.00160216
63.45 13.294 -0.417161 -0.287468 28.4639 0.0724064 -0.0015892
63.46 13.2928 -0.41676 -0.287777 28.4713 0.0723842 -0.0015762
63.47 13.2916 -0.416359 -0.288089 28.4787 0.0723622 -0.00156319
63.48 13.2904 -0.415957 -0.288405 28.4861 0.0723401 -0.00155018
63.49 13.2892 -0.415553 -0.288724 28.4935 0.0723181 -0.00153715
63.5 13.2879 -0.415148 -0.289046 28.5008 0.0722962 -0.00152411
63.51 13.2867 -0.414741 -0.289371 28.5082 0.0722741 -0.00151101
63.52 13.2855 -0.414332 -0.289698 28.5156 0.0722521 -0.00149789
63.53 13.2843 -0.41392 -0.290029 28.523 0.0722299 -0.00148474
63.54 13.283 -0.413506 -0.290362 28.5304 0.0722078 -0.0014716
63.55 13.2818 -0.413088 -0.290699 28.5378 0.0721858 -0.00145846
63.56 13.2805 -0.412667 -0.291039 28.5452 0.0721638 -0.00144532
63.57 13.2793 -0.412242 -0.291383 28.5526 0.0721418 -0.00143215
63.58 13.278 -0.411813 -0.29173 28.56 0.0721198 -0.00141896
63.59 13.2768 -0.41138 -0.292079 28.5674 0.0720978 -0.00140575
63.6 13.2755 -0.410943 -0.292431 28.5747 0.0720757 -0.00139257
63.61 13.2743 -0.410502 -0.292787 28.5821 0.0720536 -0.00137938
63.62 13.273 -0.410055 -0.293145 28.5895 0.0720315 -0.00136613
63.63 13.2717 -0.409605 -0.293506 28.5969 0.0720095 -0.00135285
63.64 13.2704 -0.40915 -0.293871 28.6043 0.0719875 -0.00133957
63.65 13.2692 -0.40869 -0.294239 28.6117 0.0719656 -0.00132633
63.66 13.2679 -0.408227 -0.294609 28.6191 0.0719436 -0.00131308
63.67 13.2666 -0.40776 -0.294982 28.6265 0.0719216 -0.0012998
63.68 13.2653 -0.407289 -0.295357 28.6339 0.0718996 -0.00128644
63.69 13.264 -0.406816 -0.295735 28.6413 0.0718776 -0.00127307
63.7 13.2627 -0.406339 -0.296116 28.6486 0.0718556 -0.00125972
63.71 13.2614 -0.405861 -0.296499 28.656 0.0718336 -0.00124643
63.72 13.2601 -0.40538 -0.296884 28.6634 0.0718117 -0.00123315
63.73 13.2588 -0.404898 -0.297272 28.6708 0.0717898 -0.00121983
63.74 13.2575 -0.404415 -0.297661 28.6782 0.0717679 -0.00120644
63.75 13.2562 -0.403931 -0.298053 28.6856 0.071746 -0.00119298
63.76 13.2549 -0.403447 -0.298446 28.693 0.071724 -0.00117952
63.77 13.2536 -0.402963 -0.298841 28.7004 0.0717021 -0.00116608
63.78 13.2523 -0.402479 -0.299238 28.7078 0.0716802 -0.0011527
63.79 13.251 -0.401996 -0.299637 28.7152 0.0716584 -0.00113933
63.8 13.2497 -0.401514 -0.300038 28.7226 0.0716366 -0.00112595
63.81 13.2483 -0.401033 -0.30044 28.73 0.0716147 -0.0011125
63.82 13.247 -0.400553 -0.300844 28.7374 0.0715929 -0.00109898
63.83 13.2457 -0.400074 -0.30125 28.7448 0.0715711 -0.00108542
63.84 13.2444 -0.399596 -0.301657 28.7522 0.0715492 -0.00107189
63.85 13.243 -0.399119 -0.302065 28.7595 0.0715274 -0.0010584
63.86 13.2417 -0.398643 -0.302475 28.7669 0.0715056 -0.00104495
63.87 13.2404 -0.398168 -0.302887 28.7743 0.0714839 -0.00103152
63.88 13.239 -0.397694 -0.303301 28.7817 0.0714622 -0.00101804
63.89 13.2377 -0.397219 -0.303716 28.7891 0.0714405 -0.00100451
63.9 13.2363 -0.396744 -0.304132 28.7965 0.0714188 -0.000990923
63.91 13.235 -0.396269 -0.30455 28.8039 0.0713971 -0.000977332
63.92 13.2337 -0.395793 -0.30497 28.8113 0.0713754 -0.000963764
63.93 13.2323 -0.395316 -0.305391 28.8187 0.0713537 -0.000950261
63.94 13.231 -0.394839 -0.305814 28.8261 0.0713321 -0.000936801
63.95 13.2296 -0.394359 -0.306239 28.8335 0.0713105 -0.000923352
63.96 13.2283 -0.393878 -0.306665 28.8409 0.0712889 -0.000909862
63.97 13.2269 -0.393394 -0.307093 28.8483 0.0712673 -0.00089631
63.98 13.2255 -0.392907 -0.307523 28.8557 0.0712458 -0.000882712
63.99 13.2242 -0.392419 -0.307954 28.8631 0.0712242 -0.000869111
64 13.2228 -0.391927 -0.308386 28.8705 0.0712027 -0.000855568
64.01 13.2214 -0.391434 -0.308821 28.8779 0.0711812 -0.000842097
64.02 13.2201 -0.390938 -0.309256 28.8853 0.0711597 -0.000828688
64.03 13.2187 -0.39044 -0.309693 28.8927 0.0711383 -0.000815272
64.04 13.2173 -0.389939 -0.310131 28.9001 0.0711169 -0.000801796
64.05 13.216 -0.389436 -0.310571 28.9075 0.0710955 -0.000788231
64.06 13.2146 -0.388931 -0.311011 28.9149 0.0710742 -0.000774631
64.07 13.2132 -0.388424 -0.311453 28.9223 0.0710528 -0.00076106
64.08 13.2119 -0.387916 -0.311896 28.9297 0.0710315 -0.000747582
64.09 13.2105 -0.387408 -0.31234 28.9371 0.0710102 -0.000734186
64.1 13.2091 -0.3869 -0.312784 28.9445 0.0709889 -0.000720829
64.11 13.2077 -0.386391 -0.313229 28.9519 0.0709676 -0.00070744
64.12 13.2064 -0.385882 -0.313675 28.9593 0.0709464 -0.000693964
64.13 13.205 -0.385373 -0.314122 28.9667 0.0709251 -0.000680407
64.14 13.2036 -0.384865 -0.31457 28.9741 0.070904 -0.000666834
64.15 13.2022 -0.384359 -0.315017 28.9815 0.0708828 -0.000653333
64.16 13.2008 -0.383854 -0.315466 28.9889 0.0708617 -0.000639931
64.17 13.1995 -0.383352 -0.315914 28.9963 0.0708406 -0.000626617
64.18 13.1981 -0.382853 -0.316364 29.0037 0.0708195 -0.000613314
64.19 13.1967 -0.382355 -0.316813 29.0111 0.0707984 -0.000599963
64.2 13.1953 -0.38186 -0.317263 29.0185 0.0707773 -0.000586523
64.21 13.1939 -0.381367 -0.317713 29.0259 0.0707563 -0.000573035
64.22 13.1925 -0.380876 -0.318163 29.0333 0.0707353 -0.000559568
64.23 13.1912 -0.380389 -0.318613 29.0407 0.0707143 -0.000546195
64.24 13.1898 -0.379904 -0.319064 29.0481 0.0706933 -0.000532939
64.25 13.1884 -0.379423 -0.319515 29.0555 0.0706724 -0.000519757
64.26 13.187 -0.378943 -0.319966 29.0629 0.0706514 -0.000506585
64.27 13.1856 -0.378465 -0.320418 29.0703 0.0706305 -0.000493343
64.28 13.1842 -0.377988 -0.32087 29.0777 0.0706096 -0.000480029
64.29 13.1828 -0.377512 -0.321322 29.0851 0.0705888 -0.000466689
64.3 13.1814 -0.377037 -0.321775 29.0925 0.0705679 -0.000453416
64.31 13.18 -0.376564 -0.322228 29.0999 0.0705471 -0.000440259
64.32 13.1787 -0.376091 -0.322681 29.1073 0.0705264 -0.000427234
64.33 13.1773 -0.375619 -0.323135 29.1147 0.0705056 -0.000414277
64.34 13.1759 -0.375146 -0.323589 29.1221 0.0704848 -0.000401311
64.35 13.1745 -0.374673 -0.324044 29.1295 0.0704641 -0.000388262
64.36 13.1731 -0.374198 -0.324499 29.1369 0.0704435 -0.000375146
64.37 13.1717 -0.373722 -0.324955 29.1443 0.0704228 -0.000362041
64.38 13.1703 -0.373245 -0.325411 29.1517 0.0704022 -0.000349042
64.39 13.1689 -0.372768 -0.325868 29.1591 0.0703816 -0.000336197
64.4 13.1675 -0.372289 -0.326325 29.1665 0.0703611 -0.000323471
64.41 13.1661 -0.37181 -0.326782 29.1739 0.0703405 -0.000310786
64.42 13.1647 -0.371329 -0.327239 29.1813 0.07032 -0.00029805
64.43 13.1634 -0.370847 -0.327697 29.1887 0.0702995 -0.000285245
64.44 13.162 -0.370364 -0.328155 29.1961 0.0702791 -0.000272397
64.45 13.1606 -0.36988 -0.328612 29.2035 0.0702587 -0.000259601
64.46 13.1592 -0.369397 -0.32907 29.2109 0.0702383 -0.000246928
64.47 13.1578 -0.368914 -0.329528 29.2183 0.070218 -0.00023441
64.48 13.1564 -0.368432 -0.329985 29.2257 0.0701976 -0.000222004
64.49 13.155 -0.36795 -0.330442 29.2331 0.0701773 -0.000209622
64.5 13.1537 -0.367469 -0.330899 29.2405 0.070157 -0.000197144
64.51 13.1523 -0.366989 -0.331355 29.2479 0.0701367 -0.000184517
64.52 13.1509 -0.366511 -0.331811 29.2553 0.0701165 -0.000171886
64.53 13.1495 -0.366036 -0.332266 29.2628 0.0700963 -0.000159427
64.54 13.1481 -0.365564 -0.332721 29.2702 0.0700762 -0.000147193
64.55 13.1467 -0.365095 -0.333175 29.2776 0.0700561 -0.000135099
64.56 13.1454 -0.364629 -0.333628 29.285 0.070036 -0.00012303
64.57 13.144 -0.364167 -0.33408 29.2924 0.0700158 -0.000110915
64.58 13.1426 -0.363707 -0.334532 29.2998 0.0699958 -9.87418e-05
64.59 13.1412 -0.363251 -0.334983 29.3072 0.0699757 -8.65474e-05
64.6 13.1399 -0.362799 -0.335434 29.3146 0.0699558 -7.43961e-05
64.61 13.1385 -0.362351 -0.335883 29.322 0.0699358 -6.23552e-05
64.62 13.1371 -0.361907 -0.336332 29.3294 0.0699159 -5.04745e-05
64.63 13.1358 -0.361467 -0.336781 29.3368 0.069896 -3.87455e-05
64.64 13.1344 -0.36103 -0.337228 29.3442 0.0698761 -2.7097e-05
64.65 13.133 -0.360596 -0.337675 29.3516 0.0698562 -1.54298e-05
64.66 13.1317 -0.360165 -0.338122 29.359 0.0698364 -3.69007e-06
64.67 13.1303 -0.359736 -0.338568 29.3664 0.0698166 8.0896e-06
64.68 13.1289 -0.359309 -0.339013 29.3739 0.0697969 1.98032e-05
64.69 13.1276 -0.358884 -0.339459 29.3813 0.0697772 3.13471e-05
64.7 13.1262 -0.358462 -0.339904 29.3887 0.0697575 4.26906e-05
64.71 13.1249 -0.358041 -0.340348 29.3961 0.0697379 5.38821e-05
64.72 13.1235 -0.357622 -0.340792 29.4035 0.0697182 6.50316e-05
64.73 13.1222 -0.357202 -0.341235 29.4109 0.0696986 7.62301e-05
64.74 13.1208 -0.356782 -0.341679 29.4183 0.0696791 8.75035e-05
64.75 13.1195 -0.356362 -0.342122 29.4257 0.0696596 9.87772e-05
64.76 13.1181 -0.355942 -0.342566 29.4331 0.0696402 0.000109934
64.77 13.1168 -0.355522 -0.343009 29.4405 0.0696208 0.000120888
64.78 13.1154 -0.355103 -0.343451 29.4479 0.0696014 0.000131636
64.79 13.1141 -0.354683 -0.343893 29.4553 0.069582 0.000142265
64.8 13.1127 -0.354263 -0.344335 29.4627 0.0695627 0.000152889
64.81 13.1114 -0.353842 -0.344776 29.4702 0.0695434 0.000163587
64.82 13.1101 -0.35342 -0.345217 29.4776 0.0695241 0.000174335
64.83 13.1087 -0.352999 -0.345658 29.485 0.0695049 0.000185032
64.84 13.1074 -0.352578 -0.346098 29.4924 0.0694858 0.000195568
64.85 13.1061 -0.352158 -0.346538 29.4998 0.0694667 0.000205888
64.86 13.1047 -0.35174 -0.346977 29.5072 0.0694476 0.000216027
64.87 13.1034 -0.351323 -0.347414 29.5146 0.0694285 0.000226082
64.88 13.1021 -0.350908 -0.347851 29.522 0.0694094 0.00023615
64.89 13.1008 -0.350494 -0.348288 29.5294 0.0693904 0.000246283
64.9 13.0995 -0.350082 -0.348723 29.5368 0.0693715 0.000256436
64.91 13.0981 -0.349672 -0.349158 29.5443 0.0693526 0.000266505
64.92 13.0968 -0.349267 -0.349592 29.5517 0.0693338 0.000276381
64.93 13.0955 -0.348865 -0.350025 29.5591 0.069315 0.000286024
64.94 13.0942 -0.348468 -0.350456 29.5665 0.0692961 0.000295493
64.95 13.0929 -0.348075 -0.350886 29.5739 0.0692773 0.000304905
64.96 13.0916 -0.347685 -0.351315 29.5813 0.0692585 0.000314364
64.97 13.0903 -0.347298 -0.351743 29.5887 0.0692398 0.000323879
64.98 13.089 -0.346916 -0.35217 29.5961 0.0692212 0.000333372
64.99 13.0877 -0.346539 -0.352596 29.6036 0.0692026 0.000342718
65 13.0864 -0.346166 -0.353021 29.611 0.0691841 0.000351838
65.01 13.0851 -0.345798 -0.353444 29.6184 0.0691656 0.000360734
65.02 13.0838 -0.345435 -0.353866 29.6258 0.069147 0.000369483
65.03 13.0825 -0.345075 -0.354287 29.6332 0.0691284 0.000378196
65.04 13.0812 -0.344717 -0.354707 29.6406 0.0691098 0.000386954
65.05 13.0799 -0.344362 -0.355126 29.648 0.0690914 0.000395762
65.06 13.0787 -0.344009 -0.355544 29.6554 0.0690731 0.000404518
65.07 13.0774 -0.34366 -0.355962 29.6629 0.0690549 0.000413088
65.08 13.0761 -0.343313 -0.356379 29.6703 0.0690366 0.000421401
65.09 13.0748 -0.342968 -0.356795 29.6777 0.0690184 0.000429495
65.1 13.0735 -0.342625 -0.35721 29.6851 0.0690001 0.000437486
65.11 13.0723 -0.342282 -0.357624 29.6925 0.0689819 0.000445482
65.12 13.071 -0.341939 -0.358037 29.6999 0.0689637 0.000453529
65.13 13.0697 -0.341596 -0.358451 29.7073 0.0689456 0.000461573
65.14 13.0684 -0.341253 -0.358863 29.7147 0.0689276 0.00046951
65.15 13.0672 -0.34091 -0.359276 29.7222 0.0689097 0.00047724
65.16 13.0659 -0.340568 -0.359687 29.7296 0.0688917 0.000484731
65.17 13.0646 -0.340226 -0.360098 29.737 0.0688737 0.000492035
65.18 13.0634 -0.339884 -0.360508 29.7444 0.0688557 0.000499253
65.19 13.0621 -0.339541 -0.360917 29.7518 0.0688377 0.000506492
65.2 13.0609 -0.339197 -0.361326 29.7592 0.0688198 0.000513779
65.21 13.0596 -0.338853 -0.361735 29.7666 0.068802 0.000521069
65.22 13.0584 -0.338509 -0.362142 29.7741 0.0687842 0.000528261
65.23 13.0571 -0.338166 -0.36255 29.7815 0.0687665 0.000535206
65.24 13.0559 -0.337824 -0.362956 29.7889 0.0687487 0.000541845
65.25 13.0546 -0.337484 -0.363361 29.7963 0.068731 0.000548281
65.26 13.0534 -0.337145 -0.363765 29.8037 0.0687132 0.000554695
65.27 13.0522 -0.336807 -0.364168 29.8111 0.0686955 0.000561198
65.28 13.0509 -0.336471 -0.364571 29.8186 0.0686778 0.00056775
65.29 13.0497 -0.336136 -0.364972 29.826 0.0686603 0.000574219
65.3 13.0485 -0.335805 -0.365373 29.8334 0.0686428 0.000580472
65.31 13.0472 -0.335478 -0.365773 29.8408 0.0686252 0.000586466
65.32 13.046 -0.335155 -0.366171 29.8482 0.0686077 0.000592245
65.33 13.0448 -0.334836 -0.366568 29.8556 0.0685901 0.000597922
65.34 13.0436 -0.33452 -0.366963 29.863 0.0685725 0.00060359
65.35 13.0423 -0.334207 -0.367358 29.8705 0.0685551 0.000609288
65.36 13.0411 -0.333898 -0.367752 29.8779 0.0685377 0.000614972
65.37 13.0399 -0.333594 -0.368145 29.8853 0.0685203 0.000620536
65.38 13.0387 -0.333293 -0.368537 29.8927 0.0685031 0.000625893
65.39 13.0375 -0.332998 -0.368927 29.9001 0.0684858 0.000631003
65.4 13.0363 -0.332707 -0.369317 29.9076 0.0684684 0.00063592
65.41 13.035 -0.332419 -0.369705 29.915 0.0684511 0.000640745
65.42 13.0338 -0.332135 -0.370092 29.9224 0.0684338 0.000645571
65.43 13.0326 -0.331853 -0.370478 29.9298 0.0684165 0.000650425
65.44 13.0314 -0.331573 -0.370864 29.9372 0.0683994 0.000655248
65.45 13.0302 -0.331296 -0.37125 29.9446 0.0683824 0.00065993
65.46 13.029 -0.331022 -0.371634 29.9521 0.0683653 0.000664379
65.47 13.0278 -0.33075 -0.372018 29.9595 0.0683483 0.000668583
65.48 13.0266 -0.330479 -0.3724 29.9669 0.0683312 0.000672616
65.49 13.0254 -0.33021 -0.372782 29.9743 0.0683141 0.000676595
65.5 13.0243 -0.32994 -0.373164 29.9817 0.068297 0.000680606
65.51 13.0231 -0.32967 -0.373545 29.9891 0.0682801 0.00068464
65.52 13.0219 -0.329399 -0.373925 29.9966 0.0682633 0.000688607
65.53 13.0207 -0.329129 -0.374306 30.004 0.0682465 0.000692389
65.54 13.0195 -0.32886 -0.374685 30.0114 0.0682297 0.000695917
65.55 13.0183 -0.32859 -0.375064 30.0188 0.0682128 0.000699227
65.56 13.0172 -0.32832 -0.375442 30.0262 0.068196 0.000702412
65.57 13.016 -0.328048 -0.37582 30.0337 0.0681791 0.000705583
65.58 13.0148 -0.327776 -0.376197 30.0411 0.0681623 0.000708781
65.59 13.0136 -0.327503 -0.376574 30.0485 0.0681457 0.000711966
65.6 13.0125 -0.32723 -0.376951 30.0559 0.0681291 0.00071504
65.61 13.0113 -0.326957 -0.377327 30.0633 0.0681125 0.000717906
65.62 13.0101 -0.326685 -0.377702 30.0708 0.0680959 0.000720527
65.63 13.009 -0.326414 -0.378076 30.0782 0.0680793 0.000722945
65.64 13.0078 -0.326144 -0.378449 30.0856 0.0680626 0.00072527
65.65 13.0066 -0.325875 -0.378822 30.093 0.068046 0.000727593
65.66 13.0055 -0.325607 -0.379194 30.1004 0.0680294 0.000729942
65.67 13.0043 -0.325341 -0.379566 30.1079 0.068013 0.000732247
65.68 13.0032 -0.325077 -0.379937 30.1153 0.0679966 0.000734396
65.69 13.002 -0.324816 -0.380307 30.1227 0.0679802 0.000736309
65.7 13.0008 -0.324559 -0.380676 30.1301 0.0679638 0.000737984
65.71 12.9997 -0.324306 -0.381044 30.1375 0.0679473 0.000739495
65.72 12.9985 -0.324055 -0.381411 30.145 0.0679308 0.000740945
65.73 12.9974 -0.323808 -0.381777 30.1524 0.0679144 0.000742402
65.74 12.9962 -0.323564 -0.382143 30.1598 0.0678981 0.000743859
65.75 12.9951 -0.323324 -0.382508 30.1672 0.0678819 0.00074524
65.76 12.9939 -0.323088 -0.382873 30.1746 0.0678657 0.000746441
65.77 12.9928 -0.322856 -0.383237 30.1821 0.0678495 0.000747423
65.78 12.9917 -0.322628 -0.383599 30.1895 0.0678333 0.00074822
65.79 12.9905 -0.322404 -0.383961 30.1969 0.067817 0.000748878
65.8 12.9894 -0.322182 -0.384322 30.2043 0.0678008 0.000749451
65.81 12.9882 -0.321964 -0.384682 30.2117 0.0677846 0.000750006
65.82 12.9871 -0.321747 -0.385043 30.2192 0.0677685 0.000750555
65.83 12.9859 -0.321533 -0.385403 30.2266 0.0677525 0.000751035
65.84 12.9848 -0.321321 -0.385763 30.234 0.0677365 0.000751337
65.85 12.9837 -0.321111 -0.386122 30.2414 0.0677205 0.000751396
65.86 12.9825 -0.320903 -0.38648 30.2489 0.0677044 0.00075124
65.87 12.9814 -0.320696 -0.386838 30.2563 0.0676883 0.000750973
65.88 12.9803 -0.320489 -0.387196 30.2637 0.0676722 0.000750711
65.89 12.9791 -0.320281 -0.387554 30.2711 0.0676562 0.000750478
65.9 12.978 -0.320073 -0.387912 30.2785 0.0676403 0.000750208
65.91 12.9769 -0.319864 -0.38827 30.286 0.0676245 0.000749786
65.92 12.9757 -0.319655 -0.388628 30.2934 0.0676086 0.000749135
65.93 12.9746 -0.319447 -0.388986 30.3008 0.0675927 0.000748258
65.94 12.9735 -0.319237 -0.389343 30.3082 0.0675767 0.000747228
65.95 12.9723 -0.319027 -0.3897 30.3157 0.0675608 0.00074614
65.96 12.9712 -0.318815 -0.390057 30.3231 0.0675448 0.000745046
65.97 12.9701 -0.318602 -0.390414 30.3305 0.067529 0.000743937
65.98 12.969 -0.318388 -0.390771 30.3379 0.0675132 0.000742735
65.99 12.9678 -0.318175 -0.391128 30.3453 0.0674974 0.000741359
66 12.9667 -0.317961 -0.391485 30.3528 0.0674816 0.000739763
66.01 12.9656 -0.317748 -0.391841 30.3602 0.0674658 0.000737969
66.02 12.9645 -0.317536 -0.392197 30.3676 0.0674499 0.000736043
66.03 12.9633 -0.317324 -0.392552 30.375 0.067434 0.000734053
66.04 12.9622 -0.317113 -0.392908 30.3825 0.0674181 0.000732043
66.05 12.9611 -0.316904 -0.393263 30.3899 0.0674024 0.000729991
66.06 12.96 -0.316696 -0.393618 30.3973 0.0673867 0.000727843
66.07 12.9589 -0.31649 -0.393973 30.4047 0.0673709 0.000725536
66.08 12.9577 -0.316287 -0.394327 30.4122 0.0673552 0.000723005
66.09 12.9566 -0.316088 -0.39468 30.4196 0.0673394 0.000720237
66.1 12.9555 -0.315892 -0.395033 30.427 0.0673235 0.000717326
66.11 12.9544 -0.315698 -0.395385 30.4344 0.0673077 0.000714389
66.12 12.9533 -0.315507 -0.395737 30.4419 0.0672919 0.000711463
66.13 12.9521 -0.315319 -0.396089 30.4493 0.0672763 0.000708481
66.14 12.951 -0.315135 -0.396441 30.4567 0.0672606 0.000705343
66.15 12.9499 -0.314954 -0.396792 30.4641 0.067245 0.000701982
66.16 12.9488 -0.314777 -0.397143 30.4716 0.0672293 0.000698412
66.17 12.9477 -0.314603 -0.397493 30.479 0.0672135 0.000694695
66.18 12.9466 -0.314432 -0.397843 30.4864 0.0671977 0.000690908
66.19 12.9454 -0.314263 -0.398192 30.4938 0.0671819 0.000687087
66.2 12.9443 -0.314096 -0.398542 30.5013 0.0671663 0.000683213
66.21 12.9432 -0.313931 -0.398892 30.5087 0.0671506 0.000679231
66.22 12.9421 -0.313768 -0.399243 30.5161 0.067135 0.000675083
66.23 12.941 -0.313607 -0.399593 30.5235 0.0671194 0.000670746
66.24 12.9399 -0.313447 -0.399943 30.531 0.0671037 0.000666234
66.25 12.9388 -0.313287 -0.400292 30.5384 0.0670879 0.000661597
66.26 12.9376 -0.313127 -0.400642 30.5458 0.0670722 0.000656875
66.27 12.9365 -0.312967 -0.400993 30.5532 0.0670564 0.000652096
66.28 12.9354 -0.312806 -0.401344 30.5607 0.0670408 0.000647243
66.29 12.9343 -0.312645 -0.401695 30.5681 0.0670252 0.00064227
66.3 12.9332 -0.312483 -0.402047 30.5755 0.0670096 0.000637129
66.31 12.9321 -0.31232 -0.402399 30.5829 0.0669939 0.000631802
66.32 12.931 -0.312156 -0.402752 30.5904 0.0669782 0.000626307
66.33 12.9299 -0.311991 -0.403104 30.5978 0.0669624 0.000620686
66.34 12.9287 -0.311824 -0.403457 30.6052 0.0669466 0.000614977
66.35 12.9276 -0.311657 -0.40381 30.6126 0.0669309 0.000609198
66.36 12.9265 -0.311488 -0.404165 30.6201 0.0669152 0.000603327
66.37 12.9254 -0.311318 -0.40452 30.6275 0.0668996 0.000597311
66.38 12.9243 -0.311149 -0.404875 30.6349 0.0668839 0.000591114
66.39 12.9232 -0.310979 -0.40523 30.6424 0.0668682 0.000584729
66.4 12.9221 -0.310809 -0.405586 30.6498 0.0668524 0.000578188
66.41 12.921 -0.31064 -0.405941 30.6572 0.0668366 0.00057153
66.42 12.9199 -0.310471 -0.406297 30.6646 0.0668208 0.000564789
66.43 12.9187 -0.310303 -0.406654 30.6721 0.0668051 0.000557958
66.44 12.9176 -0.310136 -0.407011 30.6795 0.0667894 0.000551006
66.45 12.9165 -0.309971 -0.407368 30.6869 0.0667737 0.000543889
66.46 12.9154 -0.309808 -0.407726 30.6943 0.0667581 0.000536591
66.47 12.9143 -0.309648 -0.408083 30.7018 0.0667423 0.000529127
66.48 12.9132 -0.309491 -0.408441 30.7092 0.0667265 0.000521531
66.49 12.9121 -0.309336 -0.408798 30.7166 0.0667107 0.000513825
66.5 12.911 -0.309184 -0.409156 30.7241 0.0666949 0.000506016
66.51 12.9098 -0.309035 -0.409514 30.7315 0.0666792 0.000498096
66.52 12.9087 -0.30889 -0.409873 30.7389 0.0666635 0.00049004
66.53 12.9076 -0.308747 -0.410232 30.7463 0.0666478 0.000481836
66.54 12.9065 -0.308608 -0.410591 30.7538 0.0666321 0.000473476
66.55 12.9054 -0.308472 -0.41095 30.7612 0.0666164 0.000464967
66.56 12.9043 -0.308338 -0.41131 30.7686 0.0666005 0.000456319
66.57 12.9032 -0.308207 -0.411669 30.7761 0.0665847 0.000447562
66.58 12.9021 -0.308079 -0.41203 30.7835 0.066569 0.000438697
66.59 12.9009 -0.307952 -0.412391 30.7909 0.0665532 0.000429716
66.6 12.8998 -0.307827 -0.412753 30.7983 0.0665376 0.0004206
66.61 12.8987 -0.307703 -0.413116 30.8058 0.0665219 0.000411341
66.62 12.8976 -0.307581 -0.413479 30.8132 0.0665061 0.000401936
66.63 12.8965 -0.307459 -0.413843 30.8206 0.0664903 0.000392388
66.64 12.8954 -0.307338 -0.414207 30.8281 0.0664745 0.000382711
66.65 12.8943 -0.307217 -0.414572 30.8355 0.0664587 0.000372918
66.66 12.8932 -0.307095 -0.414939 30.8429 0.0664429 0.000363046
66.67 12.8921 -0.306973 -0.415306 30.8503 0.0664272 0.000353104
66.68 12.8909 -0.30685 -0.415675 30.8578 0.0664115 0.000343016
66.69 12.8898 -0.306726 -0.416045 30.8652 0.0663957 0.000332701
66.7 12.8887 -0.306602 -0.416416 30.8726 0.0663799 0.000322199
66.71 12.8876 -0.306477 -0.416787 30.8801 0.0663641 0.000311581
66.72 12.8865 -0.306351 -0.417159 30.8875 0.0663482 0.000300903
66.73 12.8854 -0.306223 -0.417533 30.8949 0.0663324 0.000290139
66.74 12.8843 -0.306095 -0.417908 30.9023 0.0663166 0.000279237
66.75 12.8832 -0.305966 -0.418284 30.9098 0.0663008 0.000268159
66.76 12.882 -0.305836 -0.418661 30.9172 0.0662851 0.000256925
66.77 12.8809 -0.305707 -0.419039 30.9246 0.0662693 0.00024558
66.78 12.8798 -0.305577 -0.419418 30.9321 0.0662535 0.000234144
66.79 12.8787 -0.305447 -0.419798 30.9395 0.0662376 0.00022261
66.8 12.8776 -0.305319 -0.420179 30.9469 0.0662217 0.000210934
66.81 12.8765 -0.305191 -0.420561 30.9544 0.0662059 0.000199103
66.82 12.8754 -0.305065 -0.420944 30.9618 0.0661901 0.000187123
66.83 12.8742 -0.30494 -0.421328 30.9692 0.0661743 0.000175037
66.84 12.8731 -0.304817 -0.421712 30.9767 0.0661586 0.000162855
66.85 12.872 -0.304696 -0.422098 30.9841 0.0661428 0.000150582
66.86 12.8709 -0.304578 -0.422484 30.9915 0.0661269 0.000138193
66.87 12.8698 -0.304463 -0.422871 30.9989 0.066111 0.000125665
66.88 12.8687 -0.304351 -0.423258 31.0064 0.0660951 0.000112996
66.89 12.8676 -0.304242 -0.423647 31.0138 0.0660793 0.000100209
66.9 12.8664 -0.304136 -0.424037 31.0212 0.0660635 8.73224e-05
66.91 12.8653 -0.304034 -0.424427 31.0287 0.0660478 7.43322e-05
66.92 12.8642 -0.303935 -0.424819 31.0361 0.066032 6.1244e-05
66.93 12.8631 -0.303839 -0.425211 31.0435 0.0660161 4.80531e-05
66.94 12.862 -0.303746 -0.425604 31.051 0.0660002 3.47653e-05
66.95 12.8609 -0.303655 -0.425998 31.0584 0.0659843 2.13657e-05
66.96 12.8598 -0.303568 -0.426393 31.0658 0.0659685 7.85345e-06
66.97 12.8587 -0.303483 -0.426789 31.0733 0.0659526 -5.78828e-06
66.98 12.8576 -0.303401 -0.427187 31.0807 0.0659368 -1.95398e-05
66.99 12.8565 -0.30332 -0.427586 31.0881 0.065921 -3.33897e-05
67 12.8554 -0.303241 -0.427987 31.0956 0.0659052 -4.73092e-05
67.01 12.8542 -0.303162 -0.428388 31.103 0.0658893 -6.1297e-05
67.02 12.8531 -0.303085 -0.428791 31.1104 0.0658734 -7.53669e-05
67.03 12.852 -0.303009 -0.429195 31.1178 0.0658576 -8.95371e-05
67.04 12.8509 -0.302933 -0.429602 31.1253 0.0658417 -0.000103851
67.05 12.8498 -0.302858 -0.43001 31.1327 0.0658259 -0.000118308
67.06 12.8487 -0.302783 -0.430419 31.1401 0.0658101 -0.000132878
67.07 12.8476 -0.302707 -0.43083 31.1476 0.0657943 -0.000147499
67.08 12.8465 -0.302631 -0.431243 31.155 0.0657784 -0.00016216
67.09 12.8455 -0.302555 -0.431657 31.1624 0.0657626 -0.000176871
67.1 12.8444 -0.302478 -0.432073 31.1699 0.0657466 -0.000191688
67.11 12.8433 -0.302401 -0.43249 31.1773 0.0657307 -0.000206639
67.12 12.8422 -0.302324 -0.43291 31.1847 0.0657149 -0.00022173
67.13 12.8411 -0.302246 -0.433331 31.1922 0.0656991 -0.000236933
67.14 12.84 -0.302169 -0.433754 31.1996 0.0656834 -0.000252193
67.15 12.8389 -0.302091 -0.434179 31.207 0.0656676 -0.000267485
67.16 12.8378 -0.302014 -0.434605 31.2145 0.0656518 -0.000282806
67.17 12.8367 -0.301937 -0.435033 31.2219 0.065636 -0.000298199
67.18 12.8356 -0.301861 -0.435462 31.2293 0.0656201 -0.000313699
67.19 12.8346 -0.301787 -0.435892 31.2368 0.0656043 -0.000329332
67.2 12.8335 -0.301714 -0.436325 31.2442 0.0655886 -0.000345066
67.21 12.8324 -0.301644 -0.436759 31.2516 0.0655729 -0.000360874
67.22 12.8313 -0.301575 -0.437195 31.2591 0.0655573 -0.000376721
67.23 12.8302 -0.301509 -0.437632 31.2665 0.0655416 -0.000392591
67.24 12.8292 -0.301446 -0.43807 31.2739 0.0655259 -0.000408484
67.25 12.8281 -0.301385 -0.438509 31.2814 0.0655102 -0.000424433
67.26 12.827 -0.301328 -0.43895 31.2888 0.0654945 -0.000440469
67.27 12.826 -0.301275 -0.439392 31.2962 0.0654788 -0.000456618
67.28 12.8249 -0.301226 -0.439836 31.3037 0.0654632 -0.000472872
67.29 12.8238 -0.30118 -0.440281 31.3111 0.0654477 -0.000489179
67.3 12.8228 -0.301138 -0.440728 31.3185 0.0654321 -0.0005055
67.31 12.8217 -0.301099 -0.441176 31.326 0.0654166 -0.000521798
67.32 12.8206 -0.301063 -0.441625 31.3334 0.065401 -0.000538104
67.33 12.8196 -0.301031 -0.442075 31.3408 0.0653854 -0.000554455
67.34 12.8185 -0.301003 -0.442528 31.3483 0.0653698 -0.000570915
67.35 12.8175 -0.300978 -0.442982 31.3557 0.0653543 -0.000587487
67.36 12.8164 -0.300956 -0.443438 31.3631 0.0653388 -0.000604146
67.37 12.8154 -0.300937 -0.443895 31.3706 0.0653234 -0.000620817
67.38 12.8143 -0.300919 -0.444355 31.378 0.065308 -0.000637456
67.39 12.8133 -0.300903 -0.444815 31.3855 0.0652926 -0.000654061
67.4 12.8123 -0.300889 -0.445278 31.3929 0.0652771 -0.000670677
67.41 12.8112 -0.300876 -0.445743 31.4003 0.0652617 -0.000687379
67.42 12.8102 -0.300865 -0.446209 31.4078 0.0652463 -0.000704182
67.43 12.8092 -0.300855 -0.446678 31.4152 0.0652309 -0.000721078
67.44 12.8081 -0.300846 -0.447149 31.4226 0.0652156 -0.000738
67.45 12.8071 -0.300836 -0.447622 31.4301 0.0652004 -0.000754917
67.46 12.8061 -0.300827 -0.448097 31.4375 0.0651851 -0.000771793
67.47 12.8051 -0.300817 -0.448574 31.4449 0.0651698 -0.000788651
67.48 12.8041 -0.300808 -0.449054 31.4524 0.0651546 -0.000805517
67.49 12.803 -0.300798 -0.449535 31.4598 0.0651393 -0.000822451
67.5 12.802 -0.300789 -0.450018 31.4672 0.0651241 -0.000839481
67.51 12.801 -0.300781 -0.450504 31.4747 0.065109 -0.000856594
67.52 12.8 -0.300772 -0.450992 31.4821 0.0650939 -0.00087373
67.53 12.799 -0.300764 -0.451483 31.4895 0.0650788 -0.000890817
67.54 12.798 -0.300756 -0.451975 31.497 0.0650638 -0.000907834
67.55 12.797 -0.300749 -0.452469 31.5044 0.0650487 -0.000924806
67.56 12.796 -0.300743 -0.452965 31.5119 0.0650337 -0.000941809
67.57 12.795 -0.300738 -0.453463 31.5193 0.0650187 -0.000958883
67.58 12.794 -0.300736 -0.453963 31.5267 0.0650037 -0.000976057
67.59 12.793 -0.300736 -0.454465 31.5342 0.0649889 -0.000993272
67.6 12.7921 -0.300738 -0.454969 31.5416 0.064974 -0.00101047
67.61 12.7911 -0.300743 -0.455475 31.549 0.0649592 -0.00102758
67.62 12.7901 -0.30075 -0.455982 31.5565 0.0649444 -0.00104461
67.63 12.7891 -0.300761 -0.456491 31.5639 0.0649296 -0.0010616
67.64 12.7882 -0.300775 -0.457001 31.5713 0.0649149 -0.00107862
67.65 12.7872 -0.300793 -0.457513 31.5788 0.0649002 -0.00109569
67.66 12.7862 -0.300815 -0.458028 31.5862 0.0648855 -0.00111275
67.67 12.7853 -0.300841 -0.458544 31.5937 0.064871 -0.00112984
67.68 12.7843 -0.300872 -0.459062 31.6011 0.0648564 -0.00114695
67.69 12.7834 -0.300906 -0.459581 31.6085 0.0648419 -0.00116404
67.7 12.7824 -0.300945 -0.460102 31.616 0.0648274 -0.00118101
67.71 12.7815 -0.300987 -0.460624 31.6234 0.0648129 -0.00119789
67.72 12.7805 -0.301033 -0.461148 31.6308 0.0647984 -0.00121476
67.73 12.7796 -0.301083 -0.461675 31.6383 0.064784 -0.00123173
67.74 12.7787 -0.301137 -0.462203 31.6457 0.0647696 -0.00124879
67.75 12.7777 -0.301195 -0.462733 31.6532 0.0647554 -0.00126584
67.76 12.7768 -0.301255 -0.463265 31.6606 0.0647411 -0.00128278
67.77 12.7759 -0.301317 -0.463799 31.668 0.0647269 -0.00129957
67.78 12.775 -0.301382 -0.464335 31.6755 0.0647127 -0.00131626
67.79 12.7741 -0.301448 -0.464872 31.6829 0.0646985 -0.00133295
67.8 12.7732 -0.301517 -0.465412 31.6903 0.0646844 -0.00134973
67.81 12.7722 -0.301588 -0.465955 31.6978 0.0646704 -0.00136657
67.82 12.7713 -0.30166 -0.466499 31.7052 0.0646564 -0.00138343
67.83 12.7704 -0.301734 -0.467046 31.7127 0.0646425 -0.00140021
67.84 12.7696 -0.301808 -0.467595 31.7201 0.0646286 -0.00141689
67.85 12.7687 -0.301882 -0.468146 31.7275 0.0646148 -0.00143344
67.86 12.7678 -0.301957 -0.468699 31.735 0.0646009 -0.00144993
67.87 12.7669 -0.302033 -0.469255 31.7424 0.0645871 -0.00146643
67.88 12.766 -0.302109 -0.469812 31.7499 0.0645733 -0.00148299
67.89 12.7652 -0.302187 -0.470373 31.7573 0.0645597 -0.00149961
67.9 12.7643 -0.302266 -0.470935 31.7647 0.0645461 -0.00151622
67.91 12.7634 -0.302345 -0.4715 31.7722 0.0645326 -0.00153273
67.92 12.7626 -0.302424 -0.472066 31.7796 0.0645191 -0.00154909
67.93 12.7617 -0.302505 -0.472635 31.787 0.0645056 -0.00156534
67.94 12.7609 -0.302587 -0.473206 31.7945 0.0644922 -0.00158153
67.95 12.76 -0.302671 -0.473778 31.8019 0.0644788 -0.00159778
67.96 12.7592 -0.302757 -0.474353 31.8094 0.0644655 -0.00161408
67.97 12.7583 -0.302846 -0.47493 31.8168 0.0644523 -0.00163042
67.98 12.7575 -0.302938 -0.475509 31.8242 0.0644391 -0.00164669
67.99 12.7567 -0.303032 -0.476089 31.8317 0.064426 -0.00166283
68 12.7559 -0.303129 -0.476672 31.8391 0.064413 -0.00167883
68.01 12.755 -0.303229 -0.477256 31.8466 0.0644 -0.00169472
68.02 12.7542 -0.303334 -0.477842 31.854 0.064387 -0.0017106
68.03 12.7534 -0.303442 -0.478429 31.8614 0.0643741 -0.00172651
68.04 12.7526 -0.303555 -0.479019 31.8689 0.0643612 -0.00174249
68.05 12.7518 -0.303673 -0.47961 31.8763 0.0643484 -0.00175846
68.06 12.751 -0.303795 -0.480203 31.8838 0.0643357 -0.00177435
68.07 12.7503 -0.303921 -0.480798 31.8912 0.0643231 -0.00179009
68.08 12.7495 -0.304051 -0.481394 31.8986 0.0643105 -0.00180568
68.09 12.7487 -0.304185 -0.481992 31.9061 0.0642979 -0.0018212
68.1 12.7479 -0.304324 -0.482591 31.9135 0.0642854 -0.00183672
68.11 12.7472 -0.304468 -0.483193 31.921 0.0642729 -0.00185229
68.12 12.7464 -0.304615 -0.483796 31.9284 0.0642605 -0.0018679
68.13 12.7456 -0.304767 -0.484401 31.9358 0.0642482 -0.00188351
68.14 12.7449 -0.304922 -0.485008 31.9433 0.064236 -0.00189899
68.15 12.7442 -0.305079 -0.485617 31.9507 0.0642238 -0.00191431
68.16 12.7434 -0.305239 -0.486228 31.9582 0.0642116 -0.0019295
68.17 12.7427 -0.305401 -0.48684 31.9656 0.0641995 -0.00194465
68.18 12.742 -0.305567 -0.487455 31.973 0.0641875 -0.00195982
68.19 12.7412 -0.305734 -0.488072 31.9805 0.0641755 -0.00197507
68.2 12.7405 -0.305904 -0.488691 31.9879 0.0641636 -0.00199034
68.21 12.7398 -0.306075 -0.489312 31.9954 0.0641518 -0.00200555
68.22 12.7391 -0.306246 -0.489935 32.0028 0.0641401 -0.00202062
68.23 12.7384 -0.306418 -0.49056 32.0102 0.0641284 -0.00203553
68.24 12.7377 -0.306591 -0.491187 32.0177 0.0641167 -0.00205034
68.25 12.737 -0.306765 -0.491816 32.0251 0.0641051 -0.00206514
68.26 12.7363 -0.306939 -0.492447 32.0326 0.0640936 -0.00207999
68.27 12.7356 -0.307115 -0.493081 32.04 0.0640822 -0.00209489
68.28 12.735 -0.307291 -0.493716 32.0474 0.0640708 -0.00210979
68.29 12.7343 -0.307468 -0.494354 32.0549 0.0640596 -0.0021246
68.3 12.7336 -0.307646 -0.494993 32.0623 0.0640484 -0.00213925
68.31 12.733 -0.307824 -0.495635 32.0698 0.0640372 -0.00215375
68.32 12.7323 -0.308003 -0.496278 32.0772 0.0640261 -0.00216818
68.33 12.7317 -0.308184 -0.496923 32.0847 0.0640151 -0.00218261
68.34 12.731 -0.308367 -0.497569 32.0921 0.0640041 -0.0021971
68.35 12.7304 -0.308552 -0.498218 32.0995 0.0639933 -0.00221162
68.36 12.7298 -0.30874 -0.498868 32.107 0.0639825 -0.00222612
68.37 12.7291 -0.30893 -0.49952 32.1144 0.0639717 -0.00224049
68.38 12.7285 -0.309123 -0.500174 32.1219 0.0639611 -0.00225469
68.39 12.7279 -0.309318 -0.500829 32.1293 0.0639505 -0.00226876
68.4 12.7273 -0.309517 -0.501486 32.1367 0.06394 -0.00228278
68.41 12.7267 -0.30972 -0.502144 32.1442 0.0639295 -0.00229683
68.42 12.7261 -0.309927 -0.502803 32.1516 0.0639192 -0.00231095
68.43 12.7255 -0.310139 -0.503464 32.1591 0.0639089 -0.00232511
68.44 12.7249 -0.310355 -0.504127 32.1665 0.0638987 -0.0023392
68.45 12.7243 -0.310574 -0.504791 32.174 0.0638885 -0.00235311
68.46 12.7237 -0.310798 -0.505456 32.1814 0.0638785 -0.00236682
68.47 12.7232 -0.311025 -0.506123 32.1888 0.0638684 -0.00238043
68.48 12.7226 -0.311257 -0.506791 32.1963 0.0638585 -0.00239406
68.49 12.722 -0.311493 -0.507461 32.2037 0.0638486 -0.00240776
68.5 12.7215 -0.311733 -0.508132 32.2112 0.0638389 -0.0024215
68.51 12.7209 -0.311977 -0.508805 32.2186 0.0638292 -0.00243519
68.52 12.7204 -0.312224 -0.509479 32.2261 0.0638195 -0.00244878
68.53 12.7199 -0.312474 -0.510156 32.2335 0.06381 -0.00246221
68.54 12.7193 -0.312726 -0.510833 32.2409 0.0638005 -0.00247552
68.55 12.7188 -0.312981 -0.511513 32.2484 0.0637911 -0.00248877
68.56 12.7183 -0.313238 -0.512194 32.2558 0.0637818 -0.00250203
68.57 12.7178 -0.313497 -0.512877 32.2633 0.0637725 -0.00251532
68.58 12.7172 -0.313757 -0.513561 32.2707 0.0637633 -0.00252863
68.59 12.7167 -0.314019 -0.514248 32.2782 0.0637542 -0.0025419
68.6 12.7162 -0.314282 -0.514936 32.2856 0.0637452 -0.00255505
68.61 12.7157 -0.314544 -0.515626 32.293 0.0637363 -0.00256804
68.62 12.7152 -0.314807 -0.516318 32.3005 0.0637274 -0.00258092
68.63 12.7148 -0.31507 -0.517011 32.3079 0.0637186 -0.00259375
68.64 12.7143 -0.315333 -0.517706 32.3154 0.0637099 -0.00260659
68.65 12.7138 -0.315597 -0.518404 32.3228 0.0637012 -0.00261947
68.66 12.7133 -0.315862 -0.519102 32.3303 0.0636927 -0.00263234
68.67 12.7129 -0.316126 -0.519803 32.3377 0.0636842 -0.00264514
68.68 12.7124 -0.316391 -0.520505 32.3451 0.0636758 -0.00265781
68.69 12.712 -0.316656 -0.521209 32.3526 0.0636675 -0.00267033
68.7 12.7115 -0.316921 -0.521914 32.36 0.0636592 -0.00268274
68.71 12.7111 -0.317186 -0.522621 32.3675 0.063651 -0.00269511
68.72 12.7106 -0.317454 -0.523329 32.3749 0.0636429 -0.0027075
68.73 12.7102 -0.317723 -0.524038 32.3824 0.0636348 -0.00271991
68.74 12.7098 -0.317994 -0.524749 32.3898 0.0636268 -0.00273229
68.75 12.7093 -0.318266 -0.525461 32.3972 0.0636189 -0.00274457
68.76 12.7089 -0.31854 -0.526174 32.4047 0.063611 -0.00275669
68.77 12.7085 -0.318816 -0.526888 32.4121 0.0636033 -0.00276865
68.78 12.7081 -0.319095 -0.527604 32.4196 0.0635956 -0.00278052
68.79 12.7077 -0.319377 -0.528321 32.427 0.063588 -0.00279238
68.8 12.7073 -0.319662 -0.529039 32.4345 0.0635804 -0.00280427
68.81 12.7069 -0.319951 -0.529757 32.4419 0.0635729 -0.00281615
68.82 12.7065 -0.320243 -0.530477 32.4494 0.0635655 -0.00282796
68.83 12.7061 -0.320539 -0.531198 32.4568 0.0635581 -0.00283963
68.84 12.7058 -0.320837 -0.531919 32.4642 0.0635508 -0.00285114
68.85 12.7054 -0.321138 -0.532642 32.4717 0.0635436 -0.00286253
68.86 12.705 -0.321443 -0.533366 32.4791 0.0635365 -0.00287384
68.87 12.7047 -0.321752 -0.53409 32.4866 0.0635294 -0.00288515
68.88 12.7043 -0.322063 -0.534816 32.494 0.0635224 -0.00289646
68.89 12.7039 -0.322378 -0.535543 32.5015 0.0635154 -0.00290775
68.9 12.7036 -0.322695 -0.53627 32.5089 0.0635085 -0.00291894
68.91 12.7033 -0.323014 -0.536999 32.5164 0.0635017 -0.00292998
68.92 12.7029 -0.323335 -0.537729 32.5238 0.0634949 -0.00294087
68.93 12.7026 -0.323657 -0.53846 32.5312 0.0634882 -0.00295163
68.94 12.7023 -0.32398 -0.539192 32.5387 0.0634816 -0.00296235
68.95 12.7019 -0.324304 -0.539926 32.5461 0.0634751 -0.00297307
68.96 12.7016 -0.32463 -0.54066 32.5536 0.0634686 -0.00298378
68.97 12.7013 -0.324955 -0.541396 32.561 0.0634621 -0.00299443
68.98 12.701 -0.32528 -0.542133 32.5685 0.0634557 -0.00300495
68.99 12.7007 -0.325605 -0.542871 32.5759 0.0634494 -0.00301532
69 12.7004 -0.325928 -0.54361 32.5834 0.0634431 -0.00302555
69.01 12.7001 -0.326251 -0.544351 32.5908 0.0634369 -0.00303567
69.02 12.6998 -0.326572 -0.545093 32.5983 0.0634308 -0.00304575
69.03 12.6995 -0.326893 -0.545836 32.6057 0.0634248 -0.00305582
69.04 12.6992 -0.327213 -0.54658 32.6132 0.0634187 -0.00306585
69.05 12.6989 -0.327532 -0.547325 32.6206 0.0634127 -0.0030758
69.06 12.6986 -0.327849 -0.548071 32.628 0.0634067 -0.0030856
69.07 12.6984 -0.328165 -0.548818 32.6355 0.0634009 -0.00309525
69.08 12.6981 -0.328479 -0.549567 32.6429 0.0633951 -0.00310475
69.09 12.6978 -0.328793 -0.550316 32.6504 0.0633893 -0.00311416
69.1 12.6976 -0.329106 -0.551066 32.6578 0.0633836 -0.00312353
69.11 12.6973 -0.32942 -0.551817 32.6653 0.063378 -0.00313287
69.12 12.697 -0.329733 -0.552569 32.6727 0.0633723 -0.00314216
69.13 12.6968 -0.330046 -0.553321 32.6802 0.0633667 -0.00315133
69.14 12.6965 -0.33036 -0.554074 32.6876 0.0633611 -0.00316034
69.15 12.6963 -0.330674 -0.554827 32.6951 0.0633556 -0.00316918
69.16 12.696 -0.330988 -0.555582 32.7025 0.0633502 -0.0031779
69.17 12.6958 -0.331304 -0.556337 32.71 0.0633448 -0.00318653
69.18 12.6956 -0.331621 -0.557092 32.7174 0.0633395 -0.00319512
69.19 12.6953 -0.33194 -0.557847 32.7249 0.0633342 -0.00320367
69.2 12.6951 -0.332261 -0.558603 32.7323 0.0633289 -0.00321213
69.21 12.6949 -0.332584 -0.559359 32.7397 0.0633236 -0.00322046
69.22 12.6947 -0.332907 -0.560115 32.7472 0.0633183 -0.00322861
69.23 12.6944 -0.333233 -0.560872 32.7546 0.0633132 -0.00323661
69.24 12.6942 -0.33356 -0.56163 32.7621 0.0633081 -0.0032445
69.25 12.694 -0.333888 -0.562388 32.7695 0.063303 -0.0032523
69.26 12.6938 -0.334218 -0.563146 32.777 0.063298 -0.00326006
69.27 12.6936 -0.33455 -0.563904 32.7844 0.063293 -0.00326775
69.28 12.6934 -0.334882 -0.564663 32.7919 0.0632879 -0.00327534
69.29 12.6932 -0.335215 -0.565421 32.7993 0.0632829 -0.00328279
69.3 12.693 -0.335548 -0.566181 32.8068 0.063278 -0.00329007
69.31 12.6928 -0.335881 -0.566941 32.8142 0.0632731 -0.0032972
69.32 12.6926 -0.336213 -0.567702 32.8217 0.0632683 -0.00330421
69.33 12.6924 -0.336545 -0.568463 32.8291 0.0632636 -0.00331118
69.34 12.6922 -0.336876 -0.569225 32.8366 0.0632589 -0.00331814
69.35 12.692 -0.337205 -0.569986 32.844 0.0632541 -0.00332501
69.36 12.6918 -0.337533 -0.570749 32.8515 0.0632493 -0.0033317
69.37 12.6916 -0.337859 -0.571511 32.8589 0.0632446 -0.0033382
69.38 12.6914 -0.338182 -0.572275 32.8664 0.0632399 -0.00334455
69.39 12.6912 -0.338502 -0.573039 32.8738 0.0632353 -0.0033508
69.4 12.6911 -0.33882 -0.573804 32.8813 0.0632307 -0.00335697
69.41 12.6909 -0.339135 -0.574569 32.8887 0.0632262 -0.00336307
69.42 12.6907 -0.339447 -0.575335 32.8962 0.0632217 -0.00336909
69.43 12.6905 -0.339756 -0.576101 32.9036 0.0632171 -0.00337499
69.44 12.6903 -0.340062 -0.576867 32.9111 0.0632125 -0.00338076
69.45 12.6901 -0.340365 -0.577634 32.9185 0.063208 -0.0033864
69.46 12.69 -0.340665 -0.578401 32.926 0.0632035 -0.00339188
69.47 12.6898 -0.340962 -0.579169 32.9334 0.0631991 -0.00339722
69.48 12.6896 -0.341256 -0.579937 32.9409 0.0631947 -0.00340247
69.49 12.6894 -0.341549 -0.580705 32.9483 0.0631904 -0.00340764
69.5 12.6893 -0.341839 -0.581473 32.9558 0.0631859 -0.00341274
69.51 12.6891 -0.342127 -0.58224 32.9632 0.0631815 -0.00341774
69.52 12.6889 -0.342414 -0.583008 32.9707 0.063177 -0.0034226
69.53 12.6887 -0.342699 -0.583776 32.9781 0.0631726 -0.00342728
69.54 12.6886 -0.342982 -0.584544 32.9856 0.0631683 -0.00343181
69.55 12.6884 -0.343265 -0.585312 32.993 0.063164 -0.00343622
69.56 12.6882 -0.343547 -0.586079 33.0005 0.0631598 -0.00344058
69.57 12.6881 -0.343829 -0.586847 33.0079 0.0631554 -0.00344495
69.58 12.6879 -0.344111 -0.587613 33.0154 0.063151 -0.00344922
69.59 12.6877 -0.344392 -0.588379 33.0228 0.0631466 -0.00345327
69.6 12.6875 -0.344672 -0.589145 33.0303 0.0631423 -0.00345711
69.61 12.6874 -0.344951 -0.589911 33.0377 0.0631379 -0.0034608
69.62 12.6872 -0.34523 -0.590677 33.0452 0.0631337 -0.00346442
69.63 12.687 -0.345509 -0.591442 33.0527 0.0631295 -0.00346799
69.64 12.6869 -0.345788 -0.592207 33.0601 0.0631252 -0.00347147
69.65 12.6867 -0.346066 -0.592971 33.0676 0.063121 -0.00347482
69.66 12.6865 -0.346342 -0.593735 33.075 0.0631166 -0.00347805
69.67 12.6864 -0.346618 -0.594499 33.0825 0.0631122 -0.00348118
69.68 12.6862 -0.346891 -0.595262 33.0899 0.0631079 -0.00348419
69.69 12.686 -0.347163 -0.596025 33.0974 0.0631036 -0.00348707
69.7 12.6858 -0.347432 -0.596788 33.1048 0.0630994 -0.0034898
69.71 12.6857 -0.347699 -0.597551 33.1123 0.0630951 -0.00349241
69.72 12.6855 -0.347963 -0.598314 33.1197 0.0630909 -0.00349495
69.73 12.6853 -0.348223 -0.599076 33.1272 0.0630866 -0.00349743
69.74 12.6851 -0.348481 -0.599837 33.1346 0.0630822 -0.00349982
69.75 12.685 -0.348734 -0.600599 33.1421 0.0630778 -0.00350208
69.76 12.6848 -0.348983 -0.60136 33.1496 0.0630735 -0.00350418
69.77 12.6846 -0.349227 -0.602122 33.157 0.0630692 -0.00350613
69.78 12.6844 -0.349466 -0.602883 33.1645 0.0630649 -0.00350796
69.79 12.6842 -0.3497 -0.603645 33.1719 0.0630607 -0.00350973
69.8 12.684 -0.34993 -0.604406 33.1794 0.0630564 -0.00351143
69.81 12.6839 -0.350155 -0.605166 33.1868 0.063052 -0.00351306
69.82 12.6837 -0.350375 -0.605926 33.1943 0.0630475 -0.00351456
69.83 12.6835 -0.35059 -0.606685 33.2017 0.0630431 -0.00351592
69.84 12.6833 -0.350799 -0.607445 33.2092 0.0630386 -0.00351715
69.85 12.6831 -0.351004 -0.608204 33.2167 0.0630343 -0.00351825
69.86 12.6829 -0.351203 -0.608963 33.2241 0.06303 -0.00351925
69.87 12.6827 -0.351399 -0.609722 33.2316 0.0630256 -0.00352017
69.88 12.6825 -0.35159 -0.610479 33.239 0.0630212 -0.00352102
69.89 12.6823 -0.351778 -0.611236 33.2465 0.0630166 -0.0035218
69.9 12.6821 -0.351961 -0.611992 33.2539 0.0630121 -0.00352246
69.91 12.6819 -0.352141 -0.612747 33.2614 0.0630075 -0.00352298
69.92 12.6817 -0.352317 -0.613502 33.2689 0.063003 -0.00352336
69.93 12.6815 -0.352491 -0.614256 33.2763 0.0629985 -0.00352362
69.94 12.6812 -0.352661 -0.61501 33.2838 0.0629941 -0.0035238
69.95 12.681 -0.352829 -0.615762 33.2912 0.0629895 -0.00352391
69.96 12.6808 -0.352995 -0.616514 33.2987 0.0629849 -0.00352395
69.97 12.6806 -0.353158 -0.617264 33.3061 0.0629803 -0.00352389
69.98 12.6804 -0.353319 -0.618012 33.3136 0.0629755 -0.00352372
69.99 12.6801 -0.353478 -0.618761 33.3211 0.0629708 -0.00352341
70 12.6799 -0.353634 -0.619508 33.3285 0.0629662 -0.00352297
70.01 12.6797 -0.353787 -0.620255 33.336 0.0629616 -0.00352243
70.02 12.6794 -0.353939 -0.621 33.3434 0.0629569 -0.00352181
70.03 12.6792 -0.354088 -0.621745 33.3509 0.0629523 -0.00352112
70.04 12.6789 -0.354234 -0.622488 33.3584 0.0629475 -0.00352036
70.05 12.6787 -0.354377 -0.62323 33.3658 0.0629426 -0.0035195
70.06 12.6784 -0.354517 -0.623971 33.3733 0.0629377 -0.00351852
70.07 12.6782 -0.354653 -0.624711 33.3807 0.0629329 -0.00351741
70.08 12.6779 -0.354785 -0.625451 33.3882 0.0629281 -0.00351618
70.09 12.6776 -0.354913 -0.62619 33.3957 0.0629233 -0.00351486
70.1 12.6774 -0.355036 -0.626928 33.4031 0.0629185 -0.00351347
70.11 12.6771 -0.355155 -0.627665 33.4106 0.0629136 -0.00351201
70.12 12.6768 -0.355268 -0.6284 33.418 0.0629086 -0.00351049
70.13 12.6765 -0.355376 -0.629135 33.4255 0.0629035 -0.00350885
70.14 12.6763 -0.355478 -0.629868 33.433 0.0628984 -0.0035071
70.15 12.676 -0.355574 -0.630601 33.4404 0.0628934 -0.00350522
70.16 12.6757 -0.355663 -0.631334 33.4479 0.0628884 -0.00350324
70.17 12.6754 -0.355746 -0.632066 33.4553 0.0628834 -0.00350118
70.18 12.6751 -0.355822 -0.632796 33.4628 0.0628783 -0.00349906
70.19 12.6748 -0.355892 -0.633526 33.4703 0.0628732 -0.00349687
70.2 12.6744 -0.355955 -0.634254 33.4777 0.0628679 -0.00349461
70.21 12.6741 -0.356011 -0.634981 33.4852 0.0628626 -0.00349225
70.22 12.6738 -0.356061 -0.635707 33.4927 0.0628573 -0.00348976
70.23 12.6735 -0.356104 -0.636432 33.5001 0.062852 -0.00348717
70.24 12.6731 -0.35614 -0.637157 33.5076 0.0628468 -0.00348448
70.25 12.6728 -0.356171 -0.63788 33.5151 0.0628415 -0.00348172
70.26 12.6725 -0.356195 -0.638602 33.5225 0.0628361 -0.0034789
70.27 12.6721 -0.356214 -0.639322 33.53 0.0628306 -0.00347603
70.28 12.6718 -0.356227 -0.64004 33.5374 0.062825 -0.00347307
70.29 12.6714 -0.356235 -0.640757 33.5449 0.0628194 -0.00347
70.3 12.671 -0.356237 -0.641473 33.5524 0.0628138 -0.00346682
70.31 12.6707 -0.356235 -0.642187 33.5598 0.0628082 -0.0034636
70.32 12.6703 -0.35623 -0.6429 33.5673 0.0628026 -0.00346041
70.33 12.6699 -0.356219 -0.643611 33.5748 0.062797 -0.00345715
70.34 12.6695 -0.356204 -0.64432 33.5822 0.0627913 -0.00345367
70.35 12.6691 -0.356185 -0.645027 33.5897 0.0627854 -0.00345001
70.36 12.6687 -0.356162 -0.645733 33.5972 0.0627795 -0.0034463
70.37 12.6683 -0.356135 -0.646436 33.6046 0.0627736 -0.00344261
70.38 12.6679 -0.356105 -0.647138 33.6121 0.0627676 -0.0034389
70.39 12.6675 -0.356071 -0.647839 33.6196 0.0627617 -0.00343507
70.4 12.6671 -0.356033 -0.648537 33.627 0.0627557 -0.00343108
70.41 12.6666 -0.355991 -0.649234 33.6345 0.0627497 -0.00342699
70.42 12.6662 -0.355945 -0.649929 33.642 0.0627436 -0.00342288
70.43 12.6658 -0.355894 -0.650622 33.6494 0.0627374 -0.00341876
70.44 12.6653 -0.35584 -0.651313 33.6569 0.0627311 -0.00341458
70.45 12.6649 -0.35578 -0.652002 33.6644 0.0627248 -0.00341028
70.46 12.6644 -0.355715 -0.65269 33.6718 0.0627185 -0.00340584
70.47 12.6639 -0.355645 -0.653376 33.6793 0.0627122 -0.00340131
70.48 12.6635 -0.355569 -0.654061 33.6868 0.0627058 -0.00339673
70.49 12.663 -0.355487 -0.654744 33.6942 0.0626994 -0.00339212
70.5 12.6625 -0.3554 -0.655425 33.7017 0.0626929 -0.00338746
70.51 12.662 -0.355305 -0.656104 33.7092 0.0626862 -0.00338272
70.52 12.6615 -0.355204 -0.656782 33.7166 0.0626795 -0.00337787
70.53 12.661 -0.355095 -0.657458 33.7241 0.0626728 -0.00337291
70.54 12.6605 -0.354979 -0.658132 33.7316 0.0626661 -0.00336789
70.55 12.66 -0.354856 -0.658805 33.7391 0.0626594 -0.0033628
70.56 12.6594 -0.354725 -0.659477 33.7465 0.0626526 -0.00335765
70.57 12.6589 -0.354586 -0.660147 33.754 0.0626457 -0.00335243
70.58 12.6584 -0.354439 -0.660814 33.7615 0.0626387 -0.00334714
70.59 12.6578 -0.354285 -0.66148 33.7689 0.0626316 -0.00334177
70.6 12.6573 -0.354123 -0.662144 33.7764 0.0626244 -0.00333633
70.61 12.6567 -0.353954 -0.662806 33.7839 0.0626172 -0.00333079
70.62 12.6561 -0.353777 -0.663466 33.7914 0.0626101 -0.00332518
70.63 12.6555 -0.353592 -0.664125 33.7988 0.0626029 -0.00331949
70.64 12.655 -0.3534 -0.664782 33.8063 0.0625956 -0.00331373
70.65 12.6544 -0.353202 -0.665436 33.8138 0.0625881 -0.00330791
70.66 12.6538 -0.352997 -0.666088 33.8212 0.0625806 -0.00330202
70.67 12.6531 -0.352785 -0.666738 33.8287 0.062573 -0.00329604
70.68 12.6525 -0.352568 -0.667385 33.8362 0.0625653 -0.00328999
70.69 12.6519 -0.352344 -0.668031 33.8437 0.0625576 -0.00328384
70.7 12.6513 -0.352114 -0.668674 33.8511 0.0625499 -0.00327762
70.71 12.6506 -0.35188 -0.669315 33.8586 0.0625422 -0.00327131
70.72 12.65 -0.35164 -0.669953 33.8661 0.0625344 -0.00326492
70.73 12.6493 -0.351395 -0.670588 33.8736 0.0625264 -0.00325847
70.74 12.6487 -0.351145 -0.671221 33.881 0.0625183 -0.00325194
70.75 12.648 -0.35089 -0.671851 33.8885 0.0625101 -0.00324533
70.76 12.6473 -0.350631 -0.672479 33.896 0.0625019 -0.00323863
70.77 12.6466 -0.350367 -0.673104 33.9035 0.0624937 -0.00323184
70.78 12.6459 -0.350099 -0.673727 33.9109 0.0624855 -0.00322495
70.79 12.6452 -0.349825 -0.674347 33.9184 0.0624772 -0.00321799
70.8 12.6445 -0.349547 -0.674964 33.9259 0.0624688 -0.00321095
70.81 12.6438 -0.349264 -0.675578 33.9334 0.0624602 -0.00320382
70.82 12.6431 -0.348975 -0.67619 33.9408 0.0624515 -0.00319661
70.83 12.6423 -0.348682 -0.676799 33.9483 0.0624428 -0.0031893
70.84 12.6416 -0.348382 -0.677406 33.9558 0.0624341 -0.00318192
70.85 12.6408 -0.348077 -0.67801 33.9633 0.0624253 -0.00317444
70.86 12.6401 -0.347766 -0.678612 33.9708 0.0624165 -0.00316687
70.87 12.6393 -0.347448 -0.679211 33.9782 0.0624076 -0.00315921
70.88 12.6385 -0.347124 -0.679807 33.9857 0.0623986 -0.00315147
70.89 12.6378 -0.346792 -0.680401 33.9932 0.0623894 -0.00314362
70.9 12.637 -0.346453 -0.680992 34.0007 0.0623801 -0.00313569
70.91 12.6362 -0.346107 -0.681581 34.0082 0.0623708 -0.00312768
70.92 12.6353 -0.345754 -0.682167 34.0156 0.0623615 -0.0031196
70.93 12.6345 -0.345392 -0.682751 34.0231 0.0623521 -0.00311143
70.94 12.6337 -0.345022 -0.683333 34.0306 0.0623426 -0.00310316
70.95 12.6329 -0.344644 -0.683912 34.0381 0.062333 -0.00309477
70.96 12.632 -0.344258 -0.684488 34.0456 0.0623233 -0.00308628
70.97 12.6312 -0.343864 -0.685062 34.053 0.0623135 -0.00307771
70.98 12.6303 -0.343461 -0.685632 34.0605 0.0623037 -0.00306906
70.99 12.6294 -0.34305 -0.686201 34.068 0.0622937 -0.00306033
71 12.6285 -0.342632 -0.686767 34.0755 0.0622837 -0.00305152
71.01 12.6277 -0.342205 -0.68733 34.083 0.0622737 -0.00304261
71.02 12.6268 -0.341771 -0.687891 34.0904 0.0622636 -0.00303359
71.03 12.6259 -0.34133 -0.688448 34.0979 0.0622534 -0.00302446
71.04 12.6249 -0.340881 -0.689003 34.1054 0.062243 -0.00301523
71.05 12.624 -0.340426 -0.689554 34.1129 0.0622326 -0.00300593
71.06 12.6231 -0.339964 -0.690103 34.1204 0.062222 -0.00299654
71.07 12.6221 -0.339495 -0.690649 34.1279 0.0622115 -0.00298706
71.08 12.6212 -0.339021 -0.691192 34.1353 0.0622008 -0.00297749
71.09 12.6202 -0.338541 -0.691731 34.1428 0.0621902 -0.00296781
71.1 12.6193 -0.338056 -0.692268 34.1503 0.0621794 -0.00295803
71.11 12.6183 -0.337565 -0.692801 34.1578 0.0621685 -0.00294816
71.12 12.6173 -0.337069 -0.693331 34.1653 0.0621575 -0.00293823
71.13 12.6163 -0.336568 -0.693857 34.1728 0.0621464 -0.0029282
71.14 12.6153 -0.336062 -0.69438 34.1802 0.0621353 -0.00291802
71.15 12.6143 -0.335551 -0.6949 34.1877 0.0621241 -0.00290771
71.16 12.6133 -0.335035 -0.695416 34.1952 0.0621129 -0.00289731
71.17 12.6123 -0.334515 -0.69593 34.2027 0.0621016 -0.00288687
71.18 12.6112 -0.33399 -0.69644 34.2102 0.0620902 -0.00287632
71.19 12.6102 -0.33346 -0.696947 34.2177 0.0620787 -0.00286565
71.2 12.6091 -0.332925 -0.69745 34.2252 0.0620671 -0.00285483
71.21 12.6081 -0.332384 -0.697949 34.2327 0.0620554 -0.0028439
71.22 12.607 -0.331839 -0.698446 34.2401 0.0620437 -0.0028329
71.23 12.6059 -0.331288 -0.698939 34.2476 0.0620319 -0.00282186
71.24 12.6048 -0.330731 -0.69943 34.2551 0.0620201 -0.00281072
71.25 12.6037 -0.330168 -0.699917 34.2626 0.0620082 -0.00279945
71.26 12.6026 -0.329598 -0.700401 34.2701 0.0619962 -0.00278802
71.27 12.6015 -0.329022 -0.700881 34.2776 0.0619841 -0.00277647
71.28 12.6004 -0.328439 -0.701358 34.2851 0.0619719 -0.00276483
71.29 12.5993 -0.32785 -0.701832 34.2926 0.0619597 -0.00275311
71.3 12.5981 -0.327253 -0.702303 34.3001 0.0619474 -0.00274134
71.31 12.597 -0.326649 -0.702771 34.3076 0.0619351 -0.00272946
71.32 12.5958 -0.326038 -0.703236 34.315 0.0619227 -0.00271747
71.33 12.5947 -0.325419 -0.703698 34.3225 0.0619102 -0.00270535
71.34 12.5935 -0.324792 -0.704156 34.33 0.0618977 -0.00269309
71.35 12.5923 -0.324158 -0.704612 34.3375 0.0618851 -0.00268072
71.36 12.5911 -0.323516 -0.705063 34.345 0.0618724 -0.00266826
71.37 12.5899 -0.322867 -0.705512 34.3525 0.0618596 -0.00265572
71.38 12.5887 -0.322211 -0.705958 34.36 0.0618468 -0.00264312
71.39 12.5875 -0.321548 -0.7064 34.3675 0.0618339 -0.00263042
71.4 12.5863 -0.320877 -0.706839 34.375 0.0618211 -0.0026176
71.41 12.5851 -0.3202 -0.707275 34.3825 0.0618081 -0.00260464
71.42 12.5838 -0.319516 -0.707707 34.39 0.061795 -0.00259154
71.43 12.5826 -0.318826 -0.708135 34.3975 0.0617819 -0.00257833
71.44 12.5814 -0.31813 -0.70856 34.405 0.0617687 -0.00256504
71.45 12.5801 -0.317429 -0.708982 34.4125 0.0617555 -0.00255168
71.46 12.5788 -0.316723 -0.7094 34.4199 0.0617422 -0.00253825
71.47 12.5776 -0.316011 -0.709814 34.4274 0.0617289 -0.00252472
71.48 12.5763 -0.315295 -0.710225 34.4349 0.0617156 -0.00251105
71.49 12.575 -0.314575 -0.710631 34.4424 0.0617022 -0.00249723
71.5 12.5737 -0.31385 -0.711034 34.4499 0.0616887 -0.00248326
71.51 12.5724 -0.313121 -0.711433 34.4574 0.0616752 -0.0024692
71.52 12.5711 -0.312388 -0.711828 34.4649 0.0616616 -0.00245507
71.53 12.5698 -0.311652 -0.71222 34.4724 0.0616479 -0.00244087
71.54 12.5685 -0.310913 -0.712607 34.4799 0.0616343 -0.0024266
71.55 12.5671 -0.31017 -0.712991 34.4874 0.0616206 -0.00241221
71.56 12.5658 -0.309423 -0.713371 34.4949 0.0616068 -0.00239767
71.57 12.5645 -0.308673 -0.713747 34.5024 0.061593 -0.00238297
71.58 12.5631 -0.307919 -0.714119 34.5099 0.0615792 -0.00236814
71.59 12.5618 -0.307161 -0.714488 34.5174 0.0615653 -0.00235323
71.6 12.5604 -0.3064 -0.714852 34.5249 0.0615513 -0.00233826
71.61 12.559 -0.305636 -0.715213 34.5324 0.0615373 -0.00232323
71.62 12.5577 -0.304867 -0.71557 34.5399 0.0615233 -0.00230812
71.63 12.5563 -0.304093 -0.715923 34.5474 0.0615093 -0.00229288
71.64 12.5549 -0.303315 -0.716273 34.5549 0.0614952 -0.00227748
71.65 12.5535 -0.302533 -0.716619 34.5624 0.061481 -0.00226193
71.66 12.5521 -0.301745 -0.716961 34.5699 0.0614668 -0.00224627
71.67 12.5507 -0.300952 -0.7173 34.5774 0.0614526 -0.00223054
71.68 12.5493 -0.300154 -0.717635 34.5849 0.0614383 -0.00221478
71.69 12.5479 -0.299351 -0.717966 34.5924 0.061424 -0.00219896
71.7 12.5465 -0.298542 -0.718294 34.5999 0.0614097 -0.00218305
71.71 12.5451 -0.297727 -0.718618 34.6074 0.0613953 -0.00216702
71.72 12.5436 -0.296906 -0.718938 34.6149 0.0613808 -0.00215082
71.73 12.5422 -0.296079 -0.719255 34.6224 0.0613664 -0.00213448
71.74 12.5407 -0.295246 -0.719569 34.63 0.0613519 -0.00211805
71.75 12.5393 -0.294407 -0.719878 34.6375 0.0613374 -0.00210157
71.76 12.5378 -0.293563 -0.720184 34.645 0.0613228 -0.00208507
71.77 12.5364 -0.292714 -0.720487 34.6525 0.0613082 -0.00206852
71.78 12.5349 -0.291859 -0.720785 34.66 0.0612936 -0.00205187
71.79 12.5334 -0.290999 -0.72108 34.6675 0.061279 -0.00203506
71.8 12.532 -0.290134 -0.721371 34.675 0.0612643 -0.00201811
71.81 12.5305 -0.289264 -0.721658 34.6825 0.0612496 -0.00200104
71.82 12.529 -0.28839 -0.72194 34.69 0.0612349 -0.00198391
71.83 12.5275 -0.287512 -0.722219 34.6975 0.0612201 -0.00196675
71.84 12.526 -0.286631 -0.722494 34.705 0.0612053 -0.00194957
71.85 12.5245 -0.285747 -0.722765 34.7125 0.0611905 -0.00193231
71.86 12.523 -0.284859 -0.723032 34.72 0.0611756 -0.00191491
71.87 12.5215 -0.283968 -0.723294 34.7275 0.0611607 -0.00189729
71.88 12.52 -0.283075 -0.723553 34.7351 0.0611458 -0.00187955
71.89 12.5185 -0.282179 -0.723807 34.7426 0.0611308 -0.00186181
71.9 12.517 -0.281282 -0.724057 34.7501 0.0611159 -0.00184408
71.91 12.5155 -0.280384 -0.724303 34.7576 0.0611009 -0.00182631
71.92 12.5139 -0.279483 -0.724544 34.7651 0.0610859 -0.00180845
71.93 12.5124 -0.278581 -0.724781 34.7726 0.0610709 -0.00179049
71.94 12.5109 -0.277677 -0.725014 34.7801 0.0610558 -0.00177241
71.95 12.5093 -0.276772 -0.725243 34.7876 0.0610408 -0.00175423
71.96 12.5078 -0.275865 -0.725467 34.7951 0.0610257 -0.00173594
71.97 12.5063 -0.274957 -0.725687 34.8027 0.0610105 -0.00171757
71.98 12.5047 -0.274047 -0.725903 34.8102 0.0609954 -0.00169915
71.99 12.5032 -0.273135 -0.726114 34.8177 0.0609802 -0.00168072
72 12.5016 -0.272222 -0.726321 34.8252 0.060965 -0.00166228
72.01 12.5001 -0.271307 -0.726525 34.8327 0.0609498 -0.00164378
72.02 12.4985 -0.270389 -0.726723 34.8402 0.0609345 -0.00162516
72.03 12.497 -0.269469 -0.726918 34.8477 0.0609193 -0.00160639
72.04 12.4954 -0.268546 -0.727109 34.8553 0.060904 -0.00158752
72.05 12.4939 -0.26762 -0.727296 34.8628 0.0608887 -0.0015686
72.06 12.4923 -0.266692 -0.727479 34.8703 0.0608734 -0.00154971
72.07 12.4907 -0.26576 -0.727657 34.8778 0.060858 -0.00153084
72.08 12.4892 -0.264826 -0.727832 34.8853 0.0608427 -0.00151195
72.09 12.4876 -0.263888 -0.728002 34.8928 0.0608273 -0.00149297
72.1 12.486 -0.262947 -0.728169 34.9004 0.0608119 -0.00147386
72.11 12.4845 -0.262002 -0.728332 34.9079 0.0607965 -0.00145464
72.12 12.4829 -0.261053 -0.72849 34.9154 0.0607811 -0.00143536
72.13 12.4813 -0.260101 -0.728645 34.9229 0.0607657 -0.00141608
72.14 12.4797 -0.259146 -0.728796 34.9304 0.0607503 -0.00139683
72.15 12.4782 -0.258188 -0.728942 34.938 0.0607349 -0.00137761
72.16 12.4766 -0.257228 -0.729085 34.9455 0.0607194 -0.00135835
72.17 12.475 -0.256264 -0.729223 34.953 0.060704 -0.001339
72.18 12.4734 -0.255298 -0.729358 34.9605 0.0606885 -0.00131953
72.19 12.4718 -0.254329 -0.729488 34.968 0.0606731 -0.00129998
72.2 12.4703 -0.253358 -0.729614 34.9756 0.0606576 -0.0012804
72.21 12.4687 -0.252386 -0.729736 34.9831 0.0606422 -0.00126085
72.22 12.4671 -0.251413 -0.729853 34.9906 0.0606267 -0.00124135
72.23 12.4655 -0.250439 -0.729966 34.9981 0.0606112 -0.00122187
72.24 12.4639 -0.249465 -0.730075 35.0057 0.0605957 -0.00120234
72.25 12.4624 -0.24849 -0.730179 35.0132 0.0605802 -0.00118272
72.26 12.4608 -0.247514 -0.730279 35.0207 0.0605648 -0.001163
72.27 12.4592 -0.246539 -0.730375 35.0282 0.0605493 -0.00114322
72.28 12.4576 -0.245564 -0.730466 35.0358 0.0605338 -0.00112346
72.29 12.456 -0.244591 -0.730552 35.0433 0.0605183 -0.00110375
72.3 12.4544 -0.243618 -0.730634 35.0508 0.0605029 -0.0010841
72.31 12.4529 -0.242647 -0.730712 35.0583 0.0604874 -0.00106446
72.32 12.4513 -0.241677 -0.730785 35.0659 0.0604719 -0.00104478
72.33 12.4497 -0.240708 -0.730854 35.0734 0.0604563 -0.001025
72.34 12.4481 -0.239739 -0.730918 35.0809 0.0604409 -0.00100516
72.35 12.4465 -0.238772 -0.730977 35.0884 0.0604254 -0.000985295
72.36 12.445 -0.237806 -0.731033 35.096 0.0604099 -0.000965483
72.37 12.4434 -0.236842 -0.731084 35.1035 0.0603944 -0.000945751
72.38 12.4418 -0.235879 -0.73113 35.111 0.0603789 -0.000926083
72.39 12.4402 -0.234916 -0.731172 35.1186 0.0603634 -0.000906426
72.4 12.4386 -0.233954 -0.73121 35.1261 0.0603479 -0.000886724
72.41 12.4371 -0.232992 -0.731244 35.1336 0.0603324 -0.00086696
72.42 12.4355 -0.23203 -0.731273 35.1412 0.0603169 -0.000847158
72.43 12.4339 -0.231068 -0.731298 35.1487 0.0603014 -0.000827382
72.44 12.4324 -0.230107 -0.731319 35.1562 0.060286 -0.000807682
72.45 12.4308 -0.229145 -0.731336 35.1637 0.0602705 -0.000788085
72.46 12.4292 -0.228183 -0.731348 35.1713 0.060255 -0.000768555
72.47 12.4277 -0.227221 -0.731357 35.1788 0.0602395 -0.000749041
72.48 12.4261 -0.226258 -0.731361 35.1863 0.060224 -0.000729483
72.49 12.4245 -0.225293 -0.731361 35.1939 0.0602085 -0.000709852
72.5 12.423 -0.224328 -0.731357 35.2014 0.060193 -0.000690167
72.51 12.4214 -0.223361 -0.731349 35.2089 0.0601776 -0.000670558
72.52 12.4199 -0.222395 -0.731337 35.2165 0.0601622 -0.000651129
72.53 12.4183 -0.221429 -0.73132 35.224 0.0601467 -0.000631855
72.54 12.4168 -0.220462 -0.731299 35.2315 0.0601313 -0.000612628
72.55 12.4152 -0.219495 -0.731274 35.2391 0.0601158 -0.000593347
72.56 12.4137 -0.218527 -0.731245 35.2466 0.0601004 -0.00057401
72.57 12.4121 -0.217559 -0.731212 35.2541 0.060085 -0.000554663
72.58 12.4106 -0.216592 -0.731174 35.2617 0.0600696 -0.000535392
72.59 12.4091 -0.215626 -0.731132 35.2692 0.0600542 -0.000516222
72.6 12.4075 -0.214662 -0.731086 35.2768 0.0600388 -0.000497166
72.61 12.406 -0.213698 -0.731035 35.2843 0.0600234 -0.000478188
72.62 12.4045 -0.212737 -0.730979 35.2918 0.060008 -0.000459265
72.63 12.403 -0.211778 -0.730919 35.2994 0.0599925 -0.000440359
72.64 12.4014 -0.210821 -0.730855 35.3069 0.0599771 -0.000421454
72.65 12.3999 -0.209866 -0.730786 35.3144 0.0599618 -0.000402566
72.66 12.3984 -0.208914 -0.730713 35.322 0.0599464 -0.000383737
72.67 12.3969 -0.207966 -0.730635 35.3295 0.059931 -0.000365031
72.68 12.3954 -0.207021 -0.730552 35.3371 0.0599155 -0.000346457
72.69 12.3939 -0.206079 -0.730465 35.3446 0.0599001 -0.000327995
72.7 12.3924 -0.205141 -0.730373 35.3521 0.0598847 -0.000309584
72.71 12.3909 -0.204207 -0.730277 35.3597 0.0598693 -0.000291192
72.72 12.3895 -0.203275 -0.730176 35.3672 0.0598539 -0.000272813
72.73 12.388 -0.202348 -0.730072 35.3748 0.0598386 -0.000254486
72.74 12.3865 -0.201423 -0.729962 35.3823 0.0598233 -0.000236267
72.75 12.385 -0.200503 -0.729849 35.3899 0.0598079 -0.000218201
72.76 12.3835 -0.199586 -0.72973 35.3974 0.0597926 -0.000200286
72.77 12.3821 -0.198673 -0.729607 35.4049 0.0597772 -0.000182485
72.78 12.3806 -0.197763 -0.72948 35.4125 0.0597618 -0.000164738
72.79 12.3792 -0.196855 -0.729349 35.42 0.0597464 -0.000147016
72.8 12.3777 -0.19595 -0.729213 35.4276 0.0597311 -0.000129337
72.81 12.3763 -0.195047 -0.729074 35.4351 0.0597158 -0.000111745
72.82 12.3748 -0.194147 -0.72893 35.4427 0.0597005 -9.43011e-05
72.83 12.3734 -0.193249 -0.728782 35.4502 0.0596852 -7.70257e-05
72.84 12.372 -0.192353 -0.72863 35.4577 0.0596699 -5.99077e-05
72.85 12.3705 -0.19146 -0.728474 35.4653 0.0596545 -4.28911e-05
72.86 12.3691 -0.190567 -0.728314 35.4728 0.0596392 -2.59377e-05
72.87 12.3677 -0.189677 -0.728149 35.4804 0.0596239 -9.02439e-06
72.88 12.3663 -0.188787 -0.727981 35.4879 0.0596086 7.81307e-06
72.89 12.3649 -0.187899 -0.727809 35.4955 0.0595934 2.45273e-05
72.9 12.3635 -0.187013 -0.727633 35.503 0.0595782 4.10742e-05
72.91 12.3621 -0.186129 -0.727453 35.5106 0.0595629 5.74386e-05
72.92 12.3607 -0.185247 -0.727268 35.5181 0.0595477 7.36611e-05
72.93 12.3593 -0.184367 -0.727079 35.5257 0.0595324 8.97832e-05
72.94 12.3579 -0.183489 -0.726887 35.5332 0.0595171 0.00010584
72.95 12.3566 -0.182612 -0.72669 35.5408 0.0595019 0.000121823
72.96 12.3552 -0.181739 -0.726489 35.5483 0.0594867 0.000137705
72.97 12.3538 -0.180868 -0.726285 35.5559 0.0594716 0.000153433
72.98 12.3525 -0.180001 -0.726076 35.5634 0.0594565 0.000168985
72.99 12.3511 -0.179137 -0.725862 35.571 0.0594413 0.000184357
73 12.3498 -0.178278 -0.725645 35.5785 0.0594261 0.000199587
73.01 12.3485 -0.177422 -0.725423 35.5861 0.0594109 0.000214716
73.02 12.3471 -0.176571 -0.725196 35.5936 0.0593958 0.000229762
73.03 12.3458 -0.175724 -0.724966 35.6012 0.0593807 0.000244714
73.04 12.3445 -0.174882 -0.724731 35.6087 0.0593656 0.000259534
73.05 12.3432 -0.174046 -0.724492 35.6163 0.0593506 0.000274182
73.06 12.3419 -0.173215 -0.724249 35.6238 0.0593355 0.000288641
73.07 12.3406 -0.17239 -0.724002 35.6314 0.0593204 0.000302926
73.08 12.3393 -0.171571 -0.723749 35.6389 0.0593053 0.000317088
73.09 12.3381 -0.170757 -0.723493 35.6465 0.0592902 0.00033118
73.1 12.3368 -0.169949 -0.723233 35.654 0.0592752 0.00034516
73.11 12.3355 -0.169148 -0.722968 35.6616 0.0592602 0.00035897
73.12 12.3343 -0.168352 -0.7227 35.6691 0.0592452 0.000372587
73.13 12.333 -0.167562 -0.722427 35.6767 0.0592303 0.000386027
73.14 12.3318 -0.166779 -0.72215 35.6842 0.0592153 0.000399319
73.15 12.3305 -0.166001 -0.721869 35.6918 0.0592004 0.000412466
73.16 12.3293 -0.165228 -0.721584 35.6993 0.0591854 0.000425465
73.17 12.3281 -0.164461 -0.721295 35.7069 0.0591704 0.000438315
73.18 12.3269 -0.163698 -0.721002 35.7145 0.0591555 0.000451031
73.19 12.3257 -0.162941 -0.720706 35.722 0.0591407 0.00046361
73.2 12.3245 -0.162188 -0.720405 35.7296 0.0591259 0.000476057
73.21 12.3233 -0.161439 -0.720101 35.7371 0.0591111 0.000488355
73.22 12.3221 -0.160695 -0.719793 35.7447 0.0590963 0.000500459
73.23 12.3209 -0.159955 -0.719482 35.7522 0.0590814 0.000512339
73.24 12.3198 -0.159219 -0.719166 35.7598 0.0590666 0.00052404
73.25 12.3186 -0.158486 -0.718847 35.7674 0.0590519 0.000535627
73.26 12.3175 -0.157757 -0.718525 35.7749 0.0590371 0.000547118
73.27 12.3163 -0.157032 -0.718199 35.7825 0.0590225 0.000558469
73.28 12.3152 -0.15631 -0.71787 35.79 0.0590079 0.000569628
73.29 12.3141 -0.155593 -0.717537 35.7976 0.0589932 0.000580574
73.3 12.313 -0.154879 -0.7172 35.8051 0.0589786 0.000591331
73.31 12.3119 -0.154169 -0.71686 35.8127 0.058964 0.000601938
73.32 12.3108 -0.153463 -0.716515 35.8203 0.0589493 0.000612415
73.33 12.3097 -0.152761 -0.716168 35.8278 0.0589347 0.000622751
73.34 12.3086 -0.152063 -0.715817 35.8354 0.0589202 0.000632919
73.35 12.3076 -0.15137 -0.715462 35.8429 0.0589058 0.000642905
73.36 12.3065 -0.150682 -0.715104 35.8505 0.0588913 0.000652702
73.37 12.3055 -0.15 -0.714742 35.8581 0.0588769 0.000662331
73.38 12.3044 -0.149323 -0.714376 35.8656 0.0588624 0.000671789
73.39 12.3034 -0.148652 -0.714007 35.8732 0.0588479 0.000681083
73.4 12.3024 -0.147987 -0.713633 35.8807 0.0588335 0.000690208
73.41 12.3014 -0.147328 -0.713257 35.8883 0.0588191 0.000699166
73.42 12.3004 -0.146676 -0.712876 35.8959 0.0588048 0.000707956
73.43 12.2994 -0.146031 -0.712492 35.9034 0.0587905 0.000716566
73.44 12.2984 -0.145393 -0.712104 35.911 0.0587763 0.000724999
73.45 12.2975 -0.144762 -0.711713 35.9186 0.058762 0.000733248
73.46 12.2965 -0.144139 -0.711317 35.9261 0.0587478 0.000741323
73.47 12.2956 -0.143523 -0.710917 35.9337 0.0587335 0.000749225
73.48 12.2946 -0.142915 -0.710514 35.9412 0.0587193 0.000756956
73.49 12.2937 -0.142314 -0.710108 35.9488 0.0587052 0.00076451
73.5 12.2928 -0.141721 -0.709698 35.9564 0.0586911 0.000771884
73.51 12.2919 -0.141135 -0.709285 35.9639 0.0586771 0.000779078
73.52 12.291 -0.140557 -0.708867 35.9715 0.0586631 0.00078609
73.53 12.2901 -0.139986 -0.708447 35.9791 0.0586491 0.00079293
73.54 12.2892 -0.139421 -0.708022 35.9866 0.0586351 0.000799595
73.55 12.2884 -0.138864 -0.707594 35.9942 0.0586211 0.000806082
73.56 12.2875 -0.138314 -0.707163 36.0018 0.0586072 0.000812386
73.57 12.2867 -0.137769 -0.706729 36.0093 0.0585934 0.000818505
73.58 12.2858 -0.137232 -0.706292 36.0169 0.0585797 0.000824442
73.59 12.285 -0.1367 -0.705852 36.0245 0.058566 0.000830203
73.6 12.2842 -0.136173 -0.705408 36.032 0.0585523 0.000835794
73.61 12.2834 -0.135653 -0.704961 36.0396 0.0585386 0.000841216
73.62 12.2826 -0.135137 -0.704511 36.0472 0.0585249 0.00084646
73.63 12.2819 -0.134627 -0.704058 36.0547 0.0585112 0.000851513
73.64 12.2811 -0.134122 -0.703603 36.0623 0.0584977 0.000856373
73.65 12.2803 -0.133622 -0.703144 36.0699 0.0584842 0.00086105
73.66 12.2796 -0.133128 -0.702683 36.0774 0.0584708 0.000865553
73.67 12.2789 -0.132638 -0.702219 36.085 0.0584574 0.000869893
73.68 12.2782 -0.132153 -0.701752 36.0926 0.0584441 0.000874066
73.69 12.2775 -0.131673 -0.701282 36.1001 0.0584307 0.000878061
73.7 12.2768 -0.131198 -0.700809 36.1077 0.0584174 0.000881874
73.71 12.2761 -0.130729 -0.700333 36.1153 0.0584041 0.000885492
73.72 12.2754 -0.130266 -0.699855 36.1228 0.058391 0.00088892
73.73 12.2748 -0.129808 -0.699374 36.1304 0.0583779 0.000892169
73.74 12.2741 -0.129356 -0.69889 36.138 0.058365 0.000895261
73.75 12.2735 -0.128911 -0.698404 36.1455 0.0583521 0.000898191
73.76 12.2729 -0.128472 -0.697914 36.1531 0.0583391 0.000900949
73.77 12.2723 -0.12804 -0.697421 36.1607 0.0583262 0.000903524
73.78 12.2717 -0.127616 -0.696925 36.1683 0.0583133 0.000905913
73.79 12.2711 -0.127199 -0.696427 36.1758 0.0583004 0.000908116
73.8 12.2705 -0.12679 -0.695925 36.1834 0.0582877 0.000910132
73.81 12.2699 -0.126388 -0.695421 36.191 0.058275 0.000911974
73.82 12.2694 -0.125995 -0.694915 36.1985 0.0582625 0.000913653
73.83 12.2689 -0.12561 -0.694405 36.2061 0.0582499 0.000915183
73.84 12.2683 -0.125233 -0.693892 36.2137 0.0582374 0.000916565
73.85 12.2678 -0.124865 -0.693376 36.2213 0.0582249 0.000917772
73.86 12.2673 -0.124505 -0.692858 36.2288 0.0582125 0.000918791
73.87 12.2669 -0.124154 -0.692337 36.2364 0.0582002 0.000919612
73.88 12.2664 -0.123811 -0.691813 36.244 0.058188 0.000920249
73.89 12.2659 -0.123477 -0.691287 36.2515 0.0581759 0.000920733
73.9 12.2655 -0.123151 -0.690758 36.2591 0.0581638 0.000921079
73.91 12.2651 -0.122833 -0.690226 36.2667 0.0581518 0.000921293
73.92 12.2646 -0.122523 -0.689692 36.2743 0.0581398 0.000921357
73.93 12.2642 -0.12222 -0.689155 36.2818 0.0581279 0.000921243
73.94 12.2638 -0.121926 -0.688615 36.2894 0.058116 0.000920937
73.95 12.2635 -0.121638 -0.688073 36.297 0.0581043 0.00092045
73.96 12.2631 -0.121358 -0.687529 36.3046 0.0580927 0.000919827
73.97 12.2627 -0.121084 -0.686983 36.3121 0.0580811 0.000919118
73.98 12.2624 -0.120817 -0.686435 36.3197 0.0580696 0.000918278
73.99 12.2621 -0.120557 -0.685884 36.3273 0.0580582 0.000917244
74 12.2618 -0.120302 -0.685331 36.3349 0.0580468 0.000916017
74.01 12.2615 -0.120054 -0.684775 36.3424 0.0580354 0.000914628
74.02 12.2612 -0.119812 -0.684218 36.35 0.0580242 0.000913108
74.03 12.2609 -0.119576 -0.683659 36.3576 0.058013 0.000911452
74.04 12.2606 -0.119345 -0.683097 36.3652 0.058002 0.000909644
74.05 12.2604 -0.11912 -0.682534 36.3727 0.057991 0.000907685
74.06 12.2602 -0.1189 -0.681968 36.3803 0.0579801 0.000905602
74.07 12.2599 -0.118685 -0.6814 36.3879 0.0579692 0.000903408
74.08 12.2597 -0.118477 -0.68083 36.3955 0.0579584 0.000901097
74.09 12.2595 -0.118274 -0.680259 36.403 0.0579477 0.000898628
74.1 12.2594 -0.118077 -0.679685 36.4106 0.057937 0.00089598
74.11 12.2592 -0.117887 -0.679109 36.4182 0.0579265 0.00089316
74.12 12.259 -0.117702 -0.678532 36.4258 0.0579161 0.000890211
74.13 12.2589 -0.117524 -0.677952 36.4333 0.0579057 0.000887168
74.14 12.2588 -0.117353 -0.67737 36.4409 0.0578954 0.000884044
74.15 12.2586 -0.117188 -0.676787 36.4485 0.0578851 0.000880812
74.16 12.2585 -0.11703 -0.676201 36.4561 0.0578749 0.000877425
74.17 12.2585 -0.11688 -0.675613 36.4636 0.0578647 0.000873866
74.18 12.2584 -0.116738 -0.675023 36.4712 0.0578547 0.000870139
74.19 12.2583 -0.116604 -0.674431 36.4788 0.0578448 0.00086628
74.2 12.2583 -0.116477 -0.673837 36.4864 0.057835 0.000862326
74.21 12.2582 -0.116359 -0.673241 36.494 0.0578252 0.000858296
74.22 12.2582 -0.116248 -0.672643 36.5015 0.0578155 0.000854181
74.23 12.2582 -0.116146 -0.672043 36.5091 0.0578058 0.000849951
74.24 12.2582 -0.116053 -0.671441 36.5167 0.0577962 0.000845568
74.25 12.2582 -0.115967 -0.670837 36.5243 0.0577867 0.000841022
74.26 12.2583 -0.115891 -0.670231 36.5319 0.0577773 0.000836338
74.27 12.2583 -0.115823 -0.669624 36.5394 0.0577681 0.00083155
74.28 12.2584 -0.115762 -0.669014 36.547 0.0577589 0.000826685
74.29 12.2585 -0.11571 -0.668403 36.5546 0.0577498 0.000821749
74.3 12.2586 -0.115665 -0.66779 36.5622 0.0577407 0.000816727
74.31 12.2587 -0.115628 -0.667175 36.5698 0.0577317 0.000811593
74.32 12.2588 -0.115598 -0.666558 36.5773 0.0577227 0.000806321
74.33 12.2589 -0.115576 -0.66594 36.5849 0.0577139 0.000800908
74.34 12.259 -0.115561 -0.665321 36.5925 0.0577052 0.000795371
74.35 12.2592 -0.115552 -0.6647 36.6001 0.0576966 0.000789743
74.36 12.2594 -0.11555 -0.664077 36.6077 0.057688 0.000784052
74.37 12.2596 -0.115554 -0.663453 36.6152 0.0576796 0.000778307
74.38 12.2598 -0.115563 -0.662828 36.6228 0.0576712 0.000772489
74.39 12.26 -0.115578 -0.662201 36.6304 0.0576628 0.000766553
74.4 12.2602 -0.115599 -0.661573 36.638 0.0576546 0.000760477
74.41 12.2604 -0.115626 -0.660943 36.6456 0.0576464 0.000754266
74.42 12.2607 -0.115658 -0.660313 36.6531 0.0576384 0.000747947
74.43 12.2609 -0.115695 -0.659682 36.6607 0.0576305 0.000741566
74.44 12.2612 -0.115736 -0.659049 36.6683 0.0576226 0.000735141
74.45 12.2615 -0.115783 -0.658415 36.6759 0.0576148 0.00072867
74.46 12.2618 -0.115834 -0.657779 36.6835 0.0576071 0.000722115
74.47 12.2621 -0.115891 -0.657142 36.6911 0.0575994 0.000715437
74.48 12.2625 -0.115954 -0.656505 36.6986 0.0575919 0.000708623
74.49 12.2628 -0.116021 -0.655866 36.7062 0.0575844 0.000701688
74.5 12.2632 -0.116095 -0.655226 36.7138 0.0575771 0.000694676
74.51 12.2635 -0.116173 -0.654585 36.7214 0.05757 0.000687628
74.52 12.2639 -0.116258 -0.653942 36.729 0.0575629 0.000680547
74.53 12.2643 -0.116348 -0.653299 36.7366 0.0575558 0.000673396
74.54 12.2647 -0.116445 -0.652653 36.7441 0.0575488 0.000666144
74.55 12.2652 -0.116549 -0.652007 36.7517 0.0575418 0.000658773
74.56 12.2656 -0.11666 -0.651359 36.7593 0.057535 0.00065129
74.57 12.2661 -0.116777 -0.65071 36.7669 0.0575283 0.000643715
74.58 12.2665 -0.116902 -0.65006 36.7745 0.0575217 0.000636069
74.59 12.267 -0.117034 -0.649409 36.7821 0.0575152 0.000628377
74.6 12.2675 -0.117173 -0.648756 36.7896 0.0575088 0.000620653
74.61 12.268 -0.117319 -0.648102 36.7972 0.0575025 0.000612884
74.62 12.2685 -0.117473 -0.647447 36.8048 0.0574962 0.000605027
74.63 12.2691 -0.117634 -0.64679 36.8124 0.0574901 0.000597058
74.64 12.2696 -0.117803 -0.646133 36.82 0.057484 0.00058897
74.65 12.2702 -0.11798 -0.645474 36.8276 0.0574781 0.000580795
74.66 12.2707 -0.118164 -0.644814 36.8352 0.0574723 0.000572573
74.67 12.2713 -0.118354 -0.644154 36.8427 0.0574666 0.000564333
74.68 12.2719 -0.118552 -0.643492 36.8503 0.057461 0.000556066
74.69 12.2725 -0.118756 -0.642829 36.8579 0.0574554 0.000547741
74.7 12.2731 -0.118967 -0.642165 36.8655 0.0574499 0.00053932
74.71 12.2738 -0.119185 -0.641501 36.8731 0.0574446 0.000530792
74.72 12.2744 -0.119409 -0.640835 36.8807 0.0574393 0.000522161
74.73 12.2751 -0.119638 -0.640169 36.8882 0.0574342 0.000513452
74.74 12.2758 -0.119874 -0.639503 36.8958 0.0574292 0.000504717
74.75 12.2764 -0.120114 -0.638835 36.9034 0.0574242 0.000495968
74.76 12.2771 -0.120359 -0.638167 36.911 0.0574194 0.000487196
74.77 12.2779 -0.120609 -0.637499 36.9186 0.0574146 0.00047835
74.78 12.2786 -0.120864 -0.636829 36.9262 0.0574099 0.000469403
74.79 12.2793 -0.121123 -0.636159 36.9338 0.0574054 0.000460342
74.8 12.2801 -0.121387 -0.635489 36.9414 0.0574009 0.000451198
74.81 12.2808 -0.121655 -0.634819 36.9489 0.0573966 0.000441998
74.82 12.2816 -0.121926 -0.634148 36.9565 0.0573924 0.000432774
74.83 12.2824 -0.122202 -0.633476 36.9641 0.0573882 0.000423537
74.84 12.2832 -0.122481 -0.632804 36.9717 0.0573841 0.00041426
74.85 12.284 -0.122764 -0.632132 36.9793 0.0573802 0.000404911
74.86 12.2848 -0.123052 -0.631459 36.9869 0.0573763 0.000395444
74.87 12.2857 -0.123344 -0.630786 36.9945 0.0573725 0.00038587
74.88 12.2865 -0.12364 -0.630113 37.002 0.0573688 0.00037621
74.89 12.2874 -0.12394 -0.629439 37.0096 0.0573653 0.000366515
74.9 12.2882 -0.124244 -0.628764 37.0172 0.0573619 0.000356805
74.91 12.2891 -0.124553 -0.628089 37.0248 0.0573585 0.000347085
74.92 12.29 -0.124867 -0.627414 37.0324 0.0573552 0.000337307
74.93 12.2909 -0.125185 -0.626738 37.04 0.057352 0.000327431
74.94 12.2918 -0.125509 -0.626061 37.0476 0.0573489 0.000317439
74.95 12.2927 -0.125839 -0.625384 37.0552 0.0573459 0.000307349
74.96 12.2937 -0.126174 -0.624707 37.0627 0.0573431 0.000297206
74.97 12.2946 -0.126514 -0.624029 37.0703 0.0573404 0.000287033
74.98 12.2956 -0.12686 -0.623351 37.0779 0.0573377 0.000276844
74.99 12.2966 -0.127212 -0.622672 37.0855 0.0573351 0.000266612
75 12.2976 -0.127569 -0.621992 37.0931 0.0573326 0.000256319
75.01 12.2986 -0.127932 -0.621312 37.1007 0.0573303 0.000245932
75.02 12.2996 -0.128302 -0.620631 37.1083 0.057328 0.000235452
75.03 12.3006 -0.128677 -0.619951 37.1159 0.0573258 0.000224877
75.04 12.3016 -0.129058 -0.619269 37.1235 0.0573238 0.000214246
75.05 12.3026 -0.129445 -0.618587 37.131 0.0573218 0.000203582
75.06 12.3037 -0.129837 -0.617905 37.1386 0.05732 0.000192901
75.07 12.3048 -0.130234 -0.617223 37.1462 0.0573182 0.000182192
75.08 12.3058 -0.130636 -0.61654 37.1538 0.0573165 0.000171412
75.09 12.3069 -0.131043 -0.615857 37.1614 0.0573149 0.000160535
75.1 12.308 -0.131454 -0.615174 37.169 0.0573135 0.000149546
75.11 12.3091 -0.131871 -0.61449 37.1766 0.0573121 0.000138475
75.12 12.3102 -0.132291 -0.613807 37.1842 0.0573109 0.000127351
75.13 12.3113 -0.132715 -0.613124 37.1918 0.0573097 0.000116219
75.14 12.3125 -0.133142 -0.61244 37.1993 0.0573086 0.000105065
75.15 12.3136 -0.133572 -0.611757 37.2069 0.0573077 9.38669e-05
75.16 12.3148 -0.134006 -0.611073 37.2145 0.0573068 8.25747e-05
75.17 12.3159 -0.134442 -0.61039 37.2221 0.057306 7.11703e-05
75.18 12.3171 -0.134882 -0.609707 37.2297 0.0573053 5.96606e-05
75.19 12.3183 -0.135324 -0.609024 37.2373 0.0573047 4.80834e-05
75.2 12.3195 -0.135768 -0.608342 37.2449 0.0573042 3.64775e-05
75.21 12.3207 -0.136214 -0.607659 37.2525 0.0573038 2.48517e-05
75.22 12.3219 -0.136662 -0.606977 37.2601 0.0573035 1.31894e-05
75.23 12.3231 -0.137112 -0.606295 37.2676 0.0573032 1.44949e-06
75.24 12.3244 -0.137565 -0.605613 37.2752 0.0573031 -1.0382e-05
75.25 12.3256 -0.138019 -0.604931 37.2828 0.0573031 -2.23262e-05
75.26 12.3268 -0.138477 -0.604249 37.2904 0.0573031 -3.43591e-05
75.27 12.3281 -0.138936 -0.603568 37.298 0.0573033 -4.64616e-05
75.28 12.3294 -0.139398 -0.602887 37.3056 0.0573035 -5.85938e-05
75.29 12.3307 -0.139863 -0.602206 37.3132 0.0573039 -7.07548e-05
75.3 12.3319 -0.14033 -0.601525 37.3208 0.0573043 -8.29541e-05
75.31 12.3332 -0.1408 -0.600845 37.3284 0.0573048 -9.52336e-05
75.32 12.3345 -0.141273 -0.600164 37.336 0.0573054 -0.000107619
75.33 12.3359 -0.141749 -0.599484 37.3435 0.0573061 -0.000120114
75.34 12.3372 -0.142229 -0.598803 37.3511 0.0573069 -0.000132697
75.35 12.3385 -0.142713 -0.598123 37.3587 0.0573079 -0.000145319
75.36 12.3399 -0.1432 -0.597443 37.3663 0.0573089 -0.000157962
75.37 12.3412 -0.143691 -0.596763 37.3739 0.05731 -0.000170627
75.38 12.3426 -0.144186 -0.596083 37.3815 0.0573112 -0.000183365
75.39 12.3439 -0.144685 -0.595403 37.3891 0.0573125 -0.000196198
75.4 12.3453 -0.145188 -0.594724 37.3967 0.0573138 -0.000209144
75.41 12.3467 -0.145695 -0.594044 37.4043 0.0573153 -0.00022217
75.42 12.3481 -0.146206 -0.593365 37.4119 0.0573168 -0.000235259
75.43 12.3495 -0.146721 -0.592686 37.4194 0.0573185 -0.000248386
75.44 12.3509 -0.147239 -0.592007 37.427 0.0573202 -0.000261547
75.45 12.3523 -0.14776 -0.591328 37.4346 0.0573221 -0.000274749
75.46 12.3537 -0.148285 -0.59065 37.4422 0.057324 -0.000288008
75.47 12.3552 -0.148813 -0.589972 37.4498 0.057326 -0.000301358
75.48 12.3566 -0.149344 -0.589294 37.4574 0.0573281 -0.000314801
75.49 12.358 -0.149878 -0.588617 37.465 0.0573303 -0.000328339
75.5 12.3595 -0.150414 -0.587941 37.4726 0.0573326 -0.000341929
75.51 12.361 -0.150952 -0.587265 37.4802 0.057335 -0.000355561
75.52 12.3624 -0.151491 -0.586589 37.4878 0.0573374 -0.000369212
75.53 12.3639 -0.152032 -0.585914 37.4953 0.05734 -0.000382909
75.54 12.3654 -0.152574 -0.58524 37.5029 0.0573426 -0.000396673
75.55 12.3669 -0.153117 -0.584566 37.5105 0.0573453 -0.000410534
75.56 12.3684 -0.153662 -0.583893 37.5181 0.0573481 -0.000424508
75.57 12.3699 -0.154207 -0.583221 37.5257 0.057351 -0.000438587
75.58 12.3714 -0.154752 -0.58255 37.5333 0.057354 -0.000452715
75.59 12.3729 -0.155297 -0.581879 37.5409 0.0573571 -0.000466821
75.6 12.3744 -0.155843 -0.581209 37.5485 0.0573603 -0.000480932
75.61 12.376 -0.156388 -0.58054 37.5561 0.0573635 -0.000495096
75.62 12.3775 -0.156934 -0.579872 37.5637 0.0573668 -0.000509382
75.63 12.3791 -0.15748 -0.579204 37.5713 0.0573702 -0.000523777
75.64 12.3806 -0.158027 -0.578537 37.5788 0.0573737 -0.000538255
75.65 12.3822 -0.158573 -0.577871 37.5864 0.0573772 -0.000552763
75.66 12.3837 -0.15912 -0.577206 37.594 0.0573809 -0.000567299
75.67 12.3853 -0.159667 -0.576541 37.6016 0.0573846 -0.000581867
75.68 12.3869 -0.160215 -0.575877 37.6092 0.0573884 -0.000596488
75.69 12.3885 -0.160763 -0.575214 37.6168 0.0573923 -0.000611177
75.7 12.39 -0.161312 -0.574551 37.6244 0.0573963 -0.000625933
75.71 12.3916 -0.161863 -0.573889 37.632 0.0574003 -0.000640762
75.72 12.3932 -0.162414 -0.573228 37.6396 0.0574045 -0.000655649
75.73 12.3948 -0.162967 -0.572567 37.6472 0.0574087 -0.000670594
75.74 12.3964 -0.163522 -0.571907 37.6547 0.057413 -0.000685563
75.75 12.3981 -0.164077 -0.571247 37.6623 0.0574174 -0.000700564
75.76 12.3997 -0.164635 -0.570588 37.6699 0.0574218 -0.000715586
75.77 12.4013 -0.165194 -0.569929 37.6775 0.0574263 -0.000730667
75.78 12.4029 -0.165754 -0.569272 37.6851 0.0574309 -0.000745812
75.79 12.4046 -0.166317 -0.568614 37.6927 0.0574356 -0.000761026
75.8 12.4062 -0.166881 -0.567958 37.7003 0.0574403 -0.000776293
75.81 12.4078 -0.167447 -0.567302 37.7079 0.0574452 -0.000791587
75.82 12.4095 -0.168014 -0.566646 37.7155 0.0574501 -0.000806896
75.83 12.4111 -0.168583 -0.565992 37.7231 0.057455 -0.00082222
75.84 12.4128 -0.169152 -0.565338 37.7307 0.0574601 -0.000837586
75.85 12.4145 -0.169723 -0.564685 37.7382 0.0574652 -0.000852991
75.86 12.4161 -0.170294 -0.564033 37.7458 0.0574704 -0.000868459
75.87 12.4178 -0.170866 -0.563381 37.7534 0.0574756 -0.000883973
75.88 12.4195 -0.171438 -0.562731 37.761 0.057481 -0.00089953
75.89 12.4211 -0.17201 -0.562081 37.7686 0.0574864 -0.000915099
75.9 12.4228 -0.172582 -0.561433 37.7762 0.0574918 -0.00093068
75.91 12.4245 -0.173152 -0.560785 37.7838 0.0574973 -0.000946274
75.92 12.4262 -0.173722 -0.560138 37.7914 0.0575029 -0.000961901
75.93 12.4279 -0.174291 -0.559493 37.799 0.0575086 -0.000977574
75.94 12.4296 -0.174858 -0.558849 37.8066 0.0575143 -0.000993289
75.95 12.4313 -0.175424 -0.558205 37.8142 0.0575201 -0.00100904
75.96 12.433 -0.175988 -0.557563 37.8217 0.0575259 -0.00102482
75.97 12.4347 -0.17655 -0.556922 37.8293 0.0575318 -0.0010406
75.98 12.4364 -0.17711 -0.556282 37.8369 0.0575378 -0.00105639
75.99 12.4381 -0.177668 -0.555643 37.8445 0.0575438 -0.00107219
76 12.4398 -0.178223 -0.555006 37.8521 0.0575499 -0.00108802
76.01 12.4415 -0.178776 -0.55437 37.8597 0.0575561 -0.00110388
76.02 12.4433 -0.179327 -0.553734 37.8673 0.0575623 -0.00111977
76.03 12.445 -0.179876 -0.5531 37.8749 0.0575685 -0.00113568
76.04 12.4467 -0.180422 -0.552467 37.8825 0.0575749 -0.0011516
76.05 12.4484 -0.180967 -0.551836 37.8901 0.0575812 -0.00116751
76.06 12.4502 -0.181509 -0.551205 37.8976 0.0575877 -0.00118343
76.07 12.4519 -0.18205 -0.550575 37.9052 0.0575942 -0.00119934
76.08 12.4536 -0.182589 -0.549946 37.9128 0.0576008 -0.00121528
76.09 12.4554 -0.183126 -0.549319 37.9204 0.0576074 -0.00123123
76.1 12.4571 -0.183663 -0.548692 37.928 0.057614 -0.0012472
76.11 12.4589 -0.184198 -0.548066 37.9356 0.0576208 -0.00126316
76.12 12.4606 -0.184732 -0.547442 37.9432 0.0576275 -0.00127912
76.13 12.4624 -0.185265 -0.546818 37.9508 0.0576344 -0.00129506
76.14 12.4641 -0.185797 -0.546195 37.9584 0.0576413 -0.00131099
76.15 12.4659 -0.186329 -0.545573 37.966 0.0576482 -0.00132692
76.16 12.4676 -0.186859 -0.544952 37.9736 0.0576552 -0.00134285
76.17 12.4694 -0.18739 -0.544332 37.9811 0.0576623 -0.00135878
76.18 12.4711 -0.187919 -0.543713 37.9887 0.0576694 -0.00137471
76.19 12.4729 -0.188448 -0.543095 37.9963 0.0576765 -0.00139063
76.2 12.4746 -0.188977 -0.542477 38.0039 0.0576837 -0.00140652
76.21 12.4764 -0.189504 -0.541861 38.0115 0.057691 -0.0014224
76.22 12.4781 -0.19003 -0.541246 38.0191 0.0576983 -0.00143825
76.23 12.4799 -0.190555 -0.540632 38.0267 0.0577057 -0.0014541
76.24 12.4816 -0.191078 -0.540019 38.0343 0.0577131 -0.00146993
76.25 12.4834 -0.1916 -0.539407 38.0419 0.0577205 -0.00148576
76.26 12.4852 -0.19212 -0.538797 38.0495 0.057728 -0.00150157
76.27 12.4869 -0.192638 -0.538187 38.0571 0.0577355 -0.00151736
76.28 12.4887 -0.193153 -0.537579 38.0646 0.0577431 -0.00153312
76.29 12.4904 -0.193666 -0.536972 38.0722 0.0577508 -0.00154886
76.3 12.4922 -0.194175 -0.536366 38.0798 0.0577584 -0.00156457
76.31 12.494 -0.194681 -0.535762 38.0874 0.0577662 -0.00158026
76.32 12.4957 -0.195184 -0.535158 38.095 0.0577739 -0.00159594
76.33 12.4975 -0.195683 -0.534557 38.1026 0.0577817 -0.0016116
76.34 12.4992 -0.196179 -0.533956 38.1102 0.0577896 -0.00162724
76.35 12.501 -0.19667 -0.533357 38.1178 0.0577975 -0.00164284
76.36 12.5028 -0.197157 -0.53276 38.1254 0.0578054 -0.00165841
76.37 12.5045 -0.197639 -0.532164 38.133 0.0578134 -0.00167394
76.38 12.5063 -0.198118 -0.531569 38.1405 0.0578214 -0.00168946
76.39 12.508 -0.198591 -0.530976 38.1481 0.0578295 -0.00170495
76.4 12.5098 -0.199061 -0.530384 38.1557 0.0578376 -0.00172041
76.41 12.5115 -0.199526 -0.529793 38.1633 0.0578457 -0.00173583
76.42 12.5133 -0.199986 -0.529204 38.1709 0.0578539 -0.00175122
76.43 12.515 -0.200443 -0.528616 38.1785 0.0578621 -0.00176657
76.44 12.5168 -0.200895 -0.52803 38.1861 0.0578703 -0.00178189
76.45 12.5186 -0.201344 -0.527445 38.1937 0.0578786 -0.00179717
76.46 12.5203 -0.201788 -0.526861 38.2013 0.057887 -0.00181241
76.47 12.522 -0.202229 -0.526279 38.2089 0.0578954 -0.00182761
76.48 12.5238 -0.202667 -0.525697 38.2165 0.0579038 -0.00184276
76.49 12.5255 -0.203101 -0.525117 38.224 0.0579122 -0.00185788
76.5 12.5273 -0.203532 -0.524538 38.2316 0.0579206 -0.00187295
76.51 12.529 -0.203961 -0.523961 38.2392 0.0579292 -0.00188799
76.52 12.5308 -0.204386 -0.523384 38.2468 0.0579377 -0.00190297
76.53 12.5325 -0.204809 -0.522809 38.2544 0.0579463 -0.00191791
76.54 12.5342 -0.205229 -0.522235 38.262 0.057955 -0.0019328
76.55 12.536 -0.205646 -0.521662 38.2696 0.0579636 -0.00194764
76.56 12.5377 -0.206061 -0.521091 38.2772 0.0579723 -0.00196244
76.57 12.5394 -0.206474 -0.52052 38.2848 0.057981 -0.00197719
76.58 12.5411 -0.206884 -0.519951 38.2924 0.0579897 -0.00199189
76.59 12.5429 -0.207291 -0.519383 38.3 0.0579985 -0.00200655
76.6 12.5446 -0.207695 -0.518816 38.3075 0.0580074 -0.00202115
76.61 12.5463 -0.208097 -0.51825 38.3151 0.0580162 -0.00203571
76.62 12.548 -0.208495 -0.517686 38.3227 0.0580251 -0.00205022
76.63 12.5497 -0.20889 -0.517123 38.3303 0.058034 -0.00206467
76.64 12.5514 -0.209282 -0.516562 38.3379 0.058043 -0.00207911
76.65 12.5531 -0.20967 -0.516002 38.3455 0.0580519 -0.00209354
76.66 12.5548 -0.210054 -0.515443 38.3531 0.0580609 -0.00210792
76.67 12.5565 -0.210434 -0.514885 38.3607 0.0580699 -0.00212219
76.68 12.5582 -0.210809 -0.514329 38.3683 0.058079 -0.00213638
76.69 12.5599 -0.21118 -0.513775 38.3759 0.0580881 -0.00215052
76.7 12.5616 -0.211545 -0.513222 38.3834 0.0580972 -0.00216466
76.71 12.5633 -0.211906 -0.512671 38.391 0.0581063 -0.00217878
76.72 12.5649 -0.212262 -0.512121 38.3986 0.0581154 -0.00219284
76.73 12.5666 -0.212611 -0.511572 38.4062 0.0581245 -0.00220684
76.74 12.5683 -0.212956 -0.511026 38.4138 0.0581337 -0.00222077
76.75 12.5699 -0.213294 -0.510481 38.4214 0.0581429 -0.00223467
76.76 12.5716 -0.213627 -0.509937 38.429 0.0581522 -0.00224855
76.77 12.5733 -0.213954 -0.509395 38.4366 0.0581615 -0.00226238
76.78 12.5749 -0.214275 -0.508855 38.4442 0.0581707 -0.00227615
76.79 12.5766 -0.21459 -0.508316 38.4518 0.05818 -0.00228986
76.8 12.5782 -0.2149 -0.507779 38.4594 0.0581893 -0.00230352
76.81 12.5798 -0.215204 -0.507243 38.4669 0.0581986 -0.00231714
76.82 12.5815 -0.215502 -0.506709 38.4745 0.0582079 -0.00233072
76.83 12.5831 -0.215795 -0.506176 38.4821 0.0582173 -0.00234427
76.84 12.5847 -0.216083 -0.505645 38.4897 0.0582267 -0.00235775
76.85 12.5863 -0.216366 -0.505115 38.4973 0.0582361 -0.00237116
76.86 12.588 -0.216644 -0.504587 38.5049 0.0582456 -0.00238453
76.87 12.5896 -0.216918 -0.50406 38.5125 0.058255 -0.00239784
76.88 12.5912 -0.217187 -0.503534 38.5201 0.0582644 -0.00241112
76.89 12.5928 -0.217452 -0.503009 38.5277 0.0582738 -0.00242435
76.9 12.5944 -0.217713 -0.502486 38.5353 0.0582832 -0.00243753
76.91 12.596 -0.21797 -0.501965 38.5429 0.0582927 -0.00245065
76.92 12.5975 -0.218224 -0.501445 38.5504 0.0583022 -0.00246372
76.93 12.5991 -0.218473 -0.500926 38.558 0.0583117 -0.00247673
76.94 12.6007 -0.218719 -0.500408 38.5656 0.0583212 -0.00248969
76.95 12.6022 -0.218962 -0.499891 38.5732 0.0583307 -0.00250261
76.96 12.6038 -0.2192 -0.499376 38.5808 0.0583402 -0.00251547
76.97 12.6054 -0.219436 -0.498862 38.5884 0.0583497 -0.00252829
76.98 12.6069 -0.219667 -0.49835 38.596 0.0583592 -0.00254106
76.99 12.6084 -0.219895 -0.497839 38.6036 0.0583688 -0.00255378
77 12.61 -0.220119 -0.49733 38.6112 0.0583783 -0.00256645
77.01 12.6115 -0.220338 -0.496822 38.6188 0.0583879 -0.00257907
77.02 12.613 -0.220553 -0.496315 38.6264 0.0583974 -0.00259163
77.03 12.6145 -0.220764 -0.49581 38.6339 0.0584069 -0.00260416
77.04 12.6161 -0.22097 -0.495307 38.6415 0.0584164 -0.00261664
77.05 12.6176 -0.221171 -0.494805 38.6491 0.0584259 -0.00262907
77.06 12.6191 -0.221367 -0.494304 38.6567 0.0584354 -0.00264147
77.07 12.6206 -0.221557 -0.493806 38.6643 0.058445 -0.00265382
77.08 12.622 -0.221742 -0.493309 38.6719 0.0584546 -0.00266612
77.09 12.6235 -0.221921 -0.492814 38.6795 0.0584641 -0.0026784
77.1 12.625 -0.222094 -0.49232 38.6871 0.0584736 -0.00269069
77.11 12.6265 -0.222261 -0.491828 38.6947 0.0584831 -0.00270292
77.12 12.6279 -0.222421 -0.491337 38.7023 0.0584926 -0.00271505
77.13 12.6294 -0.222574 -0.490848 38.7099 0.0585021 -0.00272708
77.14 12.6308 -0.222721 -0.490361 38.7174 0.0585116 -0.00273909
77.15 12.6323 -0.222861 -0.489876 38.725 0.0585211 -0.00275111
77.16 12.6337 -0.222995 -0.489393 38.7326 0.0585307 -0.00276312
77.17 12.6351 -0.223122 -0.488911 38.7402 0.0585402 -0.00277506
77.18 12.6365 -0.223243 -0.488431 38.7478 0.0585496 -0.00278692
77.19 12.6379 -0.223357 -0.487952 38.7554 0.058559 -0.00279872
77.2 12.6393 -0.223465 -0.487475 38.763 0.0585685 -0.0028105
77.21 12.6407 -0.223567 -0.487 38.7706 0.0585779 -0.00282227
77.22 12.6421 -0.223663 -0.486526 38.7782 0.0585874 -0.002834
77.23 12.6435 -0.223754 -0.486054 38.7858 0.0585969 -0.00284567
77.24 12.6449 -0.223839 -0.485583 38.7934 0.0586063 -0.00285727
77.25 12.6463 -0.223918 -0.485114 38.801 0.0586157 -0.00286881
77.26 12.6476 -0.223993 -0.484647 38.8085 0.0586251 -0.00288031
77.27 12.649 -0.224062 -0.48418 38.8161 0.0586344 -0.00289178
77.28 12.6503 -0.224127 -0.483715 38.8237 0.0586438 -0.00290321
77.29 12.6517 -0.224188 -0.483252 38.8313 0.0586531 -0.0029146
77.3 12.653 -0.224244 -0.48279 38.8389 0.0586625 -0.00292593
77.31 12.6543 -0.224296 -0.48233 38.8465 0.0586719 -0.0029372
77.32 12.6556 -0.224344 -0.481871 38.8541 0.0586812 -0.00294841
77.33 12.6569 -0.224387 -0.481414 38.8617 0.0586905 -0.00295958
77.34 12.6582 -0.224427 -0.480957 38.8693 0.0586997 -0.00297071
77.35 12.6595 -0.224462 -0.480503 38.8769 0.0587089 -0.00298179
77.36 12.6608 -0.224494 -0.480049 38.8845 0.0587182 -0.00299283
77.37 12.6621 -0.224521 -0.479598 38.8921 0.0587274 -0.00300382
77.38 12.6633 -0.224544 -0.479148 38.8996 0.0587367 -0.00301475
77.39 12.6646 -0.224563 -0.478699 38.9072 0.0587459 -0.00302564
77.4 12.6659 -0.224577 -0.478252 38.9148 0.0587551 -0.00303646
77.41 12.6671 -0.224586 -0.477807 38.9224 0.0587642 -0.00304723
77.42 12.6683 -0.22459 -0.477362 38.93 0.0587733 -0.00305796
77.43 12.6696 -0.224589 -0.47692 38.9376 0.0587824 -0.00306865
77.44 12.6708 -0.224583 -0.47648 38.9452 0.0587915 -0.00307929
77.45 12.672 -0.224572 -0.476041 38.9528 0.0588006 -0.00308988
77.46 12.6732 -0.224554 -0.475604 38.9604 0.0588096 -0.00310041
77.47 12.6744 -0.224531 -0.475169 38.968 0.0588187 -0.00311089
77.48 12.6756 -0.224501 -0.474736 38.9756 0.0588277 -0.0031213
77.49 12.6768 -0.224466 -0.474304 38.9832 0.0588367 -0.00313166
77.5 12.6779 -0.224423 -0.473874 38.9907 0.0588456 -0.00314196
77.51 12.6791 -0.224375 -0.473447 38.9983 0.0588545 -0.00315223
77.52 12.6802 -0.22432 -0.473021 39.0059 0.0588634 -0.00316244
77.53 12.6814 -0.224258 -0.472597 39.0135 0.0588723 -0.0031726
77.54 12.6825 -0.22419 -0.472175 39.0211 0.0588813 -0.00318268
77.55 12.6836 -0.224115 -0.471755 39.0287 0.0588901 -0.00319269
77.56 12.6848 -0.224034 -0.471336 39.0363 0.0588989 -0.00320264
77.57 12.6859 -0.223946 -0.47092 39.0439 0.0589077 -0.00321252
77.58 12.687 -0.223853 -0.470505 39.0515 0.0589164 -0.00322235
77.59 12.6881 -0.223753 -0.470092 39.0591 0.0589251 -0.00323213
77.6 12.6891 -0.223647 -0.46968 39.0667 0.0589338 -0.00324184
77.61 12.6902 -0.223536 -0.469271 39.0743 0.0589425 -0.00325147
77.62 12.6913 -0.223419 -0.468863 39.0818 0.0589512 -0.00326103
77.63 12.6923 -0.223297 -0.468457 39.0894 0.0589598 -0.00327051
77.64 12.6934 -0.223169 -0.468053 39.097 0.0589683 -0.00327992
77.65 12.6944 -0.223037 -0.467649 39.1046 0.0589768 -0.00328925
77.66 12.6954 -0.222901 -0.467248 39.1122 0.0589853 -0.00329853
77.67 12.6965 -0.22276 -0.466848 39.1198 0.0589938 -0.00330774
77.68 12.6975 -0.222614 -0.46645 39.1274 0.0590022 -0.00331687
77.69 12.6985 -0.222465 -0.466053 39.135 0.0590107 -0.00332592
77.7 12.6995 -0.222311 -0.465658 39.1426 0.0590191 -0.00333488
77.71 12.7004 -0.222154 -0.465264 39.1502 0.0590274 -0.00334376
77.72 12.7014 -0.221993 -0.464872 39.1578 0.0590357 -0.00335256
77.73 12.7024 -0.221828 -0.464481 39.1654 0.0590439 -0.00336129
77.74 12.7033 -0.221659 -0.464092 39.173 0.0590521 -0.00336995
77.75 12.7043 -0.221486 -0.463704 39.1805 0.0590603 -0.00337852
77.76 12.7052 -0.22131 -0.463318 39.1881 0.0590684 -0.00338702
77.77 12.7061 -0.221129 -0.462934 39.1957 0.0590766 -0.00339543
77.78 12.7071 -0.220944 -0.462551 39.2033 0.0590847 -0.00340374
77.79 12.708 -0.220755 -0.462169 39.2109 0.0590927 -0.00341196
77.8 12.7089 -0.220561 -0.461789 39.2185 0.0591007 -0.0034201
77.81 12.7098 -0.220363 -0.461411 39.2261 0.0591086 -0.00342815
77.82 12.7106 -0.22016 -0.461035 39.2337 0.0591165 -0.00343613
77.83 12.7115 -0.219952 -0.46066 39.2413 0.0591244 -0.00344403
77.84 12.7124 -0.219739 -0.460288 39.2489 0.0591322 -0.00345184
77.85 12.7132 -0.21952 -0.459917 39.2565 0.0591401 -0.00345954
77.86 12.7141 -0.219296 -0.459548 39.2641 0.0591478 -0.00346713
77.87 12.7149 -0.219066 -0.45918 39.2717 0.0591555 -0.00347462
77.88 12.7158 -0.21883 -0.458814 39.2792 0.0591631 -0.00348203
77.89 12.7166 -0.218589 -0.45845 39.2868 0.0591707 -0.00348935
77.9 12.7174 -0.218341 -0.458088 39.2944 0.0591783 -0.00349658
77.91 12.7182 -0.218088 -0.457728 39.302 0.0591859 -0.00350371
77.92 12.719 -0.217829 -0.457371 39.3096 0.0591934 -0.00351073
77.93 12.7197 -0.217564 -0.457014 39.3172 0.0592009 -0.00351764
77.94 12.7205 -0.217292 -0.45666 39.3248 0.0592083 -0.00352443
77.95 12.7213 -0.217016 -0.456307 39.3324 0.0592156 -0.00353111
77.96 12.722 -0.216733 -0.455956 39.34 0.0592229 -0.0035377
77.97 12.7228 -0.216445 -0.455607 39.3476 0.0592301 -0.00354419
77.98 12.7235 -0.216152 -0.45526 39.3552 0.0592373 -0.00355058
77.99 12.7242 -0.215854 -0.454915 39.3628 0.0592445 -0.00355685
78 12.7249 -0.21555 -0.454572 39.3704 0.0592517 -0.00356301
78.01 12.7257 -0.215242 -0.45423 39.378 0.0592587 -0.00356903
78.02 12.7263 -0.21493 -0.45389 39.3855 0.0592657 -0.00357493
78.03 12.727 -0.214613 -0.453551 39.3931 0.0592727 -0.00358072
78.04 12.7277 -0.214292 -0.453214 39.4007 0.0592795 -0.0035864
78.05 12.7284 -0.213968 -0.452879 39.4083 0.0592864 -0.00359198
78.06 12.729 -0.21364 -0.452546 39.4159 0.0592932 -0.00359745
78.07 12.7297 -0.213309 -0.452214 39.4235 0.0593 -0.00360279
78.08 12.7303 -0.212974 -0.451884 39.4311 0.0593068 -0.003608
78.09 12.731 -0.212636 -0.451555 39.4387 0.0593135 -0.00361307
78.1 12.7316 -0.212294 -0.451228 39.4463 0.0593201 -0.00361802
78.11 12.7322 -0.21195 -0.450902 39.4539 0.0593266 -0.00362285
78.12 12.7328 -0.211603 -0.450578 39.4615 0.0593331 -0.00362757
78.13 12.7334 -0.211253 -0.450256 39.4691 0.0593396 -0.00363218
78.14 12.734 -0.2109 -0.449935 39.4767 0.059346 -0.00363669
78.15 12.7346 -0.210544 -0.449615 39.4843 0.0593525 -0.00364111
78.16 12.7351 -0.210184 -0.449298 39.4919 0.0593588 -0.00364537
78.17 12.7357 -0.209821 -0.448981 39.4994 0.0593651 -0.00364945
78.18 12.7362 -0.209454 -0.448666 39.507 0.0593713 -0.00365335
78.19 12.7368 -0.209083 -0.448353 39.5146 0.0593775 -0.00365715
78.2 12.7373 -0.208709 -0.448042 39.5222 0.0593837 -0.00366087
78.21 12.7378 -0.208331 -0.447732 39.5298 0.0593898 -0.0036645
78.22 12.7383 -0.207949 -0.447424 39.5374 0.0593959 -0.00366799
78.23 12.7388 -0.207562 -0.447118 39.545 0.059402 -0.00367131
78.24 12.7393 -0.207171 -0.446814 39.5526 0.059408 -0.00367447
78.25 12.7398 -0.206775 -0.446511 39.5602 0.0594139 -0.00367749
78.26 12.7403 -0.206374 -0.44621 39.5678 0.0594198 -0.0036804
78.27 12.7408 -0.205969 -0.445911 39.5754 0.0594256 -0.00368321
78.28 12.7412 -0.205559 -0.445613 39.583 0.0594313 -0.00368589
78.29 12.7417 -0.205143 -0.445317 39.5906 0.0594371 -0.00368841
78.3 12.7421 -0.204723 -0.445024 39.5982 0.0594429 -0.00369077
78.31 12.7426 -0.204297 -0.444732 39.6058 0.0594486 -0.003693
78.32 12.743 -0.203866 -0.444442 39.6134 0.0594542 -0.00369507
78.33 12.7434 -0.203431 -0.444153 39.6209 0.0594598 -0.00369702
78.34 12.7438 -0.202991 -0.443866 39.6285 0.0594653 -0.00369881
78.35 12.7442 -0.202546 -0.443581 39.6361 0.0594708 -0.00370048
78.36 12.7446 -0.202096 -0.443298 39.6437 0.0594763 -0.00370201
78.37 12.745 -0.201643 -0.443017 39.6513 0.0594817 -0.00370341
78.38 12.7453 -0.201186 -0.442737 39.6589 0.0594872 -0.00370467
78.39 12.7457 -0.200724 -0.442459 39.6665 0.0594925 -0.00370577
78.4 12.746 -0.200259 -0.442182 39.6741 0.0594978 -0.0037067
78.41 12.7464 -0.199791 -0.441907 39.6817 0.059503 -0.00370747
78.42 12.7467 -0.199319 -0.441633 39.6893 0.0595082 -0.00370812
78.43 12.7471 -0.198845 -0.441361 39.6969 0.0595134 -0.00370864
78.44 12.7474 -0.198368 -0.44109 39.7045 0.0595185 -0.00370904
78.45 12.7477 -0.197888 -0.440822 39.7121 0.0595237 -0.00370929
78.46 12.748 -0.197406 -0.440554 39.7197 0.0595288 -0.00370938
78.47 12.7483 -0.196922 -0.440288 39.7273 0.0595338 -0.00370929
78.48 12.7486 -0.196435 -0.440024 39.7349 0.0595388 -0.00370904
78.49 12.7488 -0.195947 -0.439761 39.7425 0.0595437 -0.00370865
78.5 12.7491 -0.195456 -0.439499 39.75 0.0595486 -0.00370814
78.51 12.7494 -0.194964 -0.43924 39.7576 0.0595535 -0.0037075
78.52 12.7496 -0.19447 -0.438981 39.7652 0.0595584 -0.00370672
78.53 12.7498 -0.193974 -0.438725 39.7728 0.0595633 -0.00370578
78.54 12.7501 -0.193476 -0.43847 39.7804 0.0595681 -0.00370467
78.55 12.7503 -0.192976 -0.438216 39.788 0.0595729 -0.0037034
78.56 12.7505 -0.192473 -0.437964 39.7956 0.0595777 -0.00370196
78.57 12.7507 -0.191968 -0.437714 39.8032 0.0595824 -0.00370038
78.58 12.7509 -0.191461 -0.437465 39.8108 0.0595871 -0.00369867
78.59 12.7511 -0.190951 -0.437218 39.8184 0.0595917 -0.00369683
78.6 12.7513 -0.190439 -0.436973 39.826 0.0595964 -0.00369484
78.61 12.7515 -0.189924 -0.436729 39.8336 0.0596011 -0.0036927
78.62 12.7517 -0.189405 -0.436487 39.8412 0.0596057 -0.00369038
78.63 12.7518 -0.188884 -0.436247 39.8488 0.0596103 -0.00368788
78.64 12.752 -0.188359 -0.436008 39.8564 0.0596148 -0.00368522
78.65 12.7521 -0.187831 -0.435771 39.864 0.0596193 -0.00368243
78.66 12.7523 -0.187299 -0.435536 39.8716 0.0596238 -0.00367951
78.67 12.7524 -0.186765 -0.435302 39.8792 0.0596283 -0.00367646
78.68 12.7525 -0.186226 -0.43507 39.8867 0.0596328 -0.00367326
78.69 12.7526 -0.185684 -0.43484 39.8943 0.0596373 -0.00366989
78.7 12.7527 -0.185139 -0.434612 39.9019 0.0596417 -0.00366633
78.71 12.7528 -0.18459 -0.434385 39.9095 0.0596461 -0.00366261
78.72 12.7529 -0.184038 -0.43416 39.9171 0.0596505 -0.00365874
78.73 12.753 -0.183483 -0.433936 39.9247 0.0596549 -0.00365475
78.74 12.7531 -0.182925 -0.433714 39.9323 0.0596592 -0.00365063
78.75 12.7531 -0.182364 -0.433493 39.9399 0.0596636 -0.00364638
78.76 12.7532 -0.181801 -0.433275 39.9475 0.0596679 -0.00364196
78.77 12.7532 -0.181235 -0.433057 39.9551 0.0596722 -0.00363737
78.78 12.7533 -0.180666 -0.432841 39.9627 0.0596765 -0.0036326
78.79 12.7533 -0.180096 -0.432626 39.9703 0.0596808 -0.00362768
78.8 12.7534 -0.179524 -0.432413 39.9779 0.059685 -0.00362262
78.81 12.7534 -0.178951 -0.432201 39.9855 0.0596892 -0.00361745
78.82 12.7534 -0.178376 -0.43199 39.9931 0.0596934 -0.00361214
78.83 12.7534 -0.177801 -0.431781 40.0007 0.0596977 -0.0036067
78.84 12.7534 -0.177224 -0.431573 40.0083 0.0597019 -0.0036011
78.85 12.7534 -0.176647 -0.431366 40.0159 0.0597061 -0.00359532
78.86 12.7534 -0.176069 -0.431161 40.0235 0.0597103 -0.00358938
78.87 12.7534 -0.17549 -0.430956 40.0311 0.0597144 -0.00358328
78.88 12.7534 -0.174911 -0.430753 40.0387 0.0597186 -0.00357706
78.89 12.7533 -0.174332 -0.430552 40.0462 0.0597227 -0.00357071
78.9 12.7533 -0.173752 -0.430351 40.0538 0.0597268 -0.00356425
78.91 12.7533 -0.173173 -0.430152 40.0614 0.059731 -0.00355765
78.92 12.7532 -0.172592 -0.429954 40.069 0.0597351 -0.00355088
78.93 12.7532 -0.172012 -0.429757 40.0766 0.0597392 -0.00354393
78.94 12.7531 -0.171431 -0.429562 40.0842 0.0597434 -0.00353683
78.95 12.753 -0.170849 -0.429367 40.0918 0.0597474 -0.00352958
78.96 12.753 -0.170267 -0.429175 40.0994 0.0597515 -0.00352221
78.97 12.7529 -0.169684 -0.428983 40.107 0.0597556 -0.00351474
78.98 12.7528 -0.1691 -0.428793 40.1146 0.0597597 -0.00350714
78.99 12.7527 -0.168515 -0.428605 40.1222 0.0597638 -0.00349939
79 12.7526 -0.167929 -0.428418 40.1298 0.0597679 -0.00349148
79.01 12.7525 -0.167341 -0.428232 40.1374 0.0597719 -0.00348339
79.02 12.7524 -0.166752 -0.428048 40.145 0.059776 -0.00347515
79.03 12.7523 -0.166161 -0.427865 40.1526 0.05978 -0.00346679
79.04 12.7522 -0.165569 -0.427683 40.1602 0.059784 -0.00345833
79.05 12.752 -0.164975 -0.427504 40.1678 0.0597881 -0.00344976
79.06 12.7519 -0.16438 -0.427325 40.1754 0.0597921 -0.00344106
79.07 12.7518 -0.163782 -0.427148 40.183 0.0597961 -0.00343222
79.08 12.7516 -0.163183 -0.426973 40.1906 0.0598001 -0.00342321
79.09 12.7515 -0.162582 -0.426799 40.1982 0.0598042 -0.00341404
79.1 12.7513 -0.161979 -0.426626 40.2058 0.0598082 -0.00340474
79.11 12.7511 -0.161375 -0.426454 40.2134 0.0598121 -0.00339533
79.12 12.751 -0.16077 -0.426284 40.221 0.0598161 -0.00338583
79.13 12.7508 -0.160164 -0.426116 40.2286 0.0598201 -0.00337622
79.14 12.7506 -0.159556 -0.425948 40.2361 0.0598241 -0.00336649
79.15 12.7504 -0.158948 -0.425782 40.2437 0.0598281 -0.00335662
79.16 12.7503 -0.158338 -0.425617 40.2513 0.0598321 -0.00334659
79.17 12.7501 -0.157728 -0.425453 40.2589 0.059836 -0.00333641
79.18 12.7499 -0.157118 -0.42529 40.2665 0.05984 -0.00332611
79.19 12.7497 -0.156508 -0.425128 40.2741 0.059844 -0.00331572
79.2 12.7495 -0.155898 -0.424967 40.2817 0.0598479 -0.00330525
79.21 12.7492 -0.155289 -0.424807 40.2893 0.0598519 -0.00329468
79.22 12.749 -0.15468 -0.424648 40.2969 0.0598558 -0.00328399
79.23 12.7488 -0.154072 -0.42449 40.3045 0.0598597 -0.00327316
79.24 12.7486 -0.153465 -0.424333 40.3121 0.0598636 -0.00326218
79.25 12.7483 -0.152858 -0.424177 40.3197 0.0598675 -0.00325106
79.26 12.7481 -0.152252 -0.424022 40.3273 0.0598714 -0.00323982
79.27 12.7478 -0.151647 -0.423867 40.3349 0.0598754 -0.0032285
79.28 12.7476 -0.151044 -0.423714 40.3425 0.0598793 -0.00321711
79.29 12.7473 -0.150442 -0.423561 40.3501 0.0598832 -0.00320563
79.3 12.7471 -0.149841 -0.42341 40.3577 0.0598871 -0.00319401
79.31 12.7468 -0.149241 -0.423259 40.3653 0.059891 -0.00318226
79.32 12.7466 -0.148642 -0.423109 40.3729 0.0598949 -0.00317036
79.33 12.7463 -0.148044 -0.42296 40.3805 0.0598988 -0.00315834
79.34 12.746 -0.147447 -0.422812 40.3881 0.0599027 -0.00314624
79.35 12.7457 -0.146851 -0.422665 40.3957 0.0599066 -0.00313407
79.36 12.7454 -0.146256 -0.422518 40.4033 0.0599104 -0.00312183
79.37 12.7451 -0.145661 -0.422373 40.4109 0.0599143 -0.00310948
79.38 12.7448 -0.145066 -0.422229 40.4185 0.0599181 -0.00309701
79.39 12.7445 -0.144471 -0.422085 40.4261 0.0599219 -0.0030844
79.4 12.7442 -0.143877 -0.421943 40.4337 0.0599258 -0.00307168
79.41 12.7439 -0.143282 -0.421802 40.4413 0.0599296 -0.00305885
79.42 12.7436 -0.142687 -0.421662 40.4489 0.0599334 -0.00304595
79.43 12.7433 -0.142093 -0.421522 40.4565 0.0599372 -0.00303298
79.44 12.743 -0.141498 -0.421384 40.4641 0.0599409 -0.00301995
79.45 12.7426 -0.140902 -0.421247 40.4717 0.0599447 -0.00300682
79.46 12.7423 -0.140307 -0.421111 40.4793 0.0599485 -0.00299358
79.47 12.742 -0.13971 -0.420975 40.4869 0.0599522 -0.00298021
79.48 12.7416 -0.139114 -0.420841 40.4945 0.0599559 -0.00296673
79.49 12.7413 -0.138517 -0.420708 40.5021 0.0599597 -0.00295317
79.5 12.7409 -0.13792 -0.420575 40.5096 0.0599634 -0.00293955
79.51 12.7406 -0.137323 -0.420444 40.5172 0.0599671 -0.00292589
79.52 12.7402 -0.136726 -0.420313 40.5248 0.0599708 -0.00291216
79.53 12.7399 -0.13613 -0.420183 40.5324 0.0599744 -0.00289834
79.54 12.7395 -0.135534 -0.420055 40.54 0.0599781 -0.0028844
79.55 12.7391 -0.134939 -0.419926 40.5476 0.0599817 -0.00287034
79.56 12.7388 -0.134344 -0.419799 40.5552 0.0599854 -0.00285618
79.57 12.7384 -0.133751 -0.419672 40.5628 0.059989 -0.00284198
79.58 12.738 -0.133159 -0.419546 40.5704 0.0599926 -0.00282773
79.59 12.7376 -0.132568 -0.419421 40.578 0.0599962 -0.00281343
79.6 12.7372 -0.13198 -0.419296 40.5856 0.0599998 -0.00279907
79.61 12.7368 -0.131393 -0.419172 40.5932 0.0600034 -0.0027846
79.62 12.7364 -0.130809 -0.419048 40.6008 0.0600069 -0.00277001
79.63 12.736 -0.130226 -0.418925 40.6084 0.0600105 -0.00275533
79.64 12.7356 -0.129646 -0.418803 40.616 0.060014 -0.00274058
79.65 12.7352 -0.129068 -0.418681 40.6236 0.0600175 -0.00272578
79.66 12.7348 -0.128493 -0.41856 40.6312 0.060021 -0.00271094
79.67 12.7344 -0.127921 -0.418439 40.6388 0.0600245 -0.00269606
79.68 12.734 -0.127351 -0.418318 40.6464 0.060028 -0.0026811
79.69 12.7335 -0.126784 -0.418199 40.654 0.0600314 -0.00266604
79.7 12.7331 -0.126218 -0.418079 40.6616 0.0600349 -0.00265088
79.71 12.7327 -0.125656 -0.417961 40.6692 0.0600383 -0.00263563
79.72 12.7323 -0.125095 -0.417843 40.6768 0.0600417 -0.00262033
79.73 12.7318 -0.124537 -0.417725 40.6844 0.0600451 -0.00260499
79.74 12.7314 -0.123982 -0.417609 40.692 0.0600484 -0.00258962
79.75 12.7309 -0.123428 -0.417492 40.6996 0.0600518 -0.00257421
79.76 12.7305 -0.122876 -0.417377 40.7072 0.0600551 -0.00255872
79.77 12.73 -0.122325 -0.417262 40.7148 0.0600584 -0.00254315
79.78 12.7296 -0.121776 -0.417148 40.7224 0.0600616 -0.00252747
79.79 12.7291 -0.121227 -0.417034 40.73 0.0600649 -0.00251172
79.8 12.7287 -0.120681 -0.416921 40.7376 0.0600681 -0.00249593
79.81 12.7282 -0.120135 -0.416809 40.7452 0.0600713 -0.00248013
79.82 12.7277 -0.119591 -0.416698 40.7528 0.0600745 -0.00246431
79.83 12.7272 -0.119047 -0.416587 40.7604 0.0600777 -0.00244844
79.84 12.7268 -0.118504 -0.416477 40.768 0.0600808 -0.0024325
79.85 12.7263 -0.117962 -0.416367 40.7756 0.0600839 -0.00241646
79.86 12.7258 -0.11742 -0.416259 40.7832 0.060087 -0.00240035
79.87 12.7253 -0.11688 -0.416151 40.7908 0.06009 -0.00238418
79.88 12.7248 -0.11634 -0.416043 40.7984 0.0600931 -0.002368
79.89 12.7243 -0.115802 -0.415936 40.806 0.0600961 -0.00235181
79.9 12.7238 -0.115265 -0.41583 40.8136 0.0600991 -0.0023356
79.91 12.7233 -0.114729 -0.415724 40.8212 0.060102 -0.00231933
79.92 12.7228 -0.114195 -0.415619 40.8288 0.0601049 -0.00230299
79.93 12.7223 -0.113662 -0.415514 40.8364 0.0601078 -0.00228657
79.94 12.7218 -0.11313 -0.41541 40.844 0.0601107 -0.00227009
79.95 12.7213 -0.112601 -0.415306 40.8516 0.0601135 -0.00225357
79.96 12.7208 -0.112074 -0.415202 40.8592 0.0601163 -0.00223701
79.97 12.7202 -0.11155 -0.415099 40.8668 0.0601191 -0.00222039
79.98 12.7197 -0.111028 -0.414996 40.8744 0.0601218 -0.00220376
79.99 12.7192 -0.110509 -0.414894 40.882 0.0601245 -0.00218715
80 12.7187 -0.109994 -0.414791 40.8896 0.0601272 -0.00217051
80.01 12.7181 -0.109481 -0.414689 40.8972 0.0601299 -0.00215377
80.02 12.7176 -0.108971 -0.414588 40.9048 0.0601325 -0.00213693
80.03 12.7171 -0.108464 -0.414486 40.9124 0.0601351 -0.00212004
80.04 12.7165 -0.107961 -0.414385 40.92 0.0601377 -0.00210316
80.05 12.716 -0.107462 -0.414284 40.9276 0.0601402 -0.00208631
80.06 12.7154 -0.106966 -0.414183 40.9352 0.0601427 -0.00206944
80.07 12.7149 -0.106473 -0.414083 40.9428 0.0601451 -0.0020525
80.08 12.7143 -0.105984 -0.413982 40.9504 0.0601475 -0.00203546
80.09 12.7138 -0.105498 -0.413882 40.958 0.0601499 -0.00201835
80.1 12.7132 -0.105015 -0.413783 40.9656 0.0601522 -0.00200121
80.11 12.7127 -0.104536 -0.413683 40.9732 0.0601545 -0.00198409
80.12 12.7121 -0.104059 -0.413584 40.9808 0.0601568 -0.00196698
80.13 12.7115 -0.103586 -0.413486 40.9884 0.060159 -0.00194984
80.14 12.711 -0.103115 -0.413387 40.996 0.0601612 -0.00193266
80.15 12.7104 -0.102647 -0.413289 41.0036 0.0601633 -0.00191541
80.16 12.7098 -0.10218 -0.413192 41.0112 0.0601654 -0.00189811
80.17 12.7092 -0.101716 -0.413095 41.0188 0.0601674 -0.00188079
80.18 12.7086 -0.101254 -0.412999 41.0264 0.0601695 -0.00186345
80.19 12.7081 -0.100794 -0.412903 41.034 0.0601715 -0.00184611
80.2 12.7075 -0.100336 -0.412807 41.0416 0.0601734 -0.00182876
80.21 12.7069 -0.0998797 -0.412712 41.0492 0.0601753 -0.0018114
80.22 12.7063 -0.0994248 -0.412618 41.0568 0.0601771 -0.00179402
80.23 12.7057 -0.0989714 -0.412524 41.0644 0.0601789 -0.00177659
80.24 12.7051 -0.0985194 -0.41243 41.072 0.0601807 -0.00175911
80.25 12.7045 -0.0980689 -0.412337 41.0796 0.0601824 -0.00174161
80.26 12.7039 -0.0976201 -0.412245 41.0872 0.0601841 -0.0017241
80.27 12.7033 -0.097173 -0.412153 41.0948 0.0601858 -0.0017066
80.28 12.7027 -0.0967278 -0.412061 41.1024 0.0601874 -0.00168911
80.29 12.7021 -0.0962845 -0.41197 41.11 0.060189 -0.00167161
80.3 12.7015 -0.0958431 -0.411879 41.1176 0.0601905 -0.00165408
80.31 12.7008 -0.0954038 -0.411788 41.1252 0.0601919 -0.00163651
80.32 12.7002 -0.0949668 -0.411698 41.1328 0.0601934 -0.00161889
80.33 12.6996 -0.0945323 -0.411609 41.1405 0.0601948 -0.00160126
80.34 12.699 -0.0941007 -0.411519 41.1481 0.0601962 -0.00158365
80.35 12.6983 -0.0936722 -0.41143 41.1557 0.0601975 -0.00156605
80.36 12.6977 -0.0932469 -0.411341 41.1633 0.0601987 -0.00154847
80.37 12.6971 -0.0928249 -0.411252 41.1709 0.0602 -0.00153086
80.38 12.6964 -0.0924064 -0.411164 41.1785 0.0602011 -0.00151322
80.39 12.6958 -0.0919914 -0.411075 41.1861 0.0602023 -0.00149554
80.4 12.6952 -0.0915801 -0.410987 41.1937 0.0602034 -0.00147785
80.41 12.6945 -0.0911729 -0.410899 41.2013 0.0602044 -0.00146015
80.42 12.6939 -0.0907697 -0.410812 41.2089 0.0602055 -0.00144248
80.43 12.6932 -0.0903707 -0.410724 41.2165 0.0602064 -0.00142482
80.44 12.6926 -0.0899757 -0.410637 41.2241 0.0602073 -0.00140717
80.45 12.6919 -0.0895848 -0.410549 41.2317 0.0602082 -0.00138951
80.46 12.6913 -0.0891979 -0.410462 41.2393 0.060209 -0.00137182
80.47 12.6906 -0.0888148 -0.410375 41.2469 0.0602098 -0.0013541
80.48 12.69 -0.0884355 -0.410288 41.2545 0.0602105 -0.00133638
80.49 12.6893 -0.08806 -0.410202 41.2621 0.0602112 -0.00131868
80.5 12.6886 -0.0876883 -0.410115 41.2697 0.0602118 -0.001301
80.51 12.688 -0.0873201 -0.410029 41.2773 0.0602124 -0.00128335
80.52 12.6873 -0.0869552 -0.409944 41.2849 0.0602129 -0.00126571
80.53 12.6866 -0.0865934 -0.409858 41.2925 0.0602134 -0.00124806
80.54 12.686 -0.0862344 -0.409773 41.3001 0.0602138 -0.00123039
80.55 12.6853 -0.0858781 -0.409688 41.3077 0.0602142 -0.00121271
80.56 12.6846 -0.0855244 -0.409603 41.3153 0.0602146 -0.00119504
80.57 12.6839 -0.0851732 -0.409519 41.3229 0.0602149 -0.00117741
80.58 12.6832 -0.0848245 -0.409436 41.3305 0.0602151 -0.00115981
80.59 12.6826 -0.084478 -0.409353 41.3381 0.0602153 -0.00114223
80.6 12.6819 -0.0841336 -0.40927 41.3457 0.0602155 -0.00112468
80.61 12.6812 -0.0837912 -0.409187 41.3533 0.0602156 -0.00110711
80.62 12.6805 -0.0834507 -0.409106 41.3609 0.0602156 -0.00108954
80.63 12.6798 -0.0831121 -0.409024 41.3685 0.0602156 -0.00107198
80.64 12.6791 -0.0827756 -0.408944 41.3761 0.0602156 -0.00105444
80.65 12.6784 -0.0824412 -0.408863 41.3837 0.0602155 -0.00103694
80.66 12.6777 -0.082109 -0.408784 41.3913 0.0602154 -0.00101949
80.67 12.677 -0.0817792 -0.408704 41.3989 0.0602152 -0.00100206
80.68 12.6763 -0.0814517 -0.408625 41.4066 0.060215 -0.000984651
80.69 12.6756 -0.0811267 -0.408547 41.4142 0.0602147 -0.00096724
80.7 12.6749 -0.0808043 -0.408469 41.4218 0.0602143 -0.000949835
80.71 12.6742 -0.0804847 -0.408391 41.4294 0.060214 -0.000932452
80.72 12.6735 -0.0801683 -0.408314 41.437 0.0602135 -0.000915103
80.73 12.6728 -0.0798552 -0.408237 41.4446 0.0602131 -0.000897803
80.74 12.6721 -0.0795457 -0.408161 41.4522 0.0602125 -0.000880546
80.75 12.6714 -0.0792399 -0.408085 41.4598 0.060212 -0.000863323
80.76 12.6706 -0.0789378 -0.408009 41.4674 0.0602113 -0.000846115
80.77 12.6699 -0.0786396 -0.407933 41.475 0.0602106 -0.000828919
80.78 12.6692 -0.0783455 -0.407858 41.4826 0.0602099 -0.00081174
80.79 12.6685 -0.0780556 -0.407784 41.4902 0.0602092 -0.000794599
80.8 12.6678 -0.0777701 -0.40771 41.4978 0.0602084 -0.000777507
80.81 12.6671 -0.0774891 -0.407636 41.5054 0.0602075 -0.000760469
80.82 12.6663 -0.0772125 -0.407562 41.513 0.0602066 -0.000743477
80.83 12.6656 -0.0769404 -0.407489 41.5206 0.0602056 -0.000726519
80.84 12.6649 -0.0766725 -0.407416 41.5282 0.0602045 -0.000709587
80.85 12.6642 -0.076409 -0.407343 41.5358 0.0602035 -0.000692681
80.86 12.6634 -0.0761495 -0.407271 41.5434 0.0602023 -0.000675791
80.87 12.6627 -0.0758941 -0.407199 41.551 0.0602012 -0.000658913
80.88 12.662 -0.0756426 -0.407128 41.5586 0.0602 -0.0006421
80.89 12.6612 -0.0753952 -0.407058 41.5662 0.0601987 -0.000625392
80.9 12.6605 -0.0751515 -0.406988 41.5738 0.0601974 -0.000608752
80.91 12.6598 -0.0749112 -0.406918 41.5814 0.060196 -0.000592105
80.92 12.659 -0.074674 -0.406849 41.5891 0.0601946 -0.000575464
80.93 12.6583 -0.0744401 -0.406781 41.5967 0.0601932 -0.000558897
80.94 12.6576 -0.0742094 -0.406714 41.6043 0.0601917 -0.000542423
80.95 12.6568 -0.0739817 -0.406647 41.6119 0.0601902 -0.000526022
80.96 12.6561 -0.0737565 -0.40658 41.6195 0.0601886 -0.00050965
80.97 12.6554 -0.0735338 -0.406515 41.6271 0.0601869 -0.000493309
80.98 12.6546 -0.0733136 -0.40645 41.6347 0.0601853 -0.000477016
80.99 12.6539 -0.0730959 -0.406386 41.6423 0.0601835 -0.000460799
81 12.6532 -0.0728805 -0.406322 41.6499 0.0601817 -0.000444652
81.01 12.6524 -0.0726674 -0.406259 41.6575 0.0601799 -0.000428555
81.02 12.6517 -0.0724566 -0.406198 41.6651 0.0601781 -0.000412497
81.03 12.6509 -0.072248 -0.406136 41.6727 0.0601762 -0.000396488
81.04 12.6502 -0.0720419 -0.406076 41.6803 0.0601743 -0.000380555
81.05 12.6495 -0.0718384 -0.406016 41.6879 0.0601723 -0.0003647
81.06 12.6487 -0.0716376 -0.405957 41.6955 0.0601703 -0.000348919
81.07 12.648 -0.0714395 -0.405899 41.7031 0.0601682 -0.000333192
81.08 12.6472 -0.0712443 -0.405841 41.7107 0.0601661 -0.000317518
81.09 12.6465 -0.0710521 -0.405784 41.7183 0.060164 -0.000301901
81.1 12.6458 -0.0708631 -0.405728 41.7259 0.0601618 -0.000286356
81.11 12.645 -0.0706777 -0.405673 41.7336 0.0601596 -0.000270892
81.12 12.6443 -0.070496 -0.405619 41.7412 0.0601573 -0.000255506
81.13 12.6435 -0.0703181 -0.405565 41.7488 0.060155 -0.000240193
81.14 12.6428 -0.0701441 -0.405512 41.7564 0.0601527 -0.000224948
81.15 12.6421 -0.0699744 -0.40546 41.764 0.0601503 -0.000209774
81.16 12.6413 -0.0698089 -0.405408 41.7716 0.0601479 -0.000194673
81.17 12.6406 -0.0696478 -0.405358 41.7792 0.0601454 -0.000179649
81.18 12.6398 -0.0694913 -0.405308 41.7868 0.0601429 -0.000164707
81.19 12.6391 -0.0693394 -0.405259 41.7944 0.0601404 -0.000149849
81.2 12.6384 -0.0691921 -0.405211 41.802 0.0601378 -0.000135072
81.21 12.6376 -0.0690495 -0.405164 41.8096 0.0601352 -0.000120378
81.22 12.6369 -0.0689115 -0.405117 41.8172 0.0601325 -0.000105768
81.23 12.6361 -0.0687782 -0.405072 41.8248 0.0601298 -9.12472e-05
81.24 12.6354 -0.0686494 -0.405027 41.8324 0.0601271 -7.68152e-05
81.25 12.6347 -0.068525 -0.404984 41.84 0.0601244 -6.24726e-05
81.26 12.6339 -0.0684049 -0.404941 41.8476 0.0601216 -4.82154e-05
81.27 12.6332 -0.068289 -0.4049 41.8552 0.0601188 -3.40514e-05
81.28 12.6325 -0.0681771 -0.404859 41.8629 0.060116 -1.99831e-05
81.29 12.6317 -0.068069 -0.40482 41.8705 0.0601131 -6.00862e-06
81.3 12.631 -0.0679647 -0.404782 41.8781 0.0601101 7.86444e-06
81.31 12.6303 -0.067864 -0.404745 41.8857 0.0601072 2.16404e-05
81.32 12.6295 -0.0677665 -0.40471 41.8933 0.0601042 3.53175e-05
81.33 12.6288 -0.0676723 -0.404675 41.9009 0.0601013 4.88956e-05
81.34 12.6281 -0.0675811 -0.404642 41.9085 0.0600983 6.23716e-05
81.35 12.6274 -0.0674928 -0.404611 41.9161 0.0600952 7.57481e-05
81.36 12.6266 -0.0674072 -0.404581 41.9237 0.0600921 8.90209e-05
81.37 12.6259 -0.0673244 -0.404552 41.9313 0.060089 0.00010219
81.38 12.6252 -0.0672443 -0.404525 41.9389 0.0600859 0.00011525
81.39 12.6245 -0.0671667 -0.404499 41.9465 0.0600827 0.000128199
81.4 12.6238 -0.0670918 -0.404474 41.9541 0.0600795 0.000141037
81.41 12.623 -0.0670194 -0.404451 41.9617 0.0600764 0.000153767
81.42 12.6223 -0.0669497 -0.40443 41.9693 0.0600731 0.000166394
81.43 12.6216 -0.0668826 -0.40441 41.9769 0.0600699 0.000178916
81.44 12.6209 -0.0668184 -0.404391 41.9846 0.0600666 0.000191327
81.45 12.6202 -0.0667571 -0.404374 41.9922 0.0600633 0.00020362
81.46 12.6195 -0.0666989 -0.404358 41.9998 0.06006 0.000215794
81.47 12.6188 -0.066644 -0.404344 42.0074 0.0600566 0.000227847
81.48 12.6181 -0.0665925 -0.404331 42.015 0.0600533 0.000239789
81.49 12.6174 -0.0665445 -0.40432 42.0226 0.0600499 0.000251618
81.5 12.6167 -0.0665002 -0.40431 42.0302 0.0600465 0.000263336
81.51 12.616 -0.0664599 -0.404301 42.0378 0.0600431 0.000274939
81.52 12.6153 -0.0664236 -0.404294 42.0454 0.0600397 0.000286424
81.53 12.6146 -0.0663917 -0.404288 42.053 0.0600362 0.000297786
81.54 12.6139 -0.0663641 -0.404284 42.0606 0.0600327 0.000309021
81.55 12.6132 -0.0663411 -0.404281 42.0682 0.0600292 0.00032013
81.56 12.6125 -0.0663228 -0.404279 42.0758 0.0600257 0.000331115
81.57 12.6119 -0.0663091 -0.404279 42.0834 0.0600222 0.000341984
81.58 12.6112 -0.0663001 -0.404281 42.0911 0.0600186 0.000352739
81.59 12.6105 -0.0662959 -0.404284 42.0987 0.0600151 0.000363376
81.6 12.6098 -0.0662965 -0.404288 42.1063 0.0600115 0.000373882
81.61 12.6092 -0.0663019 -0.404294 42.1139 0.0600079 0.000384256
81.62 12.6085 -0.0663121 -0.404302 42.1215 0.0600043 0.000394493
81.63 12.6078 -0.0663269 -0.404311 42.1291 0.0600006 0.000404598
81.64 12.6072 -0.0663463 -0.404322 42.1367 0.059997 0.000414578
81.65 12.6065 -0.0663699 -0.404335 42.1443 0.0599934 0.00042444
81.66 12.6059 -0.0663978 -0.40435 42.1519 0.0599897 0.000434183
81.67 12.6052 -0.0664298 -0.404366 42.1595 0.0599861 0.000443802
81.68 12.6045 -0.0664658 -0.404385 42.1671 0.0599824 0.000453283
81.69 12.6039 -0.0665056 -0.404405 42.1747 0.0599787 0.000462622
81.7 12.6033 -0.0665491 -0.404428 42.1823 0.059975 0.00047182
81.71 12.6026 -0.066596 -0.404452 42.1899 0.0599713 0.000480885
81.72 12.602 -0.0666462 -0.404479 42.1976 0.0599676 0.000489826
81.73 12.6014 -0.0666996 -0.404508 42.2052 0.0599639 0.000498646
81.74 12.6007 -0.0667559 -0.404538 42.2128 0.0599601 0.000507344
81.75 12.6001 -0.0668152 -0.404571 42.2204 0.0599564 0.00051591
81.76 12.5995 -0.0668773 -0.404607 42.228 0.0599526 0.000524338
81.77 12.5989 -0.0669424 -0.404644 42.2356 0.0599489 0.000532617
81.78 12.5982 -0.0670103 -0.404684 42.2432 0.0599451 0.000540757
81.79 12.5976 -0.067081 -0.404726 42.2508 0.0599414 0.000548763
81.8 12.597 -0.0671544 -0.404771 42.2584 0.0599377 0.000556648
81.81 12.5964 -0.0672305 -0.404817 42.266 0.0599339 0.000564414
81.82 12.5958 -0.0673096 -0.404866 42.2736 0.0599301 0.000572057
81.83 12.5952 -0.0673917 -0.404918 42.2812 0.0599263 0.000579565
81.84 12.5946 -0.0674771 -0.404971 42.2889 0.0599225 0.000586928
81.85 12.5941 -0.0675658 -0.405027 42.2965 0.0599188 0.000594146
81.86 12.5935 -0.0676579 -0.405086 42.3041 0.059915 0.000601224
81.87 12.5929 -0.0677536 -0.405146 42.3117 0.0599112 0.000608178
81.88 12.5923 -0.067853 -0.405209 42.3193 0.0599074 0.000615015
81.89 12.5918 -0.0679562 -0.405274 42.3269 0.0599036 0.000621761
81.9 12.5912 -0.0680633 -0.405342 42.3345 0.0598998 0.000628432
81.91 12.5906 -0.0681747 -0.405412 42.3421 0.059896 0.000634959
81.92 12.5901 -0.0682911 -0.405484 42.3497 0.0598922 0.00064127
81.93 12.5895 -0.0684123 -0.405558 42.3573 0.0598884 0.000647386
81.94 12.589 -0.0685381 -0.405635 42.3649 0.0598846 0.000653384
81.95 12.5885 -0.0686685 -0.405713 42.3725 0.0598808 0.00065932
81.96 12.5879 -0.0688034 -0.405795 42.3802 0.059877 0.000665178
81.97 12.5874 -0.0689433 -0.405878 42.3878 0.0598732 0.000670912
81.98 12.5869 -0.0690881 -0.405964 42.3954 0.0598694 0.000676486
81.99 12.5863 -0.069238 -0.406052 42.403 0.0598656 0.000681901
82 12.5858 -0.0693927 -0.406142 42.4106 0.0598618 0.000687186
82.01 12.5853 -0.0695522 -0.406235 42.4182 0.059858 0.00069236
82.02 12.5848 -0.0697162 -0.40633 42.4258 0.0598542 0.000697424
82.03 12.5843 -0.0698848 -0.406428 42.4334 0.0598504 0.000702367
82.04 12.5838 -0.0700579 -0.406528 42.441 0.0598466 0.000707186
82.05 12.5833 -0.0702352 -0.406631 42.4486 0.0598428 0.000711884
82.06 12.5828 -0.0704166 -0.406736 42.4562 0.059839 0.000716472
82.07 12.5823 -0.070602 -0.406844 42.4639 0.0598352 0.000720934
82.08 12.5819 -0.0707913 -0.406955 42.4715 0.0598315 0.000725261
82.09 12.5814 -0.0709843 -0.407068 42.4791 0.0598277 0.000729447
82.1 12.5809 -0.0711809 -0.407184 42.4867 0.0598239 0.000733506
82.11 12.5805 -0.0713808 -0.407303 42.4943 0.0598202 0.000737461
82.12 12.58 -0.0715838 -0.407425 42.5019 0.0598164 0.000741323
82.13 12.5796 -0.0717898 -0.407549 42.5095 0.0598127 0.000745079
82.14 12.5791 -0.0719989 -0.407677 42.5171 0.0598089 0.000748711
82.15 12.5787 -0.0722111 -0.407807 42.5247 0.0598051 0.000752201
82.16 12.5782 -0.0724263 -0.407941 42.5323 0.0598014 0.000755551
82.17 12.5778 -0.0726444 -0.408077 42.5399 0.0597977 0.000758779
82.18 12.5774 -0.0728653 -0.408217 42.5476 0.059794 0.000761903
82.19 12.577 -0.0730891 -0.408359 42.5552 0.0597902 0.000764931
82.2 12.5766 -0.0733157 -0.408505 42.5628 0.0597865 0.000767859
82.21 12.5762 -0.0735453 -0.408654 42.5704 0.0597828 0.000770673
82.22 12.5758 -0.0737782 -0.408805 42.578 0.059779 0.000773361
82.23 12.5754 -0.0740144 -0.40896 42.5856 0.0597753 0.000775918
82.24 12.575 -0.074254 -0.409117 42.5932 0.0597716 0.000778345
82.25 12.5746 -0.0744971 -0.409278 42.6008 0.0597679 0.000780658
82.26 12.5742 -0.0747439 -0.409442 42.6084 0.0597642 0.000782868
82.27 12.5739 -0.0749944 -0.409609 42.616 0.0597605 0.000784985
82.28 12.5735 -0.0752487 -0.409779 42.6236 0.0597569 0.000787007
82.29 12.5732 -0.0755072 -0.409951 42.6313 0.0597532 0.000788916
82.3 12.5728 -0.0757701 -0.410127 42.6389 0.0597495 0.000790699
82.31 12.5725 -0.0760374 -0.410306 42.6465 0.0597458 0.000792352
82.32 12.5721 -0.0763092 -0.410488 42.6541 0.0597421 0.000793881
82.33 12.5718 -0.0765856 -0.410673 42.6617 0.0597385 0.000795304
82.34 12.5715 -0.0768666 -0.410861 42.6693 0.0597348 0.000796637
82.35 12.5712 -0.0771522 -0.411052 42.6769 0.0597312 0.00079788
82.36 12.5709 -0.0774425 -0.411246 42.6845 0.0597275 0.000799026
82.37 12.5706 -0.0777376 -0.411443 42.6921 0.0597239 0.000800059
82.38 12.5703 -0.0780374 -0.411643 42.6997 0.0597203 0.000800968
82.39 12.57 -0.078342 -0.411847 42.7074 0.0597167 0.000801753
82.4 12.5697 -0.0786512 -0.412053 42.715 0.0597131 0.000802423
82.41 12.5694 -0.0789649 -0.412263 42.7226 0.0597095 0.000802995
82.42 12.5691 -0.0792828 -0.412476 42.7302 0.0597059 0.000803485
82.43 12.5689 -0.0796049 -0.412692 42.7378 0.0597024 0.000803893
82.44 12.5686 -0.0799311 -0.412912 42.7454 0.0596988 0.000804197
82.45 12.5684 -0.0802613 -0.413134 42.753 0.0596952 0.00080438
82.46 12.5681 -0.0805954 -0.41336 42.7606 0.0596917 0.00080444
82.47 12.5679 -0.0809331 -0.41359 42.7682 0.0596882 0.00080439
82.48 12.5677 -0.0812744 -0.413823 42.7759 0.0596847 0.000804245
82.49 12.5674 -0.081619 -0.41406 42.7835 0.0596813 0.000804016
82.5 12.5672 -0.0819668 -0.4143 42.7911 0.0596779 0.000803699
82.51 12.567 -0.0823179 -0.414543 42.7987 0.0596745 0.000803281
82.52 12.5668 -0.082672 -0.41479 42.8063 0.059671 0.000802757
82.53 12.5666 -0.0830292 -0.415041 42.8139 0.0596676 0.000802127
82.54 12.5664 -0.0833893 -0.415294 42.8215 0.0596642 0.000801388
82.55 12.5663 -0.0837523 -0.415552 42.8291 0.0596608 0.000800539
82.56 12.5661 -0.0841182 -0.415813 42.8367 0.0596574 0.000799587
82.57 12.5659 -0.0844868 -0.416078 42.8443 0.0596541 0.000798541
82.58 12.5658 -0.0848582 -0.416347 42.852 0.0596508 0.000797414
82.59 12.5656 -0.0852324 -0.416619 42.8596 0.0596474 0.000796206
82.6 12.5655 -0.0856094 -0.416894 42.8672 0.0596441 0.000794905
82.61 12.5653 -0.0859896 -0.417174 42.8748 0.0596409 0.00079349
82.62 12.5652 -0.0863731 -0.417457 42.8824 0.0596376 0.000791951
82.63 12.5651 -0.0867598 -0.417743 42.89 0.0596344 0.0007903
82.64 12.565 -0.0871499 -0.418034 42.8976 0.0596312 0.000788555
82.65 12.5649 -0.0875434 -0.418328 42.9052 0.059628 0.000786734
82.66 12.5648 -0.0879404 -0.418626 42.9128 0.0596248 0.000784838
82.67 12.5647 -0.0883411 -0.418927 42.9205 0.0596217 0.000782856
82.68 12.5646 -0.0887458 -0.419232 42.9281 0.0596185 0.000780763
82.69 12.5645 -0.0891547 -0.41954 42.9357 0.0596154 0.000778554
82.7 12.5645 -0.0895678 -0.419852 42.9433 0.0596123 0.000776228
82.71 12.5644 -0.0899852 -0.420168 42.9509 0.0596093 0.000773802
82.72 12.5644 -0.0904068 -0.420487 42.9585 0.0596063 0.000771292
82.73 12.5643 -0.0908327 -0.420811 42.9661 0.0596033 0.000768709
82.74 12.5643 -0.091263 -0.421137 42.9737 0.0596003 0.00076605
82.75 12.5643 -0.0916977 -0.421468 42.9813 0.0595973 0.000763288
82.76 12.5642 -0.092137 -0.421802 42.989 0.0595943 0.000760414
82.77 12.5642 -0.0925807 -0.42214 42.9966 0.0595914 0.000757426
82.78 12.5642 -0.0930288 -0.422481 43.0042 0.0595885 0.000754341
82.79 12.5642 -0.0934811 -0.422827 43.0118 0.0595857 0.000751158
82.8 12.5642 -0.0939376 -0.423176 43.0194 0.0595828 0.000747892
82.81 12.5643 -0.094398 -0.423529 43.027 0.05958 0.000744541
82.82 12.5643 -0.0948622 -0.423886 43.0346 0.0595772 0.000741109
82.83 12.5643 -0.0953301 -0.424247 43.0422 0.0595745 0.000737584
82.84 12.5644 -0.0958017 -0.424611 43.0498 0.0595717 0.000733955
82.85 12.5644 -0.0962768 -0.42498 43.0575 0.059569 0.00073021
82.86 12.5645 -0.0967552 -0.425353 43.0651 0.0595663 0.000726353
82.87 12.5645 -0.0972366 -0.42573 43.0727 0.0595637 0.000722404
82.88 12.5646 -0.0977209 -0.42611 43.0803 0.0595611 0.000718376
82.89 12.5647 -0.0982077 -0.426495 43.0879 0.0595585 0.000714279
82.9 12.5648 -0.0986972 -0.426884 43.0955 0.0595559 0.000710092
82.91 12.5649 -0.0991892 -0.427278 43.1031 0.0595534 0.000705805
82.92 12.565 -0.0996837 -0.427675 43.1107 0.0595509 0.000701396
82.93 12.5651 -0.100181 -0.428076 43.1184 0.0595484 0.000696872
82.94 12.5652 -0.10068 -0.428482 43.126 0.0595459 0.000692241
82.95 12.5654 -0.101181 -0.428892 43.1336 0.0595435 0.000687529
82.96 12.5655 -0.101684 -0.429305 43.1412 0.0595411 0.00068274
82.97 12.5657 -0.10219 -0.429723 43.1488 0.0595388 0.000677873
82.98 12.5658 -0.102698 -0.430146 43.1564 0.0595364 0.000672905
82.99 12.566 -0.103208 -0.430572 43.164 0.0595341 0.000667823
83 12.5661 -0.10372 -0.431002 43.1716 0.0595318 0.000662629
83.01 12.5663 -0.104235 -0.431437 43.1792 0.0595296 0.000657321
83.02 12.5665 -0.104753 -0.431875 43.1869 0.0595273 0.000651917
83.03 12.5667 -0.105273 -0.432318 43.1945 0.0595252 0.000646418
83.04 12.5669 -0.105796 -0.432765 43.2021 0.059523 0.000640841
83.05 12.5671 -0.106322 -0.433216 43.2097 0.0595209 0.000635173
83.06 12.5674 -0.106851 -0.433671 43.2173 0.0595188 0.000629414
83.07 12.5676 -0.107383 -0.434129 43.2249 0.0595167 0.000623539
83.08 12.5678 -0.107919 -0.434592 43.2325 0.0595147 0.000617548
83.09 12.5681 -0.108458 -0.435059 43.2401 0.0595127 0.00061144
83.1 12.5683 -0.109 -0.43553 43.2478 0.0595107 0.000605233
83.11 12.5686 -0.109546 -0.436005 43.2554 0.0595088 0.000598942
83.12 12.5689 -0.110095 -0.436485 43.263 0.0595069 0.000592571
83.13 12.5691 -0.110648 -0.436968 43.2706 0.0595051 0.000586116
83.14 12.5694 -0.111204 -0.437455 43.2782 0.0595032 0.000579553
83.15 12.5697 -0.111764 -0.437946 43.2858 0.0595014 0.000572875
83.16 12.57 -0.112328 -0.438441 43.2934 0.0594997 0.000566071
83.17 12.5703 -0.112895 -0.438941 43.301 0.0594979 0.000559165
83.18 12.5706 -0.113466 -0.439445 43.3087 0.0594963 0.00055216
83.19 12.571 -0.11404 -0.439953 43.3163 0.0594946 0.000545081
83.2 12.5713 -0.114616 -0.440465 43.3239 0.059493 0.000537915
83.21 12.5717 -0.115196 -0.440981 43.3315 0.0594914 0.000530659
83.22 12.572 -0.115778 -0.441501 43.3391 0.0594899 0.00052329
83.23 12.5724 -0.116363 -0.442026 43.3467 0.0594884 0.000515802
83.24 12.5727 -0.116951 -0.442555 43.3543 0.0594869 0.000508196
83.25 12.5731 -0.11754 -0.443088 43.3619 0.0594855 0.000500484
83.26 12.5735 -0.118132 -0.443626 43.3696 0.0594841 0.000492688
83.27 12.5739 -0.118726 -0.444168 43.3772 0.0594828 0.000484806
83.28 12.5743 -0.119321 -0.444715 43.3848 0.0594815 0.000476843
83.29 12.5747 -0.119917 -0.445266 43.3924 0.0594802 0.000468773
83.3 12.5751 -0.120516 -0.445821 43.4 0.0594789 0.000460593
83.31 12.5756 -0.121115 -0.446381 43.4076 0.0594777 0.000452288
83.32 12.576 -0.121716 -0.446945 43.4152 0.0594766 0.000443871
83.33 12.5764 -0.122318 -0.447514 43.4228 0.0594755 0.000435352
83.34 12.5769 -0.122921 -0.448087 43.4305 0.0594744 0.000426754
83.35 12.5773 -0.123525 -0.448665 43.4381 0.0594734 0.000418086
83.36 12.5778 -0.124131 -0.449247 43.4457 0.0594724 0.000409323
83.37 12.5783 -0.124737 -0.449833 43.4533 0.0594715 0.00040044
83.38 12.5788 -0.125345 -0.450424 43.4609 0.0594706 0.000391424
83.39 12.5793 -0.125955 -0.451019 43.4685 0.0594697 0.000382297
83.4 12.5798 -0.126566 -0.451619 43.4761 0.0594689 0.000373067
83.41 12.5803 -0.127178 -0.452223 43.4837 0.0594681 0.000363758
83.42 12.5808 -0.127792 -0.452831 43.4914 0.0594674 0.000354359
83.43 12.5813 -0.128408 -0.453443 43.499 0.0594667 0.00034487
83.44 12.5819 -0.129025 -0.45406 43.5066 0.059466 0.000335277
83.45 12.5824 -0.129645 -0.454681 43.5142 0.0594654 0.000325579
83.46 12.583 -0.130266 -0.455307 43.5218 0.0594649 0.000315771
83.47 12.5835 -0.13089 -0.455937 43.5294 0.0594644 0.000305858
83.48 12.5841 -0.131516 -0.45657 43.537 0.0594639 0.000295844
83.49 12.5847 -0.132144 -0.457209 43.5446 0.0594635 0.000285738
83.5 12.5853 -0.132775 -0.457851 43.5523 0.0594631 0.00027555
83.51 12.5858 -0.133408 -0.458498 43.5599 0.0594628 0.000265276
83.52 12.5865 -0.134043 -0.459149 43.5675 0.0594626 0.000254913
83.53 12.5871 -0.134681 -0.459804 43.5751 0.0594624 0.00024444
83.54 12.5877 -0.135321 -0.460463 43.5827 0.0594622 0.000233861
83.55 12.5883 -0.135963 -0.461127 43.5903 0.0594621 0.000223174
83.56 12.5889 -0.136607 -0.461795 43.5979 0.059462 0.000212399
83.57 12.5896 -0.137253 -0.462467 43.6055 0.059462 0.000201541
83.58 12.5902 -0.137901 -0.463143 43.6132 0.0594621 0.000190611
83.59 12.5909 -0.138551 -0.463824 43.6208 0.0594622 0.000179594
83.6 12.5916 -0.139202 -0.464509 43.6284 0.0594623 0.000168482
83.61 12.5922 -0.139855 -0.465199 43.636 0.0594625 0.000157268
83.62 12.5929 -0.140509 -0.465892 43.6436 0.0594627 0.000145932
83.63 12.5936 -0.141164 -0.466591 43.6512 0.059463 0.000134475
83.64 12.5943 -0.141819 -0.467293 43.6588 0.0594634 0.000122936
83.65 12.595 -0.142476 -0.468 43.6665 0.0594638 0.000111371
83.66 12.5957 -0.143132 -0.468711 43.6741 0.0594642 9.97554e-05
83.67 12.5965 -0.143789 -0.469427 43.6817 0.0594647 8.80485e-05
83.68 12.5972 -0.144446 -0.470146 43.6893 0.0594653 7.621e-05
83.69 12.5979 -0.145103 -0.470871 43.6969 0.0594659 6.42553e-05
83.7 12.5987 -0.14576 -0.4716 43.7045 0.0594665 5.22105e-05
83.71 12.5994 -0.146416 -0.472333 43.7121 0.0594672 4.01048e-05
83.72 12.6002 -0.147072 -0.47307 43.7197 0.059468 2.79368e-05
83.73 12.6009 -0.147728 -0.473812 43.7274 0.0594688 1.56906e-05
83.74 12.6017 -0.148383 -0.474558 43.735 0.0594697 3.3557e-06
83.75 12.6025 -0.149038 -0.475309 43.7426 0.0594706 -9.07773e-06
83.76 12.6033 -0.149692 -0.476063 43.7502 0.0594715 -2.15952e-05
83.77 12.6041 -0.150346 -0.476823 43.7578 0.0594725 -3.41951e-05
83.78 12.6049 -0.151 -0.477586 43.7654 0.0594736 -4.68671e-05
83.79 12.6057 -0.151654 -0.478353 43.773 0.0594747 -5.96216e-05
83.8 12.6065 -0.152307 -0.479125 43.7806 0.0594759 -7.24445e-05
83.81 12.6074 -0.15296 -0.479901 43.7883 0.0594771 -8.53427e-05
83.82 12.6082 -0.153614 -0.480681 43.7959 0.0594784 -9.83047e-05
83.83 12.6091 -0.154267 -0.481465 43.8035 0.0594797 -0.000111345
83.84 12.6099 -0.154921 -0.482253 43.8111 0.059481 -0.000124463
83.85 12.6108 -0.155575 -0.483045 43.8187 0.0594825 -0.000137657
83.86 12.6116 -0.156229 -0.483841 43.8263 0.0594839 -0.000150927
83.87 12.6125 -0.156884 -0.484641 43.8339 0.0594855 -0.000164259
83.88 12.6134 -0.15754 -0.485445 43.8416 0.0594871 -0.000177651
83.89 12.6143 -0.158196 -0.486253 43.8492 0.0594887 -0.000191091
83.9 12.6152 -0.158853 -0.487066 43.8568 0.0594904 -0.0002046
83.91 12.6161 -0.15951 -0.487882 43.8644 0.0594921 -0.00021817
83.92 12.617 -0.160168 -0.488702 43.872 0.0594939 -0.00023182
83.93 12.6179 -0.160826 -0.489525 43.8796 0.0594958 -0.00024553
83.94 12.6188 -0.161484 -0.490353 43.8872 0.0594976 -0.000259299
83.95 12.6197 -0.162143 -0.491185 43.8948 0.0594996 -0.000273116
83.96 12.6207 -0.162802 -0.492021 43.9025 0.0595016 -0.000286979
83.97 12.6216 -0.163461 -0.492861 43.9101 0.0595036 -0.000300894
83.98 12.6226 -0.164119 -0.493704 43.9177 0.0595058 -0.000314861
83.99 12.6235 -0.164778 -0.494552 43.9253 0.0595079 -0.000328892
84 12.6245 -0.165435 -0.495404 43.9329 0.0595101 -0.000342976
84.01 12.6255 -0.166092 -0.496259 43.9405 0.0595124 -0.000357119
84.02 12.6264 -0.166748 -0.497119 43.9481 0.0595147 -0.000371302
84.03 12.6274 -0.167402 -0.497983 43.9558 0.059517 -0.000385532
84.04 12.6284 -0.168055 -0.49885 43.9634 0.0595194 -0.000399795
84.05 12.6294 -0.168707 -0.499722 43.971 0.0595219 -0.000414106
84.06 12.6304 -0.169357 -0.500597 43.9786 0.0595244 -0.00042846
84.07 12.6314 -0.170004 -0.501477 43.9862 0.0595269 -0.000442866
84.08 12.6324 -0.17065 -0.50236 43.9938 0.0595295 -0.000457319
84.09 12.6334 -0.171293 -0.503248 44.0014 0.0595322 -0.000471816
84.1 12.6345 -0.171934 -0.504139 44.009 0.0595349 -0.000486351
84.11 12.6355 -0.172573 -0.505034 44.0167 0.0595376 -0.000500914
84.12 12.6365 -0.173209 -0.505933 44.0243 0.0595404 -0.000515511
84.13 12.6376 -0.173843 -0.506835 44.0319 0.0595433 -0.000530136
84.14 12.6386 -0.174474 -0.507741 44.0395 0.0595462 -0.000544808
84.15 12.6397 -0.175103 -0.508651 44.0471 0.0595491 -0.000559515
84.16 12.6408 -0.175729 -0.509565 44.0547 0.0595521 -0.000574265
84.17 12.6418 -0.176353 -0.510482 44.0623 0.0595551 -0.000589038
84.18 12.6429 -0.176975 -0.511403 44.07 0.0595582 -0.000603837
84.19 12.644 -0.177595 -0.512327 44.0776 0.0595614 -0.000618655
84.2 12.6451 -0.178213 -0.513255 44.0852 0.0595645 -0.000633497
84.21 12.6462 -0.178829 -0.514186 44.0928 0.0595678 -0.000648366
84.22 12.6473 -0.179443 -0.51512 44.1004 0.0595711 -0.000663263
84.23 12.6484 -0.180055 -0.516058 44.108 0.0595744 -0.000678189
84.24 12.6495 -0.180666 -0.516999 44.1156 0.0595778 -0.000693131
84.25 12.6506 -0.181275 -0.517943 44.1232 0.0595813 -0.000708091
84.26 12.6517 -0.181883 -0.518891 44.1309 0.0595847 -0.000723061
84.27 12.6528 -0.182489 -0.519841 44.1385 0.0595883 -0.00073805
84.28 12.654 -0.183094 -0.520795 44.1461 0.0595919 -0.000753051
84.29 12.6551 -0.183697 -0.521752 44.1537 0.0595955 -0.000768069
84.3 12.6562 -0.184299 -0.522712 44.1613 0.0595992 -0.000783099
84.31 12.6574 -0.1849 -0.523675 44.1689 0.059603 -0.000798144
84.32 12.6585 -0.185499 -0.524642 44.1765 0.0596068 -0.000813199
84.33 12.6597 -0.186096 -0.525611 44.1842 0.0596106 -0.000828265
84.34 12.6608 -0.186692 -0.526583 44.1918 0.0596145 -0.000843337
84.35 12.662 -0.187286 -0.527558 44.1994 0.0596184 -0.000858413
84.36 12.6632 -0.187877 -0.528537 44.207 0.0596224 -0.000873493
84.37 12.6643 -0.188467 -0.529518 44.2146 0.0596265 -0.00088858
84.38 12.6655 -0.189054 -0.530503 44.2222 0.0596306 -0.000903678
84.39 12.6667 -0.189638 -0.53149 44.2298 0.0596347 -0.000918782
84.4 12.6679 -0.19022 -0.53248 44.2374 0.0596389 -0.000933895
84.41 12.6691 -0.190798 -0.533474 44.2451 0.0596431 -0.000949006
84.42 12.6703 -0.191373 -0.53447 44.2527 0.0596474 -0.000964119
84.43 12.6715 -0.191945 -0.535469 44.2603 0.0596517 -0.000979228
84.44 12.6727 -0.192514 -0.536472 44.2679 0.0596561 -0.000994343
84.45 12.6739 -0.193078 -0.537477 44.2755 0.0596605 -0.00100946
84.46 12.6751 -0.193639 -0.538485 44.2831 0.059665 -0.00102458
84.47 12.6763 -0.194196 -0.539496 44.2907 0.0596695 -0.00103971
84.48 12.6775 -0.194749 -0.54051 44.2984 0.059674 -0.00105483
84.49 12.6787 -0.195297 -0.541527 44.306 0.0596787 -0.00106995
84.5 12.68 -0.195842 -0.542546 44.3136 0.0596833 -0.00108506
84.51 12.6812 -0.196382 -0.543569 44.3212 0.059688 -0.00110017
84.52 12.6824 -0.196918 -0.544594 44.3288 0.0596928 -0.00111528
84.53 12.6837 -0.19745 -0.545622 44.3364 0.0596976 -0.00113038
84.54 12.6849 -0.197978 -0.546652 44.344 0.0597024 -0.00114549
84.55 12.6862 -0.198501 -0.547685 44.3516 0.0597073 -0.00116059
84.56 12.6874 -0.199021 -0.548721 44.3593 0.0597122 -0.00117567
84.57 12.6887 -0.199537 -0.549759 44.3669 0.0597172 -0.00119076
84.58 12.6899 -0.200049 -0.550799 44.3745 0.0597223 -0.00120583
84.59 12.6912 -0.200558 -0.551842 44.3821 0.0597274 -0.00122089
84.6 12.6924 -0.201063 -0.552887 44.3897 0.0597325 -0.00123595
84.61 12.6937 -0.201565 -0.553935 44.3973 0.0597377 -0.00125099
84.62 12.695 -0.202064 -0.554984 44.4049 0.0597429 -0.00126603
84.63 12.6962 -0.202559 -0.556036 44.4126 0.0597482 -0.00128105
84.64 12.6975 -0.203052 -0.557089 44.4202 0.0597536 -0.00129609
84.65 12.6988 -0.203541 -0.558145 44.4278 0.059759 -0.00131116
84.66 12.7001 -0.204028 -0.559202 44.4354 0.0597644 -0.00132621
84.67 12.7013 -0.204512 -0.560262 44.443 0.0597699 -0.00134119
84.68 12.7026 -0.204993 -0.561323 44.4506 0.0597755 -0.00135611
84.69 12.7039 -0.205471 -0.562386 44.4582 0.059781 -0.00137103
84.7 12.7052 -0.205946 -0.563451 44.4659 0.0597866 -0.00138598
84.71 12.7065 -0.206418 -0.564517 44.4735 0.0597923 -0.00140095
84.72 12.7078 -0.206888 -0.565585 44.4811 0.059798 -0.0014159
84.73 12.7091 -0.207354 -0.566655 44.4887 0.0598038 -0.00143081
84.74 12.7103 -0.207816 -0.567727 44.4963 0.0598096 -0.00144569
84.75 12.7116 -0.208275 -0.5688 44.5039 0.0598155 -0.00146056
84.76 12.7129 -0.208731 -0.569875 44.5115 0.0598214 -0.00147545
84.77 12.7142 -0.209183 -0.570951 44.5191 0.0598274 -0.00149034
84.78 12.7155 -0.209631 -0.572029 44.5268 0.0598334 -0.00150521
84.79 12.7168 -0.210074 -0.573108 44.5344 0.0598394 -0.00152006
84.8 12.7181 -0.210514 -0.574189 44.542 0.0598455 -0.00153489
84.81 12.7194 -0.210949 -0.575272 44.5496 0.0598516 -0.00154971
84.82 12.7208 -0.211379 -0.576356 44.5572 0.0598578 -0.00156454
84.83 12.7221 -0.211805 -0.577441 44.5648 0.059864 -0.00157936
84.84 12.7234 -0.212225 -0.578528 44.5724 0.0598703 -0.00159416
84.85 12.7247 -0.212641 -0.579616 44.5801 0.0598766 -0.00160895
84.86 12.726 -0.213051 -0.580705 44.5877 0.0598829 -0.00162372
84.87 12.7273 -0.213457 -0.581796 44.5953 0.0598893 -0.00163849
84.88 12.7286 -0.213857 -0.582887 44.6029 0.0598958 -0.00165326
84.89 12.7299 -0.214252 -0.58398 44.6105 0.0599022 -0.00166801
84.9 12.7313 -0.214642 -0.585075 44.6181 0.0599088 -0.00168275
84.91 12.7326 -0.215027 -0.58617 44.6257 0.0599154 -0.00169747
84.92 12.7339 -0.215407 -0.587267 44.6334 0.059922 -0.00171218
84.93 12.7352 -0.215782 -0.588364 44.641 0.0599286 -0.00172688
84.94 12.7365 -0.216152 -0.589462 44.6486 0.0599353 -0.00174157
84.95 12.7379 -0.216517 -0.590562 44.6562 0.059942 -0.00175625
84.96 12.7392 -0.216878 -0.591662 44.6638 0.0599488 -0.00177091
84.97 12.7405 -0.217234 -0.592763 44.6714 0.0599556 -0.00178556
84.98 12.7418 -0.217586 -0.593864 44.679 0.0599625 -0.0018002
84.99 12.7431 -0.217934 -0.594967 44.6866 0.0599694 -0.00181482
85 12.7445 -0.218277 -0.59607 44.6943 0.0599764 -0.00182942
85.01 12.7458 -0.218617 -0.597173 44.7019 0.0599833 -0.001844
85.02 12.7471 -0.218953 -0.598277 44.7095 0.0599903 -0.00185858
85.03 12.7484 -0.219285 -0.599382 44.7171 0.0599974 -0.00187314
85.04 12.7497 -0.219614 -0.600487 44.7247 0.0600045 -0.00188769
85.05 12.7511 -0.219938 -0.601593 44.7323 0.0600117 -0.00190223
85.06 12.7524 -0.22026 -0.602698 44.7399 0.0600189 -0.00191677
85.07 12.7537 -0.220578 -0.603804 44.7476 0.0600261 -0.00193135
85.08 12.755 -0.220892 -0.60491 44.7552 0.0600334 -0.00194591
85.09 12.7564 -0.221203 -0.606017 44.7628 0.0600406 -0.00196038
85.1 12.7577 -0.221509 -0.607123 44.7704 0.060048 -0.00197479
85.11 12.759 -0.221812 -0.608229 44.778 0.0600554 -0.0019892
85.12 12.7603 -0.222111 -0.609336 44.7856 0.0600628 -0.00200367
85.13 12.7617 -0.222406 -0.610442 44.7932 0.0600703 -0.00201815
85.14 12.763 -0.222697 -0.611549 44.8009 0.0600778 -0.00203261
85.15 12.7643 -0.222983 -0.612655 44.8085 0.0600853 -0.00204701
85.16 12.7656 -0.223265 -0.613761 44.8161 0.0600929 -0.00206138
85.17 12.7669 -0.223543 -0.614867 44.8237 0.0601005 -0.00207576
85.18 12.7683 -0.223816 -0.615973 44.8313 0.0601082 -0.00209016
85.19 12.7696 -0.224084 -0.617079 44.8389 0.0601158 -0.00210456
85.2 12.7709 -0.224347 -0.618184 44.8465 0.0601236 -0.00211894
85.21 12.7722 -0.224604 -0.619289 44.8542 0.0601314 -0.00213329
85.22 12.7735 -0.224857 -0.620394 44.8618 0.0601392 -0.00214761
85.23 12.7749 -0.225104 -0.621498 44.8694 0.0601471 -0.00216193
85.24 12.7762 -0.225346 -0.622602 44.877 0.060155 -0.00217625
85.25 12.7775 -0.225582 -0.623706 44.8846 0.0601629 -0.00219057
85.26 12.7788 -0.225813 -0.624809 44.8922 0.0601708 -0.00220486
85.27 12.7801 -0.226039 -0.625911 44.8998 0.0601789 -0.00221914
85.28 12.7814 -0.226259 -0.627013 44.9074 0.0601869 -0.00223339
85.29 12.7828 -0.226473 -0.628114 44.9151 0.0601951 -0.00224764
85.3 12.7841 -0.226683 -0.629215 44.9227 0.0602032 -0.00226187
85.31 12.7854 -0.226887 -0.630314 44.9303 0.0602114 -0.00227607
85.32 12.7867 -0.227086 -0.631413 44.9379 0.0602196 -0.00229026
85.33 12.788 -0.22728 -0.632511 44.9455 0.0602279 -0.00230442
85.34 12.7893 -0.227469 -0.633607 44.9531 0.0602362 -0.00231857
85.35 12.7906 -0.227653 -0.634703 44.9607 0.0602445 -0.0023327
85.36 12.7919 -0.227833 -0.635798 44.9684 0.0602529 -0.00234681
85.37 12.7932 -0.228008 -0.636892 44.976 0.0602614 -0.00236089
85.38 12.7945 -0.228179 -0.637984 44.9836 0.0602699 -0.00237494
85.39 12.7958 -0.228346 -0.639075 44.9912 0.0602784 -0.00238897
85.4 12.7971 -0.228509 -0.640165 44.9988 0.0602869 -0.00240297
85.41 12.7984 -0.228669 -0.641253 45.0064 0.0602955 -0.00241694
85.42 12.7997 -0.228824 -0.64234 45.014 0.0603042 -0.0024309
85.43 12.801 -0.228976 -0.643425 45.0217 0.0603128 -0.00244483
85.44 12.8023 -0.229124 -0.644509 45.0293 0.0603216 -0.00245872
85.45 12.8036 -0.229268 -0.645591 45.0369 0.0603304 -0.00247258
85.46 12.8048 -0.229409 -0.646672 45.0445 0.0603392 -0.00248641
85.47 12.8061 -0.229547 -0.647751 45.0521 0.060348 -0.0025002
85.48 12.8074 -0.22968 -0.648828 45.0597 0.0603569 -0.00251397
85.49 12.8087 -0.229811 -0.649904 45.0673 0.0603658 -0.00252772
85.5 12.81 -0.229937 -0.650978 45.075 0.0603748 -0.00254143
85.51 12.8112 -0.23006 -0.65205 45.0826 0.0603838 -0.00255511
85.52 12.8125 -0.230179 -0.65312 45.0902 0.0603929 -0.00256875
85.53 12.8138 -0.230293 -0.654189 45.0978 0.060402 -0.00258234
85.54 12.8151 -0.230404 -0.655255 45.1054 0.0604111 -0.0025959
85.55 12.8163 -0.230511 -0.65632 45.113 0.0604203 -0.00260943
85.56 12.8176 -0.230613 -0.657383 45.1206 0.0604295 -0.00262292
85.57 12.8189 -0.230711 -0.658443 45.1283 0.0604388 -0.00263638
85.58 12.8201 -0.230804 -0.659502 45.1359 0.0604481 -0.00264979
85.59 12.8214 -0.230892 -0.660559 45.1435 0.0604575 -0.00266317
85.6 12.8226 -0.230976 -0.661614 45.1511 0.0604669 -0.0026765
85.61 12.8239 -0.231055 -0.662666 45.1587 0.0604763 -0.00268978
85.62 12.8251 -0.231129 -0.663717 45.1663 0.0604858 -0.00270301
85.63 12.8264 -0.231198 -0.664765 45.1739 0.0604953 -0.0027162
85.64 12.8276 -0.231262 -0.66581 45.1816 0.0605048 -0.00272934
85.65 12.8289 -0.231321 -0.666854 45.1892 0.0605144 -0.00274244
85.66 12.8301 -0.231375 -0.667894 45.1968 0.0605241 -0.0027555
85.67 12.8314 -0.231424 -0.668933 45.2044 0.0605338 -0.00276849
85.68 12.8326 -0.231468 -0.669969 45.212 0.0605435 -0.00278142
85.69 12.8338 -0.231508 -0.671002 45.2196 0.0605533 -0.0027943
85.7 12.835 -0.231543 -0.672033 45.2272 0.0605631 -0.00280711
85.71 12.8363 -0.231573 -0.67306 45.2349 0.0605729 -0.00281988
85.72 12.8375 -0.231599 -0.674085 45.2425 0.0605828 -0.00283258
85.73 12.8387 -0.231621 -0.675107 45.2501 0.0605927 -0.00284523
85.74 12.8399 -0.231639 -0.676126 45.2577 0.0606027 -0.00285782
85.75 12.8411 -0.231653 -0.677142 45.2653 0.0606127 -0.00287034
85.76 12.8424 -0.231663 -0.678155 45.2729 0.0606228 -0.00288279
85.77 12.8436 -0.23167 -0.679165 45.2805 0.0606329 -0.00289517
85.78 12.8448 -0.231673 -0.680171 45.2882 0.060643 -0.00290747
85.79 12.846 -0.231673 -0.681174 45.2958 0.0606531 -0.00291972
85.8 12.8472 -0.231669 -0.682174 45.3034 0.0606633 -0.0029319
85.81 12.8484 -0.231663 -0.68317 45.311 0.0606736 -0.00294402
85.82 12.8496 -0.231653 -0.684163 45.3186 0.0606839 -0.00295606
85.83 12.8507 -0.231641 -0.685153 45.3262 0.0606942 -0.00296801
85.84 12.8519 -0.231625 -0.686138 45.3338 0.0607046 -0.00297989
85.85 12.8531 -0.231607 -0.68712 45.3415 0.0607149 -0.00299169
85.86 12.8543 -0.231586 -0.688099 45.3491 0.0607254 -0.00300342
85.87 12.8555 -0.231562 -0.689073 45.3567 0.0607358 -0.00301507
85.88 12.8566 -0.231535 -0.690044 45.3643 0.0607463 -0.00302665
85.89 12.8578 -0.231505 -0.691011 45.3719 0.0607569 -0.00303815
85.9 12.859 -0.231472 -0.691975 45.3795 0.0607675 -0.00304957
85.91 12.8601 -0.231436 -0.692934 45.3871 0.0607781 -0.0030609
85.92 12.8613 -0.231397 -0.69389 45.3948 0.0607888 -0.00307214
85.93 12.8625 -0.231355 -0.694842 45.4024 0.0607995 -0.00308329
85.94 12.8636 -0.231309 -0.69579 45.41 0.0608102 -0.00309436
85.95 12.8648 -0.23126 -0.696733 45.4176 0.0608209 -0.00310534
85.96 12.8659 -0.231207 -0.697673 45.4252 0.0608318 -0.00311625
85.97 12.867 -0.23115 -0.698609 45.4328 0.0608426 -0.00312707
85.98 12.8682 -0.23109 -0.699541 45.4404 0.0608535 -0.00313778
85.99 12.8693 -0.231025 -0.700469 45.4481 0.0608645 -0.0031484
86 12.8705 -0.230957 -0.701393 45.4557 0.0608755 -0.00315894
86.01 12.8716 -0.230885 -0.702313 45.4633 0.0608864 -0.00316942
86.02 12.8727 -0.230809 -0.703228 45.4709 0.0608975 -0.00317981
86.03 12.8738 -0.230729 -0.704139 45.4785 0.0609085 -0.00319005
86.04 12.875 -0.230645 -0.705046 45.4861 0.0609197 -0.00320016
86.05 12.8761 -0.230557 -0.705949 45.4937 0.0609309 -0.00321018
86.06 12.8772 -0.230465 -0.706847 45.5014 0.0609421 -0.00322014
86.07 12.8783 -0.230369 -0.707741 45.509 0.0609533 -0.00323001
86.08 12.8794 -0.230269 -0.70863 45.5166 0.0609646 -0.00323976
86.09 12.8805 -0.230166 -0.709515 45.5242 0.0609759 -0.00324938
86.1 12.8816 -0.230059 -0.710395 45.5318 0.0609872 -0.00325889
86.11 12.8827 -0.22995 -0.71127 45.5394 0.0609986 -0.00326831
86.12 12.8838 -0.229837 -0.712141 45.547 0.0610101 -0.00327764
86.13 12.8849 -0.229721 -0.713007 45.5547 0.0610216 -0.00328688
86.14 12.8859 -0.229602 -0.713868 45.5623 0.0610331 -0.00329599
86.15 12.887 -0.229481 -0.714723 45.5699 0.0610446 -0.00330496
86.16 12.8881 -0.229356 -0.715574 45.5775 0.0610562 -0.00331382
86.17 12.8892 -0.22923 -0.716419 45.5851 0.0610678 -0.00332257
86.18 12.8902 -0.229102 -0.71726 45.5927 0.0610795 -0.00333122
86.19 12.8913 -0.228971 -0.718095 45.6004 0.0610912 -0.00333977
86.2 12.8924 -0.228839 -0.718925 45.608 0.061103 -0.00334821
86.21 12.8934 -0.228704 -0.719749 45.6156 0.0611148 -0.00335651
86.22 12.8945 -0.228568 -0.720569 45.6232 0.0611266 -0.0033647
86.23 12.8955 -0.22843 -0.721382 45.6308 0.0611385 -0.00337275
86.24 12.8966 -0.22829 -0.72219 45.6384 0.0611504 -0.00338069
86.25 12.8976 -0.228149 -0.722993 45.646 0.0611624 -0.00338852
86.26 12.8987 -0.228005 -0.72379 45.6537 0.0611744 -0.00339623
86.27 12.8997 -0.22786 -0.724581 45.6613 0.0611864 -0.00340383
86.28 12.9007 -0.227714 -0.725367 45.6689 0.0611986 -0.00341131
86.29 12.9018 -0.227565 -0.726148 45.6765 0.0612107 -0.00341865
86.3 12.9028 -0.227415 -0.726923 45.6841 0.061223 -0.00342587
86.31 12.9038 -0.227262 -0.727691 45.6917 0.0612352 -0.00343296
86.32 12.9048 -0.227107 -0.728455 45.6993 0.0612475 -0.00343991
86.33 12.9058 -0.22695 -0.729212 45.707 0.0612598 -0.00344675
86.34 12.9069 -0.226791 -0.729964 45.7146 0.0612722 -0.00345347
86.35 12.9079 -0.226629 -0.73071 45.7222 0.0612846 -0.00346008
86.36 12.9089 -0.226465 -0.73145 45.7298 0.0612971 -0.00346656
86.37 12.9099 -0.226299 -0.732184 45.7374 0.0613096 -0.00347291
86.38 12.9109 -0.226129 -0.732912 45.745 0.0613222 -0.0034791
86.39 12.9118 -0.225956 -0.733635 45.7526 0.0613348 -0.00348514
86.4 12.9128 -0.225781 -0.734351 45.7603 0.0613475 -0.00349106
86.41 12.9138 -0.225603 -0.735062 45.7679 0.0613602 -0.00349686
86.42 12.9148 -0.225422 -0.735767 45.7755 0.061373 -0.00350255
86.43 12.9158 -0.225239 -0.736465 45.7831 0.0613859 -0.00350811
86.44 12.9167 -0.225053 -0.737158 45.7907 0.0613988 -0.00351352
86.45 12.9177 -0.224864 -0.737844 45.7983 0.0614117 -0.00351879
86.46 12.9187 -0.224672 -0.738525 45.8059 0.0614247 -0.00352391
86.47 12.9196 -0.224478 -0.739199 45.8136 0.0614377 -0.00352889
86.48 12.9206 -0.224282 -0.739866 45.8212 0.0614508 -0.00353375
86.49 12.9215 -0.224083 -0.740527 45.8288 0.061464 -0.00353848
86.5 12.9225 -0.223883 -0.741182 45.8364 0.0614771 -0.00354309
86.51 12.9234 -0.223681 -0.741831 45.844 0.0614904 -0.00354755
86.52 12.9244 -0.223477 -0.742473 45.8516 0.0615037 -0.00355187
86.53 12.9253 -0.223271 -0.743108 45.8592 0.0615171 -0.00355605
86.54 12.9262 -0.223064 -0.743737 45.8669 0.0615305 -0.00356008
86.55 12.9271 -0.222855 -0.744359 45.8745 0.0615439 -0.00356397
86.56 12.9281 -0.222646 -0.744974 45.8821 0.0615574 -0.00356773
86.57 12.929 -0.222436 -0.745583 45.8897 0.061571 -0.00357136
86.58 12.9299 -0.222225 -0.746185 45.8973 0.0615846 -0.00357486
86.59 12.9308 -0.222013 -0.74678 45.9049 0.0615983 -0.00357822
86.6 12.9317 -0.2218 -0.747368 45.9126 0.061612 -0.00358144
86.61 12.9326 -0.221587 -0.747949 45.9202 0.0616258 -0.0035845
86.62 12.9335 -0.221373 -0.748524 45.9278 0.0616397 -0.00358742
86.63 12.9344 -0.221159 -0.749091 45.9354 0.0616536 -0.00359019
86.64 12.9353 -0.220945 -0.749651 45.943 0.0616676 -0.00359284
86.65 12.9362 -0.22073 -0.750204 45.9506 0.0616816 -0.00359536
86.66 12.9371 -0.220514 -0.750751 45.9582 0.0616957 -0.00359775
86.67 12.938 -0.220298 -0.75129 45.9659 0.0617098 -0.00359999
86.68 12.9389 -0.220081 -0.751822 45.9735 0.0617241 -0.00360208
86.69 12.9397 -0.219864 -0.752347 45.9811 0.0617383 -0.00360402
86.7 12.9406 -0.219645 -0.752865 45.9887 0.0617527 -0.00360581
86.71 12.9415 -0.219426 -0.753375 45.9963 0.0617671 -0.00360747
86.72 12.9423 -0.219206 -0.753879 46.0039 0.0617815 -0.003609
86.73 12.9432 -0.218985 -0.754375 46.0115 0.061796 -0.0036104
86.74 12.944 -0.218763 -0.754865 46.0192 0.0618106 -0.00361166
86.75 12.9449 -0.21854 -0.755347 46.0268 0.0618253 -0.00361277
86.76 12.9457 -0.218315 -0.755822 46.0344 0.06184 -0.00361374
86.77 12.9466 -0.21809 -0.756289 46.042 0.0618548 -0.00361455
86.78 12.9474 -0.217862 -0.75675 46.0496 0.0618696 -0.00361521
86.79 12.9483 -0.217634 -0.757203 46.0572 0.0618845 -0.00361575
86.8 12.9491 -0.217404 -0.757649 46.0649 0.0618995 -0.00361616
86.81 12.9499 -0.217172 -0.758087 46.0725 0.0619146 -0.00361644
86.82 12.9508 -0.216939 -0.758518 46.0801 0.0619297 -0.00361658
86.83 12.9516 -0.216705 -0.758942 46.0877 0.0619448 -0.00361658
86.84 12.9524 -0.21647 -0.759359 46.0953 0.0619601 -0.00361642
86.85 12.9532 -0.216233 -0.759767 46.1029 0.0619754 -0.00361611
86.86 12.954 -0.215995 -0.760169 46.1105 0.0619908 -0.00361567
86.87 12.9548 -0.215757 -0.760563 46.1182 0.0620062 -0.0036151
86.88 12.9556 -0.215517 -0.760949 46.1258 0.0620217 -0.00361441
86.89 12.9564 -0.215277 -0.761327 46.1334 0.0620373 -0.00361359
86.9 12.9572 -0.215037 -0.761698 46.141 0.0620529 -0.00361263
86.91 12.958 -0.214796 -0.762061 46.1486 0.0620686 -0.00361152
86.92 12.9588 -0.214554 -0.762417 46.1562 0.0620844 -0.00361027
86.93 12.9596 -0.214313 -0.762764 46.1638 0.0621002 -0.00360887
86.94 12.9604 -0.214071 -0.763104 46.1715 0.0621161 -0.00360734
86.95 12.9612 -0.21383 -0.763436 46.1791 0.0621321 -0.00360569
86.96 12.962 -0.213589 -0.76376 46.1867 0.0621482 -0.00360392
86.97 12.9627 -0.213349 -0.764076 46.1943 0.0621643 -0.00360202
86.98 12.9635 -0.213109 -0.764384 46.2019 0.0621805 -0.00359998
86.99 12.9643 -0.212869 -0.764684 46.2095 0.0621968 -0.00359779
87 12.965 -0.212631 -0.764976 46.2172 0.0622131 -0.00359546
87.01 12.9658 -0.212392 -0.76526 46.2248 0.0622295 -0.00359299
87.02 12.9665 -0.212155 -0.765536 46.2324 0.062246 -0.0035904
87.03 12.9673 -0.211918 -0.765804 46.24 0.0622625 -0.00358769
87.04 12.968 -0.211682 -0.766064 46.2476 0.0622791 -0.00358486
87.05 12.9688 -0.211447 -0.766315 46.2552 0.0622958 -0.0035819
87.06 12.9695 -0.211212 -0.766559 46.2628 0.0623126 -0.0035788
87.07 12.9703 -0.210977 -0.766795 46.2705 0.0623294 -0.00357555
87.08 12.971 -0.210743 -0.767022 46.2781 0.0623463 -0.00357216
87.09 12.9717 -0.210509 -0.767242 46.2857 0.0623633 -0.00356865
87.1 12.9725 -0.210275 -0.767453 46.2933 0.0623803 -0.00356501
87.11 12.9732 -0.210042 -0.767657 46.3009 0.0623974 -0.00356127
87.12 12.9739 -0.209809 -0.767852 46.3085 0.0624146 -0.0035574
87.13 12.9746 -0.209575 -0.76804 46.3161 0.0624318 -0.00355341
87.14 12.9753 -0.209341 -0.768219 46.3238 0.0624491 -0.00354927
87.15 12.9761 -0.209107 -0.76839 46.3314 0.0624665 -0.00354499
87.16 12.9768 -0.208873 -0.768554 46.339 0.0624839 -0.00354058
87.17 12.9775 -0.208638 -0.768709 46.3466 0.0625015 -0.00353605
87.18 12.9782 -0.208403 -0.768856 46.3542 0.062519 -0.00353141
87.19 12.9789 -0.208167 -0.768995 46.3618 0.0625367 -0.00352665
87.2 12.9796 -0.207931 -0.769126 46.3695 0.0625544 -0.00352179
87.21 12.9802 -0.207695 -0.769249 46.3771 0.0625721 -0.00351679
87.22 12.9809 -0.207458 -0.769364 46.3847 0.06259 -0.00351166
87.23 12.9816 -0.20722 -0.76947 46.3923 0.0626079 -0.00350639
87.24 12.9823 -0.206982 -0.769569 46.3999 0.0626258 -0.003501
87.25 12.983 -0.206744 -0.769659 46.4075 0.0626438 -0.00349549
87.26 12.9836 -0.206506 -0.769741 46.4151 0.0626619 -0.00348989
87.27 12.9843 -0.206269 -0.769814 46.4228 0.06268 -0.00348418
87.28 12.985 -0.206031 -0.76988 46.4304 0.0626982 -0.00347835
87.29 12.9856 -0.205793 -0.769937 46.438 0.0627165 -0.0034724
87.3 12.9863 -0.205556 -0.769985 46.4456 0.0627348 -0.00346632
87.31 12.9869 -0.205319 -0.770025 46.4532 0.0627531 -0.00346012
87.32 12.9876 -0.205083 -0.770057 46.4608 0.0627715 -0.00345381
87.33 12.9882 -0.204847 -0.77008 46.4685 0.06279 -0.00344739
87.34 12.9888 -0.204612 -0.770095 46.4761 0.0628085 -0.00344085
87.35 12.9895 -0.204378 -0.770102 46.4837 0.0628271 -0.0034342
87.36 12.9901 -0.204145 -0.7701 46.4913 0.0628457 -0.00342745
87.37 12.9907 -0.203913 -0.770089 46.4989 0.0628644 -0.00342058
87.38 12.9914 -0.203682 -0.77007 46.5065 0.0628832 -0.00341359
87.39 12.992 -0.203452 -0.770043 46.5141 0.0629019 -0.00340647
87.4 12.9926 -0.203223 -0.770007 46.5218 0.0629208 -0.00339924
87.41 12.9932 -0.202996 -0.769962 46.5294 0.0629397 -0.00339192
87.42 12.9938 -0.202769 -0.769909 46.537 0.0629586 -0.00338451
87.43 12.9944 -0.202544 -0.769848 46.5446 0.0629776 -0.00337699
87.44 12.995 -0.202319 -0.769778 46.5522 0.0629966 -0.00336936
87.45 12.9956 -0.202095 -0.769699 46.5598 0.0630157 -0.00336159
87.46 12.9962 -0.201872 -0.769612 46.5675 0.0630348 -0.00335371
87.47 12.9967 -0.20165 -0.769517 46.5751 0.0630539 -0.00334572
87.48 12.9973 -0.201429 -0.769413 46.5827 0.0630731 -0.00333765
87.49 12.9979 -0.201208 -0.7693 46.5903 0.0630923 -0.00332948
87.5 12.9985 -0.200987 -0.769179 46.5979 0.0631116 -0.00332121
87.51 12.999 -0.200766 -0.76905 46.6055 0.0631309 -0.00331283
87.52 12.9996 -0.200546 -0.768912 46.6132 0.0631503 -0.00330434
87.53 13.0001 -0.200325 -0.768766 46.6208 0.0631696 -0.00329574
87.54 13.0007 -0.200104 -0.768611 46.6284 0.063189 -0.00328703
87.55 13.0012 -0.199883 -0.768448 46.636 0.0632085 -0.00327822
87.56 13.0018 -0.199662 -0.768277 46.6436 0.0632279 -0.00326931
87.57 13.0023 -0.199441 -0.768097 46.6512 0.0632474 -0.00326033
87.58 13.0028 -0.199219 -0.767909 46.6588 0.0632669 -0.00325125
87.59 13.0033 -0.198997 -0.767713 46.6665 0.0632865 -0.00324207
87.6 13.0039 -0.198774 -0.767508 46.6741 0.0633061 -0.00323278
87.61 13.0044 -0.198551 -0.767295 46.6817 0.0633257 -0.00322337
87.62 13.0049 -0.198328 -0.767073 46.6893 0.0633453 -0.00321387
87.63 13.0054 -0.198104 -0.766843 46.6969 0.0633649 -0.00320427
87.64 13.0059 -0.19788 -0.766605 46.7045 0.0633846 -0.0031946
87.65 13.0064 -0.197656 -0.766358 46.7122 0.0634042 -0.00318485
87.66 13.0068 -0.197433 -0.766103 46.7198 0.0634239 -0.003175
87.67 13.0073 -0.197209 -0.76584 46.7274 0.0634436 -0.00316505
87.68 13.0078 -0.196986 -0.765569 46.735 0.0634633 -0.00315499
87.69 13.0082 -0.196763 -0.765289 46.7426 0.063483 -0.00314484
87.7 13.0087 -0.196541 -0.765 46.7502 0.0635028 -0.00313459
87.71 13.0092 -0.196319 -0.764703 46.7579 0.0635225 -0.00312425
87.72 13.0096 -0.196098 -0.764398 46.7655 0.0635423 -0.00311384
87.73 13.0101 -0.195879 -0.764085 46.7731 0.063562 -0.00310334
87.74 13.0105 -0.19566 -0.763763 46.7807 0.0635818 -0.00309276
87.75 13.0109 -0.195442 -0.763433 46.7883 0.0636015 -0.00308208
87.76 13.0113 -0.195225 -0.763094 46.7959 0.0636213 -0.00307129
87.77 13.0118 -0.19501 -0.762747 46.8036 0.063641 -0.00306041
87.78 13.0122 -0.194795 -0.762392 46.8112 0.0636608 -0.00304943
87.79 13.0126 -0.194582 -0.762028 46.8188 0.0636805 -0.00303839
87.8 13.013 -0.19437 -0.761657 46.8264 0.0637003 -0.00302727
87.81 13.0134 -0.194159 -0.761276 46.834 0.06372 -0.00301607
87.82 13.0138 -0.19395 -0.760888 46.8416 0.0637397 -0.00300477
87.83 13.0141 -0.193741 -0.760492 46.8493 0.0637594 -0.00299339
87.84 13.0145 -0.193533 -0.760087 46.8569 0.0637791 -0.00298189
87.85 13.0149 -0.193325 -0.759674 46.8645 0.0637988 -0.00297032
87.86 13.0152 -0.193119 -0.759253 46.8721 0.0638185 -0.00295866
87.87 13.0156 -0.192913 -0.758824 46.8797 0.0638381 -0.00294693
87.88 13.0159 -0.192707 -0.758387 46.8873 0.0638578 -0.00293513
87.89 13.0163 -0.192501 -0.757942 46.895 0.0638774 -0.00292325
87.9 13.0166 -0.192296 -0.757489 46.9026 0.063897 -0.00291129
87.91 13.0169 -0.19209 -0.757027 46.9102 0.0639165 -0.00289923
87.92 13.0172 -0.191884 -0.756558 46.9178 0.063936 -0.00288708
87.93 13.0175 -0.191678 -0.756081 46.9254 0.0639555 -0.00287481
87.94 13.0178 -0.191471 -0.755596 46.933 0.063975 -0.00286243
87.95 13.0181 -0.191264 -0.755103 46.9407 0.0639944 -0.00284999
87.96 13.0184 -0.191057 -0.754602 46.9483 0.0640138 -0.00283755
87.97 13.0187 -0.190849 -0.754094 46.9559 0.0640332 -0.00282509
87.98 13.019 -0.19064 -0.753577 46.9635 0.0640525 -0.00281252
87.99 13.0192 -0.190431 -0.753053 46.9711 0.0640718 -0.00279981
88 13.0195 -0.19022 -0.752521 46.9787 0.064091 -0.00278698
88.01 13.0197 -0.19001 -0.75198 46.9864 0.0641102 -0.00277409
88.02 13.02 -0.189799 -0.751432 46.994 0.0641293 -0.00276117
88.03 13.0202 -0.189587 -0.750876 47.0016 0.0641484 -0.0027482
88.04 13.0204 -0.189376 -0.750313 47.0092 0.0641675 -0.00273515
88.05 13.0206 -0.189164 -0.749741 47.0168 0.0641865 -0.002722
88.06 13.0209 -0.188952 -0.749162 47.0244 0.0642054 -0.00270876
88.07 13.0211 -0.18874 -0.748575 47.0321 0.0642243 -0.00269545
88.08 13.0212 -0.188529 -0.74798 47.0397 0.0642431 -0.00268207
88.09 13.0214 -0.188318 -0.747377 47.0473 0.0642619 -0.00266862
88.1 13.0216 -0.188107 -0.746767 47.0549 0.0642806 -0.0026551
88.11 13.0218 -0.187897 -0.746149 47.0625 0.0642993 -0.00264151
88.12 13.0219 -0.187687 -0.745523 47.0702 0.0643179 -0.00262786
88.13 13.0221 -0.187479 -0.74489 47.0778 0.0643364 -0.00261414
88.14 13.0222 -0.187271 -0.744249 47.0854 0.0643549 -0.00260034
88.15 13.0223 -0.187064 -0.743601 47.093 0.0643733 -0.00258646
88.16 13.0225 -0.186857 -0.742945 47.1006 0.0643916 -0.00257251
88.17 13.0226 -0.186652 -0.742281 47.1082 0.0644098 -0.00255848
88.18 13.0227 -0.186447 -0.74161 47.1159 0.064428 -0.0025444
88.19 13.0228 -0.186244 -0.740932 47.1235 0.0644461 -0.00253026
88.2 13.0229 -0.186041 -0.740247 47.1311 0.0644642 -0.00251607
88.21 13.023 -0.185839 -0.739554 47.1387 0.0644821 -0.0025018
88.22 13.023 -0.185637 -0.738854 47.1463 0.0645 -0.00248746
88.23 13.0231 -0.185436 -0.738147 47.1539 0.0645178 -0.00247304
88.24 13.0231 -0.185236 -0.737432 47.1616 0.0645355 -0.00245855
88.25 13.0232 -0.185035 -0.736711 47.1692 0.0645531 -0.00244401
88.26 13.0232 -0.184835 -0.735983 47.1768 0.0645706 -0.00242942
88.27 13.0232 -0.184634 -0.735247 47.1844 0.0645881 -0.00241478
88.28 13.0232 -0.184434 -0.734505 47.192 0.0646054 -0.00240008
88.29 13.0232 -0.184233 -0.733756 47.1997 0.0646227 -0.00238531
88.3 13.0232 -0.184032 -0.733 47.2073 0.0646398 -0.00237048
88.31 13.0232 -0.18383 -0.732237 47.2149 0.0646569 -0.00235558
88.32 13.0232 -0.183628 -0.731467 47.2225 0.0646739 -0.00234062
88.33 13.0232 -0.183425 -0.730691 47.2301 0.0646908 -0.00232562
88.34 13.0231 -0.183221 -0.729908 47.2377 0.0647075 -0.00231057
88.35 13.0231 -0.183017 -0.729119 47.2454 0.0647242 -0.00229548
88.36 13.023 -0.182811 -0.728323 47.253 0.0647408 -0.00228033
88.37 13.0229 -0.182605 -0.72752 47.2606 0.0647572 -0.00226512
88.38 13.0228 -0.182399 -0.726711 47.2682 0.0647736 -0.00224985
88.39 13.0227 -0.182191 -0.725895 47.2758 0.0647899 -0.00223453
88.4 13.0226 -0.181983 -0.725073 47.2835 0.064806 -0.00221915
88.41 13.0225 -0.181774 -0.724244 47.2911 0.064822 -0.00220374
88.42 13.0224 -0.181565 -0.723409 47.2987 0.0648379 -0.0021883
88.43 13.0222 -0.181355 -0.722568 47.3063 0.0648537 -0.00217281
88.44 13.0221 -0.181146 -0.72172 47.3139 0.0648694 -0.00215726
88.45 13.0219 -0.180936 -0.720866 47.3215 0.064885 -0.00214167
88.46 13.0218 -0.180726 -0.720006 47.3292 0.0649004 -0.00212601
88.47 13.0216 -0.180517 -0.719139 47.3368 0.0649158 -0.00211031
88.48 13.0214 -0.180307 -0.718266 47.3444 0.064931 -0.00209457
88.49 13.0212 -0.180098 -0.717386 47.352 0.064946 -0.0020788
88.5 13.021 -0.17989 -0.716501 47.3596 0.064961 -0.002063
88.51 13.0208 -0.179682 -0.715609 47.3673 0.0649758 -0.00204715
88.52 13.0205 -0.179475 -0.714711 47.3749 0.0649905 -0.00203126
88.53 13.0203 -0.179269 -0.713807 47.3825 0.0650051 -0.00201531
88.54 13.02 -0.179064 -0.712896 47.3901 0.0650196 -0.00199932
88.55 13.0198 -0.178859 -0.71198 47.3977 0.0650339 -0.00198329
88.56 13.0195 -0.178655 -0.711058 47.4054 0.0650481 -0.00196724
88.57 13.0192 -0.178452 -0.71013 47.413 0.0650621 -0.00195116
88.58 13.0189 -0.17825 -0.709196 47.4206 0.0650761 -0.00193505
88.59 13.0186 -0.178048 -0.708256 47.4282 0.0650898 -0.0019189
88.6 13.0183 -0.177847 -0.707311 47.4358 0.0651035 -0.00190271
88.61 13.018 -0.177647 -0.706359 47.4435 0.065117 -0.00188647
88.62 13.0176 -0.177446 -0.705403 47.4511 0.0651304 -0.00187021
88.63 13.0173 -0.177247 -0.704441 47.4587 0.0651436 -0.00185392
88.64 13.0169 -0.177047 -0.703473 47.4663 0.0651567 -0.0018376
88.65 13.0166 -0.176847 -0.7025 47.4739 0.0651696 -0.00182128
88.66 13.0162 -0.176648 -0.701522 47.4815 0.0651824 -0.00180492
88.67 13.0158 -0.176448 -0.700538 47.4892 0.0651951 -0.00178854
88.68 13.0154 -0.176248 -0.69955 47.4968 0.0652076 -0.00177213
88.69 13.015 -0.176047 -0.698556 47.5044 0.0652199 -0.00175568
88.7 13.0145 -0.175846 -0.697558 47.512 0.0652321 -0.00173921
88.71 13.0141 -0.175644 -0.696554 47.5196 0.0652442 -0.00172273
88.72 13.0137 -0.175442 -0.695545 47.5273 0.0652561 -0.00170624
88.73 13.0132 -0.175239 -0.694532 47.5349 0.0652679 -0.00168974
88.74 13.0127 -0.175035 -0.693514 47.5425 0.0652795 -0.00167322
88.75 13.0123 -0.174831 -0.692491 47.5501 0.0652909 -0.00165668
88.76 13.0118 -0.174626 -0.691464 47.5577 0.0653022 -0.00164011
88.77 13.0113 -0.174421 -0.690431 47.5654 0.0653134 -0.00162352
88.78 13.0108 -0.174214 -0.689395 47.573 0.0653243 -0.00160693
88.79 13.0102 -0.174008 -0.688354 47.5806 0.0653352 -0.00159033
88.8 13.0097 -0.173801 -0.687308 47.5882 0.0653459 -0.00157373
88.81 13.0092 -0.173594 -0.686258 47.5958 0.0653564 -0.00155712
88.82 13.0086 -0.173387 -0.685203 47.6035 0.0653667 -0.0015405
88.83 13.0081 -0.17318 -0.684144 47.6111 0.0653769 -0.00152386
88.84 13.0075 -0.172973 -0.683081 47.6187 0.065387 -0.00150721
88.85 13.0069 -0.172767 -0.682013 47.6263 0.0653968 -0.00149055
88.86 13.0063 -0.172561 -0.680941 47.6339 0.0654066 -0.00147389
88.87 13.0057 -0.172355 -0.679865 47.6416 0.0654161 -0.00145724
88.88 13.0051 -0.172151 -0.678785 47.6492 0.0654255 -0.00144058
88.89 13.0045 -0.171947 -0.677701 47.6568 0.0654347 -0.00142393
88.9 13.0038 -0.171744 -0.676613 47.6644 0.0654438 -0.00140727
88.91 13.0032 -0.171542 -0.67552 47.672 0.0654527 -0.00139059
88.92 13.0025 -0.171341 -0.674424 47.6797 0.0654614 -0.00137386
88.93 13.0019 -0.171141 -0.673324 47.6873 0.06547 -0.00135714
88.94 13.0012 -0.170942 -0.67222 47.6949 0.0654784 -0.00134047
88.95 13.0005 -0.170745 -0.671112 47.7025 0.0654866 -0.00132386
88.96 12.9998 -0.170548 -0.670001 47.7101 0.0654947 -0.00130724
88.97 12.9991 -0.170353 -0.668886 47.7178 0.0655026 -0.00129057
88.98 12.9984 -0.170158 -0.667767 47.7254 0.0655104 -0.00127384
88.99 12.9977 -0.169964 -0.666645 47.733 0.0655179 -0.00125713
89 12.9969 -0.169772 -0.66552 47.7406 0.0655254 -0.0012405
89.01 12.9962 -0.16958 -0.664391 47.7483 0.0655326 -0.00122394
89.02 12.9954 -0.169389 -0.663259 47.7559 0.0655397 -0.00120737
89.03 12.9947 -0.169199 -0.662124 47.7635 0.0655466 -0.00119076
89.04 12.9939 -0.169009 -0.660985 47.7711 0.0655533 -0.00117413
89.05 12.9931 -0.168819 -0.659844 47.7787 0.0655599 -0.00115754
89.06 12.9923 -0.16863 -0.658699 47.7864 0.0655663 -0.001141
89.07 12.9915 -0.168442 -0.657552 47.794 0.0655726 -0.00112449
89.08 12.9907 -0.168253 -0.656402 47.8016 0.0655787 -0.00110798
89.09 12.9899 -0.168065 -0.655249 47.8092 0.0655846 -0.00109147
89.1 12.9891 -0.167876 -0.654094 47.8168 0.0655903 -0.00107497
89.11 12.9883 -0.167687 -0.652936 47.8245 0.0655959 -0.00105851
89.12 12.9874 -0.167499 -0.651775 47.8321 0.0656014 -0.0010421
89.13 12.9866 -0.167311 -0.650612 47.8397 0.0656066 -0.00102571
89.14 12.9857 -0.167122 -0.649447 47.8473 0.0656117 -0.00100934
89.15 12.9848 -0.166934 -0.648279 47.8549 0.0656166 -0.000992976
89.16 12.9839 -0.166746 -0.647109 47.8626 0.0656214 -0.00097664
89.17 12.9831 -0.166558 -0.645937 47.8702 0.065626 -0.000960346
89.18 12.9822 -0.16637 -0.644763 47.8778 0.0656305 -0.000944094
89.19 12.9813 -0.166183 -0.643586 47.8854 0.0656348 -0.000927876
89.2 12.9803 -0.165996 -0.642408 47.8931 0.0656389 -0.000911683
89.21 12.9794 -0.165811 -0.641227 47.9007 0.0656429 -0.000895519
89.22 12.9785 -0.165626 -0.640045 47.9083 0.0656467 -0.000879388
89.23 12.9776 -0.165442 -0.63886 47.9159 0.0656504 -0.0008633
89.24 12.9766 -0.165259 -0.637674 47.9235 0.0656539 -0.000847253
89.25 12.9757 -0.165077 -0.636486 47.9312 0.0656572 -0.000831243
89.26 12.9747 -0.164897 -0.635296 47.9388 0.0656604 -0.000815272
89.27 12.9737 -0.164719 -0.634105 47.9464 0.0656635 -0.000799339
89.28 12.9728 -0.164542 -0.632912 47.954 0.0656663 -0.00078345
89.29 12.9718 -0.164367 -0.631717 47.9616 0.065669 -0.00076761
89.3 12.9708 -0.164193 -0.630521 47.9693 0.0656716 -0.000751817
89.31 12.9698 -0.164022 -0.629323 47.9769 0.065674 -0.000736068
89.32 12.9688 -0.163852 -0.628124 47.9845 0.0656763 -0.000720363
89.33 12.9678 -0.163685 -0.626924 47.9921 0.0656784 -0.000704709
89.34 12.9668 -0.16352 -0.625723 47.9998 0.0656804 -0.000689112
89.35 12.9657 -0.163356 -0.62452 48.0074 0.0656822 -0.000673567
89.36 12.9647 -0.163195 -0.623316 48.015 0.0656839 -0.000658075
89.37 12.9637 -0.163035 -0.622111 48.0226 0.0656854 -0.000642635
89.38 12.9626 -0.162877 -0.620906 48.0302 0.0656867 -0.000627254
89.39 12.9616 -0.162722 -0.619699 48.0379 0.0656879 -0.000611934
89.4 12.9605 -0.162567 -0.618492 48.0455 0.065689 -0.000596678
89.41 12.9595 -0.162415 -0.617284 48.0531 0.06569 -0.000581482
89.42 12.9584 -0.162264 -0.616075 48.0607 0.0656907 -0.000566346
89.43 12.9573 -0.162115 -0.614866 48.0684 0.0656914 -0.000551273
89.44 12.9562 -0.161967 -0.613656 48.076 0.0656919 -0.000536264
89.45 12.9552 -0.16182 -0.612446 48.0836 0.0656922 -0.000521328
89.46 12.9541 -0.161675 -0.611236 48.0912 0.0656924 -0.000506464
89.47 12.953 -0.16153 -0.610026 48.0989 0.0656925 -0.000491669
89.48 12.9519 -0.161387 -0.608815 48.1065 0.0656925 -0.000476939
89.49 12.9508 -0.161246 -0.607605 48.1141 0.0656923 -0.000462278
89.5 12.9497 -0.161105 -0.606394 48.1217 0.065692 -0.000447689
89.51 12.9486 -0.160965 -0.605184 48.1293 0.0656915 -0.000433174
89.52 12.9474 -0.160827 -0.603973 48.137 0.0656909 -0.000418738
89.53 12.9463 -0.16069 -0.602763 48.1446 0.0656902 -0.000404377
89.54 12.9452 -0.160554 -0.601553 48.1522 0.0656893 -0.000390095
89.55 12.9441 -0.16042 -0.600344 48.1598 0.0656883 -0.000375888
89.56 12.9429 -0.160287 -0.599135 48.1675 0.0656872 -0.000361757
89.57 12.9418 -0.160156 -0.597926 48.1751 0.065686 -0.000347704
89.58 12.9407 -0.160026 -0.596718 48.1827 0.0656847 -0.000333726
89.59 12.9395 -0.159898 -0.59551 48.1903 0.0656832 -0.000319828
89.6 12.9384 -0.159772 -0.594303 48.1979 0.0656816 -0.000306013
89.61 12.9372 -0.159649 -0.593096 48.2056 0.0656798 -0.000292283
89.62 12.9361 -0.159527 -0.59189 48.2132 0.065678 -0.000278637
89.63 12.9349 -0.159408 -0.590685 48.2208 0.0656761 -0.000265075
89.64 12.9338 -0.159292 -0.589481 48.2284 0.065674 -0.000251591
89.65 12.9326 -0.159178 -0.588277 48.2361 0.0656718 -0.000238186
89.66 12.9314 -0.159067 -0.587075 48.2437 0.0656695 -0.000224864
89.67 12.9303 -0.158958 -0.585873 48.2513 0.0656671 -0.000211629
89.68 12.9291 -0.158853 -0.584672 48.2589 0.0656646 -0.000198486
89.69 12.9279 -0.158751 -0.583472 48.2666 0.0656619 -0.000185435
89.7 12.9268 -0.158652 -0.582274 48.2742 0.0656592 -0.000172474
89.71 12.9256 -0.158556 -0.581076 48.2818 0.0656564 -0.000159598
89.72 12.9244 -0.158463 -0.57988 48.2894 0.0656534 -0.000146806
89.73 12.9232 -0.158373 -0.578685 48.2971 0.0656504 -0.0001341
89.74 12.922 -0.158286 -0.577491 48.3047 0.0656472 -0.000121484
89.75 12.9209 -0.158203 -0.576299 48.3123 0.065644 -0.000108964
89.76 12.9197 -0.158122 -0.575109 48.3199 0.0656406 -9.65433e-05
89.77 12.9185 -0.158045 -0.57392 48.3275 0.0656372 -8.4221e-05
89.78 12.9173 -0.157971 -0.572733 48.3352 0.0656336 -7.19897e-05
89.79 12.9161 -0.157899 -0.571547 48.3428 0.06563 -5.98471e-05
89.8 12.915 -0.157831 -0.570363 48.3504 0.0656263 -4.77924e-05
89.81 12.9138 -0.157765 -0.569182 48.358 0.0656225 -3.58295e-05
89.82 12.9126 -0.157701 -0.568002 48.3657 0.0656186 -2.39632e-05
89.83 12.9114 -0.157641 -0.566824 48.3733 0.0656146 -1.21993e-05
89.84 12.9102 -0.157583 -0.565648 48.3809 0.0656105 -5.39004e-07
89.85 12.909 -0.157527 -0.564475 48.3885 0.0656063 1.10205e-05
89.86 12.9078 -0.157474 -0.563304 48.3962 0.0656021 2.24883e-05
89.87 12.9067 -0.157423 -0.562135 48.4038 0.0655978 3.38664e-05
89.88 12.9055 -0.157374 -0.560968 48.4114 0.0655934 4.51559e-05
89.89 12.9043 -0.157328 -0.559804 48.419 0.0655889 5.63499e-05
89.9 12.9031 -0.157284 -0.558643 48.4267 0.0655843 6.74434e-05
89.91 12.9019 -0.157243 -0.557484 48.4343 0.0655797 7.84323e-05
89.92 12.9007 -0.157204 -0.556328 48.4419 0.065575 8.93197e-05
89.93 12.8996 -0.157167 -0.555174 48.4495 0.0655702 0.000100111
89.94 12.8984 -0.157133 -0.554023 48.4572 0.0655653 0.000110811
89.95 12.8972 -0.157102 -0.552875 48.4648 0.0655604 0.000121449
89.96 12.896 -0.157073 -0.55173 48.4724 0.0655554 0.000132045
89.97 12.8949 -0.157048 -0.550587 48.48 0.0655503 0.000142541
89.98 12.8937 -0.157025 -0.549448 48.4877 0.0655452 0.000152868
89.99 12.8925 -0.157007 -0.548311 48.4953 0.06554 0.000163045
90 12.8914 -0.156991 -0.547177 48.5029 0.0655347 0.000173135
90.01 12.8902 -0.156979 -0.546047 48.5105 0.0655294 0.000183182
90.02 12.889 -0.15697 -0.544919 48.5182 0.065524 0.000193173
90.03 12.8879 -0.156965 -0.543795 48.5258 0.0655185 0.000203069
90.04 12.8867 -0.156964 -0.542673 48.5334 0.065513 0.000212847
90.05 12.8856 -0.156967 -0.541555 48.541 0.0655074 0.000222516
90.06 12.8844 -0.156974 -0.54044 48.5487 0.0655018 0.000232098
90.07 12.8833 -0.156985 -0.539328 48.5563 0.0654961 0.000241601
90.08 12.8821 -0.157001 -0.538219 48.5639 0.0654903 0.000251013
90.09 12.881 -0.15702 -0.537114 48.5715 0.0654845 0.000260325
90.1 12.8798 -0.157044 -0.536012 48.5792 0.0654787 0.000269537
90.11 12.8787 -0.157073 -0.534914 48.5868 0.0654728 0.000278665
90.12 12.8776 -0.157105 -0.533819 48.5944 0.0654668 0.000287718
90.13 12.8764 -0.157141 -0.532728 48.602 0.0654608 0.000296687
90.14 12.8753 -0.157182 -0.531641 48.6097 0.0654547 0.000305557
90.15 12.8742 -0.157227 -0.530557 48.6173 0.0654486 0.000314315
90.16 12.8731 -0.157277 -0.529477 48.6249 0.0654425 0.000322969
90.17 12.872 -0.15733 -0.528401 48.6325 0.0654363 0.000331534
90.18 12.8709 -0.157387 -0.527328 48.6402 0.0654301 0.000340028
90.19 12.8698 -0.157448 -0.52626 48.6478 0.0654238 0.000348447
90.2 12.8687 -0.157513 -0.525196 48.6554 0.0654175 0.00035678
90.21 12.8676 -0.157581 -0.524135 48.6631 0.0654112 0.000365012
90.22 12.8665 -0.157653 -0.523079 48.6707 0.0654048 0.000373138
90.23 12.8654 -0.157729 -0.522027 48.6783 0.0653984 0.000381164
90.24 12.8643 -0.157808 -0.52098 48.6859 0.0653919 0.000389101
90.25 12.8632 -0.15789 -0.519936 48.6936 0.0653854 0.000396959
90.26 12.8622 -0.157976 -0.518898 48.7012 0.0653789 0.00040474
90.27 12.8611 -0.158065 -0.517863 48.7088 0.0653723 0.000412441
90.28 12.86 -0.158157 -0.516833 48.7164 0.0653657 0.000420053
90.29 12.859 -0.158253 -0.515807 48.7241 0.0653591 0.000427569
90.3 12.8579 -0.158352 -0.514786 48.7317 0.0653524 0.000434986
90.31 12.8569 -0.158454 -0.51377 48.7393 0.0653458 0.000442307
90.32 12.8559 -0.15856 -0.512758 48.7469 0.0653391 0.000449541
90.33 12.8548 -0.158669 -0.51175 48.7546 0.0653323 0.000456697
90.34 12.8538 -0.158782 -0.510748 48.7622 0.0653256 0.000463779
90.35 12.8528 -0.158898 -0.50975 48.7698 0.0653188 0.000470784
90.36 12.8518 -0.159017 -0.508756 48.7774 0.0653119 0.000477701
90.37 12.8508 -0.159141 -0.507768 48.7851 0.0653051 0.000484522
90.38 12.8498 -0.159269 -0.506784 48.7927 0.0652982 0.000491243
90.39 12.8488 -0.1594 -0.505805 48.8003 0.0652913 0.000497871
90.4 12.8478 -0.159536 -0.50483 48.808 0.0652844 0.000504417
90.41 12.8468 -0.159676 -0.503861 48.8156 0.0652774 0.000510889
90.42 12.8459 -0.15982 -0.502896 48.8232 0.0652705 0.00051729
90.43 12.8449 -0.159969 -0.501936 48.8308 0.0652635 0.00052361
90.44 12.844 -0.160122 -0.500981 48.8385 0.0652565 0.00052984
90.45 12.843 -0.16028 -0.500031 48.8461 0.0652494 0.000535971
90.46 12.8421 -0.160443 -0.499086 48.8537 0.0652424 0.000542004
90.47 12.8411 -0.16061 -0.498146 48.8613 0.0652354 0.000547947
90.48 12.8402 -0.160782 -0.497211 48.869 0.0652283 0.000553812
90.49 12.8393 -0.160959 -0.496281 48.8766 0.0652212 0.000559605
90.5 12.8384 -0.16114 -0.495356 48.8842 0.0652141 0.000565325
90.51 12.8375 -0.161326 -0.494436 48.8919 0.065207 0.00057096
90.52 12.8366 -0.161517 -0.493521 48.8995 0.0651998 0.000576502
90.53 12.8357 -0.161712 -0.492611 48.9071 0.0651927 0.000581943
90.54 12.8348 -0.161912 -0.491707 48.9147 0.0651855 0.000587289
90.55 12.8339 -0.162117 -0.490808 48.9224 0.0651784 0.000592547
90.56 12.8331 -0.162326 -0.489915 48.93 0.0651712 0.00059773
90.57 12.8322 -0.162539 -0.489027 48.9376 0.065164 0.000602842
90.58 12.8314 -0.162756 -0.488144 48.9452 0.0651568 0.000607878
90.59 12.8305 -0.162978 -0.487267 48.9529 0.0651496 0.000612834
90.6 12.8297 -0.163203 -0.486396 48.9605 0.0651425 0.000617702
90.61 12.8289 -0.163433 -0.48553 48.9681 0.0651353 0.000622469
90.62 12.8281 -0.163666 -0.48467 48.9758 0.0651282 0.000627125
90.63 12.8273 -0.163904 -0.483815 48.9834 0.065121 0.00063169
90.64 12.8265 -0.164145 -0.482967 48.991 0.0651138 0.000636187
90.65 12.8257 -0.164389 -0.482124 48.9986 0.0651066 0.000640627
90.66 12.8249 -0.164637 -0.481286 49.0063 0.0650993 0.000644998
90.67 12.8241 -0.164889 -0.480455 49.0139 0.0650921 0.000649275
90.68 12.8234 -0.165145 -0.47963 49.0215 0.0650849 0.000653435
90.69 12.8226 -0.165404 -0.47881 49.0292 0.0650777 0.000657483
90.7 12.8219 -0.165667 -0.477996 49.0368 0.0650705 0.000661445
90.71 12.8212 -0.165933 -0.477189 49.0444 0.0650633 0.000665345
90.72 12.8204 -0.166203 -0.476387 49.052 0.0650561 0.000669185
90.73 12.8197 -0.166476 -0.475592 49.0597 0.0650489 0.000672949
90.74 12.819 -0.166753 -0.474802 49.0673 0.0650417 0.000676618
90.75 12.8183 -0.167034 -0.474018 49.0749 0.0650345 0.000680183
90.76 12.8176 -0.16732 -0.47324 49.0826 0.0650273 0.000683644
90.77 12.817 -0.167609 -0.472469 49.0902 0.0650202 0.000687009
90.78 12.8163 -0.167902 -0.471703 49.0978 0.065013 0.000690293
90.79 12.8157 -0.168199 -0.470943 49.1054 0.0650059 0.000693498
90.8 12.815 -0.1685 -0.47019 49.1131 0.0649987 0.000696632
90.81 12.8144 -0.168806 -0.469442 49.1207 0.0649916 0.000699685
90.82 12.8137 -0.169116 -0.468701 49.1283 0.0649844 0.000702647
90.83 12.8131 -0.169431 -0.467966 49.136 0.0649773 0.000705505
90.84 12.8125 -0.16975 -0.467236 49.1436 0.0649702 0.000708254
90.85 12.8119 -0.170074 -0.466513 49.1512 0.0649631 0.000710902
90.86 12.8113 -0.170402 -0.465796 49.1588 0.064956 0.000713464
90.87 12.8108 -0.170735 -0.465086 49.1665 0.0649489 0.000715954
90.88 12.8102 -0.171072 -0.464381 49.1741 0.0649418 0.00071837
90.89 12.8097 -0.171414 -0.463682 49.1817 0.0649348 0.000720705
90.9 12.8091 -0.17176 -0.46299 49.1894 0.0649277 0.000722934
90.91 12.8086 -0.172111 -0.462304 49.197 0.0649206 0.000725051
90.92 12.808 -0.172466 -0.461625 49.2046 0.0649136 0.000727057
90.93 12.8075 -0.172826 -0.460951 49.2122 0.0649066 0.000728969
90.94 12.807 -0.17319 -0.460285 49.2199 0.0648996 0.000730799
90.95 12.8065 -0.173557 -0.459624 49.2275 0.0648926 0.00073256
90.96 12.806 -0.173928 -0.45897 49.2351 0.0648857 0.000734244
90.97 12.8056 -0.174304 -0.458322 49.2428 0.0648787 0.000735826
90.98 12.8051 -0.174682 -0.457681 49.2504 0.0648718 0.000737292
90.99 12.8047 -0.175065 -0.457046 49.258 0.0648648 0.000738645
91 12.8042 -0.175451 -0.456418 49.2657 0.0648579 0.000739899
91.01 12.8038 -0.17584 -0.455796 49.2733 0.064851 0.000741061
91.02 12.8034 -0.176232 -0.455181 49.2809 0.0648441 0.000742139
91.03 12.803 -0.176627 -0.454572 49.2885 0.0648373 0.000743134
91.04 12.8026 -0.177025 -0.45397 49.2962 0.0648304 0.000744037
91.05 12.8022 -0.177426 -0.453374 49.3038 0.0648236 0.000744844
91.06 12.8018 -0.177829 -0.452785 49.3114 0.0648167 0.00074554
91.07 12.8014 -0.178236 -0.452203 49.3191 0.0648099 0.000746117
91.08 12.8011 -0.178645 -0.451627 49.3267 0.0648031 0.000746583
91.09 12.8007 -0.179057 -0.451058 49.3343 0.0647963 0.000746953
91.1 12.8004 -0.179472 -0.450496 49.342 0.0647896 0.000747241
91.11 12.8001 -0.17989 -0.44994 49.3496 0.0647828 0.000747451
91.12 12.7997 -0.18031 -0.449391 49.3572 0.0647761 0.000747565
91.13 12.7994 -0.180733 -0.448849 49.3648 0.0647694 0.000747567
91.14 12.7991 -0.181159 -0.448313 49.3725 0.0647626 0.000747445
91.15 12.7989 -0.181588 -0.447784 49.3801 0.064756 0.000747204
91.16 12.7986 -0.182021 -0.447261 49.3877 0.0647493 0.000746855
91.17 12.7983 -0.182456 -0.446745 49.3954 0.0647426 0.000746414
91.18 12.7981 -0.182895 -0.446236 49.403 0.064736 0.000745888
91.19 12.7978 -0.183337 -0.445734 49.4106 0.0647294 0.000745271
91.2 12.7976 -0.183782 -0.445238 49.4183 0.0647228 0.00074455
91.21 12.7974 -0.18423 -0.444749 49.4259 0.0647162 0.000743711
91.22 12.7972 -0.184683 -0.444266 49.4335 0.0647096 0.000742748
91.23 12.797 -0.185138 -0.443791 49.4411 0.0647031 0.000741664
91.24 12.7968 -0.185598 -0.443321 49.4488 0.0646966 0.000740475
91.25 12.7967 -0.18606 -0.442859 49.4564 0.0646901 0.000739192
91.26 12.7965 -0.186527 -0.442403 49.464 0.0646836 0.000737822
91.27 12.7963 -0.186996 -0.441954 49.4717 0.0646771 0.000736356
91.28 12.7962 -0.187469 -0.441512 49.4793 0.0646707 0.00073478
91.29 12.7961 -0.187945 -0.441077 49.4869 0.0646642 0.00073308
91.3 12.796 -0.188425 -0.440648 49.4946 0.0646578 0.000731253
91.31 12.7959 -0.188908 -0.440226 49.5022 0.0646514 0.00072931
91.32 12.7958 -0.189394 -0.439811 49.5098 0.0646451 0.000727263
91.33 12.7957 -0.189882 -0.439402 49.5175 0.0646388 0.000725126
91.34 12.7956 -0.190374 -0.439001 49.5251 0.0646325 0.000722897
91.35 12.7955 -0.190868 -0.438606 49.5327 0.0646262 0.000720568
91.36 12.7955 -0.191364 -0.438218 49.5403 0.0646199 0.00071812
91.37 12.7955 -0.191863 -0.437837 49.548 0.0646137 0.000715547
91.38 12.7954 -0.192364 -0.437463 49.5556 0.0646074 0.000712847
91.39 12.7954 -0.192867 -0.437096 49.5632 0.0646013 0.000710036
91.4 12.7954 -0.193371 -0.436736 49.5709 0.0645951 0.000707123
91.41 12.7954 -0.193878 -0.436383 49.5785 0.064589 0.000704122
91.42 12.7954 -0.194386 -0.436037 49.5861 0.0645828 0.000701024
91.43 12.7955 -0.194895 -0.435698 49.5938 0.0645768 0.000697819
91.44 12.7955 -0.195406 -0.435365 49.6014 0.0645707 0.000694501
91.45 12.7956 -0.195919 -0.43504 49.609 0.0645647 0.000691064
91.46 12.7956 -0.196433 -0.434722 49.6167 0.0645588 0.000687504
91.47 12.7957 -0.196948 -0.43441 49.6243 0.0645528 0.000683816
91.48 12.7958 -0.197465 -0.434106 49.6319 0.0645469 0.000680028
91.49 12.7959 -0.197984 -0.433808 49.6395 0.064541 0.000676149
91.5 12.796 -0.198503 -0.433517 49.6472 0.0645351 0.000672187
91.51 12.7961 -0.199024 -0.433233 49.6548 0.0645292 0.000668116
91.52 12.7962 -0.199547 -0.432956 49.6624 0.0645234 0.00066392
91.53 12.7964 -0.200071 -0.432686 49.6701 0.0645176 0.000659587
91.54 12.7965 -0.200597 -0.432423 49.6777 0.0645119 0.000655132
91.55 12.7967 -0.201124 -0.432166 49.6853 0.0645062 0.00065058
91.56 12.7969 -0.201653 -0.431917 49.693 0.0645005 0.000645941
91.57 12.7971 -0.202184 -0.431674 49.7006 0.0644949 0.000641221
91.58 12.7973 -0.202717 -0.431438 49.7082 0.0644892 0.000636395
91.59 12.7975 -0.203251 -0.431209 49.7159 0.0644837 0.000631456
91.6 12.7977 -0.203788 -0.430986 49.7235 0.0644781 0.000626386
91.61 12.7979 -0.204326 -0.43077 49.7311 0.0644727 0.000621198
91.62 12.7982 -0.204867 -0.430561 49.7388 0.0644672 0.000615899
91.63 12.7984 -0.205409 -0.430359 49.7464 0.0644618 0.000610511
91.64 12.7987 -0.205954 -0.430164 49.754 0.0644564 0.000605039
91.65 12.799 -0.2065 -0.429975 49.7617 0.0644511 0.000599479
91.66 12.7993 -0.207048 -0.429793 49.7693 0.0644458 0.000593815
91.67 12.7996 -0.207598 -0.429618 49.7769 0.0644406 0.000588022
91.68 12.7999 -0.208149 -0.42945 49.7845 0.0644354 0.000582082
91.69 12.8002 -0.208703 -0.429288 49.7922 0.0644302 0.00057603
91.7 12.8005 -0.209258 -0.429133 49.7998 0.0644251 0.000569925
91.71 12.8009 -0.209814 -0.428985 49.8074 0.06442 0.00056376
91.72 12.8012 -0.210371 -0.428844 49.8151 0.064415 0.000557511
91.73 12.8016 -0.210929 -0.428709 49.8227 0.06441 0.000551137
91.74 12.802 -0.211489 -0.428581 49.8303 0.064405 0.000544641
91.75 12.8024 -0.212049 -0.428461 49.838 0.0644001 0.000538037
91.76 12.8028 -0.21261 -0.428346 49.8456 0.0643953 0.000531348
91.77 12.8032 -0.213171 -0.428239 49.8532 0.0643904 0.000524571
91.78 12.8036 -0.213733 -0.428139 49.8609 0.0643857 0.000517697
91.79 12.8041 -0.214295 -0.428045 49.8685 0.0643809 0.000510727
91.8 12.8045 -0.214857 -0.427958 49.8761 0.0643763 0.000503663
91.81 12.805 -0.215418 -0.427878 49.8838 0.0643716 0.000496519
91.82 12.8054 -0.21598 -0.427805 49.8914 0.064367 0.000489285
91.83 12.8059 -0.216541 -0.427738 49.899 0.0643625 0.000481957
91.84 12.8064 -0.217102 -0.427678 49.9067 0.064358 0.000474517
91.85 12.8069 -0.217663 -0.427625 49.9143 0.0643536 0.000466981
91.86 12.8074 -0.218224 -0.427579 49.9219 0.0643492 0.000459356
91.87 12.808 -0.218783 -0.42754 49.9296 0.0643448 0.000451663
91.88 12.8085 -0.219343 -0.427507 49.9372 0.0643405 0.000443899
91.89 12.809 -0.219902 -0.42748 49.9448 0.0643363 0.000436051
91.9 12.8096 -0.220461 -0.427461 49.9524 0.0643321 0.000428105
91.91 12.8102 -0.221019 -0.427448 49.9601 0.0643279 0.000420056
91.92 12.8107 -0.221578 -0.427441 49.9677 0.0643238 0.00041192
91.93 12.8113 -0.222136 -0.427442 49.9753 0.0643198 0.000403706
91.94 12.8119 -0.222694 -0.427448 49.983 0.0643158 0.000395426
91.95 12.8126 -0.223251 -0.427461 49.9906 0.0643119 0.000387071
91.96 12.8132 -0.223809 -0.427481 49.9982 0.064308 0.000378647
91.97 12.8138 -0.224367 -0.427507 50.0059 0.0643042 0.000370138
91.98 12.8145 -0.224925 -0.42754 50.0135 0.0643004 0.000361548
91.99 12.8151 -0.225483 -0.427579 50.0211 0.0642967 0.000352873
92 12.8158 -0.226041 -0.427624 50.0288 0.0642931 0.000344124
92.01 12.8165 -0.226599 -0.427676 50.0364 0.0642895 0.000335305
92.02 12.8172 -0.227158 -0.427734 50.044 0.064286 0.000326422
92.03 12.8179 -0.227716 -0.427798 50.0517 0.0642825 0.000317475
92.04 12.8186 -0.228275 -0.427869 50.0593 0.0642791 0.000308466
92.05 12.8193 -0.228833 -0.427946 50.0669 0.0642758 0.000299392
92.06 12.82 -0.229392 -0.428029 50.0746 0.0642725 0.000290239
92.07 12.8208 -0.22995 -0.428119 50.0822 0.0642693 0.000281014
92.08 12.8215 -0.230508 -0.428215 50.0898 0.0642661 0.000271719
92.09 12.8223 -0.231065 -0.428317 50.0975 0.064263 0.000262371
92.1 12.8231 -0.231622 -0.428425 50.1051 0.06426 0.000252968
92.11 12.8239 -0.232178 -0.42854 50.1127 0.064257 0.000243515
92.12 12.8247 -0.232733 -0.42866 50.1204 0.0642541 0.000234002
92.13 12.8255 -0.233287 -0.428787 50.128 0.0642513 0.000224426
92.14 12.8263 -0.23384 -0.42892 50.1356 0.0642485 0.000214782
92.15 12.8271 -0.234392 -0.42906 50.1432 0.0642458 0.000205076
92.16 12.828 -0.234942 -0.429205 50.1509 0.0642431 0.000195317
92.17 12.8288 -0.23549 -0.429356 50.1585 0.0642406 0.00018551
92.18 12.8297 -0.236037 -0.429514 50.1661 0.064238 0.00017566
92.19 12.8305 -0.236582 -0.429678 50.1738 0.0642356 0.000165757
92.2 12.8314 -0.237125 -0.429847 50.1814 0.0642332 0.000155803
92.21 12.8323 -0.237666 -0.430023 50.189 0.0642309 0.000145786
92.22 12.8332 -0.238205 -0.430205 50.1967 0.0642287 0.000135716
92.23 12.8341 -0.238742 -0.430393 50.2043 0.0642265 0.000125595
92.24 12.8351 -0.239276 -0.430586 50.2119 0.0642244 0.000115433
92.25 12.836 -0.239809 -0.430786 50.2196 0.0642224 0.000105227
92.26 12.8369 -0.240339 -0.430992 50.2272 0.0642204 9.49797e-05
92.27 12.8379 -0.240867 -0.431203 50.2348 0.0642186 8.46866e-05
92.28 12.8389 -0.241393 -0.43142 50.2425 0.0642168 7.43462e-05
92.29 12.8398 -0.241917 -0.431643 50.2501 0.064215 6.396e-05
92.3 12.8408 -0.242439 -0.431872 50.2577 0.0642134 5.35269e-05
92.31 12.8418 -0.242959 -0.432106 50.2654 0.0642118 4.3054e-05
92.32 12.8428 -0.243477 -0.432346 50.273 0.0642103 3.25396e-05
92.33 12.8439 -0.243994 -0.432591 50.2806 0.0642089 2.19928e-05
92.34 12.8449 -0.244509 -0.432842 50.2883 0.0642076 1.14086e-05
92.35 12.8459 -0.245022 -0.433099 50.2959 0.0642063 7.93096e-07
92.36 12.847 -0.245533 -0.433361 50.3035 0.0642052 -9.86485e-06
92.37 12.848 -0.246043 -0.433629 50.3112 0.0642041 -2.056e-05
92.38 12.8491 -0.246552 -0.433902 50.3188 0.0642031 -3.12987e-05
92.39 12.8502 -0.247059 -0.43418 50.3264 0.0642022 -4.20718e-05
92.4 12.8513 -0.247564 -0.434464 50.3341 0.0642014 -5.2874e-05
92.41 12.8524 -0.248068 -0.434753 50.3417 0.0642006 -6.3703e-05
92.42 12.8535 -0.248571 -0.435047 50.3493 0.0642 -7.45576e-05
92.43 12.8546 -0.249072 -0.435347 50.357 0.0641994 -8.54469e-05
92.44 12.8557 -0.249571 -0.435652 50.3646 0.0641989 -9.63693e-05
92.45 12.8568 -0.250069 -0.435962 50.3722 0.0641986 -0.000107332
92.46 12.858 -0.250565 -0.436277 50.3799 0.0641983 -0.000118321
92.47 12.8592 -0.251059 -0.436598 50.3875 0.064198 -0.00012934
92.48 12.8603 -0.251551 -0.436923 50.3951 0.0641979 -0.00014038
92.49 12.8615 -0.252041 -0.437254 50.4027 0.0641979 -0.000151449
92.5 12.8627 -0.252528 -0.43759 50.4104 0.064198 -0.000162546
92.51 12.8639 -0.253014 -0.437931 50.418 0.0641981 -0.000173674
92.52 12.8651 -0.253497 -0.438277 50.4256 0.0641984 -0.000184833
92.53 12.8663 -0.253977 -0.438629 50.4333 0.0641987 -0.00019602
92.54 12.8675 -0.254455 -0.438985 50.4409 0.0641992 -0.000207233
92.55 12.8687 -0.254929 -0.439346 50.4485 0.0641997 -0.000218471
92.56 12.87 -0.255401 -0.439712 50.4562 0.0642003 -0.00022974
92.57 12.8712 -0.255869 -0.440083 50.4638 0.064201 -0.000241034
92.58 12.8725 -0.256335 -0.440459 50.4714 0.0642019 -0.000252357
92.59 12.8738 -0.256797 -0.44084 50.4791 0.0642028 -0.000263701
92.6 12.875 -0.257256 -0.441226 50.4867 0.0642038 -0.000275074
92.61 12.8763 -0.257712 -0.441616 50.4943 0.0642049 -0.000286475
92.62 12.8776 -0.258164 -0.442011 50.502 0.0642061 -0.000297908
92.63 12.8789 -0.258613 -0.442411 50.5096 0.0642074 -0.000309365
92.64 12.8802 -0.259059 -0.442815 50.5172 0.0642088 -0.000320848
92.65 12.8816 -0.259501 -0.443224 50.5249 0.0642104 -0.000332354
92.66 12.8829 -0.25994 -0.443638 50.5325 0.064212 -0.000343883
92.67 12.8842 -0.260376 -0.444055 50.5401 0.0642137 -0.000355441
92.68 12.8856 -0.260809 -0.444478 50.5478 0.0642155 -0.000367024
92.69 12.8869 -0.261239 -0.444904 50.5554 0.0642175 -0.000378638
92.7 12.8883 -0.261667 -0.445335 50.563 0.0642195 -0.000390277
92.71 12.8897 -0.262091 -0.44577 50.5707 0.0642216 -0.000401944
92.72 12.891 -0.262512 -0.446209 50.5783 0.0642239 -0.00041363
92.73 12.8924 -0.262931 -0.446652 50.5859 0.0642262 -0.000425341
92.74 12.8938 -0.263348 -0.447099 50.5936 0.0642287 -0.0004371
92.75 12.8952 -0.263762 -0.44755 50.6012 0.0642313 -0.000448933
92.76 12.8967 -0.264174 -0.448005 50.6088 0.064234 -0.000460787
92.77 12.8981 -0.264583 -0.448464 50.6165 0.0642368 -0.000472605
92.78 12.8995 -0.26499 -0.448927 50.6241 0.0642397 -0.000484406
92.79 12.901 -0.265395 -0.449393 50.6317 0.0642426 -0.000496242
92.8 12.9024 -0.265797 -0.449864 50.6394 0.0642458 -0.000508156
92.81 12.9039 -0.266198 -0.450337 50.647 0.064249 -0.000520124
92.82 12.9053 -0.266596 -0.450815 50.6546 0.0642523 -0.000532113
92.83 12.9068 -0.266991 -0.451296 50.6623 0.0642558 -0.000544096
92.84 12.9083 -0.267384 -0.451781 50.6699 0.0642593 -0.000556096
92.85 12.9097 -0.267775 -0.452269 50.6775 0.064263 -0.000568135
92.86 12.9112 -0.268163 -0.452761 50.6852 0.0642667 -0.00058023
92.87 12.9127 -0.268549 -0.453256 50.6928 0.0642706 -0.000592363
92.88 12.9143 -0.268932 -0.453755 50.7004 0.0642746 -0.000604521
92.89 12.9158 -0.269312 -0.454257 50.708 0.0642787 -0.000616696
92.9 12.9173 -0.269689 -0.454762 50.7157 0.0642829 -0.000628896
92.91 12.9188 -0.270063 -0.455271 50.7233 0.0642872 -0.000641137
92.92 12.9204 -0.270433 -0.455783 50.7309 0.0642917 -0.000653422
92.93 12.9219 -0.270801 -0.456298 50.7386 0.0642962 -0.000665747
92.94 12.9235 -0.271165 -0.456816 50.7462 0.0643008 -0.000678097
92.95 12.925 -0.271525 -0.457338 50.7538 0.0643056 -0.000690479
92.96 12.9266 -0.271883 -0.457863 50.7615 0.0643105 -0.00070289
92.97 12.9282 -0.272236 -0.458391 50.7691 0.0643155 -0.000715344
92.98 12.9297 -0.272586 -0.458922 50.7767 0.0643206 -0.000727836
92.99 12.9313 -0.272932 -0.459456 50.7844 0.0643258 -0.000740365
93 12.9329 -0.273275 -0.459993 50.792 0.0643311 -0.000752925
93.01 12.9345 -0.273614 -0.460533 50.7996 0.0643365 -0.000765523
93.02 12.9361 -0.27395 -0.461075 50.8073 0.064342 -0.000778187
93.03 12.9377 -0.274282 -0.461621 50.8149 0.0643476 -0.000790945
93.04 12.9394 -0.27461 -0.462169 50.8225 0.0643534 -0.000803736
93.05 12.941 -0.274935 -0.46272 50.8302 0.0643593 -0.00081648
93.06 12.9426 -0.275256 -0.463274 50.8378 0.0643652 -0.00082921
93.07 12.9443 -0.275574 -0.46383 50.8454 0.0643713 -0.000841992
93.08 12.9459 -0.275889 -0.464388 50.8531 0.0643775 -0.000854878
93.09 12.9476 -0.2762 -0.464949 50.8607 0.0643838 -0.000867836
93.1 12.9492 -0.276509 -0.465512 50.8683 0.0643902 -0.000880824
93.11 12.9509 -0.276815 -0.466078 50.876 0.0643968 -0.000893806
93.12 12.9526 -0.277117 -0.466646 50.8836 0.0644034 -0.000906808
93.13 12.9542 -0.277417 -0.467215 50.8912 0.0644101 -0.000919865
93.14 12.9559 -0.277715 -0.467787 50.8989 0.064417 -0.00093299
93.15 12.9576 -0.278009 -0.468361 50.9065 0.064424 -0.000946169
93.16 12.9593 -0.278302 -0.468937 50.9141 0.064431 -0.000959375
93.17 12.961 -0.278591 -0.469514 50.9218 0.0644382 -0.000972603
93.18 12.9627 -0.278878 -0.470094 50.9294 0.0644455 -0.000985863
93.19 12.9644 -0.279163 -0.470675 50.937 0.0644529 -0.000999178
93.2 12.9662 -0.279446 -0.471258 50.9447 0.0644604 -0.00101254
93.21 12.9679 -0.279725 -0.471842 50.9523 0.064468 -0.00102596
93.22 12.9696 -0.280003 -0.472428 50.9599 0.0644758 -0.0010394
93.23 12.9714 -0.280277 -0.473016 50.9676 0.0644836 -0.00105288
93.24 12.9731 -0.280549 -0.473605 50.9752 0.0644916 -0.00106639
93.25 12.9749 -0.280819 -0.474196 50.9828 0.0644996 -0.00107996
93.26 12.9766 -0.281085 -0.474788 50.9905 0.0645078 -0.00109357
93.27 12.9784 -0.281349 -0.475381 50.9981 0.064516 -0.00110723
93.28 12.9801 -0.28161 -0.475976 51.0057 0.0645244 -0.00112092
93.29 12.9819 -0.281867 -0.476572 51.0134 0.0645329 -0.00113465
93.3 12.9837 -0.282122 -0.477169 51.021 0.0645415 -0.00114842
93.31 12.9855 -0.282373 -0.477767 51.0286 0.0645502 -0.00116223
93.32 12.9872 -0.282621 -0.478367 51.0362 0.064559 -0.00117609
93.33 12.989 -0.282866 -0.478968 51.0439 0.0645679 -0.00118998
93.34 12.9908 -0.283107 -0.479569 51.0515 0.0645769 -0.00120392
93.35 12.9926 -0.283344 -0.480172 51.0591 0.0645861 -0.0012179
93.36 12.9944 -0.283578 -0.480776 51.0668 0.0645953 -0.00123191
93.37 12.9962 -0.283809 -0.481381 51.0744 0.0646046 -0.00124596
93.38 12.9981 -0.284036 -0.481986 51.082 0.0646141 -0.00126006
93.39 12.9999 -0.284259 -0.482593 51.0897 0.0646236 -0.00127418
93.4 13.0017 -0.284479 -0.4832 51.0973 0.0646333 -0.00128835
93.41 13.0035 -0.284695 -0.483808 51.1049 0.0646431 -0.00130255
93.42 13.0054 -0.284908 -0.484417 51.1126 0.0646529 -0.00131678
93.43 13.0072 -0.285118 -0.485026 51.1202 0.0646629 -0.00133105
93.44 13.009 -0.285324 -0.485636 51.1278 0.064673 -0.00134536
93.45 13.0109 -0.285527 -0.486246 51.1355 0.0646832 -0.00135969
93.46 13.0127 -0.285727 -0.486856 51.1431 0.0646935 -0.00137405
93.47 13.0146 -0.285923 -0.487467 51.1507 0.0647039 -0.00138845
93.48 13.0164 -0.286117 -0.488079 51.1584 0.0647144 -0.00140287
93.49 13.0183 -0.286308 -0.48869 51.166 0.064725 -0.00141732
93.5 13.0201 -0.286496 -0.489302 51.1736 0.0647357 -0.00143181
93.51 13.022 -0.286682 -0.489913 51.1813 0.0647465 -0.00144631
93.52 13.0239 -0.286865 -0.490525 51.1889 0.0647574 -0.00146084
93.53 13.0257 -0.287045 -0.491137 51.1965 0.0647684 -0.0014754
93.54 13.0276 -0.287224 -0.491748 51.2042 0.0647796 -0.00148998
93.55 13.0295 -0.287399 -0.49236 51.2118 0.0647908 -0.00150458
93.56 13.0314 -0.287573 -0.492971 51.2194 0.0648021 -0.00151921
93.57 13.0332 -0.287744 -0.493582 51.2271 0.0648135 -0.00153386
93.58 13.0351 -0.287912 -0.494192 51.2347 0.064825 -0.00154853
93.59 13.037 -0.288079 -0.494803 51.2423 0.0648366 -0.00156321
93.6 13.0389 -0.288243 -0.495412 51.25 0.0648483 -0.00157792
93.61 13.0408 -0.288405 -0.496022 51.2576 0.0648601 -0.00159264
93.62 13.0427 -0.288564 -0.49663 51.2652 0.064872 -0.00160738
93.63 13.0446 -0.288721 -0.497238 51.2729 0.064884 -0.00162213
93.64 13.0465 -0.288875 -0.497846 51.2805 0.0648961 -0.00163691
93.65 13.0484 -0.289027 -0.498453 51.2881 0.0649083 -0.0016517
93.66 13.0503 -0.289176 -0.499059 51.2958 0.0649206 -0.0016665
93.67 13.0522 -0.289323 -0.499664 51.3034 0.064933 -0.00168131
93.68 13.0542 -0.289466 -0.500269 51.311 0.0649454 -0.00169612
93.69 13.0561 -0.289607 -0.500872 51.3186 0.064958 -0.00171095
93.7 13.058 -0.289745 -0.501475 51.3263 0.0649706 -0.00172578
93.71 13.0599 -0.289879 -0.502077 51.3339 0.0649834 -0.00174063
93.72 13.0618 -0.290011 -0.502677 51.3415 0.0649962 -0.00175548
93.73 13.0637 -0.290139 -0.503277 51.3492 0.0650091 -0.00177034
93.74 13.0657 -0.290264 -0.503876 51.3568 0.0650221 -0.00178519
93.75 13.0676 -0.290386 -0.504473 51.3644 0.0650353 -0.00180005
93.76 13.0695 -0.290505 -0.505069 51.3721 0.0650484 -0.0018149
93.77 13.0715 -0.29062 -0.505664 51.3797 0.0650617 -0.00182976
93.78 13.0734 -0.290733 -0.506258 51.3873 0.0650751 -0.00184461
93.79 13.0753 -0.290842 -0.50685 51.395 0.0650885 -0.00185945
93.8 13.0772 -0.290947 -0.507441 51.4026 0.0651021 -0.00187429
93.81 13.0792 -0.29105 -0.50803 51.4102 0.0651157 -0.00188912
93.82 13.0811 -0.291149 -0.508618 51.4179 0.0651294 -0.00190395
93.83 13.0831 -0.291246 -0.509204 51.4255 0.0651432 -0.00191875
93.84 13.085 -0.291339 -0.509789 51.4331 0.0651571 -0.00193355
93.85 13.0869 -0.29143 -0.510372 51.4408 0.0651711 -0.00194832
93.86 13.0889 -0.291518 -0.510952 51.4484 0.0651851 -0.00196309
93.87 13.0908 -0.291603 -0.511531 51.456 0.0651992 -0.00197783
93.88 13.0928 -0.291686 -0.512109 51.4637 0.0652134 -0.00199256
93.89 13.0947 -0.291767 -0.512684 51.4713 0.0652277 -0.00200727
93.9 13.0966 -0.291844 -0.513257 51.4789 0.0652421 -0.00202195
93.91 13.0986 -0.29192 -0.513827 51.4866 0.0652566 -0.00203661
93.92 13.1005 -0.291993 -0.514396 51.4942 0.0652711 -0.00205124
93.93 13.1025 -0.292065 -0.514963 51.5018 0.0652857 -0.00206587
93.94 13.1044 -0.292134 -0.515527 51.5095 0.0653003 -0.00208051
93.95 13.1063 -0.292201 -0.516088 51.5171 0.0653151 -0.00209512
93.96 13.1083 -0.292266 -0.516648 51.5247 0.0653299 -0.00210965
93.97 13.1102 -0.292328 -0.517205 51.5324 0.0653449 -0.0021241
93.98 13.1122 -0.292388 -0.517759 51.54 0.0653598 -0.00213853
93.99 13.1141 -0.292446 -0.518311 51.5476 0.0653749 -0.00215297
94 13.1161 -0.292503 -0.51886 51.5552 0.0653901 -0.00216741
94.01 13.118 -0.292557 -0.519407 51.5629 0.0654053 -0.00218179
94.02 13.12 -0.292608 -0.519951 51.5705 0.0654206 -0.00219612
94.03 13.1219 -0.292657 -0.520493 51.5781 0.0654359 -0.00221038
94.04 13.1238 -0.292704 -0.521032 51.5858 0.0654513 -0.00222462
94.05 13.1258 -0.292748 -0.521568 51.5934 0.0654668 -0.00223884
94.06 13.1277 -0.29279 -0.522101 51.601 0.0654824 -0.00225303
94.07 13.1297 -0.292829 -0.522631 51.6087 0.0654981 -0.00226716
94.08 13.1316 -0.292865 -0.523159 51.6163 0.0655138 -0.00228123
94.09 13.1335 -0.292899 -0.523684 51.6239 0.0655296 -0.00229524
94.1 13.1355 -0.292929 -0.524206 51.6316 0.0655455 -0.00230922
94.11 13.1374 -0.292957 -0.524725 51.6392 0.0655614 -0.00232316
94.12 13.1394 -0.292982 -0.525241 51.6468 0.0655774 -0.00233704
94.13 13.1413 -0.293003 -0.525753 51.6545 0.0655935 -0.00235087
94.14 13.1432 -0.293022 -0.526263 51.6621 0.0656096 -0.00236464
94.15 13.1452 -0.293037 -0.52677 51.6697 0.0656258 -0.00237834
94.16 13.1471 -0.29305 -0.527273 51.6774 0.0656421 -0.00239199
94.17 13.149 -0.293059 -0.527773 51.685 0.0656585 -0.00240558
94.18 13.151 -0.293066 -0.52827 51.6926 0.0656749 -0.00241912
94.19 13.1529 -0.293069 -0.528764 51.7003 0.0656914 -0.00243259
94.2 13.1548 -0.293069 -0.529254 51.7079 0.0657079 -0.00244599
94.21 13.1567 -0.293067 -0.529741 51.7155 0.0657246 -0.00245932
94.22 13.1587 -0.293061 -0.530224 51.7232 0.0657412 -0.00247259
94.23 13.1606 -0.293053 -0.530703 51.7308 0.065758 -0.00248578
94.24 13.1625 -0.293042 -0.531179 51.7384 0.0657748 -0.00249891
94.25 13.1644 -0.293029 -0.531652 51.746 0.0657917 -0.00251196
94.26 13.1663 -0.293013 -0.53212 51.7537 0.0658087 -0.00252494
94.27 13.1682 -0.292995 -0.532585 51.7613 0.0658257 -0.00253785
94.28 13.1701 -0.292974 -0.533046 51.7689 0.0658428 -0.00255068
94.29 13.172 -0.292951 -0.533503 51.7766 0.0658599 -0.00256344
94.3 13.174 -0.292926 -0.533956 51.7842 0.0658771 -0.00257611
94.31 13.1759 -0.292899 -0.534405 51.7918 0.0658944 -0.0025887
94.32 13.1778 -0.29287 -0.53485 51.7995 0.0659117 -0.00260121
94.33 13.1797 -0.292839 -0.535291 51.8071 0.0659291 -0.00261364
94.34 13.1815 -0.292806 -0.535728 51.8147 0.0659466 -0.00262599
94.35 13.1834 -0.292771 -0.536161 51.8224 0.0659641 -0.00263826
94.36 13.1853 -0.292734 -0.536589 51.83 0.0659817 -0.00265043
94.37 13.1872 -0.292695 -0.537014 51.8376 0.0659993 -0.00266252
94.38 13.1891 -0.292654 -0.537434 51.8453 0.0660171 -0.00267452
94.39 13.191 -0.292612 -0.53785 51.8529 0.0660348 -0.00268643
94.4 13.1929 -0.292567 -0.538261 51.8605 0.0660527 -0.00269826
94.41 13.1947 -0.29252 -0.538669 51.8682 0.0660706 -0.00270999
94.42 13.1966 -0.292471 -0.539072 51.8758 0.0660885 -0.00272163
94.43 13.1985 -0.292419 -0.53947 51.8834 0.0661066 -0.00273318
94.44 13.2003 -0.292365 -0.539864 51.8911 0.0661246 -0.00274463
94.45 13.2022 -0.292309 -0.540254 51.8987 0.0661428 -0.002756
94.46 13.204 -0.29225 -0.540639 51.9063 0.0661609 -0.00276727
94.47 13.2059 -0.292188 -0.54102 51.9139 0.0661792 -0.00277843
94.48 13.2077 -0.292123 -0.541396 51.9216 0.0661975 -0.00278948
94.49 13.2096 -0.292056 -0.541768 51.9292 0.0662159 -0.00280044
94.5 13.2114 -0.291985 -0.542135 51.9368 0.0662343 -0.0028113
94.51 13.2133 -0.291912 -0.542498 51.9445 0.0662529 -0.00282207
94.52 13.2151 -0.291835 -0.542856 51.9521 0.0662714 -0.00283273
94.53 13.2169 -0.291756 -0.543209 51.9597 0.06629 -0.00284329
94.54 13.2188 -0.291673 -0.543558 51.9674 0.0663087 -0.00285374
94.55 13.2206 -0.291587 -0.543902 51.975 0.0663274 -0.00286409
94.56 13.2224 -0.291498 -0.544242 51.9826 0.0663462 -0.00287433
94.57 13.2242 -0.291406 -0.544576 51.9903 0.0663651 -0.00288447
94.58 13.226 -0.291311 -0.544906 51.9979 0.066384 -0.00289451
94.59 13.2278 -0.291213 -0.545231 52.0055 0.0664029 -0.00290443
94.6 13.2296 -0.291112 -0.545551 52.0132 0.0664219 -0.00291424
94.61 13.2314 -0.291009 -0.545866 52.0208 0.066441 -0.00292395
94.62 13.2332 -0.290902 -0.546176 52.0284 0.0664601 -0.00293355
94.63 13.235 -0.290793 -0.546481 52.0361 0.0664793 -0.00294304
94.64 13.2367 -0.290681 -0.546781 52.0437 0.0664985 -0.00295242
94.65 13.2385 -0.290567 -0.547076 52.0513 0.0665178 -0.00296169
94.66 13.2403 -0.29045 -0.547366 52.0589 0.0665371 -0.00297084
94.67 13.242 -0.290331 -0.547651 52.0666 0.0665565 -0.00297988
94.68 13.2438 -0.29021 -0.54793 52.0742 0.0665759 -0.00298881
94.69 13.2455 -0.290086 -0.548205 52.0818 0.0665954 -0.00299763
94.7 13.2473 -0.289961 -0.548474 52.0895 0.0666149 -0.00300633
94.71 13.249 -0.289833 -0.548737 52.0971 0.0666345 -0.00301492
94.72 13.2508 -0.289703 -0.548996 52.1047 0.0666541 -0.00302339
94.73 13.2525 -0.289572 -0.549249 52.1124 0.0666738 -0.00303175
94.74 13.2542 -0.289438 -0.549496 52.12 0.0666936 -0.00303999
94.75 13.2559 -0.289303 -0.549739 52.1276 0.0667133 -0.00304812
94.76 13.2577 -0.289165 -0.549976 52.1353 0.0667332 -0.00305612
94.77 13.2594 -0.289025 -0.550207 52.1429 0.0667531 -0.00306402
94.78 13.2611 -0.288884 -0.550434 52.1505 0.066773 -0.00307179
94.79 13.2628 -0.28874 -0.550654 52.1582 0.066793 -0.00307945
94.8 13.2645 -0.288594 -0.55087 52.1658 0.066813 -0.00308699
94.81 13.2661 -0.288446 -0.55108 52.1734 0.0668331 -0.0030944
94.82 13.2678 -0.288296 -0.551284 52.181 0.0668533 -0.00310171
94.83 13.2695 -0.288143 -0.551483 52.1887 0.0668735 -0.00310889
94.84 13.2712 -0.287988 -0.551677 52.1963 0.0668937 -0.00311595
94.85 13.2728 -0.28783 -0.551865 52.2039 0.066914 -0.0031229
94.86 13.2745 -0.28767 -0.552047 52.2116 0.0669343 -0.00312972
94.87 13.2761 -0.287506 -0.552225 52.2192 0.0669547 -0.00313642
94.88 13.2778 -0.28734 -0.552396 52.2268 0.0669751 -0.00314301
94.89 13.2794 -0.287171 -0.552563 52.2345 0.0669956 -0.00314947
94.9 13.281 -0.286999 -0.552723 52.2421 0.0670161 -0.00315581
94.91 13.2826 -0.286825 -0.552878 52.2497 0.0670367 -0.00316204
94.92 13.2843 -0.286647 -0.553028 52.2574 0.0670573 -0.00316814
94.93 13.2859 -0.286466 -0.553172 52.265 0.067078 -0.00317412
94.94 13.2875 -0.286282 -0.553311 52.2726 0.0670987 -0.00317999
94.95 13.2891 -0.286095 -0.553444 52.2803 0.0671195 -0.00318573
94.96 13.2907 -0.285905 -0.553571 52.2879 0.0671403 -0.00319135
94.97 13.2922 -0.285712 -0.553693 52.2955 0.0671611 -0.00319685
94.98 13.2938 -0.285516 -0.553809 52.3031 0.067182 -0.00320222
94.99 13.2954 -0.285317 -0.553919 52.3108 0.0672029 -0.00320748
95 13.2969 -0.285116 -0.554024 52.3184 0.0672239 -0.00321262
95.01 13.2985 -0.284912 -0.554123 52.326 0.0672449 -0.00321764
95.02 13.3 -0.284705 -0.554216 52.3337 0.0672659 -0.00322253
95.03 13.3016 -0.284495 -0.554304 52.3413 0.067287 -0.0032273
95.04 13.3031 -0.284283 -0.554385 52.3489 0.0673082 -0.00323195
95.05 13.3046 -0.284069 -0.554461 52.3566 0.0673293 -0.00323649
95.06 13.3062 -0.283853 -0.554531 52.3642 0.0673505 -0.00324089
95.07 13.3077 -0.283634 -0.554595 52.3718 0.0673718 -0.00324518
95.08 13.3092 -0.283413 -0.554654 52.3795 0.0673931 -0.00324935
95.09 13.3107 -0.28319 -0.554706 52.3871 0.0674144 -0.0032534
95.1 13.3122 -0.282966 -0.554753 52.3947 0.0674357 -0.00325732
95.11 13.3136 -0.282739 -0.554794 52.4023 0.0674571 -0.00326112
95.12 13.3151 -0.28251 -0.554828 52.41 0.0674786 -0.0032648
95.13 13.3166 -0.282279 -0.554857 52.4176 0.0675 -0.00326836
95.14 13.318 -0.282046 -0.554881 52.4252 0.0675215 -0.00327179
95.15 13.3195 -0.281812 -0.554898 52.4329 0.0675431 -0.00327511
95.16 13.3209 -0.281575 -0.554909 52.4405 0.0675646 -0.0032783
95.17 13.3223 -0.281336 -0.554915 52.4481 0.0675862 -0.00328137
95.18 13.3238 -0.281096 -0.554914 52.4558 0.0676079 -0.00328432
95.19 13.3252 -0.280853 -0.554908 52.4634 0.0676295 -0.00328715
95.2 13.3266 -0.280607 -0.554896 52.471 0.0676512 -0.00328985
95.21 13.328 -0.28036 -0.554878 52.4787 0.0676729 -0.00329244
95.22 13.3294 -0.28011 -0.554854 52.4863 0.0676947 -0.0032949
95.23 13.3308 -0.279857 -0.554825 52.4939 0.0677164 -0.00329725
95.24 13.3321 -0.279602 -0.554789 52.5015 0.0677382 -0.00329947
95.25 13.3335 -0.279344 -0.554748 52.5092 0.0677601 -0.00330157
95.26 13.3349 -0.279084 -0.554701 52.5168 0.0677819 -0.00330355
95.27 13.3362 -0.27882 -0.554649 52.5244 0.0678038 -0.00330541
95.28 13.3375 -0.278554 -0.55459 52.5321 0.0678257 -0.00330714
95.29 13.3389 -0.278285 -0.554526 52.5397 0.0678476 -0.00330876
95.3 13.3402 -0.278012 -0.554456 52.5473 0.0678695 -0.00331026
95.31 13.3415 -0.277737 -0.55438 52.555 0.0678915 -0.00331164
95.32 13.3428 -0.277459 -0.554298 52.5626 0.0679134 -0.0033129
95.33 13.3441 -0.277177 -0.554211 52.5702 0.0679354 -0.00331404
95.34 13.3454 -0.276893 -0.554118 52.5779 0.0679574 -0.00331506
95.35 13.3467 -0.276605 -0.554019 52.5855 0.0679794 -0.00331596
95.36 13.3479 -0.276315 -0.553914 52.5931 0.0680015 -0.00331675
95.37 13.3492 -0.276021 -0.553803 52.6008 0.0680235 -0.00331741
95.38 13.3504 -0.275725 -0.553687 52.6084 0.0680455 -0.00331796
95.39 13.3517 -0.275426 -0.553565 52.616 0.0680675 -0.00331841
95.4 13.3529 -0.275124 -0.553436 52.6236 0.0680895 -0.00331873
95.41 13.3541 -0.274819 -0.553302 52.6313 0.0681116 -0.00331892
95.42 13.3553 -0.274511 -0.553163 52.6389 0.0681337 -0.00331898
95.43 13.3565 -0.274201 -0.553017 52.6465 0.0681557 -0.00331893
95.44 13.3577 -0.273888 -0.552866 52.6542 0.0681778 -0.00331876
95.45 13.3589 -0.273573 -0.552708 52.6618 0.0681999 -0.00331848
95.46 13.3601 -0.273256 -0.552545 52.6694 0.0682219 -0.00331808
95.47 13.3612 -0.272937 -0.552376 52.6771 0.068244 -0.00331757
95.48 13.3624 -0.272615 -0.552202 52.6847 0.0682661 -0.00331693
95.49 13.3635 -0.272291 -0.552021 52.6923 0.0682881 -0.00331619
95.5 13.3646 -0.271965 -0.551834 52.7 0.0683102 -0.00331532
95.51 13.3658 -0.271637 -0.551642 52.7076 0.0683322 -0.00331433
95.52 13.3669 -0.271306 -0.551444 52.7152 0.0683542 -0.00331322
95.53 13.368 -0.270974 -0.55124 52.7228 0.0683762 -0.003312
95.54 13.369 -0.27064 -0.55103 52.7305 0.0683982 -0.00331066
95.55 13.3701 -0.270303 -0.550815 52.7381 0.0684202 -0.00330921
95.56 13.3712 -0.269964 -0.550593 52.7457 0.0684422 -0.00330765
95.57 13.3722 -0.269623 -0.550366 52.7534 0.0684642 -0.00330596
95.58 13.3733 -0.26928 -0.550134 52.761 0.0684861 -0.00330416
95.59 13.3743 -0.268934 -0.549895 52.7686 0.068508 -0.00330224
95.6 13.3753 -0.268586 -0.549651 52.7763 0.06853 -0.00330019
95.61 13.3763 -0.268235 -0.549402 52.7839 0.0685518 -0.00329804
95.62 13.3773 -0.267881 -0.549146 52.7915 0.0685737 -0.00329577
95.63 13.3783 -0.267524 -0.548885 52.7992 0.0685956 -0.0032934
95.64 13.3793 -0.267165 -0.548619 52.8068 0.0686174 -0.00329091
95.65 13.3802 -0.266803 -0.548346 52.8144 0.0686392 -0.0032883
95.66 13.3812 -0.266437 -0.548069 52.822 0.0686609 -0.00328556
95.67 13.3821 -0.266069 -0.547785 52.8297 0.0686826 -0.00328271
95.68 13.383 -0.265697 -0.547497 52.8373 0.0687043 -0.00327974
95.69 13.3839 -0.265322 -0.547202 52.8449 0.068726 -0.00327667
95.7 13.3848 -0.264944 -0.546902 52.8526 0.0687476 -0.00327349
95.71 13.3857 -0.264563 -0.546597 52.8602 0.0687692 -0.00327019
95.72 13.3866 -0.264179 -0.546286 52.8678 0.0687908 -0.00326678
95.73 13.3874 -0.263792 -0.54597 52.8755 0.0688123 -0.00326324
95.74 13.3883 -0.263401 -0.545648 52.8831 0.0688338 -0.00325959
95.75 13.3891 -0.263007 -0.54532 52.8907 0.0688552 -0.00325582
95.76 13.39 -0.262611 -0.544987 52.8984 0.0688766 -0.00325194
95.77 13.3908 -0.262211 -0.544649 52.906 0.068898 -0.00324796
95.78 13.3916 -0.261809 -0.544305 52.9136 0.0689193 -0.00324386
95.79 13.3924 -0.261404 -0.543956 52.9213 0.0689405 -0.00323965
95.8 13.3931 -0.260996 -0.543601 52.9289 0.0689617 -0.00323532
95.81 13.3939 -0.260586 -0.543241 52.9365 0.0689829 -0.00323087
95.82 13.3946 -0.260174 -0.542875 52.9441 0.069004 -0.0032263
95.83 13.3954 -0.259759 -0.542504 52.9518 0.069025 -0.00322162
95.84 13.3961 -0.259342 -0.542128 52.9594 0.069046 -0.00321683
95.85 13.3968 -0.258923 -0.541746 52.967 0.0690669 -0.00321193
95.86 13.3975 -0.258501 -0.541358 52.9747 0.0690878 -0.00320693
95.87 13.3982 -0.258078 -0.540966 52.9823 0.0691086 -0.0032018
95.88 13.3988 -0.257653 -0.540567 52.9899 0.0691294 -0.00319656
95.89 13.3995 -0.257226 -0.540164 52.9976 0.0691501 -0.0031912
95.9 13.4001 -0.256797 -0.539755 53.0052 0.0691707 -0.00318572
95.91 13.4008 -0.256366 -0.539341 53.0128 0.0691912 -0.00318013
95.92 13.4014 -0.255933 -0.538922 53.0205 0.0692117 -0.00317443
95.93 13.402 -0.255499 -0.538497 53.0281 0.0692321 -0.00316862
95.94 13.4025 -0.255062 -0.538067 53.0357 0.0692525 -0.0031627
95.95 13.4031 -0.254623 -0.537632 53.0434 0.0692727 -0.00315664
95.96 13.4037 -0.254182 -0.537191 53.051 0.0692929 -0.00315041
95.97 13.4042 -0.253739 -0.536746 53.0586 0.069313 -0.00314407
95.98 13.4047 -0.253294 -0.536296 53.0663 0.0693331 -0.00313767
95.99 13.4053 -0.252846 -0.53584 53.0739 0.069353 -0.00313122
96 13.4058 -0.252396 -0.53538 53.0815 0.0693729 -0.00312464
96.01 13.4062 -0.251944 -0.534914 53.0891 0.0693927 -0.00311791
96.02 13.4067 -0.251488 -0.534444 53.0968 0.0694124 -0.00311104
96.03 13.4072 -0.25103 -0.533969 53.1044 0.0694321 -0.00310405
96.04 13.4076 -0.25057 -0.533488 53.112 0.0694516 -0.00309697
96.05 13.408 -0.250106 -0.533003 53.1197 0.0694711 -0.00308979
96.06 13.4085 -0.24964 -0.532513 53.1273 0.0694904 -0.00308249
96.07 13.4089 -0.249171 -0.532018 53.1349 0.0695097 -0.00307505
96.08 13.4092 -0.248699 -0.531518 53.1426 0.0695289 -0.00306751
96.09 13.4096 -0.248224 -0.531014 53.1502 0.069548 -0.00305987
96.1 13.41 -0.247747 -0.530505 53.1578 0.069567 -0.00305213
96.11 13.4103 -0.247267 -0.52999 53.1655 0.0695859 -0.00304426
96.12 13.4106 -0.246783 -0.529472 53.1731 0.0696046 -0.00303627
96.13 13.4109 -0.246298 -0.528948 53.1807 0.0696233 -0.00302815
96.14 13.4112 -0.245809 -0.52842 53.1884 0.0696419 -0.00301992
96.15 13.4115 -0.245318 -0.527887 53.196 0.0696604 -0.0030116
96.16 13.4118 -0.244825 -0.527349 53.2036 0.0696788 -0.00300318
96.17 13.412 -0.244329 -0.526807 53.2113 0.0696971 -0.00299466
96.18 13.4122 -0.243831 -0.526259 53.2189 0.0697153 -0.00298602
96.19 13.4125 -0.243331 -0.525708 53.2265 0.0697333 -0.00297724
96.2 13.4127 -0.242829 -0.525151 53.2342 0.0697513 -0.00296835
96.21 13.4128 -0.242325 -0.52459 53.2418 0.0697691 -0.00295935
96.22 13.413 -0.241819 -0.524025 53.2494 0.0697869 -0.00295025
96.23 13.4132 -0.241312 -0.523454 53.257 0.0698045 -0.00294105
96.24 13.4133 -0.240803 -0.52288 53.2647 0.069822 -0.00293175
96.25 13.4134 -0.240292 -0.5223 53.2723 0.0698394 -0.00292234
96.26 13.4135 -0.23978 -0.521716 53.2799 0.0698567 -0.00291281
96.27 13.4136 -0.239267 -0.521128 53.2876 0.0698739 -0.00290316
96.28 13.4137 -0.238752 -0.520535 53.2952 0.0698909 -0.0028934
96.29 13.4138 -0.238235 -0.519938 53.3028 0.0699079 -0.00288353
96.3 13.4138 -0.237718 -0.519336 53.3105 0.0699247 -0.00287357
96.31 13.4138 -0.237199 -0.51873 53.3181 0.0699414 -0.00286351
96.32 13.4138 -0.236678 -0.518119 53.3257 0.069958 -0.00285335
96.33 13.4138 -0.236157 -0.517504 53.3334 0.0699744 -0.00284308
96.34 13.4138 -0.235634 -0.516885 53.341 0.0699907 -0.0028327
96.35 13.4138 -0.235109 -0.516262 53.3486 0.0700069 -0.0028222
96.36 13.4137 -0.234583 -0.515635 53.3563 0.070023 -0.00281159
96.37 13.4136 -0.234055 -0.515003 53.3639 0.0700389 -0.00280088
96.38 13.4135 -0.233526 -0.514367 53.3715 0.0700547 -0.00279008
96.39 13.4134 -0.232995 -0.513728 53.3792 0.0700704 -0.00277919
96.4 13.4133 -0.232462 -0.513084 53.3868 0.0700859 -0.00276821
96.41 13.4132 -0.231927 -0.512436 53.3944 0.0701013 -0.00275711
96.42 13.413 -0.231391 -0.511784 53.4021 0.0701166 -0.00274591
96.43 13.4129 -0.230852 -0.511129 53.4097 0.0701317 -0.00273459
96.44 13.4127 -0.230312 -0.510469 53.4173 0.0701467 -0.00272317
96.45 13.4125 -0.229769 -0.509806 53.425 0.0701615 -0.00271167
96.46 13.4122 -0.229225 -0.509139 53.4326 0.0701762 -0.00270008
96.47 13.412 -0.228679 -0.508468 53.4402 0.0701908 -0.00268841
96.48 13.4117 -0.228131 -0.507794 53.4479 0.0702052 -0.00267664
96.49 13.4115 -0.227582 -0.507116 53.4555 0.0702194 -0.00266476
96.5 13.4112 -0.22703 -0.506434 53.4631 0.0702335 -0.00265278
96.51 13.4109 -0.226477 -0.505749 53.4708 0.0702475 -0.0026407
96.52 13.4106 -0.225922 -0.50506 53.4784 0.0702613 -0.00262853
96.53 13.4102 -0.225366 -0.504367 53.486 0.070275 -0.00261628
96.54 13.4099 -0.224808 -0.503671 53.4937 0.0702885 -0.00260395
96.55 13.4095 -0.224249 -0.502972 53.5013 0.0703019 -0.00259153
96.56 13.4091 -0.223689 -0.502269 53.5089 0.0703151 -0.00257902
96.57 13.4087 -0.223127 -0.501562 53.5166 0.0703282 -0.00256642
96.58 13.4083 -0.222565 -0.500852 53.5242 0.0703411 -0.00255371
96.59 13.4078 -0.222002 -0.500139 53.5318 0.0703539 -0.00254091
96.6 13.4074 -0.221438 -0.499422 53.5395 0.0703665 -0.00252803
96.61 13.4069 -0.220874 -0.498702 53.5471 0.070379 -0.00251508
96.62 13.4064 -0.220309 -0.497979 53.5547 0.0703913 -0.00250206
96.63 13.4059 -0.219743 -0.497252 53.5624 0.0704034 -0.00248895
96.64 13.4054 -0.219177 -0.496523 53.57 0.0704154 -0.00247575
96.65 13.4048 -0.218611 -0.49579 53.5776 0.0704272 -0.00246246
96.66 13.4043 -0.218045 -0.495053 53.5853 0.0704389 -0.00244908
96.67 13.4037 -0.217478 -0.494314 53.5929 0.0704504 -0.00243562
96.68 13.4031 -0.216912 -0.493571 53.6005 0.0704616 -0.00242211
96.69 13.4025 -0.216344 -0.492825 53.6082 0.0704728 -0.00240852
96.7 13.4019 -0.215777 -0.492077 53.6158 0.0704837 -0.00239485
96.71 13.4012 -0.215209 -0.491325 53.6234 0.0704946 -0.00238109
96.72 13.4006 -0.214641 -0.490571 53.6311 0.0705053 -0.00236725
96.73 13.3999 -0.214072 -0.489814 53.6387 0.0705158 -0.00235334
96.74 13.3992 -0.213503 -0.489054 53.6463 0.0705261 -0.00233935
96.75 13.3985 -0.212933 -0.488291 53.654 0.0705363 -0.0023253
96.76 13.3978 -0.212363 -0.487525 53.6616 0.0705463 -0.00231118
96.77 13.397 -0.211793 -0.486757 53.6692 0.0705562 -0.00229701
96.78 13.3963 -0.211222 -0.485987 53.6769 0.0705658 -0.00228278
96.79 13.3955 -0.21065 -0.485213 53.6845 0.0705753 -0.00226847
96.8 13.3947 -0.210078 -0.484437 53.6921 0.0705846 -0.00225409
96.81 13.3939 -0.209504 -0.483659 53.6998 0.0705937 -0.00223963
96.82 13.3931 -0.208931 -0.482878 53.7074 0.0706027 -0.00222511
96.83 13.3922 -0.208356 -0.482095 53.715 0.0706115 -0.00221053
96.84 13.3914 -0.207781 -0.48131 53.7227 0.0706201 -0.00219592
96.85 13.3905 -0.207206 -0.480523 53.7303 0.0706286 -0.00218126
96.86 13.3896 -0.20663 -0.479733 53.7379 0.0706368 -0.00216654
96.87 13.3887 -0.206053 -0.478941 53.7456 0.0706449 -0.00215175
96.88 13.3877 -0.205476 -0.478147 53.7532 0.0706528 -0.00213689
96.89 13.3868 -0.204898 -0.477351 53.7609 0.0706606 -0.00212197
96.9 13.3858 -0.20432 -0.476553 53.7685 0.0706681 -0.00210701
96.91 13.3849 -0.203742 -0.475752 53.7761 0.0706755 -0.00209201
96.92 13.3839 -0.203163 -0.47495 53.7838 0.0706827 -0.00207697
96.93 13.3829 -0.202585 -0.474146 53.7914 0.0706898 -0.00206188
96.94 13.3818 -0.202007 -0.473341 53.799 0.0706966 -0.00204673
96.95 13.3808 -0.201429 -0.472533 53.8067 0.0707033 -0.00203147
96.96 13.3797 -0.200851 -0.471723 53.8143 0.0707098 -0.00201617
96.97 13.3787 -0.200274 -0.470912 53.8219 0.0707161 -0.00200087
96.98 13.3776 -0.199697 -0.470099 53.8296 0.0707223 -0.00198558
96.99 13.3765 -0.199121 -0.469285 53.8372 0.0707283 -0.00197023
97 13.3754 -0.198546 -0.468468 53.8448 0.0707341 -0.00195482
97.01 13.3742 -0.197972 -0.46765 53.8525 0.0707397 -0.00193935
97.02 13.3731 -0.197398 -0.466831 53.8601 0.0707452 -0.00192384
97.03 13.3719 -0.196826 -0.46601 53.8677 0.0707505 -0.0019083
97.04 13.3708 -0.196255 -0.465188 53.8754 0.0707556 -0.00189273
97.05 13.3696 -0.195686 -0.464364 53.883 0.0707605 -0.00187712
97.06 13.3684 -0.195117 -0.463539 53.8906 0.0707653 -0.00186144
97.07 13.3671 -0.19455 -0.462713 53.8983 0.0707699 -0.00184569
97.08 13.3659 -0.193984 -0.461885 53.9059 0.0707743 -0.00182993
97.09 13.3647 -0.19342 -0.461057 53.9136 0.0707786 -0.00181421
97.1 13.3634 -0.192858 -0.460227 53.9212 0.0707827 -0.00179849
97.11 13.3621 -0.192297 -0.459396 53.9288 0.0707866 -0.00178271
97.12 13.3608 -0.191737 -0.458564 53.9365 0.0707903 -0.00176685
97.13 13.3595 -0.191178 -0.457732 53.9441 0.0707939 -0.00175094
97.14 13.3582 -0.190621 -0.456899 53.9517 0.0707973 -0.00173503
97.15 13.3568 -0.190065 -0.456064 53.9594 0.0708005 -0.00171914
97.16 13.3555 -0.189511 -0.45523 53.967 0.0708036 -0.00170325
97.17 13.3541 -0.188958 -0.454394 53.9746 0.0708065 -0.00168732
97.18 13.3527 -0.188406 -0.453558 53.9823 0.0708092 -0.00167133
97.19 13.3513 -0.187855 -0.452722 53.9899 0.0708118 -0.00165531
97.2 13.3499 -0.187305 -0.451885 53.9975 0.0708142 -0.00163929
97.21 13.3485 -0.186757 -0.451048 54.0052 0.0708164 -0.00162327
97.22 13.3471 -0.18621 -0.450211 54.0128 0.0708185 -0.00160725
97.23 13.3456 -0.185664 -0.449373 54.0205 0.0708204 -0.00159122
97.24 13.3442 -0.185119 -0.448536 54.0281 0.0708222 -0.00157516
97.25 13.3427 -0.184576 -0.447698 54.0357 0.0708238 -0.00155909
97.26 13.3412 -0.184033 -0.44686 54.0434 0.0708252 -0.00154301
97.27 13.3397 -0.183493 -0.446022 54.051 0.0708265 -0.00152693
97.28 13.3382 -0.182953 -0.445184 54.0586 0.0708276 -0.00151084
97.29 13.3367 -0.182415 -0.444346 54.0663 0.0708285 -0.00149475
97.3 13.3351 -0.181879 -0.443509 54.0739 0.0708293 -0.00147866
97.31 13.3336 -0.181345 -0.442671 54.0815 0.07083 -0.00146257
97.32 13.332 -0.180812 -0.441834 54.0892 0.0708305 -0.00144648
97.33 13.3304 -0.180282 -0.440997 54.0968 0.0708308 -0.00143039
97.34 13.3288 -0.179753 -0.440161 54.1045 0.070831 -0.0014143
97.35 13.3272 -0.179227 -0.439325 54.1121 0.070831 -0.00139821
97.36 13.3256 -0.178703 -0.438489 54.1197 0.0708309 -0.00138213
97.37 13.324 -0.178182 -0.437654 54.1274 0.0708306 -0.00136606
97.38 13.3224 -0.177663 -0.436819 54.135 0.0708302 -0.00134999
97.39 13.3207 -0.177147 -0.435985 54.1426 0.0708296 -0.00133394
97.4 13.3191 -0.176634 -0.435151 54.1503 0.0708289 -0.0013179
97.41 13.3174 -0.176124 -0.434318 54.1579 0.070828 -0.00130187
97.42 13.3157 -0.175616 -0.433486 54.1655 0.0708269 -0.00128585
97.43 13.314 -0.175112 -0.432655 54.1732 0.0708258 -0.00126985
97.44 13.3123 -0.174611 -0.431824 54.1808 0.0708245 -0.00125387
97.45 13.3106 -0.174113 -0.430995 54.1885 0.070823 -0.0012379
97.46 13.3089 -0.173618 -0.430166 54.1961 0.0708214 -0.00122195
97.47 13.3071 -0.173127 -0.429338 54.2037 0.0708196 -0.00120602
97.48 13.3054 -0.172638 -0.428511 54.2114 0.0708177 -0.00119012
97.49 13.3036 -0.172153 -0.427685 54.219 0.0708156 -0.00117424
97.5 13.3019 -0.171671 -0.426861 54.2266 0.0708135 -0.0011584
97.51 13.3001 -0.171192 -0.426038 54.2343 0.0708112 -0.00114257
97.52 13.2983 -0.170717 -0.425216 54.2419 0.0708087 -0.00112677
97.53 13.2965 -0.170244 -0.424395 54.2496 0.0708061 -0.001111
97.54 13.2947 -0.169775 -0.423576 54.2572 0.0708034 -0.00109526
97.55 13.2929 -0.169309 -0.422759 54.2648 0.0708005 -0.00107955
97.56 13.2911 -0.168846 -0.421943 54.2725 0.0707974 -0.00106388
97.57 13.2893 -0.168385 -0.421128 54.2801 0.0707943 -0.00104825
97.58 13.2874 -0.167928 -0.420316 54.2877 0.070791 -0.00103266
97.59 13.2856 -0.167474 -0.419505 54.2954 0.0707876 -0.0010171
97.6 13.2837 -0.167023 -0.418696 54.303 0.0707841 -0.00100158
97.61 13.2819 -0.166575 -0.417889 54.3107 0.0707804 -0.00098609
97.62 13.28 -0.166129 -0.417084 54.3183 0.0707766 -0.000970637
97.63 13.2781 -0.165687 -0.416281 54.3259 0.0707727 -0.000955226
97.64 13.2763 -0.165247 -0.415481 54.3336 0.0707686 -0.000939869
97.65 13.2744 -0.164811 -0.414682 54.3412 0.0707645 -0.000924562
97.66 13.2725 -0.164378 -0.413886 54.3489 0.0707602 -0.000909302
97.67 13.2706 -0.163948 -0.413092 54.3565 0.0707558 -0.000894082
97.68 13.2686 -0.163521 -0.412301 54.3641 0.0707512 -0.000878899
97.69 13.2667 -0.163098 -0.411512 54.3718 0.0707466 -0.000863755
97.7 13.2648 -0.162678 -0.410725 54.3794 0.0707418 -0.000848657
97.71 13.2629 -0.162261 -0.409941 54.387 0.0707369 -0.000833613
97.72 13.2609 -0.161848 -0.409159 54.3947 0.0707318 -0.00081863
97.73 13.259 -0.161439 -0.40838 54.4023 0.0707267 -0.000803704
97.74 13.257 -0.161034 -0.407604 54.41 0.0707215 -0.000788831
97.75 13.255 -0.160632 -0.40683 54.4176 0.0707161 -0.000774002
97.76 13.2531 -0.160235 -0.406059 54.4252 0.0707107 -0.000759212
97.77 13.2511 -0.159842 -0.405291 54.4329 0.0707051 -0.000744468
97.78 13.2491 -0.159453 -0.404526 54.4405 0.0706994 -0.000729778
97.79 13.2472 -0.159068 -0.403764 54.4482 0.0706936 -0.000715153
97.8 13.2452 -0.158688 -0.403004 54.4558 0.0706877 -0.000700598
97.81 13.2432 -0.158312 -0.402248 54.4634 0.0706817 -0.000686107
97.82 13.2412 -0.15794 -0.401495 54.4711 0.0706756 -0.000671668
97.83 13.2392 -0.157574 -0.400744 54.4787 0.0706693 -0.000657274
97.84 13.2372 -0.157211 -0.399998 54.4864 0.070663 -0.000642926
97.85 13.2352 -0.156853 -0.399254 54.494 0.0706566 -0.00062863
97.86 13.2331 -0.1565 -0.398513 54.5016 0.07065 -0.0006144
97.87 13.2311 -0.156152 -0.397776 54.5093 0.0706434 -0.000600244
97.88 13.2291 -0.155808 -0.397042 54.5169 0.0706367 -0.000586163
97.89 13.2271 -0.155469 -0.396312 54.5246 0.0706299 -0.000572143
97.9 13.225 -0.155134 -0.395586 54.5322 0.0706231 -0.000558167
97.91 13.223 -0.154804 -0.394863 54.5398 0.0706161 -0.000544239
97.92 13.221 -0.154478 -0.394144 54.5475 0.0706091 -0.000530377
97.93 13.2189 -0.154157 -0.393428 54.5551 0.0706019 -0.000516583
97.94 13.2169 -0.153841 -0.392716 54.5628 0.0705946 -0.000502856
97.95 13.2148 -0.153529 -0.392008 54.5704 0.0705872 -0.000489163
97.96 13.2128 -0.153221 -0.391304 54.578 0.0705798 -0.000475488
97.97 13.2107 -0.152918 -0.390604 54.5857 0.0705722 -0.000461887
97.98 13.2087 -0.152619 -0.389908 54.5933 0.0705646 -0.000448421
97.99 13.2066 -0.152325 -0.389216 54.601 0.070557 -0.000435058
98 13.2046 -0.152035 -0.388529 54.6086 0.0705492 -0.000421728
98.01 13.2025 -0.151749 -0.387845 54.6162 0.0705413 -0.000408399
98.02 13.2005 -0.151468 -0.387165 54.6239 0.0705334 -0.000395106
98.03 13.1984 -0.151191 -0.38649 54.6315 0.0705254 -0.000381903
98.04 13.1963 -0.150918 -0.385819 54.6392 0.0705173 -0.000368809
98.05 13.1943 -0.15065 -0.385152 54.6468 0.0705092 -0.000355794
98.06 13.1922 -0.150387 -0.38449 54.6544 0.0705009 -0.000342813
98.07 13.1901 -0.150127 -0.383832 54.6621 0.0704926 -0.000329851
98.08 13.1881 -0.149872 -0.383179 54.6697 0.0704843 -0.000316933
98.09 13.186 -0.149622 -0.38253 54.6774 0.0704758 -0.00030409
98.1 13.1839 -0.149377 -0.381886 54.685 0.0704673 -0.00029134
98.11 13.1819 -0.149136 -0.381247 54.6926 0.0704587 -0.000278667
98.12 13.1798 -0.148901 -0.380612 54.7003 0.07045 -0.000266048
98.13 13.1777 -0.14867 -0.379982 54.7079 0.0704413 -0.000253472
98.14 13.1757 -0.148444 -0.379356 54.7156 0.0704325 -0.000240941
98.15 13.1736 -0.148224 -0.378735 54.7232 0.0704236 -0.000228468
98.16 13.1715 -0.148008 -0.37812 54.7308 0.0704147 -0.000216058
98.17 13.1695 -0.147798 -0.377509 54.7385 0.0704057 -0.000203717
98.18 13.1674 -0.147593 -0.376903 54.7461 0.0703966 -0.000191441
98.19 13.1653 -0.147394 -0.376302 54.7538 0.0703875 -0.000179234
98.2 13.1633 -0.147201 -0.375706 54.7614 0.0703783 -0.000167087
98.21 13.1612 -0.147012 -0.375115 54.7691 0.070369 -0.000154999
98.22 13.1591 -0.146829 -0.374529 54.7767 0.0703597 -0.000142961
98.23 13.1571 -0.146652 -0.373948 54.7843 0.0703503 -0.000130971
98.24 13.155 -0.14648 -0.373373 54.792 0.0703408 -0.000119039
98.25 13.153 -0.146314 -0.372803 54.7996 0.0703313 -0.000107174
98.26 13.1509 -0.146153 -0.372238 54.8073 0.0703217 -9.53857e-05
98.27 13.1488 -0.145998 -0.371678 54.8149 0.0703121 -8.367e-05
98.28 13.1468 -0.145848 -0.371125 54.8225 0.0703024 -7.2016e-05
98.29 13.1447 -0.145703 -0.370576 54.8302 0.0702927 -6.04094e-05
98.3 13.1427 -0.145564 -0.370033 54.8378 0.0702828 -4.88496e-05
98.31 13.1407 -0.145429 -0.369496 54.8455 0.070273 -3.73386e-05
98.32 13.1386 -0.1453 -0.368964 54.8531 0.070263 -2.58941e-05
98.33 13.1366 -0.145176 -0.368438 54.8608 0.0702531 -1.45231e-05
98.34 13.1345 -0.145057 -0.367917 54.8684 0.070243 -3.22814e-06
98.35 13.1325 -0.144943 -0.367403 54.876 0.0702329 7.99977e-06
98.36 13.1305 -0.144833 -0.366894 54.8837 0.0702228 1.9173e-05
98.37 13.1284 -0.144729 -0.366391 54.8913 0.0702126 3.03e-05
98.38 13.1264 -0.144629 -0.365894 54.899 0.0702024 4.13795e-05
98.39 13.1244 -0.144533 -0.365403 54.9066 0.0701921 5.24036e-05
98.4 13.1224 -0.144443 -0.364918 54.9143 0.0701817 6.33621e-05
98.41 13.1204 -0.144357 -0.364439 54.9219 0.0701713 7.42452e-05
98.42 13.1184 -0.144276 -0.363966 54.9295 0.0701608 8.50575e-05
98.43 13.1164 -0.144199 -0.363499 54.9372 0.0701504 9.58046e-05
98.44 13.1144 -0.144128 -0.363038 54.9448 0.0701398 0.000106501
98.45 13.1124 -0.144061 -0.362583 54.9525 0.0701292 0.000117153
98.46 13.1104 -0.143998 -0.362135 54.9601 0.0701186 0.000127759
98.47 13.1084 -0.143941 -0.361692 54.9678 0.0701079 0.000138307
98.48 13.1064 -0.143888 -0.361256 54.9754 0.0700971 0.000148786
98.49 13.1044 -0.14384 -0.360826 54.983 0.0700863 0.000159189
98.5 13.1025 -0.143798 -0.360402 54.9907 0.0700755 0.000169523
98.51 13.1005 -0.14376 -0.359984 54.9983 0.0700646 0.000179798
98.52 13.0985 -0.143728 -0.359573 55.006 0.0700537 0.000190024
98.53 13.0966 -0.143701 -0.359168 55.0136 0.0700428 0.000200208
98.54 13.0946 -0.143679 -0.358769 55.0213 0.0700318 0.000210341
98.55 13.0927 -0.143663 -0.358377 55.0289 0.0700207 0.000220413
98.56 13.0907 -0.143652 -0.357991 55.0366 0.0700096 0.000230412
98.57 13.0888 -0.143647 -0.357611 55.0442 0.0699985 0.000240337
98.58 13.0869 -0.143647 -0.357238 55.0518 0.0699873 0.000250191
98.59 13.0849 -0.143653 -0.356871 55.0595 0.0699761 0.000259992
98.6 13.083 -0.143664 -0.356511 55.0671 0.0699648 0.000269743
98.61 13.0811 -0.143681 -0.356158 55.0748 0.0699535 0.000279451
98.62 13.0792 -0.143703 -0.355811 55.0824 0.0699422 0.000289103
98.63 13.0773 -0.143731 -0.355471 55.0901 0.0699308 0.000298689
98.64 13.0754 -0.143765 -0.355137 55.0977 0.0699194 0.000308199
98.65 13.0735 -0.143804 -0.354811 55.1054 0.0699079 0.000317632
98.66 13.0717 -0.143849 -0.354491 55.113 0.0698965 0.000326998
98.67 13.0698 -0.143899 -0.354178 55.1206 0.069885 0.00033631
98.68 13.0679 -0.143954 -0.353872 55.1283 0.0698734 0.000345575
98.69 13.0661 -0.144014 -0.353573 55.1359 0.0698618 0.000354792
98.7 13.0642 -0.14408 -0.35328 55.1436 0.0698502 0.000363955
98.71 13.0624 -0.14415 -0.352996 55.1512 0.0698386 0.000373055
98.72 13.0605 -0.144226 -0.352718 55.1589 0.069827 0.000382073
98.73 13.0587 -0.144307 -0.352447 55.1665 0.0698153 0.000390999
98.74 13.0569 -0.144393 -0.352183 55.1742 0.0698036 0.000399851
98.75 13.0551 -0.144484 -0.351927 55.1818 0.0697919 0.000408656
98.76 13.0533 -0.14458 -0.351678 55.1894 0.0697801 0.000417431
98.77 13.0515 -0.14468 -0.351435 55.1971 0.0697683 0.00042616
98.78 13.0497 -0.144785 -0.351201 55.2047 0.0697564 0.00043482
98.79 13.0479 -0.144895 -0.350973 55.2124 0.0697446 0.000443387
98.8 13.0461 -0.14501 -0.350753 55.22 0.0697327 0.000451865
98.81 13.0443 -0.145129 -0.35054 55.2277 0.0697208 0.000460272
98.82 13.0426 -0.145253 -0.350335 55.2353 0.0697089 0.000468629
98.83 13.0408 -0.145381 -0.350137 55.243 0.0696969 0.000476945
98.84 13.0391 -0.145514 -0.349947 55.2506 0.069685 0.000485212
98.85 13.0374 -0.145652 -0.349764 55.2583 0.069673 0.000493414
98.86 13.0356 -0.145794 -0.349588 55.2659 0.069661 0.000501533
98.87 13.0339 -0.145942 -0.34942 55.2735 0.0696489 0.000509567
98.88 13.0322 -0.146094 -0.349259 55.2812 0.0696369 0.000517518
98.89 13.0305 -0.146252 -0.349106 55.2888 0.0696248 0.000525404
98.9 13.0288 -0.146414 -0.34896 55.2965 0.0696127 0.000533233
98.91 13.0271 -0.146582 -0.348822 55.3041 0.0696006 0.000541012
98.92 13.0255 -0.146754 -0.348691 55.3118 0.0695885 0.000548735
98.93 13.0238 -0.146932 -0.348568 55.3194 0.0695764 0.000556389
98.94 13.0222 -0.147115 -0.348452 55.3271 0.0695642 0.000563957
98.95 13.0205 -0.147303 -0.348344 55.3347 0.069552 0.000571435
98.96 13.0189 -0.147497 -0.348243 55.3424 0.0695398 0.000578827
98.97 13.0173 -0.147697 -0.34815 55.35 0.0695276 0.00058615
98.98 13.0156 -0.147901 -0.348065 55.3577 0.0695154 0.000593418
98.99 13.014 -0.148111 -0.347987 55.3653 0.0695032 0.000600633
99 13.0125 -0.148326 -0.347917 55.373 0.0694909 0.000607786
99.01 13.0109 -0.148547 -0.347854 55.3806 0.0694786 0.000614858
99.02 13.0093 -0.148773 -0.347799 55.3882 0.0694663 0.000621837
99.03 13.0077 -0.149004 -0.347751 55.3959 0.069454 0.000628719
99.04 13.0062 -0.149241 -0.347712 55.4035 0.0694417 0.000635517
99.05 13.0046 -0.149483 -0.34768 55.4112 0.0694294 0.000642248
99.06 13.0031 -0.149729 -0.347656 55.4188 0.0694171 0.000648923
99.07 13.0016 -0.149981 -0.347639 55.4265 0.0694047 0.000655539
99.08 13.0001 -0.150238 -0.347631 55.4341 0.0693924 0.000662081
99.09 12.9985 -0.150499 -0.34763 55.4418 0.06938 0.000668533
99.1 12.9971 -0.150765 -0.347637 55.4494 0.0693676 0.000674882
99.11 12.9956 -0.151036 -0.347652 55.4571 0.0693552 0.000681136
99.12 12.9941 -0.151312 -0.347675 55.4647 0.0693428 0.000687307
99.13 12.9926 -0.151592 -0.347706 55.4724 0.0693304 0.000693411
99.14 12.9912 -0.151876 -0.347745 55.48 0.069318 0.000699456
99.15 12.9897 -0.152164 -0.347792 55.4877 0.0693055 0.000705433
99.16 12.9883 -0.152457 -0.347847 55.4953 0.0692931 0.00071133
99.17 12.9869 -0.152754 -0.34791 55.503 0.0692806 0.000717121
99.18 12.9855 -0.153055 -0.347981 55.5106 0.0692681 0.000722803
99.19 12.9841 -0.153361 -0.348061 55.5183 0.0692557 0.00072839
99.2 12.9827 -0.15367 -0.348148 55.5259 0.0692432 0.000733901
99.21 12.9813 -0.153984 -0.348244 55.5335 0.0692307 0.000739342
99.22 12.98 -0.154302 -0.348347 55.5412 0.0692182 0.000744712
99.23 12.9786 -0.154624 -0.348459 55.5488 0.0692057 0.000750003
99.24 12.9773 -0.15495 -0.348578 55.5565 0.0691932 0.0007552
99.25 12.976 -0.15528 -0.348706 55.5641 0.0691807 0.000760294
99.26 12.9746 -0.155616 -0.348842 55.5718 0.0691681 0.000765281
99.27 12.9733 -0.155955 -0.348986 55.5794 0.0691556 0.000770168
99.28 12.972 -0.156299 -0.349139 55.5871 0.0691431 0.000774969
99.29 12.9708 -0.156647 -0.349299 55.5947 0.0691305 0.000779697
99.3 12.9695 -0.157 -0.349468 55.6024 0.069118 0.00078435
99.31 12.9682 -0.157357 -0.349644 55.61 0.0691054 0.000788921
99.32 12.967 -0.157719 -0.349829 55.6177 0.0690929 0.000793387
99.33 12.9658 -0.158086 -0.350022 55.6253 0.0690803 0.000797741
99.34 12.9645 -0.158458 -0.350222 55.633 0.0690677 0.000801981
99.35 12.9633 -0.158835 -0.350432 55.6406 0.0690552 0.000806123
99.36 12.9621 -0.159216 -0.350649 55.6483 0.0690426 0.00081018
99.37 12.9609 -0.159602 -0.350874 55.6559 0.0690301 0.000814163
99.38 12.9598 -0.159992 -0.351108 55.6636 0.0690175 0.000818064
99.39 12.9586 -0.160388 -0.351349 55.6712 0.0690049 0.00082187
99.4 12.9575 -0.160788 -0.351599 55.6789 0.0689924 0.000825565
99.41 12.9563 -0.161193 -0.351857 55.6865 0.0689798 0.00082914
99.42 12.9552 -0.161602 -0.352123 55.6942 0.0689672 0.000832607
99.43 12.9541 -0.162016 -0.352397 55.7018 0.0689547 0.000835972
99.44 12.953 -0.162435 -0.352679 55.7095 0.0689422 0.000839259
99.45 12.9519 -0.162858 -0.35297 55.7171 0.0689296 0.000842463
99.46 12.9508 -0.163284 -0.353269 55.7248 0.0689171 0.000845581
99.47 12.9498 -0.163715 -0.353576 55.7324 0.0689046 0.000848598
99.48 12.9487 -0.164151 -0.353891 55.7401 0.0688921 0.000851511
99.49 12.9477 -0.16459 -0.354214 55.7477 0.0688796 0.000854301
99.5 12.9467 -0.165034 -0.354546 55.7554 0.0688671 0.000856968
99.51 12.9456 -0.165481 -0.354886 55.763 0.0688546 0.00085953
99.52 12.9446 -0.165932 -0.355234 55.7707 0.0688421 0.000862011
99.53 12.9437 -0.166387 -0.35559 55.7783 0.0688297 0.000864424
99.54 12.9427 -0.166845 -0.355954 55.786 0.0688172 0.000866747
99.55 12.9417 -0.167307 -0.356327 55.7936 0.0688047 0.000868958
99.56 12.9408 -0.167772 -0.356708 55.8013 0.0687923 0.000871033
99.57 12.9399 -0.168241 -0.357097 55.8089 0.0687799 0.000872987
99.58 12.9389 -0.168714 -0.357494 55.8166 0.0687675 0.000874835
99.59 12.938 -0.16919 -0.357899 55.8242 0.0687551 0.000876604
99.6 12.9372 -0.169669 -0.358313 55.8319 0.0687427 0.000878294
99.61 12.9363 -0.170152 -0.358735 55.8395 0.0687303 0.000879898
99.62 12.9354 -0.170638 -0.359165 55.8472 0.068718 0.000881392
99.63 12.9346 -0.171128 -0.359604 55.8548 0.0687057 0.000882764
99.64 12.9337 -0.171621 -0.36005 55.8625 0.0686933 0.000884014
99.65 12.9329 -0.172118 -0.360505 55.8701 0.068681 0.00088515
99.66 12.9321 -0.172619 -0.360968 55.8778 0.0686688 0.00088619
99.67 12.9313 -0.173123 -0.361439 55.8854 0.0686565 0.000887141
99.68 12.9305 -0.173631 -0.361918 55.8931 0.0686443 0.000887995
99.69 12.9298 -0.174143 -0.362405 55.9007 0.0686321 0.000888722
99.7 12.929 -0.174659 -0.362901 55.9084 0.0686199 0.000889349
99.71 12.9283 -0.175178 -0.363404 55.916 0.0686077 0.000889894
99.72 12.9275 -0.175702 -0.363916 55.9237 0.0685956 0.000890351
99.73 12.9268 -0.17623 -0.364435 55.9313 0.0685834 0.000890682
99.74 12.9261 -0.176762 -0.364963 55.939 0.0685713 0.000890884
99.75 12.9255 -0.177297 -0.365499 55.9466 0.0685593 0.00089098
99.76 12.9248 -0.177837 -0.366043 55.9543 0.0685472 0.000891
99.77 12.9241 -0.17838 -0.366595 55.9619 0.0685352 0.000890953
99.78 12.9235 -0.178927 -0.367155 55.9696 0.0685232 0.000890806
99.79 12.9229 -0.179479 -0.367723 55.9772 0.0685112 0.000890532
99.8 12.9223 -0.180034 -0.368299 55.9849 0.0684993 0.000890116
99.81 12.9217 -0.180593 -0.368883 55.9925 0.0684874 0.000889587
99.82 12.9211 -0.181155 -0.369475 56.0002 0.0684755 0.000888971
99.83 12.9205 -0.18172 -0.370075 56.0078 0.0684636 0.000888292
99.84 12.9199 -0.182289 -0.370683 56.0155 0.0684518 0.00088753
99.85 12.9194 -0.182862 -0.371298 56.0231 0.06844 0.000886669
99.86 12.9189 -0.183437 -0.371922 56.0308 0.0684283 0.000885686
99.87 12.9184 -0.184015 -0.372554 56.0384 0.0684165 0.000884584
99.88 12.9179 -0.184597 -0.373194 56.0461 0.0684048 0.000883372
99.89 12.9174 -0.185181 -0.373842 56.0537 0.0683932 0.000882066
99.9 12.9169 -0.185768 -0.374498 56.0614 0.0683816 0.000880675
99.91 12.9165 -0.186358 -0.375161 56.069 0.06837 0.000879202
99.92 12.916 -0.186949 -0.375833 56.0767 0.0683584 0.00087765
99.93 12.9156 -0.187544 -0.376512 56.0843 0.0683469 0.000875999
99.94 12.9152 -0.18814 -0.3772 56.092 0.0683354 0.00087424
99.95 12.9148 -0.18874 -0.377895 56.0996 0.068324 0.000872358
99.96 12.9144 -0.189341 -0.378598 56.1073 0.0683125 0.000870376
99.97 12.914 -0.189945 -0.379308 56.1149 0.0683012 0.000868303
99.98 12.9137 -0.19055 -0.380027 56.1226 0.0682898 0.000866157
99.99 12.9134 -0.191158 -0.380753 56.1302 0.0682785 0.000863933
100 12.913 -0.191768 -0.381487 56.1379 0.0682673 0.000861623
100.01 12.9127 -0.19238 -0.382229 56.1455 0.0682561 0.000859215
100.02 12.9124 -0.192995 -0.382978 56.1532 0.0682449 0.000856696
100.03 12.9122 -0.193612 -0.383735 56.1608 0.0682338 0.000854077
100.04 12.9119 -0.194231 -0.384499 56.1685 0.0682227 0.000851357
100.05 12.9117 -0.194852 -0.385271 56.1761 0.0682116 0.000848562
100.06 12.9114 -0.195476 -0.38605 56.1838 0.0682006 0.00084569
100.07 12.9112 -0.196102 -0.386837 56.1914 0.0681897 0.000842748
100.08 12.911 -0.19673 -0.387631 56.1991 0.0681787 0.000839716
100.09 12.9108 -0.197361 -0.388433 56.2067 0.0681679 0.00083659
100.1 12.9106 -0.197994 -0.389242 56.2144 0.0681571 0.000833363
100.11 12.9105 -0.19863 -0.390059 56.222 0.0681463 0.000830042
100.12 12.9103 -0.199268 -0.390883 56.2297 0.0681356 0.000826638
100.13 12.9102 -0.199908 -0.391714 56.2373 0.0681249 0.000823156
100.14 12.9101 -0.200551 -0.392552 56.245 0.0681143 0.000819606
100.15 12.91 -0.201196 -0.393398 56.2526 0.0681037 0.000815979
100.16 12.9099 -0.201844 -0.394251 56.2603 0.0680932 0.000812275
100.17 12.9099 -0.202493 -0.395111 56.2679 0.0680827 0.000808478
100.18 12.9098 -0.203145 -0.395978 56.2756 0.0680723 0.000804592
100.19 12.9098 -0.203799 -0.396852 56.2833 0.0680619 0.000800614
100.2 12.9098 -0.204455 -0.397734 56.2909 0.0680516 0.000796561
100.21 12.9098 -0.205113 -0.398623 56.2986 0.0680413 0.000792439
100.22 12.9098 -0.205772 -0.399518 56.3062 0.0680311 0.000788252
100.23 12.9098 -0.206433 -0.400421 56.3139 0.068021 0.000783994
100.24 12.9098 -0.207096 -0.401331 56.3215 0.0680109 0.000779654
100.25 12.9099 -0.20776 -0.402248 56.3292 0.0680009 0.000775229
100.26 12.91 -0.208426 -0.403172 56.3368 0.0679909 0.000770714
100.27 12.91 -0.209093 -0.404103 56.3445 0.067981 0.000766122
100.28 12.9102 -0.20976 -0.405041 56.3521 0.0679711 0.000761457
100.29 12.9103 -0.210429 -0.405985 56.3598 0.0679614 0.000756735
100.3 12.9104 -0.211098 -0.406937 56.3674 0.0679516 0.000751944
100.31 12.9106 -0.211769 -0.407896 56.3751 0.067942 0.000747085
100.32 12.9107 -0.21244 -0.408861 56.3827 0.0679323 0.000742142
100.33 12.9109 -0.213111 -0.409833 56.3904 0.0679228 0.000737118
100.34 12.9111 -0.213783 -0.410812 56.398 0.0679133 0.000732011
100.35 12.9113 -0.214456 -0.411798 56.4057 0.0679039 0.000726834
100.36 12.9115 -0.215129 -0.41279 56.4133 0.0678946 0.000721591
100.37 12.9118 -0.215803 -0.41379 56.421 0.0678853 0.000716286
100.38 12.912 -0.216476 -0.414795 56.4286 0.0678761 0.000710918
100.39 12.9123 -0.217151 -0.415808 56.4363 0.067867 0.000705475
100.4 12.9126 -0.217825 -0.416827 56.4439 0.0678579 0.000699959
100.41 12.9129 -0.218501 -0.417852 56.4516 0.0678489 0.000694362
100.42 12.9132 -0.219176 -0.418884 56.4592 0.06784 0.000688694
100.43 12.9135 -0.219852 -0.419922 56.4669 0.0678312 0.000682951
100.44 12.9139 -0.220528 -0.420967 56.4745 0.0678224 0.00067715
100.45 12.9142 -0.221205 -0.422018 56.4822 0.0678137 0.000671287
100.46 12.9146 -0.221883 -0.423075 56.4899 0.0678051 0.000665365
100.47 12.915 -0.22256 -0.424138 56.4975 0.0677966 0.00065937
100.48 12.9154 -0.223238 -0.425208 56.5052 0.0677881 0.0006533
100.49 12.9159 -0.223917 -0.426283 56.5128 0.0677798 0.000647157
100.5 12.9163 -0.224596 -0.427365 56.5205 0.0677715 0.000640942
100.51 12.9168 -0.225276 -0.428453 56.5281 0.0677633 0.000634663
100.52 12.9172 -0.225956 -0.429546 56.5358 0.0677551 0.000628322
100.53 12.9177 -0.226636 -0.430646 56.5434 0.0677471 0.000621926
100.54 12.9182 -0.227317 -0.431752 56.5511 0.0677391 0.000615462
100.55 12.9187 -0.227998 -0.432863 56.5587 0.0677313 0.000608931
100.56 12.9193 -0.228679 -0.43398 56.5664 0.0677235 0.000602322
100.57 12.9198 -0.22936 -0.435103 56.574 0.0677158 0.000595649
100.58 12.9204 -0.230041 -0.436232 56.5817 0.0677082 0.000588905
100.59 12.9209 -0.230722 -0.437367 56.5893 0.0677006 0.000582099
100.6 12.9215 -0.231403 -0.438507 56.597 0.0676932 0.000575231
100.61 12.9221 -0.232083 -0.439653 56.6046 0.0676858 0.000568301
100.62 12.9228 -0.232763 -0.440804 56.6123 0.0676786 0.000561307
100.63 12.9234 -0.233443 -0.441961 56.6199 0.0676714 0.000554241
100.64 12.9241 -0.234121 -0.443124 56.6276 0.0676644 0.000547106
100.65 12.9247 -0.234799 -0.444292 56.6352 0.0676574 0.000539896
100.66 12.9254 -0.235476 -0.445466 56.6429 0.0676505 0.00053262
100.67 12.9261 -0.236152 -0.446644 56.6505 0.0676437 0.000525276
100.68 12.9268 -0.236827 -0.447829 56.6582 0.067637 0.000517872
100.69 12.9275 -0.237501 -0.449018 56.6659 0.0676304 0.000510401
100.7 12.9283 -0.238173 -0.450213 56.6735 0.0676238 0.000502865
100.71 12.929 -0.238844 -0.451414 56.6812 0.0676174 0.00049523
100.72 12.9298 -0.239513 -0.452619 56.6888 0.0676111 0.000487475
100.73 12.9306 -0.240182 -0.45383 56.6965 0.0676049 0.000479653
100.74 12.9314 -0.240848 -0.455045 56.7041 0.0675988 0.000471824
100.75 12.9322 -0.241513 -0.456266 56.7118 0.0675928 0.000463976
100.76 12.933 -0.242176 -0.457492 56.7194 0.0675868 0.000456045
100.77 12.9339 -0.242838 -0.458722 56.7271 0.067581 0.000447998
100.78 12.9347 -0.243498 -0.459958 56.7347 0.0675753 0.000439844
100.79 12.9356 -0.244156 -0.461199 56.7424 0.0675696 0.000431627
100.8 12.9365 -0.244813 -0.462444 56.75 0.0675641 0.000423365
100.81 12.9374 -0.245468 -0.463694 56.7577 0.0675587 0.000415047
100.82 12.9383 -0.246122 -0.464948 56.7653 0.0675534 0.000406644
100.83 12.9392 -0.246774 -0.466208 56.773 0.0675481 0.000398148
100.84 12.9402 -0.247424 -0.467471 56.7806 0.067543 0.000389567
100.85 12.9412 -0.248073 -0.46874 56.7883 0.067538 0.000380923
100.86 12.9421 -0.24872 -0.470012 56.7959 0.0675331 0.000372216
100.87 12.9431 -0.249365 -0.47129 56.8036 0.0675283 0.000363437
100.88 12.9441 -0.250009 -0.472571 56.8112 0.0675237 0.000354574
100.89 12.9451 -0.250652 -0.473857 56.8189 0.0675191 0.000345623
100.9 12.9462 -0.251292 -0.475147 56.8266 0.0675146 0.000336596
100.91 12.9472 -0.251931 -0.476441 56.8342 0.0675102 0.000327498
100.92 12.9483 -0.252568 -0.477739 56.8419 0.067506 0.000318333
100.93 12.9493 -0.253203 -0.479041 56.8495 0.0675018 0.00030909
100.94 12.9504 -0.253837 -0.480347 56.8572 0.0674978 0.000299766
100.95 12.9515 -0.254468 -0.481658 56.8648 0.0674938 0.000290354
100.96 12.9526 -0.255097 -0.482972 56.8725 0.06749 0.000280866
100.97 12.9538 -0.255725 -0.48429 56.8801 0.0674862 0.000271301
100.98 12.9549 -0.256349 -0.485612 56.8878 0.0674826 0.000261661
100.99 12.956 -0.256972 -0.486937 56.8954 0.0674791 0.000251909
101 12.9572 -0.257592 -0.488267 56.9031 0.0674757 0.000242017
101.01 12.9584 -0.25821 -0.4896 56.9107 0.0674724 0.000232051
101.02 12.9596 -0.258825 -0.490936 56.9184 0.0674692 0.000222084
101.03 12.9608 -0.259436 -0.492276 56.926 0.0674662 0.000212094
101.04 12.962 -0.260044 -0.49362 56.9337 0.0674632 0.000202
101.05 12.9633 -0.26065 -0.494968 56.9413 0.0674604 0.000191762
101.06 12.9645 -0.261252 -0.496318 56.949 0.0674576 0.000181397
101.07 12.9658 -0.261851 -0.497673 56.9566 0.067455 0.000170965
101.08 12.967 -0.262446 -0.49903 56.9643 0.0674525 0.000160489
101.09 12.9683 -0.263038 -0.500391 56.972 0.0674501 0.000149952
101.1 12.9696 -0.263626 -0.501755 56.9796 0.0674477 0.00013931
101.11 12.9709 -0.26421 -0.503123 56.9873 0.0674455 0.000128551
101.12 12.9723 -0.264791 -0.504493 56.9949 0.0674435 0.00011769
101.13 12.9736 -0.265367 -0.505867 57.0026 0.0674415 0.000106754
101.14 12.975 -0.26594 -0.507243 57.0102 0.0674396 9.57534e-05
101.15 12.9763 -0.266509 -0.508623 57.0179 0.0674379 8.46716e-05
101.16 12.9777 -0.267074 -0.510005 57.0255 0.0674363 7.34942e-05
101.17 12.9791 -0.267636 -0.51139 57.0332 0.0674347 6.22124e-05
101.18 12.9805 -0.268193 -0.512778 57.0408 0.0674333 5.08426e-05
101.19 12.9819 -0.268746 -0.514169 57.0485 0.067432 3.93905e-05
101.2 12.9833 -0.269296 -0.515562 57.0561 0.0674309 2.78634e-05
101.21 12.9848 -0.269841 -0.516958 57.0638 0.0674298 1.62479e-05
101.22 12.9862 -0.270383 -0.518356 57.0714 0.0674288 4.54088e-06
101.23 12.9877 -0.27092 -0.519756 57.0791 0.067428 -7.26047e-06
101.24 12.9892 -0.271454 -0.521159 57.0867 0.0674273 -1.91474e-05
101.25 12.9907 -0.271984 -0.522565 57.0944 0.0674267 -3.11144e-05
101.26 12.9922 -0.272509 -0.523972 57.102 0.0674262 -4.31636e-05
101.27 12.9937 -0.273031 -0.525382 57.1097 0.0674258 -5.52977e-05
101.28 12.9952 -0.273549 -0.526793 57.1174 0.0674255 -6.75241e-05
101.29 12.9968 -0.274063 -0.528207 57.125 0.0674253 -7.98379e-05
101.3 12.9983 -0.274573 -0.529623 57.1327 0.0674253 -9.22381e-05
101.31 12.9999 -0.275079 -0.53104 57.1403 0.0674254 -0.000104718
101.32 13.0014 -0.275581 -0.53246 57.148 0.0674256 -0.00011728
101.33 13.003 -0.276078 -0.533881 57.1556 0.0674259 -0.000129925
101.34 13.0046 -0.276572 -0.535304 57.1633 0.0674263 -0.000142656
101.35 13.0062 -0.277061 -0.536729 57.1709 0.0674268 -0.000155472
101.36 13.0078 -0.277545 -0.538156 57.1786 0.0674275 -0.000168372
101.37 13.0095 -0.278025 -0.539584 57.1862 0.0674282 -0.000181355
101.38 13.0111 -0.278501 -0.541014 57.1939 0.0674291 -0.000194423
101.39 13.0128 -0.278971 -0.542445 57.2015 0.0674301 -0.000207569
101.4 13.0144 -0.279437 -0.543877 57.2092 0.0674312 -0.000220792
101.41 13.0161 -0.279898 -0.545312 57.2168 0.0674325 -0.000234096
101.42 13.0178 -0.280353 -0.546747 57.2245 0.0674338 -0.000247483
101.43 13.0195 -0.280804 -0.548184 57.2321 0.0674353 -0.000260952
101.44 13.0212 -0.281249 -0.549622 57.2398 0.0674368 -0.000274501
101.45 13.0229 -0.281689 -0.551061 57.2474 0.0674385 -0.000288131
101.46 13.0246 -0.282123 -0.552502 57.2551 0.0674403 -0.000301836
101.47 13.0263 -0.282551 -0.553944 57.2628 0.0674423 -0.00031562
101.48 13.0281 -0.282974 -0.555386 57.2704 0.0674443 -0.000329475
101.49 13.0298 -0.283391 -0.55683 57.2781 0.0674465 -0.000343408
101.5 13.0316 -0.283802 -0.558275 57.2857 0.0674487 -0.000357413
101.51 13.0334 -0.284207 -0.55972 57.2934 0.0674511 -0.000371496
101.52 13.0351 -0.284607 -0.561167 57.301 0.0674536 -0.000385655
101.53 13.0369 -0.285 -0.562614 57.3087 0.0674562 -0.000399887
101.54 13.0387 -0.285387 -0.564062 57.3163 0.0674589 -0.000414191
101.55 13.0405 -0.285768 -0.565511 57.324 0.0674618 -0.000428559
101.56 13.0423 -0.286143 -0.56696 57.3316 0.0674647 -0.000442996
101.57 13.0442 -0.286512 -0.568409 57.3393 0.0674678 -0.000457497
101.58 13.046 -0.286875 -0.569859 57.3469 0.067471 -0.000472069
101.59 13.0478 -0.287232 -0.571309 57.3546 0.0674742 -0.000486708
101.6 13.0497 -0.287583 -0.57276 57.3622 0.0674776 -0.000501416
101.61 13.0516 -0.287928 -0.574211 57.3699 0.0674812 -0.000516187
101.62 13.0534 -0.288266 -0.575661 57.3775 0.0674848 -0.000531019
101.63 13.0553 -0.288599 -0.577112 57.3852 0.0674885 -0.000545907
101.64 13.0572 -0.288926 -0.578563 57.3928 0.0674924 -0.000560852
101.65 13.0591 -0.289246 -0.580014 57.4005 0.0674963 -0.000575855
101.66 13.061 -0.289561 -0.581464 57.4081 0.0675004 -0.000590918
101.67 13.0629 -0.289869 -0.582914 57.4158 0.0675045 -0.000606042
101.68 13.0648 -0.290172 -0.584364 57.4235 0.0675088 -0.000621222
101.69 13.0667 -0.290468 -0.585813 57.4311 0.0675132 -0.000636457
101.7 13.0686 -0.290759 -0.587262 57.4388 0.0675177 -0.000651739
101.71 13.0706 -0.291043 -0.58871 57.4464 0.0675223 -0.000667069
101.72 13.0725 -0.291321 -0.590158 57.4541 0.067527 -0.000682446
101.73 13.0745 -0.291593 -0.591605 57.4617 0.0675318 -0.000697873
101.74 13.0764 -0.291858 -0.593052 57.4694 0.0675367 -0.000713352
101.75 13.0784 -0.292117 -0.594497 57.477 0.0675418 -0.000728884
101.76 13.0804 -0.292369 -0.595942 57.4847 0.0675469 -0.000744461
101.77 13.0823 -0.292615 -0.597386 57.4923 0.0675521 -0.000760078
101.78 13.0843 -0.292854 -0.598829 57.5 0.0675575 -0.000775734
101.79 13.0863 -0.293086 -0.600271 57.5076 0.0675629 -0.000791427
101.8 13.0883 -0.293311 -0.601712 57.5153 0.0675684 -0.000807161
101.81 13.0903 -0.29353 -0.603151 57.5229 0.067574 -0.000822934
101.82 13.0923 -0.293741 -0.60459 57.5306 0.0675798 -0.000838751
101.83 13.0943 -0.293944 -0.606027 57.5382 0.0675856 -0.000854607
101.84 13.0963 -0.294141 -0.607463 57.5459 0.0675915 -0.000870502
101.85 13.0984 -0.29433 -0.608898 57.5535 0.0675976 -0.000886448
101.86 13.1004 -0.294512 -0.610332 57.5612 0.0676037 -0.000902461
101.87 13.1024 -0.294686 -0.611763 57.5688 0.0676099 -0.000918494
101.88 13.1044 -0.294852 -0.613194 57.5765 0.0676162 -0.000934501
101.89 13.1065 -0.29501 -0.614622 57.5842 0.0676226 -0.000950504
101.9 13.1085 -0.295161 -0.61605 57.5918 0.0676291 -0.000966552
101.91 13.1106 -0.295304 -0.617475 57.5995 0.0676357 -0.000982676
101.92 13.1126 -0.295439 -0.618899 57.6071 0.0676424 -0.000998849
101.93 13.1147 -0.295566 -0.620321 57.6148 0.0676492 -0.00101503
101.94 13.1168 -0.295686 -0.621741 57.6224 0.0676561 -0.0010312
101.95 13.1188 -0.295797 -0.623159 57.6301 0.0676631 -0.00104736
101.96 13.1209 -0.2959 -0.624575 57.6377 0.0676701 -0.00106356
101.97 13.123 -0.295996 -0.625988 57.6454 0.0676773 -0.0010798
101.98 13.1251 -0.296085 -0.6274 57.653 0.0676845 -0.00109608
101.99 13.1271 -0.296165 -0.62881 57.6607 0.0676918 -0.00111236
102 13.1292 -0.296238 -0.630217 57.6683 0.0676993 -0.00112864
102.01 13.1313 -0.296302 -0.631622 57.676 0.0677068 -0.00114492
102.02 13.1334 -0.29636 -0.633024 57.6836 0.0677144 -0.0011612
102.03 13.1355 -0.296409 -0.634424 57.6913 0.067722 -0.0011775
102.04 13.1376 -0.296451 -0.635821 57.6989 0.0677298 -0.00119381
102.05 13.1397 -0.296486 -0.637216 57.7066 0.0677377 -0.00121013
102.06 13.1418 -0.296513 -0.638608 57.7142 0.0677456 -0.00122645
102.07 13.1439 -0.296532 -0.639997 57.7219 0.0677536 -0.00124277
102.08 13.146 -0.296543 -0.641383 57.7295 0.0677617 -0.00125909
102.09 13.1481 -0.296547 -0.642766 57.7372 0.0677699 -0.00127541
102.1 13.1502 -0.296544 -0.644147 57.7448 0.0677782 -0.00129171
102.11 13.1523 -0.296532 -0.645524 57.7525 0.0677865 -0.00130801
102.12 13.1544 -0.296513 -0.646898 57.7601 0.067795 -0.0013243
102.13 13.1565 -0.296486 -0.648269 57.7678 0.0678035 -0.0013406
102.14 13.1586 -0.296451 -0.649636 57.7755 0.0678121 -0.00135689
102.15 13.1608 -0.296408 -0.651 57.7831 0.0678208 -0.00137318
102.16 13.1629 -0.296358 -0.652361 57.7908 0.0678295 -0.00138944
102.17 13.165 -0.296299 -0.653718 57.7984 0.0678384 -0.00140568
102.18 13.1671 -0.296231 -0.655072 57.8061 0.0678472 -0.0014219
102.19 13.1692 -0.296156 -0.656422 57.8137 0.0678562 -0.00143811
102.2 13.1713 -0.296072 -0.657768 57.8214 0.0678653 -0.00145431
102.21 13.1734 -0.29598 -0.65911 57.829 0.0678744 -0.0014705
102.22 13.1756 -0.295879 -0.660449 57.8367 0.0678836 -0.00148668
102.23 13.1777 -0.29577 -0.661784 57.8443 0.0678929 -0.00150282
102.24 13.1798 -0.295652 -0.663115 57.852 0.0679023 -0.00151894
102.25 13.1819 -0.295525 -0.664442 57.8596 0.0679117 -0.00153502
102.26 13.184 -0.295389 -0.665765 57.8673 0.0679212 -0.00155108
102.27 13.1861 -0.295245 -0.667084 57.8749 0.0679307 -0.00156711
102.28 13.1882 -0.295092 -0.668398 57.8826 0.0679403 -0.00158312
102.29 13.1903 -0.29493 -0.669709 57.8902 0.06795 -0.00159911
102.3 13.1924 -0.294759 -0.671015 57.8979 0.0679598 -0.00161507
102.31 13.1946 -0.29458 -0.672316 57.9055 0.0679697 -0.00163099
102.32 13.1967 -0.294391 -0.673613 57.9132 0.0679796 -0.00164687
102.33 13.1988 -0.294194 -0.674906 57.9208 0.0679895 -0.0016627
102.34 13.2009 -0.293988 -0.676194 57.9285 0.0679996 -0.00167849
102.35 13.203 -0.293774 -0.677477 57.9361 0.0680096 -0.00169425
102.36 13.205 -0.29355 -0.678756 57.9438 0.0680198 -0.00170998
102.37 13.2071 -0.293318 -0.68003 57.9514 0.06803 -0.00172567
102.38 13.2092 -0.293078 -0.681298 57.9591 0.0680403 -0.00174132
102.39 13.2113 -0.292829 -0.682562 57.9667 0.0680507 -0.00175691
102.4 13.2134 -0.292572 -0.683821 57.9744 0.0680611 -0.00177245
102.41 13.2155 -0.292306 -0.685075 57.982 0.0680715 -0.00178794
102.42 13.2176 -0.292032 -0.686324 57.9897 0.068082 -0.00180337
102.43 13.2196 -0.291749 -0.687567 57.9974 0.0680926 -0.00181877
102.44 13.2217 -0.291459 -0.688806 58.005 0.0681032 -0.00183412
102.45 13.2238 -0.29116 -0.690038 58.0127 0.0681139 -0.00184943
102.46 13.2258 -0.290853 -0.691266 58.0203 0.0681247 -0.00186469
102.47 13.2279 -0.290538 -0.692488 58.028 0.0681354 -0.00187989
102.48 13.2299 -0.290214 -0.693705 58.0356 0.0681463 -0.00189502
102.49 13.232 -0.289882 -0.694916 58.0433 0.0681571 -0.00191008
102.5 13.234 -0.289542 -0.696121 58.0509 0.0681681 -0.00192508
102.51 13.2361 -0.289193 -0.697321 58.0586 0.0681791 -0.00194004
102.52 13.2381 -0.288836 -0.698516 58.0662 0.0681901 -0.00195495
102.53 13.2401 -0.288471 -0.699704 58.0739 0.0682013 -0.00196982
102.54 13.2422 -0.288097 -0.700887 58.0815 0.0682124 -0.00198461
102.55 13.2442 -0.287714 -0.702065 58.0892 0.0682236 -0.00199933
102.56 13.2462 -0.287323 -0.703236 58.0968 0.0682349 -0.00201398
102.57 13.2482 -0.286923 -0.704401 58.1045 0.0682461 -0.00202857
102.58 13.2502 -0.286515 -0.70556 58.1121 0.0682575 -0.0020431
102.59 13.2522 -0.286098 -0.706713 58.1198 0.0682688 -0.00205758
102.6 13.2542 -0.285672 -0.70786 58.1274 0.0682802 -0.002072
102.61 13.2562 -0.285237 -0.709001 58.1351 0.0682917 -0.00208635
102.62 13.2582 -0.284793 -0.710135 58.1427 0.0683032 -0.00210063
102.63 13.2601 -0.28434 -0.711263 58.1504 0.0683148 -0.00211484
102.64 13.2621 -0.283879 -0.712385 58.158 0.0683263 -0.00212896
102.65 13.2641 -0.283408 -0.7135 58.1657 0.068338 -0.00214303
102.66 13.266 -0.282928 -0.714609 58.1733 0.0683496 -0.00215702
102.67 13.268 -0.28244 -0.715711 58.181 0.0683613 -0.00217095
102.68 13.2699 -0.281942 -0.716806 58.1886 0.0683731 -0.00218482
102.69 13.2718 -0.281436 -0.717894 58.1963 0.0683849 -0.00219861
102.7 13.2738 -0.28092 -0.718976 58.2039 0.0683967 -0.00221232
102.71 13.2757 -0.280396 -0.720051 58.2116 0.0684085 -0.00222595
102.72 13.2776 -0.279863 -0.721118 58.2192 0.0684204 -0.00223949
102.73 13.2795 -0.279321 -0.722179 58.2269 0.0684323 -0.00225296
102.74 13.2814 -0.278771 -0.723233 58.2345 0.0684443 -0.00226636
102.75 13.2833 -0.278212 -0.724279 58.2422 0.0684563 -0.00227969
102.76 13.2851 -0.277644 -0.725318 58.2498 0.0684683 -0.00229295
102.77 13.287 -0.277068 -0.72635 58.2575 0.0684804 -0.00230612
102.78 13.2889 -0.276484 -0.727375 58.2651 0.0684924 -0.0023192
102.79 13.2907 -0.275892 -0.728392 58.2728 0.0685046 -0.00233219
102.8 13.2926 -0.275291 -0.729402 58.2804 0.0685167 -0.00234509
102.81 13.2944 -0.274683 -0.730404 58.2881 0.0685289 -0.00235792
102.82 13.2962 -0.274066 -0.731398 58.2957 0.0685411 -0.00237067
102.83 13.298 -0.273442 -0.732385 58.3034 0.0685533 -0.00238335
102.84 13.2998 -0.27281 -0.733364 58.311 0.0685656 -0.00239594
102.85 13.3016 -0.27217 -0.734336 58.3187 0.0685778 -0.00240845
102.86 13.3034 -0.271522 -0.7353 58.3263 0.0685902 -0.00242086
102.87 13.3052 -0.270866 -0.736255 58.334 0.0686025 -0.00243317
102.88 13.307 -0.270203 -0.737203 58.3416 0.0686149 -0.0024454
102.89 13.3088 -0.269532 -0.738143 58.3493 0.0686273 -0.00245754
102.9 13.3105 -0.268854 -0.739075 58.3569 0.0686397 -0.00246962
102.91 13.3123 -0.268168 -0.74 58.3646 0.0686521 -0.00248161
102.92 13.314 -0.267474 -0.740916 58.3722 0.0686646 -0.00249351
102.93 13.3157 -0.266772 -0.741824 58.3799 0.0686771 -0.00250531
102.94 13.3174 -0.266063 -0.742724 58.3876 0.0686896 -0.00251702
102.95 13.3191 -0.265346 -0.743616 58.3952 0.0687021 -0.00252863
102.96 13.3208 -0.264621 -0.744499 58.4029 0.0687146 -0.00254015
102.97 13.3225 -0.263888 -0.745375 58.4105 0.0687272 -0.00255159
102.98 13.3242 -0.263148 -0.746242 58.4182 0.0687398 -0.00256295
102.99 13.3259 -0.2624 -0.747101 58.4258 0.0687524 -0.00257423
103 13.3275 -0.261644 -0.747952 58.4335 0.068765 -0.00258541
103.01 13.3292 -0.26088 -0.748795 58.4411 0.0687777 -0.00259648
103.02 13.3308 -0.260108 -0.749629 58.4488 0.0687904 -0.00260745
103.03 13.3324 -0.259328 -0.750455 58.4564 0.0688031 -0.00261833
103.04 13.334 -0.258541 -0.751272 58.4641 0.0688158 -0.00262911
103.05 13.3356 -0.257746 -0.752081 58.4717 0.0688285 -0.00263981
103.06 13.3372 -0.256943 -0.752881 58.4794 0.0688412 -0.00265043
103.07 13.3388 -0.256132 -0.753673 58.487 0.068854 -0.00266095
103.08 13.3404 -0.255314 -0.754456 58.4947 0.0688667 -0.00267136
103.09 13.3419 -0.254488 -0.755231 58.5023 0.0688795 -0.00268167
103.1 13.3435 -0.253655 -0.755996 58.51 0.0688923 -0.00269188
103.11 13.345 -0.252815 -0.756753 58.5176 0.0689051 -0.00270198
103.12 13.3465 -0.251967 -0.757501 58.5253 0.0689179 -0.00271198
103.13 13.348 -0.251112 -0.75824 58.5329 0.0689308 -0.0027219
103.14 13.3495 -0.25025 -0.75897 58.5406 0.0689436 -0.00273174
103.15 13.351 -0.249382 -0.759691 58.5482 0.0689565 -0.00274146
103.16 13.3525 -0.248506 -0.760403 58.5559 0.0689693 -0.00275108
103.17 13.354 -0.247624 -0.761105 58.5635 0.0689822 -0.00276059
103.18 13.3554 -0.246735 -0.761799 58.5712 0.0689951 -0.00276998
103.19 13.3569 -0.24584 -0.762483 58.5788 0.069008 -0.00277928
103.2 13.3583 -0.244939 -0.763157 58.5865 0.0690209 -0.00278849
103.21 13.3597 -0.244031 -0.763823 58.5941 0.0690338 -0.0027976
103.22 13.3611 -0.243118 -0.764479 58.6018 0.0690467 -0.00280661
103.23 13.3625 -0.242198 -0.765125 58.6094 0.0690596 -0.00281552
103.24 13.3639 -0.241272 -0.765762 58.6171 0.0690726 -0.00282432
103.25 13.3653 -0.24034 -0.76639 58.6247 0.0690855 -0.002833
103.26 13.3666 -0.239403 -0.767008 58.6324 0.0690984 -0.00284157
103.27 13.368 -0.238459 -0.767616 58.64 0.0691114 -0.00285004
103.28 13.3693 -0.23751 -0.768215 58.6477 0.0691243 -0.00285841
103.29 13.3706 -0.236556 -0.768804 58.6553 0.0691373 -0.00286669
103.3 13.3719 -0.235595 -0.769383 58.663 0.0691503 -0.00287487
103.31 13.3732 -0.234629 -0.769953 58.6706 0.0691632 -0.00288294
103.32 13.3745 -0.233657 -0.770513 58.6783 0.0691762 -0.00289088
103.33 13.3758 -0.23268 -0.771063 58.6859 0.0691892 -0.00289871
103.34 13.377 -0.231696 -0.771603 58.6936 0.0692022 -0.00290643
103.35 13.3783 -0.230707 -0.772134 58.7012 0.0692151 -0.00291405
103.36 13.3795 -0.229713 -0.772655 58.7089 0.0692281 -0.00292157
103.37 13.3807 -0.228712 -0.773166 58.7165 0.0692411 -0.002929
103.38 13.3819 -0.227707 -0.773667 58.7242 0.0692541 -0.00293632
103.39 13.3831 -0.226695 -0.774158 58.7318 0.069267 -0.00294353
103.4 13.3843 -0.225678 -0.774639 58.7395 0.0692799 -0.00295062
103.41 13.3855 -0.224654 -0.77511 58.7471 0.0692928 -0.00295758
103.42 13.3866 -0.223626 -0.775571 58.7548 0.0693058 -0.00296441
103.43 13.3878 -0.222591 -0.776022 58.7624 0.0693187 -0.00297114
103.44 13.3889 -0.221551 -0.776464 58.7701 0.0693317 -0.00297777
103.45 13.39 -0.220506 -0.776895 58.7777 0.0693446 -0.0029843
103.46 13.3911 -0.219455 -0.777316 58.7854 0.0693575 -0.00299072
103.47 13.3922 -0.218399 -0.777727 58.793 0.0693704 -0.00299702
103.48 13.3933 -0.217338 -0.778128 58.8007 0.0693833 -0.0030032
103.49 13.3944 -0.216272 -0.778519 58.8083 0.0693962 -0.00300925
103.5 13.3954 -0.215202 -0.778899 58.816 0.0694091 -0.00301519
103.51 13.3964 -0.214126 -0.77927 58.8236 0.069422 -0.00302102
103.52 13.3975 -0.213046 -0.77963 58.8313 0.0694348 -0.00302674
103.53 13.3985 -0.211962 -0.77998 58.8389 0.0694476 -0.00303236
103.54 13.3995 -0.210873 -0.780319 58.8466 0.0694604 -0.00303786
103.55 13.4004 -0.20978 -0.780648 58.8542 0.0694732 -0.00304324
103.56 13.4014 -0.208683 -0.780967 58.8619 0.069486 -0.00304849
103.57 13.4023 -0.207583 -0.781276 58.8695 0.0694988 -0.00305362
103.58 13.4033 -0.206478 -0.781574 58.8772 0.0695116 -0.00305863
103.59 13.4042 -0.20537 -0.781861 58.8848 0.0695243 -0.00306353
103.6 13.4051 -0.204259 -0.782139 58.8925 0.069537 -0.00306833
103.61 13.406 -0.203144 -0.782405 58.9001 0.0695497 -0.00307301
103.62 13.4069 -0.202026 -0.782661 58.9078 0.0695624 -0.00307757
103.63 13.4078 -0.200905 -0.782907 58.9154 0.0695751 -0.00308201
103.64 13.4086 -0.199781 -0.783141 58.9231 0.0695877 -0.00308632
103.65 13.4095 -0.198654 -0.783366 58.9307 0.0696004 -0.00309051
103.66 13.4103 -0.197524 -0.783579 58.9384 0.069613 -0.00309457
103.67 13.4111 -0.196391 -0.783782 58.946 0.0696256 -0.00309853
103.68 13.4119 -0.195255 -0.783975 58.9537 0.0696382 -0.00310237
103.69 13.4127 -0.194116 -0.784156 58.9613 0.0696508 -0.00310609
103.7 13.4135 -0.192975 -0.784327 58.969 0.0696633 -0.0031097
103.71 13.4142 -0.191831 -0.784487 58.9766 0.0696758 -0.00311318
103.72 13.415 -0.190684 -0.784637 58.9843 0.0696883 -0.00311652
103.73 13.4157 -0.189534 -0.784776 58.9919 0.0697008 -0.00311973
103.74 13.4164 -0.188382 -0.784904 58.9996 0.0697133 -0.00312282
103.75 13.4171 -0.187227 -0.785021 59.0072 0.0697257 -0.0031258
103.76 13.4178 -0.18607 -0.785128 59.0149 0.0697381 -0.00312867
103.77 13.4185 -0.18491 -0.785223 59.0225 0.0697505 -0.00313141
103.78 13.4192 -0.183748 -0.785308 59.0302 0.0697629 -0.00313403
103.79 13.4198 -0.182583 -0.785383 59.0378 0.0697753 -0.00313651
103.8 13.4204 -0.181416 -0.785446 59.0455 0.0697876 -0.00313886
103.81 13.4211 -0.180246 -0.785499 59.0531 0.0697999 -0.00314107
103.82 13.4217 -0.179075 -0.785541 59.0608 0.0698122 -0.00314317
103.83 13.4223 -0.177901 -0.785572 59.0684 0.0698244 -0.00314515
103.84 13.4228 -0.176726 -0.785592 59.0761 0.0698366 -0.00314702
103.85 13.4234 -0.175548 -0.785601 59.0838 0.0698488 -0.00314876
103.86 13.424 -0.174369 -0.7856 59.0914 0.069861 -0.00315036
103.87 13.4245 -0.173188 -0.785587 59.0991 0.0698731 -0.00315183
103.88 13.425 -0.172006 -0.785564 59.1067 0.0698853 -0.00315316
103.89 13.4255 -0.170822 -0.78553 59.1144 0.0698973 -0.00315436
103.9 13.426 -0.169637 -0.785485 59.122 0.0699094 -0.00315542
103.91 13.4265 -0.168451 -0.785429 59.1297 0.0699214 -0.00315631
103.92 13.427 -0.167265 -0.785362 59.1373 0.0699334 -0.00315708
103.93 13.4274 -0.166077 -0.785284 59.145 0.0699453 -0.00315779
103.94 13.4279 -0.16489 -0.785196 59.1526 0.0699573 -0.0031584
103.95 13.4283 -0.163701 -0.785096 59.1603 0.0699692 -0.00315887
103.96 13.4287 -0.162513 -0.784986 59.1679 0.0699811 -0.00315915
103.97 13.4291 -0.161324 -0.784864 59.1756 0.0699929 -0.00315927
103.98 13.4295 -0.160135 -0.784732 59.1832 0.0700047 -0.00315928
103.99 13.4299 -0.158947 -0.784588 59.1909 0.0700165 -0.0031592
104 13.4302 -0.157759 -0.784434 59.1985 0.0700282 -0.00315899
104.01 13.4306 -0.156571 -0.784268 59.2062 0.07004 -0.00315864
104.02 13.4309 -0.155383 -0.784092 59.2138 0.0700516 -0.00315813
104.03 13.4312 -0.154197 -0.783905 59.2215 0.0700633 -0.00315748
104.04 13.4315 -0.15301 -0.783706 59.2291 0.0700749 -0.0031567
104.05 13.4318 -0.151825 -0.783497 59.2368 0.0700865 -0.00315581
104.06 13.4321 -0.150641 -0.783277 59.2444 0.0700981 -0.0031548
104.07 13.4324 -0.149457 -0.783046 59.2521 0.0701096 -0.00315364
104.08 13.4326 -0.148275 -0.782804 59.2597 0.0701211 -0.00315233
104.09 13.4329 -0.147093 -0.782551 59.2674 0.0701325 -0.00315089
104.1 13.4331 -0.145912 -0.782287 59.275 0.0701439 -0.00314932
104.11 13.4333 -0.144733 -0.782012 59.2827 0.0701553 -0.00314762
104.12 13.4335 -0.143555 -0.781727 59.2903 0.0701667 -0.0031458
104.13 13.4337 -0.142377 -0.78143 59.298 0.070178 -0.00314383
104.14 13.4339 -0.141202 -0.781123 59.3056 0.0701893 -0.00314173
104.15 13.434 -0.140027 -0.780805 59.3133 0.0702005 -0.00313949
104.16 13.4342 -0.138853 -0.780476 59.3209 0.0702117 -0.00313713
104.17 13.4343 -0.137682 -0.780136 59.3286 0.0702229 -0.00313463
104.18 13.4344 -0.136511 -0.779785 59.3362 0.0702341 -0.003132
104.19 13.4346 -0.135342 -0.779424 59.3439 0.0702452 -0.00312923
104.2 13.4346 -0.134175 -0.779051 59.3515 0.0702562 -0.00312633
104.21 13.4347 -0.133009 -0.778668 59.3592 0.0702673 -0.0031233
104.22 13.4348 -0.131845 -0.778274 59.3668 0.0702783 -0.00312014
104.23 13.4349 -0.130684 -0.77787 59.3745 0.0702892 -0.00311686
104.24 13.4349 -0.129524 -0.777454 59.3821 0.0703002 -0.00311343
104.25 13.4349 -0.128366 -0.777028 59.3898 0.0703111 -0.00310988
104.26 13.435 -0.127211 -0.776591 59.3975 0.0703219 -0.00310619
104.27 13.435 -0.126059 -0.776143 59.4051 0.0703328 -0.00310237
104.28 13.435 -0.124909 -0.775685 59.4128 0.0703436 -0.00309842
104.29 13.4349 -0.123761 -0.775215 59.4204 0.0703543 -0.00309435
104.3 13.4349 -0.122617 -0.774735 59.4281 0.0703651 -0.00309014
104.31 13.4349 -0.121476 -0.774245 59.4357 0.0703757 -0.00308581
104.32 13.4348 -0.120338 -0.773743 59.4434 0.0703864 -0.00308135
104.33 13.4348 -0.119204 -0.773231 59.451 0.070397 -0.00307675
104.34 13.4347 -0.118073 -0.772708 59.4587 0.0704076 -0.00307203
104.35 13.4346 -0.116946 -0.772175 59.4663 0.0704182 -0.00306717
104.36 13.4345 -0.115823 -0.771631 59.474 0.0704287 -0.0030622
104.37 13.4344 -0.114704 -0.771076 59.4816 0.0704392 -0.00305709
104.38 13.4342 -0.113589 -0.77051 59.4893 0.0704496 -0.00305186
104.39 13.4341 -0.112479 -0.769934 59.4969 0.07046 -0.00304651
104.4 13.434 -0.111372 -0.769348 59.5046 0.0704704 -0.00304102
104.41 13.4338 -0.11027 -0.76875 59.5122 0.0704807 -0.00303541
104.42 13.4336 -0.109173 -0.768143 59.5199 0.070491 -0.00302967
104.43 13.4334 -0.10808 -0.767524 59.5275 0.0705013 -0.00302381
104.44 13.4332 -0.106993 -0.766895 59.5352 0.0705115 -0.00301782
104.45 13.433 -0.105909 -0.766256 59.5428 0.0705217 -0.00301171
104.46 13.4328 -0.104831 -0.765606 59.5505 0.0705318 -0.00300548
104.47 13.4326 -0.103758 -0.764946 59.5581 0.070542 -0.00299913
104.48 13.4324 -0.102689 -0.764275 59.5658 0.070552 -0.00299265
104.49 13.4321 -0.101626 -0.763594 59.5734 0.0705621 -0.00298605
104.5 13.4318 -0.100567 -0.762903 59.5811 0.0705721 -0.00297932
104.51 13.4316 -0.0995139 -0.762202 59.5887 0.070582 -0.00297248
104.52 13.4313 -0.0984656 -0.76149 59.5964 0.070592 -0.00296553
104.53 13.431 -0.0974226 -0.760768 59.6041 0.0706018 -0.00295845
104.54 13.4307 -0.0963847 -0.760036 59.6117 0.0706117 -0.00295126
104.55 13.4304 -0.0953521 -0.759293 59.6194 0.0706215 -0.00294395
104.56 13.43 -0.0943249 -0.758541 59.627 0.0706313 -0.00293651
104.57 13.4297 -0.0933031 -0.757778 59.6347 0.070641 -0.00292897
104.58 13.4293 -0.0922867 -0.757005 59.6423 0.0706507 -0.00292131
104.59 13.429 -0.091276 -0.756223 59.65 0.0706603 -0.00291354
104.6 13.4286 -0.0902709 -0.75543 59.6576 0.0706699 -0.00290566
104.61 13.4282 -0.0892716 -0.754627 59.6653 0.0706795 -0.00289766
104.62 13.4278 -0.0882781 -0.753815 59.6729 0.070689 -0.00288955
104.63 13.4274 -0.0872907 -0.752992 59.6806 0.0706985 -0.00288133
104.64 13.427 -0.0863094 -0.75216 59.6882 0.0707079 -0.002873
104.65 13.4266 -0.0853343 -0.751318 59.6959 0.0707174 -0.00286456
104.66 13.4262 -0.0843656 -0.750466 59.7035 0.0707267 -0.00285602
104.67 13.4257 -0.0834035 -0.749604 59.7112 0.0707361 -0.00284737
104.68 13.4253 -0.082448 -0.748732 59.7188 0.0707453 -0.00283861
104.69 13.4248 -0.0814994 -0.747851 59.7265 0.0707546 -0.00282975
104.7 13.4243 -0.0805577 -0.74696 59.7341 0.0707638 -0.00282078
104.71 13.4239 -0.0796231 -0.746059 59.7418 0.070773 -0.00281171
104.72 13.4234 -0.0786957 -0.745149 59.7495 0.0707821 -0.00280253
104.73 13.4229 -0.0777758 -0.744229 59.7571 0.0707912 -0.00279326
104.74 13.4224 -0.0768633 -0.743299 59.7648 0.0708002 -0.00278388
104.75 13.4219 -0.0759585 -0.74236 59.7724 0.0708093 -0.0027744
104.76 13.4213 -0.0750614 -0.741411 59.7801 0.0708182 -0.00276483
104.77 13.4208 -0.0741722 -0.740453 59.7877 0.0708272 -0.00275515
104.78 13.4202 -0.0732909 -0.739486 59.7954 0.070836 -0.00274538
104.79 13.4197 -0.0724177 -0.738509 59.803 0.0708449 -0.00273551
104.8 13.4191 -0.0715526 -0.737522 59.8107 0.0708537 -0.00272555
104.81 13.4186 -0.0706955 -0.736526 59.8183 0.0708624 -0.00271551
104.82 13.418 -0.0698466 -0.735521 59.826 0.070871 -0.00270538
104.83 13.4174 -0.0690057 -0.734507 59.8336 0.0708797 -0.00269513
104.84 13.4168 -0.0681728 -0.733483 59.8413 0.0708883 -0.00268477
104.85 13.4162 -0.067348 -0.73245 59.8489 0.0708969 -0.00267428
104.86 13.4156 -0.0665314 -0.731409 59.8566 0.0709054 -0.00266371
104.87 13.415 -0.0657233 -0.730358 59.8642 0.0709139 -0.00265311
104.88 13.4144 -0.0649236 -0.729299 59.8719 0.0709224 -0.00264247
104.89 13.4137 -0.0641322 -0.72823 59.8796 0.0709308 -0.00263172
104.9 13.4131 -0.063349 -0.727153 59.8872 0.0709392 -0.00262086
104.91 13.4124 -0.0625741 -0.726066 59.8949 0.0709475 -0.0026099
104.92 13.4118 -0.0618076 -0.724971 59.9025 0.0709557 -0.00259886
104.93 13.4111 -0.0610497 -0.723867 59.9102 0.0709639 -0.00258775
104.94 13.4104 -0.0603002 -0.722755 59.9178 0.0709721 -0.00257657
104.95 13.4097 -0.0595593 -0.721634 59.9255 0.0709803 -0.0025653
104.96 13.4091 -0.0588269 -0.720504 59.9331 0.0709883 -0.00255395
104.97 13.4084 -0.0581031 -0.719366 59.9408 0.0709964 -0.00254252
104.98 13.4077 -0.0573882 -0.718219 59.9484 0.0710044 -0.00253104
104.99 13.407 -0.0566821 -0.717064 59.9561 0.0710123 -0.00251948
105 13.4062 -0.0559848 -0.7159 59.9637 0.0710202 -0.00250785
105.01 13.4055 -0.0552964 -0.714728 59.9714 0.0710281 -0.00249613
105.02 13.4048 -0.054617 -0.713548 59.9791 0.0710359 -0.00248432
105.03 13.4041 -0.0539468 -0.712359 59.9867 0.0710437 -0.00247246
105.04 13.4033 -0.0532859 -0.711163 59.9944 0.0710515 -0.00246054
105.05 13.4026 -0.0526345 -0.709958 60.002 0.0710592 -0.00244856
105.06 13.4018 -0.0519925 -0.708745 60.0097 0.0710668 -0.00243652
105.07 13.4011 -0.0513601 -0.707524 60.0173 0.0710744 -0.00242438
105.08 13.4003 -0.0507372 -0.706295 60.025 0.071082 -0.00241213
105.09 13.3995 -0.0501243 -0.705058 60.0326 0.0710895 -0.00239982
105.1 13.3988 -0.0495216 -0.703814 60.0403 0.071097 -0.0023875
105.11 13.398 -0.0489294 -0.702561 60.0479 0.0711045 -0.00237518
105.12 13.3972 -0.0483474 -0.701301 60.0556 0.0711119 -0.00236279
105.13 13.3964 -0.0477755 -0.700033 60.0632 0.0711193 -0.0023503
105.14 13.3956 -0.0472139 -0.698757 60.0709 0.0711266 -0.00233771
105.15 13.3948 -0.046663 -0.697474 60.0786 0.0711339 -0.00232507
105.16 13.394 -0.0461228 -0.696183 60.0862 0.0711412 -0.00231241
105.17 13.3932 -0.0455933 -0.694885 60.0939 0.0711484 -0.00229972
105.18 13.3923 -0.0450746 -0.69358 60.1015 0.0711556 -0.00228695
105.19 13.3915 -0.0445666 -0.692267 60.1092 0.0711627 -0.00227412
105.2 13.3907 -0.0440694 -0.690947 60.1168 0.0711699 -0.00226123
105.21 13.3898 -0.0435832 -0.689619 60.1245 0.0711769 -0.00224829
105.22 13.389 -0.043108 -0.688285 60.1321 0.071184 -0.00223533
105.23 13.3882 -0.0426438 -0.686943 60.1398 0.0711909 -0.00222232
105.24 13.3873 -0.0421905 -0.685595 60.1474 0.0711979 -0.00220925
105.25 13.3865 -0.0417481 -0.684239 60.1551 0.0712048 -0.00219613
105.26 13.3856 -0.0413167 -0.682877 60.1627 0.0712117 -0.00218296
105.27 13.3847 -0.0408964 -0.681508 60.1704 0.0712186 -0.00216977
105.28 13.3839 -0.0404871 -0.680132 60.1781 0.0712254 -0.00215654
105.29 13.383 -0.0400888 -0.67875 60.1857 0.0712322 -0.00214327
105.3 13.3821 -0.0397014 -0.677361 60.1934 0.0712389 -0.00212995
105.31 13.3813 -0.0393251 -0.675966 60.201 0.0712456 -0.0021166
105.32 13.3804 -0.0389597 -0.674564 60.2087 0.0712523 -0.00210321
105.33 13.3795 -0.0386054 -0.673156 60.2163 0.0712589 -0.00208979
105.34 13.3786 -0.0382622 -0.671741 60.224 0.0712655 -0.00207634
105.35 13.3777 -0.0379299 -0.670321 60.2316 0.0712721 -0.00206286
105.36 13.3768 -0.0376088 -0.668894 60.2393 0.0712786 -0.00204935
105.37 13.3759 -0.0372987 -0.667461 60.2469 0.0712851 -0.00203581
105.38 13.375 -0.0369997 -0.666022 60.2546 0.0712916 -0.00202224
105.39 13.3741 -0.0367119 -0.664577 60.2623 0.071298 -0.00200864
105.4 13.3732 -0.0364354 -0.663127 60.2699 0.0713044 -0.00199502
105.41 13.3723 -0.0361701 -0.66167 60.2776 0.0713108 -0.00198138
105.42 13.3714 -0.0359162 -0.660208 60.2852 0.0713172 -0.00196771
105.43 13.3705 -0.0356737 -0.658739 60.2929 0.0713235 -0.00195401
105.44 13.3696 -0.0354427 -0.657266 60.3005 0.0713297 -0.0019403
105.45 13.3687 -0.0352232 -0.655786 60.3082 0.071336 -0.00192657
105.46 13.3678 -0.0350153 -0.654301 60.3158 0.0713422 -0.00191282
105.47 13.3668 -0.0348192 -0.652811 60.3235 0.0713483 -0.00189906
105.48 13.3659 -0.0346348 -0.651315 60.3312 0.0713545 -0.00188527
105.49 13.365 -0.0344623 -0.649813 60.3388 0.0713606 -0.00187147
105.5 13.3641 -0.0343017 -0.648307 60.3465 0.0713667 -0.00185766
105.51 13.3631 -0.0341532 -0.646795 60.3541 0.0713727 -0.00184383
105.52 13.3622 -0.0340166 -0.645278 60.3618 0.0713787 -0.00182999
105.53 13.3613 -0.0338922 -0.643755 60.3694 0.0713847 -0.00181614
105.54 13.3604 -0.0337799 -0.642228 60.3771 0.0713906 -0.00180227
105.55 13.3594 -0.0336799 -0.640696 60.3847 0.0713965 -0.0017884
105.56 13.3585 -0.0335921 -0.639158 60.3924 0.0714024 -0.00177452
105.57 13.3576 -0.0335165 -0.637616 60.4 0.0714083 -0.00176064
105.58 13.3566 -0.0334532 -0.636069 60.4077 0.0714141 -0.00174674
105.59 13.3557 -0.0334022 -0.634518 60.4154 0.0714199 -0.00173284
105.6 13.3547 -0.0333635 -0.632962 60.423 0.0714256 -0.00171893
105.61 13.3538 -0.033337 -0.631402 60.4307 0.0714314 -0.00170502
105.62 13.3529 -0.0333228 -0.629837 60.4383 0.0714371 -0.00169111
105.63 13.3519 -0.0333209 -0.628268 60.446 0.0714427 -0.0016772
105.64 13.351 -0.0333311 -0.626694 60.4536 0.0714484 -0.00166329
105.65 13.3501 -0.0333535 -0.625117 60.4613 0.071454 -0.00164938
105.66 13.3491 -0.0333879 -0.623536 60.4689 0.0714596 -0.00163546
105.67 13.3482 -0.0334345 -0.621951 60.4766 0.0714651 -0.00162155
105.68 13.3472 -0.033493 -0.620362 60.4843 0.0714706 -0.00160764
105.69 13.3463 -0.0335636 -0.618769 60.4919 0.0714761 -0.00159374
105.7 13.3454 -0.0336461 -0.617172 60.4996 0.0714815 -0.00157984
105.71 13.3444 -0.0337405 -0.615572 60.5072 0.071487 -0.00156595
105.72 13.3435 -0.0338467 -0.613969 60.5149 0.0714924 -0.00155206
105.73 13.3426 -0.0339648 -0.612362 60.5225 0.0714978 -0.00153817
105.74 13.3416 -0.0340948 -0.610753 60.5302 0.0715032 -0.00152428
105.75 13.3407 -0.0342367 -0.60914 60.5378 0.0715086 -0.0015104
105.76 13.3397 -0.0343907 -0.607523 60.5455 0.0715139 -0.00149654
105.77 13.3388 -0.0345566 -0.605904 60.5532 0.0715192 -0.0014827
105.78 13.3379 -0.0347344 -0.604281 60.5608 0.0715244 -0.00146887
105.79 13.3369 -0.034924 -0.602656 60.5685 0.0715296 -0.00145503
105.8 13.336 -0.0351255 -0.601028 60.5761 0.0715348 -0.00144119
105.81 13.3351 -0.0353389 -0.599397 60.5838 0.07154 -0.00142736
105.82 13.3342 -0.0355642 -0.597763 60.5914 0.0715451 -0.00141355
105.83 13.3332 -0.0358016 -0.596127 60.5991 0.0715502 -0.00139976
105.84 13.3323 -0.036051 -0.594488 60.6067 0.0715554 -0.00138597
105.85 13.3314 -0.0363123 -0.592847 60.6144 0.0715605 -0.0013722
105.86 13.3305 -0.0365856 -0.591203 60.6221 0.0715655 -0.00135843
105.87 13.3295 -0.0368709 -0.589557 60.6297 0.0715706 -0.00134466
105.88 13.3286 -0.0371684 -0.587909 60.6374 0.0715756 -0.00133092
105.89 13.3277 -0.0374779 -0.586259 60.645 0.0715806 -0.00131718
105.9 13.3268 -0.0377995 -0.584606 60.6527 0.0715856 -0.00130346
105.91 13.3259 -0.0381333 -0.582951 60.6603 0.0715905 -0.00128975
105.92 13.325 -0.0384791 -0.581295 60.668 0.0715955 -0.00127605
105.93 13.3241 -0.0388371 -0.579636 60.6757 0.0716004 -0.00126237
105.94 13.3232 -0.0392073 -0.577976 60.6833 0.0716053 -0.0012487
105.95 13.3223 -0.0395894 -0.576314 60.691 0.0716101 -0.00123504
105.96 13.3214 -0.0399836 -0.57465 60.6986 0.071615 -0.00122138
105.97 13.3205 -0.0403899 -0.572984 60.7063 0.0716198 -0.00120774
105.98 13.3196 -0.0408081 -0.571317 60.7139 0.0716246 -0.00119411
105.99 13.3187 -0.0412381 -0.569649 60.7216 0.0716294 -0.00118048
106 13.3178 -0.0416799 -0.567979 60.7293 0.0716341 -0.00116681
106.01 13.3169 -0.0421336 -0.566308 60.7369 0.0716389 -0.00115316
106.02 13.316 -0.0425993 -0.564635 60.7446 0.0716436 -0.00113958
106.03 13.3151 -0.0430769 -0.562962 60.7522 0.0716483 -0.00112607
106.04 13.3142 -0.043566 -0.561287 60.7599 0.0716529 -0.00111254
106.05 13.3133 -0.0440664 -0.559612 60.7675 0.0716576 -0.00109899
106.06 13.3125 -0.0445781 -0.557935 60.7752 0.0716622 -0.00108542
106.07 13.3116 -0.0451011 -0.556258 60.7828 0.0716668 -0.00107187
106.08 13.3107 -0.0456355 -0.55458 60.7905 0.0716713 -0.00105837
106.09 13.3098 -0.046181 -0.552902 60.7982 0.0716759 -0.00104489
106.1 13.309 -0.0467374 -0.551223 60.8058 0.0716804 -0.0010314
106.11 13.3081 -0.0473046 -0.549543 60.8135 0.0716849 -0.0010179
106.12 13.3072 -0.0478826 -0.547864 60.8211 0.0716893 -0.00100441
106.13 13.3064 -0.0484714 -0.546184 60.8288 0.0716937 -0.00099094
106.14 13.3055 -0.049071 -0.544504 60.8364 0.0716981 -0.000977504
106.15 13.3047 -0.0496812 -0.542825 60.8441 0.0717025 -0.000964079
106.16 13.3038 -0.0503018 -0.541145 60.8518 0.0717069 -0.000950654
106.17 13.303 -0.0509329 -0.539465 60.8594 0.0717112 -0.000937221
106.18 13.3021 -0.0515744 -0.537786 60.8671 0.0717154 -0.000923797
106.19 13.3013 -0.0522264 -0.536107 60.8747 0.0717197 -0.000910394
106.2 13.3004 -0.0528888 -0.534429 60.8824 0.0717239 -0.000897014
106.21 13.2996 -0.0535617 -0.532751 60.89 0.0717281 -0.000883652
106.22 13.2987 -0.0542448 -0.531073 60.8977 0.0717322 -0.000870295
106.23 13.2979 -0.0549383 -0.529397 60.9054 0.0717363 -0.000856942
106.24 13.2971 -0.055642 -0.527721 60.913 0.0717404 -0.000843594
106.25 13.2962 -0.0563561 -0.526045 60.9207 0.0717445 -0.000830259
106.26 13.2954 -0.0570805 -0.524371 60.9283 0.0717485 -0.000816937
106.27 13.2946 -0.0578151 -0.522698 60.936 0.0717524 -0.000803631
106.28 13.2938 -0.0585601 -0.521025 60.9437 0.0717564 -0.000790339
106.29 13.293 -0.0593153 -0.519354 60.9513 0.0717603 -0.000777061
106.3 13.2922 -0.0600807 -0.517684 60.959 0.0717641 -0.000763796
106.31 13.2913 -0.0608562 -0.516016 60.9666 0.0717679 -0.00075054
106.32 13.2905 -0.0616418 -0.514348 60.9743 0.0717717 -0.000737292
106.33 13.2897 -0.0624375 -0.512682 60.9819 0.0717754 -0.000724054
106.34 13.2889 -0.0632432 -0.511018 60.9896 0.0717791 -0.000710827
106.35 13.2881 -0.0640588 -0.509355 60.9973 0.0717828 -0.000697618
106.36 13.2873 -0.0648843 -0.507694 61.0049 0.0717864 -0.000684428
106.37 13.2865 -0.0657195 -0.506034 61.0126 0.0717899 -0.000671256
106.38 13.2858 -0.0665643 -0.504377 61.0202 0.0717935 -0.000658096
106.39 13.285 -0.0674186 -0.502721 61.0279 0.071797 -0.000644943
106.4 13.2842 -0.0682823 -0.501067 61.0355 0.0718004 -0.0006318
106.41 13.2834 -0.0691552 -0.499416 61.0432 0.0718038 -0.000618667
106.42 13.2826 -0.0700372 -0.497766 61.0509 0.0718071 -0.000605554
106.43 13.2818 -0.0709283 -0.496119 61.0585 0.0718104 -0.000592461
106.44 13.2811 -0.0718282 -0.494474 61.0662 0.0718137 -0.00057939
106.45 13.2803 -0.0727368 -0.492831 61.0738 0.0718169 -0.000566335
106.46 13.2795 -0.0736539 -0.491191 61.0815 0.07182 -0.000553293
106.47 13.2788 -0.0745794 -0.489553 61.0892 0.0718231 -0.000540262
106.48 13.278 -0.0755132 -0.487918 61.0968 0.0718262 -0.000527242
106.49 13.2773 -0.0764551 -0.486286 61.1045 0.0718292 -0.00051424
106.5 13.2765 -0.077405 -0.484656 61.1121 0.0718321 -0.000501259
106.51 13.2757 -0.0783628 -0.483029 61.1198 0.071835 -0.000488303
106.52 13.275 -0.0793284 -0.481405 61.1274 0.0718378 -0.00047537
106.53 13.2742 -0.0803017 -0.479783 61.1351 0.0718406 -0.000462455
106.54 13.2735 -0.0812825 -0.478165 61.1428 0.0718434 -0.000449556
106.55 13.2728 -0.0822707 -0.47655 61.1504 0.071846 -0.00043667
106.56 13.272 -0.0832663 -0.474938 61.1581 0.0718487 -0.000423801
106.57 13.2713 -0.0842693 -0.473329 61.1657 0.0718512 -0.000410953
106.58 13.2705 -0.0852795 -0.471724 61.1734 0.0718537 -0.000398133
106.59 13.2698 -0.086297 -0.470122 61.1811 0.0718562 -0.000385341
106.6 13.2691 -0.0873217 -0.468523 61.1887 0.0718586 -0.000372574
106.61 13.2684 -0.0883535 -0.466929 61.1964 0.0718609 -0.00035983
106.62 13.2676 -0.0893923 -0.465338 61.204 0.0718632 -0.000347097
106.63 13.2669 -0.0904382 -0.463751 61.2117 0.0718654 -0.000334376
106.64 13.2662 -0.0914913 -0.462167 61.2194 0.0718676 -0.000321678
106.65 13.2655 -0.0925516 -0.460588 61.227 0.0718698 -0.000309025
106.66 13.2648 -0.093619 -0.459012 61.2347 0.0718718 -0.000296413
106.67 13.264 -0.0946933 -0.457441 61.2423 0.0718737 -0.000283827
106.68 13.2633 -0.0957746 -0.455874 61.25 0.0718756 -0.000271254
106.69 13.2626 -0.0968627 -0.454311 61.2576 0.0718775 -0.000258697
106.7 13.2619 -0.0979576 -0.452752 61.2653 0.0718792 -0.00024617
106.71 13.2612 -0.0990592 -0.451198 61.273 0.0718809 -0.000233682
106.72 13.2605 -0.100168 -0.449649 61.2806 0.0718826 -0.000221233
106.73 13.2598 -0.101282 -0.448104 61.2883 0.0718841 -0.000208814
106.74 13.2591 -0.102404 -0.446563 61.2959 0.0718856 -0.000196421
106.75 13.2584 -0.103531 -0.445028 61.3036 0.0718871 -0.000184056
106.76 13.2577 -0.104665 -0.443497 61.3113 0.0718884 -0.000171724
106.77 13.2571 -0.105804 -0.441971 61.3189 0.0718897 -0.000159432
106.78 13.2564 -0.10695 -0.44045 61.3266 0.071891 -0.000147176
106.79 13.2557 -0.108101 -0.438934 61.3342 0.0718921 -0.000134957
106.8 13.255 -0.109258 -0.437423 61.3419 0.0718932 -0.000122774
106.81 13.2543 -0.11042 -0.435918 61.3496 0.0718942 -0.000110629
106.82 13.2536 -0.111587 -0.434418 61.3572 0.0718951 -9.85256e-05
106.83 13.253 -0.11276 -0.432923 61.3649 0.071896 -8.64625e-05
106.84 13.2523 -0.113937 -0.431434 61.3725 0.0718968 -7.44394e-05
106.85 13.2516 -0.115119 -0.42995 61.3802 0.0718975 -6.24562e-05
106.86 13.2509 -0.116305 -0.428472 61.3879 0.0718981 -5.05157e-05
106.87 13.2503 -0.117496 -0.426999 61.3955 0.0718986 -3.86212e-05
106.88 13.2496 -0.118692 -0.425532 61.4032 0.0718991 -2.67746e-05
106.89 13.2489 -0.119891 -0.424071 61.4108 0.0718995 -1.49758e-05
106.9 13.2483 -0.121094 -0.422616 61.4185 0.0718998 -3.22224e-06
106.91 13.2476 -0.122301 -0.421166 61.4262 0.0719 8.4849e-06
106.92 13.2469 -0.123512 -0.419723 61.4338 0.0719001 2.0146e-05
106.93 13.2463 -0.124727 -0.418285 61.4415 0.0719002 3.17573e-05
106.94 13.2456 -0.125945 -0.416854 61.4491 0.0719001 4.33141e-05
106.95 13.2449 -0.127166 -0.415429 61.4568 0.0719 5.48166e-05
106.96 13.2443 -0.128391 -0.41401 61.4645 0.0718998 6.62637e-05
106.97 13.2436 -0.129619 -0.412597 61.4721 0.0718994 7.76571e-05
106.98 13.243 -0.13085 -0.411191 61.4798 0.071899 8.89967e-05
106.99 13.2423 -0.132084 -0.409791 61.4874 0.0718985 0.000100281
107 13.2417 -0.133322 -0.408397 61.4951 0.071898 0.000111508
107.01 13.241 -0.134562 -0.40701 61.5028 0.0718973 0.000122676
107.02 13.2403 -0.135805 -0.405629 61.5104 0.0718965 0.000133782
107.03 13.2397 -0.137051 -0.404255 61.5181 0.0718956 0.000144825
107.04 13.239 -0.1383 -0.402887 61.5257 0.0718947 0.000155805
107.05 13.2384 -0.139552 -0.401526 61.5334 0.0718936 0.000166721
107.06 13.2377 -0.140806 -0.400172 61.5411 0.0718925 0.000177573
107.07 13.2371 -0.142063 -0.398825 61.5487 0.0718912 0.000188361
107.08 13.2364 -0.143322 -0.397484 61.5564 0.0718898 0.000199082
107.09 13.2358 -0.144584 -0.396151 61.5641 0.0718884 0.000209735
107.1 13.2351 -0.145848 -0.394824 61.5717 0.0718868 0.000220317
107.11 13.2345 -0.147114 -0.393505 61.5794 0.0718851 0.000230825
107.12 13.2338 -0.148382 -0.392193 61.587 0.0718834 0.000241261
107.13 13.2332 -0.149652 -0.390888 61.5947 0.0718815 0.000251623
107.14 13.2325 -0.150924 -0.38959 61.6024 0.0718795 0.000261912
107.15 13.2319 -0.152198 -0.3883 61.61 0.0718774 0.000272129
107.16 13.2313 -0.153473 -0.387017 61.6177 0.0718752 0.00028227
107.17 13.2306 -0.154749 -0.385742 61.6253 0.0718729 0.000292332
107.18 13.23 -0.156027 -0.384475 61.633 0.0718705 0.000302311
107.19 13.2293 -0.157305 -0.383215 61.6407 0.071868 0.00031221
107.2 13.2287 -0.158584 -0.381963 61.6483 0.0718653 0.000322027
107.21 13.228 -0.159864 -0.380719 61.656 0.0718626 0.000331764
107.22 13.2274 -0.161144 -0.379483 61.6636 0.0718597 0.000341419
107.23 13.2267 -0.162425 -0.378254 61.6713 0.0718567 0.000350991
107.24 13.2261 -0.163706 -0.377034 61.679 0.0718536 0.000360478
107.25 13.2254 -0.164986 -0.375822 61.6866 0.0718504 0.000369876
107.26 13.2248 -0.166267 -0.374618 61.6943 0.0718471 0.000379187
107.27 13.2241 -0.167547 -0.373422 61.702 0.0718436 0.000388406
107.28 13.2235 -0.168826 -0.372235 61.7096 0.0718401 0.000397538
107.29 13.2228 -0.170105 -0.371056 61.7173 0.0718364 0.000406579
107.3 13.2222 -0.171384 -0.369885 61.7249 0.0718326 0.000415532
107.31 13.2215 -0.172661 -0.368723 61.7326 0.0718287 0.000424393
107.32 13.2209 -0.173937 -0.367569 61.7403 0.0718246 0.000433162
107.33 13.2202 -0.175213 -0.366424 61.7479 0.0718204 0.000441834
107.34 13.2195 -0.176487 -0.365288 61.7556 0.0718161 0.000450408
107.35 13.2189 -0.17776 -0.36416 61.7633 0.0718117 0.000458886
107.36 13.2182 -0.179031 -0.363041 61.7709 0.0718071 0.000467268
107.37 13.2176 -0.180301 -0.36193 61.7786 0.0718024 0.000475555
107.38 13.2169 -0.18157 -0.360829 61.7862 0.0717976 0.000483745
107.39 13.2163 -0.182837 -0.359736 61.7939 0.0717927 0.000491835
107.4 13.2156 -0.184103 -0.358652 61.8016 0.0717876 0.000499822
107.41 13.2149 -0.185367 -0.357577 61.8092 0.0717824 0.000507706
107.42 13.2143 -0.186629 -0.356511 61.8169 0.0717771 0.00051549
107.43 13.2136 -0.18789 -0.355454 61.8245 0.0717716 0.000523171
107.44 13.213 -0.189149 -0.354406 61.8322 0.071766 0.00053075
107.45 13.2123 -0.190405 -0.353368 61.8399 0.0717603 0.000538227
107.46 13.2116 -0.19166 -0.352338 61.8475 0.0717544 0.000545595
107.47 13.211 -0.192913 -0.351317 61.8552 0.0717485 0.000552858
107.48 13.2103 -0.194163 -0.350306 61.8629 0.0717423 0.000560014
107.49 13.2096 -0.195412 -0.349304 61.8705 0.0717361 0.000567066
107.5 13.2089 -0.196657 -0.348312 61.8782 0.0717297 0.000574016
107.51 13.2083 -0.197901 -0.347329 61.8858 0.0717232 0.000580866
107.52 13.2076 -0.199141 -0.346355 61.8935 0.0717166 0.000587605
107.53 13.2069 -0.20038 -0.345391 61.9012 0.0717098 0.000594221
107.54 13.2062 -0.201615 -0.344436 61.9088 0.0717029 0.000600722
107.55 13.2056 -0.202847 -0.343491 61.9165 0.0716958 0.000607117
107.56 13.2049 -0.204077 -0.342555 61.9242 0.0716886 0.000613417
107.57 13.2042 -0.205303 -0.341629 61.9318 0.0716812 0.00061961
107.58 13.2035 -0.206525 -0.340713 61.9395 0.0716738 0.000625689
107.59 13.2028 -0.207744 -0.339807 61.9472 0.0716661 0.000631642
107.6 13.2022 -0.208959 -0.338911 61.9548 0.0716584 0.00063748
107.61 13.2015 -0.21017 -0.338025 61.9625 0.0716505 0.000643211
107.62 13.2008 -0.211377 -0.337148 61.9701 0.0716425 0.000648842
107.63 13.2001 -0.212579 -0.336282 61.9778 0.0716343 0.000654371
107.64 13.1994 -0.213778 -0.335426 61.9855 0.0716261 0.000659785
107.65 13.1987 -0.214971 -0.33458 61.9931 0.0716176 0.000665082
107.66 13.198 -0.21616 -0.333744 62.0008 0.071609 0.000670257
107.67 13.1973 -0.217344 -0.332919 62.0085 0.0716003 0.00067532
107.68 13.1966 -0.218523 -0.332104 62.0161 0.0715915 0.00068027
107.69 13.1959 -0.219697 -0.331299 62.0238 0.0715825 0.000685102
107.7 13.1952 -0.220866 -0.330505 62.0314 0.0715734 0.000689795
107.71 13.1945 -0.22203 -0.329721 62.0391 0.0715641 0.000694386
107.72 13.1938 -0.223188 -0.328948 62.0468 0.0715547 0.000698903
107.73 13.1931 -0.224341 -0.328185 62.0544 0.0715452 0.000703335
107.74 13.1924 -0.225489 -0.327432 62.0621 0.0715355 0.000707637
107.75 13.1917 -0.226631 -0.326691 62.0698 0.0715256 0.000711788
107.76 13.191 -0.227767 -0.32596 62.0774 0.0715156 0.000715808
107.77 13.1902 -0.228898 -0.325239 62.0851 0.0715055 0.00071973
107.78 13.1895 -0.230024 -0.32453 62.0928 0.0714953 0.000723576
107.79 13.1888 -0.231143 -0.323831 62.1004 0.0714849 0.000727325
107.8 13.1881 -0.232257 -0.323143 62.1081 0.0714743 0.000730953
107.81 13.1874 -0.233365 -0.322466 62.1157 0.0714636 0.00073444
107.82 13.1866 -0.234467 -0.321799 62.1234 0.0714528 0.000737803
107.83 13.1859 -0.235563 -0.321144 62.1311 0.0714418 0.000741059
107.84 13.1852 -0.236653 -0.320499 62.1387 0.0714307 0.000744223
107.85 13.1844 -0.237738 -0.319866 62.1464 0.0714194 0.00074729
107.86 13.1837 -0.238815 -0.319243 62.1541 0.071408 0.000750248
107.87 13.183 -0.239887 -0.318631 62.1617 0.0713964 0.000753093
107.88 13.1822 -0.240953 -0.318031 62.1694 0.0713847 0.000755822
107.89 13.1815 -0.242012 -0.317441 62.1771 0.0713728 0.000758439
107.9 13.1808 -0.243064 -0.316863 62.1847 0.0713608 0.000760945
107.91 13.18 -0.24411 -0.316295 62.1924 0.0713487 0.000763348
107.92 13.1793 -0.245149 -0.315739 62.2001 0.0713364 0.000765646
107.93 13.1785 -0.246181 -0.315194 62.2077 0.0713239 0.000767847
107.94 13.1778 -0.247206 -0.31466 62.2154 0.0713113 0.000769947
107.95 13.177 -0.248224 -0.314138 62.223 0.0712986 0.000771946
107.96 13.1763 -0.249235 -0.313627 62.2307 0.0712857 0.000773836
107.97 13.1755 -0.250239 -0.313127 62.2384 0.0712727 0.000775613
107.98 13.1747 -0.251234 -0.312638 62.246 0.0712595 0.00077728
107.99 13.174 -0.252223 -0.312161 62.2537 0.0712462 0.000778846
108 13.1732 -0.253203 -0.311695 62.2614 0.0712327 0.000780321
108.01 13.1724 -0.254176 -0.311241 62.269 0.0712191 0.000781706
108.02 13.1717 -0.25514 -0.310798 62.2767 0.0712053 0.000782997
108.03 13.1709 -0.256096 -0.310367 62.2844 0.0711914 0.000784183
108.04 13.1701 -0.257044 -0.309947 62.292 0.0711774 0.000785262
108.05 13.1694 -0.257984 -0.309539 62.2997 0.0711632 0.000786234
108.06 13.1686 -0.258915 -0.309142 62.3074 0.0711488 0.00078711
108.07 13.1678 -0.259838 -0.308757 62.315 0.0711343 0.000787895
108.08 13.167 -0.260752 -0.308384 62.3227 0.0711197 0.000788593
108.09 13.1663 -0.261657 -0.308022 62.3304 0.0711049 0.000789203
108.1 13.1655 -0.262553 -0.307672 62.338 0.07109 0.000789719
108.11 13.1647 -0.263441 -0.307333 62.3457 0.0710749 0.000790138
108.12 13.1639 -0.26432 -0.307007 62.3533 0.0710597 0.000790458
108.13 13.1631 -0.26519 -0.306692 62.361 0.0710443 0.000790683
108.14 13.1623 -0.266051 -0.306388 62.3687 0.0710288 0.000790814
108.15 13.1615 -0.266903 -0.306097 62.3763 0.0710131 0.000790861
108.16 13.1607 -0.267746 -0.305817 62.384 0.0709973 0.000790824
108.17 13.1599 -0.26858 -0.305549 62.3917 0.0709814 0.000790708
108.18 13.1591 -0.269405 -0.305292 62.3993 0.0709653 0.000790504
108.19 13.1583 -0.27022 -0.305048 62.407 0.0709491 0.000790207
108.2 13.1575 -0.271027 -0.304815 62.4147 0.0709327 0.000789815
108.21 13.1567 -0.271825 -0.304594 62.4223 0.0709162 0.000789333
108.22 13.1559 -0.272613 -0.304385 62.43 0.0708996 0.000788771
108.23 13.1551 -0.273392 -0.304188 62.4377 0.0708828 0.000788134
108.24 13.1543 -0.274162 -0.304002 62.4453 0.0708659 0.00078742
108.25 13.1535 -0.274922 -0.303828 62.453 0.0708488 0.000786624
108.26 13.1527 -0.275673 -0.303667 62.4607 0.0708316 0.000785745
108.27 13.1519 -0.276415 -0.303517 62.4683 0.0708143 0.000784779
108.28 13.1511 -0.277147 -0.303378 62.476 0.0707968 0.000783729
108.29 13.1502 -0.27787 -0.303252 62.4837 0.0707792 0.000782598
108.3 13.1494 -0.278583 -0.303138 62.4913 0.0707615 0.000781392
108.31 13.1486 -0.279287 -0.303035 62.499 0.0707436 0.000780111
108.32 13.1478 -0.27998 -0.302945 62.5067 0.0707256 0.000778761
108.33 13.147 -0.280664 -0.302866 62.5143 0.0707075 0.000777335
108.34 13.1461 -0.281338 -0.302799 62.522 0.0706892 0.00077583
108.35 13.1453 -0.282001 -0.302745 62.5297 0.0706708 0.000774242
108.36 13.1445 -0.282655 -0.302702 62.5373 0.0706523 0.000772576
108.37 13.1437 -0.283299 -0.302671 62.545 0.0706336 0.000770835
108.38 13.1428 -0.283932 -0.302652 62.5527 0.0706149 0.000769024
108.39 13.142 -0.284555 -0.302645 62.5603 0.070596 0.000767148
108.4 13.1412 -0.285167 -0.30265 62.568 0.0705769 0.0007652
108.41 13.1403 -0.285769 -0.302667 62.5757 0.0705578 0.00076318
108.42 13.1395 -0.28636 -0.302697 62.5833 0.0705385 0.00076108
108.43 13.1387 -0.286941 -0.302738 62.591 0.0705191 0.000758907
108.44 13.1378 -0.287511 -0.302791 62.5986 0.0704995 0.000756658
108.45 13.137 -0.28807 -0.302856 62.6063 0.0704799 0.000754342
108.46 13.1361 -0.288618 -0.302933 62.614 0.0704601 0.000751957
108.47 13.1353 -0.289156 -0.303022 62.6216 0.0704402 0.000749508
108.48 13.1345 -0.289683 -0.303124 62.6293 0.0704202 0.000746989
108.49 13.1336 -0.290199 -0.303237 62.637 0.0704001 0.000744397
108.5 13.1328 -0.290704 -0.303362 62.6446 0.0703799 0.000741732
108.51 13.1319 -0.291198 -0.303499 62.6523 0.0703595 0.000738994
108.52 13.1311 -0.291682 -0.303648 62.66 0.070339 0.000736188
108.53 13.1303 -0.292154 -0.303809 62.6676 0.0703184 0.000733312
108.54 13.1294 -0.292616 -0.303983 62.6753 0.0702977 0.000730371
108.55 13.1286 -0.293067 -0.304168 62.683 0.0702769 0.000727361
108.56 13.1277 -0.293508 -0.304364 62.6907 0.070256 0.000724287
108.57 13.1269 -0.293937 -0.304573 62.6983 0.070235 0.000721141
108.58 13.126 -0.294356 -0.304794 62.706 0.0702139 0.000717926
108.59 13.1252 -0.294764 -0.305026 62.7137 0.0701927 0.000714637
108.6 13.1244 -0.295161 -0.305271 62.7213 0.0701713 0.000711277
108.61 13.1235 -0.295548 -0.305527 62.729 0.0701499 0.000707849
108.62 13.1227 -0.295924 -0.305795 62.7367 0.0701284 0.000704357
108.63 13.1218 -0.296289 -0.306074 62.7443 0.0701068 0.000700802
108.64 13.121 -0.296643 -0.306366 62.752 0.0700851 0.000697177
108.65 13.1201 -0.296987 -0.306669 62.7597 0.0700633 0.000693482
108.66 13.1193 -0.29732 -0.306983 62.7673 0.0700413 0.000689711
108.67 13.1184 -0.297642 -0.30731 62.775 0.0700194 0.000685868
108.68 13.1176 -0.297954 -0.307648 62.7827 0.0699973 0.00068193
108.69 13.1167 -0.298255 -0.307998 62.7903 0.0699751 0.000677885
108.7 13.1159 -0.298546 -0.308359 62.798 0.0699529 0.000673778
108.71 13.1151 -0.298825 -0.308732 62.8057 0.0699305 0.000669669
108.72 13.1142 -0.299094 -0.309116 62.8133 0.0699081 0.000665532
108.73 13.1134 -0.299351 -0.309512 62.821 0.0698856 0.000661307
108.74 13.1125 -0.299598 -0.309919 62.8287 0.069863 0.000656957
108.75 13.1117 -0.299834 -0.310338 62.8363 0.0698403 0.000652502
108.76 13.1108 -0.30006 -0.310769 62.844 0.0698176 0.000647989
108.77 13.11 -0.300274 -0.311211 62.8517 0.0697948 0.000643439
108.78 13.1091 -0.300477 -0.311665 62.8593 0.0697719 0.000638838
108.79 13.1083 -0.300669 -0.31213 62.867 0.0697489 0.000634151
108.8 13.1075 -0.30085 -0.312606 62.8747 0.0697259 0.000629365
108.81 13.1066 -0.30102 -0.313094 62.8823 0.0697028 0.000624489
108.82 13.1058 -0.301178 -0.313593 62.89 0.0696796 0.000619544
108.83 13.1049 -0.301326 -0.314104 62.8977 0.0696563 0.000614536
108.84 13.1041 -0.301463 -0.314626 62.9053 0.069633 0.000609461
108.85 13.1033 -0.301588 -0.315159 62.913 0.0696096 0.000604304
108.86 13.1024 -0.301702 -0.315703 62.9207 0.0695861 0.000599067
108.87 13.1016 -0.301806 -0.316259 62.9284 0.0695626 0.000593748
108.88 13.1008 -0.301898 -0.316826 62.936 0.069539 0.000588356
108.89 13.0999 -0.301979 -0.317404 62.9437 0.0695154 0.000582885
108.9 13.0991 -0.30205 -0.317993 62.9514 0.0694917 0.000577334
108.91 13.0983 -0.302109 -0.318594 62.959 0.0694679 0.000571703
108.92 13.0975 -0.302158 -0.319205 62.9667 0.0694441 0.00056599
108.93 13.0966 -0.302196 -0.319827 62.9744 0.0694202 0.000560202
108.94 13.0958 -0.302223 -0.320461 62.982 0.0693963 0.000554338
108.95 13.095 -0.302239 -0.321105 62.9897 0.0693723 0.000548396
108.96 13.0942 -0.302245 -0.32176 62.9974 0.0693483 0.000542369
108.97 13.0934 -0.30224 -0.322427 63.005 0.0693242 0.000536257
108.98 13.0925 -0.302225 -0.323104 63.0127 0.0693 0.00053006
108.99 13.0917 -0.3022 -0.323792 63.0204 0.0692759 0.000523783
109 13.0909 -0.302164 -0.32449 63.028 0.0692516 0.000517428
109.01 13.0901 -0.302118 -0.3252 63.0357 0.0692274 0.000510993
109.02 13.0893 -0.302062 -0.32592 63.0434 0.0692031 0.000504478
109.03 13.0885 -0.301995 -0.326651 63.0511 0.0691787 0.000497875
109.04 13.0877 -0.301919 -0.327392 63.0587 0.0691543 0.000491188
109.05 13.0869 -0.301832 -0.328144 63.0664 0.0691299 0.000484411
109.06 13.0861 -0.301736 -0.328907 63.0741 0.0691054 0.000477552
109.07 13.0853 -0.301629 -0.32968 63.0817 0.069081 0.00047061
109.08 13.0845 -0.301512 -0.330464 63.0894 0.0690564 0.000463587
109.09 13.0838 -0.301386 -0.331257 63.0971 0.0690319 0.000456476
109.1 13.083 -0.301249 -0.332062 63.1047 0.0690073 0.000449281
109.11 13.0822 -0.301102 -0.332876 63.1124 0.0689827 0.000441996
109.12 13.0814 -0.300945 -0.333701 63.1201 0.0689581 0.000434625
109.13 13.0806 -0.300779 -0.334536 63.1277 0.0689334 0.00042713
109.14 13.0799 -0.300602 -0.33538 63.1354 0.0689087 0.000419486
109.15 13.0791 -0.300416 -0.336235 63.1431 0.068884 0.000411765
109.16 13.0783 -0.300219 -0.3371 63.1508 0.0688592 0.000404039
109.17 13.0776 -0.300012 -0.337975 63.1584 0.0688345 0.000396286
109.18 13.0768 -0.299795 -0.33886 63.1661 0.0688097 0.00038842
109.19 13.0761 -0.299568 -0.339755 63.1738 0.068785 0.000380399
109.2 13.0753 -0.299331 -0.340659 63.1814 0.0687602 0.000372243
109.21 13.0746 -0.299084 -0.341574 63.1891 0.0687354 0.000364013
109.22 13.0739 -0.298827 -0.342497 63.1968 0.0687106 0.000355734
109.23 13.0731 -0.298559 -0.343431 63.2044 0.0686857 0.000347386
109.24 13.0724 -0.298282 -0.344374 63.2121 0.0686609 0.000338929
109.25 13.0717 -0.297996 -0.345327 63.2198 0.0686361 0.000330346
109.26 13.071 -0.297699 -0.346289 63.2275 0.0686113 0.000321658
109.27 13.0703 -0.297393 -0.347261 63.2351 0.0685864 0.000312889
109.28 13.0695 -0.297077 -0.348242 63.2428 0.0685616 0.00030405
109.29 13.0688 -0.296752 -0.349232 63.2505 0.0685368 0.000295125
109.3 13.0681 -0.296417 -0.350231 63.2581 0.068512 0.000286099
109.31 13.0674 -0.296072 -0.35124 63.2658 0.0684871 0.000276964
109.32 13.0668 -0.295719 -0.352258 63.2735 0.0684623 0.000267733
109.33 13.0661 -0.295356 -0.353284 63.2812 0.0684376 0.00025842
109.34 13.0654 -0.294984 -0.35432 63.2888 0.0684128 0.000249026
109.35 13.0647 -0.294603 -0.355365 63.2965 0.068388 0.000239544
109.36 13.0641 -0.294213 -0.356418 63.3042 0.0683633 0.000229967
109.37 13.0634 -0.293814 -0.357481 63.3118 0.0683386 0.000220294
109.38 13.0627 -0.293406 -0.358552 63.3195 0.0683138 0.000210531
109.39 13.0621 -0.29299 -0.359631 63.3272 0.0682892 0.000200683
109.4 13.0614 -0.292566 -0.36072 63.3348 0.0682645 0.00019075
109.41 13.0608 -0.292132 -0.361817 63.3425 0.0682399 0.00018073
109.42 13.0602 -0.291691 -0.362922 63.3502 0.0682153 0.000170619
109.43 13.0595 -0.291241 -0.364036 63.3579 0.0681907 0.000160421
109.44 13.0589 -0.290783 -0.365159 63.3655 0.0681662 0.000150138
109.45 13.0583 -0.290317 -0.36629 63.3732 0.0681417 0.000139773
109.46 13.0577 -0.289843 -0.367429 63.3809 0.0681172 0.000129321
109.47 13.0571 -0.28936 -0.368576 63.3885 0.0680927 0.000118784
109.48 13.0565 -0.28887 -0.369731 63.3962 0.0680683 0.000108158
109.49 13.0559 -0.288371 -0.370895 63.4039 0.068044 9.74488e-05
109.5 13.0553 -0.287865 -0.372067 63.4116 0.0680196 8.66586e-05
109.51 13.0547 -0.287351 -0.373247 63.4192 0.0679954 7.57899e-05
109.52 13.0542 -0.286828 -0.374435 63.4269 0.0679711 6.4842e-05
109.53 13.0536 -0.286298 -0.375631 63.4346 0.0679469 5.38105e-05
109.54 13.053 -0.28576 -0.376835 63.4422 0.0679228 4.26965e-05
109.55 13.0525 -0.285215 -0.378046 63.4499 0.0678987 3.1498e-05
109.56 13.052 -0.284661 -0.379265 63.4576 0.0678746 2.02222e-05
109.57 13.0514 -0.2841 -0.380492 63.4653 0.0678506 8.86865e-06
109.58 13.0509 -0.283531 -0.381727 63.4729 0.0678267 -2.55664e-06
109.59 13.0504 -0.282954 -0.382969 63.4806 0.0678028 -1.40567e-05
109.6 13.0498 -0.282369 -0.384218 63.4883 0.0677789 -2.563e-05
109.61 13.0493 -0.281777 -0.385474 63.4959 0.0677551 -3.72805e-05
109.62 13.0488 -0.281177 -0.386738 63.5036 0.0677314 -4.90074e-05
109.63 13.0484 -0.28057 -0.388009 63.5113 0.0677078 -6.08089e-05
109.64 13.0479 -0.279956 -0.389287 63.519 0.0676842 -7.2681e-05
109.65 13.0474 -0.279334 -0.390572 63.5266 0.0676607 -8.4619e-05
109.66 13.0469 -0.278705 -0.391863 63.5343 0.0676372 -9.66216e-05
109.67 13.0465 -0.278068 -0.393162 63.542 0.0676138 -0.000108687
109.68 13.046 -0.277425 -0.394467 63.5497 0.0675905 -0.00012082
109.69 13.0456 -0.276774 -0.395778 63.5573 0.0675672 -0.000133019
109.7 13.0451 -0.276117 -0.397096 63.565 0.067544 -0.000145286
109.71 13.0447 -0.275453 -0.398421 63.5727 0.0675209 -0.000157617
109.72 13.0443 -0.274783 -0.399752 63.5803 0.0674979 -0.000170007
109.73 13.0439 -0.274105 -0.401089 63.588 0.067475 -0.000182452
109.74 13.0435 -0.273422 -0.402432 63.5957 0.0674521 -0.000194949
109.75 13.0431 -0.272732 -0.403781 63.6034 0.0674293 -0.000207499
109.76 13.0427 -0.272036 -0.405136 63.611 0.0674066 -0.000220106
109.77 13.0423 -0.271334 -0.406497 63.6187 0.067384 -0.000232772
109.78 13.0419 -0.270626 -0.407864 63.6264 0.0673614 -0.000245493
109.79 13.0416 -0.269912 -0.409236 63.634 0.067339 -0.00025827
109.8 13.0412 -0.269193 -0.410614 63.6417 0.0673166 -0.000271091
109.81 13.0409 -0.268467 -0.411998 63.6494 0.0672944 -0.000283957
109.82 13.0405 -0.267737 -0.413387 63.6571 0.0672722 -0.000296862
109.83 13.0402 -0.267 -0.414781 63.6647 0.0672501 -0.000309813
109.84 13.0399 -0.266259 -0.41618 63.6724 0.0672281 -0.000322813
109.85 13.0396 -0.265512 -0.417585 63.6801 0.0672062 -0.000335862
109.86 13.0393 -0.264759 -0.418995 63.6878 0.0671844 -0.000348959
109.87 13.039 -0.264002 -0.42041 63.6954 0.0671627 -0.000362095
109.88 13.0387 -0.263239 -0.42183 63.7031 0.0671411 -0.000375268
109.89 13.0384 -0.262471 -0.423255 63.7108 0.0671195 -0.00038847
109.9 13.0382 -0.261698 -0.424685 63.7185 0.0670981 -0.000401706
109.91 13.0379 -0.260919 -0.426119 63.7261 0.0670768 -0.000414978
109.92 13.0377 -0.260136 -0.427558 63.7338 0.0670556 -0.00042829
109.93 13.0374 -0.259348 -0.429002 63.7415 0.0670345 -0.000441643
109.94 13.0372 -0.258554 -0.43045 63.7491 0.0670135 -0.000455055
109.95 13.037 -0.257756 -0.431903 63.7568 0.0669926 -0.000468537
109.96 13.0368 -0.256953 -0.43336 63.7645 0.0669719 -0.000482033
109.97 13.0366 -0.256145 -0.434821 63.7722 0.0669512 -0.000495491
109.98 13.0364 -0.255331 -0.436287 63.7798 0.0669306 -0.000508933
109.99 13.0362 -0.254513 -0.437756 63.7875 0.0669102 -0.00052242
110 13.0361 -0.25369 -0.43923 63.7952 0.0668899 -0.000535987
110.01 13.0359 -0.252863 -0.440708 63.8029 0.0668697 -0.000549608
110.02 13.0358 -0.252031 -0.442189 63.8105 0.0668496 -0.000563239
110.03 13.0356 -0.251194 -0.443675 63.8182 0.0668296 -0.000576852
110.04 13.0355 -0.250352 -0.445164 63.8259 0.0668098 -0.000590462
110.05 13.0354 -0.249506 -0.446657 63.8336 0.0667901 -0.000604093
110.06 13.0353 -0.248657 -0.448153 63.8412 0.0667705 -0.000617761
110.07 13.0352 -0.247802 -0.449653 63.8489 0.066751 -0.00063146
110.08 13.0351 -0.246944 -0.451156 63.8566 0.0667317 -0.000645171
110.09 13.0351 -0.246082 -0.452662 63.8642 0.0667125 -0.000658885
110.1 13.035 -0.245216 -0.454171 63.8719 0.0666934 -0.000672602
110.11 13.0349 -0.244347 -0.455683 63.8796 0.0666745 -0.000686326
110.12 13.0349 -0.243474 -0.457198 63.8873 0.0666557 -0.000700056
110.13 13.0349 -0.242597 -0.458715 63.8949 0.066637 -0.000713788
110.14 13.0349 -0.241717 -0.460235 63.9026 0.0666184 -0.000727524
110.15 13.0349 -0.240834 -0.461758 63.9103 0.0666 -0.000741263
110.16 13.0349 -0.239948 -0.463283 63.918 0.0665818 -0.000755015
110.17 13.0349 -0.239059 -0.46481 63.9256 0.0665637 -0.000768773
110.18 13.0349 -0.238167 -0.46634 63.9333 0.0665457 -0.000782529
110.19 13.0349 -0.237273 -0.467871 63.941 0.0665279 -0.000796274
110.2 13.035 -0.236375 -0.469404 63.9487 0.0665102 -0.000810001
110.21 13.0351 -0.235475 -0.47094 63.9563 0.0664927 -0.00082372
110.22 13.0351 -0.234573 -0.472477 63.964 0.0664753 -0.00083744
110.23 13.0352 -0.233668 -0.474015 63.9717 0.0664581 -0.000851166
110.24 13.0353 -0.23276 -0.475555 63.9794 0.0664411 -0.000864895
110.25 13.0354 -0.231851 -0.477097 63.987 0.0664241 -0.000878615
110.26 13.0355 -0.230939 -0.47864 63.9947 0.0664074 -0.000892315
110.27 13.0357 -0.230025 -0.480184 64.0024 0.0663908 -0.000905991
110.28 13.0358 -0.229108 -0.48173 64.01 0.0663744 -0.000919647
110.29 13.036 -0.228189 -0.483276 64.0177 0.0663581 -0.000933291
110.3 13.0361 -0.227268 -0.484824 64.0254 0.066342 -0.000946931
110.31 13.0363 -0.226345 -0.486372 64.0331 0.066326 -0.000960566
110.32 13.0365 -0.22542 -0.487922 64.0407 0.0663103 -0.000974189
110.33 13.0367 -0.224493 -0.489472 64.0484 0.0662947 -0.000987794
110.34 13.0369 -0.223564 -0.491022 64.0561 0.0662792 -0.00100138
110.35 13.0371 -0.222632 -0.492573 64.0638 0.0662639 -0.00101493
110.36 13.0374 -0.221698 -0.494125 64.0714 0.0662488 -0.00102844
110.37 13.0376 -0.220762 -0.495677 64.0791 0.0662339 -0.00104192
110.38 13.0379 -0.219824 -0.497229 64.0868 0.0662191 -0.0010554
110.39 13.0381 -0.218884 -0.498781 64.0945 0.0662045 -0.00106886
110.4 13.0384 -0.217942 -0.500334 64.1021 0.0661902 -0.0010823
110.41 13.0387 -0.216998 -0.501886 64.1098 0.066176 -0.00109572
110.42 13.039 -0.216053 -0.503438 64.1175 0.0661619 -0.00110909
110.43 13.0393 -0.215106 -0.50499 64.1252 0.0661481 -0.00112241
110.44 13.0396 -0.214157 -0.506542 64.1328 0.0661344 -0.00113571
110.45 13.04 -0.213207 -0.508093 64.1405 0.066121 -0.00114898
110.46 13.0403 -0.212255 -0.509644 64.1482 0.0661077 -0.00116223
110.47 13.0407 -0.211302 -0.511194 64.1559 0.0660946 -0.00117546
110.48 13.0411 -0.210348 -0.512744 64.1635 0.0660817 -0.00118864
110.49 13.0415 -0.209393 -0.514293 64.1712 0.066069 -0.00120179
110.5 13.0419 -0.208437 -0.515841 64.1789 0.0660564 -0.00121489
110.51 13.0423 -0.207481 -0.517387 64.1866 0.0660441 -0.00122795
110.52 13.0427 -0.206523 -0.518933 64.1942 0.066032 -0.00124097
110.53 13.0431 -0.205565 -0.520478 64.2019 0.06602 -0.00125395
110.54 13.0436 -0.204607 -0.522021 64.2096 0.0660083 -0.00126691
110.55 13.044 -0.203648 -0.523563 64.2173 0.0659968 -0.00127983
110.56 13.0445 -0.202689 -0.525104 64.2249 0.0659854 -0.00129271
110.57 13.045 -0.20173 -0.526642 64.2326 0.0659743 -0.00130554
110.58 13.0455 -0.20077 -0.528179 64.2403 0.0659634 -0.00131833
110.59 13.046 -0.199811 -0.529715 64.248 0.0659526 -0.00133106
110.6 13.0465 -0.198851 -0.531248 64.2556 0.0659421 -0.00134375
110.61 13.047 -0.197892 -0.532779 64.2633 0.0659318 -0.0013564
110.62 13.0476 -0.196933 -0.534308 64.271 0.0659217 -0.00136903
110.63 13.0481 -0.195974 -0.535835 64.2787 0.0659118 -0.00138161
110.64 13.0487 -0.195015 -0.537359 64.2863 0.0659021 -0.00139414
110.65 13.0493 -0.194057 -0.538881 64.294 0.0658926 -0.00140662
110.66 13.0499 -0.193099 -0.540401 64.3017 0.0658834 -0.00141905
110.67 13.0505 -0.192141 -0.541917 64.3094 0.0658743 -0.00143142
110.68 13.0511 -0.191183 -0.543431 64.317 0.0658655 -0.00144375
110.69 13.0517 -0.190226 -0.544942 64.3247 0.0658568 -0.00145604
110.7 13.0524 -0.189269 -0.54645 64.3324 0.0658484 -0.00146829
110.71 13.053 -0.188313 -0.547955 64.3401 0.0658403 -0.0014805
110.72 13.0537 -0.187357 -0.549457 64.3477 0.0658323 -0.00149265
110.73 13.0544 -0.186402 -0.550955 64.3554 0.0658246 -0.00150473
110.74 13.0551 -0.185447 -0.55245 64.3631 0.065817 -0.00151676
110.75 13.0558 -0.184492 -0.553942 64.3708 0.0658097 -0.00152874
110.76 13.0565 -0.183538 -0.55543 64.3784 0.0658026 -0.00154067
110.77 13.0572 -0.182585 -0.556914 64.3861 0.0657958 -0.00155256
110.78 13.0579 -0.181632 -0.558394 64.3938 0.0657892 -0.0015644
110.79 13.0587 -0.18068 -0.559871 64.4015 0.0657828 -0.0015762
110.8 13.0595 -0.179729 -0.561344 64.4091 0.0657766 -0.00158793
110.81 13.0602 -0.178779 -0.562812 64.4168 0.0657707 -0.0015996
110.82 13.061 -0.177829 -0.564277 64.4245 0.0657649 -0.0016112
110.83 13.0618 -0.176881 -0.565737 64.4322 0.0657595 -0.00162275
110.84 13.0626 -0.175934 -0.567193 64.4398 0.0657542 -0.00163426
110.85 13.0635 -0.174988 -0.568644 64.4475 0.0657492 -0.00164572
110.86 13.0643 -0.174043 -0.570091 64.4552 0.0657444 -0.00165713
110.87 13.0651 -0.1731 -0.571533 64.4629 0.0657398 -0.00166849
110.88 13.066 -0.172158 -0.57297 64.4705 0.0657355 -0.00167978
110.89 13.0669 -0.171217 -0.574403 64.4782 0.0657314 -0.001691
110.9 13.0678 -0.170279 -0.57583 64.4859 0.0657276 -0.00170217
110.91 13.0687 -0.169342 -0.577253 64.4936 0.065724 -0.00171328
110.92 13.0696 -0.168407 -0.57867 64.5013 0.0657206 -0.00172435
110.93 13.0705 -0.167474 -0.580082 64.5089 0.0657175 -0.00173537
110.94 13.0714 -0.166543 -0.581489 64.5166 0.0657146 -0.00174635
110.95 13.0724 -0.165614 -0.58289 64.5243 0.0657119 -0.00175726
110.96 13.0733 -0.164688 -0.584286 64.532 0.0657095 -0.00176811
110.97 13.0743 -0.163763 -0.585676 64.5396 0.0657073 -0.00177889
110.98 13.0753 -0.162841 -0.587061 64.5473 0.0657054 -0.00178961
110.99 13.0763 -0.161921 -0.588439 64.555 0.0657037 -0.00180028
111 13.0773 -0.161004 -0.589812 64.5627 0.0657022 -0.00181091
111.01 13.0783 -0.160089 -0.591179 64.5703 0.065701 -0.0018215
111.02 13.0793 -0.159176 -0.59254 64.578 0.0657 -0.00183203
111.03 13.0804 -0.158266 -0.593895 64.5857 0.0656993 -0.00184249
111.04 13.0814 -0.157358 -0.595244 64.5934 0.0656988 -0.00185289
111.05 13.0825 -0.156453 -0.596586 64.601 0.0656986 -0.00186322
111.06 13.0836 -0.15555 -0.597922 64.6087 0.0656986 -0.0018735
111.07 13.0846 -0.15465 -0.599252 64.6164 0.0656988 -0.00188373
111.08 13.0857 -0.153752 -0.600575 64.6241 0.0656993 -0.00189392
111.09 13.0868 -0.152857 -0.601891 64.6318 0.0657 -0.00190405
111.1 13.088 -0.151964 -0.603201 64.6394 0.065701 -0.00191413
111.11 13.0891 -0.151073 -0.604503 64.6471 0.0657022 -0.00192415
111.12 13.0902 -0.150185 -0.605799 64.6548 0.0657037 -0.0019341
111.13 13.0914 -0.1493 -0.607088 64.6625 0.0657054 -0.00194398
111.14 13.0926 -0.148417 -0.60837 64.6701 0.0657073 -0.00195381
111.15 13.0937 -0.147537 -0.609644 64.6778 0.0657095 -0.00196359
111.16 13.0949 -0.14666 -0.610912 64.6855 0.0657119 -0.00197332
111.17 13.0961 -0.145785 -0.612172 64.6932 0.0657146 -0.00198301
111.18 13.0973 -0.144913 -0.613424 64.7009 0.0657175 -0.00199264
111.19 13.0985 -0.144044 -0.614669 64.7085 0.0657206 -0.0020022
111.2 13.0998 -0.143177 -0.615906 64.7162 0.065724 -0.00201169
111.21 13.101 -0.142314 -0.617135 64.7239 0.0657276 -0.00202112
111.22 13.1023 -0.141453 -0.618357 64.7316 0.0657315 -0.00203051
111.23 13.1035 -0.140596 -0.619571 64.7392 0.0657356 -0.00203984
111.24 13.1048 -0.139742 -0.620776 64.7469 0.06574 -0.00204914
111.25 13.1061 -0.138891 -0.621974 64.7546 0.0657445 -0.00205838
111.26 13.1074 -0.138044 -0.623163 64.7623 0.0657493 -0.00206758
111.27 13.1087 -0.137199 -0.624343 64.7699 0.0657543 -0.00207672
111.28 13.11 -0.136358 -0.625516 64.7776 0.0657596 -0.00208577
111.29 13.1113 -0.13552 -0.62668 64.7853 0.0657651 -0.00209476
111.3 13.1126 -0.134686 -0.627835 64.793 0.0657708 -0.00210369
111.31 13.114 -0.133855 -0.628982 64.8007 0.0657768 -0.0021126
111.32 13.1153 -0.133028 -0.63012 64.8083 0.065783 -0.00212146
111.33 13.1167 -0.132205 -0.63125 64.816 0.0657895 -0.00213027
111.34 13.118 -0.131385 -0.63237 64.8237 0.0657962 -0.00213903
111.35 13.1194 -0.13057 -0.633482 64.8314 0.0658031 -0.00214772
111.36 13.1208 -0.129758 -0.634584 64.8391 0.0658102 -0.00215636
111.37 13.1222 -0.128949 -0.635677 64.8467 0.0658176 -0.00216493
111.38 13.1236 -0.128145 -0.636761 64.8544 0.0658251 -0.00217346
111.39 13.125 -0.127345 -0.637836 64.8621 0.065833 -0.00218194
111.4 13.1264 -0.126548 -0.638901 64.8698 0.065841 -0.00219038
111.41 13.1278 -0.125756 -0.639957 64.8774 0.0658493 -0.00219878
111.42 13.1293 -0.124967 -0.641004 64.8851 0.0658577 -0.00220712
111.43 13.1307 -0.124183 -0.642041 64.8928 0.0658665 -0.0022154
111.44 13.1322 -0.123402 -0.643068 64.9005 0.0658754 -0.00222362
111.45 13.1336 -0.122624 -0.644086 64.9082 0.0658846 -0.00223178
111.46 13.1351 -0.121851 -0.645094 64.9158 0.0658939 -0.00223989
111.47 13.1366 -0.121082 -0.646092 64.9235 0.0659035 -0.00224796
111.48 13.1381 -0.120316 -0.64708 64.9312 0.0659133 -0.00225599
111.49 13.1396 -0.119555 -0.648058 64.9389 0.0659234 -0.00226397
111.5 13.1411 -0.118797 -0.649026 64.9465 0.0659336 -0.0022719
111.51 13.1426 -0.118042 -0.649984 64.9542 0.0659441 -0.00227976
111.52 13.1441 -0.117292 -0.650932 64.9619 0.0659547 -0.00228756
111.53 13.1456 -0.116545 -0.65187 64.9696 0.0659656 -0.0022953
111.54 13.1471 -0.115803 -0.652798 64.9773 0.0659767 -0.002303
111.55 13.1487 -0.115064 -0.653715 64.9849 0.065988 -0.00231066
111.56 13.1502 -0.114329 -0.654621 64.9926 0.0659995 -0.00231825
111.57 13.1517 -0.113597 -0.655517 65.0003 0.0660112 -0.00232574
111.58 13.1533 -0.11287 -0.656403 65.008 0.0660231 -0.00233318
111.59 13.1549 -0.112146 -0.657278 65.0157 0.0660352 -0.00234061
111.6 13.1564 -0.111427 -0.658142 65.0233 0.0660476 -0.00234803
111.61 13.158 -0.110711 -0.658996 65.031 0.0660601 -0.00235538
111.62 13.1596 -0.11 -0.659839 65.0387 0.0660728 -0.00236264
111.63 13.1612 -0.109293 -0.660671 65.0464 0.0660857 -0.00236984
111.64 13.1627 -0.10859 -0.661492 65.0541 0.0660988 -0.002377
111.65 13.1643 -0.107891 -0.662301 65.0617 0.0661121 -0.00238412
111.66 13.1659 -0.107197 -0.6631 65.0694 0.0661256 -0.00239119
111.67 13.1675 -0.106507 -0.663888 65.0771 0.0661393 -0.00239818
111.68 13.1691 -0.105822 -0.664664 65.0848 0.0661532 -0.00240509
111.69 13.1708 -0.105141 -0.665429 65.0925 0.0661672 -0.00241195
111.7 13.1724 -0.104465 -0.666182 65.1001 0.0661815 -0.00241878
111.71 13.174 -0.103793 -0.666925 65.1078 0.0661959 -0.00242558
111.72 13.1756 -0.103127 -0.667655 65.1155 0.0662105 -0.00243232
111.73 13.1773 -0.102465 -0.668374 65.1232 0.0662253 -0.00243899
111.74 13.1789 -0.101807 -0.669082 65.1308 0.0662402 -0.00244557
111.75 13.1806 -0.101155 -0.669778 65.1385 0.0662554 -0.00245209
111.76 13.1822 -0.100507 -0.670462 65.1462 0.0662707 -0.00245857
111.77 13.1838 -0.0998642 -0.671135 65.1539 0.0662862 -0.00246501
111.78 13.1855 -0.0992263 -0.671795 65.1616 0.0663018 -0.0024714
111.79 13.1872 -0.0985932 -0.672444 65.1692 0.0663176 -0.00247774
111.8 13.1888 -0.0979648 -0.673081 65.1769 0.0663336 -0.00248401
111.81 13.1905 -0.0973411 -0.673706 65.1846 0.0663498 -0.0024902
111.82 13.1921 -0.0967222 -0.674319 65.1923 0.0663661 -0.00249633
111.83 13.1938 -0.096108 -0.67492 65.2 0.0663826 -0.0025024
111.84 13.1955 -0.0954986 -0.675509 65.2076 0.0663992 -0.00250842
111.85 13.1972 -0.094894 -0.676085 65.2153 0.066416 -0.00251439
111.86 13.1988 -0.094294 -0.67665 65.223 0.066433 -0.00252031
111.87 13.2005 -0.0936987 -0.677202 65.2307 0.0664501 -0.00252618
111.88 13.2022 -0.0931081 -0.677743 65.2384 0.0664673 -0.00253197
111.89 13.2039 -0.0925219 -0.67827 65.246 0.0664847 -0.0025377
111.9 13.2056 -0.0919403 -0.678786 65.2537 0.0665023 -0.00254335
111.91 13.2072 -0.0913633 -0.679289 65.2614 0.06652 -0.00254894
111.92 13.2089 -0.090791 -0.67978 65.2691 0.0665379 -0.00255448
111.93 13.2106 -0.0902233 -0.680258 65.2768 0.0665559 -0.00255997
111.94 13.2123 -0.0896603 -0.680724 65.2844 0.066574 -0.00256541
111.95 13.214 -0.0891018 -0.681178 65.2921 0.0665923 -0.00257079
111.96 13.2157 -0.088548 -0.681618 65.2998 0.0666107 -0.00257609
111.97 13.2174 -0.0879987 -0.682047 65.3075 0.0666292 -0.00258132
111.98 13.2191 -0.0874542 -0.682462 65.3152 0.0666479 -0.00258648
111.99 13.2208 -0.0869143 -0.682865 65.3229 0.0666667 -0.00259158
112 13.2224 -0.0863794 -0.683255 65.3305 0.0666857 -0.00259663
112.01 13.2241 -0.0858493 -0.683632 65.3382 0.0667047 -0.00260162
112.02 13.2258 -0.0853242 -0.683997 65.3459 0.0667239 -0.00260656
112.03 13.2275 -0.0848039 -0.684348 65.3536 0.0667432 -0.00261143
112.04 13.2292 -0.0842886 -0.684687 65.3613 0.0667627 -0.00261622
112.05 13.2309 -0.0837783 -0.685013 65.3689 0.0667822 -0.00262093
112.06 13.2326 -0.0832731 -0.685326 65.3766 0.0668019 -0.00262558
112.07 13.2343 -0.082773 -0.685626 65.3843 0.0668216 -0.00263016
112.08 13.2359 -0.0822782 -0.685913 65.392 0.0668415 -0.00263469
112.09 13.2376 -0.0817887 -0.686186 65.3997 0.0668615 -0.00263917
112.1 13.2393 -0.0813045 -0.686447 65.4073 0.0668816 -0.00264358
112.11 13.241 -0.0808255 -0.686695 65.415 0.0669018 -0.00264791
112.12 13.2427 -0.0803518 -0.686929 65.4227 0.0669221 -0.00265216
112.13 13.2443 -0.0798835 -0.687151 65.4304 0.0669426 -0.00265634
112.14 13.246 -0.0794205 -0.687359 65.4381 0.0669631 -0.00266044
112.15 13.2477 -0.0789629 -0.687554 65.4457 0.0669837 -0.00266448
112.16 13.2494 -0.0785108 -0.687736 65.4534 0.0670044 -0.00266847
112.17 13.251 -0.0780642 -0.687905 65.4611 0.0670251 -0.0026724
112.18 13.2527 -0.0776229 -0.68806 65.4688 0.067046 -0.00267625
112.19 13.2543 -0.0771869 -0.688203 65.4765 0.067067 -0.00268002
112.2 13.256 -0.0767562 -0.688332 65.4841 0.067088 -0.0026837
112.21 13.2576 -0.0763308 -0.688447 65.4918 0.0671091 -0.00268731
112.22 13.2593 -0.0759107 -0.68855 65.4995 0.0671303 -0.00269085
112.23 13.2609 -0.075496 -0.688639 65.5072 0.0671516 -0.00269432
112.24 13.2626 -0.0750866 -0.688715 65.5149 0.0671729 -0.00269773
112.25 13.2642 -0.0746824 -0.688778 65.5226 0.0671944 -0.00270108
112.26 13.2659 -0.0742834 -0.688827 65.5302 0.0672158 -0.00270435
112.27 13.2675 -0.0738896 -0.688863 65.5379 0.0672374 -0.00270752
112.28 13.2691 -0.0735009 -0.688886 65.5456 0.067259 -0.00271062
112.29 13.2707 -0.0731174 -0.688895 65.5533 0.0672807 -0.00271363
112.3 13.2723 -0.072739 -0.688892 65.561 0.0673024 -0.00271657
112.31 13.2739 -0.0723658 -0.688874 65.5686 0.0673242 -0.00271945
112.32 13.2756 -0.0719979 -0.688844 65.5763 0.0673461 -0.00272227
112.33 13.2772 -0.0716351 -0.6888 65.584 0.067368 -0.00272501
112.34 13.2787 -0.0712774 -0.688743 65.5917 0.06739 -0.00272766
112.35 13.2803 -0.0709249 -0.688672 65.5994 0.067412 -0.00273023
112.36 13.2819 -0.0705776 -0.688588 65.6071 0.067434 -0.00273271
112.37 13.2835 -0.0702355 -0.688491 65.6147 0.0674562 -0.00273511
112.38 13.2851 -0.0698987 -0.68838 65.6224 0.0674783 -0.00273744
112.39 13.2866 -0.0695672 -0.688256 65.6301 0.0675005 -0.00273968
112.4 13.2882 -0.0692409 -0.688118 65.6378 0.0675227 -0.00274182
112.41 13.2897 -0.0689199 -0.687967 65.6455 0.067545 -0.00274388
112.42 13.2913 -0.0686045 -0.687803 65.6531 0.0675673 -0.00274589
112.43 13.2928 -0.0682946 -0.687625 65.6608 0.0675896 -0.00274785
112.44 13.2944 -0.0679901 -0.687434 65.6685 0.067612 -0.00274972
112.45 13.2959 -0.0676911 -0.687229 65.6762 0.0676344 -0.00275147
112.46 13.2974 -0.0673976 -0.687011 65.6839 0.0676568 -0.00275312
112.47 13.2989 -0.0671097 -0.68678 65.6916 0.0676793 -0.00275472
112.48 13.3004 -0.0668276 -0.686535 65.6992 0.0677018 -0.00275625
112.49 13.3019 -0.0665512 -0.686277 65.7069 0.0677243 -0.0027577
112.5 13.3034 -0.0662805 -0.686005 65.7146 0.0677468 -0.00275905
112.51 13.3049 -0.0660153 -0.68572 65.7223 0.0677693 -0.00276029
112.52 13.3064 -0.065756 -0.685421 65.73 0.0677919 -0.00276145
112.53 13.3078 -0.0655025 -0.685109 65.7376 0.0678145 -0.00276253
112.54 13.3093 -0.0652548 -0.684784 65.7453 0.0678371 -0.00276355
112.55 13.3107 -0.065013 -0.684445 65.753 0.0678597 -0.00276449
112.56 13.3122 -0.0647769 -0.684093 65.7607 0.0678823 -0.00276534
112.57 13.3136 -0.0645464 -0.683727 65.7684 0.0679049 -0.00276608
112.58 13.315 -0.0643217 -0.683349 65.7761 0.0679275 -0.00276673
112.59 13.3165 -0.0641028 -0.682957 65.7837 0.0679501 -0.0027673
112.6 13.3179 -0.0638896 -0.682552 65.7914 0.0679728 -0.00276778
112.61 13.3193 -0.0636822 -0.682134 65.7991 0.0679954 -0.0027682
112.62 13.3207 -0.0634804 -0.681703 65.8068 0.068018 -0.00276852
112.63 13.322 -0.0632843 -0.681258 65.8145 0.0680406 -0.00276877
112.64 13.3234 -0.0630938 -0.680801 65.8222 0.0680633 -0.00276891
112.65 13.3248 -0.0629089 -0.68033 65.8298 0.0680859 -0.00276897
112.66 13.3261 -0.0627296 -0.679847 65.8375 0.0681085 -0.00276894
112.67 13.3275 -0.0625558 -0.67935 65.8452 0.0681311 -0.00276882
112.68 13.3288 -0.0623876 -0.678841 65.8529 0.0681537 -0.00276862
112.69 13.3301 -0.062225 -0.678319 65.8606 0.0681763 -0.00276834
112.7 13.3314 -0.0620679 -0.677784 65.8683 0.0681988 -0.00276799
112.71 13.3327 -0.0619164 -0.677236 65.8759 0.0682214 -0.00276754
112.72 13.334 -0.0617705 -0.676676 65.8836 0.0682439 -0.002767
112.73 13.3353 -0.0616301 -0.676102 65.8913 0.0682665 -0.00276637
112.74 13.3366 -0.0614952 -0.675516 65.899 0.068289 -0.00276565
112.75 13.3379 -0.061366 -0.674918 65.9067 0.0683115 -0.00276485
112.76 13.3391 -0.0612425 -0.674306 65.9143 0.0683339 -0.00276397
112.77 13.3403 -0.0611247 -0.673682 65.922 0.0683564 -0.00276301
112.78 13.3416 -0.0610127 -0.673046 65.9297 0.0683788 -0.00276197
112.79 13.3428 -0.0609064 -0.672397 65.9374 0.0684012 -0.00276084
112.8 13.344 -0.0608058 -0.671735 65.9451 0.0684236 -0.00275961
112.81 13.3452 -0.0607112 -0.671061 65.9528 0.0684459 -0.0027583
112.82 13.3464 -0.0606224 -0.670375 65.9604 0.0684682 -0.0027569
112.83 13.3476 -0.0605396 -0.669676 65.9681 0.0684905 -0.00275542
112.84 13.3487 -0.0604629 -0.668965 65.9758 0.0685128 -0.00275386
112.85 13.3499 -0.0603922 -0.668241 65.9835 0.068535 -0.00275223
112.86 13.351 -0.0603276 -0.667505 65.9912 0.0685572 -0.00275051
112.87 13.3522 -0.0602692 -0.666757 65.9989 0.0685793 -0.0027487
112.88 13.3533 -0.0602169 -0.665997 66.0065 0.0686014 -0.0027468
112.89 13.3544 -0.0601706 -0.665224 66.0142 0.0686235 -0.00274479
112.9 13.3555 -0.0601305 -0.66444 66.0219 0.0686456 -0.00274265
112.91 13.3566 -0.0600968 -0.663644 66.0296 0.0686676 -0.00274045
112.92 13.3576 -0.0600697 -0.662835 66.0373 0.0686896 -0.00273823
112.93 13.3587 -0.0600491 -0.662014 66.045 0.0687115 -0.00273597
112.94 13.3597 -0.0600347 -0.661182 66.0526 0.0687334 -0.00273361
112.95 13.3608 -0.0600264 -0.660338 66.0603 0.0687552 -0.00273111
112.96 13.3618 -0.0600243 -0.659481 66.068 0.068777 -0.0027285
112.97 13.3628 -0.0600285 -0.658614 66.0757 0.0687987 -0.00272583
112.98 13.3638 -0.0600391 -0.657734 66.0834 0.0688204 -0.0027231
112.99 13.3648 -0.0600561 -0.656843 66.0911 0.0688421 -0.00272031
113 13.3658 -0.0600792 -0.65594 66.0987 0.0688637 -0.00271743
113.01 13.3667 -0.0601084 -0.655025 66.1064 0.0688852 -0.00271445
113.02 13.3677 -0.0601437 -0.654099 66.1141 0.0689067 -0.00271138
113.03 13.3686 -0.0601851 -0.653162 66.1218 0.0689281 -0.00270823
113.04 13.3695 -0.0602327 -0.652213 66.1295 0.0689495 -0.00270502
113.05 13.3704 -0.0602863 -0.651254 66.1372 0.0689709 -0.00270174
113.06 13.3713 -0.0603461 -0.650282 66.1449 0.0689921 -0.00269837
113.07 13.3722 -0.0604118 -0.6493 66.1525 0.0690134 -0.00269492
113.08 13.3731 -0.0604836 -0.648307 66.1602 0.0690345 -0.00269139
113.09 13.374 -0.0605614 -0.647303 66.1679 0.0690556 -0.00268779
113.1 13.3748 -0.0606452 -0.646287 66.1756 0.0690766 -0.00268412
113.11 13.3756 -0.0607351 -0.645261 66.1833 0.0690976 -0.00268037
113.12 13.3765 -0.060831 -0.644224 66.191 0.0691185 -0.00267655
113.13 13.3773 -0.060933 -0.643177 66.1986 0.0691394 -0.00267265
113.14 13.3781 -0.061041 -0.642119 66.2063 0.0691602 -0.00266868
113.15 13.3788 -0.0611552 -0.64105 66.214 0.0691809 -0.00266464
113.16 13.3796 -0.0612755 -0.639971 66.2217 0.0692015 -0.00266054
113.17 13.3804 -0.061402 -0.638882 66.2294 0.0692221 -0.00265636
113.18 13.3811 -0.0615346 -0.637782 66.2371 0.0692426 -0.00265211
113.19 13.3818 -0.0616736 -0.636672 66.2447 0.0692631 -0.00264778
113.2 13.3825 -0.0618188 -0.635551 66.2524 0.0692835 -0.0026434
113.21 13.3832 -0.0619704 -0.634421 66.2601 0.0693038 -0.00263895
113.22 13.3839 -0.0621284 -0.633281 66.2678 0.069324 -0.00263443
113.23 13.3846 -0.0622928 -0.63213 66.2755 0.0693441 -0.00262985
113.24 13.3853 -0.0624637 -0.63097 66.2832 0.0693642 -0.0026252
113.25 13.3859 -0.062641 -0.6298 66.2909 0.0693842 -0.00262048
113.26 13.3866 -0.0628249 -0.62862 66.2985 0.0694041 -0.0026157
113.27 13.3872 -0.0630154 -0.627431 66.3062 0.069424 -0.00261086
113.28 13.3878 -0.0632124 -0.626232 66.3139 0.0694438 -0.00260596
113.29 13.3884 -0.063416 -0.625023 66.3216 0.0694635 -0.002601
113.3 13.389 -0.0636262 -0.623805 66.3293 0.0694831 -0.00259597
113.31 13.3895 -0.063843 -0.622578 66.337 0.0695026 -0.00259089
113.32 13.3901 -0.0640664 -0.621341 66.3446 0.0695221 -0.00258575
113.33 13.3906 -0.0642964 -0.620096 66.3523 0.0695415 -0.00258055
113.34 13.3911 -0.0645329 -0.618841 66.36 0.0695608 -0.00257529
113.35 13.3917 -0.064776 -0.617577 66.3677 0.06958 -0.00256998
113.36 13.3922 -0.0650256 -0.616305 66.3754 0.0695991 -0.00256461
113.37 13.3926 -0.0652817 -0.615023 66.3831 0.0696182 -0.00255918
113.38 13.3931 -0.0655442 -0.613733 66.3908 0.0696371 -0.0025537
113.39 13.3936 -0.0658131 -0.612434 66.3984 0.069656 -0.00254817
113.4 13.394 -0.0660884 -0.611127 66.4061 0.0696748 -0.00254258
113.41 13.3945 -0.06637 -0.609811 66.4138 0.0696935 -0.00253694
113.42 13.3949 -0.066658 -0.608487 66.4215 0.0697122 -0.00253126
113.43 13.3953 -0.0669522 -0.607155 66.4292 0.0697307 -0.00252552
113.44 13.3957 -0.0672526 -0.605814 66.4369 0.0697492 -0.00251973
113.45 13.396 -0.0675593 -0.604466 66.4446 0.0697676 -0.00251389
113.46 13.3964 -0.067872 -0.603109 66.4522 0.0697858 -0.002508
113.47 13.3968 -0.068191 -0.601744 66.4599 0.069804 -0.00250206
113.48 13.3971 -0.0685161 -0.600372 66.4676 0.0698221 -0.00249607
113.49 13.3974 -0.0688473 -0.598992 66.4753 0.0698402 -0.00249004
113.5 13.3977 -0.0691847 -0.597604 66.483 0.0698581 -0.00248397
113.51 13.398 -0.0695282 -0.596208 66.4907 0.0698759 -0.00247786
113.52 13.3983 -0.0698779 -0.594805 66.4984 0.0698937 -0.00247169
113.53 13.3986 -0.0702336 -0.593395 66.506 0.0699113 -0.00246548
113.54 13.3988 -0.0705956 -0.591977 66.5137 0.0699289 -0.00245922
113.55 13.3991 -0.0709637 -0.590553 66.5214 0.0699464 -0.00245292
113.56 13.3993 -0.0713381 -0.589121 66.5291 0.0699638 -0.00244658
113.57 13.3995 -0.0717187 -0.587682 66.5368 0.0699811 -0.0024402
113.58 13.3997 -0.0721056 -0.586236 66.5445 0.0699983 -0.00243378
113.59 13.3999 -0.0724989 -0.584783 66.5522 0.0700154 -0.00242732
113.6 13.4001 -0.0728984 -0.583324 66.5598 0.0700324 -0.00242082
113.61 13.4003 -0.0733042 -0.581858 66.5675 0.0700494 -0.00241427
113.62 13.4004 -0.0737165 -0.580386 66.5752 0.0700662 -0.00240767
113.63 13.4005 -0.0741352 -0.578907 66.5829 0.0700829 -0.00240104
113.64 13.4007 -0.0745603 -0.577422 66.5906 0.0700996 -0.00239438
113.65 13.4008 -0.0749919 -0.575931 66.5983 0.0701161 -0.00238768
113.66 13.4009 -0.0754299 -0.574434 66.606 0.0701326 -0.00238095
113.67 13.401 -0.0758744 -0.572931 66.6136 0.0701489 -0.00237417
113.68 13.401 -0.0763253 -0.571422 66.6213 0.0701652 -0.00236735
113.69 13.4011 -0.0767827 -0.569907 66.629 0.0701814 -0.00236048
113.7 13.4011 -0.0772464 -0.568387 66.6367 0.0701974 -0.00235358
113.71 13.4012 -0.0777166 -0.566861 66.6444 0.0702134 -0.00234664
113.72 13.4012 -0.0781932 -0.56533 66.6521 0.0702293 -0.00233968
113.73 13.4012 -0.0786761 -0.563794 66.6598 0.0702451 -0.00233267
113.74 13.4012 -0.0791653 -0.562252 66.6674 0.0702608 -0.00232563
113.75 13.4011 -0.0796608 -0.560705 66.6751 0.0702763 -0.00231855
113.76 13.4011 -0.0801624 -0.559154 66.6828 0.0702918 -0.0023114
113.77 13.401 -0.0806699 -0.557598 66.6905 0.0703072 -0.00230415
113.78 13.401 -0.0811837 -0.556037 66.6982 0.0703225 -0.00229687
113.79 13.4009 -0.081704 -0.554471 66.7059 0.0703377 -0.00228964
113.8 13.4008 -0.0822307 -0.552901 66.7136 0.0703528 -0.00228243
113.81 13.4007 -0.0827634 -0.551326 66.7213 0.0703678 -0.00227517
113.82 13.4006 -0.0833018 -0.549747 66.7289 0.0703826 -0.00226782
113.83 13.4005 -0.0838459 -0.548164 66.7366 0.0703974 -0.00226038
113.84 13.4003 -0.084396 -0.546577 66.7443 0.0704121 -0.00225292
113.85 13.4002 -0.0849521 -0.544986 66.752 0.0704267 -0.00224545
113.86 13.4 -0.0855141 -0.543391 66.7597 0.0704411 -0.00223795
113.87 13.3998 -0.0860818 -0.541793 66.7674 0.0704555 -0.00223042
113.88 13.3996 -0.0866553 -0.54019 66.7751 0.0704697 -0.00222283
113.89 13.3994 -0.0872345 -0.538585 66.7828 0.0704838 -0.0022152
113.9 13.3992 -0.0878195 -0.536975 66.7904 0.0704979 -0.00220754
113.91 13.399 -0.0884102 -0.535363 66.7981 0.0705118 -0.00219985
113.92 13.3987 -0.0890067 -0.533747 66.8058 0.0705256 -0.00219211
113.93 13.3985 -0.0896089 -0.532128 66.8135 0.0705393 -0.00218432
113.94 13.3982 -0.0902168 -0.530506 66.8212 0.0705529 -0.00217649
113.95 13.3979 -0.0908305 -0.528881 66.8289 0.0705663 -0.00216862
113.96 13.3976 -0.09145 -0.527253 66.8366 0.0705797 -0.00216074
113.97 13.3973 -0.0920755 -0.525622 66.8443 0.0705929 -0.00215283
113.98 13.397 -0.0927067 -0.523989 66.8519 0.0706061 -0.00214488
113.99 13.3966 -0.0933437 -0.522353 66.8596 0.0706191 -0.00213687
114 13.3963 -0.0939865 -0.520714 66.8673 0.070632 -0.00212881
114.01 13.3959 -0.0946351 -0.519074 66.875 0.0706448 -0.00212071
114.02 13.3956 -0.0952897 -0.517431 66.8827 0.0706574 -0.00211258
114.03 13.3952 -0.0959502 -0.515785 66.8904 0.0706699 -0.00210443
114.04 13.3948 -0.0966167 -0.514138 66.8981 0.0706824 -0.00209626
114.05 13.3944 -0.0972891 -0.512489 66.9058 0.0706947 -0.00208804
114.06 13.3939 -0.0979673 -0.510838 66.9135 0.0707068 -0.00207978
114.07 13.3935 -0.0986512 -0.509186 66.9211 0.0707189 -0.00207146
114.08 13.3931 -0.099341 -0.507531 66.9288 0.0707308 -0.0020631
114.09 13.3926 -0.100037 -0.505876 66.9365 0.0707426 -0.0020547
114.1 13.3921 -0.100738 -0.504219 66.9442 0.0707543 -0.00204627
114.11 13.3916 -0.101445 -0.502561 66.9519 0.0707658 -0.00203783
114.12 13.3911 -0.102158 -0.500902 66.9596 0.0707772 -0.00202935
114.13 13.3906 -0.102876 -0.499241 66.9673 0.0707885 -0.00202084
114.14 13.3901 -0.1036 -0.49758 66.975 0.0707997 -0.00201227
114.15 13.3896 -0.10433 -0.495919 66.9827 0.0708107 -0.00200366
114.16 13.389 -0.105064 -0.494257 66.9903 0.0708216 -0.001995
114.17 13.3885 -0.105804 -0.492594 66.998 0.0708324 -0.00198631
114.18 13.3879 -0.10655 -0.490931 67.0057 0.070843 -0.00197759
114.19 13.3873 -0.1073 -0.489268 67.0134 0.0708535 -0.00196886
114.2 13.3867 -0.108056 -0.487604 67.0211 0.0708638 -0.0019601
114.21 13.3861 -0.108817 -0.485941 67.0288 0.0708741 -0.00195129
114.22 13.3855 -0.109583 -0.484278 67.0365 0.0708842 -0.00194243
114.23 13.3849 -0.110353 -0.482615 67.0442 0.0708941 -0.00193353
114.24 13.3843 -0.111129 -0.480953 67.0519 0.0709039 -0.00192458
114.25 13.3836 -0.111909 -0.479291 67.0596 0.0709136 -0.00191561
114.26 13.3829 -0.112695 -0.47763 67.0672 0.0709231 -0.00190663
114.27 13.3823 -0.113485 -0.475969 67.0749 0.0709325 -0.00189762
114.28 13.3816 -0.11428 -0.474309 67.0826 0.0709418 -0.00188858
114.29 13.3809 -0.11508 -0.47265 67.0903 0.0709509 -0.00187949
114.3 13.3802 -0.115884 -0.470993 67.098 0.0709599 -0.00187035
114.31 13.3794 -0.116693 -0.469336 67.1057 0.0709688 -0.00186116
114.32 13.3787 -0.117507 -0.467681 67.1134 0.0709775 -0.00185193
114.33 13.378 -0.118326 -0.466027 67.1211 0.0709861 -0.00184271
114.34 13.3772 -0.11915 -0.464375 67.1288 0.0709945 -0.00183347
114.35 13.3765 -0.119979 -0.462724 67.1365 0.0710027 -0.0018242
114.36 13.3757 -0.120813 -0.461075 67.1441 0.0710108 -0.00181489
114.37 13.3749 -0.121651 -0.459428 67.1518 0.0710188 -0.00180551
114.38 13.3741 -0.122494 -0.457782 67.1595 0.0710266 -0.0017961
114.39 13.3733 -0.123342 -0.456139 67.1672 0.0710342 -0.00178666
114.4 13.3725 -0.124196 -0.454498 67.1749 0.0710417 -0.00177721
114.41 13.3716 -0.125054 -0.452859 67.1826 0.0710491 -0.00176774
114.42 13.3708 -0.125916 -0.451222 67.1903 0.0710563 -0.00175823
114.43 13.3699 -0.126784 -0.449588 67.198 0.0710633 -0.00174869
114.44 13.3691 -0.127657 -0.447956 67.2057 0.0710702 -0.00173912
114.45 13.3682 -0.128534 -0.446327 67.2134 0.071077 -0.00172951
114.46 13.3673 -0.129416 -0.444701 67.2211 0.0710836 -0.00171987
114.47 13.3664 -0.130302 -0.443077 67.2287 0.07109 -0.0017102
114.48 13.3655 -0.131193 -0.441457 67.2364 0.0710963 -0.0017005
114.49 13.3646 -0.132089 -0.439839 67.2441 0.0711024 -0.00169079
114.5 13.3636 -0.13299 -0.438225 67.2518 0.0711083 -0.00168106
114.51 13.3627 -0.133895 -0.436614 67.2595 0.0711141 -0.00167131
114.52 13.3618 -0.134804 -0.435006 67.2672 0.0711198 -0.00166152
114.53 13.3608 -0.135718 -0.433402 67.2749 0.0711253 -0.00165169
114.54 13.3598 -0.136636 -0.431802 67.2826 0.0711306 -0.00164184
114.55 13.3588 -0.137558 -0.430205 67.2903 0.0711357 -0.00163196
114.56 13.3579 -0.138484 -0.428613 67.298 0.0711407 -0.00162208
114.57 13.3568 -0.139414 -0.427024 67.3057 0.0711455 -0.00161218
114.58 13.3558 -0.140348 -0.425439 67.3134 0.0711502 -0.00160227
114.59 13.3548 -0.141286 -0.423859 67.3211 0.0711547 -0.00159232
114.6 13.3538 -0.142228 -0.422283 67.3287 0.071159 -0.00158235
114.61 13.3527 -0.143173 -0.420711 67.3364 0.0711631 -0.00157235
114.62 13.3517 -0.144122 -0.419145 67.3441 0.0711671 -0.00156233
114.63 13.3506 -0.145075 -0.417582 67.3518 0.0711709 -0.00155229
114.64 13.3495 -0.146031 -0.416025 67.3595 0.0711745 -0.00154225
114.65 13.3485 -0.146991 -0.414473 67.3672 0.071178 -0.0015322
114.66 13.3474 -0.147954 -0.412926 67.3749 0.0711813 -0.00152214
114.67 13.3463 -0.148921 -0.411384 67.3826 0.0711844 -0.00151205
114.68 13.3451 -0.14989 -0.409847 67.3903 0.0711874 -0.00150194
114.69 13.344 -0.150863 -0.408316 67.398 0.0711901 -0.00149181
114.7 13.3429 -0.15184 -0.40679 67.4057 0.0711927 -0.00148166
114.71 13.3417 -0.152819 -0.40527 67.4134 0.0711951 -0.00147151
114.72 13.3406 -0.153802 -0.403756 67.4211 0.0711974 -0.00146136
114.73 13.3394 -0.154788 -0.402248 67.4288 0.0711994 -0.00145121
114.74 13.3382 -0.155778 -0.400745 67.4365 0.0712013 -0.00144104
114.75 13.3371 -0.15677 -0.399249 67.4441 0.071203 -0.00143086
114.76 13.3359 -0.157766 -0.397759 67.4518 0.0712045 -0.00142065
114.77 13.3347 -0.158765 -0.396275 67.4595 0.0712058 -0.00141044
114.78 13.3334 -0.159767 -0.394797 67.4672 0.0712069 -0.00140021
114.79 13.3322 -0.160772 -0.393326 67.4749 0.0712079 -0.00139
114.8 13.331 -0.161781 -0.391862 67.4826 0.0712087 -0.00137979
114.81 13.3297 -0.162792 -0.390404 67.4903 0.0712092 -0.00136958
114.82 13.3285 -0.163807 -0.388954 67.498 0.0712096 -0.00135936
114.83 13.3272 -0.164824 -0.38751 67.5057 0.0712098 -0.00134913
114.84 13.326 -0.165845 -0.386073 67.5134 0.0712098 -0.00133888
114.85 13.3247 -0.166868 -0.384643 67.5211 0.0712097 -0.00132864
114.86 13.3234 -0.167895 -0.38322 67.5288 0.0712093 -0.0013184
114.87 13.3221 -0.168924 -0.381805 67.5365 0.0712087 -0.00130817
114.88 13.3208 -0.169956 -0.380397 67.5442 0.0712079 -0.00129795
114.89 13.3195 -0.170991 -0.378997 67.5519 0.071207 -0.00128774
114.9 13.3181 -0.172028 -0.377604 67.5596 0.0712058 -0.00127753
114.91 13.3168 -0.173068 -0.376219 67.5673 0.0712045 -0.00126731
114.92 13.3155 -0.17411 -0.374842 67.575 0.071203 -0.00125709
114.93 13.3141 -0.175154 -0.373473 67.5827 0.0712012 -0.00124687
114.94 13.3128 -0.176201 -0.372112 67.5903 0.0711993 -0.00123667
114.95 13.3114 -0.17725 -0.370759 67.598 0.0711971 -0.00122649
114.96 13.31 -0.178301 -0.369415 67.6057 0.0711948 -0.00121632
114.97 13.3086 -0.179354 -0.368079 67.6134 0.0711923 -0.00120617
114.98 13.3072 -0.180409 -0.366751 67.6211 0.0711895 -0.00119602
114.99 13.3058 -0.181466 -0.365432 67.6288 0.0711866 -0.00118587
115 13.3044 -0.182525 -0.364121 67.6365 0.0711835 -0.00117572
115.01 13.303 -0.183585 -0.362819 67.6442 0.0711801 -0.0011656
115.02 13.3015 -0.184647 -0.361526 67.6519 0.0711766 -0.00115549
115.03 13.3001 -0.18571 -0.360242 67.6596 0.0711728 -0.00114542
115.04 13.2987 -0.186775 -0.358967 67.6673 0.0711689 -0.00113536
115.05 13.2972 -0.187841 -0.357701 67.675 0.0711647 -0.00112532
115.06 13.2957 -0.188909 -0.356445 67.6827 0.0711604 -0.00111528
115.07 13.2943 -0.189978 -0.355198 67.6904 0.0711558 -0.00110525
115.08 13.2928 -0.191048 -0.35396 67.6981 0.071151 -0.00109524
115.09 13.2913 -0.19212 -0.352732 67.7058 0.071146 -0.00108525
115.1 13.2898 -0.193193 -0.351513 67.7135 0.0711409 -0.0010753
115.11 13.2883 -0.194267 -0.350304 67.7212 0.0711355 -0.00106537
115.12 13.2868 -0.195342 -0.349105 67.7289 0.0711299 -0.00105547
115.13 13.2853 -0.196419 -0.347916 67.7366 0.0711241 -0.00104558
115.14 13.2837 -0.197496 -0.346737 67.7443 0.0711181 -0.00103571
115.15 13.2822 -0.198575 -0.345568 67.752 0.0711118 -0.00102585
115.16 13.2806 -0.199654 -0.344409 67.7597 0.0711054 -0.00101602
115.17 13.2791 -0.200735 -0.34326 67.7674 0.0710987 -0.00100622
115.18 13.2775 -0.201817 -0.342122 67.7751 0.0710919 -0.000996448
115.19 13.276 -0.2029 -0.340994 67.7828 0.0710849 -0.000986702
115.2 13.2744 -0.203984 -0.339877 67.7905 0.0710777 -0.000976985
115.21 13.2728 -0.205068 -0.338771 67.7982 0.0710702 -0.000967304
115.22 13.2712 -0.206154 -0.337675 67.8059 0.0710626 -0.000957647
115.23 13.2696 -0.207241 -0.33659 67.8136 0.0710547 -0.000948006
115.24 13.268 -0.208328 -0.335516 67.8213 0.0710466 -0.00093838
115.25 13.2664 -0.209417 -0.334453 67.829 0.0710382 -0.000928783
115.26 13.2648 -0.210506 -0.333401 67.8367 0.0710297 -0.000919232
115.27 13.2632 -0.211595 -0.332361 67.8444 0.071021 -0.000909731
115.28 13.2615 -0.212685 -0.331331 67.8521 0.0710121 -0.000900267
115.29 13.2599 -0.213776 -0.330313 67.8597 0.0710029 -0.000890819
115.3 13.2582 -0.214866 -0.329307 67.8674 0.0709936 -0.00088138
115.31 13.2566 -0.215957 -0.328312 67.8751 0.070984 -0.000871956
115.32 13.2549 -0.217048 -0.327328 67.8828 0.0709743 -0.00086257
115.33 13.2533 -0.218139 -0.326357 67.8905 0.0709643 -0.000853233
115.34 13.2516 -0.21923 -0.325397 67.8982 0.0709541 -0.000843946
115.35 13.2499 -0.220321 -0.324449 67.9059 0.0709437 -0.000834712
115.36 13.2482 -0.221412 -0.323513 67.9136 0.0709331 -0.00082553
115.37 13.2465 -0.222503 -0.322589 67.9213 0.0709223 -0.000816361
115.38 13.2448 -0.223593 -0.321677 67.929 0.0709113 -0.00080717
115.39 13.2431 -0.224682 -0.320777 67.9367 0.0709001 -0.000797982
115.4 13.2414 -0.225771 -0.31989 67.9444 0.0708886 -0.000788846
115.41 13.2397 -0.226859 -0.319015 67.9521 0.0708769 -0.000779794
115.42 13.238 -0.227947 -0.318152 67.9598 0.0708651 -0.000770808
115.43 13.2362 -0.229034 -0.317302 67.9675 0.070853 -0.000761849
115.44 13.2345 -0.230121 -0.316464 67.9752 0.0708407 -0.000752888
115.45 13.2328 -0.231206 -0.31564 67.9829 0.0708282 -0.000743931
115.46 13.231 -0.23229 -0.314827 67.9906 0.0708155 -0.000735006
115.47 13.2293 -0.233374 -0.314028 67.9983 0.0708026 -0.000726134
115.48 13.2275 -0.234456 -0.313241 68.006 0.0707895 -0.000717317
115.49 13.2258 -0.235538 -0.312468 68.0137 0.0707761 -0.000708545
115.5 13.224 -0.236619 -0.311707 68.0214 0.0707626 -0.000699803
115.51 13.2222 -0.237698 -0.310959 68.0291 0.0707488 -0.000691085
115.52 13.2204 -0.238777 -0.310224 68.0368 0.0707349 -0.000682391
115.53 13.2186 -0.239854 -0.309503 68.0445 0.0707207 -0.000673722
115.54 13.2169 -0.24093 -0.308795 68.0522 0.0707063 -0.000665084
115.55 13.2151 -0.242005 -0.3081 68.06 0.0706917 -0.00065648
115.56 13.2133 -0.243078 -0.307418 68.0677 0.0706769 -0.000647919
115.57 13.2115 -0.244151 -0.306749 68.0754 0.0706619 -0.000639401
115.58 13.2096 -0.245222 -0.306094 68.0831 0.0706467 -0.000630926
115.59 13.2078 -0.246291 -0.305453 68.0908 0.0706313 -0.000622478
115.6 13.206 -0.247359 -0.304825 68.0985 0.0706156 -0.000614047
115.61 13.2042 -0.248426 -0.30421 68.1062 0.0705998 -0.000605631
115.62 13.2024 -0.249491 -0.303609 68.1139 0.0705838 -0.000597242
115.63 13.2005 -0.250554 -0.303022 68.1216 0.0705675 -0.000588894
115.64 13.1987 -0.251616 -0.302449 68.1293 0.0705511 -0.000580593
115.65 13.1968 -0.252676 -0.301889 68.137 0.0705344 -0.000572334
115.66 13.195 -0.253733 -0.301343 68.1447 0.0705176 -0.000564105
115.67 13.1931 -0.254789 -0.300811 68.1524 0.0705005 -0.000555894
115.68 13.1913 -0.255843 -0.300293 68.1601 0.0704832 -0.000547698
115.69 13.1894 -0.256894 -0.299789 68.1678 0.0704658 -0.000539521
115.7 13.1876 -0.257943 -0.299299 68.1755 0.0704481 -0.000531372
115.71 13.1857 -0.25899 -0.298823 68.1832 0.0704302 -0.000523264
115.72 13.1838 -0.260034 -0.298361 68.1909 0.0704122 -0.000515194
115.73 13.182 -0.261076 -0.297913 68.1986 0.0703939 -0.000507159
115.74 13.1801 -0.262115 -0.29748 68.2063 0.0703754 -0.000499148
115.75 13.1782 -0.263151 -0.297061 68.214 0.0703568 -0.000491152
115.76 13.1763 -0.264184 -0.296656 68.2217 0.0703379 -0.000483167
115.77 13.1744 -0.265214 -0.296265 68.2294 0.0703188 -0.000475199
115.78 13.1725 -0.266242 -0.295889 68.2371 0.0702996 -0.000467259
115.79 13.1706 -0.267266 -0.295527 68.2448 0.0702801 -0.000459354
115.8 13.1687 -0.268287 -0.29518 68.2525 0.0702605 -0.000451484
115.81 13.1668 -0.269304 -0.294847 68.2602 0.0702406 -0.000443641
115.82 13.1649 -0.270319 -0.294529 68.2679 0.0702206 -0.000435815
115.83 13.163 -0.271329 -0.294226 68.2756 0.0702003 -0.000427996
115.84 13.1611 -0.272337 -0.293937 68.2833 0.0701799 -0.000420188
115.85 13.1592 -0.273341 -0.293662 68.291 0.0701593 -0.000412397
115.86 13.1573 -0.274341 -0.293403 68.2987 0.0701384 -0.000404634
115.87 13.1554 -0.275338 -0.293158 68.3064 0.0701174 -0.000396902
115.88 13.1534 -0.276331 -0.292927 68.3141 0.0700962 -0.000389198
115.89 13.1515 -0.277321 -0.292712 68.3219 0.0700748 -0.000381514
115.9 13.1496 -0.278307 -0.292511 68.3296 0.0700533 -0.000373841
115.91 13.1477 -0.27929 -0.292325 68.3373 0.0700315 -0.000366176
115.92 13.1457 -0.280269 -0.292154 68.345 0.0700095 -0.00035852
115.93 13.1438 -0.281244 -0.291998 68.3527 0.0699874 -0.000350882
115.94 13.1419 -0.282215 -0.291856 68.3604 0.0699651 -0.000343271
115.95 13.1399 -0.283183 -0.29173 68.3681 0.0699425 -0.000335688
115.96 13.138 -0.284147 -0.291618 68.3758 0.0699199 -0.000328129
115.97 13.1361 -0.285107 -0.291521 68.3835 0.069897 -0.000320586
115.98 13.1341 -0.286064 -0.29144 68.3912 0.0698739 -0.000313052
115.99 13.1322 -0.287016 -0.291373 68.3989 0.0698507 -0.000305524
116 13.1303 -0.287964 -0.291322 68.4066 0.0698273 -0.000298006
116.01 13.1283 -0.288909 -0.291285 68.4143 0.0698037 -0.000290509
116.02 13.1264 -0.289849 -0.291264 68.422 0.0697799 -0.000283037
116.03 13.1244 -0.290785 -0.291257 68.4297 0.069756 -0.000275592
116.04 13.1225 -0.291718 -0.291266 68.4374 0.0697319 -0.000268167
116.05 13.1205 -0.292646 -0.29129 68.4451 0.0697076 -0.000260757
116.06 13.1186 -0.293569 -0.291329 68.4528 0.0696832 -0.000253354
116.07 13.1166 -0.294488 -0.291383 68.4606 0.0696586 -0.00024596
116.08 13.1147 -0.295403 -0.291452 68.4683 0.0696338 -0.000238576
116.09 13.1127 -0.296313 -0.291537 68.476 0.0696089 -0.000231212
116.1 13.1108 -0.297218 -0.291636 68.4837 0.0695838 -0.000223875
116.11 13.1088 -0.298119 -0.291751 68.4914 0.0695586 -0.000216564
116.12 13.1069 -0.299015 -0.291881 68.4991 0.0695332 -0.000209274
116.13 13.1049 -0.299905 -0.292026 68.5068 0.0695076 -0.000201994
116.14 13.103 -0.300791 -0.292186 68.5145 0.0694819 -0.000194723
116.15 13.101 -0.301672 -0.292361 68.5222 0.069456 -0.000187461
116.16 13.0991 -0.302547 -0.292551 68.5299 0.06943 -0.000180215
116.17 13.0972 -0.303418 -0.292757 68.5376 0.0694038 -0.000172992
116.18 13.0952 -0.304283 -0.292978 68.5453 0.0693775 -0.000165796
116.19 13.0933 -0.305143 -0.293213 68.553 0.069351 -0.000158628
116.2 13.0913 -0.305997 -0.293464 68.5607 0.0693244 -0.000151479
116.21 13.0894 -0.306847 -0.29373 68.5685 0.0692976 -0.000144342
116.22 13.0874 -0.30769 -0.294011 68.5762 0.0692707 -0.000137216
116.23 13.0855 -0.308528 -0.294308 68.5839 0.0692436 -0.000130106
116.24 13.0835 -0.309361 -0.294619 68.5916 0.0692165 -0.000123017
116.25 13.0816 -0.310188 -0.294945 68.5993 0.0691892 -0.000115977
116.26 13.0796 -0.31101 -0.295287 68.607 0.0691617 -0.000109011
116.27 13.0777 -0.311827 -0.295643 68.6147 0.0691341 -0.000102064
116.28 13.0758 -0.312637 -0.296015 68.6224 0.0691064 -9.50807e-05
116.29 13.0738 -0.313442 -0.296401 68.6301 0.0690786 -8.80708e-05
116.3 13.0719 -0.314242 -0.296803 68.6378 0.0690506 -8.1095e-05
116.31 13.07 -0.315036 -0.297219 68.6455 0.0690225 -7.41906e-05
116.32 13.068 -0.315825 -0.29765 68.6532 0.0689943 -6.73468e-05
116.33 13.0661 -0.316609 -0.298097 68.661 0.0689659 -6.05241e-05
116.34 13.0642 -0.317386 -0.298558 68.6687 0.0689375 -5.37004e-05
116.35 13.0622 -0.318159 -0.299034 68.6764 0.0689089 -4.6889e-05
116.36 13.0603 -0.318925 -0.299525 68.6841 0.0688802 -4.0117e-05
116.37 13.0584 -0.319687 -0.300031 68.6918 0.0688514 -3.33977e-05
116.38 13.0565 -0.320442 -0.300552 68.6995 0.0688224 -2.67165e-05
116.39 13.0545 -0.321192 -0.301088 68.7072 0.0687934 -2.00599e-05
116.4 13.0526 -0.321937 -0.301638 68.7149 0.0687643 -1.3422e-05
116.41 13.0507 -0.322675 -0.302204 68.7226 0.068735 -6.81857e-06
116.42 13.0488 -0.323408 -0.302784 68.7303 0.0687056 -2.59166e-07
116.43 13.0469 -0.324136 -0.303378 68.7381 0.0686762 6.25337e-06
116.44 13.045 -0.324857 -0.303988 68.7458 0.0686466 1.27288e-05
116.45 13.0431 -0.325573 -0.304612 68.7535 0.0686169 1.91742e-05
116.46 13.0412 -0.326283 -0.305251 68.7612 0.0685872 2.55888e-05
116.47 13.0393 -0.326987 -0.305905 68.7689 0.0685573 3.19647e-05
116.48 13.0374 -0.327684 -0.306574 68.7766 0.0685273 3.82922e-05
116.49 13.0355 -0.328376 -0.307257 68.7843 0.0684973 4.45723e-05
116.5 13.0336 -0.329062 -0.307954 68.792 0.0684671 5.08052e-05
116.51 13.0317 -0.329742 -0.308667 68.7997 0.0684369 5.69984e-05
116.52 13.0299 -0.330415 -0.309394 68.8075 0.0684066 6.31515e-05
116.53 13.028 -0.331082 -0.310135 68.8152 0.0683761 6.92627e-05
116.54 13.0261 -0.331743 -0.310891 68.8229 0.0683456 7.53243e-05
116.55 13.0243 -0.332397 -0.311661 68.8306 0.0683151 8.13345e-05
116.56 13.0224 -0.333046 -0.312446 68.8383 0.0682844 8.72931e-05
116.57 13.0205 -0.333687 -0.313246 68.846 0.0682537 9.32002e-05
116.58 13.0187 -0.334323 -0.314059 68.8537 0.0682228 9.90571e-05
116.59 13.0169 -0.334952 -0.314887 68.8614 0.0681919 0.000104862
116.6 13.015 -0.335574 -0.315729 68.8691 0.068161 0.000110614
116.61 13.0132 -0.33619 -0.316585 68.8769 0.0681299 0.000116311
116.62 13.0113 -0.336799 -0.317456 68.8846 0.0680988 0.000121953
116.63 13.0095 -0.337402 -0.31834 68.8923 0.0680676 0.000127538
116.64 13.0077 -0.337999 -0.319239 68.9 0.0680364 0.000133062
116.65 13.0059 -0.338589 -0.320151 68.9077 0.0680051 0.000138525
116.66 13.0041 -0.339172 -0.321077 68.9154 0.0679737 0.000143927
116.67 13.0023 -0.339749 -0.322017 68.9231 0.0679423 0.000149266
116.68 13.0005 -0.34032 -0.322971 68.9308 0.0679108 0.000154547
116.69 12.9987 -0.340884 -0.323939 68.9386 0.0678793 0.000159764
116.7 12.9969 -0.341442 -0.32492 68.9463 0.0678477 0.000164917
116.71 12.9951 -0.341993 -0.325915 68.954 0.0678161 0.000169965
116.72 12.9934 -0.342539 -0.326923 68.9617 0.0677844 0.000174882
116.73 12.9916 -0.343078 -0.327945 68.9694 0.0677527 0.000179737
116.74 12.9898 -0.34361 -0.32898 68.9771 0.0677209 0.00018461
116.75 12.9881 -0.344135 -0.330028 68.9848 0.0676891 0.000189477
116.76 12.9863 -0.344654 -0.33109 68.9926 0.0676573 0.000194254
116.77 12.9846 -0.345167 -0.332165 69.0003 0.0676254 0.000198892
116.78 12.9829 -0.345673 -0.333253 69.008 0.0675935 0.000203413
116.79 12.9811 -0.346173 -0.334355 69.0157 0.0675616 0.000207871
116.8 12.9794 -0.346667 -0.335469 69.0234 0.0675296 0.000212293
116.81 12.9777 -0.347154 -0.336597 69.0311 0.0674976 0.000216657
116.82 12.976 -0.347634 -0.337737 69.0388 0.0674656 0.000220926
116.83 12.9743 -0.348108 -0.33889 69.0466 0.0674335 0.000225085
116.84 12.9726 -0.348576 -0.340057 69.0543 0.0674015 0.000229151
116.85 12.971 -0.349037 -0.341236 69.062 0.0673694 0.00023315
116.86 12.9693 -0.349491 -0.342427 69.0697 0.0673374 0.000237086
116.87 12.9676 -0.349938 -0.343632 69.0774 0.0673053 0.00024094
116.88 12.966 -0.350379 -0.344849 69.0851 0.0672732 0.000244698
116.89 12.9643 -0.350814 -0.346078 69.0928 0.0672411 0.000248354
116.9 12.9627 -0.351242 -0.34732 69.1006 0.0672089 0.000251921
116.91 12.9611 -0.351662 -0.348574 69.1083 0.0671768 0.000255413
116.92 12.9595 -0.352076 -0.349841 69.116 0.0671447 0.000258829
116.93 12.9578 -0.352484 -0.35112 69.1237 0.0671126 0.000262157
116.94 12.9562 -0.352884 -0.352412 69.1314 0.0670805 0.000265388
116.95 12.9547 -0.353277 -0.353715 69.1391 0.0670484 0.000268521
116.96 12.9531 -0.353664 -0.355031 69.1469 0.0670163 0.000271562
116.97 12.9515 -0.354044 -0.356358 69.1546 0.0669843 0.000274519
116.98 12.9499 -0.354417 -0.357698 69.1623 0.0669522 0.000277389
116.99 12.9484 -0.354783 -0.359049 69.17 0.0669202 0.000280169
117 12.9468 -0.355142 -0.360412 69.1777 0.0668881 0.000282854
117.01 12.9453 -0.355495 -0.361787 69.1854 0.0668561 0.000285443
117.02 12.9438 -0.35584 -0.363174 69.1932 0.0668242 0.00028794
117.03 12.9423 -0.356179 -0.364572 69.2009 0.0667922 0.000290344
117.04 12.9408 -0.356511 -0.365982 69.2086 0.0667603 0.000292657
117.05 12.9393 -0.356836 -0.367403 69.2163 0.0667284 0.000294876
117.06 12.9378 -0.357155 -0.368835 69.224 0.0666966 0.000297
117.07 12.9363 -0.357467 -0.370279 69.2317 0.0666648 0.000299029
117.08 12.9349 -0.357772 -0.371734 69.2395 0.066633 0.000300966
117.09 12.9334 -0.358071 -0.373199 69.2472 0.0666013 0.000302809
117.1 12.932 -0.358363 -0.374676 69.2549 0.0665696 0.000304557
117.11 12.9306 -0.358648 -0.376164 69.2626 0.066538 0.000306212
117.12 12.9291 -0.358927 -0.377662 69.2703 0.0665064 0.00030777
117.13 12.9277 -0.3592 -0.379171 69.278 0.0664748 0.000309235
117.14 12.9263 -0.359466 -0.38069 69.2858 0.0664434 0.000310604
117.15 12.925 -0.359726 -0.38222 69.2935 0.0664119 0.00031188
117.16 12.9236 -0.359979 -0.383761 69.3012 0.0663806 0.000313061
117.17 12.9222 -0.360226 -0.385311 69.3089 0.0663493 0.000314147
117.18 12.9209 -0.360466 -0.386872 69.3166 0.066318 0.000315139
117.19 12.9195 -0.360701 -0.388443 69.3243 0.0662869 0.000316038
117.2 12.9182 -0.360928 -0.390024 69.3321 0.0662558 0.000316844
117.21 12.9169 -0.361149 -0.391615 69.3398 0.0662247 0.000317553
117.22 12.9156 -0.361364 -0.393216 69.3475 0.0661938 0.000318168
117.23 12.9143 -0.361573 -0.394826 69.3552 0.0661629 0.000318687
117.24 12.913 -0.361775 -0.396447 69.3629 0.0661321 0.000319115
117.25 12.9118 -0.36197 -0.398076 69.3707 0.0661014 0.000319449
117.26 12.9105 -0.362159 -0.399715 69.3784 0.0660707 0.000319693
117.27 12.9093 -0.362341 -0.401364 69.3861 0.0660402 0.000319845
117.28 12.9081 -0.362517 -0.403022 69.3938 0.0660097 0.000319903
117.29 12.9068 -0.362686 -0.404689 69.4015 0.0659793 0.000319866
117.3 12.9056 -0.362849 -0.406365 69.4093 0.065949 0.000319736
117.31 12.9045 -0.363005 -0.40805 69.417 0.0659188 0.000319513
117.32 12.9033 -0.363154 -0.409744 69.4247 0.0658887 0.000319199
117.33 12.9021 -0.363297 -0.411446 69.4324 0.0658587 0.000318798
117.34 12.901 -0.363433 -0.413158 69.4401 0.0658288 0.000318307
117.35 12.8998 -0.363562 -0.414878 69.4479 0.065799 0.000317728
117.36 12.8987 -0.363685 -0.416606 69.4556 0.0657693 0.000317056
117.37 12.8976 -0.363801 -0.418343 69.4633 0.0657397 0.000316292
117.38 12.8965 -0.36391 -0.420088 69.471 0.0657102 0.000315436
117.39 12.8954 -0.364013 -0.421841 69.4787 0.0656808 0.000314492
117.4 12.8944 -0.364109 -0.423602 69.4865 0.0656515 0.000313463
117.41 12.8933 -0.364199 -0.425371 69.4942 0.0656224 0.000312353
117.42 12.8923 -0.364282 -0.427148 69.5019 0.0655934 0.000311158
117.43 12.8913 -0.364358 -0.428933 69.5096 0.0655644 0.00030985
117.44 12.8903 -0.364428 -0.430725 69.5173 0.0655356 0.000308409
117.45 12.8893 -0.364492 -0.432524 69.5251 0.065507 0.000306883
117.46 12.8883 -0.364549 -0.434331 69.5328 0.0654784 0.000305336
117.47 12.8873 -0.3646 -0.436146 69.5405 0.06545 0.000303753
117.48 12.8864 -0.364644 -0.437967 69.5482 0.0654217 0.000302075
117.49 12.8854 -0.364682 -0.439796 69.5559 0.0653936 0.000300267
117.5 12.8845 -0.364714 -0.441631 69.5637 0.0653656 0.000298348
117.51 12.8836 -0.364739 -0.443473 69.5714 0.0653377 0.000296357
117.52 12.8827 -0.364758 -0.445322 69.5791 0.0653099 0.000294317
117.53 12.8818 -0.364771 -0.447178 69.5868 0.0652823 0.000292208
117.54 12.881 -0.364778 -0.44904 69.5946 0.0652549 0.000290005
117.55 12.8801 -0.364779 -0.450908 69.6023 0.0652275 0.000287701
117.56 12.8793 -0.364774 -0.452783 69.61 0.0652004 0.000285313
117.57 12.8785 -0.364763 -0.454663 69.6177 0.0651734 0.000282857
117.58 12.8777 -0.364745 -0.45655 69.6254 0.0651465 0.000280342
117.59 12.8769 -0.364722 -0.458443 69.6332 0.0651198 0.000277754
117.6 12.8761 -0.364692 -0.460341 69.6409 0.0650932 0.000275078
117.61 12.8754 -0.364657 -0.462245 69.6486 0.0650668 0.000272314
117.62 12.8746 -0.364615 -0.464155 69.6563 0.0650405 0.000269468
117.63 12.8739 -0.364567 -0.46607 69.6641 0.0650144 0.000266557
117.64 12.8732 -0.364513 -0.467991 69.6718 0.0649885 0.000263583
117.65 12.8725 -0.364453 -0.469916 69.6795 0.0649627 0.000260542
117.66 12.8718 -0.364387 -0.471847 69.6872 0.0649371 0.000257425
117.67 12.8712 -0.364315 -0.473783 69.6949 0.0649117 0.000254231
117.68 12.8705 -0.364236 -0.475724 69.7027 0.0648864 0.000250959
117.69 12.8699 -0.364152 -0.47767 69.7104 0.0648613 0.000247617
117.7 12.8693 -0.364061 -0.47962 69.7181 0.0648364 0.000244208
117.71 12.8687 -0.363964 -0.481574 69.7258 0.0648117 0.000240733
117.72 12.8681 -0.363861 -0.483534 69.7336 0.0647871 0.000237195
117.73 12.8676 -0.363751 -0.485497 69.7413 0.0647627 0.00023359
117.74 12.867 -0.363636 -0.487465 69.749 0.0647385 0.00022992
117.75 12.8665 -0.363514 -0.489436 69.7567 0.0647145 0.000226181
117.76 12.866 -0.363386 -0.491412 69.7645 0.0646906 0.000222372
117.77 12.8655 -0.363252 -0.493391 69.7722 0.064667 0.000218495
117.78 12.865 -0.363112 -0.495375 69.7799 0.0646435 0.000214555
117.79 12.8646 -0.362965 -0.497361 69.7876 0.0646202 0.000210557
117.8 12.8641 -0.362813 -0.499351 69.7954 0.0645972 0.0002065
117.81 12.8637 -0.362655 -0.501345 69.8031 0.0645742 0.000202379
117.82 12.8633 -0.36249 -0.503341 69.8108 0.0645515 0.000198197
117.83 12.8629 -0.362319 -0.505341 69.8185 0.064529 0.000193958
117.84 12.8625 -0.362143 -0.507343 69.8263 0.0645067 0.000189661
117.85 12.8622 -0.36196 -0.509349 69.834 0.0644846 0.000185303
117.86 12.8618 -0.361772 -0.511357 69.8417 0.0644627 0.000180884
117.87 12.8615 -0.361577 -0.513367 69.8494 0.0644411 0.000176411
117.88 12.8612 -0.361377 -0.51538 69.8572 0.0644196 0.000171889
117.89 12.8609 -0.361171 -0.517396 69.8649 0.0643983 0.000167312
117.9 12.8606 -0.360959 -0.519413 69.8726 0.0643773 0.000162674
117.91 12.8604 -0.360742 -0.521432 69.8803 0.0643564 0.000157972
117.92 12.8601 -0.360519 -0.523454 69.8881 0.0643358 0.000153212
117.93 12.8599 -0.36029 -0.525477 69.8958 0.0643154 0.000148403
117.94 12.8597 -0.360056 -0.527502 69.9035 0.0642952 0.000143549
117.95 12.8595 -0.359816 -0.529528 69.9112 0.0642752 0.000138649
117.96 12.8593 -0.35957 -0.531556 69.919 0.0642554 0.000133696
117.97 12.8592 -0.359319 -0.533585 69.9267 0.0642359 0.000128686
117.98 12.859 -0.359062 -0.535615 69.9344 0.0642166 0.000123615
117.99 12.8589 -0.3588 -0.537646 69.9421 0.0641975 0.000118489
118 12.8588 -0.358532 -0.539678 69.9499 0.0641786 0.000113315
118.01 12.8587 -0.358259 -0.541711 69.9576 0.06416 0.000108099
118.02 12.8587 -0.357979 -0.543745 69.9653 0.0641416 0.000102835
118.03 12.8586 -0.357695 -0.545779 69.973 0.0641234 9.75261e-05
118.04 12.8586 -0.357404 -0.547814 69.9808 0.0641055 9.21653e-05
118.05 12.8586 -0.357108 -0.549848 69.9885 0.0640878 8.67502e-05
118.06 12.8586 -0.356806 -0.551883 69.9962 0.0640703 8.12827e-05
118.07 12.8586 -0.356499 -0.553918 70.0039 0.064053 7.57632e-05
118.08 12.8586 -0.356186 -0.555953 70.0117 0.064036 7.01954e-05
118.09 12.8587 -0.355867 -0.557988 70.0194 0.0640193 6.45836e-05
118.1 12.8587 -0.355542 -0.560023 70.0271 0.0640027 5.89325e-05
118.11 12.8588 -0.355212 -0.562057 70.0348 0.0639864 5.32382e-05
118.12 12.8589 -0.354876 -0.564091 70.0426 0.0639704 4.74974e-05
118.13 12.8591 -0.354535 -0.566124 70.0503 0.0639546 4.1701e-05
118.14 12.8592 -0.354188 -0.568156 70.058 0.063939 3.58489e-05
118.15 12.8594 -0.353835 -0.570187 70.0657 0.0639237 2.99457e-05
118.16 12.8595 -0.353477 -0.572217 70.0735 0.0639086 2.40034e-05
118.17 12.8597 -0.353113 -0.574246 70.0812 0.0638938 1.80253e-05
118.18 12.8599 -0.352744 -0.576274 70.0889 0.0638792 1.20077e-05
118.19 12.8602 -0.352369 -0.578301 70.0967 0.0638649 5.94361e-06
118.2 12.8604 -0.351989 -0.580326 70.1044 0.0638508 -1.69628e-07
118.21 12.8607 -0.351604 -0.582349 70.1121 0.063837 -6.3367e-06
118.22 12.861 -0.351213 -0.584371 70.1198 0.0638234 -1.25546e-05
118.23 12.8613 -0.350818 -0.58639 70.1276 0.0638101 -1.88191e-05
118.24 12.8616 -0.350417 -0.588408 70.1353 0.063797 -2.51216e-05
118.25 12.8619 -0.350011 -0.590423 70.143 0.0637842 -3.14581e-05
118.26 12.8623 -0.3496 -0.592436 70.1507 0.0637716 -3.78343e-05
118.27 12.8626 -0.349184 -0.594447 70.1585 0.0637593 -4.42583e-05
118.28 12.863 -0.348763 -0.596455 70.1662 0.0637472 -5.07368e-05
118.29 12.8634 -0.348337 -0.598461 70.1739 0.0637354 -5.72669e-05
118.3 12.8639 -0.347906 -0.600463 70.1817 0.0637239 -6.38464e-05
118.31 12.8643 -0.347471 -0.602463 70.1894 0.0637126 -7.04657e-05
118.32 12.8648 -0.347031 -0.60446 70.1971 0.0637016 -7.71257e-05
118.33 12.8652 -0.346586 -0.606454 70.2048 0.0636908 -8.38239e-05
118.34 12.8657 -0.346136 -0.608444 70.2126 0.0636803 -9.05673e-05
118.35 12.8662 -0.345681 -0.610431 70.2203 0.0636701 -9.73585e-05
118.36 12.8668 -0.345222 -0.612414 70.228 0.0636601 -0.000104202
118.37 12.8673 -0.344758 -0.614394 70.2358 0.0636504 -0.0001111
118.38 12.8679 -0.344289 -0.61637 70.2435 0.0636409 -0.00011805
118.39 12.8685 -0.343815 -0.618342 70.2512 0.0636317 -0.000125044
118.4 12.8691 -0.343337 -0.620311 70.2589 0.0636228 -0.000132076
118.41 12.8697 -0.342853 -0.622275 70.2667 0.0636141 -0.000139148
118.42 12.8703 -0.342365 -0.624234 70.2744 0.0636057 -0.000146264
118.43 12.871 -0.341872 -0.62619 70.2821 0.0635976 -0.000153436
118.44 12.8716 -0.341374 -0.628141 70.2899 0.0635897 -0.000160665
118.45 12.8723 -0.340872 -0.630087 70.2976 0.0635821 -0.000167951
118.46 12.873 -0.340364 -0.632029 70.3053 0.0635747 -0.000175284
118.47 12.8737 -0.339852 -0.633965 70.313 0.0635676 -0.000182661
118.48 12.8745 -0.339334 -0.635897 70.3208 0.0635608 -0.000190078
118.49 12.8752 -0.338812 -0.637824 70.3285 0.0635542 -0.00019754
118.5 12.876 -0.338285 -0.639745 70.3362 0.0635479 -0.000205051
118.51 12.8768 -0.337753 -0.641662 70.344 0.0635419 -0.000212618
118.52 12.8776 -0.337216 -0.643572 70.3517 0.0635361 -0.000220243
118.53 12.8784 -0.336674 -0.645477 70.3594 0.0635306 -0.000227924
118.54 12.8792 -0.336128 -0.647377 70.3672 0.0635254 -0.000235656
118.55 12.8801 -0.335576 -0.64927 70.3749 0.0635204 -0.000243431
118.56 12.8809 -0.33502 -0.651158 70.3826 0.0635156 -0.000251247
118.57 12.8818 -0.334459 -0.65304 70.3903 0.0635112 -0.000259108
118.58 12.8827 -0.333894 -0.654915 70.3981 0.063507 -0.000267022
118.59 12.8836 -0.333324 -0.656784 70.4058 0.063503 -0.000274996
118.6 12.8846 -0.33275 -0.658647 70.4135 0.0634993 -0.000283032
118.61 12.8855 -0.332171 -0.660503 70.4213 0.0634959 -0.000291123
118.62 12.8865 -0.331588 -0.662353 70.429 0.0634928 -0.000299264
118.63 12.8875 -0.331 -0.664196 70.4367 0.0634898 -0.000307447
118.64 12.8885 -0.330408 -0.666032 70.4445 0.0634872 -0.000315676
118.65 12.8895 -0.329812 -0.667862 70.4522 0.0634848 -0.000323955
118.66 12.8905 -0.329211 -0.669684 70.4599 0.0634826 -0.000332293
118.67 12.8915 -0.328607 -0.671499 70.4676 0.0634808 -0.000340692
118.68 12.8926 -0.327999 -0.673307 70.4754 0.0634791 -0.000349155
118.69 12.8937 -0.327386 -0.675108 70.4831 0.0634777 -0.000357674
118.7 12.8948 -0.32677 -0.676901 70.4908 0.0634766 -0.000366244
118.71 12.8959 -0.326149 -0.678686 70.4986 0.0634757 -0.000374862
118.72 12.897 -0.325525 -0.680464 70.5063 0.0634751 -0.000383526
118.73 12.8981 -0.324896 -0.682234 70.514 0.0634747 -0.000392251
118.74 12.8993 -0.324264 -0.683995 70.5218 0.0634745 -0.000401045
118.75 12.9004 -0.323627 -0.685749 70.5295 0.0634745 -0.000409907
118.76 12.9016 -0.322986 -0.687495 70.5372 0.0634748 -0.000418824
118.77 12.9028 -0.322341 -0.689232 70.545 0.0634754 -0.000427792
118.78 12.904 -0.321692 -0.690962 70.5527 0.0634763 -0.000436807
118.79 12.9052 -0.321039 -0.692683 70.5604 0.0634773 -0.000445876
118.8 12.9065 -0.320382 -0.694395 70.5681 0.0634786 -0.000454999
118.81 12.9077 -0.319721 -0.696099 70.5759 0.0634802 -0.000464186
118.82 12.909 -0.319055 -0.697794 70.5836 0.063482 -0.000473444
118.83 12.9103 -0.318386 -0.69948 70.5913 0.063484 -0.000482776
118.84 12.9116 -0.317712 -0.701158 70.5991 0.0634862 -0.000492173
118.85 12.9129 -0.317034 -0.702826 70.6068 0.0634887 -0.000501601
118.86 12.9142 -0.316351 -0.704485 70.6145 0.0634914 -0.000511027
118.87 12.9155 -0.315665 -0.706135 70.6223 0.0634943 -0.000520504
118.88 12.9169 -0.314974 -0.707776 70.63 0.0634975 -0.000530095
118.89 12.9182 -0.314279 -0.709407 70.6377 0.0635009 -0.000539799
118.9 12.9196 -0.31358 -0.711029 70.6455 0.0635045 -0.000549573
118.91 12.921 -0.312877 -0.712641 70.6532 0.0635084 -0.000559377
118.92 12.9224 -0.31217 -0.714243 70.6609 0.0635124 -0.000569216
118.93 12.9238 -0.311458 -0.715836 70.6687 0.0635167 -0.000579104
118.94 12.9252 -0.310742 -0.717419 70.6764 0.0635213 -0.000589056
118.95 12.9267 -0.310022 -0.718992 70.6841 0.063526 -0.000599064
118.96 12.9281 -0.309299 -0.720554 70.6919 0.063531 -0.000609123
118.97 12.9296 -0.308571 -0.722106 70.6996 0.0635362 -0.000619238
118.98 12.931 -0.307839 -0.723648 70.7073 0.0635416 -0.000629429
118.99 12.9325 -0.307104 -0.72518 70.7151 0.0635472 -0.000639698
119 12.934 -0.306365 -0.726701 70.7228 0.063553 -0.00065003
119.01 12.9355 -0.305622 -0.728212 70.7305 0.063559 -0.0006604
119.02 12.937 -0.304875 -0.729711 70.7383 0.0635653 -0.000670793
119.03 12.9386 -0.304124 -0.7312 70.746 0.0635718 -0.000681225
119.04 12.9401 -0.30337 -0.732678 70.7537 0.0635785 -0.000691723
119.05 12.9417 -0.302612 -0.734145 70.7615 0.0635853 -0.000702307
119.06 12.9432 -0.301851 -0.735601 70.7692 0.0635924 -0.000712975
119.07 12.9448 -0.301086 -0.737046 70.7769 0.0635997 -0.000723706
119.08 12.9464 -0.300318 -0.73848 70.7846 0.0636072 -0.000734471
119.09 12.948 -0.299547 -0.739902 70.7924 0.0636149 -0.000745265
119.1 12.9496 -0.298771 -0.741313 70.8001 0.0636228 -0.000756092
119.11 12.9512 -0.297993 -0.742713 70.8078 0.0636309 -0.000766976
119.12 12.9528 -0.297211 -0.744101 70.8156 0.0636392 -0.000777932
119.13 12.9544 -0.296426 -0.745478 70.8233 0.0636477 -0.000788968
119.14 12.9561 -0.295638 -0.746842 70.831 0.0636564 -0.000800073
119.15 12.9577 -0.294846 -0.748196 70.8388 0.0636652 -0.000811231
119.16 12.9594 -0.294051 -0.749537 70.8465 0.0636743 -0.000822424
119.17 12.9611 -0.293253 -0.750866 70.8542 0.0636835 -0.000833646
119.18 12.9627 -0.292451 -0.752184 70.862 0.063693 -0.000844906
119.19 12.9644 -0.291646 -0.753489 70.8697 0.0637026 -0.000856218
119.2 12.9661 -0.290837 -0.754783 70.8775 0.0637124 -0.000867603
119.21 12.9678 -0.290026 -0.756064 70.8852 0.0637224 -0.000879064
119.22 12.9696 -0.289211 -0.757333 70.8929 0.0637325 -0.000890591
119.23 12.9713 -0.288393 -0.75859 70.9007 0.0637429 -0.000902158
119.24 12.973 -0.287572 -0.759835 70.9084 0.0637534 -0.000913751
119.25 12.9747 -0.286747 -0.761067 70.9161 0.063764 -0.000925364
119.26 12.9765 -0.285919 -0.762287 70.9239 0.0637749 -0.000937017
119.27 12.9782 -0.285088 -0.763494 70.9316 0.0637859 -0.000948727
119.28 12.98 -0.284253 -0.764688 70.9393 0.0637971 -0.000960508
119.29 12.9818 -0.283416 -0.76587 70.9471 0.0638085 -0.000972356
119.3 12.9835 -0.282575 -0.76704 70.9548 0.06382 -0.000984254
119.31 12.9853 -0.281732 -0.768196 70.9625 0.0638317 -0.000996182
119.32 12.9871 -0.280885 -0.769339 70.9703 0.0638436 -0.00100813
119.33 12.9889 -0.280035 -0.77047 70.978 0.0638556 -0.00102009
119.34 12.9907 -0.279181 -0.771588 70.9857 0.0638677 -0.00103209
119.35 12.9925 -0.278325 -0.772692 70.9935 0.0638801 -0.00104415
119.36 12.9943 -0.277467 -0.773784 71.0012 0.0638926 -0.00105627
119.37 12.9962 -0.276605 -0.774862 71.0089 0.0639052 -0.00106845
119.38 12.998 -0.275741 -0.775927 71.0167 0.0639179 -0.00108066
119.39 12.9998 -0.274873 -0.776979 71.0244 0.0639309 -0.00109289
119.4 13.0016 -0.274003 -0.778017 71.0321 0.0639439 -0.00110513
119.41 13.0035 -0.27313 -0.779042 71.0399 0.0639572 -0.00111739
119.42 13.0053 -0.272255 -0.780054 71.0476 0.0639705 -0.00112969
119.43 13.0072 -0.271377 -0.781052 71.0553 0.063984 -0.00114204
119.44 13.009 -0.270497 -0.782036 71.0631 0.0639977 -0.00115444
119.45 13.0109 -0.269614 -0.783007 71.0708 0.0640114 -0.00116688
119.46 13.0128 -0.268729 -0.783964 71.0785 0.0640253 -0.00117935
119.47 13.0146 -0.267841 -0.784907 71.0863 0.0640394 -0.00119183
119.48 13.0165 -0.266951 -0.785836 71.094 0.0640535 -0.00120431
119.49 13.0184 -0.266058 -0.786752 71.1018 0.0640678 -0.00121681
119.5 13.0203 -0.265163 -0.787654 71.1095 0.0640823 -0.00122933
119.51 13.0221 -0.264266 -0.788541 71.1172 0.0640968 -0.0012419
119.52 13.024 -0.263367 -0.789415 71.125 0.0641115 -0.00125452
119.53 13.0259 -0.262466 -0.790274 71.1327 0.0641263 -0.00126717
119.54 13.0278 -0.261562 -0.79112 71.1404 0.0641412 -0.00127984
119.55 13.0297 -0.260656 -0.791951 71.1482 0.0641562 -0.00129249
119.56 13.0316 -0.259747 -0.792768 71.1559 0.0641714 -0.00130515
119.57 13.0335 -0.258837 -0.793571 71.1636 0.0641867 -0.00131781
119.58 13.0354 -0.257924 -0.79436 71.1714 0.064202 -0.00133051
119.59 13.0373 -0.257009 -0.795135 71.1791 0.0642175 -0.00134324
119.6 13.0392 -0.256091 -0.795895 71.1868 0.0642331 -0.001356
119.61 13.0411 -0.255172 -0.796641 71.1946 0.0642488 -0.00136878
119.62 13.043 -0.254251 -0.797372 71.2023 0.0642646 -0.00138156
119.63 13.0449 -0.253327 -0.798089 71.21 0.0642805 -0.00139432
119.64 13.0468 -0.252401 -0.798792 71.2178 0.0642965 -0.00140707
119.65 13.0487 -0.251472 -0.79948 71.2255 0.0643126 -0.00141984
119.66 13.0507 -0.250542 -0.800154 71.2333 0.0643288 -0.0014326
119.67 13.0526 -0.24961 -0.800813 71.241 0.064345 -0.00144536
119.68 13.0545 -0.248675 -0.801458 71.2487 0.0643614 -0.00145814
119.69 13.0564 -0.247739 -0.802088 71.2565 0.0643778 -0.00147096
119.7 13.0583 -0.2468 -0.802704 71.2642 0.0643943 -0.00148379
119.71 13.0602 -0.24586 -0.803305 71.2719 0.064411 -0.0014966
119.72 13.0621 -0.244917 -0.803891 71.2797 0.0644277 -0.00150936
119.73 13.0641 -0.243973 -0.804463 71.2874 0.0644445 -0.0015221
119.74 13.066 -0.243027 -0.80502 71.2951 0.0644613 -0.00153486
119.75 13.0679 -0.242079 -0.805562 71.3029 0.0644783 -0.00154765
119.76 13.0698 -0.241129 -0.806089 71.3106 0.0644953 -0.00156045
119.77 13.0717 -0.240178 -0.806601 71.3184 0.0645123 -0.00157323
119.78 13.0736 -0.239225 -0.807099 71.3261 0.0645295 -0.00158596
119.79 13.0755 -0.238271 -0.807582 71.3338 0.0645467 -0.00159867
119.8 13.0775 -0.237315 -0.80805 71.3416 0.064564 -0.00161136
119.81 13.0794 -0.236358 -0.808503 71.3493 0.0645813 -0.00162406
119.82 13.0813 -0.2354 -0.808941 71.357 0.0645988 -0.00163676
119.83 13.0832 -0.23444 -0.809365 71.3648 0.0646162 -0.00164946
119.84 13.0851 -0.233479 -0.809773 71.3725 0.0646337 -0.00166213
119.85 13.087 -0.232517 -0.810166 71.3802 0.0646513 -0.00167477
119.86 13.0889 -0.231554 -0.810545 71.388 0.064669 -0.00168738
119.87 13.0908 -0.230589 -0.810908 71.3957 0.0646867 -0.00169997
119.88 13.0927 -0.229624 -0.811257 71.4035 0.0647044 -0.00171254
119.89 13.0946 -0.228658 -0.81159 71.4112 0.0647222 -0.0017251
119.9 13.0965 -0.22769 -0.811909 71.4189 0.0647401 -0.00173764
119.91 13.0984 -0.226722 -0.812213 71.4267 0.064758 -0.00175016
119.92 13.1002 -0.225753 -0.812501 71.4344 0.0647759 -0.00176267
119.93 13.1021 -0.224783 -0.812775 71.4421 0.0647939 -0.00177514
119.94 13.104 -0.223812 -0.813034 71.4499 0.064812 -0.00178757
119.95 13.1059 -0.22284 -0.813277 71.4576 0.0648301 -0.00179996
119.96 13.1077 -0.221867 -0.813506 71.4654 0.0648482 -0.00181233
119.97 13.1096 -0.220894 -0.81372 71.4731 0.0648664 -0.00182467
119.98 13.1115 -0.21992 -0.813919 71.4808 0.0648846 -0.00183701
119.99 13.1133 -0.218945 -0.814102 71.4886 0.0649028 -0.00184932
120 13.1152 -0.217969 -0.814271 71.4963 0.0649211 -0.00186158
