0.01 0.00171121 -3.06381e-05 -0.0262323 6.56292e-05 0.000505791 -5.00584e-06
0.02 0.00590227 -5.19081e-05 -0.0311393 7.01359e-05 0.00125791 -1.02984e-05
0.03 0.010344 -3.65823e-05 0.029282 0.000112402 0.00113757 -3.67291e-06
0.04 0.0130024 -1.57839e-05 0.0991284 2.83781e-05 0.000708284 3.77394e-06
0.05 0.0143418 -4.21999e-05 0.154938 -2.3797e-05 0.000359346 6.81448e-06
0.06 0.0156115 -0.000120414 0.195782 -6.3302e-05 9.91521e-05 7.54105e-07
0.07 0.0170805 -0.000216489 0.224528 -5.90601e-05 0.000252384 -4.80806e-06
0.08 0.0192031 -0.000309863 0.252756 3.6956e-05 0.00048089 -6.87043e-06
0.09 0.0218812 -0.000377494 0.288848 7.19437e-05 0.000816755 -3.23721e-06
0.1 0.0247849 -0.00044795 0.338215 0.000159738 0.00107961 1.00425e-06
0.11 0.0277414 -0.000523235 0.400186 8.57699e-05 0.00121562 4.99106e-07
0.12 0.030443 -0.000616691 0.469169 7.87391e-05 0.00128304 -1.09114e-06
0.13 0.0328985 -0.000714253 0.537621 -3.96844e-05 0.00124426 -5.36098e-06
0.14 0.0350513 -0.000816263 0.597476 -1.00012e-05 0.00120152 -3.8704e-06
0.15 0.03709 -0.000921306 0.643758 -1.76274e-05 0.00120625 -3.56038e-06
0.16 0.0391733 -0.00103647 0.676195 9.37755e-05 0.00126428 -6.59454e-07
0.17 0.0413924 -0.0011539 0.698437 0.000134845 0.00139571 -2.43337e-06
0.18 0.0439327 -0.00126559 0.716838 0.000170505 0.00162058 -3.33492e-06
0.19 0.0466777 -0.00135383 0.738791 0.000131709 0.00178473 -5.32454e-06
0.2 0.0495977 -0.00142286 0.768667 5.13982e-05 0.00200019 -4.82752e-06
0.21 0.0525838 -0.00147806 0.808578 2.46149e-05 0.00210381 -3.65821e-06
0.22 0.0554385 -0.00153552 0.856135 -1.87551e-05 0.00213136 -2.92488e-06
0.23 0.0581485 -0.00160477 0.906041 8.83571e-05 0.00215372 -2.88018e-06
0.24 0.0606961 -0.00167422 0.953014 0.000101472 0.00206862 -3.72105e-06
0.25 0.0630849 -0.00175073 0.991522 0.000228085 0.00205691 -4.40899e-06
0.26 0.0655086 -0.00180493 1.01981 0.000156074 0.00204651 -4.32285e-06
0.27 0.0680154 -0.0018612 1.03867 0.000175673 0.00209387 -4.29192e-06
0.28 0.0706922 -0.00189544 1.05171 4.53559e-05 0.0021914 -4.29904e-06
0.29 0.0736054 -0.00193511 1.06383 5.59925e-05 0.00231631 -4.34741e-06
0.3 0.0766648 -0.00196321 1.07949 3.86049e-05 0.00242149 -5.20362e-06
0.31 0.0797869 -0.00198684 1.10108 0.000119741 0.00250321 -4.40449e-06
0.32 0.0829228 -0.0020044 1.12842 0.000196796 0.0025481 -5.21716e-06
0.33 0.0858842 -0.00200195 1.15922 0.000218141 0.00249701 -3.6147e-06
0.34 0.0887125 -0.00200323 1.1889 0.00023411 0.00248068 -5.06766e-06
0.35 0.0913688 -0.0019804 1.21415 0.000129256 0.00238575 -3.72928e-06
0.36 0.0938938 -0.00197559 1.23174 0.00011558 0.00234875 -5.56728e-06
0.37 0.0963847 -0.0019516 1.2414 4.14244e-05 0.00233707 -4.48747e-06
0.38 0.0989004 -0.00194574 1.2448 0.000126059 0.00234118 -5.37269e-06
0.39 0.101435 -0.00191867 1.24486 0.000155503 0.00240359 -5.02389e-06
0.4 0.104048 -0.00188778 1.24525 0.000258621 0.00245018 -4.84359e-06
0.41 0.106628 -0.00183024 1.24847 0.000254292 0.0025032 -5.71034e-06
0.42 0.109121 -0.00175072 1.25561 0.00023562 0.00250631 -4.68795e-06
0.43 0.111482 -0.00165798 1.26556 0.000164689 0.0025126 -6.20417e-06
0.44 0.113612 -0.00154649 1.27639 0.000105953 0.00243477 -4.39721e-06
0.45 0.115525 -0.0014471 1.28468 0.000116889 0.00240066 -6.3206e-06
0.46 0.117261 -0.00132874 1.28845 0.00014268 0.0023293 -4.14871e-06
0.47 0.118817 -0.00122895 1.28627 0.000251444 0.00228232 -6.47438e-06
0.48 0.120313 -0.00109014 1.27845 0.000269278 0.00229506 -4.56264e-06
0.49 0.12176 -0.000959352 1.26706 0.000316793 0.00227808 -6.66293e-06
0.5 0.123178 -0.000776222 1.25413 0.000222282 0.00233637 -5.61173e-06
0.51 0.12458 -0.000599434 1.24232 0.000199348 0.00234967 -6.52057e-06
0.52 0.125923 -0.000382975 1.2328 0.000119673 0.0023814 -6.68566e-06
0.53 0.127137 -0.00017465 1.22581 0.000166758 0.00236967 -5.70909e-06
0.54 0.128242 5.3029e-05 1.22009 0.000211481 0.00235521 -7.59088e-06
0.55 0.129162 0.000290493 1.21387 0.000289532 0.00230747 -4.57587e-06
0.56 0.129936 0.000531239 1.20508 0.000343149 0.00225929 -8.75312e-06
0.57 0.130614 0.000810032 1.19228 0.000298219 0.00224015 -4.05964e-06
0.58 0.131186 0.00107069 1.17539 0.000286921 0.00218603 -1.00262e-05
0.59 0.131756 0.00138389 1.15468 0.000165585 0.00222397 -4.68894e-06
0.6 0.132311 0.00165987 1.1322 0.00021018 0.00220364 -1.04416e-05
0.61 0.13287 0.00198904 1.10924 0.000169631 0.00224235 -6.03172e-06
0.62 0.13341 0.00228669 1.08737 0.000312912 0.00225721 -9.43921e-06
0.63 0.133918 0.00263144 1.06723 0.000316966 0.00224598 -7.73485e-06
0.64 0.134311 0.00297205 1.04821 0.000396263 0.00225182 -7.86297e-06
0.65 0.134624 0.0033356 1.02953 0.000323225 0.00219852 -1.00789e-05
0.66 0.134792 0.00371795 1.00941 0.000282857 0.00218317 -6.75886e-06
0.67 0.134843 0.00408028 0.986904 0.000220506 0.00211696 -1.25431e-05
0.68 0.134808 0.00447685 0.961016 0.000210266 0.00211531 -6.27728e-06
0.69 0.134682 0.00482539 0.932212 0.000279899 0.00206754 -1.38165e-05
0.7 0.134504 0.00522724 0.90096 0.000322585 0.00208185 -6.66059e-06
0.71 0.134287 0.00558623 0.868678 0.000419624 0.00207988 -1.38018e-05
0.72 0.13398 0.00600649 0.836552 0.000377195 0.00206811 -8.38052e-06
0.73 0.133617 0.0064002 0.805051 0.000385784 0.0020971 -1.31702e-05
0.74 0.133118 0.00683177 0.774812 0.000265904 0.0020471 -1.10435e-05
0.75 0.13249 0.00724785 0.744775 0.000279614 0.00205853 -1.22933e-05
0.76 0.131695 0.00766246 0.714546 0.000239133 0.00200196 -1.37076e-05
0.77 0.130762 0.0080817 0.682837 0.000347767 0.00198359 -1.10514e-05
0.78 0.12965 0.00847399 0.649131 0.000384563 0.0019472 -1.56532e-05
0.79 0.128453 0.00890312 0.613206 0.00045681 0.00192858 -1.03206e-05
0.8 0.127121 0.00929342 0.575398 0.000427387 0.00192331 -1.73101e-05
0.81 0.125722 0.00973828 0.536596 0.000371661 0.00191208 -1.13128e-05
0.82 0.124247 0.0101318 0.497502 0.000322498 0.00193828 -1.84288e-05
0.83 0.122687 0.0105726 0.459235 0.000274425 0.00191709 -1.33151e-05
0.84 0.121048 0.0109598 0.421739 0.000344302 0.00194658 -1.81717e-05
0.85 0.119323 0.011381 0.385403 0.00036768 0.00192196 -1.5395e-05
0.86 0.117484 0.0117686 0.349446 0.000484593 0.00191795 -1.68334e-05
0.87 0.115573 0.0121731 0.31335 0.000460992 0.00191213 -1.78581e-05
0.88 0.113571 0.0125714 0.276634 0.000479212 0.00188124 -1.57403e-05
0.89 0.11152 0.0129553 0.238723 0.000383319 0.00189504 -2.1095e-05
0.9 0.109438 0.0133523 0.200003 0.000351192 0.00187435 -1.57435e-05
0.91 0.107355 0.0137012 0.160586 0.000337087 0.00189653 -2.3723e-05
0.92 0.105266 0.014079 0.121343 0.000374687 0.00189572 -1.62062e-05
0.93 0.103218 0.0143981 0.0826871 0.000477673 0.00191781 -2.4268e-05
0.94 0.101167 0.014759 0.045235 0.00049905 0.00192216 -1.7269e-05
0.95 0.0991371 0.0150712 0.00896483 0.000554284 0.00192637 -2.38685e-05
0.96 0.0971195 0.0154162 -0.0262727 0.000456172 0.00193504 -1.99556e-05
0.97 0.0950893 0.0157217 -0.0607973 0.000447922 0.00190811 -2.36045e-05
0.98 0.0930835 0.0160268 -0.0953505 0.000358423 0.0019251 -2.34951e-05
0.99 0.0910775 0.0163052 -0.129917 0.000419795 0.001888 -2.29709e-05
1 0.0891001 0.016556 -0.165031 0.00043948 0.00190146 -2.62563e-05
1.01 0.0871532 0.0168055 -0.200224 0.000542192 0.00188528 -2.20347e-05
1.02 0.0852493 0.0170183 -0.23535 0.000567058 0.00188504 -2.79047e-05
1.03 0.0833727 0.0172493 -0.26991 0.000570217 0.00188827 -2.22417e-05
1.04 0.0815421 0.0174396 -0.303509 0.000521518 0.0018755 -2.94907e-05
1.05 0.0797203 0.0176448 -0.336039 0.000445269 0.00187923 -2.41503e-05
1.06 0.0779093 0.0178026 -0.367405 0.000446243 0.0018503 -3.07879e-05
1.07 0.0761 0.0179627 -0.398028 0.000436941 0.00185064 -2.5982e-05
1.08 0.0742691 0.018079 -0.427976 0.00056149 0.00180501 -3.06275e-05
1.09 0.0724302 0.0181956 -0.457885 0.000572055 0.00180221 -2.72382e-05
1.1 0.0705814 0.0182839 -0.487608 0.000665902 0.00176088 -3.01669e-05
1.11 0.0687133 0.0183704 -0.517393 0.000568557 0.00174578 -2.94526e-05
1.12 0.0668576 0.0184373 -0.546932 0.000576279 0.00172821 -3.06796e-05
1.13 0.0649885 0.0184878 -0.575887 0.000468295 0.00169861 -3.23955e-05
1.14 0.0631287 0.0185234 -0.604091 0.000512839 0.00169541 -3.13588e-05
1.15 0.0612599 0.0185299 -0.631092 0.000523036 0.00165924 -3.45542e-05
1.16 0.0593958 0.0185377 -0.657016 0.00061249 0.00165246 -3.10865e-05
1.17 0.0575072 0.0185102 -0.681722 0.000672485 0.00161199 -3.55955e-05
1.18 0.0556346 0.018504 -0.705567 0.000670978 0.00159881 -3.10356e-05
1.19 0.0537356 0.0184541 -0.728586 0.00066581 0.00155752 -3.70816e-05
1.2 0.0518629 0.0184319 -0.751071 0.000559122 0.00153755 -3.30292e-05
1.21 0.0499976 0.0183556 -0.772995 0.000568319 0.00151121 -3.86772e-05
1.22 0.0481679 0.0182998 -0.794221 0.000525746 0.00147899 -3.55391e-05
1.23 0.0463798 0.0181956 -0.814723 0.00064361 0.0014745 -3.84484e-05
1.24 0.0446483 0.0181067 -0.83398 0.000672822 0.00143478 -3.72954e-05
1.25 0.0429695 0.0179956 -0.852084 0.000757389 0.00143467 -3.74343e-05
1.26 0.0413613 0.0178891 -0.868634 0.000719782 0.00140009 -3.96939e-05
1.27 0.0398156 0.0177824 -0.88379 0.000687021 0.00138603 -3.76037e-05
1.28 0.0383357 0.0176543 -0.897582 0.000629585 0.00136039 -4.30055e-05
1.29 0.0369341 0.0175389 -0.910118 0.000602034 0.00133144 -3.8562e-05
1.3 0.0356022 0.0173796 -0.921677 0.000646195 0.00131423 -4.52965e-05
1.31 0.0343528 0.0172475 -0.932165 0.000688281 0.0012747 -3.9064e-05
1.32 0.0331956 0.0170666 -0.941854 0.000789726 0.00126884 -4.56468e-05
1.33 0.0321188 0.0169262 -0.950364 0.000791869 0.00122308 -3.99807e-05
1.34 0.0311436 0.0167424 -0.957902 0.000810715 0.00122107 -4.60896e-05
1.35 0.0302527 0.0165983 -0.964037 0.000714024 0.00118142 -4.30034e-05
1.36 0.0294476 0.0164132 -0.968883 0.000697986 0.0011629 -4.71811e-05
1.37 0.0287228 0.0162504 -0.972382 0.000658595 0.00113997 -4.66102e-05
1.38 0.0280657 0.0160578 -0.97448 0.000737539 0.0010963 -4.67667e-05
1.39 0.0274713 0.0158706 -0.975575 0.000798355 0.00108454 -4.91923e-05
1.4 0.0269308 0.0156848 -0.975474 0.000863063 0.00102798 -4.53158e-05
1.41 0.0264441 0.0154858 -0.974682 0.00088397 0.00101548 -5.18836e-05
1.42 0.0259926 0.0153185 -0.972934 0.000823581 0.000961108 -4.53073e-05
1.43 0.0255976 0.0151096 -0.970533 0.000812454 0.000941693 -5.52495e-05
1.44 0.0252241 0.0149506 -0.967221 0.000723756 0.000898175 -4.71049e-05
1.45 0.0248971 0.0147297 -0.963043 0.000797226 0.000865342 -5.74816e-05
1.46 0.0245917 0.0145682 -0.957934 0.000784134 0.00083839 -4.9012e-05
1.47 0.0243103 0.0143494 -0.951732 0.000929083 0.000786706 -5.7012e-05
1.48 0.0240491 0.0141873 -0.944721 0.000922289 0.000772503 -5.13287e-05
1.49 0.0238013 0.0139955 -0.936629 0.00097662 0.000711736 -5.58482e-05
1.5 0.0235657 0.0138348 -0.927916 0.000889189 0.000694213 -5.60414e-05
1.51 0.0233472 0.013677 -0.918373 0.000852959 0.000644249 -5.56915e-05
1.52 0.0231431 0.0135044 -0.908264 0.000823943 0.000611915 -6.12949e-05
1.53 0.0229634 0.0133679 -0.89754 0.000851316 0.000581639 -5.52511e-05
1.54 0.0228097 0.0131837 -0.886126 0.000948496 0.000537898 -6.42799e-05
1.55 0.0226951 0.0130708 -0.874097 0.000982489 0.000522131 -5.49152e-05
1.56 0.0226112 0.0129001 -0.861181 0.001058 0.000475148 -6.57359e-05
1.57 0.0225877 0.0128145 -0.847553 0.000989416 0.000464925 -5.68001e-05
1.58 0.0225984 0.0126719 -0.832949 0.000999367 0.000421916 -6.7098e-05
1.59 0.0226804 0.0125985 -0.817606 0.000899582 0.00040648 -6.11589e-05
1.6 0.0228142 0.0124835 -0.801412 0.000945643 0.000377877 -6.7589e-05
1.61 0.0230185 0.012406 -0.784492 0.000937105 0.000347737 -6.55472e-05
1.62 0.0232986 0.0123198 -0.766959 0.00105731 0.000339696 -6.60649e-05
1.63 0.0236527 0.0122409 -0.748669 0.0010941 0.000298195 -6.89286e-05
1.64 0.0240987 0.0121951 -0.72988 0.00114232 0.000301929 -6.49056e-05
1.65 0.0246264 0.012129 -0.710284 0.00109454 0.000264006 -7.30473e-05
1.66 0.0252559 0.0121228 -0.690107 0.00103702 0.000264188 -6.60993e-05
1.67 0.025967 0.0120654 -0.669126 0.00101188 0.000240281 -7.69618e-05
1.68 0.0267838 0.0120775 -0.647454 0.00101064 0.00022887 -6.79042e-05
1.69 0.027679 0.0120258 -0.625089 0.00110751 0.000219667 -7.84321e-05
1.7 0.0286697 0.0120497 -0.602038 0.00114164 0.000195693 -6.98324e-05
1.71 0.0297401 0.0120219 -0.578515 0.00123515 0.000198856 -7.80709e-05
1.72 0.0308882 0.0120586 -0.554396 0.00119116 0.000165862 -7.33798e-05
1.73 0.032113 0.0120656 -0.530022 0.00120246 0.000175293 -7.77186e-05
1.74 0.0334053 0.0121032 -0.505166 0.00111801 0.000143873 -7.88314e-05
1.75 0.0347589 0.0121399 -0.480123 0.00111958 0.00014774 -7.76788e-05
1.76 0.0361751 0.0121638 -0.45473 0.00113325 0.000129315 -8.37866e-05
1.77 0.0376341 0.0122228 -0.429093 0.00120001 0.000119749 -7.66929e-05
1.78 0.0391452 0.0122368 -0.403255 0.00130414 0.000115194 -8.65608e-05
1.79 0.040683 0.0123229 -0.377157 0.00131282 9.51395e-05 -7.64129e-05
1.8 0.0422622 0.0123487 -0.351023 0.00134247 9.72322e-05 -8.88376e-05
1.81 0.0438504 0.0124569 -0.324736 0.00123647 7.36747e-05 -7.91574e-05
1.82 0.0454761 0.0124988 -0.298578 0.00124608 7.69034e-05 -9.03965e-05
1.83 0.047098 0.0126015 -0.272429 0.00120019 5.55674e-05 -8.32965e-05
1.84 0.0487532 0.0126568 -0.246514 0.00129668 5.61266e-05 -8.97171e-05
1.85 0.0504052 0.0127452 -0.22075 0.0013353 4.3366e-05 -8.71195e-05
1.86 0.0520843 0.0128272 -0.195206 0.00142177 3.70209e-05 -8.7806e-05
1.87 0.0537672 0.0129111 -0.16992 0.00143176 3.64726e-05 -9.08923e-05
1.88 0.0554776 0.0130262 -0.144783 0.00141813 2.40512e-05 -8.69569e-05
1.89 0.0571964 0.0131098 -0.119969 0.00138102 3.12039e-05 -9.52288e-05
1.9 0.05895 0.0132461 -0.0953031 0.00132518 1.99277e-05 -8.79114e-05
1.91 0.0607193 0.0133248 -0.0709863 0.00136258 2.73829e-05 -9.83358e-05
1.92 0.0625302 0.0134634 -0.0469096 0.00138478 2.33729e-05 -8.88134e-05
1.93 0.0643706 0.0135408 -0.0231848 0.00152392 2.84021e-05 -9.85533e-05
1.94 0.0662608 0.0136808 0.000195366 0.00152913 3.38064e-05 -9.01822e-05
1.95 0.0681931 0.0137763 0.023258 0.00159522 3.64004e-05 -9.82869e-05
1.96 0.0701887 0.0139199 0.0459158 0.00148857 5.23313e-05 -9.37106e-05
1.97 0.0722353 0.014033 0.0683347 0.00150294 5.28811e-05 -9.83577e-05
1.98 0.0743562 0.0141607 0.0903375 0.00143952 7.72218e-05 -9.77179e-05
1.99 0.0765377 0.0142778 0.112155 0.0015223 8.01889e-05 -9.73492e-05
2 0.0787956 0.0143805 0.133589 0.00155938 0.000105095 -0.000100711
2.01 0.0811226 0.0145036 0.154786 0.00164695 0.000117973 -9.55989e-05
2.02 0.0835242 0.0145896 0.175655 0.00168229 0.000136342 -0.000102923
2.03 0.0859964 0.0147208 0.196151 0.00166766 0.000162194 -9.49748e-05
2.04 0.0885398 0.014792 0.216352 0.00167703 0.000173965 -0.000104815
2.05 0.0911523 0.0149156 0.23606 0.00160083 0.00020985 -9.62252e-05
2.06 0.0938254 0.0149675 0.255479 0.00164514 0.000219331 -0.000105756
2.07 0.0965658 0.0150622 0.274349 0.0016193 0.000259678 -9.80734e-05
2.08 0.0993511 0.0150937 0.292903 0.00173841 0.000272224 -0.000104386
2.09 0.102196 0.0151492 0.310906 0.00176526 0.000309509 -9.96856e-05
2.1 0.105071 0.0151689 0.328498 0.001863 0.000331863 -0.000101802
2.11 0.107989 0.0151879 0.345564 0.00183123 0.000358377 -0.000102258
2.12 0.110927 0.0152021 0.362045 0.00180487 0.000394612 -0.000100348
2.13 0.11389 0.0151792 0.37801 0.00175255 0.00040953 -0.000105393
2.14 0.116859 0.0151691 0.393225 0.00173768 0.000455357 -9.93488e-05
2.15 0.11984 0.0150919 0.407889 0.00181469 0.000466856 -0.000106503
2.16 0.122815 0.0150409 0.421725 0.00189305 0.000512111 -9.77905e-05
2.17 0.12579 0.0149218 0.434914 0.00200522 0.000529911 -0.00010567
2.18 0.12875 0.0148406 0.447276 0.0019928 0.000566463 -9.74452e-05
2.19 0.131705 0.0146981 0.458865 0.00198982 0.000595992 -0.000104955
2.2 0.134635 0.0145807 0.469657 0.00189259 0.000621105 -9.88578e-05
2.21 0.137565 0.0144024 0.479556 0.00190466 0.000662606 -0.000103884
2.22 0.140462 0.014224 0.488685 0.00192391 0.000679444 -0.000100076
2.23 0.143369 0.0140003 0.496845 0.0020315 0.000727196 -0.000101088
2.24 0.146244 0.0137637 0.504228 0.00210353 0.000745287 -0.000100479
2.25 0.149134 0.0135083 0.510654 0.00214891 0.000788924 -9.77884e-05
2.26 0.152002 0.0132226 0.516244 0.00214707 0.000819072 -0.000101199
2.27 0.154892 0.0129356 0.520972 0.00209101 0.000851432 -9.55861e-05
2.28 0.157772 0.0125887 0.524794 0.00210845 0.000896919 -0.000102226
2.29 0.160679 0.0122554 0.527867 0.00206958 0.000920329 -9.3923e-05
2.3 0.163593 0.0118415 0.53002 0.00217198 0.000975083 -0.000101987
2.31 0.166537 0.0114562 0.531493 0.00217819 0.000998516 -9.20051e-05
2.32 0.169504 0.0109847 0.53211 0.00230304 0.00105295 -9.95941e-05
2.33 0.172507 0.0105451 0.532063 0.00228842 0.00108581 -9.08999e-05
2.34 0.17554 0.0100266 0.53128 0.00235323 0.00113201 -9.63622e-05
2.35 0.178618 0.0095244 0.529809 0.00229211 0.00118025 -9.18111e-05
2.36 0.181728 0.00896334 0.527751 0.00228466 0.00121532 -9.31943e-05
2.37 0.18489 0.00838209 0.524976 0.00227735 0.0012779 -9.32761e-05
2.38 0.188081 0.00776944 0.521737 0.00230758 0.00130683 -8.88233e-05
2.39 0.191324 0.00709757 0.5178 0.00242436 0.00137463 -9.32096e-05
2.4 0.194593 0.00642995 0.513442 0.00247967 0.00140798 -8.37829e-05
2.41 0.197907 0.00568043 0.508475 0.00257416 0.0014698 -9.22733e-05
2.42 0.201241 0.00496412 0.503052 0.00249937 0.00151556 -8.0889e-05
2.43 0.204609 0.00414776 0.497139 0.00250499 0.00156608 -9.11987e-05
2.44 0.207991 0.00336112 0.490702 0.00240969 0.00162463 -7.99786e-05
2.45 0.21139 0.00246601 0.483869 0.00249543 0.00166585 -8.81973e-05
2.46 0.214797 0.00158124 0.47646 0.00254676 0.00173169 -7.89079e-05
2.47 0.218201 0.000612618 0.468691 0.00269171 0.00176976 -8.27926e-05
2.48 0.221605 -0.000362524 0.460335 0.00272411 0.00183485 -7.81725e-05
2.49 0.224992 -0.00138489 0.451591 0.00274335 0.001877 -7.73761e-05
2.5 0.228367 -0.00244844 0.442297 0.00268433 0.00193403 -7.88077e-05
2.51 0.231715 -0.00353382 0.432536 0.00265176 0.0019847 -7.29807e-05
2.52 0.235039 -0.00470456 0.422286 0.00268504 0.0020314 -7.9178e-05
2.53 0.23833 -0.00586854 0.411479 0.002729 0.00208868 -6.84777e-05
2.54 0.24159 -0.00714024 0.40022 0.00284594 0.00212928 -7.74022e-05
2.55 0.244812 -0.00837883 0.388358 0.00287784 0.00218685 -6.42271e-05
2.56 0.248002 -0.00973152 0.376041 0.00294877 0.00222782 -7.39523e-05
2.57 0.251154 -0.0110484 0.363136 0.00290527 0.00228018 -6.21655e-05
2.58 0.254277 -0.012475 0.349744 0.00294055 0.00232547 -7.00754e-05
2.59 0.257363 -0.0138855 0.335819 0.00289667 0.00237056 -6.2367e-05
2.6 0.260431 -0.0153781 0.321374 0.00293926 0.00242087 -6.51942e-05
2.61 0.263464 -0.016892 0.306474 0.00297499 0.00245968 -6.27067e-05
2.62 0.266492 -0.018443 0.291044 0.00304301 0.00251296 -5.85291e-05
2.63 0.269493 -0.0200589 0.275233 0.00313988 0.00254935 -6.21917e-05
2.64 0.272499 -0.0216616 0.25893 0.00317092 0.00260119 -5.22354e-05
2.65 0.275491 -0.0233629 0.242297 0.00321812 0.00264049 -6.15362e-05
2.66 0.278496 -0.0250151 0.225271 0.0031386 0.00268671 -4.88884e-05
2.67 0.281501 -0.0267898 0.207942 0.00316086 0.00273229 -6.01401e-05
2.68 0.284527 -0.0285134 0.190352 0.00312232 0.00277193 -4.73051e-05
2.69 0.287563 -0.0303583 0.172491 0.00324762 0.00282353 -5.58825e-05
2.7 0.290626 -0.0321696 0.154504 0.00333268 0.00285857 -4.58163e-05
2.71 0.293707 -0.0340617 0.136296 0.00344435 0.00291368 -4.94011e-05
2.72 0.296816 -0.035948 0.118076 0.00345502 0.00294752 -4.5808e-05
2.73 0.299948 -0.0378685 0.099718 0.00341638 0.0030023 -4.39119e-05
2.74 0.303106 -0.0398328 0.0814225 0.0033795 0.00303938 -4.74749e-05
2.75 0.306285 -0.0417991 0.0631026 0.00335883 0.0030891 -3.97211e-05
2.76 0.309487 -0.0438525 0.0448739 0.00347414 0.00313357 -4.75085e-05
2.77 0.312703 -0.0458756 0.0267553 0.00353993 0.00317505 -3.51403e-05
2.78 0.315936 -0.0479958 0.00873011 0.00368233 0.00322774 -4.48387e-05
2.79 0.319173 -0.0500689 -0.0090662 0.00366778 0.00326185 -3.17707e-05
2.8 0.322416 -0.0522372 -0.0267611 0.00370764 0.00331921 -4.19326e-05
2.81 0.325651 -0.0543725 -0.0441612 0.00362874 0.00335027 -3.16209e-05
2.82 0.328881 -0.0565936 -0.0614285 0.00369139 0.00340631 -3.91065e-05
2.83 0.332092 -0.0588062 -0.0783975 0.00368335 0.00343971 -3.25708e-05
2.84 0.335284 -0.0610736 -0.0951788 0.00379371 0.00348844 -3.45178e-05
2.85 0.338448 -0.0633605 -0.111708 0.00384417 0.00352841 -3.26037e-05
2.86 0.341579 -0.0656644 -0.127984 0.00391984 0.00356627 -2.89909e-05
2.87 0.344676 -0.0680194 -0.144073 0.00396508 0.00361334 -3.28536e-05
2.88 0.347728 -0.070359 -0.159861 0.00397397 0.0036418 -2.52164e-05
2.89 0.350745 -0.0727739 -0.175505 0.00400042 0.00369105 -3.38089e-05
2.9 0.353708 -0.0751497 -0.190851 0.00395076 0.00371643 -2.36131e-05
2.91 0.356635 -0.0776162 -0.206046 0.00402473 0.00376002 -3.36757e-05
2.92 0.359508 -0.0800383 -0.221001 0.00402466 0.00378916 -2.25587e-05
2.93 0.362346 -0.0825456 -0.235755 0.00418459 0.00382159 -3.09962e-05
2.94 0.365134 -0.0850157 -0.250347 0.00423607 0.00385719 -2.19479e-05
2.95 0.36789 -0.0875366 -0.264683 0.00433149 0.00387858 -2.72905e-05
2.96 0.370607 -0.0900402 -0.278903 0.00428665 0.00391784 -2.37245e-05
2.97 0.373298 -0.0925596 -0.292838 0.00426776 0.00393362 -2.51668e-05
2.98 0.375962 -0.0951001 -0.306642 0.00424356 0.00396975 -2.71655e-05
2.99 0.378608 -0.0976264 -0.320172 0.00429629 0.00398789 -2.35382e-05
3 0.381239 -0.100201 -0.333488 0.0044393 0.00401385 -2.84344e-05
3.01 0.383865 -0.102725 -0.34657 0.0045321 0.00404016 -2.06575e-05
3.02 0.386484 -0.105299 -0.35932 0.0046302 0.0040536 -2.78615e-05
3.03 0.389111 -0.107807 -0.371865 0.00459219 0.00408744 -1.99922e-05
3.04 0.391739 -0.110366 -0.383979 0.00458463 0.00409317 -2.89681e-05
3.05 0.394384 -0.11287 -0.395857 0.00454098 0.00412775 -2.31113e-05
3.06 0.397036 -0.115417 -0.407257 0.00462722 0.00413478 -2.98892e-05
3.07 0.399711 -0.117919 -0.41832 0.00469967 0.00416199 -2.53848e-05
3.08 0.402398 -0.120436 -0.428905 0.00482041 0.00417768 -2.79787e-05
3.09 0.405107 -0.122921 -0.43901 0.00488542 0.00419321 -2.64877e-05
3.1 0.407831 -0.125397 -0.448658 0.00490897 0.00421927 -2.6714e-05
3.11 0.410569 -0.127864 -0.457692 0.00492744 0.00422496 -3.01583e-05
3.12 0.413323 -0.130305 -0.466273 0.00492013 0.00425677 -2.79612e-05
3.13 0.416081 -0.132753 -0.474161 0.00497483 0.00425967 -3.46728e-05
3.14 0.41885 -0.135156 -0.481552 0.00497816 0.00428896 -2.90314e-05
3.15 0.421612 -0.137583 -0.488246 0.00509809 0.00429715 -3.7172e-05
3.16 0.424376 -0.13995 -0.494361 0.00512063 0.00431715 -2.96565e-05
3.17 0.427124 -0.142352 -0.499829 0.00526388 0.00433448 -3.87067e-05
3.18 0.429861 -0.144688 -0.504637 0.00527979 0.00434415 -3.18891e-05
3.19 0.432573 -0.147051 -0.508857 0.00534627 0.00436792 -4.06093e-05
3.2 0.435261 -0.149353 -0.512379 0.0052988 0.00437182 -3.66998e-05
3.21 0.437915 -0.151674 -0.515354 0.00531434 0.00439521 -4.29428e-05
3.22 0.440537 -0.153959 -0.517655 0.00534398 0.0043997 -4.26843e-05
3.23 0.443115 -0.15624 -0.519418 0.00543407 0.00441621 -4.39697e-05
3.24 0.445659 -0.15851 -0.520586 0.00560064 0.00442542 -4.70554e-05
3.25 0.448151 -0.160738 -0.521211 0.00565371 0.00443224 -4.34849e-05
3.26 0.45061 -0.162972 -0.52134 0.00573348 0.00444589 -5.13339e-05
3.27 0.453012 -0.165141 -0.520931 0.00564494 0.00444498 -4.61351e-05
3.28 0.455388 -0.167339 -0.520111 0.00567271 0.00445858 -5.80442e-05
3.29 0.457707 -0.169466 -0.518795 0.0056463 0.00445513 -5.18558e-05
3.3 0.460005 -0.171625 -0.517111 0.00581431 0.00446284 -6.27095e-05
3.31 0.462254 -0.173705 -0.515006 0.00589934 0.00446163 -5.53593e-05
3.32 0.464489 -0.175795 -0.512543 0.00603849 0.00446002 -6.36301e-05
3.33 0.466687 -0.177816 -0.509746 0.00605093 0.00446253 -5.9568e-05
3.34 0.468879 -0.179827 -0.506584 0.0060517 0.00445223 -6.67465e-05
3.35 0.471047 -0.181794 -0.503159 0.00604007 0.00445648 -6.84118e-05
3.36 0.473218 -0.183727 -0.499367 0.00607541 0.00444105 -7.16664e-05
3.37 0.475378 -0.185633 -0.495343 0.00616453 0.00444332 -7.63805e-05
3.38 0.477549 -0.187471 -0.490967 0.00623757 0.0044274 -7.3882e-05
3.39 0.47972 -0.189302 -0.486346 0.00636039 0.00442406 -8.15086e-05
3.4 0.481912 -0.191041 -0.4814 0.00638594 0.00441144 -7.63985e-05
3.41 0.48411 -0.192791 -0.476163 0.00647676 0.00440062 -8.79494e-05
3.42 0.486335 -0.194433 -0.470632 0.00647514 0.0043928 -8.22464e-05
3.43 0.488569 -0.196088 -0.464749 0.00653562 0.00437533 -9.47592e-05
3.44 0.490833 -0.197631 -0.458591 0.00652339 0.0043712 -8.95991e-05
3.45 0.493106 -0.199183 -0.45203 0.00659808 0.00435003 -9.95159e-05
3.46 0.495406 -0.200642 -0.445187 0.00665904 0.00434694 -9.72711e-05
3.47 0.497713 -0.202085 -0.437918 0.00677704 0.00432582 -0.000102375
3.48 0.500041 -0.203465 -0.430333 0.00690563 0.00432077 -0.000104766
3.49 0.50237 -0.204787 -0.422329 0.00694094 0.00430313 -0.00010467
3.5 0.504709 -0.206083 -0.413958 0.00698032 0.0042937 -0.000113428
3.51 0.507043 -0.20729 -0.405202 0.00691674 0.00428156 -0.000109807
3.52 0.509374 -0.208514 -0.396034 0.00697334 0.00426697 -0.000123459
3.53 0.511692 -0.20963 -0.386525 0.00701318 0.00425986 -0.000116437
3.54 0.513993 -0.21078 -0.376588 0.00720829 0.00424176 -0.000129377
3.55 0.516274 -0.211811 -0.366346 0.007307 0.00423666 -0.000120864
3.56 0.518525 -0.212864 -0.355704 0.00740178 0.00421849 -0.00013172
3.57 0.520751 -0.213824 -0.344776 0.00739344 0.00421144 -0.000128298
3.58 0.522936 -0.214788 -0.333519 0.00735818 0.00419643 -0.000137316
3.59 0.525091 -0.215701 -0.321988 0.00739184 0.00418437 -0.000140316
3.6 0.527199 -0.216585 -0.310226 0.0074548 0.00417364 -0.000142706
3.61 0.529274 -0.21745 -0.298214 0.0076207 0.00415606 -0.000148473
3.62 0.5313 -0.218246 -0.286068 0.0076954 0.00414774 -0.000143872
3.63 0.533294 -0.219055 -0.273728 0.00782523 0.00412719 -0.000153824
3.64 0.53524 -0.219776 -0.261324 0.00779611 0.00411694 -0.000147873
3.65 0.537159 -0.22053 -0.248821 0.00786771 0.00409766 -0.000162233
3.66 0.539035 -0.221191 -0.236292 0.00785526 0.00408105 -0.000156046
3.67 0.540891 -0.221879 -0.223784 0.00795747 0.00406594 -0.000169107
3.68 0.54271 -0.222477 -0.211269 0.00799213 0.00404149 -0.000162847
3.69 0.544521 -0.223087 -0.198885 0.00811637 0.00402982 -0.000171995
3.7 0.546303 -0.223629 -0.186526 0.00818127 0.00400026 -0.000169321
3.71 0.548088 -0.224157 -0.174365 0.00828548 0.0039878 -0.000174814
3.72 0.549852 -0.224644 -0.162286 0.00836981 0.00395856 -0.00017735
3.73 0.551631 -0.225077 -0.150416 0.00839 0.00394012 -0.000178256
3.74 0.553396 -0.225497 -0.13871 0.00843339 0.00391631 -0.000186022
3.75 0.555184 -0.225835 -0.127181 0.00841308 0.00388895 -0.000182712
3.76 0.556967 -0.226191 -0.115894 0.00852553 0.00387231 -0.000194097
3.77 0.558775 -0.226445 -0.10474 0.00859283 0.00383762 -0.000187269
3.78 0.560586 -0.226723 -0.0938709 0.00880741 0.00382532 -0.000198166
3.79 0.562421 -0.226888 -0.083112 0.00885782 0.00378911 -0.000190445
3.8 0.564261 -0.227066 -0.0726255 0.00894276 0.00377545 -0.000200448
3.81 0.566122 -0.227155 -0.0622598 0.00889223 0.00374453 -0.000197504
3.82 0.567986 -0.22724 -0.0521047 0.00890555 0.00372473 -0.000205985
3.83 0.569866 -0.227273 -0.0421028 0.00896315 0.00370304 -0.000207521
3.84 0.571741 -0.227267 -0.0322328 0.00910444 0.00367645 -0.000208796
3.85 0.573627 -0.227237 -0.0225446 0.00927801 0.00366323 -0.000211807
3.86 0.575497 -0.227133 -0.0129309 0.00936268 0.00363364 -0.000207231
3.87 0.577369 -0.227041 -0.00350292 0.00944173 0.00362428 -0.000214996
3.88 0.579215 -0.226868 0.00586393 0.00939657 0.00359759 -0.000211023
3.89 0.581052 -0.226728 0.0150705 0.00944993 0.00358659 -0.000222479
3.9 0.582853 -0.226511 0.0241871 0.00948977 0.0035674 -0.000217596
3.91 0.584632 -0.226317 0.0331826 0.009629 0.00355182 -0.000225598
3.92 0.586371 -0.22606 0.042039 0.00972929 0.00354077 -0.000219319
3.93 0.588074 -0.22582 0.0507977 0.00984936 0.00352183 -0.00022412
3.94 0.589735 -0.225546 0.0593732 0.0099106 0.00351531 -0.000221859
3.95 0.59135 -0.225278 0.0678335 0.0099649 0.00349713 -0.000225624
3.96 0.592922 -0.225002 0.0760831 0.0100363 0.0034898 -0.00022747
3.97 0.594444 -0.224709 0.084155 0.0100616 0.00347642 -0.000227406
3.98 0.595924 -0.22443 0.0920006 0.0101464 0.00346447 -0.000231084
3.99 0.597355 -0.224127 0.0995814 0.0101834 0.00345718 -0.0002272
4 0.598746 -0.223859 0.10692 0.010324 0.00344023 -0.000232855
4.01 0.600095 -0.223559 0.113912 0.0104031 0.00343684 -0.000226908
4.02 0.601409 -0.223301 0.120628 0.0105817 0.00341765 -0.00023311
4.03 0.602689 -0.223002 0.12694 0.0106053 0.00341364 -0.000226381
4.04 0.603942 -0.222743 0.132914 0.0106684 0.00339615 -0.000233018
4.05 0.60517 -0.222456 0.138455 0.0106416 0.00338717 -0.000228645
4.06 0.606383 -0.222204 0.143577 0.0106973 0.0033742 -0.000234439
4.07 0.607578 -0.221939 0.148262 0.0108107 0.00335864 -0.000231676
4.08 0.60877 -0.221683 0.15245 0.0109734 0.00335036 -0.000231713
4.09 0.609952 -0.221423 0.15621 0.0111502 0.00332971 -0.00022956
4.1 0.611141 -0.221146 0.159429 0.0111866 0.0033237 -0.000226135
4.11 0.612325 -0.220889 0.162223 0.0112533 0.00330135 -0.000229199
4.12 0.613524 -0.220603 0.164472 0.0111788 0.00329426 -0.000226663
4.13 0.614723 -0.220351 0.166292 0.011291 0.00327386 -0.000232962
4.14 0.615939 -0.220057 0.167602 0.0113568 0.00326326 -0.000226996
4.15 0.617158 -0.219787 0.168471 0.0115721 0.00324736 -0.000229983
4.16 0.618394 -0.219471 0.168892 0.0116636 0.00323284 -0.000221339
4.17 0.619632 -0.219176 0.168869 0.0117889 0.00322197 -0.000223952
4.18 0.620882 -0.218854 0.168469 0.0117955 0.00320507 -0.000219569
4.19 0.622131 -0.218547 0.167642 0.0118427 0.00319783 -0.000223519
4.2 0.623384 -0.218222 0.166501 0.0119111 0.00318126 -0.000221187
4.21 0.62463 -0.217896 0.164977 0.0119913 0.00317555 -0.000221103
4.22 0.625871 -0.217561 0.163184 0.0121206 0.00316206 -0.000217938
4.23 0.627097 -0.217223 0.161074 0.0122082 0.00315613 -0.000214337
4.24 0.628309 -0.216897 0.158719 0.012343 0.00314744 -0.000213896
4.25 0.629497 -0.216565 0.156118 0.0124086 0.00314067 -0.000209388
4.26 0.630663 -0.216259 0.153283 0.0125454 0.00313688 -0.000211637
4.27 0.631798 -0.215936 0.150262 0.012563 0.00312996 -0.000204976
4.28 0.632903 -0.215655 0.147018 0.0126437 0.00312956 -0.000208501
4.29 0.633972 -0.21536 0.143619 0.0126633 0.00312418 -0.000200667
4.3 0.635005 -0.215126 0.140017 0.0127784 0.00312463 -0.000204713
4.31 0.636001 -0.214882 0.136255 0.0129079 0.00312254 -0.000196202
4.32 0.636956 -0.214697 0.132317 0.0130841 0.00312155 -0.000197305
4.33 0.637877 -0.214509 0.128191 0.0132084 0.00312339 -0.000189294
4.34 0.638758 -0.214369 0.123908 0.0132374 0.00312009 -0.000188367
4.35 0.639608 -0.21426 0.119399 0.0132753 0.00312455 -0.000186068
4.36 0.640422 -0.214188 0.11473 0.0132514 0.00311988 -0.000183966
4.37 0.641214 -0.214175 0.109805 0.0133962 0.00312399 -0.000185416
4.38 0.641976 -0.214167 0.104687 0.0135252 0.00312025 -0.00017669
4.39 0.642725 -0.214231 0.0993041 0.0137446 0.00312056 -0.000177081
4.4 0.643452 -0.214282 0.0936706 0.0138312 0.00311999 -0.000164749
4.41 0.644176 -0.214421 0.0877829 0.0139083 0.00311417 -0.000168247
4.42 0.64489 -0.214551 0.0815817 0.013902 0.00311707 -0.000160091
4.43 0.645608 -0.214765 0.0751399 0.0139392 0.00310534 -0.000165434
4.44 0.646326 -0.214973 0.0683411 0.0140655 0.00310948 -0.000158054
4.45 0.647057 -0.215229 0.0613023 0.0141787 0.00309496 -0.000156986
4.46 0.647797 -0.215491 0.0539024 0.0143686 0.00309648 -0.000149395
4.47 0.648555 -0.215778 0.046245 0.0144405 0.00308352 -0.000144172
4.48 0.649328 -0.216099 0.0382644 0.0145695 0.00307883 -0.000142783
4.49 0.650123 -0.216418 0.030001 0.0145844 0.00307057 -0.000137221
4.5 0.650935 -0.216782 0.0214796 0.0147188 0.00305844 -0.000139961
4.51 0.651771 -0.217113 0.0126641 0.0147474 0.00305518 -0.000130823
4.52 0.65262 -0.217493 0.00366071 0.0148807 0.00303787 -0.000133457
4.53 0.653492 -0.217831 -0.00561277 0.0149512 0.00303692 -0.000122192
4.54 0.654373 -0.218223 -0.015018 0.0150973 0.0030191 -0.000125286
4.55 0.655274 -0.218575 -0.0246275 0.0152241 0.00301638 -0.000115304
4.56 0.656177 -0.218966 -0.0343347 0.015372 0.00300281 -0.000116469
4.57 0.657091 -0.219323 -0.0441518 0.0154674 0.00299578 -0.000108891
4.58 0.658004 -0.219698 -0.0540418 0.0154937 0.00298874 -0.00010729
4.59 0.658916 -0.220074 -0.0639437 0.0155625 0.00297786 -0.000105086
4.6 0.659823 -0.220449 -0.0738841 0.0155898 0.00297588 -0.000100736
4.61 0.660716 -0.220854 -0.0837609 0.0157896 0.00296449 -0.000101737
4.62 0.6616 -0.221228 -0.0936205 0.0159304 0.00296375 -9.09452e-05
4.63 0.662463 -0.221651 -0.103376 0.0161529 0.00295617 -9.20276e-05
4.64 0.663311 -0.222033 -0.113041 0.0161867 0.00295308 -7.93264e-05
4.65 0.664133 -0.222487 -0.122592 0.0162659 0.00295171 -8.43284e-05
4.66 0.664938 -0.222919 -0.131983 0.0162368 0.00294507 -7.62768e-05
4.67 0.665714 -0.223419 -0.141263 0.0163443 0.00294878 -8.12374e-05
4.68 0.666473 -0.223913 -0.150343 0.0164947 0.00294062 -7.31562e-05
4.69 0.667204 -0.224443 -0.159306 0.016677 0.00294542 -7.0043e-05
4.7 0.66792 -0.224998 -0.168071 0.0168504 0.00293954 -6.27937e-05
4.71 0.668613 -0.225576 -0.176697 0.0169192 0.00294077 -5.71334e-05
4.72 0.669297 -0.226221 -0.185167 0.0169968 0.00293984 -5.77956e-05
4.73 0.669962 -0.226873 -0.19347 0.017008 0.00293481 -5.31677e-05
4.74 0.670628 -0.227602 -0.201675 0.0171464 0.00293849 -5.62973e-05
4.75 0.67128 -0.228319 -0.209701 0.0172312 0.00292805 -4.73179e-05
4.76 0.671945 -0.229108 -0.217679 0.0174037 0.00293304 -4.76525e-05
4.77 0.672603 -0.229895 -0.225492 0.0175157 0.00292072 -3.76848e-05
4.78 0.673284 -0.23075 -0.23328 0.0176446 0.00292231 -3.89326e-05
4.79 0.673966 -0.231614 -0.240949 0.017752 0.00291188 -3.29938e-05
4.8 0.674679 -0.23252 -0.248585 0.0178575 0.00290652 -3.36897e-05
4.81 0.6754 -0.233438 -0.256164 0.0179519 0.00289976 -2.94947e-05
4.82 0.676157 -0.234369 -0.263685 0.018002 0.00288698 -2.75408e-05
4.83 0.676928 -0.235325 -0.271201 0.0181187 0.00288282 -2.54361e-05
4.84 0.677736 -0.236278 -0.278635 0.0181997 0.00286524 -2.21337e-05
4.85 0.678562 -0.237257 -0.286084 0.0184089 0.00286068 -2.17883e-05
4.86 0.679426 -0.238206 -0.29344 0.01855 0.00284227 -1.53991e-05
4.87 0.680307 -0.239172 -0.300791 0.018725 0.00283448 -1.5454e-05
4.88 0.681223 -0.240095 -0.308048 0.0187491 0.00281844 -9.08519e-06
4.89 0.68215 -0.24104 -0.315249 0.0188202 0.00280631 -1.26518e-05
4.9 0.683109 -0.241941 -0.322354 0.0188414 0.00279364 -9.62831e-06
4.91 0.684073 -0.24285 -0.329339 0.0189939 0.00277839 -1.27272e-05
4.92 0.685061 -0.243709 -0.33621 0.0191963 0.00276815 -7.63304e-06
4.93 0.686046 -0.244546 -0.342902 0.0193818 0.00275268 -4.79304e-06
4.94 0.687046 -0.245346 -0.349436 0.0195462 0.00274319 -4.59779e-07
4.95 0.688038 -0.24612 -0.355745 0.0195713 0.00273024 1.53371e-06
4.96 0.689033 -0.246886 -0.361835 0.0196514 0.00272023 -1.87403e-06
4.97 0.690015 -0.247612 -0.367668 0.0196601 0.00271112 -1.28968e-06
4.98 0.690991 -0.248335 -0.373217 0.019871 0.00270067 -4.79883e-06
4.99 0.691949 -0.249 -0.378483 0.0199833 0.00269518 1.52345e-06
5 0.692895 -0.249666 -0.383413 0.0202186 0.0026857 1.64721e-06
5.01 0.693821 -0.250294 -0.388034 0.0203047 0.00268239 7.73657e-06
5.02 0.694729 -0.250935 -0.392288 0.0204315 0.00267558 4.67777e-06
5.03 0.695618 -0.251563 -0.396202 0.0204894 0.00267248 5.45639e-06
5.04 0.696487 -0.252191 -0.399747 0.0206039 0.00266942 2.23204e-06
5.05 0.69734 -0.252813 -0.402924 0.0207139 0.00266494 3.66142e-06
5.06 0.698176 -0.253429 -0.405754 0.0208223 0.00266582 4.26323e-06
5.07 0.699002 -0.254061 -0.408205 0.0209821 0.00265964 5.99658e-06
5.08 0.699814 -0.254698 -0.410345 0.0210886 0.00266345 6.45132e-06
5.09 0.700624 -0.255359 -0.412113 0.0212815 0.0026562 6.00818e-06
5.1 0.701425 -0.256025 -0.413607 0.0213914 0.00266066 6.5876e-06
5.11 0.702232 -0.256708 -0.414764 0.0215362 0.00265369 5.80063e-06
5.12 0.703038 -0.257398 -0.415673 0.0215624 0.00265601 6.5012e-06
5.13 0.703858 -0.258114 -0.416306 0.0216686 0.00265084 3.59964e-06
5.14 0.704681 -0.258839 -0.41671 0.0217353 0.00264868 3.4493e-06
5.15 0.705527 -0.259585 -0.416915 0.0219361 0.00264624 2.03213e-07
5.16 0.706381 -0.260324 -0.416905 0.0221318 0.00263876 3.47475e-06
5.17 0.707265 -0.261069 -0.416768 0.022313 0.00263865 2.39621e-06
5.18 0.708158 -0.261801 -0.416438 0.0224184 0.00262704 5.37831e-06
5.19 0.709085 -0.262542 -0.41603 0.0224495 0.00262717 6.91836e-07
5.2 0.710022 -0.263273 -0.415462 0.0225151 0.00261399 -1.90408e-06
5.21 0.710992 -0.263992 -0.414835 0.0225923 0.00261151 -7.35128e-06
5.22 0.71197 -0.264683 -0.414091 0.0228297 0.00259978 -8.00472e-06
5.23 0.712978 -0.265328 -0.413277 0.0229948 0.00259288 -6.87845e-06
5.24 0.71399 -0.265943 -0.412387 0.023213 0.00258464 -6.08877e-06
5.25 0.715026 -0.266506 -0.4114 0.0232861 0.00257364 -5.78435e-06
5.26 0.716061 -0.267049 -0.410358 0.0233721 0.00256852 -1.18126e-05
5.27 0.717111 -0.267528 -0.409196 0.0234332 0.0025558 -1.51964e-05
5.28 0.718152 -0.26797 -0.407967 0.023563 0.00255166 -2.16405e-05
5.29 0.7192 -0.268326 -0.406606 0.023737 0.00254089 -2.09553e-05
5.3 0.72023 -0.268632 -0.405139 0.0238825 0.00253565 -2.31426e-05
5.31 0.721258 -0.268865 -0.403535 0.0240856 0.00252967 -2.18791e-05
5.32 0.722261 -0.269053 -0.401768 0.0241687 0.00252279 -2.60754e-05
5.33 0.723253 -0.269179 -0.399858 0.0243504 0.0025218 -2.90295e-05
5.34 0.724214 -0.26925 -0.397737 0.0244222 0.00251506 -3.36247e-05
5.35 0.725157 -0.269259 -0.395449 0.0245834 0.00251687 -3.69561e-05
5.36 0.726065 -0.269211 -0.39293 0.0246409 0.0025136 -3.871e-05
5.37 0.726951 -0.269125 -0.390203 0.0248061 0.00251521 -4.31118e-05
5.38 0.7278 -0.268987 -0.387253 0.0249205 0.00251809 -4.38159e-05
5.39 0.728625 -0.268832 -0.384051 0.0251316 0.00251778 -4.97698e-05
5.4 0.729415 -0.268622 -0.380648 0.0253157 0.0025269 -4.79906e-05
5.41 0.73018 -0.268405 -0.376967 0.0254577 0.00252554 -5.37475e-05
5.42 0.730916 -0.268144 -0.373106 0.0255524 0.00253809 -5.2456e-05
5.43 0.731628 -0.2679 -0.368975 0.0255905 0.00253852 -6.07169e-05
5.44 0.732317 -0.267633 -0.364676 0.0257059 0.00255013 -6.3149e-05
5.45 0.732984 -0.267379 -0.360154 0.0258272 0.00255525 -6.94665e-05
5.46 0.733636 -0.267113 -0.355467 0.0261047 0.00256257 -7.03531e-05
5.47 0.734273 -0.26684 -0.350632 0.0262571 0.00257329 -6.96015e-05
5.48 0.7349 -0.266583 -0.34564 0.0264611 0.00257582 -7.23418e-05
5.49 0.735517 -0.26632 -0.340579 0.0264809 0.00259015 -7.24179e-05
5.5 0.736129 -0.266103 -0.335392 0.0265783 0.00258992 -8.30171e-05
5.51 0.736737 -0.265864 -0.330198 0.0266311 0.00260384 -8.45616e-05
5.52 0.737343 -0.26566 -0.324937 0.0268348 0.00260394 -9.35087e-05
5.53 0.737945 -0.265416 -0.319705 0.0270217 0.00261391 -8.98778e-05
5.54 0.738549 -0.26519 -0.314477 0.0272172 0.00261653 -9.37225e-05
5.55 0.739149 -0.264943 -0.309301 0.0273813 0.00262112 -9.23538e-05
5.56 0.739751 -0.264698 -0.3042 0.0274533 0.00262615 -9.85319e-05
5.57 0.740345 -0.264445 -0.299174 0.0275874 0.00262658 -0.000104134
5.58 0.740939 -0.264152 -0.294278 0.0276683 0.00263211 -0.00010884
5.59 0.741518 -0.263841 -0.289483 0.0278512 0.00263112 -0.000114035
5.6 0.742093 -0.263458 -0.28484 0.027965 0.002635 -0.000113739
5.61 0.742647 -0.26306 -0.280325 0.0281686 0.00263508 -0.000118585
5.62 0.743188 -0.262584 -0.275959 0.0283023 0.00263646 -0.000118953
5.63 0.743701 -0.262079 -0.27174 0.028491 0.00263856 -0.000125559
5.64 0.744191 -0.261487 -0.267652 0.0286473 0.00263836 -0.000126969
5.65 0.744646 -0.260841 -0.263712 0.0287663 0.00264189 -0.000132528
5.66 0.745069 -0.260111 -0.259885 0.028878 0.0026423 -0.000134827
5.67 0.74545 -0.259317 -0.256185 0.0289621 0.00264606 -0.000140187
5.68 0.745791 -0.258453 -0.252584 0.0291306 0.00264915 -0.000144516
5.69 0.746083 -0.25751 -0.24907 0.0292994 0.00265239 -0.000147803
5.7 0.746328 -0.2565 -0.245641 0.0295703 0.00265921 -0.000150319
5.71 0.74652 -0.255402 -0.242255 0.029717 0.00266228 -0.000149919
5.72 0.746662 -0.254255 -0.238935 0.0298758 0.0026726 -0.000153774
5.73 0.746749 -0.253038 -0.235618 0.0299096 0.00267656 -0.000156227
5.74 0.746784 -0.251795 -0.232346 0.0300155 0.00268909 -0.000164856
5.75 0.746764 -0.250489 -0.229056 0.0301373 0.00269507 -0.000167758
5.76 0.746693 -0.249156 -0.225788 0.0303769 0.00270829 -0.000172181
5.77 0.746571 -0.247766 -0.222499 0.030604 0.00271726 -0.000169632
5.78 0.746401 -0.246361 -0.219212 0.0307825 0.00273004 -0.000170144
5.79 0.746187 -0.244944 -0.215919 0.0309291 0.00274232 -0.000171115
5.8 0.745927 -0.243531 -0.212615 0.030964 0.00275369 -0.000175796
5.81 0.745631 -0.242134 -0.209335 0.0311103 0.00276861 -0.00018247
5.82 0.745293 -0.240728 -0.206045 0.0312037 0.00277802 -0.000184648
5.83 0.744926 -0.239346 -0.202818 0.0314543 0.0027943 -0.000187451
5.84 0.744522 -0.237955 -0.199599 0.0315859 0.00280207 -0.000183955
5.85 0.744096 -0.236612 -0.196483 0.0318265 0.00281795 -0.00018577
5.86 0.743637 -0.235283 -0.193415 0.0319153 0.00282492 -0.000185406
5.87 0.743161 -0.234003 -0.190484 0.0320897 0.00283822 -0.000190293
5.88 0.742655 -0.23274 -0.187659 0.0321982 0.00284525 -0.000192327
5.89 0.742134 -0.2315 -0.184998 0.0323355 0.00285419 -0.00019464
5.9 0.741584 -0.230284 -0.182511 0.0324718 0.00286174 -0.000195637
5.91 0.741018 -0.229075 -0.180211 0.0326081 0.00286578 -0.000195712
5.92 0.740423 -0.227899 -0.178145 0.0328079 0.00287328 -0.000197763
5.93 0.739809 -0.226712 -0.176289 0.0329731 0.00287336 -0.000197706
5.94 0.739161 -0.22554 -0.17471 0.033217 0.00287926 -0.000198908
5.95 0.738491 -0.224339 -0.173368 0.0333219 0.00287736 -0.000198396
5.96 0.737782 -0.223134 -0.172317 0.0334704 0.00288003 -0.000199827
5.97 0.737042 -0.2219 -0.171535 0.0335178 0.00287799 -0.000202352
5.98 0.736257 -0.220643 -0.171036 0.033677 0.0028767 -0.000205436
5.99 0.735435 -0.219343 -0.170826 0.033839 0.00287512 -0.000207662
6 0.73456 -0.217984 -0.170881 0.0341152 0.00287091 -0.000206325
6.01 0.733639 -0.216566 -0.17122 0.0343208 0.00286913 -0.000204415
6.02 0.73266 -0.21508 -0.171804 0.034491 0.0028645 -0.000202249
6.03 0.731629 -0.213545 -0.172635 0.0345908 0.00286117 -0.000204122
6.04 0.730534 -0.211944 -0.173689 0.0346555 0.00285833 -0.000207647
6.05 0.729381 -0.210286 -0.174933 0.0348085 0.0028524 -0.000211823
6.06 0.728161 -0.208544 -0.176381 0.0349843 0.00285201 -0.000212309
6.07 0.726878 -0.206731 -0.177963 0.0352564 0.00284434 -0.000210026
6.08 0.725529 -0.204841 -0.179719 0.0354337 0.00284547 -0.000206174
6.09 0.724116 -0.202904 -0.181565 0.0356457 0.00283864 -0.000204279
6.1 0.72264 -0.20092 -0.183534 0.0357252 0.00283895 -0.000205676
6.11 0.721101 -0.1989 -0.185568 0.0358718 0.00283541 -0.0002079
6.12 0.719505 -0.196842 -0.187664 0.0359997 0.0028326 -0.00021033
6.13 0.717848 -0.194745 -0.189819 0.0361722 0.00283336 -0.000208353
6.14 0.716141 -0.192632 -0.191981 0.0363699 0.00282695 -0.000206809
6.15 0.71438 -0.190502 -0.194202 0.0365395 0.00283094 -0.000202453
6.16 0.712575 -0.188393 -0.196397 0.0367572 0.00282237 -0.000201937
6.17 0.710724 -0.18629 -0.198647 0.0368881 0.00282657 -0.000200148
6.18 0.708837 -0.18422 -0.200873 0.0371087 0.00281806 -0.000199729
6.19 0.70691 -0.182171 -0.203143 0.0371857 0.00281914 -0.000198468
6.2 0.704956 -0.180162 -0.205416 0.0373592 0.00281234 -0.000196167
6.21 0.702965 -0.178205 -0.207724 0.0374439 0.00280821 -0.000196144
6.22 0.700955 -0.176293 -0.210079 0.0376508 0.00280295 -0.000193109
6.23 0.698911 -0.174447 -0.212469 0.0378374 0.00279348 -0.000192716
6.24 0.696853 -0.172638 -0.21495 0.0380921 0.00278789 -0.000186906
6.25 0.694763 -0.170894 -0.217486 0.0382704 0.00277455 -0.000184127
6.26 0.692663 -0.169194 -0.220146 0.0383914 0.0027662 -0.000180073
6.27 0.690529 -0.167559 -0.222898 0.0384947 0.00275068 -0.000179673
6.28 0.688384 -0.165976 -0.225798 0.0385688 0.00273765 -0.000181037
6.29 0.686203 -0.164427 -0.228834 0.0387767 0.00272067 -0.000179466
6.3 0.684009 -0.16291 -0.232033 0.0389755 0.00270255 -0.000177801
6.31 0.681776 -0.161392 -0.235403 0.0392689 0.00268385 -0.000169873
6.32 0.679524 -0.159898 -0.238947 0.0394125 0.00266195 -0.00016616
6.33 0.677229 -0.158402 -0.242677 0.0396039 0.00264062 -0.000161654
6.34 0.67491 -0.156916 -0.246589 0.039641 0.00261664 -0.000163365
6.35 0.672543 -0.155415 -0.250684 0.0398129 0.00259169 -0.000164263
6.36 0.670145 -0.153877 -0.254964 0.03995 0.00256681 -0.00016334
6.37 0.667693 -0.152297 -0.259407 0.0401995 0.00253832 -0.000160287
6.38 0.665207 -0.150652 -0.264025 0.0404069 0.00251305 -0.000153232
6.39 0.662663 -0.148969 -0.268773 0.0406159 0.00248239 -0.000150167
6.4 0.660082 -0.147222 -0.273671 0.04079 0.00245638 -0.000146313
6.41 0.657441 -0.14543 -0.278662 0.0409163 0.00242537 -0.000147517
6.42 0.65476 -0.143564 -0.283757 0.0411073 0.0023977 -0.000145928
6.43 0.652021 -0.141629 -0.288908 0.0412184 0.00236797 -0.000144785
6.44 0.649241 -0.139627 -0.294104 0.0414367 0.00233808 -0.00014137
6.45 0.646407 -0.137559 -0.299323 0.041582 0.00231062 -0.000137557
6.46 0.643534 -0.135447 -0.304521 0.0418285 0.0022787 -0.000135025
6.47 0.640614 -0.133278 -0.309711 0.0420153 0.0022534 -0.000131044
6.48 0.637657 -0.131079 -0.314818 0.0422488 0.0022204 -0.000128737
6.49 0.634662 -0.128835 -0.319885 0.0423992 0.00219613 -0.000124211
6.5 0.631636 -0.126584 -0.324824 0.0425231 0.00216346 -0.000122713
6.51 0.628579 -0.124322 -0.329688 0.042657 0.00213852 -0.000120217
6.52 0.625499 -0.122075 -0.3344 0.0427895 0.00210738 -0.000119798
6.53 0.622396 -0.11984 -0.338998 0.0430382 0.00208017 -0.00011638
6.54 0.619275 -0.117626 -0.34344 0.043263 0.00205115 -0.000111468
6.55 0.616141 -0.115449 -0.347733 0.0435267 0.00202082 -0.00010487
6.56 0.612995 -0.113316 -0.351886 0.0436526 0.00199348 -9.93738e-05
6.57 0.609843 -0.111263 -0.355876 0.0437977 0.00196015 -9.75537e-05
6.58 0.606683 -0.109274 -0.359749 0.0438587 0.00193285 -9.68938e-05
6.59 0.603521 -0.107374 -0.363468 0.0440372 0.0018973 -9.75648e-05
6.6 0.600353 -0.105528 -0.367093 0.0442364 0.00186799 -9.30258e-05
6.61 0.597188 -0.103766 -0.370592 0.0444937 0.00183134 -8.7712e-05
6.62 0.594017 -0.102063 -0.374013 0.044716 0.00179867 -7.94745e-05
6.63 0.590852 -0.100456 -0.377351 0.0448801 0.00176164 -7.52098e-05
6.64 0.587678 -0.0989251 -0.380627 0.0450256 0.00172518 -7.3503e-05
6.65 0.584509 -0.0974696 -0.383865 0.0451141 0.00168726 -7.33605e-05
6.66 0.581327 -0.0960756 -0.387064 0.0453182 0.00164752 -7.35986e-05
6.67 0.578147 -0.0947098 -0.390259 0.0454488 0.00160754 -6.88386e-05
6.68 0.574951 -0.0933926 -0.393444 0.0457214 0.00156598 -6.571e-05
6.69 0.571753 -0.0920804 -0.396641 0.0458733 0.00152312 -5.85949e-05
6.7 0.568533 -0.0908102 -0.399858 0.0461313 0.00148112 -5.74718e-05
6.71 0.565308 -0.0895235 -0.403084 0.046264 0.00143536 -5.39431e-05
6.72 0.562057 -0.0882439 -0.406349 0.0464803 0.00139321 -5.40013e-05
6.73 0.558797 -0.0869232 -0.409614 0.0466016 0.00134569 -5.20901e-05
6.74 0.555506 -0.0855694 -0.412914 0.0467643 0.00130269 -5.00564e-05
6.75 0.552204 -0.0841719 -0.416206 0.0469401 0.00125546 -4.96326e-05
6.76 0.54887 -0.0827091 -0.419504 0.0471266 0.00121059 -4.61098e-05
6.77 0.545522 -0.0811975 -0.422788 0.0474008 0.00116563 -4.61414e-05
6.78 0.542143 -0.0795919 -0.426029 0.047609 0.00111849 -4.02859e-05
6.79 0.538753 -0.0779322 -0.429243 0.0478556 0.00107688 -3.96492e-05
6.8 0.535334 -0.07618 -0.432358 0.0479524 0.00102835 -3.5747e-05
6.81 0.531906 -0.0743806 -0.43542 0.0481238 0.000989571 -3.80076e-05
6.82 0.528455 -0.072504 -0.438334 0.0482183 0.000941442 -3.84081e-05
6.83 0.524999 -0.0705704 -0.441153 0.0484688 0.000903783 -3.90032e-05
6.84 0.521527 -0.0685702 -0.443791 0.0487007 0.000858248 -3.63301e-05
6.85 0.518056 -0.0665122 -0.446277 0.0489876 0.000820005 -3.06902e-05
6.86 0.514577 -0.064427 -0.448566 0.0491808 0.00077885 -2.75183e-05
6.87 0.511107 -0.0623182 -0.450646 0.0493398 0.000739244 -2.47231e-05
6.88 0.507637 -0.0602261 -0.452522 0.0494541 0.000702591 -2.803e-05
6.89 0.504182 -0.0581297 -0.454147 0.0495855 0.000661776 -2.86094e-05
6.9 0.500736 -0.0560647 -0.455567 0.0498044 0.000628036 -3.01186e-05
6.91 0.49731 -0.0540072 -0.456716 0.0500113 0.000587211 -2.52996e-05
6.92 0.493901 -0.0520094 -0.457657 0.050286 0.000554344 -2.18093e-05
6.93 0.490515 -0.0500597 -0.458333 0.0504603 0.000515139 -1.69176e-05
6.94 0.487154 -0.048207 -0.458799 0.0506672 0.000481335 -1.67287e-05
6.95 0.483818 -0.0464305 -0.459029 0.0507789 0.000444435 -1.72984e-05
6.96 0.480509 -0.0447534 -0.459054 0.0509633 0.000408627 -1.80646e-05
6.97 0.477226 -0.0431608 -0.458884 0.0511035 0.000373394 -1.84474e-05
6.98 0.473969 -0.0416592 -0.45853 0.0512983 0.000335871 -1.49887e-05
6.99 0.470738 -0.040263 -0.458024 0.0515108 0.000300931 -1.48831e-05
7 0.467532 -0.038949 -0.45737 0.0517068 0.000262883 -1.02516e-05
7.01 0.464347 -0.0377496 -0.456601 0.0519569 0.000226789 -1.23203e-05
7.02 0.461185 -0.0366071 -0.455731 0.0521134 0.000189284 -8.08364e-06
7.03 0.458039 -0.0355662 -0.454772 0.0523223 0.000151361 -1.11167e-05
7.04 0.454913 -0.0345608 -0.453756 0.0524022 0.000114725 -8.84659e-06
7.05 0.451795 -0.033633 -0.452678 0.0526011 7.53874e-05 -1.22604e-05
7.06 0.448692 -0.0327235 -0.45158 0.0527338 3.88044e-05 -1.27071e-05
7.07 0.445591 -0.0318409 -0.450451 0.0530141 -6.33968e-07 -1.25254e-05
7.08 0.442501 -0.0309558 -0.449321 0.0532494 -3.82773e-05 -1.24687e-05
7.09 0.439409 -0.030045 -0.448186 0.0534991 -7.58939e-05 -7.84776e-06
7.1 0.436324 -0.0291276 -0.44705 0.053668 -0.000114967 -1.10906e-05
7.11 0.433236 -0.0281531 -0.445929 0.0537917 -0.000149506 -9.54639e-06
7.12 0.430152 -0.0271596 -0.444791 0.053939 -0.000189574 -1.83656e-05
7.13 0.427064 -0.0260717 -0.443674 0.0540945 -0.000221348 -1.81146e-05
7.14 0.423978 -0.0249263 -0.442519 0.0543825 -0.000260938 -2.27503e-05
7.15 0.420891 -0.0236668 -0.441372 0.0546077 -0.000291055 -1.84461e-05
7.16 0.417809 -0.0223317 -0.440167 0.0549057 -0.000327739 -1.84059e-05
7.17 0.414729 -0.0209068 -0.438934 0.0550488 -0.00035725 -1.81441e-05
7.18 0.411658 -0.0194038 -0.437627 0.0552526 -0.00038913 -2.1524e-05
7.19 0.408595 -0.0178294 -0.436244 0.0553487 -0.00041876 -2.77111e-05
7.2 0.405545 -0.0161623 -0.434774 0.0555817 -0.000445465 -2.98712e-05
7.21 0.402509 -0.0144335 -0.433179 0.0557566 -0.000474899 -3.34605e-05
7.22 0.399492 -0.0126225 -0.431477 0.0560315 -0.000497164 -3.04947e-05
7.23 0.396496 -0.0107853 -0.429612 0.0562534 -0.000524914 -3.22891e-05
7.24 0.393526 -0.00890558 -0.427617 0.0564763 -0.000544177 -3.09008e-05
7.25 0.390585 -0.00703405 -0.425437 0.0566779 -0.000568785 -3.53004e-05
7.26 0.387674 -0.00515299 -0.423103 0.0568312 -0.00058663 -3.67038e-05
7.27 0.384798 -0.00330202 -0.420582 0.0570242 -0.000607598 -4.05234e-05
7.28 0.381955 -0.00147689 -0.41789 0.0571486 -0.000624819 -4.1866e-05
7.29 0.379151 0.000289112 -0.415023 0.0573926 -0.000642652 -4.33644e-05
7.3 0.376382 0.0019897 -0.411983 0.0575649 -0.000659127 -4.47051e-05
7.31 0.373656 0.0036093 -0.408787 0.0578561 -0.000675012 -4.41995e-05
7.32 0.370964 0.00513443 -0.405435 0.0580519 -0.000690186 -4.54378e-05
7.33 0.368316 0.0065639 -0.401948 0.0582666 -0.000705299 -4.4413e-05
7.34 0.3657 0.00787316 -0.398339 0.0583915 -0.000718864 -4.8049e-05
7.35 0.363125 0.00907408 -0.394625 0.0585237 -0.000733927 -4.97145e-05
7.36 0.360579 0.0101483 -0.390833 0.058688 -0.000746481 -5.5149e-05
7.37 0.358069 0.0111245 -0.386974 0.0588851 -0.000761549 -5.59597e-05
7.38 0.355583 0.0119935 -0.383084 0.0591757 -0.000774156 -5.6941e-05
7.39 0.353129 0.0127784 -0.379173 0.0593928 -0.000788447 -5.49241e-05
7.4 0.350692 0.0134706 -0.375269 0.0596333 -0.000801798 -5.4854e-05
7.41 0.348284 0.014084 -0.371394 0.0597457 -0.000814463 -5.74789e-05
7.42 0.345886 0.0146283 -0.367558 0.0599049 -0.000828954 -6.21111e-05
7.43 0.343511 0.015129 -0.363799 0.0600287 -0.000840007 -6.79797e-05
7.44 0.341141 0.0156092 -0.360102 0.0602674 -0.000855507 -7.06202e-05
7.45 0.338789 0.0160956 -0.356521 0.0604994 -0.000865355 -7.1778e-05
7.46 0.336439 0.0165949 -0.353017 0.0607664 -0.000880712 -7.07659e-05
7.47 0.334103 0.0171277 -0.349648 0.0609949 -0.000889699 -7.1848e-05
7.48 0.331769 0.0176935 -0.346369 0.0611695 -0.000903447 -7.4712e-05
7.49 0.329448 0.0183226 -0.343223 0.0613555 -0.000912099 -8.03116e-05
7.5 0.327128 0.0190228 -0.340175 0.0614948 -0.000923229 -8.49031e-05
7.51 0.32482 0.0198178 -0.33724 0.0617286 -0.000931943 -8.97523e-05
7.52 0.322517 0.0207171 -0.334403 0.0619003 -0.000939784 -9.06789e-05
7.53 0.320228 0.021713 -0.331645 0.0622051 -0.000948264 -9.39846e-05
7.54 0.317947 0.0228257 -0.328972 0.0623941 -0.000952468 -9.36331e-05
7.55 0.315684 0.0240235 -0.326339 0.0626908 -0.00095995 -9.84881e-05
7.56 0.313437 0.0253406 -0.323768 0.0628497 -0.000960819 -9.9307e-05
7.57 0.311209 0.0267313 -0.321201 0.0630681 -0.000966524 -0.000105084
7.58 0.309003 0.028223 -0.318665 0.0632017 -0.000964881 -0.00010756
7.59 0.30682 0.0297717 -0.316104 0.0633988 -0.000967962 -0.000112238
7.6 0.304666 0.0313837 -0.313539 0.0636205 -0.000964781 -0.000115389
7.61 0.302538 0.0330392 -0.310928 0.0638644 -0.000964601 -0.000115966
7.62 0.300445 0.0347103 -0.308282 0.0641673 -0.000960531 -0.000118125
7.63 0.298382 0.0364015 -0.305575 0.0643546 -0.000956862 -0.000115803
7.64 0.296357 0.0380486 -0.302809 0.0645812 -0.000951967 -0.000120533
7.65 0.294363 0.0396768 -0.299977 0.0646671 -0.000945392 -0.000120856
7.66 0.29241 0.0412165 -0.297079 0.0648662 -0.000939668 -0.000128421
7.67 0.290486 0.0427074 -0.29412 0.0650112 -0.000931549 -0.000128935
7.68 0.288603 0.0440939 -0.291102 0.0653058 -0.000924957 -0.000131578
7.69 0.286746 0.0453984 -0.288036 0.0655325 -0.000916342 -0.00012884
7.7 0.28493 0.0465812 -0.284932 0.065796 -0.000908684 -0.000127615
7.71 0.283137 0.0476365 -0.281802 0.0659636 -0.000899809 -0.000128454
7.72 0.281381 0.0485613 -0.278664 0.0661128 -0.000891576 -0.000130093
7.73 0.27964 0.0493413 -0.275533 0.066256 -0.000882392 -0.000135757
7.74 0.277933 0.0500124 -0.272427 0.0664216 -0.000874936 -0.00013624
7.75 0.276234 0.0505499 -0.269373 0.0666557 -0.000865187 -0.000139339
7.76 0.274563 0.0510023 -0.266375 0.0668723 -0.000859451 -0.000135488
7.77 0.272894 0.0513323 -0.263478 0.0671463 -0.000848823 -0.000136852
7.78 0.271247 0.0515959 -0.260665 0.0673237 -0.000844674 -0.000134631
7.79 0.269599 0.0517646 -0.257996 0.0675456 -0.000833614 -0.000138452
7.8 0.267967 0.0519012 -0.255442 0.0676761 -0.000830072 -0.000139762
7.81 0.266329 0.0519939 -0.253059 0.0678703 -0.000819903 -0.000143263
7.82 0.264704 0.0520929 -0.250823 0.0680329 -0.000815486 -0.000145094
7.83 0.26307 0.0522015 -0.248767 0.0682683 -0.000807533 -0.00014537
7.84 0.261447 0.0523454 -0.246886 0.0685173 -0.000800876 -0.000147381
7.85 0.259815 0.0525526 -0.245175 0.0687642 -0.000795548 -0.000145111
7.86 0.258195 0.0528177 -0.243657 0.0690316 -0.000786116 -0.000148819
7.87 0.256566 0.0531929 -0.242287 0.0691899 -0.000782525 -0.000146539
7.88 0.254951 0.0536408 -0.241111 0.0694024 -0.000770968 -0.000153332
7.89 0.25333 0.0542289 -0.240057 0.0695171 -0.000767424 -0.000152735
7.9 0.251726 0.0549063 -0.239178 0.0697715 -0.000755298 -0.000159512
7.91 0.250121 0.055739 -0.238398 0.0699772 -0.000750093 -0.000157897
7.92 0.248537 0.0566782 -0.237752 0.0703065 -0.000738607 -0.000159543
7.93 0.246958 0.0577564 -0.237183 0.0705452 -0.000730438 -0.000157467
7.94 0.245403 0.0589388 -0.236695 0.0707857 -0.000719621 -0.000157025
7.95 0.243862 0.0602127 -0.23626 0.0709552 -0.000708211 -0.000160596
7.96 0.242347 0.0615807 -0.235856 0.071101 -0.000697551 -0.000161294
7.97 0.24085 0.0629961 -0.235479 0.0713066 -0.000683946 -0.000168105
7.98 0.239382 0.064495 -0.235091 0.0715085 -0.000672858 -0.000164651
7.99 0.237937 0.0659987 -0.234702 0.0718173 -0.000658308 -0.000167831
8 0.236523 0.0675465 -0.234273 0.0720374 -0.000646048 -0.000160612
8.01 0.235135 0.0690449 -0.233817 0.0723235 -0.000631078 -0.000162958
8.02 0.233777 0.0705266 -0.233305 0.0724561 -0.000617436 -0.000159529
8.03 0.232447 0.0719207 -0.232751 0.0726693 -0.000602264 -0.000163521
8.04 0.231144 0.073248 -0.232137 0.0727821 -0.000587958 -0.000163365
8.05 0.229868 0.0744721 -0.23148 0.0730169 -0.000572739 -0.000163636
8.06 0.228614 0.0755842 -0.230769 0.073201 -0.000558701 -0.000162554
8.07 0.227385 0.0765795 -0.230024 0.0734772 -0.000543622 -0.000157659
8.08 0.226172 0.07742 -0.22924 0.0736975 -0.000530399 -0.000157548
8.09 0.224981 0.0781372 -0.228443 0.0739194 -0.000515651 -0.000151741
8.1 0.2238 0.078678 -0.22763 0.0741071 -0.000503354 -0.000154816
8.11 0.222636 0.0791047 -0.226833 0.0742395 -0.000489386 -0.000150078
8.12 0.221476 0.07936 -0.226051 0.074426 -0.000477981 -0.000154243
8.13 0.220328 0.0795202 -0.225318 0.074568 -0.000465508 -0.000149487
8.14 0.219178 0.0795383 -0.224634 0.0748417 -0.000454956 -0.00015098
8.15 0.218036 0.0794857 -0.224028 0.0750457 -0.000444541 -0.00014567
8.16 0.216886 0.0793394 -0.223506 0.0753494 -0.000434563 -0.000143603
8.17 0.215742 0.0791438 -0.223083 0.0755196 -0.000426246 -0.000141174
8.18 0.214589 0.0789125 -0.222774 0.0757246 -0.000416435 -0.00013893
8.19 0.213439 0.0786546 -0.222579 0.0758526 -0.000410069 -0.000142334
8.2 0.212278 0.0784301 -0.222521 0.0760297 -0.000400432 -0.000139778
8.21 0.211121 0.0782179 -0.222581 0.0762538 -0.000395884 -0.000144174
8.22 0.209953 0.0781057 -0.222789 0.0765046 -0.000386664 -0.000137532
8.23 0.20879 0.0780467 -0.22311 0.076811 -0.000383176 -0.000139033
8.24 0.20762 0.0781222 -0.223573 0.0770303 -0.000374431 -0.000132179
8.25 0.206459 0.0782824 -0.224136 0.0772758 -0.000370696 -0.000134703
8.26 0.205294 0.0785875 -0.224814 0.0774093 -0.000362718 -0.000133605
8.27 0.204141 0.0790152 -0.225577 0.0776195 -0.00035787 -0.000136713
8.28 0.202989 0.0795916 -0.226416 0.0777976 -0.000351163 -0.000137737
8.29 0.201852 0.0803214 -0.227317 0.0780741 -0.000344921 -0.000135667
8.3 0.200722 0.0811843 -0.228249 0.0783364 -0.000339282 -0.000135078
8.31 0.199612 0.0821952 -0.22921 0.0786186 -0.00033155 -0.000129761
8.32 0.198513 0.0833049 -0.230157 0.07886 -0.000325989 -0.000130885
8.33 0.197438 0.0845313 -0.231094 0.0790499 -0.000317119 -0.000127851
8.34 0.196378 0.0858237 -0.231978 0.0792496 -0.00031075 -0.000131199
8.35 0.195343 0.0871923 -0.232811 0.0793998 -0.000301586 -0.000129255
8.36 0.194326 0.0885923 -0.233562 0.0796496 -0.000294141 -0.000130528
8.37 0.193334 0.0900174 -0.234222 0.0798487 -0.000285199 -0.000126502
8.38 0.19236 0.0914269 -0.234781 0.0801661 -0.000276965 -0.000124607
8.39 0.191411 0.0928051 -0.235221 0.0803673 -0.000267883 -0.000119793
8.4 0.19048 0.0941135 -0.235542 0.0806437 -0.000259517 -0.000117888
8.41 0.18957 0.0953396 -0.235736 0.0807703 -0.000249624 -0.0001152
8.42 0.188677 0.096448 -0.2358 0.0809651 -0.00024199 -0.00011491
8.43 0.1878 0.0974364 -0.235746 0.0810982 -0.000231298 -0.000113514
8.44 0.186937 0.0982785 -0.235561 0.0813139 -0.000225027 -0.000111586
8.45 0.186085 0.0989761 -0.235278 0.0815569 -0.00021438 -0.000108247
8.46 0.185242 0.0995167 -0.234877 0.0817996 -0.000209148 -0.000102463
8.47 0.184406 0.0998926 -0.234398 0.0820676 -0.000199654 -9.90087e-05
8.48 0.183575 0.100113 -0.233831 0.0822136 -0.00019431 -9.34515e-05
8.49 0.182747 0.100161 -0.233206 0.0824182 -0.000187144 -9.42071e-05
8.5 0.181921 0.100077 -0.232536 0.0825026 -0.000181 -9.07765e-05
8.51 0.181091 0.0998435 -0.231826 0.0827357 -0.00017714 -9.27013e-05
8.52 0.180262 0.0995235 -0.231117 0.0829028 -0.000170531 -8.71997e-05
8.53 0.179427 0.0990973 -0.230391 0.0832086 -0.000169776 -8.56915e-05
8.54 0.178591 0.0986258 -0.229707 0.0834272 -0.000163426 -7.88869e-05
8.55 0.177749 0.0980959 -0.229028 0.0836842 -0.000164129 -7.71085e-05
8.56 0.176906 0.0975585 -0.228415 0.0838521 -0.000158959 -7.46987e-05
8.57 0.176058 0.0970242 -0.227828 0.0840217 -0.000159669 -7.5063e-05
8.58 0.17521 0.0965294 -0.22731 0.0841977 -0.000156802 -7.62435e-05
8.59 0.174358 0.0961087 -0.226838 0.0843942 -0.000156884 -7.45095e-05
8.6 0.173509 0.0957716 -0.226428 0.0846677 -0.0001566 -7.4817e-05
8.61 0.17266 0.095565 -0.226071 0.0849185 -0.000155855 -6.94963e-05
8.62 0.171818 0.0954688 -0.225758 0.0852201 -0.000157166 -7.01023e-05
8.63 0.17098 0.0955372 -0.225489 0.0854219 -0.000155692 -6.55793e-05
8.64 0.170153 0.0957314 -0.225242 0.0856575 -0.000157207 -6.93155e-05
8.65 0.169336 0.0961085 -0.225013 0.0858032 -0.0001555 -6.74779e-05
8.66 0.168532 0.0966215 -0.224778 0.0860285 -0.000156453 -7.16632e-05
8.67 0.167741 0.0973154 -0.224529 0.0862364 -0.000154911 -6.97351e-05
8.68 0.166967 0.0981445 -0.224239 0.0865229 -0.000155172 -6.99595e-05
8.69 0.16621 0.0991222 -0.223898 0.0868054 -0.000153404 -6.74826e-05
8.7 0.165471 0.100216 -0.223478 0.0870659 -0.00015294 -6.46958e-05
8.71 0.164754 0.1014 -0.222973 0.0873111 -0.000150028 -6.55346e-05
8.72 0.164055 0.102667 -0.222351 0.0874623 -0.000148946 -6.3201e-05
8.73 0.163378 0.103956 -0.221617 0.0876751 -0.000144517 -6.7912e-05
8.74 0.162718 0.105292 -0.220731 0.0878181 -0.000143189 -6.45963e-05
8.75 0.162079 0.106589 -0.219715 0.0881026 -0.000137714 -6.7857e-05
8.76 0.161453 0.107886 -0.218523 0.0883198 -0.000136103 -6.12577e-05
8.77 0.160848 0.109087 -0.217185 0.0886294 -0.000130286 -6.10995e-05
8.78 0.160252 0.110219 -0.215663 0.0888306 -0.000127552 -5.55211e-05
8.79 0.159674 0.111212 -0.213985 0.0890373 -0.000122188 -5.53067e-05
8.8 0.159101 0.112071 -0.212133 0.089185 -0.000117593 -5.48403e-05
8.81 0.158542 0.112771 -0.210123 0.0893293 -0.000113754 -5.39456e-05
8.82 0.157982 0.113296 -0.207967 0.0895375 -0.000107389 -5.50782e-05
8.83 0.157432 0.113662 -0.20566 0.0897301 -0.000105804 -4.95981e-05
8.84 0.156878 0.113829 -0.203244 0.0900267 -9.82235e-05 -4.92168e-05
8.85 0.156329 0.113841 -0.200691 0.0902201 -9.85234e-05 -4.13407e-05
8.86 0.155773 0.11365 -0.19807 0.0904819 -9.0474e-05 -4.24371e-05
8.87 0.15522 0.113318 -0.195339 0.0905924 -9.15798e-05 -3.74759e-05
8.88 0.154657 0.112811 -0.192576 0.0907912 -8.43983e-05 -4.10362e-05
8.89 0.154096 0.112197 -0.189743 0.0909019 -8.53866e-05 -3.84173e-05
8.9 0.153522 0.111463 -0.186905 0.0911476 -8.06879e-05 -3.9912e-05
8.91 0.15295 0.110667 -0.184042 0.0913562 -8.08839e-05 -3.65392e-05
8.92 0.152367 0.109818 -0.181192 0.0916472 -7.93621e-05 -3.43025e-05
8.93 0.151787 0.10895 -0.178361 0.091879 -7.82178e-05 -3.24979e-05
8.94 0.151198 0.108095 -0.175549 0.0920943 -7.93196e-05 -3.04472e-05
8.95 0.150616 0.107265 -0.172793 0.0922772 -7.69472e-05 -3.38782e-05
8.96 0.150028 0.106519 -0.170057 0.0924255 -7.97184e-05 -3.29876e-05
8.97 0.149449 0.105846 -0.167394 0.0926516 -7.71353e-05 -3.89792e-05
8.98 0.148868 0.105324 -0.164752 0.0928504 -8.06283e-05 -3.56068e-05
8.99 0.148299 0.104916 -0.162181 0.0931768 -7.88222e-05 -3.98948e-05
9 0.147735 0.1047 -0.159626 0.0934094 -8.18602e-05 -3.48016e-05
9.01 0.147186 0.104621 -0.15712 0.0937216 -8.09081e-05 -3.86816e-05
9.02 0.146646 0.10474 -0.154623 0.093892 -8.25444e-05 -3.74519e-05
9.03 0.146125 0.105014 -0.152146 0.0941198 -8.20162e-05 -4.22433e-05
9.04 0.145618 0.105468 -0.149665 0.09428 -8.22714e-05 -4.56495e-05
9.05 0.145129 0.10609 -0.147172 0.0945133 -8.17014e-05 -4.72383e-05
9.06 0.144657 0.106851 -0.144651 0.0947727 -8.10794e-05 -5.13201e-05
9.07 0.144205 0.107773 -0.142083 0.0950467 -8.00464e-05 -4.73909e-05
9.08 0.14377 0.108771 -0.139453 0.0953522 -7.86349e-05 -5.18044e-05
9.09 0.143355 0.10989 -0.136744 0.095563 -7.66551e-05 -4.69611e-05
9.1 0.142958 0.111016 -0.133946 0.0958006 -7.40449e-05 -5.37622e-05
9.11 0.142577 0.112202 -0.131041 0.0959307 -7.11468e-05 -5.19694e-05
9.12 0.142213 0.113343 -0.128028 0.0961448 -6.72103e-05 -5.80998e-05
9.13 0.14186 0.114469 -0.124888 0.0963235 -6.41033e-05 -5.73047e-05
9.14 0.141523 0.115513 -0.121633 0.0966008 -5.90409e-05 -5.76368e-05
9.15 0.141191 0.116459 -0.118237 0.0968515 -5.61556e-05 -5.65855e-05
9.16 0.140872 0.117286 -0.114727 0.0971072 -5.00441e-05 -5.26657e-05
9.17 0.140554 0.11794 -0.111073 0.0973116 -4.7044e-05 -5.49374e-05
9.18 0.140246 0.118441 -0.107315 0.0974567 -4.02743e-05 -5.17189e-05
9.19 0.139934 0.118721 -0.103428 0.0976214 -3.68396e-05 -5.75578e-05
9.2 0.13963 0.118834 -0.099454 0.0977558 -3.05464e-05 -5.41699e-05
9.21 0.139316 0.118718 -0.0953825 0.0980011 -2.68178e-05 -5.80128e-05
9.22 0.139007 0.11843 -0.0912455 0.0982008 -2.19861e-05 -5.21926e-05
9.23 0.138686 0.117928 -0.087052 0.0984979 -1.79515e-05 -5.27132e-05
9.24 0.138371 0.117257 -0.0828184 0.0986677 -1.46256e-05 -4.8351e-05
9.25 0.138042 0.116404 -0.0785716 0.098897 -1.01863e-05 -4.96711e-05
9.26 0.137718 0.115407 -0.0743153 0.0990002 -8.13163e-06 -5.02104e-05
9.27 0.13738 0.114286 -0.0700866 0.0991914 -3.83558e-06 -5.20778e-05
9.28 0.137048 0.113071 -0.0658827 0.0993482 -3.09524e-06 -5.43395e-05
9.29 0.136703 0.111806 -0.0617398 0.0995936 2.05689e-07 -5.28299e-05
9.3 0.136367 0.110505 -0.0576545 0.0998523 -1.83049e-07 -5.43786e-05
9.31 0.136021 0.109226 -0.0536533 0.100098 1.94842e-06 -5.07872e-05
9.32 0.135687 0.107965 -0.0497359 0.100361 1.04757e-06 -5.44701e-05
9.33 0.135346 0.106791 -0.0459169 0.100512 2.39892e-06 -5.32344e-05
9.34 0.135021 0.105694 -0.0421973 0.100742 1.35859e-06 -6.01375e-05
9.35 0.134693 0.104741 -0.0385823 0.100865 2.04608e-06 -6.10089e-05
9.36 0.134384 0.103924 -0.0350695 0.101149 7.27278e-07 -6.69956e-05
9.37 0.134075 0.103292 -0.0316571 0.101356 7.07779e-07 -6.68945e-05
9.38 0.133787 0.102837 -0.0283357 0.101702 -8.96138e-07 -6.95978e-05
9.39 0.133504 0.102577 -0.0250995 0.101941 -1.13961e-06 -6.98984e-05
9.4 0.133243 0.102509 -0.0219327 0.102218 -2.44012e-06 -7.25204e-05
9.41 0.13299 0.102623 -0.0188277 0.102399 -2.24942e-06 -7.65917e-05
9.42 0.132761 0.10292 -0.0157659 0.102587 -2.76622e-06 -8.09109e-05
9.43 0.132539 0.103373 -0.0127377 0.102793 -2.26103e-06 -8.65236e-05
9.44 0.132339 0.103984 -0.00972483 0.103023 -2.01397e-06 -8.88714e-05
9.45 0.132148 0.104711 -0.00671278 0.10333 -1.66935e-06 -9.16276e-05
9.46 0.131977 0.105545 -0.00368821 0.103592 -3.20449e-07 -9.06807e-05
9.47 0.131814 0.106431 -0.000630384 0.103885 4.4571e-09 -9.27272e-05
9.48 0.131667 0.107353 0.00246432 0.104057 3.09524e-06 -9.28341e-05
9.49 0.131528 0.108251 0.00562034 0.104265 3.66656e-06 -9.79949e-05
9.5 0.131401 0.109119 0.00882974 0.104396 8.29709e-06 -9.93092e-05
9.51 0.131278 0.109897 0.012118 0.104621 8.88692e-06 -0.000104034
9.52 0.131163 0.110589 0.0154675 0.104831 1.40218e-05 -0.000102068
9.53 0.13105 0.111128 0.0188984 0.105105 1.46743e-05 -0.000102953
9.54 0.13094 0.111521 0.0223879 0.105346 1.95326e-05 -9.94191e-05
9.55 0.130832 0.111712 0.0259486 0.105554 2.10759e-05 -9.95488e-05
9.56 0.130724 0.111703 0.0295618 0.105739 2.5298e-05 -9.96353e-05
9.57 0.130616 0.111474 0.0332267 0.105856 2.80477e-05 -0.000100084
9.58 0.130506 0.111017 0.0369289 0.106044 3.10061e-05 -0.000102994
9.59 0.130395 0.110356 0.0406532 0.106181 3.4199e-05 -0.000100229
9.6 0.130278 0.109461 0.0443904 0.106448 3.54282e-05 -0.000102528
9.61 0.130163 0.108394 0.0481149 0.106643 3.81915e-05 -9.63557e-05
9.62 0.130042 0.10711 0.051822 0.106921 3.80231e-05 -9.83982e-05
9.63 0.129924 0.105695 0.0554807 0.107088 4.00198e-05 -9.35713e-05
9.64 0.129801 0.104113 0.0590888 0.107274 3.91285e-05 -9.71571e-05
9.65 0.129685 0.102447 0.0626146 0.107411 4.00984e-05 -9.66029e-05
9.66 0.129566 0.100693 0.0660582 0.107565 3.84488e-05 -9.97229e-05
9.67 0.129456 0.0989131 0.0693897 0.107795 3.79602e-05 -0.000100945
9.68 0.129345 0.0971391 0.0726149 0.108016 3.49522e-05 -9.98266e-05
9.69 0.129247 0.095397 0.0757057 0.108336 3.30775e-05 -0.00010119
9.7 0.129152 0.0937431 0.0786767 0.108541 2.88217e-05 -9.81037e-05
9.71 0.129073 0.0921724 0.0814998 0.108812 2.63402e-05 -0.000102812
9.72 0.129002 0.090754 0.0841977 0.108931 2.15321e-05 -0.000102567
9.73 0.128949 0.08947 0.0867447 0.109161 1.85953e-05 -0.000110626
9.74 0.128905 0.0883898 0.0891684 0.109323 1.35113e-05 -0.000111268
9.75 0.128882 0.0874903 0.0914533 0.109626 9.42251e-06 -0.000117036
9.76 0.128869 0.08682 0.0936259 0.109889 4.44966e-06 -0.000115339
9.77 0.128878 0.0863468 0.0956881 0.110206 -9.58771e-07 -0.000118384
9.78 0.128898 0.0860905 0.0976556 0.11045 -4.72538e-06 -0.000118461
9.79 0.128941 0.0860203 0.0995507 0.110666 -1.0846e-05 -0.000122856
9.8 0.128995 0.0861326 0.101372 0.110865 -1.28306e-05 -0.00012718
9.81 0.129069 0.0864087 0.103161 0.111041 -1.93692e-05 -0.000130946
9.82 0.129153 0.0868166 0.104899 0.111303 -2.01835e-05 -0.000135501
9.83 0.129253 0.0873486 0.106644 0.111528 -2.68685e-05 -0.000134485
9.84 0.129361 0.087938 0.108367 0.111857 -2.72482e-05 -0.000137627
9.85 0.129483 0.0885886 0.11013 0.112071 -3.31292e-05 -0.000133972
9.86 0.129611 0.0892106 0.111899 0.112353 -3.332e-05 -0.000138372
9.87 0.129749 0.0898199 0.11373 0.112489 -3.73665e-05 -0.000136067
9.88 0.129892 0.0903264 0.115595 0.112696 -3.77848e-05 -0.000141267
9.89 0.130039 0.0907447 0.117527 0.112832 -3.98067e-05 -0.000140018
9.9 0.130189 0.0910076 0.119515 0.113052 -4.13602e-05 -0.0001417
9.91 0.130341 0.0911085 0.121564 0.113283 -4.17569e-05 -0.00013975
9.92 0.130493 0.0910201 0.123682 0.113526 -4.49949e-05 -0.000136263
9.93 0.130646 0.0907059 0.125843 0.113778 -4.39589e-05 -0.00013523
9.94 0.130799 0.0901836 0.128076 0.113934 -4.84078e-05 -0.000130337
9.95 0.130952 0.0893972 0.130327 0.114115 -4.61945e-05 -0.000132859
9.96 0.131107 0.0884033 0.132637 0.114199 -5.128e-05 -0.000129313
9.97 0.13126 0.0871502 0.134937 0.114394 -4.91968e-05 -0.000132515
9.98 0.131417 0.0857118 0.13727 0.114559 -5.48821e-05 -0.000127935
9.99 0.131573 0.0840581 0.139568 0.11483 -5.46176e-05 -0.000127064
10 0.131736 0.0822503 0.141862 0.115058 -6.03372e-05 -0.000121875
10.01 0.131901 0.080289 0.144104 0.115281 -6.24694e-05 -0.000119333
10.02 0.132076 0.0782126 0.146298 0.115451 -6.71765e-05 -0.000118875
10.03 0.132258 0.076062 0.148421 0.115581 -7.16565e-05 -0.000118306
10.04 0.132452 0.0738595 0.15045 0.115758 -7.55223e-05 -0.000121927
10.05 0.132655 0.0716776 0.152393 0.115926 -8.2409e-05 -0.000120003
10.06 0.132875 0.0695202 0.15421 0.116211 -8.65271e-05 -0.000122424
10.07 0.133108 0.0674671 0.155933 0.116442 -9.52133e-05 -0.000117732
10.08 0.13336 0.0655056 0.157518 0.116752 -0.00010003 -0.000119933
10.09 0.133627 0.0637095 0.159005 0.116938 -0.000109116 -0.000117322
10.1 0.133916 0.062063 0.160354 0.117182 -0.000114549 -0.000122382
10.11 0.134222 0.0606285 0.161605 0.117325 -0.000123168 -0.000123586
10.12 0.13455 0.0593962 0.162731 0.117565 -0.000129329 -0.000128369
10.13 0.134895 0.0583994 0.163768 0.11778 -0.000137666 -0.000130104
10.14 0.135261 0.0576357 0.164703 0.118073 -0.000144519 -0.000130863
10.15 0.135644 0.0570946 0.16557 0.118369 -0.000152695 -0.000132865
10.16 0.136046 0.0567874 0.166367 0.118636 -0.000159495 -0.000131172
10.17 0.136465 0.0566607 0.167124 0.118907 -0.0001669 -0.000136118
10.18 0.136899 0.0567411 0.16785 0.119069 -0.000172899 -0.000134785
10.19 0.137349 0.0569443 0.168564 0.119308 -0.000178965 -0.000142255
10.2 0.13781 0.0573024 0.169285 0.119447 -0.000184428 -0.000140871
10.21 0.138284 0.0577229 0.170022 0.119753 -0.000189181 -0.000145929
10.22 0.138765 0.0582209 0.170802 0.119967 -0.00019485 -0.000142638
10.23 0.139257 0.0587185 0.171622 0.120305 -0.000198259 -0.000142721
10.24 0.139752 0.0591925 0.172519 0.120506 -0.000203836 -0.000140466
10.25 0.140257 0.0596 0.173475 0.120735 -0.000205455 -0.000138995
10.26 0.140763 0.0598822 0.174528 0.120862 -0.0002101 -0.00014121
10.27 0.141277 0.0600419 0.175654 0.121018 -0.000210409 -0.000139224
10.28 0.141789 0.0600032 0.176883 0.121203 -0.000214196 -0.000141808
10.29 0.142309 0.0597982 0.178192 0.121409 -0.000214679 -0.000136062
10.3 0.142825 0.0593507 0.179599 0.121684 -0.000217846 -0.000134749
10.31 0.14335 0.0586936 0.181085 0.121883 -0.000219092 -0.000127534
10.32 0.143871 0.0577746 0.182652 0.122109 -0.000221164 -0.000125617
10.33 0.144403 0.056618 0.184287 0.122215 -0.00022276 -0.000122362
10.34 0.144933 0.0552161 0.185976 0.122379 -0.000223828 -0.000121725
10.35 0.145476 0.053588 0.187711 0.122485 -0.000225936 -0.000120476
10.36 0.146018 0.0517612 0.189471 0.122701 -0.000227113 -0.000117657
10.37 0.146576 0.0497512 0.191249 0.122898 -0.000230252 -0.000114386
10.38 0.147135 0.0475981 0.193023 0.123153 -0.000232149 -0.000109737
10.39 0.147714 0.0453233 0.194788 0.123369 -0.000236096 -0.000106594
10.4 0.148297 0.0429704 0.196521 0.12356 -0.00023833 -0.000104292
10.41 0.148902 0.0405748 0.198216 0.123733 -0.000242633 -0.000104141
10.42 0.149515 0.0381822 0.199854 0.123867 -0.00024494 -0.000104255
10.43 0.150152 0.0358331 0.201431 0.124077 -0.000249867 -0.000105508
10.44 0.150798 0.0335757 0.202931 0.124259 -0.000252588 -0.000104521
10.45 0.151469 0.0314376 0.204356 0.124568 -0.00025855 -0.000105189
10.46 0.15215 0.0294707 0.205697 0.124805 -0.000261779 -0.00010243
10.47 0.152856 0.0276794 0.206959 0.125111 -0.000268182 -0.000104206
10.48 0.153574 0.0261166 0.20814 0.125301 -0.000271295 -0.00010304
10.49 0.154315 0.0247671 0.209248 0.125516 -0.000277016 -0.000107867
10.5 0.155068 0.0236778 0.210286 0.125691 -0.000279793 -0.000109528
10.51 0.155841 0.022826 0.211265 0.125909 -0.0002846 -0.000114215
10.52 0.156624 0.0222376 0.212194 0.126199 -0.000287732 -0.000115407
10.53 0.157423 0.0218902 0.213086 0.126471 -0.000291779 -0.000115959
10.54 0.15823 0.0217712 0.213952 0.126817 -0.000295336 -0.00011652
10.55 0.159049 0.0218616 0.214809 0.127022 -0.000297738 -0.000115675
10.56 0.159876 0.0221138 0.215675 0.127287 -0.000300691 -0.000119674
10.57 0.160711 0.0225198 0.216558 0.127407 -0.000300668 -0.000120362
10.58 0.161551 0.0230142 0.217485 0.127654 -0.000302727 -0.0001259
10.59 0.162395 0.0235965 0.218457 0.12783 -0.000301143 -0.000124259
10.6 0.163242 0.024189 0.219504 0.128138 -0.000302721 -0.000126267
10.61 0.164087 0.0247849 0.22062 0.12838 -0.000300458 -0.000121306
10.62 0.164935 0.0253037 0.221835 0.128649 -0.000300957 -0.000121427
10.63 0.165779 0.0257337 0.223139 0.128841 -0.000297904 -0.000117805
10.64 0.166626 0.0260097 0.224553 0.128998 -0.000296444 -0.000118913
10.65 0.167468 0.026121 0.226068 0.129155 -0.000292743 -0.000117495
10.66 0.168314 0.0260277 0.227691 0.129291 -0.000289678 -0.000116799
10.67 0.169152 0.0257147 0.229419 0.129518 -0.000286124 -0.000114395
10.68 0.169996 0.0251701 0.231246 0.129696 -0.00028255 -0.000109286
10.69 0.170833 0.0243678 0.233169 0.129975 -0.00027931 -0.000106429
10.7 0.171677 0.0233292 0.235177 0.130127 -0.000275682 -9.96285e-05
10.71 0.172517 0.0220235 0.23726 0.130347 -0.000272067 -9.93729e-05
10.72 0.173369 0.0205049 0.239405 0.130427 -0.000268374 -9.37326e-05
10.73 0.174217 0.0187467 0.241594 0.130597 -0.000264326 -9.55817e-05
10.74 0.17508 0.016823 0.243816 0.13071 -0.000260969 -9.05514e-05
10.75 0.175941 0.0147222 0.246051 0.130934 -0.000257656 -9.09945e-05
10.76 0.17682 0.0125195 0.248285 0.131162 -0.000254918 -8.53956e-05
10.77 0.177698 0.0102265 0.250508 0.131403 -0.000253162 -8.31709e-05
10.78 0.178596 0.00789736 0.252695 0.13164 -0.000250232 -7.99347e-05
10.79 0.179496 0.00557202 0.254854 0.131784 -0.000249566 -7.86398e-05
10.8 0.180417 0.00328017 0.256941 0.13197 -0.000245733 -8.09291e-05
10.81 0.18134 0.00109106 0.258986 0.13209 -0.000245856 -8.10108e-05
10.82 0.182285 -0.000984987 0.260934 0.132346 -0.000242126 -8.49123e-05
10.83 0.183229 -0.00286826 0.262828 0.132569 -0.000242993 -8.26896e-05
10.84 0.184193 -0.00456786 0.264619 0.132897 -0.000240637 -8.46648e-05
10.85 0.185156 -0.00601965 0.266349 0.133153 -0.000240946 -8.2148e-05
10.86 0.186137 -0.0072423 0.26799 0.133404 -0.000239813 -8.55704e-05
10.87 0.187115 -0.00819437 0.269561 0.133606 -0.000237877 -8.73809e-05
10.88 0.188106 -0.00888896 0.27107 0.133786 -0.000237631 -9.28345e-05
10.89 0.189093 -0.0093098 0.272509 0.134024 -0.00023353 -9.63749e-05
10.9 0.190088 -0.00946752 0.27392 0.134254 -0.000234315 -9.91042e-05
10.91 0.191074 -0.00937933 0.275273 0.134584 -0.000229152 -0.000100788
10.92 0.192063 -0.00906025 0.276631 0.13484 -0.000230194 -0.000100563
10.93 0.193041 -0.00855715 0.277959 0.135157 -0.000224315 -0.00010277
10.94 0.194019 -0.00788471 0.27932 0.135342 -0.000223913 -0.000103187
10.95 0.194983 -0.00710652 0.280683 0.135577 -0.000217379 -0.000107614
10.96 0.195944 -0.0062339 0.2821 0.135721 -0.000214689 -0.000108365
10.97 0.196889 -0.00533924 0.283553 0.135953 -0.000208265 -0.000111851
10.98 0.197826 -0.0044356 0.285077 0.136161 -0.000203701 -0.000110299
10.99 0.198748 -0.00359496 0.286666 0.136433 -0.000198166 -0.000110235
11 0.199659 -0.00283873 0.288338 0.13669 -0.000192046 -0.000107175
11.01 0.200555 -0.00222231 0.2901 0.136899 -0.000187156 -0.000105072
11.02 0.201441 -0.00177989 0.291945 0.137101 -0.000179108 -0.000104055
11.03 0.202314 -0.00153427 0.293891 0.137193 -0.00017431 -0.000101859
11.04 0.203178 -0.00152999 0.295908 0.137373 -0.00016465 -0.000103095
11.05 0.204031 -0.00175194 0.298024 0.137473 -0.000160433 -9.90269e-05
11.06 0.204875 -0.00224726 0.300193 0.137744 -0.000150795 -9.85946e-05
11.07 0.205712 -0.00297606 0.302453 0.137909 -0.000147468 -9.14143e-05
11.08 0.206541 -0.00397711 0.304747 0.138191 -0.000138682 -8.88464e-05
11.09 0.207368 -0.00520717 0.307109 0.138315 -0.000135236 -8.3325e-05
11.1 0.208189 -0.00667375 0.309483 0.138484 -0.00012728 -8.20574e-05
11.11 0.209012 -0.00834186 0.311887 0.138571 -0.00012294 -8.15177e-05
11.12 0.20983 -0.0101693 0.314282 0.138719 -0.00011661 -7.98232e-05
11.13 0.210651 -0.0121396 0.316661 0.13891 -0.000112197 -8.03145e-05
11.14 0.211468 -0.0141732 0.319012 0.139125 -0.000108466 -7.50292e-05
11.15 0.212289 -0.0162757 0.321306 0.139403 -0.000104596 -7.50545e-05
11.16 0.213107 -0.0183526 0.323555 0.139592 -0.000102737 -7.0146e-05
11.17 0.213929 -0.020413 0.325715 0.139827 -9.90013e-05 -7.27686e-05
11.18 0.214748 -0.0223671 0.327809 0.139948 -9.77638e-05 -7.25242e-05
11.19 0.215571 -0.0242048 0.329793 0.14016 -9.42746e-05 -7.65169e-05
11.2 0.216388 -0.025864 0.331693 0.140322 -9.36915e-05 -7.87366e-05
11.21 0.217206 -0.0273129 0.333474 0.140604 -9.12606e-05 -7.99349e-05
11.22 0.218013 -0.028534 0.335162 0.140859 -9.1739e-05 -8.24282e-05
11.23 0.218819 -0.029482 0.336734 0.14117 -9.03604e-05 -8.17199e-05
11.24 0.219611 -0.0301782 0.338215 0.141428 -9.12939e-05 -8.62214e-05
11.25 0.220399 -0.0305741 0.339593 0.14166 -8.9954e-05 -8.70781e-05
11.26 0.221171 -0.0307136 0.340888 0.141874 -9.03154e-05 -9.3955e-05
11.27 0.221933 -0.0305606 0.342101 0.142058 -8.87623e-05 -9.65909e-05
11.28 0.222676 -0.0301666 0.343247 0.142316 -8.85809e-05 -0.00010253
11.29 0.223405 -0.0295207 0.344338 0.142556 -8.76687e-05 -0.000104246
11.3 0.224111 -0.0286747 0.345387 0.142899 -8.73374e-05 -0.000106546
11.31 0.224798 -0.0276489 0.346414 0.143151 -8.7233e-05 -0.000107343
11.32 0.225462 -0.0264921 0.347424 0.143445 -8.61473e-05 -0.000108267
11.33 0.226106 -0.0252501 0.348446 0.143608 -8.57456e-05 -0.000111156
11.34 0.226725 -0.0239616 0.349473 0.1438 -8.33981e-05 -0.000112997
11.35 0.227323 -0.0226838 0.350536 0.143959 -8.24104e-05 -0.000116804
11.36 0.227897 -0.021443 0.351627 0.14417 -7.99749e-05 -0.000116364
11.37 0.228448 -0.0203012 0.352772 0.144435 -7.92754e-05 -0.000116854
11.38 0.228975 -0.0192797 0.353966 0.144665 -7.76207e-05 -0.00011268
11.39 0.229482 -0.018441 0.355225 0.144936 -7.71939e-05 -0.000111417
11.4 0.229968 -0.0177995 0.356544 0.145056 -7.54025e-05 -0.000107956
11.41 0.230436 -0.0174039 0.357928 0.145246 -7.47814e-05 -0.000108511
11.42 0.230887 -0.0172536 0.359369 0.145303 -7.25822e-05 -0.000106823
11.43 0.231321 -0.0173738 0.360867 0.145505 -7.26848e-05 -0.000106589
11.44 0.231741 -0.0177541 0.362407 0.145638 -7.12255e-05 -0.000103015
11.45 0.232145 -0.0184 0.363991 0.145896 -7.2916e-05 -9.94855e-05
11.46 0.232539 -0.0192977 0.365596 0.146077 -7.29697e-05 -9.49079e-05
11.47 0.23292 -0.0204329 0.367223 0.146284 -7.53815e-05 -9.15097e-05
11.48 0.233294 -0.0217832 0.368847 0.146426 -7.69255e-05 -8.9679e-05
11.49 0.233657 -0.0233122 0.370461 0.146544 -7.89096e-05 -8.85579e-05
11.5 0.234014 -0.0249872 0.372047 0.146691 -8.24394e-05 -8.88573e-05
11.51 0.234361 -0.0267578 0.373584 0.146826 -8.43719e-05 -8.78189e-05
11.52 0.234701 -0.0285856 0.375071 0.147071 -9.07121e-05 -8.75441e-05
11.53 0.23503 -0.0304167 0.376475 0.14727 -9.36303e-05 -8.53125e-05
11.54 0.235352 -0.0322137 0.377807 0.147571 -0.000102191 -8.52807e-05
11.55 0.235663 -0.0339224 0.379031 0.147742 -0.000106396 -8.42994e-05
11.56 0.235965 -0.0355113 0.380163 0.147987 -0.000115311 -8.73288e-05
11.57 0.236253 -0.0369264 0.381174 0.148103 -0.000120655 -8.90704e-05
11.58 0.23653 -0.0381467 0.382073 0.148331 -0.000129023 -9.46534e-05
11.59 0.236791 -0.0391209 0.382851 0.148521 -0.000136202 -9.66316e-05
11.6 0.237035 -0.0398427 0.383506 0.14883 -0.000144885 -0.000101174
11.61 0.237259 -0.0402742 0.38405 0.149123 -0.000154197 -0.00010152
11.62 0.237462 -0.0404267 0.384479 0.149421 -0.000163396 -0.000105063
11.63 0.237642 -0.0402866 0.384811 0.149686 -0.000173327 -0.000107214
11.64 0.2378 -0.0398721 0.385046 0.149865 -0.000182224 -0.000112587
11.65 0.237932 -0.0391952 0.385198 0.150098 -0.000191652 -0.000118191
11.66 0.238038 -0.038268 0.385278 0.150273 -0.000200416 -0.000122733
11.67 0.238116 -0.037132 0.385298 0.150584 -0.000210265 -0.00012755
11.68 0.238164 -0.0357965 0.385277 0.150838 -0.000219548 -0.000127636
11.69 0.238184 -0.0343347 0.385227 0.151174 -0.000230439 -0.000130751
11.7 0.238174 -0.0327567 0.385165 0.151402 -0.000239453 -0.000129438
11.71 0.238137 -0.0311499 0.385108 0.151629 -0.000250552 -0.000133808
11.72 0.23807 -0.0295242 0.385059 0.151794 -0.000258582 -0.000134021
11.73 0.237979 -0.0279592 0.385044 0.151951 -0.000269465 -0.000138192
11.74 0.237858 -0.0264715 0.385055 0.15216 -0.000277584 -0.000137703
11.75 0.237716 -0.0251218 0.385119 0.152351 -0.000288826 -0.000137783
11.76 0.237546 -0.023941 0.385226 0.152626 -0.000298413 -0.000135344
11.77 0.23736 -0.0229648 0.385398 0.152813 -0.000309932 -0.000132218
11.78 0.237148 -0.0222335 0.385621 0.153049 -0.000320806 -0.000130615
11.79 0.236925 -0.021752 0.385909 0.15315 -0.000331873 -0.000127632
11.8 0.23668 -0.0215578 0.386247 0.153308 -0.000343265 -0.000127961
11.81 0.236429 -0.0216284 0.386636 0.153389 -0.000354408 -0.000125137
11.82 0.236157 -0.0219892 0.387065 0.153566 -0.000366762 -0.00012487
11.83 0.235882 -0.0226002 0.387526 0.153736 -0.000379453 -0.000120404
11.84 0.235588 -0.0234709 0.388009 0.153964 -0.000393524 -0.000118078
11.85 0.235293 -0.0245529 0.388503 0.154174 -0.000407844 -0.000113331
11.86 0.234982 -0.0258379 0.388995 0.154333 -0.000423294 -0.000111698
11.87 0.234672 -0.0272738 0.389467 0.154491 -0.000437735 -0.000110175
11.88 0.234347 -0.0288307 0.389915 0.154565 -0.000454272 -0.000110943
11.89 0.234023 -0.030455 0.390304 0.154758 -0.000468569 -0.000111784
11.9 0.233683 -0.032098 0.39065 0.154895 -0.000487316 -0.000111821
11.91 0.23334 -0.0337144 0.390904 0.155207 -0.000502648 -0.000112004
11.92 0.232978 -0.035248 0.3911 0.155408 -0.000523582 -0.000110464
11.93 0.232611 -0.03667 0.391183 0.155716 -0.000540281 -0.000112025
11.94 0.232224 -0.0379227 0.391192 0.155865 -0.000561142 -0.00011276
11.95 0.23183 -0.0389889 0.391079 0.156086 -0.000578975 -0.000118131
11.96 0.231413 -0.0398141 0.390871 0.15624 -0.000598151 -0.000121327
11.97 0.230984 -0.0403886 0.39055 0.156475 -0.000618206 -0.000127082
11.98 0.230529 -0.0406768 0.390119 0.156753 -0.000636301 -0.000129481
11.99 0.230056 -0.0406771 0.3896 0.157039 -0.0006592 -0.000132821
12 0.229554 -0.0403859 0.388969 0.157373 -0.000676748 -0.00013531
12.01 0.229031 -0.0398059 0.388278 0.157603 -0.000700704 -0.000138496
12.02 0.228479 -0.0389634 0.387486 0.157882 -0.000717623 -0.000143676
12.03 0.227903 -0.0378608 0.38666 0.158037 -0.000740511 -0.000147783
12.04 0.227298 -0.0365463 0.385759 0.158298 -0.000757657 -0.000153731
12.05 0.226667 -0.03503 0.384845 0.158491 -0.000779288 -0.000156465
12.06 0.226006 -0.0333712 0.383894 0.158801 -0.00079806 -0.000159725
12.07 0.22532 -0.0315991 0.382948 0.15906 -0.000818945 -0.000160597
12.08 0.224605 -0.0297687 0.382009 0.159357 -0.000839266 -0.000161238
12.09 0.223867 -0.0279317 0.381093 0.159577 -0.000859066 -0.00016271
12.1 0.223106 -0.0261257 0.38022 0.159761 -0.000879543 -0.000162776
12.11 0.222322 -0.0244194 0.379385 0.159919 -0.000897985 -0.000165672
12.12 0.221522 -0.0228281 0.378619 0.160054 -0.000918418 -0.000164862
12.13 0.2207 -0.0214244 0.377902 0.160268 -0.000936733 -0.000166153
12.14 0.219866 -0.0202087 0.377269 0.16046 -0.000958295 -0.000162818
12.15 0.219014 -0.0192425 0.376695 0.160733 -0.000977379 -0.000160594
12.16 0.218154 -0.0185253 0.376213 0.160901 -0.00100004 -0.000156951
12.17 0.217281 -0.0180916 0.375789 0.161094 -0.00101921 -0.000153895
12.18 0.216406 -0.0179441 0.37545 0.161164 -0.00104156 -0.000153421
12.19 0.215521 -0.0180767 0.375158 0.16129 -0.00106065 -0.000150475
12.2 0.214638 -0.018495 0.374931 0.161401 -0.00108269 -0.000151333
12.21 0.213745 -0.0191538 0.374739 0.161582 -0.00110349 -0.000146058
12.22 0.212856 -0.0200629 0.374584 0.161807 -0.00112619 -0.000145526
12.23 0.211956 -0.0211536 0.374453 0.161995 -0.00114941 -0.000139192
12.24 0.211063 -0.0224324 0.374325 0.162216 -0.00117217 -0.000139373
12.25 0.21016 -0.0238202 0.374203 0.16231 -0.0011963 -0.000136298
12.26 0.209264 -0.0253064 0.374048 0.162493 -0.00121851 -0.000138499
12.27 0.208357 -0.0268143 0.373873 0.162571 -0.0012426 -0.000138575
12.28 0.207454 -0.0283114 0.373637 0.162817 -0.00126555 -0.000139806
12.29 0.206536 -0.0297411 0.373354 0.162994 -0.00129004 -0.000140616
12.3 0.20562 -0.0310529 0.372996 0.163302 -0.00131486 -0.000139838
12.31 0.204686 -0.0322209 0.372569 0.16353 -0.00133959 -0.000142476
12.32 0.203749 -0.0331803 0.372059 0.163787 -0.00136523 -0.000142303
12.33 0.202792 -0.0339329 0.371465 0.163986 -0.00138942 -0.000148366
12.34 0.201831 -0.0344096 0.370784 0.16417 -0.00141421 -0.000149831
12.35 0.200846 -0.034633 0.370014 0.164399 -0.0014382 -0.000157262
12.36 0.199853 -0.0345458 0.369158 0.164614 -0.00146215 -0.000158691
12.37 0.198834 -0.0341828 0.368223 0.16495 -0.00148726 -0.000164372
12.38 0.197802 -0.0335146 0.367214 0.165217 -0.00151105 -0.000165417
12.39 0.196742 -0.0325773 0.366148 0.165572 -0.00153697 -0.000169248
12.4 0.19567 -0.0313794 0.365025 0.165774 -0.00156004 -0.000172145
12.41 0.194572 -0.0299502 0.363869 0.166041 -0.00158484 -0.0001758
12.42 0.193461 -0.0283327 0.36268 0.166178 -0.00160691 -0.000181103
12.43 0.192325 -0.0265466 0.36148 0.166439 -0.00163013 -0.00018345
12.44 0.191176 -0.0246577 0.360278 0.166653 -0.00165274 -0.000187508
12.45 0.190005 -0.0226834 0.359089 0.16697 -0.00167557 -0.000186459
12.46 0.188821 -0.0207012 0.357932 0.167237 -0.00169948 -0.000187709
12.47 0.187619 -0.0187358 0.356815 0.167482 -0.00172175 -0.000185829
12.48 0.186409 -0.0168598 0.355756 0.167674 -0.0017454 -0.000186893
12.49 0.185188 -0.0151019 0.354755 0.167792 -0.00176623 -0.000186773
12.5 0.183961 -0.0135156 0.353827 0.167966 -0.00178907 -0.000187279
12.51 0.182727 -0.0121272 0.352968 0.168088 -0.00180937 -0.000186229
12.52 0.18149 -0.0109731 0.352194 0.168342 -0.00183281 -0.000183611
12.53 0.180248 -0.0100731 0.351498 0.168514 -0.00185381 -0.000180006
12.54 0.179007 -0.00945192 0.350896 0.168763 -0.00187819 -0.000176148
12.55 0.177766 -0.00911323 0.35037 0.168889 -0.00189935 -0.000172648
12.56 0.176528 -0.00906779 0.349929 0.169035 -0.00192333 -0.000170494
12.57 0.175294 -0.00929754 0.349548 0.169122 -0.0019441 -0.000168142
12.58 0.174065 -0.00979683 0.349231 0.169233 -0.00196712 -0.00016656
12.59 0.172841 -0.010533 0.348955 0.169397 -0.00198894 -0.000163884
12.6 0.17162 -0.0114811 0.348717 0.169559 -0.00201156 -0.000160855
12.61 0.170404 -0.0126057 0.348503 0.169809 -0.00203581 -0.000158074
12.62 0.169189 -0.0138608 0.348296 0.169972 -0.00205776 -0.000154683
12.63 0.167979 -0.0152148 0.348094 0.170192 -0.00208354 -0.000154246
12.64 0.16677 -0.0166026 0.347864 0.170291 -0.00210388 -0.000152578
12.65 0.165564 -0.0179982 0.347614 0.170467 -0.00212945 -0.000154895
12.66 0.164356 -0.0193268 0.347306 0.17059 -0.00214897 -0.00015455
12.67 0.163147 -0.0205662 0.346951 0.170833 -0.00217411 -0.000157035
12.68 0.161931 -0.0216465 0.346523 0.171079 -0.00219501 -0.000156564
12.69 0.16071 -0.0225479 0.346027 0.171374 -0.0022198 -0.000158029
12.7 0.159479 -0.0232202 0.345454 0.171646 -0.00224224 -0.000158884
12.71 0.158241 -0.023646 0.344799 0.171857 -0.00226525 -0.00016142
12.72 0.15699 -0.0237988 0.344065 0.172077 -0.00228731 -0.000165273
12.73 0.155732 -0.0236652 0.343244 0.172236 -0.00230818 -0.000169084
12.74 0.154458 -0.0232402 0.342347 0.172522 -0.00232963 -0.000173648
12.75 0.153173 -0.0225184 0.341374 0.172753 -0.0023504 -0.000176071
12.76 0.15187 -0.0215168 0.340336 0.173138 -0.00237208 -0.00017883
12.77 0.150555 -0.0202451 0.339247 0.173384 -0.00239353 -0.000179818
12.78 0.149225 -0.0187411 0.33811 0.173716 -0.00241461 -0.000182716
12.79 0.147884 -0.0170265 0.336945 0.173881 -0.00243492 -0.000184663
12.8 0.14653 -0.0151524 0.335755 0.174122 -0.00245471 -0.00018879
12.81 0.145168 -0.0131445 0.334557 0.17429 -0.00247318 -0.000190117
12.82 0.143796 -0.0110647 0.333365 0.17454 -0.00249315 -0.000192708
12.83 0.142417 -0.00894249 0.332185 0.174805 -0.00251102 -0.00019112
12.84 0.141031 -0.00684614 0.331049 0.175057 -0.00253234 -0.000191473
12.85 0.139641 -0.00480759 0.329943 0.175336 -0.00255001 -0.000188697
12.86 0.13825 -0.00288867 0.328909 0.175491 -0.00257138 -0.000188479
12.87 0.13686 -0.00112201 0.32792 0.175697 -0.0025883 -0.000186605
12.88 0.135474 0.000449787 0.327014 0.175769 -0.00260816 -0.000185475
12.89 0.134093 0.0017918 0.326164 0.175961 -0.00262513 -0.000183732
12.9 0.13272 0.00288705 0.325397 0.176074 -0.00264394 -0.000180124
12.91 0.131352 0.00370085 0.324698 0.176319 -0.00266275 -0.00017749
12.92 0.129994 0.00424277 0.324073 0.176493 -0.00268146 -0.000171831
12.93 0.128643 0.00448637 0.323522 0.176703 -0.00270195 -0.000169031
12.94 0.127305 0.00445967 0.323027 0.176829 -0.00271992 -0.000163915
12.95 0.125976 0.00415371 0.322595 0.176929 -0.00274015 -0.000162166
12.96 0.124662 0.00360592 0.322192 0.177025 -0.00275688 -0.000158953
12.97 0.123355 0.00283357 0.321832 0.177131 -0.00277666 -0.000157101
12.98 0.122062 0.00187652 0.321472 0.177332 -0.00279369 -0.000154146
12.99 0.120773 0.000777363 0.321134 0.177519 -0.00281433 -0.00015079
13 0.119492 -0.000429663 0.320769 0.177781 -0.00283238 -0.000148318
13.01 0.118213 -0.0016852 0.320404 0.177938 -0.00285312 -0.000146123
13.02 0.116941 -0.00295531 0.319984 0.178129 -0.00287087 -0.000145639
13.03 0.115669 -0.00417819 0.319535 0.17823 -0.00288979 -0.000145966
13.04 0.1144 -0.00531776 0.319014 0.178416 -0.00290688 -0.000146612
13.05 0.113127 -0.00632155 0.318434 0.178604 -0.00292435 -0.000148231
13.06 0.111852 -0.00714816 0.317775 0.178875 -0.00294273 -0.000148042
13.07 0.110568 -0.00776567 0.317033 0.17917 -0.00295963 -0.000149824
13.08 0.109277 -0.00813297 0.316215 0.179431 -0.00297963 -0.00014966
13.09 0.107976 -0.00824273 0.315294 0.179715 -0.00299487 -0.000152831
13.1 0.106667 -0.00806043 0.314306 0.179885 -0.00301453 -0.000154596
13.11 0.105348 -0.00759642 0.313204 0.180147 -0.00302754 -0.000158557
13.12 0.104019 -0.00683334 0.312045 0.180315 -0.00304597 -0.000161328
13.13 0.10268 -0.0057915 0.310783 0.180643 -0.00305879 -0.000163675
13.14 0.101328 -0.00448044 0.309476 0.180887 -0.00307644 -0.000166282
13.15 0.0999669 -0.00292211 0.308094 0.181251 -0.003091 -0.000166498
13.16 0.0985941 -0.00115641 0.30668 0.181506 -0.00310724 -0.000169477
13.17 0.0972149 0.000798509 0.305226 0.181776 -0.00312291 -0.000168808
13.18 0.0958279 0.00287547 0.303748 0.181973 -0.00313635 -0.000172636
13.19 0.0944392 0.00506068 0.302267 0.182148 -0.00315191 -0.000171492
13.2 0.0930455 0.00727166 0.300774 0.182368 -0.00316336 -0.00017461
13.21 0.0916532 0.00949607 0.299311 0.182565 -0.0031793 -0.000171948
13.22 0.0902572 0.0116522 0.297858 0.182873 -0.00319137 -0.000172364
13.23 0.0888664 0.0137229 0.296463 0.183078 -0.00320797 -0.000168696
13.24 0.087475 0.0156423 0.295103 0.183354 -0.0032212 -0.000167055
13.25 0.086095 0.0173835 0.293815 0.183451 -0.00323667 -0.000164703
13.26 0.0847182 0.0189089 0.292577 0.183622 -0.00324975 -0.000162018
13.27 0.0833579 0.0201817 0.291409 0.183676 -0.00326331 -0.00016123
13.28 0.0820019 0.0212006 0.290299 0.183868 -0.00327679 -0.000156199
13.29 0.0806636 0.021924 0.289253 0.184012 -0.00329033 -0.000155088
13.3 0.0793287 0.0223837 0.288271 0.184251 -0.00330551 -0.000147525
13.31 0.0780122 0.0225395 0.287341 0.184423 -0.00331984 -0.000146523
13.32 0.0766998 0.0224476 0.286472 0.184574 -0.00333542 -0.000139451
13.33 0.0754073 0.0220803 0.285634 0.184687 -0.00334915 -0.000139569
13.34 0.0741196 0.0215062 0.284835 0.184755 -0.00336339 -0.000134467
13.35 0.0728508 0.0207203 0.284041 0.184902 -0.00337656 -0.000133981
13.36 0.071583 0.019788 0.28326 0.18502 -0.0033901 -0.000130525
13.37 0.0703294 0.0187337 0.282462 0.185275 -0.0034045 -0.000128318
13.38 0.0690724 0.0176104 0.281649 0.185447 -0.00341824 -0.000126825
13.39 0.0678261 0.0164706 0.280802 0.185711 -0.00343383 -0.000123649
13.4 0.066574 0.015346 0.279906 0.185852 -0.00344652 -0.000125098
13.41 0.0653306 0.0143097 0.278957 0.186045 -0.00346143 -0.000122585
13.42 0.064079 0.013372 0.277928 0.186186 -0.00347237 -0.000126519
13.43 0.0628321 0.0126145 0.276827 0.186381 -0.00348603 -0.000124748
13.44 0.0615731 0.0120331 0.275629 0.18663 -0.003497 -0.000128874
13.45 0.0603138 0.0117011 0.274347 0.186893 -0.00351016 -0.000127427
13.46 0.0590395 0.0116065 0.272967 0.18723 -0.00352276 -0.00013067
13.47 0.0577623 0.0118001 0.271495 0.187471 -0.00353469 -0.00013079
13.48 0.0564708 0.0122674 0.269933 0.187763 -0.00354791 -0.000133954
13.49 0.0551764 0.0130277 0.268274 0.187927 -0.00355701 -0.000136368
13.5 0.0538692 0.0140666 0.266536 0.188178 -0.00356958 -0.00013899
13.51 0.0525584 0.0153706 0.264706 0.188384 -0.0035769 -0.00014214
13.52 0.0512348 0.0169245 0.262818 0.188703 -0.00358965 -0.000143016
13.53 0.0499066 0.0186905 0.260864 0.189005 -0.00359785 -0.000145552
13.54 0.0485675 0.0206495 0.258881 0.189322 -0.00361071 -0.000144954
13.55 0.0472261 0.0227473 0.256868 0.189588 -0.00362013 -0.000147364
13.56 0.0458792 0.0249565 0.254845 0.189775 -0.00363094 -0.000146722
13.57 0.0445337 0.0272143 0.25282 0.189975 -0.0036404 -0.00014925
13.58 0.0431879 0.0294887 0.250799 0.190115 -0.00364879 -0.000147982
13.59 0.0418444 0.0317167 0.248803 0.190376 -0.00365914 -0.000148941
13.6 0.0405036 0.0338667 0.246834 0.190567 -0.00366741 -0.000146036
13.61 0.0391655 0.0358806 0.244918 0.190877 -0.00367965 -0.000145196
13.62 0.0378343 0.0377332 0.243053 0.19103 -0.00368852 -0.00014187
13.63 0.0365083 0.0393756 0.241258 0.191258 -0.00370105 -0.00014037
13.64 0.0351946 0.0407912 0.239522 0.191321 -0.00370929 -0.000137617
13.65 0.0338881 0.041945 0.237861 0.191471 -0.00372062 -0.000135444
13.66 0.0325962 0.0428301 0.236259 0.191558 -0.0037286 -0.000132788
13.67 0.03131 0.0434317 0.23473 0.191731 -0.00373976 -0.000129327
13.68 0.0300377 0.0437534 0.233254 0.191914 -0.00374914 -0.000126453
13.69 0.028769 0.0438038 0.231846 0.19209 -0.0037609 -0.000122294
13.7 0.0275138 0.0435962 0.230481 0.192291 -0.00377159 -0.000119913
13.71 0.0262614 0.0431604 0.229165 0.192375 -0.00378236 -0.000116343
13.72 0.0250227 0.0425168 0.227874 0.192532 -0.00379291 -0.000114977
13.73 0.0237847 0.0417097 0.226602 0.192569 -0.00380143 -0.000112389
13.74 0.022558 0.0407668 0.225336 0.192764 -0.00381205 -0.000111785
13.75 0.021327 0.0397431 0.224057 0.192891 -0.00381964 -0.000109603
13.76 0.0201025 0.0386729 0.222766 0.193174 -0.00383161 -0.000109258
13.77 0.0188693 0.0376171 0.221435 0.193373 -0.0038395 -0.000107367
13.78 0.0176398 0.03661 0.220073 0.193622 -0.00385172 -0.000108114
13.79 0.0164001 0.03571 0.218647 0.193782 -0.00385879 -0.000107606
13.8 0.0151628 0.0349453 0.217167 0.193943 -0.00386878 -0.00011002
13.81 0.0139137 0.0343662 0.215602 0.194128 -0.00387478 -0.000110692
13.82 0.0126638 0.0339933 0.213964 0.194341 -0.00388292 -0.000113289
13.83 0.0113984 0.0338633 0.212236 0.194653 -0.00388991 -0.00011422
13.84 0.0101291 0.0339909 0.210431 0.194936 -0.00389785 -0.000116204
13.85 0.00884285 0.0343917 0.208542 0.195275 -0.00390615 -0.000118093
13.86 0.00755359 0.0350755 0.206579 0.195495 -0.00391312 -0.000120107
13.87 0.00624966 0.0360299 0.204538 0.195755 -0.00392055 -0.000123369
13.88 0.00494513 0.0372589 0.202427 0.195929 -0.00392554 -0.000125157
13.89 0.00362746 0.0387239 0.20025 0.196192 -0.00393195 -0.000128463
13.9 0.00230934 0.0404209 0.198019 0.196445 -0.0039365 -0.000129387
13.91 0.000978749 0.0422969 0.195749 0.19676 -0.00394387 -0.000131646
13.92 -0.000351656 0.0443369 0.193447 0.197065 -0.00394913 -0.000132077
13.93 -0.00169093 0.046484 0.191141 0.197322 -0.0039576 -0.000133375
13.94 -0.00302657 0.0487073 0.188822 0.197573 -0.0039623 -0.000133837
13.95 -0.00436542 0.0509534 0.186531 0.197712 -0.00397031 -0.000134405
13.96 -0.00569755 0.0531768 0.184242 0.19793 -0.00397381 -0.000134498
13.97 -0.00702939 0.0553324 0.182008 0.198052 -0.00398138 -0.000134193
13.98 -0.0083542 0.0573715 0.179795 0.198321 -0.00398566 -0.000133013
13.99 -0.00967718 0.0592591 0.177659 0.198495 -0.00399381 -0.000131835
14 -0.010993 0.0609554 0.17557 0.198772 -0.00400058 -0.000129251
14.01 -0.0123043 0.0624337 0.173564 0.198919 -0.00400822 -0.000127893
14.02 -0.0136067 0.0636687 0.17163 0.199079 -0.00401653 -0.000124902
14.03 -0.0149011 0.0646413 0.169771 0.199164 -0.00402166 -0.000123729
14.04 -0.0161864 0.0653415 0.168001 0.199245 -0.00403049 -0.000120852
14.05 -0.0174638 0.0657641 0.166289 0.199392 -0.00403406 -0.000119005
14.06 -0.0187358 0.0659132 0.164671 0.199525 -0.00404436 -0.000116088
14.07 -0.0200024 0.0658053 0.163094 0.199773 -0.00404887 -0.000113301
14.08 -0.0212675 0.0654546 0.161605 0.199905 -0.00406014 -0.000111194
14.09 -0.0225282 0.0648986 0.160141 0.200115 -0.00406553 -0.000108672
14.1 -0.0237876 0.0641588 0.158739 0.200155 -0.00407483 -0.000107776
14.11 -0.025043 0.0632839 0.157342 0.200311 -0.00408001 -0.000105748
14.12 -0.0262994 0.0622997 0.15597 0.200376 -0.00408627 -0.000105622
14.13 -0.0275562 0.0612615 0.154589 0.200605 -0.00409252 -0.000104129
14.14 -0.0288189 0.0602035 0.153197 0.200795 -0.00409763 -0.000104476
14.15 -0.0300865 0.0591839 0.151789 0.201075 -0.00410602 -0.000103459
14.16 -0.0313625 0.0582385 0.15034 0.20129 -0.00411032 -0.000104649
14.17 -0.0326445 0.0574213 0.148863 0.201496 -0.00411883 -0.000104383
14.18 -0.0339349 0.0567577 0.147313 0.201682 -0.00412103 -0.000106826
14.19 -0.0352318 0.0562958 0.145722 0.201844 -0.00412784 -0.000107286
14.2 -0.0365387 0.056046 0.144038 0.202098 -0.00412889 -0.000110234
14.21 -0.0378543 0.0560478 0.142308 0.202323 -0.00413487 -0.000111242
14.22 -0.0391824 0.0563012 0.140486 0.202679 -0.00413716 -0.000113509
14.23 -0.0405198 0.056827 0.138618 0.202937 -0.00414277 -0.000115656
14.24 -0.0418687 0.0576232 0.136673 0.20328 -0.00414655 -0.000116609
14.25 -0.0432247 0.0586766 0.13468 0.203479 -0.00415008 -0.000120685
14.26 -0.0445887 0.0599909 0.132634 0.203738 -0.00415409 -0.000120128
14.27 -0.0459573 0.0615119 0.130535 0.203924 -0.00415488 -0.000125629
14.28 -0.0473314 0.0632538 0.128414 0.204176 -0.00415955 -0.000123413
14.29 -0.0487097 0.065131 0.126248 0.20446 -0.00415982 -0.000128498
14.3 -0.0500931 0.0671596 0.124096 0.204746 -0.00416612 -0.000125899
14.31 -0.0514803 0.0692478 0.121922 0.205066 -0.00416775 -0.000129538
14.32 -0.0528685 0.0713996 0.119792 0.205269 -0.00417431 -0.000127953
14.33 -0.0542563 0.0735377 0.11767 0.205498 -0.00417682 -0.00012864
14.34 -0.0556403 0.0756324 0.115604 0.205595 -0.00418095 -0.000128936
14.35 -0.0570216 0.0776384 0.113576 0.205791 -0.00418451 -0.000126613
14.36 -0.0583978 0.0794962 0.111608 0.205935 -0.00418691 -0.000128377
14.37 -0.0597726 0.0812004 0.109713 0.206186 -0.00419344 -0.000123498
14.38 -0.0611423 0.082679 0.107882 0.206394 -0.00419628 -0.000125551
14.39 -0.0625108 0.0839536 0.106151 0.206596 -0.00420521 -0.000119716
14.4 -0.0638719 0.0849589 0.104487 0.206738 -0.00420812 -0.000121463
14.41 -0.0652304 0.0857237 0.102926 0.206814 -0.00421618 -0.000116169
14.42 -0.0665798 0.0862053 0.101427 0.206925 -0.00421884 -0.000116881
14.43 -0.0679283 0.08643 0.100017 0.206994 -0.00422494 -0.00011246
14.44 -0.0692703 0.0863878 0.0986671 0.207195 -0.00422954 -0.000111942
14.45 -0.0706152 0.0861052 0.0973882 0.207326 -0.00423497 -0.0001086
14.46 -0.0719567 0.0856028 0.0961669 0.207575 -0.00424244 -0.00010748
14.47 -0.0733025 0.0849108 0.0949916 0.207679 -0.00424692 -0.000105444
14.48 -0.0746459 0.0840675 0.0938592 0.20787 -0.00425503 -0.000104036
14.49 -0.0759935 0.083105 0.0927399 0.207924 -0.00425733 -0.000103405
14.5 -0.0773406 0.0820709 0.0916385 0.208091 -0.0042643 -0.000101619
14.51 -0.0786942 0.0809956 0.0905195 0.208215 -0.00426549 -0.000102566
14.52 -0.0800513 0.0799383 0.0893959 0.208444 -0.00427199 -0.00010034
14.53 -0.0814184 0.0789224 0.0882361 0.208691 -0.00427429 -0.000102827
14.54 -0.0827916 0.0780179 0.0870564 0.208936 -0.00428047 -0.00010047
14.55 -0.0841754 0.0772357 0.0858279 0.209205 -0.00428375 -0.000104041
14.56 -0.085565 0.0766444 0.0845585 0.209364 -0.00428771 -0.00010229
14.57 -0.0869639 0.0762411 0.0832273 0.209607 -0.00429058 -0.000105968
14.58 -0.0883684 0.076078 0.0818331 0.20974 -0.00429152 -0.000105481
14.59 -0.0897827 0.0761474 0.0803745 0.210056 -0.00429484 -0.000108143
14.6 -0.0912045 0.0764753 0.0788421 0.210291 -0.00429477 -0.00010916
14.61 -0.0926366 0.0770607 0.0772609 0.210678 -0.00430011 -0.000110527
14.62 -0.0940762 0.0778992 0.075609 0.210943 -0.00430022 -0.000112968
14.63 -0.095523 0.0789937 0.073928 0.211245 -0.00430598 -0.00011345
14.64 -0.0969743 0.0803099 0.0721847 0.21144 -0.00430532 -0.000116292
14.65 -0.0984282 0.081842 0.0704239 0.211649 -0.00430912 -0.000116171
14.66 -0.0998855 0.0835377 0.0686181 0.211878 -0.00430872 -0.000118249
14.67 -0.101344 0.0853781 0.0668073 0.212123 -0.00431128 -0.000118028
14.68 -0.102807 0.0873109 0.0649866 0.212446 -0.00431405 -0.000119213
14.69 -0.10427 0.089307 0.0631789 0.212699 -0.00431654 -0.000119113
14.7 -0.105737 0.0913193 0.0614013 0.212984 -0.00432234 -0.000119532
14.71 -0.107198 0.0933111 0.0596511 0.213133 -0.00432365 -0.000118851
14.72 -0.10866 0.0952332 0.0579586 0.213322 -0.00432997 -0.000118537
14.73 -0.110114 0.0970507 0.0563055 0.213422 -0.00432999 -0.00011692
14.74 -0.11157 0.098712 0.054728 0.213614 -0.00433634 -0.00011629
14.75 -0.113017 0.100198 0.0532075 0.21378 -0.00433774 -0.000114173
14.76 -0.114468 0.101464 0.0517755 0.214001 -0.00434493 -0.000113236
14.77 -0.115911 0.102507 0.0504178 0.214195 -0.00434907 -0.000111098
14.78 -0.117359 0.103297 0.0491515 0.214343 -0.00435608 -0.000109355
14.79 -0.118796 0.103838 0.047963 0.214479 -0.00436122 -0.00010763
14.8 -0.120238 0.104119 0.0468576 0.214527 -0.00436638 -0.00010498
14.81 -0.12167 0.104147 0.0458185 0.214659 -0.00437136 -0.000103806
14.82 -0.123108 0.103933 0.0448499 0.214725 -0.00437544 -0.000100701
14.83 -0.124538 0.103488 0.0439325 0.21495 -0.00438149 -9.99452e-05
14.84 -0.125979 0.102848 0.0430715 0.215091 -0.00438607 -9.73266e-05
14.85 -0.127415 0.102034 0.0422479 0.215336 -0.00439359 -9.68707e-05
14.86 -0.128862 0.101096 0.0414575 0.215456 -0.00439759 -9.51988e-05
14.87 -0.130303 0.100061 0.0406858 0.215606 -0.00440463 -9.45875e-05
14.88 -0.131755 0.0989801 0.0399099 0.215704 -0.00440615 -9.34543e-05
14.89 -0.133202 0.0978821 0.0391313 0.215839 -0.00441212 -9.28643e-05
14.9 -0.134662 0.096817 0.0383119 0.216063 -0.0044125 -9.22182e-05
14.91 -0.136121 0.095815 0.0374761 0.21628 -0.00441884 -9.26968e-05
14.92 -0.137594 0.0949309 0.0365792 0.216611 -0.00442031 -9.25605e-05
14.93 -0.139067 0.0941884 0.0356535 0.21681 -0.00442628 -9.40837e-05
14.94 -0.140553 0.0936396 0.0346558 0.217097 -0.00442817 -9.39091e-05
14.95 -0.142036 0.093292 0.0336074 0.217222 -0.00443113 -9.54404e-05
14.96 -0.143529 0.0931808 0.032482 0.217487 -0.00443276 -9.54541e-05
14.97 -0.145021 0.0933042 0.0312862 0.217665 -0.00443298 -9.6606e-05
14.98 -0.146523 0.0936755 0.0300232 0.218007 -0.00443607 -9.78077e-05
14.99 -0.148024 0.0942965 0.0286867 0.218286 -0.00443607 -9.84714e-05
15 -0.149535 0.0951555 0.0273037 0.218632 -0.00444112 -0.00010076
15.01 -0.151042 0.0962568 0.0258555 0.218898 -0.00444127 -0.000100514
15.02 -0.152556 0.097561 0.024379 0.219139 -0.00444603 -0.000102735
15.03 -0.154063 0.0990643 0.0228508 0.219357 -0.00444546 -0.000101828
15.04 -0.155573 0.10071 0.0213125 0.219542 -0.0044489 -0.000103333
15.05 -0.157078 0.102482 0.0197431 0.219809 -0.00444887 -0.000102631
15.06 -0.158584 0.104325 0.0181875 0.220027 -0.00445264 -0.000103362
15.07 -0.160086 0.106209 0.0166281 0.220357 -0.00445504 -0.000102989
15.08 -0.161587 0.108091 0.0151091 0.22056 -0.00445982 -0.000103024
15.09 -0.163084 0.109932 0.0136145 0.220829 -0.00446397 -0.000102202
15.1 -0.164576 0.111693 0.0121774 0.220935 -0.00446795 -0.000101855
15.11 -0.166063 0.113336 0.010789 0.221102 -0.0044725 -9.97909e-05
15.12 -0.167543 0.114819 0.00946104 0.221192 -0.00447485 -9.94919e-05
15.13 -0.16902 0.116119 0.00820678 0.221369 -0.00448092 -9.64326e-05
15.14 -0.17049 0.117196 0.00700952 0.221559 -0.00448336 -9.64534e-05
15.15 -0.171962 0.118049 0.00591347 0.221753 -0.00449221 -9.3626e-05
15.16 -0.173426 0.118653 0.00486846 0.221958 -0.0044954 -9.32735e-05
15.17 -0.174892 0.119015 0.00393674 0.222045 -0.00450477 -9.12755e-05
15.18 -0.176348 0.119134 0.00304342 0.22217 -0.00450758 -8.90593e-05
15.19 -0.177806 0.119008 0.00224759 0.222192 -0.00451451 -8.81789e-05
15.2 -0.179256 0.118665 0.00148012 0.222346 -0.00451807 -8.41988e-05
15.21 -0.180709 0.118096 0.000778807 0.22246 -0.00452271 -8.5214e-05
15.22 -0.182158 0.117363 0.000110502 0.222694 -0.00452959 -8.10503e-05
15.23 -0.183613 0.11646 -0.000528592 0.222875 -0.00453257 -8.33496e-05
15.24 -0.185063 0.115467 -0.00112958 0.223062 -0.00454185 -7.96667e-05
15.25 -0.186519 0.114385 -0.00174488 0.223206 -0.00454215 -8.126e-05
15.26 -0.187968 0.113284 -0.00233511 0.223314 -0.00455053 -7.83753e-05
15.27 -0.189423 0.112182 -0.00297822 0.223485 -0.00454884 -7.87555e-05
15.28 -0.190873 0.111125 -0.00362132 0.223636 -0.00455522 -7.76964e-05
15.29 -0.19233 0.110152 -0.00433432 0.223926 -0.00455485 -7.77353e-05
15.3 -0.193785 0.109294 -0.00507321 0.224146 -0.00455953 -7.85613e-05
15.31 -0.195247 0.108602 -0.00588015 0.224482 -0.00456199 -7.83203e-05
15.32 -0.196704 0.108087 -0.00673985 0.224675 -0.00456382 -7.98582e-05
15.33 -0.198167 0.107795 -0.00766155 0.224953 -0.0045674 -7.89557e-05
15.34 -0.199622 0.107721 -0.00866039 0.225107 -0.00456557 -8.07076e-05
15.35 -0.201081 0.107896 -0.00971588 0.225371 -0.00456913 -7.9218e-05
15.36 -0.202533 0.108299 -0.0108589 0.225597 -0.00456576 -8.18043e-05
15.37 -0.203991 0.108951 -0.0120471 0.225921 -0.0045701 -8.00799e-05
15.38 -0.205442 0.109819 -0.0133134 0.226243 -0.00456802 -8.35884e-05
15.39 -0.206896 0.110919 -0.0146065 0.226537 -0.00457278 -8.1525e-05
15.4 -0.208343 0.112203 -0.0159576 0.226829 -0.00457194 -8.49e-05
15.41 -0.209789 0.113675 -0.0173205 0.226992 -0.00457484 -8.25208e-05
15.42 -0.211225 0.115274 -0.0187197 0.227235 -0.00457444 -8.42712e-05
15.43 -0.212659 0.116983 -0.0201205 0.227369 -0.00457515 -8.2549e-05
15.44 -0.214084 0.11875 -0.0215277 0.227682 -0.00457699 -8.23924e-05
15.45 -0.215508 0.120534 -0.0229216 0.227882 -0.00457741 -8.29657e-05
15.46 -0.216925 0.122311 -0.0242793 0.228215 -0.0045829 -8.12075e-05
15.47 -0.218339 0.12402 -0.0256094 0.22838 -0.00458318 -8.35164e-05
15.48 -0.219745 0.125661 -0.0268668 0.228581 -0.0045902 -7.95318e-05
15.49 -0.221144 0.127157 -0.0280934 0.22867 -0.00458919 -8.14282e-05
15.5 -0.222534 0.128514 -0.029229 0.22879 -0.00459551 -7.63557e-05
15.51 -0.223917 0.129659 -0.0303289 0.228932 -0.004595 -7.77862e-05
15.52 -0.225295 0.130605 -0.0313307 0.22909 -0.00460081 -7.41496e-05
15.53 -0.226667 0.131311 -0.0322792 0.229314 -0.00460381 -7.49874e-05
15.54 -0.228035 0.131786 -0.0331356 0.229455 -0.00460838 -7.28573e-05
15.55 -0.229397 0.132023 -0.0339198 0.22964 -0.00461461 -7.20189e-05
15.56 -0.230752 0.132023 -0.034638 0.229693 -0.00461569 -7.03177e-05
15.57 -0.232099 0.131802 -0.0352782 0.229816 -0.004623 -6.82532e-05
15.58 -0.233441 0.131362 -0.0358869 0.22987 -0.00462098 -6.71041e-05
15.59 -0.234777 0.130733 -0.0364251 0.230039 -0.0046287 -6.52448e-05
15.6 -0.236108 0.129931 -0.0369565 0.230191 -0.00462664 -6.49184e-05
15.61 -0.237436 0.128999 -0.0374352 0.230416 -0.00463415 -6.34142e-05
15.62 -0.23876 0.127967 -0.0379198 0.230616 -0.00463378 -6.35658e-05
15.63 -0.240079 0.12688 -0.0383815 0.230786 -0.00463855 -6.18748e-05
15.64 -0.241392 0.125772 -0.0388602 0.230952 -0.00463905 -6.23283e-05
15.65 -0.2427 0.124688 -0.0393558 0.23106 -0.00463923 -6.01039e-05
15.66 -0.244002 0.123656 -0.0398821 0.231267 -0.00464035 -6.08798e-05
15.67 -0.245298 0.122722 -0.0404594 0.231441 -0.00463758 -5.87177e-05
15.68 -0.246592 0.121905 -0.041077 0.231773 -0.00464034 -6.01044e-05
15.69 -0.247881 0.121254 -0.0417612 0.232018 -0.00463685 -5.90742e-05
15.7 -0.249166 0.120785 -0.042489 0.232353 -0.00464038 -6.03747e-05
15.71 -0.250444 0.120533 -0.0432899 0.232549 -0.00463581 -5.99151e-05
15.72 -0.251716 0.120506 -0.04414 0.232784 -0.0046376 -5.96591e-05
15.73 -0.252979 0.120715 -0.0450697 0.232975 -0.00463166 -5.93785e-05
15.74 -0.254237 0.121155 -0.0460506 0.233216 -0.00463181 -5.83713e-05
15.75 -0.255488 0.121821 -0.0471054 0.233531 -0.00462688 -5.91231e-05
15.76 -0.256735 0.122706 -0.0481984 0.233818 -0.00462694 -5.85824e-05
15.77 -0.257976 0.123795 -0.0493425 0.234184 -0.00462455 -5.96119e-05
15.78 -0.259211 0.12507 -0.0505072 0.234389 -0.00462352 -5.88571e-05
15.79 -0.260438 0.126507 -0.0516958 0.234675 -0.00462259 -5.87502e-05
15.8 -0.261655 0.12807 -0.0528967 0.234788 -0.00461879 -5.73178e-05
15.81 -0.262866 0.129722 -0.0540926 0.235045 -0.00461899 -5.67611e-05
15.82 -0.264068 0.131423 -0.0552927 0.235197 -0.00461378 -5.53773e-05
15.83 -0.265266 0.133133 -0.0564527 0.235496 -0.00461633 -5.54137e-05
15.84 -0.266454 0.134821 -0.057599 0.235704 -0.004612 -5.38576e-05
15.85 -0.26764 0.13644 -0.0586736 0.235961 -0.00461593 -5.41035e-05
15.86 -0.268814 0.137973 -0.0597126 0.236123 -0.00461284 -5.17746e-05
15.87 -0.269984 0.139365 -0.0606665 0.236253 -0.0046152 -5.15881e-05
15.88 -0.271142 0.140608 -0.0615658 0.236369 -0.0046132 -4.88608e-05
15.89 -0.272296 0.141651 -0.0623838 0.236452 -0.00461299 -4.80167e-05
15.9 -0.273439 0.142493 -0.0631306 0.236629 -0.00461328 -4.59095e-05
15.91 -0.27458 0.143099 -0.0638031 0.236759 -0.00461199 -4.46388e-05
15.92 -0.275711 0.143479 -0.0643911 0.237003 -0.00461502 -4.37601e-05
15.93 -0.27684 0.143623 -0.06491 0.237112 -0.0046132 -4.21182e-05
15.94 -0.277957 0.143543 -0.0653448 0.237296 -0.00461661 -4.16448e-05
15.95 -0.279069 0.143251 -0.0657232 0.237323 -0.00461333 -3.90616e-05
15.96 -0.280169 0.142757 -0.0660374 0.237449 -0.00461483 -3.81797e-05
15.97 -0.281265 0.142085 -0.0663164 0.237522 -0.0046108 -3.54199e-05
15.98 -0.28235 0.141253 -0.0665559 0.237717 -0.00461122 -3.50017e-05
15.99 -0.283432 0.140301 -0.0667793 0.237923 -0.00460813 -3.31979e-05
16 -0.284505 0.139255 -0.0669785 0.238146 -0.00460824 -3.35607e-05
16.01 -0.285573 0.138172 -0.0671816 0.238367 -0.00460539 -3.16494e-05
16.02 -0.286629 0.137073 -0.0673773 0.238493 -0.00460343 -3.17739e-05
16.03 -0.287677 0.136016 -0.0676066 0.238681 -0.00459926 -2.87889e-05
16.04 -0.288713 0.135011 -0.0678558 0.238794 -0.00459444 -2.90312e-05
16.05 -0.289743 0.134116 -0.0681617 0.23906 -0.00459014 -2.61628e-05
16.06 -0.290763 0.133338 -0.0685101 0.239283 -0.00458372 -2.71029e-05
16.07 -0.291778 0.132731 -0.0689154 0.239623 -0.00458117 -2.52173e-05
16.08 -0.292782 0.132304 -0.0693797 0.239892 -0.00457354 -2.57352e-05
16.09 -0.29378 0.132091 -0.0698891 0.24017 -0.00457186 -2.45266e-05
16.1 -0.294765 0.132103 -0.0704738 0.240395 -0.00456202 -2.33631e-05
16.11 -0.295742 0.13234 -0.0710937 0.240585 -0.00455931 -2.27694e-05
16.12 -0.296708 0.132816 -0.0717986 0.240834 -0.00454843 -2.01579e-05
16.13 -0.297667 0.133497 -0.0725309 0.241062 -0.00454473 -2.05428e-05
16.14 -0.298618 0.134403 -0.0733348 0.24142 -0.00453613 -1.78654e-05
16.15 -0.299563 0.135484 -0.0741534 0.241687 -0.00453172 -1.91765e-05
16.16 -0.300501 0.136757 -0.0750077 0.242032 -0.00452642 -1.67617e-05
16.17 -0.301429 0.138165 -0.0758667 0.242203 -0.00451964 -1.72402e-05
16.18 -0.30235 0.139704 -0.0767246 0.242441 -0.0045162 -1.42372e-05
16.19 -0.30326 0.141315 -0.0775857 0.242557 -0.0045067 -1.34794e-05
16.2 -0.304165 0.142973 -0.0784144 0.242785 -0.00450476 -1.07519e-05
16.21 -0.30506 0.144625 -0.0792374 0.242974 -0.00449511 -1.03586e-05
16.22 -0.305954 0.146246 -0.0799968 0.243234 -0.00449502 -8.44743e-06
16.23 -0.306837 0.147794 -0.0807291 0.243466 -0.00448724 -8.36674e-06
16.24 -0.307719 0.149241 -0.081374 0.243645 -0.00448724 -6.30109e-06
16.25 -0.308588 0.150556 -0.0819708 0.243811 -0.0044808 -5.53469e-06
16.26 -0.309455 0.151706 -0.0824737 0.243858 -0.00447849 -3.23301e-06
16.27 -0.310307 0.152673 -0.0829172 0.244002 -0.00447317 -1.40986e-06
16.28 -0.31116 0.153421 -0.0832751 0.244054 -0.00446872 7.61282e-08
16.29 -0.312 0.153954 -0.0835643 0.244295 -0.00446613 2.40066e-06
16.3 -0.312842 0.154239 -0.083778 0.244414 -0.00446072 1.84541e-06
16.31 -0.31367 0.154315 -0.0839093 0.244665 -0.00446084 4.51583e-06
16.32 -0.314497 0.15415 -0.0839826 0.24474 -0.00445358 3.19187e-06
16.33 -0.315309 0.153801 -0.0839714 0.244884 -0.00445398 7.11941e-06
16.34 -0.316118 0.153239 -0.0839351 0.244932 -0.00444415 6.7209e-06
16.35 -0.316912 0.152523 -0.0838275 0.245053 -0.00444341 1.05854e-05
16.36 -0.317704 0.151644 -0.0837263 0.245211 -0.00443324 1.05697e-05
16.37 -0.318484 0.150656 -0.0835733 0.245399 -0.00443135 1.22804e-05
16.38 -0.319262 0.149585 -0.0834411 0.245665 -0.00442341 1.2699e-05
16.39 -0.320026 0.14847 -0.0832847 0.24585 -0.0044188 1.28734e-05
16.4 -0.320787 0.147363 -0.0831506 0.24609 -0.00441299 1.48979e-05
16.41 -0.321532 0.146282 -0.0830345 0.2462 -0.0044033 1.50276e-05
16.42 -0.322273 0.145288 -0.0829411 0.246404 -0.00439878 1.8459e-05
16.43 -0.322998 0.144382 -0.0829139 0.246556 -0.00438472 1.85603e-05
16.44 -0.323723 0.143621 -0.0829071 0.246851 -0.00438204 2.15592e-05
16.45 -0.324433 0.143006 -0.0829941 0.247126 -0.00436707 2.07012e-05
16.46 -0.325144 0.142589 -0.0830947 0.247458 -0.00436511 2.26877e-05
16.47 -0.325841 0.142372 -0.0832897 0.247732 -0.00435104 2.19963e-05
16.48 -0.326535 0.142386 -0.0835021 0.247967 -0.00434637 2.47793e-05
16.49 -0.327214 0.142623 -0.083796 0.248191 -0.00433389 2.53216e-05
16.5 -0.327892 0.14309 -0.0841244 0.248376 -0.00432482 2.87271e-05
16.51 -0.328557 0.143768 -0.0845087 0.248656 -0.00431574 2.91719e-05
16.52 -0.329222 0.144651 -0.0849395 0.248897 -0.00430377 3.15477e-05
16.53 -0.329878 0.145715 -0.0853894 0.249257 -0.00429931 3.14617e-05
16.54 -0.330532 0.146946 -0.0858837 0.249504 -0.00428594 3.27233e-05
16.55 -0.331178 0.148319 -0.0863587 0.249803 -0.00428401 3.35682e-05
16.56 -0.33182 0.149801 -0.0868633 0.249951 -0.00426946 3.46699e-05
16.57 -0.332453 0.151363 -0.0873232 0.250134 -0.00426722 3.74881e-05
16.58 -0.333082 0.152954 -0.087796 0.250274 -0.00425328 3.81838e-05
16.59 -0.333707 0.154546 -0.0882123 0.250468 -0.00425036 4.14589e-05
16.6 -0.334329 0.156084 -0.088615 0.250714 -0.00423988 4.02596e-05
16.61 -0.334947 0.157551 -0.0889486 0.250914 -0.00423612 4.26236e-05
16.62 -0.33556 0.158902 -0.0892331 0.251164 -0.00422974 4.07711e-05
16.63 -0.336168 0.160123 -0.0894443 0.251249 -0.00422334 4.36063e-05
16.64 -0.336767 0.161175 -0.0895804 0.251418 -0.00421961 4.31144e-05
16.65 -0.337362 0.16204 -0.0896555 0.251424 -0.00420967 4.63479e-05
16.66 -0.337948 0.16269 -0.0896412 0.251596 -0.00420824 4.62226e-05
16.67 -0.338532 0.163113 -0.0895837 0.251671 -0.00419666 4.81684e-05
16.68 -0.339108 0.163304 -0.0894279 0.25191 -0.00419756 4.72617e-05
16.69 -0.33968 0.163263 -0.0892403 0.252058 -0.00418631 4.78926e-05
16.7 -0.340243 0.163004 -0.0889544 0.252253 -0.00418717 4.71505e-05
16.71 -0.3408 0.16254 -0.0886448 0.252358 -0.00417643 4.80175e-05
16.72 -0.341344 0.161891 -0.0882611 0.252441 -0.0041738 4.89416e-05
16.73 -0.341883 0.161073 -0.0878661 0.252551 -0.00416443 5.019e-05
16.74 -0.342409 0.160113 -0.0874419 0.252663 -0.00415763 5.17236e-05
16.75 -0.342933 0.159035 -0.0870113 0.252906 -0.00415171 5.13043e-05
16.76 -0.343445 0.157883 -0.0865927 0.253097 -0.00414177 5.22233e-05
16.77 -0.343955 0.156689 -0.0861628 0.253397 -0.00413909 5.06091e-05
16.78 -0.34445 0.155504 -0.0857779 0.253552 -0.00412614 5.24967e-05
16.79 -0.344942 0.154356 -0.0853865 0.253794 -0.0041238 5.18208e-05
16.8 -0.345418 0.153292 -0.0850682 0.253902 -0.0041086 5.50463e-05
16.81 -0.345893 0.152329 -0.0847641 0.25414 -0.00410469 5.50686e-05
16.82 -0.346354 0.151507 -0.0845478 0.25433 -0.00409021 5.77876e-05
16.83 -0.346817 0.15084 -0.0843685 0.254651 -0.00408462 5.73467e-05
16.84 -0.347268 0.150364 -0.0842688 0.254954 -0.00407337 5.85925e-05
16.85 -0.347719 0.150089 -0.0842181 0.255262 -0.00406536 5.81971e-05
16.86 -0.348159 0.150043 -0.0842247 0.255538 -0.0040569 5.94212e-05
16.87 -0.348597 0.150221 -0.0842888 0.255721 -0.00404528 6.08114e-05
16.88 -0.349026 0.150629 -0.0843938 0.255961 -0.0040386 6.29059e-05
16.89 -0.349454 0.151248 -0.0845628 0.256132 -0.00402471 6.51996e-05
16.9 -0.349876 0.152065 -0.0847562 0.256451 -0.00402033 6.60008e-05
16.91 -0.350299 0.153061 -0.0850023 0.256698 -0.00400683 6.72539e-05
16.92 -0.350718 0.154212 -0.0852464 0.257039 -0.00400437 6.63239e-05
16.93 -0.351135 0.155505 -0.085518 0.257265 -0.00399204 6.79259e-05
16.94 -0.351547 0.156893 -0.0857624 0.257488 -0.00398926 6.73151e-05
16.95 -0.351955 0.158364 -0.0860105 0.257639 -0.00397801 7.03218e-05
16.96 -0.35236 0.15985 -0.086218 0.257767 -0.00397356 7.01381e-05
16.97 -0.352762 0.161339 -0.086409 0.257951 -0.00396485 7.29128e-05
16.98 -0.353161 0.162761 -0.0865515 0.258113 -0.00395935 7.18854e-05
16.99 -0.353559 0.164108 -0.0866505 0.258387 -0.00395482 7.25875e-05
17 -0.353953 0.165324 -0.0866902 0.258549 -0.00394821 7.09974e-05
17.01 -0.354342 0.166406 -0.0866551 0.258772 -0.00394687 7.05481e-05
17.02 -0.354725 0.167311 -0.0865594 0.258821 -0.00393791 7.07912e-05
17.03 -0.355101 0.168026 -0.0863766 0.25895 -0.00393791 7.07385e-05
17.04 -0.355469 0.168524 -0.0861504 0.258985 -0.00392731 7.24514e-05
17.05 -0.355833 0.168789 -0.0858405 0.259149 -0.00392813 7.10829e-05
17.06 -0.356191 0.168819 -0.0854981 0.259292 -0.00391834 7.16675e-05
17.07 -0.356544 0.16861 -0.0850765 0.2595 -0.00391919 6.85827e-05
17.08 -0.356888 0.168184 -0.0846233 0.259682 -0.00391127 6.87545e-05
17.09 -0.357223 0.167544 -0.0841061 0.259812 -0.00390974 6.64107e-05
17.1 -0.357549 0.166728 -0.0835625 0.25995 -0.00390317 6.77924e-05
17.11 -0.357864 0.165737 -0.0829882 0.26 -0.00389776 6.68718e-05
17.12 -0.358171 0.164617 -0.0824028 0.26018 -0.00389295 6.86231e-05
17.13 -0.35847 0.163373 -0.0818274 0.260295 -0.00388474 6.74297e-05
17.14 -0.358763 0.162065 -0.0812537 0.260609 -0.0038825 6.78613e-05
17.15 -0.359047 0.160707 -0.0807177 0.260796 -0.00387266 6.57633e-05
17.16 -0.359323 0.159367 -0.0801869 0.261114 -0.0038716 6.57164e-05
17.17 -0.359589 0.158064 -0.0797131 0.261251 -0.00385995 6.51949e-05
17.18 -0.359847 0.156853 -0.0792552 0.261478 -0.00385795 6.65316e-05
17.19 -0.360095 0.155752 -0.0788768 0.261619 -0.00384553 6.83045e-05
17.2 -0.360339 0.154791 -0.078532 0.26186 -0.00384231 6.91664e-05
17.21 -0.360576 0.153999 -0.0782791 0.262133 -0.00383168 7.08492e-05
17.22 -0.36081 0.153385 -0.0780697 0.262429 -0.00382723 6.94622e-05
17.23 -0.361039 0.15299 -0.077942 0.262776 -0.0038196 7.08451e-05
17.24 -0.361262 0.152804 -0.0778606 0.263014 -0.00381254 6.91994e-05
17.25 -0.361479 0.152866 -0.0778367 0.263299 -0.0038075 7.2105e-05
17.26 -0.36169 0.153139 -0.0778665 0.263439 -0.00379702 7.23011e-05
17.27 -0.361899 0.153643 -0.0779281 0.26369 -0.00379473 7.59077e-05
17.28 -0.362103 0.154332 -0.0780544 0.263873 -0.00378256 7.63373e-05
17.29 -0.362308 0.155203 -0.0781826 0.264194 -0.00378346 7.75201e-05
17.3 -0.362508 0.156219 -0.0783693 0.264458 -0.00377176 7.65459e-05
17.31 -0.362709 0.157366 -0.0785206 0.264752 -0.00377396 7.57988e-05
17.32 -0.362901 0.158613 -0.0787063 0.264954 -0.00376358 7.5715e-05
17.33 -0.363092 0.159923 -0.0788339 0.26511 -0.00376405 7.6165e-05
17.34 -0.363273 0.161262 -0.0789698 0.265251 -0.00375647 7.76256e-05
17.35 -0.363455 0.162576 -0.0790486 0.265366 -0.00375406 7.82256e-05
17.36 -0.363628 0.163834 -0.0791042 0.265572 -0.00375152 7.80784e-05
17.37 -0.363803 0.164988 -0.0791111 0.265737 -0.0037464 7.67014e-05
17.38 -0.363968 0.166018 -0.0790535 0.265997 -0.00374913 7.44449e-05
17.39 -0.36413 0.166886 -0.0789532 0.266132 -0.00374108 7.25592e-05
17.4 -0.364279 0.167581 -0.0787518 0.26631 -0.00374672 7.08641e-05
17.41 -0.364422 0.16807 -0.0785184 0.26635 -0.00373619 7.03205e-05
17.42 -0.364552 0.168344 -0.0781735 0.26645 -0.00374243 7.00585e-05
17.43 -0.364677 0.168376 -0.0778136 0.266531 -0.00373214 6.93856e-05
17.44 -0.364791 0.168167 -0.0773557 0.266691 -0.00373769 6.82703e-05
17.45 -0.364899 0.16771 -0.076887 0.2669 -0.00373035 6.50885e-05
17.46 -0.364994 0.167029 -0.0763399 0.267072 -0.00373296 6.27482e-05
17.47 -0.36508 0.166132 -0.0757714 0.267286 -0.00372899 5.93077e-05
17.48 -0.365149 0.165056 -0.0751572 0.267353 -0.00372632 5.90835e-05
17.49 -0.36521 0.163813 -0.0745166 0.267526 -0.00372559 5.7938e-05
17.5 -0.365255 0.162437 -0.0738803 0.267572 -0.00371792 5.91876e-05
17.51 -0.365294 0.160948 -0.0732212 0.267814 -0.0037208 5.78484e-05
17.52 -0.365321 0.159387 -0.072615 0.26797 -0.0037102 5.75365e-05
17.53 -0.365342 0.157791 -0.0719914 0.268296 -0.00371547 5.50594e-05
17.54 -0.365348 0.156205 -0.0714518 0.268516 -0.00370352 5.39375e-05
17.55 -0.365347 0.154671 -0.0709008 0.268783 -0.00370792 5.28605e-05
17.56 -0.365331 0.153228 -0.0704431 0.268961 -0.00369615 5.3233e-05
17.57 -0.36531 0.151912 -0.0699948 0.269131 -0.00369722 5.51418e-05
17.58 -0.365276 0.150743 -0.069641 0.269351 -0.00368858 5.62671e-05
17.59 -0.36524 0.14975 -0.0693328 0.269572 -0.00368593 5.86054e-05
17.6 -0.365197 0.148942 -0.069101 0.269923 -0.00368264 5.70967e-05
17.61 -0.365148 0.148352 -0.0689412 0.27019 -0.00367597 5.81315e-05
17.62 -0.365093 0.147979 -0.0688191 0.270546 -0.00367722 5.53718e-05
17.63 -0.365028 0.147854 -0.0687824 0.270727 -0.00366651 5.82662e-05
17.64 -0.364957 0.14795 -0.0687484 0.270992 -0.00367033 5.7654e-05
17.65 -0.364878 0.148279 -0.0688064 0.271118 -0.00365794 6.23875e-05
17.66 -0.364796 0.148793 -0.0688489 0.271379 -0.00366293 6.20513e-05
17.67 -0.364707 0.149492 -0.0689732 0.271579 -0.00365255 6.4386e-05
17.68 -0.364617 0.150328 -0.0690715 0.271893 -0.00365684 6.23563e-05
17.69 -0.364517 0.151291 -0.0692141 0.272148 -0.00365055 6.14933e-05
17.7 -0.364413 0.152343 -0.0693209 0.272387 -0.00365142 6.03659e-05
17.71 -0.364295 0.153452 -0.0694209 0.272567 -0.0036495 5.91476e-05
17.72 -0.364172 0.154587 -0.0694885 0.27266 -0.0036458 6.14961e-05
17.73 -0.364036 0.155687 -0.0695103 0.272813 -0.00364869 5.98624e-05
17.74 -0.363896 0.15673 -0.0695153 0.272912 -0.00364202 6.27924e-05
17.75 -0.363744 0.157644 -0.0694455 0.273155 -0.0036493 5.75068e-05
17.76 -0.363587 0.158433 -0.0693626 0.273312 -0.00364128 5.8197e-05
17.77 -0.363413 0.159033 -0.0691778 0.273555 -0.00365007 5.08837e-05
17.78 -0.36323 0.159463 -0.0689697 0.273662 -0.0036417 5.17995e-05
17.79 -0.363028 0.159664 -0.0686519 0.273787 -0.00364886 4.69211e-05
17.8 -0.362816 0.159653 -0.0683045 0.273847 -0.00364211 4.8838e-05
17.81 -0.362586 0.159388 -0.0678687 0.273928 -0.00364626 4.62177e-05
17.82 -0.362349 0.158877 -0.0674025 0.274079 -0.00364344 4.56793e-05
17.83 -0.362094 0.158116 -0.0668835 0.274229 -0.00364392 4.27968e-05
17.84 -0.361831 0.157112 -0.0663255 0.274487 -0.00364542 3.83791e-05
17.85 -0.361546 0.155904 -0.0657452 0.274633 -0.00364116 3.66176e-05
17.86 -0.361251 0.154495 -0.0651134 0.274846 -0.0036453 3.2069e-05
17.87 -0.360932 0.152945 -0.0644913 0.274904 -0.00363664 3.44811e-05
17.88 -0.360606 0.151245 -0.0638251 0.275073 -0.00364225 3.17007e-05
17.89 -0.36026 0.149464 -0.0632066 0.27518 -0.00363209 3.55911e-05
17.9 -0.35991 0.147594 -0.0625681 0.275434 -0.00363808 3.15428e-05
17.91 -0.359541 0.145714 -0.061998 0.275674 -0.00362896 3.31887e-05
17.92 -0.359167 0.143833 -0.0614304 0.275965 -0.00363269 2.86245e-05
17.93 -0.358772 0.14203 -0.0609271 0.276223 -0.00362559 3.01949e-05
17.94 -0.35837 0.140318 -0.0604506 0.276422 -0.00362484 2.92638e-05
17.95 -0.357948 0.138752 -0.060028 0.27664 -0.00362081 3.23076e-05
17.96 -0.357522 0.137344 -0.0596658 0.276783 -0.00361582 3.4558e-05
17.97 -0.357082 0.136121 -0.0593502 0.277066 -0.00361592 3.62557e-05
17.98 -0.356639 0.135104 -0.0591237 0.277281 -0.00360829 3.86041e-05
17.99 -0.356183 0.134299 -0.0589296 0.277673 -0.00361174 3.7121e-05
18 -0.355721 0.133736 -0.0588261 0.277909 -0.00360235 3.9329e-05
18.01 -0.355245 0.133401 -0.0587309 0.278249 -0.00360649 3.72081e-05
18.02 -0.354758 0.133321 -0.0587112 0.278387 -0.0035966 4.2029e-05
18.03 -0.354259 0.13345 -0.0586912 0.278618 -0.00359993 4.19519e-05
18.04 -0.353753 0.133799 -0.0587358 0.278759 -0.00359237 4.79703e-05
18.05 -0.353237 0.134305 -0.0587838 0.279005 -0.00359442 4.6982e-05
18.06 -0.352713 0.13497 -0.0588705 0.279258 -0.00359094 4.9504e-05
18.07 -0.352179 0.135734 -0.0589533 0.279513 -0.00359039 4.64677e-05
18.08 -0.351631 0.136592 -0.0590311 0.279785 -0.00359058 4.65367e-05
18.09 -0.351069 0.137492 -0.0590926 0.279923 -0.00358632 4.55003e-05
18.1 -0.350491 0.138408 -0.0591084 0.280109 -0.00358954 4.60394e-05
18.11 -0.349899 0.139288 -0.0591072 0.28015 -0.00358256 4.79998e-05
18.12 -0.349295 0.140086 -0.0590383 0.280328 -0.00358866 4.71449e-05
18.13 -0.348677 0.140768 -0.0589602 0.28043 -0.00358106 4.84876e-05
18.14 -0.348046 0.141281 -0.0588011 0.280682 -0.0035886 4.35486e-05
18.15 -0.347398 0.14162 -0.0586264 0.280849 -0.00358127 4.29685e-05
18.16 -0.346733 0.141741 -0.0583564 0.281047 -0.00358707 3.68077e-05
18.17 -0.346047 0.141654 -0.0580543 0.281146 -0.00358072 3.78435e-05
18.18 -0.345342 0.141318 -0.0576629 0.281224 -0.00358297 3.47456e-05
18.19 -0.34462 0.140745 -0.0572354 0.281312 -0.00357968 3.72376e-05
18.2 -0.343882 0.139904 -0.0567506 0.281408 -0.00357847 3.49465e-05
18.21 -0.34313 0.138816 -0.0562312 0.281612 -0.00357941 3.427e-05
18.22 -0.342361 0.13748 -0.0556902 0.281784 -0.00357418 3.07355e-05
18.23 -0.341576 0.135929 -0.0551078 0.282044 -0.00357793 2.76036e-05
18.24 -0.340769 0.134192 -0.054531 0.282183 -0.00356835 2.64208e-05
18.25 -0.339948 0.132296 -0.0539084 0.282374 -0.00357314 2.49866e-05
18.26 -0.339104 0.130287 -0.0533205 0.282455 -0.00356115 2.79266e-05
18.27 -0.338252 0.128178 -0.0527027 0.282626 -0.00356612 2.78864e-05
18.28 -0.337381 0.126024 -0.0521522 0.282799 -0.00355478 3.13068e-05
18.29 -0.336505 0.123841 -0.0515992 0.283064 -0.00355849 2.96376e-05
18.3 -0.33561 0.121696 -0.051125 0.283364 -0.00354934 3.07655e-05
18.31 -0.334706 0.119613 -0.0506673 0.283619 -0.00354907 2.8926e-05
18.32 -0.333782 0.117657 -0.0502763 0.283896 -0.00354265 3.09182e-05
18.33 -0.332848 0.11585 -0.0499256 0.284036 -0.00353727 3.35215e-05
18.34 -0.331898 0.114229 -0.0496294 0.284285 -0.00353492 3.78428e-05
18.35 -0.330941 0.11281 -0.049409 0.284422 -0.00352559 4.28214e-05
18.36 -0.329973 0.111602 -0.0492291 0.284755 -0.00352802 4.47389e-05
18.37 -0.328997 0.11063 -0.0491506 0.284983 -0.00351599 4.77515e-05
18.38 -0.328009 0.109889 -0.0490855 0.285358 -0.00352102 4.65701e-05
18.39 -0.327008 0.109406 -0.0491208 0.285588 -0.00350726 4.96287e-05
18.4 -0.325993 0.109158 -0.0491398 0.285849 -0.00351184 4.99793e-05
18.41 -0.324963 0.109153 -0.0492419 0.286008 -0.00349896 5.55611e-05
18.42 -0.323921 0.109346 -0.0493201 0.286164 -0.00350149 5.82373e-05
18.43 -0.322868 0.109723 -0.0494598 0.286371 -0.00349312 6.27332e-05
18.44 -0.321804 0.110233 -0.0495877 0.286567 -0.00349242 6.38035e-05
18.45 -0.320728 0.11085 -0.0497361 0.286879 -0.00348968 6.30684e-05
18.46 -0.319636 0.111539 -0.0498785 0.287068 -0.00348374 6.26554e-05
18.47 -0.318527 0.112262 -0.0499819 0.287331 -0.00348525 5.98846e-05
18.48 -0.317398 0.112994 -0.0500814 0.2874 -0.00347423 6.29475e-05
18.49 -0.316253 0.113669 -0.0500973 0.287567 -0.00347905 6.15589e-05
18.5 -0.31509 0.114271 -0.0501193 0.287604 -0.00346611 6.66828e-05
18.51 -0.313915 0.114717 -0.0500414 0.287797 -0.00347277 6.32222e-05
18.52 -0.312722 0.115008 -0.0499742 0.287927 -0.00346062 6.48119e-05
18.53 -0.311515 0.115079 -0.0498069 0.288168 -0.0034657 5.85217e-05
18.54 -0.310286 0.114943 -0.049636 0.288336 -0.00345543 5.73126e-05
18.55 -0.309039 0.114564 -0.0493721 0.288489 -0.00345557 5.36924e-05
18.56 -0.307769 0.113942 -0.0490785 0.28859 -0.00344854 5.32037e-05
18.57 -0.306481 0.113072 -0.0487198 0.28864 -0.00344331 5.49362e-05
18.58 -0.305178 0.111929 -0.048321 0.288775 -0.00344123 5.33226e-05
18.59 -0.303859 0.110549 -0.0479053 0.288885 -0.00343171 5.60012e-05
18.6 -0.302528 0.108897 -0.047445 0.289151 -0.00343384 4.97343e-05
18.61 -0.301179 0.107058 -0.047006 0.289326 -0.00342014 5.1395e-05
18.62 -0.299814 0.105002 -0.0465128 0.289591 -0.0034233 4.44842e-05
18.63 -0.298428 0.102833 -0.0460641 0.289713 -0.00340679 4.88602e-05
18.64 -0.297028 0.100525 -0.0455664 0.289886 -0.00340909 4.67779e-05
18.65 -0.295613 0.0981679 -0.0451362 0.290004 -0.00339363 5.29804e-05
18.66 -0.29419 0.0957546 -0.0446889 0.290187 -0.00339389 5.37475e-05
18.67 -0.292756 0.0933495 -0.0443232 0.290435 -0.00338243 5.61583e-05
18.68 -0.291313 0.090987 -0.0439804 0.290692 -0.00337831 5.71677e-05
18.69 -0.289858 0.0887039 -0.0437066 0.29103 -0.00337115 5.54301e-05
18.7 -0.288388 0.0865723 -0.0434856 0.291245 -0.00336075 5.96788e-05
18.71 -0.286906 0.0845897 -0.0433035 0.291516 -0.0033576 5.85339e-05
18.72 -0.285411 0.0828414 -0.0432041 0.291636 -0.00334244 6.84667e-05
18.73 -0.283908 0.0812814 -0.043127 0.29188 -0.00334354 6.85663e-05
18.74 -0.282396 0.0799911 -0.0431634 0.292062 -0.00332711 7.90291e-05
18.75 -0.280879 0.0789054 -0.0432171 0.292384 -0.00333013 7.61034e-05
18.76 -0.279348 0.0781015 -0.0433842 0.292665 -0.0033143 8.22484e-05
18.77 -0.277809 0.077521 -0.0435581 0.292966 -0.00331487 7.86418e-05
18.78 -0.27625 0.0772148 -0.0438105 0.293206 -0.0033012 8.37826e-05
18.79 -0.274681 0.0771302 -0.0440658 0.293371 -0.00329735 8.5552e-05
18.8 -0.273094 0.0772631 -0.0443582 0.293555 -0.00328859 9.05787e-05
18.81 -0.2715 0.0775732 -0.0446679 0.293669 -0.003281 9.57678e-05
18.82 -0.269892 0.0780056 -0.0449817 0.293922 -0.00327803 9.5212e-05
18.83 -0.268275 0.0785546 -0.045326 0.294094 -0.00326701 9.92358e-05
18.84 -0.266642 0.0791328 -0.0456387 0.294416 -0.00326719 9.24528e-05
18.85 -0.264993 0.0797686 -0.0459706 0.294559 -0.00325273 9.68394e-05
18.86 -0.263324 0.08035 -0.0462337 0.294789 -0.0032531 8.96616e-05
18.87 -0.261638 0.0809149 -0.0464946 0.29482 -0.00323772 9.70955e-05
18.88 -0.259935 0.0813391 -0.0466759 0.294964 -0.00323763 9.25078e-05
18.89 -0.258222 0.0816489 -0.0468461 0.295032 -0.00322484 9.87996e-05
18.9 -0.256494 0.081742 -0.0469495 0.295223 -0.00322296 9.31894e-05
18.91 -0.254756 0.0816349 -0.0470294 0.295414 -0.00321315 9.28877e-05
18.92 -0.252999 0.0812814 -0.0470525 0.295604 -0.00320655 8.7081e-05
18.93 -0.251228 0.0806806 -0.047027 0.295801 -0.00319889 8.37744e-05
18.94 -0.249435 0.079838 -0.0469548 0.295875 -0.00318708 8.37386e-05
18.95 -0.247632 0.0787191 -0.0468182 0.29602 -0.00318235 8.1329e-05
18.96 -0.245812 0.0773686 -0.0466628 0.296045 -0.00316769 8.62393e-05
18.97 -0.243991 0.0757311 -0.0464502 0.296248 -0.00316605 8.17651e-05
18.98 -0.242155 0.0738897 -0.0462548 0.296378 -0.00315021 8.58134e-05
18.99 -0.240317 0.0717964 -0.046016 0.296677 -0.00314864 7.76943e-05
19 -0.238461 0.0695623 -0.0458094 0.296868 -0.0031319 8.05505e-05
19.01 -0.236599 0.0671593 -0.0455686 0.297106 -0.00312713 7.44506e-05
19.02 -0.23472 0.0646944 -0.0453598 0.297238 -0.00311169 8.01675e-05
19.03 -0.232839 0.0621547 -0.0451458 0.297384 -0.00310376 8.02745e-05
19.04 -0.230949 0.0596158 -0.0449744 0.297555 -0.00309309 8.63946e-05
19.05 -0.229061 0.0570905 -0.0448458 0.297757 -0.00308228 8.83174e-05
19.06 -0.227166 0.0546269 -0.0447658 0.298062 -0.00307601 8.88228e-05
19.07 -0.225267 0.0522797 -0.0447608 0.298322 -0.00306097 9.05669e-05
19.08 -0.223358 0.0500708 -0.0447919 0.298648 -0.00305651 8.82127e-05
19.09 -0.221439 0.0480786 -0.0449066 0.298838 -0.00303812 9.46201e-05
19.1 -0.219512 0.0462838 -0.0450455 0.299076 -0.00303477 9.45151e-05
19.11 -0.217577 0.0447624 -0.0452728 0.29921 -0.00301681 0.000105171
19.12 -0.215641 0.0434627 -0.0455319 0.299443 -0.00301443 0.000105312
19.13 -0.213699 0.0424495 -0.0458842 0.299669 -0.00299931 0.000113683
19.14 -0.211755 0.0416651 -0.0462779 0.299974 -0.00299535 0.000110753
19.15 -0.209799 0.0411597 -0.0467454 0.300274 -0.00298242 0.000114261
19.16 -0.207834 0.0408868 -0.0472434 0.30051 -0.00297408 0.000112043
19.17 -0.205853 0.0408635 -0.047776 0.300735 -0.0029637 0.000115509
19.18 -0.203863 0.0410461 -0.0483285 0.300831 -0.00295188 0.000118876
19.19 -0.201863 0.0414015 -0.0488881 0.30103 -0.00294618 0.000122229
19.2 -0.199859 0.0418913 -0.0494728 0.301131 -0.00293261 0.000126435
19.21 -0.197845 0.0424519 -0.0500455 0.301416 -0.00293074 0.000123532
19.22 -0.195825 0.0430703 -0.0506429 0.301582 -0.00291464 0.000124362
19.23 -0.19379 0.0436734 -0.0511976 0.301871 -0.00291309 0.000117062
19.24 -0.191742 0.0442664 -0.0517587 0.301995 -0.00289473 0.000119152
19.25 -0.189678 0.0447624 -0.0522464 0.302153 -0.00289192 0.000113912
19.26 -0.187605 0.0451658 -0.0527229 0.302216 -0.0028749 0.000119073
19.27 -0.185522 0.0453848 -0.0531241 0.302305 -0.00287076 0.000115285
19.28 -0.183438 0.045423 -0.0535093 0.30246 -0.00285789 0.000117967
19.29 -0.181345 0.0452116 -0.0538397 0.302611 -0.00285028 0.000111741
19.3 -0.179248 0.0447591 -0.0541383 0.302878 -0.00284056 0.000108642
19.31 -0.177137 0.0440428 -0.0543963 0.303009 -0.00282683 0.000102955
19.32 -0.175022 0.0430645 -0.0545921 0.303224 -0.00281936 9.9307e-05
19.33 -0.172892 0.0418406 -0.0547644 0.303251 -0.00280134 0.000100559
19.34 -0.170766 0.0403444 -0.054865 0.303416 -0.00279711 9.8513e-05
19.35 -0.168632 0.0386261 -0.0549763 0.303472 -0.00277841 0.000103162
19.36 -0.16651 0.0366449 -0.0550329 0.303716 -0.00277587 9.75499e-05
19.37 -0.164379 0.0344928 -0.0551286 0.303896 -0.00275736 9.97204e-05
19.38 -0.162256 0.0321422 -0.0551879 0.304188 -0.00275243 9.19762e-05
19.39 -0.160121 0.0297027 -0.0552893 0.304394 -0.00273443 9.41842e-05
19.4 -0.157991 0.0271649 -0.0553687 0.304593 -0.00272549 9.15304e-05
19.41 -0.155852 0.0246157 -0.0554858 0.304748 -0.00271085 9.60796e-05
19.42 -0.153724 0.0220696 -0.0556132 0.304878 -0.00269936 9.95109e-05
19.43 -0.151596 0.0195712 -0.0557878 0.305107 -0.00269036 0.00010194
19.44 -0.149479 0.0171725 -0.0560182 0.305319 -0.00267634 0.000106119
19.45 -0.147361 0.0148829 -0.0562971 0.305673 -0.00267106 0.000102671
19.46 -0.145247 0.0127935 -0.0566566 0.305912 -0.00265286 0.000106727
19.47 -0.143127 0.010886 -0.0570426 0.306224 -0.00264879 0.000102762
19.48 -0.141006 0.00925828 -0.0575165 0.306374 -0.00262841 0.000111182
19.49 -0.138883 0.00786083 -0.0579996 0.306588 -0.00262598 0.000111439
19.5 -0.136764 0.00676534 -0.0585823 0.306738 -0.00260772 0.00012112
19.51 -0.134648 0.00591181 -0.0591776 0.306972 -0.00260573 0.000121132
19.52 -0.132536 0.00534326 -0.0598747 0.307239 -0.00259093 0.000124797
19.53 -0.130422 0.00501995 -0.0605886 0.307507 -0.00258514 0.00012279
19.54 -0.128303 0.00495074 -0.0613724 0.307807 -0.00257348 0.000121823
19.55 -0.126175 0.00511768 -0.0621674 0.307973 -0.00256172 0.000123452
19.56 -0.124043 0.00547751 -0.0629806 0.308179 -0.00255468 0.000122605
19.57 -0.121904 0.00602538 -0.0638106 0.30824 -0.00253908 0.000129594
19.58 -0.119767 0.00666577 -0.0646232 0.308434 -0.00253773 0.000126652
19.59 -0.117628 0.00741131 -0.0654716 0.308566 -0.00252037 0.000132636
19.6 -0.115491 0.00814301 -0.0662783 0.308834 -0.00252104 0.000123339
19.61 -0.113347 0.00889748 -0.0671167 0.309036 -0.00250185 0.000125513
19.62 -0.111197 0.00955943 -0.0678848 0.309244 -0.00249979 0.000115041
19.63 -0.109038 0.0101647 -0.0686537 0.309381 -0.00248123 0.000118063
19.64 -0.106877 0.0106119 -0.069342 0.309456 -0.00247593 0.000113567
19.65 -0.104714 0.0109023 -0.0700067 0.309571 -0.00246212 0.000116341
19.66 -0.102556 0.0109741 -0.0706127 0.309641 -0.00245391 0.000114876
19.67 -0.100404 0.0107933 -0.0711835 0.309864 -0.00244506 0.000110285
19.68 -0.0982538 0.0103726 -0.0717229 0.310008 -0.0024323 0.000108699
19.69 -0.0961072 0.00965021 -0.0722099 0.310295 -0.00242533 9.81701e-05
19.7 -0.0939572 0.0087077 -0.0726736 0.310401 -0.00240782 0.000100543
19.71 -0.091812 0.00745771 -0.0730669 0.310604 -0.00240181 9.1638e-05
19.72 -0.0896673 0.00601485 -0.0734465 0.310631 -0.00238331 9.95585e-05
19.73 -0.0875375 0.00428456 -0.0737665 0.310803 -0.00237926 9.35184e-05
19.74 -0.085416 0.00238538 -0.0741007 0.310921 -0.00236296 9.99281e-05
19.75 -0.0833125 0.000258402 -0.0744054 0.31118 -0.00235856 9.33908e-05
19.76 -0.0812146 -0.00199151 -0.0747427 0.31143 -0.00234356 9.37298e-05
19.77 -0.0791274 -0.00435823 -0.075068 0.311675 -0.00233512 8.99261e-05
19.78 -0.0770417 -0.0067767 -0.0754219 0.311915 -0.00232177 8.89129e-05
19.79 -0.0749655 -0.00918554 -0.0757793 0.312041 -0.00230996 9.36127e-05
19.8 -0.0728975 -0.0115809 -0.0761638 0.312253 -0.00230139 9.35882e-05
19.81 -0.0708448 -0.0138633 -0.0765869 0.31236 -0.0022886 0.000103188
19.82 -0.068806 -0.0160745 -0.0770486 0.312662 -0.00228487 9.94651e-05
19.83 -0.0667798 -0.0180849 -0.0775864 0.312869 -0.00227068 0.000107299
19.84 -0.0647623 -0.0199529 -0.0781629 0.313241 -0.00226784 9.97229e-05
19.85 -0.0627476 -0.0215431 -0.0788234 0.31346 -0.00225195 0.000106741
19.86 -0.0607359 -0.022918 -0.0795069 0.313728 -0.00224766 0.000102282
19.87 -0.0587263 -0.023975 -0.0802633 0.313867 -0.00223383 0.000111711
19.88 -0.0567246 -0.0247759 -0.081044 0.31404 -0.00222901 0.000113125
19.89 -0.0547315 -0.0252782 -0.0818944 0.31423 -0.00222065 0.000119733
19.9 -0.0527479 -0.0255208 -0.082788 0.314453 -0.00221393 0.000120936
19.91 -0.0507697 -0.0255133 -0.0837375 0.314754 -0.00220906 0.000118488
19.92 -0.0487914 -0.0252481 -0.0847306 0.314983 -0.00219773 0.000119676
19.93 -0.046812 -0.0247872 -0.0857426 0.315252 -0.00219393 0.00011353
19.94 -0.0448285 -0.0240953 -0.0867789 0.315369 -0.00217974 0.000120535
19.95 -0.0428484 -0.0232912 -0.0878029 0.315537 -0.00217773 0.000115315
19.96 -0.0408708 -0.0223335 -0.088839 0.315608 -0.00216484 0.000125016
19.97 -0.0389039 -0.0213658 -0.0898583 0.315793 -0.00216399 0.000117525
19.98 -0.0369423 -0.0203475 -0.0908837 0.315964 -0.0021529 0.000122421
19.99 -0.0349882 -0.0194038 -0.0918901 0.316209 -0.00214934 0.000111894
20 -0.033034 -0.0185086 -0.0928777 0.316422 -0.00213834 0.000111659
20.01 -0.031082 -0.0177446 -0.0938263 0.316573 -0.00213029 0.000104528
20.02 -0.0291317 -0.0171216 -0.0947251 0.316706 -0.00212084 0.000104146
20.03 -0.0271896 -0.0166785 -0.0955743 0.316743 -0.002111 0.000104357
20.04 -0.0252613 -0.0164685 -0.0963684 0.316896 -0.00210573 0.000102822
20.05 -0.0233481 -0.0164858 -0.0971256 0.316984 -0.00209533 0.000104686
20.06 -0.0214518 -0.0168028 -0.0978387 0.317257 -0.00209192 9.64836e-05
20.07 -0.0195652 -0.017361 -0.0985233 0.317411 -0.00207866 9.59165e-05
20.08 -0.0176904 -0.0182214 -0.0991602 0.317682 -0.00207398 8.55602e-05
20.09 -0.015822 -0.0192968 -0.0997638 0.317788 -0.00205895 8.88061e-05
20.1 -0.0139692 -0.0206431 -0.100316 0.31795 -0.00205397 8.37299e-05
20.11 -0.0121306 -0.022176 -0.100844 0.318037 -0.00204154 9.07742e-05
20.12 -0.0103166 -0.0239351 -0.101343 0.318185 -0.0020372 8.7849e-05
20.13 -0.00852261 -0.0258403 -0.101844 0.318408 -0.0020287 9.15039e-05
20.14 -0.00675105 -0.0278934 -0.10235 0.318634 -0.00202209 8.69749e-05
20.15 -0.00499354 -0.03002 -0.102869 0.318962 -0.0020152 8.62375e-05
20.16 -0.00324863 -0.0321812 -0.103406 0.31914 -0.00200436 8.48352e-05
20.17 -0.00151511 -0.0343278 -0.103951 0.319404 -0.00199934 8.52616e-05
20.18 0.000205243 -0.0363955 -0.104525 0.319482 -0.00198778 9.14673e-05
20.19 0.00190527 -0.0383778 -0.105118 0.319722 -0.00198675 9.29061e-05
20.2 0.00358755 -0.0401937 -0.105769 0.319853 -0.00197727 0.000101332
20.21 0.00524751 -0.0418681 -0.106461 0.320181 -0.00197775 9.77863e-05
20.22 0.00689737 -0.0432997 -0.107227 0.320417 -0.00196887 0.000103111
20.23 0.00853427 -0.0445253 -0.108038 0.320746 -0.00196683 9.67984e-05
20.24 0.0101705 -0.0454468 -0.108911 0.320959 -0.00195847 0.000102584
20.25 0.0117971 -0.0461106 -0.109819 0.321158 -0.0019544 0.000101061
20.26 0.0134201 -0.0464578 -0.110776 0.32131 -0.00194977 0.000108834
20.27 0.0150277 -0.0465368 -0.11177 0.321446 -0.00194588 0.000111399
20.28 0.0166262 -0.0463391 -0.112816 0.32168 -0.00194566 0.000114441
20.29 0.0182106 -0.0458924 -0.113908 0.321884 -0.00194039 0.000115107
20.3 0.019792 -0.0452271 -0.11504 0.322208 -0.00194106 0.00011041
20.31 0.0213695 -0.0443418 -0.116205 0.322387 -0.00193194 0.000110985
20.32 0.0229499 -0.0433016 -0.117373 0.322626 -0.0019323 0.000105362
20.33 0.0245259 -0.042096 -0.118551 0.322691 -0.00192211 0.000111155
20.34 0.0260966 -0.0408274 -0.119706 0.322844 -0.00192429 0.000107636
20.35 0.0276534 -0.0394905 -0.120868 0.32293 -0.00191625 0.000113677
20.36 0.0291987 -0.0381956 -0.122001 0.323126 -0.00191868 0.000106891
20.37 0.0307301 -0.0369334 -0.123142 0.323331 -0.00191165 0.000107314
20.38 0.0322557 -0.0357937 -0.124242 0.323543 -0.00190986 9.81121e-05
20.39 0.0337721 -0.0347691 -0.125325 0.323758 -0.00190326 9.62936e-05
20.4 0.0352851 -0.033924 -0.12635 0.323853 -0.00189669 9.15513e-05
20.41 0.0367822 -0.0332697 -0.127328 0.323994 -0.00189367 9.14159e-05
20.42 0.0382667 -0.0328404 -0.128254 0.324021 -0.00188548 9.27099e-05
20.43 0.039723 -0.032674 -0.129128 0.324207 -0.00188725 9.03491e-05
20.44 0.0411623 -0.0327609 -0.129978 0.324341 -0.00187773 9.14076e-05
20.45 0.0425734 -0.0331497 -0.130778 0.32462 -0.00188018 8.21976e-05
20.46 0.0439751 -0.0337731 -0.131566 0.324817 -0.00186815 8.26436e-05
20.47 0.045354 -0.0346804 -0.132294 0.325027 -0.00186828 7.34013e-05
20.48 0.0467244 -0.035773 -0.133006 0.325166 -0.00185711 7.92948e-05
20.49 0.0480658 -0.0371036 -0.133665 0.325271 -0.00185685 7.60183e-05
20.5 0.0493881 -0.0385777 -0.134321 0.325435 -0.00185074 8.36827e-05
20.51 0.0506757 -0.0402258 -0.134956 0.325579 -0.00185019 8.16651e-05
20.52 0.0519423 -0.0419676 -0.135611 0.325876 -0.00184784 8.28169e-05
20.53 0.0531826 -0.0437777 -0.136273 0.326088 -0.00184398 8.07891e-05
20.54 0.0544098 -0.0456055 -0.136956 0.326426 -0.0018427 7.76355e-05
20.55 0.0556208 -0.0473729 -0.137655 0.326573 -0.00183588 8.20287e-05
20.56 0.0568188 -0.0490799 -0.138367 0.326816 -0.00183712 8.083e-05
20.57 0.0579984 -0.0506235 -0.139112 0.326893 -0.00183118 9.15901e-05
20.58 0.0591571 -0.0520467 -0.139883 0.327129 -0.0018364 8.95853e-05
20.59 0.0602954 -0.0532357 -0.140721 0.327308 -0.00183224 9.83191e-05
20.6 0.0614158 -0.0542425 -0.141599 0.327621 -0.00183793 9.26328e-05
20.61 0.0625267 -0.0549633 -0.142557 0.327893 -0.00183312 9.69542e-05
20.62 0.0636312 -0.0554379 -0.143541 0.328142 -0.001836 9.30855e-05
20.63 0.0647335 -0.0556052 -0.144592 0.328361 -0.00183209 9.7149e-05
20.64 0.0658289 -0.0554904 -0.145655 0.328466 -0.00183379 9.96513e-05
20.65 0.0669153 -0.0550954 -0.146774 0.328661 -0.00183474 0.000102494
20.66 0.0679884 -0.0544251 -0.147917 0.328753 -0.00183597 0.000107274
20.67 0.0690495 -0.0535352 -0.149111 0.329043 -0.00184077 0.000103778
20.68 0.0701018 -0.0524023 -0.150341 0.32921 -0.00183875 0.00010691
20.69 0.07115 -0.0511176 -0.151596 0.329532 -0.0018436 9.8657e-05
20.7 0.0721976 -0.049643 -0.152873 0.329664 -0.00183778 0.000102661
20.71 0.0732435 -0.0480926 -0.154132 0.329856 -0.00184214 9.56297e-05
20.72 0.0742833 -0.0464334 -0.155396 0.329908 -0.00183711 0.000102301
20.73 0.0753112 -0.044786 -0.156621 0.330029 -0.00184237 9.79552e-05
20.74 0.0763215 -0.0431401 -0.157852 0.330164 -0.00184067 0.000101767
20.75 0.0773171 -0.0415924 -0.159045 0.330349 -0.00184377 9.61026e-05
20.76 0.0782969 -0.0401539 -0.160235 0.330597 -0.00184277 9.28505e-05
20.77 0.0792709 -0.038868 -0.161378 0.330765 -0.00184056 8.86955e-05
20.78 0.0802315 -0.037775 -0.162488 0.33097 -0.00183976 8.35948e-05
20.79 0.0811858 -0.0368687 -0.163536 0.331029 -0.00183518 8.66225e-05
20.8 0.082115 -0.036226 -0.164534 0.331168 -0.00183726 8.23785e-05
20.81 0.0830277 -0.0358002 -0.165478 0.331228 -0.00183394 8.91989e-05
20.82 0.0839056 -0.0356827 -0.166383 0.331432 -0.0018379 8.20828e-05
20.83 0.0847665 -0.0357925 -0.167254 0.331618 -0.00183469 8.63556e-05
20.84 0.0855978 -0.0362025 -0.168094 0.331885 -0.00183648 7.69702e-05
20.85 0.0864204 -0.0368184 -0.168903 0.332102 -0.00183205 7.9734e-05
20.86 0.0872194 -0.0376764 -0.169671 0.332272 -0.0018316 7.53613e-05
20.87 0.0880072 -0.0387015 -0.170411 0.33242 -0.00182913 8.00608e-05
20.88 0.0887645 -0.0398886 -0.171117 0.33251 -0.00183019 8.2983e-05
20.89 0.0895003 -0.0412001 -0.171825 0.332721 -0.00183201 8.58644e-05
20.9 0.0902034 -0.042588 -0.172526 0.332888 -0.00183369 8.95425e-05
20.91 0.0908888 -0.0440379 -0.173261 0.333224 -0.00183653 8.56953e-05
20.92 0.0915541 -0.0454547 -0.174003 0.333431 -0.00183581 8.97001e-05
20.93 0.0922122 -0.0468418 -0.174783 0.333739 -0.00183807 8.54402e-05
20.94 0.0928574 -0.0480926 -0.175571 0.333869 -0.00183667 9.42371e-05
20.95 0.093493 -0.0492313 -0.176395 0.334067 -0.00184099 9.29513e-05
20.96 0.0941104 -0.0501621 -0.177245 0.334188 -0.00184246 0.000103045
20.97 0.0947123 -0.0509123 -0.178145 0.334386 -0.00184915 0.000101494
20.98 0.0952965 -0.0514068 -0.179101 0.334641 -0.00185243 0.000107503
20.99 0.0958727 -0.0516639 -0.180116 0.334888 -0.0018575 0.000104534
21 0.0964429 -0.0516381 -0.181193 0.335206 -0.00186003 0.000106768
21.01 0.0970158 -0.0513359 -0.182308 0.335354 -0.00186219 0.000106632
21.02 0.0975858 -0.0507529 -0.183471 0.335581 -0.00186578 0.000108633
21.03 0.0981547 -0.0498907 -0.184653 0.335616 -0.00186817 0.000112857
21.04 0.0987106 -0.0487872 -0.185877 0.335832 -0.00187494 0.000112765
21.05 0.0992587 -0.0474374 -0.18712 0.335927 -0.0018784 0.000117383
21.06 0.0997928 -0.0459101 -0.188407 0.336224 -0.00188511 0.000112576
21.07 0.100326 -0.0441937 -0.189707 0.336398 -0.00188689 0.00011566
21.08 0.100854 -0.042373 -0.191029 0.33666 -0.00189036 0.000108819
21.09 0.101387 -0.0404382 -0.192339 0.336784 -0.00189094 0.000112652
21.1 0.101912 -0.0384797 -0.193638 0.336907 -0.00189297 0.000107899
21.11 0.102431 -0.0364997 -0.19491 0.33699 -0.00189574 0.00011246
21.12 0.102932 -0.0345816 -0.196156 0.33708 -0.00189829 0.000109399
21.13 0.103417 -0.0327423 -0.19738 0.337275 -0.00190276 0.000110732
21.14 0.103883 -0.031043 -0.198573 0.337441 -0.00190347 0.000106913
21.15 0.104337 -0.0295083 -0.199741 0.337724 -0.00190619 0.00010409
21.16 0.104783 -0.0281679 -0.200856 0.33785 -0.00190374 0.000102177
21.17 0.105216 -0.0270525 -0.201926 0.338052 -0.00190511 9.95557e-05
21.18 0.105637 -0.026163 -0.202926 0.338081 -0.00190336 0.000102774
21.19 0.106033 -0.0255394 -0.203881 0.338239 -0.00190644 0.000101026
21.2 0.106406 -0.0251563 -0.204779 0.338332 -0.00190734 0.00010584
21.21 0.106748 -0.0250547 -0.205647 0.33857 -0.00191043 0.000101311
21.22 0.107071 -0.0251775 -0.206478 0.338792 -0.00191127 0.000104404
21.23 0.107374 -0.0255561 -0.207279 0.33904 -0.00191129 9.88553e-05
21.24 0.107665 -0.026111 -0.208046 0.339266 -0.0019117 0.000102835
21.25 0.10794 -0.0268666 -0.208776 0.339392 -0.00191023 0.000100484
21.26 0.1082 -0.0277349 -0.209479 0.339566 -0.00191374 0.000106009
21.27 0.108436 -0.028723 -0.210158 0.339648 -0.00191423 0.000108035
21.28 0.10865 -0.0297561 -0.210845 0.339899 -0.00192131 0.000112003
21.29 0.108841 -0.0308203 -0.211538 0.340092 -0.00192212 0.000114515
21.3 0.109017 -0.0318628 -0.212264 0.340427 -0.00192838 0.000112398
21.31 0.109187 -0.0328317 -0.213008 0.340649 -0.00192729 0.000115277
21.32 0.109352 -0.0337017 -0.213782 0.340887 -0.00193175 0.000111392
21.33 0.109515 -0.0343915 -0.214572 0.341034 -0.00193226 0.000119756
21.34 0.109669 -0.0349197 -0.215392 0.341163 -0.00193816 0.000118036
21.35 0.109812 -0.0351992 -0.216247 0.341345 -0.00194319 0.00012826
21.36 0.109942 -0.0352798 -0.217151 0.341512 -0.00194943 0.000124381
21.37 0.110067 -0.0350776 -0.218112 0.341816 -0.00195573 0.000129218
21.38 0.11019 -0.0346452 -0.219125 0.342015 -0.00195831 0.00012282
21.39 0.110318 -0.0339177 -0.220192 0.342318 -0.00196328 0.000123806
21.4 0.110454 -0.0329399 -0.22129 0.342416 -0.00196319 0.000121644
21.41 0.110592 -0.0316913 -0.222424 0.342609 -0.00196948 0.000122821
21.42 0.11073 -0.0302047 -0.223575 0.342638 -0.00197101 0.000126677
21.43 0.110859 -0.028515 -0.224758 0.342836 -0.00197994 0.00012482
21.44 0.110981 -0.0266353 -0.225967 0.342972 -0.00198224 0.000128163
21.45 0.111097 -0.0246423 -0.227204 0.343239 -0.00198891 0.000118565
21.46 0.111216 -0.0225195 -0.228458 0.343443 -0.00198827 0.000119198
21.47 0.111338 -0.0203633 -0.229708 0.343622 -0.00199059 0.00010784
21.48 0.111462 -0.0181423 -0.230948 0.343763 -0.00198975 0.000112109
21.49 0.111581 -0.0159701 -0.232152 0.343807 -0.00199165 0.00010601
21.5 0.111688 -0.0138269 -0.233335 0.343955 -0.00199454 0.000111955
21.51 0.111778 -0.0118205 -0.234482 0.344014 -0.00199658 0.000106833
21.52 0.111849 -0.00994448 -0.23561 0.344286 -0.00200051 0.000105936
21.53 0.111908 -0.00826346 -0.2367 0.344421 -0.00199871 9.89588e-05
21.54 0.111956 -0.00678565 -0.237752 0.344726 -0.00200023 9.25158e-05
21.55 0.111998 -0.00552071 -0.238747 0.344818 -0.00199512 9.05896e-05
21.56 0.112026 -0.00450793 -0.239678 0.345006 -0.00199656 8.57555e-05
21.57 0.112041 -0.0037112 -0.240547 0.345046 -0.00199342 9.15238e-05
21.58 0.11203 -0.00319972 -0.241353 0.3452 -0.00199726 8.7149e-05
21.59 0.111995 -0.00289929 -0.242122 0.345363 -0.00199716 9.28603e-05
21.6 0.111934 -0.00288393 -0.242845 0.345596 -0.00199955 8.38305e-05
21.61 0.11186 -0.00304976 -0.243553 0.345877 -0.00199839 8.44695e-05
21.62 0.111775 -0.00344436 -0.244215 0.346076 -0.00199613 7.53482e-05
21.63 0.111683 -0.00395946 -0.244857 0.34631 -0.00199539 7.67484e-05
21.64 0.111581 -0.00461183 -0.24545 0.346396 -0.0019931 7.63457e-05
21.65 0.111462 -0.0053305 -0.246029 0.346586 -0.00199732 7.95022e-05
21.66 0.111325 -0.00609872 -0.246586 0.346692 -0.00199773 8.33077e-05
21.67 0.111169 -0.00688432 -0.24716 0.34696 -0.00200433 7.99377e-05
21.68 0.111004 -0.0076237 -0.24775 0.347183 -0.00200367 8.08322e-05
21.69 0.110833 -0.00831037 -0.248372 0.347488 -0.00200715 7.08792e-05
21.7 0.11067 -0.0088447 -0.249018 0.347708 -0.00200445 7.30212e-05
21.71 0.110509 -0.00924811 -0.249684 0.347887 -0.00200628 6.59117e-05
21.72 0.110354 -0.00942164 -0.250374 0.348028 -0.00200669 7.30244e-05
21.73 0.110191 -0.0094103 -0.251081 0.348128 -0.00201119 6.98167e-05
21.74 0.110026 -0.00913653 -0.25184 0.348337 -0.00201598 7.46782e-05
21.75 0.109853 -0.00864985 -0.252631 0.348505 -0.00202003 6.85245e-05
21.76 0.109685 -0.00789539 -0.253495 0.348819 -0.0020233 6.47306e-05
21.77 0.109526 -0.00690428 -0.254387 0.348988 -0.00202266 5.70911e-05
21.78 0.109384 -0.00565134 -0.255336 0.349243 -0.00202345 5.08846e-05
21.79 0.109252 -0.00415494 -0.256289 0.349309 -0.00202175 5.02716e-05
21.8 0.109128 -0.0024399 -0.257277 0.349455 -0.00202476 4.65573e-05
21.81 0.109001 -0.000522409 -0.258265 0.349521 -0.00202578 5.04226e-05
21.82 0.108871 0.00152984 -0.259281 0.349684 -0.00203098 4.22436e-05
21.83 0.108735 0.00371856 -0.260311 0.349886 -0.00203111 4.19249e-05
21.84 0.108605 0.00595913 -0.261357 0.350085 -0.00203234 2.74326e-05
21.85 0.108481 0.00827035 -0.262413 0.350336 -0.00202779 2.50649e-05
21.86 0.10837 0.0105613 -0.263438 0.350419 -0.00202544 1.31589e-05
21.87 0.108258 0.0128475 -0.264446 0.350591 -0.00202172 1.47537e-05
21.88 0.108146 0.0150389 -0.265392 0.35058 -0.00202159 9.6305e-06
21.89 0.108014 0.0171315 -0.266319 0.35078 -0.00202217 1.10766e-05
21.9 0.107872 0.0190537 -0.26719 0.350855 -0.00202261 6.0117e-06
21.91 0.107711 0.0207883 -0.268051 0.351155 -0.00202192 -5.46628e-07
21.92 0.107552 0.0223096 -0.26886 0.351311 -0.00201718 -7.76287e-06
21.93 0.107385 0.0235969 -0.269638 0.351571 -0.00201249 -1.74343e-05
21.94 0.107225 0.0246673 -0.270349 0.351682 -0.00200601 -1.84148e-05
21.95 0.107049 0.0254831 -0.270998 0.351816 -0.00200294 -2.30892e-05
21.96 0.106865 0.0260823 -0.271583 0.351922 -0.00200133 -1.78394e-05
21.97 0.106653 0.0264156 -0.272114 0.352054 -0.00200146 -2.24475e-05
21.98 0.106427 0.0265449 -0.272616 0.352299 -0.00200193 -2.07811e-05
21.99 0.106182 0.0264336 -0.273085 0.352509 -0.00199889 -3.05484e-05
22 0.105939 0.0261684 -0.273548 0.352832 -0.00199563 -3.32135e-05
22.01 0.105696 0.0257327 -0.273977 0.352983 -0.00198773 -4.1135e-05
22.02 0.105465 0.025217 -0.274398 0.35322 -0.00198239 -4.02482e-05
22.03 0.105231 0.0246146 -0.274769 0.353275 -0.00197781 -4.04122e-05
22.04 0.104991 0.0239952 -0.275137 0.353486 -0.00197796 -3.80397e-05
22.05 0.104735 0.0233674 -0.275477 0.353611 -0.00197969 -3.74235e-05
22.06 0.10447 0.0227789 -0.275854 0.3539 -0.00198024 -4.2239e-05
22.07 0.104208 0.0222723 -0.276246 0.354133 -0.00197887 -4.51757e-05
22.08 0.103961 0.0218715 -0.276689 0.354399 -0.00197225 -5.47883e-05
22.09 0.103737 0.0216512 -0.277153 0.354605 -0.00196677 -5.42441e-05
22.1 0.103533 0.0215914 -0.27764 0.354726 -0.00195922 -6.05175e-05
22.11 0.103338 0.0217796 -0.27814 0.354881 -0.00195943 -5.45101e-05
22.12 0.103142 0.0221506 -0.278654 0.354952 -0.00195854 -5.97315e-05
22.13 0.102943 0.0227962 -0.279216 0.355189 -0.0019627 -5.69579e-05
22.14 0.102747 0.0236315 -0.279815 0.355348 -0.00196023 -6.63091e-05
22.15 0.102568 0.0247383 -0.280496 0.355651 -0.00195625 -7.06941e-05
22.16 0.10242 0.0260398 -0.281201 0.355808 -0.00194564 -7.9526e-05
22.17 0.102295 0.0275847 -0.281947 0.355996 -0.00193881 -8.49784e-05
22.18 0.102186 0.0293184 -0.282678 0.356071 -0.00193211 -8.57792e-05
22.19 0.10208 0.0312299 -0.283425 0.356156 -0.00193011 -8.99569e-05
22.2 0.101967 0.0332918 -0.284159 0.356283 -0.00193003 -8.59697e-05
22.21 0.101849 0.0354296 -0.284921 0.356411 -0.00192722 -9.57294e-05
22.22 0.101733 0.0376563 -0.28569 0.356668 -0.00192369 -9.53199e-05
22.23 0.101632 0.0398641 -0.286482 0.356819 -0.00191043 -0.000111039
22.24 0.101551 0.0421051 -0.287258 0.357077 -0.00190065 -0.000110568
22.25 0.101485 0.0442523 -0.287996 0.357127 -0.00188585 -0.000122061
22.26 0.101418 0.046365 -0.288684 0.357294 -0.00188034 -0.000116975
22.27 0.101347 0.0483147 -0.28931 0.357299 -0.00187174 -0.000121639
22.28 0.101253 0.0501448 -0.289895 0.357499 -0.00187017 -0.000118125
22.29 0.101151 0.0517551 -0.290432 0.357632 -0.0018629 -0.00012277
22.3 0.101034 0.0531668 -0.290948 0.357914 -0.00185605 -0.000128289
22.31 0.100927 0.0543446 -0.291416 0.358122 -0.00184358 -0.000132833
22.32 0.100824 0.0552819 -0.291852 0.35832 -0.00182841 -0.000141185
22.33 0.100736 0.0560121 -0.292206 0.358478 -0.00181718 -0.000136493
22.34 0.100637 0.0564806 -0.292502 0.358555 -0.0018052 -0.000141001
22.35 0.100528 0.0567711 -0.292715 0.358743 -0.00180323 -0.000129734
22.36 0.100393 0.0567898 -0.29289 0.358846 -0.00179582 -0.000136941
22.37 0.100247 0.0566676 -0.293025 0.35917 -0.00179537 -0.000130156
22.38 0.100089 0.056312 -0.293146 0.359338 -0.00178444 -0.000142338
22.39 0.0999392 0.0558795 -0.293253 0.359693 -0.00177829 -0.000139192
22.4 0.0998 0.0553021 -0.293347 0.359803 -0.00176278 -0.000145627
22.41 0.0996849 0.0547053 -0.293436 0.360042 -0.00175143 -0.000140258
22.42 0.0995777 0.0540614 -0.293488 0.360098 -0.00174094 -0.00013714
22.43 0.0994634 0.0534325 -0.293522 0.360297 -0.00173897 -0.000135661
22.44 0.0993292 0.0528606 -0.293544 0.360467 -0.0017398 -0.000131161
22.45 0.09919 0.0523389 -0.293611 0.36072 -0.00173615 -0.000139481
22.46 0.099057 0.0519805 -0.293706 0.360993 -0.00173321 -0.00013548
22.47 0.0989418 0.0517145 -0.29385 0.361183 -0.00172197 -0.00014786
22.48 0.0988451 0.051699 -0.294017 0.361404 -0.00171723 -0.000140156
22.49 0.0987646 0.0518205 -0.294211 0.361463 -0.00170645 -0.000147942
22.5 0.0987146 0.0522317 -0.29448 0.361641 -0.0016957 -0.000136352
22.51 0.0986933 0.0527997 -0.294752 0.361705 -0.0016831 -0.000139839
22.52 0.0986483 0.0536314 -0.295005 0.361949 -0.00169278 -0.000137344
22.53 0.0985958 0.0546378 -0.295331 0.362105 -0.00168447 -0.000145139
22.54 0.0985528 0.0558811 -0.29568 0.362366 -0.00168588 -0.00015152
22.55 0.098527 0.0573281 -0.296077 0.362514 -0.00167554 -0.000152399
22.56 0.0985149 0.0589536 -0.2965 0.36265 -0.00166721 -0.000157218
22.57 0.0985174 0.0607618 -0.296907 0.362737 -0.00166269 -0.000149563
22.58 0.0985159 0.0626578 -0.297346 0.362802 -0.00165243 -0.000155482
22.59 0.098514 0.0646899 -0.29775 0.362967 -0.00165347 -0.000146754
22.6 0.0985016 0.0667148 -0.298182 0.363094 -0.00164233 -0.000157945
22.61 0.0984903 0.0688155 -0.298592 0.363365 -0.00164069 -0.000152358
22.62 0.0984805 0.0708245 -0.298994 0.363492 -0.00162712 -0.000165949
22.63 0.0984738 0.0728451 -0.299366 0.363724 -0.00162209 -0.000160791
22.64 0.0984688 0.0747225 -0.299686 0.363768 -0.00161 -0.000166759
22.65 0.0984527 0.0765329 -0.299957 0.363925 -0.00160765 -0.000159172
22.66 0.0984233 0.0781582 -0.300168 0.363989 -0.00160007 -0.000156723
22.67 0.0983743 0.0796167 -0.300338 0.364178 -0.00159788 -0.000154973
22.68 0.0983103 0.0808662 -0.300454 0.364384 -0.00159174 -0.000152132
22.69 0.098235 0.0818753 -0.30054 0.364606 -0.00158375 -0.000160132
22.7 0.0981685 0.0826951 -0.300583 0.364875 -0.00157241 -0.000153883
22.71 0.0981173 0.0832364 -0.300591 0.364991 -0.00155455 -0.000162496
22.72 0.0980626 0.0836244 -0.300482 0.365211 -0.00155292 -0.000147948
22.73 0.0979751 0.083727 -0.300307 0.365238 -0.00154877 -0.000153984
22.74 0.0978651 0.0837113 -0.300081 0.365498 -0.00155202 -0.000137886
22.75 0.0977362 0.0834426 -0.299822 0.365599 -0.00154727 -0.000142959
22.76 0.0975947 0.083078 -0.29955 0.365951 -0.00154645 -0.000133895
22.77 0.0974523 0.0825293 -0.29926 0.366121 -0.00153656 -0.000139575
22.78 0.0973106 0.0819213 -0.298954 0.366426 -0.0015323 -0.000137782
22.79 0.0971733 0.081246 -0.298627 0.366554 -0.0015235 -0.0001359
22.8 0.0970342 0.0805594 -0.298286 0.366725 -0.00151993 -0.000133615
22.81 0.0968928 0.0799183 -0.297931 0.366848 -0.00151738 -0.000121303
22.82 0.0967405 0.0792899 -0.297588 0.366991 -0.00151458 -0.000122717
22.83 0.096585 0.0787919 -0.297258 0.367236 -0.00151505 -0.000111437
22.84 0.0964257 0.0783398 -0.296967 0.367424 -0.00150853 -0.000122021
22.85 0.0962746 0.0780978 -0.2967 0.367733 -0.00150794 -0.000114642
22.86 0.0961332 0.0779601 -0.296474 0.367843 -0.00149762 -0.000125192
22.87 0.0960046 0.0780902 -0.296264 0.368064 -0.00149759 -0.000114578
22.88 0.0958837 0.0783711 -0.296089 0.368072 -0.0014889 -0.000117443
22.89 0.095767 0.0789243 -0.295939 0.368262 -0.00148994 -0.000106361
22.9 0.0956488 0.0796439 -0.295821 0.368326 -0.00148544 -0.000107304
22.91 0.0955299 0.0805969 -0.295748 0.368578 -0.00148389 -0.000105808
22.92 0.09542 0.0817288 -0.29571 0.368737 -0.00147791 -0.000107993
22.93 0.0953304 0.0830416 -0.295729 0.368959 -0.00146656 -0.000114004
22.94 0.0952705 0.0845441 -0.295761 0.3691 -0.00145633 -0.000109257
22.95 0.0952225 0.0861548 -0.295783 0.369184 -0.00144719 -0.000114529
22.96 0.0951665 0.0879342 -0.295779 0.369293 -0.00144924 -0.00010216
22.97 0.0951018 0.0897318 -0.295782 0.369328 -0.00144231 -0.00010823
22.98 0.0950266 0.0916478 -0.295765 0.369536 -0.00144666 -9.55826e-05
22.99 0.0949463 0.0934936 -0.295768 0.369656 -0.0014351 -0.000105278
23 0.0948684 0.095385 -0.295753 0.369946 -0.00143253 -9.76289e-05
23.01 0.0948018 0.0971415 -0.295728 0.370071 -0.00141618 -0.000106983
23.02 0.0947431 0.0988688 -0.295662 0.37027 -0.0014086 -0.000100765
23.03 0.0946915 0.100434 -0.295539 0.370338 -0.00139641 -0.000100029
23.04 0.0946308 0.101885 -0.295363 0.370454 -0.00139016 -9.29164e-05
23.05 0.0945588 0.103154 -0.295111 0.370594 -0.00138637 -8.40315e-05
23.06 0.0944655 0.104209 -0.294826 0.370754 -0.00137923 -8.47912e-05
23.07 0.0943658 0.105077 -0.294481 0.371036 -0.00137583 -7.68061e-05
23.08 0.0942641 0.105674 -0.294121 0.371215 -0.00135973 -8.59144e-05
23.09 0.094173 0.106117 -0.293687 0.371513 -0.00135398 -7.49929e-05
23.1 0.0940879 0.106278 -0.293224 0.371597 -0.00133484 -8.16536e-05
23.11 0.0940055 0.10632 -0.292667 0.371821 -0.00133358 -6.40952e-05
23.12 0.0939149 0.106093 -0.292076 0.371864 -0.00132025 -6.61356e-05
23.13 0.0938104 0.105771 -0.291416 0.372118 -0.00132304 -5.03675e-05
23.14 0.0936953 0.105225 -0.290744 0.372277 -0.00131312 -5.33382e-05
23.15 0.0935796 0.104611 -0.290061 0.372592 -0.00130779 -4.68915e-05
23.16 0.0934811 0.103859 -0.289371 0.372814 -0.00129452 -4.93256e-05
23.17 0.0934011 0.103077 -0.288689 0.373033 -0.00128013 -4.82597e-05
23.18 0.093341 0.102276 -0.287964 0.373203 -0.0012726 -4.13099e-05
23.19 0.0932847 0.101482 -0.287255 0.373288 -0.00126035 -4.02987e-05
23.2 0.0932298 0.100778 -0.286501 0.373481 -0.00126332 -2.50065e-05
23.21 0.0931693 0.100093 -0.285809 0.373567 -0.00125147 -3.06451e-05
23.22 0.0931161 0.0995876 -0.285106 0.373879 -0.00125388 -1.6866e-05
23.23 0.0930741 0.0991245 -0.284488 0.374002 -0.00123624 -3.10373e-05
23.24 0.09306 0.098917 -0.28388 0.374333 -0.00123113 -1.94857e-05
23.25 0.0930712 0.0987955 -0.283329 0.374383 -0.00121199 -3.18065e-05
23.26 0.0931098 0.0989615 -0.282785 0.374597 -0.00120517 -1.93056e-05
23.27 0.0931622 0.0992612 -0.282268 0.374587 -0.0011935 -2.26476e-05
23.28 0.0932232 0.0998207 -0.281772 0.374757 -0.00118872 -1.40851e-05
23.29 0.0932846 0.10055 -0.281298 0.374859 -0.00118371 -1.22015e-05
23.3 0.0933573 0.101462 -0.280884 0.375071 -0.0011721 -1.63141e-05
23.31 0.0934504 0.102569 -0.280489 0.375283 -0.00116359 -1.30807e-05
23.32 0.0935757 0.103774 -0.280154 0.375424 -0.00114133 -2.6728e-05
23.33 0.0937286 0.105194 -0.279785 0.375604 -0.001134 -1.57037e-05
23.34 0.0939012 0.10664 -0.279442 0.375616 -0.00111335 -2.61882e-05
23.35 0.0940748 0.108269 -0.27903 0.375775 -0.00111546 -7.8211e-06
23.36 0.0942479 0.109842 -0.278648 0.375795 -0.00109909 -1.59518e-05
23.37 0.0944132 0.111509 -0.278209 0.376039 -0.0011015 -3.57428e-06
23.38 0.0945868 0.113063 -0.277804 0.376169 -0.00108239 -1.38638e-05
23.39 0.0947691 0.114612 -0.277356 0.376451 -0.00107435 -1.14655e-05
23.4 0.0949782 0.116032 -0.276895 0.376593 -0.00105433 -1.63192e-05
23.41 0.0951988 0.117354 -0.276381 0.376762 -0.00103985 -1.58494e-05
23.42 0.0954361 0.118546 -0.275787 0.376858 -0.00103038 -8.26088e-06
23.43 0.0956615 0.119547 -0.27515 0.376959 -0.00101711 -7.89636e-06
23.44 0.0958847 0.120409 -0.274413 0.377149 -0.00101841 5.9751e-06
23.45 0.0960924 0.120997 -0.273681 0.377316 -0.00100036 -1.35877e-06
23.46 0.0963094 0.121435 -0.27285 0.377632 -0.00100096 7.31155e-06
23.47 0.0965328 0.121565 -0.272041 0.377805 -0.000974914 -8.73473e-06
23.48 0.0967811 0.121572 -0.271121 0.378096 -0.000973136 -2.01795e-06
23.49 0.0970413 0.121307 -0.270198 0.37818 -0.000949418 -1.18293e-05
23.5 0.0973147 0.120953 -0.269165 0.37839 -0.000950901 1.45746e-06
23.51 0.0975852 0.120376 -0.26812 0.378474 -0.000937032 2.67914e-06
23.52 0.0978588 0.119707 -0.267025 0.378703 -0.000935609 1.24533e-05
23.53 0.0981335 0.118863 -0.265916 0.37892 -0.000926503 1.07988e-05
23.54 0.0984231 0.117922 -0.26482 0.379177 -0.000914614 1.63388e-06
23.55 0.0987352 0.116922 -0.263693 0.379457 -0.000906827 -3.04813e-06
23.56 0.0990783 0.115876 -0.262606 0.37959 -0.000887317 -1.81351e-05
23.57 0.0994477 0.114915 -0.261456 0.379812 -0.000886835 -9.0439e-06
23.58 0.0998365 0.113954 -0.260366 0.379821 -0.000868841 -1.64521e-05
23.59 0.100234 0.113161 -0.259217 0.380069 -0.000876104 2.37471e-06
23.6 0.100641 0.112373 -0.258165 0.380118 -0.000858129 -8.95975e-06
23.61 0.101059 0.111779 -0.257089 0.380454 -0.000861668 -2.91761e-06
23.62 0.101501 0.111228 -0.256114 0.380562 -0.000840655 -2.62606e-05
23.63 0.101971 0.110923 -0.255136 0.380854 -0.000835844 -3.06895e-05
23.64 0.102475 0.110767 -0.254217 0.380919 -0.000818384 -4.29942e-05
23.65 0.103001 0.110862 -0.253305 0.381064 -0.000811258 -4.20202e-05
23.66 0.103546 0.111145 -0.252408 0.381119 -0.000804839 -4.07073e-05
23.67 0.104095 0.111602 -0.251558 0.381212 -0.000795083 -4.78775e-05
23.68 0.104653 0.112269 -0.250704 0.381397 -0.00079437 -4.68035e-05
23.69 0.105221 0.113042 -0.249935 0.381531 -0.000775887 -6.67869e-05
23.7 0.105808 0.114025 -0.249129 0.381814 -0.000775299 -6.86766e-05
23.71 0.106419 0.115057 -0.248408 0.381884 -0.000750422 -9.40372e-05
23.72 0.107052 0.116295 -0.247613 0.382109 -0.000750932 -8.96878e-05
23.73 0.107703 0.117544 -0.246873 0.382076 -0.000728927 -0.000103943
23.74 0.10836 0.118917 -0.246049 0.382275 -0.000731859 -9.55368e-05
23.75 0.109018 0.120225 -0.245256 0.382296 -0.000715912 -0.000109218
23.76 0.109673 0.121558 -0.24441 0.382571 -0.000713093 -0.000110641
23.77 0.110337 0.12279 -0.24356 0.382714 -0.000699801 -0.000125127
23.78 0.111007 0.123958 -0.242684 0.382988 -0.00068682 -0.000133368
23.79 0.111695 0.125022 -0.241747 0.383149 -0.000677671 -0.000137891
23.8 0.112389 0.125898 -0.240778 0.383296 -0.0006618 -0.000152559
23.81 0.113093 0.126639 -0.239703 0.383441 -0.000662653 -0.000159019
23.82 0.113792 0.127171 -0.238635 0.383522 -0.000643929 -0.000173294
23.83 0.114496 0.12766 -0.23746 0.383771 -0.000646798 -0.000151338
23.84 0.11519 0.127838 -0.236298 0.38392 -0.000625893 -0.00015641
23.85 0.115887 0.127836 -0.235032 0.384274 -0.000627087 -0.000154626
23.86 0.116584 0.127481 -0.233781 0.384435 -0.000603621 -0.000186708
23.87 0.117296 0.126963 -0.232407 0.384725 -0.000605683 -0.00021044
23.88 0.118016 0.12627 -0.231043 0.384822 -0.000588836 -0.000231211
23.89 0.118752 0.125616 -0.229626 0.385008 -0.000583243 -0.000204627
23.9 0.119489 0.12481 -0.228173 0.385145 -0.000575681 -0.000178164
23.91 0.120223 0.123768 -0.226722 0.385331 -0.000564324 -0.000183156
23.92 0.120953 0.122547 -0.225232 0.385606 -0.00055879 -0.000205369
23.93 0.12169 0.121222 -0.223783 0.385798 -0.000539861 -0.000243083
23.94 0.122437 0.120016 -0.222279 0.386114 -0.000537859 -0.000241665
23.95 0.123202 0.118813 -0.22084 0.386197 -0.000516761 -0.000244991
23.96 0.12398 0.117722 -0.219339 0.386432 -0.000519644 -0.000225416
23.97 0.124771 0.11656 -0.21793 0.386429 -0.000497277 -0.000242611
23.98 0.125568 0.115481 -0.216452 0.386663 -0.000503398 -0.000261466
23.99 0.126375 0.11449 -0.215089 0.386743 -0.000482564 -0.000293774
24 0.127197 0.113853 -0.213724 0.387029 -0.000477481 -0.000277846
24.01 0.128043 0.113377 -0.212419 0.387184 -0.000461448 -0.000263357
24.02 0.128902 0.113039 -0.211147 0.38738 -0.000448546 -0.000259603
24.03 0.129786 0.112766 -0.209897 0.387504 -0.000436192 -0.000279929
24.04 0.130681 0.112674 -0.208705 0.387553 -0.000417751 -0.000306043
24.05 0.13159 0.112849 -0.207492 0.3877 -0.000413677 -0.000308429
24.06 0.132502 0.113239 -0.20636 0.387721 -0.000393469 -0.000310379
24.07 0.133424 0.113855 -0.205186 0.387996 -0.000394257 -0.000293283
24.08 0.134352 0.114513 -0.204115 0.388054 -0.00036806 -0.000309404
24.09 0.135297 0.115325 -0.202976 0.388391 -0.000367413 -0.000312556
24.1 0.136259 0.116135 -0.201914 0.388405 -0.000341428 -0.000346648
24.11 0.137242 0.117146 -0.200775 0.388658 -0.000339751 -0.000344798
24.12 0.138242 0.118242 -0.199702 0.388617 -0.00031564 -0.00033766
24.13 0.139254 0.119423 -0.198548 0.388821 -0.000310677 -0.00030988
24.14 0.140264 0.12046 -0.197409 0.388893 -0.00029453 -0.000314356
24.15 0.141275 0.121403 -0.196236 0.389141 -0.000279386 -0.000327067
24.16 0.14229 0.122265 -0.195012 0.389364 -0.000270034 -0.000340452
24.17 0.143311 0.123047 -0.193788 0.389562 -0.000247474 -0.000344801
24.18 0.144345 0.123769 -0.192446 0.389804 -0.000247825 -0.000329086
24.19 0.145387 0.124261 -0.191138 0.389868 -0.00022124 -0.000328795
24.2 0.146437 0.124597 -0.189679 0.390104 -0.000226545 -0.000320312
24.21 0.14749 0.124638 -0.188279 0.390144 -0.00019805 -0.000336806
24.22 0.148548 0.124569 -0.186722 0.390463 -0.00020288 -0.000330962
24.23 0.149608 0.12425 -0.185215 0.390599 -0.000177991 -0.000337663
24.24 0.15068 0.12383 -0.183591 0.390969 -0.000176827 -0.000319664
24.25 0.151764 0.123147 -0.181981 0.391133 -0.000157907 -0.00031675
24.26 0.152864 0.122287 -0.180309 0.391388 -0.000148486 -0.000309791
24.27 0.15398 0.121219 -0.178603 0.391506 -0.000138139 -0.00031084
24.28 0.155106 0.119999 -0.176904 0.391654 -0.000120747 -0.000313053
24.29 0.156241 0.118704 -0.175126 0.391844 -0.000119497 -0.000303926
24.3 0.157379 0.117298 -0.173424 0.392014 -9.49051e-05 -0.000301982
24.31 0.158529 0.115871 -0.171613 0.392327 -9.94664e-05 -0.000289075
24.32 0.159689 0.114336 -0.169921 0.392487 -7.16653e-05 -0.000296245
24.33 0.160872 0.112859 -0.16812 0.392787 -7.69838e-05 -0.000288572
24.34 0.162072 0.111352 -0.166442 0.392844 -5.13749e-05 -0.000295841
24.35 0.163301 0.109977 -0.164692 0.393052 -5.3541e-05 -0.000287281
24.36 0.164548 0.108657 -0.163043 0.393076 -3.28705e-05 -0.000288576
24.37 0.165816 0.107522 -0.161387 0.393275 -2.58848e-05 -0.000277517
24.38 0.167101 0.106509 -0.159779 0.393412 -1.22654e-05 -0.000272121
24.39 0.168402 0.105676 -0.158227 0.393631 4.34302e-06 -0.000266617
24.4 0.169724 0.105005 -0.156658 0.39385 9.0982e-06 -0.000261716
24.41 0.171068 0.104496 -0.155192 0.393952 3.16593e-05 -0.000266443
24.42 0.172438 0.10421 -0.153671 0.394139 3.09376e-05 -0.000258119
24.43 0.173831 0.10409 -0.15228 0.394102 5.74734e-05 -0.000260522
24.44 0.175243 0.104213 -0.150818 0.394324 5.65378e-05 -0.000243995
24.45 0.176667 0.104451 -0.149476 0.394305 8.34842e-05 -0.000247114
24.46 0.178103 0.104888 -0.148057 0.394636 8.40999e-05 -0.000235614
24.47 0.179552 0.105408 -0.146724 0.394687 0.000107282 -0.000241483
24.48 0.181015 0.106069 -0.145327 0.39501 0.00011139 -0.000235003
24.49 0.182499 0.106802 -0.143967 0.395053 0.000127419 -0.000232575
24.5 0.183999 0.107601 -0.142576 0.395247 0.000137754 -0.000223026
24.51 0.185519 0.108426 -0.141164 0.395302 0.00014647 -0.000211726
24.52 0.187048 0.109211 -0.13976 0.39543 0.00016461 -0.000206387
24.53 0.188589 0.109962 -0.138282 0.395636 0.000168745 -0.000197393
24.54 0.190133 0.1106 -0.136837 0.395796 0.000192901 -0.000198924
24.55 0.19169 0.111175 -0.135274 0.396143 0.000192499 -0.000186732
24.56 0.193253 0.111575 -0.133747 0.396247 0.000216445 -0.000185598
24.57 0.194835 0.111849 -0.132091 0.396572 0.00021385 -0.000171349
24.58 0.196426 0.11192 -0.130474 0.396569 0.000237478 -0.000164868
24.59 0.19803 0.111808 -0.12874 0.39687 0.000237791 -0.000151543
24.6 0.199637 0.111474 -0.127028 0.396901 0.000259086 -0.000145588
24.61 0.201248 0.110929 -0.12523 0.397261 0.000265822 -0.000138947
24.62 0.20286 0.110187 -0.123411 0.397412 0.000280202 -0.000131598
24.63 0.204476 0.109248 -0.121551 0.397767 0.000291451 -0.000122879
24.64 0.206102 0.108129 -0.119641 0.397951 0.000298926 -0.000110974
24.65 0.207741 0.106817 -0.117745 0.398161 0.000315835 -0.000103396
24.66 0.209394 0.105369 -0.115784 0.398325 0.000320185 -9.06454e-05
24.67 0.211056 0.103766 -0.113878 0.39842 0.000343022 -8.55946e-05
24.68 0.212728 0.102082 -0.111901 0.398672 0.000346751 -7.67733e-05
24.69 0.214402 0.100319 -0.110004 0.398795 0.000373657 -7.33522e-05
24.7 0.216084 0.0985528 -0.108028 0.399157 0.000376067 -6.32461e-05
24.71 0.217773 0.0967774 -0.106139 0.399273 0.000400145 -5.56645e-05
24.72 0.219481 0.0950489 -0.104198 0.399576 0.00040364 -4.48664e-05
24.73 0.221203 0.0933691 -0.102337 0.399611 0.000423034 -3.61949e-05
24.74 0.22295 0.0917896 -0.100482 0.399794 0.000434231 -2.80316e-05
24.75 0.22471 0.0903252 -0.0986782 0.399853 0.000451035 -2.04401e-05
24.76 0.226488 0.0890065 -0.0969309 0.400011 0.000471879 -1.68134e-05
24.77 0.228276 0.0878681 -0.0951885 0.40021 0.00048555 -9.10167e-06
24.78 0.230078 0.0869168 -0.0935349 0.40036 0.000511849 -3.71893e-06
24.79 0.231893 0.0861792 -0.0918423 0.40063 0.000520075 9.5391e-06
24.8 0.233726 0.0856091 -0.0902586 0.400669 0.000546844 1.40515e-05
24.81 0.235576 0.0852553 -0.0886182 0.400893 0.000552177 2.69063e-05
24.82 0.237447 0.0850806 -0.0870901 0.400838 0.00057749 3.54877e-05
24.83 0.239331 0.085108 -0.0855167 0.401069 0.000587032 5.07479e-05
24.84 0.241233 0.0852515 -0.0840357 0.401094 0.000613359 5.36333e-05
24.85 0.243146 0.0855264 -0.0825292 0.401388 0.000632893 5.41059e-05
24.86 0.245074 0.0859222 -0.0810411 0.40152 0.000654018 5.66098e-05
24.87 0.24701 0.0864345 -0.0795403 0.401751 0.000674876 6.60804e-05
24.88 0.248964 0.0870232 -0.0780087 0.401895 0.000688288 8.38114e-05
24.89 0.250924 0.087608 -0.0764998 0.401987 0.000713053 9.45282e-05
24.9 0.252902 0.0881755 -0.0749196 0.402176 0.000723335 0.000108013
24.91 0.254879 0.088715 -0.0733516 0.402227 0.000745928 0.000121138
24.92 0.256867 0.0891872 -0.0717049 0.402558 0.000754296 0.00014089
24.93 0.258859 0.0894492 -0.0701149 0.402644 0.000788246 0.000132002
24.94 0.260871 0.089586 -0.0684115 0.403066 0.000802313 0.000131127
24.95 0.26288 0.0895965 -0.0667122 0.403111 0.000829287 0.000135545
24.96 0.264903 0.0894855 -0.0649213 0.403475 0.000843123 0.000158321
24.97 0.266925 0.0891717 -0.0631116 0.403466 0.000863991 0.000178631
24.98 0.268954 0.088602 -0.0612501 0.403776 0.000882057 0.000189189
24.99 0.270978 0.0877947 -0.0593477 0.403864 0.000900511 0.000192851
25 0.273003 0.0867666 -0.0574266 0.404186 0.00092437 0.000192532
25.01 0.275027 0.0855803 -0.0554386 0.40442 0.000938892 0.000203886
25.02 0.277057 0.0842182 -0.0534628 0.404665 0.000965552 0.000216588
25.03 0.279094 0.0826917 -0.0514183 0.404936 0.000977778 0.000235364
25.04 0.281145 0.0810169 -0.0493909 0.405023 0.00100059 0.000252168
25.05 0.283203 0.0792015 -0.0473296 0.405297 0.00101335 0.000269822
25.06 0.28528 0.0771982 -0.0453365 0.405311 0.00104589 0.000262504
25.07 0.287366 0.0751224 -0.0432999 0.405648 0.00106447 0.000256371
25.08 0.289457 0.0730778 -0.0413122 0.405709 0.00109471 0.000260205
25.09 0.291555 0.0711011 -0.0392964 0.406088 0.00111242 0.000280801
25.1 0.293663 0.0691811 -0.0373218 0.406173 0.00113665 0.000304003
25.11 0.295786 0.0672793 -0.0353727 0.406444 0.00115875 0.000317117
25.12 0.29793 0.0654279 -0.033446 0.406492 0.0011793 0.000319554
25.13 0.300088 0.0636986 -0.0315878 0.406633 0.0012069 0.000319513
25.14 0.302265 0.0621465 -0.0297319 0.406748 0.00122625 0.000325754
25.15 0.304454 0.0608079 -0.0279586 0.406871 0.0012559 0.000337412
25.16 0.306659 0.059694 -0.0261678 0.407116 0.00127328 0.000358007
25.17 0.308883 0.058783 -0.02446 0.407222 0.00130035 0.000376489
25.18 0.311133 0.0580408 -0.0227476 0.407495 0.00131956 0.00038882
25.19 0.313412 0.0574433 -0.0211353 0.407512 0.00135258 0.000387406
25.2 0.315719 0.0570453 -0.0194959 0.407724 0.00137451 0.000388124
25.21 0.318044 0.0568642 -0.0179225 0.407707 0.00140372 0.000397111
25.22 0.320383 0.0568883 -0.0163315 0.407916 0.00142767 0.000412509
25.23 0.322734 0.0570493 -0.0147597 0.408015 0.00145067 0.000428005
25.24 0.325092 0.0573314 -0.0131989 0.408258 0.00147856 0.000439377
25.25 0.327466 0.05769 -0.0116102 0.408472 0.00149713 0.000452724
25.26 0.329852 0.0581224 -0.0100486 0.408624 0.0015259 0.00046633
25.27 0.332259 0.058583 -0.00842665 0.408849 0.00154142 0.000487448
25.28 0.334678 0.0589989 -0.00684374 0.408866 0.0015712 0.00049801
25.29 0.337113 0.0593531 -0.00517095 0.409147 0.00158573 0.000508535
25.3 0.33955 0.059622 -0.00353642 0.409165 0.0016156 0.000515049
25.31 0.341998 0.059786 -0.00181021 0.409565 0.00163395 0.000523147
25.32 0.344447 0.0598318 -9.84667e-05 0.409645 0.00166227 0.000536519
25.33 0.346905 0.0597474 0.00169847 0.41006 0.00168301 0.000556124
25.34 0.349365 0.0594758 0.00351883 0.410142 0.00170329 0.000579861
25.35 0.351836 0.0589804 0.00537918 0.410439 0.00172784 0.000594676
25.36 0.354309 0.0582314 0.0072938 0.410536 0.00174361 0.000606279
25.37 0.356786 0.0572532 0.00920944 0.410736 0.0017724 0.000607962
25.38 0.359259 0.0560856 0.0112054 0.410971 0.00178634 0.000621001
25.39 0.361732 0.054747 0.0131751 0.411159 0.0018175 0.000633632
25.4 0.364204 0.0532476 0.0152388 0.411537 0.00182966 0.000659857
25.41 0.36668 0.0515805 0.0172531 0.411643 0.00186039 0.00068129
25.42 0.369167 0.0497283 0.0193462 0.412016 0.00187348 0.0007016
25.43 0.371664 0.0477394 0.0213935 0.411993 0.00189972 0.000714946
25.44 0.374172 0.0456073 0.0234589 0.412332 0.00192121 0.000720535
25.45 0.376688 0.0434157 0.0255064 0.412302 0.0019456 0.00072354
25.46 0.379206 0.0412281 0.0275355 0.412667 0.00197269 0.000732686
25.47 0.381727 0.0391162 0.0295784 0.412731 0.00199192 0.000756392
25.48 0.384253 0.037065 0.0315637 0.413075 0.00202054 0.000780879
25.49 0.386793 0.0350795 0.0335646 0.413185 0.00203823 0.000805649
25.5 0.389347 0.0331474 0.0354726 0.413383 0.00207027 0.000814201
25.51 0.39192 0.0313245 0.0374019 0.413489 0.00208866 0.000820942
25.52 0.394501 0.0296781 0.0392319 0.413548 0.00212114 0.000826059
25.53 0.397094 0.0282334 0.0410788 0.413743 0.00214141 0.000837938
25.54 0.399689 0.0270358 0.0428469 0.413799 0.00217005 0.000855954
25.55 0.402293 0.0260459 0.0446024 0.414122 0.00219457 0.000874084
25.56 0.404906 0.0252833 0.0463119 0.414171 0.00221889 0.000894615
25.57 0.407535 0.0247171 0.0479819 0.414478 0.00224668 0.00091112
25.58 0.410179 0.0243481 0.0496365 0.414464 0.00226764 0.000929426
25.59 0.41284 0.0241313 0.051233 0.414681 0.00229845 0.000935866
25.6 0.41551 0.0240782 0.052845 0.4147 0.00231874 0.000944816
25.61 0.418185 0.0241682 0.0543967 0.414893 0.00235174 0.000946864
25.62 0.420861 0.024407 0.0559935 0.415065 0.00237185 0.000959166
25.63 0.423537 0.0247846 0.0575425 0.415254 0.00240303 0.000977428
25.64 0.426217 0.0252197 0.0591423 0.415541 0.00242424 0.000999674
25.65 0.428902 0.0256737 0.0607172 0.415634 0.00245088 0.00102014
25.66 0.431593 0.0260584 0.0623291 0.415919 0.00247552 0.00103016
25.67 0.434287 0.0263584 0.0639478 0.415916 0.0024981 0.00103453
25.68 0.436977 0.0265681 0.0655961 0.416221 0.00252594 0.00103419
25.69 0.43966 0.0266849 0.0672802 0.416281 0.00254598 0.00104348
25.7 0.442334 0.0266943 0.0689871 0.416653 0.00257617 0.00105317
25.71 0.445001 0.0265534 0.0707507 0.416822 0.00259411 0.00107563
25.72 0.447665 0.0262272 0.0725191 0.41714 0.00262584 0.00108917
25.73 0.450331 0.0256578 0.0743545 0.417335 0.00264292 0.00110633
25.74 0.452995 0.0248464 0.0761823 0.417502 0.00267453 0.00110599
25.75 0.455659 0.0237754 0.078072 0.417734 0.00269436 0.00110846
25.76 0.458312 0.0225107 0.0799633 0.417817 0.0027234 0.00110378
25.77 0.460956 0.0210648 0.0819024 0.418178 0.00274661 0.00111387
25.78 0.463587 0.0194596 0.0838484 0.418263 0.00277276 0.00112161
25.79 0.466214 0.01769 0.0858131 0.418722 0.00280075 0.00113668
25.8 0.468838 0.0157632 0.0877846 0.418755 0.00282523 0.00114632
25.81 0.471467 0.0136838 0.0897451 0.419154 0.0028569 0.00115
25.82 0.474097 0.0115015 0.0917164 0.419104 0.00287923 0.00115304
25.83 0.476727 0.00924696 0.093655 0.419417 0.00291244 0.00114664
25.84 0.47935 0.00698861 0.0956111 0.419432 0.00293283 0.00114944
25.85 0.481969 0.00477798 0.09751 0.419729 0.00296739 0.00114809
25.86 0.484588 0.00263929 0.0994136 0.419892 0.00299104 0.00115979
25.87 0.487214 0.000606269 0.101254 0.420107 0.00302522 0.00116397
25.88 0.48985 -0.00132416 0.103078 0.420332 0.00305301 0.00117483
25.89 0.4925 -0.00312356 0.104846 0.42037 0.00308478 0.00117231
25.9 0.49516 -0.00478213 0.106587 0.42061 0.00311428 0.00117069
25.91 0.497826 -0.00624168 0.108289 0.420541 0.00314162 0.00116317
25.92 0.500492 -0.00749926 0.109947 0.420856 0.00317337 0.00115703
25.93 0.503158 -0.00849561 0.111586 0.42083 0.00319811 0.0011569
25.94 0.505825 -0.0092561 0.11316 0.421218 0.00323331 0.00115853
25.95 0.508499 -0.00978716 0.114731 0.421237 0.0032583 0.00116454
25.96 0.511183 -0.0101147 0.116229 0.421542 0.00329522 0.00116576
25.97 0.513879 -0.0102931 0.117738 0.421549 0.00332079 0.00116274
25.98 0.516577 -0.010305 0.119198 0.421723 0.00335378 0.00115201
25.99 0.519276 -0.0101942 0.120674 0.421817 0.00338024 0.00114098
26 0.521966 -0.00993105 0.122129 0.421968 0.00340876 0.00112979
26.01 0.524652 -0.00956224 0.123592 0.422229 0.00343875 0.00112668
26.02 0.52733 -0.00910161 0.125057 0.422371 0.00346503 0.00112769
26.03 0.530011 -0.00864119 0.126517 0.422705 0.0034991 0.00112712
26.04 0.532691 -0.00822348 0.128003 0.422767 0.0035227 0.00112212
26.05 0.535371 -0.00788877 0.129484 0.423064 0.00355726 0.00110933
26.06 0.538043 -0.00767731 0.131013 0.423085 0.00357756 0.00109444
26.07 0.540702 -0.00755256 0.132552 0.423376 0.00360883 0.00107959
26.08 0.543345 -0.00759251 0.134139 0.423503 0.00362947 0.00107006
26.09 0.545975 -0.0077539 0.135743 0.423825 0.00365942 0.0010601
26.1 0.548594 -0.00813453 0.137381 0.424076 0.003684 0.00105671
26.11 0.551208 -0.00870533 0.139037 0.424304 0.00371337 0.001045
26.12 0.553817 -0.00954607 0.140718 0.424572 0.00374134 0.00103498
26.13 0.55642 -0.010598 0.142431 0.424642 0.00376643 0.00101569
26.14 0.559009 -0.0119016 0.144164 0.424953 0.0037943 0.000997706
26.15 0.561583 -0.0133767 0.145931 0.424983 0.00381511 0.000978779
26.16 0.56414 -0.0150308 0.147703 0.425401 0.00384459 0.000965255
26.17 0.566687 -0.0168324 0.14949 0.425465 0.00386621 0.000953906
26.18 0.569228 -0.018759 0.151271 0.425896 0.00389861 0.000944108
26.19 0.57177 -0.020828 0.153046 0.425949 0.00392232 0.000932717
26.2 0.574314 -0.0229757 0.154812 0.426247 0.00395407 0.000914291
26.21 0.576855 -0.0252121 0.156566 0.426295 0.00397681 0.000895971
26.22 0.579391 -0.0274293 0.158308 0.426463 0.00400482 0.000871235
26.23 0.581917 -0.0296366 0.160029 0.426639 0.00402707 0.000853348
26.24 0.584436 -0.0317088 0.161721 0.42677 0.00405398 0.000836102
26.25 0.586955 -0.0337034 0.163371 0.427102 0.00408091 0.000825506
26.26 0.589481 -0.0355165 0.164979 0.427141 0.00410875 0.00081375
26.27 0.592016 -0.0372198 0.16654 0.427486 0.00413851 0.000801558
26.28 0.594561 -0.0387404 0.168064 0.427386 0.00416337 0.000780817
26.29 0.597107 -0.0400955 0.169548 0.427704 0.00419132 0.000757521
26.3 0.599651 -0.0412244 0.171003 0.427593 0.00421172 0.000731774
26.31 0.602184 -0.0421041 0.172419 0.427947 0.00423786 0.000710827
26.32 0.604712 -0.0427324 0.173802 0.427946 0.00425838 0.000695959
26.33 0.607234 -0.0431048 0.175135 0.428294 0.00428692 0.000683554
26.34 0.609762 -0.0432974 0.176442 0.428371 0.00430973 0.000670396
26.35 0.612286 -0.0432804 0.177709 0.428583 0.00433694 0.000653222
26.36 0.614813 -0.0431608 0.178964 0.428686 0.00435914 0.000629502
26.37 0.617328 -0.0428603 0.180201 0.428763 0.00438088 0.000604682
26.38 0.619833 -0.0424777 0.18144 0.428982 0.00440214 0.000579316
26.39 0.622315 -0.041955 0.182674 0.429058 0.00442041 0.000558928
26.4 0.624786 -0.0413873 0.183912 0.429434 0.0044441 0.000541465
26.41 0.62724 -0.0407788 0.185152 0.429509 0.00446247 0.00052876
26.42 0.629691 -0.0402172 0.186395 0.429894 0.00448867 0.000511007
26.43 0.632127 -0.0397401 0.187665 0.429909 0.00450426 0.000493208
26.44 0.634555 -0.0393795 0.188941 0.430215 0.00452882 0.000464711
26.45 0.636958 -0.0391795 0.19027 0.430261 0.00454065 0.000438024
26.46 0.63934 -0.0390837 0.191607 0.43054 0.00456223 0.000411216
26.47 0.641693 -0.0391881 0.192997 0.430738 0.00457572 0.000390911
26.48 0.644028 -0.0394156 0.194393 0.431 0.00459617 0.000374199
26.49 0.646341 -0.0399001 0.195832 0.431314 0.00461471 0.000358794
26.5 0.648646 -0.0405688 0.197281 0.431457 0.0046325 0.000340826
26.51 0.650932 -0.0415196 0.198762 0.431766 0.00465335 0.000317598
26.52 0.653207 -0.0426672 0.200268 0.431784 0.00466527 0.000292414
26.53 0.655455 -0.044045 0.201787 0.432107 0.00468706 0.000262764
26.54 0.657684 -0.0455684 0.203342 0.432161 0.00469378 0.000240887
26.55 0.659884 -0.0472279 0.204875 0.432537 0.00471871 0.000219441
26.56 0.662075 -0.0490083 0.206434 0.432676 0.00472703 0.000207114
26.57 0.664249 -0.0508638 0.207951 0.432978 0.0047537 0.000191182
26.58 0.666422 -0.0528438 0.209481 0.433127 0.00476436 0.000175341
26.59 0.66858 -0.0548363 0.210976 0.433258 0.00478597 0.000150271
26.6 0.670729 -0.0568784 0.212467 0.43344 0.00479716 0.000127819
26.61 0.672859 -0.058823 0.213926 0.433473 0.00481323 0.000101661
26.62 0.674974 -0.0607061 0.215356 0.433783 0.00482831 8.52718e-05
26.63 0.677073 -0.062409 0.216758 0.433805 0.00484101 6.93133e-05
26.64 0.679165 -0.0639954 0.218097 0.434212 0.00486273 5.80571e-05
26.65 0.681251 -0.06538 0.219417 0.434177 0.00487261 4.51544e-05
26.66 0.683334 -0.0666125 0.220654 0.434528 0.00489734 2.90721e-05
26.67 0.685412 -0.0676401 0.221886 0.434418 0.00490306 1.0111e-05
26.68 0.687477 -0.0684535 0.223045 0.434699 0.00492495 -1.28461e-05
26.69 0.689526 -0.0690395 0.224201 0.434673 0.00492872 -3.19663e-05
26.7 0.691554 -0.0693508 0.225291 0.434952 0.00494829 -5.02845e-05
26.71 0.693567 -0.0694373 0.226367 0.435092 0.00495546 -5.80884e-05
26.72 0.695567 -0.0692754 0.227386 0.435296 0.00497373 -6.98314e-05
26.73 0.697558 -0.0689672 0.228382 0.435517 0.0049852 -7.8046e-05
26.74 0.699537 -0.0684767 0.229351 0.435555 0.00499723 -9.57544e-05
26.75 0.701501 -0.0679055 0.230293 0.435822 0.00501092 -0.000114401
26.76 0.703442 -0.0671867 0.231249 0.435769 0.00501467 -0.000135169
26.77 0.705357 -0.0664076 0.232169 0.436142 0.00503085 -0.000152103
26.78 0.707244 -0.0655486 0.233128 0.436139 0.00503162 -0.000165817
26.79 0.709106 -0.0646746 0.234046 0.436598 0.00505126 -0.000175449
26.8 0.710946 -0.0638413 0.235014 0.436639 0.00505255 -0.000184487
26.81 0.71277 -0.063074 0.235942 0.437017 0.00507287 -0.000196437
26.82 0.714572 -0.0624597 0.236934 0.437051 0.00507351 -0.000210547
26.83 0.716349 -0.0619661 0.237907 0.437299 0.00508813 -0.000231358
26.84 0.718091 -0.0616745 0.238948 0.437432 0.00508942 -0.000249642
26.85 0.719799 -0.0614994 0.239997 0.437648 0.00509634 -0.00026707
26.86 0.721469 -0.0615394 0.241075 0.43795 0.00510501 -0.000275148
26.87 0.723115 -0.0617348 0.242184 0.43813 0.0051083 -0.000284178
26.88 0.724735 -0.0621799 0.243284 0.43849 0.00512509 -0.000288728
26.89 0.726339 -0.062847 0.24444 0.438561 0.00512388 -0.000304056
26.9 0.727918 -0.0637381 0.245566 0.438874 0.00514312 -0.000315503
26.91 0.729477 -0.0648446 0.246767 0.438889 0.00513685 -0.000335462
26.92 0.731004 -0.0660853 0.247925 0.439188 0.0051554 -0.000346546
26.93 0.732508 -0.0674892 0.249153 0.439294 0.00514894 -0.000357948
26.94 0.733983 -0.0689528 0.250328 0.439605 0.00516669 -0.000363012
26.95 0.735445 -0.0705448 0.251537 0.439808 0.00516637 -0.000366302
26.96 0.736893 -0.072152 0.2527 0.440002 0.00518041 -0.000372869
26.97 0.738333 -0.073843 0.253855 0.440204 0.00518642 -0.000377664
26.98 0.739761 -0.0754903 0.254997 0.440231 0.00519132 -0.000392209
26.99 0.741171 -0.077114 0.256097 0.440477 0.00520133 -0.000397165
27 0.742564 -0.0786207 0.257207 0.440465 0.0051982 -0.000411967
27.01 0.743937 -0.0799838 0.258238 0.440822 0.00521407 -0.000409036
27.02 0.745298 -0.0811892 0.259285 0.440837 0.00520803 -0.000416073
27.03 0.746648 -0.0821922 0.260221 0.441207 0.00522972 -0.000409746
27.04 0.747995 -0.0830358 0.261177 0.441205 0.0052223 -0.0004153
27.05 0.749334 -0.0836477 0.262019 0.441451 0.00524292 -0.0004161
27.06 0.750663 -0.0840898 0.262879 0.441459 0.00523474 -0.000424563
27.07 0.751973 -0.0842559 0.263658 0.441602 0.00524743 -0.000430015
27.08 0.753263 -0.0842314 0.26443 0.441763 0.00524334 -0.000433506
27.09 0.754531 -0.0839229 0.265159 0.441883 0.00524902 -0.000436005
27.1 0.755778 -0.0834338 0.265841 0.442215 0.00525368 -0.000429536
27.11 0.757014 -0.0827327 0.266515 0.442247 0.00525358 -0.000431794
27.12 0.758232 -0.0819025 0.267111 0.442607 0.00526576 -0.000425172
27.13 0.759438 -0.0809544 0.267748 0.442515 0.00525719 -0.000435116
27.14 0.760619 -0.0799084 0.2683 0.442876 0.00527151 -0.000433148
27.15 0.761776 -0.0788112 0.268932 0.442798 0.00525637 -0.000444644
27.16 0.762901 -0.0776415 0.269477 0.443213 0.00527195 -0.000440504
27.17 0.764002 -0.0765036 0.270103 0.443255 0.00525873 -0.000445592
27.18 0.765076 -0.0753477 0.270665 0.443657 0.00527309 -0.000437593
27.19 0.766132 -0.0743311 0.271284 0.443773 0.00526602 -0.000438401
27.2 0.767167 -0.0733819 0.271883 0.44403 0.00527355 -0.000436532
27.21 0.76818 -0.0726453 0.272512 0.444179 0.00527176 -0.000439413
27.22 0.769169 -0.0720384 0.273175 0.444303 0.00526884 -0.000447508
27.23 0.770126 -0.0716428 0.273836 0.444576 0.00527307 -0.000447086
27.24 0.771055 -0.0714032 0.274574 0.444689 0.00526202 -0.000453074
27.25 0.771955 -0.0713624 0.275268 0.445104 0.00527478 -0.000441774
27.26 0.772838 -0.071534 0.276058 0.445186 0.00526002 -0.000444347
27.27 0.773705 -0.0719074 0.276774 0.445586 0.00527768 -0.000432508
27.28 0.774561 -0.0725374 0.277592 0.445584 0.00526074 -0.000441369
27.29 0.775399 -0.0733129 0.278344 0.445897 0.00527532 -0.000435092
27.3 0.776219 -0.0743145 0.279182 0.445917 0.00525864 -0.000443818
27.31 0.77702 -0.0753756 0.27997 0.4462 0.0052678 -0.000436804
27.32 0.777802 -0.0765998 0.280805 0.446357 0.00525763 -0.000435442
27.33 0.778575 -0.0778326 0.281603 0.446598 0.00526145 -0.000427203
27.34 0.779336 -0.0791665 0.282396 0.446845 0.00526082 -0.000418861
27.35 0.780097 -0.0804784 0.283182 0.446942 0.0052551 -0.000416108
27.36 0.780847 -0.0818089 0.283903 0.447179 0.0052632 -0.000407414
27.37 0.781597 -0.0830736 0.28466 0.44715 0.0052463 -0.000412026
27.38 0.782328 -0.084234 0.285309 0.447418 0.00526052 -0.000400468
27.39 0.783055 -0.0852833 0.286022 0.447429 0.00523705 -0.000405263
27.4 0.783762 -0.0861141 0.286598 0.447758 0.00525511 -0.000385971
27.41 0.784468 -0.0868222 0.287233 0.447845 0.00523216 -0.000385997
27.42 0.785164 -0.0872622 0.287721 0.448096 0.00524976 -0.000365805
27.43 0.785861 -0.0875873 0.28825 0.448193 0.00522998 -0.00036634
27.44 0.786546 -0.0876301 0.288664 0.448289 0.00523937 -0.000355689
27.45 0.787222 -0.0875331 0.289086 0.448447 0.00522561 -0.000355912
27.46 0.787878 -0.0871462 0.289456 0.448477 0.00522249 -0.000350667
27.47 0.788516 -0.0865882 0.289775 0.448787 0.00522027 -0.000341056
27.48 0.789136 -0.0857941 0.290112 0.448821 0.00520593 -0.000337223
27.49 0.789739 -0.0848332 0.290337 0.449229 0.00521548 -0.000318498
27.5 0.79033 -0.0837528 0.290633 0.449208 0.00519258 -0.00032156
27.51 0.790904 -0.0825258 0.290786 0.449568 0.0052085 -0.000302508
27.52 0.791464 -0.0812911 0.291047 0.449495 0.00517981 -0.000313725
27.53 0.792001 -0.0799281 0.291174 0.449811 0.00519615 -0.000297918
27.54 0.792513 -0.0786292 0.291427 0.449847 0.00516666 -0.000307644
27.55 0.792997 -0.0772417 0.291577 0.450174 0.0051794 -0.000291652
27.56 0.793457 -0.0759844 0.29182 0.45037 0.0051579 -0.000291421
27.57 0.793899 -0.0747339 0.29201 0.450607 0.00516276 -0.000279468
27.58 0.794322 -0.073679 0.292236 0.450869 0.00515278 -0.000274451
27.59 0.79473 -0.0727383 0.292488 0.450934 0.00514383 -0.000276173
27.6 0.795111 -0.0719929 0.292717 0.451243 0.00514429 -0.000268003
27.61 0.795477 -0.0714362 0.293043 0.451225 0.00512312 -0.000278853
27.62 0.795813 -0.0710302 0.293296 0.451645 0.00513413 -0.000261408
27.63 0.796137 -0.070874 0.293694 0.451662 0.0051058 -0.000272339
27.64 0.79644 -0.0708412 0.293976 0.452143 0.00512486 -0.000248459
27.65 0.79674 -0.0711045 0.294421 0.452167 0.0050937 -0.000258919
27.66 0.797029 -0.0714753 0.294729 0.452536 0.00511343 -0.000238863
27.67 0.797316 -0.0721371 0.295184 0.452538 0.00508445 -0.00025015
27.68 0.797593 -0.0728676 0.295534 0.452773 0.00509555 -0.000238953
27.69 0.797861 -0.0738093 0.295979 0.452881 0.00507575 -0.000243417
27.7 0.79812 -0.0747776 0.296379 0.453079 0.00507457 -0.000237113
27.71 0.798369 -0.0758448 0.296788 0.453343 0.00506911 -0.000226495
27.72 0.798622 -0.076939 0.297208 0.453474 0.00505552 -0.000226021
27.73 0.798869 -0.0780244 0.297546 0.45377 0.00506392 -0.000205783
27.74 0.799128 -0.0791482 0.297953 0.453773 0.00503732 -0.000217274
27.75 0.799379 -0.0801426 0.298207 0.454027 0.00505511 -0.000195237
27.76 0.799637 -0.0811462 0.298577 0.453989 0.00501916 -0.000213735
27.77 0.799881 -0.0819 0.298758 0.454254 0.00504092 -0.000188535
27.78 0.800127 -0.082618 0.299064 0.454319 0.00500499 -0.000202231
27.79 0.800364 -0.0830268 0.299183 0.454599 0.00502432 -0.000176094
27.8 0.800607 -0.083367 0.299378 0.454749 0.00499715 -0.000181148
27.81 0.800846 -0.0834172 0.299436 0.454907 0.00500578 -0.000165719
27.82 0.801085 -0.0833515 0.299502 0.455059 0.00498929 -0.000165197
27.83 0.801317 -0.0830484 0.29951 0.455078 0.00498197 -0.000167685
27.84 0.801535 -0.0825428 0.299458 0.455309 0.00497863 -0.000157176
27.85 0.801741 -0.0818692 0.29943 0.455327 0.00495749 -0.000169886
27.86 0.801929 -0.0809307 0.299278 0.455688 0.00496851 -0.000144729
27.87 0.802107 -0.0799347 0.299217 0.455736 0.0049369 -0.000162401
27.88 0.802268 -0.0786785 0.298982 0.456104 0.00495758 -0.000131971
27.89 0.802423 -0.0774822 0.298874 0.456127 0.00492101 -0.00015621
27.9 0.802563 -0.0760652 0.29859 0.456384 0.0049426 -0.000132416
27.91 0.80269 -0.0747711 0.298437 0.456437 0.004908 -0.000156558
27.92 0.802799 -0.0733236 0.298155 0.456626 0.0049236 -0.000142029
27.93 0.802887 -0.072011 0.297978 0.45685 0.00489831 -0.000153905
27.94 0.802961 -0.0706626 0.297741 0.45702 0.00490347 -0.000148738
27.95 0.803015 -0.0694443 0.297543 0.457393 0.0048929 -0.000143561
27.96 0.803068 -0.0683523 0.297362 0.457449 0.00488403 -0.000153173
27.97 0.803105 -0.0673776 0.297135 0.457827 0.00488947 -0.000138218
27.98 0.803147 -0.066668 0.297016 0.457755 0.00486574 -0.000166011
27.99 0.803167 -0.0660223 0.296792 0.458141 0.0048826 -0.000144145
28 0.80319 -0.0657178 0.29674 0.458096 0.00485011 -0.00017897
28.01 0.803191 -0.0654273 0.296557 0.458533 0.00487266 -0.000149327
28.02 0.803199 -0.0655124 0.296551 0.45859 0.00484024 -0.000179549
28.03 0.803197 -0.0656161 0.296416 0.458974 0.00486179 -0.000151842
28.04 0.803207 -0.0660774 0.296422 0.459067 0.00483557 -0.000175236
28.05 0.803216 -0.0665925 0.296337 0.459278 0.00484791 -0.000163199
28.06 0.803233 -0.0673603 0.296327 0.459399 0.0048327 -0.000176083
28.07 0.803253 -0.0682085 0.296293 0.459486 0.00483134 -0.000181328
28.08 0.803277 -0.0691453 0.296254 0.459741 0.00483148 -0.000175027
28.09 0.803306 -0.0701959 0.296269 0.459818 0.00481602 -0.000192904
28.1 0.803332 -0.0711758 0.296197 0.460193 0.00482822 -0.000167844
28.11 0.803372 -0.0723087 0.296213 0.46021 0.00480268 -0.000197205
28.12 0.803414 -0.0732449 0.296082 0.460543 0.00482227 -0.000164849
28.13 0.803469 -0.0743313 0.296055 0.460469 0.0047908 -0.000203056
28.14 0.803522 -0.0751264 0.29586 0.460735 0.00481222 -0.000173776
28.15 0.803581 -0.0759973 0.295766 0.460713 0.00478196 -0.000208192
28.16 0.803637 -0.0765368 0.295521 0.46098 0.00479979 -0.000184797
28.17 0.803693 -0.0770504 0.295341 0.461103 0.00477771 -0.000203556
28.18 0.80375 -0.077277 0.29505 0.461324 0.00478532 -0.000193026
28.19 0.803804 -0.0773756 0.294753 0.46152 0.0047759 -0.000195375
28.2 0.803864 -0.0772842 0.294404 0.461594 0.00476917 -0.000205714
28.21 0.803916 -0.0769603 0.293979 0.461795 0.00477326 -0.000195231
28.22 0.803972 -0.076548 0.293573 0.461777 0.00475358 -0.000225037
28.23 0.80401 -0.0758084 0.29305 0.462056 0.00476937 -0.000201608
28.24 0.804047 -0.0750733 0.292607 0.462106 0.00474071 -0.000239935
28.25 0.804065 -0.0739798 0.292018 0.462458 0.00476401 -0.000206695
28.26 0.804083 -0.0729791 0.291534 0.46257 0.00473199 -0.000245258
28.27 0.80409 -0.0716798 0.290892 0.462831 0.00475616 -0.000216079
28.28 0.804098 -0.0705315 0.290347 0.462942 0.00472838 -0.000253213
28.29 0.804099 -0.0691843 0.28969 0.463068 0.00474474 -0.000239732
28.3 0.804092 -0.067974 0.289098 0.463266 0.00472815 -0.000264945
28.31 0.804079 -0.0666944 0.288478 0.463357 0.00473182 -0.000266746
28.32 0.804051 -0.0655063 0.287869 0.463713 0.0047297 -0.000270082
28.33 0.804025 -0.064425 0.287305 0.463798 0.00472038 -0.000288576
28.34 0.803988 -0.0633918 0.286693 0.464213 0.0047317 -0.000273545
28.35 0.803964 -0.0626382 0.286176 0.464214 0.00471145 -0.00031115
28.36 0.803946 -0.0618834 0.285547 0.464562 0.00473634 -0.000284479
28.37 0.803952 -0.0615252 0.285067 0.464517 0.00471102 -0.000334143
28.38 0.80394 -0.0611298 0.284508 0.464834 0.0047324 -0.000304624
28.39 0.803934 -0.0611553 0.284087 0.464904 0.00470565 -0.000353679
28.4 0.803923 -0.0611367 0.283589 0.465221 0.00472549 -0.000324771
28.41 0.803924 -0.0615024 0.283194 0.465417 0.00470631 -0.000359424
28.42 0.803934 -0.0618893 0.282744 0.465608 0.00471928 -0.000343785
28.43 0.803959 -0.0625624 0.282342 0.46583 0.00471027 -0.000362844
28.44 0.803999 -0.0633392 0.281927 0.465842 0.00471189 -0.000371103
28.45 0.804048 -0.0642284 0.281507 0.466117 0.0047147 -0.000371016
28.46 0.804112 -0.0652811 0.281127 0.466068 0.00470424 -0.000398212
28.47 0.804179 -0.0662614 0.280685 0.466459 0.004719 -0.000375843
28.48 0.804263 -0.0674523 0.280329 0.466437 0.00469772 -0.000414938
28.49 0.804348 -0.0684326 0.279852 0.466862 0.00471987 -0.000379258
28.5 0.804454 -0.0696357 0.279468 0.46682 0.00469312 -0.000426096
28.51 0.804563 -0.0705428 0.278933 0.467125 0.00471566 -0.000391398
28.52 0.804689 -0.0716148 0.278474 0.467071 0.00469118 -0.000437303
28.53 0.804818 -0.0723566 0.277884 0.467276 0.00470874 -0.000412174
28.54 0.804951 -0.0731387 0.277348 0.467362 0.00469243 -0.000442904
28.55 0.805085 -0.0736318 0.276722 0.467549 0.00470053 -0.000432027
28.56 0.805215 -0.0740247 0.276106 0.467793 0.00469486 -0.000440918
28.57 0.805349 -0.0742387 0.275439 0.467898 0.00468924 -0.000451826
28.58 0.805476 -0.074214 0.27471 0.468165 0.00469634 -0.00044109
28.59 0.805609 -0.0741341 0.273982 0.468148 0.0046781 -0.000474514
28.6 0.805731 -0.073701 0.273137 0.468404 0.0046973 -0.000448187
28.61 0.805856 -0.0733196 0.272353 0.468385 0.00467213 -0.000496157
28.62 0.805966 -0.0725266 0.271436 0.468691 0.00469771 -0.000459804
28.63 0.806078 -0.0718588 0.270608 0.468788 0.00467223 -0.000509343
28.64 0.806202 -0.0708153 0.269623 0.469104 0.00470324 -0.000472248
28.65 0.806348 -0.0699378 0.268736 0.469262 0.00468543 -0.000513125
28.66 0.806466 -0.0688124 0.267802 0.469444 0.00469321 -0.000494205
28.67 0.806564 -0.067818 0.266886 0.4696 0.00468049 -0.000523642
28.68 0.80666 -0.0667276 0.265934 0.469667 0.00468264 -0.000526745
28.69 0.806746 -0.0656812 0.264985 0.469927 0.00468502 -0.000530802
28.7 0.806832 -0.0647293 0.264055 0.470015 0.00468079 -0.000553045
28.71 0.806908 -0.0637468 0.263121 0.470401 0.00469397 -0.000531994
28.72 0.80699 -0.0630529 0.262243 0.470488 0.00468056 -0.000573593
28.73 0.807065 -0.0622778 0.261331 0.470842 0.00470057 -0.000538763
28.74 0.807152 -0.0619127 0.260496 0.470868 0.00468111 -0.000591796
28.75 0.807239 -0.061453 0.259603 0.471108 0.00470645 -0.000553691
28.76 0.807337 -0.061435 0.258816 0.471169 0.00468609 -0.000605468
28.77 0.807438 -0.0613569 0.257971 0.471366 0.00471143 -0.000573526
28.78 0.807547 -0.0616644 0.25724 0.471594 0.00469558 -0.000610921
28.79 0.807662 -0.0619872 0.256475 0.471759 0.00471197 -0.000591937
28.8 0.807783 -0.0625786 0.255776 0.47209 0.00470514 -0.000606243
28.81 0.807921 -0.0632982 0.255066 0.472103 0.00470862 -0.000608962
28.82 0.808064 -0.0641334 0.25436 0.472413 0.00471291 -0.000602245
28.83 0.808233 -0.0651948 0.253669 0.472299 0.0047073 -0.00063023
28.84 0.808403 -0.066191 0.252954 0.472643 0.00472171 -0.000604289
28.85 0.808594 -0.0674531 0.252286 0.47258 0.00470877 -0.000645897
28.86 0.808782 -0.0685024 0.251568 0.472984 0.0047287 -0.00060292
28.87 0.808987 -0.0698207 0.250911 0.473006 0.0047093 -0.000648112
28.88 0.80919 -0.0708577 0.250164 0.473329 0.00472906 -0.000603097
28.89 0.809409 -0.0721063 0.249462 0.473362 0.0047101 -0.000646245
28.9 0.809629 -0.0730637 0.248656 0.473513 0.00472557 -0.000613821
28.91 0.809862 -0.0740978 0.247867 0.473601 0.00471524 -0.000643121
28.92 0.810094 -0.0748867 0.247004 0.473671 0.00472378 -0.000629035
28.93 0.810324 -0.075581 0.246144 0.47393 0.00472234 -0.000633997
28.94 0.810552 -0.0761295 0.245235 0.474004 0.00472173 -0.000640176
28.95 0.81077 -0.0764268 0.244309 0.474374 0.00472592 -0.000620717
28.96 0.810985 -0.0767006 0.243337 0.474368 0.00471649 -0.000648201
28.97 0.811191 -0.0766126 0.24231 0.474687 0.0047274 -0.000613577
28.98 0.811396 -0.0765978 0.241255 0.474605 0.00471386 -0.00065821
28.99 0.811591 -0.0761617 0.240131 0.474896 0.00473115 -0.000616477
29 0.81178 -0.0758397 0.239017 0.474904 0.00471791 -0.000662808
29.01 0.811955 -0.0751209 0.237846 0.475228 0.00473462 -0.000621035
29.02 0.812116 -0.0745199 0.236704 0.475377 0.00472312 -0.000656053
29.03 0.812268 -0.0736425 0.235509 0.475638 0.00473403 -0.000627644
29.04 0.812441 -0.0728509 0.234293 0.475832 0.00473732 -0.000644658
29.05 0.812648 -0.0719646 0.233044 0.475932 0.00474858 -0.000637666
29.06 0.812819 -0.0711043 0.231892 0.476142 0.00474177 -0.000638454
29.07 0.812976 -0.0703183 0.230672 0.476168 0.00474246 -0.0006579
29.08 0.813122 -0.0694633 0.229516 0.476479 0.00474902 -0.000635178
29.09 0.813268 -0.0688331 0.228345 0.476573 0.00474336 -0.000666889
29.1 0.813403 -0.0680923 0.227205 0.476946 0.00476075 -0.000622875
29.11 0.813548 -0.0677158 0.226097 0.477057 0.00474834 -0.000663968
29.12 0.813687 -0.0672473 0.224988 0.477311 0.00476806 -0.000618618
29.13 0.81384 -0.0671915 0.223918 0.477396 0.00475683 -0.000663768
29.14 0.813997 -0.0670725 0.222845 0.477519 0.00477558 -0.000624903
29.15 0.814165 -0.0673221 0.221821 0.477699 0.00477157 -0.000656821
29.16 0.814339 -0.0675835 0.220815 0.477802 0.00478444 -0.000628822
29.17 0.814517 -0.0681243 0.219865 0.478133 0.00478544 -0.000639748
29.18 0.814703 -0.0687821 0.218927 0.478203 0.00478938 -0.000631503
29.19 0.814892 -0.0695785 0.218032 0.478558 0.00479337 -0.000618772
29.2 0.815096 -0.0705944 0.217114 0.478515 0.00479193 -0.000633251
29.21 0.815307 -0.0716018 0.216231 0.478794 0.00480076 -0.000602083
29.22 0.815535 -0.0728893 0.215308 0.478718 0.00479854 -0.000635886
29.23 0.815767 -0.0740294 0.214428 0.478994 0.00481118 -0.000591391
29.24 0.816011 -0.0754406 0.213522 0.479054 0.00480753 -0.000630014
29.25 0.81625 -0.0766179 0.212652 0.479336 0.0048178 -0.000578165
29.26 0.816495 -0.0780148 0.211751 0.4795 0.00481183 -0.000611908
29.27 0.816736 -0.079169 0.210844 0.479636 0.00481815 -0.000568913
29.28 0.816982 -0.0804361 0.209897 0.479812 0.00481429 -0.000593416
29.29 0.817229 -0.0814927 0.208904 0.479788 0.00482069 -0.000569945
29.3 0.817477 -0.0825041 0.207898 0.480046 0.0048218 -0.000575704
29.31 0.81772 -0.0833681 0.206829 0.480005 0.00482734 -0.00057164
29.32 0.817955 -0.0840322 0.205787 0.480407 0.00483024 -0.000553428
29.33 0.818177 -0.0846367 0.204667 0.480397 0.00483056 -0.000567001
29.34 0.818386 -0.0849315 0.203575 0.48082 0.00483354 -0.000531382
29.35 0.818584 -0.0852512 0.202387 0.480769 0.00483017 -0.000561621
29.36 0.818773 -0.0851999 0.201203 0.481075 0.00483634 -0.000518953
29.37 0.818954 -0.0852177 0.199934 0.481029 0.00483543 -0.000556825
29.38 0.819127 -0.08486 0.198669 0.481274 0.00484495 -0.000513083
29.39 0.819286 -0.0845787 0.197367 0.481399 0.00484673 -0.000544401
29.4 0.819433 -0.0839965 0.196068 0.48164 0.00485337 -0.000507813
29.41 0.81956 -0.0834762 0.194774 0.481911 0.00485487 -0.000525488
29.42 0.819677 -0.0827854 0.19345 0.482039 0.00485595 -0.000506316
29.43 0.819779 -0.0821105 0.192145 0.482311 0.00486081 -0.000505801
29.44 0.819882 -0.0814245 0.190785 0.482302 0.00486115 -0.000507654
29.45 0.819977 -0.0807132 0.189475 0.482583 0.00487198 -0.000490755
29.46 0.820077 -0.0801424 0.18812 0.482589 0.00487333 -0.000512934
29.47 0.820169 -0.0794888 0.186851 0.482939 0.00488531 -0.00047693
29.48 0.820263 -0.0790944 0.185551 0.483045 0.00488552 -0.000506594
29.49 0.820349 -0.0786134 0.184346 0.483373 0.00489262 -0.000458576
29.5 0.820439 -0.0784848 0.183104 0.483495 0.00489295 -0.000493022
29.51 0.82053 -0.0783071 0.181926 0.483662 0.00489785 -0.000450345
29.52 0.820633 -0.0784866 0.180725 0.483776 0.00490349 -0.00048099
29.53 0.820743 -0.0786686 0.17957 0.483848 0.00490868 -0.00044936
29.54 0.820866 -0.0791495 0.178446 0.484083 0.00491866 -0.000463939
29.55 0.820991 -0.0797065 0.177354 0.484179 0.00492023 -0.000446075
29.56 0.821123 -0.0804662 0.176332 0.484517 0.00492817 -0.000439089
29.57 0.821256 -0.0813859 0.175293 0.484575 0.00492457 -0.000439412
29.58 0.821398 -0.0823959 0.174326 0.484853 0.00493098 -0.00041491
29.59 0.821549 -0.0836313 0.173288 0.484833 0.00492889 -0.000435721
29.6 0.821714 -0.084833 0.172326 0.485021 0.00493753 -0.000398854
29.61 0.821887 -0.0862751 0.171287 0.48506 0.0049394 -0.000431201
29.62 0.822068 -0.087576 0.170331 0.485241 0.00494745 -0.000385203
29.63 0.822249 -0.0890912 0.169321 0.485445 0.00494902 -0.000417384
29.64 0.822427 -0.0904066 0.168368 0.48559 0.00495084 -0.000371593
29.65 0.8226 -0.0918732 0.167363 0.485867 0.00495155 -0.000397724
29.66 0.822771 -0.093131 0.166356 0.485852 0.00494937 -0.000365275
29.67 0.82294 -0.0944331 0.165302 0.486118 0.00495478 -0.000380547
29.68 0.823109 -0.0955496 0.164202 0.486011 0.00495445 -0.000367108
29.69 0.823274 -0.0965738 0.163098 0.486354 0.00496456 -0.000363278
29.7 0.823431 -0.0974651 0.161934 0.486324 0.00496427 -0.000366903
29.71 0.823573 -0.0981402 0.160809 0.486739 0.00497114 -0.000342092
29.72 0.823698 -0.0987635 0.159599 0.486774 0.00496838 -0.000363049
29.73 0.823807 -0.0990841 0.158428 0.487093 0.00497067 -0.000326926
29.74 0.823904 -0.0994177 0.157145 0.48713 0.00497164 -0.000361431
29.75 0.823996 -0.0994196 0.155898 0.487296 0.00497284 -0.000325986
29.76 0.824086 -0.0994625 0.154551 0.487419 0.00498196 -0.000365722
29.77 0.824165 -0.0991315 0.153232 0.487537 0.00498486 -0.000321159
29.78 0.824234 -0.0988543 0.151877 0.487841 0.00499682 -0.0003402
29.79 0.824284 -0.098356 0.150545 0.487947 0.00499426 -0.000311629
29.8 0.824321 -0.0979316 0.149218 0.488333 0.00500323 -0.000329076
29.81 0.824343 -0.0973872 0.147863 0.488328 0.00499908 -0.000326112
29.82 0.82436 -0.0968312 0.14654 0.488656 0.00500813 -0.000322075
29.83 0.824374 -0.0962823 0.145155 0.48858 0.00501041 -0.000329721
29.84 0.82439 -0.0957043 0.143851 0.488904 0.00502046 -0.000304737
29.85 0.824407 -0.0953055 0.142492 0.488926 0.00502828 -0.00033067
29.86 0.824422 -0.0948591 0.141255 0.489278 0.00503257 -0.000297843
29.87 0.824435 -0.0946838 0.139975 0.489404 0.0050401 -0.000332965
29.88 0.824445 -0.0944376 0.1388 0.489657 0.00503736 -0.000291945
29.89 0.824461 -0.0945229 0.137586 0.48979 0.00504652 -0.000324033
29.9 0.824483 -0.0945783 0.136426 0.489875 0.00504425 -0.000287863
29.91 0.824523 -0.094982 0.135266 0.490038 0.00505846 -0.000314975
29.92 0.824572 -0.0954078 0.134129 0.490071 0.00505886 -0.000293767
29.93 0.824635 -0.0961145 0.133056 0.490357 0.0050731 -0.000304733
29.94 0.8247 -0.096901 0.131979 0.490433 0.00507092 -0.000297167
29.95 0.824771 -0.0978687 0.131 0.490759 0.00507874 -0.000286557
29.96 0.824843 -0.0989959 0.129963 0.490802 0.00507519 -0.000297359
29.97 0.824924 -0.100192 0.129014 0.491005 0.00507938 -0.000272859
29.98 0.825015 -0.101603 0.127967 0.491023 0.0050829 -0.000302762
29.99 0.825121 -0.102966 0.127013 0.491144 0.00508632 -0.000271581
30 0.825248 -0.104582 0.125985 0.49129 0.00509415 -0.00032043
30.01 0.825385 -0.105997 0.125029 0.491416 0.0050933 -0.000283737
30.02 0.825521 -0.107517 0.124001 0.4917 0.00510505 -0.000300492
30.03 0.825649 -0.10883 0.123025 0.491762 0.00509649 -0.000250277
30.04 0.825774 -0.11033 0.121994 0.492048 0.00510725 -0.000275729
30.05 0.82589 -0.11167 0.12094 0.491998 0.00510045 -0.000270126
30.06 0.826005 -0.113009 0.119868 0.492252 0.00511316 -0.000292496
30.07 0.826108 -0.114114 0.118722 0.492216 0.0051135 -0.000291752
30.08 0.826205 -0.11507 0.117626 0.492516 0.00512238 -0.00027646
30.09 0.826283 -0.115901 0.116428 0.492617 0.00512639 -0.000285417
30.1 0.826347 -0.116545 0.115319 0.492911 0.00512601 -0.000263754
30.11 0.826388 -0.117146 0.114076 0.493073 0.0051326 -0.00029943
30.12 0.826414 -0.117442 0.112906 0.49321 0.00512743 -0.000272335
30.13 0.826429 -0.117714 0.111597 0.493387 0.00514112 -0.000309395
30.14 0.826433 -0.117645 0.110344 0.493408 0.00513811 -0.000272569
30.15 0.826435 -0.117626 0.109004 0.493705 0.00515779 -0.00030706
30.16 0.826421 -0.117317 0.107711 0.493732 0.00515503 -0.000279755
30.17 0.8264 -0.117078 0.106402 0.494158 0.00517105 -0.000309172
30.18 0.826357 -0.116602 0.105101 0.494171 0.00516664 -0.000293161
30.19 0.826309 -0.116176 0.103829 0.494578 0.00517545 -0.000304455
30.2 0.826249 -0.115635 0.1025 0.494518 0.00517697 -0.000302376
30.21 0.826197 -0.115137 0.101239 0.494821 0.00518403 -0.000298505
30.22 0.826146 -0.114677 0.0998956 0.494787 0.00519684 -0.000317331
30.23 0.826106 -0.114216 0.0986717 0.495066 0.00520082 -0.000298753
30.24 0.826065 -0.113922 0.0973872 0.495196 0.0052186 -0.000328882
30.25 0.826025 -0.113583 0.0962486 0.495443 0.00521202 -0.000295103
30.26 0.825986 -0.113534 0.0950515 0.495664 0.00523 -0.000330335
30.27 0.825948 -0.113434 0.0939704 0.495749 0.0052167 -0.000294953
30.28 0.825939 -0.11375 0.0928502 0.495965 0.0052359 -0.000346212
30.29 0.825953 -0.114009 0.0917916 0.495924 0.00522624 -0.000331104
30.3 0.825992 -0.114503 0.0907004 0.49619 0.00525376 -0.000341661
30.31 0.826041 -0.114973 0.0896702 0.496176 0.00524856 -0.000304005
30.32 0.826103 -0.115804 0.0886896 0.496513 0.00526562 -0.000307252
30.33 0.826163 -0.116791 0.0877071 0.49656 0.00526544 -0.000321352
30.34 0.826226 -0.117962 0.0868264 0.496844 0.00526697 -0.000327628
30.35 0.826286 -0.119229 0.0858535 0.496881 0.00527624 -0.000349419
30.36 0.82635 -0.120482 0.0850065 0.497022 0.00526739 -0.000317036
30.37 0.826424 -0.121935 0.0840102 0.497086 0.00529077 -0.000339924
30.38 0.8265 -0.123334 0.0831556 0.497177 0.00527878 -0.00030754
30.39 0.826586 -0.124988 0.0821666 0.497388 0.00530925 -0.000352355
30.4 0.826654 -0.126437 0.0813093 0.497498 0.00529201 -0.000324452
30.41 0.826722 -0.128052 0.0803537 0.497791 0.005317 -0.000357975
30.42 0.826763 -0.129383 0.0794552 0.497835 0.00529848 -0.000325803
30.43 0.826808 -0.130839 0.0784847 0.498074 0.00531868 -0.000345609
30.44 0.826834 -0.132056 0.0774798 0.498061 0.00531244 -0.000335826
30.45 0.826868 -0.133287 0.0764674 0.498268 0.00532889 -0.000347769
30.46 0.826884 -0.134302 0.075363 0.498344 0.00533774 -0.000357639
30.47 0.826895 -0.135169 0.0743446 0.498575 0.00534122 -0.000345657
30.48 0.826882 -0.135902 0.0731872 0.49879 0.0053581 -0.000366925
30.49 0.826853 -0.136373 0.072161 0.49896 0.00534631 -0.000337836
30.5 0.826806 -0.136828 0.0709469 0.499216 0.00537083 -0.00037533
30.51 0.826745 -0.136931 0.069857 0.499232 0.00535407 -0.000341866
30.52 0.826682 -0.137089 0.0685763 0.499501 0.00538849 -0.000385659
30.53 0.82661 -0.136858 0.067414 0.499462 0.00537482 -0.000350984
30.54 0.82654 -0.136723 0.0661275 0.499835 0.00541067 -0.00038548
30.55 0.826453 -0.136261 0.0649438 0.49986 0.00539917 -0.000359634
30.56 0.826364 -0.135896 0.0637178 0.500274 0.00542292 -0.00037966
30.57 0.826257 -0.135323 0.0625191 0.500309 0.0054175 -0.000372437
30.58 0.826151 -0.134798 0.0613465 0.500603 0.00542776 -0.000373538
30.59 0.826046 -0.134225 0.0601049 0.50063 0.00543924 -0.0003858
30.6 0.825949 -0.133639 0.058972 0.500797 0.00544029 -0.00036681
30.61 0.825864 -0.133185 0.0577206 0.500931 0.00546932 -0.000396153
30.62 0.825783 -0.132665 0.0566647 0.501062 0.00545838 -0.000362475
30.63 0.825712 -0.132421 0.0554771 0.501354 0.00549433 -0.000400777
30.64 0.825648 -0.13213 0.054537 0.501431 0.00546797 -0.000372629
30.65 0.825609 -0.132178 0.0534426 0.501758 0.00550334 -0.000420479
30.66 0.825569 -0.13205 0.0525168 0.501697 0.00548156 -0.000371032
30.67 0.825556 -0.13227 0.0514863 0.501972 0.00551444 -0.000381563
30.68 0.825547 -0.132535 0.0505611 0.501865 0.00550532 -0.000354873
30.69 0.825566 -0.133193 0.049616 0.502174 0.00553221 -0.000380379
30.7 0.825581 -0.133921 0.0487213 0.502172 0.00553501 -0.000388628
30.71 0.825602 -0.134811 0.0479054 0.502502 0.00554182 -0.000383948
30.72 0.825614 -0.135807 0.0470495 0.502565 0.00555309 -0.000388518
30.73 0.825624 -0.136867 0.0463257 0.502771 0.00554001 -0.000354827
30.74 0.825638 -0.138186 0.0454469 0.502832 0.00556905 -0.000382678
30.75 0.825653 -0.13947 0.0447393 0.5029 0.00554849 -0.0003541
30.76 0.825682 -0.141008 0.0438274 0.503039 0.00559395 -0.000396722
30.77 0.825698 -0.142344 0.0431223 0.503095 0.00556942 -0.00035858
30.78 0.825719 -0.143898 0.0422373 0.503377 0.00561366 -0.000388285
30.79 0.825713 -0.145206 0.0415253 0.503456 0.00558744 -0.000350727
30.8 0.825704 -0.146694 0.0406757 0.503762 0.00561974 -0.000374507
30.81 0.825667 -0.147935 0.0398885 0.50378 0.0056041 -0.000358335
30.82 0.825633 -0.149211 0.039025 0.503986 0.00562571 -0.000368269
30.83 0.825581 -0.150268 0.0381107 0.504005 0.00563288 -0.000368686
30.84 0.825531 -0.151202 0.0372349 0.504186 0.0056408 -0.000354569
30.85 0.825465 -0.152016 0.0362248 0.504354 0.0056684 -0.000371595
30.86 0.825383 -0.15258 0.0353733 0.504548 0.00565519 -0.000342562
30.87 0.825283 -0.153112 0.0343093 0.504826 0.0056938 -0.000374973
30.88 0.825159 -0.153277 0.0334518 0.504927 0.00566536 -0.000336579
30.89 0.825028 -0.153477 0.0323309 0.505191 0.00571199 -0.000372859
30.9 0.824881 -0.153268 0.0314014 0.505181 0.00568542 -0.000332875
30.91 0.824741 -0.153142 0.0302436 0.505443 0.00573547 -0.000364594
30.92 0.824587 -0.152657 0.0292416 0.505466 0.00571966 -0.000335469
30.93 0.824436 -0.152246 0.028127 0.505791 0.00575793 -0.000353096
30.94 0.824267 -0.151582 0.0270937 0.50592 0.00575315 -0.000339309
30.95 0.824092 -0.150941 0.0260739 0.506207 0.00576777 -0.000335828
30.96 0.823907 -0.150205 0.0250022 0.506348 0.00577991 -0.000340226
30.97 0.82372 -0.14944 0.0240491 0.506465 0.00577599 -0.000318832
30.98 0.823544 -0.148752 0.022927 0.506616 0.00581159 -0.000341357
30.99 0.823368 -0.147989 0.0220276 0.506644 0.00579681 -0.00030611
31 0.82321 -0.147452 0.020923 0.506925 0.0058463 -0.000338378
31.01 0.823041 -0.146814 0.0201072 0.506958 0.00582078 -0.000294477
31.02 0.822886 -0.1465 0.0190955 0.507339 0.00586824 -0.000326574
31.03 0.822712 -0.146105 0.0183474 0.507316 0.00583881 -0.000285167
31.04 0.822558 -0.146062 0.0174323 0.507647 0.00587881 -0.000309734
31.05 0.822395 -0.146 0.016686 0.507539 0.00586276 -0.000281231
31.06 0.822258 -0.146252 0.0158613 0.507794 0.00589249 -0.000291549
31.07 0.822119 -0.146569 0.0150977 0.507737 0.00589869 -0.000279414
31.08 0.821994 -0.147115 0.0143988 0.507998 0.00590898 -0.000270636
31.09 0.821864 -0.147817 0.0136537 0.508098 0.00593183 -0.000275323
31.1 0.821731 -0.148623 0.0130869 0.508312 0.00591777 -0.000248855
31.11 0.821592 -0.149657 0.0123553 0.508474 0.0059537 -0.000268878
31.12 0.821446 -0.15066 0.0118501 0.508517 0.00592517 -0.000230515
31.13 0.821321 -0.151961 0.0111113 0.508691 0.00597346 -0.000268179
31.14 0.8212 -0.153124 0.0106073 0.508644 0.00594417 -0.000235855
31.15 0.821091 -0.154445 0.00984432 0.508918 0.00600118 -0.000252125
31.16 0.820966 -0.15557 0.00931935 0.508919 0.00597549 -0.000202911
31.17 0.820837 -0.156894 0.00861513 0.509273 0.00601713 -0.000216317
31.18 0.820681 -0.158073 0.00803916 0.509308 0.00600379 -0.000201462
31.19 0.820515 -0.159292 0.00738433 0.509598 0.00602371 -0.000214101
31.2 0.820329 -0.160295 0.00669895 0.509615 0.00603278 -0.000207879
31.21 0.820135 -0.161168 0.00604995 0.509791 0.00603457 -0.000189661
31.22 0.819934 -0.161898 0.00524926 0.509873 0.00606739 -0.000188745
31.23 0.81972 -0.162431 0.00460365 0.510037 0.00605204 -0.000159614
31.24 0.8195 -0.162942 0.00371719 0.510276 0.00610418 -0.000186438
31.25 0.819253 -0.163139 0.00307802 0.510439 0.00607383 -0.000160247
31.26 0.818968 -0.163274 0.0022001 0.510725 0.00612107 -0.000185575
31.27 0.818629 -0.16301 0.00154316 0.510789 0.00608271 -0.000145402
31.28 0.818311 -0.162736 0.000573455 0.511022 0.00614272 -0.000158101
31.29 0.817986 -0.162149 -0.000196627 0.511046 0.00612338 -0.000126932
31.3 0.817667 -0.161607 -0.00113949 0.511288 0.00617013 -0.000142124
31.31 0.81733 -0.160809 -0.00196976 0.511403 0.00616763 -0.000129811
31.32 0.816987 -0.159998 -0.00280855 0.511661 0.00618627 -0.000127844
31.33 0.816624 -0.159021 -0.0036725 0.511858 0.00620068 -0.000120543
31.34 0.816252 -0.158015 -0.00440904 0.512017 0.00619206 -9.78933e-05
31.35 0.815877 -0.15702 -0.00531965 0.512215 0.00622909 -0.000107282
31.36 0.815497 -0.155982 -0.00599316 0.512227 0.00620453 -7.88465e-05
31.37 0.81513 -0.155088 -0.00692725 0.512458 0.00626134 -0.000101978
31.38 0.814753 -0.154117 -0.00754069 0.512442 0.00622893 -6.4574e-05
31.39 0.81439 -0.153391 -0.00841362 0.51278 0.00628816 -8.59327e-05
31.4 0.814007 -0.152606 -0.00895728 0.512797 0.00625324 -4.62932e-05
31.41 0.813634 -0.152136 -0.00971507 0.513139 0.00630029 -6.3355e-05
31.42 0.813246 -0.151658 -0.0102334 0.51312 0.00627584 -3.52457e-05
31.43 0.812868 -0.151477 -0.0108772 0.513339 0.00630657 -4.20662e-05
31.44 0.812486 -0.151363 -0.0114276 0.513325 0.00630781 -2.84636e-05
31.45 0.812112 -0.151476 -0.0119432 0.513464 0.00631696 -1.83112e-05
31.46 0.811737 -0.151748 -0.0125215 0.513584 0.00634551 -1.94064e-05
31.47 0.811354 -0.152156 -0.0128876 0.5137 0.00632738 5.45437e-06
31.48 0.810968 -0.152785 -0.0134591 0.513956 0.00637347 -8.43592e-06
31.49 0.810562 -0.153446 -0.0137174 0.513987 0.00633531 2.56869e-05
31.5 0.810158 -0.154341 -0.0142803 0.51426 0.006391 6.02809e-06
31.51 0.809733 -0.155186 -0.0145212 0.514169 0.00635105 4.21852e-05
31.52 0.809318 -0.156239 -0.015078 0.514437 0.00640948 2.31224e-05
31.53 0.808882 -0.157197 -0.0153573 0.514354 0.00638091 5.28651e-05
31.54 0.808447 -0.158282 -0.0158631 0.514692 0.00642647 4.22187e-05
31.55 0.807986 -0.159254 -0.0162 0.514713 0.00641428 6.1901e-05
31.56 0.807513 -0.16023 -0.0166185 0.51505 0.00643195 6.53091e-05
31.57 0.807024 -0.16104 -0.0170294 0.515108 0.00643714 8.45209e-05
31.58 0.806531 -0.16176 -0.0173995 0.515317 0.00642802 0.000106848
31.59 0.806037 -0.162469 -0.0179901 0.515393 0.00647344 8.85794e-05
31.6 0.805533 -0.162992 -0.0183684 0.515507 0.00645126 9.50203e-05
31.61 0.805018 -0.163374 -0.0190445 0.515696 0.00651283 7.88133e-05
31.62 0.804473 -0.163425 -0.0194142 0.515814 0.00647569 0.000117095
31.63 0.803915 -0.163396 -0.0201061 0.516132 0.00653625 0.000114965
31.64 0.80332 -0.163112 -0.0205008 0.516234 0.00649547 0.000144169
31.65 0.802717 -0.162789 -0.0211934 0.516543 0.00654797 0.000127417
31.66 0.802086 -0.16219 -0.0216835 0.516563 0.0065228 0.000140915
31.67 0.801452 -0.161481 -0.0223548 0.516791 0.00655899 0.000138452
31.68 0.800801 -0.160538 -0.0229618 0.516832 0.00656089 0.000154577
31.69 0.800117 -0.159514 -0.0235239 0.517056 0.0065639 0.000166002
31.7 0.799396 -0.158384 -0.0241835 0.517232 0.00658549 0.000165788
31.71 0.798678 -0.157178 -0.0247166 0.517438 0.00657655 0.000181361
31.72 0.797965 -0.155946 -0.0254314 0.517676 0.00661991 0.000173324
31.73 0.797233 -0.154634 -0.0258735 0.517755 0.00658777 0.000199017
31.74 0.796506 -0.153395 -0.0265959 0.517966 0.00664378 0.000188846
31.75 0.795766 -0.152131 -0.0269874 0.517946 0.00660384 0.000213782
31.76 0.795032 -0.151017 -0.0276656 0.518175 0.006662 0.000201678
31.77 0.794287 -0.149932 -0.0280374 0.518197 0.00662929 0.000221512
31.78 0.793543 -0.149025 -0.0285891 0.518478 0.00667071 0.000216133
31.79 0.792783 -0.148193 -0.0289427 0.518575 0.00665159 0.000232773
31.8 0.792022 -0.147564 -0.029344 0.518787 0.00666828 0.000235491
31.81 0.791252 -0.14706 -0.0297077 0.518873 0.00667073 0.000242874
31.82 0.790481 -0.146756 -0.0299909 0.51893 0.00666736 0.000251344
31.83 0.789713 -0.146617 -0.030383 0.519052 0.00669585 0.000248513
31.84 0.788937 -0.146646 -0.0305587 0.51906 0.00667485 0.000264296
31.85 0.788164 -0.146855 -0.030939 0.519326 0.00671956 0.000256407
31.86 0.787368 -0.147189 -0.0310123 0.519344 0.00668268 0.000277611
31.87 0.786572 -0.147689 -0.0313443 0.519683 0.00673003 0.000268056
31.88 0.785746 -0.148263 -0.0313754 0.519636 0.00669002 0.000289289
31.89 0.784926 -0.148969 -0.031668 0.519925 0.00673384 0.000279065
31.9 0.78408 -0.149691 -0.0317344 0.519824 0.00670723 0.000296874
31.91 0.783238 -0.150497 -0.0319864 0.520079 0.00674082 0.000289756
31.92 0.782382 -0.151212 -0.032093 0.520072 0.0067279 0.000313251
31.93 0.781529 -0.151946 -0.0322691 0.520352 0.00673766 0.000323588
31.94 0.78066 -0.152703 -0.0324936 0.52049 0.00675637 0.000315104
31.95 0.779778 -0.153402 -0.032608 0.5207 0.00674335 0.000307641
31.96 0.778867 -0.153942 -0.0329076 0.520877 0.00677875 0.000301037
31.97 0.777936 -0.154273 -0.0330004 0.520928 0.00674785 0.000325054
31.98 0.776988 -0.154471 -0.0333783 0.521142 0.00679691 0.000329384
31.99 0.776017 -0.154524 -0.0335023 0.521146 0.00676215 0.000346503
32 0.775032 -0.15448 -0.0339206 0.521481 0.00681388 0.000330201
32.01 0.774017 -0.154216 -0.0340883 0.521533 0.0067816 0.000338308
32.02 0.772984 -0.153773 -0.0344877 0.521917 0.00681936 0.000332773
32.03 0.771924 -0.153086 -0.0347276 0.52196 0.00679824 0.000350895
32.04 0.770848 -0.152253 -0.0351008 0.522249 0.00681748 0.000355651
32.05 0.769758 -0.151272 -0.0354568 0.522266 0.00682 0.000359383
32.06 0.768655 -0.150171 -0.0358009 0.522463 0.00682087 0.000359575
32.07 0.767546 -0.148946 -0.0362528 0.522569 0.00684712 0.000354948
32.08 0.766417 -0.147605 -0.0365358 0.522755 0.00682665 0.000364393
32.09 0.765282 -0.146181 -0.037016 0.522989 0.00686523 0.000364738
32.1 0.764124 -0.144719 -0.0372387 0.523136 0.00682883 0.000378184
32.11 0.762965 -0.143254 -0.0377029 0.523378 0.00687049 0.000372603
32.12 0.761788 -0.141806 -0.0379131 0.523409 0.00683393 0.000381472
32.13 0.760619 -0.140403 -0.0383405 0.523592 0.00687365 0.000374523
32.14 0.759438 -0.13906 -0.038562 0.523588 0.00684843 0.000383328
32.15 0.758264 -0.137815 -0.0389051 0.523793 0.00687662 0.000382203
32.16 0.757077 -0.136696 -0.0391181 0.523893 0.00686468 0.000387629
32.17 0.755888 -0.135724 -0.0393264 0.524113 0.00687069 0.000388691
32.18 0.754687 -0.134899 -0.0395239 0.524268 0.00687359 0.00039005
32.19 0.753481 -0.134251 -0.0396074 0.524363 0.00685868 0.000393288
32.2 0.752273 -0.133744 -0.0398101 0.524493 0.00688075 0.000393026
32.21 0.751062 -0.133442 -0.0398136 0.524466 0.00685492 0.000398029
32.22 0.749854 -0.133286 -0.0400037 0.524664 0.00689047 0.000393665
32.23 0.748632 -0.133326 -0.0399411 0.524656 0.00685822 0.000399659
32.24 0.74741 -0.133491 -0.0400728 0.524972 0.00689342 0.00039417
32.25 0.746165 -0.133807 -0.0399629 0.524993 0.00685919 0.000402043
32.26 0.744915 -0.134208 -0.0400253 0.525287 0.00688553 0.000399364
32.27 0.743647 -0.134717 -0.0399316 0.525267 0.00686228 0.000405233
32.28 0.742385 -0.135227 -0.0399214 0.525457 0.00687194 0.000412153
32.29 0.741119 -0.135784 -0.0398893 0.525475 0.00686733 0.000423339
32.3 0.739854 -0.136441 -0.0398729 0.525628 0.00687214 0.00040897
32.31 0.738577 -0.13707 -0.0399042 0.525802 0.00688706 0.000397327
32.32 0.737276 -0.137624 -0.0398282 0.525938 0.00687077 0.000394604
32.33 0.735953 -0.138007 -0.0398958 0.526232 0.00689435 0.000405395
32.34 0.734603 -0.138315 -0.0397981 0.52627 0.00686359 0.000419296
32.35 0.733236 -0.138498 -0.0399196 0.526572 0.00689482 0.000418784
32.36 0.731847 -0.13861 -0.0398672 0.526508 0.00686412 0.00041548
32.37 0.730445 -0.138517 -0.0400377 0.526824 0.00689762 0.000406637
32.38 0.729021 -0.138272 -0.0400512 0.526789 0.00687342 0.000409649
32.39 0.72758 -0.137785 -0.0402255 0.527167 0.00689684 0.000413317
32.4 0.726116 -0.137154 -0.0403016 0.527227 0.00688177 0.000422313
32.41 0.724633 -0.136354 -0.0404517 0.527571 0.00688744 0.000419664
32.42 0.723131 -0.135394 -0.0406026 0.527647 0.00688665 0.000421331
32.43 0.721615 -0.134291 -0.0407416 0.527842 0.00687783 0.000416245
32.44 0.720092 -0.13301 -0.0409715 0.527927 0.00689407 0.00041959
32.45 0.718553 -0.131639 -0.0410969 0.528039 0.0068741 0.000420978
32.46 0.717013 -0.130144 -0.0413684 0.528251 0.00690132 0.000423233
32.47 0.715453 -0.128641 -0.0414533 0.528368 0.00686988 0.000422277
32.48 0.713891 -0.127044 -0.0417166 0.528676 0.0068987 0.000422216
32.49 0.712311 -0.125492 -0.041767 0.52873 0.00686265 0.00042197
32.5 0.710734 -0.123888 -0.0419924 0.528983 0.00688727 0.000423306
32.51 0.709149 -0.12238 -0.0420487 0.528948 0.00686117 0.000425391
32.52 0.70757 -0.120916 -0.0422055 0.529145 0.00687558 0.000422699
32.53 0.705986 -0.119579 -0.0422753 0.529159 0.00686537 0.000423333
32.54 0.704404 -0.118355 -0.0423286 0.529372 0.00686201 0.000419644
32.55 0.702815 -0.117267 -0.0423942 0.529504 0.0068654 0.000421146
32.56 0.701223 -0.116335 -0.0423332 0.529667 0.00684305 0.000420922
32.57 0.69963 -0.115545 -0.042388 0.52983 0.00685911 0.000422737
32.58 0.698033 -0.114964 -0.0422414 0.529859 0.0068255 0.000420267
32.59 0.69644 -0.114503 -0.0422777 0.530016 0.00685131 0.000420985
32.6 0.694843 -0.114278 -0.0420888 0.529987 0.00681701 0.000416152
32.61 0.693247 -0.114137 -0.0420698 0.530206 0.00684129 0.000417583
32.62 0.691642 -0.114215 -0.0418668 0.53024 0.0068131 0.000415524
32.63 0.690032 -0.114358 -0.041761 0.530507 0.00682423 0.0004166
32.64 0.68841 -0.114666 -0.041569 0.530593 0.00680689 0.000416301
32.65 0.68678 -0.115016 -0.0413904 0.530777 0.00680306 0.000415698
32.66 0.685143 -0.115458 -0.0412446 0.530862 0.00680221 0.000414825
32.67 0.683496 -0.115912 -0.0410265 0.530927 0.00678679 0.000413556
32.68 0.681845 -0.116371 -0.0409345 0.531086 0.00680116 0.000414616
32.69 0.680176 -0.116834 -0.040698 0.531138 0.00677596 0.000411653
32.7 0.678498 -0.117199 -0.0406312 0.531452 0.00679551 0.000415645
32.71 0.676797 -0.117558 -0.0404052 0.531508 0.006765 0.000411331
32.72 0.675097 -0.11769 -0.0403343 0.53187 0.00677765 0.000424127
32.73 0.673387 -0.117778 -0.0401664 0.531842 0.00675017 0.000429655
32.74 0.67168 -0.117718 -0.0401554 0.532138 0.00676693 0.000422278
32.75 0.66996 -0.117585 -0.0400783 0.532079 0.00675213 0.000410303
32.76 0.668229 -0.117193 -0.0400741 0.53237 0.00675761 0.000406747
32.77 0.666478 -0.116633 -0.040072 0.532432 0.0067527 0.000415524
32.78 0.664711 -0.115859 -0.0400535 0.532738 0.00674187 0.00042417
32.79 0.662926 -0.114968 -0.0401137 0.532908 0.00674543 0.000428861
32.8 0.661128 -0.113944 -0.0400951 0.533094 0.00672221 0.000422319
32.81 0.659321 -0.112748 -0.040215 0.533273 0.00673474 0.000421425
32.82 0.657505 -0.111441 -0.0402214 0.533302 0.00670749 0.000417874
32.83 0.655687 -0.109949 -0.0403772 0.533533 0.00672494 0.000425469
32.84 0.653859 -0.108435 -0.0404056 0.533529 0.00669779 0.000427406
32.85 0.65203 -0.106813 -0.0405491 0.533874 0.00671056 0.000429022
32.86 0.650189 -0.105228 -0.0405864 0.53389 0.00668623 0.000427272
32.87 0.648337 -0.103539 -0.0407012 0.534243 0.00669129 0.0004343
32.88 0.646472 -0.101937 -0.0407546 0.534222 0.00667583 0.000441228
32.89 0.644605 -0.100381 -0.0407833 0.534464 0.00666497 0.000432671
32.9 0.642743 -0.0989569 -0.040839 0.534434 0.0066616 0.000423791
32.91 0.640885 -0.0975652 -0.0408029 0.5346 0.00664177 0.000418048
32.92 0.639035 -0.0962576 -0.0408487 0.534679 0.00664924 0.000429172
32.93 0.637185 -0.0950993 -0.0407422 0.534835 0.00662125 0.000431891
32.94 0.635344 -0.0940885 -0.0407376 0.535032 0.00663125 0.000437564
32.95 0.633501 -0.093304 -0.0405701 0.53512 0.00659946 0.000428546
32.96 0.63167 -0.0926309 -0.040501 0.535312 0.00660775 0.000426626
32.97 0.629839 -0.0921559 -0.0403059 0.535288 0.00658165 0.000423905
32.98 0.62802 -0.0917598 -0.0401684 0.535453 0.00658533 0.000430037
32.99 0.626199 -0.0915894 -0.0399627 0.535444 0.00656913 0.000432084
33 0.624382 -0.0915178 -0.0397426 0.535666 0.00656224 0.00043212
33.01 0.622561 -0.0916394 -0.039525 0.535768 0.00655426 0.000430322
33.02 0.620737 -0.0918336 -0.0392323 0.535986 0.00653563 0.00042441
33.03 0.618912 -0.0921039 -0.0390191 0.536121 0.00653626 0.000430219
33.04 0.617084 -0.0924342 -0.038701 0.53621 0.0065115 0.000427063
33.05 0.615256 -0.0927701 -0.0385124 0.536349 0.00652003 0.000435162
33.06 0.613421 -0.0931586 -0.0382057 0.536365 0.00649387 0.000430815
33.07 0.611583 -0.0934887 -0.0380316 0.536608 0.00650321 0.000434522
33.08 0.609731 -0.0938273 -0.0377554 0.536662 0.00647817 0.000430965
33.09 0.607873 -0.0940298 -0.0375832 0.537003 0.00648118 0.000434571
33.1 0.606001 -0.0941957 -0.0373637 0.537055 0.00646166 0.000434715
33.11 0.604123 -0.0941833 -0.0372013 0.537352 0.00645651 0.000436228
33.12 0.602237 -0.0940836 -0.037067 0.537365 0.00644738 0.0004396
33.13 0.600345 -0.0938053 -0.0369276 0.537572 0.00643412 0.000436427
33.14 0.598445 -0.0933781 -0.0368831 0.537648 0.00643544 0.000444232
33.15 0.596537 -0.0927964 -0.0367692 0.53783 0.00641329 0.000439569
33.16 0.594622 -0.0920356 -0.0367929 0.538052 0.00642019 0.000447966
33.17 0.592697 -0.0911507 -0.0367075 0.538194 0.00639113 0.000442062
33.18 0.590771 -0.0900754 -0.0367729 0.538494 0.00639852 0.000447263
33.19 0.58884 -0.088902 -0.0367364 0.538505 0.00637044 0.000442694
33.2 0.586913 -0.0875385 -0.0368202 0.538794 0.0063745 0.000447706
33.21 0.584985 -0.0861264 -0.0368463 0.53871 0.00635411 0.000447204
33.22 0.583062 -0.0845715 -0.0369202 0.539023 0.00635 0.000449039
33.23 0.581139 -0.0830139 -0.0369959 0.538986 0.006338 0.000452008
33.24 0.57922 -0.0813955 -0.0370356 0.539348 0.00632225 0.000445722
33.25 0.577305 -0.0797924 -0.0371342 0.539379 0.0063171 0.000450702
33.26 0.575396 -0.0781985 -0.0371368 0.539659 0.00629229 0.000439948
33.27 0.573501 -0.0766339 -0.0372381 0.539679 0.00629398 0.000448128
33.28 0.571613 -0.0751423 -0.0372132 0.539801 0.00626624 0.000439519
33.29 0.569741 -0.0737201 -0.0372879 0.539867 0.00627088 0.000448678
33.3 0.567874 -0.0724477 -0.0372364 0.53994 0.00624364 0.000439968
33.31 0.566022 -0.0712748 -0.0372494 0.540152 0.00624419 0.000444892
33.32 0.564175 -0.0702972 -0.0371734 0.540223 0.00622052 0.000436054
33.33 0.562351 -0.0694294 -0.0371203 0.540498 0.00621607 0.000435694
33.34 0.560563 -0.0687544 -0.0370646 0.540486 0.00620776 0.000434163
33.35 0.558808 -0.0682121 -0.0369432 0.540706 0.00619734 0.000430877
33.36 0.557035 -0.067845 -0.036799 0.540639 0.00618148 0.000433962
33.37 0.555251 -0.0675778 -0.0366209 0.540835 0.00616504 0.000436377
33.38 0.553457 -0.0674736 -0.0364785 0.540857 0.00615983 0.000450004
33.39 0.551663 -0.0675765 -0.0362277 0.541084 0.00613236 0.000429141
33.4 0.549871 -0.0677983 -0.03607 0.541225 0.00613227 0.000420027
33.41 0.548086 -0.0680686 -0.0358032 0.541398 0.00610449 0.000405701
33.42 0.546307 -0.0683107 -0.0356451 0.541562 0.00610855 0.000420857
33.43 0.544534 -0.0686078 -0.0353925 0.541605 0.00608507 0.000423691
33.44 0.542774 -0.0688642 -0.0352171 0.541782 0.00608423 0.000440062
33.45 0.541024 -0.0691867 -0.0349926 0.541795 0.00606364 0.0004373
33.46 0.539278 -0.0694915 -0.0348392 0.542056 0.00606235 0.00042586
33.47 0.537532 -0.0697652 -0.0346659 0.542144 0.00604923 0.000414119
33.48 0.535779 -0.0698663 -0.0345019 0.542445 0.00603615 0.00041224
33.49 0.534026 -0.0698447 -0.0343982 0.542564 0.00603292 0.000424887
33.5 0.532266 -0.069688 -0.0342376 0.542757 0.00600991 0.000426344
33.51 0.53051 -0.0694207 -0.0342051 0.542865 0.00601445 0.000433508
33.52 0.528746 -0.0690432 -0.0340725 0.542944 0.00598606 0.000420005
33.53 0.526986 -0.0684611 -0.0341033 0.543147 0.00599362 0.000428746
33.54 0.525217 -0.0677676 -0.0340242 0.543227 0.00596386 0.00042036
33.55 0.523453 -0.0668482 -0.0341 0.543568 0.00596875 0.000434205
33.56 0.521684 -0.065877 -0.0340919 0.543624 0.00594274 0.000424619
33.57 0.519927 -0.0647137 -0.0341834 0.543961 0.00593968 0.000425663
33.58 0.51817 -0.0634828 -0.0342556 0.54391 0.00592385 0.00041918
33.59 0.516429 -0.0620815 -0.0343448 0.544172 0.00591104 0.000418487
33.6 0.514691 -0.0606107 -0.0344846 0.544118 0.00590614 0.000427085
33.61 0.512963 -0.0590789 -0.0345597 0.544383 0.00588329 0.000421504
33.62 0.51124 -0.0575211 -0.0347357 0.544453 0.00588421 0.000430371
33.63 0.509528 -0.0560084 -0.0347944 0.544702 0.00585407 0.000409697
33.64 0.507831 -0.0544549 -0.0349817 0.544842 0.00585865 0.000417548
33.65 0.506149 -0.0529902 -0.0350294 0.544949 0.00582697 0.000398113
33.66 0.504485 -0.0514971 -0.0351999 0.545094 0.005833 0.000411891
33.67 0.502835 -0.0501474 -0.0352385 0.545064 0.00580437 0.000401411
33.68 0.501201 -0.0488548 -0.0353553 0.545283 0.005805 0.000408851
33.69 0.499576 -0.04774 -0.0353866 0.545244 0.00578287 0.000400639
33.7 0.497966 -0.0467459 -0.0354286 0.545574 0.0057733 0.000395006
33.71 0.496368 -0.0459118 -0.0354556 0.545554 0.00576059 0.000390902
33.72 0.494785 -0.045224 -0.0354248 0.545879 0.005742 0.000378889
33.73 0.493219 -0.044659 -0.0354455 0.545821 0.00573921 0.000384307
33.74 0.491664 -0.0442676 -0.0353517 0.54604 0.00571405 0.00037046
33.75 0.490122 -0.0439669 -0.0353591 0.545999 0.00571848 0.000383395
33.76 0.488585 -0.0438598 -0.0352172 0.546169 0.00568813 0.000367678
33.77 0.487056 -0.0438246 -0.0352027 0.546275 0.0056947 0.000379011
33.78 0.485529 -0.0439621 -0.0350429 0.546449 0.00566366 0.000360854
33.79 0.484049 -0.0441431 -0.0350557 0.546676 0.00567868 0.000367325
33.8 0.482604 -0.0444375 -0.0349422 0.546765 0.00566035 0.000354322
33.81 0.481144 -0.044738 -0.0348305 0.546976 0.00564742 0.000354392
33.82 0.479668 -0.0450592 -0.034727 0.546955 0.00563268 0.00034986
33.83 0.478194 -0.0453478 -0.0346091 0.547162 0.00561483 0.000350045
33.84 0.476718 -0.0455887 -0.0345708 0.547194 0.00561031 0.000358027
33.85 0.47524 -0.0458257 -0.0344798 0.547473 0.00558921 0.000347514
33.86 0.473765 -0.0459522 -0.0345056 0.547619 0.00559063 0.00035435
33.87 0.47229 -0.0460575 -0.03445 0.547864 0.00556594 0.000331586
33.88 0.470825 -0.0459562 -0.0345355 0.548013 0.0055713 0.000342423
33.89 0.469358 -0.0457724 -0.0345303 0.548112 0.00554677 0.000328841
33.9 0.4679 -0.045374 -0.0346599 0.548267 0.00555114 0.000344994
33.91 0.466435 -0.0448843 -0.0347144 0.548305 0.0055285 0.000338678
33.92 0.464965 -0.04419 -0.0348949 0.548568 0.00553011 0.000355106
33.93 0.463483 -0.0434102 -0.0350335 0.548643 0.00551356 0.00035576
33.94 0.462005 -0.0425833 -0.0351992 0.548977 0.00549986 0.000335062
33.95 0.460533 -0.0416264 -0.0353998 0.549033 0.00548879 0.000317295
33.96 0.459081 -0.0405065 -0.0355917 0.549296 0.00547132 0.000302919
33.97 0.457641 -0.0391667 -0.0358584 0.549294 0.00547016 0.000324433
33.98 0.456219 -0.0377842 -0.0360678 0.549457 0.00544928 0.000324332
33.99 0.454808 -0.0363316 -0.0363612 0.549517 0.00545105 0.000339817
34 0.453409 -0.0349476 -0.0365654 0.549659 0.00542416 0.000316201
34.01 0.452025 -0.0335115 -0.0368682 0.549872 0.00542614 0.000315664
34.02 0.450656 -0.0321097 -0.0370725 0.549972 0.0053995 0.000296019
34.03 0.449311 -0.0306672 -0.0373709 0.550243 0.00540181 0.000303706
34.04 0.447986 -0.0293077 -0.0375747 0.550196 0.00537997 0.000295477
34.05 0.44668 -0.0279976 -0.0378335 0.55044 0.00537758 0.000298687
34.06 0.445391 -0.0268061 -0.0380276 0.550306 0.00536129 0.00029349
34.07 0.444113 -0.0257261 -0.0382229 0.550597 0.00534985 0.000288609
34.08 0.442849 -0.0247604 -0.0384096 0.550547 0.00534091 0.000290598
34.09 0.441595 -0.0239744 -0.0385419 0.550893 0.005321 0.000276138
34.1 0.440359 -0.0232997 -0.0387217 0.550917 0.00532026 0.000278793
34.11 0.439136 -0.0228287 -0.0388011 0.55116 0.00529621 0.000255804
34.12 0.437935 -0.0224162 -0.0389595 0.551171 0.00530018 0.000265534
34.13 0.436738 -0.0221922 -0.0389963 0.551266 0.00527529 0.00025042
34.14 0.435553 -0.0220115 -0.0391158 0.551357 0.00527748 0.000269256
34.15 0.434365 -0.0220416 -0.0391312 0.551432 0.00525361 0.000255563
34.16 0.433184 -0.0221406 -0.0392158 0.551689 0.00525087 0.000261608
34.17 0.432004 -0.0223933 -0.0392423 0.551769 0.00523209 0.00024407
34.18 0.430837 -0.022691 -0.0393067 0.552076 0.00522505 0.000237659
34.19 0.429709 -0.0230074 -0.0394111 0.552073 0.00522423 0.000237002
34.2 0.428618 -0.0233643 -0.0394805 0.552321 0.00521609 0.000233383
34.21 0.427505 -0.0236675 -0.0395368 0.552276 0.00520303 0.000245662
34.22 0.426375 -0.0240265 -0.0395729 0.552515 0.00518225 0.000232816
34.23 0.425242 -0.0242685 -0.0396828 0.55257 0.00517474 0.000245942
34.24 0.424107 -0.024544 -0.0397591 0.55284 0.00515278 0.000225383
34.25 0.422977 -0.0246502 -0.0399469 0.553005 0.00515188 0.00023543
34.26 0.421857 -0.0247309 -0.0400819 0.553202 0.00513122 0.00021545
34.27 0.420744 -0.0246144 -0.0403264 0.55337 0.0051317 0.000224375
34.28 0.41964 -0.0243989 -0.0405179 0.553425 0.00511239 0.000215855
34.29 0.418541 -0.0240046 -0.0407964 0.553601 0.00510836 0.000225239
34.3 0.417444 -0.0234852 -0.0410517 0.553627 0.00509204 0.000225651
34.31 0.41635 -0.0228484 -0.0413572 0.553897 0.00507998 0.000224009
34.32 0.415265 -0.0220799 -0.0416894 0.553994 0.00506964 0.000222363
34.33 0.414191 -0.0212333 -0.0420298 0.554283 0.00505244 0.000205379
34.34 0.413136 -0.0202136 -0.0424265 0.554376 0.00504775 0.000207451
34.35 0.412096 -0.0191304 -0.0427982 0.554527 0.00502933 0.000191263
34.36 0.411077 -0.0178646 -0.0432273 0.554594 0.00502627 0.000207495
34.37 0.410065 -0.0165998 -0.0436069 0.554645 0.00500518 0.000196451
34.38 0.40907 -0.0152289 -0.0440506 0.554825 0.00500104 0.000212478
34.39 0.408081 -0.0139361 -0.0444327 0.554888 0.00497852 0.00019281
34.4 0.407113 -0.0126075 -0.0448825 0.555196 0.00497333 0.000194068
34.41 0.406162 -0.0113553 -0.0452765 0.555213 0.00495593 0.000172184
34.42 0.405237 -0.0100971 -0.0457028 0.55549 0.0049475 0.000170457
34.43 0.404329 -0.00888959 -0.0460951 0.555404 0.00493694 0.000166478
34.44 0.403438 -0.0077565 -0.0464702 0.555617 0.00492279 0.000168027
34.45 0.402555 -0.00670305 -0.0468335 0.555557 0.004914 0.000175529
34.46 0.401683 -0.00584032 -0.0471621 0.555795 0.00489607 0.000164
34.47 0.400819 -0.00507245 -0.0474963 0.555872 0.00488835 0.000166397
34.48 0.399967 -0.00452991 -0.0477891 0.556092 0.00486994 0.000140991
34.49 0.39913 -0.00404278 -0.0481029 0.556233 0.00486614 0.000145511
34.5 0.398304 -0.0037491 -0.0483552 0.556313 0.00484786 0.000126686
34.51 0.397489 -0.00350294 -0.0486326 0.556462 0.00484449 0.00014108
34.52 0.396676 -0.00343898 -0.0488462 0.556431 0.00482615 0.000132308
34.53 0.395861 -0.00345826 -0.0490804 0.556673 0.0048184 0.000143628
34.54 0.395045 -0.00364159 -0.0492796 0.556657 0.00480186 0.000133819
34.55 0.394228 -0.00392307 -0.0494957 0.557022 0.00479115 0.000130019
34.56 0.393412 -0.00428821 -0.0497019 0.557029 0.00477793 0.000119597
34.57 0.392602 -0.00471209 -0.0499224 0.557374 0.00476718 0.000110244
34.58 0.391828 -0.00511828 -0.0501833 0.557334 0.0047654 0.000114684
34.59 0.391079 -0.00556155 -0.0504216 0.557568 0.00475543 0.000111915
34.6 0.39031 -0.00594379 -0.0506393 0.557554 0.00474069 0.000124986
34.61 0.389518 -0.00636073 -0.0508583 0.557757 0.00472013 0.000114644
34.62 0.388724 -0.00667466 -0.0511319 0.557903 0.00470927 0.000123961
34.63 0.387924 -0.00699297 -0.0514024 0.558105 0.00468991 0.000105155
34.64 0.387134 -0.00716022 -0.0517515 0.558348 0.00468364 0.00010863
34.65 0.38635 -0.00726548 -0.0520853 0.558433 0.00466798 9.20303e-05
34.66 0.385577 -0.00717518 -0.0524861 0.558639 0.00466118 9.98246e-05
34.67 0.384807 -0.00696859 -0.0528684 0.558618 0.00464618 9.77311e-05
34.68 0.38404 -0.00659286 -0.0533045 0.558834 0.00463481 0.000108411
34.69 0.383274 -0.00611171 -0.0537439 0.55887 0.00462093 0.000109198
34.7 0.382511 -0.00553375 -0.0542166 0.559147 0.00460482 0.000101856
34.71 0.38176 -0.00483096 -0.0547289 0.559266 0.00459578 9.62322e-05
34.72 0.381023 -0.004046 -0.0552412 0.55948 0.00457883 7.67376e-05
34.73 0.380305 -0.00307867 -0.0558011 0.559583 0.00457213 8.2129e-05
34.74 0.379599 -0.00204922 -0.0563399 0.559654 0.0045564 7.15931e-05
34.75 0.378908 -0.000865467 -0.05691 0.559767 0.00454639 9.0066e-05
34.76 0.378221 0.000293682 -0.0574575 0.559795 0.00453058 8.02813e-05
34.77 0.377548 0.00151607 -0.0580362 0.560016 0.0045185 8.90431e-05
34.78 0.376883 0.00266276 -0.0585857 0.560077 0.00450298 6.80667e-05
34.79 0.376226 0.00379252 -0.0591827 0.560351 0.00449526 5.75664e-05
34.8 0.375576 0.00486981 -0.0597278 0.560381 0.00448349 3.54905e-05
34.81 0.37494 0.00599281 -0.0602736 0.560578 0.0044685 4.41912e-05
34.82 0.374312 0.0070706 -0.0608005 0.560563 0.00445908 5.65093e-05
34.83 0.373698 0.00800898 -0.0613035 0.56069 0.0044417 5.96986e-05
34.84 0.373087 0.00880607 -0.0617956 0.560756 0.00443163 5.79995e-05
34.85 0.372485 0.00941613 -0.0622686 0.560893 0.00441501 3.80795e-05
34.86 0.371892 0.00994558 -0.062732 0.561105 0.00440514 3.67495e-05
34.87 0.371309 0.0103041 -0.0631753 0.561194 0.00439071 2.06547e-05
34.88 0.370738 0.0105895 -0.063615 0.561444 0.00438314 2.94605e-05
34.89 0.370175 0.0106805 -0.0640078 0.561394 0.00436737 1.52465e-05
34.9 0.369614 0.010701 -0.0644144 0.561633 0.00435931 2.69305e-05
34.91 0.369055 0.0105516 -0.0647648 0.561541 0.00434196 1.79929e-05
34.92 0.368487 0.0103328 -0.0651395 0.561858 0.00432991 2.94177e-05
34.93 0.36792 0.00996103 -0.0654866 0.561858 0.0043155 2.07594e-05
34.94 0.367348 0.00950191 -0.0658495 0.562213 0.00430063 1.70017e-05
34.95 0.366782 0.00896192 -0.0662116 0.562257 0.00429012 4.78344e-06
34.96 0.366216 0.0083919 -0.0665778 0.562491 0.00427484 -2.55886e-06
34.97 0.365657 0.00786155 -0.0669498 0.562531 0.00426425 3.03169e-06
34.98 0.365088 0.00732574 -0.0673228 0.562644 0.0042473 5.19574e-06
34.99 0.364521 0.00686033 -0.0677184 0.562784 0.00423493 2.11586e-05
35 0.36394 0.00635309 -0.068115 0.562887 0.0042161 1.09929e-05
35.01 0.363364 0.00594214 -0.0685623 0.563169 0.00420376 1.45428e-05
35.02 0.362785 0.00554195 -0.069009 0.563245 0.00418681 -7.39091e-06
35.03 0.362245 0.00531498 -0.0695423 0.563547 0.00418103 -2.73409e-06
35.04 0.361732 0.00517487 -0.0700579 0.563527 0.00417014 -1.02656e-05
35.05 0.361212 0.00521284 -0.0705718 0.563767 0.00414982 4.10888e-07
35.06 0.360679 0.0053568 -0.0711072 0.563718 0.00413369 -5.89498e-07
35.07 0.360151 0.00564346 -0.0716734 0.563957 0.00411488 4.25991e-06
35.08 0.359623 0.00604413 -0.0722605 0.564006 0.00409807 1.60228e-06
35.09 0.359104 0.00654809 -0.0728953 0.56426 0.00408461 -6.66302e-06
35.1 0.358597 0.00718728 -0.0735369 0.564388 0.00406886 -1.04692e-05
35.11 0.358104 0.00791309 -0.0742064 0.564542 0.004057 -2.42112e-05
35.12 0.357626 0.00879624 -0.0748848 0.564655 0.00404274 -1.79947e-05
35.13 0.35716 0.00973986 -0.0755543 0.564675 0.00402862 -2.38743e-05
35.14 0.3567 0.0107968 -0.0762471 0.564813 0.00401426 -9.40992e-06
35.15 0.356249 0.0118377 -0.0769086 0.564832 0.00399758 -1.61125e-05
35.16 0.355802 0.0129115 -0.0776108 0.565077 0.00398414 -1.10681e-05
35.17 0.355368 0.0139154 -0.0782716 0.565151 0.00396834 -2.88336e-05
35.18 0.354944 0.0149242 -0.0789677 0.565394 0.00395633 -3.18015e-05
35.19 0.354536 0.0158691 -0.0796142 0.565437 0.00394238 -4.43046e-05
35.2 0.354138 0.0168008 -0.0802722 0.565551 0.00392923 -3.91288e-05
35.21 0.353749 0.0176522 -0.0808864 0.565595 0.00391565 -3.40308e-05
35.22 0.35336 0.0183994 -0.0814914 0.565656 0.00389963 -2.88697e-05
35.23 0.352974 0.0190096 -0.0820754 0.56584 0.00388623 -2.49461e-05
35.24 0.352586 0.0194418 -0.082638 0.56592 0.00387 -3.6643e-05
35.25 0.352204 0.0197469 -0.0831969 0.56621 0.00385755 -3.9781e-05
35.26 0.351824 0.0198891 -0.0837204 0.566225 0.00384312 -5.50201e-05
35.27 0.351452 0.0199602 -0.0842438 0.566483 0.00382997 -4.57367e-05
35.28 0.351079 0.0198728 -0.0847233 0.566416 0.00381585 -5.03628e-05
35.29 0.350704 0.0197157 -0.0852091 0.566641 0.00380023 -3.12142e-05
35.3 0.350324 0.019373 -0.0856588 0.566633 0.00378563 -3.70058e-05
35.31 0.349935 0.0189491 -0.0861253 0.566891 0.00376876 -2.8296e-05
35.32 0.349543 0.018373 -0.0865713 0.567009 0.00375467 -4.13975e-05
35.33 0.349147 0.0177595 -0.087036 0.56723 0.00373885 -4.1732e-05
35.34 0.348754 0.0170866 -0.0874884 0.567391 0.00372439 -4.75287e-05
35.35 0.348358 0.0164236 -0.0879561 0.567467 0.00370974 -4.34927e-05
35.36 0.347952 0.0157253 -0.0884325 0.567637 0.00369657 -4.48674e-05
35.37 0.347531 0.0150456 -0.0889113 0.567623 0.0036828 -4.8196e-05
35.38 0.3471 0.01449 -0.0893861 0.56789 0.00366004 -2.70543e-05
35.39 0.346659 0.0139513 -0.089899 0.567905 0.00364542 -2.3166e-05
35.4 0.346222 0.0134858 -0.0904356 0.568275 0.00362541 -1.32509e-05
35.41 0.345788 0.0129974 -0.0909982 0.56828 0.00361173 -4.05083e-05
35.42 0.345365 0.0127058 -0.0915995 0.568594 0.00359605 -3.93731e-05
35.43 0.344951 0.0125178 -0.0922001 0.568524 0.00358013 -5.10531e-05
35.44 0.344544 0.0125921 -0.0928458 0.568733 0.00356555 -2.57282e-05
35.45 0.344141 0.0127346 -0.0934862 0.568711 0.00354691 -2.17175e-05
35.46 0.34374 0.0130292 -0.0941755 0.568918 0.00353284 -1.07315e-05
35.47 0.343344 0.0133661 -0.0948699 0.569053 0.00351434 -2.33474e-05
35.48 0.342956 0.0138345 -0.0956004 0.569229 0.00350147 -3.47334e-05
35.49 0.342579 0.0144464 -0.0963397 0.569417 0.00348404 -3.82912e-05
35.5 0.342215 0.01517 -0.0970923 0.569443 0.00347187 -4.37783e-05
35.51 0.341862 0.0160608 -0.09785 0.5696 0.00345364 -2.49307e-05
35.52 0.341517 0.0169475 -0.0986096 0.569545 0.00344148 -3.03884e-05
35.53 0.341175 0.0179492 -0.0993732 0.569753 0.00342259 -1.23037e-05
35.54 0.340837 0.0188596 -0.100131 0.569771 0.00341067 -2.98442e-05
35.55 0.340503 0.0198529 -0.100892 0.570039 0.00339319 -2.11037e-05
35.56 0.340179 0.0207369 -0.101635 0.570114 0.00338134 -4.04034e-05
35.57 0.339861 0.0216696 -0.102374 0.5703 0.00336575 -3.2191e-05
35.58 0.339566 0.0224353 -0.103057 0.570359 0.00334832 -5.46372e-05
35.59 0.339286 0.0231983 -0.103748 0.570421 0.00333375 -5.68909e-05
35.6 0.33902 0.0239714 -0.104428 0.570523 0.00332078 -3.37523e-05
35.61 0.338751 0.0246378 -0.105088 0.570572 0.00330911 -9.77049e-06
35.62 0.338479 0.0251145 -0.10572 0.570795 0.00329167 2.62119e-06
35.63 0.338198 0.0252975 -0.106343 0.570881 0.00328315 -2.64034e-05
35.64 0.337915 0.0254028 -0.106924 0.571149 0.00326257 -3.44638e-05
35.65 0.337629 0.0253457 -0.107503 0.571192 0.00325515 -5.35864e-05
35.66 0.337342 0.0253233 -0.10804 0.57138 0.00323345 -2.48804e-05
35.67 0.33705 0.0250851 -0.108571 0.571386 0.00322376 -2.23449e-05
35.68 0.336752 0.0247804 -0.109082 0.57153 0.00320445 2.56696e-07
35.69 0.336444 0.0242301 -0.109583 0.57164 0.00319153 -1.51591e-05
35.7 0.336129 0.0236382 -0.110093 0.571813 0.00317663 -1.27882e-05
35.71 0.335809 0.0229367 -0.110583 0.572051 0.00316062 -2.25696e-05
35.72 0.335486 0.0222247 -0.111093 0.572155 0.00314866 -1.95429e-05
35.73 0.335162 0.0214994 -0.11158 0.572396 0.00312987 -1.21198e-05
35.74 0.334837 0.0207287 -0.112092 0.572352 0.00311915 -1.48168e-05
35.75 0.33451 0.0200335 -0.112593 0.572592 0.00309901 8.20698e-07
35.76 0.334182 0.019296 -0.113125 0.57253 0.00308884 -7.33266e-06
35.77 0.333849 0.0187067 -0.113659 0.572857 0.00306843 1.19085e-05
35.78 0.333517 0.0180779 -0.114231 0.572876 0.00305906 -4.00997e-06
35.79 0.333185 0.0176307 -0.114806 0.573211 0.00303945 8.01596e-06
35.8 0.33286 0.017197 -0.115419 0.573235 0.00302989 -1.11896e-05
35.81 0.33254 0.0169872 -0.116037 0.573429 0.00301182 8.85375e-07
35.82 0.332229 0.016875 -0.116683 0.573449 0.00300001 -2.24863e-06
35.83 0.33192 0.0169532 -0.117345 0.573534 0.0029844 1.172e-05
35.84 0.331619 0.0171488 -0.118031 0.57367 0.00297028 1.69385e-05
35.85 0.331317 0.0174459 -0.118741 0.573744 0.00295852 1.41895e-05
35.86 0.331025 0.0178838 -0.119462 0.574009 0.00294236 1.44031e-05
35.87 0.330738 0.0183943 -0.120212 0.574038 0.00293469 -1.59915e-07
35.88 0.330461 0.019089 -0.120952 0.574301 0.00291586 7.40264e-06
35.89 0.33018 0.0197854 -0.121739 0.574222 0.00291559 -1.15088e-05
35.9 0.329901 0.0206579 -0.122481 0.574432 0.00289556 1.05222e-06
35.91 0.329617 0.0215858 -0.123239 0.574352 0.00288743 5.65339e-06
35.92 0.329333 0.0226198 -0.123982 0.574587 0.00286692 3.56012e-05
35.93 0.329054 0.0235275 -0.124743 0.574628 0.00285986 2.44659e-05
35.94 0.328778 0.0244153 -0.125493 0.574875 0.0028455 2.01544e-05
35.95 0.328509 0.0252238 -0.12624 0.574973 0.00283758 -1.67758e-06
35.96 0.328247 0.0260521 -0.126964 0.5751 0.00282646 1.36227e-06
35.97 0.328003 0.0267918 -0.127647 0.575184 0.00281104 -4.10528e-06
35.98 0.327776 0.0274576 -0.128328 0.575202 0.00280252 -2.60598e-06
35.99 0.327551 0.0281137 -0.128999 0.575356 0.00278967 2.17047e-05
36 0.327327 0.0285927 -0.129656 0.575408 0.00278419 3.34854e-05
36.01 0.327092 0.0289108 -0.130282 0.575676 0.00276834 4.11528e-05
36.02 0.326854 0.0289465 -0.130908 0.575764 0.00276573 1.216e-05
36.03 0.326608 0.0289349 -0.13148 0.576007 0.0027476 1.1209e-05
36.04 0.326359 0.0287608 -0.132053 0.576044 0.00274288 -4.36222e-07
36.05 0.326105 0.0285923 -0.132577 0.576177 0.00272464 2.73313e-05
36.06 0.325847 0.0282171 -0.133106 0.576243 0.00271727 3.05575e-05
36.07 0.325579 0.0277477 -0.13361 0.576355 0.00270298 4.31795e-05
36.08 0.325307 0.0270928 -0.134119 0.576567 0.00269442 3.1095e-05
36.09 0.325026 0.0263764 -0.134615 0.576681 0.00268331 2.63203e-05
36.1 0.324743 0.0256211 -0.135106 0.576966 0.00267132 2.42414e-05
36.11 0.324457 0.0248304 -0.135599 0.576987 0.00266229 2.3442e-05
36.12 0.324172 0.0240851 -0.136077 0.577229 0.00264632 3.7388e-05
36.13 0.323886 0.0232749 -0.136585 0.577173 0.00264073 3.15998e-05
36.14 0.323601 0.0225718 -0.137074 0.5774 0.00262329 4.65266e-05
36.15 0.323315 0.02183 -0.13761 0.577413 0.00262006 3.48097e-05
36.16 0.32303 0.0212501 -0.138127 0.577664 0.00260268 4.71768e-05
36.17 0.322746 0.0206752 -0.138696 0.577783 0.00259929 3.39431e-05
36.18 0.322467 0.0202832 -0.139246 0.577964 0.00258308 4.12158e-05
36.19 0.322193 0.0199578 -0.139843 0.578098 0.00257749 3.16099e-05
36.2 0.321927 0.0198254 -0.140434 0.578122 0.00256455 3.8626e-05
36.21 0.321669 0.0198186 -0.141057 0.578273 0.00255554 3.98102e-05
36.22 0.321417 0.0199673 -0.141699 0.578228 0.0025484 4.46678e-05
36.23 0.321171 0.0202607 -0.142345 0.578492 0.00253509 5.0048e-05
36.24 0.320929 0.0206425 -0.143035 0.57848 0.00253392 4.16767e-05
36.25 0.320694 0.0211873 -0.143698 0.578816 0.00251743 4.52042e-05
36.26 0.320465 0.021789 -0.144409 0.578772 0.00251816 2.99925e-05
36.27 0.320245 0.0225759 -0.145081 0.579028 0.0025009 4.1419e-05
36.28 0.320032 0.0233864 -0.145794 0.578924 0.00250071 3.23158e-05
36.29 0.319825 0.0243449 -0.146473 0.579108 0.00248588 5.15001e-05
36.3 0.319621 0.0252591 -0.147183 0.579094 0.00248455 4.23445e-05
36.31 0.319421 0.0262419 -0.147866 0.579293 0.00247437 5.42749e-05
36.32 0.31922 0.0271446 -0.148551 0.579429 0.00246934 4.02311e-05
36.33 0.319033 0.0280073 -0.149202 0.579578 0.00246093 3.13714e-05
36.34 0.318859 0.0288274 -0.149834 0.579747 0.00245036 1.68135e-05
36.35 0.318691 0.0296717 -0.150479 0.579751 0.00244979 3.14487e-05
36.36 0.318526 0.030484 -0.151068 0.579918 0.00243508 5.74427e-05
36.37 0.318356 0.0310809 -0.151674 0.579873 0.00243617 6.01287e-05
36.38 0.318179 0.0315448 -0.152229 0.580124 0.00242323 6.15697e-05
36.39 0.317995 0.031777 -0.152791 0.58016 0.00242436 3.74839e-05
36.4 0.317801 0.0319836 -0.153301 0.580461 0.00241108 4.47663e-05
36.41 0.317602 0.0320077 -0.15381 0.580534 0.00240929 3.70867e-05
36.42 0.317395 0.0319745 -0.15427 0.580738 0.00239507 5.70774e-05
36.43 0.317186 0.031725 -0.154736 0.580792 0.00239232 5.08071e-05
36.44 0.316969 0.0313677 -0.15517 0.580884 0.0023815 5.80099e-05
36.45 0.316751 0.0308726 -0.155607 0.581007 0.00237718 5.21597e-05
36.46 0.316523 0.0302927 -0.15603 0.581101 0.00237071 5.65983e-05
36.47 0.316293 0.0296493 -0.156441 0.581353 0.00236236 5.91494e-05
36.48 0.316053 0.0289104 -0.15686 0.58146 0.00235894 5.85747e-05
36.49 0.315814 0.0281509 -0.157255 0.581719 0.00234689 5.87977e-05
36.5 0.31557 0.0273317 -0.157681 0.581747 0.00234621 5.21773e-05
36.51 0.315331 0.0265829 -0.158074 0.58191 0.00233149 5.88843e-05
36.52 0.315089 0.0258297 -0.158522 0.581912 0.00233359 5.75846e-05
36.53 0.314852 0.0251871 -0.158936 0.58206 0.00231922 7.025e-05
36.54 0.314613 0.0245527 -0.159412 0.582184 0.00232248 6.43472e-05
36.55 0.314376 0.0240437 -0.159858 0.582352 0.00231113 6.84849e-05
36.56 0.314141 0.02359 -0.16035 0.582561 0.00231077 5.60966e-05
36.57 0.313911 0.0233137 -0.160829 0.582618 0.00230293 5.96637e-05
36.58 0.313686 0.0231538 -0.161334 0.582795 0.00229734 5.61926e-05
36.59 0.31347 0.0231755 -0.161855 0.582717 0.0022944 6.47425e-05
36.6 0.313256 0.0233247 -0.162386 0.582921 0.00228658 6.70249e-05
36.61 0.313051 0.0236057 -0.162958 0.58286 0.00228971 6.71129e-05
36.62 0.312847 0.0240328 -0.163508 0.583163 0.00227977 6.86118e-05
36.63 0.312648 0.0245499 -0.164111 0.583165 0.002286 5.86938e-05
36.64 0.312449 0.0252396 -0.164662 0.583444 0.00227301 6.52167e-05
36.65 0.312257 0.025981 -0.165273 0.583425 0.00227887 5.53199e-05
36.66 0.312067 0.0268778 -0.165827 0.583566 0.00226709 6.83126e-05
36.67 0.311883 0.0277796 -0.166435 0.583566 0.00227162 6.12823e-05
36.68 0.311698 0.0287786 -0.166996 0.58364 0.00226471 7.32822e-05
36.69 0.311515 0.0297428 -0.167589 0.58379 0.00226691 6.62195e-05
36.7 0.311327 0.030729 -0.168142 0.583865 0.00226419 7.07833e-05
36.71 0.31115 0.0316376 -0.16868 0.584141 0.0022598 5.77581e-05
36.72 0.310979 0.0325033 -0.169208 0.584147 0.00226087 4.94523e-05
36.73 0.310811 0.0334011 -0.169706 0.584405 0.00225362 6.37556e-05
36.74 0.310639 0.034187 -0.170212 0.584309 0.00225879 7.47356e-05
36.75 0.310463 0.0348714 -0.170649 0.584536 0.00224691 8.82974e-05
36.76 0.310277 0.0353289 -0.171129 0.584481 0.00225781 7.54913e-05
36.77 0.310084 0.0356937 -0.171515 0.584763 0.00224515 7.48852e-05
36.78 0.309879 0.035902 -0.171947 0.584842 0.0022553 6.61041e-05
36.79 0.309666 0.036035 -0.172283 0.58511 0.00224249 7.78991e-05
36.8 0.309443 0.0359969 -0.172649 0.585216 0.00224729 7.79455e-05
36.81 0.309216 0.0358234 -0.172954 0.585336 0.00223873 8.55493e-05
36.82 0.308982 0.0354942 -0.173266 0.585423 0.00223915 8.0387e-05
36.83 0.308744 0.0350495 -0.173564 0.585464 0.0022385 8.30798e-05
36.84 0.308501 0.0345311 -0.173833 0.585656 0.00223381 8.41666e-05
36.85 0.30825 0.0339133 -0.17413 0.585748 0.00224 8.81713e-05
36.86 0.307995 0.033256 -0.174366 0.586037 0.00222984 9.11587e-05
36.87 0.307735 0.0325055 -0.174653 0.586118 0.00223843 8.75939e-05
36.88 0.307473 0.0317763 -0.174877 0.586335 0.00222627 8.99574e-05
36.89 0.307212 0.0310142 -0.175161 0.586337 0.00223439 8.6602e-05
36.9 0.306953 0.0303388 -0.175403 0.586456 0.00222495 9.56502e-05
36.91 0.306696 0.0296711 -0.175702 0.586507 0.0022328 9.38791e-05
36.92 0.30644 0.0291093 -0.175979 0.586635 0.00222777 0.000100953
36.93 0.306184 0.0286018 -0.176294 0.586827 0.00223342 9.56142e-05
36.94 0.305929 0.0282152 -0.176607 0.586934 0.002232 9.69293e-05
36.95 0.305677 0.027962 -0.176931 0.587158 0.00223218 9.66694e-05
36.96 0.305429 0.027828 -0.177283 0.587137 0.00223486 9.78537e-05
36.97 0.305188 0.0278654 -0.177627 0.587309 0.00223179 0.000103153
36.98 0.304951 0.0280033 -0.178024 0.587227 0.00223888 0.000101372
36.99 0.304718 0.028326 -0.178399 0.587419 0.00223585 0.000106944
37 0.304487 0.0287438 -0.17883 0.58743 0.00224495 0.000103192
37.01 0.304255 0.0293342 -0.179227 0.587662 0.0022418 0.00010847
37.02 0.304026 0.030009 -0.179675 0.587761 0.00225065 0.000105631
37.03 0.303798 0.0308108 -0.18008 0.587894 0.00224699 0.000110222
37.04 0.303573 0.0316861 -0.180524 0.587984 0.00225421 0.000110851
37.05 0.303347 0.0326225 -0.180936 0.587965 0.00225319 0.000113721
37.06 0.303125 0.0336142 -0.181362 0.588104 0.00225788 0.000116654
37.07 0.302896 0.0346079 -0.181779 0.588073 0.0022621 0.000117688
37.08 0.302667 0.0356198 -0.182177 0.588362 0.00226387 0.000120462
37.09 0.302428 0.0365895 -0.182575 0.588373 0.00227074 0.000121818
37.1 0.302188 0.0375262 -0.18293 0.588704 0.00226936 0.000125108
37.11 0.301942 0.0383766 -0.183287 0.588651 0.00227644 0.000127394
37.12 0.301694 0.0391472 -0.183594 0.588883 0.00227329 0.000131638
37.13 0.301439 0.0397943 -0.183909 0.588798 0.00228163 0.000132793
37.14 0.301181 0.0403335 -0.184172 0.589003 0.00227908 0.000137395
37.15 0.300913 0.0407308 -0.18444 0.589048 0.00228795 0.000136964
37.16 0.300637 0.0410072 -0.184658 0.589287 0.00228718 0.000143153
37.17 0.300353 0.0411311 -0.184866 0.589458 0.00229295 0.000142641
37.18 0.300063 0.0411269 -0.185036 0.589605 0.00229387 0.000150542
37.19 0.299781 0.0409408 -0.18518 0.589776 0.00229514 0.000142446
37.2 0.299507 0.0406404 -0.185303 0.589773 0.00229796 0.000142453
37.21 0.299231 0.0402795 -0.185429 0.58996 0.00230139 0.000150334
37.22 0.298952 0.0398187 -0.185528 0.589939 0.00230582 0.000163378
37.23 0.298663 0.0392668 -0.185621 0.590227 0.00230754 0.000169632
37.24 0.298368 0.0385795 -0.185708 0.590274 0.00231566 0.000163124
37.25 0.298068 0.0378861 -0.185772 0.590579 0.00231431 0.000162502
37.26 0.297767 0.0371585 -0.185855 0.59062 0.00232441 0.000160946
37.27 0.297465 0.0364874 -0.185904 0.590793 0.00232065 0.000172009
37.28 0.297163 0.035807 -0.185991 0.590808 0.00233091 0.000175043
37.29 0.296859 0.0351748 -0.186052 0.590885 0.00232925 0.000179468
37.3 0.296532 0.0345874 -0.186125 0.590993 0.00233334 0.000173509
37.31 0.296179 0.0341123 -0.186198 0.591088 0.00233142 0.000173126
37.32 0.295841 0.0337773 -0.186341 0.591318 0.00234596 0.000176736
37.33 0.295515 0.0335598 -0.186467 0.59139 0.00235094 0.000184711
37.34 0.295194 0.0334843 -0.186614 0.59159 0.00235932 0.000191597
37.35 0.294877 0.0334881 -0.186774 0.591556 0.00236764 0.000191443
37.36 0.294565 0.0336429 -0.186919 0.591669 0.00236884 0.000189679
37.37 0.294248 0.033922 -0.187115 0.591646 0.00238087 0.000189038
37.38 0.293933 0.034367 -0.187276 0.591786 0.00237994 0.000190758
37.39 0.293614 0.0349403 -0.187496 0.591904 0.00239357 0.000195595
37.4 0.293295 0.0356473 -0.187678 0.592054 0.00239362 0.000201849
37.41 0.292977 0.0364281 -0.187903 0.592225 0.00240634 0.000203753
37.42 0.292661 0.037304 -0.188099 0.592242 0.00240804 0.000209242
37.43 0.292346 0.0382179 -0.188315 0.592381 0.00241811 0.000208054
37.44 0.29203 0.0391837 -0.188515 0.592302 0.00242229 0.000212047
37.45 0.291709 0.0401668 -0.188709 0.59251 0.00242914 0.000210828
37.46 0.291381 0.0411547 -0.188902 0.592488 0.00243706 0.000215272
37.47 0.291046 0.0421326 -0.189063 0.592801 0.00244111 0.000217341
37.48 0.290708 0.043061 -0.189235 0.592827 0.00245188 0.000224277
37.49 0.290365 0.0439319 -0.189353 0.593093 0.0024536 0.00022905
37.5 0.290022 0.0446826 -0.18949 0.593084 0.00246526 0.000231824
37.51 0.289672 0.0453489 -0.189559 0.593224 0.00246545 0.000235755
37.52 0.289318 0.0458516 -0.189649 0.593259 0.00247665 0.000232031
37.53 0.288952 0.0462718 -0.189671 0.593366 0.0024774 0.000236609
37.54 0.28858 0.0465361 -0.189705 0.593566 0.0024874 0.000236063
37.55 0.288198 0.0466959 -0.189685 0.593675 0.00249122 0.000243822
37.56 0.287815 0.0467109 -0.189659 0.593972 0.00249862 0.000248346
37.57 0.287425 0.0465818 -0.189602 0.593975 0.0025061 0.000254311
37.58 0.287039 0.0463168 -0.189518 0.594231 0.00250951 0.000255694
37.59 0.286645 0.0459116 -0.189427 0.594133 0.00251972 0.00025624
37.6 0.286248 0.0454171 -0.189293 0.594379 0.00251962 0.000255309
37.61 0.285842 0.0448239 -0.189179 0.594348 0.00253247 0.000255131
37.62 0.285433 0.0442072 -0.189013 0.594653 0.00253168 0.000259671
37.63 0.285019 0.0435268 -0.188888 0.59473 0.00254712 0.000263758
37.64 0.284608 0.0428512 -0.188711 0.594974 0.00254712 0.00027166
37.65 0.284198 0.0421392 -0.188575 0.595036 0.00256173 0.000274798
37.66 0.283792 0.0414425 -0.188403 0.595111 0.00256359 0.000276596
37.67 0.283385 0.0407693 -0.188257 0.595174 0.00257422 0.000274119
37.68 0.282975 0.0401618 -0.188106 0.595201 0.00257997 0.000273472
37.69 0.282562 0.0396507 -0.18796 0.595388 0.00258685 0.000272388
37.7 0.282147 0.0392605 -0.187841 0.595459 0.00259804 0.00027998
37.71 0.281733 0.0389928 -0.187711 0.59571 0.00260295 0.000284781
37.72 0.281324 0.0388327 -0.187626 0.595731 0.00261764 0.000292805
37.73 0.280919 0.0387998 -0.187513 0.595892 0.0026199 0.000294872
37.74 0.280516 0.0388581 -0.187455 0.595845 0.0026358 0.00029434
37.75 0.280112 0.0390684 -0.187362 0.595943 0.00263591 0.00029227
37.76 0.279704 0.0393957 -0.187321 0.595978 0.00265174 0.000291506
37.77 0.279303 0.0399324 -0.18723 0.596113 0.00264774 0.000304855
37.78 0.27891 0.0405827 -0.187194 0.59628 0.0026603 0.000319879
37.79 0.278498 0.0412615 -0.187136 0.596375 0.0026636 0.000315538
37.8 0.27807 0.0419997 -0.187088 0.596549 0.00267219 0.00030406
37.81 0.277653 0.0428401 -0.18709 0.596513 0.00268908 0.000305107
37.82 0.277245 0.0437717 -0.187038 0.596664 0.00269625 0.000312832
37.83 0.276826 0.0447083 -0.187009 0.596609 0.002709 0.00032302
37.84 0.276397 0.0456362 -0.186915 0.596826 0.00271088 0.000322596
37.85 0.275956 0.0464986 -0.186853 0.596881 0.0027232 0.000320752
37.86 0.275503 0.0473625 -0.186725 0.597133 0.0027243 0.000319163
37.87 0.275048 0.0481688 -0.186631 0.59724 0.00273728 0.000329399
37.88 0.274586 0.0489166 -0.186471 0.597368 0.00273982 0.000336205
37.89 0.274123 0.0495279 -0.186324 0.59746 0.0027493 0.000344323
37.9 0.273647 0.0499927 -0.186123 0.597465 0.00275322 0.000336983
37.91 0.273163 0.0503197 -0.185909 0.597651 0.00275871 0.000332319
37.92 0.272664 0.0505413 -0.18567 0.597678 0.0027657 0.000327823
37.93 0.272157 0.0506703 -0.185392 0.598009 0.00276898 0.000334568
37.94 0.271642 0.0506811 -0.185126 0.598041 0.0027816 0.000344685
37.95 0.271128 0.0505591 -0.18479 0.598361 0.00278217 0.000353093
37.96 0.270607 0.0502618 -0.184487 0.598297 0.00279686 0.00035514
37.97 0.270087 0.0498325 -0.184106 0.598521 0.00279555 0.000347796
37.98 0.269555 0.0492816 -0.183753 0.598456 0.0028074 0.000343554
37.99 0.269017 0.048677 -0.183345 0.598681 0.0028082 0.000337246
38 0.268469 0.0480243 -0.182953 0.598755 0.00281792 0.000343837
38.01 0.267918 0.0473579 -0.182539 0.598984 0.0028235 0.000348756
38.02 0.267364 0.0466433 -0.18213 0.599132 0.00283275 0.000357777
38.03 0.266814 0.0459181 -0.181719 0.599227 0.00284138 0.000359462
38.04 0.266263 0.0451673 -0.181298 0.599354 0.00284758 0.000358457
38.05 0.265714 0.0444448 -0.180894 0.599312 0.00285778 0.000352654
38.06 0.265158 0.0437819 -0.180464 0.599486 0.00285959 0.000349045
38.07 0.264597 0.0432007 -0.180076 0.599454 0.0028724 0.00034721
38.08 0.264031 0.0427479 -0.179662 0.599732 0.00287394 0.000350788
38.09 0.263465 0.0423917 -0.179294 0.599744 0.0028886 0.000356864
38.1 0.2629 0.0421711 -0.178915 0.600005 0.00289282 0.000362701
38.11 0.262341 0.0420296 -0.17857 0.599975 0.00290687 0.000366168
38.12 0.26178 0.0420141 -0.178215 0.600106 0.00291059 0.000364
38.13 0.26122 0.0420815 -0.177885 0.600074 0.00292182 0.000358641
38.14 0.260651 0.0422962 -0.177548 0.600155 0.00292488 0.000352869
38.15 0.260077 0.042635 -0.177225 0.600263 0.00293412 0.000351991
38.16 0.259496 0.043115 -0.176916 0.600374 0.0029413 0.000355447
38.17 0.258927 0.0437535 -0.176585 0.600588 0.00294478 0.00037248
38.18 0.258365 0.0444478 -0.176297 0.600634 0.00295454 0.000385891
38.19 0.257816 0.0451234 -0.176002 0.600796 0.00296473 0.000377167
38.2 0.257266 0.0457786 -0.175709 0.600743 0.00297477 0.000361262
38.21 0.256706 0.0465046 -0.175383 0.60087 0.00297895 0.000347853
38.22 0.256133 0.0472711 -0.175062 0.600889 0.00298718 0.000351686
38.23 0.255545 0.0480821 -0.174696 0.601082 0.00298853 0.000358311
38.24 0.254947 0.0488221 -0.174354 0.601238 0.00299968 0.00036755
38.25 0.254345 0.0495137 -0.173961 0.601404 0.00300225 0.000368718
38.26 0.253738 0.050078 -0.173583 0.601566 0.00301344 0.000368641
38.27 0.253129 0.050562 -0.173157 0.601585 0.00301657 0.000363986
38.28 0.25251 0.0509163 -0.172718 0.601734 0.00302331 0.000360508
38.29 0.251881 0.0511594 -0.172244 0.601704 0.00302635 0.000353974
38.3 0.251238 0.0512778 -0.171741 0.601958 0.00303017 0.000347724
38.31 0.250585 0.0512944 -0.171224 0.601997 0.00303629 0.000348149
38.32 0.249925 0.0512056 -0.170671 0.602324 0.00304084 0.000349577
38.33 0.249264 0.0509907 -0.170124 0.602363 0.00305104 0.000358407
38.34 0.2486 0.0506514 -0.16952 0.602599 0.00305377 0.000358547
38.35 0.247936 0.0501336 -0.168936 0.602584 0.00306445 0.000355268
38.36 0.247263 0.0495226 -0.168276 0.602708 0.0030625 0.000342325
38.37 0.24658 0.0487922 -0.16765 0.602766 0.00307147 0.000333738
38.38 0.24586 0.0480578 -0.166922 0.602881 0.00306212 0.000325255
38.39 0.245111 0.0472903 -0.166252 0.6031 0.00306758 0.000329015
38.4 0.244378 0.0465426 -0.165601 0.603184 0.00308018 0.000335714
38.41 0.243663 0.0457498 -0.164943 0.603448 0.00308994 0.000342853
38.42 0.24295 0.0449468 -0.16429 0.603391 0.00310192 0.000342337
38.43 0.242242 0.0441143 -0.163607 0.603598 0.0031047 0.000332083
38.44 0.241528 0.0433218 -0.162945 0.603462 0.00311247 0.000321152
38.45 0.240807 0.04261 -0.162248 0.603698 0.00311003 0.000310652
38.46 0.24008 0.0420032 -0.161604 0.603663 0.00312006 0.000310228
38.47 0.239351 0.041537 -0.160929 0.60395 0.00311946 0.000313117
38.48 0.238624 0.0411655 -0.160318 0.603991 0.00313225 0.000322089
38.49 0.237902 0.0409071 -0.159684 0.60417 0.00313494 0.000323445
38.5 0.237185 0.0407101 -0.15909 0.604179 0.00314442 0.000321823
38.51 0.236467 0.0406209 -0.158483 0.604208 0.00314618 0.000310419
38.52 0.235746 0.0406172 -0.157892 0.604269 0.00315044 0.000298394
38.53 0.235016 0.0407728 -0.157309 0.604298 0.00315319 0.000291623
38.54 0.234282 0.0410471 -0.156725 0.604507 0.00315609 0.000289841
38.55 0.233554 0.0414961 -0.15616 0.604574 0.00316017 0.000305243
38.56 0.23284 0.0420148 -0.155593 0.604813 0.00316305 0.000315526
38.57 0.232134 0.0425045 -0.155073 0.604808 0.00317609 0.000310611
38.58 0.231434 0.0429976 -0.154503 0.604953 0.00317676 0.000289199
38.59 0.230725 0.0435153 -0.153955 0.604909 0.00318388 0.000277338
38.6 0.230007 0.0441018 -0.153362 0.605042 0.00318208 0.000267512
38.61 0.229274 0.0446946 -0.152778 0.605119 0.00318659 0.000273211
38.62 0.228533 0.0452822 -0.152163 0.605301 0.00318648 0.000271784
38.63 0.227787 0.0457893 -0.151556 0.605491 0.0031937 0.000274954
38.64 0.227042 0.0462429 -0.15092 0.605607 0.0031957 0.000271848
38.65 0.226296 0.0465733 -0.150279 0.605774 0.0032024 0.000268527
38.66 0.22555 0.0468101 -0.149603 0.605758 0.00320363 0.000261968
38.67 0.224795 0.0469018 -0.1489 0.605914 0.00320516 0.000248772
38.68 0.224034 0.0468839 -0.148174 0.605909 0.00320595 0.000238881
38.69 0.223262 0.0467602 -0.14741 0.606156 0.00320601 0.000226492
38.7 0.222488 0.0465471 -0.146647 0.606259 0.00321064 0.000230125
38.71 0.221712 0.0462387 -0.145845 0.606511 0.00321343 0.000229271
38.72 0.220944 0.045796 -0.145056 0.606616 0.00322171 0.000238865
38.73 0.22018 0.045212 -0.144212 0.60671 0.00322231 0.000228638
38.74 0.219419 0.0444619 -0.143383 0.606787 0.00322866 0.000219468
38.75 0.218655 0.0436313 -0.142491 0.606786 0.00322487 0.000197898
38.76 0.217887 0.0427196 -0.141621 0.606981 0.00322941 0.000187701
38.77 0.217114 0.041826 -0.140713 0.607017 0.00322869 0.000182805
38.78 0.216345 0.040906 -0.139828 0.607333 0.00323526 0.000189614
38.79 0.215583 0.0399847 -0.138934 0.607335 0.0032401 0.000195583
38.8 0.214833 0.0390127 -0.138047 0.607589 0.00324621 0.000194026
38.81 0.214089 0.0380222 -0.137161 0.607485 0.00325014 0.000185876
38.82 0.21335 0.0370323 -0.136262 0.607652 0.00325075 0.000166376
38.83 0.212607 0.0361091 -0.135385 0.607583 0.00325367 0.000156339
38.84 0.211864 0.0352921 -0.134486 0.607778 0.00325156 0.00014485
38.85 0.211118 0.0345905 -0.133643 0.607856 0.0032596 0.000151308
38.86 0.210379 0.0340144 -0.132772 0.608038 0.00325944 0.000152292
38.87 0.209647 0.0335134 -0.131971 0.60816 0.0032707 0.000160059
38.88 0.208925 0.0331008 -0.131133 0.608193 0.00327031 0.000151671
38.89 0.208205 0.0327547 -0.130349 0.608289 0.00327739 0.000144206
38.9 0.207488 0.0325139 -0.129533 0.608222 0.00327475 0.000126645
38.91 0.206763 0.0323897 -0.12875 0.608398 0.00327743 0.000116353
38.92 0.206035 0.0324078 -0.127962 0.60838 0.00327726 0.000111382
38.93 0.205304 0.0325436 -0.127188 0.608671 0.00328015 0.000111097
38.94 0.204577 0.0327798 -0.12644 0.608688 0.00328653 0.000118578
38.95 0.203855 0.0330622 -0.12567 0.608936 0.00328777 0.000114981
38.96 0.20314 0.0333624 -0.124941 0.608895 0.00329618 0.000113865
38.97 0.202424 0.0336671 -0.124153 0.609021 0.00329161 9.47927e-05
38.98 0.201706 0.0339701 -0.123406 0.60901 0.00329729 8.45367e-05
38.99 0.200979 0.0342953 -0.122591 0.609134 0.00329055 6.59266e-05
39 0.200257 0.0346601 -0.121803 0.609292 0.00329371 7.24531e-05
39.01 0.199545 0.0350219 -0.120982 0.609445 0.00329181 7.49103e-05
39.02 0.198844 0.0352742 -0.120192 0.609671 0.00330289 7.52782e-05
39.03 0.198153 0.0354261 -0.119353 0.609717 0.00330356 6.32107e-05
39.04 0.197455 0.0354872 -0.118524 0.609865 0.00331115 5.69006e-05
39.05 0.196745 0.0354519 -0.117653 0.609831 0.00331123 5.19975e-05
39.06 0.196029 0.0352469 -0.116724 0.609985 0.00330653 3.00266e-05
39.07 0.195306 0.0349266 -0.115801 0.610058 0.00330787 1.34393e-05
39.08 0.194587 0.0345505 -0.114826 0.610282 0.00330446 2.05394e-06
39.09 0.193871 0.0341065 -0.113883 0.610451 0.00331266 1.36943e-05
39.1 0.193171 0.0335641 -0.11289 0.610596 0.00331372 1.73554e-05
39.11 0.192482 0.0328477 -0.111918 0.610721 0.0033224 2.14686e-05
39.12 0.191806 0.0319669 -0.110886 0.610716 0.0033193 -1.80932e-06
39.13 0.191133 0.0309606 -0.10987 0.610841 0.00332368 -1.8831e-05
39.14 0.190463 0.0299154 -0.108802 0.610829 0.0033179 -3.91998e-05
39.15 0.189792 0.0288539 -0.107761 0.611071 0.0033236 -3.91001e-05
39.16 0.189129 0.0277928 -0.106694 0.611124 0.00332259 -3.5582e-05
39.17 0.188476 0.0266948 -0.105652 0.611396 0.00333063 -2.99268e-05
39.18 0.187843 0.0255504 -0.104605 0.611405 0.00333344 -3.18468e-05
39.19 0.18722 0.0243809 -0.103556 0.611554 0.00333708 -4.40083e-05
39.2 0.18661 0.0232112 -0.102526 0.611511 0.00333902 -5.49006e-05
39.21 0.186002 0.0220942 -0.101468 0.611585 0.00333672 -7.33964e-05
39.22 0.185394 0.0210578 -0.100455 0.611649 0.00333955 -7.58165e-05
39.23 0.184789 0.020125 -0.0994126 0.611755 0.00333662 -8.55197e-05
39.24 0.184191 0.019301 -0.098438 0.611967 0.00334481 -7.65698e-05
39.25 0.183604 0.0185744 -0.0974355 0.612017 0.00334358 -8.09718e-05
39.26 0.18303 0.0179309 -0.0965041 0.612223 0.0033541 -7.72061e-05
39.27 0.182468 0.0173643 -0.0955361 0.612119 0.00335044 -9.04146e-05
39.28 0.181908 0.0168885 -0.0946178 0.612286 0.00335621 -0.000100394
39.29 0.181348 0.01651 -0.0936733 0.61217 0.0033506 -0.000117601
39.3 0.180783 0.0162725 -0.0927559 0.612424 0.00335322 -0.000126308
39.31 0.180218 0.0161559 -0.0918458 0.612435 0.00335235 -0.000127455
39.32 0.179658 0.0161578 -0.0909472 0.612724 0.00335682 -0.000127543
39.33 0.179106 0.0162233 -0.0900751 0.612764 0.00336144 -0.000120887
39.34 0.178566 0.0163178 -0.0891843 0.612909 0.00336319 -0.000132337
39.35 0.17803 0.0164183 -0.0883223 0.612917 0.00336798 -0.00013877
39.36 0.177495 0.0165267 -0.0874046 0.612957 0.00336221 -0.000164133
39.37 0.176956 0.0166629 -0.0865285 0.613069 0.00336765 -0.000170906
39.38 0.176413 0.0168151 -0.0855842 0.613155 0.00336057 -0.000186517
39.39 0.17587 0.0169877 -0.0846923 0.61341 0.00337042 -0.000179112
39.4 0.175337 0.0171016 -0.0837393 0.613496 0.00336737 -0.000184936
39.41 0.174814 0.0171557 -0.082823 0.613728 0.00337848 -0.000182787
39.42 0.174302 0.0170742 -0.0818488 0.613712 0.00337572 -0.000197758
39.43 0.173799 0.0168996 -0.0808816 0.613856 0.00338201 -0.000212945
39.44 0.173295 0.016611 -0.0798668 0.613838 0.00337866 -0.00022843
39.45 0.172794 0.0162468 -0.0788345 0.614008 0.0033803 -0.000243775
39.46 0.172291 0.0157962 -0.0777922 0.61412 0.00338313 -0.000243804
39.47 0.1718 0.0152464 -0.0767074 0.614324 0.00338318 -0.0002529
39.48 0.171318 0.0145896 -0.0756563 0.614493 0.00339435 -0.000246208
39.49 0.170858 0.0137867 -0.074533 0.614581 0.00339149 -0.000262058
39.5 0.170405 0.0128806 -0.0734608 0.614692 0.00340438 -0.000262803
39.51 0.169969 0.011831 -0.0722991 0.614662 0.00339649 -0.000288092
39.52 0.169531 0.0107373 -0.0711897 0.614794 0.00340748 -0.000293121
39.53 0.169102 0.00955749 -0.070005 0.614816 0.00339905 -0.000311786
39.54 0.168673 0.00838691 -0.0688742 0.61505 0.00341069 -0.000310407
39.55 0.168261 0.00717331 -0.0677078 0.615146 0.00340844 -0.000313409
39.56 0.167883 0.00598888 -0.0666432 0.615336 0.00343212 -0.000302207
39.57 0.167548 0.00473766 -0.065548 0.61538 0.0034414 -0.000297332
39.58 0.1672 0.00339656 -0.0643627 0.615408 0.00343284 -0.000326051
39.59 0.166843 0.00206696 -0.0632523 0.615453 0.00343607 -0.000349702
39.6 0.16649 0.000837658 -0.0620788 0.615448 0.00342562 -0.000375167
39.61 0.166135 -0.000204661 -0.0610126 0.615646 0.00343628 -0.000360812
39.62 0.165791 -0.00117964 -0.0598986 0.615687 0.00343312 -0.000363707
39.63 0.165461 -0.00203112 -0.0588775 0.615966 0.00344832 -0.000347226
39.64 0.165147 -0.00289795 -0.0578175 0.615935 0.00344663 -0.000369163
39.65 0.164847 -0.0036203 -0.0568294 0.616129 0.00345957 -0.000373255
39.66 0.164553 -0.00427755 -0.0558103 0.616014 0.0034564 -0.000394324
39.67 0.16426 -0.00475792 -0.0548342 0.616168 0.00346447 -0.000397734
39.68 0.163964 -0.00513943 -0.053846 0.616145 0.00346266 -0.000403398
39.69 0.163667 -0.00540875 -0.0528719 0.616357 0.00346761 -0.00041181
39.7 0.163373 -0.005572 -0.051927 0.616473 0.00347235 -0.000410769
39.71 0.163088 -0.00567632 -0.0509627 0.616645 0.00347542 -0.000425546
39.72 0.162809 -0.00566438 -0.0500617 0.616767 0.00348646 -0.000417413
39.73 0.162544 -0.00566696 -0.0491006 0.616782 0.00348491 -0.000439368
39.74 0.162276 -0.00558227 -0.0482042 0.616894 0.00349619 -0.000435218
39.75 0.162013 -0.00555251 -0.0472286 0.616857 0.00349021 -0.000464376
39.76 0.161741 -0.00544614 -0.0463069 0.617085 0.00350085 -0.000462759
39.77 0.161472 -0.00538354 -0.0453208 0.617121 0.00349702 -0.000480833
39.78 0.161206 -0.00529176 -0.0443765 0.61744 0.00350977 -0.0004752
39.79 0.160952 -0.0052762 -0.0433891 0.617467 0.00351061 -0.00048215
39.8 0.160709 -0.00533144 -0.0424173 0.617696 0.00352228 -0.000487436
39.81 0.160477 -0.00548942 -0.0414159 0.617645 0.00352454 -0.000497332
39.82 0.16025 -0.0057644 -0.0403898 0.617773 0.00352984 -0.000517746
39.83 0.160023 -0.00610343 -0.0393551 0.617791 0.00353382 -0.000522457
39.84 0.159797 -0.00656421 -0.0382692 0.617954 0.00353479 -0.000542081
39.85 0.159573 -0.00706653 -0.0372082 0.618131 0.00354497 -0.000532607
39.86 0.159362 -0.00772165 -0.0360896 0.618281 0.00354582 -0.000548272
39.87 0.159164 -0.00844529 -0.0350165 0.618464 0.00356123 -0.000538395
39.88 0.158984 -0.00934402 -0.0338776 0.618468 0.00356015 -0.000560582
39.89 0.158812 -0.0103062 -0.0327794 0.618579 0.00357453 -0.000560929
39.9 0.158646 -0.0113972 -0.0316132 0.618535 0.00357007 -0.000583757
39.91 0.158478 -0.0125025 -0.030479 0.618691 0.00358215 -0.000584063
39.92 0.158314 -0.0136802 -0.0293033 0.618762 0.00357975 -0.000594563
39.93 0.158156 -0.0148603 -0.0281515 0.618969 0.00359134 -0.000593697
39.94 0.158009 -0.016078 -0.0270021 0.619091 0.00359532 -0.000595068
39.95 0.157877 -0.0173101 -0.0258572 0.619185 0.00360453 -0.000603639
39.96 0.157754 -0.0185344 -0.0247397 0.619251 0.00361172 -0.000604732
39.97 0.157639 -0.0197582 -0.0235969 0.61922 0.00361399 -0.000625067
39.98 0.157519 -0.0208908 -0.0224996 0.619324 0.00362233 -0.000621961
39.99 0.1574 -0.0219904 -0.0213624 0.619326 0.00361991 -0.000641985
40 0.157275 -0.0229362 -0.0202924 0.619555 0.00363196 -0.000630053
40.01 0.157157 -0.0238517 -0.0191886 0.619612 0.00362991 -0.000647429
40.02 0.157042 -0.0245916 -0.0181614 0.61984 0.00364558 -0.000634972
40.03 0.15697 -0.0253113 -0.017152 0.619836 0.00365286 -0.000651703
40.04 0.156927 -0.0258643 -0.0161769 0.619945 0.00367029 -0.000646444
40.05 0.156865 -0.026385 -0.0151392 0.619915 0.00366157 -0.000665579
40.06 0.156781 -0.0267388 -0.0141493 0.619995 0.00366877 -0.000672901
40.07 0.156688 -0.0269948 -0.0131548 0.620104 0.00366599 -0.000679923
40.08 0.15659 -0.0271116 -0.0121815 0.620236 0.00367202 -0.000686963
40.09 0.156492 -0.0271112 -0.0112512 0.620467 0.00368102 -0.000677996
40.1 0.156389 -0.0270335 -0.0103176 0.620516 0.00368799 -0.000682276
40.11 0.156277 -0.0268673 -0.00943729 0.620709 0.00370356 -0.000665079
40.12 0.156169 -0.0268286 -0.00847776 0.620616 0.00369954 -0.000706227
40.13 0.156049 -0.0266701 -0.00757702 0.620806 0.00371218 -0.0007116
40.14 0.155928 -0.0265423 -0.00661278 0.620748 0.00370787 -0.000743346
40.15 0.155795 -0.0262221 -0.00568853 0.621042 0.00372104 -0.000716914
40.16 0.155667 -0.0260272 -0.00472694 0.621092 0.0037221 -0.000725804
40.17 0.155543 -0.02581 -0.0037841 0.621374 0.00373586 -0.00071382
40.18 0.15543 -0.025774 -0.00281952 0.62141 0.00374003 -0.000734458
40.19 0.155324 -0.0257654 -0.00185371 0.621533 0.00375122 -0.000746265
40.2 0.155222 -0.0258261 -0.000867305 0.621552 0.00375594 -0.00075022
40.21 0.155115 -0.0259755 0.000146336 0.621603 0.00376205 -0.000761541
40.22 0.155005 -0.0261588 0.00116793 0.621749 0.00376894 -0.000746305
40.23 0.154897 -0.026559 0.00222973 0.621842 0.00377188 -0.000770445
40.24 0.154789 -0.0269521 0.00327409 0.622095 0.00378371 -0.000752426
40.25 0.154694 -0.0275939 0.0043574 0.622146 0.00378578 -0.000783526
40.26 0.154604 -0.028179 0.00541164 0.622338 0.00380112 -0.000760674
40.27 0.154524 -0.0290048 0.00651008 0.622283 0.00380059 -0.000786723
40.28 0.154445 -0.0297951 0.00758696 0.622403 0.00381466 -0.000770802
40.29 0.154362 -0.0307693 0.00870763 0.622379 0.00381153 -0.000790478
40.3 0.154278 -0.0317321 0.00981076 0.622544 0.00382358 -0.000786679
40.31 0.154188 -0.0327624 0.0109338 0.62265 0.00382299 -0.000790706
40.32 0.154106 -0.0338173 0.0120411 0.622824 0.00383381 -0.000795472
40.33 0.154022 -0.0348388 0.0131355 0.622944 0.00383848 -0.000784814
40.34 0.15395 -0.0359346 0.014227 0.622984 0.00384552 -0.000803007
40.35 0.153871 -0.0369079 0.0152898 0.623046 0.0038529 -0.000786486
40.36 0.153795 -0.0379605 0.0163696 0.623008 0.00385354 -0.00081497
40.37 0.153701 -0.0388079 0.017414 0.623136 0.00386216 -0.000793044
40.38 0.153603 -0.0397043 0.0184807 0.623184 0.00385896 -0.000819268
40.39 0.153492 -0.0403709 0.0194962 0.623411 0.00387052 -0.000796243
40.4 0.153384 -0.0410475 0.0205169 0.6235 0.00386907 -0.000815573
40.41 0.153269 -0.0415259 0.0214904 0.623649 0.00388135 -0.000802269
40.42 0.153156 -0.0419646 0.0224571 0.623672 0.00388106 -0.000817332
40.43 0.153032 -0.0422394 0.0234027 0.623695 0.00388934 -0.00081696
40.44 0.152896 -0.0423962 0.0243365 0.623766 0.00388934 -0.000819482
40.45 0.152746 -0.0424444 0.02527 0.623807 0.00389372 -0.000827156
40.46 0.152608 -0.0423318 0.0261484 0.624044 0.00390322 -0.000814415
40.47 0.152488 -0.0422074 0.027045 0.624114 0.00391032 -0.000832373
40.48 0.152345 -0.0419087 0.0279513 0.624384 0.00391129 -0.000816926
40.49 0.152187 -0.0416477 0.0288406 0.624351 0.0039138 -0.000845998
40.5 0.152022 -0.0411926 0.0297211 0.62453 0.00391818 -0.000826203
40.51 0.151846 -0.0408027 0.0306009 0.624449 0.00391881 -0.000851402
40.52 0.151657 -0.0402662 0.0314767 0.624629 0.00392612 -0.000830736
40.53 0.151457 -0.0398298 0.0323729 0.624673 0.003925 -0.000852262
40.54 0.151246 -0.039323 0.0332615 0.624903 0.00393438 -0.000840751
40.55 0.15103 -0.0389056 0.0341683 0.625051 0.00393477 -0.000854509
40.56 0.150814 -0.0384961 0.0350682 0.62519 0.00394445 -0.000852602
40.57 0.150593 -0.0381495 0.0359799 0.625303 0.00394722 -0.000853276
40.58 0.150374 -0.0379053 0.0369037 0.625287 0.00395328 -0.000862931
40.59 0.150143 -0.0376955 0.0378416 0.625409 0.0039568 -0.00085279
40.6 0.149907 -0.0376614 0.0388049 0.625386 0.00395885 -0.000872223
40.61 0.149656 -0.037631 0.0397854 0.625639 0.00396327 -0.000853737
40.62 0.149406 -0.0378173 0.0407771 0.625682 0.00396481 -0.000877218
40.63 0.149148 -0.0379904 0.0417837 0.62597 0.00397128 -0.000854852
40.64 0.148896 -0.0383942 0.0427837 0.625954 0.0039731 -0.000879591
40.65 0.148642 -0.038779 0.0437987 0.626116 0.00398017 -0.000860325
40.66 0.148387 -0.0393607 0.0448119 0.626033 0.00397986 -0.000880419
40.67 0.148122 -0.0399245 0.0458438 0.626142 0.0039849 -0.000866674
40.68 0.147848 -0.040617 0.0468788 0.626176 0.00398334 -0.000874684
40.69 0.147563 -0.0413245 0.0479263 0.626339 0.00398649 -0.000871886
40.7 0.147272 -0.0420734 0.0489631 0.626503 0.00398682 -0.000869127
40.71 0.146979 -0.0428671 0.0499917 0.626604 0.00399015 -0.000879932
40.72 0.14668 -0.0435964 0.0510099 0.62673 0.00399124 -0.000867207
40.73 0.14638 -0.044387 0.0520014 0.626685 0.00399393 -0.000887678
40.74 0.146065 -0.0450128 0.0530061 0.626777 0.00399288 -0.000864598
40.75 0.145739 -0.045709 0.0539726 0.626744 0.00399348 -0.000889024
40.76 0.145394 -0.0461829 0.0549625 0.626926 0.0039919 -0.000862055
40.77 0.145036 -0.0467172 0.0559063 0.627016 0.00399097 -0.000887494
40.78 0.144664 -0.0470195 0.0568569 0.627218 0.00399187 -0.000867927
40.79 0.144285 -0.0473251 0.0577591 0.627316 0.00399055 -0.000888553
40.8 0.143894 -0.0474174 0.0586567 0.627383 0.00399275 -0.000878989
40.81 0.143489 -0.047429 0.0595238 0.627438 0.00398905 -0.00088507
40.82 0.143068 -0.0472949 0.0603774 0.627427 0.00399128 -0.000886036
40.83 0.142624 -0.0470149 0.0612318 0.62757 0.00398494 -0.000877977
40.84 0.142165 -0.0466844 0.0620543 0.627629 0.00398765 -0.000893774
40.85 0.141684 -0.0461571 0.0628983 0.627887 0.0039813 -0.000876772
40.86 0.141191 -0.0456541 0.0636923 0.627968 0.00398387 -0.000904742
40.87 0.140684 -0.0449252 0.0645095 0.628171 0.00397995 -0.000880987
40.88 0.140168 -0.0442651 0.065282 0.628167 0.0039802 -0.000910885
40.89 0.139635 -0.0434078 0.0660797 0.628259 0.00397815 -0.000885682
40.9 0.139088 -0.0426386 0.0668559 0.628273 0.00397519 -0.000909672
40.91 0.138522 -0.0417537 0.0676604 0.628391 0.00397395 -0.000891236
40.92 0.137939 -0.0409504 0.0684604 0.628562 0.00396945 -0.00090609
40.93 0.137344 -0.0401384 0.0692787 0.628706 0.00396876 -0.000901512
40.94 0.136736 -0.0393782 0.0700991 0.628927 0.00396421 -0.000906744
40.95 0.136151 -0.0387035 0.0708887 0.628938 0.00397024 -0.00091398
40.96 0.135576 -0.0380459 0.0717158 0.629088 0.00396794 -0.00090384
40.97 0.134982 -0.0375571 0.0725633 0.62899 0.00396315 -0.000920723
40.98 0.134361 -0.0370607 0.0734455 0.62918 0.00395648 -0.000901413
40.99 0.133733 -0.0367793 0.0743176 0.629155 0.00395251 -0.000923265
41 0.133087 -0.0364915 0.0752378 0.629447 0.00394617 -0.000900335
41.01 0.132439 -0.0364326 0.0761232 0.629488 0.00394468 -0.000924555
41.02 0.131781 -0.0363832 0.0770634 0.62971 0.00393818 -0.000907091
41.03 0.131122 -0.0365157 0.0779552 0.629696 0.00393719 -0.00092705
41.04 0.130456 -0.0366624 0.078895 0.62976 0.00393101 -0.000912507
41.05 0.12978 -0.036927 0.0798091 0.629764 0.00392696 -0.000919856
41.06 0.129092 -0.0372384 0.0807448 0.629809 0.00392249 -0.000911911
41.07 0.128392 -0.0376115 0.0816924 0.629969 0.00391426 -0.000911059
41.08 0.127679 -0.0380587 0.0826194 0.630051 0.00391147 -0.000918042
41.09 0.126956 -0.0384823 0.0835776 0.630281 0.00390077 -0.000911309
41.1 0.126222 -0.0389645 0.0844801 0.630281 0.00389792 -0.000927468
41.11 0.125478 -0.0393347 0.0854152 0.630426 0.00388724 -0.000910374
41.12 0.124725 -0.0397448 0.0862821 0.630341 0.00388369 -0.000927506
41.13 0.123955 -0.0400016 0.0871899 0.630462 0.00387333 -0.00090517
41.14 0.123169 -0.0402831 0.0880328 0.630462 0.00386825 -0.000923844
41.15 0.122367 -0.0403967 0.088915 0.630663 0.00385837 -0.000906217
41.16 0.121544 -0.0404958 0.0897422 0.630785 0.00385036 -0.000925192
41.17 0.120708 -0.0404153 0.0905809 0.630955 0.00384144 -0.000915553
41.18 0.119853 -0.0402592 0.0913782 0.631047 0.00383087 -0.000926181
41.19 0.118987 -0.0399382 0.0921535 0.631073 0.00382404 -0.00092365
41.2 0.118101 -0.0394926 0.0929149 0.631131 0.00381277 -0.000920993
41.21 0.1172 -0.0389303 0.0936431 0.631142 0.00380675 -0.000926279
41.22 0.116275 -0.0382256 0.0943894 0.631317 0.00379479 -0.000914863
41.23 0.115335 -0.0374659 0.0950907 0.631427 0.00378843 -0.000931527
41.24 0.114369 -0.0365544 0.0958361 0.631668 0.00377366 -0.000917674
41.25 0.113382 -0.0356614 0.0964958 0.631754 0.00377083 -0.000948738
41.26 0.112368 -0.0346022 0.0972248 0.631876 0.00375573 -0.000935781
41.27 0.111335 -0.0335058 0.0978837 0.63189 0.003747 -0.00094897
41.28 0.110286 -0.0322687 0.0985902 0.631935 0.00373266 -0.000917793
41.29 0.109225 -0.0311273 0.0992515 0.632042 0.00372385 -0.000930606
41.3 0.108151 -0.0299705 0.0999499 0.632139 0.00371282 -0.00092458
41.31 0.107066 -0.0288975 0.100638 0.632384 0.00370229 -0.000942693
41.32 0.105968 -0.0278136 0.101346 0.632454 0.00369076 -0.000943899
41.33 0.104859 -0.0267653 0.10207 0.632671 0.00367566 -0.00094083
41.34 0.103745 -0.0257891 0.102769 0.632611 0.00366655 -0.000942943
41.35 0.102625 -0.0248704 0.10352 0.632752 0.00364948 -0.000929622
41.36 0.101501 -0.0241126 0.104213 0.632684 0.00364505 -0.000944732
41.37 0.100371 -0.023398 0.105002 0.632865 0.00362602 -0.000928107
41.38 0.0992303 -0.0228677 0.105728 0.632928 0.00362055 -0.000948343
41.39 0.0980821 -0.0223625 0.106555 0.633134 0.00359951 -0.000926903
41.4 0.0969245 -0.0220498 0.107327 0.633246 0.00358877 -0.000946707
41.41 0.0957626 -0.0217666 0.108156 0.633317 0.0035695 -0.000928947
41.42 0.0945964 -0.0216384 0.108946 0.63338 0.00355649 -0.000943379
41.43 0.0934292 -0.0215418 0.109756 0.633327 0.00354154 -0.000930409
41.44 0.092256 -0.0215398 0.11056 0.633448 0.00352793 -0.000932853
41.45 0.0910794 -0.0215932 0.111363 0.633438 0.00351499 -0.000927893
41.46 0.0898886 -0.0216883 0.112201 0.633697 0.00349648 -0.000923633
41.47 0.0886894 -0.0218463 0.113002 0.633726 0.00348269 -0.000932288
41.48 0.0874759 -0.0219652 0.113855 0.633968 0.00345888 -0.000922472
41.49 0.0862553 -0.0221125 0.114622 0.633906 0.00344658 -0.00093619
41.5 0.0850262 -0.0221528 0.115443 0.634031 0.00342329 -0.000917628
41.51 0.0837911 -0.0221941 0.116165 0.633955 0.00341411 -0.000929205
41.52 0.0825457 -0.0221137 0.116947 0.634096 0.00339295 -0.000910223
41.53 0.0812874 -0.0220115 0.117652 0.634171 0.00338285 -0.000922486
41.54 0.0800114 -0.0217802 0.118412 0.634364 0.00335937 -0.000911826
41.55 0.0787162 -0.0214772 0.119112 0.634521 0.00334425 -0.000922305
41.56 0.0774039 -0.0210247 0.119826 0.634607 0.00332025 -0.000916963
41.57 0.0760768 -0.0204557 0.120498 0.634711 0.00330258 -0.000918021
41.58 0.074739 -0.0197427 0.121127 0.634677 0.00328572 -0.000915091
41.59 0.0733909 -0.0189111 0.121768 0.634803 0.00326716 -0.000907889
41.6 0.0720286 -0.0179695 0.122338 0.634825 0.00325598 -0.000911733
41.61 0.0706509 -0.0169223 0.122977 0.63506 0.00323277 -0.000902425
41.62 0.0692533 -0.0157933 0.123532 0.635169 0.00322024 -0.00091386
41.63 0.0678377 -0.0145599 0.12417 0.635379 0.0031916 -0.000902674
41.64 0.0664058 -0.013265 0.124709 0.635448 0.00317781 -0.000914477
41.65 0.0649644 -0.0118769 0.125311 0.635513 0.00315081 -0.00089828
41.66 0.0635163 -0.0104767 0.125824 0.635561 0.00314009 -0.000906874
41.67 0.0620642 -0.00902449 0.126388 0.635591 0.00311865 -0.000890993
41.68 0.0606042 -0.0076197 0.126919 0.635756 0.00310585 -0.000898175
41.69 0.0591342 -0.00620425 0.127483 0.635854 0.00308536 -0.000888992
41.7 0.0576519 -0.00486727 0.128072 0.636095 0.00306379 -0.000892253
41.71 0.056158 -0.00355101 0.128649 0.636154 0.00304228 -0.000889616
41.72 0.0546599 -0.00232364 0.129263 0.636298 0.00301757 -0.000884453
41.73 0.0531604 -0.00115357 0.129826 0.636263 0.00300061 -0.000885521
41.74 0.051666 -8.19477e-05 0.130441 0.636329 0.00297885 -0.000871129
41.75 0.0501725 0.000885562 0.131005 0.63636 0.00296635 -0.000875629
41.76 0.0486815 0.00174458 0.131654 0.636485 0.00294261 -0.000857588
41.77 0.0471836 0.00246267 0.132258 0.636654 0.00292833 -0.000868153
41.78 0.0456817 0.00308808 0.132958 0.636763 0.00289716 -0.000852432
41.79 0.0441708 0.00358261 0.133598 0.63692 0.00287962 -0.000862988
41.8 0.0426627 0.00402411 0.134297 0.636874 0.00284904 -0.000846364
41.81 0.0411474 0.00431426 0.134917 0.636976 0.00283918 -0.000856235
41.82 0.0396316 0.00456837 0.135584 0.636882 0.00281664 -0.000847643
41.83 0.0381096 0.00477988 0.136246 0.637077 0.00279891 -0.000836223
41.84 0.0365848 0.00497547 0.136914 0.637084 0.00277534 -0.00081926
41.85 0.0350542 0.0050688 0.137611 0.637362 0.00275048 -0.00081215
41.86 0.033517 0.0051304 0.138267 0.637384 0.00272789 -0.000820882
41.87 0.0319751 0.00519351 0.138965 0.637558 0.00269809 -0.000817791
41.88 0.0304344 0.00532807 0.139566 0.637513 0.00268262 -0.000821731
41.89 0.0288964 0.00554755 0.14022 0.637572 0.00265401 -0.000798941
41.9 0.0273646 0.0058109 0.140764 0.637604 0.00264635 -0.000798074
41.91 0.0258297 0.00614484 0.14138 0.637695 0.00261849 -0.000781087
41.92 0.0242891 0.00650971 0.141917 0.637895 0.00260799 -0.000791758
41.93 0.0227311 0.00700618 0.142521 0.637997 0.00257457 -0.000783441
41.94 0.0211618 0.00759193 0.143058 0.638222 0.00255749 -0.000788097
41.95 0.0195789 0.00835309 0.143609 0.638204 0.0025249 -0.00077557
41.96 0.0179952 0.00920149 0.144103 0.638349 0.002508 -0.000770027
41.97 0.016409 0.0101967 0.144556 0.638278 0.00248791 -0.000762532
41.98 0.014828 0.011259 0.145012 0.638452 0.00247067 -0.000755408
41.99 0.0132367 0.012444 0.145413 0.638504 0.00245671 -0.000756655
42 0.0116399 0.0137028 0.14588 0.638753 0.00243007 -0.0007458
42.01 0.0100379 0.0150138 0.146303 0.638882 0.00240989 -0.000761221
42.02 0.00843908 0.0164088 0.146781 0.639043 0.00237502 -0.000757162
42.03 0.00683527 0.0179503 0.147145 0.639099 0.00236309 -0.000749327
42.04 0.0052379 0.0195679 0.147575 0.639115 0.00233038 -0.000717345
42.05 0.00364315 0.0211333 0.147894 0.639175 0.0023272 -0.000713935
42.06 0.00205552 0.0226595 0.148292 0.639229 0.0022998 -0.000708983
42.07 0.000463521 0.0241096 0.148641 0.639424 0.00229301 -0.000720802
42.08 -0.00113629 0.0255987 0.149064 0.639552 0.00226198 -0.000713774
42.09 -0.00274696 0.027016 0.149492 0.639754 0.00224009 -0.000706232
42.1 -0.00436364 0.0284259 0.149922 0.639798 0.00221047 -0.000694125
42.11 -0.00597427 0.0296867 0.150366 0.639865 0.00218643 -0.000684786
42.12 -0.00757291 0.0308858 0.150754 0.639848 0.00217033 -0.000684487
42.13 -0.00915433 0.0319501 0.151194 0.639889 0.00214948 -0.000672703
42.14 -0.0107217 0.0329345 0.151576 0.639995 0.00214149 -0.000672853
42.15 -0.0122847 0.0338002 0.152077 0.640105 0.00211073 -0.000654416
42.16 -0.0138466 0.0345395 0.152511 0.640314 0.00209904 -0.000657548
42.17 -0.0154113 0.0351839 0.153069 0.640359 0.00205779 -0.000642091
42.18 -0.0169703 0.0356931 0.153529 0.640504 0.00204545 -0.000648186
42.19 -0.018518 0.0361754 0.154056 0.640416 0.00201123 -0.000631296
42.2 -0.020043 0.0365354 0.1545 0.64052 0.00200397 -0.000628335
42.21 -0.0215519 0.0368893 0.15498 0.640471 0.00198104 -0.000611588
42.22 -0.0230431 0.0371194 0.155445 0.640658 0.00196995 -0.000605147
42.23 -0.0245343 0.0373437 0.155932 0.640748 0.00194676 -0.00060091
42.24 -0.026025 0.0375055 0.156451 0.640941 0.00192159 -0.000593622
42.25 -0.027522 0.0377023 0.156935 0.641038 0.00189866 -0.000595273
42.26 -0.0290144 0.0379219 0.157452 0.641074 0.00186682 -0.000578815
42.27 -0.0304971 0.0381941 0.157857 0.641129 0.0018578 -0.000578315
42.28 -0.0319632 0.0385288 0.158315 0.641086 0.00183003 -0.000556929
42.29 -0.0334161 0.0388977 0.158653 0.641253 0.0018313 -0.000559395
42.3 -0.034865 0.039364 0.159086 0.641295 0.00180105 -0.000542688
42.31 -0.0363176 0.0398731 0.159433 0.641589 0.00179484 -0.000546978
42.32 -0.0377844 0.0405264 0.159867 0.641635 0.00175645 -0.000534792
42.33 -0.0392563 0.041247 0.160206 0.64186 0.00174347 -0.000533686
42.34 -0.0407316 0.0421315 0.160569 0.641795 0.00171195 -0.000523586
42.35 -0.0421945 0.0430917 0.160843 0.641924 0.00170274 -0.000513681
42.36 -0.0436469 0.0441949 0.161095 0.641891 0.00168861 -0.000505872
42.37 -0.0450875 0.045351 0.161348 0.642078 0.00167458 -0.000492586
42.38 -0.046531 0.0466098 0.16156 0.642201 0.00166572 -0.000492188
42.39 -0.0479811 0.0479163 0.16186 0.642413 0.00163325 -0.000480037
42.4 -0.0494431 0.0492985 0.162067 0.642557 0.0016231 -0.000483763
42.41 -0.0509077 0.0507454 0.162367 0.642623 0.00158307 -0.000467993
42.42 -0.0523642 0.0522262 0.162521 0.642698 0.00158229 -0.000467245
42.43 -0.0538041 0.0537591 0.16276 0.642667 0.00155061 -0.00044696
42.44 -0.0552229 0.0552461 0.162875 0.642803 0.00155772 -0.000443449
42.45 -0.0566292 0.0567424 0.163097 0.642849 0.0015294 -0.000429002
42.46 -0.0580284 0.0581373 0.163269 0.64309 0.00152488 -0.000427019
42.47 -0.0594285 0.0595245 0.163516 0.643178 0.00149455 -0.000420004
42.48 -0.0608357 0.0607551 0.163748 0.643347 0.00147828 -0.000422746
42.49 -0.0622312 0.0619387 0.163989 0.643356 0.00145707 -0.000432177
42.5 -0.0635998 0.0630881 0.164274 0.643386 0.00142872 -0.000414531
42.51 -0.06494 0.0642607 0.16444 0.643404 0.00142815 -0.00038524
42.52 -0.0662476 0.065268 0.164716 0.643445 0.00140111 -0.000351656
42.53 -0.0675326 0.0660612 0.16489 0.643602 0.00140621 -0.000356928
42.54 -0.068807 0.0666844 0.16522 0.643704 0.00137061 -0.000360557
42.55 -0.0700712 0.0672098 0.165463 0.643894 0.00136742 -0.000373689
42.56 -0.0713342 0.0677395 0.165834 0.643919 0.00132523 -0.000354683
42.57 -0.0725741 0.0681796 0.166096 0.643993 0.00132084 -0.000340311
42.58 -0.0737939 0.0685707 0.166414 0.643947 0.00129362 -0.000318005
42.59 -0.0749759 0.0687875 0.166658 0.644002 0.00129321 -0.000314975
42.6 -0.0761386 0.0689736 0.166931 0.644073 0.00127935 -0.000312757
42.61 -0.0772816 0.0690716 0.16722 0.644211 0.0012669 -0.000308714
42.62 -0.0784226 0.0692126 0.167508 0.644395 0.00125207 -0.000302902
42.63 -0.0795632 0.0693205 0.167864 0.644479 0.00122055 -0.000287208
42.64 -0.0807 0.0694636 0.16812 0.644609 0.0012123 -0.000283537
42.65 -0.0818223 0.0696066 0.16845 0.644555 0.00117944 -0.000269612
42.66 -0.0829219 0.0697996 0.168605 0.644666 0.00118989 -0.000269753
42.67 -0.0839993 0.0700591 0.168874 0.64463 0.00116261 -0.000253118
42.68 -0.0850618 0.0703704 0.168998 0.644861 0.00117425 -0.000250126
42.69 -0.0861235 0.0707816 0.169251 0.644927 0.00114356 -0.000234665
42.7 -0.0871874 0.0712276 0.16941 0.645196 0.00113954 -0.000234178
42.71 -0.0882609 0.0718109 0.169634 0.645233 0.00110876 -0.000225826
42.72 -0.0893292 0.0724559 0.169779 0.645376 0.00109788 -0.000220969
42.73 -0.0903864 0.0732666 0.169894 0.645358 0.00108463 -0.000210625
42.74 -0.0914237 0.0741345 0.169985 0.645432 0.00107454 -0.00019642
42.75 -0.0924416 0.0751275 0.169996 0.645522 0.00107897 -0.000188663
42.76 -0.0934505 0.0761468 0.170097 0.645645 0.00105683 -0.000176311
42.77 -0.0944573 0.0772583 0.170093 0.645873 0.00106155 -0.000176188
42.78 -0.0954692 0.0784081 0.170233 0.645962 0.00102337 -0.0001648
42.79 -0.0964782 0.0796329 0.170229 0.64616 0.00102534 -0.000163074
42.8 -0.0974803 0.0809031 0.17033 0.64611 0.000990603 -0.000146724
42.81 -0.0984545 0.0821913 0.170282 0.646237 0.00099923 -0.00013996
42.82 -0.0994054 0.0834895 0.170309 0.646174 0.000979585 -0.000124837
42.83 -0.100324 0.0847378 0.170258 0.646365 0.00098646 -0.000118135
42.84 -0.10123 0.0859704 0.170281 0.646431 0.000970341 -0.000108478
42.85 -0.102122 0.0871129 0.170315 0.646659 0.000957777 -0.000102022
42.86 -0.10301 0.0882382 0.170363 0.646741 0.000941884 -9.43764e-05
42.87 -0.103882 0.0892485 0.170457 0.646834 0.00091586 -8.48248e-05
42.88 -0.10473 0.0902337 0.170466 0.646837 0.00091546 -7.52519e-05
42.89 -0.10554 0.0910768 0.170546 0.646831 0.000892927 -6.19642e-05
42.9 -0.106311 0.0918593 0.170518 0.646894 0.000907394 -5.24458e-05
42.91 -0.107052 0.0924895 0.170621 0.646962 0.000882666 -3.92306e-05
42.92 -0.107768 0.0930209 0.170642 0.647146 0.000892056 -3.39175e-05
42.93 -0.108474 0.0934237 0.170815 0.647244 0.000856692 -2.52418e-05
42.94 -0.109165 0.0937348 0.170898 0.647383 0.000856311 -1.95347e-05
42.95 -0.109838 0.0939769 0.171072 0.647381 0.000826037 -7.11549e-06
42.96 -0.110478 0.0941181 0.17115 0.647414 0.000827525 4.01559e-06
42.97 -0.111083 0.0942188 0.17125 0.647408 0.000817869 1.77102e-05
42.98 -0.111654 0.0941948 0.171334 0.647478 0.000815925 2.73385e-05
42.99 -0.1122 0.0941628 0.171406 0.647611 0.000816273 3.60562e-05
43 -0.112724 0.0940048 0.171574 0.64774 0.000793076 3.66668e-05
43.01 -0.113227 0.093898 0.171662 0.647925 0.00079274 3.73766e-05
43.02 -0.113725 0.0938111 0.171841 0.647961 0.00076153 5.7037e-05
43.03 -0.114202 0.0938034 0.17187 0.648068 0.000771011 7.73943e-05
43.04 -0.114664 0.0937557 0.171994 0.648011 0.000745586 9.31491e-05
43.05 -0.115096 0.0937337 0.171949 0.64813 0.00076629 9.68387e-05
43.06 -0.115515 0.0937337 0.172016 0.648158 0.000746939 9.91598e-05
43.07 -0.11592 0.0938303 0.171979 0.648378 0.000758177 0.000107624
43.08 -0.116332 0.0940279 0.172026 0.64851 0.000738082 0.000120035
43.09 -0.116743 0.0942952 0.172034 0.648686 0.000729776 0.000134821
43.1 -0.117158 0.0946693 0.172019 0.648775 0.000718605 0.000144134
43.11 -0.117559 0.0950804 0.171998 0.64879 0.000705905 0.000152648
43.12 -0.117941 0.0956368 0.171867 0.648864 0.000715141 0.00016011
43.13 -0.1183 0.0962317 0.171793 0.648862 0.000703647 0.00017281
43.14 -0.11864 0.0969714 0.171599 0.649078 0.000721658 0.000185887
43.15 -0.118975 0.0977037 0.17154 0.649153 0.000698788 0.000197055
43.16 -0.119306 0.0985489 0.171366 0.649435 0.000708298 0.000206251
43.17 -0.119636 0.0993794 0.171315 0.649449 0.000678943 0.000212297
43.18 -0.119951 0.100312 0.171139 0.649615 0.000685055 0.00022312
43.19 -0.120246 0.101244 0.171016 0.649533 0.000670105 0.000235058
43.2 -0.120504 0.102202 0.170808 0.649646 0.000679358 0.000248857
43.21 -0.120734 0.103144 0.170624 0.649646 0.000679132 0.0002615
43.22 -0.120936 0.104021 0.17045 0.649833 0.000678368 0.000270339
43.23 -0.121123 0.104887 0.170285 0.649955 0.000677999 0.000279562
43.24 -0.121296 0.105651 0.170193 0.65011 0.000659283 0.000287527
43.25 -0.12145 0.106418 0.170039 0.650196 0.000662328 0.000299653
43.26 -0.121578 0.107047 0.169971 0.650195 0.000640512 0.000310124
43.27 -0.121668 0.10766 0.169783 0.650235 0.000657356 0.000324308
43.28 -0.12172 0.108099 0.169698 0.6502 0.000642907 0.000333601
43.29 -0.121734 0.108492 0.169518 0.650343 0.000662424 0.000345695
43.3 -0.121722 0.108724 0.169458 0.650397 0.000647702 0.000354483
43.31 -0.12169 0.108884 0.169358 0.650617 0.000653353 0.000365271
43.32 -0.121642 0.10893 0.169332 0.650664 0.000638209 0.000375628
43.33 -0.121573 0.108883 0.169286 0.650782 0.000634295 0.000386624
43.34 -0.121475 0.108764 0.169225 0.650748 0.000633487 0.000398078
43.35 -0.121345 0.108539 0.169178 0.650776 0.000629934 0.000409603
43.36 -0.121179 0.108282 0.169063 0.650804 0.000645569 0.000421848
43.37 -0.120991 0.107908 0.169033 0.650897 0.000636326 0.000431725
43.38 -0.120783 0.107549 0.168927 0.651074 0.000652152 0.000444661
43.39 -0.12057 0.107092 0.168931 0.651193 0.000632635 0.000453345
43.4 -0.120343 0.106693 0.16885 0.651356 0.000642503 0.000466623
43.41 -0.12011 0.10624 0.168828 0.651362 0.000626078 0.000476311
43.42 -0.11985 0.105861 0.168712 0.651424 0.000639248 0.000490286
43.43 -0.119573 0.105475 0.168608 0.651411 0.000637274 0.000501665
43.44 -0.119269 0.10515 0.168459 0.651516 0.00064994 0.000514845
43.45 -0.118956 0.104868 0.168304 0.651648 0.000654223 0.000525939
43.46 -0.118633 0.104639 0.168174 0.65182 0.000652817 0.000537888
43.47 -0.118313 0.10451 0.168003 0.652005 0.000656129 0.000549351
43.48 -0.117985 0.104426 0.167871 0.652071 0.000645465 0.000561263
43.49 -0.117668 0.10449 0.167672 0.652174 0.00065063 0.000573805
43.5 -0.11735 0.104583 0.167487 0.652128 0.000642228 0.000584865
43.51 -0.116994 0.104834 0.167172 0.652256 0.000666757 0.000599399
43.52 -0.116611 0.105088 0.16692 0.652276 0.000664717 0.000612764
43.53 -0.116209 0.105467 0.166601 0.652525 0.000682714 0.000624864
43.54 -0.115799 0.105846 0.166356 0.652607 0.000674332 0.000635971
43.55 -0.115376 0.106329 0.166068 0.65283 0.000679839 0.000647491
43.56 -0.114937 0.106822 0.1658 0.652831 0.000675349 0.000659773
43.57 -0.114474 0.107371 0.165506 0.652916 0.000678177 0.000672789
43.58 -0.113977 0.107922 0.165175 0.652886 0.000688422 0.000685247
43.59 -0.11345 0.108452 0.164873 0.652955 0.000689509 0.00069538
43.6 -0.112892 0.108991 0.164521 0.65306 0.000706191 0.000707615
43.61 -0.112314 0.109449 0.164256 0.653183 0.000698336 0.000716662
43.62 -0.111709 0.109928 0.163935 0.653381 0.000711625 0.00073139
43.63 -0.111089 0.110279 0.163709 0.653414 0.000698375 0.000741306
43.64 -0.110432 0.110632 0.163406 0.653541 0.000712118 0.000755041
43.65 -0.109747 0.110831 0.16317 0.653438 0.000706582 0.000763817
43.66 -0.109021 0.111004 0.162877 0.653541 0.000722244 0.000775824
43.67 -0.108266 0.111022 0.162621 0.653488 0.000727262 0.000785186
43.68 -0.10748 0.110977 0.162384 0.653698 0.000733545 0.000795893
43.69 -0.106675 0.110811 0.162141 0.653762 0.00074255 0.00080865
43.7 -0.105848 0.110544 0.161976 0.653965 0.000735513 0.000817697
43.71 -0.105002 0.11021 0.16175 0.653994 0.000748542 0.000833996
43.72 -0.10413 0.109734 0.161602 0.654042 0.000740616 0.000840259
43.73 -0.103229 0.109235 0.161366 0.654025 0.000761136 0.000855998
43.74 -0.102303 0.108583 0.161198 0.65404 0.000759006 0.000860904
43.75 -0.101354 0.10794 0.160968 0.654144 0.000779736 0.000875191
43.76 -0.100393 0.107179 0.160794 0.654255 0.000778796 0.000883988
43.77 -0.0994189 0.106444 0.160603 0.654455 0.000789916 0.000898039
43.78 -0.0984372 0.105641 0.160418 0.654544 0.000791183 0.000910965
43.79 -0.0974422 0.104863 0.160244 0.65466 0.000795321 0.00092159
43.8 -0.0964315 0.104076 0.160008 0.654646 0.00080727 0.000935974
43.81 -0.0953903 0.103276 0.159818 0.654698 0.00080947 0.000935559
43.82 -0.0943239 0.102547 0.159538 0.654734 0.000828627 0.000946114
43.83 -0.0932452 0.101871 0.159301 0.654865 0.000832057 0.000958545
43.84 -0.0921565 0.101321 0.158994 0.655032 0.000850796 0.000984336
43.85 -0.0910557 0.100801 0.158761 0.655185 0.000843852 0.00100568
43.86 -0.089931 0.100381 0.15844 0.655343 0.000858339 0.0010244
43.87 -0.0887905 0.099891 0.158132 0.655367 0.000861238 0.00101774
43.88 -0.0876268 0.0995407 0.157782 0.655446 0.000876377 0.0010129
43.89 -0.0864519 0.0992872 0.157414 0.65541 0.000886478 0.00102401
43.9 -0.0852601 0.099208 0.157041 0.655548 0.0008995 0.00104451
43.91 -0.0840613 0.0991681 0.156638 0.65562 0.00091208 0.00107008
43.92 -0.0828521 0.099155 0.156274 0.655845 0.00091555 0.00107485
43.93 -0.0816314 0.0991818 0.155854 0.65596 0.000928634 0.00108526
43.94 -0.0803956 0.0992445 0.155494 0.656083 0.000926121 0.00108398
43.95 -0.0791366 0.0994105 0.155047 0.656116 0.000945014 0.00110292
43.96 -0.0778563 0.099574 0.154664 0.656094 0.000945203 0.00111269
43.97 -0.0765478 0.0997759 0.154202 0.65616 0.000967785 0.00112924
43.98 -0.0752212 0.0998938 0.153805 0.656171 0.000970114 0.00113151
43.99 -0.073871 0.10004 0.153372 0.656391 0.000986821 0.00113968
44 -0.0725055 0.10011 0.152975 0.656448 0.000991189 0.00114674
44.01 -0.071115 0.100204 0.152589 0.656676 0.000999865 0.00115978
44.02 -0.0697046 0.100205 0.152189 0.656625 0.00101101 0.00117631
44.03 -0.0682637 0.100138 0.151839 0.656732 0.00101571 0.00118081
44.04 -0.0668003 0.099964 0.151435 0.656625 0.00103504 0.00119227
44.05 -0.0653105 0.0996822 0.151108 0.656738 0.00103735 0.00118775
44.06 -0.0638011 0.0993394 0.150717 0.65676 0.00106028 0.00120272
44.07 -0.0622746 0.0988823 0.150417 0.656951 0.00105925 0.00120562
44.08 -0.0607316 0.0983743 0.150062 0.657062 0.00108033 0.00122616
44.09 -0.0591729 0.0977132 0.149782 0.657176 0.00107923 0.00122994
44.1 -0.0575953 0.0970019 0.14946 0.657225 0.00109832 0.00124388
44.11 -0.0560018 0.0961379 0.149175 0.657199 0.00110335 0.00124491
44.12 -0.0543905 0.0952431 0.148872 0.657251 0.00112057 0.00125221
44.13 -0.0527704 0.0942434 0.14857 0.657248 0.00113213 0.00125946
44.14 -0.051167 0.0932207 0.148319 0.657434 0.00113649 0.00126344
44.15 -0.049583 0.0921627 0.14802 0.657518 0.0011484 0.00127837
44.16 -0.0479776 0.0910797 0.147732 0.657746 0.00115792 0.00128381
44.17 -0.0463521 0.0899986 0.147387 0.657776 0.00117998 0.00130352
44.18 -0.0447211 0.0888737 0.147109 0.657887 0.00118277 0.0013036
44.19 -0.043078 0.0877941 0.146738 0.657847 0.00120938 0.00131815
44.2 -0.0414347 0.0866807 0.146454 0.657915 0.00120811 0.00131392
44.21 -0.0397862 0.0856753 0.146058 0.657982 0.0012349 0.00132774
44.22 -0.0381417 0.0846636 0.14574 0.658133 0.00123387 0.00132959
44.23 -0.0364922 0.0837898 0.145334 0.658322 0.00125529 0.00134465
44.24 -0.0348425 0.0829355 0.144962 0.658444 0.00126006 0.00135433
44.25 -0.0331813 0.0821982 0.144555 0.65857 0.00127421 0.0013628
44.26 -0.0315162 0.0815038 0.144121 0.658557 0.00128827 0.00137285
44.27 -0.0298395 0.0808946 0.143712 0.658611 0.00129481 0.00137013
44.28 -0.0281568 0.0803775 0.143211 0.658621 0.00131894 0.0013829
44.29 -0.0264684 0.0799122 0.1428 0.658753 0.00131722 0.00137606
44.3 -0.0247735 0.0795909 0.142258 0.658897 0.00134541 0.00139757
44.31 -0.0230714 0.0792694 0.141835 0.659054 0.00134002 0.00139238
44.32 -0.0213428 0.0791402 0.141294 0.659193 0.00136458 0.00142447
44.33 -0.0195903 0.0789512 0.140844 0.659208 0.00136195 0.00142513
44.34 -0.0178126 0.0788061 0.140287 0.659266 0.00138961 0.00142894
44.35 -0.0160201 0.0785841 0.139811 0.659202 0.00139353 0.00141149
44.36 -0.0142154 0.0784644 0.13929 0.659321 0.0014122 0.00141164
44.37 -0.0124025 0.0783662 0.138782 0.659349 0.00142524 0.00142675
44.38 -0.0105811 0.0782617 0.138314 0.659573 0.00143197 0.00143503
44.39 -0.00874907 0.0781199 0.137788 0.659633 0.00145362 0.00145593
44.4 -0.00690354 0.0778392 0.137369 0.65979 0.00145164 0.00144138
44.41 -0.00504147 0.0775626 0.136847 0.659752 0.00147926 0.00145686
44.42 -0.00316709 0.0771315 0.136452 0.659788 0.00147602 0.00143847
44.43 -0.00127981 0.0767381 0.135958 0.65976 0.00150466 0.00146173
44.44 0.00061079 0.0761502 0.135573 0.659827 0.00150296 0.00144924
44.45 0.00251314 0.0755534 0.135113 0.659956 0.00152867 0.00146644
44.46 0.00441516 0.0747814 0.134736 0.660073 0.00152931 0.00145925
44.47 0.00633226 0.0739744 0.134313 0.660256 0.00155091 0.00146934
44.48 0.00825295 0.0730543 0.133933 0.660254 0.00155862 0.00147514
44.49 0.0101862 0.0720404 0.133559 0.660356 0.00157325 0.00147535
44.5 0.0121207 0.0709558 0.133166 0.660249 0.0015899 0.00148565
44.51 0.0140582 0.069733 0.132836 0.660381 0.00159498 0.00147097
44.52 0.0159908 0.0685242 0.132427 0.660371 0.00161798 0.00148679
44.53 0.0179245 0.0671878 0.132107 0.660619 0.0016177 0.00147157
44.54 0.019856 0.0659397 0.131684 0.6607 0.00164429 0.00149902
44.55 0.0217914 0.0645635 0.131354 0.660893 0.00164338 0.00148803
44.56 0.0237315 0.0632769 0.130923 0.660907 0.00167116 0.00151094
44.57 0.0256708 0.0618838 0.13058 0.660947 0.00167069 0.00149659
44.58 0.0276112 0.0605801 0.130148 0.660955 0.00169499 0.00150495
44.59 0.0295459 0.0592624 0.129765 0.661004 0.00169854 0.00149755
44.6 0.0314762 0.058038 0.129333 0.661158 0.001715 0.00150074
44.61 0.0334039 0.0568893 0.128887 0.661288 0.00172648 0.00151067
44.62 0.0353322 0.0557915 0.128447 0.661492 0.00173601 0.00150827
44.63 0.0372666 0.0548252 0.127944 0.661552 0.00175586 0.00152756
44.64 0.0392042 0.053848 0.127495 0.66164 0.00175988 0.00151099
44.65 0.0411467 0.0530496 0.126959 0.661608 0.00178319 0.00152954
44.66 0.0430859 0.0522223 0.126497 0.661662 0.00178288 0.00150472
44.67 0.0450272 0.0516088 0.125935 0.661713 0.00180656 0.00152503
44.68 0.0469622 0.0509758 0.125445 0.661857 0.00180509 0.00150658
44.69 0.0489056 0.0505321 0.124861 0.662015 0.00182826 0.0015267
44.7 0.0508514 0.0500756 0.124333 0.662137 0.00183127 0.00151769
44.71 0.0528119 0.0497357 0.12375 0.662235 0.00185139 0.0015273
44.72 0.0547773 0.0493933 0.123199 0.662212 0.00185977 0.00152341
44.73 0.0567516 0.0490829 0.12264 0.662245 0.00187307 0.00151612
44.74 0.058724 0.0488078 0.122083 0.662211 0.00188465 0.00151961
44.75 0.0606991 0.0484944 0.121545 0.662341 0.00189148 0.00150292
44.76 0.0626861 0.0482882 0.120983 0.662427 0.00190569 0.0015267
44.77 0.0646895 0.047968 0.120458 0.662615 0.00190864 0.00151346
44.78 0.0667092 0.0476642 0.119866 0.662693 0.0019351 0.00153041
44.79 0.0687386 0.0471673 0.119372 0.662742 0.00193535 0.00149686
44.8 0.070776 0.0467468 0.118811 0.662735 0.0019622 0.00151328
44.81 0.0728082 0.0461576 0.118353 0.662692 0.00196063 0.00149301
44.82 0.0748375 0.0455969 0.117842 0.662776 0.00198124 0.00151164
44.83 0.0768546 0.0448354 0.117392 0.662813 0.00198268 0.00149614
44.84 0.0788731 0.0440367 0.116914 0.663047 0.00199832 0.00149911
44.85 0.0808877 0.0431164 0.116454 0.663093 0.00200771 0.00149498
44.86 0.0829114 0.0421229 0.116001 0.663282 0.00202107 0.00149234
44.87 0.0849322 0.0410772 0.115547 0.663205 0.00203646 0.00150518
44.88 0.086951 0.0398568 0.115138 0.663292 0.00204271 0.00148602
44.89 0.0889585 0.0386458 0.114698 0.663219 0.00206025 0.00150047
44.9 0.0909516 0.0372362 0.114321 0.663362 0.00205894 0.00146805
44.91 0.0929346 0.0359401 0.113868 0.663445 0.00207977 0.00149168
44.92 0.09491 0.0344727 0.113479 0.663643 0.00207952 0.00146743
44.93 0.096884 0.0331404 0.113012 0.663769 0.00210231 0.00149589
44.94 0.0988566 0.0316528 0.1126 0.663844 0.00210616 0.00147588
44.95 0.100826 0.0302629 0.112143 0.663889 0.00212485 0.0014877
44.96 0.102785 0.0288064 0.111721 0.663854 0.00212958 0.0014707
44.97 0.104729 0.0274278 0.111274 0.663942 0.00214086 0.00146707
44.98 0.106661 0.0261233 0.110819 0.663978 0.00214836 0.00146903
44.99 0.10858 0.0248438 0.110349 0.664203 0.00215594 0.00145731
45 0.110499 0.0237291 0.109838 0.664294 0.00217053 0.00147492
45.01 0.112414 0.0225779 0.109342 0.664493 0.00217648 0.00145182
45.02 0.114336 0.0216523 0.108789 0.66448 0.002196 0.0014743
45.03 0.11625 0.0206617 0.108287 0.664545 0.00219807 0.00144279
45.04 0.118162 0.0199186 0.107727 0.664492 0.00221502 0.00146267
45.05 0.120057 0.0191231 0.107211 0.664572 0.00221403 0.00143189
45.06 0.121948 0.0185577 0.106631 0.664665 0.00222888 0.0014477
45.07 0.123829 0.01798 0.106076 0.664821 0.00223118 0.00142794
45.08 0.125721 0.017564 0.105463 0.66498 0.00224758 0.00143643
45.09 0.127604 0.0172013 0.104863 0.665037 0.00225761 0.00143644
45.1 0.129488 0.0168755 0.104253 0.66509 0.00227029 0.00143383
45.11 0.131365 0.0165747 0.103669 0.665027 0.00227957 0.00142949
45.12 0.133237 0.0162084 0.103101 0.665067 0.00228295 0.00139588
45.13 0.1351 0.0159952 0.102515 0.665089 0.00229456 0.00140591
45.14 0.136958 0.0156924 0.101954 0.665235 0.00229534 0.00138181
45.15 0.138817 0.015531 0.10135 0.665369 0.00231266 0.00141042
45.16 0.140683 0.0151679 0.100785 0.665479 0.00231655 0.00138249
45.17 0.142558 0.0148757 0.100192 0.665555 0.00233613 0.00139882
45.18 0.144431 0.0143815 0.0996586 0.665511 0.00233918 0.0013653
45.19 0.146301 0.0139402 0.0991115 0.665544 0.00235371 0.00137515
45.2 0.148156 0.01335 0.0986161 0.665497 0.00235504 0.00135737
45.21 0.149998 0.0127241 0.098107 0.66565 0.00236407 0.00135935
45.22 0.151831 0.0119922 0.097612 0.665714 0.00237054 0.00135487
45.23 0.153659 0.011135 0.0971143 0.665933 0.00237931 0.00134129
45.24 0.155491 0.010247 0.0966154 0.665974 0.00239267 0.00134808
45.25 0.157321 0.0091862 0.0961418 0.666076 0.0024003 0.00132521
45.26 0.159145 0.00815279 0.0956764 0.666027 0.00241269 0.00134156
45.27 0.160951 0.00691424 0.0952434 0.666057 0.00241489 0.00131155
45.28 0.162741 0.00574061 0.094805 0.666088 0.00242402 0.00133019
45.29 0.164507 0.00437633 0.0943821 0.666201 0.00242419 0.00129798
45.3 0.166267 0.00310069 0.0939255 0.666383 0.00243609 0.00131433
45.31 0.168026 0.00172577 0.0934874 0.666497 0.00243825 0.00129544
45.32 0.169797 0.000432837 0.0930107 0.666656 0.00245203 0.0013111
45.33 0.171565 -0.00096264 0.0925475 0.666612 0.00246061 0.00129049
45.34 0.173325 -0.00231549 0.0920861 0.666694 0.00246961 0.00128054
45.35 0.175062 -0.00361498 0.0916389 0.666608 0.00247318 0.00127265
45.36 0.176777 -0.00485399 0.0911754 0.666784 0.00247702 0.00126366
45.37 0.178473 -0.00597097 0.0907058 0.666822 0.00248033 0.00127494
45.38 0.180158 -0.00710742 0.0901941 0.667081 0.00248733 0.00125215
45.39 0.181843 -0.0080705 0.0896718 0.667136 0.0024966 0.00126382
45.4 0.183525 -0.00906095 0.0891316 0.667267 0.00250459 0.00122942
45.41 0.185207 -0.00980313 0.0885859 0.667228 0.00251476 0.00124801
45.42 0.186873 -0.0105685 0.0880563 0.667235 0.00251656 0.00121832
45.43 0.188523 -0.0111007 0.0875042 0.667254 0.00252264 0.00123641
45.44 0.190152 -0.0116623 0.0869622 0.667321 0.00252206 0.00120916
45.45 0.191772 -0.0120439 0.0863723 0.667493 0.0025295 0.00121365
45.46 0.193389 -0.0124082 0.085784 0.667593 0.00253501 0.00119327
45.47 0.195012 -0.0126502 0.0851586 0.667745 0.00254602 0.00118752
45.48 0.196636 -0.0128159 0.0845581 0.667724 0.0025539 0.00118381
45.49 0.198258 -0.0129655 0.0839456 0.667756 0.0025616 0.00116729
45.5 0.199867 -0.0130045 0.08337 0.667692 0.0025651 0.00117603
45.51 0.201457 -0.0131347 0.0827827 0.667756 0.00256744 0.00114615
45.52 0.203035 -0.0131342 0.0822061 0.667825 0.00257104 0.00116008
45.53 0.204602 -0.0132867 0.0816119 0.667977 0.00257581 0.00112397
45.54 0.206173 -0.0133182 0.0810152 0.668108 0.0025851 0.00113858
45.55 0.207747 -0.0135239 0.0804244 0.668177 0.00259387 0.00110545
45.56 0.209323 -0.0136527 0.0798503 0.668211 0.00260294 0.00111708
45.57 0.210889 -0.0139433 0.0793101 0.668158 0.00260793 0.00109371
45.58 0.21244 -0.014231 0.0787838 0.668185 0.0026116 0.00109766
45.59 0.213968 -0.0146475 0.0782907 0.6682 0.00261196 0.00108517
45.6 0.21548 -0.0151507 0.0777735 0.668365 0.00261683 0.0010742
45.61 0.216984 -0.0157272 0.0772824 0.668481 0.00262095 0.00107019
45.62 0.218485 -0.016453 0.0767583 0.668646 0.00263148 0.00104482
45.63 0.21999 -0.0171729 0.0762773 0.66869 0.00263879 0.00105249
45.64 0.221485 -0.0180682 0.0757898 0.668704 0.00264727 0.00102417
45.65 0.222965 -0.0189075 0.0753563 0.668699 0.00264908 0.00104262
45.66 0.224418 -0.0199431 0.0749146 0.668695 0.00265142 0.00101324
45.67 0.225848 -0.0209148 0.0744953 0.668835 0.00265095 0.00102857
45.68 0.227255 -0.0220629 0.0740508 0.66892 0.00265458 0.000995436
45.69 0.228657 -0.0231346 0.073595 0.669162 0.00266051 0.00100086
45.7 0.230053 -0.0242965 0.0731334 0.669189 0.00266819 0.000975252
45.71 0.231447 -0.0253811 0.0726608 0.669336 0.00267684 0.000974787
45.72 0.232829 -0.026458 0.0722211 0.669237 0.00267992 0.000966681
45.73 0.234188 -0.0274999 0.0717648 0.669326 0.00268312 0.00095754
45.74 0.235521 -0.028456 0.0713372 0.66929 0.00268039 0.000960873
45.75 0.236829 -0.0294241 0.0708603 0.669465 0.00268316 0.00093715
45.76 0.238124 -0.0302423 0.0703897 0.669571 0.00268358 0.000942077
45.77 0.239413 -0.0310816 0.069855 0.669741 0.00269371 0.000906597
45.78 0.240705 -0.0317043 0.0693418 0.669826 0.00269764 0.000915851
45.79 0.241991 -0.0323235 0.0687912 0.669831 0.00270824 0.000884311
45.8 0.243267 -0.0327141 0.0682768 0.669846 0.00270764 0.000899505
45.81 0.244521 -0.0330913 0.0677441 0.669791 0.00271116 0.000876452
45.82 0.245752 -0.0332994 0.0672156 0.6699 0.00270798 0.000883174
45.83 0.246965 -0.0334851 0.0666643 0.669943 0.00271051 0.000860813
45.84 0.248169 -0.0335609 0.0660776 0.670162 0.00271478 0.00085005
45.85 0.249377 -0.0335675 0.0654877 0.670204 0.00272179 0.000833019
45.86 0.250585 -0.0334974 0.0648671 0.670337 0.002732 0.000816694
45.87 0.251794 -0.0333207 0.064292 0.670256 0.00273479 0.000816555
45.88 0.252986 -0.0331354 0.0636936 0.670286 0.00274172 0.000800216
45.89 0.254159 -0.032862 0.0631572 0.670233 0.00273555 0.000809253
45.9 0.255295 -0.0326414 0.0625604 0.670337 0.00274264 0.000790233
45.91 0.25641 -0.0323696 0.0620078 0.670441 0.00273809 0.000800893
45.92 0.257513 -0.0322827 0.0614075 0.670588 0.00274931 0.000756241
45.93 0.258622 -0.0321392 0.0608353 0.670702 0.00275252 0.000748095
45.94 0.259732 -0.0320804 0.0602546 0.670714 0.00276472 0.000717914
45.95 0.260839 -0.0319301 0.0597179 0.670734 0.00276548 0.000733485
45.96 0.261926 -0.0319115 0.059206 0.670673 0.00276853 0.000727117
45.97 0.26299 -0.0319434 0.0587095 0.670744 0.00276597 0.000730579
45.98 0.264028 -0.0321492 0.0582322 0.670804 0.00276555 0.000712706
45.99 0.265081 -0.0324462 0.0576888 0.670983 0.00277731 0.000691518
46 0.266151 -0.0328084 0.0571937 0.671112 0.00278361 0.000685309
46.01 0.267207 -0.0332812 0.0566952 0.67121 0.00279157 0.000661492
46.02 0.268245 -0.0337535 0.056255 0.671253 0.00279048 0.000670503
46.03 0.269267 -0.0343755 0.0557968 0.671211 0.002797 0.000645759
46.04 0.270261 -0.0349434 0.0554071 0.67126 0.00278789 0.000664728
46.05 0.271226 -0.0356859 0.0549703 0.671262 0.00279368 0.000639154
46.06 0.272166 -0.0363757 0.0545779 0.671454 0.00278502 0.000649184
46.07 0.273093 -0.0372187 0.0541168 0.671547 0.00279712 0.00061702
46.08 0.274014 -0.0379874 0.053681 0.671755 0.00279708 0.000613996
46.09 0.274934 -0.0388075 0.0532176 0.671774 0.00280984 0.000591795
46.1 0.275842 -0.0395282 0.0527726 0.671839 0.00281215 0.000590429
46.11 0.276735 -0.0402152 0.0523608 0.671784 0.00281202 0.000590396
46.12 0.277593 -0.0408579 0.0519239 0.671817 0.00281211 0.000583048
46.13 0.278427 -0.0414309 0.0515282 0.671886 0.00280332 0.000586218
46.14 0.279233 -0.042006 0.0510455 0.672012 0.00281037 0.000558664
46.15 0.280036 -0.0424361 0.0505945 0.672194 0.00280667 0.00055911
46.16 0.280835 -0.0428566 0.0500538 0.672262 0.00282293 0.000524361
46.17 0.281637 -0.0430597 0.0495745 0.672366 0.00281995 0.000533234
46.18 0.282428 -0.0432377 0.0490365 0.67227 0.00283315 0.000508415
46.19 0.283202 -0.0431899 0.0485748 0.672331 0.00282182 0.000526734
46.2 0.283946 -0.0431454 0.0480609 0.67225 0.002826 0.000507568
46.21 0.284667 -0.042946 0.0475667 0.672437 0.00281721 0.000511358
46.22 0.285374 -0.0427463 0.0470264 0.672472 0.00282168 0.000487129
46.23 0.28608 -0.0424333 0.0464529 0.672698 0.00282737 0.000472783
46.24 0.286792 -0.0420502 0.0458897 0.672696 0.00283278 0.000459064
46.25 0.287504 -0.0415929 0.0452971 0.67277 0.00284322 0.000444745
46.26 0.288207 -0.0410242 0.0447775 0.672692 0.00283769 0.000453062
46.27 0.288887 -0.0404796 0.0442182 0.672693 0.00284327 0.000438931
46.28 0.289541 -0.0398507 0.043738 0.672729 0.00282829 0.000451902
46.29 0.290173 -0.0393515 0.0431694 0.672813 0.00283838 0.000421485
46.3 0.290798 -0.0387776 0.0426648 0.672992 0.00282864 0.000424755
46.31 0.29142 -0.0383432 0.0420737 0.673064 0.0028469 0.000389551
46.32 0.292048 -0.0378282 0.041553 0.673189 0.00284408 0.000394315
46.33 0.292669 -0.0374303 0.0410163 0.673128 0.00285527 0.000375805
46.34 0.293272 -0.037007 0.0405413 0.673165 0.00284918 0.000384125
46.35 0.293847 -0.036696 0.0400885 0.673114 0.00284651 0.000380361
46.36 0.294392 -0.0364619 0.0396393 0.673228 0.00284167 0.000375965
46.37 0.294913 -0.0363335 0.039209 0.67333 0.00283692 0.000369336
46.38 0.295424 -0.0363359 0.0387267 0.673506 0.00284592 0.000344731
46.39 0.29593 -0.0363726 0.0382996 0.673622 0.00284295 0.000340405
46.4 0.296433 -0.0365236 0.0378145 0.673675 0.00286001 0.000316416
46.41 0.296921 -0.0366383 0.0374437 0.673689 0.00284794 0.000330719
46.42 0.297383 -0.0368794 0.0370228 0.673652 0.00285748 0.00031693
46.43 0.297808 -0.0370963 0.0367013 0.673713 0.00283737 0.000333856
46.44 0.298201 -0.0374726 0.0363105 0.67378 0.00284311 0.000311224
46.45 0.298567 -0.037819 0.0359539 0.67397 0.00283198 0.000311141
46.46 0.298929 -0.038262 0.0355331 0.674092 0.00284371 0.00028489
46.47 0.299283 -0.038633 0.0351314 0.674222 0.0028435 0.000279174
46.48 0.299633 -0.0390137 0.0347259 0.674233 0.00285025 0.000267308
46.49 0.299961 -0.0393053 0.0343355 0.674224 0.00284897 0.000266469
46.5 0.300261 -0.0395475 0.033991 0.674222 0.00283862 0.000272915
46.51 0.300523 -0.0397542 0.0335944 0.674243 0.00283853 0.000264445
46.52 0.300762 -0.0398889 0.0332438 0.674397 0.00282319 0.000268215
46.53 0.301005 -0.0400355 0.0327493 0.674487 0.00284166 0.000238384
46.54 0.301269 -0.0400379 0.0323244 0.674688 0.0028361 0.00023852
46.55 0.301519 -0.0400212 0.0318291 0.674668 0.0028514 0.000206658
46.56 0.301753 -0.0397799 0.0314165 0.674754 0.00283888 0.000218734
46.57 0.301967 -0.0395011 0.0309421 0.674625 0.00284655 0.000203784
46.58 0.302152 -0.0390267 0.0305421 0.674704 0.00282747 0.000222111
46.59 0.302308 -0.0385555 0.0300676 0.674679 0.00283024 0.00020882
46.6 0.302447 -0.0379826 0.0296057 0.674858 0.00282161 0.000203316
46.61 0.302577 -0.0373813 0.0290928 0.674951 0.00282685 0.000183284
46.62 0.302711 -0.0366997 0.0285473 0.675077 0.00283557 0.000164049
46.63 0.302846 -0.0359068 0.0280419 0.675111 0.00283477 0.000161512
46.64 0.302974 -0.0350687 0.0274946 0.675066 0.00284557 0.000151818
46.65 0.30308 -0.0341277 0.0270576 0.67507 0.00282812 0.000167254
46.66 0.303157 -0.0332418 0.0265391 0.675019 0.00283541 0.000154901
46.67 0.303206 -0.0323066 0.0261262 0.675167 0.00281255 0.000163408
46.68 0.303238 -0.0314895 0.0255833 0.675225 0.00282765 0.000135148
46.69 0.303265 -0.0306295 0.0251291 0.675449 0.00281563 0.00013301
46.7 0.303294 -0.0298687 0.0245805 0.675459 0.00283473 0.000107071
46.71 0.303318 -0.0290611 0.0241265 0.675562 0.00282819 0.000111577
46.72 0.303329 -0.0283356 0.0236624 0.675463 0.00283217 0.000105591
46.73 0.303308 -0.027624 0.0232586 0.675514 0.00282282 0.000114733
46.74 0.303255 -0.027028 0.0228812 0.675504 0.00281108 0.000113764
46.75 0.30317 -0.0265348 0.0224725 0.675663 0.00281087 0.000103752
46.76 0.303069 -0.0261366 0.0221059 0.675796 0.00279958 9.48784e-05
46.77 0.302962 -0.0258524 0.0216503 0.675949 0.00281675 7.09969e-05
46.78 0.302853 -0.025578 0.0213017 0.676033 0.00280463 7.16604e-05
46.79 0.30273 -0.0254095 0.0208727 0.676028 0.00282273 5.50849e-05
46.8 0.302584 -0.0252052 0.0205981 0.676041 0.0027984 7.21333e-05
46.81 0.302401 -0.0251315 0.0202382 0.676012 0.00280615 6.16297e-05
46.82 0.302171 -0.0250085 0.0199754 0.676128 0.00278187 8.22218e-05
46.83 0.301902 -0.0250388 0.0196195 0.676222 0.00278856 6.91234e-05
46.84 0.301615 -0.0251219 0.0193145 0.676415 0.00277775 5.22342e-05
46.85 0.301323 -0.0252735 0.0189475 0.676513 0.00278678 1.93803e-05
46.86 0.301028 -0.025319 0.0185972 0.676582 0.00278844 8.86703e-06
46.87 0.30072 -0.0252735 0.0182907 0.676578 0.00278059 1.78455e-05
46.88 0.300387 -0.0251765 0.0179476 0.676536 0.00278225 2.47729e-05
46.89 0.300023 -0.0250368 0.0176993 0.676582 0.00275709 3.78841e-05
46.9 0.299628 -0.0249379 0.0173241 0.676616 0.00276577 1.74967e-05
46.91 0.299215 -0.02475 0.0170413 0.676803 0.00274226 1.19377e-05
46.92 0.298795 -0.0245376 0.0165968 0.676884 0.00276287 -1.78766e-05
46.93 0.298376 -0.024151 0.0162542 0.677031 0.00274684 -1.51882e-05
46.94 0.297957 -0.0237044 0.0158 0.676998 0.00276456 -2.96714e-05
46.95 0.297522 -0.0230993 0.015451 0.677005 0.00274661 -1.85158e-05
46.96 0.297066 -0.0224455 0.0150477 0.676941 0.00274768 -2.51776e-05
46.97 0.296578 -0.0216826 0.014686 0.676976 0.00273067 -2.17011e-05
46.98 0.296069 -0.0208745 0.014293 0.677068 0.00272313 -3.15588e-05
46.99 0.295545 -0.0200015 0.0138468 0.677186 0.0027234 -4.37777e-05
47 0.295023 -0.019064 0.0134209 0.67734 0.00271679 -5.54415e-05
47.01 0.294503 -0.0180764 0.0129082 0.677354 0.00273158 -7.27612e-05
47.02 0.293981 -0.0169923 0.0125088 0.677406 0.00271511 -7.17515e-05
47.03 0.293441 -0.0158753 0.0120221 0.677293 0.00272552 -7.91091e-05
47.04 0.292874 -0.0146842 0.0116807 0.677359 0.00269569 -6.51363e-05
47.05 0.292278 -0.0135446 0.0112224 0.677323 0.00270171 -7.56856e-05
47.06 0.29166 -0.0123991 0.0108672 0.677532 0.00267701 -7.3991e-05
47.07 0.291033 -0.0113498 0.0103894 0.677588 0.00268894 -0.000100054
47.08 0.290405 -0.0102942 0.0099901 0.677787 0.00267813 -0.000108429
47.09 0.289775 -0.00928829 0.00954105 0.677762 0.00268564 -0.00012478
47.1 0.289133 -0.00827578 0.00915991 0.677813 0.0026776 -0.000121629
47.11 0.288467 -0.00731428 0.0088154 0.677748 0.002665 -0.000118559
47.12 0.287769 -0.0064315 0.00846753 0.67779 0.00265837 -0.000117628
47.13 0.28706 -0.00564223 0.0081676 0.677881 0.00263928 -0.000118311
47.14 0.286348 -0.00499365 0.00778328 0.678007 0.00264885 -0.000136377
47.15 0.285616 -0.00441168 0.00752356 0.6782 0.00262455 -0.000146617
47.16 0.284871 -0.00393531 0.00713468 0.678253 0.00264177 -0.000170065
47.17 0.28412 -0.00345687 0.00689781 0.678352 0.00261723 -0.000168463
47.18 0.283349 -0.00305087 0.00656154 0.678273 0.00262757 -0.000175559
47.19 0.282551 -0.00265666 0.00637142 0.67833 0.00259808 -0.00016462
47.2 0.281719 -0.00235804 0.0061015 0.678313 0.00259649 -0.00017152
47.21 0.28086 -0.00210853 0.00589073 0.678478 0.00257689 -0.000176235
47.22 0.279986 -0.00192284 0.00562707 0.678594 0.00257341 -0.000193572
47.23 0.279104 -0.00175601 0.00534762 0.678759 0.0025729 -0.00021008
47.24 0.278222 -0.00156879 0.00509537 0.678825 0.00256392 -0.000220749
47.25 0.277331 -0.0013544 0.00479588 0.678829 0.00257004 -0.000229389
47.26 0.276421 -0.00107412 0.00460149 0.678808 0.00254491 -0.000224167
47.27 0.275485 -0.00077543 0.00431593 0.678779 0.00254832 -0.000229054
47.28 0.274521 -0.000422538 0.00414359 0.678858 0.00251495 -0.000226442
47.29 0.273538 -6.14031e-05 0.00382059 0.67895 0.00252442 -0.000243719
47.3 0.272547 0.000362506 0.00359193 0.679119 0.00249949 -0.000254123
47.31 0.271558 0.000842344 0.00322048 0.679198 0.00251455 -0.000276343
47.32 0.27057 0.00143528 0.00293819 0.679252 0.00249777 -0.000282513
47.33 0.269578 0.00213013 0.00259655 0.679211 0.00249948 -0.00029001
47.34 0.268566 0.00293539 0.00230389 0.679172 0.00248304 -0.000286047
47.35 0.267534 0.00381593 0.00201061 0.679179 0.00246748 -0.000287527
47.36 0.266478 0.0047475 0.00167487 0.679227 0.00245964 -0.00029458
47.37 0.265414 0.00573317 0.00136898 0.679386 0.00244091 -0.000306344
47.38 0.264346 0.00675717 0.000954095 0.679465 0.00244933 -0.000326807
47.39 0.263283 0.00786457 0.000632718 0.679607 0.00242908 -0.000336944
47.4 0.262219 0.0090281 0.000191529 0.679547 0.00244235 -0.000349864
47.41 0.261149 0.0102695 -9.64288e-05 0.67959 0.0024125 -0.000346074
47.42 0.260058 0.0115306 -0.000497623 0.679482 0.00241715 -0.000350958
47.43 0.258945 0.0128014 -0.000768098 0.679587 0.00238503 -0.000348875
47.44 0.257811 0.0140396 -0.00114247 0.679618 0.00238451 -0.000362607
47.45 0.256667 0.0152427 -0.00145881 0.679814 0.00236671 -0.000374121
47.46 0.255519 0.0164191 -0.00181983 0.67991 0.00236386 -0.000392079
47.47 0.254373 0.0175596 -0.00217259 0.68 0.00235959 -0.000403381
47.48 0.253219 0.0186879 -0.00246924 0.680015 0.00234413 -0.000409528
47.49 0.25205 0.0197613 -0.00280024 0.679962 0.002342 -0.000412278
47.5 0.250856 0.0207871 -0.00301039 0.680008 0.00231103 -0.000411663
47.51 0.249638 0.0217167 -0.00332021 0.680011 0.00231211 -0.000418889
47.52 0.248397 0.0225544 -0.00350204 0.68022 0.00227989 -0.000427563
47.53 0.247145 0.0232948 -0.00381299 0.680298 0.0022879 -0.000445784
47.54 0.245878 0.0239325 -0.00401602 0.680509 0.00226672 -0.000462633
47.55 0.244602 0.0245182 -0.00429219 0.680484 0.00227233 -0.000479853
47.56 0.243308 0.0250818 -0.00445832 0.680556 0.00224836 -0.000477694
47.57 0.241996 0.0256129 -0.00465579 0.680468 0.00223847 -0.000476037
47.58 0.240658 0.0260556 -0.00481176 0.680551 0.00221879 -0.000475037
47.59 0.239301 0.0264192 -0.00496539 0.680595 0.00220091 -0.000488476
47.6 0.237927 0.0267141 -0.00516133 0.680775 0.0021954 -0.000504823
47.61 0.236551 0.0269926 -0.00530804 0.680898 0.00217548 -0.000522674
47.62 0.23517 0.0272788 -0.00554019 0.681 0.00218057 -0.000533567
47.63 0.233792 0.027584 -0.00567324 0.681026 0.00215545 -0.000538943
47.64 0.232402 0.0279093 -0.0058953 0.680982 0.00215856 -0.000543971
47.65 0.231 0.0282531 -0.00600774 0.680987 0.00212696 -0.000546593
47.66 0.229578 0.028629 -0.00621624 0.680981 0.00212527 -0.000555665
47.67 0.228143 0.0290373 -0.006357 0.681118 0.00209846 -0.000562474
47.68 0.226703 0.0294955 -0.00658735 0.68121 0.00209719 -0.000577662
47.69 0.225264 0.0300062 -0.00678633 0.681364 0.00208093 -0.000587885
47.7 0.223828 0.0305965 -0.00702499 0.68139 0.00207474 -0.000601827
47.71 0.222394 0.0312638 -0.00726449 0.681397 0.00206448 -0.000607682
47.72 0.220955 0.0320332 -0.00747529 0.681349 0.00204508 -0.000612472
47.73 0.219505 0.0328741 -0.00774132 0.681319 0.00203862 -0.000614363
47.74 0.218042 0.0337892 -0.00793435 0.681384 0.00200983 -0.000619648
47.75 0.216571 0.0347526 -0.00824314 0.681455 0.00201131 -0.00062966
47.76 0.215098 0.0357698 -0.00846003 0.681632 0.00198384 -0.000641856
47.77 0.213628 0.0368465 -0.00879609 0.681684 0.00198882 -0.000655409
47.78 0.212161 0.0379766 -0.00903533 0.68177 0.00196378 -0.00066343
47.79 0.210695 0.0391732 -0.00935258 0.681701 0.00196187 -0.000669252
47.8 0.209221 0.0403907 -0.00959426 0.681699 0.00193765 -0.000670623
47.81 0.207733 0.0416426 -0.00986604 0.681681 0.00192484 -0.000674644
47.82 0.206233 0.0428657 -0.0101289 0.681769 0.00190887 -0.000680382
47.83 0.204726 0.0440853 -0.0103742 0.681912 0.00189108 -0.000691722
47.84 0.203214 0.0452623 -0.0106615 0.682032 0.00188547 -0.000702446
47.85 0.201703 0.0464157 -0.0108769 0.682166 0.00186248 -0.000714819
47.86 0.200191 0.0475368 -0.0111612 0.682141 0.00186118 -0.000720569
47.87 0.198674 0.0486107 -0.0113341 0.682185 0.00183177 -0.000725731
47.88 0.197148 0.0496404 -0.0115828 0.6821 0.00182824 -0.000727099
47.89 0.195605 0.0505778 -0.0117224 0.682224 0.00179735 -0.000732498
47.9 0.194051 0.051452 -0.0119392 0.682256 0.00179296 -0.000739778
47.91 0.192489 0.0522134 -0.0120793 0.682494 0.00176938 -0.000750492
47.92 0.190926 0.0529189 -0.0122582 0.682554 0.0017613 -0.000761913
47.93 0.189358 0.0535282 -0.0123987 0.682708 0.00174419 -0.000769643
47.94 0.187794 0.0540913 -0.0125292 0.682658 0.00172809 -0.000777253
47.95 0.186221 0.054577 -0.0126656 0.682688 0.00171595 -0.000778366
47.96 0.184643 0.0550084 -0.0127473 0.682657 0.00169132 -0.000784452
47.97 0.183051 0.0553759 -0.012882 0.682735 0.00168455 -0.000786501
47.98 0.181454 0.0556833 -0.0129416 0.682865 0.00165723 -0.00079734
47.99 0.179852 0.0559546 -0.0130853 0.682988 0.00165595 -0.000804283
48 0.178253 0.0561874 -0.0131412 0.683146 0.00162822 -0.000815868
48.01 0.176656 0.0564301 -0.0132846 0.683136 0.0016265 -0.000820543
48.02 0.175064 0.0566581 -0.0133504 0.683188 0.0015997 -0.000826051
48.03 0.173471 0.0569236 -0.013483 0.683081 0.00159298 -0.000827963
48.04 0.171876 0.0571873 -0.0135753 0.683154 0.00157126 -0.000831171
48.05 0.170274 0.0575037 -0.0136909 0.683156 0.00155759 -0.000836408
48.06 0.168671 0.0578365 -0.0138304 0.683338 0.00154582 -0.000841562
48.07 0.16707 0.0582338 -0.0139399 0.683424 0.00152596 -0.000851208
48.08 0.165472 0.0586788 -0.0141184 0.683538 0.00152018 -0.000855133
48.09 0.163882 0.0591971 -0.0142323 0.683532 0.00149465 -0.000863653
48.1 0.162311 0.0597586 -0.0144222 0.683495 0.00148831 -0.000871469
48.11 0.160752 0.0604021 -0.0145441 0.683467 0.00145984 -0.000884365
48.12 0.159195 0.061203 -0.0147781 0.683467 0.00145922 -0.000872594
48.13 0.157636 0.0620627 -0.0149396 0.683577 0.00143547 -0.000867668
48.14 0.156077 0.0629606 -0.0151708 0.683679 0.00143109 -0.000867184
48.15 0.154515 0.0638387 -0.0153532 0.683826 0.00141012 -0.000884332
48.16 0.152956 0.0647866 -0.0155616 0.683863 0.00139684 -0.000898106
48.17 0.151397 0.0658003 -0.0157741 0.683881 0.00138141 -0.00090211
48.18 0.149841 0.0668909 -0.0159686 0.683834 0.00136214 -0.0009003
48.19 0.148281 0.0679981 -0.016205 0.683827 0.00135351 -0.000893862
48.2 0.146718 0.0690896 -0.0163796 0.683885 0.00132997 -0.000900177
48.21 0.145149 0.070157 -0.0166208 0.683986 0.0013263 -0.000905521
48.22 0.14357 0.0711726 -0.0167833 0.684158 0.00130335 -0.000924143
48.23 0.141978 0.0721898 -0.0170016 0.684235 0.00129953 -0.000930293
48.24 0.140382 0.07321 -0.0171232 0.684342 0.00127019 -0.000929324
48.25 0.138786 0.0742081 -0.0173208 0.684283 0.0012641 -0.000919749
48.26 0.137193 0.0750907 -0.0174443 0.684334 0.00124 -0.000922923
48.27 0.135602 0.0758873 -0.017613 0.684285 0.0012314 -0.000932319
48.28 0.134009 0.0765946 -0.0177376 0.684436 0.00121499 -0.000942975
48.29 0.132416 0.0772672 -0.0178588 0.684514 0.00120117 -0.000948749
48.3 0.130821 0.0778662 -0.0179756 0.684712 0.0011912 -0.000947416
48.31 0.129229 0.0783901 -0.0180381 0.684785 0.00116845 -0.000950455
48.32 0.127641 0.078807 -0.018154 0.68484 0.00116402 -0.00095176
48.33 0.126061 0.0791309 -0.0181823 0.684835 0.00113617 -0.000962759
48.34 0.124486 0.0793988 -0.0183003 0.684794 0.00113642 -0.000963311
48.35 0.122916 0.0796004 -0.0183205 0.684874 0.00111039 -0.000970164
48.36 0.121349 0.0797785 -0.018426 0.68491 0.00111175 -0.000965496
48.37 0.119785 0.0798786 -0.0184386 0.685128 0.00108805 -0.000970974
48.38 0.118224 0.0799485 -0.0185085 0.685173 0.00108254 -0.000973495
48.39 0.11667 0.0799669 -0.0185325 0.685334 0.00106253 -0.000980198
48.4 0.115126 0.0799924 -0.0185818 0.68525 0.00104956 -0.00098384
48.41 0.113592 0.080015 -0.018653 0.685299 0.00103902 -0.000982572
48.42 0.11207 0.0800552 -0.0186983 0.685209 0.00102136 -0.000985933
48.43 0.110554 0.0801197 -0.0188159 0.685313 0.00102049 -0.000981786
48.44 0.109047 0.0802015 -0.0188552 0.685368 0.000998306 -0.000990168
48.45 0.107543 0.0803443 -0.018986 0.685532 0.000998762 -0.000985679
48.46 0.106046 0.0805135 -0.019026 0.685612 0.000972324 -0.000994954
48.47 0.104556 0.0807635 -0.0191662 0.685657 0.000970042 -0.000990052
48.48 0.103078 0.0810582 -0.0192429 0.685643 0.000945958 -0.000995482
48.49 0.10161 0.0814311 -0.0194078 0.685584 0.000943103 -0.000992238
48.5 0.100155 0.0818651 -0.0195379 0.68561 0.000926891 -0.000994789
48.51 0.098706 0.0823674 -0.0197047 0.685633 0.000920239 -0.000995564
48.52 0.0972632 0.0829439 -0.0198701 0.685793 0.000910566 -0.000995023
48.53 0.0958234 0.0835709 -0.0200095 0.685875 0.000894575 -0.000998211
48.54 0.0943862 0.0842657 -0.0201887 0.686008 0.000886816 -0.000994566
48.55 0.0929551 0.0849781 -0.0203149 0.685995 0.000864152 -0.0010011
48.56 0.0915334 0.0857495 -0.020523 0.686002 0.000861295 -0.000996285
48.57 0.0901216 0.0865208 -0.0206635 0.685963 0.000840008 -0.0010036
48.58 0.0887198 0.0873353 -0.02089 0.68599 0.000842123 -0.000998407
48.59 0.0873219 0.0881356 -0.0210261 0.686097 0.000822469 -0.00100418
48.6 0.0859281 0.088946 -0.0212251 0.686213 0.00082175 -0.0010002
48.61 0.0845338 0.0897198 -0.0213364 0.686386 0.000801209 -0.00100422
48.62 0.0831434 0.0904623 -0.021487 0.686428 0.00079209 -0.00100361
48.63 0.0817587 0.0911507 -0.0216037 0.686492 0.000776928 -0.00100589
48.64 0.0803866 0.0917787 -0.0217277 0.686429 0.000763785 -0.00100892
48.65 0.0790244 0.0923541 -0.0218691 0.686464 0.00075988 -0.00100728
48.66 0.0776748 0.0928427 -0.0219628 0.686498 0.000744761 -0.00101341
48.67 0.0763304 0.0932867 -0.0220964 0.686633 0.000747058 -0.00100716
48.68 0.0749939 0.0936167 -0.0221365 0.68679 0.000726396 -0.001015
48.69 0.0736578 0.0938961 -0.0222251 0.686895 0.000725029 -0.0010074
48.7 0.072329 0.0940469 -0.0222263 0.686992 0.000700233 -0.00101667
48.71 0.0710117 0.0941448 -0.022302 0.68694 0.000698922 -0.00101099
48.72 0.0697123 0.0941304 -0.02232 0.686981 0.00068145 -0.00101915
48.73 0.0684425 0.0940422 -0.0223786 0.686922 0.000679648 -0.00102358
48.74 0.0671982 0.0938944 -0.0224026 0.687073 0.000669466 -0.00103209
48.75 0.0659657 0.0937613 -0.022447 0.687122 0.00066663 -0.00102268
48.76 0.0647408 0.0936 -0.0224672 0.687335 0.000659074 -0.00100864
48.77 0.0635207 0.093345 -0.0224627 0.687352 0.000644515 -0.00101024
48.78 0.0623102 0.0930445 -0.0224875 0.687445 0.000637884 -0.001011
48.79 0.0611154 0.0926884 -0.0224876 0.68736 0.000620582 -0.00102812
48.8 0.0599373 0.092399 -0.0225609 0.687379 0.000622849 -0.00102154
48.81 0.0587783 0.0921169 -0.0225902 0.687365 0.000609406 -0.00102629
48.82 0.0576306 0.0919039 -0.0226841 0.687459 0.000615129 -0.00101145
48.83 0.0564933 0.0916818 -0.0227086 0.687587 0.000598932 -0.00101752
48.84 0.0553596 0.0915163 -0.0227858 0.68768 0.000597821 -0.00101124
48.85 0.0542341 0.0913756 -0.0228172 0.687785 0.000579432 -0.00101941
48.86 0.0531175 0.0913139 -0.0229063 0.687728 0.000574283 -0.0010154
48.87 0.052018 0.0913139 -0.0229947 0.687759 0.000563787 -0.00101665
48.88 0.0509358 0.0913774 -0.0231231 0.68766 0.000560868 -0.00101584
48.89 0.0498721 0.0915213 -0.023263 0.687776 0.000559269 -0.00101362
48.9 0.0488166 0.0917115 -0.0233868 0.687804 0.000552125 -0.00101794
48.91 0.0477682 0.0920049 -0.0235313 0.688005 0.000550672 -0.00101015
48.92 0.046719 0.0923213 -0.0236205 0.688061 0.000533409 -0.00101513
48.93 0.0456771 0.092726 -0.023776 0.688151 0.000531839 -0.00100426
48.94 0.0446439 0.0931098 -0.0238734 0.688114 0.000513306 -0.00101482
48.95 0.0436292 0.0935636 -0.0240666 0.688097 0.000517274 -0.00100815
48.96 0.0426209 0.0939564 -0.0242125 0.688105 0.000510334 -0.00102747
48.97 0.0416187 0.0944144 -0.0244009 0.688166 0.000515165 -0.00102654
48.98 0.0406153 0.0949145 -0.0245158 0.68832 0.000505449 -0.00102144
48.99 0.0396148 0.0954288 -0.0246513 0.68844 0.000500781 -0.00100507
49 0.0386162 0.0958745 -0.0247454 0.688575 0.00049064 -0.00100046
49.01 0.0376296 0.096204 -0.024841 0.688588 0.000478225 -0.00101131
49.02 0.0366572 0.0964992 -0.0249636 0.6886 0.000476915 -0.00101677
49.03 0.0357089 0.096711 -0.0250594 0.688568 0.000466964 -0.00102946
49.04 0.0347794 0.0969381 -0.0252124 0.68861 0.000477664 -0.00101871
49.05 0.0338712 0.0970474 -0.0252816 0.688709 0.000468632 -0.00102315
49.06 0.0329675 0.097124 -0.0253855 0.688844 0.000475439 -0.00101043
49.07 0.0320736 0.0970424 -0.0253974 0.689003 0.00046097 -0.00102073
49.08 0.0311817 0.0969152 -0.0254445 0.689058 0.000459152 -0.00101446
49.09 0.0303044 0.0966655 -0.0254475 0.689115 0.000447186 -0.00102163
49.1 0.0294449 0.0963521 -0.0254988 0.689043 0.000447288 -0.00101882
49.11 0.0286121 0.095951 -0.0255346 0.689084 0.000446588 -0.00102182
49.12 0.0278001 0.0954681 -0.0255857 0.689069 0.000448603 -0.00102549
49.13 0.0270067 0.0949589 -0.0256169 0.689233 0.000452381 -0.0010216
49.14 0.0262187 0.0943798 -0.0256137 0.68932 0.000445098 -0.00102326
49.15 0.0254385 0.0938051 -0.0256203 0.689477 0.000446505 -0.00101066
49.16 0.0246634 0.0931424 -0.0255835 0.689499 0.000430971 -0.00101571
49.17 0.0239044 0.09249 -0.0256124 0.689495 0.000435175 -0.00100738
49.18 0.0231674 0.0917649 -0.0256167 0.689459 0.00042557 -0.0010217
49.19 0.0224561 0.091101 -0.0256907 0.689423 0.000436383 -0.00101608
49.2 0.0217638 0.0904412 -0.0257271 0.689524 0.000433051 -0.0010228
49.21 0.0210861 0.0898614 -0.0257949 0.689578 0.000440375 -0.00101106
49.22 0.0204122 0.0893144 -0.0258151 0.689782 0.000433207 -0.00100907
49.23 0.0197419 0.0888161 -0.0258542 0.689787 0.000429489 -0.00100099
49.24 0.0190794 0.0883651 -0.025897 0.689895 0.000423401 -0.000999995
49.25 0.0184328 0.0879396 -0.025964 0.689775 0.000418256 -0.00100426
49.26 0.0178093 0.0876059 -0.0260825 0.689821 0.000423967 -0.00100445
49.27 0.0172087 0.0873132 -0.0261915 0.689761 0.000423083 -0.00101227
49.28 0.0166241 0.0871624 -0.0263363 0.689907 0.000432644 -0.00100173
49.29 0.0160473 0.0870428 -0.0264335 0.68999 0.000427985 -0.00100385
49.3 0.0154724 0.0870411 -0.0265479 0.690151 0.000429244 -0.00098797
49.31 0.0148994 0.0870328 -0.0266288 0.690209 0.000419197 -0.000992532
49.32 0.0143489 0.0870677 -0.0267421 0.690225 0.000417014 -0.000991735
49.33 0.0138253 0.0871073 -0.026857 0.690208 0.000412809 -0.00100672
49.34 0.0133259 0.0872369 -0.0270308 0.690175 0.000420749 -0.000999999
49.35 0.0128479 0.0874042 -0.0271837 0.690253 0.000425686 -0.000994725
49.36 0.0123817 0.0875582 -0.0273362 0.690325 0.000430752 -0.00098905
49.37 0.0119207 0.0877038 -0.02745 0.690517 0.000431628 -0.000986314
49.38 0.0114607 0.0877938 -0.0275427 0.690595 0.000426832 -0.000989583
49.39 0.0110035 0.0878867 -0.0276272 0.690711 0.000424247 -0.000983031
49.4 0.0105591 0.0878977 -0.0277138 0.69067 0.000420184 -0.00098592
49.41 0.0101345 0.0878718 -0.0278244 0.690685 0.000425313 -0.000980105
49.42 0.00973551 0.0877207 -0.0279256 0.690663 0.0004285 -0.000992766
49.43 0.00935722 0.0875366 -0.0280382 0.690749 0.000438866 -0.000990215
49.44 0.00899262 0.0872715 -0.0280957 0.690877 0.00044041 -0.000994385
49.45 0.00863238 0.0869802 -0.0281543 0.691013 0.000444813 -0.000978662
49.46 0.00827705 0.086581 -0.028152 0.691143 0.000440107 -0.000973187
49.47 0.00792849 0.0860827 -0.0281785 0.691148 0.000439762 -0.000965124
49.48 0.00760064 0.0854509 -0.0281846 0.691164 0.00043998 -0.000971465
49.49 0.00729592 0.0847239 -0.0282317 0.691098 0.000445074 -0.000978787
49.5 0.00701952 0.0839454 -0.0282653 0.691148 0.000454872 -0.000981965
49.51 0.00676148 0.0831251 -0.0283012 0.691206 0.000461222 -0.000980606
49.52 0.00651643 0.0822987 -0.0283071 0.691351 0.000469355 -0.000965572
49.53 0.00627446 0.0813978 -0.0282849 0.691476 0.000466205 -0.00096124
49.54 0.00603964 0.0804854 -0.0282683 0.691533 0.000469326 -0.000946051
49.55 0.00581581 0.0794854 -0.0282435 0.691564 0.000464567 -0.000952198
49.56 0.00561415 0.0784942 -0.0282696 0.691483 0.000472563 -0.000947192
49.57 0.00543762 0.0774644 -0.0282941 0.691509 0.000476808 -0.000959506
49.58 0.00528427 0.0765024 -0.0283542 0.691477 0.000488826 -0.000953708
49.59 0.00514648 0.0755759 -0.028387 0.69164 0.000495246 -0.000953567
49.6 0.00501508 0.0747358 -0.0284272 0.691697 0.000500569 -0.000937401
49.61 0.00488644 0.0739451 -0.0284397 0.691876 0.000501142 -0.000926238
49.62 0.00476235 0.0731825 -0.0284763 0.691857 0.000500371 -0.000918392
49.63 0.00465131 0.0724676 -0.0285242 0.691903 0.000503135 -0.000916246
49.64 0.00455902 0.0717723 -0.0286128 0.691815 0.000507171 -0.000925284
49.65 0.0044901 0.0711859 -0.0287243 0.691846 0.000518716 -0.00092479
49.66 0.00443787 0.0706613 -0.02884 0.691877 0.000525971 -0.000929866
49.67 0.00439522 0.0702862 -0.0289577 0.692004 0.000536773 -0.000913432
49.68 0.00435516 0.0699587 -0.0290488 0.692149 0.000538354 -0.000906004
49.69 0.0043145 0.0697198 -0.0291465 0.692228 0.000541911 -0.000887157
49.7 0.00427962 0.0694689 -0.0292359 0.692307 0.000540936 -0.000888192
49.71 0.00425755 0.0692543 -0.0293678 0.692234 0.000547295 -0.000885517
49.72 0.0042562 0.0690382 -0.0295002 0.692276 0.000553827 -0.000895677
49.73 0.00427321 0.068864 -0.0296655 0.692221 0.000566282 -0.000897121
49.74 0.00430614 0.0687325 -0.0298036 0.692391 0.00057661 -0.000894444
49.75 0.00434279 0.068625 -0.0299335 0.692455 0.000584659 -0.00088348
49.76 0.00438253 0.0685349 -0.0300322 0.692668 0.000590036 -0.000865377
49.77 0.00442254 0.0683713 -0.0301178 0.692695 0.000591495 -0.000857619
49.78 0.00447285 0.0681588 -0.030211 0.692762 0.000596509 -0.000849649
49.79 0.00453921 0.0678246 -0.0303089 0.692707 0.000603007 -0.000860007
49.8 0.00462781 0.0674539 -0.0304252 0.692711 0.000614584 -0.000860968
49.81 0.00471755 0.0670049 -0.0305067 0.692751 0.000623593 -0.000870014
49.82 0.00480588 0.0665631 -0.0305902 0.69285 0.000633282 -0.000856943
49.83 0.00490969 0.0660556 -0.0306495 0.693012 0.00064527 -0.000844793
49.84 0.00502521 0.0654848 -0.0306899 0.693107 0.0006502 -0.000823061
49.85 0.00514984 0.0647872 -0.0307099 0.693198 0.000657763 -0.000814416
49.86 0.00529062 0.0639604 -0.0307398 0.693161 0.000662523 -0.000813165
49.87 0.00545333 0.0630313 -0.0307685 0.693155 0.000673574 -0.000818537
49.88 0.00563918 0.0620231 -0.0308182 0.693122 0.000685854 -0.000824823
49.89 0.00584478 0.0609942 -0.0308417 0.69319 0.000698527 -0.000819746
49.9 0.00606226 0.0599338 -0.0308639 0.693293 0.000710394 -0.000811317
49.91 0.00628691 0.0588737 -0.0308504 0.693421 0.000717216 -0.000788555
49.92 0.00651869 0.0577595 -0.0308351 0.693527 0.000723914 -0.000774829
49.93 0.0067602 0.0565996 -0.030821 0.693537 0.000728371 -0.000760727
49.94 0.00702122 0.0553756 -0.0308219 0.693538 0.00073731 -0.000765378
49.95 0.00730134 0.0541422 -0.030854 0.693461 0.000747688 -0.000766692
49.96 0.00760547 0.0529264 -0.0308858 0.693503 0.000762106 -0.000774341
49.97 0.00792021 0.0517899 -0.0309319 0.693525 0.000773824 -0.000764975
49.98 0.00824648 0.0507317 -0.0309544 0.693693 0.000785955 -0.000752045
49.99 0.00857297 0.0497579 -0.0309843 0.693776 0.000792437 -0.000727399
50 0.00890619 0.0488113 -0.0309966 0.693891 0.000798712 -0.000713078
50.01 0.00924582 0.0478975 -0.0310492 0.693876 0.000805328 -0.000704495
50.02 0.00960416 0.0470016 -0.0311086 0.693852 0.000814981 -0.000708853
50.03 0.00997621 0.0461712 -0.0312092 0.69383 0.000827585 -0.000716015
50.04 0.0103657 0.0454405 -0.0313132 0.693838 0.000841956 -0.000715842
50.05 0.0107602 0.0448264 -0.0314175 0.693977 0.000854398 -0.000709034
50.06 0.0111583 0.0443375 -0.0315164 0.694061 0.000864855 -0.000685915
50.07 0.0115558 0.0439021 -0.0316011 0.694254 0.000872214 -0.000669811
50.08 0.0119572 0.0435217 -0.031702 0.694242 0.000878883 -0.000649623
50.09 0.012369 0.0431088 -0.0318119 0.694327 0.000888667 -0.000652757
50.1 0.0127957 0.0427278 -0.0319513 0.694216 0.000899747 -0.000652926
50.11 0.0132368 0.0423366 -0.0320924 0.694295 0.000914907 -0.00066602
50.12 0.0136888 0.04203 -0.032242 0.694284 0.000929025 -0.000659584
50.13 0.0141469 0.0417526 -0.0323678 0.694468 0.000942821 -0.000649814
50.14 0.014606 0.0415202 -0.0324789 0.694565 0.000952362 -0.000625412
50.15 0.0150692 0.0412491 -0.0325788 0.69471 0.000961876 -0.000605108
50.16 0.0155408 0.0409001 -0.0326723 0.69474 0.00097026 -0.00059488
50.17 0.0160252 0.0404589 -0.0327797 0.694731 0.000981232 -0.000593722
50.18 0.016529 0.0399163 -0.0328903 0.694719 0.000996402 -0.000604904
50.19 0.0170465 0.0393462 -0.0329989 0.694705 0.00101011 -0.00060479
50.2 0.0175782 0.0387185 -0.0330937 0.694816 0.00102793 -0.000604363
50.21 0.0181153 0.0381029 -0.0331611 0.694901 0.00103833 -0.000580159
50.22 0.0186594 0.0373899 -0.0332053 0.695082 0.0010511 -0.00056309
50.23 0.0192094 0.0366246 -0.0332405 0.695116 0.00105888 -0.000536157
50.24 0.019776 0.0356854 -0.0332704 0.695186 0.00107062 -0.000533338
50.25 0.0203672 0.0346401 -0.0333043 0.695106 0.00108152 -0.000536319
50.26 0.0209893 0.0334803 -0.0333455 0.695117 0.00109743 -0.000551338
50.27 0.0216252 0.0323414 -0.0333879 0.695102 0.00111386 -0.000546208
50.28 0.0222725 0.0311981 -0.0334143 0.695211 0.00112802 -0.000528646
50.29 0.0229264 0.0300371 -0.0334258 0.695326 0.00114252 -0.000506357
50.3 0.023584 0.0288426 -0.0334164 0.695439 0.00114978 -0.000481431
50.31 0.0242605 0.0276091 -0.0333989 0.695511 0.00115852 -0.000464751
50.32 0.0249579 0.0263571 -0.033405 0.69548 0.00116512 -0.000446256
50.33 0.0256803 0.0249653 -0.0334476 0.695469 0.00118583 -0.000466603
50.34 0.0264175 0.0236165 -0.03349 0.695413 0.00119863 -0.000475008
50.35 0.0271632 0.0223129 -0.0335368 0.695482 0.00121881 -0.000485155
50.36 0.0279064 0.0211941 -0.0335718 0.695558 0.00122957 -0.000456518
50.37 0.02865 0.0201273 -0.0335925 0.695705 0.00124192 -0.000432007
50.38 0.0293882 0.019133 -0.0336234 0.695806 0.00125033 -0.000400857
50.39 0.0301321 0.0181097 -0.0336579 0.69584 0.00125983 -0.000394229
50.4 0.0308794 0.017115 -0.0337307 0.69585 0.00127326 -0.00039639
50.41 0.0316369 0.0161739 -0.0338133 0.695781 0.00128597 -0.000403304
50.42 0.0323969 0.015321 -0.0339199 0.695834 0.00130388 -0.000409156
50.43 0.0331589 0.0146118 -0.0340216 0.695845 0.00131646 -0.000396547
50.44 0.0339162 0.0139843 -0.0341205 0.696034 0.001332 -0.000386109
50.45 0.0346682 0.0134936 -0.034214 0.696106 0.00134012 -0.000354924
50.46 0.0354181 0.0130031 -0.0343143 0.69627 0.00135373 -0.000343651
50.47 0.0361474 0.0125799 -0.0343982 0.696242 0.00135665 -0.000325448
50.48 0.0368631 0.0121067 -0.0345177 0.69628 0.00137087 -0.00033711
50.49 0.0375991 0.011698 -0.034676 0.696216 0.0013884 -0.0003357
50.5 0.0383473 0.0112822 -0.0348206 0.696277 0.00140652 -0.000346073
50.51 0.0390976 0.010959 -0.0349656 0.696355 0.00142351 -0.000332685
50.52 0.0398463 0.0106578 -0.0350789 0.696497 0.00143625 -0.000316666
50.53 0.0405946 0.0103733 -0.0351796 0.696644 0.00144734 -0.000290878
50.54 0.0413422 0.0100419 -0.0352773 0.696691 0.00145717 -0.000270261
50.55 0.0421001 0.00959627 -0.0353737 0.696746 0.0014694 -0.000267559
50.56 0.0428646 0.00908035 -0.0354854 0.696656 0.00148269 -0.000267938
50.57 0.0436452 0.00844428 -0.035595 0.696712 0.00150101 -0.000285579
50.58 0.0444274 0.00783101 -0.0356857 0.696677 0.00151352 -0.000279062
50.59 0.0452183 0.0071571 -0.0357711 0.696867 0.0015319 -0.000274541
50.6 0.0460074 0.00651844 -0.0358124 0.696919 0.00153907 -0.00023993
50.61 0.0468032 0.00575121 -0.0358612 0.697102 0.0015534 -0.000222399
50.62 0.0476038 0.0049112 -0.0358886 0.697078 0.00156132 -0.000199747
50.63 0.048418 0.00389363 -0.0359338 0.69711 0.00157586 -0.000205632
50.64 0.0492404 0.00279378 -0.0359768 0.697033 0.0015905 -0.000211369
50.65 0.0500756 0.00162633 -0.0360219 0.697044 0.00160604 -0.000221032
50.66 0.050912 0.00045696 -0.0360506 0.697098 0.00162225 -0.000217209
50.67 0.0517502 -0.000677964 -0.0360596 0.697197 0.00163182 -0.000195484
50.68 0.0525876 -0.00184142 -0.0360642 0.697343 0.00164624 -0.000173502
50.69 0.0534269 -0.00300755 -0.0360522 0.697392 0.00165117 -0.000145118
50.7 0.0542722 -0.00428275 -0.0360728 0.697447 0.00166854 -0.000142751
50.71 0.0551223 -0.00556726 -0.0360794 0.697375 0.00167538 -0.000139383
50.72 0.0559779 -0.00691133 -0.0361298 0.697377 0.00169668 -0.000157682
50.73 0.0568337 -0.00815451 -0.0361567 0.697357 0.00170667 -0.000153953
50.74 0.0576861 -0.00935324 -0.0361992 0.697459 0.00172364 -0.000153544
50.75 0.0585303 -0.0104105 -0.036221 0.69757 0.00173214 -0.000126956
50.76 0.0593697 -0.011422 -0.0362553 0.697696 0.00174295 -0.000106999
50.77 0.0602062 -0.0123753 -0.0362996 0.697775 0.00175385 -8.54749e-05
50.78 0.0610423 -0.0133282 -0.0363584 0.697768 0.00176321 -8.22396e-05
50.79 0.06188 -0.0142595 -0.0364536 0.697762 0.00178122 -9.03832e-05
50.8 0.0627147 -0.0151205 -0.0365398 0.697714 0.00179058 -9.94034e-05
50.81 0.063546 -0.0158949 -0.0366618 0.697794 0.00181177 -0.000107624
50.82 0.0643676 -0.0164985 -0.0367473 0.697864 0.00181758 -9.03905e-05
50.83 0.0651807 -0.0170279 -0.0368591 0.698046 0.00183427 -7.61255e-05
50.84 0.0659862 -0.0174331 -0.03695 0.698131 0.00183842 -4.33403e-05
50.85 0.0668012 -0.0178452 -0.0370595 0.698223 0.00184988 -3.16849e-05
50.86 0.0676244 -0.0182195 -0.0371827 0.698199 0.00185723 -1.75177e-05
50.87 0.0684579 -0.0187099 -0.0373509 0.698182 0.00187857 -4.50084e-05
50.88 0.0692922 -0.0191419 -0.0374977 0.698191 0.0018924 -5.98317e-05
50.89 0.0701185 -0.0195078 -0.037645 0.698235 0.00190802 -6.69955e-05
50.9 0.070938 -0.0197479 -0.0377682 0.6984 0.00191966 -4.27281e-05
50.91 0.0717481 -0.0199613 -0.0378684 0.698483 0.00192549 -1.21158e-05
50.92 0.0725574 -0.0202382 -0.0379863 0.698654 0.00193927 8.43585e-06
50.93 0.073368 -0.0206007 -0.0380806 0.698608 0.00194435 1.74872e-05
50.94 0.074183 -0.0211004 -0.0382118 0.698674 0.00196356 1.23246e-06
50.95 0.0749997 -0.021616 -0.038309 0.698557 0.00197104 -2.84334e-06
50.96 0.0758184 -0.022207 -0.0384258 0.698652 0.0019907 -1.67435e-05
50.97 0.0766326 -0.0227494 -0.0384923 0.698655 0.00199653 1.60352e-06
50.98 0.0774472 -0.0233682 -0.0385682 0.698838 0.00201161 1.07776e-05
50.99 0.0782579 -0.0239944 -0.0385992 0.698911 0.00201565 4.09666e-05
51 0.0790735 -0.0247522 -0.0386537 0.69901 0.00202866 4.9896e-05
51.01 0.0798932 -0.025596 -0.0386824 0.699002 0.00203665 6.0219e-05
51.02 0.0807177 -0.026568 -0.0387302 0.698957 0.00204953 5.04309e-05
51.03 0.0815461 -0.0276116 -0.0387686 0.698947 0.00206367 4.13498e-05
51.04 0.0823726 -0.028675 -0.0387894 0.698933 0.00207236 3.72745e-05
51.05 0.0831964 -0.0297441 -0.0388149 0.699067 0.00208753 4.25962e-05
51.06 0.0840159 -0.0307672 -0.0387978 0.699134 0.00208926 6.7255e-05
51.07 0.0848337 -0.0318365 -0.0388141 0.6993 0.00210393 8.36767e-05
51.08 0.0856517 -0.0329077 -0.038797 0.699285 0.00210504 0.000106175
51.09 0.0864738 -0.0340873 -0.0388358 0.699331 0.00212297 9.81507e-05
51.1 0.0872938 -0.0352591 -0.0388411 0.69923 0.00212745 9.51324e-05
51.11 0.0881122 -0.0364567 -0.0388957 0.699266 0.00214609 7.45187e-05
51.12 0.0889212 -0.0375389 -0.0389069 0.699276 0.00215094 7.93722e-05
51.13 0.0897217 -0.038541 -0.0389507 0.699418 0.00216383 8.65223e-05
51.14 0.090513 -0.0394304 -0.0389697 0.699534 0.00216871 0.000113056
51.15 0.0912978 -0.0402772 -0.0390129 0.699636 0.002176 0.000130659
51.16 0.0920786 -0.0411131 -0.0390763 0.699679 0.0021872 0.000138572
51.17 0.0928546 -0.041926 -0.0391427 0.699639 0.00219276 0.000133326
51.18 0.0936251 -0.0427213 -0.0392565 0.699643 0.00221125 0.000115692
51.19 0.0943849 -0.0433928 -0.0393364 0.699625 0.00221442 0.000110611
51.2 0.0951336 -0.0439749 -0.0394609 0.699746 0.00223218 0.000107377
51.21 0.0958669 -0.0443892 -0.0395325 0.699848 0.00223015 0.000129998
51.22 0.0965921 -0.0447593 -0.0396638 0.700006 0.00224578 0.000143548
51.23 0.0973097 -0.0450545 -0.0397568 0.700079 0.00224541 0.000165193
51.24 0.0980252 -0.0453911 -0.0399109 0.700098 0.00226138 0.000160231
51.25 0.098734 -0.0457056 -0.0400391 0.700091 0.00226687 0.000155322
51.26 0.099437 -0.0460227 -0.0401977 0.700048 0.00228025 0.000137953
51.27 0.10013 -0.0462743 -0.0403412 0.700128 0.00229002 0.000134406
51.28 0.100814 -0.0464643 -0.0404668 0.700177 0.00229497 0.000140385
51.29 0.101489 -0.0466163 -0.0406036 0.700371 0.00230584 0.000156195
51.3 0.102159 -0.0467571 -0.0407059 0.700427 0.0023058 0.000177594
51.31 0.102819 -0.0469604 -0.0408561 0.700545 0.00232077 0.000188056
51.32 0.103471 -0.0472275 -0.0409595 0.700482 0.00232119 0.000195493
51.33 0.104123 -0.0476436 -0.0411069 0.700493 0.00233859 0.000172554
51.34 0.104771 -0.0480786 -0.0411928 0.700442 0.00233961 0.000162647
51.35 0.105415 -0.0485465 -0.0413139 0.700516 0.00235491 0.000150947
51.36 0.106055 -0.0489608 -0.041368 0.700611 0.00235407 0.000172467
51.37 0.106693 -0.049426 -0.0414482 0.700733 0.00236363 0.000189295
51.38 0.107333 -0.0499531 -0.0414933 0.70084 0.00236598 0.000212369
51.39 0.107976 -0.0506141 -0.0415547 0.700828 0.00237341 0.000213129
51.4 0.108633 -0.0513574 -0.0416026 0.700842 0.00237989 0.000211397
51.41 0.109296 -0.0521726 -0.0416456 0.700737 0.00238393 0.000203035
51.42 0.109963 -0.0530663 -0.0417096 0.700808 0.00239889 0.000188406
51.43 0.110623 -0.053942 -0.0417162 0.700794 0.0023982 0.00018958
51.44 0.111278 -0.0548158 -0.041759 0.70099 0.0024117 0.000196007
51.45 0.111924 -0.0556401 -0.041738 0.701022 0.00240624 0.000224179
51.46 0.112571 -0.0565307 -0.0417798 0.701165 0.00241993 0.000233967
51.47 0.113212 -0.0574542 -0.0417703 0.701101 0.00241694 0.000243944
51.48 0.113852 -0.0584583 -0.0418241 0.701118 0.0024313 0.000225745
51.49 0.114481 -0.0594362 -0.0418364 0.701054 0.00243274 0.000217711
51.5 0.115102 -0.0603617 -0.0418814 0.701102 0.00244193 0.000207669
51.51 0.115706 -0.0611899 -0.0419017 0.701193 0.00244459 0.000218862
51.52 0.1163 -0.0619312 -0.0419304 0.701308 0.00244612 0.000232916
51.53 0.116885 -0.0626313 -0.041984 0.701448 0.00245378 0.000248881
51.54 0.117465 -0.0632874 -0.0420306 0.701468 0.00245344 0.000256737
51.55 0.118039 -0.0639461 -0.0421328 0.70151 0.00246719 0.000250654
51.56 0.118604 -0.064534 -0.0421996 0.701438 0.00246519 0.000244252
51.57 0.119156 -0.0650759 -0.0423282 0.70148 0.0024802 0.000230988
51.58 0.119694 -0.0654916 -0.0424043 0.7015 0.00247576 0.00023345
51.59 0.120217 -0.0658185 -0.0425349 0.701649 0.00248704 0.000236631
51.6 0.120728 -0.0660358 -0.0426268 0.701766 0.00248276 0.000254716
51.61 0.121234 -0.06621 -0.0427721 0.701882 0.00249237 0.000263021
51.62 0.121736 -0.0663528 -0.0429037 0.701925 0.00249385 0.000270956
51.63 0.122233 -0.0664939 -0.0430626 0.7019 0.00250165 0.000263079
51.64 0.122725 -0.0666203 -0.0432216 0.701892 0.00250745 0.00025423
51.65 0.123204 -0.0667033 -0.0433671 0.70188 0.00250961 0.000245574
51.66 0.123673 -0.066741 -0.0435271 0.701989 0.0025162 0.000245808
51.67 0.124133 -0.0667204 -0.0436499 0.702082 0.0025126 0.000256933
51.68 0.12459 -0.0666964 -0.0438142 0.702242 0.00252172 0.000268724
51.69 0.125046 -0.066689 -0.0439327 0.702287 0.00251733 0.000281296
51.7 0.125506 -0.0667531 -0.0441042 0.70232 0.00252954 0.000278788
51.71 0.125966 -0.0668697 -0.0442241 0.702266 0.00252718 0.000275628
51.72 0.126424 -0.0670517 -0.0443743 0.702244 0.00253686 0.000261542
51.73 0.126872 -0.067251 -0.0444743 0.702273 0.00253412 0.000259919
51.74 0.127316 -0.067468 -0.0445862 0.702338 0.00253843 0.000260957
51.75 0.127755 -0.0677032 -0.0446673 0.702493 0.00253632 0.000275991
51.76 0.128197 -0.0679944 -0.0447593 0.702543 0.00253889 0.00028647
51.77 0.128643 -0.0683748 -0.0448477 0.702648 0.00254274 0.000293152
51.78 0.129092 -0.0688427 -0.044922 0.702555 0.00254319 0.000289964
51.79 0.129541 -0.0693918 -0.0450126 0.702587 0.0025514 0.000281456
51.8 0.129983 -0.069984 -0.0450542 0.702486 0.00254673 0.000275453
51.81 0.130418 -0.0705996 -0.045126 0.702602 0.00255409 0.000272343
51.82 0.130843 -0.0712176 -0.0451444 0.702632 0.00254672 0.00028152
51.83 0.131266 -0.0718505 -0.0452092 0.702806 0.00255383 0.000288641
51.84 0.131686 -0.072507 -0.0452346 0.702853 0.0025491 0.000301114
51.85 0.132108 -0.0731986 -0.0453088 0.702901 0.00255706 0.000299884
51.86 0.132525 -0.0739206 -0.0453519 0.702869 0.00255592 0.000299182
51.87 0.132937 -0.0746409 -0.0454242 0.702819 0.00256078 0.00028842
51.88 0.133333 -0.0753373 -0.0454756 0.702851 0.00256075 0.000286412
51.89 0.133718 -0.0759757 -0.0455352 0.702881 0.0025595 0.00028443
51.9 0.134088 -0.0765557 -0.0456059 0.703056 0.00256222 0.00029284
51.91 0.134452 -0.0770755 -0.0456736 0.703124 0.00255838 0.000299833
51.92 0.13481 -0.0775515 -0.0457826 0.703269 0.00256598 0.000306537
51.93 0.135165 -0.0779876 -0.0458751 0.70322 0.00256244 0.000306858
51.94 0.135512 -0.0783839 -0.0460166 0.703255 0.00257238 0.000300439
51.95 0.135847 -0.0787153 -0.0461178 0.70318 0.00256604 0.000295621
51.96 0.136165 -0.0789684 -0.0462689 0.703266 0.0025736 0.000289897
51.97 0.136469 -0.0791312 -0.0463803 0.703328 0.00256585 0.000294313
51.98 0.136761 -0.0792085 -0.0465421 0.703495 0.00257131 0.000297948
51.99 0.137049 -0.0792234 -0.0466869 0.703598 0.00256794 0.000306989
52 0.137335 -0.0791882 -0.0468645 0.703663 0.00257214 0.000307927
52.01 0.13762 -0.0791277 -0.0470441 0.703668 0.00257425 0.000307737
52.02 0.137897 -0.0790306 -0.0472179 0.703619 0.00257386 0.000300863
52.03 0.138167 -0.0789055 -0.0474058 0.70364 0.00257699 0.000296616
52.04 0.138423 -0.0787355 -0.0475631 0.703661 0.00257086 0.000294371
52.05 0.138672 -0.0785352 -0.0477538 0.703806 0.00257475 0.000297756
52.06 0.138915 -0.0783109 -0.047903 0.703902 0.00256611 0.000304941
52.07 0.139164 -0.0781019 -0.0481083 0.70402 0.00257398 0.00030846
52.08 0.139416 -0.0779283 -0.0482682 0.704031 0.00256826 0.000308469
52.09 0.139672 -0.0777819 -0.0484621 0.704007 0.00257488 0.000304114
52.1 0.139922 -0.0776788 -0.0486133 0.703976 0.00256968 0.000300881
52.11 0.140169 -0.0775954 -0.0487692 0.70395 0.00257012 0.000298222
52.12 0.140396 -0.0775442 -0.0489146 0.704044 0.00256668 0.000304773
52.13 0.140613 -0.077533 -0.0490462 0.704107 0.00256351 0.000311145
52.14 0.14083 -0.0776299 -0.0491768 0.70427 0.00256162 0.000308843
52.15 0.141053 -0.0777843 -0.0492934 0.704281 0.00255862 0.000302717
52.16 0.141285 -0.0779841 -0.0494298 0.704337 0.00256175 0.000300505
52.17 0.14152 -0.0782102 -0.0495285 0.704241 0.00255686 0.000303104
52.18 0.14176 -0.078466 -0.0496409 0.704245 0.00255718 0.000309872
52.19 0.142002 -0.078793 -0.0497147 0.704224 0.00254822 0.000312616
52.2 0.14224 -0.079192 -0.0498248 0.704324 0.00255097 0.000306531
52.21 0.142476 -0.0796442 -0.0498959 0.704434 0.00254383 0.00030038
52.22 0.142712 -0.0800795 -0.050003 0.704531 0.00254613 0.000299607
52.23 0.14295 -0.0805182 -0.0500911 0.704602 0.00254305 0.000306273
52.24 0.143189 -0.0809517 -0.0501992 0.704553 0.00254397 0.000310219
52.25 0.143421 -0.0814194 -0.050295 0.704563 0.00254187 0.000310587
52.26 0.143642 -0.081881 -0.0503925 0.704487 0.00253779 0.000305435
52.27 0.143848 -0.082334 -0.0504949 0.704605 0.00253555 0.000301996
52.28 0.144042 -0.0827283 -0.0505931 0.704638 0.00252775 0.00030252
52.29 0.144229 -0.0830779 -0.0507269 0.704847 0.00252953 0.00030644
52.3 0.144412 -0.0833843 -0.050851 0.70487 0.00252277 0.000308094
52.31 0.144596 -0.0836451 -0.0510225 0.704982 0.00252842 0.000306866
52.32 0.144774 -0.0838556 -0.051168 0.704903 0.00252175 0.000304157
52.33 0.144944 -0.0839871 -0.0513538 0.70493 0.00252531 0.000302497
52.34 0.145097 -0.0840521 -0.0515068 0.704905 0.00251623 0.000304499
52.35 0.145237 -0.084042 -0.0516975 0.705003 0.00251568 0.000305183
52.36 0.145364 -0.083987 -0.0518754 0.705125 0.00250848 0.000305865
52.37 0.145488 -0.0838605 -0.0520857 0.70524 0.00250704 0.000303789
52.38 0.145612 -0.0836922 -0.0523075 0.705354 0.00250665 0.000301381
52.39 0.145737 -0.0834493 -0.0525287 0.705333 0.00250303 0.000298574
52.4 0.14586 -0.0831537 -0.0527712 0.705356 0.00250554 0.000299601
52.41 0.145976 -0.082803 -0.0529809 0.705281 0.00249658 0.000301273
52.42 0.14608 -0.0824253 -0.0532175 0.705355 0.00249714 0.000303981
52.43 0.146176 -0.0820433 -0.0534182 0.705395 0.00248527 0.000302736
52.44 0.146268 -0.0816577 -0.0536572 0.705557 0.00248637 0.000299271
52.45 0.146364 -0.0812771 -0.0538684 0.705638 0.00247718 0.000295639
52.46 0.146467 -0.0808869 -0.0541138 0.705709 0.00248058 0.000292265
52.47 0.146578 -0.0805089 -0.0543297 0.705691 0.0024744 0.000292865
52.48 0.14669 -0.0801335 -0.0545489 0.70564 0.00247399 0.000293826
52.49 0.146798 -0.0798031 -0.0547455 0.705628 0.00246722 0.000297485
52.5 0.146898 -0.0795134 -0.0549228 0.705639 0.00246016 0.000296993
52.51 0.146995 -0.0792969 -0.055106 0.70576 0.00245469 0.000296371
52.52 0.147093 -0.0791385 -0.0552677 0.705846 0.00244683 0.000290293
52.53 0.147201 -0.0790398 -0.0554598 0.705961 0.00244713 0.000286722
52.54 0.147317 -0.0789864 -0.0556158 0.705955 0.00244042 0.000282158
52.55 0.14744 -0.0789721 -0.0558004 0.705944 0.00244244 0.000282744
52.56 0.14756 -0.0789927 -0.055932 0.705881 0.0024327 0.000287167
52.57 0.147673 -0.0790669 -0.0560879 0.705877 0.0024312 0.000291228
52.58 0.147776 -0.0792177 -0.0562033 0.705938 0.00241963 0.000291211
52.59 0.147875 -0.0794214 -0.0563446 0.706028 0.00241602 0.00028668
52.6 0.147973 -0.0796788 -0.0564817 0.706175 0.00240994 0.000281479
52.61 0.148078 -0.0799456 -0.0566296 0.706203 0.00240722 0.000275352
52.62 0.148186 -0.0802234 -0.0567897 0.706271 0.00240617 0.0002744
52.63 0.148292 -0.0804757 -0.056932 0.706171 0.00240061 0.000275426
52.64 0.148389 -0.0807167 -0.0570949 0.706215 0.00239906 0.000283284
52.65 0.148472 -0.0809494 -0.0572257 0.706161 0.00238816 0.000286228
52.66 0.148541 -0.0811933 -0.0573975 0.70632 0.0023858 0.000286441
52.67 0.148603 -0.0814285 -0.0575483 0.706382 0.00237508 0.000278644
52.68 0.148663 -0.0816276 -0.0577522 0.706555 0.00237562 0.000272327
52.69 0.148725 -0.0817665 -0.0579459 0.706583 0.00236989 0.000266532
52.7 0.148787 -0.0818122 -0.0581698 0.706609 0.00237021 0.00026922
52.71 0.148843 -0.0817872 -0.0583859 0.706577 0.00236555 0.000274308
52.72 0.148886 -0.0816856 -0.0586056 0.70655 0.00235988 0.000281181
52.73 0.148914 -0.0815442 -0.0588318 0.70663 0.00235342 0.000285166
52.74 0.148931 -0.0813656 -0.059063 0.706693 0.00234466 0.000280561
52.75 0.148942 -0.0811478 -0.0593196 0.706885 0.00234064 0.000273699
52.76 0.148956 -0.0808628 -0.0595861 0.706927 0.00233462 0.000264178
52.77 0.148975 -0.0804933 -0.0598783 0.707039 0.00233541 0.000263221
52.78 0.148997 -0.0800406 -0.0601568 0.706952 0.00232882 0.000265318
52.79 0.149013 -0.0795205 -0.0604486 0.706983 0.00232805 0.000274694
52.8 0.149019 -0.0789732 -0.0607113 0.706921 0.00231627 0.000280319
52.81 0.149015 -0.078418 -0.0609928 0.707035 0.00231202 0.000283153
52.82 0.149007 -0.0778902 -0.0612583 0.707105 0.00230007 0.000276313
52.83 0.149001 -0.0773635 -0.0615509 0.707256 0.00229749 0.000266324
52.84 0.149006 -0.0768313 -0.0618354 0.707312 0.00229057 0.000259636
52.85 0.149008 -0.0762452 -0.0621453 0.707325 0.00229179 0.00026507
52.86 0.149006 -0.0756697 -0.0624277 0.707289 0.00228652 0.000277665
52.87 0.148996 -0.0751558 -0.0626772 0.707231 0.00227731 0.000278077
52.88 0.148981 -0.0747156 -0.0629259 0.707265 0.0022694 0.000276484
52.89 0.148961 -0.0743189 -0.0631449 0.707306 0.00225594 0.000271038
52.9 0.148945 -0.0739692 -0.0633972 0.707453 0.00225231 0.00027222
52.91 0.148939 -0.073684 -0.0636212 0.70752 0.0022423 0.000266984
52.92 0.148972 -0.0734586 -0.0639091 0.707599 0.0022498 0.00026647
52.93 0.149035 -0.0733039 -0.0641393 0.707561 0.00224431 0.000262148
52.94 0.149088 -0.0731705 -0.0643474 0.707524 0.00223769 0.000266977
52.95 0.149122 -0.0730828 -0.0645304 0.707493 0.00222532 0.000274789
52.96 0.14915 -0.0730327 -0.0647117 0.707506 0.00221574 0.000285501
52.97 0.149168 -0.0730836 -0.0648994 0.707626 0.00220567 0.000287812
52.98 0.14919 -0.0732141 -0.065089 0.707709 0.00219814 0.000277966
52.99 0.149216 -0.0734033 -0.0653051 0.707856 0.00219426 0.000267197
53 0.149252 -0.0735843 -0.0655056 0.707841 0.00218891 0.000257335
53.01 0.149288 -0.0737158 -0.065733 0.707873 0.00218779 0.000267907
53.02 0.14932 -0.0738186 -0.0659221 0.707782 0.00217956 0.000279184
53.03 0.149336 -0.073914 -0.0661352 0.707819 0.00217414 0.0002981
53.04 0.14934 -0.0740515 -0.0663214 0.707851 0.00216223 0.000298562
53.05 0.149331 -0.0742089 -0.066543 0.707989 0.00215487 0.00029528
53.06 0.149322 -0.0743612 -0.0667676 0.708118 0.00214641 0.000280844
53.07 0.149315 -0.0744485 -0.0670242 0.708196 0.00214261 0.00027466
53.08 0.149313 -0.0744438 -0.0672902 0.708248 0.0021391 0.000274728
53.09 0.149307 -0.0743341 -0.0675558 0.70818 0.00213369 0.000286047
53.1 0.14929 -0.0741422 -0.0678252 0.708207 0.0021274 0.000302449
53.11 0.149259 -0.073907 -0.0680873 0.708162 0.00211667 0.000312896
53.12 0.149214 -0.0736548 -0.0683656 0.708322 0.00210754 0.000315754
53.13 0.149163 -0.0733801 -0.0686516 0.708374 0.00209655 0.000305725
53.14 0.149115 -0.0730592 -0.06897 0.708574 0.00209146 0.000295683
53.15 0.149074 -0.072647 -0.0692881 0.708564 0.00208355 0.000287427
53.16 0.14904 -0.0721298 -0.069635 0.708635 0.00208231 0.000294054
53.17 0.149004 -0.0715191 -0.0699505 0.708533 0.00207209 0.000305765
53.18 0.14896 -0.0708525 -0.0702833 0.70856 0.00206653 0.000324683
53.19 0.148907 -0.0701963 -0.0705873 0.708556 0.00205254 0.000331211
53.2 0.148848 -0.0695601 -0.0709105 0.708668 0.00204302 0.000330716
53.21 0.14879 -0.0689658 -0.0712309 0.708787 0.00203181 0.000317104
53.22 0.148744 -0.0683539 -0.0715678 0.708868 0.00202451 0.00030631
53.23 0.14871 -0.067725 -0.0719075 0.708933 0.00201921 0.000301849
53.24 0.148683 -0.0670427 -0.0722335 0.708862 0.0020115 0.000310176
53.25 0.148658 -0.0663659 -0.0725547 0.708864 0.00200574 0.00032676
53.26 0.148626 -0.0657192 -0.0728387 0.708784 0.00199143 0.000340696
53.27 0.148587 -0.0651661 -0.0731357 0.708887 0.00198324 0.000349137
53.28 0.148547 -0.0647223 -0.0734034 0.708933 0.00196688 0.000339949
53.29 0.148513 -0.0643624 -0.0737015 0.709095 0.00196123 0.000329735
53.3 0.14849 -0.0640673 -0.0739774 0.709135 0.00194913 0.00031365
53.31 0.148478 -0.0637626 -0.0742729 0.709168 0.0019466 0.000316671
53.32 0.14847 -0.0634807 -0.0745365 0.709113 0.00193598 0.000325987
53.33 0.148459 -0.0632055 -0.0747979 0.709067 0.00192973 0.000348371
53.34 0.148436 -0.0630358 -0.0750305 0.709081 0.00191514 0.000361503
53.35 0.148404 -0.0629603 -0.0752655 0.709133 0.00190414 0.000363695
53.36 0.148367 -0.0630087 -0.0755026 0.709277 0.0018909 0.000353249
53.37 0.148336 -0.0630984 -0.0757468 0.709363 0.00188131 0.000337251
53.38 0.148311 -0.0631981 -0.0760153 0.709455 0.00187557 0.000332208
53.39 0.148291 -0.0632591 -0.0762598 0.709428 0.00186601 0.000333086
53.4 0.148266 -0.0632735 -0.0765286 0.70941 0.00186137 0.000354526
53.41 0.148229 -0.0632874 -0.0767516 0.709374 0.00184608 0.000369099
53.42 0.148177 -0.0633085 -0.0770144 0.709414 0.00183859 0.00038773
53.43 0.148114 -0.0634003 -0.0772414 0.70952 0.0018202 0.000380395
53.44 0.148046 -0.0634905 -0.077528 0.709634 0.00181383 0.000372313
53.45 0.147981 -0.063574 -0.0777971 0.709773 0.00179994 0.000353027
53.46 0.14792 -0.0635385 -0.0781111 0.709781 0.00179619 0.000352074
53.47 0.14786 -0.0634021 -0.0784115 0.709821 0.0017861 0.000360417
53.48 0.147792 -0.0631479 -0.0787151 0.709727 0.00177731 0.00038099
53.49 0.14771 -0.0628383 -0.0790268 0.709787 0.00176631 0.000402492
53.5 0.147615 -0.0625237 -0.0793197 0.709775 0.00175043 0.000406794
53.51 0.147513 -0.0621968 -0.0796601 0.709954 0.00174068 0.000404629
53.52 0.14743 -0.0618704 -0.0799998 0.710024 0.00172939 0.000383314
53.53 0.147372 -0.0614479 -0.0803907 0.710163 0.00172708 0.00037771
53.54 0.14731 -0.060945 -0.0807185 0.710151 0.00171058 0.000369107
53.55 0.147243 -0.0602953 -0.0811011 0.710134 0.00170618 0.000388257
53.56 0.147169 -0.0595859 -0.0814279 0.710091 0.00168911 0.000404113
53.57 0.147085 -0.058838 -0.0817915 0.710073 0.00167997 0.000426172
53.58 0.146991 -0.058146 -0.0821264 0.710178 0.00166305 0.000425598
53.59 0.146898 -0.0574928 -0.0824859 0.710243 0.00165127 0.000415198
53.6 0.146811 -0.0568668 -0.0828507 0.710418 0.00164033 0.000396309
53.61 0.146736 -0.0562154 -0.0832152 0.710407 0.00163014 0.000382239
53.62 0.146669 -0.0554979 -0.0835883 0.710468 0.00162421 0.000389101
53.63 0.146605 -0.0547519 -0.0839282 0.710343 0.00161192 0.000402818
53.64 0.146536 -0.0540012 -0.0842733 0.710371 0.00160423 0.000431655
53.65 0.146458 -0.0533617 -0.0845735 0.710326 0.00158582 0.000438459
53.66 0.146375 -0.0528305 -0.084901 0.710462 0.00157679 0.000439838
53.67 0.146293 -0.052439 -0.0851906 0.710537 0.00155749 0.000415449
53.68 0.14622 -0.0520851 -0.0855275 0.710663 0.00155329 0.000402732
53.69 0.146158 -0.051766 -0.0858206 0.710681 0.00153824 0.000390747
53.7 0.146094 -0.0514245 -0.0861449 0.710657 0.00153649 0.000402899
53.71 0.146021 -0.0511239 -0.0864144 0.710613 0.00152196 0.000418455
53.72 0.145936 -0.0508474 -0.0866808 0.710576 0.00151037 0.000443408
53.73 0.14584 -0.0506953 -0.0869373 0.710648 0.00149499 0.000455281
53.74 0.145741 -0.0506767 -0.0871894 0.710724 0.00148014 0.000445565
53.75 0.145643 -0.0507633 -0.0874627 0.710882 0.001469 0.000427456
53.76 0.145554 -0.0508841 -0.0877251 0.710937 0.00145596 0.000403034
53.77 0.145472 -0.0509344 -0.0880177 0.71099 0.00145084 0.00040836
53.78 0.145391 -0.050955 -0.088269 0.710935 0.00143609 0.000415444
53.79 0.145304 -0.0509014 -0.0885518 0.710912 0.0014303 0.00044978
53.8 0.145204 -0.0509191 -0.0887886 0.710914 0.001411 0.000458796
53.81 0.145094 -0.050949 -0.0890667 0.710984 0.00140202 0.000469872
53.82 0.144978 -0.0510725 -0.0893234 0.71113 0.00138281 0.000448055
53.83 0.144864 -0.0511526 -0.0896225 0.711226 0.00137471 0.000432774
53.84 0.144754 -0.0511839 -0.0899154 0.711338 0.00136 0.00041594
53.85 0.144649 -0.0510682 -0.0902302 0.711299 0.00135314 0.000420869
53.86 0.144541 -0.0508284 -0.0905386 0.711304 0.00133991 0.000442814
53.87 0.144425 -0.0505205 -0.0908441 0.711234 0.00132832 0.000462087
53.88 0.144296 -0.0501694 -0.0911609 0.711297 0.00131353 0.000483003
53.89 0.144159 -0.0498727 -0.0914675 0.711367 0.00129682 0.00046896
53.9 0.144019 -0.0495262 -0.091817 0.711508 0.00128475 0.000460494
53.91 0.143886 -0.0491756 -0.0921511 0.711616 0.00126915 0.000428756
53.92 0.143759 -0.0486541 -0.0925307 0.711641 0.0012618 0.000431517
53.93 0.143637 -0.0480576 -0.0928716 0.711649 0.00124586 0.000429714
53.94 0.143513 -0.0473029 -0.0932497 0.711554 0.00123847 0.000460689
53.95 0.143383 -0.0465612 -0.0935816 0.711587 0.00121925 0.00047405
53.96 0.143246 -0.045812 -0.0939495 0.711564 0.00120868 0.000486469
53.97 0.143107 -0.045148 -0.0942913 0.711734 0.00118953 0.000473888
53.98 0.14297 -0.0445167 -0.0946581 0.711778 0.00117759 0.000450617
53.99 0.142841 -0.0438658 -0.0950217 0.711928 0.00116349 0.00043552
54 0.142723 -0.0431817 -0.0953805 0.711872 0.00115151 0.000424597
54.01 0.142611 -0.0424033 -0.0957435 0.711889 0.00114098 0.00044785
54.02 0.142499 -0.0416702 -0.0960692 0.711785 0.00112493 0.000458873
54.03 0.142383 -0.0409416 -0.0964134 0.711816 0.0011142 0.000488811
54.04 0.142262 -0.0404044 -0.09671 0.711848 0.00109419 0.000475979
54.05 0.142142 -0.0399238 -0.0970406 0.711969 0.00108374 0.000473545
54.06 0.142025 -0.0396024 -0.0973281 0.712082 0.00106457 0.000439034
54.07 0.141918 -0.0392484 -0.0976476 0.712126 0.00105619 0.000434401
54.08 0.141818 -0.0389351 -0.097927 0.712153 0.00104028 0.000428973
54.09 0.141723 -0.038584 -0.0982123 0.712061 0.00103 0.000450678
54.1 0.141623 -0.0382909 -0.0984718 0.712075 0.00101471 0.000472597
54.11 0.141518 -0.0381042 -0.0987206 0.712035 0.000999721 0.000482519
54.12 0.141407 -0.0380248 -0.0989734 0.712182 0.000985409 0.000485059
54.13 0.141295 -0.038098 -0.099208 0.712252 0.00096834 0.000457093
54.14 0.141184 -0.0381674 -0.099463 0.71241 0.000956549 0.000447754
54.15 0.14108 -0.038284 -0.0996947 0.712419 0.00094056 0.000424206
54.16 0.140979 -0.0382668 -0.0999446 0.71243 0.000930676 0.000446864
54.17 0.140876 -0.0382785 -0.100165 0.712372 0.000913715 0.000454111
54.18 0.140767 -0.0382158 -0.100404 0.712359 0.000902587 0.000489205
54.19 0.140649 -0.0382701 -0.100625 0.712417 0.000883937 0.000485902
54.2 0.140523 -0.0383282 -0.100865 0.712511 0.000871063 0.000484854
54.21 0.140395 -0.0384459 -0.101105 0.712663 0.00085355 0.000457704
54.22 0.140268 -0.0384856 -0.101358 0.712731 0.000841164 0.000442073
54.23 0.140144 -0.0384158 -0.101616 0.712783 0.000825921 0.000440066
54.24 0.140023 -0.0382305 -0.101872 0.712731 0.000813075 0.000449568
54.25 0.139913 -0.0379174 -0.102152 0.712708 0.000801541 0.000481196
54.26 0.139812 -0.0376271 -0.102417 0.712699 0.000787767 0.000488003
54.27 0.139695 -0.0372839 -0.102687 0.712766 0.00077082 0.000500717
54.28 0.139569 -0.0370274 -0.102957 0.712888 0.000753606 0.000469306
54.29 0.139442 -0.0366374 -0.103248 0.712984 0.00073876 0.000464067
54.3 0.139319 -0.036238 -0.103534 0.713077 0.000722081 0.000437273
54.31 0.1392 -0.035633 -0.103841 0.713038 0.000710449 0.000453674
54.32 0.139085 -0.0349941 -0.104132 0.713037 0.000693765 0.000459192
54.33 0.138969 -0.0342456 -0.104439 0.712945 0.000682443 0.000485903
54.34 0.138852 -0.0335404 -0.104733 0.71301 0.000665309 0.000492776
54.35 0.138732 -0.0328636 -0.105037 0.713029 0.000652584 0.000488521
54.36 0.138613 -0.0322192 -0.105336 0.713195 0.000635957 0.000476965
54.37 0.138495 -0.0316162 -0.10563 0.713243 0.000621647 0.000450182
54.38 0.138386 -0.0309308 -0.105929 0.713321 0.000607185 0.000452173
54.39 0.138284 -0.0302671 -0.106208 0.713268 0.000592522 0.000443584
54.4 0.138188 -0.029499 -0.106493 0.713224 0.000579132 0.00047719
54.41 0.138093 -0.0288524 -0.106759 0.713198 0.000564476 0.000479739
54.42 0.138 -0.0282128 -0.107029 0.713209 0.000551073 0.000504015
54.43 0.137903 -0.0277826 -0.10728 0.713341 0.000535203 0.000481123
54.44 0.137811 -0.0273823 -0.107536 0.713404 0.0005222 0.000475074
54.45 0.13772 -0.0270982 -0.107768 0.713552 0.000505242 0.000448617
54.46 0.137637 -0.0267788 -0.108002 0.713501 0.000492654 0.000450262
54.47 0.137557 -0.0264764 -0.108217 0.713541 0.000476784 0.000460524
54.48 0.137482 -0.0261979 -0.108428 0.713423 0.000463968 0.000479039
54.49 0.137404 -0.0259802 -0.108636 0.713488 0.000449661 0.00050165
54.5 0.137326 -0.0259192 -0.108833 0.713489 0.000436118 0.000494376
54.51 0.137241 -0.0259115 -0.109032 0.713654 0.000421691 0.000495915
54.52 0.137147 -0.026071 -0.109224 0.713732 0.000408806 0.000458162
54.53 0.137042 -0.0261511 -0.109406 0.713831 0.000394631 0.00045946
54.54 0.136937 -0.0262451 -0.109565 0.713825 0.000376603 0.000450201
54.55 0.136829 -0.0261965 -0.109738 0.713793 0.000363552 0.000489551
54.56 0.136724 -0.0262421 -0.109899 0.713774 0.000347275 0.000496011
54.57 0.136613 -0.0262657 -0.110072 0.713776 0.000335171 0.000516468
54.58 0.136498 -0.0263967 -0.110248 0.713886 0.00032094 0.000500036
54.59 0.13638 -0.0264974 -0.110422 0.713974 0.000308041 0.000490529
54.6 0.136257 -0.0265592 -0.110597 0.714117 0.000292166 0.000478599
54.61 0.136132 -0.0265573 -0.110766 0.714134 0.000277676 0.000471293
54.62 0.136008 -0.0264199 -0.110941 0.714156 0.000261904 0.000485792
54.63 0.135884 -0.0262571 -0.111122 0.714085 0.000249095 0.000488059
54.64 0.135761 -0.0259493 -0.111307 0.714082 0.000234726 0.000517265
54.65 0.135632 -0.0257008 -0.111501 0.714104 0.000222376 0.00050976
54.66 0.135501 -0.0253441 -0.111701 0.714199 0.000209061 0.000522988
54.67 0.135365 -0.0250668 -0.1119 0.714324 0.000194817 0.000493356
54.68 0.135227 -0.0246447 -0.112097 0.71439 0.000179989 0.000493527
54.69 0.135089 -0.0242027 -0.112295 0.714439 0.000164496 0.000476594
54.7 0.134956 -0.0235935 -0.112493 0.714369 0.000150581 0.000494216
54.71 0.134828 -0.0229403 -0.112699 0.714354 0.000136382 0.000507298
54.72 0.134702 -0.0222494 -0.11291 0.714303 0.000125449 0.00052422
54.73 0.134578 -0.0215786 -0.113118 0.714383 0.000111598 0.000531194
54.74 0.134452 -0.0209856 -0.11333 0.714459 0.000101439 0.000514303
54.75 0.134326 -0.0203666 -0.113519 0.714577 8.4636e-05 0.000507884
54.76 0.134201 -0.0197962 -0.113712 0.714639 7.26753e-05 0.000483978
54.77 0.134081 -0.0191063 -0.11388 0.714623 5.52684e-05 0.000500755
54.78 0.133968 -0.0184734 -0.114058 0.714605 4.36284e-05 0.000499647
54.79 0.133863 -0.0177746 -0.114222 0.71452 2.97757e-05 0.000532877
54.8 0.133762 -0.0172336 -0.114391 0.714578 1.89912e-05 0.000528829
54.81 0.133664 -0.0167206 -0.114549 0.714588 8.081e-06 0.000539889
54.82 0.133565 -0.0163702 -0.114695 0.714765 -4.86384e-06 0.000517925
54.83 0.133465 -0.0160378 -0.114821 0.714798 -1.75827e-05 0.000511813
54.84 0.133365 -0.0157586 -0.114924 0.714915 -3.49974e-05 0.000503767
54.85 0.133271 -0.0154845 -0.115028 0.71484 -4.63656e-05 0.00050992
54.86 0.133181 -0.0152236 -0.11511 0.714854 -6.32012e-05 0.000529117
54.87 0.133098 -0.0150554 -0.115212 0.714784 -7.03993e-05 0.000535827
54.88 0.133017 -0.0149224 -0.115288 0.714853 -8.48174e-05 0.000554842
54.89 0.132933 -0.0149525 -0.115377 0.714925 -9.2481e-05 0.000538162
54.9 0.132844 -0.0149815 -0.11543 0.715056 -0.000108488 0.000543275
54.91 0.132751 -0.0151291 -0.11549 0.715158 -0.000120215 0.000516626
54.92 0.132654 -0.0151877 -0.115523 0.715175 -0.000136959 0.000529518
54.93 0.132559 -0.0152893 -0.115568 0.715187 -0.00015007 0.000523844
54.94 0.132467 -0.0153027 -0.115608 0.715102 -0.000162547 0.000551797
54.95 0.132376 -0.0153698 -0.115662 0.715149 -0.000173886 0.000556993
54.96 0.132284 -0.0154347 -0.115723 0.715146 -0.000181808 0.000567614
54.97 0.132185 -0.0155369 -0.11577 0.715317 -0.000196442 0.0005598
54.98 0.132078 -0.0156444 -0.115829 0.715375 -0.000205364 0.000545778
54.99 0.131964 -0.0156751 -0.115861 0.715505 -0.000224195 0.000541579
55 0.131847 -0.0156606 -0.115919 0.715468 -0.00023416 0.000533505
55.01 0.131732 -0.0154903 -0.115961 0.715464 -0.000251997 0.000555819
55.02 0.13162 -0.0153123 -0.116045 0.715401 -0.000258378 0.000558946
55.03 0.13151 -0.0150258 -0.116115 0.715415 -0.000271948 0.000583401
55.04 0.131399 -0.0148013 -0.116217 0.715486 -0.000276992 0.00056963
55.05 0.131283 -0.0144923 -0.116289 0.715581 -0.000290959 0.000572437
55.06 0.13116 -0.0142033 -0.116375 0.715701 -0.00030092 0.000547637
55.07 0.131033 -0.0137757 -0.116433 0.715722 -0.000317083 0.000551358
55.08 0.130908 -0.013296 -0.116506 0.715731 -0.000330144 0.000548943
55.09 0.130802 -0.0127446 -0.116573 0.715656 -0.000341841 0.00055708
55.1 0.130714 -0.0121534 -0.116649 0.71564 -0.00035352 0.000562534
55.11 0.130635 -0.011512 -0.116758 0.715646 -0.000356291 0.000574212
55.12 0.130557 -0.010859 -0.116833 0.715728 -0.000369456 0.000586866
55.13 0.130478 -0.0103085 -0.116932 0.715837 -0.000372602 0.000569482
55.14 0.130391 -0.0097451 -0.116966 0.715907 -0.000391296 0.000562226
55.15 0.130303 -0.00922407 -0.11703 0.715956 -0.00039812 0.000539611
55.16 0.130218 -0.00858763 -0.117045 0.715898 -0.000416236 0.000558008
55.17 0.130142 -0.00800377 -0.117099 0.715886 -0.000421212 0.000561036
55.18 0.130073 -0.00740082 -0.117122 0.715826 -0.000432884 0.000587054
55.19 0.13001 -0.00695268 -0.117167 0.715915 -0.000436354 0.000578309
55.2 0.129944 -0.00655851 -0.117177 0.715968 -0.000445525 0.000576571
55.21 0.129875 -0.00626459 -0.117175 0.716123 -0.00045497 0.000558518
55.22 0.1298 -0.00599357 -0.117147 0.716162 -0.000466085 0.00055202
55.23 0.129724 -0.00573833 -0.117093 0.716208 -0.000481017 0.000554646
55.24 0.129649 -0.00552758 -0.117053 0.716154 -0.000488096 0.000558771
55.25 0.129581 -0.00533247 -0.116983 0.716127 -0.000501389 0.000576863
55.26 0.129518 -0.00525515 -0.116954 0.716143 -0.000500914 0.000573581
55.27 0.129455 -0.00520926 -0.11687 0.716194 -0.000513396 0.000583187
55.28 0.129387 -0.00529472 -0.116821 0.716347 -0.000513761 0.000562745
55.29 0.129309 -0.00536894 -0.116697 0.716408 -0.000530689 0.000564332
55.3 0.129221 -0.00550498 -0.116603 0.71653 -0.000537345 0.000547699
55.31 0.12912 -0.00561479 -0.116472 0.716458 -0.000550705 0.000553297
55.32 0.129012 -0.00574404 -0.116372 0.716494 -0.000555536 0.000548472
55.33 0.128903 -0.0057983 -0.116241 0.716397 -0.000567238 0.000569681
55.34 0.128794 -0.005874 -0.116149 0.716496 -0.000572018 0.000578348
55.35 0.128686 -0.00599147 -0.116045 0.716526 -0.000577079 0.000577141
55.36 0.128568 -0.00613358 -0.115928 0.716691 -0.000587786 0.000563765
55.37 0.128444 -0.0062693 -0.115825 0.716746 -0.000591797 0.000542948
55.38 0.128314 -0.00629379 -0.115676 0.716801 -0.00060995 0.000542842
55.39 0.128184 -0.00625427 -0.115584 0.716765 -0.000611818 0.000541141
55.4 0.12806 -0.00609709 -0.115451 0.716715 -0.000627767 0.000562867
55.41 0.127945 -0.00595929 -0.115398 0.71671 -0.000623284 0.000558763
55.42 0.12783 -0.00575611 -0.115293 0.716727 -0.00063477 0.000566792
55.43 0.127716 -0.00558584 -0.115246 0.716851 -0.000631705 0.000544812
55.44 0.127595 -0.00531565 -0.115139 0.71692 -0.000644209 0.000542586
55.45 0.127468 -0.00501648 -0.115057 0.717025 -0.00065062 0.000527572
55.46 0.127338 -0.00461217 -0.114947 0.716991 -0.000662652 0.000531945
55.47 0.127214 -0.00416089 -0.114859 0.71698 -0.000671517 0.000533517
55.48 0.127098 -0.00367106 -0.114792 0.716899 -0.000673461 0.000537283
55.49 0.126992 -0.00314857 -0.114717 0.716916 -0.000680328 0.000542686
55.5 0.126891 -0.0026603 -0.114676 0.716959 -0.000675936 0.000532171
55.51 0.126789 -0.00213555 -0.114576 0.717068 -0.000687955 0.000532796
55.52 0.126681 -0.0016664 -0.114509 0.71717 -0.000687011 0.000512543
55.53 0.126568 -0.00113638 -0.114365 0.717205 -0.00070547 0.000516716
55.54 0.126455 -0.000656242 -0.11427 0.717213 -0.000706186 0.000503146
55.55 0.12635 -0.000124605 -0.114123 0.717135 -0.000720149 0.000516689
55.56 0.126254 0.000342419 -0.11403 0.717133 -0.000716559 0.000512989
55.57 0.126166 0.000787988 -0.113893 0.717124 -0.000723155 0.000521384
55.58 0.126081 0.00114238 -0.113774 0.717238 -0.00072088 0.000511927
55.59 0.125992 0.00142354 -0.113607 0.717332 -0.000727902 0.000501935
55.6 0.125892 0.00166732 -0.113415 0.717437 -0.000736285 0.000492684
55.61 0.125787 0.00186059 -0.11321 0.717475 -0.000743979 0.000485166
55.62 0.125681 0.00205411 -0.112972 0.71744 -0.000756856 0.000492474
55.63 0.125582 0.00216639 -0.112777 0.717427 -0.00075522 0.000489592
55.64 0.125489 0.00225565 -0.112534 0.717377 -0.000764435 0.000499682
55.65 0.1254 0.0022348 -0.11234 0.717479 -0.000757223 0.000487989
55.66 0.125307 0.00218888 -0.112074 0.717527 -0.000767182 0.000489731
55.67 0.125207 0.00205828 -0.111833 0.717707 -0.000765708 0.000471627
55.68 0.125092 0.00193293 -0.111516 0.717726 -0.000781788 0.000472043
55.69 0.124972 0.00177562 -0.111237 0.717805 -0.000784787 0.0004618
55.7 0.124861 0.00161254 -0.110911 0.71772 -0.000797426 0.000461762
55.71 0.124767 0.00144905 -0.110634 0.71773 -0.000797363 0.000455126
55.72 0.124679 0.00132378 -0.110362 0.717697 -0.000797206 0.000462842
55.73 0.124593 0.00121088 -0.110077 0.717788 -0.000800288 0.000467778
55.74 0.124498 0.00105381 -0.109807 0.717883 -0.000798427 0.000459511
55.75 0.124392 0.000908803 -0.109481 0.717988 -0.00081018 0.000449905
55.76 0.124273 0.00076262 -0.109189 0.718056 -0.000811765 0.000429243
55.77 0.124149 0.000731847 -0.108848 0.718022 -0.000826516 0.000432254
55.78 0.124029 0.000739143 -0.108574 0.718009 -0.000824644 0.00042694
55.79 0.123914 0.000838443 -0.108268 0.717925 -0.000832539 0.000440061
55.8 0.123808 0.000923908 -0.10803 0.717994 -0.000824737 0.000429448
55.81 0.1237 0.00106082 -0.107742 0.71801 -0.000829788 0.000427346
55.82 0.123588 0.00122106 -0.107484 0.718175 -0.000828513 0.000410909
55.83 0.123466 0.00144956 -0.10718 0.718199 -0.00083674 0.000405259
55.84 0.123339 0.00174233 -0.106885 0.718277 -0.000844528 0.000399126
55.85 0.12321 0.00208555 -0.106596 0.718198 -0.00084833 0.000397287
55.86 0.123092 0.00248172 -0.106312 0.718178 -0.000854084 0.000398559
55.87 0.122984 0.00288481 -0.106067 0.718129 -0.000847329 0.000392003
55.88 0.122882 0.00332732 -0.10579 0.718174 -0.00085158 0.000392413
55.89 0.122781 0.00375148 -0.105545 0.718266 -0.000843313 0.000378672
55.9 0.122676 0.00420766 -0.105227 0.718357 -0.000854843 0.000377434
55.91 0.122561 0.00464578 -0.104941 0.718447 -0.00085267 0.000363622
55.92 0.122443 0.00510951 -0.104587 0.71843 -0.000867814 0.000366786
55.93 0.122327 0.00554582 -0.10429 0.718417 -0.000864892 0.00035825
55.94 0.122221 0.0059743 -0.103956 0.718349 -0.000870252 0.000362138
55.95 0.122122 0.00635101 -0.103661 0.71837 -0.000864173 0.00035307
55.96 0.122029 0.00669891 -0.103332 0.718419 -0.000862898 0.00035241
55.97 0.121929 0.00699095 -0.102986 0.718534 -0.000864171 0.00034354
55.98 0.121822 0.00723249 -0.102615 0.718644 -0.000865225 0.000337222
55.99 0.121702 0.00743646 -0.102199 0.718694 -0.000876748 0.000333049
56 0.12158 0.00758059 -0.101805 0.718713 -0.000875681 0.000326399
56.01 0.121457 0.00769756 -0.101367 0.718647 -0.000886659 0.000329236
56.02 0.121342 0.0077327 -0.100993 0.718652 -0.000875591 0.000319726
56.03 0.121228 0.00774156 -0.100555 0.718643 -0.000882147 0.00032271
56.04 0.121115 0.0076756 -0.100164 0.718769 -0.000870498 0.000310343
56.05 0.120989 0.00758825 -0.0996884 0.718852 -0.000879748 0.000312133
56.06 0.120853 0.00744521 -0.0992324 0.718986 -0.000878182 0.000299931
56.07 0.120702 0.00728512 -0.0987269 0.718995 -0.000888445 0.000300643
56.08 0.120549 0.00710246 -0.0982411 0.718997 -0.000890226 0.000292858
56.09 0.120395 0.00689625 -0.0977634 0.718939 -0.000890477 0.000290884
56.1 0.120248 0.00670385 -0.0972863 0.718925 -0.0008893 0.000287258
56.11 0.1201 0.0064918 -0.0968382 0.71898 -0.000881067 0.000282738
56.12 0.119948 0.00630508 -0.0963387 0.719053 -0.000884792 0.000279195
56.13 0.119785 0.00610836 -0.0958751 0.7192 -0.000878401 0.000269354
56.14 0.119609 0.00596289 -0.0953341 0.719223 -0.000890929 0.000267503
56.15 0.119411 0.00584892 -0.0948386 0.719287 -0.000890674 0.000260776
56.16 0.1192 0.00578697 -0.0943047 0.719177 -0.000901582 0.000260759
56.17 0.119002 0.00576053 -0.0938645 0.719195 -0.000890048 0.000253364
56.18 0.118816 0.0057777 -0.0933878 0.719121 -0.000889539 0.00025135
56.19 0.118634 0.00585154 -0.0929509 0.719241 -0.000879609 0.000244347
56.2 0.118449 0.00596481 -0.0924765 0.719284 -0.000879052 0.000240826
56.21 0.118256 0.00614085 -0.0919915 0.719423 -0.000881019 0.000234791
56.22 0.118055 0.00636063 -0.0915061 0.719434 -0.000881924 0.000232603
56.23 0.117854 0.00662981 -0.0909977 0.719434 -0.000889674 0.000228408
56.24 0.117659 0.00693632 -0.0905432 0.719371 -0.000882682 0.000225236
56.25 0.117472 0.00726894 -0.0900542 0.719323 -0.00088646 0.000219419
56.26 0.117294 0.0076359 -0.0896286 0.719352 -0.000872501 0.000212552
56.27 0.117117 0.00803528 -0.0891365 0.719403 -0.000875846 0.000210411
56.28 0.116938 0.00845747 -0.0886832 0.719542 -0.000866721 0.000204962
56.29 0.11675 0.00889352 -0.0881532 0.719593 -0.000874804 0.000206804
56.3 0.11656 0.00932036 -0.087657 0.719659 -0.000872473 0.000200218
56.31 0.116368 0.00973563 -0.0871166 0.719592 -0.00087777 0.000200505
56.32 0.116183 0.010128 -0.0866134 0.719576 -0.000874084 0.00019231
56.33 0.116004 0.010487 -0.0860988 0.719527 -0.000868263 0.00018826
56.34 0.115829 0.0108299 -0.0855753 0.719597 -0.000866005 0.000181656
56.35 0.115652 0.0111387 -0.0850525 0.719682 -0.000855979 0.000179305
56.36 0.115466 0.0114287 -0.0844669 0.719809 -0.000862843 0.000180049
56.37 0.115272 0.0116549 -0.0838991 0.719886 -0.000856069 0.000177529
56.38 0.11507 0.0118363 -0.0832646 0.719895 -0.000867715 0.000178225
56.39 0.114869 0.0119384 -0.0826837 0.719872 -0.000857937 0.0001696
56.4 0.114669 0.0119876 -0.0820487 0.719816 -0.000863941 0.000165898
56.41 0.114472 0.011993 -0.0814684 0.719845 -0.00084971 0.000157049
56.42 0.114272 0.0119539 -0.0808305 0.719894 -0.000850953 0.000156205
56.43 0.114066 0.0119004 -0.0802061 0.720031 -0.000842967 0.000153998
56.44 0.113848 0.0117791 -0.0795388 0.720124 -0.000844844 0.000153934
56.45 0.113622 0.0116512 -0.0788592 0.72019 -0.00084611 0.000152809
56.46 0.113402 0.0114408 -0.0781793 0.720185 -0.000844853 0.000146635
56.47 0.113191 0.0112278 -0.0774846 0.720127 -0.000847091 0.000137507
56.48 0.112984 0.0110048 -0.0768437 0.720119 -0.000834819 0.000134851
56.49 0.112777 0.0108032 -0.0761547 0.720103 -0.000836391 0.000133757
56.5 0.112567 0.0105905 -0.0755194 0.720227 -0.000821646 0.000131496
56.51 0.11235 0.0103902 -0.0748138 0.720286 -0.000826619 0.000128741
56.52 0.112127 0.0102167 -0.0741543 0.720427 -0.000816657 0.000126962
56.53 0.111898 0.0100595 -0.0734378 0.720401 -0.000823768 0.000126448
56.54 0.111671 0.00994223 -0.0727716 0.720419 -0.000815987 0.00012387
56.55 0.111448 0.0098277 -0.0720893 0.720316 -0.000815745 0.000119061
56.56 0.111232 0.00976237 -0.0714339 0.720323 -0.000807724 0.000109156
56.57 0.111018 0.00973218 -0.0707883 0.720327 -0.000799859 0.00010289
56.58 0.110804 0.00979857 -0.0701242 0.720432 -0.000796012 0.00010033
56.59 0.11059 0.00991876 -0.0694854 0.720529 -0.000786883 0.000104725
56.6 0.110373 0.0101077 -0.0687925 0.720589 -0.000790643 0.000108587
56.61 0.11016 0.0103029 -0.0681568 0.720607 -0.000780839 0.000107604
56.62 0.10995 0.0105301 -0.0674629 0.720528 -0.000785391 0.000101867
56.63 0.10975 0.0107702 -0.0668455 0.720511 -0.00077174 9.0703e-05
56.64 0.109553 0.01106 -0.0661714 0.720457 -0.000771575 8.33678e-05
56.65 0.109361 0.0114088 -0.0655498 0.720565 -0.000758491 7.96651e-05
56.66 0.109167 0.011799 -0.0648779 0.720613 -0.000755531 8.37781e-05
56.67 0.108973 0.0122277 -0.0642147 0.72077 -0.000750136 8.83709e-05
56.68 0.108776 0.0126273 -0.0635335 0.720767 -0.000745273 9.11157e-05
56.69 0.108584 0.0130234 -0.0628338 0.720806 -0.000745721 8.80956e-05
56.7 0.108394 0.013356 -0.0621595 0.720715 -0.000735093 7.95189e-05
56.71 0.108208 0.0136933 -0.061443 0.720715 -0.000736366 7.0462e-05
56.72 0.108022 0.0139923 -0.0607713 0.720714 -0.000720669 6.29611e-05
56.73 0.107833 0.0143129 -0.0600336 0.720811 -0.000722439 6.34354e-05
56.74 0.107638 0.0146014 -0.0593351 0.720928 -0.000707473 6.75907e-05
56.75 0.107439 0.0148547 -0.0585654 0.721016 -0.000710624 7.30771e-05
56.76 0.107238 0.0150413 -0.0578263 0.721073 -0.00069959 7.43207e-05
56.77 0.107037 0.0151394 -0.0570415 0.72103 -0.000699799 7.02105e-05
56.78 0.106836 0.0151739 -0.0562726 0.721014 -0.000691335 5.99425e-05
56.79 0.106632 0.0151371 -0.0554887 0.720974 -0.000685183 5.08756e-05
56.8 0.106423 0.0150877 -0.0546925 0.721041 -0.000679323 4.33487e-05
56.81 0.106207 0.0150003 -0.053902 0.721127 -0.000668695 4.54232e-05
56.82 0.105986 0.0149187 -0.0530757 0.721253 -0.000666426 5.08829e-05
56.83 0.105762 0.0147733 -0.052273 0.721333 -0.000653449 5.96115e-05
56.84 0.105536 0.0145801 -0.0514179 0.721341 -0.000655303 5.83976e-05
56.85 0.105313 0.0143026 -0.0506083 0.721318 -0.000640419 5.18433e-05
56.86 0.105087 0.0139972 -0.049744 0.72125 -0.000642834 3.83569e-05
56.87 0.10486 0.0136777 -0.0489333 0.72127 -0.000626442 2.7721e-05
56.88 0.104627 0.0133995 -0.0480765 0.721301 -0.000625674 2.50173e-05
56.89 0.104393 0.0131618 -0.0472576 0.721434 -0.000610651 2.94803e-05
56.9 0.104156 0.0129548 -0.0464113 0.721507 -0.000606237 4.0559e-05
56.91 0.103923 0.0127514 -0.0455754 0.721582 -0.000596048 4.37877e-05
56.92 0.103692 0.0125278 -0.0447408 0.721545 -0.000588752 4.28909e-05
56.93 0.103449 0.0123184 -0.0438722 0.7215 -0.000588001 2.87392e-05
56.94 0.10319 0.0121339 -0.0430511 0.721448 -0.000578083 1.72837e-05
56.95 0.102943 0.0120414 -0.042214 0.721451 -0.000572648 8.06717e-06
56.96 0.102701 0.0120229 -0.0414325 0.721538 -0.000554381 1.18888e-05
56.97 0.102462 0.0121016 -0.0405924 0.721618 -0.000551461 1.90913e-05
56.98 0.102228 0.0122171 -0.0398138 0.721738 -0.00053302 2.9232e-05
56.99 0.102 0.0123604 -0.0389675 0.721718 -0.00053231 3.0885e-05
57 0.101779 0.0125044 -0.0381763 0.721734 -0.00051778 2.51799e-05
57.01 0.101563 0.0126656 -0.0373372 0.721616 -0.000515691 1.33084e-05
57.02 0.101348 0.0128697 -0.0365293 0.721646 -0.000505658 5.22184e-07
57.03 0.101131 0.0131286 -0.0357095 0.721619 -0.000498309 -4.6892e-06
57.04 0.100913 0.0134681 -0.0348889 0.721767 -0.000490911 -3.57506e-06
57.05 0.100697 0.0138518 -0.0340901 0.721829 -0.000476828 9.62114e-06
57.06 0.100486 0.0142492 -0.0332517 0.721944 -0.000472593 1.59484e-05
57.07 0.100281 0.0146046 -0.0324511 0.721931 -0.000456328 2.13207e-05
57.08 0.10008 0.0149052 -0.0315847 0.721906 -0.000456742 7.60618e-06
57.09 0.0998784 0.0151652 -0.0307668 0.721858 -0.000441406 -3.6271e-06
57.1 0.09967 0.0154136 -0.0298798 0.721844 -0.000442914 -2.01784e-05
57.11 0.0994573 0.0156769 -0.0290472 0.721928 -0.000427098 -2.13563e-05
57.12 0.0992378 0.015951 -0.0281557 0.722013 -0.000424462 -1.64352e-05
57.13 0.0990185 0.0162078 -0.0273057 0.722162 -0.000408596 -3.69907e-06
57.14 0.0988011 0.0163961 -0.0264128 0.722192 -0.000401162 5.14194e-06
57.15 0.0985879 0.016479 -0.0255243 0.722229 -0.000390756 1.40588e-07
57.16 0.0983718 0.0164605 -0.0246178 0.722149 -0.000381447 -1.03433e-05
57.17 0.0981518 0.0163652 -0.0236799 0.722147 -0.000379079 -3.2277e-05
57.18 0.0979196 0.0162483 -0.0227672 0.722139 -0.00036558 -3.92382e-05
57.19 0.0976813 0.0161296 -0.0218057 0.722247 -0.000364873 -4.42669e-05
57.2 0.0974385 0.0160102 -0.0209023 0.722349 -0.000344214 -2.913e-05
57.21 0.097197 0.0158524 -0.0199286 0.72246 -0.000343005 -2.13398e-05
57.22 0.096959 0.0156167 -0.0190177 0.722496 -0.000321303 -1.29557e-05
57.23 0.0967246 0.0152902 -0.0180287 0.722469 -0.000321663 -2.39064e-05
57.24 0.0964892 0.0148954 -0.0170918 0.722424 -0.000305025 -3.83908e-05
57.25 0.0962493 0.0144801 -0.0161011 0.722383 -0.000304186 -5.71871e-05
57.26 0.0960024 0.0140967 -0.0151414 0.722432 -0.000292336 -6.56531e-05
57.27 0.0957507 0.0137679 -0.0141785 0.722506 -0.000283245 -6.15205e-05
57.28 0.0955007 0.0134927 -0.0132128 0.722629 -0.000273458 -4.99748e-05
57.29 0.0952572 0.013226 -0.0122867 0.722692 -0.000255322 -3.48744e-05
57.3 0.095024 0.0129285 -0.0113104 0.722706 -0.000250505 -3.79453e-05
57.31 0.0947958 0.0126047 -0.0103887 0.722661 -0.000232499 -4.5506e-05
57.32 0.094569 0.0122804 -0.00939836 0.722592 -0.000233653 -7.00336e-05
57.33 0.0943381 0.0120297 -0.0084775 0.722594 -0.000216822 -7.90632e-05
57.34 0.0941023 0.011859 -0.0074955 0.72261 -0.000217605 -8.98385e-05
57.35 0.093865 0.0118107 -0.00658851 0.722745 -0.000198722 -7.71163e-05
57.36 0.0936326 0.0118262 -0.00564009 0.722801 -0.000193132 -6.77647e-05
57.37 0.0934096 0.0118913 -0.00474215 0.722904 -0.000174422 -5.39269e-05
57.38 0.093207 0.0119647 -0.00380331 0.722848 -0.000168813 -5.18574e-05
57.39 0.0930175 0.0120313 -0.00287941 0.722838 -0.000159695 -6.21381e-05
57.4 0.0928315 0.012064 -0.00196588 0.722752 -0.000148188 -8.73659e-05
57.41 0.09264 0.0121492 -0.00101206 0.722784 -0.000146041 -0.000114643
57.42 0.0924395 0.0123683 -0.000110117 0.722835 -0.000130135 -0.000111924
57.43 0.0922343 0.0126856 0.000841707 0.722955 -0.000126174 -0.000101757
57.44 0.0920309 0.0130545 0.00172943 0.723056 -0.000104915 -7.30225e-05
57.45 0.0918289 0.0133457 0.00268937 0.72309 -0.000101685 -7.39108e-05
57.46 0.0916307 0.0135725 0.00359395 0.723093 -8.30121e-05 -7.73077e-05
57.47 0.0914268 0.0137131 0.00458091 0.723015 -8.42623e-05 -0.00010767
57.48 0.0912149 0.0138612 0.00552086 0.723026 -7.11929e-05 -0.000123159
57.49 0.0909873 0.0140272 0.00651744 0.723018 -7.00808e-05 -0.000135985
57.5 0.0907523 0.0142294 0.00747695 0.723162 -5.74624e-05 -0.000128701
57.51 0.0905105 0.0144292 0.00845439 0.723232 -4.6404e-05 -0.000114767
57.52 0.0902731 0.0145635 0.00943369 0.723373 -3.4864e-05 -0.000105301
57.53 0.0900369 0.0146004 0.0104051 0.723353 -1.85919e-05 -0.00010217
57.54 0.0898025 0.0145093 0.0114314 0.72337 -1.59161e-05 -0.000120558
57.55 0.0895597 0.014342 0.0124178 0.723288 -1.37353e-07 -0.000135348
57.56 0.0893085 0.0141095 0.0134856 0.723311 -4.40602e-06 -0.00016165
57.57 0.0890428 0.0138918 0.0144803 0.723344 1.34035e-05 -0.000162011
57.58 0.0887734 0.0136635 0.0155464 0.723462 1.29908e-05 -0.000164168
57.59 0.0885024 0.0134423 0.0165338 0.723571 3.51172e-05 -0.000142603
57.6 0.08824 0.0131455 0.0175788 0.723633 4.17255e-05 -0.000137534
57.61 0.0879838 0.0127553 0.0185846 0.72365 5.93903e-05 -0.000135748
57.62 0.0877298 0.0122597 0.0196384 0.723586 6.46868e-05 -0.000156834
57.63 0.0874701 0.0117168 0.0206832 0.723563 7.22951e-05 -0.000179015
57.64 0.0872029 0.011192 0.0217328 0.723541 7.93875e-05 -0.000195999
57.65 0.086927 0.0107162 0.0227894 0.723626 8.36675e-05 -0.00020183
57.66 0.0866509 0.0103196 0.023801 0.723715 9.99545e-05 -0.00018773
57.67 0.0863804 0.00993672 0.0248406 0.72382 0.000106191 -0.000178309
57.68 0.086121 0.00956796 0.0258161 0.723858 0.000128848 -0.00016261
57.69 0.085869 0.00912613 0.0268614 0.723829 0.000130195 -0.000177516
57.7 0.0856182 0.00868301 0.0278446 0.723781 0.000147703 -0.000191404
57.71 0.0853609 0.00824092 0.0289044 0.723724 0.000142983 -0.000223158
57.72 0.0850944 0.00791227 0.0298906 0.723761 0.000157069 -0.00023219
57.73 0.084822 0.00769246 0.0309189 0.72382 0.000158078 -0.000234572
57.74 0.0845285 0.0075983 0.0319045 0.723945 0.000169979 -0.000217861
57.75 0.0842224 0.0075584 0.032896 0.724006 0.000177153 -0.000204653
57.76 0.0839351 0.00751763 0.0338374 0.724039 0.000194579 -0.000202274
57.77 0.0836599 0.00746156 0.0347951 0.723994 0.000206147 -0.00021132
57.78 0.0833802 0.0073778 0.0357784 0.723948 0.00020992 -0.000241465
57.79 0.0830896 0.00736395 0.0367385 0.723933 0.00022032 -0.000257937
57.8 0.0827854 0.00741664 0.037751 0.723969 0.000216629 -0.000276165
57.81 0.0824714 0.0075987 0.0386858 0.724082 0.000233953 -0.000261496
57.82 0.0821558 0.00781537 0.0396818 0.724166 0.000234172 -0.000253622
57.83 0.081845 0.00804547 0.0405901 0.724267 0.00025752 -0.000234166
57.84 0.0815382 0.0081785 0.0415836 0.724237 0.000257864 -0.000246288
57.85 0.0812271 0.00825627 0.0425274 0.724246 0.000272862 -0.000260253
57.86 0.080906 0.00827035 0.0435375 0.724161 0.000270802 -0.000291748
57.87 0.0805696 0.00830564 0.0445245 0.724221 0.000277743 -0.000308566
57.88 0.0802186 0.00837199 0.0455276 0.72424 0.000281571 -0.000313329
57.89 0.079862 0.00845465 0.0465228 0.724399 0.000289535 -0.000306669
57.9 0.0795051 0.00852768 0.0474999 0.724462 0.000303415 -0.000287849
57.91 0.0791534 0.00848962 0.0485038 0.724551 0.000311371 -0.000288843
57.92 0.0788057 0.00835789 0.0494869 0.724522 0.000326288 -0.00028944
57.93 0.0784528 0.00807103 0.0505409 0.724493 0.000324953 -0.000322829
57.94 0.0780904 0.00775453 0.0515531 0.724464 0.000336139 -0.000338145
57.95 0.0777156 0.00738129 0.0526391 0.724479 0.000331147 -0.000366388
57.96 0.0773314 0.00706926 0.0536557 0.724583 0.000345145 -0.000356289
57.97 0.0769494 0.00672589 0.0547224 0.724667 0.000347909 -0.000353462
57.98 0.0765741 0.00637093 0.0557311 0.724787 0.000365622 -0.000332271
57.99 0.0762085 0.005906 0.0567853 0.72478 0.000372383 -0.000334436
58 0.0758497 0.00533446 0.0578218 0.724784 0.000383494 -0.000347215
58.01 0.0754887 0.0046942 0.0588965 0.7247 0.000385932 -0.000372296
58.02 0.0751204 0.00401933 0.0599734 0.72471 0.000387965 -0.0004016
58.03 0.0747447 0.00343199 0.0610362 0.724721 0.000393316 -0.000406477
58.04 0.0743679 0.00287456 0.0621047 0.724834 0.000396165 -0.00041006
58.05 0.0739971 0.00242325 0.0631131 0.724916 0.000411556 -0.000384201
58.06 0.0736407 0.00191635 0.0641546 0.724992 0.000416599 -0.000383231
58.07 0.0733029 0.00145027 0.0651466 0.724986 0.000430693 -0.000369458
58.08 0.0729809 0.000883363 0.0661907 0.724944 0.000429221 -0.000395812
58.09 0.0726588 0.000327006 0.0671776 0.724897 0.000440291 -0.000419621
58.1 0.0723312 -0.000200948 0.0682239 0.724884 0.000435332 -0.000454876
58.11 0.0719931 -0.000564926 0.0692077 0.724946 0.000443778 -0.000457509
58.12 0.0716531 -0.00079096 0.0702088 0.725033 0.000446329 -0.000444216
58.13 0.0713163 -0.000948135 0.0711618 0.725136 0.00045732 -0.000424893
58.14 0.0709904 -0.0010928 0.0721081 0.725179 0.000467513 -0.000413144
58.15 0.0706701 -0.0013074 0.073061 0.72517 0.000472461 -0.000431029
58.16 0.0703465 -0.00149995 0.0740025 0.725129 0.000479035 -0.000448524
58.17 0.0700131 -0.00170202 0.074976 0.725084 0.000475271 -0.000484776
58.18 0.0696648 -0.00176377 0.075914 0.725119 0.000480687 -0.000488303
58.19 0.0693076 -0.00178257 0.0768749 0.725172 0.000478349 -0.000498806
58.2 0.068947 -0.00167921 0.0777833 0.725312 0.000489338 -0.000476001
58.21 0.0685913 -0.00161197 0.0787111 0.72537 0.000493041 -0.000474011
58.22 0.0682437 -0.00154721 0.0795954 0.725445 0.000507048 -0.000464263
58.23 0.0678995 -0.00158479 0.080527 0.725389 0.000508212 -0.000483317
58.24 0.0675468 -0.00166463 0.0814418 0.72538 0.000513968 -0.000504072
58.25 0.0671835 -0.00177881 0.0823946 0.725337 0.000510753 -0.000530021
58.26 0.0668049 -0.00187337 0.083332 0.725401 0.000512646 -0.000545628
58.27 0.0664218 -0.00191734 0.0842659 0.725488 0.000515894 -0.000538109
58.28 0.0660399 -0.0019827 0.0851912 0.725602 0.00052211 -0.000531639
58.29 0.0656684 -0.00206806 0.0860958 0.725688 0.000533403 -0.00050989
58.3 0.065306 -0.00231447 0.0870292 0.725687 0.00053827 -0.000522998
58.31 0.0649471 -0.00263936 0.0879525 0.72568 0.000546165 -0.000529433
58.32 0.0645823 -0.00311524 0.088928 0.725607 0.000542701 -0.000569918
58.33 0.0642087 -0.00356668 0.0898794 0.725645 0.000546395 -0.000579924
58.34 0.0638279 -0.00405651 0.0908645 0.725661 0.000543086 -0.00059804
58.35 0.0634489 -0.00447981 0.0918049 0.725808 0.000551395 -0.000579254
58.36 0.0630796 -0.00496318 0.0927601 0.72586 0.0005557 -0.000571531
58.37 0.0627263 -0.00549484 0.0936857 0.725957 0.000567151 -0.000559078
58.38 0.0623846 -0.00614223 0.0946333 0.725905 0.000572061 -0.000567941
58.39 0.0620474 -0.00688688 0.0955906 0.725897 0.000575148 -0.000591998
58.4 0.0617042 -0.00764595 0.0965565 0.725824 0.000575194 -0.000612521
58.41 0.0613556 -0.00841338 0.0975356 0.725862 0.000572944 -0.00063752
58.42 0.0610025 -0.00906034 0.098486 0.725911 0.000575935 -0.000627367
58.43 0.0606561 -0.00970393 0.0994416 0.72602 0.000577672 -0.000626718
58.44 0.0603115 -0.010247 0.10034 0.726099 0.000588675 -0.000595294
58.45 0.0599769 -0.0108939 0.10126 0.726122 0.00059384 -0.000601593
58.46 0.0596489 -0.0115482 0.102163 0.726106 0.000599588 -0.000606432
58.47 0.0593223 -0.0122831 0.103098 0.726037 0.000597989 -0.000646911
58.48 0.0589871 -0.0129028 0.104015 0.726031 0.000597413 -0.000662629
58.49 0.0586476 -0.013441 0.104936 0.726039 0.000595657 -0.000676206
58.5 0.0583037 -0.013835 0.105831 0.726146 0.000597186 -0.000664282
58.51 0.0579666 -0.0141564 0.106711 0.726229 0.000600934 -0.000648406
58.52 0.05764 -0.0144734 0.107564 0.726313 0.000607528 -0.00064415
58.53 0.0573287 -0.0147685 0.108405 0.726318 0.000613912 -0.000641865
58.54 0.0570195 -0.0151188 0.109255 0.726283 0.000615648 -0.000668136
58.55 0.056705 -0.015391 0.110097 0.726246 0.000615946 -0.000678718
58.56 0.0563788 -0.0156751 0.110955 0.726234 0.000611588 -0.000709019
58.57 0.0560433 -0.0158051 0.111781 0.726306 0.00061204 -0.000702173
58.58 0.0557074 -0.0159268 0.11261 0.726394 0.000611556 -0.000708051
58.59 0.0553781 -0.0159432 0.113395 0.72651 0.000618241 -0.000684619
58.6 0.0550609 -0.016034 0.114188 0.726557 0.000622295 -0.000687241
58.61 0.0547525 -0.0161394 0.114962 0.726565 0.000628228 -0.000686785
58.62 0.0544461 -0.0163362 0.115757 0.726524 0.000628779 -0.000708674
58.63 0.0541339 -0.0165638 0.116556 0.726494 0.0006275 -0.000732217
58.64 0.0538116 -0.0167778 0.117361 0.726522 0.000625204 -0.000745988
58.65 0.0534857 -0.0169814 0.118165 0.726587 0.000623246 -0.000753268
58.66 0.0531626 -0.0171277 0.118945 0.726714 0.000626539 -0.000732982
58.67 0.0528555 -0.0173691 0.119721 0.72678 0.000630477 -0.000731578
58.68 0.0525632 -0.0176458 0.12048 0.726848 0.000637775 -0.00071789
58.69 0.0522842 -0.0181009 0.121264 0.726795 0.000639159 -0.00074311
58.7 0.0520078 -0.0185812 0.122042 0.726791 0.000642085 -0.000751141
58.71 0.0517296 -0.0191705 0.122858 0.726728 0.000637024 -0.000782221
58.72 0.0514468 -0.0197183 0.123653 0.726804 0.000637388 -0.000782479
58.73 0.0511688 -0.0202954 0.124461 0.726847 0.000634827 -0.000785881
58.74 0.0509007 -0.02086 0.12524 0.726988 0.000638626 -0.000769848
58.75 0.0506543 -0.0214935 0.126007 0.727024 0.000643729 -0.000763595
58.76 0.0504263 -0.0222087 0.126777 0.727062 0.000647624 -0.000766308
58.77 0.050211 -0.0229915 0.12754 0.727006 0.000651133 -0.000776591
58.78 0.0499997 -0.0238466 0.128329 0.726964 0.000648777 -0.000801951
58.79 0.0497852 -0.0246618 0.129109 0.726956 0.000646915 -0.00080948
58.8 0.0495699 -0.0254842 0.129896 0.726989 0.000643296 -0.000825081
58.81 0.0493601 -0.0261979 0.130653 0.727104 0.000644048 -0.000807797
58.82 0.049165 -0.0269394 0.1314 0.727166 0.000645891 -0.000808738
58.83 0.0489878 -0.0276225 0.132115 0.727251 0.000651352 -0.000791264
58.84 0.0488282 -0.0283899 0.132834 0.727203 0.000653822 -0.000807562
58.85 0.048673 -0.0291155 0.133543 0.727193 0.000655174 -0.000814315
58.86 0.048518 -0.0298605 0.134262 0.727118 0.000652241 -0.000840197
58.87 0.048354 -0.0304979 0.134974 0.72716 0.000648881 -0.000847217
58.88 0.0481881 -0.0310644 0.13567 0.727201 0.000645929 -0.000850738
58.89 0.0480265 -0.031539 0.136343 0.727324 0.000647033 -0.000844451
58.9 0.0478777 -0.0319485 0.136991 0.727394 0.000648848 -0.000831884
58.91 0.0477519 -0.0323509 0.137626 0.727442 0.000652297 -0.000833996
58.92 0.047644 -0.0327094 0.138247 0.727417 0.000653111 -0.000830439
58.93 0.0475399 -0.0331471 0.138865 0.727378 0.000655354 -0.000863145
58.94 0.0474306 -0.0334842 0.139489 0.727357 0.000652052 -0.000872639
58.95 0.0473119 -0.0338109 0.140112 0.727388 0.000649803 -0.000896477
58.96 0.0471889 -0.0339662 0.140719 0.727482 0.000647833 -0.000878159
58.97 0.0470709 -0.0341438 0.141314 0.727583 0.000647909 -0.000877575
58.98 0.0469661 -0.0342787 0.141878 0.72767 0.000652933 -0.000863163
58.99 0.0468751 -0.0345074 0.142449 0.727688 0.000654748 -0.000876235
59 0.0467932 -0.0347473 0.143004 0.727665 0.000659361 -0.000887813
59.01 0.0467099 -0.0350127 0.143588 0.727627 0.000655979 -0.000902991
59.02 0.0466224 -0.0352845 0.144165 0.727617 0.000655525 -0.000916952
59.03 0.0465295 -0.035524 0.14475 0.727681 0.000651285 -0.000913419
59.04 0.0464429 -0.0358152 0.145321 0.727763 0.000651917 -0.000920206
59.05 0.0463668 -0.0360803 0.145875 0.727888 0.000653421 -0.000904634
59.06 0.0463142 -0.0364727 0.146418 0.727923 0.000658703 -0.000916859
59.07 0.0462765 -0.0368663 0.146957 0.727952 0.000661971 -0.000909249
59.08 0.0462539 -0.037406 0.147506 0.727881 0.000664595 -0.000933328
59.09 0.0462314 -0.0379326 0.148065 0.72787 0.000663163 -0.000933785
59.1 0.0462107 -0.0385541 0.148637 0.727854 0.000660463 -0.000953068
59.11 0.0461902 -0.0391467 0.149197 0.727936 0.000659487 -0.000947922
59.12 0.0461835 -0.0397925 0.149755 0.728027 0.000658739 -0.000949806
59.13 0.0461943 -0.040463 0.150282 0.728112 0.000664209 -0.000945028
59.14 0.0462301 -0.0411788 0.150811 0.728156 0.000666663 -0.000943245
59.15 0.0462827 -0.0419778 0.151326 0.728113 0.000672423 -0.000954798
59.16 0.0463455 -0.0427777 0.151858 0.72809 0.000671019 -0.00095842
59.17 0.0464097 -0.0436502 0.152384 0.728024 0.000671913 -0.000979586
59.18 0.0464717 -0.0444422 0.152921 0.728086 0.000666992 -0.000974729
59.19 0.0465379 -0.0452774 0.153431 0.728121 0.000668161 -0.000986725
59.2 0.0466147 -0.0460155 0.153932 0.728261 0.000667684 -0.00097067
59.21 0.04671 -0.0468199 0.154399 0.72829 0.000672915 -0.000981136
59.22 0.046822 -0.0475622 0.154857 0.728346 0.000676977 -0.000975301
59.23 0.0469446 -0.0483434 0.155305 0.728273 0.000679366 -0.000991142
59.24 0.0470677 -0.049065 0.155753 0.72826 0.00068065 -0.000996624
59.25 0.0471749 -0.0497307 0.156192 0.728217 0.000677817 -0.00100023
59.26 0.0472681 -0.0503535 0.156616 0.728285 0.000678441 -0.00100158
59.27 0.0473597 -0.050935 0.15704 0.728361 0.000673817 -0.00100392
59.28 0.0474616 -0.0515084 0.157414 0.728473 0.000680815 -0.00101767
59.29 0.0475779 -0.0519697 0.15779 0.728536 0.000680542 -0.00101215
59.3 0.0477087 -0.0524298 0.158124 0.728535 0.000689372 -0.00102299
59.31 0.0478454 -0.0527962 0.158477 0.72851 0.000688213 -0.0010151
59.32 0.0479818 -0.0531982 0.158808 0.728454 0.00069144 -0.00103275
59.33 0.0481097 -0.0535199 0.159154 0.728486 0.000687777 -0.00103215
59.34 0.0482348 -0.0538479 0.159474 0.72853 0.000688566 -0.00104763
59.35 0.0483617 -0.0540881 0.159789 0.728663 0.000688689 -0.00104169
59.36 0.0485021 -0.0543267 0.160071 0.728739 0.000692883 -0.00104474
59.37 0.0486584 -0.0545492 0.160343 0.728806 0.000698842 -0.00104258
59.38 0.0488289 -0.0547993 0.160608 0.728782 0.000702149 -0.00104932
59.39 0.0490058 -0.0550727 0.160871 0.728746 0.000707943 -0.00106027
59.4 0.0491803 -0.0553339 0.161159 0.72872 0.000703383 -0.00106326
59.41 0.0493512 -0.0556232 0.161428 0.728742 0.00070759 -0.00107227
59.42 0.0495231 -0.0558976 0.161718 0.728835 0.000701506 -0.00106601
59.43 0.0497072 -0.056242 0.161962 0.72893 0.000710778 -0.00107571
59.44 0.0499089 -0.0565873 0.162225 0.729022 0.000709699 -0.00106913
59.45 0.0501323 -0.0570273 0.162447 0.729035 0.000721785 -0.00108367
59.46 0.0503689 -0.0574653 0.162707 0.72901 0.000721049 -0.00107893
59.47 0.0506128 -0.0579866 0.162949 0.728959 0.000726806 -0.00109165
59.48 0.0508563 -0.0585117 0.163224 0.728939 0.00072399 -0.00108674
59.49 0.0510998 -0.0591126 0.163487 0.728986 0.000724155 -0.001096
59.5 0.0513503 -0.0597295 0.163743 0.729061 0.000726494 -0.00109365
59.51 0.0516141 -0.0603911 0.163996 0.729176 0.000726999 -0.00109616
59.52 0.051899 -0.0611021 0.164212 0.729211 0.000737384 -0.00110056
59.53 0.0522014 -0.0618273 0.16445 0.729237 0.00073802 -0.00110089
59.54 0.0525161 -0.0626109 0.164661 0.72916 0.000747159 -0.00111171
59.55 0.0528309 -0.063355 0.16491 0.729146 0.000742942 -0.00110528
59.56 0.0531449 -0.0641576 0.16513 0.729105 0.000747204 -0.00111541
59.57 0.0534547 -0.0649098 0.165372 0.729198 0.000742095 -0.00110678
59.58 0.0537716 -0.0657157 0.165564 0.729259 0.000748573 -0.00111867
59.59 0.0540992 -0.0664687 0.165765 0.729384 0.00074892 -0.00111394
59.6 0.0544432 -0.067242 0.165915 0.729398 0.000758595 -0.00112532
59.61 0.054799 -0.067959 0.166079 0.729404 0.000761785 -0.00112376
59.62 0.0551577 -0.0686484 0.166224 0.72934 0.000766 -0.00112791
59.63 0.0555109 -0.069295 0.166378 0.729311 0.000766266 -0.00112752
59.64 0.055855 -0.0698853 0.166525 0.729338 0.000764435 -0.00112506
59.65 0.0561944 -0.0704707 0.166646 0.729405 0.000766866 -0.00113166
59.66 0.0565361 -0.0709828 0.166757 0.729537 0.000766907 -0.00113052
59.67 0.0568905 -0.0714939 0.166812 0.729591 0.000777508 -0.0011429
59.68 0.0572798 -0.0719095 0.16686 0.729659 0.000784385 -0.0011382
59.69 0.0576977 -0.0723221 0.166867 0.729594 0.00079855 -0.00114641
59.7 0.0580984 -0.0726512 0.166959 0.729593 0.0007901 -0.00113984
59.71 0.0584806 -0.0729734 0.166984 0.729539 0.000795307 -0.00114654
59.72 0.0588526 -0.0732324 0.167056 0.729621 0.000788109 -0.00114106
59.73 0.0592212 -0.0734919 0.167061 0.729688 0.000792884 -0.00114733
59.74 0.0595965 -0.073728 0.167067 0.729821 0.000797067 -0.00114972
59.75 0.0599853 -0.0739461 0.167041 0.729877 0.000803086 -0.0011548
59.76 0.0603856 -0.0741551 0.167002 0.7299 0.00081371 -0.00115866
59.77 0.0607916 -0.0743312 0.166983 0.72986 0.000814065 -0.00115585
59.78 0.0611952 -0.0745269 0.166944 0.72982 0.000822394 -0.00115796
59.79 0.0615921 -0.0746967 0.166948 0.729824 0.000816219 -0.00114809
59.8 0.0619853 -0.0749384 0.166906 0.729877 0.000824282 -0.00115531
59.81 0.0623806 -0.0751739 0.166897 0.729986 0.000820598 -0.00114907
59.82 0.0627877 -0.0754917 0.166831 0.730074 0.00083219 -0.00116232
59.83 0.063209 -0.0758055 0.166794 0.730132 0.000834713 -0.00115919
59.84 0.063643 -0.0761698 0.166724 0.730112 0.000844752 -0.0011671
59.85 0.0640832 -0.0765369 0.166689 0.730067 0.000846637 -0.00115928
59.86 0.0645193 -0.076935 0.166649 0.730023 0.000848741 -0.00115559
59.87 0.0649528 -0.0773862 0.166624 0.730033 0.000849158 -0.00114912
59.88 0.0653814 -0.0778789 0.166594 0.73011 0.000848373 -0.00114654
59.89 0.0658183 -0.0784631 0.166542 0.730199 0.000855156 -0.0011542
59.9 0.0662647 -0.0790554 0.16649 0.730296 0.00085737 -0.0011558
59.91 0.0667264 -0.0797032 0.166408 0.730299 0.000868932 -0.00116542
59.92 0.0671936 -0.0803084 0.166351 0.730288 0.000869567 -0.00115589
59.93 0.0676631 -0.0809468 0.166275 0.730207 0.000877008 -0.00115492
59.94 0.0681216 -0.0815626 0.166232 0.730204 0.000872342 -0.0011394
59.95 0.0685737 -0.0822252 0.166158 0.730216 0.000876531 -0.00113997
59.96 0.0690181 -0.0829079 0.166095 0.730318 0.00087394 -0.00113795
59.97 0.0694672 -0.083604 0.165982 0.730413 0.000882415 -0.00114824
59.98 0.0699215 -0.084278 0.165872 0.730478 0.000885784 -0.00115007
59.99 0.0703822 -0.0848987 0.165732 0.730496 0.000894093 -0.00115154
60 0.0708402 -0.0854792 0.165596 0.730434 0.000897843 -0.00114527
60.01 0.0712887 -0.0859922 0.165463 0.730419 0.000898064 -0.00113536
60.02 0.0717216 -0.0864918 0.165314 0.730381 0.000900289 -0.00112889
60.03 0.072141 -0.0869502 0.165171 0.730483 0.00089737 -0.0011232
60.04 0.0725521 -0.0874096 0.164982 0.730543 0.000903344 -0.00112917
60.05 0.072962 -0.0878156 0.164796 0.73069 0.000904516 -0.00113121
60.06 0.0733743 -0.0881846 0.164559 0.730703 0.000914847 -0.00114035
60.07 0.0737863 -0.0884571 0.164344 0.730739 0.000916809 -0.00113316
60.08 0.0741907 -0.0886725 0.164096 0.730662 0.000923235 -0.00113034
60.09 0.074582 -0.0888149 0.163877 0.730662 0.000921164 -0.00111358
60.1 0.0749564 -0.0889409 0.163633 0.730658 0.000922168 -0.00110928
60.11 0.0753199 -0.0890578 0.16339 0.730758 0.000922612 -0.00110389
60.12 0.0756765 -0.0891715 0.163123 0.730858 0.000924573 -0.00111023
60.13 0.0760359 -0.0892809 0.162836 0.730955 0.000931555 -0.00111674
60.14 0.0763847 -0.089312 0.162535 0.730992 0.000936269 -0.00111125
60.15 0.0767257 -0.0893252 0.162226 0.730958 0.000943315 -0.00110173
60.16 0.0770564 -0.0893426 0.161954 0.730924 0.000940758 -0.00109401
60.17 0.0773768 -0.0893906 0.161661 0.730883 0.000943849 -0.00109441
60.18 0.077686 -0.0894168 0.161401 0.730948 0.000938826 -0.00108328
60.19 0.0779909 -0.0894781 0.161103 0.731013 0.000941901 -0.0010813
60.2 0.0782981 -0.0895761 0.160817 0.731146 0.000942723 -0.00107632
60.21 0.0786132 -0.0897311 0.1605 0.731184 0.000948513 -0.00108524
60.22 0.0789332 -0.0899044 0.160197 0.73121 0.000952961 -0.00108454
60.23 0.0792558 -0.0900665 0.159889 0.731144 0.000955406 -0.00108038
60.24 0.0795719 -0.0902289 0.159607 0.731105 0.000955546 -0.00106174
60.25 0.0798773 -0.0904155 0.159327 0.731091 0.000951628 -0.00104495
60.26 0.0801744 -0.0906949 0.159048 0.731144 0.000951821 -0.00103624
60.27 0.0804661 -0.091054 0.158768 0.731245 0.000948566 -0.00103978
60.28 0.0807613 -0.0914796 0.158456 0.731326 0.000955358 -0.00104943
60.29 0.0810596 -0.0919048 0.158162 0.731378 0.000953971 -0.0010517
60.3 0.0813594 -0.0923142 0.157838 0.731348 0.000961078 -0.00104675
60.31 0.0816534 -0.0927008 0.15755 0.7313 0.000956472 -0.00102827
60.32 0.0819352 -0.0930977 0.157243 0.731255 0.000957607 -0.00101356
60.33 0.0822018 -0.0935278 0.156955 0.731266 0.000951822 -0.000997773
60.34 0.0824563 -0.0940065 0.156642 0.731345 0.000951091 -0.000999079
60.35 0.0827023 -0.0945161 0.156322 0.731437 0.000950479 -0.00100077
60.36 0.0829453 -0.095016 0.155981 0.731537 0.000951545 -0.00101031
60.37 0.0832061 -0.0954762 0.155601 0.731545 0.000959677 -0.0010067
60.38 0.0834786 -0.0958685 0.155234 0.731541 0.00096073 -0.000997762
60.39 0.0837277 -0.0962161 0.15488 0.731465 0.0009582 -0.000981648
60.4 0.0839489 -0.096517 0.154531 0.73147 0.000950467 -0.000965708
60.41 0.0841512 -0.0968112 0.154155 0.73148 0.000948446 -0.000956689
60.42 0.0843364 -0.0970932 0.153777 0.731606 0.000942297 -0.000953324
60.43 0.0845119 -0.0973624 0.153353 0.731689 0.000945403 -0.00096114
60.44 0.0846814 -0.0975869 0.15293 0.731794 0.00094352 -0.000965285
60.45 0.0848427 -0.097716 0.152476 0.731784 0.000947002 -0.000965888
60.46 0.0849955 -0.0977621 0.152029 0.731765 0.000944708 -0.000951982
60.47 0.0851314 -0.0977069 0.151571 0.73171 0.000943389 -0.000933785
60.48 0.0852508 -0.0976357 0.151117 0.731715 0.000938517 -0.000913875
60.49 0.0853502 -0.0975538 0.150654 0.731785 0.000934409 -0.00090788
60.5 0.0854375 -0.0975059 0.150175 0.731879 0.000931728 -0.000910691
60.51 0.0855153 -0.0974384 0.149687 0.732006 0.000929465 -0.000921447
60.52 0.0855902 -0.0973286 0.149177 0.732029 0.000930157 -0.000924406
60.53 0.0856586 -0.0971492 0.148674 0.732056 0.000927947 -0.000918515
60.54 0.0857208 -0.0969015 0.148164 0.731966 0.00092636 -0.000899141
60.55 0.0857674 -0.0966517 0.147676 0.731971 0.000920155 -0.000879231
60.56 0.0858026 -0.096416 0.147173 0.731946 0.000916363 -0.000863829
60.57 0.0858228 -0.0962713 0.146692 0.732059 0.000908794 -0.000862409
60.58 0.085836 -0.0961607 0.146183 0.73213 0.000906583 -0.000869958
60.59 0.0858446 -0.0960965 0.14569 0.732239 0.000901872 -0.000876963
60.6 0.0858518 -0.0960018 0.145178 0.732243 0.000899865 -0.00087824
60.61 0.0858542 -0.0958982 0.14468 0.732222 0.000896496 -0.000863946
60.62 0.0858496 -0.0957858 0.144189 0.732157 0.000890016 -0.000847158
60.63 0.0858312 -0.0957152 0.143701 0.732128 0.000885359 -0.000825296
60.64 0.0858013 -0.095718 0.143229 0.732159 0.000876196 -0.000816525
60.65 0.0857594 -0.0958083 0.142742 0.732237 0.000871913 -0.000814944
60.66 0.0857093 -0.095972 0.142268 0.732344 0.000863997 -0.000824184
60.67 0.0856529 -0.0961606 0.141773 0.732399 0.000861058 -0.000831337
60.68 0.0855912 -0.096338 0.141293 0.73241 0.000854182 -0.000828795
60.69 0.0855203 -0.0964741 0.140794 0.732351 0.00085027 -0.000814587
60.7 0.0854379 -0.0966083 0.140314 0.732303 0.000842558 -0.000791676
60.71 0.0853366 -0.0967574 0.139826 0.732285 0.000834635 -0.000773971
60.72 0.0852196 -0.0969809 0.139338 0.732344 0.000827576 -0.00076551
60.73 0.0850866 -0.0972394 0.138844 0.732444 0.000818762 -0.000770248
60.74 0.0849413 -0.0975418 0.138336 0.732541 0.00081363 -0.000781285
60.75 0.0847825 -0.0977853 0.137825 0.732597 0.00080499 -0.000787106
60.76 0.0846133 -0.0979708 0.137297 0.732572 0.00080041 -0.000781896
60.77 0.0844208 -0.0980668 0.136764 0.732533 0.000793481 -0.000764213
60.78 0.0842055 -0.0981224 0.136224 0.73248 0.000787951 -0.000744217
60.79 0.0839669 -0.0981451 0.135693 0.732516 0.000775732 -0.000723509
60.8 0.0837077 -0.0981841 0.13514 0.732585 0.000767835 -0.000719032
60.81 0.0834328 -0.0982553 0.134582 0.732711 0.000757164 -0.000727648
60.82 0.0831446 -0.0982755 0.134005 0.732797 0.000749345 -0.000741595
60.83 0.0828463 -0.0982288 0.133412 0.732828 0.000741642 -0.000745972
60.84 0.0825377 -0.0980217 0.132814 0.73281 0.00073325 -0.00073289
60.85 0.0822161 -0.0977505 0.132202 0.732745 0.000725464 -0.000710003
60.86 0.0818797 -0.0974031 0.131591 0.732751 0.00071596 -0.000686969
60.87 0.081529 -0.0970994 0.130968 0.732762 0.00070724 -0.000677488
60.88 0.0811632 -0.0967978 0.130348 0.732895 0.000696216 -0.00068168
60.89 0.0807854 -0.0965133 0.129715 0.732967 0.000686657 -0.00069397
60.9 0.0803964 -0.0961745 0.129087 0.733079 0.000674402 -0.000702552
60.91 0.0799998 -0.0957568 0.128442 0.733049 0.000665096 -0.000698927
60.92 0.0795957 -0.0952691 0.127799 0.733041 0.000654139 -0.000681632
60.93 0.079183 -0.0947368 0.127148 0.732957 0.00064434 -0.000660006
60.94 0.0787604 -0.0942445 0.126496 0.732974 0.000634588 -0.000642077
60.95 0.0783269 -0.0937908 0.125855 0.733007 0.000622358 -0.000637637
60.96 0.0778825 -0.0934267 0.125207 0.733124 0.000611457 -0.000642427
60.97 0.0774274 -0.0930765 0.124578 0.733211 0.000596396 -0.000654203
60.98 0.0769638 -0.0927562 0.123936 0.733261 0.000584298 -0.000659481
60.99 0.0764934 -0.0923808 0.123304 0.733241 0.000570275 -0.000654149
61 0.0760177 -0.0920037 0.122657 0.733169 0.000559691 -0.000634527
61.01 0.0755346 -0.0916215 0.122017 0.733133 0.000548196 -0.00061144
61.02 0.0750427 -0.0913295 0.121376 0.733121 0.000536716 -0.000595675
61.03 0.0745375 -0.0911277 0.120747 0.733217 0.00052404 -0.000593654
61.04 0.0740197 -0.0910229 0.120129 0.733293 0.00050817 -0.000604133
61.05 0.0734886 -0.0909594 0.119512 0.733402 0.000494257 -0.000615115
61.06 0.0729473 -0.0908801 0.118904 0.733392 0.000476841 -0.000618437
61.07 0.0723966 -0.0907712 0.118281 0.733378 0.000465041 -0.000605385
61.08 0.0718378 -0.0906193 0.11766 0.733294 0.000450659 -0.000582613
61.09 0.0712692 -0.0905079 0.117025 0.733282 0.000441001 -0.000559276
61.1 0.0706886 -0.090444 0.1164 0.733305 0.000426909 -0.000549415
61.11 0.0700926 -0.0904735 0.115774 0.733403 0.000413908 -0.00055346
61.12 0.0694794 -0.0905133 0.115159 0.733507 0.000396062 -0.000565314
61.13 0.0688498 -0.0905425 0.11454 0.733572 0.000379312 -0.000573148
61.14 0.0682075 -0.0904817 0.113912 0.733585 0.000362864 -0.00056798
61.15 0.0675554 -0.0903503 0.113269 0.733534 0.00034854 -0.000551367
61.16 0.0668938 -0.0901583 0.112612 0.733493 0.000336057 -0.000527867
61.17 0.0662213 -0.0899545 0.111945 0.733486 0.000323602 -0.000511398
61.18 0.0655371 -0.0897664 0.111272 0.733547 0.000311065 -0.000503637
61.19 0.0648379 -0.0895786 0.110604 0.733658 0.00029472 -0.000510505
61.2 0.0641219 -0.0893725 0.109938 0.733755 0.000277075 -0.000517911
61.21 0.0634065 -0.0890837 0.109253 0.733826 0.000260587 -0.000523555
61.22 0.062696 -0.0887093 0.108553 0.7338 0.000247082 -0.000513121
61.23 0.0619698 -0.0882245 0.107868 0.733772 0.000227219 -0.000496866
61.24 0.0612324 -0.0876907 0.107142 0.733709 0.000216389 -0.000474049
61.25 0.060488 -0.0871234 0.10643 0.733747 0.000199951 -0.000459007
61.26 0.0597333 -0.0865795 0.105697 0.733804 0.000187625 -0.000454405
61.27 0.0589665 -0.0860363 0.104987 0.733939 0.000168057 -0.000459908
61.28 0.0581846 -0.0854827 0.104278 0.734011 0.000148134 -0.000470692
61.29 0.0573918 -0.0848638 0.103566 0.734059 0.000127842 -0.000470668
61.3 0.0565927 -0.0841649 0.102848 0.734009 0.000108742 -0.000461872
61.31 0.0557924 -0.0834049 0.102099 0.73396 9.61812e-05 -0.000436036
61.32 0.0549919 -0.0826302 0.10136 0.733924 8.11902e-05 -0.000415273
61.33 0.0541895 -0.0819174 0.100599 0.733954 7.10275e-05 -0.000398644
61.34 0.0533776 -0.0812685 0.099883 0.734051 5.09464e-05 -0.00040273
61.35 0.0525541 -0.0806914 0.0991622 0.734137 3.2423e-05 -0.000409908
61.36 0.0517156 -0.0801092 0.0984777 0.734225 6.74198e-06 -0.000419722
61.37 0.0508713 -0.0795128 0.0977677 0.734193 -1.28215e-05 -0.000412775
61.38 0.0500237 -0.0788731 0.0970648 0.734175 -3.2468e-05 -0.000395706
61.39 0.0491787 -0.0782513 0.0963344 0.734077 -4.6092e-05 -0.000369657
61.4 0.0483349 -0.077686 0.0956057 0.7341 -5.87371e-05 -0.000350631
61.41 0.0474893 -0.0772187 0.0948889 0.734109 -7.46377e-05 -0.000342774
61.42 0.0466327 -0.0768436 0.0941848 0.734238 -9.17292e-05 -0.000345832
61.43 0.0457626 -0.0765217 0.0935189 0.734299 -0.000118076 -0.000354531
61.44 0.0448777 -0.0762114 0.0928383 0.73437 -0.000139041 -0.000354043
61.45 0.0439866 -0.0758743 0.0921733 0.734335 -0.00016434 -0.000346184
61.46 0.0430929 -0.075522 0.091465 0.734289 -0.000178754 -0.000322442
61.47 0.0422021 -0.0751757 0.0907619 0.734237 -0.000195256 -0.000302004
61.48 0.0413106 -0.0748797 0.0900295 0.73424 -0.000205593 -0.000281465
61.49 0.0404149 -0.0746436 0.089327 0.734317 -0.000223354 -0.000278519
61.5 0.0395049 -0.0744553 0.0886236 0.734415 -0.000242088 -0.000279132
61.51 0.038578 -0.0742665 0.0879538 0.734517 -0.0002685 -0.000285745
61.52 0.0376346 -0.0740386 0.0872672 0.734541 -0.000292808 -0.000283151
61.53 0.0366851 -0.0737328 0.0865679 0.734523 -0.000313637 -0.000269489
61.54 0.0357342 -0.0733609 0.085842 0.734458 -0.000330934 -0.000247049
61.55 0.0347876 -0.072951 0.085085 0.734438 -0.000340493 -0.00022099
61.56 0.0338375 -0.072542 0.0843444 0.734468 -0.000357017 -0.00020664
61.57 0.0328809 -0.0721543 0.0835868 0.734568 -0.000369312 -0.000200976
61.58 0.0319064 -0.0717541 0.0828853 0.73468 -0.000396974 -0.000208619
61.59 0.0309128 -0.0713043 0.0821596 0.734758 -0.000418692 -0.000209447
61.6 0.0299048 -0.0707506 0.0814578 0.734773 -0.000447853 -0.000205345
61.61 0.0288938 -0.0700987 0.0806976 0.734727 -0.000463683 -0.000184126
61.62 0.0278857 -0.0693599 0.0799321 0.734685 -0.000480352 -0.000160105
61.63 0.0268837 -0.0685967 0.0791333 0.734668 -0.000490142 -0.00013602
61.64 0.0258805 -0.0678349 0.0783467 0.734734 -0.000503794 -0.000124484
61.65 0.0248602 -0.0671162 0.0775786 0.734825 -0.00052193 -0.000128685
61.66 0.0238137 -0.0663852 0.0768373 0.734931 -0.00054511 -0.000136682
61.67 0.0227482 -0.0655605 0.0761263 0.73498 -0.000576781 -0.000131869
61.68 0.0216742 -0.0646631 0.0753715 0.734967 -0.000597045 -0.000112177
61.69 0.0206055 -0.0637173 0.0746206 0.734924 -0.000619597 -9.02546e-05
61.7 0.0195474 -0.0627893 0.0738138 0.734862 -0.000628231 -6.72463e-05
61.71 0.0184989 -0.0618786 0.0730362 0.734888 -0.000644785 -5.49527e-05
61.72 0.0174533 -0.0610245 0.0722381 0.734918 -0.000655018 -4.48898e-05
61.73 0.0164022 -0.0602007 0.0715006 0.73505 -0.000678819 -4.60964e-05
61.74 0.0153363 -0.0594091 0.0707731 0.735094 -0.000702675 -4.19088e-05
61.75 0.0142594 -0.0586179 0.0700725 0.735161 -0.000730956 -3.9072e-05
61.76 0.0131816 -0.0578273 0.0693488 0.735092 -0.000752892 -2.37097e-05
61.77 0.0121128 -0.0570368 0.0686114 0.735064 -0.000769719 -4.52883e-06
61.78 0.011057 -0.0562756 0.0678509 0.734993 -0.000781513 1.95936e-05
61.79 0.0100132 -0.0555794 0.0670911 0.735033 -0.000791583 3.82469e-05
61.8 0.00896859 -0.0549682 0.0663655 0.735094 -0.000809388 4.6409e-05
61.81 0.00791493 -0.0544413 0.0656593 0.735203 -0.000829432 4.78624e-05
61.82 0.00684473 -0.0539587 0.0650079 0.735271 -0.000861078 4.34503e-05
61.83 0.00576585 -0.053475 0.0643207 0.735276 -0.00088267 5.27627e-05
61.84 0.0046889 -0.0529671 0.0636531 0.735239 -0.000908136 6.80221e-05
61.85 0.00362371 -0.0524514 0.0629138 0.735167 -0.000916879 9.80138e-05
61.86 0.0025735 -0.0519644 0.0621938 0.735168 -0.000930041 0.000120236
61.87 0.00153158 -0.0515435 0.0614484 0.735193 -0.000938049 0.000137424
61.88 0.000482915 -0.0511766 0.0607622 0.735317 -0.000959099 0.000139801
61.89 -0.000581715 -0.0508453 0.0600836 0.735389 -0.00098236 0.000137975
61.9 -0.0016605 -0.0504779 0.0594266 0.735475 -0.00100989 0.000140598
61.91 -0.00274699 -0.0500565 0.0587554 0.73544 -0.00103502 0.000152591
61.92 -0.0038277 -0.0495569 0.0580369 0.735422 -0.00104979 0.000178668
61.93 -0.00489491 -0.049029 0.0573071 0.735358 -0.00106393 0.00020263
61.94 -0.0059494 -0.0484902 0.0565308 0.735387 -0.00106871 0.00022628
61.95 -0.00699977 -0.0479649 0.0557973 0.735443 -0.00108518 0.000233879
61.96 -0.00805883 -0.0474378 0.0550555 0.735554 -0.00110049 0.000238762
61.97 -0.00913596 -0.0468702 0.0543735 0.735646 -0.00113019 0.00023649
61.98 -0.0102261 -0.0462314 0.0536567 0.735683 -0.00115281 0.000245816
61.99 -0.0113193 -0.0454903 0.0529473 0.735672 -0.00117772 0.000261771
62 -0.0124018 -0.0446867 0.0521704 0.735616 -0.00118934 0.000286087
62.01 -0.013468 -0.0438252 0.0513874 0.735593 -0.00120049 0.000310177
62.02 -0.0145226 -0.0429652 0.0505817 0.735608 -0.00120878 0.000327033
62.03 -0.0155742 -0.0420961 0.0497973 0.73569 -0.00122155 0.000337525
62.04 -0.0166324 -0.041237 0.0490465 0.735795 -0.00124257 0.000337129
62.05 -0.017695 -0.0403742 0.0483354 0.735867 -0.00126958 0.000333085
62.06 -0.0187554 -0.0394497 0.0476295 0.735896 -0.00129785 0.000331746
62.07 -0.0198108 -0.0384012 0.0468663 0.735841 -0.00131214 0.000361894
62.08 -0.0208486 -0.0373027 0.0460998 0.735798 -0.00132621 0.000394551
62.09 -0.0218688 -0.0362529 0.0452822 0.735749 -0.00132825 0.000424037
62.1 -0.022875 -0.0352894 0.0445152 0.735806 -0.0013413 0.000428664
62.11 -0.0238833 -0.0343906 0.043742 0.735873 -0.00135195 0.000429428
62.12 -0.0249024 -0.0335091 0.0430508 0.735991 -0.00137854 0.000425239
62.13 -0.0259388 -0.0326232 0.0423507 0.736028 -0.0014012 0.000432892
62.14 -0.0269793 -0.0317238 0.0416762 0.736032 -0.0014264 0.000447286
62.15 -0.0280123 -0.0308405 0.0409606 0.735964 -0.00144152 0.000467661
62.16 -0.0290233 -0.0299849 0.0402247 0.735915 -0.00144961 0.000491266
62.17 -0.0300142 -0.0292013 0.0394813 0.735905 -0.00145618 0.000506619
62.18 -0.0309912 -0.0284796 0.0387452 0.735957 -0.00146191 0.000521832
62.19 -0.0319738 -0.0278507 0.0380714 0.736063 -0.00148082 0.000521309
62.2 -0.0329694 -0.0272615 0.0374118 0.736132 -0.00150005 0.000526831
62.21 -0.0339785 -0.0267139 0.0367987 0.736193 -0.0015282 0.000525217
62.22 -0.0349872 -0.0261406 0.03614 0.73614 -0.00154392 0.000543899
62.23 -0.035983 -0.0255728 0.0354843 0.736121 -0.00155972 0.000561902
62.24 -0.0369564 -0.0250151 0.0347697 0.736044 -0.00156141 0.00058977
62.25 -0.0379113 -0.0245135 0.034077 0.736103 -0.00156815 0.000604892
62.26 -0.0388587 -0.0240704 0.0333865 0.736136 -0.00157475 0.000613805
62.27 -0.0398146 -0.0236592 0.032748 0.736278 -0.00159256 0.000615171
62.28 -0.0407863 -0.0232611 0.032131 0.736326 -0.0016141 0.00061349
62.29 -0.041769 -0.0228073 0.0315157 0.736381 -0.00163587 0.000623963
62.3 -0.042749 -0.0223126 0.0308799 0.736332 -0.00165246 0.000637068
62.31 -0.0437138 -0.0217495 0.0301957 0.736293 -0.00165978 0.000665595
62.32 -0.0446561 -0.02119 0.0294975 0.736266 -0.00166405 0.000681674
62.33 -0.0455848 -0.020615 0.0287776 0.736303 -0.00166581 0.000701276
62.34 -0.0465093 -0.020063 0.0281002 0.736404 -0.00167661 0.000700461
62.35 -0.0474463 -0.0194763 0.0274339 0.736499 -0.00169134 0.00070609
62.36 -0.0484 -0.0188545 0.0268141 0.736583 -0.00171528 0.000702942
62.37 -0.0493634 -0.0181446 0.0261594 0.736571 -0.00173261 0.000715849
62.38 -0.0503187 -0.0173574 0.0254943 0.73654 -0.00174743 0.000731675
62.39 -0.0512549 -0.0165065 0.0247666 0.736475 -0.00174994 0.000755952
62.4 -0.0521666 -0.0156328 0.0240318 0.736482 -0.00175214 0.000775402
62.41 -0.0530666 -0.0147741 0.0232954 0.736529 -0.00175436 0.000783491
62.42 -0.0539683 -0.0139105 0.0225938 0.736638 -0.00176568 0.000787926
62.43 -0.0548848 -0.0130471 0.0219335 0.736722 -0.00178403 0.000782506
62.44 -0.055815 -0.0121259 0.0212732 0.736765 -0.00180349 0.000790864
62.45 -0.0567466 -0.0111717 0.0206183 0.736741 -0.00182109 0.00079665
62.46 -0.0576644 -0.0101565 0.0199069 0.736682 -0.00182823 0.000822471
62.47 -0.0585569 -0.0091582 0.019187 0.736642 -0.00183076 0.000836755
62.48 -0.0594274 -0.00817744 0.0184408 0.736647 -0.00182993 0.000857162
62.49 -0.0602867 -0.00726766 0.0177347 0.736721 -0.00183466 0.000857712
62.5 -0.0611507 -0.00639621 0.0170554 0.736808 -0.00184632 0.000861039
62.51 -0.0620287 -0.00556013 0.0164259 0.736885 -0.00186492 0.000857064
62.52 -0.062925 -0.00475529 0.0157844 0.736898 -0.00187976 0.000858115
62.53 -0.0638253 -0.00394802 0.0151504 0.736858 -0.00189248 0.000866258
62.54 -0.0647102 -0.00310966 0.0144908 0.736807 -0.00189964 0.000891908
62.55 -0.0655715 -0.00230895 0.0138031 0.736764 -0.00189839 0.000920214
62.56 -0.0664097 -0.00162418 0.0131337 0.736813 -0.00190035 0.000929354
62.57 -0.0672404 -0.0010441 0.0124811 0.736869 -0.00190432 0.000929675
62.58 -0.0680735 -0.000539107 0.0118827 0.736997 -0.00191774 0.000917233
62.59 -0.0689198 -2.48679e-05 0.0113062 0.737022 -0.00193429 0.000922808
62.6 -0.0697682 0.000481422 0.0107389 0.737062 -0.00194942 0.000928594
62.61 -0.070607 0.00100829 0.0101426 0.736977 -0.0019578 0.000953343
62.62 -0.0714207 0.00147389 0.00952797 0.736959 -0.00195983 0.000964956
62.63 -0.0722089 0.00191218 0.0088831 0.736922 -0.00195596 0.000981365
62.64 -0.07298 0.00227577 0.00827049 0.737002 -0.00195741 0.000981414
62.65 -0.073752 0.00263899 0.0076727 0.737088 -0.00196217 0.00098674
62.66 -0.0745344 0.00297295 0.00712649 0.737193 -0.00197629 0.000985914
62.67 -0.0753323 0.00333316 0.00659265 0.737238 -0.00199247 0.000989134
62.68 -0.0761321 0.00371878 0.00604445 0.737213 -0.00200472 0.00099859
62.69 -0.0769188 0.00413919 0.00547127 0.737175 -0.00201143 0.00100847
62.7 -0.0776815 0.0046073 0.00484577 0.73712 -0.00200776 0.00102973
62.71 -0.0784205 0.00505807 0.0042261 0.737162 -0.00200579 0.00103564
62.72 -0.0791532 0.00554123 0.00360598 0.737213 -0.00200469 0.00104858
62.73 -0.0798939 0.00598876 0.00304154 0.737346 -0.00201569 0.00103903
62.74 -0.0806514 0.00651328 0.00248082 0.737392 -0.00202715 0.00104492
62.75 -0.0814199 0.00705753 0.00194596 0.737447 -0.00204437 0.00104044
62.76 -0.0821755 0.00768829 0.00137917 0.737382 -0.00205316 0.00105026
62.77 -0.0829017 0.00835863 0.00078075 0.737362 -0.00205675 0.00105572
62.78 -0.0836042 0.00913021 0.000140353 0.73731 -0.00205121 0.00107876
62.79 -0.0842888 0.00990642 -0.000501311 0.737364 -0.00204827 0.00109497
62.8 -0.0849718 0.0106525 -0.00111335 0.737425 -0.00204978 0.00109635
62.81 -0.0856651 0.0113858 -0.00169844 0.737528 -0.00205925 0.00109186
62.82 -0.0863749 0.0121243 -0.00224358 0.737581 -0.0020739 0.00107953
62.83 -0.0870917 0.0129486 -0.00281136 0.737581 -0.00208507 0.00108943
62.84 -0.0878012 0.0137974 -0.00337558 0.737541 -0.00209373 0.00109619
62.85 -0.0884901 0.0146915 -0.00399797 0.737478 -0.00209122 0.00112096
62.86 -0.0891551 0.0155107 -0.00460506 0.737471 -0.00208971 0.00112212
62.87 -0.0898042 0.0163145 -0.00522781 0.737505 -0.00208542 0.00113066
62.88 -0.0904502 0.0170427 -0.00579998 0.737599 -0.00208975 0.0011198
62.89 -0.0911041 0.0177853 -0.00634309 0.737681 -0.00209883 0.00112371
62.9 -0.0917704 0.0184914 -0.00685635 0.737722 -0.00211216 0.00112188
62.91 -0.0924355 0.0192045 -0.00737178 0.737707 -0.00212207 0.00113228
62.92 -0.0930882 0.0198767 -0.00791001 0.737638 -0.00212648 0.00114089
62.93 -0.0937126 0.0205026 -0.00846773 0.737607 -0.00212346 0.00114828
62.94 -0.0943129 0.0210803 -0.00904127 0.737597 -0.00211784 0.00115703
62.95 -0.0948975 0.0215745 -0.00957501 0.737683 -0.00211675 0.00115372
62.96 -0.0954867 0.022051 -0.0100888 0.737762 -0.00212052 0.00116164
62.97 -0.0960847 0.0224377 -0.0105408 0.737855 -0.00213257 0.00115306
62.98 -0.0966936 0.0228384 -0.0110023 0.737863 -0.00214286 0.00116281
62.99 -0.097295 0.0231722 -0.0114527 0.737839 -0.00215135 0.00115961
63 -0.0978801 0.023536 -0.0119495 0.737782 -0.00215065 0.00117658
63.01 -0.0984378 0.0238305 -0.0124521 0.73776 -0.00214637 0.00117932
63.02 -0.0989793 0.0241185 -0.0129627 0.7378 -0.00214099 0.00119031
63.03 -0.0995146 0.0243421 -0.0134404 0.737875 -0.00214117 0.00118744
63.04 -0.100059 0.0245559 -0.0138882 0.737986 -0.00214711 0.0011865
63.05 -0.100618 0.0247753 -0.0143094 0.738029 -0.00215765 0.00118752
63.06 -0.101185 0.025003 -0.0147293 0.738061 -0.00216734 0.00118796
63.07 -0.101745 0.025282 -0.0151781 0.737991 -0.00217089 0.00120119
63.08 -0.102289 0.0255459 -0.0156464 0.737983 -0.00216999 0.00120302
63.09 -0.102814 0.0258561 -0.0161467 0.737938 -0.00216324 0.00121635
63.1 -0.103329 0.0261342 -0.01663 0.738027 -0.00216046 0.001211
63.11 -0.103847 0.0264691 -0.0171017 0.738078 -0.00216049 0.00121828
63.12 -0.104378 0.0267961 -0.0175358 0.738205 -0.00216887 0.0012105
63.13 -0.104924 0.0272053 -0.0179678 0.738217 -0.00217679 0.00121913
63.14 -0.105477 0.0276269 -0.0183961 0.738231 -0.00218653 0.00121753
63.15 -0.106021 0.0281213 -0.018865 0.738159 -0.00218635 0.00122795
63.16 -0.106548 0.0286268 -0.019352 0.738124 -0.00218464 0.00123115
63.17 -0.107057 0.0291663 -0.0198591 0.738127 -0.00217717 0.00123527
63.18 -0.10756 0.0297229 -0.0203545 0.738183 -0.00217477 0.00123836
63.19 -0.108068 0.0302892 -0.0208183 0.73829 -0.00217659 0.00123511
63.2 -0.108591 0.0308965 -0.0212579 0.738347 -0.00218497 0.00124069
63.21 -0.109123 0.0314934 -0.0216831 0.738385 -0.00219358 0.00123497
63.22 -0.109655 0.032151 -0.0221233 0.738323 -0.00219929 0.00124669
63.23 -0.110172 0.0327731 -0.0225862 0.738283 -0.00219881 0.00124297
63.24 -0.110667 0.0334377 -0.0230738 0.73823 -0.00219221 0.00125658
63.25 -0.111145 0.0340305 -0.0235522 0.738273 -0.00218789 0.00124945
63.26 -0.111632 0.0346504 -0.0240014 0.738335 -0.00218641 0.00125676
63.27 -0.112138 0.0352165 -0.0244111 0.738435 -0.0021946 0.00125014
63.28 -0.112647 0.0357968 -0.0248167 0.738479 -0.00219749 0.00125677
63.29 -0.113153 0.0363389 -0.0252024 0.738482 -0.00220706 0.00125958
63.3 -0.113648 0.0368443 -0.0256083 0.738432 -0.00220529 0.00126287
63.31 -0.114124 0.0373136 -0.026022 0.738383 -0.00220512 0.00126766
63.32 -0.114577 0.0377125 -0.0264456 0.738373 -0.00219626 0.00126393
63.33 -0.115018 0.0381085 -0.0268515 0.738416 -0.00219405 0.00127341
63.34 -0.115458 0.0384124 -0.0272267 0.738505 -0.00219232 0.00126709
63.35 -0.115904 0.0387205 -0.0275723 0.738585 -0.00219802 0.00127747
63.36 -0.116357 0.038937 -0.0278912 0.738632 -0.00220442 0.00126983
63.37 -0.11681 0.0391722 -0.0282145 0.738619 -0.0022096 0.00128154
63.38 -0.117253 0.0393308 -0.0285466 0.738571 -0.00221022 0.00127783
63.39 -0.11768 0.0394925 -0.0288954 0.738539 -0.00220616 0.00128675
63.4 -0.118092 0.039593 -0.0292495 0.738535 -0.00220075 0.00128405
63.41 -0.118497 0.0396907 -0.0295904 0.738617 -0.00219585 0.00128797
63.42 -0.118908 0.0397659 -0.0299033 0.738691 -0.00219809 0.00128922
63.43 -0.119327 0.0398347 -0.0301973 0.7388 -0.00220053 0.00129039
63.44 -0.119758 0.0399182 -0.0304692 0.738797 -0.00220984 0.00129727
63.45 -0.120188 0.0399818 -0.0307631 0.738802 -0.00221011 0.00129495
63.46 -0.120611 0.0400881 -0.0310646 0.738715 -0.0022123 0.00130483
63.47 -0.121019 0.0401568 -0.0313977 0.738716 -0.00220415 0.00129679
63.48 -0.12142 0.0402938 -0.0317213 0.73872 -0.00220194 0.00130616
63.49 -0.121819 0.0404097 -0.0320496 0.738819 -0.00219604 0.00129887
63.5 -0.122227 0.0406114 -0.0323392 0.738903 -0.00220073 0.00131103
63.51 -0.122647 0.0408009 -0.0326256 0.738965 -0.00220432 0.00130763
63.52 -0.123072 0.0410558 -0.0329019 0.738968 -0.0022106 0.00131652
63.53 -0.123493 0.0413101 -0.0332005 0.738907 -0.00221216 0.00131354
63.54 -0.123901 0.0416013 -0.0335256 0.738872 -0.00220794 0.00131429
63.55 -0.124296 0.0419281 -0.0338535 0.738835 -0.00220494 0.0013147
63.56 -0.124682 0.0422733 -0.0341974 0.738907 -0.00219749 0.00131263
63.57 -0.125069 0.0426821 -0.0345039 0.738959 -0.00219985 0.00132112
63.58 -0.125459 0.0430747 -0.0348148 0.739069 -0.00219916 0.00131755
63.59 -0.125845 0.0435113 -0.0350797 0.739072 -0.00220807 0.00132367
63.6 -0.126215 0.0439139 -0.0353796 0.739082 -0.00220772 0.00131234
63.61 -0.126574 0.0444034 -0.0356709 0.738996 -0.00220946 0.00132618
63.62 -0.126914 0.0448536 -0.0359973 0.738977 -0.0022037 0.0013241
63.63 -0.127243 0.0453116 -0.0363064 0.738951 -0.00219985 0.00133181
63.64 -0.127563 0.0457144 -0.0366197 0.739027 -0.00219567 0.00132339
63.65 -0.127881 0.0461168 -0.0369011 0.739096 -0.00219489 0.00132445
63.66 -0.1282 0.0465148 -0.0371656 0.739179 -0.00219843 0.00132579
63.67 -0.128518 0.0468925 -0.0374151 0.739196 -0.00220023 0.00133158
63.68 -0.128828 0.0472518 -0.0376561 0.739164 -0.00220478 0.0013396
63.69 -0.129126 0.0475224 -0.0379159 0.739113 -0.00220003 0.00133482
63.7 -0.129407 0.0477653 -0.0381636 0.739068 -0.00219911 0.00133468
63.71 -0.129677 0.0479339 -0.038428 0.739101 -0.00219028 0.001324
63.72 -0.129942 0.0481215 -0.0386488 0.739166 -0.00219133 0.00133138
63.73 -0.130207 0.048256 -0.0388765 0.739272 -0.00218741 0.00133198
63.74 -0.130472 0.0483899 -0.0390518 0.739331 -0.00219354 0.00134672
63.75 -0.130738 0.0484325 -0.0392464 0.73934 -0.00219314 0.00134449
63.76 -0.130996 0.048444 -0.0394175 0.739297 -0.00219519 0.0013481
63.77 -0.131245 0.0483863 -0.0396163 0.739239 -0.00219141 0.00133943
63.78 -0.131484 0.0483143 -0.0398041 0.739238 -0.00218636 0.00133698
63.79 -0.131721 0.0482329 -0.0399929 0.739273 -0.00218367 0.0013363
63.8 -0.131957 0.048151 -0.0401671 0.739381 -0.00217929 0.00133991
63.81 -0.1322 0.0480859 -0.0403174 0.739456 -0.00218346 0.0013515
63.82 -0.132443 0.0479781 -0.0404718 0.739512 -0.00218126 0.0013521
63.83 -0.132689 0.0478812 -0.0406058 0.739487 -0.00218694 0.00135908
63.84 -0.132927 0.0477322 -0.0407749 0.739442 -0.00218057 0.00134775
63.85 -0.133161 0.047628 -0.0409256 0.739399 -0.00218178 0.00135013
63.86 -0.13339 0.0475095 -0.0411088 0.739402 -0.00217318 0.00133877
63.87 -0.13362 0.0474702 -0.041264 0.739472 -0.00217351 0.00134767
63.88 -0.133852 0.0474478 -0.0414308 0.739546 -0.00216982 0.00134814
63.89 -0.134087 0.0474708 -0.0415752 0.739635 -0.00217198 0.00135814
63.9 -0.13432 0.0475071 -0.0417299 0.739634 -0.00217148 0.00135966
63.91 -0.134549 0.0475506 -0.0418817 0.739627 -0.00217128 0.00135846
63.92 -0.13477 0.0476244 -0.042045 0.739541 -0.00216925 0.00135519
63.93 -0.134983 0.0477019 -0.0422201 0.739536 -0.00216408 0.00134532
63.94 -0.135192 0.047852 -0.0423842 0.739516 -0.00216256 0.00134666
63.95 -0.135398 0.0480231 -0.0425621 0.739619 -0.00215726 0.00134314
63.96 -0.135601 0.0482664 -0.0427145 0.739669 -0.00215837 0.00135496
63.97 -0.135798 0.0485065 -0.0428805 0.739759 -0.00215491 0.00135536
63.98 -0.135987 0.0487713 -0.0430202 0.739731 -0.00215727 0.00136434
63.99 -0.136165 0.0490023 -0.0431844 0.739704 -0.00215233 0.00135583
64 -0.136331 0.049232 -0.0433235 0.739625 -0.00215236 0.0013528
64.01 -0.136489 0.0494544 -0.0434862 0.739609 -0.002146 0.00134133
64.02 -0.136639 0.0496905 -0.0436229 0.739647 -0.00214436 0.00134045
64.03 -0.136784 0.0499526 -0.0437662 0.739722 -0.00214048 0.00134281
64.04 -0.13692 0.0502095 -0.0438924 0.739822 -0.00213898 0.00135241
64.05 -0.137048 0.0504515 -0.0440076 0.739841 -0.00213844 0.00136054
64.06 -0.137165 0.0506172 -0.0441246 0.739849 -0.00213541 0.00135947
64.07 -0.137273 0.0507367 -0.0442207 0.739769 -0.00213521 0.00135469
64.08 -0.137372 0.050786 -0.0443349 0.739748 -0.00212924 0.00134083
64.09 -0.137467 0.0508366 -0.0444143 0.739725 -0.00212914 0.00133835
64.1 -0.137575 0.0508598 -0.0444965 0.739802 -0.00212748 0.00133319
64.11 -0.137696 0.0509042 -0.0445523 0.739879 -0.00212911 0.00134447
64.12 -0.137801 0.0509058 -0.0446445 0.73997 -0.00212279 0.00135075
64.13 -0.137892 0.0508627 -0.0446982 0.739994 -0.00212128 0.00136062
64.14 -0.137975 0.0507298 -0.0447668 0.739972 -0.00211704 0.00135417
64.15 -0.13805 0.0505367 -0.0448113 0.739914 -0.00211394 0.00134589
64.16 -0.138126 0.0503112 -0.0448511 0.739883 -0.0021134 0.00133447
64.17 -0.138203 0.0500751 -0.0448938 0.739905 -0.00210865 0.00132832
64.18 -0.138281 0.0498633 -0.0449193 0.739982 -0.00210991 0.00133245
64.19 -0.138359 0.0496468 -0.0449577 0.740075 -0.00210517 0.00133774
64.2 -0.138431 0.0494384 -0.0449783 0.74014 -0.00210603 0.00135015
64.21 -0.138497 0.049177 -0.0450111 0.740147 -0.00210174 0.00134752
64.22 -0.138559 0.048899 -0.0450305 0.740107 -0.00210107 0.00134577
64.23 -0.138618 0.0485856 -0.0450608 0.740049 -0.00209736 0.0013289
64.24 -0.138678 0.0483056 -0.0450775 0.740035 -0.0020969 0.00132239
64.25 -0.138742 0.0480602 -0.0451112 0.740058 -0.00209383 0.00131393
64.26 -0.138805 0.0478815 -0.0451324 0.740154 -0.00209342 0.00132055
64.27 -0.138865 0.0477509 -0.0451747 0.740218 -0.00209013 0.00132773
64.28 -0.138914 0.0476367 -0.0452119 0.740286 -0.00208684 0.00133512
64.29 -0.138954 0.0475197 -0.0452528 0.740242 -0.00208453 0.00133288
64.3 -0.138987 0.0473952 -0.0452945 0.74021 -0.00208019 0.00132184
64.31 -0.139018 0.0472925 -0.0453262 0.740128 -0.00208029 0.00130941
64.32 -0.139049 0.0472294 -0.0453686 0.740145 -0.00207659 0.0012957
64.33 -0.139079 0.0472406 -0.0454031 0.740176 -0.002077 0.00129558
64.34 -0.139102 0.0473146 -0.0454604 0.740272 -0.00207135 0.00129779
64.35 -0.139114 0.0474389 -0.0455005 0.740336 -0.00207083 0.00131191
64.36 -0.139113 0.0475521 -0.0455612 0.740353 -0.00206423 0.00131139
64.37 -0.139098 0.0476418 -0.0455975 0.740329 -0.00206307 0.00130957
64.38 -0.139077 0.0477012 -0.045644 0.740249 -0.00205815 0.00129026
64.39 -0.139052 0.0477673 -0.0456693 0.740231 -0.0020574 0.00127871
64.4 -0.139027 0.0478621 -0.0456945 0.740213 -0.00205593 0.00126645
64.41 -0.138997 0.047998 -0.0457226 0.740311 -0.0020529 0.00127047
64.42 -0.138959 0.0481536 -0.0457407 0.740366 -0.00205128 0.00127673
64.43 -0.138907 0.0482851 -0.0457734 0.740463 -0.00204484 0.00128442
64.44 -0.138843 0.0483702 -0.045779 0.740437 -0.00204243 0.00128521
64.45 -0.138767 0.0483754 -0.045792 0.740422 -0.00203666 0.00127384
64.46 -0.138689 0.0483336 -0.0457698 0.740339 -0.00203613 0.00126073
64.47 -0.138612 0.0482521 -0.0457524 0.740343 -0.00203351 0.00124296
64.48 -0.138539 0.0481726 -0.0457113 0.740362 -0.0020338 0.00123818
64.49 -0.138463 0.0481005 -0.0456817 0.740464 -0.00203098 0.0012383
64.5 -0.13837 0.0480532 -0.0456298 0.740541 -0.00203146 0.00125737
64.51 -0.138255 0.047955 -0.0455959 0.740599 -0.00202745 0.00126789
64.52 -0.138124 0.0477116 -0.0455664 0.740589 -0.00201835 0.00125827
64.53 -0.137986 0.0473815 -0.0455102 0.740537 -0.0020144 0.0012336
64.54 -0.137855 0.0470243 -0.0454457 0.740495 -0.00201085 0.0012132
64.55 -0.137733 0.0467036 -0.045357 0.740481 -0.00201231 0.00120554
64.56 -0.13762 0.0464015 -0.045278 0.74055 -0.00201164 0.00120829
64.57 -0.137507 0.0460981 -0.0451958 0.740631 -0.00201105 0.00121474
64.58 -0.13739 0.0457806 -0.0451414 0.740726 -0.00200486 0.00121993
64.59 -0.137261 0.045419 -0.0450769 0.740747 -0.00199995 0.00121895
64.6 -0.137125 0.0450364 -0.04502 0.74072 -0.00199426 0.00121132
64.61 -0.136988 0.0446135 -0.0449431 0.74066 -0.00199177 0.00119686
64.62 -0.13686 0.0442015 -0.0448627 0.740613 -0.00199193 0.00117927
64.63 -0.13674 0.0438128 -0.044781 0.740636 -0.00199174 0.00116654
64.64 -0.136623 0.043501 -0.0447164 0.740691 -0.00199029 0.00116315
64.65 -0.136499 0.0432493 -0.0446635 0.740791 -0.0019864 0.0011703
64.66 -0.136365 0.0430363 -0.0446277 0.740838 -0.00198055 0.00117764
64.67 -0.136216 0.0428194 -0.044598 0.740852 -0.00197318 0.0011783
64.68 -0.136059 0.042571 -0.0445558 0.740796 -0.00196972 0.00116442
64.69 -0.135901 0.0423349 -0.0445146 0.740732 -0.00196577 0.00114436
64.7 -0.135749 0.0421232 -0.0444558 0.740702 -0.00196706 0.00112434
64.71 -0.1356 0.0420054 -0.0444091 0.740719 -0.00196617 0.00111395
64.72 -0.135449 0.0419559 -0.0443725 0.740811 -0.00196409 0.00111595
64.73 -0.135285 0.041986 -0.0443551 0.740873 -0.00195878 0.00112376
64.74 -0.135103 0.0420132 -0.0443488 0.74094 -0.00195087 0.0011309
64.75 -0.134905 0.0420253 -0.04434 0.740892 -0.00194378 0.00112384
64.76 -0.1347 0.0419862 -0.0443153 0.740862 -0.00193948 0.00110745
64.77 -0.134496 0.0419478 -0.044277 0.740774 -0.00193788 0.00108332
64.78 -0.1343 0.0419287 -0.0442252 0.740797 -0.00193874 0.00106636
64.79 -0.134106 0.0419692 -0.0441795 0.740814 -0.00193802 0.00105935
64.8 -0.133907 0.0420562 -0.0441424 0.740931 -0.00193487 0.00106561
64.81 -0.133695 0.0421431 -0.0441208 0.740978 -0.00192742 0.00107394
64.82 -0.133469 0.0421868 -0.044092 0.741033 -0.00192072 0.00107559
64.83 -0.133232 0.042139 -0.0440595 0.740983 -0.00191274 0.00106389
64.84 -0.132995 0.0420371 -0.0439988 0.740942 -0.00191011 0.00104319
64.85 -0.132766 0.0418805 -0.0439176 0.740891 -0.00191005 0.00102091
64.86 -0.132551 0.0417478 -0.0438278 0.740908 -0.00191083 0.00100694
64.87 -0.132341 0.041608 -0.0437394 0.740986 -0.00191052 0.00100392
64.88 -0.132128 0.0414925 -0.0436693 0.741069 -0.00190436 0.0010097
64.89 -0.131904 0.0413255 -0.0435999 0.741158 -0.00189785 0.00101692
64.9 -0.131672 0.0410919 -0.0435319 0.741143 -0.00188823 0.0010137
64.91 -0.131436 0.0407616 -0.0434373 0.741131 -0.00188454 0.00100018
64.92 -0.13121 0.0403564 -0.0433302 0.741047 -0.00188049 0.000974981
64.93 -0.130999 0.0399333 -0.0431901 0.741054 -0.00188477 0.000953591
64.94 -0.130803 0.039523 -0.0430655 0.741064 -0.00188302 0.000940258
64.95 -0.130609 0.0391646 -0.0429438 0.741167 -0.00188236 0.000942047
64.96 -0.130411 0.0388092 -0.042846 0.741237 -0.00187461 0.000949765
64.97 -0.130203 0.0384388 -0.0427551 0.741298 -0.00186627 0.000953352
64.98 -0.129987 0.0379952 -0.0426582 0.74128 -0.00185829 0.000945117
64.99 -0.129771 0.0375142 -0.0425469 0.741228 -0.00185336 0.000924084
65 -0.129565 0.0370096 -0.042414 0.74117 -0.0018535 0.000899906
65.01 -0.129373 0.036553 -0.0422787 0.741159 -0.00185392 0.000879415
65.02 -0.129213 0.0361648 -0.0421137 0.741205 -0.00186239 0.00087037
65.03 -0.129072 0.03587 -0.0420028 0.741288 -0.00185905 0.00087219
65.04 -0.128904 0.0356224 -0.0419345 0.741358 -0.00184916 0.000879334
65.05 -0.128709 0.0353873 -0.0418854 0.741383 -0.00183476 0.000882368
65.06 -0.128502 0.0351171 -0.0418179 0.741345 -0.00182774 0.000868831
65.07 -0.128293 0.0348263 -0.0417386 0.741286 -0.00182172 0.000845106
65.08 -0.128092 0.0345694 -0.0416317 0.741232 -0.00182502 0.000817452
65.09 -0.127902 0.0343832 -0.0415314 0.741242 -0.00182565 0.000801439
65.1 -0.127714 0.0343048 -0.0414418 0.741287 -0.00182702 0.00079684
65.11 -0.127517 0.0342837 -0.041382 0.741379 -0.0018212 0.000802203
65.12 -0.127302 0.0343108 -0.0413457 0.741423 -0.0018126 0.000807175
65.13 -0.12707 0.0342986 -0.041307 0.741446 -0.00180406 0.000801745
65.14 -0.126827 0.0342743 -0.0412684 0.741379 -0.00179632 0.000785617
65.15 -0.126588 0.0342129 -0.0411905 0.741336 -0.00179759 0.000760324
65.16 -0.126359 0.0341833 -0.0411119 0.741284 -0.00179797 0.000737943
65.17 -0.126142 0.0341891 -0.0410197 0.741328 -0.00180293 0.000722767
65.18 -0.125924 0.0342529 -0.0409587 0.74139 -0.00179897 0.000720946
65.19 -0.1257 0.0343511 -0.0409081 0.741481 -0.00179434 0.000726872
65.2 -0.125456 0.034415 -0.0408799 0.741526 -0.00178257 0.000730534
65.21 -0.125194 0.0344478 -0.040819 0.741513 -0.00177922 0.000727349
65.22 -0.124922 0.0343823 -0.0407578 0.741477 -0.00177422 0.000711194
65.23 -0.124659 0.0342345 -0.0406681 0.741409 -0.00177403 0.000677761
65.24 -0.124411 0.0340581 -0.0405581 0.741426 -0.00177725 0.000649939
65.25 -0.12418 0.0339386 -0.0404555 0.741441 -0.00177766 0.000637374
65.26 -0.123951 0.0338555 -0.0403568 0.741559 -0.00177718 0.000645339
65.27 -0.123721 0.0337612 -0.0402913 0.741605 -0.00176733 0.000655234
65.28 -0.123477 0.0335735 -0.0402162 0.741676 -0.00176013 0.000655211
65.29 -0.123232 0.0332814 -0.0401405 0.741623 -0.00175062 0.000638604
65.3 -0.122994 0.0329093 -0.0400197 0.741598 -0.00175144 0.000611917
65.31 -0.122775 0.0325078 -0.0398927 0.741532 -0.00175193 0.00058691
65.32 -0.122577 0.0321236 -0.0397368 0.741563 -0.00175886 0.000569006
65.33 -0.122391 0.0317694 -0.0396163 0.741607 -0.00175752 0.000566283
65.34 -0.122202 0.0314364 -0.0395029 0.741707 -0.00175478 0.000567378
65.35 -0.122005 0.031085 -0.0394259 0.741759 -0.00174438 0.000572288
65.36 -0.121793 0.030694 -0.0393487 0.741776 -0.00173379 0.000564383
65.37 -0.121578 0.0302423 -0.0392476 0.741733 -0.0017297 0.000548547
65.38 -0.121373 0.0297744 -0.0391334 0.741673 -0.00172721 0.000522783
65.39 -0.121183 0.0293101 -0.0389891 0.741646 -0.00173392 0.000499306
65.4 -0.121005 0.0289165 -0.0388677 0.741655 -0.00173377 0.000484094
65.41 -0.120833 0.0285904 -0.0387512 0.741734 -0.00173621 0.000480802
65.42 -0.120647 0.028328 -0.038687 0.741796 -0.00172553 0.000484508
65.43 -0.120446 0.0280881 -0.0386251 0.741854 -0.00171804 0.000486109
65.44 -0.120229 0.0278346 -0.0385791 0.741826 -0.00170573 0.000478592
65.45 -0.120009 0.0275686 -0.0384999 0.74178 -0.00170377 0.000457763
65.46 -0.119797 0.0273036 -0.0384073 0.741712 -0.0017039 0.000432161
65.47 -0.1196 0.0271052 -0.0382995 0.741697 -0.00170939 0.000408538
65.48 -0.119412 0.0269828 -0.0382084 0.741734 -0.00171168 0.000398053
65.49 -0.11922 0.0269647 -0.0381517 0.741803 -0.00170679 0.000397854
65.5 -0.119014 0.0269875 -0.0381141 0.741876 -0.00169986 0.000404278
65.51 -0.118791 0.0270223 -0.0381031 0.741892 -0.0016857 0.000402568
65.52 -0.118557 0.0270195 -0.0380618 0.741871 -0.00168097 0.000390829
65.53 -0.118328 0.0269886 -0.0380084 0.741808 -0.00167672 0.000365459
65.54 -0.118116 0.0269646 -0.037918 0.741764 -0.00168344 0.000340182
65.55 -0.11792 0.0269838 -0.037842 0.741769 -0.00168458 0.00032175
65.56 -0.117735 0.0270636 -0.0377633 0.741816 -0.00168902 0.000315406
65.57 -0.117549 0.0271764 -0.0377254 0.741912 -0.00168215 0.000318763
65.58 -0.117351 0.0272861 -0.0377044 0.741957 -0.00167339 0.000320781
65.59 -0.117141 0.0273348 -0.0376885 0.741992 -0.00166185 0.000316207
65.6 -0.11693 0.0273218 -0.0376473 0.741929 -0.00165606 0.000298558
65.61 -0.116734 0.027238 -0.0375669 0.741902 -0.00165802 0.000274772
65.62 -0.116561 0.027136 -0.0374709 0.741849 -0.00166227 0.000249322
65.63 -0.116409 0.0270345 -0.0373685 0.741904 -0.00166779 0.000234359
65.64 -0.116267 0.0269609 -0.037293 0.741951 -0.00166599 0.000230525
65.65 -0.116122 0.0268776 -0.0372354 0.742057 -0.00166077 0.000234169
65.66 -0.115965 0.0267504 -0.037207 0.742083 -0.00164734 0.000235686
65.67 -0.115801 0.0265356 -0.0371505 0.7421 -0.0016411 0.00022513
65.68 -0.115643 0.0262341 -0.0370815 0.742038 -0.00163543 0.00020474
65.69 -0.115504 0.0258852 -0.0369643 0.742001 -0.00164103 0.000177969
65.7 -0.115385 0.0255179 -0.0368484 0.741981 -0.0016449 0.000156923
65.71 -0.115282 0.0251884 -0.0367328 0.742023 -0.00164884 0.000145289
65.72 -0.115181 0.0248691 -0.0366521 0.742106 -0.00164534 0.000144769
65.73 -0.11507 0.0245673 -0.0365952 0.742166 -0.00163636 0.000146579
65.74 -0.114943 0.0242195 -0.0365527 0.742212 -0.00162575 0.000144839
65.75 -0.114809 0.0238353 -0.0364972 0.742159 -0.00161717 0.000131355
65.76 -0.11468 0.0233974 -0.0364102 0.74213 -0.0016178 0.000108833
65.77 -0.114576 0.0229841 -0.0363125 0.742052 -0.00162011 8.75384e-05
65.78 -0.114497 0.0225992 -0.0362039 0.742083 -0.00162766 7.19583e-05
65.79 -0.114423 0.0222566 -0.036123 0.742103 -0.00162753 5.95834e-05
65.8 -0.114343 0.0219744 -0.0360643 0.742203 -0.00162509 5.50387e-05
65.81 -0.114241 0.0217406 -0.0360535 0.742235 -0.00161247 5.58337e-05
65.82 -0.114121 0.0215365 -0.0360301 0.742257 -0.00160421 5.39875e-05
65.83 -0.113993 0.0213093 -0.0360099 0.742202 -0.00159694 4.20089e-05
65.84 -0.113871 0.0210848 -0.035944 0.742144 -0.00159987 1.84005e-05
65.85 -0.113765 0.0208744 -0.035878 0.742103 -0.00160551 -6.44185e-06
65.86 -0.113671 0.0207522 -0.0358148 0.742117 -0.00160964 -2.47932e-05
65.87 -0.11358 0.0207112 -0.0357755 0.742182 -0.00161208 -2.85835e-05
65.88 -0.113481 0.0207614 -0.0357777 0.742253 -0.0016038 -2.38595e-05
65.89 -0.113364 0.0208097 -0.0357983 0.742297 -0.00159541 -2.26796e-05
65.9 -0.113231 0.020853 -0.035824 0.742284 -0.00158399 -3.14791e-05
65.91 -0.113099 0.020853 -0.0358128 0.742231 -0.00158385 -5.28808e-05
65.92 -0.112983 0.0208619 -0.0357805 0.742179 -0.00158639 -7.7356e-05
65.93 -0.11289 0.0208988 -0.0357239 0.74216 -0.00159595 -9.80086e-05
65.94 -0.112813 0.0209872 -0.035694 0.742202 -0.00159843 -0.000107989
65.95 -0.112738 0.0211185 -0.0356774 0.74227 -0.00159875 -0.000109604
65.96 -0.112658 0.0212445 -0.0357006 0.742349 -0.00159012 -0.000109186
65.97 -0.112563 0.0213502 -0.0357236 0.742371 -0.00158122 -0.000112578
65.98 -0.112465 0.021375 -0.0357352 0.742363 -0.00157518 -0.00012783
65.99 -0.112376 0.0213677 -0.0357115 0.742297 -0.00157486 -0.000147337
66 -0.112311 0.0213041 -0.035655 0.74227 -0.0015827 -0.000171854
66.01 -0.112267 0.0212581 -0.0355956 0.742259 -0.00158793 -0.000187072
66.02 -0.112241 0.0211957 -0.0355432 0.742331 -0.00159338 -0.000198132
66.03 -0.112213 0.0211408 -0.0355252 0.7424 -0.00158813 -0.000199767
66.04 -0.112177 0.0210494 -0.0355241 0.742471 -0.00158133 -0.000202233
66.05 -0.112126 0.0209 -0.0355278 0.742482 -0.00157067 -0.000208193
66.06 -0.112067 0.020697 -0.0354957 0.742443 -0.0015701 -0.000221418
66.07 -0.112012 0.0204279 -0.035441 0.742401 -0.00157238 -0.000239991
66.08 -0.111975 0.0201128 -0.0353702 0.742353 -0.00157814 -0.000266172
66.09 -0.111952 0.0197777 -0.0352943 0.742397 -0.00158412 -0.000287496
66.1 -0.111938 0.0195018 -0.0352392 0.742427 -0.00158532 -0.000294626
66.11 -0.111918 0.0192332 -0.0352154 0.742535 -0.00158033 -0.000292755
66.12 -0.111881 0.0189607 -0.0352084 0.742542 -0.00157129 -0.000292597
66.13 -0.111831 0.0186215 -0.0352 0.742572 -0.00156416 -0.000303721
66.14 -0.111778 0.0182514 -0.0351654 0.742488 -0.00156249 -0.000323823
66.15 -0.111737 0.0178649 -0.0351076 0.742462 -0.0015672 -0.000348456
66.16 -0.111712 0.0175238 -0.0350381 0.742413 -0.00157476 -0.000365585
66.17 -0.111699 0.0172297 -0.0349852 0.742464 -0.00157964 -0.000377693
66.18 -0.111684 0.0169932 -0.0349618 0.742513 -0.0015797 -0.000379793
66.19 -0.111655 0.0167872 -0.0349704 0.742587 -0.00157347 -0.000384417
66.2 -0.111607 0.016588 -0.0350008 0.742603 -0.00156511 -0.000390415
66.21 -0.111544 0.0163997 -0.0350188 0.742577 -0.00155954 -0.000405941
66.22 -0.111484 0.0162169 -0.0350208 0.742522 -0.0015602 -0.000423582
66.23 -0.111437 0.0160805 -0.0349955 0.742468 -0.00156642 -0.000443864
66.24 -0.111409 0.0159867 -0.0349758 0.742471 -0.0015739 -0.000458529
66.25 -0.111388 0.015966 -0.0349713 0.742501 -0.00157817 -0.000468973
66.26 -0.111365 0.0159825 -0.0350061 0.742585 -0.00157614 -0.000475354
66.27 -0.111326 0.0160472 -0.0350626 0.742623 -0.00157015 -0.000480346
66.28 -0.111275 0.0161093 -0.035133 0.742653 -0.0015624 -0.000490427
66.29 -0.111217 0.0161813 -0.0351849 0.742598 -0.00155976 -0.000504135
66.3 -0.111169 0.016246 -0.0352129 0.742559 -0.00156206 -0.000524012
66.31 -0.111141 0.01633 -0.035222 0.742513 -0.00156996 -0.000541468
66.32 -0.111134 0.0164376 -0.0352281 0.742539 -0.00157697 -0.00055739
66.33 -0.111136 0.0165646 -0.0352624 0.742595 -0.00158034 -0.000566933
66.34 -0.111133 0.0167073 -0.0353206 0.74267 -0.00157605 -0.000574769
66.35 -0.111117 0.0168332 -0.0353999 0.74272 -0.00157033 -0.000581013
66.36 -0.111092 0.0169296 -0.0354694 0.742713 -0.00156327 -0.000593331
66.37 -0.111069 0.016975 -0.0355212 0.742679 -0.00156307 -0.000609783
66.38 -0.11106 0.0169909 -0.0355335 0.742627 -0.00156739 -0.000629706
66.39 -0.111073 0.0169821 -0.035542 0.742616 -0.00157499 -0.000647133
66.4 -0.111101 0.0169617 -0.0355432 0.742649 -0.00158067 -0.00066106
66.41 -0.111134 0.016927 -0.0355746 0.742714 -0.00158165 -0.000670602
66.42 -0.111157 0.0168639 -0.0356213 0.742794 -0.0015772 -0.000677636
66.43 -0.111164 0.016756 -0.035683 0.742813 -0.00157014 -0.000688504
66.44 -0.111162 0.0165903 -0.0357305 0.742815 -0.00156532 -0.000701905
66.45 -0.11116 0.016378 -0.0357509 0.742742 -0.00156552 -0.000721544
66.46 -0.111172 0.0161332 -0.035746 0.742724 -0.00157142 -0.00073802
66.47 -0.1112 0.0158778 -0.0357302 0.742695 -0.00157811 -0.000754704
66.48 -0.111237 0.0156115 -0.0357314 0.742766 -0.00158245 -0.00076462
66.49 -0.111267 0.0153344 -0.0357517 0.74281 -0.00158145 -0.000776635
66.5 -0.111282 0.0150435 -0.0358044 0.742887 -0.00157533 -0.000784991
66.51 -0.111275 0.0147317 -0.0358532 0.742878 -0.00156922 -0.000799045
66.52 -0.11126 0.0144111 -0.0358988 0.742859 -0.00156542 -0.00081224
66.53 -0.111245 0.0140857 -0.0359156 0.74279 -0.00156735 -0.00082843
66.54 -0.111245 0.0137728 -0.0359175 0.742762 -0.0015737 -0.000843645
66.55 -0.111256 0.0134741 -0.0359202 0.742764 -0.00158027 -0.00085824
66.56 -0.11127 0.0132096 -0.0359479 0.742814 -0.00158285 -0.000871214
66.57 -0.111274 0.012974 -0.0360048 0.742885 -0.00158035 -0.000880259
66.58 -0.11126 0.0127655 -0.036085 0.742913 -0.00157437 -0.00089277
66.59 -0.111231 0.0125774 -0.0361703 0.742925 -0.00156851 -0.000903367
66.6 -0.111196 0.0124158 -0.0362399 0.742852 -0.00156736 -0.000919799
66.61 -0.111171 0.0122871 -0.0362945 0.742827 -0.00157033 -0.000932024
66.62 -0.111161 0.012192 -0.0363322 0.74277 -0.00157836 -0.000949012
66.63 -0.111166 0.0121384 -0.0363898 0.74283 -0.0015829 -0.000960511
66.64 -0.111171 0.0121198 -0.0364668 0.742857 -0.00158528 -0.000974998
66.65 -0.111168 0.0121455 -0.0365774 0.742951 -0.00158078 -0.000983524
66.66 -0.11116 0.0122072 -0.0367135 0.742952 -0.00157411 -0.000990947
66.67 -0.111153 0.012285 -0.0368418 0.742955 -0.00156819 -0.000997449
66.68 -0.11115 0.0123163 -0.0369363 0.742891 -0.00157178 -0.00102016
66.69 -0.111162 0.0123637 -0.0370159 0.742859 -0.00157602 -0.00104271
66.7 -0.111189 0.0124485 -0.0370928 0.742852 -0.00158393 -0.00105772
66.71 -0.111227 0.0125752 -0.0371764 0.742895 -0.00158752 -0.00106599
66.72 -0.111263 0.0127097 -0.0372968 0.742971 -0.00158666 -0.00106963
66.73 -0.111285 0.0128059 -0.0374214 0.743023 -0.00158204 -0.00108319
66.74 -0.111292 0.0128744 -0.0375656 0.743047 -0.00157607 -0.00109715
66.75 -0.111292 0.0129056 -0.0376792 0.743012 -0.00157397 -0.00111844
66.76 -0.111296 0.0129516 -0.0377846 0.74297 -0.00157462 -0.00112832
66.77 -0.111315 0.0129706 -0.0378551 0.742937 -0.00158106 -0.00114079
66.78 -0.111346 0.0129831 -0.0379314 0.742955 -0.00158587 -0.00114629
66.79 -0.111382 0.0129298 -0.0380153 0.743011 -0.001589 -0.00116046
66.8 -0.111406 0.0128422 -0.0381187 0.743079 -0.00158675 -0.00117482
66.81 -0.111414 0.0127049 -0.0382392 0.743127 -0.00158179 -0.00119135
66.82 -0.111402 0.0125549 -0.038351 0.743122 -0.00157634 -0.00120466
66.83 -0.111386 0.0123824 -0.038451 0.74309 -0.00157476 -0.00121251
66.84 -0.11137 0.012177 -0.0385168 0.743033 -0.00157755 -0.00122395
66.85 -0.111367 0.0119471 -0.0385803 0.743022 -0.00158269 -0.00123058
66.86 -0.111367 0.0116654 -0.038629 0.743036 -0.00158862 -0.00124725
66.87 -0.111367 0.0113681 -0.038714 0.743107 -0.00158907 -0.00125843
66.88 -0.111347 0.0110448 -0.0388039 0.743158 -0.00158685 -0.00127539
66.89 -0.111308 0.0107379 -0.0389237 0.743193 -0.00158033 -0.00128201
66.9 -0.111249 0.0104069 -0.0390248 0.743168 -0.00157654 -0.00129527
66.91 -0.111186 0.0100903 -0.0391178 0.743115 -0.00157634 -0.00130277
66.92 -0.111128 0.00976225 -0.0391869 0.743077 -0.00158038 -0.00131487
66.93 -0.11108 0.00945799 -0.0392537 0.743052 -0.00158688 -0.00132332
66.94 -0.111035 0.00915481 -0.0393358 0.74311 -0.00159019 -0.00133423
66.95 -0.110984 0.00887298 -0.03944 0.743142 -0.00159094 -0.00134569
66.96 -0.110914 0.00860602 -0.039575 0.743226 -0.0015859 -0.00135677
66.97 -0.110827 0.00836051 -0.0397112 0.743201 -0.0015825 -0.00137158
66.98 -0.110729 0.00816062 -0.0398561 0.743206 -0.00157787 -0.00137873
66.99 -0.110631 0.00798564 -0.0399708 0.743117 -0.00158143 -0.00139124
67 -0.110544 0.0078705 -0.0400911 0.743113 -0.00158417 -0.00139267
67.01 -0.110468 0.00775958 -0.0401988 0.743092 -0.00159176 -0.0014049
67.02 -0.110372 0.00768723 -0.040367 0.743166 -0.00158703 -0.00140906
67.03 -0.110246 0.00760029 -0.0405379 0.743216 -0.00158407 -0.00142499
67.04 -0.110118 0.00754156 -0.0406996 0.743271 -0.00158307 -0.00143772
67.05 -0.109989 0.00750343 -0.0408794 0.743264 -0.00157987 -0.00145371
67.06 -0.109853 0.00751727 -0.0410382 0.743222 -0.00158003 -0.00146039
67.07 -0.109729 0.00756695 -0.0411949 0.74318 -0.00158257 -0.00146375
67.08 -0.109616 0.00762087 -0.0413355 0.743152 -0.00158725 -0.00146853
67.09 -0.109515 0.00767766 -0.0414881 0.743196 -0.0015912 -0.00147365
67.1 -0.109413 0.00769406 -0.0416535 0.743242 -0.00159157 -0.00148976
67.11 -0.1093 0.0077217 -0.0418465 0.74333 -0.00158699 -0.00150039
67.12 -0.109171 0.00771907 -0.0420391 0.743341 -0.00158201 -0.0015178
67.13 -0.109031 0.00774742 -0.042236 0.743351 -0.00157532 -0.0015227
67.14 -0.108888 0.00775599 -0.0423976 0.743283 -0.0015762 -0.00152939
67.15 -0.108753 0.00776592 -0.0425523 0.743264 -0.00157616 -0.00152906
67.16 -0.108628 0.00772563 -0.0426826 0.74324 -0.00158265 -0.00153516
67.17 -0.108509 0.00764422 -0.0428266 0.7433 -0.0015831 -0.00154344
67.18 -0.108382 0.00750892 -0.0429836 0.743357 -0.0015831 -0.00155655
67.19 -0.108237 0.00734344 -0.0431538 0.74342 -0.00157685 -0.00156994
67.2 -0.108074 0.00716232 -0.0433341 0.743435 -0.00157059 -0.00157699
67.21 -0.107895 0.00695664 -0.0434905 0.7434 -0.00156588 -0.00158463
67.22 -0.107716 0.00673809 -0.0436344 0.743357 -0.00156547 -0.00158458
67.23 -0.107542 0.00648249 -0.0437477 0.743313 -0.00156846 -0.00158944
67.24 -0.107374 0.00620627 -0.04387 0.74333 -0.00157122 -0.00158929
67.25 -0.107204 0.00587158 -0.0439874 0.743372 -0.00157306 -0.00160039
67.26 -0.107022 0.0055227 -0.0441424 0.743439 -0.00156848 -0.00160683
67.27 -0.106818 0.00512835 -0.0442939 0.743482 -0.00156375 -0.00162304
67.28 -0.106597 0.0047619 -0.0444599 0.743471 -0.00155669 -0.00162776
67.29 -0.106365 0.00439108 -0.0446055 0.743439 -0.00155396 -0.00163363
67.3 -0.106135 0.0040563 -0.0447389 0.743368 -0.00155373 -0.00163056
67.31 -0.105912 0.00371573 -0.0448606 0.743364 -0.00155725 -0.0016291
67.32 -0.105695 0.00337422 -0.0449874 0.743361 -0.00155929 -0.00163201
67.33 -0.105475 0.00302035 -0.0451351 0.743443 -0.00155952 -0.00163817
67.34 -0.105242 0.00265969 -0.0453064 0.74348 -0.00155412 -0.00165382
67.35 -0.104993 0.00233957 -0.0454927 0.743529 -0.00154857 -0.00166077
67.36 -0.104731 0.00205171 -0.0456765 0.743491 -0.00154278 -0.00167101
67.37 -0.104467 0.00184557 -0.0458558 0.743457 -0.00154032 -0.00166313
67.38 -0.10421 0.00165357 -0.0460132 0.7434 -0.00154244 -0.00166464
67.39 -0.103964 0.00150867 -0.0461808 0.7434 -0.00154399 -0.00165633
67.4 -0.103725 0.00133561 -0.0463494 0.743436 -0.00154653 -0.00166699
67.41 -0.103484 0.00119055 -0.0465492 0.743499 -0.00154326 -0.00167326
67.42 -0.103231 0.0010541 -0.0467631 0.743564 -0.00153893 -0.00168749
67.43 -0.102964 0.000974558 -0.0469931 0.743567 -0.00153103 -0.00169164
67.44 -0.10269 0.000936438 -0.0472128 0.74356 -0.00152701 -0.00169285
67.45 -0.102417 0.000929072 -0.0474209 0.743486 -0.00152465 -0.00169047
67.46 -0.102155 0.000949563 -0.0476142 0.743485 -0.00152671 -0.00168465
67.47 -0.101901 0.000949195 -0.0478074 0.743462 -0.00152824 -0.00168692
67.48 -0.101651 0.000956604 -0.0480139 0.743553 -0.00152776 -0.0016864
67.49 -0.101392 0.000911531 -0.0482365 0.743586 -0.00152379 -0.00170047
67.5 -0.10112 0.000886761 -0.0484718 0.743668 -0.001517 -0.00170546
67.51 -0.100833 0.000835016 -0.0487061 0.743639 -0.00151042 -0.00171718
67.52 -0.100538 0.000836735 -0.0489279 0.743627 -0.00150526 -0.00171004
67.53 -0.100243 0.0008097 -0.0491283 0.743563 -0.00150462 -0.00170724
67.54 -0.0999565 0.000786141 -0.0493126 0.743554 -0.00150525 -0.00169628
67.55 -0.0996721 0.000686575 -0.0494976 0.743575 -0.00150624 -0.00169794
67.56 -0.099384 0.000540492 -0.0496899 0.743632 -0.00150317 -0.00170274
67.57 -0.0990813 0.000343183 -0.0498945 0.743704 -0.00149865 -0.00171201
67.58 -0.0987614 0.000109493 -0.0501059 0.743723 -0.00148966 -0.0017229
67.59 -0.0984258 -0.000105842 -0.0503028 0.743719 -0.00148508 -0.0017201
67.6 -0.0980836 -0.000351016 -0.0504924 0.743657 -0.0014787 -0.00171907
67.61 -0.0977416 -0.000576109 -0.0506489 0.743623 -0.00148052 -0.00170318
67.62 -0.097405 -0.000883105 -0.0508102 0.743603 -0.00147876 -0.00170272
67.63 -0.0970681 -0.00120192 -0.0509598 0.743646 -0.00148013 -0.00169581
67.64 -0.0967241 -0.00161657 -0.0511356 0.743703 -0.00147521 -0.00170861
67.65 -0.0963761 -0.00199537 -0.0513285 0.743753 -0.0014671 -0.00170523
67.66 -0.0960239 -0.00241055 -0.0515209 0.743764 -0.00146026 -0.001707
67.67 -0.0956621 -0.00284364 -0.0516956 0.743727 -0.00145411 -0.0017105
67.68 -0.0952999 -0.0032747 -0.0518574 0.743681 -0.00145299 -0.00171216
67.69 -0.0949383 -0.00366294 -0.0520128 0.743639 -0.00145035 -0.00170535
67.7 -0.0945838 -0.00401159 -0.0521586 0.743652 -0.00145378 -0.00168811
67.71 -0.0942266 -0.00440557 -0.0523327 0.74369 -0.00144816 -0.00168778
67.72 -0.0938631 -0.00480129 -0.0525085 0.743758 -0.00144657 -0.00168668
67.73 -0.0934856 -0.00524406 -0.0527155 0.743791 -0.00143595 -0.0017064
67.74 -0.093098 -0.00559869 -0.052913 0.743791 -0.00143098 -0.00170542
67.75 -0.092704 -0.0059073 -0.0531141 0.74375 -0.00142397 -0.00170515
67.76 -0.0923137 -0.0061171 -0.0532976 0.743699 -0.00142295 -0.00168323
67.77 -0.091931 -0.00632959 -0.0534806 0.743688 -0.001422 -0.0016737
67.78 -0.0915548 -0.00653538 -0.0536693 0.743699 -0.00142103 -0.00166514
67.79 -0.0911772 -0.00676768 -0.0538764 0.743779 -0.00141728 -0.0016733
67.8 -0.0907726 -0.00699378 -0.0541215 0.743815 -0.0014059 -0.00168216
67.81 -0.0903391 -0.0071714 -0.0543634 0.743876 -0.00139692 -0.00168555
67.82 -0.0899087 -0.00731099 -0.0545819 0.743829 -0.00139218 -0.00168597
67.83 -0.0894847 -0.00736972 -0.054797 0.74382 -0.00138969 -0.00167148
67.84 -0.0890656 -0.00742854 -0.0550026 0.743746 -0.00138755 -0.0016633
67.85 -0.0886549 -0.00745184 -0.0552036 0.743774 -0.00138854 -0.00164726
67.86 -0.0882463 -0.00753329 -0.055426 0.743789 -0.00138286 -0.00165008
67.87 -0.0878326 -0.00761463 -0.0556429 0.743877 -0.00138072 -0.00165008
67.88 -0.0874097 -0.00773518 -0.0558929 0.74392 -0.0013689 -0.00166308
67.89 -0.0869736 -0.0078168 -0.0561212 0.743943 -0.00136373 -0.00166139
67.9 -0.0865295 -0.00788756 -0.0563591 0.743915 -0.00135374 -0.00165885
67.91 -0.0860818 -0.00793329 -0.0565696 0.74386 -0.00135046 -0.00164338
67.92 -0.0856372 -0.00799192 -0.0567683 0.74384 -0.0013478 -0.00162905
67.93 -0.0851958 -0.00810547 -0.0569661 0.743834 -0.00134479 -0.00162031
67.94 -0.0847524 -0.00827551 -0.0571604 0.743904 -0.00134179 -0.00161923
67.95 -0.0842998 -0.00852212 -0.0573725 0.743946 -0.0013336 -0.00162931
67.96 -0.0838354 -0.00877246 -0.0575771 0.744009 -0.00132684 -0.00163223
67.97 -0.0833559 -0.00904581 -0.0577906 0.743981 -0.00131664 -0.0016349
67.98 -0.0828696 -0.00928324 -0.057975 0.743961 -0.00131225 -0.00161948
67.99 -0.0823791 -0.00955797 -0.0581625 0.743888 -0.00130599 -0.00160874
68 -0.0818911 -0.00984356 -0.0583211 0.743884 -0.00130509 -0.00159009
68.01 -0.0814034 -0.0102132 -0.0584946 0.743886 -0.0013008 -0.00158819
68.02 -0.0809123 -0.0106253 -0.0586646 0.743957 -0.0012959 -0.00158736
68.03 -0.0804115 -0.0110889 -0.0588492 0.744001 -0.00128885 -0.00159598
68.04 -0.0799002 -0.0115522 -0.059032 0.744032 -0.00128004 -0.00159942
68.05 -0.0793785 -0.011993 -0.0592143 0.744007 -0.00127296 -0.00159533
68.06 -0.0788518 -0.0124024 -0.0593833 0.743954 -0.00126665 -0.00158295
68.07 -0.0783267 -0.0127909 -0.0595448 0.743913 -0.00126369 -0.00156379
68.08 -0.0778061 -0.0132121 -0.0597039 0.743897 -0.00125974 -0.00155534
68.09 -0.0772874 -0.0136425 -0.0598659 0.743941 -0.001257 -0.00154746
68.1 -0.0767656 -0.0141142 -0.0600509 0.743994 -0.00124853 -0.00155615
68.11 -0.076238 -0.0145578 -0.0602297 0.744049 -0.00124308 -0.00155763
68.12 -0.0757046 -0.0149892 -0.0604305 0.744059 -0.00123265 -0.00156611
68.13 -0.0751667 -0.0153279 -0.0606119 0.744024 -0.00122743 -0.00155431
68.14 -0.0746294 -0.0156211 -0.0608046 0.743984 -0.00122061 -0.00154239
68.15 -0.0740974 -0.0158622 -0.0609777 0.743937 -0.00121787 -0.00152185
68.16 -0.0735723 -0.0161224 -0.0611675 0.743967 -0.00121343 -0.00151552
68.17 -0.0730501 -0.016382 -0.0613576 0.743999 -0.00120788 -0.00151429
68.18 -0.0725271 -0.0166421 -0.0615648 0.744086 -0.00120152 -0.00152123
68.19 -0.0720002 -0.0168752 -0.0617799 0.744109 -0.00119142 -0.00152896
68.2 -0.0714685 -0.0170335 -0.0619908 0.744126 -0.0011858 -0.00152455
68.21 -0.0709351 -0.0171441 -0.0622093 0.744074 -0.00117542 -0.00151747
68.22 -0.0704039 -0.0171831 -0.0624034 0.744039 -0.00117408 -0.00149549
68.23 -0.0698777 -0.0172439 -0.0626148 0.744018 -0.00116545 -0.00148688
68.24 -0.0693547 -0.0172979 -0.0628095 0.744047 -0.00116344 -0.00147519
68.25 -0.0688337 -0.0174136 -0.0630227 0.744113 -0.00115452 -0.00148452
68.26 -0.068309 -0.0175107 -0.0632313 0.744165 -0.00114831 -0.00148572
68.27 -0.0677793 -0.017622 -0.0634466 0.744207 -0.00113858 -0.00149456
68.28 -0.0672426 -0.0176822 -0.0636527 0.744172 -0.00113131 -0.00148624
68.29 -0.0667042 -0.0177211 -0.0638512 0.744148 -0.00112427 -0.00147402
68.3 -0.0661636 -0.0177621 -0.0640428 0.74408 -0.0011181 -0.00145642
68.31 -0.065627 -0.0178367 -0.0642216 0.744104 -0.00111379 -0.00144328
68.32 -0.0650883 -0.0179887 -0.0644117 0.744111 -0.0011056 -0.00144286
68.33 -0.0645497 -0.0181769 -0.0645852 0.744206 -0.00110052 -0.00144327
68.34 -0.0640041 -0.0184281 -0.0647765 0.744221 -0.00108992 -0.00145429
68.35 -0.0634542 -0.0186605 -0.064944 0.74426 -0.00108376 -0.0014509
68.36 -0.0628968 -0.0189079 -0.0651225 0.744196 -0.001074 -0.00144806
68.37 -0.0623385 -0.0191214 -0.0652751 0.744166 -0.00106892 -0.00142624
68.38 -0.0617787 -0.0193835 -0.065435 0.744113 -0.0010614 -0.00141346
68.39 -0.0612235 -0.019693 -0.0655742 0.744129 -0.00105741 -0.00140091
68.4 -0.0606667 -0.0200751 -0.0657328 0.744172 -0.00104859 -0.00140339
68.41 -0.0601098 -0.0204996 -0.0658812 0.744225 -0.00104126 -0.00140712
68.42 -0.0595567 -0.020955 -0.0660369 0.744269 -0.0010316 -0.00141563
68.43 -0.0590097 -0.0214025 -0.0661886 0.744244 -0.00102158 -0.00141733
68.44 -0.0584622 -0.0217795 -0.066314 0.744214 -0.00101898 -0.00140106
68.45 -0.0579181 -0.0221382 -0.0664692 0.744148 -0.00100909 -0.00138061
68.46 -0.0573737 -0.0225071 -0.0665906 0.744142 -0.00100741 -0.0013614
68.47 -0.0568352 -0.0229429 -0.0667531 0.744153 -0.000996518 -0.00136125
68.48 -0.0562964 -0.0233941 -0.0668896 0.74422 -0.000991828 -0.00136443
68.49 -0.0557597 -0.0238481 -0.0670593 0.744268 -0.000980696 -0.00137523
68.5 -0.0552216 -0.0242374 -0.0672057 0.744294 -0.000974705 -0.00137227
68.51 -0.0546845 -0.0245748 -0.067371 0.744271 -0.000966355 -0.00136683
68.52 -0.0541474 -0.0248487 -0.067529 0.744224 -0.00095844 -0.00134984
68.53 -0.0536137 -0.0250946 -0.0676899 0.744187 -0.000953123 -0.00133623
68.54 -0.0530828 -0.0253331 -0.0678627 0.744184 -0.0009425 -0.00132618
68.55 -0.052558 -0.0255676 -0.0680233 0.744229 -0.000938841 -0.0013239
68.56 -0.0520345 -0.0257973 -0.0682073 0.744291 -0.00092677 -0.00132758
68.57 -0.0515157 -0.0259928 -0.0683686 0.744344 -0.00092381 -0.00133036
68.58 -0.0509963 -0.026147 -0.0685562 0.744354 -0.000911986 -0.00133212
68.59 -0.0504783 -0.0262254 -0.06872 0.744324 -0.00090888 -0.00132091
68.6 -0.0499588 -0.0262622 -0.0689115 0.74428 -0.000897105 -0.00130918
68.61 -0.0494407 -0.026263 -0.0690809 0.74425 -0.000892709 -0.00129058
68.62 -0.0489258 -0.0262842 -0.0692635 0.744273 -0.000883402 -0.00128472
68.63 -0.0484139 -0.0263197 -0.0694419 0.744315 -0.000875934 -0.0012812
68.64 -0.0479019 -0.0263727 -0.069616 0.744394 -0.000868565 -0.001287
68.65 -0.0473755 -0.0264235 -0.0698051 0.744412 -0.000857172 -0.00128867
68.66 -0.0468338 -0.0264524 -0.0699754 0.744431 -0.000849826 -0.00128539
68.67 -0.0462984 -0.0264608 -0.0701305 0.744362 -0.000844138 -0.00127502
68.68 -0.045768 -0.0264525 -0.0702843 0.744344 -0.000838705 -0.00125857
68.69 -0.045236 -0.026471 -0.0704444 0.744296 -0.00082979 -0.00124571
68.7 -0.0447067 -0.0265308 -0.070587 0.744348 -0.000825156 -0.00123584
68.71 -0.044179 -0.0266524 -0.0707483 0.74438 -0.00081366 -0.00123795
68.72 -0.0436529 -0.026815 -0.0708728 0.744453 -0.000810852 -0.00123974
68.73 -0.0431296 -0.0269902 -0.0710161 0.744462 -0.000800892 -0.00124276
68.74 -0.0426058 -0.0271633 -0.0711314 0.744443 -0.00079748 -0.00123418
68.75 -0.0420807 -0.0273236 -0.0712628 0.744393 -0.000788167 -0.00122117
68.76 -0.0415536 -0.0275061 -0.0713827 0.74434 -0.00078137 -0.00120221
68.77 -0.0410263 -0.0277268 -0.0715072 0.744346 -0.000771926 -0.00119028
68.78 -0.0405019 -0.0280167 -0.0716218 0.744364 -0.000764343 -0.00118458
68.79 -0.0399835 -0.0283519 -0.0717232 0.744442 -0.00075844 -0.00118741
68.8 -0.0394706 -0.028713 -0.0718278 0.744465 -0.000751242 -0.00118964
68.81 -0.0389622 -0.0290589 -0.0719105 0.744493 -0.000748476 -0.00118649
68.82 -0.0384561 -0.0293802 -0.0720166 0.744435 -0.000739835 -0.00117554
68.83 -0.0379504 -0.029685 -0.0721047 0.744406 -0.000735436 -0.00115886
68.84 -0.0374444 -0.0299869 -0.0722235 0.744353 -0.000723984 -0.00114365
68.85 -0.0369412 -0.0303141 -0.0723206 0.744384 -0.000717508 -0.00113264
68.86 -0.0364444 -0.0306561 -0.0724314 0.744416 -0.000708456 -0.0011307
68.87 -0.0359563 -0.0310077 -0.0725207 0.744494 -0.00070381 -0.00113057
68.88 -0.035478 -0.0313286 -0.0726159 0.74452 -0.000698891 -0.00113199
68.89 -0.0350061 -0.0316065 -0.0727065 0.744526 -0.000694547 -0.00112525
68.9 -0.0345386 -0.0318153 -0.0728094 0.744482 -0.000689036 -0.00111286
68.91 -0.0340714 -0.0319862 -0.0729262 0.744442 -0.000680088 -0.00109592
68.92 -0.0336058 -0.0321223 -0.0730473 0.74443 -0.000672232 -0.00108087
68.93 -0.0331454 -0.0322607 -0.0731735 0.744457 -0.000662506 -0.00107272
68.94 -0.032694 -0.0323905 -0.0732884 0.744526 -0.000657207 -0.00107103
68.95 -0.0322519 -0.0324968 -0.0734026 0.744582 -0.000651193 -0.00107211
68.96 -0.0318216 -0.0325563 -0.073504 0.744617 -0.000649349 -0.00106934
68.97 -0.0313972 -0.0325503 -0.0736195 0.7446 -0.000643888 -0.00106053
68.98 -0.0309761 -0.0324934 -0.0737334 0.744559 -0.000639667 -0.00104514
68.99 -0.0305539 -0.0323957 -0.0738762 0.744529 -0.000628904 -0.00102867
69 -0.0301322 -0.0323014 -0.0740058 0.744523 -0.000621578 -0.0010158
69.01 -0.0297157 -0.0322053 -0.0741421 0.744578 -0.000612444 -0.00100876
69.02 -0.0293089 -0.0321297 -0.0742555 0.744629 -0.000608036 -0.00100743
69.03 -0.028913 -0.0320386 -0.0743571 0.744697 -0.000605821 -0.00100585
69.04 -0.0285276 -0.0319332 -0.0744561 0.744695 -0.000603017 -0.00100103
69.05 -0.0281451 -0.0317949 -0.0745529 0.74468 -0.000600444 -0.00098855
69.06 -0.0277629 -0.0316451 -0.0746667 0.744623 -0.000592929 -0.000972732
69.07 -0.0273773 -0.0315058 -0.0747789 0.744601 -0.00058534 -0.000955394
69.08 -0.0269918 -0.0314019 -0.074898 0.744611 -0.000575117 -0.0009447
69.09 -0.0266106 -0.0313465 -0.0749885 0.744657 -0.000570321 -0.000937694
69.1 -0.0262413 -0.0313248 -0.075071 0.744724 -0.0005658 -0.000936684
69.11 -0.0258818 -0.0313307 -0.0751262 0.744749 -0.000566192 -0.000932307
69.12 -0.0255324 -0.0313285 -0.0751826 0.744758 -0.000564774 -0.00092445
69.13 -0.025184 -0.0313402 -0.0752445 0.744699 -0.000561135 -0.000909511
69.14 -0.0248346 -0.031351 -0.0753144 0.744673 -0.000554693 -0.00089229
69.15 -0.0244813 -0.0314102 -0.0753946 0.74463 -0.000545138 -0.000876747
69.16 -0.024132 -0.0315038 -0.0754582 0.744679 -0.000538386 -0.00086612
69.17 -0.0237895 -0.0316531 -0.0755122 0.744707 -0.000532993 -0.00086122
69.18 -0.0234616 -0.0318213 -0.0755404 0.74479 -0.000532088 -0.000857063
69.19 -0.0231465 -0.0320015 -0.0755584 0.744787 -0.000533036 -0.000852465
69.2 -0.0228423 -0.0321628 -0.0755792 0.744796 -0.000532274 -0.000839887
69.21 -0.0225396 -0.032307 -0.0756133 0.744728 -0.00052875 -0.000824444
69.22 -0.0222357 -0.0324552 -0.0756687 0.744711 -0.000520086 -0.000806649
69.23 -0.0219302 -0.0326025 -0.0757226 0.744694 -0.000512332 -0.000793273
69.24 -0.0216323 -0.0327755 -0.0757749 0.744744 -0.000504646 -0.000783585
69.25 -0.0213457 -0.0329352 -0.075805 0.744805 -0.00050243 -0.000778241
69.26 -0.0210779 -0.0330942 -0.0758198 0.744855 -0.000503206 -0.000772768
69.27 -0.020825 -0.0332055 -0.0758357 0.744882 -0.00050427 -0.00076562
69.28 -0.0205817 -0.0332794 -0.0758584 0.744846 -0.000503978 -0.000752789
69.29 -0.0203409 -0.0332955 -0.0759102 0.744824 -0.000497985 -0.000736642
69.3 -0.0200992 -0.0332835 -0.0759753 0.744783 -0.000489876 -0.000719568
69.31 -0.0198587 -0.0332465 -0.076047 0.744819 -0.000481006 -0.000705911
69.32 -0.0196295 -0.0331967 -0.0761038 0.744859 -0.000476108 -0.000697019
69.33 -0.0194241 -0.0331546 -0.0761541 0.744939 -0.000472129 -0.000696515
69.34 -0.0192481 -0.033067 -0.0761734 0.744976 -0.00047499 -0.000694415
69.35 -0.0190903 -0.032899 -0.0761951 0.744988 -0.000478528 -0.000679547
69.36 -0.0189415 -0.032665 -0.0762365 0.744958 -0.000477937 -0.000659892
69.37 -0.0187898 -0.0324151 -0.0763039 0.744926 -0.000472201 -0.000640364
69.38 -0.0186364 -0.0321631 -0.0763852 0.744917 -0.000463375 -0.000629258
69.39 -0.0184839 -0.0319111 -0.0764605 0.744947 -0.00045664 -0.000620111
69.4 -0.0183421 -0.0316466 -0.0765218 0.745006 -0.000451903 -0.000614352
69.41 -0.018215 -0.0313675 -0.076553 0.745068 -0.000454358 -0.00060622
69.42 -0.0181061 -0.0310693 -0.0765759 0.745096 -0.000456618 -0.000596373
69.43 -0.0180076 -0.0307601 -0.0765973 0.74509 -0.00045962 -0.000584605
69.44 -0.0179125 -0.030445 -0.076639 0.74505 -0.000456216 -0.000569961
69.45 -0.0178136 -0.0301318 -0.0766929 0.745023 -0.000450615 -0.000556072
69.46 -0.0177124 -0.029833 -0.0767551 0.745014 -0.000441313 -0.000539942
69.47 -0.0176151 -0.0295606 -0.0767939 0.74506 -0.000437399 -0.000529682
69.48 -0.017531 -0.0293259 -0.0768134 0.745107 -0.000435443 -0.00051954
69.49 -0.0174633 -0.0291179 -0.0768018 0.74517 -0.000439877 -0.000514722
69.5 -0.0174128 -0.0289341 -0.0767796 0.745167 -0.000444631 -0.000505654
69.51 -0.0173702 -0.028746 -0.0767677 0.745163 -0.000446085 -0.0004941
69.52 -0.0173284 -0.0285742 -0.0767668 0.745101 -0.000444199 -0.000476816
69.53 -0.0172806 -0.0284164 -0.076791 0.745097 -0.000435546 -0.000460113
69.54 -0.0172318 -0.0283011 -0.0767986 0.745084 -0.000430291 -0.000445372
69.55 -0.0171889 -0.0282269 -0.0767982 0.745151 -0.000425123 -0.000436198
69.56 -0.0171488 -0.0282131 -0.0767433 0.745195 -0.000430835 -0.000437119
69.57 -0.0171161 -0.0282036 -0.0766819 0.745249 -0.000435969 -0.000436224
69.58 -0.0170968 -0.0281257 -0.0766306 0.745247 -0.000440013 -0.000418137
69.59 -0.0170812 -0.0280314 -0.0765893 0.745216 -0.000440523 -0.000392583
69.6 -0.0170674 -0.0279557 -0.076577 0.745186 -0.000435655 -0.000373596
69.61 -0.0170477 -0.0279377 -0.0765727 0.74516 -0.000428076 -0.000364432
69.62 -0.0170317 -0.0279208 -0.076567 0.745206 -0.000421795 -0.00036106
69.63 -0.0170287 -0.0278898 -0.0765315 0.745246 -0.00042143 -0.000352688
69.64 -0.0170465 -0.0278145 -0.0764774 0.745334 -0.000425666 -0.000342308
69.65 -0.0170859 -0.0277189 -0.0764075 0.745348 -0.000432626 -0.000327989
69.66 -0.0171403 -0.0276058 -0.076349 0.745369 -0.000437979 -0.000319042
69.67 -0.0172 -0.027463 -0.0763137 0.745317 -0.000437983 -0.000306854
69.68 -0.0172564 -0.0272826 -0.0763109 0.74531 -0.000432266 -0.000295374
69.69 -0.0173096 -0.0270542 -0.0763152 0.745297 -0.000425156 -0.000279421
69.7 -0.0173687 -0.0268022 -0.0763128 0.745359 -0.000420803 -0.000266263
69.71 -0.0174425 -0.0265262 -0.0762877 0.745413 -0.000421081 -0.000256408
69.72 -0.017537 -0.0262406 -0.0762377 0.745487 -0.000428093 -0.000250863
69.73 -0.0176537 -0.0259102 -0.0761824 0.745504 -0.000435144 -0.00024502
69.74 -0.0177807 -0.0255353 -0.0761452 0.745501 -0.000439883 -0.000233995
69.75 -0.0179104 -0.0250997 -0.0761283 0.745463 -0.000438939 -0.000218758
69.76 -0.0180345 -0.0246373 -0.0761464 0.745448 -0.000432215 -0.000200869
69.77 -0.0181556 -0.024162 -0.076157 0.745464 -0.000425888 -0.000187878
69.78 -0.0182834 -0.0236954 -0.0761563 0.745515 -0.0004235 -0.00017892
69.79 -0.0184286 -0.0232256 -0.0761239 0.745586 -0.000426199 -0.000174213
69.8 -0.0185948 -0.0227414 -0.0760631 0.74563 -0.000435891 -0.000167266
69.81 -0.0187807 -0.0222381 -0.076007 0.745645 -0.000442495 -0.000157416
69.82 -0.0189725 -0.0217155 -0.0759601 0.745617 -0.000447354 -0.000143505
69.83 -0.0191631 -0.0212006 -0.0759454 0.745584 -0.000443934 -0.000129113
69.84 -0.0193454 -0.0206906 -0.0759398 0.745572 -0.000438205 -0.000115435
69.85 -0.0195274 -0.0202152 -0.0759306 0.745592 -0.000432615 -0.000104182
69.86 -0.0197173 -0.019758 -0.0758886 0.745656 -0.000432793 -9.58977e-05
69.87 -0.0199281 -0.0193406 -0.0758164 0.745707 -0.000438961 -8.89373e-05
69.88 -0.0201592 -0.0189317 -0.0757182 0.745752 -0.000448387 -8.19977e-05
69.89 -0.0204073 -0.0185501 -0.0756261 0.745737 -0.00045651 -7.25557e-05
69.9 -0.0206572 -0.0181645 -0.0755515 0.745712 -0.000458004 -5.9506e-05
69.91 -0.0209035 -0.0178078 -0.0755026 0.745675 -0.000455011 -4.47431e-05
69.92 -0.0211419 -0.0174716 -0.0754587 0.745674 -0.000448022 -3.11182e-05
69.93 -0.021385 -0.0171791 -0.0753997 0.745715 -0.0004458 -2.09819e-05
69.94 -0.0216388 -0.0169212 -0.0753123 0.745768 -0.000446648 -1.45724e-05
69.95 -0.0219163 -0.016678 -0.0751887 0.745838 -0.000456563 -7.77541e-06
69.96 -0.0222138 -0.0164484 -0.0750606 0.745846 -0.00046451 1.57045e-07
69.97 -0.0225251 -0.01621 -0.0749369 0.745854 -0.000472728 1.06742e-05
69.98 -0.0228369 -0.0159751 -0.0748459 0.745801 -0.000471864 2.39061e-05
69.99 -0.0231446 -0.0157257 -0.074775 0.745805 -0.000468046 3.80505e-05
70 -0.0234464 -0.0154952 -0.0747119 0.745797 -0.000461589 4.97935e-05
70.01 -0.0237567 -0.015254 -0.0746283 0.745874 -0.000460576 5.92e-05
70.02 -0.0240824 -0.0150278 -0.0745197 0.745919 -0.000464422 6.46428e-05
70.03 -0.0244335 -0.0147655 -0.0743833 0.745996 -0.000474646 7.20763e-05
70.04 -0.0248042 -0.0144855 -0.0742489 0.745993 -0.000484028 8.02447e-05
70.05 -0.0251843 -0.0141597 -0.0741394 0.745998 -0.000488426 9.18273e-05
70.06 -0.0255626 -0.0138034 -0.0740514 0.745955 -0.000488395 0.000104451
70.07 -0.0259353 -0.0134131 -0.074 0.745965 -0.000481296 0.000117659
70.08 -0.0263052 -0.0129988 -0.0739301 0.745987 -0.000478574 0.00012831
70.09 -0.0266861 -0.0125676 -0.0738561 0.746057 -0.000477523 0.000136072
70.1 -0.0270853 -0.0121033 -0.0737404 0.746125 -0.00048533 0.00014219
70.11 -0.0275096 -0.0116139 -0.0736152 0.746166 -0.000495757 0.000148073
70.12 -0.02795 -0.0110685 -0.0734954 0.746183 -0.000504442 0.000157608
70.13 -0.0283956 -0.010495 -0.0734004 0.746147 -0.000508588 0.000168571
70.14 -0.0288358 -0.00987465 -0.0733369 0.746143 -0.000505466 0.00018237
70.15 -0.0292695 -0.00924872 -0.0732836 0.746129 -0.000501012 0.000193416
70.16 -0.0297024 -0.00860384 -0.0732224 0.746189 -0.000497759 0.000203237
70.17 -0.0301497 -0.00796426 -0.0731259 0.746237 -0.0005022 0.000208697
70.18 -0.0306163 -0.00730789 -0.0730078 0.746312 -0.000510614 0.000215662
70.19 -0.0311042 -0.00664814 -0.0728711 0.74633 -0.000522082 0.000221149
70.2 -0.0316035 -0.0059738 -0.072748 0.74633 -0.000530464 0.000231216
70.21 -0.0321036 -0.00529148 -0.072647 0.746296 -0.00053226 0.000241791
70.22 -0.0325949 -0.00461972 -0.0725691 0.74628 -0.000529964 0.00025452
70.23 -0.0330802 -0.00395783 -0.0724899 0.746291 -0.000525197 0.000264631
70.24 -0.0335686 -0.00333211 -0.0723896 0.74634 -0.000526398 0.000273514
70.25 -0.0340716 -0.00272678 -0.0722548 0.746402 -0.000531075 0.000278646
70.26 -0.0345954 -0.00215604 -0.0720902 0.746454 -0.000543742 0.000284188
70.27 -0.0351379 -0.00158961 -0.0719177 0.746464 -0.000553686 0.000291281
70.28 -0.0356873 -0.00105125 -0.0717607 0.746451 -0.00056194 0.000300226
70.29 -0.0362335 -0.000513456 -0.0716225 0.746416 -0.000562428 0.000313078
70.3 -0.0367698 -1.81961e-05 -0.0715071 0.746414 -0.000559443 0.000323147
70.31 -0.0372996 0.000403222 -0.0713747 0.746431 -0.000555877 0.000321654
70.32 -0.0378349 0.000789941 -0.0712151 0.746498 -0.000558413 0.000316084
70.33 -0.0383914 0.0012588 -0.0710239 0.746551 -0.000567171 0.000335969
70.34 -0.0389717 0.00173587 -0.0708171 0.746605 -0.000578823 0.000359062
70.35 -0.0395677 0.00214656 -0.0706116 0.7466 -0.000589771 0.000372622
70.36 -0.0401654 0.00248959 -0.0704251 0.746595 -0.000595994 0.000370143
70.37 -0.0407573 0.00281467 -0.0702677 0.746559 -0.000596719 0.000367556
70.38 -0.0413388 0.00319503 -0.070126 0.746581 -0.000592911 0.000375262
70.39 -0.0419199 0.0036025 -0.0699751 0.746608 -0.000592025 0.000390356
70.4 -0.0425115 0.00403242 -0.0697985 0.74669 -0.00059523 0.00040662
70.41 -0.0431232 0.00442052 -0.0695926 0.746743 -0.000606107 0.000411479
70.42 -0.0437546 0.00480852 -0.0693762 0.746788 -0.000618048 0.000411543
70.43 -0.0443993 0.00522001 -0.069172 0.746787 -0.000628854 0.000412474
70.44 -0.045044 0.00569511 -0.0689998 0.746766 -0.000632132 0.000422777
70.45 -0.0456813 0.00621877 -0.0688559 0.746765 -0.000630707 0.00043724
70.46 -0.0463129 0.00676203 -0.0687164 0.746771 -0.000628491 0.000450644
70.47 -0.0469474 0.00731143 -0.0685679 0.746847 -0.000629212 0.000456757
70.48 -0.0475967 0.00786785 -0.0683877 0.746894 -0.000637106 0.000459206
70.49 -0.0482672 0.00846598 -0.0681918 0.746978 -0.000648615 0.000461997
70.5 -0.0489568 0.00910473 -0.0679937 0.746977 -0.000660982 0.000469407
70.51 -0.049654 0.0097918 -0.0678161 0.746994 -0.000669003 0.00047948
70.52 -0.0503503 0.0105047 -0.0676648 0.746951 -0.000672014 0.000491111
70.53 -0.0510366 0.0112294 -0.0675357 0.746968 -0.000670443 0.00049914
70.54 -0.0517203 0.0119678 -0.0674001 0.746982 -0.000670129 0.000506086
70.55 -0.0524088 0.0127154 -0.0672463 0.747056 -0.000673894 0.000511814
70.56 -0.0531152 0.01348 -0.0670622 0.74711 -0.00068257 0.000517708
70.57 -0.0538414 0.0142544 -0.0668554 0.747163 -0.000696722 0.000525885
70.58 -0.0545836 0.0150337 -0.0666535 0.747165 -0.00070736 0.000532413
70.59 -0.0553269 0.0158084 -0.0664685 0.747152 -0.000715641 0.000541268
70.6 -0.0560654 0.0165818 -0.066303 0.747128 -0.000716985 0.000548196
70.61 -0.0567941 0.017342 -0.0661504 0.747134 -0.000716931 0.000558129
70.62 -0.0575204 0.0180878 -0.0659803 0.747173 -0.000717394 0.000564525
70.63 -0.0582539 0.0188108 -0.065784 0.747232 -0.000724235 0.000573294
70.64 -0.059005 0.01951 -0.0655552 0.747295 -0.000734724 0.000578259
70.65 -0.0597728 0.0201873 -0.065307 0.747321 -0.000749334 0.00058642
70.66 -0.0605506 0.0208407 -0.0650687 0.747325 -0.000759516 0.000592682
70.67 -0.061324 0.0214709 -0.0648454 0.747298 -0.000765845 0.00060145
70.68 -0.0620895 0.0220779 -0.0646413 0.747289 -0.000767158 0.000609891
70.69 -0.0628443 0.0226599 -0.0644374 0.747304 -0.000766886 0.000618912
70.7 -0.0635998 0.0232103 -0.0642152 0.747354 -0.000770529 0.00062661
70.71 -0.0643644 0.0237457 -0.0639607 0.747424 -0.000778361 0.000634911
70.72 -0.0651471 0.0242482 -0.0636843 0.747474 -0.000791769 0.000642056
70.73 -0.0659414 0.0247408 -0.063399 0.747505 -0.000803632 0.000648477
70.74 -0.0667429 0.0252163 -0.0631266 0.747492 -0.00081497 0.000656995
70.75 -0.0675364 0.0256928 -0.0628786 0.747481 -0.000817577 0.000664888
70.76 -0.0683225 0.0261631 -0.0626428 0.747478 -0.000820525 0.000675839
70.77 -0.0691001 0.0266308 -0.0624078 0.747512 -0.000820122 0.000683026
70.78 -0.0698829 0.0271042 -0.062154 0.74758 -0.000826282 0.000693783
70.79 -0.0706776 0.0275734 -0.0618721 0.747641 -0.000835985 0.000698853
70.8 -0.0714904 0.0280687 -0.0615819 0.747706 -0.000849226 0.000709429
70.81 -0.0723136 0.028569 -0.0612887 0.747705 -0.000861941 0.000716044
70.82 -0.0731402 0.0291018 -0.0610233 0.747717 -0.000869883 0.000726485
70.83 -0.0739587 0.0296443 -0.060778 0.747685 -0.000873893 0.000734102
70.84 -0.0747699 0.0302219 -0.0605483 0.74772 -0.000874879 0.000743516
70.85 -0.0755782 0.0308189 -0.0603141 0.747745 -0.000877921 0.00075229
70.86 -0.0763937 0.0314485 -0.0600581 0.747835 -0.000885029 0.000760855
70.87 -0.0772254 0.0321048 -0.0597866 0.747882 -0.000896586 0.000770715
70.88 -0.0780726 0.0327894 -0.0595004 0.747939 -0.000910693 0.000779062
70.89 -0.0789286 0.0335023 -0.0592349 0.747929 -0.000921411 0.00078984
70.9 -0.0797833 0.0342268 -0.058981 0.747929 -0.000929644 0.000795953
70.91 -0.0806307 0.0349838 -0.0587572 0.74791 -0.00093219 0.00080599
70.92 -0.0814859 0.0357513 -0.0585175 0.747939 -0.000938056 0.000811238
70.93 -0.0823523 0.0365631 -0.0582785 0.747986 -0.000943882 0.000822208
70.94 -0.0832203 0.0373821 -0.058033 0.748055 -0.00095039 0.000832276
70.95 -0.0840958 0.0382198 -0.0577591 0.748114 -0.00096288 0.000844701
70.96 -0.084983 0.0390395 -0.0574855 0.748133 -0.000974589 0.000853197
70.97 -0.0858707 0.0398608 -0.0572122 0.748138 -0.000986031 0.000861579
70.98 -0.0867528 0.0406631 -0.0569635 0.748106 -0.000991328 0.000868702
70.99 -0.0876234 0.0414634 -0.0567158 0.74812 -0.00099635 0.00087602
71 -0.0884871 0.0422523 -0.0564758 0.74813 -0.000998197 0.000886341
71.01 -0.0893493 0.0430287 -0.0562057 0.748207 -0.00100617 0.00089564
71.02 -0.0902204 0.0437926 -0.0559198 0.748254 -0.00101538 0.000909327
71.03 -0.0911005 0.044514 -0.055609 0.748318 -0.0010296 0.000916843
71.04 -0.0919873 0.0452168 -0.0552998 0.748319 -0.00104103 0.000927827
71.05 -0.0928704 0.0458727 -0.0549976 0.748317 -0.00105138 0.000933222
71.06 -0.0937448 0.0465208 -0.0547114 0.748298 -0.00105537 0.000944317
71.07 -0.0946075 0.0471258 -0.0544286 0.748309 -0.00105986 0.000951386
71.08 -0.0954649 0.0477221 -0.0541345 0.748351 -0.00106311 0.000962727
71.09 -0.0963237 0.0482859 -0.0538252 0.748417 -0.00107098 0.000973057
71.1 -0.0971913 0.0488309 -0.0534824 0.748484 -0.00108235 0.000983212
71.11 -0.0980566 0.0493397 -0.053137 0.748527 -0.00109492 0.000990832
71.12 -0.0989151 0.0498272 -0.0527803 0.748534 -0.0011072 0.00099442
71.13 -0.0997688 0.0503477 -0.0524648 0.748529 -0.00111246 0.00101165
71.14 -0.100613 0.0508497 -0.0521434 0.748516 -0.0011177 0.00102472
71.15 -0.101449 0.0513386 -0.0518423 0.748548 -0.00111898 0.00103811
71.16 -0.102284 0.0517862 -0.0515132 0.748595 -0.00112598 0.0010405
71.17 -0.103125 0.0522567 -0.0511808 0.748679 -0.0011327 0.00104916
71.18 -0.103975 0.0527437 -0.0508267 0.748733 -0.00114509 0.00105903
71.19 -0.104833 0.0532673 -0.0504758 0.748779 -0.00115519 0.00107576
71.2 -0.105692 0.0537896 -0.0501358 0.748772 -0.00116523 0.001089
71.21 -0.106546 0.0543072 -0.0498064 0.748773 -0.00117154 0.00109647
71.22 -0.107392 0.0548329 -0.0495024 0.748767 -0.00117509 0.00110265
71.23 -0.108231 0.0553795 -0.0491859 0.748812 -0.0011796 0.0011067
71.24 -0.109071 0.0559825 -0.0488785 0.748867 -0.00118452 0.00112048
71.25 -0.109914 0.0566168 -0.0485446 0.748948 -0.00119319 0.0011338
71.26 -0.110765 0.0572835 -0.0482138 0.748997 -0.00120332 0.00115127
71.27 -0.111619 0.0579428 -0.0478742 0.749023 -0.00121407 0.0011594
71.28 -0.112469 0.0586217 -0.04756 0.749018 -0.00122114 0.00116936
71.29 -0.113311 0.0593029 -0.0472456 0.749003 -0.00122772 0.00117313
71.3 -0.114142 0.0600186 -0.0469547 0.749023 -0.00123006 0.00118252
71.31 -0.114967 0.0607535 -0.0466487 0.749051 -0.00123519 0.00119203
71.32 -0.115789 0.0615176 -0.0463406 0.749137 -0.00124058 0.00120587
71.33 -0.116614 0.0622849 -0.0460135 0.749181 -0.00124961 0.00121952
71.34 -0.117437 0.0630536 -0.0456828 0.749248 -0.00125888 0.0012317
71.35 -0.118259 0.0638087 -0.0453527 0.749232 -0.00126774 0.00124297
71.36 -0.119069 0.064543 -0.0450309 0.749245 -0.00127427 0.00124883
71.37 -0.119869 0.0652715 -0.0447182 0.749215 -0.00127806 0.00125828
71.38 -0.120655 0.0659764 -0.0443995 0.749254 -0.00128274 0.00126269
71.39 -0.121435 0.0666919 -0.0440814 0.749291 -0.00128524 0.00127694
71.4 -0.122208 0.0673804 -0.0437357 0.749371 -0.0012938 0.00128679
71.41 -0.122982 0.0680666 -0.0433903 0.749424 -0.00129935 0.00130479
71.42 -0.123749 0.0687027 -0.0430255 0.749462 -0.00131 0.00131524
71.43 -0.12451 0.0693078 -0.0426727 0.749461 -0.00131486 0.00132702
71.44 -0.125257 0.0698587 -0.042317 0.749452 -0.00132174 0.00133225
71.45 -0.125992 0.0703821 -0.0419689 0.749455 -0.00132356 0.00133874
71.46 -0.126716 0.0708852 -0.0416123 0.749489 -0.00132826 0.00134748
71.47 -0.127435 0.0713704 -0.0412477 0.749555 -0.00133154 0.00135846
71.48 -0.128149 0.0718525 -0.040869 0.749625 -0.0013382 0.00137608
71.49 -0.12886 0.0722916 -0.0404813 0.749687 -0.00134502 0.00138833
71.5 -0.129565 0.0727137 -0.0400936 0.749708 -0.00135144 0.00140394
71.51 -0.130263 0.0730779 -0.0397055 0.749714 -0.00135797 0.00140865
71.52 -0.13095 0.0734365 -0.039329 0.749704 -0.00136058 0.00141793
71.53 -0.131629 0.0737658 -0.0389499 0.749726 -0.00136518 0.00142142
71.54 -0.1323 0.074117 -0.0385728 0.74977 -0.00136673 0.00143309
71.55 -0.132969 0.0744693 -0.0381869 0.749846 -0.0013728 0.00144496
71.56 -0.133634 0.0748467 -0.037799 0.749919 -0.00137599 0.00146301
71.57 -0.134299 0.0752121 -0.0374042 0.749968 -0.00138441 0.00147722
71.58 -0.134956 0.0755724 -0.037018 0.749989 -0.00138768 0.00148791
71.59 -0.135608 0.0759259 -0.0366357 0.749982 -0.00139431 0.00149546
71.6 -0.13625 0.076281 -0.0362634 0.749987 -0.0013957 0.00149805
71.61 -0.136887 0.0766727 -0.0358923 0.750011 -0.0014006 0.00150752
71.62 -0.137518 0.0770869 -0.0355232 0.750069 -0.00140241 0.00151468
71.63 -0.138146 0.0775615 -0.0351519 0.750147 -0.00140755 0.00153404
71.64 -0.138769 0.0780373 -0.0347771 0.750205 -0.00141197 0.00154583
71.65 -0.139387 0.0785503 -0.034408 0.750255 -0.00141705 0.00156389
71.66 -0.139995 0.0790337 -0.0340411 0.750245 -0.0014214 0.00156822
71.67 -0.140595 0.0795452 -0.0336803 0.750258 -0.00142512 0.00157635
71.68 -0.141186 0.080048 -0.0333239 0.750241 -0.00142828 0.00157727
71.69 -0.141769 0.0805943 -0.0329669 0.750297 -0.00143092 0.00158528
71.7 -0.142363 0.0811726 -0.0325874 0.750336 -0.00143903 0.00159635
71.71 -0.142965 0.0817846 -0.0322213 0.750429 -0.00144296 0.00161021
71.72 -0.143546 0.0824142 -0.031865 0.750466 -0.00144575 0.00162971
71.73 -0.144109 0.0830082 -0.0315082 0.750509 -0.00144746 0.0016381
71.74 -0.14466 0.0835937 -0.0311461 0.750496 -0.00145106 0.00164935
71.75 -0.145195 0.0841234 -0.0307888 0.7505 -0.00145208 0.00164587
71.76 -0.14572 0.0846721 -0.030413 0.750506 -0.00145695 0.00165402
71.77 -0.146235 0.0851967 -0.0300466 0.750553 -0.00145818 0.00165633
71.78 -0.14674 0.0857497 -0.0296601 0.75062 -0.00146303 0.00167429
71.79 -0.147234 0.0862719 -0.029279 0.750687 -0.00146548 0.00168669
71.8 -0.147715 0.08677 -0.0288869 0.750743 -0.00146934 0.00170344
71.81 -0.148183 0.0872103 -0.0284922 0.750753 -0.00147299 0.00171067
71.82 -0.148636 0.0875961 -0.0280999 0.750766 -0.00147485 0.00171462
71.83 -0.149079 0.0879509 -0.0276953 0.750751 -0.00147872 0.00171757
71.84 -0.14951 0.0882687 -0.0272957 0.750796 -0.00147999 0.00171966
71.85 -0.149933 0.0885949 -0.0268798 0.750833 -0.00148393 0.00173129
71.86 -0.150336 0.0889261 -0.0264578 0.750932 -0.00148889 0.00174912
71.87 -0.150719 0.0892535 -0.0260337 0.750982 -0.00149359 0.00177381
71.88 -0.151082 0.0894618 -0.025634 0.751046 -0.00149183 0.00177436
71.89 -0.151432 0.0896344 -0.025207 0.751044 -0.00149478 0.00177512
71.9 -0.151774 0.0897768 -0.0247958 0.751054 -0.00149486 0.0017708
71.91 -0.15211 0.0899572 -0.0243614 0.751058 -0.00149824 0.00178199
71.92 -0.152443 0.0901218 -0.0239297 0.7511 -0.00150207 0.00178994
71.93 -0.152774 0.0902941 -0.0234959 0.751172 -0.00150419 0.00180314
71.94 -0.153095 0.0904522 -0.0230662 0.751249 -0.00150749 0.00181315
71.95 -0.153409 0.0906096 -0.0226376 0.75132 -0.00150867 0.00182307
71.96 -0.153714 0.0907752 -0.0222099 0.751349 -0.00151223 0.0018348
71.97 -0.154009 0.0909205 -0.0217877 0.751359 -0.00151308 0.00183881
71.98 -0.154297 0.0910781 -0.0213621 0.751358 -0.00151678 0.00184499
71.99 -0.154579 0.0912122 -0.0209434 0.751374 -0.00151787 0.00184008
72 -0.154857 0.0914076 -0.0205142 0.751428 -0.00152262 0.00184826
72.01 -0.15513 0.0916157 -0.0201015 0.751495 -0.0015235 0.00185215
72.02 -0.155391 0.0918994 -0.019685 0.75158 -0.00152613 0.00187197
72.03 -0.155639 0.0921717 -0.0192805 0.751623 -0.00152685 0.00188213
72.04 -0.155875 0.0924556 -0.0188727 0.751655 -0.00152867 0.0018923
72.05 -0.1561 0.0927116 -0.018472 0.751643 -0.00152998 0.00189078
72.06 -0.156315 0.0929734 -0.0180676 0.751653 -0.00153184 0.00188668
72.07 -0.156524 0.0932671 -0.0176646 0.751667 -0.00153427 0.0018874
72.08 -0.156724 0.0935916 -0.0172595 0.751734 -0.00153652 0.00189047
72.09 -0.156914 0.0939696 -0.0168595 0.7518 -0.00153838 0.00190654
72.1 -0.15709 0.0943371 -0.0164625 0.751876 -0.00153893 0.00191516
72.11 -0.157249 0.094712 -0.0160663 0.751912 -0.00153998 0.00192962
72.12 -0.157393 0.0950306 -0.0156747 0.751926 -0.00153921 0.00192662
72.13 -0.157524 0.0953417 -0.0152713 0.751922 -0.0015412 0.00192892
72.14 -0.157646 0.0956186 -0.01487 0.751924 -0.00154166 0.00192038
72.15 -0.15776 0.0959124 -0.0144552 0.751969 -0.00154465 0.00192435
72.16 -0.157865 0.0962045 -0.0140471 0.752021 -0.00154512 0.00192755
72.17 -0.157956 0.0965059 -0.0136322 0.752119 -0.00154653 0.00194205
72.18 -0.158034 0.0967753 -0.0132237 0.752158 -0.00154564 0.00195173
72.19 -0.158096 0.0969929 -0.0128074 0.752219 -0.00154585 0.0019583
72.2 -0.158145 0.097156 -0.0123931 0.752196 -0.00154462 0.00195798
72.21 -0.158183 0.0972587 -0.0119661 0.752225 -0.00154536 0.00195119
72.22 -0.158217 0.0973477 -0.0115296 0.752217 -0.00154697 0.0019497
72.23 -0.158246 0.0974073 -0.0110909 0.752291 -0.00154821 0.00194672
72.24 -0.158269 0.097486 -0.0106454 0.752349 -0.00154997 0.00195826
72.25 -0.15828 0.0975302 -0.0102137 0.75244 -0.00154841 0.00196533
72.26 -0.15828 0.0975576 -0.00976803 0.752491 -0.00154904 0.00197882
72.27 -0.158267 0.0975094 -0.00933698 0.752518 -0.00154656 0.0019769
72.28 -0.158247 0.0974267 -0.00888755 0.752524 -0.0015472 0.00197621
72.29 -0.158221 0.0972989 -0.00844319 0.752525 -0.00154687 0.00196592
72.3 -0.158196 0.0971777 -0.00798367 0.752562 -0.00154901 0.00196397
72.31 -0.158167 0.0970668 -0.00752602 0.752615 -0.00155109 0.00196434
72.32 -0.158133 0.0969735 -0.00707858 0.752703 -0.00155053 0.00197205
72.33 -0.158086 0.0968932 -0.00663071 0.752766 -0.00155096 0.00198263
72.34 -0.158028 0.0967839 -0.00619863 0.75282 -0.00154791 0.0019861
72.35 -0.157958 0.0966628 -0.00575488 0.752825 -0.00154833 0.0019866
72.36 -0.157882 0.0965085 -0.00532165 0.752833 -0.00154661 0.00197592
72.37 -0.157801 0.0963803 -0.00487236 0.752833 -0.00154893 0.0019705
72.38 -0.157719 0.0962677 -0.0044311 0.752877 -0.00154998 0.00196299
72.39 -0.15763 0.0962182 -0.00398738 0.752936 -0.00155193 0.00196842
72.4 -0.157531 0.0961901 -0.00356063 0.753015 -0.00155121 0.00197203
72.41 -0.157415 0.0961949 -0.0031398 0.753074 -0.00154951 0.00198074
72.42 -0.157284 0.0961842 -0.00272463 0.753102 -0.00154791 0.00197972
72.43 -0.157139 0.0961751 -0.00231238 0.753107 -0.00154549 0.00197547
72.44 -0.156986 0.096155 -0.0018876 0.753097 -0.001547 0.00196456
72.45 -0.156826 0.0961607 -0.00146627 0.753116 -0.00154711 0.00195484
72.46 -0.156662 0.0961995 -0.00103323 0.753154 -0.00155067 0.00195119
72.47 -0.156487 0.0962782 -0.00061772 0.753226 -0.00155004 0.00195144
72.48 -0.156295 0.0963886 -0.000207072 0.753295 -0.00154892 0.00196035
72.49 -0.156073 0.0965092 0.000203726 0.753342 -0.00154864 0.00196576
72.5 -0.155825 0.0966137 0.000611516 0.753368 -0.00154783 0.0019712
72.51 -0.155558 0.0966237 0.0010036 0.753352 -0.00154233 0.00195073
72.52 -0.155282 0.0966243 0.00142974 0.753367 -0.00154336 0.00193495
72.53 -0.155005 0.096634 0.00185006 0.753368 -0.00154311 0.00191978
72.54 -0.154723 0.0967031 0.00228958 0.753445 -0.00154584 0.00192569
72.55 -0.154432 0.0967606 0.00271823 0.753495 -0.00154655 0.00193059
72.56 -0.154127 0.0967937 0.00313533 0.753588 -0.00154323 0.00193685
72.57 -0.153805 0.0967568 0.00355903 0.75361 -0.00154179 0.00193236
72.58 -0.153473 0.0966675 0.00397501 0.753641 -0.00153721 0.00192191
72.59 -0.153134 0.0965432 0.00441921 0.753624 -0.00153895 0.00191206
72.6 -0.152794 0.096386 0.00486032 0.753641 -0.00153842 0.00189925
72.61 -0.152455 0.0962242 0.00532587 0.753672 -0.00154314 0.00189623
72.62 -0.152113 0.0960289 0.00577174 0.75374 -0.00154224 0.00188844
72.63 -0.151761 0.0958356 0.00622386 0.753821 -0.0015428 0.00189268
72.64 -0.151396 0.0955972 0.00665434 0.75388 -0.00153812 0.00188848
72.65 -0.151017 0.095334 0.0070975 0.753923 -0.00153618 0.00188913
72.66 -0.150654 0.0950166 0.00756598 0.753915 -0.0015392 0.00187664
72.67 -0.15031 0.094675 0.00803985 0.753929 -0.00154337 0.00186458
72.68 -0.149956 0.0943168 0.00848819 0.753925 -0.00154139 0.00185008
72.69 -0.149592 0.0939672 0.00894842 0.753997 -0.00154255 0.0018425
72.7 -0.149222 0.0936323 0.00939831 0.754048 -0.00154175 0.00183959
72.71 -0.148838 0.0933026 0.00983301 0.754147 -0.00153757 0.00183878
72.72 -0.148438 0.0929634 0.0102763 0.754176 -0.00153678 0.00183712
72.73 -0.148026 0.0926042 0.0106999 0.754215 -0.0015309 0.00182825
72.74 -0.147606 0.0922243 0.0111544 0.754192 -0.00153394 0.00181558
72.75 -0.147184 0.0918436 0.0115951 0.754201 -0.00153262 0.00179753
72.76 -0.146763 0.0914889 0.0120612 0.754216 -0.0015394 0.00178546
72.77 -0.146338 0.0911703 0.0124981 0.754272 -0.00153842 0.00177479
72.78 -0.145901 0.0909033 0.0129387 0.754348 -0.00154124 0.00177469
72.79 -0.145445 0.0906457 0.0133408 0.754406 -0.00153473 0.00176954
72.8 -0.144968 0.0904084 0.0137505 0.754451 -0.00153245 0.00176633
72.81 -0.144477 0.0901487 0.0141543 0.754443 -0.00152861 0.00175213
72.82 -0.143978 0.0899016 0.0145691 0.754441 -0.00152827 0.00173657
72.83 -0.143479 0.0896583 0.0150029 0.754432 -0.00153239 0.00171851
72.84 -0.142977 0.0894589 0.0154187 0.754466 -0.00153281 0.00170509
72.85 -0.142469 0.0892916 0.0158491 0.754526 -0.00153709 0.00169824
72.86 -0.141944 0.0891536 0.0162332 0.754592 -0.00153142 0.00169243
72.87 -0.1414 0.0890238 0.0166343 0.754654 -0.00153042 0.00169024
72.88 -0.140836 0.0888675 0.0170027 0.754667 -0.00152179 0.00167726
72.89 -0.140262 0.0886996 0.0174115 0.754673 -0.00152299 0.00166559
72.9 -0.139684 0.0884984 0.017811 0.754651 -0.00152066 0.00164379
72.91 -0.139109 0.0883058 0.0182425 0.754672 -0.00152609 0.0016291
72.92 -0.138532 0.0881148 0.0186619 0.754704 -0.00152732 0.00161542
72.93 -0.137949 0.0879326 0.019075 0.754782 -0.00152771 0.00160899
72.94 -0.137348 0.0877324 0.0194748 0.754844 -0.00152412 0.00160242
72.95 -0.136731 0.0875034 0.019862 0.754898 -0.00151812 0.00159423
72.96 -0.136099 0.087226 0.0202666 0.754909 -0.00151496 0.00158205
72.97 -0.135461 0.086901 0.0206709 0.754904 -0.00151132 0.0015636
72.98 -0.134825 0.0865415 0.0211182 0.754903 -0.00151637 0.00154671
72.99 -0.134195 0.0861557 0.0215486 0.75492 -0.00151637 0.00152784
73 -0.13356 0.0857639 0.0219993 0.754987 -0.00152103 0.00151809
73.01 -0.13292 0.0853542 0.0224183 0.755046 -0.00151722 0.00150775
73.02 -0.132262 0.0849187 0.0228396 0.755133 -0.00151484 0.00150135
73.03 -0.131588 0.0844433 0.0232424 0.755147 -0.00150729 0.00148909
73.04 -0.130903 0.0839236 0.0236671 0.755181 -0.00150545 0.00147486
73.05 -0.130216 0.0833642 0.0240939 0.755144 -0.00150324 0.00145482
73.06 -0.129531 0.0827897 0.0245488 0.755177 -0.00150767 0.00143684
73.07 -0.12885 0.0822074 0.0249941 0.755183 -0.00150973 0.00142034
73.08 -0.128172 0.0816484 0.0254253 0.755268 -0.00150977 0.00141195
73.09 -0.12749 0.0810839 0.0258448 0.755321 -0.00150827 0.0014064
73.1 -0.126788 0.0804806 0.0262431 0.755388 -0.00150118 0.0013897
73.11 -0.126069 0.0798618 0.0266496 0.755407 -0.00149779 0.00137227
73.12 -0.125336 0.0792484 0.0270461 0.755403 -0.00149146 0.00135105
73.13 -0.1246 0.0786596 0.0274785 0.755399 -0.00149563 0.00133708
73.14 -0.123862 0.0780916 0.0278944 0.755397 -0.00149492 0.00132132
73.15 -0.123123 0.0775359 0.028326 0.755447 -0.00150052 0.00130805
73.16 -0.122373 0.0769958 0.0287168 0.755494 -0.00149602 0.00129163
73.17 -0.121605 0.0764819 0.0291038 0.755571 -0.00149402 0.00127837
73.18 -0.120816 0.0759924 0.0294647 0.755598 -0.00148556 0.00126492
73.19 -0.120009 0.0755232 0.0298308 0.75562 -0.00148107 0.00125085
73.2 -0.119183 0.0750813 0.0302152 0.755598 -0.00148089 0.00123855
73.21 -0.118348 0.0746487 0.0305975 0.755598 -0.00148191 0.00122115
73.22 -0.117508 0.0742037 0.0309823 0.755605 -0.00148286 0.00119947
73.23 -0.116665 0.0737838 0.0313567 0.755654 -0.00148186 0.00117662
73.24 -0.115812 0.0734039 0.0317228 0.755711 -0.00148056 0.00116357
73.25 -0.114942 0.073067 0.0320616 0.75577 -0.00147259 0.00115389
73.26 -0.114055 0.0727206 0.0324111 0.755799 -0.00146938 0.00114422
73.27 -0.113156 0.0723566 0.0327468 0.755801 -0.00146119 0.00112608
73.28 -0.112254 0.0719673 0.0331172 0.755791 -0.00146317 0.00110573
73.29 -0.111354 0.0715757 0.0334836 0.755787 -0.00146161 0.00108338
73.3 -0.110459 0.0711949 0.0338705 0.755817 -0.00146688 0.00106798
73.31 -0.10956 0.070811 0.0342314 0.755867 -0.00146392 0.00105348
73.32 -0.108652 0.0704191 0.0345922 0.755934 -0.00146272 0.00104186
73.33 -0.107728 0.0699865 0.0349273 0.755986 -0.00145434 0.00102541
73.34 -0.106789 0.069531 0.0352714 0.756006 -0.00144852 0.00100824
73.35 -0.105842 0.0690344 0.0356281 0.756013 -0.00144498 0.000988861
73.36 -0.104894 0.068524 0.0359957 0.755994 -0.00144294 0.000970625
73.37 -0.103953 0.0679854 0.0363957 0.756019 -0.00144816 0.000955071
73.38 -0.103013 0.0674162 0.0367687 0.756039 -0.00144578 0.000936608
73.39 -0.102069 0.0668223 0.0371596 0.756122 -0.00144817 0.000922112
73.4 -0.101111 0.0661922 0.0375038 0.756163 -0.00143874 0.000902978
73.41 -0.100137 0.0655461 0.0378715 0.756229 -0.00143585 0.000888689
73.42 -0.0991474 0.0648631 0.0382125 0.756225 -0.00142554 0.00086927
73.43 -0.0981526 0.0641647 0.0385961 0.756234 -0.00142586 0.000852768
73.44 -0.0971574 0.0634398 0.0389758 0.756219 -0.00142403 0.000833732
73.45 -0.0961657 0.0627049 0.0393724 0.756241 -0.00142658 0.000816007
73.46 -0.0951719 0.0619582 0.0397613 0.756285 -0.00142723 0.000799138
73.47 -0.0941683 0.0612054 0.0401217 0.756342 -0.00142191 0.000781102
73.48 -0.0931482 0.0604502 0.0404853 0.756406 -0.00141831 0.00076519
73.49 -0.0921089 0.0596912 0.0408118 0.756424 -0.00140656 0.000745518
73.5 -0.091055 0.0589419 0.0411751 0.756441 -0.00140464 0.000729271
73.51 -0.0899961 0.0581986 0.04152 0.756411 -0.00139799 0.000709601
73.52 -0.0889378 0.0574698 0.0419046 0.756425 -0.00140235 0.000692882
73.53 -0.0878798 0.0567604 0.0422602 0.756427 -0.00139942 0.000675115
73.54 -0.0868178 0.0560636 0.0426211 0.756493 -0.00140056 0.000657796
73.55 -0.0857434 0.0553873 0.0429474 0.75653 -0.00139391 0.000639634
73.56 -0.0846521 0.0547307 0.0432583 0.756594 -0.00138634 0.000621154
73.57 -0.0835415 0.0540954 0.0435626 0.756591 -0.00137809 0.000602648
73.58 -0.0824219 0.0534907 0.0438716 0.756601 -0.00137204 0.000584692
73.59 -0.0812997 0.0529042 0.0441967 0.756571 -0.00137104 0.000567521
73.6 -0.0801799 0.0523492 0.0445188 0.756582 -0.00136914 0.000550711
73.61 -0.0790622 0.0517995 0.0448494 0.756604 -0.00137159 0.00053377
73.62 -0.0779402 0.0512705 0.045144 0.756657 -0.00136489 0.000514913
73.63 -0.0768057 0.0507392 0.0454398 0.756714 -0.00136197 0.000495843
73.64 -0.0756553 0.0502308 0.0456972 0.756745 -0.00134867 0.000476063
73.65 -0.0744917 0.049728 0.0459804 0.756763 -0.00134458 0.000459263
73.66 -0.0733236 0.0492378 0.0462545 0.756742 -0.0013363 0.000441405
73.67 -0.0721583 0.0487474 0.0465609 0.756743 -0.00133741 0.00042669
73.68 -0.0709993 0.0482424 0.0468626 0.756746 -0.00133591 0.0004078
73.69 -0.0698423 0.04773 0.0471627 0.756791 -0.00133503 0.000391316
73.7 -0.0686802 0.0471912 0.0474459 0.756847 -0.00133008 0.000371116
73.71 -0.067505 0.0466421 0.04771 0.756899 -0.00132078 0.000352516
73.72 -0.0663172 0.0460678 0.0479818 0.756936 -0.00131403 0.000333112
73.73 -0.0650926 0.0454815 0.04821 0.756936 -0.00129631 0.000316722
73.74 -0.0638453 0.0448597 0.0484962 0.756937 -0.00129274 0.000301605
73.75 -0.0626149 0.0442142 0.0488062 0.756926 -0.00129216 0.000284526
73.76 -0.0614019 0.0435281 0.0491314 0.756956 -0.00129624 0.000267084
73.77 -0.0601872 0.0428181 0.0494333 0.756994 -0.00129263 0.000247796
73.78 -0.0589682 0.0420773 0.0497248 0.757059 -0.00128897 0.000230137
73.79 -0.0577325 0.0413129 0.0499916 0.757103 -0.00127766 0.000210309
73.8 -0.0564834 0.0405284 0.0502588 0.757131 -0.00126859 0.000192896
73.81 -0.0552241 0.0397315 0.0505365 0.75713 -0.00125999 0.000175523
73.82 -0.0539647 0.0389221 0.050824 0.75712 -0.00125503 0.000160301
73.83 -0.052708 0.0381033 0.0511302 0.757125 -0.00125298 0.000145783
73.84 -0.0514556 0.0372686 0.0514256 0.757145 -0.00124956 0.000130514
73.85 -0.0501994 0.0364065 0.0517187 0.757202 -0.00124567 0.000111012
73.86 -0.0489342 0.035548 0.0519827 0.757242 -0.0012359 9.26106e-05
73.87 -0.0476529 0.0346764 0.0522432 0.757296 -0.00122668 7.16021e-05
73.88 -0.0463599 0.0338389 0.0524947 0.757287 -0.0012152 5.58328e-05
73.89 -0.04506 0.0330095 0.0527602 0.7573 -0.00120878 4.0936e-05
73.9 -0.0437613 0.0322093 0.0530314 0.757263 -0.00120295 2.82524e-05
73.91 -0.0424673 0.0314132 0.053312 0.757291 -0.00120117 1.4697e-05
73.92 -0.0411754 0.0306276 0.0535771 0.757296 -0.0011959 -1.94105e-06
73.93 -0.0398794 0.0298455 0.0538331 0.757364 -0.00119048 -2.09481e-05
73.94 -0.0385733 0.0290889 0.05406 0.757392 -0.00117939 -4.02396e-05
73.95 -0.0372536 0.0283648 0.054285 0.757431 -0.00116918 -5.70669e-05
73.96 -0.0359365 0.0276906 0.0544944 0.757422 -0.00115763 -6.75182e-05
73.97 -0.0346255 0.0270525 0.0547172 0.757407 -0.00114933 -7.42893e-05
73.98 -0.0333218 0.0263805 0.0549682 0.757399 -0.0011482 -9.36784e-05
73.99 -0.0320236 0.0257319 0.0552025 0.757403 -0.00114266 -0.000113224
74 -0.0307268 0.0250978 0.0554444 0.757453 -0.0011408 -0.000132129
74.01 -0.0294227 0.0245123 0.0556468 0.757487 -0.00112974 -0.000145647
74.02 -0.0281078 0.0239343 0.0558514 0.757545 -0.00112097 -0.000158502
74.03 -0.0267797 0.0233724 0.0560363 0.757546 -0.00110774 -0.000172659
74.04 -0.0254468 0.0227998 0.0562393 0.757556 -0.00109973 -0.000188959
74.05 -0.0241136 0.02225 0.0564478 0.757527 -0.00109311 -0.000202715
74.06 -0.022788 0.0217029 0.0566662 0.757539 -0.00108883 -0.000214015
74.07 -0.0214675 0.0211573 0.0568886 0.757551 -0.00108624 -0.000224611
74.08 -0.020148 0.0205884 0.0570893 0.757608 -0.00107799 -0.000237671
74.09 -0.0188207 0.0199839 0.0572879 0.757652 -0.00107109 -0.000256039
74.1 -0.0174829 0.0193693 0.0574645 0.757697 -0.00105753 -0.000273634
74.11 -0.0161354 0.0187386 0.0576544 0.757705 -0.00104901 -0.000290294
74.12 -0.0147847 0.018125 0.0578463 0.7577 -0.00103831 -0.000299659
74.13 -0.0134385 0.0174849 0.0580625 0.75769 -0.00103513 -0.000308814
74.14 -0.0120998 0.0168353 0.0582794 0.757696 -0.00102928 -0.000316016
74.15 -0.0107661 0.0161223 0.0584985 0.757733 -0.0010264 -0.000330346
74.16 -0.00943098 0.015381 0.0587039 0.75778 -0.00101809 -0.000347119
74.17 -0.00808741 0.0146048 0.0588928 0.757834 -0.00100837 -0.000364776
74.18 -0.00673295 0.0138232 0.0590819 0.75786 -0.000996935 -0.000380638
74.19 -0.00537207 0.0130406 0.05927 0.757866 -0.000986388 -0.000391101
74.2 -0.00401058 0.0122551 0.0594768 0.757854 -0.000979081 -0.000399647
74.21 -0.00265483 0.0114603 0.0596894 0.757841 -0.000973204 -0.000406449
74.22 -0.00130713 0.0106401 0.0599122 0.757862 -0.000970154 -0.000416423
74.23 3.80803e-05 0.00979876 0.0601165 0.757886 -0.000962715 -0.000429654
74.24 0.00138556 0.00893126 0.0603178 0.75795 -0.000956579 -0.000446966
74.25 0.00274281 0.00807999 0.0604888 0.757972 -0.000942936 -0.000462199
74.26 0.00410876 0.00723865 0.0606691 0.758006 -0.000933901 -0.000474535
74.27 0.00547966 0.0064336 0.0608407 0.75798 -0.000921627 -0.000483113
74.28 0.00684747 0.00563834 0.0610302 0.757978 -0.000915873 -0.000489882
74.29 0.0082083 0.00486611 0.0612233 0.757957 -0.000909965 -0.000497296
74.3 0.00956071 0.00409078 0.0614099 0.757981 -0.000905096 -0.000507038
74.31 0.010911 0.00332983 0.0615907 0.758015 -0.000899018 -0.000519892
74.32 0.0122653 0.0025773 0.0617388 0.758056 -0.000887782 -0.000534464
74.33 0.0136276 0.00185737 0.0618908 0.758092 -0.000878206 -0.000548148
74.34 0.014997 0.00117414 0.062017 0.758086 -0.000864083 -0.000559161
74.35 0.0163663 0.000532048 0.0621717 0.758084 -0.000857282 -0.000566583
74.36 0.0177298 -7.06433e-05 0.0623142 0.75805 -0.00084826 -0.000571533
74.37 0.0190829 -0.000659821 0.0624758 0.758066 -0.000844775 -0.000577504
74.38 0.0204292 -0.00123352 0.0626207 0.75807 -0.000838094 -0.000586144
74.39 0.0217722 -0.00182218 0.062755 0.758132 -0.000830488 -0.000600921
74.4 0.0231209 -0.00238032 0.0628742 0.758152 -0.000820239 -0.000614345
74.41 0.0244744 -0.00293137 0.0629801 0.758197 -0.000807571 -0.000627789
74.42 0.0258328 -0.00343872 0.0630959 0.758176 -0.000797798 -0.000636008
74.43 0.0271869 -0.00392905 0.0632118 0.758179 -0.000787387 -0.000640242
74.44 0.0285331 -0.004408 0.0633497 0.758151 -0.000782946 -0.000644743
74.45 0.0298673 -0.00489714 0.0634803 0.758174 -0.000775613 -0.000649442
74.46 0.0311956 -0.00541665 0.0636151 0.758198 -0.00077113 -0.000661529
74.47 0.0325219 -0.00595163 0.0637299 0.75825 -0.000760396 -0.000674064
74.48 0.033854 -0.00650357 0.0638401 0.75829 -0.00075084 -0.000688783
74.49 0.0351904 -0.00704616 0.063944 0.758304 -0.000737261 -0.000698297
74.5 0.0365493 -0.00759706 0.0640374 0.75831 -0.000723397 -0.00070404
74.51 0.0379209 -0.00815139 0.0641503 0.758285 -0.000710711 -0.000705645
74.52 0.0392718 -0.00874417 0.0643096 0.758294 -0.000710027 -0.000710482
74.53 0.0406035 -0.00937022 0.0644536 0.758297 -0.000703617 -0.000719773
74.54 0.0419308 -0.0100329 0.0646001 0.758347 -0.000699074 -0.000730501
74.55 0.0432566 -0.0107186 0.0647231 0.758383 -0.000688889 -0.00074384
74.56 0.0445893 -0.0114122 0.0648326 0.758422 -0.000675778 -0.000752753
74.57 0.0459248 -0.012118 0.0649533 0.758431 -0.00066577 -0.000762183
74.58 0.0472604 -0.0128223 0.0650628 0.758419 -0.000651722 -0.000767063
74.59 0.0485892 -0.0135356 0.0652053 0.75841 -0.000646856 -0.000771265
74.6 0.0499085 -0.0142489 0.0653302 0.758401 -0.000635605 -0.000773511
74.61 0.0512172 -0.0149962 0.0654763 0.75843 -0.000632489 -0.000780423
74.62 0.0525236 -0.0157549 0.0655905 0.758459 -0.000619851 -0.000790897
74.63 0.0538288 -0.0165319 0.0657073 0.758505 -0.000611702 -0.00080294
74.64 0.0551402 -0.0172895 0.0658037 0.758521 -0.000596892 -0.000814639
74.65 0.0564512 -0.0180269 0.0659044 0.758522 -0.000586139 -0.000820374
74.66 0.0577598 -0.0187287 0.0660122 0.758503 -0.000575395 -0.000824115
74.67 0.0590584 -0.0194117 0.0661177 0.758485 -0.000566603 -0.000823702
74.68 0.0603462 -0.020093 0.06624 0.758491 -0.000561104 -0.000829717
74.69 0.0616253 -0.0207641 0.0663305 0.758507 -0.000550851 -0.000835308
74.7 0.0629026 -0.0214393 0.0664318 0.758553 -0.00054374 -0.000848857
74.71 0.0641806 -0.0220723 0.0664912 0.758572 -0.000528808 -0.000856799
74.72 0.0654617 -0.0226956 0.066569 0.758599 -0.000519281 -0.000869442
74.73 0.0667411 -0.0232496 0.0666266 0.758571 -0.000505553 -0.000872399
74.74 0.0680142 -0.0237774 0.0667025 0.758571 -0.000497532 -0.000874592
74.75 0.0692769 -0.0242652 0.0667745 0.758536 -0.000488579 -0.000875239
74.76 0.0705281 -0.0247549 0.0668466 0.758569 -0.000481756 -0.000879052
74.77 0.0717723 -0.0252401 0.0669095 0.758576 -0.000473067 -0.000890204
74.78 0.0730142 -0.0257133 0.0669547 0.758635 -0.000462416 -0.000899166
74.79 0.0742573 -0.0261707 0.0669959 0.758644 -0.000450947 -0.000913042
74.8 0.0755006 -0.0265841 0.0670271 0.758664 -0.000438013 -0.000915814
74.81 0.0767399 -0.0269889 0.0670738 0.758643 -0.000428789 -0.000924208
74.82 0.0779715 -0.0273523 0.0671125 0.758628 -0.000417277 -0.000920442
74.83 0.0791906 -0.0277388 0.0671761 0.758629 -0.000412569 -0.000927066
74.84 0.0803988 -0.0281167 0.0672176 0.758638 -0.000401777 -0.000928286
74.85 0.0815999 -0.0285396 0.0672705 0.75869 -0.000395512 -0.000941526
74.86 0.0827996 -0.0289624 0.0672991 0.758709 -0.000382364 -0.000951902
74.87 0.083999 -0.0293945 0.0673324 0.758753 -0.000371656 -0.000962878
74.88 0.0851975 -0.0298147 0.0673668 0.758732 -0.000359385 -0.000969159
74.89 0.0863885 -0.0302284 0.0674078 0.758738 -0.000348961 -0.000969726
74.9 0.0875702 -0.0306587 0.0674653 0.758706 -0.000341128 -0.00097228
74.91 0.0887387 -0.0311027 0.0675157 0.758725 -0.0003314 -0.000971716
74.92 0.0898971 -0.0316098 0.0675825 0.758739 -0.000325824 -0.000983919
74.93 0.0910493 -0.0321259 0.0676226 0.758786 -0.000313144 -0.000991332
74.94 0.0921998 -0.0326848 0.0676748 0.758812 -0.000304627 -0.00100708
74.95 0.0933499 -0.0332165 0.0677073 0.758829 -0.000289541 -0.00101081
74.96 0.094496 -0.0337693 0.0677591 0.758818 -0.000280379 -0.00101791
74.97 0.0956345 -0.0343033 0.0678101 0.758799 -0.000268548 -0.00101673
74.98 0.0967604 -0.0348685 0.0678741 0.758788 -0.000261659 -0.00102097
74.99 0.0978741 -0.0354426 0.0679379 0.758793 -0.000252853 -0.00102546
75 0.0989792 -0.0360385 0.0679895 0.758823 -0.000243912 -0.00103318
75.01 0.10008 -0.0366442 0.0680428 0.758852 -0.000233995 -0.00104422
75.02 0.101179 -0.0372401 0.0680709 0.75888 -0.000220772 -0.00105181
75.03 0.102277 -0.0378332 0.0681175 0.758877 -0.000210657 -0.00106302
75.04 0.103369 -0.0383811 0.0681455 0.758861 -0.00019798 -0.0010633
75.05 0.104452 -0.0389267 0.068197 0.758838 -0.000190371 -0.00106954
75.06 0.105524 -0.0394301 0.0682333 0.758826 -0.000180629 -0.00106654
75.07 0.106584 -0.0399531 0.0682766 0.758844 -0.00017363 -0.00107533
75.08 0.107638 -0.0404501 0.0682993 0.758863 -0.00016301 -0.0010807
75.09 0.108688 -0.0409534 0.0683173 0.758906 -0.000153446 -0.0010946
75.1 0.109738 -0.0414107 0.0683215 0.758904 -0.000140695 -0.00110322
75.11 0.110784 -0.0418391 0.068326 0.758915 -0.000130354 -0.00111106
75.12 0.111825 -0.0422104 0.0683337 0.758876 -0.000119832 -0.00111365
75.13 0.112855 -0.0425515 0.0683382 0.758872 -0.000111062 -0.00111271
75.14 0.113874 -0.0428778 0.0683497 0.758858 -0.000103508 -0.00111809
75.15 0.114883 -0.0431922 0.0683431 0.758885 -9.41537e-05 -0.00112162
75.16 0.115886 -0.043512 0.0683411 0.758916 -8.63354e-05 -0.00113683
75.17 0.116886 -0.0438002 0.0683126 0.75894 -7.36651e-05 -0.00114404
75.18 0.117883 -0.0440749 0.068299 0.758959 -6.51022e-05 -0.00115789
75.19 0.118876 -0.0442948 0.0682661 0.758934 -5.17578e-05 -0.00115755
75.2 0.119861 -0.0445101 0.0682568 0.758931 -4.48404e-05 -0.00116363
75.21 0.120835 -0.0446992 0.0682375 0.758899 -3.45981e-05 -0.00116154
75.22 0.121795 -0.0449192 0.0682299 0.758928 -2.85985e-05 -0.0011709
75.23 0.122747 -0.0451351 0.0682104 0.758934 -1.91152e-05 -0.00117709
75.24 0.123693 -0.0453734 0.068185 0.75899 -9.51295e-06 -0.00118922
75.25 0.124636 -0.0456103 0.0681608 0.758993 5.20868e-07 -0.00119962
75.26 0.125573 -0.0458446 0.0681296 0.759015 1.22469e-05 -0.00120696
75.27 0.126505 -0.0460792 0.0681153 0.758981 2.06121e-05 -0.00121355
75.28 0.127427 -0.0463051 0.0680943 0.758977 3.14411e-05 -0.00121289
75.29 0.128337 -0.046564 0.0680948 0.758957 3.70709e-05 -0.00121931
75.3 0.129234 -0.0468313 0.0680786 0.758981 4.75435e-05 -0.00122054
75.31 0.130123 -0.0471583 0.0680749 0.759004 5.40101e-05 -0.00123537
75.32 0.131006 -0.047482 0.0680519 0.759036 6.63053e-05 -0.00124178
75.33 0.131885 -0.0478436 0.0680406 0.759052 7.46789e-05 -0.00125703
75.34 0.132759 -0.0481787 0.0680218 0.759038 8.68477e-05 -0.00125964
75.35 0.133641 -0.0485346 0.0679991 0.759026 9.81816e-05 -0.00126488
75.36 0.134528 -0.0488879 0.0679849 0.758992 0.000109813 -0.00126373
75.37 0.135394 -0.0492743 0.0679945 0.759003 0.000114075 -0.00126916
75.38 0.136243 -0.0496832 0.0679911 0.759003 0.000122812 -0.00127854
75.39 0.137085 -0.0500993 0.0679839 0.759043 0.000130269 -0.00128804
75.4 0.137919 -0.0505218 0.0679699 0.759052 0.00013982 -0.00130103
75.41 0.13875 -0.0509069 0.0679404 0.759063 0.000151754 -0.00130423
75.42 0.139573 -0.0512981 0.0679282 0.759043 0.000159351 -0.00131362
75.43 0.140389 -0.0516409 0.067894 0.759017 0.000172074 -0.00131178
75.44 0.141193 -0.0520019 0.0678846 0.759003 0.000176992 -0.00132032
75.45 0.141987 -0.0523174 0.0678483 0.758997 0.00018895 -0.00132018
75.46 0.14277 -0.0526557 0.0678246 0.759024 0.00019434 -0.00133167
75.47 0.143546 -0.0529532 0.0677787 0.75904 0.000206282 -0.00133833
75.48 0.144315 -0.0532481 0.067735 0.759063 0.000213882 -0.00135013
75.49 0.14508 -0.0534925 0.0676824 0.759053 0.000225248 -0.00135746
75.5 0.145835 -0.0536996 0.0676299 0.759036 0.000233544 -0.00136067
75.51 0.146583 -0.0538754 0.0675773 0.759013 0.000242783 -0.00136575
75.52 0.147319 -0.0540107 0.0675197 0.758998 0.000250942 -0.00136433
75.53 0.148044 -0.0541554 0.0674659 0.759014 0.000257812 -0.00137512
75.54 0.148759 -0.0542589 0.0673919 0.75903 0.000268095 -0.00137774
75.55 0.149468 -0.0543803 0.0673277 0.759067 0.000274905 -0.00139434
75.56 0.150163 -0.0544583 0.0672401 0.759063 0.000287961 -0.0014005
75.57 0.150845 -0.0545402 0.0671727 0.759071 0.000295202 -0.00141544
75.58 0.151515 -0.0545366 0.0671022 0.759032 0.000303859 -0.00141011
75.59 0.152175 -0.0545348 0.0670319 0.759034 0.000310443 -0.00141111
75.6 0.152825 -0.0545297 0.0669591 0.759014 0.000319021 -0.00141099
75.61 0.153466 -0.0545618 0.0668852 0.759052 0.000325607 -0.00142181
75.62 0.1541 -0.054606 0.0668027 0.75906 0.000335782 -0.00143548
75.63 0.154728 -0.054632 0.0667276 0.759099 0.000342617 -0.00144348
75.64 0.155349 -0.0546576 0.0666442 0.759089 0.000353417 -0.00145219
75.65 0.155965 -0.0546541 0.0665722 0.759083 0.000360762 -0.00144927
75.66 0.156572 -0.0546944 0.0665009 0.759058 0.000369662 -0.00145794
75.67 0.157169 -0.0547195 0.0664315 0.759041 0.000377686 -0.00145567
75.68 0.157755 -0.0548045 0.0663695 0.759055 0.000384586 -0.00146854
75.69 0.15833 -0.0548726 0.0663004 0.759061 0.000393463 -0.00146929
75.7 0.158897 -0.0549896 0.0662379 0.759104 0.000400331 -0.00148188
75.71 0.159456 -0.055093 0.0661707 0.759095 0.000409907 -0.00148401
75.72 0.160007 -0.0552299 0.066111 0.759112 0.000416649 -0.00149329
75.73 0.160551 -0.0553597 0.0660472 0.759067 0.000426564 -0.00149575
75.74 0.161084 -0.0554978 0.0659933 0.759065 0.00043254 -0.00149815
75.75 0.161607 -0.0556515 0.0659315 0.759034 0.000442033 -0.00150202
75.76 0.162118 -0.055803 0.0658793 0.759056 0.000447564 -0.00150228
75.77 0.162619 -0.0559986 0.0658157 0.759065 0.000456486 -0.00151393
75.78 0.163112 -0.0561627 0.0657558 0.759091 0.000463419 -0.00151505
75.79 0.163596 -0.0563608 0.0656907 0.759092 0.000471589 -0.00152781
75.8 0.164072 -0.0565035 0.0656289 0.759078 0.000478826 -0.00152564
75.81 0.164539 -0.056664 0.0655619 0.759054 0.000486295 -0.00153303
75.82 0.164997 -0.0567754 0.0654948 0.759028 0.00049388 -0.00152886
75.83 0.165445 -0.0569077 0.0654233 0.759026 0.000500478 -0.00153585
75.84 0.165882 -0.0570063 0.0653464 0.759033 0.000508379 -0.00153738
75.85 0.16631 -0.0570992 0.0652676 0.759061 0.000514414 -0.00154359
75.86 0.166729 -0.05717 0.0651817 0.759072 0.000522431 -0.00155015
75.87 0.16714 -0.0572019 0.0650967 0.759076 0.000528243 -0.00155257
75.88 0.167543 -0.0572146 0.0650036 0.759054 0.000536214 -0.00155874
75.89 0.167937 -0.05717 0.0649145 0.759033 0.000541526 -0.0015551
75.9 0.168323 -0.0571244 0.0648116 0.759017 0.000549698 -0.00156124
75.91 0.168699 -0.0570274 0.0647133 0.759018 0.000555182 -0.00155751
75.92 0.169066 -0.056945 0.0646018 0.759044 0.000562938 -0.00156785
75.93 0.169423 -0.0568096 0.0644973 0.75906 0.000568319 -0.0015668
75.94 0.169772 -0.0566765 0.0643839 0.759086 0.000574903 -0.00157613
75.95 0.170111 -0.0564958 0.0642757 0.759068 0.000580628 -0.00157487
75.96 0.170444 -0.0563084 0.064159 0.759066 0.000587051 -0.00157953
75.97 0.170768 -0.0560904 0.0640447 0.75903 0.000593832 -0.00157771
75.98 0.171084 -0.05587 0.0639266 0.759036 0.000599746 -0.00157939
75.99 0.171388 -0.0556486 0.0638094 0.759037 0.000606643 -0.00158203
76 0.171684 -0.0554176 0.063692 0.759068 0.000611905 -0.00158254
76.01 0.171968 -0.0552072 0.0635751 0.759091 0.000618622 -0.00158962
76.02 0.172243 -0.054974 0.0634642 0.759095 0.000623024 -0.00158786
76.03 0.172509 -0.0547696 0.0633497 0.759096 0.000629858 -0.00159476
76.04 0.172766 -0.0545379 0.0632452 0.759059 0.000634179 -0.00158903
76.05 0.173013 -0.0543462 0.0631286 0.75906 0.000642093 -0.00159433
76.06 0.173253 -0.0541399 0.0630261 0.759034 0.00064694 -0.00158847
76.07 0.17348 -0.0539806 0.0629133 0.759073 0.000654305 -0.00159432
76.08 0.173698 -0.0538214 0.0628154 0.759072 0.00065895 -0.00159267
76.09 0.173903 -0.0536921 0.0627137 0.759112 0.000664584 -0.00159707
76.1 0.174098 -0.0535683 0.0626204 0.759091 0.000669353 -0.00159679
76.11 0.174284 -0.0534525 0.0625257 0.759091 0.000674574 -0.00159586
76.12 0.174461 -0.0533568 0.0624306 0.759051 0.000680536 -0.0015961
76.13 0.17463 -0.0532584 0.0623349 0.759045 0.000686401 -0.00159204
76.14 0.174789 -0.0531925 0.0622357 0.759036 0.000693185 -0.00159494
76.15 0.174937 -0.0531129 0.0621441 0.759058 0.000697844 -0.00159037
76.16 0.175075 -0.0530654 0.0620462 0.759076 0.000704023 -0.00159549
76.17 0.1752 -0.0529934 0.0619621 0.759085 0.000706837 -0.00159099
76.18 0.175316 -0.0529388 0.0618646 0.759082 0.000712722 -0.00159484
76.19 0.175423 -0.0528508 0.0617747 0.75905 0.00071639 -0.00158859
76.2 0.175523 -0.052772 0.0616702 0.759038 0.000722966 -0.00159001
76.21 0.175615 -0.0526664 0.0615682 0.759011 0.00072799 -0.00158544
76.22 0.175698 -0.0525566 0.0614564 0.759034 0.00073444 -0.00158578
76.23 0.175771 -0.0524219 0.0613485 0.759037 0.000739067 -0.00158345
76.24 0.175832 -0.0522689 0.0612406 0.759073 0.000742983 -0.0015822
76.25 0.175882 -0.0520984 0.061132 0.759067 0.000746585 -0.00158304
76.26 0.175923 -0.0518897 0.06102 0.759065 0.000750108 -0.00157906
76.27 0.175957 -0.0516626 0.0608965 0.759038 0.000755619 -0.00157955
76.28 0.175985 -0.0513914 0.060771 0.75902 0.000760503 -0.00157257
76.29 0.176005 -0.0511151 0.0606348 0.75902 0.000766864 -0.00157468
76.3 0.176014 -0.0507921 0.0605065 0.759028 0.000770632 -0.00156767
76.31 0.176013 -0.0504686 0.0603671 0.759062 0.000775934 -0.00157085
76.32 0.176 -0.0501015 0.060241 0.759072 0.0007782 -0.00156474
76.33 0.175976 -0.0497313 0.0601038 0.759086 0.000782159 -0.00156689
76.34 0.175943 -0.0493241 0.0599724 0.759065 0.000785205 -0.00156089
76.35 0.175902 -0.0489095 0.059829 0.759049 0.000790025 -0.00155962
76.36 0.175854 -0.0484767 0.059685 0.759034 0.000795285 -0.00155484
76.37 0.175796 -0.048039 0.0595375 0.759037 0.000800401 -0.00155194
76.38 0.175729 -0.0476059 0.0593904 0.759062 0.000805804 -0.0015513
76.39 0.175649 -0.047157 0.0592544 0.759079 0.00080846 -0.00154616
76.4 0.175556 -0.0467249 0.0591169 0.759105 0.000812035 -0.00154622
76.41 0.175452 -0.046278 0.058989 0.759089 0.0008139 -0.00153875
76.42 0.175338 -0.0458603 0.0588531 0.759086 0.000818003 -0.00153913
76.43 0.175216 -0.0454338 0.0587187 0.759048 0.000822109 -0.00153118
76.44 0.175087 -0.0450429 0.0585752 0.759055 0.000828457 -0.00153211
76.45 0.174948 -0.0446459 0.058441 0.759045 0.00083282 -0.00152432
76.46 0.174799 -0.0442806 0.0583074 0.759082 0.000837555 -0.00152337
76.47 0.174637 -0.0439207 0.0581873 0.759087 0.000839606 -0.00151669
76.48 0.174461 -0.0435865 0.0580718 0.759108 0.000841445 -0.00151385
76.49 0.174274 -0.0432691 0.0579534 0.759085 0.000844251 -0.00150939
76.5 0.174081 -0.0429677 0.0578331 0.759069 0.000848009 -0.00150539
76.51 0.173881 -0.0426825 0.0577043 0.759045 0.000853435 -0.00150179
76.52 0.173676 -0.0423994 0.0575786 0.759035 0.000858288 -0.00149494
76.53 0.173461 -0.0421398 0.0574523 0.759054 0.000863043 -0.00149271
76.54 0.173235 -0.0418727 0.0573368 0.759061 0.000865506 -0.00148496
76.55 0.172996 -0.0416267 0.0572224 0.759095 0.000867851 -0.00148355
76.56 0.172747 -0.0413658 0.0571145 0.759074 0.000868702 -0.00147555
76.57 0.172489 -0.0411202 0.0569959 0.759082 0.000871959 -0.00147446
76.58 0.172225 -0.0408508 0.056877 0.759033 0.000874738 -0.00146653
76.59 0.171957 -0.0405858 0.0567406 0.75904 0.000880826 -0.00146423
76.6 0.171683 -0.0402942 0.0566106 0.759019 0.000884694 -0.00145699
76.61 0.171399 -0.0399975 0.0564767 0.759053 0.000888646 -0.00145362
76.62 0.171105 -0.0396751 0.0563487 0.759063 0.000890805 -0.00144811
76.63 0.170798 -0.0393363 0.0562264 0.759086 0.00089107 -0.00144336
76.64 0.170472 -0.038999 0.0560858 0.759078 0.00089588 -0.00144416
76.65 0.17013 -0.038634 0.0559578 0.759061 0.000897331 -0.00144184
76.66 0.16978 -0.0382113 0.0558163 0.759043 0.000900183 -0.00143401
76.67 0.169423 -0.0377484 0.0556718 0.759031 0.000902453 -0.00142022
76.68 0.169061 -0.0372901 0.0555133 0.759049 0.000907116 -0.00141678
76.69 0.168691 -0.0368187 0.0553632 0.759066 0.000909159 -0.00141236
76.7 0.168311 -0.0363411 0.0552089 0.759098 0.000911595 -0.00141539
76.71 0.167919 -0.0358163 0.0550664 0.7591 0.000911225 -0.00140858
76.72 0.167519 -0.0352701 0.0549131 0.759099 0.000912853 -0.00140419
76.73 0.167112 -0.0346991 0.0547596 0.759073 0.000914508 -0.00139472
76.74 0.166701 -0.034135 0.0545917 0.759063 0.000918932 -0.00139201
76.75 0.166286 -0.0335644 0.054421 0.759058 0.000923926 -0.00138829
76.76 0.165863 -0.0329909 0.0542582 0.759075 0.00092659 -0.00138607
76.77 0.165429 -0.0324009 0.0540959 0.759102 0.000929832 -0.00138027
76.78 0.164982 -0.0318134 0.0539555 0.759117 0.000927664 -0.00137379
76.79 0.164522 -0.0312315 0.0538088 0.759126 0.000928621 -0.00136851
76.8 0.164052 -0.030665 0.0536664 0.759101 0.000927658 -0.00136269
76.81 0.163579 -0.0301209 0.0535068 0.759091 0.000932393 -0.00136157
76.82 0.163101 -0.0295824 0.0533507 0.759063 0.00093487 -0.00135587
76.83 0.162619 -0.0290602 0.0531871 0.759078 0.000940855 -0.00135303
76.84 0.162127 -0.0285368 0.0530462 0.759083 0.000940485 -0.00134295
76.85 0.161624 -0.0280515 0.052902 0.759113 0.000943043 -0.00134004
76.86 0.161109 -0.0275769 0.0527782 0.759121 0.00094028 -0.00133241
76.87 0.160583 -0.0271416 0.0526495 0.759113 0.000940373 -0.00133121
76.88 0.160049 -0.0267093 0.0525163 0.759099 0.000941104 -0.00132479
76.89 0.159514 -0.0263023 0.0523798 0.759063 0.000942953 -0.00132092
76.9 0.158975 -0.0259016 0.0522299 0.759068 0.000947869 -0.0013149
76.91 0.158433 -0.0255162 0.0520928 0.759053 0.000949336 -0.00130897
76.92 0.157883 -0.0251441 0.0519511 0.759095 0.000952527 -0.00130463
76.93 0.157323 -0.0247751 0.0518346 0.759091 0.000949239 -0.00129783
76.94 0.15675 -0.0244211 0.0517079 0.759121 0.000949442 -0.00129496
76.95 0.15617 -0.0240562 0.0515932 0.759089 0.000945517 -0.00128728
76.96 0.155587 -0.0237063 0.0514473 0.759085 0.000949602 -0.00128555
76.97 0.155005 -0.0233334 0.0513112 0.75905 0.000949364 -0.0012781
76.98 0.154419 -0.0229656 0.0511519 0.759059 0.000954863 -0.00127568
76.99 0.153831 -0.02257 0.0510075 0.759064 0.000955084 -0.00126889
77 0.153234 -0.0221682 0.05086 0.759093 0.000956243 -0.0012648
77.01 0.152627 -0.0217417 0.0507255 0.759111 0.000953238 -0.00125916
77.02 0.152008 -0.0213008 0.0505897 0.759114 0.000950456 -0.00125412
77.03 0.151384 -0.0208407 0.0504392 0.759108 0.000950147 -0.00125065
77.04 0.150757 -0.0203556 0.0502859 0.759079 0.000949658 -0.00124505
77.05 0.15013 -0.019851 0.0501053 0.75908 0.000954897 -0.00124247
77.06 0.1495 -0.0193166 0.0499459 0.75907 0.000953775 -0.00123623
77.07 0.148864 -0.018763 0.0497604 0.759108 0.000958932 -0.00123354
77.08 0.148217 -0.0181809 0.0496155 0.759116 0.000953362 -0.00122665
77.09 0.147571 -0.0176064 0.0494556 0.759154 0.000953092 -0.00122932
77.1 0.146921 -0.0170031 0.0493189 0.759138 0.000946415 -0.00122838
77.11 0.146268 -0.0163432 0.0491375 0.759138 0.000949214 -0.00121905
77.12 0.145613 -0.0156595 0.0489689 0.759108 0.000948127 -0.00120586
77.13 0.144955 -0.0149978 0.048778 0.759105 0.000951756 -0.00120051
77.14 0.144291 -0.0143593 0.0485932 0.759113 0.000954604 -0.00120137
77.15 0.143618 -0.0137224 0.0484244 0.759132 0.000952641 -0.00120286
77.16 0.142931 -0.0130622 0.048254 0.759165 0.0009533 -0.00119893
77.17 0.142231 -0.0123904 0.0481148 0.759167 0.00094473 -0.00118979
77.18 0.14152 -0.0117313 0.0479482 0.759171 0.000946043 -0.00118262
77.19 0.140802 -0.0111 0.0478022 0.759139 0.000939658 -0.00117726
77.2 0.140083 -0.010504 0.0476148 0.759127 0.000946382 -0.00117827
77.21 0.139362 -0.0099116 0.0474539 0.759114 0.000943899 -0.00117449
77.22 0.138638 -0.00933345 0.0472713 0.759128 0.000949689 -0.00117153
77.23 0.137907 -0.00875704 0.0471277 0.75915 0.000944562 -0.00116274
77.24 0.137163 -0.00821096 0.0469785 0.759164 0.000943572 -0.00115738
77.25 0.136409 -0.00768863 0.0468493 0.759175 0.000937335 -0.00115133
77.26 0.135648 -0.00719771 0.0467113 0.759149 0.000934308 -0.001148
77.27 0.134885 -0.00673144 0.0465589 0.759137 0.000934928 -0.00114569
77.28 0.134124 -0.00627363 0.0464083 0.759104 0.000934171 -0.00114066
77.29 0.133366 -0.00583396 0.0462389 0.759116 0.000939342 -0.00113722
77.3 0.132605 -0.00539047 0.0460992 0.759116 0.000935485 -0.00112865
77.31 0.131838 -0.00497454 0.0459464 0.759154 0.000937544 -0.00112535
77.32 0.13106 -0.00455583 0.0458344 0.759154 0.000927505 -0.00111791
77.33 0.130274 -0.00415912 0.0456903 0.759166 0.000928025 -0.00111576
77.34 0.129486 -0.00375429 0.0455682 0.759137 0.000919948 -0.00110985
77.35 0.128699 -0.00335193 0.0454005 0.759123 0.000924898 -0.00110622
77.36 0.127917 -0.00294168 0.0452485 0.759108 0.000922589 -0.00110133
77.37 0.127136 -0.00251881 0.0450771 0.759114 0.000926473 -0.00109628
77.38 0.12635 -0.00208473 0.044922 0.759142 0.000924127 -0.00109151
77.39 0.125557 -0.00162959 0.0447783 0.759156 0.000919932 -0.00108478
77.4 0.124753 -0.00116554 0.044629 0.759187 0.000916012 -0.00108054
77.41 0.123941 -0.000678286 0.0444923 0.759162 0.00090845 -0.00107369
77.42 0.123127 -0.000186682 0.0443131 0.75917 0.000910323 -0.00107191
77.43 0.122315 0.000338589 0.0441515 0.759128 0.00090607 -0.00106511
77.44 0.121504 0.000875187 0.0439435 0.759152 0.000912722 -0.00106293
77.45 0.12069 0.00144619 0.043775 0.759143 0.000907947 -0.00105528
77.46 0.119871 0.00203106 0.0435791 0.759191 0.000910419 -0.00105149
77.47 0.119038 0.00264216 0.0434252 0.759199 0.000901481 -0.00104332
77.48 0.118195 0.00326038 0.0432487 0.75922 0.000898352 -0.00103905
77.49 0.117342 0.00389286 0.0430806 0.759206 0.000892409 -0.00103264
77.5 0.116488 0.00453051 0.0428885 0.759189 0.0008911 -0.00102862
77.51 0.115633 0.00517373 0.042685 0.759179 0.000892684 -0.00102444
77.52 0.114779 0.00583274 0.0424841 0.759175 0.000891704 -0.00101797
77.53 0.113921 0.00648705 0.0422764 0.759202 0.000894344 -0.00101344
77.54 0.113054 0.00715973 0.0421063 0.759217 0.000886344 -0.00100313
77.55 0.112174 0.00780545 0.0419199 0.759246 0.000885479 -0.000998968
77.56 0.111285 0.00845369 0.0417717 0.759236 0.000873558 -0.000990031
77.57 0.11039 0.00907158 0.0415792 0.759229 0.000875112 -0.000986974
77.58 0.109496 0.00968476 0.0414118 0.759199 0.000868466 -0.000979479
77.59 0.108605 0.0102746 0.0412035 0.759194 0.000873694 -0.000975361
77.6 0.107717 0.0108572 0.0410257 0.759193 0.000870728 -0.000966987
77.61 0.106825 0.0114194 0.0408431 0.759215 0.000870451 -0.000960124
77.62 0.105926 0.0119613 0.0406883 0.759234 0.000864614 -0.000951751
77.63 0.105018 0.0124822 0.0405428 0.759242 0.000856879 -0.000943693
77.64 0.104105 0.0129699 0.0403908 0.759239 0.000852832 -0.000937527
77.65 0.103193 0.0134412 0.0402463 0.75921 0.000845246 -0.000930013
77.66 0.102287 0.0138849 0.0400626 0.759198 0.000849835 -0.000924647
77.67 0.101386 0.014317 0.0399109 0.759179 0.000843629 -0.000917062
77.68 0.10049 0.0147349 0.0397231 0.7592 0.000849987 -0.000910436
77.69 0.0995922 0.0151514 0.0395925 0.75921 0.000839278 -0.000899602
77.7 0.0986886 0.0155483 0.0394361 0.759238 0.000839089 -0.000892423
77.71 0.0977783 0.0159398 0.0393169 0.759238 0.000826693 -0.00088261
77.72 0.096867 0.0163131 0.0391672 0.759228 0.000824634 -0.000877527
77.73 0.0959573 0.0166937 0.0390194 0.759212 0.000819023 -0.000868505
77.74 0.0950554 0.0170708 0.0388526 0.759187 0.000819231 -0.00086252
77.75 0.0941588 0.0174618 0.038676 0.759203 0.000820074 -0.000853303
77.76 0.0932644 0.0178604 0.0385216 0.759202 0.000815546 -0.000845536
77.77 0.092365 0.0182761 0.0383515 0.759249 0.000815108 -0.000835731
77.78 0.0914582 0.0187017 0.038226 0.759245 0.00080248 -0.000826766
77.79 0.0905435 0.0191414 0.0380598 0.759272 0.000800921 -0.000818072
77.8 0.0896261 0.0195951 0.0379218 0.759238 0.000789489 -0.00080889
77.81 0.0887119 0.0200589 0.0377257 0.759241 0.000793184 -0.000802713
77.82 0.0878013 0.0205481 0.0375569 0.759218 0.000787029 -0.00079312
77.83 0.0868936 0.0210531 0.0373493 0.759239 0.000791313 -0.000786504
77.84 0.0859827 0.021589 0.0371804 0.759255 0.000784366 -0.000774425
77.85 0.0850634 0.0221398 0.0370019 0.759285 0.000780531 -0.000765386
77.86 0.0841344 0.022705 0.0368389 0.7593 0.000772326 -0.000753411
77.87 0.083198 0.0232753 0.0366753 0.759295 0.000763625 -0.000745551
77.88 0.0822596 0.0238534 0.0364818 0.759287 0.000762187 -0.000735414
77.89 0.081324 0.024435 0.0363023 0.759261 0.000755307 -0.000728394
77.9 0.0803927 0.025029 0.0360768 0.75927 0.000760646 -0.000717773
77.91 0.0794624 0.0256251 0.0359007 0.759268 0.000752071 -0.000708561
77.92 0.0785283 0.0262299 0.0356888 0.759309 0.000754366 -0.00069606
77.93 0.0775863 0.0268248 0.0355381 0.75931 0.000740532 -0.000684878
77.94 0.0766375 0.0274114 0.0353481 0.759336 0.000738189 -0.000673463
77.95 0.075685 0.0279761 0.0351918 0.759308 0.000726566 -0.000663432
77.96 0.0747358 0.0285273 0.0349959 0.759303 0.000725281 -0.000654002
77.97 0.0737928 0.0290608 0.0348046 0.759275 0.000722551 -0.000643384
77.98 0.072858 0.029576 0.0346112 0.759282 0.000720218 -0.000634369
77.99 0.0719246 0.0300844 0.0344154 0.759292 0.000720104 -0.000620679
78 0.0709907 0.0305662 0.0342595 0.759312 0.000709436 -0.000609779
78.01 0.0700512 0.0310361 0.0340812 0.759331 0.000707423 -0.000594787
78.02 0.06911 0.031463 0.0339475 0.759321 0.00069223 -0.000585447
78.03 0.0681703 0.0318759 0.0337619 0.759316 0.000693395 -0.000572868
78.04 0.0672383 0.0322543 0.0336122 0.759284 0.000682641 -0.000563867
78.05 0.0663154 0.0326242 0.0334143 0.759281 0.000687656 -0.000552003
78.06 0.0654005 0.0329738 0.0332558 0.759278 0.000680176 -0.000540794
78.07 0.0644881 0.0333197 0.0330825 0.759301 0.000680302 -0.000527383
78.08 0.063574 0.0336487 0.0329386 0.759321 0.000671428 -0.000514083
78.09 0.0626563 0.033967 0.0327995 0.759329 0.000663819 -0.000501634
78.1 0.0617366 0.0342754 0.0326527 0.759331 0.000657335 -0.00048823
78.11 0.0608199 0.0345704 0.0325109 0.759306 0.000649338 -0.000477983
78.12 0.0599107 0.0348679 0.032332 0.7593 0.000650987 -0.000465499
78.13 0.0590087 0.0351615 0.0321788 0.759284 0.000644241 -0.000455829
78.14 0.0581219 0.0354597 0.0319999 0.759311 0.000647167 -0.000446188
78.15 0.0572419 0.0357723 0.0318676 0.759323 0.000635732 -0.000437081
78.16 0.0563577 0.0361418 0.0316953 0.759358 0.000636732 -0.000416467
78.17 0.0554667 0.0365136 0.0315682 0.759355 0.00062277 -0.000398138
78.18 0.0545719 0.036887 0.0313968 0.759357 0.000622199 -0.00038262
78.19 0.0536777 0.0372295 0.0312406 0.759334 0.000613946 -0.000376473
78.2 0.0527883 0.0376011 0.0310527 0.759328 0.000614883 -0.000368773
78.21 0.0519006 0.0379981 0.0308689 0.759332 0.000612398 -0.000357148
78.22 0.0510123 0.0384414 0.0306934 0.75935 0.000608837 -0.000341275
78.23 0.0501174 0.0388999 0.0305142 0.759382 0.000605831 -0.000322715
78.24 0.049215 0.0393656 0.0303662 0.75939 0.000594859 -0.000308553
78.25 0.0483061 0.0398267 0.0301848 0.759408 0.000592717 -0.000294861
78.26 0.0473806 0.0402884 0.0300505 0.759375 0.000577534 -0.00028776
78.27 0.0464459 0.0407823 0.0298474 0.75938 0.00058001 -0.000273656
78.28 0.045524 0.0412806 0.0296656 0.759347 0.000574619 -0.00026217
78.29 0.0446125 0.0418081 0.0294474 0.759382 0.000580101 -0.000242591
78.3 0.0437005 0.0423109 0.0292767 0.759381 0.000572352 -0.000230173
78.31 0.0427876 0.0428198 0.029093 0.759424 0.000570327 -0.000214238
78.32 0.0418693 0.0433078 0.0289386 0.759418 0.000560259 -0.000201628
78.33 0.0409517 0.043793 0.0287737 0.75942 0.000554067 -0.000186988
78.34 0.0400381 0.0442607 0.0285963 0.759396 0.000550678 -0.000172379
78.35 0.0391356 0.0447067 0.0284248 0.759376 0.000545698 -0.000160202
78.36 0.0382421 0.0451368 0.0282262 0.759377 0.000548695 -0.00014614
78.37 0.0373572 0.0455453 0.0280695 0.759379 0.000540772 -0.000134514
78.38 0.0364738 0.0459506 0.0278864 0.759413 0.00054239 -0.000116847
78.39 0.0355926 0.0463275 0.0277569 0.759416 0.000529416 -0.000102544
78.4 0.0347111 0.046691 0.0275909 0.759433 0.000528833 -8.38359e-05
78.41 0.0338358 0.0470109 0.0274582 0.759406 0.000517556 -7.13536e-05
78.42 0.0329692 0.0473071 0.0272838 0.759397 0.00051922 -5.75259e-05
78.43 0.0321145 0.0475736 0.0271293 0.759372 0.000513996 -4.66817e-05
78.44 0.0312695 0.047831 0.0269563 0.759381 0.000515237 -3.30195e-05
78.45 0.0304309 0.0480799 0.0268021 0.759393 0.000511831 -1.75409e-05
78.46 0.0295936 0.0483238 0.0266563 0.75942 0.000506934 1.84352e-08
78.47 0.0287569 0.0485507 0.0265115 0.759434 0.000503162 1.75063e-05
78.48 0.0279195 0.0487563 0.0263833 0.759432 0.000493667 3.19437e-05
78.49 0.0270874 0.0489468 0.0262203 0.759422 0.000494494 4.59581e-05
78.5 0.0262611 0.0491216 0.0260805 0.759399 0.000486244 5.65263e-05
78.51 0.0254439 0.0493105 0.0258915 0.7594 0.000492651 7.14791e-05
78.52 0.0246308 0.0494985 0.025746 0.759401 0.000484772 8.49363e-05
78.53 0.0238196 0.0497107 0.0255656 0.759436 0.000489151 0.000103171
78.54 0.023004 0.049918 0.0254338 0.759451 0.000478537 0.000118668
78.55 0.0221866 0.050144 0.0252713 0.759473 0.000478555 0.000136104
78.56 0.0213669 0.050364 0.0251288 0.759464 0.000470585 0.000150932
78.57 0.0205506 0.0505965 0.024964 0.759452 0.000469594 0.000164439
78.58 0.0197379 0.0508357 0.024789 0.759442 0.000468784 0.000178343
78.59 0.0189311 0.0510897 0.0246219 0.759434 0.000466538 0.00018978
78.6 0.0181253 0.0513753 0.0244335 0.759463 0.000469174 0.000207536
78.61 0.01732 0.0516716 0.0242842 0.759472 0.000461833 0.000221464
78.62 0.0165105 0.0520014 0.0241044 0.759514 0.000463394 0.000242938
78.63 0.0157001 0.0523202 0.0239661 0.7595 0.000452715 0.000256505
78.64 0.0148911 0.0526555 0.0237814 0.759513 0.000455596 0.000274285
78.65 0.0140879 0.0529755 0.0236275 0.759475 0.000447709 0.000284625
78.66 0.0132923 0.0533106 0.0234337 0.759481 0.000452405 0.000298582
78.67 0.012504 0.0536505 0.0232659 0.75947 0.000448071 0.000311686
78.68 0.0117208 0.0540055 0.0230868 0.759497 0.000449683 0.000328047
78.69 0.0109397 0.0543686 0.0229255 0.759515 0.000445427 0.000347222
78.7 0.0101619 0.054718 0.0227686 0.75953 0.000442249 0.000363406
78.71 0.00938806 0.0550603 0.0226092 0.759532 0.000439223 0.000381889
78.72 0.00862207 0.0553623 0.0224584 0.759509 0.000434548 0.000391632
78.73 0.00786637 0.0556636 0.0222847 0.7595 0.000436367 0.000407175
78.74 0.00712211 0.055933 0.0221339 0.759476 0.000432214 0.000416039
78.75 0.00638822 0.0562167 0.0219573 0.759498 0.000436819 0.000435094
78.76 0.0056612 0.0564697 0.0218245 0.759499 0.000430367 0.000448683
78.77 0.00493982 0.0567226 0.0216664 0.759537 0.00043293 0.000469504
78.78 0.00422317 0.0569317 0.0215491 0.759528 0.000424903 0.000483619
78.79 0.00351375 0.057121 0.0214014 0.759539 0.000426169 0.000499932
78.8 0.00281354 0.0572706 0.0212762 0.759504 0.000421406 0.000511825
78.81 0.00212442 0.0573958 0.0211297 0.759502 0.000422858 0.00052317
78.82 0.00144484 0.0575127 0.0209927 0.759487 0.000422557 0.000537812
78.83 0.000773535 0.0576071 0.0208599 0.759507 0.000421691 0.000550338
78.84 0.000106076 0.057713 0.0207278 0.759526 0.000422475 0.000570999
78.85 -0.00055799 0.0577782 0.0206181 0.759544 0.000417068 0.000583845
78.86 -0.001219 0.0578559 0.0204872 0.759557 0.000418824 0.000604997
78.87 -0.00187521 0.0578796 0.0203824 0.759539 0.000412161 0.000614005
78.88 -0.0025251 0.0579198 0.02024 0.759536 0.000416556 0.000630816
78.89 -0.00316816 0.0579221 0.0201247 0.759513 0.000411891 0.000637977
78.9 -0.00380663 0.0579566 0.0199813 0.759531 0.000416381 0.000654121
78.91 -0.0044422 0.0579856 0.0198612 0.75954 0.000412967 0.000667518
78.92 -0.0050766 0.0580372 0.0197307 0.759574 0.000414149 0.000685362
78.93 -0.00571195 0.0580965 0.0196098 0.759589 0.000411033 0.000703922
78.94 -0.00634521 0.0581441 0.0194854 0.759593 0.0004093 0.000716842
78.95 -0.00697591 0.0582088 0.0193481 0.759588 0.000409344 0.000733334
78.96 -0.00760136 0.0582525 0.0192175 0.759566 0.000406824 0.000739678
78.97 -0.00822344 0.0583394 0.0190657 0.759572 0.000409805 0.000755943
78.98 -0.00884119 0.0584194 0.0189303 0.75957 0.000406911 0.000763673
78.99 -0.00945732 0.0585584 0.0187787 0.759607 0.000409894 0.000785198
79 -0.010072 0.0586883 0.0186461 0.759618 0.000405437 0.000797894
79.01 -0.0106839 0.0588527 0.018496 0.759644 0.000407544 0.000818942
79.02 -0.0112924 0.0589934 0.0183606 0.759631 0.000402732 0.000829329
79.03 -0.0118956 0.0591466 0.0182081 0.759625 0.000404297 0.000842521
79.04 -0.0124926 0.0592915 0.018063 0.759605 0.000401788 0.000850673
79.05 -0.0130823 0.0594556 0.0179099 0.759606 0.00040323 0.000862134
79.06 -0.0136648 0.0596392 0.0177578 0.759618 0.000403782 0.000877761
79.07 -0.0142425 0.0598223 0.0176204 0.759637 0.000402125 0.000891474
79.08 -0.014816 0.0600183 0.017476 0.759662 0.000402705 0.000911032
79.09 -0.0153838 0.0601809 0.0173505 0.759658 0.000398763 0.000921462
79.1 -0.0159434 0.06035 0.0172053 0.759662 0.000400621 0.000938703
79.11 -0.0164939 0.0604661 0.0170791 0.759626 0.00039737 0.000943001
79.12 -0.0170357 0.0606021 0.0169374 0.759633 0.000399789 0.00095835
79.13 -0.01757 0.0606926 0.0168138 0.759611 0.000397717 0.000963416
79.14 -0.0180967 0.0608113 0.0166835 0.759649 0.000399607 0.000981771
79.15 -0.0186187 0.0608917 0.0165709 0.759648 0.000397574 0.000993268
79.16 -0.0191344 0.0609751 0.0164548 0.759683 0.000397902 0.00101198
79.17 -0.0196444 0.061014 0.0163476 0.759667 0.000396591 0.00102464
79.18 -0.0201484 0.0610175 0.0162434 0.759665 0.000395043 0.00103434
79.19 -0.0206456 0.0609995 0.016131 0.759643 0.000396467 0.00104489
79.2 -0.0211364 0.0609396 0.0160347 0.759634 0.000394091 0.00104887
79.21 -0.0216237 0.0609039 0.0159234 0.759647 0.000397258 0.001065
79.22 -0.0221253 0.0608334 0.0158567 0.759656 0.000390007 0.0010724
79.23 -0.0226424 0.0607992 0.0157662 0.759692 0.000390375 0.00109313
79.24 -0.0231461 0.060718 0.015669 0.759689 0.00039062 0.00110336
79.25 -0.0236398 0.0606451 0.0155716 0.759706 0.000392722 0.00112168
79.26 -0.0241299 0.0605169 0.0154784 0.75968 0.000392068 0.00112645
79.27 -0.0246157 0.060392 0.015385 0.759683 0.00039309 0.00113611
79.28 -0.0251006 0.0602581 0.0152992 0.75967 0.000391492 0.00114243
79.29 -0.0255853 0.0601407 0.0152095 0.759692 0.000391647 0.00115366
79.3 -0.0260683 0.0600464 0.0151222 0.759709 0.000391233 0.00116936
79.31 -0.0265517 0.0599466 0.0150386 0.759735 0.000389397 0.00118204
79.32 -0.0270331 0.0598632 0.0149453 0.759746 0.000390221 0.00119822
79.33 -0.0275125 0.0597549 0.014863 0.759741 0.000386619 0.00120466
79.34 -0.0279898 0.0596663 0.014762 0.759735 0.000388492 0.00121554
79.35 -0.0284647 0.0595676 0.0146765 0.759721 0.000384329 0.0012182
79.36 -0.0289375 0.0595129 0.0145703 0.759732 0.000387006 0.00123074
79.37 -0.0294097 0.0594676 0.0144818 0.75974 0.000383167 0.00123882
79.38 -0.0298797 0.0594622 0.0143796 0.759773 0.000384502 0.00125546
79.39 -0.0303468 0.0594547 0.0142821 0.759781 0.000382432 0.00126596
79.4 -0.0308085 0.0594637 0.0141823 0.759795 0.000381965 0.0012791
79.41 -0.0312676 0.0594653 0.0140799 0.759781 0.000380567 0.00128662
79.42 -0.0317206 0.0594703 0.0139783 0.759771 0.000379304 0.00129325
79.43 -0.032171 0.059486 0.0138745 0.759765 0.000378466 0.00130009
79.44 -0.0326173 0.0595069 0.0137767 0.759764 0.000376217 0.00130629
79.45 -0.0330584 0.0595576 0.0136673 0.759792 0.000377672 0.00131926
79.46 -0.0334947 0.0595994 0.0135794 0.759796 0.000373617 0.00132857
79.47 -0.0339268 0.0596629 0.0134697 0.759828 0.000375999 0.00134528
79.48 -0.0343516 0.0596829 0.0133852 0.759804 0.00037143 0.00135125
79.49 -0.0347724 0.0597032 0.0132828 0.759814 0.00037266 0.00136115
79.5 -0.0351861 0.0596825 0.0131954 0.759779 0.000369518 0.00136234
79.51 -0.0355962 0.0596701 0.0131031 0.759792 0.000369488 0.00136981
79.52 -0.0360015 0.0596418 0.0130185 0.759787 0.000367575 0.00137609
79.53 -0.0364038 0.0596171 0.0129361 0.759815 0.00036682 0.00138758
79.54 -0.0368009 0.0595827 0.0128551 0.759829 0.000366126 0.00140142
79.55 -0.0371946 0.0595108 0.0127825 0.759836 0.000364182 0.00141056
79.56 -0.037583 0.0594141 0.0127054 0.759837 0.000364068 0.00142033
79.57 -0.0379683 0.0592662 0.0126395 0.759814 0.000361247 0.00142126
79.58 -0.0383503 0.0591149 0.0125671 0.759818 0.000361586 0.00142864
79.59 -0.0387316 0.0589305 0.0125085 0.759803 0.000358305 0.00143033
79.6 -0.0391113 0.0587621 0.012443 0.759836 0.000358841 0.00144256
79.61 -0.0394906 0.0585718 0.0123882 0.75984 0.000356002 0.00145149
79.62 -0.0398676 0.0583776 0.0123278 0.759877 0.000356326 0.00146492
79.63 -0.0402439 0.0581473 0.0122761 0.759865 0.000353308 0.00147175
79.64 -0.0406175 0.057902 0.012216 0.759877 0.000353403 0.0014786
79.65 -0.0409911 0.057635 0.012165 0.75985 0.000350435 0.00148185
79.66 -0.0413642 0.0573631 0.0121079 0.759859 0.000349622 0.00148487
79.67 -0.0417388 0.0571048 0.0120563 0.759857 0.000347372 0.00149205
79.68 -0.0421135 0.0568533 0.012002 0.759884 0.000345824 0.0014992
79.69 -0.0424887 0.0566251 0.0119475 0.759905 0.000344453 0.00151245
79.7 -0.0428623 0.0563857 0.0118914 0.759919 0.000342462 0.00151963
79.71 -0.0432348 0.0561609 0.0118318 0.759928 0.000341454 0.00153024
79.72 -0.0436059 0.0559134 0.0117743 0.75991 0.000338469 0.00153088
79.73 -0.0439763 0.0556926 0.0117094 0.759912 0.000337659 0.0015368
79.74 -0.0443474 0.0554707 0.011654 0.759896 0.000333473 0.00153687
79.75 -0.0447186 0.0552918 0.0115862 0.759923 0.00033289 0.00154526
79.76 -0.0450876 0.0551321 0.0115251 0.759931 0.000329638 0.00155244
79.77 -0.0454542 0.0549962 0.0114554 0.759962 0.000328851 0.001563
79.78 -0.0458178 0.0548766 0.0113885 0.759965 0.000326136 0.00157265
79.79 -0.0461769 0.0547433 0.0113163 0.759963 0.000324889 0.00157656
79.8 -0.0465345 0.0546269 0.011249 0.759953 0.000321534 0.00158108
79.81 -0.0468888 0.054495 0.0111766 0.759936 0.000319819 0.00157938
79.82 -0.047243 0.0544029 0.0111129 0.759947 0.000315907 0.00158498
79.83 -0.0475939 0.0543102 0.011042 0.759947 0.000314176 0.00158837
79.84 -0.047943 0.0542563 0.010976 0.759982 0.000311525 0.00160044
79.85 -0.0482869 0.0541846 0.0109091 0.759983 0.000309181 0.00160746
79.86 -0.0486274 0.05411 0.0108405 0.76 0.000307606 0.001615
79.87 -0.048962 0.0540112 0.0107787 0.75998 0.000304229 0.00161764
79.88 -0.049295 0.0538953 0.0107127 0.759974 0.000302796 0.00161835
79.89 -0.0496257 0.0537736 0.0106617 0.759961 0.000298006 0.00162035
79.9 -0.0499565 0.0536414 0.0106035 0.759968 0.000296339 0.0016222
79.91 -0.050283 0.0535188 0.0105539 0.759987 0.00029293 0.00163097
79.92 -0.0506073 0.0533733 0.0105025 0.760002 0.000291136 0.00163684
79.93 -0.0509281 0.0532201 0.0104569 0.760024 0.000288298 0.00164712
79.94 -0.0512459 0.0530227 0.0104103 0.760013 0.000286191 0.0016499
79.95 -0.0515606 0.0528027 0.0103717 0.760018 0.0002829 0.00165403
79.96 -0.0518664 0.0525722 0.0103412 0.759991 0.000277578 0.00165783
79.97 -0.052162 0.0523313 0.01031 0.760009 0.00027319 0.00166486
79.98 -0.0524542 0.0520326 0.0102671 0.760001 0.000272581 0.00166124
79.99 -0.0527422 0.0517285 0.01024 0.760043 0.000269492 0.0016615
80 -0.0530327 0.0514336 0.0102063 0.760041 0.000267905 0.00166743
80.01 -0.0533218 0.0511523 0.0101811 0.760072 0.000265003 0.00167949
80.02 -0.0536126 0.050843 0.010158 0.760054 0.00026141 0.00168875
80.03 -0.0539041 0.0504922 0.0101339 0.760058 0.000258321 0.0016888
80.04 -0.0541982 0.0501188 0.0101161 0.760047 0.000253442 0.00168703
80.05 -0.0544946 0.0497433 0.0100924 0.760053 0.000250106 0.00168296
80.06 -0.0547938 0.0494092 0.0100732 0.760075 0.000245237 0.00169125
80.07 -0.0550926 0.0490835 0.0100454 0.760086 0.000242476 0.00169768
80.08 -0.0553913 0.0487777 0.0100193 0.760118 0.000238301 0.00171039
80.09 -0.0556865 0.0484454 0.00998372 0.760107 0.000236169 0.00171192
80.1 -0.0559823 0.0481169 0.00995438 0.76012 0.000231434 0.00171446
80.11 -0.0562764 0.0477821 0.00991586 0.760094 0.000228654 0.00171015
80.12 -0.0565733 0.0474804 0.00988637 0.760106 0.000222995 0.00171191
80.13 -0.0568698 0.0472098 0.00984703 0.7601 0.000219466 0.0017157
80.14 -0.0571664 0.0469606 0.00981081 0.760128 0.000214656 0.00172146
80.15 -0.0574599 0.0467356 0.00976665 0.76014 0.000211162 0.00172817
80.16 -0.0577499 0.046508 0.00971873 0.760155 0.000208008 0.00173055
80.17 -0.0580358 0.046304 0.00967074 0.760153 0.000203925 0.0017348
80.18 -0.0583195 0.0460915 0.00961918 0.760142 0.000200723 0.00173305
80.19 -0.0586014 0.045908 0.00957196 0.760134 0.000195587 0.00173567
80.2 -0.0588836 0.0457194 0.00952546 0.760128 0.000191193 0.00173352
80.21 -0.0591653 0.0455631 0.00947949 0.760142 0.000185831 0.00173749
80.22 -0.0594418 0.0454087 0.00942498 0.760153 0.000183322 0.00173981
80.23 -0.0597147 0.0452727 0.00937823 0.760175 0.000178254 0.00174588
80.24 -0.0599834 0.0451269 0.00932166 0.760175 0.000176083 0.00174939
80.25 -0.0602479 0.0449726 0.0092739 0.760176 0.000171308 0.00175138
80.26 -0.0605108 0.0448026 0.00922367 0.760159 0.000167933 0.00175131
80.27 -0.0607731 0.0446145 0.00918115 0.760154 0.000162763 0.00174838
80.28 -0.061035 0.0444305 0.00913898 0.760156 0.000158581 0.00174974
80.29 -0.0612962 0.0442303 0.0091018 0.760166 0.000153637 0.00174943
80.3 -0.061556 0.0440417 0.00906365 0.760193 0.000149752 0.00175653
80.31 -0.0618122 0.0438178 0.00902657 0.760196 0.00014587 0.00175831
80.32 -0.0620653 0.0435896 0.00898857 0.760216 0.000142728 0.00176438
80.33 -0.0623156 0.0433081 0.00895448 0.760192 0.000138951 0.00176182
80.34 -0.0625674 0.0430135 0.0089287 0.760202 0.000133984 0.00176125
80.35 -0.0628202 0.0426878 0.00890293 0.76018 0.00012962 0.00175785
80.36 -0.0630753 0.0423628 0.00888597 0.760206 0.000123824 0.00175889
80.37 -0.0633304 0.0420296 0.00886456 0.760212 0.000119813 0.00176259
80.38 -0.0635843 0.0416797 0.00884579 0.760242 0.000115204 0.00176532
80.39 -0.0638348 0.0413215 0.00882289 0.760253 0.00011203 0.00177067
80.4 -0.0640835 0.0409263 0.00880261 0.760253 0.000107958 0.00176843
80.41 -0.0643312 0.0405308 0.00878354 0.760253 0.000103927 0.0017704
80.42 -0.0645801 0.0401061 0.00876959 0.760235 9.86561e-05 0.00176471
80.43 -0.0648314 0.0396988 0.00875738 0.760252 9.33251e-05 0.00176633
80.44 -0.065083 0.039285 0.0087457 0.760248 8.78166e-05 0.00176403
80.45 -0.0653336 0.0388926 0.00872907 0.760288 8.33985e-05 0.00176848
80.46 -0.0655806 0.0385022 0.00871136 0.760288 7.88332e-05 0.00176974
80.47 -0.0658231 0.0381193 0.00868437 0.760316 7.58472e-05 0.00177285
80.48 -0.0660619 0.0377368 0.00866428 0.760295 7.07966e-05 0.00177161
80.49 -0.0662992 0.0373563 0.0086367 0.760302 6.70868e-05 0.00176918
80.5 -0.0665356 0.0369928 0.00861866 0.760281 6.07444e-05 0.00176625
80.51 -0.0667735 0.0366451 0.00859876 0.760296 5.50328e-05 0.00176361
80.52 -0.0670089 0.0363314 0.00857268 0.760301 4.98177e-05 0.00176479
80.53 -0.0672385 0.0360348 0.00854379 0.760326 4.52368e-05 0.00176538
80.54 -0.0674626 0.0357643 0.00850438 0.760336 4.15482e-05 0.00176844
80.55 -0.0676801 0.0354953 0.00846588 0.760337 3.72673e-05 0.00176694
80.56 -0.067893 0.0352435 0.00842049 0.760333 3.33914e-05 0.00176645
80.57 -0.0681033 0.0349892 0.00838161 0.760312 2.77997e-05 0.00176092
80.58 -0.068312 0.0347603 0.00833889 0.760317 2.26826e-05 0.00175923
80.59 -0.0685191 0.0345351 0.0083011 0.76031 1.62646e-05 0.001755
80.6 -0.0687225 0.0343401 0.00825419 0.760339 1.19429e-05 0.00175655
80.61 -0.0689206 0.034145 0.00820933 0.760342 6.46116e-06 0.00175627
80.62 -0.0691121 0.0339585 0.00815397 0.760362 3.56492e-06 0.00175746
80.63 -0.0692963 0.0337589 0.00810037 0.760351 -7.24208e-07 0.00175576
80.64 -0.0694764 0.0335471 0.0080482 0.760344 -4.74287e-06 0.00175163
80.65 -0.0696563 0.0333293 0.00800273 0.760334 -1.07485e-05 0.00174807
80.66 -0.0698349 0.0330963 0.00795789 0.760328 -1.60173e-05 0.00174259
80.67 -0.0700133 0.032872 0.00791829 0.760347 -2.2501e-05 0.00174247
80.68 -0.0701878 0.0326266 0.00787177 0.760354 -2.66887e-05 0.00174007
80.69 -0.0703573 0.0323823 0.00782647 0.760384 -3.12811e-05 0.00174215
80.7 -0.0705204 0.0321005 0.00777872 0.760379 -3.48206e-05 0.00173898
80.71 -0.0706799 0.0318067 0.00773237 0.760386 -3.87389e-05 0.00173755
80.72 -0.0708368 0.0314775 0.00769631 0.760368 -4.45318e-05 0.00173224
80.73 -0.0709949 0.031134 0.00765768 0.760369 -4.9306e-05 0.00172779
80.74 -0.071152 0.0307702 0.00763023 0.760372 -5.63381e-05 0.00172351
80.75 -0.071309 0.0303995 0.00759457 0.760388 -6.08582e-05 0.00172108
80.76 -0.0714623 0.0300175 0.00756474 0.760413 -6.69817e-05 0.00172062
80.77 -0.0716099 0.029619 0.00752085 0.760422 -6.93757e-05 0.00171866
80.78 -0.0717515 0.0292053 0.00748592 0.760437 -7.46442e-05 0.001717
80.79 -0.0718894 0.0287693 0.00744362 0.76042 -7.74737e-05 0.00171125
80.8 -0.0720258 0.0283286 0.0074143 0.760426 -8.4206e-05 0.00170721
80.81 -0.0721626 0.0278766 0.007382 0.760409 -8.92892e-05 0.00170044
80.82 -0.0722991 0.0274367 0.00735373 0.760435 -9.61447e-05 0.00169784
80.83 -0.0724326 0.0269961 0.00731863 0.760436 -0.00010114 0.00169382
80.84 -0.0725601 0.0265696 0.00727679 0.760474 -0.000105347 0.00169259
80.85 -0.0726806 0.0261418 0.00723099 0.760468 -0.000109388 0.00168863
80.86 -0.0727857 0.0257459 0.0071857 0.760484 -0.000114545 0.00168926
80.87 -0.072879 0.0253518 0.00713878 0.760462 -0.000120782 0.00168642
80.88 -0.0729656 0.0249397 0.00707667 0.760463 -0.000122455 0.00167614
80.89 -0.0730504 0.0245417 0.00703495 0.760456 -0.000129896 0.00166545
80.9 -0.0731434 0.02419 0.00696796 0.760462 -0.000132086 0.0016625
80.91 -0.0732419 0.023884 0.00691921 0.760485 -0.000139743 0.00166705
80.92 -0.0733337 0.0235514 0.00685393 0.760488 -0.000142678 0.00166099
80.93 -0.0734195 0.0232271 0.00679196 0.760512 -0.000147195 0.00165258
80.94 -0.0734955 0.02291 0.00671941 0.760488 -0.000149815 0.00164209
80.95 -0.0735689 0.0226401 0.00665593 0.760498 -0.000155106 0.0016382
80.96 -0.0736375 0.0223894 0.00658997 0.760468 -0.000160427 0.00163621
80.97 -0.0737049 0.0221449 0.00652708 0.760484 -0.000166206 0.00163195
80.98 -0.0737676 0.0219008 0.0064615 0.760479 -0.000171905 0.00162661
80.99 -0.0738247 0.021649 0.00638493 0.760504 -0.000174692 0.00161678
81 -0.0738736 0.0214214 0.00631467 0.760511 -0.000179832 0.00161261
81.01 -0.0739144 0.0211937 0.00622611 0.760517 -0.000180214 0.00160686
81.02 -0.0739483 0.0209758 0.00616146 0.760512 -0.000187075 0.00160467
81.03 -0.0739789 0.0207342 0.00607796 0.760497 -0.000188553 0.00159711
81.04 -0.0740067 0.0204823 0.00601697 0.760497 -0.000196498 0.00158962
81.05 -0.0740334 0.0202182 0.00594213 0.760494 -0.000199943 0.00158134
81.06 -0.0740561 0.0199483 0.00587219 0.760516 -0.000205914 0.00157479
81.07 -0.0740727 0.0196737 0.00579461 0.760525 -0.000208956 0.00157058
81.08 -0.0740815 0.0193759 0.00571251 0.760546 -0.00021208 0.00156429
81.09 -0.074083 0.0190638 0.00563317 0.760542 -0.000215209 0.0015591
81.1 -0.0740788 0.0187199 0.00555149 0.760542 -0.000218073 0.00154991
81.11 -0.0740727 0.0183634 0.00548216 0.76053 -0.000223836 0.00154295
81.12 -0.0740647 0.0179857 0.00540805 0.760531 -0.000227758 0.0015343
81.13 -0.0740559 0.0175965 0.005343 0.760542 -0.000234684 0.00152831
81.14 -0.0740416 0.0171886 0.0052639 0.760556 -0.000237161 0.00152058
81.15 -0.0740215 0.0167665 0.00518713 0.760582 -0.000241927 0.00151425
81.16 -0.0739922 0.0163293 0.00509862 0.760582 -0.00024279 0.00150599
81.17 -0.0739568 0.0158811 0.00501624 0.760597 -0.000246965 0.00149874
81.18 -0.073916 0.0154226 0.00493163 0.760574 -0.000249434 0.00148967
81.19 -0.0738739 0.0149595 0.00485557 0.760585 -0.000255399 0.00148188
81.2 -0.0738295 0.0144957 0.00477638 0.76057 -0.000259705 0.00147358
81.21 -0.0737825 0.0140284 0.00469503 0.760598 -0.000264917 0.00146527
81.22 -0.0737285 0.0135659 0.00460437 0.760603 -0.000267758 0.00145676
81.23 -0.0736667 0.0131047 0.00450614 0.760625 -0.000270373 0.00144733
81.24 -0.073596 0.0126584 0.0044039 0.760628 -0.000272483 0.00143908
81.25 -0.0735174 0.0122188 0.00429479 0.76062 -0.00027435 0.00142944
81.26 -0.0734351 0.0118008 0.00419604 0.760619 -0.000279086 0.00142199
81.27 -0.0733502 0.0113836 0.00408872 0.760598 -0.000282696 0.00141082
81.28 -0.0732625 0.0109942 0.00398612 0.760618 -0.000288048 0.00140284
81.29 -0.0731693 0.0106108 0.00386921 0.760611 -0.000290729 0.00139205
81.3 -0.0730695 0.0102501 0.00375063 0.760646 -0.000294143 0.00138256
81.31 -0.0729595 0.0099053 0.00361766 0.760635 -0.000294821 0.00137264
81.32 -0.0728413 0.00957995 0.00348555 0.760653 -0.000297037 0.00136278
81.33 -0.0727158 0.00926849 0.0033523 0.760627 -0.000299356 0.00135282
81.34 -0.0725867 0.00897335 0.00321773 0.76063 -0.000302335 0.00134239
81.35 -0.0724535 0.00869029 0.00308832 0.760614 -0.000306798 0.00133291
81.36 -0.0723191 0.00841494 0.00295571 0.760627 -0.000310861 0.00132164
81.37 -0.0721772 0.00815005 0.00281275 0.760636 -0.000313261 0.00131227
81.38 -0.0720272 0.00788269 0.00266653 0.760652 -0.000314854 0.00129967
81.39 -0.0718681 0.00762631 0.00251455 0.76066 -0.000316142 0.00129006
81.4 -0.0717015 0.00736338 0.00236297 0.760654 -0.000317054 0.00127756
81.41 -0.0715278 0.00710833 0.00221582 0.760652 -0.000319804 0.00126846
81.42 -0.0713519 0.00684126 0.00207234 0.760634 -0.000322578 0.00125697
81.43 -0.0711739 0.00657101 0.00193672 0.760647 -0.000327467 0.00124751
81.44 -0.0709927 0.00627724 0.00179162 0.760644 -0.000329606 0.00123466
81.45 -0.0708046 0.00597794 0.00165153 0.760675 -0.00033281 0.00122389
81.46 -0.0706081 0.00565518 0.0014953 0.760677 -0.00033246 0.00121089
81.47 -0.0704017 0.0053258 0.00135056 0.760696 -0.000334116 0.0011997
81.48 -0.070189 0.00497991 0.00119924 0.760685 -0.000334808 0.00118884
81.49 -0.0699706 0.0046149 0.00106204 0.760683 -0.000337427 0.00117678
81.5 -0.0697508 0.00423764 0.000927423 0.76068 -0.000341293 0.00116696
81.51 -0.0695276 0.0038329 0.00079367 0.760681 -0.000343705 0.00115365
81.52 -0.069301 0.003418 0.00066401 0.760705 -0.000348157 0.00114337
81.53 -0.0690653 0.00297707 0.000514936 0.760712 -0.000346922 0.00112892
81.54 -0.0688215 0.00253156 0.000376254 0.760739 -0.000350048 0.00111817
81.55 -0.068568 0.00206654 0.000219068 0.76073 -0.000348008 0.00110356
81.56 -0.0683088 0.00160497 7.68928e-05 0.760738 -0.000351429 0.00109335
81.57 -0.0680446 0.00113281 -7.18179e-05 0.760721 -0.000352358 0.00108057
81.58 -0.0677788 0.000661201 -0.000214958 0.760726 -0.000356346 0.00107033
81.59 -0.0675087 0.000180271 -0.000361316 0.760731 -0.000358832 0.00105707
81.6 -0.067234 -0.000302508 -0.000519312 0.760744 -0.000360441 0.00104426
81.61 -0.0669501 -0.000781342 -0.000679949 0.760765 -0.000361496 0.00103037
81.62 -0.0666572 -0.00125351 -0.000857474 0.760765 -0.000360282 0.00101707
81.63 -0.0663551 -0.00171155 -0.00102779 0.760775 -0.000361637 0.00100396
81.64 -0.0660475 -0.00215493 -0.00120871 0.760752 -0.000361403 0.000991971
81.65 -0.0657365 -0.00258018 -0.00137874 0.760758 -0.000365169 0.00098058
81.66 -0.065423 -0.00299805 -0.00156 0.760741 -0.000366481 0.000967993
81.67 -0.0651055 -0.0033982 -0.00174118 0.760763 -0.000369713 0.000955703
81.68 -0.064781 -0.00379586 -0.00193801 0.760762 -0.000369356 0.000940477
81.69 -0.0644476 -0.00416743 -0.00213916 0.760788 -0.000370066 0.000927324
81.7 -0.0641047 -0.00452931 -0.002351 0.760778 -0.00036848 0.000912287
81.71 -0.063754 -0.00486036 -0.00255961 0.760783 -0.000369307 0.000900811
81.72 -0.0633984 -0.00518293 -0.0027709 0.760763 -0.000369888 0.000887323
81.73 -0.0630395 -0.00548211 -0.00297957 0.760761 -0.000371991 0.000876785
81.74 -0.062678 -0.00578303 -0.00319006 0.76076 -0.000374453 0.00086284
81.75 -0.0623118 -0.00607196 -0.00341017 0.760767 -0.000375041 0.000850265
81.76 -0.0619389 -0.00636311 -0.00363242 0.76079 -0.000376283 0.000835273
81.77 -0.0615559 -0.00664955 -0.00387086 0.760788 -0.000373887 0.000820571
81.78 -0.061165 -0.00692649 -0.00409871 0.760807 -0.000374861 0.000807421
81.79 -0.0607661 -0.00720524 -0.00433988 0.760782 -0.000372683 0.000793776
81.8 -0.0603644 -0.00747572 -0.00455816 0.760794 -0.000376057 0.000783187
81.81 -0.0599598 -0.00776155 -0.00479089 0.760771 -0.000376048 0.000770152
81.82 -0.0595535 -0.00805399 -0.00500801 0.760796 -0.000379415 0.000758419
81.83 -0.0591416 -0.00837106 -0.00524198 0.760797 -0.000379309 0.000743155
81.84 -0.0587225 -0.00869656 -0.00547502 0.760824 -0.000378815 0.000729471
81.85 -0.0582945 -0.00904213 -0.00571085 0.76083 -0.000378647 0.000713991
81.86 -0.0578592 -0.00938947 -0.00595191 0.760834 -0.000376047 0.000701676
81.87 -0.0574183 -0.00975318 -0.00617667 0.760831 -0.000378402 0.000689177
81.88 -0.0569752 -0.0101265 -0.00640911 0.760821 -0.000377139 0.000678113
81.89 -0.0565411 -0.0105044 -0.00663215 0.760829 -0.000380481 0.0006712
81.9 -0.0561138 -0.0109089 -0.0068677 0.760831 -0.000378887 0.000662949
81.91 -0.0556826 -0.0113835 -0.00708117 0.760856 -0.0003832 0.000642529
81.92 -0.0552439 -0.0118808 -0.00731817 0.760867 -0.000379974 0.000619626
81.93 -0.0547945 -0.012362 -0.00754507 0.760885 -0.000380903 0.000603629
81.94 -0.0543366 -0.0128112 -0.00778047 0.760879 -0.00037855 0.000595951
81.95 -0.0538719 -0.0132591 -0.00800915 0.760877 -0.000378912 0.000591226
81.96 -0.0534037 -0.0137331 -0.0082321 0.760867 -0.000380023 0.000580338
81.97 -0.0529333 -0.01423 -0.00845785 0.760869 -0.000380895 0.000566564
81.98 -0.0524594 -0.0147412 -0.00868125 0.760879 -0.000382919 0.000548082
81.99 -0.0519788 -0.0152343 -0.00892004 0.760893 -0.000381234 0.000535013
82 -0.0514901 -0.0157144 -0.00915715 0.760911 -0.000381582 0.000521911
82.01 -0.0509911 -0.0161752 -0.00941033 0.760909 -0.000377456 0.000512856
82.02 -0.0504858 -0.0166362 -0.00964924 0.760912 -0.00037883 0.000499957
82.03 -0.0499752 -0.0170826 -0.00990182 0.76089 -0.000376206 0.000488633
82.04 -0.0494639 -0.0175225 -0.0101379 0.760894 -0.000380024 0.000475169
82.05 -0.0489499 -0.0179374 -0.0103936 0.760882 -0.000378903 0.000464572
82.06 -0.0484332 -0.0183425 -0.0106448 0.760904 -0.000381339 0.000452979
82.07 -0.0479092 -0.0187388 -0.0109177 0.760908 -0.000378796 0.000439473
82.08 -0.0473773 -0.0191223 -0.0111927 0.760924 -0.000377858 0.000425836
82.09 -0.0468371 -0.0194891 -0.0114745 0.760921 -0.000375712 0.000411429
82.1 -0.0462909 -0.0198294 -0.0117608 0.76091 -0.000373892 0.000400386
82.11 -0.0457429 -0.0201462 -0.0120321 0.760905 -0.000376169 0.000390609
82.12 -0.0451934 -0.0204513 -0.012323 0.760888 -0.000374567 0.000381715
82.13 -0.0446427 -0.0207582 -0.0125943 0.760908 -0.000378646 0.000369499
82.14 -0.0440879 -0.0210625 -0.0128979 0.760903 -0.000375596 0.000356951
82.15 -0.0435266 -0.021373 -0.0131888 0.760937 -0.000376898 0.000341058
82.16 -0.0429562 -0.0216658 -0.0135036 0.760926 -0.000372658 0.000328825
82.17 -0.0423798 -0.0219538 -0.0138047 0.760943 -0.000372633 0.000316839
82.18 -0.0417981 -0.0222302 -0.0141106 0.76092 -0.000371083 0.000307975
82.19 -0.0412152 -0.0225165 -0.0144091 0.760925 -0.000371794 0.000297671
82.2 -0.0406308 -0.0228076 -0.0147017 0.760916 -0.000373574 0.000287856
82.21 -0.040045 -0.0231229 -0.0150048 0.760933 -0.000373046 0.000275024
82.22 -0.0394535 -0.0234463 -0.0153019 0.760947 -0.000374336 0.000262495
82.23 -0.0388555 -0.023789 -0.0156173 0.760964 -0.000370872 0.000248983
82.24 -0.0382486 -0.0241376 -0.0159225 0.760974 -0.000370779 0.000236338
82.25 -0.0376356 -0.0244922 -0.016236 0.760969 -0.000367418 0.000226279
82.26 -0.037019 -0.0248599 -0.0165336 0.760969 -0.000368961 0.000215738
82.27 -0.0364014 -0.0252355 -0.0168338 0.760957 -0.000368104 0.000207742
82.28 -0.0357828 -0.025639 -0.0171252 0.760972 -0.00037068 0.000196466
82.29 -0.0351616 -0.0260588 -0.0174263 0.760975 -0.000369468 0.000185366
82.3 -0.0345345 -0.0265056 -0.0177271 0.761005 -0.000369727 0.000171319
82.31 -0.0339001 -0.0269544 -0.018038 0.761006 -0.000366683 0.000159162
82.32 -0.0332584 -0.0274171 -0.0183449 0.761022 -0.000365368 0.000146759
82.33 -0.032612 -0.0278678 -0.018652 0.761008 -0.000363745 0.000137829
82.34 -0.0319632 -0.02833 -0.0189534 0.761007 -0.000363371 0.000128801
82.35 -0.0313146 -0.0287915 -0.0192515 0.761 -0.000364574 0.000119682
82.36 -0.0306648 -0.0292654 -0.0195545 0.761005 -0.000364001 0.000109541
82.37 -0.0300133 -0.0297445 -0.0198573 0.761023 -0.000365366 9.7061e-05
82.38 -0.0293547 -0.0302235 -0.0201794 0.761029 -0.000361258 8.48023e-05
82.39 -0.0286911 -0.0306944 -0.0204918 0.761048 -0.000361859 7.21573e-05
82.4 -0.0280202 -0.0311478 -0.0208247 0.761034 -0.000356361 6.19325e-05
82.41 -0.0273473 -0.0315862 -0.0211368 0.761036 -0.000358074 5.23422e-05
82.42 -0.0266726 -0.0319995 -0.0214639 0.761017 -0.000355075 4.56691e-05
82.43 -0.0259998 -0.0324142 -0.021778 0.76102 -0.000357295 3.60545e-05
82.44 -0.0253251 -0.0328204 -0.022104 0.761023 -0.000356283 2.46685e-05
82.45 -0.0246489 -0.0332207 -0.0224361 0.761035 -0.000355702 1.19298e-05
82.46 -0.0239652 -0.0335981 -0.0227768 0.76105 -0.000353441 5.7667e-08
82.47 -0.0232761 -0.0339543 -0.0231281 0.761046 -0.000349668 -9.98418e-06
82.48 -0.02256 -0.0342951 -0.0234938 0.761053 -0.000343782 -1.90262e-05
82.49 -0.0218246 -0.0346255 -0.023858 0.761031 -0.000337805 -2.68671e-05
82.5 -0.0210999 -0.0349477 -0.0241753 0.761036 -0.000343959 -3.65466e-05
82.51 -0.0203844 -0.0352625 -0.0245231 0.761021 -0.000341868 -4.70602e-05
82.52 -0.0196677 -0.0355685 -0.024851 0.761042 -0.000346308 -5.76328e-05
82.53 -0.0189494 -0.0358644 -0.0252141 0.761043 -0.000341904 -6.83085e-05
82.54 -0.0182241 -0.0361601 -0.0255696 0.761066 -0.000341465 -7.95085e-05
82.55 -0.0174925 -0.036444 -0.0259425 0.761061 -0.000336313 -9.04333e-05
82.56 -0.0167565 -0.0367265 -0.0263058 0.761066 -0.000334786 -9.9949e-05
82.57 -0.0160184 -0.0369998 -0.0266705 0.761054 -0.000332308 -0.000109259
82.58 -0.0152803 -0.037275 -0.0270302 0.761053 -0.000331334 -0.000116044
82.59 -0.0145427 -0.0375582 -0.0273854 0.761058 -0.000331575 -0.000125549
82.6 -0.0138026 -0.037858 -0.0277531 0.761067 -0.000328471 -0.000134655
82.61 -0.0130595 -0.038179 -0.0281115 0.76109 -0.000328569 -0.000148428
82.62 -0.0123092 -0.0385056 -0.028492 0.761091 -0.000322503 -0.000159319
82.63 -0.0115553 -0.038842 -0.0288495 0.761109 -0.000322894 -0.000170943
82.64 -0.0107963 -0.0391736 -0.0292297 0.761089 -0.000316525 -0.000178082
82.65 -0.0100377 -0.0395224 -0.0295771 0.761103 -0.000318897 -0.000185948
82.66 -0.00927834 -0.0398808 -0.0299471 0.761084 -0.000314399 -0.000193445
82.67 -0.00851951 -0.0402677 -0.0302959 0.761109 -0.000316211 -0.000202824
82.68 -0.00775733 -0.0406763 -0.0306635 0.761109 -0.000312498 -0.000215776
82.69 -0.00699169 -0.041095 -0.0310284 0.761133 -0.000310364 -0.000226049
82.7 -0.00621986 -0.0415258 -0.0313948 0.761136 -0.00030753 -0.000239176
82.71 -0.00544433 -0.0419486 -0.0317698 0.761137 -0.000302568 -0.000246049
82.72 -0.0046668 -0.0423805 -0.0321246 0.761134 -0.000302844 -0.000255987
82.73 -0.00388905 -0.0428034 -0.0324997 0.761121 -0.000297659 -0.00026047
82.74 -0.00311278 -0.0432496 -0.0328474 0.76113 -0.000300331 -0.000271428
82.75 -0.002336 -0.0436963 -0.033226 0.761128 -0.000294947 -0.000280845
82.76 -0.00155721 -0.0441534 -0.0335858 0.76115 -0.000296177 -0.00029406
82.77 -0.000773922 -0.0445921 -0.0339743 0.761151 -0.000289658 -0.000303521
82.78 1.30717e-05 -0.0450246 -0.0343503 0.761161 -0.000288294 -0.000313579
82.79 0.000803613 -0.0454431 -0.0347369 0.76115 -0.000283496 -0.000322913
82.8 0.00159371 -0.0458439 -0.0351183 0.761144 -0.000281501 -0.000330326
82.81 0.00238313 -0.0462367 -0.0354964 0.761136 -0.000280208 -0.000339886
82.82 0.00317065 -0.0466083 -0.0358852 0.761136 -0.000277399 -0.000346447
82.83 0.00395842 -0.0469822 -0.0362677 0.761146 -0.000277077 -0.000358581
82.84 0.00474859 -0.0473317 -0.0366731 0.761154 -0.000271901 -0.00036716
82.85 0.00554242 -0.0476837 -0.0370694 0.761166 -0.000270448 -0.000381942
82.86 0.00633973 -0.0479925 -0.0374839 0.761159 -0.000264332 -0.000389372
82.87 0.00713871 -0.0482951 -0.0378828 0.76116 -0.000263666 -0.000400554
82.88 0.00793725 -0.0485558 -0.0382944 0.761142 -0.000258836 -0.000405058
82.89 0.00873445 -0.0488217 -0.0386931 0.761148 -0.000259234 -0.000414203
82.9 0.00953087 -0.049072 -0.039105 0.761143 -0.000255295 -0.000423252
82.91 0.0103284 -0.049326 -0.0395136 0.761164 -0.000254273 -0.000434208
82.92 0.0111287 -0.0495715 -0.0399314 0.761168 -0.000250092 -0.000447602
82.93 0.0119333 -0.0498048 -0.0403511 0.76118 -0.000246783 -0.000457074
82.94 0.0127406 -0.0500287 -0.0407686 0.761178 -0.000243194 -0.000469111
82.95 0.0135506 -0.0502315 -0.0411893 0.76117 -0.000239117 -0.000473311
82.96 0.0143588 -0.0504475 -0.0415955 0.761172 -0.000238244 -0.000484453
82.97 0.0151668 -0.0506541 -0.0420125 0.761162 -0.000234196 -0.000489071
82.98 0.0159732 -0.0508971 -0.0424128 0.761186 -0.000234911 -0.000504401
82.99 0.0167829 -0.0511271 -0.0428354 0.761183 -0.000228959 -0.000512127
83 0.0175948 -0.0513847 -0.0432419 0.761214 -0.000228171 -0.000526711
83.01 0.0184121 -0.05163 -0.0436636 0.761202 -0.000221646 -0.000534749
83.02 0.0192301 -0.0518971 -0.0440695 0.761216 -0.000219981 -0.000546157
83.03 0.0200502 -0.0521576 -0.0444775 0.761197 -0.000215807 -0.000553609
83.04 0.0208679 -0.052439 -0.0448804 0.761204 -0.000213746 -0.000561867
83.05 0.0216855 -0.0527316 -0.0452767 0.761201 -0.0002121 -0.000571661
83.06 0.0225023 -0.0530428 -0.0456857 0.761215 -0.000208077 -0.000580081
83.07 0.0233219 -0.0533797 -0.0460828 0.761229 -0.00020655 -0.000594956
83.08 0.024144 -0.0537143 -0.0464994 0.761234 -0.000200343 -0.000603143
83.09 0.0249695 -0.054071 -0.0468982 0.761241 -0.000198544 -0.000618528
83.1 0.0257959 -0.0544051 -0.0473114 0.761228 -0.000192484 -0.000622885
83.11 0.0266214 -0.0547616 -0.0477057 0.761228 -0.000191591 -0.000635351
83.12 0.0274453 -0.0550994 -0.0481125 0.761216 -0.000186964 -0.000638782
83.13 0.0282671 -0.0554682 -0.0485099 0.761229 -0.000185814 -0.000652351
83.14 0.0290889 -0.0558233 -0.0489191 0.761229 -0.000181547 -0.000660252
83.15 0.0299123 -0.0561971 -0.0493303 0.761248 -0.000178137 -0.000675264
83.16 0.0307376 -0.0565482 -0.0497441 0.761243 -0.000173903 -0.0006855
83.17 0.0315647 -0.0568887 -0.050164 0.761248 -0.00016908 -0.000695701
83.18 0.0323917 -0.0572127 -0.0505761 0.761232 -0.000166184 -0.00070523
83.19 0.0332168 -0.0575108 -0.0509967 0.761228 -0.00016169 -0.000710638
83.2 0.0340393 -0.0578154 -0.0514074 0.761222 -0.000160508 -0.000722503
83.21 0.0348608 -0.0580892 -0.0518359 0.761227 -0.000155156 -0.000728831
83.22 0.0356815 -0.0583787 -0.0522538 0.76124 -0.000154242 -0.000744844
83.23 0.0365049 -0.0586247 -0.0526957 0.761242 -0.00014697 -0.000752883
83.24 0.0373289 -0.0588758 -0.0531212 0.761252 -0.000145779 -0.000768213
83.25 0.0381555 -0.0590733 -0.0535673 0.761237 -0.000138343 -0.000774206
83.26 0.0389807 -0.0592705 -0.0539957 0.761238 -0.00013724 -0.000785014
83.27 0.0398047 -0.0594321 -0.0544346 0.761224 -0.00013228 -0.000791452
83.28 0.0406261 -0.0595953 -0.0548702 0.761232 -0.000130082 -0.000801199
83.29 0.041448 -0.0597477 -0.0553076 0.761238 -0.000126801 -0.000812779
83.3 0.04227 -0.0598901 -0.0557572 0.761249 -0.000121648 -0.000823132
83.31 0.0430949 -0.0600318 -0.056195 0.761262 -0.000119439 -0.000837946
83.32 0.0439214 -0.0601445 -0.0566532 0.761256 -0.000111767 -0.00084547
83.33 0.044749 -0.060262 -0.0570843 0.761261 -0.000111397 -0.000858335
83.34 0.0455931 -0.0603527 -0.0575564 0.761244 -0.000100008 -0.000861207
83.35 0.0464499 -0.0604739 -0.0579907 0.761256 -9.89179e-05 -0.000872451
83.36 0.0472973 -0.0605911 -0.0584293 0.761251 -9.44388e-05 -0.000880114
83.37 0.0481378 -0.0607412 -0.0588574 0.761272 -9.41985e-05 -0.000896461
83.38 0.0489793 -0.0608769 -0.059296 0.761274 -8.90985e-05 -0.000906711
83.39 0.0498204 -0.0610236 -0.0597336 0.761288 -8.58769e-05 -0.000918789
83.4 0.0506633 -0.0611634 -0.0601723 0.761282 -8.01105e-05 -0.000927128
83.41 0.0515056 -0.0613116 -0.0606095 0.761281 -7.56101e-05 -0.000934637
83.42 0.0523458 -0.0614774 -0.0610373 0.761275 -7.16687e-05 -0.000945136
83.43 0.0531838 -0.0616511 -0.0614729 0.761277 -6.62968e-05 -0.000952658
83.44 0.0540185 -0.0618494 -0.061892 0.761285 -6.39989e-05 -0.000966028
83.45 0.0548526 -0.0620479 -0.0623318 0.761291 -5.67139e-05 -0.000973559
83.46 0.0556853 -0.0622703 -0.0627493 0.761306 -5.4528e-05 -0.000987961
83.47 0.0565178 -0.0624847 -0.0631885 0.761299 -4.63646e-05 -0.000994759
83.48 0.0573485 -0.0627182 -0.0636048 0.761305 -4.40586e-05 -0.00100804
83.49 0.0581772 -0.0629372 -0.0640357 0.761285 -3.68088e-05 -0.00101318
83.5 0.0590017 -0.0631721 -0.0644519 0.761294 -3.43279e-05 -0.00102428
83.51 0.0598239 -0.0633995 -0.0648778 0.76128 -2.80603e-05 -0.00103062
83.52 0.0606417 -0.0636393 -0.0652983 0.7613 -2.47169e-05 -0.00104193
83.53 0.0614591 -0.0638784 -0.0657263 0.761295 -1.8531e-05 -0.00105267
83.54 0.0622743 -0.0641083 -0.0661529 0.761309 -1.37235e-05 -0.00106311
83.55 0.0630888 -0.0643319 -0.0665787 0.7613 -8.52199e-06 -0.00107438
83.56 0.0639014 -0.0645266 -0.0670099 0.761295 -2.35658e-06 -0.00108065
83.57 0.0647114 -0.0647198 -0.0674298 0.761288 7.97076e-07 -0.0010908
83.58 0.0655179 -0.0648808 -0.0678651 0.761278 7.85162e-06 -0.00109534
83.59 0.066322 -0.065053 -0.0682861 0.761288 1.00313e-05 -0.00110792
83.6 0.0671234 -0.0651896 -0.0687262 0.761286 1.76212e-05 -0.00111455
83.61 0.0679235 -0.0653309 -0.0691537 0.761302 2.02089e-05 -0.00112825
83.62 0.0687157 -0.0654494 -0.0696023 0.761294 2.97699e-05 -0.00113903
83.63 0.0694996 -0.0655571 -0.0700302 0.761298 3.29844e-05 -0.00115236
83.64 0.0702795 -0.0656032 -0.0704636 0.761285 3.83027e-05 -0.00115532
83.65 0.0710556 -0.0656281 -0.0708973 0.761284 4.21115e-05 -0.00115773
83.66 0.0718308 -0.0656544 -0.0713329 0.761284 4.69746e-05 -0.00116538
83.67 0.0726043 -0.0656829 -0.0717716 0.76129 5.15819e-05 -0.00117599
83.68 0.0733778 -0.0657104 -0.0722129 0.761301 5.68992e-05 -0.00119172
83.69 0.0741517 -0.0656997 -0.0726538 0.761304 6.22901e-05 -0.00119922
83.7 0.0749254 -0.0656788 -0.0730955 0.76131 6.76784e-05 -0.00120974
83.71 0.0756984 -0.0656239 -0.0735341 0.761301 7.35855e-05 -0.0012114
83.72 0.0764687 -0.0655888 -0.0739673 0.761302 7.75668e-05 -0.0012222
83.73 0.0772369 -0.0655368 -0.074405 0.761295 8.43e-05 -0.00122704
83.74 0.0780017 -0.0655084 -0.0748294 0.761306 8.67967e-05 -0.00123993
83.75 0.0787633 -0.0654624 -0.0752661 0.761309 9.42513e-05 -0.00124675
83.76 0.0795231 -0.0654299 -0.075688 0.761325 9.69839e-05 -0.00125674
83.77 0.0802803 -0.0653879 -0.0761202 0.761325 0.000104721 -0.00126324
83.78 0.0810353 -0.0653622 -0.0765378 0.761328 0.000107887 -0.00127115
83.79 0.0817864 -0.0653415 -0.0769605 0.761322 0.000114839 -0.00127976
83.8 0.0825336 -0.065325 -0.0773721 0.761315 0.000118368 -0.0012848
83.81 0.0832762 -0.0653284 -0.0777878 0.76132 0.000124587 -0.00129485
83.82 0.0840148 -0.0653261 -0.0781968 0.761317 0.000129147 -0.00129755
83.83 0.0847477 -0.0653624 -0.0786045 0.761337 0.000134128 -0.00131052
83.84 0.0854782 -0.065381 -0.0790143 0.761329 0.000140436 -0.00131305
83.85 0.0862029 -0.0654367 -0.0794126 0.761346 0.000144118 -0.00132581
83.86 0.0869252 -0.0654701 -0.0798197 0.761325 0.000151369 -0.00132813
83.87 0.087642 -0.0655308 -0.0802126 0.761333 0.000154709 -0.00133824
83.88 0.0883552 -0.0655718 -0.0806143 0.761313 0.000161679 -0.00134021
83.89 0.0890619 -0.0656318 -0.0810064 0.761323 0.000165302 -0.00134785
83.9 0.0897655 -0.0656904 -0.0814056 0.761321 0.000171823 -0.00135389
83.91 0.090463 -0.0657457 -0.0817985 0.76133 0.000175986 -0.00136014
83.92 0.0911582 -0.0658094 -0.0821968 0.761334 0.000182169 -0.00136977
83.93 0.0918487 -0.0658389 -0.0825899 0.761327 0.000186885 -0.00137221
83.94 0.0925361 -0.065882 -0.0829856 0.761327 0.000192397 -0.00138172
83.95 0.0932193 -0.0658797 -0.0833791 0.76131 0.000197444 -0.00138152
83.96 0.0938988 -0.065896 -0.0837745 0.761314 0.00020246 -0.00139117
83.97 0.094574 -0.0658667 -0.0841712 0.761306 0.000207855 -0.00139173
83.98 0.0952459 -0.0658517 -0.0845691 0.761321 0.000212723 -0.00140184
83.99 0.095913 -0.065793 -0.0849671 0.761318 0.000217939 -0.00140434
84 0.0965778 -0.0657318 -0.0853672 0.76133 0.000222871 -0.00141241
84.01 0.0972383 -0.0656358 -0.0857655 0.761318 0.000227965 -0.00141619
84.02 0.0978962 -0.0655201 -0.0861652 0.761319 0.000232748 -0.00142047
84.03 0.0985494 -0.0653858 -0.0865649 0.761307 0.000238213 -0.0014255
84.04 0.0991995 -0.0652227 -0.0869605 0.761311 0.000242442 -0.00142713
84.05 0.0998439 -0.0650604 -0.0873603 0.761313 0.000248324 -0.00143497
84.06 0.100486 -0.064862 -0.0877517 0.761323 0.000252276 -0.00143587
84.07 0.101121 -0.0646738 -0.0881466 0.761332 0.000257707 -0.00144531
84.08 0.101754 -0.0644449 -0.0885333 0.76133 0.000261795 -0.00144528
84.09 0.102381 -0.0642306 -0.0889251 0.761334 0.000267577 -0.00145407
84.1 0.103006 -0.063979 -0.0893054 0.761321 0.000271749 -0.00145302
84.11 0.103624 -0.0637428 -0.0896916 0.761327 0.00027752 -0.00145952
84.12 0.104238 -0.0634875 -0.0900653 0.761321 0.000281778 -0.0014598
84.13 0.104844 -0.0632467 -0.090443 0.761335 0.000287127 -0.00146522
84.14 0.105446 -0.0630063 -0.090811 0.76134 0.00029187 -0.00146918
84.15 0.10604 -0.062766 -0.0911768 0.761347 0.000296548 -0.00147229
84.16 0.106629 -0.0625392 -0.0915366 0.76135 0.000301559 -0.00147766
84.17 0.107211 -0.0623005 -0.0918915 0.76134 0.000306099 -0.00147697
84.18 0.107787 -0.0620905 -0.092245 0.761343 0.000311727 -0.0014828
84.19 0.108357 -0.0618686 -0.0925902 0.761329 0.000316103 -0.00148077
84.2 0.10892 -0.0616828 -0.0929392 0.761344 0.000322419 -0.00148762
84.21 0.109475 -0.0614881 -0.0932737 0.761338 0.000326177 -0.00148631
84.22 0.110023 -0.061323 -0.0936136 0.761356 0.000332303 -0.00149298
84.23 0.110564 -0.0611518 -0.0939391 0.761349 0.000336037 -0.00149219
84.24 0.111098 -0.060996 -0.0942682 0.761353 0.00034184 -0.00149621
84.25 0.111625 -0.0608424 -0.0945882 0.761341 0.000346252 -0.00149597
84.26 0.112147 -0.0606946 -0.0949093 0.761336 0.000351965 -0.00149798
84.27 0.112663 -0.0605569 -0.0952262 0.761333 0.000357008 -0.00149972
84.28 0.113172 -0.0604127 -0.0955415 0.761333 0.000362459 -0.00150049
84.29 0.113674 -0.0602778 -0.0958528 0.761343 0.000367142 -0.00150322
84.3 0.11417 -0.0601275 -0.0961616 0.761341 0.000372037 -0.00150275
84.31 0.11466 -0.0599845 -0.096469 0.761349 0.000376796 -0.00150623
84.32 0.115144 -0.0598189 -0.0967721 0.761334 0.000381344 -0.00150483
84.33 0.115623 -0.0596557 -0.0970789 0.761337 0.00038672 -0.00150836
84.34 0.116097 -0.0594638 -0.0973809 0.761319 0.00039156 -0.00150602
84.35 0.116566 -0.059271 -0.0976872 0.761332 0.000397073 -0.00150903
84.36 0.11703 -0.0590489 -0.0979879 0.761323 0.000401823 -0.00150711
84.37 0.117488 -0.0588236 -0.0982913 0.761343 0.000406852 -0.00151018
84.38 0.117939 -0.0585684 -0.098588 0.761336 0.000410993 -0.0015095
84.39 0.118385 -0.0583021 -0.0988883 0.761345 0.000415805 -0.00151135
84.4 0.118826 -0.0580083 -0.099184 0.761334 0.00042005 -0.00151129
84.41 0.119262 -0.0576953 -0.0994839 0.761331 0.000425326 -0.00151074
84.42 0.119692 -0.0573661 -0.0997818 0.76133 0.000430084 -0.00151195
84.43 0.120117 -0.0570126 -0.100081 0.761329 0.000435648 -0.0015098
84.44 0.120535 -0.0566563 -0.100375 0.761345 0.000439828 -0.00151321
84.45 0.120947 -0.0562704 -0.100669 0.761343 0.000444877 -0.00151031
84.46 0.12135 -0.055888 -0.100958 0.76136 0.000448644 -0.00151411
84.47 0.121747 -0.0554763 -0.101245 0.761348 0.000453353 -0.00151046
84.48 0.122136 -0.0550731 -0.101532 0.761354 0.000458092 -0.00151348
84.49 0.12252 -0.0546503 -0.101815 0.761342 0.000462879 -0.00151053
84.5 0.122896 -0.0542363 -0.102101 0.761347 0.000468611 -0.00151255
84.51 0.123265 -0.0538111 -0.102376 0.76135 0.000472853 -0.0015102
84.52 0.123625 -0.0533954 -0.102654 0.761358 0.000478302 -0.0015107
84.53 0.123976 -0.0529832 -0.102919 0.761368 0.000482037 -0.00151052
84.54 0.124318 -0.0525762 -0.103182 0.761366 0.000487056 -0.00150956
84.55 0.124652 -0.0521805 -0.103434 0.761368 0.000491162 -0.0015104
84.56 0.124978 -0.0517872 -0.103685 0.761356 0.000496425 -0.00150755
84.57 0.125297 -0.0514135 -0.103928 0.761357 0.000501636 -0.00150907
84.58 0.125609 -0.051041 -0.104168 0.761351 0.000507003 -0.00150526
84.59 0.125913 -0.0506928 -0.104402 0.761361 0.000512531 -0.00150739
84.6 0.126207 -0.0503447 -0.104623 0.761362 0.000516221 -0.00150332
84.61 0.126493 -0.050022 -0.104843 0.761371 0.00052178 -0.00150583
84.62 0.12677 -0.0496956 -0.10505 0.761366 0.000525067 -0.00150153
84.63 0.12704 -0.049393 -0.105258 0.761362 0.000530809 -0.00150362
84.64 0.127295 -0.0491092 -0.105465 0.761351 0.000537697 -0.00150442
84.65 0.127536 -0.0488404 -0.105662 0.761344 0.000544177 -0.00150907
84.66 0.127767 -0.0485322 -0.105844 0.761347 0.000547043 -0.00150147
84.67 0.127991 -0.0482184 -0.106028 0.761348 0.000551369 -0.00149376
84.68 0.128209 -0.0479261 -0.106206 0.761365 0.000554744 -0.00149051
84.69 0.12842 -0.0476518 -0.106382 0.761356 0.00055901 -0.00149222
84.7 0.128628 -0.0473871 -0.10656 0.761367 0.000564292 -0.00149807
84.71 0.128832 -0.0470855 -0.106729 0.761342 0.000568418 -0.00149591
84.72 0.129033 -0.0467709 -0.106906 0.761349 0.000574831 -0.00149493
84.73 0.129232 -0.0464223 -0.107072 0.761331 0.000579223 -0.00148685
84.74 0.129426 -0.0460921 -0.107243 0.761347 0.000585347 -0.00148872
84.75 0.129614 -0.045738 -0.107403 0.761349 0.000589406 -0.00148641
84.76 0.129796 -0.0453871 -0.10756 0.761362 0.000593742 -0.00149074
84.77 0.129971 -0.0449922 -0.107712 0.761365 0.000597371 -0.00148722
84.78 0.130141 -0.0445873 -0.107862 0.761358 0.000601167 -0.00148649
84.79 0.130307 -0.0441557 -0.108014 0.761358 0.000605819 -0.00148319
84.8 0.130468 -0.0437193 -0.108165 0.761343 0.000610959 -0.00148258
84.81 0.130625 -0.0432683 -0.108318 0.761355 0.000616564 -0.00148319
84.82 0.130775 -0.0427985 -0.108462 0.761352 0.00062077 -0.00148157
84.83 0.130918 -0.0423186 -0.108607 0.761375 0.000625843 -0.00148258
84.84 0.131052 -0.0418121 -0.108735 0.761373 0.000627963 -0.00147773
84.85 0.131177 -0.0413141 -0.108871 0.761385 0.000632738 -0.00147948
84.86 0.131296 -0.0407944 -0.108994 0.761372 0.000635586 -0.00147505
84.87 0.131408 -0.0402949 -0.109125 0.761373 0.000641046 -0.00147883
84.88 0.131515 -0.0397685 -0.109248 0.761362 0.000645828 -0.00147452
84.89 0.131616 -0.0392607 -0.109373 0.761371 0.000651329 -0.0014763
84.9 0.131709 -0.0387351 -0.109486 0.761376 0.000655689 -0.00147178
84.91 0.131793 -0.0382319 -0.109594 0.761388 0.000659121 -0.0014721
84.92 0.131866 -0.0377289 -0.109693 0.761394 0.000662896 -0.00147025
84.93 0.131932 -0.0372406 -0.109786 0.76139 0.000665376 -0.00146915
84.94 0.131991 -0.0367659 -0.109882 0.761387 0.000671139 -0.00146951
84.95 0.132045 -0.0362934 -0.109967 0.761371 0.000674116 -0.00146586
84.96 0.132095 -0.0358469 -0.11006 0.761375 0.000681652 -0.00146734
84.97 0.132138 -0.0353981 -0.110132 0.76137 0.000683946 -0.00146252
84.98 0.132175 -0.0349821 -0.110214 0.761385 0.000690875 -0.00146501
84.99 0.132205 -0.0345563 -0.110268 0.761385 0.000691541 -0.00145894
85 0.132226 -0.0341637 -0.110333 0.761391 0.000696871 -0.00146058
85.01 0.132242 -0.0337719 -0.11038 0.761384 0.000698554 -0.00145657
85.02 0.132254 -0.0334024 -0.110436 0.761371 0.000703986 -0.00145799
85.03 0.132264 -0.0330337 -0.110485 0.761368 0.000708642 -0.00145528
85.04 0.132271 -0.0326711 -0.110528 0.761357 0.000713116 -0.0014543
85.05 0.132275 -0.0323147 -0.11057 0.761372 0.000719314 -0.00145262
85.06 0.132285 -0.0319755 -0.11058 0.76137 0.000719759 -0.00145593
85.07 0.132298 -0.031638 -0.110604 0.761387 0.000725474 -0.00146097
85.08 0.132308 -0.0312373 -0.11061 0.761378 0.000726267 -0.00145094
85.09 0.132315 -0.0308372 -0.110629 0.761376 0.000732231 -0.00144327
85.1 0.132317 -0.0304463 -0.110633 0.761362 0.000734057 -0.001438
85.11 0.132317 -0.0300921 -0.110654 0.761357 0.000742623 -0.00144468
85.12 0.132311 -0.0297181 -0.11065 0.76136 0.000744428 -0.00144801
85.13 0.132299 -0.0293162 -0.11066 0.761368 0.000751829 -0.00144902
85.14 0.132281 -0.0288733 -0.110642 0.761383 0.000752149 -0.00144275
85.15 0.132254 -0.0284193 -0.110627 0.761386 0.000755696 -0.00143779
85.16 0.132218 -0.0279675 -0.110606 0.761391 0.000758146 -0.00143646
85.17 0.132178 -0.0275174 -0.110583 0.761377 0.000761086 -0.00143865
85.18 0.132132 -0.027051 -0.110574 0.761378 0.000768179 -0.00144105
85.19 0.132084 -0.0265559 -0.110546 0.761367 0.000770793 -0.00143914
85.2 0.13203 -0.0260418 -0.110535 0.761385 0.000778854 -0.00143724
85.21 0.131969 -0.0255092 -0.110492 0.761386 0.000779293 -0.00143224
85.22 0.131898 -0.0249836 -0.110467 0.76141 0.000786124 -0.00143285
85.23 0.131817 -0.0244492 -0.110408 0.761405 0.00078504 -0.00143111
85.24 0.131728 -0.0239166 -0.110371 0.761412 0.000791617 -0.001433
85.25 0.131633 -0.0233673 -0.110312 0.761396 0.000793131 -0.00142972
85.26 0.131534 -0.0228209 -0.110269 0.761394 0.000800072 -0.00142911
85.27 0.13143 -0.0222708 -0.110213 0.761393 0.000804873 -0.00142602
85.28 0.131321 -0.0217305 -0.110153 0.761399 0.000809614 -0.00142525
85.29 0.131204 -0.0211953 -0.110086 0.761416 0.000814587 -0.00142392
85.3 0.131079 -0.0206644 -0.109999 0.761417 0.000815735 -0.00142128
85.31 0.130945 -0.0201485 -0.109918 0.761428 0.000820816 -0.00142041
85.32 0.130805 -0.019637 -0.109816 0.76141 0.00082123 -0.00141623
85.33 0.130661 -0.0191513 -0.109735 0.761409 0.000829489 -0.00141679
85.34 0.130516 -0.0186711 -0.109628 0.761393 0.000831238 -0.00141296
85.35 0.130369 -0.0182123 -0.109541 0.761401 0.000840627 -0.00141338
85.36 0.130218 -0.017758 -0.10942 0.761404 0.000842022 -0.00140856
85.37 0.130061 -0.0173233 -0.109306 0.761415 0.000847972 -0.00140748
85.38 0.129897 -0.0168995 -0.109168 0.761419 0.000848888 -0.00140284
85.39 0.129728 -0.0164944 -0.109033 0.761414 0.00085268 -0.0014013
85.4 0.129557 -0.0161061 -0.108893 0.761406 0.000856246 -0.00139875
85.41 0.129384 -0.0157244 -0.108754 0.761391 0.000861035 -0.00139645
85.42 0.129213 -0.0153598 -0.108617 0.761389 0.000867689 -0.00139503
85.43 0.129039 -0.0149875 -0.108466 0.761389 0.000871209 -0.00139062
85.44 0.128863 -0.014631 -0.10832 0.761401 0.000878224 -0.00138871
85.45 0.12868 -0.0142652 -0.108145 0.761407 0.000877778 -0.00138329
85.46 0.128492 -0.0139141 -0.107985 0.761412 0.000883802 -0.00138179
85.47 0.128298 -0.013555 -0.107802 0.761405 0.000883524 -0.00137732
85.48 0.128104 -0.0132025 -0.107642 0.761397 0.000891139 -0.00137638
85.49 0.127907 -0.0128367 -0.107464 0.761388 0.000893321 -0.0013722
85.5 0.127711 -0.0124668 -0.107305 0.761387 0.000901775 -0.00137027
85.51 0.12751 -0.0120818 -0.107126 0.761397 0.00090474 -0.00136569
85.52 0.127305 -0.0116843 -0.10695 0.761405 0.000909913 -0.00136165
85.53 0.127091 -0.011282 -0.106761 0.761421 0.000912468 -0.00135828
85.54 0.126871 -0.0108621 -0.106563 0.761415 0.000914336 -0.0013536
85.55 0.126644 -0.010441 -0.106373 0.761421 0.000919415 -0.00135162
85.56 0.126414 -0.00999811 -0.10617 0.761402 0.00092164 -0.0013463
85.57 0.126182 -0.00955357 -0.105986 0.761409 0.000930285 -0.0013449
85.58 0.125947 -0.00908629 -0.105779 0.761402 0.000932833 -0.00133885
85.59 0.125706 -0.00861533 -0.105585 0.761422 0.00094099 -0.00133662
85.6 0.125458 -0.00812536 -0.105359 0.761429 0.00094117 -0.0013294
85.61 0.125201 -0.00763662 -0.105144 0.76144 0.000946728 -0.00132636
85.62 0.124938 -0.00714088 -0.104906 0.761441 0.000946887 -0.00132016
85.63 0.124668 -0.00664599 -0.104682 0.76143 0.00095268 -0.00131673
85.64 0.124397 -0.00615453 -0.104448 0.761429 0.000956711 -0.00131236
85.65 0.124123 -0.00565732 -0.104216 0.761418 0.00096277 -0.00130758
85.66 0.123848 -0.00516742 -0.103978 0.761433 0.000968841 -0.00130295
85.67 0.123568 -0.00467254 -0.103721 0.761432 0.000971714 -0.00129591
85.68 0.123282 -0.00419392 -0.103464 0.761453 0.000976677 -0.00129101
85.69 0.122989 -0.00371934 -0.103182 0.761446 0.000976529 -0.00128359
85.7 0.122693 -0.00326812 -0.102913 0.76145 0.00098239 -0.00127983
85.71 0.122394 -0.00282246 -0.102622 0.761433 0.000983261 -0.00127245
85.72 0.122096 -0.00239938 -0.102353 0.76143 0.000991971 -0.00126881
85.73 0.121799 -0.00198372 -0.102055 0.761422 0.000994365 -0.00126123
85.74 0.121502 -0.00158422 -0.10177 0.761431 0.00100222 -0.00125616
85.75 0.121203 -0.00119827 -0.101451 0.761437 0.00100367 -0.00124808
85.76 0.120899 -0.000824876 -0.101135 0.761444 0.0010073 -0.00124156
85.77 0.120591 -0.000471612 -0.100803 0.761443 0.00100954 -0.00123359
85.78 0.120282 -0.000133757 -0.100467 0.761434 0.00101139 -0.00122776
85.79 0.119973 0.000185594 -0.100141 0.761426 0.00101799 -0.00122119
85.8 0.119667 0.000496984 -0.099798 0.761413 0.00102055 -0.00121523
85.81 0.119362 0.000797556 -0.0994714 0.761419 0.00102955 -0.0012086
85.82 0.119057 0.00110479 -0.0991084 0.76142 0.00102968 -0.00119911
85.83 0.118748 0.00139559 -0.098765 0.761436 0.00103719 -0.00119211
85.84 0.118434 0.00168761 -0.0983809 0.761435 0.0010351 -0.00118308
85.85 0.118117 0.00196769 -0.0980221 0.761438 0.00104119 -0.00117724
85.86 0.117798 0.00225411 -0.0976399 0.761428 0.0010419 -0.00116836
85.87 0.117479 0.00253714 -0.0972761 0.761419 0.00104804 -0.0011623
85.88 0.117161 0.00283015 -0.0969071 0.761419 0.00105364 -0.00115339
85.89 0.116842 0.00312678 -0.0965303 0.761418 0.00105754 -0.00114649
85.9 0.116519 0.00343572 -0.0961574 0.761437 0.00106397 -0.00113742
85.91 0.116192 0.00375537 -0.0957564 0.761439 0.00106328 -0.00112843
85.92 0.115857 0.00408062 -0.0953747 0.761453 0.00106949 -0.00111987
85.93 0.115517 0.00441842 -0.0949635 0.761444 0.00106761 -0.00111015
85.94 0.115175 0.00475681 -0.0945865 0.761443 0.00107624 -0.0011032
85.95 0.114833 0.00510847 -0.0941827 0.761433 0.00107706 -0.00109417
85.96 0.114489 0.00546933 -0.0938054 0.761435 0.0010865 -0.00108698
85.97 0.114143 0.00584553 -0.0933998 0.761445 0.00108827 -0.0010763
85.98 0.113793 0.00623145 -0.0930004 0.761454 0.00109369 -0.00106747
85.99 0.113436 0.00662323 -0.0925863 0.761468 0.00109559 -0.00105612
86 0.113084 0.00700291 -0.0921572 0.761466 0.00109627 -0.00105165
86.01 0.112738 0.0073876 -0.0917426 0.761468 0.001101 -0.00104501
86.02 0.112391 0.00780988 -0.09132 0.761453 0.00110363 -0.0010318
86.03 0.112045 0.00823167 -0.0909168 0.761454 0.0011123 -0.00101648
86.04 0.111698 0.00863822 -0.0904835 0.761447 0.00111422 -0.00100552
86.05 0.11135 0.00901574 -0.0900668 0.761462 0.00112289 -0.000998646
86.06 0.110997 0.00938456 -0.0896089 0.761463 0.00112202 -0.000992742
86.07 0.11064 0.00976423 -0.0891662 0.761479 0.00112804 -0.000981682
86.08 0.110278 0.0101386 -0.0886926 0.761469 0.00112687 -0.000968664
86.09 0.109916 0.0105031 -0.0882349 0.761469 0.00113246 -0.000955562
86.1 0.109554 0.0108339 -0.087765 0.761451 0.00113552 -0.000945292
86.11 0.109197 0.0111428 -0.0872969 0.76145 0.00114135 -0.000938483
86.12 0.108841 0.0114384 -0.0868256 0.761448 0.00114752 -0.000928768
86.13 0.108486 0.0117332 -0.0863307 0.761454 0.00114999 -0.000918218
86.14 0.108128 0.0120168 -0.0858411 0.761466 0.00115588 -0.000903722
86.15 0.107769 0.0122857 -0.085317 0.761463 0.00115471 -0.000891418
86.16 0.107407 0.0125265 -0.0848138 0.761467 0.00116117 -0.000879186
86.17 0.107047 0.012744 -0.0842837 0.761447 0.00116129 -0.000870942
86.18 0.106689 0.0129514 -0.083778 0.761447 0.0011699 -0.000860069
86.19 0.106335 0.0131495 -0.0832481 0.761434 0.00117251 -0.00085012
86.2 0.105982 0.013347 -0.0827299 0.761446 0.0011804 -0.000837154
86.21 0.105629 0.013539 -0.0821871 0.761449 0.00118283 -0.00082422
86.22 0.105272 0.0137209 -0.0816432 0.761461 0.00118685 -0.000811811
86.23 0.104913 0.0138962 -0.0810898 0.761462 0.00118969 -0.000799692
86.24 0.104551 0.0140669 -0.0805327 0.761457 0.00119221 -0.000788096
86.25 0.10419 0.0142315 -0.0799857 0.761451 0.00119885 -0.000777321
86.26 0.10383 0.0144041 -0.0794264 0.761443 0.00120185 -0.000765556
86.27 0.10347 0.0145784 -0.0788832 0.761446 0.00121118 -0.000753928
86.28 0.10311 0.0147638 -0.0783145 0.761452 0.00121303 -0.000741466
86.29 0.102746 0.0149593 -0.077759 0.761466 0.00122112 -0.000727961
86.3 0.102377 0.0151595 -0.0771744 0.761473 0.00122073 -0.000715164
86.31 0.102003 0.0153696 -0.0766087 0.761477 0.00122762 -0.00070188
86.32 0.101626 0.0155814 -0.076025 0.761471 0.0012289 -0.000689724
86.33 0.101248 0.0158034 -0.0754615 0.761465 0.00123685 -0.000677883
86.34 0.10087 0.0160288 -0.0748859 0.761462 0.00124141 -0.000666399
86.35 0.100477 0.0162776 -0.0742992 0.761465 0.00124495 -0.000654629
86.36 0.100068 0.0165375 -0.0737138 0.761475 0.00124913 -0.000642184
86.37 0.0996633 0.0168236 -0.0731323 0.761484 0.00125469 -0.000626971
86.38 0.0992594 0.0171091 -0.0725503 0.761495 0.00126153 -0.000610998
86.39 0.0988532 0.0173915 -0.0719494 0.76149 0.00126351 -0.00059823
86.4 0.0984468 0.0176669 -0.0713666 0.76149 0.00127217 -0.000585338
86.41 0.0980418 0.0179363 -0.0707573 0.761474 0.00127355 -0.000575268
86.42 0.0976381 0.0182109 -0.0701746 0.761478 0.00128413 -0.000562301
86.43 0.0972368 0.018488 -0.0695582 0.761473 0.00128575 -0.000548727
86.44 0.0968347 0.0187633 -0.0689592 0.761487 0.00129484 -0.000534006
86.45 0.0964322 0.0190297 -0.0683288 0.761491 0.0012957 -0.000519133
86.46 0.0960281 0.0192845 -0.067707 0.761495 0.00130183 -0.000505218
86.47 0.095625 0.0195183 -0.0670746 0.761491 0.00130496 -0.000491934
86.48 0.0952243 0.019741 -0.0664383 0.761477 0.00130958 -0.000479692
86.49 0.0948271 0.019945 -0.0658125 0.761475 0.00131709 -0.000466428
86.5 0.0944351 0.0201396 -0.0651667 0.761462 0.0013212 -0.000454136
86.51 0.0940459 0.0203214 -0.0645339 0.761475 0.00133011 -0.000439005
86.52 0.093658 0.0204911 -0.0638691 0.761472 0.00133206 -0.000425357
86.53 0.0932715 0.0206423 -0.06322 0.761488 0.00134015 -0.000409915
86.54 0.0928839 0.0207793 -0.0625357 0.761478 0.00134023 -0.000396041
86.55 0.092499 0.0208923 -0.0618783 0.761479 0.00134898 -0.000382023
86.56 0.0921176 0.0209904 -0.061194 0.761463 0.00135138 -0.000369705
86.57 0.0917405 0.0210744 -0.060529 0.761461 0.00136039 -0.000356263
86.58 0.0913663 0.0211476 -0.0598465 0.761457 0.00136551 -0.000343867
86.59 0.090995 0.0212202 -0.0591636 0.761466 0.00137209 -0.00032883
86.6 0.0906222 0.0212855 -0.0584733 0.761474 0.00137795 -0.000313957
86.61 0.0902504 0.0213453 -0.0577717 0.76148 0.0013816 -0.000298957
86.62 0.0898768 0.0213984 -0.0570767 0.761481 0.00138845 -0.000283863
86.63 0.0895045 0.0214396 -0.0563674 0.761474 0.00139132 -0.000271579
86.64 0.0891334 0.0214819 -0.0556791 0.761469 0.001401 -0.000258022
86.65 0.0887651 0.0215229 -0.0549676 0.761463 0.00140425 -0.000246238
86.66 0.0883967 0.0215792 -0.0542798 0.761472 0.00141516 -0.000231044
86.67 0.0880288 0.0216378 -0.05356 0.761477 0.0014175 -0.000217345
86.68 0.0876578 0.0217136 -0.0528605 0.761493 0.00142667 -0.000200873
86.69 0.0872854 0.0217864 -0.0521362 0.761494 0.00142905 -0.000186554
86.7 0.0869114 0.0218683 -0.0514277 0.761498 0.00143653 -0.000172481
86.71 0.0865376 0.021953 -0.0507111 0.761489 0.00144171 -0.000158506
86.72 0.0861654 0.0220409 -0.0500005 0.761485 0.00144874 -0.000147442
86.73 0.0857942 0.0221479 -0.0492907 0.761486 0.00145669 -0.000132196
86.74 0.0854237 0.0222591 -0.048571 0.761489 0.00146201 -0.000120319
86.75 0.0850525 0.0223935 -0.0478596 0.761505 0.00147108 -0.000102667
86.76 0.0846799 0.0225247 -0.0471231 0.761507 0.00147318 -8.95545e-05
86.77 0.0843063 0.0226682 -0.0464098 0.761517 0.00148319 -7.25414e-05
86.78 0.083934 0.0227995 -0.0456668 0.761507 0.00148448 -6.08222e-05
86.79 0.0835627 0.0229358 -0.0449534 0.761503 0.00149555 -4.69607e-05
86.8 0.0831948 0.0230678 -0.0442143 0.761495 0.00149891 -3.50765e-05
86.81 0.0828291 0.0232045 -0.0434923 0.761495 0.00150919 -2.15967e-05
86.82 0.0824647 0.0233452 -0.0427505 0.761503 0.00151405 -6.3398e-06
86.83 0.0821013 0.023479 -0.04201 0.761507 0.00152153 7.75102e-06
86.84 0.081738 0.0236105 -0.0412616 0.761518 0.00152731 2.43377e-05
86.85 0.0813755 0.0237208 -0.0405047 0.761509 0.00153242 3.65813e-05
86.86 0.0810154 0.0238226 -0.0397577 0.761509 0.00154071 5.1654e-05
86.87 0.0806579 0.0239015 -0.0389912 0.761492 0.00154492 6.17928e-05
86.88 0.080304 0.0239761 -0.0382457 0.761493 0.00155575 7.66271e-05
86.89 0.0799523 0.0240334 -0.0374685 0.761487 0.00155932 8.76182e-05
86.9 0.0796021 0.024091 -0.0367116 0.761499 0.00156987 0.000104801
86.91 0.0792519 0.0241236 -0.0359241 0.761501 0.00157323 0.000116843
86.92 0.0789028 0.0241523 -0.0351512 0.761509 0.00158208 0.00013397
86.93 0.0785531 0.0241526 -0.0343588 0.761501 0.00158633 0.000146036
86.94 0.0782064 0.0241381 -0.0335785 0.761496 0.0015948 0.000159485
86.95 0.0778603 0.0241058 -0.0327875 0.761486 0.00160112 0.000170903
86.96 0.0775166 0.0240629 -0.0319979 0.761485 0.00160871 0.00018262
86.97 0.0771725 0.0240232 -0.0312083 0.76149 0.00161715 0.000197612
86.98 0.0768286 0.0239696 -0.0304025 0.761496 0.00162221 0.000210169
86.99 0.0764818 0.0239252 -0.0296104 0.761509 0.00163164 0.000227853
87 0.0761357 0.0238526 -0.0287938 0.761506 0.00163496 0.000238376
87.01 0.0757864 0.023796 -0.0279998 0.761511 0.00164479 0.000255302
87.02 0.0754391 0.0237086 -0.0271856 0.761496 0.00164896 0.00026346
87.03 0.0750905 0.0236434 -0.0263919 0.761501 0.00165917 0.000277986
87.04 0.0747423 0.0235685 -0.0255794 0.761495 0.00166406 0.000288049
87.05 0.0743918 0.0235186 -0.0247825 0.76151 0.00167356 0.000303355
87.06 0.0740404 0.0234721 -0.0239704 0.761516 0.00167903 0.000317496
87.07 0.0736856 0.023434 -0.0231648 0.761528 0.00168619 0.000331526
87.08 0.0733305 0.0234047 -0.0223596 0.76153 0.00169341 0.000346512
87.09 0.0729736 0.0233684 -0.0215481 0.761525 0.00169837 0.000356359
87.1 0.0726168 0.0233527 -0.0207531 0.761523 0.00170795 0.000370494
87.11 0.0722597 0.0233302 -0.0199416 0.761517 0.00171222 0.000378338
87.12 0.0719018 0.0233446 -0.0191488 0.761525 0.00172251 0.0003946
87.13 0.0715422 0.0233555 -0.018336 0.76153 0.00172644 0.000405037
87.14 0.0711819 0.0233945 -0.01754 0.761543 0.00173615 0.000422417
87.15 0.0708189 0.0234244 -0.0167241 0.761547 0.00173959 0.000433428
87.16 0.0704557 0.0234674 -0.0159245 0.761547 0.00174824 0.000448371
87.17 0.0700915 0.0235009 -0.0151134 0.761541 0.00175313 0.000458103
87.18 0.069728 0.0235408 -0.0143086 0.761533 0.00176043 0.000469985
87.19 0.0693637 0.023582 -0.0135037 0.761533 0.00176759 0.000480813
87.2 0.0689999 0.0236263 -0.0126898 0.761535 0.00177324 0.000492465
87.21 0.0686335 0.0236792 -0.0118825 0.761545 0.00178121 0.000506946
87.22 0.0682666 0.0237216 -0.0110591 0.76155 0.00178538 0.000518838
87.23 0.0678972 0.0237688 -0.0102474 0.761555 0.00179349 0.000535061
87.24 0.0675278 0.0237843 -0.00941909 0.761546 0.00179717 0.000543678
87.25 0.067157 0.0238007 -0.00860509 0.761543 0.00180561 0.000557326
87.26 0.0667856 0.023787 -0.00777273 0.761531 0.00180931 0.000563616
87.27 0.0664119 0.0237842 -0.00695447 0.761535 0.00181796 0.000577809
87.28 0.0660369 0.0237623 -0.00611774 0.761535 0.00182213 0.000587644
87.29 0.0656578 0.0237423 -0.00528786 0.761548 0.00182943 0.000603142
87.3 0.0652583 0.0237032 -0.00442803 0.761549 0.00183008 0.000613433
87.31 0.0648393 0.0236588 -0.00357802 0.76155 0.00183359 0.000625167
87.32 0.0644273 0.0236056 -0.00275295 0.761545 0.00184292 0.000637414
87.33 0.0640205 0.0235309 -0.0019115 0.761537 0.00184838 0.000647617
87.34 0.0636108 0.0234547 -0.00108164 0.761541 0.0018574 0.000660344
87.35 0.0631991 0.0233509 -0.000229166 0.761536 0.00186093 0.00066797
87.36 0.062782 0.0232631 0.000612899 0.761555 0.00186832 0.000682279
87.37 0.0623598 0.0231542 0.00147283 0.761551 0.00187072 0.000691733
87.38 0.0619327 0.0230616 0.00231861 0.761568 0.00187768 0.000707648
87.39 0.0615015 0.0229426 0.00317733 0.761556 0.0018804 0.000716579
87.4 0.061066 0.0228293 0.0040245 0.761562 0.00188661 0.000728255
87.41 0.0606263 0.0227056 0.00487881 0.761553 0.00189029 0.000736134
87.42 0.0601818 0.0225922 0.00572721 0.76156 0.00189565 0.000745891
87.43 0.0597321 0.0224945 0.00657843 0.761564 0.00190019 0.000757709
87.44 0.0592765 0.0224048 0.00742999 0.761575 0.00190427 0.000769206
87.45 0.0588157 0.0223326 0.00827728 0.761584 0.00190953 0.000783411
87.46 0.0583494 0.0222555 0.00913161 0.761586 0.00191201 0.000792815
87.47 0.0578782 0.0221925 0.00997293 0.761588 0.001918 0.000804694
87.48 0.0574023 0.0221282 0.010826 0.761581 0.00191967 0.000811192
87.49 0.0569211 0.0220877 0.0116642 0.761584 0.00192578 0.000822799
87.5 0.0564348 0.0220569 0.0125134 0.761583 0.0019278 0.000830773
87.51 0.0559433 0.0220504 0.0133539 0.761596 0.00193296 0.000844144
87.52 0.0554458 0.0220515 0.0142017 0.761598 0.00193513 0.000853827
87.53 0.054944 0.0220665 0.0150411 0.761611 0.00193954 0.000866633
87.54 0.054437 0.0220848 0.0158857 0.761604 0.00194148 0.000875972
87.55 0.0539257 0.0221079 0.0167202 0.761607 0.00194544 0.000886273
87.56 0.0534102 0.0221336 0.0175593 0.761597 0.00194766 0.000894474
87.57 0.0528899 0.0221623 0.0183935 0.761599 0.00195066 0.000902791
87.58 0.0523649 0.0222024 0.0192278 0.761601 0.00195371 0.000913114
87.59 0.0518355 0.022242 0.0200655 0.761606 0.00195546 0.000922373
87.6 0.0513005 0.0222936 0.0208979 0.761616 0.0019589 0.000936039
87.61 0.0507619 0.0223267 0.0217379 0.761614 0.00195962 0.000944634
87.62 0.0502184 0.0223602 0.0225676 0.761618 0.00196321 0.000956573
87.63 0.0496714 0.022368 0.0234083 0.761606 0.0019632 0.000962399
87.64 0.0491194 0.0223748 0.0242351 0.761608 0.00196699 0.000971944
87.65 0.0485633 0.022369 0.0250767 0.761602 0.00196669 0.000979101
87.66 0.0480011 0.022362 0.0259058 0.76161 0.00196999 0.00099017
87.67 0.0474342 0.0223446 0.0267475 0.761617 0.00196996 0.00100014
87.68 0.0468616 0.0223116 0.0275821 0.761621 0.00197192 0.0010106
87.69 0.0462842 0.0222687 0.0284206 0.761628 0.00197272 0.00102101
87.7 0.0457016 0.0222009 0.029259 0.761619 0.00197323 0.00102908
87.71 0.0451136 0.0221263 0.0300943 0.761623 0.00197462 0.00103828
87.72 0.0445201 0.0220282 0.0309336 0.761613 0.00197435 0.00104443
87.73 0.0439203 0.0219347 0.0317675 0.761625 0.00197581 0.00105412
87.74 0.0433137 0.0218279 0.0326076 0.761625 0.00197496 0.00106223
87.75 0.0427007 0.0217286 0.0334394 0.761641 0.00197637 0.00107396
87.76 0.0420808 0.0216155 0.0342779 0.761643 0.00197509 0.00108326
87.77 0.0414545 0.0215039 0.0351061 0.76165 0.00197614 0.0010939
87.78 0.0408218 0.021376 0.0359399 0.761645 0.00197476 0.00110085
87.79 0.0401821 0.0212543 0.0367662 0.761646 0.00197485 0.00110858
87.8 0.0395349 0.0211315 0.0375945 0.761646 0.0019737 0.00111583
87.81 0.03888 0.0210236 0.0384183 0.761652 0.00197308 0.00112392
87.82 0.038217 0.0209277 0.0392428 0.761663 0.00197173 0.00113448
87.83 0.0375465 0.0208426 0.0400611 0.76167 0.00197089 0.0011434
87.84 0.0368685 0.0207701 0.0408795 0.761681 0.00196923 0.00115486
87.85 0.0361834 0.0206965 0.0416917 0.761675 0.0019679 0.00116098
87.86 0.0354902 0.0206422 0.0425025 0.761682 0.00196597 0.00117096
87.87 0.0347898 0.0205856 0.04331 0.761669 0.0019639 0.0011747
87.88 0.0340803 0.0205617 0.0441145 0.761682 0.0019619 0.00118508
87.89 0.0333641 0.0205406 0.0449187 0.761678 0.00195918 0.00119058
87.9 0.0326389 0.020551 0.0457176 0.761697 0.00195723 0.00120204
87.91 0.0319077 0.0205652 0.0465186 0.761696 0.00195386 0.00121
87.92 0.0311688 0.020596 0.0473112 0.761704 0.00195185 0.00122004
87.93 0.0304332 0.0206569 0.0481161 0.761702 0.00194553 0.00123336
87.94 0.0296994 0.0207133 0.0489012 0.761696 0.00194292 0.00124329
87.95 0.0289647 0.0207413 0.0496838 0.761698 0.00194083 0.00124488
87.96 0.028225 0.0207556 0.0504703 0.761692 0.00193775 0.00124184
87.97 0.0274754 0.0208216 0.0512558 0.761704 0.00193453 0.00125114
87.98 0.0267172 0.020903 0.052044 0.761704 0.00193073 0.00126263
87.99 0.0259504 0.0210001 0.0528335 0.761715 0.00192627 0.00127986
88 0.0251763 0.0210535 0.0536212 0.761713 0.00192213 0.00128599
88.01 0.024396 0.0210886 0.0544117 0.761714 0.00191672 0.00129118
88.02 0.0236079 0.0211095 0.0551971 0.76171 0.00191245 0.00129309
88.03 0.0228134 0.0211373 0.0559833 0.761707 0.00190709 0.00130057
88.04 0.02201 0.0211693 0.0567679 0.761712 0.00190195 0.00130975
88.05 0.0212007 0.0211872 0.0575461 0.761715 0.00189716 0.0013198
88.06 0.0203838 0.021191 0.0583286 0.761727 0.00189121 0.00132808
88.07 0.0195612 0.0211695 0.0591017 0.761729 0.0018863 0.00133434
88.08 0.0187318 0.0211424 0.059877 0.761736 0.00188043 0.00134167
88.09 0.0178965 0.0210967 0.0606475 0.761731 0.00187471 0.00134776
88.1 0.017053 0.0210504 0.0614174 0.761734 0.00186853 0.00135629
88.11 0.0162042 0.020981 0.0621835 0.761731 0.00186242 0.00136175
88.12 0.0153468 0.0209117 0.0629494 0.761741 0.00185561 0.0013692
88.13 0.014484 0.0208278 0.0637082 0.761746 0.00184953 0.001375
88.14 0.0136135 0.0207537 0.0644661 0.761759 0.0018425 0.00138412
88.15 0.0127376 0.0206668 0.0652174 0.761764 0.00183604 0.00139139
88.16 0.0118545 0.0205856 0.0659651 0.761767 0.00182886 0.00139978
88.17 0.010966 0.0204917 0.0667087 0.761769 0.00182183 0.00140583
88.18 0.0100697 0.0203993 0.067448 0.761764 0.00181424 0.00141033
88.19 0.00916743 0.0203141 0.0681838 0.761776 0.00180676 0.00141677
88.2 0.00825723 0.0202377 0.068916 0.761773 0.00179865 0.00142182
88.21 0.00734082 0.0201817 0.0696423 0.761795 0.00179102 0.0014314
88.22 0.00641826 0.0201296 0.0703638 0.761791 0.00178284 0.00143748
88.23 0.00548938 0.0200956 0.0710796 0.761808 0.00177465 0.00144702
88.24 0.00455523 0.0200564 0.0717871 0.761797 0.00176672 0.00145046
88.25 0.00361434 0.0200379 0.0724933 0.761805 0.00175755 0.00145743
88.26 0.00266681 0.0200236 0.0731908 0.761799 0.0017492 0.00146043
88.27 0.00171238 0.0200329 0.0738871 0.761805 0.00173962 0.00146717
88.28 0.000751702 0.0200575 0.0745763 0.761812 0.00173083 0.00147306
88.29 -0.000215469 0.0200972 0.075263 0.761818 0.00172107 0.00148035
88.3 -0.00118725 0.0201495 0.075941 0.761828 0.00171232 0.00148735
88.31 -0.00216461 0.0202046 0.0766185 0.761823 0.00170223 0.00149271
88.32 -0.00314708 0.0202699 0.0772876 0.761828 0.00169295 0.00149868
88.33 -0.00413487 0.0203326 0.0779558 0.761818 0.00168268 0.0015018
88.34 -0.00512841 0.0204068 0.0786199 0.761824 0.00167241 0.00150734
88.35 -0.00612773 0.0204815 0.0792812 0.761822 0.00166197 0.00151108
88.36 -0.00713147 0.0205662 0.0799385 0.761834 0.00165138 0.00151842
88.37 -0.00813982 0.0206455 0.0805923 0.761836 0.00164104 0.00152313
88.38 -0.00915149 0.0207261 0.0812429 0.761845 0.00163017 0.00153082
88.39 -0.0101669 0.0207922 0.0818894 0.76184 0.00161985 0.00153455
88.4 -0.0111857 0.0208498 0.0825365 0.761841 0.00160816 0.00153989
88.41 -0.0122088 0.020893 0.083178 0.761837 0.00159763 0.00154227
88.42 -0.0132354 0.0209301 0.0838235 0.76184 0.00158513 0.00154716
88.43 -0.0142666 0.0209579 0.084462 0.761846 0.00157429 0.00155119
88.44 -0.0152994 0.0209753 0.085101 0.761853 0.00156211 0.00155684
88.45 -0.0163358 0.0209865 0.0857358 0.761865 0.00155079 0.00156302
88.46 -0.0173732 0.0209757 0.0863677 0.761864 0.00153883 0.00156788
88.47 -0.0184136 0.0209556 0.0869971 0.761871 0.00152705 0.00157292
88.48 -0.0194555 0.0209085 0.0876246 0.761864 0.00151471 0.00157488
88.49 -0.0205017 0.0208605 0.0882505 0.76187 0.00150216 0.00157893
88.5 -0.0215497 0.0207958 0.0888745 0.761872 0.00148944 0.00158153
88.51 -0.0226019 0.0207367 0.0894954 0.761883 0.00147657 0.00158719
88.52 -0.0236536 0.020666 0.09011 0.761894 0.00146442 0.00159186
88.53 -0.0247082 0.0205945 0.0907223 0.761898 0.00145125 0.00159725
88.54 -0.0257636 0.0205136 0.091326 0.761909 0.00143883 0.00160127
88.55 -0.0268217 0.0204284 0.0919246 0.761901 0.00142558 0.00160417
88.56 -0.0278817 0.0203432 0.0925178 0.761911 0.00141236 0.00160701
88.57 -0.0289456 0.0202603 0.0931054 0.761904 0.00139868 0.00160903
88.58 -0.0300119 0.0201891 0.0936876 0.76192 0.00138495 0.00161309
88.59 -0.0310814 0.0201266 0.0942633 0.761921 0.00137111 0.00161654
88.6 -0.032152 0.0200762 0.0948303 0.761937 0.00135758 0.00162168
88.61 -0.0332242 0.0200331 0.095391 0.761939 0.0013437 0.00162484
88.62 -0.0342972 0.0199982 0.0959419 0.761942 0.00133018 0.0016285
88.63 -0.0353722 0.0199716 0.0964883 0.761941 0.00131578 0.00162984
88.64 -0.0364487 0.0199572 0.097026 0.761938 0.0013017 0.00163239
88.65 -0.0375282 0.0199544 0.09756 0.761944 0.00128663 0.00163324
88.66 -0.0386086 0.0199718 0.0980849 0.761946 0.00127223 0.00163711
88.67 -0.0396901 0.0199995 0.0986029 0.761959 0.00125752 0.00163944
88.68 -0.0407709 0.020043 0.0991144 0.76196 0.00124291 0.00164366
88.69 -0.0418514 0.0200894 0.0996157 0.761969 0.00122869 0.00164569
88.7 -0.0429304 0.0201438 0.100114 0.76196 0.0012137 0.00164782
88.71 -0.0440097 0.020199 0.100604 0.761966 0.001199 0.00164866
88.72 -0.0450881 0.0202597 0.101093 0.761955 0.0011834 0.0016493
88.73 -0.046167 0.0203265 0.101574 0.761968 0.00116803 0.00165131
88.74 -0.047244 0.0203935 0.102051 0.761965 0.00115251 0.00165242
88.75 -0.048319 0.0204661 0.102521 0.761981 0.00113731 0.00165615
88.76 -0.0493904 0.0205275 0.102985 0.76198 0.00112212 0.00165696
88.77 -0.0504587 0.0205877 0.103442 0.761985 0.00110695 0.00166008
88.78 -0.0515232 0.0206296 0.103897 0.761983 0.00109154 0.00165929
88.79 -0.052586 0.0206652 0.104349 0.761979 0.00107549 0.00166063
88.8 -0.0536455 0.0206873 0.104796 0.761985 0.00105962 0.00165988
88.81 -0.0547019 0.0207013 0.105241 0.761984 0.00104353 0.00166148
88.82 -0.0557546 0.0207062 0.105682 0.762001 0.00102738 0.00166252
88.83 -0.0568024 0.0206967 0.106115 0.762002 0.00101178 0.00166468
88.84 -0.0578447 0.0206737 0.106545 0.762015 0.000995865 0.00166555
88.85 -0.0588816 0.0206304 0.106969 0.762011 0.000980364 0.00166607
88.86 -0.0599139 0.0205758 0.107391 0.762015 0.000964022 0.00166594
88.87 -0.0609423 0.0205027 0.107808 0.762014 0.000947718 0.00166525
88.88 -0.0619669 0.0204239 0.108222 0.762018 0.00093101 0.00166522
88.89 -0.0629874 0.0203331 0.108632 0.762029 0.000914369 0.00166524
88.9 -0.0640029 0.0202411 0.109035 0.762036 0.000898106 0.00166663
88.91 -0.0650045 0.0201575 0.109439 0.762051 0.000879642 0.00167092
88.92 -0.0659918 0.0200699 0.109828 0.762052 0.000863141 0.00167474
88.93 -0.0669695 0.0199402 0.110202 0.762058 0.000849128 0.00166925
88.94 -0.0679405 0.0198067 0.110579 0.762053 0.000833197 0.00166331
88.95 -0.0689109 0.0196871 0.110949 0.762056 0.000817062 0.00166043
88.96 -0.0698788 0.0195955 0.11132 0.762058 0.000799893 0.00166324
88.97 -0.0708546 0.0195235 0.111679 0.762068 0.000782449 0.00167069
88.98 -0.0718342 0.0194412 0.112028 0.762078 0.000766276 0.00167498
88.99 -0.0728079 0.0193155 0.112379 0.762085 0.000748395 0.00166768
89 -0.0737755 0.0191896 0.11271 0.762091 0.000733993 0.0016576
89.01 -0.0747374 0.0191028 0.113046 0.762088 0.000716229 0.00165522
89.02 -0.0756946 0.0190558 0.113366 0.76209 0.000700079 0.00165838
89.03 -0.076647 0.0190228 0.113687 0.762084 0.000682269 0.00166354
89.04 -0.0775936 0.0189755 0.113997 0.762094 0.000665247 0.0016615
89.05 -0.0785341 0.0189229 0.114295 0.762092 0.000649233 0.00165721
89.06 -0.0794678 0.018878 0.114588 0.76211 0.000632489 0.00165102
89.07 -0.0803944 0.0188606 0.114867 0.762105 0.000617142 0.0016505
89.08 -0.0813139 0.0188617 0.115144 0.762117 0.000600094 0.00165112
89.09 -0.0822256 0.0188636 0.11541 0.762106 0.000584446 0.00165155
89.1 -0.083131 0.0188574 0.115675 0.76211 0.000566841 0.00164818
89.11 -0.0840291 0.0188461 0.115928 0.762106 0.00055129 0.00164356
89.12 -0.0849206 0.0188381 0.116182 0.762111 0.000533542 0.00163941
89.13 -0.0858039 0.0188401 0.116422 0.762121 0.00051794 0.00163774
89.14 -0.0866776 0.0188409 0.116659 0.762124 0.000501369 0.00163701
89.15 -0.0875412 0.0188357 0.116887 0.762137 0.000485694 0.0016353
89.16 -0.088394 0.0188114 0.117108 0.762129 0.000470072 0.00163181
89.17 -0.0892373 0.0187784 0.117327 0.762137 0.000453914 0.00162698
89.18 -0.0900714 0.0187335 0.117539 0.762128 0.000437773 0.00162346
89.19 -0.0908968 0.0186859 0.11775 0.762138 0.00042123 0.00162018
89.2 -0.0917125 0.0186232 0.117955 0.76214 0.000404926 0.00161837
89.21 -0.0925177 0.0185471 0.118153 0.762154 0.000389095 0.0016146
89.22 -0.093311 0.0184516 0.118345 0.762161 0.000373693 0.00161146
89.23 -0.0940926 0.018341 0.11853 0.762168 0.000358459 0.00160621
89.24 -0.0948629 0.0182195 0.11871 0.76217 0.000343051 0.00160326
89.25 -0.0956228 0.0180843 0.118887 0.76217 0.000327302 0.00159863
89.26 -0.0963734 0.0179378 0.11906 0.762172 0.000311272 0.00159568
89.27 -0.0971141 0.0177763 0.11923 0.762177 0.000295097 0.0015908
89.28 -0.0978449 0.0176052 0.11939 0.762188 0.000279759 0.00158699
89.29 -0.0985639 0.0174197 0.119547 0.762197 0.000263948 0.00158115
89.3 -0.0992714 0.0172341 0.119689 0.762208 0.000249913 0.00157737
89.31 -0.0999667 0.0170407 0.119831 0.762209 0.000234272 0.00157245
89.32 -0.100652 0.0168468 0.119962 0.762213 0.000219694 0.00156857
89.33 -0.101325 0.0166433 0.120092 0.76221 0.00020403 0.00156225
89.34 -0.10199 0.0164428 0.120214 0.762215 0.000188617 0.00155711
89.35 -0.102644 0.0162463 0.120328 0.762219 0.000173165 0.00155187
89.36 -0.103288 0.0160506 0.120435 0.762228 0.000158028 0.00154656
89.37 -0.103919 0.0158633 0.12053 0.762238 0.000143648 0.00154132
89.38 -0.104538 0.0156743 0.120618 0.76224 0.000129235 0.00153482
89.39 -0.105143 0.0155004 0.120695 0.762248 0.00011536 0.00152923
89.4 -0.105738 0.0153249 0.120769 0.762237 0.000100326 0.0015221
89.41 -0.10632 0.0151707 0.120832 0.762245 8.59342e-05 0.0015171
89.42 -0.106892 0.0150129 0.120892 0.762237 7.06729e-05 0.00151003
89.43 -0.107451 0.014873 0.120941 0.762251 5.63181e-05 0.00150453
89.44 -0.107998 0.0147314 0.120982 0.762252 4.20116e-05 0.0014973
89.45 -0.108529 0.0145981 0.121009 0.762263 2.90383e-05 0.00148981
89.46 -0.109046 0.0144729 0.121035 0.762265 1.49256e-05 0.001483
89.47 -0.109549 0.0143535 0.121045 0.762262 2.13152e-06 0.00147604
89.48 -0.110039 0.0142416 0.121058 0.762264 -1.22854e-05 0.00146995
89.49 -0.110515 0.0141242 0.121059 0.762257 -2.61057e-05 0.00146236
89.5 -0.11098 0.0140118 0.121057 0.762268 -3.97975e-05 0.00145543
89.51 -0.111429 0.0138896 0.121046 0.762266 -5.3445e-05 0.00144744
89.52 -0.111865 0.01377 0.121028 0.762284 -6.61201e-05 0.00143977
89.53 -0.112284 0.0136411 0.121002 0.762283 -7.9045e-05 0.00143239
89.54 -0.112688 0.0135082 0.120967 0.762294 -9.05528e-05 0.00142413
89.55 -0.113078 0.0133665 0.120935 0.762287 -0.0001043 0.00141728
89.56 -0.113455 0.0132151 0.120891 0.762293 -0.000115819 0.00140882
89.57 -0.113818 0.0130516 0.120852 0.76229 -0.000129987 0.00140187
89.58 -0.11417 0.0128772 0.1208 0.762302 -0.000141674 0.00139371
89.59 -0.114507 0.0126842 0.12075 0.762307 -0.000155061 0.00138579
89.6 -0.114831 0.012481 0.120687 0.762321 -0.000166045 0.00137738
89.61 -0.115139 0.0122583 0.120621 0.762327 -0.000177839 0.00136858
89.62 -0.115433 0.0120285 0.12055 0.762332 -0.000189107 0.00136052
89.63 -0.115713 0.0117817 0.120473 0.762335 -0.000200567 0.001352
89.64 -0.115982 0.0115287 0.120397 0.762333 -0.000212781 0.00134473
89.65 -0.116238 0.0112575 0.120314 0.762343 -0.000224603 0.00133622
89.66 -0.116483 0.0109773 0.120228 0.762345 -0.000236382 0.00132814
89.67 -0.116713 0.0106827 0.120131 0.762364 -0.000246979 0.00131905
89.68 -0.11693 0.0103784 0.12003 0.762366 -0.000258054 0.00130944
89.69 -0.117133 0.0100718 0.119917 0.762379 -0.000267548 0.00130087
89.7 -0.117321 0.00975809 0.119803 0.762376 -0.000278515 0.00129133
89.71 -0.117497 0.00944877 0.119682 0.76238 -0.000288485 0.00128386
89.72 -0.117662 0.00913299 0.119558 0.762381 -0.000299965 0.00127455
89.73 -0.117814 0.00882008 0.119425 0.762383 -0.000310097 0.00126665
89.74 -0.117954 0.00850332 0.119286 0.762395 -0.000320929 0.00125649
89.75 -0.118079 0.0081904 0.119136 0.762398 -0.000329957 0.00124747
89.76 -0.118191 0.00788007 0.118979 0.762412 -0.000339816 0.00123667
89.77 -0.118286 0.0075793 0.118812 0.762408 -0.000348276 0.0012278
89.78 -0.118368 0.00728951 0.118639 0.762414 -0.000357729 0.00121846
89.79 -0.118437 0.00700598 0.118463 0.762408 -0.000367496 0.00121006
89.8 -0.118492 0.0067323 0.118276 0.762411 -0.000376848 0.00120088
89.81 -0.118535 0.0064613 0.118087 0.762414 -0.00038689 0.0011917
89.82 -0.118563 0.0061975 0.117883 0.76242 -0.000395172 0.00118156
89.83 -0.118574 0.0059374 0.117675 0.76243 -0.000403843 0.00117123
89.84 -0.11857 0.0056851 0.117454 0.762431 -0.000411559 0.00116082
89.85 -0.11855 0.00544199 0.11723 0.762437 -0.000419687 0.00115108
89.86 -0.118514 0.00520666 0.116999 0.762431 -0.00042781 0.00114247
89.87 -0.118464 0.00497448 0.116765 0.762435 -0.000436396 0.00113316
89.88 -0.1184 0.00474247 0.116525 0.762431 -0.000444956 0.00112474
89.89 -0.118322 0.00450566 0.116277 0.762444 -0.000452904 0.00111408
89.9 -0.118228 0.00426481 0.116025 0.762445 -0.000460829 0.0011046
89.91 -0.118119 0.00401897 0.115763 0.762461 -0.000467862 0.00109319
89.92 -0.117993 0.00377157 0.115496 0.76246 -0.00047475 0.00108429
89.93 -0.117852 0.00351864 0.115227 0.762469 -0.000482019 0.00107405
89.94 -0.117697 0.00326011 0.114952 0.762463 -0.000489041 0.00106595
89.95 -0.11754 0.00300958 0.114668 0.762468 -0.000495836 0.00106158
89.96 -0.117379 0.00273775 0.114382 0.762471 -0.00050308 0.00105761
89.97 -0.117207 0.00240665 0.114105 0.762478 -0.000511689 0.0010415
89.98 -0.117019 0.00205018 0.113814 0.762495 -0.000518067 0.00102392
89.99 -0.116816 0.00170783 0.113521 0.762501 -0.0005244 0.00101153
90 -0.116596 0.00138213 0.113221 0.762517 -0.000530492 0.00100651
90.01 -0.116361 0.00105258 0.112915 0.76251 -0.000535684 0.00100293
90.02 -0.116112 0.000691586 0.112613 0.76252 -0.000542873 0.000995169
90.03 -0.115852 0.000303368 0.112301 0.762512 -0.000548369 0.000984044
90.04 -0.11558 -0.000101773 0.111994 0.762525 -0.000556115 0.000971509
90.05 -0.115297 -0.000504816 0.111674 0.762531 -0.000561379 0.000962294
90.06 -0.115 -0.000909471 0.111353 0.762546 -0.000567514 0.000954181
90.07 -0.114691 -0.00132224 0.11102 0.762557 -0.00057202 0.00094637
90.08 -0.114367 -0.00174784 0.110683 0.76256 -0.00057663 0.000936111
90.09 -0.114031 -0.00217756 0.110342 0.762564 -0.000581785 0.000926179
90.1 -0.113684 -0.00260708 0.109999 0.762558 -0.00058694 0.000916307
90.11 -0.113328 -0.0030258 0.109653 0.762563 -0.000593382 0.000909224
90.12 -0.112962 -0.00344767 0.109301 0.762565 -0.000598514 0.000901331
90.13 -0.112586 -0.00386907 0.108943 0.762578 -0.000604477 0.000892641
90.14 -0.112196 -0.0043004 0.10857 0.762586 -0.000607562 0.000881349
90.15 -0.111794 -0.00472083 0.108196 0.762594 -0.000612548 0.000870241
90.16 -0.111378 -0.00513274 0.107807 0.762595 -0.000614686 0.000860484
90.17 -0.110951 -0.00552236 0.107424 0.762592 -0.000620271 0.000852612
90.18 -0.110513 -0.00590372 0.107029 0.762589 -0.000623897 0.000846104
90.19 -0.110067 -0.00627902 0.106637 0.762589 -0.000629708 0.000837694
90.2 -0.109609 -0.00665359 0.106232 0.762596 -0.000633671 0.00082899
90.21 -0.10914 -0.0070274 0.105822 0.762604 -0.000637729 0.000817406
90.22 -0.108657 -0.00738902 0.105402 0.762616 -0.000641119 0.000807791
90.23 -0.10816 -0.00774232 0.104974 0.762616 -0.000643263 0.000797383
90.24 -0.107651 -0.00807827 0.104546 0.762622 -0.000647331 0.00078993
90.25 -0.10713 -0.00841005 0.104107 0.762612 -0.000649128 0.000781649
90.26 -0.106598 -0.00873377 0.103679 0.762618 -0.000655234 0.000774579
90.27 -0.106057 -0.0090638 0.103233 0.762614 -0.000657216 0.00076556
90.28 -0.105505 -0.00939171 0.102797 0.762629 -0.000662958 0.000756872
90.29 -0.10494 -0.00972974 0.102339 0.762635 -0.000664146 0.000746392
90.3 -0.104362 -0.0100634 0.101886 0.762647 -0.000667625 0.000736928
90.31 -0.103771 -0.0104033 0.101422 0.762653 -0.000669112 0.000727415
90.32 -0.103168 -0.0107383 0.10096 0.76265 -0.000671609 0.000719274
90.33 -0.102555 -0.0110805 0.1005 0.762656 -0.000675318 0.000711988
90.34 -0.101932 -0.0114275 0.100033 0.762649 -0.000677574 0.00070438
90.35 -0.101301 -0.0117907 0.0995761 0.762666 -0.000682797 0.00069663
90.36 -0.10066 -0.0121684 0.0990994 0.762667 -0.000683618 0.000686719
90.37 -0.100008 -0.0125596 0.0986339 0.76269 -0.000688016 0.000677559
90.38 -0.0993436 -0.012964 0.0981473 0.76269 -0.00068752 0.000666608
90.39 -0.0986686 -0.0133692 0.097673 0.762703 -0.000690892 0.000659056
90.4 -0.0979836 -0.0137866 0.0971877 0.762698 -0.000691632 0.00065007
90.41 -0.0972913 -0.0142042 0.0967103 0.762702 -0.000695036 0.000644375
90.42 -0.096592 -0.0146418 0.0962299 0.762703 -0.000697792 0.00063577
90.43 -0.0958858 -0.0150874 0.0957446 0.762713 -0.000700183 0.00062826
90.44 -0.0951709 -0.0155526 0.095259 0.762725 -0.000702954 0.000617719
90.45 -0.0944467 -0.016021 0.0947601 0.762735 -0.00070328 0.000608442
90.46 -0.0937123 -0.0164966 0.094265 0.762744 -0.000705424 0.000598168
90.47 -0.0929691 -0.016966 0.0937581 0.762744 -0.000705167 0.000590427
90.48 -0.0922183 -0.0174347 0.0932596 0.762745 -0.00070805 0.000582663
90.49 -0.0914616 -0.0179019 0.0927521 0.762741 -0.000708923 0.000575885
90.5 -0.0906992 -0.0183701 0.0922489 0.762749 -0.000712264 0.000568054
90.51 -0.0899303 -0.0188439 0.0917346 0.762751 -0.000713186 0.000559023
90.52 -0.0891532 -0.0193137 0.091217 0.762767 -0.000715023 0.000549304
90.53 -0.0883672 -0.0197825 0.0906895 0.762769 -0.000715061 0.000538922
90.54 -0.0875714 -0.0202333 0.090157 0.762778 -0.000715619 0.000530233
90.55 -0.0867676 -0.0206776 0.089621 0.762773 -0.000716153 0.000521396
90.56 -0.0859565 -0.0210978 0.0890813 0.762772 -0.000717043 0.000515339
90.57 -0.0851401 -0.0215204 0.0885416 0.762771 -0.00071902 0.000506961
90.58 -0.0843169 -0.0219242 0.0879936 0.762771 -0.000719871 0.000500229
90.59 -0.0834652 -0.0223401 0.0874181 0.762786 -0.000716363 0.00049097
90.6 -0.0825857 -0.0227471 0.0868433 0.762789 -0.000713132 0.000482687
90.61 -0.0817093 -0.0231612 0.0862946 0.762805 -0.000717792 0.000470775
90.62 -0.0808311 -0.0235555 0.0857253 0.762797 -0.000717423 0.000460422
90.63 -0.0799468 -0.0239319 0.0851646 0.7628 -0.000720664 0.000452553
90.64 -0.0790574 -0.0242894 0.0845892 0.762792 -0.000720735 0.000446702
90.65 -0.0781627 -0.0246407 0.0840142 0.762796 -0.000722127 0.000441418
90.66 -0.0772614 -0.0250015 0.0834324 0.762805 -0.000722514 0.000432778
90.67 -0.0763534 -0.0253667 0.0828431 0.762813 -0.000721822 0.000422658
90.68 -0.0754361 -0.0257444 0.0822515 0.762831 -0.000721616 0.000409288
90.69 -0.0745109 -0.0261014 0.0816519 0.76283 -0.000719309 0.000400273
90.7 -0.0735783 -0.0264559 0.0810577 0.76284 -0.000719603 0.000392251
90.71 -0.0726406 -0.0267957 0.0804592 0.762828 -0.000717932 0.000387684
90.72 -0.0717004 -0.0271551 0.0798695 0.762837 -0.000719686 0.000380276
90.73 -0.0707561 -0.0275198 0.0792726 0.762834 -0.000719013 0.00037245
90.74 -0.0698088 -0.0279098 0.0786795 0.762853 -0.00072034 0.000361468
90.75 -0.0688547 -0.0282999 0.0780741 0.76286 -0.000718522 0.000351443
90.76 -0.067894 -0.0287049 0.0774715 0.762878 -0.000718112 0.000340798
90.77 -0.0669269 -0.0291042 0.0768627 0.762878 -0.000716 0.000332288
90.78 -0.0659545 -0.0295136 0.0762564 0.762882 -0.000714922 0.000324342
90.79 -0.0649793 -0.0299251 0.0756566 0.762878 -0.00071517 0.000316733
90.8 -0.0640026 -0.0303463 0.0750507 0.76288 -0.000714175 0.0003101
90.81 -0.0630233 -0.0307839 0.0744533 0.762888 -0.000715565 0.000300421
90.82 -0.0620408 -0.0312287 0.0738419 0.762896 -0.000713677 0.000292139
90.83 -0.0610532 -0.0316936 0.0732344 0.762914 -0.000713596 0.000279309
90.84 -0.0600592 -0.0321496 0.0726151 0.762914 -0.000710686 0.000270563
90.85 -0.0590606 -0.0326147 0.0720016 0.762926 -0.000709963 0.000259026
90.86 -0.0580579 -0.0330587 0.0713823 0.762912 -0.000707754 0.000253376
90.87 -0.0570533 -0.0335114 0.0707697 0.76292 -0.000707916 0.000244633
90.88 -0.0560477 -0.0339542 0.0701531 0.76291 -0.00070714 0.000238596
90.89 -0.0550395 -0.0344087 0.0695335 0.762926 -0.000706664 0.000228344
90.9 -0.0540279 -0.0348639 0.0689113 0.76293 -0.000706013 0.000217447
90.91 -0.0530105 -0.0353108 0.0682767 0.762943 -0.000703166 0.000206042
90.92 -0.051988 -0.0357487 0.0676472 0.762947 -0.000702465 0.00019512
90.93 -0.0509601 -0.0361592 0.0670054 0.762943 -0.00069885 0.000187178
90.94 -0.0499303 -0.0365623 0.066375 0.762942 -0.000699162 0.000178952
90.95 -0.0488973 -0.0369386 0.0657334 0.762933 -0.000696561 0.000173183
90.96 -0.0478647 -0.0373233 0.0651015 0.762941 -0.000697694 0.000163683
90.97 -0.0468281 -0.0376977 0.0644563 0.762942 -0.000695599 0.000152632
90.98 -0.0457883 -0.0380679 0.0638116 0.762958 -0.000695095 0.000140614
90.99 -0.0447415 -0.0384145 0.0631573 0.762962 -0.000692217 0.000130035
91 -0.0436906 -0.0387455 0.0625015 0.762967 -0.000689945 0.000120633
91.01 -0.0426346 -0.0390589 0.0618498 0.762964 -0.000688665 0.000111807
91.02 -0.0415777 -0.0393587 0.0611923 0.762959 -0.000686218 0.000103853
91.03 -0.0405186 -0.0396523 0.0605462 0.76296 -0.000687254 9.50488e-05
91.04 -0.039459 -0.0399402 0.0598854 0.762963 -0.000684642 8.57235e-05
91.05 -0.0383957 -0.0402273 0.0592322 0.762976 -0.000685389 7.55893e-05
91.06 -0.0373287 -0.040515 0.0585637 0.762985 -0.00068184 6.35703e-05
91.07 -0.036256 -0.0408009 0.0579005 0.762997 -0.000681208 5.19215e-05
91.08 -0.0351795 -0.0410756 0.0572305 0.762994 -0.000677606 4.11901e-05
91.09 -0.0340995 -0.0413452 0.0565674 0.762998 -0.000677216 3.27366e-05
91.1 -0.0330191 -0.0416069 0.055904 0.76299 -0.000675061 2.5007e-05
91.11 -0.0319375 -0.0418812 0.0552418 0.762999 -0.000674844 1.6876e-05
91.12 -0.0308552 -0.0421643 0.0545805 0.763001 -0.000673523 6.02297e-06
91.13 -0.0297702 -0.0424665 0.0539127 0.763019 -0.000672056 -5.62284e-06
91.14 -0.0286821 -0.0427712 0.0532466 0.763026 -0.00067026 -1.87323e-05
91.15 -0.02759 -0.0430831 0.0525752 0.763034 -0.000667668 -2.96211e-05
91.16 -0.0264958 -0.04339 0.0519085 0.763036 -0.000665928 -4.01889e-05
91.17 -0.0253993 -0.0437009 0.0512403 0.763029 -0.000663407 -4.79261e-05
91.18 -0.0243039 -0.0440182 0.0505797 0.763036 -0.000663125 -5.73402e-05
91.19 -0.023208 -0.0443466 0.0499138 0.763029 -0.000660647 -6.60121e-05
91.2 -0.0221129 -0.0446913 0.0492545 0.76305 -0.000661057 -7.80925e-05
91.21 -0.0210149 -0.0450431 0.0485822 0.763048 -0.000657201 -8.97853e-05
91.22 -0.0199156 -0.0454024 0.0479182 0.763069 -0.000656867 -0.000102786
91.23 -0.0188121 -0.0457553 0.0472418 0.763061 -0.000652445 -0.000114003
91.24 -0.0177081 -0.0461034 0.0465756 0.763066 -0.000651527 -0.000123807
91.25 -0.0166028 -0.0464439 0.0459042 0.763056 -0.000648725 -0.000132753
91.26 -0.0154991 -0.0467828 0.0452369 0.763057 -0.000647575 -0.000141261
91.27 -0.0143953 -0.0471245 0.0445682 0.76306 -0.000646303 -0.000151943
91.28 -0.0132911 -0.047465 0.0438919 0.763066 -0.000643587 -0.000163242
91.29 -0.0121846 -0.0478065 0.0432192 0.763078 -0.000642575 -0.000176861
91.3 -0.0110754 -0.0481287 0.0425323 0.763079 -0.000637993 -0.000188398
91.31 -0.00996393 -0.0484416 0.0418575 0.763083 -0.00063731 -0.000200382
91.32 -0.00885085 -0.0487248 0.0411685 0.763072 -0.000632671 -0.000208944
91.33 -0.00773858 -0.0490012 0.0404945 0.763072 -0.000632695 -0.000218546
91.34 -0.00662589 -0.0492562 0.0398063 0.763066 -0.00062908 -0.00022721
91.35 -0.00551415 -0.0495131 0.0391266 0.763076 -0.000628565 -0.000238564
91.36 -0.00440078 -0.049755 0.0384355 0.763079 -0.000625467 -0.000251017
91.37 -0.00328549 -0.0499878 0.0377443 0.763093 -0.000623054 -0.000263591
91.38 -0.00216762 -0.0502011 0.0370515 0.763091 -0.000620332 -0.000276486
91.39 -0.00104799 -0.050389 0.0363545 0.763094 -0.000616754 -0.000285715
91.4 7.25766e-05 -0.0505663 0.0356653 0.763086 -0.000615136 -0.000296777
91.41 0.00119223 -0.0507171 0.0349699 0.763085 -0.000611743 -0.000303506
91.42 0.00231123 -0.0508794 0.0342828 0.763088 -0.000611046 -0.000315981
91.43 0.00343019 -0.0510202 0.033586 0.763093 -0.000607295 -0.000324994
91.44 0.00456727 -0.0511813 0.0328775 0.76311 -0.000602544 -0.000338608
91.45 0.00572126 -0.0513266 0.0321686 0.763111 -0.000595925 -0.000348947
91.46 0.00686818 -0.0514868 0.0314871 0.763123 -0.000596918 -0.000362942
91.47 0.00800941 -0.0516266 0.030795 0.763112 -0.000593061 -0.000374657
91.48 0.00915001 -0.0517601 0.0301137 0.763115 -0.000592978 -0.000383002
91.49 0.0102881 -0.0518901 0.0294251 0.763109 -0.000589346 -0.000392829
91.5 0.0114256 -0.052022 0.0287375 0.763116 -0.000587067 -0.000399598
91.51 0.0125618 -0.0521802 0.0280527 0.763129 -0.000584321 -0.000414492
91.52 0.0136992 -0.052336 0.0273585 0.763136 -0.0005796 -0.000424691
91.53 0.0148369 -0.0525139 0.0266769 0.763151 -0.000577443 -0.000441863
91.54 0.0159761 -0.0526665 0.0259838 0.763143 -0.000571539 -0.000449229
91.55 0.0171146 -0.0528345 0.025306 0.763149 -0.000569665 -0.00046125
91.56 0.0182528 -0.0529877 0.024622 0.763134 -0.000564609 -0.000466477
91.57 0.0193877 -0.0531667 0.0239475 0.763143 -0.000562855 -0.00047757
91.58 0.0205228 -0.0533506 0.023268 0.763141 -0.000558444 -0.000487468
91.59 0.0216564 -0.0535513 0.0225904 0.763159 -0.000555624 -0.00050039
91.6 0.0227919 -0.053757 0.0219108 0.763163 -0.000551042 -0.000513692
91.61 0.0239283 -0.053953 0.0212292 0.76317 -0.000546657 -0.000523913
91.62 0.0250656 -0.0541533 0.0205552 0.763164 -0.000542899 -0.000535847
91.63 0.0262024 -0.0543301 0.0198749 0.763158 -0.000537953 -0.000541642
91.64 0.0273378 -0.0545229 0.0192073 0.763153 -0.000535538 -0.00055283
91.65 0.0284718 -0.0546971 0.0185278 0.763152 -0.000530515 -0.000559282
91.66 0.0296048 -0.0548933 0.0178577 0.763161 -0.000528023 -0.000573341
91.67 0.0307309 -0.055082 0.0171727 0.763164 -0.000521351 -0.000585378
91.68 0.0318506 -0.055281 0.0164984 0.763177 -0.000517396 -0.000602537
91.69 0.0329698 -0.0554208 0.0158264 0.763168 -0.000513986 -0.000607857
91.7 0.0340879 -0.0555465 0.0151466 0.763173 -0.00050938 -0.000613281
91.71 0.0352073 -0.0556614 0.014475 0.763156 -0.000506173 -0.000619621
91.72 0.0363261 -0.055783 0.0137942 0.763163 -0.000501663 -0.000630226
91.73 0.0374455 -0.0559015 0.013118 0.763156 -0.000498011 -0.000644581
91.74 0.0385664 -0.0559924 0.0124342 0.76317 -0.000493197 -0.000654532
91.75 0.0396881 -0.0560677 0.0117535 0.763172 -0.000489069 -0.000666335
91.76 0.0408117 -0.0561072 0.0110675 0.763179 -0.00048349 -0.000671364
91.77 0.0419357 -0.0561549 0.0103873 0.763179 -0.000479539 -0.000684148
91.78 0.0430601 -0.0561695 0.00970477 0.76317 -0.000474098 -0.000690543
91.79 0.0441831 -0.0561917 0.00902784 0.763173 -0.000470734 -0.000703494
91.8 0.0453059 -0.0561777 0.00834703 0.763164 -0.000465213 -0.000709442
91.81 0.0464267 -0.0561682 0.00767048 0.763178 -0.000461809 -0.000719368
91.82 0.0475463 -0.056142 0.00699176 0.763178 -0.000456436 -0.000727333
91.83 0.048665 -0.0561239 0.00631266 0.763194 -0.000451958 -0.000738329
91.84 0.0497833 -0.056097 0.00563893 0.763192 -0.000447144 -0.00074961
91.85 0.0509001 -0.0560591 0.00496128 0.763194 -0.000441655 -0.000757633
91.86 0.0520157 -0.0560175 0.00429515 0.763189 -0.00043774 -0.000767407
91.87 0.0531286 -0.0559608 0.00362142 0.763185 -0.000431554 -0.00077101
91.88 0.0542387 -0.055925 0.0029609 0.76319 -0.000428233 -0.000781893
91.89 0.0553464 -0.0558837 0.00229047 0.763193 -0.000421576 -0.000787685
91.9 0.0564511 -0.0558691 0.00163341 0.763207 -0.00041821 -0.000801585
91.91 0.0575547 -0.0558398 0.000967328 0.763208 -0.000411222 -0.00080814
91.92 0.0586567 -0.0558238 0.000312435 0.763216 -0.000406937 -0.000819013
91.93 0.0597569 -0.0557972 -0.000343611 0.763207 -0.000400563 -0.000823764
91.94 0.0608546 -0.0557852 -0.000994161 0.763208 -0.000395666 -0.000832382
91.95 0.0619498 -0.0557755 -0.00164091 0.7632 -0.000390114 -0.000838498
91.96 0.0630428 -0.0557756 -0.00229097 0.763208 -0.000384138 -0.000846373
91.97 0.0641331 -0.0557877 -0.00293075 0.763209 -0.000379349 -0.000855404
91.98 0.0652219 -0.0557973 -0.00357873 0.76322 -0.000372691 -0.000862571
91.99 0.066309 -0.0558182 -0.00421492 0.763222 -0.000367764 -0.000872567
92 0.0673961 -0.0558226 -0.00485875 0.76322 -0.000360624 -0.000877215
92.01 0.0684808 -0.0558401 -0.00548912 0.763217 -0.000355939 -0.00088643
92.02 0.0695649 -0.0558396 -0.00612726 0.763205 -0.000348788 -0.000890262
92.03 0.0706467 -0.0558509 -0.00675528 0.763211 -0.000344027 -0.000899177
92.04 0.0717277 -0.0558407 -0.00738964 0.763203 -0.00033675 -0.000902647
92.05 0.0728064 -0.0558441 -0.00801658 0.763221 -0.000331805 -0.000912171
92.06 0.0738854 -0.0558286 -0.00864628 0.763214 -0.000324681 -0.000918323
92.07 0.0749629 -0.0558099 -0.00927093 0.763227 -0.000319445 -0.000926597
92.08 0.0760414 -0.0557686 -0.00989609 0.763213 -0.000312455 -0.000932529
92.09 0.0771186 -0.0557118 -0.0105189 0.763215 -0.000306543 -0.000937083
92.1 0.0781958 -0.0556441 -0.0111394 0.763204 -0.000300126 -0.000943513
92.11 0.0792709 -0.0555565 -0.011762 0.763206 -0.000293423 -0.000946963
92.12 0.0803451 -0.0554691 -0.012379 0.763211 -0.000287768 -0.000955688
92.13 0.0814173 -0.0553546 -0.0130016 0.763215 -0.000280164 -0.000959531
92.14 0.0824884 -0.0552415 -0.0136138 0.763226 -0.000275277 -0.000969231
92.15 0.0835578 -0.0550927 -0.0142335 0.76322 -0.000266991 -0.000971974
92.16 0.0846259 -0.0549435 -0.0148411 0.763224 -0.00026226 -0.000979784
92.17 0.0856917 -0.0547637 -0.0154562 0.763211 -0.000253773 -0.000981786
92.18 0.0867551 -0.0545865 -0.0160612 0.763216 -0.000248658 -0.00098822
92.19 0.0878157 -0.0543926 -0.0166725 0.763211 -0.0002403 -0.000992354
92.2 0.088873 -0.0541986 -0.0172752 0.763225 -0.000234645 -0.000998467
92.21 0.0899263 -0.053997 -0.0178792 0.763228 -0.000227072 -0.00100484
92.22 0.0909769 -0.0537854 -0.0184788 0.763237 -0.000220438 -0.00100909
92.23 0.0920236 -0.0535722 -0.019073 0.763234 -0.000213533 -0.00101521
92.24 0.0930676 -0.0533476 -0.0196675 0.763232 -0.000205926 -0.00101713
92.25 0.0941075 -0.0531349 -0.020254 0.763227 -0.000199117 -0.00102408
92.26 0.0951441 -0.052912 -0.0208423 0.763225 -0.000190985 -0.00102539
92.27 0.096176 -0.0527081 -0.021423 0.763232 -0.00018411 -0.00103323
92.28 0.0972041 -0.0524957 -0.022004 0.763235 -0.000175806 -0.00103484
92.29 0.0982276 -0.052302 -0.022577 0.763248 -0.000169037 -0.0010424
92.3 0.0992476 -0.0521016 -0.0231493 0.763244 -0.000160397 -0.00104422
92.31 0.100264 -0.0519171 -0.0237126 0.763249 -0.00015376 -0.00105036
92.32 0.101276 -0.0517308 -0.0242767 0.763236 -0.000144542 -0.00105253
92.33 0.102285 -0.0515554 -0.024832 0.763238 -0.000137717 -0.00105682
92.34 0.103291 -0.0513864 -0.0253914 0.763232 -0.000127754 -0.00106002
92.35 0.104293 -0.0512224 -0.0259392 0.763239 -0.000120885 -0.00106307
92.36 0.105291 -0.0510733 -0.0264895 0.763246 -0.000111512 -0.00106851
92.37 0.106285 -0.0509175 -0.0270303 0.763246 -0.000104117 -0.00107052
92.38 0.107275 -0.05078 -0.0275701 0.763253 -9.55514e-05 -0.00107723
92.39 0.108263 -0.0506221 -0.0281055 0.763238 -8.70791e-05 -0.00107739
92.4 0.109248 -0.0504822 -0.0286388 0.763242 -7.86761e-05 -0.00108305
92.41 0.110231 -0.0503207 -0.029171 0.763226 -6.91345e-05 -0.00108274
92.42 0.11121 -0.0501767 -0.0296994 0.763237 -6.10155e-05 -0.00108819
92.43 0.112186 -0.0500142 -0.0302283 0.763232 -5.1038e-05 -0.00108967
92.44 0.113157 -0.0498591 -0.0307494 0.763245 -4.35701e-05 -0.00109481
92.45 0.114126 -0.0496867 -0.0312733 0.763243 -3.3564e-05 -0.00109767
92.46 0.115091 -0.0495043 -0.0317877 0.763244 -2.61669e-05 -0.00110015
92.47 0.116053 -0.0493128 -0.032308 0.763237 -1.58685e-05 -0.00110375
92.48 0.117012 -0.0491012 -0.0328191 0.76323 -7.90011e-06 -0.00110419
92.49 0.117967 -0.0488919 -0.0333378 0.763231 2.63153e-06 -0.00110962
92.5 0.118919 -0.0486547 -0.0338473 0.763229 1.10752e-05 -0.00110975
92.51 0.119866 -0.0484222 -0.034362 0.763241 2.10959e-05 -0.00111587
92.52 0.120809 -0.0481584 -0.034867 0.763241 2.96103e-05 -0.00111598
92.53 0.121747 -0.0478969 -0.035374 0.763251 3.9066e-05 -0.00112133
92.54 0.12268 -0.047607 -0.0358723 0.763241 4.81024e-05 -0.00112136
92.55 0.123609 -0.0473203 -0.0363704 0.763245 5.74898e-05 -0.00112615
92.56 0.124533 -0.0470142 -0.0368644 0.763232 6.76018e-05 -0.00112779
92.57 0.125454 -0.0467038 -0.0373551 0.763242 7.68831e-05 -0.00113101
92.58 0.126369 -0.0463832 -0.0378451 0.763239 8.77877e-05 -0.00113359
92.59 0.12728 -0.046055 -0.0383247 0.763254 9.62006e-05 -0.00113509
92.6 0.128183 -0.0457304 -0.0388057 0.763255 0.000107185 -0.00113958
92.61 0.129082 -0.0453958 -0.0392726 0.763259 0.000115202 -0.00114059
92.62 0.129975 -0.0450706 -0.0397444 0.763257 0.000126664 -0.00114601
92.63 0.130864 -0.0447316 -0.0402009 0.763248 0.000135234 -0.00114553
92.64 0.131747 -0.0444095 -0.0406641 0.763252 0.000147143 -0.00115093
92.65 0.132627 -0.0440777 -0.0411131 0.763245 0.000156666 -0.00115024
92.66 0.1335 -0.0437658 -0.0415639 0.76326 0.000167939 -0.00115568
92.67 0.134368 -0.0434503 -0.042 0.763258 0.000177356 -0.00115593
92.68 0.135228 -0.0431508 -0.0424354 0.76327 0.000187704 -0.00116054
92.69 0.136084 -0.0428567 -0.0428607 0.763263 0.000197802 -0.00116242
92.7 0.136934 -0.0425692 -0.0432828 0.763261 0.000207992 -0.00116532
92.71 0.137781 -0.0422946 -0.0437009 0.763253 0.000219339 -0.0011681
92.72 0.138622 -0.0420185 -0.0441118 0.76325 0.00022961 -0.00116905
92.73 0.139459 -0.0417649 -0.0445227 0.763254 0.000241631 -0.00117313
92.74 0.140281 -0.0415302 -0.0449266 0.763253 0.000253616 -0.0011787
92.75 0.14109 -0.0413173 -0.045323 0.763263 0.000265903 -0.00118783
92.76 0.14189 -0.0410554 -0.0456935 0.763257 0.000272481 -0.00118299
92.77 0.142684 -0.0408023 -0.0460798 0.763261 0.00028404 -0.0011807
92.78 0.143475 -0.0405614 -0.0464483 0.76325 0.00029248 -0.00117936
92.79 0.144263 -0.0403591 -0.0468311 0.76325 0.000305363 -0.00118795
92.8 0.14505 -0.0401521 -0.0472026 0.763243 0.00031633 -0.00119476
92.81 0.145834 -0.0399298 -0.0475744 0.763247 0.00032829 -0.00119895
92.82 0.146614 -0.0396847 -0.0479366 0.763248 0.000338825 -0.00119874
92.83 0.14739 -0.0394333 -0.0482951 0.763252 0.000349591 -0.00119796
92.84 0.14816 -0.0391921 -0.048649 0.763253 0.000360331 -0.00120203
92.85 0.148926 -0.0389471 -0.048998 0.763248 0.000370923 -0.00120579
92.86 0.149687 -0.0387013 -0.0493477 0.763248 0.000382623 -0.00121314
92.87 0.150444 -0.0384241 -0.0496893 0.763239 0.000393042 -0.00121356
92.88 0.151197 -0.0381437 -0.0500354 0.763247 0.000405311 -0.00121789
92.89 0.151944 -0.0378397 -0.0503685 0.76324 0.000415109 -0.0012171
92.9 0.152686 -0.037544 -0.0507099 0.763256 0.000427573 -0.00122291
92.91 0.153421 -0.0372312 -0.0510331 0.763248 0.000436712 -0.00122542
92.92 0.154148 -0.0369172 -0.0513652 0.763261 0.000448702 -0.00123156
92.93 0.15487 -0.0365797 -0.0516837 0.763249 0.000458557 -0.00123334
92.94 0.155586 -0.0362375 -0.0520069 0.763253 0.000470244 -0.00123672
92.95 0.156296 -0.0358864 -0.0523234 0.763247 0.000481371 -0.00123971
92.96 0.157 -0.0355302 -0.0526381 0.76325 0.000492762 -0.00124244
92.97 0.157697 -0.0351781 -0.0529474 0.763258 0.000503994 -0.00124845
92.98 0.158387 -0.0348106 -0.053251 0.763257 0.000514708 -0.00124984
92.99 0.159068 -0.0344522 -0.0535501 0.763269 0.000525672 -0.00125594
93 0.159743 -0.0340803 -0.0538403 0.763259 0.000535736 -0.00125622
93.01 0.160412 -0.0337264 -0.054133 0.763267 0.000547551 -0.00126321
93.02 0.161086 -0.0333831 -0.0544066 0.763255 0.00055725 -0.00126968
93.03 0.161764 -0.0330503 -0.0546865 0.763263 0.00056963 -0.00128196
93.04 0.162439 -0.0326611 -0.05496 0.763258 0.000581074 -0.00127614
93.05 0.163108 -0.0322766 -0.0552257 0.763266 0.00059212 -0.00127282
93.06 0.163769 -0.0319273 -0.0554808 0.763264 0.000602573 -0.00127308
93.07 0.16442 -0.0316217 -0.0557338 0.763266 0.000614336 -0.00128334
93.08 0.165065 -0.0313332 -0.0559735 0.763263 0.000624719 -0.00129376
93.09 0.165704 -0.031025 -0.0562127 0.76326 0.000636542 -0.001298
93.1 0.166338 -0.0307151 -0.0564387 0.763258 0.000646825 -0.00129946
93.11 0.166967 -0.0304007 -0.0566622 0.763256 0.000658104 -0.00129704
93.12 0.167589 -0.030128 -0.0568781 0.763258 0.000669316 -0.0013034
93.13 0.168206 -0.0298628 -0.0570839 0.763256 0.000679766 -0.00130791
93.14 0.168816 -0.0296176 -0.0572882 0.76326 0.000691576 -0.00131719
93.15 0.169421 -0.029353 -0.0574777 0.763254 0.000701312 -0.00131851
93.16 0.170021 -0.0290973 -0.0576696 0.763256 0.00071325 -0.00132276
93.17 0.170616 -0.0288349 -0.0578474 0.763247 0.000723023 -0.0013228
93.18 0.171206 -0.0285948 -0.0580295 0.763249 0.000735306 -0.00132922
93.19 0.171789 -0.028352 -0.0581988 0.763245 0.000745526 -0.00133373
93.2 0.172368 -0.0281103 -0.0583697 0.763248 0.000757357 -0.00133953
93.21 0.17294 -0.0278566 -0.058529 0.76325 0.000767545 -0.00134307
93.22 0.173505 -0.0275963 -0.0586848 0.763247 0.000778026 -0.00134554
93.23 0.174063 -0.0273338 -0.0588379 0.763252 0.000789154 -0.00134992
93.24 0.174615 -0.0270665 -0.0589813 0.763241 0.000798939 -0.00135299
93.25 0.175161 -0.0268003 -0.0591307 0.763248 0.000811335 -0.00136029
93.26 0.1757 -0.0265129 -0.0592655 0.763239 0.000821016 -0.00136209
93.27 0.176233 -0.0262274 -0.0594067 0.763249 0.000833257 -0.00136915
93.28 0.176757 -0.0259147 -0.0595327 0.763245 0.000842706 -0.00136926
93.29 0.177274 -0.0256115 -0.0596635 0.763252 0.000854292 -0.00137634
93.3 0.177782 -0.0252848 -0.0597814 0.763251 0.000863888 -0.0013776
93.31 0.178281 -0.0249672 -0.0599026 0.76325 0.000875118 -0.00138486
93.32 0.178773 -0.0246262 -0.0600161 0.763252 0.000885734 -0.00138703
93.33 0.179257 -0.0242886 -0.0601267 0.763247 0.0008964 -0.00139229
93.34 0.179733 -0.0239369 -0.0602357 0.763254 0.000908057 -0.00139557
93.35 0.180201 -0.0235841 -0.0603337 0.763249 0.000917839 -0.00139891
93.36 0.18066 -0.0232312 -0.0604345 0.76326 0.000929806 -0.00140426
93.37 0.18111 -0.0228698 -0.0605182 0.763255 0.000938686 -0.00140594
93.38 0.18155 -0.0225194 -0.0606088 0.763263 0.000950743 -0.0014126
93.39 0.181982 -0.0221557 -0.0606807 0.763254 0.00095952 -0.0014128
93.4 0.182406 -0.0218119 -0.0607626 0.763259 0.000972017 -0.00142004
93.41 0.182823 -0.021456 -0.0608256 0.763251 0.000981346 -0.00142003
93.42 0.183232 -0.0211215 -0.0608951 0.763258 0.000993448 -0.00142696
93.43 0.183633 -0.0207797 -0.0609487 0.763254 0.00100334 -0.00142732
93.44 0.184026 -0.0204561 -0.0609996 0.76326 0.00101383 -0.00143288
93.45 0.184411 -0.0201338 -0.0610435 0.763257 0.00102454 -0.00143406
93.46 0.184788 -0.019825 -0.0610756 0.763256 0.00103361 -0.00143813
93.47 0.185158 -0.0195276 -0.0611119 0.763254 0.00104562 -0.00144094
93.48 0.185522 -0.0192356 -0.0611297 0.763247 0.00105419 -0.00144356
93.49 0.185878 -0.0189611 -0.0611582 0.763251 0.00106715 -0.00144754
93.5 0.18623 -0.0186849 -0.0611622 0.763242 0.00107514 -0.00144867
93.51 0.186574 -0.0184282 -0.0611783 0.763252 0.00108784 -0.00145294
93.52 0.186911 -0.0181685 -0.0611687 0.763243 0.00109539 -0.00145335
93.53 0.187241 -0.0179267 -0.0611686 0.76325 0.00110713 -0.00145767
93.54 0.187565 -0.0176824 -0.0611496 0.76324 0.00111562 -0.0014582
93.55 0.187882 -0.0174512 -0.0611328 0.76324 0.00112633 -0.00146224
93.56 0.188193 -0.0172169 -0.0611083 0.763235 0.00113652 -0.0014632
93.57 0.188499 -0.0169886 -0.0610762 0.763233 0.00114609 -0.0014663
93.58 0.188798 -0.0167577 -0.0610446 0.763236 0.0011572 -0.00146772
93.59 0.18909 -0.0165261 -0.0609967 0.763233 0.00116527 -0.00146958
93.6 0.189375 -0.0162925 -0.0609555 0.763239 0.00117665 -0.00147148
93.61 0.189652 -0.0160553 -0.0608938 0.763233 0.00118367 -0.00147268
93.62 0.189922 -0.0158144 -0.0608449 0.763236 0.00119568 -0.0014751
93.63 0.190184 -0.0155687 -0.060775 0.763229 0.00120287 -0.00147618
93.64 0.19044 -0.0153142 -0.0607183 0.763231 0.0012151 -0.00147853
93.65 0.190688 -0.0150536 -0.060642 0.76323 0.00122283 -0.00147915
93.66 0.190929 -0.0147818 -0.0605727 0.763233 0.00123391 -0.00148099
93.67 0.191159 -0.0145018 -0.0604871 0.763236 0.0012416 -0.00148072
93.68 0.191382 -0.0142144 -0.060405 0.763237 0.00125148 -0.00148233
93.69 0.191595 -0.0139224 -0.0603133 0.763238 0.00126 -0.00148295
93.7 0.1918 -0.0136223 -0.0602202 0.763234 0.00126906 -0.0014845
93.71 0.191996 -0.0133137 -0.0601259 0.763236 0.00127915 -0.00148477
93.72 0.192185 -0.0130003 -0.0600207 0.763232 0.00128713 -0.00148543
93.73 0.192365 -0.0126781 -0.0599218 0.763239 0.00129844 -0.00148543
93.74 0.192537 -0.0123577 -0.0598012 0.763235 0.00130489 -0.00148575
93.75 0.192698 -0.0120282 -0.0596919 0.763245 0.00131628 -0.0014857
93.76 0.192852 -0.0117048 -0.0595574 0.763237 0.00132198 -0.00148535
93.77 0.192996 -0.011375 -0.0594367 0.763244 0.00133326 -0.00148534
93.78 0.193132 -0.011054 -0.0592931 0.763233 0.00133954 -0.00148441
93.79 0.193261 -0.0107306 -0.0591611 0.763237 0.00135062 -0.00148463
93.8 0.193382 -0.0104174 -0.0590105 0.763232 0.001358 -0.00148342
93.81 0.193496 -0.0101034 -0.0588619 0.763234 0.00136766 -0.00148318
93.82 0.193602 -0.00979984 -0.0587017 0.763237 0.0013758 -0.00148121
93.83 0.1937 -0.00950016 -0.0585327 0.763232 0.00138336 -0.00148037
93.84 0.19379 -0.00921192 -0.0583631 0.763237 0.00139258 -0.00147819
93.85 0.193873 -0.00893235 -0.0581769 0.763224 0.00139893 -0.00147716
93.86 0.193949 -0.00866419 -0.0579996 0.76323 0.00140944 -0.00147547
93.87 0.194018 -0.00840386 -0.057801 0.763217 0.00141561 -0.0014739
93.88 0.194082 -0.00815298 -0.0576135 0.763224 0.0014265 -0.00147206
93.89 0.194139 -0.00790868 -0.0574012 0.763216 0.00143221 -0.00146952
93.9 0.194188 -0.00767205 -0.0571987 0.763222 0.0014422 -0.00146705
93.91 0.194229 -0.00744571 -0.0569737 0.763217 0.00144773 -0.00146454
93.92 0.194263 -0.00722234 -0.056757 0.763216 0.00145685 -0.00146163
93.93 0.194301 -0.00702671 -0.056519 0.763213 0.00146288 -0.00146394
93.94 0.19434 -0.00682123 -0.0562875 0.763208 0.00147148 -0.00146442
93.95 0.194374 -0.00659004 -0.0560553 0.763208 0.00148039 -0.00145775
93.96 0.194401 -0.00634263 -0.0558117 0.763204 0.00148697 -0.00144709
93.97 0.194418 -0.00612577 -0.0555732 0.763206 0.00149633 -0.0014435
93.98 0.194426 -0.00592391 -0.055317 0.763204 0.00150194 -0.00144286
93.99 0.194424 -0.00573013 -0.0550715 0.763207 0.00151153 -0.0014454
94 0.194414 -0.00550998 -0.0548048 0.763204 0.00151637 -0.00144133
94.01 0.194395 -0.00527207 -0.0545523 0.763205 0.00152587 -0.00143577
94.02 0.194366 -0.00503003 -0.0542793 0.763201 0.00153091 -0.00142871
94.03 0.19433 -0.00478676 -0.0540201 0.763203 0.00154036 -0.00142468
94.04 0.194284 -0.00455706 -0.0537441 0.763202 0.00154652 -0.00142345
94.05 0.194231 -0.0043044 -0.053473 0.763204 0.00155467 -0.00142028
94.06 0.194167 -0.0040486 -0.0531929 0.763206 0.00156174 -0.0014167
94.07 0.194096 -0.00376461 -0.0529068 0.763205 0.00156792 -0.00140932
94.08 0.194015 -0.00348778 -0.0526242 0.763209 0.00157626 -0.00140463
94.09 0.193926 -0.00319927 -0.0523277 0.763203 0.00158159 -0.00139876
94.1 0.193829 -0.00291853 -0.0520422 0.763209 0.00159112 -0.00139652
94.11 0.193725 -0.00262268 -0.0517374 0.763201 0.00159609 -0.0013909
94.12 0.193612 -0.00232083 -0.0514428 0.763209 0.00160553 -0.00138649
94.13 0.193492 -0.00201242 -0.0511296 0.763204 0.00161035 -0.00137914
94.14 0.193364 -0.00169927 -0.0508217 0.763208 0.00161886 -0.00137358
94.15 0.193228 -0.00139513 -0.0505015 0.763207 0.00162435 -0.00136732
94.16 0.193084 -0.00108609 -0.0501804 0.763203 0.00163185 -0.0013626
94.17 0.192934 -0.000785496 -0.0498543 0.763205 0.00163853 -0.00135626
94.18 0.192777 -0.000478078 -0.0495216 0.763197 0.00164531 -0.00135039
94.19 0.192614 -0.00018245 -0.049187 0.763203 0.00165265 -0.0013434
94.2 0.192443 0.00011742 -0.0488423 0.763193 0.00165877 -0.00133645
94.21 0.192266 0.000397457 -0.0484961 0.763201 0.00166616 -0.00133037
94.22 0.192082 0.000682763 -0.0481378 0.763191 0.0016714 -0.00132278
94.23 0.191891 0.000947454 -0.0477821 0.763196 0.00167937 -0.0013168
94.24 0.191693 0.00121511 -0.0474115 0.763187 0.00168421 -0.00130853
94.25 0.19149 0.00146462 -0.0470458 0.763188 0.00169241 -0.00130217
94.26 0.191279 0.00171132 -0.0466656 0.763181 0.0016976 -0.00129386
94.27 0.191063 0.00194392 -0.0462894 0.763181 0.00170556 -0.00128744
94.28 0.190839 0.00217177 -0.0458981 0.763177 0.00171079 -0.00127896
94.29 0.190608 0.0023917 -0.0455099 0.763178 0.00171802 -0.00127165
94.3 0.19037 0.00260261 -0.0451101 0.763175 0.00172366 -0.00126327
94.31 0.190124 0.00281241 -0.0447102 0.763172 0.00173013 -0.0012549
94.32 0.189871 0.0030077 -0.0443067 0.763171 0.00173704 -0.00124739
94.33 0.189611 0.00320823 -0.0438936 0.763165 0.00174219 -0.00123856
94.34 0.189343 0.00339778 -0.0434885 0.763168 0.00175059 -0.0012311
94.35 0.189067 0.00359364 -0.0430642 0.763161 0.00175476 -0.00122189
94.36 0.188783 0.00378661 -0.0426537 0.763168 0.00176343 -0.00121384
94.37 0.18849 0.00398411 -0.0422212 0.763161 0.00176729 -0.00120405
94.38 0.188189 0.00418252 -0.0418031 0.763168 0.00177543 -0.00119612
94.39 0.187879 0.00438632 -0.0413676 0.763161 0.00178004 -0.00118595
94.4 0.18756 0.00459348 -0.0409425 0.763164 0.00178752 -0.00117836
94.41 0.187233 0.00480829 -0.0405073 0.763161 0.00179344 -0.00116806
94.42 0.186898 0.00503097 -0.0400719 0.763161 0.0017994 -0.00116001
94.43 0.186553 0.00526229 -0.0396378 0.763164 0.00180678 -0.00114948
94.44 0.186186 0.00550543 -0.039176 0.76316 0.00180771 -0.00114171
94.45 0.185798 0.00576606 -0.0387343 0.763166 0.00181463 -0.00113177
94.46 0.185409 0.00603919 -0.0382912 0.76316 0.00182059 -0.00112176
94.47 0.185017 0.00632408 -0.0378564 0.763166 0.00182994 -0.00111041
94.48 0.184619 0.00661097 -0.0374058 0.763163 0.00183496 -0.00110001
94.49 0.184214 0.00689918 -0.0369613 0.763165 0.00184326 -0.00109164
94.5 0.183803 0.0071963 -0.0364996 0.763164 0.00184709 -0.00108096
94.51 0.183384 0.00749676 -0.0360441 0.763161 0.00185406 -0.00107265
94.52 0.182959 0.00780768 -0.0355792 0.763163 0.00185871 -0.00106008
94.53 0.182527 0.00811817 -0.035115 0.763157 0.00186484 -0.00105114
94.54 0.182091 0.00842885 -0.0346485 0.763162 0.00187077 -0.00103899
94.55 0.181649 0.00873777 -0.0341722 0.763155 0.00187537 -0.0010306
94.56 0.181201 0.00904478 -0.0337015 0.763159 0.00188218 -0.00101864
94.57 0.180749 0.00935066 -0.0332152 0.763153 0.00188589 -0.00100951
94.58 0.180291 0.0096528 -0.0327386 0.763155 0.00189331 -0.000997044
94.59 0.179828 0.00994911 -0.0322448 0.763147 0.00189679 -0.000987226
94.6 0.179361 0.0102361 -0.0317604 0.763149 0.0019043 -0.000975768
94.61 0.178888 0.0105159 -0.0312587 0.763142 0.00190773 -0.000965762
94.62 0.178411 0.0107885 -0.030766 0.763144 0.00191501 -0.000954521
94.63 0.177928 0.0110521 -0.0302578 0.763138 0.00191882 -0.000943562
94.64 0.177439 0.0113102 -0.0297529 0.763138 0.00192495 -0.000932096
94.65 0.176945 0.0115549 -0.0292416 0.763135 0.00192986 -0.000920598
94.66 0.176445 0.0117919 -0.0287243 0.76313 0.00193469 -0.000910142
94.67 0.17594 0.01202 -0.0282118 0.763131 0.00194105 -0.000898025
94.68 0.175429 0.0122376 -0.027684 0.763122 0.00194475 -0.000888345
94.69 0.174911 0.0124549 -0.0271684 0.763129 0.00195203 -0.000875189
94.7 0.174387 0.012659 -0.0266312 0.763117 0.00195468 -0.000865442
94.71 0.173857 0.0128669 -0.0261115 0.763127 0.00196233 -0.000852127
94.72 0.17332 0.0130619 -0.025571 0.763115 0.00196527 -0.000842049
94.73 0.172776 0.0132627 -0.0250423 0.763123 0.00197182 -0.000829356
94.74 0.172225 0.0134544 -0.0245032 0.763115 0.00197599 -0.00081875
94.75 0.171668 0.0136544 -0.0239677 0.763118 0.00198162 -0.000806578
94.76 0.171104 0.0138502 -0.0234289 0.763115 0.00198663 -0.000795107
94.77 0.170533 0.014054 -0.0228872 0.763115 0.0019912 -0.000783728
94.78 0.169955 0.0142614 -0.0223502 0.763118 0.00199737 -0.000771046
94.79 0.169372 0.0144738 -0.0218023 0.763115 0.00200063 -0.000760315
94.8 0.168781 0.014695 -0.0212661 0.763119 0.00200763 -0.000747095
94.81 0.168184 0.0149209 -0.020716 0.763115 0.00201043 -0.000736587
94.82 0.16758 0.0151565 -0.0201786 0.763118 0.00201751 -0.000723669
94.83 0.166971 0.0153993 -0.0196275 0.763116 0.0020203 -0.000712884
94.84 0.166355 0.0156545 -0.0190887 0.763118 0.00202722 -0.000699767
94.85 0.165734 0.0159127 -0.0185375 0.763117 0.00203037 -0.000689029
94.86 0.165106 0.0161873 -0.0179954 0.763119 0.00203663 -0.00067589
94.87 0.164473 0.0164604 -0.0174441 0.763119 0.00204032 -0.000664856
94.88 0.163834 0.0167512 -0.0168971 0.763119 0.00204552 -0.000651973
94.89 0.163189 0.0170374 -0.0163474 0.763118 0.00205032 -0.000640412
94.9 0.162539 0.017338 -0.0157943 0.763117 0.00205427 -0.000628372
94.91 0.161883 0.0176339 -0.0152464 0.763116 0.00206029 -0.000616169
94.92 0.161223 0.0179394 -0.0146857 0.763114 0.0020629 -0.000604831
94.93 0.160557 0.0182423 -0.0141389 0.763116 0.00206999 -0.00059172
94.94 0.159886 0.0185463 -0.0135704 0.763111 0.00207149 -0.000580994
94.95 0.159209 0.0188512 -0.0130222 0.763115 0.00207911 -0.000567052
94.96 0.158527 0.0191468 -0.0124485 0.763108 0.00208026 -0.000556908
94.97 0.157839 0.0194464 -0.0118944 0.76311 0.00208743 -0.000542717
94.98 0.157147 0.0197296 -0.0113205 0.763104 0.0020895 -0.000532713
94.99 0.156448 0.0200157 -0.0107559 0.763104 0.00209514 -0.00051927
95 0.155744 0.0202879 -0.0101843 0.763102 0.00209885 -0.000508108
95.01 0.155034 0.0205561 -0.00960795 0.763098 0.00210259 -0.000495622
95.02 0.154318 0.0208156 -0.00903814 0.763102 0.00210791 -0.000483112
95.03 0.153596 0.0210643 -0.00845107 0.763092 0.00210982 -0.000471397
95.04 0.152868 0.0213057 -0.00788269 0.763099 0.00211651 -0.000458607
95.05 0.152133 0.0215349 -0.00728861 0.763087 0.00211727 -0.000447476
95.06 0.151393 0.0217599 -0.00671815 0.763095 0.00212436 -0.000434455
95.07 0.150646 0.0219731 -0.00612279 0.763085 0.00212519 -0.000423377
95.08 0.149893 0.0221846 -0.00554637 0.763092 0.00213158 -0.00041032
95.09 0.149134 0.0223884 -0.00495276 0.763086 0.00213312 -0.000398392
95.1 0.148368 0.0225869 -0.00437006 0.763089 0.00213835 -0.000386239
95.11 0.147595 0.022784 -0.00377921 0.763087 0.00214082 -0.000373772
95.12 0.146817 0.0229773 -0.00319179 0.763087 0.00214477 -0.000362091
95.13 0.146031 0.0231714 -0.00260512 0.763088 0.00214843 -0.000349402
95.14 0.14524 0.0233671 -0.0020142 0.763086 0.00215107 -0.000337808
95.15 0.144441 0.0235631 -0.00143154 0.763089 0.00215572 -0.00032525
95.16 0.143637 0.0237672 -0.000838516 0.763087 0.00215722 -0.000313598
95.17 0.142825 0.0239732 -0.000258917 0.763092 0.00216246 -0.000300715
95.18 0.142008 0.0241893 0.000334675 0.763089 0.00216314 -0.000289065
95.19 0.141184 0.0244095 0.000911173 0.763094 0.00216873 -0.000276159
95.2 0.140355 0.0246389 0.00150384 0.76309 0.00216895 -0.000264793
95.21 0.139518 0.0248765 0.00207768 0.763096 0.00217452 -0.000252089
95.22 0.138676 0.0251219 0.00266857 0.763091 0.00217464 -0.000240682
95.23 0.137827 0.0253792 0.00324139 0.763098 0.00217965 -0.000228203
95.24 0.136973 0.0256428 0.00382827 0.763094 0.00218034 -0.000216226
95.25 0.136112 0.025919 0.0044033 0.763099 0.002184 -0.000204013
95.26 0.135246 0.0261994 0.00498329 0.763098 0.00218602 -0.000191442
95.27 0.134372 0.0264878 0.00556331 0.763097 0.00218774 -0.000180334
95.28 0.133493 0.0267827 0.0061362 0.7631 0.00219124 -0.000167087
95.29 0.132608 0.0270784 0.00672072 0.763095 0.00219126 -0.00015707
95.3 0.131715 0.0273852 0.00728956 0.7631 0.00219568 -0.000142972
95.31 0.130816 0.0276872 0.00787733 0.763094 0.00219452 -0.000132953
95.32 0.12991 0.0279974 0.00844432 0.763099 0.00219937 -0.00011891
95.33 0.128998 0.0283002 0.0090334 0.763095 0.00219773 -0.00010857
95.34 0.128078 0.0286037 0.00960212 0.763096 0.0022021 -9.5749e-05
95.35 0.127151 0.0289035 0.0101895 0.763095 0.00220089 -8.44613e-05
95.36 0.126216 0.0291974 0.0107629 0.763092 0.00220405 -7.23438e-05
95.37 0.125273 0.0294894 0.011347 0.763095 0.00220388 -6.00052e-05
95.38 0.124305 0.029769 0.0119476 0.763086 0.002201 -5.06213e-05
95.39 0.123313 0.0300609 0.0125386 0.763092 0.0021997 -3.83947e-05
95.4 0.122322 0.0303421 0.013109 0.763084 0.00220329 -2.68523e-05
95.41 0.121332 0.0306288 0.0136833 0.763092 0.00220586 -1.13711e-05
95.42 0.120334 0.0308891 0.0142645 0.763088 0.00220644 -7.32016e-07
95.43 0.11933 0.0311447 0.0148415 0.763093 0.00220869 1.20559e-05
95.44 0.118317 0.0313821 0.0154364 0.763089 0.00220599 2.17151e-05
95.45 0.117296 0.031619 0.016013 0.763088 0.00220838 3.41194e-05
95.46 0.116267 0.0318456 0.0166093 0.763086 0.00220511 4.53371e-05
95.47 0.115231 0.0320698 0.0171857 0.763086 0.00220732 5.76327e-05
95.48 0.114187 0.0322836 0.0177784 0.763088 0.00220445 6.89418e-05
95.49 0.113136 0.0324985 0.018357 0.76309 0.00220563 8.07514e-05
95.5 0.112076 0.0327078 0.0189439 0.763095 0.00220358 9.30493e-05
95.51 0.11101 0.0329177 0.0195243 0.763093 0.00220336 0.000104191
95.52 0.109935 0.0331297 0.0201045 0.763098 0.00220224 0.000117847
95.53 0.108854 0.0333337 0.0206848 0.763091 0.00220079 0.000126869
95.54 0.107764 0.0335513 0.0212595 0.7631 0.00220029 0.000140806
95.55 0.106667 0.0337594 0.0218398 0.763092 0.00219777 0.000148824
95.56 0.105561 0.0339937 0.0224081 0.763106 0.00219795 0.000163869
95.57 0.104449 0.034217 0.0229878 0.7631 0.00219449 0.000172612
95.58 0.103327 0.0344686 0.0235508 0.763112 0.00219484 0.000187831
95.59 0.102199 0.0347102 0.0241269 0.763107 0.00219092 0.000197461
95.6 0.10106 0.0349726 0.024688 0.76311 0.00219054 0.000210751
95.61 0.0999158 0.0352332 0.0252565 0.76311 0.00218713 0.000221071
95.62 0.0987624 0.0355031 0.0258171 0.763108 0.00218558 0.000231207
95.63 0.0976008 0.0357908 0.0263788 0.763115 0.00218284 0.00024417
95.64 0.0964312 0.0360777 0.0269389 0.763111 0.00218022 0.000253526
95.65 0.095253 0.0363911 0.0274954 0.763122 0.00217788 0.000269219
95.66 0.0940668 0.03669 0.0280545 0.763116 0.00217431 0.000277697
95.67 0.0928722 0.0370118 0.0286066 0.763122 0.00217206 0.000292976
95.68 0.0916699 0.037315 0.0291635 0.763117 0.00216784 0.000300178
95.69 0.0904592 0.0376374 0.0297123 0.763118 0.00216549 0.000314184
95.7 0.0892407 0.0379484 0.0302666 0.763117 0.00216099 0.000322287
95.71 0.0880139 0.0382732 0.0308151 0.763118 0.00215814 0.000336535
95.72 0.0867787 0.0385902 0.0313665 0.763122 0.00215373 0.000346821
95.73 0.0855363 0.0389066 0.0319155 0.763121 0.0021501 0.000359998
95.74 0.0842851 0.0392161 0.0324648 0.763124 0.00214576 0.000371164
95.75 0.0830274 0.0395133 0.0330131 0.763121 0.00214149 0.000382063
95.76 0.0817612 0.0398084 0.0335608 0.763121 0.00213711 0.000393768
95.77 0.080488 0.0400857 0.034109 0.763118 0.0021322 0.000403339
95.78 0.0792067 0.0403671 0.0346549 0.76312 0.00212789 0.000416313
95.79 0.0779186 0.0406253 0.0352034 0.76312 0.00212237 0.000425528
95.8 0.0766225 0.0408941 0.0357478 0.763126 0.00211806 0.000440345
95.81 0.07532 0.0411313 0.0362954 0.763125 0.0021121 0.000449292
95.82 0.0740095 0.0413796 0.0368388 0.763129 0.00210737 0.000464103
95.83 0.0726928 0.0415935 0.0373838 0.763127 0.00210129 0.000472433
95.84 0.0713686 0.041816 0.0379256 0.763127 0.00209599 0.000485308
95.85 0.0700376 0.0420154 0.038467 0.763129 0.00209005 0.000494467
95.86 0.0686989 0.0422209 0.0390083 0.763129 0.00208389 0.000506418
95.87 0.0673532 0.0424205 0.0395452 0.763139 0.0020782 0.000518733
95.88 0.0660005 0.0426131 0.0400847 0.763135 0.00207129 0.000529627
95.89 0.0646407 0.0428108 0.0406157 0.763148 0.00206581 0.000543414
95.9 0.0632746 0.0429899 0.0411515 0.76314 0.00205823 0.000551941
95.91 0.0619005 0.043187 0.0416771 0.763151 0.00205256 0.000566133
95.92 0.0605206 0.0433641 0.0422069 0.763143 0.00204469 0.000573556
95.93 0.0591323 0.0435664 0.0427285 0.763153 0.00203842 0.000587923
95.94 0.0577376 0.0437567 0.043251 0.763152 0.00203061 0.000596495
95.95 0.0563441 0.0439946 0.0437759 0.763161 0.00202146 0.000615598
95.96 0.0549524 0.0442294 0.0442878 0.763167 0.00201355 0.000630533
95.97 0.0535589 0.0444338 0.0447896 0.763168 0.00200797 0.000637558
95.98 0.0521606 0.0446339 0.0452948 0.763172 0.00200033 0.000641453
95.99 0.050752 0.04486 0.0457966 0.763165 0.00199276 0.000649819
96 0.0493333 0.0451258 0.0462936 0.763171 0.00198552 0.000665804
96.01 0.0479049 0.0453966 0.0467976 0.763168 0.00197572 0.000680266
96.02 0.0464662 0.045669 0.0472879 0.76318 0.00196877 0.000694587
96.03 0.0450199 0.0459265 0.0477886 0.76318 0.00195786 0.000702167
96.04 0.0435642 0.0461955 0.0482732 0.76319 0.00195084 0.000713236
96.05 0.0421002 0.0464735 0.0487647 0.763185 0.00194037 0.000723187
96.06 0.0406272 0.0467668 0.0492468 0.763189 0.00193245 0.000738321
96.07 0.0391458 0.0470509 0.0497296 0.763181 0.00192266 0.000748532
96.08 0.0376562 0.0473331 0.0502122 0.763186 0.00191329 0.000760268
96.09 0.0361579 0.0476059 0.0506906 0.763185 0.00190373 0.000767899
96.1 0.0346518 0.0478887 0.0511708 0.763194 0.00189371 0.000780194
96.11 0.0331378 0.0481729 0.0516455 0.763197 0.00188443 0.000792163
96.12 0.0316166 0.0484552 0.0521222 0.7632 0.00187394 0.000806267
96.13 0.0300895 0.0487256 0.0525925 0.763202 0.00186493 0.000818241
96.14 0.0285559 0.0489733 0.0530677 0.763195 0.00185354 0.000827513
96.15 0.0270163 0.0492164 0.053535 0.763199 0.00184452 0.000837291
96.16 0.0254707 0.0494422 0.0540085 0.763193 0.00183265 0.000845577
96.17 0.0239186 0.0496799 0.0544749 0.763205 0.00182332 0.000858728
96.18 0.0223615 0.0498989 0.0549444 0.763205 0.00181165 0.000870126
96.19 0.0207991 0.0501205 0.0554091 0.763216 0.00180184 0.000884624
96.2 0.0192329 0.050312 0.0558739 0.763216 0.00179029 0.000894637
96.21 0.0176627 0.0504955 0.0563342 0.763216 0.00178008 0.000905388
96.22 0.0160878 0.0506628 0.0567956 0.763218 0.00176832 0.000914631
96.23 0.0145087 0.0508234 0.057253 0.763213 0.00175747 0.000924421
96.24 0.0129247 0.0509814 0.0577104 0.763224 0.00174592 0.000935537
96.25 0.0113364 0.0511326 0.0581664 0.763223 0.00173415 0.000946368
96.26 0.00974336 0.0512865 0.0586177 0.763239 0.00172308 0.00095957
96.27 0.00814729 0.0514279 0.0590686 0.763239 0.00171079 0.000970364
96.28 0.00654684 0.051567 0.059512 0.763247 0.00169994 0.000982105
96.29 0.00494312 0.0516956 0.0599558 0.763244 0.00168716 0.000990968
96.3 0.00333449 0.0518272 0.0603934 0.763246 0.00167588 0.00100159
96.31 0.00172091 0.0519576 0.060832 0.763248 0.00166239 0.00101053
96.32 0.000102874 0.0520963 0.0612623 0.763252 0.00165111 0.00102182
96.33 -0.00152016 0.0522385 0.0616943 0.763262 0.00163739 0.00103214
96.34 -0.00314722 0.0523905 0.0621162 0.763267 0.00162596 0.00104438
96.35 -0.00477856 0.0525431 0.0625385 0.763275 0.0016124 0.00105527
96.36 -0.00641399 0.0527025 0.0629529 0.763273 0.00160015 0.00106643
96.37 -0.00805391 0.0528577 0.0633654 0.763277 0.00158669 0.00107561
96.38 -0.00969797 0.0530192 0.0637721 0.763272 0.00157362 0.00108411
96.39 -0.0113474 0.0531876 0.0641779 0.763281 0.00155989 0.00109368
96.4 -0.0130011 0.0533668 0.0645769 0.763279 0.00154627 0.00110327
96.41 -0.0146591 0.0535576 0.0649736 0.763295 0.00153287 0.00111566
96.42 -0.0163201 0.0537474 0.0653649 0.763291 0.0015187 0.00112537
96.43 -0.0179844 0.0539461 0.0657503 0.763303 0.0015057 0.001138
96.44 -0.0196507 0.0541303 0.0661347 0.763295 0.00149079 0.00114525
96.45 -0.0213207 0.0543208 0.066511 0.763299 0.00147769 0.0011553
96.46 -0.0229928 0.0545034 0.0668903 0.763296 0.00146215 0.00116224
96.47 -0.0246685 0.0546936 0.0672604 0.763298 0.00144862 0.00117264
96.48 -0.0263459 0.0548816 0.0676338 0.763308 0.00143307 0.00118208
96.49 -0.0280246 0.0550656 0.067996 0.763308 0.0014195 0.00119284
96.5 -0.0297041 0.0552465 0.0683622 0.763321 0.00140409 0.00120331
96.51 -0.0313838 0.0554099 0.0687165 0.763314 0.00139024 0.00121245
96.52 -0.0330638 0.0555687 0.0690754 0.763322 0.00137489 0.00122184
96.53 -0.0347446 0.0557045 0.0694266 0.763313 0.00136003 0.00122864
96.54 -0.0364258 0.0558405 0.0697787 0.76332 0.00134506 0.00123759
96.55 -0.0381083 0.0559608 0.0701292 0.763321 0.00132927 0.00124553
96.56 -0.0397905 0.0560806 0.0704747 0.763331 0.00131478 0.00125593
96.57 -0.0414728 0.0561855 0.07082 0.763338 0.00129898 0.00126553
96.58 -0.0431535 0.0562805 0.0711591 0.763342 0.00128445 0.00127557
96.59 -0.0448345 0.0563577 0.0714977 0.763345 0.00126862 0.00128401
96.6 -0.0465136 0.0564205 0.0718307 0.763343 0.00125372 0.00129166
96.61 -0.0481939 0.0564715 0.072165 0.763346 0.00123749 0.00129889
96.62 -0.049873 0.0565156 0.072493 0.763348 0.00122217 0.00130639
96.63 -0.0515526 0.0565556 0.0728221 0.763358 0.00120591 0.00131511
96.64 -0.0532308 0.0565925 0.0731431 0.763365 0.00119056 0.00132412
96.65 -0.0549082 0.0566261 0.0734637 0.763374 0.00117459 0.00133435
96.66 -0.0565834 0.0566484 0.0737748 0.763377 0.00115932 0.00134224
96.67 -0.0582818 0.05667 0.0741146 0.763379 0.00113739 0.00134904
96.68 -0.0600001 0.0566941 0.0744297 0.763376 0.00111905 0.00135395
96.69 -0.0617061 0.0567321 0.0747181 0.763379 0.00110617 0.00136284
96.7 -0.0634013 0.0567718 0.075009 0.763387 0.00109086 0.0013714
96.71 -0.0650955 0.0568127 0.0752942 0.763396 0.00107624 0.00138029
96.72 -0.0667857 0.0568509 0.0755791 0.763409 0.00106031 0.00138752
96.73 -0.0684752 0.0568914 0.0758632 0.76341 0.00104335 0.00139496
96.74 -0.070163 0.0569375 0.0761393 0.763416 0.00102699 0.00140263
96.75 -0.0718494 0.0569793 0.0764144 0.763406 0.00100918 0.00140838
96.76 -0.0735349 0.0570283 0.0766845 0.763413 0.000991814 0.00141487
96.77 -0.0752187 0.0570763 0.0769467 0.763408 0.000974555 0.00141982
96.78 -0.0769008 0.0571349 0.0772125 0.763422 0.00095603 0.0014266
96.79 -0.0785795 0.0572029 0.0774574 0.763428 0.000940446 0.00143417
96.8 -0.0802535 0.0572732 0.0777123 0.763438 0.000921651 0.00144227
96.81 -0.0819237 0.0573471 0.0779455 0.763441 0.000906178 0.00144981
96.82 -0.0835879 0.0574071 0.0781842 0.763436 0.000888014 0.00145501
96.83 -0.0852491 0.05747 0.0784145 0.763438 0.000870826 0.00145953
96.84 -0.0869063 0.0575222 0.0786415 0.76343 0.000853071 0.00146327
96.85 -0.0885594 0.0575858 0.0788678 0.763442 0.000834924 0.00146875
96.86 -0.0902079 0.0576454 0.0790862 0.763444 0.000817445 0.00147554
96.87 -0.0918497 0.0577054 0.0793015 0.763459 0.00079984 0.00148233
96.88 -0.0934838 0.0577567 0.0795079 0.763461 0.000782994 0.00148975
96.89 -0.0951105 0.0577897 0.0797131 0.763465 0.000765427 0.00149374
96.9 -0.0967298 0.0578149 0.0799094 0.76346 0.000748576 0.00149883
96.91 -0.0983425 0.057821 0.0801101 0.76346 0.000730154 0.00150111
96.92 -0.0999501 0.0578273 0.0803024 0.763461 0.00071264 0.00150643
96.93 -0.10155 0.0578188 0.0804968 0.763469 0.00069426 0.00151057
96.94 -0.103134 0.0578275 0.0806895 0.76348 0.000674767 0.0015209
96.95 -0.104701 0.0578207 0.0808703 0.763491 0.000656833 0.00152984
96.96 -0.106254 0.057767 0.0810343 0.763497 0.000642489 0.00153063
96.97 -0.107795 0.0576906 0.081207 0.763496 0.000624963 0.00152904
96.98 -0.109331 0.0576138 0.0813679 0.763494 0.000609488 0.00153041
96.99 -0.110861 0.0575524 0.0815403 0.763491 0.000590031 0.00153776
97 -0.112388 0.0574751 0.0817056 0.7635 0.000572379 0.0015443
97.01 -0.113908 0.0573874 0.0818661 0.763508 0.000554134 0.00155026
97.02 -0.115419 0.0572709 0.082023 0.763525 0.000536727 0.00155217
97.03 -0.116923 0.0571541 0.0821655 0.763532 0.000520326 0.00155513
97.04 -0.118417 0.0570313 0.0823067 0.763538 0.000503295 0.00155911
97.05 -0.119905 0.0569095 0.082439 0.763536 0.00048641 0.00156359
97.06 -0.121397 0.0567932 0.0825632 0.763531 0.000469054 0.00157207
97.07 -0.122891 0.0566594 0.082685 0.763535 0.000451452 0.00157731
97.08 -0.124379 0.0564879 0.0828105 0.763536 0.000432231 0.00157453
97.09 -0.12586 0.056312 0.082919 0.763557 0.000416787 0.00157023
97.1 -0.127331 0.0561685 0.0830305 0.763563 0.000398081 0.00157372
97.11 -0.128793 0.0560478 0.0831218 0.763579 0.000383325 0.00158145
97.12 -0.130245 0.0559342 0.0832135 0.763574 0.000365412 0.00159049
97.13 -0.131685 0.0557935 0.0832935 0.763572 0.000349666 0.00159216
97.14 -0.13312 0.0556417 0.0833736 0.763567 0.000331517 0.00159026
97.15 -0.134545 0.0554898 0.0834427 0.763566 0.000315196 0.00158789
97.16 -0.135963 0.0553644 0.0835116 0.763579 0.000297311 0.00159007
97.17 -0.137371 0.0552549 0.083569 0.763586 0.000280768 0.00159607
97.18 -0.138768 0.0551481 0.0836184 0.763605 0.000264646 0.0016007
97.19 -0.140152 0.0550307 0.0836597 0.763603 0.000248446 0.00160356
97.2 -0.141522 0.0549013 0.0836873 0.763607 0.000234117 0.00160172
97.21 -0.142882 0.0547756 0.0837228 0.763595 0.000215908 0.00160211
97.22 -0.144233 0.0546518 0.0837416 0.763596 0.000201116 0.0016015
97.23 -0.145575 0.054538 0.0837732 0.763596 0.000181515 0.00160506
97.24 -0.146906 0.0544154 0.0837826 0.76361 0.00016704 0.00160595
97.25 -0.148225 0.0542905 0.0837971 0.763621 0.00014925 0.00160831
97.26 -0.149527 0.0541531 0.0837905 0.763634 0.00013595 0.00160816
97.27 -0.150816 0.0540082 0.0837865 0.763635 0.000119684 0.00160834
97.28 -0.152091 0.0538588 0.0837729 0.763633 0.000105097 0.00160871
97.29 -0.153354 0.0536978 0.0837596 0.763627 8.87745e-05 0.00160881
97.3 -0.154608 0.0535316 0.0837491 0.763627 7.14509e-05 0.0016097
97.31 -0.155849 0.0533455 0.0837258 0.763635 5.63925e-05 0.00160872
97.32 -0.157078 0.0531558 0.083709 0.763646 3.87522e-05 0.00160936
97.33 -0.158292 0.052947 0.0836701 0.763666 2.59366e-05 0.00160843
97.34 -0.159491 0.0527348 0.0836356 0.763669 9.7747e-06 0.00160923
97.35 -0.160673 0.0525027 0.0835875 0.763678 -3.18451e-06 0.00160826
97.36 -0.161843 0.052264 0.0835433 0.763667 -1.96379e-05 0.00160819
97.37 -0.163001 0.0520062 0.083494 0.763672 -3.44131e-05 0.00160661
97.38 -0.164148 0.0517429 0.0834468 0.763669 -5.16019e-05 0.00160602
97.39 -0.165283 0.0514645 0.0833911 0.763684 -6.65808e-05 0.00160472
97.4 -0.166404 0.0511786 0.0833298 0.763698 -8.18691e-05 0.0016034
97.41 -0.167508 0.050885 0.0832592 0.763711 -9.58508e-05 0.00160279
97.42 -0.168597 0.0505802 0.0831799 0.763722 -0.000109299 0.00160029
97.43 -0.16967 0.0502751 0.0830981 0.763717 -0.000123855 0.00159999
97.44 -0.170729 0.0499568 0.0830122 0.763719 -0.000138242 0.0015965
97.45 -0.171778 0.0496473 0.0829262 0.763712 -0.000154345 0.00159705
97.46 -0.172814 0.0493216 0.0828333 0.763722 -0.000169135 0.00159337
97.47 -0.173837 0.0490023 0.0827371 0.763731 -0.000184804 0.00159241
97.48 -0.174844 0.0486717 0.0826258 0.763747 -0.000197774 0.00158812
97.49 -0.175835 0.048352 0.0825116 0.763759 -0.000211985 0.00158648
97.5 -0.176808 0.0480294 0.0823822 0.763761 -0.000224056 0.00158337
97.51 -0.177767 0.0477139 0.0822553 0.763761 -0.000238539 0.00158105
97.52 -0.178711 0.0474009 0.0821202 0.763753 -0.000252327 0.00157892
97.53 -0.179644 0.0470873 0.0819841 0.763755 -0.000267394 0.00157512
97.54 -0.180564 0.046782 0.0818416 0.763759 -0.000282202 0.00157354
97.55 -0.181469 0.0464689 0.0816854 0.763775 -0.000295411 0.00156808
97.56 -0.182357 0.0461691 0.0815237 0.763785 -0.000309005 0.00156629
97.57 -0.183228 0.0458598 0.0813433 0.763796 -0.000320067 0.00155991
97.58 -0.184082 0.0455668 0.0811653 0.763794 -0.000333578 0.00155798
97.59 -0.18492 0.04527 0.0809745 0.763793 -0.000345548 0.00155316
97.6 -0.185746 0.0449816 0.0807881 0.763785 -0.000360227 0.00155133
97.61 -0.18656 0.0446872 0.080594 0.763791 -0.000373803 0.00154698
97.62 -0.187359 0.0443909 0.0803927 0.763796 -0.000387362 0.00154361
97.63 -0.188142 0.0440883 0.0801858 0.763813 -0.000400326 0.00153841
97.64 -0.188907 0.0437787 0.0799618 0.763824 -0.00041115 0.00153309
97.65 -0.189654 0.0434706 0.079738 0.763831 -0.00042342 0.00152834
97.66 -0.190385 0.0431559 0.079501 0.763833 -0.000433945 0.00152363
97.67 -0.1911 0.0428431 0.0792698 0.763824 -0.000447383 0.00152041
97.68 -0.191802 0.0425169 0.079032 0.76383 -0.000459628 0.00151619
97.69 -0.192492 0.0421858 0.0787944 0.763827 -0.000473363 0.00151266
97.7 -0.193167 0.0418344 0.0785494 0.763849 -0.000485347 0.00150693
97.71 -0.193824 0.041476 0.0782941 0.763856 -0.000496719 0.00150179
97.72 -0.194463 0.0411 0.0780341 0.763876 -0.000507388 0.0014949
97.73 -0.195084 0.040724 0.0777631 0.763877 -0.000517525 0.00149015
97.74 -0.195689 0.0403346 0.0774939 0.76388 -0.000528779 0.00148459
97.75 -0.196279 0.039945 0.0772202 0.763877 -0.000540322 0.00148113
97.76 -0.196857 0.0395404 0.0769477 0.763877 -0.000552944 0.00147677
97.77 -0.19742 0.0391258 0.0766687 0.763888 -0.00056462 0.00147207
97.78 -0.197969 0.0386944 0.0763848 0.7639 -0.000576322 0.0014661
97.79 -0.1985 0.0382519 0.0760891 0.763919 -0.000585986 0.00145878
97.8 -0.199013 0.0378039 0.0757878 0.763928 -0.000596016 0.00145226
97.81 -0.199508 0.0373557 0.0754776 0.763934 -0.000605053 0.00144601
97.82 -0.199988 0.0369092 0.0751698 0.76393 -0.000616254 0.00144179
97.83 -0.200454 0.0364599 0.074854 0.76393 -0.000626446 0.00143686
97.84 -0.200907 0.0360089 0.0745417 0.763931 -0.000638728 0.00143286
97.85 -0.201346 0.0355477 0.0742204 0.763943 -0.000649647 0.00142628
97.86 -0.20177 0.0350845 0.0738882 0.763956 -0.000659437 0.00141975
97.87 -0.202175 0.0346164 0.0735486 0.763972 -0.000668763 0.00141147
97.88 -0.202561 0.0341573 0.0731955 0.763978 -0.000676577 0.00140473
97.89 -0.202904 0.0336987 0.0728126 0.763982 -0.000679617 0.00139929
97.9 -0.203209 0.0332452 0.0724371 0.763978 -0.000685175 0.00139591
97.91 -0.203516 0.0327819 0.072102 0.763977 -0.000701423 0.0013895
97.92 -0.20382 0.0323246 0.0717395 0.76398 -0.000711523 0.00138306
97.93 -0.204111 0.0318659 0.0713862 0.763985 -0.000725372 0.00137567
97.94 -0.204388 0.0314198 0.0710047 0.764003 -0.000733403 0.00136968
97.95 -0.204656 0.030996 0.0706057 0.764007 -0.000740618 0.0013689
97.96 -0.204915 0.0305648 0.0702022 0.764021 -0.000747633 0.00136621
97.97 -0.205157 0.0300966 0.0698 0.764015 -0.000755624 0.00135387
97.98 -0.205383 0.0296234 0.0693962 0.76402 -0.000763885 0.00133941
97.99 -0.205596 0.029187 0.0689904 0.764017 -0.00077235 0.00133311
98 -0.205794 0.0287807 0.068585 0.764024 -0.000782484 0.00133293
98.01 -0.205976 0.0283725 0.0681677 0.764036 -0.000789581 0.0013329
98.02 -0.20614 0.0279358 0.0677491 0.764043 -0.000798465 0.00132567
98.03 -0.206284 0.0274778 0.0673128 0.76406 -0.000803191 0.00131497
98.04 -0.206411 0.0270209 0.0668816 0.764057 -0.000811639 0.00130382
98.05 -0.206522 0.0265831 0.0664353 0.764067 -0.000816866 0.00129918
98.06 -0.206618 0.026158 0.066001 0.76406 -0.000826891 0.00129709
98.07 -0.206701 0.0257211 0.0655527 0.764071 -0.00083362 0.00129525
98.08 -0.206768 0.0252611 0.0651078 0.764073 -0.000842659 0.00128838
98.09 -0.206821 0.0247803 0.0646524 0.764091 -0.00084949 0.00128018
98.1 -0.206856 0.0242887 0.0641894 0.7641 -0.000855858 0.00126989
98.11 -0.206875 0.0238049 0.0637247 0.764113 -0.000862884 0.00126476
98.12 -0.206877 0.0233169 0.0632492 0.764115 -0.000868294 0.00125901
98.13 -0.206866 0.0228268 0.0627808 0.76412 -0.000876613 0.00125605
98.14 -0.206839 0.0223208 0.0622982 0.764121 -0.000882318 0.00125016
98.15 -0.206801 0.0218025 0.0618284 0.764127 -0.000892027 0.00124456
98.16 -0.206749 0.0212728 0.0613362 0.764138 -0.000897172 0.00123738
98.17 -0.206683 0.0207359 0.060854 0.764149 -0.000905875 0.00123088
98.18 -0.2066 0.0201942 0.0603503 0.764165 -0.000910158 0.00122424
98.19 -0.206503 0.0196464 0.0598497 0.764168 -0.000916791 0.00121725
98.2 -0.20639 0.0191027 0.0593437 0.764179 -0.000922701 0.00121212
98.21 -0.206265 0.0185523 0.0588304 0.764171 -0.000928472 0.00120544
98.22 -0.206127 0.0180122 0.0583251 0.764183 -0.000936718 0.00120223
98.23 -0.205979 0.0174608 0.057803 0.764181 -0.000942277 0.00119566
98.24 -0.205817 0.0169128 0.0572884 0.764198 -0.000950531 0.00119081
98.25 -0.205642 0.0163548 0.0567511 0.764205 -0.000954725 0.00118216
98.26 -0.205452 0.0158053 0.0562191 0.764217 -0.000961487 0.00117553
98.27 -0.205247 0.0152589 0.0556693 0.764224 -0.000965188 0.00116761
98.28 -0.205028 0.0147313 0.0551253 0.764221 -0.000971848 0.0011632
98.29 -0.204798 0.014209 0.0545741 0.764227 -0.000977394 0.00115812
98.3 -0.204556 0.0136956 0.0540203 0.764223 -0.000983873 0.00115385
98.31 -0.204303 0.0131831 0.0534661 0.764236 -0.000990762 0.00114835
98.32 -0.204038 0.0126675 0.0528979 0.76424 -0.000995689 0.00114055
98.33 -0.203758 0.0121617 0.0523301 0.764255 -0.00100183 0.00113365
98.34 -0.203463 0.0116584 0.0517477 0.764261 -0.00100542 0.00112534
98.35 -0.203154 0.0111748 0.0511669 0.764266 -0.00101106 0.00112024
98.36 -0.202831 0.0106961 0.0505786 0.764267 -0.00101524 0.0011144
98.37 -0.202498 0.0102318 0.0499947 0.764266 -0.00102208 0.001111
98.38 -0.202153 0.00976017 0.049404 0.764273 -0.00102716 0.00110489
98.39 -0.201796 0.00929531 0.0488126 0.764278 -0.00103373 0.00109993
98.4 -0.201425 0.00881753 0.0482132 0.764293 -0.00103814 0.00109176
98.41 -0.201041 0.00834712 0.0476096 0.764301 -0.00104318 0.00108487
98.42 -0.200641 0.00787317 0.0470001 0.764312 -0.00104694 0.00107759
98.43 -0.200228 0.00740826 0.0463893 0.764313 -0.0010514 0.00107184
98.44 -0.199802 0.00694269 0.0457791 0.764319 -0.00105649 0.0010675
98.45 -0.199365 0.00647805 0.0451682 0.764317 -0.00106165 0.00106295
98.46 -0.198918 0.00599986 0.0445581 0.764328 -0.00106774 0.00105825
98.47 -0.198459 0.00551333 0.043941 0.764334 -0.00107211 0.00105126
98.48 -0.197987 0.00501214 0.043325 0.764352 -0.00107773 0.00104463
98.49 -0.1975 0.00450485 0.042696 0.76436 -0.00108018 0.00103596
98.5 -0.197002 0.00399663 0.0420753 0.764369 -0.00108568 0.00103082
98.51 -0.19649 0.00348397 0.0414427 0.764374 -0.00108819 0.00102408
98.52 -0.195968 0.00297261 0.0408208 0.764373 -0.0010941 0.00102125
98.53 -0.195436 0.00244805 0.0401913 0.764383 -0.00109843 0.00101543
98.54 -0.194896 0.00191668 0.0395633 0.764383 -0.00110392 0.00101122
98.55 -0.194345 0.00136581 0.0389272 0.764405 -0.00110848 0.0010031
98.56 -0.193782 0.000813835 0.0382839 0.764406 -0.00111195 0.000996775
98.57 -0.193208 0.000249502 0.0376385 0.764427 -0.00111627 0.000988126
98.58 -0.192621 -0.000303365 0.0369815 0.764424 -0.00111828 0.000982835
98.59 -0.192025 -0.000859533 0.0363337 0.764433 -0.00112377 0.000977193
98.6 -0.191419 -0.00140879 0.0356713 0.76443 -0.00112615 0.000973097
98.61 -0.190806 -0.00196226 0.0350213 0.764435 -0.00113275 0.000968435
98.62 -0.190184 -0.00252036 0.0343523 0.764444 -0.00113539 0.000962115
98.63 -0.189552 -0.00308171 0.0336888 0.764453 -0.00114065 0.000955095
98.64 -0.188909 -0.00364229 0.0330086 0.764467 -0.00114298 0.000946723
98.65 -0.188255 -0.004193 0.0323277 0.76447 -0.00114618 0.000939994
98.66 -0.187591 -0.00473403 0.0316407 0.764477 -0.00114927 0.000933112
98.67 -0.186917 -0.00525693 0.0309503 0.764474 -0.0011521 0.000929447
98.68 -0.186235 -0.00577868 0.0302634 0.764478 -0.00115708 0.000923524
98.69 -0.185544 -0.00628729 0.0295639 0.764479 -0.00115941 0.000919783
98.7 -0.184824 -0.00680809 0.0288484 0.764492 -0.00115995 0.000912797
98.71 -0.184073 -0.00732556 0.028123 0.7645 -0.0011581 0.000907197
98.72 -0.183325 -0.00785372 0.0274362 0.764514 -0.00116687 0.000896438
98.73 -0.182572 -0.00836088 0.0267171 0.764514 -0.00116797 0.000888789
98.74 -0.181811 -0.00885573 0.0260146 0.764517 -0.00117439 0.000881588
98.75 -0.181041 -0.00932227 0.025292 0.764514 -0.0011765 0.000879428
98.76 -0.180264 -0.00978922 0.0245723 0.764518 -0.00118027 0.000875565
98.77 -0.179477 -0.0102599 0.0238479 0.764527 -0.00118355 0.000870259
98.78 -0.178682 -0.0107386 0.0231128 0.764536 -0.00118483 0.000861801
98.79 -0.177875 -0.011226 0.0223838 0.764554 -0.00118853 0.000851498
98.8 -0.177057 -0.0116936 0.0216337 0.764556 -0.00118719 0.000844105
98.81 -0.176229 -0.0121628 0.0209043 0.764568 -0.00119199 0.000837221
98.82 -0.175392 -0.0126083 0.020152 0.764561 -0.00119066 0.000834229
98.83 -0.174549 -0.0130728 0.0194251 0.764569 -0.00119668 0.000829022
98.84 -0.173697 -0.0135308 0.0186766 0.76457 -0.00119683 0.000824369
98.85 -0.17284 -0.0140186 0.0179435 0.764583 -0.00120173 0.000815985
98.86 -0.171972 -0.0145026 0.0171941 0.764597 -0.00120251 0.000807889
98.87 -0.171095 -0.0150033 0.016446 0.764606 -0.00120437 0.000798908
98.88 -0.170208 -0.0154967 0.0156972 0.76462 -0.001206 0.000791324
98.89 -0.169311 -0.0159916 0.0149394 0.764615 -0.00120584 0.000785772
98.9 -0.168407 -0.0164895 0.014201 0.764626 -0.00121034 0.000779989
98.91 -0.167497 -0.0169897 0.0134415 0.764619 -0.00120959 0.000775869
98.92 -0.166581 -0.0175079 0.0127081 0.764635 -0.00121583 0.000768828
98.93 -0.165658 -0.0180336 0.0119461 0.764638 -0.00121452 0.000761827
98.94 -0.164727 -0.0185771 0.0112025 0.764658 -0.0012191 0.000751944
98.95 -0.163785 -0.0191171 0.0104375 0.764663 -0.0012177 0.000743525
98.96 -0.162835 -0.0196611 0.00968254 0.764672 -0.00122017 0.000734951
98.97 -0.161876 -0.0201902 0.0089222 0.764671 -0.00122049 0.000729538
98.98 -0.160912 -0.0207222 0.00816478 0.764672 -0.0012226 0.000724102
98.99 -0.159942 -0.0212506 0.00741152 0.764674 -0.00122517 0.000718845
99 -0.158967 -0.0217886 0.0066489 0.764681 -0.00122633 0.00071183
99.01 -0.157985 -0.0223309 0.0058947 0.764693 -0.00122973 0.000702658
99.02 -0.156994 -0.0228739 0.00511941 0.764701 -0.00122841 0.000693007
99.03 -0.155995 -0.0234077 0.00435869 0.764713 -0.00123188 0.000683411
99.04 -0.154986 -0.0239255 0.00357483 0.764709 -0.00122965 0.000676183
99.05 -0.153972 -0.0244291 0.00280857 0.764716 -0.00123353 0.00066999
99.06 -0.15295 -0.0249193 0.00202509 0.764706 -0.0012327 0.000665004
99.07 -0.151925 -0.0254102 0.001254 0.764718 -0.00123676 0.000658189
99.08 -0.150892 -0.0258961 0.000467319 0.764717 -0.0012367 0.000650219
99.09 -0.149852 -0.0263846 -0.000315763 0.764735 -0.00123925 0.000640204
99.1 -0.148803 -0.0268632 -0.00111012 0.764739 -0.00123908 0.000629697
99.11 -0.147745 -0.0273262 -0.00190705 0.764748 -0.00123949 0.000620969
99.12 -0.14668 -0.0277733 -0.00270112 0.764749 -0.00124097 0.000613268
99.13 -0.145607 -0.028203 -0.00350548 0.764746 -0.00124026 0.000607665
99.14 -0.14453 -0.0286304 -0.00429464 0.764751 -0.0012443 0.000601167
99.15 -0.143447 -0.0290507 -0.00510521 0.76475 -0.00124279 0.00059441
99.16 -0.142358 -0.0294832 -0.00589682 0.764767 -0.00124748 0.000584969
99.17 -0.141261 -0.0299149 -0.00671336 0.764771 -0.00124538 0.000573218
99.18 -0.140156 -0.0303447 -0.00751501 0.764787 -0.00124853 0.000563226
99.19 -0.139042 -0.0307577 -0.00833444 0.764788 -0.0012463 0.00055405
99.2 -0.137922 -0.0311662 -0.00914029 0.764791 -0.00124859 0.000548203
99.21 -0.136795 -0.031574 -0.00995128 0.764791 -0.00124857 0.000539891
99.22 -0.135664 -0.0319844 -0.0107593 0.764793 -0.00125017 0.000534222
99.23 -0.134527 -0.0324076 -0.0115641 0.764803 -0.00125214 0.000523917
99.24 -0.133384 -0.0328378 -0.0123803 0.764811 -0.00125173 0.000515539
99.25 -0.132234 -0.03328 -0.0131867 0.764827 -0.00125405 0.000503277
99.26 -0.131076 -0.0337218 -0.0140095 0.764832 -0.0012519 0.000494094
99.27 -0.129912 -0.034168 -0.0148166 0.76484 -0.00125428 0.000483384
99.28 -0.12874 -0.0346061 -0.0156363 0.764836 -0.00125239 0.000476774
99.29 -0.127565 -0.0350535 -0.0164403 0.764841 -0.00125526 0.000468715
99.3 -0.126385 -0.0355021 -0.0172544 0.76484 -0.00125424 0.000461865
99.31 -0.125201 -0.0359704 -0.0180597 0.764853 -0.00125679 0.000452351
99.32 -0.124011 -0.036448 -0.0188743 0.76486 -0.0012557 0.000440834
99.33 -0.122814 -0.0369323 -0.019686 0.764874 -0.00125677 0.000430138
99.34 -0.121611 -0.0374171 -0.0205014 0.764877 -0.00125575 0.000417739
99.35 -0.120402 -0.0378899 -0.0213166 0.76488 -0.00125561 0.000410619
99.36 -0.119188 -0.038363 -0.0221267 0.764879 -0.00125599 0.00040076
99.37 -0.11797 -0.0388251 -0.0229415 0.764877 -0.0012555 0.000395884
99.38 -0.116749 -0.0393036 -0.0237478 0.764885 -0.00125713 0.000384449
99.39 -0.115523 -0.0397726 -0.0245658 0.764886 -0.00125583 0.000376746
99.4 -0.114292 -0.0402596 -0.0253751 0.764905 -0.00125735 0.00036223
99.41 -0.113054 -0.0407234 -0.0261986 0.764902 -0.00125481 0.00035276
99.42 -0.111811 -0.0411884 -0.0270108 0.764916 -0.00125599 0.000340544
99.43 -0.110562 -0.0416266 -0.0278336 0.764905 -0.00125348 0.000332537
99.44 -0.109309 -0.042056 -0.0286457 0.764911 -0.00125469 0.000324841
99.45 -0.108052 -0.0424782 -0.0294634 0.764905 -0.00125357 0.000315854
99.46 -0.106791 -0.0428927 -0.0302798 0.764913 -0.00125382 0.000307778
99.47 -0.105507 -0.0433168 -0.0311136 0.764923 -0.00125001 0.000295682
99.48 -0.104202 -0.0437297 -0.0319475 0.76493 -0.00124634 0.00028689
99.49 -0.102901 -0.0441547 -0.0327525 0.764941 -0.00124939 0.00027117
99.5 -0.101598 -0.044545 -0.0335762 0.764936 -0.00124729 0.000262157
99.51 -0.100292 -0.0449329 -0.0343826 0.764939 -0.00124959 0.000250265
99.52 -0.0989808 -0.0452821 -0.0352054 0.764932 -0.00124722 0.000246019
99.53 -0.0976668 -0.0456451 -0.0360194 0.764938 -0.00124797 0.000236512
99.54 -0.0963465 -0.045998 -0.0368429 0.764943 -0.00124593 0.000228111
99.55 -0.0950223 -0.0463715 -0.0376659 0.764957 -0.0012452 0.000214083
99.56 -0.0936898 -0.046733 -0.0384902 0.764966 -0.00124361 0.000200919
99.57 -0.092352 -0.0470872 -0.0393192 0.764973 -0.00124121 0.000189881
99.58 -0.0910069 -0.0474265 -0.0401402 0.764971 -0.00124029 0.000179676
99.59 -0.0896579 -0.0477547 -0.0409663 0.76497 -0.00123765 0.000174134
99.6 -0.0883047 -0.0480925 -0.0417819 0.764969 -0.0012376 0.000163882
99.61 -0.0869481 -0.0484311 -0.0426049 0.764975 -0.00123515 0.000156955
99.62 -0.0855872 -0.0487966 -0.0434198 0.764985 -0.00123529 0.00014177
99.63 -0.0842209 -0.0491517 -0.0442456 0.764996 -0.00123179 0.000132754
99.64 -0.0828487 -0.0495273 -0.0450614 0.765008 -0.00123158 0.000117236
99.65 -0.0814713 -0.0498813 -0.0458856 0.765007 -0.00122755 0.000109821
99.66 -0.0800889 -0.0502499 -0.0466999 0.765011 -0.00122689 9.8261e-05
99.67 -0.0787032 -0.0506054 -0.0475146 0.765003 -0.00122404 9.18751e-05
99.68 -0.0773221 -0.0509971 -0.0483317 0.765007 -0.00122114 7.8957e-05
99.69 -0.0759455 -0.0513929 -0.0491364 0.76501 -0.00121936 6.63814e-05
99.7 -0.0745678 -0.0517764 -0.0499417 0.765021 -0.00121865 5.90768e-05
99.71 -0.073187 -0.0521635 -0.0507502 0.765034 -0.00121657 5.00405e-05
99.72 -0.0717986 -0.0525588 -0.0515617 0.765038 -0.00121365 4.13064e-05
99.73 -0.0704064 -0.0529788 -0.0523647 0.765045 -0.00121269 2.48607e-05
99.74 -0.0690065 -0.0533757 -0.0531816 0.765034 -0.0012074 1.56091e-05
99.75 -0.0676037 -0.0537748 -0.0539757 0.765037 -0.00120803 3.57943e-06
99.76 -0.0661961 -0.0541413 -0.0547912 0.765029 -0.00120214 4.3156e-07
99.77 -0.0647864 -0.05453 -0.0555858 0.765042 -0.0012024 -9.95113e-06
99.78 -0.0633721 -0.0549147 -0.0563952 0.765046 -0.00119772 -1.93943e-05
99.79 -0.0619545 -0.0553188 -0.0571971 0.765059 -0.00119589 -3.54269e-05
99.8 -0.0605308 -0.0556999 -0.0579988 0.765062 -0.0011927 -4.77775e-05
99.81 -0.0591036 -0.0560624 -0.0588039 0.76506 -0.00118904 -5.80593e-05
99.82 -0.0576717 -0.0564 -0.0595984 0.765056 -0.00118693 -6.51696e-05
99.83 -0.0562377 -0.0567225 -0.0604028 0.76505 -0.00118242 -7.05931e-05
99.84 -0.054802 -0.057056 -0.0611913 0.765054 -0.00118169 -8.17073e-05
99.85 -0.0533632 -0.0573748 -0.0619982 0.765058 -0.00117631 -9.06378e-05
99.86 -0.0519224 -0.0577042 -0.0627852 0.765071 -0.00117606 -0.000105842
99.87 -0.0504765 -0.0580006 -0.0635938 0.765077 -0.00116986 -0.000114681
99.88 -0.0490277 -0.0582968 -0.0643816 0.765083 -0.00116871 -0.000127527
99.89 -0.0475745 -0.0585576 -0.065182 0.765076 -0.00116336 -0.000133839
99.9 -0.0461195 -0.0588229 -0.0659691 0.765075 -0.00116126 -0.000144268
99.91 -0.0446616 -0.059062 -0.0667601 0.765069 -0.00115717 -0.000150454
99.92 -0.0432024 -0.0593087 -0.0675488 0.765078 -0.00115394 -0.000159789
99.93 -0.0417405 -0.0595509 -0.0683338 0.765082 -0.00115076 -0.000170427
99.94 -0.0402765 -0.059795 -0.069122 0.765098 -0.0011467 -0.000181481
99.95 -0.0388085 -0.060035 -0.0699025 0.765102 -0.00114378 -0.000194773
99.96 -0.0373366 -0.0602534 -0.0706893 0.765105 -0.00113827 -0.000201736
99.97 -0.035862 -0.0604741 -0.0714587 0.765102 -0.00113653 -0.000212774
99.98 -0.0343845 -0.0606744 -0.07224 0.765096 -0.00113019 -0.000216551
99.99 -0.0329051 -0.0608964 -0.0730024 0.7651 -0.00112887 -0.000228103
100 -0.0314233 -0.0611066 -0.0737774 0.765101 -0.00112239 -0.000233992
100.01 -0.0299391 -0.0613433 -0.0745369 0.765117 -0.00112065 -0.000247688
100.02 -0.0284518 -0.0615661 -0.0753032 0.765122 -0.00111453 -0.00025594
100.03 -0.0269614 -0.0618017 -0.0760585 0.765132 -0.00111201 -0.000267914
100.04 -0.025467 -0.0620261 -0.0768162 0.765129 -0.00110617 -0.000276022
100.05 -0.0239693 -0.0622478 -0.0775655 0.765125 -0.00110284 -0.000283109
100.06 -0.0224688 -0.0624764 -0.0783139 0.765122 -0.00109789 -0.000291238
100.07 -0.0209651 -0.0627025 -0.079061 0.765121 -0.00109321 -0.000297152
100.08 -0.0194603 -0.0629537 -0.0798 0.765132 -0.00108973 -0.000309195
100.09 -0.0179514 -0.0631919 -0.0805471 0.765137 -0.00108342 -0.000316144
100.1 -0.0164406 -0.0634509 -0.0812786 0.76515 -0.00108063 -0.000329285
100.11 -0.0149256 -0.0636846 -0.0820194 0.765148 -0.00107377 -0.000334876
100.12 -0.013409 -0.063933 -0.0827449 0.765148 -0.00107076 -0.000345891
100.13 -0.0118889 -0.0641588 -0.0834768 0.765139 -0.00106406 -0.000350459
100.14 -0.0103683 -0.0643953 -0.0841978 0.765137 -0.00106078 -0.000359593
100.15 -0.00884466 -0.0646216 -0.0849259 0.765139 -0.00105397 -0.000365828
100.16 -0.00732092 -0.0648512 -0.0856443 0.765147 -0.00105042 -0.000374827
100.17 -0.00579488 -0.0650798 -0.0863683 0.765155 -0.00104376 -0.000384584
100.18 -0.00426772 -0.0652941 -0.0870835 0.765161 -0.00103967 -0.000392735
100.19 -0.00273886 -0.0655045 -0.0877988 0.765161 -0.00103362 -0.000402895
100.2 -0.0012084 -0.0656867 -0.0885105 0.765155 -0.00102856 -0.000407648
100.21 0.000323079 -0.0658706 -0.0892182 0.765151 -0.00102306 -0.000416808
100.22 0.00185522 -0.0660281 -0.089928 0.765146 -0.00101712 -0.000420484
100.23 0.00338771 -0.0661969 -0.0906322 0.765154 -0.00101196 -0.000431178
100.24 0.0049206 -0.0663405 -0.0913407 0.765158 -0.00100534 -0.000436749
100.25 0.00645335 -0.0664911 -0.0920395 0.765173 -0.00100088 -0.000448379
100.26 0.00798733 -0.0666118 -0.0927445 0.76517 -0.000993496 -0.00045456
100.27 0.00952124 -0.0667295 -0.093435 0.765176 -0.000989553 -0.000463741
100.28 0.0110565 -0.0668212 -0.0941348 0.765164 -0.000981553 -0.000469262
100.29 0.012592 -0.0669069 -0.0948211 0.765166 -0.000977035 -0.0004753
100.3 0.0141278 -0.0669852 -0.0955148 0.765162 -0.000969287 -0.000482876
100.31 0.0156632 -0.0670565 -0.0961995 0.765171 -0.000963806 -0.0004889
100.32 0.0171984 -0.0671317 -0.0968856 0.765181 -0.000956898 -0.000499748
100.33 0.0187334 -0.0671873 -0.0975651 0.765187 -0.00095066 -0.000505057
100.34 0.0202683 -0.0672501 -0.098241 0.765195 -0.000944487 -0.000516252
100.35 0.0218041 -0.0672853 -0.0989128 0.765187 -0.00093737 -0.000519222
100.36 0.0233394 -0.0673345 -0.0995791 0.765187 -0.000931403 -0.000529271
100.37 0.0248761 -0.0673621 -0.100246 0.76518 -0.000923187 -0.000531812
100.38 0.0264115 -0.067409 -0.100905 0.765187 -0.00091718 -0.000541758
100.39 0.0279472 -0.0674456 -0.101565 0.765192 -0.000908883 -0.000546897
100.4 0.0294817 -0.0674925 -0.102216 0.765203 -0.000902539 -0.000556189
100.41 0.0310156 -0.067536 -0.102864 0.765209 -0.00089488 -0.00056322
100.42 0.0325488 -0.0675777 -0.103505 0.76521 -0.000888136 -0.000570488
100.43 0.0340818 -0.0676226 -0.104141 0.765206 -0.000880429 -0.000578006
100.44 0.0356148 -0.0676563 -0.104772 0.7652 -0.000873017 -0.000582278
100.45 0.0371472 -0.0677043 -0.105403 0.765198 -0.000864575 -0.000590281
100.46 0.0386789 -0.0677419 -0.106025 0.765202 -0.000857087 -0.000594134
100.47 0.0402084 -0.0678021 -0.106649 0.76521 -0.000848517 -0.000604779
100.48 0.0417368 -0.0678448 -0.10726 0.765217 -0.000841305 -0.000609216
100.49 0.0432627 -0.0679017 -0.107872 0.765222 -0.000833051 -0.00061951
100.5 0.0447876 -0.0679391 -0.108472 0.765218 -0.000825631 -0.000623521
100.51 0.0463115 -0.0679848 -0.109075 0.765214 -0.000816968 -0.000632213
100.52 0.0478345 -0.0680131 -0.109669 0.765206 -0.000808602 -0.000635944
100.53 0.0493562 -0.0680467 -0.110264 0.765207 -0.000799863 -0.000643309
100.54 0.0508758 -0.0680736 -0.110853 0.765209 -0.000790835 -0.000649449
100.55 0.0523931 -0.0680973 -0.111438 0.765219 -0.000783118 -0.000656837
100.56 0.0539078 -0.0681152 -0.112021 0.765226 -0.00077374 -0.000664812
100.57 0.0554211 -0.0681141 -0.112592 0.765225 -0.000766667 -0.000669927
100.58 0.0569319 -0.0681144 -0.113168 0.765225 -0.000756847 -0.000678829
100.59 0.0584426 -0.0680867 -0.113732 0.765213 -0.000749148 -0.000682288
100.6 0.0599514 -0.0680655 -0.114303 0.765215 -0.000738839 -0.00069144
100.61 0.0614596 -0.0680143 -0.114864 0.765209 -0.000730371 -0.000694526
100.62 0.0629646 -0.0679733 -0.115429 0.765223 -0.000720429 -0.000704276
100.63 0.0644677 -0.0679045 -0.115982 0.765225 -0.000711969 -0.0007089
100.64 0.0659666 -0.0678382 -0.116535 0.765236 -0.000702907 -0.000718131
100.65 0.067464 -0.0677485 -0.117081 0.765234 -0.000694177 -0.000723883
100.66 0.0689582 -0.0676517 -0.117623 0.76523 -0.000685166 -0.000731203
100.67 0.0704516 -0.0675405 -0.118164 0.765225 -0.000675414 -0.000737734
100.68 0.0719427 -0.0674161 -0.1187 0.765221 -0.000665837 -0.000742978
100.69 0.0734317 -0.0672905 -0.119236 0.765228 -0.000655801 -0.000751224
100.7 0.0749175 -0.0671489 -0.119764 0.765233 -0.000646267 -0.00075598
100.71 0.0763902 -0.0670384 -0.120296 0.765243 -0.000634486 -0.000770989
100.72 0.0778511 -0.0669083 -0.120809 0.765245 -0.000624998 -0.000780054
100.73 0.0793065 -0.0667422 -0.121312 0.765246 -0.000617596 -0.000784413
100.74 0.0807581 -0.0665498 -0.121815 0.76524 -0.000608635 -0.000781238
100.75 0.0822088 -0.0663859 -0.122317 0.76524 -0.000598854 -0.000788455
100.76 0.0836577 -0.06624 -0.122816 0.765237 -0.000588773 -0.000797644
100.77 0.0851053 -0.0661021 -0.123316 0.765246 -0.000577377 -0.000811783
100.78 0.0865517 -0.065944 -0.123803 0.765247 -0.000567951 -0.00081907
100.79 0.0879959 -0.0657682 -0.124289 0.765258 -0.000556998 -0.000824278
100.8 0.0894367 -0.0655926 -0.124759 0.765254 -0.00054814 -0.00082823
100.81 0.0908743 -0.0654271 -0.125232 0.765256 -0.000537231 -0.000835374
100.82 0.0923089 -0.0652748 -0.125694 0.765248 -0.000527143 -0.000845177
100.83 0.0937409 -0.0651196 -0.126153 0.765246 -0.000516348 -0.000853926
100.84 0.09517 -0.0649603 -0.126609 0.765247 -0.000505188 -0.000862299
100.85 0.0965959 -0.0647888 -0.127054 0.76525 -0.000495154 -0.000866575
100.86 0.0980162 -0.0646274 -0.127497 0.765259 -0.000484351 -0.000874889
100.87 0.0994318 -0.0644625 -0.127928 0.765257 -0.000474618 -0.0008808
100.88 0.100842 -0.0643099 -0.128359 0.765261 -0.00046394 -0.000891909
100.89 0.102248 -0.0641419 -0.128778 0.765252 -0.000453846 -0.0008982
100.9 0.103649 -0.0639754 -0.129201 0.76525 -0.000442398 -0.000907311
100.91 0.105047 -0.0637928 -0.129612 0.765245 -0.000431972 -0.000912281
100.92 0.10644 -0.0636143 -0.130026 0.765247 -0.000420235 -0.000920586
100.93 0.107827 -0.0634291 -0.130428 0.765253 -0.000409975 -0.000928034
100.94 0.109207 -0.0632402 -0.130828 0.765256 -0.000399127 -0.000936819
100.95 0.11058 -0.0630424 -0.131221 0.76526 -0.000388858 -0.000945501
100.96 0.111949 -0.0628275 -0.131607 0.765255 -0.00037845 -0.000952076
100.97 0.113311 -0.0626095 -0.131993 0.765252 -0.000367527 -0.000961069
100.98 0.11467 -0.0623712 -0.132373 0.765246 -0.00035645 -0.000966951
100.99 0.116033 -0.0621581 -0.132744 0.765248 -0.000345876 -0.000983419
101 0.117401 -0.061911 -0.133113 0.765251 -0.00033488 -0.000994974
101.01 0.118767 -0.0616133 -0.133489 0.765258 -0.000322532 -0.000998106
101.02 0.120127 -0.0612802 -0.133847 0.765261 -0.000313371 -0.000995339
101.03 0.121477 -0.0609763 -0.134209 0.76526 -0.000301588 -0.00100274
101.04 0.12282 -0.0606867 -0.134559 0.765256 -0.000291411 -0.00101598
101.05 0.124156 -0.0603965 -0.134909 0.765253 -0.000279716 -0.00103171
101.06 0.125489 -0.0600675 -0.135256 0.765252 -0.000268147 -0.00104127
101.07 0.126817 -0.0597065 -0.135594 0.765254 -0.000257509 -0.00104501
101.08 0.128138 -0.0593375 -0.135928 0.765263 -0.000246456 -0.00105021
101.09 0.129453 -0.0589737 -0.136254 0.765264 -0.000235898 -0.00105731
101.1 0.13076 -0.0586243 -0.136575 0.765272 -0.00022514 -0.00107108
101.11 0.132061 -0.0582579 -0.136889 0.765264 -0.000214167 -0.00108066
101.12 0.133358 -0.0578834 -0.137199 0.765268 -0.0002028 -0.00109157
101.13 0.13465 -0.0574831 -0.137501 0.765256 -0.000191719 -0.0010955
101.14 0.135937 -0.0570928 -0.137802 0.765264 -0.000179737 -0.00110471
101.15 0.137217 -0.0566986 -0.138093 0.765261 -0.000168487 -0.00111165
101.16 0.13849 -0.0563174 -0.138379 0.765271 -0.000157189 -0.00112381
101.17 0.139756 -0.0559269 -0.138656 0.765273 -0.000146149 -0.00113255
101.18 0.141015 -0.0555315 -0.138924 0.765273 -0.000135671 -0.0011414
101.19 0.142266 -0.0551345 -0.139187 0.765272 -0.000124499 -0.00114902
101.2 0.143512 -0.0547348 -0.139444 0.765262 -0.000113087 -0.00115641
101.21 0.14475 -0.0543487 -0.139697 0.765264 -0.000101272 -0.0011667
101.22 0.145981 -0.0539544 -0.139943 0.765258 -8.9272e-05 -0.0011747
101.23 0.147204 -0.0535703 -0.140184 0.765268 -7.76908e-05 -0.00118557
101.24 0.148419 -0.0531707 -0.140414 0.765267 -6.66455e-05 -0.00119182
101.25 0.149623 -0.0527808 -0.140638 0.765273 -5.57733e-05 -0.00120158
101.26 0.150819 -0.052383 -0.140853 0.765267 -4.48332e-05 -0.00120827
101.27 0.152005 -0.0519932 -0.141064 0.765265 -3.36272e-05 -0.00121854
101.28 0.153184 -0.0515981 -0.141272 0.765257 -2.16323e-05 -0.00122676
101.29 0.154354 -0.0511994 -0.141476 0.765256 -9.42619e-06 -0.001236
101.3 0.155516 -0.0507954 -0.141673 0.765255 2.32829e-06 -0.00124403
101.31 0.156666 -0.0503828 -0.141864 0.765261 1.39057e-05 -0.00125198
101.32 0.157806 -0.0499686 -0.142047 0.765263 2.49202e-05 -0.00126046
101.33 0.158935 -0.0495451 -0.142223 0.765265 3.57016e-05 -0.00126855
101.34 0.160053 -0.0491175 -0.142396 0.765262 4.71819e-05 -0.00127758
101.35 0.161162 -0.0486785 -0.142563 0.765255 5.83684e-05 -0.00128554
101.36 0.162261 -0.0482311 -0.14273 0.765253 7.09229e-05 -0.00129445
101.37 0.163352 -0.0477723 -0.142891 0.765249 8.27403e-05 -0.00130227
101.38 0.164432 -0.0473038 -0.14305 0.765256 9.5034e-05 -0.00131121
101.39 0.165502 -0.0468182 -0.143198 0.765257 0.000105887 -0.00131798
101.4 0.16656 -0.0463273 -0.143343 0.765264 0.000117385 -0.00132681
101.41 0.167606 -0.04582 -0.143479 0.765262 0.000127881 -0.00133394
101.42 0.168642 -0.0453101 -0.143615 0.76526 0.000139693 -0.00134335
101.43 0.169669 -0.0447795 -0.143744 0.765256 0.000151151 -0.00135053
101.44 0.170686 -0.0442465 -0.143873 0.76525 0.000163294 -0.00135932
101.45 0.171694 -0.0436933 -0.143997 0.765256 0.000175828 -0.0013666
101.46 0.172692 -0.0431373 -0.144112 0.765254 0.000186831 -0.00137439
101.47 0.173679 -0.0425671 -0.144226 0.765266 0.000199171 -0.00138239
101.48 0.174653 -0.0419896 -0.144324 0.765263 0.000208878 -0.00138878
101.49 0.175616 -0.0414079 -0.144423 0.765267 0.000220547 -0.00139767
101.5 0.176568 -0.0408153 -0.144512 0.765259 0.000231206 -0.00140338
101.51 0.177511 -0.0402268 -0.144604 0.765256 0.000244056 -0.0014132
101.52 0.178445 -0.0396234 -0.144685 0.765253 0.000255227 -0.00141855
101.53 0.179368 -0.0390261 -0.144766 0.765253 0.000268277 -0.00142798
101.54 0.180279 -0.0384143 -0.144829 0.765261 0.000278494 -0.00143277
101.55 0.181179 -0.0378092 -0.144889 0.76526 0.000290103 -0.0014409
101.56 0.182066 -0.0371979 -0.144935 0.765265 0.000300366 -0.0014464
101.57 0.182941 -0.0365919 -0.144975 0.765257 0.000310956 -0.00145377
101.58 0.183805 -0.0359869 -0.145011 0.765256 0.000322802 -0.00146069
101.59 0.184659 -0.0353805 -0.145038 0.765246 0.00033373 -0.00146708
101.6 0.185502 -0.0347796 -0.145066 0.765248 0.00034676 -0.00147461
101.61 0.186334 -0.034171 -0.145076 0.765245 0.00035692 -0.00147959
101.62 0.187153 -0.0335701 -0.145088 0.765253 0.000369614 -0.00148673
101.63 0.187959 -0.0329617 -0.145076 0.76525 0.000378066 -0.00149086
101.64 0.188751 -0.0323632 -0.14507 0.765254 0.000390383 -0.00149807
101.65 0.18953 -0.0317594 -0.145044 0.765244 0.000399151 -0.00150265
101.66 0.190297 -0.031162 -0.145024 0.765241 0.000411612 -0.00150994
101.67 0.191052 -0.0305578 -0.144993 0.765233 0.000422333 -0.0015148
101.68 0.191796 -0.0299539 -0.144959 0.765233 0.000434034 -0.00152117
101.69 0.192526 -0.0293429 -0.144918 0.765237 0.000445292 -0.00152582
101.7 0.193242 -0.0287263 -0.144864 0.765237 0.000454896 -0.00153062
101.71 0.193944 -0.0281071 -0.14481 0.765244 0.000465911 -0.00153548
101.72 0.194631 -0.0274797 -0.144737 0.765235 0.000474286 -0.00153976
101.73 0.195305 -0.0268527 -0.144675 0.765236 0.000486494 -0.00154569
101.74 0.195967 -0.0262139 -0.144593 0.765224 0.000495357 -0.00155021
101.75 0.196616 -0.0255701 -0.144523 0.765227 0.000508454 -0.0015561
101.76 0.197253 -0.0249082 -0.144433 0.765224 0.000517491 -0.0015592
101.77 0.197877 -0.024242 -0.144348 0.76523 0.000529231 -0.00156422
101.78 0.198487 -0.0235593 -0.144246 0.765234 0.000537966 -0.00156707
101.79 0.199081 -0.0228722 -0.144142 0.765234 0.000547711 -0.0015715
101.8 0.199662 -0.0221735 -0.144031 0.765234 0.000557242 -0.00157526
101.81 0.20023 -0.0214668 -0.143916 0.765225 0.000566973 -0.00157931
101.82 0.200785 -0.0207519 -0.143801 0.765224 0.00057814 -0.00158407
101.83 0.201329 -0.0200234 -0.143677 0.76522 0.000587906 -0.00158718
101.84 0.20186 -0.0192877 -0.143554 0.765225 0.000599462 -0.00159179
101.85 0.202387 -0.0185513 -0.143405 0.76523 0.000606739 -0.00159754
101.86 0.202906 -0.0178035 -0.143264 0.765233 0.000617778 -0.001605
101.87 0.203414 -0.0170128 -0.143108 0.765234 0.000625438 -0.00160167
101.88 0.203906 -0.0162137 -0.142955 0.765227 0.000635652 -0.00159967
101.89 0.204384 -0.015434 -0.142792 0.765221 0.000644496 -0.00160085
101.9 0.204847 -0.0146725 -0.142633 0.765215 0.000656026 -0.00160889
101.91 0.205295 -0.0139123 -0.142461 0.765216 0.000665483 -0.00161588
101.92 0.205729 -0.0131254 -0.142287 0.765219 0.000675936 -0.00161869
101.93 0.206147 -0.0123273 -0.142096 0.765225 0.000683841 -0.00161753
101.94 0.206547 -0.0115231 -0.141899 0.765225 0.000691845 -0.00161568
101.95 0.206929 -0.0107412 -0.141697 0.765224 0.000700822 -0.00161769
101.96 0.207296 -0.00997121 -0.141484 0.765213 0.000708558 -0.00162196
101.97 0.207648 -0.00920489 -0.141278 0.765209 0.000719906 -0.00162645
101.98 0.207986 -0.00843199 -0.141057 0.7652 0.000728161 -0.00162828
101.99 0.208309 -0.00765139 -0.14084 0.765205 0.000739442 -0.00162839
102 0.208616 -0.00687258 -0.140603 0.765204 0.000746671 -0.00162723
102.01 0.208906 -0.00610183 -0.140367 0.765211 0.000756351 -0.0016282
102.02 0.209177 -0.00533921 -0.140113 0.765209 0.000762678 -0.00162889
102.03 0.209431 -0.00458007 -0.13986 0.765203 0.000771896 -0.00163082
102.04 0.20967 -0.00382252 -0.139595 0.765197 0.000779811 -0.00163127
102.05 0.209895 -0.00306345 -0.139328 0.765185 0.000789208 -0.00163211
102.06 0.210106 -0.00230471 -0.139056 0.765188 0.000798899 -0.00163216
102.07 0.210303 -0.00154329 -0.138772 0.765184 0.000807253 -0.00163234
102.08 0.210483 -0.00077989 -0.138485 0.765194 0.000816388 -0.00163208
102.09 0.210647 -9.22912e-06 -0.138177 0.765192 0.00082252 -0.00163061
102.1 0.210793 0.000758826 -0.137872 0.765194 0.000831046 -0.00163041
102.11 0.210925 0.00153503 -0.137552 0.765186 0.000837467 -0.00162876
102.12 0.211042 0.0023062 -0.137238 0.76518 0.000847142 -0.00162975
102.13 0.211147 0.00308723 -0.13691 0.765175 0.000854779 -0.00162932
102.14 0.211238 0.00387553 -0.136586 0.765174 0.000864675 -0.00162939
102.15 0.211316 0.00467609 -0.136245 0.765179 0.000872189 -0.00162792
102.16 0.211377 0.00549112 -0.135898 0.765184 0.000879707 -0.00162522
102.17 0.211422 0.00630992 -0.135541 0.765186 0.000886601 -0.00162315
102.18 0.21145 0.00713692 -0.135176 0.765185 0.000892894 -0.00162075
102.19 0.211464 0.00796218 -0.134812 0.765178 0.00090114 -0.00162068
102.2 0.211465 0.00879862 -0.134439 0.765172 0.000908117 -0.00161924
102.21 0.211452 0.00964073 -0.134071 0.765169 0.000917847 -0.00161909
102.22 0.211425 0.0104988 -0.133686 0.76517 0.000924438 -0.00161599
102.23 0.211383 0.0113662 -0.133304 0.765176 0.000933329 -0.00161363
102.24 0.211324 0.0122387 -0.1329 0.765179 0.000938467 -0.00160972
102.25 0.211247 0.0131184 -0.132497 0.765182 0.000945672 -0.00160686
102.26 0.211154 0.0139918 -0.132081 0.765176 0.000951483 -0.00160407
102.27 0.211047 0.014871 -0.131664 0.76517 0.000958602 -0.00160242
102.28 0.210924 0.0157466 -0.131245 0.765163 0.000966592 -0.00159993
102.29 0.210788 0.0166286 -0.130817 0.76516 0.000973731 -0.00159803
102.3 0.210636 0.0175128 -0.130387 0.765164 0.000981907 -0.00159397
102.31 0.210467 0.0184008 -0.129939 0.765165 0.000987101 -0.00159005
102.32 0.210281 0.0192853 -0.129491 0.765171 0.000994332 -0.0015852
102.33 0.210078 0.020166 -0.129026 0.765165 0.000998691 -0.00158075
102.34 0.209858 0.0210354 -0.128564 0.765162 0.00100592 -0.00157746
102.35 0.209623 0.0218981 -0.12809 0.765151 0.0010115 -0.00157415
102.36 0.209374 0.0227547 -0.127617 0.765146 0.0010194 -0.00157161
102.37 0.209111 0.023611 -0.127135 0.765144 0.00102578 -0.00156699
102.38 0.208832 0.0244648 -0.126645 0.765144 0.00103233 -0.00156286
102.39 0.208537 0.0253181 -0.126148 0.765151 0.00103838 -0.00155617
102.4 0.208226 0.0261632 -0.125638 0.765147 0.001043 -0.0015512
102.41 0.207898 0.0269985 -0.125126 0.765148 0.00104853 -0.00154563
102.42 0.207555 0.0278272 -0.124607 0.765136 0.00105375 -0.00154139
102.43 0.207198 0.0286433 -0.124087 0.765132 0.00106028 -0.00153793
102.44 0.206828 0.0294653 -0.123562 0.765124 0.00106629 -0.00153321
102.45 0.206444 0.0302824 -0.123034 0.765126 0.00107316 -0.00152854
102.46 0.206032 0.0311112 -0.122479 0.765127 0.00107458 -0.0015228
102.47 0.20559 0.0319463 -0.121928 0.765132 0.00107843 -0.0015169
102.48 0.205141 0.0327855 -0.121385 0.76513 0.0010851 -0.0015096
102.49 0.204684 0.0336243 -0.120834 0.765129 0.00109093 -0.00150278
102.5 0.204214 0.0344544 -0.120281 0.765122 0.0010972 -0.0014976
102.51 0.203732 0.0352847 -0.119723 0.765118 0.00110292 -0.00149361
102.52 0.203237 0.0361169 -0.119158 0.765114 0.00110837 -0.00148929
102.53 0.202729 0.0369651 -0.118587 0.765116 0.0011134 -0.00148312
102.54 0.202208 0.03782 -0.118007 0.76512 0.00111808 -0.00147596
102.55 0.201672 0.0386838 -0.117417 0.765121 0.00112189 -0.00146835
102.56 0.201123 0.0395485 -0.116822 0.765125 0.00112633 -0.00146141
102.57 0.200559 0.0404104 -0.116217 0.765117 0.00112986 -0.00145613
102.58 0.199983 0.0412808 -0.115613 0.765117 0.00113499 -0.00145045
102.59 0.199394 0.0421517 -0.115 0.765107 0.00113921 -0.00144515
102.6 0.198793 0.0430364 -0.114385 0.765111 0.00114448 -0.00143901
102.61 0.198178 0.0439267 -0.11376 0.765109 0.00114877 -0.00143137
102.62 0.197549 0.044824 -0.113128 0.765115 0.00115281 -0.00142462
102.63 0.196905 0.045724 -0.112487 0.765117 0.00115657 -0.00141608
102.64 0.196248 0.0466235 -0.111838 0.765114 0.00115995 -0.0014097
102.65 0.195576 0.0475193 -0.111184 0.765112 0.00116408 -0.00140236
102.66 0.194892 0.0484142 -0.110524 0.765103 0.0011678 -0.00139677
102.67 0.194195 0.0493068 -0.109859 0.765103 0.00117242 -0.0013899
102.68 0.193485 0.0502017 -0.109187 0.765098 0.00117626 -0.00138332
102.69 0.192761 0.0510952 -0.108509 0.765102 0.00118058 -0.00137533
102.7 0.192024 0.0519898 -0.107821 0.765103 0.00118331 -0.00136671
102.71 0.191273 0.0528745 -0.107128 0.765103 0.00118727 -0.00135846
102.72 0.190509 0.0537524 -0.106424 0.765101 0.00118958 -0.00135016
102.73 0.189732 0.0546156 -0.105719 0.765093 0.00119365 -0.00134347
102.74 0.188944 0.0554689 -0.105004 0.765089 0.00119672 -0.00133673
102.75 0.188144 0.0563197 -0.104287 0.765082 0.0012008 -0.0013293
102.76 0.187334 0.0571589 -0.10356 0.765084 0.00120406 -0.0013218
102.77 0.186511 0.0580014 -0.102827 0.765084 0.00120732 -0.00131253
102.78 0.185678 0.0588294 -0.102088 0.765087 0.00121041 -0.00130341
102.79 0.184832 0.0596513 -0.101339 0.765084 0.00121247 -0.00129459
102.8 0.183976 0.0604578 -0.10059 0.765081 0.00121595 -0.00128612
102.81 0.183111 0.0612533 -0.0998291 0.765074 0.00121788 -0.00127911
102.82 0.182237 0.0620415 -0.0990738 0.765071 0.00122223 -0.00127135
102.83 0.181354 0.0628228 -0.0983039 0.765065 0.00122416 -0.00126428
102.84 0.180461 0.0636086 -0.0975376 0.76507 0.00122816 -0.00125483
102.85 0.17956 0.0643872 -0.0967582 0.765069 0.00123004 -0.00124591
102.86 0.178648 0.0651697 -0.0959773 0.765074 0.00123282 -0.00123558
102.87 0.177728 0.0659389 -0.0951902 0.765072 0.00123497 -0.00122676
102.88 0.176799 0.0667055 -0.0943986 0.765068 0.00123713 -0.00121882
102.89 0.17586 0.067467 -0.0936081 0.765065 0.0012402 -0.00121074
102.9 0.174915 0.0682275 -0.0928092 0.765058 0.00124211 -0.00120387
102.91 0.173961 0.0689973 -0.0920151 0.765063 0.00124582 -0.00119433
102.92 0.172998 0.0697674 -0.0912079 0.76506 0.00124712 -0.00118581
102.93 0.172026 0.0705462 -0.0904059 0.76507 0.0012505 -0.00117534
102.94 0.171045 0.0713239 -0.0895902 0.765067 0.00125124 -0.0011656
102.95 0.170054 0.0721011 -0.0887802 0.76507 0.00125427 -0.00115651
102.96 0.169054 0.0728756 -0.0879606 0.765064 0.00125549 -0.00114781
102.97 0.168046 0.0736503 -0.0871435 0.765061 0.00125812 -0.00114038
102.98 0.167028 0.0744277 -0.0863223 0.765059 0.00126028 -0.00113168
102.99 0.166002 0.0752112 -0.0854976 0.765059 0.00126226 -0.00112336
103 0.164965 0.0760006 -0.0846717 0.765064 0.00126468 -0.00111245
103.01 0.163919 0.076792 -0.0838377 0.765065 0.00126568 -0.00110264
103.02 0.162863 0.0775786 -0.0830055 0.765068 0.00126816 -0.00109188
103.03 0.161797 0.0783622 -0.0821613 0.765064 0.00126857 -0.00108276
103.04 0.160722 0.0791325 -0.0813213 0.76506 0.00127166 -0.00107424
103.05 0.159638 0.0799042 -0.0804654 0.765055 0.00127201 -0.00106587
103.06 0.158544 0.0806686 -0.0796139 0.765053 0.00127511 -0.00105679
103.07 0.157442 0.0814336 -0.0787474 0.765054 0.00127569 -0.0010473
103.08 0.15633 0.0821951 -0.0778811 0.765057 0.00127787 -0.00103623
103.09 0.155209 0.0829472 -0.0770042 0.765058 0.00127867 -0.00102575
103.1 0.154079 0.0836914 -0.0761228 0.765059 0.00127983 -0.00101465
103.11 0.152941 0.0844163 -0.0752372 0.765053 0.00128123 -0.00100523
103.12 0.151795 0.0851289 -0.0743433 0.765049 0.00128204 -0.000996529
103.13 0.150643 0.0858279 -0.0734486 0.765044 0.00128401 -0.000987621
103.14 0.149484 0.0865208 -0.0725406 0.765043 0.00128421 -0.000978487
103.15 0.148317 0.0872064 -0.0716367 0.765045 0.00128676 -0.000967397
103.16 0.147145 0.0878834 -0.0707144 0.765046 0.00128619 -0.000956621
103.17 0.145966 0.0885509 -0.0698002 0.76505 0.00128878 -0.000944319
103.18 0.144782 0.0891971 -0.0688683 0.765045 0.00128816 -0.00093476
103.19 0.143592 0.0898317 -0.0679415 0.765045 0.0012899 -0.000924758
103.2 0.142398 0.0904499 -0.0670054 0.765037 0.00129018 -0.000916116
103.21 0.141199 0.0910628 -0.0660678 0.765036 0.00129128 -0.000906807
103.22 0.139995 0.0916726 -0.0651268 0.765037 0.00129234 -0.000895766
103.23 0.138787 0.0922739 -0.0641782 0.765038 0.00129271 -0.000885752
103.24 0.137573 0.0928751 -0.0632309 0.765045 0.00129427 -0.000873195
103.25 0.136356 0.0934643 -0.0622704 0.765043 0.00129356 -0.000862915
103.26 0.135133 0.0940485 -0.061318 0.765047 0.00129564 -0.000851361
103.27 0.133907 0.0946211 -0.0603506 0.765038 0.00129464 -0.000842321
103.28 0.132675 0.09519 -0.0593917 0.76504 0.00129652 -0.000832579
103.29 0.131439 0.0957576 -0.0584212 0.765036 0.00129592 -0.000823188
103.3 0.130198 0.0963283 -0.0574551 0.765041 0.00129723 -0.000812529
103.31 0.128952 0.0969033 -0.0564818 0.765044 0.00129711 -0.000800731
103.32 0.1277 0.0974772 -0.0555081 0.765049 0.00129765 -0.000789183
103.33 0.126443 0.098051 -0.0545307 0.76505 0.00129769 -0.000776836
103.34 0.125181 0.0986163 -0.0535509 0.765049 0.00129766 -0.000766967
103.35 0.123913 0.0991778 -0.0525704 0.765046 0.00129807 -0.000756576
103.36 0.122639 0.0997384 -0.0515837 0.765044 0.00129729 -0.000747661
103.37 0.121359 0.100299 -0.0506014 0.765044 0.00129827 -0.000736818
103.38 0.120056 0.100869 -0.0495876 0.765045 0.00129258 -0.000727508
103.39 0.118729 0.101447 -0.0485904 0.76505 0.00129117 -0.000715289
103.4 0.117407 0.102032 -0.0476088 0.76505 0.00129354 -0.00070275
103.41 0.116087 0.102611 -0.0466208 0.765055 0.00129465 -0.000688301
103.42 0.114763 0.103173 -0.0456288 0.765051 0.0012952 -0.000678082
103.43 0.113436 0.10372 -0.0446316 0.765052 0.00129516 -0.000667727
103.44 0.112103 0.10426 -0.0436249 0.765046 0.00129337 -0.000658742
103.45 0.110767 0.104793 -0.0426206 0.765047 0.00129297 -0.000648068
103.46 0.109426 0.105326 -0.0416088 0.765046 0.00129118 -0.000635798
103.47 0.108081 0.105845 -0.0405975 0.765049 0.00129042 -0.000623944
103.48 0.106733 0.106355 -0.0395833 0.765052 0.00128909 -0.000611138
103.49 0.105383 0.106847 -0.0385639 0.76505 0.00128753 -0.000599799
103.5 0.10403 0.107325 -0.0375473 0.765052 0.00128656 -0.000587802
103.51 0.102676 0.107783 -0.0365229 0.765044 0.00128456 -0.000577807
103.52 0.101319 0.108227 -0.0355023 0.765047 0.00128382 -0.000566809
103.53 0.0999616 0.108657 -0.034474 0.765041 0.00128194 -0.000556249
103.54 0.0986017 0.109077 -0.0334443 0.765047 0.00128098 -0.000544354
103.55 0.0972402 0.109488 -0.0324087 0.765047 0.00127919 -0.000531506
103.56 0.0958775 0.109881 -0.031371 0.76505 0.00127815 -0.000519095
103.57 0.0945131 0.110261 -0.0303275 0.765052 0.00127618 -0.000506633
103.58 0.0931474 0.110621 -0.029284 0.765048 0.00127506 -0.000495698
103.59 0.0917809 0.110967 -0.0282345 0.76505 0.00127297 -0.000484904
103.6 0.0904121 0.111304 -0.0271846 0.765044 0.00127152 -0.0004738
103.61 0.0890424 0.111629 -0.0261312 0.76505 0.00126982 -0.000462573
103.62 0.0876708 0.111953 -0.0250749 0.765048 0.00126804 -0.000450152
103.63 0.0862975 0.112266 -0.0240171 0.765057 0.00126666 -0.00043756
103.64 0.0849228 0.112575 -0.0229555 0.765056 0.00126464 -0.000424819
103.65 0.0835464 0.112873 -0.0218935 0.76506 0.00126327 -0.000412201
103.66 0.0821682 0.113161 -0.0208273 0.765058 0.00126094 -0.000400852
103.67 0.0807886 0.113443 -0.0197631 0.765058 0.00125961 -0.000389366
103.68 0.0794071 0.113717 -0.0186928 0.765057 0.00125697 -0.00037902
103.69 0.0780233 0.113999 -0.0176275 0.765061 0.00125582 -0.000366294
103.7 0.0766382 0.11427 -0.0165552 0.765065 0.00125319 -0.000354776
103.71 0.0752505 0.114553 -0.0154874 0.765069 0.00125194 -0.000340562
103.72 0.0738615 0.114822 -0.0144139 0.765073 0.00124936 -0.000327739
103.73 0.0724712 0.115093 -0.013343 0.765071 0.0012477 -0.00031506
103.74 0.0710794 0.11535 -0.012269 0.765074 0.00124532 -0.000302937
103.75 0.0696867 0.115602 -0.0111943 0.765068 0.00124302 -0.000293058
103.76 0.0682922 0.115856 -0.0101198 0.765074 0.001241 -0.000280043
103.77 0.0668967 0.116103 -0.00904102 0.765071 0.00123812 -0.000269428
103.78 0.0654998 0.116358 -0.00796692 0.765081 0.00123668 -0.000253951
103.79 0.0641031 0.116597 -0.00688447 0.765079 0.00123324 -0.000242208
103.8 0.062705 0.116838 -0.00580982 0.765085 0.00123202 -0.000226932
103.81 0.0613082 0.117054 -0.00472561 0.765081 0.00122825 -0.000216288
103.82 0.0599112 0.117266 -0.00364812 0.76508 0.00122672 -0.000203499
103.83 0.0585154 0.117463 -0.00256325 0.76508 0.00122313 -0.000192696
103.84 0.0571206 0.117651 -0.00148133 0.765078 0.00122107 -0.00018056
103.85 0.0557264 0.117835 -0.000395748 0.765085 0.00121806 -0.000166946
103.86 0.0543345 0.118002 0.000691377 0.765083 0.00121532 -0.000153907
103.87 0.0529439 0.118164 0.0017766 0.765091 0.00121307 -0.000138909
103.88 0.0515566 0.118297 0.00286902 0.765087 0.00120944 -0.00012705
103.89 0.0501716 0.118421 0.0039544 0.765089 0.00120754 -0.000113541
103.9 0.0487997 0.118543 0.0050571 0.765087 0.00120136 -9.78892e-05
103.91 0.0474386 0.118658 0.00614234 0.765088 0.00119906 -8.03039e-05
103.92 0.0460864 0.118711 0.00722776 0.765091 0.00119749 -7.42515e-05
103.93 0.0447397 0.118748 0.00831979 0.765091 0.00119477 -6.7119e-05
103.94 0.0433931 0.118791 0.00941099 0.765095 0.00119241 -5.5786e-05
103.95 0.0420483 0.118848 0.0105054 0.765094 0.00118983 -3.69823e-05
103.96 0.0407042 0.118887 0.0116034 0.765098 0.00118638 -1.90543e-05
103.97 0.0393621 0.11889 0.0127001 0.765098 0.00118352 -6.00709e-06
103.98 0.0380225 0.118865 0.0138002 0.7651 0.00117951 3.93021e-06
103.99 0.0366845 0.118826 0.0148982 0.765102 0.0011762 1.29394e-05
104 0.0353482 0.118795 0.0159933 0.765106 0.00117316 2.75585e-05
104.01 0.0340136 0.118759 0.0170916 0.765108 0.00116955 4.2673e-05
104.02 0.0326805 0.118718 0.0181826 0.765112 0.00116723 5.96293e-05
104.03 0.0313506 0.118647 0.019281 0.765113 0.00116312 7.11945e-05
104.04 0.0300219 0.118569 0.0203725 0.765116 0.0011606 8.36122e-05
104.05 0.0286955 0.118479 0.0214688 0.765118 0.00115662 9.43069e-05
104.06 0.02737 0.118397 0.0225612 0.76512 0.00115382 0.000108877
104.07 0.0260457 0.118309 0.0236545 0.765125 0.00115028 0.000123229
104.08 0.0247235 0.118217 0.0247466 0.765125 0.00114714 0.000137454
104.09 0.0234025 0.118114 0.0258378 0.765132 0.00114374 0.000151026
104.1 0.0220841 0.118003 0.0269291 0.76513 0.0011401 0.000162837
104.11 0.0207673 0.117892 0.0280165 0.765138 0.00113712 0.00017665
104.12 0.0194532 0.117775 0.0291066 0.765134 0.00113308 0.000188948
104.13 0.0181407 0.11766 0.030191 0.765141 0.00113036 0.000204274
104.14 0.0168319 0.117534 0.0312794 0.76514 0.00112614 0.000216314
104.15 0.0155252 0.117405 0.032362 0.765144 0.00112339 0.000230776
104.16 0.0142226 0.117265 0.0334479 0.765147 0.00111928 0.00024222
104.17 0.012923 0.117124 0.0345295 0.765148 0.00111631 0.000256835
104.18 0.0116276 0.116975 0.0356125 0.765152 0.00111245 0.000269563
104.19 0.0103363 0.116819 0.0366929 0.76515 0.0011092 0.000284048
104.2 0.00904987 0.116649 0.0377729 0.765155 0.00110564 0.000296303
104.21 0.00776807 0.116468 0.0388527 0.765153 0.00110205 0.000309381
104.22 0.00649134 0.116278 0.03993 0.765158 0.00109871 0.000322163
104.23 0.00521959 0.116077 0.0410093 0.765158 0.00109491 0.000335485
104.24 0.00395342 0.115865 0.0420837 0.765162 0.00109191 0.000349115
104.25 0.00269281 0.115636 0.0431623 0.765163 0.00108797 0.000362035
104.26 0.00143772 0.115396 0.0442356 0.765165 0.00108496 0.000376009
104.27 0.00018863 0.115133 0.0453121 0.765166 0.00108113 0.000387566
104.28 -0.00105485 0.114863 0.0463855 0.765168 0.0010779 0.000401739
104.29 -0.00229275 0.114569 0.0474604 0.765169 0.0010741 0.000413186
104.3 -0.00352473 0.114268 0.0485327 0.765172 0.00107088 0.00042738
104.31 -0.00475099 0.113944 0.0496058 0.765174 0.0010671 0.000439408
104.32 -0.00597137 0.113612 0.050677 0.765177 0.0010638 0.000453486
104.33 -0.0071857 0.113258 0.0517464 0.76518 0.00106032 0.000465751
104.34 -0.00839391 0.112891 0.0528163 0.765181 0.00105677 0.000478847
104.35 -0.00959693 0.11251 0.0538829 0.765186 0.00105337 0.000491723
104.36 -0.0107933 0.11211 0.05495 0.765185 0.00104978 0.000503452
104.37 -0.0119852 0.111706 0.0560147 0.765191 0.00104623 0.000517308
104.38 -0.0131703 0.111281 0.0570781 0.765191 0.00104264 0.000528734
104.39 -0.0143508 0.110854 0.0581394 0.765197 0.00103916 0.000542853
104.4 -0.0155246 0.110408 0.0591991 0.7652 0.00103538 0.000554358
104.41 -0.0166935 0.109961 0.0602552 0.765203 0.00103207 0.000568175
104.42 -0.0178556 0.109497 0.0613106 0.765207 0.00102809 0.000579821
104.43 -0.0190125 0.10903 0.0623614 0.765207 0.00102477 0.000592547
104.44 -0.0201631 0.108554 0.0634117 0.765214 0.00102066 0.000604608
104.45 -0.0213076 0.108072 0.0644567 0.765212 0.00101732 0.000616684
104.46 -0.0224463 0.107587 0.0655016 0.765221 0.00101314 0.000629579
104.47 -0.0235782 0.107094 0.0665405 0.76522 0.00100972 0.000641361
104.48 -0.0247037 0.106601 0.0675787 0.765226 0.00100566 0.000654574
104.49 -0.0258221 0.106098 0.0686116 0.765227 0.001002 0.00066581
104.5 -0.0269335 0.105593 0.0696423 0.76523 0.000998147 0.000678555
104.51 -0.0280377 0.105082 0.0706699 0.765233 0.000994046 0.000689459
104.52 -0.0291343 0.104567 0.0716926 0.765234 0.000990516 0.000702031
104.53 -0.0302236 0.104048 0.0727149 0.765239 0.000986 0.000713036
104.54 -0.0313046 0.103523 0.07373 0.765239 0.000982721 0.000725746
104.55 -0.032378 0.102993 0.0747454 0.765244 0.000978176 0.00073675
104.56 -0.0334429 0.102456 0.0757541 0.765245 0.000974852 0.000749303
104.57 -0.0345 0.10191 0.0767623 0.765248 0.000970409 0.000759933
104.58 -0.0355485 0.101358 0.0777655 0.765248 0.000966835 0.000771954
104.59 -0.0365889 0.100793 0.0787672 0.765252 0.00096252 0.000782431
104.6 -0.0376207 0.100222 0.0797655 0.765251 0.000958639 0.000793966
104.61 -0.038644 0.0996399 0.0807605 0.765257 0.00095464 0.000805106
104.62 -0.0396584 0.0990467 0.0817536 0.765256 0.000950508 0.000816276
104.63 -0.0406641 0.0984423 0.0827424 0.765262 0.000946766 0.000827749
104.64 -0.0416605 0.0978219 0.0837292 0.765261 0.000942626 0.000838091
104.65 -0.0426482 0.0971924 0.0847125 0.765266 0.000938912 0.000849811
104.66 -0.0436267 0.0965423 0.0856936 0.765266 0.000934763 0.000859277
104.67 -0.0445967 0.0958848 0.0866722 0.765268 0.000930891 0.000870895
104.68 -0.0455577 0.0952068 0.0876477 0.765273 0.000926813 0.000880298
104.69 -0.0465101 0.0945214 0.0886209 0.765273 0.000922891 0.000891884
104.7 -0.0474536 0.0938169 0.0895908 0.76528 0.000918862 0.000901703
104.71 -0.048388 0.0931023 0.0905573 0.765279 0.000915055 0.000912889
104.72 -0.0493137 0.0923699 0.0915216 0.765286 0.000910959 0.000922665
104.73 -0.0502304 0.0916248 0.0924812 0.765285 0.000907164 0.000932759
104.74 -0.0511387 0.0908673 0.0934391 0.76529 0.000903037 0.000942721
104.75 -0.0520381 0.0900971 0.0943916 0.765292 0.000899272 0.000952387
104.76 -0.0529294 0.0893189 0.0953429 0.765296 0.000895028 0.000962947
104.77 -0.0538119 0.0885261 0.096288 0.765301 0.000891281 0.000971966
104.78 -0.0546859 0.0877287 0.0972314 0.765302 0.000887057 0.000982639
104.79 -0.0555511 0.0869167 0.0981681 0.765309 0.00088333 0.000991155
104.8 -0.0564313 0.0861084 0.0991294 0.765307 0.000873514 0.00100058
104.81 -0.0573246 0.0852956 0.100072 0.765312 0.000866605 0.00100759
104.82 -0.058197 0.0844942 0.100978 0.765311 0.000866683 0.00101909
104.83 -0.0590499 0.0836837 0.101895 0.765319 0.000863035 0.0010293
104.84 -0.0598858 0.0828902 0.102806 0.765325 0.000859365 0.00104369
104.85 -0.0607018 0.0820798 0.103714 0.76533 0.000854614 0.00105475
104.86 -0.0615045 0.0812367 0.10461 0.765335 0.000852317 0.00105827
104.87 -0.0622961 0.0803853 0.105509 0.765332 0.000848278 0.00106165
104.88 -0.0630815 0.0795476 0.106405 0.765332 0.000843656 0.00106778
104.89 -0.0638599 0.0787321 0.107298 0.76533 0.000838844 0.00108103
104.9 -0.0646305 0.0779069 0.108189 0.765335 0.000833356 0.00109108
104.91 -0.065392 0.0770751 0.109075 0.76534 0.000828447 0.00110175
104.92 -0.0661427 0.0762207 0.10995 0.765349 0.000824267 0.00110631
104.93 -0.0668825 0.0753722 0.110823 0.76535 0.000819752 0.00111462
104.94 -0.0676129 0.0745203 0.111685 0.765354 0.000815717 0.00112176
104.95 -0.0683321 0.0736697 0.112545 0.765348 0.000811354 0.00113155
104.96 -0.069043 0.07281 0.113403 0.76535 0.000806206 0.00113926
104.97 -0.0697437 0.0719344 0.114253 0.765347 0.000801939 0.00114561
104.98 -0.0704352 0.071057 0.115103 0.765355 0.000796762 0.00115213
104.99 -0.0711157 0.0701692 0.115943 0.76536 0.00079312 0.00115856
105 -0.0717864 0.0692887 0.116782 0.765366 0.000788288 0.00116822
105.01 -0.0724449 0.0683919 0.11761 0.765371 0.000785235 0.00117621
105.02 -0.0730932 0.0674854 0.118439 0.765367 0.000780351 0.0011844
105.03 -0.0737307 0.0665557 0.119257 0.76537 0.000776937 0.00118912
105.04 -0.0743598 0.0656157 0.120079 0.765363 0.000771586 0.00119444
105.05 -0.07498 0.0646701 0.120889 0.765372 0.000767726 0.00120028
105.06 -0.0755897 0.0637173 0.121697 0.765372 0.00076347 0.00120782
105.07 -0.0762 0.0627731 0.122493 0.765383 0.00075954 0.00122002
105.08 -0.076807 0.0618033 0.123283 0.765386 0.000756264 0.00123091
105.09 -0.0774012 0.0607853 0.124076 0.765389 0.000751345 0.00123208
105.1 -0.0779843 0.0597406 0.124857 0.76539 0.000748443 0.0012304
105.11 -0.0785571 0.0587099 0.125639 0.765389 0.000743602 0.00123405
105.12 -0.079121 0.0576958 0.126413 0.765393 0.000739685 0.00124399
105.13 -0.0796739 0.0566765 0.127184 0.765395 0.000735085 0.00125505
105.14 -0.0802153 0.0556336 0.127946 0.765403 0.000731234 0.00126217
105.15 -0.0807437 0.054561 0.128701 0.765408 0.000727674 0.00126488
105.16 -0.0812609 0.053483 0.129447 0.765413 0.000724481 0.0012673
105.17 -0.0817665 0.0524059 0.13019 0.765415 0.000720563 0.00127226
105.18 -0.0822626 0.051338 0.130922 0.765414 0.000717264 0.00127978
105.19 -0.0827479 0.0502608 0.131655 0.765416 0.000712504 0.00128705
105.2 -0.0832231 0.049172 0.132377 0.765418 0.000709147 0.00129176
105.21 -0.0836874 0.0480721 0.133095 0.765422 0.000704765 0.00129503
105.22 -0.0841414 0.0469703 0.133804 0.765429 0.000701396 0.0012982
105.23 -0.0845842 0.0458779 0.134504 0.765433 0.000697865 0.00130376
105.24 -0.0850161 0.0447823 0.1352 0.765437 0.000694208 0.0013092
105.25 -0.0854371 0.0436922 0.135883 0.765437 0.000691047 0.00131532
105.26 -0.0858472 0.0425839 0.136566 0.765436 0.000686916 0.00131808
105.27 -0.086248 0.0414829 0.137236 0.765438 0.000683575 0.00132129
105.28 -0.0866387 0.0403767 0.137905 0.765438 0.000679447 0.00132461
105.29 -0.08702 0.0392824 0.138564 0.765446 0.000675952 0.00132887
105.3 -0.0873908 0.0381839 0.139217 0.765447 0.000672171 0.00133388
105.31 -0.0877502 0.0370852 0.139859 0.765455 0.000669312 0.00133689
105.32 -0.0880988 0.0359844 0.140498 0.765454 0.000665669 0.00134121
105.33 -0.0884371 0.0348777 0.141126 0.765455 0.000662661 0.00134262
105.34 -0.0887656 0.0337779 0.141752 0.765454 0.00065874 0.00134727
105.35 -0.0890844 0.0326683 0.142369 0.765453 0.000655519 0.00134883
105.36 -0.0893943 0.0315658 0.142986 0.76546 0.000651084 0.00135342
105.37 -0.0896932 0.0304512 0.143588 0.76546 0.000648568 0.00135531
105.38 -0.0899821 0.0293388 0.144191 0.76547 0.000644498 0.00135868
105.39 -0.0902593 0.0282159 0.144781 0.765469 0.000642015 0.00136075
105.4 -0.0905263 0.0270912 0.145368 0.765474 0.000638718 0.00136302
105.41 -0.0907824 0.0259614 0.14595 0.765471 0.000635205 0.00136603
105.42 -0.0910291 0.0248231 0.146523 0.765473 0.000632383 0.00136767
105.43 -0.091266 0.0236815 0.1471 0.765474 0.000627661 0.00137082
105.44 -0.0914927 0.0225254 0.14766 0.765479 0.000625735 0.00137147
105.45 -0.0917089 0.02137 0.148227 0.765486 0.000620729 0.00137455
105.46 -0.0919138 0.0201994 0.148773 0.76549 0.000619588 0.00137529
105.47 -0.0921079 0.0190284 0.149326 0.765495 0.000614808 0.00137792
105.48 -0.0922903 0.0178443 0.149862 0.765496 0.000613398 0.00137894
105.49 -0.0924634 0.0166573 0.150402 0.765497 0.000608836 0.0013809
105.5 -0.0926258 0.0154598 0.150932 0.765498 0.000606066 0.00138212
105.51 -0.0927787 0.0142583 0.151457 0.765502 0.000602686 0.00138347
105.52 -0.0929216 0.0130493 0.151981 0.765507 0.000598538 0.00138489
105.53 -0.0930535 0.0118347 0.152487 0.765515 0.000596759 0.0013856
105.54 -0.0931745 0.0106169 0.152995 0.765519 0.000592238 0.00138705
105.55 -0.0932844 0.00939167 0.153481 0.765524 0.000591 0.00138694
105.56 -0.0933835 0.00817004 0.15397 0.765522 0.000586471 0.00138879
105.57 -0.0934731 0.0069404 0.154443 0.765526 0.000584504 0.00138856
105.58 -0.093554 0.00571763 0.154914 0.765525 0.000579851 0.0013906
105.59 -0.0936249 0.00448582 0.155372 0.76553 0.000577647 0.00139014
105.6 -0.0936871 0.00326142 0.155825 0.765536 0.00057347 0.00139132
105.61 -0.0937389 0.00203043 0.156265 0.765541 0.000571287 0.00139071
105.62 -0.0937813 0.000807905 0.156696 0.765548 0.00056805 0.00139087
105.63 -0.0938144 -0.000414471 0.157117 0.765546 0.000565392 0.0013912
105.64 -0.0938385 -0.00163073 0.157529 0.765549 0.000562384 0.00139075
105.65 -0.0938548 -0.00284154 0.157933 0.765546 0.000558965 0.00139211
105.66 -0.0938635 -0.00405202 0.158328 0.76555 0.000555856 0.00139073
105.67 -0.0938648 -0.00525353 0.158718 0.765553 0.000551939 0.0013923
105.68 -0.0938571 -0.00645894 0.159091 0.765558 0.000550071 0.0013898
105.69 -0.0938413 -0.00765277 0.159464 0.765565 0.000546022 0.00139091
105.7 -0.0938162 -0.00884864 0.159817 0.765565 0.000544822 0.00138854
105.71 -0.0937839 -0.0100331 0.160173 0.765569 0.000540567 0.00138937
105.72 -0.0937425 -0.0112175 0.16051 0.765564 0.000539047 0.00138812
105.73 -0.0936698 -0.0124004 0.16082 0.765571 0.000540914 0.00138934
105.74 -0.0935672 -0.0135923 0.161131 0.76557 0.000541728 0.00138948
105.75 -0.0934724 -0.0147932 0.161472 0.765579 0.000533533 0.00138715
105.76 -0.0933792 -0.0159932 0.161787 0.76558 0.000530382 0.00138466
105.77 -0.093279 -0.0171893 0.162099 0.765584 0.000525691 0.00138234
105.78 -0.0931726 -0.0183712 0.162397 0.765585 0.000522315 0.00138374
105.79 -0.0930586 -0.0195542 0.162679 0.765586 0.000521181 0.00138404
105.8 -0.0929368 -0.0207414 0.162965 0.76559 0.000516886 0.00138438
105.81 -0.0928083 -0.0219382 0.163229 0.765593 0.000517045 0.00138197
105.82 -0.0926725 -0.023136 0.1635 0.7656 0.000512875 0.00138047
105.83 -0.0925297 -0.0243382 0.163751 0.765604 0.000512969 0.00137776
105.84 -0.0923799 -0.025529 0.164004 0.76561 0.000509485 0.00137871
105.85 -0.0922233 -0.0267334 0.164245 0.765611 0.000508483 0.00137664
105.86 -0.0920613 -0.0279289 0.164484 0.765616 0.000505344 0.00137741
105.87 -0.0918925 -0.0291403 0.164713 0.765615 0.000503539 0.001375
105.88 -0.0917187 -0.030346 0.164938 0.765624 0.000500818 0.00137422
105.89 -0.0915384 -0.0315575 0.165153 0.765624 0.000498758 0.00137304
105.9 -0.0913517 -0.0327696 0.165364 0.765635 0.000496755 0.0013713
105.91 -0.0911599 -0.0339796 0.165566 0.765636 0.000494188 0.00137109
105.92 -0.0909604 -0.035197 0.165758 0.765643 0.000493266 0.00136814
105.93 -0.0907569 -0.0364025 0.165951 0.765645 0.000489518 0.00136876
105.94 -0.0905469 -0.0376198 0.166124 0.765646 0.000489283 0.00136527
105.95 -0.0903335 -0.0388155 0.166307 0.765652 0.000484672 0.00136707
105.96 -0.0901147 -0.0400265 0.166466 0.765651 0.000484324 0.00136392
105.97 -0.0898927 -0.0412199 0.166632 0.765662 0.00048011 0.00136427
105.98 -0.0896642 -0.0424214 0.166778 0.765662 0.00047954 0.00136147
105.99 -0.0894439 -0.0435902 0.166915 0.76567 0.000477363 0.0013653
106 -0.0892267 -0.0447625 0.167045 0.765668 0.000475605 0.00136887
106.01 -0.0890064 -0.0459689 0.167178 0.765671 0.000472273 0.00136114
106.02 -0.0887818 -0.0471732 0.167302 0.765674 0.000469439 0.0013538
106.03 -0.0885528 -0.0483472 0.167412 0.765678 0.000467965 0.00134947
106.04 -0.0883204 -0.0494781 0.167524 0.765685 0.000463116 0.00135463
106.05 -0.088082 -0.0506052 0.167604 0.765687 0.000463364 0.00135656
106.06 -0.0878377 -0.0517324 0.167694 0.765691 0.000458292 0.00135765
106.07 -0.087588 -0.0528749 0.167753 0.765691 0.000458906 0.00135149
106.08 -0.0873354 -0.0539962 0.16782 0.765692 0.000454152 0.00134911
106.09 -0.0870795 -0.0551016 0.167867 0.765694 0.00045303 0.00134724
106.1 -0.0868218 -0.0561799 0.167912 0.765697 0.000449026 0.00135021
106.11 -0.08656 -0.0572618 0.167945 0.765703 0.000446518 0.00134983
106.12 -0.086295 -0.05834 0.167965 0.765708 0.00044419 0.00134879
106.13 -0.0860262 -0.059423 0.16798 0.765711 0.000440941 0.00134467
106.14 -0.0857543 -0.0604912 0.167977 0.765715 0.000439669 0.00134242
106.15 -0.0854808 -0.061543 0.167976 0.765715 0.000435009 0.00134256
106.16 -0.0852052 -0.0625891 0.167957 0.765718 0.000433666 0.00134256
106.17 -0.0849291 -0.0636263 0.167943 0.76572 0.000427993 0.00134398
106.18 -0.08465 -0.0646777 0.167906 0.765725 0.000427042 0.00134081
106.19 -0.0843698 -0.0657195 0.167875 0.765732 0.000421686 0.00133982
106.2 -0.0840861 -0.0667678 0.167822 0.765736 0.000420805 0.00133607
106.21 -0.0838016 -0.0677986 0.167773 0.765743 0.000415858 0.00133642
106.22 -0.0835146 -0.0688332 0.167706 0.765742 0.000414004 0.00133497
106.23 -0.083227 -0.0698586 0.16764 0.765749 0.00040944 0.00133557
106.24 -0.0829382 -0.0708912 0.167562 0.765748 0.000406062 0.00133413
106.25 -0.0826486 -0.0719214 0.167477 0.765756 0.000402591 0.0013329
106.26 -0.0823585 -0.0729525 0.167389 0.765759 0.000397628 0.00133149
106.27 -0.0820668 -0.0739817 0.167281 0.765766 0.000395831 0.00132966
106.28 -0.081774 -0.0750074 0.16718 0.765773 0.000389977 0.00132865
106.29 -0.081479 -0.07603 0.167054 0.765775 0.000389052 0.001327
106.3 -0.0811847 -0.0770481 0.16694 0.765781 0.000382363 0.00132609
106.31 -0.0808885 -0.0780602 0.166799 0.765779 0.000381113 0.00132504
106.32 -0.0805942 -0.0790661 0.166671 0.765786 0.000374242 0.00132455
106.33 -0.0802984 -0.0800696 0.166518 0.765787 0.000372044 0.00132312
106.34 -0.0800042 -0.0810632 0.166369 0.765796 0.000366309 0.00132229
106.35 -0.0797086 -0.0820583 0.166205 0.7658 0.000362863 0.00131947
106.36 -0.0794136 -0.0830342 0.166031 0.765805 0.00035908 0.00131847
106.37 -0.0791177 -0.0840082 0.165855 0.765808 0.000354079 0.001316
106.38 -0.0788235 -0.0849572 0.165662 0.76581 0.000351258 0.00131599
106.39 -0.07853 -0.0859034 0.165475 0.765811 0.000344634 0.00131456
106.4 -0.0782385 -0.0868293 0.165267 0.765814 0.000342199 0.00131414
106.41 -0.0779491 -0.0877511 0.165067 0.765818 0.000334729 0.00131243
106.42 -0.0776604 -0.0886584 0.164841 0.765824 0.000332877 0.00131006
106.43 -0.0773735 -0.089551 0.164625 0.765828 0.000325685 0.00130864
106.44 -0.0770876 -0.0904323 0.164384 0.765832 0.000323526 0.00130548
106.45 -0.0768037 -0.091289 0.164149 0.765834 0.000316977 0.00130551
106.46 -0.0765218 -0.0921379 0.163897 0.765834 0.000313474 0.00130298
106.47 -0.0762433 -0.0929647 0.163647 0.765838 0.000307269 0.00130318
106.48 -0.0759675 -0.0937851 0.163385 0.765838 0.000302363 0.00130088
106.49 -0.0756943 -0.0945922 0.163118 0.765846 0.000297423 0.00129939
106.5 -0.0754241 -0.0953886 0.162847 0.765848 0.000291038 0.00129689
106.51 -0.0751543 -0.0961752 0.162559 0.765856 0.000288091 0.00129426
106.52 -0.0748883 -0.0969457 0.162279 0.765858 0.000280294 0.00129247
106.53 -0.0746235 -0.0977068 0.161973 0.765861 0.00027798 0.00129045
106.54 -0.0743633 -0.0984543 0.16168 0.765864 0.000269078 0.00128939
106.55 -0.0741048 -0.0991951 0.161355 0.765864 0.000266464 0.00128785
106.56 -0.0738513 -0.0999312 0.161045 0.765872 0.000257351 0.0012858
106.57 -0.0735988 -0.10066 0.160704 0.765874 0.000254204 0.00128383
106.58 -0.07335 -0.10139 0.16037 0.765885 0.000246587 0.00128018
106.59 -0.0731027 -0.102108 0.160019 0.765887 0.000241742 0.00127834
106.6 -0.0728578 -0.102825 0.15966 0.765893 0.000236284 0.00127499
106.61 -0.0726148 -0.10353 0.1593 0.765895 0.000229097 0.00127377
106.62 -0.0723531 -0.104237 0.158896 0.765899 0.000230045 0.00127277
106.63 -0.0720773 -0.104949 0.158515 0.765905 0.000223383 0.00127146
106.64 -0.0718155 -0.105666 0.15813 0.765909 0.000216216 0.00126811
106.65 -0.0715653 -0.106387 0.157749 0.765916 0.000205657 0.00126251
106.66 -0.0713176 -0.10709 0.157341 0.765918 0.000200344 0.00125994
106.67 -0.0710749 -0.107786 0.156936 0.765925 0.000191172 0.00125729
106.68 -0.0708339 -0.108466 0.156506 0.765927 0.000186904 0.00125731
106.69 -0.0705962 -0.10915 0.156079 0.765933 0.000179332 0.00125412
106.7 -0.0703619 -0.109827 0.155638 0.765936 0.000173629 0.0012512
106.71 -0.0701312 -0.110501 0.15519 0.765943 0.000167267 0.00124652
106.72 -0.0699048 -0.11116 0.154738 0.765945 0.000160232 0.00124319
106.73 -0.0696824 -0.111803 0.154271 0.765952 0.000154476 0.0012407
106.74 -0.0694646 -0.112436 0.153805 0.765952 0.000146438 0.00123791
106.75 -0.0692514 -0.113055 0.15332 0.765959 0.000141071 0.0012351
106.76 -0.0690428 -0.113666 0.152838 0.765959 0.000132254 0.0012312
106.77 -0.068839 -0.114261 0.152339 0.765966 0.000126862 0.00122732
106.78 -0.0686405 -0.11484 0.15184 0.765968 0.000118047 0.00122373
106.79 -0.0684459 -0.115402 0.151326 0.765972 0.000112193 0.00122011
106.8 -0.0682572 -0.11595 0.150811 0.765977 0.000103732 0.00121645
106.81 -0.0680721 -0.116479 0.150282 0.765977 9.742e-05 0.0012125
106.82 -0.067893 -0.116995 0.149753 0.765985 8.88866e-05 0.00120828
106.83 -0.0677184 -0.117489 0.149209 0.765982 8.2018e-05 0.00120435
106.84 -0.067549 -0.11797 0.148664 0.765991 7.38445e-05 0.00120027
106.85 -0.0673851 -0.118431 0.14811 0.765989 6.56489e-05 0.00119636
106.86 -0.0672257 -0.118881 0.147545 0.765998 5.87658e-05 0.00119173
106.87 -0.0670715 -0.119313 0.146981 0.765999 4.90519e-05 0.00118717
106.88 -0.0669218 -0.119733 0.146398 0.766004 4.3179e-05 0.00118217
106.89 -0.0667773 -0.120135 0.145824 0.766008 3.27037e-05 0.00117758
106.9 -0.0666371 -0.120524 0.145229 0.76601 2.6623e-05 0.00117314
106.91 -0.0665028 -0.120902 0.144642 0.766016 1.6172e-05 0.00116829
106.92 -0.0663726 -0.121265 0.144037 0.766018 9.27312e-06 0.00116393
106.93 -0.0662481 -0.121623 0.143437 0.766025 -7.70982e-07 0.00115834
106.94 -0.066128 -0.12197 0.142823 0.766028 -8.51905e-06 0.00115302
106.95 -0.0660127 -0.122309 0.142208 0.766034 -1.77339e-05 0.00114747
106.96 -0.0659024 -0.122638 0.141588 0.766038 -2.67959e-05 0.00114195
106.97 -0.0657965 -0.122959 0.140957 0.766043 -3.48788e-05 0.00113672
106.98 -0.0656961 -0.123272 0.14033 0.766047 -4.54172e-05 0.00113118
106.99 -0.0656003 -0.12358 0.139688 0.766052 -5.29629e-05 0.00112566
107 -0.0655103 -0.123881 0.139053 0.766056 -6.41063e-05 0.00111979
107.01 -0.0654243 -0.124178 0.138402 0.766063 -7.18564e-05 0.00111373
107.02 -0.0653445 -0.124468 0.137756 0.766067 -8.28962e-05 0.00110752
107.03 -0.0652685 -0.124752 0.137095 0.766073 -9.0975e-05 0.00110104
107.04 -0.0651988 -0.125028 0.136435 0.766077 -0.000102082 0.00109497
107.05 -0.0651335 -0.125298 0.135758 0.766081 -0.000110522 0.00108815
107.06 -0.0650744 -0.125557 0.135082 0.766087 -0.000121501 0.00108229
107.07 -0.0650202 -0.125811 0.134394 0.766088 -0.00013092 0.00107526
107.08 -0.0649721 -0.126054 0.133701 0.766096 -0.000141092 0.00106895
107.09 -0.0649291 -0.126288 0.133002 0.766096 -0.000151784 0.0010617
107.1 -0.0648917 -0.126513 0.132291 0.766106 -0.0001611 0.00105464
107.11 -0.0648599 -0.126725 0.131581 0.766106 -0.000172657 0.0010471
107.12 -0.0648331 -0.126923 0.130853 0.766112 -0.000181573 0.00103996
107.13 -0.0648126 -0.127108 0.130129 0.766115 -0.000193837 0.00103246
107.14 -0.0647968 -0.127276 0.129384 0.766117 -0.000202587 0.00102547
107.15 -0.0647875 -0.127431 0.128647 0.766123 -0.000215377 0.00101791
107.16 -0.064783 -0.127569 0.127887 0.766123 -0.000224417 0.00101017
107.17 -0.0647841 -0.127693 0.127133 0.766131 -0.000236728 0.00100225
107.18 -0.0647899 -0.1278 0.126363 0.76613 -0.000246951 0.00099368
107.19 -0.0648011 -0.127888 0.125589 0.766138 -0.000258069 0.00098604
107.2 -0.064817 -0.12796 0.124811 0.766137 -0.000269852 0.000977291
107.21 -0.0648379 -0.12801 0.124019 0.766143 -0.000280027 0.000970148
107.22 -0.0648638 -0.128049 0.123231 0.766144 -0.000292923 0.000960818
107.23 -0.0648942 -0.128065 0.122425 0.766149 -0.0003029 0.000953678
107.24 -0.0649294 -0.128072 0.121623 0.766152 -0.000316136 0.000943625
107.25 -0.0649689 -0.128056 0.120804 0.766157 -0.000326331 0.000936042
107.26 -0.0650125 -0.12803 0.119987 0.766161 -0.000339426 0.000926143
107.27 -0.0650604 -0.127988 0.119157 0.766165 -0.000350171 0.000917716
107.28 -0.0651121 -0.12793 0.118326 0.766168 -0.000362904 0.000908631
107.29 -0.0651683 -0.127862 0.117488 0.766172 -0.00037466 0.000899575
107.3 -0.0652281 -0.127777 0.116644 0.766176 -0.000386834 0.000891003
107.31 -0.0652923 -0.127688 0.115797 0.766179 -0.000399426 0.000881256
107.32 -0.06536 -0.127583 0.114942 0.766186 -0.000411488 0.000872525
107.33 -0.0654319 -0.127476 0.114085 0.766188 -0.000424227 0.000861899
107.34 -0.0655067 -0.127354 0.11322 0.766197 -0.000436537 0.000852976
107.35 -0.065586 -0.127228 0.112351 0.766197 -0.000449291 0.000842603
107.36 -0.0656682 -0.127091 0.111478 0.766205 -0.000461743 0.000833733
107.37 -0.0657551 -0.126948 0.1106 0.766206 -0.000474947 0.000823713
107.38 -0.0658447 -0.126799 0.109717 0.766213 -0.000487229 0.000814264
107.39 -0.0659394 -0.126646 0.108832 0.766217 -0.000501047 0.000803649
107.4 -0.0660364 -0.126485 0.107939 0.766221 -0.000513141 0.000793757
107.41 -0.0661385 -0.12632 0.107046 0.766229 -0.000527096 0.000783157
107.42 -0.0662429 -0.126143 0.106144 0.76623 -0.000539308 0.000773499
107.43 -0.0663523 -0.125965 0.105243 0.766238 -0.000553322 0.000762842
107.44 -0.0664644 -0.125774 0.104331 0.766238 -0.000565669 0.000752923
107.45 -0.0665814 -0.12558 0.103422 0.766245 -0.000579669 0.00074245
107.46 -0.0667019 -0.125376 0.102505 0.766247 -0.000592989 0.00073114
107.47 -0.0668266 -0.12516 0.101583 0.766252 -0.000606048 0.000721449
107.48 -0.0669547 -0.124938 0.10066 0.766257 -0.000620273 0.000709833
107.49 -0.0670866 -0.124699 0.0997258 0.76626 -0.000632519 0.000700608
107.5 -0.0672041 -0.12446 0.0987785 0.766267 -0.00064355 0.000689209
107.51 -0.0673105 -0.124205 0.0978254 0.766268 -0.000653736 0.000680887
107.52 -0.0674299 -0.123957 0.0968983 0.766274 -0.000671301 0.000666995
107.53 -0.0675591 -0.123682 0.0959496 0.766273 -0.000684724 0.000656208
107.54 -0.0676927 -0.123397 0.0950047 0.766278 -0.000700625 0.000643996
107.55 -0.0678312 -0.123083 0.0940416 0.766279 -0.000713902 0.000634894
107.56 -0.0679727 -0.122757 0.0930732 0.766284 -0.000727495 0.000625089
107.57 -0.0681178 -0.122419 0.0920981 0.766288 -0.000741194 0.000613587
107.58 -0.0682658 -0.122068 0.0911129 0.766294 -0.000753802 0.000602135
107.59 -0.0684175 -0.121703 0.090129 0.766297 -0.000768475 0.000588504
107.6 -0.068572 -0.12131 0.0891303 0.766301 -0.000780497 0.000579186
107.61 -0.0687307 -0.120905 0.0881365 0.766301 -0.00079567 0.000566854
107.62 -0.0688921 -0.120472 0.087128 0.766305 -0.000808012 0.000559487
107.63 -0.0690579 -0.120039 0.0861221 0.766308 -0.000823088 0.00054622
107.64 -0.0692254 -0.119585 0.0851031 0.766313 -0.000835857 0.000536657
107.65 -0.0693968 -0.119128 0.0840861 0.76632 -0.000850926 0.000522741
107.66 -0.0695693 -0.118649 0.0830547 0.766322 -0.000863519 0.000512257
107.67 -0.0697443 -0.11816 0.0820273 0.76633 -0.000878469 0.000500229
107.68 -0.0699213 -0.117654 0.0809885 0.766328 -0.00089163 0.000489899
107.69 -0.0701073 -0.117154 0.0799446 0.766335 -0.000904095 0.000476469
107.7 -0.0703031 -0.11665 0.078907 0.766333 -0.000918842 0.000462159
107.71 -0.070503 -0.116105 0.0778624 0.766341 -0.000933258 0.000455991
107.72 -0.0707061 -0.115559 0.0768168 0.766346 -0.000949044 0.000447488
107.73 -0.0709074 -0.11501 0.0757558 0.766355 -0.000961745 0.00043875
107.74 -0.0711098 -0.114488 0.0747028 0.766361 -0.0009781 0.000421726
107.75 -0.0713095 -0.113945 0.0736296 0.766363 -0.000989973 0.000408485
107.76 -0.07151 -0.113393 0.0725695 0.766367 -0.00100635 0.00039559
107.77 -0.0717089 -0.112811 0.0714897 0.766366 -0.00101824 0.00038874
107.78 -0.0719094 -0.11223 0.0704213 0.766372 -0.00103401 0.000380371
107.79 -0.07211 -0.111655 0.0693418 0.766376 -0.00104761 0.000369547
107.8 -0.0723111 -0.111087 0.0682606 0.766384 -0.00106183 0.000356014
107.81 -0.0725125 -0.110518 0.0671836 0.766391 -0.00107772 0.000341433
107.82 -0.0727139 -0.109926 0.0660888 0.766395 -0.00109002 0.000331095
107.83 -0.0729153 -0.109328 0.0650091 0.766399 -0.00110681 0.000320014
107.84 -0.0731175 -0.10871 0.0639079 0.766398 -0.00111882 0.000312827
107.85 -0.0733208 -0.108102 0.0628209 0.766401 -0.00113546 0.000300606
107.86 -0.0735249 -0.107479 0.0617167 0.766403 -0.00114842 0.000291078
107.87 -0.0737307 -0.10686 0.0606213 0.766409 -0.00116466 0.000277937
107.88 -0.0739367 -0.106223 0.0595112 0.766416 -0.00117803 0.000267731
107.89 -0.0741433 -0.10558 0.0584058 0.766421 -0.00119339 0.000255781
107.9 -0.074351 -0.104922 0.0572936 0.766426 -0.00120779 0.000245377
107.91 -0.0745581 -0.10425 0.0561771 0.766426 -0.00122189 0.000235177
107.92 -0.0747672 -0.103568 0.0550644 0.766427 -0.00123767 0.000224516
107.93 -0.0749757 -0.102868 0.0539381 0.766429 -0.00125089 0.000215679
107.94 -0.0751859 -0.102163 0.0528196 0.766431 -0.00126708 0.000204207
107.95 -0.0753955 -0.101439 0.0516875 0.766439 -0.00128054 0.000195577
107.96 -0.0756062 -0.100714 0.0505597 0.766444 -0.00129635 0.000182529
107.97 -0.0758152 -0.0999695 0.0494218 0.76645 -0.00130997 0.000172833
107.98 -0.0760251 -0.0992136 0.0482877 0.766453 -0.00132578 0.000160539
107.99 -0.0762327 -0.0984349 0.0471435 0.766453 -0.0013392 0.000152604
108 -0.0764407 -0.0976444 0.0460036 0.766456 -0.00135494 0.000142466
108.01 -0.0766471 -0.0968406 0.0448552 0.766455 -0.0013687 0.000134503
108.02 -0.0768532 -0.0960313 0.0437078 0.766464 -0.00138397 0.000123794
108.03 -0.0770577 -0.095215 0.0425563 0.766467 -0.00139849 0.000113335
108.04 -0.0772606 -0.094387 0.0414003 0.766478 -0.00141294 0.000102533
108.05 -0.0774616 -0.0935502 0.0402449 0.76648 -0.00142798 9.18197e-05
108.06 -0.0776611 -0.0926942 0.039084 0.766484 -0.0014421 8.33472e-05
108.07 -0.0778587 -0.0918347 0.0379239 0.766486 -0.0014572 7.36285e-05
108.08 -0.0780544 -0.09096 0.0367587 0.766487 -0.00147104 6.60786e-05
108.09 -0.0782491 -0.0900888 0.0355961 0.766493 -0.00148654 5.58395e-05
108.1 -0.0784414 -0.0892074 0.0344252 0.766497 -0.00149992 4.7475e-05
108.11 -0.0786327 -0.08833 0.0332604 0.766507 -0.0015157 3.62473e-05
108.12 -0.078822 -0.0874406 0.0320868 0.766512 -0.00152919 2.76939e-05
108.13 -0.079009 -0.0865509 0.0309173 0.766518 -0.00154427 1.73923e-05
108.14 -0.0791939 -0.085653 0.0297443 0.76652 -0.0015584 8.8658e-06
108.15 -0.0793768 -0.0847496 0.028571 0.766521 -0.00157283 3.58261e-07
108.16 -0.0795572 -0.0838435 0.0273951 0.766524 -0.00158679 -7.69791e-06
108.17 -0.0797361 -0.0829338 0.0262203 0.766529 -0.00160131 -1.55022e-05
108.18 -0.0799133 -0.0820299 0.025041 0.766535 -0.00161497 -2.52542e-05
108.19 -0.0800888 -0.081122 0.0238647 0.766543 -0.00162961 -3.41016e-05
108.2 -0.0802628 -0.0802141 0.0226854 0.766548 -0.00164352 -4.44512e-05
108.21 -0.0804346 -0.079295 0.0215052 0.766553 -0.00165745 -5.17543e-05
108.22 -0.0806045 -0.0783733 0.0203268 0.766553 -0.00167165 -6.06854e-05
108.23 -0.0807727 -0.0774425 0.0191431 0.766556 -0.00168492 -6.68474e-05
108.24 -0.080939 -0.076514 0.0179632 0.766557 -0.00169923 -7.58356e-05
108.25 -0.0811038 -0.0755801 0.0167766 0.766562 -0.00171216 -8.33262e-05
108.26 -0.0812669 -0.0746455 0.015595 0.766569 -0.00172674 -9.26275e-05
108.27 -0.0814277 -0.0737015 0.0144045 0.766575 -0.00173911 -0.000100497
108.28 -0.0815872 -0.0727547 0.0132233 0.766581 -0.00175417 -0.00010942
108.29 -0.0817438 -0.0717937 0.0120304 0.766582 -0.00176624 -0.000116928
108.3 -0.0818979 -0.0708274 0.0108459 0.766585 -0.00178071 -0.000124287
108.31 -0.0820492 -0.06985 0.0096533 0.766585 -0.00179332 -0.000131866
108.32 -0.0821972 -0.0688653 0.00846097 0.766588 -0.0018063 -0.00013809
108.33 -0.0823425 -0.0678774 0.00726966 0.766595 -0.00181997 -0.000147048
108.34 -0.0824846 -0.06688 0.00607279 0.766599 -0.00183224 -0.000153931
108.35 -0.0826232 -0.065879 0.00488035 0.766609 -0.00184627 -0.000163716
108.36 -0.0827576 -0.0648598 0.00368163 0.766609 -0.00185828 -0.000169548
108.37 -0.0828883 -0.0638388 0.00248837 0.766615 -0.00187232 -0.000178715
108.38 -0.0830132 -0.0627976 0.00128641 0.766614 -0.00188384 -0.000183387
108.39 -0.083134 -0.0617585 9.0699e-05 0.766618 -0.00189742 -0.00019187
108.4 -0.0832495 -0.0607073 -0.00111243 0.766622 -0.00190916 -0.000197707
108.41 -0.0833601 -0.0596566 -0.00231198 0.766628 -0.00192197 -0.000206312
108.42 -0.0834658 -0.0585981 -0.0035135 0.766637 -0.00193441 -0.000213575
108.43 -0.0835662 -0.0575327 -0.00471471 0.766642 -0.00194671 -0.000221107
108.44 -0.0836616 -0.0564638 -0.00591494 0.766648 -0.00195927 -0.000228747
108.45 -0.0837509 -0.0553828 -0.00711586 0.766649 -0.00197133 -0.000234495
108.46 -0.0838351 -0.0543061 -0.00831716 0.766652 -0.00198324 -0.000242343
108.47 -0.0839129 -0.0532182 -0.00951827 0.766655 -0.00199512 -0.000247474
108.48 -0.0839862 -0.0521416 -0.0107198 0.766661 -0.00200665 -0.000256383
108.49 -0.0840535 -0.0510543 -0.0119209 0.766669 -0.00201835 -0.000261932
108.5 -0.0841169 -0.0499776 -0.0131199 0.766677 -0.00203 -0.000271105
108.51 -0.0841749 -0.0488892 -0.0143192 0.766683 -0.00204144 -0.000276502
108.52 -0.0842287 -0.0478096 -0.0155154 0.766688 -0.00205298 -0.000284746
108.53 -0.0842774 -0.0467229 -0.0167114 0.766688 -0.00206389 -0.00029048
108.54 -0.0843219 -0.0456428 -0.0179042 0.766693 -0.00207514 -0.000297704
108.55 -0.0843614 -0.0445617 -0.0190977 0.766694 -0.00208521 -0.000304248
108.56 -0.0843974 -0.0434831 -0.0202858 0.766703 -0.00209646 -0.000310591
108.57 -0.0844296 -0.0424115 -0.0214751 0.766708 -0.00210626 -0.000318633
108.58 -0.0844587 -0.0413349 -0.0226575 0.766717 -0.00211755 -0.000324383
108.59 -0.0844845 -0.0402699 -0.0238407 0.766722 -0.00212742 -0.000333456
108.6 -0.0845067 -0.0391928 -0.0250193 0.766723 -0.00213798 -0.00033848
108.61 -0.0845251 -0.0381276 -0.0261971 0.766727 -0.00214775 -0.000347141
108.62 -0.0845393 -0.0370481 -0.0273736 0.766726 -0.00215734 -0.000351291
108.63 -0.0845493 -0.0359832 -0.0285476 0.766733 -0.00216683 -0.000359664
108.64 -0.0845557 -0.0349096 -0.0297201 0.766738 -0.00217613 -0.000365303
108.65 -0.0845582 -0.0338446 -0.0308898 0.766746 -0.00218548 -0.000373593
108.66 -0.0845571 -0.0327746 -0.0320567 0.766752 -0.00219486 -0.000380791
108.67 -0.0845516 -0.0317013 -0.0332206 0.766755 -0.00220418 -0.000387795
108.68 -0.0845505 -0.0306502 -0.0343915 0.766757 -0.0022107 -0.000399768
108.69 -0.0845518 -0.0295896 -0.035549 0.766756 -0.00221929 -0.000409268
108.7 -0.08455 -0.0284955 -0.0367019 0.76676 -0.0022294 -0.000411963
108.71 -0.0845428 -0.0273817 -0.0378605 0.766765 -0.00223802 -0.000410003
108.72 -0.0845286 -0.0262981 -0.0390167 0.766775 -0.00224678 -0.000417271
108.73 -0.0845082 -0.0252314 -0.0401722 0.766783 -0.00225537 -0.000427852
108.74 -0.0844794 -0.024168 -0.0413284 0.766788 -0.00226291 -0.00044204
108.75 -0.0844412 -0.0230773 -0.0424776 0.766791 -0.00227164 -0.000448967
108.76 -0.0843928 -0.0219648 -0.0436317 0.76679 -0.00227823 -0.000453691
108.77 -0.0843351 -0.0208473 -0.0447785 0.766792 -0.00228623 -0.00045622
108.78 -0.0842687 -0.0197422 -0.0459281 0.766797 -0.00229291 -0.000464132
108.79 -0.0841942 -0.0186463 -0.0470749 0.766804 -0.00229991 -0.000473188
108.8 -0.0841114 -0.0175504 -0.0482156 0.766815 -0.0023078 -0.000483972
108.81 -0.084021 -0.0164414 -0.0493567 0.766822 -0.00231457 -0.000491344
108.82 -0.0839214 -0.0153248 -0.0504895 0.766828 -0.00232274 -0.000497639
108.83 -0.0838143 -0.0142071 -0.0516224 0.766829 -0.00232943 -0.000503934
108.84 -0.0836975 -0.0130949 -0.0527536 0.766829 -0.00233626 -0.000511117
108.85 -0.083572 -0.0119895 -0.0538827 0.766833 -0.00234241 -0.000520101
108.86 -0.0834374 -0.010882 -0.0550104 0.766837 -0.00234854 -0.000527419
108.87 -0.0832954 -0.00978116 -0.0561343 0.76685 -0.00235471 -0.000536267
108.88 -0.0831456 -0.00867474 -0.0572519 0.766855 -0.00236136 -0.000542281
108.89 -0.0829907 -0.00758419 -0.0583665 0.766867 -0.00236785 -0.000551897
108.9 -0.0828271 -0.00648742 -0.0594759 0.766866 -0.00237418 -0.000558319
108.91 -0.0826576 -0.00540658 -0.0605835 0.766871 -0.00238009 -0.000567898
108.92 -0.0824788 -0.00432124 -0.0616884 0.766869 -0.00238556 -0.000574728
108.93 -0.0822928 -0.00324671 -0.0627935 0.766873 -0.00239024 -0.000582721
108.94 -0.0820988 -0.00217637 -0.063892 0.76688 -0.0023957 -0.000590203
108.95 -0.0818994 -0.00111525 -0.0649899 0.766889 -0.00240031 -0.000598069
108.96 -0.0816935 -6.58901e-05 -0.0660787 0.766899 -0.00240614 -0.000607448
108.97 -0.0814827 0.000983835 -0.0671647 0.766903 -0.00241131 -0.000614918
108.98 -0.0812645 0.00202043 -0.0682474 0.766906 -0.00241617 -0.000624531
108.99 -0.0810393 0.00306286 -0.0693257 0.766904 -0.00242114 -0.000630779
109 -0.0808058 0.00408882 -0.0704065 0.766906 -0.00242444 -0.000640249
109.01 -0.0805643 0.00511899 -0.0714816 0.76691 -0.00242882 -0.000646661
109.02 -0.0803151 0.00613252 -0.0725567 0.766917 -0.00243188 -0.000656437
109.03 -0.08006 0.00714883 -0.0736224 0.766926 -0.00243647 -0.000664047
109.04 -0.0797974 0.00815458 -0.0746834 0.766934 -0.00244008 -0.000673539
109.05 -0.0795291 0.00916298 -0.075734 0.766937 -0.00244474 -0.000681746
109.06 -0.0792517 0.010168 -0.0767832 0.76694 -0.002448 -0.000690049
109.07 -0.0789658 0.0111723 -0.0778267 0.766937 -0.00245121 -0.000698419
109.08 -0.0786697 0.0121753 -0.0788676 0.766941 -0.00245404 -0.000706223
109.09 -0.078365 0.0131726 -0.0799063 0.766945 -0.00245605 -0.000715866
109.1 -0.0780507 0.0141747 -0.0809363 0.766955 -0.00245932 -0.000723179
109.11 -0.0777294 0.0151683 -0.0819629 0.766963 -0.00246166 -0.00073371
109.12 -0.0773989 0.0161715 -0.0829786 0.76697 -0.00246524 -0.000740672
109.13 -0.0770503 0.0171404 -0.0839821 0.766977 -0.00246889 -0.000758184
109.14 -0.0766806 0.0181313 -0.0849843 0.766975 -0.00247129 -0.000770704
109.15 -0.0762963 0.019167 -0.085994 0.766979 -0.00247189 -0.000773522
109.16 -0.0759007 0.0202196 -0.0869906 0.766978 -0.00247402 -0.000771592
109.17 -0.0754991 0.0212354 -0.0879907 0.766986 -0.00247464 -0.000779025
109.18 -0.075091 0.0222135 -0.0889806 0.766994 -0.00247593 -0.000794123
109.19 -0.074677 0.0231899 -0.0899642 0.767002 -0.00247774 -0.00081007
109.2 -0.0742559 0.0241824 -0.0909436 0.767013 -0.00247883 -0.000821171
109.21 -0.0738263 0.0252066 -0.0919091 0.767014 -0.00248169 -0.000824777
109.22 -0.0733902 0.0262157 -0.0928766 0.76702 -0.00248226 -0.00083102
109.23 -0.0729455 0.0272152 -0.0938361 0.767016 -0.00248315 -0.000838727
109.24 -0.0724937 0.0281831 -0.0947947 0.767024 -0.00248275 -0.000852669
109.25 -0.0720333 0.0291564 -0.0957481 0.767026 -0.00248228 -0.000863962
109.26 -0.0715655 0.030131 -0.0966926 0.767039 -0.00248231 -0.000873638
109.27 -0.0710913 0.031111 -0.0976294 0.767046 -0.00248274 -0.00088017
109.28 -0.0706117 0.0320814 -0.0985579 0.767054 -0.00248306 -0.000887587
109.29 -0.070126 0.0330321 -0.0994816 0.767057 -0.00248303 -0.000897312
109.3 -0.0696339 0.0339714 -0.100399 0.767056 -0.00248246 -0.000907963
109.31 -0.069133 0.0348992 -0.101316 0.767058 -0.00248068 -0.000919008
109.32 -0.0686237 0.0358292 -0.102225 0.76706 -0.0024794 -0.000927159
109.33 -0.0681064 0.0367495 -0.10313 0.767068 -0.00247743 -0.000935525
109.34 -0.0675828 0.0376606 -0.104027 0.767076 -0.00247617 -0.000943286
109.35 -0.0670528 0.0385551 -0.104914 0.767086 -0.00247514 -0.000952988
109.36 -0.0665174 0.0394386 -0.105796 0.767088 -0.00247372 -0.000962424
109.37 -0.0659735 0.0403128 -0.106669 0.767093 -0.00247224 -0.000972246
109.38 -0.0654215 0.0411824 -0.107541 0.767088 -0.00246989 -0.000980317
109.39 -0.064859 0.0420412 -0.108408 0.767094 -0.00246699 -0.000989319
109.4 -0.0642878 0.0428937 -0.109272 0.767093 -0.00246388 -0.000997186
109.41 -0.0637072 0.0437311 -0.11013 0.767105 -0.00246093 -0.00100695
109.42 -0.0631194 0.0445665 -0.11098 0.76711 -0.00245816 -0.00101524
109.43 -0.0625234 0.0453906 -0.111823 0.76712 -0.00245587 -0.00102434
109.44 -0.06192 0.0462145 -0.112657 0.767122 -0.00245342 -0.00103231
109.45 -0.0613072 0.0470287 -0.113491 0.767122 -0.00245016 -0.00104067
109.46 -0.0606846 0.0478378 -0.114318 0.767123 -0.00244668 -0.00104964
109.47 -0.0600514 0.0486421 -0.115145 0.767122 -0.00244216 -0.00105777
109.48 -0.0594083 0.0494399 -0.115967 0.767132 -0.00243779 -0.00106751
109.49 -0.058756 0.0502413 -0.116782 0.767137 -0.00243395 -0.00107425
109.5 -0.0580966 0.0510335 -0.117592 0.767149 -0.00242994 -0.00108379
109.51 -0.0574293 0.0518309 -0.118392 0.767153 -0.00242678 -0.00108994
109.52 -0.0567553 0.0526163 -0.11919 0.767158 -0.00242266 -0.00109965
109.53 -0.056072 0.0534053 -0.119979 0.767157 -0.00241826 -0.00110664
109.54 -0.05538 0.0541853 -0.120765 0.767157 -0.00241288 -0.00111617
109.55 -0.0546781 0.054968 -0.121542 0.767162 -0.00240743 -0.00112352
109.56 -0.0539686 0.0557476 -0.122312 0.767168 -0.00240178 -0.00113165
109.57 -0.0532517 0.0565243 -0.12307 0.767179 -0.0023967 -0.00113905
109.58 -0.0525296 0.0573008 -0.123819 0.767186 -0.00239217 -0.00114601
109.59 -0.0518018 0.0580673 -0.124559 0.767193 -0.00238672 -0.001154
109.6 -0.0510677 0.0588346 -0.125287 0.767194 -0.00238235 -0.00116067
109.61 -0.0503267 0.0595875 -0.126015 0.767194 -0.00237509 -0.00116942
109.62 -0.0495774 0.060343 -0.12673 0.767195 -0.00236951 -0.00117597
109.63 -0.0488209 0.0610839 -0.127443 0.7672 -0.00236153 -0.00118433
109.64 -0.0480577 0.0618279 -0.12814 0.767207 -0.00235565 -0.0011901
109.65 -0.0472893 0.0625565 -0.128831 0.767217 -0.00234862 -0.00119749
109.66 -0.0465163 0.063283 -0.129504 0.767223 -0.00234324 -0.00120303
109.67 -0.0457385 0.0639936 -0.130172 0.767227 -0.00233664 -0.0012101
109.68 -0.044954 0.0646952 -0.13083 0.767227 -0.00232967 -0.00121647
109.69 -0.0441623 0.0653849 -0.131482 0.767226 -0.00232263 -0.00122328
109.7 -0.0433622 0.0660613 -0.132133 0.767229 -0.00231317 -0.00123023
109.71 -0.0425545 0.0667326 -0.132765 0.767231 -0.00230663 -0.0012358
109.72 -0.0417404 0.0673874 -0.133399 0.767243 -0.00229698 -0.00124235
109.73 -0.0409203 0.0680399 -0.134009 0.767246 -0.00229131 -0.00124654
109.74 -0.0400949 0.0686709 -0.134618 0.767257 -0.00228269 -0.00125294
109.75 -0.039263 0.0692983 -0.135209 0.767252 -0.00227616 -0.00125712
109.76 -0.0384231 0.0699031 -0.1358 0.767256 -0.00226706 -0.0012641
109.77 -0.0375742 0.0705027 -0.136381 0.767252 -0.00225846 -0.00126909
109.78 -0.0367159 0.071089 -0.136957 0.767256 -0.00224897 -0.00127527
109.79 -0.035849 0.0716679 -0.137526 0.767261 -0.00223944 -0.00128008
109.8 -0.0349746 0.0722428 -0.138079 0.767268 -0.00223155 -0.00128417
109.81 -0.0340938 0.0728037 -0.138631 0.767277 -0.00222183 -0.00128886
109.82 -0.033206 0.0733626 -0.139161 0.767278 -0.0022151 -0.00129221
109.83 -0.0323114 0.0739027 -0.139698 0.767282 -0.00220464 -0.00129806
109.84 -0.0314077 0.0744431 -0.140216 0.767277 -0.00219639 -0.0013019
109.85 -0.030495 0.0749697 -0.140738 0.76728 -0.00218528 -0.0013079
109.86 -0.0295731 0.0754984 -0.141248 0.767282 -0.00217538 -0.00131149
109.87 -0.0286432 0.0760224 -0.141752 0.76729 -0.00216512 -0.0013158
109.88 -0.0277071 0.0765435 -0.142245 0.767298 -0.00215549 -0.00131874
109.89 -0.026765 0.0770648 -0.142728 0.767305 -0.00214646 -0.0013217
109.9 -0.0258178 0.077573 -0.143206 0.767308 -0.00213638 -0.00132549
109.91 -0.0248633 0.0780846 -0.143672 0.767308 -0.00212716 -0.00132878
109.92 -0.0239027 0.0785808 -0.144141 0.767307 -0.00211521 -0.00133357
109.93 -0.0229333 0.0790835 -0.144598 0.76731 -0.00210487 -0.00133711
109.94 -0.0219486 0.0795622 -0.145047 0.767315 -0.00209306 -0.00134522
109.95 -0.0209485 0.0800547 -0.145484 0.767324 -0.00208284 -0.0013513
109.96 -0.0199419 0.0805788 -0.145921 0.767333 -0.002071 -0.00134782
109.97 -0.018931 0.0811037 -0.146341 0.767336 -0.00206176 -0.00134392
109.98 -0.017919 0.0816004 -0.146758 0.767338 -0.00205028 -0.00134433
109.99 -0.0169035 0.0820559 -0.147171 0.767335 -0.00203834 -0.00135311
110 -0.0158833 0.0825103 -0.147576 0.767337 -0.00202607 -0.00136039
110.01 -0.0148575 0.0829731 -0.147977 0.767339 -0.0020131 -0.00136379
110.02 -0.0138264 0.0834512 -0.148364 0.767347 -0.00200178 -0.00136228
110.03 -0.0127923 0.083919 -0.148743 0.767355 -0.00198941 -0.0013604
110.04 -0.0117563 0.0843666 -0.149104 0.76736 -0.00197867 -0.00136154
110.05 -0.0107171 0.0847907 -0.149456 0.767365 -0.00196621 -0.00136474
110.06 -0.0096744 0.0852016 -0.149796 0.76736 -0.00195411 -0.00136892
110.07 -0.00862423 0.085608 -0.150127 0.767363 -0.0019408 -0.00137079
110.08 -0.00756814 0.0860093 -0.150451 0.767357 -0.00192712 -0.00137142
110.09 -0.0065047 0.0864005 -0.150762 0.767366 -0.00191354 -0.00137142
110.1 -0.00543683 0.0867762 -0.151063 0.767369 -0.00189998 -0.00137192
110.11 -0.00436381 0.0871385 -0.151349 0.767379 -0.00188704 -0.00137285
110.12 -0.00328713 0.0874878 -0.151623 0.767382 -0.00187414 -0.00137316
110.13 -0.002205 0.0878267 -0.151882 0.767382 -0.00186125 -0.00137335
110.14 -0.001117 0.0881494 -0.152135 0.767381 -0.00184717 -0.00137367
110.15 -2.12826e-05 0.0884608 -0.152377 0.767376 -0.00183265 -0.00137433
110.16 0.00108126 0.0887546 -0.152611 0.76738 -0.00181784 -0.00137589
110.17 0.00219102 0.089047 -0.152836 0.767381 -0.00180235 -0.0013758
110.18 0.00330629 0.0893282 -0.153044 0.767392 -0.00178869 -0.00137548
110.19 0.00442586 0.0896092 -0.153245 0.767395 -0.00177401 -0.00137336
110.2 0.00554992 0.0898752 -0.15343 0.767401 -0.00176043 -0.00137216
110.21 0.00667863 0.0901307 -0.15361 0.767398 -0.00174559 -0.00137164
110.22 0.00781264 0.090373 -0.15378 0.767398 -0.00173036 -0.00137223
110.23 0.0089529 0.0906079 -0.153943 0.767394 -0.00171423 -0.0013731
110.24 0.0100993 0.0908438 -0.154099 0.767399 -0.00169792 -0.00137261
110.25 0.0112496 0.091077 -0.15424 0.767403 -0.00168235 -0.00137143
110.26 0.0124033 0.0913157 -0.154374 0.767413 -0.00166646 -0.00136855
110.27 0.0135591 0.0915427 -0.15449 0.767417 -0.00165167 -0.00136661
110.28 0.0147167 0.09177 -0.154603 0.767421 -0.00163571 -0.00136467
110.29 0.0158764 0.0919823 -0.154702 0.767418 -0.00162007 -0.00136414
110.3 0.0170396 0.0921959 -0.154801 0.767416 -0.00160283 -0.00136388
110.31 0.0182056 0.0924037 -0.154889 0.767418 -0.00158554 -0.00136305
110.32 0.0193744 0.0926175 -0.154968 0.76742 -0.00156851 -0.00136156
110.33 0.0205298 0.0928331 -0.155024 0.767429 -0.00155409 -0.00135951
110.34 0.0216734 0.0930589 -0.155072 0.767433 -0.00153955 -0.00135688
110.35 0.0228234 0.0932819 -0.155131 0.76744 -0.00151992 -0.00135305
110.36 0.0239809 0.0935012 -0.15517 0.76744 -0.00150273 -0.00134945
110.37 0.0251396 0.0937055 -0.155209 0.767441 -0.00148329 -0.00134752
110.38 0.0263023 0.0938981 -0.155229 0.767439 -0.00146543 -0.00134703
110.39 0.0274655 0.0940874 -0.155243 0.767439 -0.00144712 -0.00134572
110.4 0.0286317 0.0942741 -0.155246 0.767444 -0.00142872 -0.00134333
110.41 0.0297992 0.094462 -0.155237 0.767448 -0.00141137 -0.00133894
110.42 0.0309687 0.0946385 -0.155222 0.767455 -0.0013925 -0.00133502
110.43 0.0321392 0.0948071 -0.15519 0.767457 -0.00137587 -0.00133067
110.44 0.0333116 0.0949536 -0.155155 0.767459 -0.00135648 -0.00132887
110.45 0.0344863 0.0950954 -0.155106 0.767457 -0.00133888 -0.00132559
110.46 0.0356651 0.0952181 -0.155054 0.767455 -0.0013189 -0.00132412
110.47 0.0368466 0.0953397 -0.154989 0.767458 -0.00130022 -0.00132031
110.48 0.0380327 0.0954488 -0.154918 0.767459 -0.00128026 -0.00131685
110.49 0.0392207 0.0955496 -0.154832 0.767467 -0.00126173 -0.00131246
110.5 0.0404117 0.0956409 -0.15474 0.767469 -0.00124235 -0.00130784
110.51 0.0416052 0.0957153 -0.154637 0.767474 -0.00122318 -0.00130379
110.52 0.0428023 0.0957793 -0.154522 0.767472 -0.00120428 -0.00130005
110.53 0.0440021 0.0958256 -0.154404 0.767472 -0.00118339 -0.00129693
110.54 0.0452069 0.0958651 -0.154265 0.76747 -0.00116469 -0.00129387
110.55 0.0464145 0.0958924 -0.154126 0.767473 -0.00114276 -0.00129045
110.56 0.0476272 0.0959197 -0.153965 0.767477 -0.00112387 -0.00128586
110.57 0.0488417 0.0959361 -0.153799 0.767485 -0.00110296 -0.00128105
110.58 0.0500592 0.0959497 -0.153616 0.767488 -0.00108367 -0.00127546
110.59 0.0512795 0.0959493 -0.153427 0.767493 -0.00106281 -0.00127108
110.6 0.0525025 0.09594 -0.153224 0.767491 -0.00104266 -0.0012669
110.61 0.0537275 0.0959204 -0.153013 0.767493 -0.0010217 -0.00126433
110.62 0.0549558 0.0958995 -0.152795 0.767493 -0.000999908 -0.00125991
110.63 0.0561854 0.0958749 -0.152559 0.767498 -0.000979803 -0.00125684
110.64 0.057416 0.0958551 -0.152322 0.767505 -0.000957208 -0.00125031
110.65 0.058648 0.0958319 -0.152063 0.767511 -0.000937609 -0.00124559
110.66 0.0598797 0.0958048 -0.151802 0.767519 -0.000915224 -0.00123928
110.67 0.0611111 0.0957739 -0.151522 0.767519 -0.000895219 -0.00123475
110.68 0.0623425 0.0957301 -0.151241 0.767524 -0.00087273 -0.00123112
110.69 0.0635737 0.0956916 -0.150946 0.767521 -0.000851451 -0.001227
110.7 0.0648047 0.095644 -0.150646 0.767528 -0.000828983 -0.00122356
110.71 0.066035 0.0956093 -0.150333 0.767532 -0.000807139 -0.00121757
110.72 0.0672636 0.0955675 -0.15001 0.767541 -0.000785469 -0.00121214
110.73 0.0684909 0.0955295 -0.14968 0.767548 -0.000762794 -0.00120558
110.74 0.0697166 0.0954799 -0.149331 0.767553 -0.000741936 -0.00120052
110.75 0.0709407 0.095428 -0.148982 0.767557 -0.000718483 -0.00119509
110.76 0.0721643 0.0953664 -0.148614 0.767557 -0.000697357 -0.00119071
110.77 0.0733868 0.095297 -0.148246 0.767559 -0.000673388 -0.0011869
110.78 0.0746084 0.0952284 -0.147861 0.767563 -0.000651588 -0.00118186
110.79 0.0758293 0.095153 -0.147471 0.767569 -0.000628012 -0.00117677
110.8 0.0770484 0.0950803 -0.147067 0.767578 -0.000605948 -0.00116983
110.81 0.0782665 0.0949964 -0.146656 0.767583 -0.000582839 -0.00116322
110.82 0.0794832 0.0949002 -0.146233 0.767589 -0.000560059 -0.00115779
110.83 0.0806992 0.0947923 -0.145799 0.767589 -0.000537223 -0.00115247
110.84 0.0819138 0.0946708 -0.145359 0.76759 -0.000513601 -0.00114829
110.85 0.083128 0.0945411 -0.144905 0.767591 -0.000490856 -0.0011438
110.86 0.0843407 0.0944033 -0.144447 0.767596 -0.000466382 -0.00113887
110.87 0.0855526 0.0942622 -0.143971 0.767603 -0.000444092 -0.00113297
110.88 0.0867621 0.0941155 -0.143492 0.76761 -0.000419755 -0.00112541
110.89 0.0879704 0.0939552 -0.142998 0.767615 -0.000397106 -0.00111956
110.9 0.0891767 0.0937819 -0.1425 0.767619 -0.000372735 -0.00111325
110.91 0.090381 0.0935921 -0.141987 0.767619 -0.000349806 -0.00110959
110.92 0.0915827 0.0933968 -0.14147 0.767622 -0.000325425 -0.00110407
110.93 0.0927823 0.0931903 -0.14094 0.767622 -0.000301903 -0.00110027
110.94 0.0939785 0.0929828 -0.140404 0.767629 -0.000277688 -0.0010944
110.95 0.0951718 0.0927719 -0.139858 0.767635 -0.000253646 -0.00108826
110.96 0.0963612 0.0925562 -0.139302 0.767643 -0.000230065 -0.00108172
110.97 0.0975467 0.092337 -0.13874 0.767649 -0.000205431 -0.00107444
110.98 0.0987279 0.0921032 -0.138164 0.76765 -0.000182399 -0.00106973
110.99 0.0999048 0.091864 -0.137587 0.767654 -0.000157068 -0.00106455
111 0.101077 0.091618 -0.136993 0.767653 -0.000134058 -0.00106107
111.01 0.102244 0.0913732 -0.136401 0.767661 -0.000108589 -0.00105582
111.02 0.103406 0.0911335 -0.135792 0.767663 -8.54937e-05 -0.00105031
111.03 0.104563 0.0908944 -0.135182 0.767675 -6.02482e-05 -0.0010431
111.04 0.105714 0.0906574 -0.134556 0.76768 -3.67964e-05 -0.00103655
111.05 0.10686 0.0904118 -0.133924 0.767687 -1.22719e-05 -0.00103014
111.06 0.108001 0.0901643 -0.133281 0.767688 1.20083e-05 -0.00102541
111.07 0.109136 0.0899095 -0.132627 0.767691 3.57665e-05 -0.00102052
111.08 0.110266 0.0896566 -0.13197 0.767693 6.10163e-05 -0.00101662
111.09 0.111391 0.089406 -0.131297 0.767698 8.41469e-05 -0.0010107
111.1 0.11251 0.0891579 -0.130624 0.767705 0.000109824 -0.00100532
111.11 0.113624 0.0889145 -0.129932 0.767713 0.000132759 -0.0009976
111.12 0.114732 0.0886646 -0.129241 0.76772 0.000158341 -0.00099152
111.13 0.115835 0.0884113 -0.128531 0.767725 0.000181505 -0.000985194
111.14 0.116932 0.0881485 -0.127819 0.767726 0.000206614 -0.000980126
111.15 0.118023 0.0878784 -0.127093 0.767728 0.000230259 -0.000976222
111.16 0.119108 0.0876073 -0.12636 0.76773 0.00025453 -0.000971017
111.17 0.120187 0.0873334 -0.125618 0.767735 0.000278847 -0.000966281
111.18 0.12126 0.0870614 -0.124864 0.767742 0.000302333 -0.000959168
111.19 0.122325 0.086783 -0.124106 0.767748 0.000327243 -0.000952894
111.2 0.123385 0.0864975 -0.123332 0.767755 0.000350361 -0.000946057
111.21 0.124437 0.0862002 -0.122555 0.767756 0.000375241 -0.000940524
111.22 0.125482 0.0858902 -0.121761 0.767758 0.00039814 -0.000935907
111.23 0.126519 0.0855722 -0.120966 0.767759 0.000422795 -0.000931269
111.24 0.127549 0.0852452 -0.120155 0.767761 0.000445821 -0.000927225
111.25 0.128552 0.0849204 -0.11932 0.767765 0.000465616 -0.000922492
111.26 0.129531 0.0846 -0.118483 0.76777 0.000486677 -0.00091737
111.27 0.13051 0.0842804 -0.117665 0.767777 0.000514285 -0.00090947
111.28 0.131489 0.0839566 -0.116828 0.767783 0.000538593 -0.000901297
111.29 0.132458 0.0836099 -0.115984 0.767787 0.000563958 -0.000895951
111.3 0.13342 0.0832532 -0.115125 0.767789 0.0005875 -0.000891497
111.31 0.134372 0.0828805 -0.114254 0.76779 0.000610339 -0.000888745
111.32 0.135312 0.0825113 -0.113376 0.767792 0.000633538 -0.00088406
111.33 0.136242 0.0821402 -0.112487 0.767794 0.00065575 -0.000878516
111.34 0.137161 0.0817677 -0.111594 0.767803 0.000679398 -0.00087243
111.35 0.138069 0.0813923 -0.11069 0.767808 0.000701323 -0.000866245
111.36 0.138965 0.0810099 -0.109783 0.767816 0.0007252 -0.000860563
111.37 0.139851 0.0806258 -0.108865 0.767818 0.000747102 -0.000855068
111.38 0.140724 0.0802324 -0.107942 0.767821 0.000770582 -0.000850469
111.39 0.141585 0.0798422 -0.107009 0.767822 0.000792396 -0.000845791
111.4 0.142434 0.0794439 -0.106072 0.767825 0.000815629 -0.000841856
111.41 0.14327 0.079055 -0.105123 0.767831 0.000837178 -0.000837202
111.42 0.144093 0.0786671 -0.104174 0.767837 0.000860371 -0.000831247
111.43 0.144903 0.0782865 -0.103213 0.767845 0.000882075 -0.000825264
111.44 0.1457 0.0779052 -0.102249 0.767851 0.000904726 -0.000818355
111.45 0.146485 0.0775213 -0.101277 0.767854 0.000926905 -0.000813322
111.46 0.147256 0.0771318 -0.100298 0.767857 0.000948595 -0.000808974
111.47 0.148014 0.0767444 -0.0993127 0.767857 0.00097067 -0.000804988
111.48 0.148759 0.0763576 -0.0983195 0.767862 0.00099191 -0.000800987
111.49 0.149491 0.0759795 -0.0973218 0.767866 0.00101385 -0.000795389
111.5 0.150209 0.0756034 -0.0963157 0.767873 0.00103498 -0.000789706
111.51 0.150916 0.0752315 -0.0953068 0.76788 0.00105702 -0.000782793
111.52 0.151609 0.0748553 -0.0942853 0.767884 0.00107749 -0.000776954
111.53 0.152291 0.0744725 -0.093265 0.767888 0.00109972 -0.000771909
111.54 0.152961 0.0740856 -0.0922278 0.767886 0.00111935 -0.000767582
111.55 0.153619 0.0736926 -0.0911924 0.76789 0.00114097 -0.000763899
111.56 0.154274 0.073329 -0.0901358 0.767893 0.0011585 -0.000754108
111.57 0.154926 0.0729597 -0.0890873 0.7679 0.00117904 -0.000745065
111.58 0.15557 0.0725585 -0.0880386 0.767906 0.00120172 -0.000742802
111.59 0.156205 0.0721355 -0.0869721 0.76791 0.00122158 -0.000743738
111.6 0.156825 0.0717308 -0.0859046 0.767912 0.00124301 -0.000739223
111.61 0.157433 0.0713361 -0.0848221 0.767911 0.00126245 -0.000730742
111.62 0.158026 0.0709358 -0.0837357 0.767912 0.00128257 -0.000722133
111.63 0.158605 0.0705139 -0.0826366 0.767916 0.00130121 -0.000717283
111.64 0.159169 0.0700758 -0.0815351 0.76792 0.00132053 -0.000714234
111.65 0.15972 0.0696377 -0.0804247 0.767929 0.0013393 -0.000710427
111.66 0.160256 0.069203 -0.079311 0.767931 0.00135844 -0.000703127
111.67 0.160778 0.0687721 -0.0781912 0.767938 0.00137782 -0.000694516
111.68 0.161286 0.0683186 -0.0770642 0.767935 0.0013963 -0.000688231
111.69 0.16178 0.0678547 -0.0759298 0.767938 0.00141489 -0.00068423
111.7 0.162257 0.0673733 -0.0747896 0.767938 0.0014327 -0.000681961
111.71 0.16272 0.0669004 -0.0736431 0.767944 0.00145084 -0.000677768
111.72 0.163166 0.0664335 -0.072492 0.76795 0.00146876 -0.000670728
111.73 0.163596 0.0659719 -0.071336 0.767957 0.00148697 -0.000662035
111.74 0.164012 0.0655007 -0.0701754 0.767963 0.00150505 -0.000654935
111.75 0.164411 0.0650186 -0.069006 0.767965 0.00152223 -0.000649179
111.76 0.164795 0.0645279 -0.067836 0.767967 0.0015401 -0.000645942
111.77 0.165162 0.0640352 -0.0666541 0.767967 0.00155629 -0.000641809
111.78 0.165512 0.0635525 -0.0654735 0.767971 0.00157373 -0.000636906
111.79 0.165845 0.0630722 -0.0642851 0.767977 0.00159022 -0.000630367
111.8 0.166162 0.0626031 -0.0630925 0.767985 0.00160685 -0.000623016
111.81 0.166461 0.0621289 -0.0618995 0.767991 0.00162402 -0.000615898
111.82 0.166746 0.0616571 -0.0606959 0.767997 0.00163972 -0.000609706
111.83 0.167013 0.0611791 -0.059495 0.767998 0.00165676 -0.000604281
111.84 0.167264 0.0607031 -0.0582815 0.768001 0.00167165 -0.000599677
111.85 0.167498 0.0602274 -0.0570711 0.768 0.00168807 -0.00059494
111.86 0.167715 0.0597585 -0.0558487 0.768007 0.00170254 -0.00058974
111.87 0.167914 0.0592972 -0.0546298 0.76801 0.0017186 -0.000583216
111.88 0.168098 0.0588414 -0.0534025 0.76802 0.00173344 -0.000575914
111.89 0.168265 0.0583888 -0.0521737 0.768024 0.00174885 -0.000568266
111.9 0.168416 0.0579298 -0.0509418 0.768028 0.00176393 -0.000561905
111.91 0.168551 0.057468 -0.0497017 0.768029 0.0017782 -0.000556511
111.92 0.168669 0.0570017 -0.048462 0.768029 0.0017929 -0.00055157
111.93 0.16877 0.0565348 -0.0472121 0.768031 0.00180641 -0.00054731
111.94 0.168855 0.0560733 -0.0459627 0.768034 0.00182054 -0.0005409
111.95 0.168922 0.0556135 -0.0447061 0.768041 0.00183406 -0.000534477
111.96 0.168974 0.0551569 -0.043449 0.768046 0.00184812 -0.000526092
111.97 0.169009 0.0546923 -0.042185 0.768051 0.00186133 -0.000519176
111.98 0.169029 0.0542216 -0.0409203 0.768053 0.00187519 -0.000512429
111.99 0.169033 0.0537385 -0.0396469 0.768052 0.00188747 -0.000507333
112 0.16902 0.0532516 -0.0383722 0.768054 0.00190068 -0.00050241
112.01 0.168991 0.0527604 -0.0370903 0.768054 0.00191233 -0.000496769
112.02 0.168945 0.0522689 -0.0358062 0.76806 0.00192508 -0.000491015
112.03 0.168882 0.0517796 -0.0345181 0.768065 0.00193665 -0.000482468
112.04 0.168805 0.0512822 -0.0332279 0.768071 0.00194915 -0.000475823
112.05 0.16871 0.0507819 -0.0319354 0.768075 0.00196074 -0.000467015
112.06 0.168601 0.0502667 -0.0306382 0.768076 0.00197236 -0.000461725
112.07 0.168476 0.0497452 -0.0293405 0.768076 0.00198368 -0.000455247
112.08 0.168334 0.0492155 -0.0280347 0.768076 0.00199404 -0.000450799
112.09 0.168175 0.0486863 -0.0267311 0.76808 0.00200506 -0.000444405
112.1 0.168001 0.0481586 -0.0254198 0.768085 0.00201489 -0.00043764
112.11 0.16781 0.0476325 -0.0241116 0.768092 0.00202583 -0.000429301
112.12 0.167605 0.0471049 -0.0227987 0.768098 0.00203566 -0.000420902
112.13 0.167383 0.0465694 -0.0214861 0.768101 0.0020461 -0.00041366
112.14 0.167146 0.0460289 -0.0201702 0.768102 0.00205543 -0.000406889
112.15 0.166893 0.0454813 -0.0188525 0.768104 0.00206496 -0.00040202
112.16 0.166623 0.0449373 -0.0175325 0.768104 0.00207364 -0.000395526
112.17 0.166338 0.0443971 -0.0162101 0.768111 0.00208246 -0.000389461
112.18 0.166036 0.0438633 -0.0148878 0.768114 0.00209096 -0.00038093
112.19 0.165718 0.0433349 -0.0135638 0.768124 0.00209966 -0.000372925
112.2 0.165385 0.0428056 -0.0122397 0.768126 0.00210789 -0.000363912
112.21 0.165037 0.0422738 -0.010915 0.768132 0.00211622 -0.000357333
112.22 0.164674 0.0417402 -0.00958808 0.76813 0.00212381 -0.000350036
112.23 0.164296 0.0412055 -0.00826044 0.768133 0.00213116 -0.000344914
112.24 0.163901 0.0406771 -0.00693142 0.768134 0.00213837 -0.000337746
112.25 0.16349 0.0401528 -0.00560015 0.768139 0.00214478 -0.000331171
112.26 0.163064 0.0396392 -0.00427191 0.768146 0.0021523 -0.000322167
112.27 0.162624 0.0391259 -0.00293964 0.768151 0.00215834 -0.000313604
112.28 0.162168 0.038615 -0.00161097 0.768157 0.00216567 -0.000304924
112.29 0.161698 0.0380967 -0.000278374 0.768157 0.00217136 -0.000297599
112.3 0.161213 0.0375759 0.00105355 0.768158 0.00217771 -0.000291467
112.31 0.160712 0.0370557 0.00238822 0.768157 0.00218291 -0.000284568
112.32 0.160197 0.0365342 0.00372367 0.768161 0.00218833 -0.000278595
112.33 0.159665 0.0360241 0.00505918 0.768165 0.00219362 -0.000269236
112.34 0.159119 0.0355064 0.00639633 0.768172 0.00219851 -0.000261755
112.35 0.158559 0.034998 0.00773058 0.768176 0.00220418 -0.0002513
112.36 0.157984 0.0344713 0.00906921 0.76818 0.00220845 -0.000244273
112.37 0.157395 0.0339479 0.0104045 0.768179 0.00221373 -0.000235915
112.38 0.156792 0.0334074 0.0117451 0.76818 0.00221733 -0.000230009
112.39 0.156181 0.0328925 0.0130904 0.76818 0.00221989 -0.000219007
112.4 0.155564 0.0323712 0.0144291 0.768185 0.00222315 -0.000207895
112.41 0.154935 0.0318209 0.0157638 0.76819 0.00222853 -0.000204099
112.42 0.154295 0.0312637 0.0171039 0.768195 0.00223215 -0.000199109
112.43 0.153639 0.0307124 0.0184431 0.768198 0.00223635 -0.000193022
112.44 0.152967 0.0301823 0.0197837 0.768199 0.00223983 -0.000179176
112.45 0.15228 0.0296308 0.0211303 0.7682 0.00224209 -0.000170751
112.46 0.151577 0.0290754 0.0224721 0.768201 0.00224517 -0.000160835
112.47 0.15086 0.0284915 0.0238218 0.768205 0.00224634 -0.00015781
112.48 0.150127 0.0279244 0.0251631 0.768211 0.00224924 -0.0001493
112.49 0.149381 0.0273551 0.0265077 0.768216 0.00225103 -0.000140791
112.5 0.148621 0.0267982 0.0278503 0.768222 0.00225316 -0.000128869
112.51 0.147848 0.0262271 0.0291889 0.768222 0.00225548 -0.00011905
112.52 0.147062 0.0256459 0.0305324 0.768227 0.00225654 -0.000112049
112.53 0.146263 0.0250591 0.0318689 0.768224 0.00225816 -0.000104768
112.54 0.145451 0.0244691 0.0332077 0.768231 0.00225887 -9.98411e-05
112.55 0.144625 0.0238999 0.0345401 0.768232 0.00225997 -8.8149e-05
112.56 0.143788 0.023322 0.0358718 0.76824 0.00226065 -8.09062e-05
112.57 0.142938 0.0227612 0.0371968 0.768244 0.00226189 -6.76242e-05
112.58 0.142078 0.0221783 0.0385222 0.768249 0.00226214 -6.19594e-05
112.59 0.141205 0.0216088 0.0398405 0.768252 0.00226312 -5.1566e-05
112.6 0.140322 0.0210267 0.0411591 0.768251 0.00226289 -4.61587e-05
112.61 0.139427 0.0204598 0.0424738 0.768254 0.00226298 -3.64707e-05
112.62 0.13852 0.0198913 0.0437842 0.768255 0.00226264 -2.87614e-05
112.63 0.137602 0.0193286 0.0450937 0.768262 0.00226219 -1.96666e-05
112.64 0.136673 0.018773 0.0463954 0.768265 0.00226193 -9.82736e-06
112.65 0.135735 0.0182096 0.047696 0.768273 0.00226142 -2.25554e-06
112.66 0.134785 0.0176618 0.0489893 0.768273 0.00226113 8.93927e-06
112.67 0.133826 0.017094 0.0502836 0.768277 0.00225988 1.45852e-05
112.68 0.132855 0.0165451 0.0515696 0.768274 0.00225942 2.52503e-05
112.69 0.131874 0.0159779 0.05286 0.768278 0.00225718 3.05931e-05
112.7 0.130882 0.0154301 0.0541402 0.768279 0.00225652 4.12264e-05
112.71 0.12988 0.0148697 0.055422 0.768287 0.00225448 4.81896e-05
112.72 0.128867 0.0143206 0.0566979 0.768289 0.00225319 5.87726e-05
112.73 0.127844 0.013764 0.0579684 0.768295 0.00225176 6.74301e-05
112.74 0.126813 0.013203 0.0592383 0.768296 0.00224983 7.61635e-05
112.75 0.12577 0.0126395 0.0605015 0.768297 0.00224805 8.48325e-05
112.76 0.124718 0.0120636 0.0617646 0.768298 0.00224574 9.12055e-05
112.77 0.123655 0.0114956 0.0630227 0.768298 0.00224344 0.000100862
112.78 0.122582 0.0109158 0.0642804 0.768304 0.00224073 0.00010759
112.79 0.121499 0.0103443 0.0655316 0.768307 0.00223842 0.000118684
112.8 0.120407 0.00975839 0.0667827 0.768315 0.0022355 0.000125758
112.81 0.119306 0.00917502 0.068025 0.768316 0.00223335 0.000136484
112.82 0.118196 0.00857835 0.0692675 0.76832 0.00223031 0.000143377
112.83 0.117076 0.00797892 0.070504 0.76832 0.00222748 0.000152682
112.84 0.115948 0.00737034 0.0717389 0.768321 0.00222403 0.000159111
112.85 0.11481 0.00676258 0.0729694 0.768325 0.00222075 0.000168198
112.86 0.113662 0.00615124 0.0741973 0.768329 0.00221693 0.000176207
112.87 0.112506 0.00553922 0.0754186 0.768337 0.00221382 0.00018538
112.88 0.111343 0.00492474 0.0766365 0.76834 0.00221003 0.000194817
112.89 0.110162 0.00431902 0.0778415 0.768344 0.00220741 0.000207189
112.9 0.108966 0.00370012 0.079046 0.768344 0.00220341 0.000219251
112.91 0.107764 0.00304359 0.0802536 0.768345 0.00219853 0.000220894
112.92 0.106555 0.0023829 0.081454 0.768348 0.00219437 0.000223676
112.93 0.10534 0.00174179 0.0826526 0.768354 0.00218939 0.000228786
112.94 0.104117 0.00113396 0.0838423 0.768361 0.0021854 0.000243762
112.95 0.102891 0.000521891 0.0850272 0.768366 0.00218081 0.00025511
112.96 0.101661 -9.89143e-05 0.0862047 0.768369 0.00217687 0.000266334
112.97 0.100428 -0.000744172 0.0873777 0.76837 0.00217196 0.000269295
112.98 0.0991888 -0.00137968 0.0885434 0.76837 0.00216785 0.000275792
112.99 0.0979449 -0.00200697 0.0897087 0.768371 0.00216193 0.000282144
113 0.0966942 -0.00261534 0.0908651 0.768376 0.00215738 0.000293151
113.01 0.0954396 -0.00322278 0.0920203 0.76838 0.0021513 0.000302947
113.02 0.0941806 -0.00383546 0.0931646 0.768388 0.00214675 0.000311155
113.03 0.0929188 -0.00444904 0.0943042 0.76839 0.00214116 0.000318471
113.04 0.0916528 -0.00506678 0.0954326 0.768395 0.00213628 0.000324042
113.05 0.0903826 -0.00566897 0.0965553 0.768392 0.00213068 0.000333338
113.06 0.0891066 -0.00627771 0.0976714 0.768395 0.00212471 0.000339731
113.07 0.0878259 -0.00687284 0.0987797 0.768394 0.00211898 0.000349966
113.08 0.0865395 -0.00748132 0.0998838 0.768401 0.00211238 0.000355621
113.09 0.0852491 -0.00807957 0.100977 0.768405 0.00210688 0.000364495
113.1 0.0839541 -0.0086883 0.102066 0.768411 0.00210028 0.00037014
113.11 0.0826558 -0.00928602 0.103143 0.768415 0.00209491 0.000379057
113.12 0.0813529 -0.00989243 0.104216 0.768415 0.00208815 0.000386013
113.13 0.0800464 -0.0104973 0.105279 0.768417 0.00208228 0.000393773
113.14 0.0787344 -0.0111096 0.106339 0.768415 0.00207488 0.000400515
113.15 0.0774185 -0.0117252 0.107388 0.76842 0.00206872 0.00040655
113.16 0.0760975 -0.0123378 0.108434 0.768424 0.00206107 0.000414828
113.17 0.0747736 -0.0129595 0.109469 0.768432 0.00205497 0.000420586
113.18 0.0734461 -0.0135757 0.110499 0.768436 0.00204757 0.000429878
113.19 0.0721173 -0.0142101 0.111519 0.768441 0.00204126 0.000434467
113.2 0.0707848 -0.0148382 0.112534 0.768441 0.00203384 0.000442821
113.21 0.069451 -0.0154813 0.11354 0.768443 0.00202691 0.000447478
113.22 0.068113 -0.0161169 0.114542 0.768444 0.00201907 0.000455741
113.23 0.0667733 -0.016764 0.115535 0.76845 0.00201157 0.000461272
113.24 0.0654312 -0.017409 0.116521 0.768455 0.00200406 0.00046876
113.25 0.0640884 -0.0180619 0.1175 0.768463 0.00199623 0.000474565
113.26 0.0627454 -0.0187175 0.118464 0.768468 0.00198976 0.000480552
113.27 0.0614023 -0.0193724 0.119428 0.768472 0.00198117 0.000487392
113.28 0.0600584 -0.0200333 0.120376 0.768473 0.00197477 0.000492547
113.29 0.0587133 -0.0206882 0.121326 0.768474 0.0019654 0.000500326
113.3 0.0573673 -0.0213518 0.12226 0.768478 0.00195837 0.000504705
113.31 0.0560202 -0.0220085 0.123193 0.768483 0.00194926 0.000512108
113.32 0.0546737 -0.02267 0.124111 0.768491 0.00194202 0.000516377
113.33 0.0533269 -0.0233253 0.125025 0.768497 0.00193345 0.000523522
113.34 0.0519809 -0.0239823 0.125925 0.768502 0.00192605 0.000527845
113.35 0.0506351 -0.0246339 0.126819 0.768505 0.00191777 0.000534683
113.36 0.0492896 -0.0252842 0.127703 0.768505 0.00190951 0.000539349
113.37 0.0479431 -0.0259307 0.128577 0.768508 0.00190143 0.000545477
113.38 0.0465963 -0.0265725 0.129448 0.768509 0.00189212 0.000550768
113.39 0.045248 -0.0272124 0.130305 0.768518 0.00188432 0.000556072
113.4 0.0439005 -0.0278468 0.131157 0.768522 0.00187509 0.000561528
113.41 0.0425526 -0.0284807 0.131995 0.76853 0.00186765 0.000566041
113.42 0.0412056 -0.029108 0.132829 0.768532 0.00185847 0.000571487
113.43 0.039858 -0.029734 0.133647 0.768535 0.00185105 0.000575974
113.44 0.03851 -0.0303528 0.134465 0.768536 0.00184107 0.000581847
113.45 0.0371603 -0.0309728 0.135266 0.768537 0.00183347 0.000586184
113.46 0.0358101 -0.0315852 0.136069 0.768542 0.00182309 0.000592191
113.47 0.0344584 -0.0322033 0.136853 0.768547 0.00181527 0.000596009
113.48 0.0331076 -0.0328156 0.137635 0.768556 0.00180607 0.000600982
113.49 0.0317565 -0.0334332 0.138405 0.768559 0.00179747 0.000604639
113.5 0.030406 -0.0340449 0.139165 0.768564 0.00178916 0.000609225
113.51 0.0290553 -0.0346579 0.139919 0.768564 0.00177978 0.000614151
113.52 0.0277047 -0.0352698 0.140663 0.768567 0.00177125 0.00061885
113.53 0.0263522 -0.0358839 0.141403 0.768568 0.00176094 0.000624088
113.54 0.0250012 -0.0365037 0.142125 0.768576 0.00175293 0.000627621
113.55 0.023649 -0.0371225 0.142846 0.768581 0.00174226 0.000632774
113.56 0.0222991 -0.037752 0.143544 0.768591 0.00173498 0.000635022
113.57 0.0209497 -0.0383753 0.144241 0.768594 0.00172473 0.000640369
113.58 0.0196023 -0.0390083 0.14492 0.7686 0.00171681 0.000643105
113.59 0.0182548 -0.0396349 0.145596 0.7686 0.00170674 0.000648832
113.6 0.0169093 -0.0402695 0.146258 0.768604 0.00169775 0.000652718
113.61 0.0155636 -0.0409046 0.146913 0.768608 0.00168777 0.000657396
113.62 0.0142199 -0.0415453 0.147557 0.768615 0.00167831 0.000661284
113.63 0.0128781 -0.042191 0.148189 0.768624 0.0016689 0.000664216
113.64 0.0115393 -0.0428347 0.14881 0.76863 0.00165959 0.000668516
113.65 0.0102035 -0.043484 0.149417 0.768638 0.00165079 0.000670844
113.66 0.00887088 -0.0441242 0.150016 0.768639 0.00164097 0.000676613
113.67 0.00754003 -0.0447716 0.150601 0.768644 0.00163197 0.00067915
113.68 0.0062115 -0.0454103 0.151182 0.768646 0.00162131 0.000685277
113.69 0.00488484 -0.0460554 0.151746 0.768652 0.00161238 0.000687764
113.7 0.00356066 -0.0466965 0.152307 0.76866 0.00160155 0.000692543
113.71 0.00223926 -0.0473386 0.152848 0.768668 0.00159302 0.000694885
113.72 0.00092113 -0.0479782 0.153385 0.768676 0.00158243 0.000698433
113.73 -0.000394187 -0.0486091 0.153901 0.76868 0.00157419 0.000702
113.74 -0.00170703 -0.0492381 0.154415 0.768684 0.00156333 0.000705977
113.75 -0.00301893 -0.0498558 0.154911 0.768685 0.0015541 0.00071082
113.76 -0.0043413 -0.050456 0.155393 0.768687 0.00154422 0.000720016
113.77 -0.00567178 -0.0510559 0.155867 0.768693 0.00153376 0.000729408
113.78 -0.0069991 -0.0517054 0.156337 0.7687 0.00152304 0.000725531
113.79 -0.00832407 -0.0523551 0.156794 0.768711 0.00151304 0.000721004
113.8 -0.00964529 -0.0529764 0.157236 0.768718 0.00150385 0.000721229
113.81 -0.010965 -0.0535546 0.157674 0.768724 0.00149263 0.000730733
113.82 -0.0122806 -0.0541258 0.158092 0.768725 0.00148353 0.000740097
113.83 -0.013593 -0.0547079 0.158509 0.768726 0.00147147 0.000746256
113.84 -0.0149022 -0.0553088 0.158906 0.768728 0.00146235 0.000746839
113.85 -0.0162098 -0.0559054 0.159302 0.768733 0.00145035 0.000747788
113.86 -0.0175158 -0.0564902 0.159682 0.768743 0.00144039 0.000750842
113.87 -0.0188187 -0.0570606 0.160052 0.768752 0.00142966 0.000756319
113.88 -0.0201173 -0.0576324 0.160412 0.76876 0.00141908 0.000761581
113.89 -0.0214115 -0.0582096 0.160756 0.768765 0.00140932 0.000764386
113.9 -0.0227025 -0.0587877 0.161097 0.768766 0.00139785 0.000767864
113.91 -0.0239917 -0.0593648 0.161425 0.768769 0.00138703 0.000770226
113.92 -0.0252794 -0.0599297 0.161748 0.76877 0.00137492 0.000776979
113.93 -0.0265641 -0.0605023 0.16206 0.76878 0.00136349 0.000780647
113.94 -0.0278456 -0.0610747 0.162364 0.768788 0.00135174 0.000786243
113.95 -0.0291212 -0.0616654 0.162652 0.7688 0.0013414 0.000786478
113.96 -0.0303923 -0.0622498 0.162932 0.768807 0.00133002 0.000789832
113.97 -0.0316587 -0.0628367 0.163199 0.768812 0.00131939 0.000791962
113.98 -0.0329219 -0.0634104 0.163461 0.768814 0.0013073 0.000798099
113.99 -0.0341818 -0.0639883 0.163712 0.768816 0.00129538 0.000803524
114 -0.0354389 -0.0645685 0.163958 0.768823 0.0012828 0.000808506
114.01 -0.0366921 -0.0651585 0.164192 0.768831 0.00127064 0.000812359
114.02 -0.0379403 -0.0657574 0.164414 0.768843 0.00125914 0.000813189
114.03 -0.0391835 -0.0663522 0.164625 0.768853 0.00124729 0.000816612
114.04 -0.0404217 -0.0669456 0.164819 0.76886 0.00123628 0.000818416
114.05 -0.0416565 -0.0675264 0.165007 0.768864 0.00122341 0.000824814
114.06 -0.0428878 -0.0681086 0.165176 0.768866 0.00121199 0.000828388
114.07 -0.0441173 -0.0686848 0.165343 0.768869 0.00119805 0.000834983
114.08 -0.045344 -0.0692673 0.165493 0.768877 0.0011858 0.000837438
114.09 -0.0465686 -0.0698449 0.165634 0.768886 0.00117245 0.000842197
114.1 -0.0477884 -0.0704292 0.165759 0.768899 0.00116052 0.000842645
114.11 -0.0490047 -0.0710008 0.16587 0.768906 0.00114836 0.000846417
114.12 -0.0502167 -0.0715675 0.165969 0.768914 0.00113589 0.000848668
114.13 -0.0514265 -0.072118 0.166054 0.768915 0.00112341 0.000854167
114.14 -0.0526342 -0.0726619 0.166132 0.768919 0.0011095 0.000859027
114.15 -0.0538405 -0.0732008 0.166194 0.768922 0.0010965 0.000863825
114.16 -0.0550453 -0.0737347 0.166252 0.76893 0.00108168 0.00086836
114.17 -0.0562467 -0.0742729 0.166287 0.76894 0.00106956 0.000869987
114.18 -0.0574438 -0.0748017 0.166315 0.76895 0.00105576 0.000872872
114.19 -0.0586371 -0.0753285 0.166326 0.76896 0.00104372 0.000873698
114.2 -0.0598272 -0.0758332 0.166327 0.768963 0.00103013 0.000878989
114.21 -0.0610146 -0.076335 0.166317 0.768966 0.00101675 0.000882374
114.22 -0.0622006 -0.0768217 0.166297 0.768969 0.00100233 0.000888861
114.23 -0.0633844 -0.0773131 0.166267 0.768974 0.000988084 0.000892293
114.24 -0.064566 -0.0778002 0.166226 0.768983 0.000973561 0.000896281
114.25 -0.0657441 -0.0782921 0.166171 0.768994 0.00095975 0.000897995
114.26 -0.0669175 -0.0787814 0.166101 0.769005 0.000946492 0.000899434
114.27 -0.0680863 -0.0792631 0.166022 0.769012 0.000932473 0.000902138
114.28 -0.0692517 -0.0797341 0.165929 0.769017 0.000918996 0.000906086
114.29 -0.0704136 -0.0802007 0.165831 0.769021 0.000903727 0.000911284
114.3 -0.0715507 -0.0806698 0.165694 0.769025 0.000894856 0.000916821
114.31 -0.0726665 -0.0811521 0.165569 0.769034 0.000881118 0.000921798
114.32 -0.0737892 -0.0816489 0.16545 0.769044 0.000863808 0.000922759
114.33 -0.0749148 -0.0821519 0.165315 0.769055 0.00084775 0.000922734
114.34 -0.076036 -0.0826458 0.165166 0.769063 0.000832108 0.000924331
114.35 -0.0771544 -0.0831268 0.165003 0.769071 0.00081701 0.000929042
114.36 -0.0782677 -0.0836026 0.164826 0.769075 0.000802444 0.00093472
114.37 -0.0793763 -0.0840801 0.164639 0.769082 0.00078769 0.000940037
114.38 -0.0804814 -0.0845705 0.164444 0.769088 0.000772367 0.000942525
114.39 -0.0815817 -0.0850613 0.164234 0.769099 0.000758144 0.00094475
114.4 -0.0826787 -0.0855583 0.16402 0.769109 0.000742377 0.000945678
114.41 -0.0837706 -0.0860416 0.163787 0.769121 0.00072858 0.00094914
114.42 -0.0848586 -0.0865285 0.163552 0.769127 0.000712682 0.000951696
114.43 -0.0859422 -0.0870032 0.163298 0.769136 0.000698448 0.000956
114.44 -0.0870225 -0.0874822 0.163041 0.769138 0.00068217 0.000959202
114.45 -0.0880997 -0.0879541 0.162771 0.769147 0.0006667 0.000962615
114.46 -0.0891742 -0.0884261 0.162491 0.769153 0.000650896 0.0009659
114.47 -0.0902444 -0.0888949 0.162203 0.769165 0.000634597 0.000968121
114.48 -0.091312 -0.0893612 0.161899 0.769175 0.000619661 0.000970512
114.49 -0.0923738 -0.0898244 0.161586 0.769184 0.000603605 0.00097145
114.5 -0.093433 -0.0902762 0.161261 0.769193 0.000588508 0.000974121
114.51 -0.0944885 -0.090718 0.160926 0.769195 0.000572115 0.000976779
114.52 -0.0955421 -0.0911468 0.160582 0.769203 0.00055608 0.000981176
114.53 -0.0965929 -0.0915725 0.160228 0.769206 0.000538932 0.000984174
114.54 -0.0976417 -0.0919923 0.159858 0.769218 0.000523178 0.000987032
114.55 -0.0986861 -0.0924126 0.159478 0.769226 0.000505913 0.000987794
114.56 -0.099729 -0.0928215 0.15908 0.769238 0.000490461 0.000989388
114.57 -0.100767 -0.093226 0.158673 0.769245 0.00047365 0.000989915
114.58 -0.101803 -0.0936106 0.15825 0.769252 0.000457616 0.000993123
114.59 -0.102836 -0.0939908 0.157818 0.769257 0.000440627 0.000995235
114.6 -0.103868 -0.0943558 0.157375 0.769263 0.000423503 0.000999349
114.61 -0.104897 -0.0947222 0.15692 0.76927 0.000406314 0.00100118
114.62 -0.105924 -0.0950837 0.156454 0.769279 0.000388871 0.00100307
114.63 -0.106946 -0.0954425 0.155972 0.76929 0.000372153 0.00100374
114.64 -0.107966 -0.0957984 0.155481 0.769301 0.000354753 0.00100419
114.65 -0.108981 -0.096142 0.154973 0.769309 0.000338384 0.00100572
114.66 -0.109993 -0.0964833 0.154459 0.769316 0.000320398 0.00100701
114.67 -0.111001 -0.0968101 0.153929 0.769322 0.000303613 0.00101027
114.68 -0.112007 -0.0971416 0.153393 0.769328 0.000285241 0.00101196
114.69 -0.113009 -0.0974656 0.152846 0.769338 0.000267425 0.00101453
114.7 -0.114007 -0.0977986 0.152286 0.769347 0.000249775 0.00101472
114.71 -0.115 -0.0981275 0.151718 0.76936 0.000231713 0.00101531
114.72 -0.11599 -0.0984581 0.151135 0.76937 0.000214218 0.00101502
114.73 -0.116974 -0.0987815 0.150543 0.769379 0.000196339 0.00101595
114.74 -0.117953 -0.0991008 0.149938 0.769386 0.000178453 0.00101722
114.75 -0.118929 -0.0994141 0.149327 0.769391 0.000159884 0.0010197
114.76 -0.119901 -0.0997299 0.148702 0.769401 0.000141538 0.00102098
114.77 -0.120869 -0.100045 0.14807 0.769409 0.000122641 0.00102253
114.78 -0.121832 -0.100366 0.147426 0.769423 0.000104152 0.00102174
114.79 -0.12279 -0.100685 0.14677 0.769432 8.58615e-05 0.00102161
114.8 -0.123743 -0.101001 0.146106 0.769444 6.71016e-05 0.00102072
114.81 -0.124691 -0.10131 0.145428 0.769451 4.88277e-05 0.00102127
114.82 -0.125635 -0.101609 0.144742 0.769458 2.97836e-05 0.00102255
114.83 -0.126575 -0.101906 0.144046 0.769465 1.06173e-05 0.00102357
114.84 -0.12751 -0.102195 0.14334 0.769471 -8.61508e-06 0.00102515
114.85 -0.128442 -0.102492 0.142624 0.769484 -2.8092e-05 0.00102395
114.86 -0.129368 -0.102777 0.141896 0.769492 -4.72751e-05 0.00102414
114.87 -0.13029 -0.103066 0.141157 0.769506 -6.63113e-05 0.00102142
114.88 -0.131206 -0.103336 0.140406 0.769512 -8.55882e-05 0.00102179
114.89 -0.132118 -0.103602 0.139646 0.769521 -0.000104812 0.00102064
114.9 -0.133025 -0.103851 0.138876 0.769525 -0.000124453 0.00102195
114.91 -0.133929 -0.104094 0.138097 0.769533 -0.000144307 0.00102219
114.92 -0.134827 -0.104331 0.137307 0.76954 -0.00016426 0.00102214
114.93 -0.135722 -0.104563 0.136508 0.769551 -0.000184066 0.00102119
114.94 -0.136611 -0.104792 0.135697 0.769561 -0.000204052 0.00101892
114.95 -0.137496 -0.105009 0.134875 0.769572 -0.000223471 0.00101728
114.96 -0.138375 -0.105216 0.134043 0.769579 -0.000243432 0.00101529
114.97 -0.13925 -0.105408 0.133201 0.769587 -0.000263243 0.00101546
114.98 -0.140119 -0.10559 0.13235 0.769592 -0.000283522 0.00101491
114.99 -0.140985 -0.105763 0.131489 0.769599 -0.000303738 0.00101537
115 -0.141846 -0.105935 0.130621 0.769609 -0.000324368 0.00101353
115.01 -0.142702 -0.106103 0.129741 0.769618 -0.0003443 0.00101205
115.02 -0.143552 -0.106269 0.128854 0.769632 -0.000364874 0.00100853
115.03 -0.144397 -0.106423 0.127952 0.769639 -0.000384757 0.00100698
115.04 -0.145236 -0.106572 0.127043 0.76965 -0.000405044 0.00100428
115.05 -0.146072 -0.106706 0.126123 0.769655 -0.00042564 0.00100445
115.06 -0.146902 -0.106839 0.125193 0.769664 -0.000445943 0.00100288
115.07 -0.147728 -0.106965 0.124256 0.769671 -0.000467183 0.00100268
115.08 -0.148548 -0.107096 0.123306 0.769682 -0.000487324 0.000999942
115.09 -0.149364 -0.107226 0.12235 0.769694 -0.000508727 0.000997237
115.1 -0.150173 -0.107352 0.121379 0.769705 -0.000528488 0.000993989
115.11 -0.150978 -0.107475 0.120405 0.769717 -0.000549965 0.000991099
115.12 -0.151776 -0.107588 0.119414 0.769723 -0.000569771 0.000989411
115.13 -0.15257 -0.107699 0.11842 0.769732 -0.000591294 0.000987592
115.14 -0.153358 -0.107802 0.117414 0.769739 -0.000611883 0.000986916
115.15 -0.154141 -0.107909 0.116399 0.769749 -0.00063289 0.000984363
115.16 -0.154919 -0.108014 0.115378 0.76976 -0.000654286 0.000982232
115.17 -0.15569 -0.108121 0.114342 0.769772 -0.000674526 0.000978146
115.18 -0.156436 -0.108227 0.113284 0.769786 -0.000692194 0.000976026
115.19 -0.157162 -0.108335 0.11222 0.769794 -0.000710084 0.000973144
115.2 -0.157891 -0.108441 0.111175 0.769804 -0.000734741 0.000970147
115.21 -0.15862 -0.108541 0.110106 0.769807 -0.000755588 0.000966246
115.22 -0.159344 -0.108627 0.109039 0.769816 -0.000779075 0.000964986
115.23 -0.160064 -0.108705 0.10795 0.769823 -0.000799572 0.000963208
115.24 -0.160777 -0.108778 0.106856 0.769836 -0.000821 0.000962047
115.25 -0.161483 -0.108856 0.105749 0.769848 -0.000841515 0.000957433
115.26 -0.162183 -0.108928 0.104632 0.76986 -0.000861936 0.000952699
115.27 -0.162877 -0.108991 0.103508 0.769869 -0.000883127 0.000947548
115.28 -0.163564 -0.109033 0.102371 0.769876 -0.000902946 0.000945213
115.29 -0.164246 -0.109058 0.101231 0.76988 -0.00092479 0.000944307
115.3 -0.164923 -0.109074 0.100078 0.769888 -0.000944726 0.000943598
115.31 -0.165594 -0.109087 0.0989224 0.769896 -0.000966737 0.000941199
115.32 -0.166258 -0.109104 0.0977524 0.769908 -0.000986774 0.000936055
115.33 -0.166916 -0.109109 0.0965809 0.769922 -0.00100889 0.000931273
115.34 -0.167567 -0.109106 0.0953924 0.769931 -0.00102872 0.00092609
115.35 -0.168219 -0.109098 0.0941977 0.76994 -0.00104885 0.000920746
115.36 -0.168871 -0.10908 0.0929964 0.769943 -0.00106877 0.000915585
115.37 -0.16952 -0.10902 0.0917964 0.769951 -0.0010918 0.000918306
115.38 -0.170164 -0.108958 0.0905817 0.769957 -0.00111305 0.000919775
115.39 -0.170798 -0.108903 0.0893589 0.769972 -0.00113429 0.000917851
115.4 -0.171423 -0.10887 0.0881303 0.769983 -0.00115622 0.000909421
115.41 -0.172038 -0.108828 0.0868873 0.769997 -0.00117629 0.000900991
115.42 -0.172644 -0.108766 0.0856431 0.770006 -0.00119812 0.000896235
115.43 -0.173241 -0.108674 0.0843838 0.770012 -0.00121776 0.000895544
115.44 -0.173829 -0.108574 0.0831259 0.770018 -0.00123951 0.000896706
115.45 -0.174409 -0.108479 0.081855 0.770025 -0.00125951 0.00089456
115.46 -0.17498 -0.108393 0.0805845 0.770036 -0.00128139 0.000890488
115.47 -0.175543 -0.108311 0.0793041 0.770049 -0.00130211 0.000883865
115.48 -0.176098 -0.108219 0.0780171 0.770063 -0.00132313 0.000879522
115.49 -0.176644 -0.108122 0.0767267 0.770075 -0.00134451 0.000874869
115.5 -0.177183 -0.108008 0.0754245 0.770083 -0.00136473 0.000873638
115.51 -0.177713 -0.107898 0.0741223 0.770091 -0.00138632 0.000869982
115.52 -0.178236 -0.107775 0.0728088 0.770096 -0.00140666 0.000868874
115.53 -0.178753 -0.107662 0.0714939 0.770105 -0.00142786 0.000864931
115.54 -0.179261 -0.107539 0.0701704 0.770116 -0.00144838 0.000862593
115.55 -0.179764 -0.107423 0.0688453 0.77013 -0.0014695 0.000858142
115.56 -0.180261 -0.107299 0.0675123 0.770144 -0.00149026 0.000854114
115.57 -0.18075 -0.107175 0.0661746 0.770154 -0.001511 0.000849418
115.58 -0.181234 -0.107038 0.0648336 0.770163 -0.00153227 0.000845569
115.59 -0.181711 -0.106889 0.0634812 0.770168 -0.00155208 0.00084411
115.6 -0.182182 -0.106732 0.0621313 0.770175 -0.00157368 0.000841984
115.61 -0.182648 -0.106568 0.0607669 0.770184 -0.00159297 0.000841324
115.62 -0.183106 -0.10641 0.0594064 0.770195 -0.00161449 0.00083644
115.63 -0.183559 -0.106245 0.0580347 0.770209 -0.0016344 0.00083319
115.64 -0.184005 -0.106077 0.0566621 0.770221 -0.00165541 0.000827021
115.65 -0.184444 -0.105889 0.0552827 0.770232 -0.0016759 0.000824774
115.66 -0.184876 -0.105692 0.0538962 0.770238 -0.00169599 0.000821106
115.67 -0.1853 -0.105474 0.0525076 0.770243 -0.00171664 0.000820955
115.68 -0.185716 -0.105254 0.0511075 0.770251 -0.00173592 0.00081839
115.69 -0.186125 -0.105023 0.0497109 0.770259 -0.00175695 0.000816945
115.7 -0.186525 -0.104793 0.0482993 0.770273 -0.00177579 0.000812765
115.71 -0.186917 -0.104553 0.046895 0.770284 -0.00179735 0.000808909
115.72 -0.187301 -0.104303 0.0454754 0.770299 -0.00181635 0.000805016
115.73 -0.187676 -0.104039 0.0440597 0.770305 -0.00183745 0.000801949
115.74 -0.18804 -0.103757 0.0426331 0.770313 -0.00185675 0.000800427
115.75 -0.188395 -0.103468 0.0412046 0.770318 -0.00187681 0.000798767
115.76 -0.18874 -0.103165 0.0397704 0.770326 -0.00189626 0.000798195
115.77 -0.189075 -0.102866 0.0383321 0.770337 -0.00191587 0.000795296
115.78 -0.1894 -0.102557 0.0368922 0.77035 -0.00193582 0.0007928
115.79 -0.189715 -0.102251 0.0354454 0.770365 -0.00195519 0.000788249
115.8 -0.190021 -0.101929 0.0340011 0.770376 -0.00197583 0.000785632
115.81 -0.190317 -0.101601 0.0325456 0.770385 -0.00199463 0.000782947
115.82 -0.190602 -0.101258 0.0310936 0.770391 -0.00201506 0.00078231
115.83 -0.190877 -0.100911 0.0296306 0.770398 -0.00203336 0.000781513
115.84 -0.191142 -0.100562 0.0281703 0.770408 -0.00205334 0.000780147
115.85 -0.191396 -0.100216 0.0267022 0.77042 -0.00207173 0.000777998
115.86 -0.191642 -0.0998698 0.025237 0.770434 -0.00209179 0.000774669
115.87 -0.191878 -0.0995208 0.0237643 0.770448 -0.00211036 0.000771683
115.88 -0.192105 -0.0991652 0.0222948 0.770458 -0.00213047 0.000769171
115.89 -0.192323 -0.0988032 0.0208169 0.770468 -0.00214889 0.000767621
115.9 -0.192531 -0.0984343 0.0193393 0.770473 -0.00216814 0.000766847
115.91 -0.192729 -0.0980632 0.0178557 0.770482 -0.0021863 0.000766234
115.92 -0.192919 -0.0976939 0.0163705 0.770491 -0.00220473 0.000764941
115.93 -0.1931 -0.0973264 0.0148835 0.770505 -0.00222324 0.000762602
115.94 -0.193273 -0.0969613 0.0133941 0.770519 -0.00224155 0.000759677
115.95 -0.193438 -0.0965891 0.0119047 0.770532 -0.00226054 0.000756926
115.96 -0.193596 -0.0962139 0.0104103 0.770542 -0.0022784 0.000754816
115.97 -0.193744 -0.0958249 0.00891677 0.770548 -0.00229736 0.000753872
115.98 -0.193884 -0.095436 0.00741325 0.770556 -0.00231388 0.000752958
115.99 -0.194015 -0.095036 0.00591432 0.770563 -0.00233268 0.000752616
116 -0.194138 -0.0946423 0.00440363 0.770574 -0.00234838 0.000750857
116.01 -0.194252 -0.0942418 0.00290068 0.770587 -0.00236738 0.000748533
116.02 -0.194359 -0.0938408 0.00138747 0.770601 -0.0023833 0.000745874
116.03 -0.194458 -0.0934289 -0.000118133 0.770614 -0.00240216 0.000743264
116.04 -0.194548 -0.0930071 -0.00163139 0.770621 -0.00241822 0.000741751
116.05 -0.19463 -0.0925748 -0.0031396 0.770629 -0.00243609 0.000740245
116.06 -0.194702 -0.0921303 -0.00465435 0.770634 -0.00245191 0.000740174
116.07 -0.194764 -0.0916822 -0.00616825 0.770644 -0.00246827 0.00073877
116.08 -0.194818 -0.0912259 -0.00768259 0.770655 -0.00248453 0.000737926
116.09 -0.194862 -0.0907689 -0.00919898 0.770669 -0.0025002 0.000734977
116.1 -0.194898 -0.0903037 -0.0107088 0.770682 -0.00251769 0.000732338
116.11 -0.194924 -0.0898271 -0.0122269 0.770693 -0.00253259 0.000729828
116.12 -0.194942 -0.0893387 -0.0137349 0.770702 -0.00255026 0.0007283
116.13 -0.194948 -0.0888367 -0.0152552 0.770709 -0.00256412 0.00072756
116.14 -0.194944 -0.0883294 -0.0167651 0.770716 -0.00258092 0.000726689
116.15 -0.194928 -0.0878143 -0.0182863 0.770727 -0.00259426 0.000725672
116.16 -0.194902 -0.0872993 -0.0197966 0.770739 -0.00261051 0.000723629
116.17 -0.194866 -0.0867792 -0.0213139 0.770754 -0.00262443 0.000720992
116.18 -0.194821 -0.0862551 -0.0228226 0.770768 -0.0026405 0.000718237
116.19 -0.194765 -0.0857243 -0.0243352 0.770778 -0.00265494 0.00071533
116.2 -0.1947 -0.0851807 -0.0258457 0.770788 -0.00266985 0.000714468
116.21 -0.194623 -0.084635 -0.027357 0.770793 -0.00268396 0.000712787
116.22 -0.194536 -0.0840819 -0.0288702 0.770804 -0.0026974 0.000712447
116.23 -0.194439 -0.0835356 -0.0303788 0.770813 -0.00271144 0.000709687
116.24 -0.194332 -0.0829841 -0.0318902 0.77083 -0.00272436 0.000708074
116.25 -0.194225 -0.0824621 -0.0333986 0.77084 -0.00273691 0.000699915
116.26 -0.194117 -0.0819343 -0.0349013 0.770856 -0.00274963 0.000693338
116.27 -0.194004 -0.0813664 -0.0363887 0.770863 -0.00276624 0.000695997
116.28 -0.193882 -0.0807867 -0.0378943 0.770875 -0.00277788 0.000700651
116.29 -0.193747 -0.080225 -0.0393875 0.770883 -0.00279248 0.000701341
116.3 -0.193602 -0.0796957 -0.0408916 0.770893 -0.00280378 0.00069381
116.31 -0.193444 -0.0791654 -0.0423884 0.770906 -0.00281684 0.00068708
116.32 -0.193274 -0.0786256 -0.0438868 0.770916 -0.00282854 0.000681669
116.33 -0.193094 -0.0780599 -0.0453823 0.770931 -0.00284047 0.000682867
116.34 -0.192902 -0.0774981 -0.0468746 0.77094 -0.00285234 0.00068189
116.35 -0.1927 -0.0769404 -0.0483639 0.770951 -0.00286412 0.00068039
116.36 -0.192487 -0.0763978 -0.0498524 0.770958 -0.00287571 0.000674011
116.37 -0.192262 -0.0758472 -0.0513377 0.770969 -0.00288714 0.000669848
116.38 -0.192025 -0.075288 -0.0528247 0.770978 -0.00289806 0.000666384
116.39 -0.191777 -0.0747206 -0.0543079 0.770991 -0.00290883 0.00066493
116.4 -0.191517 -0.0741503 -0.0557888 0.771001 -0.00292007 0.000662656
116.41 -0.191247 -0.0735888 -0.0572691 0.771014 -0.00293041 0.000658029
116.42 -0.190964 -0.0730183 -0.0587441 0.771023 -0.00294187 0.000653851
116.43 -0.19067 -0.0724492 -0.0602218 0.771033 -0.00295162 0.000648657
116.44 -0.190363 -0.0718608 -0.0616941 0.771041 -0.00296252 0.00064643
116.45 -0.190044 -0.0712748 -0.06317 0.771051 -0.00297148 0.000642644
116.46 -0.189712 -0.070677 -0.0646383 0.771062 -0.00298215 0.000640272
116.47 -0.189368 -0.0700868 -0.0661114 0.771073 -0.00299058 0.000634913
116.48 -0.189012 -0.0694864 -0.067573 0.771087 -0.00300156 0.000630599
116.49 -0.188645 -0.0688834 -0.0690416 0.771096 -0.00300981 0.000625413
116.5 -0.188264 -0.0682709 -0.0704988 0.771109 -0.00302035 0.000621172
116.51 -0.187872 -0.0676497 -0.0719625 0.771115 -0.00302847 0.000617457
116.52 -0.187467 -0.0670259 -0.0734193 0.771127 -0.00303757 0.000613172
116.53 -0.187049 -0.0663967 -0.0748754 0.771136 -0.0030458 0.000609052
116.54 -0.186619 -0.0657691 -0.0763261 0.771148 -0.00305393 0.000603276
116.55 -0.186178 -0.0651337 -0.0777702 0.771161 -0.00306248 0.000598771
116.56 -0.185724 -0.0644976 -0.0792108 0.771172 -0.00307011 0.000592935
116.57 -0.18526 -0.0638548 -0.0806415 0.771186 -0.00307905 0.000588503
116.58 -0.184783 -0.0632105 -0.0820746 0.771193 -0.00308568 0.000582864
116.59 -0.184296 -0.0625634 -0.0834942 0.771206 -0.00309443 0.000578107
116.6 -0.183795 -0.0619158 -0.0849198 0.771213 -0.00310011 0.000572238
116.61 -0.183283 -0.0612666 -0.0863307 0.771227 -0.00310811 0.000567237
116.62 -0.18276 -0.0606187 -0.0877442 0.771237 -0.00311372 0.000561158
116.63 -0.182225 -0.0599696 -0.0891443 0.771251 -0.00312117 0.00055574
116.64 -0.18168 -0.0593243 -0.0905429 0.771263 -0.00312698 0.000549201
116.65 -0.181124 -0.0586756 -0.0919307 0.771274 -0.00313403 0.000543374
116.66 -0.180556 -0.0580315 -0.093317 0.771284 -0.00313932 0.000536947
116.67 -0.179976 -0.0573836 -0.0946951 0.771293 -0.0031455 0.000530991
116.68 -0.179385 -0.05674 -0.0960707 0.771304 -0.0031502 0.000525049
116.69 -0.178782 -0.0560971 -0.0974401 0.771314 -0.00315543 0.000518414
116.7 -0.178167 -0.0554578 -0.0988023 0.771328 -0.00316028 0.000512154
116.71 -0.177531 -0.0548472 -0.10015 0.77134 -0.00316647 0.000497525
116.72 -0.176873 -0.0542229 -0.101493 0.771354 -0.00317166 0.000485784
116.73 -0.176201 -0.0535494 -0.102845 0.771363 -0.00317438 0.000485239
116.74 -0.175515 -0.0528575 -0.104182 0.771372 -0.00317894 0.00048947
116.75 -0.174822 -0.0522046 -0.105521 0.771377 -0.0031812 0.000483926
116.76 -0.174118 -0.051585 -0.106845 0.771389 -0.00318566 0.000471337
116.77 -0.173403 -0.0509726 -0.108172 0.771397 -0.00318764 0.00045641
116.78 -0.172678 -0.0503368 -0.109485 0.771414 -0.00319192 0.00044763
116.79 -0.171941 -0.0496739 -0.110797 0.771426 -0.00319424 0.000444037
116.8 -0.171195 -0.049013 -0.112097 0.771439 -0.00319829 0.000440319
116.81 -0.170438 -0.0483621 -0.113396 0.771447 -0.0032004 0.000432582
116.82 -0.16967 -0.0477279 -0.114685 0.771454 -0.00320337 0.00042118
116.83 -0.168889 -0.0470839 -0.115976 0.771462 -0.00320416 0.000410618
116.84 -0.168095 -0.0464286 -0.117258 0.77147 -0.00320599 0.000402683
116.85 -0.167288 -0.0457591 -0.118538 0.771485 -0.00320655 0.000396961
116.86 -0.166469 -0.0450919 -0.119807 0.771497 -0.00320796 0.000390201
116.87 -0.165641 -0.0444312 -0.121068 0.771513 -0.00320968 0.000380792
116.88 -0.164802 -0.0437705 -0.122325 0.771523 -0.00321039 0.000370644
116.89 -0.16395 -0.0431045 -0.123571 0.771531 -0.00321214 0.000360535
116.9 -0.163086 -0.0424249 -0.12482 0.771538 -0.00321125 0.000352946
116.91 -0.162208 -0.0417413 -0.126057 0.771546 -0.00321198 0.000345492
116.92 -0.161316 -0.0410573 -0.127297 0.771558 -0.00320988 0.0003376
116.93 -0.160414 -0.040378 -0.12852 0.771571 -0.00321071 0.000328093
116.94 -0.159499 -0.0396992 -0.129745 0.771586 -0.00320856 0.00031813
116.95 -0.158575 -0.0390163 -0.130951 0.7716 -0.00320988 0.000308494
116.96 -0.157639 -0.0383291 -0.132159 0.771609 -0.0032078 0.000299734
116.97 -0.156692 -0.0376373 -0.133352 0.771618 -0.00320771 0.000291562
116.98 -0.155732 -0.03695 -0.134546 0.771624 -0.00320517 0.000282493
116.99 -0.154759 -0.0362626 -0.135732 0.771634 -0.00320293 0.000273543
117 -0.153774 -0.0355819 -0.136912 0.771646 -0.0032004 0.000263474
117.01 -0.152779 -0.0348989 -0.138084 0.77166 -0.00319756 0.000254268
117.02 -0.151773 -0.0342189 -0.139244 0.771675 -0.00319575 0.000245039
117.03 -0.150758 -0.0335395 -0.140397 0.771686 -0.00319283 0.000235885
117.04 -0.149733 -0.0328634 -0.141537 0.771696 -0.00319094 0.000226744
117.05 -0.148696 -0.032192 -0.142673 0.771702 -0.00318677 0.000217011
117.06 -0.147648 -0.0315213 -0.143797 0.771709 -0.00318374 0.00020782
117.07 -0.146588 -0.0308584 -0.144919 0.77172 -0.00317828 0.000197993
117.08 -0.145516 -0.0301928 -0.146027 0.771731 -0.00317475 0.00018929
117.09 -0.144435 -0.0295388 -0.147129 0.771748 -0.00316943 0.000179289
117.1 -0.143344 -0.0288804 -0.148214 0.771758 -0.00316632 0.00017041
117.11 -0.142244 -0.0282323 -0.149295 0.771772 -0.0031609 0.000160558
117.12 -0.141134 -0.0275814 -0.15036 0.771776 -0.00315739 0.000151002
117.13 -0.140013 -0.026935 -0.151426 0.771784 -0.00315066 0.000142001
117.14 -0.13888 -0.0262912 -0.152475 0.77179 -0.00314574 0.000131801
117.15 -0.137736 -0.0256465 -0.153524 0.771801 -0.00313845 0.00012343
117.16 -0.136582 -0.0250094 -0.154558 0.771814 -0.00313264 0.00011268
117.17 -0.135418 -0.0243654 -0.155583 0.771827 -0.00312646 0.000104594
117.18 -0.134245 -0.0237297 -0.156597 0.771841 -0.00312022 9.38614e-05
117.19 -0.133062 -0.0230842 -0.157598 0.771848 -0.00311464 8.59442e-05
117.2 -0.13187 -0.0224469 -0.158597 0.771856 -0.00310699 7.51726e-05
117.21 -0.130666 -0.0218021 -0.159581 0.771861 -0.00310065 6.65953e-05
117.22 -0.12945 -0.0211595 -0.160567 0.77187 -0.00309138 5.65344e-05
117.23 -0.128223 -0.0205151 -0.161534 0.771881 -0.00308455 4.71583e-05
117.24 -0.126986 -0.0198642 -0.1625 0.771895 -0.00307537 3.83942e-05
117.25 -0.12574 -0.0192175 -0.163446 0.771908 -0.00306873 2.8507e-05
117.26 -0.124484 -0.0185595 -0.164387 0.77192 -0.00306025 2.03334e-05
117.27 -0.12322 -0.0179093 -0.165314 0.771927 -0.00305271 9.94788e-06
117.28 -0.121944 -0.0172468 -0.166236 0.771935 -0.00304359 1.65618e-06
117.29 -0.120657 -0.0165924 -0.167148 0.77194 -0.00303449 -8.94923e-06
117.3 -0.119359 -0.0159267 -0.168055 0.771951 -0.00302444 -1.71947e-05
117.31 -0.118051 -0.0152665 -0.168948 0.771962 -0.00301491 -2.73e-05
117.32 -0.116733 -0.0145988 -0.169834 0.771977 -0.00300512 -3.55054e-05
117.33 -0.115407 -0.0139328 -0.170704 0.77199 -0.00299589 -4.47148e-05
117.34 -0.114074 -0.0132657 -0.171564 0.772 -0.00298639 -5.35256e-05
117.35 -0.11273 -0.0125977 -0.172414 0.772008 -0.00297631 -6.23073e-05
117.36 -0.111378 -0.0119345 -0.173253 0.772013 -0.0029659 -7.20589e-05
117.37 -0.110014 -0.0112685 -0.174088 0.772022 -0.00295416 -8.07301e-05
117.38 -0.108641 -0.0106083 -0.174908 0.77203 -0.00294324 -9.04282e-05
117.39 -0.107259 -0.00994404 -0.175723 0.772044 -0.002931 -9.8363e-05
117.4 -0.10587 -0.00928625 -0.176517 0.772058 -0.00292086 -0.000107378
117.41 -0.104473 -0.00862561 -0.177307 0.772069 -0.00290878 -0.000114684
117.42 -0.103069 -0.00797663 -0.178077 0.772079 -0.00289844 -0.00012428
117.43 -0.101647 -0.00734394 -0.178838 0.772085 -0.00288622 -0.000137269
117.44 -0.100208 -0.00671303 -0.179586 0.772093 -0.00287428 -0.000151127
117.45 -0.098755 -0.00604168 -0.180337 0.772099 -0.00285996 -0.000153955
117.46 -0.097294 -0.00536822 -0.181068 0.772109 -0.0028478 -0.000155368
117.47 -0.0958273 -0.00471879 -0.181792 0.77212 -0.00283433 -0.000161321
117.48 -0.0943571 -0.00410476 -0.182502 0.772132 -0.00282132 -0.000174201
117.49 -0.0928802 -0.00349546 -0.183199 0.772143 -0.00280843 -0.000187396
117.5 -0.0913972 -0.00287463 -0.183885 0.772151 -0.00279492 -0.000196475
117.51 -0.0899049 -0.00223877 -0.184558 0.772158 -0.00278206 -0.000201747
117.52 -0.0884056 -0.00160689 -0.185223 0.772164 -0.00276768 -0.000206255
117.53 -0.0868978 -0.000994096 -0.185876 0.772172 -0.00275349 -0.000215569
117.54 -0.0853836 -0.000390648 -0.186521 0.772182 -0.00273847 -0.000225029
117.55 -0.0838608 0.000210878 -0.18715 0.772193 -0.00272444 -0.000235751
117.56 -0.0823308 0.000823891 -0.187772 0.772205 -0.0027091 -0.000241928
117.57 -0.0807923 0.00143737 -0.188374 0.772214 -0.0026958 -0.000249084
117.58 -0.0792463 0.00205381 -0.188974 0.772222 -0.00267971 -0.00025396
117.59 -0.077692 0.00265495 -0.189554 0.772229 -0.00266571 -0.000263729
117.6 -0.0761295 0.00325876 -0.190133 0.772234 -0.00264866 -0.000271404
117.61 -0.0745573 0.00385828 -0.190695 0.772244 -0.00263355 -0.000281491
117.62 -0.0729769 0.00447002 -0.19125 0.772252 -0.00261647 -0.000287674
117.63 -0.0713879 0.00508392 -0.19179 0.772267 -0.00260126 -0.000294448
117.64 -0.0697927 0.00569974 -0.192319 0.772276 -0.00258477 -0.000300461
117.65 -0.0681902 0.00631335 -0.192835 0.772288 -0.00256895 -0.0003076
117.66 -0.0665814 0.00692303 -0.193339 0.772293 -0.00255256 -0.000315799
117.67 -0.0649642 0.007538 -0.193835 0.772301 -0.00253511 -0.000323091
117.68 -0.0633401 0.00815009 -0.194317 0.772307 -0.00251834 -0.0003313
117.69 -0.061708 0.00877278 -0.194791 0.772316 -0.00250029 -0.000337105
117.7 -0.0600707 0.00938898 -0.195251 0.772328 -0.00248333 -0.000344779
117.71 -0.0584265 0.0100139 -0.195701 0.772339 -0.00246516 -0.000350096
117.72 -0.0567783 0.0106312 -0.196134 0.772351 -0.00244834 -0.000357547
117.73 -0.0551251 0.0112532 -0.196558 0.772359 -0.00242983 -0.00036335
117.74 -0.0534669 0.011869 -0.196967 0.772366 -0.00241254 -0.000370694
117.75 -0.0518037 0.0124855 -0.197369 0.772372 -0.00239296 -0.00037716
117.76 -0.0501364 0.0130971 -0.197754 0.772379 -0.00237524 -0.000384629
117.77 -0.048464 0.01371 -0.198134 0.772389 -0.0023548 -0.000390731
117.78 -0.0467887 0.0143205 -0.198493 0.7724 -0.00233715 -0.000397225
117.79 -0.0451104 0.0149304 -0.198847 0.772411 -0.00231684 -0.000402472
117.8 -0.0434445 0.015541 -0.199164 0.77242 -0.00230196 -0.000408827
117.81 -0.0417893 0.0161515 -0.199483 0.772425 -0.00228309 -0.000415413
117.82 -0.0401226 0.0167621 -0.199804 0.772432 -0.00226131 -0.00042111
117.83 -0.0384464 0.0173673 -0.200107 0.772437 -0.00224057 -0.000426721
117.84 -0.0367665 0.0179667 -0.200404 0.772448 -0.00221813 -0.000432492
117.85 -0.035083 0.0185566 -0.200676 0.772457 -0.00219868 -0.000439261
117.86 -0.0333972 0.0191476 -0.200941 0.772468 -0.00217721 -0.000444523
117.87 -0.0317095 0.0197327 -0.201183 0.772476 -0.00215821 -0.000449965
117.88 -0.0300181 0.0203166 -0.201419 0.772483 -0.0021367 -0.000454572
117.89 -0.0283248 0.0208887 -0.201637 0.772488 -0.00211682 -0.000460853
117.9 -0.026627 0.0214589 -0.20185 0.772493 -0.00209457 -0.000466682
117.91 -0.0249267 0.0220199 -0.202043 0.7725 -0.00207409 -0.000473606
117.92 -0.0232223 0.0225889 -0.202232 0.77251 -0.00205161 -0.000478389
117.93 -0.0215149 0.0231511 -0.202402 0.772519 -0.00203078 -0.00048354
117.94 -0.019804 0.0237207 -0.202562 0.77253 -0.00200886 -0.000487292
117.95 -0.0180909 0.0242783 -0.202708 0.772536 -0.00198696 -0.000492592
117.96 -0.0163733 0.024838 -0.202841 0.772545 -0.00196523 -0.000498076
117.97 -0.0146536 0.0253914 -0.202963 0.772547 -0.00194238 -0.000503975
117.98 -0.0129296 0.0259473 -0.203072 0.772555 -0.00192033 -0.000510219
117.99 -0.0112026 0.0265065 -0.20317 0.772562 -0.0018973 -0.000514925
118 -0.00947176 0.0270699 -0.203254 0.772573 -0.00187499 -0.000519775
118.01 -0.00773821 0.0276352 -0.203328 0.772583 -0.00185182 -0.000523549
118.02 -0.00600139 0.0281976 -0.203385 0.772592 -0.00182963 -0.000529149
118.03 -0.00426139 0.0287664 -0.203436 0.772601 -0.00180574 -0.000532682
118.04 -0.0025186 0.0293255 -0.203467 0.772605 -0.00178368 -0.000539481
118.05 -0.000772832 0.0298945 -0.203495 0.772613 -0.00175925 -0.000543553
118.06 0.00097608 0.0304572 -0.203503 0.772618 -0.00173677 -0.000549941
118.07 0.00272804 0.031028 -0.203509 0.772628 -0.00171219 -0.00055395
118.08 0.00448285 0.031595 -0.203496 0.772638 -0.00168909 -0.000559611
118.09 0.0062398 0.0321697 -0.203475 0.772649 -0.0016649 -0.000562755
118.1 0.00799902 0.0327393 -0.203438 0.772657 -0.00164146 -0.000567459
118.11 0.00975976 0.033309 -0.203392 0.772664 -0.00161723 -0.000571404
118.12 0.0115226 0.0338716 -0.203332 0.772669 -0.001593 -0.000576758
118.13 0.0132865 0.0344295 -0.20326 0.772676 -0.00156883 -0.000582515
118.14 0.0150519 0.0349863 -0.203179 0.772681 -0.00154349 -0.000587918
118.15 0.0168182 0.0355426 -0.203081 0.772692 -0.0015199 -0.000592717
118.16 0.0185849 0.0361021 -0.202976 0.7727 -0.00149454 -0.000595739
118.17 0.0203517 0.0366536 -0.202853 0.772712 -0.00147062 -0.000599887
118.18 0.0221187 0.0371998 -0.202721 0.772718 -0.00144532 -0.000603633
118.19 0.023885 0.0377355 -0.202572 0.772725 -0.00142101 -0.000609181
118.2 0.0256514 0.0382679 -0.202415 0.772729 -0.00139525 -0.000613467
118.21 0.027417 0.0387887 -0.20224 0.772734 -0.00137091 -0.000619947
118.22 0.0291821 0.0393123 -0.20206 0.772742 -0.0013447 -0.000623634
118.23 0.0309462 0.0398262 -0.20186 0.772749 -0.00132029 -0.00062926
118.24 0.0327097 0.040346 -0.201653 0.77276 -0.00129458 -0.000631245
118.25 0.0344714 0.0408529 -0.20143 0.772768 -0.00126961 -0.000636051
118.26 0.0362325 0.0413566 -0.201196 0.772775 -0.00124396 -0.000639185
118.27 0.0379917 0.0418462 -0.200949 0.77278 -0.00121828 -0.000645614
118.28 0.0397496 0.0423348 -0.200688 0.772783 -0.00119257 -0.000650087
118.29 0.0415058 0.0428185 -0.200416 0.77279 -0.00116669 -0.000655942
118.3 0.04326 0.0433027 -0.200129 0.772795 -0.00114133 -0.000659954
118.31 0.0450121 0.0437889 -0.199835 0.772806 -0.00111499 -0.000663903
118.32 0.0467621 0.0442682 -0.199522 0.772814 -0.00108998 -0.000668097
118.33 0.04851 0.0447525 -0.199206 0.772823 -0.00106297 -0.000671555
118.34 0.0502554 0.0452234 -0.198868 0.772829 -0.00103773 -0.000677121
118.35 0.0519978 0.0457029 -0.198523 0.772833 -0.00101126 -0.000681121
118.36 0.0537368 0.04617 -0.198165 0.772839 -0.000985117 -0.000687616
118.37 0.0554726 0.0466485 -0.197793 0.772844 -0.00095918 -0.000691951
118.38 0.0572043 0.0471203 -0.197412 0.772854 -0.00093275 -0.000697951
118.39 0.0589327 0.0476077 -0.197018 0.772862 -0.000906748 -0.000700869
118.4 0.060657 0.0480883 -0.196613 0.772873 -0.000880453 -0.000705649
118.41 0.0623773 0.0485779 -0.196194 0.77288 -0.000854147 -0.000708771
118.42 0.0640928 0.0490579 -0.195764 0.772886 -0.000827754 -0.000714431
118.43 0.0658035 0.0495402 -0.195322 0.772891 -0.000801299 -0.000719845
118.44 0.0675091 0.0500218 -0.194866 0.772897 -0.000774965 -0.00072591
118.45 0.069209 0.0505076 -0.1944 0.772903 -0.000748431 -0.000731298
118.46 0.0709039 0.0510005 -0.19392 0.772913 -0.00072252 -0.000735433
118.47 0.0725925 0.0514928 -0.193432 0.772922 -0.000695736 -0.000739967
118.48 0.0742766 0.0519892 -0.192929 0.772933 -0.000669536 -0.000743426
118.49 0.0759538 0.0524769 -0.192412 0.772938 -0.000643263 -0.000749001
118.5 0.0776257 0.0529683 -0.191887 0.772946 -0.000616398 -0.000753109
118.51 0.0792908 0.0534466 -0.191343 0.772948 -0.000590692 -0.000760242
118.52 0.0809501 0.053932 -0.190792 0.772955 -0.000563775 -0.000764837
118.53 0.0826023 0.0544087 -0.190225 0.772961 -0.000538168 -0.000771413
118.54 0.0842492 0.054893 -0.189652 0.77297 -0.000511625 -0.000775007
118.55 0.0858895 0.0553701 -0.189064 0.77298 -0.000485914 -0.000779955
118.56 0.087525 0.0558472 -0.188469 0.772987 -0.000459352 -0.000783302
118.57 0.0891542 0.0563113 -0.187858 0.772995 -0.00043363 -0.00078888
118.58 0.0907778 0.0567707 -0.187238 0.772997 -0.000407376 -0.000793889
118.59 0.0923947 0.0572169 -0.186606 0.773002 -0.000381275 -0.000800811
118.6 0.0940062 0.0576629 -0.185961 0.773007 -0.000355837 -0.000806486
118.61 0.0956104 0.0581045 -0.185309 0.773014 -0.000329442 -0.000811732
118.62 0.0972094 0.0585447 -0.184642 0.773023 -0.000304341 -0.000816431
118.63 0.098801 0.0589804 -0.183968 0.773031 -0.000278065 -0.000820202
118.64 0.100387 0.0594072 -0.183281 0.773039 -0.000252669 -0.000825594
118.65 0.101965 0.0598271 -0.182582 0.773044 -0.000226801 -0.000830137
118.66 0.103535 0.0602356 -0.181872 0.773047 -0.000201654 -0.000837491
118.67 0.105097 0.0606443 -0.181151 0.773052 -0.000176011 -0.000842265
118.68 0.106651 0.0610428 -0.180419 0.773056 -0.000151264 -0.000850284
118.69 0.108196 0.0614511 -0.179677 0.773065 -0.000125784 -0.000853627
118.7 0.109731 0.0618499 -0.178923 0.773072 -0.000101158 -0.00086044
118.71 0.111258 0.0622567 -0.17816 0.773082 -7.5925e-05 -0.000863108
118.72 0.112775 0.0626524 -0.177386 0.773088 -5.10956e-05 -0.000869711
118.73 0.114264 0.063052 -0.176578 0.773091 -3.08613e-05 -0.000875239
118.74 0.115725 0.0634541 -0.175772 0.773095 -8.62245e-06 -0.000883552
118.75 0.117185 0.0638625 -0.174981 0.773098 1.95962e-05 -0.000888941
118.76 0.118643 0.0642766 -0.17417 0.773108 4.45616e-05 -0.000894461
118.77 0.120089 0.0646918 -0.173353 0.773117 7.06891e-05 -0.000898997
118.78 0.121526 0.0651085 -0.172521 0.773128 9.53028e-05 -0.000904028
118.79 0.122951 0.0655208 -0.171674 0.773136 0.000119031 -0.000909798
118.8 0.124364 0.0659368 -0.170817 0.773139 0.000143145 -0.000914789
118.81 0.125764 0.0663424 -0.169947 0.773144 0.000166229 -0.000922571
118.82 0.127152 0.0667521 -0.169068 0.773144 0.000189928 -0.000929103
118.83 0.128527 0.0671598 -0.168178 0.773153 0.000212475 -0.000937234
118.84 0.129888 0.0675786 -0.167282 0.773159 0.000236338 -0.0009422
118.85 0.131249 0.0680242 -0.166366 0.773174 0.000256066 -0.000943408
118.86 0.132605 0.0684781 -0.165454 0.773182 0.000279541 -0.000941854
118.87 0.133951 0.0688802 -0.164541 0.773191 0.000305095 -0.000953484
118.88 0.135286 0.0692746 -0.163608 0.773192 0.000329177 -0.00096478
118.89 0.136605 0.0696736 -0.162663 0.773191 0.00035242 -0.000975917
118.9 0.137909 0.0701026 -0.161704 0.773195 0.000375116 -0.000978833
118.91 0.139197 0.0705329 -0.160733 0.773199 0.000396592 -0.000981985
118.92 0.140467 0.0709567 -0.159754 0.773213 0.000418739 -0.000985793
118.93 0.141722 0.0713677 -0.158769 0.773222 0.000441146 -0.000991962
118.94 0.142963 0.0717738 -0.157772 0.773235 0.000463294 -0.000998447
118.95 0.14419 0.0721807 -0.156769 0.773236 0.00048616 -0.00100305
118.96 0.145402 0.0725805 -0.155749 0.77324 0.000507774 -0.00100875
118.97 0.146598 0.0729725 -0.154721 0.773235 0.000529674 -0.00101421
118.98 0.147777 0.073346 -0.153681 0.773242 0.000550752 -0.00102397
118.99 0.148942 0.0737275 -0.152633 0.773245 0.000571948 -0.00102995
119 0.150091 0.0741075 -0.151577 0.773261 0.000593373 -0.00103644
119.01 0.151228 0.0745014 -0.150512 0.773268 0.000614712 -0.00103755
119.02 0.15235 0.0748829 -0.14944 0.773279 0.000636574 -0.00104113
119.03 0.15346 0.075253 -0.148354 0.773279 0.000657518 -0.00104516
119.04 0.154554 0.0755968 -0.14726 0.77328 0.000678609 -0.00105437
119.05 0.155635 0.0759406 -0.146156 0.77328 0.000698651 -0.00106246
119.06 0.156699 0.0762773 -0.145044 0.773283 0.000718693 -0.00107112
119.07 0.157751 0.0766351 -0.143927 0.773295 0.00073875 -0.00107509
119.08 0.158789 0.0769901 -0.142802 0.773302 0.00075894 -0.00107799
119.09 0.159816 0.0773483 -0.141674 0.773318 0.000779473 -0.00108085
119.1 0.160829 0.077691 -0.140536 0.773319 0.000799984 -0.00108459
119.11 0.16183 0.0780219 -0.139389 0.773325 0.000819774 -0.00109219
119.12 0.162815 0.0783439 -0.138233 0.773321 0.00083957 -0.00109904
119.13 0.163786 0.0786643 -0.137068 0.773325 0.000858109 -0.00110815
119.14 0.164742 0.0789954 -0.135898 0.77333 0.00087729 -0.00111273
119.15 0.165683 0.0793279 -0.13472 0.77334 0.000895669 -0.0011189
119.16 0.166609 0.079677 -0.133542 0.773353 0.000915211 -0.00111965
119.17 0.167522 0.0800113 -0.132353 0.773361 0.000934007 -0.00112475
119.18 0.168419 0.0803512 -0.131162 0.773368 0.000953362 -0.00112729
119.19 0.169301 0.0806683 -0.129956 0.773367 0.000971693 -0.00113518
119.2 0.170166 0.0809891 -0.128745 0.773369 0.000989472 -0.00114186
119.21 0.171013 0.0813018 -0.127524 0.77337 0.00100712 -0.00115026
119.22 0.171843 0.0816326 -0.126298 0.773378 0.00102382 -0.00115514
119.23 0.172656 0.0819675 -0.125071 0.773389 0.0010425 -0.00115839
119.24 0.173453 0.0823121 -0.123834 0.7734 0.00105892 -0.00116017
119.25 0.174233 0.0826471 -0.122599 0.773408 0.00107849 -0.00116249
119.26 0.174997 0.0829696 -0.121346 0.773412 0.00109428 -0.00116811
119.27 0.175742 0.0832834 -0.120095 0.773412 0.00111267 -0.00117379
119.28 0.176469 0.0835865 -0.118825 0.773411 0.00112764 -0.00118242
119.29 0.177176 0.0839 -0.117556 0.773416 0.00114452 -0.00118719
119.3 0.177866 0.084213 -0.116277 0.773422 0.00115987 -0.00119246
119.31 0.178538 0.0845406 -0.114996 0.773435 0.00117636 -0.00119303
119.32 0.179193 0.0848554 -0.113711 0.773441 0.00119312 -0.00119598
119.33 0.179832 0.0851731 -0.112417 0.773452 0.00120894 -0.00119681
119.34 0.180453 0.0854598 -0.11112 0.773448 0.00122605 -0.00120313
119.35 0.181056 0.0857469 -0.109804 0.773452 0.00123954 -0.00120848
119.36 0.18164 0.0860174 -0.108494 0.773448 0.00125619 -0.00121578
119.37 0.182207 0.0863 -0.107162 0.773455 0.0012686 -0.00122018
119.38 0.182755 0.0865851 -0.105843 0.773462 0.00128538 -0.00122213
119.39 0.183287 0.0868705 -0.104503 0.773472 0.00129835 -0.00122376
119.4 0.183803 0.0871504 -0.103173 0.773482 0.00131515 -0.00122455
119.41 0.184304 0.0874153 -0.101825 0.773484 0.0013287 -0.0012278
119.42 0.184787 0.0876696 -0.100477 0.773488 0.00134387 -0.0012317
119.43 0.185253 0.0879102 -0.0991176 0.773482 0.00135736 -0.00123747
119.44 0.185702 0.0881531 -0.0977497 0.773489 0.00137007 -0.00124213
119.45 0.186133 0.0883919 -0.0963831 0.773489 0.00138417 -0.00124631
119.46 0.186548 0.0886447 -0.0950031 0.773503 0.00139588 -0.00124762
119.47 0.186945 0.0888921 -0.0936335 0.77351 0.0014113 -0.00124818
119.48 0.187329 0.0891418 -0.0922452 0.77352 0.00142296 -0.00124859
119.49 0.187695 0.0893739 -0.090866 0.773522 0.00143837 -0.00125068
119.5 0.188047 0.0896009 -0.0894646 0.773523 0.00144899 -0.00125444
119.51 0.188379 0.0898114 -0.0880704 0.773522 0.00146292 -0.00126011
119.52 0.188694 0.0900361 -0.0866573 0.773525 0.00147257 -0.00126345
119.53 0.188991 0.0902564 -0.0852536 0.773532 0.0014857 -0.00126666
119.54 0.189272 0.0904976 -0.0838392 0.773543 0.00149645 -0.00126579
119.55 0.189537 0.0907319 -0.0824292 0.773553 0.00150906 -0.00126559
119.56 0.189786 0.0909644 -0.0810143 0.773559 0.00152118 -0.00126557
119.57 0.19002 0.091185 -0.079593 0.773562 0.0015322 -0.00126763
119.58 0.190235 0.0913953 -0.0781699 0.77356 0.00154396 -0.00127135
119.59 0.190434 0.0916069 -0.0767357 0.773563 0.00155304 -0.00127493
119.6 0.190613 0.0918183 -0.0753051 0.773564 0.00156433 -0.00127783
119.61 0.190776 0.0920458 -0.0738644 0.773575 0.00157278 -0.00127771
119.62 0.190922 0.0922688 -0.0724336 0.773583 0.00158501 -0.0012775
119.63 0.191052 0.0925024 -0.0709886 0.773593 0.00159343 -0.00127505
119.64 0.191166 0.0927154 -0.0695551 0.773597 0.00160598 -0.0012758
119.65 0.191264 0.0929268 -0.0681015 0.773598 0.00161362 -0.0012764
119.66 0.191353 0.0931407 -0.0666514 0.7736 0.00162266 -0.00127637
119.67 0.191433 0.0933561 -0.0651926 0.773598 0.00162951 -0.0012753
119.68 0.191496 0.0935445 -0.063747 0.773607 0.00164066 -0.00128072
119.69 0.191546 0.0937349 -0.062284 0.77361 0.00164828 -0.00128343
119.7 0.191577 0.0939377 -0.0608285 0.773622 0.00165815 -0.00128371
119.71 0.191594 0.0941567 -0.0593652 0.773625 0.00166708 -0.00127725
119.72 0.191593 0.09436 -0.0578954 0.773629 0.00167466 -0.00127459
119.73 0.191575 0.0945404 -0.0564291 0.77363 0.00168399 -0.00127401
119.74 0.19154 0.0946999 -0.0549436 0.773629 0.00168866 -0.00127818
119.75 0.191487 0.0948572 -0.0534739 0.773634 0.00169795 -0.00128035
119.76 0.191419 0.0950253 -0.0519839 0.773636 0.00170228 -0.00127943
119.77 0.191334 0.0951994 -0.0505121 0.773647 0.00171178 -0.00127545
119.78 0.191235 0.0953676 -0.0490236 0.77365 0.00171713 -0.00127108
119.79 0.191121 0.0955167 -0.0475464 0.773659 0.00172595 -0.00127007
119.8 0.190992 0.0956554 -0.0460551 0.773658 0.00173131 -0.00126867
119.81 0.190848 0.0957746 -0.0445692 0.773661 0.00173858 -0.00127157
119.82 0.190689 0.0959048 -0.0430742 0.773659 0.00174376 -0.00126875
119.83 0.190513 0.0960225 -0.0415802 0.773665 0.00174949 -0.00126974
119.84 0.190322 0.0961521 -0.0400882 0.773669 0.00175577 -0.00126448
119.85 0.190117 0.0962679 -0.0385895 0.773679 0.00176056 -0.00126391
119.86 0.189896 0.0963861 -0.0371015 0.773684 0.00176792 -0.00125889
119.87 0.189663 0.0964889 -0.0356012 0.77369 0.00177233 -0.00125883
119.88 0.189414 0.0965914 -0.0341099 0.773691 0.00177902 -0.00125523
119.89 0.18915 0.0966824 -0.0326081 0.773692 0.00178299 -0.00125551
119.9 0.18887 0.0967732 -0.0311114 0.773695 0.00178846 -0.00125334
119.91 0.188573 0.0968662 -0.0296083 0.773697 0.00179196 -0.00125146
119.92 0.188261 0.0969545 -0.0281124 0.773708 0.00179739 -0.00124944
119.93 0.187935 0.0970555 -0.0266132 0.773712 0.00180148 -0.00124413
119.94 0.187593 0.0971421 -0.025119 0.773723 0.00180687 -0.00124193
119.95 0.187237 0.0972356 -0.0236227 0.773722 0.0018112 -0.00123648
119.96 0.186866 0.0973071 -0.0221257 0.773727 0.00181546 -0.00123694
119.97 0.186478 0.0973887 -0.0206283 0.773725 0.00181902 -0.0012328
119.98 0.186074 0.0974546 -0.0191302 0.77373 0.00182244 -0.00123389
119.99 0.185654 0.0975425 -0.0176338 0.773734 0.00182576 -0.00122768
120 0.185219 0.0976176 -0.0161394 0.773741 0.00182937 -0.00122586
