0.01 1
0.02 -0.00709818
0.03 -0.0106473
0.04 -0.0141964
0.05 -0.0177456
0.06 -0.0212945
0.07 -0.0248438
0.08 -0.0283927
0.09 -0.031942
0.1 -0.0354909
0.11 -0.0390403
0.12 -0.042589
0.13 -0.0461385
0.14 -0.0496872
0.15 -0.0523602
0.16 -0.0523598
0.17 -0.0523603
0.18 -0.0523597
0.19 -0.0523603
0.2 -0.0523597
0.21 -0.0523603
0.22 -0.0523597
0.23 -0.0523604
0.24 -0.0523596
0.25 -0.0523604
0.26 -0.0523596
0.27 -0.0523604
0.28 -0.0523596
0.29 -0.0523604
0.3 -0.0523595
0.31 -0.0523605
0.32 -0.0523595
0.33 -0.0523605
0.34 -0.0523595
0.35 -0.0523605
0.36 -0.0523594
0.37 -0.0523606
0.38 -0.0523594
0.39 -0.0523606
0.4 -0.0523594
0.41 -0.0523606
0.42 -0.0523593
0.43 -0.0523607
0.44 -0.0523593
0.45 -0.0523607
0.46 -0.0523593
0.47 -0.0523607
0.48 -0.0523592
0.49 -0.0523608
0.5 -0.0523592
0.51 -0.0523608
0.52 -0.0523592
0.53 -0.0523608
0.54 -0.0523591
0.55 -0.0523609
0.56 -0.0523591
0.57 -0.0523609
0.58 -0.0523591
0.59 -0.0523609
0.6 -0.0523591
0.61 -0.052361
0.62 -0.052359
0.63 -0.052361
0.64 -0.052359
0.65 -0.052361
0.66 -0.052359
0.67 -0.0523611
0.68 -0.0523589
0.69 -0.0523611
0.7 -0.0523589
0.71 -0.0523611
0.72 -0.0523589
0.73 -0.0523612
0.74 -0.0523588
0.75 -0.0523612
0.76 -0.0523588
0.77 -0.0523612
0.78 -0.0523588
0.79 -0.0523612
0.8 -0.0523587
0.81 -0.0523613
0.82 -0.0523587
0.83 -0.0523613
0.84 -0.0523587
0.85 -0.0523613
0.86 -0.0523586
0.87 -0.0523614
0.88 -0.0523586
0.89 -0.0523614
0.9 -0.0523586
0.91 -0.0523614
0.92 -0.0523585
0.93 -0.0523615
0.94 -0.0523585
0.95 -0.0523615
0.96 -0.0523585
0.97 -0.0523615
0.98 -0.0523584
0.99 -0.0523616
1 -0.0523584
1.01 -0.0523616
1.02 -0.0523584
1.03 -0.0523616
1.04 -0.0523583
1.05 -0.0523617
1.06 -0.0523583
1.07 -0.0523617
1.08 -0.0523583
1.09 -0.0523617
1.1 -0.0523583
1.11 -0.0523618
1.12 -0.0523582
1.13 -0.0523618
1.14 -0.0523582
1.15 -0.0523618
1.16 -0.0523582
1.17 -0.0523619
1.18 -0.0523581
1.19 -0.0523619
1.2 -0.0523581
1.21 -0.0523619
1.22 -0.0523581
1.23 -0.052362
1.24 -0.052358
1.25 -0.052362
1.26 -0.052358
1.27 -0.052362
1.28 -0.052358
1.29 -0.0523621
1.3 -0.0523579
1.31 -0.0523621
1.32 -0.0523579
1.33 -0.0523621
1.34 -0.0523579
1.35 -0.0523621
1.36 -0.0523578
1.37 -0.0523622
1.38 -0.0523578
1.39 -0.0523622
1.4 -0.0523578
1.41 -0.0523622
1.42 -0.0523577
1.43 -0.0523623
1.44 -0.0523577
1.45 -0.0523623
1.46 -0.0523577
1.47 -0.0523623
1.48 -0.0523576
1.49 -0.0523624
1.5 -0.0523576
1.51 -0.0523624
1.52 -0.0523576
1.53 -0.0523624
1.54 -0.0523575
1.55 -0.0523625
1.56 -0.0523575
1.57 -0.0523625
1.58 -0.0523575
1.59 -0.0523625
1.6 -0.0523574
1.61 -0.0523626
1.62 -0.0523574
1.63 -0.0523626
1.64 -0.0523574
1.65 -0.0523626
1.66 -0.0523574
1.67 -0.0523627
1.68 -0.0523573
1.69 -0.0523627
1.7 -0.0523573
1.71 -0.0523627
1.72 -0.0523573
1.73 -0.0523628
1.74 -0.0523572
1.75 -0.0523628
1.76 -0.0523572
1.77 -0.0523628
1.78 -0.0523572
1.79 -0.0523629
1.8 -0.0523571
1.81 -0.0523629
1.82 -0.0523571
1.83 -0.0523629
1.84 -0.0523571
1.85 -0.0523629
1.86 -0.052357
1.87 -0.052363
1.88 -0.052357
1.89 -0.052363
1.9 -0.052357
1.91 -0.052363
1.92 -0.0523569
1.93 -0.0523631
1.94 -0.0523569
1.95 -0.0523631
1.96 -0.0523569
1.97 -0.0523631
1.98 -0.0523568
1.99 -0.0523632
2 -0.0523568
2.01 -0.0523632
2.02 -0.0523568
2.03 -0.0523632
2.04 -0.0523567
2.05 -0.0523633
2.06 -0.0523567
2.07 -0.0523633
2.08 -0.0523567
2.09 -0.0523633
2.1 -0.0523566
2.11 -0.0523634
2.12 -0.0523566
2.13 -0.0523634
2.14 -0.0523566
2.15 -0.0523634
2.16 -0.0523566
2.17 -0.0523635
2.18 -0.0523565
2.19 -0.0523635
2.2 -0.0523565
2.21 -0.0523635
2.22 -0.0523565
2.23 -0.0523636
2.24 -0.0523564
2.25 -0.0523636
2.26 -0.0523564
2.27 -0.0523636
2.28 -0.0523564
2.29 -0.0523637
2.3 -0.0523563
2.31 -0.0523637
2.32 -0.0523563
2.33 -0.0523637
2.34 -0.0523563
2.35 -0.0523638
2.36 -0.0523562
2.37 -0.0523638
2.38 -0.0523562
2.39 -0.0523638
2.4 -0.0523562
2.41 -0.0523638
2.42 -0.0523561
2.43 -0.0523639
2.44 -0.0523561
2.45 -0.0523639
2.46 -0.0523561
2.47 -0.0523639
2.48 -0.052356
2.49 -0.052364
2.5 -0.052356
2.51 -0.052364
2.52 -0.052356
2.53 -0.052364
2.54 -0.0523559
2.55 -0.0523641
2.56 -0.0523559
2.57 -0.0523641
2.58 -0.0523559
2.59 -0.0523641
2.6 -0.0523558
2.61 -0.0523642
2.62 -0.0523558
2.63 -0.0523642
2.64 -0.0523558
2.65 -0.0523642
2.66 -0.0523557
2.67 -0.0523643
2.68 -0.0523557
2.69 -0.0523643
2.7 -0.0523557
2.71 -0.0523643
2.72 -0.0523557
2.73 -0.0523644
2.74 -0.0523556
2.75 -0.0523644
2.76 -0.0523556
2.77 -0.0523644
2.78 -0.0523556
2.79 -0.0523645
2.8 -0.0523555
2.81 -0.0523645
2.82 -0.0523555
2.83 -0.0523645
2.84 -0.0523555
2.85 -0.0523646
2.86 -0.0523554
2.87 -0.0523646
2.88 -0.0523554
2.89 -0.0523646
2.9 -0.0523554
2.91 -0.0523646
2.92 -0.0523553
2.93 -0.0523647
2.94 -0.0523553
2.95 -0.0523647
2.96 -0.0523553
2.97 -0.0523647
2.98 -0.0523552
2.99 -0.0523648
3 -0.0523552
3.01 -0.0523648
3.02 -0.0523552
3.03 -0.0523648
3.04 -0.0523551
3.05 -0.0523649
3.06 -0.0523551
3.07 -0.0523649
3.08 -0.0523551
3.09 -0.0523649
3.1 -0.052355
3.11 -0.052365
3.12 -0.052355
3.13 -0.052365
3.14 -0.052355
3.15 -0.052365
3.16 -0.0523549
3.17 -0.0523651
3.18 -0.0523549
3.19 -0.0523651
3.2 -0.0523549
3.21 -0.0523651
3.22 -0.0523549
3.23 -0.0523652
3.24 -0.0523548
3.25 -0.0523652
3.26 -0.0523548
3.27 -0.0523652
3.28 -0.0523548
3.29 -0.0523653
3.3 -0.0523547
3.31 -0.0523653
3.32 -0.0523547
3.33 -0.0523653
3.34 -0.0523547
3.35 -0.0523654
3.36 -0.0523546
3.37 -0.0523654
3.38 -0.0523546
3.39 -0.0523654
3.4 -0.0523546
3.41 -0.0523654
3.42 -0.0523545
3.43 -0.0523655
3.44 -0.0523545
3.45 -0.0523655
3.46 -0.0523545
3.47 -0.0523655
3.48 -0.0523544
3.49 -0.0523656
3.5 -0.0523544
3.51 -0.0523656
3.52 -0.0523544
3.53 -0.0523656
3.54 -0.0523543
3.55 -0.0523657
3.56 -0.0523543
3.57 -0.0523657
3.58 -0.0523543
3.59 -0.0523657
3.6 -0.0523542
3.61 -0.0523658
3.62 -0.0523542
3.63 -0.0523658
3.64 -0.0523542
3.65 -0.0523658
3.66 -0.0523541
3.67 -0.0523659
3.68 -0.0523541
3.69 -0.0523659
3.7 -0.0523541
3.71 -0.0523659
3.72 -0.0523541
3.73 -0.052366
3.74 -0.052354
3.75 -0.052366
3.76 -0.052354
3.77 -0.052366
3.78 -0.052354
3.79 -0.0523661
3.8 -0.0523539
3.81 -0.0523661
3.82 -0.0523539
3.83 -0.0523661
3.84 -0.0523539
3.85 -0.0523662
3.86 -0.0523538
3.87 -0.0523662
3.88 -0.0523538
3.89 -0.0523662
3.9 -0.0523538
3.91 -0.0523662
3.92 -0.0523537
3.93 -0.0523663
3.94 -0.0523537
3.95 -0.0523663
3.96 -0.0523537
3.97 -0.0523663
3.98 -0.0523536
3.99 -0.0523664
4 -0.0523536
4.01 -0.0523664
4.02 -0.0523536
4.03 -0.0523664
4.04 -0.0523535
4.05 -0.0523665
4.06 -0.0523535
4.07 -0.0523665
4.08 -0.0523535
4.09 -0.0523665
4.1 -0.0523534
4.11 -0.0523666
4.12 -0.0523534
4.13 -0.0523666
4.14 -0.0523534
4.15 -0.0523666
4.16 -0.0523533
4.17 -0.0523667
4.18 -0.0523533
4.19 -0.0523667
4.2 -0.0523533
4.21 -0.0523667
4.22 -0.0523533
4.23 -0.0523668
4.24 -0.0523532
4.25 -0.0523668
4.26 -0.0523532
4.27 -0.0523668
4.28 -0.0523532
4.29 -0.0523669
4.3 -0.0523531
4.31 -0.0523669
4.32 -0.0523531
4.33 -0.0523669
4.34 -0.0523531
4.35 -0.052367
4.36 -0.052353
4.37 -0.052367
4.38 -0.052353
4.39 -0.052367
4.4 -0.052353
4.41 -0.0523671
4.42 -0.0523529
4.43 -0.0523671
4.44 -0.0523529
4.45 -0.0523671
4.46 -0.0523529
4.47 -0.0523671
4.48 -0.0523528
4.49 -0.0523672
4.5 -0.0523528
4.51 -0.0523672
4.52 -0.0523528
4.53 -0.0523672
4.54 -0.0523527
4.55 -0.0523673
4.56 -0.0523527
4.57 -0.0523673
4.58 -0.0523527
4.59 -0.0523673
4.6 -0.0523526
4.61 -0.0523674
4.62 -0.0523526
4.63 -0.0523674
4.64 -0.0523526
4.65 -0.0523674
4.66 -0.0523525
4.67 -0.0523675
4.68 -0.0523525
4.69 -0.0523675
4.7 -0.0523525
4.71 -0.0523675
4.72 -0.0523524
4.73 -0.0523676
4.74 -0.0523524
4.75 -0.0523676
4.76 -0.0523524
4.77 -0.0523676
4.78 -0.0523524
4.79 -0.0523677
4.8 -0.0523523
4.81 -0.0523677
4.82 -0.0523523
4.83 -0.0523677
4.84 -0.0523523
4.85 -0.0523678
4.86 -0.0523522
4.87 -0.0523678
4.88 -0.0523522
4.89 -0.0523678
4.9 -0.0523522
4.91 -0.0523679
4.92 -0.0523521
4.93 -0.0523679
4.94 -0.0523521
4.95 -0.0523679
4.96 -0.0523521
4.97 -0.0523679
4.98 -0.052352
4.99 -0.052368
5 -0.052352
5.01 -0.052368
5.02 -0.052352
5.03 -0.052368
5.04 -0.0523519
5.05 -0.0523681
5.06 -0.0523519
5.07 -0.0523681
5.08 -0.0523519
5.09 -0.0523681
5.1 -0.0523518
5.11 -0.0523682
5.12 -0.0523518
5.13 -0.0523682
5.14 -0.0523518
5.15 -0.0523682
5.16 -0.0523517
5.17 -0.0523683
5.18 -0.0523517
5.19 -0.0523683
5.2 -0.0523517
5.21 -0.0523683
5.22 -0.0523516
5.23 -0.0523684
5.24 -0.0523516
5.25 -0.0523684
5.26 -0.0523516
5.27 -0.0523684
5.28 -0.0523516
5.29 -0.0523685
5.3 -0.0523515
5.31 -0.0523685
5.32 -0.0523515
5.33 -0.0523685
5.34 -0.0523515
5.35 -0.0523686
5.36 -0.0523514
5.37 -0.0523686
5.38 -0.0523514
5.39 -0.0523686
5.4 -0.0523514
5.41 -0.0523687
5.42 -0.0523513
5.43 -0.0523687
5.44 -0.0523513
5.45 -0.0523687
5.46 -0.0523513
5.47 -0.0523687
5.48 -0.0523512
5.49 -0.0523688
5.5 -0.0523512
5.51 -0.0523688
5.52 -0.0523512
5.53 -0.0523688
5.54 -0.0523511
5.55 -0.0523689
5.56 -0.0523511
5.57 -0.0523689
5.58 -0.0523511
5.59 -0.0523689
5.6 -0.052351
5.61 -0.052369
5.62 -0.052351
5.63 -0.052369
5.64 -0.052351
5.65 -0.052369
5.66 -0.0523509
5.67 -0.0523691
5.68 -0.0523509
5.69 -0.0523691
5.7 -0.0523509
5.71 -0.0523691
5.72 -0.0523508
5.73 -0.0523692
5.74 -0.0523508
5.75 -0.0523692
5.76 -0.0523508
5.77 -0.0523692
5.78 -0.0523508
5.79 -0.0523693
5.8 -0.0523507
5.81 -0.0523693
5.82 -0.0523507
5.83 -0.0523693
5.84 -0.0523507
5.85 -0.0523694
5.86 -0.0523506
5.87 -0.0523694
5.88 -0.0523506
5.89 -0.0523694
5.9 -0.0523506
5.91 -0.0523695
5.92 -0.0523505
5.93 -0.0523695
5.94 -0.0523505
5.95 -0.0523695
5.96 -0.0523505
5.97 -0.0523695
5.98 -0.0523504
5.99 -0.0523696
6 -0.0523504
6.01 -0.0523696
6.02 -0.0523504
6.03 -0.0523696
6.04 -0.0523503
6.05 -0.0523697
6.06 -0.0523503
6.07 -0.0523697
6.08 -0.0523503
6.09 -0.0523697
6.1 -0.0523502
6.11 -0.0523698
6.12 -0.0523502
6.13 -0.0523698
6.14 -0.0523502
6.15 -0.0523698
6.16 -0.0523501
6.17 -0.0523699
6.18 -0.0523501
6.19 -0.0523699
6.2 -0.0523501
6.21 -0.0523699
6.22 -0.0523501
6.23 -0.05237
6.24 -0.05235
6.25 -0.05237
6.26 -0.05235
6.27 -0.05237
6.28 -0.05235
6.29 -0.0523701
6.3 -0.0523499
6.31 -0.0523701
6.32 -0.0523499
6.33 -0.0523701
6.34 -0.0523499
6.35 -0.0523702
6.36 -0.0523498
6.37 -0.0523702
6.38 -0.0523498
6.39 -0.0523702
6.4 -0.0523498
6.41 -0.0523702
6.42 -0.0523497
6.43 -0.0523703
6.44 -0.0523497
6.45 -0.0523703
6.46 -0.0523497
6.47 -0.0523703
6.48 -0.0523496
6.49 -0.0523704
6.5 -0.0523496
6.51 -0.0523704
6.52 -0.0523496
6.53 -0.0523704
6.54 -0.0523495
6.55 -0.0523705
6.56 -0.0523495
6.57 -0.0523705
6.58 -0.0523495
6.59 -0.0523705
6.6 -0.0523494
6.61 -0.0523706
6.62 -0.0523494
6.63 -0.0523706
6.64 -0.0523494
6.65 -0.0523706
6.66 -0.0523493
6.67 -0.0523707
6.68 -0.0523493
6.69 -0.0523707
6.7 -0.0523493
6.71 -0.0523707
6.72 -0.0523493
6.73 -0.0523708
6.74 -0.0523492
6.75 -0.0523708
6.76 -0.0523492
6.77 -0.0523708
6.78 -0.0523492
6.79 -0.0523709
6.8 -0.0523491
6.81 -0.0523709
6.82 -0.0523491
6.83 -0.0523709
6.84 -0.0523491
6.85 -0.052371
6.86 -0.052349
6.87 -0.052371
6.88 -0.052349
6.89 -0.052371
6.9 -0.052349
6.91 -0.052371
6.92 -0.0523489
6.93 -0.0523711
6.94 -0.0523489
6.95 -0.0523711
6.96 -0.0523489
6.97 -0.0523711
6.98 -0.0523488
6.99 -0.0523712
7 -0.0523488
7.01 -0.0523712
7.02 -0.0523488
7.03 -0.0523712
7.04 -0.0523487
7.05 -0.0523713
7.06 -0.0523487
7.07 -0.0523713
7.08 -0.0523487
7.09 -0.0523713
7.1 -0.0523486
7.11 -0.0523714
7.12 -0.0523486
7.13 -0.0523714
7.14 -0.0523486
7.15 -0.0523714
7.16 -0.0523485
7.17 -0.0523715
7.18 -0.0523485
7.19 -0.0523715
7.2 -0.0523485
7.21 -0.0523715
7.22 -0.0523485
7.23 -0.0523716
7.24 -0.0523484
7.25 -0.0523716
7.26 -0.0523484
7.27 -0.0523716
7.28 -0.0523484
7.29 -0.0523717
7.3 -0.0523483
7.31 -0.0523717
7.32 -0.0523483
7.33 -0.0523717
7.34 -0.0523483
7.35 -0.0523718
7.36 -0.0523482
7.37 -0.0523718
7.38 -0.0523482
7.39 -0.0523718
7.4 -0.0523482
7.41 -0.0523718
7.42 -0.0523481
7.43 -0.0523719
7.44 -0.0523481
7.45 -0.0523719
7.46 -0.0523481
7.47 -0.0523719
7.48 -0.052348
7.49 -0.052372
7.5 -0.052348
7.51 -0.052372
7.52 -0.052348
7.53 -0.052372
7.54 -0.0523479
7.55 -0.0523721
7.56 -0.0523479
7.57 -0.0523721
7.58 -0.0523479
7.59 -0.0523721
7.6 -0.0523478
7.61 -0.0523722
7.62 -0.0523478
7.63 -0.0523722
7.64 -0.0523478
7.65 -0.0523722
7.66 -0.0523478
7.67 -0.0523723
7.68 -0.0523477
7.69 -0.0523723
7.7 -0.0523477
7.71 -0.0523723
7.72 -0.0523477
7.73 -0.0523724
7.74 -0.0523476
7.75 -0.0523724
7.76 -0.0523476
7.77 -0.0523724
7.78 -0.0523476
7.79 -0.0523725
7.8 -0.0523475
7.81 -0.0523725
7.82 -0.0523475
7.83 -0.0523725
7.84 -0.0523475
7.85 -0.0523725
7.86 -0.0523474
7.87 -0.0523726
7.88 -0.0523474
7.89 -0.0523726
7.9 -0.0523474
7.91 -0.0523726
7.92 -0.0523473
7.93 -0.0523727
7.94 -0.0523473
7.95 -0.0523727
7.96 -0.0523473
7.97 -0.0523727
7.98 -0.0523472
7.99 -0.0523728
8 -0.0523472
8.01 -0.0523728
8.02 -0.0523472
8.03 -0.0523728
8.04 -0.0523471
8.05 -0.0523729
8.06 -0.0523471
8.07 -0.0523729
8.08 -0.0523471
8.09 -0.0523729
8.1 -0.052347
8.11 -0.052373
8.12 -0.052347
8.13 -0.052373
8.14 -0.052347
8.15 -0.052373
8.16 -0.052347
8.17 -0.0523731
8.18 -0.0523469
8.19 -0.0523731
8.2 -0.0523469
8.21 -0.0523731
8.22 -0.0523469
8.23 -0.0523732
8.24 -0.0523468
8.25 -0.0523732
8.26 -0.0523468
8.27 -0.0523732
8.28 -0.0523468
8.29 -0.0523733
8.3 -0.0523467
8.31 -0.0523733
8.32 -0.0523467
8.33 -0.0523733
8.34 -0.0523467
8.35 -0.0523733
8.36 -0.0523466
8.37 -0.0523734
8.38 -0.0523466
8.39 -0.0523734
8.4 -0.0523466
8.41 -0.0523734
8.42 -0.0523465
8.43 -0.0523735
8.44 -0.0523465
8.45 -0.0523735
8.46 -0.0523465
8.47 -0.0523735
8.48 -0.0523464
8.49 -0.0523736
8.5 -0.0523464
8.51 -0.0523736
8.52 -0.0523464
8.53 -0.0523736
8.54 -0.0523463
8.55 -0.0523737
8.56 -0.0523463
8.57 -0.0523737
8.58 -0.0523463
8.59 -0.0523737
8.6 -0.0523463
8.61 -0.0523738
8.62 -0.0523462
8.63 -0.0523738
8.64 -0.0523462
8.65 -0.0523738
8.66 -0.0523462
8.67 -0.0523739
8.68 -0.0523461
8.69 -0.0523739
8.7 -0.0523461
8.71 -0.0523739
8.72 -0.0523461
8.73 -0.052374
8.74 -0.052346
8.75 -0.052374
8.76 -0.052346
8.77 -0.052374
8.78 -0.052346
8.79 -0.052374
8.8 -0.0523459
8.81 -0.0523741
8.82 -0.0523459
8.83 -0.0523741
8.84 -0.0523459
8.85 -0.0523741
8.86 -0.0523458
8.87 -0.0523742
8.88 -0.0523458
8.89 -0.0523742
8.9 -0.0523458
8.91 -0.0523742
8.92 -0.0523457
8.93 -0.0523743
8.94 -0.0523457
8.95 -0.0523743
8.96 -0.0523457
8.97 -0.0523743
8.98 -0.0523456
8.99 -0.0523744
9 -0.0523456
9.01 -0.0523744
9.02 -0.0523456
9.03 -0.0523744
9.04 -0.0523455
9.05 -0.0523745
9.06 -0.0523455
9.07 -0.0523745
9.08 -0.0523455
9.09 -0.0523745
9.1 -0.0523455
9.11 -0.0523746
9.12 -0.0523454
9.13 -0.0523746
9.14 -0.0523454
9.15 -0.0523746
9.16 -0.0523454
9.17 -0.0523747
9.18 -0.0523453
9.19 -0.0523747
9.2 -0.0523453
9.21 -0.0523747
9.22 -0.0523453
9.23 -0.0523747
9.24 -0.0523452
9.25 -0.0523748
9.26 -0.0523452
9.27 -0.0523748
9.28 -0.0523452
9.29 -0.0523748
9.3 -0.0523451
9.31 -0.0523749
9.32 -0.0523451
9.33 -0.0523749
9.34 -0.0523451
9.35 -0.0523749
9.36 -0.052345
9.37 -0.052375
9.38 -0.052345
9.39 -0.052375
9.4 -0.052345
9.41 -0.052375
9.42 -0.0523449
9.43 -0.0523751
9.44 -0.0523449
9.45 -0.0523751
9.46 -0.0523449
9.47 -0.0523751
9.48 -0.0523448
9.49 -0.0523752
9.5 -0.0523448
9.51 -0.0523752
9.52 -0.0523448
9.53 -0.0523752
9.54 -0.0523448
9.55 -0.0523753
9.56 -0.0523447
9.57 -0.0523753
9.58 -0.0523447
9.59 -0.0523753
9.6 -0.0523447
9.61 -0.0523754
9.62 -0.0523446
9.63 -0.0523754
9.64 -0.0523446
9.65 -0.0523754
9.66 -0.0523446
9.67 -0.0523754
9.68 -0.0523445
9.69 -0.0523755
9.7 -0.0523445
9.71 -0.0523755
9.72 -0.0523445
9.73 -0.0523755
9.74 -0.0523444
9.75 -0.0523756
9.76 -0.0523444
9.77 -0.0523756
9.78 -0.0523444
9.79 -0.0523756
9.8 -0.0523443
9.81 -0.0523757
9.82 -0.0523443
9.83 -0.0523757
9.84 -0.0523443
9.85 -0.0523757
9.86 -0.0523442
9.87 -0.0523758
9.88 -0.0523442
9.89 -0.0523758
9.9 -0.0523442
9.91 -0.0523758
9.92 -0.0523441
9.93 -0.0523759
9.94 -0.0523441
9.95 -0.0523759
9.96 -0.0523441
9.97 -0.0523759
9.98 -0.0523441
9.99 -0.052376
10 -0.052344
10.01 -0.052376
10.02 -0.052344
10.03 -0.052376
10.04 -0.052344
10.05 -0.0523761
10.06 -0.0523439
10.07 -0.0523761
10.08 -0.0523439
10.09 -0.0523761
10.1 -0.0523439
10.11 -0.0523762
10.12 -0.0523438
10.13 -0.0523762
10.14 -0.0523438
10.15 -0.0523762
10.16 -0.0523438
10.17 -0.0523762
10.18 -0.0523437
10.19 -0.0523763
10.2 -0.0523437
10.21 -0.0523763
10.22 -0.0523437
10.23 -0.0523763
10.24 -0.0523436
10.25 -0.0523764
10.26 -0.0523436
10.27 -0.0523764
10.28 -0.0523436
10.29 -0.0523764
10.3 -0.0523435
10.31 -0.0523765
10.32 -0.0523435
10.33 -0.0523765
10.34 -0.0523435
10.35 -0.0523765
10.36 -0.0523434
10.37 -0.0523766
10.38 -0.0523434
10.39 -0.0523766
10.4 -0.0523434
10.41 -0.0523766
10.42 -0.0523434
10.43 -0.0523767
10.44 -0.0523433
10.45 -0.0523767
10.46 -0.0523433
10.47 -0.0523767
10.48 -0.0523433
10.49 -0.0523768
10.5 -0.0523432
10.51 -0.0523768
10.52 -0.0523432
10.53 -0.0523768
10.54 -0.0523432
10.55 -0.0523768
10.56 -0.0523431
10.57 -0.0523769
10.58 -0.0523431
10.59 -0.0523769
10.6 -0.0523431
10.61 -0.0523769
10.62 -0.052343
10.63 -0.052377
10.64 -0.052343
10.65 -0.052377
10.66 -0.052343
10.67 -0.052377
10.68 -0.0523429
10.69 -0.0523771
10.7 -0.0523429
10.71 -0.0523771
10.72 -0.0523429
10.73 -0.0523771
10.74 -0.0523428
10.75 -0.0523772
10.76 -0.0523428
10.77 -0.0523772
10.78 -0.0523428
10.79 -0.0523772
10.8 -0.0523427
10.81 -0.0523773
10.82 -0.0523427
10.83 -0.0523773
10.84 -0.0523427
10.85 -0.0523773
10.86 -0.0523427
10.87 -0.0523774
10.88 -0.0523426
10.89 -0.0523774
10.9 -0.0523426
10.91 -0.0523774
10.92 -0.0523426
10.93 -0.0523775
10.94 -0.0523425
10.95 -0.0523775
10.96 -0.0523425
10.97 -0.0523775
10.98 -0.0523425
10.99 -0.0523775
11 -0.0523424
11.01 -0.0523776
11.02 -0.0523424
11.03 -0.0523776
11.04 -0.0523424
11.05 -0.0523776
11.06 -0.0523423
11.07 -0.0523777
11.08 -0.0523423
11.09 -0.0523777
11.1 -0.0523423
11.11 -0.0523777
11.12 -0.0523422
11.13 -0.0523778
11.14 -0.0523422
11.15 -0.0523778
11.16 -0.0523422
11.17 -0.0523778
11.18 -0.0523421
11.19 -0.0523779
11.2 -0.0523421
11.21 -0.0523779
11.22 -0.0523421
11.23 -0.0523779
11.24 -0.0523421
11.25 -0.052378
11.26 -0.052342
11.27 -0.052378
11.28 -0.052342
11.29 -0.052378
11.3 -0.052342
11.31 -0.0523781
11.32 -0.0523419
11.33 -0.0523781
11.34 -0.0523419
11.35 -0.0523781
11.36 -0.0523419
11.37 -0.0523782
11.38 -0.0523418
11.39 -0.0523782
11.4 -0.0523418
11.41 -0.0523782
11.42 -0.0523418
11.43 -0.0523782
11.44 -0.0523417
11.45 -0.0523783
11.46 -0.0523417
11.47 -0.0523783
11.48 -0.0523417
11.49 -0.0523783
11.5 -0.0523416
11.51 -0.0523784
11.52 -0.0523416
11.53 -0.0523784
11.54 -0.0523416
11.55 -0.0523784
11.56 -0.0523415
11.57 -0.0523785
11.58 -0.0523415
11.59 -0.0523785
11.6 -0.0523415
11.61 -0.0523785
11.62 -0.0523414
11.63 -0.0523786
11.64 -0.0523414
11.65 -0.0523786
11.66 -0.0523414
11.67 -0.0523786
11.68 -0.0523414
11.69 -0.0523787
11.7 -0.0523413
11.71 -0.0523787
11.72 -0.0523413
11.73 -0.0523787
11.74 -0.0523413
11.75 -0.0523788
11.76 -0.0523412
11.77 -0.0523788
11.78 -0.0523412
11.79 -0.0523788
11.8 -0.0523412
11.81 -0.0523788
11.82 -0.0523411
11.83 -0.0523789
11.84 -0.0523411
11.85 -0.0523789
11.86 -0.0523411
11.87 -0.0523789
11.88 -0.052341
11.89 -0.052379
11.9 -0.052341
11.91 -0.052379
11.92 -0.052341
11.93 -0.052379
11.94 -0.0523409
11.95 -0.0523791
11.96 -0.0523409
11.97 -0.0523791
11.98 -0.0523409
11.99 -0.0523791
12 -0.0523408
12.01 -0.0523792
12.02 -0.0523408
12.03 -0.0523792
12.04 -0.0523408
12.05 -0.0523792
12.06 -0.0523408
12.07 -0.0523793
12.08 -0.0523407
12.09 -0.0523793
12.1 -0.0523407
12.11 -0.0523793
12.12 -0.0523407
12.13 -0.0523794
12.14 -0.0523406
12.15 -0.0523794
12.16 -0.0523406
12.17 -0.0523794
12.18 -0.0523406
12.19 -0.0523795
12.2 -0.0523405
12.21 -0.0523795
12.22 -0.0523405
12.23 -0.0523795
12.24 -0.0523405
12.25 -0.0523795
12.26 -0.0523404
12.27 -0.0523796
12.28 -0.0523404
12.29 -0.0523796
12.3 -0.0523404
12.31 -0.0523796
12.32 -0.0523403
12.33 -0.0523797
12.34 -0.0523403
12.35 -0.0523797
12.36 -0.0523403
12.37 -0.0523797
12.38 -0.0523402
12.39 -0.0523798
12.4 -0.0523402
12.41 -0.0523798
12.42 -0.0523402
12.43 -0.0523798
12.44 -0.0523401
12.45 -0.0523799
12.46 -0.0523401
12.47 -0.0523799
12.48 -0.0523401
12.49 -0.0523799
12.5 -0.0523401
12.51 -0.05238
12.52 -0.05234
12.53 -0.05238
12.54 -0.05234
12.55 -0.05238
12.56 -0.05234
12.57 -0.0523801
12.58 -0.0523399
12.59 -0.0523801
12.6 -0.0523399
12.61 -0.0523801
12.62 -0.0523399
12.63 -0.0523801
12.64 -0.0523398
12.65 -0.0523802
12.66 -0.0523398
12.67 -0.0523802
12.68 -0.0523398
12.69 -0.0523802
12.7 -0.0523397
12.71 -0.0523803
12.72 -0.0523397
12.73 -0.0523803
12.74 -0.0523397
12.75 -0.0523803
12.76 -0.0523396
12.77 -0.0523804
12.78 -0.0523396
12.79 -0.0523804
12.8 -0.0523396
12.81 -0.0523804
12.82 -0.0523395
12.83 -0.0523805
12.84 -0.0523395
12.85 -0.0523805
12.86 -0.0523395
12.87 -0.0523805
12.88 -0.0523395
12.89 -0.0523806
12.9 -0.0523394
12.91 -0.0523806
12.92 -0.0523394
12.93 -0.0523806
12.94 -0.0523394
12.95 -0.0523807
12.96 -0.0523393
12.97 -0.0523807
12.98 -0.0523393
12.99 -0.0523807
13 -0.0523393
13.01 -0.0523808
13.02 -0.0523392
13.03 -0.0523808
13.04 -0.0523392
13.05 -0.0523808
13.06 -0.0523392
13.07 -0.0523808
13.08 -0.0523391
13.09 -0.0523809
13.1 -0.0523391
13.11 -0.0523809
13.12 -0.0523391
13.13 -0.0523809
13.14 -0.052339
13.15 -0.052381
13.16 -0.052339
13.17 -0.052381
13.18 -0.052339
13.19 -0.052381
13.2 -0.0523389
13.21 -0.0523811
13.22 -0.0523389
13.23 -0.0523811
13.24 -0.0523389
13.25 -0.0523811
13.26 -0.0523389
13.27 -0.0523812
13.28 -0.0523388
13.29 -0.0523812
13.3 -0.0523388
13.31 -0.0523812
13.32 -0.0523388
13.33 -0.0523813
13.34 -0.0523387
13.35 -0.0523813
13.36 -0.0523387
13.37 -0.0523813
13.38 -0.0523387
13.39 -0.0523814
13.4 -0.0523386
13.41 -0.0523814
13.42 -0.0523386
13.43 -0.0523814
13.44 -0.0523386
13.45 -0.0523814
13.46 -0.0523385
13.47 -0.0523815
13.48 -0.0523385
13.49 -0.0523815
13.5 -0.0523385
13.51 -0.0523815
13.52 -0.0523384
13.53 -0.0523816
13.54 -0.0523384
13.55 -0.0523816
13.56 -0.0523384
13.57 -0.0523816
13.58 -0.0523383
13.59 -0.0523817
13.6 -0.0523383
13.61 -0.0523817
13.62 -0.0523383
13.63 -0.0523817
13.64 -0.0523382
13.65 -0.0523818
13.66 -0.0523382
13.67 -0.0523818
13.68 -0.0523382
13.69 -0.0523818
13.7 -0.0523382
13.71 -0.0523819
13.72 -0.0523381
13.73 -0.0523819
13.74 -0.0523381
13.75 -0.0523819
13.76 -0.0523381
13.77 -0.052382
13.78 -0.052338
13.79 -0.052382
13.8 -0.052338
13.81 -0.052382
13.82 -0.052338
13.83 -0.052382
13.84 -0.0523379
13.85 -0.0523821
13.86 -0.0523379
13.87 -0.0523821
13.88 -0.0523379
13.89 -0.0523821
13.9 -0.0523378
13.91 -0.0523822
13.92 -0.0523378
13.93 -0.0523822
13.94 -0.0523378
13.95 -0.0523822
13.96 -0.0523377
13.97 -0.0523823
13.98 -0.0523377
13.99 -0.0523823
14 -0.0523377
14.01 -0.0523823
14.02 -0.0523376
14.03 -0.0523824
14.04 -0.0523376
14.05 -0.0523824
14.06 -0.0523376
14.07 -0.0523824
14.08 -0.0523376
14.09 -0.0523825
14.1 -0.0523375
14.11 -0.0523825
14.12 -0.0523375
14.13 -0.0523825
14.14 -0.0523375
14.15 -0.0523826
14.16 -0.0523374
14.17 -0.0523826
14.18 -0.0523374
14.19 -0.0523826
14.2 -0.0523374
14.21 -0.0523826
14.22 -0.0523373
14.23 -0.0523827
14.24 -0.0523373
14.25 -0.0523827
14.26 -0.0523373
14.27 -0.0523827
14.28 -0.0523372
14.29 -0.0523828
14.3 -0.0523372
14.31 -0.0523828
14.32 -0.0523372
14.33 -0.0523828
14.34 -0.0523371
14.35 -0.0523829
14.36 -0.0523371
14.37 -0.0523829
14.38 -0.0523371
14.39 -0.0523829
14.4 -0.0523371
14.41 -0.052383
14.42 -0.052337
14.43 -0.052383
14.44 -0.052337
14.45 -0.052383
14.46 -0.052337
14.47 -0.0523831
14.48 -0.0523369
14.49 -0.0523831
14.5 -0.0523369
14.51 -0.0523831
14.52 -0.0523369
14.53 -0.0523832
14.54 -0.0523368
14.55 -0.0523832
14.56 -0.0523368
14.57 -0.0523832
14.58 -0.0523368
14.59 -0.0523832
14.6 -0.0523367
14.61 -0.0523833
14.62 -0.0523367
14.63 -0.0523833
14.64 -0.0523367
14.65 -0.0523833
14.66 -0.0523366
14.67 -0.0523834
14.68 -0.0523366
14.69 -0.0523834
14.7 -0.0523366
14.71 -0.0523834
14.72 -0.0523365
14.73 -0.0523835
14.74 -0.0523365
14.75 -0.0523835
14.76 -0.0523365
14.77 -0.0523835
14.78 -0.0523365
14.79 -0.0523836
14.8 -0.0523364
14.81 -0.0523836
14.82 -0.0523364
14.83 -0.0523836
14.84 -0.0523364
14.85 -0.0523837
14.86 -0.0523363
14.87 -0.0523837
14.88 -0.0523363
14.89 -0.0523837
14.9 -0.0523363
14.91 -0.0523837
14.92 -0.0523362
14.93 -0.0523838
14.94 -0.0523362
14.95 -0.0523838
14.96 -0.0523362
14.97 -0.0523838
14.98 -0.0523361
14.99 -0.0523839
15 -0.0523361
15.01 -0.0523839
15.02 -0.0523361
15.03 -0.0523839
15.04 -0.052336
15.05 -0.052384
15.06 -0.052336
15.07 -0.052384
15.08 -0.052336
15.09 -0.052384
15.1 -0.0523359
15.11 -0.0523841
15.12 -0.0523359
15.13 -0.0523841
15.14 -0.0523359
15.15 -0.0523841
15.16 -0.0523359
15.17 -0.0523842
15.18 -0.0523358
15.19 -0.0523842
15.2 -0.0523358
15.21 -0.0523842
15.22 -0.0523358
15.23 -0.0523843
15.24 -0.0523357
15.25 -0.0523843
15.26 -0.0523357
15.27 -0.0523843
15.28 -0.0523357
15.29 -0.0523843
15.3 -0.0523356
15.31 -0.0523844
15.32 -0.0523356
15.33 -0.0523844
15.34 -0.0523356
15.35 -0.0523844
15.36 -0.0523355
15.37 -0.0523845
15.38 -0.0523355
15.39 -0.0523845
15.4 -0.0523355
15.41 -0.0523845
15.42 -0.0523354
15.43 -0.0523846
15.44 -0.0523354
15.45 -0.0523846
15.46 -0.0523354
15.47 -0.0523846
15.48 -0.0523353
15.49 -0.0523847
15.5 -0.0523353
15.51 -0.0523847
15.52 -0.0523353
15.53 -0.0523847
15.54 -0.0523353
15.55 -0.0523848
15.56 -0.0523352
15.57 -0.0523848
15.58 -0.0523352
15.59 -0.0523848
15.6 -0.0523352
15.61 -0.0523849
15.62 -0.0523351
15.63 -0.0523849
15.64 -0.0523351
15.65 -0.0523849
15.66 -0.0523351
15.67 -0.0523849
15.68 -0.052335
15.69 -0.052385
15.7 -0.052335
15.71 -0.052385
15.72 -0.052335
15.73 -0.052385
15.74 -0.0523349
15.75 -0.0523851
15.76 -0.0523349
15.77 -0.0523851
15.78 -0.0523349
15.79 -0.0523851
15.8 -0.0523348
15.81 -0.0523852
15.82 -0.0523348
15.83 -0.0523852
15.84 -0.0523348
15.85 -0.0523852
15.86 -0.0523348
15.87 -0.0523853
15.88 -0.0523347
15.89 -0.0523853
15.9 -0.0523347
15.91 -0.0523853
15.92 -0.0523347
15.93 -0.0523854
15.94 -0.0523346
15.95 -0.0523854
15.96 -0.0523346
15.97 -0.0523854
15.98 -0.0523346
15.99 -0.0523854
16 -0.0523345
16.01 -0.0523855
16.02 -0.0523345
16.03 -0.0523855
16.04 -0.0523345
16.05 -0.0523855
16.06 -0.0523344
16.07 -0.0523856
16.08 -0.0523344
16.09 -0.0523856
16.1 -0.0523344
16.11 -0.0523856
16.12 -0.0523343
16.13 -0.0523857
16.14 -0.0523343
16.15 -0.0523857
16.16 -0.0523343
16.17 -0.0523857
16.18 -0.0523342
16.19 -0.0523858
16.2 -0.0523342
16.21 -0.0523858
16.22 -0.0523342
16.23 -0.0523858
16.24 -0.0523342
16.25 -0.0523859
16.26 -0.0523341
16.27 -0.0523859
16.28 -0.0523341
16.29 -0.0523859
16.3 -0.0523341
16.31 -0.052386
16.32 -0.052334
16.33 -0.052386
16.34 -0.052334
16.35 -0.052386
16.36 -0.052334
16.37 -0.052386
16.38 -0.0523339
16.39 -0.0523861
16.4 -0.0523339
16.41 -0.0523861
16.42 -0.0523339
16.43 -0.0523861
16.44 -0.0523338
16.45 -0.0523862
16.46 -0.0523338
16.47 -0.0523862
16.48 -0.0523338
16.49 -0.0523862
16.5 -0.0523337
16.51 -0.0523863
16.52 -0.0523337
16.53 -0.0523863
16.54 -0.0523337
16.55 -0.0523863
16.56 -0.0523337
16.57 -0.0523864
16.58 -0.0523336
16.59 -0.0523864
16.6 -0.0523336
16.61 -0.0523864
16.62 -0.0523336
16.63 -0.0523865
16.64 -0.0523335
16.65 -0.0523865
16.66 -0.0523335
16.67 -0.0523865
16.68 -0.0523335
16.69 -0.0523865
16.7 -0.0523334
16.71 -0.0523866
16.72 -0.0523334
16.73 -0.0523866
16.74 -0.0523334
16.75 -0.0523866
16.76 -0.0523333
16.77 -0.0523867
16.78 -0.0523333
16.79 -0.0523867
16.8 -0.0523333
16.81 -0.0523867
16.82 -0.0523332
16.83 -0.0523868
16.84 -0.0523332
16.85 -0.0523868
16.86 -0.0523332
16.87 -0.0523868
16.88 -0.0523332
16.89 -0.0523869
16.9 -0.0523331
16.91 -0.0523869
16.92 -0.0523331
16.93 -0.0523869
16.94 -0.0523331
16.95 -0.052387
16.96 -0.052333
16.97 -0.052387
16.98 -0.052333
16.99 -0.052387
17 -0.052333
17.01 -0.052387
17.02 -0.0523329
17.03 -0.0523871
17.04 -0.0523329
17.05 -0.0523871
17.06 -0.0523329
17.07 -0.0523871
17.08 -0.0523328
17.09 -0.0523872
17.1 -0.0523328
17.11 -0.0523872
17.12 -0.0523328
17.13 -0.0523872
17.14 -0.0523327
17.15 -0.0523873
17.16 -0.0523327
17.17 -0.0523873
17.18 -0.0523327
17.19 -0.0523873
17.2 -0.0523326
17.21 -0.0523874
17.22 -0.0523326
17.23 -0.0523874
17.24 -0.0523326
17.25 -0.0523874
17.26 -0.0523326
17.27 -0.0523875
17.28 -0.0523325
17.29 -0.0523875
17.3 -0.0523325
17.31 -0.0523875
17.32 -0.0523325
17.33 -0.0523875
17.34 -0.0523324
17.35 -0.0523876
17.36 -0.0523324
17.37 -0.0523876
17.38 -0.0523324
17.39 -0.0523876
17.4 -0.0523323
17.41 -0.0523877
17.42 -0.0523323
17.43 -0.0523877
17.44 -0.0523323
17.45 -0.0523877
17.46 -0.0523322
17.47 -0.0523878
17.48 -0.0523322
17.49 -0.0523878
17.5 -0.0523322
17.51 -0.0523878
17.52 -0.0523321
17.53 -0.0523879
17.54 -0.0523321
17.55 -0.0523879
17.56 -0.0523321
17.57 -0.0523879
17.58 -0.0523321
17.59 -0.052388
17.6 -0.052332
17.61 -0.052388
17.62 -0.052332
17.63 -0.052388
17.64 -0.052332
17.65 -0.0523881
17.66 -0.0523319
17.67 -0.0523881
17.68 -0.0523319
17.69 -0.0523881
17.7 -0.0523319
17.71 -0.0523881
17.72 -0.0523318
17.73 -0.0523882
17.74 -0.0523318
17.75 -0.0523882
17.76 -0.0523318
17.77 -0.0523882
17.78 -0.0523317
17.79 -0.0523883
17.8 -0.0523317
17.81 -0.0523883
17.82 -0.0523317
17.83 -0.0523883
17.84 -0.0523316
17.85 -0.0523884
17.86 -0.0523316
17.87 -0.0523884
17.88 -0.0523316
17.89 -0.0523884
17.9 -0.0523316
17.91 -0.0523885
17.92 -0.0523315
17.93 -0.0523885
17.94 -0.0523315
17.95 -0.0523885
17.96 -0.0523315
17.97 -0.0523886
17.98 -0.0523314
17.99 -0.0523886
18 -0.0523314
18.01 -0.0523886
18.02 -0.0523314
18.03 -0.0523886
18.04 -0.0523313
18.05 -0.0523887
18.06 -0.0523313
18.07 -0.0523887
18.08 -0.0523313
18.09 -0.0523887
18.1 -0.0523312
18.11 -0.0523888
18.12 -0.0523312
18.13 -0.0523888
18.14 -0.0523312
18.15 -0.0523888
18.16 -0.0523311
18.17 -0.0523889
18.18 -0.0523311
18.19 -0.0523889
18.2 -0.0523311
18.21 -0.0523889
18.22 -0.0523311
18.23 -0.052389
18.24 -0.052331
18.25 -0.052389
18.26 -0.052331
18.27 -0.052389
18.28 -0.052331
18.29 -0.0523891
18.3 -0.0523309
18.31 -0.0523891
18.32 -0.0523309
18.33 -0.0523891
18.34 -0.0523309
18.35 -0.0523891
18.36 -0.0523308
18.37 -0.0523892
18.38 -0.0523308
18.39 -0.0523892
18.4 -0.0523308
18.41 -0.0523892
18.42 -0.0523307
18.43 -0.0523893
18.44 -0.0523307
18.45 -0.0523893
18.46 -0.0523307
18.47 -0.0523893
18.48 -0.0523306
18.49 -0.0523894
18.5 -0.0523306
18.51 -0.0523894
18.52 -0.0523306
18.53 -0.0523894
18.54 -0.0523306
18.55 -0.0523895
18.56 -0.0523305
18.57 -0.0523895
18.58 -0.0523305
18.59 -0.0523895
18.6 -0.0523305
18.61 -0.0523895
18.62 -0.0523304
18.63 -0.0523896
18.64 -0.0523304
18.65 -0.0523896
18.66 -0.0523304
18.67 -0.0523896
18.68 -0.0523303
18.69 -0.0523897
18.7 -0.0523303
18.71 -0.0523897
18.72 -0.0523303
18.73 -0.0523897
18.74 -0.0523302
18.75 -0.0523898
18.76 -0.0523302
18.77 -0.0523898
18.78 -0.0523302
18.79 -0.0523898
18.8 -0.0523302
18.81 -0.0523899
18.82 -0.0523301
18.83 -0.0523899
18.84 -0.0523301
18.85 -0.0523899
18.86 -0.0523301
18.87 -0.05239
18.88 -0.05233
18.89 -0.05239
18.9 -0.05233
18.91 -0.05239
18.92 -0.05233
18.93 -0.05239
18.94 -0.0523299
18.95 -0.0523901
18.96 -0.0523299
18.97 -0.0523901
18.98 -0.0523299
18.99 -0.0523901
19 -0.0523298
19.01 -0.0523902
19.02 -0.0523298
19.03 -0.0523902
19.04 -0.0523298
19.05 -0.0523902
19.06 -0.0523297
19.07 -0.0523903
19.08 -0.0523297
19.09 -0.0523903
19.1 -0.0523297
19.11 -0.0523903
19.12 -0.0523297
19.13 -0.0523904
19.14 -0.0523296
19.15 -0.0523904
19.16 -0.0523296
19.17 -0.0523904
19.18 -0.0523296
19.19 -0.0523905
19.2 -0.0523295
19.21 -0.0523905
19.22 -0.0523295
19.23 -0.0523905
19.24 -0.0523295
19.25 -0.0523905
19.26 -0.0523294
19.27 -0.0523906
19.28 -0.0523294
19.29 -0.0523906
19.3 -0.0523294
19.31 -0.0523906
19.32 -0.0523293
19.33 -0.0523907
19.34 -0.0523293
19.35 -0.0523907
19.36 -0.0523293
19.37 -0.0523907
19.38 -0.0523292
19.39 -0.0523908
19.4 -0.0523292
19.41 -0.0523908
19.42 -0.0523292
19.43 -0.0523908
19.44 -0.0523292
19.45 -0.0523909
19.46 -0.0523291
19.47 -0.0523909
19.48 -0.0523291
19.49 -0.0523909
19.5 -0.0523291
19.51 -0.052391
19.52 -0.052329
19.53 -0.052391
19.54 -0.052329
19.55 -0.052391
19.56 -0.052329
19.57 -0.052391
19.58 -0.0523289
19.59 -0.0523911
19.6 -0.0523289
19.61 -0.0523911
19.62 -0.0523289
19.63 -0.0523911
19.64 -0.0523288
19.65 -0.0523912
19.66 -0.0523288
19.67 -0.0523912
19.68 -0.0523288
19.69 -0.0523912
19.7 -0.0523287
19.71 -0.0523913
19.72 -0.0523287
19.73 -0.0523913
19.74 -0.0523287
19.75 -0.0523913
19.76 -0.0523287
19.77 -0.0523914
19.78 -0.0523286
19.79 -0.0523914
19.8 -0.0523286
19.81 -0.0523914
19.82 -0.0523286
19.83 -0.0523914
19.84 -0.0523285
19.85 -0.0523915
19.86 -0.0523285
19.87 -0.0523915
19.88 -0.0523285
19.89 -0.0523915
19.9 -0.0523284
19.91 -0.0523916
19.92 -0.0523284
19.93 -0.0523916
19.94 -0.0523284
19.95 -0.0523916
19.96 -0.0523283
19.97 -0.0523917
19.98 -0.0523283
19.99 -0.0523917
20 -0.0523283
20.01 -0.0523917
20.02 -0.0523283
20.03 -0.0523918
20.04 -0.0523282
20.05 -0.0523918
20.06 -0.0523282
20.07 -0.0523918
20.08 -0.0523282
20.09 -0.0523919
20.1 -0.0523281
20.11 -0.0523919
20.12 -0.0523281
20.13 -0.0523919
20.14 -0.0523281
20.15 -0.0523919
20.16 -0.052328
20.17 -0.052392
20.18 -0.052328
20.19 -0.052392
20.2 -0.052328
20.21 -0.052392
20.22 -0.0523279
20.23 -0.0523921
20.24 -0.0523279
20.25 -0.0523921
20.26 -0.0523279
20.27 -0.0523921
20.28 -0.0523278
20.29 -0.0523922
20.3 -0.0523278
20.31 -0.0523922
20.32 -0.0523278
20.33 -0.0523922
20.34 -0.0523278
20.35 -0.0523923
20.36 -0.0523277
20.37 -0.0523923
20.38 -0.0523277
20.39 -0.0523923
20.4 -0.0523277
20.41 -0.0523923
20.42 -0.0523276
20.43 -0.0523924
20.44 -0.0523276
20.45 -0.0523924
20.46 -0.0523276
20.47 -0.0523924
20.48 -0.0523275
20.49 -0.0523925
20.5 -0.0523275
20.51 -0.0523925
20.52 -0.0523275
20.53 -0.0523925
20.54 -0.0523274
20.55 -0.0523926
20.56 -0.0523274
20.57 -0.0523926
20.58 -0.0523274
20.59 -0.0523926
20.6 -0.0523274
20.61 -0.0523927
20.62 -0.0523273
20.63 -0.0523927
20.64 -0.0523273
20.65 -0.0523927
20.66 -0.0523273
20.67 -0.0523928
20.68 -0.0523272
20.69 -0.0523928
20.7 -0.0523272
20.71 -0.0523928
20.72 -0.0523272
20.73 -0.0523928
20.74 -0.0523271
20.75 -0.0523929
20.76 -0.0523271
20.77 -0.0523929
20.78 -0.0523271
20.79 -0.0523929
20.8 -0.052327
20.81 -0.052393
20.82 -0.052327
20.83 -0.052393
20.84 -0.052327
20.85 -0.052393
20.86 -0.052327
20.87 -0.0523931
20.88 -0.0523269
20.89 -0.0523931
20.9 -0.0523269
20.91 -0.0523931
20.92 -0.0523269
20.93 -0.0523932
20.94 -0.0523268
20.95 -0.0523932
20.96 -0.0523268
20.97 -0.0523932
20.98 -0.0523268
20.99 -0.0523932
21 -0.0523267
21.01 -0.0523933
21.02 -0.0523267
21.03 -0.0523933
21.04 -0.0523267
21.05 -0.0523933
21.06 -0.0523266
21.07 -0.0523934
21.08 -0.0523266
21.09 -0.0523934
21.1 -0.0523266
21.11 -0.0523934
21.12 -0.0523265
21.13 -0.0523935
21.14 -0.0523265
21.15 -0.0523935
21.16 -0.0523265
21.17 -0.0523935
21.18 -0.0523265
21.19 -0.0523936
21.2 -0.0523264
21.21 -0.0523936
21.22 -0.0523264
21.23 -0.0523936
21.24 -0.0523264
21.25 -0.0523936
21.26 -0.0523263
21.27 -0.0523937
21.28 -0.0523263
21.29 -0.0523937
21.3 -0.0523263
21.31 -0.0523937
21.32 -0.0523262
21.33 -0.0523938
21.34 -0.0523262
21.35 -0.0523938
21.36 -0.0523262
21.37 -0.0523938
21.38 -0.0523261
21.39 -0.0523939
21.4 -0.0523261
21.41 -0.0523939
21.42 -0.0523261
21.43 -0.0523939
21.44 -0.0523261
21.45 -0.052394
21.46 -0.052326
21.47 -0.052394
21.48 -0.052326
21.49 -0.052394
21.5 -0.052326
21.51 -0.0523941
21.52 -0.0523259
21.53 -0.0523941
21.54 -0.0523259
21.55 -0.0523941
21.56 -0.0523259
21.57 -0.0523941
21.58 -0.0523258
21.59 -0.0523942
21.6 -0.0523258
21.61 -0.0523942
21.62 -0.0523258
21.63 -0.0523942
21.64 -0.0523257
21.65 -0.0523943
21.66 -0.0523257
21.67 -0.0523943
21.68 -0.0523257
21.69 -0.0523943
21.7 -0.0523257
21.71 -0.0523944
21.72 -0.0523256
21.73 -0.0523944
21.74 -0.0523256
21.75 -0.0523944
21.76 -0.0523256
21.77 -0.0523945
21.78 -0.0523255
21.79 -0.0523945
21.8 -0.0523255
21.81 -0.0523945
21.82 -0.0523255
21.83 -0.0523945
21.84 -0.0523254
21.85 -0.0523946
21.86 -0.0523254
21.87 -0.0523946
21.88 -0.0523254
21.89 -0.0523946
21.9 -0.0523253
21.91 -0.0523947
21.92 -0.0523253
21.93 -0.0523947
21.94 -0.0523253
21.95 -0.0523947
21.96 -0.0523253
21.97 -0.0523948
21.98 -0.0523252
21.99 -0.0523948
22 -0.0523252
22.01 -0.0523948
22.02 -0.0523252
22.03 -0.0523949
22.04 -0.0523251
22.05 -0.0523949
22.06 -0.0523251
22.07 -0.0523949
22.08 -0.0523251
22.09 -0.0523949
22.1 -0.052325
22.11 -0.052395
22.12 -0.052325
22.13 -0.052395
22.14 -0.052325
22.15 -0.052395
22.16 -0.0523249
22.17 -0.0523951
22.18 -0.0523249
22.19 -0.0523951
22.2 -0.0523249
22.21 -0.0523951
22.22 -0.0523249
22.23 -0.0523952
22.24 -0.0523248
22.25 -0.0523952
22.26 -0.0523248
22.27 -0.0523952
22.28 -0.0523248
22.29 -0.0523953
22.3 -0.0523247
22.31 -0.0523953
22.32 -0.0523247
22.33 -0.0523953
22.34 -0.0523247
22.35 -0.0523953
22.36 -0.0523246
22.37 -0.0523954
22.38 -0.0523246
22.39 -0.0523954
22.4 -0.0523246
22.41 -0.0523954
22.42 -0.0523245
22.43 -0.0523955
22.44 -0.0523245
22.45 -0.0523955
22.46 -0.0523245
22.47 -0.0523955
22.48 -0.0523244
22.49 -0.0523956
22.5 -0.0523244
22.51 -0.0523956
22.52 -0.0523244
22.53 -0.0523956
22.54 -0.0523244
22.55 -0.0523957
22.56 -0.0523243
22.57 -0.0523957
22.58 -0.0523243
22.59 -0.0523957
22.6 -0.0523243
22.61 -0.0523957
22.62 -0.0523242
22.63 -0.0523958
22.64 -0.0523242
22.65 -0.0523958
22.66 -0.0523242
22.67 -0.0523958
22.68 -0.0523241
22.69 -0.0523959
22.7 -0.0523241
22.71 -0.0523959
22.72 -0.0523241
22.73 -0.0523959
22.74 -0.052324
22.75 -0.052396
22.76 -0.052324
22.77 -0.052396
22.78 -0.052324
22.79 -0.052396
22.8 -0.052324
22.81 -0.0523961
22.82 -0.0523239
22.83 -0.0523961
22.84 -0.0523239
22.85 -0.0523961
22.86 -0.0523239
22.87 -0.0523961
22.88 -0.0523238
22.89 -0.0523962
22.9 -0.0523238
22.91 -0.0523962
22.92 -0.0523238
22.93 -0.0523962
22.94 -0.0523237
22.95 -0.0523963
22.96 -0.0523237
22.97 -0.0523963
22.98 -0.0523237
22.99 -0.0523963
23 -0.0523237
23.01 -0.0523964
23.02 -0.0523236
23.03 -0.0523964
23.04 -0.0523236
23.05 -0.0523964
23.06 -0.0523236
23.07 -0.0523965
23.08 -0.0523235
23.09 -0.0523965
23.1 -0.0523235
23.11 -0.0523965
23.12 -0.0523235
23.13 -0.0523965
23.14 -0.0523234
23.15 -0.0523966
23.16 -0.0523234
23.17 -0.0523966
23.18 -0.0523234
23.19 -0.0523966
23.2 -0.0523233
23.21 -0.0523967
23.22 -0.0523233
23.23 -0.0523967
23.24 -0.0523233
23.25 -0.0523967
23.26 -0.0523233
23.27 -0.0523968
23.28 -0.0523232
23.29 -0.0523968
23.3 -0.0523232
23.31 -0.0523968
23.32 -0.0523232
23.33 -0.0523969
23.34 -0.0523231
23.35 -0.0523969
23.36 -0.0523231
23.37 -0.0523969
23.38 -0.0523231
23.39 -0.0523969
23.4 -0.052323
23.41 -0.052397
23.42 -0.052323
23.43 -0.052397
23.44 -0.052323
23.45 -0.052397
23.46 -0.0523229
23.47 -0.0523971
23.48 -0.0523229
23.49 -0.0523971
23.5 -0.0523229
23.51 -0.0523971
23.52 -0.0523229
23.53 -0.0523972
23.54 -0.0523228
23.55 -0.0523972
23.56 -0.0523228
23.57 -0.0523972
23.58 -0.0523228
23.59 -0.0523973
23.6 -0.0523227
23.61 -0.0523973
23.62 -0.0523227
23.63 -0.0523973
23.64 -0.0523227
23.65 -0.0523973
23.66 -0.0523226
23.67 -0.0523974
23.68 -0.0523226
23.69 -0.0523974
23.7 -0.0523226
23.71 -0.0523974
23.72 -0.0523225
23.73 -0.0523975
23.74 -0.0523225
23.75 -0.0523975
23.76 -0.0523225
23.77 -0.0523975
23.78 -0.0523225
23.79 -0.0523976
23.8 -0.0523224
23.81 -0.0523976
23.82 -0.0523224
23.83 -0.0523976
23.84 -0.0523224
23.85 -0.0523976
23.86 -0.0523223
23.87 -0.0523977
23.88 -0.0523223
23.89 -0.0523977
23.9 -0.0523223
23.91 -0.0523977
23.92 -0.0523222
23.93 -0.0523978
23.94 -0.0523222
23.95 -0.0523978
23.96 -0.0523222
23.97 -0.0523978
23.98 -0.0523221
23.99 -0.0523979
24 -0.0523221
24.01 -0.0523979
24.02 -0.0523221
24.03 -0.0523979
24.04 -0.0523221
24.05 -0.052398
24.06 -0.052322
24.07 -0.052398
24.08 -0.052322
24.09 -0.052398
24.1 -0.052322
24.11 -0.052398
24.12 -0.0523219
24.13 -0.0523981
24.14 -0.0523219
24.15 -0.0523981
24.16 -0.0523219
24.17 -0.0523981
24.18 -0.0523218
24.19 -0.0523982
24.2 -0.0523218
24.21 -0.0523982
24.22 -0.0523218
24.23 -0.0523982
24.24 -0.0523217
24.25 -0.0523983
24.26 -0.0523217
24.27 -0.0523983
24.28 -0.0523217
24.29 -0.0523983
24.3 -0.0523217
24.31 -0.0523984
24.32 -0.0523216
24.33 -0.0523984
24.34 -0.0523216
24.35 -0.0523984
24.36 -0.0523216
24.37 -0.0523984
24.38 -0.0523215
24.39 -0.0523985
24.4 -0.0523215
24.41 -0.0523985
24.42 -0.0523215
24.43 -0.0523985
24.44 -0.0523214
24.45 -0.0523986
24.46 -0.0523214
24.47 -0.0523986
24.48 -0.0523214
24.49 -0.0523986
24.5 -0.0523214
24.51 -0.0523987
24.52 -0.0523213
24.53 -0.0523987
24.54 -0.0523213
24.55 -0.0523987
24.56 -0.0523213
24.57 -0.0523988
24.58 -0.0523212
24.59 -0.0523988
24.6 -0.0523212
24.61 -0.0523988
24.62 -0.0523212
24.63 -0.0523988
24.64 -0.0523211
24.65 -0.0523989
24.66 -0.0523211
24.67 -0.0523989
24.68 -0.0523211
24.69 -0.0523989
24.7 -0.052321
24.71 -0.052399
24.72 -0.052321
24.73 -0.052399
24.74 -0.052321
24.75 -0.052399
24.76 -0.052321
24.77 -0.0523991
24.78 -0.0523209
24.79 -0.0523991
24.8 -0.0523209
24.81 -0.0523991
24.82 -0.0523209
24.83 -0.0523991
24.84 -0.0523208
24.85 -0.0523992
24.86 -0.0523208
24.87 -0.0523992
24.88 -0.0523208
24.89 -0.0523992
24.9 -0.0523207
24.91 -0.0523993
24.92 -0.0523207
24.93 -0.0523993
24.94 -0.0523207
24.95 -0.0523993
24.96 -0.0523207
24.97 -0.0523994
24.98 -0.0523206
24.99 -0.0523994
25 -0.0523206
25.01 -0.0523994
25.02 -0.0523206
25.03 -0.0523995
25.04 -0.0523205
25.05 -0.0523995
25.06 -0.0523205
25.07 -0.0523995
25.08 -0.0523205
25.09 -0.0523995
25.1 -0.0523204
25.11 -0.0523996
25.12 -0.0523204
25.13 -0.0523996
25.14 -0.0523204
25.15 -0.0523996
25.16 -0.0523203
25.17 -0.0523997
25.18 -0.0523203
25.19 -0.0523997
25.2 -0.0523203
25.21 -0.0523997
25.22 -0.0523203
25.23 -0.0523998
25.24 -0.0523202
25.25 -0.0523998
25.26 -0.0523202
25.27 -0.0523998
25.28 -0.0523202
25.29 -0.0523998
25.3 -0.0523201
25.31 -0.0523999
25.32 -0.0523201
25.33 -0.0523999
25.34 -0.0523201
25.35 -0.0523999
25.36 -0.05232
25.37 -0.0524
25.38 -0.05232
25.39 -0.0524
25.4 -0.05232
25.41 -0.0524
25.42 -0.05232
25.43 -0.0524001
25.44 -0.0523199
25.45 -0.0524001
25.46 -0.0523199
25.47 -0.0524001
25.48 -0.0523199
25.49 -0.0524002
25.5 -0.0523198
25.51 -0.0524002
25.52 -0.0523198
25.53 -0.0524002
25.54 -0.0523198
25.55 -0.0524002
25.56 -0.0523197
25.57 -0.0524003
25.58 -0.0523197
25.59 -0.0524003
25.6 -0.0523197
25.61 -0.0524003
25.62 -0.0523196
25.63 -0.0524004
25.64 -0.0523196
25.65 -0.0524004
25.66 -0.0523196
25.67 -0.0524004
25.68 -0.0523196
25.69 -0.0524005
25.7 -0.0523195
25.71 -0.0524005
25.72 -0.0523195
25.73 -0.0524005
25.74 -0.0523195
25.75 -0.0524005
25.76 -0.0523194
25.77 -0.0524006
25.78 -0.0523194
25.79 -0.0524006
25.8 -0.0523194
25.81 -0.0524006
25.82 -0.0523193
25.83 -0.0524007
25.84 -0.0523193
25.85 -0.0524007
25.86 -0.0523193
25.87 -0.0524007
25.88 -0.0523193
25.89 -0.0524008
25.9 -0.0523192
25.91 -0.0524008
25.92 -0.0523192
25.93 -0.0524008
25.94 -0.0523192
25.95 -0.0524009
25.96 -0.0523191
25.97 -0.0524009
25.98 -0.0523191
25.99 -0.0524009
26 -0.0523191
26.01 -0.0524009
26.02 -0.052319
26.03 -0.052401
26.04 -0.052319
26.05 -0.052401
26.06 -0.052319
26.07 -0.052401
26.08 -0.0523189
26.09 -0.0524011
26.1 -0.0523189
26.11 -0.0524011
26.12 -0.0523189
26.13 -0.0524011
26.14 -0.0523189
26.15 -0.0524012
26.16 -0.0523188
26.17 -0.0524012
26.18 -0.0523188
26.19 -0.0524012
26.2 -0.0523188
26.21 -0.0524012
26.22 -0.0523187
26.23 -0.0524013
26.24 -0.0523187
26.25 -0.0524013
26.26 -0.0523187
26.27 -0.0524013
26.28 -0.0523186
26.29 -0.0524014
26.3 -0.0523186
26.31 -0.0524014
26.32 -0.0523186
26.33 -0.0524014
26.34 -0.0523186
26.35 -0.0524015
26.36 -0.0523185
26.37 -0.0524015
26.38 -0.0523185
26.39 -0.0524015
26.4 -0.0523185
26.41 -0.0524015
26.42 -0.0523184
26.43 -0.0524016
26.44 -0.0523184
26.45 -0.0524016
26.46 -0.0523184
26.47 -0.0524016
26.48 -0.0523183
26.49 -0.0524017
26.5 -0.0523183
26.51 -0.0524017
26.52 -0.0523183
26.53 -0.0524017
26.54 -0.0523183
26.55 -0.0524018
26.56 -0.0523182
26.57 -0.0524018
26.58 -0.0523182
26.59 -0.0524018
26.6 -0.0523182
26.61 -0.0524019
26.62 -0.0523181
26.63 -0.0524019
26.64 -0.0523181
26.65 -0.0524019
26.66 -0.0523181
26.67 -0.0524019
26.68 -0.052318
26.69 -0.052402
26.7 -0.052318
26.71 -0.052402
26.72 -0.052318
26.73 -0.052402
26.74 -0.0523179
26.75 -0.0524021
26.76 -0.0523179
26.77 -0.0524021
26.78 -0.0523179
26.79 -0.0524021
26.8 -0.0523179
26.81 -0.0524022
26.82 -0.0523178
26.83 -0.0524022
26.84 -0.0523178
26.85 -0.0524022
26.86 -0.0523178
26.87 -0.0524022
26.88 -0.0523177
26.89 -0.0524023
26.9 -0.0523177
26.91 -0.0524023
26.92 -0.0523177
26.93 -0.0524023
26.94 -0.0523176
26.95 -0.0524024
26.96 -0.0523176
26.97 -0.0524024
26.98 -0.0523176
26.99 -0.0524024
27 -0.0523176
27.01 -0.0524025
27.02 -0.0523175
27.03 -0.0524025
27.04 -0.0523175
27.05 -0.0524025
27.06 -0.0523175
27.07 -0.0524025
27.08 -0.0523174
27.09 -0.0524026
27.1 -0.0523174
27.11 -0.0524026
27.12 -0.0523174
27.13 -0.0524026
27.14 -0.0523173
27.15 -0.0524027
27.16 -0.0523173
27.17 -0.0524027
27.18 -0.0523173
27.19 -0.0524027
27.2 -0.0523173
27.21 -0.0524028
27.22 -0.0523172
27.23 -0.0524028
27.24 -0.0523172
27.25 -0.0524028
27.26 -0.0523172
27.27 -0.0524028
27.28 -0.0523171
27.29 -0.0524029
27.3 -0.0523171
27.31 -0.0524029
27.32 -0.0523171
27.33 -0.0524029
27.34 -0.052317
27.35 -0.052403
27.36 -0.052317
27.37 -0.052403
27.38 -0.052317
27.39 -0.052403
27.4 -0.052317
27.41 -0.0524031
27.42 -0.0523169
27.43 -0.0524031
27.44 -0.0523169
27.45 -0.0524031
27.46 -0.0523169
27.47 -0.0524032
27.48 -0.0523168
27.49 -0.0524032
27.5 -0.0523168
27.51 -0.0524032
27.52 -0.0523168
27.53 -0.0524032
27.54 -0.0523167
27.55 -0.0524033
27.56 -0.0523167
27.57 -0.0524033
27.58 -0.0523167
27.59 -0.0524033
27.6 -0.0523166
27.61 -0.0524034
27.62 -0.0523166
27.63 -0.0524034
27.64 -0.0523166
27.65 -0.0524034
27.66 -0.0523166
27.67 -0.0524035
27.68 -0.0523165
27.69 -0.0524035
27.7 -0.0523165
27.71 -0.0524035
27.72 -0.0523165
27.73 -0.0524035
27.74 -0.0523164
27.75 -0.0524036
27.76 -0.0523164
27.77 -0.0524036
27.78 -0.0523164
27.79 -0.0524036
27.8 -0.0523163
27.81 -0.0524037
27.82 -0.0523163
27.83 -0.0524037
27.84 -0.0523163
27.85 -0.0524037
27.86 -0.0523163
27.87 -0.0524038
27.88 -0.0523162
27.89 -0.0524038
27.9 -0.0523162
27.91 -0.0524038
27.92 -0.0523162
27.93 -0.0524038
27.94 -0.0523161
27.95 -0.0524039
27.96 -0.0523161
27.97 -0.0524039
27.98 -0.0523161
27.99 -0.0524039
28 -0.052316
28.01 -0.052404
28.02 -0.052316
28.03 -0.052404
28.04 -0.052316
28.05 -0.052404
28.06 -0.052316
28.07 -0.0524041
28.08 -0.0523159
28.09 -0.0524041
28.1 -0.0523159
28.11 -0.0524041
28.12 -0.0523159
28.13 -0.0524041
28.14 -0.0523158
28.15 -0.0524042
28.16 -0.0523158
28.17 -0.0524042
28.18 -0.0523158
28.19 -0.0524042
28.2 -0.0523157
28.21 -0.0524043
28.22 -0.0523157
28.23 -0.0524043
28.24 -0.0523157
28.25 -0.0524043
28.26 -0.0523157
28.27 -0.0524044
28.28 -0.0523156
28.29 -0.0524044
28.3 -0.0523156
28.31 -0.0524044
28.32 -0.0523156
28.33 -0.0524044
28.34 -0.0523155
28.35 -0.0524045
28.36 -0.0523155
28.37 -0.0524045
28.38 -0.0523155
28.39 -0.0524045
28.4 -0.0523154
28.41 -0.0524046
28.42 -0.0523154
28.43 -0.0524046
28.44 -0.0523154
28.45 -0.0524046
28.46 -0.0523154
28.47 -0.0524047
28.48 -0.0523153
28.49 -0.0524047
28.5 -0.0523153
28.51 -0.0524047
28.52 -0.0523153
28.53 -0.0524047
28.54 -0.0523152
28.55 -0.0524048
28.56 -0.0523152
28.57 -0.0524048
28.58 -0.0523152
28.59 -0.0524048
28.6 -0.0523151
28.61 -0.0524049
28.62 -0.0523151
28.63 -0.0524049
28.64 -0.0523151
28.65 -0.0524049
28.66 -0.0523151
28.67 -0.052405
28.68 -0.052315
28.69 -0.052405
28.7 -0.052315
28.71 -0.052405
28.72 -0.052315
28.73 -0.052405
28.74 -0.0523149
28.75 -0.0524051
28.76 -0.0523149
28.77 -0.0524051
28.78 -0.0523149
28.79 -0.0524051
28.8 -0.0523148
28.81 -0.0524052
28.82 -0.0523148
28.83 -0.0524052
28.84 -0.0523148
28.85 -0.0524052
28.86 -0.0523148
28.87 -0.0524053
28.88 -0.0523147
28.89 -0.0524053
28.9 -0.0523147
28.91 -0.0524053
28.92 -0.0523147
28.93 -0.0524053
28.94 -0.0523146
28.95 -0.0524054
28.96 -0.0523146
28.97 -0.0524054
28.98 -0.0523146
28.99 -0.0524054
29 -0.0523145
29.01 -0.0524055
29.02 -0.0523145
29.03 -0.0524055
29.04 -0.0523145
29.05 -0.0524055
29.06 -0.0523145
29.07 -0.0524056
29.08 -0.0523144
29.09 -0.0524056
29.1 -0.0523144
29.11 -0.0524056
29.12 -0.0523144
29.13 -0.0524056
29.14 -0.0523143
29.15 -0.0524057
29.16 -0.0523143
29.17 -0.0524057
29.18 -0.0523143
29.19 -0.0524057
29.2 -0.0523142
29.21 -0.0524058
29.22 -0.0523142
29.23 -0.0524058
29.24 -0.0523142
29.25 -0.0524058
29.26 -0.0523142
29.27 -0.0524059
29.28 -0.0523141
29.29 -0.0524059
29.3 -0.0523141
29.31 -0.0524059
29.32 -0.0523141
29.33 -0.0524059
29.34 -0.052314
29.35 -0.052406
29.36 -0.052314
29.37 -0.052406
29.38 -0.052314
29.39 -0.052406
29.4 -0.0523139
29.41 -0.0524061
29.42 -0.0523139
29.43 -0.0524061
29.44 -0.0523139
29.45 -0.0524061
29.46 -0.0523139
29.47 -0.0524062
29.48 -0.0523138
29.49 -0.0524062
29.5 -0.0523138
29.51 -0.0524062
29.52 -0.0523138
29.53 -0.0524062
29.54 -0.0523137
29.55 -0.0524063
29.56 -0.0523137
29.57 -0.0524063
29.58 -0.0523137
29.59 -0.0524063
29.6 -0.0523136
29.61 -0.0524064
29.62 -0.0523136
29.63 -0.0524064
29.64 -0.0523136
29.65 -0.0524064
29.66 -0.0523136
29.67 -0.0524065
29.68 -0.0523135
29.69 -0.0524065
29.7 -0.0523135
29.71 -0.0524065
29.72 -0.0523135
29.73 -0.0524065
29.74 -0.0523134
29.75 -0.0524066
29.76 -0.0523134
29.77 -0.0524066
29.78 -0.0523134
29.79 -0.0524066
29.8 -0.0523134
29.81 -0.0524067
29.82 -0.0523133
29.83 -0.0524067
29.84 -0.0523133
29.85 -0.0524067
29.86 -0.0523133
29.87 -0.0524067
29.88 -0.0523132
29.89 -0.0524068
29.9 -0.0523132
29.91 -0.0524068
29.92 -0.0523132
29.93 -0.0524068
29.94 -0.0523131
29.95 -0.0524069
29.96 -0.0523131
29.97 -0.0524069
29.98 -0.0523131
29.99 -0.0524069
30 -0.0523131
30.01 -0.052407
30.02 -0.052313
30.03 -0.052407
30.04 -0.052313
30.05 -0.052407
30.06 -0.052313
30.07 -0.052407
30.08 -0.0523129
30.09 -0.0524071
30.1 -0.0523129
30.11 -0.0524071
30.12 -0.0523129
30.13 -0.0524071
30.14 -0.0523128
30.15 -0.0524072
30.16 -0.0523128
30.17 -0.0524072
30.18 -0.0523128
30.19 -0.0524072
30.2 -0.0523128
30.21 -0.0524073
30.22 -0.0523127
30.23 -0.0524073
30.24 -0.0523127
30.25 -0.0524073
30.26 -0.0523127
30.27 -0.0524073
30.28 -0.0523126
30.29 -0.0524074
30.3 -0.0523126
30.31 -0.0524074
30.32 -0.0523126
30.33 -0.0524074
30.34 -0.0523125
30.35 -0.0524075
30.36 -0.0523125
30.37 -0.0524075
30.38 -0.0523125
30.39 -0.0524075
30.4 -0.0523125
30.41 -0.0524076
30.42 -0.0523124
30.43 -0.0524076
30.44 -0.0523124
30.45 -0.0524076
30.46 -0.0523124
30.47 -0.0524076
30.48 -0.0523123
30.49 -0.0524077
30.5 -0.0523123
30.51 -0.0524077
30.52 -0.0523123
30.53 -0.0524077
30.54 -0.0523122
30.55 -0.0524078
30.56 -0.0523122
30.57 -0.0524078
30.58 -0.0523122
30.59 -0.0524078
30.6 -0.0523122
30.61 -0.0524079
30.62 -0.0523121
30.63 -0.0524079
30.64 -0.0523121
30.65 -0.0524079
30.66 -0.0523121
30.67 -0.0524079
30.68 -0.052312
30.69 -0.052408
30.7 -0.052312
30.71 -0.052408
30.72 -0.052312
30.73 -0.052408
30.74 -0.052312
30.75 -0.0524081
30.76 -0.0523119
30.77 -0.0524081
30.78 -0.0523119
30.79 -0.0524081
30.8 -0.0523119
30.81 -0.0524081
30.82 -0.0523118
30.83 -0.0524082
30.84 -0.0523118
30.85 -0.0524082
30.86 -0.0523118
30.87 -0.0524082
30.88 -0.0523117
30.89 -0.0524083
30.9 -0.0523117
30.91 -0.0524083
30.92 -0.0523117
30.93 -0.0524083
30.94 -0.0523117
30.95 -0.0524084
30.96 -0.0523116
30.97 -0.0524084
30.98 -0.0523116
30.99 -0.0524084
31 -0.0523116
31.01 -0.0524084
31.02 -0.0523115
31.03 -0.0524085
31.04 -0.0523115
31.05 -0.0524085
31.06 -0.0523115
31.07 -0.0524085
31.08 -0.0523114
31.09 -0.0524086
31.1 -0.0523114
31.11 -0.0524086
31.12 -0.0523114
31.13 -0.0524086
31.14 -0.0523114
31.15 -0.0524087
31.16 -0.0523113
31.17 -0.0524087
31.18 -0.0523113
31.19 -0.0524087
31.2 -0.0523113
31.21 -0.0524087
31.22 -0.0523112
31.23 -0.0524088
31.24 -0.0523112
31.25 -0.0524088
31.26 -0.0523112
31.27 -0.0524088
31.28 -0.0523112
31.29 -0.0524089
31.3 -0.0523111
31.31 -0.0524089
31.32 -0.0523111
31.33 -0.0524089
31.34 -0.0523111
31.35 -0.0524089
31.36 -0.052311
31.37 -0.052409
31.38 -0.052311
31.39 -0.052409
31.4 -0.052311
31.41 -0.052409
31.42 -0.0523109
31.43 -0.0524091
31.44 -0.0523109
31.45 -0.0524091
31.46 -0.0523109
31.47 -0.0524091
31.48 -0.0523109
31.49 -0.0524092
31.5 -0.0523108
31.51 -0.0524092
31.52 -0.0523108
31.53 -0.0524092
31.54 -0.0523108
31.55 -0.0524092
31.56 -0.0523107
31.57 -0.0524093
31.58 -0.0523107
31.59 -0.0524093
31.6 -0.0523107
31.61 -0.0524093
31.62 -0.0523107
31.63 -0.0524094
31.64 -0.0523106
31.65 -0.0524094
31.66 -0.0523106
31.67 -0.0524094
31.68 -0.0523106
31.69 -0.0524094
31.7 -0.0523105
31.71 -0.0524095
31.72 -0.0523105
31.73 -0.0524095
31.74 -0.0523105
31.75 -0.0524095
31.76 -0.0523104
31.77 -0.0524096
31.78 -0.0523104
31.79 -0.0524096
31.8 -0.0523104
31.81 -0.0524096
31.82 -0.0523104
31.83 -0.0524097
31.84 -0.0523103
31.85 -0.0524097
31.86 -0.0523103
31.87 -0.0524097
31.88 -0.0523103
31.89 -0.0524097
31.9 -0.0523102
31.91 -0.0524098
31.92 -0.0523102
31.93 -0.0524098
31.94 -0.0523102
31.95 -0.0524098
31.96 -0.0523101
31.97 -0.0524099
31.98 -0.0523101
31.99 -0.0524099
32 -0.0523101
32.01 -0.0524099
32.02 -0.0523101
32.03 -0.05241
32.04 -0.05231
32.05 -0.05241
32.06 -0.05231
32.07 -0.05241
32.08 -0.05231
32.09 -0.05241
32.1 -0.0523099
32.11 -0.0524101
32.12 -0.0523099
32.13 -0.0524101
32.14 -0.0523099
32.15 -0.0524101
32.16 -0.0523099
32.17 -0.0524102
32.18 -0.0523098
32.19 -0.0524102
32.2 -0.0523098
32.21 -0.0524102
32.22 -0.0523098
32.23 -0.0524102
32.24 -0.0523097
32.25 -0.0524103
32.26 -0.0523097
32.27 -0.0524103
32.28 -0.0523097
32.29 -0.0524103
32.3 -0.0523096
32.31 -0.0524104
32.32 -0.0523096
32.33 -0.0524104
32.34 -0.0523096
32.35 -0.0524104
32.36 -0.0523096
32.37 -0.0524105
32.38 -0.0523095
32.39 -0.0524105
32.4 -0.0523095
32.41 -0.0524105
32.42 -0.0523095
32.43 -0.0524105
32.44 -0.0523094
32.45 -0.0524106
32.46 -0.0523094
32.47 -0.0524106
32.48 -0.0523094
32.49 -0.0524106
32.5 -0.0523094
32.51 -0.0524107
32.52 -0.0523093
32.53 -0.0524107
32.54 -0.0523093
32.55 -0.0524107
32.56 -0.0523093
32.57 -0.0524107
32.58 -0.0523092
32.59 -0.0524108
32.6 -0.0523092
32.61 -0.0524108
32.62 -0.0523092
32.63 -0.0524108
32.64 -0.0523091
32.65 -0.0524109
32.66 -0.0523091
32.67 -0.0524109
32.68 -0.0523091
32.69 -0.0524109
32.7 -0.0523091
32.71 -0.052411
32.72 -0.052309
32.73 -0.052411
32.74 -0.052309
32.75 -0.052411
32.76 -0.052309
32.77 -0.052411
32.78 -0.0523089
32.79 -0.0524111
32.8 -0.0523089
32.81 -0.0524111
32.82 -0.0523089
32.83 -0.0524111
32.84 -0.0523089
32.85 -0.0524112
32.86 -0.0523088
32.87 -0.0524112
32.88 -0.0523088
32.89 -0.0524112
32.9 -0.0523088
32.91 -0.0524112
32.92 -0.0523087
32.93 -0.0524113
32.94 -0.0523087
32.95 -0.0524113
32.96 -0.0523087
32.97 -0.0524113
32.98 -0.0523086
32.99 -0.0524114
33 -0.0523086
33.01 -0.0524114
33.02 -0.0523086
33.03 -0.0524114
33.04 -0.0523086
33.05 -0.0524115
33.06 -0.0523085
33.07 -0.0524115
33.08 -0.0523085
33.09 -0.0524115
33.1 -0.0523085
33.11 -0.0524115
33.12 -0.0523084
33.13 -0.0524116
33.14 -0.0523084
33.15 -0.0524116
33.16 -0.0523084
33.17 -0.0524116
33.18 -0.0523084
33.19 -0.0524117
33.2 -0.0523083
33.21 -0.0524117
33.22 -0.0523083
33.23 -0.0524117
33.24 -0.0523083
33.25 -0.0524117
33.26 -0.0523082
33.27 -0.0524118
33.28 -0.0523082
33.29 -0.0524118
33.3 -0.0523082
33.31 -0.0524118
33.32 -0.0523082
33.33 -0.0524119
33.34 -0.0523081
33.35 -0.0524119
33.36 -0.0523081
33.37 -0.0524119
33.38 -0.0523081
33.39 -0.0524119
33.4 -0.052308
33.41 -0.052412
33.42 -0.052308
33.43 -0.052412
33.44 -0.052308
33.45 -0.052412
33.46 -0.0523079
33.47 -0.0524121
33.48 -0.0523079
33.49 -0.0524121
33.5 -0.0523079
33.51 -0.0524121
33.52 -0.0523079
33.53 -0.0524122
33.54 -0.0523078
33.55 -0.0524122
33.56 -0.0523078
33.57 -0.0524122
33.58 -0.0523078
33.59 -0.0524122
33.6 -0.0523077
33.61 -0.0524123
33.62 -0.0523077
33.63 -0.0524123
33.64 -0.0523077
33.65 -0.0524123
33.66 -0.0523077
33.67 -0.0524124
33.68 -0.0523076
33.69 -0.0524124
33.7 -0.0523076
33.71 -0.0524124
33.72 -0.0523076
33.73 -0.0524124
33.74 -0.0523075
33.75 -0.0524125
33.76 -0.0523075
33.77 -0.0524125
33.78 -0.0523075
33.79 -0.0524125
33.8 -0.0523074
33.81 -0.0524126
33.82 -0.0523074
33.83 -0.0524126
33.84 -0.0523074
33.85 -0.0524126
33.86 -0.0523074
33.87 -0.0524126
33.88 -0.0523073
33.89 -0.0524127
33.9 -0.0523073
33.91 -0.0524127
33.92 -0.0523073
33.93 -0.0524127
33.94 -0.0523072
33.95 -0.0524128
33.96 -0.0523072
33.97 -0.0524128
33.98 -0.0523072
33.99 -0.0524128
34 -0.0523072
34.01 -0.0524129
34.02 -0.0523071
34.03 -0.0524129
34.04 -0.0523071
34.05 -0.0524129
34.06 -0.0523071
34.07 -0.0524129
34.08 -0.052307
34.09 -0.052413
34.1 -0.052307
34.11 -0.052413
34.12 -0.052307
34.13 -0.052413
34.14 -0.052307
34.15 -0.0524131
34.16 -0.0523069
34.17 -0.0524131
34.18 -0.0523069
34.19 -0.0524131
34.2 -0.0523069
34.21 -0.0524131
34.22 -0.0523068
34.23 -0.0524132
34.24 -0.0523068
34.25 -0.0524132
34.26 -0.0523068
34.27 -0.0524132
34.28 -0.0523067
34.29 -0.0524133
34.3 -0.0523067
34.31 -0.0524133
34.32 -0.0523067
34.33 -0.0524133
34.34 -0.0523067
34.35 -0.0524133
34.36 -0.0523066
34.37 -0.0524134
34.38 -0.0523066
34.39 -0.0524134
34.4 -0.0523066
34.41 -0.0524134
34.42 -0.0523065
34.43 -0.0524135
34.44 -0.0523065
34.45 -0.0524135
34.46 -0.0523065
34.47 -0.0524135
34.48 -0.0523065
34.49 -0.0524136
34.5 -0.0523064
34.51 -0.0524136
34.52 -0.0523064
34.53 -0.0524136
34.54 -0.0523064
34.55 -0.0524136
34.56 -0.0523063
34.57 -0.0524137
34.58 -0.0523063
34.59 -0.0524137
34.6 -0.0523063
34.61 -0.0524137
34.62 -0.0523063
34.63 -0.0524138
34.64 -0.0523062
34.65 -0.0524138
34.66 -0.0523062
34.67 -0.0524138
34.68 -0.0523062
34.69 -0.0524138
34.7 -0.0523061
34.71 -0.0524139
34.72 -0.0523061
34.73 -0.0524139
34.74 -0.0523061
34.75 -0.0524139
34.76 -0.0523061
34.77 -0.052414
34.78 -0.052306
34.79 -0.052414
34.8 -0.052306
34.81 -0.052414
34.82 -0.052306
34.83 -0.052414
34.84 -0.0523059
34.85 -0.0524141
34.86 -0.0523059
34.87 -0.0524141
34.88 -0.0523059
34.89 -0.0524141
34.9 -0.0523058
34.91 -0.0524142
34.92 -0.0523058
34.93 -0.0524142
34.94 -0.0523058
34.95 -0.0524142
34.96 -0.0523058
34.97 -0.0524142
34.98 -0.0523057
34.99 -0.0524143
35 -0.0523057
35.01 -0.0524143
35.02 -0.0523057
35.03 -0.0524143
35.04 -0.0523056
35.05 -0.0524144
35.06 -0.0523056
35.07 -0.0524144
35.08 -0.0523056
35.09 -0.0524144
35.1 -0.0523056
35.11 -0.0524145
35.12 -0.0523055
35.13 -0.0524145
35.14 -0.0523055
35.15 -0.0524145
35.16 -0.0523055
35.17 -0.0524145
35.18 -0.0523054
35.19 -0.0524146
35.2 -0.0523054
35.21 -0.0524146
35.22 -0.0523054
35.23 -0.0524146
35.24 -0.0523054
35.25 -0.0524147
35.26 -0.0523053
35.27 -0.0524147
35.28 -0.0523053
35.29 -0.0524147
35.3 -0.0523053
35.31 -0.0524147
35.32 -0.0523052
35.33 -0.0524148
35.34 -0.0523052
35.35 -0.0524148
35.36 -0.0523052
35.37 -0.0524148
35.38 -0.0523052
35.39 -0.0524149
35.4 -0.0523051
35.41 -0.0524149
35.42 -0.0523051
35.43 -0.0524149
35.44 -0.0523051
35.45 -0.0524149
35.46 -0.052305
35.47 -0.052415
35.48 -0.052305
35.49 -0.052415
35.5 -0.052305
35.51 -0.052415
35.52 -0.052305
35.53 -0.0524151
35.54 -0.0523049
35.55 -0.0524151
35.56 -0.0523049
35.57 -0.0524151
35.58 -0.0523049
35.59 -0.0524151
35.6 -0.0523048
35.61 -0.0524152
35.62 -0.0523048
35.63 -0.0524152
35.64 -0.0523048
35.65 -0.0524152
35.66 -0.0523047
35.67 -0.0524153
35.68 -0.0523047
35.69 -0.0524153
35.7 -0.0523047
35.71 -0.0524153
35.72 -0.0523047
35.73 -0.0524153
35.74 -0.0523046
35.75 -0.0524154
35.76 -0.0523046
35.77 -0.0524154
35.78 -0.0523046
35.79 -0.0524154
35.8 -0.0523045
35.81 -0.0524155
35.82 -0.0523045
35.83 -0.0524155
35.84 -0.0523045
35.85 -0.0524155
35.86 -0.0523045
35.87 -0.0524155
35.88 -0.0523044
35.89 -0.0524156
35.9 -0.0523044
35.91 -0.0524156
35.92 -0.0523044
35.93 -0.0524156
35.94 -0.0523043
35.95 -0.0524157
35.96 -0.0523043
35.97 -0.0524157
35.98 -0.0523043
35.99 -0.0524157
36 -0.0523043
36.01 -0.0524158
36.02 -0.0523042
36.03 -0.0524158
36.04 -0.0523042
36.05 -0.0524158
36.06 -0.0523042
36.07 -0.0524158
36.08 -0.0523041
36.09 -0.0524159
36.1 -0.0523041
36.11 -0.0524159
36.12 -0.0523041
36.13 -0.0524159
36.14 -0.0523041
36.15 -0.052416
36.16 -0.052304
36.17 -0.052416
36.18 -0.052304
36.19 -0.052416
36.2 -0.052304
36.21 -0.052416
36.22 -0.0523039
36.23 -0.0524161
36.24 -0.0523039
36.25 -0.0524161
36.26 -0.0523039
36.27 -0.0524161
36.28 -0.0523039
36.29 -0.0524162
36.3 -0.0523038
36.31 -0.0524162
36.32 -0.0523038
36.33 -0.0524162
36.34 -0.0523038
36.35 -0.0524162
36.36 -0.0523037
36.37 -0.0524163
36.38 -0.0523037
36.39 -0.0524163
36.4 -0.0523037
36.41 -0.0524163
36.42 -0.0523037
36.43 -0.0524164
36.44 -0.0523036
36.45 -0.0524164
36.46 -0.0523036
36.47 -0.0524164
36.48 -0.0523036
36.49 -0.0524164
36.5 -0.0523035
36.51 -0.0524165
36.52 -0.0523035
36.53 -0.0524165
36.54 -0.0523035
36.55 -0.0524165
36.56 -0.0523035
36.57 -0.0524166
36.58 -0.0523034
36.59 -0.0524166
36.6 -0.0523034
36.61 -0.0524166
36.62 -0.0523034
36.63 -0.0524166
36.64 -0.0523033
36.65 -0.0524167
36.66 -0.0523033
36.67 -0.0524167
36.68 -0.0523033
36.69 -0.0524167
36.7 -0.0523033
36.71 -0.0524168
36.72 -0.0523032
36.73 -0.0524168
36.74 -0.0523032
36.75 -0.0524168
36.76 -0.0523032
36.77 -0.0524168
36.78 -0.0523031
36.79 -0.0524169
36.8 -0.0523031
36.81 -0.0524169
36.82 -0.0523031
36.83 -0.0524169
36.84 -0.0523031
36.85 -0.052417
36.86 -0.052303
36.87 -0.052417
36.88 -0.052303
36.89 -0.052417
36.9 -0.052303
36.91 -0.052417
36.92 -0.0523029
36.93 -0.0524171
36.94 -0.0523029
36.95 -0.0524171
36.96 -0.0523029
36.97 -0.0524171
36.98 -0.0523029
36.99 -0.0524172
37 -0.0523028
37.01 -0.0524172
37.02 -0.0523028
37.03 -0.0524172
37.04 -0.0523028
37.05 -0.0524172
37.06 -0.0523027
37.07 -0.0524173
37.08 -0.0523027
37.09 -0.0524173
37.1 -0.0523027
37.11 -0.0524173
37.12 -0.0523027
37.13 -0.0524174
37.14 -0.0523026
37.15 -0.0524174
37.16 -0.0523026
37.17 -0.0524174
37.18 -0.0523026
37.19 -0.0524174
37.2 -0.0523025
37.21 -0.0524175
37.22 -0.0523025
37.23 -0.0524175
37.24 -0.0523025
37.25 -0.0524175
37.26 -0.0523025
37.27 -0.0524176
37.28 -0.0523024
37.29 -0.0524176
37.3 -0.0523024
37.31 -0.0524176
37.32 -0.0523024
37.33 -0.0524176
37.34 -0.0523023
37.35 -0.0524177
37.36 -0.0523023
37.37 -0.0524177
37.38 -0.0523023
37.39 -0.0524177
37.4 -0.0523023
37.41 -0.0524178
37.42 -0.0523022
37.43 -0.0524178
37.44 -0.0523022
37.45 -0.0524178
37.46 -0.0523022
37.47 -0.0524178
37.48 -0.0523021
37.49 -0.0524179
37.5 -0.0523021
37.51 -0.0524179
37.52 -0.0523021
37.53 -0.0524179
37.54 -0.0523021
37.55 -0.052418
37.56 -0.052302
37.57 -0.052418
37.58 -0.052302
37.59 -0.052418
37.6 -0.052302
37.61 -0.052418
37.62 -0.0523019
37.63 -0.0524181
37.64 -0.0523019
37.65 -0.0524181
37.66 -0.0523019
37.67 -0.0524181
37.68 -0.0523019
37.69 -0.0524182
37.7 -0.0523018
37.71 -0.0524182
37.72 -0.0523018
37.73 -0.0524182
37.74 -0.0523018
37.75 -0.0524182
37.76 -0.0523017
37.77 -0.0524183
37.78 -0.0523017
37.79 -0.0524183
37.8 -0.0523017
37.81 -0.0524183
37.82 -0.0523017
37.83 -0.0524184
37.84 -0.0523016
37.85 -0.0524184
37.86 -0.0523016
37.87 -0.0524184
37.88 -0.0523016
37.89 -0.0524184
37.9 -0.0523015
37.91 -0.0524185
37.92 -0.0523015
37.93 -0.0524185
37.94 -0.0523015
37.95 -0.0524185
37.96 -0.0523015
37.97 -0.0524186
37.98 -0.0523014
37.99 -0.0524186
38 -0.0523014
38.01 -0.0524186
38.02 -0.0523014
38.03 -0.0524186
38.04 -0.0523013
38.05 -0.0524187
38.06 -0.0523013
38.07 -0.0524187
38.08 -0.0523013
38.09 -0.0524187
38.1 -0.0523013
38.11 -0.0524188
38.12 -0.0523012
38.13 -0.0524188
38.14 -0.0523012
38.15 -0.0524188
38.16 -0.0523012
38.17 -0.0524188
38.18 -0.0523011
38.19 -0.0524189
38.2 -0.0523011
38.21 -0.0524189
38.22 -0.0523011
38.23 -0.0524189
38.24 -0.0523011
38.25 -0.052419
38.26 -0.052301
38.27 -0.052419
38.28 -0.052301
38.29 -0.052419
38.3 -0.052301
38.31 -0.052419
38.32 -0.0523009
38.33 -0.0524191
38.34 -0.0523009
38.35 -0.0524191
38.36 -0.0523009
38.37 -0.0524191
38.38 -0.0523009
38.39 -0.0524192
38.4 -0.0523008
38.41 -0.0524192
38.42 -0.0523008
38.43 -0.0524192
38.44 -0.0523008
38.45 -0.0524192
38.46 -0.0523007
38.47 -0.0524193
38.48 -0.0523007
38.49 -0.0524193
38.5 -0.0523007
38.51 -0.0524193
38.52 -0.0523007
38.53 -0.0524194
38.54 -0.0523006
38.55 -0.0524194
38.56 -0.0523006
38.57 -0.0524194
38.58 -0.0523006
38.59 -0.0524194
38.6 -0.0523005
38.61 -0.0524195
38.62 -0.0523005
38.63 -0.0524195
38.64 -0.0523005
38.65 -0.0524195
38.66 -0.0523005
38.67 -0.0524195
38.68 -0.0523004
38.69 -0.0524196
38.7 -0.0523004
38.71 -0.0524196
38.72 -0.0523004
38.73 -0.0524196
38.74 -0.0523003
38.75 -0.0524197
38.76 -0.0523003
38.77 -0.0524197
38.78 -0.0523003
38.79 -0.0524197
38.8 -0.0523003
38.81 -0.0524197
38.82 -0.0523002
38.83 -0.0524198
38.84 -0.0523002
38.85 -0.0524198
38.86 -0.0523002
38.87 -0.0524198
38.88 -0.0523001
38.89 -0.0524199
38.9 -0.0523001
38.91 -0.0524199
38.92 -0.0523001
38.93 -0.0524199
38.94 -0.0523001
38.95 -0.0524199
38.96 -0.0523
38.97 -0.05242
38.98 -0.0523
38.99 -0.05242
39 -0.0523
39.01 -0.05242
39.02 -0.0523
39.03 -0.0524201
39.04 -0.0522999
39.05 -0.0524201
39.06 -0.0522999
39.07 -0.0524201
39.08 -0.0522999
39.09 -0.0524201
39.1 -0.0522998
39.11 -0.0524202
39.12 -0.0522998
39.13 -0.0524202
39.14 -0.0522998
39.15 -0.0524202
39.16 -0.0522998
39.17 -0.0524203
39.18 -0.0522997
39.19 -0.0524203
39.2 -0.0522997
39.21 -0.0524203
39.22 -0.0522997
39.23 -0.0524203
39.24 -0.0522996
39.25 -0.0524204
39.26 -0.0522996
39.27 -0.0524204
39.28 -0.0522996
39.29 -0.0524204
39.3 -0.0522996
39.31 -0.0524205
39.32 -0.0522995
39.33 -0.0524205
39.34 -0.0522995
39.35 -0.0524205
39.36 -0.0522995
39.37 -0.0524205
39.38 -0.0522994
39.39 -0.0524206
39.4 -0.0522994
39.41 -0.0524206
39.42 -0.0522994
39.43 -0.0524206
39.44 -0.0522994
39.45 -0.0524207
39.46 -0.0522993
39.47 -0.0524207
39.48 -0.0522993
39.49 -0.0524207
39.5 -0.0522993
39.51 -0.0524207
39.52 -0.0522992
39.53 -0.0524208
39.54 -0.0522992
39.55 -0.0524208
39.56 -0.0522992
39.57 -0.0524208
39.58 -0.0522992
39.59 -0.0524208
39.6 -0.0522991
39.61 -0.0524209
39.62 -0.0522991
39.63 -0.0524209
39.64 -0.0522991
39.65 -0.0524209
39.66 -0.052299
39.67 -0.052421
39.68 -0.052299
39.69 -0.052421
39.7 -0.052299
39.71 -0.052421
39.72 -0.052299
39.73 -0.052421
39.74 -0.0522989
39.75 -0.0524211
39.76 -0.0522989
39.77 -0.0524211
39.78 -0.0522989
39.79 -0.0524211
39.8 -0.0522989
39.81 -0.0524212
39.82 -0.0522988
39.83 -0.0524212
39.84 -0.0522988
39.85 -0.0524212
39.86 -0.0522988
39.87 -0.0524212
39.88 -0.0522987
39.89 -0.0524213
39.9 -0.0522987
39.91 -0.0524213
39.92 -0.0522987
39.93 -0.0524213
39.94 -0.0522987
39.95 -0.0524214
39.96 -0.0522986
39.97 -0.0524214
39.98 -0.0522986
39.99 -0.0524214
40 -0.0522986
40.01 -0.0524214
40.02 -0.0522985
40.03 -0.0524215
40.04 -0.0522985
40.05 -0.0524215
40.06 -0.0522985
40.07 -0.0524215
40.08 -0.0522985
40.09 -0.0524216
40.1 -0.0522984
40.11 -0.0524216
40.12 -0.0522984
40.13 -0.0524216
40.14 -0.0522984
40.15 -0.0524216
40.16 -0.0522983
40.17 -0.0524217
40.18 -0.0522983
40.19 -0.0524217
40.2 -0.0522983
40.21 -0.0524217
40.22 -0.0522983
40.23 -0.0524217
40.24 -0.0522982
40.25 -0.0524218
40.26 -0.0522982
40.27 -0.0524218
40.28 -0.0522982
40.29 -0.0524218
40.3 -0.0522982
40.31 -0.0524219
40.32 -0.0522981
40.33 -0.0524219
40.34 -0.0522981
40.35 -0.0524219
40.36 -0.0522981
40.37 -0.0524219
40.38 -0.052298
40.39 -0.052422
40.4 -0.052298
40.41 -0.052422
40.42 -0.052298
40.43 -0.052422
40.44 -0.052298
40.45 -0.0524221
40.46 -0.0522979
40.47 -0.0524221
40.48 -0.0522979
40.49 -0.0524221
40.5 -0.0522979
40.51 -0.0524221
40.52 -0.0522978
40.53 -0.0524222
40.54 -0.0522978
40.55 -0.0524222
40.56 -0.0522978
40.57 -0.0524222
40.58 -0.0522978
40.59 -0.0524222
40.6 -0.0522977
40.61 -0.0524223
40.62 -0.0522977
40.63 -0.0524223
40.64 -0.0522977
40.65 -0.0524223
40.66 -0.0522976
40.67 -0.0524224
40.68 -0.0522976
40.69 -0.0524224
40.7 -0.0522976
40.71 -0.0524224
40.72 -0.0522976
40.73 -0.0524224
40.74 -0.0522975
40.75 -0.0524225
40.76 -0.0522975
40.77 -0.0524225
40.78 -0.0522975
40.79 -0.0524225
40.8 -0.0522975
40.81 -0.0524226
40.82 -0.0522974
40.83 -0.0524226
40.84 -0.0522974
40.85 -0.0524226
40.86 -0.0522974
40.87 -0.0524226
40.88 -0.0522973
40.89 -0.0524227
40.9 -0.0522973
40.91 -0.0524227
40.92 -0.0522973
40.93 -0.0524227
40.94 -0.0522973
40.95 -0.0524228
40.96 -0.0522972
40.97 -0.0524228
40.98 -0.0522972
40.99 -0.0524228
41 -0.0522972
41.01 -0.0524228
41.02 -0.0522971
41.03 -0.0524229
41.04 -0.0522971
41.05 -0.0524229
41.06 -0.0522971
41.07 -0.0524229
41.08 -0.0522971
41.09 -0.0524229
41.1 -0.052297
41.11 -0.052423
41.12 -0.052297
41.13 -0.052423
41.14 -0.052297
41.15 -0.052423
41.16 -0.052297
41.17 -0.0524231
41.18 -0.0522969
41.19 -0.0524231
41.2 -0.0522969
41.21 -0.0524231
41.22 -0.0522969
41.23 -0.0524231
41.24 -0.0522968
41.25 -0.0524232
41.26 -0.0522968
41.27 -0.0524232
41.28 -0.0522968
41.29 -0.0524232
41.3 -0.0522968
41.31 -0.0524233
41.32 -0.0522967
41.33 -0.0524233
41.34 -0.0522967
41.35 -0.0524233
41.36 -0.0522967
41.37 -0.0524233
41.38 -0.0522966
41.39 -0.0524234
41.4 -0.0522966
41.41 -0.0524234
41.42 -0.0522966
41.43 -0.0524234
41.44 -0.0522966
41.45 -0.0524234
41.46 -0.0522965
41.47 -0.0524235
41.48 -0.0522965
41.49 -0.0524235
41.5 -0.0522965
41.51 -0.0524235
41.52 -0.0522965
41.53 -0.0524236
41.54 -0.0522964
41.55 -0.0524236
41.56 -0.0522964
41.57 -0.0524236
41.58 -0.0522964
41.59 -0.0524236
41.6 -0.0522963
41.61 -0.0524237
41.62 -0.0522963
41.63 -0.0524237
41.64 -0.0522963
41.65 -0.0524237
41.66 -0.0522963
41.67 -0.0524238
41.68 -0.0522962
41.69 -0.0524238
41.7 -0.0522962
41.71 -0.0524238
41.72 -0.0522962
41.73 -0.0524238
41.74 -0.0522961
41.75 -0.0524239
41.76 -0.0522961
41.77 -0.0524239
41.78 -0.0522961
41.79 -0.0524239
41.8 -0.0522961
41.81 -0.0524239
41.82 -0.052296
41.83 -0.052424
41.84 -0.052296
41.85 -0.052424
41.86 -0.052296
41.87 -0.052424
41.88 -0.052296
41.89 -0.0524241
41.9 -0.0522959
41.91 -0.0524241
41.92 -0.0522959
41.93 -0.0524241
41.94 -0.0522959
41.95 -0.0524241
41.96 -0.0522958
41.97 -0.0524242
41.98 -0.0522958
41.99 -0.0524242
42 -0.0522958
42.01 -0.0524242
42.02 -0.0522958
42.03 -0.0524243
42.04 -0.0522957
42.05 -0.0524243
42.06 -0.0522957
42.07 -0.0524243
42.08 -0.0522957
42.09 -0.0524243
42.1 -0.0522956
42.11 -0.0524244
42.12 -0.0522956
42.13 -0.0524244
42.14 -0.0522956
42.15 -0.0524244
42.16 -0.0522956
42.17 -0.0524244
42.18 -0.0522955
42.19 -0.0524245
42.2 -0.0522955
42.21 -0.0524245
42.22 -0.0522955
42.23 -0.0524245
42.24 -0.0522955
42.25 -0.0524246
42.26 -0.0522954
42.27 -0.0524246
42.28 -0.0522954
42.29 -0.0524246
42.3 -0.0522954
42.31 -0.0524246
42.32 -0.0522953
42.33 -0.0524247
42.34 -0.0522953
42.35 -0.0524247
42.36 -0.0522953
42.37 -0.0524247
42.38 -0.0522953
42.39 -0.0524247
42.4 -0.0522952
42.41 -0.0524248
42.42 -0.0522952
42.43 -0.0524248
42.44 -0.0522952
42.45 -0.0524248
42.46 -0.0522952
42.47 -0.0524249
42.48 -0.0522951
42.49 -0.0524249
42.5 -0.0522951
42.51 -0.0524249
42.52 -0.0522951
42.53 -0.0524249
42.54 -0.052295
42.55 -0.052425
42.56 -0.052295
42.57 -0.052425
42.58 -0.052295
42.59 -0.052425
42.6 -0.052295
42.61 -0.0524251
42.62 -0.0522949
42.63 -0.0524251
42.64 -0.0522949
42.65 -0.0524251
42.66 -0.0522949
42.67 -0.0524251
42.68 -0.0522948
42.69 -0.0524252
42.7 -0.0522948
42.71 -0.0524252
42.72 -0.0522948
42.73 -0.0524252
42.74 -0.0522948
42.75 -0.0524252
42.76 -0.0522947
42.77 -0.0524253
42.78 -0.0522947
42.79 -0.0524253
42.8 -0.0522947
42.81 -0.0524253
42.82 -0.0522947
42.83 -0.0524254
42.84 -0.0522946
42.85 -0.0524254
42.86 -0.0522946
42.87 -0.0524254
42.88 -0.0522946
42.89 -0.0524254
42.9 -0.0522945
42.91 -0.0524255
42.92 -0.0522945
42.93 -0.0524255
42.94 -0.0522945
42.95 -0.0524255
42.96 -0.0522945
42.97 -0.0524255
42.98 -0.0522944
42.99 -0.0524256
43 -0.0522944
43.01 -0.0524256
43.02 -0.0522944
43.03 -0.0524256
43.04 -0.0522944
43.05 -0.0524257
43.06 -0.0522943
43.07 -0.0524257
43.08 -0.0522943
43.09 -0.0524257
43.1 -0.0522943
43.11 -0.0524257
43.12 -0.0522942
43.13 -0.0524258
43.14 -0.0522942
43.15 -0.0524258
43.16 -0.0522942
43.17 -0.0524258
43.18 -0.0522942
43.19 -0.0524258
43.2 -0.0522941
43.21 -0.0524259
43.22 -0.0522941
43.23 -0.0524259
43.24 -0.0522941
43.25 -0.0524259
43.26 -0.0522941
43.27 -0.052426
43.28 -0.052294
43.29 -0.052426
43.3 -0.052294
43.31 -0.052426
43.32 -0.052294
43.33 -0.052426
43.34 -0.0522939
43.35 -0.0524261
43.36 -0.0522939
43.37 -0.0524261
43.38 -0.0522939
43.39 -0.0524261
43.4 -0.0522939
43.41 -0.0524261
43.42 -0.0522938
43.43 -0.0524262
43.44 -0.0522938
43.45 -0.0524262
43.46 -0.0522938
43.47 -0.0524262
43.48 -0.0522938
43.49 -0.0524263
43.5 -0.0522937
43.51 -0.0524263
43.52 -0.0522937
43.53 -0.0524263
43.54 -0.0522937
43.55 -0.0524263
43.56 -0.0522936
43.57 -0.0524264
43.58 -0.0522936
43.59 -0.0524264
43.6 -0.0522936
43.61 -0.0524264
43.62 -0.0522936
43.63 -0.0524264
43.64 -0.0522935
43.65 -0.0524265
43.66 -0.0522935
43.67 -0.0524265
43.68 -0.0522935
43.69 -0.0524265
43.7 -0.0522935
43.71 -0.0524266
43.72 -0.0522934
43.73 -0.0524266
43.74 -0.0522934
43.75 -0.0524266
43.76 -0.0522934
43.77 -0.0524266
43.78 -0.0522933
43.79 -0.0524267
43.8 -0.0522933
43.81 -0.0524267
43.82 -0.0522933
43.83 -0.0524267
43.84 -0.0522933
43.85 -0.0524267
43.86 -0.0522932
43.87 -0.0524268
43.88 -0.0522932
43.89 -0.0524268
43.9 -0.0522932
43.91 -0.0524268
43.92 -0.0522932
43.93 -0.0524269
43.94 -0.0522931
43.95 -0.0524269
43.96 -0.0522931
43.97 -0.0524269
43.98 -0.0522931
43.99 -0.0524269
44 -0.052293
44.01 -0.052427
44.02 -0.052293
44.03 -0.052427
44.04 -0.052293
44.05 -0.052427
44.06 -0.052293
44.07 -0.052427
44.08 -0.0522929
44.09 -0.0524271
44.1 -0.0522929
44.11 -0.0524271
44.12 -0.0522929
44.13 -0.0524271
44.14 -0.0522929
44.15 -0.0524272
44.16 -0.0522928
44.17 -0.0524272
44.18 -0.0522928
44.19 -0.0524272
44.2 -0.0522928
44.21 -0.0524272
44.22 -0.0522927
44.23 -0.0524273
44.24 -0.0522927
44.25 -0.0524273
44.26 -0.0522927
44.27 -0.0524273
44.28 -0.0522927
44.29 -0.0524273
44.3 -0.0522926
44.31 -0.0524274
44.32 -0.0522926
44.33 -0.0524274
44.34 -0.0522926
44.35 -0.0524274
44.36 -0.0522926
44.37 -0.0524275
44.38 -0.0522925
44.39 -0.0524275
44.4 -0.0522925
44.41 -0.0524275
44.42 -0.0522925
44.43 -0.0524275
44.44 -0.0522924
44.45 -0.0524276
44.46 -0.0522924
44.47 -0.0524276
44.48 -0.0522924
44.49 -0.0524276
44.5 -0.0522924
44.51 -0.0524276
44.52 -0.0522923
44.53 -0.0524277
44.54 -0.0522923
44.55 -0.0524277
44.56 -0.0522923
44.57 -0.0524277
44.58 -0.0522923
44.59 -0.0524278
44.6 -0.0522922
44.61 -0.0524278
44.62 -0.0522922
44.63 -0.0524278
44.64 -0.0522922
44.65 -0.0524278
44.66 -0.0522921
44.67 -0.0524279
44.68 -0.0522921
44.69 -0.0524279
44.7 -0.0522921
44.71 -0.0524279
44.72 -0.0522921
44.73 -0.0524279
44.74 -0.052292
44.75 -0.052428
44.76 -0.052292
44.77 -0.052428
44.78 -0.052292
44.79 -0.052428
44.8 -0.052292
44.81 -0.0524281
44.82 -0.0522919
44.83 -0.0524281
44.84 -0.0522919
44.85 -0.0524281
44.86 -0.0522919
44.87 -0.0524281
44.88 -0.0522918
44.89 -0.0524282
44.9 -0.0522918
44.91 -0.0524282
44.92 -0.0522918
44.93 -0.0524282
44.94 -0.0522918
44.95 -0.0524282
44.96 -0.0522917
44.97 -0.0524283
44.98 -0.0522917
44.99 -0.0524283
45 -0.0522917
45.01 -0.0524283
45.02 -0.0522917
45.03 -0.0524284
45.04 -0.0522916
45.05 -0.0524284
45.06 -0.0522916
45.07 -0.0524284
45.08 -0.0522916
45.09 -0.0524284
45.1 -0.0522916
45.11 -0.0524285
45.12 -0.0522915
45.13 -0.0524285
45.14 -0.0522915
45.15 -0.0524285
45.16 -0.0522915
45.17 -0.0524285
45.18 -0.0522914
45.19 -0.0524286
45.2 -0.0522914
45.21 -0.0524286
45.22 -0.0522914
45.23 -0.0524286
45.24 -0.0522914
45.25 -0.0524286
45.26 -0.0522913
45.27 -0.0524287
45.28 -0.0522913
45.29 -0.0524287
45.3 -0.0522913
45.31 -0.0524287
45.32 -0.0522913
45.33 -0.0524288
45.34 -0.0522912
45.35 -0.0524288
45.36 -0.0522912
45.37 -0.0524288
45.38 -0.0522912
45.39 -0.0524288
45.4 -0.0522911
45.41 -0.0524289
45.42 -0.0522911
45.43 -0.0524289
45.44 -0.0522911
45.45 -0.0524289
45.46 -0.0522911
45.47 -0.0524289
45.48 -0.052291
45.49 -0.052429
45.5 -0.052291
45.51 -0.052429
45.52 -0.052291
45.53 -0.052429
45.54 -0.052291
45.55 -0.0524291
45.56 -0.0522909
45.57 -0.0524291
45.58 -0.0522909
45.59 -0.0524291
45.6 -0.0522909
45.61 -0.0524291
45.62 -0.0522909
45.63 -0.0524292
45.64 -0.0522908
45.65 -0.0524292
45.66 -0.0522908
45.67 -0.0524292
45.68 -0.0522908
45.69 -0.0524292
45.7 -0.0522907
45.71 -0.0524293
45.72 -0.0522907
45.73 -0.0524293
45.74 -0.0522907
45.75 -0.0524293
45.76 -0.0522907
45.77 -0.0524293
45.78 -0.0522906
45.79 -0.0524294
45.8 -0.0522906
45.81 -0.0524294
45.82 -0.0522906
45.83 -0.0524294
45.84 -0.0522906
45.85 -0.0524295
45.86 -0.0522905
45.87 -0.0524295
45.88 -0.0522905
45.89 -0.0524295
45.9 -0.0522905
45.91 -0.0524295
45.92 -0.0522904
45.93 -0.0524296
45.94 -0.0522904
45.95 -0.0524296
45.96 -0.0522904
45.97 -0.0524296
45.98 -0.0522904
45.99 -0.0524296
46 -0.0522903
46.01 -0.0524297
46.02 -0.0522903
46.03 -0.0524297
46.04 -0.0522903
46.05 -0.0524297
46.06 -0.0522903
46.07 -0.0524297
46.08 -0.0522902
46.09 -0.0524298
46.1 -0.0522902
46.11 -0.0524298
46.12 -0.0522902
46.13 -0.0524298
46.14 -0.0522902
46.15 -0.0524299
46.16 -0.0522901
46.17 -0.0524299
46.18 -0.0522901
46.19 -0.0524299
46.2 -0.0522901
46.21 -0.0524299
46.22 -0.05229
46.23 -0.05243
46.24 -0.05229
46.25 -0.05243
46.26 -0.05229
46.27 -0.05243
46.28 -0.05229
46.29 -0.05243
46.3 -0.0522899
46.31 -0.0524301
46.32 -0.0522899
46.33 -0.0524301
46.34 -0.0522899
46.35 -0.0524301
46.36 -0.0522899
46.37 -0.0524302
46.38 -0.0522898
46.39 -0.0524302
46.4 -0.0522898
46.41 -0.0524302
46.42 -0.0522898
46.43 -0.0524302
46.44 -0.0522898
46.45 -0.0524303
46.46 -0.0522897
46.47 -0.0524303
46.48 -0.0522897
46.49 -0.0524303
46.5 -0.0522897
46.51 -0.0524303
46.52 -0.0522896
46.53 -0.0524304
46.54 -0.0522896
46.55 -0.0524304
46.56 -0.0522896
46.57 -0.0524304
46.58 -0.0522896
46.59 -0.0524304
46.6 -0.0522895
46.61 -0.0524305
46.62 -0.0522895
46.63 -0.0524305
46.64 -0.0522895
46.65 -0.0524305
46.66 -0.0522895
46.67 -0.0524306
46.68 -0.0522894
46.69 -0.0524306
46.7 -0.0522894
46.71 -0.0524306
46.72 -0.0522894
46.73 -0.0524306
46.74 -0.0522894
46.75 -0.0524307
46.76 -0.0522893
46.77 -0.0524307
46.78 -0.0522893
46.79 -0.0524307
46.8 -0.0522893
46.81 -0.0524307
46.82 -0.0522892
46.83 -0.0524308
46.84 -0.0522892
46.85 -0.0524308
46.86 -0.0522892
46.87 -0.0524308
46.88 -0.0522892
46.89 -0.0524308
46.9 -0.0522891
46.91 -0.0524309
46.92 -0.0522891
46.93 -0.0524309
46.94 -0.0522891
46.95 -0.0524309
46.96 -0.0522891
46.97 -0.0524309
46.98 -0.052289
46.99 -0.052431
47 -0.052289
47.01 -0.052431
47.02 -0.052289
47.03 -0.052431
47.04 -0.052289
47.05 -0.0524311
47.06 -0.0522889
47.07 -0.0524311
47.08 -0.0522889
47.09 -0.0524311
47.1 -0.0522889
47.11 -0.0524311
47.12 -0.0522888
47.13 -0.0524312
47.14 -0.0522888
47.15 -0.0524312
47.16 -0.0522888
47.17 -0.0524312
47.18 -0.0522888
47.19 -0.0524312
47.2 -0.0522887
47.21 -0.0524313
47.22 -0.0522887
47.23 -0.0524313
47.24 -0.0522887
47.25 -0.0524313
47.26 -0.0522887
47.27 -0.0524313
47.28 -0.0522886
47.29 -0.0524314
47.3 -0.0522886
47.31 -0.0524314
47.32 -0.0522886
47.33 -0.0524314
47.34 -0.0522886
47.35 -0.0524315
47.36 -0.0522885
47.37 -0.0524315
47.38 -0.0522885
47.39 -0.0524315
47.4 -0.0522885
47.41 -0.0524315
47.42 -0.0522884
47.43 -0.0524316
47.44 -0.0522884
47.45 -0.0524316
47.46 -0.0522884
47.47 -0.0524316
47.48 -0.0522884
47.49 -0.0524316
47.5 -0.0522883
47.51 -0.0524317
47.52 -0.0522883
47.53 -0.0524317
47.54 -0.0522883
47.55 -0.0524317
47.56 -0.0522883
47.57 -0.0524317
47.58 -0.0522882
47.59 -0.0524318
47.6 -0.0522882
47.61 -0.0524318
47.62 -0.0522882
47.63 -0.0524318
47.64 -0.0522882
47.65 -0.0524319
47.66 -0.0522881
47.67 -0.0524319
47.68 -0.0522881
47.69 -0.0524319
47.7 -0.0522881
47.71 -0.0524319
47.72 -0.0522881
47.73 -0.052432
47.74 -0.052288
47.75 -0.052432
47.76 -0.052288
47.77 -0.052432
47.78 -0.052288
47.79 -0.052432
47.8 -0.0522879
47.81 -0.0524321
47.82 -0.0522879
47.83 -0.0524321
47.84 -0.0522879
47.85 -0.0524321
47.86 -0.0522879
47.87 -0.0524321
47.88 -0.0522878
47.89 -0.0524322
47.9 -0.0522878
47.91 -0.0524322
47.92 -0.0522878
47.93 -0.0524322
47.94 -0.0522878
47.95 -0.0524322
47.96 -0.0522877
47.97 -0.0524323
47.98 -0.0522877
47.99 -0.0524323
48 -0.0522877
48.01 -0.0524323
48.02 -0.0522877
48.03 -0.0524324
48.04 -0.0522876
48.05 -0.0524324
48.06 -0.0522876
48.07 -0.0524324
48.08 -0.0522876
48.09 -0.0524324
48.1 -0.0522876
48.11 -0.0524325
48.12 -0.0522875
48.13 -0.0524325
48.14 -0.0522875
48.15 -0.0524325
48.16 -0.0522875
48.17 -0.0524325
48.18 -0.0522874
48.19 -0.0524326
48.2 -0.0522874
48.21 -0.0524326
48.22 -0.0522874
48.23 -0.0524326
48.24 -0.0522874
48.25 -0.0524326
48.26 -0.0522873
48.27 -0.0524327
48.28 -0.0522873
48.29 -0.0524327
48.3 -0.0522873
48.31 -0.0524327
48.32 -0.0522873
48.33 -0.0524327
48.34 -0.0522872
48.35 -0.0524328
48.36 -0.0522872
48.37 -0.0524328
48.38 -0.0522872
48.39 -0.0524328
48.4 -0.0522872
48.41 -0.0524329
48.42 -0.0522871
48.43 -0.0524329
48.44 -0.0522871
48.45 -0.0524329
48.46 -0.0522871
48.47 -0.0524329
48.48 -0.0522871
48.49 -0.052433
48.5 -0.052287
48.51 -0.052433
48.52 -0.052287
48.53 -0.052433
48.54 -0.052287
48.55 -0.052433
48.56 -0.0522869
48.57 -0.0524331
48.58 -0.0522869
48.59 -0.0524331
48.6 -0.0522869
48.61 -0.0524331
48.62 -0.0522869
48.63 -0.0524331
48.64 -0.0522868
48.65 -0.0524332
48.66 -0.0522868
48.67 -0.0524332
48.68 -0.0522868
48.69 -0.0524332
48.7 -0.0522868
48.71 -0.0524332
48.72 -0.0522867
48.73 -0.0524333
48.74 -0.0522867
48.75 -0.0524333
48.76 -0.0522867
48.77 -0.0524333
48.78 -0.0522867
48.79 -0.0524333
48.8 -0.0522866
48.81 -0.0524334
48.82 -0.0522866
48.83 -0.0524334
48.84 -0.0522866
48.85 -0.0524334
48.86 -0.0522866
48.87 -0.0524335
48.88 -0.0522865
48.89 -0.0524335
48.9 -0.0522865
48.91 -0.0524335
48.92 -0.0522865
48.93 -0.0524335
48.94 -0.0522865
48.95 -0.0524336
48.96 -0.0522864
48.97 -0.0524336
48.98 -0.0522864
48.99 -0.0524336
49 -0.0522864
49.01 -0.0524336
49.02 -0.0522863
49.03 -0.0524337
49.04 -0.0522863
49.05 -0.0524337
49.06 -0.0522863
49.07 -0.0524337
49.08 -0.0522863
49.09 -0.0524337
49.1 -0.0522862
49.11 -0.0524338
49.12 -0.0522862
49.13 -0.0524338
49.14 -0.0522862
49.15 -0.0524338
49.16 -0.0522862
49.17 -0.0524338
49.18 -0.0522861
49.19 -0.0524339
49.2 -0.0522861
49.21 -0.0524339
49.22 -0.0522861
49.23 -0.0524339
49.24 -0.0522861
49.25 -0.0524339
49.26 -0.052286
49.27 -0.052434
49.28 -0.052286
49.29 -0.052434
49.3 -0.052286
49.31 -0.052434
49.32 -0.052286
49.33 -0.0524341
49.34 -0.0522859
49.35 -0.0524341
49.36 -0.0522859
49.37 -0.0524341
49.38 -0.0522859
49.39 -0.0524341
49.4 -0.0522859
49.41 -0.0524342
49.42 -0.0522858
49.43 -0.0524342
49.44 -0.0522858
49.45 -0.0524342
49.46 -0.0522858
49.47 -0.0524342
49.48 -0.0522857
49.49 -0.0524343
49.5 -0.0522857
49.51 -0.0524343
49.52 -0.0522857
49.53 -0.0524343
49.54 -0.0522857
49.55 -0.0524343
49.56 -0.0522856
49.57 -0.0524344
49.58 -0.0522856
49.59 -0.0524344
49.6 -0.0522856
49.61 -0.0524344
49.62 -0.0522856
49.63 -0.0524344
49.64 -0.0522855
49.65 -0.0524345
49.66 -0.0522855
49.67 -0.0524345
49.68 -0.0522855
49.69 -0.0524345
49.7 -0.0522855
49.71 -0.0524345
49.72 -0.0522854
49.73 -0.0524346
49.74 -0.0522854
49.75 -0.0524346
49.76 -0.0522854
49.77 -0.0524346
49.78 -0.0522854
49.79 -0.0524347
49.8 -0.0522853
49.81 -0.0524347
49.82 -0.0522853
49.83 -0.0524347
49.84 -0.0522853
49.85 -0.0524347
49.86 -0.0522853
49.87 -0.0524348
49.88 -0.0522852
49.89 -0.0524348
49.9 -0.0522852
49.91 -0.0524348
49.92 -0.0522852
49.93 -0.0524348
49.94 -0.0522852
49.95 -0.0524349
49.96 -0.0522851
49.97 -0.0524349
49.98 -0.0522851
49.99 -0.0524349
50 -0.0522851
50.01 -0.0524349
50.02 -0.052285
50.03 -0.052435
50.04 -0.052285
50.05 -0.052435
50.06 -0.052285
50.07 -0.052435
50.08 -0.052285
50.09 -0.052435
50.1 -0.0522849
50.11 -0.0524351
50.12 -0.0522849
50.13 -0.0524351
50.14 -0.0522849
50.15 -0.0524351
50.16 -0.0522849
50.17 -0.0524351
50.18 -0.0522848
50.19 -0.0524352
50.2 -0.0522848
50.21 -0.0524352
50.22 -0.0522848
50.23 -0.0524352
50.24 -0.0522848
50.25 -0.0524352
50.26 -0.0522847
50.27 -0.0524353
50.28 -0.0522847
50.29 -0.0524353
50.3 -0.0522847
50.31 -0.0524353
50.32 -0.0522847
50.33 -0.0524353
50.34 -0.0522846
50.35 -0.0524354
50.36 -0.0522846
50.37 -0.0524354
50.38 -0.0522846
50.39 -0.0524354
50.4 -0.0522846
50.41 -0.0524355
50.42 -0.0522845
50.43 -0.0524355
50.44 -0.0522845
50.45 -0.0524355
50.46 -0.0522845
50.47 -0.0524355
50.48 -0.0522845
50.49 -0.0524356
50.5 -0.0522844
50.51 -0.0524356
50.52 -0.0522844
50.53 -0.0524356
50.54 -0.0522844
50.55 -0.0524356
50.56 -0.0522844
50.57 -0.0524357
50.58 -0.0522843
50.59 -0.0524357
50.6 -0.0522843
50.61 -0.0524357
50.62 -0.0522843
50.63 -0.0524357
50.64 -0.0522842
50.65 -0.0524358
50.66 -0.0522842
50.67 -0.0524358
50.68 -0.0522842
50.69 -0.0524358
50.7 -0.0522842
50.71 -0.0524358
50.72 -0.0522841
50.73 -0.0524359
50.74 -0.0522841
50.75 -0.0524359
50.76 -0.0522841
50.77 -0.0524359
50.78 -0.0522841
50.79 -0.0524359
50.8 -0.052284
50.81 -0.052436
50.82 -0.052284
50.83 -0.052436
50.84 -0.052284
50.85 -0.052436
50.86 -0.052284
50.87 -0.052436
50.88 -0.0522839
50.89 -0.0524361
50.9 -0.0522839
50.91 -0.0524361
50.92 -0.0522839
50.93 -0.0524361
50.94 -0.0522839
50.95 -0.0524361
50.96 -0.0522838
50.97 -0.0524362
50.98 -0.0522838
50.99 -0.0524362
51 -0.0522838
51.01 -0.0524362
51.02 -0.0522838
51.03 -0.0524362
51.04 -0.0522837
51.05 -0.0524363
51.06 -0.0522837
51.07 -0.0524363
51.08 -0.0522837
51.09 -0.0524363
51.1 -0.0522837
51.11 -0.0524364
51.12 -0.0522836
51.13 -0.0524364
51.14 -0.0522836
51.15 -0.0524364
51.16 -0.0522836
51.17 -0.0524364
51.18 -0.0522836
51.19 -0.0524365
51.2 -0.0522835
51.21 -0.0524365
51.22 -0.0522835
51.23 -0.0524365
51.24 -0.0522835
51.25 -0.0524365
51.26 -0.0522835
51.27 -0.0524366
51.28 -0.0522834
51.29 -0.0524366
51.3 -0.0522834
51.31 -0.0524366
51.32 -0.0522834
51.33 -0.0524366
51.34 -0.0522834
51.35 -0.0524367
51.36 -0.0522833
51.37 -0.0524367
51.38 -0.0522833
51.39 -0.0524367
51.4 -0.0522833
51.41 -0.0524367
51.42 -0.0522832
51.43 -0.0524368
51.44 -0.0522832
51.45 -0.0524368
51.46 -0.0522832
51.47 -0.0524368
51.48 -0.0522832
51.49 -0.0524368
51.5 -0.0522831
51.51 -0.0524369
51.52 -0.0522831
51.53 -0.0524369
51.54 -0.0522831
51.55 -0.0524369
51.56 -0.0522831
51.57 -0.0524369
51.58 -0.052283
51.59 -0.052437
51.6 -0.052283
51.61 -0.052437
51.62 -0.052283
51.63 -0.052437
51.64 -0.052283
51.65 -0.052437
51.66 -0.0522829
51.67 -0.0524371
51.68 -0.0522829
51.69 -0.0524371
51.7 -0.0522829
51.71 -0.0524371
51.72 -0.0522829
51.73 -0.0524371
51.74 -0.0522828
51.75 -0.0524372
51.76 -0.0522828
51.77 -0.0524372
51.78 -0.0522828
51.79 -0.0524372
51.8 -0.0522828
51.81 -0.0524372
51.82 -0.0522827
51.83 -0.0524373
51.84 -0.0522827
51.85 -0.0524373
51.86 -0.0522827
51.87 -0.0524373
51.88 -0.0522827
51.89 -0.0524373
51.9 -0.0522826
51.91 -0.0524374
51.92 -0.0522826
51.93 -0.0524374
51.94 -0.0522826
51.95 -0.0524374
51.96 -0.0522826
51.97 -0.0524374
51.98 -0.0522825
51.99 -0.0524375
52 -0.0522825
52.01 -0.0524375
52.02 -0.0522825
52.03 -0.0524375
52.04 -0.0522825
52.05 -0.0524375
52.06 -0.0522824
52.07 -0.0524376
52.08 -0.0522824
52.09 -0.0524376
52.1 -0.0522824
52.11 -0.0524376
52.12 -0.0522824
52.13 -0.0524377
52.14 -0.0522823
52.15 -0.0524377
52.16 -0.0522823
52.17 -0.0524377
52.18 -0.0522823
52.19 -0.0524377
52.2 -0.0522823
52.21 -0.0524378
52.22 -0.0522822
52.23 -0.0524378
52.24 -0.0522822
52.25 -0.0524378
52.26 -0.0522822
52.27 -0.0524378
52.28 -0.0522822
52.29 -0.0524379
52.3 -0.0522821
52.31 -0.0524379
52.32 -0.0522821
52.33 -0.0524379
52.34 -0.0522821
52.35 -0.0524379
52.36 -0.0522821
52.37 -0.052438
52.38 -0.052282
52.39 -0.052438
52.4 -0.052282
52.41 -0.052438
52.42 -0.052282
52.43 -0.052438
52.44 -0.052282
52.45 -0.0524381
52.46 -0.0522819
52.47 -0.0524381
52.48 -0.0522819
52.49 -0.0524381
52.5 -0.0522819
52.51 -0.0524381
52.52 -0.0522819
52.53 -0.0524382
52.54 -0.0522818
52.55 -0.0524382
52.56 -0.0522818
52.57 -0.0524382
52.58 -0.0522818
52.59 -0.0524382
52.6 -0.0522818
52.61 -0.0524383
52.62 -0.0522817
52.63 -0.0524383
52.64 -0.0522817
52.65 -0.0524383
52.66 -0.0522817
52.67 -0.0524383
52.68 -0.0522817
52.69 -0.0524384
52.7 -0.0522816
52.71 -0.0524384
52.72 -0.0522816
52.73 -0.0524384
52.74 -0.0522816
52.75 -0.0524384
52.76 -0.0522815
52.77 -0.0524385
52.78 -0.0522815
52.79 -0.0524385
52.8 -0.0522815
52.81 -0.0524385
52.82 -0.0522815
52.83 -0.0524385
52.84 -0.0522814
52.85 -0.0524386
52.86 -0.0522814
52.87 -0.0524386
52.88 -0.0522814
52.89 -0.0524386
52.9 -0.0522814
52.91 -0.0524386
52.92 -0.0522813
52.93 -0.0524387
52.94 -0.0522813
52.95 -0.0524387
52.96 -0.0522813
52.97 -0.0524387
52.98 -0.0522813
52.99 -0.0524387
53 -0.0522812
53.01 -0.0524388
53.02 -0.0522812
53.03 -0.0524388
53.04 -0.0522812
53.05 -0.0524388
53.06 -0.0522812
53.07 -0.0524388
53.08 -0.0522811
53.09 -0.0524389
53.1 -0.0522811
53.11 -0.0524389
53.12 -0.0522811
53.13 -0.0524389
53.14 -0.0522811
53.15 -0.0524389
53.16 -0.052281
53.17 -0.052439
53.18 -0.052281
53.19 -0.052439
53.2 -0.052281
53.21 -0.052439
53.22 -0.052281
53.23 -0.052439
53.24 -0.0522809
53.25 -0.0524391
53.26 -0.0522809
53.27 -0.0524391
53.28 -0.0522809
53.29 -0.0524391
53.3 -0.0522809
53.31 -0.0524391
53.32 -0.0522808
53.33 -0.0524392
53.34 -0.0522808
53.35 -0.0524392
53.36 -0.0522808
53.37 -0.0524392
53.38 -0.0522808
53.39 -0.0524392
53.4 -0.0522807
53.41 -0.0524393
53.42 -0.0522807
53.43 -0.0524393
53.44 -0.0522807
53.45 -0.0524393
53.46 -0.0522807
53.47 -0.0524393
53.48 -0.0522806
53.49 -0.0524394
53.5 -0.0522806
53.51 -0.0524394
53.52 -0.0522806
53.53 -0.0524394
53.54 -0.0522806
53.55 -0.0524394
53.56 -0.0522805
53.57 -0.0524395
53.58 -0.0522805
53.59 -0.0524395
53.6 -0.0522805
53.61 -0.0524395
53.62 -0.0522805
53.63 -0.0524395
53.64 -0.0522804
53.65 -0.0524396
53.66 -0.0522804
53.67 -0.0524396
53.68 -0.0522804
53.69 -0.0524396
53.7 -0.0522804
53.71 -0.0524396
53.72 -0.0522803
53.73 -0.0524397
53.74 -0.0522803
53.75 -0.0524397
53.76 -0.0522803
53.77 -0.0524397
53.78 -0.0522803
53.79 -0.0524397
53.8 -0.0522802
53.81 -0.0524398
53.82 -0.0522802
53.83 -0.0524398
53.84 -0.0522802
53.85 -0.0524398
53.86 -0.0522802
53.87 -0.0524398
53.88 -0.0522801
53.89 -0.0524399
53.9 -0.0522801
53.91 -0.0524399
53.92 -0.0522801
53.93 -0.0524399
53.94 -0.0522801
53.95 -0.0524399
53.96 -0.05228
53.97 -0.05244
53.98 -0.05228
53.99 -0.05244
54 -0.05228
54.01 -0.05244
54.02 -0.05228
54.03 -0.05244
54.04 -0.0522799
54.05 -0.0524401
54.06 -0.0522799
54.07 -0.0524401
54.08 -0.0522799
54.09 -0.0524401
54.1 -0.0522799
54.11 -0.0524401
54.12 -0.0522798
54.13 -0.0524402
54.14 -0.0522798
54.15 -0.0524402
54.16 -0.0522798
54.17 -0.0524402
54.18 -0.0522798
54.19 -0.0524402
54.2 -0.0522797
54.21 -0.0524403
54.22 -0.0522797
54.23 -0.0524403
54.24 -0.0522797
54.25 -0.0524403
54.26 -0.0522797
54.27 -0.0524403
54.28 -0.0522796
54.29 -0.0524404
54.3 -0.0522796
54.31 -0.0524404
54.32 -0.0522796
54.33 -0.0524404
54.34 -0.0522796
54.35 -0.0524404
54.36 -0.0522796
54.37 -0.0524405
54.38 -0.0522795
54.39 -0.0524405
54.4 -0.0522795
54.41 -0.0524405
54.42 -0.0522795
54.43 -0.0524405
54.44 -0.0522795
54.45 -0.0524406
54.46 -0.0522794
54.47 -0.0524406
54.48 -0.0522794
54.49 -0.0524406
54.5 -0.0522794
54.51 -0.0524406
54.52 -0.0522794
54.53 -0.0524407
54.54 -0.0522793
54.55 -0.0524407
54.56 -0.0522793
54.57 -0.0524407
54.58 -0.0522793
54.59 -0.0524407
54.6 -0.0522793
54.61 -0.0524408
54.62 -0.0522792
54.63 -0.0524408
54.64 -0.0522792
54.65 -0.0524408
54.66 -0.0522792
54.67 -0.0524408
54.68 -0.0522792
54.69 -0.0524409
54.7 -0.0522791
54.71 -0.0524409
54.72 -0.0522791
54.73 -0.0524409
54.74 -0.0522791
54.75 -0.0524409
54.76 -0.0522791
54.77 -0.052441
54.78 -0.052279
54.79 -0.052441
54.8 -0.052279
54.81 -0.052441
54.82 -0.052279
54.83 -0.052441
54.84 -0.052279
54.85 -0.0524411
54.86 -0.0522789
54.87 -0.0524411
54.88 -0.0522789
54.89 -0.0524411
54.9 -0.0522789
54.91 -0.0524411
54.92 -0.0522789
54.93 -0.0524412
54.94 -0.0522788
54.95 -0.0524412
54.96 -0.0522788
54.97 -0.0524412
54.98 -0.0522788
54.99 -0.0524412
55 -0.0522788
55.01 -0.0524412
55.02 -0.0522787
55.03 -0.0524413
55.04 -0.0522787
55.05 -0.0524413
55.06 -0.0522787
55.07 -0.0524413
55.08 -0.0522787
55.09 -0.0524413
55.1 -0.0522786
55.11 -0.0524414
55.12 -0.0522786
55.13 -0.0524414
55.14 -0.0522786
55.15 -0.0524414
55.16 -0.0522786
55.17 -0.0524414
55.18 -0.0522785
55.19 -0.0524415
55.2 -0.0522785
55.21 -0.0524415
55.22 -0.0522785
55.23 -0.0524415
55.24 -0.0522785
55.25 -0.0524415
55.26 -0.0522784
55.27 -0.0524416
55.28 -0.0522784
55.29 -0.0524416
55.3 -0.0522784
55.31 -0.0524416
55.32 -0.0522784
55.33 -0.0524416
55.34 -0.0522783
55.35 -0.0524417
55.36 -0.0522783
55.37 -0.0524417
55.38 -0.0522783
55.39 -0.0524417
55.4 -0.0522783
55.41 -0.0524417
55.42 -0.0522782
55.43 -0.0524418
55.44 -0.0522782
55.45 -0.0524418
55.46 -0.0522782
55.47 -0.0524418
55.48 -0.0522782
55.49 -0.0524418
55.5 -0.0522781
55.51 -0.0524419
55.52 -0.0522781
55.53 -0.0524419
55.54 -0.0522781
55.55 -0.0524419
55.56 -0.0522781
55.57 -0.0524419
55.58 -0.052278
55.59 -0.052442
55.6 -0.052278
55.61 -0.052442
55.62 -0.052278
55.63 -0.052442
55.64 -0.052278
55.65 -0.052442
55.66 -0.052278
55.67 -0.0524421
55.68 -0.0522779
55.69 -0.0524421
55.7 -0.0522779
55.71 -0.0524421
55.72 -0.0522779
55.73 -0.0524421
55.74 -0.0522779
55.75 -0.0524422
55.76 -0.0522778
55.77 -0.0524422
55.78 -0.0522778
55.79 -0.0524422
55.8 -0.0522778
55.81 -0.0524422
55.82 -0.0522778
55.83 -0.0524423
55.84 -0.0522777
55.85 -0.0524423
55.86 -0.0522777
55.87 -0.0524423
55.88 -0.0522777
55.89 -0.0524423
55.9 -0.0522777
55.91 -0.0524424
55.92 -0.0522776
55.93 -0.0524424
55.94 -0.0522776
55.95 -0.0524424
55.96 -0.0522776
55.97 -0.0524424
55.98 -0.0522776
55.99 -0.0524424
56 -0.0522775
56.01 -0.0524425
56.02 -0.0522775
56.03 -0.0524425
56.04 -0.0522775
56.05 -0.0524425
56.06 -0.0522775
56.07 -0.0524425
56.08 -0.0522774
56.09 -0.0524426
56.1 -0.0522774
56.11 -0.0524426
56.12 -0.0522774
56.13 -0.0524426
56.14 -0.0522774
56.15 -0.0524426
56.16 -0.0522773
56.17 -0.0524427
56.18 -0.0522773
56.19 -0.0524427
56.2 -0.0522773
56.21 -0.0524427
56.22 -0.0522773
56.23 -0.0524427
56.24 -0.0522772
56.25 -0.0524428
56.26 -0.0522772
56.27 -0.0524428
56.28 -0.0522772
56.29 -0.0524428
56.3 -0.0522772
56.31 -0.0524428
56.32 -0.0522771
56.33 -0.0524429
56.34 -0.0522771
56.35 -0.0524429
56.36 -0.0522771
56.37 -0.0524429
56.38 -0.0522771
56.39 -0.0524429
56.4 -0.052277
56.41 -0.052443
56.42 -0.052277
56.43 -0.052443
56.44 -0.052277
56.45 -0.052443
56.46 -0.052277
56.47 -0.052443
56.48 -0.052277
56.49 -0.0524431
56.5 -0.0522769
56.51 -0.0524431
56.52 -0.0522769
56.53 -0.0524431
56.54 -0.0522769
56.55 -0.0524431
56.56 -0.0522769
56.57 -0.0524432
56.58 -0.0522768
56.59 -0.0524432
56.6 -0.0522768
56.61 -0.0524432
56.62 -0.0522768
56.63 -0.0524432
56.64 -0.0522768
56.65 -0.0524432
56.66 -0.0522767
56.67 -0.0524433
56.68 -0.0522767
56.69 -0.0524433
56.7 -0.0522767
56.71 -0.0524433
56.72 -0.0522767
56.73 -0.0524433
56.74 -0.0522766
56.75 -0.0524434
56.76 -0.0522766
56.77 -0.0524434
56.78 -0.0522766
56.79 -0.0524434
56.8 -0.0522766
56.81 -0.0524434
56.82 -0.0522765
56.83 -0.0524435
56.84 -0.0522765
56.85 -0.0524435
56.86 -0.0522765
56.87 -0.0524435
56.88 -0.0522765
56.89 -0.0524435
56.9 -0.0522764
56.91 -0.0524436
56.92 -0.0522764
56.93 -0.0524436
56.94 -0.0522764
56.95 -0.0524436
56.96 -0.0522764
56.97 -0.0524436
56.98 -0.0522763
56.99 -0.0524437
57 -0.0522763
57.01 -0.0524437
57.02 -0.0522763
57.03 -0.0524437
57.04 -0.0522763
57.05 -0.0524437
57.06 -0.0522763
57.07 -0.0524438
57.08 -0.0522762
57.09 -0.0524438
57.1 -0.0522762
57.11 -0.0524438
57.12 -0.0522762
57.13 -0.0524438
57.14 -0.0522762
57.15 -0.0524439
57.16 -0.0522761
57.17 -0.0524439
57.18 -0.0522761
57.19 -0.0524439
57.2 -0.0522761
57.21 -0.0524439
57.22 -0.0522761
57.23 -0.0524439
57.24 -0.052276
57.25 -0.052444
57.26 -0.052276
57.27 -0.052444
57.28 -0.052276
57.29 -0.052444
57.3 -0.052276
57.31 -0.052444
57.32 -0.0522759
57.33 -0.0524441
57.34 -0.0522759
57.35 -0.0524441
57.36 -0.0522759
57.37 -0.0524441
57.38 -0.0522759
57.39 -0.0524441
57.4 -0.0522758
57.41 -0.0524442
57.42 -0.0522758
57.43 -0.0524442
57.44 -0.0522758
57.45 -0.0524442
57.46 -0.0522758
57.47 -0.0524442
57.48 -0.0522757
57.49 -0.0524443
57.5 -0.0522757
57.51 -0.0524443
57.52 -0.0522757
57.53 -0.0524443
57.54 -0.0522757
57.55 -0.0524443
57.56 -0.0522757
57.57 -0.0524444
57.58 -0.0522756
57.59 -0.0524444
57.6 -0.0522756
57.61 -0.0524444
57.62 -0.0522756
57.63 -0.0524444
57.64 -0.0522756
57.65 -0.0524445
57.66 -0.0522755
57.67 -0.0524445
57.68 -0.0522755
57.69 -0.0524445
57.7 -0.0522755
57.71 -0.0524445
57.72 -0.0522755
57.73 -0.0524445
57.74 -0.0522754
57.75 -0.0524446
57.76 -0.0522754
57.77 -0.0524446
57.78 -0.0522754
57.79 -0.0524446
57.8 -0.0522754
57.81 -0.0524446
57.82 -0.0522753
57.83 -0.0524447
57.84 -0.0522753
57.85 -0.0524447
57.86 -0.0522753
57.87 -0.0524447
57.88 -0.0522753
57.89 -0.0524447
57.9 -0.0522752
57.91 -0.0524448
57.92 -0.0522752
57.93 -0.0524448
57.94 -0.0522752
57.95 -0.0524448
57.96 -0.0522752
57.97 -0.0524448
57.98 -0.0522752
57.99 -0.0524449
58 -0.0522751
58.01 -0.0524449
58.02 -0.0522751
58.03 -0.0524449
58.04 -0.0522751
58.05 -0.0524449
58.06 -0.0522751
58.07 -0.052445
58.08 -0.052275
58.09 -0.052445
58.1 -0.052275
58.11 -0.052445
58.12 -0.052275
58.13 -0.052445
58.14 -0.052275
58.15 -0.052445
58.16 -0.0522749
58.17 -0.0524451
58.18 -0.0522749
58.19 -0.0524451
58.2 -0.0522749
58.21 -0.0524451
58.22 -0.0522749
58.23 -0.0524451
58.24 -0.0522748
58.25 -0.0524452
58.26 -0.0522748
58.27 -0.0524452
58.28 -0.0522748
58.29 -0.0524452
58.3 -0.0522748
58.31 -0.0524452
58.32 -0.0522747
58.33 -0.0524453
58.34 -0.0522747
58.35 -0.0524453
58.36 -0.0522747
58.37 -0.0524453
58.38 -0.0522747
58.39 -0.0524453
58.4 -0.0522747
58.41 -0.0524454
58.42 -0.0522746
58.43 -0.0524454
58.44 -0.0522746
58.45 -0.0524454
58.46 -0.0522746
58.47 -0.0524454
58.48 -0.0522746
58.49 -0.0524455
58.5 -0.0522745
58.51 -0.0524455
58.52 -0.0522745
58.53 -0.0524455
58.54 -0.0522745
58.55 -0.0524455
58.56 -0.0522745
58.57 -0.0524455
58.58 -0.0522744
58.59 -0.0524456
58.6 -0.0522744
58.61 -0.0524456
58.62 -0.0522744
58.63 -0.0524456
58.64 -0.0522744
58.65 -0.0524456
58.66 -0.0522743
58.67 -0.0524457
58.68 -0.0522743
58.69 -0.0524457
58.7 -0.0522743
58.71 -0.0524457
58.72 -0.0522743
58.73 -0.0524457
58.74 -0.0522742
58.75 -0.0524458
58.76 -0.0522742
58.77 -0.0524458
58.78 -0.0522742
58.79 -0.0524458
58.8 -0.0522742
58.81 -0.0524458
58.82 -0.0522742
58.83 -0.0524459
58.84 -0.0522741
58.85 -0.0524459
58.86 -0.0522741
58.87 -0.0524459
58.88 -0.0522741
58.89 -0.0524459
58.9 -0.0522741
58.91 -0.0524459
58.92 -0.052274
58.93 -0.052446
58.94 -0.052274
58.95 -0.052446
58.96 -0.052274
58.97 -0.052446
58.98 -0.052274
58.99 -0.052446
59 -0.0522739
59.01 -0.0524461
59.02 -0.0522739
59.03 -0.0524461
59.04 -0.0522739
59.05 -0.0524461
59.06 -0.0522739
59.07 -0.0524461
59.08 -0.0522738
59.09 -0.0524462
59.1 -0.0522738
59.11 -0.0524462
59.12 -0.0522738
59.13 -0.0524462
59.14 -0.0522738
59.15 -0.0524462
59.16 -0.0522738
59.17 -0.0524463
59.18 -0.0522737
59.19 -0.0524463
59.2 -0.0522737
59.21 -0.0524463
59.22 -0.0522737
59.23 -0.0524463
59.24 -0.0522737
59.25 -0.0524463
59.26 -0.0522736
59.27 -0.0524464
59.28 -0.0522736
59.29 -0.0524464
59.3 -0.0522736
59.31 -0.0524464
59.32 -0.0522736
59.33 -0.0524464
59.34 -0.0522735
59.35 -0.0524465
59.36 -0.0522735
59.37 -0.0524465
59.38 -0.0522735
59.39 -0.0524465
59.4 -0.0522735
59.41 -0.0524465
59.42 -0.0522734
59.43 -0.0524466
59.44 -0.0522734
59.45 -0.0524466
59.46 -0.0522734
59.47 -0.0524466
59.48 -0.0522734
59.49 -0.0524466
59.5 -0.0522734
59.51 -0.0524467
59.52 -0.0522733
59.53 -0.0524467
59.54 -0.0522733
59.55 -0.0524467
59.56 -0.0522733
59.57 -0.0524467
59.58 -0.0522733
59.59 -0.0524467
59.6 -0.0522732
59.61 -0.0524468
59.62 -0.0522732
59.63 -0.0524468
59.64 -0.0522732
59.65 -0.0524468
59.66 -0.0522732
59.67 -0.0524468
59.68 -0.0522731
59.69 -0.0524469
59.7 -0.0522731
59.71 -0.0524469
59.72 -0.0522731
59.73 -0.0524469
59.74 -0.0522731
59.75 -0.0524469
59.76 -0.0522731
59.77 -0.052447
59.78 -0.052273
59.79 -0.052447
59.8 -0.052273
59.81 -0.052447
59.82 -0.052273
59.83 -0.052447
59.84 -0.052273
59.85 -0.0524471
59.86 -0.0522729
59.87 -0.0524471
59.88 -0.0522729
59.89 -0.0524471
59.9 -0.0522729
59.91 -0.0524471
59.92 -0.0522729
59.93 -0.0524471
59.94 -0.0522728
59.95 -0.0524472
59.96 -0.0522728
59.97 -0.0524472
59.98 -0.0522728
59.99 -0.0524472
60 -0.0522728
60.01 -0.0524472
60.02 -0.0522727
60.03 -0.0524473
60.04 -0.0522727
60.05 -0.0524473
60.06 -0.0522727
60.07 -0.0524473
60.08 -0.0522727
60.09 -0.0524473
60.1 -0.0522727
60.11 -0.0524474
60.12 -0.0522726
60.13 -0.0524474
60.14 -0.0522726
60.15 -0.0524474
60.16 -0.0522726
60.17 -0.0524474
60.18 -0.0522726
60.19 -0.0524474
60.2 -0.0522725
60.21 -0.0524475
60.22 -0.0522725
60.23 -0.0524475
60.24 -0.0522725
60.25 -0.0524475
60.26 -0.0522725
60.27 -0.0524475
60.28 -0.0522724
60.29 -0.0524476
60.3 -0.0522724
60.31 -0.0524476
60.32 -0.0522724
60.33 -0.0524476
60.34 -0.0522724
60.35 -0.0524476
60.36 -0.0522724
60.37 -0.0524477
60.38 -0.0522723
60.39 -0.0524477
60.4 -0.0522723
60.41 -0.0524477
60.42 -0.0522723
60.43 -0.0524477
60.44 -0.0522723
60.45 -0.0524477
60.46 -0.0522722
60.47 -0.0524478
60.48 -0.0522722
60.49 -0.0524478
60.5 -0.0522722
60.51 -0.0524478
60.52 -0.0522722
60.53 -0.0524478
60.54 -0.0522721
60.55 -0.0524479
60.56 -0.0522721
60.57 -0.0524479
60.58 -0.0522721
60.59 -0.0524479
60.6 -0.0522721
60.61 -0.0524479
60.62 -0.0522721
60.63 -0.052448
60.64 -0.052272
60.65 -0.052448
60.66 -0.052272
60.67 -0.052448
60.68 -0.052272
60.69 -0.052448
60.7 -0.052272
60.71 -0.052448
60.72 -0.0522719
60.73 -0.0524481
60.74 -0.0522719
60.75 -0.0524481
60.76 -0.0522719
60.77 -0.0524481
60.78 -0.0522719
60.79 -0.0524481
60.8 -0.0522718
60.81 -0.0524482
60.82 -0.0522718
60.83 -0.0524482
60.84 -0.0522718
60.85 -0.0524482
60.86 -0.0522718
60.87 -0.0524482
60.88 -0.0522718
60.89 -0.0524483
60.9 -0.0522717
60.91 -0.0524483
60.92 -0.0522717
60.93 -0.0524483
60.94 -0.0522717
60.95 -0.0524483
60.96 -0.0522717
60.97 -0.0524483
60.98 -0.0522716
60.99 -0.0524484
61 -0.0522716
61.01 -0.0524484
61.02 -0.0522716
61.03 -0.0524484
61.04 -0.0522716
61.05 -0.0524484
61.06 -0.0522715
61.07 -0.0524485
61.08 -0.0522715
61.09 -0.0524485
61.1 -0.0522715
61.11 -0.0524485
61.12 -0.0522715
61.13 -0.0524485
61.14 -0.0522715
61.15 -0.0524486
61.16 -0.0522714
61.17 -0.0524486
61.18 -0.0522714
61.19 -0.0524486
61.2 -0.0522714
61.21 -0.0524486
61.22 -0.0522714
61.23 -0.0524486
61.24 -0.0522713
61.25 -0.0524487
61.26 -0.0522713
61.27 -0.0524487
61.28 -0.0522713
61.29 -0.0524487
61.3 -0.0522713
61.31 -0.0524487
61.32 -0.0522712
61.33 -0.0524488
61.34 -0.0522712
61.35 -0.0524488
61.36 -0.0522712
61.37 -0.0524488
61.38 -0.0522712
61.39 -0.0524488
61.4 -0.0522712
61.41 -0.0524489
61.42 -0.0522711
61.43 -0.0524489
61.44 -0.0522711
61.45 -0.0524489
61.46 -0.0522711
61.47 -0.0524489
61.48 -0.0522711
61.49 -0.0524489
61.5 -0.052271
61.51 -0.052449
61.52 -0.052271
61.53 -0.052449
61.54 -0.052271
61.55 -0.052449
61.56 -0.052271
61.57 -0.052449
61.58 -0.052271
61.59 -0.0524491
61.6 -0.0522709
61.61 -0.0524491
61.62 -0.0522709
61.63 -0.0524491
61.64 -0.0522709
61.65 -0.0524491
61.66 -0.0522709
61.67 -0.0524491
61.68 -0.0522708
61.69 -0.0524492
61.7 -0.0522708
61.71 -0.0524492
61.72 -0.0522708
61.73 -0.0524492
61.74 -0.0522708
61.75 -0.0524492
61.76 -0.0522707
61.77 -0.0524493
61.78 -0.0522707
61.79 -0.0524493
61.8 -0.0522707
61.81 -0.0524493
61.82 -0.0522707
61.83 -0.0524493
61.84 -0.0522707
61.85 -0.0524494
61.86 -0.0522706
61.87 -0.0524494
61.88 -0.0522706
61.89 -0.0524494
61.9 -0.0522706
61.91 -0.0524494
61.92 -0.0522706
61.93 -0.0524494
61.94 -0.0522705
61.95 -0.0524495
61.96 -0.0522705
61.97 -0.0524495
61.98 -0.0522705
61.99 -0.0524495
62 -0.0522705
62.01 -0.0524495
62.02 -0.0522704
62.03 -0.0524496
62.04 -0.0522704
62.05 -0.0524496
62.06 -0.0522704
62.07 -0.0524496
62.08 -0.0522704
62.09 -0.0524496
62.1 -0.0522704
62.11 -0.0524496
62.12 -0.0522703
62.13 -0.0524497
62.14 -0.0522703
62.15 -0.0524497
62.16 -0.0522703
62.17 -0.0524497
62.18 -0.0522703
62.19 -0.0524497
62.2 -0.0522702
62.21 -0.0524498
62.22 -0.0522702
62.23 -0.0524498
62.24 -0.0522702
62.25 -0.0524498
62.26 -0.0522702
62.27 -0.0524498
62.28 -0.0522702
62.29 -0.0524499
62.3 -0.0522701
62.31 -0.0524499
62.32 -0.0522701
62.33 -0.0524499
62.34 -0.0522701
62.35 -0.0524499
62.36 -0.0522701
62.37 -0.0524499
62.38 -0.05227
62.39 -0.05245
62.4 -0.05227
62.41 -0.05245
62.42 -0.05227
62.43 -0.05245
62.44 -0.05227
62.45 -0.05245
62.46 -0.05227
62.47 -0.0524501
62.48 -0.0522699
62.49 -0.0524501
62.5 -0.0522699
62.51 -0.0524501
62.52 -0.0522699
62.53 -0.0524501
62.54 -0.0522699
62.55 -0.0524501
62.56 -0.0522698
62.57 -0.0524502
62.58 -0.0522698
62.59 -0.0524502
62.6 -0.0522698
62.61 -0.0524502
62.62 -0.0522698
62.63 -0.0524502
62.64 -0.0522697
62.65 -0.0524503
62.66 -0.0522697
62.67 -0.0524503
62.68 -0.0522697
62.69 -0.0524503
62.7 -0.0522697
62.71 -0.0524503
62.72 -0.0522697
62.73 -0.0524503
62.74 -0.0522696
62.75 -0.0524504
62.76 -0.0522696
62.77 -0.0524504
62.78 -0.0522696
62.79 -0.0524504
62.8 -0.0522696
62.81 -0.0524504
62.82 -0.0522695
62.83 -0.0524505
62.84 -0.0522695
62.85 -0.0524505
62.86 -0.0522695
62.87 -0.0524505
62.88 -0.0522695
62.89 -0.0524505
62.9 -0.0522695
62.91 -0.0524506
62.92 -0.0522694
62.93 -0.0524506
62.94 -0.0522694
62.95 -0.0524506
62.96 -0.0522694
62.97 -0.0524506
62.98 -0.0522694
62.99 -0.0524506
63 -0.0522693
63.01 -0.0524507
63.02 -0.0522693
63.03 -0.0524507
63.04 -0.0522693
63.05 -0.0524507
63.06 -0.0522693
63.07 -0.0524507
63.08 -0.0522693
63.09 -0.0524508
63.1 -0.0522692
63.11 -0.0524508
63.12 -0.0522692
63.13 -0.0524508
63.14 -0.0522692
63.15 -0.0524508
63.16 -0.0522692
63.17 -0.0524508
63.18 -0.0522691
63.19 -0.0524509
63.2 -0.0522691
63.21 -0.0524509
63.22 -0.0522691
63.23 -0.0524509
63.24 -0.0522691
63.25 -0.0524509
63.26 -0.0522691
63.27 -0.052451
63.28 -0.052269
63.29 -0.052451
63.3 -0.052269
63.31 -0.052451
63.32 -0.052269
63.33 -0.052451
63.34 -0.052269
63.35 -0.052451
63.36 -0.0522689
63.37 -0.0524511
63.38 -0.0522689
63.39 -0.0524511
63.4 -0.0522689
63.41 -0.0524511
63.42 -0.0522689
63.43 -0.0524511
63.44 -0.0522689
63.45 -0.0524512
63.46 -0.0522688
63.47 -0.0524512
63.48 -0.0522688
63.49 -0.0524512
63.5 -0.0522688
63.51 -0.0524512
63.52 -0.0522688
63.53 -0.0524512
63.54 -0.0522687
63.55 -0.0524513
63.56 -0.0522687
63.57 -0.0524513
63.58 -0.0522687
63.59 -0.0524513
63.6 -0.0522687
63.61 -0.0524513
63.62 -0.0522687
63.63 -0.0524514
63.64 -0.0522686
63.65 -0.0524514
63.66 -0.0522686
63.67 -0.0524514
63.68 -0.0522686
63.69 -0.0524514
63.7 -0.0522686
63.71 -0.0524514
63.72 -0.0522685
63.73 -0.0524515
63.74 -0.0522685
63.75 -0.0524515
63.76 -0.0522685
63.77 -0.0524515
63.78 -0.0522685
63.79 -0.0524515
63.8 -0.0522685
63.81 -0.0524516
63.82 -0.0522684
63.83 -0.0524516
63.84 -0.0522684
63.85 -0.0524516
63.86 -0.0522684
63.87 -0.0524516
63.88 -0.0522684
63.89 -0.0524516
63.9 -0.0522683
63.91 -0.0524517
63.92 -0.0522683
63.93 -0.0524517
63.94 -0.0522683
63.95 -0.0524517
63.96 -0.0522683
63.97 -0.0524517
63.98 -0.0522683
63.99 -0.0524518
64 -0.0522682
64.01 -0.0524518
64.02 -0.0522682
64.03 -0.0524518
64.04 -0.0522682
64.05 -0.0524518
64.06 -0.0522682
64.07 -0.0524518
64.08 -0.0522681
64.09 -0.0524519
64.1 -0.0522681
64.11 -0.0524519
64.12 -0.0522681
64.13 -0.0524519
64.14 -0.0522681
64.15 -0.0524519
64.16 -0.0522681
64.17 -0.052452
64.18 -0.052268
64.19 -0.052452
64.2 -0.052268
64.21 -0.052452
64.22 -0.052268
64.23 -0.052452
64.24 -0.052268
64.25 -0.052452
64.26 -0.0522679
64.27 -0.0524521
64.28 -0.0522679
64.29 -0.0524521
64.3 -0.0522679
64.31 -0.0524521
64.32 -0.0522679
64.33 -0.0524521
64.34 -0.0522679
64.35 -0.0524522
64.36 -0.0522678
64.37 -0.0524522
64.38 -0.0522678
64.39 -0.0524522
64.4 -0.0522678
64.41 -0.0524522
64.42 -0.0522678
64.43 -0.0524522
64.44 -0.0522677
64.45 -0.0524523
64.46 -0.0522677
64.47 -0.0524523
64.48 -0.0522677
64.49 -0.0524523
64.5 -0.0522677
64.51 -0.0524523
64.52 -0.0522677
64.53 -0.0524524
64.54 -0.0522676
64.55 -0.0524524
64.56 -0.0522676
64.57 -0.0524524
64.58 -0.0522676
64.59 -0.0524524
64.6 -0.0522676
64.61 -0.0524524
64.62 -0.0522675
64.63 -0.0524525
64.64 -0.0522675
64.65 -0.0524525
64.66 -0.0522675
64.67 -0.0524525
64.68 -0.0522675
64.69 -0.0524525
64.7 -0.0522675
64.71 -0.0524525
64.72 -0.0522674
64.73 -0.0524526
64.74 -0.0522674
64.75 -0.0524526
64.76 -0.0522674
64.77 -0.0524526
64.78 -0.0522674
64.79 -0.0524526
64.8 -0.0522674
64.81 -0.0524527
64.82 -0.0522673
64.83 -0.0524527
64.84 -0.0522673
64.85 -0.0524527
64.86 -0.0522673
64.87 -0.0524527
64.88 -0.0522673
64.89 -0.0524527
64.9 -0.0522672
64.91 -0.0524528
64.92 -0.0522672
64.93 -0.0524528
64.94 -0.0522672
64.95 -0.0524528
64.96 -0.0522672
64.97 -0.0524528
64.98 -0.0522672
64.99 -0.0524529
65 -0.0522671
65.01 -0.0524529
65.02 -0.0522671
65.03 -0.0524529
65.04 -0.0522671
65.05 -0.0524529
65.06 -0.0522671
65.07 -0.0524529
65.08 -0.052267
65.09 -0.052453
65.1 -0.052267
65.11 -0.052453
65.12 -0.052267
65.13 -0.052453
65.14 -0.052267
65.15 -0.052453
65.16 -0.052267
65.17 -0.0524531
65.18 -0.0522669
65.19 -0.0524531
65.2 -0.0522669
65.21 -0.0524531
65.22 -0.0522669
65.23 -0.0524531
65.24 -0.0522669
65.25 -0.0524531
65.26 -0.0522668
65.27 -0.0524532
65.28 -0.0522668
65.29 -0.0524532
65.3 -0.0522668
65.31 -0.0524532
65.32 -0.0522668
65.33 -0.0524532
65.34 -0.0522668
65.35 -0.0524532
65.36 -0.0522667
65.37 -0.0524533
65.38 -0.0522667
65.39 -0.0524533
65.4 -0.0522667
65.41 -0.0524533
65.42 -0.0522667
65.43 -0.0524533
65.44 -0.0522667
65.45 -0.0524534
65.46 -0.0522666
65.47 -0.0524534
65.48 -0.0522666
65.49 -0.0524534
65.5 -0.0522666
65.51 -0.0524534
65.52 -0.0522666
65.53 -0.0524534
65.54 -0.0522665
65.55 -0.0524535
65.56 -0.0522665
65.57 -0.0524535
65.58 -0.0522665
65.59 -0.0524535
65.6 -0.0522665
65.61 -0.0524535
65.62 -0.0522665
65.63 -0.0524535
65.64 -0.0522664
65.65 -0.0524536
65.66 -0.0522664
65.67 -0.0524536
65.68 -0.0522664
65.69 -0.0524536
65.7 -0.0522664
65.71 -0.0524536
65.72 -0.0522663
65.73 -0.0524537
65.74 -0.0522663
65.75 -0.0524537
65.76 -0.0522663
65.77 -0.0524537
65.78 -0.0522663
65.79 -0.0524537
65.8 -0.0522663
65.81 -0.0524537
65.82 -0.0522662
65.83 -0.0524538
65.84 -0.0522662
65.85 -0.0524538
65.86 -0.0522662
65.87 -0.0524538
65.88 -0.0522662
65.89 -0.0524538
65.9 -0.0522662
65.91 -0.0524539
65.92 -0.0522661
65.93 -0.0524539
65.94 -0.0522661
65.95 -0.0524539
65.96 -0.0522661
65.97 -0.0524539
65.98 -0.0522661
65.99 -0.0524539
66 -0.052266
66.01 -0.052454
66.02 -0.052266
66.03 -0.052454
66.04 -0.052266
66.05 -0.052454
66.06 -0.052266
66.07 -0.052454
66.08 -0.052266
66.09 -0.052454
66.1 -0.0522659
66.11 -0.0524541
66.12 -0.0522659
66.13 -0.0524541
66.14 -0.0522659
66.15 -0.0524541
66.16 -0.0522659
66.17 -0.0524541
66.18 -0.0522659
66.19 -0.0524542
66.2 -0.0522658
66.21 -0.0524542
66.22 -0.0522658
66.23 -0.0524542
66.24 -0.0522658
66.25 -0.0524542
66.26 -0.0522658
66.27 -0.0524542
66.28 -0.0522657
66.29 -0.0524543
66.3 -0.0522657
66.31 -0.0524543
66.32 -0.0522657
66.33 -0.0524543
66.34 -0.0522657
66.35 -0.0524543
66.36 -0.0522657
66.37 -0.0524543
66.38 -0.0522656
66.39 -0.0524544
66.4 -0.0522656
66.41 -0.0524544
66.42 -0.0522656
66.43 -0.0524544
66.44 -0.0522656
66.45 -0.0524544
66.46 -0.0522656
66.47 -0.0524545
66.48 -0.0522655
66.49 -0.0524545
66.5 -0.0522655
66.51 -0.0524545
66.52 -0.0522655
66.53 -0.0524545
66.54 -0.0522655
66.55 -0.0524545
66.56 -0.0522654
66.57 -0.0524546
66.58 -0.0522654
66.59 -0.0524546
66.6 -0.0522654
66.61 -0.0524546
66.62 -0.0522654
66.63 -0.0524546
66.64 -0.0522654
66.65 -0.0524546
66.66 -0.0522653
66.67 -0.0524547
66.68 -0.0522653
66.69 -0.0524547
66.7 -0.0522653
66.71 -0.0524547
66.72 -0.0522653
66.73 -0.0524547
66.74 -0.0522653
66.75 -0.0524548
66.76 -0.0522652
66.77 -0.0524548
66.78 -0.0522652
66.79 -0.0524548
66.8 -0.0522652
66.81 -0.0524548
66.82 -0.0522652
66.83 -0.0524548
66.84 -0.0522651
66.85 -0.0524549
66.86 -0.0522651
66.87 -0.0524549
66.88 -0.0522651
66.89 -0.0524549
66.9 -0.0522651
66.91 -0.0524549
66.92 -0.0522651
66.93 -0.0524549
66.94 -0.052265
66.95 -0.052455
66.96 -0.052265
66.97 -0.052455
66.98 -0.052265
66.99 -0.052455
67 -0.052265
67.01 -0.052455
67.02 -0.052265
67.03 -0.052455
67.04 -0.0522649
67.05 -0.0524551
67.06 -0.0522649
67.07 -0.0524551
67.08 -0.0522649
67.09 -0.0524551
67.1 -0.0522649
67.11 -0.0524551
67.12 -0.0522649
67.13 -0.0524552
67.14 -0.0522648
67.15 -0.0524552
67.16 -0.0522648
67.17 -0.0524552
67.18 -0.0522648
67.19 -0.0524552
67.2 -0.0522648
67.21 -0.0524552
67.22 -0.0522647
67.23 -0.0524553
67.24 -0.0522647
67.25 -0.0524553
67.26 -0.0522647
67.27 -0.0524553
67.28 -0.0522647
67.29 -0.0524553
67.3 -0.0522647
67.31 -0.0524553
67.32 -0.0522646
67.33 -0.0524554
67.34 -0.0522646
67.35 -0.0524554
67.36 -0.0522646
67.37 -0.0524554
67.38 -0.0522646
67.39 -0.0524554
67.4 -0.0522646
67.41 -0.0524555
67.42 -0.0522645
67.43 -0.0524555
67.44 -0.0522645
67.45 -0.0524555
67.46 -0.0522645
67.47 -0.0524555
67.48 -0.0522645
67.49 -0.0524555
67.5 -0.0522644
67.51 -0.0524556
67.52 -0.0522644
67.53 -0.0524556
67.54 -0.0522644
67.55 -0.0524556
67.56 -0.0522644
67.57 -0.0524556
67.58 -0.0522644
67.59 -0.0524556
67.6 -0.0522643
67.61 -0.0524557
67.62 -0.0522643
67.63 -0.0524557
67.64 -0.0522643
67.65 -0.0524557
67.66 -0.0522643
67.67 -0.0524557
67.68 -0.0522643
67.69 -0.0524557
67.7 -0.0522642
67.71 -0.0524558
67.72 -0.0522642
67.73 -0.0524558
67.74 -0.0522631
67.75 -0.052449
67.76 -0.0522517
67.77 -0.0524378
67.78 -0.0522407
67.79 -0.0524271
67.8 -0.0522302
67.81 -0.0524169
67.82 -0.0522203
67.83 -0.0524074
67.84 -0.0522111
67.85 -0.0523985
67.86 -0.0522024
67.87 -0.05239
67.88 -0.0521941
67.89 -0.052382
67.9 -0.0521862
67.91 -0.0523746
67.92 -0.0521793
67.93 -0.0523679
67.94 -0.0521725
67.95 -0.0523612
67.96 -0.0521657
67.97 -0.0523543
67.98 -0.0521587
67.99 -0.0523473
68 -0.0521514
68.01 -0.0523398
68.02 -0.0521436
68.03 -0.0523317
68.04 -0.0521352
68.05 -0.0523231
68.06 -0.0521263
68.07 -0.0523139
68.08 -0.0521167
68.09 -0.052304
68.1 -0.0521065
68.11 -0.0522937
68.12 -0.0520959
68.13 -0.0522829
68.14 -0.0520849
68.15 -0.0522718
68.16 -0.0520737
68.17 -0.0522606
68.18 -0.0520624
68.19 -0.0522493
68.2 -0.0520512
68.21 -0.0522383
68.22 -0.0520403
68.23 -0.0522276
68.24 -0.0520298
68.25 -0.0522173
68.26 -0.0520197
68.27 -0.0522076
68.28 -0.0520103
68.29 -0.0521986
68.3 -0.0520016
68.31 -0.0521903
68.32 -0.0519935
68.33 -0.0521825
68.34 -0.051986
68.35 -0.0521754
68.36 -0.0519791
68.37 -0.0521688
68.38 -0.0519727
68.39 -0.0521625
68.4 -0.0519665
68.41 -0.0521565
68.42 -0.0519604
68.43 -0.0521505
68.44 -0.0519544
68.45 -0.0521444
68.46 -0.0519482
68.47 -0.0521381
68.48 -0.0519417
68.49 -0.0521314
68.5 -0.0519347
68.51 -0.0521242
68.52 -0.0519272
68.53 -0.0521165
68.54 -0.0519192
68.55 -0.0521082
68.56 -0.0519105
68.57 -0.0520993
68.58 -0.0519013
68.59 -0.0520898
68.6 -0.0518915
68.61 -0.0520797
68.62 -0.051881
68.63 -0.0520691
68.64 -0.05187
68.65 -0.0520578
68.66 -0.0518584
68.67 -0.0520459
68.68 -0.0518462
68.69 -0.0520334
68.7 -0.0518334
68.71 -0.0520204
68.72 -0.05182
68.73 -0.0520068
68.74 -0.0518062
68.75 -0.0519928
68.76 -0.051792
68.77 -0.0519785
68.78 -0.0517774
68.79 -0.0519638
68.8 -0.0517626
68.81 -0.051949
68.82 -0.0517478
68.83 -0.0519343
68.84 -0.0517331
68.85 -0.0519197
68.86 -0.0517186
68.87 -0.0519054
68.88 -0.0517044
68.89 -0.0518915
68.9 -0.0516907
68.91 -0.0518782
68.92 -0.0516777
68.93 -0.0518654
68.94 -0.0516652
68.95 -0.0518533
68.96 -0.0516534
68.97 -0.0518419
68.98 -0.0516422
68.99 -0.0518311
69 -0.0516317
69.01 -0.0518209
69.02 -0.0516216
69.03 -0.0518111
69.04 -0.051612
69.05 -0.0518016
69.06 -0.0516026
69.07 -0.0517923
69.08 -0.0515933
69.09 -0.0517831
69.1 -0.051584
69.11 -0.0517736
69.12 -0.0515744
69.13 -0.0517639
69.14 -0.0515644
69.15 -0.0517538
69.16 -0.051554
69.17 -0.0517431
69.18 -0.0515429
69.19 -0.0517318
69.2 -0.0515312
69.21 -0.0517198
69.22 -0.0515189
69.23 -0.0517072
69.24 -0.0515059
69.25 -0.0516938
69.26 -0.0514922
69.27 -0.0516799
69.28 -0.051478
69.29 -0.0516656
69.3 -0.0514634
69.31 -0.0516508
69.32 -0.0514485
69.33 -0.0516358
69.34 -0.0514333
69.35 -0.0516207
69.36 -0.0514182
69.37 -0.0516057
69.38 -0.0514032
69.39 -0.0515907
69.4 -0.0513883
69.41 -0.051576
69.42 -0.0513737
69.43 -0.0515616
69.44 -0.0513594
69.45 -0.0515476
69.46 -0.0513455
69.47 -0.0515338
69.48 -0.0513318
69.49 -0.0515203
69.5 -0.0513184
69.51 -0.0515071
69.52 -0.0513052
69.53 -0.051494
69.54 -0.0512921
69.55 -0.0514808
69.56 -0.0512788
69.57 -0.0514675
69.58 -0.0512653
69.59 -0.0514539
69.6 -0.0512515
69.61 -0.0514399
69.62 -0.0512372
69.63 -0.0514253
69.64 -0.0512223
69.65 -0.0514101
69.66 -0.0512066
69.67 -0.0513941
69.68 -0.0511903
69.69 -0.0513774
69.7 -0.0511731
69.71 -0.0513599
69.72 -0.0511552
69.73 -0.0513416
69.74 -0.0511365
69.75 -0.0513227
69.76 -0.0511173
69.77 -0.0513032
69.78 -0.0510975
69.79 -0.0512832
69.8 -0.0510772
69.81 -0.0512629
69.82 -0.0510567
69.83 -0.0512423
69.84 -0.0510361
69.85 -0.0512217
69.86 -0.0510154
69.87 -0.0512011
69.88 -0.0509948
69.89 -0.0511806
69.9 -0.0509744
69.91 -0.0511604
69.92 -0.0509542
69.93 -0.0511404
69.94 -0.0509343
69.95 -0.0511206
69.96 -0.0509146
69.97 -0.0511011
69.98 -0.0508952
69.99 -0.0510818
70 -0.0508759
70.01 -0.0510625
70.02 -0.0508566
70.03 -0.0510433
70.04 -0.0508372
70.05 -0.0510239
70.06 -0.0508177
70.07 -0.0510042
70.08 -0.0507978
70.09 -0.0509841
70.1 -0.0507774
70.11 -0.0509635
70.12 -0.0507565
70.13 -0.0509423
70.14 -0.0507349
70.15 -0.0509204
70.16 -0.0507126
70.17 -0.0508977
70.18 -0.0506895
70.19 -0.0508743
70.2 -0.0506657
70.21 -0.0508502
70.22 -0.0506412
70.23 -0.0508254
70.24 -0.050616
70.25 -0.0508
70.26 -0.0505903
70.27 -0.0507741
70.28 -0.0505641
70.29 -0.0507478
70.3 -0.0505377
70.31 -0.0507213
70.32 -0.0505111
70.33 -0.0506947
70.34 -0.0504844
70.35 -0.0506681
70.36 -0.0504579
70.37 -0.0506416
70.38 -0.0504314
70.39 -0.0506153
70.4 -0.0504052
70.41 -0.0505892
70.42 -0.0503792
70.43 -0.0505634
70.44 -0.0503534
70.45 -0.0505378
70.46 -0.0503279
70.47 -0.0505124
70.48 -0.0503024
70.49 -0.050487
70.5 -0.050277
70.51 -0.0504616
70.52 -0.0502516
70.53 -0.0504362
70.54 -0.050226
70.55 -0.0504104
70.56 -0.0502
70.57 -0.0503843
70.58 -0.0501736
70.59 -0.0503577
70.6 -0.0501467
70.61 -0.0503305
70.62 -0.0501192
70.63 -0.0503027
70.64 -0.0500909
70.65 -0.050274
70.66 -0.0500619
70.67 -0.0502447
70.68 -0.0500322
70.69 -0.0502147
70.7 -0.0500017
70.71 -0.050184
70.72 -0.0499706
70.73 -0.0501526
70.74 -0.049939
70.75 -0.0501208
70.76 -0.0499069
70.77 -0.0500885
70.78 -0.0498745
70.79 -0.050056
70.8 -0.0498418
70.81 -0.0500233
70.82 -0.0498091
70.83 -0.0499907
70.84 -0.0497764
70.85 -0.049958
70.86 -0.0497437
70.87 -0.0499255
70.88 -0.0497113
70.89 -0.0498932
70.9 -0.049679
70.91 -0.0498611
70.92 -0.049647
70.93 -0.0498292
70.94 -0.0496151
70.95 -0.0497974
70.96 -0.0495833
70.97 -0.0497657
70.98 -0.0495516
70.99 -0.049734
71 -0.0495199
71.01 -0.0497022
71.02 -0.0494879
71.03 -0.0496701
71.04 -0.0494556
71.05 -0.0496377
71.06 -0.049423
71.07 -0.0496049
71.08 -0.0493898
71.09 -0.0495714
71.1 -0.0493559
71.11 -0.0495373
71.12 -0.0493214
71.13 -0.0495025
71.14 -0.0492862
71.15 -0.0494669
71.16 -0.0492503
71.17 -0.0494307
71.18 -0.0492136
71.19 -0.0493937
71.2 -0.0491763
71.21 -0.0493561
71.22 -0.0491384
71.23 -0.049318
71.24 -0.0491
71.25 -0.0492794
71.26 -0.0490612
71.27 -0.0492405
71.28 -0.0490221
71.29 -0.0492014
71.3 -0.0489829
71.31 -0.0491622
71.32 -0.0489436
71.33 -0.0491229
71.34 -0.0489044
71.35 -0.0490838
71.36 -0.0488652
71.37 -0.0490447
71.38 -0.0488262
71.39 -0.0490058
71.4 -0.0487873
71.41 -0.048967
71.42 -0.0487486
71.43 -0.0489284
71.44 -0.0487099
71.45 -0.0488897
71.46 -0.0486712
71.47 -0.048851
71.48 -0.0486324
71.49 -0.0488122
71.5 -0.0485934
71.51 -0.0487731
71.52 -0.0485541
71.53 -0.0487336
71.54 -0.0485143
71.55 -0.0486936
71.56 -0.048474
71.57 -0.048653
71.58 -0.048433
71.59 -0.0486118
71.6 -0.0483914
71.61 -0.0485698
71.62 -0.048349
71.63 -0.0485271
71.64 -0.0483059
71.65 -0.0484836
71.66 -0.048262
71.67 -0.0484394
71.68 -0.0482174
71.69 -0.0483945
71.7 -0.0481722
71.71 -0.0483491
71.72 -0.0481264
71.73 -0.0483031
71.74 -0.0480802
71.75 -0.0482568
71.76 -0.0480337
71.77 -0.0482102
71.78 -0.047987
71.79 -0.0481634
71.8 -0.0479401
71.81 -0.0481166
71.82 -0.0478933
71.83 -0.0480698
71.84 -0.0478465
71.85 -0.0480231
71.86 -0.0477998
71.87 -0.0479764
71.88 -0.0477531
71.89 -0.0479299
71.9 -0.0477066
71.91 -0.0478835
71.92 -0.0476601
71.93 -0.047837
71.94 -0.0476136
71.95 -0.0477905
71.96 -0.047567
71.97 -0.0477438
71.98 -0.0475202
71.99 -0.0476969
72 -0.0474731
72.01 -0.0476496
72.02 -0.0474255
72.03 -0.0476018
72.04 -0.0473774
72.05 -0.0475536
72.06 -0.047329
72.07 -0.047505
72.08 -0.0472802
72.09 -0.0474561
72.1 -0.0472312
72.11 -0.0474072
72.12 -0.0471824
72.13 -0.0473586
72.14 -0.047134
72.15 -0.0473106
72.16 -0.0470864
72.17 -0.0472636
72.18 -0.0470398
72.19 -0.0472176
72.2 -0.0469945
72.21 -0.0471731
72.22 -0.0469508
72.23 -0.0471301
72.24 -0.0469084
72.25 -0.0470886
72.26 -0.0468675
72.27 -0.0470484
72.28 -0.0468279
72.29 -0.0470093
72.3 -0.0467893
72.31 -0.046971
72.32 -0.0467512
72.33 -0.0469331
72.34 -0.0467131
72.35 -0.046895
72.36 -0.0466747
72.37 -0.0468562
72.38 -0.0466354
72.39 -0.0468163
72.4 -0.0465947
72.41 -0.0467747
72.42 -0.0465521
72.43 -0.0467311
72.44 -0.0465074
72.45 -0.0466853
72.46 -0.0464603
72.47 -0.046637
72.48 -0.0464107
72.49 -0.0465863
72.5 -0.0463588
72.51 -0.0465332
72.52 -0.0463047
72.53 -0.0464782
72.54 -0.0462487
72.55 -0.0464214
72.56 -0.0461912
72.57 -0.0463635
72.58 -0.0461329
72.59 -0.046305
72.6 -0.0460743
72.61 -0.0462465
72.62 -0.0460159
72.63 -0.0461885
72.64 -0.0459584
72.65 -0.0461316
72.66 -0.0459022
72.67 -0.0460763
72.68 -0.0458477
72.69 -0.0460228
72.7 -0.0457953
72.71 -0.0459715
72.72 -0.0457449
72.73 -0.0459223
72.74 -0.0456968
72.75 -0.0458753
72.76 -0.0456507
72.77 -0.0458301
72.78 -0.0456064
72.79 -0.0457866
72.8 -0.0455634
72.81 -0.0457441
72.82 -0.0455213
72.83 -0.0457023
72.84 -0.0454796
72.85 -0.0456606
72.86 -0.0454376
72.87 -0.0456184
72.88 -0.045395
72.89 -0.0455753
72.9 -0.0453512
72.91 -0.0455308
72.92 -0.0453059
72.93 -0.0454847
72.94 -0.0452588
72.95 -0.0454366
72.96 -0.0452098
72.97 -0.0453867
72.98 -0.0451588
72.99 -0.0453349
73 -0.0451061
73.01 -0.0452814
73.02 -0.0450519
73.03 -0.0452266
73.04 -0.0449966
73.05 -0.045171
73.06 -0.0449407
73.07 -0.045115
73.08 -0.0448847
73.09 -0.0450592
73.1 -0.0448291
73.11 -0.0450041
73.12 -0.0447745
73.13 -0.0449503
73.14 -0.0447215
73.15 -0.0448981
73.16 -0.0446702
73.17 -0.0448479
73.18 -0.0446211
73.19 -0.0448
73.2 -0.0445743
73.21 -0.0447544
73.22 -0.0445298
73.23 -0.0447111
73.24 -0.0444875
73.25 -0.0446697
73.26 -0.044447
73.27 -0.0446302
73.28 -0.0444082
73.29 -0.0445919
73.3 -0.0443704
73.31 -0.0445546
73.32 -0.0443332
73.33 -0.0445175
73.34 -0.044296
73.35 -0.0444802
73.36 -0.0442584
73.37 -0.0444422
73.38 -0.0442198
73.39 -0.044403
73.4 -0.0441799
73.41 -0.0443624
73.42 -0.0441384
73.43 -0.0443201
73.44 -0.0440952
73.45 -0.044276
73.46 -0.0440501
73.47 -0.0442301
73.48 -0.0440034
73.49 -0.0441826
73.5 -0.0439552
73.51 -0.0441339
73.52 -0.0439059
73.53 -0.0440843
73.54 -0.043856
73.55 -0.0440342
73.56 -0.0438059
73.57 -0.0439843
73.58 -0.0437562
73.59 -0.043935
73.6 -0.0437073
73.61 -0.0438868
73.62 -0.0436598
73.63 -0.0438401
73.64 -0.043614
73.65 -0.0437953
73.66 -0.0435702
73.67 -0.0437526
73.68 -0.0435286
73.69 -0.0437122
73.7 -0.0434892
73.71 -0.0436739
73.72 -0.0434519
73.73 -0.0436376
73.74 -0.0434165
73.75 -0.0436031
73.76 -0.0433827
73.77 -0.0435699
73.78 -0.04335
73.79 -0.0435376
73.8 -0.0433179
73.81 -0.0435058
73.82 -0.043286
73.83 -0.0434738
73.84 -0.0432538
73.85 -0.0434412
73.86 -0.0432207
73.87 -0.0434076
73.88 -0.0431863
73.89 -0.0433726
73.9 -0.0431505
73.91 -0.043336
73.92 -0.043113
73.93 -0.0432976
73.94 -0.0430737
73.95 -0.0432575
73.96 -0.0430328
73.97 -0.0432159
73.98 -0.0429905
73.99 -0.043173
74 -0.042947
74.01 -0.0431291
74.02 -0.0429028
74.03 -0.0430847
74.04 -0.0428583
74.05 -0.0430404
74.06 -0.0428141
74.07 -0.0429965
74.08 -0.0427706
74.09 -0.0429536
74.1 -0.0427284
74.11 -0.0429122
74.12 -0.0426878
74.13 -0.0428725
74.14 -0.042649
74.15 -0.0428349
74.16 -0.0426124
74.17 -0.0427994
74.18 -0.042578
74.19 -0.042766
74.2 -0.0425456
74.21 -0.0427347
74.22 -0.0425152
74.23 -0.0427052
74.24 -0.0424864
74.25 -0.0426771
74.26 -0.0424588
74.27 -0.04265
74.28 -0.042432
74.29 -0.0426235
74.3 -0.0424055
74.31 -0.042597
74.32 -0.0423788
74.33 -0.04257
74.34 -0.0423515
74.35 -0.0425422
74.36 -0.0423231
74.37 -0.0425133
74.38 -0.0422934
74.39 -0.0424828
74.4 -0.0422621
74.41 -0.0424508
74.42 -0.0422292
74.43 -0.0424171
74.44 -0.0421948
74.45 -0.042382
74.46 -0.0421589
74.47 -0.0423456
74.48 -0.042122
74.49 -0.0423082
74.5 -0.0420843
74.51 -0.0422704
74.52 -0.0420463
74.53 -0.0422325
74.54 -0.0420085
74.55 -0.042195
74.56 -0.0419714
74.57 -0.0421585
74.58 -0.0419354
74.59 -0.0421232
74.6 -0.0419009
74.61 -0.0420896
74.62 -0.0418682
74.63 -0.042058
74.64 -0.0418376
74.65 -0.0420284
74.66 -0.041809
74.67 -0.042001
74.68 -0.0417826
74.69 -0.0419755
74.7 -0.041758
74.71 -0.0419519
74.72 -0.0417351
74.73 -0.0419297
74.74 -0.0417135
74.75 -0.0419087
74.76 -0.0416928
74.77 -0.0418882
74.78 -0.0416725
74.79 -0.041868
74.8 -0.0416521
74.81 -0.0418474
74.82 -0.0416312
74.83 -0.0418262
74.84 -0.0416095
74.85 -0.0418039
74.86 -0.0415865
74.87 -0.0417802
74.88 -0.0415621
74.89 -0.0417552
74.9 -0.0415362
74.91 -0.0417286
74.92 -0.0415089
74.93 -0.0417005
74.94 -0.0414802
74.95 -0.0416713
74.96 -0.0414504
74.97 -0.0416412
74.98 -0.0414199
74.99 -0.0416105
75 -0.0413891
75.01 -0.0415798
75.02 -0.0413584
75.03 -0.0415494
75.04 -0.0413284
75.05 -0.0415198
75.06 -0.0412993
75.07 -0.0414915
75.08 -0.0412717
75.09 -0.0414648
75.1 -0.0412459
75.11 -0.0414399
75.12 -0.041222
75.13 -0.0414171
75.14 -0.0412002
75.15 -0.0413963
75.16 -0.0411804
75.17 -0.0413776
75.18 -0.0411625
75.19 -0.0413606
75.2 -0.0411464
75.21 -0.0413452
75.22 -0.0411316
75.23 -0.041331
75.24 -0.0411177
75.25 -0.0413174
75.26 -0.0411043
75.27 -0.0413042
75.28 -0.041091
75.29 -0.0412908
75.3 -0.0410773
75.31 -0.0412768
75.32 -0.0410629
75.33 -0.0412619
75.34 -0.0410473
75.35 -0.0412458
75.36 -0.0410305
75.37 -0.0412283
75.38 -0.0410123
75.39 -0.0412093
75.4 -0.0409926
75.41 -0.041189
75.42 -0.0409716
75.43 -0.0411675
75.44 -0.0409496
75.45 -0.0411451
75.46 -0.0409268
75.47 -0.0411221
75.48 -0.0409036
75.49 -0.0410989
75.5 -0.0408804
75.51 -0.041076
75.52 -0.0408578
75.53 -0.0410538
75.54 -0.040836
75.55 -0.0410326
75.56 -0.0408155
75.57 -0.0410128
75.58 -0.0407964
75.59 -0.0409946
75.6 -0.040779
75.61 -0.040978
75.62 -0.0407631
75.63 -0.0409629
75.64 -0.0407486
75.65 -0.040949
75.66 -0.0407353
75.67 -0.0409362
75.68 -0.0407228
75.69 -0.040924
75.7 -0.0407107
75.71 -0.0409121
75.72 -0.0406987
75.73 -0.0408999
75.74 -0.0406862
75.75 -0.0408871
75.76 -0.040673
75.77 -0.0408734
75.78 -0.0406587
75.79 -0.0408585
75.8 -0.0406431
75.81 -0.0408423
75.82 -0.0406261
75.83 -0.0408247
75.84 -0.0406078
75.85 -0.0408058
75.86 -0.0405882
75.87 -0.0407857
75.88 -0.0405677
75.89 -0.0407649
75.9 -0.0405466
75.91 -0.0407436
75.92 -0.0405251
75.93 -0.0407222
75.94 -0.0405039
75.95 -0.0407012
75.96 -0.0404833
75.97 -0.0406812
75.98 -0.0404637
75.99 -0.0406623
76 -0.0404456
76.01 -0.040645
76.02 -0.0404292
76.03 -0.0406296
76.04 -0.0404147
76.05 -0.0406161
76.06 -0.0404022
76.07 -0.0406047
76.08 -0.0403916
76.09 -0.0405951
76.1 -0.0403829
76.11 -0.0405872
76.12 -0.0403758
76.13 -0.0405808
76.14 -0.0403698
76.15 -0.0405753
76.16 -0.0403646
76.17 -0.0405703
76.18 -0.0403597
76.19 -0.0405655
76.2 -0.0403547
76.21 -0.0405603
76.22 -0.0403491
76.23 -0.0405542
76.24 -0.0403425
76.25 -0.040547
76.26 -0.0403345
76.27 -0.0405383
76.28 -0.0403249
76.29 -0.0405279
76.3 -0.0403137
76.31 -0.0405158
76.32 -0.0403007
76.33 -0.0405021
76.34 -0.0402861
76.35 -0.0404868
76.36 -0.0402702
76.37 -0.0404704
76.38 -0.0402532
76.39 -0.040453
76.4 -0.0402355
76.41 -0.0404352
76.42 -0.0402176
76.43 -0.0404174
76.44 -0.0401999
76.45 -0.0404
76.46 -0.0401828
76.47 -0.0403834
76.48 -0.0401668
76.49 -0.040368
76.5 -0.040152
76.51 -0.0403541
76.52 -0.0401389
76.53 -0.0403418
76.54 -0.0401274
76.55 -0.0403312
76.56 -0.0401176
76.57 -0.0403223
76.58 -0.0401095
76.59 -0.0403148
76.6 -0.0401026
76.61 -0.0403086
76.62 -0.0400969
76.63 -0.0403033
76.64 -0.0400918
76.65 -0.0402984
76.66 -0.040087
76.67 -0.0402936
76.68 -0.040082
76.69 -0.0402884
76.7 -0.0400763
76.71 -0.0402823
76.72 -0.0400697
76.73 -0.0402751
76.74 -0.0400618
76.75 -0.0402665
76.76 -0.0400523
76.77 -0.0402562
76.78 -0.0400411
76.79 -0.0402442
76.8 -0.0400282
76.81 -0.0402305
76.82 -0.0400138
76.83 -0.0402154
76.84 -0.0399979
76.85 -0.0401989
76.86 -0.0399808
76.87 -0.0401815
76.88 -0.0399631
76.89 -0.0401635
76.9 -0.0399449
76.91 -0.0401454
76.92 -0.0399269
76.93 -0.0401276
76.94 -0.0399094
76.95 -0.0401106
76.96 -0.0398928
76.97 -0.0400946
76.98 -0.0398774
76.99 -0.0400799
77 -0.0398634
77.01 -0.0400668
77.02 -0.0398511
77.03 -0.0400552
77.04 -0.0398403
77.05 -0.0400453
77.06 -0.0398311
77.07 -0.0400369
77.08 -0.0398233
77.09 -0.0400296
77.1 -0.0398165
77.11 -0.0400233
77.12 -0.0398104
77.13 -0.0400174
77.14 -0.0398046
77.15 -0.0400117
77.16 -0.0397987
77.17 -0.0400056
77.18 -0.0397923
77.19 -0.0399988
77.2 -0.039785
77.21 -0.039991
77.22 -0.0397764
77.23 -0.0399817
77.24 -0.0397664
77.25 -0.0399709
77.26 -0.0397547
77.27 -0.0399584
77.28 -0.0397414
77.29 -0.0399443
77.3 -0.0397264
77.31 -0.0399287
77.32 -0.0397101
77.33 -0.0399117
77.34 -0.0396926
77.35 -0.0398938
77.36 -0.0396743
77.37 -0.0398753
77.38 -0.0396555
77.39 -0.0398565
77.4 -0.0396368
77.41 -0.039838
77.42 -0.0396185
77.43 -0.03982
77.44 -0.0396009
77.45 -0.039803
77.46 -0.0395845
77.47 -0.0397873
77.48 -0.0395694
77.49 -0.039773
77.5 -0.0395558
77.51 -0.0397602
77.52 -0.0395438
77.53 -0.039749
77.54 -0.0395332
77.55 -0.0397392
77.56 -0.0395241
77.57 -0.0397306
77.58 -0.039516
77.59 -0.039723
77.6 -0.0395086
77.61 -0.0397159
77.62 -0.0395017
77.63 -0.039709
77.64 -0.0394947
77.65 -0.039702
77.66 -0.0394873
77.67 -0.0396943
77.68 -0.0394792
77.69 -0.0396856
77.7 -0.0394698
77.71 -0.0396757
77.72 -0.0394592
77.73 -0.0396643
77.74 -0.039447
77.75 -0.0396513
77.76 -0.0394332
77.77 -0.0396368
77.78 -0.0394179
77.79 -0.0396208
77.8 -0.0394012
77.81 -0.0396035
77.82 -0.0393833
77.83 -0.0395853
77.84 -0.0393646
77.85 -0.0395663
77.86 -0.0393455
77.87 -0.0395471
77.88 -0.0393262
77.89 -0.039528
77.9 -0.0393073
77.91 -0.0395094
77.92 -0.039289
77.93 -0.0394916
77.94 -0.0392718
77.95 -0.039475
77.96 -0.0392558
77.97 -0.0394598
77.98 -0.0392413
77.99 -0.039446
78 -0.0392282
78.01 -0.0394337
78.02 -0.0392166
78.03 -0.0394228
78.04 -0.0392063
78.05 -0.0394132
78.06 -0.0391971
78.07 -0.0394045
78.08 -0.0391888
78.09 -0.0393964
78.1 -0.0391808
78.11 -0.0393886
78.12 -0.039173
78.13 -0.0393806
78.14 -0.0391648
78.15 -0.0393722
78.16 -0.0391559
78.17 -0.0393628
78.18 -0.039146
78.19 -0.0393524
78.2 -0.0391348
78.21 -0.0393405
78.22 -0.0391221
78.23 -0.0393271
78.24 -0.039108
78.25 -0.0393122
78.26 -0.0390923
78.27 -0.0392959
78.28 -0.0390752
78.29 -0.0392783
78.3 -0.039057
78.31 -0.0392596
78.32 -0.0390379
78.33 -0.0392402
78.34 -0.0390183
78.35 -0.0392205
78.36 -0.0389985
78.37 -0.0392008
78.38 -0.0389789
78.39 -0.0391815
78.4 -0.0389599
78.41 -0.039163
78.42 -0.0389419
78.43 -0.0391455
78.44 -0.0389249
78.45 -0.0391293
78.46 -0.0389094
78.47 -0.0391144
78.48 -0.0388952
78.49 -0.039101
78.5 -0.0388825
78.51 -0.039089
78.52 -0.0388711
78.53 -0.0390782
78.54 -0.0388608
78.55 -0.0390684
78.56 -0.0388513
78.57 -0.0390592
78.58 -0.0388423
78.59 -0.0390504
78.6 -0.0388334
78.61 -0.0390415
78.62 -0.0388243
78.63 -0.0390321
78.64 -0.0388146
78.65 -0.039022
78.66 -0.0388039
78.67 -0.0390108
78.68 -0.0387921
78.69 -0.0389984
78.7 -0.0387789
78.71 -0.0389845
78.72 -0.0387642
78.73 -0.0389691
78.74 -0.0387481
78.75 -0.0389523
78.76 -0.0387306
78.77 -0.0389342
78.78 -0.0387119
78.79 -0.038915
78.8 -0.0386923
78.81 -0.0388951
78.82 -0.0386721
78.83 -0.0388748
78.84 -0.0386516
78.85 -0.0388543
78.86 -0.0386312
78.87 -0.0388342
78.88 -0.0386114
78.89 -0.0388147
78.9 -0.0385923
78.91 -0.0387962
78.92 -0.0385742
78.93 -0.0387788
78.94 -0.0385574
78.95 -0.0387627
78.96 -0.038542
78.97 -0.0387479
78.98 -0.0385279
78.99 -0.0387345
79 -0.038515
79.01 -0.0387222
79.02 -0.0385032
79.03 -0.0387109
79.04 -0.0384922
79.05 -0.0387003
79.06 -0.0384818
79.07 -0.03869
79.08 -0.0384715
79.09 -0.0386797
79.1 -0.0384611
79.11 -0.0386691
79.12 -0.0384501
79.13 -0.0386577
79.14 -0.0384382
79.15 -0.0386454
79.16 -0.0384252
79.17 -0.0386318
79.18 -0.038411
79.19 -0.0386169
79.2 -0.0383953
79.21 -0.0386005
79.22 -0.0383782
79.23 -0.0385827
79.24 -0.0383597
79.25 -0.0385636
79.26 -0.03834
79.27 -0.0385435
79.28 -0.0383194
79.29 -0.0385226
79.3 -0.0382982
79.31 -0.0385012
79.32 -0.0382766
79.33 -0.0384797
79.34 -0.0382551
79.35 -0.0384584
79.36 -0.038234
79.37 -0.0384376
79.38 -0.0382136
79.39 -0.0384177
79.4 -0.0381942
79.41 -0.0383989
79.42 -0.038176
79.43 -0.0383813
79.44 -0.038159
79.45 -0.038365
79.46 -0.0381433
79.47 -0.03835
79.48 -0.0381289
79.49 -0.0383362
79.5 -0.0381156
79.51 -0.0383234
79.52 -0.0381032
79.53 -0.0383113
79.54 -0.0380913
79.55 -0.0382996
79.56 -0.0380797
79.57 -0.0382881
79.58 -0.038068
79.59 -0.0382762
79.6 -0.0380558
79.61 -0.0382638
79.62 -0.0380429
79.63 -0.0382504
79.64 -0.038029
79.65 -0.038236
79.66 -0.038014
79.67 -0.0382203
79.68 -0.0379975
79.69 -0.0382032
79.7 -0.0379798
79.71 -0.0381848
79.72 -0.0379607
79.73 -0.0381652
79.74 -0.0379405
79.75 -0.0381445
79.76 -0.0379193
79.77 -0.038123
79.78 -0.0378975
79.79 -0.038101
79.8 -0.0378753
79.81 -0.0380788
79.82 -0.0378531
79.83 -0.0380568
79.84 -0.0378313
79.85 -0.0380352
79.86 -0.03781
79.87 -0.0380145
79.88 -0.0377898
79.89 -0.0379948
79.9 -0.0377706
79.91 -0.0379762
79.92 -0.0377526
79.93 -0.037959
79.94 -0.037736
79.95 -0.037943
79.96 -0.0377206
79.97 -0.0379282
79.98 -0.0377063
79.99 -0.0379144
80 -0.0376929
80.01 -0.0379014
80.02 -0.0376801
80.03 -0.0378889
80.04 -0.0376677
80.05 -0.0378765
80.06 -0.0376553
80.07 -0.037864
80.08 -0.0376425
80.09 -0.037851
80.1 -0.0376291
80.11 -0.0378372
80.12 -0.0376148
80.13 -0.0378225
80.14 -0.0375994
80.15 -0.0378065
80.16 -0.0375828
80.17 -0.0377893
80.18 -0.0375649
80.19 -0.0377708
80.2 -0.0375458
80.21 -0.0377511
80.22 -0.0375255
80.23 -0.0377304
80.24 -0.0375043
80.25 -0.0377088
80.26 -0.0374825
80.27 -0.0376868
80.28 -0.0374602
80.29 -0.0376645
80.3 -0.037438
80.31 -0.0376424
80.32 -0.037416
80.33 -0.0376207
80.34 -0.0373946
80.35 -0.0375997
80.36 -0.0373741
80.37 -0.0375798
80.38 -0.0373546
80.39 -0.0375609
80.4 -0.0373363
80.41 -0.0375433
80.42 -0.0373193
80.43 -0.037527
80.44 -0.0373035
80.45 -0.0375118
80.46 -0.0372889
80.47 -0.0374977
80.48 -0.0372752
80.49 -0.0374844
80.5 -0.0372622
80.51 -0.0374717
80.52 -0.0372496
80.53 -0.0374592
80.54 -0.0372371
80.55 -0.0374467
80.56 -0.0372245
80.57 -0.0374338
80.58 -0.0372112
80.59 -0.0374203
80.6 -0.0371972
80.61 -0.0374059
80.62 -0.0371822
80.63 -0.0373903
80.64 -0.0371661
80.65 -0.0373737
80.66 -0.0371488
80.67 -0.0373558
80.68 -0.0371303
80.69 -0.0373367
80.7 -0.0371107
80.71 -0.0373167
80.72 -0.0370902
80.73 -0.0372959
80.74 -0.037069
80.75 -0.0372745
80.76 -0.0370475
80.77 -0.0372529
80.78 -0.0370258
80.79 -0.0372313
80.8 -0.0370044
80.81 -0.0372102
80.82 -0.0369835
80.83 -0.0371897
80.84 -0.0369634
80.85 -0.0371701
80.86 -0.0369443
80.87 -0.0371516
80.88 -0.0369263
80.89 -0.0371342
80.9 -0.0369096
80.91 -0.0371181
80.92 -0.036894
80.93 -0.0371032
80.94 -0.0368796
80.95 -0.0370893
80.96 -0.0368661
80.97 -0.0370762
80.98 -0.0368533
80.99 -0.0370637
81 -0.036841
81.01 -0.0370516
81.02 -0.0368288
81.03 -0.0370394
81.04 -0.0368165
81.05 -0.0370269
81.06 -0.0368038
81.07 -0.0370139
81.08 -0.0367903
81.09 -0.037
81.1 -0.0367759
81.11 -0.0369851
81.12 -0.0367604
81.13 -0.0369691
81.14 -0.0367438
81.15 -0.0369519
81.16 -0.036726
81.17 -0.0369336
81.18 -0.0367072
81.19 -0.0369144
81.2 -0.0366874
81.21 -0.0368943
81.22 -0.036667
81.23 -0.0368736
81.24 -0.0366461
81.25 -0.0368526
81.26 -0.036625
81.27 -0.0368316
81.28 -0.0366042
81.29 -0.036811
81.3 -0.0365837
81.31 -0.0367909
81.32 -0.0365639
81.33 -0.0367716
81.34 -0.0365451
81.35 -0.0367533
81.36 -0.0365273
81.37 -0.0367361
81.38 -0.0365107
81.39 -0.0367201
81.4 -0.0364952
81.41 -0.0367052
81.42 -0.0364808
81.43 -0.0366913
81.44 -0.0364673
81.45 -0.0366782
81.46 -0.0364545
81.47 -0.0366657
81.48 -0.0364422
81.49 -0.0366536
81.5 -0.0364301
81.51 -0.0366415
81.52 -0.0364178
81.53 -0.0366291
81.54 -0.0364052
81.55 -0.0366162
81.56 -0.0363919
81.57 -0.0366025
81.58 -0.0363777
81.59 -0.0365879
81.6 -0.0363625
81.61 -0.0365722
81.62 -0.0363462
81.63 -0.0365553
81.64 -0.0363288
81.65 -0.0365374
81.66 -0.0363103
81.67 -0.0365184
81.68 -0.0362908
81.69 -0.0364986
81.7 -0.0362706
81.71 -0.0364782
81.72 -0.03625
81.73 -0.0364574
81.74 -0.0362291
81.75 -0.0364365
81.76 -0.0362083
81.77 -0.0364159
81.78 -0.0361878
81.79 -0.0363957
81.8 -0.036168
81.81 -0.0363763
81.82 -0.0361489
81.83 -0.0363578
81.84 -0.0361309
81.85 -0.0363403
81.86 -0.0361139
81.87 -0.0363239
81.88 -0.0360981
81.89 -0.0363086
81.9 -0.0360833
81.91 -0.0362943
81.92 -0.0360694
81.93 -0.0362809
81.94 -0.0360562
81.95 -0.036268
81.96 -0.0360435
81.97 -0.0362555
81.98 -0.0360311
81.99 -0.0362432
82 -0.0360186
82.01 -0.0362306
82.02 -0.0360059
82.03 -0.0362176
82.04 -0.0359925
82.05 -0.0362039
82.06 -0.0359784
82.07 -0.0361894
82.08 -0.0359633
82.09 -0.0361738
82.1 -0.0359472
82.11 -0.0361572
82.12 -0.03593
82.13 -0.0361395
82.14 -0.0359118
82.15 -0.0361209
82.16 -0.0358927
82.17 -0.0361014
82.18 -0.0358729
82.19 -0.0360814
82.2 -0.0358526
82.21 -0.036061
82.22 -0.0358321
82.23 -0.0360405
82.24 -0.0358116
82.25 -0.0360201
82.26 -0.0357914
82.27 -0.0360002
82.28 -0.0357718
82.29 -0.035981
82.3 -0.0357529
82.31 -0.0359627
82.32 -0.035735
82.33 -0.0359453
82.34 -0.0357182
82.35 -0.035929
82.36 -0.0357024
82.37 -0.0359138
82.38 -0.0356877
82.39 -0.0358996
82.4 -0.0356739
82.41 -0.0358862
82.42 -0.0356608
82.43 -0.0358735
82.44 -0.0356483
82.45 -0.0358612
82.46 -0.0356361
82.47 -0.0358491
82.48 -0.0356239
82.49 -0.0358368
82.5 -0.0356115
82.51 -0.0358242
82.52 -0.0355986
82.53 -0.035811
82.54 -0.035585
82.55 -0.035797
82.56 -0.0355705
82.57 -0.0357821
82.58 -0.035555
82.59 -0.0357661
82.6 -0.0355385
82.61 -0.0357492
82.62 -0.035521
82.63 -0.0357313
82.64 -0.0355027
82.65 -0.0357126
82.66 -0.0354836
82.67 -0.0356933
82.68 -0.0354641
82.69 -0.0356736
82.7 -0.0354442
82.71 -0.0356537
82.72 -0.0354244
82.73 -0.035634
82.74 -0.0354048
82.75 -0.0356147
82.76 -0.0353857
82.77 -0.035596
82.78 -0.0353674
82.79 -0.0355781
82.8 -0.0353499
82.81 -0.0355612
82.82 -0.0353335
82.83 -0.0355453
82.84 -0.0353181
82.85 -0.0355305
82.86 -0.0353037
82.87 -0.0355166
82.88 -0.0352903
82.89 -0.0355036
82.9 -0.0352777
82.91 -0.0354913
82.92 -0.0352656
82.93 -0.0354795
82.94 -0.0352539
82.95 -0.0354679
82.96 -0.0352423
82.97 -0.0354563
82.98 -0.0352305
82.99 -0.0354444
83 -0.0352184
83.01 -0.035432
83.02 -0.0352056
83.03 -0.0354189
83.04 -0.0351921
83.05 -0.035405
83.06 -0.0351777
83.07 -0.0353901
83.08 -0.0351623
83.09 -0.0353743
83.1 -0.035146
83.11 -0.0353576
83.12 -0.0351289
83.13 -0.0353402
83.14 -0.0351111
83.15 -0.0353221
83.16 -0.0350928
83.17 -0.0353036
83.18 -0.0350741
83.19 -0.035285
83.2 -0.0350555
83.21 -0.0352665
83.22 -0.0350371
83.23 -0.0352483
83.24 -0.0350192
83.25 -0.0352307
83.26 -0.0350019
83.27 -0.0352139
83.28 -0.0349855
83.29 -0.035198
83.3 -0.03497
83.31 -0.035183
83.32 -0.0349555
83.33 -0.0351691
83.34 -0.0349421
83.35 -0.0351562
83.36 -0.0349296
83.37 -0.0351441
83.38 -0.0349178
83.39 -0.0351327
83.4 -0.0349067
83.41 -0.0351219
83.42 -0.034896
83.43 -0.0351113
83.44 -0.0348854
83.45 -0.0351007
83.46 -0.0348747
83.47 -0.0350899
83.48 -0.0348637
83.49 -0.0350786
83.5 -0.0348521
83.51 -0.0350668
83.52 -0.0348398
83.53 -0.0350541
83.54 -0.0348266
83.55 -0.0350405
83.56 -0.0348126
83.57 -0.035026
83.58 -0.0347976
83.59 -0.0350106
83.6 -0.0347818
83.61 -0.0349945
83.62 -0.0347653
83.63 -0.0349777
83.64 -0.0347482
83.65 -0.0349605
83.66 -0.0347308
83.67 -0.034943
83.68 -0.0347133
83.69 -0.0349256
83.7 -0.034696
83.71 -0.0349085
83.72 -0.0346791
83.73 -0.0348919
83.74 -0.0346628
83.75 -0.034876
83.76 -0.0346472
83.77 -0.0348609
83.78 -0.0346326
83.79 -0.0348468
83.8 -0.0346189
83.81 -0.0348336
83.82 -0.0346062
83.83 -0.0348214
83.84 -0.0345943
83.85 -0.03481
83.86 -0.0345833
83.87 -0.0347993
83.88 -0.0345729
83.89 -0.0347892
83.9 -0.0345629
83.91 -0.0347793
83.92 -0.0345531
83.93 -0.0347696
83.94 -0.0345432
83.95 -0.0347596
83.96 -0.0345331
83.97 -0.0347493
83.98 -0.0345224
83.99 -0.0347383
84 -0.0345111
84.01 -0.0347266
84.02 -0.0344989
84.03 -0.0347141
84.04 -0.0344859
84.05 -0.0347006
84.06 -0.034472
84.07 -0.0346863
84.08 -0.0344572
84.09 -0.0346711
84.1 -0.0344417
84.11 -0.0346553
84.12 -0.0344256
84.13 -0.034639
84.14 -0.0344091
84.15 -0.0346225
84.16 -0.0343924
84.17 -0.0346058
84.18 -0.0343758
84.19 -0.0345894
84.2 -0.0343595
84.21 -0.0345733
84.22 -0.0343437
84.23 -0.0345579
84.24 -0.0343286
84.25 -0.0345432
84.26 -0.0343143
84.27 -0.0345293
84.28 -0.0343008
84.29 -0.0345164
84.3 -0.0342883
84.31 -0.0345043
84.32 -0.0342766
84.33 -0.034493
84.34 -0.0342656
84.35 -0.0344824
84.36 -0.0342553
84.37 -0.0344723
84.38 -0.0342453
84.39 -0.0344625
84.4 -0.0342355
84.41 -0.0344528
84.42 -0.0342257
84.43 -0.0344429
84.44 -0.0342156
84.45 -0.0344326
84.46 -0.0342051
84.47 -0.0344218
84.48 -0.0341939
84.49 -0.0344102
84.5 -0.0341819
84.51 -0.0343979
84.52 -0.0341691
84.53 -0.0343846
84.54 -0.0341553
84.55 -0.0343705
84.56 -0.0341407
84.57 -0.0343555
84.58 -0.0341254
84.59 -0.0343399
84.6 -0.0341095
84.61 -0.0343237
84.62 -0.0340931
84.63 -0.0343072
84.64 -0.0340765
84.65 -0.0342907
84.66 -0.0340599
84.67 -0.0342742
84.68 -0.0340435
84.69 -0.0342581
84.7 -0.0340276
84.71 -0.0342425
84.72 -0.0340123
84.73 -0.0342275
84.74 -0.0339978
84.75 -0.0342134
84.76 -0.033984
84.77 -0.0342002
84.78 -0.0339712
84.79 -0.0341878
84.8 -0.0339592
84.81 -0.0341762
84.82 -0.0339479
84.83 -0.0341653
84.84 -0.0339372
84.85 -0.0341549
84.86 -0.033927
84.87 -0.0341448
84.88 -0.033917
84.89 -0.0341349
84.9 -0.0339071
84.91 -0.0341249
84.92 -0.0338969
84.93 -0.0341146
84.94 -0.0338863
84.95 -0.0341038
84.96 -0.0338752
84.97 -0.0340923
84.98 -0.0338633
84.99 -0.0340801
85 -0.0338507
85.01 -0.034067
85.02 -0.0338371
85.03 -0.0340532
85.04 -0.0338228
85.05 -0.0340385
85.06 -0.0338078
85.07 -0.0340231
85.08 -0.0337921
85.09 -0.0340072
85.1 -0.033776
85.11 -0.033991
85.12 -0.0337596
85.13 -0.0339747
85.14 -0.0337432
85.15 -0.0339583
85.16 -0.033727
85.17 -0.0339423
85.18 -0.0337112
85.19 -0.0339268
85.2 -0.0336959
85.21 -0.0339118
85.22 -0.0336813
85.23 -0.0338976
85.24 -0.0336674
85.25 -0.0338842
85.26 -0.0336544
85.27 -0.0338716
85.28 -0.0336422
85.29 -0.0338598
85.3 -0.0336307
85.31 -0.0338486
85.32 -0.0336198
85.33 -0.033838
85.34 -0.0336093
85.35 -0.0338278
85.36 -0.0335991
85.37 -0.0338176
85.38 -0.033589
85.39 -0.0338075
85.4 -0.0335787
85.41 -0.033797
85.42 -0.033568
85.43 -0.0337862
85.44 -0.0335568
85.45 -0.0337747
85.46 -0.033545
85.47 -0.0337625
85.48 -0.0335324
85.49 -0.0337496
85.5 -0.033519
85.51 -0.0337358
85.52 -0.0335048
85.53 -0.0337213
85.54 -0.0334899
85.55 -0.0337061
85.56 -0.0334745
85.57 -0.0336904
85.58 -0.0334585
85.59 -0.0336744
85.6 -0.0334423
85.61 -0.0336581
85.62 -0.0334261
85.63 -0.0336419
85.64 -0.0334099
85.65 -0.033626
85.66 -0.0333942
85.67 -0.0336105
85.68 -0.0333789
85.69 -0.0335956
85.7 -0.0333643
85.71 -0.0335813
85.72 -0.0333504
85.73 -0.0335679
85.74 -0.0333373
85.75 -0.0335552
85.76 -0.033325
85.77 -0.0335433
85.78 -0.0333134
85.79 -0.033532
85.8 -0.0333024
85.81 -0.0335214
85.82 -0.0332919
85.83 -0.033511
85.84 -0.0332817
85.85 -0.0335009
85.86 -0.0332715
85.87 -0.0334908
85.88 -0.0332613
85.89 -0.0334804
85.9 -0.0332508
85.91 -0.0334697
85.92 -0.0332397
85.93 -0.0334584
85.94 -0.0332281
85.95 -0.0334465
85.96 -0.0332158
85.97 -0.0334338
85.98 -0.0332027
85.99 -0.0334204
86 -0.0331888
86.01 -0.0334062
86.02 -0.0331743
86.03 -0.0333913
86.04 -0.0331591
86.05 -0.033376
86.06 -0.0331435
86.07 -0.0333602
86.08 -0.0331276
86.09 -0.0333442
86.1 -0.0331115
86.11 -0.0333282
86.12 -0.0330956
86.13 -0.0333124
86.14 -0.0330799
86.15 -0.033297
86.16 -0.0330647
86.17 -0.0332821
86.18 -0.0330501
86.19 -0.0332678
86.2 -0.0330361
86.21 -0.0332543
86.22 -0.0330229
86.23 -0.0332415
86.24 -0.0330105
86.25 -0.0332294
86.26 -0.0329987
86.27 -0.033218
86.28 -0.0329875
86.29 -0.0332071
86.3 -0.0329768
86.31 -0.0331966
86.32 -0.0329664
86.33 -0.0331863
86.34 -0.0329561
86.35 -0.033176
86.36 -0.0329457
86.37 -0.0331655
86.38 -0.0329351
86.39 -0.0331547
86.4 -0.032924
86.41 -0.0331434
86.42 -0.0329124
86.43 -0.0331315
86.44 -0.0329001
86.45 -0.0331189
86.46 -0.0328871
86.47 -0.0331055
86.48 -0.0328733
86.49 -0.0330914
86.5 -0.0328588
86.51 -0.0330767
86.52 -0.0328438
86.53 -0.0330614
86.54 -0.0328283
86.55 -0.0330457
86.56 -0.0328124
86.57 -0.0330298
86.58 -0.0327965
86.59 -0.0330139
86.6 -0.0327805
86.61 -0.0329981
86.62 -0.0327648
86.63 -0.0329826
86.64 -0.0327496
86.65 -0.0329676
86.66 -0.0327348
86.67 -0.0329532
86.68 -0.0327207
86.69 -0.0329395
86.7 -0.0327073
86.71 -0.0329265
86.72 -0.0326946
86.73 -0.0329141
86.74 -0.0326826
86.75 -0.0329024
86.76 -0.0326711
86.77 -0.0328912
86.78 -0.0326601
86.79 -0.0328804
86.8 -0.0326494
86.81 -0.0328698
86.82 -0.0326388
86.83 -0.0328593
86.84 -0.0326282
86.85 -0.0328486
86.86 -0.0326173
86.87 -0.0328375
86.88 -0.032606
86.89 -0.032826
86.9 -0.0325941
86.91 -0.0328138
86.92 -0.0325816
86.93 -0.0328009
86.94 -0.0325683
86.95 -0.0327873
86.96 -0.0325543
86.97 -0.032773
86.98 -0.0325396
86.99 -0.032758
87 -0.0325242
87.01 -0.0327424
87.02 -0.0325084
87.03 -0.0327263
87.04 -0.0324921
87.05 -0.03271
87.06 -0.0324757
87.07 -0.0326936
87.08 -0.0324592
87.09 -0.0326772
87.1 -0.032443
87.11 -0.0326611
87.12 -0.032427
87.13 -0.0326453
87.14 -0.0324115
87.15 -0.0326301
87.16 -0.0323965
87.17 -0.0326155
87.18 -0.0323822
87.19 -0.0326016
87.2 -0.0323685
87.21 -0.0325882
87.22 -0.0323555
87.23 -0.0325755
87.24 -0.032343
87.25 -0.0325633
87.26 -0.0323309
87.27 -0.0325514
87.28 -0.0323192
87.29 -0.0325397
87.3 -0.0323075
87.31 -0.0325281
87.32 -0.0322958
87.33 -0.0325164
87.34 -0.0322839
87.35 -0.0325043
87.36 -0.0322716
87.37 -0.0324918
87.38 -0.0322588
87.39 -0.0324787
87.4 -0.0322453
87.41 -0.0324649
87.42 -0.0322312
87.43 -0.0324504
87.44 -0.0322163
87.45 -0.0324353
87.46 -0.0322007
87.47 -0.0324194
87.48 -0.0321845
87.49 -0.032403
87.5 -0.0321678
87.51 -0.0323861
87.52 -0.0321507
87.53 -0.0323688
87.54 -0.0321334
87.55 -0.0323515
87.56 -0.032116
87.57 -0.0323342
87.58 -0.0320988
87.59 -0.0323171
87.6 -0.0320818
87.61 -0.0323003
87.62 -0.0320653
87.63 -0.0322841
87.64 -0.0320492
87.65 -0.0322684
87.66 -0.0320338
87.67 -0.0322533
87.68 -0.032019
87.69 -0.0322389
87.7 -0.0320048
87.71 -0.032225
87.72 -0.0319912
87.73 -0.0322116
87.74 -0.031978
87.75 -0.0321986
87.76 -0.0319651
87.77 -0.0321859
87.78 -0.0319524
87.79 -0.0321732
87.8 -0.0319397
87.81 -0.0321604
87.82 -0.0319267
87.83 -0.0321474
87.84 -0.0319135
87.85 -0.0321339
87.86 -0.0318997
87.87 -0.0321199
87.88 -0.0318854
87.89 -0.0321053
87.9 -0.0318704
87.91 -0.0320899
87.92 -0.0318547
87.93 -0.0320739
87.94 -0.0318383
87.95 -0.0320573
87.96 -0.0318214
87.97 -0.03204
87.98 -0.0318038
87.99 -0.0320223
88 -0.0317859
88.01 -0.0320043
88.02 -0.0317678
88.03 -0.0319861
88.04 -0.0317495
88.05 -0.0319679
88.06 -0.0317313
88.07 -0.0319499
88.08 -0.0317134
88.09 -0.0319322
88.1 -0.0316959
88.11 -0.0319149
88.12 -0.0316788
88.13 -0.0318981
88.14 -0.0316623
88.15 -0.0318819
88.16 -0.0316464
88.17 -0.0318664
88.18 -0.0316311
88.19 -0.0318514
88.2 -0.0316164
88.21 -0.0318369
88.22 -0.031602
88.23 -0.0318228
88.24 -0.031588
88.25 -0.0318089
88.26 -0.0315742
88.27 -0.0317952
88.28 -0.0315605
88.29 -0.0317814
88.3 -0.0315465
88.31 -0.0317674
88.32 -0.0315323
88.33 -0.031753
88.34 -0.0315177
88.35 -0.0317381
88.36 -0.0315026
88.37 -0.0317227
88.38 -0.0314868
88.39 -0.0317067
88.4 -0.0314704
88.41 -0.03169
88.42 -0.0314533
88.43 -0.0316726
88.44 -0.0314357
88.45 -0.0316548
88.46 -0.0314176
88.47 -0.0316365
88.48 -0.0313991
88.49 -0.0316178
88.5 -0.0313803
88.51 -0.031599
88.52 -0.0313614
88.53 -0.0315802
88.54 -0.0313427
88.55 -0.0315615
88.56 -0.0313241
88.57 -0.0315432
88.58 -0.0313059
88.59 -0.0315252
88.6 -0.0312882
88.61 -0.0315078
88.62 -0.031271
88.63 -0.0314909
88.64 -0.0312544
88.65 -0.0314746
88.66 -0.0312383
88.67 -0.0314589
88.68 -0.0312229
88.69 -0.0314437
88.7 -0.0312078
88.71 -0.0314289
88.72 -0.0311932
88.73 -0.0314144
88.74 -0.0311787
88.75 -0.0314
88.76 -0.0311643
88.77 -0.0313856
88.78 -0.0311498
88.79 -0.031371
88.8 -0.0311351
88.81 -0.0313562
88.82 -0.03112
88.83 -0.0313409
88.84 -0.0311044
88.85 -0.031325
88.86 -0.0310882
88.87 -0.0313086
88.88 -0.0310714
88.89 -0.0312915
88.9 -0.0310541
88.91 -0.0312738
88.92 -0.0310361
88.93 -0.0312556
88.94 -0.0310176
88.95 -0.031237
88.96 -0.0309988
88.97 -0.031218
88.98 -0.0309796
88.99 -0.0311988
89 -0.0309604
89.01 -0.0311796
89.02 -0.0309412
89.03 -0.0311605
89.04 -0.0309221
89.05 -0.0311416
89.06 -0.0309034
89.07 -0.0311231
89.08 -0.0308851
89.09 -0.0311051
89.1 -0.0308673
89.11 -0.0310876
89.12 -0.0308501
89.13 -0.0310707
89.14 -0.0308334
89.15 -0.0310543
89.16 -0.0308172
89.17 -0.0310384
89.18 -0.0308015
89.19 -0.0310229
89.2 -0.0307862
89.21 -0.0310077
89.22 -0.030771
89.23 -0.0309926
89.24 -0.030756
89.25 -0.0309776
89.26 -0.0307408
89.27 -0.0309624
89.28 -0.0307255
89.29 -0.0309469
89.3 -0.0307098
89.31 -0.030931
89.32 -0.0306936
89.33 -0.0309147
89.34 -0.030677
89.35 -0.0308977
89.36 -0.0306597
89.37 -0.0308801
89.38 -0.0306418
89.39 -0.030862
89.4 -0.0306233
89.41 -0.0308433
89.42 -0.0306043
89.43 -0.0308241
89.44 -0.030585
89.45 -0.0308046
89.46 -0.0305653
89.47 -0.0307849
89.48 -0.0305454
89.49 -0.030765
89.5 -0.0305256
89.51 -0.0307453
89.52 -0.0305059
89.53 -0.0307257
89.54 -0.0304864
89.55 -0.0307064
89.56 -0.0304673
89.57 -0.0306876
89.58 -0.0304487
89.59 -0.0306692
89.6 -0.0304306
89.61 -0.0306514
89.62 -0.030413
89.63 -0.0306341
89.64 -0.0303959
89.65 -0.0306172
89.66 -0.0303792
89.67 -0.0306007
89.68 -0.0303628
89.69 -0.0305845
89.7 -0.0303467
89.71 -0.0305684
89.72 -0.0303306
89.73 -0.0305524
89.74 -0.0303145
89.75 -0.0305362
89.76 -0.0302982
89.77 -0.0305198
89.78 -0.0302815
89.79 -0.030503
89.8 -0.0302644
89.81 -0.0304856
89.82 -0.0302468
89.83 -0.0304678
89.84 -0.0302286
89.85 -0.0304493
89.86 -0.0302099
89.87 -0.0304303
89.88 -0.0301905
89.89 -0.0304107
89.9 -0.0301707
89.91 -0.0303906
89.92 -0.0301504
89.93 -0.0303702
89.94 -0.0301298
89.95 -0.0303495
89.96 -0.030109
89.97 -0.0303288
89.98 -0.0300882
89.99 -0.030308
90 -0.0300675
90.01 -0.0302874
90.02 -0.030047
90.03 -0.0302672
90.04 -0.0300269
90.05 -0.0302473
90.06 -0.0300073
90.07 -0.0302279
90.08 -0.0299881
90.09 -0.030209
90.1 -0.0299694
90.11 -0.0301906
90.12 -0.0299513
90.13 -0.0301727
90.14 -0.0299336
90.15 -0.0301553
90.16 -0.0299162
90.17 -0.0301381
90.18 -0.0298992
90.19 -0.0301212
90.2 -0.0298823
90.21 -0.0301043
90.22 -0.0298653
90.23 -0.0300873
90.24 -0.0298483
90.25 -0.0300702
90.26 -0.029831
90.27 -0.0300528
90.28 -0.0298133
90.29 -0.0300349
90.3 -0.0297952
90.31 -0.0300165
90.32 -0.0297765
90.33 -0.0299977
90.34 -0.0297574
90.35 -0.0299783
90.36 -0.0297377
90.37 -0.0299583
90.38 -0.0297175
90.39 -0.029938
90.4 -0.0296969
90.41 -0.0299173
90.42 -0.0296761
90.43 -0.0298963
90.44 -0.029655
90.45 -0.0298753
90.46 -0.029634
90.47 -0.0298543
90.48 -0.029613
90.49 -0.0298335
90.5 -0.0295923
90.51 -0.0298129
90.52 -0.0295719
90.53 -0.0297928
90.54 -0.029552
90.55 -0.0297731
90.56 -0.0295325
90.57 -0.0297539
90.58 -0.0295136
90.59 -0.0297353
90.6 -0.0294952
90.61 -0.0297172
90.62 -0.0294773
90.63 -0.0296995
90.64 -0.0294597
90.65 -0.0296822
90.66 -0.0294425
90.67 -0.0296651
90.68 -0.0294255
90.69 -0.0296481
90.7 -0.0294085
90.71 -0.0296312
90.72 -0.0293915
90.73 -0.0296141
90.74 -0.0293742
90.75 -0.0295967
90.76 -0.0293567
90.77 -0.029579
90.78 -0.0293387
90.79 -0.0295609
90.8 -0.0293204
90.81 -0.0295422
90.82 -0.0293015
90.83 -0.0295231
90.84 -0.0292821
90.85 -0.0295036
90.86 -0.0292623
90.87 -0.0294836
90.88 -0.0292421
90.89 -0.0294633
90.9 -0.0292217
90.91 -0.0294428
90.92 -0.0292011
90.93 -0.0294222
90.94 -0.0291805
90.95 -0.0294017
90.96 -0.02916
90.97 -0.0293813
90.98 -0.0291397
90.99 -0.0293612
91 -0.0291198
91.01 -0.0293415
91.02 -0.0291003
91.03 -0.0293223
91.04 -0.0290814
91.05 -0.0293037
91.06 -0.0290629
91.07 -0.0292855
91.08 -0.0290451
91.09 -0.029268
91.1 -0.0290277
91.11 -0.0292509
91.12 -0.0290108
91.13 -0.0292342
91.14 -0.0289943
91.15 -0.0292178
91.16 -0.028978
91.17 -0.0292016
91.18 -0.0289618
91.19 -0.0291855
91.2 -0.0289457
91.21 -0.0291693
91.22 -0.0289294
91.23 -0.029153
91.24 -0.0289129
91.25 -0.0291364
91.26 -0.0288961
91.27 -0.0291194
91.28 -0.0288789
91.29 -0.029102
91.3 -0.0288612
91.31 -0.0290842
91.32 -0.0288432
91.33 -0.0290659
91.34 -0.0288247
91.35 -0.0290473
91.36 -0.0288059
91.37 -0.0290284
91.38 -0.0287869
91.39 -0.0290094
91.4 -0.0287677
91.41 -0.0289902
91.42 -0.0287485
91.43 -0.028971
91.44 -0.0287294
91.45 -0.0289521
91.46 -0.0287106
91.47 -0.0289334
91.48 -0.028692
91.49 -0.0289151
91.5 -0.0286739
91.51 -0.0288972
91.52 -0.0286563
91.53 -0.0288799
91.54 -0.0286392
91.55 -0.0288631
91.56 -0.0286227
91.57 -0.0288469
91.58 -0.0286066
91.59 -0.0288311
91.6 -0.028591
91.61 -0.0288157
91.62 -0.0285758
91.63 -0.0288007
91.64 -0.0285609
91.65 -0.0287858
91.66 -0.0285461
91.67 -0.0287711
91.68 -0.0285313
91.69 -0.0287563
91.7 -0.0285164
91.71 -0.0287413
91.72 -0.0285013
91.73 -0.0287261
91.74 -0.0284859
91.75 -0.0287106
91.76 -0.0284702
91.77 -0.0286947
91.78 -0.028454
91.79 -0.0286784
91.8 -0.0284375
91.81 -0.0286616
91.82 -0.0284206
91.83 -0.0286446
91.84 -0.0284033
91.85 -0.0286272
91.86 -0.0283858
91.87 -0.0286096
91.88 -0.0283681
91.89 -0.0285919
91.9 -0.0283504
91.91 -0.0285743
91.92 -0.0283328
91.93 -0.0285567
91.94 -0.0283153
91.95 -0.0285395
91.96 -0.0282982
91.97 -0.0285226
91.98 -0.0282815
91.99 -0.0285061
92 -0.0282652
92.01 -0.0284901
92.02 -0.0282494
92.03 -0.0284746
92.04 -0.0282342
92.05 -0.0284596
92.06 -0.0282194
92.07 -0.0284451
92.08 -0.0282051
92.09 -0.028431
92.1 -0.0281911
92.11 -0.0284172
92.12 -0.0281774
92.13 -0.0284036
92.14 -0.0281638
92.15 -0.02839
92.16 -0.0281503
92.17 -0.0283765
92.18 -0.0281366
92.19 -0.0283628
92.2 -0.0281228
92.21 -0.0283488
92.22 -0.0281086
92.23 -0.0283345
92.24 -0.0280941
92.25 -0.0283198
92.26 -0.0280792
92.27 -0.0283047
92.28 -0.0280638
92.29 -0.0282892
92.3 -0.0280481
92.31 -0.0282732
92.32 -0.0280319
92.33 -0.028257
92.34 -0.0280155
92.35 -0.0282405
92.36 -0.0279989
92.37 -0.0282238
92.38 -0.0279822
92.39 -0.0282071
92.4 -0.0279655
92.41 -0.0281905
92.42 -0.0279489
92.43 -0.0281741
92.44 -0.0279326
92.45 -0.028158
92.46 -0.0279167
92.47 -0.0281423
92.48 -0.0279011
92.49 -0.0281269
92.5 -0.027886
92.51 -0.0281121
92.52 -0.0278714
92.53 -0.0280977
92.54 -0.0278572
92.55 -0.0280837
92.56 -0.0278434
92.57 -0.0280702
92.58 -0.02783
92.59 -0.0280569
92.6 -0.0278168
92.61 -0.0280438
92.62 -0.0278037
92.63 -0.0280308
92.64 -0.0277907
92.65 -0.0280178
92.66 -0.0277776
92.67 -0.0280046
92.68 -0.0277642
92.69 -0.0279912
92.7 -0.0277507
92.71 -0.0279774
92.72 -0.0277367
92.73 -0.0279633
92.74 -0.0277224
92.75 -0.0279488
92.76 -0.0277076
92.77 -0.0279339
92.78 -0.0276925
92.79 -0.0279186
92.8 -0.027677
92.81 -0.0279029
92.82 -0.0276612
92.83 -0.027887
92.84 -0.0276452
92.85 -0.027871
92.86 -0.0276291
92.87 -0.0278549
92.88 -0.027613
92.89 -0.0278389
92.9 -0.027597
92.91 -0.0278231
92.92 -0.0275813
92.93 -0.0278075
92.94 -0.0275659
92.95 -0.0277924
92.96 -0.0275509
92.97 -0.0277776
92.98 -0.0275364
92.99 -0.0277633
93 -0.0275223
93.01 -0.0277495
93.02 -0.0275086
93.03 -0.0277361
93.04 -0.0274954
93.05 -0.0277231
93.06 -0.0274826
93.07 -0.0277104
93.08 -0.02747
93.09 -0.027698
93.1 -0.0274576
93.11 -0.0276856
93.12 -0.0274452
93.13 -0.0276733
93.14 -0.0274328
93.15 -0.0276608
93.16 -0.0274203
93.17 -0.0276482
93.18 -0.0274075
93.19 -0.0276352
93.2 -0.0273943
93.21 -0.027622
93.22 -0.0273808
93.23 -0.0276083
93.24 -0.0273669
93.25 -0.0275942
93.26 -0.0273526
93.27 -0.0275797
93.28 -0.0273379
93.29 -0.0275649
93.3 -0.027323
93.31 -0.0275498
93.32 -0.0273078
93.33 -0.0275346
93.34 -0.0272925
93.35 -0.0275193
93.36 -0.0272771
93.37 -0.027504
93.38 -0.0272619
93.39 -0.0274889
93.4 -0.0272469
93.41 -0.027474
93.42 -0.0272321
93.43 -0.0274595
93.44 -0.0272178
93.45 -0.0274454
93.46 -0.0272038
93.47 -0.0274317
93.48 -0.0271903
93.49 -0.0274184
93.5 -0.0271773
93.51 -0.0274056
93.52 -0.0271647
93.53 -0.0273932
93.54 -0.0271524
93.55 -0.0273812
93.56 -0.0271405
93.57 -0.0273693
93.58 -0.0271287
93.59 -0.0273577
93.6 -0.027117
93.61 -0.027346
93.62 -0.0271054
93.63 -0.0273343
93.64 -0.0270936
93.65 -0.0273224
93.66 -0.0270815
93.67 -0.0273103
93.68 -0.0270692
93.69 -0.0272979
93.7 -0.0270566
93.71 -0.0272851
93.72 -0.0270436
93.73 -0.0272719
93.74 -0.0270302
93.75 -0.0272583
93.76 -0.0270165
93.77 -0.0272445
93.78 -0.0270024
93.79 -0.0272303
93.8 -0.0269882
93.81 -0.027216
93.82 -0.0269738
93.83 -0.0272016
93.84 -0.0269593
93.85 -0.0271872
93.86 -0.026945
93.87 -0.027173
93.88 -0.0269308
93.89 -0.0271589
93.9 -0.0269169
93.91 -0.0271452
93.92 -0.0269033
93.93 -0.0271318
93.94 -0.0268901
93.95 -0.0271189
93.96 -0.0268774
93.97 -0.0271064
93.98 -0.026865
93.99 -0.0270943
94 -0.0268531
94.01 -0.0270826
94.02 -0.0268415
94.03 -0.0270712
94.04 -0.0268303
94.05 -0.02706
94.06 -0.0268192
94.07 -0.027049
94.08 -0.0268082
94.09 -0.027038
94.1 -0.0267971
94.11 -0.027027
94.12 -0.026786
94.13 -0.0270158
94.14 -0.0267747
94.15 -0.0270044
94.16 -0.026763
94.17 -0.0269926
94.18 -0.0267511
94.19 -0.0269805
94.2 -0.0267387
94.21 -0.026968
94.22 -0.026726
94.23 -0.0269551
94.24 -0.0267129
94.25 -0.0269419
94.26 -0.0266996
94.27 -0.0269284
94.28 -0.0266859
94.29 -0.0269146
94.3 -0.0266721
94.31 -0.0269008
94.32 -0.0266582
94.33 -0.026887
94.34 -0.0266444
94.35 -0.0268732
94.36 -0.0266307
94.37 -0.0268596
94.38 -0.0266172
94.39 -0.0268463
94.4 -0.026604
94.41 -0.0268333
94.42 -0.0265912
94.43 -0.0268207
94.44 -0.0265787
94.45 -0.0268085
94.46 -0.0265667
94.47 -0.0267967
94.48 -0.026555
94.49 -0.0267852
94.5 -0.0265437
94.51 -0.0267741
94.52 -0.0265327
94.53 -0.0267631
94.54 -0.0265218
94.55 -0.0267524
94.56 -0.0265111
94.57 -0.0267417
94.58 -0.0265003
94.59 -0.0267309
94.6 -0.0264895
94.61 -0.02672
94.62 -0.0264784
94.63 -0.0267088
94.64 -0.0264671
94.65 -0.0266973
94.66 -0.0264554
94.67 -0.0266855
94.68 -0.0264434
94.69 -0.0266733
94.7 -0.026431
94.71 -0.0266607
94.72 -0.0264182
94.73 -0.0266478
94.74 -0.0264051
94.75 -0.0266346
94.76 -0.0263917
94.77 -0.0266211
94.78 -0.0263781
94.79 -0.0266075
94.8 -0.0263644
94.81 -0.0265938
94.82 -0.0263507
94.83 -0.0265802
94.84 -0.0263371
94.85 -0.0265666
94.86 -0.0263236
94.87 -0.0265533
94.88 -0.0263104
94.89 -0.0265402
94.9 -0.0262975
94.91 -0.0265275
94.92 -0.0262849
94.93 -0.0265151
94.94 -0.0262726
94.95 -0.026503
94.96 -0.0262607
94.97 -0.0264913
94.98 -0.0262491
94.99 -0.0264798
95 -0.0262376
95.01 -0.0264685
95.02 -0.0262264
95.03 -0.0264573
95.04 -0.0262152
95.05 -0.0264461
95.06 -0.0262039
95.07 -0.0264348
95.08 -0.0261926
95.09 -0.0264234
95.1 -0.026181
95.11 -0.0264117
95.12 -0.0261691
95.13 -0.0263996
95.14 -0.0261569
95.15 -0.0263872
95.16 -0.0261442
95.17 -0.0263744
95.18 -0.0261312
95.19 -0.0263612
95.2 -0.0261178
95.21 -0.0263476
95.22 -0.026104
95.23 -0.0263337
95.24 -0.0260898
95.25 -0.0263194
95.26 -0.0260755
95.27 -0.026305
95.28 -0.026061
95.29 -0.0262904
95.3 -0.0260464
95.31 -0.0262759
95.32 -0.0260318
95.33 -0.0262614
95.34 -0.0260173
95.35 -0.026247
95.36 -0.026003
95.37 -0.0262328
95.38 -0.025989
95.39 -0.026219
95.4 -0.0259752
95.41 -0.0262054
95.42 -0.0259617
95.43 -0.0261921
95.44 -0.0259486
95.45 -0.026179
95.46 -0.0259357
95.47 -0.0261663
95.48 -0.025923
95.49 -0.0261537
95.5 -0.0259104
95.51 -0.0261412
95.52 -0.0258979
95.53 -0.0261287
95.54 -0.0258854
95.55 -0.0261162
95.56 -0.0258727
95.57 -0.0261034
95.58 -0.0258599
95.59 -0.0260905
95.6 -0.0258468
95.61 -0.0260772
95.62 -0.0258333
95.63 -0.0260636
95.64 -0.0258195
95.65 -0.0260496
95.66 -0.0258052
95.67 -0.0260352
95.68 -0.0257906
95.69 -0.0260204
95.7 -0.0257756
95.71 -0.0260052
95.72 -0.0257603
95.73 -0.0259898
95.74 -0.0257447
95.75 -0.0259741
95.76 -0.0257289
95.77 -0.0259584
95.78 -0.0257131
95.79 -0.0259425
95.8 -0.0256972
95.81 -0.0259267
95.82 -0.0256815
95.83 -0.025911
95.84 -0.0256659
95.85 -0.0258956
95.86 -0.0256505
95.87 -0.0258803
95.88 -0.0256353
95.89 -0.0258653
95.9 -0.0256204
95.91 -0.0258506
95.92 -0.0256058
95.93 -0.0258361
95.94 -0.0255915
95.95 -0.0258219
95.96 -0.0255773
95.97 -0.0258078
95.98 -0.0255633
95.99 -0.0257939
96 -0.0255493
96.01 -0.0257799
96.02 -0.0255353
96.03 -0.0257659
96.04 -0.0255212
96.05 -0.0257517
96.06 -0.0255069
96.07 -0.0257373
96.08 -0.0254923
96.09 -0.0257226
96.1 -0.0254774
96.11 -0.0257075
96.12 -0.0254621
96.13 -0.0256921
96.14 -0.0254464
96.15 -0.0256762
96.16 -0.0254304
96.17 -0.02566
96.18 -0.0254139
96.19 -0.0256434
96.2 -0.0253971
96.21 -0.0256265
96.22 -0.0253801
96.23 -0.0256093
96.24 -0.0253628
96.25 -0.025592
96.26 -0.0253455
96.27 -0.0255747
96.28 -0.0253281
96.29 -0.0255573
96.3 -0.0253108
96.31 -0.0255401
96.32 -0.0252936
96.33 -0.025523
96.34 -0.0252766
96.35 -0.0255061
96.36 -0.0252598
96.37 -0.0254895
96.38 -0.0252433
96.39 -0.0254732
96.4 -0.0252271
96.41 -0.0254571
96.42 -0.0252111
96.43 -0.0254412
96.44 -0.0251953
96.45 -0.0254256
96.46 -0.0251797
96.47 -0.0254101
96.48 -0.0251642
96.49 -0.0253946
96.5 -0.0251487
96.51 -0.025379
96.52 -0.0251331
96.53 -0.0253634
96.54 -0.0251173
96.55 -0.0253476
96.56 -0.0251013
96.57 -0.0253315
96.58 -0.0250851
96.59 -0.025315
96.6 -0.0250684
96.61 -0.0252983
96.62 -0.0250515
96.63 -0.0252811
96.64 -0.0250341
96.65 -0.0252636
96.66 -0.0250164
96.67 -0.0252458
96.68 -0.0249984
96.69 -0.0252276
96.7 -0.0249801
96.71 -0.0252092
96.72 -0.0249616
96.73 -0.0251907
96.74 -0.024943
96.75 -0.0251721
96.76 -0.0249244
96.77 -0.0251535
96.78 -0.0249058
96.79 -0.025135
96.8 -0.0248874
96.81 -0.0251167
96.82 -0.0248691
96.83 -0.0250985
96.84 -0.0248511
96.85 -0.0250807
96.86 -0.0248333
96.87 -0.0250631
96.88 -0.0248158
96.89 -0.0250457
96.9 -0.0247986
96.91 -0.0250286
96.92 -0.0247816
96.93 -0.0250117
96.94 -0.0247647
96.95 -0.024995
96.96 -0.024748
96.97 -0.0249783
96.98 -0.0247313
96.99 -0.0249616
97 -0.0247146
97.01 -0.0249449
97.02 -0.0246977
97.03 -0.0249279
97.04 -0.0246806
97.05 -0.0249107
97.06 -0.0246632
97.07 -0.0248932
97.08 -0.0246455
97.09 -0.0248753
97.1 -0.0246275
97.11 -0.0248571
97.12 -0.024609
97.13 -0.0248385
97.14 -0.0245902
97.15 -0.0248196
97.16 -0.0245711
97.17 -0.0248003
97.18 -0.0245517
97.19 -0.0247808
97.2 -0.0245321
97.21 -0.0247611
97.22 -0.0245123
97.23 -0.0247413
97.24 -0.0244925
97.25 -0.0247215
97.26 -0.0244726
97.27 -0.0247017
97.28 -0.0244529
97.29 -0.024682
97.3 -0.0244333
97.31 -0.0246626
97.32 -0.0244138
97.33 -0.0246433
97.34 -0.0243947
97.35 -0.0246242
97.36 -0.0243757
97.37 -0.0246055
97.38 -0.0243571
97.39 -0.0245869
97.4 -0.0243386
97.41 -0.0245685
97.42 -0.0243203
97.43 -0.0245503
97.44 -0.024302
97.45 -0.0245321
97.46 -0.0242839
97.47 -0.024514
97.48 -0.0242656
97.49 -0.0244957
97.5 -0.0242473
97.51 -0.0244773
97.52 -0.0242287
97.53 -0.0244586
97.54 -0.0242099
97.55 -0.0244397
97.56 -0.0241908
97.57 -0.0244204
97.58 -0.0241713
97.59 -0.0244007
97.6 -0.0241514
97.61 -0.0243807
97.62 -0.0241312
97.63 -0.0243603
97.64 -0.0241106
97.65 -0.0243396
97.66 -0.0240897
97.67 -0.0243186
97.68 -0.0240685
97.69 -0.0242973
97.7 -0.0240472
97.71 -0.024276
97.72 -0.0240258
97.73 -0.0242545
97.74 -0.0240044
97.75 -0.0242331
97.76 -0.023983
97.77 -0.0242118
97.78 -0.0239617
97.79 -0.0241906
97.8 -0.0239405
97.81 -0.0241696
97.82 -0.0239196
97.83 -0.0241488
97.84 -0.0238989
97.85 -0.0241283
97.86 -0.0238784
97.87 -0.0241079
97.88 -0.0238582
97.89 -0.0240877
97.9 -0.023838
97.91 -0.0240677
97.92 -0.023818
97.93 -0.0240477
97.94 -0.023798
97.95 -0.0240277
97.96 -0.023778
97.97 -0.0240077
97.98 -0.0237579
97.99 -0.0239875
98 -0.0237376
98.01 -0.0239671
98.02 -0.023717
98.03 -0.0239464
98.04 -0.0236961
98.05 -0.0239254
98.06 -0.0236749
98.07 -0.0239041
98.08 -0.0236534
98.09 -0.0238824
98.1 -0.0236315
98.11 -0.0238603
98.12 -0.0236093
98.13 -0.023838
98.14 -0.0235868
98.15 -0.0238154
98.16 -0.0235641
98.17 -0.0237926
98.18 -0.0235412
98.19 -0.0237697
98.2 -0.0235182
98.21 -0.0237467
98.22 -0.0234953
98.23 -0.0237238
98.24 -0.0234723
98.25 -0.0237009
98.26 -0.0234495
98.27 -0.0236782
98.28 -0.0234269
98.29 -0.0236558
98.3 -0.0234046
98.31 -0.0236336
98.32 -0.0233825
98.33 -0.0236116
98.34 -0.0233606
98.35 -0.0235899
98.36 -0.023339
98.37 -0.0235684
98.38 -0.0233176
98.39 -0.0235471
98.4 -0.0232963
98.41 -0.0235259
98.42 -0.0232752
98.43 -0.0235048
98.44 -0.023254
98.45 -0.0234837
98.46 -0.0232329
98.47 -0.0234625
98.48 -0.0232116
98.49 -0.0234411
98.5 -0.0231901
98.51 -0.0234196
98.52 -0.0231684
98.53 -0.0233978
98.54 -0.0231465
98.55 -0.0233757
98.56 -0.0231243
98.57 -0.0233534
98.58 -0.0231017
98.59 -0.0233307
98.6 -0.0230789
98.61 -0.0233078
98.62 -0.0230559
98.63 -0.0232847
98.64 -0.0230327
98.65 -0.0232615
98.66 -0.0230094
98.67 -0.0232381
98.68 -0.022986
98.69 -0.0232148
98.7 -0.0229626
98.71 -0.0231915
98.72 -0.0229394
98.73 -0.0231683
98.74 -0.0229163
98.75 -0.0231453
98.76 -0.0228934
98.77 -0.0231226
98.78 -0.0228708
98.79 -0.0231001
98.8 -0.0228484
98.81 -0.023078
98.82 -0.0228264
98.83 -0.0230561
98.84 -0.0228046
98.85 -0.0230345
98.86 -0.0227831
98.87 -0.0230131
98.88 -0.0227618
98.89 -0.0229918
98.9 -0.0227406
98.91 -0.0229707
98.92 -0.0227195
98.93 -0.0229496
98.94 -0.0226984
98.95 -0.0229285
98.96 -0.0226772
98.97 -0.0229073
98.98 -0.0226559
98.99 -0.022886
99 -0.0226345
99.01 -0.0228645
99.02 -0.0226128
99.03 -0.0228427
99.04 -0.0225909
99.05 -0.0228207
99.06 -0.0225688
99.07 -0.0227985
99.08 -0.0225464
99.09 -0.0227761
99.1 -0.0225239
99.11 -0.0227534
99.12 -0.0225012
99.13 -0.0227307
99.14 -0.0224784
99.15 -0.022708
99.16 -0.0224557
99.17 -0.0226852
99.18 -0.0224329
99.19 -0.0226626
99.2 -0.0224104
99.21 -0.0226401
99.22 -0.022388
99.23 -0.0226179
99.24 -0.0223658
99.25 -0.0225959
99.26 -0.022344
99.27 -0.0225742
99.28 -0.0223225
99.29 -0.0225529
99.3 -0.0223013
99.31 -0.0225319
99.32 -0.0222804
99.33 -0.0225112
99.34 -0.0222598
99.35 -0.0224907
99.36 -0.0222394
99.37 -0.0224705
99.38 -0.0222193
99.39 -0.0224504
99.4 -0.0221993
99.41 -0.0224305
99.42 -0.0221793
99.43 -0.0224105
99.44 -0.0221593
99.45 -0.0223906
99.46 -0.0221393
99.47 -0.0223705
99.48 -0.0221192
99.49 -0.0223503
99.5 -0.0220988
99.51 -0.0223299
99.52 -0.0220783
99.53 -0.0223093
99.54 -0.0220576
99.55 -0.0222885
99.56 -0.0220367
99.57 -0.0222675
99.58 -0.0220156
99.59 -0.0222463
99.6 -0.0219943
99.61 -0.0222251
99.62 -0.021973
99.63 -0.0222038
99.64 -0.0219517
99.65 -0.0221825
99.66 -0.0219305
99.67 -0.0221613
99.68 -0.0219093
99.69 -0.0221403
99.7 -0.0218884
99.71 -0.0221195
99.72 -0.0218677
99.73 -0.0220989
99.74 -0.0218472
99.75 -0.0220786
99.76 -0.0218271
99.77 -0.0220587
99.78 -0.0218073
99.79 -0.0220391
99.8 -0.0217878
99.81 -0.0220198
99.82 -0.0217687
99.83 -0.0220008
99.84 -0.0217497
99.85 -0.021982
99.86 -0.021731
99.87 -0.0219634
99.88 -0.0217125
99.89 -0.0219449
99.9 -0.021694
99.91 -0.0219264
99.92 -0.0216755
99.93 -0.021908
99.94 -0.021657
99.95 -0.0218895
99.96 -0.0216384
99.97 -0.0218708
99.98 -0.0216197
99.99 -0.021852
100 -0.0216008
100.01 -0.021833
100.02 -0.0215817
100.03 -0.0218139
100.04 -0.0215624
100.05 -0.0217945
100.06 -0.021543
100.07 -0.021775
100.08 -0.0215234
100.09 -0.0217554
100.1 -0.0215037
100.11 -0.0217358
100.12 -0.021484
100.13 -0.0217161
100.14 -0.0214644
100.15 -0.0216965
100.16 -0.0214448
100.17 -0.021677
100.18 -0.0214254
100.19 -0.0216577
100.2 -0.0214062
100.21 -0.0216387
100.22 -0.0213873
100.23 -0.0216199
100.24 -0.0213686
100.25 -0.0216014
100.26 -0.0213502
100.27 -0.0215832
100.28 -0.0213321
100.29 -0.0215652
100.3 -0.0213143
100.31 -0.0215475
100.32 -0.0212967
100.33 -0.0215301
100.34 -0.0212793
100.35 -0.0215128
100.36 -0.021262
100.37 -0.0214955
100.38 -0.0212448
100.39 -0.0214784
100.4 -0.0212277
100.41 -0.0214612
100.42 -0.0212104
100.43 -0.0214439
100.44 -0.0211931
100.45 -0.0214266
100.46 -0.0211756
100.47 -0.021409
100.48 -0.0211579
100.49 -0.0213913
100.5 -0.0211401
100.51 -0.0213733
100.52 -0.021122
100.53 -0.0213552
100.54 -0.0211038
100.55 -0.0213369
100.56 -0.0210854
100.57 -0.0213185
100.58 -0.021067
100.59 -0.0213
100.6 -0.0210484
100.61 -0.0212815
100.62 -0.0210299
100.63 -0.0212631
100.64 -0.0210115
100.65 -0.0212447
100.66 -0.0209932
100.67 -0.0212265
100.68 -0.020975
100.69 -0.0212085
100.7 -0.0209571
100.71 -0.0211907
100.72 -0.0209395
100.73 -0.0211732
100.74 -0.0209221
100.75 -0.021156
100.76 -0.020905
100.77 -0.0211391
100.78 -0.0208882
100.79 -0.0211224
100.8 -0.0208717
100.81 -0.021106
100.82 -0.0208553
100.83 -0.0210897
100.84 -0.0208391
100.85 -0.0210736
100.86 -0.020823
100.87 -0.0210576
100.88 -0.020807
100.89 -0.0210415
100.9 -0.0207909
100.91 -0.0210255
100.92 -0.0207748
100.93 -0.0210093
100.94 -0.0207585
100.95 -0.020993
100.96 -0.0207421
100.97 -0.0209766
100.98 -0.0207256
100.99 -0.02096
101 -0.0207089
101.01 -0.0209432
101.02 -0.0206921
101.03 -0.0209264
101.04 -0.0206751
101.05 -0.0209094
101.06 -0.0206581
101.07 -0.0208923
101.08 -0.020641
101.09 -0.0208752
101.1 -0.0206239
101.11 -0.0208582
101.12 -0.0206069
101.13 -0.0208413
101.14 -0.02059
101.15 -0.0208245
101.16 -0.0205733
101.17 -0.0208079
101.18 -0.0205568
101.19 -0.0207915
101.2 -0.0205405
101.21 -0.0207754
101.22 -0.0205245
101.23 -0.0207595
101.24 -0.0205088
101.25 -0.020744
101.26 -0.0204933
101.27 -0.0207286
101.28 -0.0204781
101.29 -0.0207135
101.3 -0.0204631
101.31 -0.0206986
101.32 -0.0204482
101.33 -0.0206838
101.34 -0.0204334
101.35 -0.0206691
101.36 -0.0204187
101.37 -0.0206544
101.38 -0.020404
101.39 -0.0206397
101.4 -0.0203893
101.41 -0.0206249
101.42 -0.0203744
101.43 -0.02061
101.44 -0.0203594
101.45 -0.020595
101.46 -0.0203443
101.47 -0.0205799
101.48 -0.0203291
101.49 -0.0205646
101.5 -0.0203137
101.51 -0.0205491
101.52 -0.0202982
101.53 -0.0205336
101.54 -0.0202826
101.55 -0.020518
101.56 -0.020267
101.57 -0.0205024
101.58 -0.0202514
101.59 -0.0204869
101.6 -0.0202359
101.61 -0.0204714
101.62 -0.0202204
101.63 -0.0204561
101.64 -0.0202052
101.65 -0.0204409
101.66 -0.0201901
101.67 -0.020426
101.68 -0.0201753
101.69 -0.0204114
101.7 -0.0201608
101.71 -0.020397
101.72 -0.0201465
101.73 -0.0203828
101.74 -0.0201325
101.75 -0.0203689
101.76 -0.0201187
101.77 -0.0203552
101.78 -0.0201051
101.79 -0.0203417
101.8 -0.0200916
101.81 -0.0203284
101.82 -0.0200783
101.83 -0.0203151
101.84 -0.020065
101.85 -0.0203019
101.86 -0.0200517
101.87 -0.0202886
101.88 -0.0200384
101.89 -0.0202752
101.9 -0.020025
101.91 -0.0202618
101.92 -0.0200115
101.93 -0.0202482
101.94 -0.0199978
101.95 -0.0202345
101.96 -0.0199839
101.97 -0.0202206
101.98 -0.0199699
101.99 -0.0202065
102 -0.0199558
102.01 -0.0201923
102.02 -0.0199416
102.03 -0.0201781
102.04 -0.0199273
102.05 -0.0201638
102.06 -0.0199129
102.07 -0.0201495
102.08 -0.0198986
102.09 -0.0201352
102.1 -0.0198844
102.11 -0.020121
102.12 -0.0198703
102.13 -0.020107
102.14 -0.0198564
102.15 -0.0200932
102.16 -0.0198426
102.17 -0.0200796
102.18 -0.0198291
102.19 -0.0200662
102.2 -0.0198157
102.21 -0.020053
102.22 -0.0198026
102.23 -0.02004
102.24 -0.0197897
102.25 -0.0200272
102.26 -0.019777
102.27 -0.0200146
102.28 -0.0197644
102.29 -0.020002
102.3 -0.0197519
102.31 -0.0199895
102.32 -0.0197394
102.33 -0.0199771
102.34 -0.0197269
102.35 -0.0199646
102.36 -0.0197144
102.37 -0.019952
102.38 -0.0197017
102.39 -0.0199393
102.4 -0.0196889
102.41 -0.0199264
102.42 -0.0196759
102.43 -0.0199134
102.44 -0.0196628
102.45 -0.0199002
102.46 -0.0196495
102.47 -0.0198868
102.48 -0.019636
102.49 -0.0198732
102.5 -0.0196224
102.51 -0.0198596
102.52 -0.0196087
102.53 -0.0198459
102.54 -0.0195949
102.55 -0.0198321
102.56 -0.0195811
102.57 -0.0198183
102.58 -0.0195674
102.59 -0.0198046
102.6 -0.0195537
102.61 -0.0197911
102.62 -0.0195401
102.63 -0.0197776
102.64 -0.0195267
102.65 -0.0197643
102.66 -0.0195135
102.67 -0.0197512
102.68 -0.0195005
102.69 -0.0197382
102.7 -0.0194876
102.71 -0.0197255
102.72 -0.0194749
102.73 -0.0197129
102.74 -0.0194623
102.75 -0.0197004
102.76 -0.0194499
102.77 -0.0196879
102.78 -0.0194374
102.79 -0.0196755
102.8 -0.019425
102.81 -0.0196631
102.82 -0.0194126
102.83 -0.0196507
102.84 -0.0194
102.85 -0.0196381
102.86 -0.0193873
102.87 -0.0196253
102.88 -0.0193745
102.89 -0.0196124
102.9 -0.0193614
102.91 -0.0195992
102.92 -0.0193482
102.93 -0.0195859
102.94 -0.0193347
102.95 -0.0195723
102.96 -0.019321
102.97 -0.0195585
102.98 -0.0193071
102.99 -0.0195446
103 -0.019293
103.01 -0.0195305
103.02 -0.0192789
103.03 -0.0195163
103.04 -0.0192646
103.05 -0.019502
103.06 -0.0192504
103.07 -0.0194878
103.08 -0.0192361
103.09 -0.0194736
103.1 -0.0192219
103.11 -0.0194594
103.12 -0.0192078
103.13 -0.0194454
103.14 -0.0191938
103.15 -0.0194315
103.16 -0.0191799
103.17 -0.0194177
103.18 -0.0191662
103.19 -0.019404
103.2 -0.0191525
103.21 -0.0193904
103.22 -0.019139
103.23 -0.0193769
103.24 -0.0191255
103.25 -0.0193635
103.26 -0.019112
103.27 -0.01935
103.28 -0.0190985
103.29 -0.0193365
103.3 -0.019085
103.31 -0.0193229
103.32 -0.0190713
103.33 -0.0193091
103.34 -0.0190574
103.35 -0.0192952
103.36 -0.0190434
103.37 -0.0192811
103.38 -0.0190291
103.39 -0.0192667
103.4 -0.0190146
103.41 -0.0192521
103.42 -0.0189999
103.43 -0.0192372
103.44 -0.0189849
103.45 -0.0192222
103.46 -0.0189697
103.47 -0.0192069
103.48 -0.0189544
103.49 -0.0191915
103.5 -0.0189389
103.51 -0.019176
103.52 -0.0189233
103.53 -0.0191604
103.54 -0.0189077
103.55 -0.0191448
103.56 -0.018892
103.57 -0.0191292
103.58 -0.0188764
103.59 -0.0191137
103.6 -0.0188609
103.61 -0.0190982
103.62 -0.0188455
103.63 -0.0190829
103.64 -0.0188302
103.65 -0.0190677
103.66 -0.0188151
103.67 -0.0190526
103.68 -0.0188
103.69 -0.0190376
103.7 -0.018785
103.71 -0.0190227
103.72 -0.0187701
103.73 -0.0190078
103.74 -0.0187553
103.75 -0.0189929
103.76 -0.0187404
103.77 -0.0189781
103.78 -0.0187254
103.79 -0.0189631
103.8 -0.0187104
103.81 -0.018948
103.82 -0.0186952
103.83 -0.0189327
103.84 -0.0186798
103.85 -0.0189172
103.86 -0.0186642
103.87 -0.0189015
103.88 -0.0186484
103.89 -0.0188856
103.9 -0.0186323
103.91 -0.0188694
103.92 -0.018616
103.93 -0.0188531
103.94 -0.0185995
103.95 -0.0188365
103.96 -0.0185828
103.97 -0.0188197
103.98 -0.018566
103.99 -0.0188029
104 -0.0185491
104.01 -0.0187859
104.02 -0.0185321
104.03 -0.0187689
104.04 -0.0185151
104.05 -0.0187519
104.06 -0.0184981
104.07 -0.018735
104.08 -0.0184811
104.09 -0.0187181
104.1 -0.0184643
104.11 -0.0187013
104.12 -0.0184475
104.13 -0.0186846
104.14 -0.0184309
104.15 -0.018668
104.16 -0.0184144
104.17 -0.0186516
104.18 -0.0183979
104.19 -0.0186352
104.2 -0.0183816
104.21 -0.0186189
104.22 -0.0183652
104.23 -0.0186026
104.24 -0.0183489
104.25 -0.0185863
104.26 -0.0183325
104.27 -0.0185699
104.28 -0.0183161
104.29 -0.0185534
104.3 -0.0182995
104.31 -0.0185367
104.32 -0.0182828
104.33 -0.0185199
104.34 -0.0182659
104.35 -0.0185029
104.36 -0.0182488
104.37 -0.0184858
104.38 -0.0182315
104.39 -0.0184684
104.4 -0.018214
104.41 -0.0184508
104.42 -0.0181963
104.43 -0.0184331
104.44 -0.0181785
104.45 -0.0184152
104.46 -0.0181605
104.47 -0.0183972
104.48 -0.0181425
104.49 -0.0183792
104.5 -0.0181244
104.51 -0.0183611
104.52 -0.0181063
104.53 -0.0183431
104.54 -0.0180883
104.55 -0.0183251
104.56 -0.0180704
104.57 -0.0183072
104.58 -0.0180525
104.59 -0.0182894
104.6 -0.0180348
104.61 -0.0182718
104.62 -0.0180172
104.63 -0.0182543
104.64 -0.0179997
104.65 -0.0182369
104.66 -0.0179824
104.67 -0.0182196
104.68 -0.0179651
104.69 -0.0182024
104.7 -0.0179479
104.71 -0.0181852
104.72 -0.0179308
104.73 -0.0181681
104.74 -0.0179136
104.75 -0.0181509
104.76 -0.0178963
104.77 -0.0181336
104.78 -0.017879
104.79 -0.0181162
104.8 -0.0178615
104.81 -0.0180987
104.82 -0.0178439
104.83 -0.018081
104.84 -0.0178261
104.85 -0.0180631
104.86 -0.0178081
104.87 -0.0180451
104.88 -0.01779
104.89 -0.0180269
104.9 -0.0177717
104.91 -0.0180086
104.92 -0.0177533
104.93 -0.0179901
104.94 -0.0177347
104.95 -0.0179715
104.96 -0.0177161
104.97 -0.0179529
104.98 -0.0176975
104.99 -0.0179343
105 -0.0176789
105.01 -0.0179157
105.02 -0.0176603
105.03 -0.0178972
105.04 -0.0176418
105.05 -0.0178787
105.06 -0.0176234
105.07 -0.0178604
105.08 -0.0176051
105.09 -0.0178422
105.1 -0.017587
105.11 -0.0178242
105.12 -0.017569
105.13 -0.0178063
105.14 -0.0175512
105.15 -0.0177885
105.16 -0.0175334
105.17 -0.0177708
105.18 -0.0175157
105.19 -0.0177531
105.2 -0.017498
105.21 -0.0177355
105.22 -0.0174804
105.23 -0.0177178
105.24 -0.0174627
105.25 -0.0177001
105.26 -0.0174449
105.27 -0.0176823
105.28 -0.0174271
105.29 -0.0176644
105.3 -0.0174091
105.31 -0.0176463
105.32 -0.0173909
105.33 -0.0176281
105.34 -0.0173726
105.35 -0.0176097
105.36 -0.0173541
105.37 -0.0175911
105.38 -0.0173354
105.39 -0.0175724
105.4 -0.0173166
105.41 -0.0175536
105.42 -0.0172977
105.43 -0.0175347
105.44 -0.0172787
105.45 -0.0175157
105.46 -0.0172597
105.47 -0.0174966
105.48 -0.0172407
105.49 -0.0174776
105.5 -0.0172216
105.51 -0.0174587
105.52 -0.0172027
105.53 -0.0174398
105.54 -0.0171838
105.55 -0.0174209
105.56 -0.0171651
105.57 -0.0174023
105.58 -0.0171464
105.59 -0.0173837
105.6 -0.0171278
105.61 -0.0173652
105.62 -0.0171094
105.63 -0.0173468
105.64 -0.017091
105.65 -0.0173285
105.66 -0.0170727
105.67 -0.0173102
105.68 -0.0170544
105.69 -0.0172919
105.7 -0.0170361
105.71 -0.0172736
105.72 -0.0170178
105.73 -0.0172552
105.74 -0.0169993
105.75 -0.0172367
105.76 -0.0169808
105.77 -0.0172181
105.78 -0.0169621
105.79 -0.0171993
105.8 -0.0169432
105.81 -0.0171804
105.82 -0.0169241
105.83 -0.0171612
105.84 -0.0169049
105.85 -0.0171419
105.86 -0.0168854
105.87 -0.0171224
105.88 -0.0168659
105.89 -0.0171028
105.9 -0.0168461
105.91 -0.017083
105.92 -0.0168263
105.93 -0.0170632
105.94 -0.0168064
105.95 -0.0170433
105.96 -0.0167865
105.97 -0.0170233
105.98 -0.0167665
105.99 -0.0170034
106 -0.0167466
106.01 -0.0169835
106.02 -0.0167268
106.03 -0.0169638
106.04 -0.016707
106.05 -0.0169441
106.06 -0.0166873
106.07 -0.0169245
106.08 -0.0166678
106.09 -0.016905
106.1 -0.0166484
106.11 -0.0168856
106.12 -0.016629
106.13 -0.0168663
106.14 -0.0166097
106.15 -0.0168471
106.16 -0.0165905
106.17 -0.0168279
106.18 -0.0165713
106.19 -0.0168087
106.2 -0.0165521
106.21 -0.0167895
106.22 -0.0165328
106.23 -0.0167702
106.24 -0.0165135
106.25 -0.0167508
106.26 -0.0164941
106.27 -0.0167314
106.28 -0.0164745
106.29 -0.0167118
106.3 -0.0164548
106.31 -0.016692
106.32 -0.016435
106.33 -0.0166722
106.34 -0.0164151
106.35 -0.0166522
106.36 -0.016395
106.37 -0.0166321
106.38 -0.0163748
106.39 -0.0166119
106.4 -0.0163546
106.41 -0.0165916
106.42 -0.0163343
106.43 -0.0165713
106.44 -0.016314
106.45 -0.016551
106.46 -0.0162937
106.47 -0.0165308
106.48 -0.0162735
106.49 -0.0165106
106.5 -0.0162533
106.51 -0.0164905
106.52 -0.0162332
106.53 -0.0164704
106.54 -0.0162132
106.55 -0.0164505
106.56 -0.0161933
106.57 -0.0164307
106.58 -0.0161736
106.59 -0.016411
106.6 -0.0161539
106.61 -0.0163914
106.62 -0.0161343
106.63 -0.0163719
106.64 -0.0161148
106.65 -0.0163524
106.66 -0.0160953
106.67 -0.0163329
106.68 -0.0160759
106.69 -0.0163135
106.7 -0.0160563
106.71 -0.0162939
106.72 -0.0160368
106.73 -0.0162743
106.74 -0.0160171
106.75 -0.0162546
106.76 -0.0159973
106.77 -0.0162348
106.78 -0.0159774
106.79 -0.0162148
106.8 -0.0159574
106.81 -0.0161948
106.82 -0.0159372
106.83 -0.0161746
106.84 -0.0159169
106.85 -0.0161542
106.86 -0.0158966
106.87 -0.0161338
106.88 -0.0158761
106.89 -0.0161134
106.9 -0.0158556
106.91 -0.0160929
106.92 -0.0158351
106.93 -0.0160724
106.94 -0.0158146
106.95 -0.0160519
106.96 -0.0157941
106.97 -0.0160315
106.98 -0.0157737
106.99 -0.0160111
107 -0.0157534
107.01 -0.0159909
107.02 -0.0157332
107.03 -0.0159708
107.04 -0.0157132
107.05 -0.0159508
107.06 -0.0156932
107.07 -0.0159309
107.08 -0.0156733
107.09 -0.0159111
107.1 -0.0156536
107.11 -0.0158914
107.12 -0.0156339
107.13 -0.0158717
107.14 -0.0156143
107.15 -0.0158521
107.16 -0.0155946
107.17 -0.0158325
107.18 -0.015575
107.19 -0.0158129
107.2 -0.0155554
107.21 -0.0157932
107.22 -0.0155356
107.23 -0.0157735
107.24 -0.0155158
107.25 -0.0157536
107.26 -0.0154959
107.27 -0.0157337
107.28 -0.0154759
107.29 -0.0157136
107.3 -0.0154558
107.31 -0.0156934
107.32 -0.0154355
107.33 -0.0156732
107.34 -0.0154152
107.35 -0.0156528
107.36 -0.0153948
107.37 -0.0156324
107.38 -0.0153744
107.39 -0.015612
107.4 -0.0153539
107.41 -0.0155915
107.42 -0.0153334
107.43 -0.0155711
107.44 -0.015313
107.45 -0.0155507
107.46 -0.0152927
107.47 -0.0155304
107.48 -0.0152724
107.49 -0.0155102
107.5 -0.0152522
107.51 -0.0154901
107.52 -0.0152322
107.53 -0.0154701
107.54 -0.0152122
107.55 -0.0154502
107.56 -0.0151924
107.57 -0.0154304
107.58 -0.0151726
107.59 -0.0154107
107.6 -0.0151529
107.61 -0.015391
107.62 -0.0151332
107.63 -0.0153714
107.64 -0.0151136
107.65 -0.0153517
107.66 -0.0150939
107.67 -0.015332
107.68 -0.0150741
107.69 -0.0153123
107.7 -0.0150543
107.71 -0.0152925
107.72 -0.0150344
107.73 -0.0152725
107.74 -0.0150144
107.75 -0.0152524
107.76 -0.0149943
107.77 -0.0152322
107.78 -0.014974
107.79 -0.0152119
107.8 -0.0149536
107.81 -0.0151915
107.82 -0.0149331
107.83 -0.0151709
107.84 -0.0149125
107.85 -0.0151503
107.86 -0.0148918
107.87 -0.0151297
107.88 -0.0148711
107.89 -0.015109
107.9 -0.0148504
107.91 -0.0150883
107.92 -0.0148298
107.93 -0.0150676
107.94 -0.0148091
107.95 -0.0150471
107.96 -0.0147886
107.97 -0.0150266
107.98 -0.0147681
107.99 -0.0150062
108 -0.0147477
108.01 -0.0149858
108.02 -0.0147275
108.03 -0.0149656
108.04 -0.0147073
108.05 -0.0149455
108.06 -0.0146872
108.07 -0.0149254
108.08 -0.0146671
108.09 -0.0149054
108.1 -0.0146471
108.11 -0.0148854
108.12 -0.0146271
108.13 -0.0148654
108.14 -0.014607
108.15 -0.0148453
108.16 -0.0145869
108.17 -0.0148251
108.18 -0.0145667
108.19 -0.0148049
108.2 -0.0145463
108.21 -0.0147845
108.22 -0.0145258
108.23 -0.0147639
108.24 -0.0145052
108.25 -0.0147433
108.26 -0.0144844
108.27 -0.0147224
108.28 -0.0144635
108.29 -0.0147014
108.3 -0.0144424
108.31 -0.0146803
108.32 -0.0144212
108.33 -0.014659
108.34 -0.0143999
108.35 -0.0146377
108.36 -0.0143785
108.37 -0.0146163
108.38 -0.0143571
108.39 -0.0145948
108.4 -0.0143356
108.41 -0.0145734
108.42 -0.0143142
108.43 -0.014552
108.44 -0.0142928
108.45 -0.0145306
108.46 -0.0142714
108.47 -0.0145093
108.48 -0.0142501
108.49 -0.0144881
108.5 -0.0142289
108.51 -0.0144669
108.52 -0.0142078
108.53 -0.0144458
108.54 -0.0141867
108.55 -0.0144248
108.56 -0.0141656
108.57 -0.0144037
108.58 -0.0141446
108.59 -0.0143827
108.6 -0.0141235
108.61 -0.0143616
108.62 -0.0141025
108.63 -0.0143405
108.64 -0.0140813
108.65 -0.0143194
108.66 -0.0140601
108.67 -0.0142981
108.68 -0.0140387
108.69 -0.0142766
108.7 -0.0140172
108.71 -0.0142551
108.72 -0.0139955
108.73 -0.0142333
108.74 -0.0139737
108.75 -0.0142115
108.76 -0.0139518
108.77 -0.0141895
108.78 -0.0139297
108.79 -0.0141673
108.8 -0.0139075
108.81 -0.0141451
108.82 -0.0138852
108.83 -0.0141228
108.84 -0.0138629
108.85 -0.0141005
108.86 -0.0138405
108.87 -0.0140781
108.88 -0.0138181
108.89 -0.0140557
108.9 -0.0137957
108.91 -0.0140334
108.92 -0.0137735
108.93 -0.0140112
108.94 -0.0137512
108.95 -0.013989
108.96 -0.0137291
108.97 -0.013967
108.98 -0.0137071
108.99 -0.013945
109 -0.0136852
109.01 -0.0139231
109.02 -0.0136634
109.03 -0.0139014
109.04 -0.0136416
109.05 -0.0138797
109.06 -0.0136199
109.07 -0.013858
109.08 -0.0135982
109.09 -0.0138363
109.1 -0.0135766
109.11 -0.0138147
109.12 -0.0135549
109.13 -0.013793
109.14 -0.0135332
109.15 -0.0137712
109.16 -0.0135113
109.17 -0.0137494
109.18 -0.0134894
109.19 -0.0137274
109.2 -0.0134674
109.21 -0.0137053
109.22 -0.0134452
109.23 -0.0136831
109.24 -0.0134229
109.25 -0.0136607
109.26 -0.0134005
109.27 -0.0136383
109.28 -0.013378
109.29 -0.0136158
109.3 -0.0133554
109.31 -0.0135932
109.32 -0.0133328
109.33 -0.0135706
109.34 -0.0133102
109.35 -0.0135479
109.36 -0.0132875
109.37 -0.0135253
109.38 -0.0132649
109.39 -0.0135028
109.4 -0.0132424
109.41 -0.0134803
109.42 -0.01322
109.43 -0.0134579
109.44 -0.0131977
109.45 -0.0134357
109.46 -0.0131755
109.47 -0.0134136
109.48 -0.0131534
109.49 -0.0133916
109.5 -0.0131315
109.51 -0.0133698
109.52 -0.0131097
109.53 -0.013348
109.54 -0.013088
109.55 -0.0133263
109.56 -0.0130663
109.57 -0.0133047
109.58 -0.0130447
109.59 -0.0132832
109.6 -0.0130231
109.61 -0.0132616
109.62 -0.0130016
109.63 -0.01324
109.64 -0.01298
109.65 -0.0132184
109.66 -0.0129583
109.67 -0.0131968
109.68 -0.0129366
109.69 -0.013175
109.7 -0.0129149
109.71 -0.0131533
109.72 -0.012893
109.73 -0.0131314
109.74 -0.0128711
109.75 -0.0131095
109.76 -0.0128492
109.77 -0.0130875
109.78 -0.0128272
109.79 -0.0130656
109.8 -0.0128052
109.81 -0.0130436
109.82 -0.0127833
109.83 -0.0130217
109.84 -0.0127614
109.85 -0.0129998
109.86 -0.0127395
109.87 -0.012978
109.88 -0.0127178
109.89 -0.0129564
109.9 -0.0126962
109.91 -0.0129348
109.92 -0.0126747
109.93 -0.0129135
109.94 -0.0126534
109.95 -0.0128922
109.96 -0.0126322
109.97 -0.0128712
109.98 -0.0126112
109.99 -0.0128502
110 -0.0125904
110.01 -0.0128294
110.02 -0.0125696
110.03 -0.0128088
110.04 -0.012549
110.05 -0.0127882
110.06 -0.0125284
110.07 -0.0127676
110.08 -0.0125079
110.09 -0.0127472
110.1 -0.0124874
110.11 -0.0127267
110.12 -0.0124669
110.13 -0.0127062
110.14 -0.0124464
110.15 -0.0126857
110.16 -0.0124258
110.17 -0.0126651
110.18 -0.0124052
110.19 -0.0126445
110.2 -0.0123846
110.21 -0.0126238
110.22 -0.0123639
110.23 -0.0126031
110.24 -0.0123431
110.25 -0.0125824
110.26 -0.0123224
110.27 -0.0125616
110.28 -0.0123016
110.29 -0.0125409
110.3 -0.0122809
110.31 -0.0125202
110.32 -0.0122602
110.33 -0.0124995
110.34 -0.0122395
110.35 -0.0124788
110.36 -0.0122187
110.37 -0.012458
110.38 -0.0121978
110.39 -0.012437
110.4 -0.0121766
110.41 -0.0124156
110.42 -0.012155
110.43 -0.0123937
110.44 -0.0121329
110.45 -0.0123712
110.46 -0.01211
110.47 -0.012348
110.48 -0.0120864
110.49 -0.012324
110.5 -0.0120619
110.51 -0.0122991
110.52 -0.0120365
110.53 -0.0122733
110.54 -0.0120104
110.55 -0.0122469
110.56 -0.0119837
110.57 -0.0122199
110.58 -0.0119564
110.59 -0.0121924
110.6 -0.0119288
110.61 -0.0121648
110.62 -0.0119012
110.63 -0.0121372
110.64 -0.0118737
110.65 -0.01211
110.66 -0.0118467
110.67 -0.0120832
110.68 -0.0118203
110.69 -0.0120573
110.7 -0.0117948
110.71 -0.0120323
110.72 -0.0117703
110.73 -0.0120083
110.74 -0.0117469
110.75 -0.0119855
110.76 -0.0117246
110.77 -0.0119638
110.78 -0.0117034
110.79 -0.0119432
110.8 -0.0116834
110.81 -0.0119237
110.82 -0.0116645
110.83 -0.0119053
110.84 -0.0116465
110.85 -0.0118878
110.86 -0.0116295
110.87 -0.0118712
110.88 -0.0116132
110.89 -0.0118553
110.9 -0.0115976
110.91 -0.0118399
110.92 -0.0115824
110.93 -0.0118249
110.94 -0.0115675
110.95 -0.01181
110.96 -0.0115526
110.97 -0.0117951
110.98 -0.0115375
110.99 -0.0117799
111 -0.0115221
111.01 -0.0117642
111.02 -0.0115062
111.03 -0.011748
111.04 -0.0114895
111.05 -0.0117309
111.06 -0.011472
111.07 -0.011713
111.08 -0.0114536
111.09 -0.0116941
111.1 -0.0114342
111.11 -0.0116743
111.12 -0.0114139
111.13 -0.0116535
111.14 -0.0113928
111.15 -0.011632
111.16 -0.0113708
111.17 -0.0116097
111.18 -0.0113482
111.19 -0.0115868
111.2 -0.0113251
111.21 -0.0115636
111.22 -0.0113017
111.23 -0.0115401
111.24 -0.0112782
111.25 -0.0115167
111.26 -0.0112548
111.27 -0.0114933
111.28 -0.0112316
111.29 -0.0114703
111.3 -0.0112088
111.31 -0.0114477
111.32 -0.0111864
111.33 -0.0114257
111.34 -0.0111646
111.35 -0.0114042
111.36 -0.0111434
111.37 -0.0113832
111.38 -0.0111227
111.39 -0.0113628
111.4 -0.0111025
111.41 -0.0113427
111.42 -0.0110826
111.43 -0.011323
111.44 -0.011063
111.45 -0.0113034
111.46 -0.0110434
111.47 -0.0112839
111.48 -0.0110238
111.49 -0.0112642
111.5 -0.011004
111.51 -0.0112442
111.52 -0.0109838
111.53 -0.0112238
111.54 -0.0109631
111.55 -0.0112028
111.56 -0.0109418
111.57 -0.0111813
111.58 -0.01092
111.59 -0.0111592
111.6 -0.0108975
111.61 -0.0111364
111.62 -0.0108745
111.63 -0.0111131
111.64 -0.0108509
111.65 -0.0110893
111.66 -0.0108269
111.67 -0.0110652
111.68 -0.0108027
111.69 -0.0110409
111.7 -0.0107783
111.71 -0.0110166
111.72 -0.010754
111.73 -0.0109923
111.74 -0.0107299
111.75 -0.0109684
111.76 -0.0107062
111.77 -0.0109449
111.78 -0.0106829
111.79 -0.0109218
111.8 -0.0106601
111.81 -0.0108994
111.82 -0.010638
111.83 -0.0108776
111.84 -0.0106165
111.85 -0.0108564
111.86 -0.0105956
111.87 -0.0108358
111.88 -0.0105752
111.89 -0.0108157
111.9 -0.0105553
111.91 -0.0107959
111.92 -0.0105356
111.93 -0.0107764
111.94 -0.0105162
111.95 -0.010757
111.96 -0.0104967
111.97 -0.0107375
111.98 -0.0104772
111.99 -0.0107178
112 -0.0104574
112.01 -0.0106978
112.02 -0.0104371
112.03 -0.0106774
112.04 -0.0104164
112.05 -0.0106564
112.06 -0.0103952
112.07 -0.010635
112.08 -0.0103734
112.09 -0.0106129
112.1 -0.0103511
112.11 -0.0105904
112.12 -0.0103284
112.13 -0.0105674
112.14 -0.0103052
112.15 -0.0105442
112.16 -0.0102818
112.17 -0.0105207
112.18 -0.0102583
112.19 -0.0104972
112.2 -0.0102348
112.21 -0.0104738
112.22 -0.0102115
112.23 -0.0104507
112.24 -0.0101886
112.25 -0.0104279
112.26 -0.010166
112.27 -0.0104056
112.28 -0.010144
112.29 -0.0103839
112.3 -0.0101225
112.31 -0.0103627
112.32 -0.0101017
112.33 -0.0103422
112.34 -0.0100814
112.35 -0.0103222
112.36 -0.0100616
112.37 -0.0103026
112.38 -0.0100423
112.39 -0.0102835
112.4 -0.0100233
112.41 -0.0102646
112.42 -0.0100045
112.43 -0.0102458
112.44 -0.0099857
112.45 -0.010227
112.46 -0.0099668
112.47 -0.010208
112.48 -0.00994766
112.49 -0.0101887
112.5 -0.00992816
112.51 -0.010169
112.52 -0.0099082
112.53 -0.0101488
112.54 -0.00988773
112.55 -0.0101281
112.56 -0.00986672
112.57 -0.0101068
112.58 -0.00984518
112.59 -0.010085
112.6 -0.00982317
112.61 -0.0100628
112.62 -0.00980075
112.63 -0.0100403
112.64 -0.00977804
112.65 -0.0100175
112.66 -0.00975517
112.67 -0.00999457
112.68 -0.00973228
112.69 -0.00997172
112.7 -0.00970949
112.71 -0.00994905
112.72 -0.00968695
112.73 -0.00992669
112.74 -0.00966477
112.75 -0.00990473
112.76 -0.00964303
112.77 -0.00988326
112.78 -0.00962181
112.79 -0.00986231
112.8 -0.00960112
112.81 -0.0098419
112.82 -0.00958096
112.83 -0.009822
112.84 -0.00956128
112.85 -0.00980254
112.86 -0.00954201
112.87 -0.00978343
112.88 -0.00952303
112.89 -0.00976457
112.9 -0.00950423
112.91 -0.00974582
112.92 -0.00948547
112.93 -0.00972704
112.94 -0.00946662
112.95 -0.0097081
112.96 -0.00944754
112.97 -0.00968887
112.98 -0.00942813
112.99 -0.00966926
113 -0.00940828
113.01 -0.00964918
113.02 -0.00938794
113.03 -0.00962859
113.04 -0.00936706
113.05 -0.00960746
113.06 -0.00934567
113.07 -0.00958582
113.08 -0.00932379
113.09 -0.00956373
113.1 -0.00930148
113.11 -0.00954126
113.12 -0.00927885
113.13 -0.00951852
113.14 -0.00925602
113.15 -0.00949564
113.16 -0.0092331
113.17 -0.00947273
113.18 -0.00921023
113.19 -0.00944994
113.2 -0.00918752
113.21 -0.00942737
113.22 -0.0091651
113.23 -0.00940513
113.24 -0.00914304
113.25 -0.00938329
113.26 -0.00912141
113.27 -0.00936189
113.28 -0.00910024
113.29 -0.00934096
113.3 -0.00907952
113.31 -0.00932046
113.32 -0.00905921
113.33 -0.00930034
113.34 -0.00903924
113.35 -0.00928052
113.36 -0.00901952
113.37 -0.00926089
113.38 -0.00899994
113.39 -0.00924134
113.4 -0.00898036
113.41 -0.00922172
113.42 -0.00896066
113.43 -0.00920192
113.44 -0.00894071
113.45 -0.00918181
113.46 -0.0089204
113.47 -0.00916129
113.48 -0.00889963
113.49 -0.00914027
113.5 -0.00887833
113.51 -0.00911871
113.52 -0.00885649
113.53 -0.00909659
113.54 -0.00883408
113.55 -0.00907393
113.56 -0.00881114
113.57 -0.00905075
113.58 -0.00878774
113.59 -0.00902715
113.6 -0.00876395
113.61 -0.00900322
113.62 -0.00873988
113.63 -0.00897906
113.64 -0.00871565
113.65 -0.00895481
113.66 -0.00869139
113.67 -0.00893059
113.68 -0.00866722
113.69 -0.00890651
113.7 -0.00864324
113.71 -0.00888266
113.72 -0.00861953
113.73 -0.00885914
113.74 -0.00859618
113.75 -0.00883598
113.76 -0.00857321
113.77 -0.00881321
113.78 -0.00855063
113.79 -0.00879082
113.8 -0.0085284
113.81 -0.00876876
113.82 -0.00850648
113.83 -0.00874698
113.84 -0.00848479
113.85 -0.00872537
113.86 -0.00846322
113.87 -0.00870382
113.88 -0.00844165
113.89 -0.00868223
113.9 -0.00841998
113.91 -0.00866046
113.92 -0.00839808
113.93 -0.00863841
113.94 -0.00837584
113.95 -0.00861598
113.96 -0.00835317
113.97 -0.00859308
113.98 -0.00833002
113.99 -0.00856968
114 -0.00830634
114.01 -0.00854574
114.02 -0.00828212
114.03 -0.00852127
114.04 -0.00825739
114.05 -0.00849631
114.06 -0.0082322
114.07 -0.00847093
114.08 -0.00820663
114.09 -0.00844521
114.1 -0.00818077
114.11 -0.00841925
114.12 -0.00815473
114.13 -0.00839317
114.14 -0.00812863
114.15 -0.0083671
114.16 -0.00810259
114.17 -0.00834112
114.18 -0.00807669
114.19 -0.00831534
114.2 -0.00805103
114.21 -0.00828984
114.22 -0.00802569
114.23 -0.00826467
114.24 -0.00800069
114.25 -0.00823986
114.26 -0.00797604
114.27 -0.00821539
114.28 -0.00795172
114.29 -0.00819123
114.3 -0.0079277
114.31 -0.00816734
114.32 -0.00790389
114.33 -0.00814361
114.34 -0.0078802
114.35 -0.00811994
114.36 -0.00785652
114.37 -0.00809624
114.38 -0.00783275
114.39 -0.00807239
114.4 -0.00780876
114.41 -0.00804826
114.42 -0.00778447
114.43 -0.00802379
114.44 -0.00775978
114.45 -0.00799888
114.46 -0.00773462
114.47 -0.00797349
114.48 -0.00770897
114.49 -0.00794758
114.5 -0.0076828
114.51 -0.00792117
114.52 -0.00765613
114.53 -0.00789428
114.54 -0.00762902
114.55 -0.00786697
114.56 -0.00760152
114.57 -0.00783932
114.58 -0.00757372
114.59 -0.00781142
114.6 -0.00754574
114.61 -0.0077834
114.62 -0.00751768
114.63 -0.00775535
114.64 -0.00748965
114.65 -0.00772737
114.66 -0.00746175
114.67 -0.00769958
114.68 -0.00743407
114.69 -0.00767205
114.7 -0.00740668
114.71 -0.00764482
114.72 -0.00737961
114.73 -0.00761794
114.74 -0.0073529
114.75 -0.00759141
114.76 -0.00732652
114.77 -0.00756519
114.78 -0.00730044
114.79 -0.00753925
114.8 -0.0072746
114.81 -0.0075135
114.82 -0.00724891
114.83 -0.00748786
114.84 -0.00722328
114.85 -0.00746223
114.86 -0.0071976
114.87 -0.00743649
114.88 -0.00717177
114.89 -0.00741055
114.9 -0.00714569
114.91 -0.00738433
114.92 -0.00711928
114.93 -0.00735773
114.94 -0.00709246
114.95 -0.0073307
114.96 -0.0070652
114.97 -0.00730322
114.98 -0.00703749
114.99 -0.00727529
115 -0.00700932
115.01 -0.00724691
115.02 -0.00698074
115.03 -0.00721815
115.04 -0.0069518
115.05 -0.00718907
115.06 -0.00692259
115.07 -0.00715977
115.08 -0.0068932
115.09 -0.00713033
115.1 -0.00686372
115.11 -0.00710086
115.12 -0.00683427
115.13 -0.00707146
115.14 -0.00680494
115.15 -0.00704223
115.16 -0.0067758
115.17 -0.00701323
115.18 -0.00674694
115.19 -0.00698452
115.2 -0.00671839
115.21 -0.00695615
115.22 -0.00669017
115.23 -0.0069281
115.24 -0.00666228
115.25 -0.00690036
115.26 -0.00663467
115.27 -0.00687289
115.28 -0.0066073
115.29 -0.00684561
115.3 -0.00658008
115.31 -0.00681845
115.32 -0.00655294
115.33 -0.00679131
115.34 -0.00652576
115.35 -0.00676409
115.36 -0.00649845
115.37 -0.00673669
115.38 -0.00647093
115.39 -0.00670903
115.4 -0.00644309
115.41 -0.00668102
115.42 -0.00641489
115.43 -0.00665262
115.44 -0.00638627
115.45 -0.0066238
115.46 -0.00635723
115.47 -0.00659454
115.48 -0.00632775
115.49 -0.00656486
115.5 -0.00629787
115.51 -0.00653482
115.52 -0.00626765
115.53 -0.00650446
115.54 -0.00623716
115.55 -0.00647387
115.56 -0.00620648
115.57 -0.00644313
115.58 -0.00617571
115.59 -0.00641236
115.6 -0.00614495
115.61 -0.00638164
115.62 -0.00611428
115.63 -0.00635106
115.64 -0.00608379
115.65 -0.0063207
115.66 -0.00605355
115.67 -0.0062906
115.68 -0.0060236
115.69 -0.00626081
115.7 -0.00599395
115.71 -0.00623133
115.72 -0.00596462
115.73 -0.00620214
115.74 -0.00593556
115.75 -0.00617321
115.76 -0.00590672
115.77 -0.00614448
115.78 -0.00587805
115.79 -0.00611585
115.8 -0.00584944
115.81 -0.00608725
115.82 -0.00582081
115.83 -0.00605858
115.84 -0.00579206
115.85 -0.00602975
115.86 -0.0057631
115.87 -0.00600066
115.88 -0.00573385
115.89 -0.00597124
115.9 -0.00570424
115.91 -0.00594143
115.92 -0.00567422
115.93 -0.00591121
115.94 -0.00564377
115.95 -0.00588055
115.96 -0.00561289
115.97 -0.00584947
115.98 -0.00558161
115.99 -0.00581801
116 -0.00554996
116.01 -0.00578621
116.02 -0.00551803
116.03 -0.00575416
116.04 -0.00548588
116.05 -0.00572195
116.06 -0.00545361
116.07 -0.00568966
116.08 -0.0054213
116.09 -0.00565738
116.1 -0.00538906
116.11 -0.0056252
116.12 -0.00535695
116.13 -0.0055932
116.14 -0.00532505
116.15 -0.00556142
116.16 -0.0052934
116.17 -0.00552991
116.18 -0.00526202
116.19 -0.00549868
116.2 -0.00523092
116.21 -0.00546772
116.22 -0.00520008
116.23 -0.005437
116.24 -0.00516945
116.25 -0.00540645
116.26 -0.00513896
116.27 -0.00537603
116.28 -0.00510856
116.29 -0.00534564
116.3 -0.00507815
116.31 -0.0053152
116.32 -0.00504765
116.33 -0.00528463
116.34 -0.00501697
116.35 -0.00525384
116.36 -0.00498604
116.37 -0.00522277
116.38 -0.0049548
116.39 -0.00519135
116.4 -0.0049232
116.41 -0.00515957
116.42 -0.00489121
116.43 -0.0051274
116.44 -0.00485885
116.45 -0.00509486
116.46 -0.00482612
116.47 -0.00506197
116.48 -0.00479308
116.49 -0.0050288
116.5 -0.00475979
116.51 -0.00499542
116.52 -0.00472632
116.53 -0.00496189
116.54 -0.00469275
116.55 -0.00492832
116.56 -0.00465918
116.57 -0.00489478
116.58 -0.00462569
116.59 -0.00486137
116.6 -0.00459236
116.61 -0.00482815
116.62 -0.00455925
116.63 -0.00479517
116.64 -0.00452641
116.65 -0.00476249
116.66 -0.00449386
116.67 -0.0047301
116.68 -0.00446162
116.69 -0.00469802
116.7 -0.00442967
116.71 -0.0046662
116.72 -0.00439797
116.73 -0.0046346
116.74 -0.00436645
116.75 -0.00460317
116.76 -0.00433506
116.77 -0.00457181
116.78 -0.00430371
116.79 -0.00454045
116.8 -0.00427231
116.81 -0.00450901
116.82 -0.00424079
116.83 -0.0044774
116.84 -0.00420906
116.85 -0.00444556
116.86 -0.00417708
116.87 -0.00441343
116.88 -0.00414479
116.89 -0.00438098
116.9 -0.00411217
116.91 -0.00434821
116.92 -0.00407922
116.93 -0.0043151
116.94 -0.00404595
116.95 -0.00428169
116.96 -0.00401241
116.97 -0.00424803
116.98 -0.00397864
116.99 -0.00421419
117 -0.00394473
117.01 -0.00418024
117.02 -0.00391075
117.03 -0.00414627
117.04 -0.00387679
117.05 -0.00411236
117.06 -0.00384294
117.07 -0.00407859
117.08 -0.00380927
117.09 -0.00404504
117.1 -0.00377585
117.11 -0.00401177
117.12 -0.00374272
117.13 -0.00397882
117.14 -0.00370993
117.15 -0.0039462
117.16 -0.00367748
117.17 -0.00391393
117.18 -0.00364537
117.19 -0.00388197
117.2 -0.00361355
117.21 -0.0038503
117.22 -0.003582
117.23 -0.00381885
117.24 -0.00355063
117.25 -0.00378755
117.26 -0.00351937
117.27 -0.00375634
117.28 -0.00348816
117.29 -0.00372512
117.3 -0.00345691
117.31 -0.00369382
117.32 -0.00342554
117.33 -0.00366238
117.34 -0.00339399
117.35 -0.00363074
117.36 -0.00336223
117.37 -0.00359885
117.38 -0.00333022
117.39 -0.00356671
117.4 -0.00329794
117.41 -0.00353431
117.42 -0.00326541
117.43 -0.00350167
117.44 -0.00323266
117.45 -0.00346884
117.46 -0.00319974
117.47 -0.00343586
117.48 -0.00316671
117.49 -0.0034028
117.5 -0.00313364
117.51 -0.00336975
117.52 -0.0031006
117.53 -0.00333677
117.54 -0.00306769
117.55 -0.00330394
117.56 -0.00303495
117.57 -0.00327133
117.58 -0.00300247
117.59 -0.003239
117.6 -0.0029703
117.61 -0.003207
117.62 -0.00293845
117.63 -0.00317533
117.64 -0.00290695
117.65 -0.003144
117.66 -0.00287579
117.67 -0.00311301
117.68 -0.00284494
117.69 -0.0030823
117.7 -0.00281435
117.71 -0.00305183
117.72 -0.00278398
117.73 -0.00302154
117.74 -0.00275374
117.75 -0.00299135
117.76 -0.00272357
117.77 -0.00296119
117.78 -0.00269339
117.79 -0.00293099
117.8 -0.00266313
117.81 -0.00290067
117.82 -0.00263273
117.83 -0.00287018
117.84 -0.00260214
117.85 -0.00283949
117.86 -0.00257133
117.87 -0.00280857
117.88 -0.00254029
117.89 -0.00277742
117.9 -0.00250902
117.91 -0.00274606
117.92 -0.00247756
117.93 -0.00271451
117.94 -0.00244593
117.95 -0.00268283
117.96 -0.0024142
117.97 -0.00265107
117.98 -0.00238243
117.99 -0.00261932
118 -0.0023507
118.01 -0.00258763
118.02 -0.00231907
118.03 -0.00255609
118.04 -0.00228761
118.05 -0.00252474
118.06 -0.00225639
118.07 -0.00249366
118.08 -0.00222544
118.09 -0.00246287
118.1 -0.00219481
118.11 -0.0024324
118.12 -0.00216449
118.13 -0.00240226
118.14 -0.0021345
118.15 -0.00237242
118.16 -0.0021048
118.17 -0.00234286
118.18 -0.00207536
118.19 -0.00231353
118.2 -0.00204611
118.21 -0.00228436
118.22 -0.002017
118.23 -0.00225529
118.24 -0.00198795
118.25 -0.00222625
118.26 -0.00195888
118.27 -0.00219716
118.28 -0.00192974
118.29 -0.00216796
118.3 -0.00190046
118.31 -0.00213859
118.32 -0.00187098
118.33 -0.002109
118.34 -0.00184128
118.35 -0.00207919
118.36 -0.00181133
118.37 -0.00204913
118.38 -0.00178115
118.39 -0.00201883
118.4 -0.00175074
118.41 -0.00198832
118.42 -0.00172014
118.43 -0.00195765
118.44 -0.0016894
118.45 -0.00192688
118.46 -0.00165859
118.47 -0.00189606
118.48 -0.00162777
118.49 -0.00186526
118.5 -0.001597
118.51 -0.00183455
118.52 -0.00156637
118.53 -0.001804
118.54 -0.00153591
118.55 -0.00177367
118.56 -0.00150569
118.57 -0.00174358
118.58 -0.00147574
118.59 -0.00171377
118.6 -0.00144607
118.61 -0.00168425
118.62 -0.00141669
118.63 -0.00165502
118.64 -0.00138758
118.65 -0.00162603
118.66 -0.00135871
118.67 -0.00159727
118.68 -0.00133003
118.69 -0.00156867
118.7 -0.00130148
118.71 -0.00154017
118.72 -0.001273
118.73 -0.0015117
118.74 -0.00124453
118.75 -0.00148321
118.76 -0.001216
118.77 -0.00145464
118.78 -0.00118735
118.79 -0.00142592
118.8 -0.00115855
118.81 -0.00139703
118.82 -0.00112956
118.83 -0.00136795
118.84 -0.00110036
118.85 -0.00133865
118.86 -0.00107096
118.87 -0.00130915
118.88 -0.00104136
118.89 -0.00127947
118.9 -0.00101161
118.91 -0.00124966
118.92 -0.000981734
118.93 -0.00121975
118.94 -0.000951795
118.95 -0.00118981
118.96 -0.000921858
118.97 -0.0011599
118.98 -0.000891987
118.99 -0.00113009
119 -0.000862239
119.01 -0.00110043
119.02 -0.000832672
119.03 -0.00107098
119.04 -0.000803339
119.05 -0.00104178
119.06 -0.000774271
119.07 -0.00101285
119.08 -0.000745481
119.09 -0.000984207
119.1 -0.000716976
119.11 -0.000955847
119.12 -0.000688747
119.13 -0.00092775
119.14 -0.000660762
119.15 -0.000899874
119.16 -0.000632976
119.17 -0.000872173
119.18 -0.000605339
119.19 -0.000844596
119.2 -0.000577799
119.21 -0.000817084
119.22 -0.00055029
119.23 -0.000789569
119.24 -0.000522748
119.25 -0.000761997
119.26 -0.000495127
119.27 -0.000734323
119.28 -0.000467383
119.29 -0.000706508
119.3 -0.000439481
119.31 -0.000678522
119.32 -0.0004114
119.33 -0.000650355
119.34 -0.000383142
119.35 -0.000622019
119.36 -0.000354724
119.37 -0.000593531
119.38 -0.000326167
119.39 -0.000564923
119.4 -0.000297512
119.41 -0.000536243
119.42 -0.000268813
119.43 -0.000507549
119.44 -0.00024013
119.45 -0.000478896
119.46 -0.000211515
119.47 -0.000450341
119.48 -0.000183028
119.49 -0.000421945
119.5 -0.000154727
119.51 -0.000393758
119.52 -0.000126656
119.53 -0.000365817
119.54 -9.88423e-05
119.55 -0.000338144
119.56 -7.13078e-05
119.57 -0.000310758
119.58 -4.40611e-05
119.59 -0.000283655
119.6 -1.70891e-05
119.61 -0.000256813
119.62 9.63838e-06
119.63 -0.000230199
119.64 3.61564e-05
119.65 -0.000203774
119.66 6.25087e-05
119.67 -0.000177487
119.68 8.87534e-05
119.69 -0.000151276
119.7 0.000114953
119.71 -0.000125081
119.72 0.000141163
119.73 -9.88502e-05
119.74 0.000167435
119.75 -7.25322e-05
119.76 0.000193817
119.77 -4.60838e-05
119.78 0.000220346
119.79 -1.94782e-05
119.8 0.000247038
119.81 7.29518e-06
119.82 0.0002739
119.83 3.42369e-05
119.84 0.000300926
119.85 6.13346e-05
119.86 0.000328094
119.87 8.85576e-05
119.88 0.000355368
119.89 0.000115863
119.9 0.000382702
119.91 0.000143206
119.92 0.000410046
119.93 0.000170532
119.94 0.000437347
119.95 0.000197786
119.96 0.000464547
119.97 0.000224911
119.98 0.000491594
119.99 0.000251863
120 0.000518448
