0.01 0 0.105503 0 0 0 0
0.02 0 0.0949416 0 0 0 0
0.03 0 0.0943201 0 0 0 0
0.04 0 0.095852 0 0 0 0
0.05 0 0.0979867 0 0 0 0
0.06 0 0.100098 0 0 0 0
0.07 0 0.102087 0 0 0 0
0.08 0 0.103829 0 0 0 0
0.09 0 0.105359 0 0 0 0
0.1 0 0.106612 0 0 0 0
0.11 0 0.107626 0 0 0 0
0.12 0 0.108349 0 0 0 0
0.13 0 0.108801 0 0 0 0
0.14 0 0.108934 0 0 0 0
0.15 0 0.108776 0 0 0 0
0.16 0 0.108318 0 0 0 0
0.17 0 0.107633 0 0 0 0
0.18 0 0.106777 0 0 0 0
0.19 0 0.105885 0 0 0 0
0.2 0 0.105058 0 0 0 0
0.21 0 0.104424 0 0 0 0
0.22 0 0.104047 0 0 0 0
0.23 0 0.103983 0 0 0 0
0.24 0 0.104216 0 0 0 0
0.25 0 0.104715 0 0 0 0
0.26 0 0.105383 0 0 0 0
0.27 0 0.106121 0 0 0 0
0.28 0 0.106779 0 0 0 0
0.29 0 0.107221 0 0 0 0
0.3 0 0.107284 0 0 0 0
0.31 0 0.106835 0 0 0 0
0.32 0 0.105735 0 0 0 0
0.33 0 0.103885 0 0 0 0
0.34 0 0.101194 0 0 0 0
0.35 0 0.0976199 0 0 0 0
0.36 0 0.0931382 0 0 0 0
0.37 0 0.0877824 0 0 0 0
0.38 0 0.0816211 0 0 0 0
0.39 0 0.0747924 0 0 0 0
0.4 0 0.067457 0 0 0 0
0.41 0 0.0598056 0 0 0 0
0.42 0 0.052011 0 0 0 0
0.43 0 0.0442471 0 0 0 0
0.44 0 0.0366555 0 0 0 0
0.45 0 0.0293706 0 0 0 0
0.46 0 0.0224922 0 0 0 0
0.47 0 0.0161125 0 0 0 0
0.48 0 0.0102917 0 0 0 0
0.49 0 0.00508451 0 0 0 0
0.5 0 0.000517601 0 0 0 0
0.51 0 -0.00338502 0 0 0 0
0.52 0 -0.00713863 0 0 0 0
0.53 0 -0.0101699 0 0 0 0
0.54 0 -0.012524 0 0 0 0
0.55 0 -0.0142034 0 0 0 0
0.56 0 -0.015199 0 0 0 0
0.57 0 -0.0154744 0 0 0 0
0.58 0 -0.0149984 0 0 0 0
0.59 0 -0.0137388 0 0 0 0
0.6 0 -0.0116911 0 0 0 0
0.61 0 -0.00886497 0 0 0 0
0.62 0 -0.00530627 0 0 0 0
0.63 0 -0.0010788 0 0 0 0
0.64 0 0.00372052 0 0 0 0
0.65 0 0.00898224 0 0 0 0
0.66 0 0.0145728 0 0 0 0
0.67 0 0.0203561 0 0 0 0
0.68 0 0.0261832 0 0 0 0
0.69 0 0.0319143 0 0 0 0
0.7 0 0.0374087 0 0 0 0
0.71 0 0.0425445 0 0 0 0
0.72 0 0.0472094 0 0 0 0
0.73 0 0.0513173 0 0 0 0
0.74 0 0.054798 0 0 0 0
0.75 0 0.057612 0 0 0 0
0.76 0 0.059738 0 0 0 0
0.77 0 0.061186 0 0 0 0
0.78 0 0.0619828 0 0 0 0
0.79 0 0.0621829 0 0 0 0
0.8 0 0.0618537 0 0 0 0
0.81 0 0.0610854 0 0 0 0
0.82 0 0.0599741 0 0 0 0
0.83 0 0.0586304 0 0 0 0
0.84 0 0.0571618 0 0 0 0
0.85 0 0.0556812 0 0 0 0
0.86 0 0.0542905 0 0 0 0
0.87 0 0.0530888 0 0 0 0
0.88 0 0.0521577 0 0 0 0
0.89 0 0.0515699 0 0 0 0
0.9 0 0.0513768 0 0 0 0
0.91 0 0.0516185 0 0 0 0
0.92 0 0.0523138 0 0 0 0
0.93 0 0.0534719 0 0 0 0
0.94 0 0.0550838 0 0 0 0
0.95 0 0.0571349 0 0 0 0
0.96 0 0.0595963 0 0 0 0
0.97 0 0.0624366 0 0 0 0
0.98 0 0.0656145 0 0 0 0
0.99 0 0.0690902 0 0 0 0
1 0 0.0728176 0 0 0 0
1.01 0 0.076756 0 0 0 0
1.02 0 0.0803327 0 0 0 0
1.03 0 0.0840965 0 0 0 0
1.04 0 0.0879755 0 0 0 0
1.05 0 0.0919324 0 0 0 0
1.06 0 0.095935 0 0 0 0
1.07 0 0.0999623 0 0 0 0
1.08 0 0.103994 0 0 0 0
1.09 0 0.108022 0 0 0 0
1.1 0 0.112039 0 0 0 0
1.11 0 0.116052 0 0 0 0
1.12 0 0.12006 0 0 0 0
1.13 0 0.12407 0 0 0 0
1.14 0 0.128073 0 0 0 0
1.15 0 0.132065 0 0 0 0
1.16 0 0.136029 0 0 0 0
1.17 0 0.139947 0 0 0 0
1.18 0 0.143794 0 0 0 0
1.19 0 0.147545 0 0 0 0
1.2 0 0.151171 0 0 0 0
1.21 0 0.154645 0 0 0 0
1.22 0 0.157937 0 0 0 0
1.23 0 0.161024 0 0 0 0
1.24 0 0.16388 0 0 0 0
1.25 0 0.166486 0 0 0 0
1.26 0 0.168827 0 0 0 0
1.27 0 0.170891 0 0 0 0
1.28 0 0.17267 0 0 0 0
1.29 0 0.174163 0 0 0 0
1.3 0 0.175366 0 0 0 0
1.31 0 0.176284 0 0 0 0
1.32 0 0.176921 0 0 0 0
1.33 0 0.177286 0 0 0 0
1.34 0 0.177388 0 0 0 0
1.35 0 0.177239 0 0 0 0
1.36 0 0.176853 0 0 0 0
1.37 0 0.176244 0 0 0 0
1.38 0 0.175428 0 0 0 0
1.39 0 0.174423 0 0 0 0
1.4 0 0.173245 0 0 0 0
1.41 0 0.171914 0 0 0 0
1.42 0 0.170447 0 0 0 0
1.43 0 0.168865 0 0 0 0
1.44 0 0.167187 0 0 0 0
1.45 0 0.165431 0 0 0 0
1.46 0 0.163617 0 0 0 0
1.47 0 0.161764 0 0 0 0
1.48 0 0.159889 0 0 0 0
1.49 0 0.15801 0 0 0 0
1.5 0 0.15614 0 0 0 0
1.51 0 0.154297 0 0 0 0
1.52 0 0.152059 0 0 0 0
1.53 0 0.149915 0 0 0 0
1.54 0 0.147842 0 0 0 0
1.55 0 0.14584 0 0 0 0
1.56 0 0.143907 0 0 0 0
1.57 0 0.142045 0 0 0 0
1.58 0 0.140249 0 0 0 0
1.59 0 0.138518 0 0 0 0
1.6 0 0.136843 0 0 0 0
1.61 0 0.135216 0 0 0 0
1.62 0 0.133625 0 0 0 0
1.63 0 0.132059 0 0 0 0
1.64 0 0.130502 0 0 0 0
1.65 0 0.128938 0 0 0 0
1.66 0 0.127349 0 0 0 0
1.67 0 0.125719 0 0 0 0
1.68 0 0.124027 0 0 0 0
1.69 0 0.122256 0 0 0 0
1.7 0 0.120387 0 0 0 0
1.71 0 0.118403 0 0 0 0
1.72 0 0.116286 0 0 0 0
1.73 0 0.11402 0 0 0 0
1.74 0 0.111592 0 0 0 0
1.75 0 0.10899 0 0 0 0
1.76 0 0.106201 0 0 0 0
1.77 0 0.10322 0 0 0 0
1.78 0 0.100038 0 0 0 0
1.79 0 0.0966531 0 0 0 0
1.8 0 0.0930624 0 0 0 0
1.81 0 0.0892678 0 0 0 0
1.82 0 0.0852709 0 0 0 0
1.83 0 0.0810781 0 0 0 0
1.84 0 0.0766953 0 0 0 0
1.85 0 0.0721325 0 0 0 0
1.86 0 0.0673995 0 0 0 0
1.87 0 0.0625103 0 0 0 0
1.88 0 0.057479 0 0 0 0
1.89 0 0.0523253 0 0 0 0
1.9 0 0.0470706 0 0 0 0
1.91 0 0.0417424 0 0 0 0
1.92 0 0.0363685 0 0 0 0
1.93 0 0.0309799 0 0 0 0
1.94 0 0.0256056 0 0 0 0
1.95 0 0.0202756 0 0 0 0
1.96 0 0.0150162 0 0 0 0
1.97 0 0.00985317 0 0 0 0
1.98 0 0.00480763 0 0 0 0
1.99 0 -0.00010067 0 0 0 0
2 0 -0.00485748 0 0 0 0
2.01 0 -0.00945064 0 0 0 0
2.02 0 -0.0141176 0 0 0 0
2.03 0 -0.0185874 0 0 0 0
2.04 0 -0.0228689 0 0 0 0
2.05 0 -0.0269254 0 0 0 0
2.06 0 -0.0306619 0 0 0 0
2.07 0 -0.0339252 0 0 0 0
2.08 0 -0.0365467 0 0 0 0
2.09 0 -0.0383844 0 0 0 0
2.1 0 -0.0393575 0 0 0 0
2.11 0 -0.0394574 0 0 0 0
2.12 0 -0.038755 0 0 0 0
2.13 0 -0.0373895 0 0 0 0
2.14 0 -0.0355597 0 0 0 0
2.15 0 -0.0335035 0 0 0 0
2.16 0 -0.0314839 0 0 0 0
2.17 0 -0.029768 0 0 0 0
2.18 0 -0.0286138 0 0 0 0
2.19 0 -0.0282525 0 0 0 0
2.2 0 -0.0288804 0 0 0 0
2.21 0 -0.030646 0 0 0 0
2.22 0 -0.0336478 0 0 0 0
2.23 0 -0.037925 0 0 0 0
2.24 0 -0.0434526 0 0 0 0
2.25 0 -0.050127 0 0 0 0
2.26 0 -0.0577711 0 0 0 0
2.27 0 -0.0661522 0 0 0 0
2.28 0 -0.0750179 0 0 0 0
2.29 0 -0.0841183 0 0 0 0
2.3 0 -0.0932244 0 0 0 0
2.31 0 -0.102132 0 0 0 0
2.32 0 -0.110668 0 0 0 0
2.33 0 -0.118689 0 0 0 0
2.34 0 -0.126077 0 0 0 0
2.35 0 -0.132742 0 0 0 0
2.36 0 -0.138616 0 0 0 0
2.37 0 -0.143644 0 0 0 0
2.38 0 -0.147779 0 0 0 0
2.39 0 -0.150963 0 0 0 0
2.4 0 -0.15313 0 0 0 0
2.41 0 -0.154211 0 0 0 0
2.42 0 -0.154156 0 0 0 0
2.43 0 -0.152942 0 0 0 0
2.44 0 -0.150583 0 0 0 0
2.45 0 -0.147128 0 0 0 0
2.46 0 -0.142666 0 0 0 0
2.47 0 -0.13732 0 0 0 0
2.48 0 -0.13124 0 0 0 0
2.49 0 -0.124596 0 0 0 0
2.5 0 -0.117572 0 0 0 0
2.51 0 -0.110357 0 0 0 0
2.52 0 -0.103136 0 0 0 0
2.53 0 -0.0960833 0 0 0 0
2.54 0 -0.0893552 0 0 0 0
2.55 0 -0.0830865 0 0 0 0
2.56 0 -0.0773865 0 0 0 0
2.57 0 -0.0723337 0 0 0 0
2.58 0 -0.0679774 0 0 0 0
2.59 0 -0.0643345 0 0 0 0
2.6 0 -0.0613938 0 0 0 0
2.61 0 -0.0591148 0 0 0 0
2.62 0 -0.0574344 0 0 0 0
2.63 0 -0.0562676 0 0 0 0
2.64 0 -0.0555153 0 0 0 0
2.65 0 -0.0550662 0 0 0 0
2.66 0 -0.0548053 0 0 0 0
2.67 0 -0.054616 0 0 0 0
2.68 0 -0.0543878 0 0 0 0
2.69 0 -0.0540176 0 0 0 0
2.7 0 -0.0534166 0 0 0 0
2.71 0 -0.0525101 0 0 0 0
2.72 0 -0.0512425 0 0 0 0
2.73 0 -0.0495757 0 0 0 0
2.74 0 -0.0474924 0 0 0 0
2.75 0 -0.0449929 0 0 0 0
2.76 0 -0.0420964 0 0 0 0
2.77 0 -0.0388367 0 0 0 0
2.78 0 -0.035262 0 0 0 0
2.79 0 -0.0314298 0 0 0 0
2.8 0 -0.0274064 0 0 0 0
2.81 0 -0.0232608 0 0 0 0
2.82 0 -0.0190648 0 0 0 0
2.83 0 -0.0148866 0 0 0 0
2.84 0 -0.0107917 0 0 0 0
2.85 0 -0.00683712 0 0 0 0
2.86 0 -0.00307284 0 0 0 0
2.87 0 0.000462285 0 0 0 0
2.88 0 0.00373887 0 0 0 0
2.89 0 0.00674118 0 0 0 0
2.9 0 0.00946934 0 0 0 0
2.91 0 0.0119457 0 0 0 0
2.92 0 0.0142109 0 0 0 0
2.93 0 0.0163174 0 0 0 0
2.94 0 0.0183164 0 0 0 0
2.95 0 0.0202534 0 0 0 0
2.96 0 0.0221628 0 0 0 0
2.97 0 0.0240694 0 0 0 0
2.98 0 0.0259864 0 0 0 0
2.99 0 0.0279193 0 0 0 0
3 0 0.0298651 0 0 0 0
3.01 0 0.0318159 0 0 0 0
3.02 0 0.033997 0 0 0 0
3.03 0 0.0361308 0 0 0 0
3.04 0 0.0382158 0 0 0 0
3.05 0 0.0402391 0 0 0 0
3.06 0 0.0421841 0 0 0 0
3.07 0 0.0440346 0 0 0 0
3.08 0 0.0457737 0 0 0 0
3.09 0 0.0473867 0 0 0 0
3.1 0 0.0488588 0 0 0 0
3.11 0 0.0501778 0 0 0 0
3.12 0 0.051332 0 0 0 0
3.13 0 0.0523123 0 0 0 0
3.14 0 0.0531096 0 0 0 0
3.15 0 0.0537178 0 0 0 0
3.16 0 0.0541307 0 0 0 0
3.17 0 0.0543443 0 0 0 0
3.18 0 0.054355 0 0 0 0
3.19 0 0.0541609 0 0 0 0
3.2 0 0.0537603 0 0 0 0
3.21 0 0.0531531 0 0 0 0
3.22 0 0.0523391 0 0 0 0
3.23 0 0.0513206 0 0 0 0
3.24 0 0.0501004 0 0 0 0
3.25 0 0.0486846 0 0 0 0
3.26 0 0.0470807 0 0 0 0
3.27 0 0.0452984 0 0 0 0
3.28 0 0.0433478 0 0 0 0
3.29 0 0.0412406 0 0 0 0
3.3 0 0.0389882 0 0 0 0
3.31 0 0.0366027 0 0 0 0
3.32 0 0.034095 0 0 0 0
3.33 0 0.0314765 0 0 0 0
3.34 0 0.0287566 0 0 0 0
3.35 0 0.0259448 0 0 0 0
3.36 0 0.0230485 0 0 0 0
3.37 0 0.0200748 0 0 0 0
3.38 0 0.0170286 0 0 0 0
3.39 0 0.0139143 0 0 0 0
3.4 0 0.0107344 0 0 0 0
3.41 0 0.00749091 0 0 0 0
3.42 0 0.00418406 0 0 0 0
3.43 0 0.000814107 0 0 0 0
3.44 0 -0.00262017 0 0 0 0
3.45 0 -0.00611942 0 0 0 0
3.46 0 -0.00968537 0 0 0 0
3.47 0 -0.0133186 0 0 0 0
3.48 0 -0.0170203 0 0 0 0
3.49 0 -0.0207901 0 0 0 0
3.5 0 -0.0246279 0 0 0 0
3.51 0 -0.0285319 0 0 0 0
3.52 0 -0.0320684 0 0 0 0
3.53 0 -0.0357104 0 0 0 0
3.54 0 -0.0394246 0 0 0 0
3.55 0 -0.0431976 0 0 0 0
3.56 0 -0.0470199 0 0 0 0
3.57 0 -0.0508826 0 0 0 0
3.58 0 -0.0547774 0 0 0 0
3.59 0 -0.0586947 0 0 0 0
3.6 0 -0.0626254 0 0 0 0
3.61 0 -0.0665591 0 0 0 0
3.62 0 -0.0704857 0 0 0 0
3.63 0 -0.0743942 0 0 0 0
3.64 0 -0.0782743 0 0 0 0
3.65 0 -0.0821148 0 0 0 0
3.66 0 -0.0859054 0 0 0 0
3.67 0 -0.0896352 0 0 0 0
3.68 0 -0.0932944 0 0 0 0
3.69 0 -0.0968727 0 0 0 0
3.7 0 -0.100361 0 0 0 0
3.71 0 -0.103751 0 0 0 0
3.72 0 -0.107035 0 0 0 0
3.73 0 -0.110206 0 0 0 0
3.74 0 -0.113257 0 0 0 0
3.75 0 -0.116185 0 0 0 0
3.76 0 -0.118986 0 0 0 0
3.77 0 -0.121656 0 0 0 0
3.78 0 -0.124194 0 0 0 0
3.79 0 -0.126601 0 0 0 0
3.8 0 -0.128879 0 0 0 0
3.81 0 -0.131034 0 0 0 0
3.82 0 -0.133073 0 0 0 0
3.83 0 -0.135001 0 0 0 0
3.84 0 -0.136824 0 0 0 0
3.85 0 -0.138545 0 0 0 0
3.86 0 -0.140167 0 0 0 0
3.87 0 -0.14169 0 0 0 0
3.88 0 -0.143111 0 0 0 0
3.89 0 -0.14442 0 0 0 0
3.9 0 -0.145605 0 0 0 0
3.91 0 -0.146649 0 0 0 0
3.92 0 -0.147536 0 0 0 0
3.93 0 -0.148248 0 0 0 0
3.94 0 -0.148762 0 0 0 0
3.95 0 -0.14903 0 0 0 0
3.96 0 -0.148958 0 0 0 0
3.97 0 -0.148405 0 0 0 0
3.98 0 -0.147218 0 0 0 0
3.99 0 -0.145277 0 0 0 0
4 0 -0.142524 0 0 0 0
4.01 0 -0.138983 0 0 0 0
4.02 0 -0.134217 0 0 0 0
4.03 0 -0.129005 0 0 0 0
4.04 0 -0.123545 0 0 0 0
4.05 0 -0.118102 0 0 0 0
4.06 0 -0.112962 0 0 0 0
4.07 0 -0.108414 0 0 0 0
4.08 0 -0.104722 0 0 0 0
4.09 0 -0.102119 0 0 0 0
4.1 0 -0.100785 0 0 0 0
4.11 0 -0.100832 0 0 0 0
4.12 0 -0.10228 0 0 0 0
4.13 0 -0.10505 0 0 0 0
4.14 0 -0.108982 0 0 0 0
4.15 0 -0.113868 0 0 0 0
4.16 0 -0.11948 0 0 0 0
4.17 0 -0.12559 0 0 0 0
4.18 0 -0.131989 0 0 0 0
4.19 0 -0.138487 0 0 0 0
4.2 0 -0.144921 0 0 0 0
4.21 0 -0.151154 0 0 0 0
4.22 0 -0.157069 0 0 0 0
4.23 0 -0.162575 0 0 0 0
4.24 0 -0.167598 0 0 0 0
4.25 0 -0.172079 0 0 0 0
4.26 0 -0.175977 0 0 0 0
4.27 0 -0.179257 0 0 0 0
4.28 0 -0.181899 0 0 0 0
4.29 0 -0.18389 0 0 0 0
4.3 0 -0.185226 0 0 0 0
4.31 0 -0.185916 0 0 0 0
4.32 0 -0.185973 0 0 0 0
4.33 0 -0.185421 0 0 0 0
4.34 0 -0.184289 0 0 0 0
4.35 0 -0.182613 0 0 0 0
4.36 0 -0.180431 0 0 0 0
4.37 0 -0.177781 0 0 0 0
4.38 0 -0.174706 0 0 0 0
4.39 0 -0.171234 0 0 0 0
4.4 0 -0.167372 0 0 0 0
4.41 0 -0.163085 0 0 0 0
4.42 0 -0.158298 0 0 0 0
4.43 0 -0.152915 0 0 0 0
4.44 0 -0.146856 0 0 0 0
4.45 0 -0.140073 0 0 0 0
4.46 0 -0.132572 0 0 0 0
4.47 0 -0.124416 0 0 0 0
4.48 0 -0.11572 0 0 0 0
4.49 0 -0.106649 0 0 0 0
4.5 0 -0.0974047 0 0 0 0
4.51 0 -0.088214 0 0 0 0
4.52 0 -0.0787686 0 0 0 0
4.53 0 -0.0699164 0 0 0 0
4.54 0 -0.0618504 0 0 0 0
4.55 0 -0.0547681 0 0 0 0
4.56 0 -0.0488412 0 0 0 0
4.57 0 -0.0442048 0 0 0 0
4.58 0 -0.0409463 0 0 0 0
4.59 0 -0.0390928 0 0 0 0
4.6 0 -0.0385984 0 0 0 0
4.61 0 -0.0393446 0 0 0 0
4.62 0 -0.0411615 0 0 0 0
4.63 0 -0.0438546 0 0 0 0
4.64 0 -0.047227 0 0 0 0
4.65 0 -0.0510923 0 0 0 0
4.66 0 -0.0552816 0 0 0 0
4.67 0 -0.0596464 0 0 0 0
4.68 0 -0.0640592 0 0 0 0
4.69 0 -0.0684117 0 0 0 0
4.7 0 -0.072613 0 0 0 0
4.71 0 -0.0765872 0 0 0 0
4.72 0 -0.0802719 0 0 0 0
4.73 0 -0.0836151 0 0 0 0
4.74 0 -0.086575 0 0 0 0
4.75 0 -0.0891164 0 0 0 0
4.76 0 -0.0912082 0 0 0 0
4.77 0 -0.0928188 0 0 0 0
4.78 0 -0.0939167 0 0 0 0
4.79 0 -0.0944711 0 0 0 0
4.8 0 -0.0944548 0 0 0 0
4.81 0 -0.0938402 0 0 0 0
4.82 0 -0.092597 0 0 0 0
4.83 0 -0.0906916 0 0 0 0
4.84 0 -0.0880955 0 0 0 0
4.85 0 -0.084791 0 0 0 0
4.86 0 -0.0807761 0 0 0 0
4.87 0 -0.0760669 0 0 0 0
4.88 0 -0.070704 0 0 0 0
4.89 0 -0.0647542 0 0 0 0
4.9 0 -0.0583121 0 0 0 0
4.91 0 -0.0514956 0 0 0 0
4.92 0 -0.0444429 0 0 0 0
4.93 0 -0.0373042 0 0 0 0
4.94 0 -0.0302365 0 0 0 0
4.95 0 -0.0233954 0 0 0 0
4.96 0 -0.0169292 0 0 0 0
4.97 0 -0.010972 0 0 0 0
4.98 0 -0.00563795 0 0 0 0
4.99 0 -0.00101299 0 0 0 0
5 0 0.00285081 0 0 0 0
5.01 0 0.00593888 0 0 0 0
5.02 0 0.00871741 0 0 0 0
5.03 0 0.010736 0 0 0 0
5.04 0 0.0120875 0 0 0 0
5.05 0 0.0128546 0 0 0 0
5.06 0 0.0131187 0 0 0 0
5.07 0 0.0129571 0 0 0 0
5.08 0 0.0124405 0 0 0 0
5.09 0 0.0116325 0 0 0 0
5.1 0 0.0105893 0 0 0 0
5.11 0 0.00936052 0 0 0 0
5.12 0 0.00798952 0 0 0 0
5.13 0 0.00651469 0 0 0 0
5.14 0 0.00496942 0 0 0 0
5.15 0 0.00338325 0 0 0 0
5.16 0 0.0017824 0 0 0 0
5.17 0 0.000190718 0 0 0 0
5.18 0 -0.0013701 0 0 0 0
5.19 0 -0.00287995 0 0 0 0
5.2 0 -0.00432059 0 0 0 0
5.21 0 -0.00567515 0 0 0 0
5.22 0 -0.00692867 0 0 0 0
5.23 0 -0.00806771 0 0 0 0
5.24 0 -0.0090811 0 0 0 0
5.25 0 -0.00995964 0 0 0 0
5.26 0 -0.0106968 0 0 0 0
5.27 0 -0.0112885 0 0 0 0
5.28 0 -0.0117337 0 0 0 0
5.29 0 -0.0120337 0 0 0 0
5.3 0 -0.0121934 0 0 0 0
5.31 0 -0.0122197 0 0 0 0
5.32 0 -0.0121234 0 0 0 0
5.33 0 -0.0119166 0 0 0 0
5.34 0 -0.0116151 0 0 0 0
5.35 0 -0.0112357 0 0 0 0
5.36 0 -0.0107979 0 0 0 0
5.37 0 -0.0103219 0 0 0 0
5.38 0 -0.00982955 0 0 0 0
5.39 0 -0.00934249 0 0 0 0
5.4 0 -0.00888323 0 0 0 0
5.41 0 -0.0084733 0 0 0 0
5.42 0 -0.00813409 0 0 0 0
5.43 0 -0.00788516 0 0 0 0
5.44 0 -0.00774515 0 0 0 0
5.45 0 -0.00773013 0 0 0 0
5.46 0 -0.00785464 0 0 0 0
5.47 0 -0.00813006 0 0 0 0
5.48 0 -0.00856572 0 0 0 0
5.49 0 -0.00916744 0 0 0 0
5.5 0 -0.0099387 0 0 0 0
5.51 0 -0.0108794 0 0 0 0
5.52 0 -0.0117208 0 0 0 0
5.53 0 -0.0127517 0 0 0 0
5.54 0 -0.0139466 0 0 0 0
5.55 0 -0.0152907 0 0 0 0
5.56 0 -0.0167699 0 0 0 0
5.57 0 -0.0183696 0 0 0 0
5.58 0 -0.0200741 0 0 0 0
5.59 0 -0.0218661 0 0 0 0
5.6 0 -0.0237276 0 0 0 0
5.61 0 -0.0256398 0 0 0 0
5.62 0 -0.0275835 0 0 0 0
5.63 0 -0.0295391 0 0 0 0
5.64 0 -0.0314875 0 0 0 0
5.65 0 -0.03341 0 0 0 0
5.66 0 -0.0352885 0 0 0 0
5.67 0 -0.037106 0 0 0 0
5.68 0 -0.0388465 0 0 0 0
5.69 0 -0.0404954 0 0 0 0
5.7 0 -0.0420395 0 0 0 0
5.71 0 -0.0434676 0 0 0 0
5.72 0 -0.04477 0 0 0 0
5.73 0 -0.0459391 0 0 0 0
5.74 0 -0.0469692 0 0 0 0
5.75 0 -0.0478565 0 0 0 0
5.76 0 -0.0485992 0 0 0 0
5.77 0 -0.0491972 0 0 0 0
5.78 0 -0.0496524 0 0 0 0
5.79 0 -0.0499682 0 0 0 0
5.8 0 -0.0501495 0 0 0 0
5.81 0 -0.0502023 0 0 0 0
5.82 0 -0.0501342 0 0 0 0
5.83 0 -0.049953 0 0 0 0
5.84 0 -0.0496679 0 0 0 0
5.85 0 -0.0492878 0 0 0 0
5.86 0 -0.0488228 0 0 0 0
5.87 0 -0.0482821 0 0 0 0
5.88 0 -0.0476757 0 0 0 0
5.89 0 -0.0470125 0 0 0 0
5.9 0 -0.0463017 0 0 0 0
5.91 0 -0.0455509 0 0 0 0
5.92 0 -0.0447681 0 0 0 0
5.93 0 -0.0439593 0 0 0 0
5.94 0 -0.0431307 0 0 0 0
5.95 0 -0.0422864 0 0 0 0
5.96 0 -0.0414304 0 0 0 0
5.97 0 -0.0405651 0 0 0 0
5.98 0 -0.0396924 0 0 0 0
5.99 0 -0.0388126 0 0 0 0
6 0 -0.0379257 0 0 0 0
6.01 0 -0.0370304 0 0 0 0
6.02 0 -0.0360823 0 0 0 0
6.03 0 -0.0351261 0 0 0 0
6.04 0 -0.034156 0 0 0 0
6.05 0 -0.0331678 0 0 0 0
6.06 0 -0.0321576 0 0 0 0
6.07 0 -0.0311215 0 0 0 0
6.08 0 -0.0300556 0 0 0 0
6.09 0 -0.028956 0 0 0 0
6.1 0 -0.0278193 0 0 0 0
6.11 0 -0.026642 0 0 0 0
6.12 0 -0.0254212 0 0 0 0
6.13 0 -0.0241542 0 0 0 0
6.14 0 -0.0228388 0 0 0 0
6.15 0 -0.0214734 0 0 0 0
6.16 0 -0.020057 0 0 0 0
6.17 0 -0.0185888 0 0 0 0
6.18 0 -0.017069 0 0 0 0
6.19 0 -0.0154983 0 0 0 0
6.2 0 -0.0138778 0 0 0 0
6.21 0 -0.0122092 0 0 0 0
6.22 0 -0.0104946 0 0 0 0
6.23 0 -0.0087366 0 0 0 0
6.24 0 -0.00693803 0 0 0 0
6.25 0 -0.00510199 0 0 0 0
6.26 0 -0.0032319 0 0 0 0
6.27 0 -0.00133112 0 0 0 0
6.28 0 0.000596512 0 0 0 0
6.29 0 0.00254778 0 0 0 0
6.3 0 0.00451886 0 0 0 0
6.31 0 0.00650672 0 0 0 0
6.32 0 0.0085079 0 0 0 0
6.33 0 0.0105199 0 0 0 0
6.34 0 0.0125396 0 0 0 0
6.35 0 0.0145654 0 0 0 0
6.36 0 0.0165949 0 0 0 0
6.37 0 0.0186272 0 0 0 0
6.38 0 0.0206607 0 0 0 0
6.39 0 0.0226953 0 0 0 0
6.4 0 0.0247305 0 0 0 0
6.41 0 0.0267668 0 0 0 0
6.42 0 0.0288046 0 0 0 0
6.43 0 0.0308451 0 0 0 0
6.44 0 0.0328893 0 0 0 0
6.45 0 0.0349391 0 0 0 0
6.46 0 0.036996 0 0 0 0
6.47 0 0.0390622 0 0 0 0
6.48 0 0.0411396 0 0 0 0
6.49 0 0.0432306 0 0 0 0
6.5 0 0.045337 0 0 0 0
6.51 0 0.047461 0 0 0 0
6.52 0 0.0494166 0 0 0 0
6.53 0 0.0514128 0 0 0 0
6.54 0 0.0534384 0 0 0 0
6.55 0 0.0554914 0 0 0 0
6.56 0 0.0575713 0 0 0 0
6.57 0 0.0596788 0 0 0 0
6.58 0 0.0618147 0 0 0 0
6.59 0 0.0639803 0 0 0 0
6.6 0 0.0661769 0 0 0 0
6.61 0 0.0684063 0 0 0 0
6.62 0 0.0706697 0 0 0 0
6.63 0 0.0729683 0 0 0 0
6.64 0 0.0753024 0 0 0 0
6.65 0 0.0776719 0 0 0 0
6.66 0 0.0800755 0 0 0 0
6.67 0 0.0825112 0 0 0 0
6.68 0 0.0849758 0 0 0 0
6.69 0 0.0874652 0 0 0 0
6.7 0 0.0899741 0 0 0 0
6.71 0 0.0924963 0 0 0 0
6.72 0 0.0950245 0 0 0 0
6.73 0 0.0975511 0 0 0 0
6.74 0 0.100067 0 0 0 0
6.75 0 0.102563 0 0 0 0
6.76 0 0.10503 0 0 0 0
6.77 0 0.107458 0 0 0 0
6.78 0 0.109836 0 0 0 0
6.79 0 0.112155 0 0 0 0
6.8 0 0.114405 0 0 0 0
6.81 0 0.116576 0 0 0 0
6.82 0 0.118661 0 0 0 0
6.83 0 0.12065 0 0 0 0
6.84 0 0.122537 0 0 0 0
6.85 0 0.124316 0 0 0 0
6.86 0 0.125982 0 0 0 0
6.87 0 0.12753 0 0 0 0
6.88 0 0.128957 0 0 0 0
6.89 0 0.130262 0 0 0 0
6.9 0 0.131445 0 0 0 0
6.91 0 0.132505 0 0 0 0
6.92 0 0.133445 0 0 0 0
6.93 0 0.134268 0 0 0 0
6.94 0 0.134976 0 0 0 0
6.95 0 0.135576 0 0 0 0
6.96 0 0.136071 0 0 0 0
6.97 0 0.136469 0 0 0 0
6.98 0 0.136775 0 0 0 0
6.99 0 0.136997 0 0 0 0
7 0 0.137141 0 0 0 0
7.01 0 0.137216 0 0 0 0
7.02 0 0.136829 0 0 0 0
7.03 0 0.136428 0 0 0 0
7.04 0 0.135993 0 0 0 0
7.05 0 0.135524 0 0 0 0
7.06 0 0.135022 0 0 0 0
7.07 0 0.134493 0 0 0 0
7.08 0 0.13394 0 0 0 0
7.09 0 0.133368 0 0 0 0
7.1 0 0.132779 0 0 0 0
7.11 0 0.132177 0 0 0 0
7.12 0 0.131564 0 0 0 0
7.13 0 0.13094 0 0 0 0
7.14 0 0.130306 0 0 0 0
7.15 0 0.129662 0 0 0 0
7.16 0 0.129008 0 0 0 0
7.17 0 0.128342 0 0 0 0
7.18 0 0.127662 0 0 0 0
7.19 0 0.126965 0 0 0 0
7.2 0 0.12625 0 0 0 0
7.21 0 0.125514 0 0 0 0
7.22 0 0.124754 0 0 0 0
7.23 0 0.123969 0 0 0 0
7.24 0 0.123157 0 0 0 0
7.25 0 0.122319 0 0 0 0
7.26 0 0.121453 0 0 0 0
7.27 0 0.120562 0 0 0 0
7.28 0 0.119648 0 0 0 0
7.29 0 0.118716 0 0 0 0
7.3 0 0.117769 0 0 0 0
7.31 0 0.116815 0 0 0 0
7.32 0 0.115859 0 0 0 0
7.33 0 0.11491 0 0 0 0
7.34 0 0.113975 0 0 0 0
7.35 0 0.113061 0 0 0 0
7.36 0 0.112176 0 0 0 0
7.37 0 0.111324 0 0 0 0
7.38 0 0.110511 0 0 0 0
7.39 0 0.109739 0 0 0 0
7.4 0 0.109013 0 0 0 0
7.41 0 0.108332 0 0 0 0
7.42 0 0.107703 0 0 0 0
7.43 0 0.107137 0 0 0 0
7.44 0 0.106659 0 0 0 0
7.45 0 0.106296 0 0 0 0
7.46 0 0.106081 0 0 0 0
7.47 0 0.106044 0 0 0 0
7.48 0 0.106215 0 0 0 0
7.49 0 0.106611 0 0 0 0
7.5 0 0.107229 0 0 0 0
7.51 0 0.108046 0 0 0 0
7.52 0 0.108457 0 0 0 0
7.53 0 0.109005 0 0 0 0
7.54 0 0.10957 0 0 0 0
7.55 0 0.110049 0 0 0 0
7.56 0 0.110345 0 0 0 0
7.57 0 0.110371 0 0 0 0
7.58 0 0.110055 0 0 0 0
7.59 0 0.109348 0 0 0 0
7.6 0 0.108228 0 0 0 0
7.61 0 0.106695 0 0 0 0
7.62 0 0.104772 0 0 0 0
7.63 0 0.102502 0 0 0 0
7.64 0 0.0999417 0 0 0 0
7.65 0 0.0971558 0 0 0 0
7.66 0 0.0942127 0 0 0 0
7.67 0 0.0911798 0 0 0 0
7.68 0 0.0881202 0 0 0 0
7.69 0 0.0850916 0 0 0 0
7.7 0 0.0821452 0 0 0 0
7.71 0 0.0793272 0 0 0 0
7.72 0 0.0766794 0 0 0 0
7.73 0 0.0742408 0 0 0 0
7.74 0 0.0720482 0 0 0 0
7.75 0 0.0701384 0 0 0 0
7.76 0 0.0685496 0 0 0 0
7.77 0 0.0673208 0 0 0 0
7.78 0 0.0664878 0 0 0 0
7.79 0 0.0660809 0 0 0 0
7.8 0 0.0661241 0 0 0 0
7.81 0 0.0666376 0 0 0 0
7.82 0 0.0676344 0 0 0 0
7.83 0 0.0691164 0 0 0 0
7.84 0 0.0710682 0 0 0 0
7.85 0 0.0734566 0 0 0 0
7.86 0 0.0762293 0 0 0 0
7.87 0 0.0793175 0 0 0 0
7.88 0 0.0826391 0 0 0 0
7.89 0 0.0861023 0 0 0 0
7.9 0 0.0896101 0 0 0 0
7.91 0 0.0930649 0 0 0 0
7.92 0 0.0963727 0 0 0 0
7.93 0 0.099447 0 0 0 0
7.94 0 0.102212 0 0 0 0
7.95 0 0.104606 0 0 0 0
7.96 0 0.106584 0 0 0 0
7.97 0 0.108115 0 0 0 0
7.98 0 0.109189 0 0 0 0
7.99 0 0.109812 0 0 0 0
8 0 0.110007 0 0 0 0
8.01 0 0.109814 0 0 0 0
8.02 0 0.108684 0 0 0 0
8.03 0 0.107353 0 0 0 0
8.04 0 0.105854 0 0 0 0
8.05 0 0.104249 0 0 0 0
8.06 0 0.1026 0 0 0 0
8.07 0 0.100967 0 0 0 0
8.08 0 0.0994047 0 0 0 0
8.09 0 0.0979566 0 0 0 0
8.1 0 0.0966595 0 0 0 0
8.11 0 0.095544 0 0 0 0
8.12 0 0.0946359 0 0 0 0
8.13 0 0.0939575 0 0 0 0
8.14 0 0.0935251 0 0 0 0
8.15 0 0.0933481 0 0 0 0
8.16 0 0.0934265 0 0 0 0
8.17 0 0.0937515 0 0 0 0
8.18 0 0.0943051 0 0 0 0
8.19 0 0.095062 0 0 0 0
8.2 0 0.0959897 0 0 0 0
8.21 0 0.0970516 0 0 0 0
8.22 0 0.0982075 0 0 0 0
8.23 0 0.0994167 0 0 0 0
8.24 0 0.100639 0 0 0 0
8.25 0 0.101836 0 0 0 0
8.26 0 0.102973 0 0 0 0
8.27 0 0.104022 0 0 0 0
8.28 0 0.104959 0 0 0 0
8.29 0 0.105767 0 0 0 0
8.3 0 0.106435 0 0 0 0
8.31 0 0.10696 0 0 0 0
8.32 0 0.107345 0 0 0 0
8.33 0 0.107599 0 0 0 0
8.34 0 0.107734 0 0 0 0
8.35 0 0.10777 0 0 0 0
8.36 0 0.107726 0 0 0 0
8.37 0 0.107627 0 0 0 0
8.38 0 0.107497 0 0 0 0
8.39 0 0.107359 0 0 0 0
8.4 0 0.107235 0 0 0 0
8.41 0 0.107143 0 0 0 0
8.42 0 0.107099 0 0 0 0
8.43 0 0.107114 0 0 0 0
8.44 0 0.107198 0 0 0 0
8.45 0 0.107357 0 0 0 0
8.46 0 0.10759 0 0 0 0
8.47 0 0.107896 0 0 0 0
8.48 0 0.10827 0 0 0 0
8.49 0 0.108701 0 0 0 0
8.5 0 0.10918 0 0 0 0
8.51 0 0.109693 0 0 0 0
8.52 0 0.109708 0 0 0 0
8.53 0 0.109782 0 0 0 0
8.54 0 0.109865 0 0 0 0
8.55 0 0.109934 0 0 0 0
8.56 0 0.109973 0 0 0 0
8.57 0 0.109968 0 0 0 0
8.58 0 0.109911 0 0 0 0
8.59 0 0.109795 0 0 0 0
8.6 0 0.109615 0 0 0 0
8.61 0 0.109369 0 0 0 0
8.62 0 0.109057 0 0 0 0
8.63 0 0.108682 0 0 0 0
8.64 0 0.108246 0 0 0 0
8.65 0 0.107756 0 0 0 0
8.66 0 0.107217 0 0 0 0
8.67 0 0.106636 0 0 0 0
8.68 0 0.10602 0 0 0 0
8.69 0 0.105377 0 0 0 0
8.7 0 0.104714 0 0 0 0
8.71 0 0.104037 0 0 0 0
8.72 0 0.103352 0 0 0 0
8.73 0 0.102661 0 0 0 0
8.74 0 0.101967 0 0 0 0
8.75 0 0.101271 0 0 0 0
8.76 0 0.100577 0 0 0 0
8.77 0 0.0998854 0 0 0 0
8.78 0 0.0992007 0 0 0 0
8.79 0 0.0985256 0 0 0 0
8.8 0 0.0978615 0 0 0 0
8.81 0 0.0972093 0 0 0 0
8.82 0 0.0965687 0 0 0 0
8.83 0 0.0959387 0 0 0 0
8.84 0 0.0953168 0 0 0 0
8.85 0 0.0947007 0 0 0 0
8.86 0 0.0940872 0 0 0 0
8.87 0 0.0934735 0 0 0 0
8.88 0 0.0928557 0 0 0 0
8.89 0 0.092231 0 0 0 0
8.9 0 0.0915962 0 0 0 0
8.91 0 0.0909489 0 0 0 0
8.92 0 0.0902861 0 0 0 0
8.93 0 0.0896059 0 0 0 0
8.94 0 0.0889063 0 0 0 0
8.95 0 0.088186 0 0 0 0
8.96 0 0.0874434 0 0 0 0
8.97 0 0.0866778 0 0 0 0
8.98 0 0.0858884 0 0 0 0
8.99 0 0.0850751 0 0 0 0
9 0 0.0842372 0 0 0 0
9.01 0 0.0833749 0 0 0 0
9.02 0 0.0821897 0 0 0 0
9.03 0 0.0810115 0 0 0 0
9.04 0 0.0798205 0 0 0 0
9.05 0 0.0786115 0 0 0 0
9.06 0 0.0773824 0 0 0 0
9.07 0 0.0761332 0 0 0 0
9.08 0 0.0748637 0 0 0 0
9.09 0 0.0735744 0 0 0 0
9.1 0 0.0722657 0 0 0 0
9.11 0 0.0709384 0 0 0 0
9.12 0 0.0695931 0 0 0 0
9.13 0 0.0682305 0 0 0 0
9.14 0 0.0668515 0 0 0 0
9.15 0 0.0654572 0 0 0 0
9.16 0 0.064049 0 0 0 0
9.17 0 0.0626278 0 0 0 0
9.18 0 0.0611951 0 0 0 0
9.19 0 0.0597527 0 0 0 0
9.2 0 0.0583023 0 0 0 0
9.21 0 0.0568461 0 0 0 0
9.22 0 0.0553867 0 0 0 0
9.23 0 0.0539272 0 0 0 0
9.24 0 0.0524704 0 0 0 0
9.25 0 0.0510194 0 0 0 0
9.26 0 0.0495771 0 0 0 0
9.27 0 0.0481465 0 0 0 0
9.28 0 0.0467306 0 0 0 0
9.29 0 0.0453323 0 0 0 0
9.3 0 0.0439539 0 0 0 0
9.31 0 0.0425984 0 0 0 0
9.32 0 0.041268 0 0 0 0
9.33 0 0.039965 0 0 0 0
9.34 0 0.0386911 0 0 0 0
9.35 0 0.0374481 0 0 0 0
9.36 0 0.0362376 0 0 0 0
9.37 0 0.0350608 0 0 0 0
9.38 0 0.0339184 0 0 0 0
9.39 0 0.0328117 0 0 0 0
9.4 0 0.0317411 0 0 0 0
9.41 0 0.0307075 0 0 0 0
9.42 0 0.0297107 0 0 0 0
9.43 0 0.0287508 0 0 0 0
9.44 0 0.0278274 0 0 0 0
9.45 0 0.0269399 0 0 0 0
9.46 0 0.0260865 0 0 0 0
9.47 0 0.025266 0 0 0 0
9.48 0 0.0244762 0 0 0 0
9.49 0 0.0237148 0 0 0 0
9.5 0 0.0229788 0 0 0 0
9.51 0 0.0222652 0 0 0 0
9.52 0 0.0215501 0 0 0 0
9.53 0 0.0208528 0 0 0 0
9.54 0 0.0201684 0 0 0 0
9.55 0 0.0194927 0 0 0 0
9.56 0 0.0188219 0 0 0 0
9.57 0 0.0181527 0 0 0 0
9.58 0 0.0174816 0 0 0 0
9.59 0 0.0168055 0 0 0 0
9.6 0 0.0161216 0 0 0 0
9.61 0 0.0154275 0 0 0 0
9.62 0 0.0147213 0 0 0 0
9.63 0 0.0140013 0 0 0 0
9.64 0 0.0132665 0 0 0 0
9.65 0 0.0125161 0 0 0 0
9.66 0 0.0117501 0 0 0 0
9.67 0 0.0109682 0 0 0 0
9.68 0 0.010171 0 0 0 0
9.69 0 0.00935967 0 0 0 0
9.7 0 0.00853531 0 0 0 0
9.71 0 0.00769943 0 0 0 0
9.72 0 0.00685387 0 0 0 0
9.73 0 0.00600084 0 0 0 0
9.74 0 0.00514249 0 0 0 0
9.75 0 0.004281 0 0 0 0
9.76 0 0.00341868 0 0 0 0
9.77 0 0.00255793 0 0 0 0
9.78 0 0.00170079 0 0 0 0
9.79 0 0.000849546 0 0 0 0
9.8 0 5.67716e-06 0 0 0 0
9.81 0 -0.000828912 0 0 0 0
9.82 0 -0.001653 0 0 0 0
9.83 0 -0.00246523 0 0 0 0
9.84 0 -0.00326519 0 0 0 0
9.85 0 -0.00405212 0 0 0 0
9.86 0 -0.00482596 0 0 0 0
9.87 0 -0.00558658 0 0 0 0
9.88 0 -0.00633475 0 0 0 0
9.89 0 -0.00707086 0 0 0 0
9.9 0 -0.00779593 0 0 0 0
9.91 0 -0.00851082 0 0 0 0
9.92 0 -0.00921719 0 0 0 0
9.93 0 -0.00991621 0 0 0 0
9.94 0 -0.0106096 0 0 0 0
9.95 0 -0.0112987 0 0 0 0
9.96 0 -0.0119857 0 0 0 0
9.97 0 -0.0126721 0 0 0 0
9.98 0 -0.0133596 0 0 0 0
9.99 0 -0.0140496 0 0 0 0
10 0 -0.0147437 0 0 0 0
10.01 0 -0.015443 0 0 0 0
10.02 0 -0.015919 0 0 0 0
10.03 0 -0.0164256 0 0 0 0
10.04 0 -0.0169478 0 0 0 0
10.05 0 -0.0174815 0 0 0 0
10.06 0 -0.018025 0 0 0 0
10.07 0 -0.0185774 0 0 0 0
10.08 0 -0.0191378 0 0 0 0
10.09 0 -0.019706 0 0 0 0
10.1 0 -0.0202812 0 0 0 0
10.11 0 -0.0208626 0 0 0 0
10.12 0 -0.0214497 0 0 0 0
10.13 0 -0.0220416 0 0 0 0
10.14 0 -0.0226376 0 0 0 0
10.15 0 -0.0232368 0 0 0 0
10.16 0 -0.0238383 0 0 0 0
10.17 0 -0.0244415 0 0 0 0
10.18 0 -0.0250457 0 0 0 0
10.19 0 -0.02565 0 0 0 0
10.2 0 -0.0262539 0 0 0 0
10.21 0 -0.0268568 0 0 0 0
10.22 0 -0.0274585 0 0 0 0
10.23 0 -0.0280585 0 0 0 0
10.24 0 -0.0286568 0 0 0 0
10.25 0 -0.0292537 0 0 0 0
10.26 0 -0.0298493 0 0 0 0
10.27 0 -0.0304442 0 0 0 0
10.28 0 -0.0310391 0 0 0 0
10.29 0 -0.0316344 0 0 0 0
10.3 0 -0.0322315 0 0 0 0
10.31 0 -0.0328311 0 0 0 0
10.32 0 -0.0334345 0 0 0 0
10.33 0 -0.0340426 0 0 0 0
10.34 0 -0.034657 0 0 0 0
10.35 0 -0.0352783 0 0 0 0
10.36 0 -0.0359078 0 0 0 0
10.37 0 -0.0365457 0 0 0 0
10.38 0 -0.037193 0 0 0 0
10.39 0 -0.0378496 0 0 0 0
10.4 0 -0.0385159 0 0 0 0
10.41 0 -0.0391919 0 0 0 0
10.42 0 -0.039878 0 0 0 0
10.43 0 -0.0405742 0 0 0 0
10.44 0 -0.041281 0 0 0 0
10.45 0 -0.0419984 0 0 0 0
10.46 0 -0.0427272 0 0 0 0
10.47 0 -0.0434676 0 0 0 0
10.48 0 -0.0442204 0 0 0 0
10.49 0 -0.0449856 0 0 0 0
10.5 0 -0.0457642 0 0 0 0
10.51 0 -0.0465564 0 0 0 0
10.52 0 -0.0469697 0 0 0 0
10.53 0 -0.0474383 0 0 0 0
10.54 0 -0.0479362 0 0 0 0
10.55 0 -0.0484562 0 0 0 0
10.56 0 -0.0489951 0 0 0 0
10.57 0 -0.0495514 0 0 0 0
10.58 0 -0.050124 0 0 0 0
10.59 0 -0.0507123 0 0 0 0
10.6 0 -0.051315 0 0 0 0
10.61 0 -0.0519311 0 0 0 0
10.62 0 -0.0525593 0 0 0 0
10.63 0 -0.0531981 0 0 0 0
10.64 0 -0.0538459 0 0 0 0
10.65 0 -0.0545011 0 0 0 0
10.66 0 -0.0551616 0 0 0 0
10.67 0 -0.0558255 0 0 0 0
10.68 0 -0.0564908 0 0 0 0
10.69 0 -0.0571549 0 0 0 0
10.7 0 -0.0578157 0 0 0 0
10.71 0 -0.058471 0 0 0 0
10.72 0 -0.0591189 0 0 0 0
10.73 0 -0.059757 0 0 0 0
10.74 0 -0.0603836 0 0 0 0
10.75 0 -0.0609971 0 0 0 0
10.76 0 -0.0615961 0 0 0 0
10.77 0 -0.0621795 0 0 0 0
10.78 0 -0.0627466 0 0 0 0
10.79 0 -0.063297 0 0 0 0
10.8 0 -0.0638309 0 0 0 0
10.81 0 -0.0643486 0 0 0 0
10.82 0 -0.0648512 0 0 0 0
10.83 0 -0.0653395 0 0 0 0
10.84 0 -0.0658153 0 0 0 0
10.85 0 -0.0662804 0 0 0 0
10.86 0 -0.066737 0 0 0 0
10.87 0 -0.0671872 0 0 0 0
10.88 0 -0.0676338 0 0 0 0
10.89 0 -0.0680793 0 0 0 0
10.9 0 -0.0685266 0 0 0 0
10.91 0 -0.0689782 0 0 0 0
10.92 0 -0.0694369 0 0 0 0
10.93 0 -0.0699053 0 0 0 0
10.94 0 -0.0703858 0 0 0 0
10.95 0 -0.0708801 0 0 0 0
10.96 0 -0.0713902 0 0 0 0
10.97 0 -0.0719173 0 0 0 0
10.98 0 -0.0724621 0 0 0 0
10.99 0 -0.0730248 0 0 0 0
11 0 -0.0736053 0 0 0 0
11.01 0 -0.0742024 0 0 0 0
11.02 0 -0.0743669 0 0 0 0
11.03 0 -0.0745913 0 0 0 0
11.04 0 -0.0748431 0 0 0 0
11.05 0 -0.0751112 0 0 0 0
11.06 0 -0.075389 0 0 0 0
11.07 0 -0.0756713 0 0 0 0
11.08 0 -0.075953 0 0 0 0
11.09 0 -0.076229 0 0 0 0
11.1 0 -0.0764939 0 0 0 0
11.11 0 -0.0767424 0 0 0 0
11.12 0 -0.0769693 0 0 0 0
11.13 0 -0.0771694 0 0 0 0
11.14 0 -0.0773378 0 0 0 0
11.15 0 -0.07747 0 0 0 0
11.16 0 -0.0775623 0 0 0 0
11.17 0 -0.0776115 0 0 0 0
11.18 0 -0.0776155 0 0 0 0
11.19 0 -0.0775729 0 0 0 0
11.2 0 -0.0774835 0 0 0 0
11.21 0 -0.077348 0 0 0 0
11.22 0 -0.0771682 0 0 0 0
11.23 0 -0.076947 0 0 0 0
11.24 0 -0.0766881 0 0 0 0
11.25 0 -0.076396 0 0 0 0
11.26 0 -0.0760757 0 0 0 0
11.27 0 -0.0757331 0 0 0 0
11.28 0 -0.0753742 0 0 0 0
11.29 0 -0.0750049 0 0 0 0
11.3 0 -0.0746318 0 0 0 0
11.31 0 -0.0742607 0 0 0 0
11.32 0 -0.0738975 0 0 0 0
11.33 0 -0.0735478 0 0 0 0
11.34 0 -0.0732165 0 0 0 0
11.35 0 -0.072908 0 0 0 0
11.36 0 -0.0726261 0 0 0 0
11.37 0 -0.0723739 0 0 0 0
11.38 0 -0.0721541 0 0 0 0
11.39 0 -0.0719681 0 0 0 0
11.4 0 -0.0718169 0 0 0 0
11.41 0 -0.0717007 0 0 0 0
11.42 0 -0.071619 0 0 0 0
11.43 0 -0.0715704 0 0 0 0
11.44 0 -0.0715525 0 0 0 0
11.45 0 -0.0715625 0 0 0 0
11.46 0 -0.0715972 0 0 0 0
11.47 0 -0.0716529 0 0 0 0
11.48 0 -0.0717265 0 0 0 0
11.49 0 -0.0718148 0 0 0 0
11.5 0 -0.0719152 0 0 0 0
11.51 0 -0.0720255 0 0 0 0
11.52 0 -0.0717375 0 0 0 0
11.53 0 -0.0714989 0 0 0 0
11.54 0 -0.0712815 0 0 0 0
11.55 0 -0.0710771 0 0 0 0
11.56 0 -0.070882 0 0 0 0
11.57 0 -0.0706944 0 0 0 0
11.58 0 -0.0705133 0 0 0 0
11.59 0 -0.0703376 0 0 0 0
11.6 0 -0.0701664 0 0 0 0
11.61 0 -0.0699987 0 0 0 0
11.62 0 -0.0698332 0 0 0 0
11.63 0 -0.0696684 0 0 0 0
11.64 0 -0.0695028 0 0 0 0
11.65 0 -0.0693349 0 0 0 0
11.66 0 -0.0691634 0 0 0 0
11.67 0 -0.0689871 0 0 0 0
11.68 0 -0.0688051 0 0 0 0
11.69 0 -0.0686166 0 0 0 0
11.7 0 -0.0684211 0 0 0 0
11.71 0 -0.0682183 0 0 0 0
11.72 0 -0.0680081 0 0 0 0
11.73 0 -0.0677902 0 0 0 0
11.74 0 -0.0675648 0 0 0 0
11.75 0 -0.0673322 0 0 0 0
11.76 0 -0.0670928 0 0 0 0
11.77 0 -0.0668476 0 0 0 0
11.78 0 -0.0665978 0 0 0 0
11.79 0 -0.0663448 0 0 0 0
11.8 0 -0.0660902 0 0 0 0
11.81 0 -0.0658359 0 0 0 0
11.82 0 -0.0655838 0 0 0 0
11.83 0 -0.0653359 0 0 0 0
11.84 0 -0.0650941 0 0 0 0
11.85 0 -0.0648601 0 0 0 0
11.86 0 -0.0646358 0 0 0 0
11.87 0 -0.0644225 0 0 0 0
11.88 0 -0.0642215 0 0 0 0
11.89 0 -0.0640337 0 0 0 0
11.9 0 -0.06386 0 0 0 0
11.91 0 -0.0637006 0 0 0 0
11.92 0 -0.0635558 0 0 0 0
11.93 0 -0.0634254 0 0 0 0
11.94 0 -0.0633092 0 0 0 0
11.95 0 -0.0632066 0 0 0 0
11.96 0 -0.0631169 0 0 0 0
11.97 0 -0.0630393 0 0 0 0
11.98 0 -0.062973 0 0 0 0
11.99 0 -0.0629171 0 0 0 0
12 0 -0.0628708 0 0 0 0
12.01 0 -0.0628333 0 0 0 0
12.02 0 -0.062492 0 0 0 0
12.03 0 -0.0621907 0 0 0 0
12.04 0 -0.0619081 0 0 0 0
12.05 0 -0.0616381 0 0 0 0
12.06 0 -0.0613781 0 0 0 0
12.07 0 -0.0611272 0 0 0 0
12.08 0 -0.060885 0 0 0 0
12.09 0 -0.0606516 0 0 0 0
12.1 0 -0.0604272 0 0 0 0
12.11 0 -0.0602121 0 0 0 0
12.12 0 -0.0600066 0 0 0 0
12.13 0 -0.0598109 0 0 0 0
12.14 0 -0.0596252 0 0 0 0
12.15 0 -0.0594498 0 0 0 0
12.16 0 -0.0592846 0 0 0 0
12.17 0 -0.0591292 0 0 0 0
12.18 0 -0.0589832 0 0 0 0
12.19 0 -0.058846 0 0 0 0
12.2 0 -0.0587167 0 0 0 0
12.21 0 -0.0585941 0 0 0 0
12.22 0 -0.0584771 0 0 0 0
12.23 0 -0.0583642 0 0 0 0
12.24 0 -0.0582543 0 0 0 0
12.25 0 -0.0581457 0 0 0 0
12.26 0 -0.0580371 0 0 0 0
12.27 0 -0.0579269 0 0 0 0
12.28 0 -0.0578137 0 0 0 0
12.29 0 -0.0576961 0 0 0 0
12.3 0 -0.0575729 0 0 0 0
12.31 0 -0.0574427 0 0 0 0
12.32 0 -0.0573046 0 0 0 0
12.33 0 -0.0571577 0 0 0 0
12.34 0 -0.0570012 0 0 0 0
12.35 0 -0.0568343 0 0 0 0
12.36 0 -0.0566569 0 0 0 0
12.37 0 -0.0564685 0 0 0 0
12.38 0 -0.0562689 0 0 0 0
12.39 0 -0.0560583 0 0 0 0
12.4 0 -0.0558366 0 0 0 0
12.41 0 -0.0556042 0 0 0 0
12.42 0 -0.0553612 0 0 0 0
12.43 0 -0.0551079 0 0 0 0
12.44 0 -0.054845 0 0 0 0
12.45 0 -0.0545727 0 0 0 0
12.46 0 -0.0542915 0 0 0 0
12.47 0 -0.0540017 0 0 0 0
12.48 0 -0.053704 0 0 0 0
12.49 0 -0.0533986 0 0 0 0
12.5 0 -0.0530857 0 0 0 0
12.51 0 -0.0527657 0 0 0 0
12.52 0 -0.0522289 0 0 0 0
12.53 0 -0.051707 0 0 0 0
12.54 0 -0.0511859 0 0 0 0
12.55 0 -0.0506616 0 0 0 0
12.56 0 -0.0501324 0 0 0 0
12.57 0 -0.0495974 0 0 0 0
12.58 0 -0.0490561 0 0 0 0
12.59 0 -0.0485079 0 0 0 0
12.6 0 -0.0479525 0 0 0 0
12.61 0 -0.0473896 0 0 0 0
12.62 0 -0.0468189 0 0 0 0
12.63 0 -0.0462399 0 0 0 0
12.64 0 -0.0456524 0 0 0 0
12.65 0 -0.0450562 0 0 0 0
12.66 0 -0.044451 0 0 0 0
12.67 0 -0.0438365 0 0 0 0
12.68 0 -0.0432127 0 0 0 0
12.69 0 -0.0425794 0 0 0 0
12.7 0 -0.0419366 0 0 0 0
12.71 0 -0.041284 0 0 0 0
12.72 0 -0.0406218 0 0 0 0
12.73 0 -0.0399502 0 0 0 0
12.74 0 -0.0392695 0 0 0 0
12.75 0 -0.0385799 0 0 0 0
12.76 0 -0.0378822 0 0 0 0
12.77 0 -0.0371767 0 0 0 0
12.78 0 -0.0364645 0 0 0 0
12.79 0 -0.0357462 0 0 0 0
12.8 0 -0.0350228 0 0 0 0
12.81 0 -0.0342953 0 0 0 0
12.82 0 -0.0335647 0 0 0 0
12.83 0 -0.0328323 0 0 0 0
12.84 0 -0.0320992 0 0 0 0
12.85 0 -0.0313664 0 0 0 0
12.86 0 -0.0306354 0 0 0 0
12.87 0 -0.0299072 0 0 0 0
12.88 0 -0.029183 0 0 0 0
12.89 0 -0.0284639 0 0 0 0
12.9 0 -0.027751 0 0 0 0
12.91 0 -0.0270452 0 0 0 0
12.92 0 -0.0263473 0 0 0 0
12.93 0 -0.0256579 0 0 0 0
12.94 0 -0.0249779 0 0 0 0
12.95 0 -0.0243075 0 0 0 0
12.96 0 -0.0236471 0 0 0 0
12.97 0 -0.0229967 0 0 0 0
12.98 0 -0.0223565 0 0 0 0
12.99 0 -0.0217263 0 0 0 0
13 0 -0.0211058 0 0 0 0
13.01 0 -0.0204946 0 0 0 0
13.02 0 -0.0197655 0 0 0 0
13.03 0 -0.0190578 0 0 0 0
13.04 0 -0.0183626 0 0 0 0
13.05 0 -0.0176766 0 0 0 0
13.06 0 -0.0169982 0 0 0 0
13.07 0 -0.0163263 0 0 0 0
13.08 0 -0.0156602 0 0 0 0
13.09 0 -0.0149989 0 0 0 0
13.1 0 -0.014342 0 0 0 0
13.11 0 -0.0136889 0 0 0 0
13.12 0 -0.0130392 0 0 0 0
13.13 0 -0.0123925 0 0 0 0
13.14 0 -0.0117487 0 0 0 0
13.15 0 -0.0111078 0 0 0 0
13.16 0 -0.0104699 0 0 0 0
13.17 0 -0.00983491 0 0 0 0
13.18 0 -0.00920331 0 0 0 0
13.19 0 -0.00857524 0 0 0 0
13.2 0 -0.00795108 0 0 0 0
13.21 0 -0.00733073 0 0 0 0
13.22 0 -0.00671437 0 0 0 0
13.23 0 -0.00610181 0 0 0 0
13.24 0 -0.00549294 0 0 0 0
13.25 0 -0.00488719 0 0 0 0
13.26 0 -0.00428436 0 0 0 0
13.27 0 -0.00368406 0 0 0 0
13.28 0 -0.00308616 0 0 0 0
13.29 0 -0.00249061 0 0 0 0
13.3 0 -0.00189751 0 0 0 0
13.31 0 -0.00130724 0 0 0 0
13.32 0 -0.000720494 0 0 0 0
13.33 0 -0.000138133 0 0 0 0
13.34 0 0.000438916 0 0 0 0
13.35 0 0.00100932 0 0 0 0
13.36 0 0.00157169 0 0 0 0
13.37 0 0.00212436 0 0 0 0
13.38 0 0.00266581 0 0 0 0
13.39 0 0.00319433 0 0 0 0
13.4 0 0.00370821 0 0 0 0
13.41 0 0.0042058 0 0 0 0
13.42 0 0.00468574 0 0 0 0
13.43 0 0.00514665 0 0 0 0
13.44 0 0.00558738 0 0 0 0
13.45 0 0.00600705 0 0 0 0
13.46 0 0.0064052 0 0 0 0
13.47 0 0.00678158 0 0 0 0
13.48 0 0.00713623 0 0 0 0
13.49 0 0.00746958 0 0 0 0
13.5 0 0.00778253 0 0 0 0
13.51 0 0.0080762 0 0 0 0
13.52 0 0.00840937 0 0 0 0
13.53 0 0.00872051 0 0 0 0
13.54 0 0.00901542 0 0 0 0
13.55 0 0.00929769 0 0 0 0
13.56 0 0.00957011 0 0 0 0
13.57 0 0.00983555 0 0 0 0
13.58 0 0.0100967 0 0 0 0
13.59 0 0.0103566 0 0 0 0
13.6 0 0.0106178 0 0 0 0
13.61 0 0.0108832 0 0 0 0
13.62 0 0.0111551 0 0 0 0
13.63 0 0.0114361 0 0 0 0
13.64 0 0.0117282 0 0 0 0
13.65 0 0.0120334 0 0 0 0
13.66 0 0.0123531 0 0 0 0
13.67 0 0.0126889 0 0 0 0
13.68 0 0.0130413 0 0 0 0
13.69 0 0.013411 0 0 0 0
13.7 0 0.0137981 0 0 0 0
13.71 0 0.0142026 0 0 0 0
13.72 0 0.0146236 0 0 0 0
13.73 0 0.0150603 0 0 0 0
13.74 0 0.0155111 0 0 0 0
13.75 0 0.0159748 0 0 0 0
13.76 0 0.0164492 0 0 0 0
13.77 0 0.0169323 0 0 0 0
13.78 0 0.0174217 0 0 0 0
13.79 0 0.0179151 0 0 0 0
13.8 0 0.01841 0 0 0 0
13.81 0 0.018904 0 0 0 0
13.82 0 0.0193946 0 0 0 0
13.83 0 0.0198795 0 0 0 0
13.84 0 0.0203566 0 0 0 0
13.85 0 0.0208239 0 0 0 0
13.86 0 0.0212799 0 0 0 0
13.87 0 0.0217231 0 0 0 0
13.88 0 0.0221525 0 0 0 0
13.89 0 0.0225676 0 0 0 0
13.9 0 0.0229679 0 0 0 0
13.91 0 0.0233537 0 0 0 0
13.92 0 0.0237255 0 0 0 0
13.93 0 0.0240842 0 0 0 0
13.94 0 0.0244312 0 0 0 0
13.95 0 0.024768 0 0 0 0
13.96 0 0.0250969 0 0 0 0
13.97 0 0.02542 0 0 0 0
13.98 0 0.0257399 0 0 0 0
13.99 0 0.0260594 0 0 0 0
14 0 0.0263814 0 0 0 0
14.01 0 0.0267092 0 0 0 0
14.02 0 0.02702 0 0 0 0
14.03 0 0.0273452 0 0 0 0
14.04 0 0.027686 0 0 0 0
14.05 0 0.0280449 0 0 0 0
14.06 0 0.0284242 0 0 0 0
14.07 0 0.0288263 0 0 0 0
14.08 0 0.0292532 0 0 0 0
14.09 0 0.0297067 0 0 0 0
14.1 0 0.0301881 0 0 0 0
14.11 0 0.0306986 0 0 0 0
14.12 0 0.0312384 0 0 0 0
14.13 0 0.0318081 0 0 0 0
14.14 0 0.0324072 0 0 0 0
14.15 0 0.033035 0 0 0 0
14.16 0 0.0336904 0 0 0 0
14.17 0 0.0343721 0 0 0 0
14.18 0 0.035078 0 0 0 0
14.19 0 0.0358062 0 0 0 0
14.2 0 0.036554 0 0 0 0
14.21 0 0.037319 0 0 0 0
14.22 0 0.0380984 0 0 0 0
14.23 0 0.0388892 0 0 0 0
14.24 0 0.0396884 0 0 0 0
14.25 0 0.0404933 0 0 0 0
14.26 0 0.041301 0 0 0 0
14.27 0 0.0421087 0 0 0 0
14.28 0 0.0429141 0 0 0 0
14.29 0 0.0437147 0 0 0 0
14.3 0 0.0445086 0 0 0 0
14.31 0 0.0452943 0 0 0 0
14.32 0 0.0460703 0 0 0 0
14.33 0 0.0468356 0 0 0 0
14.34 0 0.0475898 0 0 0 0
14.35 0 0.0483326 0 0 0 0
14.36 0 0.0490643 0 0 0 0
14.37 0 0.0497854 0 0 0 0
14.38 0 0.050497 0 0 0 0
14.39 0 0.0512002 0 0 0 0
14.4 0 0.0518966 0 0 0 0
14.41 0 0.052588 0 0 0 0
14.42 0 0.0532766 0 0 0 0
14.43 0 0.0539644 0 0 0 0
14.44 0 0.0546538 0 0 0 0
14.45 0 0.0553471 0 0 0 0
14.46 0 0.0560467 0 0 0 0
14.47 0 0.0567548 0 0 0 0
14.48 0 0.0574737 0 0 0 0
14.49 0 0.0582052 0 0 0 0
14.5 0 0.0589512 0 0 0 0
14.51 0 0.0597133 0 0 0 0
14.52 0 0.0603442 0 0 0 0
14.53 0 0.0610086 0 0 0 0
14.54 0 0.061697 0 0 0 0
14.55 0 0.0624073 0 0 0 0
14.56 0 0.0631383 0 0 0 0
14.57 0 0.06389 0 0 0 0
14.58 0 0.0646626 0 0 0 0
14.59 0 0.0654575 0 0 0 0
14.6 0 0.0662759 0 0 0 0
14.61 0 0.0671198 0 0 0 0
14.62 0 0.0679906 0 0 0 0
14.63 0 0.0688901 0 0 0 0
14.64 0 0.069819 0 0 0 0
14.65 0 0.0707776 0 0 0 0
14.66 0 0.0717653 0 0 0 0
14.67 0 0.0727807 0 0 0 0
14.68 0 0.0738214 0 0 0 0
14.69 0 0.0748841 0 0 0 0
14.7 0 0.0759646 0 0 0 0
14.71 0 0.0770583 0 0 0 0
14.72 0 0.0781596 0 0 0 0
14.73 0 0.0792624 0 0 0 0
14.74 0 0.0803604 0 0 0 0
14.75 0 0.0814473 0 0 0 0
14.76 0 0.0825164 0 0 0 0
14.77 0 0.0835612 0 0 0 0
14.78 0 0.0845755 0 0 0 0
14.79 0 0.0855537 0 0 0 0
14.8 0 0.0864904 0 0 0 0
14.81 0 0.087381 0 0 0 0
14.82 0 0.0882217 0 0 0 0
14.83 0 0.0890093 0 0 0 0
14.84 0 0.0897416 0 0 0 0
14.85 0 0.0904172 0 0 0 0
14.86 0 0.0910354 0 0 0 0
14.87 0 0.0915965 0 0 0 0
14.88 0 0.0921017 0 0 0 0
14.89 0 0.0925529 0 0 0 0
14.9 0 0.0929525 0 0 0 0
14.91 0 0.0933037 0 0 0 0
14.92 0 0.0936103 0 0 0 0
14.93 0 0.0938765 0 0 0 0
14.94 0 0.0941069 0 0 0 0
14.95 0 0.0943064 0 0 0 0
14.96 0 0.09448 0 0 0 0
14.97 0 0.094633 0 0 0 0
14.98 0 0.0947705 0 0 0 0
14.99 0 0.0948977 0 0 0 0
15 0 0.0950197 0 0 0 0
15.01 0 0.0951414 0 0 0 0
15.02 0 0.0949624 0 0 0 0
15.03 0 0.0948235 0 0 0 0
15.04 0 0.0947079 0 0 0 0
15.05 0 0.0946136 0 0 0 0
15.06 0 0.094541 0 0 0 0
15.07 0 0.094492 0 0 0 0
15.08 0 0.094468 0 0 0 0
15.09 0 0.0944711 0 0 0 0
15.1 0 0.0945029 0 0 0 0
15.11 0 0.0945648 0 0 0 0
15.12 0 0.0946579 0 0 0 0
15.13 0 0.0947829 0 0 0 0
15.14 0 0.0949393 0 0 0 0
15.15 0 0.0951263 0 0 0 0
15.16 0 0.0953417 0 0 0 0
15.17 0 0.095583 0 0 0 0
15.18 0 0.0958462 0 0 0 0
15.19 0 0.0961275 0 0 0 0
15.2 0 0.096422 0 0 0 0
15.21 0 0.0967254 0 0 0 0
15.22 0 0.0970328 0 0 0 0
15.23 0 0.0973397 0 0 0 0
15.24 0 0.0976419 0 0 0 0
15.25 0 0.0979358 0 0 0 0
15.26 0 0.0982179 0 0 0 0
15.27 0 0.0984857 0 0 0 0
15.28 0 0.098737 0 0 0 0
15.29 0 0.0989706 0 0 0 0
15.3 0 0.0991857 0 0 0 0
15.31 0 0.0993821 0 0 0 0
15.32 0 0.09956 0 0 0 0
15.33 0 0.09972 0 0 0 0
15.34 0 0.0998628 0 0 0 0
15.35 0 0.0999892 0 0 0 0
15.36 0 0.1001 0 0 0 0
15.37 0 0.100197 0 0 0 0
15.38 0 0.10028 0 0 0 0
15.39 0 0.100353 0 0 0 0
15.4 0 0.100415 0 0 0 0
15.41 0 0.100468 0 0 0 0
15.42 0 0.100515 0 0 0 0
15.43 0 0.100556 0 0 0 0
15.44 0 0.100593 0 0 0 0
15.45 0 0.100627 0 0 0 0
15.46 0 0.100657 0 0 0 0
15.47 0 0.100685 0 0 0 0
15.48 0 0.100712 0 0 0 0
15.49 0 0.100736 0 0 0 0
15.5 0 0.100757 0 0 0 0
15.51 0 0.100777 0 0 0 0
15.52 0 0.100357 0 0 0 0
15.53 0 0.0999799 0 0 0 0
15.54 0 0.0996154 0 0 0 0
15.55 0 0.0992556 0 0 0 0
15.56 0 0.0988965 0 0 0 0
15.57 0 0.0985369 0 0 0 0
15.58 0 0.0981762 0 0 0 0
15.59 0 0.0978144 0 0 0 0
15.6 0 0.0974516 0 0 0 0
15.61 0 0.0970884 0 0 0 0
15.62 0 0.0967253 0 0 0 0
15.63 0 0.0963632 0 0 0 0
15.64 0 0.0960028 0 0 0 0
15.65 0 0.0956453 0 0 0 0
15.66 0 0.0952914 0 0 0 0
15.67 0 0.0949424 0 0 0 0
15.68 0 0.094599 0 0 0 0
15.69 0 0.0942622 0 0 0 0
15.7 0 0.0939324 0 0 0 0
15.71 0 0.0936106 0 0 0 0
15.72 0 0.0932973 0 0 0 0
15.73 0 0.0929933 0 0 0 0
15.74 0 0.0926991 0 0 0 0
15.75 0 0.0924155 0 0 0 0
15.76 0 0.0921428 0 0 0 0
15.77 0 0.0918819 0 0 0 0
15.78 0 0.091633 0 0 0 0
15.79 0 0.0913969 0 0 0 0
15.8 0 0.091174 0 0 0 0
15.81 0 0.0909648 0 0 0 0
15.82 0 0.0907699 0 0 0 0
15.83 0 0.0905898 0 0 0 0
15.84 0 0.0904248 0 0 0 0
15.85 0 0.0902757 0 0 0 0
15.86 0 0.0901427 0 0 0 0
15.87 0 0.0900264 0 0 0 0
15.88 0 0.0899272 0 0 0 0
15.89 0 0.0898456 0 0 0 0
15.9 0 0.0897818 0 0 0 0
15.91 0 0.0897364 0 0 0 0
15.92 0 0.0897095 0 0 0 0
15.93 0 0.0897013 0 0 0 0
15.94 0 0.0897119 0 0 0 0
15.95 0 0.0897412 0 0 0 0
15.96 0 0.0897891 0 0 0 0
15.97 0 0.0898552 0 0 0 0
15.98 0 0.0899391 0 0 0 0
15.99 0 0.0900402 0 0 0 0
16 0 0.0901577 0 0 0 0
16.01 0 0.0902907 0 0 0 0
16.02 0 0.0899679 0 0 0 0
16.03 0 0.0897075 0 0 0 0
16.04 0 0.0894765 0 0 0 0
16.05 0 0.089265 0 0 0 0
16.06 0 0.0890675 0 0 0 0
16.07 0 0.0888809 0 0 0 0
16.08 0 0.0887029 0 0 0 0
16.09 0 0.0885318 0 0 0 0
16.1 0 0.0883662 0 0 0 0
16.11 0 0.0882056 0 0 0 0
16.12 0 0.0880493 0 0 0 0
16.13 0 0.0878971 0 0 0 0
16.14 0 0.087749 0 0 0 0
16.15 0 0.0876051 0 0 0 0
16.16 0 0.0874655 0 0 0 0
16.17 0 0.0873305 0 0 0 0
16.18 0 0.0872 0 0 0 0
16.19 0 0.0870739 0 0 0 0
16.2 0 0.0869515 0 0 0 0
16.21 0 0.0868321 0 0 0 0
16.22 0 0.0867147 0 0 0 0
16.23 0 0.0865984 0 0 0 0
16.24 0 0.0864824 0 0 0 0
16.25 0 0.0863662 0 0 0 0
16.26 0 0.0862487 0 0 0 0
16.27 0 0.0861295 0 0 0 0
16.28 0 0.086008 0 0 0 0
16.29 0 0.0858836 0 0 0 0
16.3 0 0.0857557 0 0 0 0
16.31 0 0.0856243 0 0 0 0
16.32 0 0.0854886 0 0 0 0
16.33 0 0.0853488 0 0 0 0
16.34 0 0.0852045 0 0 0 0
16.35 0 0.0850561 0 0 0 0
16.36 0 0.0849034 0 0 0 0
16.37 0 0.0847468 0 0 0 0
16.38 0 0.0845868 0 0 0 0
16.39 0 0.084424 0 0 0 0
16.4 0 0.0842588 0 0 0 0
16.41 0 0.084092 0 0 0 0
16.42 0 0.0839246 0 0 0 0
16.43 0 0.0837574 0 0 0 0
16.44 0 0.0835915 0 0 0 0
16.45 0 0.0834282 0 0 0 0
16.46 0 0.0832683 0 0 0 0
16.47 0 0.0831131 0 0 0 0
16.48 0 0.0829634 0 0 0 0
16.49 0 0.0828202 0 0 0 0
16.5 0 0.0826839 0 0 0 0
16.51 0 0.0825552 0 0 0 0
16.52 0 0.0820512 0 0 0 0
16.53 0 0.0815946 0 0 0 0
16.54 0 0.0811591 0 0 0 0
16.55 0 0.0807373 0 0 0 0
16.56 0 0.0803252 0 0 0 0
16.57 0 0.0799202 0 0 0 0
16.58 0 0.0795204 0 0 0 0
16.59 0 0.079124 0 0 0 0
16.6 0 0.0787291 0 0 0 0
16.61 0 0.0783336 0 0 0 0
16.62 0 0.0779352 0 0 0 0
16.63 0 0.0775319 0 0 0 0
16.64 0 0.0771213 0 0 0 0
16.65 0 0.0767011 0 0 0 0
16.66 0 0.076269 0 0 0 0
16.67 0 0.075823 0 0 0 0
16.68 0 0.0753608 0 0 0 0
16.69 0 0.0748805 0 0 0 0
16.7 0 0.0743802 0 0 0 0
16.71 0 0.0738582 0 0 0 0
16.72 0 0.0733134 0 0 0 0
16.73 0 0.0727445 0 0 0 0
16.74 0 0.0721512 0 0 0 0
16.75 0 0.0715333 0 0 0 0
16.76 0 0.0708908 0 0 0 0
16.77 0 0.0702244 0 0 0 0
16.78 0 0.0695349 0 0 0 0
16.79 0 0.0688237 0 0 0 0
16.8 0 0.0680922 0 0 0 0
16.81 0 0.0673427 0 0 0 0
16.82 0 0.0665768 0 0 0 0
16.83 0 0.0657973 0 0 0 0
16.84 0 0.0650065 0 0 0 0
16.85 0 0.0642074 0 0 0 0
16.86 0 0.0634026 0 0 0 0
16.87 0 0.0625951 0 0 0 0
16.88 0 0.0617876 0 0 0 0
16.89 0 0.0609831 0 0 0 0
16.9 0 0.0601841 0 0 0 0
16.91 0 0.0593931 0 0 0 0
16.92 0 0.0586126 0 0 0 0
16.93 0 0.0578446 0 0 0 0
16.94 0 0.0570909 0 0 0 0
16.95 0 0.0563529 0 0 0 0
16.96 0 0.0556317 0 0 0 0
16.97 0 0.0549281 0 0 0 0
16.98 0 0.054242 0 0 0 0
16.99 0 0.0535735 0 0 0 0
17 0 0.0529221 0 0 0 0
17.01 0 0.052287 0 0 0 0
17.02 0 0.0514495 0 0 0 0
17.03 0 0.050648 0 0 0 0
17.04 0 0.0498657 0 0 0 0
17.05 0 0.0490966 0 0 0 0
17.06 0 0.0483368 0 0 0 0
17.07 0 0.0475827 0 0 0 0
17.08 0 0.0468314 0 0 0 0
17.09 0 0.0460804 0 0 0 0
17.1 0 0.0453266 0 0 0 0
17.11 0 0.0445678 0 0 0 0
17.12 0 0.0438012 0 0 0 0
17.13 0 0.0430246 0 0 0 0
17.14 0 0.0422363 0 0 0 0
17.15 0 0.0414339 0 0 0 0
17.16 0 0.0406163 0 0 0 0
17.17 0 0.0397823 0 0 0 0
17.18 0 0.0389309 0 0 0 0
17.19 0 0.0380617 0 0 0 0
17.2 0 0.0371743 0 0 0 0
17.21 0 0.0362692 0 0 0 0
17.22 0 0.035347 0 0 0 0
17.23 0 0.0344083 0 0 0 0
17.24 0 0.0334547 0 0 0 0
17.25 0 0.0324878 0 0 0 0
17.26 0 0.0315095 0 0 0 0
17.27 0 0.030522 0 0 0 0
17.28 0 0.0295278 0 0 0 0
17.29 0 0.0285293 0 0 0 0
17.3 0 0.0275292 0 0 0 0
17.31 0 0.0265304 0 0 0 0
17.32 0 0.0255351 0 0 0 0
17.33 0 0.0245462 0 0 0 0
17.34 0 0.0235662 0 0 0 0
17.35 0 0.0225973 0 0 0 0
17.36 0 0.0216418 0 0 0 0
17.37 0 0.0207015 0 0 0 0
17.38 0 0.0197781 0 0 0 0
17.39 0 0.0188731 0 0 0 0
17.4 0 0.017987 0 0 0 0
17.41 0 0.0171209 0 0 0 0
17.42 0 0.0162749 0 0 0 0
17.43 0 0.0154491 0 0 0 0
17.44 0 0.014643 0 0 0 0
17.45 0 0.0138561 0 0 0 0
17.46 0 0.013087 0 0 0 0
17.47 0 0.0123349 0 0 0 0
17.48 0 0.0115976 0 0 0 0
17.49 0 0.0108735 0 0 0 0
17.5 0 0.0101606 0 0 0 0
17.51 0 0.00945684 0 0 0 0
17.52 0 0.00872926 0 0 0 0
17.53 0 0.00800947 0 0 0 0
17.54 0 0.00729305 0 0 0 0
17.55 0 0.00657731 0 0 0 0
17.56 0 0.00586007 0 0 0 0
17.57 0 0.00513891 0 0 0 0
17.58 0 0.00441219 0 0 0 0
17.59 0 0.00367844 0 0 0 0
17.6 0 0.00293629 0 0 0 0
17.61 0 0.00218482 0 0 0 0
17.62 0 0.00142325 0 0 0 0
17.63 0 0.00065127 0 0 0 0
17.64 0 -0.000131063 0 0 0 0
17.65 0 -0.000923885 0 0 0 0
17.66 0 -0.00172647 0 0 0 0
17.67 0 -0.00253797 0 0 0 0
17.68 0 -0.00335735 0 0 0 0
17.69 0 -0.00418325 0 0 0 0
17.7 0 -0.0050142 0 0 0 0
17.71 0 -0.00584846 0 0 0 0
17.72 0 -0.00668405 0 0 0 0
17.73 0 -0.00751943 0 0 0 0
17.74 0 -0.00835246 0 0 0 0
17.75 0 -0.00918112 0 0 0 0
17.76 0 -0.0100036 0 0 0 0
17.77 0 -0.0108179 0 0 0 0
17.78 0 -0.0116224 0 0 0 0
17.79 0 -0.0124157 0 0 0 0
17.8 0 -0.0131963 0 0 0 0
17.81 0 -0.0139629 0 0 0 0
17.82 0 -0.0147153 0 0 0 0
17.83 0 -0.0154525 0 0 0 0
17.84 0 -0.0161744 0 0 0 0
17.85 0 -0.016881 0 0 0 0
17.86 0 -0.0175727 0 0 0 0
17.87 0 -0.01825 0 0 0 0
17.88 0 -0.018914 0 0 0 0
17.89 0 -0.0195655 0 0 0 0
17.9 0 -0.0202064 0 0 0 0
17.91 0 -0.0208381 0 0 0 0
17.92 0 -0.0214624 0 0 0 0
17.93 0 -0.0220811 0 0 0 0
17.94 0 -0.0226963 0 0 0 0
17.95 0 -0.02331 0 0 0 0
17.96 0 -0.0239244 0 0 0 0
17.97 0 -0.024541 0 0 0 0
17.98 0 -0.0251624 0 0 0 0
17.99 0 -0.0257901 0 0 0 0
18 0 -0.0264257 0 0 0 0
18.01 0 -0.0270707 0 0 0 0
18.02 0 -0.0275738 0 0 0 0
18.03 0 -0.0281043 0 0 0 0
18.04 0 -0.0286527 0 0 0 0
18.05 0 -0.0292165 0 0 0 0
18.06 0 -0.0297945 0 0 0 0
18.07 0 -0.0303865 0 0 0 0
18.08 0 -0.0309916 0 0 0 0
18.09 0 -0.031609 0 0 0 0
18.1 0 -0.0322379 0 0 0 0
18.11 0 -0.032877 0 0 0 0
18.12 0 -0.033525 0 0 0 0
18.13 0 -0.0341805 0 0 0 0
18.14 0 -0.0348418 0 0 0 0
18.15 0 -0.0355075 0 0 0 0
18.16 0 -0.036176 0 0 0 0
18.17 0 -0.0368454 0 0 0 0
18.18 0 -0.0375141 0 0 0 0
18.19 0 -0.0381805 0 0 0 0
18.2 0 -0.0388432 0 0 0 0
18.21 0 -0.0395007 0 0 0 0
18.22 0 -0.0401517 0 0 0 0
18.23 0 -0.0407957 0 0 0 0
18.24 0 -0.0414318 0 0 0 0
18.25 0 -0.0420595 0 0 0 0
18.26 0 -0.0426788 0 0 0 0
18.27 0 -0.0432897 0 0 0 0
18.28 0 -0.0438925 0 0 0 0
18.29 0 -0.0444879 0 0 0 0
18.3 0 -0.0450768 0 0 0 0
18.31 0 -0.0456599 0 0 0 0
18.32 0 -0.0462389 0 0 0 0
18.33 0 -0.0468151 0 0 0 0
18.34 0 -0.0473898 0 0 0 0
18.35 0 -0.0479648 0 0 0 0
18.36 0 -0.0485416 0 0 0 0
18.37 0 -0.0491218 0 0 0 0
18.38 0 -0.0497071 0 0 0 0
18.39 0 -0.0502988 0 0 0 0
18.4 0 -0.0508988 0 0 0 0
18.41 0 -0.0515081 0 0 0 0
18.42 0 -0.0521277 0 0 0 0
18.43 0 -0.0527587 0 0 0 0
18.44 0 -0.0534016 0 0 0 0
18.45 0 -0.054057 0 0 0 0
18.46 0 -0.0547249 0 0 0 0
18.47 0 -0.0554052 0 0 0 0
18.48 0 -0.0560978 0 0 0 0
18.49 0 -0.0568019 0 0 0 0
18.5 0 -0.0575166 0 0 0 0
18.51 0 -0.058241 0 0 0 0
18.52 0 -0.058645 0 0 0 0
18.53 0 -0.05909 0 0 0 0
18.54 0 -0.0595522 0 0 0 0
18.55 0 -0.060024 0 0 0 0
18.56 0 -0.0605007 0 0 0 0
18.57 0 -0.0609798 0 0 0 0
18.58 0 -0.0614588 0 0 0 0
18.59 0 -0.061936 0 0 0 0
18.6 0 -0.0624096 0 0 0 0
18.61 0 -0.062878 0 0 0 0
18.62 0 -0.0633401 0 0 0 0
18.63 0 -0.0637946 0 0 0 0
18.64 0 -0.0642407 0 0 0 0
18.65 0 -0.064678 0 0 0 0
18.66 0 -0.0651062 0 0 0 0
18.67 0 -0.0655251 0 0 0 0
18.68 0 -0.0659348 0 0 0 0
18.69 0 -0.0663356 0 0 0 0
18.7 0 -0.066728 0 0 0 0
18.71 0 -0.0671127 0 0 0 0
18.72 0 -0.0674904 0 0 0 0
18.73 0 -0.0678627 0 0 0 0
18.74 0 -0.0682305 0 0 0 0
18.75 0 -0.0685954 0 0 0 0
18.76 0 -0.0689589 0 0 0 0
18.77 0 -0.0693226 0 0 0 0
18.78 0 -0.0696881 0 0 0 0
18.79 0 -0.0700569 0 0 0 0
18.8 0 -0.0704303 0 0 0 0
18.81 0 -0.0708096 0 0 0 0
18.82 0 -0.0711962 0 0 0 0
18.83 0 -0.071591 0 0 0 0
18.84 0 -0.0719949 0 0 0 0
18.85 0 -0.0724085 0 0 0 0
18.86 0 -0.0728323 0 0 0 0
18.87 0 -0.0732667 0 0 0 0
18.88 0 -0.0737116 0 0 0 0
18.89 0 -0.0741667 0 0 0 0
18.9 0 -0.0746318 0 0 0 0
18.91 0 -0.0751061 0 0 0 0
18.92 0 -0.0755888 0 0 0 0
18.93 0 -0.0760786 0 0 0 0
18.94 0 -0.0765743 0 0 0 0
18.95 0 -0.0770744 0 0 0 0
18.96 0 -0.0775773 0 0 0 0
18.97 0 -0.0780813 0 0 0 0
18.98 0 -0.0785848 0 0 0 0
18.99 0 -0.0790859 0 0 0 0
19 0 -0.079583 0 0 0 0
19.01 0 -0.0800744 0 0 0 0
19.02 0 -0.0800874 0 0 0 0
19.03 0 -0.0801408 0 0 0 0
19.04 0 -0.0802017 0 0 0 0
19.05 0 -0.0802605 0 0 0 0
19.06 0 -0.0803126 0 0 0 0
19.07 0 -0.0803561 0 0 0 0
19.08 0 -0.0803901 0 0 0 0
19.09 0 -0.0804145 0 0 0 0
19.1 0 -0.0804293 0 0 0 0
19.11 0 -0.0804353 0 0 0 0
19.12 0 -0.0804332 0 0 0 0
19.13 0 -0.0804243 0 0 0 0
19.14 0 -0.0804097 0 0 0 0
19.15 0 -0.0803912 0 0 0 0
19.16 0 -0.0803704 0 0 0 0
19.17 0 -0.0803491 0 0 0 0
19.18 0 -0.0803287 0 0 0 0
19.19 0 -0.0803108 0 0 0 0
19.2 0 -0.080297 0 0 0 0
19.21 0 -0.0802886 0 0 0 0
19.22 0 -0.0802868 0 0 0 0
19.23 0 -0.0802929 0 0 0 0
19.24 0 -0.0803078 0 0 0 0
19.25 0 -0.0803326 0 0 0 0
19.26 0 -0.0803677 0 0 0 0
19.27 0 -0.0804136 0 0 0 0
19.28 0 -0.0804706 0 0 0 0
19.29 0 -0.0805385 0 0 0 0
19.3 0 -0.0806172 0 0 0 0
19.31 0 -0.0807059 0 0 0 0
19.32 0 -0.0808041 0 0 0 0
19.33 0 -0.0809107 0 0 0 0
19.34 0 -0.0810246 0 0 0 0
19.35 0 -0.0811444 0 0 0 0
19.36 0 -0.0812687 0 0 0 0
19.37 0 -0.0813962 0 0 0 0
19.38 0 -0.0815252 0 0 0 0
19.39 0 -0.0816544 0 0 0 0
19.4 0 -0.0817824 0 0 0 0
19.41 0 -0.0819078 0 0 0 0
19.42 0 -0.0820293 0 0 0 0
19.43 0 -0.0821457 0 0 0 0
19.44 0 -0.0822563 0 0 0 0
19.45 0 -0.082361 0 0 0 0
19.46 0 -0.0824602 0 0 0 0
19.47 0 -0.0825545 0 0 0 0
19.48 0 -0.0826449 0 0 0 0
19.49 0 -0.0827318 0 0 0 0
19.5 0 -0.0828161 0 0 0 0
19.51 0 -0.0828982 0 0 0 0
19.52 0 -0.0824503 0 0 0 0
19.53 0 -0.0820557 0 0 0 0
19.54 0 -0.0816792 0 0 0 0
19.55 0 -0.0813111 0 0 0 0
19.56 0 -0.0809476 0 0 0 0
19.57 0 -0.0805872 0 0 0 0
19.58 0 -0.0802297 0 0 0 0
19.59 0 -0.0798759 0 0 0 0
19.6 0 -0.0795263 0 0 0 0
19.61 0 -0.0791823 0 0 0 0
19.62 0 -0.0788457 0 0 0 0
19.63 0 -0.0785183 0 0 0 0
19.64 0 -0.0782018 0 0 0 0
19.65 0 -0.0778978 0 0 0 0
19.66 0 -0.0776073 0 0 0 0
19.67 0 -0.0773312 0 0 0 0
19.68 0 -0.0770697 0 0 0 0
19.69 0 -0.0768227 0 0 0 0
19.7 0 -0.0765894 0 0 0 0
19.71 0 -0.0763692 0 0 0 0
19.72 0 -0.076161 0 0 0 0
19.73 0 -0.0759635 0 0 0 0
19.74 0 -0.0757757 0 0 0 0
19.75 0 -0.0755961 0 0 0 0
19.76 0 -0.075423 0 0 0 0
19.77 0 -0.0752545 0 0 0 0
19.78 0 -0.0750888 0 0 0 0
19.79 0 -0.0749239 0 0 0 0
19.8 0 -0.0747577 0 0 0 0
19.81 0 -0.0745884 0 0 0 0
19.82 0 -0.0744138 0 0 0 0
19.83 0 -0.0742323 0 0 0 0
19.84 0 -0.0740421 0 0 0 0
19.85 0 -0.0738417 0 0 0 0
19.86 0 -0.0736299 0 0 0 0
19.87 0 -0.0734054 0 0 0 0
19.88 0 -0.0731676 0 0 0 0
19.89 0 -0.072916 0 0 0 0
19.9 0 -0.0726502 0 0 0 0
19.91 0 -0.0723703 0 0 0 0
19.92 0 -0.0720766 0 0 0 0
19.93 0 -0.0717699 0 0 0 0
19.94 0 -0.0714509 0 0 0 0
19.95 0 -0.0711207 0 0 0 0
19.96 0 -0.0707808 0 0 0 0
19.97 0 -0.0704331 0 0 0 0
19.98 0 -0.0700801 0 0 0 0
19.99 0 -0.0697247 0 0 0 0
20 0 -0.0693698 0 0 0 0
20.01 0 -0.069018 0 0 0 0
20.02 0 -0.0682091 0 0 0 0
20.03 0 -0.0674556 0 0 0 0
20.04 0 -0.0667281 0 0 0 0
20.05 0 -0.0660198 0 0 0 0
20.06 0 -0.0653284 0 0 0 0
20.07 0 -0.0646533 0 0 0 0
20.08 0 -0.0639945 0 0 0 0
20.09 0 -0.0633522 0 0 0 0
20.1 0 -0.062726 0 0 0 0
20.11 0 -0.0621157 0 0 0 0
20.12 0 -0.0615205 0 0 0 0
20.13 0 -0.0609399 0 0 0 0
20.14 0 -0.0603731 0 0 0 0
20.15 0 -0.0598195 0 0 0 0
20.16 0 -0.0592793 0 0 0 0
20.17 0 -0.0587524 0 0 0 0
20.18 0 -0.0582381 0 0 0 0
20.19 0 -0.0577353 0 0 0 0
20.2 0 -0.0572425 0 0 0 0
20.21 0 -0.056758 0 0 0 0
20.22 0 -0.0562804 0 0 0 0
20.23 0 -0.0558077 0 0 0 0
20.24 0 -0.0553384 0 0 0 0
20.25 0 -0.0548707 0 0 0 0
20.26 0 -0.0544029 0 0 0 0
20.27 0 -0.0539332 0 0 0 0
20.28 0 -0.0534599 0 0 0 0
20.29 0 -0.0529813 0 0 0 0
20.3 0 -0.0524962 0 0 0 0
20.31 0 -0.0520032 0 0 0 0
20.32 0 -0.0515011 0 0 0 0
20.33 0 -0.0509894 0 0 0 0
20.34 0 -0.0504675 0 0 0 0
20.35 0 -0.0499352 0 0 0 0
20.36 0 -0.0493921 0 0 0 0
20.37 0 -0.0488382 0 0 0 0
20.38 0 -0.0482737 0 0 0 0
20.39 0 -0.0476992 0 0 0 0
20.4 0 -0.0471148 0 0 0 0
20.41 0 -0.0465216 0 0 0 0
20.42 0 -0.0459205 0 0 0 0
20.43 0 -0.0453125 0 0 0 0
20.44 0 -0.044699 0 0 0 0
20.45 0 -0.0440817 0 0 0 0
20.46 0 -0.0434623 0 0 0 0
20.47 0 -0.0428429 0 0 0 0
20.48 0 -0.0422251 0 0 0 0
20.49 0 -0.0416108 0 0 0 0
20.5 0 -0.041002 0 0 0 0
20.51 0 -0.0404001 0 0 0 0
20.52 0 -0.0395275 0 0 0 0
20.53 0 -0.0386932 0 0 0 0
20.54 0 -0.0378789 0 0 0 0
20.55 0 -0.03708 0 0 0 0
20.56 0 -0.0362946 0 0 0 0
20.57 0 -0.0355212 0 0 0 0
20.58 0 -0.0347593 0 0 0 0
20.59 0 -0.0340082 0 0 0 0
20.6 0 -0.0332671 0 0 0 0
20.61 0 -0.0325353 0 0 0 0
20.62 0 -0.0318118 0 0 0 0
20.63 0 -0.0310964 0 0 0 0
20.64 0 -0.0303886 0 0 0 0
20.65 0 -0.0296877 0 0 0 0
20.66 0 -0.0289933 0 0 0 0
20.67 0 -0.0283048 0 0 0 0
20.68 0 -0.0276214 0 0 0 0
20.69 0 -0.0269421 0 0 0 0
20.7 0 -0.0262658 0 0 0 0
20.71 0 -0.0255912 0 0 0 0
20.72 0 -0.0249174 0 0 0 0
20.73 0 -0.0242427 0 0 0 0
20.74 0 -0.0235662 0 0 0 0
20.75 0 -0.022887 0 0 0 0
20.76 0 -0.0222041 0 0 0 0
20.77 0 -0.0215169 0 0 0 0
20.78 0 -0.0208247 0 0 0 0
20.79 0 -0.0201273 0 0 0 0
20.8 0 -0.0194247 0 0 0 0
20.81 0 -0.0187174 0 0 0 0
20.82 0 -0.0180052 0 0 0 0
20.83 0 -0.0172888 0 0 0 0
20.84 0 -0.0165689 0 0 0 0
20.85 0 -0.0158462 0 0 0 0
20.86 0 -0.0151219 0 0 0 0
20.87 0 -0.0143968 0 0 0 0
20.88 0 -0.0136723 0 0 0 0
20.89 0 -0.0129497 0 0 0 0
20.9 0 -0.0122298 0 0 0 0
20.91 0 -0.011514 0 0 0 0
20.92 0 -0.0108036 0 0 0 0
20.93 0 -0.0101 0 0 0 0
20.94 0 -0.0094044 0 0 0 0
20.95 0 -0.00871807 0 0 0 0
20.96 0 -0.00804191 0 0 0 0
20.97 0 -0.0073768 0 0 0 0
20.98 0 -0.00672256 0 0 0 0
20.99 0 -0.00607964 0 0 0 0
21 0 -0.0054479 0 0 0 0
21.01 0 -0.00482698 0 0 0 0
21.02 0 -0.00419626 0 0 0 0
21.03 0 -0.00357705 0 0 0 0
21.04 0 -0.00296705 0 0 0 0
21.05 0 -0.00236488 0 0 0 0
21.06 0 -0.00176938 0 0 0 0
21.07 0 -0.00117861 0 0 0 0
21.08 0 -0.000591287 0 0 0 0
21.09 0 -5.80912e-06 0 0 0 0
21.1 0 0.00057934 0 0 0 0
21.11 0 0.00116561 0 0 0 0
21.12 0 0.00175426 0 0 0 0
21.13 0 0.00234656 0 0 0 0
21.14 0 0.00294351 0 0 0 0
21.15 0 0.00354673 0 0 0 0
21.16 0 0.00415702 0 0 0 0
21.17 0 0.00477535 0 0 0 0
21.18 0 0.00540246 0 0 0 0
21.19 0 0.00603896 0 0 0 0
21.2 0 0.00668516 0 0 0 0
21.21 0 0.00734107 0 0 0 0
21.22 0 0.00800618 0 0 0 0
21.23 0 0.00868057 0 0 0 0
21.24 0 0.0093634 0 0 0 0
21.25 0 0.010054 0 0 0 0
21.26 0 0.0107515 0 0 0 0
21.27 0 0.011455 0 0 0 0
21.28 0 0.0121633 0 0 0 0
21.29 0 0.0128753 0 0 0 0
21.3 0 0.0135897 0 0 0 0
21.31 0 0.014305 0 0 0 0
21.32 0 0.0150205 0 0 0 0
21.33 0 0.0157348 0 0 0 0
21.34 0 0.0164468 0 0 0 0
21.35 0 0.0171556 0 0 0 0
21.36 0 0.0178605 0 0 0 0
21.37 0 0.0185613 0 0 0 0
21.38 0 0.0192576 0 0 0 0
21.39 0 0.0199497 0 0 0 0
21.4 0 0.0206384 0 0 0 0
21.41 0 0.0213243 0 0 0 0
21.42 0 0.0220084 0 0 0 0
21.43 0 0.0226923 0 0 0 0
21.44 0 0.0233772 0 0 0 0
21.45 0 0.0240648 0 0 0 0
21.46 0 0.0247565 0 0 0 0
21.47 0 0.0254537 0 0 0 0
21.48 0 0.0261583 0 0 0 0
21.49 0 0.0268715 0 0 0 0
21.5 0 0.0275945 0 0 0 0
21.51 0 0.0283285 0 0 0 0
21.52 0 0.0288299 0 0 0 0
21.53 0 0.029369 0 0 0 0
21.54 0 0.0299297 0 0 0 0
21.55 0 0.0305074 0 0 0 0
21.56 0 0.0310995 0 0 0 0
21.57 0 0.031705 0 0 0 0
21.58 0 0.0323224 0 0 0 0
21.59 0 0.0329502 0 0 0 0
21.6 0 0.0335868 0 0 0 0
21.61 0 0.0342306 0 0 0 0
21.62 0 0.0348796 0 0 0 0
21.63 0 0.0355318 0 0 0 0
21.64 0 0.0361849 0 0 0 0
21.65 0 0.036837 0 0 0 0
21.66 0 0.0374858 0 0 0 0
21.67 0 0.0381295 0 0 0 0
21.68 0 0.0387662 0 0 0 0
21.69 0 0.0393941 0 0 0 0
21.7 0 0.0400117 0 0 0 0
21.71 0 0.0406178 0 0 0 0
21.72 0 0.0412112 0 0 0 0
21.73 0 0.0417918 0 0 0 0
21.74 0 0.0423589 0 0 0 0
21.75 0 0.0429128 0 0 0 0
21.76 0 0.0434536 0 0 0 0
21.77 0 0.043982 0 0 0 0
21.78 0 0.0444991 0 0 0 0
21.79 0 0.045006 0 0 0 0
21.8 0 0.0455042 0 0 0 0
21.81 0 0.0459953 0 0 0 0
21.82 0 0.0464813 0 0 0 0
21.83 0 0.0469641 0 0 0 0
21.84 0 0.0474457 0 0 0 0
21.85 0 0.0479282 0 0 0 0
21.86 0 0.0484138 0 0 0 0
21.87 0 0.0489044 0 0 0 0
21.88 0 0.0494021 0 0 0 0
21.89 0 0.0499086 0 0 0 0
21.9 0 0.0504259 0 0 0 0
21.91 0 0.0509554 0 0 0 0
21.92 0 0.0514984 0 0 0 0
21.93 0 0.052056 0 0 0 0
21.94 0 0.0526289 0 0 0 0
21.95 0 0.0532177 0 0 0 0
21.96 0 0.0538226 0 0 0 0
21.97 0 0.0544432 0 0 0 0
21.98 0 0.0550796 0 0 0 0
21.99 0 0.0557309 0 0 0 0
22 0 0.056396 0 0 0 0
22.01 0 0.0570739 0 0 0 0
22.02 0 0.0573322 0 0 0 0
22.03 0 0.0576449 0 0 0 0
22.04 0 0.057981 0 0 0 0
22.05 0 0.0583309 0 0 0 0
22.06 0 0.0586888 0 0 0 0
22.07 0 0.0590516 0 0 0 0
22.08 0 0.0594165 0 0 0 0
22.09 0 0.0597812 0 0 0 0
22.1 0 0.0601437 0 0 0 0
22.11 0 0.0605022 0 0 0 0
22.12 0 0.060855 0 0 0 0
22.13 0 0.0612009 0 0 0 0
22.14 0 0.0615385 0 0 0 0
22.15 0 0.0618673 0 0 0 0
22.16 0 0.0621864 0 0 0 0
22.17 0 0.0624955 0 0 0 0
22.18 0 0.0627943 0 0 0 0
22.19 0 0.0630828 0 0 0 0
22.2 0 0.0633611 0 0 0 0
22.21 0 0.0636295 0 0 0 0
22.22 0 0.0638887 0 0 0 0
22.23 0 0.0641397 0 0 0 0
22.24 0 0.0643834 0 0 0 0
22.25 0 0.0646211 0 0 0 0
22.26 0 0.0648542 0 0 0 0
22.27 0 0.0650841 0 0 0 0
22.28 0 0.0653123 0 0 0 0
22.29 0 0.0655406 0 0 0 0
22.3 0 0.0657703 0 0 0 0
22.31 0 0.0660029 0 0 0 0
22.32 0 0.06624 0 0 0 0
22.33 0 0.0664827 0 0 0 0
22.34 0 0.0667322 0 0 0 0
22.35 0 0.0669894 0 0 0 0
22.36 0 0.0672551 0 0 0 0
22.37 0 0.0675298 0 0 0 0
22.38 0 0.067814 0 0 0 0
22.39 0 0.0681078 0 0 0 0
22.4 0 0.0684113 0 0 0 0
22.41 0 0.0687243 0 0 0 0
22.42 0 0.0690463 0 0 0 0
22.43 0 0.0693768 0 0 0 0
22.44 0 0.069715 0 0 0 0
22.45 0 0.07006 0 0 0 0
22.46 0 0.0704109 0 0 0 0
22.47 0 0.0707664 0 0 0 0
22.48 0 0.0711254 0 0 0 0
22.49 0 0.0714864 0 0 0 0
22.5 0 0.0718481 0 0 0 0
22.51 0 0.0722091 0 0 0 0
22.52 0 0.0720884 0 0 0 0
22.53 0 0.0720142 0 0 0 0
22.54 0 0.0719532 0 0 0 0
22.55 0 0.0718956 0 0 0 0
22.56 0 0.0718366 0 0 0 0
22.57 0 0.0717741 0 0 0 0
22.58 0 0.0717068 0 0 0 0
22.59 0 0.071634 0 0 0 0
22.6 0 0.0715552 0 0 0 0
22.61 0 0.0714704 0 0 0 0
22.62 0 0.0713797 0 0 0 0
22.63 0 0.0712833 0 0 0 0
22.64 0 0.0711817 0 0 0 0
22.65 0 0.0710758 0 0 0 0
22.66 0 0.0709663 0 0 0 0
22.67 0 0.0708543 0 0 0 0
22.68 0 0.0707406 0 0 0 0
22.69 0 0.0706264 0 0 0 0
22.7 0 0.0705125 0 0 0 0
22.71 0 0.0704 0 0 0 0
22.72 0 0.0702901 0 0 0 0
22.73 0 0.0701838 0 0 0 0
22.74 0 0.0700821 0 0 0 0
22.75 0 0.0699861 0 0 0 0
22.76 0 0.0698967 0 0 0 0
22.77 0 0.0698147 0 0 0 0
22.78 0 0.0697405 0 0 0 0
22.79 0 0.0696747 0 0 0 0
22.8 0 0.0696174 0 0 0 0
22.81 0 0.0695688 0 0 0 0
22.82 0 0.0695286 0 0 0 0
22.83 0 0.0694969 0 0 0 0
22.84 0 0.0694731 0 0 0 0
22.85 0 0.0694568 0 0 0 0
22.86 0 0.0694476 0 0 0 0
22.87 0 0.0694447 0 0 0 0
22.88 0 0.0694476 0 0 0 0
22.89 0 0.0694554 0 0 0 0
22.9 0 0.0694674 0 0 0 0
22.91 0 0.0694829 0 0 0 0
22.92 0 0.069501 0 0 0 0
22.93 0 0.0695211 0 0 0 0
22.94 0 0.0695423 0 0 0 0
22.95 0 0.069564 0 0 0 0
22.96 0 0.0695855 0 0 0 0
22.97 0 0.069606 0 0 0 0
22.98 0 0.0696251 0 0 0 0
22.99 0 0.0696421 0 0 0 0
23 0 0.0696564 0 0 0 0
23.01 0 0.0696675 0 0 0 0
23.02 0 0.0692795 0 0 0 0
23.03 0 0.0689281 0 0 0 0
23.04 0 0.0685864 0 0 0 0
23.05 0 0.0682471 0 0 0 0
23.06 0 0.0679069 0 0 0 0
23.07 0 0.0675649 0 0 0 0
23.08 0 0.0672206 0 0 0 0
23.09 0 0.0668747 0 0 0 0
23.1 0 0.0665274 0 0 0 0
23.11 0 0.0661796 0 0 0 0
23.12 0 0.0658317 0 0 0 0
23.13 0 0.0654846 0 0 0 0
23.14 0 0.065139 0 0 0 0
23.15 0 0.0647959 0 0 0 0
23.16 0 0.0644563 0 0 0 0
23.17 0 0.0641212 0 0 0 0
23.18 0 0.0637913 0 0 0 0
23.19 0 0.0634673 0 0 0 0
23.2 0 0.0631496 0 0 0 0
23.21 0 0.0628387 0 0 0 0
23.22 0 0.0625351 0 0 0 0
23.23 0 0.0622389 0 0 0 0
23.24 0 0.0619503 0 0 0 0
23.25 0 0.0616692 0 0 0 0
23.26 0 0.0613954 0 0 0 0
23.27 0 0.0611287 0 0 0 0
23.28 0 0.0608686 0 0 0 0
23.29 0 0.0606146 0 0 0 0
23.3 0 0.0603658 0 0 0 0
23.31 0 0.0601214 0 0 0 0
23.32 0 0.0598804 0 0 0 0
23.33 0 0.059642 0 0 0 0
23.34 0 0.059405 0 0 0 0
23.35 0 0.0591684 0 0 0 0
23.36 0 0.0589311 0 0 0 0
23.37 0 0.058692 0 0 0 0
23.38 0 0.0584498 0 0 0 0
23.39 0 0.0582032 0 0 0 0
23.4 0 0.0579506 0 0 0 0
23.41 0 0.0576909 0 0 0 0
23.42 0 0.0574229 0 0 0 0
23.43 0 0.0571456 0 0 0 0
23.44 0 0.0568583 0 0 0 0
23.45 0 0.0565608 0 0 0 0
23.46 0 0.0562528 0 0 0 0
23.47 0 0.0559346 0 0 0 0
23.48 0 0.0556063 0 0 0 0
23.49 0 0.0552686 0 0 0 0
23.5 0 0.0549223 0 0 0 0
23.51 0 0.0545683 0 0 0 0
23.52 0 0.0539705 0 0 0 0
23.53 0 0.0533917 0 0 0 0
23.54 0 0.0528169 0 0 0 0
23.55 0 0.0522431 0 0 0 0
23.56 0 0.0516697 0 0 0 0
23.57 0 0.0510972 0 0 0 0
23.58 0 0.0505266 0 0 0 0
23.59 0 0.0499594 0 0 0 0
23.6 0 0.0493966 0 0 0 0
23.61 0 0.0488395 0 0 0 0
23.62 0 0.0482893 0 0 0 0
23.63 0 0.047747 0 0 0 0
23.64 0 0.0472138 0 0 0 0
23.65 0 0.0466905 0 0 0 0
23.66 0 0.0461777 0 0 0 0
23.67 0 0.045676 0 0 0 0
23.68 0 0.0451852 0 0 0 0
23.69 0 0.0447049 0 0 0 0
23.7 0 0.0442345 0 0 0 0
23.71 0 0.0437733 0 0 0 0
23.72 0 0.0433204 0 0 0 0
23.73 0 0.0428747 0 0 0 0
23.74 0 0.0424352 0 0 0 0
23.75 0 0.0420005 0 0 0 0
23.76 0 0.0415694 0 0 0 0
23.77 0 0.0411409 0 0 0 0
23.78 0 0.0407137 0 0 0 0
23.79 0 0.0402868 0 0 0 0
23.8 0 0.039859 0 0 0 0
23.81 0 0.0394294 0 0 0 0
23.82 0 0.0389969 0 0 0 0
23.83 0 0.0385606 0 0 0 0
23.84 0 0.0381197 0 0 0 0
23.85 0 0.0376733 0 0 0 0
23.86 0 0.0372205 0 0 0 0
23.87 0 0.0367608 0 0 0 0
23.88 0 0.0362934 0 0 0 0
23.89 0 0.035818 0 0 0 0
23.9 0 0.0353342 0 0 0 0
23.91 0 0.0348424 0 0 0 0
23.92 0 0.0343427 0 0 0 0
23.93 0 0.0338358 0 0 0 0
23.94 0 0.0333222 0 0 0 0
23.95 0 0.032803 0 0 0 0
23.96 0 0.032279 0 0 0 0
23.97 0 0.0317514 0 0 0 0
23.98 0 0.0312212 0 0 0 0
23.99 0 0.0306898 0 0 0 0
24 0 0.0301583 0 0 0 0
24.01 0 0.0296282 0 0 0 0
24.02 0 0.0290322 0 0 0 0
24.03 0 0.0284467 0 0 0 0
24.04 0 0.0278679 0 0 0 0
24.05 0 0.0272954 0 0 0 0
24.06 0 0.0267295 0 0 0 0
24.07 0 0.0261703 0 0 0 0
24.08 0 0.0256181 0 0 0 0
24.09 0 0.0250734 0 0 0 0
24.1 0 0.0245363 0 0 0 0
24.11 0 0.0240069 0 0 0 0
24.12 0 0.023485 0 0 0 0
24.13 0 0.0229706 0 0 0 0
24.14 0 0.0224633 0 0 0 0
24.15 0 0.0219622 0 0 0 0
24.16 0 0.0214668 0 0 0 0
24.17 0 0.0209762 0 0 0 0
24.18 0 0.0204894 0 0 0 0
24.19 0 0.0200054 0 0 0 0
24.2 0 0.0195232 0 0 0 0
24.21 0 0.0190416 0 0 0 0
24.22 0 0.0185598 0 0 0 0
24.23 0 0.0180763 0 0 0 0
24.24 0 0.0175902 0 0 0 0
24.25 0 0.0171005 0 0 0 0
24.26 0 0.0166065 0 0 0 0
24.27 0 0.0161075 0 0 0 0
24.28 0 0.015603 0 0 0 0
24.29 0 0.0150928 0 0 0 0
24.3 0 0.0145769 0 0 0 0
24.31 0 0.0140554 0 0 0 0
24.32 0 0.0135284 0 0 0 0
24.33 0 0.0129965 0 0 0 0
24.34 0 0.0124601 0 0 0 0
24.35 0 0.0119197 0 0 0 0
24.36 0 0.011376 0 0 0 0
24.37 0 0.01083 0 0 0 0
24.38 0 0.0102826 0 0 0 0
24.39 0 0.00973488 0 0 0 0
24.4 0 0.00918765 0 0 0 0
24.41 0 0.00864219 0 0 0 0
24.42 0 0.00809954 0 0 0 0
24.43 0 0.00756077 0 0 0 0
24.44 0 0.00702678 0 0 0 0
24.45 0 0.00649849 0 0 0 0
24.46 0 0.00597659 0 0 0 0
24.47 0 0.00546189 0 0 0 0
24.48 0 0.0049545 0 0 0 0
24.49 0 0.00445493 0 0 0 0
24.5 0 0.00396327 0 0 0 0
24.51 0 0.0034795 0 0 0 0
24.52 0 0.00307712 0 0 0 0
24.53 0 0.00267438 0 0 0 0
24.54 0 0.00227567 0 0 0 0
24.55 0 0.00188172 0 0 0 0
24.56 0 0.00149232 0 0 0 0
24.57 0 0.00110651 0 0 0 0
24.58 0 0.000723468 0 0 0 0
24.59 0 0.000342262 0 0 0 0
24.6 0 -3.81653e-05 0 0 0 0
24.61 0 -0.000418797 0 0 0 0
24.62 0 -0.000800641 0 0 0 0
24.63 0 -0.00118464 0 0 0 0
24.64 0 -0.00157164 0 0 0 0
24.65 0 -0.00196283 0 0 0 0
24.66 0 -0.00235898 0 0 0 0
24.67 0 -0.00276085 0 0 0 0
24.68 0 -0.00316905 0 0 0 0
24.69 0 -0.00358399 0 0 0 0
24.7 0 -0.00400601 0 0 0 0
24.71 0 -0.00443522 0 0 0 0
24.72 0 -0.00487148 0 0 0 0
24.73 0 -0.00531494 0 0 0 0
24.74 0 -0.00576524 0 0 0 0
24.75 0 -0.00622195 0 0 0 0
24.76 0 -0.00668461 0 0 0 0
24.77 0 -0.00715259 0 0 0 0
24.78 0 -0.00762526 0 0 0 0
24.79 0 -0.00810185 0 0 0 0
24.8 0 -0.0085816 0 0 0 0
24.81 0 -0.00906356 0 0 0 0
24.82 0 -0.00954718 0 0 0 0
24.83 0 -0.0100315 0 0 0 0
24.84 0 -0.0105157 0 0 0 0
24.85 0 -0.0109991 0 0 0 0
24.86 0 -0.011481 0 0 0 0
24.87 0 -0.0119609 0 0 0 0
24.88 0 -0.0124383 0 0 0 0
24.89 0 -0.0129125 0 0 0 0
24.9 0 -0.0133838 0 0 0 0
24.91 0 -0.0138516 0 0 0 0
24.92 0 -0.0143159 0 0 0 0
24.93 0 -0.0147766 0 0 0 0
24.94 0 -0.0152337 0 0 0 0
24.95 0 -0.0156873 0 0 0 0
24.96 0 -0.0161377 0 0 0 0
24.97 0 -0.0165851 0 0 0 0
24.98 0 -0.0170302 0 0 0 0
24.99 0 -0.0174731 0 0 0 0
25 0 -0.0179144 0 0 0 0
25.01 0 -0.0183543 0 0 0 0
25.02 0 -0.0186312 0 0 0 0
25.03 0 -0.0189243 0 0 0 0
25.04 0 -0.0192232 0 0 0 0
25.05 0 -0.0195251 0 0 0 0
25.06 0 -0.019829 0 0 0 0
25.07 0 -0.0201351 0 0 0 0
25.08 0 -0.0204431 0 0 0 0
25.09 0 -0.0207535 0 0 0 0
25.1 0 -0.0210665 0 0 0 0
25.11 0 -0.0213825 0 0 0 0
25.12 0 -0.0217019 0 0 0 0
25.13 0 -0.0220251 0 0 0 0
25.14 0 -0.0223524 0 0 0 0
25.15 0 -0.0226846 0 0 0 0
25.16 0 -0.0230219 0 0 0 0
25.17 0 -0.0233647 0 0 0 0
25.18 0 -0.0237136 0 0 0 0
25.19 0 -0.0240687 0 0 0 0
25.2 0 -0.0244304 0 0 0 0
25.21 0 -0.0247989 0 0 0 0
25.22 0 -0.0251742 0 0 0 0
25.23 0 -0.0255565 0 0 0 0
25.24 0 -0.0259457 0 0 0 0
25.25 0 -0.0263416 0 0 0 0
25.26 0 -0.0267441 0 0 0 0
25.27 0 -0.0271528 0 0 0 0
25.28 0 -0.0275675 0 0 0 0
25.29 0 -0.0279878 0 0 0 0
25.3 0 -0.0284131 0 0 0 0
25.31 0 -0.0288429 0 0 0 0
25.32 0 -0.0292766 0 0 0 0
25.33 0 -0.0297137 0 0 0 0
25.34 0 -0.0301535 0 0 0 0
25.35 0 -0.0305952 0 0 0 0
25.36 0 -0.0310384 0 0 0 0
25.37 0 -0.0314824 0 0 0 0
25.38 0 -0.0319268 0 0 0 0
25.39 0 -0.0323708 0 0 0 0
25.4 0 -0.0328143 0 0 0 0
25.41 0 -0.0332568 0 0 0 0
25.42 0 -0.0336981 0 0 0 0
25.43 0 -0.0341379 0 0 0 0
25.44 0 -0.0345761 0 0 0 0
25.45 0 -0.0350125 0 0 0 0
25.46 0 -0.035447 0 0 0 0
25.47 0 -0.0358795 0 0 0 0
25.48 0 -0.0363103 0 0 0 0
25.49 0 -0.0367391 0 0 0 0
25.5 0 -0.0371661 0 0 0 0
25.51 0 -0.0375912 0 0 0 0
25.52 0 -0.0378365 0 0 0 0
25.53 0 -0.0380983 0 0 0 0
25.54 0 -0.0383645 0 0 0 0
25.55 0 -0.0386317 0 0 0 0
25.56 0 -0.0388981 0 0 0 0
25.57 0 -0.0391633 0 0 0 0
25.58 0 -0.0394265 0 0 0 0
25.59 0 -0.0396874 0 0 0 0
25.6 0 -0.0399458 0 0 0 0
25.61 0 -0.0402012 0 0 0 0
25.62 0 -0.0404534 0 0 0 0
25.63 0 -0.040702 0 0 0 0
25.64 0 -0.0409467 0 0 0 0
25.65 0 -0.0411875 0 0 0 0
25.66 0 -0.0414239 0 0 0 0
25.67 0 -0.0416558 0 0 0 0
25.68 0 -0.0418831 0 0 0 0
25.69 0 -0.0421055 0 0 0 0
25.7 0 -0.042323 0 0 0 0
25.71 0 -0.0425356 0 0 0 0
25.72 0 -0.0427434 0 0 0 0
25.73 0 -0.0429466 0 0 0 0
25.74 0 -0.0431455 0 0 0 0
25.75 0 -0.0433406 0 0 0 0
25.76 0 -0.0435323 0 0 0 0
25.77 0 -0.0437212 0 0 0 0
25.78 0 -0.0439081 0 0 0 0
25.79 0 -0.0440936 0 0 0 0
25.8 0 -0.0442788 0 0 0 0
25.81 0 -0.0444643 0 0 0 0
25.82 0 -0.0446512 0 0 0 0
25.83 0 -0.0448403 0 0 0 0
25.84 0 -0.0450324 0 0 0 0
25.85 0 -0.0452284 0 0 0 0
25.86 0 -0.045429 0 0 0 0
25.87 0 -0.0456349 0 0 0 0
25.88 0 -0.0458469 0 0 0 0
25.89 0 -0.0460652 0 0 0 0
25.9 0 -0.0462908 0 0 0 0
25.91 0 -0.0465238 0 0 0 0
25.92 0 -0.0467645 0 0 0 0
25.93 0 -0.0470129 0 0 0 0
25.94 0 -0.0472691 0 0 0 0
25.95 0 -0.0475328 0 0 0 0
25.96 0 -0.0478037 0 0 0 0
25.97 0 -0.0480813 0 0 0 0
25.98 0 -0.0483652 0 0 0 0
25.99 0 -0.0486544 0 0 0 0
26 0 -0.0489482 0 0 0 0
26.01 0 -0.0492456 0 0 0 0
26.02 0 -0.0494047 0 0 0 0
26.03 0 -0.0495799 0 0 0 0
26.04 0 -0.0497603 0 0 0 0
26.05 0 -0.0499423 0 0 0 0
26.06 0 -0.0501234 0 0 0 0
26.07 0 -0.050302 0 0 0 0
26.08 0 -0.0504767 0 0 0 0
26.09 0 -0.0506463 0 0 0 0
26.1 0 -0.0508095 0 0 0 0
26.11 0 -0.0509656 0 0 0 0
26.12 0 -0.0511138 0 0 0 0
26.13 0 -0.0512536 0 0 0 0
26.14 0 -0.0513844 0 0 0 0
26.15 0 -0.0515063 0 0 0 0
26.16 0 -0.0516192 0 0 0 0
26.17 0 -0.0517233 0 0 0 0
26.18 0 -0.0518189 0 0 0 0
26.19 0 -0.0519065 0 0 0 0
26.2 0 -0.0519867 0 0 0 0
26.21 0 -0.0520602 0 0 0 0
26.22 0 -0.0521279 0 0 0 0
26.23 0 -0.0521907 0 0 0 0
26.24 0 -0.0522496 0 0 0 0
26.25 0 -0.0523058 0 0 0 0
26.26 0 -0.0523603 0 0 0 0
26.27 0 -0.0524143 0 0 0 0
26.28 0 -0.052469 0 0 0 0
26.29 0 -0.0525255 0 0 0 0
26.3 0 -0.0525848 0 0 0 0
26.31 0 -0.0526479 0 0 0 0
26.32 0 -0.0527157 0 0 0 0
26.33 0 -0.0527892 0 0 0 0
26.34 0 -0.0528689 0 0 0 0
26.35 0 -0.0529554 0 0 0 0
26.36 0 -0.0530492 0 0 0 0
26.37 0 -0.0531507 0 0 0 0
26.38 0 -0.0532599 0 0 0 0
26.39 0 -0.0533769 0 0 0 0
26.4 0 -0.0535018 0 0 0 0
26.41 0 -0.0536342 0 0 0 0
26.42 0 -0.0537739 0 0 0 0
26.43 0 -0.0539204 0 0 0 0
26.44 0 -0.0540731 0 0 0 0
26.45 0 -0.0542314 0 0 0 0
26.46 0 -0.0543946 0 0 0 0
26.47 0 -0.0545618 0 0 0 0
26.48 0 -0.0547324 0 0 0 0
26.49 0 -0.0549052 0 0 0 0
26.5 0 -0.0550794 0 0 0 0
26.51 0 -0.0552542 0 0 0 0
26.52 0 -0.0553247 0 0 0 0
26.53 0 -0.0554047 0 0 0 0
26.54 0 -0.0554866 0 0 0 0
26.55 0 -0.0555676 0 0 0 0
26.56 0 -0.0556462 0 0 0 0
26.57 0 -0.0557217 0 0 0 0
26.58 0 -0.0557933 0 0 0 0
26.59 0 -0.0558607 0 0 0 0
26.6 0 -0.0559237 0 0 0 0
26.61 0 -0.0559821 0 0 0 0
26.62 0 -0.056036 0 0 0 0
26.63 0 -0.0560856 0 0 0 0
26.64 0 -0.0561311 0 0 0 0
26.65 0 -0.0561731 0 0 0 0
26.66 0 -0.056212 0 0 0 0
26.67 0 -0.0562485 0 0 0 0
26.68 0 -0.0562832 0 0 0 0
26.69 0 -0.0563168 0 0 0 0
26.7 0 -0.05635 0 0 0 0
26.71 0 -0.0563835 0 0 0 0
26.72 0 -0.0564182 0 0 0 0
26.73 0 -0.0564549 0 0 0 0
26.74 0 -0.0564942 0 0 0 0
26.75 0 -0.0565368 0 0 0 0
26.76 0 -0.0565834 0 0 0 0
26.77 0 -0.0566346 0 0 0 0
26.78 0 -0.0566907 0 0 0 0
26.79 0 -0.0567523 0 0 0 0
26.8 0 -0.0568194 0 0 0 0
26.81 0 -0.0568922 0 0 0 0
26.82 0 -0.0569708 0 0 0 0
26.83 0 -0.0570549 0 0 0 0
26.84 0 -0.0571444 0 0 0 0
26.85 0 -0.0572388 0 0 0 0
26.86 0 -0.0573377 0 0 0 0
26.87 0 -0.0574405 0 0 0 0
26.88 0 -0.0575466 0 0 0 0
26.89 0 -0.0576553 0 0 0 0
26.9 0 -0.0577658 0 0 0 0
26.91 0 -0.0578774 0 0 0 0
26.92 0 -0.0579892 0 0 0 0
26.93 0 -0.0581003 0 0 0 0
26.94 0 -0.0582102 0 0 0 0
26.95 0 -0.0583179 0 0 0 0
26.96 0 -0.0584229 0 0 0 0
26.97 0 -0.0585243 0 0 0 0
26.98 0 -0.0586218 0 0 0 0
26.99 0 -0.0587147 0 0 0 0
27 0 -0.0588028 0 0 0 0
27.01 0 -0.0588856 0 0 0 0
27.02 0 -0.0588591 0 0 0 0
27.03 0 -0.058838 0 0 0 0
27.04 0 -0.0588152 0 0 0 0
27.05 0 -0.058789 0 0 0 0
27.06 0 -0.0587587 0 0 0 0
27.07 0 -0.0587243 0 0 0 0
27.08 0 -0.0586861 0 0 0 0
27.09 0 -0.0586445 0 0 0 0
27.1 0 -0.0586 0 0 0 0
27.11 0 -0.0585531 0 0 0 0
27.12 0 -0.0585046 0 0 0 0
27.13 0 -0.0584551 0 0 0 0
27.14 0 -0.0584052 0 0 0 0
27.15 0 -0.0583557 0 0 0 0
27.16 0 -0.0583072 0 0 0 0
27.17 0 -0.0582604 0 0 0 0
27.18 0 -0.0582157 0 0 0 0
27.19 0 -0.0581737 0 0 0 0
27.2 0 -0.0581348 0 0 0 0
27.21 0 -0.0580992 0 0 0 0
27.22 0 -0.0580673 0 0 0 0
27.23 0 -0.0580392 0 0 0 0
27.24 0 -0.0580149 0 0 0 0
27.25 0 -0.0579946 0 0 0 0
27.26 0 -0.057978 0 0 0 0
27.27 0 -0.0579651 0 0 0 0
27.28 0 -0.0579559 0 0 0 0
27.29 0 -0.0579506 0 0 0 0
27.3 0 -0.0579496 0 0 0 0
27.31 0 -0.0579528 0 0 0 0
27.32 0 -0.0579601 0 0 0 0
27.33 0 -0.0579711 0 0 0 0
27.34 0 -0.0579859 0 0 0 0
27.35 0 -0.0580045 0 0 0 0
27.36 0 -0.0580263 0 0 0 0
27.37 0 -0.0580506 0 0 0 0
27.38 0 -0.0580764 0 0 0 0
27.39 0 -0.0581027 0 0 0 0
27.4 0 -0.0581286 0 0 0 0
27.41 0 -0.0581529 0 0 0 0
27.42 0 -0.0581746 0 0 0 0
27.43 0 -0.0581929 0 0 0 0
27.44 0 -0.058207 0 0 0 0
27.45 0 -0.0582166 0 0 0 0
27.46 0 -0.0582217 0 0 0 0
27.47 0 -0.0582225 0 0 0 0
27.48 0 -0.0582187 0 0 0 0
27.49 0 -0.0582107 0 0 0 0
27.5 0 -0.0581993 0 0 0 0
27.51 0 -0.0581854 0 0 0 0
27.52 0 -0.0580367 0 0 0 0
27.53 0 -0.0579009 0 0 0 0
27.54 0 -0.0577694 0 0 0 0
27.55 0 -0.0576401 0 0 0 0
27.56 0 -0.057512 0 0 0 0
27.57 0 -0.057385 0 0 0 0
27.58 0 -0.0572588 0 0 0 0
27.59 0 -0.0571333 0 0 0 0
27.6 0 -0.0570084 0 0 0 0
27.61 0 -0.056884 0 0 0 0
27.62 0 -0.0567598 0 0 0 0
27.63 0 -0.0566355 0 0 0 0
27.64 0 -0.056511 0 0 0 0
27.65 0 -0.0563861 0 0 0 0
27.66 0 -0.0562606 0 0 0 0
27.67 0 -0.0561346 0 0 0 0
27.68 0 -0.056008 0 0 0 0
27.69 0 -0.0558807 0 0 0 0
27.7 0 -0.0557523 0 0 0 0
27.71 0 -0.0556224 0 0 0 0
27.72 0 -0.0554905 0 0 0 0
27.73 0 -0.0553561 0 0 0 0
27.74 0 -0.0552188 0 0 0 0
27.75 0 -0.055078 0 0 0 0
27.76 0 -0.0549335 0 0 0 0
27.77 0 -0.0547847 0 0 0 0
27.78 0 -0.0546316 0 0 0 0
27.79 0 -0.0544737 0 0 0 0
27.8 0 -0.0543106 0 0 0 0
27.81 0 -0.0541422 0 0 0 0
27.82 0 -0.0539683 0 0 0 0
27.83 0 -0.0537894 0 0 0 0
27.84 0 -0.0536061 0 0 0 0
27.85 0 -0.0534189 0 0 0 0
27.86 0 -0.0532281 0 0 0 0
27.87 0 -0.0530342 0 0 0 0
27.88 0 -0.0528378 0 0 0 0
27.89 0 -0.05264 0 0 0 0
27.9 0 -0.0524417 0 0 0 0
27.91 0 -0.0522441 0 0 0 0
27.92 0 -0.0520481 0 0 0 0
27.93 0 -0.0518546 0 0 0 0
27.94 0 -0.0516644 0 0 0 0
27.95 0 -0.0514782 0 0 0 0
27.96 0 -0.0512964 0 0 0 0
27.97 0 -0.0511197 0 0 0 0
27.98 0 -0.0509482 0 0 0 0
27.99 0 -0.0507825 0 0 0 0
28 0 -0.0506227 0 0 0 0
28.01 0 -0.0504695 0 0 0 0
28.02 0 -0.050164 0 0 0 0
28.03 0 -0.0498824 0 0 0 0
28.04 0 -0.0496139 0 0 0 0
28.05 0 -0.0493556 0 0 0 0
28.06 0 -0.0491059 0 0 0 0
28.07 0 -0.0488641 0 0 0 0
28.08 0 -0.0486299 0 0 0 0
28.09 0 -0.0484029 0 0 0 0
28.1 0 -0.0481823 0 0 0 0
28.11 0 -0.0479672 0 0 0 0
28.12 0 -0.0477567 0 0 0 0
28.13 0 -0.0475498 0 0 0 0
28.14 0 -0.0473455 0 0 0 0
28.15 0 -0.0471426 0 0 0 0
28.16 0 -0.04694 0 0 0 0
28.17 0 -0.0467369 0 0 0 0
28.18 0 -0.0465323 0 0 0 0
28.19 0 -0.0463257 0 0 0 0
28.2 0 -0.0461162 0 0 0 0
28.21 0 -0.0459029 0 0 0 0
28.22 0 -0.0456854 0 0 0 0
28.23 0 -0.0454629 0 0 0 0
28.24 0 -0.0452352 0 0 0 0
28.25 0 -0.0450021 0 0 0 0
28.26 0 -0.0447633 0 0 0 0
28.27 0 -0.0445192 0 0 0 0
28.28 0 -0.0442702 0 0 0 0
28.29 0 -0.0440169 0 0 0 0
28.3 0 -0.0437604 0 0 0 0
28.31 0 -0.0435012 0 0 0 0
28.32 0 -0.0432401 0 0 0 0
28.33 0 -0.0429779 0 0 0 0
28.34 0 -0.0427156 0 0 0 0
28.35 0 -0.0424542 0 0 0 0
28.36 0 -0.0421949 0 0 0 0
28.37 0 -0.0419385 0 0 0 0
28.38 0 -0.0416861 0 0 0 0
28.39 0 -0.0414387 0 0 0 0
28.4 0 -0.0411968 0 0 0 0
28.41 0 -0.0409611 0 0 0 0
28.42 0 -0.040732 0 0 0 0
28.43 0 -0.0405097 0 0 0 0
28.44 0 -0.0402946 0 0 0 0
28.45 0 -0.0400866 0 0 0 0
28.46 0 -0.0398857 0 0 0 0
28.47 0 -0.039692 0 0 0 0
28.48 0 -0.0395053 0 0 0 0
28.49 0 -0.0393257 0 0 0 0
28.5 0 -0.0391526 0 0 0 0
28.51 0 -0.0389856 0 0 0 0
28.52 0 -0.0386655 0 0 0 0
28.53 0 -0.0383666 0 0 0 0
28.54 0 -0.0380774 0 0 0 0
28.55 0 -0.0377943 0 0 0 0
28.56 0 -0.0375155 0 0 0 0
28.57 0 -0.0372397 0 0 0 0
28.58 0 -0.0369661 0 0 0 0
28.59 0 -0.0366939 0 0 0 0
28.6 0 -0.0364224 0 0 0 0
28.61 0 -0.036151 0 0 0 0
28.62 0 -0.035879 0 0 0 0
28.63 0 -0.0356059 0 0 0 0
28.64 0 -0.0353315 0 0 0 0
28.65 0 -0.0350556 0 0 0 0
28.66 0 -0.0347784 0 0 0 0
28.67 0 -0.0344998 0 0 0 0
28.68 0 -0.0342199 0 0 0 0
28.69 0 -0.0339388 0 0 0 0
28.7 0 -0.0336565 0 0 0 0
28.71 0 -0.0333733 0 0 0 0
28.72 0 -0.0330895 0 0 0 0
28.73 0 -0.0328051 0 0 0 0
28.74 0 -0.0325205 0 0 0 0
28.75 0 -0.0322363 0 0 0 0
28.76 0 -0.0319528 0 0 0 0
28.77 0 -0.0316708 0 0 0 0
28.78 0 -0.0313908 0 0 0 0
28.79 0 -0.0311131 0 0 0 0
28.8 0 -0.0308384 0 0 0 0
28.81 0 -0.0305669 0 0 0 0
28.82 0 -0.030299 0 0 0 0
28.83 0 -0.0300349 0 0 0 0
28.84 0 -0.0297749 0 0 0 0
28.85 0 -0.0295193 0 0 0 0
28.86 0 -0.0292682 0 0 0 0
28.87 0 -0.0290215 0 0 0 0
28.88 0 -0.0287789 0 0 0 0
28.89 0 -0.0285402 0 0 0 0
28.9 0 -0.0283049 0 0 0 0
28.91 0 -0.0280726 0 0 0 0
28.92 0 -0.0278426 0 0 0 0
28.93 0 -0.0276144 0 0 0 0
28.94 0 -0.0273875 0 0 0 0
28.95 0 -0.0271611 0 0 0 0
28.96 0 -0.0269351 0 0 0 0
28.97 0 -0.0267089 0 0 0 0
28.98 0 -0.0264819 0 0 0 0
28.99 0 -0.0262535 0 0 0 0
29 0 -0.0260231 0 0 0 0
29.01 0 -0.0257901 0 0 0 0
29.02 0 -0.0254337 0 0 0 0
29.03 0 -0.025086 0 0 0 0
29.04 0 -0.0247384 0 0 0 0
29.05 0 -0.0243883 0 0 0 0
29.06 0 -0.0240344 0 0 0 0
29.07 0 -0.0236759 0 0 0 0
29.08 0 -0.0233125 0 0 0 0
29.09 0 -0.0229443 0 0 0 0
29.1 0 -0.0225713 0 0 0 0
29.11 0 -0.0221936 0 0 0 0
29.12 0 -0.0218115 0 0 0 0
29.13 0 -0.0214254 0 0 0 0
29.14 0 -0.0210357 0 0 0 0
29.15 0 -0.020643 0 0 0 0
29.16 0 -0.020248 0 0 0 0
29.17 0 -0.0198516 0 0 0 0
29.18 0 -0.0194543 0 0 0 0
29.19 0 -0.0190569 0 0 0 0
29.2 0 -0.0186598 0 0 0 0
29.21 0 -0.0182637 0 0 0 0
29.22 0 -0.0178691 0 0 0 0
29.23 0 -0.0174763 0 0 0 0
29.24 0 -0.0170858 0 0 0 0
29.25 0 -0.016698 0 0 0 0
29.26 0 -0.0163133 0 0 0 0
29.27 0 -0.0159323 0 0 0 0
29.28 0 -0.0155551 0 0 0 0
29.29 0 -0.0151819 0 0 0 0
29.3 0 -0.0148127 0 0 0 0
29.31 0 -0.0144475 0 0 0 0
29.32 0 -0.0140859 0 0 0 0
29.33 0 -0.0137281 0 0 0 0
29.34 0 -0.0133737 0 0 0 0
29.35 0 -0.0130226 0 0 0 0
29.36 0 -0.0126743 0 0 0 0
29.37 0 -0.0123283 0 0 0 0
29.38 0 -0.0119841 0 0 0 0
29.39 0 -0.0116412 0 0 0 0
29.4 0 -0.0112988 0 0 0 0
29.41 0 -0.0109563 0 0 0 0
29.42 0 -0.0106132 0 0 0 0
29.43 0 -0.0102685 0 0 0 0
29.44 0 -0.00992169 0 0 0 0
29.45 0 -0.00957202 0 0 0 0
29.46 0 -0.00921884 0 0 0 0
29.47 0 -0.00886167 0 0 0 0
29.48 0 -0.0084997 0 0 0 0
29.49 0 -0.00813263 0 0 0 0
29.5 0 -0.00776016 0 0 0 0
29.51 0 -0.0073822 0 0 0 0
29.52 0 -0.00696191 0 0 0 0
29.53 0 -0.00654028 0 0 0 0
29.54 0 -0.00611497 0 0 0 0
29.55 0 -0.00568546 0 0 0 0
29.56 0 -0.00525181 0 0 0 0
29.57 0 -0.00481391 0 0 0 0
29.58 0 -0.00437218 0 0 0 0
29.59 0 -0.00392692 0 0 0 0
29.6 0 -0.00347852 0 0 0 0
29.61 0 -0.00302741 0 0 0 0
29.62 0 -0.00257402 0 0 0 0
29.63 0 -0.00211884 0 0 0 0
29.64 0 -0.0016625 0 0 0 0
29.65 0 -0.00120525 0 0 0 0
29.66 0 -0.000747777 0 0 0 0
29.67 0 -0.000290573 0 0 0 0
29.68 0 0.000165779 0 0 0 0
29.69 0 0.000620733 0 0 0 0
29.7 0 0.00107373 0 0 0 0
29.71 0 0.0015243 0 0 0 0
29.72 0 0.00197183 0 0 0 0
29.73 0 0.00241612 0 0 0 0
29.74 0 0.00285658 0 0 0 0
29.75 0 0.00329297 0 0 0 0
29.76 0 0.00372514 0 0 0 0
29.77 0 0.00415307 0 0 0 0
29.78 0 0.00457683 0 0 0 0
29.79 0 0.00499664 0 0 0 0
29.8 0 0.00541279 0 0 0 0
29.81 0 0.00582555 0 0 0 0
29.82 0 0.00623571 0 0 0 0
29.83 0 0.00664368 0 0 0 0
29.84 0 0.0070501 0 0 0 0
29.85 0 0.00745571 0 0 0 0
29.86 0 0.00786117 0 0 0 0
29.87 0 0.00826716 0 0 0 0
29.88 0 0.00867431 0 0 0 0
29.89 0 0.00908305 0 0 0 0
29.9 0 0.00949408 0 0 0 0
29.91 0 0.00990757 0 0 0 0
29.92 0 0.0103237 0 0 0 0
29.93 0 0.0107427 0 0 0 0
29.94 0 0.0111644 0 0 0 0
29.95 0 0.0115891 0 0 0 0
29.96 0 0.0120165 0 0 0 0
29.97 0 0.0124464 0 0 0 0
29.98 0 0.012879 0 0 0 0
29.99 0 0.0133138 0 0 0 0
30 0 0.0137507 0 0 0 0
30.01 0 0.0141893 0 0 0 0
30.02 0 0.0145401 0 0 0 0
30.03 0 0.0149011 0 0 0 0
30.04 0 0.0152658 0 0 0 0
30.05 0 0.0156321 0 0 0 0
30.06 0 0.0159986 0 0 0 0
30.07 0 0.0163647 0 0 0 0
30.08 0 0.0167293 0 0 0 0
30.09 0 0.0170918 0 0 0 0
30.1 0 0.0174514 0 0 0 0
30.11 0 0.0178075 0 0 0 0
30.12 0 0.0181595 0 0 0 0
30.13 0 0.018507 0 0 0 0
30.14 0 0.0188493 0 0 0 0
30.15 0 0.0191865 0 0 0 0
30.16 0 0.019518 0 0 0 0
30.17 0 0.0198438 0 0 0 0
30.18 0 0.0201639 0 0 0 0
30.19 0 0.0204782 0 0 0 0
30.2 0 0.0207869 0 0 0 0
30.21 0 0.0210902 0 0 0 0
30.22 0 0.0213883 0 0 0 0
30.23 0 0.0216818 0 0 0 0
30.24 0 0.021971 0 0 0 0
30.25 0 0.0222567 0 0 0 0
30.26 0 0.0225392 0 0 0 0
30.27 0 0.0228194 0 0 0 0
30.28 0 0.0230978 0 0 0 0
30.29 0 0.0233751 0 0 0 0
30.3 0 0.0236519 0 0 0 0
30.31 0 0.0239289 0 0 0 0
30.32 0 0.0242071 0 0 0 0
30.33 0 0.0244869 0 0 0 0
30.34 0 0.0247692 0 0 0 0
30.35 0 0.0250545 0 0 0 0
30.36 0 0.0253432 0 0 0 0
30.37 0 0.025636 0 0 0 0
30.38 0 0.0259331 0 0 0 0
30.39 0 0.0262346 0 0 0 0
30.4 0 0.0265408 0 0 0 0
30.41 0 0.0268516 0 0 0 0
30.42 0 0.0271669 0 0 0 0
30.43 0 0.0274864 0 0 0 0
30.44 0 0.0278101 0 0 0 0
30.45 0 0.0281374 0 0 0 0
30.46 0 0.0284681 0 0 0 0
30.47 0 0.0288015 0 0 0 0
30.48 0 0.0291374 0 0 0 0
30.49 0 0.0294752 0 0 0 0
30.5 0 0.0298141 0 0 0 0
30.51 0 0.0301537 0 0 0 0
30.52 0 0.030263 0 0 0 0
30.53 0 0.0303958 0 0 0 0
30.54 0 0.030536 0 0 0 0
30.55 0 0.0306789 0 0 0 0
30.56 0 0.0308222 0 0 0 0
30.57 0 0.0309648 0 0 0 0
30.58 0 0.0311059 0 0 0 0
30.59 0 0.0312453 0 0 0 0
30.6 0 0.0313826 0 0 0 0
30.61 0 0.0315178 0 0 0 0
30.62 0 0.0316507 0 0 0 0
30.63 0 0.0317817 0 0 0 0
30.64 0 0.0319107 0 0 0 0
30.65 0 0.0320383 0 0 0 0
30.66 0 0.0321647 0 0 0 0
30.67 0 0.0322905 0 0 0 0
30.68 0 0.032416 0 0 0 0
30.69 0 0.0325416 0 0 0 0
30.7 0 0.032668 0 0 0 0
30.71 0 0.0327955 0 0 0 0
30.72 0 0.0329247 0 0 0 0
30.73 0 0.0330563 0 0 0 0
30.74 0 0.0331907 0 0 0 0
30.75 0 0.0333287 0 0 0 0
30.76 0 0.0334706 0 0 0 0
30.77 0 0.0336171 0 0 0 0
30.78 0 0.0337687 0 0 0 0
30.79 0 0.0339258 0 0 0 0
30.8 0 0.0340889 0 0 0 0
30.81 0 0.0342581 0 0 0 0
30.82 0 0.0344339 0 0 0 0
30.83 0 0.0346164 0 0 0 0
30.84 0 0.0348056 0 0 0 0
30.85 0 0.0350015 0 0 0 0
30.86 0 0.035204 0 0 0 0
30.87 0 0.0354131 0 0 0 0
30.88 0 0.0356283 0 0 0 0
30.89 0 0.0358494 0 0 0 0
30.9 0 0.0360761 0 0 0 0
30.91 0 0.036308 0 0 0 0
30.92 0 0.0365446 0 0 0 0
30.93 0 0.0367851 0 0 0 0
30.94 0 0.0370288 0 0 0 0
30.95 0 0.037275 0 0 0 0
30.96 0 0.0375229 0 0 0 0
30.97 0 0.037772 0 0 0 0
30.98 0 0.0380217 0 0 0 0
30.99 0 0.0382715 0 0 0 0
31 0 0.0385209 0 0 0 0
31.01 0 0.0387697 0 0 0 0
31.02 0 0.038674 0 0 0 0
31.03 0 0.038613 0 0 0 0
31.04 0 0.0385633 0 0 0 0
31.05 0 0.0385189 0 0 0 0
31.06 0 0.038477 0 0 0 0
31.07 0 0.0384369 0 0 0 0
31.08 0 0.0383983 0 0 0 0
31.09 0 0.0383615 0 0 0 0
31.1 0 0.0383266 0 0 0 0
31.11 0 0.0382942 0 0 0 0
31.12 0 0.0382644 0 0 0 0
31.13 0 0.0382379 0 0 0 0
31.14 0 0.0382152 0 0 0 0
31.15 0 0.0381971 0 0 0 0
31.16 0 0.038184 0 0 0 0
31.17 0 0.0381765 0 0 0 0
31.18 0 0.038175 0 0 0 0
31.19 0 0.0381796 0 0 0 0
31.2 0 0.0381906 0 0 0 0
31.21 0 0.0382079 0 0 0 0
31.22 0 0.0382314 0 0 0 0
31.23 0 0.038261 0 0 0 0
31.24 0 0.0382965 0 0 0 0
31.25 0 0.0383375 0 0 0 0
31.26 0 0.0383836 0 0 0 0
31.27 0 0.0384342 0 0 0 0
31.28 0 0.0384888 0 0 0 0
31.29 0 0.0385468 0 0 0 0
31.3 0 0.0386074 0 0 0 0
31.31 0 0.0386699 0 0 0 0
31.32 0 0.0387332 0 0 0 0
31.33 0 0.0387963 0 0 0 0
31.34 0 0.0388581 0 0 0 0
31.35 0 0.0389179 0 0 0 0
31.36 0 0.0389747 0 0 0 0
31.37 0 0.0390277 0 0 0 0
31.38 0 0.0390763 0 0 0 0
31.39 0 0.03912 0 0 0 0
31.4 0 0.0391586 0 0 0 0
31.41 0 0.0391919 0 0 0 0
31.42 0 0.0392199 0 0 0 0
31.43 0 0.0392429 0 0 0 0
31.44 0 0.039261 0 0 0 0
31.45 0 0.0392748 0 0 0 0
31.46 0 0.0392845 0 0 0 0
31.47 0 0.0392909 0 0 0 0
31.48 0 0.0392943 0 0 0 0
31.49 0 0.0392952 0 0 0 0
31.5 0 0.0392939 0 0 0 0
31.51 0 0.039291 0 0 0 0
31.52 0 0.0388947 0 0 0 0
31.53 0 0.0385387 0 0 0 0
31.54 0 0.0381969 0 0 0 0
31.55 0 0.0378626 0 0 0 0
31.56 0 0.0375329 0 0 0 0
31.57 0 0.0372067 0 0 0 0
31.58 0 0.0368836 0 0 0 0
31.59 0 0.0365637 0 0 0 0
31.6 0 0.0362469 0 0 0 0
31.61 0 0.0359335 0 0 0 0
31.62 0 0.0356234 0 0 0 0
31.63 0 0.0353166 0 0 0 0
31.64 0 0.0350132 0 0 0 0
31.65 0 0.034713 0 0 0 0
31.66 0 0.034416 0 0 0 0
31.67 0 0.0341218 0 0 0 0
31.68 0 0.0338299 0 0 0 0
31.69 0 0.0335399 0 0 0 0
31.7 0 0.033251 0 0 0 0
31.71 0 0.0329628 0 0 0 0
31.72 0 0.0326747 0 0 0 0
31.73 0 0.0323862 0 0 0 0
31.74 0 0.0320969 0 0 0 0
31.75 0 0.0318065 0 0 0 0
31.76 0 0.0315145 0 0 0 0
31.77 0 0.0312209 0 0 0 0
31.78 0 0.0309252 0 0 0 0
31.79 0 0.0306276 0 0 0 0
31.8 0 0.0303279 0 0 0 0
31.81 0 0.0300261 0 0 0 0
31.82 0 0.0297221 0 0 0 0
31.83 0 0.029416 0 0 0 0
31.84 0 0.0291078 0 0 0 0
31.85 0 0.0287976 0 0 0 0
31.86 0 0.0284851 0 0 0 0
31.87 0 0.0281701 0 0 0 0
31.88 0 0.0278528 0 0 0 0
31.89 0 0.0275333 0 0 0 0
31.9 0 0.0272115 0 0 0 0
31.91 0 0.0268877 0 0 0 0
31.92 0 0.0265621 0 0 0 0
31.93 0 0.0262352 0 0 0 0
31.94 0 0.0259072 0 0 0 0
31.95 0 0.0255785 0 0 0 0
31.96 0 0.0252495 0 0 0 0
31.97 0 0.0249204 0 0 0 0
31.98 0 0.0245912 0 0 0 0
31.99 0 0.0242623 0 0 0 0
32 0 0.0239337 0 0 0 0
32.01 0 0.0236056 0 0 0 0
32.02 0 0.0229227 0 0 0 0
32.03 0 0.022277 0 0 0 0
32.04 0 0.0216448 0 0 0 0
32.05 0 0.0210189 0 0 0 0
32.06 0 0.0203966 0 0 0 0
32.07 0 0.0197764 0 0 0 0
32.08 0 0.0191579 0 0 0 0
32.09 0 0.0185406 0 0 0 0
32.1 0 0.0179245 0 0 0 0
32.11 0 0.0173094 0 0 0 0
32.12 0 0.016695 0 0 0 0
32.13 0 0.0160817 0 0 0 0
32.14 0 0.015469 0 0 0 0
32.15 0 0.0148576 0 0 0 0
32.16 0 0.014247 0 0 0 0
32.17 0 0.0136378 0 0 0 0
32.18 0 0.0130296 0 0 0 0
32.19 0 0.0124221 0 0 0 0
32.2 0 0.0118158 0 0 0 0
32.21 0 0.01121 0 0 0 0
32.22 0 0.0106051 0 0 0 0
32.23 0 0.0100008 0 0 0 0
32.24 0 0.00939764 0 0 0 0
32.25 0 0.00879526 0 0 0 0
32.26 0 0.00819431 0 0 0 0
32.27 0 0.00759455 0 0 0 0
32.28 0 0.00699561 0 0 0 0
32.29 0 0.00639826 0 0 0 0
32.3 0 0.005802 0 0 0 0
32.31 0 0.00520774 0 0 0 0
32.32 0 0.00461504 0 0 0 0
32.33 0 0.00402478 0 0 0 0
32.34 0 0.00343654 0 0 0 0
32.35 0 0.00285124 0 0 0 0
32.36 0 0.00226873 0 0 0 0
32.37 0 0.00168906 0 0 0 0
32.38 0 0.00111308 0 0 0 0
32.39 0 0.000540413 0 0 0 0
32.4 0 -2.81297e-05 0 0 0 0
32.41 0 -0.000592935 0 0 0 0
32.42 0 -0.00115327 0 0 0 0
32.43 0 -0.00170932 0 0 0 0
32.44 0 -0.00226137 0 0 0 0
32.45 0 -0.0028088 0 0 0 0
32.46 0 -0.00335249 0 0 0 0
32.47 0 -0.00389202 0 0 0 0
32.48 0 -0.00442835 0 0 0 0
32.49 0 -0.00496108 0 0 0 0
32.5 0 -0.0054912 0 0 0 0
32.51 0 -0.00601842 0 0 0 0
32.52 0 -0.00676469 0 0 0 0
32.53 0 -0.00748664 0 0 0 0
32.54 0 -0.00819882 0 0 0 0
32.55 0 -0.0089064 0 0 0 0
32.56 0 -0.00961081 0 0 0 0
32.57 0 -0.0103139 0 0 0 0
32.58 0 -0.0110158 0 0 0 0
32.59 0 -0.0117179 0 0 0 0
32.6 0 -0.0124198 0 0 0 0
32.61 0 -0.0131223 0 0 0 0
32.62 0 -0.0138259 0 0 0 0
32.63 0 -0.0145301 0 0 0 0
32.64 0 -0.0152356 0 0 0 0
32.65 0 -0.0159416 0 0 0 0
32.66 0 -0.0166489 0 0 0 0
32.67 0 -0.0173563 0 0 0 0
32.68 0 -0.0180642 0 0 0 0
32.69 0 -0.0187727 0 0 0 0
32.7 0 -0.0194806 0 0 0 0
32.71 0 -0.0201885 0 0 0 0
32.72 0 -0.0208952 0 0 0 0
32.73 0 -0.0216011 0 0 0 0
32.74 0 -0.0223049 0 0 0 0
32.75 0 -0.0230068 0 0 0 0
32.76 0 -0.0237057 0 0 0 0
32.77 0 -0.0244015 0 0 0 0
32.78 0 -0.0250942 0 0 0 0
32.79 0 -0.0257827 0 0 0 0
32.8 0 -0.0264676 0 0 0 0
32.81 0 -0.0271477 0 0 0 0
32.82 0 -0.0278236 0 0 0 0
32.83 0 -0.0284944 0 0 0 0
32.84 0 -0.0291607 0 0 0 0
32.85 0 -0.0298216 0 0 0 0
32.86 0 -0.0304775 0 0 0 0
32.87 0 -0.0311289 0 0 0 0
32.88 0 -0.031775 0 0 0 0
32.89 0 -0.0324169 0 0 0 0
32.9 0 -0.0330542 0 0 0 0
32.91 0 -0.0336878 0 0 0 0
32.92 0 -0.0343176 0 0 0 0
32.93 0 -0.0349445 0 0 0 0
32.94 0 -0.0355693 0 0 0 0
32.95 0 -0.0361918 0 0 0 0
32.96 0 -0.0368132 0 0 0 0
32.97 0 -0.0374334 0 0 0 0
32.98 0 -0.0380535 0 0 0 0
32.99 0 -0.0386733 0 0 0 0
33 0 -0.039294 0 0 0 0
33.01 0 -0.0399153 0 0 0 0
33.02 0 -0.0405404 0 0 0 0
33.03 0 -0.0411673 0 0 0 0
33.04 0 -0.0417955 0 0 0 0
33.05 0 -0.0424262 0 0 0 0
33.06 0 -0.0430586 0 0 0 0
33.07 0 -0.0436936 0 0 0 0
33.08 0 -0.0443306 0 0 0 0
33.09 0 -0.0449701 0 0 0 0
33.1 0 -0.0456114 0 0 0 0
33.11 0 -0.0462548 0 0 0 0
33.12 0 -0.0469007 0 0 0 0
33.13 0 -0.0475481 0 0 0 0
33.14 0 -0.0481977 0 0 0 0
33.15 0 -0.0488484 0 0 0 0
33.16 0 -0.0495007 0 0 0 0
33.17 0 -0.0501533 0 0 0 0
33.18 0 -0.0508064 0 0 0 0
33.19 0 -0.05146 0 0 0 0
33.2 0 -0.052113 0 0 0 0
33.21 0 -0.0527659 0 0 0 0
33.22 0 -0.0534177 0 0 0 0
33.23 0 -0.0540687 0 0 0 0
33.24 0 -0.0547181 0 0 0 0
33.25 0 -0.0553663 0 0 0 0
33.26 0 -0.0560125 0 0 0 0
33.27 0 -0.0566571 0 0 0 0
33.28 0 -0.0573006 0 0 0 0
33.29 0 -0.0579422 0 0 0 0
33.3 0 -0.0585828 0 0 0 0
33.31 0 -0.0592218 0 0 0 0
33.32 0 -0.0598602 0 0 0 0
33.33 0 -0.0604974 0 0 0 0
33.34 0 -0.0611345 0 0 0 0
33.35 0 -0.0617709 0 0 0 0
33.36 0 -0.0624075 0 0 0 0
33.37 0 -0.0630448 0 0 0 0
33.38 0 -0.0636825 0 0 0 0
33.39 0 -0.0643216 0 0 0 0
33.4 0 -0.0649618 0 0 0 0
33.41 0 -0.065604 0 0 0 0
33.42 0 -0.0662478 0 0 0 0
33.43 0 -0.066894 0 0 0 0
33.44 0 -0.067543 0 0 0 0
33.45 0 -0.0681945 0 0 0 0
33.46 0 -0.0688493 0 0 0 0
33.47 0 -0.0695069 0 0 0 0
33.48 0 -0.0701683 0 0 0 0
33.49 0 -0.0708327 0 0 0 0
33.5 0 -0.0715012 0 0 0 0
33.51 0 -0.0721729 0 0 0 0
33.52 0 -0.0726009 0 0 0 0
33.53 0 -0.0730585 0 0 0 0
33.54 0 -0.0735282 0 0 0 0
33.55 0 -0.0740057 0 0 0 0
33.56 0 -0.074488 0 0 0 0
33.57 0 -0.0749748 0 0 0 0
33.58 0 -0.0754644 0 0 0 0
33.59 0 -0.075957 0 0 0 0
33.6 0 -0.0764513 0 0 0 0
33.61 0 -0.0769472 0 0 0 0
33.62 0 -0.0774445 0 0 0 0
33.63 0 -0.0779423 0 0 0 0
33.64 0 -0.0784408 0 0 0 0
33.65 0 -0.078939 0 0 0 0
33.66 0 -0.0794373 0 0 0 0
33.67 0 -0.0799348 0 0 0 0
33.68 0 -0.0804316 0 0 0 0
33.69 0 -0.0809276 0 0 0 0
33.7 0 -0.0814222 0 0 0 0
33.71 0 -0.0819159 0 0 0 0
33.72 0 -0.082408 0 0 0 0
33.73 0 -0.0828994 0 0 0 0
33.74 0 -0.0833896 0 0 0 0
33.75 0 -0.0838795 0 0 0 0
33.76 0 -0.0843687 0 0 0 0
33.77 0 -0.0848579 0 0 0 0
33.78 0 -0.0853476 0 0 0 0
33.79 0 -0.0858377 0 0 0 0
33.8 0 -0.0863291 0 0 0 0
33.81 0 -0.0868217 0 0 0 0
33.82 0 -0.0873166 0 0 0 0
33.83 0 -0.0878135 0 0 0 0
33.84 0 -0.0883133 0 0 0 0
33.85 0 -0.0888159 0 0 0 0
33.86 0 -0.0893218 0 0 0 0
33.87 0 -0.0898316 0 0 0 0
33.88 0 -0.0903447 0 0 0 0
33.89 0 -0.0908619 0 0 0 0
33.9 0 -0.0913825 0 0 0 0
33.91 0 -0.0919071 0 0 0 0
33.92 0 -0.092435 0 0 0 0
33.93 0 -0.0929662 0 0 0 0
33.94 0 -0.0935007 0 0 0 0
33.95 0 -0.0940376 0 0 0 0
33.96 0 -0.0945771 0 0 0 0
33.97 0 -0.0951181 0 0 0 0
33.98 0 -0.095661 0 0 0 0
33.99 0 -0.0962045 0 0 0 0
34 0 -0.0967487 0 0 0 0
34.01 0 -0.0972925 0 0 0 0
34.02 0 -0.097386 0 0 0 0
34.03 0 -0.0975252 0 0 0 0
34.04 0 -0.0976791 0 0 0 0
34.05 0 -0.0978392 0 0 0 0
34.06 0 -0.0980014 0 0 0 0
34.07 0 -0.0981641 0 0 0 0
34.08 0 -0.098326 0 0 0 0
34.09 0 -0.098487 0 0 0 0
34.1 0 -0.0986464 0 0 0 0
34.11 0 -0.0988042 0 0 0 0
34.12 0 -0.0989605 0 0 0 0
34.13 0 -0.0991152 0 0 0 0
34.14 0 -0.0992687 0 0 0 0
34.15 0 -0.0994212 0 0 0 0
34.16 0 -0.0995734 0 0 0 0
34.17 0 -0.0997256 0 0 0 0
34.18 0 -0.0998783 0 0 0 0
34.19 0 -0.100032 0 0 0 0
34.2 0 -0.100187 0 0 0 0
34.21 0 -0.100344 0 0 0 0
34.22 0 -0.100503 0 0 0 0
34.23 0 -0.100665 0 0 0 0
34.24 0 -0.100829 0 0 0 0
34.25 0 -0.100997 0 0 0 0
34.26 0 -0.101167 0 0 0 0
34.27 0 -0.101342 0 0 0 0
34.28 0 -0.101521 0 0 0 0
34.29 0 -0.101704 0 0 0 0
34.3 0 -0.101891 0 0 0 0
34.31 0 -0.102082 0 0 0 0
34.32 0 -0.102277 0 0 0 0
34.33 0 -0.102476 0 0 0 0
34.34 0 -0.102679 0 0 0 0
34.35 0 -0.102885 0 0 0 0
34.36 0 -0.103094 0 0 0 0
34.37 0 -0.103306 0 0 0 0
34.38 0 -0.103519 0 0 0 0
34.39 0 -0.103734 0 0 0 0
34.4 0 -0.103949 0 0 0 0
34.41 0 -0.104166 0 0 0 0
34.42 0 -0.104382 0 0 0 0
34.43 0 -0.104597 0 0 0 0
34.44 0 -0.104812 0 0 0 0
34.45 0 -0.105025 0 0 0 0
34.46 0 -0.105237 0 0 0 0
34.47 0 -0.105446 0 0 0 0
34.48 0 -0.105653 0 0 0 0
34.49 0 -0.105858 0 0 0 0
34.5 0 -0.10606 0 0 0 0
34.51 0 -0.10626 0 0 0 0
34.52 0 -0.105926 0 0 0 0
34.53 0 -0.105644 0 0 0 0
34.54 0 -0.10538 0 0 0 0
34.55 0 -0.105123 0 0 0 0
34.56 0 -0.104869 0 0 0 0
34.57 0 -0.104617 0 0 0 0
34.58 0 -0.104367 0 0 0 0
34.59 0 -0.104118 0 0 0 0
34.6 0 -0.103871 0 0 0 0
34.61 0 -0.103625 0 0 0 0
34.62 0 -0.103382 0 0 0 0
34.63 0 -0.103142 0 0 0 0
34.64 0 -0.102905 0 0 0 0
34.65 0 -0.102672 0 0 0 0
34.66 0 -0.102442 0 0 0 0
34.67 0 -0.102218 0 0 0 0
34.68 0 -0.101998 0 0 0 0
34.69 0 -0.101782 0 0 0 0
34.7 0 -0.101572 0 0 0 0
34.71 0 -0.101365 0 0 0 0
34.72 0 -0.101163 0 0 0 0
34.73 0 -0.100966 0 0 0 0
34.74 0 -0.100772 0 0 0 0
34.75 0 -0.100582 0 0 0 0
34.76 0 -0.100396 0 0 0 0
34.77 0 -0.100213 0 0 0 0
34.78 0 -0.100033 0 0 0 0
34.79 0 -0.0998567 0 0 0 0
34.8 0 -0.0996823 0 0 0 0
34.81 0 -0.0995102 0 0 0 0
34.82 0 -0.0993399 0 0 0 0
34.83 0 -0.0991712 0 0 0 0
34.84 0 -0.0990034 0 0 0 0
34.85 0 -0.0988366 0 0 0 0
34.86 0 -0.0986703 0 0 0 0
34.87 0 -0.0985039 0 0 0 0
34.88 0 -0.0983376 0 0 0 0
34.89 0 -0.0981708 0 0 0 0
34.9 0 -0.0980037 0 0 0 0
34.91 0 -0.097836 0 0 0 0
34.92 0 -0.0976677 0 0 0 0
34.93 0 -0.0974989 0 0 0 0
34.94 0 -0.0973294 0 0 0 0
34.95 0 -0.0971597 0 0 0 0
34.96 0 -0.0969896 0 0 0 0
34.97 0 -0.0968193 0 0 0 0
34.98 0 -0.0966491 0 0 0 0
34.99 0 -0.0964791 0 0 0 0
35 0 -0.0963093 0 0 0 0
35.01 0 -0.0961403 0 0 0 0
35.02 0 -0.0955174 0 0 0 0
35.03 0 -0.0949425 0 0 0 0
35.04 0 -0.0943856 0 0 0 0
35.05 0 -0.093838 0 0 0 0
35.06 0 -0.0932967 0 0 0 0
35.07 0 -0.09276 0 0 0 0
35.08 0 -0.0922276 0 0 0 0
35.09 0 -0.091699 0 0 0 0
35.1 0 -0.0911745 0 0 0 0
35.11 0 -0.090654 0 0 0 0
35.12 0 -0.090137 0 0 0 0
35.13 0 -0.0896243 0 0 0 0
35.14 0 -0.0891152 0 0 0 0
35.15 0 -0.0886105 0 0 0 0
35.16 0 -0.0881094 0 0 0 0
35.17 0 -0.0876126 0 0 0 0
35.18 0 -0.0871194 0 0 0 0
35.19 0 -0.0866294 0 0 0 0
35.2 0 -0.0861426 0 0 0 0
35.21 0 -0.0856582 0 0 0 0
35.22 0 -0.0851764 0 0 0 0
35.23 0 -0.0846962 0 0 0 0
35.24 0 -0.084218 0 0 0 0
35.25 0 -0.0837409 0 0 0 0
35.26 0 -0.0832653 0 0 0 0
35.27 0 -0.0827906 0 0 0 0
35.28 0 -0.0823163 0 0 0 0
35.29 0 -0.081843 0 0 0 0
35.3 0 -0.08137 0 0 0 0
35.31 0 -0.0808976 0 0 0 0
35.32 0 -0.0804253 0 0 0 0
35.33 0 -0.0799536 0 0 0 0
35.34 0 -0.0794819 0 0 0 0
35.35 0 -0.0790107 0 0 0 0
35.36 0 -0.0785397 0 0 0 0
35.37 0 -0.0780689 0 0 0 0
35.38 0 -0.0775987 0 0 0 0
35.39 0 -0.0771288 0 0 0 0
35.4 0 -0.07666 0 0 0 0
35.41 0 -0.0761918 0 0 0 0
35.42 0 -0.0757249 0 0 0 0
35.43 0 -0.0752594 0 0 0 0
35.44 0 -0.0747951 0 0 0 0
35.45 0 -0.0743329 0 0 0 0
35.46 0 -0.0738722 0 0 0 0
35.47 0 -0.0734139 0 0 0 0
35.48 0 -0.0729575 0 0 0 0
35.49 0 -0.0725035 0 0 0 0
35.5 0 -0.0720515 0 0 0 0
35.51 0 -0.0716021 0 0 0 0
35.52 0 -0.0709085 0 0 0 0
35.53 0 -0.0702425 0 0 0 0
35.54 0 -0.0695878 0 0 0 0
35.55 0 -0.0689391 0 0 0 0
35.56 0 -0.068295 0 0 0 0
35.57 0 -0.0676538 0 0 0 0
35.58 0 -0.0670155 0 0 0 0
35.59 0 -0.066379 0 0 0 0
35.6 0 -0.0657448 0 0 0 0
35.61 0 -0.0651122 0 0 0 0
35.62 0 -0.0644806 0 0 0 0
35.63 0 -0.0638505 0 0 0 0
35.64 0 -0.0632209 0 0 0 0
35.65 0 -0.0625924 0 0 0 0
35.66 0 -0.061964 0 0 0 0
35.67 0 -0.0613364 0 0 0 0
35.68 0 -0.0607089 0 0 0 0
35.69 0 -0.0600808 0 0 0 0
35.7 0 -0.0594528 0 0 0 0
35.71 0 -0.0588238 0 0 0 0
35.72 0 -0.0581945 0 0 0 0
35.73 0 -0.0575639 0 0 0 0
35.74 0 -0.0569329 0 0 0 0
35.75 0 -0.0563005 0 0 0 0
35.76 0 -0.0556677 0 0 0 0
35.77 0 -0.0550341 0 0 0 0
35.78 0 -0.0543995 0 0 0 0
35.79 0 -0.0537647 0 0 0 0
35.8 0 -0.0531291 0 0 0 0
35.81 0 -0.0524937 0 0 0 0
35.82 0 -0.0518579 0 0 0 0
35.83 0 -0.0512226 0 0 0 0
35.84 0 -0.0505872 0 0 0 0
35.85 0 -0.0499528 0 0 0 0
35.86 0 -0.0493189 0 0 0 0
35.87 0 -0.0486856 0 0 0 0
35.88 0 -0.0480536 0 0 0 0
35.89 0 -0.0474225 0 0 0 0
35.9 0 -0.046793 0 0 0 0
35.91 0 -0.0461645 0 0 0 0
35.92 0 -0.045538 0 0 0 0
35.93 0 -0.0449129 0 0 0 0
35.94 0 -0.0442891 0 0 0 0
35.95 0 -0.0436672 0 0 0 0
35.96 0 -0.0430465 0 0 0 0
35.97 0 -0.0424276 0 0 0 0
35.98 0 -0.0418096 0 0 0 0
35.99 0 -0.0411931 0 0 0 0
36 0 -0.0405771 0 0 0 0
36.01 0 -0.0399623 0 0 0 0
36.02 0 -0.0393661 0 0 0 0
36.03 0 -0.0387678 0 0 0 0
36.04 0 -0.0381692 0 0 0 0
36.05 0 -0.0375694 0 0 0 0
36.06 0 -0.0369692 0 0 0 0
36.07 0 -0.0363674 0 0 0 0
36.08 0 -0.0357647 0 0 0 0
36.09 0 -0.03516 0 0 0 0
36.1 0 -0.0345538 0 0 0 0
36.11 0 -0.0339455 0 0 0 0
36.12 0 -0.0333346 0 0 0 0
36.13 0 -0.0327217 0 0 0 0
36.14 0 -0.0321058 0 0 0 0
36.15 0 -0.0314877 0 0 0 0
36.16 0 -0.0308665 0 0 0 0
36.17 0 -0.030243 0 0 0 0
36.18 0 -0.0296169 0 0 0 0
36.19 0 -0.0289878 0 0 0 0
36.2 0 -0.0283568 0 0 0 0
36.21 0 -0.0277232 0 0 0 0
36.22 0 -0.027088 0 0 0 0
36.23 0 -0.0264507 0 0 0 0
36.24 0 -0.0258123 0 0 0 0
36.25 0 -0.0251724 0 0 0 0
36.26 0 -0.0245321 0 0 0 0
36.27 0 -0.0238911 0 0 0 0
36.28 0 -0.0232496 0 0 0 0
36.29 0 -0.0226085 0 0 0 0
36.3 0 -0.0219673 0 0 0 0
36.31 0 -0.0213271 0 0 0 0
36.32 0 -0.0206873 0 0 0 0
36.33 0 -0.0200488 0 0 0 0
36.34 0 -0.019411 0 0 0 0
36.35 0 -0.0187748 0 0 0 0
36.36 0 -0.0181398 0 0 0 0
36.37 0 -0.0175057 0 0 0 0
36.38 0 -0.0168732 0 0 0 0
36.39 0 -0.0162415 0 0 0 0
36.4 0 -0.0156111 0 0 0 0
36.41 0 -0.0149812 0 0 0 0
36.42 0 -0.0143523 0 0 0 0
36.43 0 -0.0137238 0 0 0 0
36.44 0 -0.013095 0 0 0 0
36.45 0 -0.0124664 0 0 0 0
36.46 0 -0.0118371 0 0 0 0
36.47 0 -0.0112073 0 0 0 0
36.48 0 -0.0105762 0 0 0 0
36.49 0 -0.0099441 0 0 0 0
36.5 0 -0.00931009 0 0 0 0
36.51 0 -0.00867465 0 0 0 0
36.52 0 -0.00828853 0 0 0 0
36.53 0 -0.00787385 0 0 0 0
36.54 0 -0.00744803 0 0 0 0
36.55 0 -0.00701501 0 0 0 0
36.56 0 -0.00657743 0 0 0 0
36.57 0 -0.00613546 0 0 0 0
36.58 0 -0.00569022 0 0 0 0
36.59 0 -0.00524133 0 0 0 0
36.6 0 -0.00478965 0 0 0 0
36.61 0 -0.00433502 0 0 0 0
36.62 0 -0.00387748 0 0 0 0
36.63 0 -0.00341776 0 0 0 0
36.64 0 -0.00295555 0 0 0 0
36.65 0 -0.00249157 0 0 0 0
36.66 0 -0.00202555 0 0 0 0
36.67 0 -0.00155826 0 0 0 0
36.68 0 -0.00108978 0 0 0 0
36.69 0 -0.000620169 0 0 0 0
36.7 0 -0.000150371 0 0 0 0
36.71 0 0.000319862 0 0 0 0
36.72 0 0.000789647 0 0 0 0
36.73 0 0.00125931 0 0 0 0
36.74 0 0.0017281 0 0 0 0
36.75 0 0.00219642 0 0 0 0
36.76 0 0.00266362 0 0 0 0
36.77 0 0.00312997 0 0 0 0
36.78 0 0.00359569 0 0 0 0
36.79 0 0.00406034 0 0 0 0
36.8 0 0.00452453 0 0 0 0
36.81 0 0.00498787 0 0 0 0
36.82 0 0.00545106 0 0 0 0
36.83 0 0.00591374 0 0 0 0
36.84 0 0.00637667 0 0 0 0
36.85 0 0.00683954 0 0 0 0
36.86 0 0.00730284 0 0 0 0
36.87 0 0.00776713 0 0 0 0
36.88 0 0.00823204 0 0 0 0
36.89 0 0.00869843 0 0 0 0
36.9 0 0.00916596 0 0 0 0
36.91 0 0.00963545 0 0 0 0
36.92 0 0.0101065 0 0 0 0
36.93 0 0.0105797 0 0 0 0
36.94 0 0.0110553 0 0 0 0
36.95 0 0.011533 0 0 0 0
36.96 0 0.0120133 0 0 0 0
36.97 0 0.0124957 0 0 0 0
36.98 0 0.0129807 0 0 0 0
36.99 0 0.0134675 0 0 0 0
37 0 0.0139568 0 0 0 0
37.01 0 0.0144476 0 0 0 0
37.02 0 0.0145514 0 0 0 0
37.03 0 0.014697 0 0 0 0
37.04 0 0.0148577 0 0 0 0
37.05 0 0.0150262 0 0 0 0
37.06 0 0.0151987 0 0 0 0
37.07 0 0.0153741 0 0 0 0
37.08 0 0.0155509 0 0 0 0
37.09 0 0.015729 0 0 0 0
37.1 0 0.0159074 0 0 0 0
37.11 0 0.0160862 0 0 0 0
37.12 0 0.0162651 0 0 0 0
37.13 0 0.0164439 0 0 0 0
37.14 0 0.0166227 0 0 0 0
37.15 0 0.0168014 0 0 0 0
37.16 0 0.0169801 0 0 0 0
37.17 0 0.0171588 0 0 0 0
37.18 0 0.0173373 0 0 0 0
37.19 0 0.0175158 0 0 0 0
37.2 0 0.0176939 0 0 0 0
37.21 0 0.0178719 0 0 0 0
37.22 0 0.0180495 0 0 0 0
37.23 0 0.0182272 0 0 0 0
37.24 0 0.0184047 0 0 0 0
37.25 0 0.0185827 0 0 0 0
37.26 0 0.018761 0 0 0 0
37.27 0 0.0189402 0 0 0 0
37.28 0 0.0191207 0 0 0 0
37.29 0 0.0193025 0 0 0 0
37.3 0 0.0194863 0 0 0 0
37.31 0 0.019672 0 0 0 0
37.32 0 0.0198603 0 0 0 0
37.33 0 0.0200511 0 0 0 0
37.34 0 0.0202448 0 0 0 0
37.35 0 0.0204413 0 0 0 0
37.36 0 0.020641 0 0 0 0
37.37 0 0.0208438 0 0 0 0
37.38 0 0.0210496 0 0 0 0
37.39 0 0.0212585 0 0 0 0
37.4 0 0.0214701 0 0 0 0
37.41 0 0.0216843 0 0 0 0
37.42 0 0.021901 0 0 0 0
37.43 0 0.0221199 0 0 0 0
37.44 0 0.022341 0 0 0 0
37.45 0 0.0225638 0 0 0 0
37.46 0 0.0227882 0 0 0 0
37.47 0 0.0230139 0 0 0 0
37.48 0 0.0232405 0 0 0 0
37.49 0 0.0234675 0 0 0 0
37.5 0 0.0236945 0 0 0 0
37.51 0 0.0239211 0 0 0 0
37.52 0 0.0237444 0 0 0 0
37.53 0 0.0236084 0 0 0 0
37.54 0 0.0234855 0 0 0 0
37.55 0 0.0233683 0 0 0 0
37.56 0 0.023253 0 0 0 0
37.57 0 0.0231385 0 0 0 0
37.58 0 0.0230238 0 0 0 0
37.59 0 0.0229088 0 0 0 0
37.6 0 0.0227933 0 0 0 0
37.61 0 0.0226774 0 0 0 0
37.62 0 0.0225612 0 0 0 0
37.63 0 0.022445 0 0 0 0
37.64 0 0.0223291 0 0 0 0
37.65 0 0.022214 0 0 0 0
37.66 0 0.0221 0 0 0 0
37.67 0 0.0219876 0 0 0 0
37.68 0 0.0218771 0 0 0 0
37.69 0 0.0217686 0 0 0 0
37.7 0 0.0216624 0 0 0 0
37.71 0 0.0215585 0 0 0 0
37.72 0 0.0214572 0 0 0 0
37.73 0 0.0213586 0 0 0 0
37.74 0 0.0212629 0 0 0 0
37.75 0 0.0211704 0 0 0 0
37.76 0 0.0210812 0 0 0 0
37.77 0 0.0209955 0 0 0 0
37.78 0 0.0209134 0 0 0 0
37.79 0 0.020835 0 0 0 0
37.8 0 0.0207603 0 0 0 0
37.81 0 0.0206892 0 0 0 0
37.82 0 0.0206212 0 0 0 0
37.83 0 0.0205564 0 0 0 0
37.84 0 0.0204942 0 0 0 0
37.85 0 0.0204346 0 0 0 0
37.86 0 0.0203771 0 0 0 0
37.87 0 0.0203214 0 0 0 0
37.88 0 0.0202672 0 0 0 0
37.89 0 0.0202141 0 0 0 0
37.9 0 0.0201619 0 0 0 0
37.91 0 0.0201102 0 0 0 0
37.92 0 0.0200588 0 0 0 0
37.93 0 0.0200074 0 0 0 0
37.94 0 0.0199556 0 0 0 0
37.95 0 0.0199035 0 0 0 0
37.96 0 0.0198509 0 0 0 0
37.97 0 0.0197976 0 0 0 0
37.98 0 0.0197435 0 0 0 0
37.99 0 0.0196886 0 0 0 0
38 0 0.0196329 0 0 0 0
38.01 0 0.0195764 0 0 0 0
38.02 0 0.0192151 0 0 0 0
38.03 0 0.0188844 0 0 0 0
38.04 0 0.0185642 0 0 0 0
38.05 0 0.0182486 0 0 0 0
38.06 0 0.0179357 0 0 0 0
38.07 0 0.0176245 0 0 0 0
38.08 0 0.0173149 0 0 0 0
38.09 0 0.0170069 0 0 0 0
38.1 0 0.0167007 0 0 0 0
38.11 0 0.0163965 0 0 0 0
38.12 0 0.0160942 0 0 0 0
38.13 0 0.0157943 0 0 0 0
38.14 0 0.0154966 0 0 0 0
38.15 0 0.0152016 0 0 0 0
38.16 0 0.0149091 0 0 0 0
38.17 0 0.0146196 0 0 0 0
38.18 0 0.014333 0 0 0 0
38.19 0 0.0140491 0 0 0 0
38.2 0 0.0137681 0 0 0 0
38.21 0 0.0134895 0 0 0 0
38.22 0 0.0132136 0 0 0 0
38.23 0 0.01294 0 0 0 0
38.24 0 0.0126689 0 0 0 0
38.25 0 0.0123997 0 0 0 0
38.26 0 0.0121327 0 0 0 0
38.27 0 0.0118674 0 0 0 0
38.28 0 0.0116037 0 0 0 0
38.29 0 0.0113417 0 0 0 0
38.3 0 0.0110808 0 0 0 0
38.31 0 0.0108214 0 0 0 0
38.32 0 0.0105628 0 0 0 0
38.33 0 0.0103052 0 0 0 0
38.34 0 0.0100481 0 0 0 0
38.35 0 0.00979169 0 0 0 0
38.36 0 0.00953542 0 0 0 0
38.37 0 0.00927913 0 0 0 0
38.38 0 0.00902305 0 0 0 0
38.39 0 0.00876681 0 0 0 0
38.4 0 0.00851074 0 0 0 0
38.41 0 0.00825455 0 0 0 0
38.42 0 0.00799854 0 0 0 0
38.43 0 0.00774254 0 0 0 0
38.44 0 0.00748633 0 0 0 0
38.45 0 0.00723029 0 0 0 0
38.46 0 0.00697402 0 0 0 0
38.47 0 0.00671791 0 0 0 0
38.48 0 0.00646163 0 0 0 0
38.49 0 0.00620559 0 0 0 0
38.5 0 0.00594949 0 0 0 0
38.51 0 0.00569378 0 0 0 0
38.52 0 0.0053016 0 0 0 0
38.53 0 0.00492381 0 0 0 0
38.54 0 0.00455168 0 0 0 0
38.55 0 0.00418236 0 0 0 0
38.56 0 0.00381518 0 0 0 0
38.57 0 0.00344939 0 0 0 0
38.58 0 0.00308524 0 0 0 0
38.59 0 0.00272233 0 0 0 0
38.6 0 0.00236107 0 0 0 0
38.61 0 0.00200132 0 0 0 0
38.62 0 0.00164286 0 0 0 0
38.63 0 0.00128624 0 0 0 0
38.64 0 0.000930949 0 0 0 0
38.65 0 0.000577514 0 0 0 0
38.66 0 0.000225379 0 0 0 0
38.67 0 -0.000125026 0 0 0 0
38.68 0 -0.000474054 0 0 0 0
38.69 0 -0.000821925 0 0 0 0
38.7 0 -0.00116834 0 0 0 0
38.71 0 -0.00151383 0 0 0 0
38.72 0 -0.00185812 0 0 0 0
38.73 0 -0.00220185 0 0 0 0
38.74 0 -0.00254481 0 0 0 0
38.75 0 -0.00288759 0 0 0 0
38.76 0 -0.00322996 0 0 0 0
38.77 0 -0.00357232 0 0 0 0
38.78 0 -0.0039151 0 0 0 0
38.79 0 -0.004258 0 0 0 0
38.8 0 -0.00460164 0 0 0 0
38.81 0 -0.00494566 0 0 0 0
38.82 0 -0.00529063 0 0 0 0
38.83 0 -0.00563616 0 0 0 0
38.84 0 -0.00598283 0 0 0 0
38.85 0 -0.00633019 0 0 0 0
38.86 0 -0.00667854 0 0 0 0
38.87 0 -0.00702801 0 0 0 0
38.88 0 -0.00737814 0 0 0 0
38.89 0 -0.00772924 0 0 0 0
38.9 0 -0.00808079 0 0 0 0
38.91 0 -0.00843303 0 0 0 0
38.92 0 -0.00878537 0 0 0 0
38.93 0 -0.00913785 0 0 0 0
38.94 0 -0.00949046 0 0 0 0
38.95 0 -0.00984255 0 0 0 0
38.96 0 -0.0101944 0 0 0 0
38.97 0 -0.0105454 0 0 0 0
38.98 0 -0.0108959 0 0 0 0
38.99 0 -0.0112451 0 0 0 0
39 0 -0.0115935 0 0 0 0
39.01 0 -0.0119402 0 0 0 0
39.02 0 -0.0122433 0 0 0 0
39.03 0 -0.0125495 0 0 0 0
39.04 0 -0.0128556 0 0 0 0
39.05 0 -0.0131614 0 0 0 0
39.06 0 -0.0134662 0 0 0 0
39.07 0 -0.0137702 0 0 0 0
39.08 0 -0.0140733 0 0 0 0
39.09 0 -0.0143759 0 0 0 0
39.1 0 -0.0146779 0 0 0 0
39.11 0 -0.0149796 0 0 0 0
39.12 0 -0.0152815 0 0 0 0
39.13 0 -0.0155835 0 0 0 0
39.14 0 -0.0158862 0 0 0 0
39.15 0 -0.0161894 0 0 0 0
39.16 0 -0.016494 0 0 0 0
39.17 0 -0.0167995 0 0 0 0
39.18 0 -0.0171066 0 0 0 0
39.19 0 -0.0174155 0 0 0 0
39.2 0 -0.017726 0 0 0 0
39.21 0 -0.0180386 0 0 0 0
39.22 0 -0.018353 0 0 0 0
39.23 0 -0.0186695 0 0 0 0
39.24 0 -0.0189878 0 0 0 0
39.25 0 -0.0193082 0 0 0 0
39.26 0 -0.0196302 0 0 0 0
39.27 0 -0.019954 0 0 0 0
39.28 0 -0.0202796 0 0 0 0
39.29 0 -0.0206064 0 0 0 0
39.3 0 -0.0209346 0 0 0 0
39.31 0 -0.0212636 0 0 0 0
39.32 0 -0.0215936 0 0 0 0
39.33 0 -0.021924 0 0 0 0
39.34 0 -0.0222549 0 0 0 0
39.35 0 -0.0225859 0 0 0 0
39.36 0 -0.0229167 0 0 0 0
39.37 0 -0.0232476 0 0 0 0
39.38 0 -0.0235778 0 0 0 0
39.39 0 -0.0239077 0 0 0 0
39.4 0 -0.0242368 0 0 0 0
39.41 0 -0.0245653 0 0 0 0
39.42 0 -0.0248928 0 0 0 0
39.43 0 -0.0252195 0 0 0 0
39.44 0 -0.0255456 0 0 0 0
39.45 0 -0.0258707 0 0 0 0
39.46 0 -0.0261952 0 0 0 0
39.47 0 -0.0265189 0 0 0 0
39.48 0 -0.0268423 0 0 0 0
39.49 0 -0.027165 0 0 0 0
39.5 0 -0.0274877 0 0 0 0
39.51 0 -0.02781 0 0 0 0
39.52 0 -0.0279506 0 0 0 0
39.53 0 -0.0281104 0 0 0 0
39.54 0 -0.0282771 0 0 0 0
39.55 0 -0.0284478 0 0 0 0
39.56 0 -0.0286208 0 0 0 0
39.57 0 -0.0287961 0 0 0 0
39.58 0 -0.0289733 0 0 0 0
39.59 0 -0.0291525 0 0 0 0
39.6 0 -0.0293337 0 0 0 0
39.61 0 -0.0295169 0 0 0 0
39.62 0 -0.0297023 0 0 0 0
39.63 0 -0.0298899 0 0 0 0
39.64 0 -0.0300798 0 0 0 0
39.65 0 -0.0302719 0 0 0 0
39.66 0 -0.0304665 0 0 0 0
39.67 0 -0.0306633 0 0 0 0
39.68 0 -0.0308624 0 0 0 0
39.69 0 -0.0310637 0 0 0 0
39.7 0 -0.0312667 0 0 0 0
