0.01 -0.0017852 1.87996e-07 -9.65757 1.81911e-06 0.00204249 5.09971e-08
0.02 -0.0102116 6.45981e-05 -8.72651 4.87148e-05 0.0141341 3.27658e-07
0.03 -0.0176163 0.000419341 -6.11637 0.000236689 0.0383229 -3.70318e-07
0.04 0.0079403 0.000874266 -1.95458 0.000291304 0.0477343 -6.97382e-06
0.05 0.072242 7.16876e-05 2.3495 -0.000663667 0.0150954 -1.75791e-05
0.06 0.116064 -0.00250053 5.56174 -0.00247846 -0.0320519 -6.79181e-06
0.07 0.0929808 -0.00441342 7.40308 -0.00304916 -0.0436165 4.0886e-05
0.08 0.0353461 -0.00381984 8.02612 -0.00129967 -0.0165358 7.67682e-05
0.09 0.00201138 -0.00221118 7.60169 0.00118825 0.0125124 3.81531e-05
0.1 0.0109495 -0.00131833 6.2698 0.00278075 0.0159704 -5.30049e-05
0.11 0.0334189 -0.00134312 4.20631 0.00319622 0.000752376 -0.000104736
0.12 0.0379066 -0.00184857 1.70572 0.00282071 -0.00849951 -5.82772e-05
0.13 0.0247444 -0.00227985 -0.846928 0.00216513 -0.0005132 4.29602e-05
0.14 0.0157825 -0.00234709 -3.06717 0.00153039 0.0158849 9.61447e-05
0.15 0.0265258 -0.00200754 -4.65653 0.00102462 0.0254759 4.93637e-05
0.16 0.0502607 -0.00139833 -5.44615 0.000641735 0.0236647 -4.57175e-05
0.17 0.0703476 -0.000729296 -5.39996 0.000323899 0.0168374 -8.79151e-05
0.18 0.0783543 -0.00013993 -4.60002 2.62622e-05 0.0116382 -3.44091e-05
0.19 0.0775915 0.00033745 -3.2208 -0.000265306 0.0093699 5.60638e-05
0.2 0.0761941 0.000776487 -1.49858 -0.000508935 0.00673947 8.80224e-05
0.21 0.0772707 0.00124449 0.303637 -0.000642395 0.00197516 2.90991e-05
0.22 0.078741 0.00175866 1.93277 -0.000618482 -0.00323902 -5.64909e-05
0.23 0.078608 0.00227849 3.17801 -0.000447234 -0.00646132 -7.94029e-05
0.24 0.0778118 0.00277233 3.89759 -0.00019484 -0.00695183 -1.88187e-05
0.25 0.0787476 0.00324176 4.03388 4.44337e-05 -0.00565535 5.69543e-05
0.26 0.0827901 0.003701 3.61478 0.000189317 -0.0038198 6.55649e-05
0.27 0.0889619 0.00413523 2.74298 0.000200106 -0.00176188 -1.72064e-06
0.28 0.0953091 0.00449206 1.57401 8.04679e-05 0.000963053 -7.27922e-05
0.29 0.101183 0.00473049 0.290353 -0.000135251 0.00388251 -7.17114e-05
0.3 0.106216 0.00485864 -0.925557 -0.000402698 0.00636246 -6.8465e-07
0.31 0.110531 0.00493375 -1.91577 -0.00067715 0.00768901 6.51336e-05
0.32 0.114092 0.00500131 -2.56616 -0.000919738 0.00749979 5.71631e-05
0.33 0.116438 0.00505395 -2.81849 -0.00109733 0.00638317 -1.39479e-05
0.34 0.118089 0.00503856 -2.67411 -0.00118755 0.00464762 -7.11623e-05
0.35 0.119737 0.0049172 -2.18873 -0.00118131 0.00251064 -5.45247e-05
0.36 0.121906 0.00471057 -1.4597 -0.00108469 0.000267864 1.68687e-05
0.37 0.125071 0.00448434 -0.609405 -0.000914413 -0.00199932 6.58519e-05
0.38 0.129026 0.0042913 0.234254 -0.000693187 -0.00396937 4.0729e-05
0.39 0.133352 0.00413012 0.955477 -0.000446367 -0.00524878 -3.12355e-05
0.4 0.137933 0.00396209 1.46546 -0.000201558 -0.005897 -7.36823e-05
0.41 0.142281 0.00376553 1.71259 1.21431e-05 -0.00589478 -4.3084e-05
0.42 0.146036 0.00356768 1.68612 0.000169078 -0.00531702 2.62467e-05
0.43 0.149083 0.00342239 1.4144 0.000253156 -0.00450222 6.03814e-05
0.44 0.151012 0.00335601 0.957635 0.00026315 -0.0034403 2.40331e-05
0.45 0.151992 0.00334216 0.396676 0.00021085 -0.00234408 -4.21637e-05
0.46 0.152311 0.00332987 -0.17983 0.000115894 -0.00149534 -6.71422e-05
0.47 0.152042 0.00329547 -0.688201 -1.09145e-06 -0.000835756 -2.46059e-05
0.48 0.151688 0.00326361 -1.06123 -0.000120821 -0.000575824 3.99596e-05
0.49 0.151406 0.00327465 -1.25578 -0.000225555 -0.00073328 5.85226e-05
0.5 0.15119 0.00333746 -1.25694 -0.000299108 -0.00112859 1.31216e-05
0.51 0.151287 0.00341352 -1.07791 -0.000330054 -0.00186808 -4.66414e-05
0.52 0.151441 0.0034542 -0.755558 -0.000316033 -0.00277661 -5.72286e-05
0.53 0.151457 0.00344445 -0.343798 -0.000265228 -0.00367296 -8.60906e-06
0.54 0.15131 0.00341258 0.0954248 -0.00019319 -0.00461125 4.65515e-05
0.55 0.150582 0.00339379 0.501219 -0.000114591 -0.00533694 4.96361e-05
0.56 0.149251 0.00339438 0.82193 -3.61493e-05 -0.00580259 -1.52597e-06
0.57 0.147353 0.00338419 1.02142 3.85255e-05 -0.00608419 -5.18641e-05
0.58 0.144711 0.00332093 1.08285 9.67981e-05 -0.00600083 -4.84955e-05
0.59 0.141628 0.00319177 1.00915 0.00012155 -0.00569895 3.98914e-06
0.6 0.138206 0.00302706 0.821054 0.000106534 -0.00525211 4.92672e-05
0.61 0.134491 0.0028622 0.552928 5.98173e-05 -0.00461141 4.02371e-05
0.62 0.130807 0.00269449 0.246477 -3.10768e-06 -0.00399874 -1.17935e-05
0.63 0.12716 0.00248841 -0.0549352 -6.6133e-05 -0.00346412 -5.03975e-05
0.64 0.123514 0.00221539 -0.312894 -0.000117649 -0.00297845 -3.45209e-05
0.65 0.120063 0.00188676 -0.498417 -0.000151099 -0.00275089 1.84807e-05
0.66 0.116549 0.00154312 -0.595063 -0.000162728 -0.0026886 5.22842e-05
0.67 0.112929 0.00121467 -0.600267 -0.00014887 -0.00274295 3.20309e-05
0.68 0.10927 0.000895325 -0.524165 -0.000106357 -0.00305164 -1.93588e-05
0.69 0.105214 0.000557198 -0.38726 -3.53195e-05 -0.00333715 -4.69214e-05
0.7 0.100939 0.000189958 -0.216454 5.82739e-05 -0.00366995 -2.17712e-05
0.71 0.0963439 -0.000178903 -0.0409846 0.000163669 -0.00399622 2.83138e-05
0.72 0.091318 -0.000503054 0.112277 0.000269329 -0.00412582 4.99937e-05
0.73 0.086063 -0.000756266 0.221871 0.000366707 -0.00417277 2.10625e-05
0.74 0.0804877 -0.000949606 0.274767 0.000450952 -0.00405082 -2.69202e-05
0.75 0.0746055 -0.00110923 0.267294 0.000518639 -0.00372865 -4.27128e-05
0.76 0.0685551 -0.0012409 0.204693 0.000566187 -0.00331909 -1.03407e-05
0.77 0.0622719 -0.00131642 0.100218 0.000590294 -0.00283455 3.51944e-05
0.78 0.0557072 -0.00130006 -0.0280633 0.000590815 -0.00223773 4.55648e-05
0.79 0.0490763 -0.00118203 -0.159556 0.000571536 -0.00175733 1.08575e-05
0.8 0.0421265 -0.000987932 -0.274568 0.000538668 -0.00126993 -3.13646e-05
0.81 0.0350169 -0.00075172 -0.356871 0.000496953 -0.0008492 -3.62463e-05
0.82 0.0278195 -0.000483061 -0.395659 0.000447871 -0.000629323 5.84782e-07
0.83 0.0203244 -0.00016389 -0.386695 0.000390629 -0.000382268 3.908e-05
0.84 0.0128525 0.000225045 -0.332359 0.000324997 -0.000303011 3.87248e-05
0.85 0.00525987 0.000673092 -0.24097 0.000252626 -0.000270196 2.68888e-07
0.86 -0.00239912 0.00114157 -0.124923 0.00017568 -0.000206044 -3.48828e-05
0.87 -0.009967 0.00159161 0.000767859 9.45449e-05 -0.000194753 -3.00109e-05
0.88 -0.0175255 0.00201253 0.121252 7.41408e-06 -0.000121521 8.58467e-06
0.89 -0.0250254 0.00241828 0.223326 -8.75704e-05 3.93944e-05 3.93428e-05
0.9 -0.0323447 0.00281776 0.297166 -0.000189341 0.000220097 2.96323e-05
0.91 -0.0395797 0.00319292 0.337553 -0.00029352 0.000481625 -9.38513e-06
0.92 -0.0466909 0.00350409 0.343641 -0.000394166 0.000847879 -3.61778e-05
0.93 -0.0535191 0.00372237 0.319189 -0.000486777 0.00115193 -2.25664e-05
0.94 -0.0602893 0.00384853 0.271215 -0.00056864 0.00156172 1.59923e-05
0.95 -0.0667625 0.00390447 0.208912 -0.000637421 0.00193205 3.84207e-05
0.96 -0.0729744 0.00390359 0.142144 -0.000689354 0.00221731 2.1465e-05
0.97 -0.07904 0.00383304 0.0800375 -0.000719574 0.00256198 -1.62504e-05
0.98 -0.0846949 0.00366801 0.0297668 -0.000724751 0.00275279 -3.40399e-05
0.99 -0.0901443 0.00339842 -0.00421797 -0.000704846 0.00292184 -1.38552e-05
1 -0.095315 0.00304512 -0.0204371 -0.000663165 0.00306907 2.26307e-05
1.01 -0.100137 0.00264212 -0.0205791 -0.000603507 0.00310757 3.65068e-05
1.02 -0.104761 0.00221046 -0.0084707 -0.000528533 0.00315844 1.37952e-05
1.03 -0.109141 0.00174576 0.0102193 -0.000439831 0.00320262 -2.04341e-05
1.04 -0.113252 0.00123437 0.0292982 -0.000340279 0.00319596 -2.97918e-05
1.05 -0.117251 0.000682536 0.0430277 -0.00023334 0.00324082 -4.41203e-06
1.06 -0.121071 0.000127398 0.046691 -0.00011902 0.00331147 2.82164e-05
1.07 -0.124693 -0.000384131 0.0376355 3.05469e-06 0.00333399 3.40799e-05
1.08 -0.128306 -0.000838126 0.0152198 0.000125145 0.0034664 7.43486e-06
1.09 -0.131697 -0.00125349 -0.019019 0.000235483 0.0035533 -2.25157e-05
1.1 -0.13499 -0.00164601 -0.0617183 0.000329784 0.00363159 -2.38893e-05
1.11 -0.138218 -0.00200409 -0.10823 0.000410647 0.00378229 4.37515e-06
1.12 -0.141181 -0.00229458 -0.153399 0.000481323 0.00382219 3.24781e-05
1.13 -0.144075 -0.00248933 -0.19211 0.000544288 0.00389425 3.06098e-05
1.14 -0.146765 -0.00258489 -0.220101 0.000600775 0.00394556 2.0289e-06
1.15 -0.149197 -0.00260209 -0.234467 0.000650967 0.00390495 -2.27121e-05
1.16 -0.151486 -0.00256097 -0.233737 0.000692903 0.00388704 -1.73762e-05
1.17 -0.153502 -0.00246221 -0.218323 0.000723191 0.00382615 1.17685e-05
1.18 -0.15523 -0.00229018 -0.189992 0.00073886 0.00369842 3.32755e-05
1.19 -0.156772 -0.00203429 -0.151734 0.000739254 0.00361204 2.47281e-05
1.2 -0.157969 -0.00170751 -0.107331 0.000726264 0.00348302 -4.55143e-06
1.21 -0.158869 -0.00133783 -0.0606817 0.000702065 0.00332089 -2.30945e-05
1.22 -0.159539 -0.00094873 -0.0154634 0.000667498 0.00323261 -1.20683e-05
1.23 -0.159788 -0.000542448 0.0252762 0.000621588 0.00307402 1.62746e-05
1.24 -0.15977 -0.000109556 0.0595182 0.000563617 0.00294512 3.11728e-05
1.25 -0.159431 0.000350345 0.0862451 0.000494728 0.00285612 1.69039e-05
1.26 -0.158666 0.000817655 0.105415 0.000417964 0.00269346 -1.1006e-05
1.27 -0.157641 0.00126238 0.117977 0.000336613 0.00258229 -2.34708e-05
1.28 -0.156241 0.00166719 0.125279 0.000252471 0.00245843 -7.6786e-06
1.29 -0.154457 0.00203484 0.129056 0.000166077 0.0022662 1.84038e-05
1.3 -0.152439 0.00237809 0.130964 7.80169e-05 0.00212338 2.68119e-05
1.31 -0.150044 0.00269791 0.132264 -9.78737e-06 0.00192323 8.62244e-06
1.32 -0.147365 0.00297771 0.133784 -9.45557e-05 0.00167589 -1.68408e-05
1.33 -0.144498 0.00319688 0.1357 -0.000174258 0.00147518 -2.2829e-05
1.34 -0.14131 0.00334926 0.137573 -0.000248387 0.00118826 -3.94399e-06
1.35 -0.137981 0.00344908 0.13852 -0.000317571 0.000908048 1.91419e-05
1.36 -0.134508 0.00351446 0.137371 -0.00038162 0.000649867 2.14556e-05
1.37 -0.130838 0.00355113 0.132764 -0.000439064 0.000324654 9.23098e-07
1.38 -0.127141 0.00354867 0.123673 -0.000487629 3.80516e-05 -2.0758e-05
1.39 -0.123371 0.00349658 0.109241 -0.000526073 -0.000239665 -2.08137e-05
1.4 -0.119516 0.0034003 0.0891818 -0.000554694 -0.000565009 1.61998e-07
1.41 -0.115734 0.00328071 0.063843 -0.000574527 -0.000833651 1.92229e-05
1.42 -0.11193 0.00315864 0.0339597 -0.000585849 -0.00110952 1.63749e-05
1.43 -0.108132 0.00303874 0.000953378 -0.000587683 -0.00142814 -5.26449e-06
1.44 -0.104481 0.00291252 -0.0335471 -0.000578893 -0.00166525 -2.24015e-05
1.45 -0.100798 0.00277327 -0.0676791 -0.000559536 -0.00196516 -1.71862e-05
1.46 -0.0972346 0.00263006 -0.0995874 -0.000531241 -0.00225648 4.32549e-06
1.47 -0.0937874 0.00250301 -0.127601 -0.000496066 -0.00249705 1.90469e-05
1.48 -0.0903347 0.00240687 -0.150407 -0.000455123 -0.00281499 1.1557e-05
1.49 -0.0870512 0.00233985 -0.167069 -0.000408464 -0.00307648 -9.76826e-06
1.5 -0.0838201 0.00228845 -0.177109 -0.000356055 -0.00334025 -2.21535e-05
1.51 -0.080638 0.00224464 -0.180603 -0.000299088 -0.00363747 -1.26026e-05
1.52 -0.0775902 0.00221458 -0.177809 -0.000239802 -0.00388387 8.19475e-06
1.53 -0.0745869 0.00221198 -0.169524 -0.000180534 -0.00413193 1.82372e-05
1.54 -0.0716263 0.0022411 -0.156549 -0.000122763 -0.00439985 7.09968e-06
1.55 -0.0687994 0.00229109 -0.139796 -6.57691e-05 -0.00460419 -1.29147e-05
1.56 -0.065981 0.00234925 -0.120255 -5.37337e-06 -0.00481927 -2.03299e-05
1.57 -0.0632201 0.00241301 -0.0986204 6.088e-05 -0.00504566 -7.64181e-06
1.58 -0.0605954 0.00248404 -0.075635 0.00012588 -0.00518398 1.12924e-05
1.59 -0.057926 0.00256079 -0.0517603 0.000178477 -0.00538562 1.62528e-05
1.6 -0.0553993 0.00263869 -0.0273859 0.000215328 -0.0055352 2.30584e-06
1.61 -0.0529378 0.0027067 -0.00277973 0.000240947 -0.00564757 -1.53434e-05
1.62 -0.0504849 0.00275218 0.0217755 0.000260663 -0.00581818 -1.77933e-05
1.63 -0.0482104 0.00277151 0.0460405 0.000277067 -0.00590607 -2.84497e-06
1.64 -0.0459682 0.00277218 0.0696687 0.000289889 -0.00601839 1.35085e-05
1.65 -0.043837 0.0027629 0.0921651 0.000298132 -0.00613613 1.39212e-05
1.66 -0.0418704 0.00274186 0.113093 0.000301508 -0.00620499 -1.75686e-06
1.67 -0.0400011 0.00269734 0.131684 0.000300329 -0.00629068 -1.65351e-05
1.68 -0.038284 0.00261904 0.14735 0.000294671 -0.00637838 -1.501e-05
1.69 -0.036788 0.00251017 0.159369 0.000283823 -0.00641378 9.2606e-07
1.7 -0.0354173 0.00238503 0.167073 0.000266964 -0.00647466 1.40516e-05
1.71 -0.0342728 0.00225747 0.17004 0.000243884 -0.00652727 1.0535e-05
1.72 -0.0333899 0.00212961 0.167861 0.00021527 -0.0065129 -5.62266e-06
1.73 -0.0326411 0.0019946 0.160475 0.000181923 -0.00656464 -1.71391e-05
1.74 -0.0322283 0.00184898 0.147987 0.000143961 -0.00654292 -1.20564e-05
1.75 -0.0320226 0.00170088 0.130771 0.000100958 -0.00651388 3.80082e-06
1.76 -0.032038 0.0015671 0.109375 5.27406e-05 -0.00651987 1.35057e-05
1.77 -0.0323915 0.00145952 0.0846035 4.25055e-07 -0.00644115 6.68988e-06
1.78 -0.0329258 0.00137847 0.0573048 -5.38889e-05 -0.00640025 -8.96214e-06
1.79 -0.0337416 0.00131657 0.0284418 -0.00010803 -0.00634091 -1.69573e-05
1.8 -0.0348337 0.00127096 -0.00094485 -0.000160831 -0.00623693 -9.10058e-06
1.81 -0.0361194 0.00124927 -0.0300003 -0.000212073 -0.00615544 5.99908e-06
1.82 -0.0376583 0.00126306 -0.0577438 -0.000261564 -0.00605492 1.19371e-05
1.83 -0.0394449 0.00131724 -0.0834502 -0.000308489 -0.00590985 2.75786e-06
1.84 -0.0413754 0.00140383 -0.10646 -0.000351383 -0.00579699 -1.17967e-05
1.85 -0.043546 0.00151054 -0.126186 -0.000389246 -0.0056473 -1.62389e-05
1.86 -0.045894 0.00163021 -0.142264 -0.000421913 -0.00546039 -6.25464e-06
1.87 -0.048335 0.00176551 -0.154358 -0.000449948 -0.00532127 7.25128e-06
1.88 -0.0510034 0.00192087 -0.162257 -0.00047359 -0.00510313 9.87815e-06
1.89 -0.0537303 0.00209193 -0.16586 -0.000492205 -0.00490063 -1.03762e-06
1.9 -0.0565573 0.00226468 -0.165127 -0.000504739 -0.00470812 -1.35391e-05
1.91 -0.0595268 0.00242233 -0.160067 -0.000510432 -0.00444523 -1.46742e-05
1.92 -0.0624875 0.0025569 -0.150847 -0.000509494 -0.00422534 -3.17058e-06
1.93 -0.065537 0.00266874 -0.137621 -0.000502506 -0.00397831 8.34586e-06
1.94 -0.0686351 0.00275912 -0.120677 -0.000489784 -0.00369592 7.8872e-06
1.95 -0.0716949 0.00282115 -0.100432 -0.000471019 -0.0034512 -3.63619e-06
1.96 -0.0748056 0.00283997 -0.0773005 -0.000445757 -0.00317231 -1.39273e-05
1.97 -0.0779007 0.00280303 -0.0518982 -0.000414288 -0.00287705 -1.17141e-05
1.98 -0.0809283 0.00270655 -0.0248814 -0.000377583 -0.00262067 2.97115e-07
1.99 -0.0839815 0.00255651 0.00304804 -0.000336975 -0.00231979 9.63536e-06
2 -0.0869587 0.00235746 0.0310558 -0.000293075 -0.00202683 6.60796e-06
2.01 -0.0898586 0.00210737 0.0583413 -0.000245932 -0.00176623 -4.97775e-06
2.02 -0.0927606 0.00179917 0.0841094 -0.00019549 -0.00145285 -1.24308e-05
2.03 -0.0955298 0.00142946 0.107528 -0.000142473 -0.00117921 -7.72401e-06
2.04 -0.0982404 0.00100531 0.127924 -8.86414e-05 -0.000912265 4.41302e-06
2.05 -0.100906 0.000539929 0.144669 -3.50787e-05 -0.000605338 1.10954e-05
2.06 -0.103415 4.86324e-05 0.157228 1.96448e-05 -0.000356476 6.11894e-06
2.07 -0.105879 -0.000460262 0.165289 7.74287e-05 -8.5871e-05 -4.95804e-06
2.08 -0.108245 -0.000986524 0.168595 0.00013515 0.000195848 -9.83162e-06
2.09 -0.110452 -0.00152971 0.167089 0.000186211 0.000421595 -3.20414e-06
2.1 -0.112616 -0.00207858 0.160872 0.000226012 0.000686623 7.79874e-06
2.11 -0.114627 -0.00261635 0.150144 0.000252207 0.000930293 1.21114e-05
2.12 -0.116499 -0.00313467 0.135251 0.000262978 0.00113769 5.35375e-06
2.13 -0.118298 -0.00363458 0.116678 0.000257285 0.00138353 -4.44859e-06
2.14 -0.119912 -0.00412128 0.0949323 0.000236722 0.00158699 -6.62328e-06
2.15 -0.121398 -0.00459171 0.0706508 0.000206273 0.00177796 1.57564e-06
2.16 -0.12277 -0.00503338 0.0445347 0.000174137 0.00199408 1.17757e-05
2.17 -0.123936 -0.00543054 0.0172265 0.000150003 0.00216319 1.36507e-05
2.18 -0.12497 -0.00577231 -0.010462 0.00014283 0.00233322 5.97633e-06
2.19 -0.125853 -0.00605619 -0.0378473 0.000158687 0.00252171 -2.88011e-06
2.2 -0.1265 -0.00628053 -0.0641968 0.000198947 0.00265296 -3.04375e-06
2.21 -0.127019 -0.00643982 -0.0887716 0.000260227 0.00280946 5.12761e-06
2.22 -0.127326 -0.00652277 -0.110962 0.000335217 0.00296202 1.29751e-05
2.23 -0.127388 -0.00652015 -0.130125 0.000414586 0.00305995 1.1897e-05
2.24 -0.127312 -0.00643071 -0.145741 0.000488397 0.00320693 2.83908e-06
2.25 -0.12695 -0.00626087 -0.157361 0.000546989 0.00330762 -4.56614e-06
2.26 -0.126374 -0.00601941 -0.164658 0.000581634 0.0033925 -3.16864e-06
2.27 -0.125594 -0.00571063 -0.167365 0.000585148 0.00350759 5.3124e-06
2.28 -0.12451 -0.00533769 -0.16543 0.000553103 0.00356638 1.12859e-05
2.29 -0.12321 -0.0049076 -0.15885 0.000484151 0.00363572 8.408e-06
2.3 -0.121654 -0.00443786 -0.147779 0.000379951 0.00370645 -3.72738e-07
2.31 -0.119797 -0.00395356 -0.132578 0.00024431 0.00373595 -5.73369e-06
2.32 -0.117702 -0.00347965 -0.113577 8.29363e-05 0.00377195 -2.15851e-06
2.33 -0.115337 -0.00303574 -0.0913982 -9.614e-05 0.00380968 6.27338e-06
2.34 -0.112653 -0.00263573 -0.0666311 -0.000282471 0.00379517 1.08015e-05
2.35 -0.109754 -0.00229492 -0.0399804 -0.000463813 0.00380856 6.52781e-06
2.36 -0.106547 -0.00203181 -0.0122504 -0.000628213 0.00379988 -1.52004e-06
2.37 -0.10305 -0.00186615 0.0158083 -0.000766089 0.00374617 -4.89869e-06
2.38 -0.0993522 -0.00181193 0.0433685 -0.000871759 0.00373907 -1.17513e-07
2.39 -0.095319 -0.00187458 0.069664 -0.000943463 0.00366648 7.65183e-06
2.4 -0.0910771 -0.00205448 0.0939438 -0.000982304 0.00359837 9.94027e-06
2.41 -0.086603 -0.00235165 0.115568 -0.000991104 0.00354132 4.55085e-06
2.42 -0.0818496 -0.00276869 0.133895 -0.000973564 0.00342633 -2.76087e-06
2.43 -0.0769297 -0.00330589 0.148479 -0.000934363 0.00333383 -4.1234e-06
2.44 -0.0717875 -0.0039576 0.158915 -0.000878829 0.0032237 1.85855e-06
2.45 -0.0664401 -0.00471072 0.164901 -0.000812219 0.00308015 9.02569e-06
2.46 -0.0609561 -0.0055494 0.166361 -0.000738086 0.00294855 1.00706e-05
2.47 -0.0553073 -0.00645969 0.163185 -0.000657076 0.0028043 4.56006e-06
2.48 -0.0494988 -0.00742928 0.155529 -0.000566881 0.00262122 -9.15008e-07
2.49 -0.0436312 -0.00844366 0.143594 -0.000463295 0.00246927 -2.2299e-09
2.5 -0.0376201 -0.00948137 0.127685 -0.000341803 0.00228376 7.08035e-06
2.51 -0.0315401 -0.0105156 0.108274 -0.000198757 0.00207746 1.33011e-05
2.52 -0.0254456 -0.0115194 0.0858624 -3.22644e-05 0.00191137 1.28492e-05
2.53 -0.0192403 -0.0124707 0.0610679 0.000157232 0.00168336 6.93798e-06
2.54 -0.0130687 -0.0133522 0.0345658 0.000366371 0.00148361 2.35582e-06
2.55 -0.00687692 -0.0141471 0.00709508 0.000588765 0.00128674 4.31711e-06
2.56 -0.000656912 -0.0148357 -0.0206231 0.000815531 0.0010498 1.0876e-05
2.57 0.00549105 -0.0153972 -0.0477743 0.0010364 0.000852444 1.51394e-05
2.58 0.011644 -0.0158155 -0.0736367 0.00124107 0.00063642 1.27493e-05
2.59 0.0177605 -0.0160826 -0.0974867 0.00142005 0.000408661 6.43718e-06
2.6 0.0237974 -0.0161975 -0.118609 0.00156535 0.000209951 2.78632e-06
2.61 0.0298087 -0.0161612 -0.136471 0.00167067 -3.06334e-06 5.66733e-06
2.62 0.035762 -0.0159748 -0.150505 0.00173189 -0.000223783 1.1647e-05
2.63 0.0416123 -0.0156407 -0.160334 0.00174745 -0.000406467 1.42253e-05
2.64 0.0474446 -0.0151681 -0.165687 0.00171858 -0.000617507 1.05776e-05
2.65 0.0531777 -0.0145742 -0.166378 0.00164877 -0.000815924 4.32376e-06
2.66 0.0588192 -0.013881 -0.162409 0.00154292 -0.000980145 1.86912e-06
2.67 0.064438 -0.013111 -0.15389 0.00140645 -0.00118578 5.23743e-06
2.68 0.0699181 -0.0122841 -0.141048 0.00124479 -0.00134452 1.02986e-05
2.69 0.0753425 -0.0114204 -0.124264 0.0010634 -0.00150295 1.10222e-05
2.7 0.0806983 -0.0105433 -0.10402 0.000867631 -0.00168018 6.19697e-06
2.71 0.085913 -0.0096802 -0.0808634 0.00066257 -0.00180752 1.79035e-07
2.72 0.0910745 -0.00885854 -0.0554861 0.00045268 -0.00195397 -1.31538e-06
2.73 0.0961195 -0.00810065 -0.0285836 0.000241719 -0.00209412 2.38472e-06
2.74 0.101025 -0.00742318 -0.00090225 3.31435e-05 -0.00219779 6.34737e-06
2.75 0.105848 -0.00683904 0.0267481 -0.000169485 -0.00232195 5.80698e-06
2.76 0.110514 -0.00636166 0.0536351 -0.000362083 -0.00242886 4.44603e-07
2.77 0.11502 -0.00600359 0.0789963 -0.00054036 -0.00250685 -4.50373e-06
2.78 0.119407 -0.00577386 0.102116 -0.000700054 -0.00260954 -4.56048e-06
2.79 0.123582 -0.00567373 0.122395 -0.000837333 -0.00268114 -3.8135e-07
2.8 0.127574 -0.00569736 0.139245 -0.000948729 -0.00273708 3.06004e-06
2.81 0.131393 -0.0058359 0.152213 -0.0010311 -0.00281711 1.58727e-06
2.82 0.134941 -0.00607968 0.160972 -0.00108188 -0.002851 -3.47333e-06
2.83 0.138288 -0.00641938 0.165246 -0.00109941 -0.00289212 -7.17856e-06
2.84 0.14139 -0.00684114 0.164951 -0.00108358 -0.00294049 -5.82433e-06
2.85 0.144185 -0.00732613 0.160095 -0.00103568 -0.00294158 -1.39671e-06
2.86 0.146753 -0.00785127 0.150794 -0.000958267 -0.00296737 1.26539e-06
2.87 0.149007 -0.00839388 0.137329 -0.000854692 -0.00297563 -8.62932e-07
2.88 0.150949 -0.00893487 0.120061 -0.000728819 -0.00295064 -5.69974e-06
2.89 0.15263 -0.00945694 0.0994543 -0.000585143 -0.0029526 -8.00223e-06
2.9 0.153961 -0.00994309 0.0760951 -0.000428567 -0.00291729 -5.79095e-06
2.91 0.154994 -0.0103737 0.0506214 -0.000264324 -0.00286958 -1.33517e-06
2.92 0.15574 -0.0107307 0.0237162 -9.72303e-05 -0.00283545 4.07989e-07
2.93 0.156143 -0.0109995 -0.00383388 6.84859e-05 -0.00276058 -2.38452e-06
2.94 0.156271 -0.0111723 -0.0313058 0.000229307 -0.00268404 -6.62606e-06
2.95 0.156118 -0.0112459 -0.0579186 0.000381979 -0.00261072 -8.01121e-06
2.96 0.155652 -0.0112181 -0.0829094 0.000523145 -0.00249552 -5.0538e-06
2.97 0.154955 -0.0110886 -0.105627 0.000649678 -0.00238782 -1.23254e-06
2.98 0.154003 -0.0108586 -0.125381 0.000759092 -0.00227445 -5.21465e-07
2.99 0.152787 -0.010535 -0.141649 0.000850364 -0.00211648 -3.92378e-06
3 0.151408 -0.010129 -0.153968 0.000923704 -0.00198439 -7.74245e-06
3.01 0.149793 -0.00965388 -0.161973 0.000980114 -0.0018216 -8.1872e-06
3.02 0.148003 -0.00912249 -0.165455 0.0010207 -0.00163431 -5.17651e-06
3.03 0.146091 -0.00854539 -0.164309 0.00104632 -0.00147328 -2.01439e-06
3.04 0.143987 -0.00793427 -0.158561 0.00105786 -0.00126362 -2.73163e-06
3.05 0.141793 -0.00730316 -0.148373 0.00105523 -0.00106102 -6.57663e-06
3.06 0.139493 -0.00667222 -0.134054 0.00103623 -0.000860909 -1.01464e-05
3.07 0.137071 -0.00606097 -0.115965 0.000998656 -0.000625168 -1.00862e-05
3.08 0.134599 -0.00547988 -0.0946668 0.000945068 -0.000403229 -6.95555e-06
3.09 0.13205 -0.00493146 -0.0707289 0.000880742 -0.000175223 -4.75137e-06
3.1 0.129421 -0.00441982 -0.0448208 0.000807807 7.80774e-05 -6.16246e-06
3.11 0.12677 -0.00395458 -0.0177116 0.000725301 0.000314457 -1.04293e-05
3.12 0.124058 -0.00354447 0.00989607 0.000631947 0.000557112 -1.34134e-05
3.13 0.121284 -0.00319508 0.0371812 0.000527842 0.000824837 -1.28133e-05
3.14 0.118516 -0.00290501 0.0634059 0.000414459 0.00105699 -9.72225e-06
3.15 0.115663 -0.00266865 0.0878444 0.000294407 0.00131681 -8.12943e-06
3.16 0.112789 -0.00247931 0.109806 0.00017091 0.00157588 -1.02205e-05
3.17 0.109899 -0.00233082 0.128693 4.72942e-05 0.00180334 -1.40589e-05
3.18 0.106922 -0.00221796 0.14399 -7.3373e-05 0.00206938 -1.63526e-05
3.19 0.103951 -0.00213242 0.155275 -0.000188766 0.00230173 -1.48817e-05
3.2 0.100925 -0.00206355 0.16223 -0.000297036 0.00253188 -1.20288e-05
3.21 0.0978439 -0.00199831 0.164702 -0.000396749 0.00277735 -1.11602e-05
3.22 0.0947595 -0.0019254 0.162579 -0.000486457 0.00299042 -1.35842e-05
3.23 0.0916208 -0.001836 0.155966 -0.000564865 0.00320838 -1.71933e-05
3.24 0.0884496 -0.00172266 0.145035 -0.000631043 0.00342857 -1.83961e-05
3.25 0.0852827 -0.00157811 0.130064 -0.000684529 0.00362079 -1.65055e-05
3.26 0.0820803 -0.00139354 0.111517 -0.000725407 0.0038168 -1.37704e-05
3.27 0.0788735 -0.00116228 0.0898544 -0.000753824 0.00401525 -1.35863e-05
3.28 0.075709 -0.000880612 0.065704 -0.000770002 0.00417529 -1.61967e-05
3.29 0.0725233 -0.000549537 0.0397279 -0.000774065 0.00435864 -1.91828e-05
3.3 0.0694071 -0.000172314 0.0126305 -0.000766295 0.00452132 -1.95277e-05
3.31 0.0663527 0.000247652 -0.0148252 -0.000747181 0.00465869 -1.70254e-05
3.32 0.0633344 0.000706549 -0.0418794 -0.000717266 0.00482425 -1.47063e-05
3.33 0.0604576 0.00119928 -0.0677871 -0.000677098 0.00494596 -1.48379e-05
3.34 0.0576628 0.00171669 -0.0918224 -0.000627061 0.00507274 -1.75428e-05
3.35 0.0549958 0.00224714 -0.113299 -0.000567706 0.00520327 -1.97626e-05
3.36 0.0525064 0.00277783 -0.131647 -0.000499821 0.00529819 -1.92038e-05
3.37 0.0501538 0.0032977 -0.146311 -0.000424625 0.00540447 -1.64975e-05
3.38 0.0479925 0.00379712 -0.1569 -0.000343569 0.00550091 -1.43905e-05
3.39 0.0460453 0.00426613 -0.16312 -0.000258153 0.00557085 -1.50409e-05
3.4 0.0442794 0.00469393 -0.16476 -0.000169918 0.00564997 -1.74915e-05
3.41 0.0427468 0.00506891 -0.161814 -8.04347e-05 0.00571605 -1.90171e-05
3.42 0.0414541 0.00538203 -0.154334 8.47009e-06 0.00575374 -1.76967e-05
3.43 0.0403572 0.0056276 -0.142535 9.48774e-05 0.00581039 -1.49039e-05
3.44 0.0395278 0.00580331 -0.126766 0.00017689 0.00583579 -1.32029e-05
3.45 0.0389216 0.00590822 -0.107452 0.000252866 0.00584726 -1.41478e-05
3.46 0.0385208 0.00594177 -0.0851465 0.000321442 0.0058739 -1.63805e-05
3.47 0.0383866 0.00590496 -0.0604868 0.00038139 0.0058554 -1.7069e-05
3.48 0.0384317 0.00580186 -0.0341519 0.000431544 0.0058454 -1.52966e-05
3.49 0.03869 0.00564086 -0.00689001 0.000470773 0.00582808 -1.25131e-05
3.5 0.0391641 0.00543276 0.0205253 0.000498198 0.00577384 -1.13432e-05
3.51 0.0397846 0.00518932 0.0473509 0.000513223 0.00573349 -1.2599e-05
3.52 0.0405927 0.00492178 0.0728176 0.000515577 0.00566964 -1.45146e-05
3.53 0.0415582 0.00464231 0.0962239 0.000505276 0.00558188 -1.4617e-05
3.54 0.0426333 0.00436587 0.116939 0.000482801 0.00550306 -1.25388e-05
3.55 0.0438567 0.00410835 0.134365 0.000447636 0.00539537 -1.00834e-05
3.56 0.045181 0.00388017 0.148047 0.000395934 0.00527074 -9.56537e-06
3.57 0.0465789 0.00368735 0.15761 0.000324898 0.00515381 -1.11788e-05
3.58 0.0480878 0.00354352 0.162776 0.000240784 0.0050008 -1.25948e-05
3.59 0.0496465 0.00346811 0.163437 0.000154564 0.00484313 -1.20021e-05
3.6 0.0512548 0.00347401 0.15956 7.06343e-05 0.00468733 -9.63646e-06
3.61 0.0529452 0.00356544 0.151254 -1.34068e-05 0.00449232 -7.83596e-06
3.62 0.054642 0.00374322 0.138771 -0.000100994 0.00430887 -8.2989e-06
3.63 0.0563909 0.00400562 0.122433 -0.000193532 0.00411318 -1.02729e-05
3.64 0.0581871 0.00434925 0.102702 -0.000289986 0.00388775 -1.14014e-05
3.65 0.0599778 0.00476955 0.0801278 -0.000387975 0.00368346 -1.02902e-05
3.66 0.061828 0.0052605 0.0553187 -0.000484683 0.00345195 -7.90844e-06
3.67 0.0636974 0.00581446 0.0289671 -0.000577446 0.00321205 -6.45707e-06
3.68 0.0655746 0.00641974 0.00180842 -0.000663809 0.0029873 -7.32549e-06
3.69 0.067511 0.00706107 -0.0254237 -0.000741627 0.00273448 -9.07815e-06
3.7 0.0694537 0.00772026 -0.0519566 -0.000808979 0.00248873 -9.68098e-06
3.71 0.0714224 0.00837909 -0.0770505 -0.000864139 0.0022497 -8.15133e-06
3.72 0.0734407 0.00902047 -0.100028 -0.00090549 0.00198941 -5.70372e-06
3.73 0.0754631 0.00962791 -0.120208 -0.000931486 0.00174339 -4.69882e-06
3.74 0.0775139 0.010185 -0.137054 -0.000940881 0.0015008 -5.54346e-06
3.75 0.0796052 0.0106745 -0.150082 -0.000932872 0.00124034 -6.96342e-06
3.76 0.0816806 0.0110804 -0.158907 -0.000907485 0.00100408 -6.8248e-06
3.77 0.0837849 0.0113893 -0.163308 -0.000865447 0.000762854 -4.78901e-06
3.78 0.0858952 0.0115918 -0.16313 -0.000808126 0.000511426 -2.37449e-06
3.79 0.0879635 0.0116815 -0.158391 -0.000737149 0.00029291 -1.48769e-06
3.8 0.0900466 0.0116535 -0.149224 -0.000654198 5.31519e-05 -2.31157e-06
3.81 0.092072 0.0115055 -0.135881 -0.000561064 -0.000173583 -3.04364e-06
3.82 0.0940382 0.0112378 -0.118737 -0.000459588 -0.000379917 -2.26098e-06
3.83 0.0959657 0.0108559 -0.0982886 -0.000351871 -0.000606463 3.35987e-07
3.84 0.0977772 0.0103691 -0.075099 -0.000240008 -0.000805651 2.68117e-06
3.85 0.0994987 0.00978975 -0.0498235 -0.000126091 -0.00100148 3.42258e-06
3.86 0.101109 0.00913204 -0.0231929 -1.21008e-05 -0.00120352 2.84242e-06
3.87 0.102559 0.00841108 0.0040821 9.99462e-05 -0.00138172 2.46712e-06
3.88 0.103866 0.00764454 0.0311989 0.000207781 -0.00155887 3.9403e-06
3.89 0.105007 0.00685188 0.0574237 0.000309025 -0.00173929 6.49665e-06
3.9 0.105934 0.00605518 0.0820304 0.000401167 -0.00189342 8.6061e-06
3.91 0.106681 0.00527561 0.104312 0.000481977 -0.00205312 8.96068e-06
3.92 0.107208 0.00453335 0.123686 0.000549385 -0.00221141 8.28445e-06
3.93 0.107484 0.0038466 0.139597 0.000601597 -0.00233897 8.2291e-06
3.94 0.107561 0.0032321 0.151618 0.000637049 -0.00248774 9.75125e-06
3.95 0.107363 0.00270617 0.159425 0.00065446 -0.00261314 1.21621e-05
3.96 0.106922 0.00228237 0.162806 0.000653238 -0.0027253 1.35419e-05
3.97 0.106251 0.00197185 0.161668 0.000633515 -0.00285322 1.34769e-05
3.98 0.105294 0.00178098 0.156057 0.000596402 -0.00294723 1.2532e-05
3.99 0.104109 0.00171293 0.146125 0.000543325 -0.00304615 1.25351e-05
4 0.102676 0.00176682 0.132138 0.000475244 -0.00314158 1.40185e-05
4.01 0.100983 0.00193709 0.114511 0.000391905 -0.00321194 1.57417e-05
4.02 0.0990726 0.00221293 0.0936925 0.000292319 -0.00328526 1.65546e-05
4.03 0.0969302 0.00257803 0.0702859 0.000176987 -0.00335011 1.58041e-05
4.04 0.0945544 0.00301561 0.0449294 5.01285e-05 -0.00339003 1.49664e-05
4.05 0.0919924 0.00350758 0.0183061 -8.10927e-05 -0.00343472 1.52749e-05
4.06 0.0892198 0.00403218 -0.00881782 -0.000210956 -0.00346493 1.68838e-05
4.07 0.0862488 0.00456701 -0.0357169 -0.00033202 -0.00346863 1.8553e-05
4.08 0.0831313 0.00510315 -0.0616312 -0.000427603 -0.00348591 1.90323e-05
4.09 0.0798143 0.00564131 -0.0858362 -0.000479125 -0.00347013 1.83809e-05
4.1 0.0763561 0.00617312 -0.107662 -0.000480984 -0.00344496 1.72999e-05
4.11 0.0727616 0.00668257 -0.126495 -0.000441152 -0.0034242 1.71285e-05
4.12 0.0689986 0.00715377 -0.141797 -0.000372913 -0.00336502 1.75671e-05
4.13 0.065133 0.0075763 -0.153146 -0.000290017 -0.00331282 1.81215e-05
4.14 0.0611314 0.00794403 -0.160219 -0.000204374 -0.00324638 1.79418e-05
4.15 0.0569991 0.00825302 -0.162801 -0.000126161 -0.00315479 1.6975e-05
4.16 0.0527733 0.0084998 -0.160842 -6.43153e-05 -0.00306849 1.63825e-05
4.17 0.0484214 0.00867932 -0.154371 -2.67522e-05 -0.00296412 1.64715e-05
4.18 0.0439566 0.00878599 -0.143581 -2.00722e-05 -0.0028415 1.74214e-05
4.19 0.0394038 0.00881276 -0.128786 -4.78228e-05 -0.0027247 1.82245e-05
4.2 0.0347276 0.00875398 -0.110379 -0.000108934 -0.00258797 1.84407e-05
4.21 0.02995 0.00860583 -0.0889051 -0.000196617 -0.00243827 1.82936e-05
4.22 0.0250891 0.00836788 -0.0649579 -0.000299364 -0.00229935 1.85292e-05
4.23 0.0200991 0.00804367 -0.039208 -0.000403282 -0.00213228 1.95787e-05
4.24 0.0150321 0.00763916 -0.0123934 -0.000494943 -0.00196895 2.08323e-05
4.25 0.00987151 0.00716297 0.014745 -0.000563953 -0.00180931 2.17162e-05
4.26 0.00459739 0.0066239 0.0414482 -0.000604162 -0.0016235 2.15305e-05
4.27 -0.000732942 0.0060319 0.0669618 -0.000614118 -0.00145616 2.10757e-05
4.28 -0.00616071 0.00539762 0.0905877 -0.000596348 -0.0012789 2.09824e-05
4.29 -0.0116648 0.00473339 0.111671 -0.000556348 -0.00109101 2.15392e-05
4.3 -0.017211 0.00405321 0.12962 -0.000501275 -0.000921836 2.24556e-05
4.31 -0.0228325 0.00337134 0.143959 -0.000438656 -0.000738902 2.2732e-05
4.32 -0.0284879 0.00270202 0.154286 -0.000375401 -0.000558027 2.24663e-05
4.33 -0.0341608 0.0020575 0.160317 -0.000316826 -0.000392095 2.20601e-05
4.34 -0.0398686 0.00144932 0.161909 -0.000266236 -0.00021405 2.22797e-05
4.35 -0.045563 0.000887431 0.159002 -0.000224496 -4.51388e-05 2.31865e-05
4.36 -0.0512357 0.00038089 0.151691 -0.000190222 0.000110661 2.41916e-05
4.37 -0.0568957 -6.29613e-05 0.140185 -0.000160164 0.000279374 2.46025e-05
4.38 -0.0624838 -0.000439312 0.124784 -0.000129981 0.000430049 2.43615e-05
4.39 -0.0680104 -0.000745473 0.105935 -9.52572e-05 0.000574271 2.41497e-05
4.4 -0.0734656 -0.000981287 0.0841452 -5.23389e-05 0.000729385 2.43235e-05
4.41 -0.078791 -0.00114794 0.0600123 8.92984e-07 0.000858078 2.50532e-05
4.42 -0.0840182 -0.00124844 0.0342145 6.48038e-05 0.000993282 2.55152e-05
4.43 -0.089106 -0.00128736 0.00745317 0.000137915 0.00112755 2.52863e-05
4.44 -0.094024 -0.00127154 -0.0195288 0.000216969 0.00123786 2.45793e-05
4.45 -0.0988019 -0.00121035 -0.0459761 0.000296881 0.00136204 2.38815e-05
4.46 -0.103382 -0.00111575 -0.0711596 0.000371011 0.00147165 2.38084e-05
4.47 -0.10777 -0.00100215 -0.0943787 0.000432307 0.00156849 2.4115e-05
4.48 -0.111974 -0.000884775 -0.114969 0.000475249 0.00167509 2.42562e-05
4.49 -0.115948 -0.000778552 -0.132372 0.00049796 0.00176248 2.39136e-05
4.5 -0.119713 -0.00069611 -0.146084 0.000503108 0.00184421 2.33897e-05
4.51 -0.123265 -0.000647192 -0.155714 0.000497364 0.00193025 2.31027e-05
4.52 -0.126574 -0.000638049 -0.161009 0.000489545 0.00199601 2.34005e-05
4.53 -0.129667 -0.000671477 -0.161789 0.000488664 0.00205911 2.37801e-05
4.54 -0.132538 -0.000746426 -0.158053 0.000502316 0.00212432 2.36423e-05
4.55 -0.135162 -0.000860728 -0.149899 0.000533583 0.00216378 2.28615e-05
4.56 -0.137584 -0.00101723 -0.137546 0.000577395 0.00220997 2.16421e-05
4.57 -0.139777 -0.00121897 -0.121359 0.000626058 0.00224728 2.08002e-05
4.58 -0.14174 -0.00145367 -0.101785 0.00068014 0.00226122 2.05957e-05
4.59 -0.143517 -0.00169658 -0.0793773 0.000743844 0.00228791 2.06071e-05
4.6 -0.145062 -0.0019298 -0.0547711 0.000811886 0.00229006 1.99321e-05
4.61 -0.146413 -0.00214437 -0.0286601 0.000870058 0.00228305 1.83394e-05
4.62 -0.147577 -0.00233322 -0.0017676 0.000903602 0.00227927 1.63684e-05
4.63 -0.148528 -0.0024879 0.0251361 0.00090171 0.00224854 1.51436e-05
4.64 -0.149306 -0.00259833 0.0513138 0.0008586 0.0022161 1.49363e-05
4.65 -0.1499 -0.00265575 0.076036 0.000772488 0.00217637 1.49133e-05
4.66 -0.150301 -0.00265434 0.0986008 0.000644651 0.00211418 1.43768e-05
4.67 -0.150538 -0.00259275 0.118413 0.000479442 0.00204896 1.28497e-05
4.68 -0.150598 -0.00247264 0.134901 0.000284367 0.00197492 1.13199e-05
4.69 -0.150472 -0.00229778 0.147626 6.9946e-05 0.00187573 1.05467e-05
4.7 -0.150195 -0.00207243 0.156247 -0.000151539 0.00178031 1.05369e-05
4.71 -0.149733 -0.00180159 0.160516 -0.000367573 0.00166745 1.05293e-05
4.72 -0.149098 -0.00149188 0.160336 -0.000567075 0.00153428 9.57825e-06
4.73 -0.148314 -0.0011516 0.155708 -0.000741697 0.00140994 7.81535e-06
4.74 -0.147335 -0.000791709 0.146764 -0.000886413 0.00125625 5.99024e-06
4.75 -0.146203 -0.000423679 0.133754 -0.000999705 0.00109963 5.0355e-06
4.76 -0.144906 -5.97913e-05 0.117042 -0.00108284 0.000941983 4.63333e-06
4.77 -0.143425 0.000288054 0.0970766 -0.00113901 0.000758884 4.18291e-06
4.78 -0.141798 0.000607812 0.0744229 -0.00117215 0.000582324 2.95348e-06
4.79 -0.14 0.000886953 0.0496994 -0.00118598 0.000395821 1.14919e-06
4.8 -0.138036 0.00111359 0.0235799 -0.00118342 0.000195555 -1.25154e-07
4.81 -0.135931 0.00127615 -0.00319127 -0.00116617 9.30751e-07 -6.49604e-07
4.82 -0.133667 0.0013653 -0.0298978 -0.00113481 -0.000201439 -4.19796e-07
4.83 -0.131253 0.00137262 -0.0557806 -0.00108869 -0.000414324 -4.91522e-07
4.84 -0.128721 0.00129169 -0.0801196 -0.0010262 -0.000615735 -1.2896e-06
4.85 -0.126043 0.00111738 -0.102247 -0.000945043 -0.000828277 -2.35987e-06
4.86 -0.123252 0.00084648 -0.121525 -0.000843035 -0.00104373 -3.05105e-06
4.87 -0.120367 0.000478681 -0.137424 -0.000718934 -0.00124392 -2.86866e-06
4.88 -0.117364 1.57007e-05 -0.149492 -0.000572843 -0.00146205 -2.4501e-06
4.89 -0.114299 -0.000537275 -0.157384 -0.000406395 -0.00166659 -2.38167e-06
4.9 -0.111163 -0.00117338 -0.160877 -0.000222274 -0.00186615 -3.15537e-06
4.91 -0.10796 -0.00188286 -0.159875 -2.41273e-05 -0.00207688 -4.01898e-06
4.92 -0.104742 -0.00265352 -0.154394 0.000183749 -0.00226735 -4.39278e-06
4.93 -0.101486 -0.00347043 -0.144597 0.00039661 -0.00246186 -4.14167e-06
4.94 -0.0982247 -0.00431545 -0.130761 0.000609514 -0.00265553 -3.61543e-06
4.95 -0.0949843 -0.00516903 -0.113262 0.000817715 -0.00283267 -3.87713e-06
4.96 -0.0917554 -0.0060099 -0.092616 0.0010166 -0.00301355 -4.6151e-06
4.97 -0.0885689 -0.00681715 -0.0693879 0.00120186 -0.00318899 -5.5476e-06
4.98 -0.085446 -0.00756923 -0.0442362 0.00136926 -0.00334875 -5.93505e-06
4.99 -0.0823724 -0.00824505 -0.0178786 0.00151476 -0.00351378 -5.75702e-06
5 -0.079388 -0.00882433 0.00896282 0.00163453 -0.0036688 -5.78414e-06
5.01 -0.0764964 -0.00928824 0.0355231 0.00172503 -0.00380928 -6.4062e-06
5.02 -0.0736861 -0.00962151 0.0610648 0.00178323 -0.00395933 -7.72284e-06
5.03 -0.0710023 -0.00981113 0.084885 0.00180664 -0.00408931 -8.91722e-06
5.04 -0.0684232 -0.00984754 0.106314 0.00179372 -0.00421541 -9.70837e-06
5.05 -0.0659552 -0.00972517 0.124767 0.00174215 -0.00434541 -1.00484e-05
5.06 -0.0636311 -0.00944879 0.139739 0.00164665 -0.00445256 -1.07412e-05
5.07 -0.0614139 -0.00903011 0.150815 0.00150373 -0.00456513 -1.20706e-05
5.08 -0.0593332 -0.00847457 0.157698 0.00132063 -0.00467069 -1.34867e-05
5.09 -0.0573899 -0.00778423 0.160209 0.00111116 -0.00475907 -1.47215e-05
5.1 -0.0555614 -0.00697004 0.15827 0.000883916 -0.00485338 -1.53641e-05
5.11 -0.0538736 -0.00605395 0.151951 0.000641751 -0.00493381 -1.62363e-05
5.12 -0.0523161 -0.00506052 0.141427 0.000387035 -0.00500251 -1.76293e-05
5.13 -0.0508731 -0.00401497 0.12698 0.000124359 -0.00507344 -1.9358e-05
5.14 -0.0495696 -0.00294174 0.109026 -0.000139568 -0.00512762 -2.10026e-05
5.15 -0.0483855 -0.00186478 0.0880448 -0.000397351 -0.00517139 -2.1971e-05
5.16 -0.047314 -0.000808335 0.0646204 -0.000642082 -0.0052162 -2.26619e-05
5.17 -0.0463789 0.000204287 0.0394062 -0.000868149 -0.00523782 -2.34846e-05
5.18 -0.0455502 0.00114933 0.0130836 -0.00107123 -0.00525488 -2.48988e-05
5.19 -0.0448363 0.00200459 -0.0136053 -0.00124825 -0.00526653 -2.64425e-05
5.2 -0.0442541 0.00274931 -0.0399256 -0.001397 -0.00525232 -2.76589e-05
5.21 -0.0437664 0.00336587 -0.0651485 -0.00151571 -0.00524011 -2.82199e-05
5.22 -0.0434055 0.0038407 -0.088564 -0.00160293 -0.00521129 -2.83287e-05
5.23 -0.0431618 0.00416377 -0.10952 -0.00165726 -0.0051625 -2.88004e-05
5.24 -0.0430174 0.00432924 -0.127431 -0.00167771 -0.00511566 -2.9481e-05
5.25 -0.0430045 0.0043342 -0.141787 -0.00166365 -0.00504445 -3.03482e-05
5.26 -0.0430998 0.00417995 -0.152184 -0.00161527 -0.00496298 -3.06863e-05
5.27 -0.0433052 0.00387145 -0.158335 -0.00153342 -0.00487647 -3.03813e-05
5.28 -0.0436402 0.00341798 -0.160049 -0.00141977 -0.00476762 -2.99424e-05
5.29 -0.0440825 0.00283249 -0.157291 -0.00127664 -0.00465161 -2.96881e-05
5.3 -0.0446399 0.00213072 -0.150131 -0.00110696 -0.00452858 -2.98661e-05
5.31 -0.0453255 0.00133139 -0.138764 -0.000914298 -0.00438422 -2.99566e-05
5.32 -0.0461136 0.000454994 -0.123528 -0.000702786 -0.00423718 -2.96348e-05
5.33 -0.0470185 -0.000475493 -0.104833 -0.000477161 -0.0040815 -2.87629e-05
5.34 -0.0480445 -0.00143594 -0.0832205 -0.000242537 -0.00390551 -2.79351e-05
5.35 -0.0491592 -0.00240159 -0.0592975 -4.28483e-06 -0.00373507 -2.74326e-05
5.36 -0.0503917 -0.00334793 -0.0337322 0.000232193 -0.00354877 -2.72672e-05
5.37 -0.0517188 -0.00425162 -0.0072498 0.000461659 -0.00335202 -2.71116e-05
5.38 -0.0531236 -0.00509024 0.0194095 0.000679119 -0.00316233 -2.64074e-05
5.39 -0.0546295 -0.00584321 0.0455031 0.000880023 -0.0029528 -2.5507e-05
5.4 -0.0561945 -0.00649174 0.070302 0.00106029 -0.00274661 -2.46809e-05
5.41 -0.057824 -0.00702019 0.0931136 0.00121649 -0.00254023 -2.4317e-05
5.42 -0.0595159 -0.00741616 0.113319 0.00134577 -0.00232147 -2.43277e-05
5.43 -0.0612362 -0.00767097 0.130348 0.00144594 -0.00211016 -2.42032e-05
5.44 -0.0629901 -0.00777944 0.143742 0.00151542 -0.00189676 -2.3728e-05
5.45 -0.0647656 -0.00773964 0.153138 0.0015532 -0.00167718 -2.3104e-05
5.46 -0.0665325 -0.00755335 0.158269 0.00155893 -0.00146666 -2.27198e-05
5.47 -0.0682963 -0.0072258 0.159017 0.00153287 -0.00125502 -2.28003e-05
5.48 -0.0700405 -0.00676617 0.15535 0.0014759 -0.00103884 -2.31973e-05
5.49 -0.0717337 -0.00618673 0.14738 0.00138945 -0.000837545 -2.33509e-05
5.5 -0.0733933 -0.00550247 0.135331 0.00127552 -0.000628809 -2.32226e-05
5.51 -0.0749841 -0.00473036 0.119528 0.0011366 -0.000424137 -2.29793e-05
5.52 -0.0764936 -0.00388921 0.100415 0.000975697 -0.000232613 -2.29797e-05
5.53 -0.077936 -0.00299909 0.0785171 0.000796393 -2.97495e-05 -2.34297e-05
5.54 -0.0792651 -0.00208067 0.0544358 0.000602923 0.000158247 -2.39563e-05
5.55 -0.0804964 -0.00115551 0.0288351 0.000399123 0.000343775 -2.4226e-05
5.56 -0.0816189 -0.00024802 0.0024297 0.000186781 0.000533464 -2.41862e-05
5.57 -0.0826065 0.000616863 -0.0240614 -3.17882e-05 0.000708181 -2.4032e-05
5.58 -0.0834746 0.00142214 -0.0498913 -0.000248891 0.000885047 -2.3973e-05
5.59 -0.0842069 0.00215692 -0.074344 -0.000454101 0.00105973 -2.41789e-05
5.6 -0.0847895 0.00280867 -0.0967451 -0.000641356 0.00122269 -2.43517e-05
5.61 -0.0852364 0.00336265 -0.11645 -0.000809232 0.00138691 -2.44465e-05
5.62 -0.085532 0.00380657 -0.132923 -0.000957552 0.00154791 -2.43367e-05
5.63 -0.0856669 0.00413246 -0.145689 -0.00108558 0.00169506 -2.39685e-05
5.64 -0.0856617 0.00433677 -0.154387 -0.00119168 0.00184762 -2.36802e-05
5.65 -0.0854904 0.00441986 -0.158777 -0.00127393 0.00198999 -2.33218e-05
5.66 -0.0851603 0.00438471 -0.158725 -0.00133064 0.00212137 -2.2983e-05
5.67 -0.084686 0.00423734 -0.154235 -0.00136077 0.00225928 -2.24654e-05
5.68 -0.0840359 0.00398567 -0.145434 -0.00136399 0.00237823 -2.17453e-05
5.69 -0.0832388 0.00364017 -0.132567 -0.0013407 0.00249527 -2.08847e-05
5.7 -0.0822845 0.00321309 -0.115996 -0.00129181 0.00261032 -2.00266e-05
5.71 -0.0811605 0.00271817 -0.0961964 -0.00121862 0.00270654 -1.92162e-05
5.72 -0.0798916 0.00217077 -0.0737169 -0.00112277 0.00280436 -1.82795e-05
5.73 -0.0784584 0.00158672 -0.0491967 -0.00100612 0.00289158 -1.73325e-05
5.74 -0.0768627 0.000982795 -0.0233294 -0.000871043 0.0029644 -1.60611e-05
5.75 -0.0751187 0.000375312 0.00317059 -0.000720306 0.00303572 -1.48707e-05
5.76 -0.0732087 -0.000219752 0.0295473 -0.000557215 0.0030938 -1.36882e-05
5.77 -0.0711377 -0.00078766 0.0550732 -0.000385425 0.00313758 -1.25301e-05
5.78 -0.0689175 -0.00131521 0.0790395 -0.00020881 0.0031796 -1.14804e-05
5.79 -0.0665263 -0.00179057 0.100772 -3.1324e-05 0.00320368 -1.01833e-05
5.8 -0.0639784 -0.00220419 0.119684 0.000143246 0.0032158 -8.92324e-06
5.81 -0.0612784 -0.0025479 0.135247 0.000311259 0.00322528 -7.59812e-06
5.82 -0.0584032 -0.00281634 0.147035 0.000469472 0.00321123 -6.43819e-06
5.83 -0.0553817 -0.00300597 0.154734 0.000614926 0.00319272 -5.33605e-06
5.84 -0.0521992 -0.00311579 0.158132 0.000745094 0.0031645 -4.27754e-06
5.85 -0.0488509 -0.00314712 0.157139 0.000857852 0.00311483 -3.1621e-06
5.86 -0.0453624 -0.00310281 0.151792 0.000951454 0.00306524 -1.97189e-06
5.87 -0.0417116 -0.00298821 0.142237 0.00102466 0.00299896 -9.93398e-07
5.88 -0.0379127 -0.00280956 0.128738 0.00107658 0.00291942 1.51146e-08
5.89 -0.0339787 -0.00257513 0.111677 0.0011068 0.00283836 7.52824e-07
5.9 -0.0298947 -0.00229377 0.0915125 0.00111524 0.00274062 1.57835e-06
5.91 -0.0256823 -0.00197525 0.0688092 0.00110222 0.00263546 2.45518e-06
5.92 -0.0213477 -0.00162969 0.0441938 0.00106841 0.00252806 3.22216e-06
5.93 -0.0168842 -0.00126694 0.0183364 0.00101478 0.0024062 4.03782e-06
5.94 -0.0123161 -0.000897272 -0.00803384 0.000942697 0.00228131 4.57954e-06
5.95 -0.00764814 -0.000529782 -0.0341961 0.000853782 0.00215544 5.14493e-06
5.96 -0.00287613 -0.000173622 -0.0594212 0.000750047 0.00201566 5.68576e-06
5.97 0.00196578 0.00016376 -0.0829993 0.000633677 0.00188026 6.31155e-06
5.98 0.00688572 0.000475748 -0.104281 0.000507154 0.00174112 6.92844e-06
5.99 0.0118719 0.000757078 -0.122662 0.000373119 0.0015922 7.45852e-06
6 0.0168938 0.00100414 -0.137627 0.000234315 0.00145355 7.94197e-06
6.01 0.0219662 0.00121405 -0.148755 9.36165e-05 0.00130555 8.29112e-06
6.02 0.0270589 0.00138602 -0.155729 -4.62068e-05 0.00115797 8.85949e-06
6.03 0.0321582 0.00151996 -0.158348 -0.000182351 0.00101812 9.33838e-06
6.04 0.0372698 0.00161773 -0.156543 -0.000312197 0.000869707 9.93752e-06
6.05 0.0423592 0.00168189 -0.150358 -0.000433375 0.000728444 1.04672e-05
6.06 0.0474257 0.00171546 -0.139964 -0.000544126 0.000590759 1.08467e-05
6.07 0.0524617 0.00172211 -0.125665 -0.000642909 0.00044903 1.14063e-05
6.08 0.0574415 0.00170664 -0.10785 -0.000727571 0.000315757 1.19115e-05
6.09 0.0623638 0.00167558 -0.0870334 -0.000795898 0.000185471 1.2623e-05
6.1 0.0672219 0.00163426 -0.0637984 -0.000846574 5.25033e-05 1.32638e-05
6.11 0.0719882 0.00158774 -0.0387942 -0.000879379 -6.94266e-05 1.38354e-05
6.12 0.0766721 0.0015402 -0.0127351 -0.000894475 -0.000190918 1.43551e-05
6.13 0.081258 0.00149555 0.0136597 -0.000892191 -0.00031336 1.4932e-05
6.14 0.0857254 0.00145752 0.039646 -0.000872954 -0.000421735 1.56703e-05
6.15 0.0900913 0.00142873 0.0644995 -0.000837296 -0.000536449 1.64154e-05
6.16 0.0943265 0.00141155 0.087533 -0.000786059 -0.000643848 1.72438e-05
6.17 0.0984307 0.00140673 0.108108 -0.000720263 -0.000742652 1.78226e-05
6.18 0.102412 0.00141437 0.125655 -0.000641276 -0.00084772 1.84691e-05
6.19 0.10624 0.00143333 0.139696 -0.000550663 -0.000940284 1.91375e-05
6.2 0.10993 0.0014617 0.149848 -0.000450226 -0.00103139 1.98588e-05
6.21 0.113474 0.00149712 0.15583 -0.000341929 -0.00112277 2.07447e-05
6.22 0.116857 0.00153638 0.157493 -0.000227813 -0.00120314 2.14185e-05
6.23 0.12009 0.00157636 0.154784 -0.000110043 -0.00128273 2.20791e-05
6.24 0.123164 0.00161309 0.147788 9.23217e-06 -0.00135963 2.2648e-05
6.25 0.126067 0.00164309 0.136704 0.000127752 -0.00142526 2.32598e-05
6.26 0.128813 0.00166267 0.121827 0.000243308 -0.00148987 2.39636e-05
6.27 0.131389 0.00166878 0.103582 0.000353693 -0.00154956 2.4646e-05
6.28 0.133787 0.001659 0.0824631 0.000456801 -0.00159479 2.52377e-05
6.29 0.136024 0.00163131 0.0590543 0.000550718 -0.00164264 2.5681e-05
6.3 0.138075 0.00158492 0.0340052 0.000633682 -0.00167668 2.61499e-05
6.31 0.139951 0.00151953 0.00800363 0.000704226 -0.00170043 2.65526e-05
6.32 0.141655 0.00143623 -0.0182289 0.000761085 -0.00172394 2.70886e-05
6.33 0.143165 0.00133694 -0.0439628 0.000803311 -0.00172795 2.75186e-05
6.34 0.144503 0.00122465 -0.0684835 0.000830217 -0.00172772 2.77949e-05
6.35 0.145655 0.00110324 -0.0911089 0.000841416 -0.00171898 2.80435e-05
6.36 0.146615 0.000977256 -0.111198 0.000836817 -0.00169318 2.81385e-05
6.37 0.147397 0.000852146 -0.128197 0.000816594 -0.00166302 2.83556e-05
6.38 0.147987 0.000733694 -0.141619 0.000781223 -0.00162059 2.85381e-05
6.39 0.148387 0.000628317 -0.151086 0.000731414 -0.00156352 2.86299e-05
6.4 0.148605 0.000542253 -0.156336 0.000668167 -0.00150107 2.86012e-05
6.41 0.148631 0.000481729 -0.157208 0.000592699 -0.00142594 2.8461e-05
6.42 0.148466 0.000452518 -0.153684 0.000506456 -0.00133633 2.82792e-05
6.43 0.148125 0.000459812 -0.145861 0.000411075 -0.00124454 2.8158e-05
6.44 0.147587 0.000508203 -0.133955 0.000308347 -0.00113602 2.80391e-05
6.45 0.146872 0.000601238 -0.118308 0.000200223 -0.00101886 2.77853e-05
6.46 0.14598 0.000741361 -0.0993566 8.87597e-05 -0.000899154 2.74937e-05
6.47 0.144901 0.000929618 -0.0776375 -2.3899e-05 -0.000761138 2.70433e-05
6.48 0.143661 0.00116564 -0.0537645 -0.000135576 -0.00062309 2.66434e-05
6.49 0.142249 0.00144757 -0.0284087 -0.000244098 -0.000476982 2.62993e-05
6.5 0.140671 0.00177222 -0.00227937 -0.000347354 -0.000319282 2.59181e-05
6.51 0.138949 0.00213487 0.0238852 -0.000443314 -0.000163792 2.55008e-05
6.52 0.13707 0.00252952 0.0493601 -0.000530091 7.99026e-07 2.50026e-05
6.53 0.135054 0.00294873 0.0734351 -0.000606043 0.000170224 2.44382e-05
6.54 0.132913 0.00338351 0.0954366 -0.000669907 0.000337305 2.39557e-05
6.55 0.130644 0.00382449 0.114767 -0.000720186 0.000510953 2.35507e-05
6.56 0.128265 0.00426398 0.130885 -0.000754065 0.00068571 2.31108e-05
6.57 0.125792 0.00469501 0.143352 -0.00076932 0.000855895 2.27032e-05
6.58 0.123219 0.00510597 0.151834 -0.000767817 0.00103212 2.20654e-05
6.59 0.120574 0.00548223 0.156091 -0.000753722 0.00120451 2.14319e-05
6.6 0.117861 0.00581226 0.156021 -0.000728608 0.00137184 2.09579e-05
6.61 0.115083 0.00608881 0.151624 -0.000691338 0.00154552 2.06718e-05
6.62 0.112271 0.0063062 0.143025 -0.00064052 0.00170845 2.0546e-05
6.63 0.109417 0.00645919 0.130465 -0.000575786 0.00187185 2.0251e-05
6.64 0.106538 0.00654336 0.114292 -0.000498068 0.00203593 1.97574e-05
6.65 0.103654 0.00655505 0.0949479 -0.000409099 0.00218897 1.91742e-05
6.66 0.100757 0.00649293 0.072971 -0.000311094 0.00234563 1.88107e-05
6.67 0.0978717 0.00635766 0.0489657 -0.000206363 0.00249717 1.86017e-05
6.68 0.0950041 0.0061526 0.0235911 -9.72384e-05 0.00264148 1.85335e-05
6.69 0.0921549 0.00588337 -0.00244324 1.39924e-05 0.00278826 1.82833e-05
6.7 0.0893435 0.00555732 -0.0284243 0.000125074 0.00292802 1.77672e-05
6.71 0.086573 0.00518372 -0.0536263 0.000233655 0.00306281 1.73323e-05
6.72 0.0838437 0.00477279 -0.0773441 0.000337372 0.00319873 1.6897e-05
6.73 0.081175 0.00433656 -0.098924 0.000433801 0.00332691 1.67515e-05
6.74 0.0785633 0.00388759 -0.117751 0.000520727 0.00345051 1.65419e-05
6.75 0.076011 0.00343959 -0.133302 0.000596172 0.0035759 1.61133e-05
6.76 0.073537 0.00300621 -0.145139 0.000658583 0.0036893 1.55449e-05
6.77 0.0711276 0.00260095 -0.152921 0.000706787 0.00380283 1.48766e-05
6.78 0.0687952 0.00223712 -0.156434 0.000739932 0.00391325 1.43995e-05
6.79 0.0665489 0.00192675 -0.155573 0.000757524 0.00401153 1.39507e-05
6.8 0.064373 0.00168138 -0.150362 0.00075925 0.00411261 1.34928e-05
6.81 0.0622891 0.0015103 -0.140946 0.000745145 0.0042036 1.26979e-05
6.82 0.0602897 0.00142132 -0.127593 0.000715445 0.00428675 1.18187e-05
6.83 0.0583723 0.00141987 -0.110675 0.0006707 0.0043694 1.08928e-05
6.84 0.0565519 0.0015091 -0.0906761 0.000611728 0.00443916 1.00497e-05
6.85 0.0548184 0.00169022 -0.0681563 0.000539591 0.00450348 9.39094e-06
6.86 0.0531762 0.00196154 -0.0437481 0.000455679 0.00456244 8.41956e-06
6.87 0.0516345 0.00231946 -0.0181464 0.000361577 0.00460877 7.40627e-06
6.88 0.050186 0.00275723 0.00794173 0.000259186 0.004648 6.15203e-06
6.89 0.0488352 0.00326635 0.0337775 0.000150539 0.00468062 4.98956e-06
6.9 0.0475934 0.00383599 0.0586428 3.78825e-05 0.00469731 4.01349e-06
6.91 0.0464478 0.00445378 0.0818505 -7.64422e-05 0.0047087 3.01816e-06
6.92 0.0454128 0.00510617 0.10275 -0.000190035 0.00470907 1.98432e-06
6.93 0.0444914 0.00577793 0.120772 -0.00030042 0.00469273 7.07992e-07
6.94 0.0436723 0.00645367 0.135418 -0.000405258 0.00467325 -5.29062e-07
6.95 0.0429775 0.00711698 0.146288 -0.000502245 0.00463576 -1.74458e-06
6.96 0.0423953 0.00775219 0.153087 -0.000589353 0.00458714 -2.66982e-06
6.97 0.0419277 0.00834408 0.155635 -0.000664756 0.00453156 -3.61025e-06
6.98 0.0415884 0.00887843 0.153861 -0.000726919 0.00445725 -4.62397e-06
6.99 0.0413621 0.00934263 0.147821 -0.000774646 0.00437598 -5.65004e-06
7 0.0412588 0.0097252 0.137687 -0.000807012 0.00428361 -6.7967e-06
7.01 0.041279 0.0100173 0.123732 -0.000823529 0.0041767 -7.59525e-06
7.02 0.0414135 0.0102119 0.106354 -0.000823992 0.00406308 -8.33216e-06
7.03 0.0416665 0.0103048 0.0860206 -0.000808793 0.00393952 -8.97005e-06
7.04 0.0420374 0.0102932 0.063298 -0.000778962 0.00380324 -9.6389e-06
7.05 0.0425115 0.0101778 0.0388159 -0.000734831 0.00366335 -1.04079e-05
7.06 0.0430963 0.00996714 0.013243 -0.0006737 0.00351398 -1.09805e-05
7.07 0.0437819 0.00967401 -0.0127047 -0.000593699 0.00335455 -1.14686e-05
7.08 0.0445535 0.00930481 -0.0383122 -0.000501371 0.00319622 -1.19381e-05
7.09 0.0454206 0.00886033 -0.0628665 -0.00040754 0.00302565 -1.25977e-05
7.1 0.0463594 0.00834949 -0.0856811 -0.000317126 0.00285326 -1.31273e-05
7.11 0.0473655 0.00778911 -0.106119 -0.000228631 0.00268036 -1.34155e-05
7.12 0.0484381 0.00719811 -0.123607 -0.000139482 0.00249752 -1.34095e-05
7.13 0.0495501 0.00659463 -0.137651 -4.87347e-05 0.00231873 -1.33732e-05
7.14 0.0507052 0.00599456 -0.147855 4.24842e-05 0.00213608 -1.37782e-05
7.15 0.0518876 0.00541296 -0.153933 0.000131777 0.0019499 -1.42963e-05
7.16 0.0530803 0.00486355 -0.155704 0.000216475 0.00176776 -1.48864e-05
7.17 0.0542808 0.00435991 -0.153125 0.000294048 0.00158286 -1.5122e-05
7.18 0.0554737 0.00391459 -0.146262 0.000362488 0.00139749 -1.50978e-05
7.19 0.056643 0.00353918 -0.135307 0.0004202 0.00121673 -1.52549e-05
7.2 0.0577876 0.00324336 -0.120576 0.000465957 0.00103425 -1.5653e-05
7.21 0.0588905 0.00303404 -0.102475 0.000498722 0.00085262 -1.63421e-05
7.22 0.059939 0.00291564 -0.0815212 0.000517521 0.000677826 -1.6905e-05
7.23 0.0609366 0.00288936 -0.0583047 0.000521608 0.000498587 -1.72251e-05
7.24 0.0618601 0.00295426 -0.0334759 0.000510563 0.000325471 -1.73496e-05
7.25 0.0627101 0.00310666 -0.00773624 0.000484584 0.000155966 -1.76865e-05
7.26 0.0634849 0.00334052 0.0181952 0.000444519 -1.71448e-05 -1.82918e-05
7.27 0.0641641 0.00364752 0.043594 0.000391799 -0.000180852 -1.90265e-05
7.28 0.0647595 0.00401703 0.0677519 0.000328295 -0.000346204 -1.96883e-05
7.29 0.0652585 0.00443709 0.0899973 0.000256049 -0.000510187 -1.99636e-05
7.3 0.0656556 0.0048942 0.109719 0.000177199 -0.000667148 -2.02597e-05
7.31 0.0659584 0.00537412 0.126369 9.38115e-05 -0.00082649 -2.06868e-05
7.32 0.0661559 0.00586163 0.139494 7.91366e-06 -0.000981671 -2.13614e-05
7.33 0.0662485 0.00634124 0.148738 -7.85818e-05 -0.00113233 -2.21477e-05
7.34 0.0662411 0.0067977 0.153843 -0.000163858 -0.00128361 -2.26419e-05
7.35 0.0661249 0.00721647 0.154683 -0.00024621 -0.00143045 -2.28885e-05
7.36 0.0659015 0.00758456 0.151232 -0.00032407 -0.00157171 -2.30583e-05
7.37 0.0655766 0.00789015 0.143591 -0.000395947 -0.00171422 -2.33762e-05
7.38 0.0651371 0.0081233 0.131976 -0.000460486 -0.00184835 -2.38687e-05
7.39 0.0645908 0.00827573 0.116703 -0.000516396 -0.00197814 -2.43405e-05
7.4 0.0639373 0.0083415 0.0981983 -0.000562522 -0.0021071 -2.44845e-05
7.41 0.0631624 0.00831721 0.076971 -0.000597852 -0.00222347 -2.43865e-05
7.42 0.0622808 0.00820206 0.0536056 -0.00062155 -0.00233856 -2.4262e-05
7.43 0.0612775 0.0079978 0.0287483 -0.000633006 -0.002446 -2.42371e-05
7.44 0.0601506 0.00770845 0.00308689 -0.00063186 -0.00254169 -2.44071e-05
7.45 0.0589056 0.00734027 -0.02267 -0.000618067 -0.00263496 -2.44238e-05
7.46 0.0575267 0.0069016 -0.0478052 -0.000591956 -0.00271539 -2.41602e-05
7.47 0.056017 0.00640274 -0.0716177 -0.000554384 -0.00278659 -2.37366e-05
7.48 0.0543742 0.00585511 -0.0934479 -0.000506793 -0.00285095 -2.32981e-05
7.49 0.0525864 0.00527092 -0.112676 -0.000451167 -0.00290214 -2.30555e-05
7.5 0.0506564 0.00466255 -0.12877 -0.000389667 -0.00294324 -2.29239e-05
7.51 0.0485803 0.00404268 -0.141273 -0.000324299 -0.00297648 -2.25853e-05
7.52 0.0463479 0.00342412 -0.149828 -0.00025668 -0.0029951 -2.20046e-05
7.53 0.0439642 0.00281925 -0.154199 -0.000188168 -0.00300451 -2.12881e-05
7.54 0.0414254 0.00223886 -0.154255 -0.000120039 -0.00300551 -2.05961e-05
7.55 0.0387218 0.00169414 -0.149996 -5.14822e-05 -0.00299025 -2.01511e-05
7.56 0.035868 0.00120277 -0.141541 2.34108e-05 -0.00296984 -1.96727e-05
7.57 0.0328506 0.000783981 -0.129126 0.00010981 -0.00293736 -1.91461e-05
7.58 0.0296763 0.000443041 -0.113104 0.000201153 -0.00289192 -1.87239e-05
7.59 0.0263545 0.000173358 -0.0939252 0.000284248 -0.00284317 -1.84527e-05
7.6 0.0228764 -2.55189e-05 -0.0721318 0.000353354 -0.00277971 -1.81872e-05
7.61 0.0192589 -0.00014693 -0.0483367 0.000410736 -0.00271009 -1.76758e-05
7.62 0.0155058 -0.000185578 -0.023213 0.000459515 -0.00263448 -1.69501e-05
7.63 0.0116196 -0.000140884 0.00254019 0.0005001 -0.0025481 -1.63075e-05
7.64 0.00761883 -1.82671e-05 0.0281959 0.000529886 -0.00245787 -1.61364e-05
7.65 0.00350813 0.000173043 0.0530405 0.000544843 -0.00236257 -1.61345e-05
7.66 -0.00070244 0.000420986 0.0763858 0.000541332 -0.0022597 -1.61266e-05
7.67 -0.0049951 0.000712463 0.0975769 0.000517195 -0.00215522 -1.56945e-05
7.68 -0.00936084 0.00103387 0.116038 0.00047233 -0.00204797 -1.49293e-05
7.69 -0.0137905 0.00137128 0.131254 0.000408565 -0.00193445 -1.43608e-05
7.7 -0.0182594 0.00171067 0.142811 0.000329249 -0.00182399 -1.40005e-05
7.71 -0.0227676 0.00203733 0.150397 0.000238644 -0.00170962 -1.39474e-05
7.72 -0.0272949 0.00233708 0.153803 0.000141225 -0.00159296 -1.3691e-05
7.73 -0.0318254 0.00259594 0.152944 4.13161e-05 -0.00148163 -1.31158e-05
7.74 -0.0363592 0.00280177 0.147844 -5.72413e-05 -0.00136411 -1.23445e-05
7.75 -0.0408714 0.00294413 0.138649 -0.000151109 -0.00125098 -1.17488e-05
7.76 -0.0453587 0.0030145 0.125611 -0.000237569 -0.00113905 -1.14663e-05
7.77 -0.0498139 0.00300679 0.109096 -0.000314669 -0.00102435 -1.12616e-05
7.78 -0.0542192 0.00291664 0.0895549 -0.000381193 -0.000914765 -1.09401e-05
7.79 -0.058576 0.00274271 0.0675281 -0.000436775 -0.00080453 -1.01314e-05
7.8 -0.0628743 0.00248559 0.0436259 -0.00048161 -0.000694185 -9.32963e-06
7.81 -0.0671051 0.00214845 0.0185015 -0.000516333 -0.000587486 -8.60056e-06
7.82 -0.0712685 0.00173609 -0.0071411 -0.000541567 -0.000480768 -8.09833e-06
7.83 -0.0753595 0.00125519 -0.0325981 -0.000557596 -0.000373477 -7.67754e-06
7.84 -0.0793688 0.000714568 -0.0571594 -0.000564167 -0.000271097 -6.82387e-06
7.85 -0.0833033 0.000124442 -0.080138 -0.000560494 -0.000166854 -5.77849e-06
7.86 -0.0871534 -0.000502989 -0.100897 -0.000545644 -6.37248e-05 -4.5841e-06
7.87 -0.0909157 -0.00115541 -0.118849 -0.000518614 3.38677e-05 -3.6585e-06
7.88 -0.0945988 -0.00181957 -0.133492 -0.000478581 0.000135956 -2.944e-06
7.89 -0.0981862 -0.00248228 -0.144413 -0.000424805 0.000231518 -2.21108e-06
7.9 -0.101687 -0.00312998 -0.151302 -0.00035685 0.000325906 -1.21882e-06
7.91 -0.105096 -0.00374874 -0.153963 -0.000274845 0.00042116 1.92675e-08
7.92 -0.108405 -0.00432554 -0.15232 -0.00017968 0.000508884 1.09006e-06
7.93 -0.11162 -0.00484783 -0.146417 -7.33229e-05 0.000597231 1.99177e-06
7.94 -0.114731 -0.00530538 -0.136419 4.1339e-05 0.000681755 2.49527e-06
7.95 -0.117734 -0.00568944 -0.122613 0.000160488 0.000760433 3.15294e-06
7.96 -0.120628 -0.00599358 -0.105381 0.000279785 0.000837196 4.01789e-06
7.97 -0.123403 -0.00621335 -0.0852153 0.000394653 0.000908961 4.96233e-06
7.98 -0.126053 -0.00634641 -0.0626828 0.000500673 0.00097336 5.91322e-06
7.99 -0.128576 -0.00639331 -0.0384153 0.000593953 0.00103494 6.42781e-06
8 -0.130958 -0.0063568 -0.0131012 0.000671267 0.00108914 6.88476e-06
8.01 -0.133193 -0.00624278 0.0125565 0.000730319 0.00113427 7.37628e-06
8.02 -0.135279 -0.00605884 0.0378359 0.000769633 0.00117681 8.11857e-06
8.03 -0.137197 -0.00581518 0.0620334 0.000788431 0.00120675 8.93452e-06
8.04 -0.138949 -0.00552489 0.0844779 0.000786174 0.00122996 9.58113e-06
8.05 -0.140524 -0.00520123 0.104547 0.000764568 0.00124668 9.99764e-06
8.06 -0.14191 -0.00485126 0.121687 0.000730909 0.00124895 1.0303e-05
8.07 -0.143111 -0.00447927 0.135429 0.000691824 0.00124651 1.07721e-05
8.08 -0.144113 -0.00410434 0.145397 0.000641953 0.00123202 1.10327e-05
8.09 -0.144914 -0.00375545 0.151318 0.000569841 0.0012063 1.12393e-05
8.1 -0.145515 -0.00345193 0.153039 0.000473771 0.00117334 1.143e-05
8.11 -0.145907 -0.00320118 0.150512 0.00036212 0.00112829 1.19052e-05
8.12 -0.146095 -0.00300729 0.143812 0.000245121 0.00107304 1.27412e-05
8.13 -0.146081 -0.00287517 0.133129 0.000130496 0.00101032 1.33484e-05
8.14 -0.145863 -0.00281031 0.118752 2.24032e-05 0.000936455 1.36286e-05
8.15 -0.145448 -0.00281798 0.101087 -7.72508e-05 0.000853379 1.35447e-05
8.16 -0.144845 -0.00290084 0.0806153 -0.000167732 0.000765123 1.35427e-05
8.17 -0.144052 -0.00305897 0.0579031 -0.000248603 0.000665194 1.39561e-05
8.18 -0.143086 -0.00328893 0.0335795 -0.000319375 0.000560471 1.46463e-05
8.19 -0.141952 -0.00358422 0.00831311 -0.000379389 0.000450776 1.52337e-05
8.2 -0.140657 -0.00393628 -0.0171932 -0.000427812 0.000330848 1.54502e-05
8.21 -0.139221 -0.00433463 -0.0422331 -0.000463986 0.000211371 1.54939e-05
8.22 -0.137643 -0.00476819 -0.0661088 -0.000487515 8.43064e-05 1.56257e-05
8.23 -0.135942 -0.00522471 -0.0881557 -0.000498437 -4.65621e-05 1.6215e-05
8.24 -0.134131 -0.00569153 -0.107754 -0.000496989 -0.000177329 1.69479e-05
8.25 -0.132212 -0.00615553 -0.124356 -0.000483475 -0.000313856 1.7485e-05
8.26 -0.130207 -0.0066038 -0.137493 -0.000458149 -0.00045047 1.77536e-05
8.27 -0.128121 -0.00702421 -0.146792 -0.000421294 -0.000587421 1.77688e-05
8.28 -0.125963 -0.00740549 -0.151995 -0.00037345 -0.000727008 1.80666e-05
8.29 -0.123746 -0.00773785 -0.152945 -0.000315548 -0.000865789 1.86418e-05
8.3 -0.121478 -0.0080128 -0.149621 -0.00024906 -0.0010031 1.92667e-05
8.31 -0.119161 -0.00822402 -0.142113 -0.000175885 -0.00114266 1.96672e-05
8.32 -0.116812 -0.00836751 -0.130629 -9.82726e-05 -0.00127897 1.96973e-05
8.33 -0.114429 -0.00844177 -0.115499 -1.86259e-05 -0.00141374 1.96423e-05
8.34 -0.112016 -0.00844777 -0.0971447 6.06648e-05 -0.0015506 1.98286e-05
8.35 -0.109586 -0.00838834 -0.0760864 0.000137336 -0.00168073 2.02827e-05
8.36 -0.10713 -0.00826843 -0.0529168 0.000209422 -0.00181311 2.06949e-05
8.37 -0.10466 -0.00809479 -0.028288 0.000275303 -0.00194294 2.08794e-05
8.38 -0.102176 -0.00787613 -0.00289094 0.000333794 -0.00206821 2.07083e-05
8.39 -0.0996736 -0.00762277 0.022562 0.000384129 -0.00219585 2.05423e-05
8.4 -0.0971633 -0.00734605 0.0473604 0.000425919 -0.00231837 2.06473e-05
8.41 -0.0946394 -0.00705776 0.070816 0.000459094 -0.00243971 2.08943e-05
8.42 -0.0921043 -0.00676973 0.0922732 0.000483846 -0.00256077 2.11181e-05
8.43 -0.0895632 -0.00649357 0.111146 0.000500563 -0.00267804 2.10184e-05
8.44 -0.0870144 -0.00624036 0.126909 0.000509781 -0.00279393 2.06507e-05
8.45 -0.0844604 -0.00602027 0.139132 0.000512121 -0.00290927 2.03771e-05
8.46 -0.081909 -0.00584191 0.147485 0.000508192 -0.00302053 2.03223e-05
8.47 -0.0793594 -0.005712 0.151737 0.000498525 -0.00313006 2.03947e-05
8.48 -0.0768174 -0.00563525 0.151782 0.000483536 -0.00323915 2.03914e-05
8.49 -0.0742949 -0.00561434 0.147616 0.000463552 -0.00334119 2.00299e-05
8.5 -0.0717883 -0.00564996 0.139362 0.000438871 -0.0034439 1.95343e-05
8.51 -0.0693148 -0.00574069 0.127248 0.000409818 -0.00354138 1.91701e-05
8.52 -0.0668795 -0.00588276 0.111609 0.000376761 -0.00363244 1.90087e-05
8.53 -0.0644866 -0.00607053 0.0928781 0.000339938 -0.00372304 1.89892e-05
8.54 -0.0621555 -0.0062976 0.0715705 0.00029921 -0.0038037 1.87856e-05
8.55 -0.0598866 -0.00655507 0.0482762 0.000255866 -0.00388027 1.83277e-05
8.56 -0.0576937 -0.00682657 0.0236348 0.000215605 -0.00395078 1.78306e-05
8.57 -0.0555887 -0.00709217 -0.00166693 0.000183334 -0.00401146 1.74395e-05
8.58 -0.0535758 -0.00734376 -0.0269324 0.000153457 -0.004066 1.6984e-05
8.59 -0.0516676 -0.00758221 -0.0514578 0.00011491 -0.00411179 1.64455e-05
8.6 -0.0498726 -0.00780129 -0.0745575 6.45738e-05 -0.00414717 1.58611e-05
8.61 -0.048195 -0.00798688 -0.0955921 7.70184e-06 -0.0041741 1.54642e-05
8.62 -0.0466429 -0.00812476 -0.113965 -4.90004e-05 -0.00419183 1.5357e-05
8.63 -0.0452244 -0.00820474 -0.129165 -0.000100906 -0.00419655 1.50722e-05
8.64 -0.0439353 -0.00822086 -0.140763 -0.00014624 -0.00419429 1.45409e-05
8.65 -0.042787 -0.00817085 -0.148428 -0.00018488 -0.00417957 1.36877e-05
8.66 -0.0417759 -0.00805451 -0.151946 -0.000217349 -0.00415304 1.28223e-05
8.67 -0.0408985 -0.00787345 -0.151212 -0.000244082 -0.00411982 1.23044e-05
8.68 -0.0401623 -0.00763058 -0.146249 -0.000265162 -0.0040714 1.19518e-05
8.69 -0.0395532 -0.00732999 -0.137194 -0.000280407 -0.00401565 1.15649e-05
8.7 -0.0390731 -0.00697798 -0.124304 -0.000289493 -0.0039498 1.08376e-05
8.71 -0.0387165 -0.00658244 -0.10794 -0.000292355 -0.00387173 9.92804e-06
8.72 -0.0384708 -0.00615377 -0.0885657 -0.00028919 -0.00378733 9.04212e-06
8.73 -0.0383344 -0.00570351 -0.0667276 -0.000280548 -0.00369233 8.51463e-06
8.74 -0.0382955 -0.00524423 -0.0430383 -0.000266998 -0.00358875 8.13696e-06
8.75 -0.0383439 -0.00478886 -0.0181693 -0.000248893 -0.00347859 7.62915e-06
8.76 -0.0384722 -0.00435004 0.00718855 -0.000226233 -0.00336082 6.96414e-06
8.77 -0.0386709 -0.00394037 0.0323203 -0.000198671 -0.00323536 6.01337e-06
8.78 -0.0389255 -0.0035713 0.0565267 -0.000165833 -0.00310661 5.36237e-06
8.79 -0.0392336 -0.00325344 0.0791369 -0.000127465 -0.00297089 4.88902e-06
8.8 -0.039581 -0.00299542 0.09952 -8.37427e-05 -0.00283051 4.54547e-06
8.81 -0.0399583 -0.00280437 0.117118 -3.52425e-05 -0.00268951 4.09636e-06
8.82 -0.0403651 -0.00268546 0.131444 1.70492e-05 -0.00254112 3.32395e-06
8.83 -0.0407841 -0.0026416 0.142109 7.18561e-05 -0.00239384 2.56747e-06
8.84 -0.0412171 -0.00267373 0.14882 0.000127799 -0.00224394 1.93841e-06
8.85 -0.0416579 -0.00277957 0.151399 0.000183386 -0.00209051 1.63325e-06
8.86 -0.0420969 -0.00295474 0.149778 0.000237228 -0.0019397 1.30221e-06
8.87 -0.0425392 -0.00319205 0.144005 0.000287931 -0.00178533 8.77951e-07
8.88 -0.0429762 -0.00348256 0.134244 0.00033425 -0.00163138 1.66224e-07
8.89 -0.0434079 -0.00381566 0.120761 0.000375047 -0.00147821 -5.49465e-07
8.9 -0.0438352 -0.00417894 0.103936 0.00040931 -0.00132348 -9.87816e-07
8.91 -0.0442555 -0.00455907 0.0842271 0.000436234 -0.00116904 -1.36943e-06
8.92 -0.0446673 -0.0049413 0.0621796 0.000455147 -0.00101565 -1.6108e-06
8.93 -0.0450747 -0.00531101 0.0384046 0.000465649 -0.000860698 -2.20608e-06
8.94 -0.0454726 -0.00565343 0.0135535 0.000467467 -0.000706006 -2.95701e-06
8.95 -0.0458613 -0.00595478 -0.0116798 0.000460529 -0.00055317 -3.67216e-06
8.96 -0.0462443 -0.00620217 -0.0365998 0.000444858 -0.00039671 -4.26887e-06
8.97 -0.0466113 -0.00638384 -0.0605117 0.000420586 -0.000243701 -4.65415e-06
8.98 -0.0469675 -0.00649006 -0.0827483 0.000388012 -8.94405e-05 -5.18665e-06
8.99 -0.0473074 -0.00651271 -0.102689 0.000347523 6.62497e-05 -5.90939e-06
9 -0.047622 -0.00644681 -0.119773 0.000299762 0.000217932 -6.85468e-06
9.01 -0.0479158 -0.00628954 -0.133522 0.000245479 0.000372764 -7.67612e-06
9.02 -0.0481736 -0.00604102 -0.143545 0.000185649 0.000524975 -8.37396e-06
9.03 -0.0483934 -0.00570404 -0.149561 0.000121264 0.000675569 -8.94628e-06
9.04 -0.0485679 -0.00528445 -0.151396 5.32033e-05 0.000826759 -9.5846e-06
9.05 -0.048686 -0.00479046 -0.148999 -1.66884e-05 0.00097444 -1.05237e-05
9.06 -0.0487404 -0.00422842 -0.142437 -8.40114e-05 0.00112038 -1.13824e-05
9.07 -0.0487231 -0.0036058 -0.13189 -0.000144698 0.00126444 -1.22818e-05
9.08 -0.048621 -0.00293828 -0.117662 -0.000200796 0.00140485 -1.30575e-05
9.09 -0.0484267 -0.00224844 -0.100147 -0.000257474 0.00154083 -1.38412e-05
9.1 -0.0481318 -0.00155519 -0.0798463 -0.000315419 0.0016752 -1.46892e-05
9.11 -0.0477215 -0.000872785 -0.0573286 -0.000370597 0.0018019 -1.53523e-05
9.12 -0.047193 -0.000215056 -0.0332271 -0.000418252 0.00192502 -1.59359e-05
9.13 -0.046535 0.000403815 -0.00822171 -0.000455075 0.00204319 -1.64462e-05
9.14 -0.0457364 0.000968682 0.0169898 -0.000479531 0.0021517 -1.70688e-05
9.15 -0.0447996 0.00146551 0.0417003 -0.000491361 0.00225705 -1.77414e-05
9.16 -0.0437086 0.00188176 0.0652236 -0.000490866 0.0023523 -1.84322e-05
9.17 -0.0424662 0.00220751 0.0869042 -0.000478585 0.00243933 -1.89072e-05
9.18 -0.0410683 0.00243596 0.106145 -0.00045512 0.00251993 -1.92039e-05
9.19 -0.0395099 0.00256321 0.122414 -0.000421134 0.0025886 -1.95016e-05
9.2 -0.0377956 0.00258873 0.135265 -0.000377507 0.00264966 -1.97619e-05
9.21 -0.0359243 0.00251449 0.144349 -0.000325393 0.00270067 -2.01795e-05
9.22 -0.0338981 0.00234538 0.149416 -0.000266319 0.00274122 -2.04738e-05
9.23 -0.0317232 0.00208865 0.150336 -0.000202065 0.0027718 -2.0591e-05
9.24 -0.0294044 0.00175419 0.147084 -0.000134525 0.00279361 -2.06189e-05
9.25 -0.0269454 0.00135425 0.139754 -6.55066e-05 0.00280341 -2.0564e-05
9.26 -0.0243579 0.000902912 0.128552 3.39251e-06 0.00280518 -2.06251e-05
9.27 -0.0216471 0.000416032 0.113785 7.07474e-05 0.00279787 -2.07376e-05
9.28 -0.0188193 -8.97952e-05 0.0958647 0.000135304 0.00277909 -2.07641e-05
9.29 -0.0158907 -0.000597098 0.0752824 0.000195833 0.0027555 -2.06741e-05
9.3 -0.0128604 -0.00108849 0.0526081 0.00025115 0.00272103 -2.0527e-05
9.31 -0.00974467 -0.00154697 0.0284666 0.000300069 0.00267976 -2.04028e-05
9.32 -0.00655002 -0.0019565 0.00352651 0.000341443 0.00263362 -2.04273e-05
9.33 -0.00328063 -0.00230269 -0.021522 0.000374231 0.002578 -2.05298e-05
9.34 4.92295e-05 -0.0025729 -0.0459834 0.00039752 0.00251961 -2.05319e-05
9.35 0.00343834 -0.0027567 -0.0691745 0.000410602 0.00245502 -2.04998e-05
9.36 0.00687846 -0.00284607 -0.0904523 0.000412988 0.00238561 -2.04016e-05
9.37 0.0103632 -0.00283572 -0.109215 0.000404467 0.00231319 -2.03795e-05
9.38 0.0138893 -0.00272332 -0.124941 0.000385125 0.00223725 -2.05383e-05
9.39 0.0174534 -0.00250967 -0.137185 0.000355379 0.00215752 -2.06785e-05
9.4 0.0210492 -0.00219851 -0.145599 0.000315954 0.00207652 -2.07949e-05
9.41 0.0246771 -0.00179645 -0.149949 0.000267871 0.00199339 -2.0833e-05
9.42 0.0283346 -0.00131269 -0.150105 0.000212418 0.00190688 -2.08149e-05
9.43 0.0320154 -0.000758757 -0.146066 0.000151101 0.00182213 -2.09246e-05
9.44 0.0357251 -0.000148321 -0.137942 8.55875e-05 0.00173339 -2.11149e-05
9.45 0.0394554 0.000503231 -0.125963 1.76287e-05 0.00164498 -2.12772e-05
9.46 0.0432065 0.0011793 -0.110466 -5.09992e-05 0.00155736 -2.1396e-05
9.47 0.0469806 0.00186263 -0.0918878 -0.000118551 0.00146606 -2.13845e-05
9.48 0.050767 0.00253572 -0.0707539 -0.000183355 0.00137778 -2.1355e-05
9.49 0.0545715 0.00318149 -0.0476575 -0.000243873 0.00128732 -2.14167e-05
9.5 0.0583856 0.00378344 -0.0232513 -0.000298688 0.0011965 -2.14799e-05
9.51 0.0622059 0.00432647 0.00178394 -0.000346577 0.00110684 -2.14927e-05
9.52 0.0660293 0.00479713 0.0267438 -0.0003865 0.00101552 -2.13926e-05
9.53 0.0698489 0.0051841 0.0509331 -0.000417642 0.000924319 -2.11452e-05
9.54 0.0736573 0.00547863 0.0736808 -0.000439433 0.000833174 -2.08803e-05
9.55 0.0774496 0.00567447 0.0943515 -0.000451442 0.000741377 -2.06865e-05
9.56 0.081216 0.00576863 0.11238 -0.000453312 0.000648287 -2.04108e-05
9.57 0.084946 0.00576096 0.127266 -0.000444931 0.000557054 -2.01211e-05
9.58 0.0886344 0.00565392 0.138605 -0.000426865 0.000462953 -1.96567e-05
9.59 0.092266 0.00545251 0.146087 -0.000400118 0.000370144 -1.90712e-05
9.6 0.0958317 0.00516473 0.149509 -0.000365602 0.000278155 -1.85463e-05
9.61 0.099324 0.00480147 0.148784 -0.0003241 0.000183755 -1.79523e-05
9.62 0.102723 0.0043755 0.143933 -0.000276507 9.34574e-05 -1.74123e-05
9.63 0.106028 0.00390148 0.135095 -0.000223987 1.99549e-06 -1.6773e-05
9.64 0.109221 0.00339497 0.122514 -0.000167902 -8.76473e-05 -1.60434e-05
9.65 0.112292 0.00287262 0.106539 -0.000109805 -0.000173396 -1.52771e-05
9.66 0.115235 0.00235129 0.0876111 -5.12902e-05 -0.000258698 -1.45461e-05
9.67 0.118036 0.00184763 0.0662518 6.06145e-06 -0.000338883 -1.3849e-05
9.68 0.12069 0.00137783 0.0430529 6.07235e-05 -0.000415476 -1.31472e-05
9.69 0.123188 0.00095659 0.0186508 0.000111324 -0.000487516 -1.24611e-05
9.7 0.125525 0.000597481 -0.00627357 0.000156578 -0.000554341 -1.16323e-05
9.71 0.127694 0.000311737 -0.0310336 0.00019542 -0.000614017 -1.09278e-05
9.72 0.129694 0.000108571 -0.0549391 0.000226935 -0.000668961 -1.02162e-05
9.73 0.13152 -5.54414e-06 -0.0773226 0.000250447 -0.000715464 -9.5683e-06
9.74 0.133173 -2.69108e-05 -0.0975618 0.000265498 -0.000754166 -9.0108e-06
9.75 0.134653 4.55252e-05 -0.115085 0.000271857 -0.00078709 -8.30779e-06
9.76 0.135956 0.000209694 -0.129404 0.000269576 -0.000808601 -7.69768e-06
9.77 0.137092 0.000461245 -0.140111 0.00025889 -0.000824143 -7.05446e-06
9.78 0.138057 0.000792674 -0.146906 0.000240316 -0.00083039 -6.51133e-06
9.79 0.138857 0.00119451 -0.149594 0.000214505 -0.000826285 -6.02784e-06
9.8 0.139499 0.00165486 -0.148099 0.000182319 -0.00081615 -5.53483e-06
9.81 0.139981 0.00216021 -0.142461 0.000144738 -0.000794723 -5.01062e-06
9.82 0.140313 0.00269596 -0.132837 0.000102826 -0.000765898 -4.43454e-06
9.83 0.140498 0.00324628 -0.119502 5.77761e-05 -0.000728705 -3.95177e-06
9.84 0.140541 0.00379545 -0.102827 1.0773e-05 -0.000682818 -3.40998e-06
9.85 0.140447 0.00432729 -0.0832871 -3.68993e-05 -0.000629147 -3.0209e-06
9.86 0.140221 0.00482658 -0.0614314 -8.40274e-05 -0.000568799 -2.49913e-06
9.87 0.139865 0.00527886 -0.0378736 -0.000129403 -0.000500617 -1.93929e-06
9.88 0.139386 0.00567125 -0.0132799 -0.000171909 -0.000426023 -1.40243e-06
9.89 0.138788 0.00599281 0.0116653 -0.000210531 -0.000347084 -7.41097e-07
9.9 0.138069 0.00623452 0.03626 -0.000244348 -0.00026028 -2.42796e-07
9.91 0.137239 0.0063901 0.0598212 -0.000272638 -0.000171338 3.8067e-07
9.92 0.136294 0.00645539 0.0816934 -0.000294781 -7.74919e-05 1.00256e-06
9.93 0.135239 0.0064294 0.101271 -0.000310398 2.09437e-05 1.71218e-06
9.94 0.134078 0.00631354 0.118014 -0.000319252 0.000119268 2.46127e-06
9.95 0.132805 0.00611195 0.131463 -0.000321325 0.000222816 3.19754e-06
9.96 0.131429 0.00583145 0.14125 -0.000316793 0.000326109 3.94094e-06
9.97 0.129946 0.00548074 0.147109 -0.000305967 0.000430807 4.65617e-06
9.98 0.128359 0.00507101 0.148884 -0.000289384 0.000537234 5.52217e-06
9.99 0.12667 0.00461466 0.146528 -0.000267663 0.000643093 6.31132e-06
10 0.124878 0.00412573 0.140111 -0.0002416 0.00074955 7.22434e-06
10.01 0.122987 0.00361886 0.129814 -0.000212034 0.00085631 8.03668e-06
10.02 0.120999 0.00310906 0.115918 -0.000179884 0.000962911 8.79672e-06
10.03 0.118917 0.00261149 0.0988124 -0.000146025 0.00106859 9.64784e-06
10.04 0.116742 0.00214097 0.0789645 -0.000111105 0.00117603 1.04053e-05
10.05 0.114484 0.00171134 0.0569243 -7.6399e-05 0.0012813 1.1265e-05
10.06 0.112143 0.00133167 0.0333003 -4.49935e-05 0.00138763 1.20153e-05
10.07 0.109727 0.00100858 0.00874375 -1.96222e-05 0.0014948 1.27313e-05
10.08 0.107245 0.00075164 -0.0160628 1.77934e-06 0.0015995 1.35086e-05
10.09 0.104699 0.000572399 -0.0404334 2.37553e-05 0.00170748 1.43345e-05
10.1 0.102104 0.000476733 -0.0636876 4.74389e-05 0.00181328 1.50789e-05
10.11 0.0994637 0.00046378 -0.0851792 7.03975e-05 0.00191967 1.55984e-05
10.12 0.0967892 0.000530026 -0.104304 8.96057e-05 0.00202721 1.5992e-05
10.13 0.0940922 0.000670034 -0.120528 0.000103145 0.00213283 1.6347e-05
10.14 0.0913791 0.000877649 -0.133394 0.000110409 0.00223957 1.69663e-05
10.15 0.0886627 0.00114503 -0.142536 0.000111694 0.00234533 1.76317e-05
10.16 0.0859521 0.00146268 -0.1477 0.000107663 0.00245031 1.81933e-05
10.17 0.0832572 0.00181927 -0.148734 9.90691e-05 0.00255404 1.85871e-05
10.18 0.0805865 0.00220177 -0.145611 8.66242e-05 0.00265735 1.87382e-05
10.19 0.0779519 0.00259625 -0.138416 7.09714e-05 0.00275746 1.9043e-05
10.2 0.0753581 0.00298816 -0.127352 5.27889e-05 0.00285634 1.94855e-05
10.21 0.0728154 0.00336355 -0.112732 3.28359e-05 0.00295302 1.99999e-05
10.22 0.070332 0.00370897 -0.0949662 1.20463e-05 0.00304446 2.04349e-05
10.23 0.0679092 0.00401216 -0.0745585 -8.58234e-06 0.00313519 2.06387e-05
10.24 0.0655596 0.00426215 -0.0520817 -2.81086e-05 0.0032192 2.07583e-05
10.25 0.0632821 0.00444944 -0.0281699 -4.5782e-05 0.00329924 2.09928e-05
10.26 0.0610824 0.00456669 -0.00349317 -6.11544e-05 0.0033749 2.13948e-05
10.27 0.058966 0.00460866 0.0212565 -7.40169e-05 0.00344238 2.18192e-05
10.28 0.0569302 0.00457261 0.0453875 -8.43711e-05 0.00350534 2.21769e-05
10.29 0.0549811 0.0044581 0.0682301 -9.2299e-05 0.00355996 2.23157e-05
10.3 0.053117 0.00426705 0.0891465 -9.79089e-05 0.00360692 2.24498e-05
10.31 0.0513384 0.0040038 0.107563 -0.000101321 0.00364595 2.27429e-05
10.32 0.0496452 0.00367494 0.122969 -0.000102653 0.00367626 2.31265e-05
10.33 0.0480372 0.00328921 0.134944 -0.000102041 0.00369694 2.35756e-05
10.34 0.0465112 0.00285705 0.143162 -9.9624e-05 0.00370881 2.38595e-05
10.35 0.0450673 0.00239023 0.147397 -9.55638e-05 0.00371131 2.39713e-05
10.36 0.0437045 0.0019014 0.147542 -9.00461e-05 0.0037026 2.41329e-05
10.37 0.0424169 0.00140388 0.143592 -8.33079e-05 0.00368665 2.43786e-05
10.38 0.0412089 0.000911255 0.135662 -7.56329e-05 0.00365876 2.47245e-05
10.39 0.0400728 0.00043696 0.123971 -6.73447e-05 0.00362247 2.50537e-05
10.4 0.0390097 -6.20258e-06 0.108844 -5.88146e-05 0.00357792 2.51513e-05
10.41 0.0380197 -0.000406663 0.0906989 -5.04361e-05 0.00352228 2.51422e-05
10.42 0.0370967 -0.000754333 0.0700349 -4.26239e-05 0.00346093 2.51463e-05
10.43 0.0362449 -0.00104079 0.0474247 -3.57852e-05 0.00338996 2.5233e-05
10.44 0.0354604 -0.00125956 0.0234894 -3.02793e-05 0.00331206 2.54036e-05
10.45 0.0347427 -0.00140626 -0.00110484 -2.63888e-05 0.00322798 2.54783e-05
10.46 0.0340931 -0.00147881 -0.0256795 -2.4279e-05 0.00313689 2.53412e-05
10.47 0.0335095 -0.00147776 -0.0495506 -2.39685e-05 0.00304045 2.51204e-05
10.48 0.0329925 -0.0014059 -0.0720517 -2.53736e-05 0.00293901 2.49277e-05
10.49 0.0325416 -0.00126841 -0.092558 -2.82874e-05 0.00283302 2.48024e-05
10.5 0.0321574 -0.00107236 -0.11049 -3.24305e-05 0.00272212 2.47733e-05
10.51 0.0318361 -0.000826624 -0.125349 -3.74418e-05 0.00260928 2.45759e-05
10.52 0.031582 -0.000541792 -0.136713 -4.28958e-05 0.00249144 2.42288e-05
10.53 0.0313884 -0.000229434 -0.144261 -4.81961e-05 0.00237177 2.3851e-05
10.54 0.0312567 9.86459e-05 -0.14778 -5.23817e-05 0.0022504 2.34572e-05
10.55 0.0311853 0.00042968 -0.147168 -5.55734e-05 0.00212475 2.32099e-05
10.56 0.0311672 0.00074562 -0.142442 -6.11976e-05 0.00200014 2.29063e-05
10.57 0.0312045 0.00102709 -0.133732 -7.21779e-05 0.00187184 2.25156e-05
10.58 0.0312894 0.00126446 -0.121287 -8.34984e-05 0.00174294 2.22225e-05
10.59 0.0314177 0.00145632 -0.105454 -8.61172e-05 0.00161359 2.20041e-05
10.6 0.0315871 0.0015972 -0.0866827 -7.71356e-05 0.00148187 2.17465e-05
10.61 0.0317878 0.00167643 -0.0655012 -6.00909e-05 0.00135032 2.12406e-05
10.62 0.0320172 0.00168489 -0.0425044 -3.97967e-05 0.00121741 2.05404e-05
10.63 0.0322667 0.00161698 -0.0183426 -1.95206e-05 0.00108365 1.98793e-05
10.64 0.0325308 0.00147182 0.00631159 -5.35025e-07 0.00094876 1.95704e-05
10.65 0.0328002 0.00125187 0.0307641 1.7118e-05 0.000813704 1.94394e-05
10.66 0.0330713 0.000962065 0.0543352 3.37817e-05 0.000676534 1.92376e-05
10.67 0.0333322 0.000609278 0.0763698 4.96991e-05 0.000538978 1.88172e-05
10.68 0.0335784 0.000201419 0.0962553 6.48413e-05 0.000400898 1.80881e-05
10.69 0.0338027 -0.000252059 0.113446 7.89045e-05 0.000259754 1.75647e-05
10.7 0.033994 -0.00074071 0.127466 9.15222e-05 0.000120302 1.72308e-05
10.71 0.0341505 -0.00125239 0.137935 0.000102413 -2.24979e-05 1.70573e-05
10.72 0.0342609 -0.00177406 0.144565 0.000111549 -0.000165096 1.67973e-05
10.73 0.0343197 -0.00229209 0.14718 0.000119064 -0.000307686 1.61843e-05
10.74 0.0343232 -0.00279282 0.145712 0.000125073 -0.000452223 1.54783e-05
10.75 0.0342607 -0.00326349 0.140203 0.000129531 -0.000594982 1.48327e-05
10.76 0.0341316 -0.00369182 0.130812 0.000132058 -0.000738196 1.44431e-05
10.77 0.0339278 -0.00406721 0.117794 0.000132113 -0.000880233 1.40624e-05
10.78 0.0336464 -0.00438026 0.101514 0.00012904 -0.00102041 1.35582e-05
10.79 0.0332825 -0.00462382 0.0824188 0.000122334 -0.0011584 1.27296e-05
10.8 0.0328344 -0.00479295 0.0610361 0.000111724 -0.00129382 1.18254e-05
10.81 0.032297 -0.00488477 0.0379573 9.7204e-05 -0.0014254 1.1126e-05
10.82 0.0316697 -0.00489896 0.0138174 7.90817e-05 -0.00155232 1.051e-05
10.83 0.030951 -0.00483704 -0.0107113 5.78527e-05 -0.00167586 1.00456e-05
10.84 0.0301362 -0.00470326 -0.0349519 3.42727e-05 -0.00179156 9.25847e-06
10.85 0.0292294 -0.00450388 -0.0582277 9.19868e-06 -0.00190334 8.28447e-06
10.86 0.0282249 -0.00424764 -0.0798909 -1.63805e-05 -0.00200736 7.30713e-06
10.87 0.0271244 -0.00394494 -0.0993354 -4.14795e-05 -0.00210366 6.43667e-06
10.88 0.0259292 -0.00360736 -0.116015 -6.51582e-05 -0.00219422 5.8214e-06
10.89 0.0246347 -0.00324773 -0.129463 -8.65275e-05 -0.00227461 5.12081e-06
10.9 0.023246 -0.00287905 -0.139297 -0.000104876 -0.00234831 4.26e-06
10.91 0.0217595 -0.00251532 -0.145241 -0.000119564 -0.00241305 3.18466e-06
10.92 0.0201765 -0.00217002 -0.147124 -0.000130186 -0.00246878 2.20302e-06
10.93 0.0184978 -0.00185638 -0.144893 -0.000136447 -0.00251641 1.37687e-06
10.94 0.0167225 -0.00158647 -0.138609 -0.000138223 -0.00255498 7.32611e-07
10.95 0.0148514 -0.0013708 -0.128448 -0.000135514 -0.00258497 8.21464e-08
10.96 0.0128847 -0.00121852 -0.114698 -0.000128364 -0.00260619 -8.48017e-07
10.97 0.0108239 -0.00113661 -0.0977448 -0.000116923 -0.00262003 -1.74068e-06
10.98 0.00866662 -0.00113034 -0.078069 -0.000101346 -0.00262422 -2.65442e-06
10.99 0.00641845 -0.00120225 -0.0562229 -8.19218e-05 -0.00262244 -3.28157e-06
11 0.00407537 -0.0013526 -0.0328222 -5.89765e-05 -0.00261245 -3.77471e-06
11.01 0.00164174 -0.00157903 -0.00852479 -3.29464e-05 -0.0025951 -4.41007e-06
11.02 -0.000880495 -0.00187685 0.0159901 -4.33771e-06 -0.00257329 -5.12762e-06
11.03 -0.00349294 -0.0022392 0.0400353 2.64527e-05 -0.0025432 -5.97448e-06
11.04 -0.00618856 -0.00265593 0.0629433 5.92942e-05 -0.00250984 -6.64563e-06
11.05 -0.00896835 -0.00311624 0.0840753 9.28391e-05 -0.00247096 -7.18245e-06
11.06 -0.0118284 -0.00361318 0.102849 0.000121866 -0.00242749 -7.65223e-06
11.07 -0.0147636 -0.00414109 0.118746 0.000141827 -0.00238144 -8.24406e-06
11.08 -0.0177734 -0.00468314 0.131329 0.000157251 -0.00233125 -8.75637e-06
11.09 -0.0208506 -0.00521416 0.140257 0.000177384 -0.00227887 -9.15312e-06
11.1 -0.023993 -0.00571584 0.145283 0.00020466 -0.00222391 -9.64319e-06
11.11 -0.0271939 -0.00617778 0.146279 0.000234291 -0.00216732 -1.02715e-05
11.12 -0.0304509 -0.0065918 0.143217 0.000260325 -0.0021081 -1.12271e-05
11.13 -0.0337547 -0.00694891 0.136185 0.000278694 -0.00204832 -1.20511e-05
11.14 -0.0371039 -0.00723964 0.125382 0.00028792 -0.00198641 -1.25993e-05
11.15 -0.0404896 -0.00745522 0.111103 0.000288141 -0.00192256 -1.29637e-05
11.16 -0.0439059 -0.0075889 0.0937473 0.000280213 -0.00185895 -1.33381e-05
11.17 -0.0473491 -0.00763702 0.0737896 0.000265152 -0.00179136 -1.40599e-05
11.18 -0.0508082 -0.00759898 0.0517837 0.000243822 -0.00172435 -1.499e-05
11.19 -0.0542803 -0.00747763 0.0283351 0.000217043 -0.00165457 -1.58355e-05
11.2 -0.0577575 -0.00727814 0.00409389 0.000185627 -0.00158268 -1.64108e-05
11.21 -0.0612308 -0.00700793 -0.0202692 0.000150678 -0.00151019 -1.68281e-05
11.22 -0.0646974 -0.00667602 -0.044078 0.000113606 -0.00143432 -1.73194e-05
11.23 -0.068146 -0.00629296 -0.0666678 7.6051e-05 -0.00135744 -1.81164e-05
11.24 -0.071573 -0.00587101 -0.0874116 3.96306e-05 -0.00127831 -1.90666e-05
11.25 -0.0749695 -0.00542347 -0.105724 5.64392e-06 -0.00119726 -1.98415e-05
11.26 -0.0783304 -0.00496454 -0.121096 -2.50304e-05 -0.00111434 -2.04118e-05
11.27 -0.0816471 -0.00450855 -0.133092 -5.19452e-05 -0.00103009 -2.08045e-05
11.28 -0.0849158 -0.00406967 -0.141372 -7.49042e-05 -0.000944184 -2.13229e-05
11.29 -0.0881283 -0.00366151 -0.145705 -9.38133e-05 -0.000856633 -2.21036e-05
11.3 -0.0912786 -0.00329684 -0.145964 -0.000108544 -0.000769596 -2.28635e-05
11.31 -0.0943634 -0.00298702 -0.142143 -0.000118907 -0.00067986 -2.34585e-05
11.32 -0.0973728 -0.00274152 -0.134347 -0.000124663 -0.000591994 -2.37741e-05
11.33 -0.100306 -0.0025677 -0.122796 -0.000125563 -0.000503243 -2.39551e-05
11.34 -0.103155 -0.00247061 -0.107816 -0.000121403 -0.00041489 -2.43171e-05
11.35 -0.105913 -0.00245309 -0.0898297 -0.00011204 -0.000329183 -2.48312e-05
11.36 -0.108581 -0.00251565 -0.0693445 -9.74462e-05 -0.000243326 -2.53079e-05
11.37 -0.111148 -0.00265631 -0.0469358 -7.77585e-05 -0.000161165 -2.55864e-05
11.38 -0.113614 -0.00287052 -0.0232367 -5.33018e-05 -8.12987e-05 -2.55968e-05
11.39 -0.115972 -0.00315131 0.0010911 -2.46139e-05 -4.70163e-06 -2.557e-05
11.4 -0.118218 -0.00348951 0.0253637 7.55604e-06 6.74096e-05 -2.57396e-05
11.41 -0.120349 -0.00387445 0.0489049 4.22836e-05 0.000135172 -2.6022e-05
11.42 -0.122361 -0.00429391 0.0710606 7.84665e-05 0.000197536 -2.62529e-05
11.43 -0.124249 -0.00473464 0.0912134 0.000114903 0.000254504 -2.62789e-05
11.44 -0.126011 -0.0051825 0.10881 0.000150332 0.000304197 -2.60743e-05
11.45 -0.127644 -0.0056229 0.123364 0.000183522 0.000348712 -2.5929e-05
11.46 -0.129143 -0.00604152 0.134477 0.000213363 0.000384448 -2.59876e-05
11.47 -0.13051 -0.00642471 0.141847 0.000238899 0.000413717 -2.61122e-05
11.48 -0.131739 -0.00676 0.145274 0.000259377 0.000435614 -2.62318e-05
11.49 -0.132829 -0.0070362 0.144668 0.000274221 0.000448262 -2.60936e-05
11.5 -0.133781 -0.00724381 0.140049 0.000283064 0.000455174 -2.58362e-05
11.51 -0.13459 -0.00737518 0.131548 0.000285743 0.000452632 -2.57179e-05
11.52 -0.13526 -0.00742496 0.1194 0.000282318 0.000443302 -2.57338e-05
11.53 -0.135789 -0.00739017 0.103944 0.000273207 0.000426927 -2.58983e-05
11.54 -0.136176 -0.00726935 0.0856035 0.000259329 0.000402667 -2.59487e-05
11.55 -0.136424 -0.00706443 0.0648863 0.000240678 0.000372701 -2.58385e-05
11.56 -0.136532 -0.00678469 0.0423652 0.000213895 0.00033588 -2.57037e-05
11.57 -0.136502 -0.00644376 0.0186596 0.000176323 0.00029378 -2.56654e-05
11.58 -0.136335 -0.00604787 -0.00557047 0.000133602 0.000245757 -2.55841e-05
11.59 -0.136035 -0.00559772 -0.0296568 9.56566e-05 0.000193923 -2.54253e-05
11.6 -0.1356 -0.00510161 -0.0529274 6.61964e-05 0.000136617 -2.5302e-05
11.61 -0.135037 -0.00457557 -0.0747343 4.23085e-05 7.61659e-05 -2.52896e-05
11.62 -0.134345 -0.0040375 -0.0944692 1.99356e-05 1.25239e-05 -2.55305e-05
11.63 -0.133528 -0.00350358 -0.111577 -3.37767e-06 -5.54868e-05 -2.5624e-05
11.64 -0.132591 -0.00298785 -0.125579 -2.789e-05 -0.000124117 -2.5458e-05
11.65 -0.131533 -0.00250267 -0.136078 -5.25755e-05 -0.000196885 -2.50925e-05
11.66 -0.130362 -0.00205915 -0.14278 -7.59906e-05 -0.000270685 -2.46494e-05
11.67 -0.129078 -0.00166776 -0.145493 -9.67833e-05 -0.000345911 -2.44875e-05
11.68 -0.127686 -0.00133773 -0.144139 -0.000114002 -0.00042372 -2.44222e-05
11.69 -0.126192 -0.00107728 -0.138755 -0.000126977 -0.000501377 -2.4262e-05
11.7 -0.124596 -0.000892312 -0.129491 -0.000135309 -0.000581159 -2.38341e-05
11.71 -0.122906 -0.000786398 -0.116611 -0.000138575 -0.000661276 -2.31942e-05
11.72 -0.121124 -0.000760271 -0.100475 -0.000136326 -0.000742554 -2.25906e-05
11.73 -0.119256 -0.000811857 -0.0815404 -0.000128141 -0.000824209 -2.21727e-05
11.74 -0.117305 -0.000937015 -0.0603393 -0.000113798 -0.000907129 -2.18806e-05
11.75 -0.115277 -0.00112905 -0.0374685 -9.35544e-05 -0.000990446 -2.13849e-05
11.76 -0.113177 -0.00137965 -0.0135722 -6.8135e-05 -0.00107429 -2.07375e-05
11.77 -0.111007 -0.00167837 0.0106826 -3.87567e-05 -0.00116012 -1.98764e-05
11.78 -0.108776 -0.00201346 0.0346145 -6.85815e-06 -0.00124511 -1.91328e-05
11.79 -0.106486 -0.00237207 0.0575594 2.60602e-05 -0.00133284 -1.86171e-05
11.8 -0.104144 -0.00274059 0.0788775 5.86141e-05 -0.00142069 -1.80431e-05
11.81 -0.101755 -0.0031053 0.0979799 8.96399e-05 -0.00150942 -1.74304e-05
11.82 -0.0993227 -0.0034521 0.114339 0.000118159 -0.00160059 -1.65078e-05
11.83 -0.0968569 -0.00376767 0.127506 0.000143457 -0.00169115 -1.55696e-05
11.84 -0.0943592 -0.00403921 0.137121 0.000164966 -0.0017842 -1.4778e-05
11.85 -0.0918389 -0.00425568 0.14292 0.000182341 -0.00187735 -1.41617e-05
11.86 -0.0893005 -0.00440773 0.144753 0.000195361 -0.00197135 -1.35988e-05
11.87 -0.0867511 -0.00448786 0.142568 0.00020391 -0.00206583 -1.28718e-05
11.88 -0.0841966 -0.00449092 0.136431 0.000207973 -0.00216024 -1.20253e-05
11.89 -0.0816441 -0.00441351 0.126515 0.000207537 -0.00225429 -1.11187e-05
11.9 -0.0790997 -0.00425504 0.113091 0.00020269 -0.00234709 -1.05011e-05
11.91 -0.0765694 -0.00401711 0.0965361 0.000193509 -0.00243928 -9.95792e-06
11.92 -0.0740612 -0.00370403 0.0773021 0.000180147 -0.00252799 -9.47628e-06
11.93 -0.0715781 -0.00332232 0.0559231 0.000162798 -0.00261546 -8.85706e-06
11.94 -0.0691293 -0.00288035 0.0329881 0.000141726 -0.0026987 -8.02587e-06
11.95 -0.0667185 -0.00238839 0.00913134 0.000117339 -0.00277775 -7.35694e-06
11.96 -0.06435 -0.00185786 -0.0149854 9.01454e-05 -0.00285344 -6.75554e-06
11.97 -0.0620321 -0.00130184 -0.0386944 6.08574e-05 -0.0029221 -6.3342e-06
11.98 -0.0597643 -0.000733778 -0.0613335 3.02584e-05 -0.00298659 -5.84662e-06
11.99 -0.0575551 -0.000167736 -0.082274 -7.34865e-07 -0.00304392 -5.16775e-06
12 -0.0554051 0.000382582 -0.100927 -3.11894e-05 -0.00309446 -4.39968e-06
12.01 -0.0533184 0.000904127 -0.116772 -6.01673e-05 -0.00313845 -3.68015e-06
12.02 -0.0512976 0.00138444 -0.129362 -8.67382e-05 -0.0031742 -3.12793e-06
12.03 -0.0493445 0.00181283 -0.13834 -0.000109976 -0.00320277 -2.60247e-06
12.04 -0.0474611 0.00218042 -0.143455 -0.000128753 -0.00322283 -2.04687e-06
12.05 -0.0456483 0.00248009 -0.144558 -0.000142983 -0.00323548 -1.2457e-06
12.06 -0.0439079 0.00270267 -0.14162 -0.000155338 -0.00323891 -4.54218e-07
12.07 -0.0422387 0.00283993 -0.13472 -0.000168225 -0.00323528 3.0043e-07
12.08 -0.040643 0.00289326 -0.124053 -0.000177892 -0.00322275 1.12535e-06
12.09 -0.0391196 0.00287183 -0.109921 -0.000177475 -0.00320212 1.93143e-06
12.1 -0.0376669 0.00278281 -0.0927192 -0.000165092 -0.00317475 2.84539e-06
12.11 -0.036288 0.00263002 -0.0729364 -0.000144019 -0.00313811 3.58768e-06
12.12 -0.0349767 0.00241897 -0.0511271 -0.000118589 -0.00309584 4.22584e-06
12.13 -0.0337373 0.00215806 -0.027907 -9.19263e-05 -0.00304582 4.93571e-06
12.14 -0.0325651 0.00185892 -0.003926 -6.55565e-05 -0.00298917 5.80225e-06
12.15 -0.03146 0.00153511 0.020143 -4.00171e-05 -0.00292745 6.83969e-06
12.16 -0.0304213 0.00120085 0.0436281 -1.54876e-05 -0.00285894 7.85425e-06
12.17 -0.0294464 0.000870541 0.0658765 7.79596e-06 -0.00278646 8.69943e-06
12.18 -0.0285349 0.000557619 0.0862681 2.94366e-05 -0.00270867 9.36439e-06
12.19 -0.027685 0.000274756 0.104243 4.88768e-05 -0.0026274 1.01164e-05
12.2 -0.0268956 3.34321e-05 0.119302 6.55602e-05 -0.00254191 1.09529e-05
12.21 -0.0261648 -0.000156005 0.131034 7.90918e-05 -0.00245392 1.19186e-05
12.22 -0.0254922 -0.000284537 0.139119 8.93115e-05 -0.00236264 1.28182e-05
12.23 -0.0248762 -0.000344988 0.143337 9.62848e-05 -0.00226879 1.34581e-05
12.24 -0.024314 -0.000332256 0.143578 0.000100131 -0.00217358 1.40274e-05
12.25 -0.0238078 -0.000243709 0.139836 0.000100903 -0.00207487 1.4581e-05
12.26 -0.0233511 -7.9041e-05 0.13222 9.84847e-05 -0.00197572 1.52476e-05
12.27 -0.0229472 0.000159625 0.120939 9.2663e-05 -0.00187389 1.59918e-05
12.28 -0.0225908 0.000467949 0.106309 8.32241e-05 -0.00176999 1.65855e-05
12.29 -0.0222806 0.000839387 0.0887315 7.00915e-05 -0.00166535 1.70011e-05
12.3 -0.0220154 0.00126531 0.0686921 5.34115e-05 -0.00155715 1.7359e-05
12.31 -0.02179 0.00173548 0.0467453 3.35555e-05 -0.00144834 1.77385e-05
12.32 -0.0216034 0.00223828 0.0234949 1.1125e-05 -0.00133641 1.82695e-05
12.33 -0.0214503 0.00276122 -0.000412765 -1.31241e-05 -0.00122268 1.88287e-05
12.34 -0.0213273 0.0032912 -0.0243179 -3.83158e-05 -0.0011064 1.92358e-05
12.35 -0.0212296 0.00381476 -0.0475546 -6.35069e-05 -0.000987882 1.95275e-05
12.36 -0.0211523 0.00431858 -0.0694758 -8.77518e-05 -0.000866838 1.97742e-05
12.37 -0.02109 0.00478991 -0.0894711 -0.000110147 -0.000743202 2.00984e-05
12.38 -0.0210361 0.00521705 -0.106978 -0.000129893 -0.00061794 2.05738e-05
12.39 -0.0209869 0.00558975 -0.121507 -0.000146338 -0.000489273 2.10377e-05
12.4 -0.0209326 0.00589939 -0.132647 -0.000158992 -0.000359817 2.13547e-05
12.41 -0.0208703 0.00613919 -0.140086 -0.00016755 -0.000227742 2.16167e-05
12.42 -0.0207914 0.00630443 -0.14361 -0.000171895 -9.3921e-05 2.18267e-05
12.43 -0.0206891 0.0063926 -0.14312 -0.000172085 4.00583e-05 2.21853e-05
12.44 -0.0205596 0.00640368 -0.13863 -0.000168342 0.000176638 2.26752e-05
12.45 -0.0203928 0.00633994 -0.130262 -0.000160991 0.00031217 2.30826e-05
12.46 -0.0201862 0.00620599 -0.118256 -0.000150442 0.000448801 2.34337e-05
12.47 -0.0199316 0.00600833 -0.102947 -0.000137137 0.000584805 2.36591e-05
12.48 -0.0196247 0.00575542 -0.0847688 -0.000121568 0.000719661 2.39096e-05
12.49 -0.0192603 0.00545726 -0.0642335 -0.000104241 0.00085356 2.43064e-05
12.5 -0.0188336 0.00512532 -0.0419185 -8.5698e-05 0.000985022 2.4746e-05
12.51 -0.0183408 0.00477218 -0.0184532 -6.64967e-05 0.00111438 2.51296e-05
12.52 -0.0177776 0.00441077 0.00550764 -4.71859e-05 0.00123986 2.53893e-05
12.53 -0.0171423 0.00405455 0.0292901 -2.82578e-05 0.00136251 2.5554e-05
12.54 -0.0164304 0.00371685 0.0522334 -9.98072e-06 0.00147969 2.57227e-05
12.55 -0.0156419 0.00341026 0.0736982 6.79472e-06 0.00159257 2.60123e-05
12.56 -0.0147743 0.00314357 0.0930896 1.95085e-05 0.00169994 2.62405e-05
12.57 -0.0138259 0.00292331 0.109873 2.59491e-05 0.00180028 2.64128e-05
12.58 -0.0127991 0.00275926 0.123585 2.82302e-05 0.0018956 2.65641e-05
12.59 -0.0116894 0.0026629 0.133853 3.07638e-05 0.00198243 2.66281e-05
12.6 -0.0105019 0.0026407 0.140395 3.48129e-05 0.00206295 2.67371e-05
12.61 -0.00923381 0.00269312 0.143036 3.83829e-05 0.00213586 2.66495e-05
12.62 -0.00788764 0.00281813 0.141706 3.89644e-05 0.00220051 2.64515e-05
12.63 -0.00646467 0.00301208 0.136445 3.50462e-05 0.00225841 2.62591e-05
12.64 -0.00496529 0.00327035 0.127403 2.63531e-05 0.00230773 2.60884e-05
12.65 -0.00339171 0.00358682 0.114828 1.34107e-05 0.00235023 2.60231e-05
12.66 -0.00174458 0.00395343 0.0990713 -2.89276e-06 0.00238478 2.58888e-05
12.67 -2.58104e-05 0.0043606 0.0805644 -2.16462e-05 0.00241288 2.56314e-05
12.68 0.00176441 0.00479679 0.0598207 -4.1979e-05 0.00243356 2.52256e-05
12.69 0.00362414 0.00524951 0.0374121 -6.31429e-05 0.00244829 2.48663e-05
12.7 0.00555297 0.00570546 0.0139574 -8.43952e-05 0.00245708 2.45328e-05
12.71 0.0075514 0.00615131 -0.00989201 -0.000104953 0.00245945 2.42921e-05
12.72 0.00961603 0.00657433 -0.0334771 -0.000123977 0.00245797 2.40318e-05
12.73 0.0117509 0.00696232 -0.0561392 -0.000140584 0.00245027 2.35784e-05
12.74 0.0139513 0.00730441 -0.0772489 -0.000154031 0.00243904 2.31614e-05
12.75 0.0162203 0.00759076 -0.0962142 -0.000163759 0.00242373 2.26831e-05
12.76 0.0185565 0.00781343 -0.112504 -0.000169536 0.00240388 2.23382e-05
12.77 0.0209586 0.00796619 -0.125661 -0.000171363 0.00238192 2.20621e-05
12.78 0.0234281 0.008045 -0.135313 -0.000169452 0.00235555 2.1679e-05
12.79 0.025962 0.00804809 -0.141189 -0.000164117 0.00232724 2.12675e-05
12.8 0.0285606 0.00797566 -0.143118 -0.000155691 0.0022957 2.07809e-05
12.81 0.0312215 0.00783062 -0.141049 -0.000144564 0.00226201 2.03806e-05
12.82 0.0339428 0.00761763 -0.135035 -0.000131075 0.00222571 2.00578e-05
12.83 0.0367218 0.00734389 -0.125248 -0.000115631 0.00218734 1.97943e-05
12.84 0.039555 0.00701812 -0.111963 -9.862e-05 0.00214696 1.94234e-05
12.85 0.0424398 0.0066506 -0.0955531 -8.04751e-05 0.00210381 1.89828e-05
12.86 0.0453692 0.00625289 -0.0764835 -6.16627e-05 0.00205965 1.85353e-05
12.87 0.0483419 0.00583712 -0.0552889 -4.26533e-05 0.00201214 1.80706e-05
12.88 0.0513485 0.00541634 -0.0325674 -2.39943e-05 0.00196322 1.77851e-05
12.89 0.0543857 0.00500341 -0.0089562 -6.21727e-06 0.00191203 1.73844e-05
12.9 0.0574463 0.00461126 0.0148833 1.00878e-05 0.00185756 1.69456e-05
12.91 0.060522 0.00425179 0.038284 2.43745e-05 0.00180202 1.64187e-05
12.92 0.063608 0.00393595 0.0605957 3.60983e-05 0.00174241 1.57971e-05
12.93 0.066694 0.00367328 0.0811965 4.47714e-05 0.0016811 1.53057e-05
12.94 0.0697741 0.00347148 0.0995189 5.00001e-05 0.00161656 1.47795e-05
12.95 0.0728397 0.00333667 0.115055 5.14737e-05 0.00154914 1.42548e-05
12.96 0.0758826 0.0032725 0.127381 4.90698e-05 0.00147911 1.36015e-05
12.97 0.0788956 0.00328066 0.136159 4.27745e-05 0.00140601 1.28854e-05
12.98 0.0818699 0.00336029 0.14115 3.27704e-05 0.00133063 1.21245e-05
12.99 0.0847994 0.00350835 0.142222 1.93705e-05 0.00125219 1.14387e-05
13 0.0876749 0.00371974 0.139347 3.01109e-06 0.00117243 1.0776e-05
13.01 0.0904922 0.00398719 0.13261 -1.57409e-05 0.00108989 1.00081e-05
13.02 0.0932421 0.00430184 0.122198 -3.62666e-05 0.00100658 9.24405e-06
13.03 0.0959209 0.00465312 0.108399 -5.77992e-05 0.000922377 8.31459e-06
13.04 0.0985229 0.00502972 0.0915965 -7.9467e-05 0.000836953 7.48717e-06
13.05 0.101042 0.00541915 0.0722519 -0.000100715 0.000753136 6.701e-06
13.06 0.103477 0.00580697 0.0509016 -0.000122092 0.000668641 5.89077e-06
13.07 0.105821 0.00617813 0.0281331 -0.000143996 0.000586652 5.12326e-06
13.08 0.108074 0.00652074 0.00457861 -0.000164299 0.000506369 4.2884e-06
13.09 0.110232 0.00682611 -0.019111 -0.000179641 0.000428519 3.51212e-06
13.1 0.112294 0.00708454 -0.0422769 -0.000188669 0.000354562 2.74524e-06
13.11 0.114258 0.00728591 -0.0642738 -0.000192225 0.000283819 1.95259e-06
13.12 0.116123 0.00742137 -0.0844895 -0.000191587 0.000218002 1.1187e-06
13.13 0.117889 0.00748471 -0.102355 -0.000187649 0.000156521 3.48859e-07
13.14 0.119553 0.00747257 -0.117373 -0.000180732 0.000100859 -3.60757e-07
13.15 0.121117 0.00738399 -0.129117 -0.000170837 5.02462e-05 -9.96984e-07
13.16 0.122578 0.00722052 -0.137258 -0.000157953 5.90871e-06 -1.56903e-06
13.17 0.123936 0.00698566 -0.141565 -0.000142163 -3.21367e-05 -2.25266e-06
13.18 0.125192 0.00668493 -0.141913 -0.000123762 -6.46731e-05 -2.90358e-06
13.19 0.12634 0.00632559 -0.138294 -0.000103193 -8.94448e-05 -3.53967e-06
13.2 0.127385 0.00591666 -0.130807 -8.10131e-05 -0.000109205 -4.12779e-06
13.21 0.128319 0.00546869 -0.119663 -5.77982e-05 -0.000121462 -4.59576e-06
13.22 0.129145 0.00499343 -0.105177 -3.41068e-05 -0.000127689 -5.12278e-06
13.23 0.129859 0.0045036 -0.087757 -1.04808e-05 -0.000128132 -5.68777e-06
13.24 0.130457 0.00401217 -0.0678942 1.25315e-05 -0.000121696 -6.26914e-06
13.25 0.130941 0.00353222 -0.046147 3.43008e-05 -0.000110486 -6.86035e-06
13.26 0.131305 0.00307631 -0.0231288 5.41388e-05 -9.31261e-05 -7.38011e-06
13.27 0.131549 0.00265628 0.000517378 7.13142e-05 -7.12026e-05 -7.85548e-06
13.28 0.131668 0.00228287 0.0241267 8.51375e-05 -4.43409e-05 -8.399e-06
13.29 0.131664 0.00196528 0.0470425 9.50353e-05 -1.34873e-05 -8.97905e-06
13.3 0.131531 0.00171099 0.0686261 0.000100593 2.11984e-05 -9.5892e-06
13.31 0.131271 0.00152549 0.0882783 0.000101591 5.94449e-05 -1.02145e-05
13.32 0.130882 0.00141211 0.105458 9.80144e-05 9.98528e-05 -1.07529e-05
13.33 0.130362 0.00137203 0.119689 9.00204e-05 0.000143874 -1.13059e-05
13.34 0.129714 0.00140409 0.130585 7.79425e-05 0.00018873 -1.19167e-05
13.35 0.128936 0.00150492 0.137846 6.22478e-05 0.000236302 -1.25455e-05
13.36 0.12803 0.00166897 0.141277 4.35191e-05 0.000285143 -1.32253e-05
13.37 0.126999 0.00188868 0.140787 2.24298e-05 0.000334764 -1.38732e-05
13.38 0.125844 0.00215484 0.136393 -3.0236e-07 0.000386633 -1.44339e-05
13.39 0.124571 0.00245676 0.128219 -2.39334e-05 0.000438437 -1.50504e-05
13.4 0.123181 0.00278268 0.116492 -4.77265e-05 0.000492242 -1.56544e-05
13.41 0.121681 0.00312002 0.101538 -7.09607e-05 0.000546747 -1.62893e-05
13.42 0.120074 0.00345584 0.0837675 -9.29635e-05 0.000602563 -1.69459e-05
13.43 0.118368 0.00377722 0.0636733 -0.000113115 0.000659892 -1.74747e-05
13.44 0.116569 0.00407168 0.0418096 -0.00013086 0.00071848 -1.79862e-05
13.45 0.114683 0.00432765 0.0187796 -0.000145715 0.000779139 -1.84572e-05
13.46 0.112718 0.00453457 -0.00477712 -0.000157245 0.00084097 -1.8933e-05
13.47 0.11068 0.00468349 -0.0282099 -0.000165116 0.000905666 -1.94141e-05
13.48 0.108579 0.00476703 -0.0508651 -0.000169059 0.000971433 -1.98572e-05
13.49 0.106419 0.00477987 -0.0721129 -0.000168911 0.00104007 -2.01839e-05
13.5 0.10421 0.00471891 -0.0913594 -0.000164624 0.00111075 -2.04633e-05
13.51 0.101959 0.00458314 -0.108065 -0.000156251 0.00118298 -2.07254e-05
13.52 0.0996702 0.00437401 -0.121761 -0.000143989 0.0012585 -2.09362e-05
13.53 0.0973532 0.00409499 -0.132061 -0.0001281 0.00133468 -2.12211e-05
13.54 0.0950115 0.00375189 -0.138674 -0.000108934 0.00141375 -2.13738e-05
13.55 0.0926519 0.00335225 -0.141413 -8.70883e-05 0.00149395 -2.14885e-05
13.56 0.0902791 0.00290462 -0.140199 -6.37401e-05 0.0015755 -2.15788e-05
13.57 0.0878963 0.00241876 -0.135065 -4.00547e-05 0.00165849 -2.15906e-05
13.58 0.0855092 0.00190671 -0.126156 -1.60644e-05 0.00174174 -2.16566e-05
13.59 0.0831188 0.0013825 -0.113722 8.75083e-06 0.0018258 -2.16516e-05
13.6 0.0807303 0.00085938 -0.0981136 3.40661e-05 0.00190927 -2.16341e-05
13.61 0.0783436 0.000349876 -0.0797724 5.862e-05 0.00199272 -2.16227e-05
13.62 0.0759637 -0.000134243 -0.0592132 8.10781e-05 0.00207452 -2.1616e-05
13.63 0.0735895 -0.000581676 -0.0370159 0.000100395 0.00215504 -2.15882e-05
13.64 0.0712252 -0.000981897 -0.0138042 0.000115928 0.00223346 -2.15471e-05
13.65 0.0688714 -0.00132593 0.00977244 0.000127353 0.00230834 -2.14812e-05
13.66 0.0665293 -0.00160617 0.0330529 0.000134496 0.00238108 -2.13636e-05
13.67 0.0642025 -0.00181738 0.0553902 0.000137344 0.00244838 -2.13446e-05
13.68 0.0618909 -0.00195625 0.0761614 0.000135928 0.00251225 -2.12738e-05
13.69 0.0595981 -0.00202194 0.0947931 0.000130404 0.00257041 -2.12475e-05
13.7 0.0573265 -0.00201583 0.11077 0.00012102 0.00262281 -2.12269e-05
13.71 0.0550776 -0.00194143 0.123653 0.000108151 0.00266963 -2.11095e-05
13.72 0.0528567 -0.00180444 0.13309 9.23139e-05 0.00270923 -2.10861e-05
13.73 0.0506645 -0.00161217 0.138823 7.41002e-05 0.00274258 -2.10047e-05
13.74 0.0485071 -0.0013739 0.140701 5.42055e-05 0.00276843 -2.09679e-05
13.75 0.0463861 -0.0011 0.138672 3.32986e-05 0.00278734 -2.09269e-05
13.76 0.0443079 -0.00080217 0.132798 1.20685e-05 0.00279874 -2.0837e-05
13.77 0.0422746 -0.000492703 0.123242 -8.84623e-06 0.00280294 -2.07322e-05
13.78 0.0402922 -0.000184162 0.11027 -2.88316e-05 0.00280025 -2.06081e-05
13.79 0.0383644 0.000110729 0.0942408 -4.72784e-05 0.00278986 -2.04961e-05
13.8 0.036495 0.000380028 0.0755957 -6.36477e-05 0.00277391 -2.0323e-05
13.81 0.0346899 0.000612292 0.0548515 -7.73969e-05 0.00275022 -2.01872e-05
13.82 0.0329509 0.000797549 0.0325791 -8.80799e-05 0.00272154 -1.99142e-05
13.83 0.0312833 0.000927173 0.00939599 -9.53024e-05 0.00268666 -1.96526e-05
13.84 0.02969 0.000994306 -0.0140563 -9.87781e-05 0.00264627 -1.93731e-05
13.85 0.0281725 0.000994116 -0.0371271 -9.83397e-05 0.00260167 -1.90123e-05
13.86 0.0267354 0.000923656 -0.0591732 -9.39181e-05 0.00255163 -1.87249e-05
13.87 0.0253773 0.000782433 -0.0795817 -8.56012e-05 0.00249815 -1.8299e-05
13.88 0.0241014 0.000571857 -0.0977793 -7.35675e-05 0.00244043 -1.78667e-05
13.89 0.022906 0.000295825 -0.113258 -5.81667e-05 0.00237932 -1.73935e-05
13.9 0.0217912 -3.99673e-05 -0.125581 -3.98277e-05 0.00231511 -1.68763e-05
13.91 0.0207549 -0.000427859 -0.134401 -1.90998e-05 0.0022477 -1.63786e-05
13.92 0.0197948 -0.000858532 -0.139469 3.3847e-06 0.00217803 -1.58471e-05
13.93 0.0189081 -0.00132158 -0.140639 2.69519e-05 0.00210513 -1.52912e-05
13.94 0.0180897 -0.00180524 -0.13788 5.08523e-05 0.00203086 -1.46749e-05
13.95 0.0173373 -0.00229744 -0.131265 7.43778e-05 0.00195328 -1.40909e-05
13.96 0.0166432 -0.00278552 -0.120983 9.67941e-05 0.00187444 -1.34407e-05
13.97 0.0160043 -0.00325709 -0.107322 0.000117438 0.00179317 -1.285e-05
13.98 0.0154137 -0.00370022 -0.0906679 0.000135697 0.00170951 -1.22507e-05
13.99 0.0148652 -0.00410372 -0.0714904 0.000151041 0.00162464 -1.15842e-05
14 0.0143546 -0.00445778 -0.0503283 0.000163051 0.00153654 -1.10037e-05
14.01 0.0138736 -0.00475384 -0.0277786 0.000171382 0.00144712 -1.03365e-05
14.02 0.0134186 -0.00498533 -0.00447204 0.000175839 0.00135487 -9.75079e-06
14.03 0.0129831 -0.00514743 0.0189368 0.000176299 0.00126021 -9.18143e-06
14.04 0.0125622 -0.00523764 0.0417955 0.000172767 0.00116321 -8.58575e-06
14.05 0.0121518 -0.00525547 0.0634673 0.000165405 0.00106304 -8.02936e-06
14.06 0.0117467 -0.00520227 0.0833499 0.000154711 0.000960505 -7.44709e-06
14.07 0.0113446 -0.00508153 0.100895 0.000141262 0.000854424 -6.89926e-06
14.08 0.0109405 -0.00489912 0.115618 0.000125192 0.000746003 -6.38108e-06
14.09 0.0105341 -0.0046635 0.127115 0.000106485 0.000633832 -5.92283e-06
14.1 0.0101205 -0.00438414 0.135073 8.55555e-05 0.000519206 -5.40102e-06
14.11 0.00970005 -0.00407148 0.139275 6.33071e-05 0.00040161 -4.90407e-06
14.12 0.00927018 -0.00373686 0.13961 4.07478e-05 0.000280851 -4.35892e-06
14.13 0.00882939 -0.00339225 0.136072 1.87913e-05 0.000158679 -3.8139e-06
14.14 0.00837822 -0.00305012 0.128763 -1.78111e-06 3.32308e-05 -3.37186e-06
14.15 0.00791376 -0.00272279 0.117884 -2.03164e-05 -9.28203e-05 -2.86505e-06
14.16 0.00743693 -0.00242217 0.103739 -3.6225e-05 -0.0002206 -2.38605e-06
14.17 0.00694623 -0.00215916 0.0867169 -4.90076e-05 -0.000348986 -1.84619e-06
14.18 0.00644024 -0.00194346 0.0672893 -5.82307e-05 -0.000476992 -1.24929e-06
14.19 0.00591929 -0.00178314 0.0459924 -6.35662e-05 -0.000605022 -6.95554e-07
14.2 0.00538015 -0.00168451 0.0234136 -6.4793e-05 -0.000731226 -1.42888e-07
14.21 0.00482317 -0.00165198 0.000179935 -6.18197e-05 -0.000856107 4.28799e-07
14.22 0.00424435 -0.00168778 -0.023067 -5.47169e-05 -0.000978038 1.01163e-06
14.23 0.00364329 -0.00179211 -0.045679 -4.36771e-05 -0.00109727 1.66005e-06
14.24 0.00301521 -0.00196288 -0.0670277 -2.90269e-05 -0.0012126 2.34147e-06
14.25 0.00235847 -0.00219595 -0.0865167 -1.11833e-05 -0.00132364 2.9725e-06
14.26 0.00166862 -0.0024852 -0.103599 9.35744e-06 -0.00143052 3.62481e-06
14.27 0.00094125 -0.0028227 -0.117798 3.20249e-05 -0.0015313 4.27107e-06
14.28 0.000173422 -0.00319897 -0.128711 5.62014e-05 -0.00162773 4.92825e-06
14.29 -0.000641498 -0.00360325 -0.136031 8.1213e-05 -0.00171731 5.65346e-06
14.3 -0.00150669 -0.00402384 -0.13955 0.000106349 -0.00180132 6.34349e-06
14.31 -0.0024277 -0.00444847 -0.139168 0.000130885 -0.0018791 6.98927e-06
14.32 -0.00341019 -0.0048647 -0.134895 0.000154103 -0.00194988 7.64201e-06
14.33 -0.00445709 -0.00526028 -0.126849 0.000175311 -0.00201493 8.23444e-06
14.34 -0.0055753 -0.00562351 -0.115259 0.000193869 -0.00207271 8.86692e-06
14.35 -0.00676664 -0.00594355 -0.100449 0.000209195 -0.00212453 9.5161e-06
14.36 -0.0080367 -0.00621079 -0.082839 0.000220806 -0.00216971 1.00803e-05
14.37 -0.00938699 -0.00641714 -0.0629234 0.000228323 -0.00220879 1.06434e-05
14.38 -0.010821 -0.00655634 -0.0412636 0.000231495 -0.00224198 1.11257e-05
14.39 -0.0123396 -0.00662408 -0.0184685 0.00023019 -0.00226918 1.15792e-05
14.4 -0.0139436 -0.00661821 0.00482396 0.000224424 -0.00229163 1.20605e-05
14.41 -0.0156337 -0.00653868 0.0279601 0.000214339 -0.00230817 1.24941e-05
14.42 -0.0174072 -0.0063876 0.050297 0.00020021 -0.00232114 1.28891e-05
14.43 -0.0192643 -0.00616928 0.0712112 0.000182447 -0.00232899 1.32367e-05
14.44 -0.0212008 -0.00588984 0.0901246 0.000161549 -0.00233346 1.35275e-05
14.45 -0.0232137 -0.00555743 0.106514 0.000138142 -0.00233462 1.37916e-05
14.46 -0.0252998 -0.00518155 0.119928 0.000112895 -0.00233202 1.40949e-05
14.47 -0.0274525 -0.00477308 0.130001 8.65473e-05 -0.00232755 1.43294e-05
14.48 -0.0296691 -0.00434378 0.136457 5.9859e-05 -0.00231972 1.45554e-05
14.49 -0.0319418 -0.00390595 0.139122 3.35996e-05 -0.00231011 1.4759e-05
14.5 -0.0342664 -0.00347217 0.137926 8.53492e-06 -0.00229815 1.4878e-05
14.51 -0.0366362 -0.0030547 0.132907 -1.46265e-05 -0.00228396 1.50937e-05
14.52 -0.0390455 -0.00266538 0.124204 -3.52142e-05 -0.002268 1.52577e-05
14.53 -0.0414884 -0.00231502 0.112059 -5.27154e-05 -0.00224945 1.54418e-05
14.54 -0.0439589 -0.00201366 0.09681 -6.68194e-05 -0.00222925 1.56284e-05
14.55 -0.0464523 -0.00176943 0.0788754 -7.69521e-05 -0.00220593 1.57597e-05
14.56 -0.0489621 -0.00158676 0.0587528 -8.14067e-05 -0.00218086 1.59499e-05
14.57 -0.0514852 -0.00146751 0.0369962 -7.8813e-05 -0.00215237 1.61309e-05
14.58 -0.0540158 -0.00141464 0.0142081 -7.09685e-05 -0.00212123 1.62803e-05
14.59 -0.0565503 -0.00143186 -0.00898052 -6.13182e-05 -0.0020872 1.6358e-05
14.6 -0.0590862 -0.00151837 -0.0319272 -5.11835e-05 -0.00204912 1.65182e-05
14.61 -0.0616182 -0.00166887 -0.0539922 -3.95726e-05 -0.00200859 1.67365e-05
14.62 -0.0641465 -0.00187578 -0.0745625 -2.51864e-05 -0.0019636 1.70739e-05
14.63 -0.0666661 -0.00213028 -0.093061 -7.4323e-06 -0.00191551 1.7368e-05
14.64 -0.0691769 -0.0024231 -0.108971 1.34189e-05 -0.00186373 1.74623e-05
14.65 -0.0716764 -0.00274392 -0.121845 3.65337e-05 -0.001808 1.75597e-05
14.66 -0.0741631 -0.00308184 -0.131319 6.09204e-05 -0.00174931 1.76028e-05
14.67 -0.076636 -0.00342497 -0.137127 8.55846e-05 -0.00168658 1.78061e-05
14.68 -0.0790929 -0.00376111 -0.139103 0.000109697 -0.0016213 1.80681e-05
14.69 -0.0815333 -0.00407794 -0.137191 0.000132551 -0.00155239 1.82056e-05
14.7 -0.0839543 -0.00436361 -0.131442 0.000153544 -0.0014814 1.8245e-05
14.71 -0.0863552 -0.00460742 -0.12202 0.000172108 -0.0014076 1.81626e-05
14.72 -0.0887327 -0.00479972 -0.109189 0.000187631 -0.00133197 1.81276e-05
14.73 -0.0910842 -0.00493277 -0.0933109 0.000199556 -0.00125507 1.81656e-05
14.74 -0.0934074 -0.00500016 -0.0748344 0.000207386 -0.00117639 1.8236e-05
14.75 -0.0956964 -0.00499758 -0.054278 0.000210841 -0.00109805 1.81589e-05
14.76 -0.0979497 -0.0049227 -0.0322222 0.00020985 -0.00101884 1.79676e-05
14.77 -0.10016 -0.00477527 -0.0092845 0.000204553 -0.000940606 1.77076e-05
14.78 -0.102323 -0.00455736 0.0138912 0.000195273 -0.000863541 1.74381e-05
14.79 -0.104433 -0.00427279 0.0366579 0.000182391 -0.000787662 1.73195e-05
14.8 -0.106483 -0.00392755 0.0583814 0.000166377 -0.000714851 1.70889e-05
14.81 -0.108468 -0.00352913 0.0784571 0.000147694 -0.000644103 1.67913e-05
14.82 -0.110379 -0.0030868 0.0963312 0.000126864 -0.000577461 1.63734e-05
14.83 -0.112211 -0.00261106 0.111508 0.000104412 -0.000514222 1.58663e-05
14.84 -0.113956 -0.00211331 0.123574 8.08788e-05 -0.00045572 1.54985e-05
14.85 -0.115609 -0.00160563 0.132196 5.68249e-05 -0.000401804 1.51344e-05
14.86 -0.117162 -0.00110001 0.137142 3.27847e-05 -0.000352901 1.47785e-05
14.87 -0.11861 -0.000608615 0.138278 9.33013e-06 -0.000309699 1.43117e-05
14.88 -0.119948 -0.000142861 0.135577 -1.30207e-05 -0.000271248 1.37728e-05
14.89 -0.121169 0.000286418 0.129117 -3.3743e-05 -0.000239204 1.32322e-05
14.9 -0.122272 0.000669639 0.119077 -5.23653e-05 -0.000211862 1.28075e-05
14.91 -0.123251 0.000998833 0.105736 -6.84698e-05 -0.000190361 1.24509e-05
14.92 -0.124105 0.00126755 0.0894635 -8.16765e-05 -0.000174182 1.20321e-05
14.93 -0.124832 0.00147147 0.0707079 -9.17129e-05 -0.000162441 1.16097e-05
14.94 -0.125429 0.00160793 0.0499882 -9.83585e-05 -0.000156294 1.10469e-05
14.95 -0.1259 0.00167653 0.0278753 -0.000101529 -0.000153717 1.06013e-05
14.96 -0.126241 0.00167883 0.00498289 -0.000101238 -0.000155904 1.02425e-05
14.97 -0.126457 0.00161854 -0.0180565 -9.76406e-05 -0.000161492 9.89647e-06
14.98 -0.126547 0.00150133 -0.0406016 -9.09994e-05 -0.000170606 9.5852e-06
14.99 -0.126516 0.00133441 -0.0620254 -8.16612e-05 -0.00018294 9.12654e-06
15 -0.126365 0.00112662 -0.0817306 -7.0078e-05 -0.000197765 8.67004e-06
15.01 -0.126098 0.000887719 -0.0991643 -5.67376e-05 -0.000215597 8.26465e-06
15.02 -0.125719 0.000628644 -0.11384 -4.22165e-05 -0.00023499 7.93477e-06
15.03 -0.125232 0.000360592 -0.125341 -2.72101e-05 -0.000257191 7.62659e-06
15.04 -0.124641 9.44088e-05 -0.133347 -1.27024e-05 -0.000280529 7.27551e-06
15.05 -0.123949 -0.000158609 -0.137628 1.14111e-06 -0.0003059 6.84229e-06
15.06 -0.123161 -0.000383952 -0.138064 1.67653e-05 -0.000332924 6.40297e-06
15.07 -0.122282 -0.00056625 -0.134641 3.61876e-05 -0.000360816 6.02503e-06
15.08 -0.121313 -0.000698603 -0.127454 5.53368e-05 -0.000390959 5.49496e-06
15.09 -0.120261 -0.000780817 -0.116707 6.70094e-05 -0.000421626 4.91001e-06
15.1 -0.119124 -0.000810059 -0.1027 6.8801e-05 -0.000454261 4.33942e-06
15.11 -0.11791 -0.000780068 -0.0858309 6.33365e-05 -0.000488143 3.92203e-06
15.12 -0.116617 -0.000685856 -0.0665731 5.42314e-05 -0.000523363 3.70709e-06
15.13 -0.115249 -0.0005258 -0.0454693 4.3978e-05 -0.000560653 3.33249e-06
15.14 -0.113807 -0.000301858 -0.0231133 3.35059e-05 -0.00059913 2.72553e-06
15.15 -0.112293 -1.89556e-05 -0.000130626 2.28554e-05 -0.000640207 1.9328e-06
15.16 -0.110706 0.000316152 0.0228334 1.17679e-05 -0.00068267 1.16754e-06
15.17 -0.109049 0.000695313 0.0451399 1.01616e-07 -0.00072814 6.41434e-07
15.18 -0.107322 0.00110962 0.0661666 -1.203e-05 -0.000775464 2.55124e-07
15.19 -0.105525 0.0015495 0.085331 -2.42939e-05 -0.000825725 -2.49435e-07
15.2 -0.103659 0.00200465 0.102104 -3.62411e-05 -0.000878813 -9.69229e-07
15.21 -0.101727 0.00246413 0.116021 -4.75233e-05 -0.000934222 -1.79996e-06
15.22 -0.0997262 0.00291661 0.126704 -5.79601e-05 -0.000993244 -2.56409e-06
15.23 -0.097663 0.0033508 0.133859 -6.75376e-05 -0.00105434 -3.0525e-06
15.24 -0.0955359 0.00375611 0.137295 -7.62666e-05 -0.00111862 -3.46229e-06
15.25 -0.0933503 0.00412282 0.136917 -8.40319e-05 -0.00118543 -3.98196e-06
15.26 -0.0911079 0.00444251 0.132743 -9.05347e-05 -0.00125412 -4.641e-06
15.27 -0.0888131 0.0047081 0.124888 -9.53225e-05 -0.00132546 -5.3886e-06
15.28 -0.0864706 0.00491423 0.113572 -9.79113e-05 -0.00139757 -5.95818e-06
15.29 -0.0840849 0.00505741 0.0991086 -9.79135e-05 -0.00147155 -6.29382e-06
15.3 -0.0816622 0.0051362 0.0818961 -9.5124e-05 -0.00154544 -6.61309e-06
15.31 -0.0792078 0.00515109 0.0624117 -8.95438e-05 -0.00161992 -7.02221e-06
15.32 -0.0767287 0.0051044 0.0411921 -8.13652e-05 -0.00169346 -7.59474e-06
15.33 -0.0742314 0.00500023 0.0188245 -7.09534e-05 -0.00176599 -8.19774e-06
15.34 -0.0717224 0.00484439 -0.00407141 -5.8807e-05 -0.00183696 -8.56944e-06
15.35 -0.0692102 0.00464439 -0.0268618 -4.5534e-05 -0.00190507 -8.79712e-06
15.36 -0.0666995 0.00440926 -0.0489113 -3.17982e-05 -0.001971 -8.99862e-06
15.37 -0.0642001 0.00414895 -0.0696075 -1.82572e-05 -0.00203279 -9.33389e-06
15.38 -0.0617163 0.00387417 -0.0883705 -5.54358e-06 -0.00209108 -9.82219e-06
15.39 -0.0592563 0.0035958 -0.104676 5.79319e-06 -0.00214501 -1.02779e-05
15.4 -0.0568257 0.00332482 -0.118065 1.52766e-05 -0.00219369 -1.05348e-05
15.41 -0.0544298 0.00307211 -0.128161 2.25269e-05 -0.00223804 -1.06805e-05
15.42 -0.0520749 0.00284791 -0.13468 2.72782e-05 -0.00227611 -1.0862e-05
15.43 -0.0497643 0.00266168 -0.137434 2.93526e-05 -0.00230932 -1.11701e-05
15.44 -0.0475033 0.00252137 -0.136348 2.86874e-05 -0.00233617 -1.16652e-05
15.45 -0.0452942 0.00243352 -0.131448 2.52799e-05 -0.00235744 -1.20347e-05
15.46 -0.0431403 0.00240292 -0.122874 1.91963e-05 -0.00237262 -1.22815e-05
15.47 -0.0410435 0.00243271 -0.110866 1.05445e-05 -0.00238176 -1.24552e-05
15.48 -0.0390048 0.00252417 -0.0957624 -5.12241e-07 -0.00238532 -1.26509e-05
15.49 -0.0370257 0.00267651 -0.0779905 -1.37426e-05 -0.00238259 -1.30761e-05
15.5 -0.0351048 0.00288706 -0.0580488 -2.88728e-05 -0.00237493 -1.35346e-05
15.51 -0.0332435 0.00315101 -0.0365003 -4.55535e-05 -0.00236129 -1.39191e-05
15.52 -0.0314391 0.00346213 -0.0139488 -6.34284e-05 -0.00234293 -1.41553e-05
15.53 -0.0296913 0.00381228 0.00897292 -8.22436e-05 -0.00231986 -1.43267e-05
15.54 -0.0279986 0.00419125 0.031624 -0.00010211 -0.00229185 -1.45769e-05
15.55 -0.0263578 0.00458855 0.0533737 -0.000121945 -0.00226058 -1.49524e-05
15.56 -0.024769 0.00499836 0.0736161 -0.000136973 -0.00222473 -1.53078e-05
15.57 -0.0232279 0.00541686 0.0917923 -0.000143091 -0.00218624 -1.5547e-05
15.58 -0.0217347 0.00582975 0.107399 -0.000145039 -0.00214436 -1.58958e-05
15.59 -0.0202862 0.00621551 0.120007 -0.000152189 -0.00209987 -1.62694e-05
15.6 -0.0188816 0.00655941 0.129273 -0.000167218 -0.00205314 -1.66124e-05
15.61 -0.0175196 0.00685518 0.134942 -0.000185797 -0.00200385 -1.66723e-05
15.62 -0.0161988 0.00709873 0.136864 -0.000202397 -0.00195303 -1.64248e-05
15.63 -0.0149194 0.00728551 0.134988 -0.000213317 -0.00189965 -1.63098e-05
15.64 -0.0136801 0.00741051 0.12937 -0.000217327 -0.00184503 -1.64046e-05
15.65 -0.0124821 0.00746912 0.120166 -0.000214691 -0.00178789 -1.67388e-05
15.66 -0.0113247 0.00745883 0.107632 -0.000206327 -0.00172907 -1.69571e-05
15.67 -0.0102088 0.00737937 0.0921159 -0.000193188 -0.00166815 -1.68201e-05
15.68 -0.00913561 0.00723347 0.0740443 -0.000176067 -0.00160446 -1.64504e-05
15.69 -0.00810418 0.00702635 0.0539181 -0.00015561 -0.00153899 -1.61528e-05
15.7 -0.00711758 0.00676503 0.0322914 -0.000132431 -0.00147001 -1.61299e-05
15.71 -0.00617384 0.00645806 0.00976431 -0.000107383 -0.00139869 -1.62234e-05
15.72 -0.00527545 0.00611466 -0.0130407 -8.155e-05 -0.001324 -1.62288e-05
15.73 -0.00442122 0.00574514 -0.0354896 -5.62469e-05 -0.00124586 -1.58405e-05
15.74 -0.00361137 0.00536047 -0.0569582 -3.27043e-05 -0.00116469 -1.53478e-05
15.75 -0.00284556 0.00497216 -0.0768482 -1.18619e-05 -0.00107937 -1.49705e-05
15.76 -0.00212203 0.00459184 -0.0946021 5.77031e-06 -0.000991056 -1.4802e-05
15.77 -0.00144014 0.00423059 -0.109724 2.00936e-05 -0.000898482 -1.48125e-05
15.78 -0.000796943 0.00389907 -0.121787 3.12249e-05 -0.000802849 -1.45665e-05
15.79 -0.000190694 0.00360674 -0.130453 3.93826e-05 -0.000703283 -1.41114e-05
15.8 0.00038214 0.00336224 -0.135476 4.46966e-05 -0.000600515 -1.35846e-05
15.81 0.00092523 0.00317243 -0.136712 4.72398e-05 -0.000494705 -1.3231e-05
15.82 0.00144163 0.00304241 -0.134127 4.69855e-05 -0.000385463 -1.31535e-05
15.83 0.00193761 0.00297527 -0.127792 4.38639e-05 -0.000274292 -1.31166e-05
15.84 0.00241555 0.00297191 -0.117886 3.78064e-05 -0.000160057 -1.28888e-05
15.85 0.00288311 0.00303167 -0.104687 2.87289e-05 -4.44386e-05 -1.24319e-05
15.86 0.00334367 0.00315175 -0.0885682 1.66493e-05 7.28296e-05 -1.20034e-05
15.87 0.00380389 0.00332773 -0.0699831 1.65033e-06 0.000191378 -1.17289e-05
15.88 0.00426934 0.0035531 -0.0494551 -1.6019e-05 0.000309853 -1.17075e-05
15.89 0.00474502 0.00381966 -0.0275623 -3.59698e-05 0.000429018 -1.16514e-05
15.9 0.00523757 0.00411793 -0.00491752 -5.76674e-05 0.000546872 -1.13348e-05
15.91 0.00575137 0.00443742 0.0178431 -8.04248e-05 0.000664116 -1.09073e-05
15.92 0.00629244 0.00476722 0.0400859 -0.000103461 0.000779161 -1.04269e-05
15.93 0.00686513 0.00509577 0.0611899 -0.000125884 0.00089206 -1.02051e-05
15.94 0.00747392 0.00541157 0.0805699 -0.000146808 0.001002 -1.01239e-05
15.95 0.00812331 0.00570313 0.09769 -0.00016537 0.00110821 -9.92266e-06
15.96 0.00881554 0.00595979 0.112077 -0.000180841 0.00121091 -9.53199e-06
15.97 0.00955536 0.00617203 0.123338 -0.000192646 0.00130852 -8.94891e-06
15.98 0.0103428 0.00633163 0.131163 -0.000200373 0.00140195 -8.44277e-06
15.99 0.0111818 0.00643204 0.135341 -0.000203802 0.00148982 -8.11796e-06
16 0.0120718 0.00646808 0.13576 -0.000202845 0.00157237 -7.89879e-06
16.01 0.0130143 0.00643656 0.132412 -0.000197599 0.00164978 -7.50613e-06
16.02 0.0140096 0.0063363 0.125393 -0.000188297 0.00172091 -6.92325e-06
16.03 0.0150564 0.006168 0.114896 -0.000175486 0.0017873 -6.20035e-06
16.04 0.0161553 0.00593354 0.101215 -0.000160229 0.00184745 -5.54602e-06
16.05 0.0173042 0.00563737 0.0847266 -0.00014239 0.0019028 -5.09953e-06
16.06 0.0185028 0.00529179 0.0658868 -0.00011795 0.00195274 -4.56854e-06
16.07 0.0197495 0.00491279 0.0452151 -8.36043e-05 0.00199782 -3.99801e-06
16.08 0.0210427 0.00450684 0.0232833 -4.56418e-05 0.00203846 -3.42874e-06
16.09 0.0223819 0.00407299 0.000698892 -1.52707e-05 0.00207442 -2.9424e-06
16.1 0.0237646 0.00361782 -0.0219133 3.54083e-06 0.00210686 -2.46177e-06
16.11 0.0251914 0.00315634 -0.0439232 1.44761e-05 0.00213498 -1.69996e-06
16.12 0.0266593 0.00270443 -0.0647197 2.26275e-05 0.00216018 -7.28748e-07
16.13 0.0281696 0.00227579 -0.0837209 3.12067e-05 0.00218187 1.54784e-07
16.14 0.0297201 0.00188068 -0.100395 4.09439e-05 0.00220057 7.25642e-07
16.15 0.031311 0.00152722 -0.114276 5.10653e-05 0.00221696 1.03947e-06
16.16 0.0329424 0.00122198 -0.12497 6.03259e-05 0.00223003 1.36266e-06
16.17 0.0346131 0.000970467 -0.132178 6.76174e-05 0.00224153 1.99848e-06
16.18 0.0363244 0.000777459 -0.135694 7.22424e-05 0.00224995 2.8309e-06
16.19 0.0380751 0.000646409 -0.135419 7.3894e-05 0.0022566 3.53104e-06
16.2 0.0398657 0.000579137 -0.131359 7.24865e-05 0.00226089 3.97e-06
16.21 0.0416965 0.000575134 -0.123628 6.79204e-05 0.00226284 4.15378e-06
16.22 0.0435662 0.000631555 -0.112443 5.99686e-05 0.00226287 4.43311e-06
16.23 0.0454761 0.000743413 -0.09812 4.83417e-05 0.00226015 5.01167e-06
16.24 0.047424 0.000904076 -0.081063 3.29179e-05 0.0022555 5.6823e-06
16.25 0.0494109 0.00110552 -0.0617508 1.39701e-05 0.00224785 6.25735e-06
16.26 0.0514339 0.00133851 -0.0407288 -7.74089e-06 0.00223785 6.55248e-06
16.27 0.0534934 0.00159282 -0.0185863 -3.1058e-05 0.00222482 6.6928e-06
16.28 0.0555864 0.00185748 0.00405534 -5.46363e-05 0.00220852 7.01763e-06
16.29 0.0577113 0.00212126 0.0265625 -7.71734e-05 0.00218943 7.56695e-06
16.3 0.059866 0.00237307 0.0483084 -9.75671e-05 0.00216601 8.18378e-06
16.31 0.0620462 0.00260209 0.0686866 -0.000114962 0.00213974 8.64976e-06
16.32 0.0642503 0.0027981 0.087134 -0.000128773 0.0021088 8.84362e-06
16.33 0.0664729 0.00295166 0.103139 -0.000138644 0.00207423 8.98544e-06
16.34 0.0687106 0.00305459 0.116263 -0.000144438 0.00203541 9.34635e-06
16.35 0.0709589 0.00310049 0.126146 -0.000146213 0.00199208 9.91587e-06
16.36 0.0732119 0.00308474 0.132517 -0.000144155 0.001945 1.05306e-05
16.37 0.0754657 0.00300475 0.135206 -0.000138561 0.00189325 1.09818e-05
16.38 0.0777133 0.00285962 0.134141 -0.00012976 0.00183801 1.11897e-05
16.39 0.0799505 0.00265027 0.129355 -0.000118107 0.00177864 1.14438e-05
16.4 0.0821702 0.00237959 0.120983 -0.000103956 0.00171607 1.19192e-05
16.41 0.0843676 0.00205241 0.109257 -8.76455e-05 0.00165044 1.25468e-05
16.42 0.0865364 0.0016755 0.0945031 -6.95037e-05 0.00158195 1.3224e-05
16.43 0.0886708 0.001257 0.077127 -4.98364e-05 0.00151189 1.36344e-05
16.44 0.0907665 0.000806336 0.0576105 -2.89756e-05 0.00143954 1.38901e-05
16.45 0.0928164 0.000333604 0.0364911 -7.2814e-06 0.00136697 1.42079e-05
16.46 0.0948177 -0.000150286 0.0143546 1.47885e-05 0.00129339 1.46769e-05
16.47 0.0967642 -0.000634026 -0.00818735 3.66955e-05 0.00122025 1.53119e-05
16.48 0.0986526 -0.00110627 -0.0305084 5.78347e-05 0.00114799 1.58368e-05
16.49 0.100479 -0.00155593 -0.0519877 7.75561e-05 0.00107658 1.61369e-05
16.5 0.102239 -0.00197296 -0.0720275 9.52417e-05 0.00100765 1.62793e-05
16.51 0.103932 -0.0023482 -0.090066 0.000110282 0.000940375 1.65192e-05
16.52 0.105552 -0.00267383 -0.1056 0.000122157 0.000876403 1.68823e-05
16.53 0.107098 -0.00294361 -0.11819 0.000130285 0.000815245 1.73518e-05
16.54 0.108569 -0.0031537 -0.127485 0.000133878 0.000757715 1.76798e-05
16.55 0.109961 -0.00330161 -0.133219 0.000133338 0.000704065 1.77547e-05
16.56 0.111274 -0.00338182 -0.135231 0.000132412 0.00065414 1.78474e-05
16.57 0.112504 -0.00338909 -0.133464 0.00013446 0.000608907 1.7904e-05
16.58 0.113653 -0.00332883 -0.127964 0.000135177 0.000567384 1.79928e-05
16.59 0.114716 -0.00321522 -0.118889 0.000126388 0.000530854 1.79671e-05
16.6 0.115694 -0.00305844 -0.106491 0.000105898 0.000498282 1.78837e-05
16.61 0.116585 -0.00286368 -0.0911225 7.78014e-05 0.000470158 1.79813e-05
16.62 0.117387 -0.00263673 -0.0732148 4.73689e-05 0.000446545 1.818e-05
16.63 0.1181 -0.00238575 -0.0532723 1.83257e-05 0.000426393 1.83357e-05
16.64 0.118722 -0.0021219 -0.0318568 -7.6408e-06 0.000410887 1.8242e-05
16.65 0.119252 -0.00185736 -0.00956795 -3.01531e-05 0.000398234 1.79596e-05
16.66 0.119688 -0.00160461 0.0129681 -4.92851e-05 0.000389474 1.76494e-05
16.67 0.12003 -0.00137528 0.0351232 -6.51416e-05 0.000383421 1.75776e-05
16.68 0.120277 -0.00117951 0.056279 -7.76399e-05 0.000380082 1.76555e-05
16.69 0.120427 -0.00102609 0.075848 -8.65473e-05 0.000379268 1.76477e-05
16.7 0.12048 -0.000922071 0.0932892 -9.16555e-05 0.000380134 1.75036e-05
16.71 0.120433 -0.000873441 0.10812 -9.2936e-05 0.000383151 1.71222e-05
16.72 0.120288 -0.000884529 0.119934 -9.0688e-05 0.000387143 1.68685e-05
16.73 0.120042 -0.000958206 0.128407 -8.54237e-05 0.000392753 1.68169e-05
16.74 0.119696 -0.00109523 0.13331 -7.77187e-05 0.000399196 1.68603e-05
16.75 0.119248 -0.0012943 0.134511 -6.7991e-05 0.000406474 1.68954e-05
16.76 0.1187 -0.00155225 0.131979 -5.64082e-05 0.000415082 1.66859e-05
16.77 0.118051 -0.00186389 0.125789 -4.29524e-05 0.000423841 1.64079e-05
16.78 0.117301 -0.00222268 0.116111 -2.75056e-05 0.000434459 1.62174e-05
16.79 0.116452 -0.00262026 0.103216 -1.00736e-05 0.000445358 1.62183e-05
16.8 0.115504 -0.00304723 0.0874599 9.17811e-06 0.000458131 1.62655e-05
16.81 0.114459 -0.00349315 0.0692778 2.9856e-05 0.000472149 1.62122e-05
16.82 0.113318 -0.00394702 0.0491718 5.13823e-05 0.000487864 1.59467e-05
16.83 0.112084 -0.0043979 0.0276974 7.30617e-05 0.000505867 1.55827e-05
16.84 0.11076 -0.00483469 0.00544966 9.40856e-05 0.000525739 1.53877e-05
16.85 0.109347 -0.00524685 -0.0169563 0.000113643 0.00054855 1.52548e-05
16.86 0.107851 -0.00562426 -0.0388965 0.000130923 0.000573735 1.52024e-05
16.87 0.106273 -0.00595791 -0.0597619 0.000145222 0.000602109 1.4967e-05
16.88 0.104617 -0.00624018 -0.0789692 0.000155964 0.000633531 1.45198e-05
16.89 0.102888 -0.00646509 -0.0959815 0.000162746 0.000667954 1.40948e-05
16.9 0.101088 -0.00662851 -0.110322 0.000165367 0.00070616 1.37246e-05
16.91 0.099224 -0.00672786 -0.121587 0.000163812 0.000746925 1.35021e-05
16.92 0.0972974 -0.00676267 -0.129459 0.000158292 0.000791776 1.32409e-05
16.93 0.0953141 -0.00673414 -0.133715 0.00014916 0.000839063 1.27925e-05
16.94 0.0932771 -0.00664564 -0.134235 0.00013694 0.000889834 1.2188e-05
16.95 0.091191 -0.00650235 -0.131002 0.000122227 0.00094333 1.15954e-05
16.96 0.08906 -0.00631101 -0.124107 0.000105643 0.000999168 1.11088e-05
16.97 0.0868872 -0.00607983 -0.113745 8.78175e-05 0.00105775 1.07109e-05
16.98 0.0846778 -0.00581787 -0.100206 6.93314e-05 0.00111771 1.02838e-05
16.99 0.082434 -0.00553535 -0.0838733 5.0771e-05 0.0011797 9.62886e-06
17 0.0801609 -0.00524297 -0.0652056 3.26677e-05 0.00124244 8.91695e-06
17.01 0.077861 -0.00495186 -0.0447299 1.55324e-05 0.00130594 8.23034e-06
17.02 0.0755388 -0.00467299 -0.0230206 -1.77845e-07 0.00136961 7.65848e-06
17.03 0.0731974 -0.00441686 -0.000686876 -1.41313e-05 0.00143254 7.23111e-06
17.04 0.0708401 -0.00419369 0.0216455 -2.62229e-05 0.00149498 6.67215e-06
17.05 0.0684714 -0.0040122 0.0433545 -3.58234e-05 0.00155518 6.02713e-06
17.06 0.0660933 -0.00387721 0.0638342 -4.0507e-05 0.00161395 5.34671e-06
17.07 0.063711 -0.00379084 0.082518 -3.82473e-05 0.00166945 4.7048e-06
17.08 0.0613266 -0.00375863 0.0988881 -3.14851e-05 0.00172206 4.13906e-06
17.09 0.0589444 -0.00378806 0.112494 -2.50383e-05 0.00177103 3.55106e-06
17.1 0.0565678 -0.0038815 0.122962 -2.04845e-05 0.00181551 2.96122e-06
17.11 0.0541996 -0.0040358 0.130007 -1.59723e-05 0.00185611 2.45544e-06
17.12 0.0518444 -0.00424538 0.133438 -9.13884e-06 0.00189133 2.05461e-06
17.13 0.0495043 -0.00450394 0.133162 1.41127e-06 0.00192209 1.61947e-06
17.14 0.0471838 -0.00480469 0.129193 1.57851e-05 0.00194745 1.14768e-06
17.15 0.0448854 -0.00514 0.121641 3.32981e-05 0.00196773 5.52397e-07
17.16 0.0426126 -0.00550122 0.110717 5.29534e-05 0.00198305 -5.14712e-08
17.17 0.0403689 -0.00587857 0.0967228 7.37293e-05 0.00199299 -5.12828e-07
17.18 0.0381563 -0.00626142 0.0800454 9.47382e-05 0.00199858 -9.40632e-07
17.19 0.0359794 -0.00663858 0.0611467 0.000115214 0.00199893 -1.33667e-06
17.2 0.033839 -0.00699888 0.040547 0.000134477 0.00199544 -1.82829e-06
17.21 0.0317398 -0.00733171 0.0188173 0.000151828 0.00198743 -2.44134e-06
17.22 0.0296826 -0.00762743 -0.0034417 0.00016653 0.00197571 -3.01417e-06
17.23 0.0276707 -0.00787765 -0.0256123 0.000177861 0.00196069 -3.52014e-06
17.24 0.0257059 -0.00807524 -0.0470778 0.000185226 0.00194189 -3.98184e-06
17.25 0.0237894 -0.00821469 -0.0672413 0.000188289 0.00192087 -4.43986e-06
17.26 0.0219239 -0.00829205 -0.085538 0.000187002 0.00189642 -5.02141e-06
17.27 0.0201093 -0.00830525 -0.101457 0.000181604 0.00187006 -5.67361e-06
17.28 0.0183475 -0.00825418 -0.114551 0.000172531 0.00184116 -6.283e-06
17.29 0.0166386 -0.00814051 -0.124451 0.000160306 0.00181015 -6.84678e-06
17.3 0.0149826 -0.00796788 -0.130878 0.000145483 0.00177743 -7.37303e-06
17.31 0.0133802 -0.00774159 -0.13365 0.000128589 0.00174244 -7.92981e-06
17.32 0.0118298 -0.00746859 -0.132687 0.000110141 0.00170614 -8.61651e-06
17.33 0.0103323 -0.00715729 -0.128016 9.064e-05 0.00166757 -9.3251e-06
17.34 0.00888509 -0.00681717 -0.119767 7.05693e-05 0.00162762 -9.96934e-06
17.35 0.00748867 -0.00645853 -0.108174 5.04092e-05 0.0015856 -1.058e-05
17.36 0.00614047 -0.00609206 -0.0935615 3.06289e-05 0.00154163 -1.10967e-05
17.37 0.00483975 -0.00572866 -0.0763432 1.17082e-05 0.00149595 -1.16958e-05
17.38 0.00358515 -0.00537912 -0.0570025 -5.87539e-06 0.00144748 -1.23652e-05
17.39 0.00237428 -0.00505381 -0.036085 -2.16462e-05 0.00139737 -1.29939e-05
17.4 0.00120689 -0.00476236 -0.0141763 -3.51372e-05 0.00134398 -1.35936e-05
17.41 8.01695e-05 -0.0045132 0.00810793 -4.59115e-05 0.00128828 -1.40616e-05
17.42 -0.00100652 -0.00431348 0.030146 -5.35595e-05 0.00122936 -1.44965e-05
17.43 -0.00205474 -0.00416857 0.0513228 -5.77577e-05 0.00116702 -1.49803e-05
17.44 -0.00306656 -0.00408235 0.0710495 -5.82483e-05 0.00110159 -1.54909e-05
17.45 -0.00404197 -0.00405675 0.0887806 -5.49039e-05 0.00103194 -1.59671e-05
17.46 -0.00498408 -0.00409181 0.104025 -4.77372e-05 0.000958968 -1.63703e-05
17.47 -0.00589226 -0.00418574 0.116365 -3.69076e-05 0.000881584 -1.66698e-05
17.48 -0.00676968 -0.00433463 0.125461 -2.27441e-05 0.000800452 -1.69295e-05
17.49 -0.00761614 -0.00453305 0.131066 -5.67427e-06 0.000715233 -1.7275e-05
17.5 -0.00843414 -0.00477382 0.13303 1.37399e-05 0.000625887 -1.75812e-05
17.51 -0.00922475 -0.00504858 0.131301 3.48729e-05 0.000533204 -1.78923e-05
17.52 -0.00998933 -0.00534778 0.12593 5.70281e-05 0.000436321 -1.81164e-05
17.53 -0.0107305 -0.00566103 0.117068 7.94762e-05 0.000336947 -1.82258e-05
17.54 -0.011449 -0.00597757 0.104961 0.000101465 0.000234043 -1.84156e-05
17.55 -0.012148 -0.00628629 0.0899429 0.000122339 0.000129174 -1.85882e-05
17.56 -0.0128292 -0.00657613 0.0724303 0.000141773 2.22689e-05 -1.88183e-05
17.57 -0.0134948 -0.00683617 0.0529064 0.000159439 -8.6228e-05 -1.90156e-05
17.58 -0.0141484 -0.00705721 0.0319104 0.000174498 -0.000195091 -1.91401e-05
17.59 -0.0147912 -0.00723155 0.0100243 0.00018585 -0.00030474 -1.92553e-05
17.6 -0.0154282 -0.00735242 -0.0121472 0.00019297 -0.000413556 -1.93919e-05
17.61 -0.0160605 -0.00741422 -0.0339867 0.000195935 -0.000521794 -1.9569e-05
17.62 -0.0166931 -0.00741292 -0.054888 0.000194995 -0.000628461 -1.97337e-05
17.63 -0.0173283 -0.00734671 -0.0742675 0.0001904 -0.000733024 -1.99321e-05
17.64 -0.0179703 -0.00721563 -0.0915833 0.000182296 -0.000835478 -2.00286e-05
17.65 -0.0186226 -0.00702184 -0.106351 0.000170847 -0.00093448 -2.01885e-05
17.66 -0.0192885 -0.00676927 -0.118154 0.000156265 -0.00103086 -2.03561e-05
17.67 -0.0199726 -0.00646353 -0.126661 0.000138864 -0.0011229 -2.05145e-05
17.68 -0.0206774 -0.00611188 -0.13163 0.000119073 -0.0012116 -2.07426e-05
17.69 -0.0214074 -0.00572276 -0.132922 9.7395e-05 -0.00129579 -2.08549e-05
17.7 -0.0221658 -0.00530584 -0.130498 7.44299e-05 -0.00137563 -2.09879e-05
17.71 -0.0229552 -0.00487136 -0.124426 5.078e-05 -0.0014513 -2.10991e-05
17.72 -0.0237799 -0.00443025 -0.114877 2.70831e-05 -0.0015219 -2.12101e-05
17.73 -0.0246407 -0.00399352 -0.102118 3.95513e-06 -0.00158851 -2.13402e-05
17.74 -0.0255421 -0.00357201 -0.0865117 -1.79895e-05 -0.00165012 -2.14326e-05
17.75 -0.026484 -0.00317618 -0.0684951 -3.81411e-05 -0.00170755 -2.14672e-05
17.76 -0.0274693 -0.0028154 -0.0485768 -5.59522e-05 -0.00176069 -2.14507e-05
17.77 -0.0284983 -0.0024982 -0.0273161 -7.08899e-05 -0.00180947 -2.14457e-05
17.78 -0.0295718 -0.00223149 -0.00530946 -8.25336e-05 -0.00185484 -2.1382e-05
17.79 -0.0306902 -0.00202082 0.0168261 -9.05417e-05 -0.001896 -2.13537e-05
17.8 -0.0318525 -0.0018699 0.0384739 -9.4714e-05 -0.00193448 -2.12464e-05
17.81 -0.033059 -0.00178059 0.0590294 -9.49829e-05 -0.00196931 -2.10528e-05
17.82 -0.0343078 -0.00175289 0.0779234 -9.13961e-05 -0.00200187 -2.08734e-05
17.83 -0.0355981 -0.00178475 0.0946322 -8.41419e-05 -0.00203176 -2.05981e-05
17.84 -0.0369283 -0.00187248 0.108695 -7.34936e-05 -0.00205937 -2.03683e-05
17.85 -0.038296 -0.00201047 0.119726 -5.98525e-05 -0.00208538 -2.01018e-05
17.86 -0.0397007 -0.00219177 0.127424 -4.36755e-05 -0.00210905 -1.97579e-05
17.87 -0.0411386 -0.00240794 0.131579 -2.55063e-05 -0.00213163 -1.93988e-05
17.88 -0.0426097 -0.00264944 0.13208 -5.93158e-06 -0.00215217 -1.89784e-05
17.89 -0.0441106 -0.00290608 0.128918 1.44316e-05 -0.00217127 -1.85645e-05
17.9 -0.0456403 -0.00316698 0.122181 3.49371e-05 -0.00218885 -1.8156e-05
17.91 -0.0471971 -0.00342141 0.112058 5.49773e-05 -0.00220423 -1.77482e-05
17.92 -0.0487789 -0.0036586 0.0988298 7.39402e-05 -0.00221822 -1.72774e-05
17.93 -0.0503852 -0.00386844 0.0828609 9.12692e-05 -0.00222938 -1.6822e-05
17.94 -0.0520136 -0.0040416 0.0645941 0.000106452 -0.00223871 -1.63346e-05
17.95 -0.0536644 -0.00416982 0.0445325 0.000119039 -0.00224482 -1.5858e-05
17.96 -0.0553352 -0.00424629 0.023232 0.000128666 -0.00224822 -1.54545e-05
17.97 -0.0570262 -0.00426567 0.00128154 0.000135034 -0.00224828 -1.49799e-05
17.98 -0.0587361 -0.00422448 -0.0207104 0.000137951 -0.00224452 -1.45497e-05
17.99 -0.060464 -0.00412095 -0.0421319 0.000137311 -0.00223742 -1.40901e-05
18 -0.0622099 -0.00395527 -0.062388 0.000133125 -0.00222567 -1.36208e-05
18.01 -0.0639717 -0.00372947 -0.0809115 0.000125499 -0.0022103 -1.32234e-05
18.02 -0.0657499 -0.00344738 -0.0971857 0.000114645 -0.00219015 -1.28098e-05
18.03 -0.0675426 -0.00311453 -0.110753 0.000100946 -0.00216572 -1.24011e-05
18.04 -0.0693486 -0.00273747 -0.121232 8.49908e-05 -0.00213699 -1.19866e-05
18.05 -0.0711672 -0.00232451 -0.128327 6.70538e-05 -0.00210341 -1.15563e-05
18.06 -0.0729954 -0.0018868 -0.131837 4.61759e-05 -0.00206604 -1.11462e-05
18.07 -0.074833 -0.00143712 -0.131664 2.16841e-05 -0.00202387 -1.07625e-05
18.08 -0.0766757 -0.000985128 -0.127809 -3.9742e-06 -0.00197812 -1.02833e-05
18.09 -0.0785226 -0.000537788 -0.120382 -2.67657e-05 -0.00192828 -9.73877e-06
18.1 -0.0803691 -0.000104172 -0.109592 -4.50137e-05 -0.00187498 -9.24427e-06
18.11 -0.0822127 0.000304669 -0.0957415 -5.95685e-05 -0.00181869 -8.81348e-06
18.12 -0.0840491 0.000678089 -0.0792225 -7.17668e-05 -0.00175918 -8.49988e-06
18.13 -0.0858738 0.00100723 -0.0604989 -8.24153e-05 -0.00169789 -8.10265e-06
18.14 -0.0876829 0.00128539 -0.0400991 -9.15833e-05 -0.00163402 -7.50965e-06
18.15 -0.0894706 0.00150784 -0.0185945 -9.89387e-05 -0.00156935 -6.85349e-06
18.16 -0.0912323 0.00167165 0.0034106 -0.00010406 -0.00150337 -6.17692e-06
18.17 -0.0929625 0.00177545 0.0253015 -0.00010663 -0.00143717 -5.63355e-06
18.18 -0.0946549 0.00181946 0.0464672 -0.00010653 -0.00137135 -5.16081e-06
18.19 -0.0963055 0.00180546 0.0663186 -0.0001038 -0.00130583 -4.56813e-06
18.2 -0.0979065 0.00173701 0.0843062 -9.86081e-05 -0.00124212 -3.8423e-06
18.21 -0.0994551 0.00161945 0.0999313 -9.11448e-05 -0.00117965 -3.03509e-06
18.22 -0.100944 0.00145965 0.112765 -8.159e-05 -0.00111973 -2.26468e-06
18.23 -0.102369 0.00126587 0.122455 -7.01275e-05 -0.0010623 -1.62818e-06
18.24 -0.103726 0.00104727 0.128737 -5.69963e-05 -0.00100766 -1.0375e-06
18.25 -0.10501 0.000813697 0.131441 -4.25747e-05 -0.000956592 -3.30776e-07
18.26 -0.106219 0.000575489 0.130495 -2.74053e-05 -0.000908357 4.58128e-07
18.27 -0.107348 0.000343021 0.12593 -1.21452e-05 -0.000864287 1.29541e-06
18.28 -0.108396 0.000126561 0.117872 2.49125e-06 -0.000823082 2.05329e-06
18.29 -0.109361 -6.43078e-05 0.106547 1.58313e-05 -0.00078595 2.64718e-06
18.3 -0.11024 -0.000220866 0.0922678 2.72845e-05 -0.000751874 3.25581e-06
18.31 -0.111033 -0.000335507 0.075429 3.63835e-05 -0.000721113 3.93003e-06
18.32 -0.111739 -0.000401907 0.0564962 4.27964e-05 -0.00069364 4.66874e-06
18.33 -0.11236 -0.000415164 0.0359916 4.63216e-05 -0.000668547 5.44193e-06
18.34 -0.112892 -0.000372109 0.0144838 4.68949e-05 -0.000646545 6.05196e-06
18.35 -0.11334 -0.000271341 -0.00743316 4.45643e-05 -0.000626424 6.56117e-06
18.36 -0.113701 -0.000113451 -0.0291496 3.9499e-05 -0.000608571 7.07721e-06
18.37 -0.113979 9.92976e-05 -0.0500627 3.19411e-05 -0.000592578 7.63277e-06
18.38 -0.114172 0.000362912 -0.0695891 2.22054e-05 -0.000577828 8.28121e-06
18.39 -0.114283 0.000671864 -0.0871829 1.0644e-05 -0.000564977 8.87787e-06
18.4 -0.114312 0.00101928 -0.102352 -2.36637e-06 -0.000552653 9.34535e-06
18.41 -0.11426 0.00139686 -0.11467 -1.64121e-05 -0.000542054 9.72899e-06
18.42 -0.114129 0.00179549 -0.123791 -3.10994e-05 -0.00053177 1.01459e-05
18.43 -0.113917 0.00220526 -0.129455 -4.60247e-05 -0.000522797 1.06156e-05
18.44 -0.113626 0.00261604 -0.131504 -6.08057e-05 -0.000514424 1.11751e-05
18.45 -0.113256 0.00301769 -0.129878 -7.50624e-05 -0.000506805 1.1674e-05
18.46 -0.112807 0.00340022 -0.124623 -8.84116e-05 -0.00050036 1.20366e-05
18.47 -0.112279 0.00375422 -0.115885 -0.000100495 -0.000494332 1.2415e-05
18.48 -0.11167 0.00407098 -0.103911 -0.000110959 -0.000489868 1.27708e-05
18.49 -0.110981 0.00434304 -0.0890382 -0.000119506 -0.000486147 1.32728e-05
18.5 -0.110211 0.00456427 -0.0716855 -0.000125872 -0.000483937 1.3815e-05
18.51 -0.109358 0.00473016 -0.0523418 -0.000129867 -0.000483382 1.42691e-05
18.52 -0.108423 0.00483777 -0.031551 -0.00013136 -0.000484195 1.46802e-05
18.53 -0.107404 0.00488602 -0.00989597 -0.000130155 -0.00048759 1.50354e-05
18.54 -0.106301 0.00487641 0.0120155 -0.000125873 -0.000492607 1.54665e-05
18.55 -0.105111 0.00481143 0.0335728 -0.000119069 -0.000500753 1.59647e-05
18.56 -0.103838 0.00469131 0.0541735 -0.000113171 -0.000511227 1.64605e-05
18.57 -0.102478 0.00451606 0.0732467 -0.000111171 -0.000524994 1.68935e-05
18.58 -0.101033 0.00429483 0.0902635 -0.000109468 -0.000541998 1.74301e-05
18.59 -0.0995051 0.00404388 0.104754 -0.000101084 -0.0005622 1.80491e-05
18.6 -0.0978937 0.00377549 0.116321 -8.41277e-05 -0.000586406 1.85835e-05
18.61 -0.0962023 0.00349718 0.124646 -6.20866e-05 -0.000613687 1.89482e-05
18.62 -0.0944322 0.00321584 0.129505 -3.93881e-05 -0.00064515 1.90518e-05
18.63 -0.0925877 0.00294003 0.130765 -1.91623e-05 -0.000679798 1.9273e-05
18.64 -0.0906716 0.0026796 0.128397 -2.72484e-06 -0.000717991 1.97233e-05
18.65 -0.0886886 0.0024449 0.122467 9.70124e-06 -0.000759586 2.0301e-05
18.66 -0.0866438 0.00224547 0.113141 1.83491e-05 -0.000803644 2.08357e-05
18.67 -0.0845412 0.00208927 0.10068 2.34989e-05 -0.000850883 2.10362e-05
18.68 -0.0823879 0.00198239 0.085426 2.52822e-05 -0.000899637 2.10751e-05
18.69 -0.0801881 0.00192867 0.0678026 2.37709e-05 -0.000950611 2.11679e-05
18.7 -0.0779491 0.00193041 0.0482952 1.90228e-05 -0.00100245 2.14731e-05
18.71 -0.075676 0.00198813 0.0274442 1.1319e-05 -0.00105505 2.18634e-05
18.72 -0.0733752 0.00210097 0.00582625 1.17537e-06 -0.00110795 2.21303e-05
18.73 -0.0710527 0.00226646 -0.0159598 -1.06844e-05 -0.0011601 2.21144e-05
18.74 -0.0687136 0.00248029 -0.0373077 -2.34998e-05 -0.00121187 2.19421e-05
18.75 -0.0663644 0.00273667 -0.0576249 -3.66907e-05 -0.00126168 2.1918e-05
18.76 -0.0640088 0.00302827 -0.0763428 -4.99052e-05 -0.00131014 2.19997e-05
18.77 -0.0616528 0.00334682 -0.0929393 -6.30403e-05 -0.00135599 2.21978e-05
18.78 -0.0592997 0.00368308 -0.106948 -7.60802e-05 -0.00139923 2.2196e-05
18.79 -0.0569536 0.00402718 -0.117976 -8.90049e-05 -0.00143971 2.1952e-05
18.8 -0.0546182 0.00436888 -0.125712 -0.000101692 -0.00147642 2.1703e-05
18.81 -0.0522952 0.00469788 -0.129937 -0.000113892 -0.00151019 2.15457e-05
18.82 -0.0499886 0.00500454 -0.130531 -0.000125265 -0.00153967 2.16096e-05
18.83 -0.0476984 0.00527974 -0.127476 -0.000135379 -0.0015657 2.16809e-05
18.84 -0.0454277 0.00551549 -0.120859 -0.000143791 -0.00158761 2.15702e-05
18.85 -0.0431765 0.00570463 -0.110864 -0.000150037 -0.00160543 2.12781e-05
18.86 -0.040946 0.00584131 -0.097773 -0.00015371 -0.00161963 2.09995e-05
18.87 -0.0387369 0.0059213 -0.081956 -0.000154493 -0.00162941 2.08714e-05
18.88 -0.0365487 0.00594201 -0.0638569 -0.000152178 -0.001636 2.0909e-05
18.89 -0.0343826 0.00590297 -0.0439865 -0.000146738 -0.00163837 2.09431e-05
18.9 -0.0322375 0.00580527 -0.0229017 -0.000138271 -0.00163776 2.0743e-05
18.91 -0.0301145 0.00565177 -0.00119497 -0.000127056 -0.00163371 2.04511e-05
18.92 -0.0280132 0.00544679 0.0205269 -0.000113503 -0.00162668 2.01686e-05
18.93 -0.0259337 0.00519622 0.0416577 -9.81616e-05 -0.00161729 2.0045e-05
18.94 -0.0238775 0.00490742 0.0616085 -8.16699e-05 -0.00160499 2.00896e-05
18.95 -0.0218436 0.0045889 0.079827 -6.4691e-05 -0.00159117 2.00065e-05
18.96 -0.0198351 0.00425011 0.0958078 -4.78806e-05 -0.00157498 1.97736e-05
18.97 -0.0178514 0.00390078 0.109112 -3.18219e-05 -0.0015575 1.94254e-05
18.98 -0.0158957 0.00355097 0.119373 -1.70466e-05 -0.00153855 1.9112e-05
18.99 -0.0139692 0.00321064 0.126312 -3.98999e-06 -0.0015181 1.89819e-05
19 -0.0120743 0.00288953 0.129739 6.98254e-06 -0.00149692 1.89e-05
19.01 -0.010214 0.00259681 0.129565 1.55958e-05 -0.00147401 1.86937e-05
19.02 -0.00839043 0.00234057 0.125796 2.16823e-05 -0.00145054 1.83061e-05
19.03 -0.00660727 0.00212798 0.11854 2.53316e-05 -0.00142527 1.78342e-05
19.04 -0.00486685 0.00196571 0.107998 2.71386e-05 -0.00139895 1.74029e-05
19.05 -0.00317246 0.00185809 0.0944628 2.6498e-05 -0.0013709 1.71119e-05
19.06 -0.00152714 0.00180179 0.0783081 1.8918e-05 -0.00134089 1.6756e-05
19.07 6.73264e-05 0.00178941 0.059981 6.69521e-07 -0.00130913 1.62978e-05
19.08 0.00160718 0.00182281 0.0399867 -2.23536e-05 -0.00127446 1.59212e-05
19.09 0.00309241 0.00191047 0.0188797 -3.92651e-05 -0.00123765 1.55974e-05
19.1 0.00451948 0.00205249 -0.00275711 -4.63923e-05 -0.00119744 1.52349e-05
19.11 0.00588938 0.00223942 -0.0243222 -4.76575e-05 -0.00115419 1.45653e-05
19.12 0.00720032 0.00245957 -0.045217 -4.83269e-05 -0.00110757 1.36182e-05
19.13 0.00845332 0.0027022 -0.0648593 -5.17422e-05 -0.00105686 1.27848e-05
19.14 0.00964913 0.00295827 -0.0827 -5.86867e-05 -0.00100289 1.22611e-05
19.15 0.0107888 0.0032196 -0.0982409 -6.84067e-05 -0.000944255 1.1981e-05
19.16 0.0118751 0.00347787 -0.111044 -7.95878e-05 -0.000882216 1.16361e-05
19.17 0.0129099 0.0037244 -0.120752 -9.0992e-05 -0.000815605 1.09368e-05
19.18 0.0138968 0.00394992 -0.127087 -0.000101716 -0.000745243 1.00152e-05
19.19 0.0148393 0.00414517 -0.129873 -0.000111162 -0.000670884 9.23097e-06
19.2 0.0157408 0.00430167 -0.12903 -0.000118908 -0.000592517 8.74798e-06
19.21 0.0166067 0.00441234 -0.124579 -0.000124447 -0.000510906 8.46533e-06
19.22 0.0174397 0.00447192 -0.116647 -0.000127131 -0.000425426 8.07361e-06
19.23 0.0182463 0.00447687 -0.105456 -0.000126216 -0.000337311 7.33596e-06
19.24 0.0190291 0.00442522 -0.0913225 -0.000121129 -0.000246122 6.47998e-06
19.25 0.0197945 0.00431659 -0.0746434 -0.000111705 -0.000152613 5.78913e-06
19.26 0.0205458 0.00415229 -0.0558889 -9.82963e-05 -5.73816e-05 5.35592e-06
19.27 0.0212876 0.0039354 -0.0355869 -8.17157e-05 3.98548e-05 5.09562e-06
19.28 0.022024 0.00367059 -0.0143064 -6.30272e-05 0.000137429 4.61784e-06
19.29 0.0227583 0.0033639 0.00735471 -4.33416e-05 0.000236209 3.87721e-06
19.3 0.0234944 0.00302249 0.0287925 -2.36503e-05 0.000334357 3.09975e-06
19.31 0.0242345 0.00265455 0.0494078 -4.76919e-06 0.000432348 2.49359e-06
19.32 0.0249813 0.00226928 0.0686283 1.26781e-05 0.000529107 2.18482e-06
19.33 0.025737 0.00187649 0.0859212 2.82498e-05 0.000624177 1.92159e-06
19.34 0.0265022 0.00148635 0.100808 4.16527e-05 0.000717494 1.42488e-06
19.35 0.0272793 0.00110859 0.112881 5.27439e-05 0.000807872 6.95376e-07
19.36 0.0280673 0.000752464 0.121806 6.14655e-05 0.000895857 -4.8176e-08
19.37 0.028868 0.00042651 0.127343 6.78169e-05 0.000980246 -6.025e-07
19.38 0.0296797 0.000138395 0.129341 7.18182e-05 0.00106141 -9.26948e-07
19.39 0.0305032 -0.000105083 0.127749 7.34673e-05 0.00113901 -1.28581e-06
19.4 0.0313374 -0.000298683 0.122613 7.27713e-05 0.00121255 -1.92582e-06
19.41 0.0321814 -0.000438722 0.114076 6.97029e-05 0.00128291 -2.72376e-06
19.42 0.0330354 -0.000523427 0.102377 6.4237e-05 0.00134885 -3.53361e-06
19.43 0.0338975 -0.000552664 0.0878392 5.63408e-05 0.00141184 -4.11349e-06
19.44 0.0347685 -0.000527879 0.0708645 4.60228e-05 0.00147082 -4.49691e-06
19.45 0.0356471 -0.000452117 0.0519212 3.33812e-05 0.00152679 -5.02016e-06
19.46 0.0365339 -0.000329975 0.0315334 1.86343e-05 0.00157967 -5.72574e-06
19.47 0.0374294 -0.000167805 0.0102655 2.16087e-06 0.00162944 -6.60346e-06
19.48 0.0383336 2.68676e-05 -0.0112941 -1.55508e-05 0.00167703 -7.391e-06
19.49 0.0392487 0.000245395 -0.0325456 -3.38805e-05 0.00172172 -7.91894e-06
19.5 0.0401748 0.000478689 -0.0528993 -5.21448e-05 0.00176472 -8.33794e-06
19.51 0.041115 0.000717272 -0.0717862 -6.9605e-05 0.00180542 -8.85792e-06
19.52 0.0420705 0.000951328 -0.0886796 -8.55131e-05 0.00184445 -9.58761e-06
19.53 0.0430439 0.00117148 -0.103105 -9.8992e-05 0.00188195 -1.03871e-05
19.54 0.0440381 0.00136961 -0.114658 -0.000108777 0.00191754 -1.10814e-05
19.55 0.0450546 0.00153761 -0.123014 -0.00011516 0.00195222 -1.1518e-05
19.56 0.0460978 0.00166151 -0.127935 -0.000122974 0.00198485 -1.19694e-05
19.57 0.0471683 0.00172611 -0.129283 -0.000136404 0.00201662 -1.24652e-05
19.58 0.0482704 0.00172992 -0.127018 -0.000149035 0.00204656 -1.28629e-05
19.59 0.0494047 0.0016823 -0.121203 -0.000149032 0.00207507 -1.31657e-05
19.6 0.0505742 0.00158681 -0.112003 -0.000132817 0.00210216 -1.34094e-05
19.61 0.05178 0.00143954 -0.0996755 -0.000105459 0.00212703 -1.39615e-05
19.62 0.053023 0.00123741 -0.0845689 -7.36746e-05 0.00215055 -1.47161e-05
19.63 0.0543044 0.000981156 -0.0671074 -4.21089e-05 0.00217133 -1.53459e-05
19.64 0.0556236 0.000676026 -0.047784 -1.26377e-05 0.00219025 -1.5615e-05
19.65 0.0569808 0.000330165 -0.0271404 1.45346e-05 0.00220621 -1.55628e-05
19.66 0.0583748 -4.69266e-05 -0.00575668 3.9797e-05 0.00221936 -1.55618e-05
19.67 0.0598037 -0.000445125 0.0157687 6.34397e-05 0.00222948 -1.5878e-05
19.68 0.0612663 -0.000854818 0.0368352 8.54163e-05 0.00223576 -1.64498e-05
19.69 0.0627585 -0.00126647 0.0568548 0.000105344 0.00223877 -1.6859e-05
19.7 0.0642792 -0.00167081 0.0752734 0.000122743 0.00223724 -1.69762e-05
19.71 0.0658227 -0.00205839 0.0915794 0.00013731 0.00223186 -1.68423e-05
19.72 0.0673871 -0.00241972 0.105324 0.000149063 0.00222184 -1.68167e-05
19.73 0.0689664 -0.00274594 0.11613 0.000158303 0.00220711 -1.71698e-05
19.74 0.0705572 -0.0030291 0.123701 0.000165332 0.00218807 -1.76275e-05
19.75 0.0721545 -0.00326288 0.127831 0.000170243 0.00216373 -1.8001e-05
19.76 0.0737531 -0.00344227 0.12841 0.000172749 0.0021354 -1.80603e-05
19.77 0.075349 -0.00356401 0.125426 0.000172302 0.00210191 -1.79762e-05
19.78 0.0769367 -0.0036264 0.118962 0.000168256 0.00206457 -1.81106e-05
19.79 0.0785121 -0.00362965 0.109201 0.00016011 0.00202291 -1.85037e-05
19.8 0.0800711 -0.00357592 0.0964111 0.000147652 0.00197754 -1.89953e-05
19.81 0.0816088 -0.00346891 0.0809472 0.000130976 0.00192906 -1.92775e-05
19.82 0.0831229 -0.00331395 0.0632374 0.00011051 0.0018773 -1.92837e-05
19.83 0.0846083 -0.00311741 0.0437695 8.69117e-05 0.00182361 -1.91948e-05
19.84 0.0860644 -0.00288701 0.0230837 6.10672e-05 0.00176756 -1.93551e-05
19.85 0.0874865 -0.00263165 0.00175102 3.39982e-05 0.00171039 -1.97297e-05
19.86 0.0888744 -0.00236107 -0.0196358 6.79247e-06 0.00165228 -2.01137e-05
19.87 0.0902253 -0.00208558 -0.0404829 -1.94674e-05 0.00159352 -2.02954e-05
19.88 0.0915383 -0.00181532 -0.0602101 -4.37988e-05 0.00153535 -2.01542e-05
19.89 0.0928127 -0.00156015 -0.0782658 -6.53391e-05 0.00147701 -2.00604e-05
19.9 0.0940469 -0.00132933 -0.0941463 -8.34086e-05 0.00142033 -2.01546e-05
19.91 0.0952412 -0.00113161 -0.107405 -9.75047e-05 0.00136433 -2.04234e-05
19.92 0.0963942 -0.00097479 -0.117669 -0.000107336 0.00131038 -2.06685e-05
19.93 0.0975057 -0.000865421 -0.12465 -0.000112802 0.0012582 -2.06053e-05
19.94 0.0985753 -0.000808478 -0.128149 -0.000113963 0.00120806 -2.03318e-05
19.95 0.0996013 -0.000807053 -0.128068 -0.000111002 0.00116059 -2.00917e-05
19.96 0.100584 -0.000862719 -0.124407 -0.000104136 0.00111516 -2.00401e-05
19.97 0.101521 -0.000975309 -0.11727 -9.36237e-05 0.00107276 -2.01119e-05
19.98 0.102412 -0.0011431 -0.106856 -7.97345e-05 0.00103261 -2.00844e-05
19.99 0.103253 -0.00136262 -0.0934592 -6.27757e-05 0.000995231 -1.97562e-05
20 0.104045 -0.00162859 -0.0774573 -4.31064e-05 0.000960485 -1.92756e-05
20.01 0.104783 -0.00193428 -0.0593004 -2.11096e-05 0.000927827 -1.88901e-05
20.02 0.105466 -0.0022717 -0.0394999 2.78851e-06 0.00089804 -1.86659e-05
20.03 0.106091 -0.00263177 -0.0186106 2.83194e-05 0.000869668 -1.8569e-05
20.04 0.106654 -0.0030037 0.00278033 5.55552e-05 0.000843865 -1.83116e-05
20.05 0.107153 -0.00337705 0.0240762 8.32625e-05 0.000819192 -1.7826e-05
20.06 0.107584 -0.00374706 0.0446816 0.000106247 0.000796183 -1.73451e-05
20.07 0.107944 -0.00411136 0.0640242 0.000119948 0.000774325 -1.6903e-05
20.08 0.10823 -0.00445734 0.0815674 0.000129201 0.000753071 -1.64759e-05
20.09 0.108438 -0.00476489 0.0968256 0.000143716 0.00073291 -1.59534e-05
20.1 0.108565 -0.00502165 0.10938 0.000166177 0.000712669 -1.54149e-05
20.11 0.108609 -0.00522431 0.118884 0.000191856 0.000693165 -1.51194e-05
20.12 0.108567 -0.00537196 0.125081 0.000214793 0.000673493 -1.50243e-05
20.13 0.108437 -0.00546333 0.1278 0.000231014 0.00065401 -1.48755e-05
20.14 0.108216 -0.00549632 0.126972 0.00023917 0.000634774 -1.44698e-05
20.15 0.107905 -0.00546947 0.122622 0.000239572 0.00061529 -1.38367e-05
20.16 0.107501 -0.00538284 0.114872 0.000233205 0.000596655 -1.32211e-05
20.17 0.107004 -0.00523872 0.103938 0.00022114 0.000577827 -1.29155e-05
20.18 0.106415 -0.00504191 0.0901218 0.00020427 0.000560259 -1.28059e-05
20.19 0.105733 -0.0047992 0.073807 0.000183331 0.000543251 -1.26237e-05
20.2 0.104961 -0.00451897 0.0554434 0.000159058 0.000527611 -1.22238e-05
20.21 0.104099 -0.00421026 0.0355387 0.000132387 0.000513709 -1.15913e-05
20.22 0.103151 -0.00388255 0.0146441 0.000104521 0.000501297 -1.10726e-05
20.23 0.102117 -0.00354554 -0.00666265 7.68126e-05 0.000491639 -1.08228e-05
20.24 0.101003 -0.00320921 -0.0277888 5.05026e-05 0.000483962 -1.06867e-05
20.25 0.0998088 -0.00288357 -0.0481485 2.64954e-05 0.000479519 -1.04851e-05
20.26 0.0985402 -0.00257824 -0.0671729 5.24859e-06 0.0004779 -1.00069e-05
20.27 0.0971995 -0.00230215 -0.0843314 -1.31536e-05 0.000479527 -9.38587e-06
20.28 0.0957906 -0.00206312 -0.0991435 -2.88586e-05 0.000484844 -8.90425e-06
20.29 0.0943175 -0.00186791 -0.111193 -4.20412e-05 0.000493235 -8.61572e-06
20.3 0.0927825 -0.00172199 -0.120141 -5.28006e-05 0.000505824 -8.39728e-06
20.31 0.0911905 -0.00162921 -0.125734 -6.11247e-05 0.000521435 -8.01676e-06
20.32 0.089543 -0.00159178 -0.127816 -6.6887e-05 0.000541111 -7.36857e-06
20.33 0.0878443 -0.00160986 -0.126325 -6.9915e-05 0.000564018 -6.62001e-06
20.34 0.086096 -0.00168198 -0.121304 -6.99875e-05 0.000590247 -6.04452e-06
20.35 0.0843009 -0.00180506 -0.112892 -6.69079e-05 0.000619931 -5.61875e-06
20.36 0.0824616 -0.00197461 -0.101328 -6.05354e-05 0.000652009 -5.23764e-06
20.37 0.0805789 -0.00218478 -0.0869363 -5.08386e-05 0.0006873 -4.68287e-06
20.38 0.0786558 -0.00242826 -0.0701225 -3.7941e-05 0.000724308 -3.86784e-06
20.39 0.0766927 -0.00269663 -0.0513608 -2.21228e-05 0.000763597 -3.09616e-06
20.4 0.0746919 -0.00298058 -0.0311777 -3.84923e-06 0.000804199 -2.45488e-06
20.41 0.0726544 -0.00327054 -0.01014 1.62678e-05 0.000845714 -1.9977e-06
20.42 0.0705812 -0.00355676 0.0111628 3.74771e-05 0.000888096 -1.55311e-06
20.43 0.0684746 -0.00382966 0.0321362 5.89544e-05 0.000930038 -8.84524e-07
20.44 0.0663347 -0.00407993 0.0521945 7.98522e-05 0.000972073 -8.56686e-08
20.45 0.0641648 -0.00429871 0.0707818 9.93588e-05 0.00101267 6.76676e-07
20.46 0.0619649 -0.00447829 0.0873819 0.000116798 0.00105219 1.24577e-06
20.47 0.0597383 -0.00461207 0.101537 0.000131623 0.00108975 1.66474e-06
20.48 0.0574864 -0.00469507 0.112858 0.000143472 0.00112487 2.10453e-06
20.49 0.0552118 -0.00472371 0.121035 0.000152123 0.00115782 2.75061e-06
20.5 0.0529176 -0.00469589 0.125845 0.000157499 0.00118727 3.47525e-06
20.51 0.0506058 -0.00461119 0.127158 0.00015966 0.00121425 4.09326e-06
20.52 0.0482806 -0.00447077 0.124942 0.000158757 0.00123741 4.54908e-06
20.53 0.0459447 -0.00427758 0.119259 0.000155149 0.00125757 4.81411e-06
20.54 0.043602 -0.00403546 0.11027 0.000149465 0.0012743 5.19898e-06
20.55 0.0412567 -0.00375019 0.098224 0.000141644 0.00128754 5.7108e-06
20.56 0.0389119 -0.00343217 0.0834533 0.000129274 0.001298 6.22548e-06
20.57 0.0365732 -0.00309411 0.0663676 0.000110371 0.00130493 6.70309e-06
20.58 0.034243 -0.00274305 0.0474374 8.86254e-05 0.00130954 7.06824e-06
20.59 0.0319275 -0.00238144 0.0271877 7.06551e-05 0.00131116 7.48763e-06
20.6 0.029629 -0.00201615 0.00617776 5.88256e-05 0.00131063 7.90131e-06
20.61 0.0273531 -0.00165847 -0.0150094 5.09591e-05 0.00130805 8.22125e-06
20.62 0.0251029 -0.00131999 -0.0357852 4.40973e-05 0.00130328 8.42837e-06
20.63 0.0228823 -0.0010103 -0.0555723 3.63898e-05 0.00129743 8.65503e-06
20.64 0.020695 -0.000736575 -0.0738174 2.74944e-05 0.00128949 8.9948e-06
20.65 0.0185435 -0.000504248 -0.090012 1.79653e-05 0.00128096 9.45492e-06
20.66 0.016431 -0.000317133 -0.1037 8.62161e-06 0.00127084 9.96869e-06
20.67 0.0143596 -0.000178051 -0.114499 2.24978e-07 0.00126001 1.02905e-05
20.68 0.0123308 -8.85738e-05 -0.122104 -6.73403e-06 0.00124829 1.05636e-05
20.69 0.0103468 -4.91458e-05 -0.1263 -1.1979e-05 0.00123548 1.08129e-05
20.7 0.00840702 -5.87191e-05 -0.126967 -1.54063e-05 0.00122225 1.11709e-05
20.71 0.0065139 -0.000114557 -0.124087 -1.69234e-05 0.00120768 1.169e-05
20.72 0.00466537 -0.000212293 -0.117739 -1.63849e-05 0.00119258 1.21285e-05
20.73 0.00286313 -0.000345934 -0.108103 -1.36404e-05 0.00117621 1.24863e-05
20.74 0.00110491 -0.000508543 -0.0954488 -8.6298e-06 0.00115866 1.27297e-05
20.75 -0.000609068 -0.000692154 -0.0801339 -1.54746e-06 0.00114001 1.2989e-05
20.76 -0.00228032 -0.00088837 -0.062589 7.16383e-06 0.00111933 1.33566e-05
20.77 -0.00391017 -0.00108832 -0.0433085 1.68252e-05 0.00109749 1.37991e-05
20.78 -0.00549927 -0.00128295 -0.0228328 2.6657e-05 0.00107289 1.41696e-05
20.79 -0.00704967 -0.00146354 -0.00173757 3.59272e-05 0.00104658 1.4419e-05
20.8 -0.0085619 -0.0016216 0.0193882 4.40138e-05 0.0010172 1.46159e-05
20.81 -0.0100373 -0.00174955 0.0399541 5.04892e-05 0.000985074 1.48004e-05
20.82 -0.0114773 -0.00184053 0.0593878 5.50693e-05 0.000949828 1.51357e-05
20.83 -0.0128817 -0.00188887 0.0771504 5.76351e-05 0.000910769 1.54607e-05
20.84 -0.0142526 -0.00189013 0.0927495 5.81919e-05 0.000868441 1.56891e-05
20.85 -0.0155888 -0.0018414 0.105757 5.68527e-05 0.000821722 1.58277e-05
20.86 -0.0168925 -0.00174145 0.115813 5.38112e-05 0.000771271 1.58417e-05
20.87 -0.0181622 -0.00159057 0.122645 4.92855e-05 0.000716513 1.59425e-05
20.88 -0.0193993 -0.0013907 0.126066 4.35263e-05 0.000657457 1.61052e-05
20.89 -0.0206031 -0.00114505 0.125986 3.67647e-05 0.000594609 1.62443e-05
20.9 -0.0217735 -0.000858349 0.12241 2.92404e-05 0.000527207 1.6302e-05
20.91 -0.022911 -0.000536575 0.115438 2.11605e-05 0.000456625 1.62247e-05
20.92 -0.0240147 -0.000186843 0.105266 1.27134e-05 0.000381858 1.6106e-05
20.93 -0.0250854 0.000182764 0.0921747 4.07913e-06 0.000304379 1.60597e-05
20.94 -0.0261225 0.000563752 0.076527 -4.58671e-06 0.00022377 1.6089e-05
20.95 -0.0271265 0.000947216 0.058755 -1.30995e-05 0.000140779 1.60768e-05
20.96 -0.028098 0.00132428 0.0393498 -2.12541e-05 5.60858e-05 1.60122e-05
20.97 -0.0290367 0.00168621 0.0188488 -2.87948e-05 -3.04997e-05 1.58255e-05
20.98 -0.0299447 0.00202468 -0.00218132 -3.54363e-05 -0.000117526 1.56431e-05
20.99 -0.0308217 0.00233215 -0.0231556 -4.08995e-05 -0.000205487 1.55773e-05
21 -0.0316704 0.00260206 -0.0434926 -4.49234e-05 -0.000293126 1.55219e-05
21.01 -0.0324914 0.0028291 -0.0626245 -4.73044e-05 -0.000380347 1.54886e-05
21.02 -0.0332872 0.00300923 -0.0800177 -4.78965e-05 -0.000466846 1.53544e-05
21.03 -0.0340602 0.00313986 -0.0951856 -4.66329e-05 -0.000551609 1.51366e-05
21.04 -0.0348122 0.00321992 -0.107702 -4.35034e-05 -0.000635254 1.49841e-05
21.05 -0.0355474 0.00324988 -0.117215 -3.86381e-05 -0.000716291 1.48888e-05
21.06 -0.0362673 0.00323164 -0.123457 -3.24278e-05 -0.000795583 1.48396e-05
21.07 -0.0369767 0.0031684 -0.12625 -2.53045e-05 -0.000871999 1.47721e-05
21.08 -0.0376779 0.00306527 -0.125516 -1.7369e-05 -0.000945843 1.46047e-05
21.09 -0.038375 0.00292882 -0.121274 -8.53957e-06 -0.001017 1.44023e-05
21.1 -0.0390715 0.00276634 -0.113643 9.28969e-07 -0.00108485 1.42505e-05
21.11 -0.0397704 0.0025857 -0.102837 1.04426e-05 -0.00115029 1.41319e-05
21.12 -0.0404758 0.0023952 -0.0891615 1.93623e-05 -0.0012122 1.40319e-05
21.13 -0.0411901 0.00220368 -0.0730008 2.71467e-05 -0.00127169 1.38989e-05
21.14 -0.0419167 0.00201997 -0.0548109 3.34278e-05 -0.0013281 1.36531e-05
21.15 -0.0426581 0.00185272 -0.0351022 3.79525e-05 -0.00138188 1.34147e-05
21.16 -0.0434161 0.00171002 -0.0144283 4.05509e-05 -0.00143341 1.32004e-05
21.17 -0.0441935 0.00159922 0.00663109 4.11056e-05 -0.00148223 1.29879e-05
21.18 -0.0449902 0.00152667 0.0274884 3.95378e-05 -0.00152951 1.28125e-05
21.19 -0.0458092 0.0014975 0.0475607 3.58117e-05 -0.00157449 1.25167e-05
21.2 -0.0466491 0.00151546 0.0662913 2.99364e-05 -0.00161826 1.21639e-05
21.21 -0.0475119 0.00158272 0.0831599 2.19959e-05 -0.00166052 1.18053e-05
21.22 -0.0483961 0.00169997 0.097701 1.2143e-05 -0.00170156 1.14394e-05
21.23 -0.0493021 0.00186634 0.109514 6.01458e-07 -0.00174199 1.11215e-05
21.24 -0.050229 0.00207939 0.118276 -1.23495e-05 -0.00178105 1.07673e-05
21.25 -0.0511756 0.00233531 0.123747 -2.63935e-05 -0.00182003 1.03301e-05
21.26 -0.0521415 0.00262874 0.125779 -4.11603e-05 -0.00185767 9.84422e-06
21.27 -0.0531248 0.00295322 0.12432 -5.627e-05 -0.00189507 9.36733e-06
21.28 -0.0541247 0.0033012 0.119413 -7.13219e-05 -0.00193139 8.89869e-06
21.29 -0.0551401 0.00366436 0.111194 -8.59055e-05 -0.00196671 8.48586e-06
21.3 -0.0561691 0.00403399 0.0998943 -9.96098e-05 -0.00200112 8.0359e-06
21.31 -0.0572119 0.00440098 0.0858242 -0.000112011 -0.00203366 7.5076e-06
21.32 -0.0582657 0.00475631 0.0693744 -0.000122719 -0.00206495 7.00211e-06
21.33 -0.0593317 0.00509119 0.0509981 -0.000131369 -0.00209378 6.47412e-06
21.34 -0.0604071 0.00539746 0.0312047 -0.000137658 -0.00212047 6.02314e-06
21.35 -0.061493 0.00566781 0.010541 -0.000141347 -0.00214443 5.61957e-06
21.36 -0.062588 0.00589599 -0.01042 -0.000142277 -0.00216508 5.15072e-06
21.37 -0.063692 0.006077 -0.031096 -0.000140382 -0.00218281 4.69157e-06
21.38 -0.0648053 0.00620711 -0.0509129 -0.000135669 -0.00219627 4.20279e-06
21.39 -0.065927 0.00628424 -0.0693166 -0.000128253 -0.00220645 3.75491e-06
21.4 -0.067058 0.00630776 -0.0857944 -0.000118315 -0.00221191 3.38453e-06
21.41 -0.0681977 0.00627877 -0.0998835 -0.00010615 -0.00221345 3.02443e-06
21.42 -0.0693466 0.00619991 -0.111189 -9.2111e-05 -0.0022104 2.64009e-06
21.43 -0.0705049 0.00607524 -0.119392 -7.66124e-05 -0.00220271 2.23564e-06
21.44 -0.0716718 0.00591026 -0.124262 -6.01266e-05 -0.00219084 1.83359e-06
21.45 -0.0728487 0.00571149 -0.12566 -4.31421e-05 -0.00217398 1.4501e-06
21.46 -0.0740333 0.00548661 -0.123545 -2.61845e-05 -0.00215317 1.16125e-06
21.47 -0.075227 0.00524399 -0.117978 -9.7569e-06 -0.00212772 8.23928e-07
21.48 -0.0764275 0.00499255 -0.109114 5.64327e-06 -0.0020983 4.7936e-07
21.49 -0.0776347 0.00474143 -0.0972036 1.95507e-05 -0.00206513 1.15131e-07
21.5 -0.0788467 0.00449965 -0.0825813 3.15474e-05 -0.00202799 -3.01295e-07
21.51 -0.0800616 0.00427603 -0.0656589 4.12589e-05 -0.00198814 -6.18614e-07
21.52 -0.0812777 0.00407867 -0.0469136 4.83782e-05 -0.00194475 -9.61872e-07
21.53 -0.0824917 0.00391486 -0.0268707 5.2541e-05 -0.00189948 -1.3095e-06
21.54 -0.0837014 0.00379014 -0.00609391 5.32575e-05 -0.00185166 -1.69045e-06
21.55 -0.0849029 0.00370932 0.0148362 5.07487e-05 -0.00180251 -2.11704e-06
21.56 -0.0860928 0.00367892 0.0353345 4.73709e-05 -0.0017522 -2.50418e-06
21.57 -0.0872677 0.00370508 0.05483 4.52067e-05 -0.00170099 -2.89003e-06
21.58 -0.0884225 0.00378681 0.072782 4.14494e-05 -0.00165001 -3.37837e-06
21.59 -0.0895544 0.00391687 0.0886922 3.08571e-05 -0.00159877 -3.99346e-06
21.6 -0.0906577 0.0040902 0.102123 1.20114e-05 -0.00154864 -4.52524e-06
21.61 -0.0917296 0.00430422 0.112704 -1.24417e-05 -0.00149925 -4.91307e-06
21.62 -0.0927649 0.00455562 0.120146 -3.9087e-05 -0.00145126 -5.13243e-06
21.63 -0.0937601 0.00483885 0.124247 -6.54282e-05 -0.0014051 -5.42223e-06
21.64 -0.0947116 0.00514595 0.124897 -9.02254e-05 -0.00136031 -5.98948e-06
21.65 -0.0956153 0.00546764 0.12208 -0.000113025 -0.00131803 -6.6345e-06
21.66 -0.0964689 0.00579384 0.115877 -0.000133642 -0.00127714 -7.25357e-06
21.67 -0.0972685 0.00611475 0.106462 -0.000151916 -0.00123878 -7.62157e-06
21.68 -0.0980126 0.00642095 0.0940942 -0.000167546 -0.00120199 -7.83273e-06
21.69 -0.0986984 0.00670386 0.0791172 -0.00018018 -0.00116714 -8.15979e-06
21.7 -0.0993244 0.00695555 0.0619447 -0.000189481 -0.00113407 -8.64333e-06
21.71 -0.0998894 0.00716871 0.0430508 -0.000195279 -0.00110211 -9.22584e-06
21.72 -0.100392 0.00733708 0.022959 -0.000197644 -0.00107191 -9.66732e-06
21.73 -0.100831 0.00745542 0.00222437 -0.000196815 -0.00104219 -9.88782e-06
21.74 -0.101207 0.00752017 -0.0185767 -0.000193129 -0.00101372 -9.97342e-06
21.75 -0.101518 0.0075293 -0.0388675 -0.000186834 -0.000985602 -1.01881e-05
21.76 -0.101766 0.0074824 -0.0580824 -0.000178053 -0.000957841 -1.05293e-05
21.77 -0.101949 0.00738066 -0.0756852 -0.000166805 -0.000930594 -1.08941e-05
21.78 -0.102069 0.00722677 -0.0911841 -0.000153084 -0.000902924 -1.1136e-05
21.79 -0.102124 0.00702511 -0.104144 -0.000136976 -0.000875812 -1.11082e-05
21.8 -0.102116 0.00678144 -0.114201 -0.00011869 -0.00084801 -1.10966e-05
21.81 -0.102044 0.00650281 -0.121071 -9.85998e-05 -0.000820499 -1.11766e-05
21.82 -0.10191 0.00619707 -0.12456 -7.72083e-05 -0.0007926 -1.14007e-05
21.83 -0.101711 0.00587273 -0.12457 -5.51368e-05 -0.000764562 -1.16543e-05
21.84 -0.101449 0.00553882 -0.121099 -3.3084e-05 -0.000736734 -1.17042e-05
21.85 -0.101123 0.00520463 -0.114244 -1.17856e-05 -0.000708525 -1.16157e-05
21.86 -0.100733 0.00487965 -0.104198 8.00681e-06 -0.000681052 -1.15289e-05
21.87 -0.100278 0.00457285 -0.0912452 2.56091e-05 -0.000653465 -1.15855e-05
21.88 -0.0997579 0.00429263 -0.0757482 4.04064e-05 -0.000626833 -1.17661e-05
21.89 -0.0991713 0.00404633 -0.0581448 5.19225e-05 -0.000600917 -1.19366e-05
21.9 -0.0985174 0.00384021 -0.0389296 5.98116e-05 -0.000575977 -1.19171e-05
21.91 -0.0977947 0.00367943 -0.018642 6.38697e-05 -0.000552821 -1.17983e-05
21.92 -0.0970031 0.00356768 0.00214863 6.4066e-05 -0.000530844 -1.17439e-05
21.93 -0.0961402 0.00350718 0.022862 6.05083e-05 -0.000511482 -1.18076e-05
21.94 -0.0952065 0.00349835 0.0429189 5.34533e-05 -0.000493969 -1.20246e-05
21.95 -0.0941996 0.00353998 0.0617625 4.32403e-05 -0.000479435 -1.21534e-05
21.96 -0.09312 0.00362927 0.0788694 3.02823e-05 -0.000467775 -1.21224e-05
21.97 -0.0919666 0.00376206 0.0937666 1.50311e-05 -0.000459133 -1.20525e-05
21.98 -0.0907394 0.00393286 0.106044 -2.03058e-06 -0.000454311 -1.20138e-05
21.99 -0.0894388 0.0041349 0.115364 -2.03937e-05 -0.000452525 -1.21526e-05
22 -0.0880649 0.00436039 0.121474 -3.9543e-05 -0.000454994 -1.23542e-05
22.01 -0.0866195 0.00460061 0.124205 -5.89475e-05 -0.000460684 -1.24351e-05
22.02 -0.0851032 0.00484653 0.123488 -7.81072e-05 -0.000470368 -1.23842e-05
22.03 -0.0835185 0.00508869 0.119344 -9.67024e-05 -0.000483557 -1.22668e-05
22.04 -0.0818677 0.0053168 0.11189 -0.000114812 -0.000499953 -1.22141e-05
22.05 -0.0801528 0.00552172 0.101334 -0.000131396 -0.000519903 -1.22664e-05
22.06 -0.0783782 0.00570032 0.0879671 -0.000141827 -0.000542188 -1.22848e-05
22.07 -0.0765457 0.00585248 0.0721606 -0.000142177 -0.000567479 -1.21932e-05
22.08 -0.0746607 0.00596908 0.0543501 -0.000137319 -0.000594494 -1.21846e-05
22.09 -0.0727254 0.00603463 0.0350289 -0.000136705 -0.000623351 -1.22555e-05
22.1 -0.0707453 0.00604129 0.0147312 -0.000143235 -0.000653545 -1.22408e-05
22.11 -0.0687236 0.00599006 -0.0059807 -0.000152901 -0.000684188 -1.19675e-05
22.12 -0.0666646 0.0058845 -0.0265312 -0.000160534 -0.000715705 -1.14e-05
22.13 -0.0645729 0.0057279 -0.0463502 -0.000162778 -0.000746531 -1.09236e-05
22.14 -0.0624518 0.00552281 -0.0648838 -0.000158695 -0.000777448 -1.07498e-05
22.15 -0.0603058 0.00527205 -0.0816157 -0.000148831 -0.000807049 -1.07653e-05
22.16 -0.0581384 0.00497957 -0.0960765 -0.000134327 -0.000835668 -1.07198e-05
22.17 -0.0559527 0.00465111 -0.107861 -0.000116361 -0.000862783 -1.03186e-05
22.18 -0.053753 0.00429411 -0.116637 -9.58802e-05 -0.000887853 -9.68637e-06
22.19 -0.0515409 0.00391752 -0.122157 -7.36597e-05 -0.000911336 -9.16853e-06
22.2 -0.0493209 0.00353088 -0.124265 -5.03887e-05 -0.000932133 -8.92291e-06
22.21 -0.0470935 0.0031437 -0.122901 -2.69094e-05 -0.000951029 -8.85059e-06
22.22 -0.044863 0.00276513 -0.118103 -4.26617e-06 -0.000967247 -8.65539e-06
22.23 -0.0426295 0.0024037 -0.110004 1.63707e-05 -0.000981006 -8.14635e-06
22.24 -0.0403961 0.00206756 -0.0988332 3.39287e-05 -0.000992555 -7.48194e-06
22.25 -0.0381637 0.00176402 -0.0849055 4.76993e-05 -0.00100119 -6.9934e-06
22.26 -0.0359335 0.00149949 -0.0686119 5.74325e-05 -0.00100811 -6.73286e-06
22.27 -0.0337073 0.00127901 -0.0504123 6.33115e-05 -0.00101216 -6.61154e-06
22.28 -0.0314856 0.0011062 -0.0308168 6.57783e-05 -0.00101473 -6.32622e-06
22.29 -0.0292697 0.000983344 -0.0103764 6.53559e-05 -0.00101504 -5.75014e-06
22.3 -0.0270606 0.000911185 0.0103371 6.25256e-05 -0.00101386 -5.17705e-06
22.31 -0.0248588 0.000888967 0.030745 5.76666e-05 -0.00101135 -4.76129e-06
22.32 -0.0226665 0.000914125 0.0502779 5.10688e-05 -0.00100738 -4.62415e-06
22.33 -0.0204833 0.000982545 0.0683942 4.29348e-05 -0.0010029 -4.55182e-06
22.34 -0.0183125 0.0010887 0.0845905 3.34207e-05 -0.000997277 -4.25506e-06
22.35 -0.0161536 0.00122607 0.0984211 2.26511e-05 -0.000991473 -3.7568e-06
22.36 -0.01401 0.00138743 0.109504 1.07513e-05 -0.000985213 -3.24964e-06
22.37 -0.0118825 0.00156466 0.117537 -2.09535e-06 -0.000978597 -2.94956e-06
22.38 -0.00977385 0.00174915 0.1223 -1.56505e-05 -0.000972234 -2.8545e-06
22.39 -0.00768642 0.00193176 0.123665 -2.95658e-05 -0.000965157 -2.75597e-06
22.4 -0.0056222 0.00210351 0.121599 -4.34256e-05 -0.000958583 -2.39065e-06
22.41 -0.00358474 0.00225587 0.116158 -5.67382e-05 -0.000951095 -1.86215e-06
22.42 -0.0015759 0.00238101 0.107498 -6.89479e-05 -0.000943666 -1.35942e-06
22.43 0.000400844 0.00247203 0.0958575 -7.94815e-05 -0.000935318 -1.03559e-06
22.44 0.00234291 0.00252279 0.0815589 -8.77655e-05 -0.000926078 -9.18539e-07
22.45 0.00424795 0.00252842 0.064998 -9.3327e-05 -0.000915861 -6.70143e-07
22.46 0.00611247 0.00248533 0.0466317 -9.58111e-05 -0.000903729 -2.11589e-07
22.47 0.00793549 0.00239171 0.0269694 -9.50441e-05 -0.000890219 3.80238e-07
22.48 0.0097133 0.00224733 0.00655372 -9.10103e-05 -0.000874092 9.38413e-07
22.49 0.0114457 0.00205349 -0.0140479 -8.38509e-05 -0.000855736 1.24856e-06
22.5 0.0131299 0.00181291 -0.0342641 -7.38468e-05 -0.000834509 1.4797e-06
22.51 0.0147657 0.00152954 -0.0535321 -6.13773e-05 -0.000809977 1.82621e-06
22.52 0.0163523 0.00120889 -0.0713141 -4.69466e-05 -0.000782537 2.38257e-06
22.53 0.0178887 0.000857295 -0.0871139 -3.12883e-05 -0.00075096 3.0306e-06
22.54 0.0193764 0.000481159 -0.100487 -1.5604e-05 -0.000716293 3.57807e-06
22.55 0.0208144 8.83698e-05 -0.11106 1.94131e-07 -0.000677268 3.93931e-06
22.56 0.0222049 -0.000306726 -0.118534 2.02477e-05 -0.000634698 4.28373e-06
22.57 0.0235482 -0.000687182 -0.122698 4.80087e-05 -0.000588131 4.74451e-06
22.58 0.0248463 -0.00104745 -0.123434 7.72532e-05 -0.000537537 5.10664e-06
22.59 0.026101 -0.00139072 -0.12072 9.67765e-05 -0.000483537 5.397e-06
22.6 0.0273138 -0.00171399 -0.114633 0.000102843 -0.000425399 5.67195e-06
22.61 0.0284878 -0.00200688 -0.105342 9.95574e-05 -0.00036432 6.17419e-06
22.62 0.0296242 -0.00225912 -0.0931114 9.2502e-05 -0.000299604 6.92667e-06
22.63 0.0307263 -0.00246378 -0.0782836 8.54034e-05 -0.000232177 7.53775e-06
22.64 0.0317962 -0.00261778 -0.061277 7.94616e-05 -0.000162148 7.85288e-06
22.65 0.032836 -0.00272099 -0.0425699 7.44004e-05 -8.96006e-05 7.87388e-06
22.66 0.033849 -0.00277481 -0.0226872 6.94243e-05 -1.56573e-05 7.92637e-06
22.67 0.0348359 -0.00278178 -0.00218744 6.38706e-05 6.0282e-05 8.26594e-06
22.68 0.0358008 -0.00274497 0.0183571 5.74425e-05 0.000136666 8.81501e-06
22.69 0.0367437 -0.00266813 0.0383716 5.01638e-05 0.000213985 9.24181e-06
22.7 0.037668 -0.00255617 0.0573 4.2233e-05 0.000291201 9.36005e-06
22.71 0.0385741 -0.00241517 0.0746163 3.37256e-05 0.000367953 9.28421e-06
22.72 0.0394639 -0.00225271 0.0898411 2.4539e-05 0.000444241 9.26175e-06
22.73 0.0403384 -0.00207705 0.102555 1.4399e-05 0.000518816 9.57539e-06
22.74 0.0411981 -0.00189692 0.112408 3.13691e-06 0.000592432 1.00062e-05
22.75 0.0420445 -0.00172098 0.119132 -9.10658e-06 0.000663647 1.03044e-05
22.76 0.042877 -0.00155768 0.122543 -2.17674e-05 0.000733175 1.03673e-05
22.77 0.0436967 -0.00141518 0.122551 -3.39299e-05 0.000800242 1.02511e-05
22.78 0.0445037 -0.00130091 0.119157 -4.45469e-05 0.000864863 1.03389e-05
22.79 0.0452975 -0.00122142 0.112458 -5.26279e-05 0.000927336 1.06709e-05
22.8 0.0460795 -0.00118191 0.102642 -5.74379e-05 0.000986944 1.10757e-05
22.81 0.0468482 -0.00118645 0.0899781 -5.85135e-05 0.00104469 1.13233e-05
22.82 0.0476058 -0.00123778 0.0748195 -5.57013e-05 0.00109979 1.13014e-05
22.83 0.0483507 -0.00133736 0.0575834 -4.91013e-05 0.00115306 1.12191e-05
22.84 0.0490852 -0.00148519 0.0387473 -3.90351e-05 0.00120444 1.13356e-05
22.85 0.0498089 -0.00167948 0.018832 -2.60206e-05 0.00125389 1.16921e-05
22.86 0.0505232 -0.00191691 -0.00161129 -1.0685e-05 0.00130235 1.205e-05
22.87 0.0512296 -0.00219268 -0.0220144 6.26885e-06 0.00134895 1.2251e-05
22.88 0.051929 -0.00250094 -0.0418117 2.41501e-05 0.00139513 1.21978e-05
22.89 0.0526237 -0.00283501 -0.0604502 4.23143e-05 0.00143991 1.21518e-05
22.9 0.053315 -0.00318731 -0.0774108 6.01918e-05 0.00148432 1.23402e-05
22.91 0.0540052 -0.0035496 -0.0922184 7.73169e-05 0.00152806 1.26604e-05
22.92 0.0546967 -0.00391307 -0.104458 9.33253e-05 0.00157116 1.29941e-05
22.93 0.0553909 -0.00426893 -0.113785 0.000107966 0.00161419 1.30744e-05
22.94 0.0560913 -0.00460859 -0.119936 0.000121056 0.00165635 1.29562e-05
22.95 0.0567985 -0.00492413 -0.122739 0.000132456 0.00169855 1.28966e-05
22.96 0.0575164 -0.00520823 -0.122113 0.000142013 0.00173994 1.30043e-05
22.97 0.0582453 -0.00545427 -0.118075 0.000149546 0.0017809 1.32357e-05
22.98 0.0589882 -0.00565677 -0.110738 0.000154867 0.00182128 1.33803e-05
22.99 0.0597461 -0.00581141 -0.100309 0.000157779 0.00186045 1.32648e-05
23 0.0605202 -0.00591554 -0.0870815 0.000158129 0.00189911 1.29966e-05
23.01 0.0613122 -0.00596802 -0.0714274 0.000155795 0.00193586 1.28167e-05
23.02 0.0621219 -0.00596916 -0.0537885 0.000150713 0.00197165 1.27888e-05
23.03 0.0629507 -0.0059209 -0.0346593 0.000142745 0.00200515 1.28518e-05
23.04 0.0637979 -0.00582735 -0.0145778 0.000131497 0.00203673 1.27929e-05
23.05 0.0646634 -0.00569339 0.00589376 0.000117756 0.00206586 1.24985e-05
23.06 0.0655473 -0.0055201 0.0261835 0.000105733 0.00209192 1.21815e-05
23.07 0.0664474 -0.00530775 0.0457247 9.91537e-05 0.00211524 1.19142e-05
23.08 0.0673642 -0.00506665 0.0639753 9.37852e-05 0.00213463 1.16185e-05
23.09 0.0682945 -0.00481467 0.0804279 8.12974e-05 0.00215066 1.12708e-05
23.1 0.0692382 -0.00456436 0.0946291 5.94612e-05 0.0021624 1.08791e-05
23.11 0.070192 -0.00432158 0.106187 3.24537e-05 0.0021699 1.06687e-05
23.12 0.0711548 -0.0040913 0.114784 5.58716e-06 0.00217319 1.063e-05
23.13 0.072124 -0.00387968 0.120188 -1.74708e-05 0.00217148 1.05194e-05
23.14 0.0730969 -0.00369436 0.122249 -3.52467e-05 0.00216578 1.02024e-05
23.15 0.0740719 -0.00354312 0.120917 -4.76376e-05 0.00215487 9.67819e-06
23.16 0.0750457 -0.00343272 0.116229 -5.50944e-05 0.00214003 9.17295e-06
23.17 0.0760169 -0.00336828 0.108318 -5.81087e-05 0.00212054 8.90326e-06
23.18 0.0769826 -0.00335267 0.0974021 -5.70174e-05 0.00209707 8.82361e-06
23.19 0.0779407 -0.0033868 0.0837851 -5.20335e-05 0.00206995 8.67456e-06
23.2 0.0788898 -0.00346981 0.0678436 -4.338e-05 0.00203904 8.34797e-06
23.21 0.079827 -0.00359949 0.0500173 -3.14972e-05 0.00200553 7.8524e-06
23.22 0.0807521 -0.00377258 0.0308006 -1.70893e-05 0.00196888 7.41375e-06
23.23 0.0816622 -0.00398458 0.0107238 -1.07628e-06 0.00193035 7.2383e-06
23.24 0.0825574 -0.00422978 -0.00965518 1.56459e-05 0.00188985 7.15316e-06
23.25 0.0834356 -0.00450123 -0.0297713 3.23864e-05 0.0018479 7.02205e-06
23.26 0.0842963 -0.00479116 -0.0490651 4.87784e-05 0.00180531 6.69967e-06
23.27 0.0851388 -0.00509114 -0.0669977 6.47303e-05 0.00176164 6.23717e-06
23.28 0.0859616 -0.00539247 -0.0830695 8.02954e-05 0.00171837 5.91227e-06
23.29 0.0867649 -0.00568631 -0.0968288 9.55275e-05 0.00167467 5.74692e-06
23.3 0.0875468 -0.00596385 -0.107891 0.000110353 0.00163184 5.64327e-06
23.31 0.0883073 -0.00621686 -0.115943 0.000124567 0.0015895 5.41883e-06
23.32 0.089045 -0.00643777 -0.120758 0.000137811 0.00154802 4.97553e-06
23.33 0.0897584 -0.00662015 -0.122201 0.000149648 0.00150792 4.45308e-06
23.34 0.0904471 -0.00675867 -0.120229 0.000159595 0.0014686 4.06e-06
23.35 0.0911082 -0.00684911 -0.114899 0.000167161 0.00143109 3.81466e-06
23.36 0.0917415 -0.00688862 -0.106357 0.000171919 0.0013945 3.56939e-06
23.37 0.0923435 -0.00687567 -0.0948474 0.000173515 0.00135955 3.2048e-06
23.38 0.0929132 -0.00681051 -0.0806918 0.000171751 0.00132586 2.60618e-06
23.39 0.0934479 -0.00669494 -0.0642894 0.000166579 0.00129321 2.01416e-06
23.4 0.0939447 -0.00653232 -0.0461019 0.000158133 0.00126206 1.5605e-06
23.41 0.094402 -0.00632721 -0.0266395 0.000146718 0.00123132 1.20424e-06
23.42 0.0948159 -0.00608527 -0.00644932 0.000132795 0.00120192 8.86099e-07
23.43 0.0951849 -0.00581326 0.0139049 0.000116963 0.00117256 3.55311e-07
23.44 0.0955052 -0.00551878 0.0338537 9.98927e-05 0.00114384 -3.03807e-07
23.45 0.0957748 -0.00521023 0.052842 8.22933e-05 0.00111512 -9.37304e-07
23.46 0.0959909 -0.00489626 0.0703423 6.4817e-05 0.00108608 -1.43913e-06
23.47 0.0961507 -0.00458552 0.0858696 4.80366e-05 0.00105707 -1.81552e-06
23.48 0.0962525 -0.00428647 0.0989964 3.24236e-05 0.00102701 -2.22735e-06
23.49 0.0962931 -0.004007 0.10936 1.83394e-05 0.000996762 -2.79899e-06
23.5 0.0962716 -0.00375462 0.116679 6.0781e-06 0.000965302 -3.46937e-06
23.51 0.0961854 -0.00353581 0.120752 -4.17053e-06 0.00093321 -4.0406e-06
23.52 0.0960334 -0.00335606 0.121471 -1.22733e-05 0.000900282 -4.49027e-06
23.53 0.0958146 -0.00321956 0.118818 -1.82615e-05 0.000866325 -4.80232e-06
23.54 0.0955272 -0.00312956 0.112869 -2.24211e-05 0.000832136 -5.17239e-06
23.55 0.0951721 -0.00308754 0.103792 -2.44355e-05 0.000796959 -5.68832e-06
23.56 0.0947472 -0.00309038 0.0918355 -2.20415e-05 0.000762042 -6.17064e-06
23.57 0.0942542 -0.00313254 0.0773331 -1.33406e-05 0.000726806 -6.62457e-06
23.58 0.0936919 -0.00321238 0.0606846 -1.30729e-06 0.000692093 -7.00412e-06
23.59 0.093062 -0.00333125 0.0423505 8.57412e-06 0.000658188 -7.38587e-06
23.6 0.0923647 -0.00348578 0.0228384 1.43982e-05 0.000625015 -7.79155e-06
23.61 0.091601 -0.00366764 0.00268781 1.80626e-05 0.000593791 -8.07703e-06
23.62 0.0907726 -0.00386728 -0.0175412 2.21053e-05 0.000563765 -8.27881e-06
23.63 0.0898801 -0.00407551 -0.037288 2.80525e-05 0.000536415 -8.47797e-06
23.64 0.0889256 -0.00428425 -0.0560014 3.61344e-05 0.000511104 -8.77808e-06
23.65 0.0879101 -0.00448579 -0.0731603 4.57678e-05 0.000488693 -9.16698e-06
23.66 0.086835 -0.00467282 -0.0882844 5.61137e-05 0.000469307 -9.58199e-06
23.67 0.0857024 -0.00483815 -0.100949 6.63636e-05 0.000452798 -9.86183e-06
23.68 0.0845122 -0.00497489 -0.110801 7.58999e-05 0.000440021 -1.00481e-05
23.69 0.0832676 -0.00507675 -0.117559 8.42895e-05 0.000430194 -1.02773e-05
23.7 0.0819676 -0.00513831 -0.121035 9.12055e-05 0.000424224 -1.05525e-05
23.71 0.0806151 -0.00515557 -0.121129 9.63361e-05 0.000421496 -1.09801e-05
23.72 0.0792093 -0.00512596 -0.117838 9.93205e-05 0.000422181 -1.13511e-05
23.73 0.0777521 -0.00504853 -0.111255 9.9812e-05 0.000426438 -1.16177e-05
23.74 0.0762437 -0.00492371 -0.101564 9.75724e-05 0.000433399 -1.18417e-05
23.75 0.0746845 -0.0047533 -0.0890379 9.25873e-05 0.000443931 -1.20548e-05
23.76 0.0730756 -0.0045405 -0.0740294 8.51073e-05 0.000456569 -1.23941e-05
23.77 0.071417 -0.00428964 -0.056962 7.56004e-05 0.000472173 -1.27885e-05
23.78 0.0697098 -0.00400636 -0.0383143 6.46878e-05 0.000489546 -1.31352e-05
23.79 0.0679547 -0.00369709 -0.0186107 5.2997e-05 0.000508763 -1.33781e-05
23.8 0.066152 -0.00336907 0.0015967 4.11113e-05 0.000529473 -1.35877e-05
23.81 0.0643042 -0.00303005 0.0217434 2.9511e-05 0.000550793 -1.38149e-05
23.82 0.0624106 -0.00268806 0.0412661 1.85661e-05 0.000573049 -1.41497e-05
23.83 0.060475 -0.00235138 0.059623 8.56775e-06 0.000594983 -1.45235e-05
23.84 0.0584971 -0.00202796 0.0763035 -2.88501e-07 0.000616875 -1.47846e-05
23.85 0.0564806 -0.00172535 0.0908473 -7.85619e-06 0.000637958 -1.49868e-05
23.86 0.0544266 -0.00145027 0.102853 -1.40543e-05 0.000657797 -1.51036e-05
23.87 0.0523384 -0.00120857 0.111991 -1.88276e-05 0.00067662 -1.52613e-05
23.88 0.0502186 -0.00100503 0.118011 -2.21477e-05 0.000693201 -1.55126e-05
23.89 0.04807 -0.000843316 0.120751 -2.39971e-05 0.000708546 -1.571e-05
23.9 0.0458963 -0.000725794 0.120137 -2.43599e-05 0.000721242 -1.58432e-05
23.91 0.0437003 -0.000653319 0.116189 -2.32382e-05 0.000732301 -1.58645e-05
23.92 0.041486 -0.000625381 0.109019 -2.06358e-05 0.00074097 -1.58339e-05
23.93 0.0392569 -0.000639941 0.0988264 -1.66008e-05 0.000747558 -1.58701e-05
23.94 0.0370162 -0.000693751 0.0858924 -1.12106e-05 0.000752376 -1.59488e-05
23.95 0.0347686 -0.000782362 0.0705763 -4.6095e-06 0.000754973 -1.59898e-05
23.96 0.0325164 -0.000900191 0.0533001 2.9784e-06 0.000756338 -1.59519e-05
23.97 0.0302648 -0.00104078 0.0345429 1.12607e-05 0.000755889 -1.58291e-05
23.98 0.0280158 -0.00119685 0.0148227 1.98763e-05 0.000754429 -1.56785e-05
23.99 0.0257738 -0.00136067 -0.00531341 2.84385e-05 0.000752001 -1.56291e-05
24 0.0235414 -0.00152433 -0.0253068 3.65437e-05 0.000748573 -1.55912e-05
24.01 0.0213215 -0.00167996 -0.0446018 4.37907e-05 0.000745073 -1.55261e-05
24.02 0.0191174 -0.00181992 -0.0626599 4.98054e-05 0.000740665 -1.5403e-05
24.03 0.0169304 -0.00193705 -0.0789782 5.42274e-05 0.000736716 -1.51766e-05
24.04 0.0147637 -0.00202501 -0.0930985 5.67033e-05 0.000732244 -1.50093e-05
24.05 0.0126181 -0.00207826 -0.104626 5.71352e-05 0.000728216 -1.48998e-05
24.06 0.0104957 -0.00209157 -0.113235 5.60922e-05 0.000724278 -1.48014e-05
24.07 0.00839745 -0.00206057 -0.118684 5.41302e-05 0.000720404 -1.47056e-05
24.08 0.0063238 -0.00198382 -0.120819 5.05043e-05 0.00071711 -1.45451e-05
24.09 0.00427626 -0.00186245 -0.119578 4.38314e-05 0.000713514 -1.43698e-05
24.1 0.00225405 -0.00169793 -0.114997 3.3827e-05 0.000710495 -1.42292e-05
24.11 0.000258609 -0.00149204 -0.107203 2.13764e-05 0.000707081 -1.40747e-05
24.12 -0.0017109 -0.00124768 -0.0964155 7.59495e-06 0.000703662 -1.39127e-05
24.13 -0.00365392 -0.0009693 -0.0829389 -6.64119e-06 0.000699928 -1.37493e-05
24.14 -0.00557029 -0.000662796 -0.0671523 -2.08051e-05 0.000695299 -1.35624e-05
24.15 -0.0074606 -0.000335014 -0.0495004 -3.45912e-05 0.000690268 -1.33935e-05
24.16 -0.00932348 6.41333e-06 -0.0304781 -4.77562e-05 0.000683536 -1.32538e-05
24.17 -0.0111601 0.000353543 -0.0106206 -6.00616e-05 0.000675856 -1.3062e-05
24.18 -0.0129684 0.000698287 0.00951755 -7.12226e-05 0.000665997 -1.28683e-05
24.19 -0.014749 0.0010327 0.0293725 -8.0936e-05 0.000654184 -1.26379e-05
24.2 -0.0165003 0.00134919 0.0483915 -8.89095e-05 0.000639982 -1.23629e-05
24.21 -0.0182215 0.00164066 0.0660461 -9.49122e-05 0.000622694 -1.21425e-05
24.22 -0.0199117 0.0019007 0.0818462 -9.88056e-05 0.000602795 -1.18704e-05
24.23 -0.0215688 0.00212377 0.0953567 -0.000100528 0.00057901 -1.15902e-05
24.24 -0.0231923 0.00230546 0.106204 -0.000100081 0.000552146 -1.12756e-05
24.25 -0.0247799 0.00244259 0.114093 -9.74853e-05 0.000521206 -1.08939e-05
24.26 -0.0263305 0.00253339 0.118806 -9.2786e-05 0.000486538 -1.05158e-05
24.27 -0.0278427 0.00257752 0.120218 -8.60509e-05 0.000448105 -1.01287e-05
24.28 -0.0293143 0.00257601 0.118293 -7.73824e-05 0.00040548 -9.72477e-06
24.29 -0.0307452 0.00253133 0.113084 -6.6968e-05 0.000359559 -9.29516e-06
24.3 -0.0321327 0.00244716 0.10474 -5.50652e-05 0.000309548 -8.84545e-06
24.31 -0.0334776 0.00232844 0.0934903 -4.20305e-05 0.000256587 -8.33429e-06
24.32 -0.0347775 0.00218114 0.0796481 -2.82849e-05 0.000200306 -7.85433e-06
24.33 -0.0360332 0.00201202 0.0635954 -1.4294e-05 0.000141291 -7.36653e-06
24.34 -0.0372438 0.00182859 0.0457762 -5.56598e-07 8.01402e-05 -6.85424e-06
24.35 -0.0384098 0.00163866 0.0266838 1.24408e-05 1.65776e-05 -6.374e-06
24.36 -0.039532 0.00145032 0.00684588 2.42176e-05 -4.79726e-05 -5.82046e-06
24.37 -0.0406105 0.00127151 -0.0131861 3.43467e-05 -0.000114238 -5.29018e-06
24.38 -0.0416474 0.00110992 -0.0328573 4.24435e-05 -0.000180732 -4.77989e-06
24.39 -0.0426436 0.000972619 -0.0516189 4.82012e-05 -0.000247837 -4.25571e-06
24.4 -0.0436011 0.000865895 -0.0689485 5.13899e-05 -0.00031481 -3.77591e-06
24.41 -0.0445226 0.000795129 -0.0843615 5.18619e-05 -0.000381181 -3.26873e-06
24.42 -0.0454095 0.000764449 -0.0974256 4.95682e-05 -0.000447163 -2.7552e-06
24.43 -0.0462659 0.0007769 -0.107775 4.45236e-05 -0.000511659 -2.26032e-06
24.44 -0.0470929 0.000834 -0.115117 3.68511e-05 -0.000575304 -1.78966e-06
24.45 -0.0478952 0.00093597 -0.119246 2.67355e-05 -0.000637153 -1.3287e-06
24.46 -0.0486745 0.00108157 -0.120043 1.44365e-05 -0.000697453 -8.99297e-07
24.47 -0.0494346 0.00126814 -0.117487 2.69815e-07 -0.000756111 -4.5606e-07
24.48 -0.0501782 0.00149182 -0.111648 -1.54117e-05 -0.00081256 1.10784e-08
24.49 -0.0509079 0.00174749 -0.102689 -3.21957e-05 -0.000867644 4.19324e-07
24.5 -0.051627 0.00202909 -0.0908655 -4.96529e-05 -0.000920256 8.63738e-07
24.51 -0.0523372 0.00232962 -0.0765072 -6.73167e-05 -0.000971596 1.25494e-06
24.52 -0.0530411 0.00264152 -0.0600202 -8.47158e-05 -0.00102079 1.64689e-06
24.53 -0.0537403 0.00295681 -0.041867 -0.00010134 -0.00106857 2.08878e-06
24.54 -0.0544361 0.00326753 -0.0225578 -0.000116624 -0.00111495 2.4903e-06
24.55 -0.0551301 0.00356573 -0.00263418 -0.000130234 -0.00115981 2.92551e-06
24.56 -0.0558219 0.00384271 0.0173473 -0.000142472 -0.00120403 3.33023e-06
24.57 -0.0565134 0.00409014 0.0368276 -0.0001536 -0.00124697 3.73729e-06
24.58 -0.057203 0.00430207 0.0552659 -0.000162426 -0.0012897 4.20173e-06
24.59 -0.0578919 0.00447492 0.072149 -0.000167078 -0.00133182 4.7172e-06
24.6 -0.0585785 0.00460522 0.0870106 -0.0001669 -0.00137376 5.20526e-06
24.61 -0.0592628 0.00468944 0.0994404 -0.000162514 -0.00141592 5.64286e-06
24.62 -0.0599439 0.00472538 0.109096 -0.000154868 -0.00145775 6.04958e-06
24.63 -0.0606207 0.00471239 0.115715 -0.00014469 -0.00150035 6.46162e-06
24.64 -0.0612929 0.00465182 0.119116 -0.000132432 -0.0015426 7.01574e-06
24.65 -0.0619591 0.00454653 0.119209 -0.000118377 -0.00158556 7.58926e-06
24.66 -0.0626193 0.00440076 0.115993 -0.000102797 -0.00162831 8.14432e-06
24.67 -0.0632727 0.00421985 0.10956 -8.60226e-05 -0.00167113 8.65457e-06
24.68 -0.063919 0.00400996 0.10009 -6.84651e-05 -0.00171386 9.07182e-06
24.69 -0.0645588 0.00377805 0.0878436 -5.06087e-05 -0.00175577 9.57019e-06
24.7 -0.0651911 0.0035316 0.0731618 -3.29457e-05 -0.00179733 1.01216e-05
24.71 -0.065818 0.00327867 0.0564491 -1.59601e-05 -0.00183736 1.06887e-05
24.72 -0.0664386 0.00302741 0.0381688 -6.45444e-08 -0.00187623 1.12278e-05
24.73 -0.0670552 0.00278598 0.0188258 1.43724e-05 -0.00191315 1.16611e-05
24.74 -0.0676681 0.00256212 -0.00104342 2.70213e-05 -0.00194775 1.20544e-05
24.75 -0.0682789 0.00236292 -0.0208876 3.7565e-05 -0.00198014 1.24801e-05
24.76 -0.0688894 0.00219479 -0.0401558 4.56685e-05 -0.00200912 1.29512e-05
24.77 -0.0695006 0.00206302 -0.0583102 5.10323e-05 -0.00203548 1.33941e-05
24.78 -0.0701149 0.0019719 -0.0748454 5.33947e-05 -0.0020578 1.37997e-05
24.79 -0.070733 0.0019243 -0.0892976 5.25922e-05 -0.00207681 1.40834e-05
24.8 -0.0713574 0.00192173 -0.101263 4.85661e-05 -0.00209169 1.43446e-05
24.81 -0.0719891 0.0019643 -0.110403 4.13734e-05 -0.00210247 1.46616e-05
24.82 -0.0726291 0.00205069 -0.116463 3.11961e-05 -0.00210933 1.49581e-05
24.83 -0.0732794 0.0021783 -0.11927 1.83178e-05 -0.00211156 1.52848e-05
24.84 -0.0739396 0.00234317 -0.118743 3.12989e-06 -0.00211003 1.55014e-05
24.85 -0.0746114 0.00254015 -0.1149 -1.39057e-05 -0.00210392 1.56411e-05
24.86 -0.0752937 0.00276302 -0.107845 -3.22555e-05 -0.00209398 1.57944e-05
24.87 -0.0759871 0.00300471 -0.0977785 -5.13548e-05 -0.00208008 1.59593e-05
24.88 -0.0766904 0.00325762 -0.0849834 -7.06261e-05 -0.00206225 1.61647e-05
24.89 -0.0774023 0.00351372 -0.0698195 -8.94933e-05 -0.00204132 1.63482e-05
24.9 -0.0781218 0.00376492 -0.0527144 -0.000107416 -0.00201665 1.64498e-05
24.91 -0.0788458 0.00400306 -0.0341477 -0.000123874 -0.00198964 1.64988e-05
24.92 -0.0795731 0.0042204 -0.0146418 -0.000138415 -0.00195962 1.65821e-05
24.93 -0.0802996 0.00440973 0.00525798 -0.000150655 -0.00192772 1.66861e-05
24.94 -0.0810231 0.00456467 0.0249948 -0.000160278 -0.001894 1.68409e-05
24.95 -0.0817399 0.00467992 0.0440183 -0.000167049 -0.00185874 1.6977e-05
24.96 -0.082446 0.00475124 0.0617999 -0.000170797 -0.00182288 1.70228e-05
24.97 -0.0831388 0.00477567 0.0778456 -0.000171438 -0.00178598 1.70833e-05
24.98 -0.0838133 0.00475156 0.0917131 -0.000168959 -0.00174935 1.71501e-05
24.99 -0.0844671 0.00467872 0.103019 -0.000163429 -0.00171249 1.72634e-05
25 -0.0850959 0.00455841 0.111454 -0.000154991 -0.00167623 1.74334e-05
25.01 -0.0856968 0.00439329 0.116787 -0.000143859 -0.00164069 1.75296e-05
25.02 -0.0862669 0.00418731 0.118875 -0.000130319 -0.00160571 1.75948e-05
25.03 -0.0868029 0.00394565 0.117662 -0.000114646 -0.00157216 1.76482e-05
25.04 -0.0873036 0.00367489 0.113183 -9.70464e-05 -0.0015391 1.77056e-05
25.05 -0.0877657 0.00338213 0.105566 -7.8197e-05 -0.00150758 1.78153e-05
25.06 -0.088189 0.00307304 0.0950219 -6.01769e-05 -0.00147665 1.78997e-05
25.07 -0.0885712 0.00275293 0.0818425 -4.4842e-05 -0.00144674 1.79367e-05
25.08 -0.0889122 0.00243096 0.0663926 -3.07532e-05 -0.00141763 1.80022e-05
25.09 -0.0892112 0.00211921 0.0490989 -1.47753e-05 -0.00138873 1.81035e-05
25.1 -0.089468 0.001827 0.0304408 3.76448e-06 -0.00136062 1.81407e-05
25.11 -0.089683 0.00156035 0.0109333 2.29443e-05 -0.00133207 1.80851e-05
25.12 -0.0898559 0.00132418 -0.00888123 4.04208e-05 -0.00130389 1.78975e-05
25.13 -0.0899877 0.00112306 -0.0284541 5.45707e-05 -0.00127502 1.77094e-05
25.14 -0.0900784 0.000961387 -0.0472399 6.47075e-05 -0.00124575 1.76554e-05
25.15 -0.0901285 0.000842661 -0.0647153 7.07632e-05 -0.00121586 1.76204e-05
25.16 -0.0901391 0.000769173 -0.0803924 7.29402e-05 -0.00118481 1.75579e-05
25.17 -0.0901093 0.000741582 -0.0938315 7.15209e-05 -0.00115321 1.73478e-05
25.18 -0.0900411 0.000758859 -0.104657 6.67651e-05 -0.0011201 1.70008e-05
25.19 -0.0899325 0.000818379 -0.112562 5.89333e-05 -0.00108627 1.6707e-05
25.2 -0.0897853 0.000916121 -0.117326 4.8333e-05 -0.00105114 1.64798e-05
25.21 -0.0895975 0.00104708 -0.118813 3.53826e-05 -0.00101492 1.62972e-05
25.22 -0.0893694 0.00120525 -0.11698 2.06559e-05 -0.00097798 1.60561e-05
25.23 -0.0890996 0.00138397 -0.111879 4.81805e-06 -0.00093971 1.56669e-05
25.24 -0.0887869 0.00157582 -0.103653 -1.1441e-05 -0.0009013 1.52024e-05
25.25 -0.0884301 0.00177298 -0.0925338 -2.75264e-05 -0.00086178 1.47941e-05
25.26 -0.088027 0.00196749 -0.0788335 -4.29937e-05 -0.000822448 1.44646e-05
25.27 -0.0875759 0.00215139 -0.0629387 -5.75264e-05 -0.000782772 1.41549e-05
25.28 -0.0870747 0.00231715 -0.0452961 -7.09108e-05 -0.000743417 1.38037e-05
25.29 -0.0865206 0.00245764 -0.026401 -8.29493e-05 -0.000704779 1.32983e-05
25.3 -0.0859124 0.0025665 -0.00678417 -9.34479e-05 -0.0006667 1.28018e-05
25.31 -0.085246 0.0026383 0.0130066 -0.000102189 -0.000630287 1.23779e-05
25.32 -0.0845212 0.00266878 0.0324171 -0.000108951 -0.00059506 1.20193e-05
25.33 -0.0837338 0.00265502 0.0509081 -0.000113526 -0.000562051 1.17332e-05
25.34 -0.0828837 0.00259538 0.0679649 -0.000115731 -0.000531235 1.13238e-05
25.35 -0.0819679 0.00248959 0.0831154 -0.000115439 -0.000502832 1.08531e-05
25.36 -0.080986 0.00233862 0.0959417 -0.000112572 -0.000477665 1.03868e-05
25.37 -0.079937 0.00214485 0.10609 -0.000107141 -0.000455025 9.99039e-06
25.38 -0.07882 0.00191195 0.113284 -9.92405e-05 -0.000436246 9.68689e-06
25.39 -0.077636 0.0016448 0.117325 -8.90642e-05 -0.000420261 9.38089e-06
25.4 -0.0763847 0.00134939 0.118107 -7.69055e-05 -0.000408114 8.98199e-06
25.41 -0.0750678 0.00103232 0.11561 -6.3123e-05 -0.000399142 8.50739e-06
25.42 -0.0736869 0.000700919 0.109905 -4.8168e-05 -0.000393456 8.07398e-06
25.43 -0.0722435 0.000362814 0.101152 -3.25274e-05 -0.000391154 7.67731e-06
25.44 -0.0707411 2.5897e-05 0.0895938 -1.67261e-05 -0.000391424 7.37758e-06
25.45 -0.0691813 -0.000301969 0.0755507 -1.27874e-06 -0.000394788 7.029e-06
25.46 -0.0675687 -0.000613312 0.0594099 1.33411e-05 -0.00040018 6.5636e-06
25.47 -0.0659053 -0.000901175 0.0416191 2.67066e-05 -0.000407789 6.08531e-06
25.48 -0.0641957 -0.0011595 0.0226698 3.84744e-05 -0.000417111 5.57935e-06
25.49 -0.0624431 -0.00138302 0.00308701 4.83593e-05 -0.000427451 5.17235e-06
25.5 -0.060651 -0.00156761 -0.0165857 5.61706e-05 -0.000439188 4.79834e-06
25.51 -0.0588236 -0.00171024 -0.0358026 6.17801e-05 -0.000450883 4.34028e-06
25.52 -0.0569634 -0.00180928 -0.0540275 6.51532e-05 -0.000463379 3.81325e-06
25.53 -0.0550748 -0.00186439 -0.0707531 6.63986e-05 -0.000475237 3.22476e-06
25.54 -0.0531598 -0.00187613 -0.0855108 6.5835e-05 -0.000486985 2.66716e-06
25.55 -0.051222 -0.00184684 -0.0978875 6.33776e-05 -0.000497939 2.16685e-06
25.56 -0.0492637 -0.00178215 -0.107536 5.7474e-05 -0.000507816 1.6706e-06
25.57 -0.0472866 -0.00168978 -0.114183 4.68977e-05 -0.000516894 1.10307e-06
25.58 -0.0452937 -0.00157424 -0.117643 3.40589e-05 -0.000524257 5.65097e-07
25.59 -0.0432851 -0.00143763 -0.117816 2.32597e-05 -0.000530651 5.42093e-08
25.6 -0.0412636 -0.00128533 -0.114698 1.609e-05 -0.000535255 -4.92182e-07
25.61 -0.0392291 -0.00112598 -0.108375 1.12585e-05 -0.000538488 -1.08025e-06
25.62 -0.0371829 -0.000968837 -0.0990257 6.97717e-06 -0.000540327 -1.80751e-06
25.63 -0.0351257 -0.000822193 -0.0869129 2.15434e-06 -0.000540405 -2.47098e-06
25.64 -0.0330572 -0.00069315 -0.0723771 -3.34556e-06 -0.000539608 -3.01491e-06
25.65 -0.0309788 -0.00058772 -0.0558285 -9.11438e-06 -0.000537032 -3.48411e-06
25.66 -0.0288895 -0.000511116 -0.0377308 -1.45611e-05 -0.000533889 -3.92267e-06
25.67 -0.0267908 -0.000467867 -0.0185934 -1.91516e-05 -0.000529494 -4.48947e-06
25.68 -0.024682 -0.000461666 0.00104842 -2.25268e-05 -0.000524573 -5.11936e-06
25.69 -0.0225641 -0.000495402 0.020645 -2.44626e-05 -0.000519286 -5.70008e-06
25.7 -0.0204377 -0.000570638 0.0396493 -2.48531e-05 -0.000513479 -6.15682e-06
25.71 -0.0183032 -0.000687607 0.0575334 -2.35859e-05 -0.000508134 -6.53673e-06
25.72 -0.0161624 -0.000845057 0.0737999 -2.05312e-05 -0.000502523 -6.91484e-06
25.73 -0.0140158 -0.00104031 0.0880001 -1.55585e-05 -0.000497789 -7.40124e-06
25.74 -0.0118662 -0.00126962 0.0997413 -8.60822e-06 -0.000493364 -7.9429e-06
25.75 -0.00971489 -0.00152809 0.108702 1.95452e-07 -0.000489747 -8.39099e-06
25.76 -0.00756449 -0.00181005 0.114636 1.05413e-05 -0.000487089 -8.7768e-06
25.77 -0.00541824 -0.00210894 0.117383 2.19324e-05 -0.000484914 -9.06692e-06
25.78 -0.00327815 -0.00241772 0.116871 3.37904e-05 -0.000484013 -9.40719e-06
25.79 -0.00114895 -0.002729 0.113115 4.55265e-05 -0.000483323 -9.86195e-06
25.8 0.000967436 -0.00303534 0.106222 5.6612e-05 -0.000483601 -1.02966e-05
25.81 0.00306593 -0.00332946 0.0963828 6.66142e-05 -0.000483997 -1.06974e-05
25.82 0.00514392 -0.00360429 0.0838712 7.51938e-05 -0.000484499 -1.09891e-05
25.83 0.00719718 -0.00385338 0.0690332 8.21256e-05 -0.000485033 -1.12421e-05
25.84 0.00922211 -0.00407094 0.0522787 8.72616e-05 -0.000484638 -1.15819e-05
25.85 0.0112158 -0.00425226 0.034072 9.05506e-05 -0.000483897 -1.19975e-05
25.86 0.0131743 -0.00439376 0.0149159 9.20066e-05 -0.000481425 -1.2419e-05
25.87 0.0150955 -0.00449301 -0.00465753 9.16941e-05 -0.000477798 -1.27801e-05
25.88 0.0169763 -0.00454889 -0.024106 8.97237e-05 -0.00047203 -1.3063e-05
25.89 0.0188148 -0.00456143 -0.0428882 8.62155e-05 -0.000464036 -1.33235e-05
25.9 0.0206097 -0.00453202 -0.0604807 8.13228e-05 -0.000453727 -1.37006e-05
25.91 0.0223588 -0.00446333 -0.0763929 7.5208e-05 -0.000440254 -1.41143e-05
25.92 0.0240627 -0.00435923 -0.0901785 6.80459e-05 -0.000424227 -1.45269e-05
25.93 0.0257194 -0.0042247 -0.101452 6.00205e-05 -0.00040459 -1.48806e-05
25.94 0.0273306 -0.00406549 -0.109896 5.1327e-05 -0.000381929 -1.51161e-05
25.95 0.0288954 -0.00388808 -0.115272 4.21956e-05 -0.000355774 -1.54029e-05
25.96 0.0304155 -0.00369943 -0.117429 3.28883e-05 -0.000326032 -1.57374e-05
25.97 0.0318918 -0.0035069 -0.116304 2.37055e-05 -0.00029322 -1.61043e-05
25.98 0.0333255 -0.00331794 -0.111931 1.49649e-05 -0.000256527 -1.64577e-05
25.99 0.0347187 -0.00313985 -0.104429 6.99855e-06 -0.000217132 -1.66937e-05
26 0.0360726 -0.00297955 -0.0940126 1.34146e-07 -0.000174114 -1.68655e-05
26.01 0.0373895 -0.00284323 -0.0809726 -5.33179e-06 -0.000128548 -1.70627e-05
26.02 0.0386712 -0.00273646 -0.0656771 -9.12452e-06 -8.01535e-05 -1.72975e-05
26.03 0.0399194 -0.00266369 -0.0485562 -1.0979e-05 -2.92976e-05 -1.75473e-05
26.04 0.0411365 -0.00262808 -0.0300906 -1.05657e-05 2.33627e-05 -1.77534e-05
26.05 0.0423232 -0.00263185 -0.0107991 -8.01118e-06 7.81489e-05 -1.78445e-05
26.06 0.0434825 -0.00267763 0.00877934 -4.71025e-06 0.000133863 -1.79072e-05
26.07 0.044614 -0.00276752 0.0280963 -1.91783e-06 0.000190904 -1.79874e-05
26.08 0.0457205 -0.00289895 0.0466146 1.886e-06 0.000248334 -1.80117e-05
26.09 0.0468015 -0.0030657 0.0638187 9.63785e-06 0.000305929 -1.80189e-05
26.1 0.0478585 -0.00326234 0.079232 2.20456e-05 0.000363596 -1.79915e-05
26.11 0.0488915 -0.00348483 0.092429 3.74921e-05 0.000420293 -1.7981e-05
26.12 0.0499003 -0.00372853 0.103045 5.39186e-05 0.000476691 -1.80501e-05
26.13 0.0508853 -0.00398743 0.110791 6.98134e-05 0.000531425 -1.80453e-05
26.14 0.0518454 -0.00425435 0.115454 8.44266e-05 0.000585274 -1.7966e-05
26.15 0.0527805 -0.00452136 0.116908 9.74677e-05 0.000637356 -1.78086e-05
26.16 0.0536899 -0.00478052 0.115117 0.000108844 0.000687886 -1.76232e-05
26.17 0.0545722 -0.00502414 0.110131 0.00011847 0.000736944 -1.75238e-05
26.18 0.0554278 -0.00524521 0.102091 0.000126208 0.000784038 -1.74725e-05
26.19 0.0562544 -0.00543756 0.0912194 0.000131891 0.000829997 -1.73919e-05
26.2 0.0570531 -0.00559582 0.0778184 0.000135361 0.000874119 -1.72389e-05
26.21 0.0578218 -0.00571564 0.0622574 0.000136574 0.000917242 -1.70412e-05
26.22 0.0585617 -0.0057936 0.0449678 0.000135603 0.000959191 -1.6834e-05
26.23 0.0592718 -0.00582744 0.0264274 0.000132636 0.00100011 -1.67356e-05
26.24 0.0599529 -0.00581624 0.00714946 0.000127908 0.00104073 -1.66648e-05
26.25 0.0606059 -0.00576036 -0.0123307 0.000121612 0.0010804 -1.65522e-05
26.26 0.0612312 -0.00566159 -0.0314732 0.000113889 0.0011204 -1.64133e-05
26.27 0.0618309 -0.00552284 -0.0497441 0.000104814 0.00115984 -1.61863e-05
26.28 0.062406 -0.0053483 -0.066635 9.44754e-05 0.0011998 -1.60252e-05
26.29 0.0629588 -0.00514311 -0.0816731 8.29969e-05 0.00123984 -1.59252e-05
26.3 0.0634916 -0.00491339 -0.0944376 7.0596e-05 0.00128022 -1.58178e-05
26.31 0.0640061 -0.00466592 -0.10457 5.75705e-05 0.00132128 -1.56932e-05
26.32 0.0645061 -0.00440791 -0.111786 4.42927e-05 0.00136246 -1.54684e-05
26.33 0.0649927 -0.00414685 -0.115881 3.11943e-05 0.00140452 -1.52133e-05
26.34 0.0654701 -0.00389014 -0.116739 1.8717e-05 0.00144666 -1.49959e-05
26.35 0.0659395 -0.00364518 -0.114337 7.32458e-06 0.00148934 -1.4823e-05
26.36 0.0664045 -0.00341888 -0.10874 -2.56126e-06 0.00153226 -1.46317e-05
26.37 0.0668669 -0.00321759 -0.100106 -1.05589e-05 0.00157499 -1.43966e-05
26.38 0.067329 -0.00304683 -0.0886789 -1.63617e-05 0.00161802 -1.40714e-05
26.39 0.0677932 -0.00291102 -0.0747789 -1.97648e-05 0.00166012 -1.37068e-05
26.4 0.0682603 -0.00281355 -0.0587985 -2.06494e-05 0.00170213 -1.34142e-05
26.41 0.0687327 -0.00275649 -0.0411859 -1.90161e-05 0.00174274 -1.30953e-05
26.42 0.0692107 -0.00274077 -0.0224366 -1.4953e-05 0.00178237 -1.27951e-05
26.43 0.0696955 -0.00276593 -0.00307565 -8.65412e-06 0.00182034 -1.24116e-05
26.44 0.0701875 -0.00283022 0.0163553 -3.83395e-07 0.00185619 -1.19336e-05
26.45 0.0706862 -0.00293061 0.0353134 9.53495e-06 0.00189007 -1.14892e-05
26.46 0.0711924 -0.00306287 0.0532717 2.07393e-05 0.00192085 -1.10378e-05
26.47 0.0717043 -0.00322189 0.0697303 3.28593e-05 0.00194905 -1.06282e-05
26.48 0.0722222 -0.00340156 0.084235 4.55021e-05 0.00197363 -1.01881e-05
26.49 0.072744 -0.00359524 0.0963843 5.82927e-05 0.00199476 -9.67583e-06
26.5 0.073269 -0.00379565 0.105845 7.08475e-05 0.00201217 -9.11519e-06
26.51 0.0737956 -0.0039953 0.112358 8.28029e-05 0.00202529 -8.58419e-06
26.52 0.0743216 -0.00418671 0.115745 9.38232e-05 0.00203477 -8.08744e-06
26.53 0.0748463 -0.0043625 0.115917 0.000103626 0.00203957 -7.61597e-06
26.54 0.0753665 -0.00451564 0.11287 0.00011207 0.00204073 -7.15164e-06
26.55 0.0758819 -0.0046398 0.106692 0.000118751 0.00203749 -6.59746e-06
26.56 0.0763898 -0.00473088 0.0975547 0.000122447 0.00203049 -6.07991e-06
26.57 0.0768891 -0.00478622 0.0857113 0.000122131 0.00201987 -5.57198e-06
26.58 0.0773783 -0.00480185 0.0714903 0.000118951 0.00200553 -5.05526e-06
26.59 0.0778559 -0.00477327 0.055284 0.000115208 0.00198847 -4.57571e-06
26.6 0.0783215 -0.00469868 0.037542 0.000111663 0.00196812 -4.06959e-06
26.61 0.0787735 -0.0045795 0.0187539 0.000107471 0.00194573 -3.64233e-06
26.62 0.079212 -0.0044185 -0.000558471 0.000101538 0.00192097 -3.26945e-06
26.63 0.0796364 -0.00421937 -0.0198601 9.32718e-05 0.00189456 -2.87137e-06
26.64 0.0800462 -0.00398627 -0.0386141 8.26844e-05 0.00186692 -2.43857e-06
26.65 0.0804422 -0.00372414 -0.0562979 7.01867e-05 0.00183791 -1.96079e-06
26.66 0.0808232 -0.00343878 -0.0724188 5.63557e-05 0.00180865 -1.49271e-06
26.67 0.0811909 -0.00313664 -0.0865248 4.17715e-05 0.00177851 -1.08921e-06
26.68 0.0815439 -0.00282498 -0.0982215 2.69761e-05 0.00174859 -7.47159e-07
26.69 0.0818839 -0.00251131 -0.107179 1.24355e-05 0.00171853 -3.55985e-07
26.7 0.0822097 -0.00220327 -0.113147 -1.41028e-06 0.00168872 5.76151e-08
26.71 0.0825221 -0.00190822 -0.115955 -1.4124e-05 0.00165957 5.26946e-07
26.72 0.0828205 -0.00163296 -0.115525 -2.52589e-05 0.0016305 9.99355e-07
26.73 0.0831044 -0.00138365 -0.111867 -3.43774e-05 0.00160255 1.37449e-06
26.74 0.0833737 -0.00116554 -0.105084 -4.1125e-05 0.00157469 1.77683e-06
26.75 0.0836269 -0.000983044 -0.0953669 -4.52698e-05 0.00154786 2.17459e-06
26.76 0.0838634 -0.000839343 -0.0829891 -4.67537e-05 0.00152133 2.63308e-06
26.77 0.0840818 -0.000736492 -0.0682992 -4.56603e-05 0.0014953 3.14675e-06
26.78 0.08428 -0.00067521 -0.0517104 -4.21934e-05 0.00146978 3.61206e-06
26.79 0.0844575 -0.000654918 -0.0336884 -3.66219e-05 0.0014441 4.05372e-06
26.8 0.0846106 -0.000673843 -0.0147398 -2.92391e-05 0.00141882 4.48815e-06
26.81 0.084739 -0.000728871 0.00460588 -2.03647e-05 0.00139295 4.95445e-06
26.82 0.0848388 -0.000815853 0.0238067 -1.03079e-05 0.00136689 5.4713e-06
26.83 0.0849092 -0.000929521 0.0423282 6.02217e-07 0.0013401 6.02185e-06
26.84 0.0849466 -0.0010638 0.0596547 1.20397e-05 0.00131225 6.50859e-06
26.85 0.0849492 -0.00121202 0.0753057 2.36766e-05 0.00128366 6.97018e-06
26.86 0.0849146 -0.00136705 0.0888492 3.51752e-05 0.00125326 7.42821e-06
26.87 0.0848401 -0.00152158 0.0999106 4.62085e-05 0.00122197 7.88304e-06
26.88 0.084724 -0.00166823 0.108188 5.64386e-05 0.00118859 8.41298e-06
26.89 0.0845638 -0.00179987 0.113453 6.55435e-05 0.00115395 8.89713e-06
26.9 0.0843576 -0.00190975 0.115565 7.32081e-05 0.00111749 9.32667e-06
26.91 0.0841041 -0.00199189 0.114468 7.91476e-05 0.00107939 9.72939e-06
26.92 0.0838009 -0.00204111 0.110194 8.31088e-05 0.00104004 1.00776e-05
26.93 0.0834479 -0.00205327 0.102864 8.48826e-05 0.000999001 1.04739e-05
26.94 0.0830427 -0.00202535 0.0926801 8.43248e-05 0.000957256 1.08775e-05
26.95 0.082586 -0.00195546 0.0799269 8.13546e-05 0.000914365 1.12343e-05
26.96 0.082076 -0.00184308 0.0649557 7.59913e-05 0.000871114 1.15449e-05
26.97 0.0815136 -0.00168897 0.0481813 6.83348e-05 0.000827739 1.17999e-05
26.98 0.0808981 -0.00149519 0.0300676 5.85764e-05 0.000784278 1.2034e-05
26.99 0.0802299 -0.00126506 0.0111158 4.69886e-05 0.000741829 1.23009e-05
27 0.0795099 -0.0010029 -0.0081478 3.39002e-05 0.000699753 1.25723e-05
27.01 0.078738 -0.000714085 -0.0271896 1.97032e-05 0.000659536 1.27847e-05
27.02 0.0779159 -0.000404743 -0.0454786 4.82055e-06 0.000620486 1.29791e-05
27.03 0.0770437 -8.16145e-05 -0.0625061 -1.0259e-05 0.000583689 1.31075e-05
27.04 0.0761226 0.00024833 -0.0777958 -2.49488e-05 0.000549054 1.32462e-05
27.05 0.0751538 0.000577781 -0.0909198 -3.89558e-05 0.000516768 1.34301e-05
27.06 0.0741375 0.000898088 -0.10151 -5.28796e-05 0.000487482 1.35647e-05
27.07 0.0730755 0.0012004 -0.109269 -6.72103e-05 0.000460658 1.37156e-05
27.08 0.0719674 0.00147871 -0.113978 -8.037e-05 0.000437178 1.38625e-05
27.09 0.0708149 0.00172958 -0.115503 -8.97581e-05 0.000416471 1.40142e-05
27.1 0.0696177 0.0019489 -0.113801 -9.44313e-05 0.000398897 1.41787e-05
27.11 0.0683766 0.00213178 -0.10892 -9.52009e-05 0.000384487 1.4262e-05
27.12 0.067092 0.00227431 -0.100996 -9.32545e-05 0.000372687 1.42987e-05
27.13 0.0657634 0.00237417 -0.0902526 -8.94225e-05 0.000364199 1.43692e-05
27.14 0.064392 0.00243096 -0.0769917 -8.40602e-05 0.000357824 1.44985e-05
27.15 0.0629767 0.00244577 -0.0615874 -7.72382e-05 0.000354395 1.46782e-05
27.16 0.0615186 0.00242107 -0.0444718 -6.89786e-05 0.000352796 1.48567e-05
27.17 0.0600171 0.00236038 -0.0261264 -5.9371e-05 0.000353261 1.4945e-05
27.18 0.0584727 0.0022681 -0.00706532 -4.86186e-05 0.00035538 1.4987e-05
27.19 0.056886 0.00214952 0.0121783 -3.70352e-05 0.000358476 1.50723e-05
27.2 0.0552566 0.0020106 0.0310661 -2.49782e-05 0.000362867 1.51741e-05
27.21 0.0535861 0.00185804 0.0490733 -1.28056e-05 0.00036734 1.53424e-05
27.22 0.0518742 0.00169898 0.0656981 -8.2359e-07 0.000372371 1.54576e-05
27.23 0.0501229 0.00154079 0.0804812 1.06983e-05 0.000376992 1.54718e-05
27.24 0.0483328 0.0013908 0.0930136 2.1492e-05 0.000381162 1.54838e-05
27.25 0.0465053 0.00125603 0.102951 3.12506e-05 0.000384741 1.54659e-05
27.26 0.0446424 0.00114304 0.11002 3.9607e-05 0.000386957 1.55102e-05
27.27 0.0427453 0.00105763 0.114029 4.61758e-05 0.000388445 1.55543e-05
27.28 0.0408169 0.00100484 0.114869 5.05776e-05 0.000388137 1.55206e-05
27.29 0.0388584 0.000988564 0.11252 5.25166e-05 0.000386824 1.54155e-05
27.3 0.0368732 0.00101156 0.10705 5.17992e-05 0.000383891 1.52747e-05
27.31 0.0348631 0.00107538 0.0986106 4.83496e-05 0.000379607 1.51431e-05
27.32 0.032831 0.00118025 0.0874361 4.22271e-05 0.000374281 1.50425e-05
27.33 0.03078 0.00132527 0.0738368 3.35933e-05 0.000367463 1.49474e-05
27.34 0.0287122 0.00150819 0.0581878 2.27354e-05 0.000360199 1.47422e-05
27.35 0.0266314 0.0017256 0.0409231 1.00092e-05 0.000351759 1.4507e-05
27.36 0.0245397 0.00197293 0.0225194 -4.17766e-06 0.000343207 1.42269e-05
27.37 0.0224404 0.00224462 0.00348734 -1.93925e-05 0.000334241 1.39607e-05
27.38 0.0203362 0.00253441 -0.0156456 -3.51903e-05 0.00032525 1.37656e-05
27.39 0.0182295 0.00283542 -0.0343479 -5.11031e-05 0.000316739 1.35022e-05
27.4 0.0161236 0.00314054 -0.0520984 -6.66859e-05 0.000308294 1.32121e-05
27.41 0.0140197 0.00344229 -0.0684028 -8.15146e-05 0.000300948 1.28681e-05
27.42 0.0119214 0.00373337 -0.0828042 -9.52315e-05 0.000293988 1.25069e-05
27.43 0.00982941 0.00400664 -0.0949002 -0.000107515 0.00028825 1.22127e-05
27.44 0.0077466 0.00425554 -0.104351 -0.000118089 0.000283437 1.19387e-05
27.45 0.00567381 0.00447427 -0.110889 -0.000126718 0.00027957 1.1649e-05
27.46 0.00361267 0.00465779 -0.114333 -0.000133184 0.000277111 1.13177e-05
27.47 0.00156458 0.00480219 -0.114582 -0.000137333 0.000275242 1.09685e-05
27.48 -0.000470034 0.00490457 -0.111631 -0.000139036 0.000274866 1.0617e-05
27.49 -0.00248958 0.00496334 -0.105562 -0.000138236 0.000274906 1.035e-05
27.5 -0.00449395 0.00497824 -0.0965443 -0.000134926 0.000275984 1.00924e-05
27.51 -0.00648213 0.00495026 -0.0848329 -0.000129168 0.000277483 9.80392e-06
27.52 -0.00845333 0.00488171 -0.0707572 -0.000121116 0.000279192 9.51535e-06
27.53 -0.0104075 0.00477601 -0.0547134 -0.000110941 0.00028124 9.15457e-06
27.54 -0.0123429 0.00463805 -0.0371518 -9.87835e-05 0.000282657 8.86524e-06
27.55 -0.0142601 0.00447335 -0.0185663 -8.51715e-05 0.00028394 8.60075e-06
27.56 -0.0161567 0.00428663 0.000523444 -7.18021e-05 0.000284012 8.31835e-06
27.57 -0.018033 0.00408251 0.0195826 -6.02111e-05 0.000283029 8.0508e-06
27.58 -0.0198869 0.00386905 0.0380801 -4.92714e-05 0.000280518 7.77056e-06
27.59 -0.0217176 0.00365692 0.055501 -3.6486e-05 0.000275837 7.52917e-06
27.6 -0.0235237 0.00345464 0.0713615 -2.13805e-05 0.00026935 7.26434e-06
27.61 -0.0253031 0.00326831 0.0852235 -5.61613e-06 0.000259799 6.91116e-06
27.62 -0.027055 0.00310316 0.0967036 8.83228e-06 0.000247973 6.4721e-06
27.63 -0.028777 0.00296434 0.105487 2.05813e-05 0.000232707 6.07485e-06
27.64 -0.0304677 0.00285686 0.111334 2.90363e-05 0.000214508 5.73814e-06
27.65 -0.0321255 0.00278498 0.114084 3.41169e-05 0.000192993 5.45717e-06
27.66 -0.0337481 0.00275198 0.113666 3.59591e-05 0.000167978 5.16242e-06
27.67 -0.0353349 0.00275963 0.110092 3.47769e-05 0.000139998 4.71339e-06
27.68 -0.0368829 0.00280825 0.103464 3.07565e-05 0.000108404 4.2298e-06
27.69 -0.0383925 0.00289661 0.0939656 2.40936e-05 7.41309e-05 3.75156e-06
27.7 -0.0398608 0.00302223 0.0818615 1.5014e-05 3.67539e-05 3.33146e-06
27.71 -0.0412882 0.00318153 0.0674858 3.85365e-06 -3.15011e-06 2.98925e-06
27.72 -0.0426729 0.00336994 0.0512364 -8.92505e-06 -4.5198e-05 2.56119e-06
27.73 -0.0440147 0.00358212 0.0335631 -2.27781e-05 -8.95677e-05 2.05272e-06
27.74 -0.0453134 0.00381177 0.0149544 -3.71449e-05 -0.000135069 1.50387e-06
27.75 -0.0465686 0.00405215 -0.00407272 -5.1554e-05 -0.000182381 9.78097e-07
27.76 -0.047781 0.00429599 -0.0229914 -6.56264e-05 -0.000230112 5.41076e-07
27.77 -0.0489506 0.00453597 -0.0412745 -7.90888e-05 -0.000278764 1.4036e-07
27.78 -0.0500784 0.00476487 -0.0584134 -9.17205e-05 -0.000327493 -3.19142e-07
27.79 -0.0511654 0.00497567 -0.0739293 -0.000103303 -0.000376092 -8.43719e-07
27.8 -0.0522123 0.00516192 -0.0873877 -0.000113614 -0.000424587 -1.35785e-06
27.81 -0.0532216 0.00531781 -0.0984122 -0.0001224 -0.000472119 -1.83915e-06
27.82 -0.0541934 0.00543849 -0.106692 -0.000129411 -0.000519233 -2.19718e-06
27.83 -0.055131 0.0055202 -0.111994 -0.00013441 -0.000565048 -2.54564e-06
27.84 -0.0560348 0.00556026 -0.114169 -0.000137203 -0.000609903 -2.95644e-06
27.85 -0.0569078 0.0055572 -0.113155 -0.000137647 -0.000653595 -3.37432e-06
27.86 -0.0577512 0.00551075 -0.10898 -0.000135662 -0.000695752 -3.8224e-06
27.87 -0.058567 0.00542193 -0.101761 -0.000131242 -0.000737067 -4.16386e-06
27.88 -0.0593574 0.00529303 -0.091701 -0.000124451 -0.000776579 -4.42795e-06
27.89 -0.0601233 0.00512762 -0.0790826 -0.000115454 -0.000815438 -4.7054e-06
27.9 -0.0608671 0.00493028 -0.0642621 -0.000104508 -0.000852748 -5.01457e-06
27.91 -0.0615892 0.00470643 -0.0476553 -9.19748e-05 -0.000889371 -5.37102e-06
27.92 -0.0622911 0.00446224 -0.029729 -7.82928e-05 -0.000925132 -5.71105e-06
27.93 -0.0629739 0.0042044 -0.0109863 -6.3933e-05 -0.000960133 -5.9619e-06
27.94 -0.0636374 0.00394009 0.00804883 -4.93914e-05 -0.000995047 -6.15416e-06
27.95 -0.0642831 0.00367662 0.0268435 -3.514e-05 -0.00102939 -6.38051e-06
27.96 -0.0649099 0.00342121 0.0448752 -2.16291e-05 -0.00106416 -6.63814e-06
27.97 -0.0655191 0.00318077 0.0616413 -9.27045e-06 -0.00109893 -6.9512e-06
27.98 -0.0661094 0.00296158 0.0766782 1.58024e-06 -0.00113425 -7.24348e-06
27.99 -0.0666812 0.00276929 0.0895697 1.0617e-05 -0.00117036 -7.43835e-06
28 -0.0672342 0.00260864 0.0999607 1.76117e-05 -0.00120694 -7.64095e-06
28.01 -0.0677675 0.00248345 0.107567 2.24058e-05 -0.00124489 -7.85364e-06
28.02 -0.0682817 0.00239632 0.112179 2.49293e-05 -0.00128326 -8.12536e-06
28.03 -0.0687755 0.00234873 0.113674 2.52463e-05 -0.00132306 -8.45727e-06
28.04 -0.0692499 0.00234121 0.112013 2.36325e-05 -0.0013634 -8.71937e-06
28.05 -0.069704 0.00237275 0.107243 2.00037e-05 -0.00140464 -8.95845e-06
28.06 -0.0701386 0.00243916 0.0994992 1.29913e-05 -0.00144655 -9.19793e-06
28.07 -0.070554 0.00253425 0.0889955 1.51947e-06 -0.00148853 -9.44577e-06
28.08 -0.0709503 0.00265459 0.0760241 -1.22301e-05 -0.00153101 -9.69039e-06
28.09 -0.0713293 0.00279863 0.0609426 -2.43798e-05 -0.0015728 -9.88805e-06
28.1 -0.0716909 0.00296179 0.0441696 -3.34874e-05 -0.00161439 -1.00839e-05
28.11 -0.0720371 0.0031363 0.0261681 -4.06768e-05 -0.00165481 -1.03738e-05
28.12 -0.0723689 0.00331365 0.00743734 -4.7503e-05 -0.00169396 -1.07337e-05
28.13 -0.0726877 0.00348598 -0.0115033 -5.48801e-05 -0.00173161 -1.10272e-05
28.14 -0.0729957 0.00364638 -0.0301282 -6.28643e-05 -0.00176689 -1.12329e-05
28.15 -0.0732935 0.00378865 -0.0479182 -7.10255e-05 -0.00180025 -1.13099e-05
28.16 -0.0735842 0.00390721 -0.0643783 -7.87847e-05 -0.00183049 -1.13926e-05
28.17 -0.0738681 0.00399696 -0.0790474 -8.56078e-05 -0.00185816 -1.15918e-05
28.18 -0.0741482 0.00405344 -0.0915159 -9.11098e-05 -0.00188245 -1.17998e-05
28.19 -0.0744251 0.0040729 -0.101433 -9.50287e-05 -0.00190337 -1.19842e-05
28.2 -0.0747009 0.00405272 -0.10852 -9.72024e-05 -0.00192098 -1.20363e-05
28.21 -0.0749768 0.00399149 -0.112578 -9.74682e-05 -0.00193459 -1.19841e-05
28.22 -0.0752536 0.00388921 -0.113491 -9.56505e-05 -0.001945 -1.19806e-05
28.23 -0.0755327 0.00374718 -0.111234 -9.15761e-05 -0.00195124 -1.20372e-05
28.24 -0.0758142 0.00356782 -0.105868 -8.51617e-05 -0.0019542 -1.21251e-05
28.25 -0.0760988 0.00335471 -0.0975457 -7.65124e-05 -0.0019534 -1.21554e-05
28.26 -0.0763864 0.00311229 -0.0865005 -6.59228e-05 -0.00194913 -1.20684e-05
28.27 -0.0766763 0.002846 -0.0730431 -5.38758e-05 -0.00194181 -1.19171e-05
28.28 -0.0769687 0.00256192 -0.0575528 -4.09349e-05 -0.00193106 -1.18299e-05
28.29 -0.0772612 0.00226661 -0.040464 -2.76783e-05 -0.00191792 -1.17982e-05
28.3 -0.0775542 0.00196695 -0.0222577 -1.46408e-05 -0.00190187 -1.17736e-05
28.31 -0.0778444 0.00166985 -0.00344304 -2.27256e-06 -0.00188383 -1.1704e-05
28.32 -0.0781314 0.00138227 0.0154528 9.05035e-06 -0.00186386 -1.14896e-05
28.33 -0.0784122 0.00111081 0.0339028 1.90511e-05 -0.00184216 -1.12937e-05
28.34 -0.0786851 0.000861641 0.0513934 2.7525e-05 -0.00181961 -1.11474e-05
28.35 -0.0789478 0.000640113 0.0674381 3.43448e-05 -0.00179569 -1.10579e-05
28.36 -0.0791977 0.000450649 0.0815938 3.94297e-05 -0.00177177 -1.10131e-05
28.37 -0.0794331 0.000296661 0.0934685 4.27405e-05 -0.00174709 -1.08587e-05
28.38 -0.0796512 0.000180444 0.102737 4.42829e-05 -0.00172276 -1.06546e-05
28.39 -0.0798504 0.000103286 0.109144 4.40897e-05 -0.00169848 -1.04548e-05
28.4 -0.080029 6.5151e-05 0.112515 4.22415e-05 -0.00167451 -1.03262e-05
28.41 -0.0801846 6.48445e-05 0.112761 3.88269e-05 -0.00165126 -1.02613e-05
28.42 -0.0803171 9.99067e-05 0.109877 3.39604e-05 -0.00162818 -1.02006e-05
28.43 -0.0804239 0.000166754 0.103945 2.77755e-05 -0.00160599 -1.00486e-05
28.44 -0.0805058 0.000260957 0.0951293 2.04204e-05 -0.00158396 -9.84107e-06
28.45 -0.0805606 0.00037715 0.0836759 1.2094e-05 -0.00156241 -9.67532e-06
28.46 -0.0805893 0.000509394 0.0699012 3.02714e-06 -0.00154113 -9.53317e-06
28.47 -0.080591 0.000651124 0.0541864 -6.48165e-06 -0.00151957 -9.47781e-06
28.48 -0.0805659 0.000795507 0.0369667 -1.61001e-05 -0.00149825 -9.36069e-06
28.49 -0.0805146 0.000935641 0.0187177 -2.54673e-05 -0.00147596 -9.1499e-06
28.5 -0.0804368 0.00106479 -5.35703e-05 -3.4215e-05 -0.00145354 -8.92418e-06
28.51 -0.0803335 0.00117664 -0.0188276 -4.19871e-05 -0.0014298 -8.67916e-06
28.52 -0.0802047 0.0012653 -0.0370814 -4.84377e-05 -0.00140521 -8.51717e-06
28.53 -0.0800506 0.00132578 -0.0543074 -5.32151e-05 -0.00137928 -8.37005e-06
28.54 -0.0798721 0.00135414 -0.0700248 -5.58743e-05 -0.00135174 -8.15244e-06
28.55 -0.0796683 0.00134729 -0.0837935 -5.64869e-05 -0.00132291 -7.87402e-06
28.56 -0.0794405 0.00130119 -0.0952287 -5.65278e-05 -0.00129201 -7.57008e-06
28.57 -0.0791871 0.00121219 -0.104008 -5.73148e-05 -0.0012597 -7.2688e-06
28.58 -0.0789092 0.00108163 -0.109886 -5.70257e-05 -0.00122539 -6.94948e-06
28.59 -0.0786049 0.000914721 -0.112695 -5.22264e-05 -0.00118936 -6.58624e-06
28.6 -0.0782741 0.000715661 -0.112356 -4.1997e-05 -0.0011518 -6.1883e-06
28.61 -0.0779156 0.000486941 -0.108879 -2.80234e-05 -0.00111228 -5.89421e-06
28.62 -0.0775278 0.000231724 -0.10236 -1.25045e-05 -0.00107178 -5.63743e-06
28.63 -0.0771099 -4.53175e-05 -0.092984 2.96619e-06 -0.00102945 -5.33949e-06
28.64 -0.0766592 -0.000338038 -0.0810129 1.76288e-05 -0.000986532 -4.96778e-06
28.65 -0.0761747 -0.000639354 -0.066785 3.12225e-05 -0.000942436 -4.45649e-06
28.66 -0.0756539 -0.000941915 -0.0506999 4.36825e-05 -0.000897932 -3.99609e-06
28.67 -0.0750946 -0.00123842 -0.0332096 5.49354e-05 -0.000853242 -3.62334e-06
28.68 -0.0744952 -0.00152209 -0.0148052 6.48402e-05 -0.000808385 -3.30807e-06
28.69 -0.0738527 -0.00178668 0.00399865 7.31952e-05 -0.000764315 -2.99156e-06
28.7 -0.073166 -0.00202656 0.0226752 7.98061e-05 -0.000720631 -2.56772e-06
28.71 -0.072432 -0.00223682 0.0407049 8.45741e-05 -0.000678402 -2.08574e-06
28.72 -0.0716498 -0.00241318 0.0575851 8.75147e-05 -0.000637476 -1.6564e-06
28.73 -0.0708173 -0.00255242 0.0728483 8.87629e-05 -0.000598335 -1.33188e-06
28.74 -0.0699334 -0.0026524 0.0860722 8.84686e-05 -0.000561522 -1.05549e-06
28.75 -0.0689973 -0.00271222 0.0968918 8.67473e-05 -0.000526692 -7.80647e-07
28.76 -0.0680078 -0.00273223 0.105011 8.36331e-05 -0.000494926 -4.0525e-07
28.77 -0.0669656 -0.00271389 0.110206 7.9092e-05 -0.000465435 -4.46546e-09
28.78 -0.0658698 -0.00265991 0.112338 7.30927e-05 -0.000439177 3.09721e-07
28.79 -0.0647218 -0.00257397 0.111349 6.56511e-05 -0.000415608 5.70518e-07
28.8 -0.0635222 -0.00246082 0.10727 5.68944e-05 -0.00039492 7.61536e-07
28.81 -0.0622722 -0.00232596 0.100215 4.70497e-05 -0.000377232 1.01145e-06
28.82 -0.0609739 -0.0021755 0.0903798 3.6443e-05 -0.000361846 1.35864e-06
28.83 -0.0596284 -0.00201593 0.0780381 2.54608e-05 -0.000349365 1.68646e-06
28.84 -0.0582388 -0.00185396 0.0635302 1.45323e-05 -0.000338702 1.97778e-06
28.85 -0.0568063 -0.00169646 0.0472588 4.10965e-06 -0.000330313 2.1862e-06
28.86 -0.0553341 -0.00155008 0.0296731 -5.3728e-06 -0.00032346 2.37388e-06
28.87 -0.0538243 -0.00142118 0.0112606 -1.35034e-05 -0.000317895 2.6458e-06
28.88 -0.0522791 -0.00131544 -0.00746811 -1.99408e-05 -0.000313632 2.98445e-06
28.89 -0.0507015 -0.00123774 -0.0259936 -2.44092e-05 -0.0003097 3.31643e-06
28.9 -0.0490927 -0.00119208 -0.0437996 -2.67225e-05 -0.000306639 3.59818e-06
28.91 -0.047456 -0.00118143 -0.060391 -2.68007e-05 -0.000303317 3.81908e-06
28.92 -0.045792 -0.00120778 -0.0753033 -2.46589e-05 -0.000300147 4.03379e-06
28.93 -0.0441035 -0.00127189 -0.08812 -2.04147e-05 -0.000296545 4.36116e-06
28.94 -0.0423913 -0.00137328 -0.0984813 -1.42574e-05 -0.00029227 4.71596e-06
28.95 -0.0406568 -0.00151029 -0.106096 -6.43018e-06 -0.000287594 5.07179e-06
28.96 -0.0389013 -0.00168009 -0.110749 2.79475e-06 -0.000281652 5.38043e-06
28.97 -0.0371249 -0.0018789 -0.11231 1.31354e-05 -0.000275245 5.60395e-06
28.98 -0.0353291 -0.00210203 -0.110734 2.42973e-05 -0.000267465 5.89025e-06
28.99 -0.0335137 -0.00234401 -0.106064 3.59844e-05 -0.00025895 6.22749e-06
29 -0.0316792 -0.00259868 -0.0984325 4.78929e-05 -0.000249411 6.59544e-06
29.01 -0.0298262 -0.00285946 -0.0880534 5.97291e-05 -0.000238831 6.95013e-06
29.02 -0.0279539 -0.00311954 -0.0752185 7.11978e-05 -0.000227758 7.21311e-06
29.03 -0.0260637 -0.00337204 -0.0602899 8.20523e-05 -0.000215608 7.43323e-06
29.04 -0.0241544 -0.00361013 -0.0436861 9.21657e-05 -0.000203366 7.68942e-06
29.05 -0.0222276 -0.00382745 -0.0258744 0.000101096 -0.000190481 7.97557e-06
29.06 -0.0202822 -0.00401982 -0.00735337 0.000107431 -0.000177658 8.25704e-06
29.07 -0.0183199 -0.00418435 0.0113582 0.00010996 -0.000165001 8.51343e-06
29.08 -0.0163407 -0.00431622 0.0297379 0.000109967 -0.000152464 8.71915e-06
29.09 -0.0143456 -0.00440958 0.047274 0.000110049 -0.000140933 8.94101e-06
29.1 -0.0123361 -0.00446134 0.0634786 0.000111005 -0.000129745 9.1548e-06
29.11 -0.0103131 -0.00447169 0.0779037 0.00011175 -0.000120074 9.26408e-06
29.12 -0.00827893 -0.00444218 0.0901496 0.000110909 -0.000111254 9.3394e-06
29.13 -0.00623528 -0.00437509 0.0998803 0.000107662 -0.000104008 9.38433e-06
29.14 -0.0041845 -0.00427309 0.106828 0.000101899 -9.82321e-05 9.4633e-06
29.15 -0.00212972 -0.00413962 0.110804 9.39556e-05 -9.37922e-05 9.61862e-06
29.16 -7.28246e-05 -0.00397899 0.111701 8.43444e-05 -9.11992e-05 9.71395e-06
29.17 0.00198172 -0.00379637 0.109497 7.35945e-05 -8.96799e-05 9.75128e-06
29.18 0.00403225 -0.0035978 0.104254 6.21835e-05 -8.98483e-05 9.72186e-06
29.19 0.00607388 -0.00338984 0.0961191 5.0524e-05 -9.0958e-05 9.67772e-06
29.2 0.0081045 -0.00317938 0.0853186 3.90118e-05 -9.30501e-05 9.69596e-06
29.21 0.0101199 -0.00297323 0.0721515 2.80616e-05 -9.59846e-05 9.75645e-06
29.22 0.0121172 -0.00277788 0.0569817 1.81238e-05 -9.89393e-05 9.77964e-06
29.23 0.0140933 -0.00259944 0.0402299 9.65918e-06 -0.000102417 9.74358e-06
29.24 0.0160449 -0.00244334 0.0223584 3.04789e-06 -0.000105079 9.67484e-06
29.25 0.0179699 -0.0023144 0.00386383 -1.44556e-06 -0.000107552 9.59178e-06
29.26 0.0198655 -0.00221648 -0.014742 -3.72575e-06 -0.000108709 9.60609e-06
29.27 0.0217299 -0.00215245 -0.0329413 -3.84048e-06 -0.000108668 9.62561e-06
29.28 0.0235616 -0.00212411 -0.0502277 -1.94309e-06 -0.000107061 9.61233e-06
29.29 0.0253586 -0.00213206 -0.0661193 1.75682e-06 -0.000103283 9.57535e-06
29.3 0.027121 -0.00217583 -0.0801712 7.04446e-06 -9.76815e-05 9.47209e-06
29.31 0.0288469 -0.00225371 -0.0919908 1.36971e-05 -8.93219e-05 9.43528e-06
29.32 0.0305375 -0.00236296 -0.101245 2.15038e-05 -7.86907e-05 9.44898e-06
29.33 0.0321912 -0.00249968 -0.107675 3.02327e-05 -6.52278e-05 9.46367e-06
29.34 0.0338096 -0.00265916 -0.111099 3.9652e-05 -4.89227e-05 9.45951e-06
29.35 0.0353924 -0.00283598 -0.111419 4.95144e-05 -3.00576e-05 9.38552e-06
29.36 0.0369404 -0.0030241 -0.108628 5.95623e-05 -7.94674e-06 9.28991e-06
29.37 0.0384545 -0.00321724 -0.102801 6.95413e-05 1.64229e-05 9.23403e-06
29.38 0.0399352 -0.00340871 -0.0941034 7.91726e-05 4.39836e-05 9.21893e-06
29.39 0.0413839 -0.00359195 -0.0827797 8.81891e-05 7.36758e-05 9.17797e-06
29.4 0.0428009 -0.00376046 -0.0691489 9.63009e-05 0.000105987 9.1097e-06
29.41 0.0441872 -0.00390825 -0.0535941 0.000103223 0.000140408 8.95901e-06
29.42 0.0455438 -0.00402995 -0.0365521 0.000108684 0.000176588 8.78682e-06
29.43 0.0468706 -0.00412091 -0.018502 0.000112435 0.000214686 8.67497e-06
29.44 0.048169 -0.0041774 5.16956e-05 0.000114286 0.000253747 8.53509e-06
29.45 0.049438 -0.00419661 0.0185889 0.000114098 0.000294141 8.41288e-06
29.46 0.050679 -0.00417691 0.0365935 0.000111819 0.00033498 8.21098e-06
29.47 0.0518909 -0.00411776 0.0535637 0.000107476 0.000376199 7.94045e-06
29.48 0.0530738 -0.00401988 0.0690287 0.000101185 0.000417585 7.69309e-06
29.49 0.0542272 -0.00388509 0.0825608 9.31323e-05 0.000458334 7.44559e-06
29.5 0.0553499 -0.00371627 0.0937859 8.35655e-05 0.000498984 7.22359e-06
29.51 0.056442 -0.00351733 0.102396 7.27985e-05 0.000538307 6.97011e-06
29.52 0.0575014 -0.00329299 0.108155 6.11722e-05 0.000577091 6.65638e-06
29.53 0.058528 -0.00304879 0.110907 4.90815e-05 0.000614394 6.29218e-06
29.54 0.0595201 -0.00279076 0.110578 3.69543e-05 0.0006506 5.96282e-06
29.55 0.0604768 -0.00252532 0.10718 2.51204e-05 0.000685599 5.64314e-06
29.56 0.0613973 -0.00225956 0.100808 1.35883e-05 0.000719102 5.34157e-06
29.57 0.0622801 -0.00200063 0.0916395 2.38117e-06 0.000751792 5.03853e-06
29.58 0.0631252 -0.0017547 0.07993 -7.75545e-06 0.000783035 4.6654e-06
29.59 0.0639311 -0.0015268 0.0660023 -1.57511e-05 0.000813714 4.33212e-06
29.6 0.0646985 -0.00132198 0.0502428 -2.11486e-05 0.000843506 3.99293e-06
29.61 0.0654268 -0.00114508 0.0330869 -2.41501e-05 0.000872812 3.65773e-06
29.62 0.0661162 -0.00100013 0.0150098 -2.5114e-05 0.00090206 3.35289e-06
29.63 0.0667679 -0.000889978 -0.00348715 -2.42964e-05 0.000930928 3.01203e-06
29.64 0.067382 -0.000816097 -0.0218912 -2.18063e-05 0.000960446 2.69345e-06
29.65 0.0679607 -0.000778854 -0.0396896 -1.76723e-05 0.000989932 2.40032e-06
29.66 0.0685045 -0.000777325 -0.0563876 -1.19506e-05 0.00102038 2.11302e-06
29.67 0.0690161 -0.000809599 -0.0715183 -4.74095e-06 0.00105141 1.84188e-06
29.68 0.0694968 -0.000872685 -0.0846588 3.77119e-06 0.00108333 1.56906e-06
29.69 0.069949 -0.000962652 -0.0954409 1.33365e-05 0.00111646 1.27411e-06
29.7 0.0703752 -0.00107481 -0.103561 2.36619e-05 0.0011503 9.93243e-07
29.71 0.0707771 -0.00120363 -0.108792 3.44244e-05 0.00118565 7.40472e-07
29.72 0.0711579 -0.00134314 -0.110985 4.53124e-05 0.00122165 4.69895e-07
29.73 0.071519 -0.00148686 -0.110078 5.60068e-05 0.00125897 2.3139e-07
29.74 0.0718632 -0.0016282 -0.106096 6.61881e-05 0.00129706 -4.3673e-08
29.75 0.0721924 -0.00176063 -0.0991509 7.55228e-05 0.00133587 -3.44424e-07
29.76 0.0725081 -0.00187784 -0.0894383 8.36699e-05 0.0013755 -6.11383e-07
29.77 0.0728128 -0.001974 -0.0772307 9.02986e-05 0.00141516 -9.13399e-07
29.78 0.0731067 -0.00204387 -0.0628727 9.51058e-05 0.00145537 -1.18485e-06
29.79 0.0733924 -0.00208298 -0.0467668 9.78536e-05 0.00149507 -1.47134e-06
29.8 0.0736695 -0.00208775 -0.0293665 9.8372e-05 0.00153457 -1.79745e-06
29.81 0.0739398 -0.00205566 -0.0111589 9.65808e-05 0.00157324 -2.12102e-06
29.82 0.0742028 -0.00198528 0.00734578 9.24793e-05 0.00161064 -2.45628e-06
29.83 0.0744591 -0.0018763 0.0256304 8.6146e-05 0.00164691 -2.79532e-06
29.84 0.0747087 -0.00172967 0.0431861 7.77446e-05 0.0016809 -3.12493e-06
29.85 0.0749509 -0.00154733 0.0595236 6.74958e-05 0.00171322 -3.46924e-06
29.86 0.0751858 -0.00133239 0.0741912 5.56879e-05 0.00174261 -3.85032e-06
29.87 0.0754122 -0.00108894 0.0867823 4.26472e-05 0.00176952 -4.21252e-06
29.88 0.0756297 -0.000821893 0.0969507 2.87338e-05 0.00179327 -4.59239e-06
29.89 0.0758375 -0.000536923 0.104417 1.43359e-05 0.00181369 -4.96355e-06
29.9 0.0760342 -0.000240173 0.108977 -1.59602e-07 0.00183093 -5.30425e-06
29.91 0.0762199 6.17954e-05 0.110508 -1.43616e-05 0.00184432 -5.6877e-06
29.92 0.0763924 0.000362321 0.108969 -2.78996e-05 0.00185451 -6.04893e-06
29.93 0.0765524 0.000654739 0.104406 -4.04176e-05 0.00186089 -6.40332e-06
29.94 0.0766979 0.000932682 0.0969464 -5.1596e-05 0.00186394 -6.76181e-06
29.95 0.0768294 0.00119021 0.0867974 -6.11497e-05 0.00186376 -7.06247e-06
29.96 0.0769459 0.00142201 0.0742404 -6.88355e-05 0.00186018 -7.3718e-06
29.97 0.0770475 0.00162361 0.0596225 -7.44597e-05 0.00185415 -7.67205e-06
29.98 0.0771342 0.00179138 0.0433492 -7.78761e-05 0.00184498 -7.95061e-06
29.99 0.077206 0.00192279 0.0258696 -7.90145e-05 0.00183399 -8.22425e-06
30 0.0772636 0.00201635 0.00766903 -7.78616e-05 0.00182057 -8.46605e-06
30.01 0.0773074 0.00207174 -0.0107485 -7.44754e-05 0.00180567 -8.66813e-06
30.02 0.077338 0.00208987 -0.0288711 -6.89838e-05 0.00178935 -8.8656e-06
30.03 0.0773566 0.00207263 -0.0461942 -6.16089e-05 0.00177177 -9.05691e-06
30.04 0.0773632 0.00202286 -0.0622356 -5.27184e-05 0.00175365 -9.21435e-06
30.05 0.0773598 0.00194448 -0.0765461 -4.24865e-05 0.00173463 -9.38481e-06
30.06 0.077346 0.00184344 -0.0887262 -3.03903e-05 0.00171559 -9.49013e-06
30.07 0.0773239 0.00172682 -0.0984332 -1.60753e-05 0.0016962 -9.59156e-06
30.08 0.0772928 0.00160014 -0.105395 -1.01539e-06 0.00167687 -9.74757e-06
30.09 0.077254 0.00146766 -0.109415 1.23728e-05 0.00165785 -9.89405e-06
30.1 0.0772074 0.00133506 -0.11038 2.30571e-05 0.00163872 -1.00374e-05
30.11 0.0771529 0.00120952 -0.108261 3.14626e-05 0.00162034 -1.00778e-05
30.12 0.0770907 0.00109812 -0.103119 3.83134e-05 0.00160176 -1.00485e-05
30.13 0.0770197 0.00100717 -0.0950975 4.40149e-05 0.0015839 -1.00748e-05
30.14 0.0769397 0.000941852 -0.084422 4.85525e-05 0.00156594 -1.0179e-05
30.15 0.0768493 0.000906255 -0.0713933 5.16795e-05 0.00154822 -1.03366e-05
30.16 0.0767473 0.000903595 -0.0563777 5.30911e-05 0.00153054 -1.04686e-05
30.17 0.0766327 0.000936069 -0.039797 5.25644e-05 0.00151245 -1.05027e-05
30.18 0.0765029 0.00100508 -0.0221172 4.99845e-05 0.00149432 -1.04851e-05
30.19 0.0763574 0.00111095 -0.00383291 4.53624e-05 0.00147524 -1.05357e-05
30.2 0.0761931 0.00125288 0.0145434 3.87867e-05 0.00145564 -1.06509e-05
30.21 0.0760091 0.00142891 0.0324998 3.03765e-05 0.00143485 -1.08083e-05
30.22 0.0758027 0.00163587 0.0495357 2.02676e-05 0.00141272 -1.09356e-05
30.23 0.0755722 0.00186969 0.0651779 8.59926e-06 0.00138933 -1.09382e-05
30.24 0.0753159 0.0021254 0.0789939 -4.42653e-06 0.00136383 -1.09476e-05
30.25 0.0750314 0.00239743 0.0906012 -1.85235e-05 0.00133692 -1.09878e-05
30.26 0.0747177 0.00267963 0.0996815 -3.32892e-05 0.00130751 -1.10811e-05
30.27 0.0743725 0.00296551 0.105985 -4.82447e-05 0.00127636 -1.12144e-05
30.28 0.0739949 0.00324844 0.109341 -6.28744e-05 0.00124284 -1.12418e-05
30.29 0.0735834 0.00352182 0.109658 -7.66734e-05 0.00120718 -1.12058e-05
30.3 0.0731369 0.00377945 0.106931 -8.91941e-05 0.00116963 -1.11473e-05
30.31 0.072655 0.00401547 0.101237 -0.000100046 0.00112982 -1.11272e-05
30.32 0.0721363 0.00422468 0.0927338 -0.000108933 0.00108864 -1.11536e-05
30.33 0.0715815 0.00440258 0.0816593 -0.000115633 0.00104557 -1.11696e-05
30.34 0.0709893 0.00454557 0.0683187 -0.000120014 0.00100152 -1.10835e-05
30.35 0.0703605 0.00465121 0.0530822 -0.000122033 0.00095646 -1.09242e-05
30.36 0.0696949 0.00471809 0.0363709 -0.000121717 0.000910704 -1.07707e-05
30.37 0.0689928 0.00474602 0.0186474 -0.000119173 0.000865006 -1.06217e-05
30.38 0.0682552 0.00473583 0.000403546 -0.00011455 0.000819035 -1.05449e-05
30.39 0.0674817 0.00468948 -0.0178554 -0.000108043 0.000774009 -1.04015e-05
30.4 0.0666741 0.00460996 -0.0356208 -9.98864e-05 0.00072943 -1.01674e-05
30.41 0.0658318 0.00450129 -0.0523989 -9.03418e-05 0.000686291 -9.90177e-06
30.42 0.0649562 0.00436835 -0.0677208 -7.96972e-05 0.000644547 -9.6043e-06
30.43 0.0640475 0.00421665 -0.0811585 -6.8244e-05 0.00060443 -9.38512e-06
30.44 0.0631059 0.00405226 -0.0923357 -5.62975e-05 0.00056659 -9.18492e-06
30.45 0.0621322 0.00388145 -0.100938 -4.41735e-05 0.000530521 -8.93187e-06
30.46 0.0611257 0.00371071 -0.106724 -3.2218e-05 0.000497212 -8.62056e-06
30.47 0.0600873 0.00354652 -0.10953 -2.07756e-05 0.00046598 -8.27048e-06
30.48 0.0590159 0.00339509 -0.109277 -1.01883e-05 0.000437475 -7.94284e-06
30.49 0.0579118 0.00326223 -0.105971 -7.90033e-07 0.000411465 -7.68172e-06
30.5 0.0567743 0.00315299 -0.0997048 7.13013e-06 0.000387797 -7.44849e-06
30.51 0.0556024 0.00307175 -0.0906554 1.33062e-05 0.000366885 -7.15039e-06
30.52 0.0543964 0.00302191 -0.0790762 1.75305e-05 0.00034789 -6.83149e-06
30.53 0.0531543 0.00300583 -0.0652941 1.95496e-05 0.000331475 -6.47622e-06
30.54 0.0518768 0.00302427 -0.0496957 1.89746e-05 0.000316723 -6.16197e-06
30.55 0.0505619 0.00307726 -0.0327198 1.61018e-05 0.000303887 -5.92217e-06
30.56 0.04921 0.0031667 -0.0148424 1.32249e-05 0.000292584 -5.6239e-06
30.57 0.0478203 0.00329443 0.00343612 1.23705e-05 0.000282272 -5.34596e-06
30.58 0.0463924 0.00345594 0.0216042 1.0941e-05 0.000273255 -5.11396e-06
30.59 0.0449267 0.0036416 0.0391561 3.99973e-06 0.000264401 -4.95093e-06
30.6 0.0434227 0.00384429 0.0556026 -9.79836e-06 0.000256285 -4.77149e-06
30.61 0.0418814 0.00406014 0.0704884 -2.80119e-05 0.000247848 -4.41479e-06
30.62 0.0403032 0.00428525 0.0834009 -4.74982e-05 0.000239303 -3.93768e-06
30.63 0.0386888 0.00451446 0.0939843 -6.60276e-05 0.000230274 -3.52072e-06
30.64 0.03704 0.00474116 0.101948 -8.25904e-05 0.000220304 -3.28915e-06
30.65 0.0353571 0.00495821 0.107074 -9.69462e-05 0.000209782 -3.1682e-06
30.66 0.0336431 0.00515858 0.109223 -0.000109137 0.000197864 -3.01241e-06
30.67 0.0318984 0.00533597 0.108338 -0.00011922 0.000185223 -2.63929e-06
30.68 0.0301264 0.00548522 0.104447 -0.000127149 0.000171291 -2.14952e-06
30.69 0.0283281 0.00560219 0.0976571 -0.000132799 0.000156375 -1.73921e-06
30.7 0.0265065 0.00568383 0.0881589 -0.00013606 0.000140703 -1.4526e-06
30.71 0.0246638 0.00572789 0.0762156 -0.000136948 0.000123919 -1.28292e-06
30.72 0.0228022 0.00573307 0.0621572 -0.00013567 0.00010701 -1.00029e-06
30.73 0.0209247 0.00569905 0.0463736 -0.000132577 8.92434e-05 -5.2299e-07
30.74 0.0190332 0.00562674 0.0293006 -0.000128054 7.17848e-05 1.3755e-08
30.75 0.0171306 0.00551819 0.0114119 -0.000122394 5.41546e-05 4.96262e-07
30.76 0.0152189 0.00537647 -0.00679692 -0.000115724 3.70175e-05 8.26074e-07
30.77 0.0133002 0.00520563 -0.0248202 -0.00010805 2.05895e-05 1.1062e-06
30.78 0.0113772 0.00501041 -0.0421563 -9.93107e-05 4.78089e-06 1.51651e-06
30.79 0.00945076 0.00479642 -0.0583228 -8.95013e-05 -9.61664e-06 2.07297e-06
30.8 0.00752395 0.00456974 -0.0728673 -7.87048e-05 -2.31003e-05 2.65223e-06
30.81 0.00559673 0.00433679 -0.0853839 -6.71191e-05 -3.49079e-05 3.12725e-06
30.82 0.00367186 0.00410406 -0.0955207 -5.50499e-05 -4.52976e-05 3.45214e-06
30.83 0.00174928 0.00387777 -0.102994 -4.2871e-05 -5.41575e-05 3.74329e-06
30.84 -0.000169396 0.00366396 -0.107592 -3.10192e-05 -6.10965e-05 4.18357e-06
30.85 -0.00208365 0.00346827 -0.109186 -1.99464e-05 -6.68051e-05 4.71016e-06
30.86 -0.00399309 0.00329586 -0.10773 -1.00972e-05 -7.04064e-05 5.24031e-06
30.87 -0.00589677 0.00315109 -0.103265 -1.86732e-06 -7.2964e-05 5.64628e-06
30.88 -0.0077948 0.00303733 -0.0959165 4.42792e-06 -7.37263e-05 5.89012e-06
30.89 -0.00968641 0.00295686 -0.0858905 8.5717e-06 -7.3465e-05 6.17949e-06
30.9 -0.0115712 0.00291087 -0.0734695 1.04585e-05 -7.21239e-05 6.5637e-06
30.91 -0.0134492 0.00289956 -0.059003 1.0087e-05 -6.98117e-05 7.03415e-06
30.92 -0.0153188 0.00292206 -0.0428972 7.57555e-06 -6.72361e-05 7.47573e-06
30.93 -0.0171806 0.00297642 -0.0256051 3.13914e-06 -6.40557e-05 7.75602e-06
30.94 -0.0190323 0.00305961 -0.00761037 -2.92621e-06 -6.12434e-05 7.93811e-06
30.95 -0.0208741 0.00316754 0.0105823 -1.02784e-05 -5.86211e-05 8.1616e-06
30.96 -0.0227037 0.00329545 0.0284657 -1.85732e-05 -5.67481e-05 8.48824e-06
30.97 -0.0245203 0.00343792 0.0455413 -2.74619e-05 -5.61114e-05 8.87193e-06
30.98 -0.026322 0.00358918 0.0613343 -3.66216e-05 -5.65233e-05 9.20565e-06
30.99 -0.0281066 0.00374312 0.0754078 -4.57444e-05 -5.91027e-05 9.37708e-06
31 -0.0298727 0.00389336 0.0873718 -5.45489e-05 -6.31683e-05 9.49944e-06
31.01 -0.0316175 0.00403367 0.096898 -6.27979e-05 -6.99079e-05 9.6918e-06
31.02 -0.0333394 0.00415804 0.103724 -7.029e-05 -7.87585e-05 9.96961e-06
31.03 -0.0350357 0.00426088 0.107664 -7.70017e-05 -9.03104e-05 1.03259e-05
31.04 -0.0367041 0.00433644 0.108612 -8.32261e-05 -0.000104581 1.05829e-05
31.05 -0.0383429 0.00438041 0.106543 -8.83688e-05 -0.000121306 1.0744e-05
31.06 -0.0399491 0.00439369 0.101518 -8.89722e-05 -0.000141009 1.09372e-05
31.07 -0.0415218 0.00437984 0.0936764 -8.21201e-05 -0.000162922 1.11461e-05
31.08 -0.0430579 0.0043355 0.0832363 -7.19049e-05 -0.000187522 1.13275e-05
31.09 -0.0445568 0.00425223 0.0704865 -6.60434e-05 -0.000214201 1.14069e-05
31.1 -0.0460163 0.00412773 0.0557804 -6.70109e-05 -0.000242811 1.15167e-05
31.11 -0.0474356 0.0039665 0.039525 -7.17379e-05 -0.000273365 1.18417e-05
31.12 -0.0488139 0.00377483 0.0221698 -7.62013e-05 -0.00030496 1.23362e-05
31.13 -0.05015 0.0035584 0.00419646 -7.7791e-05 -0.000338129 1.27476e-05
31.14 -0.0514444 0.00332178 -0.0138973 -7.57787e-05 -0.000371663 1.29108e-05
31.15 -0.052696 0.00306926 -0.0316078 -7.0592e-05 -0.000406056 1.28847e-05
31.16 -0.0539059 0.00280539 -0.0484427 -6.30767e-05 -0.000440479 1.28831e-05
31.17 -0.055074 0.00253546 -0.0639321 -5.40787e-05 -0.000474846 1.31536e-05
31.18 -0.0562012 0.00226549 -0.0776432 -4.42287e-05 -0.000509109 1.3546e-05
31.19 -0.0572888 0.00200189 -0.0891925 -3.39791e-05 -0.000542526 1.38452e-05
31.2 -0.0583371 0.00175095 -0.098255 -2.36944e-05 -0.000575647 1.39177e-05
31.21 -0.0593484 0.00151828 -0.104577 -1.3818e-05 -0.000607545 1.37959e-05
31.22 -0.0603232 0.00130863 -0.107979 -4.94061e-06 -0.000638759 1.37912e-05
31.23 -0.0612635 0.00112577 -0.108367 2.26906e-06 -0.000668829 1.39877e-05
31.24 -0.0621708 0.000972758 -0.105727 7.22861e-06 -0.000697752 1.42711e-05
31.25 -0.063046 0.000851709 -0.100134 9.64272e-06 -0.000725851 1.44408e-05
31.26 -0.0638915 0.00076377 -0.0917459 9.57444e-06 -0.000752552 1.43699e-05
31.27 -0.0647072 0.000709011 -0.0807973 7.40793e-06 -0.000778697 1.41954e-05
31.28 -0.0654956 0.000686339 -0.0675975 3.71877e-06 -0.00080364 1.41448e-05
31.29 -0.0662564 0.000693848 -0.0525166 -8.99753e-07 -0.0008281 1.42736e-05
31.3 -0.0669913 0.000728638 -0.035979 -5.91552e-06 -0.000851978 1.44185e-05
31.31 -0.0677 0.00078704 -0.0184486 -1.09304e-05 -0.000875371 1.44191e-05
31.32 -0.0683829 0.000864466 -0.000416065 -1.56625e-05 -0.000898955 1.41817e-05
31.33 -0.0690404 0.000955594 0.0176136 -1.99393e-05 -0.000922228 1.38962e-05
31.34 -0.0696715 0.0010547 0.0351385 -2.36853e-05 -0.000946287 1.37792e-05
31.35 -0.0702766 0.00115586 0.0516696 -2.68863e-05 -0.000970544 1.37812e-05
31.36 -0.0708547 0.00125331 0.0667492 -2.95759e-05 -0.000995841 1.38209e-05
31.37 -0.071405 0.00134131 0.0799591 -3.17768e-05 -0.00102207 1.36669e-05
31.38 -0.0719274 0.00141436 0.0909349 -3.34971e-05 -0.00104934 1.33356e-05
31.39 -0.0724202 0.00146726 0.0993751 -3.47012e-05 -0.00107818 1.30418e-05
31.4 -0.072884 0.00149543 0.105048 -3.53255e-05 -0.00110804 1.28881e-05
31.41 -0.0733166 0.00149519 0.1078 -3.52705e-05 -0.00113967 1.28909e-05
31.42 -0.0737192 0.00146379 0.107556 -3.43897e-05 -0.00117241 1.28567e-05
31.43 -0.0740902 0.00139953 0.104327 -3.25266e-05 -0.00120657 1.26472e-05
31.44 -0.0744304 0.00130151 0.0982036 -2.95165e-05 -0.00124198 1.22999e-05
31.45 -0.0747394 0.00116985 0.0893555 -2.52565e-05 -0.0012781 1.20233e-05
31.46 -0.0750178 0.00100575 0.0780293 -1.97231e-05 -0.00131537 1.18909e-05
31.47 -0.0752664 0.000811494 0.0645377 -1.29899e-05 -0.00135263 1.18688e-05
31.48 -0.0754858 0.000590458 0.0492552 -5.23344e-06 -0.0013905 1.17916e-05
31.49 -0.0756775 0.000346732 0.0326037 3.30489e-06 -0.00142782 1.14991e-05
31.5 -0.0758426 8.508e-05 0.015045 1.23139e-05 -0.00146481 1.11567e-05
31.51 -0.0759826 -0.0001893 -0.00293425 2.145e-05 -0.00150091 1.08632e-05
31.52 -0.0760999 -0.000470704 -0.0208352 3.03339e-05 -0.00153561 1.07219e-05
31.53 -0.0761953 -0.000753344 -0.0381595 3.84384e-05 -0.00156904 1.06659e-05
31.54 -0.0762722 -0.00103218 -0.0544254 4.49197e-05 -0.00160025 1.04742e-05
31.55 -0.076331 -0.00130161 -0.0691779 5.00183e-05 -0.0016296 1.01604e-05
31.56 -0.0763754 -0.00155149 -0.0820053 5.7328e-05 -0.00165635 9.8215e-06
31.57 -0.0764062 -0.00177018 -0.0925476 6.9906e-05 -0.00168048 9.52348e-06
31.58 -0.076426 -0.00195594 -0.100509 8.29286e-05 -0.00170198 9.18389e-06
31.59 -0.0764366 -0.00211471 -0.105665 8.75302e-05 -0.00172019 8.73133e-06
31.6 -0.0764392 -0.00224767 -0.107871 8.09605e-05 -0.00173582 8.28232e-06
31.61 -0.0764361 -0.00235037 -0.107064 6.69021e-05 -0.00174787 8.0386e-06
31.62 -0.0764276 -0.00241847 -0.103266 5.02276e-05 -0.00175726 7.96947e-06
31.63 -0.0764153 -0.00245048 -0.0965839 3.42872e-05 -0.00176329 7.79362e-06
31.64 -0.0763996 -0.002448 -0.0872053 2.0334e-05 -0.00176646 7.37196e-06
31.65 -0.0763807 -0.00241475 -0.0753941 8.38046e-06 -0.00176684 6.70017e-06
31.66 -0.0763591 -0.00235552 -0.0614829 -2.00227e-06 -0.00176429 6.06688e-06
31.67 -0.0763336 -0.00227546 -0.0458621 -1.11868e-05 -0.00175956 5.70564e-06
31.68 -0.0763048 -0.00217967 -0.0289713 -1.92767e-05 -0.00175222 5.47654e-06
31.69 -0.0762704 -0.00207321 -0.011283 -2.61673e-05 -0.00174311 5.19297e-06
31.7 -0.0762305 -0.00196137 0.00670668 -3.16633e-05 -0.00173214 4.6453e-06
31.71 -0.0761828 -0.00184977 0.0244957 -3.57174e-05 -0.00171966 3.9255e-06
31.72 -0.0761261 -0.00174443 0.0415882 -3.8493e-05 -0.00170626 3.31974e-06
31.73 -0.076059 -0.00165133 0.0575084 -4.03342e-05 -0.00169161 2.95013e-06
31.74 -0.0759791 -0.00157599 0.0718158 -4.15625e-05 -0.00167685 2.71115e-06
31.75 -0.0758855 -0.00152337 0.0841137 -4.22808e-05 -0.00166131 2.37785e-06
31.76 -0.0757759 -0.00149756 0.094064 -4.22973e-05 -0.00164604 1.82723e-06
31.77 -0.0756492 -0.00150199 0.101393 -4.11541e-05 -0.00163067 1.17424e-06
31.78 -0.0755039 -0.00153907 0.1059 -3.8304e-05 -0.00161556 6.94658e-07
31.79 -0.0753386 -0.00161013 0.107464 -3.32698e-05 -0.00160096 4.15175e-07
31.8 -0.075153 -0.00171538 0.106043 -2.57653e-05 -0.00158645 2.12421e-07
31.81 -0.0749456 -0.00185389 0.10168 -1.57414e-05 -0.00157266 -1.1578e-07
31.82 -0.074717 -0.00202388 0.0944948 -3.36392e-06 -0.00155886 -6.83234e-07
31.83 -0.074466 -0.00222264 0.0846895 1.10055e-05 -0.00154548 -1.25725e-06
31.84 -0.0741936 -0.00244662 0.0725346 2.68588e-05 -0.00153209 -1.67013e-06
31.85 -0.0738996 -0.00269125 0.0583672 4.35718e-05 -0.00151843 -1.90135e-06
31.86 -0.0735846 -0.00295115 0.0425793 6.04688e-05 -0.0015047 -2.07936e-06
31.87 -0.0732497 -0.00322042 0.0256073 7.68758e-05 -0.00148997 -2.44796e-06
31.88 -0.0728949 -0.00349292 0.00792253 9.21689e-05 -0.00147486 -2.98344e-06
31.89 -0.0725221 -0.00376256 -0.0099857 0.000105823 -0.00145827 -3.50074e-06
31.9 -0.0721312 -0.0040232 -0.027619 0.000117419 -0.00144064 -3.85157e-06
31.91 -0.0717237 -0.00426887 -0.0444872 0.000126676 -0.0014214 -4.04188e-06
31.92 -0.0713002 -0.00449387 -0.0601201 0.000133441 -0.00140034 -4.25038e-06
31.93 -0.0708611 -0.00469304 -0.0740806 0.000137679 -0.00137768 -4.65805e-06
31.94 -0.0704077 -0.00486214 -0.0859788 0.000139456 -0.00135264 -5.21045e-06
31.95 -0.0699394 -0.00499784 -0.0954799 0.000138888 -0.0013259 -5.7037e-06
31.96 -0.0694573 -0.00509776 -0.102318 0.000136117 -0.00129668 -6.06104e-06
31.97 -0.0689605 -0.00516043 -0.1063 0.000131273 -0.00126548 -6.27369e-06
31.98 -0.0684491 -0.00518539 -0.107314 0.000124493 -0.00123213 -6.57282e-06
31.99 -0.0679225 -0.00517328 -0.10533 0.000115922 -0.00119653 -7.07336e-06
32 -0.0673794 -0.00512595 -0.100404 0.000105723 -0.00115928 -7.64332e-06
32.01 -0.0668195 -0.00504637 -0.0926743 9.40867e-05 -0.0011198 -8.17062e-06
32.02 -0.0662404 -0.00493832 -0.0823581 8.12196e-05 -0.00107907 -8.50733e-06
32.03 -0.0656416 -0.00480655 -0.0697465 6.72339e-05 -0.00103661 -8.76072e-06
32.04 -0.0650203 -0.00465714 -0.0551932 5.19635e-05 -0.000993117 -9.12132e-06
32.05 -0.0643754 -0.00449616 -0.0391076 3.62395e-05 -0.000948761 -9.60909e-06
32.06 -0.0637044 -0.00432555 -0.0219413 2.39118e-05 -0.000903595 -1.01137e-05
32.07 -0.0630052 -0.00414567 -0.00417476 1.83286e-05 -0.000858511 -1.05486e-05
32.08 -0.0622761 -0.00396521 0.0136942 1.56448e-05 -0.000813082 -1.0969e-05
32.09 -0.0615144 -0.00379884 0.0311678 8.27433e-06 -0.00076846 -1.1449e-05
32.1 -0.0607187 -0.00365575 0.0477585 -5.91211e-06 -0.000724303 -1.19208e-05
32.11 -0.0598869 -0.00353851 0.0630062 -2.33342e-05 -0.00068136 -1.21804e-05
32.12 -0.0590175 -0.00344823 0.0764881 -3.944e-05 -0.000639866 -1.22792e-05
32.13 -0.0581095 -0.00338676 0.0878318 -5.11784e-05 -0.000599821 -1.24105e-05
32.14 -0.057161 -0.00335683 0.0967256 -5.75042e-05 -0.000562026 -1.27045e-05
32.15 -0.0561726 -0.00336114 0.102925 -5.86042e-05 -0.000525958 -1.3199e-05
32.16 -0.0551427 -0.00340134 0.106261 -5.51708e-05 -0.00049247 -1.36154e-05
32.17 -0.0540724 -0.00347767 0.106644 -4.79317e-05 -0.000461102 -1.37966e-05
32.18 -0.0529611 -0.00358855 0.104066 -3.74679e-05 -0.000432132 -1.38186e-05
32.19 -0.0518103 -0.00373088 0.0986002 -2.42333e-05 -0.000405641 -1.38423e-05
32.2 -0.0506207 -0.00390046 0.0903984 -8.65706e-06 -0.00038108 -1.40695e-05
32.21 -0.0493935 -0.00409237 0.0796894 8.66979e-06 -0.000359045 -1.44173e-05
32.22 -0.0481305 -0.00430137 0.0667687 2.69562e-05 -0.000338493 -1.46703e-05
32.23 -0.0468331 -0.00452174 0.0519951 4.52495e-05 -0.000320035 -1.47051e-05
32.24 -0.0455033 -0.00474742 0.0357766 6.26566e-05 -0.000302787 -1.46151e-05
32.25 -0.0441431 -0.00497203 0.0185627 7.85097e-05 -0.00028682 -1.4573e-05
32.26 -0.0427539 -0.00518912 0.00083048 9.24722e-05 -0.000271878 -1.47182e-05
32.27 -0.0413385 -0.00539252 -0.0169283 0.000104518 -0.000257346 -1.49544e-05
32.28 -0.0398974 -0.00557637 -0.0342192 0.00011478 -0.000243527 -1.50486e-05
32.29 -0.0384337 -0.0057354 -0.0505618 0.000123433 -0.000229518 -1.49992e-05
32.3 -0.0369474 -0.00586492 -0.0654991 0.000130574 -0.000215657 -1.48522e-05
32.31 -0.0354411 -0.00596111 -0.0786144 0.000136205 -0.000201404 -1.48284e-05
32.32 -0.033915 -0.0060212 -0.0895399 0.000140247 -0.000186589 -1.50053e-05
32.33 -0.0323705 -0.00604355 -0.097969 0.000142558 -0.000171427 -1.51958e-05
32.34 -0.0308081 -0.00602767 -0.103665 0.000142962 -0.000155136 -1.52862e-05
32.35 -0.0292282 -0.00597401 -0.106467 0.000141263 -0.000138527 -1.52047e-05
32.36 -0.0276312 -0.00588407 -0.106296 0.000137311 -0.000120629 -1.50873e-05
32.37 -0.0260171 -0.00576028 -0.103156 0.000131021 -0.000102267 -1.51148e-05
32.38 -0.0243859 -0.00560619 -0.0971348 0.000122427 -8.29075e-05 -1.52858e-05
32.39 -0.0227376 -0.00542631 -0.0884023 0.000111686 -6.28565e-05 -1.5446e-05
32.4 -0.0210713 -0.00522584 -0.0772037 9.9072e-05 -4.23412e-05 -1.54648e-05
32.41 -0.0193878 -0.00501053 -0.0638545 8.49916e-05 -2.10912e-05 -1.5339e-05
32.42 -0.0176855 -0.0047863 -0.0487292 6.99385e-05 1.41362e-07 -1.51933e-05
32.43 -0.0159655 -0.00455939 -0.0322536 5.44908e-05 2.17525e-05 -1.52164e-05
32.44 -0.0142263 -0.00433607 -0.0148888 3.92487e-05 4.30762e-05 -1.53222e-05
32.45 -0.012469 -0.00412258 0.00287829 2.48004e-05 6.40447e-05 -1.53874e-05
32.46 -0.0106929 -0.00392474 0.0205513 1.1664e-05 8.45886e-05 -1.53145e-05
32.47 -0.00889867 -0.00374773 0.0376376 2.5122e-07 0.000103937 -1.50757e-05
32.48 -0.00708701 -0.00359599 0.0536613 -9.12877e-06 0.000122634 -1.49025e-05
32.49 -0.00525837 -0.00347307 0.0681787 -1.6282e-05 0.00013953 -1.48388e-05
32.5 -0.00341437 -0.00338179 0.080787 -2.11068e-05 0.000155311 -1.48384e-05
32.51 -0.001556 -0.00332392 0.0911394 -2.36083e-05 0.000169096 -1.47753e-05
32.52 0.00031479 -0.00330016 0.0989506 -2.38678e-05 0.000181159 -1.45285e-05
32.53 0.00219584 -0.00331019 0.104007 -2.21247e-05 0.000191362 -1.41885e-05
32.54 0.0040854 -0.00335295 0.106172 -1.88659e-05 0.00019939 -1.38997e-05
32.55 0.00598006 -0.00342609 0.105387 -1.4006e-05 0.000205786 -1.37141e-05
32.56 0.00787817 -0.0035235 0.101677 -5.63167e-06 0.000210004 -1.35283e-05
32.57 0.00977571 -0.00363723 0.095145 7.84955e-06 0.000212735 -1.32925e-05
32.58 0.0116707 -0.00376377 0.085974 2.35222e-05 0.000213811 -1.29797e-05
32.59 0.0135594 -0.00390292 0.0744179 3.61359e-05 0.000213496 -1.26981e-05
32.6 0.0154391 -0.004051 0.0607966 4.38375e-05 0.000212373 -1.24283e-05
32.61 0.017307 -0.00420033 0.0454877 4.83512e-05 0.000210107 -1.20405e-05
32.62 0.0191597 -0.00434284 0.028914 5.20573e-05 0.000207854 -1.15991e-05
32.63 0.0209955 -0.00447159 0.0115358 5.64401e-05 0.000205051 -1.11333e-05
32.64 0.022811 -0.00458119 -0.00616616 6.17985e-05 0.000202815 -1.07651e-05
32.65 0.0246048 -0.00466736 -0.0236994 6.77083e-05 0.000200934 -1.05248e-05
32.66 0.0263747 -0.00472659 -0.0405766 7.35117e-05 0.000199918 -1.02639e-05
32.67 0.028119 -0.00475598 -0.0563276 7.86102e-05 0.000200217 -9.91473e-06
32.68 0.0298369 -0.0047531 -0.0705121 8.25854e-05 0.00020163 -9.47492e-06
32.69 0.0315267 -0.00471632 -0.0827341 8.52038e-05 0.000205036 -9.03355e-06
32.7 0.0331885 -0.00464478 -0.09265 8.63326e-05 0.000209951 -8.69824e-06
32.71 0.0348212 -0.00453886 -0.0999824 8.58473e-05 0.00021708 -8.46318e-06
32.72 0.036425 -0.00440012 -0.104524 8.35747e-05 0.000226252 -8.19468e-06
32.73 0.0379998 -0.00423121 -0.106147 7.93277e-05 0.000237495 -7.83739e-06
32.74 0.0395455 -0.00403571 -0.104806 7.30195e-05 0.000251225 -7.41256e-06
32.75 0.041063 -0.00381788 -0.100536 6.47388e-05 0.000266788 -6.98096e-06
32.76 0.0425517 -0.00358263 -0.0934602 5.48155e-05 0.000284914 -6.67816e-06
32.77 0.0440131 -0.00333533 -0.0837749 4.3774e-05 0.000304757 -6.41152e-06
32.78 0.0454467 -0.00308173 -0.0717539 3.22458e-05 0.000326763 -6.10015e-06
32.79 0.0468535 -0.0028277 -0.0577347 2.08556e-05 0.00035049 -5.71834e-06
32.8 0.0482335 -0.00257904 -0.0421114 1.01418e-05 0.000375652 -5.24817e-06
32.81 0.049587 -0.00234139 -0.0253229 5.24718e-07 0.000402445 -4.84487e-06
32.82 0.0509143 -0.00212 -0.00783895 -7.70059e-06 0.000429931 -4.52598e-06
32.83 0.0522148 -0.00191971 0.00985006 -1.43405e-05 0.00045863 -4.22684e-06
32.84 0.053489 -0.00174463 0.0272514 -1.93179e-05 0.000487507 -3.87726e-06
32.85 0.0547361 -0.00159805 0.0438792 -2.26412e-05 0.00051682 -3.42533e-06
32.86 0.0559555 -0.0014823 0.0592719 -2.43853e-05 0.000546039 -2.92192e-06
32.87 0.0571469 -0.00139863 0.0730029 -2.46721e-05 0.000574788 -2.47827e-06
32.88 0.0583085 -0.00134743 0.0846922 -2.36315e-05 0.000603237 -2.10693e-06
32.89 0.0594406 -0.00132803 0.0940185 -2.14097e-05 0.000630537 -1.72398e-06
32.9 0.0605404 -0.00133886 0.100725 -1.81426e-05 0.00065721 -1.29368e-06
32.91 0.0616082 -0.00137733 0.104629 -1.39559e-05 0.000682521 -7.52966e-07
32.92 0.0626414 -0.0014399 0.105625 -8.96431e-06 0.000706753 -1.94974e-07
32.93 0.0636394 -0.0015223 0.103688 -3.27747e-06 0.000729844 2.76163e-07
32.94 0.0646005 -0.00161965 0.0988731 2.97878e-06 0.000751496 7.13722e-07
32.95 0.0655235 -0.00172667 0.0913148 9.66357e-06 0.000772412 1.1251e-06
32.96 0.0664075 -0.00183775 0.081224 1.65897e-05 0.000791894 1.60868e-06
32.97 0.0672511 -0.00194716 0.0688792 2.35331e-05 0.000810962 2.17108e-06
32.98 0.0680539 -0.0020491 0.0546233 3.02291e-05 0.00082908 2.68968e-06
32.99 0.0688151 -0.00213802 0.03885 3.6394e-05 0.000846945 3.14814e-06
33 0.0695345 -0.00220889 0.0219964 4.17354e-05 0.000864657 3.53679e-06
33.01 0.0702124 -0.00225717 0.00452972 4.59645e-05 0.000882256 3.9243e-06
33.02 0.0708483 -0.00227909 -0.013066 4.88393e-05 0.000900468 4.38026e-06
33.03 0.0714441 -0.00227159 -0.030301 5.01586e-05 0.000918895 4.87799e-06
33.04 0.071999 -0.00223251 -0.0466965 4.97936e-05 0.000938375 5.32107e-06
33.05 0.0725158 -0.00216067 -0.0617944 4.77002e-05 0.000958647 5.69372e-06
33.06 0.0729944 -0.00205593 -0.0751735 4.39304e-05 0.000980039 6.01218e-06
33.07 0.0734372 -0.00191918 -0.086459 3.86203e-05 0.00100287 6.32509e-06
33.08 0.0738456 -0.00175231 -0.0953342 3.19114e-05 0.0010267 6.73194e-06
33.09 0.0742212 -0.00155816 -0.10155 2.39714e-05 0.00105239 7.12454e-06
33.1 0.0745662 -0.00134034 -0.104931 1.50381e-05 0.00107903 7.47902e-06
33.11 0.0748819 -0.00110317 -0.105382 5.42363e-06 0.00110748 7.77082e-06
33.12 0.0751706 -0.000851629 -0.10289 -4.53942e-06 0.001137 7.99456e-06
33.13 0.0754338 -0.000591141 -0.097524 -1.45347e-05 0.00116785 8.28003e-06
33.14 0.075673 -0.000327451 -0.0894355 -2.42722e-05 0.00119989 8.60553e-06
33.15 0.0758902 -6.62952e-05 -0.0788515 -3.35018e-05 0.00123262 8.9359e-06
33.16 0.0760857 0.000186599 -0.0660704 -4.19826e-05 0.00126637 9.22864e-06
33.17 0.0762621 0.000425791 -0.0514507 -4.95013e-05 0.00130028 9.4532e-06
33.18 0.076419 0.000646199 -0.035404 -5.58734e-05 0.0013346 9.6595e-06
33.19 0.0765583 0.000843244 -0.0183797 -6.09475e-05 0.00136872 9.92476e-06
33.2 0.0766797 0.00101318 -0.000855115 -6.4619e-05 0.00140232 1.02367e-05
33.21 0.0767842 0.001153 0.0166797 -6.68065e-05 0.00143542 1.05387e-05
33.22 0.0768719 0.00126071 0.0337361 -6.74753e-05 0.00146702 1.08188e-05
33.23 0.0769426 0.00133519 0.0498384 -6.6609e-05 0.00149764 1.10228e-05
33.24 0.0769967 0.00137634 0.0645405 -6.42302e-05 0.00152607 1.12435e-05
33.25 0.0770336 0.00138507 0.0774345 -6.04143e-05 0.00155277 1.15298e-05
33.26 0.0770532 0.00136325 0.088165 -5.52861e-05 0.00157697 1.18216e-05
33.27 0.0770552 0.00131378 0.0964365 -4.90219e-05 0.0015986 1.21368e-05
33.28 0.0770388 0.0012403 0.102022 -4.18283e-05 0.00161767 1.23747e-05
33.29 0.0770043 0.00114722 0.104771 -3.39561e-05 0.00163357 1.25662e-05
33.3 0.0769503 0.0010394 0.104607 -2.56753e-05 0.00164686 1.27877e-05
33.31 0.0768777 0.000922232 0.10154 -1.72862e-05 0.00165689 1.30296e-05
33.32 0.076785 0.000801387 0.095654 -9.09185e-06 0.00166417 1.33036e-05
33.33 0.0766731 0.000682611 0.0871145 -1.38667e-06 0.00166859 1.35446e-05
33.34 0.0765412 0.000571626 0.076158 5.53341e-06 0.00167017 1.37161e-05
33.35 0.0763898 0.000473739 0.0630879 1.14072e-05 0.00166955 1.38386e-05
33.36 0.0762193 0.000393884 0.0482665 1.59995e-05 0.00166622 1.39887e-05
33.37 0.0760297 0.000336399 0.0321033 1.9126e-05 0.00166131 1.41441e-05
33.38 0.0758224 0.000304921 0.0150469 2.06528e-05 0.00165423 1.43141e-05
33.39 0.0755973 0.000302327 -0.00243068 2.04944e-05 0.00164592 1.44449e-05
33.4 0.0753559 0.000330486 -0.0198437 1.86303e-05 0.0016363 1.44742e-05
33.41 0.075099 0.00039033 -0.0367079 1.50931e-05 0.00162563 1.45087e-05
33.42 0.0748273 0.000481722 -0.0525542 9.97727e-06 0.00161451 1.45243e-05
33.43 0.0745428 0.000603584 -0.0669393 3.40789e-06 0.00160259 1.45667e-05
33.44 0.0742454 0.000753857 -0.0794623 -4.44743e-06 0.00159075 1.46172e-05
33.45 0.0739373 0.0009296 -0.089771 -1.33818e-05 0.00157856 1.45861e-05
33.46 0.0736184 0.00112706 -0.0975771 -2.3155e-05 0.00156656 1.4516e-05
33.47 0.0732902 0.00134169 -0.10266 -3.34919e-05 0.00155477 1.4423e-05
33.48 0.0729532 0.00156849 -0.104878 -4.41097e-05 0.00154302 1.43434e-05
33.49 0.0726075 0.00180197 -0.104167 -5.47021e-05 0.0015319 1.42934e-05
33.5 0.0722541 0.00203648 -0.100546 -6.49826e-05 0.00152065 1.42351e-05
33.51 0.0718921 0.00226629 -0.0941185 -7.46665e-05 0.00151006 1.41127e-05
33.52 0.0715224 0.0024857 -0.0850635 -8.34711e-05 0.00149934 1.39614e-05
33.53 0.0711438 0.00268951 -0.0736366 -9.1039e-05 0.00148885 1.38139e-05
33.54 0.0707563 0.00287338 -0.0601588 -9.68101e-05 0.00147833 1.36735e-05
33.55 0.070359 0.00303324 -0.0450089 -0.000100927 0.00146738 1.3579e-05
33.56 0.0699508 0.0031625 -0.0286127 -0.000105635 0.00145632 1.34173e-05
33.57 0.0695313 0.00325422 -0.011429 -0.000112862 0.00144424 1.3245e-05
33.58 0.0690986 0.00330814 0.00606007 -0.000119567 0.00143164 1.31806e-05
33.59 0.0686524 0.00332942 0.023367 -0.00012019 0.00141766 1.31771e-05
33.6 0.0681908 0.00332068 0.0400087 -0.000113048 0.00140241 1.3148e-05
33.61 0.0677128 0.00328127 0.0555226 -0.000100522 0.00138563 1.29057e-05
33.62 0.0672175 0.00321102 0.0694787 -8.57799e-05 0.00136678 1.25146e-05
33.63 0.066703 0.00311165 0.0814903 -7.10414e-05 0.00134624 1.22112e-05
33.64 0.0661693 0.00298708 0.0912273 -5.72546e-05 0.00132313 1.21283e-05
33.65 0.0656141 0.00284263 0.098421 -4.45964e-05 0.00129803 1.21859e-05
33.66 0.0650376 0.00268429 0.102876 -3.29673e-05 0.00127034 1.21701e-05
33.67 0.0644382 0.00251815 0.10447 -2.23006e-05 0.00124025 1.19262e-05
33.68 0.0638157 0.00234996 0.103162 -1.26799e-05 0.00120793 1.15305e-05
33.69 0.0631694 0.00218523 0.0989911 -4.31719e-06 0.001173 1.12509e-05
33.7 0.0624987 0.00202921 0.0920727 2.55266e-06 0.00113631 1.11412e-05
33.71 0.0618039 0.00188704 0.0826004 7.81188e-06 0.00109725 1.11344e-05
33.72 0.0610843 0.00176364 0.0708359 1.15147e-05 0.0010568 1.10154e-05
33.73 0.0603402 0.00166335 0.0571059 1.38713e-05 0.00101468 1.06454e-05
33.74 0.0595718 0.00158975 0.0417899 1.51042e-05 0.00097147 1.02077e-05
33.75 0.0587789 0.00154543 0.025312 1.53266e-05 0.000927569 9.85701e-06
33.76 0.0579626 0.0015321 0.00812919 1.44655e-05 0.000882931 9.66644e-06
33.77 0.0571221 0.00155051 -0.00928261 1.23152e-05 0.000838493 9.53151e-06
33.78 0.0562592 0.00160043 -0.0264387 8.62064e-06 0.000793938 9.22574e-06
33.79 0.0553728 0.00168058 -0.0428628 3.18329e-06 0.000750148 8.73316e-06
33.8 0.0544644 0.00178854 -0.0580962 -4.06743e-06 0.000707101 8.20878e-06
33.81 0.0535334 0.00192111 -0.0717139 -1.30685e-05 0.000665075 7.80783e-06
33.82 0.0525804 0.00207432 -0.0833349 -2.36023e-05 0.000624659 7.56366e-06
33.83 0.0516054 0.00224371 -0.0926328 -3.53393e-05 0.000585424 7.3331e-06
33.84 0.0506081 0.00242426 -0.0993474 -4.78508e-05 0.000548369 6.92455e-06
33.85 0.0495886 0.00261042 -0.103289 -6.06412e-05 0.000512764 6.37018e-06
33.86 0.0485463 0.00279637 -0.104346 -7.31879e-05 0.000479445 5.83493e-06
33.87 0.0474807 0.0029762 -0.102489 -8.49748e-05 0.000447969 5.42301e-06
33.88 0.0463915 0.00314431 -0.0977696 -9.55417e-05 0.000418517 5.1757e-06
33.89 0.0452773 0.00329547 -0.0903204 -0.000104498 0.000391214 4.87889e-06
33.9 0.0441384 0.00342494 -0.0803504 -0.000111545 0.000365565 4.41718e-06
33.91 0.0429728 0.00352848 -0.0681409 -0.00011648 0.000342023 3.86935e-06
33.92 0.0417811 0.00360249 -0.0540342 -0.000119208 0.000319885 3.34305e-06
33.93 0.0405611 0.0036443 -0.0384275 -0.000119751 0.00029936 2.99975e-06
33.94 0.0393133 0.00365221 -0.0217582 -0.000118215 0.00028012 2.76494e-06
33.95 0.0380366 0.00362564 -0.00449337 -0.000114767 0.000261705 2.46341e-06
33.96 0.0367306 0.00356494 0.0128837 -0.000109591 0.000244405 2.02708e-06
33.97 0.0353954 0.00347134 0.0298887 -0.000102885 0.000227164 1.52125e-06
33.98 0.0340304 0.00334698 0.0460471 -9.48508e-05 0.000210609 1.08906e-06
33.99 0.0326362 0.00319491 0.060911 -8.5691e-05 0.000193625 8.28096e-07
34 0.031213 0.00301913 0.0740678 -7.56348e-05 0.000176623 6.42176e-07
34.01 0.0297612 0.00282428 0.0851546 -6.4907e-05 0.000159015 3.5424e-07
34.02 0.0282819 0.00261555 0.0938659 -5.37331e-05 0.000140634 -4.40341e-08
34.03 0.0267754 0.00239862 0.0999625 -4.21605e-05 0.000121614 -5.03474e-07
34.04 0.0252439 0.00218033 0.103279 -2.98489e-05 0.000101348 -8.71104e-07
34.05 0.0236873 0.00196682 0.103724 -1.7668e-05 8.03602e-05 -1.10484e-06
34.06 0.0221083 0.00175828 0.10129 -1.02581e-05 5.81455e-05 -1.39015e-06
34.07 0.0205074 0.00155252 0.0960446 -1.15932e-05 3.50422e-05 -1.71164e-06
34.08 0.018887 0.00135728 0.0881346 -1.64932e-05 1.11693e-05 -1.95726e-06
34.09 0.0172483 0.00118777 0.0777798 -1.50609e-05 -1.36789e-05 -2.08502e-06
34.1 0.015593 0.00105196 0.0652666 -4.28924e-06 -3.86752e-05 -2.25252e-06
34.11 0.0139233 0.000949316 0.0509425 1.15675e-05 -6.44224e-05 -2.72584e-06
34.12 0.0122402 0.000877433 0.0352027 2.6981e-05 -8.98186e-05 -3.43143e-06
34.13 0.0105461 0.000834802 0.0184843 3.82826e-05 -0.000115345 -4.04241e-06
34.14 0.00884208 0.000821441 0.00125001 4.42685e-05 -0.000140243 -4.314e-06
34.15 0.00712975 0.000837571 -0.0160216 4.52666e-05 -0.000164417 -4.34572e-06
34.16 0.00541078 0.000882711 -0.0328503 4.2188e-05 -0.000187783 -4.44737e-06
34.17 0.00368582 0.00095497 -0.048768 3.59639e-05 -0.000209663 -4.8963e-06
34.18 0.0019569 0.00105075 -0.0633299 2.72844e-05 -0.000230445 -5.56746e-06
34.19 0.000223995 0.00116519 -0.07613 1.66339e-05 -0.000249343 -6.09512e-06
34.2 -0.00151113 0.00129264 -0.0868089 4.43824e-06 -0.00026667 -6.33857e-06
34.21 -0.00324842 0.00142741 -0.0950676 -8.71644e-06 -0.000282113 -6.36017e-06
34.22 -0.00498707 0.00156394 -0.100674 -2.19966e-05 -0.000295474 -6.52924e-06
34.23 -0.00672637 0.00169679 -0.10347 -3.44044e-05 -0.000307159 -7.01692e-06
34.24 -0.00846659 0.00182061 -0.103376 -4.50246e-05 -0.000316491 -7.62156e-06
34.25 -0.0102065 0.00193012 -0.100395 -5.32674e-05 -0.000324312 -8.08465e-06
34.26 -0.0119467 0.00202054 -0.0946105 -5.89961e-05 -0.00032995 -8.24314e-06
34.27 -0.013686 0.00208762 -0.0861846 -6.2456e-05 -0.000334102 -8.27867e-06
34.28 -0.0154247 0.00212798 -0.0753547 -6.41236e-05 -0.000336654 -8.49536e-06
34.29 -0.017162 0.00213883 -0.0624254 -6.44972e-05 -0.00033774 -8.96869e-06
34.3 -0.0188971 0.00211818 -0.0477597 -6.39791e-05 -0.000337975 -9.47878e-06
34.31 -0.0206299 0.00206504 -0.0317702 -6.28267e-05 -0.000337009 -9.77538e-06
34.32 -0.0223585 0.00197948 -0.0149043 -6.11435e-05 -0.000335835 -9.78482e-06
34.33 -0.0240827 0.00186284 0.00236472 -5.89291e-05 -0.000334112 -9.71865e-06
34.34 -0.0258006 0.0017173 0.019555 -5.6082e-05 -0.000332604 -9.88176e-06
34.35 -0.0275108 0.00154576 0.0361868 -5.24579e-05 -0.000331483 -1.02373e-05
34.36 -0.0292118 0.0013517 0.0517973 -4.78973e-05 -0.00033089 -1.05952e-05
34.37 -0.0309012 0.00113926 0.0659538 -4.22868e-05 -0.000331593 -1.07269e-05
34.38 -0.0325778 0.000913301 0.0782636 -3.55953e-05 -0.000333225 -1.05953e-05
34.39 -0.0342385 0.000679197 0.088388 -2.78918e-05 -0.000336729 -1.05098e-05
34.4 -0.0358821 0.000442618 0.0960477 -1.93585e-05 -0.000341733 -1.06314e-05
34.41 -0.0375054 0.000209045 0.101034 -1.02685e-05 -0.000348746 -1.09362e-05
34.42 -0.039107 -1.62177e-05 0.10321 -1.0006e-06 -0.000357858 -1.1202e-05
34.43 -0.0406842 -0.000228191 0.102519 8.00486e-06 -0.000368816 -1.12123e-05
34.44 -0.042235 -0.000422153 0.0989815 1.62747e-05 -0.000382217 -1.1051e-05
34.45 -0.0437578 -0.000593809 0.092697 2.33719e-05 -0.000397245 -1.09633e-05
34.46 -0.0452501 -0.000739694 0.0838413 2.89583e-05 -0.000414579 -1.10992e-05
34.47 -0.0467109 -0.000857231 0.0726589 3.28097e-05 -0.000433415 -1.13619e-05
34.48 -0.0481385 -0.000944904 0.0594605 3.48411e-05 -0.000453958 -1.15492e-05
34.49 -0.0495315 -0.00100203 0.044611 3.50764e-05 -0.000475905 -1.14747e-05
34.5 -0.0508894 -0.00102874 0.0285215 3.3639e-05 -0.000498762 -1.12968e-05
34.51 -0.0522107 -0.00102603 0.0116382 3.07421e-05 -0.000522759 -1.12413e-05
34.52 -0.0534959 -0.000995873 -0.00557142 2.66721e-05 -0.000546995 -1.13732e-05
34.53 -0.0547435 -0.000940944 -0.0226285 2.19751e-05 -0.000571808 -1.16288e-05
34.54 -0.0559547 -0.000863558 -0.0390595 1.76678e-05 -0.000596496 -1.17266e-05
34.55 -0.0571286 -0.000767593 -0.054406 1.33478e-05 -0.000620972 -1.1644e-05
34.56 -0.0582663 -0.000664107 -0.0682397 4.12528e-06 -0.000645188 -1.15611e-05
34.57 -0.059368 -0.000567068 -0.0801741 -1.41295e-05 -0.000668457 -1.1541e-05
34.58 -0.0604343 -0.000478292 -0.089874 -3.48027e-05 -0.000691336 -1.14784e-05
34.59 -0.0614663 -0.000390138 -0.097068 -4.57692e-05 -0.000712865 -1.12671e-05
34.6 -0.0624644 -0.000302573 -0.101553 -4.31085e-05 -0.000733723 -1.1077e-05
34.61 -0.0634297 -0.000224187 -0.103203 -3.15586e-05 -0.00075326 -1.11641e-05
34.62 -0.0643632 -0.000164298 -0.10197 -1.7426e-05 -0.000771744 -1.14961e-05
34.63 -0.0652652 -0.000129298 -0.09789 -4.91906e-06 -0.00078922 -1.17126e-05
34.64 -0.0661373 -0.000122007 -0.0910769 4.58987e-06 -0.000805405 -1.1565e-05
34.65 -0.0669789 -0.00014304 -0.0817216 1.14341e-05 -0.00082091 -1.11169e-05
34.66 -0.0677919 -0.000191856 -0.0700883 1.6534e-05 -0.000835258 -1.06988e-05
34.67 -0.0685752 -0.000267681 -0.0565031 2.07398e-05 -0.000849102 -1.06429e-05
34.68 -0.06933 -0.000369774 -0.0413484 2.45184e-05 -0.000862338 -1.07949e-05
34.69 -0.0700554 -0.000497259 -0.0250492 2.80282e-05 -0.00087514 -1.08292e-05
34.7 -0.0707516 -0.00064863 -0.00806227 3.12739e-05 -0.000888091 -1.05298e-05
34.71 -0.071418 -0.000821276 0.00913663 3.44014e-05 -0.000900785 -9.96949e-06
34.72 -0.0720537 -0.00101146 0.0260681 3.77996e-05 -0.000914288 -9.55226e-06
34.73 -0.0726583 -0.00121457 0.0422594 4.20298e-05 -0.000927993 -9.44947e-06
34.74 -0.0732306 -0.0014257 0.0572614 4.75653e-05 -0.000942869 -9.51162e-06
34.75 -0.0737698 -0.00163972 0.0706576 5.45169e-05 -0.000958648 -9.43079e-06
34.76 -0.074275 -0.00185147 0.0820779 6.25225e-05 -0.00097569 -9.03837e-06
34.77 -0.0747449 -0.00205578 0.0912077 7.08128e-05 -0.00099431 -8.50139e-06
34.78 -0.0751795 -0.00224755 0.0977958 7.84294e-05 -0.00101421 -8.1568e-06
34.79 -0.0755769 -0.00242224 0.101663 8.44697e-05 -0.00103601 -8.10187e-06
34.8 -0.0759377 -0.00257584 0.102704 8.82406e-05 -0.00105918 -8.11943e-06
34.81 -0.0762606 -0.00270502 0.100893 8.93358e-05 -0.00108409 -7.95619e-06
34.82 -0.0765462 -0.00280695 0.0962805 8.76232e-05 -0.00111049 -7.48044e-06
34.83 -0.0767942 -0.00287945 0.0889971 8.32109e-05 -0.00113808 -6.95041e-06
34.84 -0.0770051 -0.00292119 0.0792448 7.64169e-05 -0.00116713 -6.6573e-06
34.85 -0.0771796 -0.00293196 0.0672936 6.77096e-05 -0.00119671 -6.59877e-06
34.86 -0.0773184 -0.00291266 0.0534751 5.7658e-05 -0.00122735 -6.59705e-06
34.87 -0.0774229 -0.00286512 0.038171 4.68497e-05 -0.00125799 -6.36003e-06
34.88 -0.0774942 -0.00279187 0.021806 3.58439e-05 -0.00128889 -5.87475e-06
34.89 -0.077534 -0.00269598 0.00483307 2.51166e-05 -0.00131943 -5.42311e-06
34.9 -0.0775441 -0.00258119 -0.0122767 1.50499e-05 -0.00134926 -5.19901e-06
34.91 -0.0775258 -0.002452 -0.0290474 5.9122e-06 -0.00137837 -5.1959e-06
34.92 -0.077482 -0.00231341 -0.045013 -2.15323e-06 -0.00140594 -5.16767e-06
34.93 -0.0774136 -0.00217078 -0.0597275 -9.09836e-06 -0.00143229 -4.88206e-06
34.94 -0.0773235 -0.00202929 -0.0727806 -1.4956e-05 -0.00145663 -4.39787e-06
34.95 -0.077213 -0.00189402 -0.0838063 -1.97655e-05 -0.00147907 -3.98324e-06
34.96 -0.0770843 -0.00176984 -0.0924958 -2.35332e-05 -0.00149938 -3.78675e-06
34.97 -0.0769391 -0.00166143 -0.098605 -2.62046e-05 -0.00151713 -3.74839e-06
34.98 -0.0767788 -0.00157311 -0.101961 -2.76667e-05 -0.00153278 -3.62798e-06
34.99 -0.0766053 -0.00150848 -0.102471 -2.77811e-05 -0.00154551 -3.22044e-06
35 -0.0764191 -0.00147024 -0.100118 -2.63943e-05 -0.00155606 -2.69723e-06
35.01 -0.0762219 -0.00146015 -0.0949698 -2.33642e-05 -0.00156378 -2.25791e-06
35.02 -0.0760138 -0.00147918 -0.0871695 -1.85665e-05 -0.00156916 -2.03515e-06
35.03 -0.0757955 -0.00152726 -0.0769372 -1.17485e-05 -0.00157215 -1.94105e-06
35.04 -0.0755672 -0.00160247 -0.0645608 -2.33553e-06 -0.00157268 -1.6852e-06
35.05 -0.0753284 -0.00170278 -0.0503875 8.94504e-06 -0.00157139 -1.2396e-06
35.06 -0.0750794 -0.00183097 -0.0348162 1.74479e-05 -0.00156783 -7.53308e-07
35.07 -0.0748188 -0.00199124 -0.0182829 1.91218e-05 -0.00156286 -3.48817e-07
35.08 -0.0745466 -0.00217651 -0.0012514 1.90719e-05 -0.00155622 4.65126e-08
35.09 -0.0742611 -0.00237107 0.0158027 2.71187e-05 -0.00154841 5.36532e-07
35.1 -0.0739616 -0.00256543 0.0324034 4.60541e-05 -0.00153977 1.0271e-06
35.11 -0.0736471 -0.00275744 0.0480884 7.12781e-05 -0.00153018 1.30442e-06
35.12 -0.0733158 -0.00294586 0.0624228 9.68898e-05 -0.00152051 1.37429e-06
35.13 -0.0729676 -0.00312745 0.0750087 0.000118841 -0.00151028 1.5054e-06
35.14 -0.0726002 -0.00329681 0.0854995 0.000135598 -0.00150037 1.86897e-06
35.15 -0.0722139 -0.00344768 0.0936056 0.000147169 -0.00149047 2.47445e-06
35.16 -0.0718071 -0.00357413 0.0991054 0.000154159 -0.00148093 3.04446e-06
35.17 -0.0713798 -0.00367143 0.101849 0.000157199 -0.00147194 3.31671e-06
35.18 -0.0709315 -0.0037364 0.101762 0.00015669 -0.00146314 3.40151e-06
35.19 -0.070462 -0.00376743 0.0988505 0.000152862 -0.00145516 3.50629e-06
35.2 -0.0699721 -0.00376401 0.0931951 0.000145896 -0.0014472 3.84931e-06
35.21 -0.0694615 -0.00372641 0.0849547 0.000136184 -0.00143983 4.37515e-06
35.22 -0.0689314 -0.00365547 0.0743572 0.000124391 -0.00143242 4.7853e-06
35.23 -0.0683826 -0.00355273 0.0616967 0.000111396 -0.00142498 4.93891e-06
35.24 -0.0678157 -0.00342073 0.0473238 9.80495e-05 -0.00141741 4.92098e-06
35.25 -0.0672328 -0.00326288 0.0316359 8.49416e-05 -0.00140907 4.97416e-06
35.26 -0.066634 -0.00308346 0.0150683 7.22955e-05 -0.00140031 5.24256e-06
35.27 -0.0660218 -0.00288727 -0.00192039 5.99932e-05 -0.00139023 5.63319e-06
35.28 -0.0653963 -0.00267957 -0.0188577 4.7763e-05 -0.00137912 5.86802e-06
35.29 -0.0647598 -0.00246596 -0.0352733 3.53558e-05 -0.00136645 5.88688e-06
35.3 -0.0641126 -0.00225227 -0.0507097 2.26763e-05 -0.001352 5.81842e-06
35.31 -0.0634561 -0.0020443 -0.0647361 9.83097e-06 -0.0013359 5.8658e-06
35.32 -0.0627911 -0.00184748 -0.0769608 -2.90433e-06 -0.0013174 6.17322e-06
35.33 -0.062118 -0.00166674 -0.0870407 -1.51157e-05 -0.00129715 6.51782e-06
35.34 -0.0614376 -0.00150645 -0.0946938 -2.63022e-05 -0.00127426 6.71689e-06
35.35 -0.0607496 -0.00137045 -0.0997042 -3.5917e-05 -0.00124934 6.72517e-06
35.36 -0.060054 -0.001262 -0.101931 -4.34354e-05 -0.00122198 6.6715e-06
35.37 -0.0593506 -0.00118349 -0.101312 -4.84097e-05 -0.00119231 6.80314e-06
35.38 -0.0586383 -0.0011363 -0.0978623 -5.05149e-05 -0.0011606 7.12382e-06
35.39 -0.057917 -0.00112059 -0.0916807 -4.9592e-05 -0.0011265 7.44992e-06
35.4 -0.0571845 -0.00113561 -0.0829395 -4.56403e-05 -0.00109074 7.6081e-06
35.41 -0.0564406 -0.00117969 -0.0718857 -3.88437e-05 -0.00105296 7.594e-06
35.42 -0.0556826 -0.00125042 -0.0588293 -2.95431e-05 -0.00101374 7.57291e-06
35.43 -0.0549099 -0.00134459 -0.0441375 -1.8209e-05 -0.000973218 7.7466e-06
35.44 -0.05412 -0.00145806 -0.0282229 -5.4057e-06 -0.000931463 8.07462e-06
35.45 -0.0533113 -0.00158604 -0.0115311 8.28326e-06 -0.00088929 8.35254e-06
35.46 -0.0524821 -0.00172326 0.00546987 2.22944e-05 -0.000846257 8.47802e-06
35.47 -0.0516302 -0.00186429 0.0223061 3.61443e-05 -0.00080354 8.43429e-06
35.48 -0.0507544 -0.00200364 0.0385072 4.9422e-05 -0.000760658 8.4435e-06
35.49 -0.0498528 -0.00213585 0.0536235 6.1796e-05 -0.000718544 8.64257e-06
35.5 -0.048924 -0.00225551 0.0672351 7.30062e-05 -0.000677167 8.91567e-06
35.51 -0.0479674 -0.00235748 0.0789656 8.28584e-05 -0.000636816 9.13567e-06
35.52 -0.0469813 -0.00243723 0.0884918 9.12211e-05 -0.000598016 9.14711e-06
35.53 -0.0459662 -0.00249078 0.0955511 9.8093e-05 -0.000560493 9.03867e-06
35.54 -0.0449206 -0.00251454 0.0999513 0.000103721 -0.00052495 9.00795e-06
35.55 -0.0438459 -0.0025061 0.101572 0.000107699 -0.000491038 9.10675e-06
35.56 -0.0427413 -0.00246707 0.100371 0.000107565 -0.000459056 9.23439e-06
35.57 -0.0416083 -0.00240116 0.0963843 0.000101235 -0.000429062 9.27764e-06
35.58 -0.0404474 -0.00230731 0.0897223 9.16473e-05 -0.00040063 9.24325e-06
35.59 -0.0392598 -0.00218112 0.0805713 8.43667e-05 -0.000374309 9.20426e-06
35.6 -0.0380472 -0.00202265 0.0691843 8.12048e-05 -0.00034914 9.1924e-06
35.61 -0.0368105 -0.00183693 0.0558777 8.00278e-05 -0.000325784 9.07407e-06
35.62 -0.0355518 -0.0016302 0.0410189 7.8036e-05 -0.000303313 8.87005e-06
35.63 -0.0342723 -0.00140817 0.0250201 7.3475e-05 -0.000281969 8.65673e-06
35.64 -0.0329737 -0.00117575 0.00832433 6.59823e-05 -0.000261354 8.50137e-06
35.65 -0.0316578 -0.000937479 -0.00860538 5.60404e-05 -0.000241055 8.47972e-06
35.66 -0.0303252 -0.00069801 -0.0252982 4.44514e-05 -0.000221256 8.4452e-06
35.67 -0.0289781 -0.000462181 -0.0412904 3.19943e-05 -0.000201159 8.306e-06
35.68 -0.0276166 -0.000235104 -0.0561354 1.92917e-05 -0.000181117 8.07667e-06
35.69 -0.0262424 -2.18488e-05 -0.0694195 6.81098e-06 -0.000160523 7.82296e-06
35.7 -0.0248554 0.000172846 -0.0807705 -5.06965e-06 -0.000139376 7.66906e-06
35.71 -0.0234565 0.000344922 -0.0898705 -1.59364e-05 -0.0001177 7.61539e-06
35.72 -0.0220458 0.000491326 -0.0964641 -2.53163e-05 -9.49403e-05 7.54252e-06
35.73 -0.0206229 0.000609884 -0.100365 -3.27017e-05 -7.17192e-05 7.37326e-06
35.74 -0.0191884 0.00069937 -0.101465 -3.76959e-05 -4.72193e-05 7.1308e-06
35.75 -0.0177409 0.000759378 -0.0997303 -4.01086e-05 -2.21933e-05 6.88255e-06
35.76 -0.0162808 0.000790355 -0.0952112 -4.00205e-05 3.87699e-06 6.74037e-06
35.77 -0.0148069 0.00079368 -0.088034 -3.776e-05 3.06377e-05 6.67492e-06
35.78 -0.0133188 0.000771565 -0.0784003 -3.37927e-05 5.79263e-05 6.55724e-06
35.79 -0.0118158 0.000727037 -0.0665817 -2.86216e-05 8.59502e-05 6.38e-06
35.8 -0.0102969 0.000663755 -0.0529094 -2.26911e-05 0.000113973 6.12605e-06
35.81 -0.00876218 0.000585968 -0.0377686 -1.6361e-05 0.000142435 5.91053e-06
35.82 -0.00721023 0.000498388 -0.0215831 -9.90165e-06 0.000170542 5.81121e-06
35.83 -0.00564138 0.000406082 -0.0048071 -3.51326e-06 0.000198421 5.73027e-06
35.84 -0.00405504 0.000314297 0.0120907 2.66876e-06 0.000225739 5.61805e-06
35.85 -0.0024512 0.000228175 0.0286385 8.55847e-06 0.000252003 5.40875e-06
35.86 -0.000830581 0.000152655 0.0443752 1.40864e-05 0.000277465 5.14303e-06
35.87 0.000807111 9.22561e-05 0.0588642 1.9195e-05 0.0003012 4.93104e-06
35.88 0.00246002 5.10923e-05 0.0717032 2.38083e-05 0.000323697 4.79535e-06
35.89 0.00412813 3.27541e-05 0.0825383 2.78294e-05 0.000344159 4.66187e-06
35.9 0.00580908 4.00986e-05 0.0910702 3.11414e-05 0.000362785 4.4691e-06
35.91 0.00750185 7.52078e-05 0.0970652 3.35939e-05 0.00037941 4.18165e-06
35.92 0.00920422 0.000139172 0.10036 3.50314e-05 0.000393684 3.84696e-06
35.93 0.0109139 0.000232218 0.100865 3.5301e-05 0.000406133 3.59252e-06
35.94 0.0126289 0.000353705 0.0985686 3.42802e-05 0.00041609 3.38139e-06
35.95 0.0143461 0.000502146 0.093536 3.18943e-05 0.000424354 3.17011e-06
35.96 0.0160635 0.000675249 0.0859085 2.81376e-05 0.000430482 2.90316e-06
35.97 0.017778 0.00086988 0.0758971 2.3094e-05 0.000434991 2.52891e-06
35.98 0.0194871 0.00108223 0.0637798 1.69183e-05 0.000438082 2.17443e-06
35.99 0.0211884 0.00130788 0.0498921 9.83675e-06 0.000439732 1.88144e-06
36 0.0228787 0.00154211 0.0346181 2.12188e-06 0.00044074 1.63304e-06
36.01 0.0245568 0.00177996 0.0183817 -5.91294e-06 0.000440775 1.39499e-06
36.02 0.0262193 0.00201634 0.0016321 -1.39509e-05 0.000440741 1.07045e-06
36.03 0.0278656 0.00224617 -0.015165 -2.16929e-05 0.00044052 6.91642e-07
36.04 0.029493 0.00246445 -0.0315431 -2.88818e-05 0.000440557 3.41316e-07
36.05 0.0311009 0.00266665 -0.0470462 -3.52686e-05 0.000441306 6.14403e-08
36.06 0.0326878 0.00284892 -0.0612414 -4.04978e-05 0.000442553 -1.71066e-07
36.07 0.034253 0.00300823 -0.0737329 -4.43097e-05 0.000445219 -4.05898e-07
36.08 0.0357961 0.00314178 -0.0841699 -4.68667e-05 0.000448728 -7.28275e-07
36.09 0.0373164 0.0032472 -0.0922608 -4.85592e-05 0.000453961 -1.08696e-06
36.1 0.0388141 0.00332323 -0.0977773 -4.95384e-05 0.000460527 -1.37665e-06
36.11 0.0402891 0.00336978 -0.100565 -4.96915e-05 0.000468754 -1.60783e-06
36.12 0.0417414 0.00338778 -0.100544 -4.88863e-05 0.000478776 -1.75579e-06
36.13 0.0431717 0.00337895 -0.097715 -4.70772e-05 0.000490246 -1.9536e-06
36.14 0.0445795 0.0033457 -0.092158 -4.43288e-05 0.000503684 -2.23631e-06
36.15 0.0459662 0.00329106 -0.084028 -4.07717e-05 0.000518436 -2.51831e-06
36.16 0.0473308 0.00321868 -0.0735546 -3.65763e-05 0.000534895 -2.76649e-06
36.17 0.0486747 0.00313282 -0.0610316 -3.19356e-05 0.000552656 -2.91827e-06
36.18 0.0499972 0.00303814 -0.0468112 -2.70342e-05 0.00057152 -3.03746e-06
36.19 0.0512986 0.00293968 -0.0312928 -2.20661e-05 0.000591637 -3.21682e-06
36.2 0.0525788 0.00284243 -0.014911 -1.72213e-05 0.000612171 -3.46719e-06
36.21 0.0538372 0.00275134 0.00187464 -1.2706e-05 0.000633653 -3.71962e-06
36.22 0.0550737 0.0026711 0.0185961 -8.73682e-06 0.000655035 -3.92758e-06
36.23 0.0562873 0.00260602 0.0347861 -5.52879e-06 0.000676725 -4.05921e-06
36.24 0.0574772 0.00256003 0.0499949 -3.28858e-06 0.000698033 -4.1743e-06
36.25 0.0586426 0.00253636 0.0638 -2.16201e-06 0.000718837 -4.38018e-06
36.26 0.0597818 0.00253755 0.0758191 -2.24222e-06 0.000739087 -4.62075e-06
36.27 0.0608942 0.00256525 0.0857211 -3.55907e-06 0.000758161 -4.87565e-06
36.28 0.0619772 0.00262029 0.0932327 -6.09426e-06 0.000776435 -5.07804e-06
36.29 0.0630306 0.00270263 0.098149 -9.78477e-06 0.00079326 -5.19766e-06
36.3 0.0640514 0.00281138 0.100336 -1.45231e-05 0.000808921 -5.36103e-06
36.31 0.065039 0.00294483 0.0997345 -2.01675e-05 0.000823287 -5.57099e-06
36.32 0.0659911 0.00310037 0.0963644 -2.65395e-05 0.000836167 -5.82943e-06
36.33 0.0669065 0.00327467 0.0903197 -3.345e-05 0.000848138 -6.08327e-06
36.34 0.0677838 0.00346376 0.0817695 -4.06822e-05 0.000858592 -6.25596e-06
36.35 0.0686214 0.00366324 0.0709501 -4.80178e-05 0.000868502 -6.38627e-06
36.36 0.0694187 0.00386838 0.0581623 -5.52407e-05 0.0008773 -6.54116e-06
36.37 0.0701745 0.00407418 0.0437593 -6.21331e-05 0.000885783 -6.74695e-06
36.38 0.0708883 0.0042756 0.0281405 -6.84953e-05 0.000893898 -6.97194e-06
36.39 0.0715601 0.0044676 0.0117385 -7.41309e-05 0.000901875 -7.17794e-06
36.4 0.0721892 0.00464544 -0.00499202 -7.88715e-05 0.000910274 -7.2816e-06
36.41 0.0727769 0.00480484 -0.0215858 -8.25756e-05 0.000918846 -7.36259e-06
36.42 0.0733226 0.00494201 -0.0375821 -8.51277e-05 0.000928385 -7.46876e-06
36.43 0.0738281 0.00505383 -0.0525343 -8.64379e-05 0.000938632 -7.59352e-06
36.44 0.0742935 0.00513783 -0.066026 -8.64393e-05 0.000950043 -7.75839e-06
36.45 0.0747207 0.0051924 -0.0776793 -8.51142e-05 0.000962801 -7.84177e-06
36.46 0.0751107 0.00521675 -0.0871679 -8.24822e-05 0.000976703 -7.85767e-06
36.47 0.0754649 0.00521108 -0.0942258 -7.86149e-05 0.000992431 -7.85758e-06
36.48 0.0757851 0.00517644 -0.0986539 -7.36225e-05 0.00100929 -7.86495e-06
36.49 0.0760723 0.00511469 -0.100328 -6.76553e-05 0.00102807 -7.9225e-06
36.5 0.0763286 0.00502851 -0.0992005 -6.08944e-05 0.00104808 -7.97484e-06
36.51 0.076555 0.00492118 -0.0953028 -5.35413e-05 0.00106969 -7.95952e-06
36.52 0.0767529 0.00479675 -0.0887442 -4.58435e-05 0.00109269 -7.88836e-06
36.53 0.0769237 0.0046595 -0.0797089 -3.81594e-05 0.00111673 -7.81422e-06
36.54 0.0770681 0.00451363 -0.0684516 -3.10891e-05 0.00114208 -7.75714e-06
36.55 0.0771876 0.00436391 -0.0552879 -2.45661e-05 0.00116796 -7.73567e-06
36.56 0.0772822 0.0042184 -0.0405886 -1.6406e-05 0.0011947 -7.67656e-06
36.57 0.0773532 0.00408629 -0.0247653 -4.79012e-06 0.00122162 -7.57024e-06
36.58 0.0774005 0.0039706 -0.00826199 7.03144e-06 0.00124858 -7.56843e-06
36.59 0.0774245 0.0038695 0.00845971 1.32175e-05 0.00127543 -7.63395e-06
36.6 0.0774255 0.00378416 0.0249332 1.18545e-05 0.00130143 -7.65606e-06
36.61 0.0774029 0.00371944 0.0406987 5.1502e-06 0.00132691 -7.50306e-06
36.62 0.0773573 0.00367999 0.055319 -3.89549e-06 0.00135082 -7.17827e-06
36.63 0.0772876 0.00366855 0.0683877 -1.32337e-05 0.00137356 -6.94648e-06
36.64 0.0771944 0.00368567 0.0795442 -2.2111e-05 0.00139436 -6.92926e-06
36.65 0.0770766 0.0037302 0.0884804 -3.05299e-05 0.00141322 -7.05996e-06
36.66 0.0769341 0.00380007 0.094951 -3.87553e-05 0.00143003 -7.13323e-06
36.67 0.0767667 0.00389262 0.0987794 -4.69893e-05 0.00144427 -6.99095e-06
36.68 0.0765737 0.00400492 0.0998611 -5.52444e-05 0.00145643 -6.70799e-06
36.69 0.0763555 0.00413376 0.0981694 -6.33795e-05 0.0014658 -6.52112e-06
36.7 0.0761113 0.00427537 0.0937519 -7.11828e-05 0.00147298 -6.53251e-06
36.71 0.0758415 0.00442538 0.086733 -7.8529e-05 0.00147764 -6.63324e-06
36.72 0.0755463 0.00457888 0.0773074 -8.54212e-05 0.00148001 -6.65431e-06
36.73 0.0752257 0.00473067 0.0657364 -9.19786e-05 0.00148042 -6.44092e-06
36.74 0.0748808 0.00487563 0.052341 -9.83022e-05 0.00147862 -6.14297e-06
36.75 0.0745113 0.00500883 0.0374913 -0.000104343 0.00147543 -5.95432e-06
36.76 0.0741193 0.00512568 0.0215996 -0.000109846 0.00147046 -5.90705e-06
36.77 0.0737047 0.00522194 0.00510538 -0.000114389 0.00146447 -5.92983e-06
36.78 0.0732694 0.00529396 -0.0115329 -0.000117495 0.00145743 -5.79882e-06
36.79 0.0728142 0.00533881 -0.0278531 -0.000118732 0.00144957 -5.47407e-06
36.8 0.0723406 0.00535446 -0.0434012 -0.000117805 0.00144146 -5.12117e-06
36.81 0.0718501 0.0053397 -0.0577432 -0.000114565 0.00143272 -4.8802e-06
36.82 0.0713437 0.00529405 -0.0704793 -0.00010903 0.00142429 -4.7926e-06
36.83 0.0708233 0.00521787 -0.0812522 -0.000101359 0.0014156 -4.71709e-06
36.84 0.0702896 0.00511233 -0.0897607 -9.18261e-05 0.00140738 -4.47364e-06
36.85 0.0697441 0.00497965 -0.0957652 -8.08097e-05 0.00139938 -4.06898e-06
36.86 0.0691879 0.00482289 -0.0990971 -6.87488e-05 0.00139174 -3.67282e-06
36.87 0.0686213 0.00464583 -0.0996626 -5.61121e-05 0.00138471 -3.39769e-06
36.88 0.0680458 0.00445269 -0.0974447 -4.33599e-05 0.00137784 -3.25666e-06
36.89 0.0674608 0.00424805 -0.0925064 -3.09136e-05 0.00137167 -3.09425e-06
36.9 0.0668678 0.00403679 -0.0849855 -1.91497e-05 0.00136558 -2.74406e-06
36.91 0.0662656 0.00382408 -0.0750943 -8.37947e-06 0.00135984 -2.30268e-06
36.92 0.065655 0.00361516 -0.0631103 1.15481e-06 0.00135421 -1.88094e-06
36.93 0.0650352 0.00341511 -0.0493706 9.29531e-06 0.0013483 -1.60709e-06
36.94 0.0644059 0.0032286 -0.0342611 1.59472e-05 0.00134244 -1.45941e-06
36.95 0.0637667 0.0030598 -0.0182052 2.10524e-05 0.00133568 -1.23396e-06
36.96 0.0631165 0.00291229 -0.00165314 2.45681e-05 0.00132858 -8.79653e-07
36.97 0.0624549 0.00278914 0.0149331 2.64499e-05 0.00132017 -4.49527e-07
36.98 0.061781 0.00269263 0.03109 2.66674e-05 0.00131073 -8.7199e-08
36.99 0.0610937 0.00262422 0.0463684 2.51991e-05 0.00129976 1.13668e-07
37 0.0603929 0.00258434 0.0603438 2.20605e-05 0.00128697 2.34229e-07
37.01 0.0596768 0.00257247 0.0726287 1.72984e-05 0.00127245 4.42147e-07
37.02 0.0589458 0.00258732 0.0828846 1.09794e-05 0.00125553 7.71571e-07
37.03 0.0581982 0.00262653 0.0908282 3.06347e-06 0.00123659 1.13887e-06
37.04 0.0574346 0.00268624 0.0962425 -6.7952e-06 0.0012151 1.4319e-06
37.05 0.0566534 0.00276248 0.0989793 -1.78493e-05 0.0011912 1.58164e-06
37.06 0.0558551 0.00285567 0.0989653 -2.60478e-05 0.00116496 1.75283e-06
37.07 0.0550393 0.00296766 0.096203 -2.78763e-05 0.00113604 1.9815e-06
37.08 0.0542057 0.00309088 0.0907701 -2.76848e-05 0.00110518 2.13221e-06
37.09 0.0533548 0.00321076 0.0828189 -3.38734e-05 0.00107174 2.19815e-06
37.1 0.0524863 0.00331825 0.0725692 -4.88442e-05 0.00103671 2.28336e-06
37.11 0.0516009 0.00341114 0.060306 -6.87112e-05 0.000999654 2.6043e-06
37.12 0.0506987 0.00348826 0.0463682 -8.84663e-05 0.000961278 3.13336e-06
37.13 0.0497803 0.0035473 0.0311421 -0.000104706 0.000921732 3.57869e-06
37.14 0.0488464 0.00358438 0.0150498 -0.000116159 0.000881167 3.75444e-06
37.15 0.047897 0.00359524 -0.0014631 -0.000122874 0.000840293 3.72028e-06
37.16 0.0469336 0.00357627 -0.0179372 -0.000125424 0.000798909 3.75028e-06
37.17 0.0459556 0.0035251 -0.0339154 -0.000124409 0.000757822 4.05663e-06
37.18 0.0449645 0.00344107 -0.0489519 -0.00012025 0.000716973 4.57114e-06
37.19 0.04396 0.00332496 -0.0626275 -0.000113215 0.00067673 4.97736e-06
37.2 0.0429427 0.00317862 -0.07456 -0.000103549 0.000637536 5.14295e-06
37.21 0.0419128 0.00300453 -0.0844149 -9.16714e-05 0.000599122 5.15156e-06
37.22 0.04087 0.00280565 -0.0919165 -7.82423e-05 0.000562353 5.2529e-06
37.23 0.0398147 0.00258548 -0.0968529 -6.41177e-05 0.000526602 5.65068e-06
37.24 0.0387459 0.00234816 -0.0990862 -5.01228e-05 0.00049269 6.15217e-06
37.25 0.0376638 0.00209848 -0.0985523 -3.68525e-05 0.000460151 6.5439e-06
37.26 0.0365676 0.00184153 -0.0952664 -2.45511e-05 0.000429272 6.70479e-06
37.27 0.0354564 0.00158258 -0.0893207 -1.31643e-05 0.000400093 6.74829e-06
37.28 0.03433 0.00132687 -0.0808818 -2.47579e-06 0.000372236 6.9516e-06
37.29 0.0331867 0.00107958 -0.0701878 7.73612e-06 0.000346135 7.37029e-06
37.3 0.0320266 0.000845792 -0.0575383 1.75787e-05 0.000321086 7.83465e-06
37.31 0.0308481 0.00063004 -0.0432898 2.70306e-05 0.00029744 8.12402e-06
37.32 0.0296509 0.000436234 -0.0278412 3.59281e-05 0.00027471 8.18262e-06
37.33 0.028434 0.000267406 -0.0116262 4.40188e-05 0.000252713 8.16841e-06
37.34 0.0271968 0.000125798 0.00490155 5.0984e-05 0.000231495 8.33236e-06
37.35 0.0259392 1.30066e-05 0.0212807 5.64757e-05 0.000210291 8.67361e-06
37.36 0.0246602 -7.01727e-05 0.0370541 6.01685e-05 0.000189538 8.99867e-06
37.37 0.0233605 -0.00012377 0.0517838 6.17929e-05 0.000168292 9.15158e-06
37.38 0.0220393 -0.000148915 0.0650603 6.11922e-05 0.00014691 9.07683e-06
37.39 0.0206976 -0.0001477 0.0765169 5.83296e-05 0.000124825 9.01373e-06
37.4 0.0193354 -0.000123052 0.0858373 5.33068e-05 0.00010192 9.13748e-06
37.41 0.0179533 -7.84592e-05 0.092765 4.63525e-05 7.82853e-05 9.38628e-06
37.42 0.0165523 -1.78873e-05 0.0971109 3.78207e-05 5.33383e-05 9.6153e-06
37.43 0.0151329 5.41812e-05 0.0987563 2.81733e-05 2.76377e-05 9.6243e-06
37.44 0.0136967 0.000132864 0.0976586 1.79288e-05 5.59485e-07 9.47505e-06
37.45 0.0122444 0.000212919 0.0938491 7.61811e-06 -2.7371e-05 9.3817e-06
37.46 0.0107774 0.00028919 0.0874355 -2.2891e-06 -5.63073e-05 9.4624e-06
37.47 0.00929703 0.000356754 0.078596 -1.14017e-05 -8.61576e-05 9.65395e-06
37.48 0.00780434 0.00041106 0.0675755 -1.94222e-05 -0.000116418 9.77384e-06
37.49 0.0063013 0.00044798 0.0546801 -2.61395e-05 -0.000147411 9.69238e-06
37.5 0.00478835 0.000463759 0.0402658 -3.14076e-05 -0.000178267 9.49673e-06
37.51 0.00326775 0.000455297 0.024733 -3.51586e-05 -0.000209316 9.41522e-06
37.52 0.00173982 0.000420285 0.00851133 -3.73912e-05 -0.000239872 9.48639e-06
37.53 0.00020639 0.000357144 -0.00794871 -3.83164e-05 -0.000269816 9.65573e-06
37.54 -0.00133187 0.000264374 -0.0241899 -3.85312e-05 -0.000299038 9.72623e-06
37.55 -0.002874 0.000142002 -0.0397606 -3.75765e-05 -0.000326853 9.6226e-06
37.56 -0.00441895 -3.95204e-06 -0.0542263 -3.16326e-05 -0.000353664 9.53135e-06
37.57 -0.00596647 -0.00016477 -0.067184 -1.74835e-05 -0.000378559 9.49383e-06
37.58 -0.00751561 -0.000340281 -0.0782702 -1.06983e-07 -0.000402007 9.43795e-06
37.59 -0.00906625 -0.000536832 -0.0871752 1.1304e-05 -0.000423412 9.29309e-06
37.6 -0.0106181 -0.000754343 -0.0936486 1.37371e-05 -0.000442852 9.154e-06
37.61 -0.0121706 -0.000985466 -0.0975083 1.07008e-05 -0.000460371 9.21885e-06
37.62 -0.0137244 -0.00122174 -0.0986458 6.86649e-06 -0.000475573 9.4667e-06
37.63 -0.0152784 -0.00145624 -0.0970283 5.26836e-06 -0.000488998 9.64387e-06
37.64 -0.0168338 -0.00168426 -0.0927016 6.76823e-06 -0.000500131 9.55352e-06
37.65 -0.0183893 -0.00190225 -0.0857866 1.09007e-05 -0.000509523 9.24976e-06
37.66 -0.0199458 -0.00210718 -0.0764782 1.67365e-05 -0.000517054 8.95779e-06
37.67 -0.0215025 -0.00229597 -0.0650378 2.33938e-05 -0.000522845 8.91717e-06
37.68 -0.0230594 -0.0024653 -0.0517869 3.02726e-05 -0.000527427 9.05195e-06
37.69 -0.0246159 -0.00261196 -0.0370982 3.70207e-05 -0.000530447 9.08262e-06
37.7 -0.0261713 -0.00273324 -0.0213829 4.34053e-05 -0.000532876 8.88539e-06
37.71 -0.0277251 -0.0028275 -0.00508218 4.91125e-05 -0.00053426 8.48556e-06
37.72 -0.029276 -0.00289419 0.011349 5.36637e-05 -0.000535489 8.16315e-06
37.73 -0.0308227 -0.00293387 0.0274513 5.64821e-05 -0.00053649 8.08156e-06
37.74 -0.0323643 -0.00294782 0.0427765 5.70937e-05 -0.00053764 8.09912e-06
37.75 -0.0338984 -0.00293802 0.0568991 5.53325e-05 -0.00053943 8.0228e-06
37.76 -0.0354242 -0.00290711 0.069427 5.14356e-05 -0.000541709 7.70847e-06
37.77 -0.0369388 -0.00285835 0.0800147 4.59779e-05 -0.000545252 7.27499e-06
37.78 -0.0384413 -0.00279563 0.0883696 3.97183e-05 -0.000549774 6.96359e-06
37.79 -0.0399287 -0.00272309 0.0942631 3.34082e-05 -0.000555786 6.85846e-06
37.8 -0.0413997 -0.00264509 0.0975337 2.7673e-05 -0.000563332 6.80094e-06
37.81 -0.0428518 -0.00256614 0.0980932 2.29606e-05 -0.000572276 6.60344e-06
37.82 -0.0442832 -0.00249079 0.0959285 1.95312e-05 -0.000583135 6.18604e-06
37.83 -0.0456921 -0.00242367 0.0911005 1.74939e-05 -0.000595192 5.69646e-06
37.84 -0.0470764 -0.00236905 0.0837449 1.68138e-05 -0.000609143 5.38669e-06
37.85 -0.0484348 -0.00233064 0.0740653 1.73565e-05 -0.000624152 5.2414e-06
37.86 -0.0497656 -0.00231146 0.0623308 1.89199e-05 -0.000640591 5.13186e-06
37.87 -0.0510675 -0.00231386 0.0488658 2.12801e-05 -0.000657995 4.87178e-06
37.88 -0.0523398 -0.00233958 0.0340434 2.42294e-05 -0.000676117 4.41166e-06
37.89 -0.0535809 -0.00238975 0.0182746 2.75944e-05 -0.000695003 3.97749e-06
37.9 -0.0547911 -0.00246471 0.00199581 3.12593e-05 -0.000713947 3.71191e-06
37.91 -0.0559687 -0.00256383 -0.0143401 3.51603e-05 -0.000733202 3.60258e-06
37.92 -0.0571148 -0.00268562 -0.03028 3.93032e-05 -0.00075211 3.49541e-06
37.93 -0.0582281 -0.00282779 -0.0453794 4.37325e-05 -0.00077065 3.20332e-06
37.94 -0.0593094 -0.00298749 -0.0592175 4.8514e-05 -0.000788679 2.76792e-06
37.95 -0.0603588 -0.00316142 -0.0714078 5.36912e-05 -0.000805651 2.38031e-06
37.96 -0.0613765 -0.00334571 -0.0816085 5.92372e-05 -0.00082201 2.15845e-06
37.97 -0.0623632 -0.00353603 -0.0895346 6.50517e-05 -0.000836883 2.05091e-06
37.98 -0.0633191 -0.00372772 -0.0949624 7.09499e-05 -0.000850931 1.89931e-06
37.99 -0.0642451 -0.00391606 -0.09774 7.66955e-05 -0.000863462 1.54755e-06
38 -0.0651415 -0.00409648 -0.0977884 8.20177e-05 -0.000874853 1.09404e-06
38.01 -0.0660089 -0.0042647 -0.0951061 8.66291e-05 -0.000885003 7.22927e-07
38.02 -0.066848 -0.00441669 -0.0897686 9.02474e-05 -0.000893781 4.8625e-07
38.03 -0.0676584 -0.00454894 -0.0819252 9.24949e-05 -0.000901675 3.59355e-07
38.04 -0.0684413 -0.0046591 -0.0717973 9.2787e-05 -0.000908273 1.21565e-07
38.05 -0.0691958 -0.00474499 -0.0596687 9.14189e-05 -0.000914233 -2.72979e-07
38.06 -0.0699225 -0.00480132 -0.0458809 9.13245e-05 -0.000919365 -6.88831e-07
38.07 -0.0706206 -0.00482219 -0.0308205 9.50674e-05 -0.000923993 -1.06376e-06
38.08 -0.0712899 -0.00480952 -0.0149099 9.9108e-05 -0.000928508 -1.41743e-06
38.09 -0.0719297 -0.00477151 0.00140519 9.67881e-05 -0.000932706 -1.83353e-06
38.1 -0.072539 -0.00471264 0.0176696 8.61684e-05 -0.000937479 -2.26038e-06
38.11 -0.0731172 -0.0046331 0.0334287 7.02858e-05 -0.000942354 -2.56969e-06
38.12 -0.0736628 -0.0045331 0.0482451 5.30779e-05 -0.000948249 -2.74777e-06
38.13 -0.0741752 -0.00441476 0.0617067 3.72702e-05 -0.000954903 -2.96821e-06
38.14 -0.0746528 -0.00428234 0.0734411 2.39449e-05 -0.000962756 -3.34581e-06
38.15 -0.0750948 -0.0041412 0.0831244 1.31718e-05 -0.000972062 -3.86839e-06
38.16 -0.0755003 -0.0039971 0.0904897 4.65663e-06 -0.000982623 -4.39909e-06
38.17 -0.0758678 -0.00385546 0.0953358 -1.89216e-06 -0.000995067 -4.73609e-06
38.18 -0.0761973 -0.00372113 0.09753 -6.5862e-06 -0.00100886 -4.95218e-06
38.19 -0.0764874 -0.00359827 0.0970145 -9.41072e-06 -0.00102452 -5.19273e-06
38.2 -0.0767384 -0.00349056 0.0938048 -1.0317e-05 -0.00104169 -5.56084e-06
38.21 -0.0769498 -0.00340134 0.0879917 -9.3887e-06 -0.00106029 -6.06614e-06
38.22 -0.0771217 -0.00333355 0.079737 -6.90087e-06 -0.00108044 -6.49537e-06
38.23 -0.0772548 -0.00328968 0.0692696 -3.26633e-06 -0.00110145 -6.75604e-06
38.24 -0.0773488 -0.00327132 0.0568802 1.10227e-06 -0.00112373 -6.90854e-06
38.25 -0.0774058 -0.00327927 0.0429112 5.95738e-06 -0.00114637 -7.08676e-06
38.26 -0.0774256 -0.00331333 0.0277501 1.12719e-05 -0.00116962 -7.39923e-06
38.27 -0.0774103 -0.00337251 0.0118166 1.72163e-05 -0.00119288 -7.78361e-06
38.28 -0.0773608 -0.00345506 -0.00444704 2.40426e-05 -0.00121587 -8.07594e-06
38.29 -0.0772789 -0.00355837 -0.020589 3.19496e-05 -0.00123856 -8.20967e-06
38.3 -0.0771662 -0.00367912 -0.0361608 4.1008e-05 -0.00126017 -8.2928e-06
38.31 -0.0770242 -0.0038134 -0.0507279 5.11165e-05 -0.00128106 -8.42514e-06
38.32 -0.0768551 -0.00395689 -0.0638845 6.20255e-05 -0.00130034 -8.71401e-06
38.33 -0.0766601 -0.00410505 -0.0752621 7.33666e-05 -0.00131832 -9.04148e-06
38.34 -0.0764412 -0.00425315 -0.0845425 8.46824e-05 -0.00133452 -9.2498e-06
38.35 -0.0762001 -0.00439633 -0.0914651 9.54714e-05 -0.00134879 -9.35422e-06
38.36 -0.0759378 -0.00452969 -0.0958352 0.000105223 -0.00136128 -9.39634e-06
38.37 -0.0756565 -0.00464861 -0.0975303 0.000113471 -0.00137143 -9.54666e-06
38.38 -0.0753562 -0.00474885 -0.0965014 0.000119822 -0.00137977 -9.82382e-06
38.39 -0.0750392 -0.00482684 -0.0927782 0.00012399 -0.00138577 -1.00965e-05
38.4 -0.074705 -0.00487963 -0.0864645 0.000125808 -0.00138981 -1.02696e-05
38.41 -0.0743552 -0.00490487 -0.0777379 0.000125232 -0.00139188 -1.03304e-05
38.42 -0.0739894 -0.004901 -0.066844 0.000122344 -0.00139185 -1.03823e-05
38.43 -0.073608 -0.00486719 -0.0540885 0.000117321 -0.00139036 -1.05513e-05
38.44 -0.0732109 -0.00480362 -0.0398303 0.000110431 -0.0013869 -1.08309e-05
38.45 -0.0727975 -0.00471135 -0.0244687 0.000101983 -0.00138239 -1.10767e-05
38.46 -0.0723677 -0.00459226 -0.00843495 9.22978e-05 -0.00137639 -1.12301e-05
38.47 -0.0719206 -0.00444894 0.0078231 8.16838e-05 -0.0013696 -1.12868e-05
38.48 -0.0714555 -0.00428455 0.0238511 7.04251e-05 -0.00136205 -1.1356e-05
38.49 -0.0709718 -0.0041029 0.0392025 5.87918e-05 -0.00135392 -1.15645e-05
38.5 -0.0704681 -0.00390834 0.0534508 4.7026e-05 -0.00134576 -1.18183e-05
38.51 -0.0699447 -0.00370563 0.0662003 3.53575e-05 -0.00133731 -1.20367e-05
38.52 -0.0693996 -0.0034997 0.0770991 2.39948e-05 -0.00132929 -1.21429e-05
38.53 -0.0688336 -0.00329555 0.0858459 1.30908e-05 -0.00132146 -1.2148e-05
38.54 -0.068245 -0.00309833 0.0922009 2.67669e-06 -0.00131415 -1.2211e-05
38.55 -0.0676346 -0.00291271 0.09599 -6.84556e-06 -0.00130754 -1.23499e-05
38.56 -0.0670018 -0.00274134 0.0971105 -1.39181e-05 -0.00130131 -1.2507e-05
38.57 -0.0663469 -0.00258567 0.0955338 -1.71983e-05 -0.00129606 -1.26112e-05
38.58 -0.0656706 -0.00244978 0.0913045 -1.81333e-05 -0.001291 -1.26515e-05
38.59 -0.0649733 -0.00233938 0.084542 -1.9646e-05 -0.00128679 -1.26704e-05
38.6 -0.0642561 -0.00225742 0.0754335 -2.25982e-05 -0.00128266 -1.26992e-05
38.61 -0.0635199 -0.00220374 0.0642321 -2.5682e-05 -0.00127883 -1.26808e-05
38.62 -0.0627659 -0.00217702 0.0512481 -2.72578e-05 -0.00127498 -1.25923e-05
38.63 -0.0619958 -0.00217575 0.0368407 -2.62982e-05 -0.00127072 -1.25025e-05
38.64 -0.0612103 -0.00219831 0.0214097 -2.25895e-05 -0.00126617 -1.24072e-05
38.65 -0.0604119 -0.00224263 0.00538201 -1.64251e-05 -0.0012606 -1.23698e-05
38.66 -0.059601 -0.00230603 -0.0107966 -8.30912e-06 -0.00125422 -1.23354e-05
38.67 -0.0587801 -0.00238506 -0.0266773 1.2305e-06 -0.00124646 -1.22234e-05
38.68 -0.0579496 -0.00247561 -0.0418177 1.17298e-05 -0.00123717 -1.20705e-05
38.69 -0.0571113 -0.00257301 -0.0557958 2.27793e-05 -0.00122637 -1.18803e-05
38.7 -0.0562662 -0.0026723 -0.0682214 3.4007e-05 -0.00121337 -1.17197e-05
38.71 -0.0554149 -0.00276847 -0.0787465 4.50017e-05 -0.00119873 -1.16133e-05
38.72 -0.0545586 -0.00285676 -0.0870767 5.53134e-05 -0.00118155 -1.14922e-05
38.73 -0.0536972 -0.00293268 -0.0929774 6.44698e-05 -0.00116246 -1.13218e-05
38.74 -0.0528314 -0.0029921 -0.0962833 7.20549e-05 -0.0011409 -1.11102e-05
38.75 -0.051961 -0.00303142 -0.0969009 7.77827e-05 -0.00111712 -1.08809e-05
38.76 -0.0510856 -0.00304748 -0.0948124 8.15219e-05 -0.00109119 -1.06911e-05
38.77 -0.0502052 -0.0030379 -0.0900767 8.33037e-05 -0.00106288 -1.05515e-05
38.78 -0.0493183 -0.003001 -0.0828262 8.32558e-05 -0.00103277 -1.03836e-05
38.79 -0.0484251 -0.00293593 -0.0732655 8.15502e-05 -0.00100049 -1.01879e-05
38.8 -0.0475234 -0.00284266 -0.0616625 7.83547e-05 -0.000966649 -9.96381e-06
38.81 -0.0466129 -0.00272199 -0.048344 7.38124e-05 -0.000931218 -9.7303e-06
38.82 -0.0456918 -0.00257558 -0.0336836 6.8052e-05 -0.000894409 -9.57203e-06
38.83 -0.0447587 -0.00240582 -0.0180922 6.11924e-05 -0.00085679 -9.42117e-06
38.84 -0.0438125 -0.00221583 -0.00200712 5.33546e-05 -0.000818099 -9.25434e-06
38.85 -0.0428513 -0.0020093 0.0141229 4.46616e-05 -0.000779308 -9.05742e-06
38.86 -0.0418745 -0.00179035 0.0298469 3.52589e-05 -0.000740026 -8.81004e-06
38.87 -0.0408801 -0.00156345 0.044728 2.53144e-05 -0.000701117 -8.59136e-06
38.88 -0.0398675 -0.00133327 0.0583522 1.50274e-05 -0.000662526 -8.40786e-06
38.89 -0.0388357 -0.00110465 0.0703424 4.63438e-06 -0.000624576 -8.22663e-06
38.9 -0.0377839 -0.000882308 0.0803673 -5.60759e-06 -0.000587735 -8.0172e-06
38.91 -0.0367121 -0.000670793 0.0881504 -1.54141e-05 -0.00055176 -7.76238e-06
38.92 -0.0356193 -0.000474248 0.0934789 -2.44957e-05 -0.000517384 -7.46427e-06
38.93 -0.0345066 -0.000296306 0.0962065 -3.2576e-05 -0.000484177 -7.19652e-06
38.94 -0.0333735 -0.000140089 0.0962607 -3.93995e-05 -0.000452623 -6.95259e-06
38.95 -0.032221 -8.01007e-06 0.0936412 -4.47605e-05 -0.000422572 -6.68986e-06
38.96 -0.03105 9.82104e-05 0.0884225 -4.8508e-05 -0.000393889 -6.41337e-06
38.97 -0.029861 0.000177692 0.0807502 -5.05679e-05 -0.000366875 -6.06458e-06
38.98 -0.0286559 0.00023039 0.0708369 -5.09363e-05 -0.000340847 -5.70382e-06
38.99 -0.0274351 0.000257088 0.0589582 -4.96778e-05 -0.000316296 -5.37573e-06
39 -0.0262009 0.000259346 0.0454423 -4.69216e-05 -0.000292447 -5.0441e-06
39.01 -0.0249538 0.000239416 0.0306642 -4.28452e-05 -0.000269509 -4.72292e-06
39.02 -0.0236956 0.000200265 0.015033 -3.76678e-05 -0.000247104 -4.35592e-06
39.03 -0.0224274 0.000145417 -0.00101777 -3.16096e-05 -0.000224871 -3.93939e-06
39.04 -0.0211503 7.90366e-05 -0.017042 -2.48758e-05 -0.000202976 -3.53531e-06
39.05 -0.0198656 5.49304e-06 -0.0325949 -1.77771e-05 -0.000180631 -3.15238e-06
39.06 -0.0185736 -7.12021e-05 -0.0472424 -1.09735e-05 -0.000158262 -2.79286e-06
39.07 -0.0172756 -0.000147164 -0.0605768 -5.04437e-06 -0.000135131 -2.42918e-06
39.08 -0.0159715 -0.000217637 -0.0722247 3.16944e-07 -0.000111448 -2.0086e-06
39.09 -0.0146617 -0.000277228 -0.0818605 5.86567e-06 -8.69795e-05 -1.54149e-06
39.1 -0.0133466 -0.000321541 -0.0892139 1.17254e-05 -6.14552e-05 -1.12644e-06
39.11 -0.0120253 -0.000347359 -0.094078 1.73488e-05 -3.52179e-05 -7.6468e-07
39.12 -0.0106985 -0.000352166 -0.0963165 2.20877e-05 -7.68985e-06 -4.55956e-07
39.13 -0.00936457 -0.00033395 -0.0958654 2.54888e-05 2.05616e-05 -1.34949e-07
39.14 -0.00802398 -0.000291165 -0.0927379 2.7347e-05 4.9947e-05 2.84393e-07
39.15 -0.00667516 -0.000222915 -0.0870212 2.76261e-05 8.0163e-05 7.04652e-07
39.16 -0.0053179 -0.000129039 -0.078876 2.63722e-05 0.000111053 1.09725e-06
39.17 -0.0039512 -1.02773e-05 -0.0685316 2.36755e-05 0.00014281 1.41585e-06
39.18 -0.00257413 0.00013178 -0.0562782 1.96329e-05 0.00017471 1.68012e-06
39.19 -0.00118631 0.000294731 -0.0424608 1.43631e-05 0.000207232 1.99397e-06
39.2 0.000213378 0.000475515 -0.0274662 8.01496e-06 0.000239488 2.36404e-06
39.21 0.00162512 0.000670613 -0.0117155 7.82419e-07 0.000271775 2.7451e-06
39.22 0.00304945 0.000876027 0.00435098 -7.0787e-06 0.000303535 3.08317e-06
39.23 0.0044868 0.0010875 0.0202844 -1.52787e-05 0.000334534 3.35706e-06
39.24 0.00593658 0.00130051 0.0356403 -2.35113e-05 0.000364749 3.59691e-06
39.25 0.00739951 0.00151045 0.0499922 -3.15031e-05 0.000393493 3.90265e-06
39.26 0.00887395 0.00171286 0.062941 -3.90325e-05 0.000421046 4.25217e-06
39.27 0.0103604 0.00190347 0.0741292 -4.59215e-05 0.000446717 4.60008e-06
39.28 0.0118568 0.00207841 0.0832474 -5.20382e-05 0.000470633 4.9217e-06
39.29 0.0133627 0.00223418 0.090045 -5.72711e-05 0.000492585 5.16267e-06
39.3 0.0148762 0.0023679 0.094336 -6.15363e-05 0.000512246 5.42483e-06
39.31 0.0163957 0.00247728 0.0960033 -6.47664e-05 0.000530043 5.74578e-06
39.32 0.0179195 0.00256084 0.0950035 -6.69178e-05 0.000545309 6.09749e-06
39.33 0.0194454 0.0026179 0.0913652 -6.79674e-05 0.00055881 6.46797e-06
39.34 0.0209715 0.00264854 0.0851914 -6.79175e-05 0.000569988 6.77233e-06
39.35 0.0224955 0.00265362 0.0766533 -6.68024e-05 0.000579452 7.03448e-06
39.36 0.0240152 0.00263465 0.0659881 -6.46736e-05 0.000587173 7.3212e-06
39.37 0.0255289 0.00259394 0.0534914 -6.16219e-05 0.000593302 7.65455e-06
39.38 0.0270338 0.0025344 0.039509 -5.77596e-05 0.000598391 8.01984e-06
39.39 0.028529 0.00245955 0.0244289 -5.32332e-05 0.000602249 8.37496e-06
39.4 0.0300116 0.00237333 0.00866815 -4.82161e-05 0.000605636 8.6619e-06
39.41 0.0314812 0.0022799 -0.00733498 -4.28953e-05 0.000608452 8.90784e-06
39.42 0.0329356 0.00218365 -0.0231365 -3.74799e-05 0.000611145 9.19138e-06
39.43 0.0343742 0.00208896 -0.0382966 -3.21871e-05 0.000614083 9.48918e-06
39.44 0.0357959 0.00200017 -0.0523925 -2.72401e-05 0.000617132 9.82421e-06
39.45 0.0372 0.00192141 -0.0650313 -2.2846e-05 0.000621125 1.01175e-05
39.46 0.0385863 0.00185644 -0.0758588 -1.91868e-05 0.000625526 1.03308e-05
39.47 0.0399541 0.00180853 -0.0845725 -1.64129e-05 0.000631235 1.054e-05
39.48 0.0413038 0.00178031 -0.0909272 -1.46343e-05 0.000637781 1.07457e-05
39.49 0.042635 0.00177386 -0.0947447 -1.39268e-05 0.000645643 1.09898e-05
39.5 0.0439478 0.00179051 -0.0959172 -1.43229e-05 0.000654784 1.12405e-05
39.51 0.0452429 0.00183086 -0.0944114 -1.58218e-05 0.000665061 1.14283e-05
39.52 0.0465197 0.00189473 -0.0902698 -1.83712e-05 0.000676843 1.15605e-05
39.53 0.0477794 0.00198121 -0.083608 -2.18061e-05 0.000689609 1.16787e-05
39.54 0.049021 0.0020891 -0.074614 -2.5769e-05 0.000703725 1.18053e-05
39.55 0.0502457 0.00221616 -0.0635399 -3.03484e-05 0.000718781 1.19527e-05
39.56 0.0514527 0.00235723 -0.0506974 -3.7143e-05 0.000734689 1.2078e-05
39.57 0.0526423 0.00250576 -0.0364469 -4.7456e-05 0.000751494 1.21495e-05
39.58 0.0538143 0.002659 -0.021188 -5.88911e-05 0.000768523 1.22741e-05
39.59 0.0549678 0.00281718 -0.00534861 -6.7152e-05 0.00078621 1.2448e-05
39.6 0.056103 0.00297776 0.0106291 -7.07488e-05 0.000803604 1.25684e-05
39.61 0.0572184 0.00313508 0.0262985 -7.11568e-05 0.000821118 1.25783e-05
39.62 0.0583137 0.00328316 0.0412236 -7.03957e-05 0.000838036 1.24574e-05
39.63 0.0593875 0.00341709 0.0549894 -6.97842e-05 0.000854338 1.23805e-05
39.64 0.0604387 0.00353328 0.0672144 -6.96867e-05 0.000869877 1.24621e-05
39.65 0.0614662 0.00362914 0.0775608 -6.99139e-05 0.000884136 1.26252e-05
39.66 0.0624679 0.00370276 0.0857428 -7.00886e-05 0.000897434 1.27589e-05
39.67 0.0634432 0.00375262 0.0915365 -6.98789e-05 0.000909117 1.27391e-05
39.68 0.0643896 0.00377762 0.0947828 -6.91061e-05 0.000919542 1.26163e-05
39.69 0.0653062 0.00377706 0.0953946 -6.77139e-05 0.000928422 1.25546e-05
39.7 0.0661911 0.00375103 0.0933566 -6.57232e-05 0.000935752 1.26316e-05
