0.01 -4.463e-08 4.6999e-12 -0.000241439 4.54778e-11 5.10622e-08 1.27493e-12
0.02 -4.3381e-07 1.63375e-09 -0.00118392 1.39978e-09 5.57602e-07 1.32912e-11
0.03 -1.81861e-06 1.69809e-08 -0.00295707 1.11525e-08 2.77998e-06 3.37072e-11
0.04 -4.141e-06 7.67668e-08 -0.00530307 4.12401e-08 8.46522e-06 -1.30547e-10
0.05 -4.70074e-06 1.92542e-07 -0.00784097 7.52185e-08 1.78726e-05 -1.09223e-09
0.06 1.45171e-06 2.71244e-07 -0.0101712 2.13346e-08 2.84269e-05 -3.277e-09
0.07 1.75379e-05 1.16377e-07 -0.0119796 -2.49293e-07 3.66655e-05 -5.2187e-09
0.08 4.20584e-05 -4.17171e-07 -0.0130781 -7.66831e-07 4.15086e-05 -3.36668e-09
0.09 7.0721e-05 -1.30733e-06 -0.0134001 -1.39588e-06 4.47473e-05 4.29973e-09
0.1 0.000100642 -2.43649e-06 -0.0129847 -1.92848e-06 4.85975e-05 1.44679e-08
0.11 0.000131995 -3.72044e-06 -0.0119606 -2.21244e-06 5.35778e-05 2.03212e-08
0.12 0.000166241 -5.15071e-06 -0.0105268 -2.19654e-06 5.87825e-05 1.81556e-08
0.13 0.000203837 -6.76398e-06 -0.00892373 -1.90558e-06 6.35683e-05 1.15318e-08
0.14 0.000244012 -8.59614e-06 -0.00739703 -1.39758e-06 6.8513e-05 8.0027e-09
0.15 0.000286258 -1.06528e-05 -0.00616128 -7.33325e-07 7.4876e-05 1.15889e-08
0.16 0.000331481 -1.29035e-05 -0.00537119 3.64686e-08 8.35015e-05 1.8904e-08
0.17 0.000381639 -1.52926e-05 -0.00510482 8.72063e-07 9.43681e-05 2.29694e-08
0.18 0.00043853 -1.77566e-05 -0.0053596 1.74055e-06 0.000106959 2.06359e-08
0.19 0.000503037 -2.02373e-05 -0.0060599 2.61182e-06 0.000120787 1.57857e-08
0.2 0.000575287 -2.26853e-05 -0.00707371 3.45775e-06 0.000135543 1.5079e-08
0.21 0.000655219 -2.50549e-05 -0.00823537 4.25555e-06 0.00015092 2.09024e-08
0.22 0.000742887 -2.72989e-05 -0.009371 4.99304e-06 0.000166483 2.89692e-08
0.23 0.00083839 -2.93669e-05 -0.0103229 5.67236e-06 0.000181772 3.29537e-08
0.24 0.000941737 -3.12077e-05 -0.0109702 6.30899e-06 0.000196483 3.10854e-08
0.25 0.00105291 -3.27718e-05 -0.0112423 6.92581e-06 0.000210544 2.7715e-08
0.26 0.00117203 -3.40121e-05 -0.011125 7.54471e-06 0.000224052 2.83609e-08
0.27 0.00129949 -3.48829e-05 -0.0106574 8.1792e-06 0.000237184 3.36659e-08
0.28 0.00143584 -3.5342e-05 -0.00992298 8.83043e-06 0.000250157 3.87042e-08
0.29 0.00158172 -3.5355e-05 -0.00903403 9.4873e-06 0.00026323 3.82671e-08
0.3 0.00173769 -3.48976e-05 -0.00811434 1.01294e-05 0.000276681 3.24074e-08
0.31 0.00190427 -3.39557e-05 -0.00728157 1.0731e-05 0.00029074 2.63492e-08
0.32 0.00208188 -3.25207e-05 -0.00663188 1.12657e-05 0.000305529 2.49595e-08
0.33 0.00227087 -3.05858e-05 -0.00622886 1.171e-05 0.000321045 2.77076e-08
0.34 0.00247149 -2.81473e-05 -0.00609777 1.20468e-05 0.000337184 2.94084e-08
0.35 0.00268391 -2.52076e-05 -0.00622556 1.22673e-05 0.000353778 2.58393e-08
0.36 0.00290832 -2.17782e-05 -0.00656613 1.23718e-05 0.00037062 1.81865e-08
0.37 0.00314495 -1.78784e-05 -0.00704965 1.23698e-05 0.000387488 1.16604e-08
0.38 0.0033941 -1.35292e-05 -0.00759426 1.22776e-05 0.000404164 9.86681e-09
0.39 0.00365617 -8.75012e-06 -0.00811852 1.21167e-05 0.00042046 1.09751e-08
0.4 0.00393158 -3.55819e-06 -0.00855251 1.19111e-05 0.000436247 9.69776e-09
0.41 0.00422077 2.02922e-06 -0.00884652 1.16846e-05 0.000451461 2.87833e-09
0.42 0.00452418 7.99316e-06 -0.00897612 1.14579e-05 0.0004661 -7.28119e-09
0.43 0.00484217 1.43152e-05 -0.00894323 1.12463e-05 0.000480212 -1.56959e-08
0.44 0.00517505 2.09814e-05 -0.00877353 1.10581e-05 0.000493881 -1.98346e-08
0.45 0.005523 2.79846e-05 -0.00851067 1.08947e-05 0.000507207 -2.23162e-08
0.46 0.00588613 3.5322e-05 -0.00820853 1.07513e-05 0.000520291 -2.79837e-08
0.47 0.00626448 4.29918e-05 -0.00792268 1.06189e-05 0.000533222 -3.86776e-08
0.48 0.00665804 5.09912e-05 -0.00770225 1.04864e-05 0.000546059 -5.12813e-08
0.49 0.00706676 5.93181e-05 -0.00758349 1.03422e-05 0.000558828 -6.10391e-08
0.5 0.00749063 6.79738e-05 -0.00758548 1.01761e-05 0.000571518 -6.65438e-08
0.51 0.00792962 7.69635e-05 -0.00770865 9.98129e-06 0.000584087 -7.10954e-08
0.52 0.00838374 8.62937e-05 -0.00793603 9.75455e-06 0.000596464 -7.90817e-08
0.53 0.008853 9.5968e-05 -0.00823673 9.49712e-06 0.000608564 -9.13106e-08
0.54 0.00933741 0.000105986 -0.00857113 9.21371e-06 0.000620295 -1.04237e-07
0.55 0.00983693 0.000116346 -0.00889682 8.91114e-06 0.000631571 -1.1381e-07
0.56 0.0103515 0.000127046 -0.00917451 8.5971e-06 0.00064232 -1.19776e-07
0.57 0.010881 0.000138085 -0.00937304 8.27936e-06 0.000652493 -1.25874e-07
0.58 0.0114252 0.000149461 -0.00947288 7.96506e-06 0.000662067 -1.35815e-07
0.59 0.0119838 0.000161167 -0.00946781 7.6596e-06 0.000671046 -1.49378e-07
0.6 0.0125566 0.000173192 -0.00936469 7.3653e-06 0.000679458 -1.62722e-07
0.61 0.0131432 0.000185519 -0.00918146 7.08086e-06 0.000687351 -1.72498e-07
0.62 0.0137433 0.000198133 -0.0089439 6.802e-06 0.000694781 -1.79324e-07
0.63 0.0143565 0.000211015 -0.00868157 6.52283e-06 0.00070181 -1.86995e-07
0.64 0.0149823 0.000224144 -0.00842364 6.23733e-06 0.000708491 -1.98343e-07
0.65 0.0156206 0.000237493 -0.00819519 5.94051e-06 0.000714868 -2.12215e-07
0.66 0.0162708 0.000251031 -0.00801436 5.62914e-06 0.000720966 -2.24718e-07
0.67 0.0169327 0.000264723 -0.00789075 5.30212e-06 0.000726791 -2.33345e-07
0.68 0.0176058 0.000278537 -0.00782514 4.96094e-06 0.000732337 -2.39547e-07
0.69 0.0182899 0.00029244 -0.00781042 4.60983e-06 0.000737577 -2.4709e-07
0.7 0.0189845 0.000306398 -0.00783358 4.25576e-06 0.000742483 -2.58007e-07
0.71 0.0196892 0.000320375 -0.00787827 3.90781e-06 0.000747022 -2.70477e-07
0.72 0.0204035 0.000334335 -0.00792761 3.57623e-06 0.000751166 -2.80826e-07
0.73 0.021127 0.000348247 -0.00796682 3.27137e-06 0.000754899 -2.87441e-07
0.74 0.021859 0.000362085 -0.00798525 3.00286e-06 0.00075822 -2.92426e-07
0.75 0.0225991 0.000375828 -0.00797772 2.77904e-06 0.00076114 -2.99299e-07
0.76 0.0233466 0.000389462 -0.00794484 2.60657e-06 0.00076369 -3.09239e-07
0.77 0.024101 0.000402972 -0.00789253 2.49013e-06 0.00076591 -3.19883e-07
0.78 0.0248616 0.000416353 -0.0078308 2.43214e-06 0.000767849 -3.27887e-07
0.79 0.0256278 0.000429607 -0.00777196 2.43273e-06 0.000769562 -3.32462e-07
0.8 0.0263989 0.000442745 -0.00772866 2.49013e-06 0.000771099 -3.36139e-07
0.81 0.0271742 0.000455784 -0.007712 2.60118e-06 0.000772507 -3.42019e-07
0.82 0.0279529 0.00046875 -0.00772993 2.76174e-06 0.000773825 -3.5048e-07
0.83 0.0287345 0.000481668 -0.00778624 2.96688e-06 0.000775081 -3.58842e-07
0.84 0.0295181 0.000494572 -0.00788009 3.21088e-06 0.000776295 -3.64267e-07
0.85 0.030303 0.000507499 -0.00800624 3.48721e-06 0.000777477 -3.66771e-07
0.86 0.0310884 0.000520495 -0.00815588 3.78869e-06 0.000778633 -3.69167e-07
0.87 0.0318735 0.000533604 -0.00831776 4.10763e-06 0.000779767 -3.7405e-07
0.88 0.0326577 0.000546871 -0.0084797 4.43587e-06 0.000780883 -3.81091e-07
0.89 0.0334401 0.00056034 -0.00862998 4.76466e-06 0.000781989 -3.87469e-07
0.9 0.03422 0.00057405 -0.00875862 5.08452e-06 0.0007831 -3.90925e-07
0.91 0.0349967 0.000588041 -0.00885839 5.38539e-06 0.000784234 -3.92151e-07
0.92 0.0357694 0.00060235 -0.00892526 5.657e-06 0.000785419 -3.94009e-07
0.93 0.0365375 0.000617008 -0.00895853 5.88939e-06 0.000786688 -3.98475e-07
0.94 0.0373002 0.000632035 -0.00896047 6.07337e-06 0.000788074 -4.04574e-07
0.95 0.0380569 0.000647445 -0.00893564 6.20081e-06 0.000789616 -4.09477e-07
0.96 0.0388069 0.000663244 -0.00889004 6.26493e-06 0.000791349 -4.11522e-07
0.97 0.0395497 0.000679432 -0.0088301 6.26066e-06 0.000793305 -4.1194e-07
0.98 0.0402845 0.000696 -0.00876187 6.18506e-06 0.000795513 -4.13485e-07
0.99 0.0410109 0.000712933 -0.00869025 6.03761e-06 0.000797996 -4.17484e-07
1 0.0417282 0.000730204 -0.00861861 5.82022e-06 0.000800771 -4.22462e-07
1.01 0.0424361 0.000747778 -0.00854861 5.53696e-06 0.000803849 -4.25741e-07
1.02 0.0431339 0.000765615 -0.00848036 5.19374e-06 0.000807239 -4.26285e-07
1.03 0.0438213 0.000783673 -0.0084128 4.798e-06 0.000810945 -4.25737e-07
1.04 0.0444977 0.000801904 -0.0083442 4.35856e-06 0.000814969 -4.26611e-07
1.05 0.0451628 0.000820257 -0.00827281 3.88527e-06 0.000819315 -4.29595e-07
1.06 0.0458163 0.000838679 -0.00819736 3.38883e-06 0.000823985 -4.32839e-07
1.07 0.0464576 0.000857114 -0.00811757 2.88068e-06 0.000828985 -4.33931e-07
1.08 0.0470864 0.000875513 -0.00803434 2.37284e-06 0.000834321 -4.32428e-07
1.09 0.0477024 0.000893829 -0.00794989 1.87722e-06 0.000840003 -4.30264e-07
1.1 0.0483053 0.000912019 -0.00786755 1.40474e-06 0.00084604 -4.29637e-07
1.11 0.0488946 0.000930047 -0.00779148 9.64914e-07 0.000852442 -4.30657e-07
1.12 0.0494702 0.000947875 -0.0077262 5.65892e-07 0.000859219 -4.31245e-07
1.13 0.0500316 0.000965476 -0.0076761 2.14811e-07 0.000866379 -4.29334e-07
1.14 0.0505786 0.000982831 -0.00764494 -8.20039e-08 0.000873929 -4.25029e-07
1.15 0.051111 0.00099993 -0.00763545 -3.18898e-07 0.00088187 -4.20426e-07
1.16 0.0516284 0.00101677 -0.00764903 -4.90903e-07 0.000890203 -4.17342e-07
1.17 0.0521307 0.00103335 -0.00768561 -5.93908e-07 0.000898923 -4.15401e-07
1.18 0.0526176 0.00104969 -0.00774371 -6.24959e-07 0.000908024 -4.12473e-07
1.19 0.053089 0.00106581 -0.00782055 -5.82507e-07 0.000917496 -4.0697e-07
1.2 0.0535448 0.00108172 -0.00791242 -4.66463e-07 0.000927328 -3.99512e-07
1.21 0.0539848 0.00109746 -0.00801496 -2.78074e-07 0.000937508 -3.9224e-07
1.22 0.0544089 0.00111307 -0.00812361 -1.97368e-08 0.000948021 -3.86539e-07
1.23 0.054817 0.00112859 -0.00823391 3.05066e-07 0.000958856 -3.81612e-07
1.24 0.0552092 0.00114405 -0.00834185 6.91727e-07 0.000969999 -3.75393e-07
1.25 0.0555854 0.0011595 -0.00844403 1.13448e-06 0.000981438 -3.66787e-07
1.26 0.0559457 0.00117498 -0.00853777 1.6265e-06 0.000993161 -3.56831e-07
1.27 0.0562901 0.00119055 -0.00862113 2.16021e-06 0.00100515 -3.47589e-07
1.28 0.0566187 0.00120624 -0.00869283 2.72751e-06 0.0010174 -3.39988e-07
1.29 0.0569318 0.0012221 -0.00875209 3.32e-06 0.0010299 -3.32898e-07
1.3 0.0572294 0.00123816 -0.00879848 3.92905e-06 0.00104262 -3.24409e-07
1.31 0.0575117 0.00125446 -0.0088318 4.54591e-06 0.00105556 -3.13904e-07
1.32 0.0577791 0.00127103 -0.00885189 5.16187e-06 0.00106868 -3.02719e-07
1.33 0.0580318 0.00128789 -0.00885858 5.76851e-06 0.00108198 -2.9273e-07
1.34 0.05827 0.00130507 -0.00885171 6.35785e-06 0.00109541 -2.84403e-07
1.35 0.058494 0.00132259 -0.00883111 6.92248e-06 0.00110897 -2.76365e-07
1.36 0.0587043 0.00134045 -0.0087967 7.45548e-06 0.00112262 -2.66933e-07
1.37 0.0589011 0.00135866 -0.00874865 7.95049e-06 0.00113634 -2.55925e-07
1.38 0.0590849 0.00137722 -0.00868743 8.40181e-06 0.00115008 -2.44855e-07
1.39 0.0592559 0.00139614 -0.00861397 8.80462e-06 0.00116383 -2.35319e-07
1.4 0.0594146 0.0014154 -0.00852974 9.15506e-06 0.00117756 -2.27339e-07
1.41 0.0595614 0.00143501 -0.00843671 9.45026e-06 0.00119123 -2.19391e-07
1.42 0.0596965 0.00145494 -0.00833742 9.68822e-06 0.00120481 -2.10068e-07
1.43 0.0598205 0.00147519 -0.00823481 9.86783e-06 0.00121829 -1.99578e-07
1.44 0.0599337 0.00149574 -0.00813214 9.98894e-06 0.00123162 -1.89501e-07
1.45 0.0600364 0.00151659 -0.00803281 1.00524e-05 0.00124479 -1.81106e-07
1.46 0.060129 0.00153771 -0.0079402 1.00602e-05 0.00125776 -1.74021e-07
1.47 0.0602119 0.00155909 -0.00785745 1.0015e-05 0.0012705 -1.66675e-07
1.48 0.0602855 0.00158073 -0.00778733 9.92032e-06 0.00128299 -1.57978e-07
1.49 0.06035 0.00160261 -0.00773209 9.78029e-06 0.00129521 -1.48472e-07
1.5 0.0604057 0.00162472 -0.0076934 9.59955e-06 0.00130711 -1.39719e-07
1.51 0.0604531 0.00164706 -0.00767226 9.38333e-06 0.00131868 -1.32633e-07
1.52 0.0604925 0.00166963 -0.00766901 9.13725e-06 0.00132989 -1.26527e-07
1.53 0.060524 0.00169241 -0.00768341 8.86719e-06 0.00134071 -1.19869e-07
1.54 0.0605482 0.00171542 -0.00771465 8.57905e-06 0.00135112 -1.11918e-07
1.55 0.0605651 0.00173866 -0.00776145 8.2786e-06 0.00136109 -1.03478e-07
1.56 0.0605752 0.00176212 -0.00782216 7.97167e-06 0.00137059 -9.6015e-08
1.57 0.0605786 0.00178582 -0.00789484 7.66434e-06 0.00137962 -9.00822e-08
1.58 0.0605758 0.00180976 -0.00797734 7.36307e-06 0.00138814 -8.47575e-08
1.59 0.0605669 0.00183395 -0.00806739 7.07408e-06 0.00139614 -7.86529e-08
1.6 0.0605522 0.00185839 -0.00816261 6.80255e-06 0.00140361 -7.13957e-08
1.61 0.0605319 0.0018831 -0.00826055 6.55226e-06 0.00141052 -6.40005e-08
1.62 0.0605064 0.00190808 -0.00835878 6.32592e-06 0.00141687 -5.77596e-08
1.63 0.0604758 0.00193333 -0.00845483 6.12557e-06 0.00142263 -5.28631e-08
1.64 0.0604403 0.00195886 -0.0085463 5.95283e-06 0.00142781 -4.8216e-08
1.65 0.0604003 0.00198467 -0.00863083 5.80897e-06 0.00143238 -4.26165e-08
1.66 0.0603559 0.00201075 -0.00870618 5.6948e-06 0.00143634 -3.60272e-08
1.67 0.0603073 0.00203711 -0.00877028 5.61066e-06 0.00143968 -2.95911e-08
1.68 0.0602547 0.00206373 -0.00882129 5.55645e-06 0.00144239 -2.44009e-08
1.69 0.0601983 0.00209062 -0.00885765 5.53157e-06 0.00144447 -2.03514e-08
1.7 0.0601382 0.00211775 -0.00887818 5.53493e-06 0.0014459 -1.62796e-08
1.71 0.0600745 0.00214513 -0.00888212 5.56482e-06 0.00144669 -1.12187e-08
1.72 0.0600074 0.00217273 -0.00886919 5.61897e-06 0.00144682 -5.42036e-09
1.73 0.0599369 0.00220054 -0.0088396 5.69453e-06 0.0014463 -6.82206e-11
1.74 0.0598632 0.00222856 -0.00879409 5.78816e-06 0.00144513 3.98499e-09
1.75 0.0597863 0.00225676 -0.0087339 5.89606e-06 0.0014433 7.10192e-09
1.76 0.0597061 0.00228512 -0.00866074 6.01393e-06 0.00144082 1.04451e-08
1.77 0.0596228 0.00231365 -0.00857673 6.13697e-06 0.00143769 1.47259e-08
1.78 0.0595362 0.00234232 -0.00848432 6.26e-06 0.00143392 1.94547e-08
1.79 0.0594463 0.00237113 -0.00838621 6.37765e-06 0.0014295 2.34788e-08
1.8 0.059353 0.00240007 -0.00828528 6.48452e-06 0.00142445 2.62034e-08
1.81 0.0592562 0.00242915 -0.00818443 6.57536e-06 0.00141878 2.8199e-08
1.82 0.0591558 0.00245834 -0.00808655 6.64503e-06 0.0014125 3.05655e-08
1.83 0.0590516 0.00248766 -0.0079944 6.68861e-06 0.0014056 3.37478e-08
1.84 0.0589435 0.00251712 -0.00791052 6.70144e-06 0.00139812 3.70715e-08
1.85 0.0588313 0.00254672 -0.0078372 6.67925e-06 0.00139006 3.94683e-08
1.86 0.0587147 0.00257647 -0.00777641 6.61828e-06 0.00138143 4.06019e-08
1.87 0.0585934 0.00260638 -0.00772975 6.51522e-06 0.00137226 4.11981e-08
1.88 0.0584674 0.00263647 -0.00769842 6.36729e-06 0.00136256 4.22474e-08
1.89 0.0583362 0.00266675 -0.00768321 6.17211e-06 0.00135235 4.3946e-08
1.9 0.0581997 0.00269724 -0.00768447 5.92788e-06 0.00134164 4.55011e-08
1.91 0.0580575 0.00272795 -0.00770214 5.63333e-06 0.00133047 4.59865e-08
1.92 0.0579094 0.00275891 -0.00773572 5.28791e-06 0.00131885 4.53205e-08
1.93 0.057755 0.00279013 -0.00778427 4.8917e-06 0.00130681 4.43377e-08
1.94 0.0575941 0.00282161 -0.0078465 4.44537e-06 0.00129437 4.38902e-08
1.95 0.0574263 0.00285336 -0.00792071 3.95022e-06 0.00128157 4.39547e-08
1.96 0.0572513 0.0028854 -0.0080049 3.40813e-06 0.00126841 4.36864e-08
1.97 0.0570688 0.00291772 -0.00809675 2.82161e-06 0.00125494 4.2338e-08
1.98 0.0568786 0.00295031 -0.00819376 2.1938e-06 0.00124119 4.00631e-08
1.99 0.0566803 0.00298318 -0.00829323 1.52833e-06 0.00122717 3.77512e-08
2 0.0564735 0.0030163 -0.00839239 8.29245e-07 0.00121292 3.60936e-08
2.01 0.0562581 0.00304966 -0.00848847 1.00932e-07 0.00119846 3.48828e-08
2.02 0.0560337 0.00308322 -0.00857875 -6.51891e-07 0.00118383 3.32776e-08
2.03 0.0558 0.00311696 -0.00866068 -1.4242e-06 0.00116906 3.07333e-08
2.04 0.0555568 0.00315085 -0.00873193 -2.21073e-06 0.00115417 2.76024e-08
2.05 0.0553037 0.00318483 -0.00879048 -3.00614e-06 0.00113918 2.47764e-08
2.06 0.0550406 0.00321887 -0.00883466 -3.80503e-06 0.00112413 2.27685e-08
2.07 0.0547671 0.00325291 -0.00886324 -4.60187e-06 0.00110905 2.12199e-08
2.08 0.054483 0.00328691 -0.00887541 -5.39097e-06 0.00109396 1.93307e-08
2.09 0.0541881 0.0033208 -0.00887084 -6.16673e-06 0.00107889 1.67458e-08
2.1 0.0538822 0.00335455 -0.00884967 -6.92414e-06 0.00106386 1.39498e-08
2.11 0.053565 0.00338808 -0.00881253 -7.65929e-06 0.0010489 1.17665e-08
2.12 0.0532363 0.00342136 -0.00876049 -8.36961e-06 0.00103404 1.05176e-08
2.13 0.052896 0.00345432 -0.008695 -9.05404e-06 0.00101928 9.72793e-09
2.14 0.0525439 0.00348692 -0.00861794 -9.71312e-06 0.00100467 8.68409e-09
2.15 0.0521798 0.00351911 -0.00853144 -1.03488e-05 0.000990211 7.23727e-09
2.16 0.0518035 0.00355083 -0.00843792 -1.09638e-05 0.000975932 5.99803e-09
2.17 0.051415 0.00358206 -0.00833998 -1.15613e-05 0.000961851 5.72824e-09
2.18 0.0510141 0.00361274 -0.00824032 -1.21433e-05 0.000947986 6.58478e-09
2.19 0.0506007 0.00364285 -0.0081417 -1.27105e-05 0.000934356 8.0094e-09
2.2 0.0501747 0.00367236 -0.00804684 -1.32612e-05 0.000920976 9.36333e-09
2.21 0.049736 0.00370124 -0.00795836 -1.37914e-05 0.000907862 1.06213e-08
2.22 0.0492847 0.00372947 -0.0078787 -1.42953e-05 0.000895029 1.23839e-08
2.23 0.0488206 0.00375706 -0.00781005 -1.47656e-05 0.00088249 1.52208e-08
2.24 0.0483439 0.00378399 -0.00775433 -1.51946e-05 0.000870259 1.9048e-08
2.25 0.0478543 0.00381029 -0.00771309 -1.55751e-05 0.000858348 2.32004e-08
2.26 0.0473521 0.00383596 -0.00768747 -1.59015e-05 0.000846766 2.71162e-08
2.27 0.0468373 0.00386103 -0.0076782 -1.61705e-05 0.000835525 3.08923e-08
2.28 0.0463099 0.00388553 -0.00768555 -1.63819e-05 0.000824633 3.51369e-08
2.29 0.0457701 0.0039095 -0.00770933 -1.65388e-05 0.000814098 4.02888e-08
2.3 0.0452179 0.00393298 -0.00774888 -1.66483e-05 0.000803927 4.6134e-08
2.31 0.0446536 0.00395601 -0.00780311 -1.67206e-05 0.000794125 5.20273e-08
2.32 0.0440773 0.00397865 -0.0078705 -1.6769e-05 0.000784697 5.75707e-08
2.33 0.0434893 0.00400094 -0.00794917 -1.68096e-05 0.000775647 6.30197e-08
2.34 0.0428897 0.00402293 -0.00803691 -1.686e-05 0.000766975 6.89984e-08
2.35 0.0422789 0.00404465 -0.00813127 -1.69386e-05 0.000758685 7.58372e-08
2.36 0.0416571 0.00406614 -0.0082296 -1.70631e-05 0.000750774 8.32345e-08
2.37 0.0410246 0.00408743 -0.00832915 -1.72497e-05 0.000743242 9.05965e-08
2.38 0.0403819 0.00410852 -0.00842713 -1.75122e-05 0.000736086 9.76726e-08
2.39 0.0397292 0.00412943 -0.0085208 -1.78609e-05 0.000729303 1.04812e-07
2.4 0.039067 0.00415015 -0.00860756 -1.83032e-05 0.000722886 1.12579e-07
2.41 0.0383957 0.00417067 -0.00868499 -1.8843e-05 0.000716829 1.21148e-07
2.42 0.0377157 0.00419094 -0.00875094 -1.94813e-05 0.000711125 1.30124e-07
2.43 0.0370276 0.00421093 -0.0088036 -2.02163e-05 0.000705764 1.38973e-07
2.44 0.0363318 0.00423059 -0.00884152 -2.10444e-05 0.000700736 1.47594e-07
2.45 0.0356288 0.00424986 -0.00886365 -2.19601e-05 0.00069603 1.56429e-07
2.46 0.0349191 0.00426865 -0.00886941 -2.29568e-05 0.000691632 1.66015e-07
2.47 0.0342034 0.00428688 -0.00885865 -2.40271e-05 0.000687528 1.76443e-07
2.48 0.0334822 0.00430446 -0.00883168 -2.5163e-05 0.000683704 1.87328e-07
2.49 0.032756 0.0043213 -0.00878927 -2.63552e-05 0.000680143 1.98282e-07
2.5 0.0320254 0.0043373 -0.00873259 -2.75932e-05 0.000676828 2.09389e-07
2.51 0.0312911 0.00435235 -0.00866324 -2.88649e-05 0.000673741 2.21183e-07
2.52 0.0305536 0.00436634 -0.00858313 -3.01559e-05 0.000670862 2.34141e-07
2.53 0.0298136 0.00437919 -0.00849449 -3.14496e-05 0.000668173 2.48246e-07
2.54 0.0290716 0.00439079 -0.00839979 -3.2727e-05 0.000665653 2.63079e-07
2.55 0.0283284 0.00440106 -0.00830166 -3.39675e-05 0.000663282 2.78311e-07
2.56 0.0275844 0.00440992 -0.00820283 -3.5149e-05 0.000661038 2.9409e-07
2.57 0.0268404 0.00441729 -0.00810604 -3.6249e-05 0.0006589 3.10898e-07
2.58 0.026097 0.00442313 -0.008014 -3.72459e-05 0.000656847 3.29055e-07
2.59 0.0253547 0.00442739 -0.00792927 -3.81192e-05 0.000654858 3.48388e-07
2.6 0.0246142 0.00443005 -0.00785422 -3.88515e-05 0.00065291 3.68432e-07
2.61 0.023876 0.00443109 -0.00779096 -3.94281e-05 0.000650982 3.88917e-07
2.62 0.0231409 0.00443052 -0.00774124 -3.98388e-05 0.000649054 4.10047e-07
2.63 0.0224093 0.00442835 -0.00770647 -4.00775e-05 0.000647105 4.32256e-07
2.64 0.0216818 0.00442463 -0.00768762 -4.01425e-05 0.000645114 4.55732e-07
2.65 0.0209592 0.00441939 -0.00768522 -4.00367e-05 0.000643062 4.80201e-07
2.66 0.0202418 0.0044127 -0.00769934 -3.97669e-05 0.000640929 5.05197e-07
2.67 0.0195303 0.00440462 -0.0077296 -3.93436e-05 0.000638697 5.30526e-07
2.68 0.0188253 0.00439523 -0.00777513 -3.87803e-05 0.000636348 5.56421e-07
2.69 0.0181272 0.00438461 -0.00783467 -3.8093e-05 0.000633864 5.83237e-07
2.7 0.0174367 0.00437285 -0.00790654 -3.72997e-05 0.000631229 6.11016e-07
2.71 0.0167542 0.00436003 -0.00798875 -3.64199e-05 0.000628428 6.39386e-07
2.72 0.0160804 0.00434625 -0.00807899 -3.54739e-05 0.000625446 6.67886e-07
2.73 0.0154156 0.00433158 -0.00817474 -3.44827e-05 0.000622268 6.96385e-07
2.74 0.0147604 0.0043161 -0.00827332 -3.34673e-05 0.000618881 7.25129e-07
2.75 0.0141154 0.00429987 -0.008372 -3.24484e-05 0.000615275 7.54395e-07
2.76 0.0134809 0.00428296 -0.00846803 -3.14462e-05 0.000611437 7.84121e-07
2.77 0.0128575 0.0042654 -0.00855872 -3.04799e-05 0.000607356 8.13902e-07
2.78 0.0122456 0.00424725 -0.00864158 -2.95671e-05 0.000603024 8.43355e-07
2.79 0.0116456 0.00422851 -0.00871429 -2.87238e-05 0.000598432 8.72458e-07
2.8 0.0110579 0.0042092 -0.00877485 -2.79635e-05 0.000593573 9.01504e-07
2.81 0.010483 0.00418932 -0.00882158 -2.72974e-05 0.000588439 9.30733e-07
2.82 0.00992129 0.00416886 -0.0088532 -2.67337e-05 0.000583024 9.60032e-07
2.83 0.00937303 0.00414778 -0.00886883 -2.62772e-05 0.000577324 9.89017e-07
2.84 0.00883859 0.00412606 -0.00886805 -2.59299e-05 0.000571335 1.01741e-06
2.85 0.00831828 0.00410365 -0.00885089 -2.56902e-05 0.000565053 1.0453e-06
2.86 0.00781238 0.00408051 -0.00881783 -2.55532e-05 0.000558476 1.073e-06
2.87 0.00732116 0.00405659 -0.00876979 -2.55115e-05 0.000551603 1.10071e-06
2.88 0.00684482 0.00403182 -0.00870812 -2.55547e-05 0.000544433 1.12827e-06
2.89 0.00638357 0.00400616 -0.00863452 -2.56702e-05 0.000536967 1.15532e-06
2.9 0.00593758 0.00397956 -0.00855105 -2.5844e-05 0.000529207 1.18168e-06
2.91 0.00550697 0.00395197 -0.00846002 -2.60605e-05 0.000521156 1.20752e-06
2.92 0.00509186 0.00392333 -0.00836397 -2.63033e-05 0.000512817 1.23316e-06
2.93 0.00469231 0.00389363 -0.00826556 -2.65559e-05 0.000504196 1.25873e-06
2.94 0.00430837 0.00386283 -0.00816753 -2.68017e-05 0.000495298 1.28402e-06
2.95 0.00394006 0.00383092 -0.00807261 -2.70248e-05 0.000486133 1.30872e-06
2.96 0.00358734 0.00379788 -0.00798344 -2.721e-05 0.000476707 1.33273e-06
2.97 0.00325018 0.00376373 -0.00790251 -2.73433e-05 0.000467031 1.35625e-06
2.98 0.00292852 0.00372846 -0.00783206 -2.7412e-05 0.000457117 1.37957e-06
2.99 0.00262224 0.00369212 -0.00777407 -2.74053e-05 0.000446977 1.40274e-06
3 0.00233124 0.00365472 -0.00773014 -2.7314e-05 0.000436624 1.42551e-06
3.01 0.00205538 0.00361631 -0.0077015 -2.71307e-05 0.000426074 1.44758e-06
3.02 0.00179449 0.00357694 -0.00768894 -2.68498e-05 0.000415342 1.46892e-06
3.03 0.0015484 0.00353666 -0.00769282 -2.64672e-05 0.000404446 1.48975e-06
3.04 0.00131691 0.00349552 -0.00771301 -2.59804e-05 0.000393403 1.51028e-06
3.05 0.00109982 0.00345359 -0.00774894 -2.53881e-05 0.000382235 1.53046e-06
3.06 0.000896907 0.00341093 -0.00779961 -2.46907e-05 0.00037096 1.54999e-06
3.07 0.000707939 0.0033676 -0.00786359 -2.38901e-05 0.0003596 1.5686e-06
3.08 0.000532677 0.00332367 -0.00793909 -2.29901e-05 0.000348177 1.58627e-06
3.09 0.000370873 0.00327918 -0.00802399 -2.19958e-05 0.000336714 1.60322e-06
3.1 0.000222272 0.00323421 -0.00811591 -2.09137e-05 0.000325234 1.61961e-06
3.11 8.66126e-05 0.00318879 -0.00821228 -1.9751e-05 0.000313761 1.63531e-06
3.12 -3.63715e-05 0.00314297 -0.00831041 -1.85161e-05 0.00030232 1.65e-06
3.13 -0.000146951 0.00309679 -0.00840756 -1.72182e-05 0.000290935 1.66344e-06
3.14 -0.000245402 0.0030503 -0.00850102 -1.58678e-05 0.000279632 1.67566e-06
3.15 -0.000332004 0.00300351 -0.00858818 -1.44761e-05 0.000268435 1.68687e-06
3.16 -0.00040704 0.00295646 -0.00866662 -1.30551e-05 0.00025737 1.69717e-06
3.17 -0.000470798 0.00290916 -0.00873416 -1.16169e-05 0.000246462 1.70641e-06
3.18 -0.000523568 0.00286162 -0.00878892 -1.0174e-05 0.000235735 1.71428e-06
3.19 -0.000565645 0.00281386 -0.00882937 -8.73827e-06 0.000225214 1.72061e-06
3.2 -0.000597329 0.00276588 -0.00885441 -7.32124e-06 0.000214924 1.72549e-06
3.21 -0.000618922 0.0027177 -0.00886334 -5.9337e-06 0.000204886 1.72911e-06
3.22 -0.00063073 0.00266932 -0.00885591 -4.58558e-06 0.000195126 1.73154e-06
3.23 -0.000633064 0.00262075 -0.00883234 -3.28583e-06 0.000185665 1.73258e-06
3.24 -0.000626236 0.002572 -0.00879328 -2.04226e-06 0.000176525 1.73195e-06
3.25 -0.000610564 0.00252307 -0.00873982 -8.61478e-07 0.000167727 1.72957e-06
3.26 -0.000586364 0.00247399 -0.00867344 2.51168e-07 0.000159291 1.72556e-06
3.27 -0.000553956 0.00242477 -0.00859598 1.29159e-06 0.000151237 1.7201e-06
3.28 -0.00051366 0.00237543 -0.0085096 2.25693e-06 0.000143584 1.71322e-06
3.29 -0.000465793 0.00232601 -0.0084167 3.14557e-06 0.000136348 1.70471e-06
3.3 -0.000410672 0.00227653 -0.00831985 3.9571e-06 0.000129548 1.69435e-06
3.31 -0.000348609 0.00222704 -0.00822175 4.69229e-06 0.000123199 1.6821e-06
3.32 -0.00027991 0.00217757 -0.00812512 5.35303e-06 0.000117317 1.66815e-06
3.33 -0.000204874 0.00212818 -0.00803265 5.94229e-06 0.000111917 1.65266e-06
3.34 -0.00012379 0.0020789 -0.00794691 6.4641e-06 0.000107011 1.63563e-06
3.35 -3.69368e-05 0.0020298 -0.00787029 6.92343e-06 0.000102612 1.61686e-06
3.36 5.54206e-05 0.00198092 -0.00780492 7.32621e-06 9.8733e-05 1.59617e-06
3.37 0.000153032 0.00193232 -0.00775263 7.67918e-06 9.5384e-05 1.57363e-06
3.38 0.000255664 0.00188405 -0.00771486 7.98984e-06 9.25751e-05 1.54941e-06
3.39 0.0003631 0.00183615 -0.00769268 8.26625e-06 9.03157e-05 1.52369e-06
3.4 0.000475145 0.00178869 -0.00768669 8.51692e-06 8.86136e-05 1.49642e-06
3.41 0.000591624 0.00174169 -0.00769706 8.75063e-06 8.74762e-05 1.46743e-06
3.42 0.000712384 0.00169519 -0.0077235 8.97627e-06 8.69097e-05 1.4366e-06
3.43 0.000837294 0.00164924 -0.00776527 9.20271e-06 8.6919e-05 1.40404e-06
3.44 0.000966247 0.00160384 -0.00782119 9.43852e-06 8.75085e-05 1.36996e-06
3.45 0.00109916 0.00155902 -0.0078897 9.69187e-06 8.86813e-05 1.3345e-06
3.46 0.00123597 0.00151479 -0.00796888 9.97032e-06 9.04392e-05 1.29759e-06
3.47 0.00137663 0.00147116 -0.00805652 1.02807e-05 9.27834e-05 1.25908e-06
3.48 0.00152114 0.00142811 -0.00815016 1.0629e-05 9.57133e-05 1.21892e-06
3.49 0.0016695 0.00138564 -0.00824719 1.10201e-05 9.92276e-05 1.17726e-06
3.5 0.00182173 0.00134373 -0.00834491 1.14581e-05 0.000103324 1.13431e-06
3.51 0.00197789 0.00130237 -0.00844059 1.19455e-05 0.000107998 1.09017e-06
3.52 0.00213802 0.00126153 -0.00853157 1.2484e-05 0.000113244 1.04474e-06
3.53 0.00230222 0.00122117 -0.00861532 1.30736e-05 0.000119057 9.97915e-07
3.54 0.00247058 0.00118128 -0.00868952 1.37136e-05 0.000125429 9.49679e-07
3.55 0.00264321 0.00114183 -0.0087521 1.44014e-05 0.00013235 9.00199e-07
3.56 0.00282022 0.00110279 -0.00880134 1.51337e-05 0.00013981 8.49662e-07
3.57 0.00300175 0.00106414 -0.00883588 1.5905e-05 0.000147797 7.98114e-07
3.58 0.00318795 0.00102586 -0.00885477 1.67085e-05 0.000156299 7.45454e-07
3.59 0.00337895 0.000987935 -0.00885749 1.7536e-05 0.000165301 6.91585e-07
3.6 0.00357492 0.000950358 -0.00884398 1.83791e-05 0.000174787 6.3656e-07
3.61 0.00377602 0.000913131 -0.00881463 1.92292e-05 0.000184741 5.80557e-07
3.62 0.00398241 0.000876263 -0.00877026 2.00779e-05 0.000195145 5.23714e-07
3.63 0.00419426 0.000839771 -0.0087121 2.09163e-05 0.000205979 4.66003e-07
3.64 0.00441176 0.000803682 -0.00864179 2.17353e-05 0.000217223 4.07286e-07
3.65 0.00463508 0.00076803 -0.00856128 2.25253e-05 0.000228857 3.47485e-07
3.66 0.00486439 0.000732856 -0.00847281 2.32765e-05 0.000240859 2.86686e-07
3.67 0.00509989 0.00069821 -0.00837885 2.39793e-05 0.000253205 2.25074e-07
3.68 0.00534176 0.000664147 -0.00828201 2.46245e-05 0.000265874 1.62758e-07
3.69 0.00559019 0.000630726 -0.00818499 2.52036e-05 0.00027884 9.96868e-08
3.7 0.00584537 0.000598013 -0.0080905 2.57088e-05 0.00029208 3.57369e-08
3.71 0.00610749 0.000566071 -0.00800116 2.61334e-05 0.000305568 -2.91278e-08
3.72 0.00637676 0.000534966 -0.00791948 2.64719e-05 0.000319282 -9.47847e-08
3.73 0.00665337 0.000504763 -0.00784773 2.67202e-05 0.000333194 -1.61048e-07
3.74 0.00693753 0.000475522 -0.00778792 2.68758e-05 0.000347281 -2.27827e-07
3.75 0.00722945 0.000447297 -0.00774172 2.69378e-05 0.000361518 -2.95176e-07
3.76 0.00752932 0.000420137 -0.00771042 2.69069e-05 0.000375879 -3.63181e-07
3.77 0.00783736 0.000394084 -0.00769491 2.67857e-05 0.000390341 -4.31822e-07
3.78 0.00815378 0.000369166 -0.00769561 2.65783e-05 0.000404878 -5.00932e-07
3.79 0.00847879 0.000345405 -0.0077125 2.62904e-05 0.000419468 -5.70317e-07
3.8 0.00881259 0.000322809 -0.00774513 2.59292e-05 0.000434086 -6.39895e-07
3.81 0.0091554 0.000301375 -0.00779257 2.55027e-05 0.00044871 -7.09701e-07
3.82 0.00950741 0.000281089 -0.00785351 2.50204e-05 0.000463317 -7.79773e-07
3.83 0.00986883 0.000261924 -0.00792624 2.44922e-05 0.000477886 -8.50027e-07
3.84 0.0102398 0.000243842 -0.00800873 2.3929e-05 0.000492395 -9.20253e-07
3.85 0.0106206 0.000226794 -0.00809867 2.33418e-05 0.000506823 -9.90251e-07
3.86 0.0110114 0.000210723 -0.00819357 2.27421e-05 0.000521151 -1.05994e-06
3.87 0.0114122 0.000195565 -0.00829077 2.2141e-05 0.000535359 -1.12934e-06
3.88 0.0118233 0.000181246 -0.00838756 2.15499e-05 0.000549429 -1.19845e-06
3.89 0.0122448 0.00016769 -0.00848126 2.09793e-05 0.000563343 -1.26713e-06
3.9 0.0126767 0.00015482 -0.00856925 2.04395e-05 0.000577084 -1.33518e-06
3.91 0.0131193 0.000142556 -0.0086491 1.99394e-05 0.000590635 -1.40241e-06
3.92 0.0135725 0.00013082 -0.00871859 1.94873e-05 0.000603981 -1.46877e-06
3.93 0.0140364 0.000119539 -0.0087758 1.90897e-05 0.000617107 -1.53428e-06
3.94 0.0145111 0.000108645 -0.00881915 1.87518e-05 0.000629998 -1.59894e-06
3.95 0.0149966 9.80759e-05 -0.00884744 1.84772e-05 0.000642641 -1.66259e-06
3.96 0.0154927 8.778e-05 -0.00885989 1.82676e-05 0.000655023 -1.72506e-06
3.97 0.0159996 7.77152e-05 -0.00885618 1.81228e-05 0.000667132 -1.78621e-06
3.98 0.016517 6.78506e-05 -0.00883642 1.80409e-05 0.000678956 -1.84603e-06
3.99 0.017045 5.81671e-05 -0.00880116 1.80183e-05 0.000690486 -1.90457e-06
4 0.0175834 4.8658e-05 -0.00875138 1.80497e-05 0.000701711 -1.96183e-06
4.01 0.0181321 3.93284e-05 -0.00868849 1.81282e-05 0.000712623 -2.01767e-06
4.02 0.0186908 3.01952e-05 -0.00861422 1.82454e-05 0.000723214 -2.07197e-06
4.03 0.0192594 2.12856e-05 -0.00853065 1.83915e-05 0.000733476 -2.12465e-06
4.04 0.0198378 1.26355e-05 -0.0084401 1.85551e-05 0.000743403 -2.17575e-06
4.05 0.0204256 4.28837e-06 -0.00834508 1.87235e-05 0.000752992 -2.22533e-06
4.06 0.0210225 -3.70718e-06 -0.00824825 1.88838e-05 0.000762238 -2.27334e-06
4.07 0.0216284 -1.12993e-05 -0.0081523 1.90233e-05 0.000771137 -2.31967e-06
4.08 0.022243 -1.84346e-05 -0.00805989 1.91302e-05 0.00077969 -2.36417e-06
4.09 0.0228658 -2.50596e-05 -0.0079736 1.91955e-05 0.000787894 -2.40679e-06
4.1 0.0234966 -3.11206e-05 -0.00789584 1.9214e-05 0.000795752 -2.44759e-06
4.11 0.024135 -3.65649e-05 -0.00782877 1.91856e-05 0.000803266 -2.48663e-06
4.12 0.0247807 -4.13418e-05 -0.00777426 1.91137e-05 0.000810437 -2.52395e-06
4.13 0.0254333 -4.54046e-05 -0.00773383 1.90049e-05 0.000817273 -2.55951e-06
4.14 0.0260924 -4.87112e-05 -0.0077086 1.88671e-05 0.000823777 -2.59327e-06
4.15 0.0267577 -5.12248e-05 -0.00769929 1.87088e-05 0.000829957 -2.62526e-06
4.16 0.0274286 -5.29146e-05 -0.00770615 1.85374e-05 0.000835822 -2.65554e-06
4.17 0.0281048 -5.37562e-05 -0.00772897 1.8359e-05 0.00084138 -2.68417e-06
4.18 0.0287858 -5.37316e-05 -0.00776713 1.81771e-05 0.000846642 -2.71113e-06
4.19 0.0294713 -5.28305e-05 -0.00781954 1.79923e-05 0.00085162 -2.73635e-06
4.2 0.0301606 -5.10502e-05 -0.00788474 1.7802e-05 0.000856326 -2.75976e-06
4.21 0.0308535 -4.83967e-05 -0.0079609 1.76001e-05 0.000860774 -2.78134e-06
4.22 0.0315493 -4.48849e-05 -0.00804589 1.73781e-05 0.000864977 -2.80107e-06
4.23 0.0322476 -4.05385e-05 -0.00813733 1.71262e-05 0.000868952 -2.81894e-06
4.24 0.032948 -3.53897e-05 -0.00823267 1.68342e-05 0.000872712 -2.83484e-06
4.25 0.0336498 -2.94788e-05 -0.00832924 1.64934e-05 0.000876276 -2.84867e-06
4.26 0.0343526 -2.28532e-05 -0.00842434 1.60968e-05 0.00087966 -2.86035e-06
4.27 0.0350559 -1.55665e-05 -0.00851533 1.56406e-05 0.000882881 -2.86989e-06
4.28 0.0357591 -7.67763e-06 -0.00859967 1.51237e-05 0.000885956 -2.87731e-06
4.29 0.0364617 7.50211e-07 -0.00867501 1.45477e-05 0.000888904 -2.88261e-06
4.3 0.0371632 9.651e-06 -0.00873927 1.39164e-05 0.000891742 -2.88575e-06
4.31 0.0378629 1.89571e-05 -0.00879065 1.32352e-05 0.000894489 -2.88667e-06
4.32 0.0385603 2.86006e-05 -0.00882774 1.25102e-05 0.000897161 -2.88532e-06
4.33 0.0392548 3.85149e-05 -0.0088495 1.17475e-05 0.000899778 -2.88173e-06
4.34 0.039946 4.86359e-05 -0.00885535 1.09529e-05 0.000902355 -2.87592e-06
4.35 0.0406332 5.8903e-05 -0.00884512 1.01315e-05 0.000904911 -2.86786e-06
4.36 0.0413158 6.92602e-05 -0.00881909 9.28738e-06 0.000907462 -2.85749e-06
4.37 0.0419933 7.96571e-05 -0.00877801 8.42419e-06 0.000910024 -2.8447e-06
4.38 0.0426651 9.00493e-05 -0.008723 7.54497e-06 0.000912614 -2.82948e-06
4.39 0.0433306 0.000100399 -0.0086556 6.65288e-06 0.000915246 -2.81181e-06
4.4 0.0439894 0.000110677 -0.00857768 5.75146e-06 0.000917937 -2.79173e-06
4.41 0.0446408 0.000120858 -0.0084914 4.84507e-06 0.000920699 -2.76919e-06
4.42 0.0452843 0.000130925 -0.00839917 3.93903e-06 0.000923548 -2.74416e-06
4.43 0.0459194 0.00014087 -0.00830353 3.03971e-06 0.000926496 -2.71659e-06
4.44 0.0465457 0.000150687 -0.00820716 2.15432e-06 0.000929556 -2.68651e-06
4.45 0.0471625 0.000160378 -0.00811273 1.29065e-06 0.00093274 -2.65397e-06
4.46 0.0477694 0.000169949 -0.00802286 4.56528e-07 0.00093606 -2.61902e-06
4.47 0.0483661 0.000179409 -0.00794006 -3.40816e-07 0.000939527 -2.58169e-06
4.48 0.0489519 0.000188768 -0.00786663 -1.09539e-06 0.000943151 -2.54195e-06
4.49 0.0495266 0.000198039 -0.00780462 -1.80294e-06 0.000946942 -2.49979e-06
4.5 0.0500896 0.000207231 -0.00775576 -2.46114e-06 0.000950909 -2.45525e-06
4.51 0.0506407 0.000216353 -0.0077214 -3.06929e-06 0.000955061 -2.40836e-06
4.52 0.0511795 0.00022541 -0.0077025 -3.62777e-06 0.000959405 -2.35915e-06
4.53 0.0517056 0.000234401 -0.00769959 -4.13711e-06 0.000963948 -2.30759e-06
4.54 0.0522188 0.000243324 -0.00771275 -4.59723e-06 0.000968698 -2.25367e-06
4.55 0.0527187 0.000252172 -0.0077416 -5.00667e-06 0.000973659 -2.1974e-06
4.56 0.0532051 0.000260932 -0.00778534 -5.36244e-06 0.000978837 -2.13886e-06
4.57 0.0536778 0.00026959 -0.00784273 -5.66035e-06 0.000984236 -2.07814e-06
4.58 0.0541365 0.000278125 -0.00791218 -5.89552e-06 0.000989859 -2.01533e-06
4.59 0.054581 0.000286514 -0.00799173 -6.06244e-06 0.000995708 -1.95045e-06
4.6 0.0550112 0.000294734 -0.00807917 -6.15486e-06 0.00100179 -1.88353e-06
4.61 0.0554268 0.000302761 -0.00817205 -6.16634e-06 0.00100809 -1.81464e-06
4.62 0.0558279 0.000310575 -0.00826777 -6.09143e-06 0.00101463 -1.74392e-06
4.63 0.0562141 0.000318156 -0.00836367 -5.92705e-06 0.00102139 -1.67155e-06
4.64 0.0565856 0.00032549 -0.00845708 -5.67352e-06 0.00102838 -1.59764e-06
4.65 0.0569421 0.000332565 -0.00854538 -5.33521e-06 0.00103558 -1.52223e-06
4.66 0.0572836 0.000339375 -0.00862614 -4.9207e-06 0.00104301 -1.44534e-06
4.67 0.0576101 0.000345922 -0.00869711 -4.44265e-06 0.00105065 -1.36704e-06
4.68 0.0579215 0.000352211 -0.00875632 -3.91741e-06 0.00105849 -1.28745e-06
4.69 0.0582179 0.000358255 -0.00880214 -3.36421e-06 0.00106652 -1.20671e-06
4.7 0.0584993 0.000364069 -0.00883329 -2.8042e-06 0.00107475 -1.1249e-06
4.71 0.0587656 0.000369678 -0.00884893 -2.2592e-06 0.00108315 -1.04204e-06
4.72 0.059017 0.000375107 -0.00884863 -1.75055e-06 0.00109172 -9.58143e-07
4.73 0.0592534 0.000380388 -0.0088324 -1.29798e-06 0.00110045 -8.73311e-07
4.74 0.059475 0.000385554 -0.00880072 -9.18832e-07 0.00110931 -7.877e-07
4.75 0.0596819 0.000390642 -0.00875445 -6.27543e-07 0.0011183 -7.01468e-07
4.76 0.0598742 0.000395687 -0.00869491 -4.35469e-07 0.0011274 -6.14718e-07
4.77 0.060052 0.000400725 -0.00862374 -3.51006e-07 0.00113659 -5.27506e-07
4.78 0.0602155 0.000405792 -0.00854293 -3.79868e-07 0.00114586 -4.39896e-07
4.79 0.0603648 0.000410918 -0.00845473 -5.25462e-07 0.00115519 -3.52004e-07
4.8 0.0605 0.000416132 -0.0083616 -7.89245e-07 0.00116455 -2.63984e-07
4.81 0.0606215 0.000421455 -0.00826612 -1.171e-06 0.00117394 -1.75958e-07
4.82 0.0607294 0.000426904 -0.00817097 -1.66902e-06 0.00118332 -8.79784e-08
4.83 0.060824 0.000432488 -0.00807878 -2.28016e-06 0.00119269 -4.80134e-11
4.84 0.0609054 0.000438207 -0.00799213 -2.99975e-06 0.00120201 8.7815e-08
4.85 0.0609739 0.000444053 -0.00791343 -3.8215e-06 0.00121127 1.75542e-07
4.86 0.0610299 0.000450008 -0.00784489 -4.73723e-06 0.00122045 2.63043e-07
4.87 0.0610735 0.000456045 -0.00778842 -5.73671e-06 0.00122953 3.50261e-07
4.88 0.0611051 0.000462127 -0.0077456 -6.80754e-06 0.00123848 4.37197e-07
4.89 0.0611249 0.000468209 -0.00771762 -7.93514e-06 0.00124728 5.2388e-07
4.9 0.0611333 0.000474236 -0.00770527 -9.10294e-06 0.00125592 6.10304e-07
4.91 0.0611306 0.000480143 -0.00770889 -1.02926e-05 0.00126437 6.96409e-07
4.92 0.0611171 0.00048586 -0.00772839 -1.14845e-05 0.00127262 7.82125e-07
4.93 0.0610932 0.000491311 -0.00776322 -1.26578e-05 0.00128063 8.67418e-07
4.94 0.0610591 0.000496413 -0.00781241 -1.37915e-05 0.0012884 9.52303e-07
4.95 0.0610151 0.000501085 -0.00787459 -1.48643e-05 0.00129591 1.03681e-06
4.96 0.0609617 0.000505239 -0.00794801 -1.58556e-05 0.00130313 1.12091e-06
4.97 0.0608991 0.000508794 -0.00803063 -1.67456e-05 0.00131005 1.20455e-06
4.98 0.0608276 0.000511668 -0.00812013 -1.75159e-05 0.00131666 1.28765e-06
4.99 0.0607476 0.000513787 -0.00821404 -1.81498e-05 0.00132292 1.37016e-06
5 0.0606594 0.000515084 -0.00830972 -1.86328e-05 0.00132884 1.4521e-06
5.01 0.0605632 0.000515501 -0.00840451 -1.89531e-05 0.00133439 1.53344e-06
5.02 0.0604593 0.000514993 -0.00849577 -1.91017e-05 0.00133956 1.61413e-06
5.03 0.0603481 0.000513527 -0.00858097 -1.90729e-05 0.00134433 1.69405e-06
5.04 0.0602298 0.000511083 -0.00865774 -1.88643e-05 0.0013487 1.77308e-06
5.05 0.0601046 0.000507658 -0.00872395 -1.84773e-05 0.00135264 1.85115e-06
5.06 0.0599729 0.000503265 -0.00877777 -1.79172e-05 0.00135615 1.92822e-06
5.07 0.0598347 0.00049793 -0.00881772 -1.71937e-05 0.00135921 2.00419e-06
5.08 0.0596905 0.000491696 -0.00884269 -1.63207e-05 0.00136182 2.07895e-06
5.09 0.0595403 0.000484617 -0.008852 -1.53163e-05 0.00136396 2.15237e-06
5.1 0.0593843 0.000476763 -0.0088454 -1.42013e-05 0.00136562 2.22433e-06
5.11 0.0592228 0.000468215 -0.00882308 -1.29983e-05 0.0013668 2.29475e-06
5.12 0.0590559 0.000459064 -0.00878568 -1.17314e-05 0.00136749 2.36353e-06
5.13 0.0588837 0.000449407 -0.00873423 -1.04259e-05 0.00136768 2.43054e-06
5.14 0.0587065 0.00043935 -0.00867016 -9.10812e-06 0.00136736 2.49561e-06
5.15 0.0585243 0.000428999 -0.00859527 -7.80411e-06 0.00136652 2.55861e-06
5.16 0.0583373 0.00041846 -0.00851164 -6.5395e-06 0.00136517 2.61941e-06
5.17 0.0581455 0.00040784 -0.00842159 -5.33863e-06 0.0013633 2.67794e-06
5.18 0.0579491 0.000397239 -0.00832763 -4.22401e-06 0.0013609 2.73412e-06
5.19 0.0577482 0.00038675 -0.00823237 -3.21586e-06 0.00135798 2.78779e-06
5.2 0.0575427 0.000376459 -0.00813846 -2.33182e-06 0.00135454 2.83883e-06
5.21 0.0573328 0.00036644 -0.00804851 -1.58673e-06 0.00135057 2.88713e-06
5.22 0.0571186 0.000356753 -0.00796504 -9.92432e-07 0.00134607 2.93261e-06
5.23 0.0569 0.000347447 -0.00789036 -5.576e-07 0.00134105 2.97525e-06
5.24 0.0566771 0.000338554 -0.00782655 -2.87647e-07 0.00133552 3.015e-06
5.25 0.0564498 0.000330089 -0.0077754 -1.84603e-07 0.00132948 3.0518e-06
5.26 0.0562183 0.000322054 -0.00773833 -2.47065e-07 0.00132293 3.08558e-06
5.27 0.0559825 0.000314433 -0.00771637 -4.70218e-07 0.00131589 3.11631e-06
5.28 0.0557423 0.000307195 -0.00771013 -8.45918e-07 0.00130836 3.144e-06
5.29 0.0554978 0.000300296 -0.00771979 -1.36286e-06 0.00130035 3.16869e-06
5.3 0.0552488 0.000293677 -0.00774507 -2.0068e-06 0.00129188 3.19041e-06
5.31 0.0549954 0.000287269 -0.00778525 -2.76086e-06 0.00128295 3.20914e-06
5.32 0.0547374 0.000280992 -0.00783921 -3.60588e-06 0.00127359 3.22488e-06
5.33 0.0544749 0.00027476 -0.00790544 -4.52082e-06 0.0012638 3.23767e-06
5.34 0.0542076 0.000268479 -0.00798208 -5.48326e-06 0.00125361 3.24759e-06
5.35 0.0539355 0.000262054 -0.00806699 -6.46986e-06 0.00124302 3.25471e-06
5.36 0.0536585 0.000255389 -0.00815778 -7.45693e-06 0.00123207 3.25907e-06
5.37 0.0533765 0.000248391 -0.00825193 -8.42096e-06 0.00122075 3.26071e-06
5.38 0.0530893 0.000240969 -0.00834679 -9.33913e-06 0.00120911 3.25964e-06
5.39 0.0527967 0.000233041 -0.00843973 -1.01898e-05 0.00119714 3.25595e-06
5.4 0.0524987 0.000224531 -0.00852815 -1.0953e-05 0.00118488 3.2497e-06
5.41 0.0521951 0.000215374 -0.00860959 -1.16107e-05 0.00117235 3.24097e-06
5.42 0.0518857 0.000205519 -0.00868178 -1.21475e-05 0.00115956 3.2298e-06
5.43 0.0515704 0.000194926 -0.00874272 -1.25504e-05 0.00114654 3.2162e-06
5.44 0.0512489 0.000183569 -0.00879072 -1.28095e-05 0.00113331 3.20019e-06
5.45 0.0509211 0.000171438 -0.00882444 -1.29179e-05 0.00111989 3.18181e-06
5.46 0.0505869 0.000158537 -0.00884295 -1.28717e-05 0.0011063 3.16111e-06
5.47 0.050246 0.000144884 -0.00884575 -1.26704e-05 0.00109257 3.13813e-06
5.48 0.0498982 0.000130511 -0.00883276 -1.23167e-05 0.00107871 3.11286e-06
5.49 0.0495435 0.000115466 -0.00880434 -1.1816e-05 0.00106474 3.08528e-06
5.5 0.0491816 9.98035e-05 -0.00876128 -1.11771e-05 0.0010507 3.05537e-06
5.51 0.0488123 8.35935e-05 -0.00870478 -1.04113e-05 0.00103658 3.02314e-06
5.52 0.0484356 6.69121e-05 -0.00863642 -9.53238e-06 0.00102243 2.98861e-06
5.53 0.0480512 4.98431e-05 -0.00855808 -8.55634e-06 0.00100825 2.95177e-06
5.54 0.047659 3.24748e-05 -0.00847194 -7.50101e-06 0.000994074 2.91258e-06
5.55 0.0472589 1.48987e-05 -0.0083804 -6.38565e-06 0.000979909 2.871e-06
5.56 0.0468508 -2.79348e-06 -0.008286 -5.2306e-06 0.00096578 2.82701e-06
5.57 0.0464344 -2.05115e-05 -0.00819135 -4.05702e-06 0.000951703 2.78061e-06
5.58 0.0460099 -3.81693e-05 -0.0080991 -2.88658e-06 0.000937697 2.73179e-06
5.59 0.045577 -5.56867e-05 -0.00801179 -1.74073e-06 0.000923779 2.68058e-06
5.6 0.0451356 -7.29904e-05 -0.00793188 -6.39849e-07 0.000909967 2.62694e-06
5.61 0.0446858 -9.00157e-05 -0.00786157 3.97385e-07 0.000896278 2.57088e-06
5.62 0.0442275 -0.000106708 -0.00780282 1.35418e-06 0.000882727 2.51237e-06
5.63 0.0437606 -0.000123022 -0.00775727 2.21574e-06 0.00086933 2.45144e-06
5.64 0.0432852 -0.000138926 -0.00772619 2.96928e-06 0.000856103 2.3881e-06
5.65 0.0428012 -0.000154399 -0.00771044 3.60425e-06 0.000843061 2.32241e-06
5.66 0.0423087 -0.000169433 -0.00771046 4.11246e-06 0.000830217 2.25437e-06
5.67 0.0418076 -0.000184032 -0.00772624 4.48828e-06 0.000817586 2.18405e-06
5.68 0.0412981 -0.000198209 -0.00775734 4.72869e-06 0.00080518 2.11148e-06
5.69 0.0407802 -0.00021199 -0.00780287 4.83337e-06 0.000793012 2.03674e-06
5.7 0.0402539 -0.000225409 -0.00786158 4.80461e-06 0.000781093 1.95992e-06
5.71 0.0397194 -0.000238509 -0.0079318 4.64728e-06 0.000769435 1.88109e-06
5.72 0.0391769 -0.000251338 -0.00801157 4.36866e-06 0.000758048 1.80034e-06
5.73 0.0386263 -0.000263951 -0.00809866 3.97828e-06 0.000746941 1.71776e-06
5.74 0.0380679 -0.000276406 -0.00819064 3.48775e-06 0.000736122 1.63346e-06
5.75 0.0375018 -0.000288763 -0.00828494 2.9105e-06 0.0007256 1.54755e-06
5.76 0.0369282 -0.000301081 -0.00837892 2.26154e-06 0.000715382 1.46016e-06
5.77 0.0363473 -0.000313421 -0.00846997 1.55706e-06 0.000705472 1.37139e-06
5.78 0.0357593 -0.000325839 -0.00855555 8.14172e-07 0.000695876 1.28137e-06
5.79 0.0351644 -0.000338387 -0.00863328 5.04196e-08 0.000686597 1.1902e-06
5.8 0.0345628 -0.000351113 -0.00870101 -7.16538e-07 0.000677639 1.09802e-06
5.81 0.0339549 -0.000364057 -0.00875685 -1.46933e-06 0.000669002 1.00495e-06
5.82 0.0333408 -0.000377254 -0.00879926 -2.19125e-06 0.000660687 9.1111e-07
5.83 0.0327209 -0.000390731 -0.00882707 -2.86654e-06 0.000652693 8.16627e-07
5.84 0.0320954 -0.000404506 -0.00883951 -3.48071e-06 0.000645018 7.21609e-07
5.85 0.0314648 -0.000418591 -0.00883626 -4.02082e-06 0.000637659 6.26165e-07
5.86 0.0308292 -0.000432989 -0.00881739 -4.47561e-06 0.000630612 5.30407e-07
5.87 0.0301892 -0.000447695 -0.00878345 -4.83578e-06 0.00062387 4.34446e-07
5.88 0.0295449 -0.000462699 -0.00873539 -5.094e-06 0.000617428 3.38387e-07
5.89 0.0288969 -0.000477982 -0.00867454 -5.24511e-06 0.000611278 2.42322e-07
5.9 0.0282455 -0.000493521 -0.0086026 -5.28609e-06 0.000605412 1.46335e-07
5.91 0.027591 -0.000509289 -0.00852158 -5.21608e-06 0.000599819 5.05072e-08
5.92 0.0269341 -0.000525254 -0.00843372 -5.03637e-06 0.00059449 -4.50781e-08
5.93 0.026275 -0.000541381 -0.00834147 -4.75031e-06 0.000589413 -1.4034e-07
5.94 0.0256142 -0.000557635 -0.0082474 -4.36323e-06 0.000584577 -2.35205e-07
5.95 0.0249521 -0.000573979 -0.00815413 -3.88231e-06 0.000579969 -3.29611e-07
5.96 0.0242894 -0.000590376 -0.00806425 -3.31637e-06 0.000575576 -4.23504e-07
5.97 0.0236263 -0.00060679 -0.00798028 -2.67575e-06 0.000571385 -5.16825e-07
5.98 0.0229634 -0.000623189 -0.00790455 -1.97202e-06 0.000567381 -6.09516e-07
5.99 0.0223012 -0.000639541 -0.00783918 -1.21776e-06 0.000563552 -7.01516e-07
6 0.0216402 -0.000655819 -0.00778598 -4.26301e-07 0.000559882 -7.92772e-07
6.01 0.0209809 -0.000671996 -0.00774645 3.88539e-07 0.000556357 -8.83237e-07
6.02 0.0203238 -0.000688054 -0.0077217 1.21276e-06 0.000552963 -9.72867e-07
6.03 0.0196694 -0.000703973 -0.00771241 2.03246e-06 0.000549685 -1.06161e-06
6.04 0.0190182 -0.000719742 -0.00771884 2.83407e-06 0.000546508 -1.14942e-06
6.05 0.0183708 -0.00073535 -0.00774082 3.60469e-06 0.000543419 -1.23624e-06
6.06 0.0177276 -0.00075079 -0.00777772 4.33222e-06 0.000540402 -1.32201e-06
6.07 0.0170891 -0.000766059 -0.00782853 5.00565e-06 0.000537444 -1.4067e-06
6.08 0.0164558 -0.000781157 -0.00789181 5.61513e-06 0.000534532 -1.49025e-06
6.09 0.0158283 -0.000796085 -0.00796581 6.15227e-06 0.000531651 -1.5726e-06
6.1 0.0152071 -0.000810845 -0.00804845 6.61026e-06 0.000528789 -1.65368e-06
6.11 0.0145926 -0.000825442 -0.00813742 6.98403e-06 0.000525932 -1.73345e-06
6.12 0.0139852 -0.00083988 -0.00823025 7.27032e-06 0.000523068 -1.81183e-06
6.13 0.0133855 -0.000854164 -0.00832434 7.46759e-06 0.000520185 -1.88878e-06
6.14 0.012794 -0.000868298 -0.00841708 7.57606e-06 0.000517271 -1.96423e-06
6.15 0.012211 -0.000882286 -0.00850587 7.59765e-06 0.000514315 -2.03811e-06
6.16 0.011637 -0.000896131 -0.00858827 7.5359e-06 0.000511305 -2.11034e-06
6.17 0.0110725 -0.000909835 -0.00866197 7.39591e-06 0.000508232 -2.18086e-06
6.18 0.0105178 -0.000923398 -0.00872494 7.18422e-06 0.000505083 -2.2496e-06
6.19 0.00997328 -0.000936819 -0.00877543 6.90869e-06 0.000501851 -2.31649e-06
6.2 0.00943943 -0.000950096 -0.00881205 6.57835e-06 0.000498524 -2.38146e-06
6.21 0.00891657 -0.000963227 -0.00883379 6.20317e-06 0.000495094 -2.44444e-06
6.22 0.00840505 -0.000976208 -0.00884005 5.79395e-06 0.000491552 -2.50535e-06
6.23 0.00790522 -0.000989036 -0.00883067 5.36204e-06 0.00048789 -2.56413e-06
6.24 0.00741739 -0.00100171 -0.00880592 4.91916e-06 0.0004841 -2.62069e-06
6.25 0.00694187 -0.00101421 -0.0087665 4.47719e-06 0.000480174 -2.67499e-06
6.26 0.00647895 -0.00102656 -0.0087135 4.04792e-06 0.000476105 -2.72697e-06
6.27 0.00602891 -0.00103874 -0.0086484 3.64285e-06 0.000471888 -2.77654e-06
6.28 0.005592 -0.00105075 -0.00857301 3.27297e-06 0.000467516 -2.82366e-06
6.29 0.00516847 -0.0010626 -0.00848944 2.94854e-06 0.000462984 -2.86825e-06
6.3 0.00475854 -0.00107428 -0.0084 2.6789e-06 0.000458289 -2.91028e-06
6.31 0.00436241 -0.00108581 -0.00830718 2.47232e-06 0.000453426 -2.94969e-06
6.32 0.00398027 -0.00109718 -0.00821357 2.33583e-06 0.000448393 -2.98644e-06
6.33 0.0036123 -0.00110842 -0.00812177 2.27508e-06 0.000443188 -3.02049e-06
6.34 0.00325863 -0.00111951 -0.00803434 2.29427e-06 0.000437811 -3.05179e-06
6.35 0.00291941 -0.00113049 -0.00795371 2.39609e-06 0.000432261 -3.08031e-06
6.36 0.00259475 -0.00114135 -0.00788212 2.58166e-06 0.000426539 -3.10603e-06
6.37 0.00228475 -0.00115212 -0.00782158 2.85053e-06 0.000420648 -3.12893e-06
6.38 0.00198948 -0.00116281 -0.00777377 3.20067e-06 0.000414592 -3.149e-06
6.39 0.00170901 -0.00117341 -0.00774002 3.62857e-06 0.000408373 -3.16622e-06
6.4 0.00144337 -0.00118396 -0.00772127 4.12928e-06 0.000401998 -3.18057e-06
6.41 0.00119258 -0.00119445 -0.00771805 4.6965e-06 0.000395474 -3.19207e-06
6.42 0.000956656 -0.00120489 -0.00773044 5.32272e-06 0.000388807 -3.20073e-06
6.43 0.000735573 -0.00121529 -0.00775809 5.99936e-06 0.000382007 -3.20655e-06
6.44 0.000529297 -0.00122564 -0.00780022 6.71692e-06 0.000375083 -3.20956e-06
6.45 0.000337776 -0.00123593 -0.00785565 7.46518e-06 0.000368045 -3.20977e-06
6.46 0.000160937 -0.00124617 -0.00792284 8.23338e-06 0.000360906 -3.2072e-06
6.47 -1.30812e-06 -0.00125633 -0.00799989 9.01043e-06 0.000353677 -3.20189e-06
6.48 -0.000149067 -0.00126639 -0.00808465 9.78511e-06 0.000346372 -3.19387e-06
6.49 -0.000282465 -0.00127634 -0.00817475 1.05463e-05 0.000339004 -3.18318e-06
6.5 -0.000401642 -0.00128615 -0.00826767 1.12832e-05 0.00033159 -3.16986e-06
6.51 -0.000506755 -0.00129577 -0.00836082 1.19856e-05 0.000324143 -3.15396e-06
6.52 -0.000597977 -0.00130518 -0.00845159 1.26439e-05 0.000316681 -3.13551e-06
6.53 -0.000675496 -0.00131434 -0.00853747 1.32494e-05 0.000309218 -3.11455e-06
6.54 -0.000739512 -0.0013232 -0.00861605 1.37946e-05 0.000301773 -3.09115e-06
6.55 -0.000790241 -0.00133172 -0.00868516 1.42732e-05 0.000294361 -3.06536e-06
6.56 -0.000827908 -0.00133986 -0.00874287 1.46802e-05 0.000287 -3.03721e-06
6.57 -0.00085275 -0.00134757 -0.00878759 1.50122e-05 0.000279708 -3.00675e-06
6.58 -0.000865016 -0.00135482 -0.00881806 1.52677e-05 0.000272502 -2.97402e-06
6.59 -0.000864962 -0.00136155 -0.00883346 1.54468e-05 0.000265399 -2.93909e-06
6.6 -0.000852852 -0.00136774 -0.00883336 1.55507e-05 0.000258416 -2.90201e-06
6.61 -0.000828958 -0.00137335 -0.00881777 1.55821e-05 0.00025157 -2.86283e-06
6.62 -0.000793556 -0.00137835 -0.00878712 1.55447e-05 0.000244879 -2.82157e-06
6.63 -0.000746928 -0.00138272 -0.00874226 1.54436e-05 0.000238359 -2.77827e-06
6.64 -0.000689359 -0.00138645 -0.00868445 1.52853e-05 0.000232025 -2.73295e-06
6.65 -0.000621136 -0.00138953 -0.00861529 1.50774e-05 0.000225895 -2.68565e-06
6.66 -0.000542549 -0.00139195 -0.0085367 1.48288e-05 0.000219985 -2.63644e-06
6.67 -0.000453885 -0.00139372 -0.00845086 1.45493e-05 0.000214308 -2.58533e-06
6.68 -0.000355434 -0.00139486 -0.00836016 1.42493e-05 0.000208881 -2.53236e-06
6.69 -0.000247482 -0.00139539 -0.00826712 1.39396e-05 0.000203718 -2.47755e-06
6.7 -0.000130313 -0.00139533 -0.00817432 1.36312e-05 0.000198834 -2.42091e-06
6.71 -4.20937e-06 -0.00139471 -0.00808434 1.33354e-05 0.000194243 -2.36249e-06
6.72 0.000130553 -0.00139358 -0.00799969 1.30628e-05 0.000189958 -2.30234e-06
6.73 0.000273701 -0.00139197 -0.00792272 1.28237e-05 0.000185992 -2.2405e-06
6.74 0.000424968 -0.00138993 -0.00785558 1.26278e-05 0.00018236 -2.17698e-06
6.75 0.000584093 -0.0013875 -0.00780013 1.24836e-05 0.000179072 -2.11181e-06
6.76 0.000750821 -0.00138472 -0.00775791 1.23988e-05 0.000176141 -2.04503e-06
6.77 0.000924904 -0.00138164 -0.00773011 1.23794e-05 0.00017358 -1.9767e-06
6.78 0.0011061 -0.00137831 -0.00771749 1.24304e-05 0.000171399 -1.90688e-06
6.79 0.00129418 -0.00137474 -0.00772041 1.25549e-05 0.000169608 -1.83562e-06
6.8 0.00148892 -0.00137099 -0.00773877 1.27549e-05 0.000168219 -1.76296e-06
6.81 0.00169009 -0.00136706 -0.00777207 1.30303e-05 0.000167241 -1.68896e-06
6.82 0.0018975 -0.00136298 -0.00781936 1.33799e-05 0.000166683 -1.6137e-06
6.83 0.00211094 -0.00135875 -0.00787932 1.38006e-05 0.000166554 -1.53725e-06
6.84 0.00233022 -0.00135438 -0.00795028 1.42881e-05 0.000166862 -1.45971e-06
6.85 0.00255515 -0.00134986 -0.00803023 1.48364e-05 0.000167613 -1.38117e-06
6.86 0.00278557 -0.00134517 -0.00811696 1.54383e-05 0.000168814 -1.30169e-06
6.87 0.00302131 -0.00134028 -0.00820803 1.60856e-05 0.000170471 -1.22137e-06
6.88 0.00326221 -0.00133515 -0.00830091 1.67688e-05 0.000172589 -1.14032e-06
6.89 0.00350814 -0.00132975 -0.00839299 1.74778e-05 0.000175172 -1.05864e-06
6.9 0.00375895 -0.00132401 -0.00848172 1.82018e-05 0.000178222 -9.76469e-07
6.91 0.00401453 -0.0013179 -0.00856463 1.89295e-05 0.000181742 -8.93893e-07
6.92 0.00427475 -0.00131134 -0.00863942 1.96495e-05 0.000185733 -8.11016e-07
6.93 0.00453951 -0.00130426 -0.008704 2.03507e-05 0.000190194 -7.27947e-07
6.94 0.00480873 -0.00129661 -0.00875658 2.10219e-05 0.000195124 -6.44807e-07
6.95 0.00508232 -0.00128831 -0.00879572 2.16528e-05 0.000200521 -5.61718e-07
6.96 0.00536021 -0.00127931 -0.00882033 2.22337e-05 0.000206381 -4.78797e-07
6.97 0.00564234 -0.00126952 -0.00882974 2.2756e-05 0.0002127 -3.96143e-07
6.98 0.00592866 -0.00125891 -0.00882369 2.32122e-05 0.000219472 -3.13852e-07
6.99 0.00621915 -0.00124741 -0.00880237 2.3596e-05 0.000226689 -2.32024e-07
7 0.00651378 -0.00123498 -0.00876636 2.39027e-05 0.000234343 -1.50763e-07
7.01 0.00681254 -0.00122157 -0.00871669 2.41291e-05 0.000242426 -7.01738e-08
7.02 0.00711542 -0.00120717 -0.00865472 2.42736e-05 0.000250926 9.65754e-09
7.03 0.00742246 -0.00119175 -0.00858219 2.43361e-05 0.000259832 8.86582e-08
7.04 0.00773366 -0.0011753 -0.00850112 2.4318e-05 0.000269132 1.66761e-07
7.05 0.00804906 -0.00115782 -0.00841377 2.42224e-05 0.000278811 2.43897e-07
7.06 0.00836873 -0.00113933 -0.00832256 2.40538e-05 0.000288857 3.19998e-07
7.07 0.0086927 -0.00111985 -0.00823003 2.38182e-05 0.000299255 3.95003e-07
7.08 0.00902105 -0.0010994 -0.00813877 2.35236e-05 0.000309987 4.68861e-07
7.09 0.00935386 -0.00107802 -0.00805131 2.31789e-05 0.000321039 5.41521e-07
7.1 0.00969122 -0.00105575 -0.00797009 2.27934e-05 0.000332394 6.12924e-07
7.11 0.0100332 -0.00103265 -0.00789739 2.23761e-05 0.000344033 6.8302e-07
7.12 0.0103799 -0.00100878 -0.00783522 2.19359e-05 0.000355941 7.51782e-07
7.13 0.0107315 -0.000984182 -0.00778533 2.14819e-05 0.000368098 8.19205e-07
7.14 0.0110881 -0.000958926 -0.0077491 2.1023e-05 0.000380487 8.85278e-07
7.15 0.0114497 -0.000933071 -0.00772756 2.05682e-05 0.00039309 9.49971e-07
7.16 0.0118164 -0.000906674 -0.0077213 2.01266e-05 0.000405888 1.01323e-06
7.17 0.0121885 -0.000879789 -0.00773051 1.97064e-05 0.000418862 1.07501e-06
7.18 0.0125661 -0.000852467 -0.00775492 1.93154e-05 0.000431995 1.13529e-06
7.19 0.0129492 -0.000824752 -0.00779385 1.89603e-05 0.000445268 1.19405e-06
7.2 0.0133379 -0.00079668 -0.00784622 1.8647e-05 0.000458662 1.25128e-06
7.21 0.0137324 -0.000768283 -0.00791057 1.838e-05 0.00047216 1.30694e-06
7.22 0.0141328 -0.000739579 -0.00798509 1.81625e-05 0.000485743 1.36097e-06
7.23 0.0145392 -0.000710582 -0.0080677 1.79963e-05 0.000499394 1.41331e-06
7.24 0.0149517 -0.000681293 -0.00815611 1.7882e-05 0.000513095 1.46393e-06
7.25 0.0153704 -0.000651707 -0.00824784 1.78183e-05 0.000526828 1.51282e-06
7.26 0.0157953 -0.000621808 -0.00834034 1.78028e-05 0.000540577 1.55993e-06
7.27 0.0162266 -0.000591573 -0.00843103 1.78313e-05 0.000554324 1.6052e-06
7.28 0.0166643 -0.000560972 -0.0085174 1.78988e-05 0.000568054 1.64858e-06
7.29 0.0171085 -0.000529968 -0.00859703 1.79989e-05 0.000581749 1.69e-06
7.3 0.0175592 -0.00049852 -0.00866773 1.81245e-05 0.000595393 1.72942e-06
7.31 0.0180164 -0.000466581 -0.00872754 1.82676e-05 0.00060897 1.76681e-06
7.32 0.0184803 -0.000434105 -0.0087748 1.84201e-05 0.000622464 1.80212e-06
7.33 0.0189508 -0.000401042 -0.0088082 1.85733e-05 0.000635861 1.8353e-06
7.34 0.0194279 -0.000367347 -0.00882684 1.87187e-05 0.000649144 1.86627e-06
7.35 0.0199116 -0.000332972 -0.00883019 1.88478e-05 0.000662299 1.89498e-06
7.36 0.0204019 -0.000297877 -0.00881819 1.89524e-05 0.000675311 1.9214e-06
7.37 0.0208988 -0.000262025 -0.00879116 1.90247e-05 0.000688166 1.94552e-06
7.38 0.0214023 -0.000225386 -0.00874988 1.90577e-05 0.00070085 1.96729e-06
7.39 0.0219122 -0.000187937 -0.00869549 1.90447e-05 0.000713349 1.98668e-06
7.4 0.0224287 -0.000149662 -0.00862951 1.89804e-05 0.00072565 2.00364e-06
7.41 0.0229515 -0.000110555 -0.00855378 1.88601e-05 0.000737741 2.01816e-06
7.42 0.0234806 -7.0619e-05 -0.00847041 1.86804e-05 0.00074961 2.03024e-06
7.43 0.024016 -2.98649e-05 -0.00838171 1.84387e-05 0.000761245 2.03989e-06
7.44 0.0245575 1.16869e-05 -0.00829016 1.81341e-05 0.000772635 2.04711e-06
7.45 0.025105 5.40076e-05 -0.0081983 1.77666e-05 0.000783772 2.0519e-06
7.46 0.0256584 9.70605e-05 -0.0081087 1.73376e-05 0.000794645 2.05425e-06
7.47 0.0262175 0.000140802 -0.00802384 1.68497e-05 0.000805247 2.05419e-06
7.48 0.0267822 0.000185183 -0.00794609 1.63066e-05 0.00081557 2.05175e-06
7.49 0.0273524 0.000230148 -0.00787762 1.57131e-05 0.000825609 2.04698e-06
7.5 0.0279278 0.00027564 -0.00782035 1.50746e-05 0.000835358 2.03991e-06
7.51 0.0285083 0.000321597 -0.00777586 1.43971e-05 0.000844812 2.03054e-06
7.52 0.0290936 0.000367959 -0.00774539 1.36874e-05 0.00085397 2.01892e-06
7.53 0.0296836 0.000414664 -0.00772981 1.29519e-05 0.000862828 2.00511e-06
7.54 0.030278 0.000461651 -0.00772954 1.21977e-05 0.000871385 1.98916e-06
7.55 0.0308765 0.000508863 -0.00774458 1.14315e-05 0.000879643 1.97116e-06
7.56 0.0314788 0.000556246 -0.00777452 1.06602e-05 0.000887602 1.95113e-06
7.57 0.0320848 0.000603751 -0.00781852 9.89162e-06 0.000895264 1.92914e-06
7.58 0.032694 0.000651336 -0.00787534 9.13413e-06 0.000902633 1.90523e-06
7.59 0.0333062 0.000698968 -0.00794339 8.39654e-06 0.000909712 1.87945e-06
7.6 0.0339211 0.000746618 -0.00802076 7.68702e-06 0.000916508 1.85182e-06
7.61 0.0345382 0.000794268 -0.0081053 7.01255e-06 0.000923026 1.82238e-06
7.62 0.0351572 0.000841905 -0.00819464 6.37894e-06 0.000929272 1.79118e-06
7.63 0.0357778 0.000889526 -0.00828629 5.79107e-06 0.000935256 1.75828e-06
7.64 0.0363995 0.000937134 -0.00837768 5.25294e-06 0.000940985 1.72373e-06
7.65 0.037022 0.000984743 -0.00846628 4.76743e-06 0.000946469 1.68757e-06
7.66 0.0376449 0.00103237 -0.00854961 4.33595e-06 0.000951716 1.6498e-06
7.67 0.0382677 0.00108004 -0.00862535 3.95808e-06 0.000956737 1.61042e-06
7.68 0.0388899 0.00112778 -0.00869141 3.63141e-06 0.000961543 1.56948e-06
7.69 0.0395113 0.00117563 -0.00874594 3.35151e-06 0.000966145 1.52705e-06
7.7 0.0401312 0.00122361 -0.00878743 3.11207e-06 0.000970552 1.48317e-06
7.71 0.0407494 0.00127177 -0.00881475 2.90527e-06 0.000974778 1.43789e-06
7.72 0.0413652 0.00132012 -0.00882713 2.72217e-06 0.000978832 1.39121e-06
7.73 0.0419783 0.00136871 -0.00882424 2.55313e-06 0.000982727 1.34318e-06
7.74 0.0425883 0.00141756 -0.00880616 2.38825e-06 0.000986475 1.29384e-06
7.75 0.0431946 0.00146669 -0.00877339 2.21777e-06 0.000990085 1.24326e-06
7.76 0.0437968 0.00151611 -0.00872686 2.03236e-06 0.000993571 1.19149e-06
7.77 0.0443945 0.00156583 -0.00866785 1.82343e-06 0.000996942 1.13858e-06
7.78 0.0449872 0.00161584 -0.00859801 1.58329e-06 0.00100021 1.08455e-06
7.79 0.0455745 0.00166615 -0.00851928 1.30531e-06 0.00100339 1.02943e-06
7.8 0.0461559 0.00171673 -0.00843384 9.83921e-07 0.00100649 9.73298e-07
7.81 0.046731 0.00176756 -0.00834407 6.14624e-07 0.00100951 9.16233e-07
7.82 0.0472995 0.00181859 -0.00825246 1.93931e-07 0.00101248 8.58302e-07
7.83 0.0478608 0.0018698 -0.00816156 -2.80689e-07 0.0010154 7.99559e-07
7.84 0.0484145 0.00192114 -0.0080739 -8.10833e-07 0.00101829 7.40059e-07
7.85 0.0489604 0.00197254 -0.00799191 -1.39714e-06 0.00102114 6.79882e-07
7.86 0.0494979 0.00202396 -0.00791788 -2.03921e-06 0.00102398 6.19131e-07
7.87 0.0500267 0.00207533 -0.00785387 -2.73554e-06 0.00102682 5.57914e-07
7.88 0.0505464 0.00212658 -0.00780167 -3.48341e-06 0.00102965 4.96326e-07
7.89 0.0510566 0.00217764 -0.00776272 -4.2788e-06 0.0010325 4.34445e-07
7.9 0.0515571 0.00222846 -0.00773811 -5.11631e-06 0.00103538 3.72349e-07
7.91 0.0520473 0.00227897 -0.00772853 -5.98915e-06 0.00103828 3.10137e-07
7.92 0.0525271 0.0023291 -0.00773423 -6.88915e-06 0.00104123 2.47922e-07
7.93 0.052996 0.00237881 -0.00775506 -7.80684e-06 0.00104423 1.85813e-07
7.94 0.0534538 0.00242803 -0.00779043 -8.73165e-06 0.00104729 1.23893e-07
7.95 0.0539001 0.00247672 -0.00783934 -9.65222e-06 0.00105041 6.22259e-08
7.96 0.0543346 0.00252484 -0.00790044 -1.05567e-05 0.00105361 8.795e-10
7.97 0.0547571 0.00257237 -0.00797199 -1.14334e-05 0.0010569 -6.00631e-08
7.98 0.0551672 0.00261927 -0.00805201 -1.22708e-05 0.00106028 -1.20509e-07
7.99 0.0555647 0.00266555 -0.00813825 -1.30584e-05 0.00106375 -1.80375e-07
8 0.0559494 0.00271119 -0.00822831 -1.37871e-05 0.00106733 -2.39599e-07
8.01 0.056321 0.00275619 -0.00831967 -1.44491e-05 0.00107101 -2.98135e-07
8.02 0.0566792 0.00280057 -0.00840979 -1.50385e-05 0.00107481 -3.55926e-07
8.03 0.057024 0.00284435 -0.00849614 -1.55515e-05 0.00107873 -4.12903e-07
8.04 0.057355 0.00288755 -0.00857634 -1.59862e-05 0.00108277 -4.68992e-07
8.05 0.0576721 0.00293019 -0.00864815 -1.63428e-05 0.00108693 -5.24127e-07
8.06 0.0579752 0.00297232 -0.00870958 -1.66231e-05 0.00109121 -5.78266e-07
8.07 0.0582641 0.00301396 -0.00875892 -1.68306e-05 0.00109562 -6.31371e-07
8.08 0.0585387 0.00305515 -0.00879482 -1.69691e-05 0.00110015 -6.83403e-07
8.09 0.0587989 0.00309593 -0.00881628 -1.7044e-05 0.00110481 -7.34334e-07
8.1 0.0590446 0.00313634 -0.00882271 -1.70625e-05 0.00110959 -7.84141e-07
8.11 0.0592757 0.0031764 -0.00881394 -1.7034e-05 0.00111448 -8.32798e-07
8.12 0.0594923 0.00321613 -0.00879023 -1.69694e-05 0.00111949 -8.80256e-07
8.13 0.0596942 0.00325557 -0.00875223 -1.68803e-05 0.0011246 -9.26445e-07
8.14 0.0598816 0.00329471 -0.00870101 -1.6778e-05 0.00112981 -9.71307e-07
8.15 0.0600544 0.00333358 -0.008638 -1.66732e-05 0.00113512 -1.01482e-06
8.16 0.0602126 0.00337216 -0.00856496 -1.65758e-05 0.00114051 -1.05697e-06
8.17 0.0603564 0.00341044 -0.0084839 -1.64951e-05 0.00114598 -1.09776e-06
8.18 0.0604857 0.00344842 -0.0083971 -1.64389e-05 0.00115152 -1.13714e-06
8.19 0.0606008 0.00348607 -0.00830696 -1.64144e-05 0.00115711 -1.17506e-06
8.2 0.0607016 0.00352336 -0.008216 -1.64276e-05 0.00116275 -1.21147e-06
8.21 0.0607884 0.00356025 -0.00812674 -1.64832e-05 0.00116841 -1.24634e-06
8.22 0.0608613 0.00359671 -0.00804168 -1.65849e-05 0.0011741 -1.27966e-06
8.23 0.0609204 0.0036327 -0.00796319 -1.67351e-05 0.0011798 -1.3114e-06
8.24 0.060966 0.00366816 -0.00789344 -1.69347e-05 0.0011855 -1.34152e-06
8.25 0.0609981 0.00370305 -0.0078344 -1.71838e-05 0.00119117 -1.36994e-06
8.26 0.061017 0.00373732 -0.00778771 -1.74809e-05 0.00119682 -1.39663e-06
8.27 0.0610229 0.00377094 -0.00775467 -1.78236e-05 0.00120242 -1.42155e-06
8.28 0.0610159 0.00380385 -0.00773621 -1.82081e-05 0.00120796 -1.44468e-06
8.29 0.0609964 0.00383603 -0.00773284 -1.86297e-05 0.00121343 -1.466e-06
8.3 0.0609645 0.00386743 -0.00774466 -1.90827e-05 0.00121881 -1.48545e-06
8.31 0.0609205 0.00389804 -0.00777133 -1.95603e-05 0.00122409 -1.50298e-06
8.32 0.0608645 0.00392782 -0.00781212 -2.00555e-05 0.00122926 -1.51856e-06
8.33 0.0607968 0.00395677 -0.00786588 -2.05604e-05 0.00123429 -1.53217e-06
8.34 0.0607178 0.00398487 -0.00793111 -2.10673e-05 0.00123919 -1.5438e-06
8.35 0.0606275 0.00401213 -0.00800599 -2.15681e-05 0.00124394 -1.55345e-06
8.36 0.0605262 0.00403856 -0.00808842 -2.20553e-05 0.00124851 -1.56107e-06
8.37 0.0604143 0.00406416 -0.00817611 -2.25217e-05 0.0012529 -1.56663e-06
8.38 0.0602919 0.00408895 -0.0082666 -2.29607e-05 0.0012571 -1.57011e-06
8.39 0.0601592 0.00411295 -0.00835739 -2.33666e-05 0.0012611 -1.57151e-06
8.4 0.0600166 0.00413619 -0.00844593 -2.37343e-05 0.00126487 -1.57086e-06
8.41 0.0598643 0.0041587 -0.00852977 -2.40596e-05 0.00126841 -1.56814e-06
8.42 0.0597025 0.0041805 -0.00860659 -2.43392e-05 0.00127171 -1.56333e-06
8.43 0.0595315 0.00420163 -0.00867423 -2.45706e-05 0.00127475 -1.55641e-06
8.44 0.0593516 0.0042221 -0.00873084 -2.47522e-05 0.00127752 -1.5474e-06
8.45 0.0591629 0.00424195 -0.00877485 -2.48829e-05 0.00128001 -1.53632e-06
8.46 0.0589658 0.0042612 -0.00880504 -2.49626e-05 0.00128222 -1.5232e-06
8.47 0.0587605 0.00427986 -0.00882059 -2.49916e-05 0.00128412 -1.50805e-06
8.48 0.0585473 0.00429795 -0.00882107 -2.49709e-05 0.00128571 -1.49085e-06
8.49 0.0583264 0.00431547 -0.00880647 -2.4902e-05 0.00128697 -1.47163e-06
8.5 0.0580981 0.00433244 -0.00877722 -2.47868e-05 0.0012879 -1.4504e-06
8.51 0.0578625 0.00434883 -0.00873412 -2.46279e-05 0.00128849 -1.42722e-06
8.52 0.0576201 0.00436465 -0.00867839 -2.44281e-05 0.00128872 -1.40212e-06
8.53 0.0573709 0.00437988 -0.00861158 -2.41906e-05 0.00128859 -1.37511e-06
8.54 0.0571154 0.0043945 -0.00853554 -2.39193e-05 0.00128809 -1.34621e-06
8.55 0.0568536 0.00440849 -0.00845239 -2.36182e-05 0.0012872 -1.31544e-06
8.56 0.0565858 0.00442183 -0.00836445 -2.32913e-05 0.00128593 -1.28283e-06
8.57 0.0563122 0.00443448 -0.00827417 -2.29428e-05 0.00128426 -1.24844e-06
8.58 0.0560331 0.00444643 -0.00818405 -2.25758e-05 0.0012822 -1.21231e-06
8.59 0.0557486 0.00445764 -0.0080966 -2.21937e-05 0.00127972 -1.17448e-06
8.6 0.0554589 0.00446809 -0.00801427 -2.18004e-05 0.00127684 -1.13501e-06
8.61 0.0551643 0.00447776 -0.00793933 -2.14008e-05 0.00127354 -1.09394e-06
8.62 0.0548648 0.00448664 -0.00787389 -2.10004e-05 0.00126982 -1.05133e-06
8.63 0.0545606 0.0044947 -0.00781977 -2.06048e-05 0.00126569 -1.00718e-06
8.64 0.054252 0.00450195 -0.00777848 -2.02191e-05 0.00126113 -9.61528e-07
8.65 0.0539389 0.00450838 -0.00775116 -1.98479e-05 0.00125616 -9.14432e-07
8.66 0.0536216 0.00451399 -0.00773858 -1.94951e-05 0.00125077 -8.65968e-07
8.67 0.0533001 0.00451879 -0.00774109 -1.91638e-05 0.00124496 -8.16212e-07
8.68 0.0529744 0.00452281 -0.00775862 -1.88568e-05 0.00123875 -7.65223e-07
8.69 0.0526448 0.00452607 -0.00779067 -1.85761e-05 0.00123212 -7.13038e-07
8.7 0.0523112 0.0045286 -0.00783634 -1.83233e-05 0.00122509 -6.59706e-07
8.71 0.0519737 0.00453043 -0.00789435 -1.80994e-05 0.00121767 -6.05295e-07
8.72 0.0516323 0.0045316 -0.00796309 -1.79045e-05 0.00120986 -5.4989e-07
8.73 0.0512871 0.00453216 -0.00804061 -1.77384e-05 0.00120168 -4.93573e-07
8.74 0.050938 0.00453215 -0.00812477 -1.76002e-05 0.00119312 -4.364e-07
8.75 0.0505851 0.00453161 -0.0082132 -1.74886e-05 0.00118421 -3.78416e-07
8.76 0.0502284 0.0045306 -0.00830343 -1.74018e-05 0.00117495 -3.19674e-07
8.77 0.0498678 0.00452914 -0.00839296 -1.73375e-05 0.00116535 -2.60242e-07
8.78 0.0495033 0.0045273 -0.00847927 -1.7293e-05 0.00115543 -2.00201e-07
8.79 0.049135 0.00452509 -0.00855997 -1.72648e-05 0.0011452 -1.3962e-07
8.8 0.0487627 0.00452256 -0.00863281 -1.72493e-05 0.00113467 -7.85467e-08
8.81 0.0483865 0.00451973 -0.00869577 -1.72421e-05 0.00112386 -1.70213e-08
8.82 0.0480063 0.00451661 -0.0087471 -1.72382e-05 0.00111278 4.49055e-08
8.83 0.047622 0.00451323 -0.00878537 -1.72326e-05 0.00110144 1.07165e-07
8.84 0.0472337 0.00450957 -0.00880954 -1.72198e-05 0.00108987 1.69685e-07
8.85 0.0468412 0.00450565 -0.00881892 -1.71942e-05 0.00107807 2.32406e-07
8.86 0.0464446 0.00450145 -0.00881327 -1.71504e-05 0.00106606 2.9529e-07
8.87 0.0460437 0.00449695 -0.00879275 -1.70828e-05 0.00105386 3.58303e-07
8.88 0.0456386 0.00449214 -0.00875793 -1.69866e-05 0.00104148 4.21395e-07
8.89 0.0452292 0.00448697 -0.00870977 -1.68572e-05 0.00102894 4.84505e-07
8.9 0.0448155 0.00448142 -0.00864962 -1.66903e-05 0.00101625 5.47566e-07
8.91 0.0443974 0.00447545 -0.00857915 -1.64827e-05 0.00100342 6.1053e-07
8.92 0.0439749 0.00446903 -0.00850032 -1.62317e-05 0.000990483 6.7336e-07
8.93 0.0435478 0.00446211 -0.00841531 -1.59354e-05 0.000977442 7.3602e-07
8.94 0.0431163 0.00445466 -0.00832649 -1.55928e-05 0.000964314 7.98456e-07
8.95 0.0426803 0.00444665 -0.00823632 -1.52036e-05 0.000951116 8.60598e-07
8.96 0.0422396 0.00443804 -0.00814731 -1.47686e-05 0.000937862 9.22375e-07
8.97 0.0417944 0.00442881 -0.00806194 -1.42893e-05 0.000924569 9.8373e-07
8.98 0.0413444 0.00441895 -0.00798257 -1.37681e-05 0.000911252 1.04462e-06
8.99 0.0408898 0.00440844 -0.00791143 -1.32084e-05 0.000897925 1.10498e-06
9 0.0404304 0.00439729 -0.00785048 -1.26141e-05 0.000884605 1.16475e-06
9.01 0.0399663 0.00438549 -0.00780142 -1.199e-05 0.000871307 1.22383e-06
9.02 0.0394974 0.00437306 -0.00776563 -1.13414e-05 0.000858046 1.28215e-06
9.03 0.0390237 0.00436003 -0.00774409 -1.06744e-05 0.000844838 1.33963e-06
9.04 0.0385451 0.00434643 -0.0077374 -9.99541e-06 0.000831697 1.39622e-06
9.05 0.0380617 0.00433231 -0.00774574 -9.31112e-06 0.000818639 1.45185e-06
9.06 0.0375734 0.00431771 -0.00776888 -8.62843e-06 0.000805678 1.50642e-06
9.07 0.0370802 0.00430269 -0.00780616 -7.95397e-06 0.000792829 1.55985e-06
9.08 0.0365822 0.0042873 -0.00785654 -7.29387e-06 0.000780107 1.61206e-06
9.09 0.0360793 0.00427163 -0.00791861 -6.65386e-06 0.000767524 1.66296e-06
9.1 0.0355716 0.00425573 -0.00799062 -6.03963e-06 0.000755096 1.71248e-06
9.11 0.0350591 0.00423967 -0.00807056 -5.45688e-06 0.000742836 1.76053e-06
9.12 0.0345417 0.00422353 -0.00815619 -4.911e-06 0.000730755 1.80705e-06
9.13 0.0340197 0.00420736 -0.00824512 -4.40667e-06 0.000718867 1.85198e-06
9.14 0.033493 0.00419124 -0.00833487 -3.94754e-06 0.000707182 1.89526e-06
9.15 0.0329618 0.0041752 -0.00842294 -3.53604e-06 0.000695713 1.93683e-06
9.16 0.0324261 0.00415932 -0.00850686 -3.17338e-06 0.00068447 1.97663e-06
9.17 0.031886 0.00414361 -0.0085843 -2.8595e-06 0.000673461 2.01458e-06
9.18 0.0313417 0.00412813 -0.00865312 -2.59321e-06 0.000662696 2.05066e-06
9.19 0.0307932 0.00411289 -0.0087114 -2.37216e-06 0.000652183 2.08481e-06
9.2 0.0302408 0.0040979 -0.00875752 -2.19299e-06 0.000641928 2.11701e-06
9.21 0.0296847 0.00408317 -0.00879021 -2.05136e-06 0.000631939 2.14724e-06
9.22 0.0291249 0.00406869 -0.00880856 -1.94209e-06 0.000622219 2.17544e-06
9.23 0.0285618 0.00405444 -0.00881208 -1.85932e-06 0.000612772 2.20161e-06
9.24 0.0279955 0.00404039 -0.00880066 -1.79668e-06 0.000603603 2.22572e-06
9.25 0.0274263 0.00402652 -0.00877464 -1.74745e-06 0.000594713 2.24777e-06
9.26 0.0268543 0.00401279 -0.00873475 -1.70478e-06 0.000586103 2.26776e-06
9.27 0.02628 0.00399914 -0.00868208 -1.6618e-06 0.000577774 2.28568e-06
9.28 0.0257034 0.00398554 -0.00861812 -1.61182e-06 0.000569723 2.30154e-06
9.29 0.025125 0.00397192 -0.00854463 -1.54841e-06 0.000561951 2.31532e-06
9.3 0.0245451 0.00395825 -0.00846367 -1.46555e-06 0.000554454 2.32703e-06
9.31 0.0239638 0.00394447 -0.00837749 -1.35773e-06 0.000547229 2.33669e-06
9.32 0.0233815 0.00393053 -0.00828848 -1.2201e-06 0.000540272 2.34431e-06
9.33 0.0227986 0.0039164 -0.00819912 -1.04854e-06 0.000533577 2.34988e-06
9.34 0.0222154 0.00390204 -0.00811189 -8.39785e-07 0.000527141 2.3534e-06
9.35 0.0216322 0.00388743 -0.00802924 -5.91538e-07 0.000520956 2.35487e-06
9.36 0.0210493 0.00387255 -0.00795345 -3.02498e-07 0.000515017 2.3543e-06
9.37 0.0204671 0.00385738 -0.00788665 2.75684e-08 0.000509316 2.35167e-06
9.38 0.019886 0.00384193 -0.00783069 3.97811e-07 0.000503847 2.34701e-06
9.39 0.0193062 0.00382621 -0.00778713 8.06305e-07 0.000498601 2.3403e-06
9.4 0.0187282 0.00381024 -0.0077572 1.2501e-06 0.000493571 2.33151e-06
9.41 0.0181523 0.00379406 -0.00774173 1.72527e-06 0.000488748 2.32065e-06
9.42 0.0175789 0.0037777 -0.00774115 2.22704e-06 0.000484125 2.30771e-06
9.43 0.0170083 0.0037612 -0.00775548 2.74991e-06 0.000479692 2.29268e-06
9.44 0.0164409 0.00374464 -0.00778431 3.28778e-06 0.000475442 2.27556e-06
9.45 0.015877 0.00372806 -0.00782683 3.83415e-06 0.000471364 2.25632e-06
9.46 0.0153172 0.00371153 -0.00788187 4.38227e-06 0.000467452 2.23496e-06
9.47 0.0147616 0.00369512 -0.00794787 4.92531e-06 0.000463695 2.21147e-06
9.48 0.0142107 0.00367889 -0.008023 5.45657e-06 0.000460084 2.18583e-06
9.49 0.0136649 0.00366292 -0.00810516 5.9696e-06 0.000456612 2.15806e-06
9.5 0.0131246 0.00364726 -0.00819205 6.45838e-06 0.000453268 2.12815e-06
9.51 0.0125901 0.00363199 -0.00828125 6.91747e-06 0.000450044 2.09609e-06
9.52 0.0120619 0.00361714 -0.00837027 7.3421e-06 0.00044693 2.06188e-06
9.53 0.0115402 0.00360277 -0.00845664 7.7283e-06 0.000443918 2.02554e-06
9.54 0.0110255 0.00358891 -0.00853795 8.07297e-06 0.000440999 1.98708e-06
9.55 0.0105182 0.00357561 -0.00861194 8.37394e-06 0.000438162 1.94654e-06
9.56 0.0100186 0.00356286 -0.00867657 8.63002e-06 0.0004354 1.90392e-06
9.57 0.00952718 0.00355069 -0.00873003 8.84102e-06 0.000432703 1.85927e-06
9.58 0.00904422 0.0035391 -0.00877086 9.00778e-06 0.000430061 1.81261e-06
9.59 0.00857012 0.00352806 -0.00879792 9.13206e-06 0.000427466 1.76399e-06
9.6 0.00810525 0.00351758 -0.00881048 9.21653e-06 0.000424908 1.71345e-06
9.61 0.00764996 0.0035076 -0.00880819 9.26461e-06 0.000422377 1.66107e-06
9.62 0.00720461 0.0034981 -0.00879112 9.28043e-06 0.000419865 1.60689e-06
9.63 0.00676952 0.00348904 -0.00875976 9.26873e-06 0.000417363 1.55096e-06
9.64 0.00634503 0.00348037 -0.00871498 9.23471e-06 0.00041486 1.49337e-06
9.65 0.00593146 0.00347204 -0.00865804 9.18396e-06 0.000412349 1.43417e-06
9.66 0.00552911 0.003464 -0.00859052 9.12224e-06 0.00040982 1.37344e-06
9.67 0.00513829 0.00345619 -0.00851429 9.05536e-06 0.000407266 1.31126e-06
9.68 0.00475927 0.00344857 -0.00843149 8.98901e-06 0.000404678 1.24769e-06
9.69 0.00439231 0.00344108 -0.00834441 8.92864e-06 0.000402049 1.18281e-06
9.7 0.00403766 0.00343369 -0.00825549 8.87927e-06 0.000399371 1.11668e-06
9.71 0.00369557 0.00342637 -0.00816718 8.84539e-06 0.000396637 1.04939e-06
9.72 0.00336624 0.00341908 -0.00808195 8.83087e-06 0.000393843 9.81005e-07
9.73 0.00304987 0.0034118 -0.00800219 8.83885e-06 0.000390982 9.11597e-07
9.74 0.00274665 0.00340452 -0.0079301 8.87166e-06 0.000388049 8.4123e-07
9.75 0.00245675 0.00339724 -0.0078677 8.9308e-06 0.000385041 7.69965e-07
9.76 0.0021803 0.00338997 -0.00781672 9.01692e-06 0.000381955 6.97868e-07
9.77 0.00191745 0.00338273 -0.0077786 9.12978e-06 0.000378788 6.25001e-07
9.78 0.0016683 0.00337553 -0.00775439 9.26833e-06 0.000375538 5.51427e-07
9.79 0.00143296 0.00336841 -0.00774477 9.43073e-06 0.000372206 4.772e-07
9.8 0.00121149 0.00336141 -0.00775 9.61442e-06 0.000368792 4.0237e-07
9.81 0.00100398 0.00335458 -0.00776994 9.81621e-06 0.000365296 3.26988e-07
9.82 0.000810452 0.00334797 -0.00780403 1.00324e-05 0.000361721 2.51106e-07
9.83 0.000630956 0.00334162 -0.0078513 1.02587e-05 0.000358069 1.74778e-07
9.84 0.000465506 0.0033356 -0.00791045 1.04908e-05 0.000354345 9.80566e-08
9.85 0.000314107 0.00332996 -0.0079798 1.0724e-05 0.000350553 2.09903e-08
9.86 0.000176749 0.00332475 -0.00805743 1.09534e-05 0.000346698 -5.63748e-08
9.87 5.34094e-05 0.00332003 -0.00814115 1.11746e-05 0.000342786 -1.33989e-07
9.88 -5.59463e-05 0.00331583 -0.00822864 1.13828e-05 0.000338825 -2.11798e-07
9.89 -0.000151366 0.00331219 -0.00831745 1.15739e-05 0.000334821 -2.89743e-07
9.9 -0.000232911 0.00330915 -0.0084051 1.17442e-05 0.000330782 -3.67767e-07
9.91 -0.000300651 0.00330674 -0.00848914 1.18901e-05 0.000326718 -4.45812e-07
9.92 -0.00035467 0.00330496 -0.00856725 1.20089e-05 0.000322636 -5.23819e-07
9.93 -0.000395063 0.00330382 -0.00863725 1.20984e-05 0.000318547 -6.01724e-07
9.94 -0.000421934 0.00330332 -0.00869719 1.2157e-05 0.00031446 -6.79456e-07
9.95 -0.000435401 0.00330346 -0.00874541 1.21839e-05 0.000310385 -7.56943e-07
9.96 -0.000435589 0.0033042 -0.00878058 1.21788e-05 0.000306332 -8.34109e-07
9.97 -0.000422637 0.00330552 -0.00880172 1.21422e-05 0.000302312 -9.10883e-07
9.98 -0.000396693 0.00330739 -0.00880825 1.20751e-05 0.000298335 -9.87186e-07
9.99 -0.000357916 0.00330977 -0.0088 1.19792e-05 0.000294412 -1.06294e-06
10 -0.000306474 0.00331261 -0.00877719 1.18567e-05 0.000290553 -1.13806e-06
10.01 -0.000242548 0.00331586 -0.00874047 1.17101e-05 0.000286769 -1.21246e-06
10.02 -0.000166324 0.00331947 -0.00869086 1.15423e-05 0.00028307 -1.28606e-06
10.03 -7.80037e-05 0.00332339 -0.00862974 1.13566e-05 0.000279468 -1.35877e-06
10.04 2.22063e-05 0.00332757 -0.0085588 1.11564e-05 0.000275973 -1.43052e-06
10.05 0.000134088 0.00333197 -0.00848003 1.0945e-05 0.000272595 -1.50123e-06
10.06 0.000257417 0.00333654 -0.0083956 1.07259e-05 0.000269346 -1.57082e-06
10.07 0.000391958 0.00334125 -0.00830786 1.05021e-05 0.000266235 -1.6392e-06
10.08 0.00053747 0.00334606 -0.00821926 1.02763e-05 0.000263274 -1.70631e-06
10.09 0.000693704 0.00335094 -0.00813225 1.00506e-05 0.000260473 -1.77207e-06
10.1 0.000860408 0.00335589 -0.00804926 9.82743e-06 0.000257842 -1.8364e-06
10.11 0.00103732 0.00336088 -0.00797259 9.60894e-06 0.000255393 -1.89922e-06
10.12 0.00122418 0.00336593 -0.00790438 9.3974e-06 0.000253135 -1.96049e-06
10.13 0.00142072 0.00337102 -0.00784652 9.19468e-06 0.000251081 -2.02016e-06
10.14 0.00162666 0.00337619 -0.00780064 9.00212e-06 0.00024924 -2.07819e-06
10.15 0.00184174 0.00338145 -0.007768 8.82045e-06 0.000247622 -2.13452e-06
10.16 0.00206569 0.00338682 -0.00774952 8.64981e-06 0.00024624 -2.18909e-06
10.17 0.00229824 0.00339234 -0.00774571 8.48983e-06 0.000245102 -2.24185e-06
10.18 0.00253911 0.00339804 -0.00775666 8.33965e-06 0.000244219 -2.29275e-06
10.19 0.00278804 0.00340396 -0.00778207 8.19806e-06 0.000243603 -2.34177e-06
10.2 0.00304477 0.00341014 -0.00782123 8.06351e-06 0.000243262 -2.38889e-06
10.21 0.00330903 0.00341662 -0.00787303 7.93419e-06 0.000243206 -2.43406e-06
10.22 0.00358058 0.00342344 -0.00793603 7.80813e-06 0.000243446 -2.47723e-06
10.23 0.00385916 0.00343062 -0.00800846 7.68328e-06 0.00024399 -2.51836e-06
10.24 0.00414454 0.00343821 -0.00808829 7.55759e-06 0.000244847 -2.55743e-06
10.25 0.00443647 0.00344622 -0.0081733 7.42915e-06 0.000246027 -2.59442e-06
10.26 0.00473473 0.00345467 -0.0082611 7.29618e-06 0.000247536 -2.6293e-06
10.27 0.00503911 0.00346358 -0.00834925 7.15716e-06 0.000249382 -2.66205e-06
10.28 0.00534938 0.00347295 -0.00843529 7.0108e-06 0.000251573 -2.69262e-06
10.29 0.00566534 0.00348277 -0.00851683 6.85607e-06 0.000254114 -2.72097e-06
10.3 0.00598681 0.00349303 -0.00859159 6.69216e-06 0.00025701 -2.74709e-06
10.31 0.00631359 0.00350373 -0.00865749 6.51852e-06 0.000260268 -2.77097e-06
10.32 0.00664551 0.00351481 -0.00871272 6.3348e-06 0.000263889 -2.79257e-06
10.33 0.00698239 0.00352627 -0.00875574 6.14086e-06 0.000267878 -2.81185e-06
10.34 0.00732408 0.00353805 -0.00878535 5.93676e-06 0.000272236 -2.82878e-06
10.35 0.00767042 0.00355012 -0.00880075 5.72274e-06 0.000276965 -2.84333e-06
10.36 0.00802128 0.00356243 -0.00880151 5.4992e-06 0.000282065 -2.85548e-06
10.37 0.0083765 0.00357493 -0.00878762 5.26669e-06 0.000287535 -2.86521e-06
10.38 0.00873597 0.00358756 -0.00875947 5.02586e-06 0.000293374 -2.87251e-06
10.39 0.00909956 0.00360029 -0.00871784 4.77749e-06 0.000299578 -2.87733e-06
10.4 0.00946716 0.00361307 -0.00866391 4.5224e-06 0.000306144 -2.87965e-06
10.41 0.00983866 0.00362584 -0.00859916 4.26141e-06 0.000313067 -2.87946e-06
10.42 0.010214 0.00363857 -0.00852541 3.99537e-06 0.000320343 -2.87675e-06
10.43 0.010593 0.00365123 -0.00844471 3.72505e-06 0.000327964 -2.87153e-06
10.44 0.0109756 0.00366379 -0.00835929 3.45111e-06 0.000335925 -2.86379e-06
10.45 0.0113618 0.00367623 -0.00827155 3.1741e-06 0.000344216 -2.8535e-06
10.46 0.0117515 0.00368852 -0.00818391 2.89441e-06 0.00035283 -2.84067e-06
10.47 0.0121446 0.00370067 -0.00809882 2.61224e-06 0.000361758 -2.82532e-06
10.48 0.012541 0.00371267 -0.00801866 2.32764e-06 0.000370989 -2.80744e-06
10.49 0.0129407 0.00372454 -0.00794565 2.04046e-06 0.000380514 -2.78708e-06
10.5 0.0133437 0.00373628 -0.00788183 1.75042e-06 0.000390323 -2.76423e-06
10.51 0.0137499 0.00374791 -0.00782898 1.45712e-06 0.000400403 -2.73891e-06
10.52 0.0141593 0.00375946 -0.00778858 1.16006e-06 0.000410745 -2.71113e-06
10.53 0.0145719 0.00377096 -0.00776176 8.5872e-07 0.000421335 -2.68093e-06
10.54 0.0149875 0.00378243 -0.00774926 5.52584e-07 0.000432163 -2.64835e-06
10.55 0.0154064 0.00379392 -0.00775144 2.41235e-07 0.000443216 -2.61342e-06
10.56 0.0158283 0.00380545 -0.00776823 -7.5732e-08 0.000454481 -2.57616e-06
10.57 0.0162534 0.00381705 -0.00779916 -3.98953e-07 0.000465946 -2.53662e-06
10.58 0.0166815 0.00382875 -0.00784338 -7.294e-07 0.000477598 -2.49483e-06
10.59 0.0171128 0.00384058 -0.00789964 -1.06798e-06 0.000489424 -2.45081e-06
10.6 0.0175473 0.00385255 -0.00796637 -1.41488e-06 0.000501412 -2.40459e-06
10.61 0.0179849 0.00386468 -0.00804171 -1.76929e-06 0.000513548 -2.35621e-06
10.62 0.0184257 0.00387698 -0.00812355 -2.12963e-06 0.000525819 -2.3057e-06
10.63 0.0188697 0.00388944 -0.00820961 -2.49395e-06 0.000538211 -2.25314e-06
10.64 0.0193169 0.00390206 -0.0082975 -2.86026e-06 0.000550712 -2.19858e-06
10.65 0.0197674 0.00391483 -0.00838476 -3.22665e-06 0.000563308 -2.14206e-06
10.66 0.0202211 0.00392772 -0.00846897 -3.59136e-06 0.000575985 -2.0836e-06
10.67 0.0206782 0.00394071 -0.00854778 -3.9527e-06 0.00058873 -2.02322e-06
10.68 0.0211386 0.00395376 -0.00861901 -4.3091e-06 0.000601529 -1.96097e-06
10.69 0.0216023 0.00396682 -0.00868068 -4.65904e-06 0.000614368 -1.8969e-06
10.7 0.0220694 0.00397986 -0.00873108 -5.00112e-06 0.000627232 -1.83108e-06
10.71 0.02254 0.00399282 -0.00876883 -5.33409e-06 0.000640109 -1.76352e-06
10.72 0.0230139 0.00400566 -0.00879288 -5.65687e-06 0.000652984 -1.69426e-06
10.73 0.0234913 0.00401832 -0.00880257 -5.96853e-06 0.000665842 -1.62333e-06
10.74 0.0239721 0.00403076 -0.00879765 -6.26833e-06 0.000678669 -1.55079e-06
10.75 0.0244563 0.00404291 -0.00877825 -6.55565e-06 0.000691451 -1.47669e-06
10.76 0.0249439 0.00405474 -0.00874494 -6.83007e-06 0.000704173 -1.4011e-06
10.77 0.025435 0.0040662 -0.00869863 -7.09135e-06 0.000716822 -1.32408e-06
10.78 0.0259295 0.00407726 -0.00864063 -7.33949e-06 0.000729382 -1.24564e-06
10.79 0.0264273 0.00408788 -0.00857254 -7.57482e-06 0.000741841 -1.16586e-06
10.8 0.0269284 0.00409804 -0.00849627 -7.79802e-06 0.000754184 -1.08481e-06
10.81 0.0274328 0.00410772 -0.00841394 -8.01014e-06 0.000766398 -1.00257e-06
10.82 0.0279405 0.00411691 -0.00832784 -8.21263e-06 0.000778469 -9.19217e-07
10.83 0.0284513 0.00412562 -0.00824037 -8.40729e-06 0.000790385 -8.34809e-07
10.84 0.0289652 0.00413384 -0.00815396 -8.59622e-06 0.000802133 -7.49404e-07
10.85 0.0294821 0.0041416 -0.00807102 -8.78176e-06 0.000813703 -6.63077e-07
10.86 0.030002 0.00414891 -0.00799386 -8.9664e-06 0.000825082 -5.75923e-07
10.87 0.0305246 0.00415579 -0.00792464 -9.15266e-06 0.000836261 -4.88035e-07
10.88 0.03105 0.00416228 -0.00786528 -9.34303e-06 0.00084723 -3.99496e-07
10.89 0.0315779 0.00416841 -0.00781745 -9.53986e-06 0.00085798 -3.10378e-07
10.9 0.0321084 0.00417422 -0.00778247 -9.74527e-06 0.000868502 -2.20752e-07
10.91 0.0326411 0.00417974 -0.00776132 -9.96108e-06 0.000878789 -1.30705e-07
10.92 0.033176 0.004185 -0.00775459 -1.01887e-05 0.000888836 -4.03377e-08
10.93 0.033713 0.00419005 -0.00776248 -1.04293e-05 0.000898636 5.02541e-08
10.94 0.0342517 0.00419491 -0.00778475 -1.06834e-05 0.000908184 1.40988e-07
10.95 0.0347922 0.00419961 -0.00782079 -1.09512e-05 0.000917477 2.31795e-07
10.96 0.0353341 0.00420417 -0.00786958 -1.12325e-05 0.000926512 3.22604e-07
10.97 0.0358773 0.00420861 -0.00792976 -1.15265e-05 0.000935287 4.13328e-07
10.98 0.0364216 0.00421293 -0.00799964 -1.1832e-05 0.000943799 5.03878e-07
10.99 0.0369668 0.00421714 -0.00807728 -1.21476e-05 0.00095205 5.9417e-07
11 0.0375126 0.00422123 -0.00816051 -1.24713e-05 0.000960038 6.84137e-07
11.01 0.0380588 0.00422518 -0.00824699 -1.28009e-05 0.000967766 7.73723e-07
11.02 0.0386052 0.00422897 -0.00833432 -1.31336e-05 0.000975233 8.62865e-07
11.03 0.0391515 0.00423257 -0.00842006 -1.34668e-05 0.000982444 9.51492e-07
11.04 0.0396974 0.00423594 -0.00850183 -1.37972e-05 0.000989401 1.03953e-06
11.05 0.0402427 0.00423905 -0.00857735 -1.41217e-05 0.000996107 1.1269e-06
11.06 0.0407871 0.00424184 -0.00864452 -1.44371e-05 0.00100257 1.21355e-06
11.07 0.0413303 0.00424428 -0.00870147 -1.47404e-05 0.00100878 1.29944e-06
11.08 0.0418721 0.0042463 -0.00874664 -1.50297e-05 0.00101476 1.38451e-06
11.09 0.042412 0.00424785 -0.00877876 -1.53032e-05 0.0010205 1.4687e-06
11.1 0.0429499 0.00424888 -0.00879696 -1.55587e-05 0.00102602 1.55197e-06
11.11 0.0434854 0.00424934 -0.00880072 -1.57937e-05 0.00103132 1.63428e-06
11.12 0.0440181 0.00424918 -0.00878996 -1.60054e-05 0.00103639 1.71555e-06
11.13 0.0445479 0.00424836 -0.00876498 -1.61913e-05 0.00104126 1.79571e-06
11.14 0.0450742 0.00424686 -0.00872648 -1.63494e-05 0.00104592 1.87466e-06
11.15 0.0455968 0.00424463 -0.00867552 -1.64791e-05 0.00105039 1.95236e-06
11.16 0.0461154 0.00424165 -0.00861353 -1.65801e-05 0.00105466 2.02876e-06
11.17 0.0466296 0.00423792 -0.00854223 -1.66533e-05 0.00105875 2.10382e-06
11.18 0.047139 0.00423343 -0.0084636 -1.67001e-05 0.00106265 2.17747e-06
11.19 0.0476434 0.00422818 -0.00837983 -1.67226e-05 0.00106639 2.24962e-06
11.2 0.0481423 0.00422219 -0.00829325 -1.67236e-05 0.00106996 2.3202e-06
11.21 0.0486355 0.00421546 -0.00820626 -1.67061e-05 0.00107337 2.38913e-06
11.22 0.0491225 0.00420804 -0.00812128 -1.66736e-05 0.00107663 2.45639e-06
11.23 0.0496031 0.00419996 -0.00804068 -1.66298e-05 0.00107974 2.5219e-06
11.24 0.0500768 0.00419124 -0.0079667 -1.65783e-05 0.00108272 2.5856e-06
11.25 0.0505434 0.00418194 -0.0079014 -1.65228e-05 0.00108558 2.64739e-06
11.26 0.0510025 0.00417209 -0.0078466 -1.64666e-05 0.00108831 2.70721e-06
11.27 0.0514538 0.00416175 -0.00780383 -1.64129e-05 0.00109093 2.76499e-06
11.28 0.0518969 0.00415096 -0.00777427 -1.63642e-05 0.00109345 2.82069e-06
11.29 0.0523315 0.00413976 -0.00775875 -1.63229e-05 0.00109587 2.87424e-06
11.3 0.0527573 0.0041282 -0.0077577 -1.62909e-05 0.00109821 2.92559e-06
11.31 0.053174 0.0041163 -0.00777114 -1.62697e-05 0.00110047 2.97466e-06
11.32 0.0535813 0.0041041 -0.0077987 -1.62602e-05 0.00110267 3.02138e-06
11.33 0.0539788 0.00409162 -0.0078396 -1.62631e-05 0.0011048 3.06573e-06
11.34 0.0543663 0.00407889 -0.00789269 -1.62784e-05 0.00110689 3.10769e-06
11.35 0.0547434 0.00406591 -0.00795649 -1.63057e-05 0.00110893 3.1472e-06
11.36 0.05511 0.00405268 -0.00802921 -1.63441e-05 0.00111094 3.18424e-06
11.37 0.0554657 0.0040392 -0.00810881 -1.63921e-05 0.00111293 3.21875e-06
11.38 0.0558103 0.00402545 -0.00819308 -1.64478e-05 0.0011149 3.2507e-06
11.39 0.0561436 0.00401141 -0.00827966 -1.65087e-05 0.00111686 3.2801e-06
11.4 0.0564653 0.00399705 -0.00836612 -1.65719e-05 0.00111882 3.30694e-06
11.41 0.0567751 0.00398235 -0.00845007 -1.66344e-05 0.00112078 3.3312e-06
11.42 0.0570729 0.00396725 -0.00852917 -1.66925e-05 0.00112276 3.35286e-06
11.43 0.0573585 0.00395173 -0.00860121 -1.67429e-05 0.00112476 3.3719e-06
11.44 0.0576316 0.00393573 -0.00866419 -1.67817e-05 0.00112679 3.38831e-06
11.45 0.0578922 0.00391922 -0.00871636 -1.68056e-05 0.00112885 3.40212e-06
11.46 0.05814 0.00390214 -0.00875629 -1.68112e-05 0.00113094 3.41333e-06
11.47 0.0583749 0.00388446 -0.00878286 -1.67956e-05 0.00113306 3.42194e-06
11.48 0.0585967 0.00386614 -0.00879534 -1.67562e-05 0.00113523 3.42794e-06
11.49 0.0588054 0.00384714 -0.0087934 -1.6691e-05 0.00113745 3.43132e-06
11.5 0.0590007 0.00382744 -0.00877709 -1.65986e-05 0.00113971 3.43209e-06
11.51 0.0591828 0.00380702 -0.00874688 -1.6478e-05 0.00114201 3.43028e-06
11.52 0.0593513 0.00378587 -0.0087036 -1.6329e-05 0.00114436 3.42589e-06
11.53 0.0595063 0.00376397 -0.00864846 -1.61519e-05 0.00114675 3.41893e-06
11.54 0.0596478 0.00374134 -0.008583 -1.59475e-05 0.00114918 3.40938e-06
11.55 0.0597756 0.00371798 -0.00850904 -1.57174e-05 0.00115166 3.39723e-06
11.56 0.0598899 0.00369392 -0.00842864 -1.54634e-05 0.00115417 3.38251e-06
11.57 0.0599904 0.00366918 -0.00834402 -1.51883e-05 0.00115672 3.36521e-06
11.58 0.0600773 0.00364379 -0.00825756 -1.48957e-05 0.00115929 3.34535e-06
11.59 0.0601506 0.00361781 -0.00817165 -1.45896e-05 0.00116189 3.32293e-06
11.6 0.0602103 0.00359126 -0.00808869 -1.42737e-05 0.00116451 3.29796e-06
11.61 0.0602564 0.00356421 -0.00801098 -1.39511e-05 0.00116714 3.27046e-06
11.62 0.060289 0.0035367 -0.00794069 -1.36242e-05 0.00116978 3.24043e-06
11.63 0.0603082 0.00350878 -0.00787978 -1.32953e-05 0.00117242 3.20785e-06
11.64 0.060314 0.00348051 -0.00782996 -1.29668e-05 0.00117506 3.17271e-06
11.65 0.0603066 0.00345195 -0.0077926 -1.26411e-05 0.00117768 3.13504e-06
11.66 0.0602861 0.00342313 -0.00776876 -1.23206e-05 0.00118028 3.09485e-06
11.67 0.0602525 0.00339411 -0.0077591 -1.20077e-05 0.00118286 3.05219e-06
11.68 0.0602059 0.00336492 -0.00776388 -1.17043e-05 0.0011854 3.00708e-06
11.69 0.0601467 0.00333559 -0.00778298 -1.14123e-05 0.0011879 2.95954e-06
11.7 0.0600748 0.00330615 -0.00781585 -1.11328e-05 0.00119035 2.90957e-06
11.71 0.0599904 0.00327662 -0.00786158 -1.08667e-05 0.00119274 2.85722e-06
11.72 0.0598938 0.00324701 -0.0079189 -1.06143e-05 0.00119506 2.80256e-06
11.73 0.0597851 0.00321732 -0.00798619 -1.03755e-05 0.00119731 2.74563e-06
11.74 0.0596644 0.00318755 -0.00806158 -1.01492e-05 0.00119948 2.68648e-06
11.75 0.059532 0.00315769 -0.00814296 -9.93426e-06 0.00120156 2.62514e-06
11.76 0.0593881 0.00312771 -0.00822806 -9.7285e-06 0.00120353 2.56167e-06
11.77 0.0592328 0.00309759 -0.00831451 -9.52946e-06 0.0012054 2.49614e-06
11.78 0.0590665 0.0030673 -0.0083999 -9.33423e-06 0.00120716 2.42861e-06
11.79 0.0588893 0.00303681 -0.00848185 -9.13966e-06 0.00120879 2.35916e-06
11.8 0.0587014 0.00300608 -0.00855809 -8.94249e-06 0.00121029 2.28786e-06
11.81 0.0585032 0.00297508 -0.00862649 -8.7395e-06 0.00121164 2.21475e-06
11.82 0.0582947 0.00294377 -0.00868517 -8.52761e-06 0.00121284 2.1399e-06
11.83 0.0580763 0.00291211 -0.00873249 -8.30398e-06 0.00121389 2.06341e-06
11.84 0.0578483 0.00288008 -0.00876715 -8.0661e-06 0.00121476 1.98535e-06
11.85 0.0576108 0.00284765 -0.0087882 -7.81183e-06 0.00121546 1.90581e-06
11.86 0.0573641 0.00281479 -0.00879505 -7.53943e-06 0.00121596 1.82486e-06
11.87 0.0571085 0.00278149 -0.00878752 -7.24761e-06 0.00121628 1.74255e-06
11.88 0.0568442 0.00274775 -0.00876584 -6.93551e-06 0.00121638 1.65895e-06
11.89 0.0565715 0.00271356 -0.00873061 -6.60273e-06 0.00121627 1.57415e-06
11.9 0.0562906 0.00267893 -0.00868281 -6.2493e-06 0.00121593 1.48824e-06
11.91 0.0560018 0.00264387 -0.00862379 -5.87571e-06 0.00121536 1.40127e-06
11.92 0.0557054 0.00260842 -0.00855518 -5.48288e-06 0.00121454 1.3133e-06
11.93 0.0554015 0.0025726 -0.00847889 -5.07213e-06 0.00121347 1.2244e-06
11.94 0.0550905 0.00253644 -0.00839705 -4.64519e-06 0.00121214 1.13461e-06
11.95 0.0547726 0.0025 -0.00831193 -4.20416e-06 0.00121055 1.04401e-06
11.96 0.054448 0.00246332 -0.0082259 -3.75147e-06 0.00120867 9.52676e-07
11.97 0.054117 0.00242646 -0.00814137 -3.28982e-06 0.00120651 8.60662e-07
11.98 0.0537797 0.00238947 -0.00806067 -2.82211e-06 0.00120405 7.68017e-07
11.99 0.0534365 0.0023524 -0.00798607 -2.35139e-06 0.0012013 6.74791e-07
12 0.0530876 0.00231532 -0.00791964 -1.88073e-06 0.00119824 5.81051e-07
12.01 0.0527331 0.00227827 -0.00786323 -1.41315e-06 0.00119487 4.8687e-07
12.02 0.0523732 0.00224132 -0.00781842 -9.51526e-07 0.00119119 3.92317e-07
12.03 0.0520082 0.0022045 -0.00778645 -4.98494e-07 0.0011872 2.9745e-07
12.04 0.0516383 0.00216786 -0.00776822 -5.63475e-08 0.00118288 2.02324e-07
12.05 0.0512637 0.00213143 -0.00776423 3.73037e-07 0.00117824 1.06999e-07
12.06 0.0508844 0.00209526 -0.0077746 7.88171e-07 0.00117328 1.15493e-08
12.07 0.0505008 0.00205935 -0.00779903 1.18776e-06 0.00116799 -8.39467e-08
12.08 0.050113 0.00202372 -0.00783684 1.5706e-06 0.00116238 -1.79411e-07
12.09 0.0497211 0.00198838 -0.00788697 1.93591e-06 0.00115645 -2.74763e-07
12.1 0.0493252 0.00195333 -0.00794802 2.28377e-06 0.0011502 -3.69919e-07
12.11 0.0489256 0.00191855 -0.00801827 2.61533e-06 0.00114363 -4.64795e-07
12.12 0.0485224 0.00188403 -0.00809576 2.93261e-06 0.00113674 -5.59315e-07
12.13 0.0481157 0.00184976 -0.00817833 3.23805e-06 0.00112955 -6.53411e-07
12.14 0.0477056 0.0018157 -0.00826368 3.5343e-06 0.00112205 -7.47009e-07
12.15 0.0472922 0.00178182 -0.00834941 3.82397e-06 0.00111426 -8.40022e-07
12.16 0.0468757 0.0017481 -0.00843315 4.10961e-06 0.00110617 -9.32352e-07
12.17 0.0464562 0.0017145 -0.00851255 4.39367e-06 0.0010978 -1.0239e-06
12.18 0.0460337 0.00168098 -0.00858541 4.67847e-06 0.00108914 -1.11458e-06
12.19 0.0456084 0.00164753 -0.0086497 4.96616e-06 0.00108022 -1.20433e-06
12.2 0.0451802 0.0016141 -0.00870365 5.25867e-06 0.00107103 -1.29306e-06
12.21 0.0447494 0.00158067 -0.00874574 5.55766e-06 0.00106159 -1.38069e-06
12.22 0.044316 0.00154723 -0.00877483 5.86447e-06 0.00105191 -1.46714e-06
12.23 0.04388 0.00151377 -0.0087901 6.18013e-06 0.00104199 -1.5523e-06
12.24 0.0434415 0.00148027 -0.00879113 6.50534e-06 0.00103184 -1.63613e-06
12.25 0.0430006 0.00144674 -0.00877791 6.84049e-06 0.00102147 -1.71855e-06
12.26 0.0425574 0.00141319 -0.0087508 7.18565e-06 0.0010109 -1.79951e-06
12.27 0.0421117 0.00137963 -0.00871056 7.54057e-06 0.00100013 -1.87894e-06
12.28 0.0416638 0.00134609 -0.00865831 7.90467e-06 0.000989172 -1.95678e-06
12.29 0.0412137 0.0013126 -0.0085955 8.277e-06 0.000978038 -2.03296e-06
12.3 0.0407613 0.00127919 -0.00852388 8.65625e-06 0.000966736 -2.10745e-06
12.31 0.0403066 0.00124591 -0.00844544 9.04076e-06 0.000955279 -2.18019e-06
12.32 0.0398499 0.00121281 -0.00836236 9.42856e-06 0.000943677 -2.25116e-06
12.33 0.0393909 0.00117993 -0.00827694 9.81743e-06 0.000931942 -2.32031e-06
12.34 0.0389298 0.00114732 -0.00819156 1.0205e-05 0.000920084 -2.38757e-06
12.35 0.0384666 0.00111505 -0.0081086 1.05887e-05 0.000908116 -2.45291e-06
12.36 0.0380012 0.00108315 -0.00803037 1.0966e-05 0.000896049 -2.51631e-06
12.37 0.0375338 0.00105169 -0.00795903 1.13347e-05 0.000883895 -2.57772e-06
12.38 0.0370642 0.00102071 -0.00789658 1.16924e-05 0.000871668 -2.63712e-06
12.39 0.0365925 0.000990241 -0.00784475 1.20372e-05 0.000859378 -2.69446e-06
12.4 0.0361187 0.000960334 -0.00780498 1.23674e-05 0.00084704 -2.7497e-06
12.41 0.0356429 0.000931014 -0.00777839 1.26819e-05 0.000834665 -2.80281e-06
12.42 0.0351649 0.000902307 -0.00776571 1.29797e-05 0.000822268 -2.85376e-06
12.43 0.0346849 0.000874229 -0.00776729 1.32604e-05 0.000809862 -2.90252e-06
12.44 0.0342028 0.000846787 -0.00778308 1.3524e-05 0.000797459 -2.94906e-06
12.45 0.0337186 0.000819985 -0.00781264 1.37709e-05 0.000785075 -2.99333e-06
12.46 0.0332324 0.000793814 -0.00785513 1.40017e-05 0.000772721 -3.0353e-06
12.47 0.0327442 0.000768263 -0.00790937 1.42176e-05 0.000760412 -3.07492e-06
12.48 0.032254 0.00074331 -0.00797383 1.44198e-05 0.000748162 -3.11218e-06
12.49 0.0317618 0.000718933 -0.00804671 1.46099e-05 0.000735984 -3.14705e-06
12.5 0.0312677 0.0006951 -0.00812596 1.47896e-05 0.000723891 -3.17948e-06
12.51 0.0307718 0.000671779 -0.00820938 1.49608e-05 0.000711896 -3.20944e-06
12.52 0.030274 0.000648935 -0.00829463 1.51253e-05 0.000700013 -3.23689e-06
12.53 0.0297744 0.000626533 -0.00837934 1.5285e-05 0.000688254 -3.26181e-06
12.54 0.0292731 0.000604536 -0.00846114 1.5442e-05 0.000676631 -3.28416e-06
12.55 0.0287701 0.000582912 -0.00853775 1.55979e-05 0.000665155 -3.30395e-06
12.56 0.0282656 0.00056163 -0.00860704 1.57544e-05 0.000653839 -3.32113e-06
12.57 0.0277597 0.000540663 -0.00866709 1.59126e-05 0.000642693 -3.33569e-06
12.58 0.0272523 0.00051999 -0.00871623 1.60734e-05 0.000631726 -3.34761e-06
12.59 0.0267437 0.000499595 -0.0087531 1.6237e-05 0.000620949 -3.35688e-06
12.6 0.0262339 0.000479468 -0.00877667 1.64037e-05 0.00061037 -3.36348e-06
12.61 0.025723 0.000459607 -0.0087863 1.65739e-05 0.000599997 -3.36741e-06
12.62 0.0252113 0.000440016 -0.00878173 1.67478e-05 0.000589838 -3.36868e-06
12.63 0.0246987 0.00042071 -0.00876309 1.69255e-05 0.000579898 -3.36731e-06
12.64 0.0241855 0.000401706 -0.00873089 1.71066e-05 0.000570184 -3.36331e-06
12.65 0.0236718 0.000383031 -0.00868605 1.72903e-05 0.000560701 -3.35669e-06
12.66 0.0231578 0.000364716 -0.0086298 1.74752e-05 0.000551452 -3.34748e-06
12.67 0.0226436 0.000346797 -0.00856371 1.76597e-05 0.000542442 -3.33568e-06
12.68 0.0221294 0.000329315 -0.00848962 1.78421e-05 0.000533673 -3.32132e-06
12.69 0.0216154 0.000312312 -0.00840959 1.80202e-05 0.000525147 -3.30444e-06
12.7 0.0211017 0.000295835 -0.00832585 1.8192e-05 0.000516865 -3.28507e-06
12.71 0.0205886 0.000279929 -0.00824072 1.83554e-05 0.00050883 -3.26325e-06
12.72 0.0200762 0.000264636 -0.00815657 1.85083e-05 0.00050104 -3.239e-06
12.73 0.0195649 0.000250001 -0.00807575 1.86489e-05 0.000493495 -3.21234e-06
12.74 0.0190546 0.00023606 -0.0080005 1.87755e-05 0.000486196 -3.18333e-06
12.75 0.0185458 0.000222849 -0.00793292 1.88868e-05 0.000479141 -3.15201e-06
12.76 0.0180386 0.000210395 -0.0078749 1.89818e-05 0.000472327 -3.11841e-06
12.77 0.0175333 0.00019872 -0.00782805 1.906e-05 0.000465754 -3.08258e-06
12.78 0.0170301 0.000187841 -0.00779368 1.91211e-05 0.00045942 -3.04454e-06
12.79 0.0165292 0.000177764 -0.00777275 1.91654e-05 0.00045332 -3.00434e-06
12.8 0.0160309 0.000168489 -0.00776583 1.91933e-05 0.000447453 -2.96201e-06
12.81 0.0155355 0.000160011 -0.00777313 1.92057e-05 0.000441816 -2.9176e-06
12.82 0.0150432 0.000152314 -0.00779444 1.92038e-05 0.000436405 -2.87115e-06
12.83 0.0145542 0.000145377 -0.00782915 1.91887e-05 0.000431217 -2.8227e-06
12.84 0.014069 0.000139174 -0.0078763 1.91622e-05 0.000426247 -2.77227e-06
12.85 0.0135877 0.000133671 -0.00793457 1.91258e-05 0.000421492 -2.71989e-06
12.86 0.0131107 0.000128832 -0.00800233 1.90814e-05 0.000416947 -2.66562e-06
12.87 0.0126382 0.000124618 -0.00807768 1.90308e-05 0.000412608 -2.6095e-06
12.88 0.0121705 0.000120988 -0.00815852 1.8976e-05 0.00040847 -2.55156e-06
12.89 0.011708 0.0001179 -0.0082426 1.89187e-05 0.000404529 -2.49185e-06
12.9 0.0112509 0.000115312 -0.00832757 1.88608e-05 0.000400778 -2.4304e-06
12.91 0.0107996 0.000113187 -0.00841106 1.88038e-05 0.000397213 -2.36726e-06
12.92 0.0103543 0.000111487 -0.00849075 1.87492e-05 0.000393829 -2.30248e-06
12.93 0.00991532 0.000110183 -0.00856442 1.86981e-05 0.000390618 -2.23612e-06
12.94 0.00948306 0.000109248 -0.00863003 1.86515e-05 0.000387576 -2.16822e-06
12.95 0.00905777 0.000108661 -0.00868576 1.86097e-05 0.000384695 -2.09885e-06
12.96 0.00863977 0.00010841 -0.00873006 1.8573e-05 0.000381969 -2.02806e-06
12.97 0.00822936 0.000108487 -0.00876172 1.85411e-05 0.000379391 -1.95591e-06
12.98 0.00782683 0.000108895 -0.00877985 1.85133e-05 0.000376954 -1.88247e-06
12.99 0.00743249 0.000109641 -0.00878396 1.84888e-05 0.000374649 -1.80781e-06
13 0.00704663 0.000110738 -0.00877395 1.84661e-05 0.00037247 -1.73202e-06
13.01 0.00666953 0.00011221 -0.00875011 1.84437e-05 0.000370408 -1.65514e-06
13.02 0.00630148 0.000114081 -0.00871309 1.84197e-05 0.000368454 -1.57727e-06
13.03 0.00594275 0.000116383 -0.00866394 1.8392e-05 0.000366602 -1.49847e-06
13.04 0.00559362 0.000119151 -0.00860402 1.83585e-05 0.000364841 -1.41885e-06
13.05 0.00525433 0.000122422 -0.00853501 1.83171e-05 0.000363165 -1.33847e-06
13.06 0.00492515 0.000126236 -0.00845883 1.82656e-05 0.000361563 -1.25742e-06
13.07 0.00460631 0.000130629 -0.00837758 1.82019e-05 0.000360029 -1.17578e-06
13.08 0.00429805 0.00013564 -0.00829355 1.81238e-05 0.000358553 -1.09363e-06
13.09 0.0040006 0.000141302 -0.00820906 1.80294e-05 0.000357128 -1.01105e-06
13.1 0.00371416 0.000147645 -0.00812647 1.79172e-05 0.000355746 -9.28124e-07
13.11 0.00343896 0.000154695 -0.00804807 1.77863e-05 0.0003544 -8.4492e-07
13.12 0.00317518 0.000162473 -0.00797606 1.76363e-05 0.000353082 -7.61522e-07
13.13 0.002923 0.00017099 -0.00791244 1.74672e-05 0.000351786 -6.7801e-07
13.14 0.00268262 0.000180254 -0.00785899 1.72794e-05 0.000350505 -5.94462e-07
13.15 0.00245418 0.000190264 -0.00781719 1.70736e-05 0.000349235 -5.10948e-07
13.16 0.00223786 0.00020101 -0.00778821 1.68508e-05 0.00034797 -4.27532e-07
13.17 0.00203379 0.000212476 -0.00777286 1.66122e-05 0.000346706 -3.44276e-07
13.18 0.00184211 0.000224639 -0.00777157 1.63595e-05 0.000345439 -2.61244e-07
13.19 0.00166295 0.00023747 -0.00778437 1.60945e-05 0.000344165 -1.78502e-07
13.2 0.00149642 0.000250931 -0.0078109 1.58193e-05 0.000342883 -9.61134e-08
13.21 0.00134262 0.000264983 -0.00785042 1.55359e-05 0.00034159 -1.41341e-08
13.22 0.00120166 0.000279582 -0.00790183 1.52468e-05 0.000340285 6.7384e-08
13.23 0.00107361 0.000294679 -0.00796368 1.49542e-05 0.000338967 1.48389e-07
13.24 0.000958535 0.000310227 -0.00803424 1.46606e-05 0.000337637 2.28825e-07
13.25 0.000856507 0.000326176 -0.00811155 1.43683e-05 0.000336294 3.08633e-07
13.26 0.000767571 0.000342479 -0.00819344 1.40793e-05 0.000334941 3.87758e-07
13.27 0.000691761 0.000359091 -0.00827763 1.37956e-05 0.000333578 4.66145e-07
13.28 0.000629104 0.000375969 -0.00836176 1.3519e-05 0.000332209 5.43745e-07
13.29 0.00057961 0.000393077 -0.0084435 1.32508e-05 0.000330835 6.20505e-07
13.3 0.00054328 0.000410384 -0.00852057 1.2992e-05 0.00032946 6.96365e-07
13.31 0.000520099 0.000427863 -0.00859083 1.27432e-05 0.000328087 7.71267e-07
13.32 0.000510042 0.000445496 -0.00865232 1.25044e-05 0.00032672 8.45149e-07
13.33 0.00051307 0.000463272 -0.00870333 1.22753e-05 0.000325364 9.17955e-07
13.34 0.000529132 0.000481188 -0.00874247 1.20551e-05 0.000324021 9.8963e-07
13.35 0.000558161 0.000499245 -0.00876863 1.18426e-05 0.000322698 1.06011e-06
13.36 0.000600081 0.000517455 -0.00878111 1.16362e-05 0.000321398 1.12934e-06
13.37 0.0006548 0.000535833 -0.00877955 1.14341e-05 0.000320127 1.19724e-06
13.38 0.000722217 0.000554401 -0.00876402 1.12343e-05 0.000318889 1.26376e-06
13.39 0.000802215 0.000573185 -0.00873494 1.10344e-05 0.00031769 1.32884e-06
13.4 0.000894667 0.000592215 -0.00869312 1.0832e-05 0.000316535 1.39241e-06
13.41 0.000999434 0.000611525 -0.00863974 1.0625e-05 0.000315429 1.45441e-06
13.42 0.00111637 0.000631146 -0.00857627 1.04108e-05 0.000314378 1.51479e-06
13.43 0.00124531 0.000651112 -0.00850449 1.01874e-05 0.000313387 1.57347e-06
13.44 0.00138608 0.000671455 -0.00842638 9.9528e-06 0.000312462 1.63041e-06
13.45 0.0015385 0.000692205 -0.00834412 9.70515e-06 0.000311609 1.68554e-06
13.46 0.0017024 0.000713386 -0.00826 9.44301e-06 0.000310834 1.73884e-06
13.47 0.00187756 0.000735019 -0.00817635 9.16523e-06 0.000310143 1.79024e-06
13.48 0.00206379 0.000757119 -0.0080955 8.87105e-06 0.000309543 1.83969e-06
13.49 0.00226088 0.000779694 -0.00801971 8.56006e-06 0.00030904 1.88717e-06
13.5 0.0024686 0.000802745 -0.00795107 8.23228e-06 0.000308641 1.93263e-06
13.51 0.00268675 0.000826266 -0.00789151 7.88814e-06 0.000308353 1.97604e-06
13.52 0.00291509 0.000850243 -0.00784268 7.52847e-06 0.000308183 2.01738e-06
13.53 0.0031534 0.000874656 -0.00780594 7.1545e-06 0.00030814 2.05663e-06
13.54 0.00340144 0.000899477 -0.00778231 6.76779e-06 0.000308229 2.09376e-06
13.55 0.00365899 0.000924672 -0.00777246 6.37026e-06 0.000308461 2.12875e-06
13.56 0.0039258 0.0009502 -0.00777664 5.96406e-06 0.000308841 2.16159e-06
13.57 0.00420163 0.000976019 -0.00779475 5.5515e-06 0.00030938 2.19228e-06
13.58 0.00448626 0.00100208 -0.00782627 5.13493e-06 0.000310084 2.2208e-06
13.59 0.00477944 0.00102833 -0.00787032 4.71678e-06 0.000310962 2.24716e-06
13.6 0.00508092 0.00105472 -0.00792566 4.29952e-06 0.000312023 2.27136e-06
13.61 0.00539049 0.00108119 -0.00799075 3.88565e-06 0.000313275 2.2934e-06
13.62 0.00570788 0.0011077 -0.00806376 3.47758e-06 0.000314726 2.31327e-06
13.63 0.00603287 0.0011342 -0.00814264 3.07754e-06 0.000316385 2.33098e-06
13.64 0.00636523 0.00116064 -0.0082252 2.68745e-06 0.000318259 2.34653e-06
13.65 0.0067047 0.00118698 -0.00830914 2.30885e-06 0.000320356 2.35993e-06
13.66 0.00705106 0.0012132 -0.0083921 1.94288e-06 0.000322684 2.37118e-06
13.67 0.00740408 0.00123925 -0.00847179 1.59025e-06 0.00032525 2.38029e-06
13.68 0.00776351 0.00126512 -0.00854597 1.25125e-06 0.00032806 2.38727e-06
13.69 0.00812914 0.0012908 -0.00861259 9.25734e-07 0.000331122 2.39212e-06
13.7 0.00850073 0.00131628 -0.00866979 6.13165e-07 0.000334441 2.39485e-06
13.71 0.00887804 0.00134156 -0.008716 3.12611e-07 0.000338022 2.39545e-06
13.72 0.00926087 0.00136665 -0.00874993 2.27986e-08 0.000341869 2.39394e-06
13.73 0.00964899 0.00139156 -0.00877064 -2.57842e-07 0.000345988 2.39033e-06
13.74 0.0100422 0.00141631 -0.00877757 -5.31115e-07 0.00035038 2.38461e-06
13.75 0.0104402 0.00144092 -0.00877052 -7.98993e-07 0.000355049 2.3768e-06
13.76 0.0108429 0.00146542 -0.0087497 -1.06355e-06 0.000359997 2.36689e-06
13.77 0.01125 0.00148984 -0.0087157 -1.32689e-06 0.000365224 2.35491e-06
13.78 0.0116613 0.00151422 -0.00866945 -1.59109e-06 0.000370732 2.34085e-06
13.79 0.0120767 0.00153857 -0.00861226 -1.85814e-06 0.000376519 2.32472e-06
13.8 0.0124959 0.00156293 -0.00854571 -2.12986e-06 0.000382585 2.30655e-06
13.81 0.0129187 0.00158734 -0.00847165 -2.40788e-06 0.000388929 2.28635e-06
13.82 0.0133451 0.0016118 -0.00839214 -2.69357e-06 0.000395547 2.26413e-06
13.83 0.0137747 0.00163634 -0.0083094 -2.98798e-06 0.000402437 2.23992e-06
13.84 0.0142074 0.00166097 -0.00822572 -3.29182e-06 0.000409596 2.21375e-06
13.85 0.0146431 0.0016857 -0.00814344 -3.60544e-06 0.000417019 2.18564e-06
13.86 0.0150817 0.00171053 -0.00806485 -3.9288e-06 0.000424703 2.15562e-06
13.87 0.0155229 0.00173544 -0.00799213 -4.26145e-06 0.000432641 2.12374e-06
13.88 0.0159667 0.00176044 -0.00792732 -4.60257e-06 0.000440829 2.09003e-06
13.89 0.0164128 0.00178549 -0.00787222 -4.95097e-06 0.000449261 2.05453e-06
13.9 0.0168613 0.00181056 -0.00782836 -5.3051e-06 0.000457931 2.01729e-06
13.91 0.0173119 0.00183564 -0.00779698 -5.66316e-06 0.000466833 1.97837e-06
13.92 0.0177646 0.00186066 -0.00777894 -6.02308e-06 0.000475959 1.93781e-06
13.93 0.0182193 0.00188561 -0.00777475 -6.38264e-06 0.000485302 1.89566e-06
13.94 0.0186759 0.00191042 -0.00778452 -6.7395e-06 0.000494857 1.85199e-06
13.95 0.0191343 0.00193504 -0.00780799 -7.09128e-06 0.000504614 1.80685e-06
13.96 0.0195945 0.00195944 -0.00784449 -7.43565e-06 0.000514567 1.7603e-06
13.97 0.0200563 0.00198356 -0.00789301 -7.77038e-06 0.000524707 1.71241e-06
13.98 0.0205197 0.00200736 -0.00795218 -8.09343e-06 0.000535026 1.66323e-06
13.99 0.0209846 0.00203078 -0.00802036 -8.40298e-06 0.000545516 1.61283e-06
14 0.0214511 0.0020538 -0.00809564 -8.69752e-06 0.000556169 1.56126e-06
14.01 0.021919 0.00207637 -0.00817591 -8.97583e-06 0.000566975 1.5086e-06
14.02 0.0223882 0.00209847 -0.00825895 -9.23711e-06 0.000577925 1.4549e-06
14.03 0.0228588 0.00212008 -0.00834242 -9.48091e-06 0.000589012 1.40023e-06
14.04 0.0233307 0.00214117 -0.00842402 -9.70717e-06 0.000600224 1.34464e-06
14.05 0.0238039 0.00216173 -0.00850147 -9.91625e-06 0.000611552 1.28819e-06
14.06 0.0242782 0.00218178 -0.00857262 -1.01089e-05 0.000622987 1.23094e-06
14.07 0.0247538 0.0022013 -0.00863549 -1.02861e-05 0.000634518 1.17294e-06
14.08 0.0252305 0.00222032 -0.00868834 -1.04493e-05 0.000646134 1.11426e-06
14.09 0.0257083 0.00223885 -0.00872971 -1.06e-05 0.000657824 1.05493e-06
14.1 0.0261871 0.00225692 -0.00875846 -1.07401e-05 0.000669578 9.9501e-07
14.11 0.0266669 0.00227454 -0.00877379 -1.08717e-05 0.000681384 9.34551e-07
14.12 0.0271477 0.00229176 -0.00877529 -1.0997e-05 0.000693229 8.73603e-07
14.13 0.0276295 0.00230861 -0.00876293 -1.11181e-05 0.000705103 8.12219e-07
14.14 0.0281121 0.00232512 -0.00873706 -1.12374e-05 0.000716993 7.50451e-07
14.15 0.0285956 0.00234132 -0.00869839 -1.13568e-05 0.000728886 6.88347e-07
14.16 0.0290798 0.00235725 -0.00864803 -1.14782e-05 0.000740769 6.25957e-07
14.17 0.0295648 0.00237294 -0.00858736 -1.16031e-05 0.000752631 5.63329e-07
14.18 0.0300505 0.00238841 -0.00851807 -1.17328e-05 0.000764457 5.00518e-07
14.19 0.0305368 0.00240368 -0.00844211 -1.18682e-05 0.000776236 4.37581e-07
14.2 0.0310237 0.00241877 -0.00836158 -1.20099e-05 0.000787955 3.74574e-07
14.21 0.0315112 0.0024337 -0.00827872 -1.2158e-05 0.0007996 3.11553e-07
14.22 0.0319991 0.00244845 -0.00819585 -1.23121e-05 0.00081116 2.48576e-07
14.23 0.0324875 0.00246304 -0.00811527 -1.24717e-05 0.000822622 1.85702e-07
14.24 0.0329762 0.00247745 -0.00803922 -1.26355e-05 0.000833975 1.22994e-07
14.25 0.0334653 0.00249165 -0.00796983 -1.28021e-05 0.000845206 6.05193e-08
14.26 0.0339545 0.00250564 -0.00790903 -1.29698e-05 0.000856305 -1.65767e-09
14.27 0.0344439 0.00251938 -0.00785852 -1.31365e-05 0.000867261 -6.34723e-08
14.28 0.0349335 0.00253283 -0.00781971 -1.32999e-05 0.000878064 -1.2486e-07
14.29 0.035423 0.00254596 -0.00779368 -1.34577e-05 0.000888705 -1.85752e-07
14.3 0.0359125 0.00255873 -0.00778115 -1.36074e-05 0.000899174 -2.46081e-07
14.31 0.0364018 0.0025711 -0.00778249 -1.37464e-05 0.000909463 -3.05776e-07
14.32 0.0368909 0.00258303 -0.00779764 -1.38724e-05 0.000919564 -3.64772e-07
14.33 0.0373796 0.00259447 -0.00782619 -1.39831e-05 0.00092947 -4.23005e-07
14.34 0.0378679 0.00260538 -0.00786733 -1.40763e-05 0.000939175 -4.80414e-07
14.35 0.0383556 0.00261574 -0.00791992 -1.41501e-05 0.000948673 -5.36935e-07
14.36 0.0388427 0.00262549 -0.00798249 -1.42032e-05 0.000957959 -5.92508e-07
14.37 0.0393289 0.00263463 -0.00805328 -1.42343e-05 0.000967028 -6.47072e-07
14.38 0.0398142 0.00264313 -0.00813032 -1.42426e-05 0.000975876 -7.00574e-07
14.39 0.0402985 0.00265098 -0.00821145 -1.42279e-05 0.0009845 -7.52964e-07
14.4 0.0407814 0.00265817 -0.00829443 -1.41903e-05 0.000992897 -8.04195e-07
14.41 0.041263 0.00266469 -0.00837692 -1.41304e-05 0.00100107 -8.54222e-07
14.42 0.041743 0.00267057 -0.00845664 -1.40491e-05 0.001009 -9.03e-07
14.43 0.0422213 0.0026758 -0.00853136 -1.39479e-05 0.00101671 -9.5049e-07
14.44 0.0426977 0.00268042 -0.00859901 -1.38285e-05 0.00102418 -9.96658e-07
14.45 0.0431719 0.00268446 -0.00865772 -1.36931e-05 0.00103142 -1.04147e-06
14.46 0.0436438 0.00268794 -0.00870584 -1.35439e-05 0.00103843 -1.08491e-06
14.47 0.0441132 0.0026909 -0.00874206 -1.33834e-05 0.0010452 -1.12694e-06
14.48 0.0445798 0.00269338 -0.00876537 -1.32142e-05 0.00105174 -1.16753e-06
14.49 0.0450435 0.00269543 -0.00877512 -1.30391e-05 0.00105805 -1.20667e-06
14.5 0.0455039 0.00269709 -0.00877106 -1.28606e-05 0.00106413 -1.24434e-06
14.51 0.045961 0.0026984 -0.00875331 -1.26812e-05 0.00106997 -1.28052e-06
14.52 0.0464143 0.00269941 -0.00872235 -1.25032e-05 0.00107559 -1.31519e-06
14.53 0.0468638 0.00270015 -0.00867906 -1.23286e-05 0.00108099 -1.34833e-06
14.54 0.0473091 0.00270065 -0.00862465 -1.21592e-05 0.00108615 -1.37993e-06
14.55 0.04775 0.00270096 -0.00856061 -1.19964e-05 0.0010911 -1.40996e-06
14.56 0.0481863 0.00270108 -0.00848875 -1.18411e-05 0.00109582 -1.43842e-06
14.57 0.0486177 0.00270105 -0.00841105 -1.16938e-05 0.00110033 -1.46529e-06
14.58 0.0490439 0.00270086 -0.00832968 -1.15543e-05 0.00110462 -1.49054e-06
14.59 0.0494647 0.00270053 -0.00824689 -1.14218e-05 0.0011087 -1.51416e-06
14.6 0.0498799 0.00270006 -0.008165 -1.12954e-05 0.00111257 -1.53615e-06
14.61 0.0502892 0.00269944 -0.00808628 -1.11741e-05 0.00111623 -1.55649e-06
14.62 0.0506923 0.00269864 -0.00801292 -1.10567e-05 0.0011197 -1.57514e-06
14.63 0.051089 0.00269766 -0.00794697 -1.09418e-05 0.00112297 -1.59209e-06
14.64 0.051479 0.00269646 -0.00789025 -1.08275e-05 0.00112604 -1.60731e-06
14.65 0.0518621 0.00269502 -0.00784436 -1.07118e-05 0.00112894 -1.62079e-06
14.66 0.052238 0.00269331 -0.00781057 -1.05924e-05 0.00113165 -1.63251e-06
14.67 0.0526065 0.00269128 -0.00778982 -1.04669e-05 0.00113418 -1.64246e-06
14.68 0.0529674 0.00268892 -0.00778268 -1.03329e-05 0.00113655 -1.65063e-06
14.69 0.0533203 0.00268618 -0.00778936 -1.01879e-05 0.00113875 -1.657e-06
14.7 0.0536651 0.00268303 -0.00780966 -1.00298e-05 0.0011408 -1.66155e-06
14.71 0.0540015 0.00267945 -0.00784301 -9.85628e-06 0.0011427 -1.66428e-06
14.72 0.0543293 0.0026754 -0.00788848 -9.66568e-06 0.00114446 -1.66519e-06
14.73 0.0546482 0.00267088 -0.0079448 -9.4564e-06 0.00114609 -1.66429e-06
14.74 0.054958 0.00266587 -0.00801037 -9.22728e-06 0.00114759 -1.66157e-06
14.75 0.0552584 0.00266036 -0.00808339 -8.97752e-06 0.00114898 -1.65703e-06
14.76 0.0555493 0.00265435 -0.00816179 -8.70679e-06 0.00115025 -1.65068e-06
14.77 0.0558304 0.00264785 -0.00824339 -8.41518e-06 0.00115142 -1.64253e-06
14.78 0.0561014 0.00264087 -0.00832591 -8.10322e-06 0.0011525 -1.63261e-06
14.79 0.0563623 0.00263344 -0.00840705 -7.77181e-06 0.0011535 -1.62094e-06
14.8 0.0566127 0.00262559 -0.00848456 -7.42225e-06 0.00115441 -1.60755e-06
14.81 0.0568524 0.00261734 -0.00855627 -7.05612e-06 0.00115525 -1.59245e-06
14.82 0.0570813 0.00260874 -0.00862018 -6.67527e-06 0.00115603 -1.57567e-06
14.83 0.0572992 0.00259984 -0.00867454 -6.28178e-06 0.00115675 -1.55725e-06
14.84 0.0575058 0.00259067 -0.00871781 -5.87787e-06 0.00115742 -1.53725e-06
14.85 0.0577011 0.00258129 -0.00874882 -5.46589e-06 0.00115804 -1.5157e-06
14.86 0.0578848 0.00257176 -0.0087667 -5.04822e-06 0.00115862 -1.49263e-06
14.87 0.0580568 0.00256211 -0.00877096 -4.62726e-06 0.00115917 -1.46809e-06
14.88 0.0582169 0.0025524 -0.00876149 -4.20534e-06 0.00115968 -1.44211e-06
14.89 0.058365 0.00254267 -0.00873855 -3.78468e-06 0.00116017 -1.41476e-06
14.9 0.058501 0.00253297 -0.0087028 -3.36734e-06 0.00116063 -1.38609e-06
14.91 0.0586248 0.00252334 -0.00865521 -2.95518e-06 0.00116108 -1.35613e-06
14.92 0.0587363 0.00251381 -0.00859713 -2.54979e-06 0.0011615 -1.32493e-06
14.93 0.0588354 0.0025044 -0.00853016 -2.15249e-06 0.00116191 -1.29253e-06
14.94 0.0589219 0.00249513 -0.00845617 -1.76428e-06 0.0011623 -1.25896e-06
14.95 0.058996 0.00248603 -0.00837722 -1.38581e-06 0.00116267 -1.22429e-06
14.96 0.0590575 0.00247709 -0.0082955 -1.01742e-06 0.00116303 -1.18856e-06
14.97 0.0591063 0.00246832 -0.00821329 -6.59059e-07 0.00116337 -1.15181e-06
14.98 0.0591425 0.00245971 -0.00813286 -3.10389e-07 0.0011637 -1.11406e-06
14.99 0.059166 0.00245124 -0.00805647 2.92476e-08 0.00116401 -1.07536e-06
15 0.0591769 0.00244291 -0.00798624 3.60774e-07 0.0011643 -1.03574e-06
15.01 0.0591752 0.0024347 -0.00792413 6.85337e-07 0.00116457 -9.95259e-07
15.02 0.0591608 0.00242657 -0.00787186 1.00426e-06 0.00116482 -9.53948e-07
15.03 0.0591339 0.0024185 -0.0078309 1.31897e-06 0.00116504 -9.11843e-07
15.04 0.0590945 0.00241047 -0.00780238 1.63094e-06 0.00116524 -8.68976e-07
15.05 0.0590426 0.00240245 -0.00778711 1.94163e-06 0.00116542 -8.25384e-07
15.06 0.0589783 0.00239441 -0.0077855 2.25248e-06 0.00116556 -7.81108e-07
15.07 0.0589017 0.00238633 -0.00779761 2.5651e-06 0.00116567 -7.3619e-07
15.08 0.0588129 0.0023782 -0.00782308 2.88133e-06 0.00116574 -6.90673e-07
15.09 0.0587119 0.00237001 -0.00786121 3.2029e-06 0.00116577 -6.44608e-07
15.1 0.0585989 0.00236173 -0.00791093 3.53094e-06 0.00116576 -5.98051e-07
15.11 0.058474 0.00235338 -0.00797084 3.86567e-06 0.00116571 -5.51057e-07
15.12 0.0583373 0.00234495 -0.00803928 4.20664e-06 0.0011656 -5.03666e-07
15.13 0.058189 0.00233645 -0.00811433 4.55301e-06 0.00116545 -4.55908e-07
15.14 0.0580291 0.0023279 -0.0081939 4.90377e-06 0.00116524 -4.07822e-07
15.15 0.0578579 0.00231932 -0.00827576 5.25787e-06 0.00116496 -3.59469e-07
15.16 0.0576754 0.00231074 -0.00835764 5.61425e-06 0.00116463 -3.10921e-07
15.17 0.0574819 0.0023022 -0.00843725 5.97179e-06 0.00116422 -2.62251e-07
15.18 0.0572774 0.00229372 -0.00851238 6.32934e-06 0.00116375 -2.13513e-07
15.19 0.0570623 0.00228536 -0.00858093 6.68567e-06 0.00116319 -1.64753e-07
15.2 0.0568365 0.00227715 -0.00864102 7.03958e-06 0.00116255 -1.16023e-07
15.21 0.0566005 0.00226915 -0.00869096 7.38989e-06 0.00116183 -6.73928e-08
15.22 0.0563542 0.00226138 -0.00872938 7.73547e-06 0.00116101 -1.89408e-08
15.23 0.056098 0.00225391 -0.00875523 8.07527e-06 0.00116009 2.92616e-08
15.24 0.055832 0.00224678 -0.00876777 8.40833e-06 0.00115907 7.71608e-08
15.25 0.0555564 0.00224002 -0.00876669 8.7338e-06 0.00115793 1.24711e-07
15.26 0.0552715 0.00223367 -0.00875201 9.05089e-06 0.00115668 1.7186e-07
15.27 0.0549775 0.00222776 -0.00872414 9.35897e-06 0.0011553 2.18542e-07
15.28 0.0546747 0.00222232 -0.00868387 9.65758e-06 0.00115379 2.6469e-07
15.29 0.0543632 0.00221738 -0.00863233 9.94646e-06 0.00115213 3.10247e-07
15.3 0.0540432 0.00221293 -0.00857094 1.02256e-05 0.00115033 3.55176e-07
15.31 0.0537151 0.002209 -0.00850142 1.04953e-05 0.00114838 3.99442e-07
15.32 0.0533791 0.00220558 -0.0084257 1.07562e-05 0.00114626 4.43001e-07
15.33 0.0530354 0.00220267 -0.00834589 1.10089e-05 0.00114398 4.85799e-07
15.34 0.0526843 0.00220026 -0.00826421 1.12546e-05 0.00114152 5.27784e-07
15.35 0.0523261 0.00219834 -0.00818294 1.14944e-05 0.00113887 5.68916e-07
15.36 0.0519609 0.00219687 -0.00810433 1.17297e-05 0.00113604 6.09168e-07
15.37 0.051589 0.00219585 -0.00803058 1.19618e-05 0.001133 6.48517e-07
15.38 0.0512107 0.00219524 -0.00796375 1.21921e-05 0.00112977 6.86929e-07
15.39 0.0508262 0.00219502 -0.00790569 1.24218e-05 0.00112632 7.2436e-07
15.4 0.0504359 0.00219516 -0.00785802 1.2652e-05 0.00112266 7.60767e-07
15.41 0.0500398 0.00219563 -0.00782208 1.28837e-05 0.00111878 7.96124e-07
15.42 0.0496383 0.00219641 -0.00779886 1.31176e-05 0.00111468 8.30412e-07
15.43 0.0492315 0.00219747 -0.00778902 1.33541e-05 0.00111035 8.63611e-07
15.44 0.0488198 0.00219881 -0.00779283 1.35935e-05 0.00110579 8.95688e-07
15.45 0.0484034 0.00220039 -0.00781018 1.38357e-05 0.001101 9.26602e-07
15.46 0.0479824 0.00220222 -0.00784057 1.40804e-05 0.00109597 9.56315e-07
15.47 0.0475571 0.0022043 -0.00788317 1.43269e-05 0.0010907 9.84802e-07
15.48 0.0471277 0.00220661 -0.00793678 1.45744e-05 0.0010852 1.01204e-06
15.49 0.0466944 0.00220918 -0.0079999 1.48218e-05 0.00107945 1.03801e-06
15.5 0.0462574 0.00221202 -0.00807077 1.50678e-05 0.00107347 1.06267e-06
15.51 0.0458169 0.00221515 -0.00814739 1.53108e-05 0.00106725 1.08598e-06
15.52 0.045373 0.0022186 -0.00822765 1.55493e-05 0.0010608 1.10791e-06
15.53 0.044926 0.00222239 -0.00830929 1.57814e-05 0.00105411 1.12841e-06
15.54 0.0444761 0.00222657 -0.00839004 1.60053e-05 0.00104719 1.14749e-06
15.55 0.0440233 0.00223117 -0.00846764 1.62189e-05 0.00104004 1.1651e-06
15.56 0.0435679 0.00223622 -0.00853995 1.64205e-05 0.00103266 1.18122e-06
15.57 0.04311 0.00224178 -0.00860495 1.66086e-05 0.00102507 1.19581e-06
15.58 0.0426498 0.00224787 -0.00866084 1.67825e-05 0.00101725 1.20884e-06
15.59 0.0421874 0.00225455 -0.00870606 1.69418e-05 0.00100922 1.22028e-06
15.6 0.041723 0.00226185 -0.00873936 1.70856e-05 0.00100098 1.2301e-06
15.61 0.0412567 0.0022698 -0.00875982 1.72126e-05 0.00099253 1.23826e-06
15.62 0.0407887 0.00227844 -0.00876689 1.73211e-05 0.000983883 1.24476e-06
15.63 0.040319 0.00228779 -0.00876036 1.74095e-05 0.000975042 1.24962e-06
15.64 0.0398478 0.00229786 -0.00874043 1.74768e-05 0.00096601 1.25284e-06
15.65 0.0393753 0.00230867 -0.00870765 1.75225e-05 0.000956794 1.25441e-06
15.66 0.0389015 0.00232023 -0.00866293 1.75468e-05 0.000947399 1.25432e-06
15.67 0.0384266 0.00233253 -0.00860753 1.75507e-05 0.000937831 1.25253e-06
15.68 0.0379506 0.00234557 -0.00854298 1.75353e-05 0.000928096 1.24907e-06
15.69 0.0374738 0.00235933 -0.00847108 1.75024e-05 0.000918201 1.24396e-06
15.7 0.0369961 0.00237379 -0.00839382 1.7454e-05 0.000908153 1.23723e-06
15.71 0.0365177 0.00238893 -0.00831336 1.73924e-05 0.000897957 1.22889e-06
15.72 0.0360387 0.00240471 -0.00823192 1.73201e-05 0.000887621 1.21892e-06
15.73 0.0355592 0.0024211 -0.00815179 1.72396e-05 0.000877154 1.20735e-06
15.74 0.0350793 0.00243807 -0.00807517 1.71534e-05 0.000866561 1.19419e-06
15.75 0.0345989 0.00245557 -0.00800421 1.7064e-05 0.000855853 1.17949e-06
15.76 0.0341183 0.00247357 -0.00794089 1.69732e-05 0.000845036 1.16329e-06
15.77 0.0336375 0.00249203 -0.00788696 1.6883e-05 0.000834121 1.14561e-06
15.78 0.0331565 0.00251092 -0.00784392 1.67946e-05 0.000823115 1.12645e-06
15.79 0.0326754 0.00253019 -0.00781298 1.67093e-05 0.00081203 1.10584e-06
15.8 0.0321944 0.00254983 -0.00779499 1.66279e-05 0.000800874 1.08382e-06
15.81 0.0317133 0.0025698 -0.00779046 1.65509e-05 0.000789658 1.06043e-06
15.82 0.0312324 0.00259009 -0.0077995 1.64786e-05 0.000778393 1.03572e-06
15.83 0.0307516 0.00261069 -0.00782186 1.64108e-05 0.00076709 1.00969e-06
15.84 0.030271 0.00263159 -0.00785691 1.63474e-05 0.000755759 9.82356e-07
15.85 0.0297906 0.00265279 -0.00790367 1.62877e-05 0.000744412 9.53736e-07
15.86 0.0293105 0.00267429 -0.00796082 1.62308e-05 0.00073306 9.23873e-07
15.87 0.0288308 0.0026961 -0.00802677 1.61755e-05 0.000721716 8.92806e-07
15.88 0.0283514 0.00271826 -0.00809966 1.61202e-05 0.000710392 8.6056e-07
15.89 0.0278725 0.00274076 -0.00817747 1.60633e-05 0.000699098 8.27144e-07
15.9 0.027394 0.00276365 -0.00825802 1.60028e-05 0.000687847 7.92569e-07
15.91 0.0269161 0.00278696 -0.00833905 1.59365e-05 0.00067665 7.56863e-07
15.92 0.0264387 0.0028107 -0.00841831 1.58621e-05 0.00066552 7.20068e-07
15.93 0.025962 0.00283493 -0.0084936 1.57774e-05 0.000654468 6.82224e-07
15.94 0.0254859 0.00285966 -0.00856281 1.56802e-05 0.000643505 6.43356e-07
15.95 0.0250106 0.00288493 -0.00862401 1.55683e-05 0.000632642 6.03478e-07
15.96 0.0245362 0.00291078 -0.00867552 1.544e-05 0.00062189 5.62613e-07
15.97 0.0240626 0.00293721 -0.0087159 1.52937e-05 0.000611259 5.20799e-07
15.98 0.0235899 0.00296427 -0.00874402 1.51282e-05 0.000600759 4.78089e-07
15.99 0.0231183 0.00299195 -0.00875913 1.49428e-05 0.000590398 4.3453e-07
16 0.0226478 0.00302028 -0.00876079 1.47371e-05 0.000580187 3.90156e-07
16.01 0.0221785 0.00304925 -0.00874897 1.45112e-05 0.000570132 3.44997e-07
16.02 0.0217106 0.00307887 -0.008724 1.42657e-05 0.000560243 2.99092e-07
16.03 0.021244 0.00310911 -0.00868658 1.40014e-05 0.000550525 2.52498e-07
16.04 0.0207789 0.00313997 -0.00863775 1.37197e-05 0.000540986 2.05283e-07
16.05 0.0203155 0.00317143 -0.00857887 1.3422e-05 0.000531632 1.57507e-07
16.06 0.0198537 0.00320344 -0.00851158 1.31102e-05 0.000522467 1.09224e-07
16.07 0.0193939 0.00323598 -0.00843774 1.27869e-05 0.000513498 6.04851e-08
16.08 0.018936 0.00326902 -0.00835941 1.24553e-05 0.000504729 1.13462e-08
16.09 0.0184802 0.0033025 -0.00827877 1.21189e-05 0.000496163 -3.81376e-08
16.1 0.0180267 0.00333639 -0.00819806 1.17807e-05 0.000487805 -8.79158e-08
16.11 0.0175755 0.00337065 -0.00811953 1.14427e-05 0.000479657 -1.37933e-07
16.12 0.0171268 0.00340522 -0.00804536 1.11061e-05 0.000471722 -1.88115e-07
16.13 0.0166808 0.00344006 -0.00797761 1.07717e-05 0.000464004 -2.38373e-07
16.14 0.0162377 0.00347512 -0.00791818 1.04405e-05 0.000456504 -2.88622e-07
16.15 0.0157975 0.00351038 -0.00786872 1.01134e-05 0.000449223 -3.38805e-07
16.16 0.0153604 0.00354579 -0.00783061 9.79137e-06 0.000442165 -3.88885e-07
16.17 0.0149267 0.00358133 -0.00780491 9.47533e-06 0.000435329 -4.3882e-07
16.18 0.0144964 0.00361696 -0.00779233 9.16599e-06 0.000428717 -4.8855e-07
16.19 0.0140697 0.00365267 -0.00779323 8.86379e-06 0.00042233 -5.38001e-07
16.2 0.0136468 0.00368845 -0.00780757 8.56891e-06 0.000416169 -5.87105e-07
16.21 0.013228 0.00372429 -0.00783496 8.2812e-06 0.000410234 -6.35818e-07
16.22 0.0128133 0.00376019 -0.00787463 8.00019e-06 0.000404525 -6.84114e-07
16.23 0.0124029 0.00379615 -0.00792546 7.72509e-06 0.000399043 -7.31959e-07
16.24 0.0119971 0.00383218 -0.00798603 7.45473e-06 0.000393786 -7.793e-07
16.25 0.0115961 0.00386831 -0.00805466 7.18757e-06 0.000388755 -8.26076e-07
16.26 0.0112 0.00390455 -0.00812942 6.92174e-06 0.000383948 -8.72232e-07
16.27 0.010809 0.00394093 -0.00820822 6.6551e-06 0.000379366 -9.17738e-07
16.28 0.0104234 0.00397746 -0.00828887 6.38534e-06 0.000375005 -9.62569e-07
16.29 0.0100433 0.00401418 -0.00836911 6.11015e-06 0.000370866 -1.00669e-06
16.3 0.00966903 0.00405111 -0.00844672 5.82729e-06 0.000366945 -1.05006e-06
16.31 0.00930074 0.00408828 -0.00851953 5.53475e-06 0.000363241 -1.09261e-06
16.32 0.00893864 0.00412571 -0.00858553 5.23081e-06 0.00035975 -1.1343e-06
16.33 0.00858298 0.00416341 -0.00864286 4.91408e-06 0.000356471 -1.17511e-06
16.34 0.00823396 0.00420142 -0.00868996 4.5836e-06 0.000353398 -1.21502e-06
16.35 0.00789181 0.00423972 -0.00872551 4.23877e-06 0.00035053 -1.25399e-06
16.36 0.00755676 0.00427833 -0.00874854 3.87941e-06 0.00034786 -1.29196e-06
16.37 0.00722903 0.00431725 -0.00875841 3.50573e-06 0.000345385 -1.32888e-06
16.38 0.00690884 0.00435647 -0.00875484 3.11827e-06 0.000343099 -1.36472e-06
16.39 0.00659643 0.00439597 -0.00873796 2.71791e-06 0.000340996 -1.39943e-06
16.4 0.00629201 0.00443574 -0.00870823 2.30579e-06 0.000339072 -1.43299e-06
16.41 0.00599581 0.00447574 -0.00866649 1.88334e-06 0.000337318 -1.46536e-06
16.42 0.00570804 0.00451595 -0.0086139 1.45217e-06 0.00033573 -1.49647e-06
16.43 0.00542893 0.00455632 -0.00855192 1.01408e-06 0.0003343 -1.52626e-06
16.44 0.00515868 0.00459682 -0.00848229 5.71046e-07 0.000333022 -1.5547e-06
16.45 0.00489751 0.0046374 -0.00840693 1.25131e-07 0.000331887 -1.58174e-06
16.46 0.00464562 0.00467801 -0.00832795 -3.21503e-07 0.000330889 -1.60736e-06
16.47 0.00440321 0.00471861 -0.00824754 -7.66662e-07 0.00033002 -1.63151e-06
16.48 0.00417047 0.00475914 -0.00816795 -1.20817e-06 0.000329273 -1.65413e-06
16.49 0.0039476 0.00479956 -0.00809139 -1.64393e-06 0.000328641 -1.67517e-06
16.5 0.00373478 0.00483983 -0.00801999 -2.07199e-06 0.000328117 -1.6946e-06
16.51 0.00353217 0.0048799 -0.00795574 -2.49058e-06 0.000327693 -1.71241e-06
16.52 0.00333996 0.00491974 -0.00790043 -2.89823e-06 0.000327364 -1.72855e-06
16.53 0.0031583 0.00495932 -0.00785562 -3.29376e-06 0.000327122 -1.74301e-06
16.54 0.00298735 0.0049986 -0.00782254 -3.67637e-06 0.000326962 -1.75573e-06
16.55 0.00282725 0.00503756 -0.00780211 -4.0457e-06 0.000326878 -1.76669e-06
16.56 0.00267815 0.0050762 -0.00779492 -4.4017e-06 0.000326864 -1.77588e-06
16.57 0.00254018 0.0051145 -0.00780116 -4.74439e-06 0.000326916 -1.78328e-06
16.58 0.00241345 0.00515246 -0.00782065 -5.07366e-06 0.000327029 -1.7889e-06
16.59 0.00229808 0.0051901 -0.00785284 -5.38966e-06 0.000327199 -1.79271e-06
16.6 0.00219419 0.00522741 -0.00789685 -5.69331e-06 0.000327422 -1.79473e-06
16.61 0.00210186 0.00526442 -0.00795142 -5.98656e-06 0.000327695 -1.79496e-06
16.62 0.00202119 0.00530114 -0.00801505 -6.27208e-06 0.000328015 -1.79338e-06
16.63 0.00195225 0.0053376 -0.00808595 -6.55284e-06 0.000328379 -1.78999e-06
16.64 0.00189512 0.00537382 -0.00816213 -6.83168e-06 0.000328787 -1.78477e-06
16.65 0.00184986 0.00540982 -0.00824148 -7.11121e-06 0.000329236 -1.77774e-06
16.66 0.00181653 0.00544565 -0.00832178 -7.39366e-06 0.000329724 -1.7689e-06
16.67 0.00179516 0.00548131 -0.0084008 -7.68096e-06 0.000330252 -1.7583e-06
16.68 0.00178579 0.00551683 -0.00847633 -7.97469e-06 0.000330818 -1.74594e-06
16.69 0.00178845 0.00555223 -0.00854626 -8.2761e-06 0.000331422 -1.73181e-06
16.7 0.00180315 0.00558753 -0.00860867 -8.58606e-06 0.000332064 -1.71592e-06
16.71 0.00182989 0.00562274 -0.00866181 -8.9051e-06 0.000332744 -1.69828e-06
16.72 0.00186867 0.00565786 -0.00870422 -9.23334e-06 0.000333462 -1.67893e-06
16.73 0.00191948 0.00569288 -0.00873472 -9.57057e-06 0.00033422 -1.65789e-06
16.74 0.0019823 0.00572781 -0.00875246 -9.91629e-06 0.000335016 -1.63517e-06
16.75 0.00205707 0.00576263 -0.00875697 -1.02697e-05 0.000335852 -1.61075e-06
16.76 0.00214378 0.00579732 -0.00874812 -1.06299e-05 0.00033673 -1.58466e-06
16.77 0.00224234 0.00583185 -0.00872616 -1.09957e-05 0.000337648 -1.5569e-06
16.78 0.00235272 0.0058662 -0.00869171 -1.13657e-05 0.000338609 -1.52749e-06
16.79 0.00247481 0.00590032 -0.00864573 -1.17385e-05 0.000339614 -1.49646e-06
16.8 0.00260856 0.00593417 -0.0085895 -1.21121e-05 0.000340663 -1.46381e-06
16.81 0.00275385 0.00596773 -0.00852459 -1.24849e-05 0.000341758 -1.42953e-06
16.82 0.00291058 0.00600093 -0.00845279 -1.28546e-05 0.0003429 -1.39363e-06
16.83 0.00307864 0.00603374 -0.00837611 -1.32192e-05 0.000344091 -1.35615e-06
16.84 0.00325791 0.00606611 -0.00829669 -1.35765e-05 0.000345333 -1.3171e-06
16.85 0.00344825 0.00609799 -0.00821672 -1.39244e-05 0.000346627 -1.27651e-06
16.86 0.00364953 0.00612935 -0.00813843 -1.42611e-05 0.000347976 -1.23439e-06
16.87 0.00386159 0.00616016 -0.00806401 -1.45847e-05 0.000349383 -1.19076e-06
16.88 0.00408427 0.00619036 -0.00799552 -1.48938e-05 0.00035085 -1.14564e-06
16.89 0.00431741 0.00621995 -0.00793487 -1.51875e-05 0.00035238 -1.09906e-06
16.9 0.00456084 0.00624888 -0.00788376 -1.5465e-05 0.000353978 -1.05107e-06
16.91 0.00481438 0.00627716 -0.0078436 -1.57261e-05 0.000355646 -1.00171e-06
16.92 0.00507784 0.00630477 -0.00781552 -1.59709e-05 0.000357388 -9.50998e-07
16.93 0.00535102 0.0063317 -0.00780029 -1.61999e-05 0.00035921 -8.98966e-07
16.94 0.00563374 0.00635796 -0.00779833 -1.64141e-05 0.000361116 -8.45658e-07
16.95 0.00592578 0.00638356 -0.00780971 -1.66147e-05 0.000363111 -7.91132e-07
16.96 0.00622695 0.00640851 -0.0078341 -1.68031e-05 0.000365201 -7.35443e-07
16.97 0.00653701 0.00643282 -0.00787081 -1.6981e-05 0.00036739 -6.78641e-07
16.98 0.00685577 0.00645653 -0.00791882 -1.71501e-05 0.000369685 -6.20769e-07
16.99 0.00718299 0.00647966 -0.00797677 -1.73122e-05 0.000372092 -5.61874e-07
17 0.00751845 0.00650224 -0.00804306 -1.74693e-05 0.000374618 -5.02018e-07
17.01 0.00786193 0.00652429 -0.00811582 -1.76231e-05 0.000377267 -4.41269e-07
17.02 0.00821319 0.00654585 -0.00819302 -1.77753e-05 0.000380047 -3.79695e-07
17.03 0.00857201 0.00656693 -0.00827251 -1.79275e-05 0.000382964 -3.17351e-07
17.04 0.00893815 0.00658758 -0.00835207 -1.8081e-05 0.000386024 -2.54287e-07
17.05 0.00931137 0.0066078 -0.00842948 -1.82371e-05 0.000389233 -1.90558e-07
17.06 0.00969144 0.00662763 -0.00850258 -1.83967e-05 0.000392598 -1.26228e-07
17.07 0.0100781 0.00664706 -0.00856935 -1.85601e-05 0.000396125 -6.13613e-08
17.08 0.0104712 0.00666611 -0.00862792 -1.87273e-05 0.000399818 3.97739e-09
17.09 0.0108703 0.00668479 -0.00867667 -1.88976e-05 0.000403683 6.97294e-08
17.1 0.0112754 0.00670309 -0.00871426 -1.90705e-05 0.000407725 1.35837e-07
17.11 0.0116862 0.00672099 -0.00873963 -1.92454e-05 0.000411949 2.02242e-07
17.12 0.0121023 0.00673849 -0.00875209 -1.94218e-05 0.000416358 2.68895e-07
17.13 0.0125236 0.00675557 -0.0087513 -1.95991e-05 0.000420957 3.35753e-07
17.14 0.0129499 0.00677219 -0.00873728 -1.97761e-05 0.000425747 4.02773e-07
17.15 0.0133809 0.00678833 -0.00871044 -1.99515e-05 0.000430732 4.69903e-07
17.16 0.0138164 0.00680396 -0.00867151 -2.01235e-05 0.000435913 5.37089e-07
17.17 0.0142562 0.00681904 -0.00862159 -2.02902e-05 0.000441293 6.04273e-07
17.18 0.0147 0.00683353 -0.00856207 -2.04494e-05 0.000446872 6.71407e-07
17.19 0.0151476 0.00684739 -0.0084946 -2.05993e-05 0.000452651 7.38448e-07
17.2 0.0155988 0.00686059 -0.00842105 -2.07376e-05 0.000458629 8.05352e-07
17.21 0.0160534 0.00687309 -0.00834348 -2.08626e-05 0.000464807 8.72071e-07
17.22 0.0165112 0.00688486 -0.00826404 -2.09724e-05 0.000471184 9.38546e-07
17.23 0.0169719 0.00689587 -0.00818494 -2.10656e-05 0.000477758 1.00472e-06
17.24 0.0174354 0.00690609 -0.00810839 -2.11412e-05 0.000484528 1.07055e-06
17.25 0.0179015 0.0069155 -0.00803651 -2.11984e-05 0.000491492 1.13597e-06
17.26 0.01837 0.0069241 -0.0079713 -2.12368e-05 0.000498648 1.20095e-06
17.27 0.0188406 0.00693186 -0.0079146 -2.12566e-05 0.000505994 1.26543e-06
17.28 0.0193133 0.0069388 -0.00786796 -2.12584e-05 0.000513527 1.32934e-06
17.29 0.0197878 0.00694491 -0.00783271 -2.1243e-05 0.000521243 1.39262e-06
17.3 0.020264 0.00695022 -0.00780981 -2.12116e-05 0.000529141 1.45522e-06
17.31 0.0207416 0.00695472 -0.00779991 -2.11657e-05 0.000537217 1.51708e-06
17.32 0.0212206 0.00695845 -0.00780327 -2.1107e-05 0.000545466 1.57814e-06
17.33 0.0217008 0.00696144 -0.00781982 -2.10374e-05 0.000553886 1.63835e-06
17.34 0.0221821 0.00696371 -0.00784908 -2.09586e-05 0.000562473 1.69762e-06
17.35 0.0226642 0.0069653 -0.00789023 -2.08728e-05 0.000571223 1.75589e-06
17.36 0.023147 0.00696625 -0.00794212 -2.0782e-05 0.000580131 1.81311e-06
17.37 0.0236305 0.00696659 -0.0080033 -2.06881e-05 0.000589193 1.86922e-06
17.38 0.0241145 0.00696635 -0.00807207 -2.0593e-05 0.000598405 1.92416e-06
17.39 0.0245988 0.00696557 -0.00814649 -2.04984e-05 0.000607762 1.97786e-06
17.4 0.0250834 0.00696429 -0.0082245 -2.04059e-05 0.000617258 2.03026e-06
17.41 0.0255681 0.00696253 -0.00830392 -2.03169e-05 0.000626888 2.08131e-06
17.42 0.0260528 0.00696032 -0.00838253 -2.02324e-05 0.000636647 2.13095e-06
17.43 0.0265374 0.00695767 -0.00845815 -2.01531e-05 0.00064653 2.17914e-06
17.44 0.0270217 0.00695461 -0.00852867 -2.00796e-05 0.000656528 2.22583e-06
17.45 0.0275058 0.00695114 -0.00859214 -2.00117e-05 0.000666637 2.27097e-06
17.46 0.0279895 0.00694726 -0.0086468 -1.99493e-05 0.000676849 2.31452e-06
17.47 0.0284727 0.00694297 -0.00869112 -1.98916e-05 0.000687156 2.35643e-06
17.48 0.0289553 0.00693826 -0.00872388 -1.98374e-05 0.000697552 2.39668e-06
17.49 0.0294372 0.00693311 -0.00874419 -1.97855e-05 0.000708028 2.43523e-06
17.5 0.0299184 0.00692751 -0.00875149 -1.9734e-05 0.000718575 2.47206e-06
17.51 0.0303987 0.00692143 -0.00874557 -1.96812e-05 0.000729185 2.50713e-06
17.52 0.0308781 0.00691485 -0.00872661 -1.96248e-05 0.000739847 2.54041e-06
17.53 0.0313565 0.00690773 -0.00869515 -1.95627e-05 0.000750554 2.57188e-06
17.54 0.0318338 0.00690005 -0.00865206 -1.94927e-05 0.000761294 2.60153e-06
17.55 0.03231 0.00689177 -0.00859855 -1.94126e-05 0.000772057 2.62933e-06
17.56 0.0327849 0.00688286 -0.00853611 -1.93203e-05 0.000782833 2.65528e-06
17.57 0.0332586 0.00687329 -0.00846647 -1.92138e-05 0.000793612 2.67934e-06
17.58 0.033731 0.00686304 -0.00839158 -1.90915e-05 0.000804381 2.70151e-06
17.59 0.0342019 0.00685208 -0.00831352 -1.89518e-05 0.000815132 2.72176e-06
17.6 0.0346713 0.00684041 -0.00823447 -1.87936e-05 0.000825851 2.74009e-06
17.61 0.0351392 0.006828 -0.00815662 -1.86162e-05 0.00083653 2.75647e-06
17.62 0.0356055 0.00681485 -0.00808215 -1.84193e-05 0.000847156 2.7709e-06
17.63 0.0360701 0.00680096 -0.00801312 -1.82031e-05 0.00085772 2.78335e-06
17.64 0.036533 0.00678634 -0.00795148 -1.79678e-05 0.00086821 2.79382e-06
17.65 0.0369941 0.00677099 -0.00789893 -1.77145e-05 0.000878617 2.80228e-06
17.66 0.0374533 0.00675495 -0.00785693 -1.74441e-05 0.00088893 2.80872e-06
17.67 0.0379106 0.00673823 -0.00782668 -1.71582e-05 0.00089914 2.81312e-06
17.68 0.0383659 0.00672087 -0.007809 -1.68584e-05 0.000909239 2.81547e-06
17.69 0.0388192 0.00670289 -0.00780439 -1.65468e-05 0.000919216 2.81575e-06
17.7 0.0392703 0.00668435 -0.00781298 -1.62254e-05 0.000929064 2.81395e-06
17.71 0.0397191 0.00666527 -0.00783452 -1.58967e-05 0.000938774 2.81004e-06
17.72 0.0401657 0.00664571 -0.00786843 -1.55629e-05 0.000948339 2.80403e-06
17.73 0.0406099 0.0066257 -0.00791374 -1.52263e-05 0.000957752 2.7959e-06
17.74 0.0410516 0.0066053 -0.00796919 -1.48893e-05 0.000967007 2.78563e-06
17.75 0.0414908 0.00658453 -0.00803324 -1.45541e-05 0.000976096 2.77322e-06
17.76 0.0419274 0.00656345 -0.00810408 -1.42226e-05 0.000985015 2.75866e-06
17.77 0.0423611 0.00654209 -0.00817975 -1.38967e-05 0.000993758 2.74196e-06
17.78 0.0427921 0.00652047 -0.00825813 -1.35777e-05 0.00100232 2.72312e-06
17.79 0.04322 0.00649863 -0.00833704 -1.3267e-05 0.0010107 2.70213e-06
17.8 0.0436449 0.00647658 -0.00841428 -1.29651e-05 0.00101888 2.67902e-06
17.81 0.0440667 0.00645435 -0.0084877 -1.26727e-05 0.00102688 2.65378e-06
17.82 0.0444851 0.00643194 -0.00855526 -1.23897e-05 0.00103467 2.62643e-06
17.83 0.0449 0.00640935 -0.00861508 -1.21157e-05 0.00104227 2.597e-06
17.84 0.0453115 0.00638658 -0.0086655 -1.185e-05 0.00104966 2.56551e-06
17.85 0.0457192 0.00636362 -0.00870513 -1.15916e-05 0.00105685 2.53199e-06
17.86 0.0461231 0.00634047 -0.00873287 -1.13391e-05 0.00106383 2.49645e-06
17.87 0.046523 0.00631709 -0.00874796 -1.1091e-05 0.0010706 2.45894e-06
17.88 0.0469188 0.00629346 -0.00874998 -1.08453e-05 0.00107716 2.41949e-06
17.89 0.0473103 0.00626958 -0.00873888 -1.06003e-05 0.0010835 2.37815e-06
17.9 0.0476975 0.0062454 -0.00871498 -1.03538e-05 0.00108962 2.33494e-06
17.91 0.04808 0.00622091 -0.00867895 -1.01038e-05 0.00109552 2.28992e-06
17.92 0.0484579 0.00619607 -0.00863179 -9.84831e-06 0.00110121 2.24313e-06
17.93 0.0488309 0.00617087 -0.00857482 -9.5855e-06 0.00110667 2.19461e-06
17.94 0.0491988 0.00614529 -0.00850961 -9.31361e-06 0.00111191 2.14441e-06
17.95 0.0495615 0.0061193 -0.00843799 -9.03114e-06 0.00111692 2.09257e-06
17.96 0.0499189 0.00609289 -0.00836195 -8.73684e-06 0.00112171 2.03915e-06
17.97 0.0502707 0.00606606 -0.00828361 -8.42975e-06 0.00112628 1.98418e-06
17.98 0.0506168 0.00603881 -0.00820513 -8.10925e-06 0.00113062 1.92772e-06
17.99 0.0509571 0.00601114 -0.00812871 -7.77505e-06 0.00113474 1.8698e-06
18 0.0512913 0.00598305 -0.00805648 -7.42719e-06 0.00113863 1.81047e-06
18.01 0.0516193 0.00595457 -0.00799044 -7.06612e-06 0.0011423 1.74978e-06
18.02 0.0519408 0.00592572 -0.00793244 -6.69257e-06 0.00114575 1.68776e-06
18.03 0.0522558 0.00589653 -0.00788408 -6.30763e-06 0.00114898 1.62447e-06
18.04 0.0525641 0.00586702 -0.00784673 -5.91266e-06 0.001152 1.55993e-06
18.05 0.0528654 0.00583725 -0.00782141 -5.50923e-06 0.0011548 1.4942e-06
18.06 0.0531596 0.00580724 -0.00780884 -5.09917e-06 0.00115739 1.42731e-06
18.07 0.0534465 0.00577704 -0.00780936 -4.68458e-06 0.00115978 1.3593e-06
18.08 0.0537259 0.0057467 -0.00782295 -4.26786e-06 0.00116196 1.29022e-06
18.09 0.0539977 0.00571626 -0.00784924 -3.85146e-06 0.00116394 1.22012e-06
18.1 0.0542616 0.00568577 -0.00788748 -3.43762e-06 0.00116573 1.14904e-06
18.11 0.0545175 0.00565526 -0.0079366 -3.02819e-06 0.00116734 1.07703e-06
18.12 0.0547651 0.00562479 -0.00799523 -2.62466e-06 0.00116876 1.00414e-06
18.13 0.0550043 0.00559438 -0.00806172 -2.22827e-06 0.00117001 9.30401e-07
18.14 0.055235 0.00556407 -0.00813423 -1.84009e-06 0.00117108 8.55856e-07
18.15 0.0554569 0.00553389 -0.00821071 -1.46101e-06 0.001172 7.80562e-07
18.16 0.0556698 0.00550386 -0.00828905 -1.09177e-06 0.00117275 7.04584e-07
18.17 0.0558736 0.00547399 -0.00836704 -7.32881e-07 0.00117336 6.27984e-07
18.18 0.0560681 0.0054443 -0.00844253 -3.84583e-07 0.00117382 5.50819e-07
18.19 0.0562532 0.00541479 -0.0085134 -4.68728e-08 0.00117415 4.73141e-07
18.2 0.0564286 0.00538546 -0.00857768 2.80519e-07 0.00117434 3.9501e-07
18.21 0.0565942 0.0053563 -0.00863359 5.98107e-07 0.00117441 3.16496e-07
18.22 0.0567499 0.0053273 -0.00867958 9.06633e-07 0.00117437 2.37678e-07
18.23 0.0568955 0.00529845 -0.00871437 1.20705e-06 0.00117421 1.5863e-07
18.24 0.0570309 0.00526972 -0.008737 1.50049e-06 0.00117394 7.94185e-08
18.25 0.0571559 0.0052411 -0.00874685 1.78827e-06 0.00117357 1.05796e-10
18.26 0.0572704 0.00521256 -0.00874364 2.0718e-06 0.00117311 -7.92379e-08
18.27 0.0573742 0.00518408 -0.00872748 2.3526e-06 0.00117256 -1.58535e-07
18.28 0.0574674 0.00515563 -0.00869881 2.63217e-06 0.00117192 -2.37704e-07
18.29 0.0575497 0.00512719 -0.00865843 2.91196e-06 0.0011712 -3.16672e-07
18.3 0.057621 0.00509875 -0.00860748 3.19328e-06 0.0011704 -3.95374e-07
18.31 0.0576814 0.00507029 -0.00854736 3.47727e-06 0.00116952 -4.7375e-07
18.32 0.0577306 0.00504179 -0.00847975 3.76483e-06 0.00116857 -5.51731e-07
18.33 0.0577687 0.00501326 -0.00840652 4.0566e-06 0.00116755 -6.29244e-07
18.34 0.0577955 0.00498469 -0.00832973 4.35293e-06 0.00116647 -7.06217e-07
18.35 0.0578111 0.00495608 -0.0082515 4.65388e-06 0.00116532 -7.82588e-07
18.36 0.0578153 0.00492744 -0.008174 4.95921e-06 0.00116411 -8.58302e-07
18.37 0.0578082 0.0048988 -0.0080994 5.26843e-06 0.00116283 -9.33307e-07
18.38 0.0577896 0.00487017 -0.00802977 5.58079e-06 0.0011615 -1.00755e-06
18.39 0.0577597 0.00484157 -0.00796706 5.89533e-06 0.00116011 -1.08096e-06
18.4 0.0577183 0.00481304 -0.007913 6.21089e-06 0.00115866 -1.15349e-06
18.41 0.0576655 0.00478462 -0.0078691 6.52619e-06 0.00115716 -1.22508e-06
18.42 0.0576012 0.00475633 -0.00783659 6.83983e-06 0.00115561 -1.29571e-06
18.43 0.0575256 0.00472823 -0.00781637 7.15036e-06 0.001154 -1.36531e-06
18.44 0.0574385 0.00470034 -0.00780901 7.45629e-06 0.00115233 -1.43386e-06
18.45 0.0573401 0.00467272 -0.00781471 7.75615e-06 0.00115062 -1.50128e-06
18.46 0.0572304 0.0046454 -0.00783331 8.04853e-06 0.00114886 -1.56754e-06
18.47 0.0571094 0.00461841 -0.00786428 8.3321e-06 0.00114704 -1.6326e-06
18.48 0.0569772 0.00459181 -0.00790675 8.60566e-06 0.00114518 -1.69642e-06
18.49 0.0568338 0.0045656 -0.00795955 8.86817e-06 0.00114327 -1.75896e-06
18.5 0.0566793 0.00453983 -0.00802119 9.11879e-06 0.00114131 -1.82017e-06
18.51 0.0565138 0.00451452 -0.00808994 9.35687e-06 0.0011393 -1.88e-06
18.52 0.0563374 0.00448968 -0.0081639 9.58204e-06 0.00113724 -1.9384e-06
18.53 0.0561501 0.00446532 -0.00824099 9.79413e-06 0.00113513 -1.99534e-06
18.54 0.0559521 0.00444144 -0.00831906 9.99329e-06 0.00113298 -2.05077e-06
18.55 0.0557434 0.00441806 -0.00839593 1.01799e-05 0.00113077 -2.10465e-06
18.56 0.0555243 0.00439515 -0.00846948 1.03546e-05 0.00112852 -2.15694e-06
18.57 0.0552947 0.00437271 -0.00853765 1.05179e-05 0.00112621 -2.20758e-06
18.58 0.0550549 0.00435072 -0.00859854 1.06701e-05 0.00112385 -2.25653e-06
18.59 0.0548051 0.00432916 -0.00865047 1.08115e-05 0.00112144 -2.30373e-06
18.6 0.0545452 0.00430801 -0.008692 1.09429e-05 0.00111897 -2.34914e-06
18.61 0.0542756 0.00428723 -0.00872197 1.10661e-05 0.00111644 -2.39268e-06
18.62 0.0539964 0.0042668 -0.00873957 1.11832e-05 0.00111386 -2.43434e-06
18.63 0.0537077 0.00424669 -0.00874431 1.12962e-05 0.0011112 -2.4741e-06
18.64 0.0534097 0.00422688 -0.00873606 1.14072e-05 0.00110848 -2.51192e-06
18.65 0.0531027 0.00420733 -0.00871506 1.15178e-05 0.00110569 -2.54776e-06
18.66 0.0527869 0.00418803 -0.0086819 1.16293e-05 0.00110282 -2.58157e-06
18.67 0.0524623 0.00416896 -0.0086375 1.17426e-05 0.00109987 -2.61331e-06
18.68 0.0521294 0.0041501 -0.00858311 1.18581e-05 0.00109683 -2.64295e-06
18.69 0.0517881 0.00413143 -0.00852023 1.1976e-05 0.00109371 -2.67048e-06
18.7 0.0514389 0.00411296 -0.00845062 1.20963e-05 0.00109048 -2.69589e-06
18.71 0.0510819 0.00409469 -0.00837621 1.22184e-05 0.00108716 -2.71915e-06
18.72 0.0507172 0.00407661 -0.00829908 1.23415e-05 0.00108374 -2.74023e-06
18.73 0.0503453 0.00405875 -0.00822137 1.24648e-05 0.0010802 -2.7591e-06
18.74 0.0499663 0.00404111 -0.00814524 1.25869e-05 0.00107655 -2.77576e-06
18.75 0.0495804 0.00402373 -0.00807282 1.27067e-05 0.00107277 -2.79022e-06
18.76 0.0491878 0.00400662 -0.00800613 1.28228e-05 0.00106887 -2.80249e-06
18.77 0.0487888 0.00398981 -0.00794701 1.29339e-05 0.00106484 -2.81256e-06
18.78 0.0483837 0.00397333 -0.00789712 1.30387e-05 0.00106068 -2.82041e-06
18.79 0.0479727 0.00395723 -0.00785785 1.3136e-05 0.00105637 -2.82605e-06
18.8 0.0475559 0.00394153 -0.0078303 1.32243e-05 0.00105192 -2.82949e-06
18.81 0.0471337 0.00392626 -0.00781523 1.33024e-05 0.00104732 -2.83077e-06
18.82 0.0467063 0.00391146 -0.00781307 1.33692e-05 0.00104257 -2.82988e-06
18.83 0.0462739 0.00389717 -0.00782386 1.34235e-05 0.00103767 -2.82683e-06
18.84 0.0458367 0.0038834 -0.00784732 1.34643e-05 0.00103261 -2.82161e-06
18.85 0.0453949 0.00387018 -0.00788277 1.34908e-05 0.00102739 -2.81425e-06
18.86 0.0449488 0.00385753 -0.00792924 1.35024e-05 0.00102201 -2.80475e-06
18.87 0.0444987 0.00384546 -0.00798541 1.34986e-05 0.00101647 -2.79315e-06
18.88 0.0440446 0.00383398 -0.00804973 1.34795e-05 0.00101077 -2.77946e-06
18.89 0.0435869 0.0038231 -0.00812038 1.34452e-05 0.0010049 -2.76368e-06
18.9 0.0431258 0.0038128 -0.0081954 1.33963e-05 0.000998872 -2.74582e-06
18.91 0.0426615 0.00380309 -0.0082727 1.33337e-05 0.000992678 -2.72588e-06
18.92 0.0421941 0.00379394 -0.00835012 1.32584e-05 0.000986321 -2.70389e-06
18.93 0.0417239 0.00378533 -0.0084255 1.31719e-05 0.000979801 -2.67988e-06
18.94 0.0412512 0.00377724 -0.00849674 1.30755e-05 0.000973119 -2.65387e-06
18.95 0.040776 0.00376964 -0.00856186 1.2971e-05 0.000966277 -2.62585e-06
18.96 0.0402987 0.0037625 -0.00861906 1.286e-05 0.000959276 -2.59583e-06
18.97 0.0398194 0.00375578 -0.00866674 1.27442e-05 0.000952117 -2.56384e-06
18.98 0.0393383 0.00374945 -0.00870359 1.26252e-05 0.000944803 -2.5299e-06
18.99 0.0388556 0.00374348 -0.00872859 1.25044e-05 0.000937334 -2.49405e-06
19 0.0383715 0.00373783 -0.00874104 1.23832e-05 0.000929714 -2.4563e-06
19.01 0.0378862 0.00373247 -0.00874061 1.22626e-05 0.000921945 -2.41666e-06
19.02 0.0373998 0.00372737 -0.00872731 1.21435e-05 0.000914028 -2.37516e-06
19.03 0.0369127 0.00372251 -0.00870151 1.20265e-05 0.000905966 -2.33182e-06
19.04 0.0364248 0.00371785 -0.00866395 1.19121e-05 0.000897761 -2.28671e-06
19.05 0.0359365 0.0037134 -0.00861566 1.18002e-05 0.000889417 -2.23985e-06
19.06 0.0354479 0.00370914 -0.00855799 1.16909e-05 0.000880935 -2.19128e-06
19.07 0.0349591 0.00370505 -0.00849255 1.15831e-05 0.00087232 -2.14104e-06
19.08 0.0344703 0.00370115 -0.00842114 1.14754e-05 0.000863574 -2.08916e-06
19.09 0.0339817 0.00369743 -0.00834577 1.13655e-05 0.0008547 -2.0357e-06
19.1 0.0334934 0.0036939 -0.00826852 1.1252e-05 0.000845703 -1.98067e-06
19.11 0.0330055 0.00369058 -0.00819155 1.11339e-05 0.000836586 -1.92413e-06
19.12 0.0325183 0.00368748 -0.00811699 1.10111e-05 0.000827353 -1.86614e-06
19.13 0.0320317 0.00368463 -0.00804692 1.08834e-05 0.00081801 -1.80678e-06
19.14 0.031546 0.00368205 -0.0079833 1.07505e-05 0.000808562 -1.74614e-06
19.15 0.0310612 0.00367977 -0.00792788 1.06116e-05 0.000799013 -1.68426e-06
19.16 0.0305776 0.0036778 -0.00788222 1.04658e-05 0.00078937 -1.62119e-06
19.17 0.0300951 0.00367619 -0.00784759 1.03121e-05 0.000779638 -1.55696e-06
19.18 0.0296139 0.00367495 -0.00782495 1.01493e-05 0.000769826 -1.49165e-06
19.19 0.0291341 0.0036741 -0.00781493 9.97631e-06 0.000759939 -1.42533e-06
19.2 0.0286558 0.00367366 -0.0078178 9.79228e-06 0.000749984 -1.35808e-06
19.21 0.028179 0.00367366 -0.00783349 9.59641e-06 0.000739971 -1.28995e-06
19.22 0.0277039 0.00367409 -0.00786155 9.38817e-06 0.000729907 -1.22098e-06
19.23 0.0272306 0.00367497 -0.00790119 9.16731e-06 0.0007198 -1.15121e-06
19.24 0.026759 0.0036763 -0.00795131 8.93393e-06 0.00070966 -1.0807e-06
19.25 0.0262894 0.00367807 -0.00801049 8.68855e-06 0.000699495 -1.00955e-06
19.26 0.0258218 0.00368026 -0.00807709 8.43209e-06 0.000689314 -9.37808e-07
19.27 0.0253562 0.00368287 -0.00814923 8.16589e-06 0.000679129 -8.65528e-07
19.28 0.0248927 0.00368588 -0.00822491 7.89157e-06 0.000668947 -7.92744e-07
19.29 0.0244315 0.00368925 -0.00830201 7.61097e-06 0.000658779 -7.19505e-07
19.3 0.0239725 0.00369295 -0.00837839 7.32603e-06 0.000648634 -6.45879e-07
19.31 0.0235158 0.00369696 -0.0084519 7.03871e-06 0.000638523 -5.71938e-07
19.32 0.0230616 0.00370123 -0.0085205 6.75088e-06 0.000628455 -4.97741e-07
19.33 0.0226099 0.00370573 -0.0085823 6.46426e-06 0.00061844 -4.23324e-07
19.34 0.0221608 0.00371042 -0.00863556 6.18042e-06 0.000608487 -3.48721e-07
19.35 0.0217143 0.00371525 -0.00867881 5.90069e-06 0.000598606 -2.73981e-07
19.36 0.0212705 0.0037202 -0.00871085 5.62617e-06 0.000588806 -1.99172e-07
19.37 0.0208296 0.00372522 -0.00873079 5.35774e-06 0.000579095 -1.24363e-07
19.38 0.0203915 0.00373029 -0.00873809 5.09603e-06 0.000569483 -4.96083e-08
19.39 0.0199564 0.00373537 -0.00873254 4.84144e-06 0.000559976 2.50527e-08
19.4 0.0195244 0.00374044 -0.00871431 4.59414e-06 0.000550583 9.9578e-08
19.41 0.0190955 0.00374549 -0.0086839 4.35406e-06 0.000541311 1.73907e-07
19.42 0.0186698 0.00375049 -0.00864217 4.1209e-06 0.000532168 2.47963e-07
19.43 0.0182474 0.00375544 -0.00859026 3.89409e-06 0.000523159 3.21671e-07
19.44 0.0178284 0.00376033 -0.00852963 3.67286e-06 0.000514291 3.94973e-07
19.45 0.0174129 0.00376518 -0.00846197 3.45617e-06 0.000505571 4.67822e-07
19.46 0.0170009 0.00376998 -0.00838915 3.24276e-06 0.000497002 5.40165e-07
19.47 0.0165926 0.00377475 -0.0083132 3.03118e-06 0.000488592 6.1193e-07
19.48 0.0161881 0.0037795 -0.00823623 2.81978e-06 0.000480345 6.83037e-07
19.49 0.0157873 0.00378426 -0.00816038 2.60681e-06 0.000472265 7.53412e-07
19.5 0.0153905 0.00378904 -0.00808776 2.39046e-06 0.000464358 8.22998e-07
19.51 0.0149978 0.00379387 -0.0080204 2.16891e-06 0.000456627 8.91747e-07
19.52 0.0146091 0.00379877 -0.00796016 1.94044e-06 0.000449076 9.59605e-07
19.53 0.0142246 0.00380376 -0.00790874 1.70348e-06 0.00044171 1.0265e-06
19.54 0.0138445 0.00380887 -0.00786755 1.45671e-06 0.000434532 1.09236e-06
19.55 0.0134687 0.00381412 -0.00783774 1.19915e-06 0.000427545 1.15712e-06
19.56 0.0130975 0.00381952 -0.00782015 9.30035e-07 0.000420754 1.22073e-06
19.57 0.0127308 0.00382509 -0.00781527 6.48484e-07 0.000414161 1.28314e-06
19.58 0.0123689 0.00383082 -0.00782322 3.53313e-07 0.00040777 1.34431e-06
19.59 0.0120118 0.00383673 -0.00784379 4.35541e-08 0.000401584 1.40419e-06
19.6 0.0116597 0.00384281 -0.00787639 -2.80703e-07 0.000395605 1.46276e-06
19.61 0.0113126 0.00384904 -0.00792012 -6.17962e-07 0.000389836 1.51997e-06
19.62 0.0109706 0.00385541 -0.00797374 -9.65658e-07 0.00038428 1.57579e-06
19.63 0.010634 0.00386191 -0.00803576 -1.32073e-06 0.000378939 1.63014e-06
19.64 0.0103029 0.00386851 -0.00810445 -1.68006e-06 0.000373815 1.68296e-06
19.65 0.00997724 0.00387517 -0.00817788 -2.04071e-06 0.000368909 1.73423e-06
19.66 0.00965732 0.00388186 -0.008254 -2.39996e-06 0.000364225 1.78394e-06
19.67 0.00934325 0.00388855 -0.0083307 -2.75526e-06 0.000359762 1.83209e-06
19.68 0.00903515 0.00389519 -0.00840583 -3.10427e-06 0.000355522 1.87864e-06
19.69 0.00873318 0.00390175 -0.00847731 -3.44478e-06 0.000351506 1.92356e-06
19.7 0.00843748 0.00390818 -0.00854314 -3.77483e-06 0.000347713 1.96679e-06
19.71 0.00814822 0.00391445 -0.00860149 -4.09267e-06 0.000344144 2.00833e-06
19.72 0.00786554 0.00392051 -0.00865075 -4.39685e-06 0.000340798 2.04819e-06
19.73 0.00758959 0.00392632 -0.00868956 -4.68618e-06 0.000337674 2.08635e-06
19.74 0.00732055 0.00393187 -0.00871683 -4.95974e-06 0.000334771 2.1228e-06
19.75 0.00705856 0.00393711 -0.00873181 -5.21682e-06 0.000332087 2.15748e-06
19.76 0.00680378 0.00394203 -0.0087341 -5.45694e-06 0.000329618 2.19037e-06
19.77 0.00655638 0.0039466 -0.00872364 -5.67986e-06 0.000327363 2.22146e-06
19.78 0.00631652 0.00395083 -0.00870073 -5.88563e-06 0.000325319 2.25075e-06
19.79 0.00608435 0.00395468 -0.008666 -6.07468e-06 0.00032348 2.27822e-06
19.8 0.00586003 0.00395818 -0.00862043 -6.24783e-06 0.000321844 2.30383e-06
19.81 0.00564371 0.00396132 -0.00856528 -6.40632e-06 0.000320405 2.32756e-06
19.82 0.00543556 0.00396412 -0.00850209 -6.55181e-06 0.000319159 2.34936e-06
19.83 0.00523572 0.00396659 -0.00843262 -6.68632e-06 0.000318101 2.36923e-06
19.84 0.00504433 0.00396874 -0.00835881 -6.8122e-06 0.000317226 2.38718e-06
19.85 0.00486156 0.00397061 -0.00828271 -6.932e-06 0.000316527 2.40319e-06
19.86 0.00468753 0.00397221 -0.00820643 -7.04841e-06 0.000315999 2.41722e-06
19.87 0.00452239 0.00397358 -0.0081321 -7.16411e-06 0.000315636 2.42925e-06
19.88 0.00436627 0.00397474 -0.00806179 -7.28172e-06 0.000315432 2.43926e-06
19.89 0.0042193 0.00397571 -0.00799746 -7.40363e-06 0.000315382 2.44725e-06
19.9 0.00408161 0.00397653 -0.0079409 -7.53199e-06 0.00031548 2.45323e-06
19.91 0.00395333 0.00397722 -0.00789369 -7.66859e-06 0.00031572 2.45719e-06
19.92 0.00383457 0.00397779 -0.00785715 -7.81483e-06 0.000316096 2.45911e-06
19.93 0.00372544 0.00397827 -0.00783229 -7.9717e-06 0.000316604 2.45897e-06
19.94 0.00362607 0.00397865 -0.00781981 -8.13974e-06 0.000317237 2.45677e-06
19.95 0.00353655 0.00397896 -0.00782006 -8.31908e-06 0.000317991 2.45254e-06
19.96 0.003457 0.00397918 -0.00783302 -8.50941e-06 0.000318862 2.4463e-06
19.97 0.0033875 0.00397931 -0.00785834 -8.71007e-06 0.000319843 2.43805e-06
19.98 0.00332815 0.00397935 -0.0078953 -8.92001e-06 0.000320933 2.42779e-06
19.99 0.00327904 0.00397927 -0.00794287 -9.13784e-06 0.000322125 2.41553e-06
20 0.00324025 0.00397905 -0.00799973 -9.36189e-06 0.000323417 2.4013e-06
20.01 0.00321187 0.00397867 -0.00806427 -9.59018e-06 0.000324806 2.38513e-06
20.02 0.00319397 0.00397809 -0.00813471 -9.82054e-06 0.000326287 2.36708e-06
20.03 0.00318661 0.00397729 -0.00820906 -1.00506e-05 0.000327858 2.34715e-06
20.04 0.00318985 0.00397622 -0.00828527 -1.02777e-05 0.000329516 2.32537e-06
20.05 0.00320376 0.00397485 -0.0083612 -1.04993e-05 0.000331258 2.30177e-06
20.06 0.00322839 0.00397315 -0.00843474 -1.07127e-05 0.000333082 2.27638e-06
20.07 0.00326377 0.00397107 -0.00850384 -1.09157e-05 0.000334986 2.24926e-06
20.08 0.00330995 0.00396858 -0.00856659 -1.11068e-05 0.000336968 2.22045e-06
20.09 0.00336694 0.00396564 -0.00862123 -1.12849e-05 0.000339024 2.18999e-06
20.1 0.00343478 0.00396223 -0.00866627 -1.14484e-05 0.000341155 2.15794e-06
20.11 0.00351347 0.00395832 -0.00870043 -1.15952e-05 0.000343356 2.12434e-06
20.12 0.00360302 0.00395389 -0.0087228 -1.17229e-05 0.000345627 2.08922e-06
20.13 0.00370342 0.00394892 -0.00873274 -1.18292e-05 0.000347965 2.0526e-06
20.14 0.00381467 0.00394341 -0.00872999 -1.19127e-05 0.000350368 2.01451e-06
20.15 0.00393674 0.00393735 -0.00871463 -1.19724e-05 0.000352835 1.97497e-06
20.16 0.00406959 0.00393074 -0.0086871 -1.20084e-05 0.000355363 1.93404e-06
20.17 0.00421319 0.0039236 -0.00864816 -1.20212e-05 0.000357951 1.89179e-06
20.18 0.00436749 0.00391593 -0.00859889 -1.2012e-05 0.000360597 1.84824e-06
20.19 0.00453243 0.00390776 -0.00854068 -1.19824e-05 0.000363299 1.80341e-06
20.2 0.00470794 0.00389911 -0.00847513 -1.19346e-05 0.000366056 1.75732e-06
20.21 0.00489394 0.00389001 -0.00840408 -1.1871e-05 0.000368865 1.71002e-06
20.22 0.00509036 0.00388049 -0.0083295 -1.17941e-05 0.000371725 1.66155e-06
20.23 0.00529708 0.00387059 -0.00825347 -1.17068e-05 0.000374636 1.61197e-06
20.24 0.00551401 0.00386032 -0.0081781 -1.16118e-05 0.000377596 1.56131e-06
20.25 0.00574105 0.00384974 -0.00810549 -1.15117e-05 0.000380604 1.50958e-06
20.26 0.00597806 0.00383887 -0.00803766 -1.14088e-05 0.000383661 1.4568e-06
20.27 0.00622492 0.00382774 -0.0079765 -1.13054e-05 0.000386765 1.40303e-06
20.28 0.0064815 0.00381637 -0.00792372 -1.12032e-05 0.000389917 1.34832e-06
20.29 0.00674766 0.00380481 -0.00788078 -1.11038e-05 0.000393118 1.29271e-06
20.3 0.00702325 0.00379305 -0.00784888 -1.10086e-05 0.000396369 1.23624e-06
20.31 0.00730812 0.00378112 -0.00782891 -1.09186e-05 0.00039967 1.17894e-06
20.32 0.0076021 0.00376902 -0.00782143 -1.08346e-05 0.000403023 1.12083e-06
20.33 0.00790504 0.00375677 -0.00782664 -1.07573e-05 0.00040643 1.062e-06
20.34 0.00821676 0.00374435 -0.00784439 -1.06869e-05 0.000409894 1.0025e-06
20.35 0.00853709 0.00373176 -0.00787419 -1.06234e-05 0.000413417 9.42386e-07
20.36 0.00886585 0.00371899 -0.0079152 -1.05665e-05 0.000417002 8.81713e-07
20.37 0.00920285 0.00370602 -0.00796628 -1.05156e-05 0.000420653 8.20521e-07
20.38 0.00954791 0.00369283 -0.00802598 -1.04696e-05 0.000424372 7.58866e-07
20.39 0.00990083 0.0036794 -0.00809265 -1.04275e-05 0.000428163 6.96824e-07
20.4 0.0102614 0.0036657 -0.00816442 -1.03874e-05 0.000432031 6.34469e-07
20.41 0.0106295 0.0036517 -0.00823929 -1.03477e-05 0.00043598 5.71863e-07
20.42 0.0110048 0.00363738 -0.00831516 -1.03063e-05 0.000440013 5.09058e-07
20.43 0.0113872 0.0036227 -0.00838993 -1.02612e-05 0.000444135 4.46103e-07
20.44 0.0117764 0.00360763 -0.0084615 -1.02102e-05 0.00044835 3.83063e-07
20.45 0.0121723 0.00359216 -0.00852789 -1.01513e-05 0.000452662 3.20013e-07
20.46 0.0125746 0.00357626 -0.00858726 -1.00824e-05 0.000457075 2.57026e-07
20.47 0.012983 0.00355992 -0.00863794 -1.0002e-05 0.000461593 1.9416e-07
20.48 0.0133975 0.00354311 -0.00867855 -9.90846e-06 0.000466221 1.31461e-07
20.49 0.0138177 0.00352584 -0.00870795 -9.80066e-06 0.00047096 6.89774e-08
20.5 0.0142434 0.00350809 -0.00872532 -9.67772e-06 0.000475816 6.77099e-09
20.51 0.0146744 0.00348988 -0.0087302 -9.53912e-06 0.00048079 -5.50906e-08
20.52 0.0151105 0.0034712 -0.00872246 -9.38463e-06 0.000485886 -1.16547e-07
20.53 0.0155514 0.00345208 -0.0087023 -9.21433e-06 0.000491105 -1.77553e-07
20.54 0.0159969 0.00343254 -0.0086703 -9.02857e-06 0.000496449 -2.38075e-07
20.55 0.0164467 0.00341259 -0.00862735 -8.82791e-06 0.000501922 -2.98074e-07
20.56 0.0169007 0.00339227 -0.00857465 -8.61321e-06 0.000507522 -3.57501e-07
20.57 0.0173585 0.0033716 -0.00851366 -8.38574e-06 0.000513253 -4.16307e-07
20.58 0.0178201 0.00335063 -0.00844608 -8.1473e-06 0.000519114 -4.74445e-07
20.59 0.018285 0.00332938 -0.00837379 -7.89991e-06 0.000525106 -5.31876e-07
20.6 0.0187532 0.00330789 -0.0082988 -7.6453e-06 0.000531229 -5.88557e-07
20.61 0.0192243 0.00328621 -0.00822319 -7.3847e-06 0.000537483 -6.44451e-07
20.62 0.0196981 0.00326435 -0.00814908 -7.11899e-06 0.000543867 -6.99526e-07
20.63 0.0201745 0.00324237 -0.00807852 -6.84888e-06 0.000550382 -7.53757e-07
20.64 0.0206531 0.00322028 -0.00801347 -6.57517e-06 0.000557027 -8.0712e-07
20.65 0.0211338 0.00319811 -0.00795576 -6.29873e-06 0.000563801 -8.5958e-07
20.66 0.0216164 0.0031759 -0.00790699 -6.02048e-06 0.000570702 -9.11094e-07
20.67 0.0221006 0.00315365 -0.00786851 -5.74135e-06 0.000577731 -9.61615e-07
20.68 0.0225862 0.00313138 -0.00784141 -5.46215e-06 0.000584886 -1.01111e-06
20.69 0.0230731 0.00310911 -0.00782643 -5.18359e-06 0.000592165 -1.05955e-06
20.7 0.023561 0.00308682 -0.00782399 -4.90618e-06 0.000599568 -1.1069e-06
20.71 0.0240498 0.00306453 -0.00783416 -4.63027e-06 0.000607094 -1.15313e-06
20.72 0.0245392 0.00304223 -0.00785665 -4.35599e-06 0.00061474 -1.1982e-06
20.73 0.0250291 0.0030199 -0.00789084 -4.0833e-06 0.000622505 -1.24205e-06
20.74 0.0255193 0.00299754 -0.00793576 -3.81192e-06 0.000630388 -1.28466e-06
20.75 0.0260095 0.00297513 -0.00799015 -3.54135e-06 0.000638386 -1.326e-06
20.76 0.0264998 0.00295265 -0.00805251 -3.27089e-06 0.000646499 -1.36603e-06
20.77 0.0269897 0.00293008 -0.00812108 -2.99969e-06 0.000654723 -1.40473e-06
20.78 0.0274793 0.0029074 -0.00819395 -2.7268e-06 0.000663058 -1.44205e-06
20.79 0.0279684 0.00288459 -0.00826909 -2.45127e-06 0.000671499 -1.47795e-06
20.8 0.0284568 0.00286164 -0.0083444 -2.17216e-06 0.000680045 -1.51242e-06
20.81 0.0289442 0.00283853 -0.00841779 -1.8887e-06 0.000688693 -1.54542e-06
20.82 0.0294307 0.00281524 -0.00848721 -1.60024e-06 0.000697439 -1.57694e-06
20.83 0.0299161 0.00279177 -0.00855073 -1.30632e-06 0.00070628 -1.60694e-06
20.84 0.0304001 0.00276811 -0.00860659 -1.00669e-06 0.000715212 -1.63541e-06
20.85 0.0308828 0.00274426 -0.00865324 -7.01283e-07 0.000724231 -1.6623e-06
20.86 0.0313638 0.00272023 -0.00868939 -3.90235e-07 0.000733331 -1.68762e-06
20.87 0.0318432 0.00269603 -0.00871404 -7.38438e-08 0.000742509 -1.71135e-06
20.88 0.0323208 0.00267167 -0.00872651 2.47445e-07 0.000751759 -1.73348e-06
20.89 0.0327964 0.00264717 -0.00872647 5.73062e-07 0.000761074 -1.754e-06
20.9 0.03327 0.00262256 -0.00871391 9.02336e-07 0.000770448 -1.77291e-06
20.91 0.0337414 0.00259786 -0.00868919 1.23452e-06 0.000779875 -1.79018e-06
20.92 0.0342105 0.00257311 -0.00865301 1.56881e-06 0.000789347 -1.80583e-06
20.93 0.0346772 0.00254835 -0.00860638 1.90437e-06 0.000798858 -1.81987e-06
20.94 0.0351414 0.0025236 -0.00855059 2.24033e-06 0.000808399 -1.83231e-06
20.95 0.035603 0.00249891 -0.0084872 2.57584e-06 0.000817963 -1.84313e-06
20.96 0.0360619 0.00247431 -0.00841798 2.91005e-06 0.00082754 -1.85235e-06
20.97 0.0365179 0.00244984 -0.00834485 3.24215e-06 0.000837123 -1.85997e-06
20.98 0.0369711 0.00242554 -0.00826985 3.5714e-06 0.000846703 -1.86601e-06
20.99 0.0374213 0.00240145 -0.00819507 3.89712e-06 0.000856271 -1.87048e-06
21 0.0378684 0.00237758 -0.00812258 4.2188e-06 0.000865818 -1.87339e-06
21.01 0.0383123 0.00235398 -0.00805442 4.53602e-06 0.000875337 -1.87475e-06
21.02 0.0387529 0.00233065 -0.00799247 4.84856e-06 0.000884817 -1.87456e-06
21.03 0.0391903 0.00230763 -0.00793847 5.15635e-06 0.000894251 -1.87284e-06
21.04 0.0396242 0.00228492 -0.00789392 5.45953e-06 0.000903629 -1.86961e-06
21.05 0.0400547 0.00226253 -0.00786007 5.7584e-06 0.000912944 -1.86487e-06
21.06 0.0404816 0.00224046 -0.00783786 6.05344e-06 0.000922187 -1.85865e-06
21.07 0.0409049 0.00221872 -0.00782791 6.34526e-06 0.000931351 -1.85094e-06
21.08 0.0413244 0.00219729 -0.00783049 6.63457e-06 0.000940428 -1.84175e-06
21.09 0.0417403 0.00217617 -0.00784554 6.92216e-06 0.000949411 -1.83111e-06
21.1 0.0421522 0.00215534 -0.00787263 7.20892e-06 0.000958291 -1.81903e-06
21.11 0.0425603 0.00213478 -0.007911 7.49577e-06 0.000967063 -1.80552e-06
21.12 0.0429644 0.00211449 -0.00795959 7.78365e-06 0.000975721 -1.79059e-06
21.13 0.0433644 0.00209443 -0.00801703 8.07344e-06 0.000984257 -1.77427e-06
21.14 0.0437603 0.0020746 -0.00808172 8.36591e-06 0.000992666 -1.75655e-06
21.15 0.0441521 0.00205496 -0.00815185 8.66167e-06 0.00100094 -1.73747e-06
21.16 0.0445395 0.00203552 -0.00822547 8.96118e-06 0.00100908 -1.71705e-06
21.17 0.0449227 0.00201624 -0.00830052 9.2647e-06 0.00101708 -1.69531e-06
21.18 0.0453014 0.00199712 -0.00837492 9.57227e-06 0.00102492 -1.67227e-06
21.19 0.0456756 0.00197816 -0.00844658 9.88374e-06 0.00103262 -1.64795e-06
21.2 0.0460452 0.00195935 -0.00851353 1.01987e-05 0.00104015 -1.62238e-06
21.21 0.0464101 0.0019407 -0.00857389 1.05167e-05 0.00104753 -1.5956e-06
21.22 0.0467704 0.0019222 -0.00862599 1.08368e-05 0.00105474 -1.56763e-06
21.23 0.0471257 0.00190387 -0.00866839 1.1158e-05 0.00106177 -1.53852e-06
21.24 0.0474762 0.00188573 -0.00869992 1.14793e-05 0.00106864 -1.5083e-06
21.25 0.0478216 0.0018678 -0.0087197 1.17994e-05 0.00107532 -1.477e-06
21.26 0.0481619 0.00185011 -0.00872719 1.21167e-05 0.00108183 -1.44467e-06
21.27 0.0484969 0.00183267 -0.00872219 1.243e-05 0.00108815 -1.41136e-06
21.28 0.0488267 0.00181554 -0.00870484 1.27376e-05 0.00109428 -1.37711e-06
21.29 0.049151 0.00179873 -0.00867564 1.30381e-05 0.00110021 -1.34197e-06
21.3 0.0494699 0.0017823 -0.00863539 1.333e-05 0.00110595 -1.30598e-06
21.31 0.0497831 0.00176626 -0.00858523 1.3612e-05 0.00111149 -1.26919e-06
21.32 0.0500906 0.00175066 -0.00852654 1.38829e-05 0.00111683 -1.23164e-06
21.33 0.0503923 0.00173554 -0.00846096 1.41415e-05 0.00112196 -1.1934e-06
21.34 0.050688 0.00172093 -0.00839032 1.43871e-05 0.00112688 -1.15451e-06
21.35 0.0509777 0.00170686 -0.00831658 1.46189e-05 0.00113158 -1.11502e-06
21.36 0.0512613 0.00169335 -0.00824179 1.48367e-05 0.00113608 -1.07496e-06
21.37 0.0515385 0.00168043 -0.00816803 1.50403e-05 0.00114035 -1.03439e-06
21.38 0.0518095 0.00166812 -0.00809737 1.523e-05 0.00114441 -9.93352e-07
21.39 0.0520739 0.00165643 -0.00803176 1.54061e-05 0.00114825 -9.51892e-07
21.4 0.0523317 0.00164536 -0.00797303 1.55695e-05 0.00115187 -9.10055e-07
21.41 0.0525829 0.00163492 -0.00792283 1.57211e-05 0.00115527 -8.67879e-07
21.42 0.0528272 0.00162511 -0.00788254 1.58622e-05 0.00115845 -8.25401e-07
21.43 0.0530646 0.00161592 -0.0078533 1.59941e-05 0.0011614 -7.82659e-07
21.44 0.0532949 0.00160734 -0.00783591 1.61183e-05 0.00116414 -7.39694e-07
21.45 0.0535181 0.00159934 -0.00783085 1.62365e-05 0.00116666 -6.96545e-07
21.46 0.053734 0.00159192 -0.00783828 1.63505e-05 0.00116895 -6.53248e-07
21.47 0.0539424 0.00158504 -0.00785798 1.64618e-05 0.00117104 -6.09837e-07
21.48 0.0541434 0.00157869 -0.00788939 1.6572e-05 0.00117291 -5.66344e-07
21.49 0.0543367 0.00157284 -0.00793164 1.66829e-05 0.00117457 -5.22803e-07
21.5 0.0545223 0.00156746 -0.00798354 1.67956e-05 0.00117603 -4.79252e-07
21.51 0.0546999 0.00156253 -0.00804363 1.69114e-05 0.00117728 -4.35728e-07
21.52 0.0548696 0.00155803 -0.00811025 1.70313e-05 0.00117833 -3.92267e-07
21.53 0.0550311 0.00155394 -0.00818153 1.71559e-05 0.00117919 -3.48902e-07
21.54 0.0551844 0.00155024 -0.00825548 1.72858e-05 0.00117986 -3.05669e-07
21.55 0.0553293 0.00154693 -0.00833003 1.74208e-05 0.00118035 -2.62607e-07
21.56 0.0554657 0.00154398 -0.00840312 1.75609e-05 0.00118065 -2.19755e-07
21.57 0.0555935 0.0015414 -0.00847269 1.77058e-05 0.00118078 -1.77153e-07
21.58 0.0557126 0.0015392 -0.00853681 1.78552e-05 0.00118074 -1.34843e-07
21.59 0.0558229 0.00153737 -0.00859372 1.80085e-05 0.00118053 -9.2874e-08
21.6 0.0559242 0.00153594 -0.00864181 1.81647e-05 0.00118017 -5.13022e-08
21.61 0.0560164 0.00153492 -0.00867976 1.8322e-05 0.00117965 -1.01793e-08
21.62 0.0560994 0.00153433 -0.00870652 1.8478e-05 0.00117898 3.04564e-08
21.63 0.0561732 0.0015342 -0.00872135 1.86301e-05 0.00117816 7.05772e-08
21.64 0.0562376 0.00153455 -0.00872384 1.87756e-05 0.0011772 1.10149e-07
21.65 0.0562925 0.00153541 -0.00871393 1.89122e-05 0.00117611 1.4912e-07
21.66 0.0563379 0.00153682 -0.00869189 1.90376e-05 0.00117489 1.87427e-07
21.67 0.0563736 0.00153881 -0.00865835 1.91496e-05 0.00117353 2.25016e-07
21.68 0.0563996 0.00154142 -0.00861423 1.92465e-05 0.00117206 2.61847e-07
21.69 0.0564158 0.00154466 -0.00856077 1.93268e-05 0.00117046 2.97891e-07
21.7 0.0564222 0.00154857 -0.00849946 1.93891e-05 0.00116875 3.33116e-07
21.71 0.0564186 0.00155318 -0.00843199 1.94325e-05 0.00116692 3.67474e-07
21.72 0.056405 0.00155851 -0.00836025 1.94565e-05 0.00116498 4.00912e-07
21.73 0.0563814 0.00156456 -0.00828622 1.94609e-05 0.00116294 4.3339e-07
21.74 0.0563477 0.00157136 -0.00821198 1.94456e-05 0.00116079 4.64882e-07
21.75 0.0563038 0.00157891 -0.00813958 1.9411e-05 0.00115854 4.95373e-07
21.76 0.0562499 0.00158722 -0.00807104 1.93579e-05 0.00115619 5.24843e-07
21.77 0.0561857 0.00159627 -0.00800827 1.9287e-05 0.00115375 5.53259e-07
21.78 0.0561114 0.00160605 -0.00795302 1.91994e-05 0.00115121 5.80588e-07
21.79 0.0560268 0.00161656 -0.00790682 1.90967e-05 0.00114859 6.06811e-07
21.8 0.0559321 0.00162777 -0.00787096 1.89803e-05 0.00114587 6.31923e-07
21.81 0.0558271 0.00163966 -0.00784644 1.8852e-05 0.00114307 6.55922e-07
21.82 0.0557119 0.00165219 -0.00783394 1.8714e-05 0.00114019 6.78801e-07
21.83 0.0555866 0.00166535 -0.00783382 1.85682e-05 0.00113723 7.00538e-07
21.84 0.055451 0.00167909 -0.00784606 1.84169e-05 0.00113419 7.21116e-07
21.85 0.0553054 0.00169339 -0.00787033 1.82623e-05 0.00113108 7.40526e-07
21.86 0.0551496 0.0017082 -0.00790594 1.81065e-05 0.0011279 7.58774e-07
21.87 0.0549837 0.00172351 -0.0079519 1.79514e-05 0.00112465 7.75867e-07
21.88 0.0548078 0.00173927 -0.00800693 1.77988e-05 0.00112133 7.91797e-07
21.89 0.054622 0.00175547 -0.00806947 1.76502e-05 0.00111795 8.06551e-07
21.9 0.0544262 0.00177206 -0.00813779 1.75066e-05 0.00111452 8.20117e-07
21.91 0.0542206 0.00178905 -0.00820997 1.7369e-05 0.00111102 8.32493e-07
21.92 0.0540052 0.0018064 -0.00828401 1.72376e-05 0.00110747 8.43687e-07
21.93 0.0537801 0.00182411 -0.00835783 1.71126e-05 0.00110386 8.53704e-07
21.94 0.0535454 0.00184218 -0.00842938 1.69935e-05 0.00110021 8.62537e-07
21.95 0.0533011 0.00186059 -0.00849668 1.68797e-05 0.0010965 8.70169e-07
21.96 0.0530475 0.00187936 -0.00855783 1.67701e-05 0.00109275 8.7659e-07
21.97 0.0527845 0.0018985 -0.00861116 1.66636e-05 0.00108895 8.818e-07
21.98 0.0525124 0.00191801 -0.00865518 1.65584e-05 0.0010851 8.85804e-07
21.99 0.0522312 0.00193791 -0.00868866 1.64531e-05 0.00108121 8.88602e-07
22 0.051941 0.00195823 -0.00871069 1.63456e-05 0.00107727 8.90183e-07
22.01 0.051642 0.00197899 -0.00872066 1.62343e-05 0.00107329 8.90532e-07
22.02 0.0513344 0.0020002 -0.00871829 1.6117e-05 0.00106926 8.8964e-07
22.03 0.0510183 0.0020219 -0.00870366 1.59919e-05 0.00106519 8.87512e-07
22.04 0.0506938 0.00204411 -0.00867718 1.58572e-05 0.00106106 8.84155e-07
22.05 0.0503611 0.00206685 -0.00863958 1.5711e-05 0.00105689 8.79575e-07
22.06 0.0500204 0.00209014 -0.00859192 1.55519e-05 0.00105266 8.73769e-07
22.07 0.0496719 0.002114 -0.00853553 1.53788e-05 0.00104838 8.66736e-07
22.08 0.0493157 0.00213845 -0.00847197 1.51916e-05 0.00104405 8.58483e-07
22.09 0.0489521 0.00216349 -0.00840301 1.49906e-05 0.00103965 8.49009e-07
22.1 0.0485811 0.00218913 -0.00833058 1.47757e-05 0.00103519 8.38312e-07
22.11 0.0482031 0.00221538 -0.00825668 1.45465e-05 0.00103066 8.26397e-07
22.12 0.0478183 0.00224222 -0.00818338 1.4302e-05 0.00102607 8.13292e-07
22.13 0.0474268 0.00226965 -0.00811271 1.40416e-05 0.00102141 7.99046e-07
22.14 0.0470288 0.00229765 -0.00804664 1.3765e-05 0.00101667 7.83699e-07
22.15 0.0466246 0.0023262 -0.00798702 1.34728e-05 0.00101185 7.67273e-07
22.16 0.0462143 0.00235528 -0.0079355 1.31657e-05 0.00100695 7.49772e-07
22.17 0.0457982 0.00238486 -0.00789353 1.28453e-05 0.00100197 7.31207e-07
22.18 0.0453766 0.0024149 -0.00786226 1.25134e-05 0.000996904 7.11617e-07
22.19 0.0449495 0.00244537 -0.00784258 1.21719e-05 0.000991748 6.91055e-07
22.2 0.0445173 0.00247623 -0.00783502 1.18231e-05 0.000986501 6.69569e-07
22.21 0.0440802 0.00250744 -0.00783981 1.14692e-05 0.00098116 6.47187e-07
22.22 0.0436384 0.00253897 -0.0078568 1.11126e-05 0.000975725 6.23923e-07
22.23 0.043192 0.00257078 -0.00788552 1.07555e-05 0.000970193 5.99801e-07
22.24 0.0427415 0.00260283 -0.00792516 1.04001e-05 0.000964563 5.74868e-07
22.25 0.0422868 0.00263508 -0.00797462 1.00479e-05 0.000958833 5.49183e-07
22.26 0.0418284 0.00266751 -0.0080325 9.70032e-06 0.000953004 5.22793e-07
22.27 0.0413664 0.00270009 -0.00809721 9.35844e-06 0.000947074 4.95726e-07
22.28 0.040901 0.00273281 -0.00816691 9.0228e-06 0.000941042 4.68002e-07
22.29 0.0404324 0.00276563 -0.00823968 8.69367e-06 0.00093491 4.39652e-07
22.3 0.0399609 0.00279855 -0.00831348 8.37101e-06 0.000928675 4.10728e-07
22.31 0.0394867 0.00283157 -0.00838625 8.05456e-06 0.00092234 3.81281e-07
22.32 0.0390101 0.00286467 -0.00845597 7.74382e-06 0.000915903 3.51352e-07
22.33 0.0385311 0.00289787 -0.0085207 7.43816e-06 0.000909366 3.20959e-07
22.34 0.0380501 0.00293117 -0.00857864 7.13676e-06 0.000902728 2.90116e-07
22.35 0.0375673 0.00296458 -0.00862817 6.83866e-06 0.000895991 2.58853e-07
22.36 0.0370829 0.00299811 -0.00866794 6.54281e-06 0.000889154 2.27214e-07
22.37 0.036597 0.00303178 -0.00869683 6.248e-06 0.000882219 1.95245e-07
22.38 0.03611 0.0030656 -0.00871404 5.95297e-06 0.000875186 1.62976e-07
22.39 0.035622 0.0030996 -0.00871911 5.65636e-06 0.000868056 1.30421e-07
22.4 0.0351332 0.0031338 -0.00871191 5.3568e-06 0.00086083 9.75982e-08
22.41 0.0346439 0.0031682 -0.00869262 5.05291e-06 0.000853507 6.45399e-08
22.42 0.0341542 0.00320283 -0.0086618 4.74337e-06 0.00084609 3.12947e-08
22.43 0.0336644 0.00323769 -0.00862031 4.42698e-06 0.000838578 -2.09088e-09
22.44 0.0331745 0.00327281 -0.00856929 4.1027e-06 0.000830972 -3.55852e-08
22.45 0.032685 0.00330817 -0.00851018 3.76971e-06 0.000823274 -6.91681e-08
22.46 0.0321958 0.00334378 -0.00844461 3.42746e-06 0.000815485 -1.02813e-07
22.47 0.0317073 0.00337965 -0.00837441 3.07572e-06 0.000807605 -1.36475e-07
22.48 0.0312195 0.00341574 -0.00830153 2.71455e-06 0.000799636 -1.701e-07
22.49 0.0307327 0.00345207 -0.00822801 2.34436e-06 0.00079158 -2.03638e-07
22.5 0.0302471 0.0034886 -0.00815587 1.96585e-06 0.000783438 -2.37053e-07
22.51 0.0297627 0.0035253 -0.00808714 1.58002e-06 0.000775213 -2.70317e-07
22.52 0.0292799 0.00356216 -0.00802373 1.18811e-06 0.000766907 -3.03393e-07
22.53 0.0287987 0.00359914 -0.0079674 7.91524e-07 0.000758523 -3.36228e-07
22.54 0.0283192 0.00363621 -0.00791971 3.91815e-07 0.000750064 -3.68763e-07
22.55 0.0278417 0.00367332 -0.00788201 -9.45243e-09 0.000741533 -4.00945e-07
22.56 0.0273663 0.00371044 -0.00785534 -4.10594e-07 0.000732935 -4.32733e-07
22.57 0.0268931 0.00374753 -0.00784043 -8.09517e-07 0.000724273 -4.6409e-07
22.58 0.0264223 0.00378456 -0.00783771 -1.2036e-06 0.000715553 -4.94975e-07
22.59 0.0259539 0.00382148 -0.00784725 -1.59021e-06 0.000706779 -5.25351e-07
22.6 0.0254882 0.00385826 -0.00786878 -1.96747e-06 0.000697956 -5.55188e-07
22.61 0.0250252 0.00389486 -0.00790169 -2.33468e-06 0.000689091 -5.84452e-07
22.62 0.024565 0.00393127 -0.00794506 -2.69203e-06 0.00068019 -6.13093e-07
22.63 0.0241078 0.00396746 -0.00799767 -3.04013e-06 0.000671259 -6.41044e-07
22.64 0.0236536 0.0040034 -0.00805806 -3.37966e-06 0.000662305 -6.68248e-07
22.65 0.0232027 0.00403908 -0.00812453 -3.71123e-06 0.000653335 -6.94675e-07
22.66 0.022755 0.00407449 -0.00819524 -4.03535e-06 0.000644356 -7.20314e-07
22.67 0.0223107 0.00410962 -0.00826819 -4.35254e-06 0.000635375 -7.45153e-07
22.68 0.0218699 0.00414448 -0.00834137 -4.66337e-06 0.0006264 -7.6916e-07
22.69 0.0214327 0.00417906 -0.00841272 -4.96848e-06 0.000617439 -7.92288e-07
22.7 0.0209991 0.00421337 -0.00848026 -5.26858e-06 0.000608499 -8.145e-07
22.71 0.0205693 0.00424743 -0.00854211 -5.56448e-06 0.000599589 -8.35781e-07
22.72 0.0201434 0.00428125 -0.00859655 -5.85702e-06 0.000590715 -8.56133e-07
22.73 0.0197214 0.00431485 -0.00864207 -6.14713e-06 0.000581886 -8.75549e-07
22.74 0.0193035 0.00434824 -0.0086774 -6.43583e-06 0.000573108 -8.94005e-07
22.75 0.0188896 0.00438143 -0.00870158 -6.72424e-06 0.00056439 -9.11464e-07
22.76 0.01848 0.00441446 -0.00871392 -7.01357e-06 0.000555738 -9.27899e-07
22.77 0.0180747 0.00444733 -0.0087141 -7.30506e-06 0.000547159 -9.43301e-07
22.78 0.0176737 0.00448005 -0.0087021 -7.59991e-06 0.00053866 -9.57672e-07
22.79 0.0172772 0.00451265 -0.00867827 -7.89915e-06 0.000530248 -9.71004e-07
22.8 0.0168852 0.00454512 -0.00864327 -8.20358e-06 0.000521928 -9.83267e-07
22.81 0.0164978 0.00457748 -0.00859808 -8.51365e-06 0.000513707 -9.94426e-07
22.82 0.0161151 0.00460971 -0.00854396 -8.82947e-06 0.000505591 -1.00446e-06
22.83 0.0157371 0.00464182 -0.0084824 -9.15078e-06 0.000497584 -1.01337e-06
22.84 0.015364 0.00467379 -0.00841513 -9.4769e-06 0.000489693 -1.02114e-06
22.85 0.0149958 0.00470561 -0.00834401 -9.80686e-06 0.000481921 -1.02778e-06
22.86 0.0146326 0.00473727 -0.00827101 -1.01394e-05 0.000474276 -1.03325e-06
22.87 0.0142745 0.00476873 -0.00819818 -1.04729e-05 0.00046676 -1.03752e-06
22.88 0.0139214 0.00479997 -0.00812754 -1.08058e-05 0.00045938 -1.04057e-06
22.89 0.0135736 0.00483096 -0.00806104 -1.11362e-05 0.000452139 -1.0424e-06
22.9 0.013231 0.00486167 -0.00800056 -1.14624e-05 0.000445041 -1.04301e-06
22.91 0.0128937 0.00489206 -0.00794775 -1.17827e-05 0.000438093 -1.04238e-06
22.92 0.0125619 0.00492209 -0.00790411 -1.20952e-05 0.000431297 -1.04048e-06
22.93 0.0122355 0.00495174 -0.00787084 -1.23984e-05 0.000424658 -1.0373e-06
22.94 0.0119146 0.00498095 -0.00784886 -1.26909e-05 0.00041818 -1.0328e-06
22.95 0.0115994 0.00500971 -0.0078388 -1.29713e-05 0.000411869 -1.02702e-06
22.96 0.0112898 0.00503797 -0.00784092 -1.32385e-05 0.000405727 -1.01993e-06
22.97 0.010986 0.00506572 -0.00785518 -1.34916e-05 0.000399759 -1.01155e-06
22.98 0.0106881 0.00509292 -0.00788115 -1.37297e-05 0.000393969 -1.00184e-06
22.99 0.010396 0.00511955 -0.00791812 -1.39525e-05 0.000388361 -9.90805e-07
23 0.0101099 0.00514561 -0.00796506 -1.41595e-05 0.000382939 -9.78444e-07
23.01 0.00982981 0.00517107 -0.00802064 -1.43508e-05 0.000377707 -9.64782e-07
23.02 0.00955589 0.00519594 -0.00808331 -1.45265e-05 0.000372669 -9.49834e-07
23.03 0.00928818 0.00522021 -0.00815133 -1.46873e-05 0.000367828 -9.33604e-07
23.04 0.00902677 0.0052439 -0.00822279 -1.48338e-05 0.000363187 -9.16093e-07
23.05 0.00877174 0.005267 -0.00829569 -1.49673e-05 0.00035875 -8.97308e-07
23.06 0.00852317 0.00528953 -0.00836801 -1.5089e-05 0.000354519 -8.77274e-07
23.07 0.00828116 0.00531151 -0.00843773 -1.51999e-05 0.000350498 -8.56021e-07
23.08 0.00804579 0.00533296 -0.00850292 -1.53009e-05 0.000346687 -8.33577e-07
23.09 0.00781717 0.00535391 -0.00856174 -1.53928e-05 0.000343091 -8.09972e-07
23.1 0.00759537 0.00537437 -0.00861259 -1.54767e-05 0.000339709 -7.85241e-07
23.11 0.00738049 0.00539438 -0.00865403 -1.55548e-05 0.000336543 -7.59418e-07
23.12 0.00717264 0.00541396 -0.00868493 -1.56296e-05 0.000333595 -7.32524e-07
23.13 0.00697189 0.00543312 -0.00870443 -1.57038e-05 0.000330863 -7.04568e-07
23.14 0.00677837 0.0054519 -0.008712 -1.57796e-05 0.000328348 -6.75566e-07
23.15 0.00659215 0.0054703 -0.00870743 -1.58588e-05 0.00032605 -6.45549e-07
23.16 0.00641334 0.00548835 -0.00869085 -1.59426e-05 0.000323968 -6.14563e-07
23.17 0.00624203 0.00550606 -0.00866272 -1.60319e-05 0.000322099 -5.82654e-07
23.18 0.00607833 0.00552343 -0.00862384 -1.61268e-05 0.000320442 -5.4985e-07
23.19 0.00592232 0.00554046 -0.00857529 -1.62274e-05 0.000318995 -5.16166e-07
23.2 0.00577411 0.00555715 -0.00851842 -1.6333e-05 0.000317755 -4.81618e-07
23.21 0.00563378 0.0055735 -0.00845481 -1.64429e-05 0.000316718 -4.4624e-07
23.22 0.00550144 0.00558948 -0.00838623 -1.6556e-05 0.000315882 -4.10076e-07
23.23 0.00537717 0.00560508 -0.00831459 -1.66706e-05 0.000315243 -3.73163e-07
23.24 0.00526107 0.00562029 -0.00824189 -1.67854e-05 0.000314797 -3.35524e-07
23.25 0.00515323 0.00563507 -0.00817015 -1.68986e-05 0.00031454 -2.97171e-07
23.26 0.00505372 0.0056494 -0.00810137 -1.70086e-05 0.000314467 -2.58121e-07
23.27 0.00496265 0.00566325 -0.00803745 -1.71137e-05 0.000314575 -2.18404e-07
23.28 0.00488009 0.0056766 -0.00798019 -1.72123e-05 0.000314859 -1.7806e-07
23.29 0.00480613 0.0056894 -0.00793118 -1.73029e-05 0.000315315 -1.37121e-07
23.3 0.00474084 0.00570164 -0.00789179 -1.7384e-05 0.000315939 -9.56052e-08
23.31 0.0046843 0.00571328 -0.00786311 -1.7454e-05 0.000316726 -5.35285e-08
23.32 0.0046366 0.00572429 -0.00784594 -1.75117e-05 0.000317671 -1.09153e-08
23.33 0.0045978 0.00573467 -0.00784076 -1.75555e-05 0.000318772 3.21935e-08
23.34 0.00456797 0.00574438 -0.00784772 -1.75845e-05 0.000320023 7.57508e-08
23.35 0.00454719 0.00575343 -0.00786662 -1.75975e-05 0.000321422 1.19718e-07
23.36 0.00453552 0.00576178 -0.00789693 -1.7594e-05 0.000322963 1.64066e-07
23.37 0.00453302 0.00576945 -0.0079378 -1.75733e-05 0.000324644 2.08769e-07
23.38 0.00453976 0.00577643 -0.00798808 -1.75353e-05 0.000326461 2.53786e-07
23.39 0.00455579 0.00578274 -0.00804638 -1.74802e-05 0.00032841 2.99063e-07
23.4 0.00458116 0.00578837 -0.00811107 -1.74086e-05 0.000330489 3.44546e-07
23.41 0.00461592 0.00579335 -0.00818033 -1.73212e-05 0.000332694 3.90187e-07
23.42 0.00466012 0.0057977 -0.00825224 -1.72192e-05 0.000335022 4.3595e-07
23.43 0.00471381 0.00580145 -0.00832479 -1.7104e-05 0.000337471 4.81796e-07
23.44 0.00477701 0.00580461 -0.00839596 -1.69771e-05 0.000340036 5.27674e-07
23.45 0.00484976 0.00580722 -0.00846377 -1.68403e-05 0.000342717 5.73522e-07
23.46 0.00493208 0.00580931 -0.00852633 -1.66952e-05 0.000345508 6.1928e-07
23.47 0.00502401 0.00581091 -0.0085819 -1.65436e-05 0.000348408 6.64898e-07
23.48 0.00512554 0.00581205 -0.00862895 -1.63872e-05 0.000351414 7.10332e-07
23.49 0.00523671 0.00581276 -0.00866617 -1.62275e-05 0.000354523 7.5554e-07
23.5 0.00535749 0.00581307 -0.00869253 -1.60659e-05 0.000357731 8.00466e-07
23.51 0.00548791 0.00581301 -0.0087073 -1.59037e-05 0.000361036 8.45047e-07
23.52 0.00562794 0.00581259 -0.00871008 -1.57418e-05 0.000364434 8.89228e-07
23.53 0.00577757 0.00581183 -0.0087008 -1.55811e-05 0.000367922 9.32962e-07
23.54 0.00593678 0.00581075 -0.00867972 -1.54222e-05 0.000371496 9.76215e-07
23.55 0.00610555 0.00580936 -0.00864743 -1.52654e-05 0.000375154 1.01895e-06
23.56 0.00628383 0.00580765 -0.00860483 -1.5111e-05 0.000378892 1.06111e-06
23.57 0.00647158 0.00580564 -0.00855311 -1.49587e-05 0.000382705 1.10266e-06
23.58 0.00666876 0.00580331 -0.00849372 -1.48076e-05 0.000386592 1.14355e-06
23.59 0.0068753 0.00580066 -0.00842829 -1.46567e-05 0.000390548 1.18373e-06
23.6 0.00709115 0.00579768 -0.00835866 -1.4505e-05 0.000394569 1.22318e-06
23.61 0.00731623 0.00579434 -0.00828677 -1.43519e-05 0.000398653 1.26185e-06
23.62 0.00755047 0.00579064 -0.0082146 -1.41971e-05 0.000402797 1.29972e-06
23.63 0.00779379 0.00578655 -0.00814418 -1.40399e-05 0.000406996 1.33675e-06
23.64 0.00804609 0.00578206 -0.00807746 -1.38799e-05 0.00041125 1.37294e-06
23.65 0.00830728 0.00577713 -0.0080163 -1.37163e-05 0.000415555 1.40825e-06
23.66 0.00857727 0.00577176 -0.00796241 -1.35481e-05 0.000419909 1.44264e-06
23.67 0.00885593 0.00576592 -0.00791729 -1.33742e-05 0.000424309 1.47608e-06
23.68 0.00914317 0.0057596 -0.00788219 -1.31938e-05 0.000428755 1.50853e-06
23.69 0.00943885 0.00575278 -0.00785809 -1.30057e-05 0.000433246 1.53997e-06
23.7 0.00974286 0.00574546 -0.00784566 -1.28093e-05 0.000437779 1.57039e-06
23.71 0.0100551 0.00573762 -0.00784526 -1.26038e-05 0.000442355 1.59975e-06
23.72 0.0103753 0.00572927 -0.00785688 -1.23887e-05 0.000446973 1.62801e-06
23.73 0.0107035 0.00572041 -0.00788021 -1.21638e-05 0.000451633 1.65514e-06
23.74 0.0110395 0.00571104 -0.00791458 -1.19289e-05 0.000456336 1.6811e-06
23.75 0.0113831 0.00570118 -0.00795904 -1.16844e-05 0.000461082 1.70589e-06
23.76 0.0117341 0.00569085 -0.00801234 -1.14306e-05 0.000465873 1.72946e-06
23.77 0.0120925 0.00568006 -0.00807299 -1.11684e-05 0.00047071 1.7518e-06
23.78 0.012458 0.00566885 -0.00813929 -1.08987e-05 0.000475594 1.77286e-06
23.79 0.0128304 0.00565723 -0.00820941 -1.06225e-05 0.000480527 1.7926e-06
23.8 0.0132097 0.00564525 -0.00828137 -1.03411e-05 0.000485511 1.81101e-06
23.81 0.0135956 0.00563293 -0.00835317 -1.00555e-05 0.000490547 1.82806e-06
23.82 0.0139879 0.00562031 -0.00842282 -9.76692e-06 0.000495639 1.84373e-06
23.83 0.0143864 0.00560742 -0.00848836 -9.47649e-06 0.000500789 1.85798e-06
23.84 0.014791 0.00559429 -0.00854799 -9.18516e-06 0.000505997 1.87078e-06
23.85 0.0152014 0.00558096 -0.00860004 -8.89384e-06 0.000511268 1.8821e-06
23.86 0.0156175 0.00556746 -0.00864307 -8.60326e-06 0.000516602 1.89193e-06
23.87 0.0160391 0.00555381 -0.00867588 -8.31406e-06 0.000522002 1.90024e-06
23.88 0.0164658 0.00554003 -0.00869758 -8.0267e-06 0.000527469 1.90703e-06
23.89 0.0168976 0.00552616 -0.00870755 -7.74152e-06 0.000533006 1.91226e-06
23.9 0.0173342 0.0055122 -0.00870553 -7.4587e-06 0.000538613 1.91593e-06
23.91 0.0177754 0.00549817 -0.00869159 -7.17828e-06 0.000544293 1.91802e-06
23.92 0.0182209 0.00548407 -0.0086661 -6.90015e-06 0.000550046 1.91852e-06
23.93 0.0186706 0.00546991 -0.00862979 -6.62405e-06 0.000555873 1.91743e-06
23.94 0.0191242 0.00545568 -0.00858366 -6.34957e-06 0.000561774 1.91476e-06
23.95 0.0195815 0.00544139 -0.00852901 -6.07618e-06 0.000567751 1.9105e-06
23.96 0.0200423 0.00542701 -0.00846734 -5.80323e-06 0.000573803 1.90463e-06
23.97 0.0205064 0.00541254 -0.00840039 -5.52996e-06 0.000579931 1.89718e-06
23.98 0.0209735 0.00539797 -0.00833 -5.25556e-06 0.000586134 1.88814e-06
23.99 0.0214433 0.00538328 -0.00825814 -4.97917e-06 0.000592413 1.87753e-06
24 0.0219158 0.00536845 -0.00818681 -4.69996e-06 0.000598767 1.86536e-06
24.01 0.0223906 0.00535347 -0.00811799 -4.4171e-06 0.000605196 1.85163e-06
24.02 0.0228676 0.00533833 -0.0080536 -4.1299e-06 0.000611699 1.83634e-06
24.03 0.0233464 0.005323 -0.00799543 -3.83776e-06 0.000618277 1.81952e-06
24.04 0.023827 0.00530748 -0.00794511 -3.54025e-06 0.000624928 1.80119e-06
24.05 0.024309 0.00529175 -0.00790403 -3.23711e-06 0.000631652 1.78134e-06
24.06 0.0247923 0.00527582 -0.00787334 -2.9283e-06 0.000638449 1.76001e-06
24.07 0.0252766 0.00525969 -0.0078539 -2.6139e-06 0.000645319 1.7372e-06
24.08 0.0257618 0.00524334 -0.00784624 -2.29413e-06 0.00065226 1.71292e-06
24.09 0.0262476 0.0052268 -0.00785058 -1.96939e-06 0.000659273 1.68719e-06
24.1 0.0267338 0.00521008 -0.00786679 -1.64035e-06 0.000666358 1.66001e-06
24.11 0.0272203 0.00519318 -0.00789442 -1.30798e-06 0.000673514 1.63142e-06
24.12 0.0277068 0.00517614 -0.0079327 -9.73513e-07 0.00068074 1.60142e-06
24.13 0.0281931 0.00515897 -0.00798055 -6.38296e-07 0.000688037 1.57002e-06
24.14 0.0286791 0.00514171 -0.00803664 -3.03741e-07 0.000695404 1.53726e-06
24.15 0.0291645 0.00512438 -0.0080994 2.87428e-08 0.00070284 1.50313e-06
24.16 0.0296491 0.00510702 -0.00816707 3.57783e-07 0.000710345 1.46767e-06
24.17 0.0301329 0.00508966 -0.00823777 6.82069e-07 0.000717919 1.43088e-06
24.18 0.0306155 0.00507234 -0.00830952 1.00038e-06 0.00072556 1.39278e-06
24.19 0.0310968 0.00505508 -0.00838033 1.3116e-06 0.000733267 1.3534e-06
24.2 0.0315766 0.00503793 -0.00844823 1.61477e-06 0.00074104 1.31276e-06
24.21 0.0320548 0.00502091 -0.00851131 1.9091e-06 0.000748877 1.27088e-06
24.22 0.0325312 0.00500405 -0.00856785 2.194e-06 0.000756777 1.22778e-06
24.23 0.0330056 0.00498739 -0.00861625 2.46906e-06 0.000764736 1.1835e-06
24.24 0.0334778 0.00497093 -0.00865518 2.73413e-06 0.000772753 1.13806e-06
24.25 0.0339477 0.00495471 -0.00868357 2.98924e-06 0.000780825 1.0915e-06
24.26 0.0344151 0.00493873 -0.00870063 3.23466e-06 0.00078895 1.04384e-06
24.27 0.0348799 0.00492299 -0.00870589 3.47085e-06 0.000797122 9.95139e-07
24.28 0.0353419 0.00490752 -0.00869921 3.69848e-06 0.00080534 9.4542e-07
24.29 0.035801 0.0048923 -0.00868078 3.91842e-06 0.000813598 8.9473e-07
24.3 0.036257 0.00487734 -0.00865112 4.1317e-06 0.000821892 8.43111e-07
24.31 0.0367098 0.00486262 -0.00861107 4.3395e-06 0.000830216 7.90609e-07
24.32 0.0371592 0.00484813 -0.00856172 4.54311e-06 0.000838567 7.37273e-07
24.33 0.0376052 0.00483386 -0.00850447 4.7439e-06 0.000846937 6.83151e-07
24.34 0.0380476 0.00481979 -0.00844091 4.94326e-06 0.000855321 6.28294e-07
24.35 0.0384862 0.0048059 -0.00837279 5.14254e-06 0.000863714 5.7275e-07
24.36 0.038921 0.00479218 -0.00830203 5.34304e-06 0.000872108 5.16571e-07
24.37 0.0393519 0.0047786 -0.00823059 5.54592e-06 0.000880497 4.59809e-07
24.38 0.0397787 0.00476515 -0.00816046 5.75218e-06 0.000888874 4.02517e-07
24.39 0.0402013 0.00475181 -0.00809359 5.96262e-06 0.000897234 3.44748e-07
24.4 0.0406197 0.00473857 -0.00803184 6.17783e-06 0.000905569 2.86552e-07
24.41 0.0410337 0.00472541 -0.00797695 6.3981e-06 0.000913872 2.2798e-07
24.42 0.0414433 0.00471234 -0.00793043 6.62349e-06 0.000922137 1.6908e-07
24.43 0.0418483 0.00469934 -0.00789358 6.85377e-06 0.000930358 1.09905e-07
24.44 0.0422487 0.00468643 -0.00786744 7.08843e-06 0.000938527 5.05027e-08
24.45 0.0426443 0.00467359 -0.00785273 7.32672e-06 0.000946639 -9.07855e-09
24.46 0.0430352 0.00466085 -0.00784986 7.56763e-06 0.000954687 -6.87935e-08
24.47 0.0434213 0.00464823 -0.00785891 7.80994e-06 0.000962666 -1.28598e-07
24.48 0.0438023 0.00463573 -0.00787963 8.05223e-06 0.000970569 -1.88447e-07
24.49 0.0441784 0.00462337 -0.00791143 8.29296e-06 0.000978391 -2.48297e-07
24.5 0.0445494 0.0046112 -0.00795343 8.53045e-06 0.000986126 -3.08104e-07
24.51 0.0449152 0.00459923 -0.00800446 8.76296e-06 0.000993769 -3.67826e-07
24.52 0.0452758 0.00458749 -0.00806308 8.98876e-06 0.00100131 -4.27423e-07
24.53 0.045631 0.00457601 -0.00812766 9.2061e-06 0.00100876 -4.86853e-07
24.54 0.0459809 0.00456483 -0.00819641 9.41334e-06 0.0010161 -5.46076e-07
24.55 0.0463254 0.00455398 -0.00826739 9.60896e-06 0.00102332 -6.05049e-07
24.56 0.0466643 0.00454348 -0.00833863 9.79159e-06 0.00103043 -6.6373e-07
24.57 0.0469977 0.00453337 -0.00840815 9.96e-06 0.00103742 -7.22078e-07
24.58 0.0473254 0.00452367 -0.00847401 1.01131e-05 0.00104429 -7.80051e-07
24.59 0.0476474 0.00451439 -0.00853439 1.02501e-05 0.00105102 -8.37602e-07
24.6 0.0479636 0.00450556 -0.0085876 1.03705e-05 0.00105762 -8.94682e-07
24.61 0.048274 0.00449719 -0.00863217 1.04743e-05 0.00106409 -9.51243e-07
24.62 0.0485784 0.00448929 -0.00866687 1.05619e-05 0.00107041 -1.00724e-06
24.63 0.0488768 0.00448186 -0.00869073 1.06341e-05 0.00107659 -1.06263e-06
24.64 0.0491692 0.0044749 -0.00870311 1.06919e-05 0.00108262 -1.11738e-06
24.65 0.0494554 0.0044684 -0.00870365 1.07365e-05 0.00108849 -1.17142e-06
24.66 0.0497354 0.00446236 -0.00869235 1.07693e-05 0.00109421 -1.2247e-06
24.67 0.0500092 0.00445675 -0.00866954 1.07918e-05 0.00109976 -1.27717e-06
24.68 0.0502766 0.00445157 -0.00863585 1.08058e-05 0.00110514 -1.32877e-06
24.69 0.0505377 0.00444679 -0.00859221 1.08129e-05 0.00111036 -1.37947e-06
24.7 0.0507923 0.00444238 -0.00853986 1.08149e-05 0.00111539 -1.42921e-06
24.71 0.0510404 0.00443833 -0.00848023 1.08137e-05 0.00112025 -1.47793e-06
24.72 0.0512819 0.00443461 -0.00841501 1.08108e-05 0.00112493 -1.52559e-06
24.73 0.0515167 0.00443119 -0.00834599 1.08079e-05 0.00112941 -1.57213e-06
24.74 0.0517449 0.00442804 -0.0082751 1.08064e-05 0.00113371 -1.6175e-06
24.75 0.0519663 0.00442516 -0.00820432 1.08075e-05 0.00113781 -1.66167e-06
24.76 0.0521808 0.00442251 -0.00813561 1.08123e-05 0.00114171 -1.70458e-06
24.77 0.0523885 0.00442008 -0.00807088 1.08216e-05 0.00114542 -1.74621e-06
24.78 0.0525892 0.00441786 -0.00801195 1.08359e-05 0.00114891 -1.78649e-06
24.79 0.0527829 0.00441584 -0.00796045 1.08555e-05 0.00115221 -1.8254e-06
24.8 0.0529695 0.00441401 -0.00791782 1.08803e-05 0.00115529 -1.8629e-06
24.81 0.053149 0.00441238 -0.00788525 1.09099e-05 0.00115817 -1.89896e-06
24.82 0.0533213 0.00441094 -0.00786363 1.09435e-05 0.00116084 -1.93356e-06
24.83 0.0534864 0.00440971 -0.00785359 1.09802e-05 0.00116329 -1.96666e-06
24.84 0.0536441 0.0044087 -0.00785538 1.10186e-05 0.00116554 -1.99823e-06
24.85 0.0537944 0.00440792 -0.00786897 1.10573e-05 0.00116757 -2.02826e-06
24.86 0.0539372 0.0044074 -0.00789397 1.10946e-05 0.00116939 -2.05672e-06
24.87 0.0540725 0.00440715 -0.00792967 1.11286e-05 0.00117101 -2.08361e-06
24.88 0.0542003 0.0044072 -0.00797509 1.11576e-05 0.00117241 -2.10889e-06
24.89 0.0543203 0.00440758 -0.00802895 1.11794e-05 0.00117361 -2.13256e-06
24.9 0.0544326 0.00440832 -0.00808973 1.11923e-05 0.00117461 -2.1546e-06
24.91 0.0545371 0.00440942 -0.00815576 1.11946e-05 0.0011754 -2.17499e-06
24.92 0.0546337 0.00441093 -0.00822517 1.11844e-05 0.001176 -2.19374e-06
24.93 0.0547224 0.00441286 -0.00829604 1.11605e-05 0.0011764 -2.21082e-06
24.94 0.054803 0.00441523 -0.00836639 1.11216e-05 0.0011766 -2.22624e-06
24.95 0.0548756 0.00441805 -0.00843426 1.10668e-05 0.00117662 -2.23997e-06
24.96 0.0549399 0.00442135 -0.00849775 1.09953e-05 0.00117645 -2.252e-06
24.97 0.054996 0.00442511 -0.00855511 1.09068e-05 0.0011761 -2.26233e-06
24.98 0.0550438 0.00442935 -0.00860474 1.08012e-05 0.00117557 -2.27096e-06
24.99 0.0550832 0.00443407 -0.00864526 1.06789e-05 0.00117487 -2.27787e-06
25 0.0551142 0.00443925 -0.00867555 1.05402e-05 0.00117399 -2.28305e-06
25.01 0.0551366 0.00444489 -0.00869477 1.03861e-05 0.00117295 -2.28649e-06
25.02 0.0551505 0.00445096 -0.0087024 1.02177e-05 0.00117174 -2.28817e-06
25.03 0.0551558 0.00445746 -0.00869822 1.00364e-05 0.00117037 -2.2881e-06
25.04 0.0551524 0.00446434 -0.00868235 9.84356e-06 0.00116885 -2.28626e-06
25.05 0.0551402 0.0044716 -0.00865525 9.64109e-06 0.00116717 -2.28265e-06
25.06 0.0551193 0.00447919 -0.00861766 9.43078e-06 0.00116534 -2.27726e-06
25.07 0.0550896 0.00448709 -0.00857064 9.21438e-06 0.00116336 -2.27008e-06
25.08 0.055051 0.00449526 -0.00851549 8.99347e-06 0.00116124 -2.26111e-06
25.09 0.0550035 0.00450368 -0.00845374 8.76953e-06 0.00115898 -2.25034e-06
25.1 0.0549471 0.00451231 -0.00838712 8.54418e-06 0.00115657 -2.23775e-06
25.11 0.0548817 0.00452112 -0.00831748 8.31922e-06 0.00115404 -2.22336e-06
25.12 0.0548074 0.00453009 -0.00824675 8.09651e-06 0.00115136 -2.20716e-06
25.13 0.0547241 0.0045392 -0.00817691 7.87776e-06 0.00114856 -2.18917e-06
25.14 0.0546318 0.00454841 -0.00810989 7.66436e-06 0.00114563 -2.1694e-06
25.15 0.0545305 0.00455773 -0.00804756 7.45734e-06 0.00114258 -2.14787e-06
25.16 0.0544202 0.00456712 -0.00799165 7.25729e-06 0.0011394 -2.12458e-06
25.17 0.0543008 0.0045766 -0.00794373 7.06445e-06 0.00113611 -2.09954e-06
25.18 0.0541725 0.00458615 -0.00790513 6.87868e-06 0.0011327 -2.07276e-06
25.19 0.0540352 0.00459578 -0.00787692 6.69951e-06 0.00112917 -2.04428e-06
25.2 0.0538888 0.0046055 -0.00785989 6.52616e-06 0.00112554 -2.01414e-06
25.21 0.0537335 0.0046153 -0.00785451 6.35758e-06 0.00112181 -1.98234e-06
25.22 0.0535692 0.00462521 -0.00786093 6.1925e-06 0.00111797 -1.94891e-06
25.23 0.053396 0.00463524 -0.00787896 6.02946e-06 0.00111404 -1.91388e-06
25.24 0.0532139 0.00464541 -0.0079081 5.86689e-06 0.00111001 -1.87729e-06
25.25 0.0530229 0.00465574 -0.00794754 5.70318e-06 0.00110589 -1.83918e-06
25.26 0.0528231 0.00466624 -0.00799617 5.53673e-06 0.00110168 -1.79958e-06
25.27 0.0526144 0.00467695 -0.00805262 5.366e-06 0.0010974 -1.75854e-06
25.28 0.052397 0.00468786 -0.00811532 5.18956e-06 0.00109303 -1.71608e-06
25.29 0.0521709 0.00469901 -0.00818253 5.00605e-06 0.00108859 -1.67225e-06
25.3 0.0519362 0.0047104 -0.00825235 4.81429e-06 0.00108408 -1.62708e-06
25.31 0.0516928 0.00472205 -0.00832285 4.61323e-06 0.0010795 -1.58064e-06
25.32 0.051441 0.00473396 -0.00839206 4.40199e-06 0.00107486 -1.53295e-06
25.33 0.0511806 0.00474613 -0.00845804 4.17992e-06 0.00107016 -1.48406e-06
25.34 0.050912 0.00475858 -0.00851898 3.94655e-06 0.00106541 -1.434e-06
25.35 0.050635 0.00477127 -0.00857316 3.70168e-06 0.0010606 -1.38281e-06
25.36 0.0503498 0.00478422 -0.00861909 3.44532e-06 0.00105574 -1.33054e-06
25.37 0.0500565 0.0047974 -0.0086555 3.17777e-06 0.00105083 -1.27722e-06
25.38 0.0497553 0.00481079 -0.00868137 2.89957e-06 0.00104588 -1.2229e-06
25.39 0.0494461 0.00482438 -0.00869599 2.6115e-06 0.00104088 -1.16762e-06
25.4 0.0491292 0.00483812 -0.00869895 2.31457e-06 0.00103584 -1.11139e-06
25.41 0.0488047 0.00485201 -0.00869019 2.01e-06 0.00103076 -1.05428e-06
25.42 0.0484727 0.00486599 -0.00866995 1.69914e-06 0.00102564 -9.96306e-07
25.43 0.0481332 0.00488005 -0.0086388 1.38348e-06 0.00102048 -9.37528e-07
25.44 0.0477866 0.00489414 -0.0085976 1.06457e-06 0.00101529 -8.77979e-07
25.45 0.0474329 0.00490823 -0.0085475 7.43986e-07 0.00101005 -8.17694e-07
25.46 0.0470723 0.00492229 -0.0084899 4.23249e-07 0.00100477 -7.56709e-07
25.47 0.0467049 0.0049363 -0.0084264 1.03815e-07 0.000999454 -6.95068e-07
25.48 0.0463309 0.00495021 -0.00835876 -2.12989e-07 0.000994096 -6.3282e-07
25.49 0.0459505 0.00496401 -0.00828888 -5.25992e-07 0.000988696 -5.7001e-07
25.5 0.0455639 0.00497767 -0.00821869 -8.34212e-07 0.000983254 -5.06683e-07
25.51 0.0451712 0.00499118 -0.00815015 -1.13687e-06 0.000977767 -4.42878e-07
25.52 0.0447726 0.00500451 -0.00808516 -1.4334e-06 0.000972236 -3.78641e-07
25.53 0.0443684 0.00501767 -0.00802553 -1.72348e-06 0.000966658 -3.14024e-07
25.54 0.0439586 0.00503064 -0.00797294 -2.00696e-06 0.000961033 -2.49084e-07
25.55 0.0435435 0.00504342 -0.00792883 -2.2839e-06 0.000955359 -1.83875e-07
25.56 0.0431233 0.00505602 -0.00789445 -2.55459e-06 0.000949635 -1.1845e-07
25.57 0.0426981 0.00506844 -0.00787074 -2.81965e-06 0.00094386 -5.28592e-08
25.58 0.0422683 0.0050807 -0.00785837 -3.08007e-06 0.000938034 1.28424e-08
25.59 0.0418339 0.0050928 -0.00785769 -3.33704e-06 0.000932155 7.86011e-08
25.6 0.0413952 0.00510475 -0.0078687 -3.5916e-06 0.000926224 1.44364e-07
25.61 0.0409523 0.00511658 -0.00789111 -3.84448e-06 0.000920239 2.10077e-07
25.62 0.0405055 0.00512829 -0.00792427 -4.09623e-06 0.0009142 2.75679e-07
25.63 0.040055 0.0051399 -0.00796727 -4.34729e-06 0.000908107 3.41101e-07
25.64 0.039601 0.00515144 -0.0080189 -4.59816e-06 0.00090196 4.0628e-07
25.65 0.0391437 0.0051629 -0.00807772 -4.84936e-06 0.000895759 4.71158e-07
25.66 0.0386833 0.0051743 -0.00814208 -5.10147e-06 0.000889505 5.35689e-07
25.67 0.03822 0.00518566 -0.00821019 -5.35501e-06 0.000883197 5.99825e-07
25.68 0.037754 0.00519696 -0.00828014 -5.61044e-06 0.000876836 6.6351e-07
25.69 0.0372856 0.00520822 -0.00834999 -5.86808e-06 0.000870423 7.26684e-07
25.7 0.0368149 0.00521942 -0.0084178 -6.12813e-06 0.000863958 7.89292e-07
25.71 0.0363421 0.00523057 -0.00848166 -6.39063e-06 0.000857441 8.51285e-07
25.72 0.0358676 0.00524165 -0.00853981 -6.65544e-06 0.000850874 9.12625e-07
25.73 0.0353914 0.00525264 -0.00859064 -6.92225e-06 0.000844256 9.73271e-07
25.74 0.0349138 0.00526353 -0.00863272 -7.19058e-06 0.000837589 1.03318e-06
25.75 0.034435 0.00527429 -0.0086649 -7.45971e-06 0.000830872 1.09229e-06
25.76 0.0339553 0.0052849 -0.00868629 -7.72879e-06 0.000824106 1.15056e-06
25.77 0.0334748 0.00529532 -0.00869629 -7.99679e-06 0.000817292 1.20796e-06
25.78 0.0329937 0.00530554 -0.00869463 -8.26258e-06 0.000810429 1.26445e-06
25.79 0.0325123 0.00531551 -0.00868137 -8.525e-06 0.000803517 1.32e-06
25.8 0.0320308 0.00532521 -0.00865688 -8.78288e-06 0.000796557 1.37456e-06
25.81 0.0315494 0.00533461 -0.00862184 -9.03512e-06 0.000789549 1.4281e-06
25.82 0.0310684 0.00534367 -0.00857722 -9.28074e-06 0.000782493 1.48056e-06
25.83 0.0305878 0.00535237 -0.00852428 -9.51888e-06 0.000775388 1.53193e-06
25.84 0.0301079 0.00536069 -0.00846448 -9.74886e-06 0.000768234 1.58217e-06
25.85 0.029629 0.00536861 -0.00839949 -9.97015e-06 0.000761032 1.63126e-06
25.86 0.0291512 0.0053761 -0.00833112 -1.01824e-05 0.000753782 1.67914e-06
25.87 0.0286747 0.00538315 -0.00826126 -1.03856e-05 0.000746484 1.72578e-06
25.88 0.0281997 0.00538975 -0.00819187 -1.05796e-05 0.000739138 1.77115e-06
25.89 0.0277264 0.0053959 -0.00812487 -1.07646e-05 0.000731744 1.81521e-06
25.9 0.027255 0.00540159 -0.00806213 -1.09411e-05 0.000724305 1.85793e-06
25.91 0.0267856 0.00540684 -0.0080054 -1.11095e-05 0.00071682 1.89928e-06
25.92 0.0263185 0.00541163 -0.00795625 -1.12704e-05 0.000709291 1.93923e-06
25.93 0.0258538 0.00541599 -0.00791606 -1.14245e-05 0.00070172 1.97772e-06
25.94 0.0253917 0.00541993 -0.00788594 -1.15726e-05 0.000694108 2.01472e-06
25.95 0.0249322 0.00542346 -0.00786674 -1.17156e-05 0.000686459 2.05022e-06
25.96 0.0244757 0.00542661 -0.00785898 -1.18544e-05 0.000678773 2.08417e-06
25.97 0.0240222 0.00542938 -0.00786288 -1.19898e-05 0.000671056 2.11655e-06
25.98 0.0235719 0.00543181 -0.00787834 -1.2123e-05 0.000663309 2.14731e-06
25.99 0.023125 0.0054339 -0.0079049 -1.22545e-05 0.000655536 2.17644e-06
26 0.0226815 0.00543568 -0.00794184 -1.23854e-05 0.000647742 2.20389e-06
26.01 0.0222416 0.00543716 -0.00798811 -1.25162e-05 0.000639931 2.22966e-06
26.02 0.0218055 0.00543835 -0.00804243 -1.26475e-05 0.000632106 2.25373e-06
26.03 0.0213732 0.00543927 -0.00810326 -1.27797e-05 0.000624274 2.27606e-06
26.04 0.0209449 0.00543992 -0.00816892 -1.29129e-05 0.000616439 2.29664e-06
26.05 0.0205207 0.00544031 -0.00823757 -1.30471e-05 0.000608606 2.31544e-06
26.06 0.0201008 0.00544043 -0.00830729 -1.31821e-05 0.000600781 2.33246e-06
26.07 0.0196852 0.00544029 -0.00837614 -1.33176e-05 0.00059297 2.34769e-06
26.08 0.019274 0.00543987 -0.00844219 -1.34532e-05 0.000585178 2.36113e-06
26.09 0.0188675 0.00543915 -0.00850362 -1.35886e-05 0.00057741 2.37276e-06
26.1 0.0184656 0.00543813 -0.00855871 -1.37229e-05 0.000569673 2.38259e-06
26.11 0.0180685 0.00543678 -0.00860594 -1.38549e-05 0.000561973 2.39062e-06
26.12 0.0176763 0.00543509 -0.00864399 -1.39831e-05 0.000554314 2.39686e-06
26.13 0.0172891 0.00543302 -0.0086718 -1.41059e-05 0.000546703 2.40129e-06
26.14 0.0169069 0.00543055 -0.00868861 -1.42218e-05 0.000539145 2.40391e-06
26.15 0.01653 0.00542766 -0.00869396 -1.43293e-05 0.000531646 2.40474e-06
26.16 0.0161583 0.00542431 -0.00868769 -1.44271e-05 0.00052421 2.4038e-06
26.17 0.015792 0.00542049 -0.00867 -1.45141e-05 0.000516844 2.40108e-06
26.18 0.0154312 0.00541616 -0.00864137 -1.45892e-05 0.00050955 2.39662e-06
26.19 0.0150758 0.00541131 -0.00860259 -1.46518e-05 0.000502335 2.3904e-06
26.2 0.0147262 0.00540592 -0.00855477 -1.47012e-05 0.000495204 2.38245e-06
26.21 0.0143822 0.00539997 -0.00849921 -1.47372e-05 0.000488159 2.37278e-06
26.22 0.014044 0.00539345 -0.00843747 -1.47595e-05 0.000481206 2.3614e-06
26.23 0.0137117 0.00538635 -0.00837126 -1.47684e-05 0.000474349 2.34834e-06
26.24 0.0133852 0.00537866 -0.00830243 -1.4764e-05 0.000467592 2.3336e-06
26.25 0.0130648 0.0053704 -0.0082329 -1.47469e-05 0.000460939 2.3172e-06
26.26 0.0127505 0.00536157 -0.00816458 -1.47177e-05 0.000454395 2.29914e-06
26.27 0.0124422 0.00535216 -0.00809939 -1.46771e-05 0.000447962 2.27944e-06
26.28 0.0121402 0.00534221 -0.00803914 -1.4626e-05 0.000441645 2.25813e-06
26.29 0.0118444 0.00533172 -0.00798551 -1.45655e-05 0.000435448 2.23521e-06
26.3 0.0115548 0.00532072 -0.00793999 -1.44968e-05 0.000429375 2.21069e-06
26.31 0.0112717 0.00530923 -0.00790385 -1.4421e-05 0.000423431 2.1846e-06
26.32 0.0109949 0.00529727 -0.00787809 -1.43395e-05 0.000417618 2.15694e-06
26.33 0.0107246 0.00528487 -0.00786343 -1.42535e-05 0.000411942 2.12773e-06
26.34 0.0104608 0.00527206 -0.00786028 -1.41644e-05 0.000406406 2.097e-06
26.35 0.0102035 0.00525885 -0.00786872 -1.40734e-05 0.000401014 2.06477e-06
26.36 0.00995282 0.00524529 -0.00788851 -1.39816e-05 0.000395772 2.03106e-06
26.37 0.00970878 0.00523138 -0.0079191 -1.389e-05 0.000390683 1.99588e-06
26.38 0.00947143 0.00521714 -0.00795964 -1.37994e-05 0.000385751 1.95927e-06
26.39 0.00924081 0.0052026 -0.00800898 -1.37105e-05 0.000380981 1.92125e-06
26.4 0.00901697 0.00518777 -0.00806574 -1.36234e-05 0.000376378 1.88186e-06
26.41 0.00879996 0.00517266 -0.00812835 -1.35383e-05 0.000371944 1.84113e-06
26.42 0.00858982 0.00515727 -0.00819504 -1.34551e-05 0.000367685 1.79909e-06
26.43 0.0083866 0.0051416 -0.00826396 -1.33733e-05 0.000363604 1.75577e-06
26.44 0.00819035 0.00512566 -0.00833319 -1.32923e-05 0.000359704 1.71121e-06
26.45 0.00800112 0.00510944 -0.0084008 -1.32113e-05 0.000355991 1.66546e-06
26.46 0.00781896 0.00509291 -0.0084649 -1.31293e-05 0.000352466 1.61856e-06
26.47 0.00764391 0.00507609 -0.00852371 -1.30453e-05 0.000349133 1.57056e-06
26.48 0.00747604 0.00505894 -0.00857559 -1.29579e-05 0.000345995 1.52149e-06
26.49 0.00731539 0.00504145 -0.00861911 -1.2866e-05 0.000343055 1.4714e-06
26.5 0.00716202 0.0050236 -0.00865306 -1.27682e-05 0.000340314 1.42035e-06
26.51 0.00701597 0.00500537 -0.0086765 -1.26634e-05 0.000337774 1.36839e-06
26.52 0.0068773 0.00498674 -0.00868878 -1.25504e-05 0.000335436 1.31557e-06
26.53 0.00674607 0.00496769 -0.00868957 -1.24279e-05 0.000333302 1.26194e-06
26.54 0.00662231 0.00494821 -0.00867884 -1.22952e-05 0.000331371 1.20754e-06
26.55 0.0065061 0.00492827 -0.00865691 -1.21513e-05 0.000329645 1.15244e-06
26.56 0.00639747 0.00490788 -0.00862438 -1.19956e-05 0.000328122 1.09667e-06
26.57 0.00629648 0.00488701 -0.00858216 -1.18277e-05 0.000326802 1.0403e-06
26.58 0.00620318 0.00486566 -0.00853144 -1.16477e-05 0.000325684 9.83363e-07
26.59 0.00611762 0.00484383 -0.00847361 -1.14558e-05 0.000324767 9.25924e-07
26.6 0.00603985 0.00482153 -0.00841029 -1.12524e-05 0.000324048 8.68029e-07
26.61 0.0059699 0.00479876 -0.00834324 -1.10379e-05 0.000323526 8.09725e-07
26.62 0.00590783 0.00477553 -0.00827434 -1.08126e-05 0.000323198 7.51055e-07
26.63 0.00585369 0.00475187 -0.00820548 -1.05772e-05 0.000323063 6.92058e-07
26.64 0.0058075 0.00472778 -0.0081386 -1.03326e-05 0.000323117 6.32776e-07
26.65 0.00576932 0.00470329 -0.00807556 -1.00798e-05 0.000323358 5.7325e-07
26.66 0.00573919 0.00467843 -0.00801811 -9.81994e-06 0.000323782 5.13529e-07
26.67 0.00571713 0.00465323 -0.00796784 -9.5545e-06 0.000324388 4.53656e-07
26.68 0.0057032 0.00462771 -0.00792617 -9.28488e-06 0.000325171 3.93673e-07
26.69 0.00569742 0.00460191 -0.00789425 -9.01255e-06 0.000326129 3.33617e-07
26.7 0.00569982 0.00457586 -0.00787298 -8.73897e-06 0.000327259 2.73525e-07
26.71 0.00571045 0.00454959 -0.00786294 -8.4655e-06 0.000328558 2.13441e-07
26.72 0.00572933 0.00452313 -0.00786442 -8.1934e-06 0.000330022 1.53409e-07
26.73 0.00575649 0.0044965 -0.00787737 -7.92378e-06 0.00033165 9.34749e-08
26.74 0.00579196 0.00446974 -0.00790142 -7.65753e-06 0.000333438 3.36789e-08
26.75 0.00583577 0.00444285 -0.00793592 -7.39534e-06 0.000335384 -2.59395e-08
26.76 0.00588794 0.00441587 -0.00797988 -7.1376e-06 0.000337484 -8.53389e-08
26.77 0.0059485 0.0043888 -0.00803208 -6.88448e-06 0.000339737 -1.44474e-07
26.78 0.00601746 0.00436166 -0.00809107 -6.63586e-06 0.000342139 -2.03295e-07
26.79 0.00609486 0.00433445 -0.00815519 -6.3914e-06 0.000344688 -2.61756e-07
26.8 0.00618069 0.00430718 -0.00822265 -6.15057e-06 0.000347381 -3.19811e-07
26.81 0.00627499 0.00427983 -0.00829158 -5.91262e-06 0.000350217 -3.77417e-07
26.82 0.00637776 0.00425241 -0.00836006 -5.67668e-06 0.000353191 -4.34526e-07
26.83 0.00648901 0.00422491 -0.00842617 -5.44175e-06 0.000356302 -4.91087e-07
26.84 0.00660876 0.00419732 -0.00848807 -5.20674e-06 0.000359548 -5.47048e-07
26.85 0.00673699 0.00416962 -0.00854406 -4.97053e-06 0.000362924 -6.02358e-07
26.86 0.00687373 0.00414179 -0.00859256 -4.73195e-06 0.000366429 -6.56972e-07
26.87 0.00701895 0.00411384 -0.00863224 -4.48986e-06 0.000370059 -7.10842e-07
26.88 0.00717265 0.00408572 -0.008662 -4.24318e-06 0.000373811 -7.63923e-07
26.89 0.00733483 0.00405745 -0.00868102 -3.99088e-06 0.000377682 -8.16163e-07
26.9 0.00750546 0.00402899 -0.00868877 -3.73206e-06 0.000381669 -8.67515e-07
26.91 0.00768453 0.00400034 -0.00868505 -3.46596e-06 0.000385767 -9.17935e-07
26.92 0.007872 0.0039715 -0.00866996 -3.192e-06 0.000389973 -9.67384e-07
26.93 0.00806785 0.00394245 -0.00864392 -2.90978e-06 0.000394283 -1.01582e-06
26.94 0.00827205 0.0039132 -0.00860767 -2.61913e-06 0.000398693 -1.06321e-06
26.95 0.00848455 0.00388374 -0.00856221 -2.32011e-06 0.000403198 -1.10952e-06
26.96 0.00870531 0.00385409 -0.00850882 -2.01301e-06 0.000407795 -1.1547e-06
26.97 0.00893427 0.00382426 -0.00844898 -1.69838e-06 0.00041248 -1.19873e-06
26.98 0.00917139 0.00379426 -0.00838435 -1.37696e-06 0.000417246 -1.24158e-06
26.99 0.00941659 0.00376411 -0.00831674 -1.04973e-06 0.000422092 -1.28323e-06
27 0.00966982 0.00373384 -0.00824803 -7.17834e-07 0.000427011 -1.32365e-06
27.01 0.00993099 0.00370346 -0.00818012 -3.82579e-07 0.000432001 -1.36281e-06
27.02 0.0102 0.00367302 -0.00811491 -4.53714e-08 0.000437056 -1.40069e-06
27.03 0.0104769 0.00364253 -0.00805422 2.92314e-07 0.000442174 -1.43727e-06
27.04 0.0107614 0.00361204 -0.00799974 6.28982e-07 0.00044735 -1.47255e-06
27.05 0.0110536 0.00358157 -0.00795298 9.63173e-07 0.000452581 -1.5065e-06
27.06 0.0113532 0.00355116 -0.00791525 1.29347e-06 0.000457864 -1.53911e-06
27.07 0.0116603 0.00352084 -0.0078876 1.61847e-06 0.000463195 -1.57036e-06
27.08 0.0119747 0.00349064 -0.0078708 1.93678e-06 0.000468573 -1.60024e-06
27.09 0.0122963 0.00346058 -0.00786532 2.24714e-06 0.000473995 -1.62873e-06
27.1 0.0126249 0.0034307 -0.00787131 2.54865e-06 0.000479458 -1.65582e-06
27.11 0.0129606 0.00340101 -0.0078886 2.84081e-06 0.000484961 -1.68149e-06
27.12 0.013303 0.00337153 -0.00791671 3.12352e-06 0.000490503 -1.70574e-06
27.13 0.0136522 0.00334228 -0.00795484 3.39695e-06 0.000496082 -1.72856e-06
27.14 0.0140079 0.00331327 -0.00800194 3.66148e-06 0.000501698 -1.74995e-06
27.15 0.0143701 0.0032845 -0.00805668 3.91764e-06 0.000507349 -1.76988e-06
27.16 0.0147386 0.00325597 -0.00811754 4.16611e-06 0.000513036 -1.78834e-06
27.17 0.0151132 0.00322768 -0.00818282 4.40771e-06 0.000518758 -1.80532e-06
27.18 0.0154938 0.00319963 -0.00825069 4.64341e-06 0.000524516 -1.8208e-06
27.19 0.0158803 0.00317181 -0.00831926 4.87426e-06 0.000530309 -1.83479e-06
27.2 0.0162725 0.0031442 -0.00838662 5.10143e-06 0.000536138 -1.84727e-06
27.21 0.0166701 0.00311679 -0.0084509 5.3261e-06 0.000542003 -1.85822e-06
27.22 0.0170732 0.00308956 -0.0085103 5.54948e-06 0.000547905 -1.86765e-06
27.23 0.0174814 0.00306251 -0.00856319 5.77277e-06 0.000553845 -1.87553e-06
27.24 0.0178947 0.00303561 -0.00860808 5.99711e-06 0.000559822 -1.88187e-06
27.25 0.0183127 0.00300884 -0.00864373 6.22358e-06 0.000565837 -1.88666e-06
27.26 0.0187354 0.00298221 -0.00866916 6.45313e-06 0.00057189 -1.8899e-06
27.27 0.0191626 0.00295569 -0.00868366 6.6866e-06 0.000577982 -1.89158e-06
27.28 0.0195941 0.00292928 -0.00868685 6.92464e-06 0.000584113 -1.89172e-06
27.29 0.0200296 0.00290296 -0.00867862 7.16767e-06 0.000590283 -1.89031e-06
27.3 0.0204691 0.00287675 -0.00865922 7.41588e-06 0.000596492 -1.88735e-06
27.31 0.0209122 0.00285064 -0.00862919 7.66921e-06 0.000602738 -1.88287e-06
27.32 0.0213588 0.00282464 -0.00858936 7.92731e-06 0.000609023 -1.87687e-06
27.33 0.0218087 0.00279876 -0.00854086 8.18956e-06 0.000615345 -1.86937e-06
27.34 0.0222616 0.00277301 -0.00848502 8.45512e-06 0.000621704 -1.86037e-06
27.35 0.0227174 0.00274741 -0.0084234 8.72291e-06 0.000628099 -1.8499e-06
27.36 0.0231759 0.00272199 -0.00835772 8.99166e-06 0.000634529 -1.83798e-06
27.37 0.0236369 0.00269676 -0.0082898 9.25997e-06 0.000640993 -1.82464e-06
27.38 0.0241001 0.00267176 -0.00822154 9.52632e-06 0.000647491 -1.8099e-06
27.39 0.0245653 0.00264701 -0.00815483 9.78915e-06 0.000654021 -1.79379e-06
27.4 0.0250323 0.00262255 -0.00809153 1.00469e-05 0.000660583 -1.77633e-06
27.41 0.025501 0.0025984 -0.00803341 1.0298e-05 0.000667176 -1.75755e-06
27.42 0.0259711 0.00257459 -0.00798207 1.05409e-05 0.000673799 -1.73748e-06
27.43 0.0264423 0.00255116 -0.00793896 1.07744e-05 0.000680451 -1.71615e-06
27.44 0.0269145 0.00252813 -0.00790528 1.09971e-05 0.000687133 -1.69361e-06
27.45 0.0273876 0.00250552 -0.00788195 1.12081e-05 0.000693842 -1.66987e-06
27.46 0.0278611 0.00248336 -0.00786964 1.14065e-05 0.00070058 -1.64497e-06
27.47 0.0283351 0.00246166 -0.00786868 1.15916e-05 0.000707345 -1.61894e-06
27.48 0.0288092 0.00244045 -0.0078791 1.17631e-05 0.000714138 -1.59181e-06
27.49 0.0292832 0.00241972 -0.00790061 1.19207e-05 0.000720958 -1.56362e-06
27.5 0.029757 0.00239948 -0.00793259 1.20645e-05 0.000727806 -1.53439e-06
27.51 0.0302304 0.00237975 -0.00797417 1.2195e-05 0.000734682 -1.50415e-06
27.52 0.0307031 0.00236051 -0.00802417 1.23125e-05 0.000741585 -1.47294e-06
27.53 0.031175 0.00234175 -0.00808119 1.2418e-05 0.000748516 -1.44077e-06
27.54 0.0316458 0.00232347 -0.00814365 1.25125e-05 0.000755475 -1.40769e-06
27.55 0.0321154 0.00230566 -0.0082098 1.25971e-05 0.000762463 -1.37372e-06
27.56 0.0325835 0.00228829 -0.00827779 1.26732e-05 0.000769479 -1.33889e-06
27.57 0.0330501 0.00227135 -0.00834573 1.2742e-05 0.000776523 -1.30322e-06
27.58 0.0335148 0.00225482 -0.00841173 1.28049e-05 0.000783595 -1.26676e-06
27.59 0.0339776 0.00223867 -0.00847394 1.28628e-05 0.000790696 -1.22951e-06
27.6 0.0344381 0.00222289 -0.00853065 1.29172e-05 0.000797824 -1.19151e-06
27.61 0.0348964 0.00220746 -0.00858026 1.29694e-05 0.000804979 -1.15279e-06
27.62 0.0353521 0.00219236 -0.00862142 1.3021e-05 0.00081216 -1.11338e-06
27.63 0.0358051 0.00217756 -0.00865297 1.30735e-05 0.000819365 -1.07332e-06
27.64 0.0362552 0.00216306 -0.00867405 1.31279e-05 0.000826594 -1.03265e-06
27.65 0.0367023 0.00214885 -0.00868407 1.31852e-05 0.000833844 -9.91407e-07
27.66 0.0371461 0.00213492 -0.00868276 1.32457e-05 0.000841114 -9.49618e-07
27.67 0.0375866 0.00212126 -0.00867016 1.33098e-05 0.0008484 -9.07317e-07
27.68 0.0380236 0.00210789 -0.00864664 1.33774e-05 0.0008557 -8.64545e-07
27.69 0.0384569 0.00209479 -0.00861283 1.34479e-05 0.00086301 -8.2135e-07
27.7 0.0388863 0.00208198 -0.0085697 1.35207e-05 0.000870328 -7.77779e-07
27.71 0.0393117 0.00206948 -0.00851843 1.35951e-05 0.00087765 -7.33872e-07
27.72 0.039733 0.0020573 -0.00846047 1.36697e-05 0.000884971 -6.89669e-07
27.73 0.0401501 0.00204545 -0.00839741 1.37435e-05 0.000892288 -6.45211e-07
27.74 0.0405628 0.00203396 -0.00833103 1.38149e-05 0.000899596 -6.00549e-07
27.75 0.0409709 0.00202286 -0.00826315 1.38826e-05 0.00090689 -5.55736e-07
27.76 0.0413743 0.00201216 -0.00819569 1.39452e-05 0.000914166 -5.10824e-07
27.77 0.041773 0.00200188 -0.0081305 1.40013e-05 0.000921419 -4.65856e-07
27.78 0.0421668 0.00199207 -0.00806942 1.40494e-05 0.000928644 -4.20876e-07
27.79 0.0425556 0.00198272 -0.00801413 1.40884e-05 0.000935836 -3.75929e-07
27.8 0.0429393 0.00197388 -0.00796619 1.41171e-05 0.000942991 -3.31066e-07
27.81 0.0433177 0.00196555 -0.00792692 1.41345e-05 0.000950103 -2.86338e-07
27.82 0.0436909 0.00195775 -0.00789743 1.41397e-05 0.000957168 -2.41791e-07
27.83 0.0440586 0.00195049 -0.00787853 1.4132e-05 0.000964181 -1.97464e-07
27.84 0.0444208 0.00194379 -0.00787076 1.41109e-05 0.000971138 -1.53393e-07
27.85 0.0447774 0.00193764 -0.00787432 1.40762e-05 0.000978034 -1.09617e-07
27.86 0.0451283 0.00193204 -0.00788912 1.40277e-05 0.000984864 -6.61799e-08
27.87 0.0454734 0.001927 -0.00791473 1.39657e-05 0.000991625 -2.31222e-08
27.88 0.0458127 0.00192249 -0.00795046 1.38907e-05 0.000998312 1.95211e-08
27.89 0.046146 0.00191852 -0.00799529 1.38033e-05 0.00100492 6.17212e-08
27.9 0.0464734 0.00191505 -0.00804797 1.37044e-05 0.00101145 1.0345e-07
27.91 0.0467946 0.00191208 -0.00810704 1.35951e-05 0.00101789 1.44676e-07
27.92 0.0471097 0.00190958 -0.00817084 1.34766e-05 0.00102425 1.85366e-07
27.93 0.0474185 0.00190753 -0.00823759 1.33503e-05 0.00103051 2.25486e-07
27.94 0.0477211 0.00190589 -0.00830543 1.32176e-05 0.00103667 2.65012e-07
27.95 0.0480173 0.00190465 -0.00837247 1.308e-05 0.00104274 3.03922e-07
27.96 0.0483071 0.00190378 -0.00843685 1.29388e-05 0.0010487 3.42193e-07
27.97 0.0485904 0.00190324 -0.00849677 1.27954e-05 0.00105456 3.79798e-07
27.98 0.0488671 0.00190303 -0.00855057 1.26511e-05 0.00106031 4.16709e-07
27.99 0.0491372 0.00190312 -0.00859675 1.25069e-05 0.00106594 4.52898e-07
28 0.0494006 0.00190348 -0.00863405 1.23637e-05 0.00107145 4.88343e-07
28.01 0.0496574 0.0019041 -0.00866141 1.22222e-05 0.00107685 5.23024e-07
28.02 0.0499073 0.00190498 -0.0086781 1.20829e-05 0.00108212 5.56918e-07
28.03 0.0501504 0.00190609 -0.00868364 1.1946e-05 0.00108726 5.89997e-07
28.04 0.0503867 0.00190744 -0.00867789 1.18116e-05 0.00109227 6.22233e-07
28.05 0.050616 0.00190903 -0.00866103 1.16795e-05 0.00109715 6.53598e-07
28.06 0.0508384 0.00191085 -0.00863351 1.15493e-05 0.00110188 6.84066e-07
28.07 0.0510537 0.00191292 -0.00859611 1.14203e-05 0.00110647 7.13615e-07
28.08 0.051262 0.00191524 -0.00854987 1.12915e-05 0.00111091 7.42219e-07
28.09 0.0514632 0.00191783 -0.00849608 1.11614e-05 0.0011152 7.69855e-07
28.1 0.0516572 0.00192069 -0.00843625 1.1029e-05 0.00111933 7.96503e-07
28.11 0.0518441 0.00192386 -0.00837202 1.08932e-05 0.00112329 8.2214e-07
28.12 0.0520238 0.00192734 -0.0083052 1.07534e-05 0.0011271 8.46737e-07
28.13 0.0521962 0.00193115 -0.00823763 1.06089e-05 0.00113073 8.70263e-07
28.14 0.0523614 0.0019353 -0.00817122 1.04588e-05 0.00113419 8.92688e-07
28.15 0.0525193 0.00193983 -0.00810779 1.03025e-05 0.00113747 9.13994e-07
28.16 0.0526698 0.00194473 -0.00804912 1.0139e-05 0.00114058 9.34168e-07
28.17 0.052813 0.00195002 -0.00799684 9.96772e-06 0.0011435 9.532e-07
28.18 0.0529488 0.00195571 -0.00795242 9.7879e-06 0.00114623 9.71072e-07
28.19 0.0530772 0.0019618 -0.00791708 9.599e-06 0.00114878 9.87766e-07
28.2 0.0531982 0.0019683 -0.00789181 9.40064e-06 0.00115113 1.00326e-06
28.21 0.0533116 0.0019752 -0.00787732 9.19261e-06 0.0011533 1.01756e-06
28.22 0.0534176 0.00198251 -0.00787401 8.97489e-06 0.00115527 1.03066e-06
28.23 0.0535161 0.0019902 -0.00788197 8.74766e-06 0.00115705 1.04256e-06
28.24 0.053607 0.00199826 -0.00790098 8.51132e-06 0.00115863 1.05325e-06
28.25 0.0536903 0.00200668 -0.00793049 8.26653e-06 0.00116002 1.06273e-06
28.26 0.053766 0.00201544 -0.0079697 8.01414e-06 0.00116121 1.071e-06
28.27 0.0538341 0.0020245 -0.00801749 7.75519e-06 0.0011622 1.07807e-06
28.28 0.0538945 0.00203385 -0.00807254 7.49087e-06 0.001163 1.08394e-06
28.29 0.0539472 0.00204346 -0.0081333 7.22247e-06 0.00116361 1.08862e-06
28.3 0.0539922 0.00205329 -0.00819808 6.9513e-06 0.00116403 1.09213e-06
28.31 0.0540294 0.00206332 -0.00826508 6.67864e-06 0.00116426 1.09446e-06
28.32 0.0540588 0.00207351 -0.00833241 6.40573e-06 0.0011643 1.09562e-06
28.33 0.0540805 0.00208385 -0.00839821 6.13369e-06 0.00116415 1.09564e-06
28.34 0.0540942 0.00209429 -0.00846064 5.86352e-06 0.00116382 1.09452e-06
28.35 0.0541002 0.00210483 -0.00851797 5.59607e-06 0.0011633 1.09229e-06
28.36 0.0540982 0.00211542 -0.00856861 5.332e-06 0.00116261 1.08895e-06
28.37 0.0540883 0.00212607 -0.00861114 5.07183e-06 0.00116174 1.08451e-06
28.38 0.0540704 0.00213674 -0.00864439 4.81589e-06 0.0011607 1.07899e-06
28.39 0.0540446 0.00214744 -0.00866744 4.56433e-06 0.00115948 1.0724e-06
28.4 0.0540109 0.00215814 -0.00867965 4.31715e-06 0.00115809 1.06477e-06
28.41 0.0539691 0.00216885 -0.00868068 4.07415e-06 0.00115654 1.0561e-06
28.42 0.0539193 0.00217957 -0.00867052 3.83499e-06 0.00115482 1.0464e-06
28.43 0.0538614 0.0021903 -0.00864945 3.5992e-06 0.00115293 1.03569e-06
28.44 0.0537955 0.00220105 -0.00861805 3.36615e-06 0.00115089 1.02397e-06
28.45 0.0537216 0.00221182 -0.00857721 3.13513e-06 0.00114869 1.01127e-06
28.46 0.0536396 0.00222264 -0.00852806 2.90529e-06 0.00114633 9.97598e-07
28.47 0.0535496 0.0022335 -0.00847196 2.67575e-06 0.00114382 9.82973e-07
28.48 0.0534515 0.00224443 -0.00841049 2.44555e-06 0.00114116 9.67401e-07
28.49 0.0533453 0.00225544 -0.00834534 2.21376e-06 0.00113834 9.50895e-07
28.5 0.0532311 0.00226654 -0.00827834 1.97943e-06 0.00113538 9.33474e-07
28.51 0.0531088 0.00227775 -0.00821134 1.7417e-06 0.00113227 9.15162e-07
28.52 0.0529786 0.00228907 -0.00814621 1.49981e-06 0.00112902 8.9598e-07
28.53 0.0528403 0.00230052 -0.00808476 1.25311e-06 0.00112563 8.75945e-07
28.54 0.0526939 0.0023121 -0.00802871 1.00115e-06 0.00112211 8.55076e-07
28.55 0.0525397 0.00232382 -0.00797961 7.43651e-07 0.00111844 8.33392e-07
28.56 0.0523774 0.00233567 -0.00793883 4.80518e-07 0.00111465 8.10922e-07
28.57 0.0522072 0.00234765 -0.00790751 2.11713e-07 0.00111072 7.87695e-07
28.58 0.0520291 0.00235975 -0.00788651 -6.27969e-08 0.00110667 7.63741e-07
28.59 0.051843 0.00237196 -0.00787643 -3.42896e-07 0.0011025 7.39094e-07
28.6 0.0516492 0.00238426 -0.00787754 -6.28082e-07 0.00109821 7.13788e-07
28.61 0.0514475 0.00239662 -0.0078898 -9.17375e-07 0.0010938 6.87862e-07
28.62 0.051238 0.00240904 -0.00791288 -1.20943e-06 0.00108928 6.61345e-07
28.63 0.0510207 0.00242148 -0.00794612 -1.50274e-06 0.00108466 6.34265e-07
28.64 0.0507958 0.00243391 -0.0079886 -1.79577e-06 0.00107993 6.06653e-07
28.65 0.0505632 0.00244631 -0.00803912 -2.08706e-06 0.0010751 5.78548e-07
28.66 0.0503229 0.00245865 -0.00809627 -2.37527e-06 0.00107018 5.49996e-07
28.67 0.0500751 0.00247089 -0.00815846 -2.65913e-06 0.00106517 5.21042e-07
28.68 0.0498198 0.00248301 -0.00822394 -2.93753e-06 0.00106007 4.91724e-07
28.69 0.0495571 0.00249498 -0.0082909 -3.20949e-06 0.0010549 4.62076e-07
28.7 0.0492869 0.00250677 -0.00835746 -3.47417e-06 0.00104964 4.32131e-07
28.71 0.0490095 0.00251835 -0.00842176 -3.73092e-06 0.00104432 4.01931e-07
28.72 0.0487248 0.00252972 -0.00848203 -3.97926e-06 0.00103892 3.71521e-07
28.73 0.0484329 0.00254084 -0.00853658 -4.21888e-06 0.00103347 3.40942e-07
28.74 0.048134 0.00255171 -0.00858389 -4.44967e-06 0.00102795 3.1023e-07
28.75 0.047828 0.00256232 -0.00862266 -4.67165e-06 0.00102238 2.79411e-07
28.76 0.0475152 0.00257265 -0.00865181 -4.88499e-06 0.00101675 2.48517e-07
28.77 0.0471956 0.00258272 -0.00867052 -5.09e-06 0.00101107 2.17584e-07
28.78 0.0468692 0.00259251 -0.0086783 -5.28713e-06 0.00100535 1.86647e-07
28.79 0.0465363 0.00260204 -0.00867491 -5.477e-06 0.000999586 1.55741e-07
28.8 0.0461969 0.00261131 -0.00866047 -5.66033e-06 0.000993778 1.24889e-07
28.81 0.0458512 0.00262033 -0.00863538 -5.838e-06 0.000987931 9.41153e-08
28.82 0.0454992 0.00262912 -0.00860034 -6.01098e-06 0.000982046 6.3445e-08
28.83 0.0451412 0.0026377 -0.00855632 -6.18033e-06 0.000976124 3.29102e-08
28.84 0.0447772 0.00264607 -0.00850455 -6.34714e-06 0.000970168 2.54303e-09
28.85 0.0444073 0.00265426 -0.00844647 -6.51247e-06 0.000964177 -2.76284e-08
28.86 0.0440318 0.00266228 -0.0083837 -6.67737e-06 0.000958154 -5.75817e-08
28.87 0.0436507 0.00267014 -0.00831798 -6.84278e-06 0.000952098 -8.72955e-08
28.88 0.0432643 0.00267786 -0.00825114 -7.00949e-06 0.00094601 -1.16743e-07
28.89 0.0428726 0.00268545 -0.00818505 -7.17815e-06 0.000939891 -1.45892e-07
28.9 0.0424759 0.00269291 -0.00812153 -7.34919e-06 0.000933741 -1.74711e-07
28.91 0.0420743 0.00270026 -0.00806237 -7.52285e-06 0.00092756 -2.03172e-07
28.92 0.0416679 0.00270748 -0.0080092 -7.69914e-06 0.000921349 -2.31251e-07
28.93 0.0412569 0.00271458 -0.00796351 -7.87784e-06 0.000915108 -2.58924e-07
28.94 0.0408415 0.00272156 -0.00792658 -8.05853e-06 0.000908838 -2.86159e-07
28.95 0.0404219 0.00272839 -0.00789942 -8.24061e-06 0.000902538 -3.12924e-07
28.96 0.0399982 0.00273508 -0.00788279 -8.42329e-06 0.000896209 -3.39182e-07
28.97 0.0395707 0.00274159 -0.00787717 -8.60567e-06 0.000889852 -3.64904e-07
28.98 0.0391394 0.00274792 -0.0078827 -8.78671e-06 0.000883468 -3.90065e-07
28.99 0.0387046 0.00275404 -0.00789922 -8.96531e-06 0.000877057 -4.14635e-07
29 0.0382664 0.00275992 -0.00792627 -9.14031e-06 0.00087062 -4.38581e-07
29.01 0.0378251 0.00276554 -0.0079631 -9.31052e-06 0.000864158 -4.61869e-07
29.02 0.0373808 0.00277088 -0.00800868 -9.47476e-06 0.000857673 -4.84463e-07
29.03 0.0369337 0.0027759 -0.00806172 -9.6319e-06 0.000851164 -5.06338e-07
29.04 0.036484 0.00278059 -0.00812075 -9.78086e-06 0.000844634 -5.27468e-07
29.05 0.0360318 0.00278492 -0.00818412 -9.92062e-06 0.000838084 -5.47828e-07
29.06 0.0355775 0.00278886 -0.00825006 -1.00503e-05 0.000831515 -5.67391e-07
29.07 0.0351211 0.0027924 -0.00831673 -1.01694e-05 0.000824928 -5.86129e-07
29.08 0.0346629 0.00279553 -0.00838227 -1.02776e-05 0.000818324 -6.04017e-07
29.09 0.034203 0.00279822 -0.00844486 -1.03747e-05 0.000811705 -6.21033e-07
29.1 0.0337418 0.00280048 -0.00850276 -1.04608e-05 0.000805072 -6.37154e-07
29.11 0.0332793 0.00280229 -0.00855435 -1.05358e-05 0.000798426 -6.52363e-07
29.12 0.0328157 0.00280365 -0.0085982 -1.05997e-05 0.000791768 -6.66646e-07
29.13 0.0323513 0.00280457 -0.00863311 -1.06526e-05 0.000785099 -6.79996e-07
29.14 0.0318864 0.00280506 -0.00865809 -1.06947e-05 0.000778419 -6.92407e-07
29.15 0.0314209 0.00280511 -0.00867247 -1.07267e-05 0.00077173 -7.0387e-07
29.16 0.0309553 0.00280476 -0.00867584 -1.07494e-05 0.000765031 -7.14372e-07
29.17 0.0304897 0.00280401 -0.00866812 -1.07637e-05 0.000758323 -7.23904e-07
29.18 0.0300243 0.00280287 -0.00864953 -1.07706e-05 0.000751606 -7.32463e-07
29.19 0.0295592 0.00280138 -0.00862058 -1.07713e-05 0.00074488 -7.4005e-07
29.2 0.0290948 0.00279955 -0.00858209 -1.07669e-05 0.000738144 -7.46667e-07
29.21 0.0286312 0.0027974 -0.00853513 -1.07587e-05 0.0007314 -7.52314e-07
29.22 0.0281686 0.00279495 -0.008481 -1.07476e-05 0.000724646 -7.56986e-07
29.23 0.0277072 0.00279223 -0.00842121 -1.07346e-05 0.000717882 -7.60682e-07
29.24 0.0272472 0.00278924 -0.00835743 -1.07206e-05 0.000711108 -7.63404e-07
29.25 0.0267888 0.00278601 -0.00829143 -1.07063e-05 0.000704323 -7.65159e-07
29.26 0.0263323 0.00278255 -0.00822504 -1.06921e-05 0.000697527 -7.65953e-07
29.27 0.0258777 0.00277887 -0.00816012 -1.06782e-05 0.000690721 -7.65786e-07
29.28 0.0254252 0.00277497 -0.00809846 -1.06646e-05 0.000683904 -7.64657e-07
29.29 0.0249752 0.00277085 -0.0080418 -1.06512e-05 0.000677076 -7.62567e-07
29.3 0.0245276 0.00276652 -0.0079917 -1.06375e-05 0.000670238 -7.59522e-07
29.31 0.0240828 0.00276197 -0.00794957 -1.06231e-05 0.00066339 -7.55527e-07
29.32 0.0236409 0.0027572 -0.00791657 -1.06074e-05 0.000656534 -7.50588e-07
29.33 0.023202 0.00275219 -0.00789362 -1.05894e-05 0.000649669 -7.44704e-07
29.34 0.0227663 0.00274693 -0.00788136 -1.05684e-05 0.000642798 -7.37874e-07
29.35 0.022334 0.0027414 -0.00788014 -1.05434e-05 0.000635923 -7.301e-07
29.36 0.0219053 0.00273559 -0.00788998 -1.05135e-05 0.000629044 -7.21387e-07
29.37 0.0214802 0.00272948 -0.00791061 -1.04776e-05 0.000622164 -7.11745e-07
29.38 0.021059 0.00272304 -0.00794145 -1.04348e-05 0.000615287 -7.01179e-07
29.39 0.0206418 0.00271627 -0.00798163 -1.03841e-05 0.000608414 -6.89691e-07
29.4 0.0202287 0.00270913 -0.00803003 -1.03245e-05 0.000601548 -6.77286e-07
29.41 0.0198199 0.00270162 -0.0080853 -1.02554e-05 0.000594693 -6.63972e-07
29.42 0.0194155 0.00269372 -0.00814589 -1.0176e-05 0.000587852 -6.49763e-07
29.43 0.0190157 0.00268542 -0.00821011 -1.00857e-05 0.000581028 -6.34673e-07
29.44 0.0186205 0.00267671 -0.00827617 -9.98431e-06 0.000574226 -6.18717e-07
29.45 0.0182302 0.00266758 -0.00834222 -9.8715e-06 0.00056745 -6.01907e-07
29.46 0.0178448 0.00265803 -0.00840643 -9.74733e-06 0.000560703 -5.84257e-07
29.47 0.0174645 0.00264806 -0.008467 -9.61203e-06 0.000553989 -5.65788e-07
29.48 0.0170894 0.00263768 -0.00852226 -9.46603e-06 0.000547314 -5.46525e-07
29.49 0.0167196 0.00262691 -0.00857066 -9.30995e-06 0.000540679 -5.26492e-07
29.5 0.0163552 0.00261574 -0.00861086 -9.1446e-06 0.000534091 -5.05714e-07
29.51 0.0159963 0.0026042 -0.00864175 -8.97093e-06 0.000527553 -4.84214e-07
29.52 0.0156431 0.00259232 -0.00866248 -8.79e-06 0.000521068 -4.62019e-07
29.53 0.0152956 0.0025801 -0.00867246 -8.60296e-06 0.000514641 -4.3916e-07
29.54 0.014954 0.00256758 -0.00867142 -8.41101e-06 0.000508276 -4.1567e-07
29.55 0.0146183 0.00255478 -0.00865941 -8.21536e-06 0.000501975 -3.91584e-07
29.56 0.0142887 0.00254173 -0.00863675 -8.01719e-06 0.000495743 -3.66934e-07
29.57 0.0139652 0.00252845 -0.00860408 -7.81765e-06 0.000489583 -3.41749e-07
29.58 0.0136479 0.00251497 -0.00856231 -7.61785e-06 0.000483498 -3.16062e-07
29.59 0.013337 0.00250132 -0.00851261 -7.41877e-06 0.000477491 -2.89907e-07
29.6 0.0130324 0.00248751 -0.00845635 -7.2212e-06 0.000471566 -2.63319e-07
29.61 0.0127344 0.00247357 -0.0083951 -7.02569e-06 0.000465725 -2.36332e-07
29.62 0.0124428 0.00245951 -0.00833056 -6.83254e-06 0.000459971 -2.08979e-07
29.63 0.0121579 0.00244535 -0.00826453 -6.64186e-06 0.000454308 -1.81291e-07
29.64 0.0118796 0.00243111 -0.00819885 -6.45356e-06 0.000448737 -1.53301e-07
29.65 0.0116081 0.00241678 -0.00813535 -6.26741e-06 0.000443263 -1.25041e-07
29.66 0.0113434 0.00240237 -0.00807578 -6.08298e-06 0.000437888 -9.65414e-08
29.67 0.0110855 0.00238788 -0.00802182 -5.89971e-06 0.000432614 -6.78298e-08
29.68 0.0108345 0.00237331 -0.00797496 -5.71688e-06 0.000427446 -3.8934e-08
29.69 0.0105905 0.00235866 -0.0079365 -5.53365e-06 0.000422387 -9.88196e-09
29.7 0.0103535 0.0023439 -0.00790752 -5.34906e-06 0.000417439 1.92979e-08
29.71 0.0101235 0.00232904 -0.00788883 -5.1621e-06 0.000412605 4.85778e-08
29.72 0.00990057 0.00231406 -0.00788094 -4.97169e-06 0.000407891 7.79313e-08
29.73 0.00968477 0.00229894 -0.00788407 -4.77676e-06 0.000403299 1.07333e-07
29.74 0.00947612 0.00228368 -0.00789813 -4.57624e-06 0.000398832 1.36756e-07
29.75 0.00927465 0.00226825 -0.00792272 -4.36912e-06 0.000394496 1.66175e-07
29.76 0.00908041 0.00225265 -0.00795716 -4.15448e-06 0.000390293 1.95559e-07
29.77 0.00889341 0.00223686 -0.00800049 -3.9315e-06 0.000386227 2.24882e-07
29.78 0.0087137 0.00222087 -0.00805148 -3.69955e-06 0.000382304 2.54115e-07
29.79 0.0085413 0.00220468 -0.00810872 -3.45813e-06 0.000378525 2.83228e-07
29.8 0.00837623 0.00218828 -0.0081706 -3.20699e-06 0.000374896 3.12193e-07
29.81 0.00821853 0.00217168 -0.0082354 -2.94607e-06 0.000371421 3.40979e-07
29.82 0.00806823 0.00215487 -0.0083013 -2.67554e-06 0.000368103 3.69552e-07
29.83 0.00792535 0.00213786 -0.00836648 -2.39583e-06 0.000364946 3.9788e-07
29.84 0.00778991 0.00212066 -0.00842911 -2.10755e-06 0.000361953 4.25928e-07
29.85 0.00766194 0.0021033 -0.00848745 -1.81154e-06 0.000359129 4.53663e-07
29.86 0.00754147 0.00208578 -0.00853989 -1.50882e-06 0.000356475 4.81051e-07
29.87 0.00742852 0.00206812 -0.00858495 -1.20057e-06 0.000353996 5.08054e-07
29.88 0.0073231 0.00205036 -0.0086214 -8.88069e-07 0.000351694 5.34635e-07
29.89 0.00722525 0.00203252 -0.00864822 -5.72709e-07 0.000349571 5.60757e-07
29.9 0.00713499 0.00201462 -0.00866467 -2.55918e-07 0.00034763 5.86384e-07
29.91 0.00705232 0.0019967 -0.0086703 6.08648e-08 0.000345871 6.11479e-07
29.92 0.00697728 0.00197878 -0.00866496 3.76228e-07 0.000344297 6.36006e-07
29.93 0.00690988 0.00196091 -0.00864879 6.88826e-07 0.000342908 6.59928e-07
29.94 0.00685013 0.00194309 -0.00862226 9.97416e-07 0.000341705 6.8321e-07
29.95 0.00679805 0.00192537 -0.0085861 1.30089e-06 0.000340689 7.05817e-07
29.96 0.00675366 0.00190777 -0.00854131 1.59829e-06 0.000339858 7.27718e-07
29.97 0.00671696 0.00189031 -0.00848916 1.88886e-06 0.000339214 7.48881e-07
29.98 0.00668796 0.00187301 -0.00843109 2.17204e-06 0.000338755 7.69278e-07
29.99 0.00666667 0.00185589 -0.00836871 2.44749e-06 0.00033848 7.8888e-07
30 0.00665311 0.00183896 -0.00830376 2.7151e-06 0.000338389 8.07661e-07
30.01 0.00664727 0.00182223 -0.00823805 2.97497e-06 0.00033848 8.25595e-07
30.02 0.00664917 0.00180571 -0.00817341 3.22745e-06 0.000338751 8.42664e-07
30.03 0.00665879 0.00178939 -0.00811163 3.47308e-06 0.000339202 8.58845e-07
30.04 0.00667615 0.00177328 -0.00805445 3.71259e-06 0.000339829 8.74122e-07
30.05 0.00670125 0.00175738 -0.00800344 3.94685e-06 0.000340632 8.88477e-07
30.06 0.00673408 0.00174166 -0.00796003 4.17692e-06 0.000341608 9.01895e-07
30.07 0.00677465 0.00172613 -0.00792544 4.404e-06 0.000342756 9.14365e-07
30.08 0.00682295 0.00171078 -0.00790062 4.62949e-06 0.000344073 9.25873e-07
30.09 0.00687898 0.00169558 -0.00788626 4.85484e-06 0.000345558 9.36408e-07
30.1 0.00694273 0.00168053 -0.00788277 5.08136e-06 0.000347209 9.45953e-07
30.11 0.00701421 0.00166561 -0.00789024 5.31013e-06 0.000349024 9.54496e-07
30.12 0.0070934 0.00165082 -0.00790847 5.54201e-06 0.000351001 9.62034e-07
30.13 0.0071803 0.00163613 -0.00793693 5.77768e-06 0.000353138 9.68566e-07
30.14 0.0072749 0.00162155 -0.00797483 6.01773e-06 0.000355433 9.74088e-07
30.15 0.00737719 0.00160706 -0.00802112 6.26261e-06 0.000357885 9.78591e-07
30.16 0.00748717 0.00159267 -0.0080745 6.5126e-06 0.000360492 9.8206e-07
30.17 0.00760482 0.00157836 -0.00813348 6.76786e-06 0.000363252 9.84486e-07
30.18 0.00773014 0.00156415 -0.00819641 7.02832e-06 0.000366163 9.85862e-07
30.19 0.0078631 0.00155004 -0.00826153 7.29373e-06 0.000369224 9.86189e-07
30.2 0.0080037 0.00153604 -0.00832704 7.56362e-06 0.000372432 9.8546e-07
30.21 0.00815192 0.00152217 -0.0083911 7.83735e-06 0.000375785 9.83664e-07
30.22 0.00830774 0.00150844 -0.00845194 8.11408e-06 0.000379282 9.80789e-07
30.23 0.00847114 0.00149488 -0.00850786 8.39279e-06 0.00038292 9.76824e-07
30.24 0.0086421 0.0014815 -0.0085573 8.67233e-06 0.000386697 9.71764e-07
30.25 0.00882059 0.00146834 -0.0085989 8.95139e-06 0.000390611 9.65609e-07
30.26 0.00900658 0.00145542 -0.00863151 9.22859e-06 0.000394658 9.58354e-07
30.27 0.00920004 0.00144276 -0.00865421 9.50246e-06 0.000398836 9.49989e-07
30.28 0.00940093 0.0014304 -0.00866639 9.77151e-06 0.000403141 9.40506e-07
30.29 0.00960923 0.00141837 -0.00866772 1.00343e-05 0.000407571 9.299e-07
30.3 0.00982488 0.00140669 -0.00865815 1.02894e-05 0.000412121 9.18174e-07
30.31 0.0100478 0.00139538 -0.00863796 1.05357e-05 0.000416788 9.05333e-07
30.32 0.0102781 0.00138448 -0.00860772 1.0772e-05 0.000421568 8.91378e-07
30.33 0.0105155 0.001374 -0.00856827 1.09975e-05 0.000426457 8.76307e-07
30.34 0.0107601 0.00136395 -0.00852072 1.12115e-05 0.000431451 8.60122e-07
30.35 0.0110118 0.00135436 -0.00846637 1.14135e-05 0.000436544 8.42831e-07
30.36 0.0112706 0.00134524 -0.00840676 1.16034e-05 0.000441734 8.24447e-07
30.37 0.0115363 0.00133658 -0.00834354 1.17811e-05 0.000447014 8.04986e-07
30.38 0.0118089 0.0013284 -0.00827846 1.1947e-05 0.000452381 7.84461e-07
30.39 0.0120883 0.0013207 -0.00821334 1.21015e-05 0.00045783 7.62883e-07
30.4 0.0123745 0.00131346 -0.00815 1.22453e-05 0.000463356 7.40267e-07
30.41 0.0126673 0.00130668 -0.00809019 1.2379e-05 0.000468955 7.16635e-07
30.42 0.0129667 0.00130035 -0.00803559 1.25038e-05 0.000474623 6.92014e-07
30.43 0.0132726 0.00129445 -0.00798771 1.26206e-05 0.000480355 6.6643e-07
30.44 0.013585 0.00128898 -0.00794789 1.27306e-05 0.000486148 6.39908e-07
30.45 0.0139036 0.00128391 -0.00791724 1.2835e-05 0.000491997 6.12468e-07
30.46 0.0142284 0.00127923 -0.00789661 1.2935e-05 0.0004979 5.84137e-07
30.47 0.0145594 0.00127493 -0.00788659 1.30317e-05 0.000503852 5.54944e-07
30.48 0.0148963 0.00127097 -0.00788743 1.31263e-05 0.000509851 5.24924e-07
30.49 0.0152392 0.00126736 -0.00789913 1.32199e-05 0.000515894 4.94108e-07
30.5 0.0155879 0.00126408 -0.00792136 1.33134e-05 0.000521978 4.62523e-07
30.51 0.0159422 0.0012611 -0.00795348 1.34075e-05 0.000528101 4.30195e-07
30.52 0.0163021 0.00125844 -0.0079946 1.35029e-05 0.000534261 3.97152e-07
30.53 0.0166674 0.00125608 -0.00804358 1.36e-05 0.000540455 3.63427e-07
30.54 0.017038 0.00125403 -0.00809905 1.36991e-05 0.000546683 3.29054e-07
30.55 0.0174139 0.00125227 -0.00815944 1.37999e-05 0.000552942 2.94062e-07
30.56 0.0177948 0.00125083 -0.00822309 1.39023e-05 0.000559232 2.5848e-07
30.57 0.0181806 0.0012497 -0.00828821 1.40062e-05 0.000565551 2.22334e-07
30.58 0.0185712 0.0012489 -0.00835299 1.41112e-05 0.000571899 1.85653e-07
30.59 0.0189664 0.00124845 -0.00841563 1.42172e-05 0.000578273 1.48459e-07
30.6 0.0193661 0.00124836 -0.00847437 1.43235e-05 0.000584675 1.1077e-07
30.61 0.0197701 0.00124866 -0.0085276 1.44286e-05 0.000591101 7.26086e-08
30.62 0.0201784 0.00124936 -0.00857383 1.45309e-05 0.000597553 3.40086e-08
30.63 0.0205907 0.0012505 -0.00861177 1.46285e-05 0.000604028 -4.98674e-09
30.64 0.0210068 0.00125208 -0.00864038 1.47195e-05 0.000610527 -4.43387e-08
30.65 0.0214267 0.00125414 -0.00865887 1.48024e-05 0.000617047 -8.40224e-08
30.66 0.02185 0.00125669 -0.00866672 1.48755e-05 0.000623589 -1.24022e-07
30.67 0.0222768 0.00125976 -0.00866373 1.49379e-05 0.00063015 -1.64318e-07
30.68 0.0227067 0.00126336 -0.00864998 1.49883e-05 0.00063673 -2.04874e-07
30.69 0.0231397 0.00126751 -0.00862586 1.50261e-05 0.000643327 -2.45647e-07
30.7 0.0235754 0.00127222 -0.00859204 1.50507e-05 0.000649939 -2.86598e-07
30.71 0.0240139 0.00127749 -0.00854946 1.50617e-05 0.000656566 -3.27696e-07
30.72 0.0244547 0.00128334 -0.00849932 1.50591e-05 0.000663204 -3.6892e-07
30.73 0.0248979 0.00128976 -0.008443 1.5043e-05 0.000669854 -4.1024e-07
30.74 0.0253432 0.00129675 -0.00838208 1.50136e-05 0.000676512 -4.5161e-07
30.75 0.0257904 0.0013043 -0.00831825 1.49715e-05 0.000683178 -4.9298e-07
30.76 0.0262392 0.0013124 -0.00825329 1.49172e-05 0.000689849 -5.34304e-07
30.77 0.0266896 0.00132104 -0.008189 1.48513e-05 0.000696524 -5.75547e-07
30.78 0.0271414 0.0013302 -0.00812717 1.47746e-05 0.000703201 -6.16676e-07
30.79 0.0275942 0.00133986 -0.00806953 1.4688e-05 0.000709878 -6.57649e-07
30.8 0.0280481 0.00135 -0.00801769 1.45925e-05 0.000716555 -6.98415e-07
30.81 0.0285026 0.00136059 -0.00797308 1.44892e-05 0.000723229 -7.38918e-07
30.82 0.0289577 0.00137162 -0.00793695 1.43791e-05 0.0007299 -7.79113e-07
30.83 0.0294132 0.00138306 -0.0079103 1.42636e-05 0.000736566 -8.18962e-07
30.84 0.0298689 0.00139489 -0.00789388 1.41437e-05 0.000743227 -8.58434e-07
30.85 0.0303246 0.00140709 -0.00788815 1.40208e-05 0.000749881 -8.97485e-07
30.86 0.03078 0.00141963 -0.00789326 1.38958e-05 0.00075653 -9.36066e-07
30.87 0.0312351 0.0014325 -0.00790906 1.37697e-05 0.000763171 -9.74125e-07
30.88 0.0316895 0.00144569 -0.00793512 1.36435e-05 0.000769805 -1.01162e-06
30.89 0.0321432 0.00145918 -0.00797071 1.35176e-05 0.000776431 -1.04853e-06
30.9 0.0325959 0.00147297 -0.00801482 1.33925e-05 0.00078305 -1.08482e-06
30.91 0.0330474 0.00148705 -0.00806623 1.32684e-05 0.000789662 -1.12045e-06
30.92 0.0334976 0.00150142 -0.0081235 1.31452e-05 0.000796268 -1.15538e-06
30.93 0.0339463 0.00151609 -0.00818503 1.30228e-05 0.000802866 -1.18956e-06
30.94 0.0343933 0.00153105 -0.0082491 1.29006e-05 0.000809458 -1.22297e-06
30.95 0.0348383 0.00154632 -0.00831393 1.27782e-05 0.000816044 -1.25559e-06
30.96 0.0352813 0.00156191 -0.00837771 1.26546e-05 0.000822624 -1.28738e-06
30.97 0.035722 0.00157783 -0.00843866 1.25292e-05 0.000829198 -1.31833e-06
30.98 0.0361602 0.00159409 -0.00849509 1.2401e-05 0.000835766 -1.34839e-06
30.99 0.0365959 0.00161071 -0.00854543 1.22692e-05 0.000842329 -1.37753e-06
31 0.0370287 0.0016277 -0.00858828 1.21328e-05 0.000848886 -1.40574e-06
31.01 0.0374585 0.00164508 -0.00862245 1.1991e-05 0.000855437 -1.433e-06
31.02 0.0378851 0.00166287 -0.008647 1.18429e-05 0.00086198 -1.45928e-06
31.03 0.0383084 0.00168107 -0.00866126 1.16878e-05 0.000868516 -1.48457e-06
31.04 0.0387283 0.0016997 -0.00866482 1.1525e-05 0.000875042 -1.50882e-06
31.05 0.0391444 0.00171876 -0.00865759 1.13539e-05 0.000881558 -1.53202e-06
31.06 0.0395567 0.00173826 -0.00863978 1.11741e-05 0.000888062 -1.55415e-06
31.07 0.039965 0.00175819 -0.0086119 1.09856e-05 0.000894552 -1.57518e-06
31.08 0.0403692 0.00177857 -0.00857471 1.0789e-05 0.000901025 -1.59509e-06
31.09 0.0407691 0.00179937 -0.00852925 1.0585e-05 0.000907479 -1.61388e-06
31.1 0.0411645 0.0018206 -0.0084768 1.03743e-05 0.000913912 -1.63152e-06
31.11 0.0415553 0.00184224 -0.0084188 1.01568e-05 0.000920321 -1.64801e-06
31.12 0.0419414 0.00186428 -0.00835688 9.93208e-06 0.000926702 -1.66331e-06
31.13 0.0423226 0.00188669 -0.00829276 9.69985e-06 0.000933053 -1.67738e-06
31.14 0.0426987 0.00190946 -0.00822822 9.45993e-06 0.00093937 -1.69018e-06
31.15 0.0430698 0.00193257 -0.00816506 9.21251e-06 0.000945649 -1.70169e-06
31.16 0.0434355 0.00195597 -0.00810505 8.95809e-06 0.000951889 -1.71191e-06
31.17 0.0437959 0.00197966 -0.00804984 8.6974e-06 0.000958084 -1.72084e-06
31.18 0.0441508 0.00200361 -0.00800098 8.43132e-06 0.000964231 -1.72845e-06
31.19 0.0445 0.00202777 -0.00795983 8.16083e-06 0.000970328 -1.73471e-06
31.2 0.0448435 0.00205214 -0.00792754 7.88694e-06 0.00097637 -1.73959e-06
31.21 0.0451812 0.00207669 -0.007905 7.61067e-06 0.000982355 -1.74308e-06
31.22 0.045513 0.00210139 -0.00789285 7.333e-06 0.000988279 -1.74519e-06
31.23 0.0458387 0.00212621 -0.00789142 7.05478e-06 0.00099414 -1.74592e-06
31.24 0.0461583 0.00215116 -0.00790076 6.77674e-06 0.000999933 -1.74524e-06
31.25 0.0464717 0.0021762 -0.00792059 6.49936e-06 0.00100566 -1.74314e-06
31.26 0.0467787 0.00220132 -0.00795036 6.22289e-06 0.00101131 -1.7396e-06
31.27 0.0470794 0.00222653 -0.00798925 5.94731e-06 0.00101688 -1.73463e-06
31.28 0.0473736 0.0022518 -0.00803616 5.67244e-06 0.00102238 -1.72824e-06
31.29 0.0476613 0.00227715 -0.00808978 5.39792e-06 0.0010278 -1.72042e-06
31.3 0.0479423 0.00230256 -0.00814862 5.1233e-06 0.00103313 -1.71118e-06
31.31 0.0482167 0.00232805 -0.00821103 4.84808e-06 0.00103838 -1.7005e-06
31.32 0.0484843 0.00235362 -0.00827527 4.57179e-06 0.00104355 -1.68839e-06
31.33 0.048745 0.00237927 -0.00833956 4.29393e-06 0.00104862 -1.67485e-06
31.34 0.0489988 0.00240502 -0.00840209 4.0141e-06 0.0010536 -1.65993e-06
31.35 0.0492457 0.00243088 -0.00846114 3.73191e-06 0.00105848 -1.64362e-06
31.36 0.0494855 0.00245685 -0.00851505 3.44704e-06 0.00106327 -1.62593e-06
31.37 0.0497183 0.00248294 -0.00856234 3.15923e-06 0.00106796 -1.60687e-06
31.38 0.0499439 0.00250917 -0.00860169 2.86825e-06 0.00107255 -1.58644e-06
31.39 0.0501623 0.00253554 -0.00863201 2.57394e-06 0.00107703 -1.56468e-06
31.4 0.0503735 0.00256206 -0.00865246 2.27617e-06 0.0010814 -1.54161e-06
31.41 0.0505774 0.00258872 -0.00866248 1.97489e-06 0.00108567 -1.51725e-06
31.42 0.050774 0.00261554 -0.00866179 1.67009e-06 0.00108982 -1.4916e-06
31.43 0.0509632 0.0026425 -0.00865042 1.36189e-06 0.00109385 -1.46467e-06
31.44 0.0511449 0.0026696 -0.00862869 1.05046e-06 0.00109776 -1.43648e-06
31.45 0.0513193 0.00269683 -0.00859721 7.3611e-07 0.00110154 -1.40706e-06
31.46 0.0514862 0.00272417 -0.00855686 4.19266e-07 0.0011052 -1.37643e-06
31.47 0.0516455 0.00275161 -0.00850875 1.0048e-07 0.00110873 -1.34461e-06
31.48 0.0517974 0.00277914 -0.00845424 -2.19579e-07 0.00111212 -1.3116e-06
31.49 0.0519417 0.00280672 -0.00839484 -5.40143e-07 0.00111538 -1.27742e-06
31.5 0.0520784 0.00283434 -0.00833219 -8.60364e-07 0.00111849 -1.24209e-06
31.51 0.0522075 0.00286197 -0.00826806 -1.17935e-06 0.00112145 -1.20565e-06
31.52 0.0523291 0.00288957 -0.00820421 -1.4962e-06 0.00112426 -1.16811e-06
31.53 0.052443 0.00291713 -0.00814244 -1.81003e-06 0.00112692 -1.1295e-06
31.54 0.0525493 0.00294462 -0.00808445 -2.12006e-06 0.00112943 -1.08983e-06
31.55 0.052648 0.002972 -0.00803187 -2.42564e-06 0.00113177 -1.04911e-06
31.56 0.0527391 0.00299925 -0.00798616 -2.72615e-06 0.00113395 -1.00737e-06
31.57 0.0528225 0.00302635 -0.0079486 -3.0208e-06 0.00113597 -9.64658e-07
31.58 0.0528983 0.00305327 -0.00792022 -3.30845e-06 0.00113781 -9.2099e-07
31.59 0.0529664 0.00307999 -0.00790182 -3.58802e-06 0.00113949 -8.76407e-07
31.6 0.0530269 0.00310651 -0.00789392 -3.85911e-06 0.00114099 -8.3095e-07
31.61 0.0530798 0.0031328 -0.00789673 -4.1223e-06 0.00114233 -7.8466e-07
31.62 0.053125 0.00315886 -0.00791017 -4.37886e-06 0.00114348 -7.37562e-07
31.63 0.0531625 0.00318467 -0.00793386 -4.63038e-06 0.00114446 -6.89669e-07
31.64 0.0531924 0.00321024 -0.00796715 -4.87842e-06 0.00114527 -6.41003e-07
31.65 0.0532147 0.00323557 -0.00800909 -5.12438e-06 0.0011459 -5.91607e-07
31.66 0.0532294 0.00326066 -0.00805852 -5.36946e-06 0.00114635 -5.41539e-07
31.67 0.0532364 0.00328551 -0.00811406 -5.61471e-06 0.00114662 -4.90858e-07
31.68 0.0532358 0.00331014 -0.00817415 -5.86105e-06 0.00114672 -4.39603e-07
31.69 0.0532275 0.00333454 -0.00823712 -6.10929e-06 0.00114665 -3.87801e-07
31.7 0.0532116 0.00335874 -0.00830121 -6.36011e-06 0.0011464 -3.35487e-07
31.71 0.0531881 0.00338275 -0.00836463 -6.61406e-06 0.00114597 -2.82713e-07
31.72 0.053157 0.00340657 -0.00842563 -6.87155e-06 0.00114538 -2.29543e-07
31.73 0.0531183 0.00343021 -0.00848249 -7.13287e-06 0.00114461 -1.76036e-07
31.74 0.0530719 0.00345369 -0.00853364 -7.3982e-06 0.00114368 -1.2223e-07
31.75 0.053018 0.00347701 -0.00857766 -7.66768e-06 0.00114257 -6.81552e-08
31.76 0.0529565 0.00350018 -0.00861333 -7.94137e-06 0.0011413 -1.38483e-08
31.77 0.0528873 0.00352319 -0.00863965 -8.21926e-06 0.00113987 4.06389e-08
31.78 0.0528107 0.00354606 -0.00865591 -8.50122e-06 0.00113827 9.52477e-08
31.79 0.0527265 0.00356877 -0.00866165 -8.78696e-06 0.00113652 1.49931e-07
31.8 0.0526347 0.00359132 -0.00865672 -9.07596e-06 0.0011346 2.04658e-07
31.81 0.0525354 0.00361369 -0.00864126 -9.36748e-06 0.00113252 2.59403e-07
31.82 0.0524287 0.00363588 -0.00861571 -9.66051e-06 0.00113029 3.1413e-07
31.83 0.0523145 0.00365787 -0.00858076 -9.95383e-06 0.0011279 3.68789e-07
31.84 0.0521928 0.00367964 -0.00853741 -1.0246e-05 0.00112535 4.23326e-07
31.85 0.0520637 0.00370116 -0.00848686 -1.05355e-05 0.00112265 4.77701e-07
31.86 0.0519272 0.00372241 -0.0084305 -1.08206e-05 0.00111981 5.31887e-07
31.87 0.0517834 0.00374336 -0.00836992 -1.10997e-05 0.00111681 5.8586e-07
31.88 0.0516322 0.00376399 -0.0083068 -1.13711e-05 0.00111366 6.39584e-07
31.89 0.0514737 0.00378428 -0.00824289 -1.16333e-05 0.00111036 6.9301e-07
31.9 0.051308 0.00380418 -0.00817997 -1.1885e-05 0.00110692 7.46091e-07
31.91 0.0511351 0.00382369 -0.0081198 -1.21251e-05 0.00110333 7.9879e-07
31.92 0.050955 0.00384277 -0.00806404 -1.23525e-05 0.0010996 8.51084e-07
31.93 0.0507678 0.0038614 -0.00801425 -1.25666e-05 0.00109573 9.02949e-07
31.94 0.0505735 0.00387956 -0.00797182 -1.27671e-05 0.00109173 9.54344e-07
31.95 0.0503721 0.00389723 -0.00793793 -1.29536e-05 0.00108759 1.00522e-06
31.96 0.0501638 0.00391441 -0.00791352 -1.31263e-05 0.00108331 1.05553e-06
31.97 0.0499485 0.00393108 -0.00789927 -1.32855e-05 0.00107891 1.10523e-06
31.98 0.0497263 0.00394723 -0.00789557 -1.34316e-05 0.00107438 1.15431e-06
31.99 0.0494973 0.00396287 -0.00790254 -1.35652e-05 0.00106973 1.20273e-06
32 0.0492615 0.00397799 -0.00791996 -1.36874e-05 0.00106495 1.25043e-06
32.01 0.0490189 0.0039926 -0.00794735 -1.37989e-05 0.00106006 1.29737e-06
32.02 0.0487697 0.0040067 -0.00798394 -1.39011e-05 0.00105506 1.3435e-06
32.03 0.0485138 0.00402031 -0.00802871 -1.39953e-05 0.00104996 1.38878e-06
32.04 0.0482514 0.00403344 -0.00808041 -1.40827e-05 0.00104474 1.43319e-06
32.05 0.0479825 0.0040461 -0.00813759 -1.41649e-05 0.00103943 1.47667e-06
32.06 0.0477071 0.00405832 -0.00819865 -1.42434e-05 0.00103403 1.5192e-06
32.07 0.0474254 0.0040701 -0.0082619 -1.43194e-05 0.00102853 1.56071e-06
32.08 0.0471373 0.00408147 -0.00832555 -1.43935e-05 0.00102295 1.60118e-06
32.09 0.0468431 0.00409244 -0.00838785 -1.44661e-05 0.00101728 1.64054e-06
32.1 0.0465426 0.00410303 -0.00844705 -1.4538e-05 0.00101154 1.67876e-06
32.11 0.0462362 0.00411326 -0.00850152 -1.46107e-05 0.00100573 1.71579e-06
32.12 0.0459237 0.00412313 -0.00854972 -1.46856e-05 0.000999849 1.75161e-06
32.13 0.0456053 0.00413265 -0.00859033 -1.47644e-05 0.000993903 1.7862e-06
32.14 0.0452811 0.00414184 -0.00862222 -1.48481e-05 0.000987898 1.81954e-06
32.15 0.0449512 0.00415069 -0.0086445 -1.49375e-05 0.000981837 1.85161e-06
32.16 0.0446157 0.0041592 -0.00865656 -1.50326e-05 0.000975722 1.88236e-06
32.17 0.0442747 0.00416737 -0.00865807 -1.51331e-05 0.000969559 1.91175e-06
32.18 0.0439283 0.00417519 -0.00864898 -1.52384e-05 0.000963349 1.93977e-06
32.19 0.0435765 0.00418265 -0.00862957 -1.53473e-05 0.000957096 1.96641e-06
32.2 0.0432196 0.00418974 -0.00860036 -1.54586e-05 0.000950803 1.99166e-06
32.21 0.0428577 0.00419644 -0.00856218 -1.55707e-05 0.000944471 2.01549e-06
32.22 0.0424908 0.00420273 -0.00851608 -1.56819e-05 0.000938103 2.03789e-06
32.23 0.042119 0.00420859 -0.00846335 -1.57904e-05 0.000931702 2.05883e-06
32.24 0.0417426 0.00421399 -0.00840546 -1.58945e-05 0.000925268 2.0783e-06
32.25 0.0413617 0.00421892 -0.00834401 -1.59923e-05 0.000918804 2.09631e-06
32.26 0.0409763 0.00422336 -0.00828072 -1.60823e-05 0.000912312 2.11285e-06
32.27 0.0405867 0.00422727 -0.00821735 -1.61631e-05 0.000905792 2.12792e-06
32.28 0.0401929 0.00423065 -0.00815566 -1.62334e-05 0.000899246 2.1415e-06
32.29 0.0397952 0.00423347 -0.00809737 -1.62924e-05 0.000892676 2.15358e-06
32.3 0.0393936 0.00423572 -0.0080441 -1.6339e-05 0.000886083 2.16416e-06
32.31 0.0389883 0.00423738 -0.00799733 -1.63727e-05 0.000879469 2.17325e-06
32.32 0.0385794 0.00423844 -0.00795837 -1.63927e-05 0.000872834 2.18085e-06
32.33 0.0381672 0.00423891 -0.0079283 -1.63988e-05 0.000866181 2.18696e-06
32.34 0.0377517 0.00423877 -0.00790796 -1.63906e-05 0.000859511 2.19154e-06
32.35 0.0373332 0.00423803 -0.00789792 -1.63682e-05 0.000852825 2.1946e-06
32.36 0.0369117 0.00423669 -0.00789845 -1.63318e-05 0.000846125 2.19615e-06
32.37 0.0364875 0.00423477 -0.00790953 -1.62816e-05 0.000839414 2.19618e-06
32.38 0.0360606 0.00423227 -0.00793085 -1.62184e-05 0.000832692 2.19469e-06
32.39 0.0356313 0.00422921 -0.00796183 -1.61431e-05 0.000825962 2.19168e-06
32.4 0.0351998 0.00422561 -0.00800158 -1.60566e-05 0.000819225 2.18712e-06
32.41 0.0347661 0.00422148 -0.00804899 -1.59602e-05 0.000812484 2.18102e-06
32.42 0.0343305 0.00421686 -0.00810275 -1.58554e-05 0.000805742 2.17339e-06
32.43 0.0338932 0.00421175 -0.00816135 -1.57436e-05 0.000798999 2.16424e-06
32.44 0.0334542 0.00420619 -0.00822315 -1.56263e-05 0.000792258 2.15356e-06
32.45 0.0330139 0.0042002 -0.00828643 -1.55051e-05 0.000785522 2.14135e-06
32.46 0.0325722 0.00419379 -0.00834942 -1.53814e-05 0.000778792 2.12761e-06
32.47 0.0321295 0.00418699 -0.00841037 -1.52564e-05 0.000772071 2.11233e-06
32.48 0.0316859 0.00417982 -0.00846759 -1.51314e-05 0.00076536 2.09555e-06
32.49 0.0312417 0.00417229 -0.00851948 -1.50072e-05 0.000758661 2.07728e-06
32.5 0.0307968 0.0041644 -0.00856459 -1.48847e-05 0.000751976 2.05752e-06
32.51 0.0303517 0.00415618 -0.00860169 -1.47641e-05 0.000745306 2.03628e-06
32.52 0.0299064 0.00414763 -0.00862973 -1.46459e-05 0.000738654 2.01356e-06
32.53 0.0294611 0.00413874 -0.00864795 -1.453e-05 0.000732019 1.9894e-06
32.54 0.029016 0.00412952 -0.00865584 -1.44163e-05 0.000725404 1.96381e-06
32.55 0.0285714 0.00411997 -0.00865319 -1.43044e-05 0.000718808 1.93683e-06
32.56 0.0281273 0.00411007 -0.00864007 -1.41938e-05 0.000712233 1.90848e-06
32.57 0.027684 0.00409982 -0.00861685 -1.40837e-05 0.000705679 1.87878e-06
32.58 0.0272418 0.00408921 -0.00858419 -1.39728e-05 0.000699146 1.84775e-06
32.59 0.0268006 0.00407822 -0.00854298 -1.38595e-05 0.000692635 1.81543e-06
32.6 0.0263609 0.00406684 -0.00849439 -1.37428e-05 0.000686145 1.78183e-06
32.61 0.0259226 0.00405505 -0.00843976 -1.36217e-05 0.000679676 1.74699e-06
32.62 0.0254861 0.00404284 -0.00838061 -1.34959e-05 0.000673228 1.71095e-06
32.63 0.0250516 0.0040302 -0.0083186 -1.33648e-05 0.000666801 1.67375e-06
32.64 0.0246191 0.00401712 -0.00825543 -1.32281e-05 0.000660394 1.63544e-06
32.65 0.0241889 0.00400357 -0.00819288 -1.30851e-05 0.000654008 1.59604e-06
32.66 0.0237611 0.00398956 -0.00813268 -1.29354e-05 0.000647641 1.5556e-06
32.67 0.023336 0.00397508 -0.00807651 -1.27784e-05 0.000641295 1.51413e-06
32.68 0.0229138 0.00396012 -0.00802594 -1.26135e-05 0.000634969 1.47167e-06
32.69 0.0224944 0.00394469 -0.00798236 -1.24404e-05 0.000628663 1.42826e-06
32.7 0.0220783 0.00392879 -0.00794701 -1.22589e-05 0.000622378 1.38395e-06
32.71 0.0216655 0.00391242 -0.00792085 -1.20687e-05 0.000616113 1.33876e-06
32.72 0.0212561 0.0038956 -0.00790462 -1.187e-05 0.000609871 1.29273e-06
32.73 0.0208504 0.00387835 -0.00789877 -1.1663e-05 0.000603651 1.24588e-06
32.74 0.0204485 0.00386067 -0.00790346 -1.14481e-05 0.000597455 1.19825e-06
32.75 0.0200505 0.00384258 -0.00791856 -1.12259e-05 0.000591284 1.14988e-06
32.76 0.0196566 0.00382412 -0.00794365 -1.09973e-05 0.00058514 1.10081e-06
32.77 0.019267 0.00380529 -0.00797801 -1.07633e-05 0.000579024 1.05106e-06
32.78 0.0188818 0.00378614 -0.00802069 -1.05249e-05 0.000572939 1.00068e-06
32.79 0.0185012 0.00376667 -0.0080705 -1.02833e-05 0.000566886 9.49692e-07
32.8 0.0181252 0.00374693 -0.00812604 -1.00395e-05 0.000560869 8.98132e-07
32.81 0.0177541 0.00372692 -0.00818576 -9.79475e-06 0.000554889 8.46046e-07
32.82 0.0173879 0.00370668 -0.008248 -9.54988e-06 0.00054895 7.93474e-07
32.83 0.0170268 0.00368623 -0.00831102 -9.30575e-06 0.000543053 7.40448e-07
32.84 0.0166709 0.00366558 -0.00837306 -9.06301e-06 0.000537203 6.87001e-07
32.85 0.0163204 0.00364476 -0.00843239 -8.82216e-06 0.000531401 6.33168e-07
32.86 0.0159753 0.00362378 -0.00848737 -8.58354e-06 0.000525651 5.78995e-07
32.87 0.0156358 0.00360265 -0.00853646 -8.34731e-06 0.000519955 5.24527e-07
32.88 0.0153021 0.00358138 -0.0085783 -8.11352e-06 0.000514317 4.6981e-07
32.89 0.0149742 0.00355997 -0.00861173 -7.88207e-06 0.00050874 4.14883e-07
32.9 0.0146522 0.00353843 -0.00863583 -7.65273e-06 0.000503225 3.59785e-07
32.91 0.0143363 0.00351676 -0.00864992 -7.42518e-06 0.000497776 3.04559e-07
32.92 0.0140265 0.00349495 -0.00865362 -7.19901e-06 0.000492395 2.49259e-07
32.93 0.013723 0.00347299 -0.00864683 -6.97371e-06 0.000487085 1.93938e-07
32.94 0.0134259 0.00345088 -0.00862975 -6.74873e-06 0.000481848 1.38643e-07
32.95 0.0131352 0.00342861 -0.00860285 -6.52344e-06 0.000476685 8.34185e-08
32.96 0.0128511 0.00340616 -0.00856688 -6.29718e-06 0.000471601 2.83087e-08
32.97 0.0125736 0.00338353 -0.00852284 -6.06926e-06 0.000466595 -2.66384e-08
32.98 0.0123028 0.00336071 -0.00847196 -5.83899e-06 0.00046167 -8.13694e-08
32.99 0.0120389 0.00333768 -0.00841566 -5.60571e-06 0.000456828 -1.35833e-07
33 0.0117818 0.00331444 -0.0083555 -5.36881e-06 0.000452071 -1.89984e-07
33.01 0.0115317 0.00329098 -0.00829316 -5.12777e-06 0.000447401 -2.4378e-07
33.02 0.0112886 0.00326729 -0.00823037 -4.88216e-06 0.000442818 -2.97183e-07
33.03 0.0110525 0.00324338 -0.00816887 -4.63171e-06 0.000438326 -3.50147e-07
33.04 0.0108237 0.00321924 -0.00811038 -4.37629e-06 0.000433926 -4.02624e-07
33.05 0.010602 0.00319488 -0.00805653 -4.11593e-06 0.000429619 -4.54571e-07
33.06 0.0103875 0.0031703 -0.00800882 -3.85084e-06 0.000425409 -5.0595e-07
33.07 0.0101804 0.00314552 -0.00796857 -3.5814e-06 0.000421296 -5.56727e-07
33.08 0.00998063 0.00312055 -0.00793691 -3.30813e-06 0.000417284 -6.0687e-07
33.09 0.00978822 0.0030954 -0.00791472 -3.0317e-06 0.000413374 -6.5634e-07
33.1 0.00960324 0.00307009 -0.00790261 -2.75289e-06 0.00040957 -7.05099e-07
33.11 0.00942572 0.00304466 -0.00790091 -2.4726e-06 0.000405874 -7.53111e-07
33.12 0.00925568 0.00301911 -0.00790969 -2.19178e-06 0.000402288 -8.00348e-07
33.13 0.00909315 0.00299348 -0.00792868 -1.91141e-06 0.000398816 -8.46784e-07
33.14 0.00893818 0.00296779 -0.00795735 -1.63249e-06 0.000395461 -8.92391e-07
33.15 0.00879076 0.00294206 -0.00799491 -1.35598e-06 0.000392226 -9.37137e-07
33.16 0.00865094 0.00291633 -0.00804029 -1.08281e-06 0.000389114 -9.8099e-07
33.17 0.00851872 0.00289062 -0.00809224 -8.13806e-07 0.000386129 -1.02392e-06
33.18 0.00839413 0.00286495 -0.0081493 -5.49726e-07 0.000383274 -1.06591e-06
33.19 0.00827718 0.00283935 -0.00820987 -2.91201e-07 0.000380553 -1.10693e-06
33.2 0.00816789 0.00281382 -0.00827227 -3.87355e-08 0.000377968 -1.14696e-06
33.21 0.00806626 0.0027884 -0.00833475 2.07305e-07 0.000375523 -1.18596e-06
33.22 0.00797232 0.00276309 -0.00839558 4.46703e-07 0.000373222 -1.22391e-06
33.23 0.00788605 0.00273791 -0.00845306 6.79391e-07 0.000371068 -1.26078e-06
33.24 0.00780749 0.00271286 -0.00850559 9.05457e-07 0.000369063 -1.29655e-06
33.25 0.00773662 0.00268795 -0.00855171 1.12514e-06 0.000367211 -1.33119e-06
33.26 0.00767345 0.00266318 -0.00859014 1.33881e-06 0.000365515 -1.36468e-06
33.27 0.00761799 0.00263854 -0.00861981 1.54697e-06 0.000363975 -1.39698e-06
33.28 0.00757024 0.00261403 -0.00863991 1.75027e-06 0.000362596 -1.42807e-06
33.29 0.00753019 0.00258964 -0.00864988 1.94939e-06 0.000361378 -1.45793e-06
33.3 0.00749783 0.00256537 -0.00864944 2.14513e-06 0.000360324 -1.48653e-06
33.31 0.00747318 0.00254121 -0.00863862 2.3383e-06 0.000359434 -1.51385e-06
33.32 0.00745621 0.00251713 -0.00861771 2.52975e-06 0.00035871 -1.53987e-06
33.33 0.00744692 0.00249314 -0.0085873 2.72027e-06 0.000358152 -1.56455e-06
33.34 0.00744529 0.00246921 -0.00854824 2.91063e-06 0.000357761 -1.58789e-06
33.35 0.00745132 0.00244534 -0.00850162 3.10152e-06 0.000357537 -1.60985e-06
33.36 0.00746499 0.00242152 -0.00844874 3.29351e-06 0.000357479 -1.63043e-06
33.37 0.00748627 0.00239774 -0.00839106 3.48707e-06 0.000357589 -1.64961e-06
33.38 0.00751516 0.00237399 -0.00833019 3.68251e-06 0.000357864 -1.66738e-06
33.39 0.00755164 0.00235028 -0.00826783 3.87996e-06 0.000358305 -1.68371e-06
33.4 0.00759567 0.00232659 -0.00820571 4.07943e-06 0.00035891 -1.69861e-06
33.41 0.00764724 0.00230294 -0.00814556 4.28071e-06 0.000359679 -1.71205e-06
33.42 0.00770631 0.00227933 -0.00808905 4.48346e-06 0.000360611 -1.72405e-06
33.43 0.00777287 0.00225577 -0.00803777 4.68718e-06 0.000361704 -1.73459e-06
33.44 0.00784689 0.00223227 -0.00799313 4.8912e-06 0.000362957 -1.74368e-06
33.45 0.00792832 0.00220885 -0.00795638 5.09476e-06 0.000364369 -1.7513e-06
33.46 0.00801715 0.00218552 -0.00792855 5.29695e-06 0.00036594 -1.75747e-06
33.47 0.00811335 0.0021623 -0.00791041 5.49681e-06 0.000367666 -1.76219e-06
33.48 0.00821687 0.00213921 -0.00790246 5.69332e-06 0.000369549 -1.76546e-06
33.49 0.00832768 0.00211629 -0.00790493 5.88542e-06 0.000371585 -1.7673e-06
33.5 0.00844576 0.00209354 -0.00791774 6.07205e-06 0.000373775 -1.76771e-06
33.51 0.00857106 0.002071 -0.00794053 6.2522e-06 0.000376117 -1.7667e-06
33.52 0.00870355 0.00204868 -0.00797267 6.42491e-06 0.00037861 -1.76428e-06
33.53 0.0088432 0.00202662 -0.00801326 6.5893e-06 0.000381253 -1.76046e-06
33.54 0.00898995 0.00200482 -0.00806116 6.74463e-06 0.000384044 -1.75526e-06
33.55 0.00914379 0.0019833 -0.00811503 6.89033e-06 0.000386984 -1.74869e-06
33.56 0.00930465 0.00196209 -0.00817338 7.02591e-06 0.00039007 -1.74077e-06
33.57 0.00947252 0.0019412 -0.00823456 7.15087e-06 0.000393302 -1.7315e-06
33.58 0.00964733 0.00192063 -0.00829688 7.26455e-06 0.000396678 -1.72091e-06
33.59 0.00982906 0.00190039 -0.0083586 7.36643e-06 0.000400198 -1.70899e-06
33.6 0.0100176 0.00188048 -0.008418 7.45649e-06 0.000403859 -1.69576e-06
33.61 0.0102131 0.0018609 -0.00847343 7.53537e-06 0.00040766 -1.68122e-06
33.62 0.0104152 0.00184165 -0.00852334 7.60426e-06 0.0004116 -1.6654e-06
33.63 0.0106241 0.00182272 -0.00856636 7.66457e-06 0.000415677 -1.64832e-06
33.64 0.0108397 0.0018041 -0.00860128 7.71775e-06 0.000419888 -1.63001e-06
33.65 0.0110619 0.00178578 -0.00862714 7.76518e-06 0.000424231 -1.61049e-06
33.66 0.0112906 0.00176775 -0.00864323 7.80813e-06 0.000428704 -1.58975e-06
33.67 0.0115259 0.00174998 -0.0086491 7.84775e-06 0.000433304 -1.5678e-06
33.68 0.0117676 0.00173246 -0.0086446 7.88511e-06 0.000438028 -1.54466e-06
33.69 0.0120157 0.00171518 -0.00862985 7.92118e-06 0.000442873 -1.52036e-06
33.7 0.0122701 0.00169812 -0.00860528 7.95678e-06 0.000447835 -1.49494e-06
33.71 0.0125307 0.00168126 -0.00857156 7.99259e-06 0.00045291 -1.46839e-06
33.72 0.0127975 0.00166459 -0.00852964 8.02915e-06 0.000458096 -1.44074e-06
33.73 0.0130704 0.00164809 -0.00848068 8.06682e-06 0.000463386 -1.41199e-06
33.74 0.0133494 0.00163177 -0.00842605 8.10585e-06 0.000468779 -1.38218e-06
33.75 0.0136343 0.0016156 -0.00836727 8.14637e-06 0.000474268 -1.35135e-06
33.76 0.0139251 0.00159959 -0.00830598 8.18839e-06 0.00047985 -1.31953e-06
33.77 0.0142217 0.00158373 -0.00824388 8.23183e-06 0.000485521 -1.28674e-06
33.78 0.014524 0.00156803 -0.00818271 8.27646e-06 0.000491275 -1.253e-06
33.79 0.014832 0.00155249 -0.00812415 8.32191e-06 0.000497109 -1.21834e-06
33.8 0.0151454 0.00153712 -0.00806986 8.36763e-06 0.000503018 -1.18281e-06
33.81 0.0154643 0.00152192 -0.00802133 8.4129e-06 0.000508997 -1.14645e-06
33.82 0.0157886 0.00150692 -0.00797993 8.45682e-06 0.000515043 -1.10931e-06
33.83 0.0161181 0.00149213 -0.0079468 8.49836e-06 0.000521152 -1.07142e-06
33.84 0.0164528 0.00147756 -0.00792287 8.53634e-06 0.000527319 -1.03279e-06
33.85 0.0167925 0.00146324 -0.00790881 8.56953e-06 0.000533541 -9.93478e-07
33.86 0.0171372 0.00144917 -0.007905 8.59666e-06 0.000539815 -9.53527e-07
33.87 0.0174868 0.00143539 -0.00791155 8.6165e-06 0.000546136 -9.12989e-07
33.88 0.0178411 0.0014219 -0.00792828 8.62786e-06 0.000552502 -8.71905e-07
33.89 0.0182 0.00140873 -0.00795472 8.62971e-06 0.00055891 -8.30305e-07
33.9 0.0185635 0.00139589 -0.00799013 8.62116e-06 0.000565357 -7.88221e-07
33.91 0.0189314 0.00138338 -0.00803352 8.60151e-06 0.000571841 -7.45697e-07
33.92 0.0193036 0.00137123 -0.00808368 8.57026e-06 0.000578359 -7.02786e-07
33.93 0.0196799 0.00135944 -0.0081392 8.52715e-06 0.00058491 -6.59535e-07
33.94 0.0200603 0.00134802 -0.00819853 8.47212e-06 0.00059149 -6.15983e-07
33.95 0.0204447 0.00133695 -0.00826003 8.40531e-06 0.000598098 -5.72155e-07
33.96 0.0208328 0.00132625 -0.00832198 8.32707e-06 0.000604732 -5.28084e-07
33.97 0.0212246 0.00131591 -0.00838264 8.23791e-06 0.000611391 -4.83813e-07
33.98 0.02162 0.00130591 -0.00844034 8.13849e-06 0.000618073 -4.39387e-07
33.99 0.0220187 0.00129624 -0.00849346 8.02961e-06 0.000624775 -3.94848e-07
34 0.0224208 0.0012869 -0.00854054 7.91219e-06 0.000631497 -3.50225e-07
34.01 0.0228259 0.00127785 -0.00858026 7.78722e-06 0.000638237 -3.0554e-07
34.02 0.023234 0.00126909 -0.00861153 7.65577e-06 0.000644992 -2.60822e-07
34.03 0.0236449 0.00126059 -0.00863347 7.51896e-06 0.000651762 -2.1611e-07
34.04 0.0240586 0.00125233 -0.00864549 7.37795e-06 0.000658543 -1.71446e-07
34.05 0.0244747 0.00124428 -0.00864725 7.23396e-06 0.000665335 -1.26866e-07
34.06 0.0248932 0.00123644 -0.00863871 7.08807e-06 0.000672135 -8.23982e-08
34.07 0.0253139 0.00122877 -0.00862011 6.94095e-06 0.00067894 -3.80699e-08
34.08 0.0257367 0.00122125 -0.00859198 6.79257e-06 0.000685749 6.0892e-09
34.09 0.0261614 0.00121387 -0.00855509 6.6427e-06 0.000692559 5.00555e-08
34.1 0.0265878 0.00120661 -0.00851048 6.49157e-06 0.000699368 9.38123e-08
34.11 0.0270157 0.00119946 -0.00845939 6.34012e-06 0.000706173 1.37336e-07
34.12 0.027445 0.0011924 -0.00840323 6.18983e-06 0.000712972 1.80582e-07
34.13 0.0278756 0.00118544 -0.00834359 6.04213e-06 0.000719761 2.23486e-07
34.14 0.0283072 0.00117855 -0.0082821 5.89812e-06 0.000726539 2.65995e-07
34.15 0.0287397 0.00117175 -0.0082205 5.75842e-06 0.000733303 3.08079e-07
34.16 0.0291729 0.00116503 -0.00816048 5.62314e-06 0.00074005 3.49726e-07
34.17 0.0296067 0.0011584 -0.00810373 5.492e-06 0.000746779 3.9092e-07
34.18 0.0300408 0.00115187 -0.00805181 5.3644e-06 0.000753487 4.31619e-07
34.19 0.0304751 0.00114544 -0.00800619 5.23948e-06 0.000760172 4.71764e-07
34.2 0.0309095 0.00113914 -0.00796813 5.11618e-06 0.000766832 5.11307e-07
34.21 0.0313436 0.00113295 -0.00793869 4.9933e-06 0.000773465 5.50222e-07
34.22 0.0317775 0.00112692 -0.00791869 4.86955e-06 0.00078007 5.88497e-07
34.23 0.0322109 0.00112104 -0.00790868 4.74361e-06 0.000786646 6.26111e-07
34.24 0.0326436 0.00111532 -0.00790895 4.61429e-06 0.000793191 6.63021e-07
34.25 0.0330754 0.00110979 -0.00791949 4.48052e-06 0.000799704 6.99172e-07
34.26 0.0335062 0.00110446 -0.00793999 4.34148e-06 0.000806185 7.34522e-07
34.27 0.0339359 0.00109932 -0.00796989 4.1966e-06 0.000812633 7.6905e-07
34.28 0.0343641 0.00109439 -0.00800835 4.04553e-06 0.000819048 8.02747e-07
34.29 0.0347908 0.00108968 -0.00805429 3.88807e-06 0.000825429 8.35587e-07
34.3 0.0352158 0.00108517 -0.00810644 3.72418e-06 0.000831776 8.6753e-07
34.31 0.035639 0.00108088 -0.00816332 3.55391e-06 0.00083809 8.9853e-07
34.32 0.03606 0.0010768 -0.00822336 3.37738e-06 0.00084437 9.2856e-07
34.33 0.0364788 0.00107291 -0.00828488 3.19474e-06 0.000850616 9.57613e-07
34.34 0.0368952 0.0010692 -0.00834616 3.00622e-06 0.000856829 9.85689e-07
34.35 0.037309 0.00106567 -0.0084055 2.81212e-06 0.000863008 1.01277e-06
34.36 0.0377201 0.00106229 -0.00846125 2.61279e-06 0.000869155 1.03883e-06
34.37 0.0381283 0.00105905 -0.00851186 2.4087e-06 0.000875268 1.06384e-06
34.38 0.0385333 0.00105592 -0.00855592 2.20041e-06 0.000881348 1.08777e-06
34.39 0.0389351 0.00105288 -0.0085922 1.98859e-06 0.000887395 1.11065e-06
34.4 0.0393335 0.00104991 -0.00861971 1.77399e-06 0.000893408 1.13247e-06
34.41 0.0397283 0.00104698 -0.00863768 1.55748e-06 0.000899387 1.15323e-06
34.42 0.0401194 0.00104408 -0.00864562 1.33994e-06 0.000905331 1.17289e-06
34.43 0.0405065 0.00104117 -0.00864331 1.12229e-06 0.000911239 1.19144e-06
34.44 0.0408896 0.00103824 -0.00863082 9.0543e-07 0.00091711 1.20887e-06
34.45 0.0412684 0.00103527 -0.00860849 6.90165e-07 0.000922943 1.22519e-06
34.46 0.0416429 0.00103224 -0.00857697 4.772e-07 0.000928736 1.24042e-06
34.47 0.0420128 0.00102914 -0.00853711 2.67087e-07 0.000934487 1.25452e-06
34.48 0.0423781 0.00102595 -0.00849004 6.02092e-08 0.000940195 1.2675e-06
34.49 0.0427386 0.00102267 -0.00843707 -1.43229e-07 0.000945858 1.27933e-06
34.5 0.0430941 0.00101929 -0.00837967 -3.43202e-07 0.000951473 1.29001e-06
34.51 0.0434445 0.0010158 -0.00831943 -5.39847e-07 0.000957039 1.29956e-06
34.52 0.0437897 0.00101222 -0.00825804 -7.33447e-07 0.000962552 1.30798e-06
34.53 0.0441296 0.00100853 -0.0081972 -9.24395e-07 0.00096801 1.31525e-06
34.54 0.0444639 0.00100476 -0.00813861 -1.11314e-06 0.000973411 1.32138e-06
34.55 0.0447927 0.00100089 -0.00808389 -1.30011e-06 0.000978752 1.32633e-06
34.56 0.0451158 0.000996952 -0.00803459 -1.48587e-06 0.000984032 1.33012e-06
34.57 0.045433 0.000992946 -0.00799205 -1.67145e-06 0.000989246 1.33275e-06
34.58 0.0457444 0.000988882 -0.00795748 -1.8585e-06 0.000994394 1.33422e-06
34.59 0.0460496 0.000984771 -0.00793183 -2.04879e-06 0.000999473 1.33456e-06
34.6 0.0463488 0.00098062 -0.00791583 -2.24331e-06 0.00100448 1.33376e-06
34.61 0.0466416 0.000976439 -0.0079099 -2.44192e-06 0.00100942 1.33185e-06
34.62 0.0469282 0.000972236 -0.00791423 -2.64363e-06 0.00101427 1.32882e-06
34.63 0.0472083 0.000968015 -0.00792868 -2.84711e-06 0.00101906 1.32464e-06
34.64 0.0474818 0.00096378 -0.00795285 -3.05116e-06 0.00102376 1.3193e-06
34.65 0.0477488 0.000959533 -0.00798606 -3.25483e-06 0.00102838 1.31281e-06
34.66 0.0480091 0.000955271 -0.00802739 -3.45739e-06 0.00103292 1.30521e-06
34.67 0.0482626 0.000950988 -0.00807568 -3.65832e-06 0.00103738 1.29653e-06
34.68 0.0485092 0.000946679 -0.00812959 -3.85718e-06 0.00104175 1.28678e-06
34.69 0.0487489 0.000942331 -0.00818759 -4.05361e-06 0.00104604 1.27596e-06
34.7 0.0489816 0.000937934 -0.00824809 -4.24723e-06 0.00105023 1.26405e-06
34.71 0.0492072 0.000933471 -0.00830939 -4.43773e-06 0.00105434 1.25111e-06
34.72 0.0494257 0.000928925 -0.00836978 -4.62479e-06 0.00105836 1.23716e-06
34.73 0.0496369 0.000924278 -0.00842758 -4.80804e-06 0.00106229 1.22225e-06
34.74 0.0498409 0.000919509 -0.00848118 -4.98706e-06 0.00106613 1.20639e-06
34.75 0.0500376 0.000914598 -0.0085291 -5.16128e-06 0.00106987 1.18958e-06
34.76 0.0502269 0.000909523 -0.00857 -5.33003e-06 0.00107351 1.17184e-06
34.77 0.0504088 0.000904263 -0.00860276 -5.49252e-06 0.00107706 1.15319e-06
34.78 0.0505832 0.000898797 -0.00862645 -5.64794e-06 0.00108051 1.13369e-06
34.79 0.0507501 0.000893107 -0.00864043 -5.79556e-06 0.00108385 1.11337e-06
34.8 0.0509094 0.000887176 -0.00864432 -5.93479e-06 0.0010871 1.09224e-06
34.81 0.0510612 0.000880987 -0.00863801 -6.06527e-06 0.00109023 1.0703e-06
34.82 0.0512053 0.000874529 -0.00862168 -6.18688e-06 0.00109326 1.04757e-06
34.83 0.0513418 0.000867791 -0.00859579 -6.29979e-06 0.00109618 1.0241e-06
34.84 0.0514706 0.000860765 -0.00856106 -6.40444e-06 0.00109898 9.99919e-07
34.85 0.0515916 0.000853449 -0.00851846 -6.5015e-06 0.00110167 9.75072e-07
34.86 0.051705 0.000845839 -0.00846918 -6.59182e-06 0.00110423 9.49563e-07
34.87 0.0518106 0.00083794 -0.00841459 -6.6764e-06 0.00110668 9.234e-07
34.88 0.0519085 0.000829754 -0.0083562 -6.75629e-06 0.001109 8.96607e-07
34.89 0.0519987 0.00082129 -0.00829565 -6.8326e-06 0.00111119 8.69226e-07
34.9 0.0520811 0.000812556 -0.00823463 -6.90637e-06 0.00111324 8.41297e-07
34.91 0.0521557 0.000803565 -0.00817482 -6.97862e-06 0.00111517 8.12843e-07
34.92 0.0522226 0.000794329 -0.00811789 -7.05025e-06 0.00111695 7.8387e-07
34.93 0.0522817 0.000784862 -0.00806544 -7.12207e-06 0.0011186 7.54386e-07
34.94 0.0523331 0.000775177 -0.00801891 -7.19477e-06 0.0011201 7.24419e-07
34.95 0.0523768 0.00076529 -0.00797962 -7.26894e-06 0.00112145 6.9401e-07
34.96 0.0524128 0.000755212 -0.00794865 -7.34505e-06 0.00112266 6.63198e-07
34.97 0.052441 0.000744958 -0.00792686 -7.4235e-06 0.00112372 6.32003e-07
34.98 0.0524615 0.000734536 -0.00791486 -7.50453e-06 0.00112462 6.00436e-07
34.99 0.0524744 0.000723957 -0.00791299 -7.5883e-06 0.00112538 5.68512e-07
35 0.0524796 0.000713227 -0.00792129 -7.67481e-06 0.00112598 5.3627e-07
35.01 0.0524772 0.000702348 -0.00793954 -7.76392e-06 0.00112642 5.03756e-07
35.02 0.0524671 0.000691323 -0.00796721 -7.85532e-06 0.00112671 4.7101e-07
35.03 0.0524495 0.000680149 -0.00800355 -7.94852e-06 0.00112683 4.38058e-07
35.04 0.0524242 0.000668822 -0.00804752 -8.04284e-06 0.00112681 4.04916e-07
35.05 0.0523914 0.000657334 -0.0080979 -8.13734e-06 0.00112662 3.7161e-07
35.06 0.0523511 0.000645675 -0.00815329 -8.23102e-06 0.00112628 3.38181e-07
35.07 0.0523033 0.000633832 -0.00821214 -8.32312e-06 0.00112578 3.04675e-07
35.08 0.052248 0.000621789 -0.0082728 -8.41336e-06 0.00112513 2.71133e-07
35.09 0.0521852 0.000609529 -0.00833358 -8.50148e-06 0.00112432 2.37599e-07
35.1 0.052115 0.000597031 -0.0083928 -8.58662e-06 0.00112335 2.04118e-07
35.11 0.0520374 0.000584277 -0.0084488 -8.667e-06 0.00112223 1.70735e-07
35.12 0.0519525 0.000571247 -0.00850002 -8.74024e-06 0.00112096 1.37476e-07
35.13 0.0518602 0.000557923 -0.00854505 -8.80388e-06 0.00111954 1.04357e-07
35.14 0.0517606 0.000544286 -0.00858262 -8.85577e-06 0.00111796 7.13945e-08
35.15 0.0516538 0.00053032 -0.00861171 -8.89423e-06 0.00111624 3.86246e-08
35.16 0.0515397 0.00051601 -0.0086315 -8.91809e-06 0.00111436 6.10128e-09
35.17 0.0514185 0.000501344 -0.00864145 -8.92663e-06 0.00111234 -2.6125e-08
35.18 0.0512901 0.000486311 -0.00864129 -8.91953e-06 0.00111017 -5.80244e-08
35.19 0.0511546 0.000470905 -0.00863102 -8.89686e-06 0.00110785 -8.9583e-08
35.2 0.0510121 0.000455123 -0.00861093 -8.85897e-06 0.00110539 -1.20785e-07
35.21 0.0508626 0.000438966 -0.00858159 -8.80656e-06 0.00110279 -1.51598e-07
35.22 0.0507061 0.000422437 -0.00854381 -8.74059e-06 0.00110004 -1.81976e-07
35.23 0.0505428 0.000405543 -0.00849865 -8.66221e-06 0.00109714 -2.11882e-07
35.24 0.0503726 0.000388294 -0.00844736 -8.57269e-06 0.00109411 -2.41298e-07
35.25 0.0501956 0.000370705 -0.00839137 -8.47337e-06 0.00109093 -2.7022e-07
35.26 0.0500119 0.000352789 -0.00833224 -8.36554e-06 0.00108761 -2.9864e-07
35.27 0.0498215 0.000334566 -0.00827161 -8.25047e-06 0.00108415 -3.26532e-07
35.28 0.0496246 0.000316054 -0.00821118 -8.1294e-06 0.00108055 -3.53865e-07
35.29 0.0494211 0.000297274 -0.00815262 -8.00356e-06 0.00107682 -3.80616e-07
35.3 0.0492111 0.000278248 -0.00809756 -7.87419e-06 0.00107295 -4.06781e-07
35.31 0.0489947 0.000258996 -0.00804753 -7.74256e-06 0.00106894 -4.32361e-07
35.32 0.048772 0.000239539 -0.00800394 -7.60994e-06 0.0010648 -4.57348e-07
35.33 0.048543 0.000219898 -0.00796798 -7.4776e-06 0.00106053 -4.81717e-07
35.34 0.0483077 0.000200089 -0.00794067 -7.34674e-06 0.00105613 -5.05438e-07
35.35 0.0480664 0.000180129 -0.00792277 -7.21848e-06 0.0010516 -5.28492e-07
35.36 0.0478189 0.000160031 -0.00791476 -7.09375e-06 0.00104694 -5.50875e-07
35.37 0.0475655 0.000139807 -0.00791688 -6.9733e-06 0.00104217 -5.72586e-07
35.38 0.0473061 0.000119463 -0.00792905 -6.85763e-06 0.00103727 -5.93612e-07
35.39 0.0470409 9.90047e-05 -0.00795095 -6.74693e-06 0.00103226 -6.13925e-07
35.4 0.0467698 7.84337e-05 -0.00798195 -6.64111e-06 0.00102713 -6.33498e-07
35.41 0.0464931 5.77483e-05 -0.00802118 -6.53979e-06 0.0010219 -6.52314e-07
35.42 0.0462107 3.69444e-05 -0.00806755 -6.44228e-06 0.00101656 -6.70371e-07
35.43 0.0459227 1.60147e-05 -0.00811977 -6.34768e-06 0.00101112 -6.87666e-07
35.44 0.0456293 -5.0498e-06 -0.00817637 -6.25487e-06 0.00100559 -7.04182e-07
35.45 0.0453304 -2.62605e-05 -0.00823577 -6.16257e-06 0.000999955 -7.19892e-07
35.46 0.0450262 -4.76301e-05 -0.00829631 -6.06944e-06 0.000994236 -7.34771e-07
35.47 0.0447168 -6.9172e-05 -0.00835632 -5.97408e-06 0.000988432 -7.48806e-07
35.48 0.0444021 -9.09004e-05 -0.00841411 -5.87512e-06 0.000982548 -7.61996e-07
35.49 0.0440825 -0.000112829 -0.00846807 -5.77125e-06 0.000976588 -7.74337e-07
35.5 0.0437578 -0.000134971 -0.00851671 -5.66122e-06 0.000970556 -7.85813e-07
35.51 0.0434282 -0.000157338 -0.00855868 -5.54392e-06 0.000964456 -7.96397e-07
35.52 0.0430939 -0.00017994 -0.0085928 -5.41838e-06 0.000958292 -8.06074e-07
35.53 0.0427548 -0.000202785 -0.00861814 -5.28375e-06 0.000952069 -8.14839e-07
35.54 0.0424112 -0.000225878 -0.00863398 -5.13934e-06 0.000945789 -8.22698e-07
35.55 0.042063 -0.000249223 -0.0086399 -4.98461e-06 0.000939457 -8.29653e-07
35.56 0.0417105 -0.000272817 -0.00863574 -4.8192e-06 0.000933076 -8.35696e-07
35.57 0.0413537 -0.000296657 -0.00862161 -4.64319e-06 0.000926649 -8.40819e-07
35.58 0.0409928 -0.000320736 -0.0085979 -4.45715e-06 0.000920179 -8.45015e-07
35.59 0.0406278 -0.000345046 -0.00856529 -4.26188e-06 0.000913669 -8.48287e-07
35.6 0.0402588 -0.000369572 -0.00852467 -4.05806e-06 0.000907121 -8.50638e-07
35.61 0.0398861 -0.000394301 -0.00847718 -3.84608e-06 0.000900538 -8.52073e-07
35.62 0.0395097 -0.000419212 -0.00842415 -3.62612e-06 0.000893923 -8.52602e-07
35.63 0.0391297 -0.000444286 -0.00836704 -3.39842e-06 0.000887278 -8.52244e-07
35.64 0.0387463 -0.000469501 -0.00830745 -3.16344e-06 0.000880604 -8.5102e-07
35.65 0.0383596 -0.000494833 -0.00824703 -2.92193e-06 0.000873904 -8.48942e-07
35.66 0.0379698 -0.000520259 -0.00818746 -2.67485e-06 0.00086718 -8.46016e-07
35.67 0.0375769 -0.000545754 -0.00813041 -2.42335e-06 0.000860434 -8.42248e-07
35.68 0.0371811 -0.000571296 -0.00807746 -2.16866e-06 0.000853667 -8.37652e-07
35.69 0.0367826 -0.000596862 -0.00803008 -1.91203e-06 0.000846883 -8.32249e-07
35.7 0.0363814 -0.000622431 -0.00798959 -1.65471e-06 0.000840083 -8.26061e-07
35.71 0.0359777 -0.000647983 -0.00795713 -1.39786e-06 0.000833268 -8.19104e-07
35.72 0.0355717 -0.000673501 -0.00793359 -1.14258e-06 0.000826442 -8.11386e-07
35.73 0.0351635 -0.00069897 -0.00791963 -8.89775e-07 0.000819607 -8.02916e-07
35.74 0.0347533 -0.00072438 -0.00791564 -6.40181e-07 0.000812764 -7.9371e-07
35.75 0.0343411 -0.00074972 -0.00792172 -3.94292e-07 0.000805916 -7.83791e-07
35.76 0.0339271 -0.000774985 -0.0079377 -1.52352e-07 0.000799067 -7.73182e-07
35.77 0.0335115 -0.000800171 -0.00796314 8.56407e-08 0.000792218 -7.61896e-07
35.78 0.0330945 -0.000825279 -0.00799733 3.199e-07 0.000785371 -7.49945e-07
35.79 0.0326761 -0.000850311 -0.00803929 5.5081e-07 0.000778531 -7.37339e-07
35.8 0.0322565 -0.00087527 -0.00808787 7.78877e-07 0.000771699 -7.24097e-07
35.81 0.0318359 -0.000900163 -0.00814171 1.00468e-06 0.000764879 -7.10241e-07
35.82 0.0314144 -0.000924997 -0.00819929 1.22886e-06 0.000758073 -6.95792e-07
35.83 0.0309922 -0.000949782 -0.00825902 1.45204e-06 0.000751284 -6.80761e-07
35.84 0.0305694 -0.000974527 -0.00831922 1.67487e-06 0.000744515 -6.65157e-07
35.85 0.0301463 -0.000999239 -0.00837823 1.89796e-06 0.000737768 -6.48995e-07
35.86 0.0297228 -0.00102393 -0.00843439 2.12189e-06 0.000731047 -6.32292e-07
35.87 0.0292993 -0.0010486 -0.00848614 2.34722e-06 0.000724353 -6.15075e-07
35.88 0.0288759 -0.00107327 -0.00853205 2.57446e-06 0.000717689 -5.97362e-07
35.89 0.0284527 -0.00109793 -0.00857084 2.80406e-06 0.000711058 -5.79169e-07
35.9 0.02803 -0.00112258 -0.00860144 3.03643e-06 0.000704461 -5.60512e-07
35.91 0.0276078 -0.00114723 -0.00862299 3.27189e-06 0.0006979 -5.41411e-07
35.92 0.0271864 -0.00117187 -0.0086349 3.51069e-06 0.000691377 -5.21892e-07
35.93 0.0267659 -0.0011965 -0.00863684 3.75296e-06 0.000684893 -5.01987e-07
35.94 0.0263464 -0.0012211 -0.00862877 3.99873e-06 0.00067845 -4.81721e-07
35.95 0.0259283 -0.00124567 -0.00861091 4.24789e-06 0.000672049 -4.61117e-07
35.96 0.0255116 -0.00127019 -0.00858376 4.50021e-06 0.00066569 -4.40198e-07
35.97 0.0250965 -0.00129463 -0.00854808 4.7553e-06 0.000659374 -4.18991e-07
35.98 0.0246831 -0.001319 -0.00850487 5.01268e-06 0.000653101 -3.9753e-07
35.99 0.0242717 -0.00134325 -0.00845531 5.27173e-06 0.000646872 -3.75851e-07
36 0.0238625 -0.00136737 -0.00840081 5.53175e-06 0.000640688 -3.53982e-07
36.01 0.0234555 -0.00139134 -0.00834287 5.79197e-06 0.000634547 -3.3195e-07
36.02 0.023051 -0.00141512 -0.0082831 6.0516e-06 0.00062845 -3.0978e-07
36.03 0.0226491 -0.00143871 -0.00822317 6.30984e-06 0.000622397 -2.87505e-07
36.04 0.0222499 -0.00146208 -0.00816474 6.56593e-06 0.000616389 -2.6516e-07
36.05 0.0218538 -0.00148519 -0.00810945 6.81915e-06 0.000610424 -2.42779e-07
36.06 0.0214607 -0.00150804 -0.00805883 7.06887e-06 0.000604504 -2.2039e-07
36.07 0.0210709 -0.00153061 -0.00801429 7.31457e-06 0.000598628 -1.98019e-07
36.08 0.0206845 -0.00155288 -0.00797707 7.55588e-06 0.000592796 -1.7569e-07
36.09 0.0203018 -0.00157483 -0.00794822 7.79252e-06 0.000587009 -1.53436e-07
36.1 0.0199227 -0.00159646 -0.00792852 8.02432e-06 0.000581268 -1.31288e-07
36.11 0.0195475 -0.00161776 -0.00791853 8.25119e-06 0.000575573 -1.09276e-07
36.12 0.0191764 -0.00163872 -0.00791853 8.47312e-06 0.000569925 -8.74237e-08
36.13 0.0188094 -0.00165934 -0.00792851 8.69018e-06 0.000564325 -6.57477e-08
36.14 0.0184467 -0.00167963 -0.0079482 8.90256e-06 0.000558773 -4.42691e-08
36.15 0.0180885 -0.00169958 -0.00797704 9.11052e-06 0.000553273 -2.30142e-08
36.16 0.0177349 -0.0017192 -0.00801422 9.31442e-06 0.000547824 -2.0103e-09
36.17 0.0173861 -0.0017385 -0.00805871 9.51468e-06 0.000542428 1.87194e-08
36.18 0.0170421 -0.00175749 -0.00810925 9.71175e-06 0.000537088 3.91581e-08
36.19 0.0167031 -0.00177618 -0.00816445 9.90612e-06 0.000531805 5.92915e-08
36.2 0.0163692 -0.00179457 -0.00822275 1.00983e-05 0.000526581 7.91015e-08
36.21 0.0160406 -0.00181267 -0.00828254 1.02887e-05 0.000521419 9.85647e-08
36.22 0.0157173 -0.0018305 -0.00834214 1.04778e-05 0.00051632 1.17657e-07
36.23 0.0153996 -0.00184807 -0.00839989 1.06661e-05 0.000511286 1.36358e-07
36.24 0.0150875 -0.00186537 -0.00845419 1.08538e-05 0.00050632 1.54654e-07
36.25 0.0147811 -0.00188242 -0.00850352 1.10411e-05 0.000501424 1.72531e-07
36.26 0.0144807 -0.00189921 -0.00854652 1.12282e-05 0.0004966 1.89968e-07
36.27 0.0141861 -0.00191575 -0.00858199 1.1415e-05 0.000491849 2.06943e-07
36.28 0.0138977 -0.00193203 -0.00860895 1.16014e-05 0.000487175 2.23432e-07
36.29 0.0136155 -0.00194804 -0.00862665 1.17872e-05 0.000482578 2.39415e-07
36.3 0.0133396 -0.00196379 -0.0086346 1.1972e-05 0.00047806 2.54877e-07
36.31 0.0130701 -0.00197925 -0.00863259 1.21553e-05 0.000473623 2.69802e-07
36.32 0.012807 -0.00199442 -0.00862067 1.23366e-05 0.000469268 2.84168e-07
36.33 0.0125506 -0.00200928 -0.00859918 1.25152e-05 0.000464997 2.97952e-07
36.34 0.0123009 -0.00202381 -0.00856873 1.26904e-05 0.000460811 3.1113e-07
36.35 0.0120579 -0.002038 -0.00853015 1.28616e-05 0.000456711 3.23682e-07
36.36 0.0118218 -0.00205182 -0.00848453 1.3028e-05 0.000452697 3.35596e-07
36.37 0.0115927 -0.00206525 -0.00843314 1.31889e-05 0.000448771 3.46854e-07
36.38 0.0113706 -0.00207827 -0.00837739 1.33435e-05 0.000444934 3.57437e-07
36.39 0.0111555 -0.00209087 -0.00831886 1.34914e-05 0.000441186 3.67324e-07
36.4 0.0109476 -0.00210302 -0.00825916 1.36318e-05 0.000437529 3.76495e-07
36.41 0.010747 -0.0021147 -0.00819995 1.37644e-05 0.000433962 3.84938e-07
36.42 0.0105536 -0.00212591 -0.00814289 1.38888e-05 0.000430487 3.92645e-07
36.43 0.0103675 -0.00213662 -0.00808956 1.40047e-05 0.000427105 3.99604e-07
36.44 0.0101888 -0.00214683 -0.00804144 1.41119e-05 0.000423817 4.05803e-07
36.45 0.0100176 -0.00215653 -0.00799988 1.42106e-05 0.000420624 4.11228e-07
36.46 0.00985377 -0.0021657 -0.00796604 1.43007e-05 0.000417528 4.15871e-07
36.47 0.0096975 -0.00217436 -0.00794085 1.43827e-05 0.000414529 4.19728e-07
36.48 0.00954877 -0.00218249 -0.00792502 1.44568e-05 0.000411629 4.228e-07
36.49 0.00940762 -0.00219011 -0.00791899 1.45236e-05 0.000408831 4.25083e-07
36.5 0.00927408 -0.00219722 -0.00792292 1.45837e-05 0.000406135 4.26575e-07
36.51 0.00914817 -0.00220382 -0.0079367 1.46376e-05 0.000403544 4.2727e-07
36.52 0.00902991 -0.00220994 -0.00795994 1.46862e-05 0.00040106 4.27172e-07
36.53 0.00891933 -0.00221557 -0.007992 1.47303e-05 0.000398685 4.26284e-07
36.54 0.00881644 -0.00222074 -0.00803197 1.47705e-05 0.000396422 4.24614e-07
36.55 0.00872125 -0.00222546 -0.00807874 1.48076e-05 0.000394273 4.22168e-07
36.56 0.00863379 -0.00222974 -0.00813099 1.48422e-05 0.000392241 4.1895e-07
36.57 0.00855405 -0.00223359 -0.00818728 1.48754e-05 0.000390329 4.14964e-07
36.58 0.00848205 -0.00223704 -0.00824603 1.4908e-05 0.000388539 4.1022e-07
36.59 0.00841778 -0.0022401 -0.0083056 1.49412e-05 0.000386873 4.04716e-07
36.6 0.00836126 -0.00224276 -0.00836433 1.49755e-05 0.000385335 3.98451e-07
36.61 0.00831248 -0.00224505 -0.00842059 1.50109e-05 0.000383927 3.91424e-07
36.62 0.00827144 -0.00224696 -0.0084728 1.50468e-05 0.000382652 3.83651e-07
36.63 0.00823813 -0.0022485 -0.00851952 1.50822e-05 0.000381512 3.75158e-07
36.64 0.00821256 -0.00224968 -0.00855945 1.51163e-05 0.000380509 3.65965e-07
36.65 0.0081947 -0.00225049 -0.00859148 1.51483e-05 0.000379646 3.56075e-07
36.66 0.00818455 -0.00225092 -0.00861473 1.51772e-05 0.000378924 3.45481e-07
36.67 0.00818209 -0.00225097 -0.00862854 1.52022e-05 0.000378345 3.34179e-07
36.68 0.0081873 -0.00225064 -0.00863255 1.52225e-05 0.00037791 3.22181e-07
36.69 0.00820018 -0.0022499 -0.00862664 1.52373e-05 0.000377621 3.0951e-07
36.7 0.00822069 -0.00224875 -0.00861098 1.52457e-05 0.000377478 2.96182e-07
36.71 0.00824881 -0.00224717 -0.00858601 1.52471e-05 0.000377482 2.82198e-07
36.72 0.00828451 -0.00224515 -0.00855242 1.52406e-05 0.000377635 2.67553e-07
36.73 0.00832777 -0.00224267 -0.00851116 1.52256e-05 0.000377935 2.52249e-07
36.74 0.00837855 -0.00223972 -0.00846337 1.52014e-05 0.000378383 2.36303e-07
36.75 0.00843681 -0.00223628 -0.00841039 1.51673e-05 0.000378979 2.19739e-07
36.76 0.00850253 -0.00223234 -0.00835368 1.51229e-05 0.000379722 2.02577e-07
36.77 0.00857566 -0.00222788 -0.00829483 1.50674e-05 0.000380613 1.84822e-07
36.78 0.00865616 -0.00222291 -0.00823546 1.50006e-05 0.00038165 1.66478e-07
36.79 0.00874398 -0.00221741 -0.00817725 1.49221e-05 0.000382833 1.47559e-07
36.8 0.00883909 -0.00221137 -0.0081218 1.48318e-05 0.00038416 1.28093e-07
36.81 0.00894143 -0.0022048 -0.00807066 1.47297e-05 0.000385632 1.08113e-07
36.82 0.00905095 -0.0021977 -0.00802525 1.46162e-05 0.000387247 8.76401e-08
36.83 0.00916761 -0.00219007 -0.00798685 1.44919e-05 0.000389004 6.66881e-08
36.84 0.00929135 -0.00218191 -0.00795651 1.43575e-05 0.000390903 4.52685e-08
36.85 0.00942212 -0.00217325 -0.00793508 1.4214e-05 0.000392943 2.34056e-08
36.86 0.00955986 -0.00216409 -0.00792317 1.40623e-05 0.000395123 1.13557e-09
36.87 0.00970452 -0.00215445 -0.0079211 1.39039e-05 0.000397442 -2.15047e-08
36.88 0.00985604 -0.00214434 -0.00792892 1.37398e-05 0.000399899 -4.44882e-08
36.89 0.0100144 -0.00213379 -0.00794642 1.35714e-05 0.000402494 -6.77968e-08
36.9 0.0101794 -0.00212281 -0.0079731 1.33999e-05 0.000405226 -9.14101e-08
36.91 0.0103512 -0.00211143 -0.00800823 1.32264e-05 0.000408095 -1.15296e-07
36.92 0.0105296 -0.00209967 -0.00805081 1.30521e-05 0.0004111 -1.39412e-07
36.93 0.0107145 -0.00208754 -0.00809966 1.28778e-05 0.000414241 -1.6372e-07
36.94 0.010906 -0.00207508 -0.00815341 1.27045e-05 0.000417516 -1.88192e-07
36.95 0.0111039 -0.00206229 -0.00821056 1.25326e-05 0.000420925 -2.12807e-07
36.96 0.0113082 -0.00204919 -0.00826952 1.23629e-05 0.000424468 -2.37543e-07
36.97 0.0115187 -0.0020358 -0.00832865 1.21956e-05 0.000428144 -2.62365e-07
36.98 0.0117356 -0.00202214 -0.00838629 1.20309e-05 0.000431951 -2.87234e-07
36.99 0.0119586 -0.0020082 -0.00844085 1.18688e-05 0.00043589 -3.12116e-07
37 0.0121877 -0.001994 -0.0084908 1.17092e-05 0.000439959 -3.36988e-07
37.01 0.0124229 -0.00197954 -0.00853476 1.15517e-05 0.000444156 -3.61834e-07
37.02 0.012664 -0.00196482 -0.00857151 1.13959e-05 0.000448481 -3.86634e-07
37.03 0.012911 -0.00194984 -0.00860003 1.12412e-05 0.000452931 -4.11355e-07
37.04 0.0131638 -0.0019346 -0.00861953 1.10868e-05 0.000457504 -4.35964e-07
37.05 0.0134224 -0.00191909 -0.00862947 1.09316e-05 0.0004622 -4.60433e-07
37.06 0.0136866 -0.00190331 -0.00862958 1.07748e-05 0.000467014 -4.84744e-07
37.07 0.0139565 -0.00188724 -0.00861986 1.06155e-05 0.000471944 -5.08878e-07
37.08 0.0142318 -0.00187087 -0.00860059 1.04534e-05 0.000476988 -5.32816e-07
37.09 0.0145126 -0.00185419 -0.00857231 1.02884e-05 0.000482143 -5.56543e-07
37.1 0.0147986 -0.00183719 -0.0085358 1.01198e-05 0.000487405 -5.8005e-07
37.11 0.01509 -0.00181986 -0.00849208 9.94624e-06 0.00049277 -6.03322e-07
37.12 0.0153865 -0.00180219 -0.00844238 9.76578e-06 0.000498235 -6.26329e-07
37.13 0.015688 -0.00178417 -0.00838807 9.57656e-06 0.000503797 -6.49024e-07
37.14 0.0159946 -0.0017658 -0.00833067 9.37699e-06 0.00050945 -6.71368e-07
37.15 0.016306 -0.00174706 -0.00827178 9.16592e-06 0.000515192 -6.93342e-07
37.16 0.0166222 -0.00172797 -0.00821303 8.94267e-06 0.000521017 -7.14943e-07
37.17 0.0169431 -0.00170853 -0.00815606 8.70697e-06 0.000526923 -7.36161e-07
37.18 0.0172686 -0.00168873 -0.00810246 8.4589e-06 0.000532904 -7.56969e-07
37.19 0.0175986 -0.00166859 -0.00805372 8.19888e-06 0.000538957 -7.77322e-07
37.2 0.017933 -0.00164811 -0.0080112 7.9276e-06 0.000545078 -7.97184e-07
37.21 0.0182717 -0.00162732 -0.00797608 7.64603e-06 0.000551263 -8.16535e-07
37.22 0.0186146 -0.00160623 -0.00794935 7.35532e-06 0.000557507 -8.35368e-07
37.23 0.0189616 -0.00158486 -0.00793174 7.05681e-06 0.000563808 -8.53669e-07
37.24 0.0193125 -0.00156323 -0.00792375 6.75189e-06 0.000570161 -8.71403e-07
37.25 0.0196673 -0.00154137 -0.0079256 6.44193e-06 0.000576564 -8.88524e-07
37.26 0.0200259 -0.0015193 -0.00793724 6.12826e-06 0.000583013 -9.04996e-07
37.27 0.0203882 -0.00149704 -0.00795834 5.81212e-06 0.000589504 -9.208e-07
37.28 0.0207539 -0.00147462 -0.00798831 5.49464e-06 0.000596036 -9.35926e-07
37.29 0.0211232 -0.00145207 -0.00802631 5.17691e-06 0.000602605 -9.50352e-07
37.3 0.0214957 -0.00142942 -0.00807127 4.85993e-06 0.000609209 -9.64039e-07
37.31 0.0218715 -0.00140668 -0.00812196 4.54471e-06 0.000615845 -9.76947e-07
37.32 0.0222503 -0.00138387 -0.00817694 4.23217e-06 0.00062251 -9.89048e-07
37.33 0.0226321 -0.00136102 -0.00823469 3.92321e-06 0.000629204 -1.00033e-06
37.34 0.0230167 -0.00133814 -0.00829359 3.61862e-06 0.000635922 -1.0108e-06
37.35 0.0234041 -0.00131525 -0.008352 3.31909e-06 0.000642664 -1.02042e-06
37.36 0.023794 -0.00129236 -0.00840831 3.02517e-06 0.000649426 -1.02918e-06
37.37 0.0241864 -0.00126948 -0.00846093 2.73721e-06 0.000656208 -1.03705e-06
37.38 0.0245812 -0.0012466 -0.00850841 2.45537e-06 0.000663006 -1.044e-06
37.39 0.0249781 -0.00122374 -0.00854943 2.1796e-06 0.000669819 -1.05005e-06
37.4 0.0253771 -0.0012009 -0.00858285 1.9096e-06 0.000676644 -1.05519e-06
37.41 0.0257781 -0.00117806 -0.00860775 1.64489e-06 0.00068348 -1.05941e-06
37.42 0.0261808 -0.00115524 -0.00862344 1.38478e-06 0.000690324 -1.06269e-06
37.43 0.0265852 -0.00113241 -0.00862948 1.12841e-06 0.000697172 -1.06502e-06
37.44 0.0269912 -0.00110958 -0.00862571 8.74855e-07 0.000704024 -1.06639e-06
37.45 0.0273985 -0.00108674 -0.00861225 6.23086e-07 0.000710875 -1.06681e-06
37.46 0.027807 -0.00106387 -0.00858947 3.7209e-07 0.000717724 -1.06629e-06
37.47 0.0282165 -0.00104098 -0.008558 1.20884e-07 0.000724567 -1.06482e-06
37.48 0.0286271 -0.00101805 -0.00851873 -1.31434e-07 0.000731402 -1.06239e-06
37.49 0.0290384 -0.000995078 -0.00847275 -3.85662e-07 0.000738225 -1.05898e-06
37.5 0.0294503 -0.000972064 -0.00842134 -6.42468e-07 0.000745033 -1.05461e-06
37.51 0.0298627 -0.000949004 -0.00836593 -9.02377e-07 0.000751823 -1.04929e-06
37.52 0.0302754 -0.000925899 -0.00830807 -1.16576e-06 0.000758592 -1.04302e-06
37.53 0.0306883 -0.000902753 -0.00824936 -1.43286e-06 0.000765338 -1.0358e-06
37.54 0.0311013 -0.000879572 -0.00819144 -1.70376e-06 0.000772056 -1.02761e-06
37.55 0.031514 -0.000856365 -0.00813592 -1.97849e-06 0.000778745 -1.01846e-06
37.56 0.0319266 -0.000833144 -0.00808435 -2.25686e-06 0.000785401 -1.00834e-06
37.57 0.0323386 -0.000809925 -0.00803816 -2.53818e-06 0.000792021 -9.97274e-07
37.58 0.0327501 -0.000786722 -0.00799865 -2.82117e-06 0.000798604 -9.85255e-07
37.59 0.0331608 -0.000763554 -0.0079669 -3.10432e-06 0.000805147 -9.72295e-07
37.6 0.0335706 -0.00074044 -0.00794382 -3.38656e-06 0.000811647 -9.58406e-07
37.61 0.0339794 -0.000717401 -0.00793003 -3.66757e-06 0.000818103 -9.43596e-07
37.62 0.0343869 -0.000694462 -0.00792593 -3.94752e-06 0.000824513 -9.27859e-07
37.63 0.034793 -0.000671644 -0.00793162 -4.22674e-06 0.000830876 -9.11177e-07
37.64 0.0351977 -0.000648972 -0.00794695 -4.50535e-06 0.000837189 -8.93538e-07
37.65 0.0356006 -0.000626468 -0.00797149 -4.78321e-06 0.000843453 -8.74949e-07
37.66 0.0360017 -0.000604154 -0.00800454 -5.05995e-06 0.000849666 -8.55435e-07
37.67 0.0364008 -0.000582051 -0.00804518 -5.33499e-06 0.000855827 -8.35018e-07
37.68 0.0367978 -0.000560176 -0.00809229 -5.60768e-06 0.000861936 -8.13706e-07
37.69 0.0371925 -0.000538548 -0.00814454 -5.87735e-06 0.000867992 -7.9149e-07
37.7 0.0375846 -0.00051718 -0.00820047 -6.14333e-06 0.000873996 -7.68373e-07
37.71 0.0379742 -0.000496084 -0.00825853 -6.40499e-06 0.000879945 -7.44371e-07
37.72 0.038361 -0.000475271 -0.00831709 -6.66176e-06 0.000885842 -7.1952e-07
37.73 0.0387449 -0.000454747 -0.00837452 -6.91321e-06 0.000891685 -6.93845e-07
37.74 0.0391257 -0.000434515 -0.00842923 -7.15906e-06 0.000897474 -6.67361e-07
37.75 0.0395033 -0.000414577 -0.00847969 -7.39927e-06 0.00090321 -6.40068e-07
37.76 0.0398774 -0.000394933 -0.0085245 -7.634e-06 0.000908891 -6.1198e-07
37.77 0.0402481 -0.000375579 -0.00856242 -7.86362e-06 0.000914519 -5.83123e-07
37.78 0.040615 -0.00035651 -0.00859239 -8.08866e-06 0.000920092 -5.53536e-07
37.79 0.0409781 -0.000337721 -0.00861359 -8.30973e-06 0.000925609 -5.23248e-07
37.8 0.0413372 -0.000319204 -0.00862542 -8.52745e-06 0.000931072 -4.92272e-07
37.81 0.0416921 -0.000300951 -0.00862757 -8.74238e-06 0.000936478 -4.6062e-07
37.82 0.0420428 -0.000282955 -0.00861998 -8.95498e-06 0.000941826 -4.28313e-07
37.83 0.0423891 -0.000265209 -0.00860286 -9.16558e-06 0.000947116 -3.95389e-07
37.84 0.0427307 -0.000247705 -0.00857669 -9.37441e-06 0.000952347 -3.61891e-07
37.85 0.0430677 -0.000230438 -0.00854221 -9.58152e-06 0.000957517 -3.27851e-07
37.86 0.0433998 -0.000213405 -0.00850038 -9.78688e-06 0.000962624 -2.93285e-07
37.87 0.043727 -0.000196604 -0.00845235 -9.99032e-06 0.000967667 -2.5821e-07
37.88 0.044049 -0.000180034 -0.00839947 -1.01916e-05 0.000972645 -2.22652e-07
37.89 0.0443658 -0.0001637 -0.00834321 -1.03905e-05 0.000977554 -1.86653e-07
37.9 0.0446773 -0.000147604 -0.00828514 -1.05866e-05 0.000982394 -1.50252e-07
37.91 0.0449833 -0.000131756 -0.00822687 -1.07795e-05 0.000987163 -1.13476e-07
37.92 0.0452837 -0.000116165 -0.00817002 -1.0969e-05 0.000991859 -7.6339e-08
37.93 0.0455783 -0.000100843 -0.00811618 -1.11545e-05 0.000996479 -3.88575e-08
37.94 0.0458672 -8.58037e-05 -0.00806684 -1.13356e-05 0.00100102 -1.0593e-09
37.95 0.0461501 -7.10639e-05 -0.00802339 -1.15119e-05 0.00100549 3.70169e-08
37.96 0.046427 -5.66404e-05 -0.00798702 -1.16828e-05 0.00100987 7.53353e-08
37.97 0.0466977 -4.25517e-05 -0.00795876 -1.18477e-05 0.00101417 1.13872e-07
37.98 0.0469622 -2.88166e-05 -0.00793939 -1.20062e-05 0.00101839 1.52613e-07
37.99 0.0472204 -1.54542e-05 -0.00792946 -1.21575e-05 0.00102252 1.9154e-07
38 0.0474722 -2.48326e-06 -0.00792922 -1.23012e-05 0.00102657 2.30618e-07
38.01 0.0477174 1.00784e-05 -0.0079387 -1.24367e-05 0.00103053 2.69807e-07
38.02 0.047956 2.2214e-05 -0.00795762 -1.25636e-05 0.0010344 3.09073e-07
38.03 0.048188 3.39084e-05 -0.00798546 -1.26815e-05 0.00103818 3.48389e-07
38.04 0.0484132 4.51484e-05 -0.00802143 -1.27902e-05 0.00104187 3.87739e-07
38.05 0.0486315 5.59232e-05 -0.00806453 -1.28896e-05 0.00104547 4.27097e-07
38.06 0.048843 6.62242e-05 -0.00811356 -1.29799e-05 0.00104898 4.66428e-07
38.07 0.0490474 7.60459e-05 -0.00816714 -1.30609e-05 0.0010524 5.0569e-07
38.08 0.0492448 8.53863e-05 -0.00822379 -1.31325e-05 0.00105572 5.44847e-07
38.09 0.049435 9.42464e-05 -0.00828191 -1.31942e-05 0.00105896 5.8386e-07
38.1 0.0496181 0.00010263 -0.0083399 -1.32466e-05 0.00106209 6.2269e-07
38.11 0.0497939 0.000110542 -0.00839613 -1.32904e-05 0.00106514 6.61296e-07
38.12 0.0499624 0.000117992 -0.00844904 -1.33272e-05 0.00106809 6.99649e-07
38.13 0.0501235 0.000124989 -0.00849716 -1.33587e-05 0.00107095 7.37726e-07
38.14 0.0502772 0.000131545 -0.00853916 -1.33864e-05 0.00107371 7.75502e-07
38.15 0.0504235 0.000137673 -0.00857386 -1.34116e-05 0.00107637 8.1294e-07
38.16 0.0505622 0.000143387 -0.0086003 -1.34355e-05 0.00107894 8.49991e-07
38.17 0.0506934 0.000148701 -0.00861776 -1.34588e-05 0.0010814 8.86607e-07
38.18 0.050817 0.000153629 -0.00862576 -1.34823e-05 0.00108377 9.22753e-07
38.19 0.050933 0.000158185 -0.00862406 -1.35064e-05 0.00108604 9.58402e-07
38.2 0.0510413 0.000162381 -0.00861274 -1.35314e-05 0.00108821 9.93529e-07
38.21 0.051142 0.000166227 -0.0085921 -1.35574e-05 0.00109027 1.0281e-06
38.22 0.051235 0.000169733 -0.00856272 -1.35843e-05 0.00109222 1.06206e-06
38.23 0.0513202 0.000172904 -0.00852542 -1.36118e-05 0.00109407 1.09538e-06
38.24 0.0513978 0.000175746 -0.00848124 -1.36397e-05 0.00109581 1.12802e-06
38.25 0.0514676 0.000178261 -0.00843142 -1.36674e-05 0.00109743 1.15998e-06
38.26 0.0515296 0.000180446 -0.00837733 -1.36945e-05 0.00109894 1.19122e-06
38.27 0.0515839 0.0001823 -0.00832049 -1.37205e-05 0.00110033 1.22172e-06
38.28 0.0516305 0.000183816 -0.00826247 -1.37447e-05 0.00110161 1.25144e-06
38.29 0.0516694 0.000184985 -0.0082049 -1.37665e-05 0.00110276 1.28036e-06
38.3 0.0517005 0.000185799 -0.00814937 -1.37851e-05 0.00110379 1.30846e-06
38.31 0.0517239 0.000186244 -0.00809743 -1.37996e-05 0.00110469 1.33573e-06
38.32 0.0517396 0.000186308 -0.00805053 -1.38089e-05 0.00110546 1.36215e-06
38.33 0.0517476 0.000185976 -0.00800997 -1.3812e-05 0.00110611 1.3877e-06
38.34 0.0517479 0.000185233 -0.00797689 -1.38078e-05 0.00110662 1.41235e-06
38.35 0.0517406 0.000184065 -0.0079522 -1.37951e-05 0.001107 1.43608e-06
38.36 0.0517257 0.000182458 -0.00793659 -1.37729e-05 0.00110724 1.45887e-06
38.37 0.0517032 0.000180399 -0.0079305 -1.37402e-05 0.00110735 1.48072e-06
38.38 0.0516731 0.000177874 -0.0079341 -1.36962e-05 0.00110732 1.50162e-06
38.39 0.0516355 0.000174876 -0.00794728 -1.36403e-05 0.00110716 1.52153e-06
38.4 0.0515904 0.000171395 -0.00796967 -1.3572e-05 0.00110685 1.54043e-06
38.41 0.0515378 0.000167427 -0.00800065 -1.34913e-05 0.00110641 1.55831e-06
38.42 0.0514778 0.00016297 -0.00803935 -1.3398e-05 0.00110582 1.57516e-06
38.43 0.0514104 0.000158023 -0.00808468 -1.32926e-05 0.0011051 1.59096e-06
38.44 0.0513356 0.00015259 -0.00813539 -1.31755e-05 0.00110424 1.60571e-06
38.45 0.0512535 0.000146677 -0.00819005 -1.30474e-05 0.00110324 1.61938e-06
38.46 0.0511642 0.000140294 -0.00824714 -1.29091e-05 0.0011021 1.63194e-06
38.47 0.0510675 0.000133453 -0.00830507 -1.27616e-05 0.00110082 1.64337e-06
38.48 0.0509637 0.000126167 -0.00836223 -1.2606e-05 0.00109941 1.65369e-06
38.49 0.0508528 0.000118453 -0.00841701 -1.24433e-05 0.00109786 1.66286e-06
38.5 0.0507347 0.000110329 -0.00846791 -1.22747e-05 0.00109618 1.67087e-06
38.51 0.0506097 0.000101814 -0.00851349 -1.21015e-05 0.00109436 1.6777e-06
38.52 0.0504776 9.29288e-05 -0.0085525 -1.19247e-05 0.0010924 1.68334e-06
38.53 0.0503385 8.36936e-05 -0.00858386 -1.17455e-05 0.00109032 1.68776e-06
38.54 0.0501926 7.41287e-05 -0.00860669 -1.15649e-05 0.0010881 1.69096e-06
38.55 0.0500399 6.42537e-05 -0.00862036 -1.13841e-05 0.00108575 1.69294e-06
38.56 0.0498804 5.40871e-05 -0.00862451 -1.12039e-05 0.00108327 1.69369e-06
38.57 0.0497142 4.3646e-05 -0.00861901 -1.1025e-05 0.00108066 1.69318e-06
38.58 0.0495414 3.29458e-05 -0.00860402 -1.08478e-05 0.00107792 1.69142e-06
38.59 0.049362 2.19999e-05 -0.00857996 -1.06724e-05 0.00107505 1.68839e-06
38.6 0.0491761 1.08194e-05 -0.00854751 -1.0499e-05 0.00107205 1.6841e-06
38.61 0.0489838 -5.87477e-07 -0.00850757 -1.03278e-05 0.00106893 1.67853e-06
38.62 0.0487851 -1.22155e-05 -0.00846125 -1.01592e-05 0.00106567 1.6717e-06
38.63 0.0485802 -2.40618e-05 -0.00840984 -9.99326e-06 0.00106229 1.66361e-06
38.64 0.048369 -3.61262e-05 -0.00835477 -9.82987e-06 0.00105878 1.65427e-06
38.65 0.0481517 -4.84111e-05 -0.00829758 -9.66867e-06 0.00105515 1.64369e-06
38.66 0.0479284 -6.09207e-05 -0.00823985 -9.50907e-06 0.00105139 1.63187e-06
38.67 0.0476992 -7.36613e-05 -0.00818319 -9.35026e-06 0.0010475 1.61882e-06
38.68 0.047464 -8.66407e-05 -0.00812918 -9.19131e-06 0.00104349 1.60455e-06
38.69 0.0472231 -9.98678e-05 -0.00807933 -9.03117e-06 0.00103935 1.58907e-06
38.7 0.0469764 -0.000113352 -0.00803501 -8.86875e-06 0.00103509 1.5724e-06
38.71 0.0467242 -0.000127104 -0.00799747 -8.70293e-06 0.00103072 1.55456e-06
38.72 0.0464664 -0.000141132 -0.00796776 -8.53263e-06 0.00102622 1.53556e-06
38.73 0.0462031 -0.000155446 -0.00794668 -8.35683e-06 0.0010216 1.51541e-06
38.74 0.0459344 -0.000170052 -0.00793484 -8.17462e-06 0.00101687 1.49413e-06
38.75 0.0456605 -0.000184957 -0.00793256 -7.98525e-06 0.00101202 1.47174e-06
38.76 0.0453814 -0.000200165 -0.00793991 -7.78815e-06 0.00100706 1.44826e-06
38.77 0.0450972 -0.000215677 -0.00795667 -7.58295e-06 0.00100199 1.42371e-06
38.78 0.0448079 -0.000231492 -0.00798237 -7.36946e-06 0.000996821 1.39811e-06
38.79 0.0445137 -0.000247606 -0.0080163 -7.14769e-06 0.000991544 1.37147e-06
38.8 0.0442147 -0.000264014 -0.0080575 -6.91781e-06 0.000986167 1.34381e-06
38.81 0.0439109 -0.000280704 -0.00810483 -6.68012e-06 0.000980693 1.31515e-06
38.82 0.0436025 -0.000297667 -0.00815696 -6.43508e-06 0.000975126 1.28552e-06
38.83 0.0432895 -0.000314886 -0.00821243 -6.18326e-06 0.00096947 1.25493e-06
38.84 0.042972 -0.000332346 -0.0082697 -5.92535e-06 0.000963728 1.2234e-06
38.85 0.0426501 -0.000350026 -0.00832717 -5.66212e-06 0.000957904 1.19094e-06
38.86 0.042324 -0.000367908 -0.00838324 -5.39444e-06 0.000952003 1.15758e-06
38.87 0.0419937 -0.000385968 -0.00843634 -5.12326e-06 0.000946027 1.12334e-06
38.88 0.0416592 -0.000404184 -0.00848501 -4.84955e-06 0.000939981 1.08824e-06
38.89 0.0413208 -0.000422534 -0.00852788 -4.57434e-06 0.000933869 1.0523e-06
38.9 0.0409785 -0.000440994 -0.00856376 -4.29866e-06 0.000927695 1.01554e-06
38.91 0.0406325 -0.000459543 -0.00859166 -4.02353e-06 0.000921461 9.77971e-07
38.92 0.0402827 -0.000478159 -0.00861081 -3.74993e-06 0.000915173 9.39631e-07
38.93 0.0399294 -0.000496823 -0.00862068 -3.47875e-06 0.000908833 9.00544e-07
38.94 0.0395727 -0.000515518 -0.00862099 -3.21079e-06 0.000902444 8.60737e-07
38.95 0.0392126 -0.000534226 -0.00861174 -2.94674e-06 0.00089601 8.20235e-07
38.96 0.0388493 -0.000552937 -0.0085932 -2.68713e-06 0.000889534 7.79064e-07
38.97 0.0384829 -0.000571638 -0.00856587 -2.43232e-06 0.000883018 7.37253e-07
38.98 0.0381135 -0.000590322 -0.00853052 -2.18253e-06 0.000876465 6.94837e-07
38.99 0.0377412 -0.000608984 -0.00848814 -1.93779e-06 0.000869879 6.51849e-07
39 0.0373662 -0.000627621 -0.00843991 -1.69798e-06 0.00086326 6.08324e-07
39.01 0.0369885 -0.000646232 -0.00838716 -1.46283e-06 0.000856613 5.64294e-07
39.02 0.0366084 -0.00066482 -0.00833136 -1.23194e-06 0.000849938 5.19793e-07
39.03 0.0362259 -0.000683388 -0.00827408 -1.00479e-06 0.000843239 4.74858e-07
39.04 0.0358412 -0.000701942 -0.00821689 -7.80789e-07 0.000836518 4.29528e-07
39.05 0.0354543 -0.000720488 -0.0081614 -5.59264e-07 0.000829776 3.83845e-07
39.06 0.0350655 -0.000739034 -0.00810915 -3.39524e-07 0.000823016 3.37845e-07
39.07 0.0346748 -0.000757587 -0.00806158 -1.20903e-07 0.00081624 2.91567e-07
39.08 0.0342824 -0.000776154 -0.00802003 9.71988e-08 0.00080945 2.45047e-07
39.09 0.0338884 -0.000794743 -0.00798566 3.15337e-07 0.00080265 1.98327e-07
39.1 0.0334929 -0.000813359 -0.00795941 5.3407e-07 0.000795841 1.51451e-07
39.11 0.0330961 -0.000832007 -0.00794202 7.53969e-07 0.000789026 1.04462e-07
39.12 0.0326981 -0.000850689 -0.00793397 9.75581e-07 0.000782207 5.73952e-08
39.13 0.032299 -0.000869406 -0.00793549 1.19937e-06 0.000775387 1.02828e-08
39.14 0.0318989 -0.000888156 -0.00794653 1.42567e-06 0.00076857 -3.68406e-08
39.15 0.0314981 -0.000906934 -0.00796678 1.65466e-06 0.000761757 -8.39355e-08
39.16 0.0310966 -0.000925733 -0.00799566 1.88638e-06 0.000754953 -1.30961e-07
39.17 0.0306946 -0.000944545 -0.00803238 2.1207e-06 0.00074816 -1.77878e-07
39.18 0.0302922 -0.000963358 -0.00807591 2.35735e-06 0.000741381 -2.24655e-07
39.19 0.0298895 -0.000982157 -0.00812503 2.59593e-06 0.000734619 -2.71263e-07
39.2 0.0294867 -0.00100093 -0.00817836 2.83593e-06 0.000727879 -3.1767e-07
39.21 0.0290839 -0.00101965 -0.00823442 3.0767e-06 0.000721162 -3.6384e-07
39.22 0.0286813 -0.0010383 -0.00829164 3.31754e-06 0.000714472 -4.09737e-07
39.23 0.028279 -0.00105687 -0.00834843 3.55766e-06 0.000707813 -4.55327e-07
39.24 0.0278771 -0.00107532 -0.00840321 3.79625e-06 0.000701187 -5.00582e-07
39.25 0.0274759 -0.00109365 -0.00845445 4.03249e-06 0.000694598 -5.45476e-07
39.26 0.0270753 -0.00111183 -0.00850072 4.2656e-06 0.000688047 -5.89979e-07
39.27 0.0266757 -0.00112983 -0.00854074 4.49482e-06 0.000681539 -6.34056e-07
39.28 0.0262771 -0.00114765 -0.00857341 4.71947e-06 0.000675076 -6.77674e-07
39.29 0.0258797 -0.00116525 -0.0085978 4.93893e-06 0.000668659 -7.20802e-07
39.3 0.0254836 -0.00118264 -0.00861326 5.1527e-06 0.000662292 -7.63413e-07
39.31 0.025089 -0.00119979 -0.00861934 5.36033e-06 0.000655976 -8.05481e-07
39.32 0.024696 -0.00121669 -0.0086159 5.56152e-06 0.000649713 -8.46972e-07
39.33 0.0243049 -0.00123334 -0.00860302 5.75604e-06 0.000643504 -8.87854e-07
39.34 0.0239157 -0.00124972 -0.00858106 5.94379e-06 0.000637352 -9.28091e-07
39.35 0.0235286 -0.00126584 -0.00855065 6.12478e-06 0.000631256 -9.67651e-07
39.36 0.0231437 -0.0012817 -0.00851262 6.29911e-06 0.000625218 -1.00651e-06
39.37 0.0227612 -0.00129729 -0.00846804 6.467e-06 0.000619239 -1.04463e-06
39.38 0.0223813 -0.00131263 -0.00841815 6.62874e-06 0.000613319 -1.08199e-06
39.39 0.0220041 -0.00132771 -0.00836433 6.78473e-06 0.000607459 -1.11854e-06
39.4 0.0216297 -0.00134254 -0.00830809 6.9354e-06 0.000601659 -1.15426e-06
39.41 0.0212584 -0.00135714 -0.00825099 7.08126e-06 0.000595919 -1.18911e-06
39.42 0.0208902 -0.00137151 -0.00819461 7.22284e-06 0.000590241 -1.22308e-06
39.43 0.0205252 -0.00138566 -0.00814054 7.36066e-06 0.000584623 -1.25612e-06
39.44 0.0201638 -0.00139961 -0.00809026 7.49526e-06 0.000579067 -1.28821e-06
39.45 0.0198059 -0.00141335 -0.00804519 7.62711e-06 0.000573573 -1.31932e-06
39.46 0.0194517 -0.0014269 -0.00800658 7.75667e-06 0.000568141 -1.34943e-06
39.47 0.0191014 -0.00144027 -0.0079755 7.88428e-06 0.000562771 -1.37849e-06
39.48 0.018755 -0.00145345 -0.00795282 8.01023e-06 0.000557465 -1.40651e-06
39.49 0.0184128 -0.00146645 -0.00793917 8.13469e-06 0.000552222 -1.43345e-06
39.5 0.0180749 -0.00147928 -0.00793493 8.25772e-06 0.000547044 -1.45929e-06
39.51 0.0177414 -0.00149193 -0.00794021 8.3793e-06 0.000541932 -1.48401e-06
39.52 0.0174123 -0.00150439 -0.00795486 8.49927e-06 0.000536886 -1.50758e-06
39.53 0.017088 -0.00151666 -0.00797849 8.61738e-06 0.000531908 -1.53e-06
39.54 0.0167684 -0.00152874 -0.00801041 8.7333e-06 0.000526998 -1.55126e-06
39.55 0.0164537 -0.0015406 -0.00804974 8.84662e-06 0.000522159 -1.57133e-06
39.56 0.016144 -0.00155224 -0.00809538 8.95685e-06 0.000517393 -1.5902e-06
39.57 0.0158395 -0.00156365 -0.00814606 9.06328e-06 0.000512699 -1.60788e-06
39.58 0.0155403 -0.00157481 -0.00820036 9.16494e-06 0.000508081 -1.62433e-06
39.59 0.0152464 -0.0015857 -0.00825676 9.26079e-06 0.000503539 -1.63955e-06
39.6 0.014958 -0.00159631 -0.00831369 9.35004e-06 0.000499076 -1.65354e-06
39.61 0.0146752 -0.00160662 -0.00836957 9.43229e-06 0.000494694 -1.66626e-06
39.62 0.0143982 -0.00161662 -0.00842283 9.50746e-06 0.000490394 -1.67774e-06
39.63 0.014127 -0.00162629 -0.008472 9.57558e-06 0.000486177 -1.68796e-06
39.64 0.0138617 -0.00163561 -0.00851571 9.63672e-06 0.000482046 -1.69695e-06
39.65 0.0136025 -0.00164459 -0.00855275 9.69087e-06 0.000478002 -1.70468e-06
39.66 0.0133494 -0.0016532 -0.00858209 9.73804e-06 0.000474046 -1.71116e-06
39.67 0.0131025 -0.00166145 -0.00860291 9.7782e-06 0.00047018 -1.71636e-06
39.68 0.012862 -0.00166932 -0.00861464 9.8114e-06 0.000466404 -1.72029e-06
39.69 0.012628 -0.00167681 -0.00861696 9.83769e-06 0.000462721 -1.72296e-06
39.7 0.0124005 -0.00168392 -0.0086098 9.85724e-06 0.000459131 -1.72437e-06
