-1.0000E+00	1	1	1.8691450E+04
-1.0000E+00	1	2	1.3991621E+00
-1.0000E+00	1	3	-3.6327351E+00
-1.0000E+00	1	4	-5.8297024E+01
-1.0000E+00	1	5	-2.1222772E+05
-1.0000E+00	1	6	-5.0313742E+01
-1.0000E+00	2	1	-1.0937919E+00
-1.0000E+00	2	2	1.8692529E+04
-1.0000E+00	2	3	4.5691692E+00
-1.0000E+00	2	4	2.1240960E+05
-1.0000E+00	2	5	1.4384419E+02
-1.0000E+00	2	6	-4.9476551E+01
-1.0000E+00	3	1	-7.8163717E-01
-1.0000E+00	3	2	-8.9345638E-01
-1.0000E+00	3	3	3.0605391E+04
-1.0000E+00	3	4	-1.3724431E+02
-1.0000E+00	3	5	1.1756360E+02
-1.0000E+00	3	6	-1.3913380E+01
-1.0000E+00	4	1	-4.9737595E+01
-1.0000E+00	4	2	2.1243561E+05
-1.0000E+00	4	3	-3.5825541E+01
-1.0000E+00	4	4	2.6971624E+07
-1.0000E+00	4	5	6.5633580E+03
-1.0000E+00	4	6	-8.4005494E+02
-1.0000E+00	5	1	-2.1245172E+05
-1.0000E+00	5	2	1.6209682E+01
-1.0000E+00	5	3	1.7247351E+02
-1.0000E+00	5	4	5.2224956E+03
-1.0000E+00	5	5	2.6974292E+07
-1.0000E+00	5	6	-1.4011792E+01
-1.0000E+00	6	1	3.9421395E+01
-1.0000E+00	6	2	1.9724731E+01
-1.0000E+00	6	3	-3.7098163E+01
-1.0000E+00	6	4	7.9391039E+03
-1.0000E+00	6	5	-1.1325191E+04
-1.0000E+00	6	6	4.2535573E+07
0.0000E+00	1	1	1.4049149E+04
0.0000E+00	1	2	9.4088242E-01
0.0000E+00	1	3	-3.3301429E+00
0.0000E+00	1	4	-4.7666982E+01
0.0000E+00	1	5	-1.8950879E+05
0.0000E+00	1	6	-4.0407302E+01
0.0000E+00	2	1	-9.6454882E-01
0.0000E+00	2	2	1.4049469E+04
0.0000E+00	2	3	4.2891468E+00
0.0000E+00	2	4	1.8966661E+05
0.0000E+00	2	5	1.2393290E+02
0.0000E+00	2	6	-2.8455621E+01
0.0000E+00	3	1	-4.9959961E-01
0.0000E+00	3	2	-5.0995492E-01
0.0000E+00	3	3	3.0733348E+04
0.0000E+00	3	4	-1.3076172E+02
0.0000E+00	3	5	1.1227871E+02
0.0000E+00	3	6	-1.7051431E+01
0.0000E+00	4	1	-4.4181856E+01
0.0000E+00	4	2	1.8975552E+05
0.0000E+00	4	3	-3.9613803E+01
0.0000E+00	4	4	2.5890255E+07
0.0000E+00	4	5	6.2452995E+03
0.0000E+00	4	6	-8.5151726E+02
0.0000E+00	5	1	-1.8978390E+05
0.0000E+00	5	2	2.3010678E+01
0.0000E+00	5	3	1.6686092E+02
0.0000E+00	5	4	4.9993907E+03
0.0000E+00	5	5	2.5893272E+07
0.0000E+00	5	6	-8.4857279E+01
0.0000E+00	6	1	2.8685673E+01
0.0000E+00	6	2	2.6023222E+01
0.0000E+00	6	3	-3.9077370E+01
0.0000E+00	6	4	7.4026156E+03
0.0000E+00	6	5	-1.0100241E+04
0.0000E+00	6	6	3.1102113E+07
5.0000E+01	1	1	1.2563860E+04	1.9317065E+03
5.0000E+01	1	2	-7.2949582E-01	3.2508684E+00
5.0000E+01	1	3	-2.9462931E+00	-9.5424239E-01
5.0000E+01	1	4	-5.4099916E+01	-3.8908670E+00
5.0000E+01	1	5	-1.8593102E+05	-8.6244546E+03
5.0000E+01	1	6	-5.8615044E+00	-6.0984996E+01
5.0000E+01	2	1	-1.3104050E+00	7.2542963E-01
5.0000E+01	2	2	1.2565080E+04	1.9306941E+03
5.0000E+01	2	3	4.2662400E+00	-3.1431995E-01
5.0000E+01	2	4	1.8609600E+05	8.6240605E+03
5.0000E+01	2	5	1.1858091E+02	-2.5222485E+01
5.0000E+01	2	6	-4.2698514E+01	5.7355217E+01
5.0000E+01	3	1	-9.1470476E-03	-8.0809070E-01
5.0000E+01	3	2	-6.0980921E-02	-1.1544060E+00
5.0000E+01	3	3	3.0526230E+04	9.4142180E+01
5.0000E+01	3	4	-1.3018570E+02	1.5260589E+00
5.0000E+01	3	5	1.0588911E+02	6.5706269E+00
5.0000E+01	3	6	-2.3814322E+01	3.3399066E+01
5.0000E+01	4	1	-4.6892161E+01	-1.0976477E+00
5.0000E+01	4	2	1.8617801E+05	8.5133561E+03
5.0000E+01	4	3	-4.1369455E+01	2.4078904E+00
5.0000E+01	4	4	2.5697231E+07	1.0386072E+05
5.0000E+01	4	5	6.2278576E+03	-8.4157248E+01
5.0000E+01	4	6	-1.0511082E+03	3.7880994E+02
5.0000E+01	5	1	-1.8620302E+05	-8.5236673E+03
5.0000E+01	5	2	3.9179550E+01	-7.6083521E+01
5.0000E+01	5	3	1.6312521E+02	1.2927759E+01
5.0000E+01	5	4	5.0797234E+03	-1.0617021E+02
5.0000E+01	5	5	2.5699964E+07	1.0422359E+05
5.0000E+01	5	6	-4.6459302E+02	1.6791979E+03
5.0000E+01	6	1	3.6943815E+01	8.3615606E+00
5.0000E+01	6	2	7.5823666E+00	4.9320995E+01
5.0000E+01	6	3	-3.5542264E+01	1.3551809E+01
5.0000E+01	6	4	7.0733893E+03	3.0204613E+02
5.0000E+01	6	5	-9.7304010E+03	4.4107253E+02
5.0000E+01	6	6	2.6232752E+07	4.7288575E+06
4.9500E+01	1	1	1.2486140E+04	1.9317065E+03
4.9500E+01	1	2	5.6873636E-01	3.2508684E+00
4.9500E+01	1	3	-3.0352539E+00	-9.5424239E-01
4.9500E+01	1	4	-4.7464405E+01	-3.8908670E+00
4.9500E+01	1	5	-1.8045830E+05	-8.6244546E+03
4.9500E+01	1	6	-2.5764962E+01	-6.0984996E+01
4.9500E+01	2	1	-8.5573593E-01	7.2542963E-01
4.9500E+01	2	2	1.2486280E+04	1.9306941E+03
4.9500E+01	2	3	3.9494891E+00	-3.1431995E-01
4.9500E+01	2	4	1.8061410E+05	8.6240605E+03
4.9500E+01	2	5	1.1224479E+02	-2.5222485E+01
4.9500E+01	2	6	-2.5837879E+01	5.7355217E+01
4.9500E+01	3	1	-5.1468804E-01	-8.0809070E-01
4.9500E+01	3	2	-9.0463379E-01	-1.1544060E+00
4.9500E+01	3	3	3.0502722E+04	9.4142180E+01
4.9500E+01	3	4	-1.2913610E+02	1.5260589E+00
4.9500E+01	3	5	1.1218431E+02	6.5706269E+00
4.9500E+01	3	6	3.4910680E+00	3.3399066E+01
4.9500E+01	4	1	-4.3425434E+01	-1.0976477E+00
4.9500E+01	4	2	1.8063961E+05	8.5133561E+03
4.9500E+01	4	3	-4.0579870E+01	2.4078904E+00
4.9500E+01	4	4	2.5598374E+07	1.0386072E+05
4.9500E+01	4	5	6.1832390E+03	-8.4157248E+01
4.9500E+01	4	6	-8.0938030E+02	3.7880994E+02
4.9500E+01	5	1	-1.8067300E+05	-8.5236673E+03
4.9500E+01	5	2	1.5854351E+01	-7.6083521E+01
4.9500E+01	5	3	1.6614311E+02	1.2927759E+01
4.9500E+01	5	4	5.0332629E+03	-1.0617021E+02
4.9500E+01	5	5	2.5601333E+07	1.0422359E+05
4.9500E+01	5	6	1.8663723E+02	1.6791979E+03
4.9500E+01	6	1	2.9707841E+01	8.3615606E+00
4.9500E+01	6	2	2.2507759E+01	4.9320995E+01
4.9500E+01	6	3	-2.4180541E+01	1.3551809E+01
4.9500E+01	6	4	7.1540449E+03	3.0204613E+02
4.9500E+01	6	5	-9.4290312E+03	4.4107253E+02
4.9500E+01	6	6	2.5615301E+07	4.7288575E+06
4.9000E+01	1	1	1.2264269E+04	1.9317065E+03
4.9000E+01	1	2	9.0587682E-01	3.2508684E+00
4.9000E+01	1	3	-3.2562150E+00	-9.5424239E-01
4.9000E+01	1	4	-4.2355103E+01	-3.8908670E+00
4.9000E+01	1	5	-1.8329100E+05	-8.6244546E+03
4.9000E+01	1	6	-3.0265981E+01	-6.0984996E+01
4.9000E+01	2	1	-5.5497922E-01	7.2542963E-01
4.9000E+01	2	2	1.2264780E+04	1.9306941E+03
4.9000E+01	2	3	3.5754618E+00	-3.1431995E-01
4.9000E+01	2	4	1.8344771E+05	8.6240605E+03
4.9000E+01	2	5	9.5198392E+01	-2.5222485E+01
4.9000E+01	2	6	-2.6912978E+01	5.7355217E+01
4.9000E+01	3	1	-6.3293588E-01	-8.0809070E-01
4.9000E+01	3	2	-1.6469080E+00	-1.1544060E+00
4.9000E+01	3	3	3.0222650E+04	9.4142180E+01
4.9000E+01	3	4	-1.3581149E+02	1.5260589E+00
4.9000E+01	3	5	1.1614580E+02	6.5706269E+00
4.9000E+01	3	6	1.6981860E+01	3.3399066E+01
4.9000E+01	4	1	-4.1356524E+01	-1.0976477E+00
4.9000E+01	4	2	1.8350230E+05	8.5133561E+03
4.9000E+01	4	3	-4.4477957E+01	2.4078904E+00
4.9000E+01	4	4	2.5450752E+07	1.0386072E+05
4.9000E+01	4	5	6.0687605E+03	-8.4157248E+01
4.9000E+01	4	6	-7.0658671E+02	3.7880994E+02
4.9000E+01	5	1	-1.8353332E+05	-8.5236673E+03
4.9000E+01	5	2	-1.9381242E+01	-7.6083521E+01
4.9000E+01	5	3	1.6909980E+02	1.2927759E+01
4.9000E+01	5	4	4.7744766E+03	-1.0617021E+02
4.9000E+01	5	5	2.5453753E+07	1.0422359E+05
4.9000E+01	5	6	9.7850762E+02	1.6791979E+03
4.9000E+01	6	1	2.6913641E+01	8.3615606E+00
4.9000E+01	6	2	1.8182643E+01	4.9320995E+01
4.9000E+01	6	3	-2.3637782E+01	1.3551809E+01
4.9000E+01	6	4	7.1535863E+03	3.0204613E+02
4.9000E+01	6	5	-8.8302088E+03	4.4107253E+02
4.9000E+01	6	6	2.4869591E+07	4.7288575E+06
4.8500E+01	1	1	1.3424420E+04	1.9317065E+03
4.8500E+01	1	2	1.0040931E+00	3.2508684E+00
4.8500E+01	1	3	-3.2371749E+00	-9.5424239E-01
4.8500E+01	1	4	-3.3359184E+01	-3.8908670E+00
4.8500E+01	1	5	-1.8645520E+05	-8.6244546E+03
4.8500E+01	1	6	-4.4685556E+01	-6.0984996E+01
4.8500E+01	2	1	-6.2504770E-01	7.2542963E-01
4.8500E+01	2	2	1.3425640E+04	1.9306941E+03
4.8500E+01	2	3	3.9408289E+00	-3.1431995E-01
4.8500E+01	2	4	1.8659731E+05	8.6240605E+03
4.8500E+01	2	5	1.0497411E+02	-2.5222485E+01
4.8500E+01	2	6	-1.3103421E+01	5.7355217E+01
4.8500E+01	3	1	-9.3869135E-01	-8.0809070E-01
4.8500E+01	3	2	-7.8361852E-01	-1.1544060E+00
4.8500E+01	3	3	2.9946349E+04	9.4142180E+01
4.8500E+01	3	4	-1.3042899E+02	1.5260589E+00
4.8500E+01	3	5	1.1066729E+02	6.5706269E+00
4.8500E+01	3	6	-1.1120152E+00	3.3399066E+01
4.8500E+01	4	1	-3.6638990E+01	-1.0976477E+00
4.8500E+01	4	2	1.8664902E+05	8.5133561E+03
4.8500E+01	4	3	-4.2427786E+01	2.4078904E+00
4.8500E+01	4	4	2.5288163E+07	1.0386072E+05
4.8500E+01	4	5	6.0507293E+03	-8.4157248E+01
4.8500E+01	4	6	-7.7249854E+02	3.7880994E+02
4.8500E+01	5	1	-1.8669409E+05	-8.5236673E+03
4.8500E+01	5	2	1.5363081E+01	-7.6083521E+01
4.8500E+01	5	3	1.6380563E+02	1.2927759E+01
4.8500E+01	5	4	4.9329234E+03	-1.0617021E+02
4.8500E+01	5	5	2.5291172E+07	1.0422359E+05
4.8500E+01	5	6	1.4772181E+02	1.6791979E+03
4.8500E+01	6	1	1.8779451E+01	8.3615606E+00
4.8500E+01	6	2	2.5798293E+01	4.9320995E+01
4.8500E+01	6	3	-2.8519543E+01	1.3551809E+01
4.8500E+01	6	4	6.9255239E+03	3.0204613E+02
4.8500E+01	6	5	-8.8490722E+03	4.4107253E+02
4.8500E+01	6	6	2.3723732E+07	4.7288575E+06
4.8000E+01	1	1	1.1233640E+04	1.9317065E+03
4.8000E+01	1	2	1.3083579E+00	3.2508684E+00
4.8000E+01	1	3	-2.8770410E+00	-9.5424239E-01
4.8000E+01	1	4	-4.8615854E+01	-3.8908670E+00
4.8000E+01	1	5	-1.9223842E+05	-8.6244546E+03
4.8000E+01	1	6	-4.5923472E+01	-6.0984996E+01
4.8000E+01	2	1	-2.6621639E-01	7.2542963E-01
4.8000E+01	2	2	1.1234290E+04	1.9306941E+03
4.8000E+01	2	3	3.9919760E+00	-3.1431995E-01
4.8000E+01	2	4	1.9237630E+05	8.6240605E+03
4.8000E+01	2	5	9.9943300E+01	-2.5222485E+01
4.8000E+01	2	6	-1.1752091E+01	5.7355217E+01
4.8000E+01	3	1	-1.8059750E-01	-8.0809070E-01
4.8000E+01	3	2	3.8355951E-02	-1.1544060E+00
4.8000E+01	3	3	3.0800300E+04	9.4142180E+01
4.8000E+01	3	4	-1.3055852E+02	1.5260589E+00
4.8000E+01	3	5	1.0586591E+02	6.5706269E+00
4.8000E+01	3	6	-1.5372121E+01	3.3399066E+01
4.8000E+01	4	1	-4.2298247E+01	-1.0976477E+00
4.8000E+01	4	2	1.9240812E+05	8.5133561E+03
4.8000E+01	4	3	-3.8833079E+01	2.4078904E+00
4.8000E+01	4	4	2.5223354E+07	1.0386072E+05
4.8000E+01	4	5	6.0884854E+03	-8.4157248E+01
4.8000E+01	4	6	-6.9045543E+02	3.7880994E+02
4.8000E+01	5	1	-1.9244972E+05	-8.5236673E+03
4.8000E+01	5	2	2.2551469E+01	-7.6083521E+01
4.8000E+01	5	3	1.6048381E+02	1.2927759E+01
4.8000E+01	5	4	4.8574927E+03	-1.0617021E+02
4.8000E+01	5	5	2.5226211E+07	1.0422359E+05
4.8000E+01	5	6	-6.5076578E+01	1.6791979E+03
4.8000E+01	6	1	1.5330520E+01	8.3615606E+00
4.8000E+01	6	2	2.1575092E+01	4.9320995E+01
4.8000E+01	6	3	-2.3138742E+01	1.3551809E+01
4.8000E+01	6	4	6.8104702E+03	3.0204613E+02
4.8000E+01	6	5	-8.4114390E+03	4.4107253E+02
4.8000E+01	6	6	2.2722882E+07	4.7288575E+06
4.7500E+01	1	1	1.1797800E+04	1.9317065E+03
4.7500E+01	1	2	8.7937637E-01	3.2508684E+00
4.7500E+01	1	3	-3.0409739E+00	-9.5424239E-01
4.7500E+01	1	4	-5.0162584E+01	-3.8908670E+00
4.7500E+01	1	5	-2.0097230E+05	-8.6244546E+03
4.7500E+01	1	6	-3.0370030E+01	-6.0984996E+01
4.7500E+01	2	1	-5.3896449E-01	7.2542963E-01
4.7500E+01	2	2	1.1797950E+04	1.9306941E+03
4.7500E+01	2	3	3.8426455E+00	-3.1431995E-01
4.7500E+01	2	4	2.0111110E+05	8.6240605E+03
4.7500E+01	2	5	1.0249550E+02	-2.5222485E+01
4.7500E+01	2	6	4.7635904E+00	5.7355217E+01
4.7500E+01	3	1	-4.9644921E-01	-8.0809070E-01
4.7500E+01	3	2	-2.3999329E-01	-1.1544060E+00
4.7500E+01	3	3	3.0054591E+04	9.4142180E+01
4.7500E+01	3	4	-1.3306752E+02	1.5260589E+00
4.7500E+01	3	5	1.0762171E+02	6.5706269E+00
4.7500E+01	3	6	-1.2845391E+01	3.3399066E+01
4.7500E+01	4	1	-4.3005484E+01	-1.0976477E+00
4.7500E+01	4	2	2.0102592E+05	8.5133561E+03
4.7500E+01	4	3	-4.4839303E+01	2.4078904E+00
4.7500E+01	4	4	2.5002432E+07	1.0386072E+05
4.7500E+01	4	5	6.0122205E+03	-8.4157248E+01
4.7500E+01	4	6	-9.5570646E+02	3.7880994E+02
4.7500E+01	5	1	-2.0106582E+05	-8.5236673E+03
4.7500E+01	5	2	2.3226530E+01	-7.6083521E+01
4.7500E+01	5	3	1.6126070E+02	1.2927759E+01
4.7500E+01	5	4	4.7272717E+03	-1.0617021E+02
4.7500E+01	5	5	2.5005423E+07	1.0422359E+05
4.7500E+01	5	6	-6.5353244E+00	1.6791979E+03
4.7500E+01	6	1	2.3950139E+01	8.3615606E+00
4.7500E+01	6	2	3.3418853E+01	4.9320995E+01
4.7500E+01	6	3	-3.3892744E+01	1.3551809E+01
4.7500E+01	6	4	6.7011595E+03	3.0204613E+02
4.7500E+01	6	5	-8.6358205E+03	4.4107253E+02
4.7500E+01	6	6	2.6879173E+07	4.7288575E+06
4.7000E+01	1	1	1.7596460E+04	1.9317065E+03
4.7000E+01	1	2	8.4255085E-01	3.2508684E+00
4.7000E+01	1	3	-2.9230559E+00	-9.5424239E-01
4.7000E+01	1	4	-3.9486322E+01	-3.8908670E+00
4.7000E+01	1	5	-1.4074050E+05	-8.6244546E+03
4.7000E+01	1	6	-3.9517222E+01	-6.0984996E+01
4.7000E+01	2	1	-8.8792349E-01	7.2542963E-01
4.7000E+01	2	2	1.7595990E+04	1.9306941E+03
4.7000E+01	2	3	3.9934420E+00	-3.1431995E-01
4.7000E+01	2	4	1.4088759E+05	8.6240605E+03
4.7000E+01	2	5	1.1407320E+02	-2.5222485E+01
4.7000E+01	2	6	-2.1763072E+01	5.7355217E+01
4.7000E+01	3	1	-5.0298871E-02	-8.0809070E-01
4.7000E+01	3	2	-5.7288479E-01	-1.1544060E+00
4.7000E+01	3	3	2.9519110E+04	9.4142180E+01
4.7000E+01	3	4	-1.3142561E+02	1.5260589E+00
4.7000E+01	3	5	1.0483941E+02	6.5706269E+00
4.7000E+01	3	6	-8.0342683E+00	3.3399066E+01
4.7000E+01	4	1	-3.7554825E+01	-1.0976477E+00
4.7000E+01	4	2	1.4129350E+05	8.5133561E+03
4.7000E+01	4	3	-4.9785724E+01	2.4078904E+00
4.7000E+01	4	4	2.5258372E+07	1.0386072E+05
4.7000E+01	4	5	5.7708678E+03	-8.4157248E+01
4.7000E+01	4	6	-7.5934567E+02	3.7880994E+02
4.7000E+01	5	1	-1.4133011E+05	-8.5236673E+03
4.7000E+01	5	2	1.8703432E+01	-7.6083521E+01
4.7000E+01	5	3	1.5667300E+02	1.2927759E+01
4.7000E+01	5	4	4.7294566E+03	-1.0617021E+02
4.7000E+01	5	5	2.5261674E+07	1.0422359E+05
4.7000E+01	5	6	2.0507732E+02	1.6791979E+03
4.7000E+01	6	1	2.5613542E+01	8.3615606E+00
4.7000E+01	6	2	2.8853203E+01	4.9320995E+01
4.7000E+01	6	3	-4.9722732E+01	1.3551809E+01
4.7000E+01	6	4	7.2023644E+03	3.0204613E+02
4.7000E+01	6	5	-9.7291483E+03	4.4107253E+02
4.7000E+01	6	6	3.7766954E+07	4.7288575E+06
4.6500E+01	1	1	1.4963950E+04	1.9317065E+03
4.6500E+01	1	2	1.5275039E+00	3.2508684E+00
4.6500E+01	1	3	-2.9563569E+00	-9.5424239E-01
4.6500E+01	1	4	-4.3357153E+01	-3.8908670E+00
4.6500E+01	1	5	-1.7747259E+05	-8.6244546E+03
4.6500E+01	1	6	-5.0153708E+01	-6.0984996E+01
4.6500E+01	2	1	-5.9866795E-01	7.2542963E-01
4.6500E+01	2	2	1.4963879E+04	1.9306941E+03
4.6500E+01	2	3	3.7241840E+00	-3.1431995E-01
4.6500E+01	2	4	1.7762151E+05	8.6240605E+03
4.6500E+01	2	5	1.1125820E+02	-2.5222485E+01
4.6500E+01	2	6	-6.9048476E+00	5.7355217E+01
4.6500E+01	3	1	-4.7846791E-02	-8.0809070E-01
4.6500E+01	3	2	-3.6972710E-01	-1.1544060E+00
4.6500E+01	3	3	2.9295243E+04	9.4142180E+01
4.6500E+01	3	4	-1.2922742E+02	1.5260589E+00
4.6500E+01	3	5	9.7190701E+01	6.5706269E+00
4.6500E+01	3	6	-1.8203561E+01	3.3399066E+01
4.6500E+01	4	1	-3.7869600E+01	-1.0976477E+00
4.6500E+01	4	2	1.7785232E+05	8.5133561E+03
4.6500E+01	4	3	-4.1201227E+01	2.4078904E+00
4.6500E+01	4	4	2.5287072E+07	1.0386072E+05
4.6500E+01	4	5	6.1075156E+03	-8.4157248E+01
4.6500E+01	4	6	-8.2698183E+02	3.7880994E+02
4.6500E+01	5	1	-1.7788951E+05	-8.5236673E+03
4.6500E+01	5	2	2.5692090E+01	-7.6083521E+01
4.6500E+01	5	3	1.5588030E+02	1.2927759E+01
4.6500E+01	5	4	4.8919663E+03	-1.0617021E+02
4.6500E+01	5	5	2.5290264E+07	1.0422359E+05
4.6500E+01	5	6	-1.5856021E+02	1.6791979E+03
4.6500E+01	6	1	2.0254219E+01	8.3615606E+00
4.6500E+01	6	2	3.0801141E+01	4.9320995E+01
4.6500E+01	6	3	-4.7446273E+01	1.3551809E+01
4.6500E+01	6	4	6.9954712E+03	3.0204613E+02
4.6500E+01	6	5	-9.3308127E+03	4.4107253E+02
4.6500E+01	6	6	3.4454965E+07	4.7288575E+06
4.6000E+01	1	1	1.5660540E+04	1.9317065E+03
4.6000E+01	1	2	1.6378769E+00	3.2508684E+00
4.6000E+01	1	3	-3.5307760E+00	-9.5424239E-01
4.6000E+01	1	4	-5.1547214E+01	-3.8908670E+00
4.6000E+01	1	5	-2.1317381E+05	-8.6244546E+03
4.6000E+01	1	6	-5.4836044E+01	-6.0984996E+01
4.6000E+01	2	1	-6.6595947E-01	7.2542963E-01
4.6000E+01	2	2	1.5660980E+04	1.9306941E+03
4.6000E+01	2	3	3.8688810E+00	-3.1431995E-01
4.6000E+01	2	4	2.1332822E+05	8.6240605E+03
4.6000E+01	2	5	1.2566161E+02	-2.5222485E+01
4.6000E+01	2	6	-5.9840396E+00	5.7355217E+01
4.6000E+01	3	1	-9.7849431E-01	-8.0809070E-01
4.6000E+01	3	2	-3.5926490E-01	-1.1544060E+00
4.6000E+01	3	3	3.2696260E+04	9.4142180E+01
4.6000E+01	3	4	-1.2320571E+02	1.5260589E+00
4.6000E+01	3	5	1.1769511E+02	6.5706269E+00
4.6000E+01	3	6	-1.6335480E+01	3.3399066E+01
4.6000E+01	4	1	-4.4122767E+01	-1.0976477E+00
4.6000E+01	4	2	2.1326422E+05	8.5133561E+03
4.6000E+01	4	3	-2.1689769E+01	2.4078904E+00
4.6000E+01	4	4	2.5116862E+07	1.0386072E+05
4.6000E+01	4	5	6.3630741E+03	-8.4157248E+01
4.6000E+01	4	6	-1.0749632E+03	3.7880994E+02
4.6000E+01	5	1	-2.1330752E+05	-8.5236673E+03
4.6000E+01	5	2	2.9172269E+01	-7.6083521E+01
4.6000E+01	5	3	1.7612721E+02	1.2927759E+01
4.6000E+01	5	4	4.9478946E+03	-1.0617021E+02
4.6000E+01	5	5	2.5119883E+07	1.0422359E+05
4.6000E+01	5	6	-3.7337384E+02	1.6791979E+03
4.6000E+01	6	1	1.6943841E+01	8.3615606E+00
4.6000E+01	6	2	3.0111862E+01	4.9320995E+01
4.6000E+01	6	3	-2.7366650E+01	1.3551809E+01
4.6000E+01	6	4	7.0332044E+03	3.0204613E+02
4.6000E+01	6	5	-9.3724693E+03	4.4107253E+02
4.6000E+01	6	6	3.4983165E+07	4.7288575E+06
4.5500E+01	1	1	1.8018100E+04	1.9317065E+03
4.5500E+01	1	2	1.7394170E+00	3.2508684E+00
4.5500E+01	1	3	-3.6930190E+00	-9.5424239E-01
4.5500E+01	1	4	-4.9629303E+01	-3.8908670E+00
4.5500E+01	1	5	-2.2426532E+05	-8.6244546E+03
4.5500E+01	1	6	-6.0291395E+01	-6.0984996E+01
4.5500E+01	2	1	-8.7473472E-01	7.2542963E-01
4.5500E+01	2	2	1.8018788E+04	1.9306941E+03
4.5500E+01	2	3	4.0695841E+00	-3.1431995E-01
4.5500E+01	2	4	2.2441872E+05	8.6240605E+03
4.5500E+01	2	5	1.3702523E+02	-2.5222485E+01
4.5500E+01	2	6	-2.2663323E+01	5.7355217E+01
4.5500E+01	3	1	-9.6351741E-01	-8.0809070E-01
4.5500E+01	3	2	-6.2517989E-01	-1.1544060E+00
4.5500E+01	3	3	3.1496238E+04	9.4142180E+01
4.5500E+01	3	4	-1.3257532E+02	1.5260589E+00
4.5500E+01	3	5	1.2248700E+02	6.5706269E+00
4.5500E+01	3	6	-1.5372940E+01	3.3399066E+01
4.5500E+01	4	1	-5.2520232E+01	-1.0976477E+00
4.5500E+01	4	2	2.2420642E+05	8.5133561E+03
4.5500E+01	4	3	-2.5297462E+01	2.4078904E+00
4.5500E+01	4	4	2.4870542E+07	1.0386072E+05
4.5500E+01	4	5	6.3332239E+03	-8.4157248E+01
4.5500E+01	4	6	-1.4934122E+03	3.7880994E+02
4.5500E+01	5	1	-2.2425282E+05	-8.5236673E+03
4.5500E+01	5	2	3.3656140E+01	-7.6083521E+01
4.5500E+01	5	3	1.8107492E+02	1.2927759E+01
4.5500E+01	5	4	4.8851302E+03	-1.0617021E+02
4.5500E+01	5	5	2.4873492E+07	1.0422359E+05
4.5500E+01	5	6	-2.8726656E+02	1.6791979E+03
4.5500E+01	6	1	2.8404562E+01	8.3615606E+00
4.5500E+01	6	2	2.7008451E+01	4.9320995E+01
4.5500E+01	6	3	-3.3106082E+01	1.3551809E+01
4.5500E+01	6	4	7.4929776E+03	3.0204613E+02
4.5500E+01	6	5	-1.0384931E+04	4.4107253E+02
4.5500E+01	6	6	4.2072146E+07	4.7288575E+06
4.5000E+01	1	1	2.1132300E+04	1.9317065E+03
4.5000E+01	1	2	1.4544840E+00	3.2508684E+00
4.5000E+01	1	3	-3.8511178E+00	-9.5424239E-01
4.5000E+01	1	4	-4.3170145E+01	-3.8908670E+00
4.5000E+01	1	5	-2.0080050E+05	-8.6244546E+03
4.5000E+01	1	6	-5.6435617E+01	-6.0984996E+01
4.5000E+01	2	1	-1.2699940E+00	7.2542963E-01
4.5000E+01	2	2	2.1133011E+04	1.9306941E+03
4.5000E+01	2	3	4.6306784E+00	-3.1431995E-01
4.5000E+01	2	4	2.0095761E+05	8.6240605E+03
4.5000E+01	2	5	1.4573352E+02	-2.5222485E+01
4.5000E+01	2	6	-6.4199146E+01	5.7355217E+01
4.5000E+01	3	1	-5.7480254E-01	-8.0809070E-01
4.5000E+01	3	2	-9.0012433E-01	-1.1544060E+00
4.5000E+01	3	3	3.0516669E+04	9.4142180E+01
4.5000E+01	3	4	-1.3230532E+02	1.5260589E+00
4.5000E+01	3	5	1.1758611E+02	6.5706269E+00
4.5000E+01	3	6	-1.7583392E+01	3.3399066E+01
4.5000E+01	4	1	-5.8705255E+01	-1.0976477E+00
4.5000E+01	4	2	2.0085902E+05	8.5133561E+03
4.5000E+01	4	3	-2.9456702E+01	2.4078904E+00
4.5000E+01	4	4	2.4836284E+07	1.0386072E+05
4.5000E+01	4	5	6.0705483E+03	-8.4157248E+01
4.5000E+01	4	6	-1.7579851E+03	3.7880994E+02
4.5000E+01	5	1	-2.0090201E+05	-8.5236673E+03
4.5000E+01	5	2	3.2707622E+01	-7.6083521E+01
4.5000E+01	5	3	1.7496473E+02	1.2927759E+01
4.5000E+01	5	4	4.7847224E+03	-1.0617021E+02
4.5000E+01	5	5	2.4839141E+07	1.0422359E+05
4.5000E+01	5	6	-9.6755976E+01	1.6791979E+03
4.5000E+01	6	1	4.5407085E+01	8.3615606E+00
4.5000E+01	6	2	2.1856572E+01	4.9320995E+01
4.5000E+01	6	3	-4.2458163E+01	1.3551809E+01
4.5000E+01	6	4	8.1442546E+03	3.0204613E+02
4.5000E+01	6	5	-1.1703801E+04	4.4107253E+02
4.5000E+01	6	6	5.0870122E+07	4.7288575E+06
4.4500E+01	1	1	2.1987540E+04	1.9317065E+03
4.4500E+01	1	2	1.2622860E+00	3.2508684E+00
4.4500E+01	1	3	-3.8197223E+00	-9.5424239E-01
4.4500E+01	1	4	-3.7869154E+01	-3.8908670E+00
4.4500E+01	1	5	-1.5938562E+05	-8.6244546E+03
4.4500E+01	1	6	-5.2437153E+01	-6.0984996E+01
4.4500E+01	2	1	-1.5145931E+00	7.2542963E-01
4.4500E+01	2	2	2.1987869E+04	1.9306941E+03
4.4500E+01	2	3	5.1470451E+00	-3.1431995E-01
4.4500E+01	2	4	1.5954793E+05	8.6240605E+03
4.4500E+01	2	5	1.3982550E+02	-2.5222485E+01
4.4500E+01	2	6	-1.0270340E+02	5.7355217E+01
4.4500E+01	3	1	-1.6293560E-01	-8.0809070E-01
4.4500E+01	3	2	-9.9541712E-01	-1.1544060E+00
4.4500E+01	3	3	3.0160180E+04	9.4142180E+01
4.4500E+01	3	4	-1.2784690E+02	1.5260589E+00
4.4500E+01	3	5	1.1518660E+02	6.5706269E+00
4.4500E+01	3	6	-1.6588070E+01	3.3399066E+01
4.4500E+01	4	1	-5.6222043E+01	-1.0976477E+00
4.4500E+01	4	2	1.5978843E+05	8.5133561E+03
4.4500E+01	4	3	-3.6486757E+01	2.4078904E+00
4.4500E+01	4	4	2.5521131E+07	1.0386072E+05
4.4500E+01	4	5	5.8059405E+03	-8.4157248E+01
4.4500E+01	4	6	-1.4963871E+03	3.7880994E+02
4.4500E+01	5	1	-1.5981772E+05	-8.5236673E+03
4.4500E+01	5	2	2.4048800E+01	-7.6083521E+01
4.4500E+01	5	3	1.6974471E+02	1.2927759E+01
4.4500E+01	5	4	4.8179654E+03	-1.0617021E+02
4.4500E+01	5	5	2.5524272E+07	1.0422359E+05
4.4500E+01	5	6	8.4267736E+01	1.6791979E+03
4.4500E+01	6	1	4.9316860E+01	8.3615606E+00
4.4500E+01	6	2	1.5467050E+01	4.9320995E+01
4.4500E+01	6	3	-4.7570404E+01	1.3551809E+01
4.4500E+01	6	4	8.6137141E+03	3.0204613E+02
4.4500E+01	6	5	-1.2624331E+04	4.4107253E+02
4.4500E+01	6	6	5.6399586E+07	4.7288575E+06
4.4000E+01	1	1	2.0686570E+04	1.9317065E+03
4.4000E+01	1	2	1.2301599E+00	3.2508684E+00
4.4000E+01	1	3	-3.6476122E+00	-9.5424239E-01
4.4000E+01	1	4	-3.8795442E+01	-3.8908670E+00
4.4000E+01	1	5	-1.4558002E+05	-8.6244546E+03
4.4000E+01	1	6	-5.0963365E+01	-6.0984996E+01
4.4000E+01	2	1	-1.4467060E+00	7.2542963E-01
4.4000E+01	2	2	2.0686699E+04	1.9306941E+03
4.4000E+01	2	3	5.2392950E+00	-3.1431995E-01
4.4000E+01	2	4	1.4574231E+05	8.6240605E+03
4.4000E+01	2	5	1.2863840E+02	-2.5222485E+01
4.4000E+01	2	6	-1.1043400E+02	5.7355217E+01
4.4000E+01	3	1	2.9761550E-02	-8.0809070E-01
4.4000E+01	3	2	-8.9922953E-01	-1.1544060E+00
4.4000E+01	3	3	3.0234788E+04	9.4142180E+01
4.4000E+01	3	4	-1.2335041E+02	1.5260589E+00
4.4000E+01	3	5	1.1535731E+02	6.5706269E+00
4.4000E+01	3	6	-1.4462481E+01	3.3399066E+01
4.4000E+01	4	1	-4.9863739E+01	-1.0976477E+00
4.4000E+01	4	2	1.4623722E+05	8.5133561E+03
4.4000E+01	4	3	-4.1570838E+01	2.4078904E+00
4.4000E+01	4	4	2.6637251E+07	1.0386072E+05
4.4000E+01	4	5	5.8585137E+03	-8.4157248E+01
4.4000E+01	4	6	-1.0499961E+03	3.7880994E+02
4.4000E+01	5	1	-1.4625461E+05	-8.5236673E+03
4.4000E+01	5	2	1.6173432E+01	-7.6083521E+01
4.4000E+01	5	3	1.6780652E+02	1.2927759E+01
4.4000E+01	5	4	4.9401044E+03	-1.0617021E+02
4.4000E+01	5	5	2.6640374E+07	1.0422359E+05
4.4000E+01	5	6	1.1540101E+02	1.6791979E+03
4.4000E+01	6	1	4.3344040E+01	8.3615606E+00
4.4000E+01	6	2	1.0292971E+01	4.9320995E+01
4.4000E+01	6	3	-4.7846536E+01	1.3551809E+01
4.4000E+01	6	4	8.8191259E+03	3.0204613E+02
4.4000E+01	6	5	-1.3044751E+04	4.4107253E+02
4.4000E+01	6	6	5.7675117E+07	4.7288575E+06
4.3500E+01	1	1	1.9380810E+04	1.9317065E+03
4.3500E+01	1	2	1.2196781E+00	3.2508684E+00
4.3500E+01	1	3	-3.5392490E+00	-9.5424239E-01
4.3500E+01	1	4	-4.2061764E+01	-3.8908670E+00
4.3500E+01	1	5	-1.5925061E+05	-8.6244546E+03
4.3500E+01	1	6	-4.8223415E+01	-6.0984996E+01
4.3500E+01	2	1	-1.3092290E+00	7.2542963E-01
4.3500E+01	2	2	1.9381030E+04	1.9306941E+03
4.3500E+01	2	3	5.1268012E+00	-3.1431995E-01
4.3500E+01	2	4	1.5941612E+05	8.6240605E+03
4.3500E+01	2	5	1.2452260E+02	-2.5222485E+01
4.3500E+01	2	6	-1.0087351E+02	5.7355217E+01
4.3500E+01	3	1	2.8902050E-02	-8.0809070E-01
4.3500E+01	3	2	-7.7368742E-01	-1.1544060E+00
4.3500E+01	3	3	3.0638082E+04	9.4142180E+01
4.3500E+01	3	4	-1.2134341E+02	1.5260589E+00
4.3500E+01	3	5	1.1497300E+02	6.5706269E+00
4.3500E+01	3	6	-1.2659101E+01	3.3399066E+01
4.3500E+01	4	1	-4.5932694E+01	-1.0976477E+00
4.3500E+01	4	2	1.5997752E+05	8.5133561E+03
4.3500E+01	4	3	-4.2053476E+01	2.4078904E+00
4.3500E+01	4	4	2.7550913E+07	1.0386072E+05
4.3500E+01	4	5	6.1189444E+03	-8.4157248E+01
4.3500E+01	4	6	-7.8204073E+02	3.7880994E+02
4.3500E+01	5	1	-1.5998701E+05	-8.5236673E+03
4.3500E+01	5	2	1.0892771E+01	-7.6083521E+01
4.3500E+01	5	3	1.6892241E+02	1.2927759E+01
4.3500E+01	5	4	5.0771434E+03	-1.0617021E+02
4.3500E+01	5	5	2.7553812E+07	1.0422359E+05
4.3500E+01	5	6	5.7659615E+01	1.6791979E+03
4.3500E+01	6	1	3.9355213E+01	8.3615606E+00
4.3500E+01	6	2	8.7254202E+00	4.9320995E+01
4.3500E+01	6	3	-4.5470392E+01	1.3551809E+01
4.3500E+01	6	4	8.8241473E+03	3.0204613E+02
4.3500E+01	6	5	-1.3123572E+04	4.4107253E+02
4.3500E+01	6	6	5.6549044E+07	4.7288575E+06
4.3000E+01	1	1	1.8716380E+04	1.9317065E+03
4.3000E+01	1	2	1.2310740E+00	3.2508684E+00
4.3000E+01	1	3	-3.5172997E+00	-9.5424239E-01
4.3000E+01	1	4	-4.5630423E+01	-3.8908670E+00
4.3000E+01	1	5	-1.8095129E+05	-8.6244546E+03
4.3000E+01	1	6	-4.5204707E+01	-6.0984996E+01
4.3000E+01	2	1	-1.2217840E+00	7.2542963E-01
4.3000E+01	2	2	1.8716710E+04	1.9306941E+03
4.3000E+01	2	3	5.0003992E+00	-3.1431995E-01
4.3000E+01	2	4	1.8112002E+05	8.6240605E+03
4.3000E+01	2	5	1.2652982E+02	-2.5222485E+01
4.3000E+01	2	6	-8.7897431E+01	5.7355217E+01
4.3000E+01	3	1	-5.8460593E-02	-8.0809070E-01
4.3000E+01	3	2	-7.0159608E-01	-1.1544060E+00
4.3000E+01	3	3	3.1244667E+04	9.4142180E+01
4.3000E+01	3	4	-1.2109992E+02	1.5260589E+00
4.3000E+01	3	5	1.1522451E+02	6.5706269E+00
4.3000E+01	3	6	-1.1592741E+01	3.3399066E+01
4.3000E+01	4	1	-4.4819832E+01	-1.0976477E+00
4.3000E+01	4	2	1.8164241E+05	8.5133561E+03
4.3000E+01	4	3	-4.0176159E+01	2.4078904E+00
4.3000E+01	4	4	2.8094382E+07	1.0386072E+05
4.3000E+01	4	5	6.4018595E+03	-8.4157248E+01
4.3000E+01	4	6	-6.6207927E+02	3.7880994E+02
4.3000E+01	5	1	-1.8164672E+05	-8.5236673E+03
4.3000E+01	5	2	8.0052125E+00	-7.6083521E+01
4.3000E+01	5	3	1.7111701E+02	1.2927759E+01
4.3000E+01	5	4	5.2086112E+03	-1.0617021E+02
4.3000E+01	5	5	2.8097181E+07	1.0422359E+05
4.3000E+01	5	6	7.3971184E+00	1.6791979E+03
4.3000E+01	6	1	3.8277782E+01	8.3615606E+00
4.3000E+01	6	2	8.8923295E+00	4.9320995E+01
4.3000E+01	6	3	-4.2325663E+01	1.3551809E+01
4.3000E+01	6	4	8.7211200E+03	3.0204613E+02
4.3000E+01	6	5	-1.3015951E+04	4.4107253E+02
4.3000E+01	6	6	5.4685516E+07	4.7288575E+06
4.2500E+01	1	1	1.8513980E+04	1.9317065E+03
4.2500E+01	1	2	1.2641849E+00	3.2508684E+00
4.2500E+01	1	3	-3.5429030E+00	-9.5424239E-01
4.2500E+01	1	4	-4.8963095E+01	-3.8908670E+00
4.2500E+01	1	5	-2.0035990E+05	-8.6244546E+03
4.2500E+01	1	6	-4.3169931E+01	-6.0984996E+01
4.2500E+01	2	1	-1.1862211E+00	7.2542963E-01
4.2500E+01	2	2	1.8514529E+04	1.9306941E+03
4.2500E+01	2	3	4.9111009E+00	-3.1431995E-01
4.2500E+01	2	4	2.0053310E+05	8.6240605E+03
4.2500E+01	2	5	1.3122762E+02	-2.5222485E+01
4.2500E+01	2	6	-7.7785053E+01	5.7355217E+01
4.2500E+01	3	1	-1.8555380E-01	-8.0809070E-01
4.2500E+01	3	2	-6.8881544E-01	-1.1544060E+00
4.2500E+01	3	3	3.1892847E+04	9.4142180E+01
4.2500E+01	3	4	-1.2286511E+02	1.5260589E+00
4.2500E+01	3	5	1.1522620E+02	6.5706269E+00
4.2500E+01	3	6	-1.1205251E+01	3.3399066E+01
4.2500E+01	4	1	-4.5165903E+01	-1.0976477E+00
4.2500E+01	4	2	2.0097892E+05	8.5133561E+03
4.2500E+01	4	3	-3.7889627E+01	2.4078904E+00
4.2500E+01	4	4	2.8344122E+07	1.0386072E+05
4.2500E+01	4	5	6.6203307E+03	-8.4157248E+01
4.2500E+01	4	6	-6.4103177E+02	3.7880994E+02
4.2500E+01	5	1	-2.0098011E+05	-8.5236673E+03
4.2500E+01	5	2	6.9708156E+00	-7.6083521E+01
4.2500E+01	5	3	1.7276012E+02	1.2927759E+01
4.2500E+01	5	4	5.3115815E+03	-1.0617021E+02
4.2500E+01	5	5	2.8346642E+07	1.0422359E+05
4.2500E+01	5	6	-2.3226023E+01	1.6791979E+03
4.2500E+01	6	1	3.9228647E+01	8.3615606E+00
4.2500E+01	6	2	1.0298840E+01	4.9320995E+01
4.2500E+01	6	3	-3.9759101E+01	1.3551809E+01
4.2500E+01	6	4	8.6208000E+03	3.0204613E+02
4.2500E+01	6	5	-1.2846781E+04	4.4107253E+02
4.2500E+01	6	6	5.2853026E+07	4.7288575E+06
4.2000E+01	1	1	1.8541780E+04	1.9317065E+03
4.2000E+01	1	2	1.2960510E+00	3.2508684E+00
4.2000E+01	1	3	-3.5837631E+00	-9.5424239E-01
4.2000E+01	1	4	-5.2104165E+01	-3.8908670E+00
4.2000E+01	1	5	-2.1474201E+05	-8.6244546E+03
4.2000E+01	1	6	-4.2368807E+01	-6.0984996E+01
4.2000E+01	2	1	-1.1749100E+00	7.2542963E-01
4.2000E+01	2	2	1.8542529E+04	1.9306941E+03
4.2000E+01	2	3	4.8529583E+00	-3.1431995E-01
4.2000E+01	2	4	2.1491951E+05	8.6240605E+03
4.2000E+01	2	5	1.3586710E+02	-2.5222485E+01
4.2000E+01	2	6	-7.1134947E+01	5.7355217E+01
4.2000E+01	3	1	-3.2106472E-01	-8.0809070E-01
4.2000E+01	3	2	-7.1242670E-01	-1.1544060E+00
4.2000E+01	3	3	3.2441740E+04	9.4142180E+01
4.2000E+01	3	4	-1.2535300E+02	1.5260589E+00
4.2000E+01	3	5	1.1593101E+02	6.5706269E+00
4.2000E+01	3	6	-1.1280411E+01	3.3399066E+01
4.2000E+01	4	1	-4.5968312E+01	-1.0976477E+00
4.2000E+01	4	2	2.1528361E+05	8.5133561E+03
4.2000E+01	4	3	-3.6073556E+01	2.4078904E+00
4.2000E+01	4	4	2.8406953E+07	1.0386072E+05
4.2000E+01	4	5	6.7686483E+03	-8.4157248E+01
4.2000E+01	4	6	-6.4658317E+02	3.7880994E+02
4.2000E+01	5	1	-2.1528490E+05	-8.5236673E+03
4.2000E+01	5	2	7.0680416E+00	-7.6083521E+01
4.2000E+01	5	3	1.7447491E+02	1.2927759E+01
4.2000E+01	5	4	5.3874795E+03	-1.0617021E+02
4.2000E+01	5	5	2.8409273E+07	1.0422359E+05
4.2000E+01	5	6	-3.0265333E+01	1.6791979E+03
4.2000E+01	6	1	4.0185011E+01	8.3615606E+00
4.2000E+01	6	2	1.2021001E+01	4.9320995E+01
4.2000E+01	6	3	-3.7943525E+01	1.3551809E+01
4.2000E+01	6	4	8.5276049E+03	3.0204613E+02
4.2000E+01	6	5	-1.2666032E+04	4.4107253E+02
4.2000E+01	6	6	5.1286464E+07	4.7288575E+06
4.1500E+01	1	1	1.8660989E+04	1.9317065E+03
4.1500E+01	1	2	1.3252420E+00	3.2508684E+00
4.1500E+01	1	3	-3.6205619E+00	-9.5424239E-01
4.1500E+01	1	4	-5.4626383E+01	-3.8908670E+00
4.1500E+01	1	5	-2.2439101E+05	-8.6244546E+03
4.1500E+01	1	6	-4.2072405E+01	-6.0984996E+01
4.1500E+01	2	1	-1.1791671E+00	7.2542963E-01
4.1500E+01	2	2	1.8661850E+04	1.9306941E+03
4.1500E+01	2	3	4.8158189E+00	-3.1431995E-01
4.1500E+01	2	4	2.2457182E+05	8.6240605E+03
4.1500E+01	2	5	1.3991912E+02	-2.5222485E+01
4.1500E+01	2	6	-6.5720831E+01	5.7355217E+01
4.1500E+01	3	1	-4.5202288E-01	-8.0809070E-01
4.1500E+01	3	2	-7.5302324E-01	-1.1544060E+00
4.1500E+01	3	3	3.2817268E+04	9.4142180E+01
4.1500E+01	3	4	-1.2774681E+02	1.5260589E+00
4.1500E+01	3	5	1.1766691E+02	6.5706269E+00
4.1500E+01	3	6	-1.1605470E+01	3.3399066E+01
4.1500E+01	4	1	-4.7107222E+01	-1.0976477E+00
4.1500E+01	4	2	2.2486161E+05	8.5133561E+03
4.1500E+01	4	3	-3.4663883E+01	2.4078904E+00
4.1500E+01	4	4	2.8365771E+07	1.0386072E+05
4.1500E+01	4	5	6.8553898E+03	-8.4157248E+01
4.1500E+01	4	6	-6.6125488E+02	3.7880994E+02
4.1500E+01	5	1	-2.2486292E+05	-8.5236673E+03
4.1500E+01	5	2	7.7329030E+00	-7.6083521E+01
4.1500E+01	5	3	1.7543352E+02	1.2927759E+01
4.1500E+01	5	4	5.4344298E+03	-1.0617021E+02
4.1500E+01	5	5	2.8367975E+07	1.0422359E+05
4.1500E+01	5	6	-2.2319983E+01	1.6791979E+03
4.1500E+01	6	1	4.1245015E+01	8.3615606E+00
4.1500E+01	6	2	1.3376320E+01	4.9320995E+01
4.1500E+01	6	3	-3.6619562E+01	1.3551809E+01
4.1500E+01	6	4	8.4417629E+03	3.0204613E+02
4.1500E+01	6	5	-1.2496872E+04	4.4107253E+02
4.1500E+01	6	6	5.0009155E+07	4.7288575E+06
4.1000E+01	1	1	1.8803381E+04	1.9317065E+03
4.1000E+01	1	2	1.3501970E+00	3.2508684E+00
4.1000E+01	1	3	-3.6559480E+00	-9.5424239E-01
4.1000E+01	1	4	-5.6696841E+01	-3.8908670E+00
4.1000E+01	1	5	-2.3038820E+05	-8.6244546E+03
4.1000E+01	1	6	-4.2646383E+01	-6.0984996E+01
4.1000E+01	2	1	-1.1853630E+00	7.2542963E-01
4.1000E+01	2	2	1.8804420E+04	1.9306941E+03
4.1000E+01	2	3	4.7940092E+00	-3.1431995E-01
4.1000E+01	2	4	2.3057182E+05	8.6240605E+03
4.1000E+01	2	5	1.4308181E+02	-2.5222485E+01
4.1000E+01	2	6	-6.2356936E+01	5.7355217E+01
4.1000E+01	3	1	-5.6749893E-01	-8.0809070E-01
4.1000E+01	3	2	-8.0187613E-01	-1.1544060E+00
4.1000E+01	3	3	3.3013179E+04	9.4142180E+01
4.1000E+01	3	4	-1.3037960E+02	1.5260589E+00
4.1000E+01	3	5	1.1845041E+02	6.5706269E+00
4.1000E+01	3	6	-1.1954251E+01	3.3399066E+01
4.1000E+01	4	1	-4.8035774E+01	-1.0976477E+00
4.1000E+01	4	2	2.3079881E+05	8.5133561E+03
4.1000E+01	4	3	-3.3808014E+01	2.4078904E+00
4.1000E+01	4	4	2.8273953E+07	1.0386072E+05
4.1000E+01	4	5	6.9003405E+03	-8.4157248E+01
4.1000E+01	4	6	-6.8390061E+02	3.7880994E+02
4.1000E+01	5	1	-2.3080042E+05	-8.5236673E+03
4.1000E+01	5	2	8.6272580E+00	-7.6083521E+01
4.1000E+01	5	3	1.7642050E+02	1.2927759E+01
4.1000E+01	5	4	5.4600146E+03	-1.0617021E+02
4.1000E+01	5	5	2.8276145E+07	1.0422359E+05
4.1000E+01	5	6	-1.9962973E+01	1.6791979E+03
4.1000E+01	6	1	4.2129493E+01	8.3615606E+00
4.1000E+01	6	2	1.4657221E+01	4.9320995E+01
4.1000E+01	6	3	-3.5977492E+01	1.3551809E+01
4.1000E+01	6	4	8.3739337E+03	3.0204613E+02
4.1000E+01	6	5	-1.2357002E+04	4.4107253E+02
4.1000E+01	6	6	4.8980915E+07	4.7288575E+06
4.0500E+01	1	1	1.8939110E+04	1.9317065E+03
4.0500E+01	1	2	1.3699990E+00	3.2508684E+00
4.0500E+01	1	3	-3.6854528E+00	-9.5424239E-01
4.0500E+01	1	4	-5.8080991E+01	-3.8908670E+00
4.0500E+01	1	5	-2.3380062E+05	-8.6244546E+03
4.0500E+01	1	6	-4.3491349E+01	-6.0984996E+01
4.0500E+01	2	1	-1.1876360E+00	7.2542963E-01
4.0500E+01	2	2	1.8940150E+04	1.9306941E+03
4.0500E+01	2	3	4.7771861E+00	-3.1431995E-01
4.0500E+01	2	4	2.3398601E+05	8.6240605E+03
4.0500E+01	2	5	1.4544412E+02	-2.5222485E+01
4.0500E+01	2	6	-5.9712618E+01	5.7355217E+01
4.0500E+01	3	1	-6.6087081E-01	-8.0809070E-01
4.0500E+01	3	2	-8.4165045E-01	-1.1544060E+00
4.0500E+01	3	3	3.3062911E+04	9.4142180E+01
4.0500E+01	3	4	-1.3276780E+02	1.5260589E+00
4.0500E+01	3	5	1.1885701E+02	6.5706269E+00
4.0500E+01	3	6	-1.2380541E+01	3.3399066E+01
4.0500E+01	4	1	-4.8807085E+01	-1.0976477E+00
4.0500E+01	4	2	2.3416322E+05	8.5133561E+03
4.0500E+01	4	3	-3.3247492E+01	2.4078904E+00
4.0500E+01	4	4	2.8162761E+07	1.0386072E+05
4.0500E+01	4	5	6.9179707E+03	-8.4157248E+01
4.0500E+01	4	6	-7.0608555E+02	3.7880994E+02
4.0500E+01	5	1	-2.3416501E+05	-8.5236673E+03
4.0500E+01	5	2	9.5297456E+00	-7.6083521E+01
4.0500E+01	5	3	1.7748482E+02	1.2927759E+01
4.0500E+01	5	4	5.4616771E+03	-1.0617021E+02
4.0500E+01	5	5	2.8165041E+07	1.0422359E+05
4.0500E+01	5	6	-4.6358875E+00	1.6791979E+03
4.0500E+01	6	1	4.2884124E+01	8.3615606E+00
4.0500E+01	6	2	1.5619820E+01	4.9320995E+01
4.0500E+01	6	3	-3.5734779E+01	1.3551809E+01
4.0500E+01	6	4	8.3226478E+03	3.0204613E+02
4.0500E+01	6	5	-1.2234681E+04	4.4107253E+02
4.0500E+01	6	6	4.8151973E+07	4.7288575E+06
4.0000E+01	1	1	1.9056999E+04	1.9317065E+03
4.0000E+01	1	2	1.3851679E+00	3.2508684E+00
4.0000E+01	1	3	-3.7102622E+00	-9.5424239E-01
4.0000E+01	1	4	-5.9213704E+01	-3.8908670E+00
4.0000E+01	1	5	-2.3546661E+05	-8.6244546E+03
4.0000E+01	1	6	-4.4202054E+01	-6.0984996E+01
4.0000E+01	2	1	-1.1907930E+00	7.2542963E-01
4.0000E+01	2	2	1.9058020E+04	1.9306941E+03
4.0000E+01	2	3	4.7632288E+00	-3.1431995E-01
4.0000E+01	2	4	2.3565381E+05	8.6240605E+03
4.0000E+01	2	5	1.4718469E+02	-2.5222485E+01
4.0000E+01	2	6	-5.7867793E+01	5.7355217E+01
4.0000E+01	3	1	-7.3063953E-01	-8.0809070E-01
4.0000E+01	3	2	-8.7680658E-01	-1.1544060E+00
4.0000E+01	3	3	3.3010962E+04	9.4142180E+01
4.0000E+01	3	4	-1.3439870E+02	1.5260589E+00
4.0000E+01	3	5	1.2022461E+02	6.5706269E+00
4.0000E+01	3	6	-1.2718060E+01	3.3399066E+01
4.0000E+01	4	1	-4.9444985E+01	-1.0976477E+00
4.0000E+01	4	2	2.3579081E+05	8.5133561E+03
4.0000E+01	4	3	-3.3050351E+01	2.4078904E+00
4.0000E+01	4	4	2.8049442E+07	1.0386072E+05
4.0000E+01	4	5	6.9182420E+03	-8.4157248E+01
4.0000E+01	4	6	-7.1684848E+02	3.7880994E+02
4.0000E+01	5	1	-2.3579291E+05	-8.5236673E+03
4.0000E+01	5	2	1.0394581E+01	-7.6083521E+01
4.0000E+01	5	3	1.7796009E+02	1.2927759E+01
4.0000E+01	5	4	5.4624366E+03	-1.0617021E+02
4.0000E+01	5	5	2.8051624E+07	1.0422359E+05
4.0000E+01	5	6	-4.2430950E+00	1.6791979E+03
4.0000E+01	6	1	4.3351044E+01	8.3615606E+00
4.0000E+01	6	2	1.6246400E+01	4.9320995E+01
4.0000E+01	6	3	-3.5488053E+01	1.3551809E+01
4.0000E+01	6	4	8.2681756E+03	3.0204613E+02
4.0000E+01	6	5	-1.2128562E+04	4.4107253E+02
4.0000E+01	6	6	4.7478167E+07	4.7288575E+06
3.9500E+01	1	1	1.9154220E+04	1.9317065E+03
3.9500E+01	1	2	1.3989220E+00	3.2508684E+00
3.9500E+01	1	3	-3.7251886E+00	-9.5424239E-01
3.9500E+01	1	4	-6.0109802E+01	-3.8908670E+00
3.9500E+01	1	5	-2.3598909E+05	-8.6244546E+03
3.9500E+01	1	6	-4.5148868E+01	-6.0984996E+01
3.9500E+01	2	1	-1.1924920E+00	7.2542963E-01
3.9500E+01	2	2	1.9155360E+04	1.9306941E+03
3.9500E+01	2	3	4.7504549E+00	-3.1431995E-01
3.9500E+01	2	4	2.3617622E+05	8.6240605E+03
3.9500E+01	2	5	1.4833591E+02	-2.5222485E+01
3.9500E+01	2	6	-5.6855583E+01	5.7355217E+01
3.9500E+01	3	1	-7.8728182E-01	-8.0809070E-01
3.9500E+01	3	2	-9.0599014E-01	-1.1544060E+00
3.9500E+01	3	3	3.2897280E+04	9.4142180E+01
3.9500E+01	3	4	-1.3577741E+02	1.5260589E+00
3.9500E+01	3	5	1.2107970E+02	6.5706269E+00
3.9500E+01	3	6	-1.3134160E+01	3.3399066E+01
3.9500E+01	4	1	-4.9958773E+01	-1.0976477E+00
3.9500E+01	4	2	2.3628143E+05	8.5133561E+03
3.9500E+01	4	3	-3.2897771E+01	2.4078904E+00
3.9500E+01	4	4	2.7941893E+07	1.0386072E+05
3.9500E+01	4	5	6.9123834E+03	-8.4157248E+01
3.9500E+01	4	6	-7.3531165E+02	3.7880994E+02
3.9500E+01	5	1	-2.3628511E+05	-8.5236673E+03
3.9500E+01	5	2	1.1106910E+01	-7.6083521E+01
3.9500E+01	5	3	1.7819142E+02	1.2927759E+01
3.9500E+01	5	4	5.4533141E+03	-1.0617021E+02
3.9500E+01	5	5	2.7944095E+07	1.0422359E+05
3.9500E+01	5	6	1.4007491E+00	1.6791979E+03
3.9500E+01	6	1	4.3668411E+01	8.3615606E+00
3.9500E+01	6	2	1.6910711E+01	4.9320995E+01
3.9500E+01	6	3	-3.5608331E+01	1.3551809E+01
3.9500E+01	6	4	8.2288976E+03	3.0204613E+02
3.9500E+01	6	5	-1.2043941E+04	4.4107253E+02
3.9500E+01	6	6	4.6924411E+07	4.7288575E+06
3.9000E+01	1	1	1.9231900E+04	1.9317065E+03
3.9000E+01	1	2	1.4096760E+00	3.2508684E+00
3.9000E+01	1	3	-3.7354566E+00	-9.5424239E-01
3.9000E+01	1	4	-6.0518929E+01	-3.8908670E+00
3.9000E+01	1	5	-2.3578229E+05	-8.6244546E+03
3.9000E+01	1	6	-4.5809024E+01	-6.0984996E+01
3.9000E+01	2	1	-1.1917520E+00	7.2542963E-01
3.9000E+01	2	2	1.9233040E+04	1.9306941E+03
3.9000E+01	2	3	4.7384889E+00	-3.1431995E-01
3.9000E+01	2	4	2.3596994E+05	8.6240605E+03
3.9000E+01	2	5	1.4923971E+02	-2.5222485E+01
3.9000E+01	2	6	-5.5534634E+01	5.7355217E+01
3.9000E+01	3	1	-8.2457728E-01	-8.0809070E-01
3.9000E+01	3	2	-9.2815930E-01	-1.1544060E+00
3.9000E+01	3	3	3.2751680E+04	9.4142180E+01
3.9000E+01	3	4	-1.3691730E+02	1.5260589E+00
3.9000E+01	3	5	1.2044421E+02	6.5706269E+00
3.9000E+01	3	6	-1.3376200E+01	3.3399066E+01
3.9000E+01	4	1	-5.0251341E+01	-1.0976477E+00
3.9000E+01	4	2	2.3604972E+05	8.5133561E+03
3.9000E+01	4	3	-3.3041563E+01	2.4078904E+00
3.9000E+01	4	4	2.7843853E+07	1.0386072E+05
3.9000E+01	4	5	6.8982902E+03	-8.4157248E+01
3.9000E+01	4	6	-7.4606140E+02	3.7880994E+02
3.9000E+01	5	1	-2.3605451E+05	-8.5236673E+03
3.9000E+01	5	2	1.1687611E+01	-7.6083521E+01
3.9000E+01	5	3	1.7803851E+02	1.2927759E+01
3.9000E+01	5	4	5.4394127E+03	-1.0617021E+02
3.9000E+01	5	5	2.7846025E+07	1.0422359E+05
3.9000E+01	5	6	1.3404721E+01	1.6791979E+03
3.9000E+01	6	1	4.3803643E+01	8.3615606E+00
3.9000E+01	6	2	1.7306631E+01	4.9320995E+01
3.9000E+01	6	3	-3.5721570E+01	1.3551809E+01
3.9000E+01	6	4	8.2030068E+03	3.0204613E+02
3.9000E+01	6	5	-1.1962001E+04	4.4107253E+02
3.9000E+01	6	6	4.6464205E+07	4.7288575E+06
3.8500E+01	1	1	1.9292160E+04	1.9317065E+03
3.8500E+01	1	2	1.4198660E+00	3.2508684E+00
3.8500E+01	1	3	-3.7419460E+00	-9.5424239E-01
3.8500E+01	1	4	-6.1118758E+01	-3.8908670E+00
3.8500E+01	1	5	-2.3512699E+05	-8.6244546E+03
3.8500E+01	1	6	-4.6588495E+01	-6.0984996E+01
3.8500E+01	2	1	-1.1911270E+00	7.2542963E-01
3.8500E+01	2	2	1.9293391E+04	1.9306941E+03
3.8500E+01	2	3	4.7315168E+00	-3.1431995E-01
3.8500E+01	2	4	2.3531531E+05	8.6240605E+03
3.8500E+01	2	5	1.4976302E+02	-2.5222485E+01
3.8500E+01	2	6	-5.4967066E+01	5.7355217E+01
3.8500E+01	3	1	-8.5200213E-01	-8.0809070E-01
3.8500E+01	3	2	-9.4162747E-01	-1.1544060E+00
3.8500E+01	3	3	3.2594400E+04	9.4142180E+01
3.8500E+01	3	4	-1.3747212E+02	1.5260589E+00
3.8500E+01	3	5	1.2085120E+02	6.5706269E+00
3.8500E+01	3	6	-1.3662510E+01	3.3399066E+01
3.8500E+01	4	1	-5.0553784E+01	-1.0976477E+00
3.8500E+01	4	2	2.3537470E+05	8.5133561E+03
3.8500E+01	4	3	-3.3051128E+01	2.4078904E+00
3.8500E+01	4	4	2.7756532E+07	1.0386072E+05
3.8500E+01	4	5	6.8771024E+03	-8.4157248E+01
3.8500E+01	4	6	-7.5838268E+02	3.7880994E+02
3.8500E+01	5	1	-2.3538042E+05	-8.5236673E+03
3.8500E+01	5	2	1.2205891E+01	-7.6083521E+01
3.8500E+01	5	3	1.7822271E+02	1.2927759E+01
3.8500E+01	5	4	5.4280995E+03	-1.0617021E+02
3.8500E+01	5	5	2.7758592E+07	1.0422359E+05
3.8500E+01	5	6	1.4111482E+01	1.6791979E+03
3.8500E+01	6	1	4.3933815E+01	8.3615606E+00
3.8500E+01	6	2	1.7951113E+01	4.9320995E+01
3.8500E+01	6	3	-3.5959325E+01	1.3551809E+01
3.8500E+01	6	4	8.1655990E+03	3.0204613E+02
3.8500E+01	6	5	-1.1900191E+04	4.4107253E+02
3.8500E+01	6	6	4.6077486E+07	4.7288575E+06
3.8000E+01	1	1	1.9337830E+04	1.9317065E+03
3.8000E+01	1	2	1.4254590E+00	3.2508684E+00
3.8000E+01	1	3	-3.7473468E+00	-9.5424239E-01
3.8000E+01	1	4	-6.1422614E+01	-3.8908670E+00
3.8000E+01	1	5	-2.3420950E+05	-8.6244546E+03
3.8000E+01	1	6	-4.7212633E+01	-6.0984996E+01
3.8000E+01	2	1	-1.1854021E+00	7.2542963E-01
3.8000E+01	2	2	1.9339040E+04	1.9306941E+03
3.8000E+01	2	3	4.7245808E+00	-3.1431995E-01
3.8000E+01	2	4	2.3439811E+05	8.6240605E+03
3.8000E+01	2	5	1.5009302E+02	-2.5222485E+01
3.8000E+01	2	6	-5.4237374E+01	5.7355217E+01
3.8000E+01	3	1	-8.6811827E-01	-8.0809070E-01
3.8000E+01	3	2	-9.5335842E-01	-1.1544060E+00
3.8000E+01	3	3	3.2437809E+04	9.4142180E+01
3.8000E+01	3	4	-1.3809550E+02	1.5260589E+00
3.8000E+01	3	5	1.2093191E+02	6.5706269E+00
3.8000E+01	3	6	-1.3733401E+01	3.3399066E+01
3.8000E+01	4	1	-5.0546402E+01	-1.0976477E+00
3.8000E+01	4	2	2.3444162E+05	8.5133561E+03
3.8000E+01	4	3	-3.3063914E+01	2.4078904E+00
3.8000E+01	4	4	2.7679164E+07	1.0386072E+05
3.8000E+01	4	5	6.8526444E+03	-8.4157248E+01
3.8000E+01	4	6	-7.7612274E+02	3.7880994E+02
3.8000E+01	5	1	-2.3444803E+05	-8.5236673E+03
3.8000E+01	5	2	1.2727151E+01	-7.6083521E+01
3.8000E+01	5	3	1.7776931E+02	1.2927759E+01
3.8000E+01	5	4	5.4167605E+03	-1.0617021E+02
3.8000E+01	5	5	2.7681531E+07	1.0422359E+05
3.8000E+01	5	6	1.5248692E+01	1.6791979E+03
3.8000E+01	6	1	4.3818514E+01	8.3615606E+00
3.8000E+01	6	2	1.8289600E+01	4.9320995E+01
3.8000E+01	6	3	-3.6028567E+01	1.3551809E+01
3.8000E+01	6	4	8.1492088E+03	3.0204613E+02
3.8000E+01	6	5	-1.1846812E+04	4.4107253E+02
3.8000E+01	6	6	4.5749223E+07	4.7288575E+06
3.7500E+01	1	1	1.9371350E+04	1.9317065E+03
3.7500E+01	1	2	1.4338669E+00	3.2508684E+00
3.7500E+01	1	3	-3.7486061E+00	-9.5424239E-01
3.7500E+01	1	4	-6.1519714E+01	-3.8908670E+00
3.7500E+01	1	5	-2.3315261E+05	-8.6244546E+03
3.7500E+01	1	6	-4.7999082E+01	-6.0984996E+01
3.7500E+01	2	1	-1.1819760E+00	7.2542963E-01
3.7500E+01	2	2	1.9372589E+04	1.9306941E+03
3.7500E+01	2	3	4.7109851E+00	-3.1431995E-01
3.7500E+01	2	4	2.3334071E+05	8.6240605E+03
3.7500E+01	2	5	1.5036149E+02	-2.5222485E+01
3.7500E+01	2	6	-5.3507973E+01	5.7355217E+01
3.7500E+01	3	1	-8.7781048E-01	-8.0809070E-01
3.7500E+01	3	2	-9.5872005E-01	-1.1544060E+00
3.7500E+01	3	3	3.2289510E+04	9.4142180E+01
3.7500E+01	3	4	-1.3833439E+02	1.5260589E+00
3.7500E+01	3	5	1.2052912E+02	6.5706269E+00
3.7500E+01	3	6	-1.3780792E+01	3.3399066E+01
3.7500E+01	4	1	-5.0830050E+01	-1.0976477E+00
3.7500E+01	4	2	2.3337243E+05	8.5133561E+03
3.7500E+01	4	3	-3.3195549E+01	2.4078904E+00
3.7500E+01	4	4	2.7611524E+07	1.0386072E+05
3.7500E+01	4	5	6.8377961E+03	-8.4157248E+01
3.7500E+01	4	6	-7.7781640E+02	3.7880994E+02
3.7500E+01	5	1	-2.3337981E+05	-8.5236673E+03
3.7500E+01	5	2	1.3012481E+01	-7.6083521E+01
3.7500E+01	5	3	1.7780050E+02	1.2927759E+01
3.7500E+01	5	4	5.3987639E+03	-1.0617021E+02
3.7500E+01	5	5	2.7613861E+07	1.0422359E+05
3.7500E+01	5	6	1.8212193E+01	1.6791979E+03
3.7500E+01	6	1	4.3735312E+01	8.3615606E+00
3.7500E+01	6	2	1.8462832E+01	4.9320995E+01
3.7500E+01	6	3	-3.6262412E+01	1.3551809E+01
3.7500E+01	6	4	8.1295932E+03	3.0204613E+02
3.7500E+01	6	5	-1.1801421E+04	4.4107253E+02
3.7500E+01	6	6	4.5467878E+07	4.7288575E+06
3.7000E+01	1	1	1.9395001E+04	1.9317065E+03
3.7000E+01	1	2	1.4378291E+00	3.2508684E+00
3.7000E+01	1	3	-3.7485799E+00	-9.5424239E-01
3.7000E+01	1	4	-6.1530873E+01	-3.8908670E+00
3.7000E+01	1	5	-2.3203492E+05	-8.6244546E+03
3.7000E+01	1	6	-4.8441075E+01	-6.0984996E+01
3.7000E+01	2	1	-1.1780170E+00	7.2542963E-01
3.7000E+01	2	2	1.9396160E+04	1.9306941E+03
3.7000E+01	2	3	4.7017259E+00	-3.1431995E-01
3.7000E+01	2	4	2.3222322E+05	8.6240605E+03
3.7000E+01	2	5	1.5042451E+02	-2.5222485E+01
3.7000E+01	2	6	-5.3525865E+01	5.7355217E+01
3.7000E+01	3	1	-8.8307540E-01	-8.0809070E-01
3.7000E+01	3	2	-9.6105219E-01	-1.1544060E+00
3.7000E+01	3	3	3.2152909E+04	9.4142180E+01
3.7000E+01	3	4	-1.3848431E+02	1.5260589E+00
3.7000E+01	3	5	1.2077710E+02	6.5706269E+00
3.7000E+01	3	6	-1.3838971E+01	3.3399066E+01
3.7000E+01	4	1	-5.0845976E+01	-1.0976477E+00
3.7000E+01	4	2	2.3224542E+05	8.5133561E+03
3.7000E+01	4	3	-3.3495004E+01	2.4078904E+00
3.7000E+01	4	4	2.7552202E+07	1.0386072E+05
3.7000E+01	4	5	6.8197971E+03	-8.4157248E+01
3.7000E+01	4	6	-7.8043165E+02	3.7880994E+02
3.7000E+01	5	1	-2.3225352E+05	-8.5236673E+03
3.7000E+01	5	2	1.3436521E+01	-7.6083521E+01
3.7000E+01	5	3	1.7760602E+02	1.2927759E+01
3.7000E+01	5	4	5.3867507E+03	-1.0617021E+02
3.7000E+01	5	5	2.7554673E+07	1.0422359E+05
3.7000E+01	5	6	1.6837273E+01	1.6791979E+03
3.7000E+01	6	1	4.3739729E+01	8.3615606E+00
3.7000E+01	6	2	1.8584110E+01	4.9320995E+01
3.7000E+01	6	3	-3.6368159E+01	1.3551809E+01
3.7000E+01	6	4	8.1085756E+03	3.0204613E+02
3.7000E+01	6	5	-1.1755532E+04	4.4107253E+02
3.7000E+01	6	6	4.5224424E+07	4.7288575E+06
3.6500E+01	1	1	1.9410490E+04	1.9317065E+03
3.6500E+01	1	2	1.4429540E+00	3.2508684E+00
3.6500E+01	1	3	-3.7448990E+00	-9.5424239E-01
3.6500E+01	1	4	-6.1707534E+01	-3.8908670E+00
3.6500E+01	1	5	-2.3090811E+05	-8.6244546E+03
3.6500E+01	1	6	-4.8926383E+01	-6.0984996E+01
3.6500E+01	2	1	-1.1734181E+00	7.2542963E-01
3.6500E+01	2	2	1.9411780E+04	1.9306941E+03
3.6500E+01	2	3	4.6940296E+00	-3.1431995E-01
3.6500E+01	2	4	2.3109662E+05	8.6240605E+03
3.6500E+01	2	5	1.5045122E+02	-2.5222485E+01
3.6500E+01	2	6	-5.2920964E+01	5.7355217E+01
3.6500E+01	3	1	-8.8221650E-01	-8.0809070E-01
3.6500E+01	3	2	-9.6062589E-01	-1.1544060E+00
3.6500E+01	3	3	3.2029698E+04	9.4142180E+01
3.6500E+01	3	4	-1.3860372E+02	1.5260589E+00
3.6500E+01	3	5	1.2063531E+02	6.5706269E+00
3.6500E+01	3	6	-1.3831480E+01	3.3399066E+01
3.6500E+01	4	1	-5.0956734E+01	-1.0976477E+00
3.6500E+01	4	2	2.3111131E+05	8.5133561E+03
3.6500E+01	4	3	-3.3627801E+01	2.4078904E+00
3.6500E+01	4	4	2.7500462E+07	1.0386072E+05
3.6500E+01	4	5	6.8054785E+03	-8.4157248E+01
3.6500E+01	4	6	-7.8495433E+02	3.7880994E+02
3.6500E+01	5	1	-2.3112020E+05	-8.5236673E+03
3.6500E+01	5	2	1.3756180E+01	-7.6083521E+01
3.6500E+01	5	3	1.7684822E+02	1.2927759E+01
3.6500E+01	5	4	5.3759444E+03	-1.0617021E+02
3.6500E+01	5	5	2.7502744E+07	1.0422359E+05
3.6500E+01	5	6	2.0413632E+01	1.6791979E+03
3.6500E+01	6	1	4.3795427E+01	8.3615606E+00
3.6500E+01	6	2	1.9121172E+01	4.9320995E+01
3.6500E+01	6	3	-3.6488994E+01	1.3551809E+01
3.6500E+01	6	4	8.0975376E+03	3.0204613E+02
3.6500E+01	6	5	-1.1727060E+04	4.4107253E+02
3.6500E+01	6	6	4.5012243E+07	4.7288575E+06
3.6000E+01	1	1	1.9419651E+04	1.9317065E+03
3.6000E+01	1	2	1.4448230E+00	3.2508684E+00
3.6000E+01	1	3	-3.7481360E+00	-9.5424239E-01
3.6000E+01	1	4	-6.1694676E+01	-3.8908670E+00
3.6000E+01	1	5	-2.2980380E+05	-8.6244546E+03
3.6000E+01	1	6	-4.9278731E+01	-6.0984996E+01
3.6000E+01	2	1	-1.1711001E+00	7.2542963E-01
3.6000E+01	2	2	1.9420868E+04	1.9306941E+03
3.6000E+01	2	3	4.6880159E+00	-3.1431995E-01
3.6000E+01	2	4	2.2999232E+05	8.6240605E+03
3.6000E+01	2	5	1.5052502E+02	-2.5222485E+01
3.6000E+01	2	6	-5.2670362E+01	5.7355217E+01
3.6000E+01	3	1	-8.8287729E-01	-8.0809070E-01
3.6000E+01	3	2	-9.6260266E-01	-1.1544060E+00
3.6000E+01	3	3	3.1920139E+04	9.4142180E+01
3.6000E+01	3	4	-1.3853131E+02	1.5260589E+00
3.6000E+01	3	5	1.2072011E+02	6.5706269E+00
3.6000E+01	3	6	-1.3760170E+01	3.3399066E+01
3.6000E+01	4	1	-5.0899135E+01	-1.0976477E+00
3.6000E+01	4	2	2.3000072E+05	8.5133561E+03
3.6000E+01	4	3	-3.3573091E+01	2.4078904E+00
3.6000E+01	4	4	2.7455054E+07	1.0386072E+05
3.6000E+01	4	5	6.7862502E+03	-8.4157248E+01
3.6000E+01	4	6	-7.9573220E+02	3.7880994E+02
3.6000E+01	5	1	-2.3001052E+05	-8.5236673E+03
3.6000E+01	5	2	1.4033452E+01	-7.6083521E+01
3.6000E+01	5	3	1.7683960E+02	1.2927759E+01
3.6000E+01	5	4	5.3677093E+03	-1.0617021E+02
3.6000E+01	5	5	2.7457284E+07	1.0422359E+05
3.6000E+01	5	6	1.8328121E+01	1.6791979E+03
3.6000E+01	6	1	4.3541162E+01	8.3615606E+00
3.6000E+01	6	2	1.9211172E+01	4.9320995E+01
3.6000E+01	6	3	-3.6546086E+01	1.3551809E+01
3.6000E+01	6	4	8.0859127E+03	3.0204613E+02
3.6000E+01	6	5	-1.1695751E+04	4.4107253E+02
3.6000E+01	6	6	4.4825957E+07	4.7288575E+06
3.5500E+01	1	1	1.9423610E+04	1.9317065E+03
3.5500E+01	1	2	1.4492940E+00	3.2508684E+00
3.5500E+01	1	3	-3.7386459E+00	-9.5424239E-01
3.5500E+01	1	4	-6.1645145E+01	-3.8908670E+00
3.5500E+01	1	5	-2.2874101E+05	-8.6244546E+03
3.5500E+01	1	6	-4.9597721E+01	-6.0984996E+01
3.5500E+01	2	1	-1.1675420E+00	7.2542963E-01
3.5500E+01	2	2	1.9424868E+04	1.9306941E+03
3.5500E+01	2	3	4.6833560E+00	-3.1431995E-01
3.5500E+01	2	4	2.2893011E+05	8.6240605E+03
3.5500E+01	2	5	1.5041092E+02	-2.5222485E+01
3.5500E+01	2	6	-5.2010591E+01	5.7355217E+01
3.5500E+01	3	1	-8.7831257E-01	-8.0809070E-01
3.5500E+01	3	2	-9.6181158E-01	-1.1544060E+00
3.5500E+01	3	3	3.1823902E+04	9.4142180E+01
3.5500E+01	3	4	-1.3874180E+02	1.5260589E+00
3.5500E+01	3	5	1.2056351E+02	6.5706269E+00
3.5500E+01	3	6	-1.3854641E+01	3.3399066E+01
3.5500E+01	4	1	-5.0942851E+01	-1.0976477E+00
3.5500E+01	4	2	2.2893379E+05	8.5133561E+03
3.5500E+01	4	3	-3.3777485E+01	2.4078904E+00
3.5500E+01	4	4	2.7414982E+07	1.0386072E+05
3.5500E+01	4	5	6.7737112E+03	-8.4157248E+01
3.5500E+01	4	6	-7.9388933E+02	3.7880994E+02
3.5500E+01	5	1	-2.2894392E+05	-8.5236673E+03
3.5500E+01	5	2	1.4236111E+01	-7.6083521E+01
3.5500E+01	5	3	1.7681599E+02	1.2927759E+01
3.5500E+01	5	4	5.3557595E+03	-1.0617021E+02
3.5500E+01	5	5	2.7417421E+07	1.0422359E+05
3.5500E+01	5	6	1.6311713E+01	1.6791979E+03
3.5500E+01	6	1	4.3452675E+01	8.3615606E+00
3.5500E+01	6	2	1.9108811E+01	4.9320995E+01
3.5500E+01	6	3	-3.6480583E+01	1.3551809E+01
3.5500E+01	6	4	8.0762932E+03	3.0204613E+02
3.5500E+01	6	5	-1.1664121E+04	4.4107253E+02
3.5500E+01	6	6	4.4661206E+07	4.7288575E+06
3.5000E+01	1	1	1.9423540E+04	1.9317065E+03
3.5000E+01	1	2	1.4492320E+00	3.2508684E+00
3.5000E+01	1	3	-3.7390437E+00	-9.5424239E-01
3.5000E+01	1	4	-6.1708761E+01	-3.8908670E+00
3.5000E+01	1	5	-2.2773242E+05	-8.6244546E+03
3.5000E+01	1	6	-4.9952519E+01	-6.0984996E+01
3.5000E+01	2	1	-1.1624531E+00	7.2542963E-01
3.5000E+01	2	2	1.9424759E+04	1.9306941E+03
3.5000E+01	2	3	4.6735690E+00	-3.1431995E-01
3.5000E+01	2	4	2.2792002E+05	8.6240605E+03
3.5000E+01	2	5	1.5031541E+02	-2.5222485E+01
3.5000E+01	2	6	-5.1925324E+01	5.7355217E+01
3.5000E+01	3	1	-8.7295892E-01	-8.0809070E-01
3.5000E+01	3	2	-9.5789152E-01	-1.1544060E+00
3.5000E+01	3	3	3.1740148E+04	9.4142180E+01
3.5000E+01	3	4	-1.3873869E+02	1.5260589E+00
3.5000E+01	3	5	1.1987331E+02	6.5706269E+00
3.5000E+01	3	6	-1.3999901E+01	3.3399066E+01
3.5000E+01	4	1	-5.0887839E+01	-1.0976477E+00
3.5000E+01	4	2	2.2792111E+05	8.5133561E+03
3.5000E+01	4	3	-3.3928075E+01	2.4078904E+00
3.5000E+01	4	4	2.7379782E+07	1.0386072E+05
3.5000E+01	4	5	6.7541673E+03	-8.4157248E+01
3.5000E+01	4	6	-8.0535726E+02	3.7880994E+02
3.5000E+01	5	1	-2.2793072E+05	-8.5236673E+03
3.5000E+01	5	2	1.4390291E+01	-7.6083521E+01
3.5000E+01	5	3	1.7642032E+02	1.2927759E+01
3.5000E+01	5	4	5.3477283E+03	-1.0617021E+02
3.5000E+01	5	5	2.7382192E+07	1.0422359E+05
3.5000E+01	5	6	1.8431500E+01	1.6791979E+03
3.5000E+01	6	1	4.3083632E+01	8.3615606E+00
3.5000E+01	6	2	1.8697479E+01	4.9320995E+01
3.5000E+01	6	3	-3.6583803E+01	1.3551809E+01
3.5000E+01	6	4	8.0590844E+03	3.0204613E+02
3.5000E+01	6	5	-1.1645281E+04	4.4107253E+02
3.5000E+01	6	6	4.4514892E+07	4.7288575E+06
3.4500E+01	1	1	1.9420170E+04	1.9317065E+03
3.4500E+01	1	2	1.4503360E+00	3.2508684E+00
3.4500E+01	1	3	-3.7386126E+00	-9.5424239E-01
3.4500E+01	1	4	-6.1557374E+01	-3.8908670E+00
3.4500E+01	1	5	-2.2678102E+05	-8.6244546E+03
3.4500E+01	1	6	-5.0151494E+01	-6.0984996E+01
3.4500E+01	2	1	-1.1580550E+00	7.2542963E-01
3.4500E+01	2	2	1.9421420E+04	1.9306941E+03
3.4500E+01	2	3	4.6679221E+00	-3.1431995E-01
3.4500E+01	2	4	2.2696871E+05	8.6240605E+03
3.4500E+01	2	5	1.5021550E+02	-2.5222485E+01
3.4500E+01	2	6	-5.1766242E+01	5.7355217E+01
3.4500E+01	3	1	-8.6476866E-01	-8.0809070E-01
3.4500E+01	3	2	-9.5376661E-01	-1.1544060E+00
3.4500E+01	3	3	3.1667579E+04	9.4142180E+01
3.4500E+01	3	4	-1.3856970E+02	1.5260589E+00
3.4500E+01	3	5	1.1987880E+02	6.5706269E+00
3.4500E+01	3	6	-1.3942161E+01	3.3399066E+01
3.4500E+01	4	1	-5.0950564E+01	-1.0976477E+00
3.4500E+01	4	2	2.2696659E+05	8.5133561E+03
3.4500E+01	4	3	-3.4094348E+01	2.4078904E+00
3.4500E+01	4	4	2.7348684E+07	1.0386072E+05
3.4500E+01	4	5	6.7473380E+03	-8.4157248E+01
3.4500E+01	4	6	-8.0875354E+02	3.7880994E+02
3.4500E+01	5	1	-2.2697720E+05	-8.5236673E+03
3.4500E+01	5	2	1.4546482E+01	-7.6083521E+01
3.4500E+01	5	3	1.7599543E+02	1.2927759E+01
3.4500E+01	5	4	5.3398195E+03	-1.0617021E+02
3.4500E+01	5	5	2.7350952E+07	1.0422359E+05
3.4500E+01	5	6	1.2468071E+01	1.6791979E+03
3.4500E+01	6	1	4.3268624E+01	8.3615606E+00
3.4500E+01	6	2	1.8915292E+01	4.9320995E+01
3.4500E+01	6	3	-3.6620583E+01	1.3551809E+01
3.4500E+01	6	4	8.0509429E+03	3.0204613E+02
3.4500E+01	6	5	-1.1622842E+04	4.4107253E+02
3.4500E+01	6	6	4.4384124E+07	4.7288575E+06
3.4000E+01	1	1	1.9414289E+04	1.9317065E+03
3.4000E+01	1	2	1.4513419E+00	3.2508684E+00
3.4000E+01	1	3	-3.7346670E+00	-9.5424239E-01
3.4000E+01	1	4	-6.1636181E+01	-3.8908670E+00
3.4000E+01	1	5	-2.2589001E+05	-8.6244546E+03
3.4000E+01	1	6	-5.0445823E+01	-6.0984996E+01
3.4000E+01	2	1	-1.1551549E+00	7.2542963E-01
3.4000E+01	2	2	1.9415510E+04	1.9306941E+03
3.4000E+01	2	3	4.6637676E+00	-3.1431995E-01
3.4000E+01	2	4	2.2607650E+05	8.6240605E+03
3.4000E+01	2	5	1.5014739E+02	-2.5222485E+01
3.4000E+01	2	6	-5.1663300E+01	5.7355217E+01
3.4000E+01	3	1	-8.5667320E-01	-8.0809070E-01
3.4000E+01	3	2	-9.4753871E-01	-1.1544060E+00
3.4000E+01	3	3	3.1605350E+04	9.4142180E+01
3.4000E+01	3	4	-1.3820291E+02	1.5260589E+00
3.4000E+01	3	5	1.1944330E+02	6.5706269E+00
3.4000E+01	3	6	-1.3957681E+01	3.3399066E+01
3.4000E+01	4	1	-5.0976993E+01	-1.0976477E+00
3.4000E+01	4	2	2.2607282E+05	8.5133561E+03
3.4000E+01	4	3	-3.4243777E+01	2.4078904E+00
3.4000E+01	4	4	2.7320931E+07	1.0386072E+05
3.4000E+01	4	5	6.7332234E+03	-8.4157248E+01
3.4000E+01	4	6	-8.0610841E+02	3.7880994E+02
3.4000E+01	5	1	-2.2608381E+05	-8.5236673E+03
3.4000E+01	5	2	1.4745951E+01	-7.6083521E+01
3.4000E+01	5	3	1.7579640E+02	1.2927759E+01
3.4000E+01	5	4	5.3315390E+03	-1.0617021E+02
3.4000E+01	5	5	2.7323251E+07	1.0422359E+05
3.4000E+01	5	6	9.9760060E+00	1.6791979E+03
3.4000E+01	6	1	4.3036509E+01	8.3615606E+00
3.4000E+01	6	2	1.9307651E+01	4.9320995E+01
3.4000E+01	6	3	-3.6749303E+01	1.3551809E+01
3.4000E+01	6	4	8.0469473E+03	3.0204613E+02
3.4000E+01	6	5	-1.1598401E+04	4.4107253E+02
3.4000E+01	6	6	4.4266623E+07	4.7288575E+06
3.3500E+01	1	1	1.9406439E+04	1.9317065E+03
3.3500E+01	1	2	1.4554200E+00	3.2508684E+00
3.3500E+01	1	3	-3.7279921E+00	-9.5424239E-01
3.3500E+01	1	4	-6.1515785E+01	-3.8908670E+00
3.3500E+01	1	5	-2.2505652E+05	-8.6244546E+03
3.3500E+01	1	6	-5.0486753E+01	-6.0984996E+01
3.3500E+01	2	1	-1.1525940E+00	7.2542963E-01
3.3500E+01	2	2	1.9407631E+04	1.9306941E+03
3.3500E+01	2	3	4.6596642E+00	-3.1431995E-01
3.3500E+01	2	4	2.2524422E+05	8.6240605E+03
3.3500E+01	2	5	1.5004941E+02	-2.5222485E+01
3.3500E+01	2	6	-5.1168335E+01	5.7355217E+01
3.3500E+01	3	1	-8.4710473E-01	-8.0809070E-01
3.3500E+01	3	2	-9.4329096E-01	-1.1544060E+00
3.3500E+01	3	3	3.1552400E+04	9.4142180E+01
3.3500E+01	3	4	-1.3793032E+02	1.5260589E+00
3.3500E+01	3	5	1.1906420E+02	6.5706269E+00
3.3500E+01	3	6	-1.3878820E+01	3.3399066E+01
3.3500E+01	4	1	-5.0913003E+01	-1.0976477E+00
3.3500E+01	4	2	2.2523879E+05	8.5133561E+03
3.3500E+01	4	3	-3.4295412E+01	2.4078904E+00
3.3500E+01	4	4	2.7296224E+07	1.0386072E+05
3.3500E+01	4	5	6.7230073E+03	-8.4157248E+01
3.3500E+01	4	6	-8.1148598E+02	3.7880994E+02
3.3500E+01	5	1	-2.2524972E+05	-8.5236673E+03
3.3500E+01	5	2	1.4896382E+01	-7.6083521E+01
3.3500E+01	5	3	1.7561931E+02	1.2927759E+01
3.3500E+01	5	4	5.3223156E+03	-1.0617021E+02
3.3500E+01	5	5	2.7298661E+07	1.0422359E+05
3.3500E+01	5	6	9.2929087E+00	1.6791979E+03
3.3500E+01	6	1	4.2718171E+01	8.3615606E+00
3.3500E+01	6	2	1.9558163E+01	4.9320995E+01
3.3500E+01	6	3	-3.6693445E+01	1.3551809E+01
3.3500E+01	6	4	8.0422893E+03	3.0204613E+02
3.3500E+01	6	5	-1.1581781E+04	4.4107253E+02
3.3500E+01	6	6	4.4160566E+07	4.7288575E+06
3.3000E+01	1	1	1.9396980E+04	1.9317065E+03
3.3000E+01	1	2	1.4542570E+00	3.2508684E+00
3.3000E+01	1	3	-3.7276791E+00	-9.5424239E-01
3.3000E+01	1	4	-6.1499425E+01	-3.8908670E+00
3.3000E+01	1	5	-2.2428272E+05	-8.6244546E+03
3.3000E+01	1	6	-5.0748872E+01	-6.0984996E+01
3.3000E+01	2	1	-1.1499850E+00	7.2542963E-01
3.3000E+01	2	2	1.9398340E+04	1.9306941E+03
3.3000E+01	2	3	4.6508689E+00	-3.1431995E-01
3.3000E+01	2	4	2.2446890E+05	8.6240605E+03
3.3000E+01	2	5	1.4985041E+02	-2.5222485E+01
3.3000E+01	2	6	-5.1425873E+01	5.7355217E+01
3.3000E+01	3	1	-8.3856088E-01	-8.0809070E-01
3.3000E+01	3	2	-9.3709020E-01	-1.1544060E+00
3.3000E+01	3	3	3.1507688E+04	9.4142180E+01
3.3000E+01	3	4	-1.3766381E+02	1.5260589E+00
3.3000E+01	3	5	1.1935571E+02	6.5706269E+00
3.3000E+01	3	6	-1.3880690E+01	3.3399066E+01
3.3000E+01	4	1	-5.0891482E+01	-1.0976477E+00
3.3000E+01	4	2	2.2446241E+05	8.5133561E+03
3.3000E+01	4	3	-3.4441471E+01	2.4078904E+00
3.3000E+01	4	4	2.7274245E+07	1.0386072E+05
3.3000E+01	4	5	6.7135307E+03	-8.4157248E+01
3.3000E+01	4	6	-8.0952390E+02	3.7880994E+02
3.3000E+01	5	1	-2.2447382E+05	-8.5236673E+03
3.3000E+01	5	2	1.4950851E+01	-7.6083521E+01
3.3000E+01	5	3	1.7547469E+02	1.2927759E+01
3.3000E+01	5	4	5.3130093E+03	-1.0617021E+02
3.3000E+01	5	5	2.7276535E+07	1.0422359E+05
3.3000E+01	5	6	6.2193764E+00	1.6791979E+03
3.3000E+01	6	1	4.2468990E+01	8.3615606E+00
3.3000E+01	6	2	1.9244849E+01	4.9320995E+01
3.3000E+01	6	3	-3.6752805E+01	1.3551809E+01
3.3000E+01	6	4	8.0376034E+03	3.0204613E+02
3.3000E+01	6	5	-1.1558692E+04	4.4107253E+02
3.3000E+01	6	6	4.4064524E+07	4.7288575E+06
3.2500E+01	1	1	1.9386550E+04	1.9317065E+03
3.2500E+01	1	2	1.4553240E+00	3.2508684E+00
3.2500E+01	1	3	-3.7269119E+00	-9.5424239E-01
3.2500E+01	1	4	-6.1357698E+01	-3.8908670E+00
3.2500E+01	1	5	-2.2356151E+05	-8.6244546E+03
3.2500E+01	1	6	-5.1065107E+01	-6.0984996E+01
3.2500E+01	2	1	-1.1454010E+00	7.2542963E-01
3.2500E+01	2	2	1.9387721E+04	1.9306941E+03
3.2500E+01	2	3	4.6464539E+00	-3.1431995E-01
3.2500E+01	2	4	2.2374851E+05	8.6240605E+03
3.2500E+01	2	5	1.4964081E+02	-2.5222485E+01
3.2500E+01	2	6	-5.1212668E+01	5.7355217E+01
3.2500E+01	3	1	-8.3071360E-01	-8.0809070E-01
3.2500E+01	3	2	-9.3079322E-01	-1.1544060E+00
3.2500E+01	3	3	3.1470269E+04	9.4142180E+01
3.2500E+01	3	4	-1.3739521E+02	1.5260589E+00
3.2500E+01	3	5	1.1883611E+02	6.5706269E+00
3.2500E+01	3	6	-1.3863151E+01	3.3399066E+01
3.2500E+01	4	1	-5.0866555E+01	-1.0976477E+00
3.2500E+01	4	2	2.2374072E+05	8.5133561E+03
3.2500E+01	4	3	-3.4410274E+01	2.4078904E+00
3.2500E+01	4	4	2.7254372E+07	1.0386072E+05
3.2500E+01	4	5	6.6988107E+03	-8.4157248E+01
3.2500E+01	4	6	-8.1467634E+02	3.7880994E+02
3.2500E+01	5	1	-2.2375312E+05	-8.5236673E+03
3.2500E+01	5	2	1.5169131E+01	-7.6083521E+01
3.2500E+01	5	3	1.7567122E+02	1.2927759E+01
3.2500E+01	5	4	5.3122595E+03	-1.0617021E+02
3.2500E+01	5	5	2.7256822E+07	1.0422359E+05
3.2500E+01	5	6	5.3013462E+00	1.6791979E+03
3.2500E+01	6	1	4.2552321E+01	8.3615606E+00
3.2500E+01	6	2	1.9413760E+01	4.9320995E+01
3.2500E+01	6	3	-3.6745899E+01	1.3551809E+01
3.2500E+01	6	4	8.0291205E+03	3.0204613E+02
3.2500E+01	6	5	-1.1550020E+04	4.4107253E+02
3.2500E+01	6	6	4.3977293E+07	4.7288575E+06
3.2000E+01	1	1	1.9375141E+04	1.9317065E+03
3.2000E+01	1	2	1.4551199E+00	3.2508684E+00
3.2000E+01	1	3	-3.7192178E+00	-9.5424239E-01
3.2000E+01	1	4	-6.1336399E+01	-3.8908670E+00
3.2000E+01	1	5	-2.2289182E+05	-8.6244546E+03
3.2000E+01	1	6	-5.1010316E+01	-6.0984996E+01
3.2000E+01	2	1	-1.1417030E+00	7.2542963E-01
3.2000E+01	2	2	1.9376369E+04	1.9306941E+03
3.2000E+01	2	3	4.6429011E+00	-3.1431995E-01
3.2000E+01	2	4	2.2307870E+05	8.6240605E+03
3.2000E+01	2	5	1.4954750E+02	-2.5222485E+01
3.2000E+01	2	6	-5.1382984E+01	5.7355217E+01
3.2000E+01	3	1	-8.1929086E-01	-8.0809070E-01
3.2000E+01	3	2	-9.2413437E-01	-1.1544060E+00
3.2000E+01	3	3	3.1439210E+04	9.4142180E+01
3.2000E+01	3	4	-1.3711381E+02	1.5260589E+00
3.2000E+01	3	5	1.1879631E+02	6.5706269E+00
3.2000E+01	3	6	-1.3719800E+01	3.3399066E+01
3.2000E+01	4	1	-5.0782283E+01	-1.0976477E+00
3.2000E+01	4	2	2.2307102E+05	8.5133561E+03
3.2000E+01	4	3	-3.4394935E+01	2.4078904E+00
3.2000E+01	4	4	2.7236442E+07	1.0386072E+05
3.2000E+01	4	5	6.6894800E+03	-8.4157248E+01
3.2000E+01	4	6	-8.0936823E+02	3.7880994E+02
3.2000E+01	5	1	-2.2308382E+05	-8.5236673E+03
3.2000E+01	5	2	1.5139331E+01	-7.6083521E+01
3.2000E+01	5	3	1.7515759E+02	1.2927759E+01
3.2000E+01	5	4	5.3066644E+03	-1.0617021E+02
3.2000E+01	5	5	2.7238924E+07	1.0422359E+05
3.2000E+01	5	6	8.7742016E+00	1.6791979E+03
3.2000E+01	6	1	4.2374444E+01	8.3615606E+00
3.2000E+01	6	2	1.9411132E+01	4.9320995E+01
3.2000E+01	6	3	-3.6820335E+01	1.3551809E+01
3.2000E+01	6	4	8.0213551E+03	3.0204613E+02
3.2000E+01	6	5	-1.1535781E+04	4.4107253E+02
3.2000E+01	6	6	4.3897663E+07	4.7288575E+06
3.1500E+01	1	1	1.9363251E+04	1.9317065E+03
3.1500E+01	1	2	1.4548770E+00	3.2508684E+00
3.1500E+01	1	3	-3.7210180E+00	-9.5424239E-01
3.1500E+01	1	4	-6.1274672E+01	-3.8908670E+00
3.1500E+01	1	5	-2.2227020E+05	-8.6244546E+03
3.1500E+01	1	6	-5.1200412E+01	-6.0984996E+01
3.1500E+01	2	1	-1.1413669E+00	7.2542963E-01
3.1500E+01	2	2	1.9364369E+04	1.9306941E+03
3.1500E+01	2	3	4.6410232E+00	-3.1431995E-01
3.1500E+01	2	4	2.2245782E+05	8.6240605E+03
3.1500E+01	2	5	1.4937160E+02	-2.5222485E+01
3.1500E+01	2	6	-5.0716997E+01	5.7355217E+01
3.1500E+01	3	1	-8.0990842E-01	-8.0809070E-01
3.1500E+01	3	2	-9.1945658E-01	-1.1544060E+00
3.1500E+01	3	3	3.1414109E+04	9.4142180E+01
3.1500E+01	3	4	-1.3682002E+02	1.5260589E+00
3.1500E+01	3	5	1.1869492E+02	6.5706269E+00
3.1500E+01	3	6	-1.3705480E+01	3.3399066E+01
3.1500E+01	4	1	-5.0763982E+01	-1.0976477E+00
3.1500E+01	4	2	2.2244951E+05	8.5133561E+03
3.1500E+01	4	3	-3.4612241E+01	2.4078904E+00
3.1500E+01	4	4	2.7220512E+07	1.0386072E+05
3.1500E+01	4	5	6.6848629E+03	-8.4157248E+01
3.1500E+01	4	6	-8.1428372E+02	3.7880994E+02
3.1500E+01	5	1	-2.2246200E+05	-8.5236673E+03
3.1500E+01	5	2	1.5225500E+01	-7.6083521E+01
3.1500E+01	5	3	1.7476721E+02	1.2927759E+01
3.1500E+01	5	4	5.2991195E+03	-1.0617021E+02
3.1500E+01	5	5	2.7222883E+07	1.0422359E+05
3.1500E+01	5	6	4.1670465E+00	1.6791979E+03
3.1500E+01	6	1	4.2324009E+01	8.3615606E+00
3.1500E+01	6	2	1.9427700E+01	4.9320995E+01
3.1500E+01	6	3	-3.6865755E+01	1.3551809E+01
3.1500E+01	6	4	8.0141498E+03	3.0204613E+02
3.1500E+01	6	5	-1.1529641E+04	4.4107253E+02
3.1500E+01	6	6	4.3824922E+07	4.7288575E+06
3.1000E+01	1	1	1.9350779E+04	1.9317065E+03
3.1000E+01	1	2	1.4541490E+00	3.2508684E+00
3.1000E+01	1	3	-3.7159863E+00	-9.5424239E-01
3.1000E+01	1	4	-6.1262603E+01	-3.8908670E+00
3.1000E+01	1	5	-2.2169552E+05	-8.6244546E+03
3.1000E+01	1	6	-5.1137424E+01	-6.0984996E+01
3.1000E+01	2	1	-1.1388469E+00	7.2542963E-01
3.1000E+01	2	2	1.9352000E+04	1.9306941E+03
3.1000E+01	2	3	4.6358017E+00	-3.1431995E-01
3.1000E+01	2	4	2.2188171E+05	8.6240605E+03
3.1000E+01	2	5	1.4930230E+02	-2.5222485E+01
3.1000E+01	2	6	-5.0247652E+01	5.7355217E+01
3.1000E+01	3	1	-7.9967249E-01	-8.0809070E-01
3.1000E+01	3	2	-9.1335926E-01	-1.1544060E+00
3.1000E+01	3	3	3.1393867E+04	9.4142180E+01
3.1000E+01	3	4	-1.3663532E+02	1.5260589E+00
3.1000E+01	3	5	1.1825001E+02	6.5706269E+00
3.1000E+01	3	6	-1.3689910E+01	3.3399066E+01
3.1000E+01	4	1	-5.0797378E+01	-1.0976477E+00
3.1000E+01	4	2	2.2187309E+05	8.5133561E+03
3.1000E+01	4	3	-3.4568552E+01	2.4078904E+00
3.1000E+01	4	4	2.7205842E+07	1.0386072E+05
3.1000E+01	4	5	6.6740922E+03	-8.4157248E+01
3.1000E+01	4	6	-8.2363463E+02	3.7880994E+02
3.1000E+01	5	1	-2.2188561E+05	-8.5236673E+03
3.1000E+01	5	2	1.5306011E+01	-7.6083521E+01
3.1000E+01	5	3	1.7459541E+02	1.2927759E+01
3.1000E+01	5	4	5.2952702E+03	-1.0617021E+02
3.1000E+01	5	5	2.7208233E+07	1.0422359E+05
3.1000E+01	5	6	6.0578311E+00	1.6791979E+03
3.1000E+01	6	1	4.2340172E+01	8.3615606E+00
3.1000E+01	6	2	1.9621820E+01	4.9320995E+01
3.1000E+01	6	3	-3.6847443E+01	1.3551809E+01
3.1000E+01	6	4	8.0085459E+03	3.0204613E+02
3.1000E+01	6	5	-1.1511581E+04	4.4107253E+02
3.1000E+01	6	6	4.3757884E+07	4.7288575E+06
3.0500E+01	1	1	1.9338051E+04	1.9317065E+03
3.0500E+01	1	2	1.4544081E+00	3.2508684E+00
3.0500E+01	1	3	-3.7140082E+00	-9.5424239E-01
3.0500E+01	1	4	-6.1148853E+01	-3.8908670E+00
3.0500E+01	1	5	-2.2115931E+05	-8.6244546E+03
3.0500E+01	1	6	-5.1240080E+01	-6.0984996E+01
3.0500E+01	2	1	-1.1368590E+00	7.2542963E-01
3.0500E+01	2	2	1.9339260E+04	1.9306941E+03
3.0500E+01	2	3	4.6322780E+00	-3.1431995E-01
3.0500E+01	2	4	2.2134581E+05	8.6240605E+03
3.0500E+01	2	5	1.4914591E+02	-2.5222485E+01
3.0500E+01	2	6	-5.0889535E+01	5.7355217E+01
3.0500E+01	3	1	-7.9146615E-01	-8.0809070E-01
3.0500E+01	3	2	-9.0774480E-01	-1.1544060E+00
3.0500E+01	3	3	3.1378109E+04	9.4142180E+01
3.0500E+01	3	4	-1.3650980E+02	1.5260589E+00
3.0500E+01	3	5	1.1882851E+02	6.5706269E+00
3.0500E+01	3	6	-1.3636281E+01	3.3399066E+01
3.0500E+01	4	1	-5.0752054E+01	-1.0976477E+00
3.0500E+01	4	2	2.2133791E+05	8.5133561E+03
3.0500E+01	4	3	-3.4582184E+01	2.4078904E+00
3.0500E+01	4	4	2.7192513E+07	1.0386072E+05
3.0500E+01	4	5	6.6672654E+03	-8.4157248E+01
3.0500E+01	4	6	-8.1597317E+02	3.7880994E+02
3.0500E+01	5	1	-2.2135042E+05	-8.5236673E+03
3.0500E+01	5	2	1.5444570E+01	-7.6083521E+01
3.0500E+01	5	3	1.7418840E+02	1.2927759E+01
3.0500E+01	5	4	5.2901722E+03	-1.0617021E+02
3.0500E+01	5	5	2.7194942E+07	1.0422359E+05
3.0500E+01	5	6	1.5261840E+00	1.6791979E+03
3.0500E+01	6	1	4.1980354E+01	8.3615606E+00
3.0500E+01	6	2	1.9362311E+01	4.9320995E+01
3.0500E+01	6	3	-3.6879013E+01	1.3551809E+01
3.0500E+01	6	4	8.0072693E+03	3.0204613E+02
3.0500E+01	6	5	-1.1506131E+04	4.4107253E+02
3.0500E+01	6	6	4.3696304E+07	4.7288575E+06
3.0000E+01	1	1	1.9325231E+04	1.9317065E+03
3.0000E+01	1	2	1.4540209E+00	3.2508684E+00
3.0000E+01	1	3	-3.7101172E+00	-9.5424239E-01
3.0000E+01	1	4	-6.0983125E+01	-3.8908670E+00
3.0000E+01	1	5	-2.2066231E+05	-8.6244546E+03
3.0000E+01	1	6	-5.1304920E+01	-6.0984996E+01
3.0000E+01	2	1	-1.1347750E+00	7.2542963E-01
3.0000E+01	2	2	1.9326449E+04	1.9306941E+03
3.0000E+01	2	3	4.6307522E+00	-3.1431995E-01
3.0000E+01	2	4	2.2084901E+05	8.6240605E+03
3.0000E+01	2	5	1.4908421E+02	-2.5222485E+01
3.0000E+01	2	6	-5.0699139E+01	5.7355217E+01
3.0000E+01	3	1	-7.8018126E-01	-8.0809070E-01
3.0000E+01	3	2	-9.0166897E-01	-1.1544060E+00
3.0000E+01	3	3	3.1366340E+04	9.4142180E+01
3.0000E+01	3	4	-1.3618951E+02	1.5260589E+00
3.0000E+01	3	5	1.1798760E+02	6.5706269E+00
3.0000E+01	3	6	-1.3702451E+01	3.3399066E+01
3.0000E+01	4	1	-5.0741643E+01	-1.0976477E+00
3.0000E+01	4	2	2.2084101E+05	8.5133561E+03
3.0000E+01	4	3	-3.4878430E+01	2.4078904E+00
3.0000E+01	4	4	2.7180353E+07	1.0386072E+05
3.0000E+01	4	5	6.6660351E+03	-8.4157248E+01
3.0000E+01	4	6	-8.1770232E+02	3.7880994E+02
3.0000E+01	5	1	-2.2085381E+05	-8.5236673E+03
3.0000E+01	5	2	1.5527191E+01	-7.6083521E+01
3.0000E+01	5	3	1.7398092E+02	1.2927759E+01
3.0000E+01	5	4	5.2886751E+03	-1.0617021E+02
3.0000E+01	5	5	2.7182994E+07	1.0422359E+05
3.0000E+01	5	6	9.4454977E-01	1.6791979E+03
3.0000E+01	6	1	4.1973742E+01	8.3615606E+00
3.0000E+01	6	2	1.9632163E+01	4.9320995E+01
3.0000E+01	6	3	-3.6778967E+01	1.3551809E+01
3.0000E+01	6	4	8.0084180E+03	3.0204613E+02
3.0000E+01	6	5	-1.1497502E+04	4.4107253E+02
3.0000E+01	6	6	4.3639236E+07	4.7288575E+06
2.9500E+01	1	1	1.9312310E+04	1.9317065E+03
2.9500E+01	1	2	1.4530900E+00	3.2508684E+00
2.9500E+01	1	3	-3.7063129E+00	-9.5424239E-01
2.9500E+01	1	4	-6.1028872E+01	-3.8908670E+00
2.9500E+01	1	5	-2.2020132E+05	-8.6244546E+03
2.9500E+01	1	6	-5.1272092E+01	-6.0984996E+01
2.9500E+01	2	1	-1.1321350E+00	7.2542963E-01
2.9500E+01	2	2	1.9313551E+04	1.9306941E+03
2.9500E+01	2	3	4.6266506E+00	-3.1431995E-01
2.9500E+01	2	4	2.2038811E+05	8.6240605E+03
2.9500E+01	2	5	1.4881271E+02	-2.5222485E+01
2.9500E+01	2	6	-5.0775983E+01	5.7355217E+01
2.9500E+01	3	1	-7.7050102E-01	-8.0809070E-01
2.9500E+01	3	2	-8.9727587E-01	-1.1544060E+00
2.9500E+01	3	3	3.1358000E+04	9.4142180E+01
2.9500E+01	3	4	-1.3608390E+02	1.5260589E+00
2.9500E+01	3	5	1.1810502E+02	6.5706269E+00
2.9500E+01	3	6	-1.3636071E+01	3.3399066E+01
2.9500E+01	4	1	-5.0759691E+01	-1.0976477E+00
2.9500E+01	4	2	2.2037882E+05	8.5133561E+03
2.9500E+01	4	3	-3.4687790E+01	2.4078904E+00
2.9500E+01	4	4	2.7169341E+07	1.0386072E+05
2.9500E+01	4	5	6.6572356E+03	-8.4157248E+01
2.9500E+01	4	6	-8.1904463E+02	3.7880994E+02
2.9500E+01	5	1	-2.2039179E+05	-8.5236673E+03
2.9500E+01	5	2	1.5506311E+01	-7.6083521E+01
2.9500E+01	5	3	1.7435782E+02	1.2927759E+01
2.9500E+01	5	4	5.2849224E+03	-1.0617021E+02
2.9500E+01	5	5	2.7171721E+07	1.0422359E+05
2.9500E+01	5	6	9.2067728E-01	1.6791979E+03
2.9500E+01	6	1	4.1852005E+01	8.3615606E+00
2.9500E+01	6	2	1.9340680E+01	4.9320995E+01
2.9500E+01	6	3	-3.7006936E+01	1.3551809E+01
2.9500E+01	6	4	8.0021107E+03	3.0204613E+02
2.9500E+01	6	5	-1.1487092E+04	4.4107253E+02
2.9500E+01	6	6	4.3586543E+07	4.7288575E+06
2.9000E+01	1	1	1.9299450E+04	1.9317065E+03
2.9000E+01	1	2	1.4547430E+00	3.2508684E+00
2.9000E+01	1	3	-3.7025572E+00	-9.5424239E-01
2.9000E+01	1	4	-6.0904139E+01	-3.8908670E+00
2.9000E+01	1	5	-2.1977161E+05	-8.6244546E+03
2.9000E+01	1	6	-5.1443765E+01	-6.0984996E+01
2.9000E+01	2	1	-1.1290150E+00	7.2542963E-01
2.9000E+01	2	2	1.9300679E+04	1.9306941E+03
2.9000E+01	2	3	4.6237176E+00	-3.1431995E-01
2.9000E+01	2	4	2.1995792E+05	8.6240605E+03
2.9000E+01	2	5	1.4865541E+02	-2.5222485E+01
2.9000E+01	2	6	-5.0399962E+01	5.7355217E+01
2.9000E+01	3	1	-7.6141637E-01	-8.0809070E-01
2.9000E+01	3	2	-8.9221787E-01	-1.1544060E+00
2.9000E+01	3	3	3.1352609E+04	9.4142180E+01
2.9000E+01	3	4	-1.3587262E+02	1.5260589E+00
2.9000E+01	3	5	1.1841021E+02	6.5706269E+00
2.9000E+01	3	6	-1.3574470E+01	3.3399066E+01
2.9000E+01	4	1	-5.0654474E+01	-1.0976477E+00
2.9000E+01	4	2	2.1995010E+05	8.5133561E+03
2.9000E+01	4	3	-3.4908236E+01	2.4078904E+00
2.9000E+01	4	4	2.7159032E+07	1.0386072E+05
2.9000E+01	4	5	6.6553059E+03	-8.4157248E+01
2.9000E+01	4	6	-8.2356098E+02	3.7880994E+02
2.9000E+01	5	1	-2.1996352E+05	-8.5236673E+03
2.9000E+01	5	2	1.5588320E+01	-7.6083521E+01
2.9000E+01	5	3	1.7449512E+02	1.2927759E+01
2.9000E+01	5	4	5.2788517E+03	-1.0617021E+02
2.9000E+01	5	5	2.7161581E+07	1.0422359E+05
2.9000E+01	5	6	4.2171784E+00	1.6791979E+03
2.9000E+01	6	1	4.1751433E+01	8.3615606E+00
2.9000E+01	6	2	1.9363681E+01	4.9320995E+01
2.9000E+01	6	3	-3.7073399E+01	1.3551809E+01
2.9000E+01	6	4	8.0017985E+03	3.0204613E+02
2.9000E+01	6	5	-1.1478781E+04	4.4107253E+02
2.9000E+01	6	6	4.3537687E+07	4.7288575E+06
2.8500E+01	1	1	1.9286759E+04	1.9317065E+03
2.8500E+01	1	2	1.4513510E+00	3.2508684E+00
2.8500E+01	1	3	-3.6985687E+00	-9.5424239E-01
2.8500E+01	1	4	-6.0756886E+01	-3.8908670E+00
2.8500E+01	1	5	-2.1937122E+05	-8.6244546E+03
2.8500E+01	1	6	-5.1538445E+01	-6.0984996E+01
2.8500E+01	2	1	-1.1285879E+00	7.2542963E-01
2.8500E+01	2	2	1.9287860E+04	1.9306941E+03
2.8500E+01	2	3	4.6243621E+00	-3.1431995E-01
2.8500E+01	2	4	2.1955901E+05	8.6240605E+03
2.8500E+01	2	5	1.4862692E+02	-2.5222485E+01
2.8500E+01	2	6	-5.0835816E+01	5.7355217E+01
2.8500E+01	3	1	-7.5230630E-01	-8.0809070E-01
2.8500E+01	3	2	-8.8693395E-01	-1.1544060E+00
2.8500E+01	3	3	3.1350119E+04	9.4142180E+01
2.8500E+01	3	4	-1.3556092E+02	1.5260589E+00
2.8500E+01	3	5	1.1758351E+02	6.5706269E+00
2.8500E+01	3	6	-1.3574082E+01	3.3399066E+01
2.8500E+01	4	1	-5.0656814E+01	-1.0976477E+00
2.8500E+01	4	2	2.1955031E+05	8.5133561E+03
2.8500E+01	4	3	-3.4909017E+01	2.4078904E+00
2.8500E+01	4	4	2.7149783E+07	1.0386072E+05
2.8500E+01	4	5	6.6466093E+03	-8.4157248E+01
2.8500E+01	4	6	-8.1984098E+02	3.7880994E+02
2.8500E+01	5	1	-2.1956372E+05	-8.5236673E+03
2.8500E+01	5	2	1.5572312E+01	-7.6083521E+01
2.8500E+01	5	3	1.7443921E+02	1.2927759E+01
2.8500E+01	5	4	5.2735215E+03	-1.0617021E+02
2.8500E+01	5	5	2.7152202E+07	1.0422359E+05
2.8500E+01	5	6	7.8643805E-01	1.6791979E+03
2.8500E+01	6	1	4.1665312E+01	8.3615606E+00
2.8500E+01	6	2	1.9220581E+01	4.9320995E+01
2.8500E+01	6	3	-3.6978906E+01	1.3551809E+01
2.8500E+01	6	4	7.9971795E+03	3.0204613E+02
2.8500E+01	6	5	-1.1470411E+04	4.4107253E+02
2.8500E+01	6	6	4.3492423E+07	4.7288575E+06
2.8000E+01	1	1	1.9274070E+04	1.9317065E+03
2.8000E+01	1	2	1.4525749E+00	3.2508684E+00
2.8000E+01	1	3	-3.7018471E+00	-9.5424239E-01
2.8000E+01	1	4	-6.0716966E+01	-3.8908670E+00
2.8000E+01	1	5	-2.1899901E+05	-8.6244546E+03
2.8000E+01	1	6	-5.1361875E+01	-6.0984996E+01
2.8000E+01	2	1	-1.1263310E+00	7.2542963E-01
2.8000E+01	2	2	1.9275301E+04	1.9306941E+03
2.8000E+01	2	3	4.6179159E+00	-3.1431995E-01
2.8000E+01	2	4	2.1918650E+05	8.6240605E+03
2.8000E+01	2	5	1.4847040E+02	-2.5222485E+01
2.8000E+01	2	6	-5.0464729E+01	5.7355217E+01
2.8000E+01	3	1	-7.4648890E-01	-8.0809070E-01
2.8000E+01	3	2	-8.8338176E-01	-1.1544060E+00
2.8000E+01	3	3	3.1349891E+04	9.4142180E+01
2.8000E+01	3	4	-1.3544140E+02	1.5260589E+00
2.8000E+01	3	5	1.1775891E+02	6.5706269E+00
2.8000E+01	3	6	-1.3538420E+01	3.3399066E+01
2.8000E+01	4	1	-5.0600595E+01	-1.0976477E+00
2.8000E+01	4	2	2.1917852E+05	8.5133561E+03
2.8000E+01	4	3	-3.5112645E+01	2.4078904E+00
2.8000E+01	4	4	2.7141185E+07	1.0386072E+05
2.8000E+01	4	5	6.6451746E+03	-8.4157248E+01
2.8000E+01	4	6	-8.2111957E+02	3.7880994E+02
2.8000E+01	5	1	-2.1919202E+05	-8.5236673E+03
2.8000E+01	5	2	1.5670771E+01	-7.6083521E+01
2.8000E+01	5	3	1.7395890E+02	1.2927759E+01
2.8000E+01	5	4	5.2739659E+03	-1.0617021E+02
2.8000E+01	5	5	2.7143553E+07	1.0422359E+05
2.8000E+01	5	6	-1.1045151E+00	1.6791979E+03
2.8000E+01	6	1	4.1691475E+01	8.3615606E+00
2.8000E+01	6	2	1.9387742E+01	4.9320995E+01
2.8000E+01	6	3	-3.7024562E+01	1.3551809E+01
2.8000E+01	6	4	8.0010371E+03	3.0204613E+02
2.8000E+01	6	5	-1.1460140E+04	4.4107253E+02
2.8000E+01	6	6	4.3450224E+07	4.7288575E+06
2.7500E+01	1	1	1.9261651E+04	1.9317065E+03
2.7500E+01	1	2	1.4498779E+00	3.2508684E+00
2.7500E+01	1	3	-3.6964841E+00	-9.5424239E-01
2.7500E+01	1	4	-6.0748487E+01	-3.8908670E+00
2.7500E+01	1	5	-2.1865252E+05	-8.6244546E+03
2.7500E+01	1	6	-5.1569619E+01	-6.0984996E+01
2.7500E+01	2	1	-1.1250620E+00	7.2542963E-01
2.7500E+01	2	2	1.9262829E+04	1.9306941E+03
2.7500E+01	2	3	4.6173209E+00	-3.1431995E-01
2.7500E+01	2	4	2.1883860E+05	8.6240605E+03
2.7500E+01	2	5	1.4838162E+02	-2.5222485E+01
2.7500E+01	2	6	-5.0548053E+01	5.7355217E+01
2.7500E+01	3	1	-7.3393680E-01	-8.0809070E-01
2.7500E+01	3	2	-8.7592952E-01	-1.1544060E+00
2.7500E+01	3	3	3.1351801E+04	9.4142180E+01
2.7500E+01	3	4	-1.3524870E+02	1.5260589E+00
2.7500E+01	3	5	1.1747101E+02	6.5706269E+00
2.7500E+01	3	6	-1.3554790E+01	3.3399066E+01
2.7500E+01	4	1	-5.0642332E+01	-1.0976477E+00
2.7500E+01	4	2	2.1883180E+05	8.5133561E+03
2.7500E+01	4	3	-3.5061006E+01	2.4078904E+00
2.7500E+01	4	4	2.7133275E+07	1.0386072E+05
2.7500E+01	4	5	6.6449190E+03	-8.4157248E+01
2.7500E+01	4	6	-8.2524555E+02	3.7880994E+02
2.7500E+01	5	1	-2.1884620E+05	-8.5236673E+03
2.7500E+01	5	2	1.5649251E+01	-7.6083521E+01
2.7500E+01	5	3	1.7383723E+02	1.2927759E+01
2.7500E+01	5	4	5.2703507E+03	-1.0617021E+02
2.7500E+01	5	5	2.7135652E+07	1.0422359E+05
2.7500E+01	5	6	-3.6926505E+00	1.6791979E+03
2.7500E+01	6	1	4.1520263E+01	8.3615606E+00
2.7500E+01	6	2	1.9618140E+01	4.9320995E+01
2.7500E+01	6	3	-3.6927942E+01	1.3551809E+01
2.7500E+01	6	4	7.9926102E+03	3.0204613E+02
2.7500E+01	6	5	-1.1458652E+04	4.4107253E+02
2.7500E+01	6	6	4.3410603E+07	4.7288575E+06
2.7000E+01	1	1	1.9249461E+04	1.9317065E+03
2.7000E+01	1	2	1.4491730E+00	3.2508684E+00
2.7000E+01	1	3	-3.6895089E+00	-9.5424239E-01
2.7000E+01	1	4	-6.0686360E+01	-3.8908670E+00
2.7000E+01	1	5	-2.1832962E+05	-8.6244546E+03
2.7000E+01	1	6	-5.1751734E+01	-6.0984996E+01
2.7000E+01	2	1	-1.1240130E+00	7.2542963E-01
2.7000E+01	2	2	1.9250589E+04	1.9306941E+03
2.7000E+01	2	3	4.6138977E+00	-3.1431995E-01
2.7000E+01	2	4	2.1851431E+05	8.6240605E+03
2.7000E+01	2	5	1.4826002E+02	-2.5222485E+01
2.7000E+01	2	6	-5.1081143E+01	5.7355217E+01
2.7000E+01	3	1	-7.2688381E-01	-8.0809070E-01
2.7000E+01	3	2	-8.7374375E-01	-1.1544060E+00
2.7000E+01	3	3	3.1355610E+04	9.4142180E+01
2.7000E+01	3	4	-1.3486649E+02	1.5260589E+00
2.7000E+01	3	5	1.1772681E+02	6.5706269E+00
2.7000E+01	3	6	-1.3505061E+01	3.3399066E+01
2.7000E+01	4	1	-5.0589855E+01	-1.0976477E+00
2.7000E+01	4	2	2.1850852E+05	8.5133561E+03
2.7000E+01	4	3	-3.5158159E+01	2.4078904E+00
2.7000E+01	4	4	2.7125842E+07	1.0386072E+05
2.7000E+01	4	5	6.6399849E+03	-8.4157248E+01
2.7000E+01	4	6	-8.2494415E+02	3.7880994E+02
2.7000E+01	5	1	-2.1852232E+05	-8.5236673E+03
2.7000E+01	5	2	1.5766502E+01	-7.6083521E+01
2.7000E+01	5	3	1.7358111E+02	1.2927759E+01
2.7000E+01	5	4	5.2696015E+03	-1.0617021E+02
2.7000E+01	5	5	2.7128222E+07	1.0422359E+05
2.7000E+01	5	6	-1.7910311E+00	1.6791979E+03
2.7000E+01	6	1	4.1428296E+01	8.3615606E+00
2.7000E+01	6	2	1.9571662E+01	4.9320995E+01
2.7000E+01	6	3	-3.7151166E+01	1.3551809E+01
2.7000E+01	6	4	7.9929156E+03	3.0204613E+02
2.7000E+01	6	5	-1.1455380E+04	4.4107253E+02
2.7000E+01	6	6	4.3373875E+07	4.7288575E+06
2.6500E+01	1	1	1.9237411E+04	1.9317065E+03
2.6500E+01	1	2	1.4493231E+00	3.2508684E+00
2.6500E+01	1	3	-3.6891611E+00	-9.5424239E-01
2.6500E+01	1	4	-6.0605732E+01	-3.8908670E+00
2.6500E+01	1	5	-2.1802693E+05	-8.6244546E+03
2.6500E+01	1	6	-5.1532672E+01	-6.0984996E+01
2.6500E+01	2	1	-1.1239609E+00	7.2542963E-01
2.6500E+01	2	2	1.9238609E+04	1.9306941E+03
2.6500E+01	2	3	4.6131803E+00	-3.1431995E-01
2.6500E+01	2	4	2.1821251E+05	8.6240605E+03
2.6500E+01	2	5	1.4824912E+02	-2.5222485E+01
2.6500E+01	2	6	-5.0515854E+01	5.7355217E+01
2.6500E+01	3	1	-7.1769364E-01	-8.0809070E-01
2.6500E+01	3	2	-8.6597835E-01	-1.1544060E+00
2.6500E+01	3	3	3.1360978E+04	9.4142180E+01
2.6500E+01	3	4	-1.3460552E+02	1.5260589E+00
2.6500E+01	3	5	1.1694440E+02	6.5706269E+00
2.6500E+01	3	6	-1.3386090E+01	3.3399066E+01
2.6500E+01	4	1	-5.0526665E+01	-1.0976477E+00
2.6500E+01	4	2	2.1820692E+05	8.5133561E+03
2.6500E+01	4	3	-3.5107934E+01	2.4078904E+00
2.6500E+01	4	4	2.7118825E+07	1.0386072E+05
2.6500E+01	4	5	6.6345176E+03	-8.4157248E+01
2.6500E+01	4	6	-8.2170329E+02	3.7880994E+02
2.6500E+01	5	1	-2.1822061E+05	-8.5236673E+03
2.6500E+01	5	2	1.5796311E+01	-7.6083521E+01
2.6500E+01	5	3	1.7386151E+02	1.2927759E+01
2.6500E+01	5	4	5.2671795E+03	-1.0617021E+02
2.6500E+01	5	5	2.7121442E+07	1.0422359E+05
2.6500E+01	5	6	-3.0439224E+00	1.6791979E+03
2.6500E+01	6	1	4.1384562E+01	8.3615606E+00
2.6500E+01	6	2	1.9622382E+01	4.9320995E+01
2.6500E+01	6	3	-3.6967134E+01	1.3551809E+01
2.6500E+01	6	4	7.9913883E+03	3.0204613E+02
2.6500E+01	6	5	-1.1443641E+04	4.4107253E+02
2.6500E+01	6	6	4.3339372E+07	4.7288575E+06
2.6000E+01	1	1	1.9225660E+04	1.9317065E+03
2.6000E+01	1	2	1.4482369E+00	3.2508684E+00
2.6000E+01	1	3	-3.6888129E+00	-9.5424239E-01
2.6000E+01	1	4	-6.0621574E+01	-3.8908670E+00
2.6000E+01	1	5	-2.1774442E+05	-8.6244546E+03
2.6000E+01	1	6	-5.1745995E+01	-6.0984996E+01
2.6000E+01	2	1	-1.1215530E+00	7.2542963E-01
2.6000E+01	2	2	1.9226779E+04	1.9306941E+03
2.6000E+01	2	3	4.6117002E+00	-3.1431995E-01
2.6000E+01	2	4	2.1792952E+05	8.6240605E+03
2.6000E+01	2	5	1.4811773E+02	-2.5222485E+01
2.6000E+01	2	6	-5.0320305E+01	5.7355217E+01
2.6000E+01	3	1	-7.0918695E-01	-8.0809070E-01
2.6000E+01	3	2	-8.6184910E-01	-1.1544060E+00
2.6000E+01	3	3	3.1367801E+04	9.4142180E+01
2.6000E+01	3	4	-1.3434951E+02	1.5260589E+00
2.6000E+01	3	5	1.1724651E+02	6.5706269E+00
2.6000E+01	3	6	-1.3445971E+01	3.3399066E+01
2.6000E+01	4	1	-5.0560846E+01	-1.0976477E+00
2.6000E+01	4	2	2.1792451E+05	8.5133561E+03
2.6000E+01	4	3	-3.5176200E+01	2.4078904E+00
2.6000E+01	4	4	2.7112513E+07	1.0386072E+05
2.6000E+01	4	5	6.6301620E+03	-8.4157248E+01
2.6000E+01	4	6	-8.2895622E+02	3.7880994E+02
2.6000E+01	5	1	-2.1793822E+05	-8.5236673E+03
2.6000E+01	5	2	1.5810161E+01	-7.6083521E+01
2.6000E+01	5	3	1.7365401E+02	1.2927759E+01
2.6000E+01	5	4	5.2633488E+03	-1.0617021E+02
2.6000E+01	5	5	2.7114933E+07	1.0422359E+05
2.6000E+01	5	6	-6.0392683E+00	1.6791979E+03
2.6000E+01	6	1	4.1147161E+01	8.3615606E+00
2.6000E+01	6	2	1.9525962E+01	4.9320995E+01
2.6000E+01	6	3	-3.7006002E+01	1.3551809E+01
2.6000E+01	6	4	7.9890098E+03	3.0204613E+02
2.6000E+01	6	5	-1.1439882E+04	4.4107253E+02
2.6000E+01	6	6	4.3307084E+07	4.7288575E+06
2.5500E+01	1	1	1.9214150E+04	1.9317065E+03
2.5500E+01	1	2	1.4480270E+00	3.2508684E+00
2.5500E+01	1	3	-3.6840230E+00	-9.5424239E-01
2.5500E+01	1	4	-6.0496692E+01	-3.8908670E+00
2.5500E+01	1	5	-2.1747901E+05	-8.6244546E+03
2.5500E+01	1	6	-5.1613300E+01	-6.0984996E+01
2.5500E+01	2	1	-1.1214210E+00	7.2542963E-01
2.5500E+01	2	2	1.9215331E+04	1.9306941E+03
2.5500E+01	2	3	4.6101720E+00	-3.1431995E-01
2.5500E+01	2	4	2.1766492E+05	8.6240605E+03
2.5500E+01	2	5	1.4793230E+02	-2.5222485E+01
2.5500E+01	2	6	-5.0291970E+01	5.7355217E+01
2.5500E+01	3	1	-7.0261230E-01	-8.0809070E-01
2.5500E+01	3	2	-8.5672328E-01	-1.1544060E+00
2.5500E+01	3	3	3.1376018E+04	9.4142180E+01
2.5500E+01	3	4	-1.3392540E+02	1.5260589E+00
2.5500E+01	3	5	1.1681200E+02	6.5706269E+00
2.5500E+01	3	6	-1.3375632E+01	3.3399066E+01
2.5500E+01	4	1	-5.0493647E+01	-1.0976477E+00
2.5500E+01	4	2	2.1766080E+05	8.5133561E+03
2.5500E+01	4	3	-3.5226563E+01	2.4078904E+00
2.5500E+01	4	4	2.7106575E+07	1.0386072E+05
2.5500E+01	4	5	6.6279298E+03	-8.4157248E+01
2.5500E+01	4	6	-8.2772561E+02	3.7880994E+02
2.5500E+01	5	1	-2.1767451E+05	-8.5236673E+03
2.5500E+01	5	2	1.5874921E+01	-7.6083521E+01
2.5500E+01	5	3	1.7392709E+02	1.2927759E+01
2.5500E+01	5	4	5.2596771E+03	-1.0617021E+02
2.5500E+01	5	5	2.7108952E+07	1.0422359E+05
2.5500E+01	5	6	-8.5944531E+00	1.6791979E+03
2.5500E+01	6	1	4.1178411E+01	8.3615606E+00
2.5500E+01	6	2	1.9641191E+01	4.9320995E+01
2.5500E+01	6	3	-3.7088620E+01	1.3551809E+01
2.5500E+01	6	4	7.9923585E+03	3.0204613E+02
2.5500E+01	6	5	-1.1437460E+04	4.4107253E+02
2.5500E+01	6	6	4.3276678E+07	4.7288575E+06
2.5000E+01	1	1	1.9202939E+04	1.9317065E+03
2.5000E+01	1	2	1.4476690E+00	3.2508684E+00
2.5000E+01	1	3	-3.6893409E+00	-9.5424239E-01
2.5000E+01	1	4	-6.0415583E+01	-3.8908670E+00
2.5000E+01	1	5	-2.1723202E+05	-8.6244546E+03
2.5000E+01	1	6	-5.1552885E+01	-6.0984996E+01
2.5000E+01	2	1	-1.1245590E+00	7.2542963E-01
2.5000E+01	2	2	1.9204131E+04	1.9306941E+03
2.5000E+01	2	3	4.6066268E+00	-3.1431995E-01
2.5000E+01	2	4	2.1741732E+05	8.6240605E+03
2.5000E+01	2	5	1.4785341E+02	-2.5222485E+01
2.5000E+01	2	6	-5.0500305E+01	5.7355217E+01
2.5000E+01	3	1	-6.9487662E-01	-8.0809070E-01
2.5000E+01	3	2	-8.4964224E-01	-1.1544060E+00
2.5000E+01	3	3	3.1385153E+04	9.4142180E+01
2.5000E+01	3	4	-1.3370142E+02	1.5260589E+00
2.5000E+01	3	5	1.1700210E+02	6.5706269E+00
2.5000E+01	3	6	-1.3346441E+01	3.3399066E+01
2.5000E+01	4	1	-5.0551925E+01	-1.0976477E+00
2.5000E+01	4	2	2.1741301E+05	8.5133561E+03
2.5000E+01	4	3	-3.5300930E+01	2.4078904E+00
2.5000E+01	4	4	2.7101024E+07	1.0386072E+05
2.5000E+01	4	5	6.6257151E+03	-8.4157248E+01
2.5000E+01	4	6	-8.3159756E+02	3.7880994E+02
2.5000E+01	5	1	-2.1742761E+05	-8.5236673E+03
2.5000E+01	5	2	1.5848900E+01	-7.6083521E+01
2.5000E+01	5	3	1.7325489E+02	1.2927759E+01
2.5000E+01	5	4	5.2580873E+03	-1.0617021E+02
2.5000E+01	5	5	2.7103542E+07	1.0422359E+05
2.5000E+01	5	6	-4.0991363E+00	1.6791979E+03
2.5000E+01	6	1	4.1264893E+01	8.3615606E+00
2.5000E+01	6	2	1.9670720E+01	4.9320995E+01
2.5000E+01	6	3	-3.7094055E+01	1.3551809E+01
2.5000E+01	6	4	7.9873078E+03	3.0204613E+02
2.5000E+01	6	5	-1.1437831E+04	4.4107253E+02
2.5000E+01	6	6	4.3248026E+07	4.7288575E+06
2.4500E+01	1	1	1.9192039E+04	1.9317065E+03
2.4500E+01	1	2	1.4474650E+00	3.2508684E+00
2.4500E+01	1	3	-3.6844900E+00	-9.5424239E-01
2.4500E+01	1	4	-6.0257725E+01	-3.8908670E+00
2.4500E+01	1	5	-2.1699980E+05	-8.6244546E+03
2.4500E+01	1	6	-5.1782473E+01	-6.0984996E+01
2.4500E+01	2	1	-1.1179390E+00	7.2542963E-01
2.4500E+01	2	2	1.9193171E+04	1.9306941E+03
2.4500E+01	2	3	4.6055078E+00	-3.1431995E-01
2.4500E+01	2	4	2.1718520E+05	8.6240605E+03
2.4500E+01	2	5	1.4783271E+02	-2.5222485E+01
2.4500E+01	2	6	-5.0039204E+01	5.7355217E+01
2.4500E+01	3	1	-6.8519079E-01	-8.0809070E-01
2.4500E+01	3	2	-8.4737489E-01	-1.1544060E+00
2.4500E+01	3	3	3.1395368E+04	9.4142180E+01
2.4500E+01	3	4	-1.3356270E+02	1.5260589E+00
2.4500E+01	3	5	1.1727741E+02	6.5706269E+00
2.4500E+01	3	6	-1.3297382E+01	3.3399066E+01
2.4500E+01	4	1	-5.0439154E+01	-1.0976477E+00
2.4500E+01	4	2	2.1718152E+05	8.5133561E+03
2.4500E+01	4	3	-3.5405476E+01	2.4078904E+00
2.4500E+01	4	4	2.7095811E+07	1.0386072E+05
2.4500E+01	4	5	6.6237107E+03	-8.4157248E+01
2.4500E+01	4	6	-8.2991280E+02	3.7880994E+02
2.4500E+01	5	1	-2.1719572E+05	-8.5236673E+03
2.4500E+01	5	2	1.5881591E+01	-7.6083521E+01
2.4500E+01	5	3	1.7330090E+02	1.2927759E+01
2.4500E+01	5	4	5.2588985E+03	-1.0617021E+02
2.4500E+01	5	5	2.7098275E+07	1.0422359E+05
2.4500E+01	5	6	-4.2262733E+00	1.6791979E+03
2.4500E+01	6	1	4.1318376E+01	8.3615606E+00
2.4500E+01	6	2	1.9280972E+01	4.9320995E+01
2.4500E+01	6	3	-3.7020610E+01	1.3551809E+01
2.4500E+01	6	4	7.9797780E+03	3.0204613E+02
2.4500E+01	6	5	-1.1430211E+04	4.4107253E+02
2.4500E+01	6	6	4.3221172E+07	4.7288575E+06
2.4000E+01	1	1	1.9181301E+04	1.9317065E+03
2.4000E+01	1	2	1.4465889E+00	3.2508684E+00
2.4000E+01	1	3	-3.6853280E+00	-9.5424239E-01
2.4000E+01	1	4	-6.0297782E+01	-3.8908670E+00
2.4000E+01	1	5	-2.1678160E+05	-8.6244546E+03
2.4000E+01	1	6	-5.1634367E+01	-6.0984996E+01
2.4000E+01	2	1	-1.1173330E+00	7.2542963E-01
2.4000E+01	2	2	1.9182460E+04	1.9306941E+03
2.4000E+01	2	3	4.6043493E+00	-3.1431995E-01
2.4000E+01	2	4	2.1696692E+05	8.6240605E+03
2.4000E+01	2	5	1.4761982E+02	-2.5222485E+01
2.4000E+01	2	6	-5.0497992E+01	5.7355217E+01
2.4000E+01	3	1	-6.7813066E-01	-8.0809070E-01
2.4000E+01	3	2	-8.4119569E-01	-1.1544060E+00
2.4000E+01	3	3	3.1406379E+04	9.4142180E+01
2.4000E+01	3	4	-1.3320960E+02	1.5260589E+00
2.4000E+01	3	5	1.1712562E+02	6.5706269E+00
2.4000E+01	3	6	-1.3294181E+01	3.3399066E+01
2.4000E+01	4	1	-5.0490202E+01	-1.0976477E+00
2.4000E+01	4	2	2.1696400E+05	8.5133561E+03
2.4000E+01	4	3	-3.5347851E+01	2.4078904E+00
2.4000E+01	4	4	2.7090852E+07	1.0386072E+05
2.4000E+01	4	5	6.6223605E+03	-8.4157248E+01
2.4000E+01	4	6	-8.3146567E+02	3.7880994E+02
2.4000E+01	5	1	-2.1697801E+05	-8.5236673E+03
2.4000E+01	5	2	1.5962831E+01	-7.6083521E+01
2.4000E+01	5	3	1.7356509E+02	1.2927759E+01
2.4000E+01	5	4	5.2570605E+03	-1.0617021E+02
2.4000E+01	5	5	2.7093374E+07	1.0422359E+05
2.4000E+01	5	6	-4.7647933E+00	1.6791979E+03
2.4000E+01	6	1	4.1129482E+01	8.3615606E+00
2.4000E+01	6	2	1.9559644E+01	4.9320995E+01
2.4000E+01	6	3	-3.7014055E+01	1.3551809E+01
2.4000E+01	6	4	7.9828698E+03	3.0204613E+02
2.4000E+01	6	5	-1.1426861E+04	4.4107253E+02
2.4000E+01	6	6	4.3195845E+07	4.7288575E+06
2.3500E+01	1	1	1.9170880E+04	1.9317065E+03
2.3500E+01	1	2	1.4451229E+00	3.2508684E+00
2.3500E+01	1	3	-3.6827127E+00	-9.5424239E-01
2.3500E+01	1	4	-6.0338003E+01	-3.8908670E+00
2.3500E+01	1	5	-2.1657692E+05	-8.6244546E+03
2.3500E+01	1	6	-5.1546944E+01	-6.0984996E+01
2.3500E+01	2	1	-1.1188680E+00	7.2542963E-01
2.3500E+01	2	2	1.9172080E+04	1.9306941E+03
2.3500E+01	2	3	4.6022699E+00	-3.1431995E-01
2.3500E+01	2	4	2.1676182E+05	8.6240605E+03
2.3500E+01	2	5	1.4767092E+02	-2.5222485E+01
2.3500E+01	2	6	-5.0266162E+01	5.7355217E+01
2.3500E+01	3	1	-6.7073689E-01	-8.0809070E-01
2.3500E+01	3	2	-8.3661008E-01	-1.1544060E+00
2.3500E+01	3	3	3.1418142E+04	9.4142180E+01
2.3500E+01	3	4	-1.3288011E+02	1.5260589E+00
2.3500E+01	3	5	1.1664561E+02	6.5706269E+00
2.3500E+01	3	6	-1.3339071E+01	3.3399066E+01
2.3500E+01	4	1	-5.0347073E+01	-1.0976477E+00
2.3500E+01	4	2	2.1675871E+05	8.5133561E+03
2.3500E+01	4	3	-3.5343883E+01	2.4078904E+00
2.3500E+01	4	4	2.7086382E+07	1.0386072E+05
2.3500E+01	4	5	6.6171620E+03	-8.4157248E+01
2.3500E+01	4	6	-8.3120262E+02	3.7880994E+02
2.3500E+01	5	1	-2.1677451E+05	-8.5236673E+03
2.3500E+01	5	2	1.5940671E+01	-7.6083521E+01
2.3500E+01	5	3	1.7310221E+02	1.2927759E+01
2.3500E+01	5	4	5.2577454E+03	-1.0617021E+02
2.3500E+01	5	5	2.7088914E+07	1.0422359E+05
2.3500E+01	5	6	-5.5271537E+00	1.6791979E+03
2.3500E+01	6	1	4.0968952E+01	8.3615606E+00
2.3500E+01	6	2	1.9374101E+01	4.9320995E+01
2.3500E+01	6	3	-3.7137069E+01	1.3551809E+01
2.3500E+01	6	4	7.9761122E+03	3.0204613E+02
2.3500E+01	6	5	-1.1422612E+04	4.4107253E+02
2.3500E+01	6	6	4.3171812E+07	4.7288575E+06
2.3000E+01	1	1	1.9160820E+04	1.9317065E+03
2.3000E+01	1	2	1.4418810E+00	3.2508684E+00
2.3000E+01	1	3	-3.6797899E+00	-9.5424239E-01
2.3000E+01	1	4	-6.0205072E+01	-3.8908670E+00
2.3000E+01	1	5	-2.1638480E+05	-8.6244546E+03
2.3000E+01	1	6	-5.1701235E+01	-6.0984996E+01
2.3000E+01	2	1	-1.1166089E+00	7.2542963E-01
2.3000E+01	2	2	1.9161940E+04	1.9306941E+03
2.3000E+01	2	3	4.6012600E+00	-3.1431995E-01
2.3000E+01	2	4	2.1656921E+05	8.6240605E+03
2.3000E+01	2	5	1.4756921E+02	-2.5222485E+01
2.3000E+01	2	6	-5.0178476E+01	5.7355217E+01
2.3000E+01	3	1	-6.6370427E-01	-8.0809070E-01
2.3000E+01	3	2	-8.2969560E-01	-1.1544060E+00
2.3000E+01	3	3	3.1430560E+04	9.4142180E+01
2.3000E+01	3	4	-1.3264181E+02	1.5260589E+00
2.3000E+01	3	5	1.1704021E+02	6.5706269E+00
2.3000E+01	3	6	-1.3161411E+01	3.3399066E+01
2.3000E+01	4	1	-5.0340564E+01	-1.0976477E+00
2.3000E+01	4	2	2.1656771E+05	8.5133561E+03
2.3000E+01	4	3	-3.5459596E+01	2.4078904E+00
2.3000E+01	4	4	2.7082073E+07	1.0386072E+05
2.3000E+01	4	5	6.6196024E+03	-8.4157248E+01
2.3000E+01	4	6	-8.3077122E+02	3.7880994E+02
2.3000E+01	5	1	-2.1658181E+05	-8.5236673E+03
2.3000E+01	5	2	1.5866931E+01	-7.6083521E+01
2.3000E+01	5	3	1.7322450E+02	1.2927759E+01
2.3000E+01	5	4	5.2519863E+03	-1.0617021E+02
2.3000E+01	5	5	2.7084664E+07	1.0422359E+05
2.3000E+01	5	6	-4.9833689E+00	1.6791979E+03
2.3000E+01	6	1	4.1000492E+01	8.3615606E+00
2.3000E+01	6	2	1.9674771E+01	4.9320995E+01
2.3000E+01	6	3	-3.7113392E+01	1.3551809E+01
2.3000E+01	6	4	7.9792854E+03	3.0204613E+02
2.3000E+01	6	5	-1.1422350E+04	4.4107253E+02
2.3000E+01	6	6	4.3149282E+07	4.7288575E+06
2.2500E+01	1	1	1.9150900E+04	1.9317065E+03
2.2500E+01	1	2	1.4437180E+00	3.2508684E+00
2.2500E+01	1	3	-3.6778987E+00	-9.5424239E-01
2.2500E+01	1	4	-6.0163659E+01	-3.8908670E+00
2.2500E+01	1	5	-2.1620330E+05	-8.6244546E+03
2.2500E+01	1	6	-5.1653571E+01	-6.0984996E+01
2.2500E+01	2	1	-1.1134519E+00	7.2542963E-01
2.2500E+01	2	2	1.9152090E+04	1.9306941E+03
2.2500E+01	2	3	4.5987400E+00	-3.1431995E-01
2.2500E+01	2	4	2.1638840E+05	8.6240605E+03
2.2500E+01	2	5	1.4740809E+02	-2.5222485E+01
2.2500E+01	2	6	-5.0181479E+01	5.7355217E+01
2.2500E+01	3	1	-6.5505770E-01	-8.0809070E-01
2.2500E+01	3	2	-8.2882902E-01	-1.1544060E+00
2.2500E+01	3	3	3.1443579E+04	9.4142180E+01
2.2500E+01	3	4	-1.3250381E+02	1.5260589E+00
2.2500E+01	3	5	1.1656181E+02	6.5706269E+00
2.2500E+01	3	6	-1.3140241E+01	3.3399066E+01
2.2500E+01	4	1	-5.0356372E+01	-1.0976477E+00
2.2500E+01	4	2	2.1638672E+05	8.5133561E+03
2.2500E+01	4	3	-3.5500983E+01	2.4078904E+00
2.2500E+01	4	4	2.7077963E+07	1.0386072E+05
2.2500E+01	4	5	6.6136863E+03	-8.4157248E+01
2.2500E+01	4	6	-8.2690793E+02	3.7880994E+02
2.2500E+01	5	1	-2.1640180E+05	-8.5236673E+03
2.2500E+01	5	2	1.5988140E+01	-7.6083521E+01
2.2500E+01	5	3	1.7272752E+02	1.2927759E+01
2.2500E+01	5	4	5.2519102E+03	-1.0617021E+02
2.2500E+01	5	5	2.7080554E+07	1.0422359E+05
2.2500E+01	5	6	-1.0175960E+01	1.6791979E+03
2.2500E+01	6	1	4.1004569E+01	8.3615606E+00
2.2500E+01	6	2	1.9378691E+01	4.9320995E+01
2.2500E+01	6	3	-3.7122328E+01	1.3551809E+01
2.2500E+01	6	4	7.9768932E+03	3.0204613E+02
2.2500E+01	6	5	-1.1416260E+04	4.4107253E+02
2.2500E+01	6	6	4.3127983E+07	4.7288575E+06
2.2000E+01	1	1	1.9141301E+04	1.9317065E+03
2.2000E+01	1	2	1.4424440E+00	3.2508684E+00
2.2000E+01	1	3	-3.6758782E+00	-9.5424239E-01
2.2000E+01	1	4	-6.0236021E+01	-3.8908670E+00
2.2000E+01	1	5	-2.1603272E+05	-8.6244546E+03
2.2000E+01	1	6	-5.1688514E+01	-6.0984996E+01
2.2000E+01	2	1	-1.1124901E+00	7.2542963E-01
2.2000E+01	2	2	1.9142509E+04	1.9306941E+03
2.2000E+01	2	3	4.5982169E+00	-3.1431995E-01
2.2000E+01	2	4	2.1621810E+05	8.6240605E+03
2.2000E+01	2	5	1.4735390E+02	-2.5222485E+01
2.2000E+01	2	6	-5.0224177E+01	5.7355217E+01
2.2000E+01	3	1	-6.4735828E-01	-8.0809070E-01
2.2000E+01	3	2	-8.2471257E-01	-1.1544060E+00
2.2000E+01	3	3	3.1457153E+04	9.4142180E+01
2.2000E+01	3	4	-1.3229732E+02	1.5260589E+00
2.2000E+01	3	5	1.1571780E+02	6.5706269E+00
2.2000E+01	3	6	-1.3156782E+01	3.3399066E+01
2.2000E+01	4	1	-5.0363049E+01	-1.0976477E+00
2.2000E+01	4	2	2.1621623E+05	8.5133561E+03
2.2000E+01	4	3	-3.5451296E+01	2.4078904E+00
2.2000E+01	4	4	2.7074162E+07	1.0386072E+05
2.2000E+01	4	5	6.6099634E+03	-8.4157248E+01
2.2000E+01	4	6	-8.2569963E+02	3.7880994E+02
2.2000E+01	5	1	-2.1623199E+05	-8.5236673E+03
2.2000E+01	5	2	1.5976651E+01	-7.6083521E+01
2.2000E+01	5	3	1.7336541E+02	1.2927759E+01
2.2000E+01	5	4	5.2505585E+03	-1.0617021E+02
2.2000E+01	5	5	2.7076672E+07	1.0422359E+05
2.2000E+01	5	6	-5.6330116E+00	1.6791979E+03
2.2000E+01	6	1	4.1013815E+01	8.3615606E+00
2.2000E+01	6	2	1.9481704E+01	4.9320995E+01
2.2000E+01	6	3	-3.6965210E+01	1.3551809E+01
2.2000E+01	6	4	7.9780380E+03	3.0204613E+02
2.2000E+01	6	5	-1.1412951E+04	4.4107253E+02
2.2000E+01	6	6	4.3107691E+07	4.7288575E+06
2.1500E+01	1	1	1.9132039E+04	1.9317065E+03
2.1500E+01	1	2	1.4426100E+00	3.2508684E+00
2.1500E+01	1	3	-3.6745051E+00	-9.5424239E-01
2.1500E+01	1	4	-6.0172534E+01	-3.8908670E+00
2.1500E+01	1	5	-2.1587252E+05	-8.6244546E+03
2.1500E+01	1	6	-5.1280431E+01	-6.0984996E+01
2.1500E+01	2	1	-1.1112389E+00	7.2542963E-01
2.1500E+01	2	2	1.9133151E+04	1.9306941E+03
2.1500E+01	2	3	4.5954268E+00	-3.1431995E-01
2.1500E+01	2	4	2.1605660E+05	8.6240605E+03
2.1500E+01	2	5	1.4725941E+02	-2.5222485E+01
2.1500E+01	2	6	-5.0244783E+01	5.7355217E+01
2.1500E+01	3	1	-6.4210020E-01	-8.0809070E-01
2.1500E+01	3	2	-8.1720787E-01	-1.1544060E+00
2.1500E+01	3	3	3.1471071E+04	9.4142180E+01
2.1500E+01	3	4	-1.3211941E+02	1.5260589E+00
2.1500E+01	3	5	1.1675451E+02	6.5706269E+00
2.1500E+01	3	6	-1.3144750E+01	3.3399066E+01
2.1500E+01	4	1	-5.0334855E+01	-1.0976477E+00
2.1500E+01	4	2	2.1605602E+05	8.5133561E+03
2.1500E+01	4	3	-3.5425434E+01	2.4078904E+00
2.1500E+01	4	4	2.7070614E+07	1.0386072E+05
2.1500E+01	4	5	6.6069337E+03	-8.4157248E+01
2.1500E+01	4	6	-8.3191329E+02	3.7880994E+02
2.1500E+01	5	1	-2.1607121E+05	-8.5236673E+03
2.1500E+01	5	2	1.5917389E+01	-7.6083521E+01
2.1500E+01	5	3	1.7333832E+02	1.2927759E+01
2.1500E+01	5	4	5.2512195E+03	-1.0617021E+02
2.1500E+01	5	5	2.7073111E+07	1.0422359E+05
2.1500E+01	5	6	-8.7725762E+00	1.6791979E+03
2.1500E+01	6	1	4.0922630E+01	8.3615606E+00
2.1500E+01	6	2	1.9310852E+01	4.9320995E+01
2.1500E+01	6	3	-3.6973175E+01	1.3551809E+01
2.1500E+01	6	4	7.9739088E+03	3.0204613E+02
2.1500E+01	6	5	-1.1410100E+04	4.4107253E+02
2.1500E+01	6	6	4.3088453E+07	4.7288575E+06
2.1000E+01	1	1	1.9122909E+04	1.9317065E+03
2.1000E+01	1	2	1.4428170E+00	3.2508684E+00
2.1000E+01	1	3	-3.6712436E+00	-9.5424239E-01
2.1000E+01	1	4	-6.0120290E+01	-3.8908670E+00
2.1000E+01	1	5	-2.1572101E+05	-8.6244546E+03
2.1000E+01	1	6	-5.1748533E+01	-6.0984996E+01
2.1000E+01	2	1	-1.1129490E+00	7.2542963E-01
2.1000E+01	2	2	1.9124070E+04	1.9306941E+03
2.1000E+01	2	3	4.5960471E+00	-3.1431995E-01
2.1000E+01	2	4	2.1590522E+05	8.6240605E+03
2.1000E+01	2	5	1.4711721E+02	-2.5222485E+01
2.1000E+01	2	6	-5.0466341E+01	5.7355217E+01
2.1000E+01	3	1	-6.3522520E-01	-8.0809070E-01
2.1000E+01	3	2	-8.1503370E-01	-1.1544060E+00
2.1000E+01	3	3	3.1485350E+04	9.4142180E+01
2.1000E+01	3	4	-1.3202531E+02	1.5260589E+00
2.1000E+01	3	5	1.1641131E+02	6.5706269E+00
2.1000E+01	3	6	-1.3252712E+01	3.3399066E+01
2.1000E+01	4	1	-5.0350373E+01	-1.0976477E+00
2.1000E+01	4	2	2.1590442E+05	8.5133561E+03
2.1000E+01	4	3	-3.5322892E+01	2.4078904E+00
2.1000E+01	4	4	2.7067221E+07	1.0386072E+05
2.1000E+01	4	5	6.6040659E+03	-8.4157248E+01
2.1000E+01	4	6	-8.3493598E+02	3.7880994E+02
2.1000E+01	5	1	-2.1591930E+05	-8.5236673E+03
2.1000E+01	5	2	1.5987759E+01	-7.6083521E+01
2.1000E+01	5	3	1.7304660E+02	1.2927759E+01
2.1000E+01	5	4	5.2487024E+03	-1.0617021E+02
2.1000E+01	5	5	2.7069703E+07	1.0422359E+05
2.1000E+01	5	6	-5.9347923E+00	1.6791979E+03
2.1000E+01	6	1	4.0652275E+01	8.3615606E+00
2.1000E+01	6	2	1.9273580E+01	4.9320995E+01
2.1000E+01	6	3	-3.7053670E+01	1.3551809E+01
2.1000E+01	6	4	7.9720678E+03	3.0204613E+02
2.1000E+01	6	5	-1.1406361E+04	4.4107253E+02
2.1000E+01	6	6	4.3070235E+07	4.7288575E+06
2.0500E+01	1	1	1.9114150E+04	1.9317065E+03
2.0500E+01	1	2	1.4426040E+00	3.2508684E+00
2.0500E+01	1	3	-3.6717238E+00	-9.5424239E-01
2.0500E+01	1	4	-6.0092165E+01	-3.8908670E+00
2.0500E+01	1	5	-2.1557762E+05	-8.6244546E+03
2.0500E+01	1	6	-5.1442092E+01	-6.0984996E+01
2.0500E+01	2	1	-1.1132600E+00	7.2542963E-01
2.0500E+01	2	2	1.9115251E+04	1.9306941E+03
2.0500E+01	2	3	4.5947580E+00	-3.1431995E-01
2.0500E+01	2	4	2.1576151E+05	8.6240605E+03
2.0500E+01	2	5	1.4708410E+02	-2.5222485E+01
2.0500E+01	2	6	-5.0191391E+01	5.7355217E+01
2.0500E+01	3	1	-6.2923709E-01	-8.0809070E-01
2.0500E+01	3	2	-8.0957782E-01	-1.1544060E+00
2.0500E+01	3	3	3.1499940E+04	9.4142180E+01
2.0500E+01	3	4	-1.3182572E+02	1.5260589E+00
2.0500E+01	3	5	1.1586500E+02	6.5706269E+00
2.0500E+01	3	6	-1.3178660E+01	3.3399066E+01
2.0500E+01	4	1	-5.0282027E+01	-1.0976477E+00
2.0500E+01	4	2	2.1576200E+05	8.5133561E+03
2.0500E+01	4	3	-3.5449962E+01	2.4078904E+00
2.0500E+01	4	4	2.7063912E+07	1.0386072E+05
2.0500E+01	4	5	6.6052200E+03	-8.4157248E+01
2.0500E+01	4	6	-8.3449659E+02	3.7880994E+02
2.0500E+01	5	1	-2.1577641E+05	-8.5236673E+03
2.0500E+01	5	2	1.5964591E+01	-7.6083521E+01
2.0500E+01	5	3	1.7341851E+02	1.2927759E+01
2.0500E+01	5	4	5.2452839E+03	-1.0617021E+02
2.0500E+01	5	5	2.7066402E+07	1.0422359E+05
2.0500E+01	5	6	-1.0862501E+01	1.6791979E+03
2.0500E+01	6	1	4.0786002E+01	8.3615606E+00
2.0500E+01	6	2	1.9554891E+01	4.9320995E+01
2.0500E+01	6	3	-3.7087142E+01	1.3551809E+01
2.0500E+01	6	4	7.9709098E+03	3.0204613E+02
2.0500E+01	6	5	-1.1400100E+04	4.4107253E+02
2.0500E+01	6	6	4.3052812E+07	4.7288575E+06
2.0000E+01	1	1	1.9105510E+04	1.9317065E+03
2.0000E+01	1	2	1.4404499E+00	3.2508684E+00
2.0000E+01	1	3	-3.6711607E+00	-9.5424239E-01
2.0000E+01	1	4	-5.9953209E+01	-3.8908670E+00
2.0000E+01	1	5	-2.1544122E+05	-8.6244546E+03
2.0000E+01	1	6	-5.1659695E+01	-6.0984996E+01
2.0000E+01	2	1	-1.1119050E+00	7.2542963E-01
2.0000E+01	2	2	1.9106689E+04	1.9306941E+03
2.0000E+01	2	3	4.5940072E+00	-3.1431995E-01
2.0000E+01	2	4	2.1562602E+05	8.6240605E+03
2.0000E+01	2	5	1.4700370E+02	-2.5222485E+01
2.0000E+01	2	6	-5.0404344E+01	5.7355217E+01
2.0000E+01	3	1	-6.2016363E-01	-8.0809070E-01
2.0000E+01	3	2	-8.0825279E-01	-1.1544060E+00
2.0000E+01	3	3	3.1514747E+04	9.4142180E+01
2.0000E+01	3	4	-1.3191962E+02	1.5260589E+00
2.0000E+01	3	5	1.1608780E+02	6.5706269E+00
2.0000E+01	3	6	-1.3009491E+01	3.3399066E+01
2.0000E+01	4	1	-5.0321421E+01	-1.0976477E+00
2.0000E+01	4	2	2.1562682E+05	8.5133561E+03
2.0000E+01	4	3	-3.5475030E+01	2.4078904E+00
2.0000E+01	4	4	2.7061011E+07	1.0386072E+05
2.0000E+01	4	5	6.6045459E+03	-8.4157248E+01
2.0000E+01	4	6	-8.2628677E+02	3.7880994E+02
2.0000E+01	5	1	-2.1564172E+05	-8.5236673E+03
2.0000E+01	5	2	1.6060789E+01	-7.6083521E+01
2.0000E+01	5	3	1.7305912E+02	1.2927759E+01
2.0000E+01	5	4	5.2517829E+03	-1.0617021E+02
2.0000E+01	5	5	2.7063383E+07	1.0422359E+05
2.0000E+01	5	6	-9.6001296E+00	1.6791979E+03
2.0000E+01	6	1	4.0740267E+01	8.3615606E+00
2.0000E+01	6	2	1.9321320E+01	4.9320995E+01
2.0000E+01	6	3	-3.6941631E+01	1.3551809E+01
2.0000E+01	6	4	7.9665966E+03	3.0204613E+02
2.0000E+01	6	5	-1.1401721E+04	4.4107253E+02
2.0000E+01	6	6	4.3036344E+07	4.7288575E+06
1.9500E+01	1	1	1.9097171E+04	1.9317065E+03
1.9500E+01	1	2	1.4384600E+00	3.2508684E+00
1.9500E+01	1	3	-3.6719348E+00	-9.5424239E-01
1.9500E+01	1	4	-6.0056536E+01	-3.8908670E+00
1.9500E+01	1	5	-2.1531292E+05	-8.6244546E+03
1.9500E+01	1	6	-5.1669642E+01	-6.0984996E+01
1.9500E+01	2	1	-1.1107729E+00	7.2542963E-01
1.9500E+01	2	2	1.9098359E+04	1.9306941E+03
1.9500E+01	2	3	4.5937071E+00	-3.1431995E-01
1.9500E+01	2	4	2.1549822E+05	8.6240605E+03
1.9500E+01	2	5	1.4696242E+02	-2.5222485E+01
1.9500E+01	2	6	-5.0084196E+01	5.7355217E+01
1.9500E+01	3	1	-6.1730588E-01	-8.0809070E-01
1.9500E+01	3	2	-8.0282316E-01	-1.1544060E+00
1.9500E+01	3	3	3.1529900E+04	9.4142180E+01
1.9500E+01	3	4	-1.3169280E+02	1.5260589E+00
1.9500E+01	3	5	1.1579672E+02	6.5706269E+00
1.9500E+01	3	6	-1.3036271E+01	3.3399066E+01
1.9500E+01	4	1	-5.0213102E+01	-1.0976477E+00
1.9500E+01	4	2	2.1549902E+05	8.5133561E+03
1.9500E+01	4	3	-3.5485484E+01	2.4078904E+00
1.9500E+01	4	4	2.7058044E+07	1.0386072E+05
1.9500E+01	4	5	6.6027707E+03	-8.4157248E+01
1.9500E+01	4	6	-8.3018384E+02	3.7880994E+02
1.9500E+01	5	1	-2.1551452E+05	-8.5236673E+03
1.9500E+01	5	2	1.6041300E+01	-7.6083521E+01
1.9500E+01	5	3	1.7301462E+02	1.2927759E+01
1.9500E+01	5	4	5.2493127E+03	-1.0617021E+02
1.9500E+01	5	5	2.7060512E+07	1.0422359E+05
1.9500E+01	5	6	-9.4002544E+00	1.6791979E+03
1.9500E+01	6	1	4.0746620E+01	8.3615606E+00
1.9500E+01	6	2	1.9617862E+01	4.9320995E+01
1.9500E+01	6	3	-3.7040373E+01	1.3551809E+01
1.9500E+01	6	4	7.9688141E+03	3.0204613E+02
1.9500E+01	6	5	-1.1399831E+04	4.4107253E+02
1.9500E+01	6	6	4.3020544E+07	4.7288575E+06
1.9000E+01	1	1	1.9089180E+04	1.9317065E+03
1.9000E+01	1	2	1.4385110E+00	3.2508684E+00
1.9000E+01	1	3	-3.6679190E+00	-9.5424239E-01
1.9000E+01	1	4	-5.9898319E+01	-3.8908670E+00
1.9000E+01	1	5	-2.1519271E+05	-8.6244546E+03
1.9000E+01	1	6	-5.1569726E+01	-6.0984996E+01
1.9000E+01	2	1	-1.1107579E+00	7.2542963E-01
1.9000E+01	2	2	1.9090310E+04	1.9306941E+03
1.9000E+01	2	3	4.5938219E+00	-3.1431995E-01
1.9000E+01	2	4	2.1537781E+05	8.6240605E+03
1.9000E+01	2	5	1.4690791E+02	-2.5222485E+01
1.9000E+01	2	6	-4.9945034E+01	5.7355217E+01
1.9000E+01	3	1	-6.1066650E-01	-8.0809070E-01
1.9000E+01	3	2	-8.0075422E-01	-1.1544060E+00
1.9000E+01	3	3	3.1545163E+04	9.4142180E+01
1.9000E+01	3	4	-1.3148552E+02	1.5260589E+00
1.9000E+01	3	5	1.1565780E+02	6.5706269E+00
1.9000E+01	3	6	-1.2995331E+01	3.3399066E+01
1.9000E+01	4	1	-5.0238609E+01	-1.0976477E+00
1.9000E+01	4	2	2.1537772E+05	8.5133561E+03
1.9000E+01	4	3	-3.5511749E+01	2.4078904E+00
1.9000E+01	4	4	2.7055343E+07	1.0386072E+05
1.9000E+01	4	5	6.6002707E+03	-8.4157248E+01
1.9000E+01	4	6	-8.3262902E+02	3.7880994E+02
1.9000E+01	5	1	-2.1539361E+05	-8.5236673E+03
1.9000E+01	5	2	1.6009432E+01	-7.6083521E+01
1.9000E+01	5	3	1.7308221E+02	1.2927759E+01
1.9000E+01	5	4	5.2461195E+03	-1.0617021E+02
1.9000E+01	5	5	2.7057742E+07	1.0422359E+05
1.9000E+01	5	6	-7.3716140E+00	1.6791979E+03
1.9000E+01	6	1	4.0515065E+01	8.3615606E+00
1.9000E+01	6	2	1.9127660E+01	4.9320995E+01
1.9000E+01	6	3	-3.6975671E+01	1.3551809E+01
1.9000E+01	6	4	7.9597893E+03	3.0204613E+02
1.9000E+01	6	5	-1.1397291E+04	4.4107253E+02
1.9000E+01	6	6	4.3005530E+07	4.7288575E+06
1.8500E+01	1	1	1.9081280E+04	1.9317065E+03
1.8500E+01	1	2	1.4373241E+00	3.2508684E+00
1.8500E+01	1	3	-3.6669908E+00	-9.5424239E-01
1.8500E+01	1	4	-5.9949474E+01	-3.8908670E+00
1.8500E+01	1	5	-2.1507742E+05	-8.6244546E+03
1.8500E+01	1	6	-5.1560202E+01	-6.0984996E+01
1.8500E+01	2	1	-1.1109170E+00	7.2542963E-01
1.8500E+01	2	2	1.9082349E+04	1.9306941E+03
1.8500E+01	2	3	4.5918579E+00	-3.1431995E-01
1.8500E+01	2	4	2.1526130E+05	8.6240605E+03
1.8500E+01	2	5	1.4683479E+02	-2.5222485E+01
1.8500E+01	2	6	-4.9922782E+01	5.7355217E+01
1.8500E+01	3	1	-6.0210122E-01	-8.0809070E-01
1.8500E+01	3	2	-7.9826434E-01	-1.1544060E+00
1.8500E+01	3	3	3.1560597E+04	9.4142180E+01
1.8500E+01	3	4	-1.3123230E+02	1.5260589E+00
1.8500E+01	3	5	1.1596651E+02	6.5706269E+00
1.8500E+01	3	6	-1.2917261E+01	3.3399066E+01
1.8500E+01	4	1	-5.0308559E+01	-1.0976477E+00
1.8500E+01	4	2	2.1526330E+05	8.5133561E+03
1.8500E+01	4	3	-3.5454508E+01	2.4078904E+00
1.8500E+01	4	4	2.7052683E+07	1.0386072E+05
1.8500E+01	4	5	6.5988688E+03	-8.4157248E+01
1.8500E+01	4	6	-8.4031329E+02	3.7880994E+02
1.8500E+01	5	1	-2.1527902E+05	-8.5236673E+03
1.8500E+01	5	2	1.6077050E+01	-7.6083521E+01
1.8500E+01	5	3	1.7319381E+02	1.2927759E+01
1.8500E+01	5	4	5.2436234E+03	-1.0617021E+02
1.8500E+01	5	5	2.7055235E+07	1.0422359E+05
1.8500E+01	5	6	-1.0380972E+01	1.6791979E+03
1.8500E+01	6	1	4.0700838E+01	8.3615606E+00
1.8500E+01	6	2	1.9378291E+01	4.9320995E+01
1.8500E+01	6	3	-3.7056612E+01	1.3551809E+01
1.8500E+01	6	4	7.9661815E+03	3.0204613E+02
1.8500E+01	6	5	-1.1394861E+04	4.4107253E+02
1.8500E+01	6	6	4.2991344E+07	4.7288575E+06
1.8000E+01	1	1	1.9073610E+04	1.9317065E+03
1.8000E+01	1	2	1.4363249E+00	3.2508684E+00
1.8000E+01	1	3	-3.6669300E+00	-9.5424239E-01
1.8000E+01	1	4	-5.9799554E+01	-3.8908670E+00
1.8000E+01	1	5	-2.1496971E+05	-8.6244546E+03
1.8000E+01	1	6	-5.1486425E+01	-6.0984996E+01
1.8000E+01	2	1	-1.1086610E+00	7.2542963E-01
1.8000E+01	2	2	1.9074679E+04	1.9306941E+03
1.8000E+01	2	3	4.5907522E+00	-3.1431995E-01
1.8000E+01	2	4	2.1515281E+05	8.6240605E+03
1.8000E+01	2	5	1.4685212E+02	-2.5222485E+01
1.8000E+01	2	6	-4.9897005E+01	5.7355217E+01
1.8000E+01	3	1	-5.9731350E-01	-8.0809070E-01
1.8000E+01	3	2	-7.9395282E-01	-1.1544060E+00
1.8000E+01	3	3	3.1576140E+04	9.4142180E+01
1.8000E+01	3	4	-1.3121691E+02	1.5260589E+00
1.8000E+01	3	5	1.1538280E+02	6.5706269E+00
1.8000E+01	3	6	-1.2827191E+01	3.3399066E+01
1.8000E+01	4	1	-5.0230072E+01	-1.0976477E+00
1.8000E+01	4	2	2.1515520E+05	8.5133561E+03
1.8000E+01	4	3	-3.5495453E+01	2.4078904E+00
1.8000E+01	4	4	2.7050282E+07	1.0386072E+05
1.8000E+01	4	5	6.5965629E+03	-8.4157248E+01
1.8000E+01	4	6	-8.2982006E+02	3.7880994E+02
1.8000E+01	5	1	-2.1517022E+05	-8.5236673E+03
1.8000E+01	5	2	1.6092311E+01	-7.6083521E+01
1.8000E+01	5	3	1.7309611E+02	1.2927759E+01
1.8000E+01	5	4	5.2404176E+03	-1.0617021E+02
1.8000E+01	5	5	2.7052701E+07	1.0422359E+05
1.8000E+01	5	6	-9.8640454E+00	1.6791979E+03
1.8000E+01	6	1	4.0587569E+01	8.3615606E+00
1.8000E+01	6	2	1.9411532E+01	4.9320995E+01
1.8000E+01	6	3	-3.7007832E+01	1.3551809E+01
1.8000E+01	6	4	7.9620980E+03	3.0204613E+02
1.8000E+01	6	5	-1.1393092E+04	4.4107253E+02
1.8000E+01	6	6	4.2977626E+07	4.7288575E+06
1.7500E+01	1	1	1.9066211E+04	1.9317065E+03
1.7500E+01	1	2	1.4363390E+00	3.2508684E+00
1.7500E+01	1	3	-3.6700267E+00	-9.5424239E-01
1.7500E+01	1	4	-5.9842085E+01	-3.8908670E+00
1.7500E+01	1	5	-2.1486540E+05	-8.6244546E+03
1.7500E+01	1	6	-5.1504051E+01	-6.0984996E+01
1.7500E+01	2	1	-1.1093980E+00	7.2542963E-01
1.7500E+01	2	2	1.9067260E+04	1.9306941E+03
1.7500E+01	2	3	4.5909837E+00	-3.1431995E-01
1.7500E+01	2	4	2.1504932E+05	8.6240605E+03
1.7500E+01	2	5	1.4674622E+02	-2.5222485E+01
1.7500E+01	2	6	-5.0044581E+01	5.7355217E+01
1.7500E+01	3	1	-5.9045958E-01	-8.0809070E-01
1.7500E+01	3	2	-7.8937000E-01	-1.1544060E+00
1.7500E+01	3	3	3.1591840E+04	9.4142180E+01
1.7500E+01	3	4	-1.3089770E+02	1.5260589E+00
1.7500E+01	3	5	1.1586691E+02	6.5706269E+00
1.7500E+01	3	6	-1.2914501E+01	3.3399066E+01
1.7500E+01	4	1	-5.0198834E+01	-1.0976477E+00
1.7500E+01	4	2	2.1505250E+05	8.5133561E+03
1.7500E+01	4	3	-3.5614588E+01	2.4078904E+00
1.7500E+01	4	4	2.7047834E+07	1.0386072E+05
1.7500E+01	4	5	6.5993420E+03	-8.4157248E+01
1.7500E+01	4	6	-8.2936085E+02	3.7880994E+02
1.7500E+01	5	1	-2.1506722E+05	-8.5236673E+03
1.7500E+01	5	2	1.6013163E+01	-7.6083521E+01
1.7500E+01	5	3	1.7315361E+02	1.2927759E+01
1.7500E+01	5	4	5.2408912E+03	-1.0617021E+02
1.7500E+01	5	5	2.7050412E+07	1.0422359E+05
1.7500E+01	5	6	-1.0446171E+01	1.6791979E+03
1.7500E+01	6	1	4.0547614E+01	8.3615606E+00
1.7500E+01	6	2	1.9287250E+01	4.9320995E+01
1.7500E+01	6	3	-3.6967603E+01	1.3551809E+01
1.7500E+01	6	4	7.9598127E+03	3.0204613E+02
1.7500E+01	6	5	-1.1390511E+04	4.4107253E+02
1.7500E+01	6	6	4.2964662E+07	4.7288575E+06
1.7000E+01	1	1	1.9058919E+04	1.9317065E+03
1.7000E+01	1	2	1.4358651E+00	3.2508684E+00
1.7000E+01	1	3	-3.6728780E+00	-9.5424239E-01
1.7000E+01	1	4	-5.9739699E+01	-3.8908670E+00
1.7000E+01	1	5	-2.1476702E+05	-8.6244546E+03
1.7000E+01	1	6	-5.1656734E+01	-6.0984996E+01
1.7000E+01	2	1	-1.1093780E+00	7.2542963E-01
1.7000E+01	2	2	1.9060039E+04	1.9306941E+03
1.7000E+01	2	3	4.5922070E+00	-3.1431995E-01
1.7000E+01	2	4	2.1495131E+05	8.6240605E+03
1.7000E+01	2	5	1.4664032E+02	-2.5222485E+01
1.7000E+01	2	6	-4.9727942E+01	5.7355217E+01
1.7000E+01	3	1	-5.8697129E-01	-8.0809070E-01
1.7000E+01	3	2	-7.8511820E-01	-1.1544060E+00
1.7000E+01	3	3	3.1607500E+04	9.4142180E+01
1.7000E+01	3	4	-1.3083960E+02	1.5260589E+00
1.7000E+01	3	5	1.1613231E+02	6.5706269E+00
1.7000E+01	3	6	-1.2966970E+01	3.3399066E+01
1.7000E+01	4	1	-5.0197306E+01	-1.0976477E+00
1.7000E+01	4	2	2.1495432E+05	8.5133561E+03
1.7000E+01	4	3	-3.5630438E+01	2.4078904E+00
1.7000E+01	4	4	2.7045642E+07	1.0386072E+05
1.7000E+01	4	5	6.5978893E+03	-8.4157248E+01
1.7000E+01	4	6	-8.3204720E+02	3.7880994E+02
1.7000E+01	5	1	-2.1496982E+05	-8.5236673E+03
1.7000E+01	5	2	1.6029270E+01	-7.6083521E+01
1.7000E+01	5	3	1.7306709E+02	1.2927759E+01
1.7000E+01	5	4	5.2417693E+03	-1.0617021E+02
1.7000E+01	5	5	2.7048132E+07	1.0422359E+05
1.7000E+01	5	6	-8.2777325E+00	1.6791979E+03
1.7000E+01	6	1	4.0429970E+01	8.3615606E+00
1.7000E+01	6	2	1.9680132E+01	4.9320995E+01
1.7000E+01	6	3	-3.7093220E+01	1.3551809E+01
1.7000E+01	6	4	7.9612917E+03	3.0204613E+02
1.7000E+01	6	5	-1.1386561E+04	4.4107253E+02
1.7000E+01	6	6	4.2952234E+07	4.7288575E+06
1.6500E+01	1	1	1.9051900E+04	1.9317065E+03
1.6500E+01	1	2	1.4362870E+00	3.2508684E+00
1.6500E+01	1	3	-3.6640194E+00	-9.5424239E-01
1.6500E+01	1	4	-5.9700724E+01	-3.8908670E+00
1.6500E+01	1	5	-2.1467422E+05	-8.6244546E+03
1.6500E+01	1	6	-5.1514783E+01	-6.0984996E+01
1.6500E+01	2	1	-1.1080370E+00	7.2542963E-01
1.6500E+01	2	2	1.9053020E+04	1.9306941E+03
1.6500E+01	2	3	4.5895870E+00	-3.1431995E-01
1.6500E+01	2	4	2.1485793E+05	8.6240605E+03
1.6500E+01	2	5	1.4662430E+02	-2.5222485E+01
1.6500E+01	2	6	-5.0154181E+01	5.7355217E+01
1.6500E+01	3	1	-5.8138446E-01	-8.0809070E-01
1.6500E+01	3	2	-7.8350062E-01	-1.1544060E+00
1.6500E+01	3	3	3.1623321E+04	9.4142180E+01
1.6500E+01	3	4	-1.3089800E+02	1.5260589E+00
1.6500E+01	3	5	1.1563171E+02	6.5706269E+00
1.6500E+01	3	6	-1.2834891E+01	3.3399066E+01
1.6500E+01	4	1	-5.0228380E+01	-1.0976477E+00
1.6500E+01	4	2	2.1486130E+05	8.5133561E+03
1.6500E+01	4	3	-3.5635286E+01	2.4078904E+00
1.6500E+01	4	4	2.7043454E+07	1.0386072E+05
1.6500E+01	4	5	6.5981844E+03	-8.4157248E+01
1.6500E+01	4	6	-8.3556098E+02	3.7880994E+02
1.6500E+01	5	1	-2.1487742E+05	-8.5236673E+03
1.6500E+01	5	2	1.6145040E+01	-7.6083521E+01
1.6500E+01	5	3	1.7318602E+02	1.2927759E+01
1.6500E+01	5	4	5.2471883E+03	-1.0617021E+02
1.6500E+01	5	5	2.7045954E+07	1.0422359E+05
1.6500E+01	5	6	-1.1291951E+01	1.6791979E+03
1.6500E+01	6	1	4.0573761E+01	8.3615606E+00
1.6500E+01	6	2	1.9604101E+01	4.9320995E+01
1.6500E+01	6	3	-3.7022740E+01	1.3551809E+01
1.6500E+01	6	4	7.9692702E+03	3.0204613E+02
1.6500E+01	6	5	-1.1389420E+04	4.4107253E+02
1.6500E+01	6	6	4.2940426E+07	4.7288575E+06
1.6000E+01	1	1	1.9045071E+04	1.9317065E+03
1.6000E+01	1	2	1.4351179E+00	3.2508684E+00
1.6000E+01	1	3	-3.6657853E+00	-9.5424239E-01
1.6000E+01	1	4	-5.9747584E+01	-3.8908670E+00
1.6000E+01	1	5	-2.1458560E+05	-8.6244546E+03
1.6000E+01	1	6	-5.1327416E+01	-6.0984996E+01
1.6000E+01	2	1	-1.1105381E+00	7.2542963E-01
1.6000E+01	2	2	1.9046131E+04	1.9306941E+03
1.6000E+01	2	3	4.5870889E+00	-3.1431995E-01
1.6000E+01	2	4	2.1476980E+05	8.6240605E+03
1.6000E+01	2	5	1.4655341E+02	-2.5222485E+01
1.6000E+01	2	6	-5.0114108E+01	5.7355217E+01
1.6000E+01	3	1	-5.7669505E-01	-8.0809070E-01
1.6000E+01	3	2	-7.7794713E-01	-1.1544060E+00
1.6000E+01	3	3	3.1639180E+04	9.4142180E+01
1.6000E+01	3	4	-1.3038543E+02	1.5260589E+00
1.6000E+01	3	5	1.1529030E+02	6.5706269E+00
1.6000E+01	3	6	-1.2859770E+01	3.3399066E+01
1.6000E+01	4	1	-5.0175255E+01	-1.0976477E+00
1.6000E+01	4	2	2.1477309E+05	8.5133561E+03
1.6000E+01	4	3	-3.5530473E+01	2.4078904E+00
1.6000E+01	4	4	2.7041354E+07	1.0386072E+05
1.6000E+01	4	5	6.5926083E+03	-8.4157248E+01
1.6000E+01	4	6	-8.3803640E+02	3.7880994E+02
1.6000E+01	5	1	-2.1478859E+05	-8.5236673E+03
1.6000E+01	5	2	1.6117161E+01	-7.6083521E+01
1.6000E+01	5	3	1.7322349E+02	1.2927759E+01
1.6000E+01	5	4	5.2384507E+03	-1.0617021E+02
1.6000E+01	5	5	2.7043862E+07	1.0422359E+05
1.6000E+01	5	6	-1.0664701E+01	1.6791979E+03
1.6000E+01	6	1	4.0595846E+01	8.3615606E+00
1.6000E+01	6	2	1.9129141E+01	4.9320995E+01
1.6000E+01	6	3	-3.6980610E+01	1.3551809E+01
1.6000E+01	6	4	7.9624907E+03	3.0204613E+02
1.6000E+01	6	5	-1.1385712E+04	4.4107253E+02
1.6000E+01	6	6	4.2929045E+07	4.7288575E+06
1.5500E+01	1	1	1.9038410E+04	1.9317065E+03
1.5500E+01	1	2	1.4342860E+00	3.2508684E+00
1.5500E+01	1	3	-3.6651029E+00	-9.5424239E-01
1.5500E+01	1	4	-5.9652801E+01	-3.8908670E+00
1.5500E+01	1	5	-2.1450101E+05	-8.6244546E+03
1.5500E+01	1	6	-5.1638293E+01	-6.0984996E+01
1.5500E+01	2	1	-1.1083670E+00	7.2542963E-01
1.5500E+01	2	2	1.9039571E+04	1.9306941E+03
1.5500E+01	2	3	4.5895717E+00	-3.1431995E-01
1.5500E+01	2	4	2.1468511E+05	8.6240605E+03
1.5500E+01	2	5	1.4656392E+02	-2.5222485E+01
1.5500E+01	2	6	-4.9955663E+01	5.7355217E+01
1.5500E+01	3	1	-5.6999559E-01	-8.0809070E-01
1.5500E+01	3	2	-7.7717851E-01	-1.1544060E+00
1.5500E+01	3	3	3.1654909E+04	9.4142180E+01
1.5500E+01	3	4	-1.3016971E+02	1.5260589E+00
1.5500E+01	3	5	1.1543980E+02	6.5706269E+00
1.5500E+01	3	6	-1.2751200E+01	3.3399066E+01
1.5500E+01	4	1	-5.0161608E+01	-1.0976477E+00
1.5500E+01	4	2	2.1468892E+05	8.5133561E+03
1.5500E+01	4	3	-3.5767108E+01	2.4078904E+00
1.5500E+01	4	4	2.7039474E+07	1.0386072E+05
1.5500E+01	4	5	6.5947088E+03	-8.4157248E+01
1.5500E+01	4	6	-8.3550189E+02	3.7880994E+02
1.5500E+01	5	1	-2.1470450E+05	-8.5236673E+03
1.5500E+01	5	2	1.6126103E+01	-7.6083521E+01
1.5500E+01	5	3	1.7298181E+02	1.2927759E+01
1.5500E+01	5	4	5.2391322E+03	-1.0617021E+02
1.5500E+01	5	5	2.7041912E+07	1.0422359E+05
1.5500E+01	5	6	-1.0871091E+01	1.6791979E+03
1.5500E+01	6	1	4.0567572E+01	8.3615606E+00
1.5500E+01	6	2	1.9673142E+01	4.9320995E+01
1.5500E+01	6	3	-3.7042531E+01	1.3551809E+01
1.5500E+01	6	4	7.9604185E+03	3.0204613E+02
1.5500E+01	6	5	-1.1388771E+04	4.4107253E+02
1.5500E+01	6	6	4.2917996E+07	4.7288575E+06
1.5000E+01	1	1	1.9031910E+04	1.9317065E+03
1.5000E+01	1	2	1.4335930E+00	3.2508684E+00
1.5000E+01	1	3	-3.6595020E+00	-9.5424239E-01
1.5000E+01	1	4	-5.9674950E+01	-3.8908670E+00
1.5000E+01	1	5	-2.1442050E+05	-8.6244546E+03
1.5000E+01	1	6	-5.1395004E+01	-6.0984996E+01
1.5000E+01	2	1	-1.1050830E+00	7.2542963E-01
1.5000E+01	2	2	1.9033071E+04	1.9306941E+03
1.5000E+01	2	3	4.5877949E+00	-3.1431995E-01
1.5000E+01	2	4	2.1460450E+05	8.6240605E+03
1.5000E+01	2	5	1.4651521E+02	-2.5222485E+01
1.5000E+01	2	6	-4.9982184E+01	5.7355217E+01
1.5000E+01	3	1	-5.6285049E-01	-8.0809070E-01
1.5000E+01	3	2	-7.7428878E-01	-1.1544060E+00
1.5000E+01	3	3	3.1670712E+04	9.4142180E+01
1.5000E+01	3	4	-1.3016460E+02	1.5260589E+00
1.5000E+01	3	5	1.1482091E+02	6.5706269E+00
1.5000E+01	3	6	-1.2840910E+01	3.3399066E+01
1.5000E+01	4	1	-5.0126140E+01	-1.0976477E+00
1.5000E+01	4	2	2.1460972E+05	8.5133561E+03
1.5000E+01	4	3	-3.5645621E+01	2.4078904E+00
1.5000E+01	4	4	2.7037482E+07	1.0386072E+05
1.5000E+01	4	5	6.5915654E+03	-8.4157248E+01
1.5000E+01	4	6	-8.2556030E+02	3.7880994E+02
1.5000E+01	5	1	-2.1462491E+05	-8.5236673E+03
1.5000E+01	5	2	1.6124592E+01	-7.6083521E+01
1.5000E+01	5	3	1.7283259E+02	1.2927759E+01
1.5000E+01	5	4	5.2408137E+03	-1.0617021E+02
1.5000E+01	5	5	2.7040072E+07	1.0422359E+05
1.5000E+01	5	6	-8.0948418E+00	1.6791979E+03
1.5000E+01	6	1	4.0411212E+01	8.3615606E+00
1.5000E+01	6	2	1.8963691E+01	4.9320995E+01
1.5000E+01	6	3	-3.7028213E+01	1.3551809E+01
1.5000E+01	6	4	7.9606498E+03	3.0204613E+02
1.5000E+01	6	5	-1.1380971E+04	4.4107253E+02
1.5000E+01	6	6	4.2907562E+07	4.7288575E+06
1.4500E+01	1	1	1.9025651E+04	1.9317065E+03
1.4500E+01	1	2	1.4340370E+00	3.2508684E+00
1.4500E+01	1	3	-3.6597299E+00	-9.5424239E-01
1.4500E+01	1	4	-5.9758133E+01	-3.8908670E+00
1.4500E+01	1	5	-2.1434493E+05	-8.6244546E+03
1.4500E+01	1	6	-5.1448620E+01	-6.0984996E+01
1.4500E+01	2	1	-1.1079760E+00	7.2542963E-01
1.4500E+01	2	2	1.9026740E+04	1.9306941E+03
1.4500E+01	2	3	4.5891473E+00	-3.1431995E-01
1.4500E+01	2	4	2.1452811E+05	8.6240605E+03
1.4500E+01	2	5	1.4649232E+02	-2.5222485E+01
1.4500E+01	2	6	-4.9652306E+01	5.7355217E+01
1.4500E+01	3	1	-5.5790194E-01	-8.0809070E-01
1.4500E+01	3	2	-7.7016310E-01	-1.1544060E+00
1.4500E+01	3	3	3.1686490E+04	9.4142180E+01
1.4500E+01	3	4	-1.3017380E+02	1.5260589E+00
1.4500E+01	3	5	1.1566360E+02	6.5706269E+00
1.4500E+01	3	6	-1.2789410E+01	3.3399066E+01
1.4500E+01	4	1	-5.0119592E+01	-1.0976477E+00
1.4500E+01	4	2	2.1453371E+05	8.5133561E+03
1.4500E+01	4	3	-3.5596044E+01	2.4078904E+00
1.4500E+01	4	4	2.7035692E+07	1.0386072E+05
1.4500E+01	4	5	6.5894507E+03	-8.4157248E+01
1.4500E+01	4	6	-8.2732622E+02	3.7880994E+02
1.4500E+01	5	1	-2.1454860E+05	-8.5236673E+03
1.4500E+01	5	2	1.6157792E+01	-7.6083521E+01
1.4500E+01	5	3	1.7271232E+02	1.2927759E+01
1.4500E+01	5	4	5.2385083E+03	-1.0617021E+02
1.4500E+01	5	5	2.7038293E+07	1.0422359E+05
1.4500E+01	5	6	-1.1725960E+01	1.6791979E+03
1.4500E+01	6	1	4.0488003E+01	8.3615606E+00
1.4500E+01	6	2	1.9432090E+01	4.9320995E+01
1.4500E+01	6	3	-3.6908316E+01	1.3551809E+01
1.4500E+01	6	4	7.9570098E+03	3.0204613E+02
1.4500E+01	6	5	-1.1381532E+04	4.4107253E+02
1.4500E+01	6	6	4.2897624E+07	4.7288575E+06
1.4000E+01	1	1	1.9019530E+04	1.9317065E+03
1.4000E+01	1	2	1.4316580E+00	3.2508684E+00
1.4000E+01	1	3	-3.6622139E+00	-9.5424239E-01
1.4000E+01	1	4	-5.9666311E+01	-3.8908670E+00
1.4000E+01	1	5	-2.1427181E+05	-8.6244546E+03
1.4000E+01	1	6	-5.1614333E+01	-6.0984996E+01
1.4000E+01	2	1	-1.1069480E+00	7.2542963E-01
1.4000E+01	2	2	1.9020679E+04	1.9306941E+03
1.4000E+01	2	3	4.5835490E+00	-3.1431995E-01
1.4000E+01	2	4	2.1445510E+05	8.6240605E+03
1.4000E+01	2	5	1.4631450E+02	-2.5222485E+01
1.4000E+01	2	6	-5.0013308E+01	5.7355217E+01
1.4000E+01	3	1	-5.5411252E-01	-8.0809070E-01
1.4000E+01	3	2	-7.6751143E-01	-1.1544060E+00
1.4000E+01	3	3	3.1702279E+04	9.4142180E+01
1.4000E+01	3	4	-1.2981311E+02	1.5260589E+00
1.4000E+01	3	5	1.1527190E+02	6.5706269E+00
1.4000E+01	3	6	-1.2892770E+01	3.3399066E+01
1.4000E+01	4	1	-5.0121570E+01	-1.0976477E+00
1.4000E+01	4	2	2.1446071E+05	8.5133561E+03
1.4000E+01	4	3	-3.5562469E+01	2.4078904E+00
1.4000E+01	4	4	2.7034072E+07	1.0386072E+05
1.4000E+01	4	5	6.5861966E+03	-8.4157248E+01
1.4000E+01	4	6	-8.3153439E+02	3.7880994E+02
1.4000E+01	5	1	-2.1447561E+05	-8.5236673E+03
1.4000E+01	5	2	1.6107510E+01	-7.6083521E+01
1.4000E+01	5	3	1.7271473E+02	1.2927759E+01
1.4000E+01	5	4	5.2367946E+03	-1.0617021E+02
1.4000E+01	5	5	2.7036571E+07	1.0422359E+05
1.4000E+01	5	6	-1.0007181E+01	1.6791979E+03
1.4000E+01	6	1	4.0475034E+01	8.3615606E+00
1.4000E+01	6	2	1.9302043E+01	4.9320995E+01
1.4000E+01	6	3	-3.6981742E+01	1.3551809E+01
1.4000E+01	6	4	7.9619795E+03	3.0204613E+02
1.4000E+01	6	5	-1.1378941E+04	4.4107253E+02
1.4000E+01	6	6	4.2887917E+07	4.7288575E+06
1.3500E+01	1	1	1.9013540E+04	1.9317065E+03
1.3500E+01	1	2	1.4331300E+00	3.2508684E+00
1.3500E+01	1	3	-3.6589420E+00	-9.5424239E-01
1.3500E+01	1	4	-5.9640183E+01	-3.8908670E+00
1.3500E+01	1	5	-2.1420261E+05	-8.6244546E+03
1.3500E+01	1	6	-5.1311155E+01	-6.0984996E+01
1.3500E+01	2	1	-1.1051810E+00	7.2542963E-01
1.3500E+01	2	2	1.9014769E+04	1.9306941E+03
1.3500E+01	2	3	4.5861109E+00	-3.1431995E-01
1.3500E+01	2	4	2.1438542E+05	8.6240605E+03
1.3500E+01	2	5	1.4633212E+02	-2.5222485E+01
1.3500E+01	2	6	-4.9343441E+01	5.7355217E+01
1.3500E+01	3	1	-5.4927520E-01	-8.0809070E-01
1.3500E+01	3	2	-7.6493551E-01	-1.1544060E+00
1.3500E+01	3	3	3.1718072E+04	9.4142180E+01
1.3500E+01	3	4	-1.2987610E+02	1.5260589E+00
1.3500E+01	3	5	1.1514691E+02	6.5706269E+00
1.3500E+01	3	6	-1.2688600E+01	3.3399066E+01
1.3500E+01	4	1	-5.0136955E+01	-1.0976477E+00
1.3500E+01	4	2	2.1439101E+05	8.5133561E+03
1.3500E+01	4	3	-3.5627393E+01	2.4078904E+00
1.3500E+01	4	4	2.7032311E+07	1.0386072E+05
1.3500E+01	4	5	6.5878985E+03	-8.4157248E+01
1.3500E+01	4	6	-8.3151713E+02	3.7880994E+02
1.3500E+01	5	1	-2.1440699E+05	-8.5236673E+03
1.3500E+01	5	2	1.6102860E+01	-7.6083521E+01
1.3500E+01	5	3	1.7227453E+02	1.2927759E+01
1.3500E+01	5	4	5.2357171E+03	-1.0617021E+02
1.3500E+01	5	5	2.7034945E+07	1.0422359E+05
1.3500E+01	5	6	-1.4040112E+01	1.6791979E+03
1.3500E+01	6	1	4.0412824E+01	8.3615606E+00
1.3500E+01	6	2	1.9531141E+01	4.9320995E+01
1.3500E+01	6	3	-3.7058053E+01	1.3551809E+01
1.3500E+01	6	4	7.9661888E+03	3.0204613E+02
1.3500E+01	6	5	-1.1381071E+04	4.4107253E+02
1.3500E+01	6	6	4.2878762E+07	4.7288575E+06
1.3000E+01	1	1	1.9007811E+04	1.9317065E+03
1.3000E+01	1	2	1.4322370E+00	3.2508684E+00
1.3000E+01	1	3	-3.6614220E+00	-9.5424239E-01
1.3000E+01	1	4	-5.9529101E+01	-3.8908670E+00
1.3000E+01	1	5	-2.1413579E+05	-8.6244546E+03
1.3000E+01	1	6	-5.1370473E+01	-6.0984996E+01
1.3000E+01	2	1	-1.1054019E+00	7.2542963E-01
1.3000E+01	2	2	1.9008900E+04	1.9306941E+03
1.3000E+01	2	3	4.5869469E+00	-3.1431995E-01
1.3000E+01	2	4	2.1431891E+05	8.6240605E+03
1.3000E+01	2	5	1.4635921E+02	-2.5222485E+01
1.3000E+01	2	6	-4.9561936E+01	5.7355217E+01
1.3000E+01	3	1	-5.4280285E-01	-8.0809070E-01
1.3000E+01	3	2	-7.6154976E-01	-1.1544060E+00
1.3000E+01	3	3	3.1733768E+04	9.4142180E+01
1.3000E+01	3	4	-1.2950812E+02	1.5260589E+00
1.3000E+01	3	5	1.1554960E+02	6.5706269E+00
1.3000E+01	3	6	-1.2872950E+01	3.3399066E+01
1.3000E+01	4	1	-5.0135575E+01	-1.0976477E+00
1.3000E+01	4	2	2.1432540E+05	8.5133561E+03
1.3000E+01	4	3	-3.5621730E+01	2.4078904E+00
1.3000E+01	4	4	2.7030775E+07	1.0386072E+05
1.3000E+01	4	5	6.5888376E+03	-8.4157248E+01
1.3000E+01	4	6	-8.2936030E+02	3.7880994E+02
1.3000E+01	5	1	-2.1434071E+05	-8.5236673E+03
1.3000E+01	5	2	1.6146500E+01	-7.6083521E+01
1.3000E+01	5	3	1.7263742E+02	1.2927759E+01
1.3000E+01	5	4	5.2355044E+03	-1.0617021E+02
1.3000E+01	5	5	2.7033272E+07	1.0422359E+05
1.3000E+01	5	6	-1.5749501E+01	1.6791979E+03
1.3000E+01	6	1	4.0416082E+01	8.3615606E+00
1.3000E+01	6	2	1.9657832E+01	4.9320995E+01
1.3000E+01	6	3	-3.7104493E+01	1.3551809E+01
1.3000E+01	6	4	7.9585249E+03	3.0204613E+02
1.3000E+01	6	5	-1.1379211E+04	4.4107253E+02
1.3000E+01	6	6	4.2869943E+07	4.7288575E+06
1.2500E+01	1	1	1.9002199E+04	1.9317065E+03
1.2500E+01	1	2	1.4310690E+00	3.2508684E+00
1.2500E+01	1	3	-3.6587448E+00	-9.5424239E-01
1.2500E+01	1	4	-5.9531814E+01	-3.8908670E+00
1.2500E+01	1	5	-2.1407302E+05	-8.6244546E+03
1.2500E+01	1	6	-5.1438354E+01	-6.0984996E+01
1.2500E+01	2	1	-1.1066630E+00	7.2542963E-01
1.2500E+01	2	2	1.9003311E+04	1.9306941E+03
1.2500E+01	2	3	4.5859199E+00	-3.1431995E-01
1.2500E+01	2	4	2.1425602E+05	8.6240605E+03
1.2500E+01	2	5	1.4620212E+02	-2.5222485E+01
1.2500E+01	2	6	-4.9715743E+01	5.7355217E+01
1.2500E+01	3	1	-5.4008271E-01	-8.0809070E-01
1.2500E+01	3	2	-7.5815370E-01	-1.1544060E+00
1.2500E+01	3	3	3.1749350E+04	9.4142180E+01
1.2500E+01	3	4	-1.2948931E+02	1.5260589E+00
1.2500E+01	3	5	1.1507591E+02	6.5706269E+00
1.2500E+01	3	6	-1.2842390E+01	3.3399066E+01
1.2500E+01	4	1	-5.0069672E+01	-1.0976477E+00
1.2500E+01	4	2	2.1426260E+05	8.5133561E+03
1.2500E+01	4	3	-3.5507900E+01	2.4078904E+00
1.2500E+01	4	4	2.7029334E+07	1.0386072E+05
1.2500E+01	4	5	6.5837937E+03	-8.4157248E+01
1.2500E+01	4	6	-8.3434433E+02	3.7880994E+02
1.2500E+01	5	1	-2.1427810E+05	-8.5236673E+03
1.2500E+01	5	2	1.6211362E+01	-7.6083521E+01
1.2500E+01	5	3	1.7225863E+02	1.2927759E+01
1.2500E+01	5	4	5.2382244E+03	-1.0617021E+02
1.2500E+01	5	5	2.7031662E+07	1.0422359E+05
1.2500E+01	5	6	-1.3581962E+01	1.6791979E+03
1.2500E+01	6	1	4.0336402E+01	8.3615606E+00
1.2500E+01	6	2	1.8958241E+01	4.9320995E+01
1.2500E+01	6	3	-3.7151113E+01	1.3551809E+01
1.2500E+01	6	4	7.9549180E+03	3.0204613E+02
1.2500E+01	6	5	-1.1375552E+04	4.4107253E+02
1.2500E+01	6	6	4.2861363E+07	4.7288575E+06
1.2000E+01	1	1	1.8996640E+04	1.9317065E+03
1.2000E+01	1	2	1.4316260E+00	3.2508684E+00
1.2000E+01	1	3	-3.6602270E+00	-9.5424239E-01
1.2000E+01	1	4	-5.9485103E+01	-3.8908670E+00
1.2000E+01	1	5	-2.1401193E+05	-8.6244546E+03
1.2000E+01	1	6	-5.1478605E+01	-6.0984996E+01
1.2000E+01	2	1	-1.1071050E+00	7.2542963E-01
1.2000E+01	2	2	1.8997780E+04	1.9306941E+03
1.2000E+01	2	3	4.5856507E+00	-3.1431995E-01
1.2000E+01	2	4	2.1419570E+05	8.6240605E+03
1.2000E+01	2	5	1.4618852E+02	-2.5222485E+01
1.2000E+01	2	6	-5.0094474E+01	5.7355217E+01
1.2000E+01	3	1	-5.3727045E-01	-8.0809070E-01
1.2000E+01	3	2	-7.5630651E-01	-1.1544060E+00
1.2000E+01	3	3	3.1764937E+04	9.4142180E+01
1.2000E+01	3	4	-1.2926590E+02	1.5260589E+00
1.2000E+01	3	5	1.1607341E+02	6.5706269E+00
1.2000E+01	3	6	-1.2700560E+01	3.3399066E+01
1.2000E+01	4	1	-5.0096170E+01	-1.0976477E+00
1.2000E+01	4	2	2.1420251E+05	8.5133561E+03
1.2000E+01	4	3	-3.5654684E+01	2.4078904E+00
1.2000E+01	4	4	2.7027792E+07	1.0386072E+05
1.2000E+01	4	5	6.5883137E+03	-8.4157248E+01
1.2000E+01	4	6	-8.3919299E+02	3.7880994E+02
1.2000E+01	5	1	-2.1421782E+05	-8.5236673E+03
1.2000E+01	5	2	1.6154312E+01	-7.6083521E+01
1.2000E+01	5	3	1.7233831E+02	1.2927759E+01
1.2000E+01	5	4	5.2364376E+03	-1.0617021E+02
1.2000E+01	5	5	2.7030281E+07	1.0422359E+05
1.2000E+01	5	6	-1.2128122E+01	1.6791979E+03
1.2000E+01	6	1	4.0278323E+01	8.3615606E+00
1.2000E+01	6	2	1.9320151E+01	4.9320995E+01
1.2000E+01	6	3	-3.7039783E+01	1.3551809E+01
1.2000E+01	6	4	7.9563190E+03	3.0204613E+02
1.2000E+01	6	5	-1.1371460E+04	4.4107253E+02
1.2000E+01	6	6	4.2853075E+07	4.7288575E+06
1.1500E+01	1	1	1.8991301E+04	1.9317065E+03
1.1500E+01	1	2	1.4301551E+00	3.2508684E+00
1.1500E+01	1	3	-3.6581310E+00	-9.5424239E-01
1.1500E+01	1	4	-5.9394554E+01	-3.8908670E+00
1.1500E+01	1	5	-2.1395370E+05	-8.6244546E+03
1.1500E+01	1	6	-5.1390663E+01	-6.0984996E+01
1.1500E+01	2	1	-1.1074140E+00	7.2542963E-01
1.1500E+01	2	2	1.8992429E+04	1.9306941E+03
1.1500E+01	2	3	4.5892230E+00	-3.1431995E-01
1.1500E+01	2	4	2.1413782E+05	8.6240605E+03
1.1500E+01	2	5	1.4622349E+02	-2.5222485E+01
1.1500E+01	2	6	-4.9904108E+01	5.7355217E+01
1.1500E+01	3	1	-5.3119051E-01	-8.0809070E-01
1.1500E+01	3	2	-7.5529100E-01	-1.1544060E+00
1.1500E+01	3	3	3.1780320E+04	9.4142180E+01
1.1500E+01	3	4	-1.2926142E+02	1.5260589E+00
1.1500E+01	3	5	1.1567251E+02	6.5706269E+00
1.1500E+01	3	6	-1.2716651E+01	3.3399066E+01
1.1500E+01	4	1	-5.0098841E+01	-1.0976477E+00
1.1500E+01	4	2	2.1414452E+05	8.5133561E+03
1.1500E+01	4	3	-3.5489043E+01	2.4078904E+00
1.1500E+01	4	4	2.7026421E+07	1.0386072E+05
1.1500E+01	4	5	6.5846185E+03	-8.4157248E+01
1.1500E+01	4	6	-8.3144646E+02	3.7880994E+02
1.1500E+01	5	1	-2.1416022E+05	-8.5236673E+03
1.1500E+01	5	2	1.6115261E+01	-7.6083521E+01
1.1500E+01	5	3	1.7285212E+02	1.2927759E+01
1.1500E+01	5	4	5.2359307E+03	-1.0617021E+02
1.1500E+01	5	5	2.7028753E+07	1.0422359E+05
1.1500E+01	5	6	-1.1017991E+01	1.6791979E+03
1.1500E+01	6	1	4.0417355E+01	8.3615606E+00
1.1500E+01	6	2	1.9563542E+01	4.9320995E+01
1.1500E+01	6	3	-3.7061829E+01	1.3551809E+01
1.1500E+01	6	4	7.9574020E+03	3.0204613E+02
1.1500E+01	6	5	-1.1370111E+04	4.4107253E+02
1.1500E+01	6	6	4.2845371E+07	4.7288575E+06
1.1000E+01	1	1	1.8986070E+04	1.9317065E+03
1.1000E+01	1	2	1.4289450E+00	3.2508684E+00
1.1000E+01	1	3	-3.6594967E+00	-9.5424239E-01
1.1000E+01	1	4	-5.9598144E+01	-3.8908670E+00
1.1000E+01	1	5	-2.1389802E+05	-8.6244546E+03
1.1000E+01	1	6	-5.1338083E+01	-6.0984996E+01
1.1000E+01	2	1	-1.1055410E+00	7.2542963E-01
1.1000E+01	2	2	1.8987200E+04	1.9306941E+03
1.1000E+01	2	3	4.5873700E+00	-3.1431995E-01
1.1000E+01	2	4	2.1408192E+05	8.6240605E+03
1.1000E+01	2	5	1.4598002E+02	-2.5222485E+01
1.1000E+01	2	6	-4.9766772E+01	5.7355217E+01
1.1000E+01	3	1	-5.2216011E-01	-8.0809070E-01
1.1000E+01	3	2	-7.5227896E-01	-1.1544060E+00
1.1000E+01	3	3	3.1795789E+04	9.4142180E+01
1.1000E+01	3	4	-1.2911579E+02	1.5260589E+00
1.1000E+01	3	5	1.1445910E+02	6.5706269E+00
1.1000E+01	3	6	-1.2679341E+01	3.3399066E+01
1.1000E+01	4	1	-5.0070690E+01	-1.0976477E+00
1.1000E+01	4	2	2.1408952E+05	8.5133561E+03
1.1000E+01	4	3	-3.5487835E+01	2.4078904E+00
1.1000E+01	4	4	2.7025022E+07	1.0386072E+05
1.1000E+01	4	5	6.5825644E+03	-8.4157248E+01
1.1000E+01	4	6	-8.3233232E+02	3.7880994E+02
1.1000E+01	5	1	-2.1410491E+05	-8.5236673E+03
1.1000E+01	5	2	1.6131452E+01	-7.6083521E+01
1.1000E+01	5	3	1.7234142E+02	1.2927759E+01
1.1000E+01	5	4	5.2345966E+03	-1.0617021E+02
1.1000E+01	5	5	2.7027472E+07	1.0422359E+05
1.1000E+01	5	6	-1.0635771E+01	1.6791979E+03
1.1000E+01	6	1	4.0456364E+01	8.3615606E+00
1.1000E+01	6	2	1.9724842E+01	4.9320995E+01
1.1000E+01	6	3	-3.6957313E+01	1.3551809E+01
1.1000E+01	6	4	7.9560678E+03	3.0204613E+02
1.1000E+01	6	5	-1.1371441E+04	4.4107253E+02
1.1000E+01	6	6	4.2837650E+07	4.7288575E+06
1.0500E+01	1	1	1.8981040E+04	1.9317065E+03
1.0500E+01	1	2	1.4282000E+00	3.2508684E+00
1.0500E+01	1	3	-3.6574950E+00	-9.5424239E-01
1.0500E+01	1	4	-5.9486940E+01	-3.8908670E+00
1.0500E+01	1	5	-2.1384571E+05	-8.6244546E+03
1.0500E+01	1	6	-5.1206444E+01	-6.0984996E+01
1.0500E+01	2	1	-1.1062920E+00	7.2542963E-01
1.0500E+01	2	2	1.8982131E+04	1.9306941E+03
1.0500E+01	2	3	4.5858989E+00	-3.1431995E-01
1.0500E+01	2	4	2.1402880E+05	8.6240605E+03
1.0500E+01	2	5	1.4608212E+02	-2.5222485E+01
1.0500E+01	2	6	-4.9960404E+01	5.7355217E+01
1.0500E+01	3	1	-5.2179688E-01	-8.0809070E-01
1.0500E+01	3	2	-7.4939263E-01	-1.1544060E+00
1.0500E+01	3	3	3.1811100E+04	9.4142180E+01
1.0500E+01	3	4	-1.2894750E+02	1.5260589E+00
1.0500E+01	3	5	1.1526351E+02	6.5706269E+00
1.0500E+01	3	6	-1.2766451E+01	3.3399066E+01
1.0500E+01	4	1	-5.0105484E+01	-1.0976477E+00
1.0500E+01	4	2	2.1403709E+05	8.5133561E+03
1.0500E+01	4	3	-3.5497218E+01	2.4078904E+00
1.0500E+01	4	4	2.7023732E+07	1.0386072E+05
1.0500E+01	4	5	6.5805512E+03	-8.4157248E+01
1.0500E+01	4	6	-8.3018878E+02	3.7880994E+02
1.0500E+01	5	1	-2.1405240E+05	-8.5236673E+03
1.0500E+01	5	2	1.6172340E+01	-7.6083521E+01
1.0500E+01	5	3	1.7273601E+02	1.2927759E+01
1.0500E+01	5	4	5.2321771E+03	-1.0617021E+02
1.0500E+01	5	5	2.7026291E+07	1.0422359E+05
1.0500E+01	5	6	-1.2285012E+01	1.6791979E+03
1.0500E+01	6	1	4.0411063E+01	8.3615606E+00
1.0500E+01	6	2	1.9527902E+01	4.9320995E+01
1.0500E+01	6	3	-3.7078392E+01	1.3551809E+01
1.0500E+01	6	4	7.9523254E+03	3.0204613E+02
1.0500E+01	6	5	-1.1372552E+04	4.4107253E+02
1.0500E+01	6	6	4.2830306E+07	4.7288575E+06
1.0000E+01	1	1	1.8976090E+04	1.9317065E+03
1.0000E+01	1	2	1.4277001E+00	3.2508684E+00
1.0000E+01	1	3	-3.6573902E+00	-9.5424239E-01
1.0000E+01	1	4	-5.9440968E+01	-3.8908670E+00
1.0000E+01	1	5	-2.1379431E+05	-8.6244546E+03
1.0000E+01	1	6	-5.1144150E+01	-6.0984996E+01
1.0000E+01	2	1	-1.1069769E+00	7.2542963E-01
1.0000E+01	2	2	1.8977190E+04	1.9306941E+03
1.0000E+01	2	3	4.5842049E+00	-3.1431995E-01
1.0000E+01	2	4	2.1397880E+05	8.6240605E+03
1.0000E+01	2	5	1.4597380E+02	-2.5222485E+01
1.0000E+01	2	6	-4.9471334E+01	5.7355217E+01
1.0000E+01	3	1	-5.1690852E-01	-8.0809070E-01
1.0000E+01	3	2	-7.4431599E-01	-1.1544060E+00
1.0000E+01	3	3	3.1826359E+04	9.4142180E+01
1.0000E+01	3	4	-1.2876162E+02	1.5260589E+00
1.0000E+01	3	5	1.1432591E+02	6.5706269E+00
1.0000E+01	3	6	-1.2600671E+01	3.3399066E+01
1.0000E+01	4	1	-5.0075560E+01	-1.0976477E+00
1.0000E+01	4	2	2.1398631E+05	8.5133561E+03
1.0000E+01	4	3	-3.5448312E+01	2.4078904E+00
1.0000E+01	4	4	2.7022595E+07	1.0386072E+05
1.0000E+01	4	5	6.5796976E+03	-8.4157248E+01
1.0000E+01	4	6	-8.3512104E+02	3.7880994E+02
1.0000E+01	5	1	-2.1400209E+05	-8.5236673E+03
1.0000E+01	5	2	1.6126791E+01	-7.6083521E+01
1.0000E+01	5	3	1.7281881E+02	1.2927759E+01
1.0000E+01	5	4	5.2340512E+03	-1.0617021E+02
1.0000E+01	5	5	2.7025022E+07	1.0422359E+05
1.0000E+01	5	6	-1.0924092E+01	1.6791979E+03
1.0000E+01	6	1	4.0242374E+01	8.3615606E+00
1.0000E+01	6	2	1.9551252E+01	4.9320995E+01
1.0000E+01	6	3	-3.7068182E+01	1.3551809E+01
1.0000E+01	6	4	7.9604995E+03	3.0204613E+02
1.0000E+01	6	5	-1.1371861E+04	4.4107253E+02
1.0000E+01	6	6	4.2823236E+07	4.7288575E+06
9.5000E+00	1	1	1.8971301E+04	1.9317065E+03
9.5000E+00	1	2	1.4286170E+00	3.2508684E+00
9.5000E+00	1	3	-3.6548788E+00	-9.5424239E-01
9.5000E+00	1	4	-5.9400945E+01	-3.8908670E+00
9.5000E+00	1	5	-2.1374679E+05	-8.6244546E+03
9.5000E+00	1	6	-5.1405903E+01	-6.0984996E+01
9.5000E+00	2	1	-1.1054990E+00	7.2542963E-01
9.5000E+00	2	2	1.8972289E+04	1.9306941E+03
9.5000E+00	2	3	4.5824252E+00	-3.1431995E-01
9.5000E+00	2	4	2.1393002E+05	8.6240605E+03
9.5000E+00	2	5	1.4587063E+02	-2.5222485E+01
9.5000E+00	2	6	-4.9693982E+01	5.7355217E+01
9.5000E+00	3	1	-5.0828000E-01	-8.0809070E-01
9.5000E+00	3	2	-7.4388338E-01	-1.1544060E+00
9.5000E+00	3	3	3.1841461E+04	9.4142180E+01
9.5000E+00	3	4	-1.2845480E+02	1.5260589E+00
9.5000E+00	3	5	1.1528231E+02	6.5706269E+00
9.5000E+00	3	6	-1.2663961E+01	3.3399066E+01
9.5000E+00	4	1	-5.0103552E+01	-1.0976477E+00
9.5000E+00	4	2	2.1393781E+05	8.5133561E+03
9.5000E+00	4	3	-3.5563232E+01	2.4078904E+00
9.5000E+00	4	4	2.7021322E+07	1.0386072E+05
9.5000E+00	4	5	6.5838180E+03	-8.4157248E+01
9.5000E+00	4	6	-8.2997531E+02	3.7880994E+02
9.5000E+00	5	1	-2.1395361E+05	-8.5236673E+03
9.5000E+00	5	2	1.6183571E+01	-7.6083521E+01
9.5000E+00	5	3	1.7302261E+02	1.2927759E+01
9.5000E+00	5	4	5.2302502E+03	-1.0617021E+02
9.5000E+00	5	5	2.7023802E+07	1.0422359E+05
9.5000E+00	5	6	-1.3979401E+01	1.6791979E+03
9.5000E+00	6	1	4.0144524E+01	8.3615606E+00
9.5000E+00	6	2	1.9394042E+01	4.9320995E+01
9.5000E+00	6	3	-3.6997763E+01	1.3551809E+01
9.5000E+00	6	4	7.9559210E+03	3.0204613E+02
9.5000E+00	6	5	-1.1362172E+04	4.4107253E+02
9.5000E+00	6	6	4.2816503E+07	4.7288575E+06
9.0000E+00	1	1	1.8966580E+04	1.9317065E+03
9.0000E+00	1	2	1.4273620E+00	3.2508684E+00
9.0000E+00	1	3	-3.6549162E+00	-9.5424239E-01
9.0000E+00	1	4	-5.9410922E+01	-3.8908670E+00
9.0000E+00	1	5	-2.1370021E+05	-8.6244546E+03
9.0000E+00	1	6	-5.1230389E+01	-6.0984996E+01
9.0000E+00	2	1	-1.1045981E+00	7.2542963E-01
9.0000E+00	2	2	1.8967641E+04	1.9306941E+03
9.0000E+00	2	3	4.5817892E+00	-3.1431995E-01
9.0000E+00	2	4	2.1388293E+05	8.6240605E+03
9.0000E+00	2	5	1.4589050E+02	-2.5222485E+01
9.0000E+00	2	6	-4.9800640E+01	5.7355217E+01
9.0000E+00	3	1	-5.0674400E-01	-8.0809070E-01
9.0000E+00	3	2	-7.4009289E-01	-1.1544060E+00
9.0000E+00	3	3	3.1856449E+04	9.4142180E+01
9.0000E+00	3	4	-1.2861861E+02	1.5260589E+00
9.0000E+00	3	5	1.1471931E+02	6.5706269E+00
9.0000E+00	3	6	-1.2670359E+01	3.3399066E+01
9.0000E+00	4	1	-5.0054615E+01	-1.0976477E+00
9.0000E+00	4	2	2.1389142E+05	8.5133561E+03
9.0000E+00	4	3	-3.5560884E+01	2.4078904E+00
9.0000E+00	4	4	2.7020163E+07	1.0386072E+05
9.0000E+00	4	5	6.5813376E+03	-8.4157248E+01
9.0000E+00	4	6	-8.3286195E+02	3.7880994E+02
9.0000E+00	5	1	-2.1390770E+05	-8.5236673E+03
9.0000E+00	5	2	1.6197670E+01	-7.6083521E+01
9.0000E+00	5	3	1.7285771E+02	1.2927759E+01
9.0000E+00	5	4	5.2312141E+03	-1.0617021E+02
9.0000E+00	5	5	2.7022725E+07	1.0422359E+05
9.0000E+00	5	6	-9.2156536E+00	1.6791979E+03
9.0000E+00	6	1	4.0174604E+01	8.3615606E+00
9.0000E+00	6	2	1.9372483E+01	4.9320995E+01
9.0000E+00	6	3	-3.7046624E+01	1.3551809E+01
9.0000E+00	6	4	7.9498571E+03	3.0204613E+02
9.0000E+00	6	5	-1.1370241E+04	4.4107253E+02
9.0000E+00	6	6	4.2809945E+07	4.7288575E+06
8.5000E+00	1	1	1.8962020E+04	1.9317065E+03
8.5000E+00	1	2	1.4268561E+00	3.2508684E+00
8.5000E+00	1	3	-3.6555719E+00	-9.5424239E-01
8.5000E+00	1	4	-5.9395972E+01	-3.8908670E+00
8.5000E+00	1	5	-2.1365501E+05	-8.6244546E+03
8.5000E+00	1	6	-5.1315286E+01	-6.0984996E+01
8.5000E+00	2	1	-1.1013729E+00	7.2542963E-01
8.5000E+00	2	2	1.8963100E+04	1.9306941E+03
8.5000E+00	2	3	4.5813710E+00	-3.1431995E-01
8.5000E+00	2	4	2.1383872E+05	8.6240605E+03
8.5000E+00	2	5	1.4588241E+02	-2.5222485E+01
8.5000E+00	2	6	-5.0174646E+01	5.7355217E+01
8.5000E+00	3	1	-5.0343387E-01	-8.0809070E-01
8.5000E+00	3	2	-7.3701386E-01	-1.1544060E+00
8.5000E+00	3	3	3.1871370E+04	9.4142180E+01
8.5000E+00	3	4	-1.2848050E+02	1.5260589E+00
8.5000E+00	3	5	1.1515071E+02	6.5706269E+00
8.5000E+00	3	6	-1.2632891E+01	3.3399066E+01
8.5000E+00	4	1	-5.0043563E+01	-1.0976477E+00
8.5000E+00	4	2	2.1384780E+05	8.5133561E+03
8.5000E+00	4	3	-3.5580392E+01	2.4078904E+00
8.5000E+00	4	4	2.7019022E+07	1.0386072E+05
8.5000E+00	4	5	6.5786473E+03	-8.4157248E+01
8.5000E+00	4	6	-8.3544915E+02	3.7880994E+02
8.5000E+00	5	1	-2.1386360E+05	-8.5236673E+03
8.5000E+00	5	2	1.6199939E+01	-7.6083521E+01
8.5000E+00	5	3	1.7263901E+02	1.2927759E+01
8.5000E+00	5	4	5.2305473E+03	-1.0617021E+02
8.5000E+00	5	5	2.7021592E+07	1.0422359E+05
8.5000E+00	5	6	-1.4409381E+01	1.6791979E+03
8.5000E+00	6	1	4.0249828E+01	8.3615606E+00
8.5000E+00	6	2	1.9584470E+01	4.9320995E+01
8.5000E+00	6	3	-3.6993388E+01	1.3551809E+01
8.5000E+00	6	4	7.9532620E+03	3.0204613E+02
8.5000E+00	6	5	-1.1369180E+04	4.4107253E+02
8.5000E+00	6	6	4.2803544E+07	4.7288575E+06
8.0000E+00	1	1	1.8957510E+04	1.9317065E+03
8.0000E+00	1	2	1.4257230E+00	3.2508684E+00
8.0000E+00	1	3	-3.6577110E+00	-9.5424239E-01
8.0000E+00	1	4	-5.9401925E+01	-3.8908670E+00
8.0000E+00	1	5	-2.1361292E+05	-8.6244546E+03
8.0000E+00	1	6	-5.1498834E+01	-6.0984996E+01
8.0000E+00	2	1	-1.1018300E+00	7.2542963E-01
8.0000E+00	2	2	1.8958669E+04	1.9306941E+03
8.0000E+00	2	3	4.5826048E+00	-3.1431995E-01
8.0000E+00	2	4	2.1379592E+05	8.6240605E+03
8.0000E+00	2	5	1.4586381E+02	-2.5222485E+01
8.0000E+00	2	6	-4.9729200E+01	5.7355217E+01
8.0000E+00	3	1	-5.0325237E-01	-8.0809070E-01
8.0000E+00	3	2	-7.3419320E-01	-1.1544060E+00
8.0000E+00	3	3	3.1886279E+04	9.4142180E+01
8.0000E+00	3	4	-1.2840460E+02	1.5260589E+00
8.0000E+00	3	5	1.1456001E+02	6.5706269E+00
8.0000E+00	3	6	-1.2420501E+01	3.3399066E+01
8.0000E+00	4	1	-5.0151475E+01	-1.0976477E+00
8.0000E+00	4	2	2.1380492E+05	8.5133561E+03
8.0000E+00	4	3	-3.5596330E+01	2.4078904E+00
8.0000E+00	4	4	2.7017861E+07	1.0386072E+05
8.0000E+00	4	5	6.5816576E+03	-8.4157248E+01
8.0000E+00	4	6	-8.3730476E+02	3.7880994E+02
8.0000E+00	5	1	-2.1382082E+05	-8.5236673E+03
8.0000E+00	5	2	1.6190011E+01	-7.6083521E+01
8.0000E+00	5	3	1.7281489E+02	1.2927759E+01
8.0000E+00	5	4	5.2327405E+03	-1.0617021E+02
8.0000E+00	5	5	2.7020403E+07	1.0422359E+05
8.0000E+00	5	6	-1.0519790E+01	1.6791979E+03
8.0000E+00	6	1	4.0228937E+01	8.3615606E+00
8.0000E+00	6	2	1.9350259E+01	4.9320995E+01
8.0000E+00	6	3	-3.6909672E+01	1.3551809E+01
8.0000E+00	6	4	7.9558307E+03	3.0204613E+02
8.0000E+00	6	5	-1.1366561E+04	4.4107253E+02
8.0000E+00	6	6	4.2797565E+07	4.7288575E+06
7.5000E+00	1	1	1.8953190E+04	1.9317065E+03
7.5000E+00	1	2	1.4269069E+00	3.2508684E+00
7.5000E+00	1	3	-3.6545579E+00	-9.5424239E-01
7.5000E+00	1	4	-5.9256894E+01	-3.8908670E+00
7.5000E+00	1	5	-2.1357140E+05	-8.6244546E+03
7.5000E+00	1	6	-5.1471235E+01	-6.0984996E+01
7.5000E+00	2	1	-1.1052720E+00	7.2542963E-01
7.5000E+00	2	2	1.8954279E+04	1.9306941E+03
7.5000E+00	2	3	4.5858832E+00	-3.1431995E-01
7.5000E+00	2	4	2.1375451E+05	8.6240605E+03
7.5000E+00	2	5	1.4585372E+02	-2.5222485E+01
7.5000E+00	2	6	-4.9908925E+01	5.7355217E+01
7.5000E+00	3	1	-4.9308921E-01	-8.0809070E-01
7.5000E+00	3	2	-7.3116979E-01	-1.1544060E+00
7.5000E+00	3	3	3.1901028E+04	9.4142180E+01
7.5000E+00	3	4	-1.2834070E+02	1.5260589E+00
7.5000E+00	3	5	1.1401990E+02	6.5706269E+00
7.5000E+00	3	6	-1.2398471E+01	3.3399066E+01
7.5000E+00	4	1	-5.0043750E+01	-1.0976477E+00
7.5000E+00	4	2	2.1376390E+05	8.5133561E+03
7.5000E+00	4	3	-3.5598678E+01	2.4078904E+00
7.5000E+00	4	4	2.7016904E+07	1.0386072E+05
7.5000E+00	4	5	6.5788990E+03	-8.4157248E+01
7.5000E+00	4	6	-8.3189152E+02	3.7880994E+02
7.5000E+00	5	1	-2.1377979E+05	-8.5236673E+03
7.5000E+00	5	2	1.6226313E+01	-7.6083521E+01
7.5000E+00	5	3	1.7286640E+02	1.2927759E+01
7.5000E+00	5	4	5.2316941E+03	-1.0617021E+02
7.5000E+00	5	5	2.7019412E+07	1.0422359E+05
7.5000E+00	5	6	-1.5866703E+01	1.6791979E+03
7.5000E+00	6	1	4.0287275E+01	8.3615606E+00
7.5000E+00	6	2	1.9685532E+01	4.9320995E+01
7.5000E+00	6	3	-3.7077222E+01	1.3551809E+01
7.5000E+00	6	4	7.9510093E+03	3.0204613E+02
7.5000E+00	6	5	-1.1368161E+04	4.4107253E+02
7.5000E+00	6	6	4.2791663E+07	4.7288575E+06
7.0000E+00	1	1	1.8948919E+04	1.9317065E+03
7.0000E+00	1	2	1.4246401E+00	3.2508684E+00
7.0000E+00	1	3	-3.6557498E+00	-9.5424239E-01
7.0000E+00	1	4	-5.9412854E+01	-3.8908670E+00
7.0000E+00	1	5	-2.1353182E+05	-8.6244546E+03
7.0000E+00	1	6	-5.1442790E+01	-6.0984996E+01
7.0000E+00	2	1	-1.1017540E+00	7.2542963E-01
7.0000E+00	2	2	1.8950020E+04	1.9306941E+03
7.0000E+00	2	3	4.5845508E+00	-3.1431995E-01
7.0000E+00	2	4	2.1371542E+05	8.6240605E+03
7.0000E+00	2	5	1.4579212E+02	-2.5222485E+01
7.0000E+00	2	6	-4.9614413E+01	5.7355217E+01
7.0000E+00	3	1	-4.9069139E-01	-8.0809070E-01
7.0000E+00	3	2	-7.2762540E-01	-1.1544060E+00
7.0000E+00	3	3	3.1915660E+04	9.4142180E+01
7.0000E+00	3	4	-1.2815941E+02	1.5260589E+00
7.0000E+00	3	5	1.1438271E+02	6.5706269E+00
7.0000E+00	3	6	-1.2462321E+01	3.3399066E+01
7.0000E+00	4	1	-5.0069451E+01	-1.0976477E+00
7.0000E+00	4	2	2.1372472E+05	8.5133561E+03
7.0000E+00	4	3	-3.5568582E+01	2.4078904E+00
7.0000E+00	4	4	2.7015853E+07	1.0386072E+05
7.0000E+00	4	5	6.5816600E+03	-8.4157248E+01
7.0000E+00	4	6	-8.3280774E+02	3.7880994E+02
7.0000E+00	5	1	-2.1374010E+05	-8.5236673E+03
7.0000E+00	5	2	1.6197151E+01	-7.6083521E+01
7.0000E+00	5	3	1.7237041E+02	1.2927759E+01
7.0000E+00	5	4	5.2348878E+03	-1.0617021E+02
7.0000E+00	5	5	2.7018453E+07	1.0422359E+05
7.0000E+00	5	6	-1.1811181E+01	1.6791979E+03
7.0000E+00	6	1	4.0238620E+01	8.3615606E+00
7.0000E+00	6	2	1.9645532E+01	4.9320995E+01
7.0000E+00	6	3	-3.7002325E+01	1.3551809E+01
7.0000E+00	6	4	7.9534459E+03	3.0204613E+02
7.0000E+00	6	5	-1.1367100E+04	4.4107253E+02
7.0000E+00	6	6	4.2785933E+07	4.7288575E+06
6.5000E+00	1	1	1.8944859E+04	1.9317065E+03
6.5000E+00	1	2	1.4267790E+00	3.2508684E+00
6.5000E+00	1	3	-3.6530721E+00	-9.5424239E-01
6.5000E+00	1	4	-5.9448110E+01	-3.8908670E+00
6.5000E+00	1	5	-2.1349451E+05	-8.6244546E+03
6.5000E+00	1	6	-5.1101654E+01	-6.0984996E+01
6.5000E+00	2	1	-1.1017429E+00	7.2542963E-01
6.5000E+00	2	2	1.8945920E+04	1.9306941E+03
6.5000E+00	2	3	4.5841730E+00	-3.1431995E-01
6.5000E+00	2	4	2.1367750E+05	8.6240605E+03
6.5000E+00	2	5	1.4568300E+02	-2.5222485E+01
6.5000E+00	2	6	-4.9697123E+01	5.7355217E+01
6.5000E+00	3	1	-4.8640199E-01	-8.0809070E-01
6.5000E+00	3	2	-7.2286585E-01	-1.1544060E+00
6.5000E+00	3	3	3.1930160E+04	9.4142180E+01
6.5000E+00	3	4	-1.2804043E+02	1.5260589E+00
6.5000E+00	3	5	1.1501870E+02	6.5706269E+00
6.5000E+00	3	6	-1.2392939E+01	3.3399066E+01
6.5000E+00	4	1	-5.0037892E+01	-1.0976477E+00
6.5000E+00	4	2	2.1368692E+05	8.5133561E+03
6.5000E+00	4	3	-3.5623213E+01	2.4078904E+00
6.5000E+00	4	4	2.7014952E+07	1.0386072E+05
6.5000E+00	4	5	6.5786844E+03	-8.4157248E+01
6.5000E+00	4	6	-8.3333305E+02	3.7880994E+02
6.5000E+00	5	1	-2.1370220E+05	-8.5236673E+03
6.5000E+00	5	2	1.6166521E+01	-7.6083521E+01
6.5000E+00	5	3	1.7234489E+02	1.2927759E+01
6.5000E+00	5	4	5.2303268E+03	-1.0617021E+02
6.5000E+00	5	5	2.7017364E+07	1.0422359E+05
6.5000E+00	5	6	-1.5400892E+01	1.6791979E+03
6.5000E+00	6	1	4.0096456E+01	8.3615606E+00
6.5000E+00	6	2	1.9716780E+01	4.9320995E+01
6.5000E+00	6	3	-3.7062702E+01	1.3551809E+01
6.5000E+00	6	4	7.9544454E+03	3.0204613E+02
6.5000E+00	6	5	-1.1366322E+04	4.4107253E+02
6.5000E+00	6	6	4.2780442E+07	4.7288575E+06
6.0000E+00	1	1	1.8940779E+04	1.9317065E+03
6.0000E+00	1	2	1.4265259E+00	3.2508684E+00
6.0000E+00	1	3	-3.6528101E+00	-9.5424239E-01
6.0000E+00	1	4	-5.9335465E+01	-3.8908670E+00
6.0000E+00	1	5	-2.1345829E+05	-8.6244546E+03
6.0000E+00	1	6	-5.1216502E+01	-6.0984996E+01
6.0000E+00	2	1	-1.1025949E+00	7.2542963E-01
6.0000E+00	2	2	1.8941860E+04	1.9306941E+03
6.0000E+00	2	3	4.5814391E+00	-3.1431995E-01
6.0000E+00	2	4	2.1364051E+05	8.6240605E+03
6.0000E+00	2	5	1.4569239E+02	-2.5222485E+01
6.0000E+00	2	6	-5.0145911E+01	5.7355217E+01
6.0000E+00	3	1	-4.8361027E-01	-8.0809070E-01
6.0000E+00	3	2	-7.2141649E-01	-1.1544060E+00
6.0000E+00	3	3	3.1944630E+04	9.4142180E+01
6.0000E+00	3	4	-1.2779311E+02	1.5260589E+00
6.0000E+00	3	5	1.1485141E+02	6.5706269E+00
6.0000E+00	3	6	-1.2454450E+01	3.3399066E+01
6.0000E+00	4	1	-5.0098285E+01	-1.0976477E+00
6.0000E+00	4	2	2.1365101E+05	8.5133561E+03
6.0000E+00	4	3	-3.5631147E+01	2.4078904E+00
6.0000E+00	4	4	2.7014111E+07	1.0386072E+05
6.0000E+00	4	5	6.5773434E+03	-8.4157248E+01
6.0000E+00	4	6	-8.3395573E+02	3.7880994E+02
6.0000E+00	5	1	-2.1366701E+05	-8.5236673E+03
6.0000E+00	5	2	1.6202982E+01	-7.6083521E+01
6.0000E+00	5	3	1.7301142E+02	1.2927759E+01
6.0000E+00	5	4	5.2328156E+03	-1.0617021E+02
6.0000E+00	5	5	2.7016523E+07	1.0422359E+05
6.0000E+00	5	6	-1.5364461E+01	1.6791979E+03
6.0000E+00	6	1	4.0177542E+01	8.3615606E+00
6.0000E+00	6	2	1.9473902E+01	4.9320995E+01
6.0000E+00	6	3	-3.6985221E+01	1.3551809E+01
6.0000E+00	6	4	7.9497902E+03	3.0204613E+02
6.0000E+00	6	5	-1.1363041E+04	4.4107253E+02
6.0000E+00	6	6	4.2775076E+07	4.7288575E+06
5.5000E+00	1	1	1.8936829E+04	1.9317065E+03
5.5000E+00	1	2	1.4246079E+00	3.2508684E+00
5.5000E+00	1	3	-3.6519519E+00	-9.5424239E-01
5.5000E+00	1	4	-5.9371178E+01	-3.8908670E+00
5.5000E+00	1	5	-2.1342261E+05	-8.6244546E+03
5.5000E+00	1	6	-5.1262302E+01	-6.0984996E+01
5.5000E+00	2	1	-1.1004041E+00	7.2542963E-01
5.5000E+00	2	2	1.8937971E+04	1.9306941E+03
5.5000E+00	2	3	4.5816978E+00	-3.1431995E-01
5.5000E+00	2	4	2.1360531E+05	8.6240605E+03
5.5000E+00	2	5	1.4565410E+02	-2.5222485E+01
5.5000E+00	2	6	-4.9806120E+01	5.7355217E+01
5.5000E+00	3	1	-4.8040372E-01	-8.0809070E-01
5.5000E+00	3	2	-7.1821277E-01	-1.1544060E+00
5.5000E+00	3	3	3.1958878E+04	9.4142180E+01
5.5000E+00	3	4	-1.2768431E+02	1.5260589E+00
5.5000E+00	3	5	1.1427390E+02	6.5706269E+00
5.5000E+00	3	6	-1.2351980E+01	3.3399066E+01
5.5000E+00	4	1	-5.0005579E+01	-1.0976477E+00
5.5000E+00	4	2	2.1361650E+05	8.5133561E+03
5.5000E+00	4	3	-3.5579543E+01	2.4078904E+00
5.5000E+00	4	4	2.7013072E+07	1.0386072E+05
5.5000E+00	4	5	6.5764595E+03	-8.4157248E+01
5.5000E+00	4	6	-8.3209469E+02	3.7880994E+02
5.5000E+00	5	1	-2.1363220E+05	-8.5236673E+03
5.5000E+00	5	2	1.6212860E+01	-7.6083521E+01
5.5000E+00	5	3	1.7286412E+02	1.2927759E+01
5.5000E+00	5	4	5.2349356E+03	-1.0617021E+02
5.5000E+00	5	5	2.7015602E+07	1.0422359E+05
5.5000E+00	5	6	-1.4740551E+01	1.6791979E+03
5.5000E+00	6	1	4.0149737E+01	8.3615606E+00
5.5000E+00	6	2	1.9202521E+01	4.9320995E+01
5.5000E+00	6	3	-3.7054790E+01	1.3551809E+01
5.5000E+00	6	4	7.9504112E+03	3.0204613E+02
5.5000E+00	6	5	-1.1362270E+04	4.4107253E+02
5.5000E+00	6	6	4.2769877E+07	4.7288575E+06
5.0000E+00	1	1	1.8933011E+04	1.9317065E+03
5.0000E+00	1	2	1.4256040E+00	3.2508684E+00
5.0000E+00	1	3	-3.6491530E+00	-9.5424239E-01
5.0000E+00	1	4	-5.9255053E+01	-3.8908670E+00
5.0000E+00	1	5	-2.1338832E+05	-8.6244546E+03
5.0000E+00	1	6	-5.1351543E+01	-6.0984996E+01
5.0000E+00	2	1	-1.1021860E+00	7.2542963E-01
5.0000E+00	2	2	1.8934109E+04	1.9306941E+03
5.0000E+00	2	3	4.5799424E+00	-3.1431995E-01
5.0000E+00	2	4	2.1357201E+05	8.6240605E+03
5.0000E+00	2	5	1.4560340E+02	-2.5222485E+01
5.0000E+00	2	6	-4.9888163E+01	5.7355217E+01
5.0000E+00	3	1	-4.7692868E-01	-8.0809070E-01
5.0000E+00	3	2	-7.1748880E-01	-1.1544060E+00
5.0000E+00	3	3	3.1973102E+04	9.4142180E+01
5.0000E+00	3	4	-1.2765501E+02	1.5260589E+00
5.0000E+00	3	5	1.1444160E+02	6.5706269E+00
5.0000E+00	3	6	-1.2423701E+01	3.3399066E+01
5.0000E+00	4	1	-5.0006894E+01	-1.0976477E+00
5.0000E+00	4	2	2.1358241E+05	8.5133561E+03
5.0000E+00	4	3	-3.5466162E+01	2.4078904E+00
5.0000E+00	4	4	2.7012195E+07	1.0386072E+05
5.0000E+00	4	5	6.5732610E+03	-8.4157248E+01
5.0000E+00	4	6	-8.3667982E+02	3.7880994E+02
5.0000E+00	5	1	-2.1359742E+05	-8.5236673E+03
5.0000E+00	5	2	1.6225654E+01	-7.6083521E+01
5.0000E+00	5	3	1.7280181E+02	1.2927759E+01
5.0000E+00	5	4	5.2348337E+03	-1.0617021E+02
5.0000E+00	5	5	2.7014762E+07	1.0422359E+05
5.0000E+00	5	6	-1.6025252E+01	1.6791979E+03
5.0000E+00	6	1	4.0206174E+01	8.3615606E+00
5.0000E+00	6	2	1.9330312E+01	4.9320995E+01
5.0000E+00	6	3	-3.7043929E+01	1.3551809E+01
5.0000E+00	6	4	7.9489229E+03	3.0204613E+02
5.0000E+00	6	5	-1.1361281E+04	4.4107253E+02
5.0000E+00	6	6	4.2764925E+07	4.7288575E+06
4.5000E+00	1	1	1.8929231E+04	1.9317065E+03
4.5000E+00	1	2	1.4254990E+00	3.2508684E+00
4.5000E+00	1	3	-3.6496530E+00	-9.5424239E-01
4.5000E+00	1	4	-5.9234737E+01	-3.8908670E+00
4.5000E+00	1	5	-2.1335580E+05	-8.6244546E+03
4.5000E+00	1	6	-5.1107077E+01	-6.0984996E+01
4.5000E+00	2	1	-1.0987330E+00	7.2542963E-01
4.5000E+00	2	2	1.8930310E+04	1.9306941E+03
4.5000E+00	2	3	4.5809380E+00	-3.1431995E-01
4.5000E+00	2	4	2.1353911E+05	8.6240605E+03
4.5000E+00	2	5	1.4564451E+02	-2.5222485E+01
4.5000E+00	2	6	-4.9873205E+01	5.7355217E+01
4.5000E+00	3	1	-4.7253760E-01	-8.0809070E-01
4.5000E+00	3	2	-7.1698248E-01	-1.1544060E+00
4.5000E+00	3	3	3.1987153E+04	9.4142180E+01
4.5000E+00	3	4	-1.2751070E+02	1.5260589E+00
4.5000E+00	3	5	1.1496681E+02	6.5706269E+00
4.5000E+00	3	6	-1.2365540E+01	3.3399066E+01
4.5000E+00	4	1	-5.0027504E+01	-1.0976477E+00
4.5000E+00	4	2	2.1355042E+05	8.5133561E+03
4.5000E+00	4	3	-3.5535225E+01	2.4078904E+00
4.5000E+00	4	4	2.7011312E+07	1.0386072E+05
4.5000E+00	4	5	6.5756737E+03	-8.4157248E+01
4.5000E+00	4	6	-8.3320732E+02	3.7880994E+02
4.5000E+00	5	1	-2.1356592E+05	-8.5236673E+03
4.5000E+00	5	2	1.6219051E+01	-7.6083521E+01
4.5000E+00	5	3	1.7275002E+02	1.2927759E+01
4.5000E+00	5	4	5.2331873E+03	-1.0617021E+02
4.5000E+00	5	5	2.7013883E+07	1.0422359E+05
4.5000E+00	5	6	-1.2838241E+01	1.6791979E+03
4.5000E+00	6	1	4.0116524E+01	8.3615606E+00
4.5000E+00	6	2	1.9549150E+01	4.9320995E+01
4.5000E+00	6	3	-3.7034314E+01	1.3551809E+01
4.5000E+00	6	4	7.9503473E+03	3.0204613E+02
4.5000E+00	6	5	-1.1366350E+04	4.4107253E+02
4.5000E+00	6	6	4.2760042E+07	4.7288575E+06
4.0000E+00	1	1	1.8925520E+04	1.9317065E+03
4.0000E+00	1	2	1.4245740E+00	3.2508684E+00
4.0000E+00	1	3	-3.6496711E+00	-9.5424239E-01
4.0000E+00	1	4	-5.9083933E+01	-3.8908670E+00
4.0000E+00	1	5	-2.1332502E+05	-8.6244546E+03
4.0000E+00	1	6	-5.1502866E+01	-6.0984996E+01
4.0000E+00	2	1	-1.0996530E+00	7.2542963E-01
4.0000E+00	2	2	1.8926689E+04	1.9306941E+03
4.0000E+00	2	3	4.5825291E+00	-3.1431995E-01
4.0000E+00	2	4	2.1350809E+05	8.6240605E+03
4.0000E+00	2	5	1.4566512E+02	-2.5222485E+01
4.0000E+00	2	6	-5.0174547E+01	5.7355217E+01
4.0000E+00	3	1	-4.6828321E-01	-8.0809070E-01
4.0000E+00	3	2	-7.1202750E-01	-1.1544060E+00
4.0000E+00	3	3	3.2001122E+04	9.4142180E+01
4.0000E+00	3	4	-1.2736811E+02	1.5260589E+00
4.0000E+00	3	5	1.1404150E+02	6.5706269E+00
4.0000E+00	3	6	-1.2477231E+01	3.3399066E+01
4.0000E+00	4	1	-4.9929634E+01	-1.0976477E+00
4.0000E+00	4	2	2.1351881E+05	8.5133561E+03
4.0000E+00	4	3	-3.5643563E+01	2.4078904E+00
4.0000E+00	4	4	2.7010572E+07	1.0386072E+05
4.0000E+00	4	5	6.5759015E+03	-8.4157248E+01
4.0000E+00	4	6	-8.3748720E+02	3.7880994E+02
4.0000E+00	5	1	-2.1353492E+05	-8.5236673E+03
4.0000E+00	5	2	1.6215231E+01	-7.6083521E+01
4.0000E+00	5	3	1.7263921E+02	1.2927759E+01
4.0000E+00	5	4	5.2346795E+03	-1.0617021E+02
4.0000E+00	5	5	2.7013034E+07	1.0422359E+05
4.0000E+00	5	6	-1.2222301E+01	1.6791979E+03
4.0000E+00	6	1	4.0161761E+01	8.3615606E+00
4.0000E+00	6	2	1.9411871E+01	4.9320995E+01
4.0000E+00	6	3	-3.7103754E+01	1.3551809E+01
4.0000E+00	6	4	7.9473420E+03	3.0204613E+02
4.0000E+00	6	5	-1.1360451E+04	4.4107253E+02
4.0000E+00	6	6	4.2755303E+07	4.7288575E+06
3.5000E+00	1	1	1.8921930E+04	1.9317065E+03
3.5000E+00	1	2	1.4250660E+00	3.2508684E+00
3.5000E+00	1	3	-3.6544412E+00	-9.5424239E-01
3.5000E+00	1	4	-5.9231395E+01	-3.8908670E+00
3.5000E+00	1	5	-2.1329511E+05	-8.6244546E+03
3.5000E+00	1	6	-5.1304413E+01	-6.0984996E+01
3.5000E+00	2	1	-1.0983900E+00	7.2542963E-01
3.5000E+00	2	2	1.8923141E+04	1.9306941E+03
3.5000E+00	2	3	4.5829969E+00	-3.1431995E-01
3.5000E+00	2	4	2.1347779E+05	8.6240605E+03
3.5000E+00	2	5	1.4555099E+02	-2.5222485E+01
3.5000E+00	2	6	-4.9542005E+01	5.7355217E+01
3.5000E+00	3	1	-4.6311380E-01	-8.0809070E-01
3.5000E+00	3	2	-7.1291629E-01	-1.1544060E+00
3.5000E+00	3	3	3.2014939E+04	9.4142180E+01
3.5000E+00	3	4	-1.2731161E+02	1.5260589E+00
3.5000E+00	3	5	1.1429970E+02	6.5706269E+00
3.5000E+00	3	6	-1.2341990E+01	3.3399066E+01
3.5000E+00	4	1	-4.9976410E+01	-1.0976477E+00
3.5000E+00	4	2	2.1348972E+05	8.5133561E+03
3.5000E+00	4	3	-3.5457683E+01	2.4078904E+00
3.5000E+00	4	4	2.7009791E+07	1.0386072E+05
3.5000E+00	4	5	6.5726595E+03	-8.4157248E+01
3.5000E+00	4	6	-8.3387165E+02	3.7880994E+02
3.5000E+00	5	1	-2.1350522E+05	-8.5236673E+03
3.5000E+00	5	2	1.6165551E+01	-7.6083521E+01
3.5000E+00	5	3	1.7282570E+02	1.2927759E+01
3.5000E+00	5	4	5.2286922E+03	-1.0617021E+02
3.5000E+00	5	5	2.7012293E+07	1.0422359E+05
3.5000E+00	5	6	-1.3106982E+01	1.6791979E+03
3.5000E+00	6	1	4.0118037E+01	8.3615606E+00
3.5000E+00	6	2	1.9524992E+01	4.9320995E+01
3.5000E+00	6	3	-3.6923262E+01	1.3551809E+01
3.5000E+00	6	4	7.9501859E+03	3.0204613E+02
3.5000E+00	6	5	-1.1361291E+04	4.4107253E+02
3.5000E+00	6	6	4.2750891E+07	4.7288575E+06
3.0000E+00	1	1	1.8918490E+04	1.9317065E+03
3.0000E+00	1	2	1.4255250E+00	3.2508684E+00
3.0000E+00	1	3	-3.6516830E+00	-9.5424239E-01
3.0000E+00	1	4	-5.9166566E+01	-3.8908670E+00
3.0000E+00	1	5	-2.1326559E+05	-8.6244546E+03
3.0000E+00	1	6	-5.1102603E+01	-6.0984996E+01
3.0000E+00	2	1	-1.1002840E+00	7.2542963E-01
3.0000E+00	2	2	1.8919590E+04	1.9306941E+03
3.0000E+00	2	3	4.5826291E+00	-3.1431995E-01
3.0000E+00	2	4	2.1344873E+05	8.6240605E+03
3.0000E+00	2	5	1.4545489E+02	-2.5222485E+01
3.0000E+00	2	6	-5.0121364E+01	5.7355217E+01
3.0000E+00	3	1	-4.6184162E-01	-8.0809070E-01
3.0000E+00	3	2	-7.1063387E-01	-1.1544060E+00
3.0000E+00	3	3	3.2028630E+04	9.4142180E+01
3.0000E+00	3	4	-1.2728661E+02	1.5260589E+00
3.0000E+00	3	5	1.1459851E+02	6.5706269E+00
3.0000E+00	3	6	-1.2454460E+01	3.3399066E+01
3.0000E+00	4	1	-4.9936993E+01	-1.0976477E+00
3.0000E+00	4	2	2.1346110E+05	8.5133561E+03
3.0000E+00	4	3	-3.5663685E+01	2.4078904E+00
3.0000E+00	4	4	2.7009002E+07	1.0386072E+05
3.0000E+00	4	5	6.5748561E+03	-8.4157248E+01
3.0000E+00	4	6	-8.3927756E+02	3.7880994E+02
3.0000E+00	5	1	-2.1347642E+05	-8.5236673E+03
3.0000E+00	5	2	1.6210922E+01	-7.6083521E+01
3.0000E+00	5	3	1.7286741E+02	1.2927759E+01
3.0000E+00	5	4	5.2282668E+03	-1.0617021E+02
3.0000E+00	5	5	2.7011464E+07	1.0422359E+05
3.0000E+00	5	6	-1.0313780E+01	1.6791979E+03
3.0000E+00	6	1	4.0102862E+01	8.3615606E+00
3.0000E+00	6	2	1.9360383E+01	4.9320995E+01
3.0000E+00	6	3	-3.7164912E+01	1.3551809E+01
3.0000E+00	6	4	7.9505966E+03	3.0204613E+02
3.0000E+00	6	5	-1.1359851E+04	4.4107253E+02
3.0000E+00	6	6	4.2746475E+07	4.7288575E+06
