  1.000000E+00  0.000000E+00     1  2.160631E+00  7.373152E+01  6.052762E-01  2.074119E+00
  1.000000E+00  0.000000E+00     2  4.248644E-01  9.859086E+01 -6.346522E-02  4.200976E-01
  1.000000E+00  0.000000E+00     3  5.096162E+00  1.620131E+02 -4.847097E+00  1.573695E+00
  1.000000E+00  0.000000E+00     4  9.761482E+00 -1.798795E+01  9.284355E+00 -3.014511E+00
  1.000000E+00  0.000000E+00     5  3.492444E+01  1.015400E+02 -6.986701E+00  3.421845E+01
  1.000000E+00  0.000000E+00     6  1.454195E+01 -1.793275E+02 -1.454095E+01 -1.706910E-01
  1.000000E+00  3.000000E+01     1  2.775266E+00 -1.013164E+02 -5.445800E-01 -2.721312E+00
  1.000000E+00  3.000000E+01     2  7.711017E-01 -1.588258E+02 -7.190418E-01 -2.785259E-01
  1.000000E+00  3.000000E+01     3  2.255524E+00 -1.737867E+01  2.152563E+00 -6.736925E-01
  1.000000E+00  3.000000E+01     4  9.056303E+01  9.974129E+01 -1.532324E+01  8.925728E+01
  1.000000E+00  3.000000E+01     5  9.422681E+01 -9.410787E+01 -6.749882E+00 -9.398474E+01
  1.000000E+00  3.000000E+01     6  6.413986E+01 -1.511253E+02 -5.616584E+01 -3.097291E+01
  1.000000E+00  6.000000E+01     1  1.052067E+00  3.358471E+01  8.764443E-01  5.819711E-01
  1.000000E+00  6.000000E+01     2  2.581097E+00  7.547787E+01  6.472205E-01  2.498633E+00
  1.000000E+00  6.000000E+01     3  5.610697E+00  1.511616E+02 -4.914878E+00  2.706269E+00
  1.000000E+00  6.000000E+01     4  3.246949E+01 -1.713726E+02 -3.210209E+01 -4.870676E+00
  1.000000E+00  6.000000E+01     5  2.169909E+01  7.607607E+01  5.221529E+00  2.106149E+01
  1.000000E+00  6.000000E+01     6  1.766123E+01  7.043808E+01  5.913430E+00  1.664183E+01
  1.000000E+00  9.000000E+01     1  8.353183E-01 -1.298444E+02 -5.351922E-01 -6.413470E-01
  1.000000E+00  9.000000E+01     2  3.236433E+00 -9.904089E+01 -5.085706E-01 -3.196225E+00
  1.000000E+00  9.000000E+01     3  3.889283E+00  7.575149E+01  9.572619E-01  3.769638E+00
  1.000000E+00  9.000000E+01     4  3.162840E+01  5.129943E+01  1.977567E+01  2.468357E+01
  1.000000E+00  9.000000E+01     5  5.247333E+01 -1.149818E+01  5.142024E+01 -1.045987E+01
  1.000000E+00  9.000000E+01     6  5.668185E+01 -1.539145E+02 -5.090816E+01 -2.492370E+01
  1.000000E+00  1.200000E+02     1  1.214892E+00 -1.402688E+02 -9.343147E-01 -7.765421E-01
  1.000000E+00  1.200000E+02     2  1.817031E+00  7.446842E+01  4.865454E-01  1.750679E+00
  1.000000E+00  1.200000E+02     3  4.728719E+00  1.562526E+02 -4.328336E+00  1.904282E+00
  1.000000E+00  1.200000E+02     4  2.405622E+01 -1.033613E+02 -5.559153E+00 -2.340508E+01
  1.000000E+00  1.200000E+02     5  1.740006E+01 -8.106374E+01  2.702851E+00 -1.718885E+01
  1.000000E+00  1.200000E+02     6  2.227326E+01  1.550612E+02 -2.019646E+01  9.391531E+00
  1.000000E+00  1.500000E+02     1  2.781446E+00  6.161210E+01  1.322407E+00  2.446975E+00
  1.000000E+00  1.500000E+02     2  2.300798E+00 -9.468975E+01 -1.881137E-01 -2.293095E+00
  1.000000E+00  1.500000E+02     3  2.910817E+00 -1.404741E+02 -2.245221E+00 -1.852522E+00
  1.000000E+00  1.500000E+02     4  7.558376E+01  8.012723E+01  1.295967E+01  7.446444E+01
  1.000000E+00  1.500000E+02     5  6.234150E+01  9.885012E+01 -9.591249E+00  6.159927E+01
  1.000000E+00  1.500000E+02     6  6.072081E+01 -1.246923E+02 -3.456044E+01 -4.992587E+01
  1.000000E+00  1.800000E+02     1  2.494077E+00 -1.059433E+02 -6.850867E-01 -2.398141E+00
  1.000000E+00  1.800000E+02     2  7.962187E-02 -7.723317E+01  1.759515E-02 -7.765341E-02
  1.000000E+00  1.800000E+02     3  5.551263E+00  1.586180E+02 -5.169173E+00  2.023899E+00
  1.000000E+00  1.800000E+02     4  1.422157E+01  3.696703E+01  1.136277E+01  8.552216E+00
  1.000000E+00  1.800000E+02     5  2.468494E+01  1.734498E+02 -2.452380E+01  2.815901E+00
  1.000000E+00  1.800000E+02     6  4.713299E+00 -1.450665E+02 -3.864044E+00 -2.698955E+00
  1.000000E+00  2.100000E+02     1  2.968411E+00  7.197229E+01  9.186544E-01  2.822682E+00
  1.000000E+00  2.100000E+02     2  1.600683E+00  7.720923E+01  3.543775E-01  1.560962E+00
  1.000000E+00  2.100000E+02     3  4.892096E-01  4.542190E+01  3.433668E-01  3.484612E-01
  1.000000E+00  2.100000E+02     4  7.007072E+01 -1.125652E+02 -2.688852E+01 -6.470636E+01
  1.000000E+00  2.100000E+02     5  1.205237E+02  5.892509E+01  6.220927E+01  1.032277E+02
  1.000000E+00  2.100000E+02     6  2.420664E+01  1.532385E+02 -2.161382E+01  1.089972E+01
  1.000000E+00  2.400000E+02     1  4.977213E-01 -6.074255E+01  2.432536E-01 -4.342282E-01
  1.000000E+00  2.400000E+02     2  2.078664E+00 -1.199960E+02 -1.039207E+00 -1.800248E+00
  1.000000E+00  2.400000E+02     3  4.644107E+00  1.579528E+02 -4.304505E+00  1.743264E+00
  1.000000E+00  2.400000E+02     4  4.433682E+01  9.807822E+01 -6.230427E+00  4.389687E+01
  1.000000E+00  2.400000E+02     5  3.023804E+01 -1.259220E+02 -1.774016E+01 -2.448726E+01
  1.000000E+00  2.400000E+02     6  2.035806E+01 -8.077639E+01  3.263151E+00 -2.009484E+01
  1.000000E+00  2.700000E+02     1  5.235726E-01  1.127631E+02 -2.025819E-01  4.827928E-01
  1.000000E+00  2.700000E+02     2  3.433202E+00  7.228979E+01  1.044390E+00  3.270493E+00
  1.000000E+00  2.700000E+02     3  9.681520E-01 -1.416329E+02 -7.590801E-01 -6.009291E-01
  1.000000E+00  2.700000E+02     4  4.908765E+01 -8.488802E+01  4.373831E+00 -4.889240E+01
  1.000000E+00  2.700000E+02     5  5.022948E+01 -6.529121E+01  2.099625E+01 -4.563067E+01
  1.000000E+00  2.700000E+02     6  6.306846E+01  1.602728E+02 -5.936701E+01  2.128822E+01
  1.000000E+00  3.000000E+02     1  7.984177E-01  3.201110E+01  6.770146E-01  4.232281E-01
  1.000000E+00  3.000000E+02     2  1.557482E+00 -1.015458E+02 -3.117319E-01 -1.525966E+00
  1.000000E+00  3.000000E+02     3  5.759855E+00  1.557617E+02 -5.252102E+00  2.364604E+00
  1.000000E+00  3.000000E+02     4  3.628399E+01 -4.886781E+00  3.615210E+01 -3.090926E+00
  1.000000E+00  3.000000E+02     5  2.848073E+01 -8.204444E+00  2.818924E+01 -4.064363E+00
  1.000000E+00  3.000000E+02     6  2.790757E+01 -1.243843E+02 -1.576054E+01 -2.303123E+01
  1.000000E+00  3.300000E+02     1  2.782868E+00 -1.055066E+02 -7.439978E-01 -2.681571E+00
  1.000000E+00  3.300000E+02     2  1.389224E+00  1.073731E+02 -4.148119E-01  1.325848E+00
  1.000000E+00  3.300000E+02     3  2.733456E+00  6.313884E+01  1.235058E+00  2.438528E+00
  1.000000E+00  3.300000E+02     4  6.268686E+01 -1.099876E+02 -2.142746E+01 -5.891101E+01
  1.000000E+00  3.300000E+02     5  8.471147E+01 -1.511949E+02 -7.422962E+01 -4.081663E+01
  1.000000E+00  3.300000E+02     6  2.825385E+01  8.821626E+01  8.794596E-01  2.824016E+01
  2.000000E+00  0.000000E+00     1  2.305725E+01 -9.548417E+01 -2.203597E+00 -2.295171E+01
  2.000000E+00  0.000000E+00     2  5.192353E+00 -1.247217E+02 -2.957515E+00 -4.267744E+00
  2.000000E+00  0.000000E+00     3  3.186494E+01  8.131504E+01  4.811648E+00  3.149957E+01
  2.000000E+00  0.000000E+00     4  7.754910E+01 -2.623246E+01  6.956217E+01 -3.427780E+01
  2.000000E+00  0.000000E+00     5  7.043242E+02 -1.002242E+01  6.935760E+02 -1.225760E+02
  2.000000E+00  0.000000E+00     6  1.312204E+02  3.283015E+01  1.102621E+02  7.114120E+01
  2.000000E+00  3.000000E+01     1  8.529095E+00  1.657313E+02 -8.265978E+00  2.102156E+00
  2.000000E+00  3.000000E+01     2  4.961996E+00 -1.462630E+02 -4.126377E+00 -2.755797E+00
  2.000000E+00  3.000000E+01     3  1.691791E+01 -7.700900E+01  3.803110E+00 -1.648490E+01
  2.000000E+00  3.000000E+01     4  5.227025E+02  2.148441E+01  4.863837E+02  1.914388E+02
  2.000000E+00  3.000000E+01     5  1.532061E+02  7.622082E+01  3.649074E+01  1.487970E+02
  2.000000E+00  3.000000E+01     6  5.677899E+02  1.316745E+02 -3.775226E+02  4.241015E+02
  2.000000E+00  6.000000E+01     1  1.636337E+01 -7.177237E+01  5.118348E+00 -1.554228E+01
  2.000000E+00  6.000000E+01     2  1.661949E+01 -3.780803E+01  1.313054E+01 -1.018804E+01
  2.000000E+00  6.000000E+01     3  2.119456E+01  1.611150E+02 -2.005366E+01  6.860039E+00
  2.000000E+00  6.000000E+01     4  5.322346E+02  4.706269E+01  3.625570E+02  3.896487E+02
  2.000000E+00  6.000000E+01     5  3.960176E+02 -5.011989E+01  2.539199E+02 -3.038991E+02
  2.000000E+00  6.000000E+01     6  2.652943E+02 -1.597885E+02 -2.489585E+02 -9.165563E+01
  2.000000E+00  9.000000E+01     1  4.890714E+00  6.381498E+01  2.158132E+00  4.388798E+00
  2.000000E+00  9.000000E+01     2  2.098833E+01 -1.713184E+02 -2.074786E+01 -3.168035E+00
  2.000000E+00  9.000000E+01     3  6.553622E+00 -9.141753E+01 -1.621237E-01 -6.551616E+00
  2.000000E+00  9.000000E+01     4  2.676128E+02 -2.561714E+01  2.413073E+02 -1.157039E+02
  2.000000E+00  9.000000E+01     5  3.071430E+02 -1.521937E+02 -2.716770E+02 -1.432775E+02
  2.000000E+00  9.000000E+01     6  7.054899E+02 -8.417784E+00  6.978896E+02 -1.032767E+02
  2.000000E+00  1.200000E+02     1  1.433652E+01  6.307756E+01  6.491347E+00  1.278273E+01
  2.000000E+00  1.200000E+02     2  2.377047E+01 -9.864592E+01 -3.573359E+00 -2.350035E+01
  2.000000E+00  1.200000E+02     3  2.821036E+01  8.612655E+01  1.905695E+00  2.814592E+01
  2.000000E+00  1.200000E+02     4  5.131385E+02  1.681327E+02 -5.021710E+02  1.055248E+02
  2.000000E+00  1.200000E+02     5  3.730702E+02  1.526278E+02 -3.313007E+02  1.715262E+02
  2.000000E+00  1.200000E+02     6  1.796027E+02 -8.072094E+00  1.778233E+02 -2.521964E+01
  2.000000E+00  1.500000E+02     1  1.775778E+01 -2.484293E+00  1.774109E+01 -7.697201E-01
  2.000000E+00  1.500000E+02     2  1.123272E+01  1.500461E+02 -9.732343E+00  5.608530E+00
  2.000000E+00  1.500000E+02     3  1.725049E+01 -8.095348E+01  2.712404E+00 -1.703591E+01
  2.000000E+00  1.500000E+02     4  3.140522E+02 -1.070070E+02 -9.185671E+01 -3.003183E+02
  2.000000E+00  1.500000E+02     5  3.978391E+02  4.760957E+00  3.964664E+02  3.302016E+01
  2.000000E+00  1.500000E+02     6  6.076090E+02  1.330610E+02 -4.148609E+02  4.439359E+02
  2.000000E+00  1.800000E+02     1  2.189745E+01  1.533597E+02 -1.957279E+01  9.818554E+00
  2.000000E+00  1.800000E+02     2  5.148232E+00 -1.022688E+02 -1.093988E+00 -5.030654E+00
  2.000000E+00  1.800000E+02     3  2.236840E+01  1.732961E+02 -2.221547E+01  2.611252E+00
  2.000000E+00  1.800000E+02     4  3.716853E+02  1.347439E+02 -2.616440E+02  2.639932E+02
  2.000000E+00  1.800000E+02     5  3.247432E+02  1.021458E+02 -6.832615E+01  3.174739E+02
  2.000000E+00  1.800000E+02     6  1.037355E+02 -1.141280E+02 -4.240461E+01 -9.467256E+01
  2.000000E+00  2.100000E+02     1  1.709340E+01 -2.152092E+00  1.708134E+01 -6.418957E-01
  2.000000E+00  2.100000E+02     2  1.133243E+01 -2.075767E+01  1.059681E+01 -4.016396E+00
  2.000000E+00  2.100000E+02     3  3.634799E+00 -1.429593E+02 -2.901325E+00 -2.189539E+00
  2.000000E+00  2.100000E+02     4  4.757549E+02  7.595703E+01  1.154417E+02  4.615365E+02
  2.000000E+00  2.100000E+02     5  2.407639E+02 -3.046951E+01  2.075142E+02 -1.220865E+02
  2.000000E+00  2.100000E+02     6  6.998015E+02 -3.871492E+01  5.460323E+02 -4.376879E+02
  2.000000E+00  2.400000E+02     1  1.297956E+01  9.100987E+01 -2.287603E-01  1.297754E+01
  2.000000E+00  2.400000E+02     2  2.133670E+01  7.359715E+01  6.025253E+00  2.046829E+01
  2.000000E+00  2.400000E+02     3  3.059868E+01  9.101245E+01 -5.406662E-01  3.059391E+01
  2.000000E+00  2.400000E+02     4  7.234113E+02 -4.869155E-01  7.233852E+02 -6.147676E+00
  2.000000E+00  2.400000E+02     5  4.747096E+02 -1.750254E+02 -4.729214E+02 -4.116388E+01
  2.000000E+00  2.400000E+02     6  1.503760E+02 -1.189836E+02 -7.286605E+01 -1.315427E+02
  2.000000E+00  2.700000E+02     1  5.519019E+00 -1.373313E+02 -4.058053E+00 -3.740559E+00
  2.000000E+00  2.700000E+02     2  1.340715E+01 -1.084079E+00  1.340475E+01 -2.536582E-01
  2.000000E+00  2.700000E+02     3  1.703936E+01 -1.062988E+02 -4.782050E+00 -1.635456E+01
  2.000000E+00  2.700000E+02     4  2.862040E+02 -1.436484E+02 -2.305073E+02 -1.696441E+02
  2.000000E+00  2.700000E+02     5  4.268714E+02 -1.242593E+02 -2.403025E+02 -3.528086E+02
  2.000000E+00  2.700000E+02     6  6.257221E+02  1.398423E+02 -4.782223E+02  4.035240E+02
  2.000000E+00  3.000000E+02     1  7.453931E+00 -2.819779E+00  7.444906E+00 -3.666929E-01
  2.000000E+00  3.000000E+02     2  1.957104E+01  1.390158E+02 -1.477399E+01  1.283568E+01
  2.000000E+00  3.000000E+02     3  2.836453E+01  1.714212E+02 -2.804718E+01  4.231111E+00
  2.000000E+00  3.000000E+02     4  4.494446E+02 -1.061344E+02 -1.248968E+02 -4.317421E+02
  2.000000E+00  3.000000E+02     5  8.145710E+01  1.523689E+02 -7.216709E+01  3.777791E+01
  2.000000E+00  3.000000E+02     6  2.202341E+02 -1.766364E+02 -2.198547E+02 -1.292165E+01
  2.000000E+00  3.300000E+02     1  1.731214E+01  1.686035E+02 -1.697080E+01  3.420844E+00
  2.000000E+00  3.300000E+02     2  9.430105E+00  1.533262E+01  9.094460E+00  2.493529E+00
  2.000000E+00  3.300000E+02     3  9.904556E+00 -9.278852E+01 -4.818530E-01 -9.892828E+00
  2.000000E+00  3.300000E+02     4  3.622982E+02 -1.326901E+02 -2.456500E+02 -2.663007E+02
  2.000000E+00  3.300000E+02     5  1.843339E+02  5.490393E+01  1.059826E+02  1.508200E+02
  2.000000E+00  3.300000E+02     6  6.215391E+02 -3.796096E+01  4.900402E+02 -3.823239E+02
  3.000000E+00  0.000000E+00     1  7.071069E+01  1.744179E+02 -7.037536E+01  6.878207E+00
  3.000000E+00  0.000000E+00     2  3.065033E+00  1.097453E+02 -1.035491E+00  2.884820E+00
  3.000000E+00  0.000000E+00     3  1.013695E+02 -4.670852E+01  6.951006E+01 -7.378426E+01
  3.000000E+00  0.000000E+00     4  2.161357E+02 -1.005340E+01  2.128170E+02 -3.772992E+01
  3.000000E+00  0.000000E+00     5  1.385711E+03 -1.620328E+01  1.330667E+03 -3.866772E+02
  3.000000E+00  0.000000E+00     6  2.034909E+02 -6.640656E+01  8.144604E+01 -1.864808E+02
  3.000000E+00  3.000000E+01     1  2.437322E+01 -9.297890E+01 -1.266629E+00 -2.434028E+01
  3.000000E+00  3.000000E+01     2  4.558913E+01  1.188372E+02 -2.198869E+01  3.993578E+01
  3.000000E+00  3.000000E+01     3  3.538693E+01 -1.722739E+02 -3.506569E+01 -4.757352E+00
  3.000000E+00  3.000000E+01     4  7.935908E+02  8.105227E+01  1.234298E+02  7.839333E+02
  3.000000E+00  3.000000E+01     5  1.019940E+03 -1.032005E+02 -2.329133E+02 -9.929895E+02
  3.000000E+00  3.000000E+01     6  1.215564E+03 -1.002472E+02 -2.162435E+02 -1.196175E+03
  3.000000E+00  6.000000E+01     1  2.770290E+01  1.292069E+00  2.769586E+01  6.246712E-01
  3.000000E+00  6.000000E+01     2  1.324904E+01 -7.106722E+01  4.298765E+00 -1.253227E+01
  3.000000E+00  6.000000E+01     3  9.985759E+01 -7.026261E+01  3.372287E+01 -9.399099E+01
  3.000000E+00  6.000000E+01     4  1.657921E+03  1.719765E+02 -1.641691E+03  2.314101E+02
  3.000000E+00  6.000000E+01     5  9.106426E+02  9.345700E+00  8.985552E+02  1.478801E+02
  3.000000E+00  6.000000E+01     6  5.233055E+01  1.384869E+02 -3.918536E+01  3.468420E+01
  3.000000E+00  9.000000E+01     1  4.288903E+01  1.052513E+02 -1.128211E+01  4.137854E+01
  3.000000E+00  9.000000E+01     2  5.022918E+00  1.281632E+02 -3.103676E+00  3.949291E+00
  3.000000E+00  9.000000E+01     3  4.648880E+01  1.453949E+02 -3.826430E+01  2.640174E+01
  3.000000E+00  9.000000E+01     4  1.253741E+03  5.099157E+01  7.891483E+02  9.742239E+02
  3.000000E+00  9.000000E+01     5  5.111015E+02 -2.428052E+01  4.658911E+02 -2.101673E+02
  3.000000E+00  9.000000E+01     6  9.165068E+02  6.429098E+01  3.975816E+02  8.257806E+02
  3.000000E+00  1.200000E+02     1  4.425624E+01 -8.512536E+00  4.376870E+01 -6.551066E+00
  3.000000E+00  1.200000E+02     2  6.728471E+01  1.719608E+02 -6.662348E+01  9.409774E+00
  3.000000E+00  1.200000E+02     3  1.003997E+02 -4.879847E+01  6.613427E+01 -7.554050E+01
  3.000000E+00  1.200000E+02     4  4.356129E+02  1.395644E+02 -3.315605E+02  2.825354E+02
  3.000000E+00  1.200000E+02     5  2.897635E+02  4.488879E+01  2.052911E+02  2.044957E+02
  3.000000E+00  1.200000E+02     6  4.373854E+02 -3.431488E+01  3.612593E+02 -2.465719E+02
  3.000000E+00  1.500000E+02     1  2.802020E+01 -5.624034E+01  1.557112E+01 -2.329532E+01
  3.000000E+00  1.500000E+02     2  3.680997E+01 -6.956853E+01  1.284988E+01 -3.449427E+01
  3.000000E+00  1.500000E+02     3  3.713722E+01  1.655335E+02 -3.595975E+01  9.277373E+00
  3.000000E+00  1.500000E+02     4  7.230345E+02 -4.226223E+00  7.210685E+02 -5.328378E+01
  3.000000E+00  1.500000E+02     5  1.421820E+03  5.666455E+01  7.813467E+02  1.187885E+03
  3.000000E+00  1.500000E+02     6  1.220131E+03 -1.210193E+02 -6.287664E+02 -1.045644E+03
  3.000000E+00  1.800000E+02     1  2.318514E+01  1.145877E+02 -9.647008E+00  2.108284E+01
  3.000000E+00  1.800000E+02     2  9.931445E+00  1.705859E+01  9.494514E+00  2.913383E+00
  3.000000E+00  1.800000E+02     3  9.893709E+01 -7.611168E+01  2.374789E+01 -9.604471E+01
  3.000000E+00  1.800000E+02     4  6.122288E+02  1.161517E+02 -2.698392E+02  5.495552E+02
  3.000000E+00  1.800000E+02     5  1.783033E+03  1.608149E+02 -1.684007E+03  5.859419E+02
  3.000000E+00  1.800000E+02     6  3.108299E+02 -7.234945E+01  9.424696E+01 -2.961971E+02
  3.000000E+00  2.100000E+02     1  3.601331E+01 -5.982478E+01  1.810195E+01 -3.113323E+01
  3.000000E+00  2.100000E+02     2  3.489165E+01  1.210670E+02 -1.800549E+01  2.988695E+01
  3.000000E+00  2.100000E+02     3  4.015114E+01  1.596238E+02 -3.763874E+01  1.397996E+01
  3.000000E+00  2.100000E+02     4  5.737830E+02 -1.198984E+02 -2.860097E+02 -4.974188E+02
  3.000000E+00  2.100000E+02     5  1.313676E+03  7.555355E+01  3.277293E+02  1.272139E+03
  3.000000E+00  2.100000E+02     6  1.107341E+03  5.202148E+01  6.814199E+02  8.728519E+02
  3.000000E+00  2.400000E+02     1  3.952399E+01 -1.039828E+01  3.887489E+01 -7.133667E+00
  3.000000E+00  2.400000E+02     2  6.414098E+01  2.888543E+00  6.405948E+01  3.232271E+00
  3.000000E+00  2.400000E+02     3  9.316213E+01 -5.334177E+01  5.562156E+01 -7.473570E+01
  3.000000E+00  2.400000E+02     4  5.818575E+02 -3.448120E+01  4.796322E+02 -3.294104E+02
  3.000000E+00  2.400000E+02     5  2.459780E+02  9.186437E+01 -8.002559E+00  2.458478E+02
  3.000000E+00  2.400000E+02     6  4.639867E+02 -7.037374E+01  1.558454E+02 -4.370308E+02
  3.000000E+00  2.700000E+02     1  3.952565E+01  1.040461E+02 -9.592949E+00  3.834387E+01
  3.000000E+00  2.700000E+02     2  3.528228E+00 -3.028975E+01  3.046575E+00 -1.779543E+00
  3.000000E+00  2.700000E+02     3  4.500510E+01 -1.654107E+02 -4.355396E+01 -1.133631E+01
  3.000000E+00  2.700000E+02     4  1.004831E+03 -9.361327E+01 -6.332610E+01 -1.002834E+03
  3.000000E+00  2.700000E+02     5  4.170368E+02 -7.197176E+01  1.290669E+02 -3.965620E+02
  3.000000E+00  2.700000E+02     6  9.799484E+02 -1.030584E+02 -2.214139E+02 -9.546071E+02
  3.000000E+00  3.000000E+02     1  1.508060E+01 -1.463280E+02 -1.255045E+01 -8.361264E+00
  3.000000E+00  3.000000E+02     2  2.018830E+01  1.231215E+02 -1.103123E+01  1.690797E+01
  3.000000E+00  3.000000E+02     3  9.506967E+01 -8.722858E+01  4.596760E+00 -9.495847E+01
  3.000000E+00  3.000000E+02     4  1.327624E+03  1.461232E+00  1.327193E+03  3.385515E+01
  3.000000E+00  3.000000E+02     5  5.823188E+02  1.970053E+01  5.482342E+02  1.963020E+02
  3.000000E+00  3.000000E+02     6  2.820973E+02 -2.882980E+00  2.817403E+02 -1.418844E+01
  3.000000E+00  3.300000E+02     1  1.380319E+01 -7.889204E+01  2.659301E+00 -1.354460E+01
  3.000000E+00  3.300000E+02     2  4.193959E+01 -5.449099E+01  2.435981E+01 -3.413984E+01
  3.000000E+00  3.300000E+02     3  3.502385E+01  1.403620E+02 -2.697153E+01  2.234294E+01
  3.000000E+00  3.300000E+02     4  4.909026E+02 -4.963617E+01  3.179277E+02 -3.740419E+02
  3.000000E+00  3.300000E+02     5  9.342759E+02 -9.770820E+01 -1.253126E+02 -9.258338E+02
  3.000000E+00  3.300000E+02     6  6.968773E+02  5.893160E+01  3.596312E+02  5.969116E+02
  4.000000E+00  0.000000E+00     1  2.036714E+02  4.795692E+01  1.363965E+02  1.512548E+02
  4.000000E+00  0.000000E+00     2  5.655836E+00  1.733673E+02 -5.617981E+00  6.532741E-01
  4.000000E+00  0.000000E+00     3  1.209555E+02 -5.271951E+01  7.326487E+01 -9.624184E+01
  4.000000E+00  0.000000E+00     4  5.734746E+02  2.317516E+01  5.271987E+02  2.256871E+02
  4.000000E+00  0.000000E+00     5  7.828408E+03 -5.146495E+01  4.877045E+03 -6.123594E+03
  4.000000E+00  0.000000E+00     6  3.471625E+02 -7.593521E+01  8.436707E+01 -3.367551E+02
  4.000000E+00  3.000000E+01     1  2.351459E+02  9.231184E+01 -9.485357E+00  2.349545E+02
  4.000000E+00  3.000000E+01     2  1.289973E+02  1.015815E+02 -2.589780E+01  1.263709E+02
  4.000000E+00  3.000000E+01     3  4.977742E+01  1.583891E+02 -4.627839E+01  1.833310E+01
  4.000000E+00  3.000000E+01     4  3.191525E+03  3.273952E+01  2.684513E+03  1.726043E+03
  4.000000E+00  3.000000E+01     5  9.498470E+02  1.325581E+02 -6.424174E+02  6.996494E+02
  4.000000E+00  3.000000E+01     6  4.609077E+03  1.675652E+02 -4.500956E+03  9.924623E+02
  4.000000E+00  6.000000E+01     1  2.257522E+01  1.659337E+02 -2.189831E+01  5.486790E+00
  4.000000E+00  6.000000E+01     2  3.974554E+01  1.619781E+02 -3.779555E+01  1.229652E+01
  4.000000E+00  6.000000E+01     3  6.428997E+01 -1.782652E+02 -6.426051E+01 -1.946312E+00
  4.000000E+00  6.000000E+01     4  3.209406E+03  1.459433E+02 -2.658940E+03  1.797310E+03
  4.000000E+00  6.000000E+01     5  1.631041E+03 -2.132635E+01  1.519354E+03 -5.931765E+02
  4.000000E+00  6.000000E+01     6  5.651063E+02  1.140887E+02 -2.306479E+02  5.158940E+02
  4.000000E+00  9.000000E+01     1  3.006210E+01 -1.628006E+02 -2.871776E+01 -8.889311E+00
  4.000000E+00  9.000000E+01     2  2.637255E+02  9.490189E+01 -2.253529E+01  2.627610E+02
  4.000000E+00  9.000000E+01     3  4.296264E+01  1.246708E+02 -2.443977E+01  3.533392E+01
  4.000000E+00  9.000000E+01     4  1.839319E+03  6.734904E+00  1.826626E+03  2.157075E+02
  4.000000E+00  9.000000E+01     5  2.384204E+03 -1.253415E+02 -1.379141E+03 -1.944839E+03
  4.000000E+00  9.000000E+01     6  5.012659E+03 -1.148758E+01  4.912245E+03 -9.982985E+02
  4.000000E+00  1.200000E+02     1  9.976056E+01 -1.329627E+02 -6.798898E+01 -7.300458E+01
  4.000000E+00  1.200000E+02     2  1.891440E+02  5.002962E+01  1.215045E+02  1.449555E+02
  4.000000E+00  1.200000E+02     3  1.183327E+02 -6.176345E+01  5.598472E+01 -1.042513E+02
  4.000000E+00  1.200000E+02     4  7.133863E+03  1.212830E+02 -3.704368E+03  6.096692E+03
  4.000000E+00  1.200000E+02     5  3.672979E+03  1.344818E+02 -2.573594E+03  2.620571E+03
  4.000000E+00  1.200000E+02     6  8.110419E+02  1.045488E+01  7.975771E+02  1.471727E+02
  4.000000E+00  1.500000E+02     1  2.298416E+02 -8.136030E+01  3.452691E+01 -2.272335E+02
  4.000000E+00  1.500000E+02     2  1.325716E+02  8.671475E+01  7.597291E+00  1.323538E+02
  4.000000E+00  1.500000E+02     3  5.850493E+01  1.447313E+02 -4.776651E+01  3.378146E+01
  4.000000E+00  1.500000E+02     4  1.912594E+03 -1.187652E+02 -9.203821E+02 -1.676578E+03
  4.000000E+00  1.500000E+02     5  2.568647E+03  1.915255E+01  2.426468E+03  8.427329E+02
  4.000000E+00  1.500000E+02     6  5.041072E+03  1.692800E+02 -4.953094E+03  9.376920E+02
  4.000000E+00  1.800000E+02     1  4.482055E+01 -7.655337E+00  4.442108E+01 -5.970709E+00
  4.000000E+00  1.800000E+02     2  5.843031E+00  1.504086E+01  5.642855E+00  1.516313E+00
  4.000000E+00  1.800000E+02     3  7.428445E+01 -1.777397E+02 -7.422666E+01 -2.929722E+00
  4.000000E+00  1.800000E+02     4  2.867188E+02 -6.427160E+01  1.244663E+02 -2.582940E+02
  4.000000E+00  1.800000E+02     5  3.161500E+03  1.405746E+02 -2.442105E+03  2.007785E+03
  4.000000E+00  1.800000E+02     6  1.904981E+02  1.247490E+01  1.860006E+02  4.114985E+01
  4.000000E+00  2.100000E+02     1  2.255707E+02 -8.084590E+01  3.588612E+01 -2.226978E+02
  4.000000E+00  2.100000E+02     2  1.437399E+02 -9.204511E+01 -5.129549E+00 -1.436484E+02
  4.000000E+00  2.100000E+02     3  5.875741E+01  1.180233E+02 -2.760599E+01  5.186851E+01
  4.000000E+00  2.100000E+02     4  1.567870E+03  7.094011E+01  5.119980E+02  1.481916E+03
  4.000000E+00  2.100000E+02     5  2.047941E+03  1.350852E+01  1.991285E+03  4.783785E+02
  4.000000E+00  2.100000E+02     6  5.171410E+03 -1.382434E+01  5.021609E+03 -1.235688E+03
  4.000000E+00  2.400000E+02     1  1.104889E+02 -1.328715E+02 -7.517184E+01 -8.097518E+01
  4.000000E+00  2.400000E+02     2  2.031130E+02 -1.305054E+02 -1.319258E+02 -1.544359E+02
  4.000000E+00  2.400000E+02     3  1.128208E+02 -6.287083E+01  5.144607E+01 -1.004084E+02
  4.000000E+00  2.400000E+02     4  6.969171E+03 -6.130250E+01  3.346493E+03 -6.113127E+03
  4.000000E+00  2.400000E+02     5  3.716236E+03  1.278595E+02 -2.280754E+03  2.934037E+03
  4.000000E+00  2.400000E+02     6  8.331819E+02 -1.584959E+02 -7.751854E+02 -3.054174E+02
  4.000000E+00  2.700000E+02     1  3.220179E+01 -1.516799E+02 -2.834758E+01 -1.527645E+01
  4.000000E+00  2.700000E+02     2  2.643451E+02 -8.479939E+01  2.396113E+01 -2.632569E+02
  4.000000E+00  2.700000E+02     3  5.612141E+01  1.510735E+02 -4.911974E+01  2.714523E+01
  4.000000E+00  2.700000E+02     4  1.860338E+03  1.755881E+02 -1.854825E+03  1.431096E+02
  4.000000E+00  2.700000E+02     5  2.036654E+03 -1.319294E+02 -1.360922E+03 -1.515206E+03
  4.000000E+00  2.700000E+02     6  4.985607E+03  1.638505E+02 -4.788871E+03  1.386721E+03
  4.000000E+00  3.000000E+02     1  1.190825E+01  1.605172E+02 -1.122640E+01  3.971685E+00
  4.000000E+00  3.000000E+02     2  4.316433E+01 -1.452648E+01  4.178445E+01 -1.082680E+01
  4.000000E+00  3.000000E+02     3  6.721889E+01 -1.786251E+02 -6.719955E+01 -1.612840E+00
  4.000000E+00  3.000000E+02     4  3.038090E+03 -4.147747E+01  2.276187E+03 -2.012205E+03
  4.000000E+00  3.000000E+02     5  9.931783E+02 -2.448491E+01  9.038622E+02 -4.116264E+02
  4.000000E+00  3.000000E+02     6  1.457404E+02 -1.223649E+02 -7.801610E+01 -1.231005E+02
  4.000000E+00  3.300000E+02     1  2.314237E+02  9.265140E+01 -1.070547E+01  2.311760E+02
  4.000000E+00  3.300000E+02     2  1.311358E+02 -7.678419E+01  2.998022E+01 -1.276628E+02
  4.000000E+00  3.300000E+02     3  5.754060E+01  1.185012E+02 -2.745703E+01  5.056711E+01
  4.000000E+00  3.300000E+02     4  3.044146E+03 -1.508252E+02 -2.657955E+03 -1.483948E+03
  4.000000E+00  3.300000E+02     5  1.075841E+03  1.238454E+02 -5.991943E+02  8.935327E+02
  4.000000E+00  3.300000E+02     6  4.550823E+03 -1.388585E+01  4.417829E+03 -1.092145E+03
  5.000000E+00  0.000000E+00     1  5.476503E+02 -1.368724E+02 -3.996935E+02 -3.743874E+02
  5.000000E+00  0.000000E+00     2  5.661267E+00 -1.626496E+02 -5.403673E+00 -1.688274E+00
  5.000000E+00  0.000000E+00     3  4.122855E+01  4.392833E+01  2.969314E+01  2.860264E+01
  5.000000E+00  0.000000E+00     4  2.119055E+02 -1.177702E+02 -9.873230E+01 -1.874990E+02
  5.000000E+00  0.000000E+00     5  4.100377E+03 -6.236105E+01  1.902159E+03 -3.632477E+03
  5.000000E+00  0.000000E+00     6  1.254593E+02  1.171104E+02 -5.717261E+01  1.116751E+02
  5.000000E+00  3.000000E+01     1  2.521754E+02  2.500336E+01  2.285423E+02  1.065873E+02
  5.000000E+00  3.000000E+01     2  3.592076E+02  9.845240E+01 -5.279910E+01  3.553060E+02
  5.000000E+00  3.000000E+01     3  2.595694E+02  1.747721E+02 -2.584897E+02  2.365113E+01
  5.000000E+00  3.000000E+01     4  5.457610E+03 -3.478038E+01  4.482579E+03 -3.113197E+03
  5.000000E+00  3.000000E+01     5  1.014757E+04 -1.225372E+02 -5.457833E+03 -8.554832E+03
  5.000000E+00  3.000000E+01     6  8.445203E+03  9.902538E+01 -1.324815E+03  8.340643E+03
  5.000000E+00  6.000000E+01     1  6.291046E+01 -1.052040E+02 -1.649872E+01 -6.070847E+01
  5.000000E+00  6.000000E+01     2  1.058109E+02 -1.079215E+02 -3.255954E+01 -1.006768E+02
  5.000000E+00  6.000000E+01     3  2.508328E+02 -2.596298E+01  2.255181E+02 -1.098122E+02
  5.000000E+00  6.000000E+01     4  2.649300E+03 -9.595560E+01 -2.748854E+02 -2.635000E+03
  5.000000E+00  6.000000E+01     5  1.154866E+03  5.861528E+01  6.014336E+02  9.858976E+02
  5.000000E+00  6.000000E+01     6  3.072988E+02  1.109262E+02 -1.097563E+02  2.870298E+02
  5.000000E+00  9.000000E+01     1  2.966503E+02  1.226475E+02 -1.600336E+02  2.497812E+02
  5.000000E+00  9.000000E+01     2  3.159471E+02  5.686329E+01  1.727089E+02  2.645642E+02
  5.000000E+00  9.000000E+01     3  2.565303E+02  1.738037E+02 -2.550316E+02  2.768880E+01
  5.000000E+00  9.000000E+01     4  8.648438E+03  4.131265E+01  6.496000E+03  5.709418E+03
  5.000000E+00  9.000000E+01     5  7.146611E+03  9.786950E+01 -9.784949E+02  7.079308E+03
  5.000000E+00  9.000000E+01     6  8.368302E+03 -7.903342E+01  1.591956E+03 -8.215482E+03
  5.000000E+00  1.200000E+02     1  2.705995E+02  4.334468E+01  1.967902E+02  1.857357E+02
  5.000000E+00  1.200000E+02     2  4.649149E+02 -1.353829E+02 -3.309339E+02 -3.265405E+02
  5.000000E+00  1.200000E+02     3  6.605287E+01  6.574717E+01  2.713214E+01  6.022316E+01
  5.000000E+00  1.200000E+02     4  4.110781E+03  1.073061E+02 -1.222862E+03  3.924682E+03
  5.000000E+00  1.200000E+02     5  2.610924E+03  1.093944E+02 -8.670088E+02  2.462767E+03
  5.000000E+00  1.200000E+02     6  5.807563E+02 -1.518115E+02 -5.118775E+02 -2.743343E+02
  5.000000E+00  1.500000E+02     1  3.603264E+02 -1.009214E+02 -6.826851E+01 -3.538001E+02
  5.000000E+00  1.500000E+02     2  2.382648E+02 -2.003108E+01  2.238514E+02 -8.161279E+01
  5.000000E+00  1.500000E+02     3  2.656833E+02  1.730387E+02 -2.637248E+02  3.220033E+01
  5.000000E+00  1.500000E+02     4  9.584862E+03  7.481149E+01  2.511192E+03  9.250054E+03
  5.000000E+00  1.500000E+02     5  6.375370E+03  1.438000E+01  6.175628E+03  1.583335E+03
  5.000000E+00  1.500000E+02     6  8.304562E+03  9.963811E+01 -1.390387E+03  8.187343E+03
  5.000000E+00  1.800000E+02     1  1.251887E+02  7.598765E+01  3.031205E+01  1.214635E+02
  5.000000E+00  1.800000E+02     2  8.706187E+00 -1.208341E+02 -4.462394E+00 -7.475609E+00
  5.000000E+00  1.800000E+02     3  2.496267E+02 -2.561931E+01  2.250851E+02 -1.079360E+02
  5.000000E+00  1.800000E+02     4  2.563547E+02  3.912534E+01  1.988717E+02  1.617647E+02
  5.000000E+00  1.800000E+02     5  2.660182E+03 -1.034485E+02 -6.186838E+02 -2.587238E+03
  5.000000E+00  1.800000E+02     6  1.898283E+02 -5.501244E+01  1.088473E+02 -1.555219E+02
  5.000000E+00  2.100000E+02     1  3.619030E+02 -1.011037E+02 -6.969733E+01 -3.551283E+02
  5.000000E+00  2.100000E+02     2  2.451383E+02  1.603574E+02 -2.308732E+02  8.240366E+01
  5.000000E+00  2.100000E+02     3  2.590621E+02  1.752056E+02 -2.581557E+02  2.165235E+01
  5.000000E+00  2.100000E+02     4  9.633333E+03 -1.052933E+02 -2.540884E+03 -9.292202E+03
  5.000000E+00  2.100000E+02     5  6.761155E+03  1.264851E+01  6.597073E+03  1.480486E+03
  5.000000E+00  2.100000E+02     6  8.250315E+03 -7.912615E+01  1.556399E+03 -8.102181E+03
  5.000000E+00  2.400000E+02     1  2.781668E+02  4.309465E+01  2.031247E+02  1.900451E+02
  5.000000E+00  2.400000E+02     2  4.683518E+02  4.357577E+01  3.393037E+02  3.228411E+02
  5.000000E+00  2.400000E+02     3  4.381045E+01  4.767556E+01  2.949880E+01  3.239099E+01
  5.000000E+00  2.400000E+02     4  4.083539E+03 -7.200224E+01  1.261731E+03 -3.883725E+03
  5.000000E+00  2.400000E+02     5  1.643607E+03  1.290374E+02 -1.035190E+03  1.276646E+03
  5.000000E+00  2.400000E+02     6  8.173561E+02  3.585479E+01  6.624705E+02  4.787525E+02
  5.000000E+00  2.700000E+02     1  2.869858E+02  1.215284E+02 -1.500709E+02  2.446213E+02
  5.000000E+00  2.700000E+02     2  3.122539E+02 -1.233750E+02 -1.717759E+02 -2.607596E+02
  5.000000E+00  2.700000E+02     3  2.575142E+02  1.747639E+02 -2.564395E+02  2.350101E+01
  5.000000E+00  2.700000E+02     4  8.777390E+03 -1.381214E+02 -6.535301E+03 -5.859386E+03
  5.000000E+00  2.700000E+02     5  6.801049E+03  1.020467E+02 -1.419441E+03  6.651275E+03
  5.000000E+00  2.700000E+02     6  8.359912E+03  9.933114E+01 -1.355477E+03  8.249292E+03
  5.000000E+00  3.000000E+02     1  5.958501E+01 -1.025883E+02 -1.298617E+01 -5.815266E+01
  5.000000E+00  3.000000E+02     2  1.133287E+02  7.152201E+01  3.591845E+01  1.074861E+02
  5.000000E+00  3.000000E+02     3  2.335816E+02 -2.552207E+01  2.107885E+02 -1.006407E+02
  5.000000E+00  3.000000E+02     4  2.723268E+03  8.508131E+01  2.334980E+02  2.713240E+03
  5.000000E+00  3.000000E+02     5  1.447553E+03  8.450933E+01  1.385071E+02  1.440911E+03
  5.000000E+00  3.000000E+02     6  6.150694E+02 -6.160089E+01  2.925335E+02 -5.410495E+02
  5.000000E+00  3.300000E+02     1  2.502705E+02  2.533915E+01  2.261921E+02  1.071097E+02
  5.000000E+00  3.300000E+02     2  3.655508E+02 -8.201496E+01  5.078033E+01 -3.620065E+02
  5.000000E+00  3.300000E+02     3  2.578795E+02  1.739363E+02 -2.564367E+02  2.724105E+01
  5.000000E+00  3.300000E+02     4  5.611250E+03  1.448336E+02 -4.587102E+03  3.231814E+03
  5.000000E+00  3.300000E+02     5  9.584530E+03 -1.197416E+02 -4.754776E+03 -8.321979E+03
  5.000000E+00  3.300000E+02     6  8.279455E+03 -7.862298E+01  1.633241E+03 -8.116767E+03
  6.000000E+00  0.000000E+00     1  4.761871E+02 -8.535459E+01  3.856586E+01 -4.746228E+02
  6.000000E+00  0.000000E+00     2  4.246857E+00  1.000681E+02 -7.424272E-01  4.181458E+00
  6.000000E+00  0.000000E+00     3  2.134550E+02  9.282380E+01 -1.051579E+01  2.131958E+02
  6.000000E+00  0.000000E+00     4  6.686471E+01 -6.088399E+01  3.253500E+01 -5.841543E+01
  6.000000E+00  0.000000E+00     5  1.493023E+04  1.140551E+02 -6.085780E+03  1.363360E+04
  6.000000E+00  0.000000E+00     6  1.736702E+02 -3.484639E+01  1.425289E+02 -9.923138E+01
  6.000000E+00  3.000000E+01     1  7.738278E+02  4.031054E+01  5.900818E+02  5.006125E+02
  6.000000E+00  3.000000E+01     2  4.555726E+02  2.633144E+01  4.083038E+02  2.020751E+02
  6.000000E+00  3.000000E+01     3  3.721086E+02  1.107307E+02 -1.317177E+02  3.480162E+02
  6.000000E+00  3.000000E+01     4  1.339100E+04 -5.252937E+01  8.146477E+03 -1.062797E+04
  6.000000E+00  3.000000E+01     5  8.447737E+03  4.613859E+01  5.853576E+03  6.090970E+03
  6.000000E+00  3.000000E+01     6  1.474751E+04  7.301338E+01  4.308461E+03  1.410412E+04
  6.000000E+00  6.000000E+01     1  1.984561E+02 -9.705598E+01 -2.437818E+01 -1.969532E+02
  6.000000E+00  6.000000E+01     2  3.528554E+02 -9.661095E+01 -4.062318E+01 -3.505092E+02
  6.000000E+00  6.000000E+01     3  7.264944E+02 -7.412528E+01  1.987215E+02 -6.987875E+02
  6.000000E+00  6.000000E+01     4  1.464723E+04  1.632811E+02 -1.402806E+04  4.213656E+03
  6.000000E+00  6.000000E+01     5  8.714336E+03 -1.644754E+01  8.357739E+03 -2.467354E+03
  6.000000E+00  6.000000E+01     6  3.294051E+02 -1.342733E+02 -2.299517E+02 -2.358599E+02
  6.000000E+00  9.000000E+01     1  1.099442E+02 -4.736506E+01  7.446792E+01 -8.088421E+01
  6.000000E+00  9.000000E+01     2  8.879509E+02  3.711712E+01  7.080554E+02  5.358306E+02
  6.000000E+00  9.000000E+01     3  3.763683E+02  1.109023E+02 -1.342792E+02  3.515995E+02
  6.000000E+00  9.000000E+01     4  1.043618E+04 -9.646812E+01 -1.175640E+03 -1.036975E+04
  6.000000E+00  9.000000E+01     5  1.194738E+04  1.473379E+02 -1.005812E+04  6.447811E+03
  6.000000E+00  9.000000E+01     6  1.473758E+04 -1.053727E+02 -3.906894E+03 -1.421030E+04
  6.000000E+00  1.200000E+02     1  2.349058E+02  9.383854E+01 -1.572579E+01  2.343788E+02
  6.000000E+00  1.200000E+02     2  4.236234E+02 -8.574664E+01  3.141886E+01 -4.224567E+02
  6.000000E+00  1.200000E+02     3  2.014010E+02  9.117375E+01 -4.125560E+00  2.013587E+02
  6.000000E+00  1.200000E+02     4  1.323037E+04 -6.651532E+01  5.272354E+03 -1.213445E+04
  6.000000E+00  1.200000E+02     5  7.651042E+03 -6.689622E+01  3.002251E+03 -7.037396E+03
  6.000000E+00  1.200000E+02     6  9.084984E+01  7.785564E+01  1.911258E+01  8.881668E+01
  6.000000E+00  1.500000E+02     1  7.788612E+02 -1.465782E+02 -6.500677E+02 -4.289951E+02
  6.000000E+00  1.500000E+02     2  4.550380E+02  4.814362E+01  3.036313E+02  3.389213E+02
  6.000000E+00  1.500000E+02     3  3.797607E+02  1.115983E+02 -1.397888E+02  3.530967E+02
  6.000000E+00  1.500000E+02     4  9.400927E+03  1.776003E+02 -9.392683E+03  3.936281E+02
  6.000000E+00  1.500000E+02     5  1.278914E+04 -7.118004E+01  4.125720E+03 -1.210540E+04
  6.000000E+00  1.500000E+02     6  1.457668E+04  7.328470E+01  4.192492E+03  1.396076E+04
  6.000000E+00  1.800000E+02     1  4.012966E+02  8.306978E+01  4.842066E+01  3.983647E+02
  6.000000E+00  1.800000E+02     2  8.283514E+00 -5.012801E+01  5.310350E+00 -6.357420E+00
  6.000000E+00  1.800000E+02     3  7.259223E+02 -7.409930E+01  1.988817E+02 -6.981470E+02
  6.000000E+00  1.800000E+02     4  2.898718E+02 -6.296804E+00  2.881230E+02 -3.179281E+01
  6.000000E+00  1.800000E+02     5  1.724467E+04  1.631823E+02 -1.650712E+04  4.989365E+03
  6.000000E+00  1.800000E+02     6  1.387634E+02 -1.176789E+02 -6.445792E+01 -1.228839E+02
  6.000000E+00  2.100000E+02     1  7.690551E+02 -1.470276E+02 -6.451852E+02 -4.185471E+02
  6.000000E+00  2.100000E+02     2  4.438226E+02 -1.310726E+02 -2.915982E+02 -3.345878E+02
  6.000000E+00  2.100000E+02     3  3.746692E+02  1.113919E+02 -1.366590E+02  3.488572E+02
  6.000000E+00  2.100000E+02     4  9.042967E+03 -2.726423E-01  9.042864E+03 -4.303085E+01
  6.000000E+00  2.100000E+02     5  1.316578E+04 -7.170899E+01  4.131991E+03 -1.250057E+04
  6.000000E+00  2.100000E+02     6  1.458601E+04 -1.067816E+02 -4.211335E+03 -1.396483E+04
  6.000000E+00  2.400000E+02     1  2.443009E+02  9.436243E+01 -1.858280E+01  2.435932E+02
  6.000000E+00  2.400000E+02     2  4.188724E+02  9.508790E+01 -3.714725E+01  4.172220E+02
  6.000000E+00  2.400000E+02     3  2.115720E+02  9.368055E+01 -1.358155E+01  2.111357E+02
  6.000000E+00  2.400000E+02     4  1.323170E+04  1.141062E+02 -5.404224E+03  1.207776E+04
  6.000000E+00  2.400000E+02     5  7.247806E+03 -6.486272E+01  3.078784E+03 -6.561385E+03
  6.000000E+00  2.400000E+02     6  1.792567E+02 -8.582509E+01  1.305015E+01 -1.787811E+02
  6.000000E+00  2.700000E+02     1  9.582057E+01 -4.863705E+01  6.332079E+01 -7.191703E+01
  6.000000E+00  2.700000E+02     2  8.918154E+02 -1.432555E+02 -7.146214E+02 -5.335270E+02
  6.000000E+00  2.700000E+02     3  3.732899E+02  1.109557E+02 -1.335057E+02  3.485995E+02
  6.000000E+00  2.700000E+02     4  1.055263E+04  8.461121E+01  9.910342E+02  1.050600E+04
  6.000000E+00  2.700000E+02     5  1.165571E+04  1.487201E+02 -9.961446E+03  6.051863E+03
  6.000000E+00  2.700000E+02     6  1.478923E+04  7.430589E+01  4.000511E+03  1.423788E+04
  6.000000E+00  3.000000E+02     1  2.007459E+02 -9.808192E+01 -2.822266E+01 -1.987521E+02
  6.000000E+00  3.000000E+02     2  3.517433E+02  8.318349E+01  4.174842E+01  3.492570E+02
  6.000000E+00  3.000000E+02     3  7.247334E+02 -7.445247E+01  1.942558E+02 -6.982143E+02
  6.000000E+00  3.000000E+02     4  1.480974E+04 -1.647944E+01  1.420138E+04 -4.201099E+03
  6.000000E+00  3.000000E+02     5  8.446696E+03 -1.722948E+01  8.067660E+03 -2.501908E+03
  6.000000E+00  3.000000E+02     6  1.376760E+02 -2.500409E+01  1.247727E+02 -5.819329E+01
  6.000000E+00  3.300000E+02     1  7.616396E+02  4.104548E+01  5.744199E+02  5.001366E+02
  6.000000E+00  3.300000E+02     2  4.609031E+02 -1.549714E+02 -4.176228E+02 -1.949946E+02
  6.000000E+00  3.300000E+02     3  3.700085E+02  1.108387E+02 -1.316262E+02  3.458046E+02
  6.000000E+00  3.300000E+02     4  1.347735E+04  1.273092E+02 -8.168831E+03  1.071957E+04
  6.000000E+00  3.300000E+02     5  8.533983E+03  4.500776E+01  6.033620E+03  6.035255E+03
  6.000000E+00  3.300000E+02     6  1.467386E+04 -1.067787E+02 -4.235982E+03 -1.404915E+04
  7.000000E+00  0.000000E+00     1  1.167223E+03 -5.111366E+01  7.327565E+02 -9.085581E+02
  7.000000E+00  0.000000E+00     2  3.013033E+00  8.564392E+01  2.288539E-01  3.004329E+00
  7.000000E+00  0.000000E+00     3  6.047375E+02  5.291016E+01  3.646969E+02  4.823936E+02
  7.000000E+00  0.000000E+00     4  2.226073E+02  3.628857E+01  1.794318E+02  1.317507E+02
  7.000000E+00  0.000000E+00     5  2.681045E+04  8.789706E+01  9.838072E+02  2.679240E+04
  7.000000E+00  0.000000E+00     6  2.181847E+02  2.606923E+01  1.959874E+02  9.588274E+01
  7.000000E+00  3.000000E+01     1  7.109357E+02  9.348965E+01 -4.327336E+01  7.096174E+02
  7.000000E+00  3.000000E+01     2  4.467164E+02  1.059802E+02 -1.229835E+02  4.294539E+02
  7.000000E+00  3.000000E+01     3  2.760887E+02  1.146270E+01  2.705819E+02  5.486709E+01
  7.000000E+00  3.000000E+01     4  1.254692E+04 -2.085200E+01  1.172513E+04 -4.466139E+03
  7.000000E+00  3.000000E+01     5  2.936988E+04 -1.829603E+01  2.788515E+04 -9.219992E+03
  7.000000E+00  3.000000E+01     6  4.448005E+04  6.453053E+01  1.912777E+04  4.015723E+04
  7.000000E+00  6.000000E+01     1  4.975254E+02  1.019017E+02 -1.026066E+02  4.868300E+02
  7.000000E+00  6.000000E+01     2  8.341145E+02  1.032616E+02 -1.913431E+02  8.118712E+02
  7.000000E+00  6.000000E+01     3  7.438046E+02 -9.115542E+01 -1.499847E+01 -7.436533E+02
  7.000000E+00  6.000000E+01     4  2.713471E+04  7.977336E+01  4.817562E+03  2.670362E+04
  7.000000E+00  6.000000E+01     5  1.593372E+04 -1.000230E+02 -2.773173E+03 -1.569054E+04
  7.000000E+00  6.000000E+01     6  9.136968E+01 -4.038634E+01  6.959563E+01 -5.920192E+01
  7.000000E+00  9.000000E+01     1  6.969737E+01  1.678202E+02 -6.812852E+01  1.470473E+01
  7.000000E+00  9.000000E+01     2  8.377996E+02  9.688118E+01 -1.003773E+02  8.317647E+02
  7.000000E+00  9.000000E+01     3  2.784944E+02  1.139304E+01  2.730068E+02  5.501330E+01
  7.000000E+00  9.000000E+01     4  1.936612E+04  1.622089E+02 -1.843997E+04  5.917262E+03
  7.000000E+00  9.000000E+01     5  2.618961E+04  1.602410E+02 -2.464763E+04  8.853801E+03
  7.000000E+00  9.000000E+01     6  4.525576E+04 -1.157966E+02 -1.969431E+04 -4.074577E+04
  7.000000E+00  1.200000E+02     1  5.761124E+02  1.287731E+02 -3.607832E+02  4.491558E+02
  7.000000E+00  1.200000E+02     2  1.016355E+03 -5.082429E+01  6.420325E+02 -7.878913E+02
  7.000000E+00  1.200000E+02     3  6.029614E+02  5.257847E+01  3.664041E+02  4.788637E+02
  7.000000E+00  1.200000E+02     4  2.311179E+04 -9.184716E+01 -7.449730E+02 -2.309978E+04
  7.000000E+00  1.200000E+02     5  1.339843E+04 -9.261067E+01 -6.102855E+02 -1.338453E+04
  7.000000E+00  1.200000E+02     6  2.135944E+02  3.610204E+01  1.725777E+02  1.258552E+02
  7.000000E+00  1.500000E+02     1  7.328686E+02 -8.028143E+01  1.237148E+02 -7.223510E+02
  7.000000E+00  1.500000E+02     2  4.158941E+02  8.808473E+01  1.389982E+01  4.156618E+02
  7.000000E+00  1.500000E+02     3  2.734190E+02  1.088300E+01  2.685015E+02  5.162263E+01
  7.000000E+00  1.500000E+02     4  3.250954E+04  1.608219E+02 -3.070531E+04  1.067959E+04
  7.000000E+00  1.500000E+02     5  3.577001E+03  1.670048E+02 -3.485390E+03  8.043568E+02
  7.000000E+00  1.500000E+02     6  4.447177E+04  6.448322E+01  1.915735E+04  4.013396E+04
  7.000000E+00  1.800000E+02     1  9.662907E+02 -7.714910E+01  2.149173E+02 -9.420872E+02
  7.000000E+00  1.800000E+02     2  1.530207E+01 -2.406071E+01  1.397254E+01 -6.238722E+00
  7.000000E+00  1.800000E+02     3  7.465867E+02 -9.094868E+01 -1.236103E+01 -7.464843E+02
  7.000000E+00  1.800000E+02     4  7.468494E+02 -2.167473E+01  6.940438E+02 -2.758391E+02
  7.000000E+00  1.800000E+02     5  3.143742E+04  7.965834E+01  5.643570E+03  3.092671E+04
  7.000000E+00  1.800000E+02     6  2.138207E+02 -6.823768E+01  7.927554E+01 -1.985817E+02
  7.000000E+00  2.100000E+02     1  7.278719E+02 -8.052846E+01  1.197769E+02 -7.179492E+02
  7.000000E+00  2.100000E+02     2  3.813673E+02 -9.232382E+01 -1.546335E+01 -3.810537E+02
  7.000000E+00  2.100000E+02     3  2.824260E+02  1.226735E+01  2.759773E+02  6.000809E+01
  7.000000E+00  2.100000E+02     4  3.147740E+04 -1.832141E+01  2.988175E+04 -9.894833E+03
  7.000000E+00  2.100000E+02     5  3.441245E+03  1.725413E+02 -3.412127E+03  4.467125E+02
  7.000000E+00  2.100000E+02     6  4.521294E+04 -1.157722E+02 -1.965831E+04 -4.071561E+04
  7.000000E+00  2.400000E+02     1  5.979083E+02  1.289278E+02 -3.756903E+02  4.651356E+02
  7.000000E+00  2.400000E+02     2  1.008083E+03  1.287805E+02 -6.314016E+02  7.858522E+02
  7.000000E+00  2.400000E+02     3  6.026066E+02  5.317961E+01  3.611473E+02  4.823975E+02
  7.000000E+00  2.400000E+02     4  2.333414E+04  8.804321E+01  7.967641E+02  2.332053E+04
  7.000000E+00  2.400000E+02     5  1.351881E+04 -9.146260E+01 -3.450602E+02 -1.351441E+04
  7.000000E+00  2.400000E+02     6  2.300647E+02  4.792031E+01  1.541810E+02  1.707571E+02
  7.000000E+00  2.700000E+02     1  7.675695E+01  1.692883E+02 -7.541944E+01  1.426666E+01
  7.000000E+00  2.700000E+02     2  8.181025E+02 -8.354124E+01  9.202682E+01 -8.129100E+02
  7.000000E+00  2.700000E+02     3  2.761513E+02  1.199950E+01  2.701172E+02  5.741271E+01
  7.000000E+00  2.700000E+02     4  1.851933E+04 -1.718940E+01  1.769212E+04 -5.473041E+03
  7.000000E+00  2.700000E+02     5  2.581808E+04  1.611205E+02 -2.442909E+04  8.354211E+03
  7.000000E+00  2.700000E+02     6  4.453012E+04  6.445702E+01  1.920086E+04  4.017784E+04
  7.000000E+00  3.000000E+02     1  4.738830E+02  1.038696E+02 -1.135958E+02  4.600664E+02
  7.000000E+00  3.000000E+02     2  8.403806E+02 -7.751950E+01  1.816124E+02 -8.205220E+02
  7.000000E+00  3.000000E+02     3  7.416597E+02 -9.064149E+01 -8.303525E+00 -7.416132E+02
  7.000000E+00  3.000000E+02     4  2.724556E+04 -1.006411E+02 -5.031086E+03 -2.677702E+04
  7.000000E+00  3.000000E+02     5  1.559897E+04 -1.007218E+02 -2.902034E+03 -1.532665E+04
  7.000000E+00  3.000000E+02     6  2.163384E+02 -5.981766E+01  1.087649E+02 -1.870093E+02
  7.000000E+00  3.300000E+02     1  7.017562E+02  9.352524E+01 -4.314964E+01  7.004283E+02
  7.000000E+00  3.300000E+02     2  4.326014E+02 -7.654292E+01  1.006736E+02 -4.207242E+02
  7.000000E+00  3.300000E+02     3  2.793264E+02  1.183844E+01  2.733852E+02  5.730460E+01
  7.000000E+00  3.300000E+02     4  1.345553E+04  1.599706E+02 -1.264170E+04  4.608560E+03
  7.000000E+00  3.300000E+02     5  2.932573E+04 -1.826743E+01  2.784783E+04 -9.192229E+03
  7.000000E+00  3.300000E+02     6  4.523867E+04 -1.158450E+02 -1.972124E+04 -4.071376E+04
  8.000000E+00  0.000000E+00     1  1.075153E+03 -4.916290E+01  7.030539E+02 -8.134304E+02
  8.000000E+00  0.000000E+00     2  2.584206E+00 -1.751066E+02 -2.574787E+00 -2.204376E-01
  8.000000E+00  0.000000E+00     3  6.000676E+02  5.169921E+01  3.719158E+02  4.709137E+02
  8.000000E+00  0.000000E+00     4  8.920627E+01 -1.469566E+02 -7.477782E+01 -4.864191E+01
  8.000000E+00  0.000000E+00     5  5.585517E+03  1.067703E+02 -1.611623E+03  5.347959E+03
  8.000000E+00  0.000000E+00     6  4.530043E+01 -9.183232E+01 -1.448460E+00 -4.527727E+01
  8.000000E+00  3.000000E+01     1  6.881791E+02  1.710382E+02 -6.797781E+02  1.072017E+02
  8.000000E+00  3.000000E+01     2  3.785392E+02 -1.562235E+02 -3.464106E+02 -1.526158E+02
  8.000000E+00  3.000000E+01     3  4.781623E+01 -9.640917E+01 -5.337630E+00 -4.751739E+01
  8.000000E+00  3.000000E+01     4  1.947727E+04 -2.920098E+01  1.700198E+04 -9.502463E+03
  8.000000E+00  3.000000E+01     5  2.896493E+04 -4.121904E+00  2.889001E+04 -2.081964E+03
  8.000000E+00  3.000000E+01     6  5.890580E+04  6.799977E+01  2.206672E+04  5.461642E+04
  8.000000E+00  6.000000E+01     1  1.058924E+03  1.553206E+02 -9.621995E+02  4.421440E+02
  8.000000E+00  6.000000E+01     2  1.820922E+03  1.550952E+02 -1.651592E+03  7.668121E+02
  8.000000E+00  6.000000E+01     3  7.817409E+02 -1.007716E+02 -1.461024E+02 -7.679667E+02
  8.000000E+00  6.000000E+01     4  2.498486E+04  1.423544E+02 -1.978309E+04  1.526015E+04
  8.000000E+00  6.000000E+01     5  1.419581E+04 -3.670401E+01  1.138126E+04 -8.484570E+03
  8.000000E+00  6.000000E+01     6  1.081721E+02  1.350245E+02 -7.652200E+01  7.645650E+01
  8.000000E+00  9.000000E+01     1  1.830043E+02 -7.730885E+01  4.020524E+01 -1.785332E+02
  8.000000E+00  9.000000E+01     2  7.652736E+02  1.784490E+02 -7.649932E+02  2.071391E+01
  8.000000E+00  9.000000E+01     3  4.765760E+01 -8.820843E+01  1.489956E+00 -4.763430E+01
  8.000000E+00  9.000000E+01     4  1.703346E+04 -1.704272E+02 -1.679627E+04 -2.832688E+03
  8.000000E+00  9.000000E+01     5  3.065517E+04  1.624911E+02 -2.923492E+04  9.222739E+03
  8.000000E+00  9.000000E+01     6  5.895274E+04 -1.119542E+02 -2.204036E+04 -5.467768E+04
  8.000000E+00  1.200000E+02     1  5.351389E+02  1.305716E+02 -3.480533E+02  4.064880E+02
  8.000000E+00  1.200000E+02     2  9.238743E+02 -4.941412E+01  6.010607E+02 -7.016194E+02
  8.000000E+00  1.200000E+02     3  6.001370E+02  5.148174E+01  3.737437E+02  4.695530E+02
  8.000000E+00  1.200000E+02     4  4.788497E+03 -7.740631E+01  1.044064E+03 -4.673290E+03
  8.000000E+00  1.200000E+02     5  2.831021E+03 -7.516855E+01  7.246746E+02 -2.736699E+03
  8.000000E+00  1.200000E+02     6  4.930973E+01 -1.054529E+02 -1.313836E+01 -4.752718E+01
  8.000000E+00  1.500000E+02     1  6.486880E+02  6.467815E+00  6.445593E+02  7.307151E+01
  8.000000E+00  1.500000E+02     2  4.494516E+02  1.579976E+02 -4.167171E+02  1.683852E+02
  8.000000E+00  1.500000E+02     3  5.368077E+01 -9.129382E+01 -1.212074E+00 -5.366709E+01
  8.000000E+00  1.500000E+02     4  3.420880E+04  1.689592E+02 -3.357563E+04  6.551250E+03
  8.000000E+00  1.500000E+02     5  7.083699E+03 -9.012223E+01 -1.511165E+01 -7.083683E+03
  8.000000E+00  1.500000E+02     6  5.893072E+04  6.799773E+01  2.207801E+04  5.463873E+04
  8.000000E+00  1.800000E+02     1  2.107448E+03 -2.481948E+01  1.912793E+03 -8.846238E+02
  8.000000E+00  1.800000E+02     2  1.156051E+01  8.342611E+01  1.323499E+00  1.148450E+01
  8.000000E+00  1.800000E+02     3  7.789737E+02 -1.009765E+02 -1.483214E+02 -7.647227E+02
  8.000000E+00  1.800000E+02     4  3.569139E+02  7.238857E+01  1.079879E+02  3.401855E+02
  8.000000E+00  1.800000E+02     5  2.876060E+04  1.427665E+02 -2.289851E+04  1.740203E+04
  8.000000E+00  1.800000E+02     6  2.767045E+01  1.124688E+01  2.713907E+01  5.396758E+00
  8.000000E+00  2.100000E+02     1  6.436389E+02  7.038113E+00  6.387890E+02  7.886478E+01
  8.000000E+00  2.100000E+02     2  4.407203E+02 -2.142351E+01  4.102692E+02 -1.609769E+02
  8.000000E+00  2.100000E+02     3  4.224377E+01 -9.792915E+01 -5.827462E+00 -4.183990E+01
  8.000000E+00  2.100000E+02     4  3.396622E+04 -1.110180E+01  3.333060E+04 -6.540291E+03
  8.000000E+00  2.100000E+02     5  7.325024E+03 -8.789318E+01  2.692873E+02 -7.320073E+03
  8.000000E+00  2.100000E+02     6  5.888258E+04 -1.119247E+02 -2.198600E+04 -5.462393E+04
  8.000000E+00  2.400000E+02     1  5.400227E+02  1.312137E+02 -3.558043E+02  4.062362E+02
  8.000000E+00  2.400000E+02     2  9.356387E+02  1.308837E+02 -6.123995E+02  7.073802E+02
  8.000000E+00  2.400000E+02     3  5.970901E+02  5.173989E+01  3.697376E+02  4.688398E+02
  8.000000E+00  2.400000E+02     4  4.987530E+03  1.095010E+02 -1.664955E+03  4.701423E+03
  8.000000E+00  2.400000E+02     5  2.729594E+03 -7.275887E+01  8.090345E+02 -2.606941E+03
  8.000000E+00  2.400000E+02     6  2.245842E+00  1.651344E+02 -2.170673E+00  5.761786E-01
  8.000000E+00  2.700000E+02     1  1.844266E+02 -8.058897E+01  3.015666E+01 -1.819443E+02
  8.000000E+00  2.700000E+02     2  7.643818E+02 -9.654788E-01  7.642733E+02 -1.287982E+01
  8.000000E+00  2.700000E+02     3  4.912019E+01 -1.003190E+02 -8.798855E+00 -4.832570E+01
  8.000000E+00  2.700000E+02     4  1.689254E+04  1.077755E+01  1.659456E+04  3.158845E+03
  8.000000E+00  2.700000E+02     5  3.022278E+04  1.622523E+02 -2.878442E+04  9.212692E+03
  8.000000E+00  2.700000E+02     6  5.895693E+04  6.792591E+01  2.215632E+04  5.463530E+04
  8.000000E+00  3.000000E+02     1  1.050909E+03  1.551896E+02 -9.539114E+02  4.409794E+02
  8.000000E+00  3.000000E+02     2  1.832172E+03 -2.478031E+01  1.663469E+03 -7.679370E+02
  8.000000E+00  3.000000E+02     3  7.737143E+02 -1.010899E+02 -1.488237E+02 -7.592663E+02
  8.000000E+00  3.000000E+02     4  2.501184E+04 -3.672091E+01  2.004843E+04 -1.495502E+04
  8.000000E+00  3.000000E+02     5  1.456022E+04 -3.727370E+01  1.158632E+04 -8.818009E+03
  8.000000E+00  3.000000E+02     6  2.621705E+01  6.724373E+01  1.014107E+01  2.417628E+01
  8.000000E+00  3.300000E+02     1  6.851958E+02  1.716109E+02 -6.778643E+02  9.996606E+01
  8.000000E+00  3.300000E+02     2  3.819708E+02  2.214469E+01  3.537947E+02  1.439827E+02
  8.000000E+00  3.300000E+02     3  4.811898E+01 -9.277408E+01 -2.328857E+00 -4.806260E+01
  8.000000E+00  3.300000E+02     4  1.915004E+04  1.505537E+02 -1.667617E+04  9.414314E+03
  8.000000E+00  3.300000E+02     5  2.896994E+04 -3.759966E+00  2.890758E+04 -1.899753E+03
  8.000000E+00  3.300000E+02     6  5.892470E+04 -1.120152E+02 -2.208807E+04 -5.462817E+04
  9.000000E+00  0.000000E+00     1  8.935459E+02 -1.038188E+01  8.789172E+02 -1.610241E+02
  9.000000E+00  0.000000E+00     2  1.523438E+00  1.564109E+02 -1.396138E+00  6.096410E-01
  9.000000E+00  0.000000E+00     3  3.554928E+02  9.316405E+01 -1.962148E+01  3.549509E+02
  9.000000E+00  0.000000E+00     4  6.107283E+01 -1.048130E+02 -1.561421E+01 -5.904310E+01
  9.000000E+00  0.000000E+00     5  1.691592E+04 -1.055269E+02 -4.528239E+03 -1.629857E+04
  9.000000E+00  0.000000E+00     6  4.274625E+01  1.798661E+02 -4.274614E+01  9.991646E-02
  9.000000E+00  3.000000E+01     1  7.152077E+01 -9.971662E+01 -1.207094E+01 -7.049477E+01
  9.000000E+00  3.000000E+01     2  3.533635E+01  5.501730E+01  2.025935E+01  2.895196E+01
  9.000000E+00  3.000000E+01     3  1.044838E+02 -1.677204E+02 -1.020934E+02 -2.222183E+01
  9.000000E+00  3.000000E+01     4  1.977178E+04  1.808846E+01  1.879462E+04  6.138842E+03
  9.000000E+00  3.000000E+01     5  1.150784E+04 -7.224025E+01  3.510196E+03 -1.095942E+04
  9.000000E+00  3.000000E+01     6  4.988354E+04  7.938198E+01  9.191562E+03  4.902941E+04
  9.000000E+00  6.000000E+01     1  4.647715E+02  1.732644E+02 -4.615636E+02  5.451215E+01
  9.000000E+00  6.000000E+01     2  7.983028E+02  1.731424E+02 -7.925917E+02  9.531890E+01
  9.000000E+00  6.000000E+01     3  4.252694E+02 -1.050937E+02 -1.107392E+02 -4.105982E+02
  9.000000E+00  6.000000E+01     4  1.376045E+04  6.119957E+01  6.629238E+03  1.205833E+04
  9.000000E+00  6.000000E+01     5  7.909138E+03 -1.199670E+02 -3.950629E+03 -6.851788E+03
  9.000000E+00  6.000000E+01     6  6.603288E+01  1.231564E+02 -3.611515E+01  5.528143E+01
  9.000000E+00  9.000000E+01     1  6.327162E+01  7.089118E+01  2.071281E+01  5.978526E+01
  9.000000E+00  9.000000E+01     2  4.760319E+01 -9.190997E+01 -1.586567E+00 -4.757674E+01
  9.000000E+00  9.000000E+01     3  1.002932E+02 -1.686672E+02 -9.833775E+01 -1.970831E+01
  9.000000E+00  9.000000E+01     4  1.396644E+04  6.360286E+01  6.209347E+03  1.251021E+04
  9.000000E+00  9.000000E+01     5  1.803558E+04  1.792615E+02 -1.803409E+04  2.324573E+02
  9.000000E+00  9.000000E+01     6  4.987523E+04 -1.006536E+02 -9.220463E+03 -4.901553E+04
  9.000000E+00  1.200000E+02     1  4.440576E+02  1.697572E+02 -4.369807E+02  7.896195E+01
  9.000000E+00  1.200000E+02     2  7.728103E+02 -1.053751E+01  7.597772E+02 -1.413310E+02
  9.000000E+00  1.200000E+02     3  3.534939E+02  9.284753E+01 -1.756102E+01  3.530574E+02
  9.000000E+00  1.200000E+02     4  1.454894E+04  7.464281E+01  3.853079E+03  1.402945E+04
  9.000000E+00  1.200000E+02     5  8.429171E+03  7.454856E+01  2.245713E+03  8.124512E+03
  9.000000E+00  1.200000E+02     6  5.446992E+01 -1.555417E+02 -4.958197E+01 -2.255219E+01
  9.000000E+00  1.500000E+02     1  1.392192E+01  1.341471E+02 -9.696650E+00  9.989731E+00
  9.000000E+00  1.500000E+02     2  7.853882E+01 -1.049148E+02 -2.021457E+01 -7.589280E+01
  9.000000E+00  1.500000E+02     3  1.009406E+02 -1.666815E+02 -9.822574E+01 -2.325304E+01
  9.000000E+00  1.500000E+02     4  1.399703E+04  1.525263E+02 -1.241848E+04  6.457413E+03
  9.000000E+00  1.500000E+02     5  1.799852E+04  3.663311E+01  1.444332E+04  1.073951E+04
  9.000000E+00  1.500000E+02     6  4.987775E+04  7.942701E+01  9.151968E+03  4.903093E+04
  9.000000E+00  1.800000E+02     1  9.224590E+02 -6.786271E+00  9.159962E+02 -1.090033E+02
  9.000000E+00  1.800000E+02     2  3.480786E+00  1.635101E+02 -3.337620E+00  9.880082E-01
  9.000000E+00  1.800000E+02     3  4.256248E+02 -1.052146E+02 -1.116989E+02 -4.107065E+02
  9.000000E+00  1.800000E+02     4  6.360715E+01  3.177073E+01  5.407637E+01  3.349054E+01
  9.000000E+00  1.800000E+02     5  1.586232E+04  6.065950E+01  7.772520E+03  1.382755E+04
  9.000000E+00  1.800000E+02     6  4.970126E+01  1.164180E+02 -2.211290E+01  4.451106E+01
  9.000000E+00  2.100000E+02     1  1.731032E+01  1.370068E+02 -1.266137E+01  1.180410E+01
  9.000000E+00  2.100000E+02     2  7.629628E+01  7.644354E+01  1.788411E+01  7.417062E+01
  9.000000E+00  2.100000E+02     3  1.031471E+02 -1.694726E+02 -1.014109E+02 -1.884556E+01
  9.000000E+00  2.100000E+02     4  1.404257E+04 -2.764024E+01  1.244000E+04 -6.514604E+03
  9.000000E+00  2.100000E+02     5  1.806322E+04  3.647077E+01  1.452573E+04  1.073701E+04
  9.000000E+00  2.100000E+02     6  4.985593E+04 -1.006658E+02 -9.227360E+03 -4.899458E+04
  9.000000E+00  2.400000E+02     1  4.495467E+02  1.694469E+02 -4.419428E+02  8.233299E+01
  9.000000E+00  2.400000E+02     2  7.738347E+02  1.697133E+02 -7.613965E+02  1.381861E+02
  9.000000E+00  2.400000E+02     3  3.549928E+02  9.307064E+01 -1.901592E+01  3.544831E+02
  9.000000E+00  2.400000E+02     4  1.467332E+04 -1.059417E+02 -4.030165E+03 -1.410901E+04
  9.000000E+00  2.400000E+02     5  8.423599E+03  7.472865E+01  2.218698E+03  8.126155E+03
  9.000000E+00  2.400000E+02     6  5.325888E+01 -1.659149E+02 -5.165767E+01 -1.296123E+01
  9.000000E+00  2.700000E+02     1  6.305163E+01  7.005208E+01  2.151106E+01  5.926873E+01
  9.000000E+00  2.700000E+02     2  4.836778E+01  9.227167E+01 -1.917189E+00  4.832977E+01
  9.000000E+00  2.700000E+02     3  1.023088E+02 -1.669163E+02 -9.965295E+01 -2.316002E+01
  9.000000E+00  2.700000E+02     4  1.399188E+04 -1.173579E+02 -6.429933E+03 -1.242694E+04
  9.000000E+00  2.700000E+02     5  1.799507E+04  1.793480E+02 -1.799390E+04  2.047651E+02
  9.000000E+00  2.700000E+02     6  4.989627E+04  7.935120E+01  9.220254E+03  4.903697E+04
  9.000000E+00  3.000000E+02     1  4.575786E+02  1.732035E+02 -4.543631E+02  5.415131E+01
  9.000000E+00  3.000000E+02     2  7.997121E+02 -6.603914E+00  7.944059E+02 -9.197089E+01
  9.000000E+00  3.000000E+02     3  4.247587E+02 -1.049335E+02 -1.094596E+02 -4.104127E+02
  9.000000E+00  3.000000E+02     4  1.360664E+04 -1.196152E+02 -6.724032E+03 -1.182911E+04
  9.000000E+00  3.000000E+02     5  7.904619E+03 -1.190215E+02 -3.834834E+03 -6.912094E+03
  9.000000E+00  3.000000E+02     6  5.603730E+01  1.020273E+02 -1.167692E+01  5.480719E+01
  9.000000E+00  3.300000E+02     1  7.086236E+01 -9.619212E+01 -7.643394E+00 -7.044894E+01
  9.000000E+00  3.300000E+02     2  3.199792E+01 -1.243712E+02 -1.806448E+01 -2.641101E+01
  9.000000E+00  3.300000E+02     3  9.965227E+01 -1.683701E+02 -9.760643E+01 -2.008880E+01
  9.000000E+00  3.300000E+02     4  1.973090E+04 -1.621047E+02 -1.877631E+04 -6.062887E+03
  9.000000E+00  3.300000E+02     5  1.148895E+04 -7.231936E+01  3.489323E+03 -1.094626E+04
  9.000000E+00  3.300000E+02     6  4.985393E+04 -1.007132E+02 -9.267459E+03 -4.898498E+04
  1.000000E+01  0.000000E+00     1  7.617614E+02  2.945669E+01  6.632867E+02  3.746080E+02
  1.000000E+01  0.000000E+00     2  9.468194E-01 -1.585151E+02 -8.810285E-01 -3.467790E-01
  1.000000E+01  0.000000E+00     3  3.278500E+02  1.395437E+02 -2.494615E+02  2.127311E+02
  1.000000E+01  0.000000E+00     4  5.000768E+01 -5.742607E+01  2.692351E+01 -4.214135E+01
  1.000000E+01  0.000000E+00     5  2.097797E+04 -9.974758E+01 -3.551735E+03 -2.067512E+04
  1.000000E+01  0.000000E+00     6  6.257103E+01  1.712815E+02 -6.184802E+01  9.484528E+00
  1.000000E+01  3.000000E+01     1  4.094554E+02  6.463097E+01  1.754299E+02  3.699704E+02
  1.000000E+01  3.000000E+01     2  3.161911E+02  8.676511E+01  1.784251E+01  3.156873E+02
  1.000000E+01  3.000000E+01     3  2.377542E+02  1.686992E+02 -2.331446E+02  4.659037E+01
  1.000000E+01  3.000000E+01     4  1.553452E+04  5.117690E+01  9.738873E+03  1.210272E+04
  1.000000E+01  3.000000E+01     5  1.810218E+04 -9.192487E+01 -6.080326E+02 -1.809197E+04
  1.000000E+01  3.000000E+01     6  3.496159E+04  8.586179E+01  2.522917E+03  3.487044E+04
  1.000000E+01  6.000000E+01     1  3.410869E+02  1.230913E+02 -1.862251E+02  2.857630E+02
  1.000000E+01  6.000000E+01     2  5.886104E+02  1.228497E+02 -3.192842E+02  4.944894E+02
  1.000000E+01  6.000000E+01     3  2.305385E+02 -1.503373E+02 -2.003273E+02 -1.140919E+02
  1.000000E+01  6.000000E+01     4  2.136156E+04  7.432469E+01  5.771585E+03  2.056709E+04
  1.000000E+01  6.000000E+01     5  1.227847E+04 -1.061178E+02 -3.408672E+03 -1.179583E+04
  1.000000E+01  6.000000E+01     6  7.771448E+01  1.164607E+02 -3.462836E+01  6.957310E+01
  1.000000E+01  9.000000E+01     1  1.151899E+02  1.293823E+02 -7.308700E+01  8.903374E+01
  1.000000E+01  9.000000E+01     2  5.043862E+02  7.138554E+01  1.609993E+02  4.780007E+02
  1.000000E+01  9.000000E+01     3  2.357143E+02  1.681913E+02 -2.307257E+02  4.823778E+01
  1.000000E+01  9.000000E+01     4  2.234931E+04  7.627468E+01  5.302763E+03  2.171112E+04
  1.000000E+01  9.000000E+01     5  8.235117E+03 -1.705142E+02 -8.122515E+03 -1.357170E+03
  1.000000E+01  9.000000E+01     6  3.490721E+04 -9.425909E+01 -2.592448E+03 -3.481081E+04
  1.000000E+01  1.200000E+02     1  3.795264E+02 -1.504009E+02 -3.299991E+02 -1.874589E+02
  1.000000E+01  1.200000E+02     2  6.595542E+02  2.945198E+01  5.743187E+02  3.242989E+02
  1.000000E+01  1.200000E+02     3  3.254793E+02  1.394484E+02 -2.473060E+02  2.116046E+02
  1.000000E+01  1.200000E+02     4  1.813938E+04  8.032809E+01  3.047524E+03  1.788154E+04
  1.000000E+01  1.200000E+02     5  1.048848E+04  8.016839E+01  1.790941E+03  1.033444E+04
  1.000000E+01  1.200000E+02     6  6.722088E+01 -1.655764E+02 -6.510213E+01 -1.674394E+01
  1.000000E+01  1.500000E+02     1  4.698836E+02 -1.025680E+02 -1.022456E+02 -4.586245E+02
  1.000000E+01  1.500000E+02     2  2.168054E+02  4.849091E+01  1.436854E+02  1.623549E+02
  1.000000E+01  1.500000E+02     3  2.356010E+02  1.686060E+02 -2.309577E+02  4.654425E+01
  1.000000E+01  1.500000E+02     4  1.059516E+04  1.140890E+02 -4.324462E+03  9.672458E+03
  1.000000E+01  1.500000E+02     5  2.135480E+04  6.592931E+01  8.709847E+03  1.949785E+04
  1.000000E+01  1.500000E+02     6  3.492777E+04  8.591895E+01  2.485724E+03  3.483920E+04
  1.000000E+01  1.800000E+02     1  6.797224E+02 -5.711190E+01  3.690893E+02 -5.707852E+02
  1.000000E+01  1.800000E+02     2  6.329598E-01  1.598557E+02 -5.942403E-01  2.179829E-01
  1.000000E+01  1.800000E+02     3  2.307213E+02 -1.504784E+02 -2.007668E+02 -1.136882E+02
  1.000000E+01  1.800000E+02     4  5.640567E+01  2.207413E+01  5.227105E+01  2.119759E+01
  1.000000E+01  1.800000E+02     5  2.463905E+04  7.413232E+01  6.736729E+03  2.370020E+04
  1.000000E+01  1.800000E+02     6  5.942701E+01  1.482814E+02 -5.055103E+01  3.124361E+01
  1.000000E+01  2.100000E+02     1  4.698331E+02 -1.028730E+02 -1.046747E+02 -4.580244E+02
  1.000000E+01  2.100000E+02     2  2.166114E+02 -1.314556E+02 -1.434053E+02 -1.623435E+02
  1.000000E+01  2.100000E+02     3  2.378463E+02  1.680484E+02 -2.326904E+02  4.925456E+01
  1.000000E+01  2.100000E+02     4  1.061348E+04 -6.578605E+01  4.353068E+03 -9.679711E+03
  1.000000E+01  2.100000E+02     5  2.135494E+04  6.595419E+01  8.701433E+03  1.950176E+04
  1.000000E+01  2.100000E+02     6  3.493018E+04 -9.428049E+01 -2.607159E+03 -3.483275E+04
  1.000000E+01  2.400000E+02     1  3.826310E+02 -1.507627E+02 -3.338855E+02 -1.868875E+02
  1.000000E+01  2.400000E+02     2  6.592362E+02 -1.505047E+02 -5.737964E+02 -3.245768E+02
  1.000000E+01  2.400000E+02     3  3.275341E+02  1.394387E+02 -2.488312E+02  2.129827E+02
  1.000000E+01  2.400000E+02     4  1.818055E+04 -9.997490E+01 -3.149175E+03 -1.790572E+04
  1.000000E+01  2.400000E+02     5  1.044893E+04  8.051173E+01  1.722460E+03  1.030598E+04
  1.000000E+01  2.400000E+02     6  6.923774E+01 -1.547815E+02 -6.263865E+01 -2.950023E+01
  1.000000E+01  2.700000E+02     1  1.152107E+02  1.296578E+02 -7.352762E+01  8.869727E+01
  1.000000E+01  2.700000E+02     2  5.046243E+02 -1.087037E+02 -1.618204E+02 -4.779747E+02
  1.000000E+01  2.700000E+02     3  2.356260E+02  1.684397E+02 -2.308462E+02  4.721929E+01
  1.000000E+01  2.700000E+02     4  2.234062E+04 -1.041066E+02 -5.445020E+03 -2.166691E+04
  1.000000E+01  2.700000E+02     5  8.261685E+03 -1.699706E+02 -8.135435E+03 -1.438800E+03
  1.000000E+01  2.700000E+02     6  3.493911E+04  8.585184E+01  2.527352E+03  3.484759E+04
  1.000000E+01  3.000000E+02     1  3.393275E+02  1.226736E+02 -1.831868E+02  2.856321E+02
  1.000000E+01  3.000000E+02     2  5.884173E+02 -5.712112E+01  3.194311E+02 -4.941646E+02
  1.000000E+01  3.000000E+02     3  2.283426E+02 -1.503241E+02 -1.983932E+02 -1.130508E+02
  1.000000E+01  3.000000E+02     4  2.129863E+04 -1.059601E+02 -5.856454E+03 -2.047764E+04
  1.000000E+01  3.000000E+02     5  1.232680E+04 -1.057537E+02 -3.346755E+03 -1.186377E+04
  1.000000E+01  3.000000E+02     6  6.962720E+01  1.245858E+02 -3.952314E+01  5.732250E+01
  1.000000E+01  3.300000E+02     1  4.100893E+02  6.438900E+01  1.772648E+02  3.697978E+02
  1.000000E+01  3.300000E+02     2  3.163138E+02 -9.326827E+01 -1.803342E+01 -3.157993E+02
  1.000000E+01  3.300000E+02     3  2.357060E+02  1.679782E+02 -2.305366E+02  4.909386E+01
  1.000000E+01  3.300000E+02     4  1.551980E+04 -1.287825E+02 -9.721066E+03 -1.209814E+04
  1.000000E+01  3.300000E+02     5  1.811709E+04 -9.188684E+01 -5.965163E+02 -1.810727E+04
  1.000000E+01  3.300000E+02     6  3.489652E+04 -9.431739E+01 -2.627055E+03 -3.479750E+04
  1.100000E+01  0.000000E+00     1  8.187301E+02  5.338736E+01  4.882923E+02  6.571831E+02
  1.100000E+01  0.000000E+00     2  6.930935E-01 -1.224787E+02 -3.721817E-01 -5.846875E-01
  1.100000E+01  0.000000E+00     3  3.385861E+02  1.612011E+02 -3.205244E+02  1.091083E+02
  1.100000E+01  0.000000E+00     4  3.944139E+01 -2.849824E+01  3.466235E+01 -1.881874E+01
  1.100000E+01  0.000000E+00     5  2.033997E+04 -1.020397E+02 -4.242716E+03 -1.989255E+04
  1.100000E+01  0.000000E+00     6  6.036394E+01  1.699865E+02 -5.944440E+01  1.049608E+01
  1.100000E+01  3.000000E+01     1  6.327128E+02  7.462677E+01  1.677357E+02  6.100740E+02
  1.100000E+01  3.000000E+01     2  4.327923E+02  9.293483E+01 -2.215899E+01  4.322246E+02
  1.100000E+01  3.000000E+01     3  3.022835E+02  1.694100E+02 -2.971348E+02  5.555355E+01
  1.100000E+01  3.000000E+01     4  1.249136E+04  7.228709E+01  3.800467E+03  1.189919E+04
  1.100000E+01  3.000000E+01     5  1.798424E+04 -9.534371E+01 -1.674875E+03 -1.790608E+04
  1.100000E+01  3.000000E+01     6  2.430006E+04  8.839625E+01  6.800890E+02  2.429054E+04
  1.100000E+01  6.000000E+01     1  4.267669E+02  1.058243E+02 -1.163742E+02  4.105935E+02
  1.100000E+01  6.000000E+01     2  7.376497E+02  1.056642E+02 -1.991651E+02  7.102537E+02
  1.100000E+01  6.000000E+01     3  2.701377E+02  1.788712E+02 -2.700852E+02  5.321736E+00
  1.100000E+01  6.000000E+01     4  2.013870E+04  8.466151E+01  1.873695E+03  2.005135E+04
  1.100000E+01  6.000000E+01     5  1.155479E+04 -9.565536E+01 -1.138661E+03 -1.149855E+04
  1.100000E+01  6.000000E+01     6  7.497916E+01  1.237482E+02 -4.165419E+01  6.234423E+01
  1.100000E+01  9.000000E+01     1  1.254918E+02  1.459527E+02 -1.039794E+02  7.026006E+01
  1.100000E+01  9.000000E+01     2  7.565343E+02  7.976222E+01  1.344615E+02  7.444893E+02
  1.100000E+01  9.000000E+01     3  3.006594E+02  1.691430E+02 -2.952777E+02  5.663160E+01
  1.100000E+01  9.000000E+01     4  2.171589E+04  8.132273E+01  3.276245E+03  2.146732E+04
  1.100000E+01  9.000000E+01     5  2.753115E+03 -1.528160E+02 -2.449016E+03 -1.257759E+03
  1.100000E+01  9.000000E+01     6  2.424135E+04 -9.181419E+01 -7.674415E+02 -2.422920E+04
  1.100000E+01  1.200000E+02     1  4.087256E+02 -1.265391E+02 -2.433437E+02 -3.283907E+02
  1.100000E+01  1.200000E+02     2  7.092901E+02  5.339959E+01  4.229005E+02  5.694274E+02
  1.100000E+01  1.200000E+02     3  3.366476E+02  1.612214E+02 -3.187277E+02  1.083710E+02
  1.100000E+01  1.200000E+02     4  1.760866E+04  7.801332E+01  3.657040E+03  1.722472E+04
  1.100000E+01  1.200000E+02     5  1.019172E+04  7.786465E+01  2.142521E+03  9.963970E+03
  1.100000E+01  1.200000E+02     6  6.504793E+01 -1.664706E+02 -6.324284E+01 -1.521764E+01
  1.100000E+01  1.500000E+02     1  6.824646E+02 -9.539056E+01 -6.411354E+01 -6.794464E+02
  1.100000E+01  1.500000E+02     2  3.494946E+02  6.327930E+01  1.571474E+02  3.121717E+02
  1.100000E+01  1.500000E+02     3  3.008405E+02  1.693656E+02 -2.956735E+02  5.551766E+01
  1.100000E+01  1.500000E+02     4  9.624186E+03  9.261371E+01 -4.388828E+02  9.614174E+03
  1.100000E+01  1.500000E+02     5  1.967733E+04  7.793163E+01  4.114110E+03  1.924243E+04
  1.100000E+01  1.500000E+02     6  2.425899E+04  8.845406E+01  6.544697E+02  2.425016E+04
  1.100000E+01  1.800000E+02     1  8.518141E+02 -7.431539E+01  2.302810E+02 -8.200963E+02
  1.100000E+01  1.800000E+02     2  3.715753E-01  9.839217E+01 -5.423063E-02  3.675965E-01
  1.100000E+01  1.800000E+02     3  2.705640E+02  1.787912E+02 -2.705038E+02  5.707716E+00
  1.100000E+01  1.800000E+02     4  3.859739E+01  8.496061E+00  3.817382E+01  5.702433E+00
  1.100000E+01  1.800000E+02     5  2.321629E+04  8.454148E+01  2.208451E+03  2.311101E+04
  1.100000E+01  1.800000E+02     6  5.698170E+01  1.650578E+02 -5.505495E+01  1.469237E+01
  1.100000E+01  2.100000E+02     1  6.827116E+02 -9.552247E+01 -6.570148E+01 -6.795428E+02
  1.100000E+01  2.100000E+02     2  3.487700E+02 -1.167002E+02 -1.567099E+02 -3.115807E+02
  1.100000E+01  2.100000E+02     3  3.023885E+02  1.690466E+02 -2.968795E+02  5.745710E+01
  1.100000E+01  2.100000E+02     4  9.638723E+03 -8.724825E+01  4.627430E+02 -9.627608E+03
  1.100000E+01  2.100000E+02     5  1.965758E+04  7.803126E+01  4.076551E+03  1.923024E+04
  1.100000E+01  2.100000E+02     6  2.427690E+04 -9.183160E+01 -7.759426E+02 -2.426450E+04
  1.100000E+01  2.400000E+02     1  4.103731E+02 -1.267684E+02 -2.456422E+02 -3.287340E+02
  1.100000E+01  2.400000E+02     2  7.087192E+02 -1.265977E+02 -4.225329E+02 -5.689893E+02
  1.100000E+01  2.400000E+02     3  3.381776E+02  1.611278E+02 -3.199979E+02  1.093865E+02
  1.100000E+01  2.400000E+02     4  1.764229E+04 -1.021923E+02 -3.725928E+03 -1.724436E+04
  1.100000E+01  2.400000E+02     5  1.012012E+04  7.820395E+01  2.068842E+03  9.906396E+03
  1.100000E+01  2.400000E+02     6  6.821980E+01 -1.505152E+02 -5.938436E+01 -3.357735E+01
  1.100000E+01  2.700000E+02     1  1.252423E+02  1.462665E+02 -1.041552E+02  6.955093E+01
  1.100000E+01  2.700000E+02     2  7.564106E+02 -1.002661E+02 -1.348073E+02 -7.443011E+02
  1.100000E+01  2.700000E+02     3  3.006670E+02  1.692293E+02 -2.953701E+02  5.618833E+01
  1.100000E+01  2.700000E+02     4  2.170920E+04 -9.895765E+01 -3.380215E+03 -2.144443E+04
  1.100000E+01  2.700000E+02     5  2.820309E+03 -1.510881E+02 -2.468797E+03 -1.363520E+03
  1.100000E+01  2.700000E+02     6  2.426675E+04  8.839783E+01  6.784870E+02  2.425726E+04
  1.100000E+01  3.000000E+02     1  4.257018E+02  1.056016E+02 -1.144911E+02  4.100168E+02
  1.100000E+01  3.000000E+02     2  7.379487E+02 -7.433314E+01  1.992783E+02 -7.105325E+02
  1.100000E+01  3.000000E+02     3  2.687131E+02  1.786725E+02 -2.686410E+02  6.225567E+00
  1.100000E+01  3.000000E+02     4  2.009581E+04 -9.552027E+01 -1.933176E+03 -2.000262E+04
  1.100000E+01  3.000000E+02     5  1.163459E+04 -9.538815E+01 -1.092514E+03 -1.158318E+04
  1.100000E+01  3.000000E+02     6  6.601159E+01  1.390205E+02 -4.983509E+01  4.328965E+01
  1.100000E+01  3.300000E+02     1  6.326541E+02  7.450869E+01  1.689770E+02  6.096703E+02
  1.100000E+01  3.300000E+02     2  4.336301E+02 -8.707491E+01  2.212829E+01 -4.330651E+02
  1.100000E+01  3.300000E+02     3  3.009878E+02  1.690016E+02 -2.954594E+02  5.742279E+01
  1.100000E+01  3.300000E+02     4  1.247722E+04 -1.075988E+02 -3.772497E+03 -1.189325E+04
  1.100000E+01  3.300000E+02     5  1.801427E+04 -9.525494E+01 -1.649883E+03 -1.793856E+04
  1.100000E+01  3.300000E+02     6  2.423639E+04 -9.186460E+01 -7.885944E+02 -2.422356E+04
  1.200000E+01  0.000000E+00     1  8.872963E+02  6.550645E+01  3.678649E+02  8.074466E+02
  1.200000E+01  0.000000E+00     2  5.971093E-01 -1.028518E+02 -1.328154E-01 -5.821508E-01
  1.200000E+01  0.000000E+00     3  2.994917E+02  1.717669E+02 -2.964050E+02  4.288758E+01
  1.200000E+01  0.000000E+00     4  3.204179E+01 -9.239593E+00  3.162607E+01 -5.144735E+00
  1.200000E+01  0.000000E+00     5  1.842923E+04 -1.044086E+02 -4.585842E+03 -1.784955E+04
  1.200000E+01  0.000000E+00     6  5.234330E+01  1.684889E+02 -5.129047E+01  1.044549E+01
  1.200000E+01  3.000000E+01     1  7.419533E+02  7.901768E+01  1.413466E+02  7.283652E+02
  1.200000E+01  3.000000E+01     2  4.773870E+02  9.474303E+01 -3.947367E+01  4.757522E+02
  1.200000E+01  3.000000E+01     3  2.844451E+02  1.726688E+02 -2.821198E+02  3.629654E+01
  1.200000E+01  3.000000E+01     4  1.032500E+04  8.624999E+01  6.752889E+02  1.030289E+04
  1.200000E+01  3.000000E+01     5  1.610357E+04 -9.745885E+01 -2.090470E+03 -1.596730E+04
  1.200000E+01  3.000000E+01     6  1.744575E+04  8.938025E+01  1.887009E+02  1.744473E+04
  1.200000E+01  6.000000E+01     1  4.693538E+02  1.003148E+02 -8.404053E+01  4.617685E+02
  1.200000E+01  6.000000E+01     2  8.117263E+02  1.002018E+02 -1.437689E+02  7.988930E+02
  1.200000E+01  6.000000E+01     3  2.686404E+02  1.732883E+02 -2.667993E+02  3.139690E+01
  1.200000E+01  6.000000E+01     4  1.739362E+04  9.128530E+01 -3.901535E+02  1.738924E+04
  1.200000E+01  6.000000E+01     5  9.966400E+03 -8.897813E+01  1.777411E+02 -9.964815E+03
  1.200000E+01  6.000000E+01     6  6.524094E+01  1.299242E+02 -4.186989E+01  5.003292E+01
  1.200000E+01  9.000000E+01     1  1.164063E+02  1.552331E+02 -1.056992E+02  4.876575E+01
  1.200000E+01  9.000000E+01     2  8.748276E+02  8.324335E+01  1.029258E+02  8.687517E+02
  1.200000E+01  9.000000E+01     3  2.830439E+02  1.724846E+02 -2.806125E+02  3.701979E+01
  1.200000E+01  9.000000E+01     4  1.911268E+04  8.373354E+01  2.086195E+03  1.899849E+04
  1.200000E+01  9.000000E+01     5  9.588273E+02 -6.144300E+01  4.583509E+02 -8.421783E+02
  1.200000E+01  9.000000E+01     6  1.739496E+04 -9.090549E+01 -2.748946E+02 -1.739279E+04
  1.200000E+01  1.200000E+02     1  4.432265E+02 -1.144609E+02 -1.835276E+02 -4.034443E+02
  1.200000E+01  1.200000E+02     2  7.688004E+02  6.551314E+01  3.186559E+02  6.996517E+02
  1.200000E+01  1.200000E+02     3  2.979179E+02  1.718323E+02 -2.948960E+02  4.232565E+01
  1.200000E+01  1.200000E+02     4  1.596354E+04  7.564124E+01  3.958838E+03  1.546487E+04
  1.200000E+01  1.200000E+02     5  9.246070E+03  7.552473E+01  2.311167E+03  8.952560E+03
  1.200000E+01  1.200000E+02     6  5.724602E+01 -1.659308E+02 -5.552879E+01 -1.391617E+01
  1.200000E+01  1.500000E+02     1  7.770410E+02 -9.266574E+01 -3.613955E+01 -7.762001E+02
  1.200000E+01  1.500000E+02     2  4.181266E+02  7.001844E+01  1.428813E+02  3.929565E+02
  1.200000E+01  1.500000E+02     3  2.833112E+02  1.726571E+02 -2.809877E+02  3.620936E+01
  1.200000E+01  1.500000E+02     4  8.853680E+03  8.038977E+01  1.478076E+03  8.729430E+03
  1.200000E+01  1.500000E+02     5  1.697568E+04  8.452435E+01  1.619869E+03  1.689822E+04
  1.200000E+01  1.500000E+02     6  1.740511E+04  8.943584E+01  1.713762E+02  1.740426E+04
  1.200000E+01  1.800000E+02     1  9.373621E+02 -7.978643E+01  1.662110E+02 -9.225083E+02
  1.200000E+01  1.800000E+02     2  4.279025E-01  7.726342E+01  9.433925E-02  4.173736E-01
  1.200000E+01  1.800000E+02     3  2.690501E+02  1.732378E+02 -2.671784E+02  3.168053E+01
  1.200000E+01  1.800000E+02     4  3.080536E+01 -5.194148E+00  3.067886E+01 -2.788836E+00
  1.200000E+01  1.800000E+02     5  2.004314E+04  9.120358E+01 -4.210063E+02  2.003872E+04
  1.200000E+01  1.800000E+02     6  5.057401E+01  1.765422E+02 -5.048193E+01  3.050321E+00
  1.200000E+01  2.100000E+02     1  7.774233E+02 -9.274175E+01 -3.718750E+01 -7.765334E+02
  1.200000E+01  2.100000E+02     2  4.172967E+02 -1.099622E+02 -1.424651E+02 -3.922247E+02
  1.200000E+01  2.100000E+02     3  2.844807E+02  1.723945E+02 -2.819780E+02  3.765159E+01
  1.200000E+01  2.100000E+02     4  8.868176E+03 -9.944636E+01 -1.455482E+03 -8.747921E+03
  1.200000E+01  2.100000E+02     5  1.694779E+04  8.465977E+01  1.577326E+03  1.687423E+04
  1.200000E+01  2.100000E+02     6  1.743214E+04 -9.091667E+01 -2.788830E+02 -1.742991E+04
  1.200000E+01  2.400000E+02     1  4.443690E+02 -1.145974E+02 -1.849637E+02 -4.040449E+02
  1.200000E+01  2.400000E+02     2  7.682114E+02 -1.144883E+02 -3.184288E+02 -6.991078E+02
  1.200000E+01  2.400000E+02     3  2.990716E+02  1.717153E+02 -2.959506E+02  4.309393E+01
  1.200000E+01  2.400000E+02     4  1.599402E+04 -1.045088E+02 -4.006960E+03 -1.548396E+04
  1.200000E+01  2.400000E+02     5  9.161203E+03  7.580593E+01  2.246391E+03  8.881519E+03
  1.200000E+01  2.400000E+02     6  6.179098E+01 -1.476472E+02 -5.219908E+01 -3.306631E+01
  1.200000E+01  2.700000E+02     1  1.161195E+02  1.555983E+02 -1.057467E+02  4.797252E+01
  1.200000E+01  2.700000E+02     2  8.746951E+02 -9.677386E+01 -1.031711E+02 -8.685892E+02
  1.200000E+01  2.700000E+02     3  2.830583E+02  1.725355E+02 -2.806595E+02  3.677264E+01
  1.200000E+01  2.700000E+02     4  1.911004E+04 -9.650208E+01 -2.164007E+03 -1.898712E+04
  1.200000E+01  2.700000E+02     5  1.050238E+03 -6.503473E+01  4.432728E+02 -9.521078E+02
  1.200000E+01  2.700000E+02     6  1.741059E+04  8.939088E+01  1.850882E+02  1.740961E+04
  1.200000E+01  3.000000E+02     1  4.684476E+02  1.001758E+02 -8.276012E+01  4.610791E+02
  1.200000E+01  3.000000E+02     2  8.121470E+02 -7.979935E+01  1.438279E+02 -7.993099E+02
  1.200000E+01  3.000000E+02     3  2.675854E+02  1.731150E+02 -2.656558E+02  3.207719E+01
  1.200000E+01  3.000000E+02     4  1.736043E+04 -8.885425E+01  3.471374E+02 -1.735696E+04
  1.200000E+01  3.000000E+02     5  1.005523E+04 -8.875127E+01  2.191319E+02 -1.005284E+04
  1.200000E+01  3.000000E+02     6  5.725266E+01  1.485371E+02 -4.883527E+01  2.988284E+01
  1.200000E+01  3.300000E+02     1  7.416879E+02  7.894409E+01  1.422311E+02  7.279226E+02
  1.200000E+01  3.300000E+02     2  4.783228E+02 -8.525704E+01  3.955049E+01 -4.766848E+02
  1.200000E+01  3.300000E+02     3  2.834037E+02  1.723639E+02 -2.808905E+02  3.765895E+01
  1.200000E+01  3.300000E+02     4  1.031098E+04 -9.360159E+01 -6.477181E+02 -1.029061E+04
  1.200000E+01  3.300000E+02     5  1.613742E+04 -9.733349E+01 -2.059850E+03 -1.600542E+04
  1.200000E+01  3.300000E+02     6  1.739218E+04 -9.094621E+01 -2.872100E+02 -1.738981E+04
  1.300000E+01  0.000000E+00     1  9.272154E+02  7.211420E+01  2.847672E+02  8.824036E+02
  1.300000E+01  0.000000E+00     2  5.345380E-01 -9.319948E+01 -2.983379E-02 -5.337048E-01
  1.300000E+01  0.000000E+00     3  2.293086E+02  1.782703E+02 -2.292041E+02  6.921509E+00
  1.300000E+01  0.000000E+00     4  2.708841E+01  4.743164E+00  2.699564E+01  2.239922E+00
  1.300000E+01  0.000000E+00     5  1.621842E+04 -1.063126E+02 -4.555388E+03 -1.556553E+04
  1.300000E+01  0.000000E+00     6  4.412604E+01  1.663356E+02 -4.287709E+01  1.042412E+01
  1.300000E+01  3.000000E+01     1  7.925038E+02  8.142873E+01  1.181143E+02  7.836525E+02
  1.300000E+01  3.000000E+01     2  4.912772E+02  9.499969E+01 -4.281496E+01  4.894079E+02
  1.300000E+01  3.000000E+01     3  2.229427E+02  1.754370E+02 -2.222360E+02  1.773638E+01
  1.300000E+01  3.000000E+01     4  8.713075E+03  9.588895E+01 -8.939666E+02  8.667093E+03
  1.300000E+01  3.000000E+01     5  1.397298E+04 -9.902010E+01 -2.190698E+03 -1.380018E+04
  1.300000E+01  3.000000E+01     6  1.295884E+04  8.979717E+01  4.587437E+01  1.295876E+04
  1.300000E+01  6.000000E+01     1  4.845219E+02  9.745412E+01 -6.285811E+01  4.804273E+02
  1.300000E+01  6.000000E+01     2  8.381650E+02  9.737140E+01 -1.075370E+02  8.312379E+02
  1.300000E+01  6.000000E+01     3  2.167864E+02  1.721742E+02 -2.147673E+02  2.951807E+01
  1.300000E+01  6.000000E+01     4  1.476679E+04  9.591465E+01 -1.521673E+03  1.468818E+04
  1.300000E+01  6.000000E+01     5  8.451642E+03 -8.430926E+01  8.380556E+02 -8.409988E+03
  1.300000E+01  6.000000E+01     6  5.528275E+01  1.338816E+02 -3.832038E+01  3.984633E+01
  1.300000E+01  9.000000E+01     1  1.022601E+02  1.612355E+02 -9.682488E+01  3.289491E+01
  1.300000E+01  9.000000E+01     2  9.270037E+02  8.498134E+01  8.109451E+01  9.234498E+02
  1.300000E+01  9.000000E+01     3  2.217317E+02  1.752838E+02 -2.209810E+02  1.823102E+01
  1.300000E+01  9.000000E+01     4  1.636766E+04  8.509981E+01  1.398130E+03  1.630784E+04
  1.300000E+01  9.000000E+01     5  1.932686E+03 -1.536948E+01  1.863567E+03 -5.122440E+02
  1.300000E+01  9.000000E+01     6  1.291630E+04 -9.054858E+01 -1.236659E+02 -1.291571E+04
  1.300000E+01  1.200000E+02     1  4.632466E+02 -1.078713E+02 -1.421614E+02 -4.408940E+02
  1.300000E+01  1.200000E+02     2  8.033906E+02  7.211649E+01  2.467075E+02  7.645730E+02
  1.300000E+01  1.200000E+02     3  2.280155E+02  1.783754E+02 -2.279238E+02  6.464508E+00
  1.300000E+01  1.200000E+02     4  1.405344E+04  7.374095E+01  3.934691E+03  1.349138E+04
  1.300000E+01  1.200000E+02     5  8.143745E+03  7.365253E+01  2.292153E+03  7.814513E+03
  1.300000E+01  1.200000E+02     6  4.871988E+01 -1.654822E+02 -4.716424E+01 -1.221314E+01
  1.300000E+01  1.500000E+02     1  8.159122E+02 -9.152781E+01 -2.175388E+01 -8.156221E+02
  1.300000E+01  1.500000E+02     2  4.514945E+02  7.401794E+01  1.243129E+02  4.340433E+02
  1.300000E+01  1.500000E+02     3  2.220096E+02  1.754493E+02 -2.213098E+02  1.761449E+01
  1.300000E+01  1.500000E+02     4  8.017108E+03  7.298336E+01  2.346203E+03  7.666117E+03
  1.300000E+01  1.500000E+02     5  1.440554E+04  8.875620E+01  3.126959E+02  1.440215E+04
  1.300000E+01  1.500000E+02     6  1.292077E+04  8.984998E+01  3.383065E+01  1.292073E+04
  1.300000E+01  1.800000E+02     1  9.679110E+02 -8.262161E+01  1.243007E+02 -9.598964E+02
  1.300000E+01  1.800000E+02     2  4.455616E-01  7.206665E+01  1.371931E-01  4.239141E-01
  1.300000E+01  1.800000E+02     3  2.171474E+02  1.721387E+02 -2.151067E+02  2.970061E+01
  1.300000E+01  1.800000E+02     4  2.638883E+01 -1.537189E+01  2.544478E+01 -6.995233E+00
  1.300000E+01  1.800000E+02     5  1.700957E+04  9.586101E+01 -1.736944E+03  1.692066E+04
  1.300000E+01  1.800000E+02     6  4.376583E+01 -1.750069E+02 -4.359975E+01 -3.809218E+00
  1.300000E+01  2.100000E+02     1  8.163477E+02 -9.157863E+01 -2.248938E+01 -8.160378E+02
  1.300000E+01  2.100000E+02     2  4.506680E+02 -1.059633E+02 -1.239433E+02 -4.332894E+02
  1.300000E+01  2.100000E+02     3  2.229481E+02  1.751894E+02 -2.221627E+02  1.869702E+01
  1.300000E+01  2.100000E+02     4  8.030987E+03 -1.068315E+02 -2.325434E+03 -7.686944E+03
  1.300000E+01  2.100000E+02     5  1.437447E+04  8.891389E+01  2.724706E+02  1.437189E+04
  1.300000E+01  2.100000E+02     6  1.295167E+04 -9.055362E+01 -1.251424E+02 -1.295106E+04
  1.300000E+01  2.400000E+02     1  4.642057E+02 -1.079602E+02 -1.431411E+02 -4.415853E+02
  1.300000E+01  2.400000E+02     2  8.028370E+02 -1.078844E+02 -2.465493E+02 -7.640424E+02
  1.300000E+01  2.400000E+02     3  2.289241E+02  1.782344E+02 -2.288154E+02  7.053470E+00
  1.300000E+01  2.400000E+02     4  1.408097E+04 -1.063757E+02 -3.969914E+03 -1.350975E+04
  1.300000E+01  2.400000E+02     5  8.056326E+03  7.387440E+01  2.237596E+03  7.739351E+03
  1.300000E+01  2.400000E+02     6  5.411598E+01 -1.454897E+02 -4.459289E+01 -3.065964E+01
  1.300000E+01  2.700000E+02     1  1.020196E+02  1.616800E+02 -9.684881E+01  3.206715E+01
  1.300000E+01  2.700000E+02     2  9.269127E+02 -9.503082E+01 -8.128235E+01 -9.233420E+02
  1.300000E+01  2.700000E+02     3  2.217334E+02  1.753197E+02 -2.209940E+02  1.809267E+01
  1.300000E+01  2.700000E+02     4  1.636707E+04 -9.511101E+01 -1.458071E+03 -1.630200E+04
  1.300000E+01  2.700000E+02     5  1.953465E+03 -1.846618E+01  1.852883E+03 -6.187501E+02
  1.300000E+01  2.700000E+02     6  1.292483E+04  8.981522E+01  4.168158E+01  1.292476E+04
  1.300000E+01  3.000000E+02     1  4.836783E+02  9.736060E+01 -6.196574E+01  4.796926E+02
  1.300000E+01  3.000000E+02     2  8.386147E+02 -8.263094E+01  1.075609E+02 -8.316882E+02
  1.300000E+01  3.000000E+02     3  2.159243E+02  1.720015E+02 -2.138237E+02  3.004528E+01
  1.300000E+01  3.000000E+02     4  1.473889E+04 -8.420020E+01  1.489409E+03 -1.466345E+04
  1.300000E+01  3.000000E+02     5  8.540553E+03 -8.411723E+01  8.753499E+02 -8.495575E+03
  1.300000E+01  3.000000E+02     6  4.829860E+01  1.548168E+02 -4.370792E+01  2.055172E+01
  1.300000E+01  3.300000E+02     1  7.921453E+02  8.137805E+01  1.187538E+02  7.831932E+02
  1.300000E+01  3.300000E+02     2  4.921757E+02 -8.499687E+01  4.292276E+01 -4.903004E+02
  1.300000E+01  3.300000E+02     3  2.220606E+02  1.751546E+02 -2.212670E+02  1.875700E+01
  1.300000E+01  3.300000E+02     4  8.699103E+03 -8.393843E+01  9.186000E+02 -8.650466E+03
  1.300000E+01  3.300000E+02     5  1.400692E+04 -9.886959E+01 -2.159671E+03 -1.383943E+04
  1.300000E+01  3.300000E+02     6  1.291417E+04 -9.057990E+01 -1.307048E+02 -1.291351E+04
  1.400000E+01  0.000000E+00     1  9.416686E+02  7.610646E+01  2.261121E+02  9.141187E+02
  1.400000E+01  0.000000E+00     2  4.832545E-01 -8.820226E+01  1.516032E-02 -4.830167E-01
  1.400000E+01  0.000000E+00     3  1.501182E+02 -1.763395E+02 -1.498120E+02 -9.584150E+00
  1.400000E+01  0.000000E+00     4  2.365201E+01  1.546988E+01  2.279512E+01  6.308744E+00
  1.400000E+01  0.000000E+00     5  1.412590E+04 -1.078977E+02 -4.341147E+03 -1.344230E+04
  1.400000E+01  0.000000E+00     6  3.726879E+01  1.636735E+02 -3.576594E+01  1.047667E+01
  1.400000E+01  3.000000E+01     1  8.108046E+02  8.294523E+01  9.958151E+01  8.046662E+02
  1.400000E+01  3.000000E+01     2  4.910764E+02  9.473901E+01 -4.057123E+01  4.893976E+02
  1.400000E+01  3.000000E+01     3  1.470611E+02  1.773734E+02 -1.469065E+02  6.739374E+00
  1.400000E+01  3.000000E+01     4  7.472221E+03  1.028588E+02 -1.662941E+03  7.284828E+03
  1.400000E+01  3.000000E+01     5  1.202724E+04 -1.002573E+02 -2.141684E+03 -1.183502E+04
  1.400000E+01  3.000000E+01     6  9.912239E+03  8.999393E+01  1.050056E+00  9.912239E+03
  1.400000E+01  6.000000E+01     1  4.859473E+02  9.565099E+01 -4.785049E+01  4.835856E+02
  1.400000E+01  6.000000E+01     2  8.407184E+02  9.558823E+01 -8.186782E+01  8.367229E+02
  1.400000E+01  6.000000E+01     3  1.455586E+02  1.706326E+02 -1.436175E+02  2.369179E+01
  1.400000E+01  6.000000E+01     4  1.256333E+04  9.939675E+01 -2.051214E+03  1.239474E+04
  1.400000E+01  6.000000E+01     5  7.182974E+03 -8.079063E+01  1.149581E+03 -7.090386E+03
  1.400000E+01  6.000000E+01     6  4.686216E+01  1.361648E+02 -3.380330E+01  3.245611E+01
  1.400000E+01  9.000000E+01     1  8.834920E+01  1.653487E+02 -8.547635E+01  2.234669E+01
  1.400000E+01  9.000000E+01     2  9.439387E+02  8.598280E+01  6.612861E+01  9.416194E+02
  1.400000E+01  9.000000E+01     3  1.460172E+02  1.772210E+02 -1.458455E+02  7.079417E+00
  1.400000E+01  9.000000E+01     4  1.395120E+04  8.597657E+01  9.788771E+02  1.391681E+04
  1.400000E+01  9.000000E+01     5  2.521551E+03 -6.887305E+00  2.503355E+03 -3.023765E+02
  1.400000E+01  9.000000E+01     6  9.875925E+03 -9.040099E+01 -6.911525E+01 -9.875683E+03
  1.400000E+01  1.200000E+02     1  4.704873E+02 -1.038877E+02 -1.129261E+02 -4.567341E+02
  1.400000E+01  1.200000E+02     2  8.158861E+02  7.610655E+01  1.959082E+02  7.920165E+02
  1.400000E+01  1.200000E+02     3  1.490561E+02 -1.761621E+02 -1.487218E+02 -9.976861E+00
  1.400000E+01  1.200000E+02     4  1.224329E+04  7.216203E+01  3.750439E+03  1.165471E+04
  1.400000E+01  1.200000E+02     5  7.097865E+03  7.209671E+01  2.181963E+03  6.754163E+03
  1.400000E+01  1.200000E+02     6  4.119056E+01 -1.653230E+02 -3.984649E+01 -1.043647E+01
  1.400000E+01  1.500000E+02     1  8.262209E+02 -9.100584E+01 -1.450371E+01 -8.260936E+02
  1.400000E+01  1.500000E+02     2  4.647367E+02  7.668504E+01  1.070306E+02  4.522440E+02
  1.400000E+01  1.500000E+02     3  1.462806E+02  1.774179E+02 -1.461321E+02  6.590157E+00
  1.400000E+01  1.500000E+02     4  7.173342E+03  6.800768E+01  2.686290E+03  6.651367E+03
  1.400000E+01  1.500000E+02     5  1.223070E+04  9.176550E+01 -3.768149E+02  1.222489E+04
  1.400000E+01  1.500000E+02     6  9.877168E+03  9.004421E+01 -7.621849E+00  9.877165E+03
  1.400000E+01  1.800000E+02     1  9.708743E+02 -8.440758E+01  9.461301E+01 -9.662532E+02
  1.400000E+01  1.800000E+02     2  4.355301E-01  7.078860E+01  1.433132E-01  4.112759E-01
  1.400000E+01  1.800000E+02     3  1.458723E+02  1.706138E+02 -1.439193E+02  2.378999E+01
  1.400000E+01  1.800000E+02     4  2.323611E+01 -2.330581E+01  2.134019E+01 -9.193104E+00
  1.400000E+01  1.800000E+02     5  1.446628E+04  9.936629E+01 -2.354325E+03  1.427342E+04
  1.400000E+01  1.800000E+02     6  3.770652E+01 -1.685417E+02 -3.695501E+01 -7.490562E+00
  1.400000E+01  2.100000E+02     1  8.266764E+02 -9.104318E+01 -1.505051E+01 -8.265394E+02
  1.400000E+01  2.100000E+02     2  4.639488E+02 -1.032975E+02 -1.067114E+02 -4.515099E+02
  1.400000E+01  2.100000E+02     3  1.470596E+02  1.771098E+02 -1.468726E+02  7.415123E+00
  1.400000E+01  2.100000E+02     4  7.186794E+03 -1.117905E+02 -2.667841E+03 -6.673277E+03
  1.400000E+01  2.100000E+02     5  1.219870E+04  9.194025E+01 -4.130161E+02  1.219170E+04
  1.400000E+01  2.100000E+02     6  9.908746E+03 -9.040040E+01 -6.924352E+01 -9.908504E+03
  1.400000E+01  2.400000E+02     1  4.713700E+02 -1.039508E+02 -1.136419E+02 -4.574660E+02
  1.400000E+01  2.400000E+02     2  8.153796E+02 -1.038936E+02 -1.957889E+02 -7.915242E+02
  1.400000E+01  2.400000E+02     3  1.497841E+02 -1.763576E+02 -1.494816E+02 -9.515642E+00
  1.400000E+01  2.400000E+02     4  1.226825E+04 -1.079333E+02 -3.777517E+03 -1.167220E+04
  1.400000E+01  2.400000E+02     5  7.012224E+03  7.226494E+01  2.136035E+03  6.678969E+03
  1.400000E+01  2.400000E+02     6  4.696743E+01 -1.437904E+02 -3.789621E+01 -2.774557E+01
  1.400000E+01  2.700000E+02     1  8.816634E+01  1.658875E+02 -8.550539E+01  2.149725E+01
  1.400000E+01  2.700000E+02     2  9.438829E+02 -9.402631E+01 -6.627426E+01 -9.415533E+02
  1.400000E+01  2.700000E+02     3  1.460115E+02  1.772486E+02 -1.458432E+02  7.008838E+00
  1.400000E+01  2.700000E+02     4  1.395145E+04 -9.421973E+01 -1.026571E+03 -1.391363E+04
  1.400000E+01  2.700000E+02     5  2.528000E+03 -9.181604E+00  2.495610E+03 -4.033784E+02
  1.400000E+01  2.700000E+02     6  9.880353E+03  9.001832E+01 -3.158195E+00  9.880352E+03
  1.400000E+01  3.000000E+02     1  4.851284E+02  9.558475E+01 -4.721177E+01  4.828257E+02
  1.400000E+01  3.000000E+02     2  8.411613E+02 -8.441419E+01  8.187560E+01 -8.371671E+02
  1.400000E+01  3.000000E+02     3  1.448458E+02  1.704159E+02 -1.428241E+02  2.411614E+01
  1.400000E+01  3.000000E+02     4  1.253864E+04 -8.070078E+01  2.026125E+03 -1.237386E+04
  1.400000E+01  3.000000E+02     5  7.268855E+03 -8.063611E+01  1.182674E+03 -7.171997E+03
  1.400000E+01  3.000000E+02     6  4.070706E+01  1.590266E+02 -3.801007E+01  1.457048E+01
  1.400000E+01  3.300000E+02     1  8.103983E+02  8.290789E+01  1.000557E+02  8.041979E+02
  1.400000E+01  3.300000E+02     2  4.919090E+02 -8.525615E+01  4.068147E+01 -4.902239E+02
  1.400000E+01  3.300000E+02     3  1.463058E+02  1.770516E+02 -1.461122E+02  7.525461E+00
  1.400000E+01  3.300000E+02     4  7.458339E+03 -7.694786E+01  1.684374E+03 -7.265652E+03
  1.400000E+01  3.300000E+02     5  1.206042E+04 -1.000878E+02 -2.112473E+03 -1.187397E+04
  1.400000E+01  3.300000E+02     6  9.874138E+03 -9.042408E+01 -7.308308E+01 -9.873867E+03
  1.500000E+01  0.000000E+00     1  9.388527E+02  7.872983E+01  1.834852E+02  9.207484E+02
  1.500000E+01  0.000000E+00     2  4.386952E-01 -8.558225E+01  3.379178E-02 -4.373918E-01
  1.500000E+01  0.000000E+00     3  7.370924E+01 -1.678131E+02 -7.204815E+01 -1.556007E+01
  1.500000E+01  0.000000E+00     4  2.119167E+01  2.390410E+01  1.937395E+01  8.587013E+00
  1.500000E+01  0.000000E+00     5  1.229314E+04 -1.092625E+02 -4.055465E+03 -1.160493E+04
  1.500000E+01  0.000000E+00     6  3.183651E+01  1.607550E+02 -3.005742E+01  1.049358E+01
  1.500000E+01  3.000000E+01     1  8.107040E+02  8.399493E+01  8.481306E+01  8.062554E+02
  1.500000E+01  3.000000E+01     2  4.838120E+02  9.434670E+01 -3.666885E+01  4.824204E+02
  1.500000E+01  3.000000E+01     3  7.116629E+01  1.786726E+02 -7.114719E+01  1.648603E+00
  1.500000E+01  3.000000E+01     4  6.491575E+03  1.081026E+02 -2.017063E+03  6.170251E+03
  1.500000E+01  3.000000E+01     5  1.036697E+04 -1.012793E+02 -2.027685E+03 -1.016674E+04
  1.500000E+01  3.000000E+01     6  7.769210E+03  9.009771E+01 -1.324864E+01  7.769199E+03
  1.500000E+01  6.000000E+01     1  4.800589E+02  9.443106E+01 -3.708910E+01  4.786240E+02
  1.500000E+01  6.000000E+01     2  8.305704E+02  9.438167E+01 -6.345551E+01  8.281428E+02
  1.500000E+01  6.000000E+01     3  7.251643E+01  1.645601E+02 -6.989933E+01  1.930583E+01
  1.500000E+01  6.000000E+01     4  1.077361E+04  1.021519E+02 -2.267887E+03  1.053221E+04
  1.500000E+01  6.000000E+01     5  6.153473E+03 -7.799945E+01  1.279437E+03 -6.018993E+03
  1.500000E+01  6.000000E+01     6  4.015365E+01  1.374316E+02 -2.957195E+01  2.716276E+01
  1.500000E+01  9.000000E+01     1  7.619574E+01  1.682742E+02 -7.460565E+01  1.548507E+01
  1.500000E+01  9.000000E+01     2  9.411087E+02  8.663390E+01  5.525793E+01  9.394850E+02
  1.500000E+01  9.000000E+01     3  7.026455E+01  1.784675E+02 -7.023942E+01  1.879136E+00
  1.500000E+01  9.000000E+01     4  1.193672E+04  8.659409E+01  7.091517E+02  1.191563E+04
  1.500000E+01  9.000000E+01     5  2.758188E+03 -3.657511E+00  2.752571E+03 -1.759511E+02
  1.500000E+01  9.000000E+01     6  7.737444E+03 -9.034031E+01 -4.595662E+01 -7.737307E+03
  1.500000E+01  1.200000E+02     1  4.690797E+02 -1.012686E+02 -9.166232E+01 -4.600367E+02
  1.500000E+01  1.200000E+02     2  8.134141E+02  7.872890E+01  1.589831E+02  7.977261E+02
  1.500000E+01  1.200000E+02     3  7.287331E+01 -1.673847E+02 -7.111403E+01 -1.591585E+01
  1.500000E+01  1.200000E+02     4  1.065694E+04  7.080488E+01  3.503857E+03  1.006446E+04
  1.500000E+01  1.200000E+02     5  6.180766E+03  7.075932E+01  2.036792E+03  5.835524E+03
  1.500000E+01  1.200000E+02     6  3.506273E+01 -1.654343E+02 -3.393581E+01 -8.817917E+00
  1.500000E+01  1.500000E+02     1  8.208945E+02 -9.073594E+01 -1.054377E+01 -8.208268E+02
  1.500000E+01  1.500000E+02     2  4.662974E+02  7.859579E+01  9.220071E+01  4.570912E+02
  1.500000E+01  1.500000E+02     3  7.050648E+01  1.788014E+02 -7.049105E+01  1.474885E+00
  1.500000E+01  1.500000E+02     4  6.389021E+03  6.437084E+01  2.763537E+03  5.760421E+03
  1.500000E+01  1.500000E+02     5  1.045321E+04  9.405851E+01 -7.398262E+02  1.042699E+04
  1.500000E+01  1.500000E+02     6  7.736995E+03  9.014612E+01 -1.973099E+01  7.736970E+03
  1.500000E+01  1.800000E+02     1  9.591707E+02 -8.561592E+01  7.332092E+01 -9.563642E+02
  1.500000E+01  1.800000E+02     2  4.128768E-01  7.086760E+01  1.353213E-01  3.900710E-01
  1.500000E+01  1.800000E+02     3  7.278324E+01  1.645924E+02 -7.016742E+01  1.933737E+01
  1.500000E+01  1.800000E+02     4  2.089044E+01 -2.984440E+01  1.811995E+01 -1.039605E+01
  1.500000E+01  1.800000E+02     5  1.240117E+04  1.021419E+02 -2.608384E+03  1.212375E+04
  1.500000E+01  1.800000E+02     6  3.273302E+01 -1.634103E+02 -3.137047E+01 -9.345802E+00
  1.500000E+01  2.100000E+02     1  8.213556E+02 -9.076524E+01 -1.096968E+01 -8.212823E+02
  1.500000E+01  2.100000E+02     2  4.655615E+02 -1.013882E+02 -9.192730E+01 -4.563955E+02
  1.500000E+01  2.100000E+02     3  7.116589E+01  1.782944E+02 -7.113436E+01  2.118167E+00
  1.500000E+01  2.100000E+02     4  6.402194E+03 -1.154117E+02 -2.747307E+03 -5.782767E+03
  1.500000E+01  2.100000E+02     5  1.042122E+04  9.424821E+01 -7.719770E+02  1.039259E+04
  1.500000E+01  2.100000E+02     6  7.767652E+03 -9.033443E+01 -4.533932E+01 -7.767520E+03
  1.500000E+01  2.400000E+02     1  4.699232E+02 -1.013167E+02 -9.221365E+01 -4.607868E+02
  1.500000E+01  2.400000E+02     2  8.129504E+02 -1.012709E+02 -1.588894E+02 -7.972719E+02
  1.500000E+01  2.400000E+02     3  7.343259E+01 -1.677797E+02 -7.176868E+01 -1.554356E+01
  1.500000E+01  2.400000E+02     4  1.067983E+04 -1.092754E+02 -3.525505E+03 -1.008115E+04
  1.500000E+01  2.400000E+02     5  6.098549E+03  7.087823E+01  1.997744E+03  5.762058E+03
  1.500000E+01  2.400000E+02     6  4.087609E+01 -1.425399E+02 -3.244653E+01 -2.486118E+01
  1.500000E+01  2.700000E+02     1  7.606154E+01  1.689145E+02 -7.464233E+01  1.462462E+01
  1.500000E+01  2.700000E+02     2  9.410704E+02 -9.337328E+01 -5.537333E+01 -9.394399E+02
  1.500000E+01  2.700000E+02     3  7.025580E+01  1.784889E+02 -7.023137E+01  1.852712E+00
  1.500000E+01  2.700000E+02     4  1.193722E+04 -9.359357E+01 -7.482051E+02 -1.191375E+04
  1.500000E+01  2.700000E+02     5  2.760094E+03 -5.640578E+00  2.746729E+03 -2.712833E+02
  1.500000E+01  2.700000E+02     6  7.739640E+03  9.012813E+01 -1.730732E+01  7.739620E+03
  1.500000E+01  3.000000E+02     1  4.792553E+02  9.438196E+01 -3.661752E+01  4.778544E+02
  1.500000E+01  3.000000E+02     2  8.309919E+02 -8.562055E+01  6.345565E+01 -8.285656E+02
  1.500000E+01  3.000000E+02     3  7.195957E+01  1.641461E+02 -6.922232E+01  1.965835E+01
  1.500000E+01  3.000000E+02     4  1.075119E+04 -7.793232E+01  2.247719E+03 -1.051360E+04
  1.500000E+01  3.000000E+02     5  6.235367E+03 -7.788541E+01  1.308601E+03 -6.096504E+03
  1.500000E+01  3.000000E+02     6  3.456867E+01  1.618860E+02 -3.285544E+01  1.074770E+01
  1.500000E+01  3.300000E+02     1  8.102742E+02  8.396600E+01  8.517491E+01  8.057850E+02
  1.500000E+01  3.300000E+02     2  4.845753E+02 -8.564777E+01  3.677335E+01 -4.831780E+02
  1.500000E+01  3.300000E+02     3  7.051660E+01  1.781546E+02 -7.048003E+01  2.270877E+00
  1.500000E+01  3.300000E+02     4  6.477827E+03 -7.168418E+01  2.035687E+03 -6.149652E+03
  1.500000E+01  3.300000E+02     5  1.039911E+04 -1.010941E+02 -2.001004E+03 -1.020478E+04
  1.500000E+01  3.300000E+02     6  7.735769E+03 -9.035567E+01 -4.802061E+01 -7.735620E+03
  1.600000E+01  0.000000E+00     1  9.252139E+02  8.056818E+01  1.516183E+02  9.127062E+02
  1.600000E+01  0.000000E+00     2  4.005234E-01 -8.404416E+01  4.155910E-02 -3.983614E-01
  1.600000E+01  0.000000E+00     3  1.645873E+01 -9.301942E+01 -8.669532E-01 -1.643588E+01
  1.600000E+01  0.000000E+00     4  1.937116E+01  3.068304E+01  1.665926E+01  9.884880E+00
  1.600000E+01  0.000000E+00     5  1.073822E+04 -1.104552E+02 -3.752737E+03 -1.006112E+04
  1.600000E+01  0.000000E+00     6  2.763028E+01  1.578160E+02 -2.558498E+01  1.043268E+01
  1.600000E+01  3.000000E+01     1  7.999406E+02  8.477232E+01  7.288543E+01  7.966133E+02
  1.600000E+01  3.000000E+01     2  4.728181E+02  9.395820E+01 -3.263799E+01  4.716902E+02
  1.600000E+01  3.000000E+01     3  8.969346E-01 -1.749737E+02 -8.934854E-01 -7.858387E-02
  1.600000E+01  3.000000E+01     4  5.700290E+03  1.121708E+02 -2.151116E+03  5.278826E+03
  1.600000E+01  3.000000E+01     5  8.984087E+03 -1.021443E+02 -1.890025E+03 -8.783030E+03
  1.600000E+01  3.000000E+01     6  6.214641E+03  9.015958E+01 -1.730821E+01  6.214617E+03
  1.600000E+01  6.000000E+01     1  4.701133E+02  9.357578E+01 -2.932035E+01  4.691981E+02
  1.600000E+01  6.000000E+01     2  8.133796E+02  9.353563E+01 -5.016051E+01  8.118314E+02
  1.600000E+01  6.000000E+01     3  1.662746E+01  9.204359E+01 -5.929345E-01  1.661688E+01
  1.600000E+01  6.000000E+01     4  9.325856E+03  1.044026E+02 -2.319658E+03  9.032762E+03
  1.600000E+01  6.000000E+01     5  5.321340E+03 -7.571262E+01  1.313230E+03 -5.156752E+03
  1.600000E+01  6.000000E+01     6  3.487379E+01  1.380794E+02 -2.594859E+01  2.329918E+01
  1.600000E+01  9.000000E+01     1  6.599249E+01  1.704138E+02 -6.507098E+01  1.098981E+01
  1.600000E+01  9.000000E+01     2  9.269344E+02  8.709854E+01  4.691991E+01  9.257462E+02
  1.600000E+01  9.000000E+01     3  1.294016E-01  1.461690E+02 -1.074917E-01  7.204372E-02
  1.600000E+01  9.000000E+01     4  1.028544E+04  8.705865E+01  5.277850E+02  1.027189E+04
  1.600000E+01  9.000000E+01     5  2.801767E+03 -2.047866E+00  2.799977E+03 -1.001194E+02
  1.600000E+01  9.000000E+01     6  6.186311E+03 -9.031840E+01 -3.437748E+01 -6.186215E+03
  1.600000E+01  1.200000E+02     1  4.622617E+02 -9.943258E+01 -7.575864E+01 -4.560115E+02
  1.600000E+01  1.200000E+02     2  8.015654E+02  8.056674E+01  1.313754E+02  7.907260E+02
  1.600000E+01  1.200000E+02     3  1.676895E+01 -9.020862E+01 -6.105620E-02 -1.676884E+01
  1.600000E+01  1.200000E+02     4  9.310520E+03  6.961991E+01  3.242354E+03  8.727710E+03
  1.600000E+01  1.200000E+02     5  5.402070E+03  6.959277E+01  1.883650E+03  5.063025E+03
  1.600000E+01  1.200000E+02     6  3.011443E+01 -1.656753E+02 -2.917814E+01 -7.450829E+00
  1.600000E+01  1.500000E+02     1  8.067433E+02 -9.057533E+01 -8.100589E+00 -8.067027E+02
  1.600000E+01  1.500000E+02     2  4.610412E+02  8.003457E+01  7.978506E+01  4.540851E+02
  1.600000E+01  1.500000E+02     3  4.264732E-01 -1.404344E+02 -3.287664E-01 -2.716469E-01
  1.600000E+01  1.500000E+02     4  5.691894E+03  6.155967E+01  2.710726E+03  5.004959E+03
  1.600000E+01  1.500000E+02     5  9.011666E+03  9.588670E+01 -9.242502E+02  8.964145E+03
  1.600000E+01  1.500000E+02     6  6.185031E+03  9.020604E+01 -2.224098E+01  6.184991E+03
  1.600000E+01  1.800000E+02     1  9.393287E+02 -8.646312E+01  5.794818E+01 -9.375396E+02
  1.600000E+01  1.800000E+02     2  3.863327E-01  7.130338E+01  1.238416E-01  3.659456E-01
  1.600000E+01  1.800000E+02     3  1.661884E+01  9.286230E+01 -8.298748E-01  1.659810E+01
  1.600000E+01  1.800000E+02     4  1.909422E+01 -3.542422E+01  1.555955E+01 -1.106750E+01
  1.600000E+01  1.800000E+02     5  1.073119E+04  1.044115E+02 -2.670825E+03  1.039352E+04
  1.600000E+01  1.800000E+02     6  2.867429E+01 -1.592624E+02 -2.681654E+01 -1.015323E+01
  1.600000E+01  2.100000E+02     1  8.072009E+02 -9.059933E+01 -8.443385E+00 -8.071567E+02
  1.600000E+01  2.100000E+02     2  4.603586E+02 -9.995089E+01 -7.955174E+01 -4.534330E+02
  1.600000E+01  2.100000E+02     3  9.231778E-01  1.648050E+02 -8.909031E-01  2.419689E-01
  1.600000E+01  2.100000E+02     4  5.704855E+03 -1.182071E+02 -2.696456E+03 -5.027375E+03
  1.600000E+01  2.100000E+02     5  8.980229E+03  9.608994E+01 -9.527086E+02  8.929550E+03
  1.600000E+01  2.100000E+02     6  6.214116E+03 -9.030745E+01 -3.334475E+01 -6.214026E+03
  1.600000E+01  2.400000E+02     1  4.630743E+02 -9.947099E+01 -7.619804E+01 -4.567621E+02
  1.600000E+01  2.400000E+02     2  8.011444E+02 -9.943288E+01 -1.313013E+02 -7.903115E+02
  1.600000E+01  2.400000E+02     3  1.647290E+01 -9.218566E+01 -6.282400E-01 -1.646091E+01
  1.600000E+01  2.400000E+02     4  9.331721E+03 -1.104486E+02 -3.260188E+03 -8.743694E+03
  1.600000E+01  2.400000E+02     5  5.323831E+03  6.966503E+01  1.850074E+03  4.992034E+03
  1.600000E+01  2.400000E+02     6  3.575494E+01 -1.415458E+02 -2.799990E+01 -2.223559E+01
  1.600000E+01  2.700000E+02     1  6.589569E+01  1.711576E+02 -6.511252E+01  1.012928E+01
  1.600000E+01  2.700000E+02     2  9.269093E+02 -9.290722E+01 -4.701170E+01 -9.257164E+02
  1.600000E+01  2.700000E+02     3  1.238409E-01  1.421607E+02 -9.780133E-02  7.597011E-02
  1.600000E+01  2.700000E+02     4  1.028597E+04 -9.312347E+01 -5.604600E+02 -1.027069E+04
  1.600000E+01  2.700000E+02     5  2.801854E+03 -3.891784E+00  2.795394E+03 -1.901681E+02
  1.600000E+01  2.700000E+02     6  6.187341E+03  9.019549E+01 -2.111074E+01  6.187305E+03
  1.600000E+01  3.000000E+02     1  4.693242E+02  9.353809E+01 -2.896303E+01  4.684297E+02
  1.600000E+01  3.000000E+02     2  8.137751E+02 -8.646626E+01  5.015821E+01 -8.122278E+02
  1.600000E+01  3.000000E+02     3  1.691621E+01  9.002908E+01 -8.587897E-03  1.691621E+01
  1.600000E+01  3.000000E+02     4  9.305110E+03 -7.567003E+01  2.303070E+03 -9.015595E+03
  1.600000E+01  3.000000E+02     5  5.399081E+03 -7.564099E+01  1.338955E+03 -5.230418E+03
  1.600000E+01  3.000000E+02     6  2.967535E+01  1.639247E+02 -2.851501E+01  8.217110E+00
  1.600000E+01  3.300000E+02     1  7.995038E+02  8.474905E+01  7.316915E+01  7.961486E+02
  1.600000E+01  3.300000E+02     2  4.735160E+02 -8.603600E+01  3.273400E+01 -4.723831E+02
  1.600000E+01  3.300000E+02     3  5.325888E-01  1.269655E+02 -3.202634E-01  4.255375E-01
  1.600000E+01  3.300000E+02     4  5.686798E+03 -6.759631E+01  2.167409E+03 -5.257566E+03
  1.600000E+01  3.300000E+02     5  9.015287E+03 -1.019451E+02 -1.865931E+03 -8.820074E+03
  1.600000E+01  3.300000E+02     6  6.184705E+03 -9.032690E+01 -3.528673E+01 -6.184604E+03
  1.700000E+01  0.000000E+00     1  9.051098E+02  8.192121E+01  1.271994E+02  8.961273E+02
  1.700000E+01  0.000000E+00     2  3.673112E-01 -8.300156E+01  4.475403E-02 -3.645746E-01
  1.700000E+01  0.000000E+00     3  6.433733E+01 -1.355688E+01  6.254474E+01 -1.508135E+01
  1.700000E+01  0.000000E+00     4  1.794950E+01  3.627457E+01  1.447073E+01  1.061992E+01
  1.700000E+01  0.000000E+00     5  9.434164E+03 -1.115022E+02 -3.457973E+03 -8.777578E+03
  1.700000E+01  0.000000E+00     6  2.428552E+01  1.550010E+02 -2.201034E+01  1.026312E+01
  1.700000E+01  3.000000E+01     1  7.830460E+02  8.537611E+01  6.312487E+01  7.804974E+02
  1.700000E+01  3.000000E+01     2  4.598667E+02  9.361411E+01 -2.898821E+01  4.589521E+02
  1.700000E+01  3.000000E+01     3  6.212617E+01 -1.451824E-01  6.212598E+01 -1.574221E-01
  1.700000E+01  3.000000E+01     4  5.051060E+03  1.154005E+02 -2.166619E+03  4.562781E+03
  1.700000E+01  3.000000E+01     5  7.840311E+03 -1.028864E+02 -1.748532E+03 -7.642847E+03
  1.700000E+01  3.000000E+01     6  5.057106E+03  9.020083E+01 -1.772605E+01  5.057075E+03
  1.700000E+01  6.000000E+01     1  4.579314E+02  9.296085E+01 -2.365377E+01  4.573201E+02
  1.700000E+01  6.000000E+01     2  7.923105E+02  9.292719E+01 -4.046077E+01  7.912767E+02
  1.700000E+01  6.000000E+01     3  6.380725E+01  1.362472E+01  6.201168E+01  1.503052E+01
  1.700000E+01  6.000000E+01     4  8.148458E+03  1.062776E+02 -2.283948E+03  7.821825E+03
  1.700000E+01  6.000000E+01     5  4.645104E+03 -7.380184E+01  1.295799E+03 -4.460705E+03
  1.700000E+01  6.000000E+01     6  3.063126E+01  1.382747E+02 -2.286148E+01  2.038693E+01
  1.700000E+01  9.000000E+01     1  5.752823E+01  1.720129E+02 -5.697017E+01  7.993544E+00
  1.700000E+01  9.000000E+01     2  9.062966E+02  8.745311E+01  4.027315E+01  9.054013E+02
  1.700000E+01  9.000000E+01     3  6.281485E+01 -5.994830E-02  6.281482E+01 -6.572287E-02
  1.700000E+01  9.000000E+01     4  8.935275E+03  8.742472E+01  4.014794E+02  8.926251E+03
  1.700000E+01  9.000000E+01     5  2.743574E+03 -1.129695E+00  2.743041E+03 -5.409127E+01
  1.700000E+01  9.000000E+01     6  5.031427E+03 -9.031538E+01 -2.769498E+01 -5.031351E+03
  1.700000E+01  1.200000E+02     1  4.522094E+02 -9.808094E+01 -6.356787E+01 -4.477192E+02
  1.700000E+01  1.200000E+02     2  7.841202E+02  8.191945E+01  1.102200E+02  7.763350E+02
  1.700000E+01  1.200000E+02     3  6.509644E+01 -1.368406E+01  6.324868E+01 -1.539973E+01
  1.700000E+01  1.200000E+02     4  8.181082E+03  6.858047E+01  2.987683E+03  7.616026E+03
  1.700000E+01  1.200000E+02     5  4.748687E+03  6.857093E+01  1.734929E+03  4.420412E+03
  1.700000E+01  1.200000E+02     6  2.610620E+01 -1.660433E+02 -2.533550E+01 -6.296516E+00
  1.700000E+01  1.500000E+02     1  7.876314E+02 -9.046569E+01 -6.401711E+00 -7.876054E+02
  1.700000E+01  1.500000E+02     2  4.518456E+02  8.115804E+01  6.945294E+01  4.464759E+02
  1.700000E+01  1.500000E+02     3  6.261808E+01 -3.355970E-01  6.261701E+01 -3.667691E-01
  1.700000E+01  1.500000E+02     4  5.085341E+03  5.930955E+01  2.595556E+03  4.373075E+03
  1.700000E+01  1.500000E+02     5  7.839627E+03  9.738698E+01 -1.007942E+03  7.774562E+03
  1.700000E+01  1.500000E+02     6  5.029820E+03  9.024568E+01 -2.156810E+01  5.029773E+03
  1.700000E+01  1.800000E+02     1  9.150051E+02 -8.707231E+01  4.673442E+01 -9.138108E+02
  1.700000E+01  1.800000E+02     2  3.599867E-01  7.196582E+01  1.114463E-01  3.423013E-01
  1.700000E+01  1.800000E+02     3  6.358973E+01  1.361907E+01  6.180176E+01  1.497319E+01
  1.700000E+01  1.800000E+02     4  1.763913E+01 -4.022365E+01  1.346800E+01 -1.139087E+01
  1.700000E+01  1.800000E+02     5  9.373445E+03  1.063039E+02 -2.631426E+03  8.996503E+03
  1.700000E+01  1.800000E+02     6  2.537703E+01 -1.557323E+02 -2.313459E+01 -1.042998E+01
  1.700000E+01  2.100000E+02     1  7.880823E+02 -9.048598E+01 -6.684489E+00 -7.880540E+02
  1.700000E+01  2.100000E+02     2  4.512136E+02 -9.882867E+01 -6.925235E+01 -4.458675E+02
  1.700000E+01  2.100000E+02     3  6.212285E+01  4.787119E-02  6.212283E+01  5.190425E-02
  1.700000E+01  2.100000E+02     4  5.098161E+03 -1.204417E+02 -2.583039E+03 -4.395356E+03
  1.700000E+01  2.100000E+02     5  7.808993E+03  9.760331E+01 -1.033236E+03  7.740336E+03
  1.700000E+01  2.100000E+02     6  5.057076E+03 -9.029931E+01 -2.641740E+01 -5.057007E+03
  1.700000E+01  2.400000E+02     1  4.529987E+02 -9.811270E+01 -6.392750E+01 -4.484652E+02
  1.700000E+01  2.400000E+02     2  7.837354E+02 -9.807991E+01 -1.101572E+02 -7.759552E+02
  1.700000E+01  2.400000E+02     3  6.455275E+01 -1.356478E+01  6.275208E+01 -1.514050E+01
  1.700000E+01  2.400000E+02     4  8.200880E+03 -1.114780E+02 -3.002698E+03 -7.631398E+03
  1.700000E+01  2.400000E+02     5  4.674486E+03  6.859788E+01  1.705773E+03  4.352145E+03
  1.700000E+01  2.400000E+02     6  3.158397E+01 -1.406999E+02 -2.444090E+01 -2.000474E+01
  1.700000E+01  2.700000E+02     1  5.745806E+01  1.728617E+02 -5.701271E+01  7.139985E+00
  1.700000E+01  2.700000E+02     2  9.062791E+02 -9.255163E+01 -4.034709E+01 -9.053805E+02
  1.700000E+01  2.700000E+02     3  6.282296E+01 -3.996574E-02  6.282294E+01 -4.382113E-02
  1.700000E+01  2.700000E+02     4  8.935828E+03 -9.275403E+01 -4.293518E+02 -8.925508E+03
  1.700000E+01  2.700000E+02     5  2.742815E+03 -2.910099E+00  2.739278E+03 -1.392499E+02
  1.700000E+01  2.700000E+02     6  5.031779E+03  9.024168E+01 -2.122463E+01  5.031734E+03
  1.700000E+01  3.000000E+02     1  4.571595E+02  9.293094E+01 -2.337557E+01  4.565615E+02
  1.700000E+01  3.000000E+02     2  7.926795E+02 -8.707427E+01  4.045953E+01 -7.916463E+02
  1.700000E+01  3.000000E+02     3  6.436337E+01  1.374029E+01  6.252143E+01  1.528766E+01
  1.700000E+01  3.000000E+02     4  8.129083E+03 -7.378492E+01  2.269996E+03 -7.805710E+03
  1.700000E+01  3.000000E+02     5  4.718761E+03 -7.377342E+01  1.318594E+03 -4.530786E+03
  1.700000E+01  3.000000E+02     6  2.575753E+01  1.654571E+02 -2.493225E+01  6.467857E+00
  1.700000E+01  3.300000E+02     1  7.826080E+02  8.535680E+01  6.335261E+01  7.800396E+02
  1.700000E+01  3.300000E+02     2  4.605082E+02 -8.638004E+01  2.907562E+01 -4.595894E+02
  1.700000E+01  3.300000E+02     3  6.262495E+01  2.363590E-01  6.262442E+01  2.583424E-01
  1.700000E+01  3.300000E+02     4  5.037772E+03 -6.434759E+01  2.180905E+03 -4.541233E+03
  1.700000E+01  3.300000E+02     5  7.870491E+03 -1.026741E+02 -1.726826E+03 -7.678717E+03
  1.700000E+01  3.300000E+02     6  5.029909E+03 -9.031723E+01 -2.784915E+01 -5.029832E+03
  1.800000E+01  0.000000E+00     1  8.813585E+02  8.295541E+01  1.080914E+02  8.747051E+02
  1.800000E+01  0.000000E+00     2  3.384562E-01 -8.243964E+01  4.453087E-02 -3.355139E-01
  1.800000E+01  0.000000E+00     3  1.191509E+02 -6.222484E+00  1.184489E+02 -1.291470E+01
  1.800000E+01  0.000000E+00     4  1.679640E+01  4.102588E+01  1.267142E+01  1.102515E+01
  1.800000E+01  0.000000E+00     5  8.342772E+03 -1.124208E+02 -3.181980E+03 -7.712124E+03
  1.800000E+01  0.000000E+00     6  2.165952E+01  1.524483E+02 -1.920319E+01  1.001860E+01
  1.800000E+01  3.000000E+01     1  7.627578E+02  8.586101E+01  5.505307E+01  7.607684E+02
  1.800000E+01  3.000000E+01     2  4.459828E+02  9.332084E+01 -2.583451E+01  4.452339E+02
  1.800000E+01  3.000000E+01     3  1.178926E+02  2.247064E-01  1.178917E+02  4.623578E-01
  1.800000E+01  3.000000E+01     4  4.510988E+03  1.180076E+02 -2.118306E+03  3.982687E+03
  1.800000E+01  3.000000E+01     5  6.893449E+03 -1.035277E+02 -1.612480E+03 -6.702205E+03
  1.800000E+01  3.000000E+01     6  4.175746E+03  9.023097E+01 -1.683317E+01  4.175712E+03
  1.800000E+01  6.000000E+01     1  4.446077E+02  9.250876E+01 -1.946139E+01  4.441815E+02
  1.800000E+01  6.000000E+01     2  7.692614E+02  9.247999E+01 -3.328633E+01  7.685408E+02
  1.800000E+01  6.000000E+01     3  1.184535E+02  6.810744E+00  1.176176E+02  1.404742E+01
  1.800000E+01  6.000000E+01     4  7.182731E+03  1.078577E+02 -2.202616E+03  6.836674E+03
  1.800000E+01  6.000000E+01     5  4.090815E+03 -7.218652E+01  1.251460E+03 -3.894691E+03
  1.800000E+01  6.000000E+01     6  2.718381E+01  1.382407E+02 -2.027774E+01  1.810449E+01
  1.800000E+01  9.000000E+01     1  5.050944E+01  1.732299E+02 -5.015725E+01  5.954340E+00
  1.800000E+01  9.000000E+01     2  8.821289E+02  8.773627E+01  3.484345E+01  8.814405E+02
  1.800000E+01  9.000000E+01     3  1.185000E+02  2.463070E-01  1.184989E+02  5.094144E-01
  1.800000E+01  9.000000E+01     4  7.827379E+03  8.772228E+01  3.110848E+02  7.821195E+03
  1.800000E+01  9.000000E+01     5  2.633724E+03 -5.587676E-01  2.633599E+03 -2.568455E+01
  1.800000E+01  9.000000E+01     6  4.152148E+03 -9.032185E+01 -2.332442E+01 -4.152083E+03
  1.800000E+01  1.200000E+02     1  4.403375E+02 -9.704755E+01 -5.402631E+01 -4.370106E+02
  1.800000E+01  1.200000E+02     2  7.635220E+02  8.295356E+01  9.366408E+01  7.577552E+02
  1.800000E+01  1.200000E+02     3  1.198001E+02 -6.336903E+00  1.190681E+02 -1.322287E+01
  1.800000E+01  1.200000E+02     4  7.235715E+03  6.766946E+01  2.749205E+03  6.693089E+03
  1.800000E+01  1.200000E+02     5  4.201616E+03  6.767671E+01  1.595909E+03  3.886728E+03
  1.800000E+01  1.200000E+02     6  2.283650E+01 -1.664262E+02 -2.219864E+01 -5.359665E+00
  1.800000E+01  1.500000E+02     1  7.658725E+02 -9.038225E+01 -5.109461E+00 -7.658555E+02
  1.800000E+01  1.500000E+02     2  4.404539E+02  8.205978E+01  6.084417E+01  4.362311E+02
  1.800000E+01  1.500000E+02     3  1.183234E+02  1.165945E-01  1.183231E+02  2.407829E-01
  1.800000E+01  1.500000E+02     4  4.562153E+03  5.746846E+01  2.453361E+03  3.846331E+03
  1.800000E+01  1.500000E+02     5  6.880383E+03  9.864086E+01 -1.033712E+03  6.802288E+03
  1.800000E+01  1.500000E+02     6  4.150407E+03  9.027452E+01 -1.988576E+01  4.150359E+03
  1.800000E+01  1.800000E+02     1  8.883922E+02 -8.751998E+01  3.844160E+01 -8.875601E+02
  1.800000E+01  1.800000E+02     2  3.352275E-01  7.261987E+01  1.001358E-01  3.199224E-01
  1.800000E+01  1.800000E+02     3  1.182580E+02  6.780094E+00  1.174309E+02  1.396141E+01
  1.800000E+01  1.800000E+02     4  1.650502E+01 -4.442745E+01  1.178685E+01 -1.155361E+01
  1.800000E+01  1.800000E+02     5  8.260044E+03  1.079005E+02 -2.538845E+03  7.860190E+03
  1.800000E+01  1.800000E+02     6  2.269321E+01 -1.526827E+02 -2.016243E+01 -1.041433E+01
  1.800000E+01  2.100000E+02     1  7.663149E+02 -9.039974E+01 -5.346365E+00 -7.662963E+02
  1.800000E+01  2.100000E+02     2  4.398676E+02 -9.792780E+01 -6.066878E+01 -4.356636E+02
  1.800000E+01  2.100000E+02     3  1.178876E+02  2.856884E-01  1.178861E+02  5.878091E-01
  1.800000E+01  2.100000E+02     4  4.574836E+03 -1.222664E+02 -2.442308E+03 -3.868366E+03
  1.800000E+01  2.100000E+02     5  6.850644E+03  9.886971E+01 -1.056288E+03  6.768720E+03
  1.800000E+01  2.100000E+02     6  4.175930E+03 -9.030117E+01 -2.194987E+01 -4.175872E+03
  1.800000E+01  2.400000E+02     1  4.411035E+02 -9.707446E+01 -5.432594E+01 -4.377454E+02
  1.800000E+01  2.400000E+02     2  7.631667E+02 -9.704578E+01 -9.361195E+01 -7.574036E+02
  1.800000E+01  2.400000E+02     3  1.193403E+02 -6.253554E+00  1.186302E+02 -1.299957E+01
  1.800000E+01  2.400000E+02     4  7.254240E+03 -1.123805E+02 -2.762093E+03 -6.707820E+03
  1.800000E+01  2.400000E+02     5  4.131306E+03  6.765974E+01  1.570335E+03  3.821221E+03
  1.800000E+01  2.400000E+02     6  2.811242E+01 -1.399744E+02 -2.152728E+01 -1.807994E+01
  1.800000E+01  2.700000E+02     1  5.045938E+01  1.741833E+02 -5.019958E+01  5.113907E+00
  1.800000E+01  2.700000E+02     2  8.821174E+02 -9.226778E+01 -3.490519E+01 -8.814265E+02
  1.800000E+01  2.700000E+02     3  1.185079E+02  2.626772E-01  1.185066E+02  5.433071E-01
  1.800000E+01  2.700000E+02     4  7.827899E+03 -9.245457E+01 -3.352479E+02 -7.820717E+03
  1.800000E+01  2.700000E+02     5  2.632610E+03 -2.315787E+00  2.630460E+03 -1.063762E+02
  1.800000E+01  2.700000E+02     6  4.152211E+03  9.027679E+01 -2.005845E+01  4.152163E+03
  1.800000E+01  3.000000E+02     1  4.438534E+02  9.248436E+01 -1.923959E+01  4.434362E+02
  1.800000E+01  3.000000E+02     2  7.696025E+02 -8.752122E+01  3.328483E+01 -7.688824E+02
  1.800000E+01  3.000000E+02     3  1.189253E+02  6.892843E+00  1.180658E+02  1.427256E+01
  1.800000E+01  3.000000E+02     4  7.164541E+03 -7.219611E+01  2.190631E+03 -6.821421E+03
  1.800000E+01  3.000000E+02     5  4.160593E+03 -7.220174E+01  1.271754E+03 -3.961461E+03
  1.800000E+01  3.000000E+02     6  2.256236E+01  1.665366E+02 -2.194232E+01  5.253052E+00
  1.800000E+01  3.300000E+02     1  7.623259E+02  8.584460E+01  5.523961E+01  7.603218E+02
  1.800000E+01  3.300000E+02     2  4.465752E+02 -8.667321E+01  2.591516E+01 -4.458226E+02
  1.800000E+01  3.300000E+02     3  1.183321E+02  3.922471E-01  1.183293E+02  8.100955E-01
  1.800000E+01  3.300000E+02     4  4.497957E+03 -6.172161E+01  2.130934E+03 -3.961153E+03
  1.800000E+01  3.300000E+02     5  6.922667E+03 -1.033031E+02 -1.592919E+03 -6.736907E+03
  1.800000E+01  3.300000E+02     6  4.150715E+03 -9.031795E+01 -2.303310E+01 -4.150651E+03
  1.900000E+01  0.000000E+00     1  8.557723E+02  8.376986E+01  9.287041E+01  8.507181E+02
  1.900000E+01  0.000000E+00     2  3.132741E-01 -8.190710E+01  4.410231E-02 -3.101543E-01
  1.900000E+01  0.000000E+00     3  1.679187E+02 -3.619350E+00  1.675837E+02 -1.060030E+01
  1.900000E+01  0.000000E+00     4  1.582283E+01  4.500692E+01  1.118708E+01  1.118978E+01
  1.900000E+01  0.000000E+00     5  7.426918E+03 -1.132242E+02 -2.928653E+03 -6.825109E+03
  1.900000E+01  0.000000E+00     6  1.949903E+01  1.499345E+02 -1.687549E+01  9.768821E+00
  1.900000E+01  3.000000E+01     1  7.407639E+02  8.626028E+01  4.831567E+01  7.391865E+02
  1.900000E+01  3.000000E+01     2  4.317867E+02  9.307389E+01 -2.315404E+01  4.311655E+02
  1.900000E+01  3.000000E+01     3  1.670128E+02  4.459094E-01  1.670077E+02  1.299778E+00
  1.900000E+01  3.000000E+01     4  4.056467E+03  1.201373E+02 -2.036646E+03  3.508133E+03
  1.900000E+01  3.000000E+01     5  6.106093E+03 -1.040826E+02 -1.485734E+03 -5.922582E+03
  1.900000E+01  3.000000E+01     6  3.491637E+03  9.025573E+01 -1.558443E+01  3.491602E+03
  1.900000E+01  6.000000E+01     1  4.308177E+02  9.216965E+01 -1.631009E+01  4.305088E+02
  1.900000E+01  6.000000E+01     2  7.454037E+02  9.214466E+01 -2.789500E+01  7.448815E+02
  1.900000E+01  6.000000E+01     3  1.672282E+02  4.584722E+00  1.666931E+02  1.336707E+01
  1.900000E+01  6.000000E+01     4  6.383085E+03  1.091980E+02 -2.098977E+03  6.028106E+03
  1.900000E+01  6.000000E+01     5  3.632148E+03 -7.081153E+01  1.193802E+03 -3.430355E+03
  1.900000E+01  6.000000E+01     6  2.433693E+01  1.379677E+02 -1.807669E+01  1.629477E+01
  1.900000E+01  9.000000E+01     1  4.466373E+01  1.741702E+02 -4.443272E+01  4.536684E+00
  1.900000E+01  9.000000E+01     2  8.562413E+02  8.796954E+01  3.033738E+01  8.557037E+02
  1.900000E+01  9.000000E+01     3  1.675526E+02  4.488191E-01  1.675474E+02  1.312488E+00
  1.900000E+01  9.000000E+01     4  6.912551E+03  8.796960E+01  2.449102E+02  6.908211E+03
  1.900000E+01  9.000000E+01     5  2.499965E+03 -1.796296E-01  2.499952E+03 -7.837696E+00
  1.900000E+01  9.000000E+01     6  3.469850E+03 -9.033365E+01 -2.020570E+01 -3.469791E+03
  1.900000E+01  1.200000E+02     1  4.275493E+02 -9.623373E+01 -4.642521E+01 -4.250213E+02
  1.900000E+01  1.200000E+02     2  7.413366E+02  8.376793E+01  8.047640E+01  7.369556E+02
  1.900000E+01  1.200000E+02     3  1.684860E+02 -3.709294E+00  1.681331E+02 -1.090007E+01
  1.900000E+01  1.200000E+02     4  6.442255E+03  6.687374E+01  2.530251E+03  5.924565E+03
  1.900000E+01  1.200000E+02     5  3.742346E+03  6.689661E+01  1.468465E+03  3.442203E+03
  1.900000E+01  1.200000E+02     6  2.021621E+01 -1.667709E+02 -1.967973E+01 -4.626396E+00
  1.900000E+01  1.500000E+02     1  7.428902E+02 -9.031412E+01 -4.072732E+00 -7.428790E+02
  1.900000E+01  1.500000E+02     2  4.279346E+02  8.279989E+01  5.363524E+01  4.245601E+02
  1.900000E+01  1.500000E+02     3  1.673935E+02  3.659445E-01  1.673900E+02  1.069124E+00
  1.900000E+01  1.500000E+02     4  4.111804E+03  5.594314E+01  2.302674E+03  3.406557E+03
  1.900000E+01  1.500000E+02     5  6.088823E+03  9.970035E+01 -1.025938E+03  6.001768E+03
  1.900000E+01  1.500000E+02     6  3.468058E+03  9.029897E+01 -1.809646E+01  3.468011E+03
  1.900000E+01  1.800000E+02     1  8.608441E+02 -8.785571E+01  3.220961E+01 -8.602413E+02
  1.900000E+01  1.800000E+02     2  3.119942E-01  7.324445E+01  8.994448E-02  2.987480E-01
  1.900000E+01  1.800000E+02     3  1.670534E+02  4.552456E+00  1.665264E+02  1.325933E+01
  1.900000E+01  1.800000E+02     4  1.554314E+01 -4.806295E+01  1.038770E+01 -1.156222E+01
  1.900000E+01  1.800000E+02     5  7.338274E+03  1.092561E+02 -2.420096E+03  6.927728E+03
  1.900000E+01  1.800000E+02     6  2.041925E+01 -1.500941E+02 -1.770034E+01 -1.018056E+01
  1.900000E+01  2.100000E+02     1  7.433190E+02 -9.032949E+01 -4.274590E+00 -7.433068E+02
  1.900000E+01  2.100000E+02     2  4.273903E+02 -9.718864E+01 -5.348220E+01 -4.240308E+02
  1.900000E+01  2.100000E+02     3  1.670062E+02  4.671813E-01  1.670007E+02  1.361729E+00
  1.900000E+01  2.100000E+02     4  4.124310E+03 -1.237755E+02 -2.292872E+03 -3.428217E+03
  1.900000E+01  2.100000E+02     5  6.060017E+03  9.994125E+01 -1.046191E+03  5.969028E+03
  1.900000E+01  2.100000E+02     6  3.491955E+03 -9.030824E+01 -1.878573E+01 -3.491904E+03
  1.900000E+01  2.400000E+02     1  4.282921E+02 -9.625710E+01 -4.667958E+01 -4.257407E+02
  1.900000E+01  2.400000E+02     2  7.410078E+02 -9.623134E+01 -8.043135E+01 -7.366297E+02
  1.900000E+01  2.400000E+02     3  1.680845E+02 -3.651536E+00  1.677433E+02 -1.070500E+01
  1.900000E+01  2.400000E+02     4  6.459714E+03 -1.131686E+02 -2.541494E+03 -5.938747E+03
  1.900000E+01  2.400000E+02     5  3.675680E+03  6.683694E+01  1.445826E+03  3.379381E+03
  1.900000E+01  2.400000E+02     6  2.521612E+01 -1.393529E+02 -1.913237E+01 -1.642575E+01
  1.900000E+01  2.700000E+02     1  4.462787E+01  1.752264E+02 -4.447307E+01  3.713876E+00
  1.900000E+01  2.700000E+02     2  8.562319E+02 -9.203393E+01 -3.038884E+01 -8.556924E+02
  1.900000E+01  2.700000E+02     3  1.675597E+02  4.631937E-01  1.675542E+02  1.354581E+00
  1.900000E+01  2.700000E+02     4  6.912979E+03 -9.220600E+01 -2.660968E+02 -6.907856E+03
  1.900000E+01  2.700000E+02     5  2.498755E+03 -1.938269E+00  2.497325E+03 -8.451470E+01
  1.900000E+01  2.700000E+02     6  3.469703E+03  9.030645E+01 -1.855788E+01  3.469654E+03
  1.900000E+01  3.000000E+02     1  4.300836E+02  9.214949E+01 -1.613108E+01  4.297810E+02
  1.900000E+01  3.000000E+02     2  7.457225E+02 -8.785635E+01  2.789384E+01 -7.452006E+02
  1.900000E+01  3.000000E+02     3  1.676402E+02  4.641480E+00  1.670904E+02  1.356553E+01
  1.900000E+01  3.000000E+02     4  6.365903E+03 -7.084769E+01  2.088528E+03 -6.013549E+03
  1.900000E+01  3.000000E+02     5  3.698336E+03 -7.086970E+01  1.212010E+03 -3.494098E+03
  1.900000E+01  3.000000E+02     6  1.996237E+01  1.673784E+02 -1.947997E+01  4.362015E+00
  1.900000E+01  3.300000E+02     1  7.403403E+02  8.624603E+01  4.847173E+01  7.387518E+02
  1.900000E+01  3.300000E+02     2  4.323340E+02 -8.692014E+01  2.322834E+01 -4.317096E+02
  1.900000E+01  3.300000E+02     3  1.674035E+02  5.460421E-01  1.673959E+02  1.595370E+00
  1.900000E+01  3.300000E+02     4  4.043708E+03 -5.957407E+01  2.047831E+03 -3.486827E+03
  1.900000E+01  3.300000E+02     5  6.134373E+03 -1.038459E+02 -1.468024E+03 -5.956125E+03
  1.900000E+01  3.300000E+02     6  3.468450E+03 -9.032372E+01 -1.959669E+01 -3.468395E+03
  2.000000E+01  0.000000E+00     1  8.295008E+02  8.442662E+01  8.056156E+01  8.255794E+02
  2.000000E+01  0.000000E+00     2  2.912840E-01 -8.161300E+01  4.248631E-02 -2.881688E-01
  2.000000E+01  0.000000E+00     3  2.109608E+02 -2.289943E+00  2.107923E+02 -8.429235E+00
  2.000000E+01  0.000000E+00     4  1.499617E+01  4.842398E+01  9.951653E+00  1.121827E+01
  2.000000E+01  0.000000E+00     5  6.654529E+03 -1.139228E+02 -2.698449E+03 -6.082855E+03
  2.000000E+01  0.000000E+00     6  1.773513E+01  1.476519E+02 -1.498286E+01  9.489388E+00
  2.000000E+01  3.000000E+01     1  7.181180E+02  8.659515E+01  4.264959E+01  7.168503E+02
  2.000000E+01  3.000000E+01     2  4.176579E+02  9.286589E+01 -2.088219E+01  4.171356E+02
  2.000000E+01  3.000000E+01     3  2.102591E+02  5.805214E-01  2.102483E+02  2.130311E+00
  2.000000E+01  3.000000E+01     4  3.670056E+03  1.218916E+02 -1.938940E+03  3.116060E+03
  2.000000E+01  3.000000E+01     5  5.447296E+03 -1.045624E+02 -1.369639E+03 -5.272298E+03
  2.000000E+01  3.000000E+01     6  2.951852E+03  9.027662E+01 -1.425121E+01  2.951818E+03
  2.000000E+01  6.000000E+01     1  4.169871E+02  9.191068E+01 -1.390293E+01  4.167553E+02
  2.000000E+01  6.000000E+01     2  7.214745E+02  9.188847E+01 -2.377557E+01  7.210827E+02
  2.000000E+01  6.000000E+01     3  2.103370E+02  3.495721E+00  2.099456E+02  1.282509E+01
  2.000000E+01  6.000000E+01     4  5.714662E+03  1.103385E+02 -1.986224E+03  5.358384E+03
  2.000000E+01  6.000000E+01     5  3.248985E+03 -6.963735E+01  1.130520E+03 -3.045953E+03
  2.000000E+01  6.000000E+01     6  2.196717E+01  1.375946E+02 -1.622038E+01  1.481404E+01
  2.000000E+01  9.000000E+01     1  3.976071E+01  1.749056E+02 -3.960364E+01  3.530634E+00
  2.000000E+01  9.000000E+01     2  8.297593E+02  8.816592E+01  2.655670E+01  8.293342E+02
  2.000000E+01  9.000000E+01     3  2.107429E+02  5.755154E-01  2.107323E+02  2.116801E+00
  2.000000E+01  9.000000E+01     4  6.151502E+03  8.817857E+01  1.955235E+02  6.148394E+03
  2.000000E+01  9.000000E+01     5  2.357760E+03  8.582031E-02  2.357758E+03  3.531563E+00
  2.000000E+01  9.000000E+01     6  2.931555E+03 -9.034879E+01 -1.784558E+01 -2.931501E+03
  2.000000E+01  1.200000E+02     1  4.144195E+02 -9.557729E+01 -4.027670E+01 -4.124576E+02
  2.000000E+01  1.200000E+02     2  7.185609E+02  8.442473E+01  6.981063E+01  7.151616E+02
  2.000000E+01  1.200000E+02     3  2.114627E+02 -2.363976E+00  2.112827E+02 -8.722301E+00
  2.000000E+01  1.200000E+02     4  5.773007E+03  6.618194E+01  2.331335E+03  5.281334E+03
  2.000000E+01  1.200000E+02     5  3.354873E+03  6.622109E+01  1.352713E+03  3.070072E+03
  2.000000E+01  1.200000E+02     6  1.800955E+01 -1.671493E+02 -1.755846E+01 -4.005516E+00
  2.000000E+01  1.500000E+02     1  7.195675E+02 -9.025600E+01 -3.215060E+00 -7.195603E+02
  2.000000E+01  1.500000E+02     2  4.149543E+02  8.341778E+01  4.756576E+01  4.122191E+02
  2.000000E+01  1.500000E+02     3  2.105990E+02  5.152702E-01  2.105905E+02  1.893925E+00
  2.000000E+01  1.500000E+02     4  3.723531E+03  5.466928E+01  2.153299E+03  3.037760E+03
  2.000000E+01  1.500000E+02     5  5.429962E+03  1.006025E+02 -9.990862E+02  5.337258E+03
  2.000000E+01  1.500000E+02     6  2.929740E+03  9.031922E+01 -1.632267E+01  2.929694E+03
  2.000000E+01  1.800000E+02     1  8.332134E+02 -8.811223E+01  2.744759E+01 -8.327612E+02
  2.000000E+01  1.800000E+02     2  2.914599E-01  7.391889E+01  8.073378E-02  2.800552E-01
  2.000000E+01  1.800000E+02     3  2.101812E+02  3.464905E+00  2.097970E+02  1.270275E+01
  2.000000E+01  1.800000E+02     4  1.474306E+01 -5.108082E+01  9.261940E+00 -1.147059E+01
  2.000000E+01  1.800000E+02     5  6.567972E+03  1.104112E+02 -2.290615E+03  6.155594E+03
  2.000000E+01  1.800000E+02     6  1.857843E+01 -1.477080E+02 -1.570502E+01 -9.925238E+00
  2.000000E+01  2.100000E+02     1  7.199834E+02 -9.026974E+01 -3.389683E+00 -7.199754E+02
  2.000000E+01  2.100000E+02     2  4.144468E+02 -9.657155E+01 -4.743087E+01 -4.117238E+02
  2.000000E+01  2.100000E+02     3  2.102529E+02  5.846237E-01  2.102419E+02  2.145301E+00
  2.000000E+01  2.100000E+02     4  3.735788E+03 -1.250322E+02 -2.144477E+03 -3.058975E+03
  2.000000E+01  2.100000E+02     5  5.402096E+03  1.008546E+02 -1.017305E+03  5.305444E+03
  2.000000E+01  2.100000E+02     6  2.952192E+03 -9.031825E+01 -1.639825E+01 -2.952146E+03
  2.000000E+01  2.400000E+02     1  4.151388E+02 -9.559783E+01 -4.049481E+01 -4.131590E+02
  2.000000E+01  2.400000E+02     2  7.182576E+02 -9.557464E+01 -6.977324E+01 -7.148606E+02
  2.000000E+01  2.400000E+02     3  2.111075E+02 -2.320614E+00  2.109344E+02 -8.548015E+00
  2.000000E+01  2.400000E+02     4  5.789523E+03 -1.138531E+02 -2.341239E+03 -5.295015E+03
  2.000000E+01  2.400000E+02     5  3.291549E+03  6.611936E+01  1.332526E+03  3.009762E+03
  2.000000E+01  2.400000E+02     6  2.275565E+01 -1.386750E+02 -1.708894E+01 -1.502623E+01
  2.000000E+01  2.700000E+02     1  3.973541E+01  1.760642E+02 -3.964170E+01  2.727401E+00
  2.000000E+01  2.700000E+02     2  8.297547E+02 -9.183713E+01 -2.660059E+01 -8.293282E+02
  2.000000E+01  2.700000E+02     3  2.107490E+02  5.887309E-01  2.107379E+02  2.165470E+00
  2.000000E+01  2.700000E+02     4  6.151861E+03 -9.199584E+01 -2.142506E+02 -6.148129E+03
  2.000000E+01  2.700000E+02     5  2.356550E+03 -1.690320E+00  2.355524E+03 -6.951204E+01
  2.000000E+01  2.700000E+02     6  2.931313E+03  9.033265E+01 -1.701835E+01  2.931264E+03
  2.000000E+01  3.000000E+02     1  4.162745E+02  9.189349E+01 -1.375431E+01  4.160472E+02
  2.000000E+01  3.000000E+02     2  7.217708E+02 -8.811237E+01  2.377479E+01 -7.213791E+02
  2.000000E+01  3.000000E+02     3  2.107035E+02  3.538152E+00  2.103019E+02  1.300318E+01
  2.000000E+01  3.000000E+02     4  5.698405E+03 -6.969961E+01  1.977017E+03 -5.344458E+03
  2.000000E+01  3.000000E+02     5  3.311848E+03 -6.973783E+01  1.146947E+03 -3.106903E+03
  2.000000E+01  3.000000E+02     6  1.780772E+01  1.679930E+02 -1.741813E+01  3.704567E+00
  2.000000E+01  3.300000E+02     1  7.177048E+02  8.658260E+01  4.278196E+01  7.164286E+02
  2.000000E+01  3.300000E+02     2  4.181665E+02 -8.712823E+01  2.095053E+01 -4.176414E+02
  2.000000E+01  3.300000E+02     3  2.106101E+02  6.489105E-01  2.105966E+02  2.385240E+00
  2.000000E+01  3.300000E+02     4  3.657619E+03 -5.780146E+01  1.948979E+03 -3.095102E+03
  2.000000E+01  3.300000E+02     5  5.474678E+03 -1.043147E+02 -1.353604E+03 -5.304701E+03
  2.000000E+01  3.300000E+02     6  2.930170E+03 -9.033321E+01 -1.704061E+01 -2.930120E+03
  2.100000E+01  0.000000E+00     1  8.032701E+02  8.496661E+01  7.047592E+01  8.001725E+02
  2.100000E+01  0.000000E+00     2  2.720822E-01 -8.150794E+01  4.017901E-02 -2.690992E-01
  2.100000E+01  0.000000E+00     3  2.489590E+02 -1.498642E+00  2.488739E+02 -6.511090E+00
  2.100000E+01  0.000000E+00     4  1.425867E+01  5.113795E+01  8.946568E+00  1.110264E+01
  2.100000E+01  0.000000E+00     5  5.999170E+03 -1.145270E+02 -2.490390E+03 -5.457839E+03
  2.100000E+01  0.000000E+00     6  1.624254E+01  1.454046E+02 -1.337056E+01  9.222156E+00
  2.100000E+01  3.000000E+01     1  6.954731E+02  8.688013E+01  3.785117E+01  6.944423E+02
  2.100000E+01  3.000000E+01     2  4.038303E+02  9.268943E+01 -1.894859E+01  4.033855E+02
  2.100000E+01  3.000000E+01     3  2.483999E+02  6.596121E-01  2.483834E+02  2.859616E+00
  2.100000E+01  3.000000E+01     4  3.338647E+03  1.233450E+02 -1.835184E+03  2.789026E+03
  2.100000E+01  3.000000E+01     5  4.892244E+03 -1.049763E+02 -1.264249E+03 -4.726069E+03
  2.100000E+01  3.000000E+01     6  2.519729E+03  9.029676E+01 -1.305067E+01  2.519695E+03
  2.100000E+01  6.000000E+01     1  4.033793E+02  9.170905E+01 -1.203039E+01  4.031999E+02
  2.100000E+01  6.000000E+01     2  6.979305E+02  9.168916E+01 -2.057306E+01  6.976273E+02
  2.100000E+01  6.000000E+01     3  2.484230E+02  2.847700E+00  2.481162E+02  1.234197E+01
  2.100000E+01  6.000000E+01     4  5.150852E+03  1.113092E+02 -1.871821E+03  4.798704E+03
  2.100000E+01  6.000000E+01     5  2.926001E+03 -6.863353E+01  1.066035E+03 -2.724895E+03
  2.100000E+01  6.000000E+01     6  1.998154E+01  1.371341E+02 -1.464544E+01  1.359313E+01
  2.100000E+01  9.000000E+01     1  3.561774E+01  1.754877E+02 -3.550735E+01  2.802156E+00
  2.100000E+01  9.000000E+01     2  8.033871E+02  8.833375E+01  2.336051E+01  8.030474E+02
  2.100000E+01  9.000000E+01     3  2.488353E+02  6.508459E-01  2.488192E+02  2.826560E+00
  2.100000E+01  9.000000E+01     4  5.513458E+03  8.835670E+01  1.581102E+02  5.511190E+03
  2.100000E+01  9.000000E+01     5  2.215581E+03  2.802434E-01  2.215554E+03  1.083674E+01
  2.100000E+01  9.000000E+01     6  2.500678E+03 -9.036537E+01 -1.594637E+01 -2.500627E+03
  2.100000E+01  1.200000E+02     1  4.013120E+02 -9.503745E+01 -3.523797E+01 -3.997620E+02
  2.100000E+01  1.200000E+02     2  6.958264E+02  8.496469E+01  6.107241E+01  6.931411E+02
  2.100000E+01  1.200000E+02     3  2.494090E+02 -1.561761E+00  2.493164E+02 -6.797517E+00
  2.100000E+01  1.200000E+02     4  5.205098E+03  6.558472E+01  2.151513E+03  4.739624E+03
  2.100000E+01  1.200000E+02     5  3.025976E+03  6.564040E+01  1.248101E+03  2.756588E+03
  2.100000E+01  1.200000E+02     6  1.615129E+01 -1.674676E+02 -1.576646E+01 -3.504692E+00
  2.100000E+01  1.500000E+02     1  6.964517E+02 -9.020532E+01 -2.495781E+00 -6.964473E+02
  2.100000E+01  1.500000E+02     2  4.019239E+02  8.394129E+01  4.242205E+01  3.996789E+02
  2.100000E+01  1.500000E+02     3  2.487055E+02  6.037953E-01  2.486917E+02  2.620863E+00
  2.100000E+01  1.500000E+02     4  3.387614E+03  5.360190E+01  2.010184E+03  2.726736E+03
  2.100000E+01  1.500000E+02     5  4.876816E+03  1.013727E+02 -9.616641E+02  4.781061E+03
  2.100000E+01  1.500000E+02     6  2.498958E+03  9.033765E+01 -1.472638E+01  2.498915E+03
  2.100000E+01  1.800000E+02     1  8.060270E+02 -8.831169E+01  2.374742E+01 -8.056771E+02
  2.100000E+01  1.800000E+02     2  2.727202E-01  7.457174E+01  7.255220E-02  2.628926E-01
  2.100000E+01  1.800000E+02     3  2.482814E+02  2.818681E+00  2.479810E+02  1.220934E+01
  2.100000E+01  1.800000E+02     4  1.402535E+01 -5.372716E+01  8.297832E+00 -1.130736E+01
  2.100000E+01  1.800000E+02     5  5.918370E+03  1.113964E+02 -2.159129E+03  5.510469E+03
  2.100000E+01  1.800000E+02     6  1.701712E+01 -1.455390E+02 -1.403082E+01 -9.629042E+00
  2.100000E+01  2.100000E+02     1  6.968568E+02 -9.021775E+01 -2.648312E+00 -6.968518E+02
  2.100000E+01  2.100000E+02     2  4.014497E+02 -9.604866E+01 -4.230199E+01 -3.992148E+02
  2.100000E+01  2.100000E+02     3  2.483927E+02  6.549237E-01  2.483765E+02  2.839210E+00
  2.100000E+01  2.100000E+02     4  3.399604E+03 -1.260825E+02 -2.002193E+03 -2.747459E+03
  2.100000E+01  2.100000E+02     5  4.849858E+03  1.016358E+02 -9.781715E+02  4.750190E+03
  2.100000E+01  2.100000E+02     6  2.520057E+03 -9.033025E+01 -1.452519E+01 -2.520016E+03
  2.100000E+01  2.400000E+02     1  4.020072E+02 -9.505581E+01 -3.542732E+01 -4.004431E+02
  2.100000E+01  2.400000E+02     2  6.955422E+02 -9.503468E+01 -6.103975E+01 -6.928587E+02
  2.100000E+01  2.400000E+02     3  2.490901E+02 -1.527585E+00  2.490016E+02 -6.640302E+00
  2.100000E+01  2.400000E+02     4  5.220716E+03 -1.144430E+02 -2.160271E+03 -4.752800E+03
  2.100000E+01  2.400000E+02     5  2.965740E+03  6.549760E+01  1.229985E+03  2.698657E+03
  2.100000E+01  2.400000E+02     6  2.073137E+01 -1.379703E+02 -1.539921E+01 -1.387998E+01
  2.100000E+01  2.700000E+02     1  3.560043E+01  1.767468E+02 -3.554306E+01  2.020277E+00
  2.100000E+01  2.700000E+02     2  8.033830E+02 -9.166897E+01 -2.339837E+01 -8.030422E+02
  2.100000E+01  2.700000E+02     3  2.488417E+02  6.631375E-01  2.488251E+02  2.880013E+00
  2.100000E+01  2.700000E+02     4  5.513753E+03 -9.181642E+01 -1.747710E+02 -5.510982E+03
  2.100000E+01  2.700000E+02     5  2.214434E+03 -1.524705E+00  2.213650E+03 -5.892162E+01
  2.100000E+01  2.700000E+02     6  2.500407E+03  9.035615E+01 -1.554242E+01  2.500359E+03
  2.100000E+01  3.000000E+02     1  4.026870E+02  9.169412E+01 -1.190489E+01  4.025110E+02
  2.100000E+01  3.000000E+02     2  6.982078E+02 -8.831158E+01  2.057225E+01 -6.979046E+02
  2.100000E+01  3.000000E+02     3  2.487495E+02  2.881175E+00  2.484351E+02  1.250334E+01
  2.100000E+01  3.000000E+02     4  5.135452E+03 -6.872114E+01  1.863694E+03 -4.785344E+03
  2.100000E+01  3.000000E+02     5  2.985792E+03 -6.877728E+01  1.080840E+03 -2.783297E+03
  2.100000E+01  3.000000E+02     6  1.598548E+01  1.684712E+02 -1.566296E+01  3.194878E+00
  2.100000E+01  3.300000E+02     1  6.950722E+02  8.686886E+01  3.796589E+01  6.940345E+02
  2.100000E+01  3.300000E+02     2  4.043046E+02 -8.730478E+01  1.901169E+01 -4.038573E+02
  2.100000E+01  3.300000E+02     3  2.487166E+02  7.101052E-01  2.486975E+02  3.082433E+00
  2.100000E+01  3.300000E+02     4  3.326561E+03 -5.632984E+01  1.844282E+03 -2.768507E+03
  2.100000E+01  3.300000E+02     5  4.918799E+03 -1.047174E+02 -1.249627E+03 -4.757417E+03
  2.100000E+01  3.300000E+02     6  2.499348E+03 -9.034505E+01 -1.505120E+01 -2.499303E+03
  2.200000E+01  0.000000E+00     1  7.775341E+02  8.541779E+01  6.211679E+01  7.750488E+02
  2.200000E+01  0.000000E+00     2  2.553495E-01 -8.153458E+01  3.759062E-02 -2.525674E-01
  2.200000E+01  0.000000E+00     3  2.825875E+02 -9.875216E-01  2.825455E+02 -4.870296E+00
  2.200000E+01  0.000000E+00     4  1.360108E+01  5.367152E+01  8.057468E+00  1.095749E+01
  2.200000E+01  0.000000E+00     5  5.439453E+03 -1.150452E+02 -2.302698E+03 -4.928005E+03
  2.200000E+01  0.000000E+00     6  1.501435E+01  1.433711E+02 -1.204927E+01  8.958001E+00
  2.200000E+01  3.000000E+01     1  6.732386E+02  8.712544E+01  3.376253E+01  6.723915E+02
  2.200000E+01  3.000000E+01     2  3.904431E+02  9.253843E+01 -1.729252E+01  3.900600E+02
  2.200000E+01  3.000000E+01     3  2.821320E+02  7.026029E-01  2.821108E+02  3.459623E+00
  2.200000E+01  3.000000E+01     4  3.052176E+03  1.245523E+02 -1.731066E+03  2.513800E+03
  2.200000E+01  3.000000E+01     5  4.421239E+03 -1.053303E+02 -1.168899E+03 -4.263922E+03
  2.200000E+01  3.000000E+01     6  2.169317E+03  9.031373E+01 -1.187817E+01  2.169285E+03
  2.200000E+01  6.000000E+01     1  3.901571E+02  9.154955E+01 -1.055043E+01  3.900144E+02
  2.200000E+01  6.000000E+01     2  6.750521E+02  9.153159E+01 -1.804280E+01  6.748110E+02
  2.200000E+01  6.000000E+01     3  2.821336E+02  2.413301E+00  2.818834E+02  1.187997E+01
  2.200000E+01  6.000000E+01     4  4.671176E+03  1.121350E+02 -1.760055E+03  4.326904E+03
  2.200000E+01  6.000000E+01     5  2.651374E+03 -6.777602E+01  1.002825E+03 -2.454409E+03
  2.200000E+01  6.000000E+01     6  1.833246E+01  1.366663E+02 -1.333446E+01  1.258059E+01
  2.200000E+01  9.000000E+01     1  3.209087E+01  1.759519E+02 -3.201081E+01  2.265419E+00
  2.200000E+01  9.000000E+01     2  7.775555E+02  8.847890E+01  2.064023E+01  7.772816E+02
  2.200000E+01  9.000000E+01     3  2.825266E+02  6.917462E-01  2.825060E+02  3.410930E+00
  2.200000E+01  9.000000E+01     4  4.974353E+03  8.851091E+01  1.292662E+02  4.972673E+03
  2.200000E+01  9.000000E+01     5  2.078176E+03  4.277621E-01  2.078118E+03  1.551522E+01
  2.200000E+01  9.000000E+01     6  2.151398E+03 -9.038293E+01 -1.437827E+01 -2.151350E+03
  2.200000E+01  1.200000E+02     1  3.884518E+02 -9.458656E+01 -3.106260E+01 -3.872078E+02
  2.200000E+01  1.200000E+02     2  6.735199E+02  8.541594E+01  5.382874E+01  6.713654E+02
  2.200000E+01  1.200000E+02     3  2.829908E+02 -1.042797E+00  2.829439E+02 -5.150216E+00
  2.200000E+01  1.200000E+02     4  4.720066E+03  6.507323E+01  1.989317E+03  4.280379E+03
  2.200000E+01  1.200000E+02     5  2.745005E+03  6.514442E+01  1.153815E+03  2.490736E+03
  2.200000E+01  1.200000E+02     6  1.455688E+01 -1.676176E+02 -1.421825E+01 -3.121521E+00
  2.200000E+01  1.500000E+02     1  6.738873E+02 -9.016066E+01 -1.889595E+00 -6.738846E+02
  2.200000E+01  1.500000E+02     2  3.890989E+02  8.439043E+01  3.803413E+01  3.872355E+02
  2.200000E+01  1.500000E+02     3  2.824078E+02  6.532340E-01  2.823894E+02  3.219685E+00
  2.200000E+01  1.500000E+02     4  3.095683E+03  5.270720E+01  1.875638E+03  2.462770E+03
  2.200000E+01  1.500000E+02     5  4.408575E+03  1.020318E+02 -9.189843E+02  4.311729E+03
  2.200000E+01  1.500000E+02     6  2.149712E+03  9.035505E+01 -1.332123E+01  2.149671E+03
  2.200000E+01  1.800000E+02     1  7.796075E+02 -8.846944E+01  2.082348E+01 -7.793294E+02
  2.200000E+01  1.800000E+02     2  2.562148E-01  7.520264E+01  6.543756E-02  2.477175E-01
  2.200000E+01  1.800000E+02     3  2.820052E+02  2.385910E+00  2.817607E+02  1.173986E+01
  2.200000E+01  1.800000E+02     4  1.341944E+01 -5.590077E+01  7.523312E+00 -1.111221E+01
  2.200000E+01  1.800000E+02     5  5.365854E+03  1.122359E+02 -2.030551E+03  4.966814E+03
  2.200000E+01  1.800000E+02     6  1.566017E+01 -1.434885E+02 -1.258667E+01 -9.317550E+00
  2.200000E+01  2.100000E+02     1  6.742769E+02 -9.017197E+01 -2.023823E+00 -6.742738E+02
  2.200000E+01  2.100000E+02     2  3.886540E+02 -9.560026E+01 -3.792774E+01 -3.867989E+02
  2.200000E+01  2.100000E+02     3  2.821254E+02  6.928058E-01  2.821048E+02  3.411305E+00
  2.200000E+01  2.100000E+02     4  3.107385E+03 -1.269602E+02 -1.868345E+03 -2.482968E+03
  2.200000E+01  2.100000E+02     5  4.382453E+03  1.023052E+02 -9.339815E+02  4.281772E+03
  2.200000E+01  2.100000E+02     6  2.169676E+03 -9.034413E+01 -1.303148E+01 -2.169637E+03
  2.200000E+01  2.400000E+02     1  3.891248E+02 -9.460294E+01 -3.122727E+01 -3.878698E+02
  2.200000E+01  2.400000E+02     2  6.732556E+02 -9.458348E+01 -5.380085E+01 -6.711025E+02
  2.200000E+01  2.400000E+02     3  2.827039E+02 -1.014651E+00  2.826595E+02 -5.006144E+00
  2.200000E+01  2.400000E+02     4  4.734871E+03 -1.149479E+02 -1.997136E+03 -4.293070E+03
  2.200000E+01  2.400000E+02     5  2.687624E+03  6.496162E+01  1.137471E+03  2.435053E+03
  2.200000E+01  2.400000E+02     6  1.892781E+01 -1.373385E+02 -1.391894E+01 -1.282674E+01
  2.200000E+01  2.700000E+02     1  3.207783E+01  1.773103E+02 -3.204249E+01  1.505300E+00
  2.200000E+01  2.700000E+02     2  7.775525E+02 -9.152364E+01 -2.067464E+01 -7.772776E+02
  2.200000E+01  2.700000E+02     3  2.825315E+02  7.032104E-01  2.825102E+02  3.467517E+00
  2.200000E+01  2.700000E+02     4  4.974628E+03 -9.166175E+01 -1.442585E+02 -4.972536E+03
  2.200000E+01  2.700000E+02     5  2.077109E+03 -1.412255E+00  2.076478E+03 -5.119243E+01
  2.200000E+01  2.700000E+02     6  2.151145E+03  9.037811E+01 -1.419609E+01  2.151098E+03
  2.200000E+01  3.000000E+02     1  3.894857E+02  9.153661E+01 -1.044429E+01  3.893456E+02
  2.200000E+01  3.000000E+02     2  6.753117E+02 -8.846908E+01  1.804196E+01 -6.750707E+02
  2.200000E+01  3.000000E+02     3  2.824283E+02  2.440745E+00  2.821720E+02  1.202753E+01
  2.200000E+01  3.000000E+02     4  4.656556E+03 -6.788799E+01  1.752814E+03 -4.314065E+03
  2.200000E+01  3.000000E+02     5  2.708360E+03 -6.796050E+01  1.016300E+03 -2.510448E+03
  2.200000E+01  3.000000E+02     6  1.445970E+01  1.688138E+02 -1.418500E+01  2.805153E+00
  2.200000E+01  3.300000E+02     1  6.728489E+02  8.711527E+01  3.386231E+01  6.719963E+02
  2.200000E+01  3.300000E+02     2  3.908892E+02 -8.745590E+01  1.735093E+01 -3.905039E+02
  2.200000E+01  3.300000E+02     3  2.824184E+02  7.415954E-01  2.823947E+02  3.655319E+00
  2.200000E+01  3.300000E+02     4  3.040430E+03 -5.510477E+01  1.739362E+03 -2.493759E+03
  2.200000E+01  3.300000E+02     5  4.446995E+03 -1.050614E+02 -1.155569E+03 -4.294231E+03
  2.200000E+01  3.300000E+02     6  2.150077E+03 -9.035780E+01 -1.342642E+01 -2.150035E+03
  2.300000E+01  0.000000E+00     1  7.525662E+02  8.579990E+01  5.511788E+01  7.505450E+02
  2.300000E+01  0.000000E+00     2  2.406466E-01 -8.168472E+01  3.480232E-02 -2.381167E-01
  2.300000E+01  0.000000E+00     3  3.124373E+02 -6.403884E-01  3.124178E+02 -3.492003E+00
  2.300000E+01  0.000000E+00     4  1.302155E+01  5.579630E+01  7.319889E+00  1.076940E+01
  2.300000E+01  0.000000E+00     5  4.958329E+03 -1.154856E+02 -2.133488E+03 -4.475853E+03
  2.300000E+01  0.000000E+00     6  1.388544E+01  1.413824E+02 -1.084909E+01  8.666173E+00
  2.300000E+01  3.000000E+01     1  6.516546E+02  8.733871E+01  3.025732E+01  6.509518E+02
  2.300000E+01  3.000000E+01     2  3.775760E+02  9.240813E+01 -1.586477E+01  3.772426E+02
  2.300000E+01  3.000000E+01     3  3.120631E+02  7.214203E-01  3.120384E+02  3.929132E+00
  2.300000E+01  3.000000E+01     4  2.802844E+03  1.255582E+02 -1.629935E+03  2.280186E+03
  2.300000E+01  3.000000E+01     5  4.018750E+03 -1.056317E+02 -1.082863E+03 -3.870111E+03
  2.300000E+01  3.000000E+01     6  1.882004E+03  9.033031E+01 -1.084944E+01  1.881972E+03
  2.300000E+01  6.000000E+01     1  3.774129E+02  9.142151E+01 -9.362654E+00  3.772968E+02
  2.300000E+01  6.000000E+01     2  6.530021E+02  9.140500E+01 -1.601122E+01  6.528057E+02
  2.300000E+01  6.000000E+01     3  3.120596E+02  2.098134E+00  3.118504E+02  1.142486E+01
  2.300000E+01  6.000000E+01     4  4.259874E+03  1.128362E+02 -1.653246E+03  3.925978E+03
  2.300000E+01  6.000000E+01     5  2.416030E+03 -6.704455E+01  9.422886E+02 -2.224701E+03
  2.300000E+01  6.000000E+01     6  1.687479E+01  1.360349E+02 -1.214584E+01  1.171482E+01
  2.300000E+01  9.000000E+01     1  2.906513E+01  1.763255E+02 -2.900537E+01  1.862735E+00
  2.300000E+01  9.000000E+01     2  7.525245E+02  8.860550E+01  1.831366E+01  7.523016E+02
  2.300000E+01  9.000000E+01     3  3.124223E+02  7.095626E-01  3.123983E+02  3.869002E+00
  2.300000E+01  9.000000E+01     4  4.515385E+03  8.864491E+01  1.067822E+02  4.514123E+03
  2.300000E+01  9.000000E+01     5  1.947915E+03  5.445134E-01  1.947827E+03  1.851183E+01
  2.300000E+01  9.000000E+01     6  1.865067E+03 -9.040169E+01 -1.307537E+01 -1.865021E+03
  2.300000E+01  1.200000E+02     1  3.759756E+02 -9.420437E+01 -2.756435E+01 -3.749638E+02
  2.300000E+01  1.200000E+02     2  6.518834E+02  8.579818E+01  4.776345E+01  6.501312E+02
  2.300000E+01  1.200000E+02     3  3.128029E+02 -6.896859E-01  3.127802E+02 -3.765208E+00
  2.300000E+01  1.200000E+02     4  4.303065E+03  6.463927E+01  1.843071E+03  3.888375E+03
  2.300000E+01  1.200000E+02     5  2.503381E+03  6.472601E+01  1.068812E+03  2.263748E+03
  2.300000E+01  1.200000E+02     6  1.320690E+01 -1.677733E+02 -1.290733E+01 -2.796951E+00
  2.300000E+01  1.500000E+02     1  6.520662E+02 -9.012103E+01 -1.377423E+00 -6.520648E+02
  2.300000E+01  1.500000E+02     2  3.766340E+02  8.477966E+01  3.426851E+01  3.750717E+02
  2.300000E+01  1.500000E+02     3  3.123140E+02  6.770239E-01  3.122922E+02  3.690309E+00
  2.300000E+01  1.500000E+02     4  2.840756E+03  5.195863E+01  1.750560E+03  2.237283E+03
  2.300000E+01  1.500000E+02     5  4.009027E+03  1.025944E+02 -8.741598E+02  3.912562E+03
  2.300000E+01  1.500000E+02     6  1.863407E+03  9.037067E+01 -1.205522E+01  1.863368E+03
  2.300000E+01  1.800000E+02     1  7.541456E+02 -8.859612E+01  1.847637E+01 -7.539193E+02
  2.300000E+01  1.800000E+02     2  2.417141E-01  7.575200E+01  5.949056E-02  2.342789E-01
  2.300000E+01  1.800000E+02     3  3.119433E+02  2.072293E+00  3.117393E+02  1.128001E+01
  2.300000E+01  1.800000E+02     4  1.282357E+01 -5.797503E+01  6.800198E+00 -1.087204E+01
  2.300000E+01  1.800000E+02     5  4.892110E+03  1.129495E+02 -1.907530E+03  4.504894E+03
  2.300000E+01  1.800000E+02     6  1.451076E+01 -1.415252E+02 -1.136021E+01 -9.028167E+00
  2.300000E+01  2.100000E+02     1  6.524454E+02 -9.013142E+01 -1.496506E+00 -6.524437E+02
  2.300000E+01  2.100000E+02     2  3.762145E+02 -9.521170E+01 -3.417379E+01 -3.746592E+02
  2.300000E+01  2.100000E+02     3  3.120565E+02  7.086680E-01  3.120326E+02  3.859600E+00
  2.300000E+01  2.100000E+02     4  2.852238E+03 -1.276935E+02 -1.743966E+03 -2.256955E+03
  2.300000E+01  2.100000E+02     5  3.983738E+03  1.028782E+02 -8.878939E+02  3.883531E+03
  2.300000E+01  2.100000E+02     6  1.882334E+03 -9.035710E+01 -1.173155E+01 -1.882297E+03
  2.300000E+01  2.400000E+02     1  3.766276E+02 -9.421940E+01 -2.771072E+01 -3.756068E+02
  2.300000E+01  2.400000E+02     2  6.516343E+02 -9.420145E+01 -4.774103E+01 -6.498831E+02
  2.300000E+01  2.400000E+02     3  3.125422E+02 -6.660907E-01  3.125211E+02 -3.633370E+00
  2.300000E+01  2.400000E+02     4  4.317138E+03 -1.153755E+02 -1.850107E+03 -3.900614E+03
  2.300000E+01  2.400000E+02     5  2.448621E+03  6.450464E+01  1.053980E+03  2.210175E+03
  2.300000E+01  2.400000E+02     6  1.741875E+01 -1.365530E+02 -1.264621E+01 -1.197858E+01
  2.300000E+01  2.700000E+02     1  2.905687E+01  1.777809E+02 -2.903507E+01  1.125105E+00
  2.300000E+01  2.700000E+02     2  7.525222E+02 -9.139682E+01 -1.834393E+01 -7.522985E+02
  2.300000E+01  2.700000E+02     3  3.124262E+02  7.202677E-01  3.124015E+02  3.927420E+00
  2.300000E+01  2.700000E+02     4  4.515625E+03 -9.152667E+01 -1.203068E+02 -4.514021E+03
  2.300000E+01  2.700000E+02     5  1.946891E+03 -1.337041E+00  1.946361E+03 -4.542807E+01
  2.300000E+01  2.700000E+02     6  1.864818E+03  9.039919E+01 -1.299219E+01  1.864772E+03
  2.300000E+01  3.000000E+02     1  3.767627E+02  9.140974E+01 -9.269175E+00  3.766486E+02
  2.300000E+01  3.000000E+02     2  6.532479E+02 -8.859570E+01  1.600924E+01 -6.530517E+02
  2.300000E+01  3.000000E+02     3  3.123271E+02  2.121301E+00  3.121131E+02  1.156086E+01
  2.300000E+01  3.000000E+02     4  4.245946E+03 -6.718114E+01  1.646659E+03 -3.913639E+03
  2.300000E+01  3.000000E+02     5  2.470426E+03 -6.726918E+01  9.545781E+02 -2.278549E+03
  2.300000E+01  3.000000E+02     6  1.307442E+01  1.689268E+02 -1.283101E+01  2.511108E+00
  2.300000E+01  3.300000E+02     1  6.512766E+02  8.732937E+01  3.034595E+01  6.505693E+02
  2.300000E+01  3.300000E+02     2  3.779956E+02 -8.758658E+01  1.591729E+01 -3.776603E+02
  2.300000E+01  3.300000E+02     3  3.123240E+02  7.526893E-01  3.122971E+02  4.102854E+00
  2.300000E+01  3.300000E+02     4  2.791336E+03 -5.408350E+01  1.637413E+03 -2.260627E+03
  2.300000E+01  3.300000E+02     5  4.043680E+03 -1.053531E+02 -1.070630E+03 -3.899371E+03
  2.300000E+01  3.300000E+02     6  1.863750E+03 -9.036985E+01 -1.203062E+01 -1.863711E+03
