 -1.000000E+00     1     1 -9.186368E+03
 -1.000000E+00     1     2  3.688807E+03
 -1.000000E+00     1     3 -3.167831E+03
 -1.000000E+00     1     4  5.010504E+04
 -1.000000E+00     1     5  1.465325E+05
 -1.000000E+00     1     6  8.676872E+03
 -1.000000E+00     1     7 -4.016178E+01
 -1.000000E+00     1     8 -3.936993E+01
 -1.000000E+00     1     9 -6.821062E+01
 -1.000000E+00     1    10 -4.124106E+02
 -1.000000E+00     1    11  4.069424E+02
 -1.000000E+00     1    12 -1.410926E+01
 -1.000000E+00     1    13 -4.788053E+01
 -1.000000E+00     1    14 -6.117244E+01
 -1.000000E+00     1    15  3.966351E+01
 -1.000000E+00     1    16 -6.461451E+02
 -1.000000E+00     1    17  4.839259E+02
 -1.000000E+00     1    18 -1.875054E+01
 -1.000000E+00     1    19  3.476160E+03
 -1.000000E+00     1    20  2.602256E+03
 -1.000000E+00     1    21 -4.901210E+03
 -1.000000E+00     1    22  1.880590E+04
 -1.000000E+00     1    23 -1.937979E+05
 -1.000000E+00     1    24 -9.703037E+04
 -1.000000E+00     1    25  5.383578E+01
 -1.000000E+00     1    26  3.385749E+01
 -1.000000E+00     1    27  2.981610E+01
 -1.000000E+00     1    28  2.470280E+02
 -1.000000E+00     1    29 -3.881383E+02
 -1.000000E+00     1    30 -3.253995E-01
 -1.000000E+00     2     1 -8.606349E+03
 -1.000000E+00     2     2  6.180146E+03
 -1.000000E+00     2     3 -1.754684E+03
 -1.000000E+00     2     4  7.679988E+04
 -1.000000E+00     2     5  1.310907E+05
 -1.000000E+00     2     6  3.823903E+03
 -1.000000E+00     2     7 -1.498495E+01
 -1.000000E+00     2     8 -4.493366E+01
 -1.000000E+00     2     9 -2.947949E+01
 -1.000000E+00     2    10 -4.716100E+02
 -1.000000E+00     2    11  1.438792E+02
 -1.000000E+00     2    12 -1.563395E+01
 -1.000000E+00     2    13 -1.870142E+01
 -1.000000E+00     2    14 -4.612242E+01
 -1.000000E+00     2    15  6.773280E+01
 -1.000000E+00     2    16 -4.901251E+02
 -1.000000E+00     2    17  1.704526E+02
 -1.000000E+00     2    18 -1.350780E+01
 -1.000000E+00     2    19  4.355847E+03
 -1.000000E+00     2    20  8.124017E+02
 -1.000000E+00     2    21 -2.392958E+03
 -1.000000E+00     2    22  1.057112E+04
 -1.000000E+00     2    23 -9.773430E+04
 -1.000000E+00     2    24 -9.956728E+03
 -1.000000E+00     2    25  2.738029E+01
 -1.000000E+00     2    26  2.943976E+01
 -1.000000E+00     2    27  2.137346E+01
 -1.000000E+00     2    28  2.146956E+02
 -1.000000E+00     2    29 -1.969504E+02
 -1.000000E+00     2    30 -1.804828E-01
 -1.000000E+00     3     1  8.411729E+03
 -1.000000E+00     3     2 -1.649044E+03
 -1.000000E+00     3     3  3.084799E+03
 -1.000000E+00     3     4 -2.048504E+04
 -1.000000E+00     3     5 -1.325127E+05
 -1.000000E+00     3     6 -4.024391E+03
 -1.000000E+00     3     7 -2.086207E+01
 -1.000000E+00     3     8  4.468064E+01
 -1.000000E+00     3     9 -5.113468E+01
 -1.000000E+00     3    10  4.713511E+02
 -1.000000E+00     3    11  2.286265E+02
 -1.000000E+00     3    12  1.521206E+01
 -1.000000E+00     3    13 -1.779539E+01
 -1.000000E+00     3    14  1.947489E+00
 -1.000000E+00     3    15 -1.006933E+02
 -1.000000E+00     3    16  2.236474E+01
 -1.000000E+00     3    17  2.051972E+02
 -1.000000E+00     3    18 -2.693442E-01
 -1.000000E+00     3    19 -4.331273E+03
 -1.000000E+00     3    20 -1.419414E+03
 -1.000000E+00     3    21  3.023208E+03
 -1.000000E+00     3    22 -9.380397E+03
 -1.000000E+00     3    23  1.288771E+05
 -1.000000E+00     3    24  5.775268E+04
 -1.000000E+00     3    25 -1.201472E+01
 -1.000000E+00     3    26 -1.578044E+01
 -1.000000E+00     3    27 -2.113749E+01
 -1.000000E+00     3    28 -1.150587E+02
 -1.000000E+00     3    29  8.247514E+01
 -1.000000E+00     3    30  1.736924E-01
 -1.000000E+00     4     1 -1.363639E+05
 -1.000000E+00     4     2  8.166124E+04
 -1.000000E+00     4     3 -2.820252E+04
 -1.000000E+00     4     4  1.156063E+06
 -1.000000E+00     4     5  2.069753E+06
 -1.000000E+00     4     6  5.817941E+04
 -1.000000E+00     4     7 -2.481904E+02
 -1.000000E+00     4     8 -6.037938E+02
 -1.000000E+00     4     9 -3.444737E+02
 -1.000000E+00     4    10 -6.340920E+03
 -1.000000E+00     4    11  2.416977E+03
 -1.000000E+00     4    12 -2.107726E+02
 -1.000000E+00     4    13 -3.044637E+02
 -1.000000E+00     4    14 -6.175309E+02
 -1.000000E+00     4    15  9.628230E+02
 -1.000000E+00     4    16 -6.549830E+03
 -1.000000E+00     4    17  2.884528E+03
 -1.000000E+00     4    18 -1.827414E+02
 -1.000000E+00     4    19  6.869130E+04
 -1.000000E+00     4    20  1.030181E+04
 -1.000000E+00     4    21 -3.748728E+04
 -1.000000E+00     4    22  1.464361E+05
 -1.000000E+00     4    23 -1.522456E+06
 -1.000000E+00     4    24 -6.575809E+04
 -1.000000E+00     4    25  4.365489E+02
 -1.000000E+00     4    26  3.954316E+02
 -1.000000E+00     4    27  3.422748E+02
 -1.000000E+00     4    28  2.885528E+03
 -1.000000E+00     4    29 -3.138228E+03
 -1.000000E+00     4    30 -2.864225E+00
 -1.000000E+00     5     1  1.705545E+05
 -1.000000E+00     5     2 -6.712320E+04
 -1.000000E+00     5     3  5.507356E+04
 -1.000000E+00     5     4 -9.352919E+05
 -1.000000E+00     5     5 -2.480825E+06
 -1.000000E+00     5     6 -1.421406E+05
 -1.000000E+00     5     7  8.430264E+02
 -1.000000E+00     5     8  6.523670E+02
 -1.000000E+00     5     9  9.499925E+02
 -1.000000E+00     5    10  6.831211E+03
 -1.000000E+00     5    11 -8.584425E+03
 -1.000000E+00     5    12  2.352489E+02
 -1.000000E+00     5    13  9.827711E+02
 -1.000000E+00     5    14  1.055070E+03
 -1.000000E+00     5    15 -8.881450E+02
 -1.000000E+00     5    16  1.111367E+04
 -1.000000E+00     5    17 -1.009221E+04
 -1.000000E+00     5    18  3.292153E+02
 -1.000000E+00     5    19 -5.245477E+04
 -1.000000E+00     5    20 -3.962571E+04
 -1.000000E+00     5    21  8.544901E+04
 -1.000000E+00     5    22 -3.029358E+05
 -1.000000E+00     5    23  3.321786E+06
 -1.000000E+00     5    24  1.388462E+06
 -1.000000E+00     5    25 -1.060104E+03
 -1.000000E+00     5    26 -5.747344E+02
 -1.000000E+00     5    27 -6.673441E+02
 -1.000000E+00     5    28 -4.195189E+03
 -1.000000E+00     5    29  7.645880E+03
 -1.000000E+00     5    30  6.269975E+00
 -1.000000E+00     6     1  4.746173E+03
 -1.000000E+00     6     2 -2.736224E+03
 -1.000000E+00     6     3  1.398211E+03
 -1.000000E+00     6     4 -4.394942E+04
 -1.000000E+00     6     5 -6.804106E+04
 -1.000000E+00     6     6  3.491642E+02
 -1.000000E+00     6     7  1.544036E+01
 -1.000000E+00     6     8  1.558348E+01
 -1.000000E+00     6     9 -1.567620E+00
 -1.000000E+00     6    10  1.644885E+02
 -1.000000E+00     6    11 -1.555300E+02
 -1.000000E+00     6    12  5.556208E+00
 -1.000000E+00     6    13  1.820805E+01
 -1.000000E+00     6    14  1.503902E+01
 -1.000000E+00     6    15 -3.457814E+01
 -1.000000E+00     6    16  1.566337E+02
 -1.000000E+00     6    17 -1.909145E+02
 -1.000000E+00     6    18  4.808785E+00
 -1.000000E+00     6    19 -1.143658E+03
 -1.000000E+00     6    20  1.089903E+03
 -1.000000E+00     6    21  2.092802E+03
 -1.000000E+00     6    22  1.512436E+03
 -1.000000E+00     6    23  8.069992E+04
 -1.000000E+00     6    24 -7.397277E+04
 -1.000000E+00     6    25 -2.495529E+01
 -1.000000E+00     6    26 -1.033695E+01
 -1.000000E+00     6    27 -1.967780E+01
 -1.000000E+00     6    28 -7.563964E+01
 -1.000000E+00     6    29  1.790990E+02
 -1.000000E+00     6    30  1.585120E-01
 -1.000000E+00     7     1  8.551229E+00
 -1.000000E+00     7     2 -3.398863E+00
 -1.000000E+00     7     3 -4.539747E+01
 -1.000000E+00     7     4 -3.196634E+01
 -1.000000E+00     7     5 -1.089317E+02
 -1.000000E+00     7     6 -2.936462E+00
 -1.000000E+00     7     7  2.691452E+04
 -1.000000E+00     7     8  1.243850E+03
 -1.000000E+00     7     9  3.226964E+02
 -1.000000E+00     7    10  2.929899E+04
 -1.000000E+00     7    11 -4.566823E+05
 -1.000000E+00     7    12 -4.941848E+03
 -1.000000E+00     7    13  5.287160E+00
 -1.000000E+00     7    14  7.122131E+00
 -1.000000E+00     7    15 -4.241696E+01
 -1.000000E+00     7    16  7.575776E+01
 -1.000000E+00     7    17 -5.643410E+01
 -1.000000E+00     7    18  2.204464E+00
 -1.000000E+00     7    19  9.715386E+03
 -1.000000E+00     7    20  2.116182E+04
 -1.000000E+00     7    21  8.140844E+02
 -1.000000E+00     7    22  9.392609E+04
 -1.000000E+00     7    23 -3.482564E+04
 -1.000000E+00     7    24  1.196411E+05
 -1.000000E+00     7    25  4.360091E+00
 -1.000000E+00     7    26  1.044789E+01
 -1.000000E+00     7    27 -1.815863E+01
 -1.000000E+00     7    28  7.455851E+01
 -1.000000E+00     7    29 -3.120862E+01
 -1.000000E+00     7    30  6.589748E-02
 -1.000000E+00     8     1 -3.255328E+01
 -1.000000E+00     8     2 -1.425018E+01
 -1.000000E+00     8     3  7.923823E+00
 -1.000000E+00     8     4 -1.303014E+02
 -1.000000E+00     8     5  4.738628E+02
 -1.000000E+00     8     6  6.315365E+00
 -1.000000E+00     8     7 -4.723787E+03
 -1.000000E+00     8     8  5.062711E+03
 -1.000000E+00     8     9 -4.520847E+01
 -1.000000E+00     8    10  6.477639E+04
 -1.000000E+00     8    11  8.362287E+04
 -1.000000E+00     8    12  1.573115E+02
 -1.000000E+00     8    13 -2.136154E+00
 -1.000000E+00     8    14 -1.712530E+01
 -1.000000E+00     8    15 -2.658687E+01
 -1.000000E+00     8    16 -1.837481E+02
 -1.000000E+00     8    17  1.428477E+01
 -1.000000E+00     8    18 -4.745926E+00
 -1.000000E+00     8    19 -3.463753E+03
 -1.000000E+00     8    20 -3.258228E+03
 -1.000000E+00     8    21 -3.513013E+01
 -1.000000E+00     8    22 -1.221965E+04
 -1.000000E+00     8    23  6.319822E+03
 -1.000000E+00     8    24  8.694378E+04
 -1.000000E+00     8    25  9.211238E+00
 -1.000000E+00     8    26 -7.406832E+00
 -1.000000E+00     8    27 -4.667258E-03
 -1.000000E+00     8    28 -5.389017E+01
 -1.000000E+00     8    29 -6.652006E+01
 -1.000000E+00     8    30 -1.961443E-02
 -1.000000E+00     9     1 -1.009356E+02
 -1.000000E+00     9     2 -9.821040E+00
 -1.000000E+00     9     3 -7.168114E+01
 -1.000000E+00     9     4 -8.739500E+01
 -1.000000E+00     9     5  1.410895E+03
 -1.000000E+00     9     6  2.558890E+01
 -1.000000E+00     9     7  1.461623E+02
 -1.000000E+00     9     8 -1.478746E+01
 -1.000000E+00     9     9  1.678609E+03
 -1.000000E+00     9    10 -2.860503E+02
 -1.000000E+00     9    11 -1.405760E+03
 -1.000000E+00     9    12  3.855312E+01
 -1.000000E+00     9    13 -3.933936E+01
 -1.000000E+00     9    14  2.358873E+01
 -1.000000E+00     9    15 -5.941727E+01
 -1.000000E+00     9    16  2.615285E+02
 -1.000000E+00     9    17  4.572751E+02
 -1.000000E+00     9    18  5.051561E+00
 -1.000000E+00     9    19 -9.857926E+00
 -1.000000E+00     9    20 -9.488210E+01
 -1.000000E+00     9    21  4.627627E+02
 -1.000000E+00     9    22  1.631740E+04
 -1.000000E+00     9    23 -1.035571E+04
 -1.000000E+00     9    24 -1.409670E+03
 -1.000000E+00     9    25 -6.115707E+00
 -1.000000E+00     9    26 -1.070751E+01
 -1.000000E+00     9    27 -2.512048E+00
 -1.000000E+00     9    28 -8.019593E+01
 -1.000000E+00     9    29  4.608635E+01
 -1.000000E+00     9    30  3.131624E-02
 -1.000000E+00    10     1 -4.096549E+02
 -1.000000E+00    10     2 -1.511486E+02
 -1.000000E+00    10     3  1.744258E+01
 -1.000000E+00    10     4 -1.381051E+03
 -1.000000E+00    10     5  5.913512E+03
 -1.000000E+00    10     6  8.430267E+01
 -1.000000E+00    10     7 -8.459952E+04
 -1.000000E+00    10     8  6.678410E+04
 -1.000000E+00    10     9 -5.995387E+02
 -1.000000E+00    10    10  1.013397E+06
 -1.000000E+00    10    11  1.501706E+06
 -1.000000E+00    10    12  3.342820E+02
 -1.000000E+00    10    13 -5.868090E+01
 -1.000000E+00    10    14 -1.494654E+02
 -1.000000E+00    10    15 -3.170668E+02
 -1.000000E+00    10    16 -1.596238E+03
 -1.000000E+00    10    17  5.756580E+02
 -1.000000E+00    10    18 -4.293924E+01
 -1.000000E+00    10    19 -6.423604E+04
 -1.000000E+00    10    20 -5.725823E+04
 -1.000000E+00    10    21 -5.118034E+02
 -1.000000E+00    10    22 -2.067975E+05
 -1.000000E+00    10    23  1.406443E+05
 -1.000000E+00    10    24  1.614280E+06
 -1.000000E+00    10    25  8.224359E+01
 -1.000000E+00    10    26 -8.465723E+01
 -1.000000E+00    10    27 -8.772405E-01
 -1.000000E+00    10    28 -6.169233E+02
 -1.000000E+00    10    29 -5.933478E+02
 -1.000000E+00    10    30 -2.031426E-01
 -1.000000E+00    11     1  1.986849E+02
 -1.000000E+00    11     2  4.812575E+01
 -1.000000E+00    11     3  5.847443E+02
 -1.000000E+00    11     4  4.428810E+02
 -1.000000E+00    11     5 -2.855016E+03
 -1.000000E+00    11     6 -4.510913E+01
 -1.000000E+00    11     7 -4.639767E+05
 -1.000000E+00    11     8 -2.617299E+04
 -1.000000E+00    11     9 -4.141719E+03
 -1.000000E+00    11    10 -5.925871E+05
 -1.000000E+00    11    11  8.161568E+06
 -1.000000E+00    11    12  9.279352E+04
 -1.000000E+00    11    13  7.165872E+01
 -1.000000E+00    11    14 -1.367281E+02
 -1.000000E+00    11    15  5.086796E+02
 -1.000000E+00    11    16 -1.484589E+03
 -1.000000E+00    11    17 -8.785642E+02
 -1.000000E+00    11    18 -3.511625E+01
 -1.000000E+00    11    19 -1.737357E+05
 -1.000000E+00    11    20 -3.860245E+05
 -1.000000E+00    11    21 -1.067537E+04
 -1.000000E+00    11    22 -1.619551E+06
 -1.000000E+00    11    23  5.755366E+05
 -1.000000E+00    11    24 -2.352133E+06
 -1.000000E+00    11    25 -8.290247E+00
 -1.000000E+00    11    26 -5.837784E+01
 -1.000000E+00    11    27  1.553875E+02
 -1.000000E+00    11    28 -4.035968E+02
 -1.000000E+00    11    29  5.200152E+01
 -1.000000E+00    11    30 -6.515730E-01
 -1.000000E+00    12     1  8.661131E-01
 -1.000000E+00    12     2 -4.013233E+00
 -1.000000E+00    12     3  1.270745E+01
 -1.000000E+00    12     4 -3.666435E+01
 -1.000000E+00    12     5 -3.897070E+00
 -1.000000E+00    12     6 -8.877954E-01
 -1.000000E+00    12     7  3.294691E+03
 -1.000000E+00    12     8 -7.591397E+02
 -1.000000E+00    12     9  1.365666E+02
 -1.000000E+00    12    10 -1.468685E+04
 -1.000000E+00    12    11 -5.536718E+04
 -1.000000E+00    12    12  3.616439E+03
 -1.000000E+00    12    13  5.041979E+00
 -1.000000E+00    12    14 -9.959366E+00
 -1.000000E+00    12    15 -2.417884E+00
 -1.000000E+00    12    16 -1.081074E+02
 -1.000000E+00    12    17 -6.257076E+01
 -1.000000E+00    12    18 -2.532680E+00
 -1.000000E+00    12    19  3.238413E+03
 -1.000000E+00    12    20  1.707376E+03
 -1.000000E+00    12    21  2.424426E+01
 -1.000000E+00    12    22  3.072071E+03
 -1.000000E+00    12    23 -7.908002E+03
 -1.000000E+00    12    24 -1.014045E+05
 -1.000000E+00    12    25  4.902378E+00
 -1.000000E+00    12    26 -7.177523E-01
 -1.000000E+00    12    27 -4.543076E-02
 -1.000000E+00    12    28 -5.224535E+00
 -1.000000E+00    12    29 -3.560627E+01
 -1.000000E+00    12    30 -3.304993E-03
 -1.000000E+00    13     1  3.405417E+01
 -1.000000E+00    13     2  4.242531E+00
 -1.000000E+00    13     3 -4.733427E+01
 -1.000000E+00    13     4  4.903044E+01
 -1.000000E+00    13     5 -4.683530E+02
 -1.000000E+00    13     6 -8.172538E+00
 -1.000000E+00    13     7  1.461444E+01
 -1.000000E+00    13     8 -2.468594E+00
 -1.000000E+00    13     9 -5.426426E+01
 -1.000000E+00    13    10 -2.824879E+01
 -1.000000E+00    13    11 -1.507719E+02
 -1.000000E+00    13    12 -6.521553E-01
 -1.000000E+00    13    13  4.283234E+03
 -1.000000E+00    13    14  3.066648E+03
 -1.000000E+00    13    15  1.590673E+03
 -1.000000E+00    13    16  4.223768E+04
 -1.000000E+00    13    17  1.207949E+04
 -1.000000E+00    13    18 -6.609104E+02
 -1.000000E+00    13    19  3.053623E+03
 -1.000000E+00    13    20  2.127155E+03
 -1.000000E+00    13    21  1.584635E+03
 -1.000000E+00    13    22  4.004281E+03
 -1.000000E+00    13    23  3.807140E+02
 -1.000000E+00    13    24  2.008987E+05
 -1.000000E+00    13    25  1.274383E+01
 -1.000000E+00    13    26 -1.863203E+01
 -1.000000E+00    13    27 -2.731631E+01
 -1.000000E+00    13    28 -1.331978E+02
 -1.000000E+00    13    29 -9.017467E+01
 -1.000000E+00    13    30  9.688172E-02
 -1.000000E+00    14     1 -1.170780E+01
 -1.000000E+00    14     2 -1.601337E+01
 -1.000000E+00    14     3 -1.669151E+01
 -1.000000E+00    14     4 -1.555773E+02
 -1.000000E+00    14     5  1.986829E+02
 -1.000000E+00    14     6  9.552640E-01
 -1.000000E+00    14     7  4.008826E+00
 -1.000000E+00    14     8 -1.567685E+01
 -1.000000E+00    14     9  2.560455E+01
 -1.000000E+00    14    10 -1.648559E+02
 -1.000000E+00    14    11 -4.622398E+01
 -1.000000E+00    14    12 -5.219681E+00
 -1.000000E+00    14    13  5.863971E+03
 -1.000000E+00    14    14  5.387612E+03
 -1.000000E+00    14    15 -1.667812E+02
 -1.000000E+00    14    16  7.459633E+04
 -1.000000E+00    14    17 -1.128667E+05
 -1.000000E+00    14    18 -1.196065E+03
 -1.000000E+00    14    19  4.510671E+03
 -1.000000E+00    14    20 -4.116754E+03
 -1.000000E+00    14    21  3.556110E+01
 -1.000000E+00    14    22 -2.243554E+04
 -1.000000E+00    14    23 -1.744116E+04
 -1.000000E+00    14    24  1.131239E+05
 -1.000000E+00    14    25 -8.583747E+00
 -1.000000E+00    14    26 -7.463869E+00
 -1.000000E+00    14    27 -2.647974E-01
 -1.000000E+00    14    28 -5.458276E+01
 -1.000000E+00    14    29  6.235266E+01
 -1.000000E+00    14    30  1.288972E-02
 -1.000000E+00    15     1 -5.232370E+01
 -1.000000E+00    15     2  2.096414E+01
 -1.000000E+00    15     3 -6.106028E+01
 -1.000000E+00    15     4  2.030525E+02
 -1.000000E+00    15     5  6.735192E+02
 -1.000000E+00    15     6  1.703956E+01
 -1.000000E+00    15     7 -3.385443E+01
 -1.000000E+00    15     8 -2.128716E+01
 -1.000000E+00    15     9 -6.019953E+01
 -1.000000E+00    15    10 -2.224053E+02
 -1.000000E+00    15    11  3.459667E+02
 -1.000000E+00    15    12 -7.604262E+00
 -1.000000E+00    15    13  1.343336E+02
 -1.000000E+00    15    14  1.508982E+01
 -1.000000E+00    15    15  1.641915E+03
 -1.000000E+00    15    16  4.212231E+02
 -1.000000E+00    15    17 -2.309123E+03
 -1.000000E+00    15    18  1.359125E+01
 -1.000000E+00    15    19 -2.611101E+01
 -1.000000E+00    15    20  9.975273E+01
 -1.000000E+00    15    21  4.699214E+02
 -1.000000E+00    15    22 -1.698051E+04
 -1.000000E+00    15    23 -1.023505E+04
 -1.000000E+00    15    24  5.215208E+02
 -1.000000E+00    15    25 -6.272056E+00
 -1.000000E+00    15    26  1.106433E+01
 -1.000000E+00    15    27 -2.472655E+00
 -1.000000E+00    15    28  8.268079E+01
 -1.000000E+00    15    29  4.645089E+01
 -1.000000E+00    15    30  3.954910E-02
 -1.000000E+00    16     1 -5.870539E+01
 -1.000000E+00    16     2 -1.743023E+02
 -1.000000E+00    16     3 -1.059388E+02
 -1.000000E+00    16     4 -1.693287E+03
 -1.000000E+00    16     5  1.214209E+03
 -1.000000E+00    16     6 -8.233891E+00
 -1.000000E+00    16     7  7.641021E+01
 -1.000000E+00    16     8 -1.312228E+02
 -1.000000E+00    16     9  3.012285E+02
 -1.000000E+00    16    10 -1.382269E+03
 -1.000000E+00    16    11 -8.323361E+02
 -1.000000E+00    16    12 -4.311228E+01
 -1.000000E+00    16    13  1.024932E+05
 -1.000000E+00    16    14  7.280288E+04
 -1.000000E+00    16    15 -2.938029E+03
 -1.000000E+00    16    16  1.190938E+06
 -1.000000E+00    16    17 -1.971196E+06
 -1.000000E+00    16    18 -2.377318E+04
 -1.000000E+00    16    19  8.165327E+04
 -1.000000E+00    16    20 -7.031771E+04
 -1.000000E+00    16    21  6.314326E+02
 -1.000000E+00    16    22 -3.755358E+05
 -1.000000E+00    16    23 -3.264825E+05
 -1.000000E+00    16    24  2.090576E+06
 -1.000000E+00    16    25 -7.226566E+01
 -1.000000E+00    16    26 -8.583830E+01
 -1.000000E+00    16    27 -4.247987E+00
 -1.000000E+00    16    28 -6.291336E+02
 -1.000000E+00    16    29  5.245316E+02
 -1.000000E+00    16    30  9.843997E-02
 -1.000000E+00    17     1 -3.155743E+02
 -1.000000E+00    17     2 -9.214439E+01
 -1.000000E+00    17     3  6.169630E+02
 -1.000000E+00    17     4 -9.905850E+02
 -1.000000E+00    17     5  4.428805E+03
 -1.000000E+00    17     6  6.720628E+01
 -1.000000E+00    17     7 -1.157537E+02
 -1.000000E+00    17     8  5.294861E+01
 -1.000000E+00    17     9  7.168658E+02
 -1.000000E+00    17    10  5.840948E+02
 -1.000000E+00    17    11  1.193061E+03
 -1.000000E+00    17    12  1.683494E+01
 -1.000000E+00    17    13 -4.992769E+04
 -1.000000E+00    17    14 -5.221474E+04
 -1.000000E+00    17    15 -2.836663E+04
 -1.000000E+00    17    16 -7.011340E+05
 -1.000000E+00    17    17 -4.521949E+05
 -1.000000E+00    17    18  7.476860E+03
 -1.000000E+00    17    19 -5.053339E+04
 -1.000000E+00    17    20 -3.986615E+04
 -1.000000E+00    17    21 -2.450772E+04
 -1.000000E+00    17    22 -2.172192E+05
 -1.000000E+00    17    23 -1.012190E+05
 -1.000000E+00    17    24 -3.436474E+06
 -1.000000E+00    17    25 -1.566865E+02
 -1.000000E+00    17    26  2.105481E+02
 -1.000000E+00    17    27  3.222686E+02
 -1.000000E+00    17    28  1.495911E+03
 -1.000000E+00    17    29  1.103470E+03
 -1.000000E+00    17    30 -1.349417E+00
 -1.000000E+00    18     1 -1.472948E+01
 -1.000000E+00    18     2 -4.003417E+00
 -1.000000E+00    18     3 -1.623241E+01
 -1.000000E+00    18     4 -3.915123E+01
 -1.000000E+00    18     5  2.122184E+02
 -1.000000E+00    18     6  3.424737E+00
 -1.000000E+00    18     7 -4.420812E+00
 -1.000000E+00    18     8 -1.035230E+01
 -1.000000E+00    18     9  3.461380E+00
 -1.000000E+00    18    10 -1.086024E+02
 -1.000000E+00    18    11  4.299083E+01
 -1.000000E+00    18    12 -3.555187E+00
 -1.000000E+00    18    13 -4.290456E+03
 -1.000000E+00    18    14 -3.004385E+02
 -1.000000E+00    18    15  6.262151E+01
 -1.000000E+00    18    16 -8.381780E+03
 -1.000000E+00    18    17  7.919666E+04
 -1.000000E+00    18    18  3.884733E+03
 -1.000000E+00    18    19 -3.493478E+03
 -1.000000E+00    18    20  2.858221E+03
 -1.000000E+00    18    21 -7.002319E+01
 -1.000000E+00    18    22  1.322345E+04
 -1.000000E+00    18    23  1.395158E+04
 -1.000000E+00    18    24 -8.200080E+04
 -1.000000E+00    18    25 -5.505874E+00
 -1.000000E+00    18    26 -6.269335E-01
 -1.000000E+00    18    27  4.904115E-01
 -1.000000E+00    18    28 -4.533940E+00
 -1.000000E+00    18    29  4.013460E+01
 -1.000000E+00    18    30  6.886615E-03
 -1.000000E+00    19     1  2.096237E+04
 -1.000000E+00    19     2 -4.854566E+03
 -1.000000E+00    19     3  4.718870E+03
 -1.000000E+00    19     4 -6.264705E+04
 -1.000000E+00    19     5 -3.182779E+05
 -1.000000E+00    19     6 -1.298415E+04
 -1.000000E+00    19     7  1.592840E+04
 -1.000000E+00    19     8 -5.532686E+02
 -1.000000E+00    19     9  1.404285E+02
 -1.000000E+00    19    10 -7.055974E+03
 -1.000000E+00    19    11 -2.823837E+05
 -1.000000E+00    19    12 -1.474975E+03
 -1.000000E+00    19    13  5.849282E+03
 -1.000000E+00    19    14  3.021939E+03
 -1.000000E+00    19    15  4.222605E+02
 -1.000000E+00    19    16  5.104964E+04
 -1.000000E+00    19    17 -7.823058E+04
 -1.000000E+00    19    18 -2.297549E+03
 -1.000000E+00    19    19  1.039427E+04
 -1.000000E+00    19    20  6.343668E+03
 -1.000000E+00    19    21  8.643386E+03
 -1.000000E+00    19    22  1.072245E+04
 -1.000000E+00    19    23  2.792201E+05
 -1.000000E+00    19    24  3.483977E+05
 -1.000000E+00    19    25  2.483095E+01
 -1.000000E+00    19    26 -5.431506E+01
 -1.000000E+00    19    27 -6.978554E+01
 -1.000000E+00    19    28 -4.026731E+02
 -1.000000E+00    19    29 -3.561357E+02
 -1.000000E+00    19    30  7.980912E-01
 -1.000000E+00    20     1  1.528504E+04
 -1.000000E+00    20     2 -4.202170E+03
 -1.000000E+00    20     3  3.155947E+03
 -1.000000E+00    20     4 -5.979317E+04
 -1.000000E+00    20     5 -2.324972E+05
 -1.000000E+00    20     6 -5.715271E+03
 -1.000000E+00    20     7  1.828820E+04
 -1.000000E+00    20     8  1.872024E+03
 -1.000000E+00    20     9  5.002265E+01
 -1.000000E+00    20    10  3.947291E+04
 -1.000000E+00    20    11 -3.269598E+05
 -1.000000E+00    20    12 -4.876071E+03
 -1.000000E+00    20    13  2.792060E+03
 -1.000000E+00    20    14 -2.063580E+03
 -1.000000E+00    20    15 -1.367779E+03
 -1.000000E+00    20    16 -2.388252E+04
 -1.000000E+00    20    17 -1.114378E+05
 -1.000000E+00    20    18 -2.903613E+02
 -1.000000E+00    20    19 -1.219302E+03
 -1.000000E+00    20    20  1.569935E+04
 -1.000000E+00    20    21  3.724974E+03
 -1.000000E+00    20    22  2.714325E+04
 -1.000000E+00    20    23  1.430941E+05
 -1.000000E+00    20    24  6.376759E+04
 -1.000000E+00    20    25 -5.783688E+01
 -1.000000E+00    20    26  8.152242E+01
 -1.000000E+00    20    27 -3.073960E+01
 -1.000000E+00    20    28  7.569136E+02
 -1.000000E+00    20    29  4.123878E+02
 -1.000000E+00    20    30  4.884253E-01
 -1.000000E+00    21     1 -5.686372E+03
 -1.000000E+00    21     2  1.398179E+03
 -1.000000E+00    21     3 -6.187803E+02
 -1.000000E+00    21     4  1.806706E+04
 -1.000000E+00    21     5  9.278442E+04
 -1.000000E+00    21     6  2.856193E+03
 -1.000000E+00    21     7  6.426767E+02
 -1.000000E+00    21     8  2.030844E+01
 -1.000000E+00    21     9  4.398110E+02
 -1.000000E+00    21    10  4.719814E+02
 -1.000000E+00    21    11 -7.803803E+03
 -1.000000E+00    21    12 -2.229272E+01
 -1.000000E+00    21    13  7.694084E+02
 -1.000000E+00    21    14 -9.918734E+01
 -1.000000E+00    21    15  5.191342E+02
 -1.000000E+00    21    16 -1.730375E+03
 -1.000000E+00    21    17 -8.818272E+03
 -1.000000E+00    21    18  8.658547E+01
 -1.000000E+00    21    19  3.431951E+03
 -1.000000E+00    21    20  8.061637E+02
 -1.000000E+00    21    21  2.070377E+04
 -1.000000E+00    21    22  6.852478E+03
 -1.000000E+00    21    23 -8.095714E+04
 -1.000000E+00    21    24 -3.926635E+04
 -1.000000E+00    21    25  1.398682E+01
 -1.000000E+00    21    26  1.237993E+01
 -1.000000E+00    21    27 -2.039555E+02
 -1.000000E+00    21    28  9.195626E+01
 -1.000000E+00    21    29 -8.206528E+01
 -1.000000E+00    21    30 -2.338584E+00
 -1.000000E+00    22     1  2.185082E+04
 -1.000000E+00    22     2 -3.462452E+03
 -1.000000E+00    22     3  4.883235E+03
 -1.000000E+00    22     4 -6.483028E+04
 -1.000000E+00    22     5 -3.243105E+05
 -1.000000E+00    22     6 -4.420001E+03
 -1.000000E+00    22     7  7.952672E+04
 -1.000000E+00    22     8  9.051257E+03
 -1.000000E+00    22     9  1.507264E+04
 -1.000000E+00    22    10  1.889467E+05
 -1.000000E+00    22    11 -1.334094E+06
 -1.000000E+00    22    12 -1.919556E+04
 -1.000000E+00    22    13 -1.723158E+04
 -1.000000E+00    22    14 -1.552794E+03
 -1.000000E+00    22    15 -2.187937E+04
 -1.000000E+00    22    16  3.076380E+04
 -1.000000E+00    22    17 -6.519892E+04
 -1.000000E+00    22    18 -8.587616E+03
 -1.000000E+00    22    19  1.035124E+04
 -1.000000E+00    22    20  6.562265E+04
 -1.000000E+00    22    21  2.683883E+03
 -1.000000E+00    22    22  1.164376E+07
 -1.000000E+00    22    23  2.905246E+04
 -1.000000E+00    22    24  6.704214E+05
 -1.000000E+00    22    25 -7.680945E+01
 -1.000000E+00    22    26  3.934651E+03
 -1.000000E+00    22    27 -2.597000E+01
 -1.000000E+00    22    28  3.052600E+04
 -1.000000E+00    22    29  3.619571E+02
 -1.000000E+00    22    30  1.083195E+01
 -1.000000E+00    23     1 -3.566820E+05
 -1.000000E+00    23     2  8.905591E+04
 -1.000000E+00    23     3 -5.041595E+04
 -1.000000E+00    23     4  1.170906E+06
 -1.000000E+00    23     5  5.687970E+06
 -1.000000E+00    23     6  1.792361E+05
 -1.000000E+00    23     7 -6.227278E+04
 -1.000000E+00    23     8 -4.178213E+03
 -1.000000E+00    23     9 -9.208323E+03
 -1.000000E+00    23    10 -5.637613E+04
 -1.000000E+00    23    11  1.055367E+06
 -1.000000E+00    23    12  5.864976E+03
 -1.000000E+00    23    13 -2.977517E+04
 -1.000000E+00    23    14 -4.121059E+03
 -1.000000E+00    23    15 -1.015254E+04
 -1.000000E+00    23    16 -7.036850E+04
 -1.000000E+00    23    17  3.318058E+05
 -1.000000E+00    23    18  2.455839E+03
 -1.000000E+00    23    19  1.425416E+05
 -1.000000E+00    23    20  2.233541E+04
 -1.000000E+00    23    21 -1.201060E+05
 -1.000000E+00    23    22  2.148966E+05
 -1.000000E+00    23    23  6.611790E+06
 -1.000000E+00    23    24 -2.611994E+06
 -1.000000E+00    23    25 -2.696033E+03
 -1.000000E+00    23    26  7.529587E+02
 -1.000000E+00    23    27  8.848304E+02
 -1.000000E+00    23    28  5.415875E+03
 -1.000000E+00    23    29  2.132251E+04
 -1.000000E+00    23    30  2.464815E+00
 -1.000000E+00    24     1 -8.226173E+05
 -1.000000E+00    24     2  2.416771E+05
 -1.000000E+00    24     3 -1.701524E+05
 -1.000000E+00    24     4  3.424442E+06
 -1.000000E+00    24     5  1.250285E+07
 -1.000000E+00    24     6  3.117875E+05
 -1.000000E+00    24     7 -2.579745E+05
 -1.000000E+00    24     8  8.991230E+04
 -1.000000E+00    24     9 -4.978445E+03
 -1.000000E+00    24    10  1.566286E+06
 -1.000000E+00    24    11  4.509144E+06
 -1.000000E+00    24    12 -5.867006E+04
 -1.000000E+00    24    13  3.508319E+05
 -1.000000E+00    24    14  9.337889E+04
 -1.000000E+00    24    15 -5.476862E+03
 -1.000000E+00    24    16  1.867563E+06
 -1.000000E+00    24    17 -6.765134E+06
 -1.000000E+00    24    18 -1.167258E+05
 -1.000000E+00    24    19  4.669073E+05
 -1.000000E+00    24    20 -3.348206E+05
 -1.000000E+00    24    21 -2.383836E+05
 -1.000000E+00    24    22 -9.514931E+05
 -1.000000E+00    24    23 -1.038363E+07
 -1.000000E+00    24    24  1.281125E+07
 -1.000000E+00    24    25  2.730492E+03
 -1.000000E+00    24    26  1.548409E+03
 -1.000000E+00    24    27  2.106678E+03
 -1.000000E+00    24    28  1.130151E+04
 -1.000000E+00    24    29 -1.959399E+04
 -1.000000E+00    24    30 -1.839748E+01
 -1.000000E+00    25     1 -3.703274E+01
 -1.000000E+00    25     2  1.701674E-01
 -1.000000E+00    25     3  1.074801E+01
 -1.000000E+00    25     4 -1.218093E+01
 -1.000000E+00    25     5  4.881877E+02
 -1.000000E+00    25     6  9.493829E+00
 -1.000000E+00    25     7  8.820389E+00
 -1.000000E+00    25     8  1.087745E+01
 -1.000000E+00    25     9 -6.509534E+00
 -1.000000E+00    25    10  1.120743E+02
 -1.000000E+00    25    11 -8.731087E+01
 -1.000000E+00    25    12  3.787762E+00
 -1.000000E+00    25    13  1.108868E+01
 -1.000000E+00    25    14 -1.198107E+01
 -1.000000E+00    25    15 -6.457415E+00
 -1.000000E+00    25    16 -1.297607E+02
 -1.000000E+00    25    17 -1.343614E+02
 -1.000000E+00    25    18 -2.736272E+00
 -1.000000E+00    25    19  1.290048E+02
 -1.000000E+00    25    20  3.167121E+00
 -1.000000E+00    25    21 -1.698077E+01
 -1.000000E+00    25    22  5.239672E+01
 -1.000000E+00    25    23 -4.253891E+03
 -1.000000E+00    25    24 -2.844162E+02
 -1.000000E+00    25    25  6.789332E+02
 -1.000000E+00    25    26  2.028216E+00
 -1.000000E+00    25    27  3.763613E+00
 -1.000000E+00    25    28  4.550055E+01
 -1.000000E+00    25    29 -4.878403E+03
 -1.000000E+00    25    30 -7.698582E-01
 -1.000000E+00    26     1  1.552936E+01
 -1.000000E+00    26     2  8.916136E+00
 -1.000000E+00    26     3  3.382272E+00
 -1.000000E+00    26     4  7.991465E+01
 -1.000000E+00    26     5 -2.341458E+02
 -1.000000E+00    26     6 -3.071259E+00
 -1.000000E+00    26     7  1.732264E+01
 -1.000000E+00    26     8 -6.513245E+00
 -1.000000E+00    26     9 -1.135572E+01
 -1.000000E+00    26    10 -6.849316E+01
 -1.000000E+00    26    11 -1.798037E+02
 -1.000000E+00    26    12 -1.963684E+00
 -1.000000E+00    26    13 -1.782482E+01
 -1.000000E+00    26    14 -6.328095E+00
 -1.000000E+00    26    15  1.126063E+01
 -1.000000E+00    26    16 -6.442097E+01
 -1.000000E+00    26    17  1.920445E+02
 -1.000000E+00    26    18 -2.281412E+00
 -1.000000E+00    26    19 -6.605361E+00
 -1.000000E+00    26    20  1.204016E+02
 -1.000000E+00    26    21  2.088675E+00
 -1.000000E+00    26    22  4.110786E+03
 -1.000000E+00    26    23  1.791718E+02
 -1.000000E+00    26    24  9.511806E+01
 -1.000000E+00    26    25  1.197934E+00
 -1.000000E+00    26    26  6.902756E+02
 -1.000000E+00    26    27  1.178671E+00
 -1.000000E+00    26    28  4.993816E+03
 -1.000000E+00    26    29 -2.829249E+01
 -1.000000E+00    26    30 -3.137674E-01
 -1.000000E+00    27     1  9.631143E-01
 -1.000000E+00    27     2 -6.441686E-02
 -1.000000E+00    27     3  1.205108E-01
 -1.000000E+00    27     4 -5.128002E-01
 -1.000000E+00    27     5 -1.310362E+01
 -1.000000E+00    27     6 -2.712883E-01
 -1.000000E+00    27     7  4.581094E-01
 -1.000000E+00    27     8  1.183360E-03
 -1.000000E+00    27     9  5.378172E-02
 -1.000000E+00    27    10 -1.791535E-02
 -1.000000E+00    27    11 -4.764180E+00
 -1.000000E+00    27    12  6.408216E-03
 -1.000000E+00    27    13  5.226067E-01
 -1.000000E+00    27    14  4.577478E-03
 -1.000000E+00    27    15  2.895725E-02
 -1.000000E+00    27    16 -4.656959E-02
 -1.000000E+00    27    17 -5.902216E+00
 -1.000000E+00    27    18  1.988101E-02
 -1.000000E+00    27    19  3.151001E-01
 -1.000000E+00    27    20  1.229622E-01
 -1.000000E+00    27    21 -6.806463E+01
 -1.000000E+00    27    22 -1.990589E+01
 -1.000000E+00    27    23  1.304119E+01
 -1.000000E+00    27    24  3.859014E+00
 -1.000000E+00    27    25 -5.922296E-01
 -1.000000E+00    27    26 -6.607404E-01
 -1.000000E+00    27    27  7.132095E+01
 -1.000000E+00    27    28 -7.653495E+00
 -1.000000E+00    27    29  7.529237E+00
 -1.000000E+00    27    30 -4.717470E-01
 -1.000000E+00    28     1  1.180860E+02
 -1.000000E+00    28     2  6.701291E+01
 -1.000000E+00    28     3  2.607722E+01
 -1.000000E+00    28     4  5.997869E+02
 -1.000000E+00    28     5 -1.781542E+03
 -1.000000E+00    28     6 -2.358337E+01
 -1.000000E+00    28     7  1.307566E+02
 -1.000000E+00    28     8 -4.910255E+01
 -1.000000E+00    28     9 -8.856911E+01
 -1.000000E+00    28    10 -5.173105E+02
 -1.000000E+00    28    11 -1.359740E+03
 -1.000000E+00    28    12 -1.477280E+01
 -1.000000E+00    28    13 -1.339771E+02
 -1.000000E+00    28    14 -4.800919E+01
 -1.000000E+00    28    15  8.761733E+01
 -1.000000E+00    28    16 -4.895100E+02
 -1.000000E+00    28    17  1.449315E+03
 -1.000000E+00    28    18 -1.727189E+01
 -1.000000E+00    28    19 -4.350392E+01
 -1.000000E+00    28    20  1.129541E+03
 -1.000000E+00    28    21 -4.074829E+00
 -1.000000E+00    28    22  3.355437E+04
 -1.000000E+00    28    23  1.269910E+03
 -1.000000E+00    28    24  6.970805E+02
 -1.000000E+00    28    25  2.719287E+01
 -1.000000E+00    28    26  5.123082E+03
 -1.000000E+00    28    27  1.421317E+01
 -1.000000E+00    28    28  4.560798E+04
 -1.000000E+00    28    29 -3.600258E+02
 -1.000000E+00    28    30  3.338155E-01
 -1.000000E+00    29     1  2.881047E+02
 -1.000000E+00    29     2 -2.659669E+00
 -1.000000E+00    29     3 -8.171152E+01
 -1.000000E+00    29     4  7.992993E+01
 -1.000000E+00    29     5 -3.817850E+03
 -1.000000E+00    29     6 -7.506035E+01
 -1.000000E+00    29     7 -6.230745E+01
 -1.000000E+00    29     8 -8.073827E+01
 -1.000000E+00    29     9  5.135303E+01
 -1.000000E+00    29    10 -8.324798E+02
 -1.000000E+00    29    11  6.166190E+02
 -1.000000E+00    29    12 -2.818844E+01
 -1.000000E+00    29    13 -7.670615E+01
 -1.000000E+00    29    14  8.976563E+01
 -1.000000E+00    29    15  4.938041E+01
 -1.000000E+00    29    16  9.715709E+02
 -1.000000E+00    29    17  9.392780E+02
 -1.000000E+00    29    18  2.084393E+01
 -1.000000E+00    29    19 -1.174907E+03
 -1.000000E+00    29    20 -3.481526E+01
 -1.000000E+00    29    21  1.996141E+02
 -1.000000E+00    29    22 -7.871454E+02
 -1.000000E+00    29    23  3.418768E+04
 -1.000000E+00    29    24  2.187447E+03
 -1.000000E+00    29    25 -4.987907E+03
 -1.000000E+00    29    26 -6.042949E+01
 -1.000000E+00    29    27 -4.976182E+01
 -1.000000E+00    29    28 -7.028636E+02
 -1.000000E+00    29    29  4.411289E+04
 -1.000000E+00    29    30  1.025708E+01
 -1.000000E+00    30     1  1.843020E-01
 -1.000000E+00    30     2  2.157639E-02
 -1.000000E+00    30     3  3.621287E-02
 -1.000000E+00    30     4  2.488013E-01
 -1.000000E+00    30     5 -2.216246E+00
 -1.000000E+00    30     6 -3.133612E-02
 -1.000000E+00    30     7  1.457324E-01
 -1.000000E+00    30     8 -1.918386E-02
 -1.000000E+00    30     9  1.533540E-03
 -1.000000E+00    30    10 -2.002124E-01
 -1.000000E+00    30    11 -1.470196E+00
 -1.000000E+00    30    12 -5.722728E-03
 -1.000000E+00    30    13  6.041498E-02
 -1.000000E+00    30    14 -1.062367E-02
 -1.000000E+00    30    15  6.283475E-02
 -1.000000E+00    30    16 -1.286798E-01
 -1.000000E+00    30    17 -5.772624E-01
 -1.000000E+00    30    18  3.850216E-04
 -1.000000E+00    30    19  5.057817E-01
 -1.000000E+00    30    20  6.841159E-01
 -1.000000E+00    30    21 -5.645609E+00
 -1.000000E+00    30    22  2.601079E+01
 -1.000000E+00    30    23  8.555983E+00
 -1.000000E+00    30    24  1.200648E-01
 -1.000000E+00    30    25 -3.312625E-01
 -1.000000E+00    30    26  7.644355E-01
 -1.000000E+00    30    27  2.156298E+00
 -1.000000E+00    30    28  8.211785E+00
 -1.000000E+00    30    29  5.578345E+00
 -1.000000E+00    30    30  4.673320E+01
  0.000000E+00     1     1 -8.889758E+03
  0.000000E+00     1     2  2.857190E+03
  0.000000E+00     1     3 -3.283464E+03
  0.000000E+00     1     4  4.408664E+04
  0.000000E+00     1     5  1.443267E+05
  0.000000E+00     1     6  8.554907E+03
  0.000000E+00     1     7  3.342591E+00
  0.000000E+00     1     8 -5.255552E+00
  0.000000E+00     1     9 -1.514082E+01
  0.000000E+00     1    10 -6.977654E+01
  0.000000E+00     1    11 -4.063048E+01
  0.000000E+00     1    12 -3.010382E+00
  0.000000E+00     1    13  7.899435E-01
  0.000000E+00     1    14 -7.246095E-01
  0.000000E+00     1    15 -1.892918E+00
  0.000000E+00     1    16 -9.774117E+00
  0.000000E+00     1    17 -1.172533E+01
  0.000000E+00     1    18 -3.172360E-01
  0.000000E+00     1    19  3.351939E+03
  0.000000E+00     1    20  2.239588E+03
  0.000000E+00     1    21 -4.270110E+03
  0.000000E+00     1    22  1.264387E+04
  0.000000E+00     1    23 -1.731510E+05
  0.000000E+00     1    24 -9.246706E+04
  0.000000E+00     1    25  3.591226E+00
  0.000000E+00     1    26  2.534657E+00
  0.000000E+00     1    27 -4.526432E-01
  0.000000E+00     1    28  2.374236E+01
  0.000000E+00     1    29 -3.409687E+01
  0.000000E+00     1    30  1.518762E-02
  0.000000E+00     2     1 -8.128604E+03
  0.000000E+00     2     2  4.787878E+03
  0.000000E+00     2     3 -1.826748E+03
  0.000000E+00     2     4  6.731870E+04
  0.000000E+00     2     5  1.284762E+05
  0.000000E+00     2     6  3.676760E+03
  0.000000E+00     2     7  2.210008E+00
  0.000000E+00     2     8 -3.510267E+00
  0.000000E+00     2     9 -1.000355E+01
  0.000000E+00     2    10 -4.652538E+01
  0.000000E+00     2    11 -2.688530E+01
  0.000000E+00     2    12 -2.002894E+00
  0.000000E+00     2    13  4.949724E-01
  0.000000E+00     2    14 -8.073306E-01
  0.000000E+00     2    15 -5.278304E-01
  0.000000E+00     2    16 -1.096301E+01
  0.000000E+00     2    17 -7.918566E+00
  0.000000E+00     2    18 -3.761993E-01
  0.000000E+00     2    19  4.338843E+03
  0.000000E+00     2    20  4.599648E+02
  0.000000E+00     2    21 -2.012178E+03
  0.000000E+00     2    22  4.884280E+03
  0.000000E+00     2    23 -8.499503E+04
  0.000000E+00     2    24 -5.456709E+03
  0.000000E+00     2    25  1.422924E+00
  0.000000E+00     2    26  1.724567E+00
  0.000000E+00     2    27 -7.144039E-01
  0.000000E+00     2    28  1.626802E+01
  0.000000E+00     2    29 -1.361933E+01
  0.000000E+00     2    30 -1.793525E-02
  0.000000E+00     3     1  7.808964E+03
  0.000000E+00     3     2 -1.230722E+03
  0.000000E+00     3     3  3.122665E+03
  0.000000E+00     3     4 -1.746237E+04
  0.000000E+00     3     5 -1.277403E+05
  0.000000E+00     3     6 -3.929569E+03
  0.000000E+00     3     7 -3.776760E+00
  0.000000E+00     3     8  4.117751E+00
  0.000000E+00     3     9  1.508897E+01
  0.000000E+00     3    10  5.492959E+01
  0.000000E+00     3    11  4.580116E+01
  0.000000E+00     3    12  2.289851E+00
  0.000000E+00     3    13 -2.693064E+00
  0.000000E+00     3    14 -1.435302E+00
  0.000000E+00     3    15  9.325577E+00
  0.000000E+00     3    16 -1.895239E+01
  0.000000E+00     3    17  3.518717E+01
  0.000000E+00     3    18 -8.101368E-01
  0.000000E+00     3    19 -4.331909E+03
  0.000000E+00     3    20 -1.234802E+03
  0.000000E+00     3    21  2.761917E+03
  0.000000E+00     3    22 -6.402876E+03
  0.000000E+00     3    23  1.173247E+05
  0.000000E+00     3    24  5.483811E+04
  0.000000E+00     3    25  1.159912E+00
  0.000000E+00     3    26 -1.139228E+00
  0.000000E+00     3    27  4.357664E+00
  0.000000E+00     3    28 -1.071506E+01
  0.000000E+00     3    29 -1.102715E+01
  0.000000E+00     3    30  2.232311E-01
  0.000000E+00     4     1 -1.276357E+05
  0.000000E+00     4     2  6.805305E+04
  0.000000E+00     4     3 -2.907054E+04
  0.000000E+00     4     4  1.058040E+06
  0.000000E+00     4     5  2.010455E+06
  0.000000E+00     4     6  5.621764E+04
  0.000000E+00     4     7  3.374037E+01
  0.000000E+00     4     8 -5.336572E+01
  0.000000E+00     4     9 -1.528755E+02
  0.000000E+00     4    10 -7.072520E+02
  0.000000E+00     4    11 -4.102680E+02
  0.000000E+00     4    12 -3.043405E+01
  0.000000E+00     4    13  8.164510E+00
  0.000000E+00     4    14 -1.074225E+01
  0.000000E+00     4    15 -1.216452E+01
  0.000000E+00     4    16 -1.463217E+02
  0.000000E+00     4    17 -1.267246E+02
  0.000000E+00     4    18 -4.947990E+00
  0.000000E+00     4    19  6.787113E+04
  0.000000E+00     4    20  5.695626E+03
  0.000000E+00     4    21 -3.110271E+04
  0.000000E+00     4    22  7.248356E+04
  0.000000E+00     4    23 -1.306552E+06
  0.000000E+00     4    24 -5.469635E+03
  0.000000E+00     4    25  2.276896E+01
  0.000000E+00     4    26  2.552499E+01
  0.000000E+00     4    27 -1.082444E+01
  0.000000E+00     4    28  2.408586E+02
  0.000000E+00     4    29 -2.179795E+02
  0.000000E+00     4    30 -2.583257E-01
  0.000000E+00     5     1  1.536999E+05
  0.000000E+00     5     2 -5.297887E+04
  0.000000E+00     5     3  5.646556E+04
  0.000000E+00     5     4 -8.330200E+05
  0.000000E+00     5     5 -2.347318E+06
  0.000000E+00     5     6 -1.390737E+05
  0.000000E+00     5     7 -5.167094E+01
  0.000000E+00     5     8  8.663615E+01
  0.000000E+00     5     9  2.417782E+02
  0.000000E+00     5    10  1.149402E+03
  0.000000E+00     5    11  6.278662E+02
  0.000000E+00     5    12  4.978285E+01
  0.000000E+00     5    13 -8.061001E+00
  0.000000E+00     5    14  1.480151E+01
  0.000000E+00     5    15  1.653038E+01
  0.000000E+00     5    16  1.990886E+02
  0.000000E+00     5    17  1.279448E+02
  0.000000E+00     5    18  6.841782E+00
  0.000000E+00     5    19 -4.892786E+04
  0.000000E+00     5    20 -3.303341E+04
  0.000000E+00     5    21  7.095982E+04
  0.000000E+00     5    22 -1.966489E+05
  0.000000E+00     5    23  2.847656E+06
  0.000000E+00     5    24  1.290767E+06
  0.000000E+00     5    25 -7.295526E+01
  0.000000E+00     5    26 -4.278080E+01
  0.000000E+00     5    27 -4.256612E+00
  0.000000E+00     5    28 -4.008196E+02
  0.000000E+00     5    29  6.918610E+02
  0.000000E+00     5    30 -9.355426E-01
  0.000000E+00     6     1  4.149351E+03
  0.000000E+00     6     2 -2.443578E+03
  0.000000E+00     6     3  1.417509E+03
  0.000000E+00     6     4 -4.186922E+04
  0.000000E+00     6     5 -6.295788E+04
  0.000000E+00     6     6  4.360940E+02
  0.000000E+00     6     7 -1.323546E+00
  0.000000E+00     6     8  1.971141E+00
  0.000000E+00     6     9  6.000018E+00
  0.000000E+00     6    10  2.602997E+01
  0.000000E+00     6    11  1.601592E+01
  0.000000E+00     6    12  1.114745E+00
  0.000000E+00     6    13 -5.877337E-01
  0.000000E+00     6    14 -3.054389E-01
  0.000000E+00     6    15  2.328078E+00
  0.000000E+00     6    16 -3.872154E+00
  0.000000E+00     6    17  7.414509E+00
  0.000000E+00     6    18 -1.676741E-01
  0.000000E+00     6    19 -1.044037E+03
  0.000000E+00     6    20  1.226079E+03
  0.000000E+00     6    21  1.706927E+03
  0.000000E+00     6    22  3.526346E+03
  0.000000E+00     6    23  6.761987E+04
  0.000000E+00     6    24 -7.645545E+04
  0.000000E+00     6    25 -1.601948E+00
  0.000000E+00     6    26 -6.932315E-01
  0.000000E+00     6    27  2.808456E-01
  0.000000E+00     6    28 -6.624444E+00
  0.000000E+00     6    29  1.525205E+01
  0.000000E+00     6    30 -3.368163E-03
  0.000000E+00     7     1 -1.744848E+00
  0.000000E+00     7     2  1.313315E-02
  0.000000E+00     7     3  6.558738E-01
  0.000000E+00     7     4  5.691957E-01
  0.000000E+00     7     5  2.733827E+01
  0.000000E+00     7     6  5.791928E-01
  0.000000E+00     7     7  2.590399E+04
  0.000000E+00     7     8  1.317366E+03
  0.000000E+00     7     9  2.943168E+02
  0.000000E+00     7    10  2.987524E+04
  0.000000E+00     7    11 -4.496483E+05
  0.000000E+00     7    12 -4.933218E+03
  0.000000E+00     7    13 -2.393218E-01
  0.000000E+00     7    14  2.166038E-01
  0.000000E+00     7    15  7.358090E-01
  0.000000E+00     7    16  2.951965E+00
  0.000000E+00     7    17  3.501159E+00
  0.000000E+00     7    18  8.699708E-02
  0.000000E+00     7    19  9.726563E+03
  0.000000E+00     7    20  2.114252E+04
  0.000000E+00     7    21  4.925672E+02
  0.000000E+00     7    22  8.451808E+04
  0.000000E+00     7    23 -2.983224E+04
  0.000000E+00     7    24  1.193665E+05
  0.000000E+00     7    25  5.483276E-02
  0.000000E+00     7    26  1.202002E-01
  0.000000E+00     7    27  1.772742E-01
  0.000000E+00     7    28  1.044350E+00
  0.000000E+00     7    29 -4.807065E-01
  0.000000E+00     7    30  9.074830E-03
  0.000000E+00     8     1 -3.267350E+00
  0.000000E+00     8     2 -2.881610E-02
  0.000000E+00     8     3  8.782836E-01
  0.000000E+00     8     4  6.862375E-01
  0.000000E+00     8     5  5.113087E+01
  0.000000E+00     8     6  1.063375E+00
  0.000000E+00     8     7 -4.694354E+03
  0.000000E+00     8     8  4.100517E+03
  0.000000E+00     8     9 -4.846745E+01
  0.000000E+00     8    10  5.816043E+04
  0.000000E+00     8    11  8.326976E+04
  0.000000E+00     8    12  3.474744E+01
  0.000000E+00     8    13  3.282635E-01
  0.000000E+00     8    14 -5.796658E-01
  0.000000E+00     8    15 -1.042888E+00
  0.000000E+00     8    16 -7.845582E+00
  0.000000E+00     8    17 -5.013175E+00
  0.000000E+00     8    18 -2.444883E-01
  0.000000E+00     8    19 -3.611223E+03
  0.000000E+00     8    20 -3.154770E+03
  0.000000E+00     8    21 -2.476877E+00
  0.000000E+00     8    22 -1.026241E+04
  0.000000E+00     8    23  8.378808E+03
  0.000000E+00     8    24  8.943970E+04
  0.000000E+00     8    25  3.339148E-01
  0.000000E+00     8    26 -2.341850E-01
  0.000000E+00     8    27  8.784685E-02
  0.000000E+00     8    28 -2.209884E+00
  0.000000E+00     8    29 -3.119865E+00
  0.000000E+00     8    30  3.297694E-03
  0.000000E+00     9     1 -1.407195E+01
  0.000000E+00     9     2  3.857335E-01
  0.000000E+00     9     3  5.128476E+00
  0.000000E+00     9     4  7.297868E+00
  0.000000E+00     9     5  2.211835E+02
  0.000000E+00     9     6  4.886204E+00
  0.000000E+00     9     7  1.138633E+02
  0.000000E+00     9     8 -1.387336E+01
  0.000000E+00     9     9  1.687234E+03
  0.000000E+00     9    10 -2.753509E+02
  0.000000E+00     9    11 -1.188734E+03
  0.000000E+00     9    12  3.857616E+01
  0.000000E+00     9    13 -2.809675E+00
  0.000000E+00     9    14  1.803787E+00
  0.000000E+00     9    15  7.519548E+00
  0.000000E+00     9    16  2.448166E+01
  0.000000E+00     9    17  4.108472E+01
  0.000000E+00     9    18  7.075109E-01
  0.000000E+00     9    19  2.995005E+00
  0.000000E+00     9    20 -3.881399E+01
  0.000000E+00     9    21  5.939466E+02
  0.000000E+00     9    22  1.743441E+04
  0.000000E+00     9    23 -1.036478E+04
  0.000000E+00     9    24 -1.067026E+03
  0.000000E+00     9    25 -1.183981E+00
  0.000000E+00     9    26 -2.000487E+00
  0.000000E+00     9    27  3.555130E+00
  0.000000E+00     9    28 -1.904880E+01
  0.000000E+00     9    29  1.137930E+01
  0.000000E+00     9    30  2.020453E-01
  0.000000E+00    10     1 -4.326933E+01
  0.000000E+00    10     2 -3.041839E-01
  0.000000E+00    10     3  1.215753E+01
  0.000000E+00    10     4  9.619702E+00
  0.000000E+00    10     5  6.772848E+02
  0.000000E+00    10     6  1.412023E+01
  0.000000E+00    10     7 -8.418673E+04
  0.000000E+00    10     8  6.022014E+04
  0.000000E+00    10     9 -6.384268E+02
  0.000000E+00    10    10  9.644983E+05
  0.000000E+00    10    11  1.497395E+06
  0.000000E+00    10    12 -6.461235E+02
  0.000000E+00    10    13  3.138532E+00
  0.000000E+00    10    14 -6.534202E+00
  0.000000E+00    10    15 -1.047624E+01
  0.000000E+00    10    16 -8.843011E+01
  0.000000E+00    10    17 -4.845189E+01
  0.000000E+00    10    18 -2.771908E+00
  0.000000E+00    10    19 -6.553399E+04
  0.000000E+00    10    20 -5.622774E+04
  0.000000E+00    10    21  1.610524E+01
  0.000000E+00    10    22 -1.838728E+05
  0.000000E+00    10    23  1.568817E+05
  0.000000E+00    10    24  1.635103E+06
  0.000000E+00    10    25  3.645805E+00
  0.000000E+00    10    26 -3.125789E+00
  0.000000E+00    10    27  1.948024E+00
  0.000000E+00    10    28 -2.955046E+01
  0.000000E+00    10    29 -3.399720E+01
  0.000000E+00    10    30  9.016669E-02
  0.000000E+00    11     1  5.689259E+01
  0.000000E+00    11     2 -1.247508E+00
  0.000000E+00    11     3 -1.996647E+01
  0.000000E+00    11     4 -2.630293E+01
  0.000000E+00    11     5 -8.933845E+02
  0.000000E+00    11     6 -1.955914E+01
  0.000000E+00    11     7 -4.567874E+05
  0.000000E+00    11     8 -2.742138E+04
  0.000000E+00    11     9 -3.960196E+03
  0.000000E+00    11    10 -6.023074E+05
  0.000000E+00    11    11  8.108340E+06
  0.000000E+00    11    12  9.261787E+04
  0.000000E+00    11    13  9.308541E+00
  0.000000E+00    11    14 -5.793065E+00
  0.000000E+00    11    15 -2.404936E+01
  0.000000E+00    11    16 -7.903848E+01
  0.000000E+00    11    17 -1.360985E+02
  0.000000E+00    11    18 -2.195990E+00
  0.000000E+00    11    19 -1.739836E+05
  0.000000E+00    11    20 -3.859416E+05
  0.000000E+00    11    21 -8.418578E+03
  0.000000E+00    11    22 -1.544219E+06
  0.000000E+00    11    23  5.372747E+05
  0.000000E+00    11    24 -2.348938E+06
  0.000000E+00    11    25  4.123349E+00
  0.000000E+00    11    26  7.222427E+00
  0.000000E+00    11    27 -1.281550E+01
  0.000000E+00    11    28  6.945389E+01
  0.000000E+00    11    29 -3.971665E+01
  0.000000E+00    11    30 -7.327574E-01
  0.000000E+00    12     1 -2.217899E+00
  0.000000E+00    12     2 -1.712873E-02
  0.000000E+00    12     3  5.135459E-01
  0.000000E+00    12     4  5.319605E-01
  0.000000E+00    12     5  3.470542E+01
  0.000000E+00    12     6  7.249827E-01
  0.000000E+00    12     7  3.270039E+03
  0.000000E+00    12     8 -8.838778E+02
  0.000000E+00    12     9  1.382008E+02
  0.000000E+00    12    10 -1.571413E+04
  0.000000E+00    12    11 -5.519615E+04
  0.000000E+00    12    12  3.591629E+03
  0.000000E+00    12    13  3.669153E-01
  0.000000E+00    12    14 -5.209945E-01
  0.000000E+00    12    15 -1.093968E+00
  0.000000E+00    12    16 -7.050323E+00
  0.000000E+00    12    17 -5.544960E+00
  0.000000E+00    12    18 -2.177977E-01
  0.000000E+00    12    19  3.188522E+03
  0.000000E+00    12    20  1.721029E+03
  0.000000E+00    12    21 -1.172531E+00
  0.000000E+00    12    22  2.772837E+03
  0.000000E+00    12    23 -6.789909E+03
  0.000000E+00    12    24 -1.008990E+05
  0.000000E+00    12    25  3.065446E-01
  0.000000E+00    12    26 -1.681383E-01
  0.000000E+00    12    27 -2.178212E-02
  0.000000E+00    12    28 -1.584038E+00
  0.000000E+00    12    29 -2.873357E+00
  0.000000E+00    12    30 -2.520045E-03
  0.000000E+00    13     1 -8.819177E-01
  0.000000E+00    13     2  4.969114E-01
  0.000000E+00    13     3  2.632017E+00
  0.000000E+00    13     4  6.140799E+00
  0.000000E+00    13     5  1.338617E+01
  0.000000E+00    13     6  4.139084E-01
  0.000000E+00    13     7 -6.542702E-01
  0.000000E+00    13     8 -7.951124E-01
  0.000000E+00    13     9  3.190409E+00
  0.000000E+00    13    10 -1.048122E+01
  0.000000E+00    13    11  7.136151E+00
  0.000000E+00    13    12 -5.102850E-01
  0.000000E+00    13    13  3.066104E+03
  0.000000E+00    13    14  3.181608E+03
  0.000000E+00    13    15  1.570721E+03
  0.000000E+00    13    16  4.327749E+04
  0.000000E+00    13    17  2.078785E+04
  0.000000E+00    13    18 -6.650850E+02
  0.000000E+00    13    19  3.027707E+03
  0.000000E+00    13    20  2.173013E+03
  0.000000E+00    13    21  1.102993E+03
  0.000000E+00    13    22  1.724376E+04
  0.000000E+00    13    23  8.295642E+03
  0.000000E+00    13    24  2.011112E+05
  0.000000E+00    13    25  4.340993E-01
  0.000000E+00    13    26 -8.705830E-01
  0.000000E+00    13    27  3.405820E-01
  0.000000E+00    13    28 -7.978636E+00
  0.000000E+00    13    29 -3.884837E+00
  0.000000E+00    13    30  1.088732E-02
  0.000000E+00    14     1  5.673319E-04
  0.000000E+00    14     2 -4.472399E-01
  0.000000E+00    14     3 -2.012322E+00
  0.000000E+00    14     4 -5.405022E+00
  0.000000E+00    14     5  4.866488E-01
  0.000000E+00    14     6 -1.076341E-01
  0.000000E+00    14     7  1.877738E-02
  0.000000E+00    14     8 -3.640126E-01
  0.000000E+00    14     9  3.449727E-01
  0.000000E+00    14    10 -4.825966E+00
  0.000000E+00    14    11 -4.824561E-01
  0.000000E+00    14    12 -2.098076E-01
  0.000000E+00    14    13  5.865006E+03
  0.000000E+00    14    14  4.423809E+03
  0.000000E+00    14    15 -1.666658E+02
  0.000000E+00    14    16  6.785407E+04
  0.000000E+00    14    17 -1.129518E+05
  0.000000E+00    14    18 -1.300985E+03
  0.000000E+00    14    19  4.635301E+03
  0.000000E+00    14    20 -4.040422E+03
  0.000000E+00    14    21  1.651206E+01
  0.000000E+00    14    22 -2.079875E+04
  0.000000E+00    14    23 -1.908949E+04
  0.000000E+00    14    24  1.148149E+05
  0.000000E+00    14    25 -1.474919E-01
  0.000000E+00    14    26 -4.473443E-01
  0.000000E+00    14    27 -4.089880E-01
  0.000000E+00    14    28 -4.228352E+00
  0.000000E+00    14    29  1.370138E+00
  0.000000E+00    14    30 -2.277507E-02
  0.000000E+00    15     1 -4.202498E+00
  0.000000E+00    15     2  1.296338E+00
  0.000000E+00    15     3  7.368629E+00
  0.000000E+00    15     4  1.525641E+01
  0.000000E+00    15     5  6.529323E+01
  0.000000E+00    15     6  1.776904E+00
  0.000000E+00    15     7 -1.908490E+00
  0.000000E+00    15     8 -1.447172E+00
  0.000000E+00    15     9  7.300931E+00
  0.000000E+00    15    10 -1.876441E+01
  0.000000E+00    15    11  2.177073E+01
  0.000000E+00    15    12 -9.723755E-01
  0.000000E+00    15    13  1.059264E+02
  0.000000E+00    15    14  1.590180E+01
  0.000000E+00    15    15  1.650147E+03
  0.000000E+00    15    16  4.305948E+02
  0.000000E+00    15    17 -2.108685E+03
  0.000000E+00    15    18  1.346044E+01
  0.000000E+00    15    19  4.115129E+00
  0.000000E+00    15    20  2.325414E+01
  0.000000E+00    15    21  5.926698E+02
  0.000000E+00    15    22 -1.831678E+04
  0.000000E+00    15    23 -1.076876E+04
  0.000000E+00    15    24  7.311761E+02
  0.000000E+00    15    25 -1.170351E+00
  0.000000E+00    15    26  1.999160E+00
  0.000000E+00    15    27  3.530011E+00
  0.000000E+00    15    28  1.908708E+01
  0.000000E+00    15    29  1.113563E+01
  0.000000E+00    15    30  2.048448E-01
  0.000000E+00    16     1  2.850507E+00
  0.000000E+00    16     2 -5.907020E+00
  0.000000E+00    16     3 -2.753951E+01
  0.000000E+00    16     4 -7.120674E+01
  0.000000E+00    16     5 -3.871367E+01
  0.000000E+00    16     6 -2.416423E+00
  0.000000E+00    16     7  1.612340E+00
  0.000000E+00    16     8 -3.331519E+00
  0.000000E+00    16     9 -9.454451E-01
  0.000000E+00    16    10 -4.445827E+01
  0.000000E+00    16    11 -2.168271E+01
  0.000000E+00    16    12 -1.815997E+00
  0.000000E+00    16    13  1.023916E+05
  0.000000E+00    16    14  6.632419E+04
  0.000000E+00    16    15 -2.935334E+03
  0.000000E+00    16    16  1.141796E+06
  0.000000E+00    16    17 -1.970717E+06
  0.000000E+00    16    18 -2.458641E+04
  0.000000E+00    16    19  8.269920E+04
  0.000000E+00    16    20 -6.952236E+04
  0.000000E+00    16    21  2.541749E+02
  0.000000E+00    16    22 -3.570555E+05
  0.000000E+00    16    23 -3.387438E+05
  0.000000E+00    16    24  2.103980E+06
  0.000000E+00    16    25 -4.989708E-01
  0.000000E+00    16    26 -6.695140E+00
  0.000000E+00    16    27 -7.268448E+00
  0.000000E+00    16    28 -6.339205E+01
  0.000000E+00    16    29  4.415202E+00
  0.000000E+00    16    30 -4.128923E-01
  0.000000E+00    17     1  2.764111E+01
  0.000000E+00    17     2 -1.073690E+01
  0.000000E+00    17     3 -5.906401E+01
  0.000000E+00    17     4 -1.303885E+02
  0.000000E+00    17     5 -4.260559E+02
  0.000000E+00    17     6 -1.203652E+01
  0.000000E+00    17     7  1.606291E+01
  0.000000E+00    17     8  1.656355E+01
  0.000000E+00    17     9 -7.103696E+01
  0.000000E+00    17    10  2.175447E+02
  0.000000E+00    17    11 -1.785500E+02
  0.000000E+00    17    12  1.078903E+01
  0.000000E+00    17    13 -3.904613E+04
  0.000000E+00    17    14 -5.422153E+04
  0.000000E+00    17    15 -2.834469E+04
  0.000000E+00    17    16 -7.185699E+05
  0.000000E+00    17    17 -5.339292E+05
  0.000000E+00    17    18  7.436292E+03
  0.000000E+00    17    19 -5.015643E+04
  0.000000E+00    17    20 -4.021538E+04
  0.000000E+00    17    21 -1.928938E+04
  0.000000E+00    17    22 -3.633953E+05
  0.000000E+00    17    23 -1.924326E+05
  0.000000E+00    17    24 -3.437370E+06
  0.000000E+00    17    25 -2.047198E+00
  0.000000E+00    17    26  6.217920E+00
  0.000000E+00    17    27 -1.649436E+01
  0.000000E+00    17    28  5.453533E+01
  0.000000E+00    17    29  1.588242E+01
  0.000000E+00    17    30 -8.293898E-01
  0.000000E+00    18     1 -7.528200E-01
  0.000000E+00    18     2 -2.639002E-01
  0.000000E+00    18     3 -9.366810E-01
  0.000000E+00    18     4 -3.234224E+00
  0.000000E+00    18     5  1.224810E+01
  0.000000E+00    18     6  2.004913E-01
  0.000000E+00    18     7 -3.476296E-01
  0.000000E+00    18     8 -5.949579E-01
  0.000000E+00    18     9  1.633947E+00
  0.000000E+00    18    10 -7.816413E+00
  0.000000E+00    18    11  3.745117E+00
  0.000000E+00    18    12 -3.705250E-01
  0.000000E+00    18    13 -4.265803E+03
  0.000000E+00    18    14 -4.400560E+02
  0.000000E+00    18    15  6.176183E+01
  0.000000E+00    18    16 -9.560396E+03
  0.000000E+00    18    17  7.892973E+04
  0.000000E+00    18    18  3.861058E+03
  0.000000E+00    18    19 -3.445176E+03
  0.000000E+00    18    20  2.865741E+03
  0.000000E+00    18    21 -3.928989E+01
  0.000000E+00    18    22  1.299530E+04
  0.000000E+00    18    23  1.292438E+04
  0.000000E+00    18    24 -8.157888E+04
  0.000000E+00    18    25 -4.650783E-01
  0.000000E+00    18    26 -7.660596E-03
  0.000000E+00    18    27  2.686789E-01
  0.000000E+00    18    28 -5.590614E-02
  0.000000E+00    18    29  4.377215E+00
  0.000000E+00    18    30  1.715096E-02
  0.000000E+00    19     1  1.896347E+04
  0.000000E+00    19     2 -3.630649E+03
  0.000000E+00    19     3  4.718346E+03
  0.000000E+00    19     4 -5.382500E+04
  0.000000E+00    19     5 -3.016494E+05
  0.000000E+00    19     6 -1.265892E+04
  0.000000E+00    19     7  1.581212E+04
  0.000000E+00    19     8 -7.321049E+02
  0.000000E+00    19     9  1.701918E+02
  0.000000E+00    19    10 -8.841712E+03
  0.000000E+00    19    11 -2.813497E+05
  0.000000E+00    19    12 -1.529826E+03
  0.000000E+00    19    13  5.627879E+03
  0.000000E+00    19    14  3.172012E+03
  0.000000E+00    19    15  5.832168E+02
  0.000000E+00    19    16  5.234548E+04
  0.000000E+00    19    17 -7.623117E+04
  0.000000E+00    19    18 -2.280831E+03
  0.000000E+00    19    19  1.040858E+04
  0.000000E+00    19    20  6.939232E+03
  0.000000E+00    19    21  7.165164E+03
  0.000000E+00    19    22  2.157350E+04
  0.000000E+00    19    23  2.433845E+05
  0.000000E+00    19    24  3.389331E+05
  0.000000E+00    19    25  6.235160E+01
  0.000000E+00    19    26 -5.775822E+00
  0.000000E+00    19    27  8.958099E-01
  0.000000E+00    19    28 -5.811734E+01
  0.000000E+00    19    29 -6.389959E+02
  0.000000E+00    19    30  2.906762E-01
  0.000000E+00    20     1  1.404883E+04
  0.000000E+00    20     2 -3.517255E+03
  0.000000E+00    20     3  3.187974E+03
  0.000000E+00    20     4 -5.502143E+04
  0.000000E+00    20     5 -2.219602E+05
  0.000000E+00    20     6 -5.523235E+03
  0.000000E+00    20     7  1.822376E+04
  0.000000E+00    20     8  1.982610E+03
  0.000000E+00    20     9  9.996894E+01
  0.000000E+00    20    10  4.037465E+04
  0.000000E+00    20    11 -3.264123E+05
  0.000000E+00    20    12 -4.855442E+03
  0.000000E+00    20    13  2.962660E+03
  0.000000E+00    20    14 -2.113365E+03
  0.000000E+00    20    15 -1.349047E+03
  0.000000E+00    20    16 -2.429527E+04
  0.000000E+00    20    17 -1.124765E+05
  0.000000E+00    20    18 -2.914888E+02
  0.000000E+00    20    19 -9.696793E+02
  0.000000E+00    20    20  1.578832E+04
  0.000000E+00    20    21  3.070261E+03
  0.000000E+00    20    22  2.195043E+04
  0.000000E+00    20    23  1.129375E+05
  0.000000E+00    20    24  5.746438E+04
  0.000000E+00    20    25 -3.356623E+00
  0.000000E+00    20    26  6.404676E+01
  0.000000E+00    20    27  1.239595E+00
  0.000000E+00    20    28  6.536071E+02
  0.000000E+00    20    29  2.995326E+01
  0.000000E+00    20    30  2.106258E-01
  0.000000E+00    21     1 -5.819799E+03
  0.000000E+00    21     2  1.083176E+03
  0.000000E+00    21     3 -5.450064E+02
  0.000000E+00    21     4  1.574588E+04
  0.000000E+00    21     5  9.592130E+04
  0.000000E+00    21     6  2.892348E+03
  0.000000E+00    21     7  2.827245E+02
  0.000000E+00    21     8  3.525075E+01
  0.000000E+00    21     9  5.650112E+02
  0.000000E+00    21    10  6.314724E+02
  0.000000E+00    21    11 -4.573073E+03
  0.000000E+00    21    12 -1.893121E+01
  0.000000E+00    21    13  3.897788E+02
  0.000000E+00    21    14 -7.504999E+01
  0.000000E+00    21    15  6.122635E+02
  0.000000E+00    21    16 -1.427276E+03
  0.000000E+00    21    17 -5.246706E+03
  0.000000E+00    21    18  8.395714E+01
  0.000000E+00    21    19  3.485844E+03
  0.000000E+00    21    20  7.331561E+02
  0.000000E+00    21    21  1.973092E+04
  0.000000E+00    21    22  5.016483E+03
  0.000000E+00    21    23 -7.351077E+04
  0.000000E+00    21    24 -3.887434E+04
  0.000000E+00    21    25 -3.134394E+00
  0.000000E+00    21    26  1.621301E+00
  0.000000E+00    21    27 -1.161399E+02
  0.000000E+00    21    28  1.531451E+01
  0.000000E+00    21    29  3.872948E+01
  0.000000E+00    21    30 -4.060498E+00
  0.000000E+00    22     1  1.815701E+04
  0.000000E+00    22     2 -4.536337E+03
  0.000000E+00    22     3  4.427486E+03
  0.000000E+00    22     4 -7.493898E+04
  0.000000E+00    22     5 -2.788495E+05
  0.000000E+00    22     6 -3.848600E+03
  0.000000E+00    22     7  6.961802E+04
  0.000000E+00    22     8  1.041061E+04
  0.000000E+00    22     9  1.631325E+04
  0.000000E+00    22    10  2.016216E+05
  0.000000E+00    22    11 -1.249416E+06
  0.000000E+00    22    12 -1.882719E+04
  0.000000E+00    22    13 -6.514217E+03
  0.000000E+00    22    14 -5.849057E+02
  0.000000E+00    22    15 -2.306220E+04
  0.000000E+00    22    16  3.965311E+04
  0.000000E+00    22    17 -1.555678E+05
  0.000000E+00    22    18 -8.164669E+03
  0.000000E+00    22    19  1.170326E+04
  0.000000E+00    22    20  5.728542E+04
  0.000000E+00    22    21  1.685067E+03
  0.000000E+00    22    22  1.091079E+07
  0.000000E+00    22    23 -4.174832E+04
  0.000000E+00    22    24  6.454308E+05
  0.000000E+00    22    25  8.839655E+00
  0.000000E+00    22    26  1.204217E+03
  0.000000E+00    22    27 -4.761872E+00
  0.000000E+00    22    28  1.202270E+04
  0.000000E+00    22    29 -1.485023E+02
  0.000000E+00    22    30  1.011373E+01
  0.000000E+00    23     1 -3.435495E+05
  0.000000E+00    23     2  6.910641E+04
  0.000000E+00    23     3 -5.076897E+04
  0.000000E+00    23     4  1.024442E+06
  0.000000E+00    23     5  5.615906E+06
  0.000000E+00    23     6  1.766464E+05
  0.000000E+00    23     7 -5.574259E+04
  0.000000E+00    23     8 -9.278995E+02
  0.000000E+00    23     9 -9.870594E+03
  0.000000E+00    23    10 -2.468948E+04
  0.000000E+00    23    11  9.991386E+05
  0.000000E+00    23    12  6.839509E+03
  0.000000E+00    23    13 -2.231309E+04
  0.000000E+00    23    14 -5.720585E+03
  0.000000E+00    23    15 -1.290747E+04
  0.000000E+00    23    16 -8.568055E+04
  0.000000E+00    23    17  2.638586E+05
  0.000000E+00    23    18  2.341739E+03
  0.000000E+00    23    19  1.494877E+05
  0.000000E+00    23    20  1.390965E+04
  0.000000E+00    23    21 -1.022440E+05
  0.000000E+00    23    22  6.755716E+04
  0.000000E+00    23    23  6.462471E+06
  0.000000E+00    23    24 -2.529466E+06
  0.000000E+00    23    25 -1.089029E+03
  0.000000E+00    23    26  4.300549E+01
  0.000000E+00    23    27 -5.596780E+01
  0.000000E+00    23    28  3.839088E+02
  0.000000E+00    23    29  1.079124E+04
  0.000000E+00    23    30  6.083681E+00
  0.000000E+00    24     1 -7.595597E+05
  0.000000E+00    24     2  1.989109E+05
  0.000000E+00    24     3 -1.733187E+05
  0.000000E+00    24     4  3.116097E+06
  0.000000E+00    24     5  1.199417E+07
  0.000000E+00    24     6  3.016311E+05
  0.000000E+00    24     7 -2.552297E+05
  0.000000E+00    24     8  9.460571E+04
  0.000000E+00    24     9 -5.418551E+03
  0.000000E+00    24    10  1.609709E+06
  0.000000E+00    24    11  4.484018E+06
  0.000000E+00    24    12 -5.744542E+04
  0.000000E+00    24    13  3.523163E+05
  0.000000E+00    24    14  9.911364E+04
  0.000000E+00    24    15 -9.925817E+03
  0.000000E+00    24    16  1.921373E+06
  0.000000E+00    24    17 -6.778344E+06
  0.000000E+00    24    18 -1.153730E+05
  0.000000E+00    24    19  4.574080E+05
  0.000000E+00    24    20 -3.536850E+05
  0.000000E+00    24    21 -1.962345E+05
  0.000000E+00    24    22 -1.213047E+06
  0.000000E+00    24    23 -8.956904E+06
  0.000000E+00    24    24  1.307826E+07
  0.000000E+00    24    25  1.490208E+02
  0.000000E+00    24    26  1.132629E+02
  0.000000E+00    24    27 -8.156364E+01
  0.000000E+00    24    28  1.068297E+03
  0.000000E+00    24    29 -1.417277E+03
  0.000000E+00    24    30 -2.706524E+00
  0.000000E+00    25     1 -7.662001E+00
  0.000000E+00    25     2 -1.275585E-03
  0.000000E+00    25     3  1.717632E+00
  0.000000E+00    25     4 -2.825645E+00
  0.000000E+00    25     5  1.217830E+02
  0.000000E+00    25     6  2.910114E+00
  0.000000E+00    25     7  1.016282E+00
  0.000000E+00    25     8  4.078294E-01
  0.000000E+00    25     9 -1.080984E+00
  0.000000E+00    25    10  5.148436E+00
  0.000000E+00    25    11 -1.259101E+01
  0.000000E+00    25    12  3.021621E-01
  0.000000E+00    25    13  1.419236E+00
  0.000000E+00    25    14 -5.664710E-01
  0.000000E+00    25    15 -1.058077E+00
  0.000000E+00    25    16 -7.711394E+00
  0.000000E+00    25    17 -2.157980E+01
  0.000000E+00    25    18 -1.696544E-01
  0.000000E+00    25    19  7.316877E+01
  0.000000E+00    25    20  1.858440E+00
  0.000000E+00    25    21 -9.470555E+00
  0.000000E+00    25    22  3.524567E+01
  0.000000E+00    25    23 -1.318917E+03
  0.000000E+00    25    24 -7.426810E+01
  0.000000E+00    25    25  5.225051E+02
  0.000000E+00    25    26  3.944048E+00
  0.000000E+00    25    27  3.256647E+00
  0.000000E+00    25    28  4.914986E+01
  0.000000E+00    25    29 -4.206902E+03
  0.000000E+00    25    30 -7.966453E-01
  0.000000E+00    26     1  1.980269E+00
  0.000000E+00    26     2  6.788447E-02
  0.000000E+00    26     3  4.638613E-01
  0.000000E+00    26     4 -1.460913E-01
  0.000000E+00    26     5 -3.106272E+01
  0.000000E+00    26     6 -6.825002E-01
  0.000000E+00    26     7  1.887799E+00
  0.000000E+00    26     8 -3.360402E-01
  0.000000E+00    26     9 -2.068360E+00
  0.000000E+00    26    10 -4.765624E+00
  0.000000E+00    26    11 -2.394355E+01
  0.000000E+00    26    12 -8.759597E-02
  0.000000E+00    26    13 -2.283455E+00
  0.000000E+00    26    14 -1.934002E-01
  0.000000E+00    26    15  2.077446E+00
  0.000000E+00    26    16 -2.361601E+00
  0.000000E+00    26    17  3.279801E+01
  0.000000E+00    26    18 -1.968327E-01
  0.000000E+00    26    19 -4.265414E-01
  0.000000E+00    26    20  7.256644E+01
  0.000000E+00    26    21 -2.009584E+00
  0.000000E+00    26    22  1.305531E+03
  0.000000E+00    26    23  2.398465E+01
  0.000000E+00    26    24  9.274487E+00
  0.000000E+00    26    25  5.003705E-01
  0.000000E+00    26    26  5.317385E+02
  0.000000E+00    26    27  1.145690E+00
  0.000000E+00    26    28  4.311373E+03
  0.000000E+00    26    29 -1.979142E+01
  0.000000E+00    26    30 -2.231640E-01
  0.000000E+00    27     1  3.356714E-01
  0.000000E+00    27     2 -1.209554E-02
  0.000000E+00    27     3 -1.276873E-01
  0.000000E+00    27     4 -7.932539E-02
  0.000000E+00    27     5 -5.321325E+00
  0.000000E+00    27     6 -1.263440E-01
  0.000000E+00    27     7  9.036855E-02
  0.000000E+00    27     8 -3.142333E-03
  0.000000E+00    27     9 -1.659103E-01
  0.000000E+00    27    10 -5.920449E-02
  0.000000E+00    27    11 -1.117794E+00
  0.000000E+00    27    12  3.509383E-03
  0.000000E+00    27    13  1.169631E-01
  0.000000E+00    27    14 -3.458890E-03
  0.000000E+00    27    15 -1.720422E-01
  0.000000E+00    27    16 -5.699731E-02
  0.000000E+00    27    17 -1.684359E+00
  0.000000E+00    27    18  4.016581E-03
  0.000000E+00    27    19  4.581946E-01
  0.000000E+00    27    20  2.461752E-01
  0.000000E+00    27    21 -6.939486E+01
  0.000000E+00    27    22 -1.671182E+01
  0.000000E+00    27    23  9.149440E+00
  0.000000E+00    27    24  1.680898E+00
  0.000000E+00    27    25 -5.846526E-01
  0.000000E+00    27    26 -6.089297E-01
  0.000000E+00    27    27  7.109333E+01
  0.000000E+00    27    28 -7.400925E+00
  0.000000E+00    27    29  7.452376E+00
  0.000000E+00    27    30 -2.697595E-01
  0.000000E+00    28     1  1.942533E+01
  0.000000E+00    28     2  6.472824E-01
  0.000000E+00    28     3  4.620531E+00
  0.000000E+00    28     4 -1.822358E+00
  0.000000E+00    28     5 -3.047089E+02
  0.000000E+00    28     6 -6.698040E+00
  0.000000E+00    28     7  1.871333E+01
  0.000000E+00    28     8 -3.314511E+00
  0.000000E+00    28     9 -2.087848E+01
  0.000000E+00    28    10 -4.706712E+01
  0.000000E+00    28    11 -2.372363E+02
  0.000000E+00    28    12 -8.523373E-01
  0.000000E+00    28    13 -2.251168E+01
  0.000000E+00    28    14 -1.924726E+00
  0.000000E+00    28    15  2.079933E+01
  0.000000E+00    28    16 -2.356541E+01
  0.000000E+00    28    17  3.235227E+02
  0.000000E+00    28    18 -1.942009E+00
  0.000000E+00    28    19  5.090773E-01
  0.000000E+00    28    20  8.017792E+02
  0.000000E+00    28    21 -3.477951E+01
  0.000000E+00    28    22  1.389141E+04
  0.000000E+00    28    23  1.825524E+02
  0.000000E+00    28    24  7.542051E+01
  0.000000E+00    28    25  2.103366E+01
  0.000000E+00    28    26  4.426875E+03
  0.000000E+00    28    27  1.409844E+01
  0.000000E+00    28    28  4.223942E+04
  0.000000E+00    28    29 -3.095429E+02
  0.000000E+00    28    30  6.363699E-01
  0.000000E+00    29     1  7.608778E+01
  0.000000E+00    29     2 -8.029112E-02
  0.000000E+00    29     3 -1.739160E+01
  0.000000E+00    29     4  2.662543E+01
  0.000000E+00    29     5 -1.209812E+03
  0.000000E+00    29     6 -2.893062E+01
  0.000000E+00    29     7 -9.815544E+00
  0.000000E+00    29     8 -3.965824E+00
  0.000000E+00    29     9  1.049656E+01
  0.000000E+00    29    10 -5.007371E+01
  0.000000E+00    29    11  1.215924E+02
  0.000000E+00    29    12 -2.943150E+00
  0.000000E+00    29    13 -1.352023E+01
  0.000000E+00    29    14  5.523636E+00
  0.000000E+00    29    15  1.007501E+01
  0.000000E+00    29    16  7.514292E+01
  0.000000E+00    29    17  2.059527E+02
  0.000000E+00    29    18  1.684819E+00
  0.000000E+00    29    19 -7.945662E+02
  0.000000E+00    29    20 -2.183762E+01
  0.000000E+00    29    21  1.244338E+02
  0.000000E+00    29    22 -4.769853E+02
  0.000000E+00    29    23  1.382099E+04
  0.000000E+00    29    24  7.266703E+02
  0.000000E+00    29    25 -4.305789E+03
  0.000000E+00    29    26 -5.937885E+01
  0.000000E+00    29    27 -4.468616E+01
  0.000000E+00    29    28 -6.827976E+02
  0.000000E+00    29    29  4.082707E+04
  0.000000E+00    29    30  9.907825E+00
  0.000000E+00    30     1 -4.289484E-01
  0.000000E+00    30     2  1.428482E-02
  0.000000E+00    30     3  1.581403E-01
  0.000000E+00    30     4  8.233573E-02
  0.000000E+00    30     5  6.803496E+00
  0.000000E+00    30     6  1.617619E-01
  0.000000E+00    30     7 -9.976240E-02
  0.000000E+00    30     8  1.714826E-03
  0.000000E+00    30     9  1.889580E-01
  0.000000E+00    30    10  4.236336E-02
  0.000000E+00    30    11  1.231265E+00
  0.000000E+00    30    12 -4.820062E-03
  0.000000E+00    30    13 -1.491000E-01
  0.000000E+00    30    14  6.315320E-03
  0.000000E+00    30    15  2.128823E-01
  0.000000E+00    30    16  9.802644E-02
  0.000000E+00    30    17  2.153320E+00
  0.000000E+00    30    18 -4.496345E-03
  0.000000E+00    30    19  7.945321E-01
  0.000000E+00    30    20  7.069558E-01
  0.000000E+00    30    21 -8.344940E+00
  0.000000E+00    30    22  2.124676E+01
  0.000000E+00    30    23  3.254216E+00
  0.000000E+00    30    24 -3.288610E+00
  0.000000E+00    30    25 -4.223582E-01
  0.000000E+00    30    26  7.632223E-01
  0.000000E+00    30    27  3.007271E+00
  0.000000E+00    30    28  7.963821E+00
  0.000000E+00    30    29  5.754475E+00
  0.000000E+00    30    30  4.606150E+01
  1.000000E+00     1     1 -8.946861E+03  3.933184E-01
  1.000000E+00     1     2  2.823260E+03 -3.488184E-02
  1.000000E+00     1     3 -3.262263E+03 -1.647529E-03
  1.000000E+00     1     4  4.467152E+04 -7.548717E-02
  1.000000E+00     1     5  1.437634E+05 -9.759797E-01
  1.000000E+00     1     6  8.508058E+03  9.728418E-03
  1.000000E+00     1     7 -1.036392E+01 -6.910348E-03
  1.000000E+00     1     8  4.049472E+01 -5.800662E-03
  1.000000E+00     1     9  4.575863E+01 -2.602986E-04
  1.000000E+00     1    10  5.768403E+02 -8.488155E-03
  1.000000E+00     1    11 -5.979601E+02 -2.376190E-02
  1.000000E+00     1    12  5.651336E+00  1.915034E-03
  1.000000E+00     1    13 -2.305410E+01  2.975601E-03
  1.000000E+00     1    14 -3.769485E+01  2.755713E-04
  1.000000E+00     1    15 -3.505418E+01  3.196645E-04
  1.000000E+00     1    16 -2.690842E+02  1.705424E-02
  1.000000E+00     1    17 -5.328959E+02  1.907427E-02
  1.000000E+00     1    18 -2.024332E+01 -1.415528E-02
  1.000000E+00     1    19  3.396881E+03  4.219318E-03
  1.000000E+00     1    20  2.285860E+03  2.008308E-03
  1.000000E+00     1    21 -4.621940E+03  5.446126E-03
  1.000000E+00     1    22  1.873307E+04  1.919173E-03
  1.000000E+00     1    23 -1.822298E+05  3.822472E-02
  1.000000E+00     1    24 -8.872759E+04  1.824579E-01
  1.000000E+00     1    25  2.015105E+00  3.232769E-03
  1.000000E+00     1    26  5.698538E+00  4.418883E-02
  1.000000E+00     1    27 -3.037266E+00 -1.845113E-03
  1.000000E+00     1    28 -1.693350E+01  3.541008E-02
  1.000000E+00     1    29 -2.349787E+01 -5.945842E-02
  1.000000E+00     1    30  1.139143E+00 -7.092136E-03
  1.000000E+00     2     1 -8.105336E+03  3.616052E-02
  1.000000E+00     2     2  4.825612E+03  4.497759E-01
  1.000000E+00     2     3 -1.809644E+03  2.022055E-02
  1.000000E+00     2     4  6.777229E+04  9.011045E-01
  1.000000E+00     2     5  1.273928E+05 -1.253243E+00
  1.000000E+00     2     6  3.625097E+03 -2.958842E-02
  1.000000E+00     2     7 -2.982812E+00  1.522041E-02
  1.000000E+00     2     8 -9.706026E+00 -1.914513E-02
  1.000000E+00     2     9  3.861166E+00  6.491821E-04
  1.000000E+00     2    10  5.715323E+02 -6.328353E-02
  1.000000E+00     2    11 -1.668848E+02 -9.308367E-02
  1.000000E+00     2    12 -8.384717E+00  1.709398E-05
  1.000000E+00     2    13  7.832997E+00 -2.812118E-03
  1.000000E+00     2    14 -5.266737E+01 -2.767431E-03
  1.000000E+00     2    15  4.734465E+00  2.793702E-04
  1.000000E+00     2    16  3.144011E+02 -2.135124E-02
  1.000000E+00     2    17 -3.762963E+02 -1.314810E-02
  1.000000E+00     2    18 -1.240937E+01  3.542966E-03
  1.000000E+00     2    19  4.290160E+03 -3.665020E-02
  1.000000E+00     2    20  4.599425E+02 -6.927021E-03
  1.000000E+00     2    21 -2.246522E+03  1.806908E-02
  1.000000E+00     2    22  5.589582E+03 -9.347693E-02
  1.000000E+00     2    23 -8.940487E+04  1.239191E+00
  1.000000E+00     2    24 -4.011297E+03  3.281670E-01
  1.000000E+00     2    25  2.896818E+00 -1.569422E-02
  1.000000E+00     2    26  4.569271E+00 -2.419106E-02
  1.000000E+00     2    27 -2.506704E+00  1.795436E-03
  1.000000E+00     2    28  8.475471E+00 -7.098995E-02
  1.000000E+00     2    29 -1.438324E+01 -1.143749E-02
  1.000000E+00     2    30  5.391805E-01  2.019004E-02
  1.000000E+00     3     1  7.854965E+03 -1.351609E-02
  1.000000E+00     3     2 -1.217490E+03 -5.382819E-03
  1.000000E+00     3     3  3.114365E+03 -1.767037E-03
  1.000000E+00     3     4 -1.776836E+04  2.068679E-03
  1.000000E+00     3     5 -1.276953E+05  1.576092E-01
  1.000000E+00     3     6 -3.908306E+03  3.081454E-04
  1.000000E+00     3     7  3.600683E+00  2.972458E-03
  1.000000E+00     3     8 -1.851268E+00  4.676275E-04
  1.000000E+00     3     9 -8.442169E+00  1.014075E-05
  1.000000E+00     3    10 -3.907718E+02  2.081211E-03
  1.000000E+00     3    11  2.261599E+02 -7.289906E-03
  1.000000E+00     3    12  2.999127E+00 -3.849031E-04
  1.000000E+00     3    13 -2.032622E+00 -2.241772E-03
  1.000000E+00     3    14  2.715803E+01  2.341665E-04
  1.000000E+00     3    15  1.435254E+01 -5.734194E-05
  1.000000E+00     3    16 -9.711097E+01  2.742576E-04
  1.000000E+00     3    17  2.935349E+02  5.584339E-03
  1.000000E+00     3    18  1.073900E+01  1.367797E-03
  1.000000E+00     3    19 -4.334913E+03  2.938468E-03
  1.000000E+00     3    20 -1.246517E+03  2.140379E-03
  1.000000E+00     3    21  2.951934E+03 -2.363772E-03
  1.000000E+00     3    22 -8.124368E+03  9.131852E-03
  1.000000E+00     3    23  1.217153E+05 -1.302915E-01
  1.000000E+00     3    24  5.352885E+04 -6.831063E-02
  1.000000E+00     3    25  1.023548E+00  3.230434E-04
  1.000000E+00     3    26 -3.366314E+00  6.539074E-04
  1.000000E+00     3    27  5.569199E+00  2.474861E-04
  1.000000E+00     3    28 -1.234059E-01  4.116042E-03
  1.000000E+00     3    29 -1.486518E+01  2.774593E-03
  1.000000E+00     3    30 -2.610834E-01 -2.078339E-03
  1.000000E+00     4     1 -1.277327E+05  4.003848E-01
  1.000000E+00     4     2  6.814156E+04  5.702409E-01
  1.000000E+00     4     3 -2.892994E+04  5.043796E-02
  1.000000E+00     4     4  1.065328E+06  9.290184E-01
  1.000000E+00     4     5  2.002789E+06 -4.293430E+00
  1.000000E+00     4     6  5.567259E+04 -4.452774E-02
  1.000000E+00     4     7 -4.118602E+01 -3.234271E-02
  1.000000E+00     4     8 -1.516087E+02 -2.822840E-02
  1.000000E+00     4     9  5.009155E+01  6.528730E-04
  1.000000E+00     4    10  9.137585E+03 -1.043712E-01
  1.000000E+00     4    11 -2.701400E+03  3.825674E-02
  1.000000E+00     4    12 -1.315005E+02  8.186714E-03
  1.000000E+00     4    13  1.224533E+02  2.847984E-02
  1.000000E+00     4    14 -8.411927E+02 -1.195646E-02
  1.000000E+00     4    15  6.918746E+01  1.076572E-03
  1.000000E+00     4    16  5.022366E+03 -4.698356E-02
  1.000000E+00     4    17 -5.970130E+03 -1.052651E-01
  1.000000E+00     4    18 -1.874551E+02 -1.300905E-02
  1.000000E+00     4    19  6.739882E+04 -8.821984E-02
  1.000000E+00     4    20  5.767034E+03 -4.236431E-02
  1.000000E+00     4    21 -3.499362E+04  5.578912E-02
  1.000000E+00     4    22  8.411920E+04 -2.667437E-01
  1.000000E+00     4    23 -1.384337E+06  3.439803E+00
  1.000000E+00     4    24  1.464463E+04  1.451983E+00
  1.000000E+00     4    25  4.292904E+01 -1.329717E-02
  1.000000E+00     4    26  7.088799E+01 -7.137315E-03
  1.000000E+00     4    27 -3.956829E+01  4.530638E-04
  1.000000E+00     4    28  1.247011E+02 -9.746431E-02
  1.000000E+00     4    29 -2.103791E+02 -1.097009E-01
  1.000000E+00     4    30  8.215573E+00  5.335870E-02
  1.000000E+00     5     1  1.555183E+05 -5.688646E-01
  1.000000E+00     5     2 -5.229578E+04  1.812193E-02
  1.000000E+00     5     3  5.611133E+04 -5.290268E-02
  1.000000E+00     5     4 -8.430594E+05  4.948244E-01
  1.000000E+00     5     5 -2.342115E+06  5.258632E+00
  1.000000E+00     5     6 -1.383292E+05 -2.349686E-02
  1.000000E+00     5     7  1.656952E+02  1.125263E-01
  1.000000E+00     5     8 -6.678684E+02  1.288175E-02
  1.000000E+00     5     9 -7.496816E+02  9.295805E-04
  1.000000E+00     5    10 -9.910706E+03  4.198190E-02
  1.000000E+00     5    11  1.002296E+04 -1.812852E-01
  1.000000E+00     5    12 -8.205875E+01 -1.199280E-02
  1.000000E+00     5    13  3.839332E+02 -9.405082E-02
  1.000000E+00     5    14  6.968171E+02 -1.231973E-02
  1.000000E+00     5    15  5.535723E+02 -2.663354E-03
  1.000000E+00     5    16  4.066923E+03 -9.179457E-02
  1.000000E+00     5    17  9.198886E+03  1.741309E-01
  1.000000E+00     5    18  3.389414E+02  7.488324E-02
  1.000000E+00     5    19 -4.968512E+04  8.130210E-02
  1.000000E+00     5    20 -3.382481E+04  6.776806E-02
  1.000000E+00     5    21  7.688600E+04 -8.495423E-02
  1.000000E+00     5    22 -2.971428E+05  2.632391E-01
  1.000000E+00     5    23  2.995438E+06 -4.181316E+00
  1.000000E+00     5    24  1.228756E+06 -2.519532E+00
  1.000000E+00     5    25 -4.759082E+01  6.494222E-03
  1.000000E+00     5    26 -9.431820E+01  1.941323E-02
  1.000000E+00     5    27  4.213662E+01  6.998634E-03
  1.000000E+00     5    28  3.029147E+02  1.323624E-01
  1.000000E+00     5    29  5.142610E+02  4.967600E-02
  1.000000E+00     5    30 -1.974712E+01 -3.850312E-02
  1.000000E+00     6     1  4.167159E+03 -4.260931E-02
  1.000000E+00     6     2 -2.444000E+03 -5.249599E-03
  1.000000E+00     6     3  1.427970E+03 -6.797532E-03
  1.000000E+00     6     4 -4.240543E+04  6.096414E-02
  1.000000E+00     6     5 -6.323193E+04  5.487241E-01
  1.000000E+00     6     6  4.502923E+02  1.922339E-02
  1.000000E+00     6     7  2.047833E+00  7.631674E-03
  1.000000E+00     6     8  2.350531E+01  1.182781E-05
  1.000000E+00     6     9 -2.576389E-01  1.345284E-04
  1.000000E+00     6    10 -5.363717E+02  4.377733E-03
  1.000000E+00     6    11  4.758977E+01 -2.690357E-02
  1.000000E+00     6    12  1.402456E+01 -4.200016E-04
  1.000000E+00     6    13 -1.463431E+01  8.444350E-03
  1.000000E+00     6    14  6.884352E+01  3.772223E-03
  1.000000E+00     6    15 -1.795875E+01 -2.946666E-05
  1.000000E+00     6    16 -5.487764E+02  5.860522E-03
  1.000000E+00     6    17  3.695190E+02 -2.281161E-02
  1.000000E+00     6    18  1.187700E+01  2.698046E-04
  1.000000E+00     6    19 -1.019767E+03  1.064887E-02
  1.000000E+00     6    20  1.222705E+03  9.841123E-03
  1.000000E+00     6    21  1.978510E+03 -9.564217E-03
  1.000000E+00     6    22  3.768113E+03  3.842115E-02
  1.000000E+00     6    23  7.254327E+04 -5.208213E-01
  1.000000E+00     6    24 -7.719731E+04 -2.768395E-01
  1.000000E+00     6    25 -2.611557E+00 -1.408789E-03
  1.000000E+00     6    26 -4.093617E+00 -1.631326E-03
  1.000000E+00     6    27  2.941870E+00 -2.502085E-04
  1.000000E+00     6    28 -1.904366E+00 -1.403946E-03
  1.000000E+00     6    29  1.221564E+01  9.570162E-03
  1.000000E+00     6    30 -4.848199E-01 -2.647187E-03
  1.000000E+00     7     1  1.460595E+00 -6.071509E-03
  1.000000E+00     7     2  2.134672E+00 -1.557406E-04
  1.000000E+00     7     3  7.402471E+00 -1.003189E-03
  1.000000E+00     7     4  3.204780E+01  1.044137E-02
  1.000000E+00     7     5 -7.597103E+00  8.226309E-02
  1.000000E+00     7     6 -4.148162E-02 -5.511430E-03
  1.000000E+00     7     7  2.595491E+04  3.955052E-01
  1.000000E+00     7     8  1.321455E+03 -4.112584E-02
  1.000000E+00     7     9  2.877444E+02  6.395572E-04
  1.000000E+00     7    10  2.992812E+04 -1.482663E-01
  1.000000E+00     7    11 -4.495639E+05 -9.235159E-01
  1.000000E+00     7    12 -4.923854E+03  2.410029E-03
  1.000000E+00     7    13  3.071707E+00 -5.376563E-04
  1.000000E+00     7    14 -4.086425E-01 -6.342638E-03
  1.000000E+00     7    15 -2.647501E-01  2.371424E-04
  1.000000E+00     7    16 -7.972365E+01 -1.169469E-02
  1.000000E+00     7    17  3.617424E+01  4.031048E-03
  1.000000E+00     7    18 -1.781609E+00  2.667378E-03
  1.000000E+00     7    19  9.732317E+03  2.546344E-03
  1.000000E+00     7    20  2.113092E+04  8.198560E-04
  1.000000E+00     7    21  4.533630E+02 -2.775395E-03
  1.000000E+00     7    22  8.440185E+04 -7.375669E-02
  1.000000E+00     7    23 -2.986593E+04 -4.367548E-02
  1.000000E+00     7    24  1.191716E+05 -3.778566E-02
  1.000000E+00     7    25  5.226402E-01 -2.240047E-02
  1.000000E+00     7    26  3.287381E-01  1.242473E-02
  1.000000E+00     7    27 -1.766732E+00 -1.073385E-03
  1.000000E+00     7    28 -6.435798E-02 -1.221383E-03
  1.000000E+00     7    29 -2.256651E+00  2.303185E-02
  1.000000E+00     7    30 -1.924220E-01  3.950592E-03
  1.000000E+00     8     1 -2.161828E+00 -9.737522E-03
  1.000000E+00     8     2 -8.463476E-02 -3.178152E-05
  1.000000E+00     8     3  1.668578E+00 -1.098856E-03
  1.000000E+00     8     4 -9.384841E+00  1.311821E-02
  1.000000E+00     8     5  3.604155E+01  7.732340E-02
  1.000000E+00     8     6  5.146780E-01  3.155997E-03
  1.000000E+00     8     7 -4.737460E+03 -9.559229E-02
  1.000000E+00     8     8  4.163545E+03  4.561514E-01
  1.000000E+00     8     9 -5.007360E+01 -1.680119E-03
  1.000000E+00     8    10  5.839436E+04  1.180872E+00
  1.000000E+00     8    11  8.376142E+04  7.106122E-01
  1.000000E+00     8    12  4.185218E+01  1.237270E-02
  1.000000E+00     8    13  5.248556E-01  1.699447E-02
  1.000000E+00     8    14  2.309722E-01 -2.023789E-02
  1.000000E+00     8    15 -6.820458E-01  1.543939E-04
  1.000000E+00     8    16 -2.157210E+00 -5.146110E-02
  1.000000E+00     8    17 -1.702186E+01 -3.889526E-02
  1.000000E+00     8    18 -3.960049E-01 -2.476136E-03
  1.000000E+00     8    19 -3.625809E+03 -1.027437E-02
  1.000000E+00     8    20 -3.179946E+03 -2.983382E-02
  1.000000E+00     8    21 -5.591995E+00  2.146059E-03
  1.000000E+00     8    22 -1.043498E+04 -4.044250E-02
  1.000000E+00     8    23  8.482950E+03 -2.582817E-02
  1.000000E+00     8    24  8.942555E+04 -9.491388E-02
  1.000000E+00     8    25  2.498821E-02  1.134786E-02
  1.000000E+00     8    26 -4.862703E-01  4.779584E-03
  1.000000E+00     8    27  1.942761E-01 -4.004645E-03
  1.000000E+00     8    28 -4.260474E+00  2.507074E-02
  1.000000E+00     8    29 -9.294417E-01 -3.963570E-02
  1.000000E+00     8    30 -3.364489E-02 -8.026916E-03
  1.000000E+00     9     1 -1.427143E+01  8.571311E-05
  1.000000E+00     9     2  3.083048E-01 -7.842956E-05
  1.000000E+00     9     3  4.669114E+00  2.251729E-05
  1.000000E+00     9     4  7.924401E+00 -4.744362E-04
  1.000000E+00     9     5  2.238323E+02 -1.474428E-03
  1.000000E+00     9     6  4.672937E+00 -4.978551E-05
  1.000000E+00     9     7  1.148320E+02  4.578060E-04
  1.000000E+00     9     8 -1.339844E+01  8.484037E-05
  1.000000E+00     9     9  1.686420E+03  3.206890E-06
  1.000000E+00     9    10 -2.739350E+02  3.084886E-04
  1.000000E+00     9    11 -1.178846E+03 -1.166894E-03
  1.000000E+00     9    12  3.922964E+01  1.154352E-05
  1.000000E+00     9    13 -3.177119E+00  3.700830E-05
  1.000000E+00     9    14  1.429056E+00  8.004114E-05
  1.000000E+00     9    15  7.410415E+00  2.253260E-06
  1.000000E+00     9    16  2.299098E+01  3.020204E-04
  1.000000E+00     9    17  4.534619E+01 -2.326138E-04
  1.000000E+00     9    18  7.553144E-01  2.082967E-05
  1.000000E+00     9    19  1.278576E+00 -2.378340E-05
  1.000000E+00     9    20 -3.948322E+01 -1.624035E-06
  1.000000E+00     9    21  5.935073E+02 -1.541504E-05
  1.000000E+00     9    22  1.745228E+04 -4.697641E-04
  1.000000E+00     9    23 -1.037405E+04  1.392759E-03
  1.000000E+00     9    24 -1.078343E+03  7.921775E-04
  1.000000E+00     9    25 -1.563728E+00  3.020175E-04
  1.000000E+00     9    26 -1.917891E+00  7.605399E-05
  1.000000E+00     9    27  3.481416E+00  1.267905E-04
  1.000000E+00     9    28 -1.895049E+01  8.128185E-04
  1.000000E+00     9    29  1.381567E+01 -2.550553E-04
  1.000000E+00     9    30  2.058631E-01 -2.484737E-04
  1.000000E+00    10     1 -3.309161E+01 -6.568359E-03
  1.000000E+00    10     2  2.174136E+00 -3.018306E-04
  1.000000E+00    10     3  2.494194E+01 -9.067287E-04
  1.000000E+00    10     4 -1.102777E+02  9.703441E-03
  1.000000E+00    10     5  5.518707E+02  5.793864E-02
  1.000000E+00    10     6  9.531724E+00  3.127910E-03
  1.000000E+00    10     7 -8.446798E+04 -6.441137E-02
  1.000000E+00    10     8  6.055583E+04  4.112129E-01
  1.000000E+00    10     9 -6.475469E+02 -1.610113E-03
  1.000000E+00    10    10  9.658604E+05  1.046768E+00
  1.000000E+00    10    11  1.500554E+06  6.477380E-01
  1.000000E+00    10    12 -5.860935E+02  1.434524E-02
  1.000000E+00    10    13  3.920066E+00  1.663430E-02
  1.000000E+00    10    14  5.771500E+00 -2.252404E-02
  1.000000E+00    10    15 -4.403596E+00  2.570192E-04
  1.000000E+00    10    16 -1.186621E+01 -5.605230E-02
  1.000000E+00    10    17 -1.940653E+02 -3.560712E-02
  1.000000E+00    10    18 -2.940672E+00 -1.608413E-03
  1.000000E+00    10    19 -6.564438E+04 -1.153883E-02
  1.000000E+00    10    20 -5.639323E+04 -3.112949E-02
  1.000000E+00    10    21 -2.069030E+01  2.170792E-03
  1.000000E+00    10    22 -1.858564E+05 -2.761666E-02
  1.000000E+00    10    23  1.575631E+05 -1.837387E-02
  1.000000E+00    10    24  1.635112E+06 -8.838940E-02
  1.000000E+00    10    25  5.165931E-01  1.436702E-02
  1.000000E+00    10    26 -5.252326E+00  7.130145E-03
  1.000000E+00    10    27  3.857361E+00 -3.385663E-03
  1.000000E+00    10    28 -5.251001E+01  2.918927E-02
  1.000000E+00    10    29 -1.206937E+01 -4.348456E-02
  1.000000E+00    10    30 -2.584814E-01 -7.225165E-03
  1.000000E+00    11     1  5.029455E-01  7.673898E-03
  1.000000E+00    11     2 -4.308725E+01  1.764347E-04
  1.000000E+00    11     3 -1.455417E+02  1.210020E-03
  1.000000E+00    11     4 -5.999957E+02 -1.513576E-02
  1.000000E+00    11     5 -3.039026E+02 -9.960125E-02
  1.000000E+00    11     6 -9.158447E+00  5.327510E-03
  1.000000E+00    11     7 -4.571341E+05 -3.694164E-01
  1.000000E+00    11     8 -2.737270E+04  6.003696E-02
  1.000000E+00    11     9 -3.870741E+03 -1.148203E-03
  1.000000E+00    11    10 -6.033498E+05  1.448134E-01
  1.000000E+00    11    11  8.109290E+06  1.113824E+00
  1.000000E+00    11    12  9.254989E+04  1.020996E-02
  1.000000E+00    11    13 -4.841680E+01  2.366393E-04
  1.000000E+00    11    14  3.092430E+00  6.691404E-03
  1.000000E+00    11    15 -4.359534E+00 -2.079904E-04
  1.000000E+00    11    16  1.489783E+03  1.301467E-02
  1.000000E+00    11    17 -8.373392E+02  2.382101E-03
  1.000000E+00    11    18  3.256223E+01 -7.399977E-04
  1.000000E+00    11    19 -1.741937E+05 -1.361747E-02
  1.000000E+00    11    20 -3.860110E+05 -1.865638E-02
  1.000000E+00    11    21 -7.906809E+03  3.202943E-03
  1.000000E+00    11    22 -1.551821E+06  1.108192E-01
  1.000000E+00    11    23  5.430407E+05  2.617459E-02
  1.000000E+00    11    24 -2.347306E+06 -6.165702E-02
  1.000000E+00    11    25  3.539978E+00  2.525371E-02
  1.000000E+00    11    26  1.947246E+00 -1.289793E-02
  1.000000E+00    11    27  2.410061E+01  8.521588E-04
  1.000000E+00    11    28  8.928942E+01  2.688711E-03
  1.000000E+00    11    29 -6.256713E+01 -2.531101E-02
  1.000000E+00    11    30  2.937385E+00 -4.881372E-04
  1.000000E+00    12     1 -1.824010E+00  9.281304E-03
  1.000000E+00    12     2 -3.687538E-01  3.092031E-03
  1.000000E+00    12     3 -5.435628E-01 -8.673122E-05
  1.000000E+00    12     4  5.618823E+00  7.324368E-03
  1.000000E+00    12     5  2.906932E+01 -2.340882E-02
  1.000000E+00    12     6  4.585484E-01 -2.782713E-04
  1.000000E+00    12     7  3.270088E+03  2.511104E-02
  1.000000E+00    12     8 -8.798682E+02  7.239158E-03
  1.000000E+00    12     9  1.385918E+02  5.950275E-04
  1.000000E+00    12    10 -1.568817E+04  5.656009E-02
  1.000000E+00    12    11 -5.519364E+04 -3.117760E-01
  1.000000E+00    12    12  3.591953E+03 -1.298788E-03
  1.000000E+00    12    13  6.977907E-01  5.078391E-03
  1.000000E+00    12    14 -1.270809E+00 -1.736702E-04
  1.000000E+00    12    15 -1.184836E+00  6.756746E-05
  1.000000E+00    12    16 -3.147656E+00  2.856770E-03
  1.000000E+00    12    17 -9.804569E+00 -2.044168E-02
  1.000000E+00    12    18 -2.770903E-01  7.368715E-05
  1.000000E+00    12    19  3.189419E+03  1.117731E-02
  1.000000E+00    12    20  1.720926E+03  1.677370E-02
  1.000000E+00    12    21 -2.616364E+00 -1.095638E-03
  1.000000E+00    12    22  2.843730E+03 -5.852142E-02
  1.000000E+00    12    23 -6.761489E+03  3.126456E-02
  1.000000E+00    12    24 -1.009295E+05  1.043877E-01
  1.000000E+00    12    25  2.651491E-01  9.208321E-04
  1.000000E+00    12    26 -2.696778E-01  7.448537E-04
  1.000000E+00    12    27 -1.168936E-01 -3.191937E-05
  1.000000E+00    12    28 -1.914704E+00  1.259555E-03
  1.000000E+00    12    29 -2.375879E+00 -5.257275E-03
  1.000000E+00    12    30 -5.964504E-03 -4.419665E-04
  1.000000E+00    13     1 -1.172967E+00 -9.972976E-03
  1.000000E+00    13     2 -4.059673E+00 -4.247922E-03
  1.000000E+00    13     3  4.081329E+01 -1.600970E-03
  1.000000E+00    13     4 -3.020485E+01  6.204403E-03
  1.000000E+00    13     5 -1.584053E+02  1.176481E-01
  1.000000E+00    13     6 -4.974010E-01  6.263718E-03
  1.000000E+00    13     7 -2.077693E+00  5.463283E-03
  1.000000E+00    13     8 -3.998709E+00 -1.381443E-03
  1.000000E+00    13     9 -2.540479E+00  1.168877E-04
  1.000000E+00    13    10  4.759377E+00  4.352763E-03
  1.000000E+00    13    11  1.899829E+01 -8.788183E-02
  1.000000E+00    13    12  1.121590E+01 -1.099305E-02
  1.000000E+00    13    13  3.148015E+03  3.987971E-01
  1.000000E+00    13    14  3.199733E+03 -3.602243E-02
  1.000000E+00    13    15  1.573663E+03  3.523694E-04
  1.000000E+00    13    16  4.321814E+04 -1.300189E-01
  1.000000E+00    13    17  2.046287E+04 -9.573891E-01
  1.000000E+00    13    18 -6.518118E+02  1.165544E-03
  1.000000E+00    13    19  3.020994E+03  3.360279E-03
  1.000000E+00    13    20  2.143841E+03  5.647631E-03
  1.000000E+00    13    21  1.008901E+03  1.175222E-03
  1.000000E+00    13    22  1.814542E+04 -2.482433E-02
  1.000000E+00    13    23  8.595629E+03 -7.885181E-02
  1.000000E+00    13    24  2.012166E+05 -3.518278E-02
  1.000000E+00    13    25 -8.463711E-01 -4.277828E-02
  1.000000E+00    13    26 -1.814883E+00 -2.959049E-02
  1.000000E+00    13    27  1.215956E+00 -1.145356E-03
  1.000000E+00    13    28 -9.263360E+00 -2.757268E-02
  1.000000E+00    13    29  6.570459E+00  6.583210E-02
  1.000000E+00    13    30  4.338245E-02 -9.906200E-04
  1.000000E+00    14     1  1.307891E+00  2.396309E-03
  1.000000E+00    14     2 -9.490143E-01 -1.548187E-02
  1.000000E+00    14     3 -4.262603E+00 -2.731887E-03
  1.000000E+00    14     4 -1.932462E+00 -1.517794E-02
  1.000000E+00    14     5  2.422903E+01  1.365639E-01
  1.000000E+00    14     6 -9.266909E-01  4.265210E-03
  1.000000E+00    14     7  9.609195E-01 -8.260364E-03
  1.000000E+00    14     8  1.470139E+00 -8.960064E-04
  1.000000E+00    14     9  1.570505E+00 -4.081134E-05
  1.000000E+00    14    10 -5.213301E+00 -2.279861E-03
  1.000000E+00    14    11  6.038409E+00  5.097635E-02
  1.000000E+00    14    12 -1.637238E+00  2.637119E-03
  1.000000E+00    14    13  5.855655E+03 -5.928808E-02
  1.000000E+00    14    14  4.485244E+03  4.572231E-01
  1.000000E+00    14    15 -1.687379E+02 -1.843340E-03
  1.000000E+00    14    16  6.812673E+04  1.216458E+00
  1.000000E+00    14    17 -1.130736E+05  1.456077E-03
  1.000000E+00    14    18 -1.304146E+03  3.756338E-03
  1.000000E+00    14    19  4.635908E+03  3.886120E-03
  1.000000E+00    14    20 -4.041638E+03 -3.553760E-03
  1.000000E+00    14    21  2.655937E+01 -2.766847E-03
  1.000000E+00    14    22 -2.067883E+04 -7.224378E-02
  1.000000E+00    14    23 -1.919119E+04 -2.426811E-01
  1.000000E+00    14    24  1.148411E+05 -1.002933E-01
  1.000000E+00    14    25 -4.110904E-01 -3.373288E-02
  1.000000E+00    14    26 -6.293413E-02  1.053027E-02
  1.000000E+00    14    27 -2.485161E-01  4.981241E-03
  1.000000E+00    14    28 -1.903886E+00  1.965858E-02
  1.000000E+00    14    29  3.536301E+00  3.475652E-02
  1.000000E+00    14    30 -5.080325E-02 -6.413165E-03
  1.000000E+00    15     1 -5.229207E+00  5.976419E-05
  1.000000E+00    15     2  1.467832E+00 -1.292530E-04
  1.000000E+00    15     3  6.548264E+00  1.821989E-05
  1.000000E+00    15     4  1.602353E+01 -6.441604E-04
  1.000000E+00    15     5  8.023721E+01 -1.139452E-03
  1.000000E+00    15     6  2.036805E+00 -3.341844E-05
  1.000000E+00    15     7 -1.969046E+00 -1.193161E-05
  1.000000E+00    15     8 -1.634564E+00  1.123681E-04
  1.000000E+00    15     9  6.837718E+00  1.352282E-06
  1.000000E+00    15    10 -1.883565E+01  3.253969E-04
  1.000000E+00    15    11  2.205675E+01  8.716781E-05
  1.000000E+00    15    12 -1.267417E+00  2.275343E-05
  1.000000E+00    15    13  1.080165E+02  4.222171E-04
  1.000000E+00    15    14  1.616462E+01  4.592127E-05
  1.000000E+00    15    15  1.649004E+03  1.194484E-06
  1.000000E+00    15    16  4.325598E+02  1.978512E-04
  1.000000E+00    15    17 -2.126604E+03 -1.001681E-03
  1.000000E+00    15    18  1.393885E+01  3.024479E-05
  1.000000E+00    15    19  4.527649E+00 -2.307358E-05
  1.000000E+00    15    20  2.349778E+01 -3.465746E-05
  1.000000E+00    15    21  5.929007E+02 -2.270454E-06
  1.000000E+00    15    22 -1.834261E+04 -1.463761E-04
  1.000000E+00    15    23 -1.079760E+04  1.083426E-03
  1.000000E+00    15    24  7.272147E+02  5.854323E-04
  1.000000E+00    15    25 -7.666427E-01 -1.679025E-04
  1.000000E+00    15    26  2.086647E+00 -4.884520E-05
  1.000000E+00    15    27  3.438631E+00  1.236559E-04
  1.000000E+00    15    28  1.979342E+01 -2.283882E-04
  1.000000E+00    15    29  8.464465E+00  9.805898E-05
  1.000000E+00    15    30  1.942335E-01 -2.586097E-04
  1.000000E+00    16     1  2.448327E+01  6.413496E-04
  1.000000E+00    16     2 -1.618921E+01 -1.758824E-02
  1.000000E+00    16     3 -6.438227E+01 -3.614746E-03
  1.000000E+00    16     4 -1.468266E+01 -1.156974E-02
  1.000000E+00    16     5  4.001970E+02  1.899122E-01
  1.000000E+00    16     6 -1.505218E+01  6.625115E-03
  1.000000E+00    16     7  2.028464E+01 -5.976192E-03
  1.000000E+00    16     8  2.872521E+01 -1.207690E-03
  1.000000E+00    16     9  2.287578E+01 -1.379816E-04
  1.000000E+00    16    10 -5.145887E+01 -4.944043E-03
  1.000000E+00    16    11  5.866501E+01  5.120804E-02
  1.000000E+00    16    12 -2.465107E+01  4.068358E-03
  1.000000E+00    16    13  1.023362E+05 -3.644277E-02
  1.000000E+00    16    14  6.662726E+04  4.076016E-01
  1.000000E+00    16    15 -2.954330E+03 -1.260279E-03
  1.000000E+00    16    16  1.143446E+06  1.087271E+00
  1.000000E+00    16    17 -1.971387E+06 -1.360842E-02
  1.000000E+00    16    18 -2.461794E+04  8.841111E-05
  1.000000E+00    16    19  8.268263E+04  5.276175E-03
  1.000000E+00    16    20 -6.950182E+04 -3.483258E-03
  1.000000E+00    16    21  4.395531E+02 -2.321732E-03
  1.000000E+00    16    22 -3.548000E+05 -3.848427E-02
  1.000000E+00    16    23 -3.394062E+05 -2.751866E-01
  1.000000E+00    16    24  2.103415E+06 -7.140487E-02
  1.000000E+00    16    25 -4.006390E+00 -4.027464E-02
  1.000000E+00    16    26 -2.024002E+00  1.018176E-02
  1.000000E+00    16    27 -4.131042E+00  4.610849E-03
  1.000000E+00    16    28 -3.448423E+01  6.981490E-03
  1.000000E+00    16    29  3.141139E+01  4.478992E-02
  1.000000E+00    16    30 -8.764588E-01 -6.417756E-03
  1.000000E+00    17     1  5.691155E+01  3.031277E-02
  1.000000E+00    17     2  5.749938E+01 -1.205557E-03
  1.000000E+00    17     3 -7.323198E+02  2.845959E-03
  1.000000E+00    17     4  5.088680E+02 -3.107575E-02
  1.000000E+00    17     5  2.481689E+03 -2.410138E-01
  1.000000E+00    17     6 -3.887127E+00 -5.678927E-03
  1.000000E+00    17     7  5.215348E+01 -4.959410E-03
  1.000000E+00    17     8  8.120446E+01 -5.531284E-03
  1.000000E+00    17     9  3.656240E+01 -4.449078E-05
  1.000000E+00    17    10 -2.578001E+01 -3.489397E-02
  1.000000E+00    17    11 -4.060459E+02  1.029605E-01
  1.000000E+00    17    12 -1.978311E+02  1.417975E-02
  1.000000E+00    17    13 -3.967880E+04 -3.870457E-01
  1.000000E+00    17    14 -5.442959E+04 -5.172727E-02
  1.000000E+00    17    15 -2.844737E+04 -1.063641E-04
  1.000000E+00    17    16 -7.173536E+05 -1.170976E-01
  1.000000E+00    17    17 -5.312629E+05  9.820645E-01
  1.000000E+00    17    18  7.232318E+03  5.076479E-03
  1.000000E+00    17    19 -5.010427E+04 -7.851647E-03
  1.000000E+00    17    20 -3.970837E+04 -5.365191E-03
  1.000000E+00    17    21 -1.774618E+04 -1.754621E-03
  1.000000E+00    17    22 -3.727886E+05  2.875111E-02
  1.000000E+00    17    23 -1.938069E+05  1.590475E-01
  1.000000E+00    17    24 -3.441353E+06  3.365126E-02
  1.000000E+00    17    25  1.393145E+01  4.436344E-02
  1.000000E+00    17    26  2.209017E+01  3.170256E-02
  1.000000E+00    17    27 -2.907288E+01  8.304732E-04
  1.000000E+00    17    28  7.322266E+01  5.498266E-02
  1.000000E+00    17    29 -1.193878E+02 -6.050345E-02
  1.000000E+00    17    30 -1.704578E+00  7.657253E-03
  1.000000E+00    18     1 -2.668940E-02  4.405110E-03
  1.000000E+00    18     2 -1.475750E+00 -7.995518E-05
  1.000000E+00    18     3  3.240225E+00  9.516149E-05
  1.000000E+00    18     4  8.191806E-01 -1.172474E-04
  1.000000E+00    18     5 -2.824087E+00 -1.202396E-02
  1.000000E+00    18     6  6.007350E-01  4.345567E-04
  1.000000E+00    18     7 -1.335730E-01  9.604210E-03
  1.000000E+00    18     8 -1.365775E+00  2.879009E-03
  1.000000E+00    18     9  6.663015E-01  3.462446E-05
  1.000000E+00    18    10 -1.280822E+01  2.633226E-03
  1.000000E+00    18    11  7.072580E+00 -2.827228E-02
  1.000000E+00    18    12  4.414291E-01  4.666954E-05
  1.000000E+00    18    13 -4.270026E+03  9.548330E-03
  1.000000E+00    18    14 -4.338486E+02  9.492408E-03
  1.000000E+00    18    15  6.177371E+01  1.541019E-03
  1.000000E+00    18    16 -9.549964E+03  7.746171E-02
  1.000000E+00    18    17  7.895521E+04  2.315577E-02
  1.000000E+00    18    18  3.863177E+03  1.267475E-03
  1.000000E+00    18    19 -3.446583E+03  1.962403E-03
  1.000000E+00    18    20  2.862271E+03 -1.854566E-03
  1.000000E+00    18    21 -4.766478E+01  5.594696E-04
  1.000000E+00    18    22  1.307600E+04  5.672801E-02
  1.000000E+00    18    23  1.289523E+04  4.706273E-02
  1.000000E+00    18    24 -8.158574E+04  1.758427E-01
  1.000000E+00    18    25 -3.917552E-01 -2.670718E-03
  1.000000E+00    18    26  1.657636E-01 -1.129818E-03
  1.000000E+00    18    27  4.095692E-01  1.441765E-04
  1.000000E+00    18    28  1.866462E+00 -3.354799E-03
  1.000000E+00    18    29  3.583828E+00  7.364332E-03
  1.000000E+00    18    30 -3.361362E-02  9.740481E-05
  1.000000E+00    19     1  1.915026E+04 -2.682877E-02
  1.000000E+00    19     2 -3.576162E+03 -5.084751E-03
  1.000000E+00    19     3  4.709679E+03 -5.111207E-03
  1.000000E+00    19     4 -5.469018E+04  3.189386E-02
  1.000000E+00    19     5 -3.016776E+05  4.270066E-01
  1.000000E+00    19     6 -1.260189E+04 -5.913049E-04
  1.000000E+00    19     7  1.584289E+04  9.145595E-03
  1.000000E+00    19     8 -7.840968E+02  1.993395E-03
  1.000000E+00    19     9  8.373117E+01  6.524096E-05
  1.000000E+00    19    10 -9.850517E+03  8.807711E-03
  1.000000E+00    19    11 -2.807801E+05 -2.904171E-02
  1.000000E+00    19    12 -1.534333E+03 -1.710809E-03
  1.000000E+00    19    13  5.665477E+03 -7.012891E-03
  1.000000E+00    19    14  3.236145E+03 -7.680911E-04
  1.000000E+00    19    15  6.250289E+02 -1.753413E-04
  1.000000E+00    19    16  5.244971E+04 -4.639299E-03
  1.000000E+00    19    17 -7.554342E+04  1.544616E-02
  1.000000E+00    19    18 -2.250182E+03  4.617929E-03
  1.000000E+00    19    19  1.036319E+04  8.667304E-03
  1.000000E+00    19    20  6.876239E+03  7.062451E-03
  1.000000E+00    19    21  7.644939E+03 -7.141761E-03
  1.000000E+00    19    22  1.447195E+04  2.472297E-02
  1.000000E+00    19    23  2.561118E+05 -3.818261E-01
  1.000000E+00    19    24  3.342498E+05 -2.047488E-01
  1.000000E+00    19    25  6.339990E+01  8.247001E-04
  1.000000E+00    19    26 -1.174419E+01  4.865935E-03
  1.000000E+00    19    27  4.304308E+00  2.638595E-04
  1.000000E+00    19    28 -1.048642E+01  1.346139E-02
  1.000000E+00    19    29 -6.487519E+02  2.629756E-03
  1.000000E+00    19    30 -1.386657E+00 -4.578920E-03
  1.000000E+00    20     1  1.411730E+04 -3.661296E-02
  1.000000E+00    20     2 -3.492110E+03 -1.588295E-02
  1.000000E+00    20     3  3.152792E+03 -3.660258E-03
  1.000000E+00    20     4 -5.573341E+04 -7.804147E-03
  1.000000E+00    20     5 -2.217858E+05  3.481630E-01
  1.000000E+00    20     6 -5.483342E+03  1.517050E-03
  1.000000E+00    20     7  1.824112E+04  6.580250E-03
  1.000000E+00    20     8  1.983889E+03 -2.008435E-03
  1.000000E+00    20     9  7.319740E+01  3.078564E-05
  1.000000E+00    20    10  3.939298E+04 -2.684691E-03
  1.000000E+00    20    11 -3.262388E+05 -3.029604E-02
  1.000000E+00    20    12 -4.859377E+03 -1.197803E-03
  1.000000E+00    20    13  2.947605E+03 -5.640391E-03
  1.000000E+00    20    14 -2.041590E+03 -4.060177E-03
  1.000000E+00    20    15 -1.362100E+03 -8.860265E-05
  1.000000E+00    20    16 -2.475078E+04 -1.059667E-02
  1.000000E+00    20    17 -1.118626E+05  1.920476E-02
  1.000000E+00    20    18 -2.820853E+02  2.463304E-03
  1.000000E+00    20    19 -9.410545E+02  6.769591E-03
  1.000000E+00    20    20  1.580676E+04  5.023972E-03
  1.000000E+00    20    21  3.549590E+03 -4.606817E-03
  1.000000E+00    20    22  1.992244E+04  2.089178E-02
  1.000000E+00    20    23  1.216168E+05 -2.640544E-01
  1.000000E+00    20    24  5.498841E+04 -1.296104E-01
  1.000000E+00    20    25 -1.719981E+00 -3.568446E-03
  1.000000E+00    20    26  6.037717E+01 -1.255970E-03
  1.000000E+00    20    27  1.768699E+00  2.589318E-04
  1.000000E+00    20    28  6.716208E+02 -3.086739E-03
  1.000000E+00    20    29  6.920538E+00  1.163698E-02
  1.000000E+00    20    30 -9.812045E-01 -4.161347E-03
  1.000000E+00    21     1 -5.811314E+03  1.360063E-02
  1.000000E+00    21     2  1.071755E+03  5.871052E-03
  1.000000E+00    21     3 -5.326440E+02  1.006426E-03
  1.000000E+00    21     4  1.592803E+04  7.589620E-03
  1.000000E+00    21     5  9.539373E+04 -1.108468E-01
  1.000000E+00    21     6  2.864573E+03  3.053253E-04
  1.000000E+00    21     7  2.777119E+02  7.813808E-04
  1.000000E+00    21     8  3.907712E+01 -2.172101E-03
  1.000000E+00    21     9  5.829046E+02 -3.832522E-05
  1.000000E+00    21    10  9.824168E+02 -6.836869E-03
  1.000000E+00    21    11 -4.548292E+03 -2.996423E-03
  1.000000E+00    21    12 -1.395860E+01 -7.562870E-05
  1.000000E+00    21    13  4.036192E+02  4.104733E-03
  1.000000E+00    21    14 -9.815856E+01 -1.894929E-03
  1.000000E+00    21    15  6.103077E+02  2.778810E-05
  1.000000E+00    21    16 -1.332878E+03 -5.467637E-03
  1.000000E+00    21    17 -5.556447E+03 -7.559649E-03
  1.000000E+00    21    18  7.766205E+01 -1.379457E-03
  1.000000E+00    21    19  3.468832E+03 -1.724534E-03
  1.000000E+00    21    20  7.259603E+02 -1.212060E-03
  1.000000E+00    21    21  1.954971E+04  2.014766E-03
  1.000000E+00    21    22  6.003732E+03 -4.082831E-03
  1.000000E+00    21    23 -7.655532E+04  8.213755E-02
  1.000000E+00    21    24 -3.800877E+04  4.560703E-02
  1.000000E+00    21    25 -2.858952E+00 -1.963400E-03
  1.000000E+00    21    26  3.349066E+00  7.037334E-05
  1.000000E+00    21    27 -1.158031E+02 -1.630936E-03
  1.000000E+00    21    28  9.250883E+00 -5.987103E-03
  1.000000E+00    21    29  4.115562E+01 -1.447739E-03
  1.000000E+00    21    30 -3.713812E+00  3.923429E-03
  1.000000E+00    22     1  1.809722E+04 -4.575023E-02
  1.000000E+00    22     2 -4.440971E+03 -9.395375E-03
  1.000000E+00    22     3  4.328920E+03 -4.351838E-03
  1.000000E+00    22     4 -7.510919E+04  8.685223E-03
  1.000000E+00    22     5 -2.761656E+05  4.365691E-01
  1.000000E+00    22     6 -3.720125E+03  1.744364E-03
  1.000000E+00    22     7  6.962062E+04  1.243154E-01
  1.000000E+00    22     8  1.044247E+04 -3.630063E-02
  1.000000E+00    22     9  1.631797E+04  3.313161E-05
  1.000000E+00    22    10  2.000575E+05 -1.165513E-01
  1.000000E+00    22    11 -1.243329E+06 -3.020622E-01
  1.000000E+00    22    12 -1.874071E+04  1.985881E-03
  1.000000E+00    22    13 -6.868920E+03 -1.236559E-01
  1.000000E+00    22    14 -5.372691E+02 -7.707713E-03
  1.000000E+00    22    15 -2.312419E+04 -1.548632E-04
  1.000000E+00    22    16  3.917156E+04 -2.074949E-02
  1.000000E+00    22    17 -1.540023E+05  3.121643E-01
  1.000000E+00    22    18 -8.260289E+03  1.874772E-03
  1.000000E+00    22    19  1.204910E+04  9.374673E-03
  1.000000E+00    22    20  5.704689E+04  3.188063E-03
  1.000000E+00    22    21  2.299326E+03 -4.464013E-03
  1.000000E+00    22    22  1.087522E+07  4.397632E-02
  1.000000E+00    22    23 -3.394356E+04 -3.163732E-01
  1.000000E+00    22    24  6.428921E+05 -1.610401E-01
  1.000000E+00    22    25  2.156204E+02 -8.671897E-02
  1.000000E+00    22    26  1.202915E+03  9.064024E-03
  1.000000E+00    22    27 -5.790005E+00 -9.590898E-03
  1.000000E+00    22    28  1.215227E+04 -1.912327E-01
  1.000000E+00    22    29 -1.510111E+03  4.141967E-02
  1.000000E+00    22    30  6.973197E+00  1.551121E-02
  1.000000E+00    23     1 -3.446043E+05  8.352918E-01
  1.000000E+00    23     2  6.851619E+04  2.531450E-01
  1.000000E+00    23     3 -5.037026E+04  8.371789E-02
  1.000000E+00    23     4  1.039268E+06 -1.122646E-01
  1.000000E+00    23     5  5.603828E+06 -7.977737E+00
  1.000000E+00    23     6  1.753929E+05 -1.549650E-02
  1.000000E+00    23     7 -5.627131E+04 -2.047324E-01
  1.000000E+00    23     8 -7.267228E+02 -3.064997E-02
  1.000000E+00    23     9 -8.844347E+03 -5.143016E-04
  1.000000E+00    23    10 -2.759710E+03 -1.216814E-01
  1.000000E+00    23    11  9.912467E+05  4.975319E-01
  1.000000E+00    23    12  6.672651E+03  2.127027E-02
  1.000000E+00    23    13 -2.272282E+04  4.056267E-02
  1.000000E+00    23    14 -7.265817E+03 -3.604098E-03
  1.000000E+00    23    15 -1.309425E+04  2.538009E-03
  1.000000E+00    23    16 -8.113134E+04  6.019440E-03
  1.000000E+00    23    17  2.558947E+05 -1.144253E-01
  1.000000E+00    23    18  1.888885E+03 -6.569446E-02
  1.000000E+00    23    19  1.490680E+05 -1.391632E-01
  1.000000E+00    23    20  1.476554E+04 -1.016866E-01
  1.000000E+00    23    21 -1.112521E+05  1.119121E-01
  1.000000E+00    23    22  1.469448E+05 -4.459971E-01
  1.000000E+00    23    23  6.226702E+06  6.195403E+00
  1.000000E+00    23    24 -2.463313E+06  3.258483E+00
  1.000000E+00    23    25 -1.080680E+03  3.495114E-03
  1.000000E+00    23    26  2.360482E+02 -1.228900E-03
  1.000000E+00    23    27 -1.179608E+02 -6.495189E-03
  1.000000E+00    23    28  3.866210E+02 -1.351313E-01
  1.000000E+00    23    29  1.089639E+04 -2.187006E-01
  1.000000E+00    23    30  2.898154E+01  8.352522E-02
  1.000000E+00    24     1 -7.630242E+05  2.077908E+00
  1.000000E+00    24     2  1.979566E+05  8.440551E-01
  1.000000E+00    24     3 -1.731610E+05  2.043021E-01
  1.000000E+00    24     4  3.157945E+06  2.854706E-01
  1.000000E+00    24     5  1.199387E+07 -1.944747E+01
  1.000000E+00    24     6  2.994884E+05 -9.037629E-02
  1.000000E+00    24     7 -2.557990E+05 -2.874232E-01
  1.000000E+00    24     8  9.439980E+04 -1.267349E-01
  1.000000E+00    24     9 -3.754874E+03 -4.278892E-04
  1.000000E+00    24    10  1.664121E+06 -4.789685E-01
  1.000000E+00    24    11  4.469789E+06  9.818245E-01
  1.000000E+00    24    12 -5.795334E+04  6.321710E-02
  1.000000E+00    24    13  3.528687E+05  1.998125E-01
  1.000000E+00    24    14  9.453950E+04 -1.430484E-01
  1.000000E+00    24    15 -9.674987E+03  7.729706E-03
  1.000000E+00    24    16  1.946131E+06 -3.330871E-01
  1.000000E+00    24    17 -6.813673E+06 -4.399380E-01
  1.000000E+00    24    18 -1.166477E+05 -1.312907E-01
  1.000000E+00    24    19  4.565044E+05 -3.567304E-01
  1.000000E+00    24    20 -3.527329E+05 -2.512807E-01
  1.000000E+00    24    21 -2.188837E+05  2.555407E-01
  1.000000E+00    24    22 -1.099038E+06 -9.842688E-01
  1.000000E+00    24    23 -9.451850E+06  1.482605E+01
  1.000000E+00    24    24  1.319634E+07  7.548504E+00
  1.000000E+00    24    25  2.081867E+02  7.948674E-03
  1.000000E+00    24    26  3.763965E+02  5.880809E-02
  1.000000E+00    24    27 -2.315860E+02 -6.127084E-03
  1.000000E+00    24    28  1.011001E+02 -2.379172E-01
  1.000000E+00    24    29 -1.040117E+03 -5.353409E-01
  1.000000E+00    24    30  4.867460E+01  2.206973E-01
  1.000000E+00    25     1 -1.135570E+01 -4.058287E-02
  1.000000E+00    25     2  6.819461E-01  1.394213E-01
  1.000000E+00    25     3  7.217364E-01  2.727310E-03
  1.000000E+00    25     4  9.426979E+00  4.348541E-01
  1.000000E+00    25     5  1.764824E+02 -5.346863E-02
  1.000000E+00    25     6  4.453828E+00 -1.995059E-02
  1.000000E+00    25     7  1.408484E+00  1.104781E-03
  1.000000E+00    25     8  3.156729E-01  1.805173E-03
  1.000000E+00    25     9 -9.733489E-01  5.826858E-04
  1.000000E+00    25    10  3.229446E+00  4.117477E-02
  1.000000E+00    25    11 -1.836186E+01 -7.582845E-02
  1.000000E+00    25    12  6.132954E-01 -8.559003E-03
  1.000000E+00    25    13  2.132929E+00  6.960705E-03
  1.000000E+00    25    14 -3.975194E-01  3.328540E-04
  1.000000E+00    25    15 -1.086155E+00  5.692980E-04
  1.000000E+00    25    16 -4.623472E+00  5.346262E-02
  1.000000E+00    25    17 -3.917297E+01 -1.999835E-02
  1.000000E+00    25    18 -5.225497E-01 -2.999025E-03
  1.000000E+00    25    19  7.694733E+01 -2.089958E-02
  1.000000E+00    25    20  1.303532E+00  1.996480E-02
  1.000000E+00    25    21 -1.087759E+01 -1.792816E-03
  1.000000E+00    25    22  1.678535E+01  5.716875E-03
  1.000000E+00    25    23 -1.296278E+03  5.877576E-02
  1.000000E+00    25    24 -9.141142E+01 -7.637928E-02
  1.000000E+00    25    25  5.165790E+02  2.901007E-01
  1.000000E+00    25    26  6.152061E-02  1.289399E-01
  1.000000E+00    25    27  3.234636E+00  9.364509E-03
  1.000000E+00    25    28  3.208966E+01  6.344565E-01
  1.000000E+00    25    29 -4.189181E+03  2.907315E-01
  1.000000E+00    25    30 -7.700837E-01 -1.198145E-02
  1.000000E+00    26     1  9.143854E-01  8.380475E-03
  1.000000E+00    26     2  2.888180E-01 -1.024344E-01
  1.000000E+00    26     3  1.967743E-01 -2.821264E-03
  1.000000E+00    26     4  3.825215E+00 -3.271970E-01
  1.000000E+00    26     5 -1.444360E+01  2.002093E-01
  1.000000E+00    26     6 -1.296559E-01  1.290792E-02
  1.000000E+00    26     7  9.177086E-01  6.665965E-02
  1.000000E+00    26     8 -2.609172E-01 -8.664672E-02
  1.000000E+00    26     9 -1.890729E+00 -7.343009E-04
  1.000000E+00    26    10 -6.577164E+00 -2.707631E-01
  1.000000E+00    26    11 -3.899638E+00 -1.830292E-01
  1.000000E+00    26    12  3.253605E-01  9.604802E-03
  1.000000E+00    26    13 -2.296649E+00 -7.977988E-02
  1.000000E+00    26    14 -1.547544E-01  1.633873E-01
  1.000000E+00    26    15  1.942067E+00  1.743348E-04
  1.000000E+00    26    16  1.319964E+00  5.538491E-01
  1.000000E+00    26    17  3.105762E+01  2.340899E-01
  1.000000E+00    26    18 -6.943726E-01 -1.625099E-02
  1.000000E+00    26    19  4.370688E-01  6.769984E-03
  1.000000E+00    26    20  7.325578E+01 -3.249030E-02
  1.000000E+00    26    21 -2.941106E+00  1.071313E-02
  1.000000E+00    26    22  1.210516E+03  2.680786E-01
  1.000000E+00    26    23  1.338922E+01 -1.996909E-01
  1.000000E+00    26    24  1.213984E+01  1.207648E-01
  1.000000E+00    26    25  1.519077E+01 -4.586414E-01
  1.000000E+00    26    26  5.227595E+02  1.744602E-01
  1.000000E+00    26    27  1.225786E+00 -1.745607E-02
  1.000000E+00    26    28  4.298767E+03 -9.971130E-01
  1.000000E+00    26    29 -6.382337E+01  5.273868E-01
  1.000000E+00    26    30 -2.649826E-01  3.129864E-02
  1.000000E+00    27     1  2.743673E-01  1.523053E-02
  1.000000E+00    27     2 -2.630912E-03 -1.865374E-02
  1.000000E+00    27     3 -1.561841E-01  4.085155E-03
  1.000000E+00    27     4  2.762677E-01 -1.061238E-01
  1.000000E+00    27     5 -4.178274E+00 -2.580048E-01
  1.000000E+00    27     6 -9.643579E-02 -8.632629E-03
  1.000000E+00    27     7  6.263794E-02 -2.148830E-03
  1.000000E+00    27     8  4.770583E-03  2.626280E-02
  1.000000E+00    27     9 -1.700797E-01  3.951744E-04
  1.000000E+00    27    10 -9.903326E-02  7.907991E-02
  1.000000E+00    27    11 -9.419288E-01  2.094642E-02
  1.000000E+00    27    12 -6.230960E-03  4.751170E-03
  1.000000E+00    27    13  1.027108E-01  6.859313E-03
  1.000000E+00    27    14  1.672811E-02  2.256254E-02
  1.000000E+00    27    15 -1.822273E-01  2.866808E-04
  1.000000E+00    27    16  4.788943E-02  7.728229E-02
  1.000000E+00    27    17 -1.509759E+00 -4.303796E-02
  1.000000E+00    27    18 -7.512281E-03  4.169575E-03
  1.000000E+00    27    19  4.919285E-01 -5.880845E-03
  1.000000E+00    27    20  2.514331E-01 -4.882136E-03
  1.000000E+00    27    21 -6.927750E+01 -2.176874E-03
  1.000000E+00    27    22 -1.740080E+01 -5.026345E-02
  1.000000E+00    27    23  8.181292E+00  2.287239E-01
  1.000000E+00    27    24  1.055001E+00  1.145670E-01
  1.000000E+00    27    25 -6.376950E-01  2.316721E-02
  1.000000E+00    27    26 -5.797818E-01  4.132663E-03
  1.000000E+00    27    27  7.091023E+01  2.371950E-02
  1.000000E+00    27    28 -7.526478E+00  6.341350E-02
  1.000000E+00    27    29  7.516932E+00 -1.708601E-02
  1.000000E+00    27    30 -1.412100E-01 -4.657278E-02
  1.000000E+00    28     1  1.183449E+01  2.368173E-02
  1.000000E+00    28     2  2.518617E+00 -6.386520E-02
  1.000000E+00    28     3  2.811864E+00 -1.289286E-03
  1.000000E+00    28     4  2.579695E+01 -1.981999E-01
  1.000000E+00    28     5 -1.866926E+02  3.195667E-02
  1.000000E+00    28     6 -2.627689E+00  7.709328E-03
  1.000000E+00    28     7  1.137839E+01  4.390717E-02
  1.000000E+00    28     8 -3.561307E+00 -4.136607E-02
  1.000000E+00    28     9 -1.969856E+01 -2.671417E-04
  1.000000E+00    28    10 -6.392657E+01 -1.095449E-01
  1.000000E+00    28    11 -8.574952E+01 -1.364663E-01
  1.000000E+00    28    12  2.116150E+00  4.888727E-03
  1.000000E+00    28    13 -2.241537E+01 -3.895927E-02
  1.000000E+00    28    14 -4.804522E-01  9.065997E-02
  1.000000E+00    28    15  1.980102E+01  3.228267E-04
  1.000000E+00    28    16  5.678354E+00  3.183488E-01
  1.000000E+00    28    17  3.092062E+02  1.120264E-01
  1.000000E+00    28    18 -5.324897E+00 -9.548584E-03
  1.000000E+00    28    19  8.124532E+00  2.660243E-03
  1.000000E+00    28    20  8.037397E+02 -1.579016E-02
  1.000000E+00    28    21 -3.956513E+01  4.812504E-03
  1.000000E+00    28    22  1.322206E+04  1.138889E-01
  1.000000E+00    28    23  9.712646E+01 -7.009575E-02
  1.000000E+00    28    24  9.665998E+01  1.055139E-01
  1.000000E+00    28    25  7.852182E+01 -1.770999E-01
  1.000000E+00    28    26  4.410175E+03  1.329533E-01
  1.000000E+00    28    27  1.427302E+01 -4.861660E-03
  1.000000E+00    28    28  4.222001E+04 -3.718430E-01
  1.000000E+00    28    29 -5.345870E+02  2.673324E-01
  1.000000E+00    28    30  5.607364E-01  8.072500E-03
  1.000000E+00    29     1  1.027805E+02  3.518041E-02
  1.000000E+00    29     2 -5.011160E+00 -6.442399E-02
  1.000000E+00    29     3 -1.023037E+01 -5.850790E-04
  1.000000E+00    29     4 -5.938291E+01 -1.941268E-01
  1.000000E+00    29     5 -1.605472E+03 -7.660246E-02
  1.000000E+00    29     6 -4.017687E+01  8.276794E-03
  1.000000E+00    29     7 -1.253180E+01 -7.096828E-03
  1.000000E+00    29     8 -3.274996E+00  2.555124E-02
  1.000000E+00    29     9  9.739542E+00  5.568323E-05
  1.000000E+00    29    10 -3.638367E+01  8.080316E-02
  1.000000E+00    29    11  1.605078E+02  3.553909E-02
  1.000000E+00    29    12 -5.116749E+00  1.492096E-03
  1.000000E+00    29    13 -1.869982E+01  1.762420E-02
  1.000000E+00    29    14  5.064595E+00 -4.033833E-02
  1.000000E+00    29    15  1.028106E+01 -1.087662E-04
  1.000000E+00    29    16  5.409664E+01 -1.498996E-01
  1.000000E+00    29    17  3.323239E+02 -5.455346E-02
  1.000000E+00    29    18  4.515257E+00  4.082563E-03
  1.000000E+00    29    19 -8.197523E+02  9.433093E-03
  1.000000E+00    29    20 -1.726111E+01 -1.087144E-04
  1.000000E+00    29    21  1.346916E+02 -3.445423E-03
  1.000000E+00    29    22 -3.457239E+02 -1.004003E-01
  1.000000E+00    29    23  1.367801E+04  4.960911E-02
  1.000000E+00    29    24  8.570568E+02  5.646250E-02
  1.000000E+00    29    25 -4.300445E+03  3.197961E-02
  1.000000E+00    29    26 -3.744839E+01 -4.978921E-02
  1.000000E+00    29    27 -4.455519E+01  3.797407E-03
  1.000000E+00    29    28 -5.849647E+02  9.475075E-02
  1.000000E+00    29    29  4.079251E+04 -3.128465E-01
  1.000000E+00    29    30  9.845662E+00 -8.458307E-03
  1.000000E+00    30     1 -2.327596E-01  1.474882E-02
  1.000000E+00    30     2 -3.876854E-02  4.897413E-03
  1.000000E+00    30     3  2.239547E-01  6.703933E-03
  1.000000E+00    30     4 -8.778519E-01 -6.046391E-02
  1.000000E+00    30     5  3.473873E+00 -3.006285E-01
  1.000000E+00    30     6  8.269656E-02 -3.428998E-03
  1.000000E+00    30     7 -4.017037E-02  1.891263E-03
  1.000000E+00    30     8 -3.596880E-02 -1.109707E-01
  1.000000E+00    30     9  2.046699E-01  1.378692E-03
  1.000000E+00    30    10 -1.698759E-01 -3.624508E-01
  1.000000E+00    30    11  1.249553E+00 -4.302144E-02
  1.000000E+00    30    12  3.711829E-02 -9.657149E-03
  1.000000E+00    30    13 -1.481008E-01 -1.445692E-02
  1.000000E+00    30    14 -2.930942E-02  2.651069E-02
  1.000000E+00    30    15  2.255656E-01  6.915323E-04
  1.000000E+00    30    16 -1.340152E-01  5.185907E-02
  1.000000E+00    30    17  2.075856E+00  4.566568E-03
  1.000000E+00    30    18  2.187683E-02  8.943953E-03
  1.000000E+00    30    19  6.667178E-01 -1.212382E-02
  1.000000E+00    30    20  7.092099E-01  2.895776E-03
  1.000000E+00    30    21 -8.630328E+00 -1.365262E-02
  1.000000E+00    30    22  2.115730E+01  2.321218E-02
  1.000000E+00    30    23  6.008190E+00  1.898769E-01
  1.000000E+00    30    24 -2.564100E+00  7.750298E-03
  1.000000E+00    30    25 -4.116536E-01 -3.718862E-02
  1.000000E+00    30    26  7.656766E-01 -2.551288E-03
  1.000000E+00    30    27  3.355175E+00 -3.519579E-02
  1.000000E+00    30    28  8.305983E+00 -7.018824E-02
  1.000000E+00    30    29  5.720382E+00  3.039418E-02
  1.000000E+00    30    30  4.546838E+01  2.003407E-01
  2.000000E+00     1     1 -8.902987E+03  5.271130E+01
  2.000000E+00     1     2  2.777557E+03  1.688427E+00
  2.000000E+00     1     3 -3.281785E+03  3.025744E-01
  2.000000E+00     1     4  4.385634E+04  5.430485E+00
  2.000000E+00     1     5  1.442260E+05 -1.647514E+02
  2.000000E+00     1     6  8.535706E+03 -4.083684E-01
  2.000000E+00     1     7  9.053613E+00  6.684430E-01
  2.000000E+00     1     8 -5.764911E+00  4.334531E-01
  2.000000E+00     1     9  3.205474E+00 -5.993793E-03
  2.000000E+00     1    10 -2.212654E+02  1.322503E+00
  2.000000E+00     1    11 -2.294258E+02 -4.761490E-01
  2.000000E+00     1    12 -2.296515E+00 -3.161728E-01
  2.000000E+00     1    13  9.248986E+00  7.577839E-01
  2.000000E+00     1    14  2.947987E+00 -1.082435E-01
  2.000000E+00     1    15 -5.872624E+00 -1.139601E-02
  2.000000E+00     1    16 -9.587650E+01 -1.111441E+00
  2.000000E+00     1    17 -2.302749E+02 -2.033119E+00
  2.000000E+00     1    18 -6.760084E+00  5.055121E-02
  2.000000E+00     1    19  3.348731E+03 -7.353274E-01
  2.000000E+00     1    20  2.194057E+03 -3.106485E-01
  2.000000E+00     1    21 -4.212726E+03  1.100307E+00
  2.000000E+00     1    22  1.241587E+04  8.092659E-01
  2.000000E+00     1    23 -1.729851E+05  4.590060E+01
  2.000000E+00     1    24 -9.184966E+04  9.888101E+00
  2.000000E+00     1    25 -1.360817E+00  2.168616E-01
  2.000000E+00     1    26  1.757034E+00 -4.789888E-01
  2.000000E+00     1    27  8.112285E-02 -3.758663E-01
  2.000000E+00     1    28  1.297746E+01 -2.473994E+00
  2.000000E+00     1    29 -8.888999E+00 -1.351812E+00
  2.000000E+00     1    30  5.953646E-01  8.312418E-01
  2.000000E+00     2     1 -8.059174E+03  3.306596E+00
  2.000000E+00     2     2  4.620600E+03  5.404025E+01
  2.000000E+00     2     3 -1.828466E+03  9.058246E-01
  2.000000E+00     2     4  6.648361E+04  1.429332E+02
  2.000000E+00     2     5  1.278267E+05 -6.171085E+01
  2.000000E+00     2     6  3.647249E+03 -1.483710E+00
  2.000000E+00     2     7  8.424794E+00  4.313450E-01
  2.000000E+00     2     8 -5.728932E+00 -9.434376E-01
  2.000000E+00     2     9 -6.152192E+00 -1.105505E-03
  2.000000E+00     2    10 -1.455572E+02 -2.535556E+00
  2.000000E+00     2    11 -1.161461E+02 -5.928765E-01
  2.000000E+00     2    12 -4.729288E+00 -2.174932E-01
  2.000000E+00     2    13  3.841071E+00  1.444185E-01
  2.000000E+00     2    14 -4.329588E+00 -5.774007E-01
  2.000000E+00     2    15  7.362959E+00  5.336584E-03
  2.000000E+00     2    16 -7.391667E+01 -1.142539E+00
  2.000000E+00     2    17 -7.998014E+01 -5.026262E-01
  2.000000E+00     2    18  9.835516E-01 -9.673705E-02
  2.000000E+00     2    19  4.314577E+03 -1.940662E+00
  2.000000E+00     2    20  4.303858E+02 -6.995630E-02
  2.000000E+00     2    21 -1.976965E+03  1.227154E+00
  2.000000E+00     2    22  4.434714E+03  1.281226E-01
  2.000000E+00     2    23 -8.538914E+04  5.150365E+01
  2.000000E+00     2    24 -5.050113E+03  4.281928E+00
  2.000000E+00     2    25  2.888018E+00 -2.688724E-01
  2.000000E+00     2    26  1.704640E+00 -6.983515E-01
  2.000000E+00     2    27  6.161411E-02 -1.864638E-02
  2.000000E+00     2    28  1.541171E+01 -3.115955E+00
  2.000000E+00     2    29 -1.337330E+01  3.793194E-03
  2.000000E+00     2    30 -1.089412E-01 -7.077081E-03
  2.000000E+00     3     1  7.754371E+03  4.345678E-01
  2.000000E+00     3     2 -1.190786E+03 -4.089225E-01
  2.000000E+00     3     3  3.120592E+03 -1.401762E-02
  2.000000E+00     3     4 -1.735706E+04 -9.903132E-01
  2.000000E+00     3     5 -1.273204E+05 -3.823889E-01
  2.000000E+00     3     6 -3.917209E+03  1.276547E-01
  2.000000E+00     3     7 -4.320201E+00 -5.085381E-02
  2.000000E+00     3     8  3.341992E+00  7.031867E-02
  2.000000E+00     3     9  7.954141E+00 -2.613329E-04
  2.000000E+00     3    10  1.255774E+02  1.973702E-01
  2.000000E+00     3    11  1.196612E+02  1.524423E-01
  2.000000E+00     3    12  3.379832E+00  5.398824E-03
  2.000000E+00     3    13 -6.710049E+00 -2.679553E-02
  2.000000E+00     3    14 -4.703751E-01 -2.874281E-02
  2.000000E+00     3    15  5.816201E+00 -3.433302E-04
  2.000000E+00     3    16  3.300238E+01 -1.099396E-01
  2.000000E+00     3    17  1.079082E+02  9.159190E-02
  2.000000E+00     3    18  3.680324E-01  1.051614E-02
  2.000000E+00     3    19 -4.323280E+03  1.996561E-02
  2.000000E+00     3    20 -1.213226E+03  9.994016E-03
  2.000000E+00     3    21  2.730269E+03 -1.259484E-02
  2.000000E+00     3    22 -6.191109E+03  5.605339E-02
  2.000000E+00     3    23  1.173852E+05 -4.815896E-01
  2.000000E+00     3    24  5.458845E+04 -3.586693E-01
  2.000000E+00     3    25  6.876183E-01  2.997033E-03
  2.000000E+00     3    26 -1.034161E+00 -1.279062E-03
  2.000000E+00     3    27  3.656198E+00 -9.790286E-03
  2.000000E+00     3    28 -7.422355E+00  1.809459E-03
  2.000000E+00     3    29 -1.310087E+01 -8.151450E-03
  2.000000E+00     3    30  2.090238E-01  2.404520E-02
  2.000000E+00     4     1 -1.265998E+05  5.354537E-01
  2.000000E+00     4     2  6.668334E+04  8.266797E+01
  2.000000E+00     4     3 -2.912112E+04  1.530776E+00
  2.000000E+00     4     4  1.051874E+06  2.181327E+02
  2.000000E+00     4     5  2.002061E+06 -9.040949E+01
  2.000000E+00     4     6  5.588920E+04 -4.460255E+00
  2.000000E+00     4     7  7.277505E+01  2.538268E-01
  2.000000E+00     4     8 -5.471734E+01 -1.565855E+00
  2.000000E+00     4     9 -9.813963E+01 -2.155476E-03
  2.000000E+00     4    10 -2.163611E+03 -4.283926E+00
  2.000000E+00     4    11 -1.666500E+03  1.662697E-02
  2.000000E+00     4    12 -7.315904E+01 -3.848578E-01
  2.000000E+00     4    13  1.264433E+02  1.091181E+00
  2.000000E+00     4    14 -2.800391E+01 -1.199794E-01
  2.000000E+00     4    15  1.116536E+02  1.208275E-02
  2.000000E+00     4    16 -1.033273E+03  6.644961E-01
  2.000000E+00     4    17 -1.470521E+03 -3.535280E+00
  2.000000E+00     4    18  1.435272E+01 -3.022371E-01
  2.000000E+00     4    19  6.755222E+04 -3.119772E+00
  2.000000E+00     4    20  5.295303E+03 -2.748851E-01
  2.000000E+00     4    21 -3.059239E+04  1.988738E+00
  2.000000E+00     4    22  6.625691E+04 -1.120546E+00
  2.000000E+00     4    23 -1.314434E+06  8.375143E+01
  2.000000E+00     4    24 -9.415712E+02  1.258055E+01
  2.000000E+00     4    25  3.345743E+01 -4.497484E-01
  2.000000E+00     4    26  1.527636E+01 -8.523229E-01
  2.000000E+00     4    27  9.577790E-01  1.278856E-01
  2.000000E+00     4    28  1.994334E+02 -3.914719E+00
  2.000000E+00     4    29 -1.794973E+02  3.336340E-01
  2.000000E+00     4    30 -1.390600E+00 -3.980085E-01
  2.000000E+00     5     1  1.524577E+05 -5.412453E+01
  2.000000E+00     5     2 -5.159571E+04 -1.146318E+01
  2.000000E+00     5     3  5.638862E+04 -7.592376E-01
  2.000000E+00     5     4 -8.290971E+05 -2.837813E+01
  2.000000E+00     5     5 -2.336435E+06  1.967590E+02
  2.000000E+00     5     6 -1.386924E+05  4.060826E+00
  2.000000E+00     5     7 -5.796416E+01 -3.863039E+00
  2.000000E+00     5     8  4.681159E+01  2.640705E+00
  2.000000E+00     5     9 -5.420909E+01 -7.019289E-03
  2.000000E+00     5    10  3.616738E+03  7.219663E+00
  2.000000E+00     5    11  3.570353E+03  9.465340E+00
  2.000000E+00     5    12  3.879039E+01  5.198854E-01
  2.000000E+00     5    13 -3.185360E+01 -5.203407E-01
  2.000000E+00     5    14  2.012542E+01 -2.078499E-01
  2.000000E+00     5    15  7.776768E+01  4.134399E-03
  2.000000E+00     5    16  1.824932E+03 -5.013006E-01
  2.000000E+00     5    17  3.482144E+03  1.474110E+00
  2.000000E+00     5    18  1.045284E+02  2.255910E-01
  2.000000E+00     5    19 -4.876660E+04  1.442891E+00
  2.000000E+00     5    20 -3.224319E+04  6.778082E-01
  2.000000E+00     5    21  6.972838E+04 -1.721000E+00
  2.000000E+00     5    22 -1.923038E+05 -2.390354E-01
  2.000000E+00     5    23  2.833894E+06 -7.044782E+01
  2.000000E+00     5    24  1.279177E+06 -2.385098E+01
  2.000000E+00     5    25 -6.320026E+01 -5.141244E-02
  2.000000E+00     5    26 -4.832545E+01  4.999898E-01
  2.000000E+00     5    27 -1.181616E+01  1.612042E-01
  2.000000E+00     5    28 -2.156254E+02  2.644196E+00
  2.000000E+00     5    29  4.986584E+02  8.689625E-01
  2.000000E+00     5    30 -4.678951E+00 -3.366737E-01
  2.000000E+00     6     1  4.091565E+03  9.098623E-01
  2.000000E+00     6     2 -2.423035E+03 -2.167021E+00
  2.000000E+00     6     3  1.426375E+03 -1.003496E-01
  2.000000E+00     6     4 -4.193258E+04 -5.231055E+00
  2.000000E+00     6     5 -6.255538E+04  3.145327E+00
  2.000000E+00     6     6  4.504678E+02  2.003954E+00
  2.000000E+00     6     7 -4.873858E+00  1.889939E-01
  2.000000E+00     6     8  3.850021E+00 -1.810856E-01
  2.000000E+00     6     9  5.812668E+00  1.198738E-03
  2.000000E+00     6    10  1.409878E+02 -5.411820E-01
  2.000000E+00     6    11  7.913004E+01 -6.977507E-01
  2.000000E+00     6    12  5.288027E+00  5.778407E-02
  2.000000E+00     6    13 -1.110758E+01 -8.084725E-01
  2.000000E+00     6    14  1.121606E+00 -3.212981E-01
  2.000000E+00     6    15 -1.097136E+01 -1.605832E-03
  2.000000E+00     6    16  3.882824E+01 -9.278082E-01
  2.000000E+00     6    17  6.833247E+01  2.392128E+00
  2.000000E+00     6    18 -2.348497E+00  7.633004E-02
  2.000000E+00     6    19 -1.021389E+03  1.873533E-01
  2.000000E+00     6    20  1.246222E+03  1.071065E-01
  2.000000E+00     6    21  1.672014E+03 -9.107884E-02
  2.000000E+00     6    22  4.126880E+03  5.808328E-01
  2.000000E+00     6    23  6.867354E+04 -3.827561E+00
  2.000000E+00     6    24 -7.660705E+04 -2.476978E+00
  2.000000E+00     6    25 -1.482141E+00  8.632377E-01
  2.000000E+00     6    26  5.312529E-01  3.929166E-01
  2.000000E+00     6    27 -7.219094E-01  1.050683E-02
  2.000000E+00     6    28 -6.080021E+00  7.780449E-01
  2.000000E+00     6    29  1.042114E+01 -2.648428E+00
  2.000000E+00     6    30  1.589029E-01 -8.944003E-02
  2.000000E+00     7     1  3.393217E+00  1.142146E+00
  2.000000E+00     7     2  4.800804E+00 -1.495218E-01
  2.000000E+00     7     3  1.809343E+00  2.625108E-03
  2.000000E+00     7     4  2.012170E+01 -8.881429E-01
  2.000000E+00     7     5  1.248582E+01 -3.089143E+00
  2.000000E+00     7     6  2.178976E-01  1.655358E-01
  2.000000E+00     7     7  2.576748E+04  5.230674E+01
  2.000000E+00     7     8  1.327342E+03  6.485643E-01
  2.000000E+00     7     9  2.882881E+02  1.873901E-01
  2.000000E+00     7    10  2.993005E+04  9.812084E-01
  2.000000E+00     7    11 -4.487397E+05 -1.383107E+02
  2.000000E+00     7    12 -4.929798E+03  6.466817E-01
  2.000000E+00     7    13  4.271438E+00  3.667405E-01
  2.000000E+00     7    14 -3.383115E+00  1.049845E+00
  2.000000E+00     7    15  1.225662E+00 -1.049719E-02
  2.000000E+00     7    16 -5.529494E+00  3.000844E+00
  2.000000E+00     7    17 -1.793799E+01 -1.328485E+00
  2.000000E+00     7    18  1.093960E-01 -3.124433E-01
  2.000000E+00     7    19  9.723522E+03 -1.037315E-01
  2.000000E+00     7    20  2.113133E+04 -5.849415E-01
  2.000000E+00     7    21  4.598210E+02  7.507359E-01
  2.000000E+00     7    22  8.365923E+04  2.236627E+01
  2.000000E+00     7    23 -2.928969E+04 -1.571510E+01
  2.000000E+00     7    24  1.192875E+05 -4.795999E+00
  2.000000E+00     7    25  5.001048E+00  3.303576E-01
  2.000000E+00     7    26  3.798156E+00 -1.318600E-01
  2.000000E+00     7    27  3.184809E-01 -1.224386E-01
  2.000000E+00     7    28  1.387905E+01 -1.979288E+00
  2.000000E+00     7    29 -1.199132E+01 -1.932885E+00
  2.000000E+00     7    30  1.216485E-01  4.432387E-01
  2.000000E+00     8     1 -7.018456E+00 -5.422342E-01
  2.000000E+00     8     2 -2.764044E+00 -6.843047E-01
  2.000000E+00     8     3  8.406861E-01 -7.202093E-03
  2.000000E+00     8     4 -8.245737E+00 -1.555662E+00
  2.000000E+00     8     5  5.685334E+01  1.844267E+00
  2.000000E+00     8     6  1.245834E+00 -4.771390E-02
  2.000000E+00     8     7 -4.705217E+03 -2.643639E+00
  2.000000E+00     8     8  3.977641E+03  5.454088E+01
  2.000000E+00     8     9 -4.917555E+01 -7.946938E-02
  2.000000E+00     8    10  5.746070E+04  1.578087E+02
  2.000000E+00     8    11  8.339134E+04  3.295306E+01
  2.000000E+00     8    12  2.645806E+01  7.676619E-01
  2.000000E+00     8    13  4.656933E+00  7.256776E-02
  2.000000E+00     8    14 -2.689018E+00 -8.563481E-01
  2.000000E+00     8    15 -8.622711E-01 -4.889509E-03
  2.000000E+00     8    16 -1.251583E+01 -2.420954E+00
  2.000000E+00     8    17 -1.823170E+01  2.634197E-01
  2.000000E+00     8    18 -2.528369E-01 -2.078119E-01
  2.000000E+00     8    19 -3.620617E+03 -5.637488E-01
  2.000000E+00     8    20 -3.158113E+03 -1.706080E+00
  2.000000E+00     8    21 -2.356924E+00 -1.054142E-01
  2.000000E+00     8    22 -1.022558E+04 -7.853068E+00
  2.000000E+00     8    23  8.449699E+03 -1.766612E-01
  2.000000E+00     8    24  8.959877E+04 -1.342668E+01
  2.000000E+00     8    25  3.242834E-01 -5.837910E-01
  2.000000E+00     8    26 -6.394907E-01  3.269591E-01
  2.000000E+00     8    27  6.503057E-02  5.891486E-02
  2.000000E+00     8    28 -3.784638E+00  1.936957E+00
  2.000000E+00     8    29 -2.701075E+00  2.375243E+00
  2.000000E+00     8    30 -1.229898E-02 -2.649436E-02
  2.000000E+00     9     1 -1.334220E+01 -5.557670E-03
  2.000000E+00     9     2  3.573856E-01 -4.095222E-04
  2.000000E+00     9     3  4.850562E+00 -3.481327E-05
  2.000000E+00     9     4  7.838479E+00 -1.564049E-03
  2.000000E+00     9     5  2.109986E+02  1.784735E-02
  2.000000E+00     9     6  4.639365E+00  1.788901E-04
  2.000000E+00     9     7  1.100596E+02  2.885170E-02
  2.000000E+00     9     8 -1.371823E+01 -3.561325E-03
  2.000000E+00     9     9  1.685598E+03  9.682682E-05
  2.000000E+00     9    10 -2.747852E+02 -1.065410E-02
  2.000000E+00     9    11 -1.158913E+03 -8.241563E-02
  2.000000E+00     9    12  3.874956E+01  6.707177E-04
  2.000000E+00     9    13 -2.628250E+00 -3.621804E-03
  2.000000E+00     9    14  1.541815E+00  1.774654E-03
  2.000000E+00     9    15  7.175618E+00 -7.836953E-06
  2.000000E+00     9    16  2.161306E+01  5.537538E-03
  2.000000E+00     9    17  3.959593E+01  1.012634E-02
  2.000000E+00     9    18  6.676188E-01  9.872355E-05
  2.000000E+00     9    19  2.973455E+00  2.353344E-04
  2.000000E+00     9    20 -3.808372E+01  1.987283E-04
  2.000000E+00     9    21  5.943342E+02  1.055576E-04
  2.000000E+00     9    22  1.744286E+04  1.325974E-02
  2.000000E+00     9    23 -1.036349E+04 -1.197456E-02
  2.000000E+00     9    24 -1.066839E+03  6.754293E-05
  2.000000E+00     9    25 -1.158026E+00  2.402117E-03
  2.000000E+00     9    26 -1.765953E+00  1.821817E-03
  2.000000E+00     9    27  3.316029E+00  5.302208E-04
  2.000000E+00     9    28 -1.758873E+01  6.558529E-03
  2.000000E+00     9    29  1.119592E+01 -6.017653E-03
  2.000000E+00     9    30  2.012572E-01 -6.258902E-04
  2.000000E+00    10     1 -3.991008E+01 -6.836593E-01
  2.000000E+00    10     2 -4.402993E+00 -8.737116E-01
  2.000000E+00    10     3  1.298190E+01 -9.644309E-03
  2.000000E+00    10     4 -2.300756E+01 -2.037460E+00
  2.000000E+00    10     5  5.715764E+02  2.450399E+00
  2.000000E+00    10     6  1.228900E+01 -4.963976E-02
  2.000000E+00    10     7 -8.421786E+04 -2.033373E+00
  2.000000E+00    10     8  5.951570E+04  7.539587E+01
  2.000000E+00    10     9 -6.435197E+02 -1.049694E-01
  2.000000E+00    10    10  9.600211E+05  2.188588E+02
  2.000000E+00    10    11  1.497837E+06  4.234551E+01
  2.000000E+00    10    12 -7.052254E+02  8.322054E-01
  2.000000E+00    10    13  9.878280E+00 -1.005009E-01
  2.000000E+00    10    14 -6.293335E+00 -9.437723E-01
  2.000000E+00    10    15 -8.693385E+00 -7.392705E-03
  2.000000E+00    10    16 -7.916051E+01 -2.668543E+00
  2.000000E+00    10    17 -7.646311E+01  8.359061E-01
  2.000000E+00    10    18 -1.765302E+00 -2.791294E-01
  2.000000E+00    10    19 -6.560354E+04 -8.085991E-01
  2.000000E+00    10    20 -5.623091E+04 -2.460949E+00
  2.000000E+00    10    21  2.461753E+01 -1.392709E-01
  2.000000E+00    10    22 -1.833079E+05 -1.059809E+01
  2.000000E+00    10    23  1.572481E+05 -7.440668E-01
  2.000000E+00    10    24  1.636404E+06 -1.899552E+01
  2.000000E+00    10    25  2.427540E+00 -3.191581E-01
  2.000000E+00    10    26 -3.226016E+00  6.161624E-01
  2.000000E+00    10    27  1.799958E+00  7.254013E-02
  2.000000E+00    10    28 -2.714049E+01  3.145596E+00
  2.000000E+00    10    29 -2.133424E+01  1.863466E+00
  2.000000E+00    10    30 -2.369137E-02 -1.477805E-02
  2.000000E+00    11     1  5.466479E+01 -5.028683E-01
  2.000000E+00    11     2 -1.556982E+01  8.606150E-01
  2.000000E+00    11     3 -3.861874E+01  1.333615E-02
  2.000000E+00    11     4 -1.883894E+02  2.781984E+00
  2.000000E+00    11     5 -9.398336E+02  3.386115E-01
  2.000000E+00    11     6 -1.907479E+01 -2.949017E-01
  2.000000E+00    11     7 -4.559202E+05 -7.085878E+01
  2.000000E+00    11     8 -2.754149E+04  2.156560E+00
  2.000000E+00    11     9 -3.901199E+03 -2.615462E-01
  2.000000E+00    11    10 -6.032022E+05  6.937467E+00
  2.000000E+00    11    11  8.101974E+06  1.943214E+02
  2.000000E+00    11    12  9.258021E+04 -1.866566E+00
  2.000000E+00    11    13  2.078483E+01  1.087411E+00
  2.000000E+00    11    14  3.496067E+00 -2.249694E+00
  2.000000E+00    11    15 -3.124761E+01  1.727046E-02
  2.000000E+00    11    16 -7.764468E+01 -6.425267E+00
  2.000000E+00    11    17 -1.181364E+01 -2.369021E+00
  2.000000E+00    11    18 -5.507971E+00  2.751235E-01
  2.000000E+00    11    19 -1.739786E+05 -1.501934E-01
  2.000000E+00    11    20 -3.858518E+05  3.603685E-01
  2.000000E+00    11    21 -8.100013E+03 -1.012732E+00
  2.000000E+00    11    22 -1.539699E+06 -3.334135E+01
  2.000000E+00    11    23  5.336344E+05  2.269170E+01
  2.000000E+00    11    24 -2.348091E+06  3.743865E+00
  2.000000E+00    11    25 -3.025874E+00  1.012636E-01
  2.000000E+00    11    26  3.094627E+00  6.450410E-01
  2.000000E+00    11    27 -1.238227E+01  1.459797E-01
  2.000000E+00    11    28  8.325367E+01  4.463882E+00
  2.000000E+00    11    29 -2.110597E+01  1.390639E+00
  2.000000E+00    11    30 -1.356827E+00 -5.322691E-01
  2.000000E+00    12     1 -1.794042E+00 -3.997286E-01
  2.000000E+00    12     2 -2.436026E-01 -2.890815E-01
  2.000000E+00    12     3  3.962057E-01 -4.489246E-03
  2.000000E+00    12     4  8.997793E-01 -7.787879E-01
  2.000000E+00    12     5  3.197941E+01  1.312358E+00
  2.000000E+00    12     6  6.680216E-01  3.548025E-02
  2.000000E+00    12     7  3.266847E+03  1.413755E+00
  2.000000E+00    12     8 -8.931957E+02 -1.673825E+00
  2.000000E+00    12     9  1.382620E+02  1.071727E-02
  2.000000E+00    12    10 -1.578312E+04 -4.718316E+00
  2.000000E+00    12    11 -5.517846E+04 -7.503469E+00
  2.000000E+00    12    12  3.590493E+03  1.569606E+00
  2.000000E+00    12    13 -3.055157E-01  2.127315E-01
  2.000000E+00    12    14 -2.010811E-02 -1.804912E-01
  2.000000E+00    12    15 -9.605966E-01  9.818911E-04
  2.000000E+00    12    16 -4.064763E+00 -5.468491E-01
  2.000000E+00    12    17 -4.295990E+00 -6.771374E-01
  2.000000E+00    12    18 -2.163516E-01  5.622940E-02
  2.000000E+00    12    19  3.187166E+03  1.369599E-01
  2.000000E+00    12    20  1.721520E+03  2.050021E-01
  2.000000E+00    12    21 -2.314171E+00  5.065353E-02
  2.000000E+00    12    22  2.771958E+03  1.979295E+00
  2.000000E+00    12    23 -6.732226E+03 -1.298607E+00
  2.000000E+00    12    24 -1.008649E+05  1.352099E+00
  2.000000E+00    12    25 -2.257577E-01 -7.775135E-01
  2.000000E+00    12    26 -8.366408E-01 -6.931576E-01
  2.000000E+00    12    27 -3.463678E-02  8.367928E-03
  2.000000E+00    12    28 -4.470577E+00 -2.527774E+00
  2.000000E+00    12    29 -1.792114E+00  1.792347E+00
  2.000000E+00    12    30  5.569825E-02 -3.025378E-02
  2.000000E+00    13     1  8.270758E+00 -5.604882E-01
  2.000000E+00    13     2 -2.035112E+00  7.285869E-01
  2.000000E+00    13     3  1.319895E+01  4.457621E-02
  2.000000E+00    13     4  4.420430E+01  1.617032E+00
  2.000000E+00    13     5 -3.859114E+01 -1.318723E+00
  2.000000E+00    13     6 -9.375951E-01 -5.351430E-01
  2.000000E+00    13     7  7.887866E+00 -1.849367E-01
  2.000000E+00    13     8  3.219144E+00 -1.582780E-01
  2.000000E+00    13     9  9.555656E-02 -8.520061E-03
  2.000000E+00    13    10  7.746942E+00 -1.070515E+00
  2.000000E+00    13    11 -7.901970E+00  1.931238E+00
  2.000000E+00    13    12  6.313218E-01  1.080895E-01
  2.000000E+00    13    13  2.928606E+03  5.267157E+01
  2.000000E+00    13    14  3.199048E+03  6.775683E-01
  2.000000E+00    13    15  1.565715E+03  1.546490E-01
  2.000000E+00    13    16  4.340042E+04  2.073853E+00
  2.000000E+00    13    17  2.156372E+04 -1.519427E+02
  2.000000E+00    13    18 -6.661871E+02  2.879343E-01
  2.000000E+00    13    19  3.027835E+03 -2.392342E-01
  2.000000E+00    13    20  2.174226E+03 -2.058778E-01
  2.000000E+00    13    21  1.067872E+03  9.085030E-01
  2.000000E+00    13    22  1.878993E+04 -3.418024E+01
  2.000000E+00    13    23  9.099975E+03 -1.400961E+01
  2.000000E+00    13    24  2.011138E+05 -2.234604E+00
  2.000000E+00    13    25  4.230485E-01 -4.846799E-01
  2.000000E+00    13    26 -5.012163E+00  8.801590E-01
  2.000000E+00    13    27  1.299614E+00 -2.609533E-01
  2.000000E+00    13    28 -2.342950E+01  4.442146E+00
  2.000000E+00    13    29 -2.505367E+00  2.828193E+00
  2.000000E+00    13    30  3.567922E-01  5.031088E-01
  2.000000E+00    14     1  4.293653E+00  1.250515E-01
  2.000000E+00    14     2 -3.118648E+00 -8.527299E-01
  2.000000E+00    14     3 -2.811467E+00 -2.075716E-03
  2.000000E+00    14     4 -1.711068E+01 -2.184362E+00
  2.000000E+00    14     5 -7.238727E+00 -2.276664E-01
  2.000000E+00    14     6 -1.363214E-01 -2.250369E-01
  2.000000E+00    14     7 -4.338431E+00 -9.358673E-03
  2.000000E+00    14     8 -2.958818E+00 -6.188363E-01
  2.000000E+00    14     9  1.078745E+00  4.286281E-03
  2.000000E+00    14    10 -1.139966E+01 -1.332428E+00
  2.000000E+00    14    11  9.504101E+00 -1.067796E+00
  2.000000E+00    14    12 -6.490488E-02 -9.413294E-02
  2.000000E+00    14    13  5.858518E+03 -3.577572E-01
  2.000000E+00    14    14  4.300885E+03  5.459615E+01
  2.000000E+00    14    15 -1.671759E+02 -9.247011E-02
  2.000000E+00    14    16  6.715138E+04  1.609848E+02
  2.000000E+00    14    17 -1.129537E+05 -1.056705E+01
  2.000000E+00    14    18 -1.310363E+03  2.249709E-01
  2.000000E+00    14    19  4.639562E+03  6.295511E-02
  2.000000E+00    14    20 -4.038160E+03 -4.988976E-01
  2.000000E+00    14    21  1.749378E+01 -1.156233E-02
  2.000000E+00    14    22 -2.077014E+04 -4.248009E+00
  2.000000E+00    14    23 -1.917388E+04 -1.379047E+00
  2.000000E+00    14    24  1.149457E+05 -9.820027E-01
  2.000000E+00    14    25 -1.093516E+00  8.387209E-01
  2.000000E+00    14    26 -5.218481E-01  4.081789E-01
  2.000000E+00    14    27 -5.094518E-01  1.805082E-03
  2.000000E+00    14    28 -3.417315E+00  1.136693E+00
  2.000000E+00    14    29  4.093387E+00 -2.399170E+00
  2.000000E+00    14    30  2.035136E-02 -3.681112E-02
  2.000000E+00    15     1 -4.151534E+00 -3.049930E-03
  2.000000E+00    15     2  1.148960E+00  8.476769E-04
  2.000000E+00    15     3  6.855145E+00  1.357474E-05
  2.000000E+00    15     4  1.298465E+01  2.399175E-03
  2.000000E+00    15     5  6.511674E+01  7.915420E-03
  2.000000E+00    15     6  1.744667E+00 -2.474101E-04
  2.000000E+00    15     7 -1.729821E+00  5.557566E-04
  2.000000E+00    15     8 -1.318980E+00  2.654294E-04
  2.000000E+00    15     9  6.887857E+00 -3.836469E-06
  2.000000E+00    15    10 -1.686003E+01 -1.122594E-04
  2.000000E+00    15    11  1.928245E+01 -6.041081E-04
  2.000000E+00    15    12 -1.006306E+00  1.020462E-04
  2.000000E+00    15    13  1.028430E+02  2.708249E-02
  2.000000E+00    15    14  1.599396E+01 -4.298446E-03
  2.000000E+00    15    15  1.648475E+03  6.692462E-05
  2.000000E+00    15    16  4.315082E+02 -1.268173E-02
  2.000000E+00    15    17 -2.086635E+03 -7.802865E-02
  2.000000E+00    15    18  1.360300E+01 -8.738605E-05
  2.000000E+00    15    19  4.798062E+00 -6.712724E-06
  2.000000E+00    15    20  2.228542E+01 -2.055055E-04
  2.000000E+00    15    21  5.927821E+02  3.288330E-04
  2.000000E+00    15    22 -1.833471E+04 -1.411504E-02
  2.000000E+00    15    23 -1.078791E+04 -7.971263E-03
  2.000000E+00    15    24  7.316721E+02 -2.452500E-03
  2.000000E+00    15    25 -9.514443E-01  3.774284E-05
  2.000000E+00    15    26  1.815092E+00 -1.728975E-03
  2.000000E+00    15    27  3.272766E+00  2.450382E-04
  2.000000E+00    15    28  1.784438E+01 -6.642106E-03
  2.000000E+00    15    29  9.622538E+00 -1.480741E-03
  2.000000E+00    15    30  2.022344E-01 -4.298010E-04
  2.000000E+00    16     1  1.023139E+01 -4.539013E-01
  2.000000E+00    16     2 -1.656369E+01 -7.249877E-01
  2.000000E+00    16     3 -4.219083E+01 -1.471073E-03
  2.000000E+00    16     4 -1.899231E+02 -1.900812E+00
  2.000000E+00    16     5  2.775020E+01  1.298149E+00
  2.000000E+00    16     6 -1.158481E+00 -2.659833E-01
  2.000000E+00    16     7 -3.296218E+00 -4.271448E-01
  2.000000E+00    16     8 -5.193281E+00 -1.076636E+00
  2.000000E+00    16     9  1.361229E+01  4.520469E-03
  2.000000E+00    16    10 -4.894322E+01 -2.511480E+00
  2.000000E+00    16    11 -1.328527E+01 -3.889571E-01
  2.000000E+00    16    12 -3.551813E+00 -1.013863E-01
  2.000000E+00    16    13  1.023245E+05  7.834710E-01
  2.000000E+00    16    14  6.562347E+04  7.527190E+01
  2.000000E+00    16    15 -2.938835E+03 -1.202794E-01
  2.000000E+00    16    16  1.137254E+06  2.230367E+02
  2.000000E+00    16    17 -1.970272E+06 -1.820176E+01
  2.000000E+00    16    18 -2.464460E+04  4.492262E-01
  2.000000E+00    16    19  8.271664E+04  8.349758E-02
  2.000000E+00    16    20 -6.949473E+04 -6.918361E-01
  2.000000E+00    16    21  2.754684E+02  5.494013E-03
  2.000000E+00    16    22 -3.568797E+05 -7.092651E+00
  2.000000E+00    16    23 -3.392875E+05 -2.496049E+00
  2.000000E+00    16    24  2.104660E+06 -9.091650E-01
  2.000000E+00    16    25 -2.190612E+00  9.134763E-01
  2.000000E+00    16    26 -4.548791E+00  4.466668E-01
  2.000000E+00    16    27 -8.712134E+00  4.665977E-03
  2.000000E+00    16    28 -4.799176E+01  1.248173E+00
  2.000000E+00    16    29  7.932614E+00 -2.605699E+00
  2.000000E+00    16    30 -4.645419E-01 -5.441551E-02
  2.000000E+00    17     1  5.774797E+00  1.843776E+00
  2.000000E+00    17     2 -2.283069E+01 -1.537011E+00
  2.000000E+00    17     3 -2.456198E+02 -6.302641E-02
  2.000000E+00    17     4 -9.727327E+02 -3.555012E+00
  2.000000E+00    17     5  1.054350E+02 -1.006791E+00
  2.000000E+00    17     6  5.702140E+00  6.637499E-01
  2.000000E+00    17     7 -3.629126E+00  4.273049E-01
  2.000000E+00    17     8  1.773659E+01  3.889284E-01
  2.000000E+00    17     9 -9.880250E+00  1.225168E-02
  2.000000E+00    17    10  9.401251E+01  1.879912E+00
  2.000000E+00    17    11 -2.216987E+02 -2.882131E+00
  2.000000E+00    17    12 -1.485794E+01 -1.375032E-01
  2.000000E+00    17    13 -3.804043E+04 -7.303378E+01
  2.000000E+00    17    14 -5.448611E+04  8.847967E-01
  2.000000E+00    17    15 -2.831094E+04 -2.290780E-01
  2.000000E+00    17    16 -7.206743E+05  2.150479E+00
  2.000000E+00    17    17 -5.396555E+05  2.100561E+02
  2.000000E+00    17    18  7.455667E+03 -8.070905E-01
  2.000000E+00    17    19 -5.019591E+04  3.046950E-01
  2.000000E+00    17    20 -4.021152E+04  2.505833E-01
  2.000000E+00    17    21 -1.890310E+04 -1.272231E+00
  2.000000E+00    17    22 -3.817602E+05  4.739343E+01
  2.000000E+00    17    23 -2.012637E+05  1.987398E+01
  2.000000E+00    17    24 -3.437896E+06  9.193687E-01
  2.000000E+00    17    25  4.966811E+00  6.623443E-01
  2.000000E+00    17    26  1.759154E+01 -1.428609E+00
  2.000000E+00    17    27 -3.615554E+01  3.774902E-01
  2.000000E+00    17    28  9.480759E+01 -7.139593E+00
  2.000000E+00    17    29 -6.864394E+01 -4.185217E+00
  2.000000E+00    17    30 -1.165452E+00 -7.162963E-01
  2.000000E+00    18     1 -1.982703E+00 -1.014886E-01
  2.000000E+00    18     2  3.709082E-01 -1.487768E-01
  2.000000E+00    18     3  3.298218E-01 -1.935583E-03
  2.000000E+00    18     4  4.684377E+00 -4.315574E-01
  2.000000E+00    18     5  1.418585E+01  3.944953E-01
  2.000000E+00    18     6  1.742773E-01  9.147303E-02
  2.000000E+00    18     7 -6.946703E-01 -6.639617E-01
  2.000000E+00    18     8 -7.673035E-01 -2.794193E-01
  2.000000E+00    18     9  1.237543E+00 -1.176533E-03
  2.000000E+00    18    10 -6.777301E+00 -7.656081E-01
  2.000000E+00    18    11  6.988588E+00  1.479337E+00
  2.000000E+00    18    12 -4.074427E-01  6.287026E-02
  2.000000E+00    18    13 -4.264453E+03  8.587239E-01
  2.000000E+00    18    14 -4.507248E+02 -1.629622E+00
  2.000000E+00    18    15  6.163477E+01  2.113027E-02
  2.000000E+00    18    16 -9.639818E+03 -4.498518E+00
  2.000000E+00    18    17  7.891033E+04 -1.733836E+00
  2.000000E+00    18    18  3.860005E+03  1.611863E+00
  2.000000E+00    18    19 -3.442935E+03  2.231788E-02
  2.000000E+00    18    20  2.866222E+03  4.026409E-02
  2.000000E+00    18    21 -3.920328E+01  3.275505E-02
  2.000000E+00    18    22  1.300411E+04 -1.476261E+00
  2.000000E+00    18    23  1.287672E+04 -7.362649E-01
  2.000000E+00    18    24 -8.155048E+04  2.208528E+00
  2.000000E+00    18    25 -7.316734E-01 -2.040976E-01
  2.000000E+00    18    26  5.252427E-01  4.188308E-01
  2.000000E+00    18    27  3.523788E-01  6.731305E-02
  2.000000E+00    18    28  2.312091E+00  1.608288E+00
  2.000000E+00    18    29  5.710078E+00  9.763406E-01
  2.000000E+00    18    30  2.825760E-02 -1.001548E-01
  2.000000E+00    19     1  1.880555E+04  1.489634E+00
  2.000000E+00    19     2 -3.511263E+03 -1.049662E+00
  2.000000E+00    19     3  4.714316E+03 -3.669561E-02
  2.000000E+00    19     4 -5.349032E+04 -2.478799E+00
  2.000000E+00    19     5 -3.004024E+05 -1.965752E+00
  2.000000E+00    19     6 -1.262471E+04  3.557705E-01
  2.000000E+00    19     7  1.580647E+04 -3.390083E-01
  2.000000E+00    19     8 -7.376711E+02  2.949953E-01
  2.000000E+00    19     9  1.449147E+02 -1.434895E-03
  2.000000E+00    19    10 -8.651872E+03  8.542855E-01
  2.000000E+00    19    11 -2.810760E+05  7.712643E-01
  2.000000E+00    19    12 -1.530116E+03  5.220129E-02
  2.000000E+00    19    13  5.611234E+03 -2.523782E-02
  2.000000E+00    19    14  3.186475E+03 -1.220718E-01
  2.000000E+00    19    15  5.852071E+02 -3.133810E-04
  2.000000E+00    19    16  5.260094E+04 -4.312951E-01
  2.000000E+00    19    17 -7.590227E+04  1.491385E-01
  2.000000E+00    19    18 -2.273063E+03  5.386043E-02
  2.000000E+00    19    19  1.041986E+04  5.857015E-02
  2.000000E+00    19    20  7.007168E+03  4.155039E-02
  2.000000E+00    19    21  7.043746E+03 -2.626300E-02
  2.000000E+00    19    22  2.232317E+04  1.549557E-01
  2.000000E+00    19    23  2.425979E+05 -1.047050E+00
  2.000000E+00    19    24  3.379838E+05 -8.047815E-01
  2.000000E+00    19    25  5.997948E+01 -4.892581E-02
  2.000000E+00    19    26 -6.472155E+00 -3.010618E-02
  2.000000E+00    19    27  5.309249E-01 -3.210730E-02
  2.000000E+00    19    28 -4.600208E+01 -9.185021E-02
  2.000000E+00    19    29 -6.395967E+02  1.305783E-01
  2.000000E+00    19    30  8.149173E-02  7.116819E-02
  2.000000E+00    20     1  1.393498E+04  7.025701E-01
  2.000000E+00    20     2 -3.448426E+03 -8.863252E-01
  2.000000E+00    20     3  3.183015E+03 -3.103306E-02
  2.000000E+00    20     4 -5.492729E+04 -2.155906E+00
  2.000000E+00    20     5 -2.210596E+05 -1.348737E-01
  2.000000E+00    20     6 -5.496219E+03  2.785409E-01
  2.000000E+00    20     7  1.821307E+04 -9.099644E-02
  2.000000E+00    20     8  1.991171E+03 -3.522790E-02
  2.000000E+00    20     9  9.485936E+01 -5.543121E-05
  2.000000E+00    20    10  4.060500E+04 -8.937653E-02
  2.000000E+00    20    11 -3.262196E+05 -3.580011E-02
  2.000000E+00    20    12 -4.851235E+03  5.636090E-02
  2.000000E+00    20    13  2.965656E+03 -1.793672E-01
  2.000000E+00    20    14 -2.120576E+03 -7.791987E-02
  2.000000E+00    20    15 -1.361907E+03 -1.317194E-03
  2.000000E+00    20    16 -2.426100E+04 -2.853473E-01
  2.000000E+00    20    17 -1.123973E+05  4.974276E-01
  2.000000E+00    20    18 -2.900162E+02  1.901354E-02
  2.000000E+00    20    19 -9.417231E+02  5.863614E-02
  2.000000E+00    20    20  1.581895E+04  4.045307E-02
  2.000000E+00    20    21  3.013604E+03 -3.041121E-02
  2.000000E+00    20    22  2.176236E+04  2.922802E-01
  2.000000E+00    20    23  1.132888E+05 -1.211992E+00
  2.000000E+00    20    24  5.699431E+04 -7.230529E-01
  2.000000E+00    20    25 -3.170467E+00 -3.559169E-02
  2.000000E+00    20    26  6.304234E+01 -7.018392E-02
  2.000000E+00    20    27 -1.046956E+00 -1.717230E-02
  2.000000E+00    20    28  6.480459E+02 -2.782483E-01
  2.000000E+00    20    29  1.587220E+01  3.896342E-02
  2.000000E+00    20    30  3.202488E-01  4.262875E-02
  2.000000E+00    21     1 -5.797543E+03 -4.021678E-02
  2.000000E+00    21     2  1.051473E+03  3.256387E-01
  2.000000E+00    21     3 -5.441656E+02  1.243545E-02
  2.000000E+00    21     4  1.564083E+04  7.940613E-01
  2.000000E+00    21     5  9.577112E+04 -6.353481E-01
  2.000000E+00    21     6  2.883483E+03 -1.071580E-01
  2.000000E+00    21     7  2.617100E+02  2.486601E-01
  2.000000E+00    21     8  3.601782E+01 -6.365008E-02
  2.000000E+00    21     9  5.702606E+02  7.092986E-04
  2.000000E+00    21    10  5.686597E+02 -1.825707E-01
  2.000000E+00    21    11 -4.413129E+03 -6.728791E-01
  2.000000E+00    21    12 -1.845865E+01 -6.223934E-03
  2.000000E+00    21    13  3.741656E+02  2.748994E-01
  2.000000E+00    21    14 -7.494068E+01  1.342795E-02
  2.000000E+00    21    15  6.157186E+02  7.076247E-04
  2.000000E+00    21    16 -1.462587E+03  5.440930E-02
  2.000000E+00    21    17 -5.142721E+03 -8.029841E-01
  2.000000E+00    21    18  8.383778E+01 -1.307947E-02
  2.000000E+00    21    19  3.476765E+03 -2.047354E-02
  2.000000E+00    21    20  7.151231E+02 -1.137101E-02
  2.000000E+00    21    21  1.969278E+04  2.182101E-02
  2.000000E+00    21    22  4.813434E+03 -9.532978E-02
  2.000000E+00    21    23 -7.361062E+04  4.907001E-01
  2.000000E+00    21    24 -3.879539E+04  3.096024E-01
  2.000000E+00    21    25 -2.827441E+00 -3.565629E-03
  2.000000E+00    21    26  1.422597E+00 -3.825465E-05
  2.000000E+00    21    27 -1.133713E+02 -4.151154E-03
  2.000000E+00    21    28  1.331533E+01  1.997090E-03
  2.000000E+00    21    29  4.103553E+01  1.271773E-02
  2.000000E+00    21    30 -4.104675E+00  5.154044E-03
  2.000000E+00    22     1  1.790210E+04  1.709478E+00
  2.000000E+00    22     2 -4.507444E+03 -2.017649E-01
  2.000000E+00    22     3  4.384888E+03 -3.526537E-02
  2.000000E+00    22     4 -7.523923E+04 -2.396962E-01
  2.000000E+00    22     5 -2.759871E+05 -2.615451E+00
  2.000000E+00    22     6 -3.780730E+03  5.329997E-01
  2.000000E+00    22     7  6.877884E+04  6.886384E+00
  2.000000E+00    22     8  1.046908E+04 -1.261858E+00
  2.000000E+00    22     9  1.633358E+04  2.412978E-02
  2.000000E+00    22    10  2.021872E+05 -3.528343E+00
  2.000000E+00    22    11 -1.241055E+06 -2.021101E+01
  2.000000E+00    22    12 -1.878606E+04  1.566296E-01
  2.000000E+00    22    13 -5.736861E+03 -6.893292E+00
  2.000000E+00    22    14 -5.917338E+02  2.044829E-01
  2.000000E+00    22    15 -2.309408E+04 -2.297684E-02
  2.000000E+00    22    16  3.989565E+04  4.208997E-01
  2.000000E+00    22    17 -1.619590E+05  1.962142E+01
  2.000000E+00    22    18 -8.165125E+03 -1.134765E-01
  2.000000E+00    22    19  1.183483E+04  1.210129E-01
  2.000000E+00    22    20  5.693479E+04  8.507345E-02
  2.000000E+00    22    21  1.604424E+03 -2.907773E-02
  2.000000E+00    22    22  1.085722E+07  6.840600E+00
  2.000000E+00    22    23 -4.342477E+04 -1.185071E+00
  2.000000E+00    22    24  6.443594E+05 -1.436255E+00
  2.000000E+00    22    25  6.293187E+01  3.178152E-01
  2.000000E+00    22    26  1.104299E+03 -3.386723E-01
  2.000000E+00    22    27 -9.601453E+00  1.275040E-02
  2.000000E+00    22    28  1.133501E+04 -2.370186E+00
  2.000000E+00    22    29 -5.108331E+02 -1.814484E+00
  2.000000E+00    22    30  1.001877E+01  2.756570E-02
  2.000000E+00    23     1 -3.419240E+05 -1.103948E+01
  2.000000E+00    23     2  6.720212E+04  1.928842E+01
  2.000000E+00    23     3 -5.076713E+04  6.959796E-01
  2.000000E+00    23     4  1.018901E+06  4.700096E+01
  2.000000E+00    23     5  5.604868E+06 -1.064599E+01
  2.000000E+00    23     6  1.761156E+05 -6.173021E+00
  2.000000E+00    23     7 -5.526893E+04 -1.479573E+00
  2.000000E+00    23     8 -8.379498E+02 -3.534991E+00
  2.000000E+00    23     9 -9.576433E+03 -6.556693E-05
  2.000000E+00    23    10 -2.754292E+04 -9.867291E+00
  2.000000E+00    23    11  9.917519E+05  3.898480E+00
  2.000000E+00    23    12  6.771982E+03 -4.926394E-01
  2.000000E+00    23    13 -2.166575E+04 -2.057234E+00
  2.000000E+00    23    14 -5.884326E+03  2.696470E+00
  2.000000E+00    23    15 -1.273876E+04  5.997565E-04
  2.000000E+00    23    16 -8.934885E+04  8.786285E+00
  2.000000E+00    23    17  2.573047E+05  4.715338E+00
  2.000000E+00    23    18  2.318125E+03 -5.483822E-01
  2.000000E+00    23    19  1.492927E+05 -1.058464E+00
  2.000000E+00    23    20  1.301923E+04 -5.430561E-01
  2.000000E+00    23    21 -1.006891E+05  6.480110E-01
  2.000000E+00    23    22  5.692439E+04 -2.102925E+00
  2.000000E+00    23    23  6.404836E+06  3.110631E+01
  2.000000E+00    23    24 -2.520452E+06  1.766399E+01
  2.000000E+00    23    25 -9.769053E+02 -3.475705E-01
  2.000000E+00    23    26  5.726440E+01 -3.996851E-01
  2.000000E+00    23    27 -3.388058E+01  4.186135E-01
  2.000000E+00    23    28  3.669328E+02 -1.836897E+00
  2.000000E+00    23    29  1.023615E+04  6.324120E-01
  2.000000E+00    23    30  6.120347E+00 -1.039238E+00
  2.000000E+00    24     1 -7.535335E+05 -3.806429E+01
  2.000000E+00    24     2  1.949632E+05  4.873956E+01
  2.000000E+00    24     3 -1.736423E+05  1.688702E+00
  2.000000E+00    24     4  3.107034E+06  1.191418E+02
  2.000000E+00    24     5  1.194903E+07  7.197639E+00
  2.000000E+00    24     6  3.002480E+05 -1.505431E+01
  2.000000E+00    24     7 -2.549092E+05  2.463228E+00
  2.000000E+00    24     8  9.476327E+04 -8.436249E+00
  2.000000E+00    24     9 -4.927846E+03  1.644326E-02
  2.000000E+00    24    10  1.602177E+06 -2.462668E+01
  2.000000E+00    24    11  4.475509E+06 -5.501532E+00
  2.000000E+00    24    12 -5.762438E+04 -1.457605E+00
  2.000000E+00    24    13  3.528251E+05  6.140291E+00
  2.000000E+00    24    14  9.923895E+04  5.137473E-01
  2.000000E+00    24    15 -9.268335E+03  5.876794E-02
  2.000000E+00    24    16  1.917398E+06  4.415074E+00
  2.000000E+00    24    17 -6.784570E+06 -1.812155E+01
  2.000000E+00    24    18 -1.152735E+05 -6.032879E-01
  2.000000E+00    24    19  4.557480E+05 -2.604629E+00
  2.000000E+00    24    20 -3.558014E+05 -1.328493E+00
  2.000000E+00    24    21 -1.929293E+05  1.685076E+00
  2.000000E+00    24    22 -1.242247E+06 -9.583262E+00
  2.000000E+00    24    23 -8.994759E+06  6.584222E+01
  2.000000E+00    24    24  1.309533E+07  4.274841E+01
  2.000000E+00    24    25  1.896993E+02  2.925799E-01
  2.000000E+00    24    26  7.142181E+01  6.323020E-01
  2.000000E+00    24    27 -2.029098E+01  1.107163E+00
  2.000000E+00    24    28  8.312277E+02  1.078726E+00
  2.000000E+00    24    29 -1.060188E+03 -8.065124E-01
  2.000000E+00    24    30 -6.743189E+00 -2.711156E+00
  2.000000E+00    25     1 -5.589051E+00 -2.209715E+00
  2.000000E+00    25     2  2.532207E-01 -2.232268E-01
  2.000000E+00    25     3  1.211514E+00 -3.910929E-04
  2.000000E+00    25     4  2.207343E+00 -6.124365E-01
  2.000000E+00    25     5  1.205965E+02  5.812559E+00
  2.000000E+00    25     6  2.997549E+00 -4.942148E-02
  2.000000E+00    25     7  1.436265E+00 -1.105010E+00
  2.000000E+00    25     8  2.402531E-01  4.540030E-01
  2.000000E+00    25     9 -9.511179E-01 -1.969054E-03
  2.000000E+00    25    10  3.314322E+00  1.185593E+00
  2.000000E+00    25    11 -1.414793E+01  3.608923E+00
  2.000000E+00    25    12  2.584489E-01 -2.818240E-02
  2.000000E+00    25    13 -7.908978E-01 -3.222024E-01
  2.000000E+00    25    14 -3.914947E-01 -2.887456E-01
  2.000000E+00    25    15 -9.719803E-01  1.005007E-02
  2.000000E+00    25    16 -5.366661E+00 -6.567456E-01
  2.000000E+00    25    17 -1.843324E+01  1.592259E+00
  2.000000E+00    25    18 -1.495289E-01  1.278647E-01
  2.000000E+00    25    19  7.254918E+01 -2.008549E-01
  2.000000E+00    25    20  1.558026E+00  2.269304E-01
  2.000000E+00    25    21 -9.626419E+00 -9.724773E-02
  2.000000E+00    25    22  2.855169E+01 -3.665899E-01
  2.000000E+00    25    23 -1.208312E+03  5.584240E-01
  2.000000E+00    25    24 -7.120168E+01  5.411705E-01
  2.000000E+00    25    25  4.847040E+02 -6.407491E-01
  2.000000E+00    25    26  6.686315E+00  3.077929E+00
  2.000000E+00    25    27  3.222256E+00  4.052100E-02
  2.000000E+00    25    28  4.490580E+01  1.425906E+01
  2.000000E+00    25    29 -4.095858E+03  5.694345E+00
  2.000000E+00    25    30 -8.444647E-01 -4.284633E-02
  2.000000E+00    26     1 -1.094853E+01  4.156249E+00
  2.000000E+00    26     2  2.534174E-01  6.409196E-01
  2.000000E+00    26     3  2.332753E-01 -1.738116E-02
  2.000000E+00    26     4  1.267215E+00  2.343446E+00
  2.000000E+00    26     5  1.710923E+01 -9.691454E+00
  2.000000E+00    26     6  4.029069E-01  6.127376E-01
  2.000000E+00    26     7 -4.003385E+00  3.155828E+00
  2.000000E+00    26     8 -1.061136E-01 -1.057713E+00
  2.000000E+00    26     9 -1.822324E+00  9.593653E-03
  2.000000E+00    26    10 -4.017978E+00 -3.144824E+00
  2.000000E+00    26    11  7.043489E-01 -9.953705E+00
  2.000000E+00    26    12  3.266580E-01  8.978697E-02
  2.000000E+00    26    13 -3.273242E+00  2.103533E+00
  2.000000E+00    26    14 -4.149965E-01  9.002282E-01
  2.000000E+00    26    15  1.856707E+00 -8.063858E-03
  2.000000E+00    26    16 -8.280914E-01  2.433464E+00
  2.000000E+00    26    17  3.187068E+01 -7.185581E+00
  2.000000E+00    26    18 -3.650262E-01 -8.633812E-02
  2.000000E+00    26    19 -1.422155E-01  4.362854E-01
  2.000000E+00    26    20  7.155086E+01 -2.789611E-01
  2.000000E+00    26    21 -2.968655E+00  1.976020E-01
  2.000000E+00    26    22  1.171871E+03  4.148448E-01
  2.000000E+00    26    23  1.237074E+01 -2.522559E+00
  2.000000E+00    26    24  7.414270E+00 -1.275277E+00
  2.000000E+00    26    25  1.754982E+01  2.542915E+00
  2.000000E+00    26    26  4.884939E+02 -3.231508E+00
  2.000000E+00    26    27  1.246149E+00 -3.747483E-02
  2.000000E+00    26    28  4.203219E+03 -2.020053E+01
  2.000000E+00    26    29 -4.902272E+01 -1.409120E+01
  2.000000E+00    26    30 -2.916823E-01  2.906628E-03
  2.000000E+00    27     1  2.452961E-01 -7.895821E-01
  2.000000E+00    27     2  4.499655E-02 -4.571756E-02
  2.000000E+00    27     3 -1.222012E-01 -5.900836E-03
  2.000000E+00    27     4  8.583675E-02 -1.074204E-01
  2.000000E+00    27     5 -5.151324E+00  2.599341E+00
  2.000000E+00    27     6 -1.642800E-01  3.605783E-02
  2.000000E+00    27     7  1.638316E-01 -1.418045E-01
  2.000000E+00    27     8 -4.323138E-02  4.864361E-02
  2.000000E+00    27     9 -1.636454E-01  9.675724E-05
  2.000000E+00    27    10 -2.274684E-01  1.103427E-01
  2.000000E+00    27    11 -1.180937E+00  3.733013E-01
  2.000000E+00    27    12 -1.912244E-02  3.844225E-03
  2.000000E+00    27    13 -4.081511E-01 -5.081176E-01
  2.000000E+00    27    14 -6.491404E-02  7.363547E-03
  2.000000E+00    27    15 -1.717446E-01  1.518206E-04
  2.000000E+00    27    16 -2.512541E-01  6.143449E-02
  2.000000E+00    27    17 -1.080228E-01  1.486557E+00
  2.000000E+00    27    18  5.663673E-03  4.920836E-02
  2.000000E+00    27    19  4.547071E-01  1.590883E-02
  2.000000E+00    27    20  2.433614E-01  5.478756E-03
  2.000000E+00    27    21 -6.937473E+01 -3.503766E-02
  2.000000E+00    27    22 -1.628746E+01  1.778740E-01
  2.000000E+00    27    23  9.392415E+00 -5.933269E-01
  2.000000E+00    27    24  1.639828E+00 -9.939551E-02
  2.000000E+00    27    25 -5.571757E-01  3.627902E-02
  2.000000E+00    27    26 -5.626660E-01  7.535637E-03
  2.000000E+00    27    27  7.109770E+01  1.070910E-01
  2.000000E+00    27    28 -7.280157E+00  1.740637E-02
  2.000000E+00    27    29  7.368198E+00 -1.033677E-01
  2.000000E+00    27    30 -3.457084E-01 -1.862562E-01
  2.000000E+00    28     1  2.260591E+00  5.209611E+00
  2.000000E+00    28     2  8.727311E-01  8.259559E-01
  2.000000E+00    28     3  3.573648E+00 -1.197494E-02
  2.000000E+00    28     4  2.641212E+00  2.895050E+00
  2.000000E+00    28     5 -2.011510E+02 -1.284569E+01
  2.000000E+00    28     6 -4.112454E+00  6.246401E-01
  2.000000E+00    28     7  7.584576E+00  3.624174E+00
  2.000000E+00    28     8 -2.695347E+00 -1.202885E+00
  2.000000E+00    28     9 -1.911439E+01  1.090803E-02
  2.000000E+00    28    10 -4.442309E+01 -3.514061E+00
  2.000000E+00    28    11 -1.463363E+02 -1.155634E+01
  2.000000E+00    28    12  4.255601E-01  1.342360E-01
  2.000000E+00    28    13 -1.992636E+01  2.284685E+00
  2.000000E+00    28    14 -1.480754E+00  9.156522E-01
  2.000000E+00    28    15  1.909364E+01 -1.139800E-02
  2.000000E+00    28    16 -1.165164E+01  2.397125E+00
  2.000000E+00    28    17  2.816910E+02 -7.902664E+00
  2.000000E+00    28    18 -2.670379E+00 -1.259902E-01
  2.000000E+00    28    19  3.337537E+00  4.965923E-01
  2.000000E+00    28    20  7.900005E+02 -3.752176E-01
  2.000000E+00    28    21 -3.751305E+01  2.503211E-01
  2.000000E+00    28    22  1.294535E+04  6.171412E-01
  2.000000E+00    28    23  1.335298E+02 -2.398796E+00
  2.000000E+00    28    24  6.613311E+01 -1.384709E+00
  2.000000E+00    28    25  5.290365E+01  2.341052E+00
  2.000000E+00    28    26  4.265110E+03 -4.672323E+00
  2.000000E+00    28    27  1.420199E+01 -4.856142E-02
  2.000000E+00    28    28  4.168373E+04 -2.658489E+01
  2.000000E+00    28    29 -3.868708E+02 -1.510056E+01
  2.000000E+00    28    30  6.254120E-01  7.460378E-03
  2.000000E+00    29     1  7.373919E+01  1.967741E+00
  2.000000E+00    29     2 -1.318929E+00  1.678322E-01
  2.000000E+00    29     3 -1.423200E+01 -3.691517E-03
  2.000000E+00    29     4 -8.563161E-03  4.712776E-01
  2.000000E+00    29     5 -1.199971E+03 -4.872663E+00
  2.000000E+00    29     6 -2.947502E+01  2.374191E-02
  2.000000E+00    29     7 -8.220017E+00  8.643475E-01
  2.000000E+00    29     8 -2.981503E+00 -4.732082E-01
  2.000000E+00    29     9  9.575648E+00  3.713949E-04
  2.000000E+00    29    10 -3.668206E+01 -1.207565E+00
  2.000000E+00    29    11  1.131530E+02 -2.854068E+00
  2.000000E+00    29    12 -3.089813E+00 -1.268511E-02
  2.000000E+00    29    13 -9.812564E+00  1.505937E-02
  2.000000E+00    29    14  4.350525E+00  2.834493E-01
  2.000000E+00    29    15  9.402466E+00 -1.210681E-02
  2.000000E+00    29    16  5.838014E+01  5.885542E-01
  2.000000E+00    29    17  2.053996E+02 -8.009408E-01
  2.000000E+00    29    18  2.034587E+00 -1.759333E-01
  2.000000E+00    29    19 -7.860885E+02  2.378229E-01
  2.000000E+00    29    20 -1.989516E+01 -2.225198E-01
  2.000000E+00    29    21  1.243517E+02  7.110755E-02
  2.000000E+00    29    22 -4.232461E+02  3.242879E-01
  2.000000E+00    29    23  1.298458E+04 -9.030209E-01
  2.000000E+00    29    24  6.950759E+02 -6.504446E-01
  2.000000E+00    29    25 -4.156020E+03  1.525510E+00
  2.000000E+00    29    26 -5.679109E+01 -2.902384E+00
  2.000000E+00    29    27 -4.430589E+01 -3.983166E-02
  2.000000E+00    29    28 -6.541123E+02 -1.345088E+01
  2.000000E+00    29    29  4.027664E+04 -8.163092E+00
  2.000000E+00    29    30  9.994902E+00  5.062899E-02
  2.000000E+00    30     1  5.769963E-01  2.162738E+00
  2.000000E+00    30     2 -3.860199E-02 -1.472010E-02
  2.000000E+00    30     3  1.538637E-01  1.658644E-02
  2.000000E+00    30     4  7.001050E-02 -1.241272E-01
  2.000000E+00    30     5  4.479575E+00 -7.083098E+00
  2.000000E+00    30     6  2.356690E-01 -1.686385E-01
  2.000000E+00    30     7  1.812279E-01  7.616196E-01
  2.000000E+00    30     8 -4.398813E-02  2.903852E-02
  2.000000E+00    30     9  1.946513E-01  1.304870E-03
  2.000000E+00    30    10 -1.002091E-01  7.864899E-02
  2.000000E+00    30    11  3.053484E-01 -1.857237E+00
  2.000000E+00    30    12  2.888098E-02 -1.398881E-02
  2.000000E+00    30    13  5.095139E-01  1.129275E+00
  2.000000E+00    30    14  2.101402E-01 -4.740226E-02
  2.000000E+00    30    15  2.187799E-01  7.982087E-04
  2.000000E+00    30    16  7.617279E-01 -2.072012E-01
  2.000000E+00    30    17  2.823723E-01 -3.231890E+00
  2.000000E+00    30    18  2.036089E-02 -7.424510E-02
  2.000000E+00    30    19  8.205801E-01 -4.877375E-02
  2.000000E+00    30    20  7.172557E-01 -3.200691E-02
  2.000000E+00    30    21 -8.515495E+00  8.013745E-02
  2.000000E+00    30    22  2.086430E+01 -3.004610E-01
  2.000000E+00    30    23  3.347640E+00  1.498202E+00
  2.000000E+00    30    24 -3.339797E+00  3.420912E-01
  2.000000E+00    30    25 -5.574092E-01 -5.147034E-02
  2.000000E+00    30    26  7.776636E-01  1.232713E-02
  2.000000E+00    30    27  3.110908E+00 -2.062606E-01
  2.000000E+00    30    28  7.898404E+00  1.397022E-01
  2.000000E+00    30    29  6.032011E+00  2.087166E-01
  2.000000E+00    30    30  4.645035E+01  6.385611E-01
  3.000000E+00     1     1 -8.923188E+03  1.696135E+02
  3.000000E+00     1     2  2.657654E+03 -4.974655E+00
  3.000000E+00     1     3 -3.290585E+03  1.145096E-01
  3.000000E+00     1     4  4.284666E+04 -2.131403E+01
  3.000000E+00     1     5  1.443938E+05 -3.084204E+02
  3.000000E+00     1     6  8.536135E+03  1.006339E+00
  3.000000E+00     1     7  2.232639E+01  9.163679E+00
  3.000000E+00     1     8 -1.583844E+01 -1.082749E+01
  3.000000E+00     1     9 -5.365109E+00 -1.059436E-02
  3.000000E+00     1    10 -2.817165E+01 -1.750966E+01
  3.000000E+00     1    11 -1.047890E+02 -1.564607E+01
  3.000000E+00     1    12  1.689374E-01  2.583891E-01
  3.000000E+00     1    13  2.397402E+01  4.833859E+00
  3.000000E+00     1    14  1.282540E+01  7.238159E+00
  3.000000E+00     1    15 -2.550893E+00  1.554156E-02
  3.000000E+00     1    16 -7.186577E+01  1.232191E+01
  3.000000E+00     1    17 -1.054481E+02 -8.877379E+00
  3.000000E+00     1    18 -8.627993E-01 -7.435335E-02
  3.000000E+00     1    19  3.366386E+03  2.070453E-01
  3.000000E+00     1    20  2.213833E+03 -6.396764E-02
  3.000000E+00     1    21 -4.153984E+03 -1.441016E+00
  3.000000E+00     1    22  1.219652E+04 -2.869261E+00
  3.000000E+00     1    23 -1.704524E+05 -5.274807E+01
  3.000000E+00     1    24 -9.129248E+04 -1.164877E+01
  3.000000E+00     1    25  4.883373E+01 -1.937002E+01
  3.000000E+00     1    26  3.605959E-01  5.336977E-01
  3.000000E+00     1    27 -1.264420E+00 -4.471402E-01
  3.000000E+00     1    28  1.546677E+01  2.439856E-01
  3.000000E+00     1    29 -1.231459E+02  4.461530E+01
  3.000000E+00     1    30 -1.786812E+00  1.974990E+00
  3.000000E+00     2     1 -7.917172E+03 -1.163918E+01
  3.000000E+00     2     2  4.207776E+03  1.955129E+02
  3.000000E+00     2     3 -1.829434E+03 -1.486724E+00
  3.000000E+00     2     4  6.407563E+04  3.575830E+02
  3.000000E+00     2     5  1.273159E+05  1.049077E+02
  3.000000E+00     2     6  3.631674E+03 -1.187099E+00
  3.000000E+00     2     7  1.536239E+01  1.047405E+01
  3.000000E+00     2     8 -1.376677E+01 -4.862482E+00
  3.000000E+00     2     9 -7.831040E+00 -8.084082E-03
  3.000000E+00     2    10 -1.217948E+01 -8.093157E+00
  3.000000E+00     2    11 -5.864568E+01 -1.958489E+01
  3.000000E+00     2    12 -2.222605E+00 -2.223908E-03
  3.000000E+00     2    13 -1.940737E+01 -1.114271E+01
  3.000000E+00     2    14 -1.917400E+01 -5.819034E+00
  3.000000E+00     2    15  2.872219E+00 -1.280880E-02
  3.000000E+00     2    16 -8.252814E+01 -1.085951E+01
  3.000000E+00     2    17 -3.049246E+01  1.734818E+01
  3.000000E+00     2    18  2.624205E+00 -8.546445E-02
  3.000000E+00     2    19  4.342745E+03  3.103623E+00
  3.000000E+00     2    20  4.209702E+02 -1.786644E-01
  3.000000E+00     2    21 -1.944827E+03 -1.701167E+00
  3.000000E+00     2    22  4.189250E+03 -1.086998E+01
  3.000000E+00     2    23 -8.254755E+04 -7.373972E+01
  3.000000E+00     2    24 -4.309636E+03 -1.004279E+01
  3.000000E+00     2    25 -4.697859E-01  3.212235E+00
  3.000000E+00     2    26  4.255075E+00  5.552094E+00
  3.000000E+00     2    27 -1.821074E+00  8.538906E-02
  3.000000E+00     2    28  1.639146E+01  1.305502E+01
  3.000000E+00     2    29 -7.616419E-01 -7.373873E+00
  3.000000E+00     2    30 -2.234668E-01 -2.732983E-01
  3.000000E+00     3     1  7.595589E+03  9.001111E+00
  3.000000E+00     3     2 -1.126518E+03 -1.356587E-02
  3.000000E+00     3     3  3.115769E+03  3.241371E-02
  3.000000E+00     3     4 -1.681480E+04 -9.484238E-01
  3.000000E+00     3     5 -1.264020E+05 -1.706256E+01
  3.000000E+00     3     6 -3.910398E+03 -1.797317E-01
  3.000000E+00     3     7  7.730010E-01 -1.128095E+00
  3.000000E+00     3     8  1.192884E+00  1.634610E-01
  3.000000E+00     3     9  1.071018E+01 -1.072506E-03
  3.000000E+00     3    10  1.014742E+01  3.314823E-01
  3.000000E+00     3    11  4.581205E+01  1.828866E+00
  3.000000E+00     3    12  2.088697E+00 -5.696246E-02
  3.000000E+00     3    13 -3.587275E-01  9.119536E-01
  3.000000E+00     3    14  2.118301E+00  8.863626E-01
  3.000000E+00     3    15  6.640086E+00  3.123147E-04
  3.000000E+00     3    16  3.207278E+01  1.604698E+00
  3.000000E+00     3    17  6.253399E+01 -1.470597E+00
  3.000000E+00     3    18 -1.525829E+00  5.561080E-04
  3.000000E+00     3    19 -4.331805E+03 -5.229325E-02
  3.000000E+00     3    20 -1.216155E+03  3.186163E-02
  3.000000E+00     3    21  2.690567E+03  9.561186E-03
  3.000000E+00     3    22 -6.059019E+03  6.419633E-01
  3.000000E+00     3    23  1.150475E+05 -1.639686E+00
  3.000000E+00     3    24  5.413766E+04 -1.364005E+00
  3.000000E+00     3    25  2.077023E+00 -5.136413E+00
  3.000000E+00     3    26 -5.033192E-01 -3.843923E-01
  3.000000E+00     3    27  4.755851E+00 -1.552563E-01
  3.000000E+00     3    28 -6.050517E+00 -1.123321E+00
  3.000000E+00     3    29 -1.791484E+01  1.185932E+01
  3.000000E+00     3    30  3.902695E-01  3.253468E-01
  3.000000E+00     4     1 -1.241779E+05 -1.592135E+02
  3.000000E+00     4     2  6.375050E+04  4.827516E+02
  3.000000E+00     4     3 -2.907470E+04 -4.136076E+00
  3.000000E+00     4     4  1.032213E+06  8.967054E+02
  3.000000E+00     4     5  1.990266E+06  5.055476E+02
  3.000000E+00     4     6  5.572204E+04 -2.108037E-01
  3.000000E+00     4     7  1.962383E+01  4.376230E+01
  3.000000E+00     4     8 -4.445237E+01 -1.428438E+01
  3.000000E+00     4     9 -1.227236E+02 -5.909620E-03
  3.000000E+00     4    10  1.193647E+02 -2.468293E+01
  3.000000E+00     4    11 -5.721024E+02 -7.804306E+01
  3.000000E+00     4    12 -3.959753E+01  6.909229E-01
  3.000000E+00     4    13 -6.115936E+01 -3.982331E+01
  3.000000E+00     4    14 -1.329298E+02 -2.677595E+01
  3.000000E+00     4    15  4.217908E+01 -3.660373E-02
  3.000000E+00     4    16 -1.001865E+03 -4.930690E+01
  3.000000E+00     4    17 -8.756877E+02  6.261709E+01
  3.000000E+00     4    18  2.919651E+01 -3.006052E-01
  3.000000E+00     4    19  6.788162E+04  8.405091E+00
  3.000000E+00     4    20  5.207700E+03 -8.843776E-01
  3.000000E+00     4    21 -3.000555E+04 -4.287904E+00
  3.000000E+00     4    22  6.347154E+04 -3.645222E+01
  3.000000E+00     4    23 -1.266340E+06 -1.584121E+02
  3.000000E+00     4    24  9.256306E+03 -4.801345E+00
  3.000000E+00     4    25 -1.061810E+01  8.113851E+01
  3.000000E+00     4    26  2.111793E+01  1.957678E+01
  3.000000E+00     4    27 -3.026466E+01  2.359347E+00
  3.000000E+00     4    28  1.474160E+02  4.912769E+01
  3.000000E+00     4    29 -5.590216E+00 -1.872274E+02
  3.000000E+00     4    30 -3.153010E+00 -5.376148E+00
  3.000000E+00     5     1  1.483170E+05 -1.403361E+02
  3.000000E+00     5     2 -4.960604E+04  3.852411E+01
  3.000000E+00     5     3  5.640968E+04  6.153486E-01
  3.000000E+00     5     4 -8.121109E+05  7.077190E+01
  3.000000E+00     5     5 -2.312886E+06  2.374073E+02
  3.000000E+00     5     6 -1.385379E+05 -8.280416E+00
  3.000000E+00     5     7  4.799323E+01 -6.118534E+01
  3.000000E+00     5     8  7.783617E+00  3.644958E+01
  3.000000E+00     5     9  8.642471E+01 -5.571860E-03
  3.000000E+00     5    10  3.227518E+00  6.142015E+01
  3.000000E+00     5    11  1.039758E+03  9.974553E+01
  3.000000E+00     5    12  1.594878E+01 -2.678782E+00
  3.000000E+00     5    13  1.619519E+01  2.147437E+01
  3.000000E+00     5    14  2.470482E+01  1.346679E+01
  3.000000E+00     5    15  2.937649E+01 -2.444596E-02
  3.000000E+00     5    16  1.620441E+03  2.559146E+01
  3.000000E+00     5    17  1.074424E+03 -3.234195E+01
  3.000000E+00     5    18  1.139765E+00 -3.141233E-01
  3.000000E+00     5    19 -4.885598E+04 -1.914994E+00
  3.000000E+00     5    20 -3.251034E+04  1.151996E+00
  3.000000E+00     5    21  6.831072E+04  3.807433E+00
  3.000000E+00     5    22 -1.885453E+05  2.753012E+01
  3.000000E+00     5    23  2.771514E+06  7.388416E+01
  3.000000E+00     5    24  1.266773E+06 -1.159746E+01
  3.000000E+00     5    25 -1.377272E+02 -1.123095E+02
  3.000000E+00     5    26 -1.303807E+01 -1.302919E+01
  3.000000E+00     5    27  2.878193E+01 -3.884665E+00
  3.000000E+00     5    28 -2.525622E+02 -3.495700E+01
  3.000000E+00     5    29  5.453219E+02  2.595906E+02
  3.000000E+00     5    30  8.534590E+00  5.200424E+00
  3.000000E+00     6     1  3.953986E+03  8.829853E+00
  3.000000E+00     6     2 -2.376419E+03 -1.963131E+00
  3.000000E+00     6     3  1.417408E+03  3.720066E-02
  3.000000E+00     6     4 -4.146447E+04 -4.191606E+00
  3.000000E+00     6     5 -6.172975E+04 -1.753411E+01
  3.000000E+00     6     6  4.563600E+02  8.686724E-01
  3.000000E+00     6     7  2.123432E-01 -1.821897E+00
  3.000000E+00     6     8  1.647109E+00  4.315784E-01
  3.000000E+00     6     9  6.096310E+00  1.364688E-05
  3.000000E+00     6    10 -2.066475E+01  7.320716E-01
  3.000000E+00     6    11  2.235777E+01  3.201236E+00
  3.000000E+00     6    12  2.737140E+00  4.253012E-03
  3.000000E+00     6    13  9.801380E-01  1.219466E+00
  3.000000E+00     6    14  8.124865E+00  9.911660E-01
  3.000000E+00     6    15 -3.795631E+00  6.040690E-04
  3.000000E+00     6    16  3.993578E+01  1.792161E+00
  3.000000E+00     6    17  6.966819E+01 -1.882533E+00
  3.000000E+00     6    18 -2.825850E+00  2.621960E-02
  3.000000E+00     6    19 -1.041966E+03 -9.393329E-03
  3.000000E+00     6    20  1.245639E+03 -7.763113E-03
  3.000000E+00     6    21  1.653113E+03 -3.685481E-02
  3.000000E+00     6    22  4.072013E+03  1.046641E+00
  3.000000E+00     6    23  6.530832E+04 -2.680237E+00
  3.000000E+00     6    24 -7.702081E+04  4.911499E-01
  3.000000E+00     6    25 -1.941593E+00 -3.759153E-01
  3.000000E+00     6    26 -2.634518E-01 -6.528980E-01
  3.000000E+00     6    27  1.584559E+00 -4.950887E-02
  3.000000E+00     6    28 -1.379180E+00 -1.576907E+00
  3.000000E+00     6    29  7.272285E+00  8.680767E-01
  3.000000E+00     6    30  2.433232E-01  7.530902E-02
  3.000000E+00     7     1  2.768649E+01  6.016092E+00
  3.000000E+00     7     2  1.657699E+01  9.476760E+00
  3.000000E+00     7     3  1.240906E+00 -1.709886E-01
  3.000000E+00     7     4  3.881396E+01  1.702408E+01
  3.000000E+00     7     5 -1.699834E+01  4.067297E-02
  3.000000E+00     7     6 -2.590970E-01  4.975274E-01
  3.000000E+00     7     7  2.538329E+04  1.912540E+02
  3.000000E+00     7     8  1.342218E+03 -3.538057E+00
  3.000000E+00     7     9  2.797978E+02 -3.089257E-01
  3.000000E+00     7    10  3.003359E+04 -7.758800E+00
  3.000000E+00     7    11 -4.467275E+05 -3.427280E+02
  3.000000E+00     7    12 -4.928972E+03  9.011031E-01
  3.000000E+00     7    13  3.066516E+01  7.069355E+00
  3.000000E+00     7    14 -1.785866E+01 -1.023314E+01
  3.000000E+00     7    15  4.433226E-01 -1.106225E-02
  3.000000E+00     7    16 -3.345627E+01 -1.638716E+01
  3.000000E+00     7    17 -3.326629E+01 -1.588348E+01
  3.000000E+00     7    18  9.327574E-01  8.251595E-02
  3.000000E+00     7    19  9.722970E+03  3.543455E-01
  3.000000E+00     7    20  2.112723E+04  1.228881E-01
  3.000000E+00     7    21  4.234095E+02 -2.093447E+00
  3.000000E+00     7    22  8.209104E+04 -5.630130E+01
  3.000000E+00     7    23 -2.853229E+04  2.188962E+01
  3.000000E+00     7    24  1.192872E+05 -1.390819E+01
  3.000000E+00     7    25 -2.413903E+01  1.390320E+01
  3.000000E+00     7    26 -4.316059E+01  2.830680E+01
  3.000000E+00     7    27  1.436373E+00 -1.987345E-01
  3.000000E+00     7    28 -1.005756E+02  6.446608E+01
  3.000000E+00     7    29  5.703896E+01 -3.234525E+01
  3.000000E+00     7    30 -2.048803E+00  4.419328E-01
  3.000000E+00     8     1 -2.102393E+01 -9.702241E+00
  3.000000E+00     8     2 -1.276783E+01 -4.734315E+00
  3.000000E+00     8     3  7.275376E-01  7.554550E-02
  3.000000E+00     8     4 -2.223030E+01 -8.364840E+00
  3.000000E+00     8     5  6.877928E+01  1.096598E+01
  3.000000E+00     8     6  1.753526E+00 -4.271229E-01
  3.000000E+00     8     7 -4.688291E+03  8.306759E+00
  3.000000E+00     8     8  3.629858E+03  1.939264E+02
  3.000000E+00     8     9 -4.924618E+01  2.248523E-01
  3.000000E+00     8    10  5.556266E+04  3.322692E+02
  3.000000E+00     8    11  8.323866E+04 -8.723828E+01
  3.000000E+00     8    12  3.575196E+00 -5.195552E+00
  3.000000E+00     8    13  1.707383E+01  8.831431E+00
  3.000000E+00     8    14 -1.308603E+01 -4.491000E+00
  3.000000E+00     8    15 -7.083477E-01 -3.215625E-03
  3.000000E+00     8    16 -2.288026E+01 -7.435792E+00
  3.000000E+00     8    17 -2.982690E+01 -1.669871E+01
  3.000000E+00     8    18 -2.066326E-02 -4.547015E-02
  3.000000E+00     8    19 -3.627310E+03  1.177395E+00
  3.000000E+00     8    20 -3.146474E+03  4.044600E+00
  3.000000E+00     8    21 -4.728300E-01  5.003641E-01
  3.000000E+00     8    22 -1.004660E+04  2.716483E+01
  3.000000E+00     8    23  8.538318E+03  9.079643E+00
  3.000000E+00     8    24  8.991084E+04  3.127902E+01
  3.000000E+00     8    25  3.090533E+00  5.372376E+00
  3.000000E+00     8    26 -1.966064E+00 -6.698322E-01
  3.000000E+00     8    27  6.663264E-02  8.972799E-03
  3.000000E+00     8    28 -5.424359E+00 -1.415956E+00
  3.000000E+00     8    29 -8.276320E+00 -1.243300E+01
  3.000000E+00     8    30 -3.459150E-01  1.355522E-01
  3.000000E+00     9     1 -1.211285E+01 -9.169600E-03
  3.000000E+00     9     2  4.925793E-01  1.978218E-02
  3.000000E+00     9     3  4.597760E+00 -5.921892E-04
  3.000000E+00     9     4  8.063801E+00  3.760135E-02
  3.000000E+00     9     5  1.956735E+02  5.144524E-02
  3.000000E+00     9     6  4.386631E+00  2.290856E-03
  3.000000E+00     9     7  1.013642E+02  2.611279E-01
  3.000000E+00     9     8 -1.383444E+01 -6.619330E-03
  3.000000E+00     9     9  1.683642E+03  2.129830E-04
  3.000000E+00     9    10 -2.748590E+02 -9.912975E-03
  3.000000E+00     9    11 -1.104435E+03 -5.222829E-01
  3.000000E+00     9    12  3.870135E+01 -2.153571E-02
  3.000000E+00     9    13 -2.181723E+00  1.110612E-02
  3.000000E+00     9    14  1.289254E+00 -2.447134E-02
  3.000000E+00     9    15  6.794143E+00 -4.825295E-05
  3.000000E+00     9    16  1.954818E+01 -4.071905E-02
  3.000000E+00     9    17  3.410606E+01 -3.486058E-02
  3.000000E+00     9    18  6.229708E-01 -4.800811E-04
  3.000000E+00     9    19  3.696087E+00  3.854797E-03
  3.000000E+00     9    20 -3.660840E+01  4.190384E-03
  3.000000E+00     9    21  5.943716E+02 -1.504593E-03
  3.000000E+00     9    22  1.743104E+04 -1.023226E-02
  3.000000E+00     9    23 -1.034653E+04 -2.674529E-02
  3.000000E+00     9    24 -1.061035E+03 -3.516177E-02
  3.000000E+00     9    25 -1.001210E+00  7.238640E-02
  3.000000E+00     9    26 -1.594017E+00  1.231408E-01
  3.000000E+00     9    27  3.026688E+00 -9.682657E-04
  3.000000E+00     9    28 -1.581974E+01  2.810786E-01
  3.000000E+00     9    29  9.821401E+00 -1.693171E-01
  3.000000E+00     9    30  1.956553E-01  2.019023E-03
  3.000000E+00    10     1 -8.176255E+01 -2.090078E+01
  3.000000E+00    10     2 -3.335999E+01 -1.017856E+01
  3.000000E+00    10     3  1.077262E+01  2.004852E-01
  3.000000E+00    10     4 -7.096638E+01 -1.823643E+01
  3.000000E+00    10     5  5.812786E+02  2.060844E+01
  3.000000E+00    10     6  1.259012E+01 -1.311221E+00
  3.000000E+00    10     7 -8.405668E+04  1.448071E+01
  3.000000E+00    10     8  5.766661E+04  4.791611E+02
  3.000000E+00    10     9 -6.455115E+02  5.621852E-01
  3.000000E+00    10    10  9.494596E+05  8.213748E+02
  3.000000E+00    10    11  1.496654E+06 -2.053074E+02
  3.000000E+00    10    12 -8.562134E+02 -1.289331E+01
  3.000000E+00    10    13  4.407209E+01  2.103976E+01
  3.000000E+00    10    14 -3.532147E+01 -9.661827E+00
  3.000000E+00    10    15 -6.986468E+00 -7.067304E-03
  3.000000E+00    10    16 -9.112781E+01 -1.619849E+01
  3.000000E+00    10    17 -1.128031E+02 -4.006123E+01
  3.000000E+00    10    18 -1.836877E+00 -1.490040E-01
  3.000000E+00    10    19 -6.566473E+04  2.852660E+00
  3.000000E+00    10    20 -5.615079E+04  9.963953E+00
  3.000000E+00    10    21  5.280315E+01  1.337275E+00
  3.000000E+00    10    22 -1.812573E+05  6.892925E+01
  3.000000E+00    10    23  1.576776E+05  2.200876E+01
  3.000000E+00    10    24  1.638848E+06  7.862334E+01
  3.000000E+00    10    25  1.172555E+01  1.228078E+01
  3.000000E+00    10    26 -2.789194E+00 -3.330643E+00
  3.000000E+00    10    27  1.483237E+00  1.390726E-03
  3.000000E+00    10    28 -2.061416E+01 -7.349110E+00
  3.000000E+00    10    29 -4.095131E+01 -2.841629E+01
  3.000000E+00    10    30 -6.919569E-01  4.229418E-01
  3.000000E+00    11     1 -3.702526E+01 -9.700592E+00
  3.000000E+00    11     2 -4.880054E+01 -2.242155E+01
  3.000000E+00    11     3 -2.750119E+01  5.012640E-01
  3.000000E+00    11     4 -2.934505E+02 -4.090406E+01
  3.000000E+00    11     5 -8.361696E+02 -1.424688E+01
  3.000000E+00    11     6 -1.775831E+01 -1.780071E+00
  3.000000E+00    11     7 -4.536142E+05 -5.212167E+02
  3.000000E+00    11     8 -2.782555E+04  2.402705E+01
  3.000000E+00    11     9 -3.838110E+03  8.304169E-01
  3.000000E+00    11    10 -6.049578E+05  4.554563E+01
  3.000000E+00    11    11  8.089530E+06  9.290848E+02
  3.000000E+00    11    12  9.256419E+04 -1.866111E+00
  3.000000E+00    11    13 -8.298380E+01 -2.270185E+01
  3.000000E+00    11    14  4.501390E+01  3.033919E+01
  3.000000E+00    11    15 -1.518245E+01  3.632371E-02
  3.000000E+00    11    16  2.060375E+02  4.861067E+01
  3.000000E+00    11    17 -1.669080E+02  4.966063E+01
  3.000000E+00    11    18 -3.742982E+00 -2.117531E-02
  3.000000E+00    11    19 -1.739996E+05 -1.122097E+00
  3.000000E+00    11    20 -3.858192E+05 -2.112799E-01
  3.000000E+00    11    21 -7.841506E+03  5.662544E+00
  3.000000E+00    11    22 -1.525272E+06  1.532167E+02
  3.000000E+00    11    23  5.281619E+05 -5.882043E+01
  3.000000E+00    11    24 -2.347519E+06  4.420627E+01
  3.000000E+00    11    25  6.987718E+01 -4.557113E+01
  3.000000E+00    11    26  1.236793E+02 -8.922755E+01
  3.000000E+00    11    27 -1.360125E+01  8.638024E-01
  3.000000E+00    11    28  3.520805E+02 -2.032993E+02
  3.000000E+00    11    29 -1.965959E+02  1.060880E+02
  3.000000E+00    11    30  4.713222E+00 -1.719825E+00
  3.000000E+00    12     1 -6.738540E-01 -1.237805E-01
  3.000000E+00    12     2  2.828719E-01 -8.725765E-02
  3.000000E+00    12     3  4.067411E-01  6.460063E-04
  3.000000E+00    12     4  2.388935E+00 -9.074234E-02
  3.000000E+00    12     5  2.817322E+01  2.465446E-01
  3.000000E+00    12     6  6.095871E-01  4.073659E-02
  3.000000E+00    12     7  3.259542E+03  1.592287E+00
  3.000000E+00    12     8 -9.123703E+02 -1.909356E+00
  3.000000E+00    12     9  1.382840E+02 -2.367474E-02
  3.000000E+00    12    10 -1.592082E+04 -3.387180E+00
  3.000000E+00    12    11 -5.513940E+04 -3.518469E-01
  3.000000E+00    12    12  3.589567E+03  1.081147E+00
  3.000000E+00    12    13 -2.646284E-01  1.281310E-01
  3.000000E+00    12    14  2.200211E-01 -2.053928E-01
  3.000000E+00    12    15 -8.944037E-01  1.981778E-04
  3.000000E+00    12    16 -4.235475E+00 -3.000024E-01
  3.000000E+00    12    17 -3.996812E+00  4.067435E-03
  3.000000E+00    12    18 -2.254664E-01  3.364507E-02
  3.000000E+00    12    19  3.184562E+03 -9.463939E-02
  3.000000E+00    12    20  1.722676E+03 -1.696589E-01
  3.000000E+00    12    21 -3.694795E+00 -7.519492E-02
  3.000000E+00    12    22  2.699308E+03 -2.734163E+00
  3.000000E+00    12    23 -6.667277E+03  1.420487E+00
  3.000000E+00    12    24 -1.008078E+05 -1.908493E-01
  3.000000E+00    12    25  9.388470E-01 -1.762142E+00
  3.000000E+00    12    26  1.545691E+00 -3.095397E+00
  3.000000E+00    12    27 -1.017200E-01  3.360084E-02
  3.000000E+00    12    28  2.470611E+00 -7.087638E+00
  3.000000E+00    12    29 -3.687245E+00  4.135390E+00
  3.000000E+00    12    30  1.743493E-01 -7.895713E-02
  3.000000E+00    13     1  2.967103E+01  6.255556E+00
  3.000000E+00    13     2 -1.727452E+01 -1.012385E+01
  3.000000E+00    13     3  6.495354E+00  1.564440E-02
  3.000000E+00    13     4 -1.545472E+01 -1.741277E+01
  3.000000E+00    13     5 -4.046333E+01 -1.376255E+01
  3.000000E+00    13     6  1.760871E+00  1.479476E-01
  3.000000E+00    13     7  3.041306E+01  7.105049E+00
  3.000000E+00    13     8  1.678087E+01  9.523272E+00
  3.000000E+00    13     9  2.910950E+00  6.275360E-03
  3.000000E+00    13    10  2.653074E+01  1.684790E+01
  3.000000E+00    13    11 -5.546820E+01 -1.832561E+01
  3.000000E+00    13    12 -8.102940E-01 -1.857721E-01
  3.000000E+00    13    13  2.496733E+03  1.918289E+02
  3.000000E+00    13    14  3.213345E+03 -2.107711E+00
  3.000000E+00    13    15  1.555624E+03 -3.337167E-01
  3.000000E+00    13    16  4.351696E+04 -1.276457E+00
  3.000000E+00    13    17  2.399387E+04 -3.250124E+02
  3.000000E+00    13    18 -6.623459E+02  6.124161E-01
  3.000000E+00    13    19  3.018734E+03 -1.369675E-01
  3.000000E+00    13    20  2.183052E+03  1.331372E+00
  3.000000E+00    13    21  1.019216E+03 -1.896537E+00
  3.000000E+00    13    22  2.039489E+04  7.471643E+01
  3.000000E+00    13    23  1.027696E+04  3.890774E+01
  3.000000E+00    13    24  2.010820E+05  1.252417E+01
  3.000000E+00    13    25 -2.477649E+01  1.825997E+01
  3.000000E+00    13    26  4.186434E+01 -2.852569E+01
  3.000000E+00    13    27  1.902382E+00 -1.204412E+00
  3.000000E+00    13    28  9.568719E+01 -6.615598E+01
  3.000000E+00    13    29  5.797924E+01 -4.210514E+01
  3.000000E+00    13    30 -2.039661E+00  6.172751E-01
  3.000000E+00    14     1  1.751305E+01  9.348790E+00
  3.000000E+00    14     2 -1.374393E+01 -4.767854E+00
  3.000000E+00    14     3 -1.713846E+00  7.664014E-02
  3.000000E+00    14     4 -2.912658E+01 -9.274080E+00
  3.000000E+00    14     5 -3.078635E+01 -2.172845E+01
  3.000000E+00    14     6  1.303901E-01 -1.845751E-01
  3.000000E+00    14     7 -1.912468E+01 -1.014565E+01
  3.000000E+00    14     8 -1.302910E+01 -4.650606E+00
  3.000000E+00    14     9  3.029840E-01 -5.292047E-03
  3.000000E+00    14    10 -2.734371E+01 -8.114874E+00
  3.000000E+00    14    11  4.305361E+01  2.102676E+01
  3.000000E+00    14    12  9.394187E-01 -9.188070E-02
  3.000000E+00    14    13  5.859060E+03  4.072855E+00
  3.000000E+00    14    14  3.954950E+03  1.930221E+02
  3.000000E+00    14    15 -1.664624E+02  2.370426E-01
  3.000000E+00    14    16  6.524762E+04  3.182928E+02
  3.000000E+00    14    17 -1.129048E+05  7.262347E+00
  3.000000E+00    14    18 -1.330151E+03 -3.537920E+00
  3.000000E+00    14    19  4.647459E+03 -4.307157E-01
  3.000000E+00    14    20 -4.031179E+03  4.614899E-01
  3.000000E+00    14    21  1.506431E+01  3.056906E-01
  3.000000E+00    14    22 -2.061752E+04  7.412117E+00
  3.000000E+00    14    23 -1.926424E+04 -1.563967E+00
  3.000000E+00    14    24  1.151682E+05 -1.736751E+01
  3.000000E+00    14    25 -3.126860E+00 -3.068281E+00
  3.000000E+00    14    26 -1.667562E+00 -4.528403E+00
  3.000000E+00    14    27 -4.284997E-01 -1.081822E-02
  3.000000E+00    14    28 -5.985035E+00 -1.050841E+01
  3.000000E+00    14    29  7.612054E+00  7.156527E+00
  3.000000E+00    14    30  1.685642E-01 -8.204591E-02
  3.000000E+00    15     1 -3.537218E+00  1.088611E-02
  3.000000E+00    15     2  9.135402E-01 -1.985368E-02
  3.000000E+00    15     3  6.555855E+00  6.203079E-05
  3.000000E+00    15     4  1.142736E+01 -3.437611E-02
  3.000000E+00    15     5  5.703272E+01 -2.663450E-02
  3.000000E+00    15     6  1.563118E+00 -3.147718E-05
  3.000000E+00    15     7 -1.360881E+00  9.645008E-03
  3.000000E+00    15     8 -1.062361E+00  1.325437E-02
  3.000000E+00    15     9  6.541066E+00 -2.959837E-06
  3.000000E+00    15    10 -1.512993E+01  2.364743E-02
  3.000000E+00    15    11  1.691534E+01 -2.631167E-02
  3.000000E+00    15    12 -8.852736E-01 -5.433130E-05
  3.000000E+00    15    13  9.537421E+01  1.482905E-01
  3.000000E+00    15    14  1.603510E+01 -1.605942E-02
  3.000000E+00    15    15  1.646564E+03  3.274037E-04
  3.000000E+00    15    16  4.317899E+02 -1.164706E-02
  3.000000E+00    15    17 -2.038318E+03 -2.359009E-01
  3.000000E+00    15    18  1.354654E+01 -1.784650E-02
  3.000000E+00    15    19  5.552412E+00  5.827558E-04
  3.000000E+00    15    20  2.054856E+01  1.332963E-03
  3.000000E+00    15    21  5.931776E+02  4.054336E-04
  3.000000E+00    15    22 -1.833430E+04  4.589731E-03
  3.000000E+00    15    23 -1.077921E+04  1.267802E-03
  3.000000E+00    15    24  7.341990E+02  6.355676E-02
  3.000000E+00    15    25 -8.743718E-01  4.877698E-02
  3.000000E+00    15    26  1.580254E+00 -7.839637E-02
  3.000000E+00    15    27  2.992768E+00 -2.624280E-03
  3.000000E+00    15    28  1.584053E+01 -1.822972E-01
  3.000000E+00    15    29  8.925803E+00 -1.118866E-01
  3.000000E+00    15    30  1.988688E-01  1.428034E-03
  3.000000E+00    16     1  5.164578E+01  2.330060E+01
  3.000000E+00    16     2 -4.429380E+01 -1.155158E+01
  3.000000E+00    16     3 -2.595232E+01  1.872393E-01
  3.000000E+00    16     4 -1.383383E+02 -2.251837E+01
  3.000000E+00    16     5 -1.131177E+02 -5.404805E+01
  3.000000E+00    16     6 -2.880294E+00 -4.876325E-01
  3.000000E+00    16     7 -4.638093E+01 -2.294481E+01
  3.000000E+00    16     8 -3.486162E+01 -1.035866E+01
  3.000000E+00    16     9  1.224957E+00 -1.162035E-02
  3.000000E+00    16    10 -1.272500E+02 -1.808733E+01
  3.000000E+00    16    11  1.044076E+02  4.735072E+01
  3.000000E+00    16    12  3.991237E-01 -3.519566E-01
  3.000000E+00    16    13  1.023072E+05  1.608757E+01
  3.000000E+00    16    14  6.381513E+04  4.720876E+02
  3.000000E+00    16    15 -2.929938E+03  5.604392E-01
  3.000000E+00    16    16  1.126819E+06  7.780595E+02
  3.000000E+00    16    17 -1.970065E+06  5.829227E+00
  3.000000E+00    16    18 -2.477221E+04 -8.485336E+00
  3.000000E+00    16    19  8.279281E+04 -1.047683E+00
  3.000000E+00    16    20 -6.943908E+04  1.148913E+00
  3.000000E+00    16    21  2.308936E+02  6.949061E-01
  3.000000E+00    16    22 -3.550487E+05  1.992274E+01
  3.000000E+00    16    23 -3.399147E+05 -2.733890E+00
  3.000000E+00    16    24  2.106518E+06 -4.389754E+01
  3.000000E+00    16    25 -7.446560E+00 -7.167608E+00
  3.000000E+00    16    26 -8.480001E+00 -1.154806E+01
  3.000000E+00    16    27 -6.839063E+00 -5.184740E-02
  3.000000E+00    16    28 -5.421749E+01 -2.681277E+01
  3.000000E+00    16    29  1.557623E+01  1.671838E+01
  3.000000E+00    16    30  1.164808E-01 -1.498912E-01
  3.000000E+00    17     1 -5.710320E+01 -1.160357E+01
  3.000000E+00    17     2  2.505745E+01  2.521498E+01
  3.000000E+00    17     3 -1.229914E+02 -2.838057E-02
  3.000000E+00    17     4 -2.544262E+02  4.303210E+01
  3.000000E+00    17     5 -2.208592E+02  3.077041E+01
  3.000000E+00    17     6 -1.705127E+01  1.052376E-01
  3.000000E+00    17     7 -8.850139E+01 -2.221370E+01
  3.000000E+00    17     8 -4.710756E+01 -2.875491E+01
  3.000000E+00    17     9 -6.113292E+01 -1.075579E-02
  3.000000E+00    17    10 -3.257984E+01 -5.091119E+01
  3.000000E+00    17    11 -1.602079E+01  5.694281E+01
  3.000000E+00    17    12  1.360511E-01  6.365150E-01
  3.000000E+00    17    13 -3.488219E+04 -5.385704E+02
  3.000000E+00    17    14 -5.478695E+04  3.902814E+00
  3.000000E+00    17    15 -2.821430E+04  8.421206E-01
  3.000000E+00    17    16 -7.229376E+05 -6.058083E+00
  3.000000E+00    17    17 -5.593416E+05  9.083761E+02
  3.000000E+00    17    18  7.397011E+03  6.175998E-01
  3.000000E+00    17    19 -5.005916E+04  2.135842E-01
  3.000000E+00    17    20 -4.028424E+04 -3.716091E+00
  3.000000E+00    17    21 -1.843165E+04  4.880087E+00
  3.000000E+00    17    22 -3.964242E+05 -2.070144E+02
  3.000000E+00    17    23 -2.144106E+05 -1.097691E+02
  3.000000E+00    17    24 -3.437452E+06 -4.962489E+01
  3.000000E+00    17    25  6.951126E+01 -6.696498E+01
  3.000000E+00    17    26 -1.090782E+02  1.048757E+02
  3.000000E+00    17    27 -2.651758E+01  4.241268E+00
  3.000000E+00    17    28 -2.678913E+02  2.434893E+02
  3.000000E+00    17    29 -2.013639E+02  1.542276E+02
  3.000000E+00    17    30  4.593904E+00 -3.253465E+00
  3.000000E+00    18     1 -1.578109E+00  8.332886E-02
  3.000000E+00    18     2  8.598243E-01 -1.134826E-01
  3.000000E+00    18     3 -4.643258E-01  1.110357E-03
  3.000000E+00    18     4  1.759295E+00 -2.445331E-01
  3.000000E+00    18     5  1.062345E+01  7.645403E-03
  3.000000E+00    18     6  1.313280E-01  3.821086E-02
  3.000000E+00    18     7  6.657992E-01 -3.435315E-02
  3.000000E+00    18     8 -3.232542E-01 -8.599362E-02
  3.000000E+00    18     9  1.341459E+00  2.570546E-04
  3.000000E+00    18    10 -6.531676E+00 -1.707954E-01
  3.000000E+00    18    11  2.113609E+00  2.141584E-01
  3.000000E+00    18    12 -3.795025E-01  4.186009E-02
  3.000000E+00    18    13 -4.257406E+03  4.657376E-01
  3.000000E+00    18    14 -4.722167E+02 -1.707255E+00
  3.000000E+00    18    15  6.164492E+01 -2.557819E-02
  3.000000E+00    18    16 -9.794064E+03 -3.206764E+00
  3.000000E+00    18    17  7.886716E+04 -1.249189E+00
  3.000000E+00    18    18  3.859209E+03  1.073498E+00
  3.000000E+00    18    19 -3.440852E+03 -3.300579E-02
  3.000000E+00    18    20  2.865904E+03  2.067131E-02
  3.000000E+00    18    21 -3.664265E+01 -8.218585E-02
  3.000000E+00    18    22  1.291695E+04  1.906119E+00
  3.000000E+00    18    23  1.280525E+04  1.248435E+00
  3.000000E+00    18    24 -8.150852E+04 -1.483611E+00
  3.000000E+00    18    25  8.932754E-01 -2.036418E+00
  3.000000E+00    18    26 -1.742147E+00  3.586943E+00
  3.000000E+00    18    27  1.617131E-01  9.507416E-02
  3.000000E+00    18    28 -4.032005E+00  8.314251E+00
  3.000000E+00    18    29  3.533468E-01  4.656039E+00
  3.000000E+00    18    30  1.905620E-01 -7.522357E-02
  3.000000E+00    19     1  1.830976E+04  2.627171E+01
  3.000000E+00    19     2 -3.335499E+03  1.524387E+00
  3.000000E+00    19     3  4.704085E+03  8.812109E-02
  3.000000E+00    19     4 -5.200188E+04  1.168083E-03
  3.000000E+00    19     5 -2.974514E+05 -4.960868E+01
  3.000000E+00    19     6 -1.260368E+04 -5.023447E-01
  3.000000E+00    19     7  1.579931E+04 -9.697294E-01
  3.000000E+00    19     8 -7.434679E+02  3.839872E-01
  3.000000E+00    19     9  1.578639E+02 -6.970918E-03
  3.000000E+00    19    10 -9.004226E+03  7.922565E-01
  3.000000E+00    19    11 -2.811878E+05  1.129042E+00
  3.000000E+00    19    12 -1.533788E+03 -2.210338E-01
  3.000000E+00    19    13  5.583956E+03  5.896589E+00
  3.000000E+00    19    14  3.211106E+03  2.840233E+00
  3.000000E+00    19    15  5.827696E+02 -7.197579E-04
  3.000000E+00    19    16  5.275534E+04  5.339847E+00
  3.000000E+00    19    17 -7.579807E+04 -9.727710E+00
  3.000000E+00    19    18 -2.277225E+03 -1.069639E-01
  3.000000E+00    19    19  1.039798E+04 -1.264915E-01
  3.000000E+00    19    20  6.991297E+03  1.100149E-01
  3.000000E+00    19    21  6.895624E+03 -5.798955E-03
  3.000000E+00    19    22  2.271699E+04  2.099699E+00
  3.000000E+00    19    23  2.366647E+05 -4.303867E+00
  3.000000E+00    19    24  3.366957E+05 -3.847242E+00
  3.000000E+00    19    25  5.910015E+01 -1.397789E+01
  3.000000E+00    19    26 -3.626689E+00 -1.421052E+00
  3.000000E+00    19    27  3.985654E+00 -5.399793E-01
  3.000000E+00    19    28 -4.426853E+01 -4.031357E+00
  3.000000E+00    19    29 -6.367319E+02  3.227006E+01
  3.000000E+00    19    30  8.025744E-01  1.053049E+00
  3.000000E+00    20     1  1.363805E+04  1.776222E+01
  3.000000E+00    20     2 -3.328649E+03 -4.421635E-01
  3.000000E+00    20     3  3.178634E+03  6.210836E-02
  3.000000E+00    20     4 -5.387188E+04 -2.614203E+00
  3.000000E+00    20     5 -2.193289E+05 -3.331808E+01
  3.000000E+00    20     6 -5.484109E+03 -2.931920E-01
  3.000000E+00    20     7  1.819930E+04  4.602647E-01
  3.000000E+00    20     8  2.004731E+03 -4.676474E-01
  3.000000E+00    20     9  9.725024E+01 -5.345575E-03
  3.000000E+00    20    10  4.048676E+04 -7.245048E-01
  3.000000E+00    20    11 -3.262414E+05 -8.774216E-01
  3.000000E+00    20    12 -4.850937E+03 -1.382119E-01
  3.000000E+00    20    13  3.046216E+03 -1.947060E+00
  3.000000E+00    20    14 -2.121267E+03  1.105118E+00
  3.000000E+00    20    15 -1.355821E+03  1.223818E-03
  3.000000E+00    20    16 -2.433205E+04  1.695122E+00
  3.000000E+00    20    17 -1.128843E+05  3.047736E+00
  3.000000E+00    20    18 -2.948652E+02  1.371093E-01
  3.000000E+00    20    19 -9.542894E+02 -9.698351E-02
  3.000000E+00    20    20  1.580168E+04  3.919754E-02
  3.000000E+00    20    21  2.949993E+03  1.492413E-03
  3.000000E+00    20    22  2.124713E+04 -1.051551E+00
  3.000000E+00    20    23  1.075652E+05 -3.661251E+00
  3.000000E+00    20    24  5.602277E+04 -4.161190E+00
  3.000000E+00    20    25  6.605195E-01 -1.052168E+01
  3.000000E+00    20    26  5.746819E+01  2.682832E+00
  3.000000E+00    20    27  2.863438E+00 -2.421737E-01
  3.000000E+00    20    28  6.258821E+02  5.743512E+00
  3.000000E+00    20    29  2.042284E+00  2.425818E+01
  3.000000E+00    20    30  5.344616E-01  5.704072E-01
  3.000000E+00    21     1 -5.735367E+03 -6.402132E+00
  3.000000E+00    21     2  9.999877E+02  2.578741E-02
  3.000000E+00    21     3 -5.440991E+02 -2.513850E-02
  3.000000E+00    21     4  1.520491E+04  6.912584E-01
  3.000000E+00    21     5  9.564166E+04  1.224854E+01
  3.000000E+00    21     6  2.885691E+03  1.037111E-01
  3.000000E+00    21     7  2.192570E+02  1.285993E+00
  3.000000E+00    21     8  3.736297E+01 -1.931013E-01
  3.000000E+00    21     9  5.675549E+02  1.065089E-03
  3.000000E+00    21    10  6.632433E+02 -3.435367E-01
  3.000000E+00    21    11 -4.075292E+03 -2.240691E+00
  3.000000E+00    21    12 -1.829972E+01  1.325963E-02
  3.000000E+00    21    13  3.266362E+02 -1.008987E-01
  3.000000E+00    21    14 -7.691103E+01 -7.313170E-01
  3.000000E+00    21    15  6.139281E+02  4.448566E-05
  3.000000E+00    21    16 -1.454246E+03 -1.282316E+00
  3.000000E+00    21    17 -4.774275E+03  5.089976E-02
  3.000000E+00    21    18  8.436581E+01 -3.937714E-02
  3.000000E+00    21    19  3.491414E+03  4.380070E-02
  3.000000E+00    21    20  7.225820E+02 -1.529127E-02
  3.000000E+00    21    21  1.963614E+04  1.507078E-02
  3.000000E+00    21    22  4.761212E+03 -4.012685E-01
  3.000000E+00    21    23 -7.189102E+04  1.111572E+00
  3.000000E+00    21    24 -3.854428E+04  7.434579E-01
  3.000000E+00    21    25 -4.059298E+00  3.895407E+00
  3.000000E+00    21    26  1.114080E+00  2.168736E-01
  3.000000E+00    21    27 -1.118707E+02  8.874249E-02
  3.000000E+00    21    28  1.173270E+01  6.426604E-01
  3.000000E+00    21    29  4.611792E+01 -8.997473E+00
  3.000000E+00    21    30 -4.314330E+00 -1.995254E-01
  3.000000E+00    22     1  1.746350E+04  2.310159E+01
  3.000000E+00    22     2 -4.480173E+03  1.824294E+00
  3.000000E+00    22     3  4.367261E+03  2.954939E-02
  3.000000E+00    22     4 -7.479323E+04  8.078504E-01
  3.000000E+00    22     5 -2.727754E+05 -3.867663E+01
  3.000000E+00    22     6 -3.761324E+03 -1.123429E-01
  3.000000E+00    22     7  6.730156E+04  2.145539E+01
  3.000000E+00    22     8  1.055200E+04 -4.619768E+00
  3.000000E+00    22     9  1.632520E+04 -4.961830E-03
  3.000000E+00    22    10  2.026689E+05 -8.056296E+00
  3.000000E+00    22    11 -1.230492E+06 -3.896295E+01
  3.000000E+00    22    12 -1.878160E+04 -1.171632E+00
  3.000000E+00    22    13 -3.959291E+03 -3.457972E+01
  3.000000E+00    22    14 -5.544963E+02  2.499025E+00
  3.000000E+00    22    15 -2.307650E+04 -9.010230E-05
  3.000000E+00    22    16  4.002167E+04  1.939785E+00
  3.000000E+00    22    17 -1.751167E+05  5.690690E+01
  3.000000E+00    22    18 -8.138802E+03  1.560710E+00
  3.000000E+00    22    19  1.183825E+04  4.206125E-02
  3.000000E+00    22    20  5.649114E+04 -4.516555E-02
  3.000000E+00    22    21  1.547412E+03 -5.899134E-02
  3.000000E+00    22    22  1.078877E+07  1.084408E+00
  3.000000E+00    22    23 -5.224792E+04 -1.119945E+01
  3.000000E+00    22    24  6.420388E+05 -1.638999E+01
  3.000000E+00    22    25  3.933107E+01 -1.784229E+01
  3.000000E+00    22    26  9.602492E+02  1.780149E+01
  3.000000E+00    22    27 -3.824457E+00  4.703311E-02
  3.000000E+00    22    28  1.027951E+04  4.055679E+01
  3.000000E+00    22    29 -3.400607E+02  4.102848E+01
  3.000000E+00    22    30  1.061923E+01  4.349358E-01
  3.000000E+00    23     1 -3.368063E+05 -3.986217E+02
  3.000000E+00    23     2  6.409537E+04 -1.014890E+00
  3.000000E+00    23     3 -5.066271E+04 -1.439350E+00
  3.000000E+00    23     4  9.923966E+05  3.826391E+01
  3.000000E+00    23     5  5.582835E+06  7.568175E+02
  3.000000E+00    23     6  1.760360E+05  6.769411E+00
  3.000000E+00    23     7 -5.459816E+04  3.853533E+01
  3.000000E+00    23     8 -6.414077E+02 -8.720966E+00
  3.000000E+00    23     9 -9.718051E+03  5.309280E-02
  3.000000E+00    23    10 -2.103656E+04 -1.728220E+01
  3.000000E+00    23    11  9.884329E+05 -5.902601E+01
  3.000000E+00    23    12  6.876190E+03  3.104422E+00
  3.000000E+00    23    13 -2.090337E+04 -6.552319E+01
  3.000000E+00    23    14 -6.173588E+03 -3.875982E+01
  3.000000E+00    23    15 -1.280880E+04 -7.517819E-03
  3.000000E+00    23    16 -9.065298E+04 -7.149266E+01
  3.000000E+00    23    17  2.506079E+05  1.076610E+02
  3.000000E+00    23    18  2.371554E+03  9.922930E-01
  3.000000E+00    23    19  1.503984E+05  2.298802E+00
  3.000000E+00    23    20  1.316251E+04 -1.499447E+00
  3.000000E+00    23    21 -9.888467E+04 -3.017859E-01
  3.000000E+00    23    22  5.030774E+04 -3.422455E+01
  3.000000E+00    23    23  6.446820E+06  8.440316E+01
  3.000000E+00    23    24 -2.505360E+06  5.436735E+01
  3.000000E+00    23    25 -9.208478E+02  2.277763E+02
  3.000000E+00    23    26  2.212224E+01  2.139873E+01
  3.000000E+00    23    27 -1.020334E+02  7.468712E+00
  3.000000E+00    23    28  2.150180E+02  6.038621E+01
  3.000000E+00    23    29  9.580012E+03 -5.259075E+02
  3.000000E+00    23    30 -1.788223E+00 -1.513083E+01
  3.000000E+00    24     1 -7.375166E+05 -9.597107E+02
  3.000000E+00    24     2  1.881718E+05  3.312531E+01
  3.000000E+00    24     3 -1.730684E+05 -3.532925E+00
  3.000000E+00    24     4  3.049540E+06  1.581960E+02
  3.000000E+00    24     5  1.185662E+07  1.822069E+03
  3.000000E+00    24     6  2.995317E+05  1.747547E+01
  3.000000E+00    24     7 -2.550616E+05  8.715046E+01
  3.000000E+00    24     8  9.520209E+04  8.667295E+00
  3.000000E+00    24     9 -5.180970E+03  1.946539E-01
  3.000000E+00    24    10  1.618077E+06  1.014403E+01
  3.000000E+00    24    11  4.480634E+06 -1.490511E+02
  3.000000E+00    24    12 -5.739661E+04  4.541312E+00
  3.000000E+00    24    13  3.518852E+05 -9.337229E+01
  3.000000E+00    24    14  9.920959E+04 -8.434499E+01
  3.000000E+00    24    15 -9.591788E+03 -7.030184E-02
  3.000000E+00    24    16  1.921459E+06 -1.570054E+02
  3.000000E+00    24    17 -6.780126E+06  1.453593E+02
  3.000000E+00    24    18 -1.151024E+05  1.358190E-01
  3.000000E+00    24    19  4.570072E+05  5.715012E+00
  3.000000E+00    24    20 -3.557050E+05 -2.950917E+00
  3.000000E+00    24    21 -1.889832E+05 -3.911505E-01
  3.000000E+00    24    22 -1.245852E+06 -5.433895E+01
  3.000000E+00    24    23 -8.705582E+06  1.667626E+02
  3.000000E+00    24    24  1.314156E+07  1.476089E+02
  3.000000E+00    24    25 -3.416037E+01  5.306774E+02
  3.000000E+00    24    26  6.268380E+01  3.192753E+01
  3.000000E+00    24    27 -1.974666E+02  1.626890E+01
  3.000000E+00    24    28  5.655035E+02  9.874541E+01
  3.000000E+00    24    29 -1.388479E+02 -1.225136E+03
  3.000000E+00    24    30 -1.986790E+01 -3.457683E+01
  3.000000E+00    25     1  3.333332E+01 -2.549815E+01
  3.000000E+00    25     2 -2.895761E-01  8.476526E-01
  3.000000E+00    25     3  1.316592E+00 -1.393366E-01
  3.000000E+00    25     4 -6.273389E+00  6.828367E+00
  3.000000E+00    25     5  1.494010E+01  5.153477E+01
  3.000000E+00    25     6  2.696708E-02  3.301379E+00
  3.000000E+00    25     7 -1.830786E+01  1.211993E+01
  3.000000E+00    25     8  2.719898E+00  2.908892E+00
  3.000000E+00    25     9 -7.771323E-01  1.457234E-02
  3.000000E+00    25    10  8.041445E+00  5.192219E+00
  3.000000E+00    25    11  2.610109E+01 -2.542220E+01
  3.000000E+00    25    12  9.837547E-01 -1.842779E+00
  3.000000E+00    25    13 -1.848362E+01  1.296549E+01
  3.000000E+00    25    14 -2.798077E+00 -3.365955E+00
  3.000000E+00    25    15 -7.691408E-01  1.019249E-02
  3.000000E+00    25    16 -8.617808E+00 -4.413176E+00
  3.000000E+00    25    17  1.595539E+01 -2.252827E+01
  3.000000E+00    25    18  1.039988E+00 -1.676988E+00
  3.000000E+00    25    19  6.471806E+01  8.986648E-01
  3.000000E+00    25    20  1.294765E+00  7.859101E-02
  3.000000E+00    25    21 -8.498847E+00 -7.378241E-02
  3.000000E+00    25    22  2.705283E+01  1.613518E+00
  3.000000E+00    25    23 -1.072485E+03  1.507863E+01
  3.000000E+00    25    24 -5.570883E+01  1.579296E+01
  3.000000E+00    25    25  4.071336E+02  1.269997E+02
  3.000000E+00    25    26  4.184232E+00 -1.507681E+00
  3.000000E+00    25    27  3.117902E+00  5.489615E-02
  3.000000E+00    25    28  5.014161E+01 -1.809749E+00
  3.000000E+00    25    29 -3.698258E+03 -2.936819E+02
  3.000000E+00    25    30 -7.761658E-01 -2.056725E-01
  3.000000E+00    26     1  1.818179E+00  4.623855E-01
  3.000000E+00    26     2  2.840079E+00  3.725081E+00
  3.000000E+00    26     3  2.878483E-01 -2.465498E-02
  3.000000E+00    26     4  4.798893E+00  6.813181E+00
  3.000000E+00    26     5 -2.131479E+01  4.749775E-03
  3.000000E+00    26     6 -7.351261E-01 -1.647195E-01
  3.000000E+00    26     7 -3.291019E+01  2.194790E+01
  3.000000E+00    26     8 -1.595834E+00 -2.224473E+00
  3.000000E+00    26     9 -1.507753E+00  2.129543E-02
  3.000000E+00    26    10 -4.099101E+00 -3.329425E+00
  3.000000E+00    26    11  5.179013E+01 -4.331815E+01
  3.000000E+00    26    12  1.827567E+00 -2.937193E+00
  3.000000E+00    26    13  3.108160E+01 -2.154991E+01
  3.000000E+00    26    14 -1.320916E+00 -1.500457E+00
  3.000000E+00    26    15  1.514794E+00 -2.016373E-02
  3.000000E+00    26    16 -2.231732E+00 -4.045898E+00
  3.000000E+00    26    17 -3.042824E+01  3.664100E+01
  3.000000E+00    26    18 -1.776231E+00  3.090520E+00
  3.000000E+00    26    19 -2.060727E-01  4.671929E-02
  3.000000E+00    26    20  6.494791E+01  5.994425E-01
  3.000000E+00    26    21 -2.254564E+00 -4.329552E-02
  3.000000E+00    26    22  1.076175E+03 -1.716274E+01
  3.000000E+00    26    23  1.649944E+01 -3.439620E-01
  3.000000E+00    26    24  1.488556E+01 -4.106249E+00
  3.000000E+00    26    25 -8.202857E-01 -2.320848E+00
  3.000000E+00    26    26  4.158975E+02  1.280147E+02
  3.000000E+00    26    27  1.061142E+00  1.358551E-01
  3.000000E+00    26    28  3.800361E+03  2.948735E+02
  3.000000E+00    26    29 -1.508224E+01  3.710116E+00
  3.000000E+00    26    30 -1.925167E-01 -1.751008E-01
  3.000000E+00    27     1  9.766484E-01 -5.755874E-01
  3.000000E+00    27     2  8.276769E-02 -1.466339E-02
  3.000000E+00    27     3 -1.147496E-01  3.323977E-03
  3.000000E+00    27     4 -5.793267E-02  6.797742E-04
  3.000000E+00    27     5 -6.317377E+00  8.635271E-01
  3.000000E+00    27     6 -1.796382E-01  5.055021E-02
  3.000000E+00    27     7  8.946922E-01 -2.823249E-03
  3.000000E+00    27     8 -4.521267E-02  4.569353E-02
  3.000000E+00    27     9 -1.555395E-01  2.432989E-04
  3.000000E+00    27    10 -1.590993E-01  1.924972E-02
  3.000000E+00    27    11 -2.437154E+00  9.200685E-02
  3.000000E+00    27    12 -8.301118E-02  2.157707E-02
  3.000000E+00    27    13  6.582098E-01 -8.152709E-01
  3.000000E+00    27    14 -6.424048E-02  5.361610E-02
  3.000000E+00    27    15 -1.625656E-01 -1.809924E-05
  3.000000E+00    27    16 -1.493650E-01  6.502248E-03
  3.000000E+00    27    17 -2.336320E+00  1.344295E+00
  3.000000E+00    27    18 -3.148352E-02  7.281765E-02
  3.000000E+00    27    19  4.553067E-01 -6.723593E-03
  3.000000E+00    27    20  2.493157E-01 -1.099821E-02
  3.000000E+00    27    21 -6.938158E+01 -1.554651E-02
  3.000000E+00    27    22 -1.631845E+01 -3.056502E-01
  3.000000E+00    27    23  9.050014E+00  2.737016E-01
  3.000000E+00    27    24  1.623544E+00  9.324881E-02
  3.000000E+00    27    25 -5.701464E-01  6.029593E-02
  3.000000E+00    27    26 -6.021216E-01  1.457896E-01
  3.000000E+00    27    27  7.106633E+01  1.232578E-01
  3.000000E+00    27    28 -7.315869E+00  3.477689E-01
  3.000000E+00    27    29  7.429043E+00 -1.433695E-01
  3.000000E+00    27    30 -3.784263E-01 -2.037888E-01
  3.000000E+00    28     1  1.544219E+01  4.409440E-01
  3.000000E+00    28     2  6.563848E+00  8.652620E+00
  3.000000E+00    28     3  3.296162E+00 -5.831061E-02
  3.000000E+00    28     4  6.769222E+00  1.589338E+01
  3.000000E+00    28     5 -2.224595E+02  1.138826E+00
  3.000000E+00    28     6 -5.591640E+00 -3.321989E-01
  3.000000E+00    28     7 -6.620634E+01  4.982893E+01
  3.000000E+00    28     8 -5.374547E+00 -5.075480E+00
  3.000000E+00    28     9 -1.699390E+01  4.829766E-02
  3.000000E+00    28    10 -3.685622E+01 -7.612953E+00
  3.000000E+00    28    11  4.588558E+00 -9.832796E+01
  3.000000E+00    28    12  3.976179E+00 -6.687347E+00
  3.000000E+00    28    13  6.030318E+01 -5.006993E+01
  3.000000E+00    28    14 -3.757757E+00 -3.403366E+00
  3.000000E+00    28    15  1.692434E+01 -4.704196E-02
  3.000000E+00    28    16 -1.419138E+01 -9.276388E+00
  3.000000E+00    28    17  1.077053E+02  8.515271E+01
  3.000000E+00    28    18 -5.440266E+00  7.157475E+00
  3.000000E+00    28    19  3.147354E+00  1.028026E-01
  3.000000E+00    28    20  7.614061E+02  1.362924E+00
  3.000000E+00    28    21 -3.659069E+01 -1.078643E-01
  3.000000E+00    28    22  1.202149E+04 -3.947486E+01
  3.000000E+00    28    23  1.222533E+02 -7.401816E-01
  3.000000E+00    28    24  6.620418E+01 -9.274734E+00
  3.000000E+00    28    25  2.145102E+01 -5.569727E+00
  3.000000E+00    28    26  3.914701E+03  2.941949E+02
  3.000000E+00    28    27  1.381877E+01  3.154572E-01
  3.000000E+00    28    28  4.011589E+04  6.777155E+02
  3.000000E+00    28    29 -3.038614E+02  9.083923E+00
  3.000000E+00    28    30  8.904628E-01 -4.194160E-01
  3.000000E+00    29     1 -2.959100E+01  5.839202E+01
  3.000000E+00    29     2  2.370026E-01 -2.125408E+00
  3.000000E+00    29     3 -1.379963E+01  3.205317E-01
  3.000000E+00    29     4  2.278880E+01 -1.598605E+01
  3.000000E+00    29     5 -8.040016E+02 -1.180761E+02
  3.000000E+00    29     6 -1.910972E+01 -7.565210E+00
  3.000000E+00    29     7  3.875006E+01 -2.897020E+01
  3.000000E+00    29     8 -7.959172E+00 -6.630010E+00
  3.000000E+00    29     9  8.520361E+00 -3.476119E-02
  3.000000E+00    29    10 -4.176095E+01 -1.186664E+01
  3.000000E+00    29    11  3.129116E+00  6.066124E+01
  3.000000E+00    29    12 -4.174605E+00  4.384332E+00
  3.000000E+00    29    13  3.379058E+01 -2.904953E+01
  3.000000E+00    29    14  9.121724E+00  7.834809E+00
  3.000000E+00    29    15  8.241485E+00 -2.283237E-02
  3.000000E+00    29    16  5.713808E+01  1.034779E+01
  3.000000E+00    29    17  8.939736E+01  5.050547E+01
  3.000000E+00    29    18 -1.162559E+00  3.736681E+00
  3.000000E+00    29    19 -7.500968E+02 -2.069148E+00
  3.000000E+00    29    20 -1.864831E+01 -2.125069E-01
  3.000000E+00    29    21  1.180780E+02  1.686433E-01
  3.000000E+00    29    22 -4.184561E+02 -2.983572E+00
  3.000000E+00    29    23  1.189810E+04 -3.465986E+01
  3.000000E+00    29    24  5.793378E+02 -3.614719E+01
  3.000000E+00    29    25 -3.801185E+03 -2.922037E+02
  3.000000E+00    29    26 -5.647345E+01 -2.160248E+00
  3.000000E+00    29    27 -4.359043E+01 -1.348450E-01
  3.000000E+00    29    28 -6.586407E+02 -8.788513E+00
  3.000000E+00    29    29  3.873239E+04  6.757874E+02
  3.000000E+00    29    30  9.939834E+00  4.711292E-01
  3.000000E+00    30     1 -1.574800E+00  2.512980E+00
  3.000000E+00    30     2 -3.214131E-02 -6.736948E-02
  3.000000E+00    30     3  1.565999E-01 -3.462248E-03
  3.000000E+00    30     4  1.718731E-01 -3.436161E-01
  3.000000E+00    30     5  9.151289E+00 -4.211559E+00
  3.000000E+00    30     6  2.247286E-01 -1.827134E-01
  3.000000E+00    30     7 -1.818450E+00  1.368319E-01
  3.000000E+00    30     8 -2.423114E-01  3.275118E-02
  3.000000E+00    30     9  1.939973E-01 -3.459465E-04
  3.000000E+00    30    10 -3.139233E-01  1.700007E-01
  3.000000E+00    30    11  4.514854E+00 -5.180334E-01
  3.000000E+00    30    12  1.891776E-01 -7.145762E-02
  3.000000E+00    30    13 -1.798556E+00  4.186593E-01
  3.000000E+00    30    14  2.999246E-01 -1.705421E-01
  3.000000E+00    30    15  2.169781E-01  4.251152E-04
  3.000000E+00    30    16  4.955945E-01 -1.193940E-01
  3.000000E+00    30    17  4.745805E+00 -7.307988E-01
  3.000000E+00    30    18  1.602800E-01 -6.427130E-02
  3.000000E+00    30    19  8.425173E-01  8.783200E-03
  3.000000E+00    30    20  6.754243E-01  2.580101E-02
  3.000000E+00    30    21 -8.684727E+00  3.627962E-02
  3.000000E+00    30    22  2.063758E+01  1.512115E-01
  3.000000E+00    30    23  2.771758E+00 -1.052917E+00
  3.000000E+00    30    24 -4.115747E+00 -6.480745E-01
  3.000000E+00    30    25 -4.355094E-01 -3.073545E-01
  3.000000E+00    30    26  7.426542E-01 -2.340450E-01
  3.000000E+00    30    27  3.183191E+00 -2.513052E-01
  3.000000E+00    30    28  8.044379E+00 -5.887259E-01
  3.000000E+00    30    29  5.997420E+00  7.045898E-01
  3.000000E+00    30    30  4.663996E+01  5.555300E-01
  4.000000E+00     1     1 -8.314761E+03  1.917806E+02
  4.000000E+00     1     2  2.298015E+03  6.250384E+01
  4.000000E+00     1     3 -3.286053E+03 -2.399433E+00
  4.000000E+00     1     4  4.085281E+04  5.707479E+01
  4.000000E+00     1     5  1.414192E+05 -8.141517E+02
  4.000000E+00     1     6  8.481268E+03  1.235223E+01
  4.000000E+00     1     7  2.865232E+01 -7.213001E+01
  4.000000E+00     1     8  1.721591E+01  1.538794E+01
  4.000000E+00     1     9 -1.288423E+01 -1.789170E+00
  4.000000E+00     1    10  3.665717E+01  6.248635E+01
  4.000000E+00     1    11 -1.346802E+02  3.055692E+02
  4.000000E+00     1    12 -2.082562E+00  1.144500E+00
  4.000000E+00     1    13  4.079005E+01 -1.498023E+02
  4.000000E+00     1    14  4.003033E+00 -5.624037E+01
  4.000000E+00     1    15 -3.698354E+00 -3.565023E+00
  4.000000E+00     1    16 -5.351582E+01 -2.370454E+02
  4.000000E+00     1    17 -1.635919E+02  6.263429E+02
  4.000000E+00     1    18 -4.677348E+00 -1.210564E+00
  4.000000E+00     1    19  3.343381E+03 -2.110166E+01
  4.000000E+00     1    20  2.142135E+03  8.509754E+00
  4.000000E+00     1    21 -4.040483E+03 -8.207397E+00
  4.000000E+00     1    22  1.127148E+04  4.370778E+01
  4.000000E+00     1    23 -1.618863E+05 -7.943826E+02
  4.000000E+00     1    24 -8.936906E+04 -5.364630E+02
  4.000000E+00     1    25 -1.316075E+02 -7.650172E+01
  4.000000E+00     1    26  1.850220E+01 -6.830100E+00
  4.000000E+00     1    27 -2.072452E+00 -4.471572E+00
  4.000000E+00     1    28  7.272452E+01 -2.712223E+01
  4.000000E+00     1    29  4.881886E+02  2.876549E+02
  4.000000E+00     1    30  1.959097E-01  2.775565E+00
  4.000000E+00     2     1 -7.536736E+03 -2.240101E+02
  4.000000E+00     2     2  3.816180E+03  7.727093E+02
  4.000000E+00     2     3 -1.822011E+03 -5.010764E+00
  4.000000E+00     2     4  6.057722E+04  3.039418E+03
  4.000000E+00     2     5  1.248304E+05  9.944345E+02
  4.000000E+00     2     6  3.557331E+03  2.187200E+01
  4.000000E+00     2     7  2.012460E+01  2.437005E+01
  4.000000E+00     2     8  2.831266E+01  1.622647E+01
  4.000000E+00     2     9 -7.780668E+00  1.974161E-01
  4.000000E+00     2    10  1.352364E+02  6.183230E+01
  4.000000E+00     2    11 -1.025651E+02 -9.621079E+01
  4.000000E+00     2    12 -1.640645E+00  3.438133E-01
  4.000000E+00     2    13  1.974595E+02 -1.392627E+02
  4.000000E+00     2    14  1.092048E+02 -7.184445E+01
  4.000000E+00     2    15  3.699874E+00 -3.540804E+00
  4.000000E+00     2    16  4.203200E+02 -3.272703E+02
  4.000000E+00     2    17 -8.160630E+02  5.987487E+02
  4.000000E+00     2    18  2.768029E-02 -3.519865E+00
  4.000000E+00     2    19  4.332365E+03 -6.834661E+00
  4.000000E+00     2    20  3.715810E+02  8.219939E+00
  4.000000E+00     2    21 -1.847798E+03 -2.175968E+01
  4.000000E+00     2    22  3.587204E+03  1.878224E+02
  4.000000E+00     2    23 -7.711106E+04 -8.052887E+01
  4.000000E+00     2    24 -2.533257E+03 -4.070429E+02
  4.000000E+00     2    25  5.389437E+00 -9.684624E+01
  4.000000E+00     2    26  4.807230E+01  1.461058E+01
  4.000000E+00     2    27  1.806484E+00 -8.723422E-01
  4.000000E+00     2    28  1.873633E+02  5.204810E+01
  4.000000E+00     2    29 -2.170793E+01  3.623397E+02
  4.000000E+00     2    30 -2.134078E+00  4.799334E-01
  4.000000E+00     3     1  7.204527E+03  2.021308E+02
  4.000000E+00     3     2 -9.413528E+02 -4.662753E+01
  4.000000E+00     3     3  3.098031E+03  4.419952E+00
  4.000000E+00     3     4 -1.577278E+04 -9.737373E+01
  4.000000E+00     3     5 -1.235687E+05 -8.491845E+02
  4.000000E+00     3     6 -3.872259E+03 -5.997901E+00
  4.000000E+00     3     7 -9.524874E+01  3.241381E+01
  4.000000E+00     3     8  3.118551E+01 -2.868207E+01
  4.000000E+00     3     9  1.018396E+01  1.039184E+00
  4.000000E+00     3    10  1.359130E+02 -1.252731E+02
  4.000000E+00     3    11  4.166303E+02 -1.521915E+02
  4.000000E+00     3    12  4.130809E+00 -1.531916E+00
  4.000000E+00     3    13 -1.037268E+02  8.051451E+01
  4.000000E+00     3    14 -4.328510E+01  5.305541E+01
  4.000000E+00     3    15  5.771584E+00  2.166566E+00
  4.000000E+00     3    16 -1.585673E+02  2.295501E+02
  4.000000E+00     3    17  4.395868E+02 -3.524415E+02
  4.000000E+00     3    18  6.014794E-01  2.420928E+00
  4.000000E+00     3    19 -4.311983E+03  1.047527E+01
  4.000000E+00     3    20 -1.180447E+03 -4.734552E+00
  4.000000E+00     3    21  2.600321E+03  2.035811E+01
  4.000000E+00     3    22 -5.695838E+03 -3.521838E+01
  4.000000E+00     3    23  1.096927E+05  1.205041E+02
  4.000000E+00     3    24  5.294806E+04  2.795193E+02
  4.000000E+00     3    25  1.508301E+00  9.081892E+01
  4.000000E+00     3    26 -1.001198E+01  4.312319E+00
  4.000000E+00     3    27  1.093886E+00  9.689204E-01
  4.000000E+00     3    28 -4.141539E+01  1.822570E+01
  4.000000E+00     3    29 -1.559681E+01 -3.402087E+02
  4.000000E+00     3    30  2.064141E+00 -5.576185E-01
  4.000000E+00     4     1 -1.180504E+05 -3.457754E+03
  4.000000E+00     4     2  5.813135E+04  3.821349E+03
  4.000000E+00     4     3 -2.890301E+04 -7.610593E+01
  4.000000E+00     4     4  9.955724E+05  1.403333E+04
  4.000000E+00     4     5  1.948757E+06  1.469663E+04
  4.000000E+00     4     6  5.492379E+04  1.654982E+02
  4.000000E+00     4     7  1.251960E+03 -2.326165E+02
  4.000000E+00     4     8 -2.601277E+02  4.061064E+02
  4.000000E+00     4     9 -1.002046E+02 -1.051367E+01
  4.000000E+00     4    10 -7.963601E+02  1.738411E+03
  4.000000E+00     4    11 -5.395605E+03  1.208430E+03
  4.000000E+00     4    12 -5.944523E+01  1.918380E+01
  4.000000E+00     4    13  2.138791E+03 -1.570999E+03
  4.000000E+00     4    14  1.004027E+03 -9.688194E+02
  4.000000E+00     4    15  3.612496E+01 -4.152767E+01
  4.000000E+00     4    16  3.658412E+03 -4.266554E+03
  4.000000E+00     4    17 -8.850892E+03  6.841302E+03
  4.000000E+00     4    18 -9.086863E+00 -4.552662E+01
  4.000000E+00     4    19  6.764831E+04 -1.573752E+02
  4.000000E+00     4    20  4.527182E+03  9.154870E+01
  4.000000E+00     4    21 -2.842899E+04 -3.443870E+02
  4.000000E+00     4    22  5.642605E+04  1.247591E+03
  4.000000E+00     4    23 -1.179026E+06 -1.351552E+03
  4.000000E+00     4    24  3.288330E+04 -5.032858E+03
  4.000000E+00     4    25  9.093137E+01 -1.522799E+03
  4.000000E+00     4    26  3.412199E+02  9.262205E+00
  4.000000E+00     4    27  2.884608E+01 -1.369417E+01
  4.000000E+00     4    28  1.385355E+03 -2.310768E+00
  4.000000E+00     4    29 -3.527563E+02  5.703383E+03
  4.000000E+00     4    30 -3.318369E+01  7.702881E+00
  4.000000E+00     5     1  1.364468E+05  4.818183E+03
  4.000000E+00     5     2 -4.364057E+04 -1.025334E+03
  4.000000E+00     5     3  5.609661E+04  1.323652E+02
  4.000000E+00     5     4 -7.798369E+05 -6.951542E+02
  4.000000E+00     5     5 -2.232730E+06 -2.022377E+04
  4.000000E+00     5     6 -1.374374E+05 -2.046877E+02
  4.000000E+00     5     7 -2.681677E+03  1.411914E+03
  4.000000E+00     5     8  7.642344E+02 -9.528024E+02
  4.000000E+00     5     9  1.541796E+02  4.107574E+01
  4.000000E+00     5    10  3.662190E+03 -4.126475E+03
  4.000000E+00     5    11  1.140263E+04 -6.356446E+03
  4.000000E+00     5    12  8.930511E+01 -5.259947E+01
  4.000000E+00     5    13 -2.906000E+03  2.740545E+03
  4.000000E+00     5    14 -1.113142E+03  1.613464E+03
  4.000000E+00     5    15 -2.836788E+00  7.221764E+01
  4.000000E+00     5    16 -3.340125E+03  6.945334E+03
  4.000000E+00     5    17  1.195488E+04 -1.188563E+04
  4.000000E+00     5    18  6.870032E+01  6.902213E+01
  4.000000E+00     5    19 -4.826904E+04  3.847752E+02
  4.000000E+00     5    20 -3.120729E+04 -1.704030E+02
  4.000000E+00     5    21  6.553569E+04  5.885507E+02
  4.000000E+00     5    22 -1.729571E+05 -8.422888E+02
  4.000000E+00     5    23  2.588740E+06  7.269923E+03
  4.000000E+00     5    24  1.229057E+06  1.004658E+04
  4.000000E+00     5    25  6.508458E+02  2.844470E+03
  4.000000E+00     5    26 -2.921451E+02  1.181559E+02
  4.000000E+00     5    27 -4.962015E+01  4.906674E+01
  4.000000E+00     5    28 -1.183737E+03  5.045799E+02
  4.000000E+00     5    29 -2.320005E+03 -1.065870E+04
  4.000000E+00     5    30  4.766759E+01 -2.943172E+01
  4.000000E+00     6     1  3.610295E+03  1.849557E+02
  4.000000E+00     6     2 -2.246651E+03 -3.541246E+01
  4.000000E+00     6     3  1.402084E+03  3.805930E+00
  4.000000E+00     6     4 -4.078502E+04 -5.830535E+01
  4.000000E+00     6     5 -5.924080E+04 -7.684120E+02
  4.000000E+00     6     6  4.840585E+02 -5.094953E+00
  4.000000E+00     6     7 -7.544720E+01  3.164400E+01
  4.000000E+00     6     8  2.302658E+01 -2.768944E+01
  4.000000E+00     6     9  3.315592E+00  9.747227E-01
  4.000000E+00     6    10  5.674805E+01 -1.199597E+02
  4.000000E+00     6    11  3.146501E+02 -1.464697E+02
  4.000000E+00     6    12  3.825315E+00 -1.442772E+00
  4.000000E+00     6    13 -9.391187E+01  7.202227E+01
  4.000000E+00     6    14 -3.814027E+01  4.657320E+01
  4.000000E+00     6    15 -1.491448E+00  1.929832E+00
  4.000000E+00     6    16 -1.437599E+02  2.021664E+02
  4.000000E+00     6    17  3.869033E+02 -3.150557E+02
  4.000000E+00     6    18 -1.602775E-01  2.128789E+00
  4.000000E+00     6    19 -1.021324E+03  9.716570E+00
  4.000000E+00     6    20  1.268679E+03 -4.559209E+00
  4.000000E+00     6    21  1.551390E+03  1.779932E+01
  4.000000E+00     6    22  4.119900E+03 -2.873619E+01
  4.000000E+00     6    23  6.041465E+04  1.065168E+02
  4.000000E+00     6    24 -7.809294E+04  2.557499E+02
  4.000000E+00     6    25  1.547687E+00  7.636236E+01
  4.000000E+00     6    26 -9.467385E+00  1.379640E+00
  4.000000E+00     6    27 -1.457134E+00  8.300619E-01
  4.000000E+00     6    28 -4.056377E+01  6.924603E+00
  4.000000E+00     6    29 -4.429292E+00 -2.862011E+02
  4.000000E+00     6    30  1.636888E+00 -4.663481E-01
  4.000000E+00     7     1 -2.037862E+02  3.446791E+01
  4.000000E+00     7     2 -9.287972E+01  6.810661E+01
  4.000000E+00     7     3 -4.080484E+00  1.724809E+00
  4.000000E+00     7     4 -3.529464E+02  3.303305E+02
  4.000000E+00     7     5  9.043565E+02 -2.278368E+02
  4.000000E+00     7     6 -3.689190E-02 -3.345143E-01
  4.000000E+00     7     7  2.509888E+04  6.831996E+02
  4.000000E+00     7     8  1.378587E+03 -2.231801E+01
  4.000000E+00     7     9  2.567487E+02  8.394991E+00
  4.000000E+00     7    10  3.028105E+04 -9.615562E+01
  4.000000E+00     7    11 -4.435652E+05 -2.899804E+03
  4.000000E+00     7    12 -4.924802E+03  1.956416E+00
  4.000000E+00     7    13 -1.967284E+02  1.380015E+01
  4.000000E+00     7    14  9.086700E+01 -5.938049E+01
  4.000000E+00     7    15 -4.217411E+00  1.183582E+00
  4.000000E+00     7    16  3.186241E+02 -2.636216E+02
  4.000000E+00     7    17  7.315984E+02 -5.476409E+01
  4.000000E+00     7    18  8.850526E+00 -2.638222E+00
  4.000000E+00     7    19  9.720250E+03 -2.915116E+00
  4.000000E+00     7    20  2.110818E+04 -2.017040E+00
  4.000000E+00     7    21  3.372900E+02  4.131121E+01
  4.000000E+00     7    22  7.858893E+04 -5.089146E+02
  4.000000E+00     7    23 -2.661696E+04  3.995363E+02
  4.000000E+00     7    24  1.190107E+05  1.563548E+02
  4.000000E+00     7    25  6.640482E+01 -6.847879E+01
  4.000000E+00     7    26  1.179237E+02 -1.271037E+02
  4.000000E+00     7    27 -6.724471E+00 -2.499692E+00
  4.000000E+00     7    28  4.404626E+02 -4.756848E+02
  4.000000E+00     7    29 -2.506706E+02  2.594081E+02
  4.000000E+00     7    30  5.984651E+00  2.150591E+00
  4.000000E+00     8     1  8.925981E+01 -5.955230E+01
  4.000000E+00     8     2  6.475191E+01 -1.611820E+01
  4.000000E+00     8     3  2.649985E+00 -2.024637E+00
  4.000000E+00     8     4  2.605203E+02 -8.052646E+01
  4.000000E+00     8     5 -3.599465E+02  3.007985E+02
  4.000000E+00     8     6  1.315926E+00  1.238688E+00
  4.000000E+00     8     7 -4.668849E+03 -9.043567E+00
  4.000000E+00     8     8  3.439042E+03  7.257041E+02
  4.000000E+00     8     9 -4.951799E+01 -2.423563E-02
  4.000000E+00     8    10  5.311227E+04  2.988100E+03
  4.000000E+00     8    11  8.302808E+04  3.493609E+01
  4.000000E+00     8    12 -4.966161E+01  1.340525E+01
  4.000000E+00     8    13 -7.252678E+01  5.488477E+01
  4.000000E+00     8    14  5.679460E+01 -1.277965E+01
  4.000000E+00     8    15 -2.194761E+00  1.307729E+00
  4.000000E+00     8    16  2.071447E+02 -5.942448E+01
  4.000000E+00     8    17  2.465463E+02 -2.156371E+02
  4.000000E+00     8    18  4.790433E+00 -1.473069E+00
  4.000000E+00     8    19 -3.639922E+03  2.047385E+00
  4.000000E+00     8    20 -3.135900E+03  3.016642E+00
  4.000000E+00     8    21  4.405723E+00 -2.082077E+00
  4.000000E+00     8    22 -9.727464E+03 -2.503934E+01
  4.000000E+00     8    23  8.732487E+03 -1.961671E+02
  4.000000E+00     8    24  9.042470E+04  6.367117E+01
  4.000000E+00     8    25  2.987696E+01  1.788787E+01
  4.000000E+00     8    26 -2.261301E+01 -6.359334E+00
  4.000000E+00     8    27  2.618622E-01  1.074832E-01
  4.000000E+00     8    28 -8.496878E+01 -2.332227E+01
  4.000000E+00     8    29 -1.123845E+02 -6.652216E+01
  4.000000E+00     8    30 -4.547894E-02 -5.455068E-02
  4.000000E+00     9     1 -1.532238E+01  7.004040E-01
  4.000000E+00     9     2 -1.602589E+00  1.364060E+00
  4.000000E+00     9     3  4.106252E+00  4.404841E-02
  4.000000E+00     9     4  6.281391E-01  6.452214E+00
  4.000000E+00     9     5  1.945602E+02 -5.051751E+00
  4.000000E+00     9     6  3.976897E+00 -9.792391E-03
  4.000000E+00     9     7  7.938708E+01  7.655777E+00
  4.000000E+00     9     8 -1.407472E+01  3.550718E-01
  4.000000E+00     9     9  1.680033E+03  2.478005E-01
  4.000000E+00     9    10 -2.756453E+02  1.268923E+00
  4.000000E+00     9    11 -9.576227E+02 -3.328138E+01
  4.000000E+00     9    12  3.864748E+01 -8.956052E-02
  4.000000E+00     9    13 -6.446873E+00  9.379214E-01
  4.000000E+00     9    14  3.167915E+00 -1.515251E+00
  4.000000E+00     9    15  6.095079E+00  4.329169E-02
  4.000000E+00     9    16  2.346385E+01 -6.606322E+00
  4.000000E+00     9    17  4.583083E+01 -3.622445E+00
  4.000000E+00     9    18  7.563074E-01 -8.290905E-02
  4.000000E+00     9    19  4.505172E+00 -1.729364E-01
  4.000000E+00     9    20 -3.497760E+01 -1.626981E-01
  4.000000E+00     9    21  5.922109E+02  1.014141E+00
  4.000000E+00     9    22  1.734521E+04 -5.598287E+00
  4.000000E+00     9    23 -1.028422E+04  4.946883E+00
  4.000000E+00     9    24 -1.057877E+03  2.847609E+00
  4.000000E+00     9    25  5.267360E-01 -1.980314E+00
  4.000000E+00     9    26  8.190655E-01 -3.310764E+00
  4.000000E+00     9    27  2.442670E+00 -3.159259E-02
  4.000000E+00     9    28 -5.448354E+00 -1.240366E+01
  4.000000E+00     9    29  3.223177E+00  7.505954E+00
  4.000000E+00     9    30  3.316556E-01  2.702091E-02
  4.000000E+00    10     1  4.416387E+02 -2.985790E+02
  4.000000E+00    10     2  3.189259E+02 -1.109205E+02
  4.000000E+00    10     3  1.921627E+01 -1.017829E+01
  4.000000E+00    10     4  1.270659E+03 -5.369004E+02
  4.000000E+00    10     5 -1.584783E+03  1.513078E+03
  4.000000E+00    10     6  1.219890E+01  5.579884E+00
  4.000000E+00    10     7 -8.379431E+04 -1.682550E+02
  4.000000E+00    10     8  5.521035E+04  3.069289E+03
  4.000000E+00    10     9 -6.452245E+02 -3.937367E+00
  4.000000E+00    10    10  9.298052E+05  1.265443E+04
  4.000000E+00    10    11  1.494299E+06  7.053396E+02
  4.000000E+00    10    12 -1.208622E+03  5.969382E+01
  4.000000E+00    10    13 -2.379432E+02  2.557792E+02
  4.000000E+00    10    14  2.126073E+02 -5.008973E+01
  4.000000E+00    10    15 -1.102696E+01  5.818911E+00
  4.000000E+00    10    16  7.557228E+02 -2.235224E+02
  4.000000E+00    10    17  7.705562E+02 -9.969667E+02
  4.000000E+00    10    18  1.701119E+01 -6.821129E+00
  4.000000E+00    10    19 -6.577011E+04  1.161575E+01
  4.000000E+00    10    20 -5.603846E+04  1.699775E+01
  4.000000E+00    10    21  1.213432E+02 -2.454262E+01
  4.000000E+00    10    22 -1.775472E+05  6.339147E+01
  4.000000E+00    10    23  1.581438E+05 -1.031200E+03
  4.000000E+00    10    24  1.643110E+06  2.200966E+02
  4.000000E+00    10    25  1.160589E+02  9.568597E+01
  4.000000E+00    10    26 -1.454724E+02  1.823317E+01
  4.000000E+00    10    27  4.437524E+00  1.430516E+00
  4.000000E+00    10    28 -5.515820E+02  7.039848E+01
  4.000000E+00    10    29 -4.413719E+02 -3.573207E+02
  4.000000E+00    10    30 -2.204793E+00 -1.112278E+00
  4.000000E+00    11     1  1.237034E+03 -3.234923E+02
  4.000000E+00    11     2  5.538268E+02 -4.566449E+02
  4.000000E+00    11     3  4.240943E+00 -1.370903E+01
  4.000000E+00    11     4  2.057445E+03 -2.162029E+03
  4.000000E+00    11     5 -5.912780E+03  1.893525E+03
  4.000000E+00    11     6 -1.246751E+01  2.243618E+00
  4.000000E+00    11     7 -4.501563E+05 -3.495132E+03
  4.000000E+00    11     8 -2.845492E+04  3.716378E+02
  4.000000E+00    11     9 -3.654328E+03 -5.558484E+01
  4.000000E+00    11    10 -6.092660E+05  1.609801E+03
  4.000000E+00    11    11  8.062180E+06  1.494474E+04
  4.000000E+00    11    12  9.248995E+04  6.231928E+00
  4.000000E+00    11    13  1.212633E+03 -5.470564E+01
  4.000000E+00    11    14 -5.318651E+02  3.160313E+02
  4.000000E+00    11    15  1.011965E+01 -6.528889E+00
  4.000000E+00    11    16 -1.846272E+03  1.425986E+03
  4.000000E+00    11    17 -4.586537E+03  2.420322E+02
  4.000000E+00    11    18 -5.240689E+01  1.293196E+01
  4.000000E+00    11    19 -1.739647E+05  2.259090E+01
  4.000000E+00    11    20 -3.856495E+05  2.824418E+01
  4.000000E+00    11    21 -7.168511E+03 -2.508436E+02
  4.000000E+00    11    22 -1.496151E+06  2.581596E+03
  4.000000E+00    11    23  5.121633E+05 -2.344067E+03
  4.000000E+00    11    24 -2.345468E+06 -7.422303E+02
  4.000000E+00    11    25 -3.399652E+02  4.078725E+02
  4.000000E+00    11    26 -6.472281E+02  8.049332E+02
  4.000000E+00    11    27  3.085918E+01  1.242136E+01
  4.000000E+00    11    28 -2.373075E+03  3.013172E+03
  4.000000E+00    11    29  1.258726E+03 -1.546682E+03
  4.000000E+00    11    30 -3.636872E+01 -1.083831E+01
  4.000000E+00    12     1 -3.977013E+00 -4.684407E-01
  4.000000E+00    12     2 -5.305756E-01  1.559287E+00
  4.000000E+00    12     3  3.223079E-01 -1.115878E-02
  4.000000E+00    12     4  1.426764E-01  7.305140E+00
  4.000000E+00    12     5  3.603369E+01  1.554795E+00
  4.000000E+00    12     6  5.776691E-01  3.601588E-02
  4.000000E+00    12     7  3.245238E+03  1.576630E+01
  4.000000E+00    12     8 -9.638373E+02  8.016428E+00
  4.000000E+00    12     9  1.378096E+02  2.124274E-01
  4.000000E+00    12    10 -1.626011E+04  3.287521E+01
  4.000000E+00    12    11 -5.503368E+04 -6.782960E+01
  4.000000E+00    12    12  3.583601E+03  2.812282E-01
  4.000000E+00    12    13 -6.201066E+00  2.807187E+00
  4.000000E+00    12    14  3.105759E+00 -2.642183E+00
  4.000000E+00    12    15 -9.079103E-01  9.184235E-02
  4.000000E+00    12    16  8.123187E+00 -1.119495E+01
  4.000000E+00    12    17  1.948898E+01 -1.064701E+01
  4.000000E+00    12    18  1.746764E-01 -1.719880E-01
  4.000000E+00    12    19  3.179905E+03  8.342277E-02
  4.000000E+00    12    20  1.723429E+03  2.736163E-02
  4.000000E+00    12    21 -7.404410E+00  1.064938E+00
  4.000000E+00    12    22  2.569306E+03 -1.430131E+01
  4.000000E+00    12    23 -6.517285E+03  7.848373E+00
  4.000000E+00    12    24 -1.007056E+05  2.083790E+00
  4.000000E+00    12    25  2.910462E+00 -1.251379E+00
  4.000000E+00    12    26  2.348205E+00 -3.030803E+00
  4.000000E+00    12    27 -1.718765E-01 -6.897732E-02
  4.000000E+00    12    28  8.117588E+00 -1.132096E+01
  4.000000E+00    12    29 -1.181703E+01  4.769878E+00
  4.000000E+00    12    30  1.570060E-01  5.825588E-02
  4.000000E+00    13     1 -2.223640E+02  1.680078E+01
  4.000000E+00    13     2  1.026316E+02 -6.324893E+01
  4.000000E+00    13     3 -1.422582E+00 -1.332287E+00
  4.000000E+00    13     4  4.465081E+02 -2.339748E+02
  4.000000E+00    13     5  9.373665E+02  3.123367E+01
  4.000000E+00    13     6  6.276340E+00  7.830533E-01
  4.000000E+00    13     7 -2.163304E+02  4.366975E+01
  4.000000E+00    13     8 -9.870370E+01  7.384205E+01
  4.000000E+00    13     9 -1.949803E+00  1.754000E+00
  4.000000E+00    13    10 -4.126392E+02  3.254069E+02
  4.000000E+00    13    11  9.155015E+02 -2.117582E+02
  4.000000E+00    13    12 -1.135604E+00  4.687018E+00
  4.000000E+00    13    13  2.102339E+03  7.112173E+02
  4.000000E+00    13    14  3.271168E+03 -1.605356E+01
  4.000000E+00    13    15  1.527967E+03  9.899498E+00
  4.000000E+00    13    16  4.391615E+04 -2.002085E+01
  4.000000E+00    13    17  2.794753E+04 -2.873501E+03
  4.000000E+00    13    18 -6.597054E+02 -9.691973E-01
  4.000000E+00    13    19  3.005172E+03  2.956733E+00
  4.000000E+00    13    20  2.201137E+03  1.243755E+01
  4.000000E+00    13    21  9.072136E+02  3.939471E+01
  4.000000E+00    13    22  2.498360E+04  5.148280E+02
  4.000000E+00    13    23  1.291966E+04  1.501016E+02
  4.000000E+00    13    24  2.011688E+05  2.283717E+02
  4.000000E+00    13    25  6.526821E+01 -8.517391E+01
  4.000000E+00    13    26 -1.135611E+02  1.396618E+02
  4.000000E+00    13    27 -6.178343E+00 -1.820375E+00
  4.000000E+00    13    28 -4.253181E+02  5.200555E+02
  4.000000E+00    13    29 -2.395462E+02  3.148376E+02
  4.000000E+00    13    30  6.867150E+00  1.821527E+00
  4.000000E+00    14     1 -8.093021E+01  5.205227E+01
  4.000000E+00    14     2  6.131348E+01 -1.366895E+01
  4.000000E+00    14     3 -3.397398E+00  5.050008E-01
  4.000000E+00    14     4  2.525345E+02 -5.686232E+01
  4.000000E+00    14     5  3.133264E+02 -1.882757E+02
  4.000000E+00    14     6  2.586164E+00 -1.512112E-01
  4.000000E+00    14     7  8.100295E+01 -5.414181E+01
  4.000000E+00    14     8  6.018073E+01 -1.338176E+01
  4.000000E+00    14     9  1.878841E+00 -1.287457E+00
  4.000000E+00    14    10  2.457744E+02 -6.458205E+01
  4.000000E+00    14    11 -3.334576E+02  2.322343E+02
  4.000000E+00    14    12  1.030171E+00 -1.506956E+00
  4.000000E+00    14    13  5.858433E+03  1.068442E+01
  4.000000E+00    14    14  3.762910E+03  7.199952E+02
  4.000000E+00    14    15 -1.663755E+02  7.476497E-02
  4.000000E+00    14    16  6.274048E+04  2.942823E+03
  4.000000E+00    14    17 -1.129301E+05 -1.485798E+02
  4.000000E+00    14    18 -1.376874E+03  1.475649E+01
  4.000000E+00    14    19  4.658814E+03  3.167801E+00
  4.000000E+00    14    20 -4.027076E+03 -7.312299E+00
  4.000000E+00    14    21  1.276176E+01 -3.852096E-01
  4.000000E+00    14    22 -2.037974E+04 -9.875360E+01
  4.000000E+00    14    23 -1.944068E+04  7.516370E+01
  4.000000E+00    14    24  1.155297E+05 -6.421041E+00
  4.000000E+00    14    25 -3.096417E+01 -1.673214E+01
  4.000000E+00    14    26 -1.794482E+01 -8.111977E+00
  4.000000E+00    14    27 -3.471372E-01 -6.880220E-04
  4.000000E+00    14    28 -6.932455E+01 -3.046380E+01
  4.000000E+00    14    29  1.168760E+02  6.254585E+01
  4.000000E+00    14    30 -6.695873E-02 -2.486612E-02
  4.000000E+00    15     1 -6.884242E+00  6.122350E-01
  4.000000E+00    15     2  2.379565E+00 -1.057692E+00
  4.000000E+00    15     3  5.921988E+00 -1.076282E-02
  4.000000E+00    15     4  1.670659E+01 -4.042064E+00
  4.000000E+00    15     5  6.558250E+01 -8.929798E-01
  4.000000E+00    15     6  1.423784E+00  1.226829E-02
  4.000000E+00    15     7 -5.099619E+00  7.967807E-01
  4.000000E+00    15     8 -2.506953E+00  1.043932E+00
  4.000000E+00    15     9  5.904105E+00  3.254258E-02
  4.000000E+00    15    10 -1.871138E+01  4.660091E+00
  4.000000E+00    15    11  3.023634E+01 -3.885464E+00
  4.000000E+00    15    12 -7.684975E-01  7.316770E-02
  4.000000E+00    15    13  7.634839E+01  5.833755E+00
  4.000000E+00    15    14  1.601350E+01  1.073092E-01
  4.000000E+00    15    15  1.643063E+03  1.977645E-01
  4.000000E+00    15    16  4.321296E+02  1.386965E+00
  4.000000E+00    15    17 -1.914988E+03 -2.332962E+01
  4.000000E+00    15    18  1.346074E+01 -1.648247E-01
  4.000000E+00    15    19  6.724489E+00  2.809496E-02
  4.000000E+00    15    20  1.798409E+01  2.975246E-01
  4.000000E+00    15    21  5.915750E+02  7.466308E-01
  4.000000E+00    15    22 -1.828594E+04  4.370703E+00
  4.000000E+00    15    23 -1.074635E+04  2.301864E-01
  4.000000E+00    15    24  7.375952E+02  4.123346E+00
  4.000000E+00    15    25  2.243303E-01 -1.544794E+00
  4.000000E+00    15    26 -4.336400E-01  2.685347E+00
  4.000000E+00    15    27  2.450306E+00 -1.871176E-02
  4.000000E+00    15    28  6.917046E+00  1.001513E+01
  4.000000E+00    15    29  4.159507E+00  5.702572E+00
  4.000000E+00    15    30  3.151250E-01  1.834644E-02
  4.000000E+00    16     1 -3.476540E+02  2.360326E+02
  4.000000E+00    16     2  2.622370E+02 -7.447832E+01
  4.000000E+00    16     3 -3.048682E+01  2.382928E+00
  4.000000E+00    16     4  1.062222E+03 -3.076742E+02
  4.000000E+00    16     5  1.348037E+03 -8.500231E+02
  4.000000E+00    16     6  9.804304E+00 -1.088678E+00
  4.000000E+00    16     7  3.077034E+02 -2.366731E+02
  4.000000E+00    16     8  2.372224E+02 -6.073614E+01
  4.000000E+00    16     9  5.471619E+00 -5.552866E+00
  4.000000E+00    16    10  9.840351E+02 -2.870189E+02
  4.000000E+00    16    11 -1.272392E+03  1.010339E+03
  4.000000E+00    16    12  3.258111E+00 -6.043151E+00
  4.000000E+00    16    13  1.022619E+05  8.715142E+01
  4.000000E+00    16    14  6.139028E+04  2.993497E+03
  4.000000E+00    16    15 -2.929921E+03  1.483914E+00
  4.000000E+00    16    16  1.107119E+06  1.226039E+04
  4.000000E+00    16    17 -1.970078E+06 -7.812242E+02
  4.000000E+00    16    18 -2.508072E+04  5.990992E+01
  4.000000E+00    16    19  8.289887E+04  1.454172E+01
  4.000000E+00    16    20 -6.940638E+04 -2.751181E+01
  4.000000E+00    16    21  1.835522E+02  2.128327E+00
  4.000000E+00    16    22 -3.525172E+05 -4.111441E+02
  4.000000E+00    16    23 -3.406102E+05  3.346168E+02
  4.000000E+00    16    24  2.109468E+06  4.970831E+01
  4.000000E+00    16    25 -1.282713E+02 -7.072962E+01
  4.000000E+00    16    26 -8.433466E+01 -2.057655E+01
  4.000000E+00    16    27 -5.900596E+00 -1.657266E-01
  4.000000E+00    16    28 -3.414798E+02 -7.745485E+01
  4.000000E+00    16    29  4.803675E+02  2.639108E+02
  4.000000E+00    16    30 -1.500798E-01  5.657355E-02
  4.000000E+00    17     1  1.626027E+03 -2.208423E+02
  4.000000E+00    17     2 -6.931366E+02  4.367969E+02
  4.000000E+00    17     3 -5.214371E+01  5.358187E+00
  4.000000E+00    17     4 -3.105713E+03  1.649979E+03
  4.000000E+00    17     5 -7.087978E+03  2.578028E+02
  4.000000E+00    17     6 -5.422314E+01 -4.206979E+00
  4.000000E+00    17     7  1.494676E+03 -5.382786E+02
  4.000000E+00    17     8  6.562859E+02 -5.934855E+02
  4.000000E+00    17     9 -3.149216E+01 -1.765491E+01
  4.000000E+00    17    10  2.966050E+03 -2.582716E+03
  4.000000E+00    17    11 -6.318341E+03  2.462354E+03
  4.000000E+00    17    12  9.471292E+00 -3.377594E+01
  4.000000E+00    17    13 -2.938804E+04 -4.160533E+03
  4.000000E+00    17    14 -5.581030E+04  3.309272E+02
  4.000000E+00    17    15 -2.795114E+04 -8.242509E+01
  4.000000E+00    17    16 -7.296371E+05  1.078943E+03
  4.000000E+00    17    17 -6.015055E+05  1.692095E+04
  4.000000E+00    17    18  7.299585E+03  3.209936E+01
  4.000000E+00    17    19 -4.985691E+04 -3.135474E+00
  4.000000E+00    17    20 -4.055395E+04 -1.127525E+02
  4.000000E+00    17    21 -1.725778E+04 -2.843595E+02
  4.000000E+00    17    22 -4.464508E+05 -2.367424E+03
  4.000000E+00    17    23 -2.431900E+05 -1.962894E+02
  4.000000E+00    17    24 -3.436639E+06 -1.453746E+03
  4.000000E+00    17    25 -3.395356E+02  6.732244E+02
  4.000000E+00    17    26  5.662348E+02 -1.062056E+03
  4.000000E+00    17    27  2.488933E+01  4.704173E+00
  4.000000E+00    17    28  2.095093E+03 -3.958399E+03
  4.000000E+00    17    29  1.212290E+03 -2.490097E+03
  4.000000E+00    17    30 -4.815577E+01 -4.987070E+00
  4.000000E+00    18     1  3.022757E+00  2.020570E+00
  4.000000E+00    18     2 -1.001948E+00  1.236464E-01
  4.000000E+00    18     3 -3.303580E-01  6.660451E-02
  4.000000E+00    18     4 -6.295370E+00  3.807487E-02
  4.000000E+00    18     5 -7.368077E+00 -9.431022E+00
  4.000000E+00    18     6  7.880726E-02 -5.700019E-02
  4.000000E+00    18     7  8.174785E+00 -3.493971E+00
  4.000000E+00    18     8  4.301877E+00 -2.274653E+00
  4.000000E+00    18     9  1.409379E+00 -1.030859E-01
  4.000000E+00    18    10  1.215984E+01 -1.023813E+01
  4.000000E+00    18    11 -3.330930E+01  1.563666E+01
  4.000000E+00    18    12 -2.211994E-01 -1.676416E-01
  4.000000E+00    18    13 -4.244681E+03 -3.291706E+00
  4.000000E+00    18    14 -5.278123E+02  1.004467E+01
  4.000000E+00    18    15  6.190945E+01 -3.475293E-01
  4.000000E+00    18    16 -1.017052E+04  3.856569E+01
  4.000000E+00    18    17  7.877684E+04  9.216722E+00
  4.000000E+00    18    18  3.853379E+03  8.464437E-01
  4.000000E+00    18    19 -3.436579E+03  1.702893E-03
  4.000000E+00    18    20  2.867215E+03 -8.907622E-01
  4.000000E+00    18    21 -3.303596E+01 -9.392022E-01
  4.000000E+00    18    22  1.281626E+04 -6.997708E+00
  4.000000E+00    18    23  1.265910E+04  9.552354E-01
  4.000000E+00    18    24 -8.141875E+04 -1.591596E+01
  4.000000E+00    18    25 -2.521692E+00  2.012983E+00
  4.000000E+00    18    26  8.470730E-01 -3.991413E+00
  4.000000E+00    18    27  3.404068E-01  1.228485E-02
  4.000000E+00    18    28  3.137833E+00 -1.488386E+01
  4.000000E+00    18    29  1.097450E+01 -7.432479E+00
  4.000000E+00    18    30 -1.360181E-01 -1.126192E-02
  4.000000E+00    19     1  1.704755E+04  6.350728E+02
  4.000000E+00    19     2 -2.814310E+03 -1.012504E+02
  4.000000E+00    19     3  4.657436E+03  1.389615E+01
  4.000000E+00    19     4 -4.916248E+04 -1.083545E+02
  4.000000E+00    19     5 -2.885458E+05 -2.673187E+03
  4.000000E+00    19     6 -1.249196E+04 -1.764499E+01
  4.000000E+00    19     7  1.545151E+04  1.637578E+02
  4.000000E+00    19     8 -6.577808E+02 -1.010920E+02
  4.000000E+00    19     9  1.606010E+02  4.900805E+00
  4.000000E+00    19    10 -8.650106E+03 -4.398492E+02
  4.000000E+00    19    11 -2.797073E+05 -7.410789E+02
  4.000000E+00    19    12 -1.528143E+03 -5.286669E+00
  4.000000E+00    19    13  5.174113E+03  2.840378E+02
  4.000000E+00    19    14  3.139569E+03  1.455074E+02
  4.000000E+00    19    15  5.771611E+02  7.983794E+00
  4.000000E+00    19    16  5.260557E+04  6.331799E+02
  4.000000E+00    19    17 -7.396501E+04 -1.230842E+03
  4.000000E+00    19    18 -2.264038E+03  5.924214E+00
  4.000000E+00    19    19  1.042196E+04  3.371742E+01
  4.000000E+00    19    20  7.108353E+03 -1.373182E+01
  4.000000E+00    19    21  6.589707E+03  6.992121E+01
  4.000000E+00    19    22  2.452389E+04 -1.051151E+02
  4.000000E+00    19    23  2.206826E+05  4.544433E+02
  4.000000E+00    19    24  3.330599E+05  9.131623E+02
  4.000000E+00    19    25  5.349605E+01  2.700617E+02
  4.000000E+00    19    26 -2.195461E+01  1.564738E+01
  4.000000E+00    19    27 -6.415958E+00  3.290102E+00
  4.000000E+00    19    28 -1.069415E+02  6.474503E+01
  4.000000E+00    19    29 -6.041147E+02 -1.011710E+03
  4.000000E+00    19    30  7.121969E+00 -1.898693E+00
  4.000000E+00    20     1  1.293762E+04  3.871710E+02
  4.000000E+00    20     2 -3.007520E+03 -7.645567E+01
  4.000000E+00    20     3  3.152058E+03  8.761689E+00
  4.000000E+00    20     4 -5.208138E+04 -1.358941E+02
  4.000000E+00    20     5 -2.142095E+05 -1.652172E+03
  4.000000E+00    20     6 -5.418515E+03 -1.174642E+01
  4.000000E+00    20     7  1.802546E+04  7.001868E+01
  4.000000E+00    20     8  2.117800E+03 -8.526984E+01
  4.000000E+00    20     9  9.606123E+01  2.221035E+00
  4.000000E+00    20    10  4.109249E+04 -3.711103E+02
  4.000000E+00    20    11 -3.254173E+05 -3.240965E+02
  4.000000E+00    20    12 -4.840462E+03 -4.421272E+00
  4.000000E+00    20    13  2.950945E+03  8.044704E+01
  4.000000E+00    20    14 -2.242867E+03  1.148297E+02
  4.000000E+00    20    15 -1.351820E+03  1.883026E+00
  4.000000E+00    20    16 -2.489724E+04  4.872371E+02
  4.000000E+00    20    17 -1.130663E+05 -3.739149E+02
  4.000000E+00    20    18 -2.936341E+02  6.115680E+00
  4.000000E+00    20    19 -9.034245E+02  1.957395E+01
  4.000000E+00    20    20  1.581605E+04 -1.210725E+01
  4.000000E+00    20    21  2.791824E+03  3.576500E+01
  4.000000E+00    20    22  1.960346E+04 -9.811344E+01
  4.000000E+00    20    23  9.668835E+04  2.573713E+02
  4.000000E+00    20    24  5.372633E+04  5.083880E+02
  4.000000E+00    20    25 -5.544924E+00  1.833195E+02
  4.000000E+00    20    26  2.750536E+01 -2.772098E+01
  4.000000E+00    20    27 -3.195400E+00  1.414951E+00
  4.000000E+00    20    28  4.942271E+02 -9.957433E+01
  4.000000E+00    20    29  2.181224E+01 -6.858228E+02
  4.000000E+00    20    30  3.281529E+00 -7.167972E-01
  4.000000E+00    21     1 -5.552354E+03 -1.192064E+02
  4.000000E+00    21     2  8.511336E+02  3.799057E+01
  4.000000E+00    21     3 -5.374026E+02 -2.343515E+00
  4.000000E+00    21     4  1.433297E+04  8.343939E+01
  4.000000E+00    21     5  9.448146E+04  4.988626E+02
  4.000000E+00    21     6  2.866683E+03  4.288615E+00
  4.000000E+00    21     7  2.032016E+02  9.049487E+00
  4.000000E+00    21     8  1.510981E+01  2.080225E+01
  4.000000E+00    21     9  5.652830E+02  1.366046E-01
  4.000000E+00    21    10  5.714767E+02  9.019903E+01
  4.000000E+00    21    11 -3.704771E+03 -2.905801E+01
  4.000000E+00    21    12 -2.025626E+01  9.491680E-01
  4.000000E+00    21    13  3.139996E+02 -2.920149E+01
  4.000000E+00    21    14 -4.197735E+01 -4.065917E+01
  4.000000E+00    21    15  6.114505E+02 -7.380726E-01
  4.000000E+00    21    16 -1.298367E+03 -1.723146E+02
  4.000000E+00    21    17 -4.367905E+03  1.400025E+02
  4.000000E+00    21    18  8.199132E+01 -2.316191E+00
  4.000000E+00    21    19  3.483766E+03 -7.679797E+00
  4.000000E+00    21    20  7.028304E+02  4.244062E+00
  4.000000E+00    21    21  1.950872E+04 -8.628485E-01
  4.000000E+00    21    22  4.562257E+03  2.812479E+01
  4.000000E+00    21    23 -6.801661E+04 -9.258900E+01
  4.000000E+00    21    24 -3.785851E+04 -1.980295E+02
  4.000000E+00    21    25 -4.462234E+00 -6.791679E+01
  4.000000E+00    21    26  8.215147E+00 -3.074859E+00
  4.000000E+00    21    27 -1.054799E+02 -1.947869E+00
  4.000000E+00    21    28  3.845794E+01 -1.302146E+01
  4.000000E+00    21    29  4.819098E+01  2.544993E+02
  4.000000E+00    21    30 -5.555581E+00  1.428669E+00
  4.000000E+00    22     1  1.659338E+04  4.562055E+02
  4.000000E+00    22     2 -4.459961E+03  8.812228E+01
  4.000000E+00    22     3  4.306146E+03  1.137134E+01
  4.000000E+00    22     4 -7.477652E+04  5.471000E+02
  4.000000E+00    22     5 -2.651848E+05 -1.961776E+03
  4.000000E+00    22     6 -3.682733E+03 -7.662384E+00
  4.000000E+00    22     7  6.402038E+04 -3.956440E+02
  4.000000E+00    22     8  1.093522E+04 -2.352419E+02
  4.000000E+00    22     9  1.626028E+04 -1.469849E+00
  4.000000E+00    22    10  2.050324E+05 -9.895333E+02
  4.000000E+00    22    11 -1.205656E+06  1.452993E+03
  4.000000E+00    22    12 -1.874722E+04 -9.845213E+00
  4.000000E+00    22    13 -5.341331E+02  2.991994E+02
  4.000000E+00    22    14 -6.451676E+02  1.121184E+02
  4.000000E+00    22    15 -2.298925E+04 -2.727120E+00
  4.000000E+00    22    16  3.962400E+04  5.067930E+02
  4.000000E+00    22    17 -2.026022E+05 -1.080262E+03
  4.000000E+00    22    18 -8.093157E+03  2.107938E+00
  4.000000E+00    22    19  1.194980E+04  2.812659E+01
  4.000000E+00    22    20  5.560480E+04  1.181116E+01
  4.000000E+00    22    21  1.424852E+03  2.078691E+01
  4.000000E+00    22    22  1.063393E+07  9.284675E+03
  4.000000E+00    22    23 -6.813135E+04  2.172803E+02
  4.000000E+00    22    24  6.380399E+05  6.894036E+02
  4.000000E+00    22    25 -1.821528E+01  2.715696E+02
  4.000000E+00    22    26  5.990288E+02  1.479666E+02
  4.000000E+00    22    27 -8.558138E+00  2.902003E+00
  4.000000E+00    22    28  8.210986E+03  5.475476E+02
  4.000000E+00    22    29 -9.168401E+01 -1.021124E+03
  4.000000E+00    22    30  1.082915E+01 -7.225233E-02
  4.000000E+00    23     1 -3.230642E+05 -9.987440E+03
  4.000000E+00    23     2  5.512313E+04  2.257367E+03
  4.000000E+00    23     3 -5.011921E+04 -2.207821E+02
  4.000000E+00    23     4  9.407369E+05  5.155909E+03
  4.000000E+00    23     5  5.490755E+06  4.227177E+04
  4.000000E+00    23     6  1.746461E+05  2.981753E+02
  4.000000E+00    23     7 -4.819629E+04 -1.356135E+03
  4.000000E+00    23     8 -1.697798E+03  1.193396E+03
  4.000000E+00    23     9 -9.674012E+03 -4.972257E+01
  4.000000E+00    23    10 -2.472184E+04  5.205533E+03
  4.000000E+00    23    11  9.564226E+05  6.549731E+03
  4.000000E+00    23    12  6.834159E+03  6.485700E+01
  4.000000E+00    23    13 -1.387062E+04 -3.728808E+03
  4.000000E+00    23    14 -4.491861E+03 -2.315991E+03
  4.000000E+00    23    15 -1.275623E+04 -1.067077E+02
  4.000000E+00    23    16 -8.505935E+04 -1.001913E+04
  4.000000E+00    23    17  2.155560E+05  1.638975E+04
  4.000000E+00    23    18  2.238834E+03 -1.078721E+02
  4.000000E+00    23    19  1.506402E+05 -4.915269E+02
  4.000000E+00    23    20  1.160284E+04  2.125593E+02
  4.000000E+00    23    21 -9.466365E+04 -9.792603E+02
  4.000000E+00    23    22  3.141155E+04  1.560314E+03
  4.000000E+00    23    23  6.539713E+06  3.145692E+03
  4.000000E+00    23    24 -2.461547E+06 -1.278466E+04
  4.000000E+00    23    25 -6.105925E+02 -4.416906E+03
  4.000000E+00    23    26  4.834723E+02 -2.506845E+02
  4.000000E+00    23    27  5.290752E+01 -4.647032E+01
  4.000000E+00    23    28  1.936481E+03 -1.042719E+03
  4.000000E+00    23    29  7.801958E+03  1.653944E+04
  4.000000E+00    23    30 -8.541710E+01  3.183061E+01
  4.000000E+00    24     1 -6.981214E+05 -2.118462E+04
  4.000000E+00    24     2  1.692964E+05  5.170286E+03
  4.000000E+00    24     3 -1.715788E+05 -4.659654E+02
  4.000000E+00    24     4  2.944573E+06  1.156745E+04
  4.000000E+00    24     5  1.157569E+07  8.923148E+04
  4.000000E+00    24     6  2.959334E+05  6.388474E+02
  4.000000E+00    24     7 -2.445904E+05 -3.677713E+03
  4.000000E+00    24     8  9.272799E+04  3.415791E+03
  4.000000E+00    24     9 -5.052652E+03 -1.175943E+02
  4.000000E+00    24    10  1.610205E+06  1.483594E+04
  4.000000E+00    24    11  4.437316E+06  1.715721E+04
  4.000000E+00    24    12 -5.749236E+04  1.720955E+02
  4.000000E+00    24    13  3.628465E+05 -8.072583E+03
  4.000000E+00    24    14  1.050026E+05 -5.257224E+03
  4.000000E+00    24    15 -9.635187E+03 -2.182428E+02
  4.000000E+00    24    16  1.948771E+06 -2.275395E+04
  4.000000E+00    24    17 -6.819414E+06  3.549695E+04
  4.000000E+00    24    18 -1.152447E+05 -2.595195E+02
  4.000000E+00    24    19  4.548871E+05 -1.047352E+03
  4.000000E+00    24    20 -3.591993E+05  5.217700E+02
  4.000000E+00    24    21 -1.789973E+05 -2.162457E+03
  4.000000E+00    24    22 -1.267132E+06  4.695661E+03
  4.000000E+00    24    23 -8.152675E+06 -1.129907E+04
  4.000000E+00    24    24  1.324960E+07 -2.659324E+04
  4.000000E+00    24    25  2.508870E+02 -9.216298E+03
  4.000000E+00    24    26  8.520945E+02 -1.723759E+02
  4.000000E+00    24    27  1.675275E+02 -8.720361E+01
  4.000000E+00    24    28  3.671344E+03 -8.599230E+02
  4.000000E+00    24    29 -1.005594E+03  3.452412E+04
  4.000000E+00    24    30 -2.059638E+02  4.861646E+01
  4.000000E+00    25     1 -1.305658E+02  1.275997E+02
  4.000000E+00    25     2  3.488371E+00 -3.652704E+00
  4.000000E+00    25     3 -3.183115E+00  4.715452E+00
  4.000000E+00    25     4  7.091463E+01 -5.289106E+01
  4.000000E+00    25     5  6.502935E+02 -6.015962E+02
  4.000000E+00    25     6  4.825243E+00 -1.573210E+00
  4.000000E+00    25     7  5.902169E+01 -6.175033E+01
  4.000000E+00    25     8  3.117225E+01  1.658936E+01
  4.000000E+00    25     9  3.140609E-01 -1.718134E+00
  4.000000E+00    25    10  1.310087E+02  6.308039E+01
  4.000000E+00    25    11 -2.352411E+02  2.714125E+02
  4.000000E+00    25    12  1.389955E+00  8.199988E-01
  4.000000E+00    25    13  5.965966E+01 -6.267554E+01
  4.000000E+00    25    14 -2.966339E+01 -1.513243E+01
  4.000000E+00    25    15  3.277057E-01 -1.758822E+00
  4.000000E+00    25    16 -1.151422E+02 -5.038252E+01
  4.000000E+00    25    17 -2.157089E+02  2.751805E+02
  4.000000E+00    25    18 -3.243192E+00 -2.897193E-01
  4.000000E+00    25    19  3.764784E+01  6.091348E+00
  4.000000E+00    25    20  3.227767E+00  1.399242E+00
  4.000000E+00    25    21 -1.027883E+01  8.327534E-01
  4.000000E+00    25    22  3.928588E+01  9.922765E-01
  4.000000E+00    25    23 -7.159285E+02 -2.713174E+02
  4.000000E+00    25    24  9.183691E+01 -4.436995E+01
  4.000000E+00    25    25  4.584665E+02  2.760283E+02
  4.000000E+00    25    26  4.111882E+00 -2.882855E+00
  4.000000E+00    25    27  2.965245E+00  2.011574E-01
  4.000000E+00    25    28  5.325437E+01 -5.569268E+00
  4.000000E+00    25    29 -3.616489E+03 -1.032042E+03
  4.000000E+00    25    30 -6.349927E-01 -7.543506E-02
  4.000000E+00    26     1  1.902983E+00 -1.512359E+00
  4.000000E+00    26     2  3.560463E+01  1.862782E+01
  4.000000E+00    26     3  5.827610E-01 -5.460910E-01
  4.000000E+00    26     4  1.510850E+02  7.160410E+01
  4.000000E+00    26     5 -5.733410E+01  2.720033E+01
  4.000000E+00    26     6 -9.985144E-02  1.632097E+00
  4.000000E+00    26     7  1.056598E+02 -1.078480E+02
  4.000000E+00    26     8 -1.770726E+01 -8.143811E+00
  4.000000E+00    26     9  5.159006E-01 -2.940594E+00
  4.000000E+00    26    10 -8.149358E+01 -2.919807E+01
  4.000000E+00    26    11 -4.205768E+02  4.826967E+02
  4.000000E+00    26    12 -1.492630E+00  8.458896E-01
  4.000000E+00    26    13 -1.028077E+02  1.056535E+02
  4.000000E+00    26    14 -1.931878E+01 -9.657909E+00
  4.000000E+00    26    15 -2.902983E-01  3.002909E+00
  4.000000E+00    26    16 -9.277999E+01 -3.050382E+01
  4.000000E+00    26    17  4.049147E+02 -4.394699E+02
  4.000000E+00    26    18  7.678956E-01 -1.533270E+00
  4.000000E+00    26    19 -2.441011E+00  3.879195E-01
  4.000000E+00    26    20  3.280634E+01  9.250868E+00
  4.000000E+00    26    21 -1.328573E+00 -1.249125E+00
  4.000000E+00    26    22  6.216378E+02  3.058701E+02
  4.000000E+00    26    23  6.449329E+01 -1.858151E+01
  4.000000E+00    26    24 -2.487742E+01  5.519270E+00
  4.000000E+00    26    25 -1.207720E+00  1.128809E+00
  4.000000E+00    26    26  4.663362E+02  2.783508E+02
  4.000000E+00    26    27  1.006733E+00  1.945912E-01
  4.000000E+00    26    28  3.709593E+03  1.039999E+03
  4.000000E+00    26    29 -9.489979E+00 -1.180719E+01
  4.000000E+00    26    30 -2.765523E-01 -1.626650E-01
  4.000000E+00    27     1 -2.094814E+00 -7.691439E-01
  4.000000E+00    27     2  1.045926E-02 -1.581587E-03
  4.000000E+00    27     3 -1.878767E-01 -1.360978E-02
  4.000000E+00    27     4  6.782671E-01  1.656506E-01
  4.000000E+00    27     5  6.556293E+00  2.910688E+00
  4.000000E+00    27     6 -6.601737E-02  1.780546E-02
  4.000000E+00    27     7 -2.715410E+00 -1.031937E+00
  4.000000E+00    27     8  1.052490E-02 -8.583486E-03
  4.000000E+00    27     9 -2.090542E-01 -1.095709E-02
  4.000000E+00    27    10  6.077006E-02  3.306258E-02
  4.000000E+00    27    11  1.109925E+01  3.643502E+00
  4.000000E+00    27    12  2.097165E-02  6.031778E-03
  4.000000E+00    27    13 -2.114921E+00 -7.090904E-01
  4.000000E+00    27    14  1.531705E-02 -1.706436E-02
  4.000000E+00    27    15 -1.998198E-01 -5.438987E-03
  4.000000E+00    27    16 -1.440246E-01 -3.044121E-01
  4.000000E+00    27    17  7.586269E+00  2.259165E+00
  4.000000E+00    27    18  3.288118E-02  2.718257E-02
  4.000000E+00    27    19  4.786756E-01 -2.648059E-03
  4.000000E+00    27    20  1.548582E-01 -9.525925E-03
  4.000000E+00    27    21 -6.942285E+01 -5.977029E-01
  4.000000E+00    27    22 -1.698729E+01  2.262675E+00
  4.000000E+00    27    23  7.711401E+00 -1.239650E+00
  4.000000E+00    27    24  1.220189E+00 -4.798294E-01
  4.000000E+00    27    25 -5.259318E-01  2.856627E-02
  4.000000E+00    27    26 -5.555004E-01  7.886636E-02
  4.000000E+00    27    27  7.106462E+01  1.910046E-01
  4.000000E+00    27    28 -7.104391E+00  2.855878E-01
  4.000000E+00    27    29  7.249776E+00 -1.152332E-01
  4.000000E+00    27    30 -4.989904E-01 -1.570069E-01
  4.000000E+00    28     1  1.296331E+01 -4.073699E+00
  4.000000E+00    28     2  1.346699E+02  6.978065E+01
  4.000000E+00    28     3  3.949138E+00 -2.013332E+00
  4.000000E+00    28     4  5.667213E+02  2.676461E+02
  4.000000E+00    28     5 -3.263132E+02  9.591171E+01
  4.000000E+00    28     6 -3.048046E+00  6.137090E+00
  4.000000E+00    28     7  4.031222E+02 -4.058340E+02
  4.000000E+00    28     8 -6.782017E+01 -3.044615E+01
  4.000000E+00    28     9 -7.747438E+00 -1.107210E+01
  4.000000E+00    28    10 -3.242011E+02 -1.090325E+02
  4.000000E+00    28    11 -1.653984E+03  1.816565E+03
  4.000000E+00    28    12 -5.753083E+00  3.202785E+00
  4.000000E+00    28    13 -3.957284E+02  3.972145E+02
  4.000000E+00    28    14 -7.365297E+01 -3.625432E+01
  4.000000E+00    28    15  8.462585E+00  1.130722E+01
  4.000000E+00    28    16 -3.570479E+02 -1.143771E+02
  4.000000E+00    28    17  1.643699E+03 -1.652685E+03
  4.000000E+00    28    18  2.156130E+00 -5.743567E+00
  4.000000E+00    28    19 -5.168706E+00  1.562562E+00
  4.000000E+00    28    20  6.203923E+02  3.479531E+01
  4.000000E+00    28    21 -3.331675E+01 -4.596881E+00
  4.000000E+00    28    22  9.593591E+03  1.143263E+03
  4.000000E+00    28    23  2.860992E+02 -7.557996E+01
  4.000000E+00    28    24 -8.276419E+01  1.888693E+01
  4.000000E+00    28    25  1.487539E+01  6.319841E+00
  4.000000E+00    28    26  3.811202E+03  1.047481E+03
  4.000000E+00    28    27  1.343867E+01  7.231867E-01
  4.000000E+00    28    28  3.857574E+04  3.913815E+03
  4.000000E+00    28    29 -2.563517E+02 -5.217043E+01
  4.000000E+00    28    30  6.929983E-01 -6.145082E-01
  4.000000E+00    29     1  5.224761E+02 -4.768541E+02
  4.000000E+00    29     2 -1.449948E+01  1.275965E+01
  4.000000E+00    29     3  4.117726E+00 -1.762151E+01
  4.000000E+00    29     4 -2.658104E+02  1.944315E+02
  4.000000E+00    29     5 -2.959399E+03  2.247794E+03
  4.000000E+00    29     6 -3.103633E+01  5.773229E+00
  4.000000E+00    29     7 -2.287390E+02  2.362973E+02
  4.000000E+00    29     8 -1.175760E+02 -6.168831E+01
  4.000000E+00    29     9  3.565792E+00  6.576289E+00
  4.000000E+00    29    10 -5.031782E+02 -2.344810E+02
  4.000000E+00    29    11  9.389387E+02 -1.038948E+03
  4.000000E+00    29    12 -6.264673E+00 -3.093323E+00
  4.000000E+00    29    13 -2.231102E+02  2.309635E+02
  4.000000E+00    29    14  1.141337E+02  5.711974E+01
  4.000000E+00    29    15  3.444364E+00  6.476807E+00
  4.000000E+00    29    16  4.601715E+02  1.900547E+02
  4.000000E+00    29    17  8.649090E+02 -1.014640E+03
  4.000000E+00    29    18  1.287415E+01  1.123270E+00
  4.000000E+00    29    19 -6.251560E+02 -2.282476E+01
  4.000000E+00    29    20 -2.338906E+01 -5.632116E+00
  4.000000E+00    29    21  1.205086E+02 -2.684023E+00
  4.000000E+00    29    22 -4.295754E+02 -1.472828E+01
  4.000000E+00    29    23  9.778086E+03  1.009786E+03
  4.000000E+00    29    24 -4.617581E+01  1.668425E+02
  4.000000E+00    29    25 -3.707402E+03 -1.034565E+03
  4.000000E+00    29    26 -5.923692E+01 -1.175736E+00
  4.000000E+00    29    27 -4.223032E+01 -8.568239E-01
  4.000000E+00    29    28 -6.669737E+02 -2.388226E+01
  4.000000E+00    29    29  3.725898E+04  3.868531E+03
  4.000000E+00    29    30  9.382234E+00  3.470250E-01
  4.000000E+00    30     1  3.832882E+00  1.253105E+00
  4.000000E+00    30     2 -1.022102E-01 -6.175925E-03
  4.000000E+00    30     3  2.970881E-01  1.919807E-02
  4.000000E+00    30     4 -1.582245E+00 -1.462908E-01
  4.000000E+00    30     5 -1.313227E+01 -4.530923E+00
  4.000000E+00    30     6  7.639862E-02 -2.885167E-02
  4.000000E+00    30     7  5.582507E+00  2.055535E+00
  4.000000E+00    30     8  1.226709E-01  5.352775E-02
  4.000000E+00    30     9  3.218459E-01  2.179611E-02
  4.000000E+00    30    10  4.099510E-01  5.592966E-02
  4.000000E+00    30    11 -2.314556E+01 -7.226632E+00
  4.000000E+00    30    12 -3.238234E-02 -1.490918E-02
  4.000000E+00    30    13  5.662347E+00  2.026723E+00
  4.000000E+00    30    14 -7.460622E-02  4.299901E-02
  4.000000E+00    30    15  3.447919E-01  1.440056E-02
  4.000000E+00    30    16  1.940819E-01  7.789863E-01
  4.000000E+00    30    17 -2.145771E+01 -6.638722E+00
  4.000000E+00    30    18 -8.357096E-02 -7.029754E-02
  4.000000E+00    30    19  9.040892E-01  8.808143E-04
  4.000000E+00    30    20  7.951899E-01  4.196515E-02
  4.000000E+00    30    21 -8.869199E+00  1.269879E+00
  4.000000E+00    30    22  2.066118E+01  3.572460E-02
  4.000000E+00    30    23  2.743201E+00  7.241771E+00
  4.000000E+00    30    24 -2.074256E+00  1.872823E+00
  4.000000E+00    30    25 -3.532614E-01 -9.203231E-02
  4.000000E+00    30    26  5.600479E-01 -1.066924E-01
  4.000000E+00    30    27  3.256919E+00 -4.070011E-01
  4.000000E+00    30    28  7.332482E+00 -4.063909E-01
  4.000000E+00    30    29  5.770881E+00  3.428224E-01
  4.000000E+00    30    30  4.681897E+01  3.438224E-01
  5.000000E+00     1     1 -8.337944E+03 -5.204320E+02
  5.000000E+00     1     2  1.901905E+03  7.096886E+02
  5.000000E+00     1     3 -3.318389E+03 -2.388219E+01
  5.000000E+00     1     4  3.715374E+04  3.230080E+03
  5.000000E+00     1     5  1.407191E+05  2.666785E+03
  5.000000E+00     1     6  8.421203E+03  5.110928E+01
  5.000000E+00     1     7 -3.163925E+02 -3.189805E+02
  5.000000E+00     1     8 -3.875769E+01  3.982090E+01
  5.000000E+00     1     9 -2.502613E+01 -1.282942E+01
  5.000000E+00     1    10 -2.053197E+02  2.292757E+02
  5.000000E+00     1    11  1.936809E+03  1.918169E+03
  5.000000E+00     1    12 -8.316325E-01  6.632415E+00
  5.000000E+00     1    13 -7.109131E+02 -3.621758E+02
  5.000000E+00     1    14 -2.557463E+02 -1.140038E+02
  5.000000E+00     1    15 -3.990275E+01 -1.603519E+01
  5.000000E+00     1    16 -1.537069E+03 -5.953843E+02
  5.000000E+00     1    17  4.294576E+03  2.129650E+03
  5.000000E+00     1    18 -2.804610E+01  4.067871E+00
  5.000000E+00     1    19  3.348603E+03 -2.721552E+02
  5.000000E+00     1    20  2.110961E+03  5.353878E+01
  5.000000E+00     1    21 -4.403363E+03 -3.455493E+02
  5.000000E+00     1    22  1.246586E+04  5.859008E+02
  5.000000E+00     1    23 -1.516290E+05 -1.069543E+04
  5.000000E+00     1    24 -8.775708E+04 -4.021691E+03
  5.000000E+00     1    25  2.852620E+02 -1.369893E+02
  5.000000E+00     1    26  5.131654E+01  4.412424E+01
  5.000000E+00     1    27  1.680158E+01  2.354516E+01
  5.000000E+00     1    28  2.602853E+02  2.120628E+02
  5.000000E+00     1    29 -1.395317E+03  6.665898E+02
  5.000000E+00     1    30 -6.592640E+00 -7.796537E+00
  5.000000E+00     2     1 -7.807710E+03 -1.205224E+03
  5.000000E+00     2     2  3.903144E+03  1.967852E+03
  5.000000E+00     2     3 -1.848722E+03 -4.119814E+01
  5.000000E+00     2     4  5.868254E+04  1.094676E+04
  5.000000E+00     2     5  1.255926E+05  7.095666E+03
  5.000000E+00     2     6  3.496982E+03  1.437230E+02
  5.000000E+00     2     7 -1.290800E+02 -2.911311E+02
  5.000000E+00     2     8 -3.187347E+01 -6.441737E+01
  5.000000E+00     2     9 -1.437369E+01 -1.412418E+01
  5.000000E+00     2    10 -1.982770E+02 -3.742267E+02
  5.000000E+00     2    11  8.077043E+02  1.780301E+03
  5.000000E+00     2    12 -6.641128E+00 -1.091069E+00
  5.000000E+00     2    13 -5.639362E+02 -7.479277E+02
  5.000000E+00     2    14 -2.378539E+02 -3.586010E+02
  5.000000E+00     2    15 -2.884088E+01 -3.574701E+01
  5.000000E+00     2    16 -1.510124E+03 -2.043978E+03
  5.000000E+00     2    17  3.382375E+03  4.494676E+03
  5.000000E+00     2    18 -3.228461E+01 -1.616479E+01
  5.000000E+00     2    19  4.447813E+03 -1.304398E+02
  5.000000E+00     2    20  3.273643E+02  7.752488E+01
  5.000000E+00     2    21 -2.113513E+03 -5.657515E+02
  5.000000E+00     2    22  5.195066E+03  3.216985E+03
  5.000000E+00     2    23 -6.892541E+04 -6.460078E+03
  5.000000E+00     2    24  6.592231E+02 -3.687290E+03
  5.000000E+00     2    25  2.211651E+02  7.020540E+01
  5.000000E+00     2    26  2.042258E+01  9.657439E+01
  5.000000E+00     2    27 -2.611138E+00  2.739874E+01
  5.000000E+00     2    28  1.067007E+02  4.733433E+02
  5.000000E+00     2    29 -1.078564E+03 -3.477182E+02
  5.000000E+00     2    30 -8.373969E-02 -9.352530E+00
  5.000000E+00     3     1  7.379370E+03  1.118630E+03
  5.000000E+00     3     2 -7.664449E+02 -3.809080E+02
  5.000000E+00     3     3  3.101437E+03  4.339881E+01
  5.000000E+00     3     4 -1.404136E+04 -1.784245E+03
  5.000000E+00     3     5 -1.231052E+05 -6.636521E+03
  5.000000E+00     3     6 -3.824884E+03 -3.935205E+01
  5.000000E+00     3     7  2.318141E+02  4.624616E+02
  5.000000E+00     3     8 -1.925585E+01 -1.111562E+02
  5.000000E+00     3     9  2.135511E+01  2.171714E+01
  5.000000E+00     3    10 -1.359532E+02 -6.427153E+02
  5.000000E+00     3    11 -1.456821E+03 -2.821763E+03
  5.000000E+00     3    12 -5.338052E+00 -1.082051E+01
  5.000000E+00     3    13  4.325454E+02  4.851247E+02
  5.000000E+00     3    14  1.701848E+02  1.540975E+02
  5.000000E+00     3    15  2.948046E+01  2.373376E+01
  5.000000E+00     3    16  1.038511E+03  8.648864E+02
  5.000000E+00     3    17 -2.620160E+03 -2.885872E+03
  5.000000E+00     3    18  2.032005E+01  3.384065E+00
  5.000000E+00     3    19 -4.383417E+03  1.280932E+02
  5.000000E+00     3    20 -1.156197E+03 -2.779486E+01
  5.000000E+00     3    21  2.845573E+03  5.225523E+02
  5.000000E+00     3    22 -6.269053E+03 -3.195549E+02
  5.000000E+00     3    23  1.016201E+05  6.341479E+03
  5.000000E+00     3    24  5.189898E+04  2.271063E+03
  5.000000E+00     3    25 -2.090362E+02 -5.693546E+01
  5.000000E+00     3    26 -2.597363E+01 -2.221616E+01
  5.000000E+00     3    27  3.433113E+00 -2.534048E+01
  5.000000E+00     3    28 -1.329035E+02 -1.090235E+02
  5.000000E+00     3    29  1.012605E+03  2.800913E+02
  5.000000E+00     3    30  5.767522E-01  8.590654E+00
  5.000000E+00     4     1 -1.215865E+05 -1.886163E+04
  5.000000E+00     4     2  5.506697E+04  1.570808E+04
  5.000000E+00     4     3 -2.916457E+04 -7.037209E+02
  5.000000E+00     4     4  9.544186E+05  8.405468E+04
  5.000000E+00     4     5  1.949918E+06  1.114965E+05
  5.000000E+00     4     6  5.392778E+04  1.263886E+03
  5.000000E+00     4     7 -3.022347E+03 -6.592925E+03
  5.000000E+00     4     8 -1.852479E+01  7.872618E+02
  5.000000E+00     4     9 -2.563047E+02 -3.131352E+02
  5.000000E+00     4    10  6.327866E+01  4.554149E+03
  5.000000E+00     4    11  1.908990E+04  4.027770E+04
  5.000000E+00     4    12  1.356174E+01  1.089191E+02
  5.000000E+00     4    13 -7.753738E+03 -9.651138E+03
  5.000000E+00     4    14 -3.193902E+03 -3.823336E+03
  5.000000E+00     4    15 -4.118344E+02 -4.677042E+02
  5.000000E+00     4    16 -1.986366E+04 -2.166910E+04
  5.000000E+00     4    17  4.688350E+04  5.771920E+04
  5.000000E+00     4    18 -4.078474E+02 -1.390397E+02
  5.000000E+00     4    19  6.910395E+04 -2.049790E+03
  5.000000E+00     4    20  3.912390E+03  7.531275E+02
  5.000000E+00     4    21 -3.239768E+04 -8.913107E+03
  5.000000E+00     4    22  7.110067E+04  2.287267E+04
  5.000000E+00     4    23 -1.045002E+06 -1.019153E+05
  5.000000E+00     4    24  6.564130E+04 -4.534911E+04
  5.000000E+00     4    25  3.445683E+03  1.124922E+03
  5.000000E+00     4    26  3.888405E+02  8.285600E+02
  5.000000E+00     4    27 -4.320016E+01  4.271495E+02
  5.000000E+00     4    28  2.008107E+03  4.064628E+03
  5.000000E+00     4    29 -1.680681E+04 -5.547090E+03
  5.000000E+00     4    30 -3.215948E-01 -1.453458E+02
  5.000000E+00     5     1  1.420165E+05  3.022182E+04
  5.000000E+00     5     2 -3.688839E+04 -1.174861E+04
  5.000000E+00     5     3  5.650839E+04  1.201579E+03
  5.000000E+00     5     4 -7.164706E+05 -5.248323E+04
  5.000000E+00     5     5 -2.224207E+06 -1.776307E+05
  5.000000E+00     5     6 -1.359376E+05 -1.168076E+03
  5.000000E+00     5     7  8.040860E+03  1.279772E+04
  5.000000E+00     5     8 -5.475813E+02 -2.915339E+03
  5.000000E+00     5     9  5.414903E+02  5.886802E+02
  5.000000E+00     5    10 -4.116089E+03 -1.678435E+04
  5.000000E+00     5    11 -5.020915E+04 -7.782670E+04
  5.000000E+00     5    12 -1.696889E+02 -2.862455E+02
  5.000000E+00     5    13  1.455717E+04  1.347849E+04
  5.000000E+00     5    14  5.455640E+03  4.207866E+03
  5.000000E+00     5    15  7.914870E+02  6.482579E+02
  5.000000E+00     5    16  3.341371E+04  2.336331E+04
  5.000000E+00     5    17 -8.819692E+04 -7.995339E+04
  5.000000E+00     5    18  6.570058E+02  4.975007E+01
  5.000000E+00     5    19 -4.978028E+04  4.772673E+03
  5.000000E+00     5    20 -3.045445E+04 -9.699007E+02
  5.000000E+00     5    21  7.373403E+04  1.435856E+04
  5.000000E+00     5    22 -1.911560E+05 -9.699526E+03
  5.000000E+00     5    23  2.327075E+06  2.207152E+05
  5.000000E+00     5    24  1.196463E+06  7.629469E+04
  5.000000E+00     5    25 -6.854448E+03 -4.290257E+02
  5.000000E+00     5    26 -8.499612E+02 -7.236189E+02
  5.000000E+00     5    27 -1.007844E+02 -7.515588E+02
  5.000000E+00     5    28 -4.361792E+03 -3.522317E+03
  5.000000E+00     5    29  3.351309E+04  2.149804E+03
  5.000000E+00     5    30  5.276952E+01  2.533510E+02
  5.000000E+00     6     1  3.749852E+03  9.916628E+02
  5.000000E+00     6     2 -2.130487E+03 -2.685851E+02
  5.000000E+00     6     3  1.404258E+03  3.948428E+01
  5.000000E+00     6     4 -3.960102E+04 -1.176367E+03
  5.000000E+00     6     5 -5.853922E+04 -5.918749E+03
  5.000000E+00     6     6  5.243875E+02 -3.120174E+01
  5.000000E+00     6     7  2.295325E+02  3.947519E+02
  5.000000E+00     6     8 -3.397147E+01 -9.504926E+01
  5.000000E+00     6     9  1.508755E+01  1.862943E+01
  5.000000E+00     6    10 -2.129468E+02 -5.459792E+02
  5.000000E+00     6    11 -1.450184E+03 -2.404064E+03
  5.000000E+00     6    12 -6.146081E+00 -8.564503E+00
  5.000000E+00     6    13  3.682998E+02  4.285439E+02
  5.000000E+00     6    14  1.381912E+02  1.384910E+02
  5.000000E+00     6    15  2.080422E+01  2.089912E+01
  5.000000E+00     6    16  8.344315E+02  7.825808E+02
  5.000000E+00     6    17 -2.243992E+03 -2.546784E+03
  5.000000E+00     6    18  1.656937E+01  3.563521E+00
  5.000000E+00     6    19 -1.065807E+03  1.138192E+02
  5.000000E+00     6    20  1.290574E+03 -2.438591E+01
  5.000000E+00     6    21  1.758355E+03  4.548835E+02
  5.000000E+00     6    22  3.763659E+03 -3.181127E+02
  5.000000E+00     6    23  5.286751E+04  5.692314E+03
  5.000000E+00     6    24 -7.895304E+04  1.859609E+03
  5.000000E+00     6    25 -1.827038E+02 -4.601228E+01
  5.000000E+00     6    26 -1.595353E+01 -1.829530E+01
  5.000000E+00     6    27  1.091141E+00 -2.211691E+01
  5.000000E+00     6    28 -8.219930E+01 -8.974784E+01
  5.000000E+00     6    29  8.917509E+02  2.270334E+02
  5.000000E+00     6    30  4.228574E-01  7.500019E+00
  5.000000E+00     7     1  3.345374E+02  7.475534E+02
  5.000000E+00     7     2  1.459004E+02  2.390014E+02
  5.000000E+00     7     3  1.929192E+01  3.408158E+01
  5.000000E+00     7     4  1.071250E+03  1.416514E+03
  5.000000E+00     7     5 -2.454362E+03 -4.263045E+03
  5.000000E+00     7     6 -5.008215E+00  2.006659E+01
  5.000000E+00     7     7  2.560063E+04  2.134508E+03
  5.000000E+00     7     8  1.389576E+03 -9.430557E+01
  5.000000E+00     7     9  2.561941E+02  7.652464E+01
  5.000000E+00     7    10  3.046796E+04 -5.475976E+02
  5.000000E+00     7    11 -4.446819E+05 -1.302284E+04
  5.000000E+00     7    12 -4.917989E+03 -8.778143E+00
  5.000000E+00     7    13  2.681657E+02  7.517665E+02
  5.000000E+00     7    14 -1.077918E+02 -2.236742E+02
  5.000000E+00     7    15  1.364210E+01  3.961628E+01
  5.000000E+00     7    16 -7.617860E+02 -1.187205E+03
  5.000000E+00     7    17 -1.798266E+03 -4.219546E+03
  5.000000E+00     7    18 -9.753964E+00 -2.664636E+01
  5.000000E+00     7    19  9.802786E+03  1.152297E-01
  5.000000E+00     7    20  2.126448E+04  1.126442E+01
  5.000000E+00     7    21  5.798063E+02  8.744109E+02
  5.000000E+00     7    22  7.110975E+04  3.554595E+03
  5.000000E+00     7    23 -2.161374E+04 -1.880363E+03
  5.000000E+00     7    24  1.196188E+05  8.024466E+02
  5.000000E+00     7    25  9.955054E+01  1.353937E+02
  5.000000E+00     7    26  1.890812E+02  2.414485E+02
  5.000000E+00     7    27  1.967534E+01 -3.602429E+01
  5.000000E+00     7    28  9.238627E+02  1.183684E+03
  5.000000E+00     7    29 -4.916830E+02 -6.670682E+02
  5.000000E+00     7    30 -6.372073E+00  1.286997E+01
  5.000000E+00     8     1 -1.424149E+02 -2.345446E+02
  5.000000E+00     8     2 -5.133612E+01 -1.967712E+02
  5.000000E+00     8     3 -9.701001E+00 -8.174337E+00
  5.000000E+00     8     4 -3.413342E+02 -1.172765E+03
  5.000000E+00     8     5  1.168957E+03  1.288547E+03
  5.000000E+00     8     6  4.348093E+00 -1.661117E+01
  5.000000E+00     8     7 -4.676320E+03 -6.566615E+01
  5.000000E+00     8     8  3.720993E+03  1.548003E+03
  5.000000E+00     8     9 -5.105164E+01 -1.695592E+00
  5.000000E+00     8    10  5.304383E+04  9.071219E+03
  5.000000E+00     8    11  8.296506E+04  5.088340E+02
  5.000000E+00     8    12 -9.735658E+01  1.102143E+02
  5.000000E+00     8    13  1.058854E+02  1.667660E+02
  5.000000E+00     8    14 -5.290122E+01 -1.715117E+02
  5.000000E+00     8    15  3.281416E+00  8.010016E+00
  5.000000E+00     8    16 -3.849219E+02 -9.442100E+02
  5.000000E+00     8    17 -7.017206E+02 -8.650625E+02
  5.000000E+00     8    18 -7.725292E+00 -1.621698E+01
  5.000000E+00     8    19 -3.649712E+03  2.164228E+01
  5.000000E+00     8    20 -3.119125E+03 -1.714712E+01
  5.000000E+00     8    21 -7.389624E+00 -3.695518E+01
  5.000000E+00     8    22 -9.820870E+03 -1.526993E+03
  5.000000E+00     8    23  7.445999E+03 -2.353534E+03
  5.000000E+00     8    24  9.283075E+04 -8.082407E+02
  5.000000E+00     8    25 -8.069501E+00  5.541562E+01
  5.000000E+00     8    26 -6.126458E-02 -4.541816E+01
  5.000000E+00     8    27 -9.854418E-01  1.300576E+00
  5.000000E+00     8    28 -6.491543E-01 -2.215380E+02
  5.000000E+00     8    29  3.915547E+01 -2.691828E+02
  5.000000E+00     8    30  3.589261E-01 -3.077418E-01
  5.000000E+00     9     1  4.932756E+00  3.575585E+01
  5.000000E+00     9     2  4.697028E+00  1.072757E+01
  5.000000E+00     9     3  4.550607E+00  1.669683E+00
  5.000000E+00     9     4  4.215411E+01  6.253453E+01
  5.000000E+00     9     5  4.227072E+01 -2.070573E+02
  5.000000E+00     9     6  3.008494E+00  8.470784E-01
  5.000000E+00     9     7  7.534631E+01  7.370099E+01
  5.000000E+00     9     8 -1.333552E+01  1.023285E+00
  5.000000E+00     9     9  1.675986E+03  3.748356E+00
  5.000000E+00     9    10 -2.721541E+02  5.940886E+00
  5.000000E+00     9    11 -8.608312E+02 -4.596628E+02
  5.000000E+00     9    12  3.852928E+01 -2.075773E-01
  5.000000E+00     9    13  1.158488E+01  3.630675E+01
  5.000000E+00     9    14 -3.966459E+00 -1.017200E+01
  5.000000E+00     9    15  6.100605E+00  1.863302E+00
  5.000000E+00     9    16 -2.166467E+01 -5.364183E+01
  5.000000E+00     9    17 -6.420345E+01 -2.035657E+02
  5.000000E+00     9    18  3.699590E-02 -1.234785E+00
  5.000000E+00     9    19  9.089123E+00 -7.109882E-01
  5.000000E+00     9    20 -2.571380E+01 -4.970675E-01
  5.000000E+00     9    21  6.049117E+02  4.147712E+01
  5.000000E+00     9    22  1.707732E+04  2.295963E+02
  5.000000E+00     9    23 -1.009266E+04 -1.325525E+02
  5.000000E+00     9    24 -1.019071E+03  2.151325E+01
  5.000000E+00     9    25  5.207828E+00  4.834999E+00
  5.000000E+00     9    26  8.845060E+00  8.183191E+00
  5.000000E+00     9    27  2.719981E+00 -1.572662E+00
  5.000000E+00     9    28  3.738949E+01  4.012531E+01
  5.000000E+00     9    29 -2.207099E+01 -2.379261E+01
  5.000000E+00     9    30 -2.171477E-02  5.646579E-01
  5.000000E+00    10     1 -9.449592E+02 -1.746659E+03
  5.000000E+00    10     2 -3.466631E+02 -1.294551E+03
  5.000000E+00    10     3 -5.928459E+01 -6.464262E+01
  5.000000E+00    10     4 -2.354370E+03 -7.728425E+03
  5.000000E+00    10     5  7.882831E+03  9.716612E+03
  5.000000E+00    10     6  3.437972E+01 -1.076257E+02
  5.000000E+00    10     7 -8.395162E+04 -9.853632E+02
  5.000000E+00    10     8  5.526418E+04  9.158689E+03
  5.000000E+00    10     9 -6.662678E+02 -4.175742E+01
  5.000000E+00    10    10  9.181579E+05  5.366988E+04
  5.000000E+00    10    11  1.493905E+06  6.727684E+03
  5.000000E+00    10    12 -1.665556E+03  6.557940E+02
  5.000000E+00    10    13  5.875103E+02  6.934705E+02
  5.000000E+00    10    14 -3.008510E+02 -9.336956E+02
  5.000000E+00    10    15  1.575199E+01  3.207376E+01
  5.000000E+00    10    16 -2.161008E+03 -5.143558E+03
  5.000000E+00    10    17 -3.836541E+03 -3.445010E+03
  5.000000E+00    10    18 -4.545600E+01 -8.615828E+01
  5.000000E+00    10    19 -6.591027E+04  1.246660E+02
  5.000000E+00    10    20 -5.594269E+04 -1.192447E+02
  5.000000E+00    10    21  1.430671E+01 -5.855447E+02
  5.000000E+00    10    22 -1.747198E+05 -1.018851E+04
  5.000000E+00    10    23  1.491691E+05 -1.367772E+04
  5.000000E+00    10    24  1.659370E+06 -5.169396E+03
  5.000000E+00    10    25 -7.526717E+01  2.833535E+02
  5.000000E+00    10    26 -4.671045E+01 -3.758291E+02
  5.000000E+00    10    27 -1.560978E+01  1.964376E+01
  5.000000E+00    10    28 -2.327502E+02 -1.835552E+03
  5.000000E+00    10    29  3.652269E+02 -1.372502E+03
  5.000000E+00    10    30  5.638762E+00 -6.100762E+00
  5.000000E+00    11     1 -2.606253E+03 -5.567305E+03
  5.000000E+00    11     2 -1.184219E+03 -1.813393E+03
  5.000000E+00    11     3 -1.638373E+02 -2.497854E+02
  5.000000E+00    11     4 -8.544015E+03 -1.072576E+04
  5.000000E+00    11     5  1.872989E+04  3.153228E+04
  5.000000E+00    11     6  2.059948E+01 -1.572155E+02
  5.000000E+00    11     7 -4.524144E+05 -1.490088E+04
  5.000000E+00    11     8 -2.865973E+04  1.618827E+03
  5.000000E+00    11     9 -3.614509E+03 -5.764368E+02
  5.000000E+00    11    10 -6.126041E+05  9.545085E+03
  5.000000E+00    11    11  8.061238E+06  9.146450E+04
  5.000000E+00    11    12  9.238439E+04  1.566680E+02
  5.000000E+00    11    13 -1.719095E+03 -5.638023E+03
  5.000000E+00    11    14  5.933224E+02  1.654161E+03
  5.000000E+00    11    15 -9.957399E+01 -2.944569E+02
  5.000000E+00    11    16  4.484297E+03  8.877153E+03
  5.000000E+00    11    17  1.178020E+04  3.179036E+04
  5.000000E+00    11    18  5.189543E+01  1.995246E+02
  5.000000E+00    11    19 -1.745737E+05  8.107726E+00
  5.000000E+00    11    20 -3.867285E+05 -7.902542E+01
  5.000000E+00    11    21 -8.797665E+03 -6.503637E+03
  5.000000E+00    11    22 -1.437328E+06 -2.830281E+04
  5.000000E+00    11    23  4.709131E+05  1.460368E+04
  5.000000E+00    11    24 -2.347497E+06 -7.578504E+03
  5.000000E+00    11    25 -6.794468E+02 -9.372656E+02
  5.000000E+00    11    26 -1.417443E+03 -1.742762E+03
  5.000000E+00    11    27 -1.500941E+02  2.625265E+02
  5.000000E+00    11    28 -6.896258E+03 -8.542979E+03
  5.000000E+00    11    29  3.345098E+03  4.619288E+03
  5.000000E+00    11    30  4.591427E+01 -9.383156E+01
  5.000000E+00    12     1 -1.282964E+01  2.227314E+01
  5.000000E+00    12     2 -8.808881E+00  4.563806E-01
  5.000000E+00    12     3 -2.001849E-01  1.366886E+00
  5.000000E+00    12     4 -4.576220E+01  5.858296E+00
  5.000000E+00    12     5  8.648013E+01 -1.492994E+02
  5.000000E+00    12     6 -3.879150E-01 -4.654338E-01
  5.000000E+00    12     7  3.259584E+03  6.396692E+01
  5.000000E+00    12     8 -1.020813E+03  9.900139E+01
  5.000000E+00    12     9  1.382191E+02  3.121445E+00
  5.000000E+00    12    10 -1.677745E+04  5.838980E+02
  5.000000E+00    12    11 -5.507461E+04 -3.862033E+02
  5.000000E+00    12    12  3.571665E+03  7.684799E+00
  5.000000E+00    12    13  2.507684E+01  3.927042E+01
  5.000000E+00    12    14 -1.611615E+01 -1.856801E+01
  5.000000E+00    12    15  5.101139E-01  2.081430E+00
  5.000000E+00    12    16 -1.039576E+02 -9.605191E+01
  5.000000E+00    12    17 -1.592938E+02 -2.109149E+02
  5.000000E+00    12    18 -1.758516E+00 -1.879396E+00
  5.000000E+00    12    19  3.177207E+03  1.765793E+00
  5.000000E+00    12    20  1.732548E+03 -1.256470E-01
  5.000000E+00    12    21 -3.487041E+00  3.502842E+01
  5.000000E+00    12    22  2.196003E+03  2.881607E+01
  5.000000E+00    12    23 -6.428563E+03 -1.603432E+02
  5.000000E+00    12    24 -1.003710E+05 -1.103402E+02
  5.000000E+00    12    25  5.849764E+00  1.083985E+01
  5.000000E+00    12    26  3.654326E+00  6.615867E+00
  5.000000E+00    12    27  9.616607E-01 -1.206356E+00
  5.000000E+00    12    28  1.742234E+01  3.253909E+01
  5.000000E+00    12    29 -2.918723E+01 -5.307619E+01
  5.000000E+00    12    30 -3.034112E-01  4.442959E-01
  5.000000E+00    13     1  2.771414E+02  8.775345E+02
  5.000000E+00    13     2 -9.203348E+01 -2.676188E+02
  5.000000E+00    13     3  3.962111E+00  4.833591E+01
  5.000000E+00    13     4 -2.881833E+02 -1.610319E+03
  5.000000E+00    13     5 -1.402801E+03 -5.218241E+03
  5.000000E+00    13     6 -9.308742E+00 -2.369580E+01
  5.000000E+00    13     7  3.847700E+02  8.776251E+02
  5.000000E+00    13     8  1.629366E+02  2.659075E+02
  5.000000E+00    13     9  2.193997E+01  4.320144E+01
  5.000000E+00    13    10  9.976757E+02  1.536387E+03
  5.000000E+00    13    11 -2.386313E+03 -5.403012E+03
  5.000000E+00    13    12  2.840194E+01  9.479318E+00
  5.000000E+00    13    13  2.566842E+03  2.377564E+03
  5.000000E+00    13    14  3.314554E+03 -1.226922E+02
  5.000000E+00    13    15  1.525262E+03  9.260093E+01
  5.000000E+00    13    16  4.454000E+04 -7.006164E+02
  5.000000E+00    13    17  2.761999E+04 -1.410890E+04
  5.000000E+00    13    18 -6.667708E+02 -8.879660E+00
  5.000000E+00    13    19  3.135006E+03 -2.100563E+01
  5.000000E+00    13    20  2.021900E+03  7.771990E+01
  5.000000E+00    13    21  1.156843E+03  9.916462E+02
  5.000000E+00    13    22  3.486882E+04 -4.414579E+03
  5.000000E+00    13    23  1.808348E+04 -2.645108E+03
  5.000000E+00    13    24  2.022271E+05  5.531039E+02
  5.000000E+00    13    25  1.442949E+02  1.471382E+02
  5.000000E+00    13    26 -2.255387E+02 -2.527042E+02
  5.000000E+00    13    27  2.010662E+01 -4.211243E+01
  5.000000E+00    13    28 -1.097619E+03 -1.235053E+03
  5.000000E+00    13    29 -6.959268E+02 -7.077337E+02
  5.000000E+00    13    30 -6.395848E+00  1.536266E+01
  5.000000E+00    14     1  8.895471E+01  2.123227E+02
  5.000000E+00    14     2 -4.539797E+01 -1.849517E+02
  5.000000E+00    14     3 -3.143250E+00  1.163278E+01
  5.000000E+00    14     4 -2.368653E+02 -1.089599E+03
  5.000000E+00    14     5 -3.678954E+02 -1.283881E+03
  5.000000E+00    14     6 -3.573705E+00 -1.540532E+01
  5.000000E+00    14     7 -1.032378E+02 -2.022418E+02
  5.000000E+00    14     8 -4.776622E+01 -1.800930E+02
  5.000000E+00    14     9 -3.975106E+00 -8.948065E+00
  5.000000E+00    14    10 -3.139470E+02 -1.045197E+03
  5.000000E+00    14    11  6.156226E+02  1.238871E+03
  5.000000E+00    14    12 -1.287613E+01 -1.036566E+01
  5.000000E+00    14    13  5.876008E+03  2.194877E+01
  5.000000E+00    14    14  4.033995E+03  1.541401E+03
  5.000000E+00    14    15 -1.658067E+02  7.311276E-01
  5.000000E+00    14    16  6.251572E+04  9.097049E+03
  5.000000E+00    14    17 -1.132062E+05 -2.445482E+02
  5.000000E+00    14    18 -1.413132E+03  1.020085E+02
  5.000000E+00    14    19  4.692669E+03 -2.663463E+01
  5.000000E+00    14    20 -4.030910E+03 -2.548233E+01
  5.000000E+00    14    21  8.658260E+00  7.844103E+00
  5.000000E+00    14    22 -2.070149E+04 -1.517891E+03
  5.000000E+00    14    23 -1.877865E+04  2.311116E+03
  5.000000E+00    14    24  1.177624E+05 -8.086880E+02
  5.000000E+00    14    25  8.458697E+00 -5.903161E+01
  5.000000E+00    14    26  1.190401E+00 -3.548388E+01
  5.000000E+00    14    27 -1.318486E-01 -3.617797E-01
  5.000000E+00    14    28  5.148728E+00 -1.746440E+02
  5.000000E+00    14    29 -4.150137E+01  2.894035E+02
  5.000000E+00    14    30 -6.763138E-02  3.326143E-02
  5.000000E+00    15     1  7.571332E+00  3.206043E+01
  5.000000E+00    15     2 -2.388641E+00 -8.791702E+00
  5.000000E+00    15     3  5.378086E+00  1.746209E+00
  5.000000E+00    15     4 -2.359493E+00 -5.344345E+01
  5.000000E+00    15     5 -1.228245E+01 -1.912533E+02
  5.000000E+00    15     6  7.123147E-01 -8.247960E-01
  5.000000E+00    15     7  1.028028E+01  3.286336E+01
  5.000000E+00    15     8  2.833794E+00  9.007100E+00
  5.000000E+00    15     9  5.837791E+00  1.577485E+00
  5.000000E+00    15    10  1.286070E+01  5.243119E+01
  5.000000E+00    15    11 -5.963678E+01 -2.018020E+02
  5.000000E+00    15    12  2.194244E-01  4.148830E-01
  5.000000E+00    15    13  7.049084E+01  6.225373E+01
  5.000000E+00    15    14  1.656981E+01  5.433413E-01
  5.000000E+00    15    15  1.639015E+03  3.297734E+00
  5.000000E+00    15    16  4.391200E+02  7.111022E+00
  5.000000E+00    15    17 -1.805441E+03 -3.693830E+02
  5.000000E+00    15    18  1.302832E+01 -4.053312E-01
  5.000000E+00    15    19  1.253922E+01 -9.637433E-01
  5.000000E+00    15    20  8.707724E+00  3.476798E+00
  5.000000E+00    15    21  6.025414E+02  3.598518E+01
  5.000000E+00    15    22 -1.808065E+04 -1.886426E+02
  5.000000E+00    15    23 -1.063168E+04 -1.127545E+02
  5.000000E+00    15    24  7.746638E+02  1.992456E+01
  5.000000E+00    15    25  4.459991E+00  3.843817E+00
  5.000000E+00    15    26 -7.733211E+00 -6.753299E+00
  5.000000E+00    15    27  2.549222E+00 -1.377161E+00
  5.000000E+00    15    28 -3.174372E+01 -3.302587E+01
  5.000000E+00    15    29 -1.800768E+01 -1.847093E+01
  5.000000E+00    15    30  2.027189E-02  5.058311E-01
  5.000000E+00    16     1  5.757187E+02  1.338278E+03
  5.000000E+00    16     2 -2.884311E+02 -1.112375E+03
  5.000000E+00    16     3 -2.715976E+01  7.371311E+01
  5.000000E+00    16     4 -1.521354E+03 -6.559177E+03
  5.000000E+00    16     5 -2.469902E+03 -8.092497E+03
  5.000000E+00    16     6 -2.406881E+01 -9.282193E+01
  5.000000E+00    16     7 -5.676488E+02 -1.072102E+03
  5.000000E+00    16     8 -2.764884E+02 -1.015725E+03
  5.000000E+00    16     9 -2.409059E+01 -4.712770E+01
  5.000000E+00    16    10 -1.805389E+03 -5.892900E+03
  5.000000E+00    16    11  3.378503E+03  6.567681E+03
  5.000000E+00    16    12 -7.332861E+01 -5.835791E+01
  5.000000E+00    16    13  1.023852E+05  3.366610E+02
  5.000000E+00    16    14  6.136165E+04  8.995720E+03
  5.000000E+00    16    15 -2.917410E+03  1.643800E+01
  5.000000E+00    16    16  1.094420E+06  5.312034E+04
  5.000000E+00    16    17 -1.971252E+06 -2.663923E+03
  5.000000E+00    16    18 -2.544182E+04  5.937415E+02
  5.000000E+00    16    19  8.314766E+04 -1.611710E+02
  5.000000E+00    16    20 -6.939088E+04 -1.318692E+02
  5.000000E+00    16    21  1.825264E+02  1.580882E+02
  5.000000E+00    16    22 -3.521974E+05 -9.641873E+03
  5.000000E+00    16    23 -3.363535E+05  1.302870E+04
  5.000000E+00    16    24  2.124001E+06 -4.701146E+03
  5.000000E+00    16    25  6.056418E+01 -3.358984E+02
  5.000000E+00    16    26 -1.945776E+01 -2.241132E+02
  5.000000E+00    16    27 -1.777588E+00 -6.308426E+00
  5.000000E+00    16    28 -1.083539E+02 -1.102533E+03
  5.000000E+00    16    29 -2.993884E+02  1.647687E+03
  5.000000E+00    16    30 -1.169587E+00  1.728654E+00
  5.000000E+00    17     1 -2.441822E+03 -7.883027E+03
  5.000000E+00    17     2  6.001469E+02  2.358587E+03
  5.000000E+00    17     3 -7.920354E+01 -4.271770E+02
  5.000000E+00    17     4  1.222008E+03  1.425812E+04
  5.000000E+00    17     5  1.229873E+04  4.676388E+04
  5.000000E+00    17     6  6.240348E+01  2.111314E+02
  5.000000E+00    17     7 -3.968511E+03 -7.771991E+03
  5.000000E+00    17     8 -1.649335E+03 -2.337939E+03
  5.000000E+00    17     9 -2.550037E+02 -3.794641E+02
  5.000000E+00    17    10 -9.954807E+03 -1.345587E+04
  5.000000E+00    17    11  2.454202E+04  4.780693E+04
  5.000000E+00    17    12 -2.658416E+02 -6.825368E+01
  5.000000E+00    17    13 -3.138177E+04 -1.984631E+04
  5.000000E+00    17    14 -5.651393E+04  2.281090E+03
  5.000000E+00    17    15 -2.787385E+04 -8.616273E+02
  5.000000E+00    17    16 -7.393409E+05  1.338236E+04
  5.000000E+00    17    17 -6.108811E+05  1.184944E+05
  5.000000E+00    17    18  7.354242E+03  1.967179E+02
  5.000000E+00    17    19 -5.095199E+04  2.723093E+02
  5.000000E+00    17    20 -3.902516E+04 -8.823765E+02
  5.000000E+00    17    21 -1.931253E+04 -8.809824E+03
  5.000000E+00    17    22 -5.495056E+05  4.823121E+04
  5.000000E+00    17    23 -2.956191E+05  2.909323E+04
  5.000000E+00    17    24 -3.445868E+06 -7.411462E+03
  5.000000E+00    17    25 -1.445755E+03 -1.180783E+03
  5.000000E+00    17    26  2.114913E+03  1.967306E+03
  5.000000E+00    17    27 -1.646990E+02  3.771513E+02
  5.000000E+00    17    28  1.026793E+04  9.616759E+03
  5.000000E+00    17    29  6.954685E+03  5.679343E+03
  5.000000E+00    17    30  4.589856E+01 -1.375753E+02
  5.000000E+00    18     1  1.185032E+01 -9.299137E+00
  5.000000E+00    18     2 -1.172928E+01 -4.326694E+00
  5.000000E+00    18     3  4.719063E-02 -8.973093E-02
  5.000000E+00    18     4 -7.079967E+01 -2.782682E+01
  5.000000E+00    18     5 -6.088308E+01  4.418398E+01
  5.000000E+00    18     6 -7.333286E-01 -3.747560E-01
  5.000000E+00    18     7 -2.777204E+01 -3.395446E+01
  5.000000E+00    18     8 -1.597453E+01 -1.766687E+01
  5.000000E+00    18     9 -2.665736E-01 -1.598806E+00
  5.000000E+00    18    10 -1.000828E+02 -1.006419E+02
  5.000000E+00    18    11  1.706854E+02  2.089572E+02
  5.000000E+00    18    12 -2.330725E+00 -4.012766E-01
  5.000000E+00    18    13 -4.246782E+03 -3.838597E+01
  5.000000E+00    18    14 -5.896537E+02  1.080558E+02
  5.000000E+00    18    15  6.113726E+01 -2.470158E+00
  5.000000E+00    18    16 -1.075156E+04  6.430781E+02
  5.000000E+00    18    17  7.871317E+04  2.305755E+02
  5.000000E+00    18    18  3.842754E+03  8.086926E+00
  5.000000E+00    18    19 -3.432021E+03 -2.437676E+00
  5.000000E+00    18    20  2.870755E+03 -4.203407E+00
  5.000000E+00    18    21 -3.760024E+01 -2.381355E+01
  5.000000E+00    18    22  1.248068E+04  5.777097E+01
  5.000000E+00    18    23  1.262563E+04  2.257774E+02
  5.000000E+00    18    24 -8.117695E+04 -1.837369E+02
  5.000000E+00    18    25 -6.053694E+00 -8.724015E+00
  5.000000E+00    18    26  3.492858E+00  1.149106E+00
  5.000000E+00    18    27 -2.822900E-01  9.020922E-01
  5.000000E+00    18    28  1.694905E+01  5.501006E+00
  5.000000E+00    18    29  3.038767E+01  4.250535E+01
  5.000000E+00    18    30  1.435899E-01 -3.372901E-01
  5.000000E+00    19     1  1.746554E+04  3.657730E+03
  5.000000E+00    19     2 -2.240504E+03 -1.039654E+03
  5.000000E+00    19     3  4.666440E+03  1.432192E+02
  5.000000E+00    19     4 -4.365939E+04 -4.608151E+03
  5.000000E+00    19     5 -2.861290E+05 -2.178752E+04
  5.000000E+00    19     6 -1.234087E+04 -1.174994E+02
  5.000000E+00    19     7  1.675109E+04  1.614042E+03
  5.000000E+00    19     8 -8.234314E+02 -3.254724E+02
  5.000000E+00    19     9  2.111239E+02  7.595883E+01
  5.000000E+00    19    10 -9.605911E+03 -1.878825E+03
  5.000000E+00    19    11 -2.870923E+05 -9.847164E+03
  5.000000E+00    19    12 -1.557674E+03 -3.376256E+01
  5.000000E+00    19    13  6.977421E+03  1.734895E+03
  5.000000E+00    19    14  3.825721E+03  3.301894E+02
  5.000000E+00    19    15  6.593741E+02  8.546220E+01
  5.000000E+00    19    16  5.670993E+04  1.824082E+03
  5.000000E+00    19    17 -8.397858E+04 -1.028315E+04
  5.000000E+00    19    18 -2.200411E+03 -3.724891E+00
  5.000000E+00    19    19  1.029696E+04  4.550368E+02
  5.000000E+00    19    20  7.179546E+03 -6.843438E+01
  5.000000E+00    19    21  7.391273E+03  1.768140E+03
  5.000000E+00    19    22  2.410078E+04 -1.404711E+03
  5.000000E+00    19    23  1.942543E+05  2.171005E+04
  5.000000E+00    19    24  3.300778E+05  7.516071E+03
  5.000000E+00    19    25 -4.664276E+02 -7.288367E+01
  5.000000E+00    19    26 -9.372100E+01 -6.116148E+01
  5.000000E+00    19    27  4.194053E+00 -8.582523E+01
  5.000000E+00    19    28 -4.865127E+02 -2.982586E+02
  5.000000E+00    19    29  1.949866E+03  3.619992E+02
  5.000000E+00    19    30  1.108238E+00  2.914818E+01
  5.000000E+00    20     1  1.323207E+04  1.978666E+03
  5.000000E+00    20     2 -2.644314E+03 -6.417390E+02
  5.000000E+00    20     3  3.165232E+03  7.498673E+01
  5.000000E+00    20     4 -4.872037E+04 -2.911911E+03
  5.000000E+00    20     5 -2.131488E+05 -1.173716E+04
  5.000000E+00    20     6 -5.324358E+03 -6.731458E+01
  5.000000E+00    20     7  1.871166E+04  7.864603E+02
  5.000000E+00    20     8  1.998713E+03 -3.512567E+02
  5.000000E+00    20     9  1.240283E+02  3.631704E+01
  5.000000E+00    20    10  4.063403E+04 -2.042024E+03
  5.000000E+00    20    11 -3.293088E+05 -4.791471E+03
  5.000000E+00    20    12 -4.856500E+03 -3.084279E+01
  5.000000E+00    20    13  3.744831E+03  6.379082E+02
  5.000000E+00    20    14 -1.856089E+03  3.701313E+02
  5.000000E+00    20    15 -1.316030E+03  3.075918E+01
  5.000000E+00    20    16 -2.293192E+04  2.098386E+03
  5.000000E+00    20    17 -1.178773E+05 -3.795017E+03
  5.000000E+00    20    18 -2.521649E+02  1.432319E+01
  5.000000E+00    20    19 -1.038152E+03  2.426051E+02
  5.000000E+00    20    20  1.595086E+04 -2.567012E+01
  5.000000E+00    20    21  3.200022E+03  8.626542E+02
  5.000000E+00    20    22  1.711382E+04 -1.170596E+03
  5.000000E+00    20    23  8.028677E+04  1.237108E+04
  5.000000E+00    20    24  5.122571E+04  4.196867E+03
  5.000000E+00    20    25 -4.243084E+02 -1.285901E+02
  5.000000E+00    20    26  1.790201E+02  6.120087E+01
  5.000000E+00    20    27  3.002729E+00 -4.150593E+01
  5.000000E+00    20    28  1.183251E+03  2.983180E+02
  5.000000E+00    20    29  2.063932E+03  6.284595E+02
  5.000000E+00    20    30  5.750974E-01  1.395952E+01
  5.000000E+00    21     1 -5.514264E+03 -8.453564E+01
  5.000000E+00    21     2  7.218823E+02  3.036320E+02
  5.000000E+00    21     3 -5.375353E+02  6.367018E+00
  5.000000E+00    21     4  1.310598E+04  1.418062E+03
  5.000000E+00    21     5  9.372426E+04  5.051869E+02
  5.000000E+00    21     6  2.841997E+03  2.780871E+01
  5.000000E+00    21     7  1.744611E+02  4.134251E+02
  5.000000E+00    21     8  4.732595E+01  7.864352E+01
  5.000000E+00    21     9  5.688023E+02  2.079890E+01
  5.000000E+00    21    10  7.365910E+02  4.604516E+02
  5.000000E+00    21    11 -3.336736E+03 -2.552018E+03
  5.000000E+00    21    12 -1.332108E+01  3.989945E+00
  5.000000E+00    21    13  1.119117E+02  3.764231E+02
  5.000000E+00    21    14 -2.057016E+02 -1.078294E+02
  5.000000E+00    21    15  6.053095E+02  1.997945E+01
  5.000000E+00    21    16 -2.212234E+03 -5.467611E+02
  5.000000E+00    21    17 -2.936923E+03 -2.128558E+03
  5.000000E+00    21    18  6.792507E+01 -8.564878E+00
  5.000000E+00    21    19  3.547660E+03 -8.575727E+01
  5.000000E+00    21    20  6.886264E+02  4.244176E+01
  5.000000E+00    21    21  1.948321E+04  3.561069E+02
  5.000000E+00    21    22  5.146947E+03  3.388925E+02
  5.000000E+00    21    23 -6.223890E+04 -4.662808E+03
  5.000000E+00    21    24 -3.698207E+04 -1.464744E+03
  5.000000E+00    21    25  1.510735E+02  3.807973E+01
  5.000000E+00    21    26  2.023549E+01  1.823213E+01
  5.000000E+00    21    27 -1.080980E+02  2.372264E+00
  5.000000E+00    21    28  1.064447E+02  8.900966E+01
  5.000000E+00    21    29 -7.096517E+02 -1.865887E+02
  5.000000E+00    21    30 -2.320534E+00 -2.878811E-01
  5.000000E+00    22     1  1.687643E+04  1.808614E+03
  5.000000E+00    22     2 -3.003382E+03  2.145943E+03
  5.000000E+00    22     3  4.343756E+03  2.200127E+01
  5.000000E+00    22     4 -6.555602E+04  1.364484E+04
  5.000000E+00    22     5 -2.650790E+05 -9.100768E+03
  5.000000E+00    22     6 -3.496014E+03  1.955154E+02
  5.000000E+00    22     7  5.685836E+04  3.439282E+03
  5.000000E+00    22     8  1.013904E+04 -2.063197E+03
  5.000000E+00    22     9  1.605545E+04  2.345881E+02
  5.000000E+00    22    10  2.011221E+05 -1.201906E+04
  5.000000E+00    22    11 -1.148548E+06 -2.262932E+04
  5.000000E+00    22    12 -1.886697E+04 -1.234838E+02
  5.000000E+00    22    13  8.003799E+03 -3.311820E+03
  5.000000E+00    22    14 -7.215571E+02 -5.969705E+02
  5.000000E+00    22    15 -2.271652E+04 -2.373830E+02
  5.000000E+00    22    16  3.775968E+04 -2.982177E+03
  5.000000E+00    22    17 -2.698401E+05  2.237404E+04
  5.000000E+00    22    18 -7.995738E+03 -9.803171E+01
  5.000000E+00    22    19  1.160909E+04  3.858755E+02
  5.000000E+00    22    20  5.609055E+04 -2.176145E+03
  5.000000E+00    22    21  1.837520E+03  4.849160E+02
  5.000000E+00    22    22  1.033238E+07  1.424762E+05
  5.000000E+00    22    23 -8.907227E+04  1.572241E+04
  5.000000E+00    22    24  6.314894E+05  4.999892E+03
  5.000000E+00    22    25 -5.897130E+02 -2.615221E+02
  5.000000E+00    22    26  3.187524E+03 -2.036607E+03
  5.000000E+00    22    27 -4.111933E+00 -3.166362E+01
  5.000000E+00    22    28  2.006723E+04 -9.941242E+03
  5.000000E+00    22    29  2.672298E+03  1.341982E+03
  5.000000E+00    22    30  1.199958E+01  7.259145E+00
  5.000000E+00    23     1 -3.417975E+05 -4.842666E+04
  5.000000E+00    23     2  4.653527E+04  1.865573E+04
  5.000000E+00    23     3 -5.091779E+04 -1.843340E+03
  5.000000E+00    23     4  8.544869E+05  9.176539E+04
  5.000000E+00    23     5  5.564690E+06  2.856057E+05
  5.000000E+00    23     6  1.733043E+05  1.796888E+03
  5.000000E+00    23     7 -5.924170E+04 -2.308728E+04
  5.000000E+00    23     8 -4.030674E+02  2.555563E+03
  5.000000E+00    23     9 -1.011233E+04 -1.126357E+03
  5.000000E+00    23    10 -1.783665E+04  1.484932E+04
  5.000000E+00    23    11  1.009735E+06  1.418853E+05
  5.000000E+00    23    12  7.126898E+03  3.383867E+02
  5.000000E+00    23    13 -3.466307E+04 -2.462138E+04
  5.000000E+00    23    14 -1.376665E+04 -4.462220E+03
  5.000000E+00    23    15 -1.378218E+04 -1.254662E+03
  5.000000E+00    23    16 -1.382123E+05 -2.469621E+04
  5.000000E+00    23    17  3.230464E+05  1.465810E+05
  5.000000E+00    23    18  1.473973E+03  3.623950E+01
  5.000000E+00    23    19  1.539951E+05 -3.784496E+03
  5.000000E+00    23    20  1.090077E+04  1.013840E+03
  5.000000E+00    23    21 -1.063359E+05 -2.423199E+04
  5.000000E+00    23    22  5.626166E+04  1.744312E+04
  5.000000E+00    23    23  6.605738E+06 -1.542138E+05
  5.000000E+00    23    24 -2.434854E+06 -9.888161E+04
  5.000000E+00    23    25  6.578277E+03  4.560228E+03
  5.000000E+00    23    26  1.333439E+03  1.142655E+03
  5.000000E+00    23    27 -7.908551E+01  1.182384E+03
  5.000000E+00    23    28  6.673320E+03  5.656029E+03
  5.000000E+00    23    29 -2.794786E+04 -2.236216E+04
  5.000000E+00    23    30 -1.071609E+01 -4.082340E+02
  5.000000E+00    24     1 -7.169051E+05 -1.159698E+05
  5.000000E+00    24     2  1.533640E+05  3.911812E+04
  5.000000E+00    24     3 -1.722986E+05 -4.589626E+03
  5.000000E+00    24     4  2.778543E+06  1.836981E+05
  5.000000E+00    24     5  1.153186E+07  6.909399E+05
  5.000000E+00    24     6  2.911525E+05  4.077424E+03
  5.000000E+00    24     7 -2.772954E+05 -4.954993E+04
  5.000000E+00    24     8  1.014557E+05  1.069697E+04
  5.000000E+00    24     9 -6.235897E+03 -2.353729E+03
  5.000000E+00    24    10  1.659501E+06  6.131220E+04
  5.000000E+00    24    11  4.621681E+06  3.024689E+05
  5.000000E+00    24    12 -5.612394E+04  9.472855E+02
  5.000000E+00    24    13  3.076704E+05 -5.070650E+04
  5.000000E+00    24    14  8.684259E+04 -1.731938E+04
  5.000000E+00    24    15 -1.214257E+04 -2.481108E+03
  5.000000E+00    24    16  1.851915E+06 -9.879259E+04
  5.000000E+00    24    17 -6.502582E+06  3.006492E+05
  5.000000E+00    24    18 -1.168169E+05 -5.167542E+02
  5.000000E+00    24    19  4.615163E+05 -1.263769E+04
  5.000000E+00    24    20 -3.622008E+05  2.903298E+03
  5.000000E+00    24    21 -2.028167E+05 -5.504467E+04
  5.000000E+00    24    22 -1.183146E+06  2.896692E+04
  5.000000E+00    24    23 -7.311905E+06 -6.394464E+05
  5.000000E+00    24    24  1.336951E+07 -1.925555E+05
  5.000000E+00    24    25  2.093829E+04  6.129775E+03
  5.000000E+00    24    26  2.307810E+03  1.829926E+03
  5.000000E+00    24    27 -2.601701E+02  2.622718E+03
  5.000000E+00    24    28  1.187242E+04  8.993105E+03
  5.000000E+00    24    29 -1.021422E+05 -3.014822E+04
  5.000000E+00    24    30 -5.005228E+00 -8.906864E+02
  5.000000E+00    25     1 -2.014021E+02 -2.610270E+02
  5.000000E+00    25     2 -2.392000E+00  9.375799E+00
  5.000000E+00    25     3 -1.050786E+01 -1.356754E+01
  5.000000E+00    25     4 -3.432392E+01  1.807258E+02
  5.000000E+00    25     5  1.362086E+03  1.637323E+03
  5.000000E+00    25     6  6.074761E+00  4.310489E+00
  5.000000E+00    25     7  9.968629E+01  1.203378E+02
  5.000000E+00    25     8 -6.057293E+00  6.163826E+01
  5.000000E+00    25     9  4.908956E+00  3.832699E+00
  5.000000E+00    25    10 -1.974121E+01  3.692676E+02
  5.000000E+00    25    11 -6.260035E+02 -7.184081E+02
  5.000000E+00    25    12  2.484630E+00  5.188439E+00
  5.000000E+00    25    13  1.039410E+02  1.201359E+02
  5.000000E+00    25    14  2.960593E+00 -5.960386E+01
  5.000000E+00    25    15  5.138968E+00  4.122643E+00
  5.000000E+00    25    16 -2.681436E+01 -3.405912E+02
  5.000000E+00    25    17 -6.899421E+02 -6.565278E+02
  5.000000E+00    25    18  5.851322E-01 -7.456592E+00
  5.000000E+00    25    19  1.689622E+02  5.546954E+01
  5.000000E+00    25    20 -2.144071E-01 -1.360579E-01
  5.000000E+00    25    21 -8.636963E+00 -7.687399E+00
  5.000000E+00    25    22  4.337560E+00  2.204215E+01
  5.000000E+00    25    23 -3.139837E+03  2.043359E+03
  5.000000E+00    25    24 -3.143337E+02  3.564570E+02
  5.000000E+00    25    25  7.135652E+02  3.168192E+02
  5.000000E+00    25    26  5.439228E-01 -3.865071E+00
  5.000000E+00    25    27  3.019033E+00  4.946977E-01
  5.000000E+00    25    28  4.257672E+01 -1.320731E+01
  5.000000E+00    25    29 -4.723939E+03 -1.546488E+03
  5.000000E+00    25    30 -5.377385E-01 -3.286697E-02
  5.000000E+00    26     1  1.017366E+01  4.265093E+00
  5.000000E+00    26     2 -7.803059E+00  7.021386E+01
  5.000000E+00    26     3  3.090853E+00  7.556378E-01
  5.000000E+00    26     4 -5.041156E+01  4.210439E+02
  5.000000E+00    26     5 -1.724435E+02 -8.539753E+01
  5.000000E+00    26     6 -3.547620E+00  4.041475E+00
  5.000000E+00    26     7  1.727350E+02  2.207892E+02
  5.000000E+00    26     8  2.603602E+00 -3.426355E+01
  5.000000E+00    26     9  8.183555E+00  7.122628E+00
  5.000000E+00    26    10  8.402785E+00 -1.986587E+02
  5.000000E+00    26    11 -1.107624E+03 -1.325207E+03
  5.000000E+00    26    12 -1.481852E+00 -4.847098E+00
  5.000000E+00    26    13 -1.689561E+02 -2.104516E+02
  5.000000E+00    26    14  4.151957E+00 -3.736357E+01
  5.000000E+00    26    15 -8.501289E+00 -7.005276E+00
  5.000000E+00    26    16  2.130977E+01 -2.368029E+02
  5.000000E+00    26    17  1.040292E+03  1.197450E+03
  5.000000E+00    26    18 -2.314297E+00 -1.671385E+00
  5.000000E+00    26    19 -3.754269E+00 -2.016956E+00
  5.000000E+00    26    20  1.652329E+02  5.204772E+01
  5.000000E+00    26    21  3.388423E-01  4.147130E+00
  5.000000E+00    26    22  3.114538E+03 -2.171336E+03
  5.000000E+00    26    23  4.602876E+01  9.028615E+01
  5.000000E+00    26    24  1.118470E+02  1.665015E+01
  5.000000E+00    26    25  1.167194E+00  2.544146E+00
  5.000000E+00    26    26  7.237248E+02  3.207822E+02
  5.000000E+00    26    27  1.206553E+00  2.140468E-01
  5.000000E+00    26    28  4.826715E+03  1.569191E+03
  5.000000E+00    26    29 -2.658584E+01 -2.282747E+01
  5.000000E+00    26    30 -4.078508E-01 -1.239567E-01
  5.000000E+00    27     1  2.596562E+00 -5.130443E+00
  5.000000E+00    27     2 -1.413056E-01 -9.789009E-02
  5.000000E+00    27     3  1.743178E-02 -2.533145E-01
  5.000000E+00    27     4 -2.361628E+00 -4.833685E-01
  5.000000E+00    27     5 -1.720060E+01  3.240688E+01
  5.000000E+00    27     6 -8.730510E-02  8.242936E-02
  5.000000E+00    27     7  2.712952E+00 -5.573230E+00
  5.000000E+00    27     8  1.274705E-03 -1.600717E-02
  5.000000E+00    27     9 -4.818624E-02 -2.487544E-01
  5.000000E+00    27    10  2.517302E-02 -1.451429E-01
  5.000000E+00    27    11 -1.621296E+01  3.457280E+01
  5.000000E+00    27    12 -2.850377E-02  1.197693E-02
  5.000000E+00    27    13  2.390027E+00 -5.081349E+00
  5.000000E+00    27    14  7.138326E-02  9.832245E-02
  5.000000E+00    27    15 -5.879458E-02 -2.358957E-01
  5.000000E+00    27    16  9.320412E-01  5.486963E-01
  5.000000E+00    27    17 -1.325109E+01  3.033497E+01
  5.000000E+00    27    18 -5.198601E-02  5.879900E-03
  5.000000E+00    27    19  5.545491E-01  8.469433E-02
  5.000000E+00    27    20  5.047495E-01 -1.072887E-02
  5.000000E+00    27    21 -7.048119E+01 -3.042619E+00
  5.000000E+00    27    22 -1.346494E+01 -4.188193E+00
  5.000000E+00    27    23  7.405293E+00  1.211403E+00
  5.000000E+00    27    24 -7.662015E-01 -2.391787E+00
  5.000000E+00    27    25 -5.641280E-01 -7.387418E-02
  5.000000E+00    27    26 -5.636370E-01 -1.163480E-01
  5.000000E+00    27    27  7.105655E+01  3.981209E-01
  5.000000E+00    27    28 -7.069346E+00 -5.719399E-01
  5.000000E+00    27    29  7.371706E+00  3.459348E-01
  5.000000E+00    27    30 -5.099266E-01 -1.372480E-01
  5.000000E+00    28     1  5.275968E+01  1.916627E+01
  5.000000E+00    28     2 -3.919451E+01  3.494060E+02
  5.000000E+00    28     3  1.645573E+01  3.647158E+00
  5.000000E+00    28     4 -2.571559E+02  2.096960E+03
  5.000000E+00    28     5 -9.184032E+02 -4.125648E+02
  5.000000E+00    28     6 -1.949565E+01  2.012089E+01
  5.000000E+00    28     7  8.642134E+02  1.099244E+03
  5.000000E+00    28     8  1.223692E+01 -1.702435E+02
  5.000000E+00    28     9  3.396918E+01  3.544117E+01
  5.000000E+00    28    10  3.091170E+01 -9.869453E+02
  5.000000E+00    28    11 -5.563610E+03 -6.597500E+03
  5.000000E+00    28    12 -7.452527E+00 -2.409494E+01
  5.000000E+00    28    13 -8.441192E+02 -1.047644E+03
  5.000000E+00    28    14  2.067153E+01 -1.862486E+02
  5.000000E+00    28    15 -3.553558E+01 -3.488787E+01
  5.000000E+00    28    16  1.038230E+02 -1.180336E+03
  5.000000E+00    28    17  5.240965E+03  5.961214E+03
  5.000000E+00    28    18 -1.189400E+01 -8.358102E+00
  5.000000E+00    28    19 -1.288398E+01 -9.276828E+00
  5.000000E+00    28    20  1.226333E+03  2.591382E+02
  5.000000E+00    28    21 -2.479782E+01  1.987019E+01
  5.000000E+00    28    22  2.108319E+04 -1.081476E+04
  5.000000E+00    28    23  2.099126E+02  4.863951E+02
  5.000000E+00    28    24  5.497128E+02  8.587006E+01
  5.000000E+00    28    25  2.544687E+01  1.541883E+01
  5.000000E+00    28    26  4.939587E+03  1.597186E+03
  5.000000E+00    28    27  1.424480E+01  1.082843E+00
  5.000000E+00    28    28  4.315391E+04  7.813110E+03
  5.000000E+00    28    29 -3.293728E+02 -1.270901E+02
  5.000000E+00    28    30  3.477846E-02 -6.235673E-01
  5.000000E+00    29     1  1.009906E+03  1.300495E+03
  5.000000E+00    29     2  1.278748E+01 -5.095664E+01
  5.000000E+00    29     3  4.592584E+01  6.752953E+01
  5.000000E+00    29     4  1.834889E+02 -9.200517E+02
  5.000000E+00    29     5 -7.031871E+03 -8.154430E+03
  5.000000E+00    29     6 -3.846167E+01 -2.176912E+01
  5.000000E+00    29     7 -5.066378E+02 -5.974348E+02
  5.000000E+00    29     8  2.932614E+01 -3.028559E+02
  5.000000E+00    29     9 -2.140596E+01 -1.892239E+01
  5.000000E+00    29    10  8.989465E+01 -1.814616E+03
  5.000000E+00    29    11  3.193394E+03  3.565071E+03
  5.000000E+00    29    12 -1.282842E+01 -2.540962E+01
  5.000000E+00    29    13 -5.108105E+02 -5.724235E+02
  5.000000E+00    29    14 -1.388079E+01  2.969695E+02
  5.000000E+00    29    15 -2.173187E+01 -1.953379E+01
  5.000000E+00    29    16  1.441623E+02  1.698128E+03
  5.000000E+00    29    17  3.419044E+03  3.120365E+03
  5.000000E+00    29    18 -2.185606E+00  3.697059E+01
  5.000000E+00    29    19 -1.225513E+03 -2.737476E+02
  5.000000E+00    29    20 -1.475647E+01 -1.961394E+00
  5.000000E+00    29    21  1.130745E+02  4.364441E+01
  5.000000E+00    29    22 -3.876516E+02 -3.530013E+00
  5.000000E+00    29    23  2.090996E+04 -1.007929E+04
  5.000000E+00    29    24  1.743561E+03 -1.755285E+03
  5.000000E+00    29    25 -4.821113E+03 -1.565636E+03
  5.000000E+00    29    26 -5.537974E+01  1.710283E+00
  5.000000E+00    29    27 -4.134853E+01 -3.173661E+00
  5.000000E+00    29    28 -6.729094E+02 -1.979663E+01
  5.000000E+00    29    29  4.178809E+04  7.642928E+03
  5.000000E+00    29    30  8.757117E+00  4.156418E-01
  5.000000E+00    30     1 -5.849552E+00  1.202079E+01
  5.000000E+00    30     2  2.837858E-01  4.829248E-03
  5.000000E+00    30     3 -1.223125E-01  5.964099E-01
  5.000000E+00    30     4  5.173224E+00 -2.417880E-01
  5.000000E+00    30     5  3.751707E+01 -7.598924E+01
  5.000000E+00    30     6  1.407301E-01 -2.143679E-01
  5.000000E+00    30     7 -5.982515E+00  1.260161E+01
  5.000000E+00    30     8  1.817245E-02  1.705929E-01
  5.000000E+00    30     9  5.341371E-03  5.603676E-01
  5.000000E+00    30    10  6.171134E-02  1.107714E+00
  5.000000E+00    30    11  3.552542E+01 -7.814610E+01
  5.000000E+00    30    12  7.758521E-02 -1.738764E-02
  5.000000E+00    30    13 -6.077090E+00  1.243742E+01
  5.000000E+00    30    14 -1.668363E-01 -1.404251E-01
  5.000000E+00    30    15  7.283520E-03  5.805229E-01
  5.000000E+00    30    16 -2.196443E+00 -8.061016E-01
  5.000000E+00    30    17  3.327120E+01 -7.440014E+01
  5.000000E+00    30    18  1.338645E-01 -5.872376E-04
  5.000000E+00    30    19  5.836334E-01 -2.434882E-01
  5.000000E+00    30    20  2.315521E-01  1.682973E-01
  5.000000E+00    30    21 -6.800976E+00  7.132394E+00
  5.000000E+00    30    22  1.942842E+01 -1.477364E+00
  5.000000E+00    30    23  5.213866E+00 -5.371437E+00
  5.000000E+00    30    24  5.874662E-01  5.138654E+00
  5.000000E+00    30    25 -2.122133E-01  1.187279E-01
  5.000000E+00    30    26  5.513443E-01  9.375006E-02
  5.000000E+00    30    27  3.421622E+00 -9.356025E-01
  5.000000E+00    30    28  7.094527E+00  4.612579E-01
  5.000000E+00    30    29  5.078628E+00 -5.389712E-01
  5.000000E+00    30    30  4.679040E+01  3.230477E-01
  6.000000E+00     1     1 -8.507559E+03 -9.342974E+02
  6.000000E+00     1     2  2.210075E+03  1.578826E+03
  6.000000E+00     1     3 -3.359648E+03 -1.264461E+01
  6.000000E+00     1     4  3.728575E+04  1.007622E+04
  6.000000E+00     1     5  1.410992E+05  6.032548E+03
  6.000000E+00     1     6  8.399112E+03  1.749224E+02
  6.000000E+00     1     7  4.355625E+02  3.255211E+02
  6.000000E+00     1     8 -1.476668E+02  1.189110E+00
  6.000000E+00     1     9  9.473300E+00  1.618281E+01
  6.000000E+00     1    10 -1.054394E+03  4.601793E+01
  6.000000E+00     1    11 -3.239018E+03 -2.422035E+03
  6.000000E+00     1    12 -2.022598E+01  7.257261E+00
  6.000000E+00     1    13  9.409849E+02 -5.834691E+02
  6.000000E+00     1    14  6.036480E+02 -2.685051E+02
  6.000000E+00     1    15  4.088002E+01 -2.792748E+01
  6.000000E+00     1    16  4.236153E+03 -2.068579E+03
  6.000000E+00     1    17 -7.098702E+03  4.159931E+03
  6.000000E+00     1    18  7.163346E+01 -5.403562E+01
  6.000000E+00     1    19  3.239753E+03  4.343531E+01
  6.000000E+00     1    20  1.979880E+03  1.441775E+02
  6.000000E+00     1    21 -3.643200E+03 -4.775850E+02
  6.000000E+00     1    22  3.697094E+03  1.054263E+04
  6.000000E+00     1    23 -1.700223E+05 -1.686341E+04
  6.000000E+00     1    24 -8.762221E+04 -5.380254E+03
  6.000000E+00     1    25 -3.184321E+02 -2.724981E+02
  6.000000E+00     1    26  1.284758E+02 -9.962657E+01
  6.000000E+00     1    27  9.422647E+00 -2.532461E+01
  6.000000E+00     1    28  7.230550E+02 -5.663978E+02
  6.000000E+00     1    29  1.796674E+03  1.534942E+03
  6.000000E+00     1    30 -1.816905E+00  4.412129E+00
  6.000000E+00     2     1 -8.355248E+03 -1.209955E+03
  6.000000E+00     2     2  4.980196E+03  2.666776E+03
  6.000000E+00     2     3 -1.899403E+03 -1.128408E+01
  6.000000E+00     2     4  6.453149E+04  1.812696E+04
  6.000000E+00     2     5  1.294229E+05  8.060668E+03
  6.000000E+00     2     6  3.571041E+03  2.943091E+02
  6.000000E+00     2     7  4.437975E+01  3.771149E+02
  6.000000E+00     2     8  7.551847E+00  1.199184E+02
  6.000000E+00     2     9 -4.586902E+00  1.724221E+01
  6.000000E+00     2    10  6.835294E+01  8.769513E+02
  6.000000E+00     2    11 -3.082664E+02 -2.778921E+03
  6.000000E+00     2    12  3.460727E+00  1.618390E+01
  6.000000E+00     2    13  1.215607E+03 -5.297559E+02
  6.000000E+00     2    14  7.882849E+02 -2.050156E+02
  6.000000E+00     2    15  6.096741E+01 -2.272351E+01
  6.000000E+00     2    16  5.609098E+03 -1.651437E+03
  6.000000E+00     2    17 -9.121511E+03  3.692290E+03
  6.000000E+00     2    18  9.597945E+01 -4.916205E+01
  6.000000E+00     2    19  4.328557E+03  9.874568E+01
  6.000000E+00     2    20  1.676219E+02  1.314527E+02
  6.000000E+00     2    21 -1.513073E+03 -3.426367E+02
  6.000000E+00     2    22 -1.020253E+04  9.902409E+03
  6.000000E+00     2    23 -8.976749E+04 -1.410276E+04
  6.000000E+00     2    24 -6.715489E+02 -5.386482E+03
  6.000000E+00     2    25 -2.112385E+02 -3.235215E+02
  6.000000E+00     2    26  2.181716E+02 -4.827742E+01
  6.000000E+00     2    27  2.212735E+01 -1.664795E+01
  6.000000E+00     2    28  1.229433E+03 -2.771294E+02
  6.000000E+00     2    29  1.189205E+03  1.821128E+03
  6.000000E+00     2    30 -3.895044E+00  2.993758E+00
  6.000000E+00     3     1  7.761938E+03  1.268510E+03
  6.000000E+00     3     2 -9.372132E+02 -7.869150E+02
  6.000000E+00     3     3  3.121353E+03  4.969653E+01
  6.000000E+00     3     4 -1.425862E+04 -4.998518E+03
  6.000000E+00     3     5 -1.249281E+05 -9.647480E+03
  6.000000E+00     3     6 -3.801596E+03 -1.382500E+02
  6.000000E+00     3     7 -4.485421E+02 -1.481719E+02
  6.000000E+00     3     8  2.395778E+02 -8.154333E+01
  6.000000E+00     3     9 -1.282957E+01 -8.435043E+00
  6.000000E+00     3    10  1.711881E+03 -6.260804E+02
  6.000000E+00     3    11  3.364591E+03  1.090880E+03
  6.000000E+00     3    12  2.980110E+01 -1.957076E+01
  6.000000E+00     3    13 -7.084049E+02  2.902387E+02
  6.000000E+00     3    14 -4.668678E+02  2.120207E+02
  6.000000E+00     3    15 -2.932774E+01  1.325917E+01
  6.000000E+00     3    16 -3.293302E+03  1.643596E+03
  6.000000E+00     3    17  5.372823E+03 -2.018488E+03
  6.000000E+00     3    18 -5.730710E+01  3.969235E+01
  6.000000E+00     3    19 -4.229469E+03 -1.493408E+02
  6.000000E+00     3    20 -1.085800E+03 -8.602785E+01
  6.000000E+00     3    21  2.266167E+03  3.511961E+02
  6.000000E+00     3    22 -1.890774E+03 -5.201562E+03
  6.000000E+00     3    23  1.201725E+05  1.425757E+04
  6.000000E+00     3    24  5.157500E+04  3.910520E+03
  6.000000E+00     3    25  1.959406E+02  2.965125E+02
  6.000000E+00     3    26 -6.385540E+01  4.724204E+01
  6.000000E+00     3    27 -1.857143E+01  1.584535E+01
  6.000000E+00     3    28 -3.579780E+02  2.712777E+02
  6.000000E+00     3    29 -1.113016E+03 -1.669298E+03
  6.000000E+00     3    30  3.720174E+00 -2.820735E+00
  6.000000E+00     4     1 -1.293068E+05 -2.005186E+04
  6.000000E+00     4     2  6.364671E+04  2.650462E+04
  6.000000E+00     4     3 -2.983962E+04 -5.283026E+02
  6.000000E+00     4     4  9.911367E+05  1.770962E+05
  6.000000E+00     4     5  1.998415E+06  1.440194E+05
  6.000000E+00     4     6  5.417707E+04  3.371002E+03
  6.000000E+00     4     7  4.301589E+03  4.192462E+03
  6.000000E+00     4     8 -2.147602E+03  1.563408E+03
  6.000000E+00     4     9  1.087477E+02  2.079823E+02
  6.000000E+00     4    10 -1.516349E+04  1.170946E+04
  6.000000E+00     4    11 -3.207562E+04 -3.089563E+04
  6.000000E+00     4    12 -2.503714E+02  2.900811E+02
  6.000000E+00     4    13  1.536965E+04 -6.322031E+03
  6.000000E+00     4    14  1.005607E+04 -3.312546E+03
  6.000000E+00     4    15  7.622718E+02 -2.757866E+02
  6.000000E+00     4    16  7.131920E+04 -2.621251E+04
  6.000000E+00     4    17 -1.157692E+05  4.390179E+04
  6.000000E+00     4    18  1.229216E+03 -7.055092E+02
  6.000000E+00     4    19  6.684105E+04  2.075211E+03
  6.000000E+00     4    20  2.044986E+03  1.705067E+03
  6.000000E+00     4    21 -2.286884E+04 -5.554745E+03
  6.000000E+00     4    22 -8.250740E+04  1.178067E+05
  6.000000E+00     4    23 -1.361973E+06 -2.342084E+05
  6.000000E+00     4    24  6.281507E+04 -7.363745E+04
  6.000000E+00     4    25 -3.205771E+03 -5.087949E+03
  6.000000E+00     4    26  2.196301E+03 -7.603364E+02
  6.000000E+00     4    27  3.480348E+02 -2.535224E+02
  6.000000E+00     4    28  1.236216E+04 -4.368023E+03
  6.000000E+00     4    29  1.808839E+04  2.864215E+04
  6.000000E+00     4    30 -6.140545E+01  4.550616E+01
  6.000000E+00     5     1  1.518623E+05  3.531257E+04
  6.000000E+00     5     2 -4.178320E+04 -2.621400E+04
  6.000000E+00     5     3  5.743745E+04  1.289708E+03
  6.000000E+00     5     4 -7.164370E+05 -1.652813E+05
  6.000000E+00     5     5 -2.271836E+06 -2.636833E+05
  6.000000E+00     5     6 -1.353040E+05 -4.167358E+03
  6.000000E+00     5     7 -1.329386E+04 -4.882378E+03
  6.000000E+00     5     8  6.609854E+03 -2.045934E+03
  6.000000E+00     5     9 -4.901136E+02 -2.678117E+02
  6.000000E+00     5    10  4.719744E+04 -1.588042E+04
  6.000000E+00     5    11  9.944427E+04  3.603805E+04
  6.000000E+00     5    12  8.174050E+02 -5.249856E+02
  6.000000E+00     5    13 -2.198903E+04  1.005073E+04
  6.000000E+00     5    14 -1.425043E+04  6.486000E+03
  6.000000E+00     5    15 -1.033396E+03  4.679817E+02
  6.000000E+00     5    16 -1.001630E+05  5.018370E+04
  6.000000E+00     5    17  1.664574E+05 -7.053073E+04
  6.000000E+00     5    18 -1.727533E+03  1.238219E+03
  6.000000E+00     5    19 -4.539032E+04 -3.765321E+03
  6.000000E+00     5    20 -2.814980E+04 -2.824139E+03
  6.000000E+00     5    21  5.500736E+04  1.133436E+04
  6.000000E+00     5    22 -4.390788E+04 -1.756877E+05
  6.000000E+00     5    23  2.861488E+06  4.374132E+05
  6.000000E+00     5    24  1.189958E+06  1.234871E+05
  6.000000E+00     5    25  6.665362E+03  8.474924E+03
  6.000000E+00     5    26 -2.162477E+03  1.622431E+03
  6.000000E+00     5    27 -5.182068E+02  5.349202E+02
  6.000000E+00     5    28 -1.213672E+04  9.288140E+03
  6.000000E+00     5    29 -3.762683E+04 -4.771325E+04
  6.000000E+00     5    30  8.963908E+01 -9.443993E+01
  6.000000E+00     6     1  4.074489E+03  1.148663E+03
  6.000000E+00     6     2 -2.256536E+03 -5.378622E+02
  6.000000E+00     6     3  1.425726E+03  5.071248E+01
  6.000000E+00     6     4 -3.975216E+04 -3.313223E+03
  6.000000E+00     6     5 -6.001138E+04 -8.917387E+03
  6.000000E+00     6     6  5.466794E+02 -1.127746E+02
  6.000000E+00     6     7 -4.119539E+02 -8.041146E+01
  6.000000E+00     6     8  2.320641E+02 -8.792124E+01
  6.000000E+00     6     9 -1.574031E+01 -5.090477E+00
  6.000000E+00     6    10  1.640535E+03 -6.686928E+02
  6.000000E+00     6    11  3.090579E+03  5.852175E+02
  6.000000E+00     6    12  2.858936E+01 -2.018839E+01
  6.000000E+00     6    13 -6.168918E+02  2.102583E+02
  6.000000E+00     6    14 -3.960305E+02  1.701791E+02
  6.000000E+00     6    15 -2.984310E+01  9.387106E+00
  6.000000E+00     6    16 -2.800258E+03  1.325975E+03
  6.000000E+00     6    17  4.669528E+03 -1.445608E+03
  6.000000E+00     6    18 -4.925610E+01  3.250271E+01
  6.000000E+00     6    19 -9.225452E+02 -1.411958E+02
  6.000000E+00     6    20  1.338209E+03 -6.646919E+01
  6.000000E+00     6    21  1.231059E+03  3.186793E+02
  6.000000E+00     6    22  7.000891E+03 -3.430619E+03
  6.000000E+00     6    23  6.852016E+04  1.298473E+04
  6.000000E+00     6    24 -7.908354E+04  3.338792E+03
  6.000000E+00     6    25  1.750132E+02  2.604637E+02
  6.000000E+00     6    26 -4.747623E+01  2.925727E+01
  6.000000E+00     6    27 -1.726392E+01  1.383706E+01
  6.000000E+00     6    28 -2.647899E+02  1.691567E+02
  6.000000E+00     6    29 -9.892204E+02 -1.465825E+03
  6.000000E+00     6    30  3.054780E+00 -2.463220E+00
  6.000000E+00     7     1 -7.490344E+02  2.171213E+02
  6.000000E+00     7     2 -4.828954E+02  2.216492E+02
  6.000000E+00     7     3 -4.224749E+01  2.839390E+01
  6.000000E+00     7     4 -3.604709E+03  1.630180E+03
  6.000000E+00     7     5  6.004726E+03 -2.705754E+03
  6.000000E+00     7     6 -1.673141E+01 -2.134853E+01
  6.000000E+00     7     7  2.644187E+04  1.897337E+03
  6.000000E+00     7     8  1.340606E+03 -1.533000E+02
  6.000000E+00     7     9  2.901387E+02  8.410119E+01
  6.000000E+00     7    10  3.024590E+04 -1.090828E+03
  6.000000E+00     7    11 -4.502728E+05 -1.401290E+04
  6.000000E+00     7    12 -4.922668E+03 -1.779914E+01
  6.000000E+00     7    13 -6.452324E+02  2.114434E+01
  6.000000E+00     7    14  4.423178E+02 -2.207188E+02
  6.000000E+00     7    15 -3.646006E+01 -2.410663E+00
  6.000000E+00     7    16  3.170623E+03 -1.772086E+03
  6.000000E+00     7    17  4.643617E+03 -4.415316E+02
  6.000000E+00     7    18  4.933170E+01 -2.804645E+01
  6.000000E+00     7    19  9.753756E+03  2.152985E+01
  6.000000E+00     7    20  2.110999E+04  1.310858E+02
  6.000000E+00     7    21 -6.879987E+01  3.363197E+02
  6.000000E+00     7    22  9.295230E+04  1.323995E+04
  6.000000E+00     7    23 -3.635520E+04 -5.218571E+03
  6.000000E+00     7    24  1.179007E+05  1.060152E+03
  6.000000E+00     7    25 -8.686587E+01 -2.046435E+02
  6.000000E+00     7    26 -1.225958E+02 -3.807586E+02
  6.000000E+00     7    27 -3.915360E+01  9.925261E+00
  6.000000E+00     7    28 -7.001052E+02 -2.151866E+03
  6.000000E+00     7    29  4.985630E+02  1.163818E+03
  6.000000E+00     7    30  7.000657E+00 -1.696255E+00
  6.000000E+00     8     1  5.169567E+02 -2.706795E+02
  6.000000E+00     8     2  2.797769E+02  3.328012E+01
  6.000000E+00     8     3  3.384088E+01 -2.297836E+01
  6.000000E+00     8     4  2.028952E+03  2.382768E+02
  6.000000E+00     8     5 -4.210513E+03  2.671797E+03
  6.000000E+00     8     6  4.480636E+00  3.561838E+01
  6.000000E+00     8     7 -4.713496E+03 -4.921663E+01
  6.000000E+00     8     8  4.578497E+03  1.787488E+03
  6.000000E+00     8     9 -5.423392E+01  6.312721E-01
  6.000000E+00     8    10  5.836559E+04  1.281030E+04
  6.000000E+00     8    11  8.326616E+04  5.890462E+02
  6.000000E+00     8    12 -4.378401E+01  2.218982E+02
  6.000000E+00     8    13 -4.059810E+02  2.361428E+02
  6.000000E+00     8    14  2.461085E+02  3.111256E+01
  6.000000E+00     8    15 -2.184940E+01  8.753774E+00
  6.000000E+00     8    16  1.784637E+03  1.245719E+02
  6.000000E+00     8    17  2.954291E+03 -1.883814E+03
  6.000000E+00     8    18  2.939285E+01  4.665226E+00
  6.000000E+00     8    19 -3.764821E+03  8.887311E+01
  6.000000E+00     8    20 -3.081213E+03 -5.056548E+01
  6.000000E+00     8    21  3.114617E+01 -1.845828E+01
  6.000000E+00     8    22 -5.553871E+03 -2.891458E+03
  6.000000E+00     8    23  1.802880E+04 -3.922429E+03
  6.000000E+00     8    24  9.296625E+04 -3.166983E+03
  6.000000E+00     8    25  1.283498E+02  1.325535E+01
  6.000000E+00     8    26 -7.329082E+01  1.288448E+01
  6.000000E+00     8    27  1.624779E+00  5.670007E-01
  6.000000E+00     8    28 -4.115105E+02  7.286017E+01
  6.000000E+00     8    29 -7.208489E+02 -7.550654E+01
  6.000000E+00     8    30 -3.685723E-01 -1.369351E-01
  6.000000E+00     9     1 -5.116153E+01  5.021114E+00
  6.000000E+00     9     2 -2.453722E+01  8.765370E+00
  6.000000E+00     9     3  5.517601E-01  1.163061E+00
  6.000000E+00     9     4 -1.784954E+02  6.411635E+01
  6.000000E+00     9     5  4.795673E+02 -9.273406E+01
  6.000000E+00     9     6  2.490018E+00 -1.200625E+00
  6.000000E+00     9     7  1.078928E+02  8.640858E+01
  6.000000E+00     9     8 -1.247512E+01  5.344650E-01
  6.000000E+00     9     9  1.673179E+03  4.633096E+00
  6.000000E+00     9    10 -2.649211E+02  4.161194E+00
  6.000000E+00     9    11 -1.058997E+03 -6.483275E+02
  6.000000E+00     9    12  3.838169E+01  8.475070E-02
  6.000000E+00     9    13 -3.870867E+01  9.410256E-01
  6.000000E+00     9    14  2.627723E+01 -9.673489E+00
  6.000000E+00     9    15  2.554312E+00 -1.370687E-01
  6.000000E+00     9    16  1.941828E+02 -8.057171E+01
  6.000000E+00     9    17  2.890654E+02 -2.428233E+01
  6.000000E+00     9    18  3.275165E+00 -1.240652E+00
  6.000000E+00     9    19  1.004903E+01  2.056275E+00
  6.000000E+00     9    20 -2.676459E+01  6.639784E+00
  6.000000E+00     9    21  5.808558E+02  1.994650E+01
  6.000000E+00     9    22  1.854109E+04  8.205569E+02
  6.000000E+00     9    23 -1.102634E+04 -4.299005E+02
  6.000000E+00     9    24 -1.101306E+03  2.682139E+01
  6.000000E+00     9    25 -5.061220E+00 -1.195008E+01
  6.000000E+00     9    26 -7.897214E+00 -2.047297E+01
  6.000000E+00     9    27 -4.458939E-01  7.687176E-01
  6.000000E+00     9    28 -4.929799E+01 -1.157287E+02
  6.000000E+00     9    29  3.170863E+01  6.790249E+01
  6.000000E+00     9    30  5.200261E-01 -1.311248E-01
  6.000000E+00    10     1  4.060717E+03 -1.852942E+03
  6.000000E+00    10     2  2.217135E+03  2.706971E+02
  6.000000E+00    10     3  2.693296E+02 -1.649244E+02
  6.000000E+00    10     4  1.611951E+04  1.949063E+03
  6.000000E+00    10     5 -3.318300E+04  1.881007E+04
  6.000000E+00    10     6  3.254574E+01  2.678991E+02
  6.000000E+00    10     7 -8.447376E+04 -7.032210E+02
  6.000000E+00    10     8  6.068242E+04  1.272544E+04
  6.000000E+00    10     9 -7.247366E+02 -2.023960E+01
  6.000000E+00    10    10  9.487147E+05  9.118663E+04
  6.000000E+00    10    11  1.497650E+06  6.919345E+03
  6.000000E+00    10    12 -1.459227E+03  1.578100E+03
  6.000000E+00    10    13 -2.728792E+03  1.725991E+03
  6.000000E+00    10    14  1.577559E+03  2.537106E+02
  6.000000E+00    10    15 -1.478997E+02  6.625661E+01
  6.000000E+00    10    16  1.143466E+04  1.181392E+03
  6.000000E+00    10    17  1.985749E+04 -1.364249E+04
  6.000000E+00    10    18  1.887238E+02  3.837836E+01
  6.000000E+00    10    19 -6.676543E+04  6.051703E+02
  6.000000E+00    10    20 -5.554751E+04 -4.051235E+02
  6.000000E+00    10    21  4.496251E+02 -1.809917E+02
  6.000000E+00    10    22 -1.506697E+05 -2.666680E+04
  6.000000E+00    10    23  2.306045E+05 -2.326364E+04
  6.000000E+00    10    24  1.665227E+06 -2.236847E+04
  6.000000E+00    10    25  9.317935E+02  1.918194E+02
  6.000000E+00    10    26 -5.422228E+02  2.221928E+02
  6.000000E+00    10    27  2.520931E+01  7.093909E+00
  6.000000E+00    10    28 -3.043671E+03  1.257009E+03
  6.000000E+00    10    29 -5.235925E+03 -1.091016E+03
  6.000000E+00    10    30 -4.974678E+00 -1.533459E+00
  6.000000E+00    11     1  6.322341E+03 -1.984756E+03
  6.000000E+00    11     2  4.121506E+03 -1.710035E+03
  6.000000E+00    11     3  3.494256E+02 -2.497901E+02
  6.000000E+00    11     4  3.066139E+04 -1.253916E+04
  6.000000E+00    11     5 -5.100414E+04  2.406374E+04
  6.000000E+00    11     6  1.363587E+02  2.050611E+02
  6.000000E+00    11     7 -4.588495E+05 -1.451167E+04
  6.000000E+00    11     8 -2.778577E+04  2.656732E+03
  6.000000E+00    11     9 -3.880343E+03 -6.662335E+02
  6.000000E+00    11    10 -6.083904E+05  1.903079E+04
  6.000000E+00    11    11  8.102522E+06  1.078107E+05
  6.000000E+00    11    12  9.245726E+04  3.452345E+02
  6.000000E+00    11    13  5.088565E+03  4.089560E+02
  6.000000E+00    11    14 -3.457856E+03  1.485094E+03
  6.000000E+00    11    15  2.746619E+02  4.912988E+01
  6.000000E+00    11    16 -2.490727E+04  1.210268E+04
  6.000000E+00    11    17 -3.682036E+04 -7.516034E+02
  6.000000E+00    11    18 -3.850260E+02  1.926346E+02
  6.000000E+00    11    19 -1.743242E+05 -5.838441E+01
  6.000000E+00    11    20 -3.855846E+05 -1.114939E+03
  6.000000E+00    11    21 -3.808143E+03 -2.632893E+03
  6.000000E+00    11    22 -1.604519E+06 -1.168527E+05
  6.000000E+00    11    23  5.921477E+05  3.701731E+04
  6.000000E+00    11    24 -2.333872E+06 -1.170683E+04
  6.000000E+00    11    25  7.407377E+02  1.578280E+03
  6.000000E+00    11    26  8.650918E+02  3.109992E+03
  6.000000E+00    11    27  3.049567E+02 -7.023352E+01
  6.000000E+00    11    28  4.969896E+03  1.757594E+04
  6.000000E+00    11    29 -4.253927E+03 -8.982264E+03
  6.000000E+00    11    30 -5.616087E+01  1.200505E+01
  6.000000E+00    12     1  1.371867E+01 -6.150139E+01
  6.000000E+00    12     2  9.378384E+00 -7.206127E+00
  6.000000E+00    12     3  1.083713E+00 -3.916448E+00
  6.000000E+00    12     4  6.314170E+01 -5.470671E+01
  6.000000E+00    12     5 -7.227486E+01  5.139139E+02
  6.000000E+00    12     6  1.954164E+00  3.011945E+00
  6.000000E+00    12     7  3.290727E+03  4.637381E+01
  6.000000E+00    12     8 -9.783796E+02  2.193338E+02
  6.000000E+00    12     9  1.415244E+02  3.435533E+00
  6.000000E+00    12    10 -1.667378E+04  1.576178E+03
  6.000000E+00    12    11 -5.528939E+04 -3.248335E+02
  6.000000E+00    12    12  3.567233E+03  2.855136E+01
  6.000000E+00    12    13 -7.135942E+01  4.326266E+01
  6.000000E+00    12    14  5.508989E+01 -1.115382E+01
  6.000000E+00    12    15 -4.435159E+00  1.636640E+00
  6.000000E+00    12    16  3.948955E+02 -1.024747E+02
  6.000000E+00    12    17  5.118089E+02 -3.507004E+02
  6.000000E+00    12    18  6.466796E+00 -1.299420E+00
  6.000000E+00    12    19  3.156542E+03  1.840763E+01
  6.000000E+00    12    20  1.731770E+03 -1.599380E+00
  6.000000E+00    12    21 -2.265944E+01  4.996544E+00
  6.000000E+00    12    22  3.670859E+03  2.087276E+02
  6.000000E+00    12    23 -5.767997E+03 -1.399159E+03
  6.000000E+00    12    24 -1.002086E+05 -4.755090E+02
  6.000000E+00    12    25  1.622205E+01 -1.601816E+01
  6.000000E+00    12    26 -9.461879E+00 -1.247832E+01
  6.000000E+00    12    27 -1.529172E+00 -1.754407E-01
  6.000000E+00    12    28 -5.373039E+01 -7.073845E+01
  6.000000E+00    12    29 -9.117028E+01  9.056922E+01
  6.000000E+00    12    30  2.646978E-01  3.028780E-02
  6.000000E+00    13     1 -8.586281E+02 -1.189045E+02
  6.000000E+00    13     2  5.247567E+02 -1.881351E+02
  6.000000E+00    13     3 -5.107605E+01 -3.630402E+01
  6.000000E+00    13     4  3.694153E+03 -1.078315E+03
  6.000000E+00    13     5  6.899310E+03  1.635998E+03
  6.000000E+00    13     6  1.062589E+02 -8.797144E-01
  6.000000E+00    13     7 -8.573892E+02  1.278546E+02
  6.000000E+00    13     8 -6.029563E+02  2.656032E+02
  6.000000E+00    13     9 -4.380935E+01  5.583229E+00
  6.000000E+00    13    10 -4.328486E+03  1.964751E+03
  6.000000E+00    13    11  6.407490E+03 -8.164239E+02
  6.000000E+00    13    12 -6.761766E+01  6.241847E+01
  6.000000E+00    13    13  3.481147E+03  2.316190E+03
  6.000000E+00    13    14  3.254738E+03 -2.428875E+02
  6.000000E+00    13    15  1.572678E+03  1.088443E+02
  6.000000E+00    13    16  4.428090E+04 -1.966392E+03
  6.000000E+00    13    17  2.218233E+04 -1.731046E+04
  6.000000E+00    13    18 -6.665086E+02 -1.567745E+00
  6.000000E+00    13    19  2.989528E+03  1.767091E+02
  6.000000E+00    13    20  2.300327E+03 -2.428280E+02
  6.000000E+00    13    21  3.811248E+02  3.849446E+02
  6.000000E+00    13    22  8.958710E+03 -1.572590E+04
  6.000000E+00    13    23  3.760221E+03 -1.201192E+04
  6.000000E+00    13    24  2.006369E+05 -8.968345E+02
  6.000000E+00    13    25 -8.444714E+01 -2.812394E+02
  6.000000E+00    13    26  1.766279E+02  4.516614E+02
  6.000000E+00    13    27 -4.489672E+01  1.523852E+01
  6.000000E+00    13    28  1.002917E+03  2.544007E+03
  6.000000E+00    13    29  4.771013E+02  1.566101E+03
  6.000000E+00    13    30  8.522165E+00 -2.695612E+00
  6.000000E+00    14     1 -4.391821E+02  1.901646E+02
  6.000000E+00    14     2  2.632937E+02  4.234667E+01
  6.000000E+00    14     3 -2.399411E+01  6.819286E-01
  6.000000E+00    14     4  1.853275E+03  3.869877E+02
  6.000000E+00    14     5  3.332538E+03 -1.359321E+03
  6.000000E+00    14     6  4.543302E+01 -4.466966E+00
  6.000000E+00    14     7  4.187585E+02 -2.016948E+02
  6.000000E+00    14     8  2.570310E+02  3.244336E+01
  6.000000E+00    14     9  2.158827E+01 -8.036144E+00
  6.000000E+00    14    10  1.852459E+03  2.084596E+02
  6.000000E+00    14    11 -3.113216E+03  1.445250E+03
  6.000000E+00    14    12  3.163765E+01 -7.297470E+00
  6.000000E+00    14    13  5.901440E+03 -1.447811E-01
  6.000000E+00    14    14  4.887229E+03  1.798914E+03
  6.000000E+00    14    15 -1.645218E+02  1.272502E+00
  6.000000E+00    14    16  6.781902E+04  1.311585E+04
  6.000000E+00    14    17 -1.135809E+05  1.726295E+02
  6.000000E+00    14    18 -1.359376E+03  1.940412E+02
  6.000000E+00    14    19  4.773240E+03 -4.225787E+01
  6.000000E+00    14    20 -3.990629E+03 -9.300203E+00
  6.000000E+00    14    21  3.315118E+00  3.871904E+00
  6.000000E+00    14    22 -1.586565E+04 -2.259281E+03
  6.000000E+00    14    23 -2.780181E+04  3.322750E+03
  6.000000E+00    14    24  1.163842E+05 -4.106151E+02
  6.000000E+00    14    25 -1.226365E+02 -7.627289E+00
  6.000000E+00    14    26 -6.873489E+01  1.917558E+00
  6.000000E+00    14    27 -6.655524E-01  1.636319E-01
  6.000000E+00    14    28 -3.908336E+02  1.040824E+01
  6.000000E+00    14    29  6.929091E+02  4.332503E+01
  6.000000E+00    14    30  1.401482E-01 -8.452680E-03
  6.000000E+00    15     1 -3.669080E+01 -3.235051E+00
  6.000000E+00    15     2  2.088014E+01 -6.100190E+00
  6.000000E+00    15     3  2.330652E+00 -1.306685E+00
  6.000000E+00    15     4  1.504021E+02 -3.311456E+01
  6.000000E+00    15     5  3.112091E+02  5.144936E+01
  6.000000E+00    15     6  5.041492E+00 -2.127035E-02
  6.000000E+00    15     7 -3.447553E+01  9.041016E-01
  6.000000E+00    15     8 -2.214714E+01  7.205898E+00
  6.000000E+00    15     9  2.662867E+00  3.208306E-02
  6.000000E+00    15    10 -1.628126E+02  5.382733E+01
  6.000000E+00    15    11  2.593235E+02 -1.926492E+00
  6.000000E+00    15    12 -3.018287E+00  1.996036E+00
  6.000000E+00    15    13  9.649060E+01  7.750710E+01
  6.000000E+00    15    14  1.799648E+01 -3.739445E-01
  6.000000E+00    15    15  1.635824E+03  4.150813E+00
  6.000000E+00    15    16  4.560747E+02 -7.268480E+00
  6.000000E+00    15    17 -1.938730E+03 -5.801613E+02
  6.000000E+00    15    18  1.245725E+01  6.295438E-01
  6.000000E+00    15    19  1.191930E+01  5.996914E+00
  6.000000E+00    15    20  1.272851E+01 -8.908547E+00
  6.000000E+00    15    21  5.834924E+02  1.647976E+01
  6.000000E+00    15    22 -1.938558E+04 -6.973560E+02
  6.000000E+00    15    23 -1.139048E+04 -4.376061E+02
  6.000000E+00    15    24  7.588835E+02 -2.777503E+01
  6.000000E+00    15    25 -4.166780E+00 -1.015612E+01
  6.000000E+00    15    26  7.594353E+00  1.759562E+01
  6.000000E+00    15    27 -1.631091E-01  8.294655E-01
  6.000000E+00    15    28  4.739574E+01  9.912508E+01
  6.000000E+00    15    29  2.605639E+01  5.650151E+01
  6.000000E+00    15    30  4.795851E-01 -1.452050E-01
  6.000000E+00    16     1 -3.229532E+03  1.293987E+03
  6.000000E+00    16     2  1.930463E+03  3.108340E+02
  6.000000E+00    16     3 -1.827990E+02 -1.556285E+00
  6.000000E+00    16     4  1.358454E+04  2.841438E+03
  6.000000E+00    16     5  2.452597E+04 -9.140236E+03
  6.000000E+00    16     6  3.348723E+02 -2.669165E+01
  6.000000E+00    16     7  2.876456E+03 -1.397663E+03
  6.000000E+00    16     8  1.744887E+03  2.548421E+02
  6.000000E+00    16     9  1.457488E+02 -5.556224E+01
  6.000000E+00    16    10  1.257618E+04  1.664867E+03
  6.000000E+00    16    11 -2.138367E+04  1.002231E+04
  6.000000E+00    16    12  2.156238E+02 -4.494543E+01
  6.000000E+00    16    13  1.026820E+05  1.776827E+02
  6.000000E+00    16    14  6.668386E+04  1.265652E+04
  6.000000E+00    16    15 -2.893605E+03  2.162768E+01
  6.000000E+00    16    16  1.124349E+06  9.225798E+04
  6.000000E+00    16    17 -1.975081E+06 -1.762854E+02
  6.000000E+00    16    18 -2.521586E+04  1.364575E+03
  6.000000E+00    16    19  8.377242E+04 -2.739220E+02
  6.000000E+00    16    20 -6.906309E+04 -8.391904E+01
  6.000000E+00    16    21  4.432335E+01  7.103002E+01
  6.000000E+00    16    22 -3.203397E+05 -1.813516E+04
  6.000000E+00    16    23 -4.015879E+05  2.104639E+04
  6.000000E+00    16    24  2.117774E+06 -2.867366E+03
  6.000000E+00    16    25 -8.793498E+02 -9.103519E+01
  6.000000E+00    16    26 -4.686739E+02  5.265071E+01
  6.000000E+00    16    27 -9.787246E+00  2.001284E+00
  6.000000E+00    16    28 -2.671192E+03  2.935625E+02
  6.000000E+00    16    29  4.965465E+03  5.137938E+02
  6.000000E+00    16    30  1.408725E+00 -2.102720E-01
  6.000000E+00    17     1  8.615182E+03  1.912280E+03
  6.000000E+00    17     2 -5.135823E+03  1.464769E+03
  6.000000E+00    17     3  4.645521E+02  3.968731E+02
  6.000000E+00    17     4 -3.610218E+04  7.930342E+03
  6.000000E+00    17     5 -6.908183E+04 -2.184593E+04
  6.000000E+00    17     6 -1.055320E+03 -6.622330E+01
  6.000000E+00    17     7  8.935295E+03 -1.571609E+03
  6.000000E+00    17     8  6.351210E+03 -2.550729E+03
  6.000000E+00    17     9  4.229365E+02 -6.902409E+01
  6.000000E+00    17    10  4.564262E+04 -1.893333E+04
  6.000000E+00    17    11 -6.673834E+04  1.029321E+04
  6.000000E+00    17    12  7.214975E+02 -6.261177E+02
  6.000000E+00    17    13 -3.930295E+04 -2.193638E+04
  6.000000E+00    17    14 -5.527549E+04  4.308931E+03
  6.000000E+00    17    15 -2.837391E+04 -1.100387E+03
  6.000000E+00    17    16 -7.332476E+05  3.332248E+04
  6.000000E+00    17    17 -5.687725E+05  1.649967E+05
  6.000000E+00    17    18  7.355577E+03  2.705841E+02
  6.000000E+00    17    19 -4.945623E+04 -1.881966E+03
  6.000000E+00    17    20 -4.162934E+04  2.333331E+03
  6.000000E+00    17    21 -1.157199E+04 -3.951861E+03
  6.000000E+00    17    22 -3.013713E+05  1.634491E+05
  6.000000E+00    17    23 -1.662609E+05  1.384861E+05
  6.000000E+00    17    24 -3.428338E+06  6.890695E+03
  6.000000E+00    17    25  7.736341E+02  2.914341E+03
  6.000000E+00    17    26 -1.844378E+03 -4.454445E+03
  6.000000E+00    17    27  4.227067E+02 -1.532867E+02
  6.000000E+00    17    28 -1.049244E+04 -2.508776E+04
  6.000000E+00    17    29 -4.386876E+03 -1.623732E+04
  6.000000E+00    17    30 -8.349495E+01  2.706940E+01
  6.000000E+00    18     1 -2.873860E+01  5.524200E+01
  6.000000E+00    18     2  2.069864E+01 -6.404868E+00
  6.000000E+00    18     3 -2.340829E+00  2.519489E+00
  6.000000E+00    18     4  1.513644E+02 -3.771266E+01
  6.000000E+00    18     5  2.205377E+02 -4.302902E+02
  6.000000E+00    18     6  3.065043E+00 -3.548540E+00
  6.000000E+00    18     7  7.121496E+01 -4.811335E+01
  6.000000E+00    18     8  5.107768E+01 -1.078264E+01
  6.000000E+00    18     9  4.603065E+00 -2.167802E+00
  6.000000E+00    18    10  3.657751E+02 -8.254607E+01
  6.000000E+00    18    11 -5.309875E+02  3.474640E+02
  6.000000E+00    18    12  5.638008E+00 -3.615603E+00
  6.000000E+00    18    13 -4.260004E+03 -4.041916E+01
  6.000000E+00    18    14 -5.461061E+02  2.401025E+02
  6.000000E+00    18    15  5.867020E+01 -2.521159E+00
  6.000000E+00    18    16 -1.066714E+04  1.763672E+03
  6.000000E+00    18    17  7.875629E+04  3.480512E+02
  6.000000E+00    18    18  3.839417E+03  2.642101E+01
  6.000000E+00    18    19 -3.409400E+03 -1.457055E+01
  6.000000E+00    18    20  2.871009E+03  2.786580E+00
  6.000000E+00    18    21 -2.058882E+01 -7.898204E+00
  6.000000E+00    18    22  1.375984E+04  5.379634E+00
  6.000000E+00    18    23  1.166055E+04  1.293691E+03
  6.000000E+00    18    24 -8.102056E+04 -3.575239E+01
  6.000000E+00    18    25 -1.624589E+01  1.310146E+01
  6.000000E+00    18    26 -1.298522E+01 -6.864817E+00
  6.000000E+00    18    27  9.946870E-01 -1.435182E-01
  6.000000E+00    18    28 -7.380513E+01 -3.855286E+01
  6.000000E+00    18    29  9.247069E+01 -7.344634E+01
  6.000000E+00    18    30 -1.468671E-01  2.507389E-02
  6.000000E+00    19     1  1.857538E+04  3.763545E+03
  6.000000E+00    19     2 -2.684322E+03 -2.257139E+03
  6.000000E+00    19     3  4.736466E+03  1.444928E+02
  6.000000E+00    19     4 -4.392075E+04 -1.412269E+04
  6.000000E+00    19     5 -2.908598E+05 -2.873659E+04
  6.000000E+00    19     6 -1.225235E+04 -4.097394E+02
  6.000000E+00    19     7  1.431443E+04 -2.022021E+02
  6.000000E+00    19     8 -2.163290E+02 -2.617312E+02
  6.000000E+00    19     9  9.716830E+01 -1.224144E+01
  6.000000E+00    19    10 -5.302686E+03 -1.987240E+03
  6.000000E+00    19    11 -2.700112E+05  1.468500E+03
  6.000000E+00    19    12 -1.477970E+03 -5.630353E+01
  6.000000E+00    19    13  3.407461E+03  1.196038E+03
  6.000000E+00    19    14  1.965563E+03  4.653521E+02
  6.000000E+00    19    15  4.882769E+02  5.809564E+01
  6.000000E+00    19    16  4.431093E+04  3.624067E+03
  6.000000E+00    19    17 -5.885966E+04 -8.590698E+03
  6.000000E+00    19    18 -2.418282E+03  1.021263E+02
  6.000000E+00    19    19  1.068107E+04 -3.842659E+02
  6.000000E+00    19    20  7.411097E+03 -2.806679E+02
  6.000000E+00    19    21  5.385362E+03  1.181464E+03
  6.000000E+00    19    22  3.486356E+04 -1.604408E+04
  6.000000E+00    19    23  2.499992E+05  3.845107E+04
  6.000000E+00    19    24  3.285701E+05  1.210745E+04
  6.000000E+00    19    25  7.155156E+02  7.536166E+02
  6.000000E+00    19    26 -1.569161E+02  1.665413E+02
  6.000000E+00    19    27 -6.974789E+01  5.174299E+01
  6.000000E+00    19    28 -8.872029E+02  9.513849E+02
  6.000000E+00    19    29 -4.318717E+03 -4.243293E+03
  6.000000E+00    19    30  1.247241E+01 -9.134130E+00
  6.000000E+00    20     1  1.407097E+04  2.475034E+03
  6.000000E+00    20     2 -3.237549E+03 -1.467158E+03
  6.000000E+00    20     3  3.215540E+03  1.097883E+02
  6.000000E+00    20     4 -5.102800E+04 -9.383625E+03
  6.000000E+00    20     5 -2.173443E+05 -1.915369E+04
  6.000000E+00    20     6 -5.313390E+03 -2.705511E+02
  6.000000E+00    20     7  1.767402E+04 -1.506833E+02
  6.000000E+00    20     8  2.674617E+03 -3.638009E+02
  6.000000E+00    20     9  8.152082E+01 -8.908334E+00
  6.000000E+00    20    10  4.555762E+04 -2.704658E+03
  6.000000E+00    20    11 -3.221126E+05  1.021248E+03
  6.000000E+00    20    12 -4.759678E+03 -7.443377E+01
  6.000000E+00    20    13  1.602809E+03 -6.378074E+01
  6.000000E+00    20    14 -2.952437E+03  5.660970E+02
  6.000000E+00    20    15 -1.439100E+03 -9.804718E+00
  6.000000E+00    20    16 -3.034681E+04  4.344459E+03
  6.000000E+00    20    17 -1.028770E+05  7.772452E+02
  6.000000E+00    20    18 -3.952568E+02  8.976441E+01
  6.000000E+00    20    19 -6.779299E+02 -3.407679E+02
  6.000000E+00    20    20  1.594742E+04 -5.478868E+01
  6.000000E+00    20    21  2.249526E+03  5.688646E+02
  6.000000E+00    20    22  2.952265E+04 -1.982589E+03
  6.000000E+00    20    23  1.147654E+05  3.141302E+04
  6.000000E+00    20    24  5.099700E+04  7.795843E+03
  6.000000E+00    20    25  3.580757E+02  6.234213E+02
  6.000000E+00    20    26 -6.686958E+01 -1.307240E+02
  6.000000E+00    20    27 -3.113144E+01  2.465912E+01
  6.000000E+00    20    28 -1.047709E+02 -7.282733E+02
  6.000000E+00    20    29 -2.026294E+03 -3.501890E+03
  6.000000E+00    20    30  5.535744E+00 -4.424679E+00
  6.000000E+00    21     1 -6.545236E+03 -5.852608E+02
  6.000000E+00    21     2  8.589530E+02  6.478611E+02
  6.000000E+00    21     3 -5.941146E+02 -1.474888E+01
  6.000000E+00    21     4  1.319501E+04  4.313622E+03
  6.000000E+00    21     5  1.015556E+05  4.073435E+03
  6.000000E+00    21     6  2.888985E+03  7.915359E+01
  6.000000E+00    21     7  1.440530E+01  4.309884E+02
  6.000000E+00    21     8 -1.387960E+02  5.808244E+01
  6.000000E+00    21     9  5.694565E+02  2.545828E+01
  6.000000E+00    21    10 -5.976567E+02  4.419833E+02
  6.000000E+00    21    11 -1.991319E+03 -3.219046E+03
  6.000000E+00    21    12 -4.037240E+01  1.575784E+01
  6.000000E+00    21    13  3.280486E+02  9.647433E+01
  6.000000E+00    21    14  2.825262E+02 -1.656959E+02
  6.000000E+00    21    15  6.262282E+02  9.009166E+00
  6.000000E+00    21    16  1.168070E+03 -1.322215E+03
  6.000000E+00    21    17 -4.113567E+03 -9.123712E+02
  6.000000E+00    21    18  1.176129E+02 -2.479856E+01
  6.000000E+00    21    19  3.492129E+03  8.107906E+01
  6.000000E+00    21    20  6.739335E+02  3.766845E+01
  6.000000E+00    21    21  1.933338E+04  1.069618E+02
  6.000000E+00    21    22  1.543870E+03  3.921293E+03
  6.000000E+00    21    23 -7.698391E+04 -1.013749E+04
  6.000000E+00    21    24 -3.795377E+04 -2.183582E+03
  6.000000E+00    21    25 -1.518933E+02 -2.191345E+02
  6.000000E+00    21    26  5.409954E+01 -3.453523E+01
  6.000000E+00    21    27 -7.903615E+01  2.287338E+01
  6.000000E+00    21    28  3.061577E+02 -1.985331E+02
  6.000000E+00    21    29  8.823728E+02  1.232432E+03
  6.000000E+00    21    30 -6.768336E+00 -3.874356E+00
  6.000000E+00    22     1  1.723822E+04  5.404688E+03
  6.000000E+00    22     2 -1.394562E+04  2.267549E+03
  6.000000E+00    22     3  4.251918E+03  7.476588E+02
  6.000000E+00    22     4 -1.416328E+05  1.482053E+04
  6.000000E+00    22     5 -2.574458E+05 -5.913016E+04
  6.000000E+00    22     6 -4.412360E+03 -5.303429E+02
  6.000000E+00    22     7  7.622294E+04  1.102709E+04
  6.000000E+00    22     8  1.657515E+04 -2.659604E+03
  6.000000E+00    22     9  1.740519E+04  6.617594E+02
  6.000000E+00    22    10  2.476904E+05 -1.961039E+04
  6.000000E+00    22    11 -1.276031E+06 -8.516830E+04
  6.000000E+00    22    12 -1.805879E+04 -6.515045E+02
  6.000000E+00    22    13 -1.409514E+04 -1.253207E+04
  6.000000E+00    22    14  3.046305E+03 -1.474418E+03
  6.000000E+00    22    15 -2.429347E+04 -8.093074E+02
  6.000000E+00    22    16  6.491497E+04 -1.208284E+04
  6.000000E+00    22    17 -1.307503E+05  9.058952E+04
  6.000000E+00    22    18 -7.506024E+03 -1.762785E+02
  6.000000E+00    22    19  1.284748E+04 -1.558728E+03
  6.000000E+00    22    20  5.231070E+04  2.577876E+03
  6.000000E+00    22    21  8.220383E+02  7.997654E+02
  6.000000E+00    22    22  1.067930E+07  3.127911E+05
  6.000000E+00    22    23 -6.002659E+04  7.042922E+04
  6.000000E+00    22    24  6.221530E+05  1.594293E+04
  6.000000E+00    22    25  3.449664E+02  1.015193E+03
  6.000000E+00    22    26 -9.089174E+03 -6.309318E+03
  6.000000E+00    22    27 -3.131421E+01  2.547828E+00
  6.000000E+00    22    28 -4.780720E+04 -3.560806E+04
  6.000000E+00    22    29 -1.735534E+03 -5.495381E+03
  6.000000E+00    22    30  1.045620E+01 -8.080392E-01
  6.000000E+00    23     1 -3.372630E+05 -4.354166E+04
  6.000000E+00    23     2  5.485306E+04  3.809471E+04
  6.000000E+00    23     3 -5.062011E+04 -1.265681E+03
  6.000000E+00    23     4  8.676962E+05  2.445508E+05
  6.000000E+00    23     5  5.515125E+06  3.257791E+05
  6.000000E+00    23     6  1.724191E+05  5.876265E+03
  6.000000E+00    23     7 -3.924408E+04  3.024191E+02
  6.000000E+00    23     8 -2.280928E+03 -1.080648E+02
  6.000000E+00    23     9 -9.357215E+03 -3.823916E+01
  6.000000E+00    23    10 -3.115211E+04  1.534433E+01
  6.000000E+00    23    11  8.636202E+05 -1.893955E+03
  6.000000E+00    23    12  6.879319E+03  6.097654E+01
  6.000000E+00    23    13  6.868585E+03 -2.190214E+04
  6.000000E+00    23    14  6.932585E+03 -5.403937E+03
  6.000000E+00    23    15 -1.192464E+04 -1.110892E+03
  6.000000E+00    23    16 -1.724203E+03 -4.097616E+04
  6.000000E+00    23    17  2.523111E+04  1.610013E+05
  6.000000E+00    23    18  3.894388E+03 -1.236350E+03
  6.000000E+00    23    19  1.511505E+05  3.210283E+03
  6.000000E+00    23    20  7.240851E+03  4.313415E+03
  6.000000E+00    23    21 -7.913797E+04 -1.614549E+04
  6.000000E+00    23    22 -1.484856E+05  2.559817E+05
  6.000000E+00    23    23  6.095783E+06 -3.218020E+05
  6.000000E+00    23    24 -2.424926E+06 -1.540944E+05
  6.000000E+00    23    25 -1.929325E+02 -7.291480E+03
  6.000000E+00    23    26  2.987338E+03 -2.469690E+03
  6.000000E+00    23    27  9.189221E+02 -7.208054E+02
  6.000000E+00    23    28  1.686194E+04 -1.404492E+04
  6.000000E+00    23    29  4.467577E+03  4.105520E+04
  6.000000E+00    23    30 -1.707978E+02  1.255887E+02
  6.000000E+00    24     1 -7.540341E+05 -1.273589E+05
  6.000000E+00    24     2  1.725268E+05  8.284508E+04
  6.000000E+00    24     3 -1.748092E+05 -5.058263E+03
  6.000000E+00    24     4  2.816568E+06  5.288201E+05
  6.000000E+00    24     5  1.170275E+07  9.694418E+05
  6.000000E+00    24     6  2.888919E+05  1.431168E+04
  6.000000E+00    24     7 -2.128294E+05  1.455471E+04
  6.000000E+00    24     8  7.454020E+04  5.988696E+03
  6.000000E+00    24     9 -3.196089E+03  7.800186E+02
  6.000000E+00    24    10  1.474312E+06  4.696830E+04
  6.000000E+00    24    11  4.164244E+06 -1.068676E+05
  6.000000E+00    24    12 -5.946349E+04  1.655168E+03
  6.000000E+00    24    13  4.268851E+05 -2.820715E+04
  6.000000E+00    24    14  1.511122E+05 -2.390569E+04
  6.000000E+00    24    15 -6.008199E+03 -1.245985E+03
  6.000000E+00    24    16  2.297166E+06 -1.848186E+05
  6.000000E+00    24    17 -7.337446E+06  1.940768E+05
  6.000000E+00    24    18 -1.087658E+05 -4.303861E+03
  6.000000E+00    24    19  4.447772E+05  1.511370E+04
  6.000000E+00    24    20 -3.690096E+05  8.323395E+03
  6.000000E+00    24    21 -1.428004E+05 -3.520691E+04
  6.000000E+00    24    22 -1.721985E+06  4.924737E+05
  6.000000E+00    24    23 -9.114677E+06 -1.454814E+06
  6.000000E+00    24    24  1.336674E+07 -3.800478E+05
  6.000000E+00    24    25 -1.930775E+04 -3.000168E+04
  6.000000E+00    24    26  7.057838E+03 -3.786544E+03
  6.000000E+00    24    27  2.115123E+03 -1.522988E+03
  6.000000E+00    24    28  3.959256E+04 -2.183763E+04
  6.000000E+00    24    29  1.091417E+05  1.688653E+05
  6.000000E+00    24    30 -3.765777E+02  2.719759E+02
  6.000000E+00    25     1  1.588026E+02  4.456464E+02
  6.000000E+00    25     2  1.559327E+01 -6.190900E+00
  6.000000E+00    25     3  8.134963E+00  3.016654E+01
  6.000000E+00    25     4  2.392866E+02 -9.968461E+01
  6.000000E+00    25     5 -1.393703E+03 -3.612679E+03
  6.000000E+00    25     6 -1.358178E+01 -2.374114E+01
  6.000000E+00    25     7 -7.602624E+01 -2.047355E+02
  6.000000E+00    25     8  1.267666E+02  2.952238E+00
  6.000000E+00    25     9 -4.556758E+00 -1.060300E+01
  6.000000E+00    25    10  9.181896E+02 -6.366804E-01
  6.000000E+00    25    11  5.791165E+02  1.515604E+03
  6.000000E+00    25    12  1.648366E+01 -4.582999E+00
  6.000000E+00    25    13 -8.225095E+01 -2.148804E+02
  6.000000E+00    25    14 -1.254606E+02 -7.198207E-01
  6.000000E+00    25    15 -4.729010E+00 -1.096946E+01
  6.000000E+00    25    16 -8.963014E+02  5.189282E+01
  6.000000E+00    25    17  6.643843E+02  1.646054E+03
  6.000000E+00    25    18 -1.852115E+01  3.575024E-01
  6.000000E+00    25    19  8.065154E+01 -1.304815E+02
  6.000000E+00    25    20 -7.513785E+00  8.916550E-01
  6.000000E+00    25    21 -6.787239E+00  9.743299E+00
  6.000000E+00    25    22  4.481770E+01  2.911514E+01
  6.000000E+00    25    23  8.980083E+03  6.602695E+03
  6.000000E+00    25    24  7.238125E+02  4.602881E+02
  6.000000E+00    25    25  7.474725E+02  2.474183E+02
  6.000000E+00    25    26  1.109665E-01 -2.047399E+00
  6.000000E+00    25    27  3.072783E+00  4.689792E-01
  6.000000E+00    25    28  3.886635E+01 -7.411275E+00
  6.000000E+00    25    29 -5.028923E+03 -1.392806E+03
  6.000000E+00    25    30 -6.552847E-01 -1.873894E-01
  6.000000E+00    26     1  1.879067E+01 -2.846107E+01
  6.000000E+00    26     2  1.417422E+02  6.422036E+00
  6.000000E+00    26     3  2.693008E+00 -7.986108E+00
  6.000000E+00    26     4  1.023461E+03  7.633844E+01
  6.000000E+00    26     5 -2.490596E+02  4.665598E+02
  6.000000E+00    26     6  1.279765E+01  9.779513E+00
  6.000000E+00    26     7 -1.314505E+02 -3.579374E+02
  6.000000E+00    26     8 -7.158289E+01 -3.268422E+00
  6.000000E+00    26     9 -8.346857E+00 -1.801585E+01
  6.000000E+00    26    10 -5.120020E+02 -2.356448E+01
  6.000000E+00    26    11  9.765255E+02  2.682501E+03
  6.000000E+00    26    12 -1.114116E+01  4.166805E+00
  6.000000E+00    26    13  1.346870E+02  3.541609E+02
  6.000000E+00    26    14 -7.639820E+01  2.131714E+00
  6.000000E+00    26    15  8.244239E+00  1.889211E+01
  6.000000E+00    26    16 -5.778606E+02  2.622529E+01
  6.000000E+00    26    17 -1.051063E+03 -2.555284E+03
  6.000000E+00    26    18 -6.339516E+00  3.564756E+00
  6.000000E+00    26    19 -6.916562E+00  1.322753E+01
  6.000000E+00    26    20  9.472365E+01 -1.080894E+02
  6.000000E+00    26    21  2.969431E+00 -5.484590E+00
  6.000000E+00    26    22 -8.873322E+03 -6.108979E+03
  6.000000E+00    26    23  2.997873E+02 -2.337563E+02
  6.000000E+00    26    24  1.128150E+01 -2.362110E+02
  6.000000E+00    26    25  3.596401E+00  1.050801E+00
  6.000000E+00    26    26  7.604954E+02  2.509278E+02
  6.000000E+00    26    27  1.301979E+00  3.725782E-01
  6.000000E+00    26    28  5.149873E+03  1.416667E+03
  6.000000E+00    26    29 -4.229023E+01 -1.451092E+01
  6.000000E+00    26    30 -3.790188E-01 -6.088181E-02
  6.000000E+00    27     1 -2.337377E+00  7.537660E-01
  6.000000E+00    27     2  2.575848E-02  8.468692E-02
  6.000000E+00    27     3 -2.552299E-01  6.007729E-02
  6.000000E+00    27     4  8.385403E-01  1.041786E+00
  6.000000E+00    27     5  1.753077E+01 -7.035308E+00
  6.000000E+00    27     6  6.239226E-02 -7.604125E-02
  6.000000E+00    27     7 -2.682415E+00  1.075417E+00
  6.000000E+00    27     8  5.976930E-03  8.348900E-03
  6.000000E+00    27     9 -2.357106E-01  7.307020E-02
  6.000000E+00    27    10 -7.824719E-02  4.211420E-02
  6.000000E+00    27    11  1.974141E+01 -8.030396E+00
  6.000000E+00    27    12  1.564709E-02  9.482183E-03
  6.000000E+00    27    13 -2.358417E+00  6.402043E-01
  6.000000E+00    27    14  3.472465E-02 -6.348257E-02
  6.000000E+00    27    15 -2.281360E-01  4.997158E-02
  6.000000E+00    27    16  3.533401E-01 -6.817002E-01
  6.000000E+00    27    17  1.674484E+01 -5.190353E+00
  6.000000E+00    27    18 -1.413134E-02  1.961456E-02
  6.000000E+00    27    19  6.705820E-01 -8.945581E-02
  6.000000E+00    27    20  3.278960E-01 -6.183845E-02
  6.000000E+00    27    21 -7.000887E+01  2.038576E+00
  6.000000E+00    27    22 -1.658549E+01  2.263204E+00
  6.000000E+00    27    23  7.717086E+00  3.720065E-01
  6.000000E+00    27    24  1.791630E-01  1.828710E+00
  6.000000E+00    27    25 -5.708071E-01 -3.852258E-02
  6.000000E+00    27    26 -5.925723E-01 -1.148649E-01
  6.000000E+00    27    27  7.138595E+01  3.098833E-01
  6.000000E+00    27    28 -7.190557E+00 -6.502569E-01
  6.000000E+00    27    29  7.381519E+00  2.095933E-01
  6.000000E+00    27    30 -5.596703E-01 -5.301324E-02
  6.000000E+00    28     1  1.153957E+02 -1.589829E+02
  6.000000E+00    28     2  8.205742E+02  3.736225E+01
  6.000000E+00    28     3  1.667760E+01 -4.585310E+01
  6.000000E+00    28     4  5.923506E+03  4.430183E+02
  6.000000E+00    28     5 -1.525693E+03  2.654019E+03
  6.000000E+00    28     6  7.242300E+01  5.635134E+01
  6.000000E+00    28     7 -7.674708E+02 -2.071070E+03
  6.000000E+00    28     8 -4.130566E+02 -1.920870E+01
  6.000000E+00    28     9 -5.382336E+01 -1.042480E+02
  6.000000E+00    28    10 -2.958531E+03 -1.388693E+02
  6.000000E+00    28    11  5.689339E+03  1.552118E+04
  6.000000E+00    28    12 -6.429563E+01  2.403327E+01
  6.000000E+00    28    13  7.812200E+02  2.045278E+03
  6.000000E+00    28    14 -4.441386E+02  1.203636E+01
  6.000000E+00    28    15  5.292195E+01  1.091207E+02
  6.000000E+00    28    16 -3.360240E+03  1.506749E+02
  6.000000E+00    28    17 -6.068828E+03 -1.475418E+04
  6.000000E+00    28    18 -3.716142E+01  2.054526E+01
  6.000000E+00    28    19 -3.480481E+01  7.493590E+01
  6.000000E+00    28    20  8.922910E+02 -6.255016E+02
  6.000000E+00    28    21 -7.760618E+00 -3.122833E+01
  6.000000E+00    28    22 -4.696360E+04 -3.535332E+04
  6.000000E+00    28    23  1.880492E+03 -1.268014E+03
  6.000000E+00    28    24  6.177294E+01 -1.357030E+03
  6.000000E+00    28    25  4.047413E+01  9.077607E+00
  6.000000E+00    28    26  5.273744E+03  1.451819E+03
  6.000000E+00    28    27  1.485927E+01  2.178472E+00
  6.000000E+00    28    28  4.533802E+04  8.196626E+03
  6.000000E+00    28    29 -4.281109E+02 -1.008370E+02
  6.000000E+00    28    30  8.110052E-02 -3.569278E-01
  6.000000E+00    29     1 -8.926620E+02 -2.551657E+03
  6.000000E+00    29     2 -9.807483E+01  3.407351E+01
  6.000000E+00    29     3 -5.054759E+01 -1.724812E+02
  6.000000E+00    29     4 -1.432718E+03  5.598062E+02
  6.000000E+00    29     5  7.725199E+03  2.067362E+04
  6.000000E+00    29     6  7.060091E+01  1.354228E+02
  6.000000E+00    29     7  4.542511E+02  1.190766E+03
  6.000000E+00    29     8 -7.223787E+02 -1.736425E+01
  6.000000E+00    29     9  2.972623E+01  6.156872E+01
  6.000000E+00    29    10 -5.234633E+03  4.606266E-01
  6.000000E+00    29    11 -3.450089E+03 -8.816691E+03
  6.000000E+00    29    12 -9.430742E+01  2.587835E+01
  6.000000E+00    29    13  4.740182E+02  1.205987E+03
  6.000000E+00    29    14  7.236990E+02  4.838740E+00
  6.000000E+00    29    15  2.975507E+01  6.144865E+01
  6.000000E+00    29    16  5.175987E+03 -2.917292E+02
  6.000000E+00    29    17 -3.803298E+03 -9.246612E+03
  6.000000E+00    29    18  1.068654E+02 -2.284205E+00
  6.000000E+00    29    19 -7.939958E+02  7.469908E+02
  6.000000E+00    29    20  3.293668E+01  1.580515E+00
  6.000000E+00    29    21  9.787859E+01 -6.302999E+01
  6.000000E+00    29    22  9.763153E+01  1.955041E+02
  6.000000E+00    29    23 -4.719973E+04 -3.780756E+04
  6.000000E+00    29    24 -4.017168E+03 -2.616824E+03
  6.000000E+00    29    25 -5.133493E+03 -1.417357E+03
  6.000000E+00    29    26 -5.426999E+01 -3.314348E+00
  6.000000E+00    29    27 -4.154892E+01 -3.913174E+00
  6.000000E+00    29    28 -6.707107E+02 -4.246534E+01
  6.000000E+00    29    29  4.384425E+04  7.979389E+03
  6.000000E+00    29    30  9.460795E+00  1.284338E+00
  6.000000E+00    30     1  6.995796E+00 -2.444626E+00
  6.000000E+00    30     2 -5.182553E-02 -1.685575E-01
  6.000000E+00    30     3  6.481473E-01 -1.885129E-01
  6.000000E+00    30     4 -2.345448E+00 -2.437862E+00
  6.000000E+00    30     5 -5.458356E+01  2.242997E+01
  6.000000E+00    30     6 -2.703037E-01  2.430695E-01
  6.000000E+00    30     7  6.766755E+00 -2.492040E+00
  6.000000E+00    30     8 -7.380415E-02 -4.583124E-02
  6.000000E+00    30     9  4.823643E-01 -1.786608E-01
  6.000000E+00    30    10 -2.656665E-01 -2.813593E-01
  6.000000E+00    30    11 -4.992265E+01  1.861968E+01
  6.000000E+00    30    12 -4.529285E-02 -2.509912E-02
  6.000000E+00    30    13  7.179261E+00 -1.962092E+00
  6.000000E+00    30    14 -7.582287E-02  1.163356E-01
  6.000000E+00    30    15  5.363331E-01 -1.479708E-01
  6.000000E+00    30    16 -9.028415E-01  1.476113E+00
  6.000000E+00    30    17 -5.163137E+01  1.588193E+01
  6.000000E+00    30    18  4.678200E-02 -7.031423E-02
  6.000000E+00    30    19  2.971874E-01  3.218512E-01
  6.000000E+00    30    20  6.863503E-01  2.023484E-01
  6.000000E+00    30    21 -8.357708E+00 -5.714286E+00
  6.000000E+00    30    22  7.643716E+00 -4.857577E+00
  6.000000E+00    30    23  4.501537E+00 -4.502767E+00
  6.000000E+00    30    24 -1.417575E+00 -5.347281E+00
  6.000000E+00    30    25 -2.600997E-01 -3.372765E-02
  6.000000E+00    30    26  6.614494E-01  2.435515E-01
  6.000000E+00    30    27  2.759710E+00 -8.699433E-01
  6.000000E+00    30    28  7.586952E+00  1.380498E+00
  6.000000E+00    30    29  5.271600E+00  2.119635E-01
  6.000000E+00    30    30  4.690891E+01  1.489222E-01
  7.000000E+00     1     1 -9.731400E+03 -8.943036E+02
  7.000000E+00     1     2  3.381572E+03  1.906339E+03
  7.000000E+00     1     3 -3.454097E+03  4.520330E+01
  7.000000E+00     1     4  4.568046E+04  1.423485E+04
  7.000000E+00     1     5  1.515594E+05  6.204758E+03
  7.000000E+00     1     6  8.618638E+03  2.660343E+02
  7.000000E+00     1     7 -6.594550E+02 -3.669818E+02
  7.000000E+00     1     8 -1.604954E+01  2.939850E+02
  7.000000E+00     1     9 -4.663150E+01 -6.682542E+00
  7.000000E+00     1    10 -1.231122E+02  2.353365E+03
  7.000000E+00     1    11  5.441627E+03  3.128877E+03
  7.000000E+00     1    12  6.256031E+00  5.330574E+01
  7.000000E+00     1    13 -1.705905E+03  2.122639E+02
  7.000000E+00     1    14 -7.680004E+02 -2.253137E+01
  7.000000E+00     1    15 -8.390835E+01  2.757908E+01
  7.000000E+00     1    16 -6.142623E+03 -1.040494E+02
  7.000000E+00     1    17  1.424347E+04 -1.523307E+03
  7.000000E+00     1    18 -1.443884E+02  1.799212E+01
  7.000000E+00     1    19  3.193261E+03 -2.214165E+02
  7.000000E+00     1    20  2.126148E+03  2.127115E+02
  7.000000E+00     1    21 -5.001221E+03 -6.736180E+02
  7.000000E+00     1    22  1.885254E+04  2.266241E+03
  7.000000E+00     1    23 -1.487652E+05 -2.673347E+04
  7.000000E+00     1    24 -9.031953E+04 -1.334451E+04
  7.000000E+00     1    25 -2.855904E+02  1.301222E+02
  7.000000E+00     1    26 -1.191556E+02 -4.687273E+00
  7.000000E+00     1    27 -8.913609E+01 -7.161211E+01
  7.000000E+00     1    28 -7.271006E+02 -2.750995E+01
  7.000000E+00     1    29  1.751317E+03 -7.961661E+02
  7.000000E+00     1    30  9.172487E+00  7.312441E+00
  7.000000E+00     2     1 -9.429010E+03 -8.647388E+02
  7.000000E+00     2     2  6.466409E+03  2.613351E+03
  7.000000E+00     2     3 -1.947271E+03  4.964252E+01
  7.000000E+00     2     4  7.600996E+04  2.006078E+04
  7.000000E+00     2     5  1.384099E+05  5.451528E+03
  7.000000E+00     2     6  3.830238E+03  3.399915E+02
  7.000000E+00     2     7 -2.502722E+02 -1.963553E+02
  7.000000E+00     2     8 -1.629501E+02  9.814467E+01
  7.000000E+00     2     9 -2.448090E+01 -4.366140E+00
  7.000000E+00     2    10 -1.296512E+03  7.890130E+02
  7.000000E+00     2    11  2.062881E+03  1.642771E+03
  7.000000E+00     2    12 -2.415647E+01  2.360443E+01
  7.000000E+00     2    13 -1.664143E+03  2.113585E+02
  7.000000E+00     2    14 -8.964045E+02  6.208538E+00
  7.000000E+00     2    15 -7.809478E+01  2.714662E+01
  7.000000E+00     2    16 -7.191199E+03  1.516970E+02
  7.000000E+00     2    17  1.389312E+04 -1.451388E+03
  7.000000E+00     2    18 -1.609048E+02  2.344524E+01
  7.000000E+00     2    19  4.306613E+03 -2.344353E+02
  7.000000E+00     2    20  3.744027E+02  2.404961E+02
  7.000000E+00     2    21 -2.741521E+03 -4.056711E+02
  7.000000E+00     2    22  1.388652E+04  4.656128E+03
  7.000000E+00     2    23 -6.778380E+04 -1.781367E+04
  7.000000E+00     2    24 -2.035229E+03 -1.428224E+04
  7.000000E+00     2    25 -2.617120E+02  9.531555E+01
  7.000000E+00     2    26 -1.355189E+02 -3.488669E+01
  7.000000E+00     2    27 -7.346947E+01 -6.348933E+01
  7.000000E+00     2    28 -8.267596E+02 -2.116145E+02
  7.000000E+00     2    29  1.604254E+03 -5.821074E+02
  7.000000E+00     2    30  7.679105E+00  6.501700E+00
  7.000000E+00     3     1  8.887238E+03  1.145993E+03
  7.000000E+00     3     2 -1.506741E+03 -9.440878E+02
  7.000000E+00     3     3  3.191246E+03  2.962683E+01
  7.000000E+00     3     4 -1.832806E+04 -7.045294E+03
  7.000000E+00     3     5 -1.352202E+05 -9.930067E+03
  7.000000E+00     3     6 -3.963600E+03 -2.082624E+02
  7.000000E+00     3     7  6.239709E+02  1.301472E+02
  7.000000E+00     3     8 -1.396666E+02 -1.036885E+02
  7.000000E+00     3     9  4.095634E+01 -1.732137E+00
  7.000000E+00     3    10 -1.132854E+03 -8.157070E+02
  7.000000E+00     3    11 -5.195766E+03 -1.145239E+03
  7.000000E+00     3    12 -2.762066E+01 -1.602764E+01
  7.000000E+00     3    13  1.140235E+03 -1.414669E+02
  7.000000E+00     3    14  5.243740E+02 -2.289395E+01
  7.000000E+00     3    15  5.963301E+01 -1.825483E+01
  7.000000E+00     3    16  4.187537E+03 -2.456973E+02
  7.000000E+00     3    17 -9.543831E+03  1.006904E+03
  7.000000E+00     3    18  9.703638E+01 -1.694821E+01
  7.000000E+00     3    19 -4.278959E+03  8.152231E+01
  7.000000E+00     3    20 -1.187194E+03 -1.368008E+02
  7.000000E+00     3    21  3.425892E+03  4.496920E+02
  7.000000E+00     3    22 -9.440517E+03 -1.315322E+03
  7.000000E+00     3    23  1.013887E+05  1.954260E+04
  7.000000E+00     3    24  5.386527E+04  7.929092E+03
  7.000000E+00     3    25  2.417281E+02 -8.953292E+01
  7.000000E+00     3    26  5.768656E+01  2.982347E+00
  7.000000E+00     3    27  6.895879E+01  5.884475E+01
  7.000000E+00     3    28  3.536600E+02  1.687113E+01
  7.000000E+00     3    29 -1.483426E+03  5.477122E+02
  7.000000E+00     3    30 -6.906904E+00 -6.019084E+00
  7.000000E+00     4     1 -1.472886E+05 -1.624697E+04
  7.000000E+00     4     2  8.064775E+04  2.899737E+04
  7.000000E+00     4     3 -3.090954E+04  1.823562E+02
  7.000000E+00     4     4  1.117111E+06  2.209767E+05
  7.000000E+00     4     5  2.156878E+06  1.239134E+05
  7.000000E+00     4     6  5.759172E+04  4.446891E+03
  7.000000E+00     4     7 -7.153933E+03 -2.888766E+03
  7.000000E+00     4     8 -1.631731E+02  1.750655E+03
  7.000000E+00     4     9 -5.152864E+02 -3.237996E+01
  7.000000E+00     4    10 -1.050039E+03  1.393138E+04
  7.000000E+00     4    11  5.940100E+04  2.463795E+04
  7.000000E+00     4    12  3.623680E+01  3.407015E+02
  7.000000E+00     4    13 -2.297524E+04  2.502985E+03
  7.000000E+00     4    14 -1.166349E+04  4.773360E+01
  7.000000E+00     4    15 -1.097890E+03  3.537891E+02
  7.000000E+00     4    16 -9.342688E+04  1.727640E+03
  7.000000E+00     4    17  1.919574E+05 -1.688018E+04
  7.000000E+00     4    18 -2.120981E+03  2.959194E+02
  7.000000E+00     4    19  6.714882E+04 -2.584055E+03
  7.000000E+00     4    20  4.433537E+03  3.059139E+03
  7.000000E+00     4    21 -4.235203E+04 -7.230910E+03
  7.000000E+00     4    22  1.683508E+05  4.878056E+04
  7.000000E+00     4    23 -1.024933E+06 -2.987539E+05
  7.000000E+00     4    24  3.521536E+04 -1.799309E+05
  7.000000E+00     4    25 -4.151830E+03  1.405569E+03
  7.000000E+00     4    26 -1.572597E+03 -3.312902E+02
  7.000000E+00     4    27 -1.132308E+03 -1.024546E+03
  7.000000E+00     4    28 -9.608891E+03 -2.000392E+03
  7.000000E+00     4    29  2.542869E+04 -8.591833E+03
  7.000000E+00     4    30  1.180710E+02  1.050020E+02
  7.000000E+00     5     1  1.849870E+05  3.186105E+04
  7.000000E+00     5     2 -6.125743E+04 -3.229713E+04
  7.000000E+00     5     3  5.993062E+04  4.077520E+02
  7.000000E+00     5     4 -8.544976E+05 -2.402314E+05
  7.000000E+00     5     5 -2.571794E+06 -2.676481E+05
  7.000000E+00     5     6 -1.402068E+05 -6.310617E+03
  7.000000E+00     5     7  1.914014E+04  5.540480E+03
  7.000000E+00     5     8 -3.403286E+03 -4.459393E+03
  7.000000E+00     5     9  1.167341E+03  6.823414E+00
  7.000000E+00     5    10 -2.759626E+04 -3.535921E+04
  7.000000E+00     5    11 -1.591151E+05 -4.811541E+04
  7.000000E+00     5    12 -7.381727E+02 -7.349877E+02
  7.000000E+00     5    13  3.695196E+04 -3.904806E+03
  7.000000E+00     5    14  1.666541E+04  5.138153E+01
  7.000000E+00     5    15  1.815201E+03 -5.622382E+02
  7.000000E+00     5    16  1.333017E+05 -1.447874E+03
  7.000000E+00     5    17 -3.089831E+05  2.713508E+04
  7.000000E+00     5    18  3.125089E+03 -4.237566E+02
  7.000000E+00     5    19 -4.589512E+04  3.200798E+03
  7.000000E+00     5    20 -3.125905E+04 -4.377096E+03
  7.000000E+00     5    21  9.005852E+04  1.527654E+04
  7.000000E+00     5    22 -3.008841E+05 -4.268163E+04
  7.000000E+00     5    23  2.274976E+06  6.254694E+05
  7.000000E+00     5    24  1.256772E+06  2.599312E+05
  7.000000E+00     5    25  7.448047E+03 -2.812215E+03
  7.000000E+00     5    26  1.998668E+03  1.092374E+02
  7.000000E+00     5    27  2.114719E+03  1.841458E+03
  7.000000E+00     5    28  1.223246E+04  6.303102E+02
  7.000000E+00     5    29 -4.557537E+04  1.720878E+04
  7.000000E+00     5    30 -2.205303E+02 -1.884895E+02
  7.000000E+00     6     1  5.078144E+03  1.076732E+03
  7.000000E+00     6     2 -2.639790E+03 -6.480892E+02
  7.000000E+00     6     3  1.497344E+03  3.736085E+01
  7.000000E+00     6     4 -4.244377E+04 -4.767996E+03
  7.000000E+00     6     5 -6.917908E+04 -9.625078E+03
  7.000000E+00     6     6  4.169450E+02 -1.739167E+02
  7.000000E+00     6     7  6.191714E+02  9.602671E+01
  7.000000E+00     6     8 -1.660367E+02 -8.628580E+01
  7.000000E+00     6     9  3.617606E+01 -2.894076E+00
  7.000000E+00     6    10 -1.356651E+03 -6.748100E+02
  7.000000E+00     6    11 -5.163044E+03 -8.623732E+02
  7.000000E+00     6    12 -3.180713E+01 -1.206957E+01
  7.000000E+00     6    13  9.843538E+02 -7.328525E+01
  7.000000E+00     6    14  4.368795E+02  1.023867E+01
  7.000000E+00     6    15  4.871733E+01 -1.357084E+01
  7.000000E+00     6    16  3.479480E+03  3.210068E+01
  7.000000E+00     6    17 -8.233284E+03  4.689001E+02
  7.000000E+00     6    18  8.195692E+01 -9.046114E+00
  7.000000E+00     6    19 -9.593651E+02  5.268059E+01
  7.000000E+00     6    20  1.255188E+03 -1.085735E+02
  7.000000E+00     6    21  2.263214E+03  4.374522E+02
  7.000000E+00     6    22  1.507459E+03 -1.015145E+03
  7.000000E+00     6    23  5.105280E+04  1.805974E+04
  7.000000E+00     6    24 -7.714323E+04  6.166838E+03
  7.000000E+00     6    25  2.200077E+02 -7.670481E+01
  7.000000E+00     6    26  3.904573E+01  4.300524E+00
  7.000000E+00     6    27  6.042711E+01  5.418769E+01
  7.000000E+00     6    28  2.406918E+02  2.465550E+01
  7.000000E+00     6    29 -1.345448E+03  4.691295E+02
  7.000000E+00     6    30 -6.286612E+00 -5.546663E+00
  7.000000E+00     7     1  1.260401E+03 -2.359445E+02
  7.000000E+00     7     2  4.137966E+02 -6.577974E+01
  7.000000E+00     7     3  9.638862E+01 -4.325871E+01
  7.000000E+00     7     4  3.437809E+03 -5.180173E+02
  7.000000E+00     7     5 -1.258534E+04  3.082385E+03
  7.000000E+00     7     6 -8.804681E+01  5.111856E+01
  7.000000E+00     7     7  2.768675E+04  1.489086E+03
  7.000000E+00     7     8  1.233056E+03 -1.596624E+02
  7.000000E+00     7     9  3.522962E+02  7.030396E+01
  7.000000E+00     7    10  2.941900E+04 -1.277199E+03
  7.000000E+00     7    11 -4.609321E+05 -1.228009E+04
  7.000000E+00     7    12 -4.938749E+03 -2.547854E+01
  7.000000E+00     7    13  9.250343E+02 -9.959759E+01
  7.000000E+00     7    14 -3.891605E+02  3.392599E+01
  7.000000E+00     7    15  4.586783E+01 -1.214105E+01
  7.000000E+00     7    16 -3.296733E+03  3.927147E+02
  7.000000E+00     7    17 -7.872011E+03  1.052674E+03
  7.000000E+00     7    18 -4.630653E+01  1.496028E+00
  7.000000E+00     7    19  9.576771E+03  7.984431E+00
  7.000000E+00     7    20  2.103723E+04 -5.207588E+01
  7.000000E+00     7    21  1.373552E+03  3.090224E+02
  7.000000E+00     7    22  6.932523E+04  1.394648E+04
  7.000000E+00     7    23 -1.746064E+04 -8.400174E+03
  7.000000E+00     7    24  1.218740E+05  3.312397E+02
  7.000000E+00     7    25 -1.327184E+02  2.919132E+01
  7.000000E+00     7    26 -2.584489E+02  6.243261E+01
  7.000000E+00     7    27  7.198058E+01  7.091201E+01
  7.000000E+00     7    28 -1.583096E+03  3.850431E+02
  7.000000E+00     7    29  8.164747E+02 -1.838521E+02
  7.000000E+00     7    30 -7.309933E+00 -7.449139E+00
  7.000000E+00     8     1 -6.349345E+02  1.102820E+02
  7.000000E+00     8     2 -2.947624E+02 -3.789781E+01
  7.000000E+00     8     3 -5.117738E+01  2.562472E+01
  7.000000E+00     8     4 -2.344018E+03 -3.940696E+02
  7.000000E+00     8     5  6.439267E+03 -1.535885E+03
  7.000000E+00     8     6  3.473866E+01 -3.565685E+01
  7.000000E+00     8     7 -4.766890E+03 -4.662376E+01
  7.000000E+00     8     8  5.425719E+03  1.612271E+03
  7.000000E+00     8     9 -5.671860E+01  3.418242E+00
  7.000000E+00     8    10  6.547393E+04  1.298347E+04
  7.000000E+00     8    11  8.388158E+04  6.407044E+02
  7.000000E+00     8    12  1.072298E+02  2.697007E+02
  7.000000E+00     8    13  3.688782E+02 -6.660687E+01
  7.000000E+00     8    14 -3.149871E+02 -4.381083E-01
  7.000000E+00     8    15  1.473579E+01 -5.757253E+00
  7.000000E+00     8    16 -2.618184E+03  8.359755E+01
  7.000000E+00     8    17 -3.116954E+03  6.735357E+02
  7.000000E+00     8    18 -4.260005E+01 -6.926593E-01
  7.000000E+00     8    19 -3.582262E+03  5.182103E+01
  7.000000E+00     8    20 -3.112065E+03 -6.980956E+01
  7.000000E+00     8    21 -9.297397E+01 -1.045205E+01
  7.000000E+00     8    22 -1.228771E+04 -2.102541E+03
  7.000000E+00     8    23  1.657559E+03 -2.482681E+03
  7.000000E+00     8    24  9.050259E+04 -6.826978E+03
  7.000000E+00     8    25 -5.820095E+01 -2.158023E+01
  7.000000E+00     8    26  4.358972E+01  2.069747E+01
  7.000000E+00     8    27 -2.865396E+00 -4.270677E+00
  7.000000E+00     8    28  2.646496E+02  1.259025E+02
  7.000000E+00     8    29  3.502409E+02  1.306996E+02
  7.000000E+00     8    30  2.600766E-01  4.618589E-01
  7.000000E+00     9     1  5.897104E+01 -1.949014E+01
  7.000000E+00     9     2  1.934310E+01 -4.931401E+00
  7.000000E+00     9     3  7.290173E+00 -2.641670E+00
  7.000000E+00     9     4  1.636565E+02 -4.201654E+01
  7.000000E+00     9     5 -5.446053E+02  2.289841E+02
  7.000000E+00     9     6 -2.292847E+00  3.175856E+00
  7.000000E+00     9     7  1.776431E+02  7.881907E+01
  7.000000E+00     9     8 -1.238576E+01 -1.040623E+00
  7.000000E+00     9     9  1.668546E+03  4.036901E+00
  7.000000E+00     9    10 -2.617755E+02 -8.291772E+00
  7.000000E+00     9    11 -1.639132E+03 -6.470372E+02
  7.000000E+00     9    12  3.840385E+01  3.254569E-02
  7.000000E+00     9    13  5.101440E+01 -1.341704E+01
  7.000000E+00     9    14 -1.977202E+01  5.351328E+00
  7.000000E+00     9    15  6.182464E+00 -1.066074E+00
  7.000000E+00     9    16 -1.637659E+02  5.097231E+01
  7.000000E+00     9    17 -4.250047E+02  1.251877E+02
  7.000000E+00     9    18 -2.055358E+00  4.985093E-01
  7.000000E+00     9    19  4.535015E+00  1.137782E+00
  7.000000E+00     9    20 -2.377479E+01 -3.211993E+00
  7.000000E+00     9    21  6.658522E+02  1.169493E+01
  7.000000E+00     9    22  1.779277E+04  9.893380E+02
  7.000000E+00     9    23 -1.034507E+04 -6.240225E+02
  7.000000E+00     9    24 -9.015894E+02 -4.733939E+01
  7.000000E+00     9    25 -6.716757E+00  3.618219E+00
  7.000000E+00     9    26 -1.189678E+01  6.666641E+00
  7.000000E+00     9    27  5.604772E+00  3.052640E+00
  7.000000E+00     9    28 -7.620042E+01  4.094448E+01
  7.000000E+00     9    29  4.331709E+01 -2.244177E+01
  7.000000E+00     9    30 -3.221672E-01 -3.220004E-01
  7.000000E+00    10     1 -5.516478E+03  5.733879E+02
  7.000000E+00    10     2 -2.476034E+03 -4.252433E+02
  7.000000E+00    10     3 -4.489374E+02  1.882011E+02
  7.000000E+00    10     4 -1.971166E+04 -4.152194E+03
  7.000000E+00    10     5  5.612528E+04 -9.374571E+03
  7.000000E+00    10     6  3.228723E+02 -2.748627E+02
  7.000000E+00    10     7 -8.519035E+04 -6.704562E+02
  7.000000E+00    10     8  6.766197E+04  1.279704E+04
  7.000000E+00    10     9 -7.839910E+02  1.999574E+01
  7.000000E+00    10    10  1.004669E+06  1.030415E+05
  7.000000E+00    10    11  1.505093E+06  7.720612E+03
  7.000000E+00    10    12 -3.327347E+02  2.140192E+03
  7.000000E+00    10    13  2.632150E+03 -6.383829E+02
  7.000000E+00    10    14 -2.389420E+03  4.954319E+01
  7.000000E+00    10    15  1.004371E+02 -4.903411E+01
  7.000000E+00    10    16 -1.982735E+04  1.080305E+03
  7.000000E+00    10    17 -2.219949E+04  6.224946E+03
  7.000000E+00    10    18 -3.257864E+02  1.870108E+00
  7.000000E+00    10    19 -6.536646E+04  4.249867E+02
  7.000000E+00    10    20 -5.574538E+04 -5.341589E+02
  7.000000E+00    10    21 -9.921468E+02 -3.881417E+02
  7.000000E+00    10    22 -1.939735E+05 -1.818101E+04
  7.000000E+00    10    23  1.012176E+05 -1.990017E+04
  7.000000E+00    10    24  1.647630E+06 -5.437100E+04
  7.000000E+00    10    25 -4.158211E+02 -1.671160E+02
  7.000000E+00    10    26  4.249761E+02  2.071840E+02
  7.000000E+00    10    27 -2.884362E+01 -6.885738E+01
  7.000000E+00    10    28  2.584531E+03  1.260149E+03
  7.000000E+00    10    29  2.494769E+03  1.011477E+03
  7.000000E+00    10    30  2.659260E+00  7.316648E+00
  7.000000E+00    11     1 -1.098365E+04  1.920851E+03
  7.000000E+00    11     2 -3.662680E+03  4.628650E+02
  7.000000E+00    11     3 -8.529265E+02  3.695906E+02
  7.000000E+00    11     4 -3.036112E+04  3.534840E+03
  7.000000E+00    11     5  1.096650E+05 -2.554161E+04
  7.000000E+00    11     6  7.585024E+02 -4.449806E+02
  7.000000E+00    11     7 -4.693795E+05 -1.211455E+04
  7.000000E+00    11     8 -2.598689E+04  2.708445E+03
  7.000000E+00    11     9 -4.373247E+03 -5.571588E+02
  7.000000E+00    11    10 -5.944162E+05  2.174657E+04
  7.000000E+00    11    11  8.191396E+06  1.004133E+05
  7.000000E+00    11    12  9.273136E+04  4.551093E+02
  7.000000E+00    11    13 -7.419424E+03  3.296454E+02
  7.000000E+00    11    14  2.954939E+03  5.954425E+00
  7.000000E+00    11    15 -3.806026E+02  7.645682E+01
  7.000000E+00    11    16  2.515455E+04 -7.780533E+02
  7.000000E+00    11    17  6.323678E+04 -4.410948E+03
  7.000000E+00    11    18  3.455457E+02  2.455196E+01
  7.000000E+00    11    19 -1.727857E+05 -5.810385E+00
  7.000000E+00    11    20 -3.851063E+05  3.395755E+02
  7.000000E+00    11    21 -1.575305E+04 -2.832815E+03
  7.000000E+00    11    22 -1.421006E+06 -1.145138E+05
  7.000000E+00    11    23  4.288601E+05  6.694143E+04
  7.000000E+00    11    24 -2.369383E+06 -1.015106E+04
  7.000000E+00    11    25  1.029902E+03 -2.015760E+02
  7.000000E+00    11    26  2.179874E+03 -4.572781E+02
  7.000000E+00    11    27 -5.833792E+02 -6.034283E+02
  7.000000E+00    11    28  1.336728E+04 -2.822919E+03
  7.000000E+00    11    29 -6.351932E+03  1.277616E+03
  7.000000E+00    11    30  5.834671E+01  6.340560E+01
  7.000000E+00    12     1 -4.569558E+01  7.033766E+01
  7.000000E+00    12     2 -3.301892E+01  1.649093E+01
  7.000000E+00    12     3 -2.217915E+00  7.388101E+00
  7.000000E+00    12     4 -2.605580E+02  1.194480E+02
  7.000000E+00    12     5  4.400761E+02 -7.537149E+02
  7.000000E+00    12     6 -3.413783E-01 -7.712613E+00
  7.000000E+00    12     7  3.327985E+03  4.114233E+01
  7.000000E+00    12     8 -8.249221E+02  2.756115E+02
  7.000000E+00    12     9  1.463054E+02  2.028445E+00
  7.000000E+00    12    10 -1.552775E+04  2.221871E+03
  7.000000E+00    12    11 -5.560334E+04 -3.148001E+02
  7.000000E+00    12    12  3.588435E+03  4.667186E+01
  7.000000E+00    12    13  1.129892E+02 -7.168001E+00
  7.000000E+00    12    14 -7.421938E+01  1.980650E+00
  7.000000E+00    12    15  4.754006E+00 -1.082499E+00
  7.000000E+00    12    16 -6.206590E+02  3.608627E+01
  7.000000E+00    12    17 -9.590316E+02  8.937740E+01
  7.000000E+00    12    18 -9.678226E+00  9.312617E-02
  7.000000E+00    12    19  3.168475E+03  5.743767E+00
  7.000000E+00    12    20  1.731166E+03 -1.573924E+01
  7.000000E+00    12    21  2.683773E+01  4.115643E+01
  7.000000E+00    12    22  1.736126E+03  4.033504E+00
  7.000000E+00    12    23 -7.226070E+03 -2.950666E+02
  7.000000E+00    12    24 -1.003406E+05 -1.209137E+03
  7.000000E+00    12    25 -1.884147E+01 -3.920869E+00
  7.000000E+00    12    26 -3.413947E+00 -1.431492E+00
  7.000000E+00    12    27  8.103443E-01  4.322924E+00
  7.000000E+00    12    28 -2.171730E+01 -8.631059E+00
  7.000000E+00    12    29  1.142355E+02  2.382026E+01
  7.000000E+00    12    30 -7.575388E-02 -4.476197E-01
  7.000000E+00    13     1  1.276293E+03  8.243440E+01
  7.000000E+00    13     2 -4.609796E+02 -4.929259E+01
  7.000000E+00    13     3  7.251545E+01  1.593517E+01
  7.000000E+00    13     4 -3.438898E+03 -6.819525E+02
  7.000000E+00    13     5 -1.178573E+04 -1.092956E+03
  7.000000E+00    13     6 -1.820181E+02 -2.036979E+01
  7.000000E+00    13     7  1.260025E+03 -6.913129E+01
  7.000000E+00    13     8  5.813831E+02 -4.007219E+01
  7.000000E+00    13     9  6.570907E+01 -1.781540E+01
  7.000000E+00    13    10  4.704999E+03 -3.296762E+02
  7.000000E+00    13    11 -1.040866E+04  3.494600E+02
  7.000000E+00    13    12  1.013665E+02 -3.039061E+01
  7.000000E+00    13    13  5.070983E+03  1.942541E+03
  7.000000E+00    13    14  3.075639E+03 -2.502481E+02
  7.000000E+00    13    15  1.661958E+03  9.048378E+01
  7.000000E+00    13    16  4.264182E+04 -2.274879E+03
  7.000000E+00    13    17  8.703549E+03 -1.642862E+04
  7.000000E+00    13    18 -6.585817E+02 -5.370735E+00
  7.000000E+00    13    19  2.885005E+03 -7.706542E+01
  7.000000E+00    13    20  2.182292E+03  1.163151E+02
  7.000000E+00    13    21  2.105033E+03  5.393008E+02
  7.000000E+00    13    22  3.936807E+04 -1.838117E+04
  7.000000E+00    13    23  2.179007E+04 -1.025944E+04
  7.000000E+00    13    24  2.033022E+05 -2.769368E+02
  7.000000E+00    13    25 -1.976313E+02  5.084790E+01
  7.000000E+00    13    26  3.269176E+02 -7.769536E+01
  7.000000E+00    13    27  8.982063E+01  9.471551E+01
  7.000000E+00    13    28  1.996694E+03 -4.786108E+02
  7.000000E+00    13    29  1.191345E+03 -3.122093E+02
  7.000000E+00    13    30 -8.999976E+00 -1.011907E+01
  7.000000E+00    14     1  4.516568E+02 -1.246842E+01
  7.000000E+00    14     2 -3.033469E+02 -4.122327E+01
  7.000000E+00    14     3  1.923826E+01  2.782146E+00
  7.000000E+00    14     4 -2.378500E+03 -3.755795E+02
  7.000000E+00    14     5 -4.026671E+03 -6.604075E+01
  7.000000E+00    14     6 -7.799325E+01 -8.787001E+00
  7.000000E+00    14     7 -3.898460E+02  5.374678E+01
  7.000000E+00    14     8 -3.027912E+02 -2.240175E+01
  7.000000E+00    14     9 -1.696373E+01  7.030138E+00
  7.000000E+00    14    10 -2.449933E+03 -1.660938E+02
  7.000000E+00    14    11  3.184184E+03 -3.546725E+02
  7.000000E+00    14    12 -5.210798E+01  7.334025E+00
  7.000000E+00    14    13  5.897064E+03 -1.212835E+01
  7.000000E+00    14    14  5.743219E+03  1.623769E+03
  7.000000E+00    14    15 -1.624230E+02  8.985392E-01
  7.000000E+00    14    16  7.518416E+04  1.333793E+04
  7.000000E+00    14    17 -1.133801E+05  4.089980E+02
  7.000000E+00    14    18 -1.233375E+03  2.325395E+02
  7.000000E+00    14    19  4.667358E+03 -1.079947E+02
  7.000000E+00    14    20 -4.031812E+03 -2.618983E+01
  7.000000E+00    14    21  3.283360E+01  2.408855E+01
  7.000000E+00    14    22 -2.314577E+04 -1.958914E+03
  7.000000E+00    14    23 -1.386739E+04  3.083136E+03
  7.000000E+00    14    24  1.185846E+05 -5.915521E+03
  7.000000E+00    14    25  5.807161E+01  2.817072E+01
  7.000000E+00    14    26  3.824121E+01  1.600592E+01
  7.000000E+00    14    27  7.280599E-01  1.817755E+00
  7.000000E+00    14    28  2.326346E+02  9.807413E+01
  7.000000E+00    14    29 -3.527879E+02 -1.720985E+02
  7.000000E+00    14    30 -1.165946E-01 -2.133651E-01
  7.000000E+00    15     1  4.691058E+01 -1.109723E+01
  7.000000E+00    15     2 -1.579254E+01  4.226818E+00
  7.000000E+00    15     3  6.484110E+00 -2.142413E-01
  7.000000E+00    15     4 -1.196340E+02  2.116862E+01
  7.000000E+00    15     5 -4.281581E+02  9.178030E+01
  7.000000E+00    15     6 -6.214154E+00  1.454249E+00
  7.000000E+00    15     7  4.288931E+01 -1.202773E+01
  7.000000E+00    15     8  1.680000E+01 -6.215307E+00
  7.000000E+00    15     9  5.628817E+00 -1.095300E+00
  7.000000E+00    15    10  1.337516E+02 -5.035870E+01
  7.000000E+00    15    11 -3.549626E+02  9.237545E+01
  7.000000E+00    15    12  2.428935E+00 -1.803958E+00
  7.000000E+00    15    13  1.586905E+02  7.210951E+01
  7.000000E+00    15    14  1.729950E+01 -1.832991E+00
  7.000000E+00    15    15  1.630638E+03  3.759853E+00
  7.000000E+00    15    16  4.462505E+02 -2.420156E+01
  7.000000E+00    15    17 -2.456804E+03 -6.073123E+02
  7.000000E+00    15    18  1.324929E+01  1.132889E+00
  7.000000E+00    15    19  1.123504E+01 -2.873636E+00
  7.000000E+00    15    20  1.386439E+00  5.098154E+00
  7.000000E+00    15    21  6.543711E+02  9.341073E+00
  7.000000E+00    15    22 -1.883758E+04 -8.923536E+02
  7.000000E+00    15    23 -1.098446E+04 -5.107004E+02
  7.000000E+00    15    24  8.611967E+02 -8.798804E+01
  7.000000E+00    15    25 -5.473608E+00  3.958301E+00
  7.000000E+00    15    26  9.856463E+00 -6.928307E+00
  7.000000E+00    15    27  5.156208E+00  2.376174E+00
  7.000000E+00    15    28  6.352822E+01 -4.240056E+01
  7.000000E+00    15    29  3.493200E+01 -2.401718E+01
  7.000000E+00    15    30 -2.800314E-01 -2.569321E-01
  7.000000E+00    16     1  3.709949E+03  2.251903E+01
  7.000000E+00    16     2 -2.432001E+03 -4.025233E+02
  7.000000E+00    16     3  1.543407E+02  2.818840E+01
  7.000000E+00    16     4 -1.902922E+04 -3.592729E+03
  7.000000E+00    16     5 -3.309210E+04 -1.631825E+03
  7.000000E+00    16     6 -6.336095E+02 -9.023653E+01
  7.000000E+00    16     7 -2.912154E+03  4.183145E+02
  7.000000E+00    16     8 -2.318895E+03 -1.715119E+02
  7.000000E+00    16     9 -1.280742E+02  5.355161E+01
  7.000000E+00    16    10 -1.876268E+04 -1.269490E+03
  7.000000E+00    16    11  2.377296E+04 -2.779551E+03
  7.000000E+00    16    12 -3.985072E+02  5.581110E+01
  7.000000E+00    16    13  1.028381E+05  6.264893E+01
  7.000000E+00    16    14  7.364862E+04  1.270183E+04
  7.000000E+00    16    15 -2.857498E+03  1.238126E+01
  7.000000E+00    16    16  1.181670E+06  1.043134E+05
  7.000000E+00    16    17 -1.975813E+06  1.805881E+03
  7.000000E+00    16    18 -2.429326E+04  1.818948E+03
  7.000000E+00    16    19  8.305575E+04 -8.490259E+02
  7.000000E+00    16    20 -6.938138E+04 -1.987054E+02
  7.000000E+00    16    21  4.533597E+02  3.192682E+02
  7.000000E+00    16    22 -3.706563E+05 -1.767934E+04
  7.000000E+00    16    23 -2.969659E+05  2.334670E+04
  7.000000E+00    16    24  2.137632E+06 -4.575475E+04
  7.000000E+00    16    25  4.293186E+02  2.305681E+02
  7.000000E+00    16    26  3.326491E+02  1.317934E+02
  7.000000E+00    16    27  1.169595E+01  2.698163E+01
  7.000000E+00    16    28  2.020416E+03  8.067128E+02
  7.000000E+00    16    29 -2.610937E+03 -1.408910E+03
  7.000000E+00    16    30 -1.782186E+00 -3.036300E+00
  7.000000E+00    17     1 -1.341372E+04 -1.842006E+03
  7.000000E+00    17     2  4.523693E+03  1.077786E+03
  7.000000E+00    17     3 -7.878563E+02 -2.058660E+02
  7.000000E+00    17     4  3.344921E+04  1.148856E+04
  7.000000E+00    17     5  1.236864E+05  2.002664E+04
  7.000000E+00    17     6  1.867508E+03  3.640441E+02
  7.000000E+00    17     7 -1.405570E+04  3.405596E+02
  7.000000E+00    17     8 -6.441436E+03  9.047870E+01
  7.000000E+00    17     9 -7.569978E+02  1.770305E+02
  7.000000E+00    17    10 -5.212155E+04  8.033556E+02
  7.000000E+00    17    11  1.159745E+05 -3.587970E+02
  7.000000E+00    17    12 -1.131986E+03  2.769467E+02
  7.000000E+00    17    13 -5.610371E+04 -1.998946E+04
  7.000000E+00    17    14 -5.220905E+04  4.391021E+03
  7.000000E+00    17    15 -2.936087E+04 -9.075479E+02
  7.000000E+00    17    16 -7.064521E+05  3.827618E+04
  7.000000E+00    17    17 -4.305230E+05  1.699624E+05
  7.000000E+00    17    18  7.417674E+03  3.420490E+02
  7.000000E+00    17    19 -4.843727E+04  6.665382E+02
  7.000000E+00    17    20 -4.045624E+04 -1.205700E+03
  7.000000E+00    17    21 -2.961345E+04 -6.547169E+03
  7.000000E+00    17    22 -6.185545E+05  1.969652E+05
  7.000000E+00    17    23 -3.402076E+05  1.119822E+05
  7.000000E+00    17    24 -3.457621E+06 -7.904890E+03
  7.000000E+00    17    25  2.189914E+03 -4.985342E+02
  7.000000E+00    17    26 -3.435645E+03  7.253843E+02
  7.000000E+00    17    27 -9.357719E+02 -1.043128E+03
  7.000000E+00    17    28 -2.100288E+04  4.476591E+03
  7.000000E+00    17    29 -1.322155E+04  3.066803E+03
  7.000000E+00    17    30  9.195599E+01  1.113813E+02
  7.000000E+00    18     1  5.062928E+01 -3.649740E+01
  7.000000E+00    18     2 -4.632007E+01  1.460235E+01
  7.000000E+00    18     3  1.863066E+00 -1.234840E+00
  7.000000E+00    18     4 -3.727002E+02  1.096472E+02
  7.000000E+00    18     5 -4.523114E+02  3.020252E+02
  7.000000E+00    18     6 -1.031336E+01  4.368228E+00
  7.000000E+00    18     7 -1.104464E+02  1.764051E+01
  7.000000E+00    18     8 -7.249084E+01  2.713278E+00
  7.000000E+00    18     9 -4.322891E+00  2.047651E+00
  7.000000E+00    18    10 -5.874365E+02  2.482320E+01
  7.000000E+00    18    11  9.074590E+02 -1.216250E+02
  7.000000E+00    18    12 -1.243104E+01  3.196535E+00
  7.000000E+00    18    13 -4.296726E+03 -4.284335E+01
  7.000000E+00    18    14 -3.792422E+02  3.050122E+02
  7.000000E+00    18    15  5.529084E+01 -1.275884E+00
  7.000000E+00    18    16 -9.399432E+03  2.513524E+03
  7.000000E+00    18    17  7.911279E+04  4.359283E+02
  7.000000E+00    18    18  3.859266E+03  4.370293E+01
  7.000000E+00    18    19 -3.421280E+03 -1.931814E+01
  7.000000E+00    18    20  2.872219E+03 -6.225883E+00
  7.000000E+00    18    21 -5.945207E+01 -2.367945E+01
  7.000000E+00    18    22  1.191202E+04  1.844683E+02
  7.000000E+00    18    23  1.334795E+04  6.118463E+02
  7.000000E+00    18    24 -8.078356E+04 -1.319800E+03
  7.000000E+00    18    25  1.870493E+01  3.511344E+00
  7.000000E+00    18    26 -2.499305E-01  1.536055E+00
  7.000000E+00    18    27 -1.421155E+00 -2.830671E+00
  7.000000E+00    18    28 -1.607048E+00  9.625571E+00
  7.000000E+00    18    29 -1.129838E+02 -2.138272E+01
  7.000000E+00    18    30  1.505070E-01  2.977175E-01
  7.000000E+00    19     1  2.256441E+04  4.006674E+03
  7.000000E+00    19     2 -4.355720E+03 -2.804152E+03
  7.000000E+00    19     3  5.010538E+03  1.242800E+02
  7.000000E+00    19     4 -5.560681E+04 -2.083703E+04
  7.000000E+00    19     5 -3.273888E+05 -3.530984E+04
  7.000000E+00    19     6 -1.278702E+04 -6.817126E+02
  7.000000E+00    19     7  1.820760E+04  3.876422E+02
  7.000000E+00    19     8 -1.254767E+03 -2.849473E+02
  7.000000E+00    19     9  3.010016E+02 -1.135347E+01
  7.000000E+00    19    10 -1.319072E+04 -2.227651E+03
  7.000000E+00    19    11 -3.011960E+05 -3.497718E+03
  7.000000E+00    19    12 -1.642796E+03 -4.516543E+01
  7.000000E+00    19    13  9.452916E+03 -1.906401E+02
  7.000000E+00    19    14  4.817178E+03 -3.250521E+02
  7.000000E+00    19    15  7.930236E+02 -4.807819E+01
  7.000000E+00    19    16  6.587172E+04 -2.885331E+03
  7.000000E+00    19    17 -1.076574E+05  9.266681E+02
  7.000000E+00    19    18 -1.958982E+03 -8.747204E+01
  7.000000E+00    19    19  1.049632E+04  2.492324E+02
  7.000000E+00    19    20  7.096326E+03 -4.195393E+02
  7.000000E+00    19    21  9.349210E+03  1.670575E+03
  7.000000E+00    19    22  1.631314E+04 -6.286728E+03
  7.000000E+00    19    23  1.952642E+05  6.384525E+04
  7.000000E+00    19    24  3.368069E+05  2.577141E+04
  7.000000E+00    19    25  7.227948E+02 -2.799861E+02
  7.000000E+00    19    26  1.970453E+02 -1.885183E+00
  7.000000E+00    19    27  2.259447E+02  2.121474E+02
  7.000000E+00    19    28  1.197266E+03 -1.649163E+01
  7.000000E+00    19    29 -4.670763E+03  1.713548E+03
  7.000000E+00    19    30 -2.316077E+01 -2.177761E+01
  7.000000E+00    20     1  1.579675E+04  2.028045E+03
  7.000000E+00    20     2 -4.025670E+03 -1.682148E+03
  7.000000E+00    20     3  3.340234E+03  4.761613E+01
  7.000000E+00    20     4 -5.667773E+04 -1.247431E+04
  7.000000E+00    20     5 -2.331440E+05 -1.750985E+04
  7.000000E+00    20     6 -5.548289E+03 -3.684420E+02
  7.000000E+00    20     7  1.914257E+04  1.308306E+02
  7.000000E+00    20     8  1.553494E+03 -4.439487E+02
  7.000000E+00    20     9  1.609989E+02 -7.053638E+00
  7.000000E+00    20    10  3.714361E+04 -3.540153E+03
  7.000000E+00    20    11 -3.339752E+05 -1.217124E+03
  7.000000E+00    20    12 -4.927754E+03 -6.903896E+01
  7.000000E+00    20    13  4.796936E+03 -3.871898E+02
  7.000000E+00    20    14 -9.341761E+02  9.589271E+01
  7.000000E+00    20    15 -1.297056E+03 -3.759803E+01
  7.000000E+00    20    16 -1.493203E+04  6.709763E+02
  7.000000E+00    20    17 -1.287086E+05  2.940812E+03
  7.000000E+00    20    18 -8.710287E+01 -1.188353E+01
  7.000000E+00    20    19 -7.421687E+02  1.452374E+02
  7.000000E+00    20    20  1.575476E+04 -2.462587E+02
  7.000000E+00    20    21  4.069280E+03  7.287165E+02
  7.000000E+00    20    22  4.124552E+03 -8.280641E+02
  7.000000E+00    20    23  7.634022E+04  3.857106E+04
  7.000000E+00    20    24  5.467572E+04  1.498330E+04
  7.000000E+00    20    25  5.171436E+02 -1.618460E+02
  7.000000E+00    20    26  1.583565E+01  8.092381E+00
  7.000000E+00    20    27  1.063055E+02  9.265788E+01
  7.000000E+00    20    28  3.385969E+02  4.713792E+01
  7.000000E+00    20    29 -3.158063E+03  9.909987E+02
  7.000000E+00    20    30 -1.097039E+01 -9.419981E+00
  7.000000E+00    21     1 -5.815072E+03 -3.760861E+02
  7.000000E+00    21     2  1.310121E+03  7.350441E+02
  7.000000E+00    21     3 -5.446191E+02  2.637553E+00
  7.000000E+00    21     4  1.655184E+04  5.539881E+03
  7.000000E+00    21     5  9.524416E+04  2.887130E+03
  7.000000E+00    21     6  2.890207E+03  1.159776E+02
  7.000000E+00    21     7  6.207444E+02  2.708063E+02
  7.000000E+00    21     8  1.307480E+02  8.900794E+01
  7.000000E+00    21     9  6.055469E+02  1.073877E+01
  7.000000E+00    21    10  1.435963E+03  7.139274E+02
  7.000000E+00    21    11 -6.791451E+03 -2.339276E+03
  7.000000E+00    21    12 -5.740395E-01  1.147571E+01
  7.000000E+00    21    13  3.225111E+02  4.830187E+02
  7.000000E+00    21    14 -4.692694E+02  1.748656E+01
  7.000000E+00    21    15  6.360973E+02  2.474284E+01
  7.000000E+00    21    16 -4.616341E+03  1.755832E+02
  7.000000E+00    21    17 -3.944066E+03 -3.943644E+03
  7.000000E+00    21    18  1.727474E+01  1.359350E+01
  7.000000E+00    21    19  3.415957E+03 -8.548689E+01
  7.000000E+00    21    20  6.867248E+02  9.070889E+01
  7.000000E+00    21    21  1.928953E+04  1.953238E+02
  7.000000E+00    21    22  7.569641E+03  8.673001E+02
  7.000000E+00    21    23 -6.058416E+04 -1.330454E+04
  7.000000E+00    21    24 -3.755871E+04 -5.190781E+03
  7.000000E+00    21    25 -1.799260E+02  6.342127E+01
  7.000000E+00    21    26 -4.153634E+01 -2.705636E+00
  7.000000E+00    21    27 -1.493344E+01  1.110011E+01
  7.000000E+00    21    28 -2.528671E+02 -1.585963E+01
  7.000000E+00    21    29  1.119919E+03 -3.894404E+02
  7.000000E+00    21    30 -1.166463E+01 -1.291765E+00
  7.000000E+00    22     1  1.972192E+04  2.055392E+03
  7.000000E+00    22     2  4.633958E+02  1.502956E+03
  7.000000E+00    22     3  4.642370E+03 -3.959642E-01
  7.000000E+00    22     4 -3.424578E+04  1.331136E+04
  7.000000E+00    22     5 -2.885902E+05 -1.580387E+04
  7.000000E+00    22     6 -3.087103E+03  1.072017E+02
  7.000000E+00    22     7  5.267351E+04  1.382655E+04
  7.000000E+00    22     8  6.594136E+03 -2.385777E+03
  7.000000E+00    22     9  1.679565E+04  9.268005E+02
  7.000000E+00    22    10  1.723476E+05 -1.942154E+04
  7.000000E+00    22    11 -1.088016E+06 -1.147393E+05
  7.000000E+00    22    12 -1.949612E+04 -2.094565E+02
  7.000000E+00    22    13  1.285218E+04 -1.610150E+04
  7.000000E+00    22    14 -1.950779E+03 -9.991370E+02
  7.000000E+00    22    15 -2.357333E+04 -1.024594E+03
  7.000000E+00    22    16  2.519521E+04 -5.841028E+03
  7.000000E+00    22    17 -3.499068E+05  1.392724E+05
  7.000000E+00    22    18 -7.784340E+03 -4.410729E+02
  7.000000E+00    22    19  1.201348E+04  2.988129E+02
  7.000000E+00    22    20  4.617645E+04 -1.448893E+03
  7.000000E+00    22    21  2.372766E+03  2.450209E+02
  7.000000E+00    22    22  9.639776E+06  6.916562E+05
  7.000000E+00    22    23 -9.686312E+04  5.349673E+04
  7.000000E+00    22    24  6.180841E+05  2.609601E+04
  7.000000E+00    22    25  8.436262E+02 -1.995274E+02
  7.000000E+00    22    26 -7.499519E+03  6.248124E+03
  7.000000E+00    22    27  6.545629E+01  4.053453E+01
  7.000000E+00    22    28 -4.282493E+04  3.820414E+04
  7.000000E+00    22    29 -4.958593E+03  1.009880E+03
  7.000000E+00    22    30  4.610348E-01 -2.691589E+00
  7.000000E+00    23     1 -4.247955E+05 -3.291607E+04
  7.000000E+00    23     2  8.352453E+04  4.699250E+04
  7.000000E+00    23     3 -5.618646E+04  1.869525E+02
  7.000000E+00    23     4  1.073871E+06  3.613127E+05
  7.000000E+00    23     5  6.329752E+06  2.551183E+05
  7.000000E+00    23     6  1.839797E+05  7.391588E+03
  7.000000E+00    23     7 -7.564888E+04 -1.485078E+04
  7.000000E+00    23     8  5.421016E+02  2.343081E+03
  7.000000E+00    23     9 -1.160564E+04 -4.868002E+02
  7.000000E+00    23    10 -9.738471E+03  1.858350E+04
  7.000000E+00    23    11  1.152387E+06  1.262000E+05
  7.000000E+00    23    12  7.462244E+03  4.268696E+02
  7.000000E+00    23    13 -6.680922E+04 -2.744054E+03
  7.000000E+00    23    14 -2.611057E+04  4.503255E+03
  7.000000E+00    23    15 -1.585939E+04  2.816722E+02
  7.000000E+00    23    16 -2.525391E+05  4.025310E+04
  7.000000E+00    23    17  6.179112E+05  3.380471E+04
  7.000000E+00    23    18 -1.401195E+03  1.056096E+03
  7.000000E+00    23    19  1.621318E+05 -5.048744E+03
  7.000000E+00    23    20  1.331454E+04  5.340498E+03
  7.000000E+00    23    21 -1.354471E+05 -2.108750E+04
  7.000000E+00    23    22  2.106501E+05  6.811609E+04
  7.000000E+00    23    23  5.901703E+06 -1.756100E+05
  7.000000E+00    23    24 -2.604704E+06 -2.949335E+05
  7.000000E+00    23    25 -3.864807E+03 -2.128537E+03
  7.000000E+00    23    26 -2.997456E+03 -1.238039E+02
  7.000000E+00    23    27 -3.199082E+03 -2.862986E+03
  7.000000E+00    23    28 -1.830131E+04 -7.909490E+02
  7.000000E+00    23    29  2.658171E+04  1.288411E+04
  7.000000E+00    23    30  3.276535E+02  2.990528E+02
  7.000000E+00    24     1 -8.714489E+05 -1.185963E+05
  7.000000E+00    24     2  2.310715E+05  9.243120E+04
  7.000000E+00    24     3 -1.831479E+05 -3.252612E+03
  7.000000E+00    24     4  3.237037E+06  6.886654E+05
  7.000000E+00    24     5  1.277641E+07  1.035760E+06
  7.000000E+00    24     6  3.057793E+05  2.106380E+04
  7.000000E+00    24     7 -3.202446E+05 -1.804694E+04
  7.000000E+00    24     8  1.132805E+05  3.017147E+03
  7.000000E+00    24     9 -8.848243E+03 -5.341932E+01
  7.000000E+00    24    10  1.768430E+06  2.202285E+04
  7.000000E+00    24    11  5.023540E+06  1.556186E+05
  7.000000E+00    24    12 -5.350475E+04  2.155382E+02
  7.000000E+00    24    13  2.319320E+05  1.192646E+04
  7.000000E+00    24    14  4.865709E+04 -9.363303E+03
  7.000000E+00    24    15 -1.548320E+04  1.754357E+03
  7.000000E+00    24    16  1.527260E+06 -7.176860E+04
  7.000000E+00    24    17 -5.770060E+06 -8.550209E+04
  7.000000E+00    24    18 -1.247430E+05 -3.000481E+01
  7.000000E+00    24    19  4.497392E+05 -7.611101E+03
  7.000000E+00    24    20 -3.589715E+05  1.442973E+04
  7.000000E+00    24    21 -2.628209E+05 -5.034592E+04
  7.000000E+00    24    22 -8.335743E+05  1.258180E+05
  7.000000E+00    24    23 -7.151350E+06 -1.976914E+06
  7.000000E+00    24    24  1.314202E+07 -7.050228E+05
  7.000000E+00    24    25 -2.506132E+04  8.330183E+03
  7.000000E+00    24    26 -5.454677E+03 -2.422889E+02
  7.000000E+00    24    27 -6.790776E+03 -6.434564E+03
  7.000000E+00    24    28 -3.345577E+04 -1.355110E+03
  7.000000E+00    24    29  1.533472E+05 -5.097416E+04
  7.000000E+00    24    30  7.040042E+02  6.595680E+02
  7.000000E+00    25     1  3.749404E+02 -9.527046E+01
  7.000000E+00    25     2 -8.783271E+00 -1.476160E+01
  7.000000E+00    25     3  2.483981E+01 -9.277162E+00
  7.000000E+00    25     4 -8.004377E+01 -1.984326E+02
  7.000000E+00    25     5 -3.639244E+03  1.014553E+03
  7.000000E+00    25     6 -4.058860E+01  1.382895E+01
  7.000000E+00    25     7 -1.397032E+02  4.303981E+01
  7.000000E+00    25     8 -6.414420E+01 -2.866315E+01
  7.000000E+00    25     9 -5.596066E+00  4.364003E+00
  7.000000E+00    25    10 -5.246494E+02 -2.349036E+02
  7.000000E+00    25    11  1.148872E+03 -3.443899E+02
  7.000000E+00    25    12 -1.250633E+01 -2.897726E+00
  7.000000E+00    25    13 -1.427400E+02  4.610033E+01
  7.000000E+00    25    14  7.004642E+01  2.463806E+01
  7.000000E+00    25    15 -5.452577E+00  4.035366E+00
  7.000000E+00    25    16  6.028058E+02  1.816221E+02
  7.000000E+00    25    17  1.227463E+03 -4.348394E+02
  7.000000E+00    25    18  8.742237E+00  5.406280E+00
  7.000000E+00    25    19 -7.006976E+01  1.505596E+01
  7.000000E+00    25    20 -7.025361E+00  3.452422E+00
  7.000000E+00    25    21  2.131447E+01 -7.329293E-01
  7.000000E+00    25    22 -3.377613E+01  1.725959E+00
  7.000000E+00    25    23  8.165031E+03 -6.361359E+03
  7.000000E+00    25    24  9.040658E+02 -6.454760E+02
  7.000000E+00    25    25  7.938181E+02  8.758527E+01
  7.000000E+00    25    26  9.257388E-01 -4.190004E-01
  7.000000E+00    25    27  3.985258E+00  1.066260E+00
  7.000000E+00    25    28  4.272583E+01 -1.289368E+00
  7.000000E+00    25    29 -5.401404E+03 -5.327249E+02
  7.000000E+00    25    30 -8.105858E-01 -1.694793E-01
  7.000000E+00    26     1 -2.979761E+01  3.237683E+00
  7.000000E+00    26     2 -6.573174E+01 -3.104110E+01
  7.000000E+00    26     3 -6.589578E+00  1.965472E+00
  7.000000E+00    26     4 -5.048285E+02 -2.705771E+02
  7.000000E+00    26     5  4.353860E+02 -6.626994E+01
  7.000000E+00    26     6 -6.767436E-01 -6.649366E+00
  7.000000E+00    26     7 -2.642729E+02  7.021008E+01
  7.000000E+00    26     8  3.614741E+01  1.544548E+01
  7.000000E+00    26     9 -1.034301E+01  7.541466E+00
  7.000000E+00    26    10  2.893476E+02  1.190895E+02
  7.000000E+00    26    11  2.204222E+03 -5.610043E+02
  7.000000E+00    26    12  7.517148E+00  3.183156E+00
  7.000000E+00    26    13  2.572744E+02 -7.198426E+01
  7.000000E+00    26    14  3.337782E+01  1.820206E+01
  7.000000E+00    26    15  1.040153E+01 -7.177662E+00
  7.000000E+00    26    16  2.525432E+02  1.600553E+02
  7.000000E+00    26    17 -2.143837E+03  6.230717E+02
  7.000000E+00    26    18  9.493050E+00  4.475345E-01
  7.000000E+00    26    19  1.245758E+01 -3.293218E+00
  7.000000E+00    26    20 -3.190424E+01 -4.069181E+00
  7.000000E+00    26    21 -1.234306E+01 -1.757703E-01
  7.000000E+00    26    22 -7.442697E+03  6.298927E+03
  7.000000E+00    26    23 -1.699276E+02 -6.475181E+01
  7.000000E+00    26    24 -3.336225E+02  4.043532E+01
  7.000000E+00    26    25  1.375008E+00  1.086271E+00
  7.000000E+00    26    26  8.047563E+02  9.052102E+01
  7.000000E+00    26    27  1.017423E+00 -6.018651E-02
  7.000000E+00    26    28  5.513083E+03  5.524777E+02
  7.000000E+00    26    29 -3.197392E+01 -9.808137E+00
  7.000000E+00    26    30 -3.453874E-01  2.476543E-03
  7.000000E+00    27     1  2.754457E+00  2.458153E+00
  7.000000E+00    27     2  1.907412E-01 -1.126590E-01
  7.000000E+00    27     3  1.354079E-01  1.515328E-01
  7.000000E+00    27     4  2.172698E+00 -1.195754E+00
  7.000000E+00    27     5 -2.855333E+01 -2.323237E+01
  7.000000E+00    27     6 -3.560129E-01 -2.387214E-01
  7.000000E+00    27     7  2.388705E+00  2.265350E+00
  7.000000E+00    27     8  1.183005E-02 -1.158440E-02
  7.000000E+00    27     9  5.660755E-02  7.469984E-02
  7.000000E+00    27    10  4.011542E-02 -1.694776E-02
  7.000000E+00    27    11 -1.972381E+01 -1.904710E+01
  7.000000E+00    27    12  1.518787E-02 -1.381530E-02
  7.000000E+00    27    13  2.150135E+00  2.145145E+00
  7.000000E+00    27    14 -1.558577E-01 -4.575416E-03
  7.000000E+00    27    15  3.927753E-02  7.925513E-02
  7.000000E+00    27    16 -1.596768E+00 -2.030017E-01
  7.000000E+00    27    17 -1.866987E+01 -1.783749E+01
  7.000000E+00    27    18  2.113334E-02  2.623581E-02
  7.000000E+00    27    19  2.357765E-01 -2.009487E-01
  7.000000E+00    27    20  1.670960E-01 -9.696281E-02
  7.000000E+00    27    21 -6.648843E+01  1.487204E+00
  7.000000E+00    27    22 -1.341314E+01 -3.311715E+00
  7.000000E+00    27    23  1.309536E+01  4.867466E+00
  7.000000E+00    27    24  6.410547E+00  2.978677E+00
  7.000000E+00    27    25 -6.001660E-01 -1.859723E-02
  7.000000E+00    27    26 -6.918195E-01 -6.858306E-02
  7.000000E+00    27    27  7.156970E+01  4.243124E-01
  7.000000E+00    27    28 -7.785707E+00 -4.201642E-01
  7.000000E+00    27    29  7.554451E+00  1.036482E-01
  7.000000E+00    27    30 -5.487492E-01 -4.447380E-02
  7.000000E+00    28     1 -1.776330E+02  1.804063E+01
  7.000000E+00    28     2 -4.103527E+02 -1.955704E+02
  7.000000E+00    28     3 -4.015204E+01  1.195352E+01
  7.000000E+00    28     4 -3.153122E+03 -1.703907E+03
  7.000000E+00    28     5  2.621771E+03 -3.872002E+02
  7.000000E+00    28     6 -5.781121E+00 -4.130180E+01
  7.000000E+00    28     7 -1.661122E+03  4.470517E+02
  7.000000E+00    28     8  2.244866E+02  9.654692E+01
  7.000000E+00    28     9 -6.897675E+01  4.766841E+01
  7.000000E+00    28    10  1.793714E+03  7.442771E+02
  7.000000E+00    28    11  1.384708E+04 -3.573973E+03
  7.000000E+00    28    12  4.679119E+01  1.999146E+01
  7.000000E+00    28    13  1.614420E+03 -4.565490E+02
  7.000000E+00    28    14  2.086653E+02  1.145966E+02
  7.000000E+00    28    15  6.921862E+01 -4.526022E+01
  7.000000E+00    28    16  1.577375E+03  1.008246E+03
  7.000000E+00    28    17 -1.343448E+04  3.951460E+03
  7.000000E+00    28    18  5.931069E+01  2.799469E+00
  7.000000E+00    28    19  8.137759E+01 -2.007055E+01
  7.000000E+00    28    20  1.075447E+02 -2.618367E+01
  7.000000E+00    28    21 -9.973444E+01 -1.021544E+00
  7.000000E+00    28    22 -4.299216E+04  3.963769E+04
  7.000000E+00    28    23 -9.400574E+02 -4.940277E+02
  7.000000E+00    28    24 -2.091295E+03  2.504835E+02
  7.000000E+00    28    25  2.849687E+01  7.816399E+00
  7.000000E+00    28    26  5.650097E+03  5.681194E+02
  7.000000E+00    28    27  1.325140E+01 -3.175536E-01
  7.000000E+00    28    28  4.799111E+04  3.467459E+03
  7.000000E+00    28    29 -3.776674E+02 -6.763398E+01
  7.000000E+00    28    30  2.197803E-01  9.193718E-03
  7.000000E+00    29     1 -2.338932E+03  5.780367E+02
  7.000000E+00    29     2  5.796086E+01  9.385934E+01
  7.000000E+00    29     3 -1.586426E+02  5.659086E+01
  7.000000E+00    29     4  5.213857E+02  1.255837E+03
  7.000000E+00    29     5  2.261715E+04 -6.169222E+03
  7.000000E+00    29     6  2.499417E+02 -8.424963E+01
  7.000000E+00    29     7  8.682063E+02 -2.911779E+02
  7.000000E+00    29     8  3.934095E+02  1.771216E+02
  7.000000E+00    29     9  3.646629E+01 -2.827726E+01
  7.000000E+00    29    10  3.217381E+03  1.451589E+03
  7.000000E+00    29    11 -7.138466E+03  2.337627E+03
  7.000000E+00    29    12  7.632481E+01  1.797859E+01
  7.000000E+00    29    13  8.527535E+02 -3.021717E+02
  7.000000E+00    29    14 -4.341250E+02 -1.544655E+02
  7.000000E+00    29    15  3.423920E+01 -2.539394E+01
  7.000000E+00    29    16 -3.729974E+03 -1.139309E+03
  7.000000E+00    29    17 -7.325240E+03  2.830487E+03
  7.000000E+00    29    18 -5.461837E+01 -3.392926E+01
  7.000000E+00    29    19  1.411034E+02 -9.135275E+01
  7.000000E+00    29    20  4.413701E+01 -2.103375E+01
  7.000000E+00    29    21 -1.076540E+02 -6.681952E+00
  7.000000E+00    29    22  5.309117E+02 -4.038974E+02
  7.000000E+00    29    23 -4.714682E+04  3.958766E+04
  7.000000E+00    29    24 -5.538618E+03  4.004835E+03
  7.000000E+00    29    25 -5.516279E+03 -5.441751E+02
  7.000000E+00    29    26 -6.146864E+01 -3.208714E+00
  7.000000E+00    29    27 -4.763973E+01 -9.970459E+00
  7.000000E+00    29    28 -7.168495E+02 -2.744402E+01
  7.000000E+00    29    29  4.651658E+04  3.310199E+03
  7.000000E+00    29    30  1.048703E+01  1.404795E+00
  7.000000E+00    30     1 -1.015863E+01 -9.477536E+00
  7.000000E+00    30     2 -3.148188E-01  4.546184E-01
  7.000000E+00    30     3 -6.196520E-01 -6.019651E-01
  7.000000E+00    30     4 -5.036874E+00  4.894633E+00
  7.000000E+00    30     5  1.029017E+02  9.012682E+01
  7.000000E+00    30     6  1.271286E+00  9.474296E-01
  7.000000E+00    30     7 -8.294983E+00 -7.825663E+00
  7.000000E+00    30     8 -7.463961E-03  4.327239E-02
  7.000000E+00    30     9 -3.579970E-01 -2.601276E-01
  7.000000E+00    30    10  9.062137E-02  7.881728E-02
  7.000000E+00    30    11  6.832845E+01  6.578791E+01
  7.000000E+00    30    12 -4.212195E-02  4.784815E-02
  7.000000E+00    30    13 -8.082654E+00 -8.199386E+00
  7.000000E+00    30    14  8.335499E-02 -3.730348E-02
  7.000000E+00    30    15 -3.289475E-01 -3.018261E-01
  7.000000E+00    30    16  1.824155E+00  4.311771E-01
  7.000000E+00    30    17  6.953377E+01  6.844756E+01
  7.000000E+00    30    18 -1.600763E-01 -1.076722E-01
  7.000000E+00    30    19  1.982622E+00  7.531399E-01
  7.000000E+00    30    20  1.416981E+00  3.250371E-01
  7.000000E+00    30    21 -2.210430E+01 -5.513720E+00
  7.000000E+00    30    22  1.108482E+01  1.132816E+01
  7.000000E+00    30    23 -1.813225E+01 -1.696386E+01
  7.000000E+00    30    24 -2.453031E+01 -1.090307E+01
  7.000000E+00    30    25 -3.495182E-01 -5.429690E-02
  7.000000E+00    30    26  7.545648E-01  9.791567E-02
  7.000000E+00    30    27  2.277284E+00 -1.563548E+00
  7.000000E+00    30    28  8.123689E+00  6.054338E-01
  7.000000E+00    30    29  5.775064E+00  3.683401E-01
  7.000000E+00    30    30  4.690267E+01  1.639698E-01
  8.000000E+00     1     1 -9.166770E+03 -9.283398E+02
  8.000000E+00     1     2  3.983462E+03  1.714991E+03
  8.000000E+00     1     3 -3.408457E+03  9.871547E+01
  8.000000E+00     1     4  5.095231E+04  1.376030E+04
  8.000000E+00     1     5  1.453240E+05  7.413042E+03
  8.000000E+00     1     6  8.630220E+03  3.148923E+02
  8.000000E+00     1     7 -4.511579E+02  3.200621E+02
  8.000000E+00     1     8  2.288114E+02 -1.277228E+02
  8.000000E+00     1     9 -9.198015E+00  3.535956E+01
  8.000000E+00     1    10  1.971162E+03 -1.130874E+03
  8.000000E+00     1    11  4.018090E+03 -2.773983E+03
  8.000000E+00     1    12  4.416381E+01 -3.291367E+01
  8.000000E+00     1    13  3.877288E+02  1.271251E+03
  8.000000E+00     1    14  5.083946E+01  7.298778E+02
  8.000000E+00     1    15  6.843946E+01  2.228801E+01
  8.000000E+00     1    16  4.652649E+02  6.303396E+03
  8.000000E+00     1    17 -3.235511E+03 -1.138852E+04
  8.000000E+00     1    18  2.886678E+01  1.552095E+02
  8.000000E+00     1    19  2.706582E+03  9.411098E+01
  8.000000E+00     1    20  2.089156E+03  2.883773E+02
  8.000000E+00     1    21 -4.159893E+03 -2.541780E+02
  8.000000E+00     1    22  4.054442E+03 -1.294234E+04
  8.000000E+00     1    23 -1.584705E+05 -6.683876E+04
  8.000000E+00     1    24 -9.889192E+04 -1.558320E+04
  8.000000E+00     1    25 -1.309507E+02  3.063871E+02
  8.000000E+00     1    26 -8.030911E+01 -1.232203E-01
  8.000000E+00     1    27 -8.050626E+01  2.298348E+01
  8.000000E+00     1    28 -5.149987E+02 -1.211730E+00
  8.000000E+00     1    29  8.446109E+02 -1.962174E+03
  8.000000E+00     1    30  5.413297E+00 -2.047304E+00
  8.000000E+00     2     1 -8.914031E+03 -7.464407E+02
  8.000000E+00     2     2  6.982375E+03  2.061589E+03
  8.000000E+00     2     3 -1.887213E+03  8.512469E+01
  8.000000E+00     2     4  8.107599E+04  1.683796E+04
  8.000000E+00     2     5  1.328124E+05  5.030952E+03
  8.000000E+00     2     6  3.855769E+03  3.241656E+02
  8.000000E+00     2     7 -3.271251E+02 -9.870722E+00
  8.000000E+00     2     8  6.888403E+01  3.285355E+01
  8.000000E+00     2     9 -1.924965E+01  1.817994E+01
  8.000000E+00     2    10  6.007657E+02  2.674097E+02
  8.000000E+00     2    11  2.850990E+03  1.375544E+02
  8.000000E+00     2    12  1.436203E+01  3.838048E+00
  8.000000E+00     2    13  4.532939E+02  1.181156E+03
  8.000000E+00     2    14  1.489692E+02  7.090204E+02
  8.000000E+00     2    15  7.014743E+01  1.532723E+01
  8.000000E+00     2    16  1.327857E+03  6.117220E+03
  8.000000E+00     2    17 -3.801259E+03 -1.061525E+04
  8.000000E+00     2    18  4.784272E+01  1.476112E+02
  8.000000E+00     2    19  3.903450E+03  4.024521E+01
  8.000000E+00     2    20  3.560545E+02  2.806061E+02
  8.000000E+00     2    21 -1.904253E+03 -8.352993E+01
  8.000000E+00     2    22 -8.053523E+02 -1.659688E+04
  8.000000E+00     2    23 -7.986948E+04 -4.954346E+04
  8.000000E+00     2    24 -1.287686E+04 -1.681183E+04
  8.000000E+00     2    25 -8.314383E+01  2.480292E+02
  8.000000E+00     2    26 -8.437172E+01 -1.590405E+01
  8.000000E+00     2    27 -6.283705E+01  1.869934E+01
  8.000000E+00     2    28 -5.406060E+02 -1.035184E+02
  8.000000E+00     2    29  5.373989E+02 -1.586906E+03
  8.000000E+00     2    30  4.278690E+00 -1.672731E+00
  8.000000E+00     3     1  8.629427E+03  1.153392E+03
  8.000000E+00     3     2 -1.793268E+03 -8.502057E+02
  8.000000E+00     3     3  3.168102E+03  2.139542E+01
  8.000000E+00     3     4 -2.085486E+04 -6.803187E+03
  8.000000E+00     3     5 -1.330698E+05 -1.118158E+04
  8.000000E+00     3     6 -3.994101E+03 -2.588549E+02
  8.000000E+00     3     7  1.287937E+02 -2.988367E+02
  8.000000E+00     3     8 -1.568036E+01  1.553195E+02
  8.000000E+00     3     9 -1.640325E+00 -1.671636E+01
  8.000000E+00     3    10 -1.255896E+02  1.356955E+03
  8.000000E+00     3    11 -1.155756E+03  2.648320E+03
  8.000000E+00     3    12  2.752174E-01  3.343975E+01
  8.000000E+00     3    13 -2.642869E+02 -7.678456E+02
  8.000000E+00     3    14 -1.146084E+02 -4.478501E+02
  8.000000E+00     3    15 -3.964069E+01 -1.134633E+01
  8.000000E+00     3    16 -1.027716E+03 -3.860907E+03
  8.000000E+00     3    17  2.204224E+03  6.913044E+03
  8.000000E+00     3    18 -3.283823E+01 -9.433002E+01
  8.000000E+00     3    19 -4.004936E+03 -2.206638E+02
  8.000000E+00     3    20 -1.180016E+03 -1.776466E+02
  8.000000E+00     3    21  2.689306E+03  1.928530E+02
  8.000000E+00     3    22 -2.471986E+03  6.108611E+03
  8.000000E+00     3    23  1.157915E+05  5.018677E+04
  8.000000E+00     3    24  5.845982E+04  9.734008E+03
  8.000000E+00     3    25  6.932712E+01 -2.320092E+02
  8.000000E+00     3    26  3.855034E+01  6.862670E-01
  8.000000E+00     3    27  5.863534E+01 -1.891953E+01
  8.000000E+00     3    28  2.471991E+02  3.365900E+00
  8.000000E+00     3    29 -4.505779E+02  1.484592E+03
  8.000000E+00     3    30 -3.805715E+00  1.646165E+00
  8.000000E+00     4     1 -1.404104E+05 -1.492622E+04
  8.000000E+00     4     2  8.799538E+04  2.439810E+04
  8.000000E+00     4     3 -3.025718E+04  6.619088E+02
  8.000000E+00     4     4  1.184013E+06  1.981523E+05
  8.000000E+00     4     5  2.086773E+06  1.251031E+05
  8.000000E+00     4     6  5.799727E+04  4.737181E+03
  8.000000E+00     4     7 -4.066293E+03  2.321124E+03
  8.000000E+00     4     8  9.090760E+02 -1.033193E+03
  8.000000E+00     4     9 -1.405112E+02  3.015555E+02
  8.000000E+00     4    10  7.863671E+03 -9.198538E+03
  8.000000E+00     4    11  3.579649E+04 -2.011946E+04
  8.000000E+00     4    12  1.594713E+02 -2.536009E+02
  8.000000E+00     4    13  5.591504E+03  1.633679E+04
  8.000000E+00     4    14  1.926126E+03  9.752077E+03
  8.000000E+00     4    15  9.350901E+02  2.455398E+02
  8.000000E+00     4    16  1.728385E+04  8.415447E+04
  8.000000E+00     4    17 -4.651506E+04 -1.467977E+05
  8.000000E+00     4    18  6.180239E+02  2.040533E+03
  8.000000E+00     4    19  6.120244E+04  1.862775E+03
  8.000000E+00     4    20  4.161638E+03  3.756275E+03
  8.000000E+00     4    21 -2.954103E+04 -1.996828E+03
  8.000000E+00     4    22 -8.060886E+03 -1.931290E+05
  8.000000E+00     4    23 -1.212243E+06 -8.159139E+05
  8.000000E+00     4    24 -9.083959E+04 -2.195062E+05
  8.000000E+00     4    25 -1.423505E+03  3.907928E+03
  8.000000E+00     4    26 -1.028561E+03 -1.597248E+02
  8.000000E+00     4    27 -1.005963E+03  2.710661E+02
  8.000000E+00     4    28 -6.592044E+03 -1.028762E+03
  8.000000E+00     4    29  9.182242E+03 -2.500538E+04
  8.000000E+00     4    30  6.866174E+01 -2.451072E+01
  8.000000E+00     5     1  1.739128E+05  3.190234E+04
  8.000000E+00     5     2 -7.137719E+04 -2.938137E+04
  8.000000E+00     5     3  5.936144E+04 -3.347258E+02
  8.000000E+00     5     4 -9.426895E+05 -2.345861E+05
  8.000000E+00     5     5 -2.466087E+06 -3.000532E+05
  8.000000E+00     5     6 -1.406442E+05 -7.768096E+03
  8.000000E+00     5     7  6.441184E+03 -9.878683E+03
  8.000000E+00     5     8 -2.473871E+03  5.021058E+03
  8.000000E+00     5     9 -8.041723E+01 -6.710754E+02
  8.000000E+00     5    10 -2.109112E+04  4.394877E+04
  8.000000E+00     5    11 -5.780314E+04  8.713452E+04
  8.000000E+00     5    12 -4.042039E+02  1.125015E+03
  8.000000E+00     5    13 -7.368969E+03 -2.622764E+04
  8.000000E+00     5    14 -2.123309E+03 -1.526546E+04
  8.000000E+00     5    15 -1.402013E+03 -4.813373E+02
  8.000000E+00     5    16 -1.928987E+04 -1.317801E+05
  8.000000E+00     5    17  6.065286E+04  2.353864E+05
  8.000000E+00     5    18 -7.602897E+02 -3.236833E+03
  8.000000E+00     5    19 -3.543023E+04 -5.409812E+03
  8.000000E+00     5    20 -3.073670E+04 -5.777571E+03
  8.000000E+00     5    21  6.790129E+04  5.914375E+03
  8.000000E+00     5    22 -5.617913E+04  2.171385E+05
  8.000000E+00     5    23  2.586618E+06  1.613085E+06
  8.000000E+00     5    24  1.405360E+06  3.157992E+05
  8.000000E+00     5    25  2.929598E+03 -7.325422E+03
  8.000000E+00     5    26  1.354553E+03  2.960261E+01
  8.000000E+00     5    27  1.915103E+03 -5.025197E+02
  8.000000E+00     5    28  8.690191E+03  1.654745E+02
  8.000000E+00     5    29 -1.884709E+04  4.689213E+04
  8.000000E+00     5    30 -1.311476E+02  4.530359E+01
  8.000000E+00     6     1  4.828038E+03  1.107871E+03
  8.000000E+00     6     2 -2.824131E+03 -5.814670E+02
  8.000000E+00     6     3  1.488611E+03  2.943255E+01
  8.000000E+00     6     4 -4.407770E+04 -4.588357E+03
  8.000000E+00     6     5 -6.709005E+04 -1.109526E+04
  8.000000E+00     6     6  4.069165E+02 -2.248895E+02
  8.000000E+00     6     7  9.183258E+01 -3.422079E+02
  8.000000E+00     6     8 -1.816997E+01  1.885147E+02
  8.000000E+00     6     9 -8.122771E+00 -1.597145E+01
  8.000000E+00     6    10 -1.550311E+02  1.643598E+03
  8.000000E+00     6    11 -8.458243E+02  3.042565E+03
  8.000000E+00     6    12  3.929972E-01  4.029562E+01
  8.000000E+00     6    13 -1.594406E+02 -6.716221E+02
  8.000000E+00     6    14 -6.278171E+01 -3.913646E+02
  8.000000E+00     6    15 -3.475732E+01 -1.367847E+01
  8.000000E+00     6    16 -5.813688E+02 -3.377777E+03
  8.000000E+00     6    17  1.284731E+03  6.032619E+03
  8.000000E+00     6    18 -2.077954E+01 -8.314601E+01
  8.000000E+00     6    19 -6.841854E+02 -2.204959E+02
  8.000000E+00     6    20  1.263333E+03 -1.395156E+02
  8.000000E+00     6    21  1.606756E+03  1.858435E+02
  8.000000E+00     6    22  6.084509E+03  4.243635E+03
  8.000000E+00     6    23  6.147263E+04  4.731641E+04
  8.000000E+00     6    24 -7.414376E+04  7.792359E+03
  8.000000E+00     6    25  7.925323E+01 -2.120589E+02
  8.000000E+00     6    26  2.602010E+01  2.033647E+00
  8.000000E+00     6    27  5.485087E+01 -1.453833E+01
  8.000000E+00     6    28  1.672029E+02  1.133944E+01
  8.000000E+00     6    29 -5.098378E+02  1.356828E+03
  8.000000E+00     6    30 -3.760139E+00  1.301103E+00
  8.000000E+00     7     1 -3.678696E+02 -8.535508E+02
  8.000000E+00     7     2 -1.557547E+02 -2.906482E+02
  8.000000E+00     7     3 -7.267915E+01 -5.833476E+01
  8.000000E+00     7     4 -1.257929E+03 -2.547757E+03
  8.000000E+00     7     5  4.653590E+03  9.504074E+03
  8.000000E+00     7     6  5.806028E+01  8.853211E+01
  8.000000E+00     7     7  2.744871E+04  1.320820E+03
  8.000000E+00     7     8  1.202418E+03 -1.333605E+02
  8.000000E+00     7     9  3.591713E+02  7.275193E+01
  8.000000E+00     7    10  2.910380E+04 -1.163203E+03
  8.000000E+00     7    11 -4.596704E+05 -1.156951E+04
  8.000000E+00     7    12 -4.945909E+03 -2.315908E+01
  8.000000E+00     7    13 -1.550961E+02 -4.740380E+02
  8.000000E+00     7    14  1.504197E+02  3.361078E+02
  8.000000E+00     7    15 -2.397148E+01 -8.512806E+00
  8.000000E+00     7    16  1.409212E+03  3.031317E+03
  8.000000E+00     7    17  1.587875E+03  4.399032E+03
  8.000000E+00     7    18  2.323487E+01  4.973333E+01
  8.000000E+00     7    19  9.677813E+03  2.022439E+02
  8.000000E+00     7    20  2.094064E+04  2.276883E+02
  8.000000E+00     7    21  3.130359E+02 -1.584996E+01
  8.000000E+00     7    22  8.506341E+04  4.198267E+04
  8.000000E+00     7    23 -3.109028E+04 -2.954830E+04
  8.000000E+00     7    24  1.190461E+05 -1.559541E+03
  8.000000E+00     7    25 -3.962621E+01  1.261544E+02
  8.000000E+00     7    26 -6.503217E+01  2.140470E+02
  8.000000E+00     7    27  5.955015E+01 -1.604590E+01
  8.000000E+00     7    28 -4.176853E+02  1.374674E+03
  8.000000E+00     7    29  2.542469E+02 -8.140997E+02
  8.000000E+00     7    30 -4.092681E+00  1.047261E+00
  8.000000E+00     8     1  2.606397E+02  5.698657E+02
  8.000000E+00     8     2  1.353929E+01  1.822064E+02
  8.000000E+00     8     3  4.904617E+01  3.955819E+01
  8.000000E+00     8     4  3.850807E+01  1.546607E+03
  8.000000E+00     8     5 -3.111144E+03 -6.325658E+03
  8.000000E+00     8     6 -4.783247E+01 -5.954931E+01
  8.000000E+00     8     7 -4.721510E+03 -3.453633E+01
  8.000000E+00     8     8  5.648149E+03  1.220266E+03
  8.000000E+00     8     9 -5.467006E+01  5.349928E+00
  8.000000E+00     8    10  6.810781E+04  1.056513E+04
  8.000000E+00     8    11  8.358595E+04  5.289657E+02
  8.000000E+00     8    12  1.870183E+02  2.484180E+02
  8.000000E+00     8    13 -1.768364E+02 -3.454650E+02
  8.000000E+00     8    14  5.601281E+01  1.927295E+02
  8.000000E+00     8    15 -2.300091E+01 -2.483502E+00
  8.000000E+00     8    16  5.581543E+02  1.738854E+03
  8.000000E+00     8    17  1.654991E+03  3.166898E+03
  8.000000E+00     8    18  5.721662E+00  2.686023E+01
  8.000000E+00     8    19 -3.699356E+03  3.590829E+01
  8.000000E+00     8    20 -3.131339E+03 -1.122789E+02
  8.000000E+00     8    21  1.375049E+01  5.569339E+01
  8.000000E+00     8    22 -9.021710E+03  3.405967E+03
  8.000000E+00     8    23  8.898118E+03  1.181881E+04
  8.000000E+00     8    24  8.707000E+04 -6.599967E+03
  8.000000E+00     8    25 -2.409498E+01 -1.864008E+01
  8.000000E+00     8    26  3.003743E+01  4.450236E+00
  8.000000E+00     8    27 -1.072369E+00 -2.892852E-01
  8.000000E+00     8    28  1.920239E+02  2.924421E+01
  8.000000E+00     8    29  1.523110E+02  1.215954E+02
  8.000000E+00     8    30  9.003943E-02  8.804887E-02
  8.000000E+00     9     1 -5.366297E+01 -1.884108E+01
  8.000000E+00     9     2 -1.864602E+01 -3.547741E+00
  8.000000E+00     9     3 -3.353484E+00  9.575617E-01
  8.000000E+00     9     4 -1.576963E+02 -3.696256E+01
  8.000000E+00     9     5  6.445616E+02  1.837969E+02
  8.000000E+00     9     6  7.517257E+00  1.284897E+00
  8.000000E+00     9     7  1.891884E+02  8.201997E+01
  8.000000E+00     9     8 -1.282588E+01 -2.470378E+00
  8.000000E+00     9     9  1.658238E+03  8.151068E+00
  8.000000E+00     9    10 -2.653486E+02 -2.258266E+01
  8.000000E+00     9    11 -1.768364E+03 -7.012689E+02
  8.000000E+00     9    12  3.862356E+01  7.697552E-03
  8.000000E+00     9    13 -2.937925E+01 -1.076511E+01
  8.000000E+00     9    14  2.407819E+01  6.042248E+00
  8.000000E+00     9    15  1.506623E+00  1.031557E+00
  8.000000E+00     9    16  2.209801E+02  5.151964E+01
  8.000000E+00     9    17  2.831703E+02  9.276742E+01
  8.000000E+00     9    18  3.855713E+00  8.531746E-01
  8.000000E+00     9    19  2.451235E+01  8.544824E+00
  8.000000E+00     9    20 -7.326571E+00  1.313077E+01
  8.000000E+00     9    21  6.030685E+02  1.631721E+01
  8.000000E+00     9    22  2.052806E+04  1.933617E+03
  8.000000E+00     9    23 -1.227355E+04 -1.318423E+03
  8.000000E+00     9    24 -1.156729E+03 -5.949055E+01
  8.000000E+00     9    25  4.635317E+00  7.676056E+00
  8.000000E+00     9    26  8.306553E+00  1.220715E+01
  8.000000E+00     9    27  2.253036E+00 -3.445049E+00
  8.000000E+00     9    28  5.060585E+01  7.827276E+01
  8.000000E+00     9    29 -2.824612E+01 -4.935651E+01
  8.000000E+00     9    30  1.037846E-02  2.412052E-01
  8.000000E+00    10     1  1.952472E+03  5.200709E+03
  8.000000E+00    10     2  2.964872E+01  1.668333E+03
  8.000000E+00    10     3  4.110276E+02  3.811674E+02
  8.000000E+00    10     4 -4.339603E+02  1.414394E+04
  8.000000E+00    10     5 -2.363238E+04 -5.794130E+04
  8.000000E+00    10     6 -3.840251E+02 -5.522146E+02
  8.000000E+00    10     7 -8.457748E+04 -4.397928E+02
  8.000000E+00    10     8  7.016217E+04  1.032254E+04
  8.000000E+00    10     9 -7.709079E+02  6.335820E+01
  8.000000E+00    10    10  1.030336E+06  8.936900E+04
  8.000000E+00    10    11  1.500774E+06  5.886943E+03
  8.000000E+00    10    12  3.722932E+02  2.101238E+03
  8.000000E+00    10    13 -1.540693E+03 -2.755784E+03
  8.000000E+00    10    14  5.399758E+02  1.502335E+03
  8.000000E+00    10    15 -1.902213E+02 -1.371506E+01
  8.000000E+00    10    16  5.292180E+03  1.353937E+04
  8.000000E+00    10    17  1.438385E+04  2.520418E+04
  8.000000E+00    10    18  5.918927E+01  2.076680E+02
  8.000000E+00    10    19 -6.631389E+04  2.140944E+02
  8.000000E+00    10    20 -5.577940E+04 -9.722662E+02
  8.000000E+00    10    21  4.346574E+01  5.545602E+02
  8.000000E+00    10    22 -1.641717E+05  1.911916E+04
  8.000000E+00    10    23  1.548691E+05  1.086231E+05
  8.000000E+00    10    24  1.619458E+06 -5.491115E+04
  8.000000E+00    10    25 -1.558621E+02 -1.863484E+02
  8.000000E+00    10    26  3.292763E+02  8.694229E+00
  8.000000E+00    10    27 -2.772096E+01 -1.347084E+01
  8.000000E+00    10    28  2.106652E+03  6.014534E+01
  8.000000E+00    10    29  9.782528E+02  1.213414E+03
  8.000000E+00    10    30  2.021518E+00  1.559877E+00
  8.000000E+00    11     1  3.355491E+03  7.619977E+03
  8.000000E+00    11     2  1.286246E+03  2.589667E+03
  8.000000E+00    11     3  6.450947E+02  5.203115E+02
  8.000000E+00    11     4  1.030907E+04  2.264784E+04
  8.000000E+00    11     5 -4.224296E+04 -8.485057E+04
  8.000000E+00    11     6 -5.411743E+02 -7.907145E+02
  8.000000E+00    11     7 -4.676844E+05 -1.094008E+04
  8.000000E+00    11     8 -2.538841E+04  2.215729E+03
  8.000000E+00    11     9 -4.384339E+03 -5.814246E+02
  8.000000E+00    11    10 -5.885038E+05  1.925642E+04
  8.000000E+00    11    11  8.182447E+06  9.611369E+04
  8.000000E+00    11    12  9.289172E+04  4.219225E+02
  8.000000E+00    11    13  9.445906E+02  3.717030E+03
  8.000000E+00    11    14 -1.068479E+03 -2.671240E+03
  8.000000E+00    11    15  1.727032E+02  8.038393E+01
  8.000000E+00    11    16 -1.002114E+04 -2.411646E+04
  8.000000E+00    11    17 -1.000407E+04 -3.455604E+04
  8.000000E+00    11    18 -1.688317E+02 -3.961415E+02
  8.000000E+00    11    19 -1.737072E+05 -1.609958E+03
  8.000000E+00    11    20 -3.843471E+05 -2.005485E+03
  8.000000E+00    11    21 -6.989817E+03  1.817699E+02
  8.000000E+00    11    22 -1.545191E+06 -3.476122E+05
  8.000000E+00    11    23  5.500894E+05  2.555476E+05
  8.000000E+00    11    24 -2.350076E+06  6.892117E+03
  8.000000E+00    11    25  3.146211E+02 -1.047439E+03
  8.000000E+00    11    26  5.927092E+02 -1.780019E+03
  8.000000E+00    11    27 -4.981149E+02  1.284520E+02
  8.000000E+00    11    28  3.818922E+03 -1.143124E+04
  8.000000E+00    11    29 -2.026528E+03  6.762861E+03
  8.000000E+00    11    30  3.372944E+01 -8.297869E+00
  8.000000E+00    12     1  9.798072E+01  6.371113E+01
  8.000000E+00    12     2  1.783952E+01  1.946122E+01
  8.000000E+00    12     3  1.182657E+01  1.072424E+00
  8.000000E+00    12     4  1.415506E+02  1.686740E+02
  8.000000E+00    12     5 -1.110871E+03 -6.731375E+02
  8.000000E+00    12     6 -1.339921E+01 -5.287104E+00
  8.000000E+00    12     7  3.301991E+03  2.294888E+01
  8.000000E+00    12     8 -7.365735E+02  2.613137E+02
  8.000000E+00    12     9  1.472430E+02 -9.261456E-01
  8.000000E+00    12    10 -1.473120E+04  2.263302E+03
  8.000000E+00    12    11 -5.538217E+04 -1.690557E+02
  8.000000E+00    12    12  3.607995E+03  5.347839E+01
  8.000000E+00    12    13 -3.912814E+01 -1.032710E+02
  8.000000E+00    12    14  8.121312E+00  6.214585E+01
  8.000000E+00    12    15 -6.277606E+00 -1.363287E+00
  8.000000E+00    12    16  8.849137E+01  5.624506E+02
  8.000000E+00    12    17  3.713194E+02  9.549541E+02
  8.000000E+00    12    18  4.450676E-01  8.889916E+00
  8.000000E+00    12    19  3.137923E+03  2.277492E+01
  8.000000E+00    12    20  1.712925E+03 -1.978659E+01
  8.000000E+00    12    21  1.831837E+01  2.676208E-01
  8.000000E+00    12    22  2.147380E+03  2.500224E+03
  8.000000E+00    12    23 -5.071570E+03  1.222289E+03
  8.000000E+00    12    24 -1.010580E+05 -1.564245E+03
  8.000000E+00    12    25 -1.364874E+01  8.734019E-01
  8.000000E+00    12    26 -3.814795E+00  6.737146E+00
  8.000000E+00    12    27  2.907556E+00  1.362674E+00
  8.000000E+00    12    28 -2.491321E+01  4.360806E+01
  8.000000E+00    12    29  8.714295E+01 -5.304542E+00
  8.000000E+00    12    30 -1.850359E-01 -8.679581E-02
  8.000000E+00    13     1  4.559237E+00 -7.758068E+02
  8.000000E+00    13     2  9.802048E+01  3.998936E+02
  8.000000E+00    13     3 -1.020525E+00 -2.631812E+01
  8.000000E+00    13     4  6.031776E+02  3.267819E+03
  8.000000E+00    13     5 -5.217635E+02  7.848289E+03
  8.000000E+00    13     6 -1.879701E+00  1.606708E+02
  8.000000E+00    13     7 -1.807452E+02 -7.654408E+02
  8.000000E+00    13     8 -1.776888E+02 -4.820918E+02
  8.000000E+00    13     9 -4.098249E+01 -1.674010E+01
  8.000000E+00    13    10 -1.542167E+03 -4.185519E+03
  8.000000E+00    13    11  1.400892E+03  6.732896E+03
  8.000000E+00    13    12 -5.335838E+01 -9.835742E+01
  8.000000E+00    13    13  4.804077E+03  1.769287E+03
  8.000000E+00    13    14  2.989689E+03 -2.291039E+02
  8.000000E+00    13    15  1.676161E+03  8.282874E+01
  8.000000E+00    13    16  4.175729E+04 -2.284634E+03
  8.000000E+00    13    17  9.959597E+03 -1.619397E+04
  8.000000E+00    13    18 -6.651147E+02  4.772799E-01
  8.000000E+00    13    19  2.759040E+03  2.009085E+02
  8.000000E+00    13    20  2.576606E+03 -1.911973E+02
  8.000000E+00    13    21  9.351913E+02  6.672054E+01
  8.000000E+00    13    22  2.097749E+04 -5.857280E+04
  8.000000E+00    13    23  1.237581E+04 -3.341772E+04
  8.000000E+00    13    24  2.014877E+05 -2.586407E+03
  8.000000E+00    13    25 -6.211090E+01  1.620387E+02
  8.000000E+00    13    26  9.488882E+01 -2.884511E+02
  8.000000E+00    13    27  8.569820E+01 -1.869247E+01
  8.000000E+00    13    28  6.076633E+02 -1.848253E+03
  8.000000E+00    13    29  3.925563E+02 -1.025362E+03
  8.000000E+00    13    30 -5.868932E+00  1.104854E+00
  8.000000E+00    14     1 -1.758958E+02 -4.039494E+02
  8.000000E+00    14     2  1.800387E+01  2.140400E+02
  8.000000E+00    14     3 -2.402193E+01 -9.160987E+00
  8.000000E+00    14     4  1.215442E+02  1.784136E+03
  8.000000E+00    14     5  1.737940E+03  4.040859E+03
  8.000000E+00    14     6  2.308714E+01  8.118673E+01
  8.000000E+00    14     7  1.597941E+02  3.187761E+02
  8.000000E+00    14     8  3.444951E+01  1.999724E+02
  8.000000E+00    14     9  2.271144E+01  2.344995E+00
  8.000000E+00    14    10  3.038247E+02  1.735948E+03
  8.000000E+00    14    11 -1.316213E+03 -2.807027E+03
  8.000000E+00    14    12  1.383993E+01  3.975952E+01
  8.000000E+00    14    13  5.861156E+03 -2.489382E+01
  8.000000E+00    14    14  5.978468E+03  1.230222E+03
  8.000000E+00    14    15 -1.614853E+02 -2.313455E-01
  8.000000E+00    14    16  7.802802E+04  1.089311E+04
  8.000000E+00    14    17 -1.128828E+05  5.946824E+02
  8.000000E+00    14    18 -1.168687E+03  2.102260E+02
  8.000000E+00    14    19  4.685551E+03 -9.332281E+01
  8.000000E+00    14    20 -3.998939E+03 -1.260832E+01
  8.000000E+00    14    21  9.251118E+00 -1.416030E+01
  8.000000E+00    14    22 -1.976756E+04  3.982745E+03
  8.000000E+00    14    23 -1.961981E+04 -9.325598E+03
  8.000000E+00    14    24  1.116670E+05 -8.096162E+03
  8.000000E+00    14    25  3.141000E+01  1.546528E+01
  8.000000E+00    14    26  2.371515E+01  4.663298E+00
  8.000000E+00    14    27  1.139344E+00 -2.500512E-02
  8.000000E+00    14    28  1.519235E+02  3.151157E+01
  8.000000E+00    14    29 -2.013111E+02 -1.014446E+02
  8.000000E+00    14    30 -1.263111E-01 -2.586268E-02
  8.000000E+00    15     1 -3.091740E+01 -1.496667E+01
  8.000000E+00    15     2  2.092134E+01  3.218894E+00
  8.000000E+00    15     3  1.901173E+00 -2.363451E-01
  8.000000E+00    15     4  1.685351E+02  3.356480E+01
  8.000000E+00    15     5  3.079657E+02  1.747365E+02
  8.000000E+00    15     6  7.044205E+00  3.235958E+00
  8.000000E+00    15     7 -2.906953E+01 -9.829688E+00
  8.000000E+00    15     8 -2.308800E+01 -2.195781E+00
  8.000000E+00    15     9  1.288959E+00  1.267966E+00
  8.000000E+00    15    10 -2.017817E+02 -1.925102E+01
  8.000000E+00    15    11  2.523401E+02  9.389171E+01
  8.000000E+00    15    12 -5.259447E+00  2.132471E-01
  8.000000E+00    15    13  1.752325E+02  7.712584E+01
  8.000000E+00    15    14  1.533665E+01 -2.941335E+00
  8.000000E+00    15    15  1.620229E+03  8.031775E+00
  8.000000E+00    15    16  4.237312E+02 -3.916504E+01
  8.000000E+00    15    17 -2.646229E+03 -6.946760E+02
  8.000000E+00    15    18  1.384829E+01  1.648872E+00
  8.000000E+00    15    19  2.230801E+01  9.784425E+00
  8.000000E+00    15    20 -6.228417E+00 -1.519030E+01
  8.000000E+00    15    21  6.039215E+02  1.599019E+01
  8.000000E+00    15    22 -2.152083E+04 -1.631815E+03
  8.000000E+00    15    23 -1.260552E+04 -9.815048E+02
  8.000000E+00    15    24  6.633430E+02 -1.363719E+02
  8.000000E+00    15    25  5.361746E+00  5.973643E+00
  8.000000E+00    15    26 -9.790814E+00 -1.078512E+01
  8.000000E+00    15    27  1.832259E+00 -3.644230E+00
  8.000000E+00    15    28 -5.994887E+01 -6.893255E+01
  8.000000E+00    15    29 -3.228783E+01 -3.764029E+01
  8.000000E+00    15    30  3.238264E-02  2.564012E-01
  8.000000E+00    16     1 -1.343695E+03 -3.507241E+03
  8.000000E+00    16     2  8.082818E+01  1.854003E+03
  8.000000E+00    16     3 -2.024063E+02 -8.451005E+01
  8.000000E+00    16     4  4.142066E+02  1.542509E+04
  8.000000E+00    16     5  1.321572E+04  3.503739E+04
  8.000000E+00    16     6  1.652543E+02  7.028708E+02
  8.000000E+00    16     7  1.323005E+03  2.563625E+03
  8.000000E+00    16     8  3.009503E+02  1.602683E+03
  8.000000E+00    16     9  1.830962E+02  1.668397E+01
  8.000000E+00    16    10  2.658179E+03  1.391230E+04
  8.000000E+00    16    11 -1.091094E+04 -2.258258E+04
  8.000000E+00    16    12  1.162570E+02  3.172311E+02
  8.000000E+00    16    13  1.024685E+05 -8.925697E+01
  8.000000E+00    16    14  7.621670E+04  1.023417E+04
  8.000000E+00    16    15 -2.840211E+03 -9.535278E+00
  8.000000E+00    16    16  1.208716E+06  9.060149E+04
  8.000000E+00    16    17 -1.971375E+06  3.820960E+03
  8.000000E+00    16    18 -2.372582E+04  1.749838E+03
  8.000000E+00    16    19  8.318573E+04 -7.474807E+02
  8.000000E+00    16    20 -6.904611E+04 -9.753085E+01
  8.000000E+00    16    21  1.830815E+02 -1.096787E+02
  8.000000E+00    16    22 -3.430482E+05  2.654765E+04
  8.000000E+00    16    23 -3.398223E+05 -8.268961E+04
  8.000000E+00    16    24  2.081875E+06 -6.788011E+04
  8.000000E+00    16    25  2.396117E+02  1.526603E+02
  8.000000E+00    16    26  2.297289E+02  1.587870E+01
  8.000000E+00    16    27  2.016434E+01  2.209865E+00
  8.000000E+00    16    28  1.468423E+03  1.147832E+02
  8.000000E+00    16    29 -1.538788E+03 -9.966796E+02
  8.000000E+00    16    30 -1.949068E+00 -4.290166E-01
  8.000000E+00    17     1 -9.016246E+02  8.385603E+03
  8.000000E+00    17     2 -5.349333E+02 -4.279455E+03
  8.000000E+00    17     3 -3.823928E+01  3.075988E+02
  8.000000E+00    17     4 -2.157293E+03 -3.482557E+04
  8.000000E+00    17     5  1.398647E+04 -8.449752E+04
  8.000000E+00    17     6  1.982437E+02 -1.718418E+03
  8.000000E+00    17     7  1.800014E+03  8.950943E+03
  8.000000E+00    17     8  1.572353E+03  5.616253E+03
  8.000000E+00    17     9  4.518719E+02  2.128659E+02
  8.000000E+00    17    10  1.369473E+04  4.876784E+04
  8.000000E+00    17    11 -1.368737E+04 -7.861799E+04
  8.000000E+00    17    12  5.194692E+02  1.157917E+03
  8.000000E+00    17    13 -5.348999E+04 -1.877505E+04
  8.000000E+00    17    14 -5.082088E+04  3.838216E+03
  8.000000E+00    17    15 -2.951127E+04 -7.693806E+02
  8.000000E+00    17    16 -6.922821E+05  3.666420E+04
  8.000000E+00    17    17 -4.449334E+05  1.726413E+05
  8.000000E+00    17    18  7.559623E+03  2.476866E+02
  8.000000E+00    17    19 -4.690648E+04 -2.299608E+03
  8.000000E+00    17    20 -4.491414E+04  1.907483E+03
  8.000000E+00    17    21 -1.757396E+04 -8.276431E+02
  8.000000E+00    17    22 -4.381129E+05  6.529336E+05
  8.000000E+00    17    23 -2.628448E+05  3.630441E+05
  8.000000E+00    17    24 -3.447378E+06  1.920655E+04
  8.000000E+00    17    25  8.072932E+02 -1.769788E+03
  8.000000E+00    17    26 -1.167573E+03  3.133428E+03
  8.000000E+00    17    27 -9.554241E+02  1.754936E+02
  8.000000E+00    17    28 -7.490430E+03  2.008224E+04
  8.000000E+00    17    29 -5.119950E+03  1.119916E+04
  8.000000E+00    17    30  6.418783E+01 -9.941853E+00
  8.000000E+00    18     1 -7.047504E+01 -6.592475E+01
  8.000000E+00    18     2  1.971290E+01  3.484550E+01
  8.000000E+00    18     3 -6.294375E+00 -3.652589E-01
  8.000000E+00    18     4  1.622728E+02  2.960603E+02
  8.000000E+00    18     5  7.124979E+02  6.704252E+02
  8.000000E+00    18     6  1.177373E+01  1.353766E+01
  8.000000E+00    18     7  4.499383E+01  9.829100E+01
  8.000000E+00    18     8  1.101143E+01  6.220543E+01
  8.000000E+00    18     9  7.138224E+00  9.440771E-01
  8.000000E+00    18    10  9.530291E+01  5.400328E+02
  8.000000E+00    18    11 -3.693184E+02 -8.656026E+02
  8.000000E+00    18    12  4.263566E+00  1.254507E+01
  8.000000E+00    18    13 -4.287480E+03 -3.981264E+01
  8.000000E+00    18    14 -2.797991E+02  2.921582E+02
  8.000000E+00    18    15  5.432920E+01  7.186529E-01
  8.000000E+00    18    16 -8.477025E+03  2.593065E+03
  8.000000E+00    18    17  7.909676E+04  4.615110E+02
  8.000000E+00    18    18  3.876774E+03  4.955207E+01
  8.000000E+00    18    19 -3.405099E+03 -2.889270E+01
  8.000000E+00    18    20  2.866965E+03 -2.940499E+00
  8.000000E+00    18    21 -4.239864E+01 -4.130846E+00
  8.000000E+00    18    22  1.273145E+04  2.597776E+03
  8.000000E+00    18    23  1.153751E+04 -1.182648E+03
  8.000000E+00    18    24 -8.227641E+04 -1.809569E+03
  8.000000E+00    18    25  1.319528E+01 -1.676618E+00
  8.000000E+00    18    26 -4.172391E-01  7.268722E+00
  8.000000E+00    18    27 -2.359125E+00 -4.552613E-01
  8.000000E+00    18    28 -2.495890E+00  4.707197E+01
  8.000000E+00    18    29 -8.388462E+01  9.891847E+00
  8.000000E+00    18    30  1.616693E-01  3.487964E-02
  8.000000E+00    19     1  2.196170E+04  3.472715E+03
  8.000000E+00    19     2 -5.243314E+03 -2.516623E+03
  8.000000E+00    19     3  4.977702E+03  3.412549E+01
  8.000000E+00    19     4 -6.342917E+04 -2.008499E+04
  8.000000E+00    19     5 -3.230533E+05 -3.367162E+04
  8.000000E+00    19     6 -1.291089E+04 -7.722069E+02
  8.000000E+00    19     7  1.614596E+04 -1.195023E+03
  8.000000E+00    19     8 -9.391689E+02  6.194688E+02
  8.000000E+00    19     9  1.412554E+02 -6.058035E+01
  8.000000E+00    19    10 -1.071064E+04  5.402921E+03
  8.000000E+00    19    11 -2.843170E+05  1.060678E+04
  8.000000E+00    19    12 -1.573978E+03  1.352062E+02
  8.000000E+00    19    13  4.900850E+03 -2.247222E+03
  8.000000E+00    19    14  2.796065E+03 -1.775937E+03
  8.000000E+00    19    15  4.847910E+02 -3.681158E+01
  8.000000E+00    19    16  4.934193E+04 -1.544015E+04
  8.000000E+00    19    17 -6.965280E+04  2.001840E+04
  8.000000E+00    19    18 -2.368366E+03 -3.578340E+02
  8.000000E+00    19    19  1.127600E+04 -5.316188E+02
  8.000000E+00    19    20  7.158099E+03 -5.662502E+02
  8.000000E+00    19    21  6.877247E+03  5.900591E+02
  8.000000E+00    19    22  3.484284E+04  1.022745E+04
  8.000000E+00    19    23  2.463467E+05  1.538445E+05
  8.000000E+00    19    24  3.519076E+05  2.986844E+04
  8.000000E+00    19    25  2.286029E+02 -6.796517E+02
  8.000000E+00    19    26  1.242069E+02 -3.334178E+01
  8.000000E+00    19    27  2.100676E+02 -5.014513E+01
  8.000000E+00    19    28  7.868172E+02 -2.171488E+02
  8.000000E+00    19    29 -1.698621E+03  4.352819E+03
  8.000000E+00    19    30 -1.399591E+01  4.456799E+00
  8.000000E+00    20     1  1.528983E+04  2.300873E+03
  8.000000E+00    20     2 -4.610540E+03 -1.580008E+03
  8.000000E+00    20     3  3.311985E+03  4.369920E+01
  8.000000E+00    20     4 -6.171042E+04 -1.263324E+04
  8.000000E+00    20     5 -2.283259E+05 -2.256221E+04
  8.000000E+00    20     6 -5.589658E+03 -5.091349E+02
  8.000000E+00    20     7  1.832736E+04 -3.197504E+02
  8.000000E+00    20     8  1.819677E+03  2.274704E+02
  8.000000E+00    20     9  1.110956E+02 -2.089331E+01
  8.000000E+00    20    10  3.924828E+04  1.995399E+03
  8.000000E+00    20    11 -3.272121E+05  2.833054E+03
  8.000000E+00    20    12 -4.867564E+03  5.099712E+01
  8.000000E+00    20    13  2.638466E+03 -1.878368E+03
  8.000000E+00    20    14 -2.120107E+03 -8.546433E+02
  8.000000E+00    20    15 -1.487545E+03 -4.506556E+01
  8.000000E+00    20    16 -2.452507E+04 -7.317208E+03
  8.000000E+00    20    17 -1.109120E+05  1.695430E+04
  8.000000E+00    20    18 -3.221061E+02 -1.903446E+02
  8.000000E+00    20    19 -8.958341E+01 -4.743333E+02
  8.000000E+00    20    20  1.555425E+04 -2.035688E+02
  8.000000E+00    20    21  2.904129E+03  3.151557E+02
  8.000000E+00    20    22  7.783042E+03  3.099695E+04
  8.000000E+00    20    23  9.594910E+04  1.028637E+05
  8.000000E+00    20    24  6.296466E+04  1.954534E+04
  8.000000E+00    20    25  1.971058E+02 -4.723399E+02
  8.000000E+00    20    26  1.202537E+01  1.115857E+02
  8.000000E+00    20    27  9.212680E+01 -2.598745E+01
  8.000000E+00    20    28  2.962674E+02  7.121619E+02
  8.000000E+00    20    29 -1.264342E+03  3.018147E+03
  8.000000E+00    20    30 -6.165595E+00  2.456476E+00
  8.000000E+00    21     1 -6.800685E+03 -7.517366E+02
  8.000000E+00    21     2  1.554238E+03  7.056014E+02
  8.000000E+00    21     3 -6.290150E+02  5.797269E+00
  8.000000E+00    21     4  1.863000E+04  5.850361E+03
  8.000000E+00    21     5  1.054710E+05  6.993323E+03
  8.000000E+00    21     6  3.061714E+03  1.779203E+02
  8.000000E+00    21     7 -3.891819E+00  2.695620E+02
  8.000000E+00    21     8  7.192403E+01 -1.193108E+02
  8.000000E+00    21     9  5.810668E+02  2.937903E+01
  8.000000E+00    21    10  9.689386E+02 -1.057891E+03
  8.000000E+00    21    11 -1.531849E+03 -2.381033E+03
  8.000000E+00    21    12 -1.719522E+01 -2.397098E+01
  8.000000E+00    21    13  3.914876E+02  6.699768E+02
  8.000000E+00    21    14  7.029474E+00  3.542325E+02
  8.000000E+00    21    15  6.571927E+02  2.502645E+01
  8.000000E+00    21    16 -6.115351E+02  3.045363E+03
  8.000000E+00    21    17 -4.325761E+03 -6.107378E+03
  8.000000E+00    21    18  9.591789E+01  7.623504E+01
  8.000000E+00    21    19  3.341719E+03  1.272349E+02
  8.000000E+00    21    20  7.727568E+02  1.109017E+02
  8.000000E+00    21    21  1.851449E+04  6.008348E+02
  8.000000E+00    21    22  2.418893E+03 -5.466523E+03
  8.000000E+00    21    23 -7.198333E+04 -3.763215E+04
  8.000000E+00    21    24 -4.342064E+04 -6.748628E+03
  8.000000E+00    21    25 -6.827317E+01  1.732968E+02
  8.000000E+00    21    26 -2.864230E+01 -2.759024E+00
  8.000000E+00    21    27 -1.317551E+01 -6.801372E+01
  8.000000E+00    21    28 -1.821765E+02 -1.666362E+01
  8.000000E+00    21    29  4.581324E+02 -1.107326E+03
  8.000000E+00    21    30 -8.836447E+00  4.656743E+00
  8.000000E+00    22     1  1.535368E+04  6.230898E+02
  8.000000E+00    22     2 -5.967721E+03 -1.076444E+04
  8.000000E+00    22     3  3.603115E+03 -4.117757E+02
  8.000000E+00    22     4 -8.191016E+04 -9.101034E+04
  8.000000E+00    22     5 -2.217758E+05  5.768761E+03
  8.000000E+00    22     6 -2.638521E+03 -1.454900E+03
  8.000000E+00    22     7  6.784806E+04  4.445928E+04
  8.000000E+00    22     8  1.070538E+04  5.474251E+03
  8.000000E+00    22     9  1.956981E+04  1.697834E+03
  8.000000E+00    22    10  2.056378E+05  4.737934E+04
  8.000000E+00    22    11 -1.207660E+06 -3.924185E+05
  8.000000E+00    22    12 -1.840833E+04  1.235777E+03
  8.000000E+00    22    13 -6.031967E+03 -4.869804E+04
  8.000000E+00    22    14  2.211825E+02  4.988086E+03
  8.000000E+00    22    15 -2.653159E+04 -1.730749E+03
  8.000000E+00    22    16  4.734957E+04  5.090274E+04
  8.000000E+00    22    17 -1.882197E+05  4.465538E+05
  8.000000E+00    22    18 -7.811746E+03 -1.538467E+02
  8.000000E+00    22    19  1.477611E+04  3.341719E+02
  8.000000E+00    22    20  3.499587E+04  1.169555E+04
  8.000000E+00    22    21  6.067258E+02 -3.584510E+02
  8.000000E+00    22    22  9.851406E+06  2.498733E+06
  8.000000E+00    22    23 -1.005153E+05  1.040238E+05
  8.000000E+00    22    24  6.222575E+05  4.884616E+04
  8.000000E+00    22    25  2.538856E+02 -6.008215E+02
  8.000000E+00    22    26 -3.197263E+03  1.259309E+04
  8.000000E+00    22    27 -2.907747E+00 -2.687867E+01
  8.000000E+00    22    28 -1.781996E+04  8.075484E+04
  8.000000E+00    22    29 -1.578322E+03  3.405249E+03
  8.000000E+00    22    30  9.121820E+00  4.904760E+00
  8.000000E+00    23     1 -3.902467E+05  1.941055E+04
  8.000000E+00    23     2  9.922241E+04  3.975462E+04
  8.000000E+00    23     3 -5.190646E+04  4.337254E+03
  8.000000E+00    23     4  1.219401E+06  3.277122E+05
  8.000000E+00    23     5  6.008728E+06 -2.715472E+05
  8.000000E+00    23     6  1.832042E+05  1.091640E+03
  8.000000E+00    23     7 -6.181178E+04 -1.056566E+04
  8.000000E+00    23     8  1.960522E+03  8.162556E+02
  8.000000E+00    23     9 -1.115138E+04 -6.788535E+01
  8.000000E+00    23    10  3.294788E+03  7.012478E+03
  8.000000E+00    23    11  1.040318E+06  9.456845E+04
  8.000000E+00    23    12  7.723442E+03 -1.140137E+01
  8.000000E+00    23    13 -8.347568E+03  9.304251E+03
  8.000000E+00    23    14 -1.423797E+03  1.424254E+04
  8.000000E+00    23    15 -1.277153E+04 -4.386812E+02
  8.000000E+00    23    16 -5.242201E+04  1.252669E+05
  8.000000E+00    23    17  1.243649E+05 -7.935120E+04
  8.000000E+00    23    18  3.568708E+03  2.591750E+03
  8.000000E+00    23    19  1.576853E+05 -1.112922E+04
  8.000000E+00    23    20  1.135832E+04  4.786492E+03
  8.000000E+00    23    21 -1.001076E+05 -3.547532E+03
  8.000000E+00    23    22 -1.393424E+05 -2.748953E+05
  8.000000E+00    23    23  5.492396E+06  3.170643E+05
  8.000000E+00    23    24 -2.773244E+06 -2.015718E+05
  8.000000E+00    23    25 -3.040556E+02 -1.441156E+03
  8.000000E+00    23    26 -1.962760E+03  1.898934E+02
  8.000000E+00    23    27 -2.820108E+03  8.236095E+02
  8.000000E+00    23    28 -1.259738E+04  1.086511E+03
  8.000000E+00    23    29  4.551332E+03  9.123451E+03
  8.000000E+00    23    30  1.913919E+02 -5.887887E+01
  8.000000E+00    24     1 -8.393015E+05 -1.147931E+05
  8.000000E+00    24     2  2.541835E+05  8.288942E+04
  8.000000E+00    24     3 -1.815726E+05 -1.348824E+03
  8.000000E+00    24     4  3.444789E+06  6.606289E+05
  8.000000E+00    24     5  1.249617E+07  1.112531E+06
  8.000000E+00    24     6  3.070949E+05  2.547977E+04
  8.000000E+00    24     7 -2.740560E+05  2.954820E+04
  8.000000E+00    24     8  9.533624E+04 -2.851751E+04
  8.000000E+00    24     9 -4.808812E+03  2.006841E+03
  8.000000E+00    24    10  1.621942E+06 -2.483904E+05
  8.000000E+00    24    11  4.649124E+06 -2.626991E+05
  8.000000E+00    24    12 -5.741280E+04 -6.056209E+03
  8.000000E+00    24    13  3.766436E+05  8.535355E+04
  8.000000E+00    24    14  1.041669E+05  3.560921E+04
  8.000000E+00    24    15 -4.959879E+03  1.476154E+03
  8.000000E+00    24    16  1.975264E+06  3.040050E+05
  8.000000E+00    24    17 -6.981460E+06 -7.715172E+05
  8.000000E+00    24    18 -1.130168E+05  8.062252E+03
  8.000000E+00    24    19  4.177914E+05  2.130059E+04
  8.000000E+00    24    20 -3.590531E+05  1.846978E+04
  8.000000E+00    24    21 -1.874733E+05 -1.773680E+04
  8.000000E+00    24    22 -1.542188E+06 -7.958529E+05
  8.000000E+00    24    23 -8.317174E+06 -5.205894E+06
  8.000000E+00    24    24  1.277967E+07 -8.629065E+05
  8.000000E+00    24    25 -9.028670E+03  2.372503E+04
  8.000000E+00    24    26 -3.459611E+03 -6.024221E+02
  8.000000E+00    24    27 -6.285256E+03  1.490521E+03
  8.000000E+00    24    28 -2.220376E+04 -3.772751E+03
  8.000000E+00    24    29  5.812192E+04 -1.518066E+05
  8.000000E+00    24    30  4.280870E+02 -1.368591E+02
  8.000000E+00    25     1  1.092398E+02 -3.618428E+02
  8.000000E+00    25     2 -1.681245E+01  3.742628E+00
  8.000000E+00    25     3 -5.629365E+00 -2.784507E+01
  8.000000E+00    25     4 -1.807071E+02 -1.702026E+01
  8.000000E+00    25     5 -1.128531E+03  3.920693E+03
  8.000000E+00    25     6 -1.547230E+01  5.507664E+01
  8.000000E+00    25     7 -3.680758E+01  1.286397E+02
  8.000000E+00    25     8 -3.613005E+01 -1.285231E+01
  8.000000E+00    25     9  5.558493E+00  6.389171E+00
  8.000000E+00    25    10 -3.195763E+02 -1.135836E+02
  8.000000E+00    25    11  3.365120E+02 -1.130734E+03
  8.000000E+00    25    12 -8.010877E+00 -1.350052E+00
  8.000000E+00    25    13 -4.449500E+01  1.378188E+02
  8.000000E+00    25    14  3.380593E+01  1.034745E+01
  8.000000E+00    25    15  5.518240E+00  6.685120E+00
  8.000000E+00    25    16  3.097550E+02  6.632996E+01
  8.000000E+00    25    17  4.197474E+02 -1.276444E+03
  8.000000E+00    25    18  5.934703E+00  5.220718E+00
  8.000000E+00    25    19 -4.796738E+01  1.224062E+02
  8.000000E+00    25    20 -9.065914E-01  1.544135E+01
  8.000000E+00    25    21  5.158694E+00 -2.694651E+01
  8.000000E+00    25    22  8.217114E+01  5.788795E+01
  8.000000E+00    25    23  3.916140E+03 -1.345934E+04
  8.000000E+00    25    24  2.536880E+02 -1.378370E+03
  8.000000E+00    25    25  7.447983E+02  6.618535E+01
  8.000000E+00    25    26  1.155928E+00 -4.670064E-01
  8.000000E+00    25    27  3.485959E+00 -9.669292E-02
  8.000000E+00    25    28  4.265520E+01 -2.050749E+00
  8.000000E+00    25    29 -5.162928E+03 -4.227146E+02
  8.000000E+00    25    30 -7.611557E-01 -6.345166E-02
  8.000000E+00    26     1 -2.605466E+01  1.979870E+00
  8.000000E+00    26     2 -3.640407E+01 -1.573378E+01
  8.000000E+00    26     3 -5.596062E+00  1.677786E+00
  8.000000E+00    26     4 -2.975615E+02 -1.520064E+02
  8.000000E+00    26     5  3.818045E+02 -4.938683E+01
  8.000000E+00    26     6  1.653089E+00 -4.521550E+00
  8.000000E+00    26     7 -6.595214E+01  2.329891E+02
  8.000000E+00    26     8  2.083389E+01  7.293145E+00
  8.000000E+00    26     9  1.041198E+01  1.148842E+01
  8.000000E+00    26    10  1.770923E+02  6.182250E+01
  8.000000E+00    26    11  6.219744E+02 -2.049995E+03
  8.000000E+00    26    12  5.907629E+00  1.765202E+00
  8.000000E+00    26    13  6.407701E+01 -2.361137E+02
  8.000000E+00    26    14  2.312128E+01  1.306306E+01
  8.000000E+00    26    15 -9.794736E+00 -1.135827E+01
  8.000000E+00    26    16  2.036821E+02  1.472973E+02
  8.000000E+00    26    17 -5.651157E+02  2.151056E+03
  8.000000E+00    26    18  5.125004E+00 -3.053049E+00
  8.000000E+00    26    19  1.009588E+01 -1.542879E+00
  8.000000E+00    26    20 -3.400643E+01  7.646702E+01
  8.000000E+00    26    21 -8.598463E+00  3.029642E-01
  8.000000E+00    26    22 -3.170394E+03  1.264221E+04
  8.000000E+00    26    23 -2.465928E+02 -1.746998E+02
  8.000000E+00    26    24 -1.992602E+02  2.106611E+02
  8.000000E+00    26    25  1.767641E+00  1.144816E+00
  8.000000E+00    26    26  7.589183E+02  6.927206E+01
  8.000000E+00    26    27  1.121913E+00  1.726770E-01
  8.000000E+00    26    28  5.294937E+03  4.439275E+02
  8.000000E+00    26    29 -3.326843E+01 -9.750260E+00
  8.000000E+00    26    30 -3.423432E-01 -4.708536E-03
  8.000000E+00    27     1  1.188640E+00 -3.382345E-01
  8.000000E+00    27     2 -1.332674E-02 -1.030458E-01
  8.000000E+00    27     3  1.445189E-02 -6.016139E-02
  8.000000E+00    27     4 -9.047115E-02 -1.111671E+00
  8.000000E+00    27     5 -1.355195E+01  4.003241E+00
  8.000000E+00    27     6 -2.071920E-01  5.336615E-02
  8.000000E+00    27     7  9.990887E-01 -3.527402E-01
  8.000000E+00    27     8 -6.777085E-03 -2.227007E-02
  8.000000E+00    27     9 -5.396513E-02 -6.339717E-02
  8.000000E+00    27    10 -6.816915E-02 -1.639773E-01
  8.000000E+00    27    11 -8.952085E+00  2.981665E+00
  8.000000E+00    27    12  7.911213E-05 -1.053253E-02
  8.000000E+00    27    13  7.886667E-01 -1.322965E-01
  8.000000E+00    27    14 -6.279059E-02  7.295144E-02
  8.000000E+00    27    15 -4.917768E-02 -4.133238E-02
  8.000000E+00    27    16 -6.696348E-01  6.860214E-01
  8.000000E+00    27    17 -7.387190E+00  1.337064E+00
  8.000000E+00    27    18  6.006518E-03  8.284883E-03
  8.000000E+00    27    19  4.123608E-01  5.172554E-02
  8.000000E+00    27    20  3.094176E-01 -7.956386E-03
  8.000000E+00    27    21 -6.904841E+01 -1.211183E+00
  8.000000E+00    27    22 -1.298486E+01 -6.977604E+00
  8.000000E+00    27    23  1.106714E+01 -1.137304E-02
  8.000000E+00    27    24  2.938414E+00 -1.408980E+00
  8.000000E+00    27    25 -6.041089E-01 -1.392079E-02
  8.000000E+00    27    26 -6.745629E-01 -4.853117E-02
  8.000000E+00    27    27  7.163129E+01  1.432073E-01
  8.000000E+00    27    28 -7.698606E+00 -3.112573E-01
  8.000000E+00    27    29  7.585802E+00  8.727807E-02
  8.000000E+00    27    30 -5.305411E-01 -1.026719E-02
  8.000000E+00    28     1 -1.688154E+02  5.974462E+00
  8.000000E+00    28     2 -2.409647E+02 -1.075033E+02
  8.000000E+00    28     3 -3.667966E+01  1.026990E+01
  8.000000E+00    28     4 -1.970673E+03 -1.033899E+03
  8.000000E+00    28     5  2.479518E+03 -2.419634E+02
  8.000000E+00    28     6  1.003345E+01 -2.909327E+01
  8.000000E+00    28     7 -4.337619E+02  1.543460E+03
  8.000000E+00    28     8  1.367506E+02  4.960545E+01
  8.000000E+00    28     9  6.577551E+01  7.588870E+01
  8.000000E+00    28    10  1.159974E+03  4.207856E+02
  8.000000E+00    28    11  4.086503E+03 -1.358094E+04
  8.000000E+00    28    12  3.891803E+01  1.198967E+01
  8.000000E+00    28    13  4.195562E+02 -1.560438E+03
  8.000000E+00    28    14  1.528257E+02  8.860333E+01
  8.000000E+00    28    15 -6.158379E+01 -7.484348E+01
  8.000000E+00    28    16  1.346198E+03  9.935935E+02
  8.000000E+00    28    17 -3.684427E+03  1.421708E+04
  8.000000E+00    28    18  3.373123E+01 -1.974800E+01
  8.000000E+00    28    19  7.063783E+01 -7.809705E+00
  8.000000E+00    28    20  5.871935E+01  5.047255E+02
  8.000000E+00    28    21 -7.966345E+01  1.311037E+00
  8.000000E+00    28    22 -1.752514E+04  8.363307E+04
  8.000000E+00    28    23 -1.564164E+03 -1.363304E+03
  8.000000E+00    28    24 -1.324190E+03  1.368079E+03
  8.000000E+00    28    25  3.071662E+01  8.456347E+00
  8.000000E+00    28    26  5.428143E+03  4.577962E+02
  8.000000E+00    28    27  1.386999E+01  1.114190E+00
  8.000000E+00    28    28  4.692027E+04  2.933810E+03
  8.000000E+00    28    29 -3.865210E+02 -7.012492E+01
  8.000000E+00    28    30  2.148895E-01 -2.988556E-02
  8.000000E+00    29     1 -7.211874E+02  2.372741E+03
  8.000000E+00    29     2  1.122630E+02 -2.347777E+01
  8.000000E+00    29     3  3.370748E+01  1.827442E+02
  8.000000E+00    29     4  1.202934E+03  1.262541E+02
  8.000000E+00    29     5  7.391617E+03 -2.570897E+04
  8.000000E+00    29     6  9.970135E+01 -3.610185E+02
  8.000000E+00    29     7  2.287491E+02 -8.529646E+02
  8.000000E+00    29     8  2.342556E+02  8.651984E+01
  8.000000E+00    29     9 -3.560093E+01 -4.155911E+01
  8.000000E+00    29    10  2.071544E+03  7.638431E+02
  8.000000E+00    29    11 -2.093893E+03  7.500245E+03
  8.000000E+00    29    12  5.167862E+01  9.465508E+00
  8.000000E+00    29    13  2.691624E+02 -8.823436E+02
  8.000000E+00    29    14 -2.216665E+02 -7.160085E+01
  8.000000E+00    29    15 -3.408216E+01 -4.203838E+01
  8.000000E+00    29    16 -2.026929E+03 -4.717119E+02
  8.000000E+00    29    17 -2.538422E+03  8.172010E+03
  8.000000E+00    29    18 -3.921178E+01 -3.436176E+01
  8.000000E+00    29    19  4.380580E+01 -8.002529E+02
  8.000000E+00    29    20  6.701375E+00 -1.073669E+02
  8.000000E+00    29    21 -9.938508E+00  1.972829E+02
  8.000000E+00    29    22 -4.631846E+02 -1.196995E+03
  8.000000E+00    29    23 -2.234488E+04  8.808170E+04
  8.000000E+00    29    24 -1.600333E+03  9.025938E+03
  8.000000E+00    29    25 -5.274810E+03 -4.326924E+02
  8.000000E+00    29    26 -5.976094E+01 -1.436929E+00
  8.000000E+00    29    27 -4.541248E+01 -1.886371E+00
  8.000000E+00    29    28 -7.029128E+02 -1.535536E+01
  8.000000E+00    29    29  4.531946E+04  2.763769E+03
  8.000000E+00    29    30  1.024646E+01  5.952604E-01
  8.000000E+00    30     1 -7.110500E+00  1.765898E+00
  8.000000E+00    30     2  2.237272E-01  2.562705E-01
  8.000000E+00    30     3 -3.098297E-01  3.202897E-01
  8.000000E+00    30     4  1.749581E+00  3.709251E+00
  8.000000E+00    30     5  7.826350E+01 -2.030071E+01
  8.000000E+00    30     6  1.143826E+00 -3.032462E-01
  8.000000E+00    30     7 -5.043442E+00  1.648685E+00
  8.000000E+00    30     8  3.495617E-02  1.342703E-02
  8.000000E+00    30     9  4.105456E-02  3.093258E-01
  8.000000E+00    30    10  2.920866E-01 -4.018022E-02
  8.000000E+00    30    11  4.491520E+01 -1.396638E+01
  8.000000E+00    30    12  3.685304E-03  3.211245E-02
  8.000000E+00    30    13 -4.967023E+00  1.078992E+00
  8.000000E+00    30    14  1.359152E-01  6.200241E-02
  8.000000E+00    30    15  1.981425E-02  2.652051E-01
  8.000000E+00    30    16  1.946378E+00  3.235838E-01
  8.000000E+00    30    17  4.577767E+01 -1.028563E+01
  8.000000E+00    30    18 -8.630251E-02  4.602810E-02
  8.000000E+00    30    19  1.704168E+00 -3.988461E-01
  8.000000E+00    30    20  1.056638E+00 -2.050541E-01
  8.000000E+00    30    21 -1.665838E+01  6.900678E+00
  8.000000E+00    30    22  1.391703E+01  1.837168E+01
  8.000000E+00    30    23 -2.081360E+01  1.619425E+00
  8.000000E+00    30    24 -1.814702E+01  7.866874E+00
  8.000000E+00    30    25 -3.162926E-01  2.101383E-02
  8.000000E+00    30    26  7.499708E-01  1.117346E-01
  8.000000E+00    30    27  1.990074E+00 -8.219661E-01
  8.000000E+00    30    28  8.099462E+00  7.196168E-01
  8.000000E+00    30    29  5.555087E+00 -1.216685E-01
  8.000000E+00    30    30  4.687490E+01  5.898021E-02
  9.000000E+00     1     1 -9.812060E+03 -6.790827E+02
  9.000000E+00     1     2  4.316475E+03  1.097507E+03
  9.000000E+00     1     3 -3.411872E+03  1.785931E+02
  9.000000E+00     1     4  5.420158E+04  9.233145E+03
  9.000000E+00     1     5  1.522389E+05  6.019768E+03
  9.000000E+00     1     6  8.794895E+03  2.458049E+02
  9.000000E+00     1     7  1.339011E+02  5.850389E+02
  9.000000E+00     1     8  5.371026E+00 -9.977015E+01
  9.000000E+00     1     9  6.162389E+01  3.226333E+00
  9.000000E+00     1    10  1.943969E+01 -9.085413E+02
  9.000000E+00     1    11 -1.132319E+03 -5.388464E+03
  9.000000E+00     1    12  1.605266E-02 -2.269712E+01
  9.000000E+00     1    13  1.023766E+03  3.037418E+01
  9.000000E+00     1    14  6.160128E+02  1.611256E+02
  9.000000E+00     1    15  1.138004E+01 -1.189430E+02
  9.000000E+00     1    16  5.594696E+03  1.452824E+03
  9.000000E+00     1    17 -9.514101E+03 -4.783759E+02
  9.000000E+00     1    18  1.488080E+02  2.568311E+01
  9.000000E+00     1    19  3.038298E+03  6.401643E+02
  9.000000E+00     1    20  2.018945E+03  4.654040E+02
  9.000000E+00     1    21 -4.013185E+03 -6.295809E+02
  9.000000E+00     1    22 -9.653832E+03  1.293896E+04
  9.000000E+00     1    23 -2.108518E+05 -6.730620E+04
  9.000000E+00     1    24 -1.054307E+05 -8.802163E+03
  9.000000E+00     1    25  9.472523E+01  2.750328E+02
  9.000000E+00     1    26 -9.303344E+01  9.491615E+01
  9.000000E+00     1    27 -6.551524E+01  4.880399E+01
  9.000000E+00     1    28 -6.161394E+02  6.272898E+02
  9.000000E+00     1    29 -6.162859E+02 -1.818985E+03
  9.000000E+00     1    30  2.830762E+00 -2.885093E+00
  9.000000E+00     2     1 -9.262711E+03 -4.377694E+02
  9.000000E+00     2     2  7.223072E+03  1.238771E+03
  9.000000E+00     2     3 -1.872760E+03  1.196445E+02
  9.000000E+00     2     4  8.390997E+04  1.058622E+04
  9.000000E+00     2     5  1.366236E+05  3.069975E+03
  9.000000E+00     2     6  3.977573E+03  2.187622E+02
  9.000000E+00     2     7 -6.723273E+01  3.794755E+02
  9.000000E+00     2     8  8.954482E+01  5.766414E+01
  9.000000E+00     2     9  3.592574E+01  2.321155E+01
  9.000000E+00     2    10  7.996146E+02  5.186161E+02
  9.000000E+00     2    11  6.888223E+02 -3.433878E+03
  9.000000E+00     2    12  2.205812E+01  1.251474E+01
  9.000000E+00     2    13  9.259449E+02 -1.132811E+02
  9.000000E+00     2    14  5.737056E+02  7.697244E+01
  9.000000E+00     2    15 -3.314145E+00 -1.121039E+02
  9.000000E+00     2    16  5.209622E+03  6.960433E+02
  9.000000E+00     2    17 -8.621517E+03  8.813769E+02
  9.000000E+00     2    18  1.367815E+02  5.450715E+00
  9.000000E+00     2    19  4.207431E+03  4.011524E+02
  9.000000E+00     2    20  2.508936E+02  4.342269E+02
  9.000000E+00     2    21 -1.795662E+03 -4.638186E+02
  9.000000E+00     2    22 -1.894392E+04  1.006547E+04
  9.000000E+00     2    23 -1.180273E+05 -4.167702E+04
  9.000000E+00     2    24 -1.930098E+04 -8.654546E+03
  9.000000E+00     2    25  9.156602E+01  1.835996E+02
  9.000000E+00     2    26 -1.064931E+02  8.555408E+01
  9.000000E+00     2    27 -4.631859E+01  4.096535E+01
  9.000000E+00     2    28 -7.049828E+02  5.649117E+02
  9.000000E+00     2    29 -5.969022E+02 -1.215396E+03
  9.000000E+00     2    30  1.992977E+00 -2.374868E+00
  9.000000E+00     3     1  9.090565E+03  7.302404E+02
  9.000000E+00     3     2 -1.962718E+03 -5.485192E+02
  9.000000E+00     3     3  3.167668E+03 -2.491619E+01
  9.000000E+00     3     4 -2.248869E+04 -4.629358E+03
  9.000000E+00     3     5 -1.385228E+05 -7.515045E+03
  9.000000E+00     3     6 -4.113475E+03 -1.905426E+02
  9.000000E+00     3     7 -1.719114E+02 -2.134813E+02
  9.000000E+00     3     8  5.982270E+01 -3.996719E+01
  9.000000E+00     3     9 -1.933210E+01  1.124015E+01
  9.000000E+00     3    10  5.576174E+02 -3.648155E+02
  9.000000E+00     3    11  1.562695E+03  1.968824E+03
  9.000000E+00     3    12  1.302484E+01 -1.040767E+01
  9.000000E+00     3    13 -6.059412E+02  4.572500E+01
  9.000000E+00     3    14 -3.568113E+02  8.438822E+00
  9.000000E+00     3    15  3.939811E+00  7.052890E+01
  9.000000E+00     3    16 -3.233454E+03  9.579215E+01
  9.000000E+00     3    17  5.674759E+03 -2.901007E+02
  9.000000E+00     3    18 -8.586150E+01  6.534956E+00
  9.000000E+00     3    19 -4.384149E+03 -4.819648E+02
  9.000000E+00     3    20 -1.155801E+03 -2.468844E+02
  9.000000E+00     3    21  2.659521E+03  5.590252E+02
  9.000000E+00     3    22  4.187596E+03 -6.244178E+03
  9.000000E+00     3    23  1.537380E+05  3.852019E+04
  9.000000E+00     3    24  6.261623E+04  5.696541E+03
  9.000000E+00     3    25 -9.942149E+01 -1.586203E+02
  9.000000E+00     3    26  4.505445E+01 -4.516470E+01
  9.000000E+00     3    27  3.857453E+01 -4.186767E+01
  9.000000E+00     3    28  2.974933E+02 -2.991273E+02
  9.000000E+00     3    29  6.479683E+02  1.048419E+03
  9.000000E+00     3    30 -1.491470E+00  2.386829E+00
  9.000000E+00     4     1 -1.470920E+05 -9.324013E+03
  9.000000E+00     4     2  9.205007E+04  1.523945E+04
  9.000000E+00     4     3 -3.022320E+04  1.427772E+03
  9.000000E+00     4     4  1.225850E+06  1.296995E+05
  9.000000E+00     4     5  2.162672E+06  8.294101E+04
  9.000000E+00     4     6  6.006225E+04  3.381608E+03
  9.000000E+00     4     7  7.390657E+02  5.400531E+03
  9.000000E+00     4     8  2.163958E+02  5.389323E+02
  9.000000E+00     4     9  5.238304E+02  1.229338E+02
  9.000000E+00     4    10  1.748997E+03  4.857192E+03
  9.000000E+00     4    11 -5.981923E+03 -4.926108E+04
  9.000000E+00     4    12  6.313600E+01  1.286298E+02
  9.000000E+00     4    13  1.294274E+04 -8.498574E+02
  9.000000E+00     4    14  7.967092E+03  9.613865E+02
  9.000000E+00     4    15  1.837149E+01 -1.539307E+03
  9.000000E+00     4    16  7.234252E+04  8.546384E+03
  9.000000E+00     4    17 -1.205750E+05  5.279958E+03
  9.000000E+00     4    18  1.904175E+03  7.748815E+01
  9.000000E+00     4    19  6.635805E+04  7.407476E+03
  9.000000E+00     4    20  3.014029E+03  5.691376E+03
  9.000000E+00     4    21 -2.789256E+04 -7.872972E+03
  9.000000E+00     4    22 -2.246946E+05  1.330316E+05
  9.000000E+00     4    23 -1.839863E+06 -6.989750E+05
  9.000000E+00     4    24 -1.818097E+05 -1.209927E+05
  9.000000E+00     4    25  1.411883E+03  2.966112E+03
  9.000000E+00     4    26 -1.307073E+03  1.087680E+03
  9.000000E+00     4    27 -7.537463E+02  6.416787E+02
  9.000000E+00     4    28 -8.645861E+03  7.193467E+03
  9.000000E+00     4    29 -9.214163E+03 -1.962349E+04
  9.000000E+00     4    30  3.277016E+01 -3.728521E+01
  9.000000E+00     5     1  1.893188E+05  2.181693E+04
  9.000000E+00     5     2 -7.751115E+04 -1.910872E+04
  9.000000E+00     5     3  5.981807E+04 -2.297801E+03
  9.000000E+00     5     4 -1.001544E+06 -1.603873E+05
  9.000000E+00     5     5 -2.643938E+06 -2.198549E+05
  9.000000E+00     5     6 -1.445799E+05 -6.025265E+03
  9.000000E+00     5     7 -5.634931E+03 -1.021554E+04
  9.000000E+00     5     8  2.078988E+03  8.656393E+02
  9.000000E+00     5     9 -1.078328E+03  3.114240E+02
  9.000000E+00     5    10  1.944402E+04  7.840245E+03
  9.000000E+00     5    11  5.058221E+04  9.450190E+04
  9.000000E+00     5    12  4.870737E+02  1.589868E+02
  9.000000E+00     5    13 -2.093716E+04 -1.075137E+03
  9.000000E+00     5    14 -1.262667E+04 -1.997189E+03
  9.000000E+00     5    15 -2.577648E+02  2.402998E+03
  9.000000E+00     5    16 -1.145795E+05 -1.755025E+04
  9.000000E+00     5    17  1.950332E+05  1.462917E+04
  9.000000E+00     5    18 -3.041767E+03 -2.889893E+02
  9.000000E+00     5    19 -4.505880E+04 -1.648490E+04
  9.000000E+00     5    20 -2.978429E+04 -8.475196E+03
  9.000000E+00     5    21  6.496576E+04  1.600170E+04
  9.000000E+00     5    22  1.830059E+05 -2.175255E+05
  9.000000E+00     5    23  3.817487E+06  1.491357E+06
  9.000000E+00     5    24  1.543870E+06  1.897954E+05
  9.000000E+00     5    25 -2.445597E+03 -6.031971E+03
  9.000000E+00     5    26  1.604212E+03 -1.589734E+03
  9.000000E+00     5    27  1.504585E+03 -1.183405E+03
  9.000000E+00     5    28  1.060916E+04 -1.052280E+04
  9.000000E+00     5    29  1.598091E+04  3.986452E+04
  9.000000E+00     5    30 -6.673239E+01  6.925745E+01
  9.000000E+00     6     1  5.309771E+03  7.559647E+02
  9.000000E+00     6     2 -2.949212E+03 -3.820815E+02
  9.000000E+00     6     3  1.508792E+03 -2.626639E+01
  9.000000E+00     6     4 -4.527263E+04 -3.183939E+03
  9.000000E+00     6     5 -7.283083E+04 -8.078314E+03
  9.000000E+00     6     6  2.915760E+02 -1.766714E+02
  9.000000E+00     6     7 -2.267575E+02 -2.115431E+02
  9.000000E+00     6     8  1.096682E+02 -2.055858E+00
  9.000000E+00     6     9 -2.189033E+01  1.867769E+01
  9.000000E+00     6    10  1.005308E+03 -2.121517E+01
  9.000000E+00     6    11  2.076358E+03  1.969822E+03
  9.000000E+00     6    12  2.538627E+01 -2.369340E+00
  9.000000E+00     6    13 -5.280016E+02 -4.804845E+01
  9.000000E+00     6    14 -3.114528E+02 -2.454484E+01
  9.000000E+00     6    15 -8.294724E+00  5.944128E+01
  9.000000E+00     6    16 -2.830043E+03 -1.993147E+02
  9.000000E+00     6    17  4.928907E+03  5.760346E+02
  9.000000E+00     6    18 -7.539694E+01 -3.018230E+00
  9.000000E+00     6    19 -1.005469E+03 -5.077148E+02
  9.000000E+00     6    20  1.270619E+03 -1.809905E+02
  9.000000E+00     6    21  1.539571E+03  5.024777E+02
  9.000000E+00     6    22  1.082276E+04 -3.989275E+03
  9.000000E+00     6    23  9.738976E+04  4.129664E+04
  9.000000E+00     6    24 -7.058209E+04  5.011676E+03
  9.000000E+00     6    25 -7.761778E+01 -1.646100E+02
  9.000000E+00     6    26  3.178503E+01 -2.904653E+01
  9.000000E+00     6    27  4.170391E+01 -3.570549E+01
  9.000000E+00     6    28  2.093001E+02 -1.940421E+02
  9.000000E+00     6    29  5.082272E+02  1.088233E+03
  9.000000E+00     6    30 -1.830443E+00  2.073486E+00
  9.000000E+00     7     1 -7.512889E+02  1.074658E+02
  9.000000E+00     7     2 -2.008667E+02  8.687465E+01
  9.000000E+00     7     3 -5.557894E+01  7.304404E+01
  9.000000E+00     7     4 -1.815715E+03  6.912592E+02
  9.000000E+00     7     5  8.989233E+03 -1.644212E+03
  9.000000E+00     7     6  1.094173E+02 -2.077332E+01
  9.000000E+00     7     7  2.773923E+04  7.621112E+02
  9.000000E+00     7     8  1.178469E+03 -7.340701E+01
  9.000000E+00     7     9  3.623168E+02  2.582107E+01
  9.000000E+00     7    10  2.883363E+04 -6.716044E+02
  9.000000E+00     7    11 -4.628928E+05 -6.986640E+03
  9.000000E+00     7    12 -4.951356E+03 -1.421989E+01
  9.000000E+00     7    13 -3.597191E+02 -3.022516E+01
  9.000000E+00     7    14  2.484528E+02 -1.121599E+02
  9.000000E+00     7    15 -5.024302E+00  3.602618E+01
  9.000000E+00     7    16  2.363840E+03 -1.065570E+03
  9.000000E+00     7    17  3.539435E+03  1.836768E+02
  9.000000E+00     7    18  3.935128E+01 -2.271681E+01
  9.000000E+00     7    19  9.924705E+03  1.380884E+02
  9.000000E+00     7    20  2.126432E+04  3.465650E+02
  9.000000E+00     7    21  1.881869E+02  5.169700E+02
  9.000000E+00     7    22  1.151802E+05  2.884419E+04
  9.000000E+00     7    23 -5.408294E+04 -1.537899E+04
  9.000000E+00     7    24  1.176774E+05  7.595997E+02
  9.000000E+00     7    25  6.177784E+01  7.240989E+01
  9.000000E+00     7    26  8.689832E+01  1.330413E+02
  9.000000E+00     7    27  4.081679E+01 -3.933440E+01
  9.000000E+00     7    28  5.741872E+02  8.803088E+02
  9.000000E+00     7    29 -4.105412E+02 -4.813269E+02
  9.000000E+00     7    30 -2.057286E+00  1.999461E+00
  9.000000E+00     8     1  5.158139E+02 -1.261496E+02
  9.000000E+00     8     2  1.262233E+02  6.164323E+01
  9.000000E+00     8     3  3.942810E+01 -4.812727E+01
  9.000000E+00     8     4  1.066749E+03  5.881760E+02
  9.000000E+00     8     5 -6.185180E+03  1.523031E+03
  9.000000E+00     8     6 -7.670682E+01  3.589156E+01
  9.000000E+00     8     7 -4.750238E+03 -3.184092E+01
  9.000000E+00     8     8  5.757339E+03  7.153824E+02
  9.000000E+00     8     9 -5.590974E+01  9.194570E+00
  9.000000E+00     8    10  6.969540E+04  6.489271E+03
  9.000000E+00     8    11  8.389614E+04  4.389756E+02
  9.000000E+00     8    12  2.405870E+02  1.619542E+02
  9.000000E+00     8    13 -2.796917E+02  1.290694E+02
  9.000000E+00     8    14  1.542962E+02  3.963501E+01
  9.000000E+00     8    15  8.638566E+00  3.573465E+01
  9.000000E+00     8    16  1.479451E+03  3.266654E+02
  9.000000E+00     8    17  2.733301E+03 -1.235501E+03
  9.000000E+00     8    18  2.341872E+01  1.128679E+01
  9.000000E+00     8    19 -3.803784E+03  1.879569E+02
  9.000000E+00     8    20 -3.123144E+03 -1.346345E+02
  9.000000E+00     8    21  6.145871E+01  6.401725E+00
  9.000000E+00     8    22 -4.427155E+03 -3.926291E+03
  9.000000E+00     8    23  2.261375E+04 -1.298643E+03
  9.000000E+00     8    24  8.537945E+04 -5.365629E+03
  9.000000E+00     8    25 -5.142968E+01  2.111229E+01
  9.000000E+00     8    26  3.241303E+01 -2.677153E+01
  9.000000E+00     8    27 -1.960414E+00 -1.811735E+00
  9.000000E+00     8    28  2.143033E+02 -1.759636E+02
  9.000000E+00     8    29  3.389190E+02 -1.362463E+02
  9.000000E+00     8    30  1.748146E-01  8.442590E-02
  9.000000E+00     9     1 -6.540938E+00  8.400381E+01
  9.000000E+00     9     2  4.818463E+00  2.745092E+01
  9.000000E+00     9     3  8.472624E+00  8.325906E+00
  9.000000E+00     9     4  3.272001E+01  2.442728E+02
  9.000000E+00     9     5  5.394326E+01 -1.015558E+03
  9.000000E+00     9     6  1.068857E+00 -1.174113E+01
  9.000000E+00     9     7  2.026909E+02  2.840940E+01
  9.000000E+00     9     8 -1.384089E+01 -1.639323E+00
  9.000000E+00     9     9  1.645221E+03  1.648820E+01
  9.000000E+00     9    10 -2.741532E+02 -1.644634E+01
  9.000000E+00     9    11 -1.915752E+03 -2.282595E+02
  9.000000E+00     9    12  3.854060E+01  1.473275E-01
  9.000000E+00     9    13 -5.428671E+00  4.429289E+01
  9.000000E+00     9    14 -5.731261E+00 -3.814538E+01
  9.000000E+00     9    15  6.862201E+00  1.323848E+00
  9.000000E+00     9    16 -5.527577E+01 -3.615468E+02
  9.000000E+00     9    17  4.502087E+01 -4.388328E+02
  9.000000E+00     9    18 -1.127495E+00 -6.329040E+00
  9.000000E+00     9    19  4.335433E+01 -2.398868E+01
  9.000000E+00     9    20  3.726524E+01 -1.747900E+01
  9.000000E+00     9    21  6.442659E+02  7.540340E+01
  9.000000E+00     9    22  2.223213E+04 -2.070115E+03
  9.000000E+00     9    23 -1.317713E+04  1.769689E+03
  9.000000E+00     9    24 -1.035570E+03  2.658953E+02
  9.000000E+00     9    25  1.071311E+01 -4.134179E+00
  9.000000E+00     9    26  1.746652E+01 -6.072424E+00
  9.000000E+00     9    27 -2.968338E+00 -5.479091E+00
  9.000000E+00     9    28  1.132149E+02 -4.043168E+01
  9.000000E+00     9    29 -6.966254E+01  2.768314E+01
  9.000000E+00     9    30  2.727683E-01  2.915762E-01
  9.000000E+00    10     1  4.786476E+03 -7.578803E+02
  9.000000E+00    10     2  1.181596E+03  6.314874E+02
  9.000000E+00    10     3  3.986605E+02 -4.115423E+02
  9.000000E+00    10     4  9.979376E+03  5.986480E+03
  9.000000E+00    10     5 -5.752391E+04  9.268562E+03
  9.000000E+00    10     6 -7.158940E+02  2.673616E+02
  9.000000E+00    10     7 -8.492375E+04 -4.256700E+02
  9.000000E+00    10     8  7.168254E+04  6.322461E+03
  9.000000E+00    10     9 -7.914857E+02  1.340087E+02
  9.000000E+00    10    10  1.048062E+06  5.734703E+04
  9.000000E+00    10    11  1.504491E+06  5.317521E+03
  9.000000E+00    10    12  9.036711E+02  1.431472E+03
  9.000000E+00    10    13 -2.379731E+03  1.254578E+03
  9.000000E+00    10    14  1.257368E+03  2.648042E+02
  9.000000E+00    10    15  8.808064E+01  3.080159E+02
  9.000000E+00    10    16  1.205832E+04  2.084686E+03
  9.000000E+00    10    17  2.320504E+04 -1.201810E+04
  9.000000E+00    10    18  1.881890E+02  8.589190E+01
  9.000000E+00    10    19 -6.735857E+04  1.467696E+03
  9.000000E+00    10    20 -5.571465E+04 -1.343479E+03
  9.000000E+00    10    21  6.707141E+02  1.514905E+02
  9.000000E+00    10    22 -1.313994E+05 -5.001106E+04
  9.000000E+00    10    23  2.866199E+05  3.513795E+03
  9.000000E+00    10    24  1.604945E+06 -4.638168E+04
  9.000000E+00    10    25 -4.455284E+02  1.336012E+02
  9.000000E+00    10    26  3.158119E+02 -2.938500E+02
  9.000000E+00    10    27 -3.916223E+01 -2.160880E+01
  9.000000E+00    10    28  2.087776E+03 -1.935151E+03
  9.000000E+00    10    29  2.934129E+03 -8.524125E+02
  9.000000E+00    10    30  2.644892E+00  1.093339E+00
  9.000000E+00    11     1  6.693866E+03 -1.196281E+03
  9.000000E+00    11     2  1.781205E+03 -7.096625E+02
  9.000000E+00    11     3  4.760799E+02 -6.655916E+02
  9.000000E+00    11     4  1.604025E+04 -5.593539E+03
  9.000000E+00    11     5 -8.012742E+04  1.729456E+04
  9.000000E+00    11     6 -9.763687E+02  2.335614E+02
  9.000000E+00    11     7 -4.704061E+05 -6.381577E+03
  9.000000E+00    11     8 -2.506238E+04  1.229022E+03
  9.000000E+00    11     9 -4.371461E+03 -2.199965E+02
  9.000000E+00    11    10 -5.846534E+05  1.119981E+04
  9.000000E+00    11    11  8.211066E+06  5.860738E+04
  9.000000E+00    11    12  9.297197E+04  2.594470E+02
  9.000000E+00    11    13  2.755840E+03  4.003896E+02
  9.000000E+00    11    14 -1.910201E+03  9.579216E+02
  9.000000E+00    11    15  5.167237E+01 -2.692581E+02
  9.000000E+00    11    16 -1.818506E+04  9.052120E+03
  9.000000E+00    11    17 -2.712176E+04 -2.960450E+03
  9.000000E+00    11    18 -3.028018E+02  1.979103E+02
  9.000000E+00    11    19 -1.758525E+05 -8.811528E+02
  9.000000E+00    11    20 -3.870992E+05 -3.005296E+03
  9.000000E+00    11    21 -5.917435E+03 -4.367567E+03
  9.000000E+00    11    22 -1.801364E+06 -2.434792E+05
  9.000000E+00    11    23  7.544761E+05  1.203550E+05
  9.000000E+00    11    24 -2.339657E+06 -1.143139E+04
  9.000000E+00    11    25 -5.638154E+02 -5.602156E+02
  9.000000E+00    11    26 -7.173829E+02 -1.133648E+03
  9.000000E+00    11    27 -3.369729E+02  3.298634E+02
  9.000000E+00    11    28 -4.728662E+03 -7.499472E+03
  9.000000E+00    11    29  3.740264E+03  3.728983E+03
  9.000000E+00    11    30  1.664646E+01 -1.681060E+01
  9.000000E+00    12     1  8.724815E+01 -8.913898E+01
  9.000000E+00    12     2  2.088046E+01  1.148434E+00
  9.000000E+00    12     3  1.619671E+00 -1.393190E+01
  9.000000E+00    12     4  1.781015E+02  1.758536E+01
  9.000000E+00    12     5 -1.023289E+03  1.055584E+03
  9.000000E+00    12     6 -1.202761E+01  1.688927E+01
  9.000000E+00    12     7  3.311288E+03  1.974874E+01
  9.000000E+00    12     8 -6.782313E+02  1.721744E+02
  9.000000E+00    12     9  1.482992E+02 -5.535508E+00
  9.000000E+00    12    10 -1.414290E+04  1.562466E+03
  9.000000E+00    12    11 -5.547002E+04 -1.627611E+02
  9.000000E+00    12    12  3.623820E+03  3.907565E+01
  9.000000E+00    12    13 -8.615808E+01  1.737056E+01
  9.000000E+00    12    14  5.682385E+01  1.952430E+01
  9.000000E+00    12    15  5.324630E-01  1.035475E+01
  9.000000E+00    12    16  5.435895E+02  1.717195E+02
  9.000000E+00    12    17  8.498835E+02 -1.664423E+02
  9.000000E+00    12    18  9.023926E+00  4.334470E+00
  9.000000E+00    12    19  3.124805E+03  7.909481E+01
  9.000000E+00    12    20  1.720468E+03 -7.908729E+00
  9.000000E+00    12    21  5.464239E-01 -8.805974E+00
  9.000000E+00    12    22  4.715182E+03  1.501235E+03
  9.000000E+00    12    23 -3.469685E+03 -2.848183E+03
  9.000000E+00    12    24 -1.017046E+05 -1.454521E+03
  9.000000E+00    12    25 -1.431506E+01  1.431888E+01
  9.000000E+00    12    26  4.812688E+00  2.747652E+00
  9.000000E+00    12    27  3.086058E+00  5.191020E-02
  9.000000E+00    12    28  3.161646E+01  1.866419E+01
  9.000000E+00    12    29  9.438962E+01 -9.404929E+01
  9.000000E+00    12    30 -1.306058E-01 -1.468228E-02
  9.000000E+00    13     1 -6.078585E+02 -2.726049E+02
  9.000000E+00    13     2  2.879940E+02 -4.510814E+01
  9.000000E+00    13     3 -1.971536E+01  1.963333E+01
  9.000000E+00    13     4  2.409075E+03 -2.752337E+02
  9.000000E+00    13     5  6.558591E+03  3.439149E+03
  9.000000E+00    13     6  1.420307E+02  5.272045E+01
  9.000000E+00    13     7 -5.760920E+02 -5.373211E+01
  9.000000E+00    13     8 -3.659422E+02  8.497079E+01
  9.000000E+00    13     9 -7.978633E+00  6.612635E+01
  9.000000E+00    13    10 -3.320496E+03  7.618129E+02
  9.000000E+00    13    11  5.230310E+03  6.486749E+02
  9.000000E+00    13    12 -8.745226E+01  2.983517E+01
  9.000000E+00    13    13  5.297229E+03  1.087462E+03
  9.000000E+00    13    14  2.965467E+03 -1.218233E+02
  9.000000E+00    13    15  1.680085E+03  1.007771E+01
  9.000000E+00    13    16  4.139283E+04 -1.300396E+03
  9.000000E+00    13    17  4.227471E+03 -1.046929E+04
  9.000000E+00    13    18 -6.638330E+02  4.475524E+00
  9.000000E+00    13    19  3.079050E+03  4.020652E+02
  9.000000E+00    13    20  2.185620E+03 -5.314395E+02
  9.000000E+00    13    21  7.387745E+02  6.420967E+02
  9.000000E+00    13    22 -2.337289E+04 -4.284060E+04
  9.000000E+00    13    23 -1.419240E+04 -2.866358E+04
  9.000000E+00    13    24  1.990408E+05 -1.990823E+03
  9.000000E+00    13    25  5.661799E+01  1.197934E+02
  9.000000E+00    13    26 -1.184496E+02 -1.872122E+02
  9.000000E+00    13    27  6.026079E+01 -5.484827E+01
  9.000000E+00    13    28 -7.812153E+02 -1.236306E+03
  9.000000E+00    13    29 -3.683852E+02 -7.816256E+02
  9.000000E+00    13    30 -3.031689E+00  2.709775E+00
  9.000000E+00    14     1 -3.091342E+02  1.365100E+02
  9.000000E+00    14     2  1.673503E+02  5.322643E+01
  9.000000E+00    14     3  2.574137E+00  4.265945E+01
  9.000000E+00    14     4  1.446400E+03  4.854870E+02
  9.000000E+00    14     5  3.212051E+03 -1.573568E+03
  9.000000E+00    14     6  6.952954E+01 -1.403496E+01
  9.000000E+00    14     7  2.448690E+02 -1.037972E+02
  9.000000E+00    14     8  1.568942E+02  4.691508E+01
  9.000000E+00    14     9 -6.743991E+00 -3.399315E+01
  9.000000E+00    14    10  1.428343E+03  4.274067E+02
  9.000000E+00    14    11 -2.230588E+03  8.934130E+02
  9.000000E+00    14    12  3.746575E+01  6.273604E+00
  9.000000E+00    14    13  5.862372E+03 -1.748667E+01
  9.000000E+00    14    14  6.085720E+03  7.194805E+02
  9.000000E+00    14    15 -1.597629E+02 -3.413150E+00
  9.000000E+00    14    16  7.963460E+04  6.672638E+03
  9.000000E+00    14    17 -1.127709E+05  4.039023E+02
  9.000000E+00    14    18 -1.122676E+03  1.367314E+02
  9.000000E+00    14    19  4.742757E+03 -1.957561E+02
  9.000000E+00    14    20 -3.947286E+03 -8.593247E+01
  9.000000E+00    14    21 -8.227328E+00  1.324966E+01
  9.000000E+00    14    22 -1.489668E+04 -2.704479E+03
  9.000000E+00    14    23 -3.019368E+04  2.613651E+03
  9.000000E+00    14    24  1.086781E+05 -3.100913E+03
  9.000000E+00    14    25  4.903622E+01 -2.635237E+01
  9.000000E+00    14    26  2.901719E+01 -2.153635E+01
  9.000000E+00    14    27  1.789721E+00  8.247527E-02
  9.000000E+00    14    28  1.929152E+02 -1.417572E+02
  9.000000E+00    14    29 -3.255374E+02  1.726315E+02
  9.000000E+00    14    30 -1.588670E-01  2.232830E-02
  9.000000E+00    15     1 -1.581315E+01  5.205457E+01
  9.000000E+00    15     2 -3.687076E+00 -3.283884E+01
  9.000000E+00    15     3  4.775317E+00  1.061080E+00
  9.000000E+00    15     4 -2.192888E+01 -2.781036E+02
  9.000000E+00    15     5  2.203362E+02 -5.448793E+02
  9.000000E+00    15     6  3.753605E+00 -1.293482E+01
  9.000000E+00    15     7 -4.147958E+00  4.599484E+01
  9.000000E+00    15     8  6.456107E+00  3.532018E+01
  9.000000E+00    15     9  7.552423E+00  1.247374E+00
  9.000000E+00    15    10  5.694207E+01  3.204929E+02
  9.000000E+00    15    11  5.212020E+01 -4.157095E+02
  9.000000E+00    15    12  2.269484E+00  8.370301E+00
  9.000000E+00    15    13  1.864342E+02  2.602251E+01
  9.000000E+00    15    14  1.519905E+01 -2.094143E+00
  9.000000E+00    15    15  1.607303E+03  1.698677E+01
  9.000000E+00    15    16  4.174454E+02 -2.590407E+01
  9.000000E+00    15    17 -2.778166E+03 -2.334576E+02
  9.000000E+00    15    18  1.464364E+01  7.486336E-01
  9.000000E+00    15    19  5.343667E+01 -1.062660E+01
  9.000000E+00    15    20 -5.867418E+01  5.061631E+00
  9.000000E+00    15    21  6.415097E+02  6.542616E+01
  9.000000E+00    15    22 -2.296209E+04  2.435328E+03
  9.000000E+00    15    23 -1.356758E+04  1.461706E+03
  9.000000E+00    15    24  6.167366E+02  9.394397E+01
  9.000000E+00    15    25  9.840462E+00 -4.246042E+00
  9.000000E+00    15    26 -1.725257E+01  7.926203E+00
  9.000000E+00    15    27 -3.762214E+00 -5.397312E+00
  9.000000E+00    15    28 -1.115005E+02  5.261199E+01
  9.000000E+00    15    29 -6.269535E+01  2.795652E+01
  9.000000E+00    15    30  3.085538E-01  2.930318E-01
  9.000000E+00    16     1 -2.769441E+03  1.008236E+03
  9.000000E+00    16     2  1.490749E+03  5.395947E+02
  9.000000E+00    16     3  4.748948E+00  3.721755E+02
  9.000000E+00    16     4  1.285390E+04  4.891773E+03
  9.000000E+00    16     5  2.875322E+04 -1.173424E+04
  9.000000E+00    16     6  6.206891E+02 -8.118491E+01
  9.000000E+00    16     7  2.050544E+03 -9.500718E+02
  9.000000E+00    16     8  1.298476E+03  3.715667E+02
  9.000000E+00    16     9 -6.597758E+01 -2.874063E+02
  9.000000E+00    16    10  1.182088E+04  3.384795E+03
  9.000000E+00    16    11 -1.869756E+04  8.218011E+03
  9.000000E+00    16    12  3.087701E+02  4.748989E+01
  9.000000E+00    16    13  1.025254E+05 -4.088867E+01
  9.000000E+00    16    14  7.767720E+04  6.240731E+03
  9.000000E+00    16    15 -2.807711E+03 -6.190477E+01
  9.000000E+00    16    16  1.226183E+06  5.786080E+04
  9.000000E+00    16    17 -1.970570E+06  2.391322E+03
  9.000000E+00    16    18 -2.326891E+04  1.187570E+03
  9.000000E+00    16    19  8.370707E+04 -1.585863E+03
  9.000000E+00    16    20 -6.853836E+04 -8.150765E+02
  9.000000E+00    16    21 -5.423653E+01  1.229004E+02
  9.000000E+00    16    22 -3.048992E+05 -3.308452E+04
  9.000000E+00    16    23 -4.367151E+05  1.313241E+04
  9.000000E+00    16    24  2.054022E+06 -2.776552E+04
  9.000000E+00    16    25  4.241614E+02 -1.919303E+02
  9.000000E+00    16    26  2.617702E+02 -2.230761E+02
  9.000000E+00    16    27  2.931664E+01  1.422343E-01
  9.000000E+00    16    28  1.737362E+03 -1.469503E+03
  9.000000E+00    16    29 -2.817537E+03  1.256822E+03
  9.000000E+00    16    30 -2.195414E+00  1.673133E-01
  9.000000E+00    17     1  6.510809E+03  3.766024E+03
  9.000000E+00    17     2 -3.045611E+03  1.765983E+02
  9.000000E+00    17     3  2.597248E+02 -1.751101E+02
  9.000000E+00    17     4 -2.534387E+04  2.831298E+02
  9.000000E+00    17     5 -7.018407E+04 -4.605006E+04
  9.000000E+00    17     6 -1.511281E+03 -7.468370E+02
  9.000000E+00    17     7  6.727653E+03  8.530873E+02
  9.000000E+00    17     8  4.288567E+03 -5.739409E+02
  9.000000E+00    17     9  1.136534E+02 -7.724437E+02
  9.000000E+00    17    10  3.891333E+04 -5.097678E+03
  9.000000E+00    17    11 -6.098651E+04 -9.576507E+03
  9.000000E+00    17    12  1.034942E+03 -2.503817E+02
  9.000000E+00    17    13 -5.983241E+04 -1.200500E+04
  9.000000E+00    17    14 -5.042047E+04  2.078898E+03
  9.000000E+00    17    15 -2.951143E+04  7.638765E+01
  9.000000E+00    17    16 -6.867518E+05  2.114062E+04
  9.000000E+00    17    17 -3.730700E+05  1.160663E+05
  9.000000E+00    17    18  7.638644E+03  9.651910E+01
  9.000000E+00    17    19 -5.042457E+04 -4.900571E+03
  9.000000E+00    17    20 -4.067017E+04  5.935819E+03
  9.000000E+00    17    21 -1.510545E+04 -6.907170E+03
  9.000000E+00    17    22  7.541848E+04  5.045222E+05
  9.000000E+00    17    23  3.666762E+04  3.464829E+05
  9.000000E+00    17    24 -3.421826E+06  2.054511E+04
  9.000000E+00    17    25 -5.448962E+02 -1.445437E+03
  9.000000E+00    17    26  1.264123E+03  2.162638E+03
  9.000000E+00    17    27 -6.983559E+02  5.876220E+02
  9.000000E+00    17    28  8.326507E+03  1.428469E+04
  9.000000E+00    17    29  3.527931E+03  9.435379E+03
  9.000000E+00    17    30  3.426220E+01 -2.877348E+01
  9.000000E+00    18     1 -6.495844E+01  7.298451E+01
  9.000000E+00    18     2  3.721227E+01 -5.676317E-01
  9.000000E+00    18     3  3.778885E+00  1.120159E+01
  9.000000E+00    18     4  3.269235E+02 -2.458384E-01
  9.000000E+00    18     5  6.772827E+02 -8.209830E+02
  9.000000E+00    18     6  1.502917E+01 -1.202801E+01
  9.000000E+00    18     7  8.461502E+01 -2.159766E+01
  9.000000E+00    18     8  5.777631E+01  1.584901E+01
  9.000000E+00    18     9 -6.938238E-01 -1.119874E+01
  9.000000E+00    18    10  5.253613E+02  1.446451E+02
  9.000000E+00    18    11 -7.681099E+02  1.780465E+02
  9.000000E+00    18    12  1.391681E+01  2.102745E+00
  9.000000E+00    18    13 -4.304499E+03 -3.325367E+01
  9.000000E+00    18    14 -2.134788E+02  1.934976E+02
  9.000000E+00    18    15  5.282515E+01  4.515211E+00
  9.000000E+00    18    16 -7.796419E+03  1.799379E+03
  9.000000E+00    18    17  7.928837E+04  3.919184E+02
  9.000000E+00    18    18  3.891468E+03  3.629376E+01
  9.000000E+00    18    19 -3.393530E+03 -7.779971E+01
  9.000000E+00    18    20  2.880612E+03 -7.660797E+00
  9.000000E+00    18    21 -3.018185E+01 -2.221222E+00
  9.000000E+00    18    22  1.526341E+04  1.225140E+03
  9.000000E+00    18    23  9.860321E+03  2.721311E+03
  9.000000E+00    18    24 -8.296279E+04 -6.276998E+02
  9.000000E+00    18    25  1.382051E+01 -1.506817E+01
  9.000000E+00    18    26  7.580453E+00  1.696533E+00
  9.000000E+00    18    27 -2.447101E+00  5.245380E-01
  9.000000E+00    18    28  5.052127E+01  1.138766E+01
  9.000000E+00    18    29 -9.141267E+01  9.879138E+01
  9.000000E+00    18    30  1.151985E-01 -8.512123E-03
  9.000000E+00    19     1  2.299521E+04  1.771803E+03
  9.000000E+00    19     2 -5.750685E+03 -1.625488E+03
  9.000000E+00    19     3  4.946242E+03 -1.584084E+02
  9.000000E+00    19     4 -6.833497E+04 -1.365294E+04
  9.000000E+00    19     5 -3.357689E+05 -1.771703E+04
  9.000000E+00    19     6 -1.322075E+04 -4.960904E+02
  9.000000E+00    19     7  1.506337E+04 -6.646608E+02
  9.000000E+00    19     8 -6.293617E+02  1.449085E+02
  9.000000E+00    19     9  1.046258E+02  5.335158E+01
  9.000000E+00    19    10 -7.969315E+03  1.307467E+03
  9.000000E+00    19    11 -2.744057E+05  6.220278E+03
  9.000000E+00    19    12 -1.516657E+03  3.372177E+01
  9.000000E+00    19    13  3.853018E+03  2.815171E+02
  9.000000E+00    19    14  1.905668E+03 -3.570599E+02
  9.000000E+00    19    15  6.264757E+02  2.116692E+02
  9.000000E+00    19    16  4.120836E+04 -3.293557E+03
  9.000000E+00    19    17 -5.920268E+04 -2.426523E+03
  9.000000E+00    19    18 -2.562648E+03 -5.067935E+01
  9.000000E+00    19    19  1.023618E+04 -1.137773E+03
  9.000000E+00    19    20  7.192817E+03 -8.039822E+02
  9.000000E+00    19    21  6.534984E+03  1.713027E+03
  9.000000E+00    19    22  4.849479E+04 -2.517641E+04
  9.000000E+00    19    23  3.580784E+05  1.073393E+05
  9.000000E+00    19    24  3.636043E+05  1.562202E+04
  9.000000E+00    19    25 -2.512914E+02 -4.281212E+02
  9.000000E+00    19    26  1.163896E+02 -1.616713E+02
  9.000000E+00    19    27  1.602288E+02 -1.296416E+02
  9.000000E+00    19    28  7.599298E+02 -1.069350E+03
  9.000000E+00    19    29  1.432894E+03  2.832913E+03
  9.000000E+00    19    30 -6.807420E+00  7.310745E+00
  9.000000E+00    20     1  1.638355E+04  1.698259E+03
  9.000000E+00    20     2 -5.042760E+03 -9.137989E+02
  9.000000E+00    20     3  3.352474E+03 -5.319521E+01
  9.000000E+00    20     4 -6.581169E+04 -7.742040E+03
  9.000000E+00    20     5 -2.409623E+05 -1.828602E+04
  9.000000E+00    20     6 -5.867833E+03 -4.129358E+02
  9.000000E+00    20     7  1.803320E+04 -1.655170E+02
  9.000000E+00    20     8  2.128125E+03 -1.740287E+02
  9.000000E+00    20     9  1.050007E+02 -3.460979E-01
  9.000000E+00    20    10  4.198855E+04 -1.579293E+03
  9.000000E+00    20    11 -3.244910E+05  1.458319E+03
  9.000000E+00    20    12 -4.807211E+03 -4.689812E+01
  9.000000E+00    20    13  1.474552E+03 -6.274562E+02
  9.000000E+00    20    14 -2.663270E+03 -9.305704E+01
  9.000000E+00    20    15 -1.467044E+03  1.509336E+02
  9.000000E+00    20    16 -2.936001E+04 -7.269618E+02
  9.000000E+00    20    17 -9.929137E+04  6.266825E+03
  9.000000E+00    20    18 -4.407281E+02 -2.683499E+01
  9.000000E+00    20    19 -7.765159E+02 -1.202177E+03
  9.000000E+00    20    20  1.564273E+04  1.220272E+01
  9.000000E+00    20    21  2.809217E+03  8.650155E+02
  9.000000E+00    20    22  3.968172E+04  2.593412E+04
  9.000000E+00    20    23  1.742625E+05  9.535182E+04
  9.000000E+00    20    24  7.188312E+04  1.320619E+04
  9.000000E+00    20    25 -1.544676E+02 -3.830365E+02
  9.000000E+00    20    26  1.293249E+02  8.487473E+01
  9.000000E+00    20    27  6.866771E+01 -5.941644E+01
  9.000000E+00    20    28  1.058651E+03  5.582403E+02
  9.000000E+00    20    29  1.008892E+03  2.524654E+03
  9.000000E+00    20    30 -2.759676E+00  3.601850E+00
  9.000000E+00    21     1 -7.382157E+03  2.598130E+02
  9.000000E+00    21     2  1.732629E+03  4.337348E+02
  9.000000E+00    21     3 -6.199282E+02  1.343394E+02
  9.000000E+00    21     4  2.042567E+04  3.876453E+03
  9.000000E+00    21     5  1.123480E+05 -3.807424E+03
  9.000000E+00    21     6  3.203464E+03 -4.196039E+00
  9.000000E+00    21     7  1.333359E+02  7.196788E+02
  9.000000E+00    21     8 -1.393192E+01  4.865493E+00
  9.000000E+00    21     9  6.357610E+02  5.443198E+01
  9.000000E+00    21    10  1.879127E+02  2.295637E+01
  9.000000E+00    21    11 -2.625409E+03 -6.557891E+03
  9.000000E+00    21    12 -3.150476E+01  6.824122E+00
  9.000000E+00    21    13  5.714325E+02  5.426683E+02
  9.000000E+00    21    14  2.306061E+02  3.193548E+00
  9.000000E+00    21    15  6.611693E+02  4.596743E+00
  9.000000E+00    21    16  1.436793E+03 -8.175627E+01
  9.000000E+00    21    17 -6.126703E+03 -5.373058E+03
  9.000000E+00    21    18  1.423233E+02  1.252050E+01
  9.000000E+00    21    19  3.641775E+03  2.220092E+02
  9.000000E+00    21    20  7.665234E+02  8.760487E+01
  9.000000E+00    21    21  1.849768E+04  1.604437E+03
  9.000000E+00    21    22 -3.228512E+03  4.366718E+03
  9.000000E+00    21    23 -1.030104E+05 -2.914677E+04
  9.000000E+00    21    24 -4.718950E+04 -1.640618E+03
  9.000000E+00    21    25  6.357024E+01  1.321462E+02
  9.000000E+00    21    26 -3.507704E+01  3.556298E+01
  9.000000E+00    21    27 -3.203275E+01 -1.164365E+02
  9.000000E+00    21    28 -2.300575E+02  2.362404E+02
  9.000000E+00    21    29 -3.966460E+02 -8.712437E+02
  9.000000E+00    21    30 -6.161680E+00  5.940104E+00
  9.000000E+00    22     1  1.403360E+04  8.057356E+03
  9.000000E+00    22     2 -1.648426E+04  9.923438E+02
  9.000000E+00    22     3  3.262730E+03  1.268240E+03
  9.000000E+00    22     4 -1.773684E+05  3.360821E+03
  9.000000E+00    22     5 -1.994422E+05 -1.099652E+05
  9.000000E+00    22     6 -4.082290E+03 -2.027615E+03
  9.000000E+00    22     7  1.008104E+05  3.098272E+04
  9.000000E+00    22     8  1.686388E+04 -1.698878E+03
  9.000000E+00    22     9  2.096902E+04 -2.504789E+03
  9.000000E+00    22    10  2.616808E+05 -1.522750E+04
  9.000000E+00    22    11 -1.511594E+06 -2.914534E+05
  9.000000E+00    22    12 -1.708829E+04 -5.904984E+02
  9.000000E+00    22    13 -4.101811E+04 -3.360302E+04
  9.000000E+00    22    14  6.009600E+03 -1.663370E+03
  9.000000E+00    22    15 -2.795840E+04  2.585012E+03
  9.000000E+00    22    16  1.057456E+05 -1.138336E+04
  9.000000E+00    22    17  1.478095E+05  3.209931E+05
  9.000000E+00    22    18 -7.472861E+03 -1.130562E+03
  9.000000E+00    22    19  1.533368E+04 -3.944279E+03
  9.000000E+00    22    20  4.872593E+04  3.157165E+04
  9.000000E+00    22    21 -2.154071E+02  1.393425E+03
  9.000000E+00    22    22  1.200812E+07  2.788165E+06
  9.000000E+00    22    23 -7.782057E+04  1.938135E+05
  9.000000E+00    22    24  6.462172E+05  7.542970E+04
  9.000000E+00    22    25  1.201198E+01 -5.198030E+02
  9.000000E+00    22    26  6.032550E+03  1.196692E+04
  9.000000E+00    22    27  1.834239E+01  3.211852E+01
  9.000000E+00    22    28  4.233284E+04  7.914525E+04
  9.000000E+00    22    29 -3.562387E+02  3.008114E+03
  9.000000E+00    22    30  9.805080E+00  1.006616E+00
  9.000000E+00    23     1 -3.546510E+05  2.169811E+04
  9.000000E+00    23     2  1.044367E+05  2.349415E+04
  9.000000E+00    23     3 -4.791755E+04  2.021532E+03
  9.000000E+00    23     4  1.276819E+06  2.014343E+05
  9.000000E+00    23     5  5.617254E+06 -2.867366E+05
  9.000000E+00    23     6  1.789130E+05 -1.095122E+03
  9.000000E+00    23     7 -6.493845E+04 -6.041943E+03
  9.000000E+00    23     8  6.948755E+03 -2.850659E+03
  9.000000E+00    23     9 -1.094068E+04  7.924572E+02
  9.000000E+00    23    10  4.947412E+04 -2.583532E+04
  9.000000E+00    23    11  1.073634E+06  5.671665E+04
  9.000000E+00    23    12  8.852851E+03 -9.271975E+02
  9.000000E+00    23    13 -1.291729E+04 -2.089614E+04
  9.000000E+00    23    14  1.196783E+03  4.718670E+03
  9.000000E+00    23    15 -1.556932E+04 -1.810735E+03
  9.000000E+00    23    16 -2.622878E+04  4.723459E+04
  9.000000E+00    23    17  1.599231E+05  2.017289E+05
  9.000000E+00    23    18  3.887828E+03  2.869490E+02
  9.000000E+00    23    19  1.522993E+05 -1.793405E+04
  9.000000E+00    23    20  7.562781E+03  9.616128E+03
  9.000000E+00    23    21 -9.270268E+04 -1.918043E+04
  9.000000E+00    23    22 -4.096246E+05  3.244644E+05
  9.000000E+00    23    23  6.111912E+06  1.080755E+06
  9.000000E+00    23    24 -2.747888E+06 -2.592601E+04
  9.000000E+00    23    25 -1.711511E+03 -4.029038E+03
  9.000000E+00    23    26 -1.989289E+03  2.303996E+03
  9.000000E+00    23    27 -2.018600E+03  1.776579E+03
  9.000000E+00    23    28 -1.326889E+04  1.511541E+04
  9.000000E+00    23    29  1.366406E+04  2.641060E+04
  9.000000E+00    23    30  9.784566E+01 -8.836073E+01
  9.000000E+00    24     1 -8.880002E+05 -7.626962E+04
  9.000000E+00    24     2  2.710489E+05  5.516650E+04
  9.000000E+00    24     3 -1.829648E+05  4.614592E+03
  9.000000E+00    24     4  3.606742E+06  4.632691E+05
  9.000000E+00    24     5  1.307081E+07  7.862822E+05
  9.000000E+00    24     6  3.195251E+05  1.963211E+04
  9.000000E+00    24     7 -2.397377E+05  2.708849E+04
  9.000000E+00    24     8  7.894151E+04 -5.740903E+03
  9.000000E+00    24     9 -2.294526E+03 -6.845640E+02
  9.000000E+00    24    10  1.472636E+06 -5.197782E+04
  9.000000E+00    24    11  4.339902E+06 -2.504164E+05
  9.000000E+00    24    12 -6.069301E+04 -1.086216E+03
  9.000000E+00    24    13  4.200038E+05  2.992673E+03
  9.000000E+00    24    14  1.295066E+05 -4.050188E+03
  9.000000E+00    24    15 -8.728054E+03 -7.855379E+03
  9.000000E+00    24    16  2.202639E+06 -4.033821E+04
  9.000000E+00    24    17 -7.412252E+06 -4.552637E+04
  9.000000E+00    24    18 -1.073132E+05 -1.085391E+03
  9.000000E+00    24    19  4.520188E+05  5.364356E+04
  9.000000E+00    24    20 -3.615971E+05  2.478056E+04
  9.000000E+00    24    21 -1.780653E+05 -5.285325E+04
  9.000000E+00    24    22 -2.395191E+06  4.706488E+05
  9.000000E+00    24    23 -1.226964E+07 -4.522508E+06
  9.000000E+00    24    24  1.239233E+07 -5.270222E+05
  9.000000E+00    24    25  8.496788E+03  1.836563E+04
  9.000000E+00    24    26 -4.793910E+03  4.104651E+03
  9.000000E+00    24    27 -4.792247E+03  3.887688E+03
  9.000000E+00    24    28 -3.166706E+04  2.723109E+04
  9.000000E+00    24    29 -5.554074E+04 -1.213891E+05
  9.000000E+00    24    30  2.095464E+02 -2.263389E+02
  9.000000E+00    25     1 -1.634787E+02 -2.524905E+02
  9.000000E+00    25     2 -2.485601E+00  1.230989E+01
  9.000000E+00    25     3 -2.806678E+01 -3.532256E+00
  9.000000E+00    25     4 -6.667975E+01  8.932784E+01
  9.000000E+00    25     5  1.890651E+03  2.881781E+03
  9.000000E+00    25     6  2.927460E+01  4.557482E+01
  9.000000E+00    25     7  5.682739E+01  8.344347E+01
  9.000000E+00    25     8 -5.192006E+01  3.179174E+01
  9.000000E+00    25     9  1.019028E+01 -4.363988E+00
  9.000000E+00    25    10 -4.772260E+02  2.887029E+02
  9.000000E+00    25    11 -5.177378E+02 -7.685834E+02
  9.000000E+00    25    12 -1.149432E+01  8.919845E+00
  9.000000E+00    25    13  6.291479E+01  9.278470E+01
  9.000000E+00    25    14  5.282541E+01 -3.254541E+01
  9.000000E+00    25    15  1.053939E+01 -5.108187E+00
  9.000000E+00    25    16  4.811091E+02 -3.233617E+02
  9.000000E+00    25    17 -5.920846E+02 -9.303875E+02
  9.000000E+00    25    18  1.249311E+01 -4.271655E+00
  9.000000E+00    25    19  5.941906E+01  1.907707E+02
  9.000000E+00    25    20  1.054606E+01  9.784978E+00
  9.000000E+00    25    21 -1.274722E+01 -2.709885E+01
  9.000000E+00    25    22 -3.049236E+01  1.358058E+01
  9.000000E+00    25    23 -6.394597E+03 -1.333573E+04
  9.000000E+00    25    24 -7.469720E+02 -1.142429E+03
  9.000000E+00    25    25  7.500803E+02  5.369333E+01
  9.000000E+00    25    26  7.094222E-01 -1.029572E-01
  9.000000E+00    25    27  2.940119E+00  3.842229E-01
  9.000000E+00    25    28  3.919300E+01 -7.881736E-03
  9.000000E+00    25    29 -5.239356E+03 -3.538369E+02
  9.000000E+00    25    30 -7.678972E-01 -8.392467E-02
  9.000000E+00    26     1 -3.004624E+01  3.617685E+01
  9.000000E+00    26     2 -5.119518E+01  2.868488E+01
  9.000000E+00    26     3 -5.138897E+00  8.611309E+00
  9.000000E+00    26     4 -4.536173E+02  2.223740E+02
  9.000000E+00    26     5  4.251406E+02 -5.375161E+02
  9.000000E+00    26     6 -1.184147E+00 -6.520863E+00
  9.000000E+00    26     7  9.953229E+01  1.456698E+02
  9.000000E+00    26     8  2.917271E+01 -1.824235E+01
  9.000000E+00    26     9  1.813014E+01 -8.273168E+00
  9.000000E+00    26    10  2.623725E+02 -1.650559E+02
  9.000000E+00    26    11 -8.863157E+02 -1.364811E+03
  9.000000E+00    26    12  7.755791E+00 -5.005726E+00
  9.000000E+00    26    13 -1.028370E+02 -1.505581E+02
  9.000000E+00    26    14  3.442459E+01 -1.942976E+01
  9.000000E+00    26    15 -1.800967E+01  7.649216E+00
  9.000000E+00    26    16  3.376431E+02 -1.622913E+02
  9.000000E+00    26    17  9.939473E+02  1.428049E+03
  9.000000E+00    26    18  4.033093E+00 -7.548141E+00
  9.000000E+00    26    19  1.372589E+01 -1.383332E+01
  9.000000E+00    26    20  4.080967E+01  1.472771E+02
  9.000000E+00    26    21 -1.097848E+01  5.839782E+00
  9.000000E+00    26    22  6.069287E+03  1.214501E+04
  9.000000E+00    26    23 -5.712628E+02  3.194218E+02
  9.000000E+00    26    24 -7.333650E+01  3.287882E+02
  9.000000E+00    26    25  2.858241E+00  3.798274E-01
  9.000000E+00    26    26  7.637277E+02  5.372488E+01
  9.000000E+00    26    27  1.357323E+00  3.705733E-01
  9.000000E+00    26    28  5.369577E+03  3.552188E+02
  9.000000E+00    26    29 -4.096111E+01 -4.401430E+00
  9.000000E+00    26    30 -3.437892E-01 -1.153959E-02
  9.000000E+00    27     1  2.414799E-01 -2.708589E-01
  9.000000E+00    27     2 -1.819134E-03 -5.977228E-02
  9.000000E+00    27     3 -4.092376E-02 -3.730118E-02
  9.000000E+00    27     4 -4.371774E-02 -5.586215E-01
  9.000000E+00    27     5 -3.263314E+00  3.308661E+00
  9.000000E+00    27     6 -6.257617E-02  4.597938E-02
  9.000000E+00    27     7  1.169497E-01 -3.003529E-01
  9.000000E+00    27     8 -2.880425E-02 -4.661679E-03
  9.000000E+00    27     9 -8.467481E-02 -2.180765E-02
  9.000000E+00    27    10 -2.685595E-01 -3.547855E-02
  9.000000E+00    27    11 -1.186866E+00  2.737651E+00
  9.000000E+00    27    12 -6.393657E-03 -2.298859E-03
  9.000000E+00    27    13  1.915213E-01 -5.701840E-02
  9.000000E+00    27    14 -1.230064E-02  8.056433E-02
  9.000000E+00    27    15 -5.458877E-02 -2.412667E-02
  9.000000E+00    27    16 -1.406069E-01  7.653627E-01
  9.000000E+00    27    17 -1.957175E+00  6.020088E-01
  9.000000E+00    27    18  1.712278E-03  1.387744E-02
  9.000000E+00    27    19  5.384704E-01  3.738604E-02
  9.000000E+00    27    20  3.463640E-01 -9.627610E-02
  9.000000E+00    27    21 -7.055901E+01 -5.928932E-01
  9.000000E+00    27    22 -1.900190E+01 -9.434732E+00
  9.000000E+00    27    23  8.532379E+00 -7.223608E-01
  9.000000E+00    27    24  5.896891E-01 -1.008458E+00
  9.000000E+00    27    25 -6.024439E-01 -5.607878E-03
  9.000000E+00    27    26 -6.873643E-01 -4.488218E-02
  9.000000E+00    27    27  7.161003E+01  4.264719E-02
  9.000000E+00    27    28 -7.794255E+00 -2.967762E-01
  9.000000E+00    27    29  7.581907E+00  3.762534E-02
  9.000000E+00    27    30 -5.145379E-01 -2.233019E-03
  9.000000E+00    28     1 -2.073167E+02  2.420885E+02
  9.000000E+00    28     2 -3.517090E+02  1.937424E+02
  9.000000E+00    28     3 -3.539777E+01  5.851958E+01
  9.000000E+00    28     4 -3.116875E+03  1.499878E+03
  9.000000E+00    28     5  2.925253E+03 -3.609805E+03
  9.000000E+00    28     6 -8.226248E+00 -4.389239E+01
  9.000000E+00    28     7  6.818973E+02  9.959509E+02
  9.000000E+00    28     8  1.990211E+02 -1.229921E+02
  9.000000E+00    28     9  1.211544E+02 -5.691410E+01
  9.000000E+00    28    10  1.788039E+03 -1.112746E+03
  9.000000E+00    28    11 -6.077518E+03 -9.331601E+03
  9.000000E+00    28    12  5.298658E+01 -3.380004E+01
  9.000000E+00    28    13 -7.032850E+02 -1.026407E+03
  9.000000E+00    28    14  2.368623E+02 -1.316477E+02
  9.000000E+00    28    15 -1.200228E+02  5.251017E+01
  9.000000E+00    28    16  2.321719E+03 -1.099057E+03
  9.000000E+00    28    17  6.810033E+03  9.735628E+03
  9.000000E+00    28    18  2.783072E+01 -5.129245E+01
  9.000000E+00    28    19  9.953219E+01 -9.110841E+01
  9.000000E+00    28    20  5.459908E+02  1.005465E+03
  9.000000E+00    28    21 -9.797489E+01  3.959184E+01
  9.000000E+00    28    22  4.462124E+04  8.298261E+04
  9.000000E+00    28    23 -4.009076E+03  1.959973E+03
  9.000000E+00    28    24 -5.312942E+02  2.222238E+03
  9.000000E+00    28    25  3.865999E+01  3.419524E+00
  9.000000E+00    28    26  5.506920E+03  3.669124E+02
  9.000000E+00    28    27  1.545966E+01  2.500896E+00
  9.000000E+00    28    28  4.763800E+04  2.425980E+03
  9.000000E+00    28    29 -4.437180E+02 -3.549914E+01
  9.000000E+00    28    30  1.852343E-01 -7.815970E-02
  9.000000E+00    29     1  1.099243E+03  1.717619E+03
  9.000000E+00    29     2  2.047709E+01 -8.539161E+01
  9.000000E+00    29     3  1.878386E+02  2.482643E+01
  9.000000E+00    29     4  4.865977E+02 -6.169631E+02
  9.000000E+00    29     5 -1.276227E+04 -1.959825E+04
  9.000000E+00    29     6 -1.985096E+02 -3.101360E+02
  9.000000E+00    29     7 -4.010209E+02 -5.629159E+02
  9.000000E+00    29     8  3.500106E+02 -2.113561E+02
  9.000000E+00    29     9 -6.750980E+01  3.145131E+01
  9.000000E+00    29    10  3.216380E+03 -1.919797E+03
  9.000000E+00    29    11  3.657675E+03  5.188884E+03
  9.000000E+00    29    12  7.728393E+01 -5.931257E+01
  9.000000E+00    29    13 -4.298953E+02 -6.058284E+02
  9.000000E+00    29    14 -3.601107E+02  2.185863E+02
  9.000000E+00    29    15 -6.753059E+01  3.544287E+01
  9.000000E+00    29    16 -3.278630E+03  2.169483E+03
  9.000000E+00    29    17  4.052552E+03  6.083473E+03
  9.000000E+00    29    18 -8.499724E+01  2.916967E+01
  9.000000E+00    29    19 -6.550168E+02 -1.289625E+03
  9.000000E+00    29    20 -7.525457E+01 -7.795441E+01
  9.000000E+00    29    21  1.160168E+02  2.188920E+02
  9.000000E+00    29    22 -3.128459E+02 -8.952615E+02
  9.000000E+00    29    23  4.618848E+04  9.013423E+04
  9.000000E+00    29    24  5.082043E+03  7.741095E+03
  9.000000E+00    29    25 -5.354496E+03 -3.626417E+02
  9.000000E+00    29    26 -5.682683E+01 -2.832208E+00
  9.000000E+00    29    27 -4.169819E+01 -5.284571E+00
  9.000000E+00    29    28 -6.842703E+02 -2.326029E+01
  9.000000E+00    29    29  4.603371E+04  2.389974E+03
  9.000000E+00    29    30  1.027686E+01  7.073279E-01
  9.000000E+00    30     1 -4.130895E+00  4.012113E+00
  9.000000E+00    30     2  2.333152E-01  4.753289E-02
  9.000000E+00    30     3  9.128384E-02  5.171237E-01
  9.000000E+00    30     4  2.414482E+00  1.324781E+00
  9.000000E+00    30     5  4.838668E+01 -4.687826E+01
  9.000000E+00    30     6  7.928291E-01 -7.393894E-01
  9.000000E+00    30     7 -2.315501E+00  2.785545E+00
  9.000000E+00    30     8  6.734756E-02 -2.309591E-02
  9.000000E+00    30     9  3.652039E-01  3.027674E-01
  9.000000E+00    30    10  5.798846E-01 -3.097548E-01
  9.000000E+00    30    11  2.181692E+01 -2.526945E+01
  9.000000E+00    30    12  1.967934E-02  1.513081E-02
  9.000000E+00    30    13 -2.773562E+00  2.328244E+00
  9.000000E+00    30    14  1.455597E-01 -1.190025E-01
  9.000000E+00    30    15  2.963866E-01  3.233794E-01
  9.000000E+00    30    16  1.787397E+00 -1.517856E+00
  9.000000E+00    30    17  2.688673E+01 -2.257057E+01
  9.000000E+00    30    18 -4.178360E-02  4.197046E-02
  9.000000E+00    30    19  1.421786E+00 -8.244376E-01
  9.000000E+00    30    20  9.282391E-01 -2.107722E-01
  9.000000E+00    30    21 -1.201530E+01  9.057282E+00
  9.000000E+00    30    22  2.887610E+01  2.185389E+01
  9.000000E+00    30    23 -1.941914E+01  1.871060E+01
  9.000000E+00    30    24 -1.194744E+01  1.372594E+01
  9.000000E+00    30    25 -2.887244E-01 -6.865296E-03
  9.000000E+00    30    26  8.026916E-01  1.072770E-01
  9.000000E+00    30    27  2.060876E+00 -6.614888E-01
  9.000000E+00    30    28  8.451464E+00  7.115985E-01
  9.000000E+00    30    29  5.354583E+00  5.193264E-02
  9.000000E+00    30    30  4.683617E+01  3.470222E-02
  1.000000E+01     1     1 -9.696980E+03 -2.286149E+02
  1.000000E+01     1     2  4.281058E+03  7.470994E+02
  1.000000E+01     1     3 -3.338993E+03  2.269378E+02
  1.000000E+01     1     4  5.430597E+04  6.484452E+03
  1.000000E+01     1     5  1.512605E+05  1.415619E+03
  1.000000E+01     1     6  8.797659E+03  1.366783E+02
  1.000000E+01     1     7  4.536247E+02  2.124824E+02
  1.000000E+01     1     8  9.949342E+00 -8.133747E+01
  1.000000E+01     1     9  4.303795E+01 -7.796756E+01
  1.000000E+01     1    10  7.816388E+01 -7.526163E+02
  1.000000E+01     1    11 -4.230565E+03 -2.088901E+03
  1.000000E+01     1    12  2.030440E+00 -2.123658E+01
  1.000000E+01     1    13  5.091259E+02 -5.182993E+02
  1.000000E+01     1    14  3.934679E+02 -2.666106E+02
  1.000000E+01     1    15 -1.180869E+02 -1.023720E+02
  1.000000E+01     1    16  3.691389E+03 -2.499694E+03
  1.000000E+01     1    17 -4.977616E+03  4.858501E+03
  1.000000E+01     1    18  9.563659E+01 -7.455459E+01
  1.000000E+01     1    19  3.421789E+03  5.785185E+02
  1.000000E+01     1    20  2.225779E+03  6.627714E+02
  1.000000E+01     1    21 -4.166862E+03 -9.825023E+02
  1.000000E+01     1    22  7.889336E+03  2.450653E+04
  1.000000E+01     1    23 -2.254828E+05 -3.662668E+04
  1.000000E+01     1    24 -1.041903E+05 -2.971344E+03
  1.000000E+01     1    25  1.522052E+02  1.544712E+02
  1.000000E+01     1    26 -1.257051E+01  1.223485E+02
  1.000000E+01     1    27 -4.973465E+01  7.172747E+01
  1.000000E+01     1    28 -8.649438E+01  8.266341E+02
  1.000000E+01     1    29 -1.019198E+03 -1.046815E+03
  1.000000E+01     1    30  1.353929E+00 -3.036965E+00
  1.000000E+01     2     1 -9.094626E+03 -1.222041E+02
  1.000000E+01     2     2  7.075455E+03  8.038541E+02
  1.000000E+01     2     3 -1.825869E+03  1.313656E+02
  1.000000E+01     2     4  8.324983E+04  7.064828E+03
  1.000000E+01     2     5  1.351190E+05  6.585206E+01
  1.000000E+01     2     6  3.957776E+03  1.209618E+02
  1.000000E+01     2     7  2.298138E+02  2.062363E+02
  1.000000E+01     2     8  1.297152E+02 -4.913961E+01
  1.000000E+01     2     9  4.374006E+01 -3.153454E+01
  1.000000E+01     2    10  1.211425E+03 -4.555345E+02
  1.000000E+01     2    11 -2.096062E+03 -1.979390E+03
  1.000000E+01     2    12  3.291859E+01 -1.469988E+01
  1.000000E+01     2    13  3.387668E+02 -5.324324E+02
  1.000000E+01     2    14  3.170808E+02 -2.776907E+02
  1.000000E+01     2    15 -1.187299E+02 -7.081145E+01
  1.000000E+01     2    16  2.983503E+03 -2.597425E+03
  1.000000E+01     2    17 -3.325817E+03  5.026956E+03
  1.000000E+01     2    18  7.424164E+01 -7.665118E+01
  1.000000E+01     2    19  4.459490E+03  2.901635E+02
  1.000000E+01     2    20  4.453243E+02  6.467687E+02
  1.000000E+01     2    21 -1.992176E+03 -7.347775E+02
  1.000000E+01     2    22 -1.465719E+03  2.353064E+04
  1.000000E+01     2    23 -1.230283E+05 -1.797963E+04
  1.000000E+01     2    24 -1.744497E+04 -2.717285E+03
  1.000000E+01     2    25  1.146604E+02  8.531524E+01
  1.000000E+01     2    26 -2.304397E+01  1.197632E+02
  1.000000E+01     2    27 -2.793599E+01  5.608276E+01
  1.000000E+01     2    28 -1.576188E+02  8.081148E+02
  1.000000E+01     2    29 -7.679882E+02 -5.799745E+02
  1.000000E+01     2    30  6.912143E-01 -2.330765E+00
  1.000000E+01     3     1  8.971933E+03  3.718836E+02
  1.000000E+01     3     2 -1.948105E+03 -3.736317E+02
  1.000000E+01     3     3  3.127567E+03 -3.309969E+01
  1.000000E+01     3     4 -2.259992E+04 -3.266269E+03
  1.000000E+01     3     5 -1.376925E+05 -3.809489E+03
  1.000000E+01     3     6 -4.115983E+03 -1.175048E+02
  1.000000E+01     3     7 -1.950335E+02  2.467638E+00
  1.000000E+01     3     8 -5.249648E+01 -3.204042E+01
  1.000000E+01     3     9  2.418269E+00  2.978900E+01
  1.000000E+01     3    10 -4.882774E+02 -3.066982E+02
  1.000000E+01     3    11  1.828325E+03 -5.320721E+00
  1.000000E+01     3    12 -1.391477E+01 -6.663143E+00
  1.000000E+01     3    13 -2.269641E+02  3.533580E+02
  1.000000E+01     3    14 -1.396487E+02  1.960201E+02
  1.000000E+01     3    15  7.948838E+01  4.214876E+01
  1.000000E+01     3    16 -1.299849E+03  1.833142E+03
  1.000000E+01     3    17  2.267348E+03 -3.355735E+03
  1.000000E+01     3    18 -3.467744E+01  5.275991E+01
  1.000000E+01     3    19 -4.634994E+03 -2.937748E+02
  1.000000E+01     3    20 -1.254402E+03 -3.380675E+02
  1.000000E+01     3    21  2.937663E+03  7.780384E+02
  1.000000E+01     3    22 -4.243374E+03 -1.180146E+04
  1.000000E+01     3    23  1.563713E+05  1.390933E+04
  1.000000E+01     3    24  6.194123E+04  2.323968E+03
  1.000000E+01     3    25 -1.123809E+02 -5.839079E+01
  1.000000E+01     3    26  6.209791E+00 -5.848451E+01
  1.000000E+01     3    27  1.473460E+01 -5.401956E+01
  1.000000E+01     3    28  4.218403E+01 -3.948633E+02
  1.000000E+01     3    29  7.507593E+02  3.959435E+02
  1.000000E+01     3    30 -1.007717E-01  2.220808E+00
  1.000000E+01     4     1 -1.447140E+05 -3.721380E+03
  1.000000E+01     4     2  9.102276E+04  1.012942E+04
  1.000000E+01     4     3 -2.950548E+04  1.741262E+03
  1.000000E+01     4     4  1.223614E+06  8.878679E+04
  1.000000E+01     4     5  2.142632E+06  2.697589E+04
  1.000000E+01     4     6  5.991884E+04  1.953605E+03
  1.000000E+01     4     7  3.967136E+03  2.117027E+03
  1.000000E+01     4     8  1.256147E+03 -2.716562E+02
  1.000000E+01     4     9  4.324210E+02 -5.946415E+02
  1.000000E+01     4    10  1.171842E+04 -2.448147E+03
  1.000000E+01     4    11 -3.669640E+04 -2.050742E+04
  1.000000E+01     4    12  3.244745E+02 -9.453467E+01
  1.000000E+01     4    13  5.271860E+03 -7.214595E+03
  1.000000E+01     4    14  4.293312E+03 -3.911192E+03
  1.000000E+01     4    15 -1.618438E+03 -1.062008E+03
  1.000000E+01     4    16  4.028613E+04 -3.662657E+04
  1.000000E+01     4    17 -5.188926E+04  6.803056E+04
  1.000000E+01     4    18  1.026423E+03 -1.069943E+03
  1.000000E+01     4    19  7.055555E+04  5.474343E+03
  1.000000E+01     4    20  5.443935E+03  8.375584E+03
  1.000000E+01     4    21 -3.104436E+04 -1.218263E+04
  1.000000E+01     4    22 -7.460324E+03  3.008400E+05
  1.000000E+01     4    23 -1.931052E+06 -3.139123E+05
  1.000000E+01     4    24 -1.618239E+05 -4.252344E+04
  1.000000E+01     4    25  1.819525E+03  1.393717E+03
  1.000000E+01     4    26 -2.749811E+02  1.522007E+03
  1.000000E+01     4    27 -4.614389E+02  8.930610E+02
  1.000000E+01     4    28 -1.875356E+03  1.027409E+04
  1.000000E+01     4    29 -1.219019E+04 -9.458126E+03
  1.000000E+01     4    30  1.176692E+01 -3.719598E+01
  1.000000E+01     5     1  1.860029E+05  1.025050E+04
  1.000000E+01     5     2 -7.707684E+04 -1.305559E+04
  1.000000E+01     5     3  5.848977E+04 -3.370398E+03
  1.000000E+01     5     4 -1.005004E+06 -1.132502E+05
  1.000000E+01     5     5 -2.620034E+06 -9.993373E+04
  1.000000E+01     5     6 -1.447040E+05 -3.607208E+03
  1.000000E+01     5     7 -9.456356E+03 -1.943610E+03
  1.000000E+01     5     8  1.606101E+02 -6.557336E+01
  1.000000E+01     5     9 -3.490159E+02  1.603014E+03
  1.000000E+01     5    10  1.771338E+03 -8.489046E+02
  1.000000E+01     5    11  8.882620E+04  1.972254E+04
  1.000000E+01     5    12  2.585191E+01 -1.958187E+00
  1.000000E+01     5    13 -1.061096E+04  1.048441E+04
  1.000000E+01     5    14 -7.047874E+03  5.935780E+03
  1.000000E+01     5    15  2.389769E+03  2.047833E+03
  1.000000E+01     5    16 -6.581409E+04  5.572455E+04
  1.000000E+01     5    17  1.043875E+05 -9.836664E+04
  1.000000E+01     5    18 -1.750197E+03  1.614786E+03
  1.000000E+01     5    19 -5.368594E+04 -1.355538E+04
  1.000000E+01     5    20 -3.324625E+04 -1.176242E+04
  1.000000E+01     5    21  7.001820E+04  2.425711E+04
  1.000000E+01     5    22 -1.137501E+05 -4.181771E+05
  1.000000E+01     5    23  4.076800E+06  7.627616E+05
  1.000000E+01     5    24  1.525302E+06  7.587302E+04
  1.000000E+01     5    25 -3.486762E+03 -3.126956E+03
  1.000000E+01     5    26  2.360496E+02 -2.078269E+03
  1.000000E+01     5    27  1.042419E+03 -1.700147E+03
  1.000000E+01     5    28  1.608473E+03 -1.404554E+04
  1.000000E+01     5    29  2.337646E+04  2.117106E+04
  1.000000E+01     5    30 -2.887567E+01  7.145132E+01
  1.000000E+01     6     1  5.221541E+03  4.082297E+02
  1.000000E+01     6     2 -2.940278E+03 -2.594424E+02
  1.000000E+01     6     3  1.476763E+03 -5.237378E+01
  1.000000E+01     6     4 -4.536921E+04 -2.242017E+03
  1.000000E+01     6     5 -7.230193E+04 -4.447204E+03
  1.000000E+01     6     6  2.857227E+02 -1.117949E+02
  1.000000E+01     6     7 -2.441531E+02  2.300762E+01
  1.000000E+01     6     8  1.522983E+01 -4.575983E+01
  1.000000E+01     6     9  7.004486E+00  4.096699E+01
  1.000000E+01     6    10  1.408754E+02 -4.363830E+02
  1.000000E+01     6    11  2.309773E+03 -1.908974E+02
  1.000000E+01     6    12  2.841491E+00 -1.121314E+01
  1.000000E+01     6    13 -2.743757E+02  2.588883E+02
  1.000000E+01     6    14 -1.470370E+02  1.546605E+02
  1.000000E+01     6    15  5.877295E+01  5.076250E+01
  1.000000E+01     6    16 -1.365885E+03  1.451953E+03
  1.000000E+01     6    17  2.716973E+03 -2.434874E+03
  1.000000E+01     6    18 -3.814186E+01  4.138316E+01
  1.000000E+01     6    19 -1.253616E+03 -3.879745E+02
  1.000000E+01     6    20  1.207239E+03 -2.400258E+02
  1.000000E+01     6    21  1.727361E+03  7.381929E+02
  1.000000E+01     6    22  5.227471E+03 -7.940354E+03
  1.000000E+01     6    23  1.032403E+05  1.972842E+04
  1.000000E+01     6    24 -7.091345E+04  2.309453E+03
  1.000000E+01     6    25 -1.014624E+02 -7.802074E+01
  1.000000E+01     6    26  5.458651E+00 -3.915265E+01
  1.000000E+01     6    27  2.546274E+01 -5.006088E+01
  1.000000E+01     6    28  3.644933E+01 -2.648543E+02
  1.000000E+01     6    29  6.803557E+02  5.278068E+02
  1.000000E+01     6    30 -6.628289E-01  2.090043E+00
  1.000000E+01     7     1 -2.860133E+02  4.833449E+02
  1.000000E+01     7     2 -1.831240E+01  1.306872E+02
  1.000000E+01     7     3  3.891668E+01  7.530058E+01
  1.000000E+01     7     4 -2.214291E+02  1.171714E+03
  1.000000E+01     7     5  3.374199E+03 -6.125225E+03
  1.000000E+01     7     6  4.995683E+01 -8.289101E+01
  1.000000E+01     7     7  2.756334E+04  4.282865E+02
  1.000000E+01     7     8  1.191329E+03 -4.777692E+01
  1.000000E+01     7     9  3.453079E+02  2.307995E+01
  1.000000E+01     7    10  2.891504E+04 -4.538235E+02
  1.000000E+01     7    11 -4.617387E+05 -4.022191E+03
  1.000000E+01     7    12 -4.951701E+03 -9.931787E+00
  1.000000E+01     7    13 -1.910584E+02  1.896617E+02
  1.000000E+01     7    14  1.466503E+01 -1.712661E+02
  1.000000E+01     7    15  3.891144E+01  2.933650E+01
  1.000000E+01     7    16  1.605932E+02 -1.680820E+03
  1.000000E+01     7    17  1.883641E+03 -1.968104E+03
  1.000000E+01     7    18 -2.455259E+00 -3.043447E+01
  1.000000E+01     7    19  9.918449E+03 -4.967956E+01
  1.000000E+01     7    20  2.141669E+04  1.565933E+02
  1.000000E+01     7    21  5.160597E+02  8.360145E+02
  1.000000E+01     7    22  1.155167E+05  9.154872E+03
  1.000000E+01     7    23 -4.959381E+04 -1.348066E+02
  1.000000E+01     7    24  1.191076E+05  1.876907E+03
  1.000000E+01     7    25  5.571689E+01  1.487667E+01
  1.000000E+01     7    26  9.284786E+01  4.497142E+01
  1.000000E+01     7    27  1.912154E+01 -5.337304E+01
  1.000000E+01     7    28  6.261456E+02  3.037150E+02
  1.000000E+01     7    29 -3.780515E+02 -1.009950E+02
  1.000000E+01     7    30 -6.823578E-01  2.117527E+00
  1.000000E+01     8     1  1.576272E+02 -3.497009E+02
  1.000000E+01     8     2  1.009068E+02 -3.759245E+01
  1.000000E+01     8     3 -2.137046E+01 -5.072623E+01
  1.000000E+01     8     4  9.034324E+02 -2.809686E+02
  1.000000E+01     8     5 -2.017992E+03  4.360941E+03
  1.000000E+01     8     6 -1.636971E+01  6.694959E+01
  1.000000E+01     8     7 -4.744425E+03 -8.118670E+00
  1.000000E+01     8     8  5.639973E+03  4.581037E+02
  1.000000E+01     8     9 -5.251955E+01  1.163751E+01
  1.000000E+01     8    10  6.905769E+04  4.292174E+03
  1.000000E+01     8    11  8.385854E+04  1.791705E+02
  1.000000E+01     8    12  2.375838E+02  1.132078E+02
  1.000000E+01     8    13 -2.202177E+01  2.033067E+02
  1.000000E+01     8    14  1.097376E+02 -7.173566E+01
  1.000000E+01     8    15  4.076958E+01  8.810807E+00
  1.000000E+01     8    16  1.049812E+03 -7.323491E+02
  1.000000E+01     8    17  2.590458E+02 -2.051734E+03
  1.000000E+01     8    18  2.263566E+01 -9.467394E+00
  1.000000E+01     8    19 -3.665876E+03  3.429199E+02
  1.000000E+01     8    20 -3.175425E+03 -1.769429E+02
  1.000000E+01     8    21  5.634696E+01 -4.170367E+01
  1.000000E+01     8    22 -9.685770E+03 -7.059699E+03
  1.000000E+01     8    23  1.417075E+04 -1.074431E+04
  1.000000E+01     8    24  8.430298E+04 -3.810623E+03
  1.000000E+01     8    25 -1.810387E+01  4.491856E+01
  1.000000E+01     8    26  6.576393E+00 -3.464486E+01
  1.000000E+01     8    27 -4.162236E+00 -5.838619E-01
  1.000000E+01     8    28  4.510671E+01 -2.331397E+02
  1.000000E+01     8    29  1.232811E+02 -3.001438E+02
  1.000000E+01     8    30  1.939744E-01 -3.374675E-02
  1.000000E+01     9     1  9.991900E+01  5.813003E+01
  1.000000E+01     9     2  2.865798E+01  9.938232E+00
  1.000000E+01     9     3  1.759513E+01 -7.265194E+00
  1.000000E+01     9     4  2.544132E+02  1.019151E+02
  1.000000E+01     9     5 -1.257583E+03 -6.879314E+02
  1.000000E+01     9     6 -1.637106E+01 -9.024081E+00
  1.000000E+01     9     7  1.870934E+02  1.731289E+01
  1.000000E+01     9     8 -1.440206E+01 -1.875012E+00
  1.000000E+01     9     9  1.639314E+03  3.317106E+01
  1.000000E+01     9    10 -2.801968E+02 -1.972301E+01
  1.000000E+01     9    11 -1.777605E+03 -1.248811E+02
  1.000000E+01     9    12  3.858288E+01  1.036741E-01
  1.000000E+01     9    13  4.949435E+01  3.721160E+01
  1.000000E+01     9    14 -4.266039E+01 -1.372144E+01
  1.000000E+01     9    15  8.054645E+00 -9.480370E+00
  1.000000E+01     9    16 -4.187291E+02 -1.344402E+02
  1.000000E+01     9    17 -5.091799E+02 -3.686438E+02
  1.000000E+01     9    18 -7.446090E+00 -1.769037E+00
  1.000000E+01     9    19  1.853071E+01 -5.129185E+01
  1.000000E+01     9    20  2.912583E+01 -7.191985E+01
  1.000000E+01     9    21  7.461997E+02  6.587486E+01
  1.000000E+01     9    22  1.981487E+04 -4.544783E+03
  1.000000E+01     9    23 -1.091570E+04  3.042328E+03
  1.000000E+01     9    24 -6.707315E+02  1.970884E+02
  1.000000E+01     9    25  4.735204E+00 -1.056794E+01
  1.000000E+01     9    26  9.178593E+00 -1.718556E+01
  1.000000E+01     9    27 -1.022546E+01 -4.351887E+00
  1.000000E+01     9    28  5.986138E+01 -1.165011E+02
  1.000000E+01     9    29 -3.070405E+01  7.198325E+01
  1.000000E+01     9    30  5.005789E-01  1.837070E-01
  1.000000E+01    10     1  1.791008E+03 -3.109938E+03
  1.000000E+01    10     2  9.928810E+02 -3.340532E+02
  1.000000E+01    10     3 -1.545578E+02 -4.983666E+02
  1.000000E+01    10     4  8.887246E+03 -2.455955E+03
  1.000000E+01    10     5 -2.281450E+04  3.889032E+04
  1.000000E+01    10     6 -2.111146E+02  5.997729E+02
  1.000000E+01    10     7 -8.487027E+04 -1.293052E+02
  1.000000E+01    10     8  7.102634E+04  4.162227E+03
  1.000000E+01    10     9 -7.451318E+02  1.840870E+02
  1.000000E+01    10    10  1.045159E+06  3.899360E+04
  1.000000E+01    10    11  1.504326E+06  2.242585E+03
  1.000000E+01    10    12  9.323366E+02  1.029019E+03
  1.000000E+01    10    13 -6.260389E+01  1.877255E+03
  1.000000E+01    10    14  8.946823E+02 -6.327542E+02
  1.000000E+01    10    15  3.734328E+02  5.477512E+01
  1.000000E+01    10    16  8.530255E+03 -6.466637E+03
  1.000000E+01    10    17  9.447214E+02 -1.891004E+04
  1.000000E+01    10    18  1.878541E+02 -8.104482E+01
  1.000000E+01    10    19 -6.626023E+04  2.956689E+03
  1.000000E+01    10    20 -5.627932E+04 -1.805606E+03
  1.000000E+01    10    21  7.720482E+02 -4.076752E+02
  1.000000E+01    10    22 -1.840136E+05 -7.664464E+04
  1.000000E+01    10    23  2.200274E+05 -8.791725E+04
  1.000000E+01    10    24  1.594373E+06 -3.450569E+04
  1.000000E+01    10    25 -1.793454E+02  3.705182E+02
  1.000000E+01    10    26  6.027935E+01 -3.638492E+02
  1.000000E+01    10    27 -6.513223E+01 -3.495694E+00
  1.000000E+01    10    28  4.129354E+02 -2.450837E+03
  1.000000E+01    10    29  1.219414E+03 -2.471717E+03
  1.000000E+01    10    30  2.831942E+00 -3.403741E-01
  1.000000E+01    11     1  2.241465E+03 -4.455223E+03
  1.000000E+01    11     2  1.759327E+02 -1.148955E+03
  1.000000E+01    11     3 -3.862607E+02 -6.487466E+02
  1.000000E+01    11     4  2.052506E+03 -1.027671E+04
  1.000000E+01    11     5 -2.641453E+04  5.629896E+04
  1.000000E+01    11     6 -3.839584E+02  7.671881E+02
  1.000000E+01    11     7 -4.691072E+05 -3.588375E+03
  1.000000E+01    11     8 -2.526702E+04  7.830395E+02
  1.000000E+01    11     9 -4.201558E+03 -2.504524E+02
  1.000000E+01    11    10 -5.859276E+05  7.391909E+03
  1.000000E+01    11    11  8.202826E+06  3.370892E+04
  1.000000E+01    11    12  9.298107E+04  1.776573E+02
  1.000000E+01    11    13  1.494921E+03 -1.452088E+03
  1.000000E+01    11    14  4.249039E+01  1.362770E+03
  1.000000E+01    11    15 -2.979865E+02 -2.234814E+02
  1.000000E+01    11    16  2.653987E+02  1.335157E+04
  1.000000E+01    11    17 -1.467268E+04  1.507956E+04
  1.000000E+01    11    18  5.264794E+01  2.435079E+02
  1.000000E+01    11    19 -1.756118E+05  8.560903E+02
  1.000000E+01    11    20 -3.884834E+05 -1.318898E+03
  1.000000E+01    11    21 -8.860747E+03 -7.083724E+03
  1.000000E+01    11    22 -1.807646E+06 -7.362421E+04
  1.000000E+01    11    23  7.041465E+05 -1.672666E+04
  1.000000E+01    11    24 -2.353524E+06 -1.912931E+04
  1.000000E+01    11    25 -4.740150E+02 -5.412788E+01
  1.000000E+01    11    26 -7.897986E+02 -3.714548E+02
  1.000000E+01    11    27 -1.411673E+02  4.493866E+02
  1.000000E+01    11    28 -5.315410E+03 -2.506912E+03
  1.000000E+01    11    29  3.213705E+03  3.718004E+02
  1.000000E+01    11    30  4.671688E+00 -1.790988E+01
  1.000000E+01    12     1 -1.755020E+01 -1.033146E+02
  1.000000E+01    12     2  1.547516E+01 -1.146301E+01
  1.000000E+01    12     3 -1.189350E+01 -7.251241E+00
  1.000000E+01    12     4  1.393072E+02 -9.208282E+01
  1.000000E+01    12     5  2.062813E+02  1.271538E+03
  1.000000E+01    12     6  6.225439E+00  1.902670E+01
  1.000000E+01    12     7  3.309739E+03  9.751363E+00
  1.000000E+01    12     8 -6.790131E+02  1.220704E+02
  1.000000E+01    12     9  1.464277E+02 -8.876770E+00
  1.000000E+01    12    10 -1.408914E+04  1.144352E+03
  1.000000E+01    12    11 -5.546769E+04 -7.842596E+01
  1.000000E+01    12    12  3.626858E+03  3.017101E+01
  1.000000E+01    12    13 -2.770905E+01  5.284937E+01
  1.000000E+01    12    14  4.516450E+01 -2.510572E+01
  1.000000E+01    12    15  1.101213E+01  6.218372E+00
  1.000000E+01    12    16  4.361701E+02 -2.539583E+02
  1.000000E+01    12    17  2.924812E+02 -5.395685E+02
  1.000000E+01    12    18  8.763193E+00 -3.834251E+00
  1.000000E+01    12    19  3.175496E+03  1.191416E+02
  1.000000E+01    12    20  1.722224E+03 -1.669296E+01
  1.000000E+01    12    21 -1.715999E+01 -2.565106E-01
  1.000000E+01    12    22  4.378790E+03  5.121295E+01
  1.000000E+01    12    23 -6.552324E+03 -4.522425E+03
  1.000000E+01    12    24 -1.021168E+05 -1.021172E+03
  1.000000E+01    12    25 -2.469929E+00  1.849161E+01
  1.000000E+01    12    26  2.812198E+00 -1.620397E+00
  1.000000E+01    12    27  3.184963E+00 -8.794446E-01
  1.000000E+01    12    28  1.902392E+01 -1.053540E+01
  1.000000E+01    12    29  1.691180E+01 -1.242185E+02
  1.000000E+01    12    30 -1.111302E-01  1.301056E-02
  1.000000E+01    13     1 -4.830258E+02  2.346846E+02
  1.000000E+01    13     2  7.723389E+01 -1.669776E+02
  1.000000E+01    13     3  2.470684E+01  4.218784E+01
  1.000000E+01    13     4  6.997924E+02 -1.395604E+03
  1.000000E+01    13     5  5.788083E+03 -2.467787E+03
  1.000000E+01    13     6  1.103169E+02 -6.353841E+01
  1.000000E+01    13     7 -2.941500E+02  2.806656E+02
  1.000000E+01    13     8 -8.583257E+01  2.243997E+02
  1.000000E+01    13     9  6.665134E+01  5.176790E+01
  1.000000E+01    13    10 -8.087473E+02  2.094491E+03
  1.000000E+01    13    11  2.837960E+03 -2.545076E+03
  1.000000E+01    13    12 -1.854701E+01  6.144595E+01
  1.000000E+01    13    13  5.131904E+03  6.202976E+02
  1.000000E+01    13    14  2.990655E+03 -8.524937E+01
  1.000000E+01    13    15  1.644318E+03 -3.522962E+00
  1.000000E+01    13    16  4.169852E+04 -9.224564E+02
  1.000000E+01    13    17  4.742860E+03 -6.183334E+03
  1.000000E+01    13    18 -6.792210E+02  1.388469E-01
  1.000000E+01    13    19  3.313699E+03  2.263149E+02
  1.000000E+01    13    20  1.879102E+03 -3.713070E+02
  1.000000E+01    13    21  1.070495E+03  1.068024E+03
  1.000000E+01    13    22 -2.516996E+04 -1.538212E+04
  1.000000E+01    13    23 -1.897405E+04 -1.135428E+04
  1.000000E+01    13    24  1.992500E+05 -2.319981E+01
  1.000000E+01    13    25  7.485582E+01  5.212685E+01
  1.000000E+01    13    26 -1.276344E+02 -6.744453E+01
  1.000000E+01    13    27  3.108931E+01 -7.422675E+01
  1.000000E+01    13    28 -8.591893E+02 -4.546092E+02
  1.000000E+01    13    29 -4.977513E+02 -3.473902E+02
  1.000000E+01    13    30 -1.142721E+00  2.887402E+00
  1.000000E+01    14     1 -2.123204E+01  2.204629E+02
  1.000000E+01    14     2  1.131045E+02 -7.122958E+01
  1.000000E+01    14     3  4.517878E+01  2.003505E+01
  1.000000E+01    14     4  1.020237E+03 -6.261603E+02
  1.000000E+01    14     5  6.183097E+01 -2.440546E+03
  1.000000E+01    14     6  1.808508E+01 -4.728938E+01
  1.000000E+01    14     7  2.570118E+01 -1.712812E+02
  1.000000E+01    14     8  1.077937E+02 -6.829145E+01
  1.000000E+01    14     9 -3.773772E+01 -1.115568E+01
  1.000000E+01    14    10  1.014584E+03 -6.406859E+02
  1.000000E+01    14    11 -2.615155E+02  1.582089E+03
  1.000000E+01    14    12  2.529690E+01 -1.977620E+01
  1.000000E+01    14    13  5.850168E+03 -1.368333E+01
  1.000000E+01    14    14  5.966767E+03  4.616637E+02
  1.000000E+01    14    15 -1.585546E+02 -5.247735E+00
  1.000000E+01    14    16  7.895784E+04  4.426128E+03
  1.000000E+01    14    17 -1.125351E+05  3.146144E+02
  1.000000E+01    14    18 -1.123541E+03  9.501350E+01
  1.000000E+01    14    19  4.619813E+03 -2.861591E+02
  1.000000E+01    14    20 -4.002778E+03 -1.549539E+02
  1.000000E+01    14    21  3.579657E+00  2.829095E+01
  1.000000E+01    14    22 -1.934126E+04 -6.287609E+03
  1.000000E+01    14    23 -2.227737E+04  9.274137E+03
  1.000000E+01    14    24  1.101358E+05 -4.943112E+02
  1.000000E+01    14    25  1.482222E+01 -4.454652E+01
  1.000000E+01    14    26  7.376225E+00 -3.133536E+01
  1.000000E+01    14    27  2.431199E+00 -1.068070E+00
  1.000000E+01    14    28  5.071438E+01 -2.117032E+02
  1.000000E+01    14    29 -1.018544E+02  3.000792E+02
  1.000000E+01    14    30 -1.200726E-01  9.466106E-02
  1.000000E+01    15     1  5.387586E+01  5.454121E+01
  1.000000E+01    15     2 -3.562229E+01 -1.574785E+01
  1.000000E+01    15     3  6.779384E+00 -7.272060E+00
  1.000000E+01    15     4 -3.057706E+02 -1.449248E+02
  1.000000E+01    15     5 -5.659311E+02 -6.498909E+02
  1.000000E+01    15     6 -1.402334E+01 -1.375271E+01
  1.000000E+01    15     7  4.884175E+01  3.455366E+01
  1.000000E+01    15     8  3.930078E+01  1.343896E+01
  1.000000E+01    15     9  7.888235E+00 -1.047355E+01
  1.000000E+01    15    10  3.666745E+02  1.263718E+02
  1.000000E+01    15    11 -4.449080E+02 -3.365708E+02
  1.000000E+01    15    12  1.048534E+01  2.627646E+00
  1.000000E+01    15    13  1.726547E+02  1.664640E+01
  1.000000E+01    15    14  1.392606E+01 -2.100923E+00
  1.000000E+01    15    15  1.601730E+03  3.377942E+01
  1.000000E+01    15    16  4.040880E+02 -2.479856E+01
  1.000000E+01    15    17 -2.657257E+03 -1.453576E+02
  1.000000E+01    15    18  1.456486E+01  4.472990E-01
  1.000000E+01    15    19  4.514759E+01 -4.903410E+01
  1.000000E+01    15    20 -6.635294E+01  6.184206E+01
  1.000000E+01    15    21  7.326140E+02  5.563909E+01
  1.000000E+01    15    22 -2.046915E+04  4.668080E+03
  1.000000E+01    15    23 -1.192707E+04  2.987749E+03
  1.000000E+01    15    24  8.396006E+02  1.794989E+02
  1.000000E+01    15    25  4.910974E+00 -1.033467E+01
  1.000000E+01    15    26 -8.320000E+00  1.788862E+01
  1.000000E+01    15    27 -1.081834E+01 -3.633720E+00
  1.000000E+01    15    28 -5.388052E+01  1.210250E+02
  1.000000E+01    15    29 -3.126274E+01  6.919360E+01
  1.000000E+01    15    30  5.210775E-01  1.636140E-01
  1.000000E+01    16     1 -3.680388E+02  1.913894E+03
  1.000000E+01    16     2  1.078996E+03 -6.147496E+02
  1.000000E+01    16     3  3.925926E+02  2.025766E+02
  1.000000E+01    16     4  9.710185E+03 -5.382354E+03
  1.000000E+01    16     5  2.557949E+03 -2.113726E+04
  1.000000E+01    16     6  2.038765E+02 -4.071978E+02
  1.000000E+01    16     7  1.365292E+02 -1.524001E+03
  1.000000E+01    16     8  8.997402E+02 -5.906954E+02
  1.000000E+01    16     9 -3.350923E+02 -8.142072E+01
  1.000000E+01    16    10  8.470541E+03 -5.543638E+03
  1.000000E+01    16    11 -1.467204E+03  1.410221E+04
  1.000000E+01    16    12  2.097187E+02 -1.700021E+02
  1.000000E+01    16    13  1.023621E+05 -6.697639E+01
  1.000000E+01    16    14  7.700165E+04  4.109603E+03
  1.000000E+01    16    15 -2.791858E+03 -1.011677E+02
  1.000000E+01    16    16  1.222716E+06  3.939155E+04
  1.000000E+01    16    17 -1.967136E+06  2.215550E+03
  1.000000E+01    16    18 -2.320701E+04  8.465120E+02
  1.000000E+01    16    19  8.266634E+04 -2.423514E+03
  1.000000E+01    16    20 -6.899939E+04 -1.507789E+03
  1.000000E+01    16    21 -2.412656E+01  3.352268E+02
  1.000000E+01    16    22 -3.463793E+05 -6.432375E+04
  1.000000E+01    16    23 -3.730293E+05  7.516327E+04
  1.000000E+01    16    24  2.064377E+06 -4.837395E+03
  1.000000E+01    16    25  1.456014E+02 -3.682246E+02
  1.000000E+01    16    26  6.127574E+01 -3.114978E+02
  1.000000E+01    16    27  3.995260E+01 -1.542854E+01
  1.000000E+01    16    28  4.196689E+02 -2.104651E+03
  1.000000E+01    16    29 -9.996590E+02  2.481473E+03
  1.000000E+01    16    30 -1.882632E+00  1.033048E+00
  1.000000E+01    17     1  5.747743E+03 -2.191679E+03
  1.000000E+01    17     2 -9.397432E+02  1.658663E+03
  1.000000E+01    17     3 -2.087543E+02 -5.123844E+02
  1.000000E+01    17     4 -8.453786E+03  1.371374E+04
  1.000000E+01    17     5 -6.866088E+04  2.274579E+04
  1.000000E+01    17     6 -1.305936E+03  5.999522E+02
  1.000000E+01    17     7  3.551558E+03 -3.185265E+03
  1.000000E+01    17     8  1.244159E+03 -2.484513E+03
  1.000000E+01    17     9 -7.688360E+02 -6.437339E+02
  1.000000E+01    17    10  1.171785E+04 -2.318496E+04
  1.000000E+01    17    11 -3.416129E+04  2.882025E+04
  1.000000E+01    17    12  2.820486E+02 -6.878147E+02
  1.000000E+01    17    13 -5.865467E+04 -6.852263E+03
  1.000000E+01    17    14 -5.087405E+04  1.399119E+03
  1.000000E+01    17    15 -2.899499E+04  2.405263E+02
  1.000000E+01    17    16 -6.922721E+05  1.456508E+04
  1.000000E+01    17    17 -3.703097E+05  6.863432E+04
  1.000000E+01    17    18  7.912850E+03  9.577128E+01
  1.000000E+01    17    19 -5.354211E+04 -3.090208E+03
  1.000000E+01    17    20 -3.695343E+04  4.316923E+03
  1.000000E+01    17    21 -1.851367E+04 -1.185475E+04
  1.000000E+01    17    22  1.152158E+05  1.907489E+05
  1.000000E+01    17    23  1.166256E+05  1.544110E+05
  1.000000E+01    17    24 -3.424264E+06  5.152764E+02
  1.000000E+01    17    25 -8.447880E+02 -6.928503E+02
  1.000000E+01    17    26  1.439482E+03  8.163901E+02
  1.000000E+01    17    27 -3.825716E+02  8.243160E+02
  1.000000E+01    17    28  9.680342E+03  5.504535E+03
  1.000000E+01    17    29  5.605923E+03  4.623233E+03
  1.000000E+01    17    30  1.351730E+01 -3.189492E+01
  1.000000E+01    18     1  2.898447E+01  7.339868E+01
  1.000000E+01    18     2  2.085672E+01 -2.438213E+01
  1.000000E+01    18     3  1.495780E+01  1.245189E+00
  1.000000E+01    18     4  1.916009E+02 -2.187963E+02
  1.000000E+01    18     5 -3.812311E+02 -8.208846E+02
  1.000000E+01    18     6 -2.973298E+00 -1.631397E+01
  1.000000E+01    18     7  2.486201E+01 -5.512215E+01
  1.000000E+01    18     8  4.285847E+01 -2.715778E+01
  1.000000E+01    18     9 -1.229619E+01 -6.512663E+00
  1.000000E+01    18    10  4.027858E+02 -2.543897E+02
  1.000000E+01    18    11 -2.396395E+02  5.046544E+02
  1.000000E+01    18    12  1.022721E+01 -7.929818E+00
  1.000000E+01    18    13 -4.302732E+03 -1.908712E+01
  1.000000E+01    18    14 -2.133669E+02  1.384326E+02
  1.000000E+01    18    15  5.397223E+01  7.515759E+00
  1.000000E+01    18    16 -7.717628E+03  1.329898E+03
  1.000000E+01    18    17  7.925403E+04  2.504617E+02
  1.000000E+01    18    18  3.893122E+03  2.822231E+01
  1.000000E+01    18    19 -3.438943E+03 -1.107211E+02
  1.000000E+01    18    20  2.870760E+03 -2.265418E+01
  1.000000E+01    18    21 -1.833024E+01 -1.476350E+01
  1.000000E+01    18    22  1.466046E+04 -4.105225E+02
  1.000000E+01    18    23  1.283473E+04  4.234022E+03
  1.000000E+01    18    24 -8.251759E+04 -4.796439E+01
  1.000000E+01    18    25  1.770684E+00 -1.904402E+01
  1.000000E+01    18    26  4.397852E+00 -3.592661E+00
  1.000000E+01    18    27 -2.617644E+00  1.317369E+00
  1.000000E+01    18    28  3.002482E+01 -2.427491E+01
  1.000000E+01    18    29 -1.233225E+01  1.280922E+02
  1.000000E+01    18    30  1.034696E-01 -2.815275E-02
  1.000000E+01    19     1  2.221819E+04  8.438209E+02
  1.000000E+01    19     2 -5.702631E+03 -1.108943E+03
  1.000000E+01    19     3  4.805853E+03 -1.686703E+02
  1.000000E+01    19     4 -6.856527E+04 -9.616182E+03
  1.000000E+01    19     5 -3.283188E+05 -8.191161E+03
  1.000000E+01    19     6 -1.315185E+04 -3.007918E+02
  1.000000E+01    19     7  1.503818E+04  1.385219E+02
  1.000000E+01    19     8 -8.145527E+02  1.821541E+02
  1.000000E+01    19     9  2.083712E+02  1.168084E+02
  1.000000E+01    19    10 -9.700334E+03  1.685182E+03
  1.000000E+01    19    11 -2.739156E+05 -1.167057E+03
  1.000000E+01    19    12 -1.560056E+03  5.152677E+01
  1.000000E+01    19    13  4.984601E+03  1.242096E+03
  1.000000E+01    19    14  2.459492E+03  2.700521E+02
  1.000000E+01    19    15  8.694896E+02  1.316129E+02
  1.000000E+01    19    16  4.605274E+04  2.417653E+03
  1.000000E+01    19    17 -6.954930E+04 -1.200689E+04
  1.000000E+01    19    18 -2.437828E+03  9.743971E+01
  1.000000E+01    19    19  9.728452E+03 -5.898893E+02
  1.000000E+01    19    20  6.875514E+03 -1.069390E+03
  1.000000E+01    19    21  7.135935E+03  2.616457E+03
  1.000000E+01    19    22  2.262461E+04 -3.798042E+04
  1.000000E+01    19    23  3.565541E+05  3.437110E+04
  1.000000E+01    19    24  3.600928E+05  5.634704E+03
  1.000000E+01    19    25 -2.545339E+02 -1.388044E+02
  1.000000E+01    19    26 -1.953823E+00 -1.855397E+02
  1.000000E+01    19    27  1.028853E+02 -1.831944E+02
  1.000000E+01    19    28 -2.024706E+01 -1.252419E+03
  1.000000E+01    19    29  1.503629E+03  9.448708E+02
  1.000000E+01    19    30 -2.584703E+00  7.455509E+00
  1.000000E+01    20     1  1.631459E+04  9.253318E+02
  1.000000E+01    20     2 -4.923822E+03 -4.630457E+02
  1.000000E+01    20     3  3.292670E+03 -1.075526E+02
  1.000000E+01    20     4 -6.529774E+04 -4.064364E+03
  1.000000E+01    20     5 -2.414781E+05 -1.046204E+04
  1.000000E+01    20     6 -5.894513E+03 -2.453867E+02
  1.000000E+01    20     7  1.802076E+04  8.731551E+01
  1.000000E+01    20     8  1.878673E+03 -2.899698E+02
  1.000000E+01    20     9  1.342530E+02  9.807503E+00
  1.000000E+01    20    10  3.967968E+04 -2.726404E+03
  1.000000E+01    20    11 -3.243870E+05 -8.941705E+02
  1.000000E+01    20    12 -4.871233E+03 -7.514973E+01
  1.000000E+01    20    13  1.853167E+03  2.326700E+02
  1.000000E+01    20    14 -2.357261E+03  2.751424E+02
  1.000000E+01    20    15 -1.309135E+03  1.833852E+02
  1.000000E+01    20    16 -2.673779E+04  2.620087E+03
  1.000000E+01    20    17 -1.018824E+05 -2.022471E+03
  1.000000E+01    20    18 -3.562121E+02  6.841559E+01
  1.000000E+01    20    19 -1.425358E+03 -9.879432E+02
  1.000000E+01    20    20  1.575351E+04 -3.326936E+01
  1.000000E+01    20    21  3.142265E+03  1.248879E+03
  1.000000E+01    20    22  4.190505E+04  8.826196E+03
  1.000000E+01    20    23  1.918150E+05  4.917656E+04
  1.000000E+01    20    24  7.132524E+04  6.420662E+03
  1.000000E+01    20    25 -2.225867E+02 -1.932165E+02
  1.000000E+01    20    26  1.292535E+02  2.455256E+01
  1.000000E+01    20    27  4.188515E+01 -8.238393E+01
  1.000000E+01    20    28  1.067668E+03  1.652428E+02
  1.000000E+01    20    29  1.488488E+03  1.301899E+03
  1.000000E+01    20    30 -7.939203E-01  3.536884E+00
  1.000000E+01    21     1 -6.866451E+03  1.104142E+03
  1.000000E+01    21     2  1.714299E+03  2.432410E+02
  1.000000E+01    21     3 -4.867034E+02  1.804483E+02
  1.000000E+01    21     4  2.054381E+04  2.285626E+03
  1.000000E+01    21     5  1.068275E+05 -1.378945E+04
  1.000000E+01    21     6  3.130745E+03 -1.927905E+02
  1.000000E+01    21     7  4.720878E+02  8.406985E+02
  1.000000E+01    21     8  4.959335E+01  1.346006E+01
  1.000000E+01    21     9  7.017866E+02  1.953726E+01
  1.000000E+01    21    10  7.665744E+02  1.081365E+02
  1.000000E+01    21    11 -5.732084E+03 -7.920947E+03
  1.000000E+01    21    12 -1.383965E+01  8.119616E+00
  1.000000E+01    21    13  5.899419E+02  6.142419E+02
  1.000000E+01    21    14  6.422019E+01 -1.725441E+02
  1.000000E+01    21    15  6.837038E+02  1.004560E+01
  1.000000E+01    21    16 -9.047340E+01 -1.772670E+03
  1.000000E+01    21    17 -6.495409E+03 -6.263819E+03
  1.000000E+01    21    18  1.120674E+02 -1.955935E+01
  1.000000E+01    21    19  3.759195E+03 -2.355210E+01
  1.000000E+01    21    20  8.001956E+02  8.810591E+01
  1.000000E+01    21    21  1.917841E+04  2.456289E+03
  1.000000E+01    21    22  3.728239E+03  8.488406E+03
  1.000000E+01    21    23 -1.053806E+05 -7.367071E+03
  1.000000E+01    21    24 -4.533684E+04  2.866717E+03
  1.000000E+01    21    25  8.062165E+01  5.657095E+01
  1.000000E+01    21    26 -2.157608E+00  4.570841E+01
  1.000000E+01    21    27 -6.823174E+01 -1.589953E+02
  1.000000E+01    21    28 -1.297291E+01  3.094144E+02
  1.000000E+01    21    29 -5.209686E+02 -3.809084E+02
  1.000000E+01    21    30 -3.777691E+00  6.270432E+00
  1.000000E+01    22     1  2.021933E+04  1.004244E+04
  1.000000E+01    22     2 -9.531731E+03  7.933451E+03
  1.000000E+01    22     3  4.483455E+03  1.695692E+03
  1.000000E+01    22     4 -1.212059E+05  6.708559E+04
  1.000000E+01    22     5 -2.912103E+05 -1.441466E+05
  1.000000E+01    22     6 -4.818626E+03 -1.456521E+03
  1.000000E+01    22     7  1.009866E+05  1.052704E+04
  1.000000E+01    22     8  1.235039E+04 -5.838100E+03
  1.000000E+01    22     9  1.836583E+04 -4.685035E+03
  1.000000E+01    22    10  2.214690E+05 -5.448230E+04
  1.000000E+01    22    11 -1.526254E+06 -1.059717E+05
  1.000000E+01    22    12 -1.827038E+04 -1.630807E+03
  1.000000E+01    22    13 -4.164956E+04 -1.109717E+04
  1.000000E+01    22    14  1.487135E+03 -5.291509E+03
  1.000000E+01    22    15 -2.522489E+04  4.983748E+03
  1.000000E+01    22    16  6.377459E+04 -4.957393E+04
  1.000000E+01    22    17  1.652185E+05  1.083273E+05
  1.000000E+01    22    18 -8.347829E+03 -1.395001E+03
  1.000000E+01    22    19  1.178376E+04 -5.564603E+03
  1.000000E+01    22    20  6.636112E+04  2.872581E+04
  1.000000E+01    22    21  8.092841E+02  2.757689E+03
  1.000000E+01    22    22  1.279758E+07  1.620546E+06
  1.000000E+01    22    23  4.395298E+04  2.033108E+05
  1.000000E+01    22    24  6.813712E+05  6.633606E+04
  1.000000E+01    22    25 -2.130568E+02 -4.236732E+02
  1.000000E+01    22    26  8.721911E+03  6.818932E+03
  1.000000E+01    22    27  6.651958E+01 -1.136104E+01
  1.000000E+01    22    28  6.119590E+04  4.609056E+04
  1.000000E+01    22    29  1.061851E+03  2.613177E+03
  1.000000E+01    22    30  8.875424E+00  2.272251E+00
  1.000000E+01    23     1 -3.444713E+05  3.662109E+03
  1.000000E+01    23     2  1.023708E+05  1.634919E+04
  1.000000E+01    23     3 -4.861284E+04 -1.081234E+03
  1.000000E+01    23     4  1.267942E+06  1.430525E+05
  1.000000E+01    23     5  5.501720E+06 -7.145716E+04
  1.000000E+01    23     6  1.770613E+05  1.273981E+03
  1.000000E+01    23     7 -6.239012E+04 -5.116354E+03
  1.000000E+01    23     8  3.229680E+03 -8.949527E+03
  1.000000E+01    23     9 -1.062189E+04  7.286850E+02
  1.000000E+01    23    10  1.711593E+04 -8.374810E+04
  1.000000E+01    23    11  1.051743E+06  4.734575E+04
  1.000000E+01    23    12  7.928827E+03 -2.456323E+03
  1.000000E+01    23    13 -2.938449E+04 -2.261771E+04
  1.000000E+01    23    14 -9.580707E+01  1.744251E+03
  1.000000E+01    23    15 -1.751820E+04  3.598071E+02
  1.000000E+01    23    16 -3.416202E+04  2.057886E+04
  1.000000E+01    23    17  3.196796E+05  2.253420E+05
  1.000000E+01    23    18  3.290664E+03 -3.038984E+02
  1.000000E+01    23    19  1.434968E+05 -1.707060E+04
  1.000000E+01    23    20  1.234840E+04  1.553139E+04
  1.000000E+01    23    21 -1.003342E+05 -3.250993E+04
  1.000000E+01    23    22 -1.481472E+04  5.574714E+05
  1.000000E+01    23    23  6.756486E+06  8.526816E+05
  1.000000E+01    23    24 -2.666908E+06  1.006996E+03
  1.000000E+01    23    25 -3.580083E+03 -3.234727E+03
  1.000000E+01    23    26 -1.939744E+02  2.768209E+03
  1.000000E+01    23    27 -1.258885E+03  2.392149E+03
  1.000000E+01    23    28 -1.475505E+03  1.862157E+04
  1.000000E+01    23    29  2.628310E+04  2.165989E+04
  1.000000E+01    23    30  4.665942E+01 -9.092495E+01
  1.000000E+01    24     1 -8.764513E+05 -3.855534E+04
  1.000000E+01    24     2  2.704638E+05  3.854722E+04
  1.000000E+01    24     3 -1.791119E+05  7.357034E+03
  1.000000E+01    24     4  3.625227E+06  3.351078E+05
  1.000000E+01    24     5  1.298919E+07  3.943386E+05
  1.000000E+01    24     6  3.197796E+05  1.220745E+04
  1.000000E+01    24     7 -2.310491E+05  3.254738E+03
  1.000000E+01    24     8  8.848898E+04  5.927246E+01
  1.000000E+01    24     9 -4.437239E+03 -3.726078E+03
  1.000000E+01    24    10  1.558453E+06  1.292147E+03
  1.000000E+01    24    11  4.253254E+06 -3.357905E+04
  1.000000E+01    24    12 -5.846629E+04  8.581595E+00
  1.000000E+01    24    13  3.850727E+05 -3.381842E+04
  1.000000E+01    24    14  1.100135E+05 -2.305790E+04
  1.000000E+01    24    15 -1.712056E+04 -6.425383E+03
  1.000000E+01    24    16  2.026935E+06 -2.168072E+05
  1.000000E+01    24    17 -7.098220E+06  3.171538E+05
  1.000000E+01    24    18 -1.117441E+05 -5.987459E+03
  1.000000E+01    24    19  4.789126E+05  4.067582E+04
  1.000000E+01    24    20 -3.518425E+05  3.423877E+04
  1.000000E+01    24    21 -1.978795E+05 -7.947655E+04
  1.000000E+01    24    22 -1.558293E+06  1.132294E+06
  1.000000E+01    24    23 -1.289824E+07 -2.130228E+06
  1.000000E+01    24    24  1.244625E+07 -2.194190E+05
  1.000000E+01    24    25  1.116874E+04  8.727749E+03
  1.000000E+01    24    26 -8.817771E+02  5.779642E+03
  1.000000E+01    24    27 -2.991491E+03  5.513008E+03
  1.000000E+01    24    28 -5.981307E+03  3.904367E+04
  1.000000E+01    24    29 -7.484322E+04 -5.908529E+04
  1.000000E+01    24    30  7.787902E+01 -2.302096E+02
  1.000000E+01    25     1 -1.860141E+02 -9.799363E+01
  1.000000E+01    25     2  3.998015E+00  7.091575E+00
  1.000000E+01    25     3 -2.017294E+01  1.573783E+01
  1.000000E+01    25     4  2.127931E+00  5.940539E+01
  1.000000E+01    25     5  2.218094E+03  1.158369E+03
  1.000000E+01    25     6  3.697434E+01  1.994749E+01
  1.000000E+01    25     7  6.143797E+01  2.821310E+01
  1.000000E+01    25     8 -1.483204E+01  5.048690E+01
  1.000000E+01    25     9  4.862754E+00 -1.064556E+01
  1.000000E+01    25    10 -1.435742E+02  4.740636E+02
  1.000000E+01    25    11 -5.774611E+02 -2.659315E+02
  1.000000E+01    25    12 -2.739756E+00  1.339404E+01
  1.000000E+01    25    13  6.691777E+01  3.118240E+01
  1.000000E+01    25    14  1.503587E+01 -5.354113E+01
  1.000000E+01    25    15  4.226181E+00 -1.119442E+01
  1.000000E+01    25    16  1.316418E+02 -5.220422E+02
  1.000000E+01    25    17 -6.743488E+02 -3.484211E+02
  1.000000E+01    25    18  5.273347E+00 -1.058763E+01
  1.000000E+01    25    19  1.417160E+02  1.533558E+02
  1.000000E+01    25    20  1.078694E+01  3.702329E+00
  1.000000E+01    25    21 -2.047156E+01 -2.133189E+01
  1.000000E+01    25    22  3.268761E+01  1.022938E+02
  1.000000E+01    25    23 -9.601555E+03 -7.594035E+03
  1.000000E+01    25    24 -9.331524E+02 -5.347891E+02
  1.000000E+01    25    25  7.425883E+02  3.022583E+01
  1.000000E+01    25    26  1.273534E+00  4.250599E-01
  1.000000E+01    25    27  3.144628E+00  8.386131E-01
  1.000000E+01    25    28  4.239196E+01  3.218938E+00
  1.000000E+01    25    29 -5.219489E+03 -2.036084E+02
  1.000000E+01    25    30 -7.911956E-01 -7.154600E-02
  1.000000E+01    26     1 -1.458947E+00  4.571952E+01
  1.000000E+01    26     2 -1.600182E+01  4.649950E+01
  1.000000E+01    26     3  8.306196E-01  9.698535E+00
  1.000000E+01    26     4 -1.604216E+02  3.981110E+02
  1.000000E+01    26     5  1.387783E+01 -6.721084E+02
  1.000000E+01    26     6 -3.437298E+00 -5.265006E+00
  1.000000E+01    26     7  1.034047E+02  5.165255E+01
  1.000000E+01    26     8  8.393012E+00 -2.917137E+01
  1.000000E+01    26     9  8.682975E+00 -1.857225E+01
  1.000000E+01    26    10  7.740351E+01 -2.724907E+02
  1.000000E+01    26    11 -9.694954E+02 -5.146364E+02
  1.000000E+01    26    12  2.446180E+00 -7.957483E+00
  1.000000E+01    26    13 -1.104809E+02 -5.322840E+01
  1.000000E+01    26    14  9.703351E+00 -3.100596E+01
  1.000000E+01    26    15 -8.970499E+00  1.867723E+01
  1.000000E+01    26    16  1.106019E+02 -2.914158E+02
  1.000000E+01    26    17  1.092146E+03  5.144238E+02
  1.000000E+01    26    18 -9.961367E-01 -7.933034E+00
  1.000000E+01    26    19  2.451483E+00 -2.028710E+01
  1.000000E+01    26    20  1.116768E+02  1.289999E+02
  1.000000E+01    26    21 -7.336431E+00  1.068583E+01
  1.000000E+01    26    22  8.870008E+03  7.011614E+03
  1.000000E+01    26    23 -1.312829E+02  6.180203E+02
  1.000000E+01    26    24  9.479847E+01  2.966786E+02
  1.000000E+01    26    25  2.118342E+00 -4.962793E-01
  1.000000E+01    26    26  7.550447E+02  3.003819E+01
  1.000000E+01    26    27  1.607741E+00  1.469086E-01
  1.000000E+01    26    28  5.342245E+03  2.029898E+02
  1.000000E+01    26    29 -3.607431E+01  2.274990E+00
  1.000000E+01    26    30 -3.446450E-01  1.340210E-04
  1.000000E+01    27     1 -1.372164E-01  2.304194E-01
  1.000000E+01    27     2  7.857010E-04 -6.976641E-02
  1.000000E+01    27     3 -1.069661E-02  1.781516E-02
  1.000000E+01    27     4  3.101110E-02 -5.771180E-01
  1.000000E+01    27     5  1.299351E+00 -2.627539E+00
  1.000000E+01    27     6  1.208958E-02 -5.285736E-02
  1.000000E+01    27     7 -1.532946E-01  9.050006E-02
  1.000000E+01    27     8 -1.875225E-02  1.200976E-02
  1.000000E+01    27     9 -2.606139E-02  2.046846E-02
  1.000000E+01    27    10 -1.880332E-01  1.077756E-01
  1.000000E+01    27    11  1.411656E+00 -8.332868E-01
  1.000000E+01    27    12 -3.448512E-03  4.404822E-03
  1.000000E+01    27    13 -2.196052E-02  2.074586E-01
  1.000000E+01    27    14  2.447377E-02  5.703080E-02
  1.000000E+01    27    15 -5.806915E-03 -4.628079E-03
  1.000000E+01    27    16  2.413502E-01  5.141100E-01
  1.000000E+01    27    17  1.344816E-01 -2.037290E+00
  1.000000E+01    27    18  3.551552E-03  1.790588E-02
  1.000000E+01    27    19  6.156770E-01 -5.860741E-02
  1.000000E+01    27    20  3.209592E-01 -1.522333E-01
  1.000000E+01    27    21 -7.112704E+01  5.524325E-01
  1.000000E+01    27    22 -2.198833E+01 -6.276349E+00
  1.000000E+01    27    23  6.184717E+00  1.332675E+00
  1.000000E+01    27    24 -5.579004E-01  6.841391E-01
  1.000000E+01    27    25 -5.974591E-01 -3.341520E-03
  1.000000E+01    27    26 -6.900806E-01 -2.717483E-02
  1.000000E+01    27    27  7.159874E+01 -3.705413E-02
  1.000000E+01    27    28 -7.823265E+00 -1.834590E-01
  1.000000E+01    27    29  7.552571E+00  2.380852E-02
  1.000000E+01    27    30 -5.045703E-01  1.474826E-03
  1.000000E+01    28     1 -1.328889E+01  3.175417E+02
  1.000000E+01    28     2 -1.141614E+02  3.236911E+02
  1.000000E+01    28     3  5.541247E+00  6.791849E+01
  1.000000E+01    28     4 -1.142569E+03  2.770851E+03
  1.000000E+01    28     5  1.330430E+02 -4.671394E+03
  1.000000E+01    28     6 -2.393135E+01 -3.656949E+01
  1.000000E+01    28     7  7.234280E+02  3.610113E+02
  1.000000E+01    28     8  5.928838E+01 -2.023730E+02
  1.000000E+01    28     9  5.812985E+01 -1.303094E+02
  1.000000E+01    28    10  5.452318E+02 -1.890294E+03
  1.000000E+01    28    11 -6.786924E+03 -3.597206E+03
  1.000000E+01    28    12  1.731579E+01 -5.523345E+01
  1.000000E+01    28    13 -7.713583E+02 -3.706616E+02
  1.000000E+01    28    14  6.934823E+01 -2.166473E+02
  1.000000E+01    28    15 -5.995237E+01  1.306867E+02
  1.000000E+01    28    16  7.868275E+02 -2.036504E+03
  1.000000E+01    28    17  7.636191E+03  3.581841E+03
  1.000000E+01    28    18 -6.646288E+00 -5.539474E+01
  1.000000E+01    28    19  2.440752E+01 -1.390699E+02
  1.000000E+01    28    20  1.035894E+03  9.012657E+02
  1.000000E+01    28    21 -7.411674E+01  7.490921E+01
  1.000000E+01    28    22  6.493191E+04  4.901968E+04
  1.000000E+01    28    23 -1.090886E+03  4.187511E+03
  1.000000E+01    28    24  6.238652E+02  2.061325E+03
  1.000000E+01    28    25  3.385945E+01 -2.977614E+00
  1.000000E+01    28    26  5.479928E+03  2.099335E+02
  1.000000E+01    28    27  1.724715E+01  9.877429E-01
  1.000000E+01    28    28  4.760729E+04  1.418687E+03
  1.000000E+01    28    29 -4.131084E+02  1.259386E+01
  1.000000E+01    28    30  1.638175E-01  1.909196E-03
  1.000000E+01    29     1  1.283391E+03  6.948836E+02
  1.000000E+01    29     2 -2.627649E+01 -5.296885E+01
  1.000000E+01    29     3  1.391983E+02 -1.077839E+02
  1.000000E+01    29     4  2.431871E+00 -4.417349E+02
  1.000000E+01    29     5 -1.534015E+04 -8.209247E+03
  1.000000E+01    29     6 -2.566159E+02 -1.417651E+02
  1.000000E+01    29     7 -4.360345E+02 -1.849128E+02
  1.000000E+01    29     8  1.037460E+02 -3.456019E+02
  1.000000E+01    29     9 -3.025029E+01  7.580744E+01
  1.000000E+01    29    10  1.002953E+03 -3.245637E+03
  1.000000E+01    29    11  4.103449E+03  1.745737E+03
  1.000000E+01    29    12  1.913059E+01 -9.160691E+01
  1.000000E+01    29    13 -4.603965E+02 -1.974331E+02
  1.000000E+01    29    14 -1.064191E+02  3.702815E+02
  1.000000E+01    29    15 -2.467867E+01  7.717376E+01
  1.000000E+01    29    16 -9.332211E+02  3.607423E+03
  1.000000E+01    29    17  4.645633E+03  2.228560E+03
  1.000000E+01    29    18 -3.676820E+01  7.374984E+01
  1.000000E+01    29    19 -1.221382E+03 -1.062480E+03
  1.000000E+01    29    20 -8.358936E+01 -3.706889E+01
  1.000000E+01    29    21  1.820290E+02  1.948853E+02
  1.000000E+01    29    22 -9.276318E+02 -1.185706E+03
  1.000000E+01    29    23  6.911467E+04  5.255740E+04
  1.000000E+01    29    24  6.476065E+03  3.743604E+03
  1.000000E+01    29    25 -5.335069E+03 -2.088833E+02
  1.000000E+01    29    26 -5.989665E+01 -4.945653E+00
  1.000000E+01    29    27 -4.328658E+01 -8.980953E+00
  1.000000E+01    29    28 -7.038757E+02 -3.580564E+01
  1.000000E+01    29    29  4.604945E+04  1.407207E+03
  1.000000E+01    29    30  1.044095E+01  6.210701E-01
  1.000000E+01    30     1 -1.603171E+00  4.479569E+00
  1.000000E+01    30     2  1.858016E-01 -6.076719E-02
  1.000000E+01    30     3  4.636554E-01  4.220873E-01
  1.000000E+01    30     4  2.119421E+00 -2.532019E-02
  1.000000E+01    30     5  1.981334E+01 -5.407378E+01
  1.000000E+01    30     6  3.669761E-01 -9.066338E-01
  1.000000E+01    30     7 -6.976100E-01  2.696271E+00
  1.000000E+01    30     8  3.240750E-02 -7.226039E-02
  1.000000E+01    30     9  5.797821E-01  1.336112E-01
  1.000000E+01    30    10  2.647707E-01 -7.489355E-01
  1.000000E+01    30    11  7.122801E+00 -2.537228E+01
  1.000000E+01    30    12  1.510448E-02 -2.864313E-03
  1.000000E+01    30    13 -1.205325E+00  2.633339E+00
  1.000000E+01    30    14  1.439940E-02 -1.405350E-01
  1.000000E+01    30    15  5.453500E-01  2.141689E-01
  1.000000E+01    30    16  3.284116E-01 -1.805829E+00
  1.000000E+01    30    17  1.220390E+01 -2.627066E+01
  1.000000E+01    30    18 -2.939988E-02  4.778087E-02
  1.000000E+01    30    19  9.647151E-01 -1.060655E+00
  1.000000E+01    30    20  8.536463E-01 -2.867107E-01
  1.000000E+01    30    21 -8.235476E+00  9.533731E+00
  1.000000E+01    30    22  3.620516E+01  1.221608E+01
  1.000000E+01    30    23 -4.792850E+00  2.775274E+01
  1.000000E+01    30    24 -4.789350E+00  1.545990E+01
  1.000000E+01    30    25 -3.077754E-01 -2.610146E-02
  1.000000E+01    30    26  8.227513E-01  6.193857E-02
  1.000000E+01    30    27  2.044152E+00 -6.241653E-01
  1.000000E+01    30    28  8.593919E+00  4.202885E-01
  1.000000E+01    30    29  5.464431E+00  1.812819E-01
  1.000000E+01    30    30  4.681463E+01  2.492100E-02
  1.100000E+01     1     1 -9.563571E+03 -1.363435E+02
  1.100000E+01     1     2  4.236100E+03  5.351329E+02
  1.100000E+01     1     3 -3.290607E+03  2.284331E+02
  1.100000E+01     1     4  5.419706E+04  4.752521E+03
  1.100000E+01     1     5  1.499694E+05  7.154604E+02
  1.100000E+01     1     6  8.787329E+03  9.919486E+01
  1.100000E+01     1     7  3.878174E+02 -8.133195E+01
  1.100000E+01     1     8 -1.490819E+01 -8.387540E+01
  1.100000E+01     1     9 -2.044140E+01 -1.024340E+02
  1.100000E+01     1    10 -1.484980E+02 -7.922413E+02
  1.100000E+01     1    11 -3.743435E+03  7.010847E+02
  1.100000E+01     1    12 -4.290358E+00 -2.376868E+01
  1.100000E+01     1    13  1.151369E+02 -5.293821E+02
  1.100000E+01     1    14  1.471181E+02 -3.274014E+02
  1.100000E+01     1    15 -1.771319E+02 -1.906252E+01
  1.100000E+01     1    16  1.417333E+03 -3.136727E+03
  1.100000E+01     1    17 -1.217722E+03  5.153788E+03
  1.100000E+01     1    18  3.415092E+01 -9.031644E+01
  1.100000E+01     1    19  3.580999E+03  4.398923E+02
  1.100000E+01     1    20  2.455388E+03  6.574776E+02
  1.100000E+01     1    21 -4.524868E+03 -1.160743E+03
  1.100000E+01     1    22  1.925206E+04  2.066759E+04
  1.100000E+01     1    23 -2.222813E+05 -1.920462E+04
  1.100000E+01     1    24 -1.021244E+05 -1.049065E+03
  1.100000E+01     1    25  1.445553E+02  8.816654E+01
  1.100000E+01     1    26  3.143974E+01  9.937769E+01
  1.100000E+01     1    27 -2.666319E+01  8.619153E+01
  1.100000E+01     1    28  2.136173E+02  6.821544E+02
  1.100000E+01     1    29 -9.841734E+02 -6.086031E+02
  1.100000E+01     1    30  2.445343E-01 -2.797832E+00
  1.100000E+01     2     1 -8.962585E+03 -6.027333E+01
  1.100000E+01     2     2  6.950118E+03  5.581467E+02
  1.100000E+01     2     3 -1.799375E+03  1.218542E+02
  1.100000E+01     2     4  8.252159E+04  5.012485E+03
  1.100000E+01     2     5  1.338758E+05 -2.569753E+02
  1.100000E+01     2     6  3.940047E+03  8.419017E+01
  1.100000E+01     2     7  2.317870E+02  8.941451E+00
  1.100000E+01     2     8  7.250893E+01 -1.084715E+02
  1.100000E+01     2     9  1.230820E+01 -5.597046E+01
  1.100000E+01     2    10  6.944125E+02 -1.033046E+03
  1.100000E+01     2    11 -2.205084E+03 -1.411043E+02
  1.100000E+01     2    12  1.860620E+01 -3.102666E+01
  1.100000E+01     2    13 -1.627434E+01 -4.493004E+02
  1.100000E+01     2    14  8.831451E+01 -2.979301E+02
  1.100000E+01     2    15 -1.497578E+02  1.563306E+01
  1.100000E+01     2    16  8.612844E+02 -2.855963E+03
  1.100000E+01     2    17  1.002917E+02  4.379269E+03
  1.100000E+01     2    18  1.727203E+01 -8.078665E+01
  1.100000E+01     2    19  4.522674E+03  1.654862E+02
  1.100000E+01     2    20  6.769042E+02  6.407144E+02
  1.100000E+01     2    21 -2.296677E+03 -7.981831E+02
  1.100000E+01     2    22  1.036065E+04  2.016058E+04
  1.100000E+01     2    23 -1.176891E+05 -6.934367E+03
  1.100000E+01     2    24 -1.521315E+04 -7.722592E+02
  1.100000E+01     2    25  9.803726E+01  3.946741E+01
  1.100000E+01     2    26  2.368289E+01  9.793079E+01
  1.100000E+01     2    27 -7.295875E+00  6.110244E+01
  1.100000E+01     2    28  1.598400E+02  6.715298E+02
  1.100000E+01     2    29 -6.678472E+02 -2.743284E+02
  1.100000E+01     2    30 -1.500790E-01 -1.948249E+00
  1.100000E+01     3     1  8.883149E+03  2.481345E+02
  1.100000E+01     3     2 -1.926290E+03 -2.677331E+02
  1.100000E+01     3     3  3.108071E+03 -2.234439E+01
  1.100000E+01     3     4 -2.255582E+04 -2.403123E+03
  1.100000E+01     3     5 -1.370329E+05 -2.587535E+03
  1.100000E+01     3     6 -4.116273E+03 -8.603958E+01
  1.100000E+01     3     7 -9.574435E+01  8.418713E+01
  1.100000E+01     3     8 -6.596815E+01  2.816248E+01
  1.100000E+01     3     9  1.979099E+01  1.803124E+01
  1.100000E+01     3    10 -6.328091E+02  2.649099E+02
  1.100000E+01     3    11  9.198987E+02 -7.934494E+02
  1.100000E+01     3    12 -1.714610E+01  9.285997E+00
  1.100000E+01     3    13  3.290600E+01  3.007888E+02
  1.100000E+01     3    14  2.509862E+00  1.656383E+02
  1.100000E+01     3    15  9.455576E+01 -2.122972E+01
  1.100000E+01     3    16  2.288679E+01  1.577156E+03
  1.100000E+01     3    17 -2.691071E+02 -2.970336E+03
  1.100000E+01     3    18  2.456261E+00  4.614956E+01
  1.100000E+01     3    19 -4.676727E+03 -1.136323E+02
  1.100000E+01     3    20 -1.369973E+03 -3.302796E+02
  1.100000E+01     3    21  3.278788E+03  7.368022E+02
  1.100000E+01     3    22 -9.727381E+03 -9.927362E+03
  1.100000E+01     3    23  1.495698E+05  3.159502E+03
  1.100000E+01     3    24  6.095132E+04  1.101752E+03
  1.100000E+01     3    25 -8.898416E+01 -1.441146E+01
  1.100000E+01     3    26 -1.496128E+01 -4.739473E+01
  1.100000E+01     3    27 -9.562572E+00 -5.257832E+01
  1.100000E+01     3    28 -1.017659E+02 -3.249513E+02
  1.100000E+01     3    29  6.033383E+02  1.006167E+02
  1.100000E+01     3    30  7.190750E-01  1.657532E+00
  1.100000E+01     4     1 -1.427388E+05 -2.295999E+03
  1.100000E+01     4     2  8.996951E+04  7.150317E+03
  1.100000E+01     4     3 -2.909396E+04  1.682049E+03
  1.100000E+01     4     4  1.218253E+06  6.410231E+04
  1.100000E+01     4     5  2.124608E+06  1.553899E+04
  1.100000E+01     4     6  5.975660E+04  1.402101E+03
  1.100000E+01     4     7  3.384141E+03 -6.026556E+02
  1.100000E+01     4     8  8.627384E+02 -1.078046E+03
  1.100000E+01     4     9 -7.378854E+01 -8.023735E+02
  1.100000E+01     4    10  8.271366E+03 -1.022216E+04
  1.100000E+01     4    11 -3.240501E+04  5.098079E+03
  1.100000E+01     4    12  2.237567E+02 -3.162757E+02
  1.100000E+01     4    13  1.893243E+02 -6.454282E+03
  1.100000E+01     4    14  1.127476E+03 -4.117892E+03
  1.100000E+01     4    15 -2.131326E+03  1.357165E+02
  1.100000E+01     4    16  1.091678E+04 -3.943257E+04
  1.100000E+01     4    17 -2.883542E+03  6.302913E+04
  1.100000E+01     4    18  2.322857E+02 -1.123911E+03
  1.100000E+01     4    19  7.166886E+04  3.293062E+03
  1.100000E+01     4    20  8.422242E+03  8.357428E+03
  1.100000E+01     4    21 -3.599031E+04 -1.318122E+04
  1.100000E+01     4    22  1.422750E+05  2.595028E+05
  1.100000E+01     4    23 -1.849890E+06 -1.298758E+05
  1.100000E+01     4    24 -1.350927E+05 -1.565061E+04
  1.100000E+01     4    25  1.566911E+03  6.498286E+02
  1.100000E+01     4    26  3.140148E+02  1.255311E+03
  1.100000E+01     4    27 -1.282981E+02  9.802751E+02
  1.100000E+01     4    28  2.124907E+03  8.609417E+03
  1.100000E+01     4    29 -1.067221E+04 -4.503360E+03
  1.100000E+01     4    30 -1.962198E+00 -3.132627E+01
  1.100000E+01     5     1  1.827491E+05  6.951456E+03
  1.100000E+01     5     2 -7.639445E+04 -9.391803E+03
  1.100000E+01     5     3  5.766558E+04 -3.561332E+03
  1.100000E+01     5     4 -1.004006E+06 -8.342564E+04
  1.100000E+01     5     5 -2.592156E+06 -6.897818E+04
  1.100000E+01     5     6 -1.445628E+05 -2.695493E+03
  1.100000E+01     5     7 -6.953385E+03  3.140819E+03
  1.100000E+01     5     8 -1.617294E+02  5.217151E+02
  1.100000E+01     5     9  8.794285E+02  1.707646E+03
  1.100000E+01     5    10 -1.473173E+03  4.750357E+03
  1.100000E+01     5    11  6.736202E+04 -2.903734E+04
  1.100000E+01     5    12 -4.693579E+01  1.749082E+02
  1.100000E+01     5    13 -2.422293E+03  1.085742E+04
  1.100000E+01     5    14 -2.118222E+03  6.454257E+03
  1.100000E+01     5    15  3.561052E+03  3.085335E+02
  1.100000E+01     5    16 -2.022109E+04  6.172233E+04
  1.100000E+01     5    17  2.596720E+04 -1.061518E+05
  1.100000E+01     5    18 -5.057946E+02  1.788191E+03
  1.100000E+01     5    19 -5.670849E+04 -9.578771E+03
  1.100000E+01     5    20 -3.721836E+04 -1.165970E+04
  1.100000E+01     5    21  7.906760E+04  2.722817E+04
  1.100000E+01     5    22 -3.086425E+05 -3.545417E+05
  1.100000E+01     5    23  3.966979E+06  3.814101E+05
  1.100000E+01     5    24  1.489466E+06  3.582538E+04
  1.100000E+01     5    25 -3.157282E+03 -1.656703E+03
  1.100000E+01     5    26 -5.201957E+02 -1.695485E+03
  1.100000E+01     5    27  4.593717E+02 -1.961026E+03
  1.100000E+01     5    28 -3.542180E+03 -1.163820E+04
  1.100000E+01     5    29  2.151103E+04  1.142789E+04
  1.100000E+01     5    30 -2.599758E+00  6.327798E+01
  1.100000E+01     6     1  5.142052E+03  2.898358E+02
  1.100000E+01     6     2 -2.922099E+03 -1.862546E+02
  1.100000E+01     6     3  1.459073E+03 -5.792448E+01
  1.100000E+01     6     4 -4.528081E+04 -1.655564E+03
  1.100000E+01     6     5 -7.172609E+04 -3.249767E+03
  1.100000E+01     6     6  2.824400E+02 -8.541525E+01
  1.100000E+01     6     7 -1.416879E+02  1.241133E+02
  1.100000E+01     6     8 -1.727158E+01 -1.783624E+01
  1.100000E+01     6     9  3.610279E+01  3.076427E+01
  1.100000E+01     6    10 -1.693693E+02 -1.777257E+02
  1.100000E+01     6    11  1.383250E+03 -1.178695E+03
  1.100000E+01     6    12 -4.888955E+00 -3.691211E+00
  1.100000E+01     6    13 -6.084055E+01  2.730130E+02
  1.100000E+01     6    14 -2.696268E+01  1.478259E+02
  1.100000E+01     6    15  8.684840E+01  5.459325E+00
  1.100000E+01     6    16 -2.499296E+02  1.408482E+03
  1.100000E+01     6    17  6.616835E+02 -2.685138E+03
  1.100000E+01     6    18 -7.363016E+00  4.160414E+01
  1.100000E+01     6    19 -1.328433E+03 -2.510273E+02
  1.100000E+01     6    20  1.125903E+03 -2.358599E+02
  1.100000E+01     6    21  2.016776E+03  7.871913E+02
  1.100000E+01     6    22  1.418508E+03 -6.754353E+03
  1.100000E+01     6    23  9.925020E+04  9.057384E+03
  1.100000E+01     6    24 -7.145476E+04  1.288923E+03
  1.100000E+01     6    25 -8.797229E+01 -3.649082E+01
  1.100000E+01     6    26 -9.153205E+00 -3.199049E+01
  1.100000E+01     6    27  6.662148E+00 -5.517039E+01
  1.100000E+01     6    28 -6.243826E+01 -2.195770E+02
  1.100000E+01     6    29  5.991467E+02  2.514339E+02
  1.100000E+01     6    30  1.146002E-01  1.768390E+00
  1.100000E+01     7     1  4.469165E+01  4.239716E+02
  1.100000E+01     7     2  4.538401E+01  7.036034E+01
  1.100000E+01     7     3  7.608802E+01  2.205038E+01
  1.100000E+01     7     4  3.835906E+02  6.625107E+02
  1.100000E+01     7     5 -7.020063E+02 -5.381936E+03
  1.100000E+01     7     6 -6.274543E+00 -8.114862E+01
  1.100000E+01     7     7  2.744203E+04  2.957124E+02
  1.100000E+01     7     8  1.196845E+03 -3.225883E+01
  1.100000E+01     7     9  3.445829E+02  2.092035E+01
  1.100000E+01     7    10  2.893023E+04 -3.151721E+02
  1.100000E+01     7    11 -4.608788E+05 -2.829623E+03
  1.100000E+01     7    12 -4.950478E+03 -6.894053E+00
  1.100000E+01     7    13 -2.509743E+01  2.010303E+02
  1.100000E+01     7    14 -6.790886E+01 -9.228068E+01
  1.100000E+01     7    15  5.515990E+01 -6.309317E+00
  1.100000E+01     7    16 -6.680924E+02 -9.388685E+02
  1.100000E+01     7    17  2.170695E+02 -2.088673E+03
  1.100000E+01     7    18 -1.580471E+01 -1.413235E+01
  1.100000E+01     7    19  9.829500E+03 -1.131505E+02
  1.100000E+01     7    20  2.139325E+04  1.479567E+01
  1.100000E+01     7    21  9.014991E+02  8.193890E+02
  1.100000E+01     7    22  1.090877E+05  1.180060E+03
  1.100000E+01     7    23 -4.276751E+04  3.446651E+03
  1.100000E+01     7    24  1.201056E+05  1.615747E+03
  1.100000E+01     7    25  3.735176E+01 -2.892979E+00
  1.100000E+01     7    26  7.018742E+01  8.969036E+00
  1.100000E+01     7    27 -3.881062E+00 -5.413962E+01
  1.100000E+01     7    28  4.800929E+02  6.128969E+01
  1.100000E+01     7    29 -2.571099E+02  2.014469E+01
  1.100000E+01     7    30  2.101311E-01  1.697787E+00
  1.100000E+01     8     1 -4.559809E+01 -2.786400E+02
  1.100000E+01     8     2  5.002601E+01 -6.433083E+01
  1.100000E+01     8     3 -4.512098E+01 -2.082781E+01
  1.100000E+01     8     4  4.769176E+02 -5.448241E+02
  1.100000E+01     8     5  5.293727E+02  3.597928E+03
  1.100000E+01     8     6  1.788931E+01  5.136296E+01
  1.100000E+01     8     7 -4.734707E+03 -5.859040E+00
  1.100000E+01     8     8  5.551705E+03  3.147648E+02
  1.100000E+01     8     9 -5.111687E+01  1.160328E+01
  1.100000E+01     8    10  6.853382E+04  3.018107E+03
  1.100000E+01     8    11  8.377328E+04  1.292969E+02
  1.100000E+01     8    12  2.329218E+02  8.243295E+01
  1.100000E+01     8    13  7.677007E+01  1.165847E+02
  1.100000E+01     8    14  3.974038E+01 -9.452624E+01
  1.100000E+01     8    15  3.717454E+01 -1.988979E+01
  1.100000E+01     8    16  3.705266E+02 -9.515004E+02
  1.100000E+01     8    17 -7.662499E+02 -1.228677E+03
  1.100000E+01     8    18  1.114405E+01 -1.750668E+01
  1.100000E+01     8    19 -3.518967E+03  3.332414E+02
  1.100000E+01     8    20 -3.229773E+03 -1.679668E+02
  1.100000E+01     8    21  3.006712E+01 -6.927229E+01
  1.100000E+01     8    22 -1.276550E+04 -5.693033E+03
  1.100000E+01     8    23  7.438815E+03 -9.804508E+03
  1.100000E+01     8    24  8.421360E+04 -2.380562E+03
  1.100000E+01     8    25  3.853547E+00  3.838494E+01
  1.100000E+01     8    26 -6.318352E+00 -2.730782E+01
  1.100000E+01     8    27 -4.505227E+00  1.703545E+00
  1.100000E+01     8    28 -4.243607E+01 -1.868502E+02
  1.100000E+01     8    29 -2.452325E+01 -2.610711E+02
  1.100000E+01     8    30  1.353243E-01 -1.079252E-01
  1.100000E+01     9     1  1.389486E+02 -2.695040E+01
  1.100000E+01     9     2  2.758116E+01 -9.345038E+00
  1.100000E+01     9     3  7.971737E+00 -2.515484E+01
  1.100000E+01     9     4  2.557832E+02 -7.255553E+01
  1.100000E+01     9     5 -1.759187E+03  3.841172E+02
  1.100000E+01     9     6 -2.535593E+01  5.798902E+00
  1.100000E+01     9     7  1.866525E+02  9.259077E+00
  1.100000E+01     9     8 -1.484171E+01 -1.305403E+00
  1.100000E+01     9     9  1.638746E+03  4.747678E+01
  1.100000E+01     9    10 -2.851676E+02 -1.456466E+01
  1.100000E+01     9    11 -1.777519E+03 -5.319397E+01
  1.100000E+01     9    12  3.859068E+01  1.586132E-01
  1.100000E+01     9    13  7.360106E+01 -5.074218E+00
  1.100000E+01     9    14 -4.338919E+01  1.663300E+01
  1.100000E+01     9    15 -3.295270E+00 -2.009731E+01
  1.100000E+01     9    16 -4.376148E+02  1.676670E+02
  1.100000E+01     9    17 -7.648956E+02  6.426121E+01
  1.100000E+01     9    18 -7.240259E+00  3.616923E+00
  1.100000E+01     9    19 -8.563137E+00 -4.956008E+01
  1.100000E+01     9    20 -4.124352E+00 -9.876012E+01
  1.100000E+01     9    21  8.147391E+02 -2.807310E+01
  1.100000E+01     9    22  1.751852E+04 -4.631499E+03
  1.100000E+01     9    23 -9.332309E+03  2.438162E+03
  1.100000E+01     9    24 -5.182464E+02 -9.434651E+01
  1.100000E+01     9    25 -2.869823E-01 -1.112102E+01
  1.100000E+01     9    26  7.855832E-01 -1.931903E+01
  1.100000E+01     9    27 -1.631257E+01  1.448895E+00
  1.100000E+01     9    28  3.327610E+00 -1.330048E+02
  1.100000E+01     9    29  3.379728E+00  7.691301E+01
  1.100000E+01     9    30  5.884776E-01 -3.483704E-02
  1.100000E+01    10     1 -1.254333E+02 -2.704740E+03
  1.100000E+01    10     2  5.141609E+02 -6.207141E+02
  1.100000E+01    10     3 -4.144955E+02 -2.511228E+02
  1.100000E+01    10     4  4.887446E+03 -5.251615E+03
  1.100000E+01    10     5  1.148092E+03  3.497218E+04
  1.100000E+01    10     6  1.100295E+02  5.013446E+02
  1.100000E+01    10     7 -8.475196E+04 -8.780743E+01
  1.100000E+01    10     8  7.049194E+04  2.920056E+03
  1.100000E+01    10     9 -7.188197E+02  1.970368E+02
  1.100000E+01    10    10  1.042376E+06  2.799576E+04
  1.100000E+01    10    11  1.503383E+06  1.587997E+03
  1.100000E+01    10    12  9.264244E+02  7.651542E+02
  1.100000E+01    10    13  8.374980E+02  1.034083E+03
  1.100000E+01    10    14  3.059814E+02 -8.206090E+02
  1.100000E+01    10    15  3.259476E+02 -2.168632E+02
  1.100000E+01    10    16  2.801210E+03 -8.259597E+03
  1.100000E+01    10    17 -8.406713E+03 -1.087786E+04
  1.100000E+01    10    18  9.321712E+01 -1.512318E+02
  1.100000E+01    10    19 -6.494424E+04  2.991220E+03
  1.100000E+01    10    20 -5.685684E+04 -1.742610E+03
  1.100000E+01    10    21  5.457095E+02 -8.392774E+02
  1.100000E+01    10    22 -2.146589E+05 -6.160486E+04
  1.100000E+01    10    23  1.594022E+05 -8.585033E+04
  1.100000E+01    10    24  1.592482E+06 -2.257104E+04
  1.100000E+01    10    25  1.596331E+01  3.311218E+02
  1.100000E+01    10    26 -6.983100E+01 -2.906252E+02
  1.100000E+01    10    27 -7.059160E+01  2.809924E+01
  1.100000E+01    10    28 -4.710650E+02 -1.990124E+03
  1.100000E+01    10    29 -9.246429E+01 -2.249578E+03
  1.100000E+01    10    30  2.142693E+00 -1.360966E+00
  1.100000E+01    11     1 -7.902541E+02 -3.668621E+03
  1.100000E+01    11     2 -4.099850E+02 -6.203575E+02
  1.100000E+01    11     3 -6.898932E+02 -1.313403E+02
  1.100000E+01    11     4 -3.477928E+03 -5.828502E+03
  1.100000E+01    11     5  1.108785E+04  4.652839E+04
  1.100000E+01    11     6  1.367096E+02  6.979390E+02
  1.100000E+01    11     7 -4.681865E+05 -2.477402E+03
  1.100000E+01    11     8 -2.537565E+04  5.189007E+02
  1.100000E+01    11     9 -4.192614E+03 -2.833651E+02
  1.100000E+01    11    10 -5.863283E+05  5.028607E+03
  1.100000E+01    11    11  8.196142E+06  2.367727E+04
  1.100000E+01    11    12  9.295267E+04  1.221551E+02
  1.100000E+01    11    13  1.108340E+02 -1.555411E+03
  1.100000E+01    11    14  6.850017E+02  6.407504E+02
  1.100000E+01    11    15 -4.170267E+02  7.863533E+01
  1.100000E+01    11    16  6.747820E+03  6.532499E+03
  1.100000E+01    11    17 -7.668639E+02  1.611583E+04
  1.100000E+01    11    18  1.551343E+02  9.277274E+01
  1.100000E+01    11    19 -1.746886E+05  1.347115E+03
  1.100000E+01    11    20 -3.882574E+05 -2.528184E+01
  1.100000E+01    11    21 -1.227972E+04 -6.757763E+03
  1.100000E+01    11    22 -1.751208E+06 -3.391828E+03
  1.100000E+01    11    23  6.378922E+05 -4.338771E+04
  1.100000E+01    11    24 -2.361518E+06 -1.496065E+04
  1.100000E+01    11    25 -2.935612E+02  8.601585E+01
  1.100000E+01    11    26 -5.934634E+02 -5.060095E+01
  1.100000E+01    11    27  6.754030E+01  4.450178E+02
  1.100000E+01    11    28 -4.049238E+03 -3.434860E+02
  1.100000E+01    11    29  2.019331E+03 -5.921685E+02
  1.100000E+01    11    30 -3.115934E+00 -1.403412E+01
  1.100000E+01    12     1 -6.143639E+01 -5.821505E+01
  1.100000E+01    12     2  6.679599E+00 -1.480583E+01
  1.100000E+01    12     3 -1.309282E+01  3.627010E+00
  1.100000E+01    12     4  6.626652E+01 -1.261746E+02
  1.100000E+01    12     5  7.646678E+02  7.456548E+02
  1.100000E+01    12     6  1.435208E+01  1.019361E+01
  1.100000E+01    12     7  3.306731E+03  5.812246E+00
  1.100000E+01    12     8 -6.821100E+02  8.946881E+01
  1.100000E+01    12     9  1.445825E+02 -1.060839E+01
  1.100000E+01    12    10 -1.407473E+04  8.583312E+02
  1.100000E+01    12    11 -5.545466E+04 -4.543941E+01
  1.100000E+01    12    12  3.628700E+03  2.340649E+01
  1.100000E+01    12    13  2.972507E+00  4.255236E+01
  1.100000E+01    12    14  2.004908E+01 -3.735662E+01
  1.100000E+01    12    15  1.401287E+01 -1.091564E+00
  1.100000E+01    12    16  1.940799E+02 -3.760154E+02
  1.100000E+01    12    17 -2.298483E+01 -4.517372E+02
  1.100000E+01    12    18  4.527850E+00 -7.033474E+00
  1.100000E+01    12    19  3.222587E+03  1.118128E+02
  1.100000E+01    12    20  1.717451E+03 -1.973947E+01
  1.100000E+01    12    21 -2.168097E+01  1.741649E+01
  1.100000E+01    12    22  3.818975E+03 -2.720918E+02
  1.100000E+01    12    23 -8.503688E+03 -3.647626E+03
  1.100000E+01    12    24 -1.021930E+05 -5.851339E+02
  1.100000E+01    12    25  4.297126E+00  1.514174E+01
  1.100000E+01    12    26  8.535385E-01 -2.030692E+00
  1.100000E+01    12    27  3.113350E+00 -1.873527E+00
  1.100000E+01    12    28  5.969839E+00 -1.365048E+01
  1.100000E+01    12    29 -2.900291E+01 -1.033848E+02
  1.100000E+01    12    30 -9.223364E-02  3.868568E-02
  1.100000E+01    13     1 -1.917110E+02  3.791598E+02
  1.100000E+01    13     2 -2.917215E+01 -1.211767E+02
  1.100000E+01    13     3  6.097625E+01  1.463555E+01
  1.100000E+01    13     4 -2.278321E+02 -1.050326E+03
  1.100000E+01    13     5  2.506873E+03 -4.483698E+03
  1.100000E+01    13     6  4.122381E+01 -9.619205E+01
  1.100000E+01    13     7 -5.755814E+01  2.930598E+02
  1.100000E+01    13     8  4.715397E+01  1.531820E+02
  1.100000E+01    13     9  9.286513E+01 -2.763996E+00
  1.100000E+01    13    10  4.438883E+02  1.462551E+03
  1.100000E+01    13    11  6.331787E+02 -2.786255E+03
  1.100000E+01    13    12  1.559355E+01  4.256197E+01
  1.100000E+01    13    13  4.939252E+03  4.329344E+02
  1.100000E+01    13    14  2.988307E+03 -5.859909E+01
  1.100000E+01    13    15  1.643526E+03 -8.647223E+00
  1.100000E+01    13    16  4.148680E+04 -6.504196E+02
  1.100000E+01    13    17  6.943491E+03 -4.419826E+03
  1.100000E+01    13    18 -6.582634E+02  5.375611E-01
  1.100000E+01    13    19  3.281505E+03  5.948256E+01
  1.100000E+01    13    20  1.859958E+03 -1.921798E+02
  1.100000E+01    13    21  1.547817E+03  1.120102E+03
  1.100000E+01    13    22 -1.697495E+04 -4.173857E+03
  1.100000E+01    13    23 -1.414875E+04 -2.513968E+03
  1.100000E+01    13    24  1.996712E+05  8.736413E+02
  1.100000E+01    13    25  6.232059E+01  1.915898E+01
  1.100000E+01    13    26 -9.911034E+01 -1.943019E+01
  1.100000E+01    13    27  1.112230E+00 -7.755663E+01
  1.100000E+01    13    28 -6.768617E+02 -1.327245E+02
  1.100000E+01    13    29 -4.203774E+02 -1.293893E+02
  1.100000E+01    13    30  6.791036E-02  2.397623E+00
  1.100000E+01    14     1  8.992645E+01  1.245361E+02
  1.100000E+01    14     2  4.091463E+01 -9.163226E+01
  1.100000E+01    14     3  4.958689E+01 -1.224595E+01
  1.100000E+01    14     4  3.799322E+02 -8.345320E+02
  1.100000E+01    14     5 -1.155836E+03 -1.322632E+03
  1.100000E+01    14     6 -1.180616E+01 -3.498153E+01
  1.100000E+01    14     7 -6.120976E+01 -1.005607E+02
  1.100000E+01    14     8  3.951729E+01 -8.832630E+01
  1.100000E+01    14     9 -3.681410E+01  1.582790E+01
  1.100000E+01    14    10  3.823414E+02 -8.487913E+02
  1.100000E+01    14    11  5.672564E+02  9.538922E+02
  1.100000E+01    14    12  8.546285E+00 -2.429210E+01
  1.100000E+01    14    13  5.858017E+03 -8.661068E+00
  1.100000E+01    14    14  5.880455E+03  3.173620E+02
  1.100000E+01    14    15 -1.602913E+02 -7.560891E+00
  1.100000E+01    14    16  7.847683E+04  3.113102E+03
  1.100000E+01    14    17 -1.127428E+05  2.198312E+02
  1.100000E+01    14    18 -1.132461E+03  6.917383E+01
  1.100000E+01    14    19  4.521044E+03 -2.595848E+02
  1.100000E+01    14    20 -4.075021E+03 -1.546271E+02
  1.100000E+01    14    21  1.396272E+01  3.218684E+01
  1.100000E+01    14    22 -2.253067E+04 -5.386283E+03
  1.100000E+01    14    23 -1.711371E+04  7.728697E+03
  1.100000E+01    14    24  1.114989E+05  2.961544E+01
  1.100000E+01    14    25 -5.046474E+00 -3.660803E+01
  1.100000E+01    14    26 -5.356838E+00 -2.592365E+01
  1.100000E+01    14    27  2.230419E+00 -2.152991E+00
  1.100000E+01    14    28 -3.606540E+01 -1.780831E+02
  1.100000E+01    14    29  3.295036E+01  2.508768E+02
  1.100000E+01    14    30 -6.657331E-02  1.119340E-01
  1.100000E+01    15     1  9.217403E+01  4.947135E+00
  1.100000E+01    15     2 -4.022429E+01  1.003059E+01
  1.100000E+01    15     3 -2.300143E+00 -1.739852E+01
  1.100000E+01    15     4 -3.592679E+02  8.085699E+01
  1.100000E+01    15     5 -1.064956E+03 -1.033227E+02
  1.100000E+01    15     6 -2.453605E+01 -1.125467E+00
  1.100000E+01    15     7  6.790961E+01 -5.519271E+00
  1.100000E+01    15     8  4.075368E+01 -1.415034E+01
  1.100000E+01    15     9 -4.175151E+00 -2.036690E+01
  1.100000E+01    15    10  3.893670E+02 -1.345968E+02
  1.100000E+01    15    11 -6.473917E+02  3.379939E+01
  1.100000E+01    15    12  1.093912E+01 -4.818452E+00
  1.100000E+01    15    13  1.737014E+02  8.122761E+00
  1.100000E+01    15    14  1.369670E+01 -9.407675E-01
  1.100000E+01    15    15  1.601149E+03  4.817018E+01
  1.100000E+01    15    16  4.023641E+02 -1.183434E+01
  1.100000E+01    15    17 -2.687200E+03 -6.313743E+01
  1.100000E+01    15    18  1.440939E+01  3.235758E-01
  1.100000E+01    15    19  1.946951E+01 -6.406535E+01
  1.100000E+01    15    20 -4.366603E+01  1.029718E+02
  1.100000E+01    15    21  7.935099E+02 -3.028779E+01
  1.100000E+01    15    22 -1.831728E+04  4.687671E+03
  1.100000E+01    15    23 -1.037832E+04  2.879870E+03
  1.100000E+01    15    24  1.017418E+03  4.351419E+01
  1.100000E+01    15    25  6.145016E-02 -1.134044E+01
  1.100000E+01    15    26 -3.330539E-01  1.949611E+01
  1.100000E+01    15    27 -1.634406E+01  2.333035E+00
  1.100000E+01    15    28 -1.373509E-01  1.339487E+02
  1.100000E+01    15    29  1.046659E+00  7.704806E+01
  1.100000E+01    15    30  5.894298E-01 -5.254843E-02
  1.100000E+01    16     1  6.523079E+02  1.185643E+03
  1.100000E+01    16     2  4.324620E+02 -8.512402E+02
  1.100000E+01    16     3  4.622922E+02 -7.802306E+01
  1.100000E+01    16     4  4.002010E+03 -7.732512E+03
  1.100000E+01    16     5 -8.573612E+03 -1.262372E+04
  1.100000E+01    16     6 -6.471495E+01 -3.298989E+02
  1.100000E+01    16     7 -6.373511E+02 -8.659592E+02
  1.100000E+01    16     8  3.186826E+02 -7.621257E+02
  1.100000E+01    16     9 -3.166437E+02  1.650322E+02
  1.100000E+01    16    10  3.088068E+03 -7.326977E+03
  1.100000E+01    16    11  5.939445E+03  8.233527E+03
  1.100000E+01    16    12  6.717831E+01 -2.083861E+02
  1.100000E+01    16    13  1.024808E+05 -3.804803E+01
  1.100000E+01    16    14  7.650069E+04  2.878977E+03
  1.100000E+01    16    15 -2.826370E+03 -1.369404E+02
  1.100000E+01    16    16  1.220716E+06  2.823346E+04
  1.100000E+01    16    17 -1.970649E+06  1.550763E+03
  1.100000E+01    16    18 -2.329422E+04  6.282428E+02
  1.100000E+01    16    19  8.185614E+04 -2.253712E+03
  1.100000E+01    16    20 -6.975801E+04 -1.556887E+03
  1.100000E+01    16    21  6.159037E+01  4.883311E+02
  1.100000E+01    16    22 -3.770620E+05 -5.532328E+04
  1.100000E+01    16    23 -3.282972E+05  6.539803E+04
  1.100000E+01    16    24  2.076673E+06  2.943102E+02
  1.100000E+01    16    25 -2.827111E+01 -3.118999E+02
  1.100000E+01    16    26 -5.960914E+01 -2.621194E+02
  1.100000E+01    16    27  4.015474E+01 -3.327964E+01
  1.100000E+01    16    28 -4.044092E+02 -1.800541E+03
  1.100000E+01    16    29  1.785255E+02  2.138557E+03
  1.100000E+01    16    30 -1.300122E+00  1.411078E+00
  1.100000E+01    17     1  2.521971E+03 -4.186483E+03
  1.100000E+01    17     2  2.220647E+02  1.267992E+03
  1.100000E+01    17     3 -6.601878E+02 -2.467457E+02
  1.100000E+01    17     4  1.611545E+03  1.091462E+04
  1.100000E+01    17     5 -3.251303E+04  4.961000E+04
  1.100000E+01    17     6 -5.522130E+02  1.051872E+03
  1.100000E+01    17     7  7.650395E+02 -3.421366E+03
  1.100000E+01    17     8 -3.728162E+02 -1.815221E+03
  1.100000E+01    17     9 -1.102030E+03 -1.405543E+01
  1.100000E+01    17    10 -3.461776E+03 -1.733344E+04
  1.100000E+01    17    11 -8.256643E+03  3.247686E+04
  1.100000E+01    17    12 -1.336163E+02 -5.076220E+02
  1.100000E+01    17    13 -5.640383E+04 -4.810521E+03
  1.100000E+01    17    14 -5.086149E+04  9.486724E+02
  1.100000E+01    17    15 -2.898953E+04  2.634772E+02
  1.100000E+01    17    16 -6.886051E+05  1.013848E+04
  1.100000E+01    17    17 -4.020252E+05  4.931873E+04
  1.100000E+01    17    18  7.503310E+03  6.022734E+01
  1.100000E+01    17    19 -5.316180E+04 -1.103030E+03
  1.100000E+01    17    20 -3.690639E+04  2.320389E+03
  1.100000E+01    17    21 -2.393828E+04 -1.273050E+04
  1.100000E+01    17    22  2.559527E+04  5.639130E+04
  1.100000E+01    17    23  6.998301E+04  4.491373E+04
  1.100000E+01    17    24 -3.424228E+06 -9.918146E+03
  1.100000E+01    17    25 -7.408326E+02 -2.879835E+02
  1.100000E+01    17    26  1.141841E+03  2.531816E+02
  1.100000E+01    17    27 -3.991559E+01  8.813680E+02
  1.100000E+01    17    28  7.790397E+03  1.731228E+03
  1.100000E+01    17    29  4.989220E+03  1.950373E+03
  1.100000E+01    17    30 -4.179385E-01 -2.714034E+01
  1.100000E+01    18     1  5.848653E+01  2.707971E+01
  1.100000E+01    18     2  2.813975E+00 -2.563935E+01
  1.100000E+01    18     3  1.315956E+01 -1.004508E+01
  1.100000E+01    18     4  2.796609E+01 -2.372846E+02
  1.100000E+01    18     5 -7.194216E+02 -2.767599E+02
  1.100000E+01    18     6 -1.139266E+01 -8.316485E+00
  1.100000E+01    18     7 -6.464009E+00 -4.287581E+01
  1.100000E+01    18     8  1.810503E+01 -3.728273E+01
  1.100000E+01    18     9 -1.558090E+01  2.044787E+00
  1.100000E+01    18    10  1.743510E+02 -3.576826E+02
  1.100000E+01    18    11  5.355109E+01  4.036729E+02
  1.100000E+01    18    12  4.075772E+00 -1.043652E+01
  1.100000E+01    18    13 -4.302238E+03 -1.373385E+01
  1.100000E+01    18    14 -2.162098E+02  1.023521E+02
  1.100000E+01    18    15  5.584827E+01  8.824183E+00
  1.100000E+01    18    16 -7.706438E+03  1.006017E+03
  1.100000E+01    18    17  7.931746E+04  1.875412E+02
  1.100000E+01    18    18  3.896770E+03  2.206718E+01
  1.100000E+01    18    19 -3.481655E+03 -1.021043E+02
  1.100000E+01    18    20  2.861517E+03 -2.327849E+01
  1.100000E+01    18    21 -1.968838E+01 -3.264566E+01
  1.100000E+01    18    22  1.387433E+04 -6.660458E+02
  1.100000E+01    18    23  1.463721E+04  3.347226E+03
  1.100000E+01    18    24 -8.223557E+04  8.160924E+00
  1.100000E+01    18    25 -4.952374E+00 -1.555700E+01
  1.100000E+01    18    26  1.294244E+00 -3.871099E+00
  1.100000E+01    18    27 -2.550792E+00  2.300961E+00
  1.100000E+01    18    28  9.103874E+00 -2.662684E+01
  1.100000E+01    18    29  3.350935E+01  1.064226E+02
  1.100000E+01    18    30  8.617721E-02 -5.136351E-02
  1.100000E+01    19     1  2.185575E+04  7.619026E+02
  1.100000E+01    19     2 -5.638713E+03 -8.038506E+02
  1.100000E+01    19     3  4.774379E+03 -1.278744E+02
  1.100000E+01    19     4 -6.842464E+04 -7.139920E+03
  1.100000E+01    19     5 -3.251031E+05 -8.003115E+03
  1.100000E+01    19     6 -1.312891E+04 -2.654136E+02
  1.100000E+01    19     7  1.540131E+04  4.750746E+02
  1.100000E+01    19     8 -7.651617E+02  2.849524E+02
  1.100000E+01    19     9  3.057642E+02  7.035243E+01
  1.100000E+01    19    10 -9.263635E+03  2.712284E+03
  1.100000E+01    19    11 -2.772040E+05 -4.465433E+03
  1.100000E+01    19    12 -1.544539E+03  8.166490E+01
  1.100000E+01    19    13  5.762831E+03  1.152185E+03
  1.100000E+01    19    14  2.827884E+03  2.773439E+02
  1.100000E+01    19    15  9.541622E+02 -6.145353E+01
  1.100000E+01    19    16  4.933193E+04  2.536334E+03
  1.100000E+01    19    17 -7.692445E+04 -1.153698E+04
  1.100000E+01    19    18 -2.333548E+03  9.819017E+01
  1.100000E+01    19    19  9.702526E+03 -2.059401E+02
  1.100000E+01    19    20  6.541733E+03 -1.049139E+03
  1.100000E+01    19    21  8.148434E+03  2.876272E+03
  1.100000E+01    19    22  7.351540E+03 -3.085603E+04
  1.100000E+01    19    23  3.336948E+05  7.454527E+03
  1.100000E+01    19    24  3.562346E+05  3.016255E+03
  1.100000E+01    19    25 -1.758996E+02 -2.848723E+01
  1.100000E+01    19    26 -6.148090E+01 -1.461414E+02
  1.100000E+01    19    27  3.636194E+01 -2.049666E+02
  1.100000E+01    19    28 -4.268487E+02 -1.001860E+03
  1.100000E+01    19    29  1.001203E+03  2.026460E+02
  1.100000E+01    19    30  2.243894E-01  6.427415E+00
  1.100000E+01    20     1  1.615211E+04  6.153937E+02
  1.100000E+01    20     2 -4.775137E+03 -2.623827E+02
  1.100000E+01    20     3  3.252733E+03 -1.167365E+02
  1.100000E+01    20     4 -6.424531E+04 -2.361692E+03
  1.100000E+01    20     5 -2.405368E+05 -7.231369E+03
  1.100000E+01    20     6 -5.886863E+03 -1.684942E+02
  1.100000E+01    20     7  1.815314E+04  1.959668E+02
  1.100000E+01    20     8  1.763768E+03 -2.032101E+02
  1.100000E+01    20     9  1.611813E+02 -1.579708E+01
  1.100000E+01    20    10  3.854696E+04 -1.956471E+03
  1.100000E+01    20    11 -3.256265E+05 -1.948216E+03
  1.100000E+01    20    12 -4.901427E+03 -5.394460E+01
  1.100000E+01    20    13  2.356320E+03  4.079453E+02
  1.100000E+01    20    14 -2.113711E+03  2.631956E+02
  1.100000E+01    20    15 -1.229690E+03  1.168904E+02
  1.100000E+01    20    16 -2.431268E+04  2.519121E+03
  1.100000E+01    20    17 -1.073464E+05 -3.955998E+03
  1.100000E+01    20    18 -3.173622E+02  7.225567E+01
  1.100000E+01    20    19 -1.611533E+03 -6.679518E+02
  1.100000E+01    20    20  1.569216E+04 -6.738317E+01
  1.100000E+01    20    21  3.622471E+03  1.314252E+03
  1.100000E+01    20    22  3.711465E+04  2.635311E+03
  1.100000E+01    20    23  1.848273E+05  2.408583E+04
  1.100000E+01    20    24  7.022125E+04  3.473494E+03
  1.100000E+01    20    25 -1.997596E+02 -9.562286E+01
  1.100000E+01    20    26  1.125364E+02  6.342319E+00
  1.100000E+01    20    27  1.094868E+01 -9.012737E+01
  1.100000E+01    20    28  9.611459E+02  4.364016E+01
  1.100000E+01    20    29  1.355952E+03  6.551140E+02
  1.100000E+01    20    30  4.818098E-01  2.951465E+00
  1.100000E+01    21     1 -6.173149E+03  1.279855E+03
  1.100000E+01    21     2  1.659808E+03  1.336844E+02
  1.100000E+01    21     3 -3.813222E+02  1.122745E+02
  1.100000E+01    21     4  2.020573E+04  1.299172E+03
  1.100000E+01    21     5  9.866056E+04 -1.613678E+04
  1.100000E+01    21     6  2.996593E+03 -2.564503E+02
  1.100000E+01    21     7  7.583243E+02  7.605784E+02
  1.100000E+01    21     8  5.609308E+01 -1.251548E+01
  1.100000E+01    21     9  7.313683E+02 -5.823920E+01
  1.100000E+01    21    10  8.268983E+02 -1.347790E+02
  1.100000E+01    21    11 -8.528912E+03 -7.355043E+03
  1.100000E+01    21    12 -1.054352E+01  2.593749E-01
  1.100000E+01    21    13  7.767606E+02  6.550060E+02
  1.100000E+01    21    14 -5.911847E+01 -1.610182E+02
  1.100000E+01    21    15  7.186214E+02 -2.703250E+01
  1.100000E+01    21    16 -1.310000E+03 -1.699285E+03
  1.100000E+01    21    17 -8.483473E+03 -6.786465E+03
  1.100000E+01    21    18  9.294943E+01 -1.598910E+01
  1.100000E+01    21    19  3.663166E+03 -1.776681E+02
  1.100000E+01    21    20  8.126787E+02  5.602533E+01
  1.100000E+01    21    21  2.020305E+04  2.686115E+03
  1.100000E+01    21    22  7.689643E+03  6.497912E+03
  1.100000E+01    21    23 -9.787102E+04  2.216625E+03
  1.100000E+01    21    24 -4.249234E+04  4.220016E+03
  1.100000E+01    21    25  6.522926E+01  2.240521E+01
  1.100000E+01    21    26  1.420051E+01  3.494682E+01
  1.100000E+01    21    27 -1.218957E+02 -1.785955E+02
  1.100000E+01    21    28  9.873976E+01  2.403707E+02
  1.100000E+01    21    29 -4.242394E+02 -1.529774E+02
  1.100000E+01    21    30 -1.751254E+00  5.554835E+00
  1.100000E+01    22     1  2.364124E+04  7.920206E+03
  1.100000E+01    22     2 -4.517052E+03  7.121757E+03
  1.100000E+01    22     3  5.130231E+03  1.308614E+03
  1.100000E+01    22     4 -7.689066E+04  6.272142E+04
  1.100000E+01    22     5 -3.438144E+05 -1.154444E+05
  1.100000E+01    22     6 -4.993695E+03 -9.795156E+02
  1.100000E+01    22     7  9.475851E+04  2.586679E+03
  1.100000E+01    22     8  9.104232E+03 -5.065452E+03
  1.100000E+01    22     9  1.620294E+04 -4.619627E+03
  1.100000E+01    22    10  1.908241E+05 -4.838196E+04
  1.100000E+01    22    11 -1.473879E+06 -2.935957E+04
  1.100000E+01    22    12 -1.913951E+04 -1.442269E+03
  1.100000E+01    22    13 -3.434016E+04 -1.977005E+03
  1.100000E+01    22    14 -1.320831E+03 -4.465223E+03
  1.100000E+01    22    15 -2.285345E+04  4.907968E+03
  1.100000E+01    22    16  3.631825E+04 -4.376988E+04
  1.100000E+01    22    17  9.589809E+04  1.873653E+04
  1.100000E+01    22    18 -8.896360E+03 -1.034764E+03
  1.100000E+01    22    19  9.650670E+03 -4.529216E+03
  1.100000E+01    22    20  7.311807E+04  2.061809E+04
  1.100000E+01    22    21  2.151455E+03  2.988926E+03
  1.100000E+01    22    22  1.274389E+07  8.556945E+05
  1.100000E+01    22    23  9.855649E+04  1.418482E+05
  1.100000E+01    22    24  6.964559E+05  4.504091E+04
  1.100000E+01    22    25 -2.852159E+02 -2.546458E+02
  1.100000E+01    22    26  8.361905E+03  3.763511E+03
  1.100000E+01    22    27  4.711622E+01 -6.103994E+01
  1.100000E+01    22    28  5.953290E+04  2.585002E+04
  1.100000E+01    22    29  1.590246E+03  1.609261E+03
  1.100000E+01    22    30  1.020164E+01  3.050964E+00
  1.100000E+01    23     1 -3.492674E+05 -6.533928E+03
  1.100000E+01    23     2  1.012259E+05  1.220940E+04
  1.100000E+01    23     3 -5.060432E+04 -1.804548E+03
  1.100000E+01    23     4  1.262892E+06  1.091322E+05
  1.100000E+01    23     5  5.562811E+06  5.984201E+04
  1.100000E+01    23     6  1.781825E+05  2.944202E+03
  1.100000E+01    23     7 -6.274548E+04 -6.000177E+03
  1.100000E+01    23     8 -1.525238E+03 -9.238299E+03
  1.100000E+01    23     9 -1.077138E+04  8.861746E+02
  1.100000E+01    23    10 -2.756026E+04 -8.844721E+04
  1.100000E+01    23    11  1.055035E+06  5.640005E+04
  1.100000E+01    23    12  6.698217E+03 -2.580272E+03
  1.100000E+01    23    13 -3.684864E+04 -1.678987E+04
  1.100000E+01    23    14 -1.241783E+03  5.030249E+02
  1.100000E+01    23    15 -1.751868E+04  2.834562E+03
  1.100000E+01    23    16 -4.267459E+04  7.867733E+03
  1.100000E+01    23    17  3.958180E+05  1.715932E+05
  1.100000E+01    23    18  2.829262E+03 -4.003586E+02
  1.100000E+01    23    19  1.399989E+05 -1.256247E+04
  1.100000E+01    23    20  1.821437E+04  1.592026E+04
  1.100000E+01    23    21 -1.140050E+05 -3.642704E+04
  1.100000E+01    23    22  2.324346E+05  4.679884E+05
  1.100000E+01    23    23  6.912203E+06  5.128959E+05
  1.100000E+01    23    24 -2.643305E+06 -1.436907E+04
  1.100000E+01    23    25 -4.013198E+03 -2.147269E+03
  1.100000E+01    23    26  7.460454E+02  2.229508E+03
  1.100000E+01    23    27 -3.997078E+02  2.632670E+03
  1.100000E+01    23    28  4.937214E+03  1.525471E+04
  1.100000E+01    23    29  2.948807E+04  1.459654E+04
  1.100000E+01    23    30  1.093311E+01 -7.918727E+01
  1.100000E+01    24     1 -8.663044E+05 -2.674729E+04
  1.100000E+01    24     2  2.688831E+05  2.796029E+04
  1.100000E+01    24     3 -1.769434E+05  7.717916E+03
  1.100000E+01    24     4  3.624882E+06  2.493980E+05
  1.100000E+01    24     5  1.290639E+07  2.802351E+05
  1.100000E+01    24     6  3.197174E+05  9.249160E+03
  1.100000E+01    24     7 -2.394231E+05 -9.917021E+03
  1.100000E+01    24     8  9.143443E+04 -1.885655E+03
  1.100000E+01    24     9 -7.481578E+03 -3.406498E+03
  1.100000E+01    24    10  1.585770E+06 -1.737215E+04
  1.100000E+01    24    11  4.327764E+06  9.307282E+04
  1.100000E+01    24    12 -5.784346E+04 -6.010024E+02
  1.100000E+01    24    13  3.589234E+05 -3.379429E+04
  1.100000E+01    24    14  9.597795E+04 -2.105813E+04
  1.100000E+01    24    15 -2.052957E+04 -6.748111E+02
  1.100000E+01    24    16  1.897374E+06 -2.013395E+05
  1.100000E+01    24    17 -6.854794E+06  3.309564E+05
  1.100000E+01    24    18 -1.157486E+05 -5.753756E+03
  1.100000E+01    24    19  4.871174E+05  2.599035E+04
  1.100000E+01    24    20 -3.406455E+05  3.374160E+04
  1.100000E+01    24    21 -2.293329E+05 -8.560146E+04
  1.100000E+01    24    22 -9.823396E+05  9.806192E+05
  1.100000E+01    24    23 -1.244016E+07 -9.582139E+05
  1.100000E+01    24    24  1.253742E+07 -1.120301E+05
  1.100000E+01    24    25  9.684397E+03  4.111085E+03
  1.100000E+01    24    26  1.342577E+03  4.745886E+03
  1.100000E+01    24    27 -9.049220E+02  6.106589E+03
  1.100000E+01    24    28  9.122468E+03  3.255747E+04
  1.100000E+01    24    29 -6.592855E+04 -2.836993E+04
  1.100000E+01    24    30 -9.294051E+00 -1.957639E+02
  1.100000E+01    25     1 -1.519936E+02 -3.010410E+01
  1.100000E+01    25     2  4.742593E+00  3.084248E+00
  1.100000E+01    25     3 -9.536349E+00  2.169709E+01
  1.100000E+01    25     4  1.730610E+01  2.694053E+01
  1.100000E+01    25     5  1.855669E+03  3.618193E+02
  1.100000E+01    25     6  3.240240E+01  6.741649E+00
  1.100000E+01    25     7  4.694005E+01  5.325927E+00
  1.100000E+01    25     8  6.764124E+00  4.172063E+01
  1.100000E+01    25     9 -3.013908E-01 -1.152625E+01
  1.100000E+01    25    10  6.115120E+01  4.009172E+02
  1.100000E+01    25    11 -4.488635E+02 -4.984262E+01
  1.100000E+01    25    12  2.633491E+00  1.132785E+01
  1.100000E+01    25    13  5.095189E+01  7.282008E+00
  1.100000E+01    25    14 -8.215819E+00 -4.454873E+01
  1.100000E+01    25    15 -9.830211E-01 -1.146836E+01
  1.100000E+01    25    16 -9.038278E+01 -4.398219E+02
  1.100000E+01    25    17 -5.370701E+02 -1.025072E+02
  1.100000E+01    25    18 -1.403429E-01 -9.761805E+00
  1.100000E+01    25    19  1.678257E+02  1.081644E+02
  1.100000E+01    25    20  9.502643E+00  7.940940E-01
  1.100000E+01    25    21 -2.434950E+01 -1.605226E+01
  1.100000E+01    25    22  9.156325E+01  7.289977E+01
  1.100000E+01    25    23 -9.238831E+03 -4.131508E+03
  1.100000E+01    25    24 -8.266432E+02 -2.158954E+02
  1.100000E+01    25    25  7.303185E+02  1.747944E+01
  1.100000E+01    25    26  1.683280E+00  3.409792E-01
  1.100000E+01    25    27  3.475589E+00  9.514662E-01
  1.100000E+01    25    28  4.473965E+01  2.531459E+00
  1.100000E+01    25    29 -5.157466E+03 -1.196676E+02
  1.100000E+01    25    30 -8.004427E-01 -5.275599E-02
  1.100000E+01    26     1  1.428563E+01  3.778664E+01
  1.100000E+01    26     2  4.443406E+00  3.844999E+01
  1.100000E+01    26     3  3.842442E+00  7.700408E+00
  1.100000E+01    26     4  2.282726E+01  3.403044E+02
  1.100000E+01    26     5 -2.149386E+02 -5.569979E+02
  1.100000E+01    26     6 -4.140364E+00 -4.011303E+00
  1.100000E+01    26     7  7.999623E+01  1.476405E+01
  1.100000E+01    26     8 -4.231999E+00 -2.428697E+01
  1.100000E+01    26     9  4.015099E-01 -2.015823E+01
  1.100000E+01    26    10 -4.122843E+01 -2.320460E+02
  1.100000E+01    26    11 -7.718351E+02 -1.617657E+02
  1.100000E+01    26    12 -9.617354E-01 -6.847361E+00
  1.100000E+01    26    13 -8.578822E+01 -1.269061E+01
  1.100000E+01    26    14 -3.552839E+00 -2.517277E+01
  1.100000E+01    26    15 -1.755222E-01  2.052722E+01
  1.100000E+01    26    16 -2.101436E+01 -2.461295E+02
  1.100000E+01    26    17  8.641151E+02  1.195124E+02
  1.100000E+01    26    18 -3.242559E+00 -5.909209E+00
  1.100000E+01    26    19 -5.441162E+00 -1.757242E+01
  1.100000E+01    26    20  1.388230E+02  9.645934E+01
  1.100000E+01    26    21 -2.571971E+00  1.197138E+01
  1.100000E+01    26    22  8.562254E+03  3.912416E+03
  1.100000E+01    26    23  1.456470E+02  5.136137E+02
  1.100000E+01    26    24  1.602316E+02  2.129622E+02
  1.100000E+01    26    25  1.578786E+00 -4.360280E-01
  1.100000E+01    26    26  7.423519E+02  1.739741E+01
  1.100000E+01    26    27  1.568769E+00 -9.806275E-02
  1.100000E+01    26    28  5.277456E+03  1.194750E+02
  1.100000E+01    26    29 -3.215519E+01  2.362069E+00
  1.100000E+01    26    30 -3.360625E-01  7.233080E-03
  1.100000E+01    27     1 -4.481093E-02  7.153918E-01
  1.100000E+01    27     2 -9.619269E-03 -8.259890E-02
  1.100000E+01    27     3  8.403398E-02  2.335501E-02
  1.100000E+01    27     4 -1.181300E-02 -6.844568E-01
  1.100000E+01    27     5  2.914024E-01 -8.714394E+00
  1.100000E+01    27     6 -4.021776E-03 -1.623813E-01
  1.100000E+01    27     7 -8.532215E-02  3.989354E-01
  1.100000E+01    27     8 -9.841038E-03  1.304028E-02
  1.100000E+01    27     9  7.244815E-02  4.437268E-04
  1.100000E+01    27    10 -1.127604E-01  1.143588E-01
  1.100000E+01    27    11  8.467587E-01 -3.834152E+00
  1.100000E+01    27    12  1.205548E-04  6.102113E-03
  1.100000E+01    27    13  3.053619E-02  4.661496E-01
  1.100000E+01    27    14  3.080773E-02  3.240205E-02
  1.100000E+01    27    15  8.030088E-02 -3.111425E-02
  1.100000E+01    27    16  2.991501E-01  2.376707E-01
  1.100000E+01    27    17 -3.734853E-01 -4.742064E+00
  1.100000E+01    27    18  6.710884E-03  2.139844E-02
  1.100000E+01    27    19  5.991921E-01 -1.760093E-01
  1.100000E+01    27    20  2.819980E-01 -1.927316E-01
  1.100000E+01    27    21 -7.087429E+01  1.656787E+00
  1.100000E+01    27    22 -2.215229E+01 -4.182539E+00
  1.100000E+01    27    23  6.489558E+00  4.246307E+00
  1.100000E+01    27    24 -2.288502E-01  2.429396E+00
  1.100000E+01    27    25 -5.957371E-01 -4.133110E-03
  1.100000E+01    27    26 -6.849651E-01 -1.715817E-02
  1.100000E+01    27    27  7.157132E+01 -1.123315E-01
  1.100000E+01    27    28 -7.796999E+00 -1.174734E-01
  1.100000E+01    27    29  7.544329E+00  2.987230E-02
  1.100000E+01    27    30 -4.971692E-01  3.513847E-03
  1.100000E+01    28     1  9.880782E+01  2.681375E+02
  1.100000E+01    28     2  2.930256E+01  2.725435E+02
  1.100000E+01    28     3  2.721142E+01  5.503425E+01
  1.100000E+01    28     4  1.410791E+02  2.411960E+03
  1.100000E+01    28     5 -1.494443E+03 -3.952509E+03
  1.100000E+01    28     6 -2.934606E+01 -2.852345E+01
  1.100000E+01    28     7  5.684012E+02  1.047904E+02
  1.100000E+01    28     8 -2.903978E+01 -1.715389E+02
  1.100000E+01    28     9  4.098386E-01 -1.437801E+02
  1.100000E+01    28    10 -2.845514E+02 -1.638878E+03
  1.100000E+01    28    11 -5.487943E+03 -1.148504E+03
  1.100000E+01    28    12 -6.509643E+00 -4.838316E+01
  1.100000E+01    28    13 -6.083000E+02 -8.930119E+01
  1.100000E+01    28    14 -2.408776E+01 -1.791667E+02
  1.100000E+01    28    15  1.279823E+00  1.459756E+02
  1.100000E+01    28    16 -1.389019E+02 -1.752033E+03
  1.100000E+01    28    17  6.137092E+03  8.401606E+02
  1.100000E+01    28    18 -2.277063E+01 -4.202935E+01
  1.100000E+01    28    19 -3.088832E+01 -1.230219E+02
  1.100000E+01    28    20  1.233352E+03  6.854838E+02
  1.100000E+01    28    21 -4.074997E+01  8.577141E+01
  1.100000E+01    28    22  6.363040E+04  2.782019E+04
  1.100000E+01    28    23  8.600294E+02  3.578321E+03
  1.100000E+01    28    24  1.099694E+03  1.508864E+03
  1.100000E+01    28    25  3.009292E+01 -2.806299E+00
  1.100000E+01    28    26  5.413795E+03  1.236793E+02
  1.100000E+01    28    27  1.702411E+01 -7.539518E-01
  1.100000E+01    28    28  4.726300E+04  8.493633E+02
  1.100000E+01    28    29 -3.864792E+02  1.478402E+01
  1.100000E+01    28    30  2.134533E-01  5.281568E-02
  1.100000E+01    29     1  1.071887E+03  2.314292E+02
  1.100000E+01    29     2 -3.370626E+01 -2.543444E+01
  1.100000E+01    29     3  6.830142E+01 -1.524355E+02
  1.100000E+01    29     4 -1.200698E+02 -2.208235E+02
  1.100000E+01    29     5 -1.311664E+04 -2.781400E+03
  1.100000E+01    29     6 -2.300147E+02 -5.205520E+01
  1.100000E+01    29     7 -3.342867E+02 -2.480175E+01
  1.100000E+01    29     8 -4.537593E+01 -2.907773E+02
  1.100000E+01    29     9  7.047628E+00  8.202455E+01
  1.100000E+01    29    10 -4.100479E+02 -2.794675E+03
  1.100000E+01    29    11  3.201941E+03  2.301096E+02
  1.100000E+01    29    12 -1.801017E+01 -7.886870E+01
  1.100000E+01    29    13 -3.515846E+02 -3.555189E+01
  1.100000E+01    29    14  5.585357E+01  3.136476E+02
  1.100000E+01    29    15  1.193767E+01  7.892981E+01
  1.100000E+01    29    16  6.164642E+02  3.093934E+03
  1.100000E+01    29    17  3.713847E+03  5.613351E+02
  1.100000E+01    29    18  8.994709E-01  6.920956E+01
  1.100000E+01    29    19 -1.413996E+03 -7.640813E+02
  1.100000E+01    29    20 -7.840909E+01 -1.529488E+01
  1.100000E+01    29    21  2.265182E+02  1.646527E+02
  1.100000E+01    29    22 -1.330459E+03 -7.944454E+02
  1.100000E+01    29    23  6.754846E+04  2.913762E+04
  1.100000E+01    29    24  5.847040E+03  1.579122E+03
  1.100000E+01    29    25 -5.272131E+03 -1.228906E+02
  1.100000E+01    29    26 -6.181628E+01 -3.597323E+00
  1.100000E+01    29    27 -4.615697E+01 -1.023921E+01
  1.100000E+01    29    28 -7.159974E+02 -2.602836E+01
  1.100000E+01    29    29  4.572554E+04  8.414136E+02
  1.100000E+01    29    30  1.051995E+01  4.815752E-01
  1.100000E+01    30     1  1.604723E-01  3.845954E+00
  1.100000E+01    30     2  1.053179E-01 -1.072532E-01
  1.100000E+01    30     3  6.446096E-01  1.534694E-01
  1.100000E+01    30     4  1.381388E+00 -6.914621E-01
  1.100000E+01    30     5 -1.452386E+00 -4.758117E+01
  1.100000E+01    30     6  6.447571E-03 -8.365774E-01
  1.100000E+01    30     7  2.694967E-01  2.171150E+00
  1.100000E+01    30     8 -8.199853E-03 -6.917361E-02
  1.100000E+01    30     9  6.392359E-01 -1.104572E-01
  1.100000E+01    30    10 -1.196850E-01 -7.130024E-01
  1.100000E+01    30    11 -2.165563E+00 -2.097314E+01
  1.100000E+01    30    12  6.363559E-03 -7.549397E-03
  1.100000E+01    30    13 -8.395393E-02  2.274824E+00
  1.100000E+01    30    14 -3.441432E-02 -9.035975E-02
  1.100000E+01    30    15  6.500761E-01 -1.946100E-02
  1.100000E+01    30    16 -3.302784E-01 -1.285435E+00
  1.100000E+01    30    17  1.073129E+00 -2.323867E+01
  1.100000E+01    30    18 -8.649210E-03  5.003016E-02
  1.100000E+01    30    19  5.375177E-01 -9.906327E-01
  1.100000E+01    30    20  7.177670E-01 -3.068458E-01
  1.100000E+01    30    21 -5.143710E+00  8.472210E+00
  1.100000E+01    30    22  3.518109E+01  5.268406E+00
  1.100000E+01    30    23  7.674263E+00  2.535178E+01
  1.100000E+01    30    24  7.485135E-01  1.358063E+01
  1.100000E+01    30    25 -3.244543E-01 -2.354196E-02
  1.100000E+01    30    26  8.145633E-01  3.237735E-02
  1.100000E+01    30    27  1.977296E+00 -5.696890E-01
  1.100000E+01    30    28  8.546795E+00  2.237964E-01
  1.100000E+01    30    29  5.569757E+00  1.653072E-01
  1.100000E+01    30    30  4.680094E+01  1.783842E-02
  1.200000E+01     1     1 -9.470033E+03 -1.039982E+02
  1.200000E+01     1     2  4.168529E+03  3.868749E+02
  1.200000E+01     1     3 -3.251019E+03  2.260364E+02
  1.200000E+01     1     4  5.379039E+04  3.493581E+03
  1.200000E+01     1     5  1.488990E+05  6.096300E+02
  1.200000E+01     1     6  8.765198E+03  7.705145E+01
  1.200000E+01     1     7  2.446858E+02 -1.959061E+02
  1.200000E+01     1     8 -3.345535E+01 -7.247212E+01
  1.200000E+01     1     9 -6.783887E+01 -8.512495E+01
  1.200000E+01     1    10 -3.285733E+02 -6.942142E+02
  1.200000E+01     1    11 -2.419663E+03  1.854866E+03
  1.200000E+01     1    12 -1.008887E+01 -2.155296E+01
  1.200000E+01     1    13 -8.354083E+01 -4.110789E+02
  1.200000E+01     1    14  1.325362E+01 -2.834803E+02
  1.200000E+01     1    15 -1.775303E+02  6.158599E+01
  1.200000E+01     1    16  1.438653E+02 -2.763434E+03
  1.200000E+01     1    17  7.692323E+02  4.091373E+03
  1.200000E+01     1    18 -1.170457E+00 -7.909437E+01
  1.200000E+01     1    19  3.618282E+03  3.269626E+02
  1.200000E+01     1    20  2.587919E+03  5.742224E+02
  1.200000E+01     1    21 -4.856355E+03 -1.104856E+03
  1.200000E+01     1    22  2.361289E+04  1.515205E+04
  1.200000E+01     1    23 -2.165529E+05 -1.058472E+04
  1.200000E+01     1    24 -1.005355E+05 -4.409320E+02
  1.200000E+01     1    25  1.289607E+02  5.421537E+01
  1.200000E+01     1    26  4.802754E+01  7.530325E+01
  1.200000E+01     1    27 -3.500996E+00  8.857694E+01
  1.200000E+01     1    28  3.314737E+02  5.234348E+02
  1.200000E+01     1    29 -8.884269E+02 -3.792074E+02
  1.200000E+01     1    30 -4.604953E-01 -2.287068E+00
  1.200000E+01     2     1 -8.881035E+03 -3.576905E+01
  1.200000E+01     2     2  6.837089E+03  3.954898E+02
  1.200000E+01     2     3 -1.779586E+03  1.133113E+02
  1.200000E+01     2     4  8.181214E+04  3.606308E+03
  1.200000E+01     2     5  1.330914E+05 -2.623019E+02
  1.200000E+01     2     6  3.917256E+03  6.142818E+01
  1.200000E+01     2     7  1.581902E+02 -7.620329E+01
  1.200000E+01     2     8  2.178745E+01 -1.152822E+02
  1.200000E+01     2     9 -1.335459E+01 -5.428933E+01
  1.200000E+01     2    10  2.113683E+02 -1.116475E+03
  1.200000E+01     2    11 -1.542881E+03  6.947476E+02
  1.200000E+01     2    12  4.783760E+00 -3.359116E+01
  1.200000E+01     2    13 -1.549675E+02 -2.975732E+02
  1.200000E+01     2    14 -2.278869E+01 -2.389094E+02
  1.200000E+01     2    15 -1.296633E+02  8.273654E+01
  1.200000E+01     2    16 -2.018382E+02 -2.334491E+03
  1.200000E+01     2    17  1.506961E+03  2.954450E+03
  1.200000E+01     2    18 -1.153804E+01 -6.481462E+01
  1.200000E+01     2    19  4.513915E+03  8.443330E+01
  1.200000E+01     2    20  8.084468E+02  5.552490E+02
  1.200000E+01     2    21 -2.520598E+03 -6.935526E+02
  1.200000E+01     2    22  1.493828E+04  1.477585E+04
  1.200000E+01     2    23 -1.124214E+05 -2.414917E+03
  1.200000E+01     2    24 -1.350657E+04 -1.831278E+02
  1.200000E+01     2    25  8.134566E+01  1.900586E+01
  1.200000E+01     2    26  4.148359E+01  7.405537E+01
  1.200000E+01     2    27  9.446801E+00  5.726818E+01
  1.200000E+01     2    28  2.856690E+02  5.140280E+02
  1.200000E+01     2    29 -5.607824E+02 -1.346741E+02
  1.200000E+01     2    30 -5.846692E-01 -1.450377E+00
  1.200000E+01     3     1  8.801031E+03  1.621105E+02
  1.200000E+01     3     2 -1.892743E+03 -1.925262E+02
  1.200000E+01     3     3  3.089856E+03 -1.089181E+01
  1.200000E+01     3     4 -2.236442E+04 -1.761096E+03
  1.200000E+01     3     5 -1.362353E+05 -1.698728E+03
  1.200000E+01     3     6 -4.101782E+03 -6.124989E+01
  1.200000E+01     3     7 -2.152047E+01  7.627287E+01
  1.200000E+01     3     8 -4.563227E+01  6.122411E+01
  1.200000E+01     3     9  1.649881E+01  1.939781E+00
  1.200000E+01     3    10 -4.450418E+02  5.931096E+02
  1.200000E+01     3    11  2.079505E+02 -7.302787E+02
  1.200000E+01     3    12 -1.150718E+01  1.831594E+01
  1.200000E+01     3    13  1.352600E+02  1.801859E+02
  1.200000E+01     3    14  5.438383E+01  1.062414E+02
  1.200000E+01     3    15  6.850971E+01 -6.738165E+01
  1.200000E+01     3    16  5.178514E+02  1.028319E+03
  1.200000E+01     3    17 -1.329835E+03 -1.823308E+03
  1.200000E+01     3    18  1.737840E+01  3.009883E+01
  1.200000E+01     3    19 -4.630428E+03  2.319513E+00
  1.200000E+01     3    20 -1.433319E+03 -2.824077E+02
  1.200000E+01     3    21  3.471125E+03  5.315847E+02
  1.200000E+01     3    22 -1.180016E+04 -7.232230E+03
  1.200000E+01     3    23  1.433091E+05 -8.247432E+02
  1.200000E+01     3    24  6.004549E+04  5.749024E+02
  1.200000E+01     3    25 -6.779984E+01  3.291735E+00
  1.200000E+01     3    26 -2.287948E+01 -3.574200E+01
  1.200000E+01     3    27 -2.649494E+01 -4.136805E+01
  1.200000E+01     3    28 -1.579566E+02 -2.480166E+02
  1.200000E+01     3    29  4.642196E+02 -2.153734E+01
  1.200000E+01     3    30  1.036232E+00  1.029389E+00
  1.200000E+01     4     1 -1.414593E+05 -1.560783E+03
  1.200000E+01     4     2  8.889689E+04  5.124417E+03
  1.200000E+01     4     3 -2.877163E+04  1.617208E+03
  1.200000E+01     4     4  1.212027E+06  4.666543E+04
  1.200000E+01     4     5  2.112366E+06  1.044340E+04
  1.200000E+01     4     6  5.947643E+04  1.040562E+03
  1.200000E+01     4     7  2.084948E+03 -1.591249E+03
  1.200000E+01     4     8  3.324996E+02 -1.285368E+03
  1.200000E+01     4     9 -4.114603E+02 -6.688246E+02
  1.200000E+01     4    10  3.232550E+03 -1.241651E+04
  1.200000E+01     4    11 -2.044055E+04  1.494965E+04
  1.200000E+01     4    12  7.620500E+01 -3.799675E+02
  1.200000E+01     4    13 -1.964093E+03 -4.446024E+03
  1.200000E+01     4    14 -3.846027E+02 -3.268575E+03
  1.200000E+01     4    15 -1.892522E+03  1.113771E+03
  1.200000E+01     4    16 -3.507545E+03 -3.187188E+04
  1.200000E+01     4    17  1.894388E+04  4.431729E+04
  1.200000E+01     4    18 -1.688369E+02 -8.986692E+02
  1.200000E+01     4    19  7.155797E+04  1.828584E+03
  1.200000E+01     4    20  1.014072E+04  7.290056E+03
  1.200000E+01     4    21 -3.964567E+04 -1.144675E+04
  1.200000E+01     4    22  2.013012E+05  1.915499E+05
  1.200000E+01     4    23 -1.766437E+06 -5.195423E+04
  1.200000E+01     4    24 -1.131650E+05 -6.528314E+03
  1.200000E+01     4    25  1.303405E+03  3.149173E+02
  1.200000E+01     4    26  5.429849E+02  9.562910E+02
  1.200000E+01     4    27  1.440246E+02  9.217435E+02
  1.200000E+01     4    28  3.743901E+03  6.638270E+03
  1.200000E+01     4    29 -8.981813E+03 -2.221374E+03
  1.200000E+01     4    30 -9.125580E+00 -2.340255E+01
  1.200000E+01     5     1  1.804833E+05  5.142050E+03
  1.200000E+01     5     2 -7.531331E+04 -6.809556E+03
  1.200000E+01     5     3  5.695375E+04 -3.685377E+03
  1.200000E+01     5     4 -9.979009E+05 -6.153859E+04
  1.200000E+01     5     5 -2.569971E+06 -5.254298E+04
  1.200000E+01     5     6 -1.442156E+05 -2.083492E+03
  1.200000E+01     5     7 -3.828500E+03  4.656364E+03
  1.200000E+01     5     8  1.585333E+01  7.881885E+02
  1.200000E+01     5     9  1.618715E+03  1.150499E+03
  1.200000E+01     5    10  1.743188E+02  7.445346E+03
  1.200000E+01     5    11  3.800660E+04 -4.469203E+04
  1.200000E+01     5    12  1.738889E+01  2.539158E+02
  1.200000E+01     5    13  1.725587E+03  8.413617E+03
  1.200000E+01     5    14  3.029337E+02  5.262709E+03
  1.200000E+01     5    15  3.505167E+03 -1.340071E+03
  1.200000E+01     5    16  2.784775E+03  5.114093E+04
  1.200000E+01     5    17 -1.576990E+04 -8.422136E+04
  1.200000E+01     5    18  1.531243E+02  1.490484E+03
  1.200000E+01     5    19 -5.711553E+04 -6.636095E+03
  1.200000E+01     5    20 -3.954409E+04 -1.017364E+04
  1.200000E+01     5    21  8.658646E+04  2.486615E+04
  1.200000E+01     5    22 -3.843106E+05 -2.607322E+05
  1.200000E+01     5    23  3.825930E+06  2.017415E+05
  1.200000E+01     5    24  1.461258E+06  2.046436E+04
  1.200000E+01     5    25 -2.730777E+03 -9.490313E+02
  1.200000E+01     5    26 -8.084805E+02 -1.287602E+03
  1.200000E+01     5    27 -6.910532E+01 -1.944574E+03
  1.200000E+01     5    28 -5.585921E+03 -8.949017E+03
  1.200000E+01     5    29  1.882165E+04  6.636932E+03
  1.200000E+01     5    30  1.259329E+01  4.995148E+01
  1.200000E+01     6     1  5.084313E+03  2.126055E+02
  1.200000E+01     6     2 -2.905679E+03 -1.351305E+02
  1.200000E+01     6     3  1.443846E+03 -6.220898E+01
  1.200000E+01     6     4 -4.525580E+04 -1.221804E+03
  1.200000E+01     6     5 -7.122869E+04 -2.439609E+03
  1.200000E+01     6     6  2.921339E+02 -6.567142E+01
  1.200000E+01     6     7 -5.483288E+01  1.340254E+02
  1.200000E+01     6     8 -1.936344E+01  3.298889E+00
  1.200000E+01     6     9  4.626553E+01  9.855310E+00
  1.200000E+01     6    10 -1.890893E+02  2.627433E+01
  1.200000E+01     6    11  5.539816E+02 -1.302398E+03
  1.200000E+01     6    12 -4.952735E+00  1.929338E+00
  1.200000E+01     6    13  4.776422E+01  2.080583E+02
  1.200000E+01     6    14  2.422546E+01  1.093671E+02
  1.200000E+01     6    15  8.194948E+01 -3.626547E+01
  1.200000E+01     6    16  2.303732E+02  1.055536E+03
  1.200000E+01     6    17 -4.385366E+02 -2.099377E+03
  1.200000E+01     6    18  7.499776E+00  3.195271E+01
  1.200000E+01     6    19 -1.327179E+03 -1.537833E+02
  1.200000E+01     6    20  1.083503E+03 -2.043430E+02
  1.200000E+01     6    21  2.228427E+03  6.804941E+02
  1.200000E+01     6    22 -1.762398E+01 -4.966566E+03
  1.200000E+01     6    23  9.480499E+04  4.291593E+03
  1.200000E+01     6    24 -7.223546E+04  8.280425E+02
  1.200000E+01     6    25 -7.346928E+01 -1.763176E+01
  1.200000E+01     6    26 -1.471221E+01 -2.426188E+01
  1.200000E+01     6    27 -8.762575E+00 -5.192353E+01
  1.200000E+01     6    28 -1.019823E+02 -1.683870E+02
  1.200000E+01     6    29  5.059015E+02  1.232486E+02
  1.200000E+01     6    30  5.253878E-01  1.322805E+00
  1.200000E+01     7     1  1.827430E+02  2.735198E+02
  1.200000E+01     7     2  5.075648E+01  2.657775E+01
  1.200000E+01     7     3  6.940308E+01 -2.405053E+01
  1.200000E+01     7     4  4.558331E+02  2.661563E+02
  1.200000E+01     7     5 -2.435696E+03 -3.488302E+03
  1.200000E+01     7     6 -3.505649E+01 -5.687359E+01
  1.200000E+01     7     7  2.736094E+04  2.066400E+02
  1.200000E+01     7     8  1.204469E+03 -2.134092E+01
  1.200000E+01     7     9  3.406745E+02  1.580940E+01
  1.200000E+01     7    10  2.898579E+04 -2.130323E+02
  1.200000E+01     7    11 -4.603137E+05 -2.006315E+03
  1.200000E+01     7    12 -4.949995E+03 -4.635271E+00
  1.200000E+01     7    13  5.762335E+01  1.416052E+02
  1.200000E+01     7    14 -7.546701E+01 -3.310316E+01
  1.200000E+01     7    15  4.399589E+01 -3.645874E+01
  1.200000E+01     7    16 -7.655504E+02 -3.526629E+02
  1.200000E+01     7    17 -6.347633E+02 -1.483657E+03
  1.200000E+01     7    18 -1.547706E+01 -2.925757E+00
  1.200000E+01     7    19  9.764746E+03 -1.107671E+02
  1.200000E+01     7    20  2.133657E+04 -4.918006E+01
  1.200000E+01     7    21  1.128042E+03  6.249587E+02
  1.200000E+01     7    22  1.040592E+05 -1.256718E+03
  1.200000E+01     7    23 -3.882491E+04  3.283979E+03
  1.200000E+01     7    24  1.205611E+05  1.054751E+03
  1.200000E+01     7    25  2.542476E+01 -7.292585E+00
  1.200000E+01     7    26  5.162743E+01 -3.818250E+00
  1.200000E+01     7    27 -1.994570E+01 -4.552173E+01
  1.200000E+01     7    28  3.566156E+02 -2.681358E+01
  1.200000E+01     7    29 -1.766918E+02  5.110866E+01
  1.200000E+01     7    30  5.932061E-01  1.152088E+00
  1.200000E+01     8     1 -1.157175E+02 -1.833365E+02
  1.200000E+01     8     2  1.793060E+01 -6.192680E+01
  1.200000E+01     8     3 -4.568407E+01  4.449313E+00
  1.200000E+01     8     4  1.930018E+02 -5.446393E+02
  1.200000E+01     8     5  1.468715E+03  2.436609E+03
  1.200000E+01     8     6  2.914860E+01  3.239363E+01
  1.200000E+01     8     7 -4.731815E+03 -7.041545E+00
  1.200000E+01     8     8  5.475056E+03  2.204735E+02
  1.200000E+01     8     9 -5.065281E+01  1.241297E+01
  1.200000E+01     8    10  6.801644E+04  2.149916E+03
  1.200000E+01     8    11  8.374074E+04  1.215124E+02
  1.200000E+01     8    12  2.252318E+02  6.012421E+01
  1.200000E+01     8    13  8.855557E+01  4.819367E+01
  1.200000E+01     8    14 -8.788400E-01 -8.127314E+01
  1.200000E+01     8    15  2.299319E+01 -3.403277E+01
  1.200000E+01     8    16 -2.883341E+01 -8.204299E+02
  1.200000E+01     8    17 -9.185500E+02 -5.369012E+02
  1.200000E+01     8    18  2.600484E+00 -1.720981E+01
  1.200000E+01     8    19 -3.441485E+03  2.748482E+02
  1.200000E+01     8    20 -3.259766E+03 -1.446370E+02
  1.200000E+01     8    21  1.275959E+00 -7.560310E+01
  1.200000E+01     8    22 -1.382611E+04 -4.075659E+03
  1.200000E+01     8    23  4.696300E+03 -7.184853E+03
  1.200000E+01     8    24  8.452658E+04 -1.441456E+03
  1.200000E+01     8    25  1.248033E+01  2.889489E+01
  1.200000E+01     8    26 -1.090968E+01 -2.038891E+01
  1.200000E+01     8    27 -3.665860E+00  3.273902E+00
  1.200000E+01     8    28 -7.481889E+01 -1.412630E+02
  1.200000E+01     8    29 -8.453062E+01 -1.990583E+02
  1.200000E+01     8    30  7.158276E-02 -1.259898E-01
  1.200000E+01     9     1  1.199940E+02 -1.013616E+02
  1.200000E+01     9     2  1.939856E+01 -1.895670E+01
  1.200000E+01     9     3 -1.151823E+01 -3.194268E+01
  1.200000E+01     9     4  1.864858E+02 -1.645069E+02
  1.200000E+01     9     5 -1.530102E+03  1.343641E+03
  1.200000E+01     9     6 -2.318595E+01  2.096758E+01
  1.200000E+01     9     7  1.821989E+02 -1.980489E+00
  1.200000E+01     9     8 -1.474335E+01 -9.009349E-01
  1.200000E+01     9     9  1.639615E+03  6.126151E+01
  1.200000E+01     9    10 -2.847472E+02 -1.051776E+01
  1.200000E+01     9    11 -1.738658E+03  5.165949E+01
  1.200000E+01     9    12  3.867554E+01  1.512898E-01
  1.200000E+01     9    13  6.552042E+01 -4.410773E+01
  1.200000E+01     9    14 -3.140442E+01  3.404049E+01
  1.200000E+01     9    15 -2.079169E+01 -2.105639E+01
  1.200000E+01     9    16 -3.229799E+02  3.502147E+02
  1.200000E+01     9    17 -6.894248E+02  4.762568E+02
  1.200000E+01     9    18 -4.982741E+00  6.523973E+00
  1.200000E+01     9    19 -2.228698E+01 -3.736421E+01
  1.200000E+01     9    20 -3.500339E+01 -1.040613E+02
  1.200000E+01     9    21  8.062330E+02 -1.371073E+02
  1.200000E+01     9    22  1.616140E+04 -3.907149E+03
  1.200000E+01     9    23 -8.717499E+03  1.504360E+03
  1.200000E+01     9    24 -5.721060E+02 -3.629172E+02
  1.200000E+01     9    25 -3.281033E+00 -1.011722E+01
  1.200000E+01     9    26 -4.834274E+00 -1.816760E+01
  1.200000E+01     9    27 -1.845596E+01  9.217811E+00
  1.200000E+01     9    28 -3.557992E+01 -1.265693E+02
  1.200000E+01     9    29  2.424681E+01  7.077189E+01
  1.200000E+01     9    30  5.327891E-01 -2.224260E-01
  1.200000E+01    10     1 -8.943359E+02 -1.933565E+03
  1.200000E+01    10     2  1.979483E+02 -6.150478E+02
  1.200000E+01    10     3 -4.594446E+02 -1.230533E+01
  1.200000E+01    10     4  2.094605E+03 -5.408289E+03
  1.200000E+01    10     5  1.133543E+04  2.566504E+04
  1.200000E+01    10     6  2.360500E+02  3.482935E+02
  1.200000E+01    10     7 -8.470900E+04 -9.814573E+01
  1.200000E+01    10     8  6.997409E+04  2.077041E+03
  1.200000E+01    10     9 -7.046825E+02  2.156576E+02
  1.200000E+01    10    10  1.039007E+06  2.025173E+04
  1.200000E+01    10    11  1.502960E+06  1.506335E+03
  1.200000E+01    10    12  8.815538E+02  5.667582E+02
  1.200000E+01    10    13  9.187849E+02  3.639832E+02
  1.200000E+01    10    14 -4.015605E+01 -7.009158E+02
  1.200000E+01    10    15  1.762802E+02 -3.453737E+02
  1.200000E+01    10    16 -6.027917E+02 -7.063087E+03
  1.200000E+01    10    17 -9.538819E+03 -4.088063E+03
  1.200000E+01    10    18  1.983637E+01 -1.499669E+02
  1.200000E+01    10    19 -6.419991E+04  2.530204E+03
  1.200000E+01    10    20 -5.718488E+04 -1.520215E+03
  1.200000E+01    10    21  1.934856E+02 -1.023425E+03
  1.200000E+01    10    22 -2.253478E+05 -4.442473E+04
  1.200000E+01    10    23  1.325892E+05 -6.522373E+04
  1.200000E+01    10    24  1.594396E+06 -1.435834E+04
  1.200000E+01    10    25  9.750242E+01  2.545784E+02
  1.200000E+01    10    26 -1.184405E+02 -2.204132E+02
  1.200000E+01    10    27 -6.005926E+01  5.224613E+01
  1.200000E+01    10    28 -8.140555E+02 -1.528195E+03
  1.200000E+01    10    29 -6.576281E+02 -1.752085E+03
  1.200000E+01    10    30  1.305865E+00 -1.707503E+00
  1.200000E+01    11     1 -1.942780E+03 -2.128136E+03
  1.200000E+01    11     2 -4.646274E+02 -2.227115E+02
  1.200000E+01    11     3 -5.795571E+02  2.923549E+02
  1.200000E+01    11     4 -4.183410E+03 -2.236751E+03
  1.200000E+01    11     5  2.564260E+04  2.709136E+04
  1.200000E+01    11     6  3.782168E+02  4.376093E+02
  1.200000E+01    11     7 -4.675756E+05 -1.713765E+03
  1.200000E+01    11     8 -2.551195E+04  3.427293E+02
  1.200000E+01    11     9 -4.164812E+03 -2.866334E+02
  1.200000E+01    11    10 -5.873539E+05  3.388872E+03
  1.200000E+01    11    11  8.191898E+06  1.659166E+04
  1.200000E+01    11    12  9.294280E+04  8.282710E+01
  1.200000E+01    11    13 -5.683829E+02 -1.020881E+03
  1.200000E+01    11    14  6.958859E+02  1.223660E+02
  1.200000E+01    11    15 -2.927044E+02  3.265403E+02
  1.200000E+01    11    16  7.058299E+03  1.370464E+03
  1.200000E+01    11    17  6.221567E+03  1.063156E+04
  1.200000E+01    11    18  1.415100E+02 -6.164156E+00
  1.200000E+01    11    19 -1.740610E+05  1.233200E+03
  1.200000E+01    11    20 -3.877346E+05  5.665795E+02
  1.200000E+01    11    21 -1.418780E+04 -4.860077E+03
  1.200000E+01    11    22 -1.706156E+06  1.747595E+04
  1.200000E+01    11    23  6.016763E+05 -3.699519E+04
  1.200000E+01    11    24 -2.364998E+06 -8.782342E+03
  1.200000E+01    11    25 -1.819934E+02  1.107549E+02
  1.200000E+01    11    26 -4.266068E+02  6.335533E+01
  1.200000E+01    11    27  2.095633E+02  3.543749E+02
  1.200000E+01    11    28 -2.936535E+03  4.438446E+02
  1.200000E+01    11    29  1.263028E+03 -7.730276E+02
  1.200000E+01    11    30 -6.269174E+00 -9.026609E+00
  1.200000E+01    12     1 -6.552007E+01 -1.995071E+01
  1.200000E+01    12     2  9.815789E-01 -1.370993E+01
  1.200000E+01    12     3 -8.476132E+00  1.011419E+01
  1.200000E+01    12     4  1.637431E+01 -1.207283E+02
  1.200000E+01    12     5  8.355837E+02  2.721473E+02
  1.200000E+01    12     6  1.489634E+01  2.349119E+00
  1.200000E+01    12     7  3.303954E+03  4.420003E+00
  1.200000E+01    12     8 -6.891946E+02  6.557111E+01
  1.200000E+01    12     9  1.430419E+02 -1.181226E+01
  1.200000E+01    12    10 -1.411156E+04  6.397332E+02
  1.200000E+01    12    11 -5.543147E+04 -3.540854E+01
  1.200000E+01    12    12  3.628960E+03  1.785445E+01
  1.200000E+01    12    13  1.407534E+01  2.951962E+01
  1.200000E+01    12    14  3.634391E+00 -3.512652E+01
  1.200000E+01    12    15  1.339476E+01 -6.947795E+00
  1.200000E+01    12    16  3.204090E+01 -3.566192E+02
  1.200000E+01    12    17 -1.452906E+02 -3.233114E+02
  1.200000E+01    12    18  1.264995E+00 -7.174454E+00
  1.200000E+01    12    19  3.246538E+03  9.161562E+01
  1.200000E+01    12    20  1.712652E+03 -1.925305E+01
  1.200000E+01    12    21 -1.456097E+01  3.132746E+01
  1.200000E+01    12    22  3.503377E+03 -2.935829E+02
  1.200000E+01    12    23 -9.190989E+03 -2.546695E+03
  1.200000E+01    12    24 -1.021147E+05 -2.940445E+02
  1.200000E+01    12    25  6.920606E+00  1.152113E+01
  1.200000E+01    12    26 -3.758684E-02 -1.730994E+00
  1.200000E+01    12    27  2.692156E+00 -2.750293E+00
  1.200000E+01    12    28 -1.272088E-01 -1.182577E+01
  1.200000E+01    12    29 -4.748429E+01 -7.963882E+01
  1.200000E+01    12    30 -6.788686E-02  5.319925E-02
  1.200000E+01    13     1  6.583261E+00  3.330716E+02
  1.200000E+01    13     2 -6.097175E+01 -6.674509E+01
  1.200000E+01    13     3  6.383769E+01 -2.345803E+01
  1.200000E+01    13     4 -5.232974E+02 -5.902825E+02
  1.200000E+01    13     5  7.278432E+01 -4.109644E+03
  1.200000E+01    13     6 -6.964552E+00 -8.429916E+01
  1.200000E+01    13     7  6.014161E+01  2.166945E+02
  1.200000E+01    13     8  7.982462E+01  8.081377E+01
  1.200000E+01    13     9  8.041238E+01 -4.908282E+01
  1.200000E+01    13    10  7.712484E+02  7.840519E+02
  1.200000E+01    13    11 -5.251744E+02 -2.118356E+03
  1.200000E+01    13    12  2.438632E+01  2.288235E+01
  1.200000E+01    13    13  4.845639E+03  3.080100E+02
  1.200000E+01    13    14  2.996591E+03 -3.870213E+01
  1.200000E+01    13    15  1.632056E+03 -1.610748E+01
  1.200000E+01    13    16  4.153675E+04 -4.409498E+02
  1.200000E+01    13    17  7.493909E+03 -3.198662E+03
  1.200000E+01    13    18 -6.562517E+02  1.161916E+00
  1.200000E+01    13    19  3.224646E+03 -2.049521E+01
  1.200000E+01    13    20  1.871771E+03 -7.359054E+01
  1.200000E+01    13    21  1.870824E+03  9.222407E+02
  1.200000E+01    13    22 -1.069936E+04 -2.260691E+02
  1.200000E+01    13    23 -9.524020E+03  6.254502E+02
  1.200000E+01    13    24  2.002673E+05  9.546934E+02
  1.200000E+01    13    25  4.901933E+01  5.443330E+00
  1.200000E+01    13    26 -7.596649E+01 -1.195906E+00
  1.200000E+01    13    27 -2.132516E+01 -6.866495E+01
  1.200000E+01    13    28 -5.238242E+02 -7.910383E+00
  1.200000E+01    13    29 -3.338657E+02 -3.694419E+01
  1.200000E+01    13    30  6.474953E-01  1.718897E+00
  1.200000E+01    14     1  1.044376E+02  4.634011E+01
  1.200000E+01    14     2  1.565445E+00 -7.812101E+01
  1.200000E+01    14     3  3.933435E+01 -3.232810E+01
  1.200000E+01    14     4  1.704702E+01 -7.232342E+02
  1.200000E+01    14     5 -1.287332E+03 -4.103335E+02
  1.200000E+01    14     6 -2.068042E+01 -1.900775E+01
  1.200000E+01    14     7 -7.387850E+01 -4.217550E+01
  1.200000E+01    14     8  1.719248E+00 -7.569637E+01
  1.200000E+01    14     9 -2.455120E+01  3.062271E+01
  1.200000E+01    14    10  1.888238E+01 -7.402132E+02
  1.200000E+01    14    11  7.041747E+02  4.071969E+02
  1.200000E+01    14    12 -1.002482E+00 -2.094652E+01
  1.200000E+01    14    13  5.859799E+03 -5.768011E+00
  1.200000E+01    14    14  5.803230E+03  2.220855E+02
  1.200000E+01    14    15 -1.610372E+02 -9.710711E+00
  1.200000E+01    14    16  7.793977E+04  2.214838E+03
  1.200000E+01    14    17 -1.127638E+05  1.546974E+02
  1.200000E+01    14    18 -1.138874E+03  5.044420E+01
  1.200000E+01    14    19  4.471396E+03 -2.075748E+02
  1.200000E+01    14    20 -4.112138E+03 -1.328564E+02
  1.200000E+01    14    21  2.270792E+01  3.191627E+01
  1.200000E+01    14    22 -2.374980E+04 -3.919944E+03
  1.200000E+01    14    23 -1.526393E+04  5.336691E+03
  1.200000E+01    14    24  1.121386E+05  3.572249E+01
  1.200000E+01    14    25 -1.249377E+01 -2.727516E+01
  1.200000E+01    14    26 -1.034681E+01 -1.964720E+01
  1.200000E+01    14    27  1.749206E+00 -2.878003E+00
  1.200000E+01    14    28 -7.131362E+01 -1.366317E+02
  1.200000E+01    14    29  8.524091E+01  1.893115E+02
  1.200000E+01    14    30 -2.997225E-02  1.061567E-01
  1.200000E+01    15     1  8.807979E+01 -4.667104E+01
  1.200000E+01    15     2 -3.188010E+01  2.749130E+01
  1.200000E+01    15     3 -1.817063E+01 -1.945682E+01
  1.200000E+01    15     4 -2.930334E+02  2.422032E+02
  1.200000E+01    15     5 -1.059512E+03  5.197952E+02
  1.200000E+01    15     6 -2.425465E+01  1.283520E+01
  1.200000E+01    15     7  5.920994E+01 -3.971080E+01
  1.200000E+01    15     8  3.021573E+01 -3.067155E+01
  1.200000E+01    15     9 -2.128806E+01 -2.065616E+01
  1.200000E+01    15    10  2.937357E+02 -2.975047E+02
  1.200000E+01    15    11 -5.814659E+02  3.681830E+02
  1.200000E+01    15    12  8.074452E+00 -9.539541E+00
  1.200000E+01    15    13  1.691653E+02 -3.451323E+00
  1.200000E+01    15    14  1.412592E+01 -3.155576E-01
  1.200000E+01    15    15  1.602149E+03  6.208742E+01
  1.200000E+01    15    16  4.070233E+02 -3.318902E+00
  1.200000E+01    15    17 -2.649317E+03  5.356240E+01
  1.200000E+01    15    18  1.439262E+01  8.314565E-03
  1.200000E+01    15    19 -1.282215E+00 -6.280277E+01
  1.200000E+01    15    20 -1.149601E+01  1.245370E+02
  1.200000E+01    15    21  7.846310E+02 -1.292743E+02
  1.200000E+01    15    22 -1.702864E+04  4.035150E+03
  1.200000E+01    15    23 -9.551636E+03  2.235254E+03
  1.200000E+01    15    24  1.040843E+03 -1.376408E+02
  1.200000E+01    15    25 -3.107556E+00 -1.054584E+01
  1.200000E+01    15    26  4.989036E+00  1.838226E+01
  1.200000E+01    15    27 -1.810162E+01  9.889893E+00
  1.200000E+01    15    28  3.665592E+01  1.277811E+02
  1.200000E+01    15    29  2.270932E+01  7.244332E+01
  1.200000E+01    15    30  5.266588E-01 -2.292458E-01
  1.200000E+01    16     1  8.465409E+02  5.394460E+02
  1.200000E+01    16     2  5.667295E+01 -7.573011E+02
  1.200000E+01    16     3  3.962306E+02 -2.695787E+02
  1.200000E+01    16     4  5.506322E+02 -6.993281E+03
  1.200000E+01    16     5 -1.047091E+04 -5.108457E+03
  1.200000E+01    16     6 -1.587020E+02 -2.036844E+02
  1.200000E+01    16     7 -7.352350E+02 -3.136417E+02
  1.200000E+01    16     8 -5.830763E+00 -6.492728E+02
  1.200000E+01    16     9 -1.917016E+02  2.969247E+02
  1.200000E+01    16    10 -3.853590E+01 -6.352479E+03
  1.200000E+01    16    11  7.033317E+03  3.040395E+03
  1.200000E+01    16    12 -1.457084E+01 -1.783345E+02
  1.200000E+01    16    13  1.024963E+05 -1.360110E+01
  1.200000E+01    16    14  7.597769E+04  2.043270E+03
  1.200000E+01    16    15 -2.837109E+03 -1.709097E+02
  1.200000E+01    16    16  1.217124E+06  2.037046E+04
  1.200000E+01    16    17 -1.970835E+06  9.896254E+02
  1.200000E+01    16    18 -2.332870E+04  4.650553E+02
  1.200000E+01    16    19  8.139876E+04 -1.830379E+03
  1.200000E+01    16    20 -7.014973E+04 -1.382444E+03
  1.200000E+01    16    21  2.062658E+02  5.763712E+02
  1.200000E+01    16    22 -3.891264E+05 -4.097258E+04
  1.200000E+01    16    23 -3.109868E+05  4.616593E+04
  1.200000E+01    16    24  2.082151E+06  6.340323E+02
  1.200000E+01    16    25 -9.661950E+01 -2.357846E+02
  1.200000E+01    16    26 -1.097312E+02 -2.030742E+02
  1.200000E+01    16    27  3.406714E+01 -4.770935E+01
  1.200000E+01    16    28 -7.586949E+02 -1.411938E+03
  1.200000E+01    16    29  6.570759E+02  1.637501E+03
  1.200000E+01    16    30 -7.932554E-01  1.483189E+00
  1.200000E+01    17     1  1.559565E+02 -3.823742E+03
  1.200000E+01    17     2  6.064912E+02  7.103704E+02
  1.200000E+01    17     3 -7.298089E+02  1.862022E+02
  1.200000E+01    17     4  5.140703E+03  6.243257E+03
  1.200000E+01    17     5 -3.573242E+03  4.727352E+04
  1.200000E+01    17     6  1.783453E+01  9.589171E+02
  1.200000E+01    17     7 -6.596277E+02 -2.550657E+03
  1.200000E+01    17     8 -8.328611E+02 -1.009460E+03
  1.200000E+01    17     9 -9.698091E+02  5.407640E+02
  1.200000E+01    17    10 -8.033358E+03 -9.797711E+03
  1.200000E+01    17    11  5.722748E+03  2.489239E+04
  1.200000E+01    17    12 -2.571034E+02 -2.876209E+02
  1.200000E+01    17    13 -5.555250E+04 -3.441867E+03
  1.200000E+01    17    14 -5.101604E+04  6.271022E+02
  1.200000E+01    17    15 -2.882241E+04  3.055461E+02
  1.200000E+01    17    16 -6.895349E+05  6.865085E+03
  1.200000E+01    17    17 -4.062862E+05  3.587019E+04
  1.200000E+01    17    18  7.457629E+03  3.182616E+01
  1.200000E+01    17    19 -5.258951E+04 -6.344421E+01
  1.200000E+01    17    20 -3.692427E+04  9.363969E+02
  1.200000E+01    17    21 -2.776166E+04 -1.059826E+04
  1.200000E+01    17    22 -4.513385E+04  6.691175E+03
  1.200000E+01    17    23  1.889742E+04  1.978877E+03
  1.200000E+01    17    24 -3.429651E+06 -1.113919E+04
  1.200000E+01    17    25 -5.986392E+02 -1.064112E+02
  1.200000E+01    17    26  8.848966E+02  3.019868E+01
  1.200000E+01    17    27  2.276188E+02  7.886072E+02
  1.200000E+01    17    28  6.093332E+03  2.059809E+02
  1.200000E+01    17    29  4.070854E+03  7.280081E+02
  1.200000E+01    17    30 -7.422250E+00 -1.967102E+01
  1.200000E+01    18     1  5.414387E+01 -6.630440E+00
  1.200000E+01    18     2 -6.198608E+00 -1.973309E+01
  1.200000E+01    18     3  6.746480E+00 -1.575784E+01
  1.200000E+01    18     4 -5.744997E+01 -1.857158E+02
  1.200000E+01    18     5 -6.624067E+02  1.270960E+02
  1.200000E+01    18     6 -1.218314E+01 -8.090782E-01
  1.200000E+01    18     7 -1.701697E+01 -2.826290E+01
  1.200000E+01    18     8  2.650877E+00 -3.456957E+01
  1.200000E+01    18     9 -1.446557E+01  8.819759E+00
  1.200000E+01    18    10  2.663222E+01 -3.373849E+02
  1.200000E+01    18    11  1.576523E+02  2.712849E+02
  1.200000E+01    18    12  8.186068E-02 -9.773636E+00
  1.200000E+01    18    13 -4.300553E+03 -1.148601E+01
  1.200000E+01    18    14 -2.228394E+02  7.531261E+01
  1.200000E+01    18    15  5.653312E+01  1.011079E+01
  1.200000E+01    18    16 -7.730891E+03  7.528484E+02
  1.200000E+01    18    17  7.929951E+04  1.553496E+02
  1.200000E+01    18    18  3.896614E+03  1.685753E+01
  1.200000E+01    18    19 -3.501742E+03 -8.375289E+01
  1.200000E+01    18    20  2.855081E+03 -1.864947E+01
  1.200000E+01    18    21 -3.086800E+01 -4.435596E+01
  1.200000E+01    18    22  1.346203E+04 -5.447440E+02
  1.200000E+01    18    23  1.523657E+04  2.306576E+03
  1.200000E+01    18    24 -8.208564E+04 -4.335845E+01
  1.200000E+01    18    25 -7.562193E+00 -1.190557E+01
  1.200000E+01    18    26 -1.302447E-01 -3.092957E+00
  1.200000E+01    18    27 -2.091064E+00  3.152822E+00
  1.200000E+01    18    28 -7.254754E-01 -2.154983E+01
  1.200000E+01    18    29  5.203494E+01  8.246371E+01
  1.200000E+01    18    30  6.240286E-02 -6.327988E-02
  1.200000E+01    19     1  2.169804E+04  6.987397E+02
  1.200000E+01    19     2 -5.545368E+03 -5.889638E+02
  1.200000E+01    19     3  4.757753E+03 -1.171554E+02
  1.200000E+01    19     4 -6.788729E+04 -5.328253E+03
  1.200000E+01    19     5 -3.237676E+05 -7.781504E+03
  1.200000E+01    19     6 -1.310795E+04 -2.355502E+02
  1.200000E+01    19     7  1.570557E+04  5.002316E+02
  1.200000E+01    19     8 -6.817815E+02  3.050525E+02
  1.200000E+01    19     9  3.363507E+02 -1.135801E+01
  1.200000E+01    19    10 -8.455812E+03  2.957160E+03
  1.200000E+01    19    11 -2.801127E+05 -4.816572E+03
  1.200000E+01    19    12 -1.520096E+03  8.887243E+01
  1.200000E+01    19    13  6.131084E+03  8.373879E+02
  1.200000E+01    19    14  2.979766E+03  1.859767E+02
  1.200000E+01    19    15  9.152116E+02 -2.266057E+02
  1.200000E+01    19    16  5.070778E+04  1.712173E+03
  1.200000E+01    19    17 -8.078014E+04 -8.592771E+03
  1.200000E+01    19    18 -2.289204E+03  6.985525E+01
  1.200000E+01    19    19  9.830964E+03  2.280571E+00
  1.200000E+01    19    20  6.336352E+03 -9.114874E+02
  1.200000E+01    19    21  8.938119E+03  2.557600E+03
  1.200000E+01    19    22  1.842484E+03 -2.232774E+04
  1.200000E+01    19    23  3.161674E+05 -9.907007E+02
  1.200000E+01    19    24  3.537066E+05  2.240141E+03
  1.200000E+01    19    25 -1.159815E+02  1.091335E+01
  1.200000E+01    19    26 -8.238179E+01 -1.091699E+02
  1.200000E+01    19    27 -2.011051E+01 -1.967957E+02
  1.200000E+01    19    28 -5.764538E+02 -7.576402E+02
  1.200000E+01    19    29  6.064626E+02 -7.041652E+01
  1.200000E+01    19    30  1.749178E+00  4.912694E+00
  1.200000E+01    20     1  1.599976E+04  4.342771E+02
  1.200000E+01    20     2 -4.658594E+03 -1.585680E+02
  1.200000E+01    20     3  3.217232E+03 -1.180376E+02
  1.200000E+01    20     4 -6.341723E+04 -1.450364E+03
  1.200000E+01    20     5 -2.392127E+05 -5.246608E+03
  1.200000E+01    20     6 -5.853799E+03 -1.207714E+02
  1.200000E+01    20     7  1.826444E+04  1.899653E+02
  1.200000E+01    20     8  1.741825E+03 -1.230446E+02
  1.200000E+01    20     9  1.608414E+02 -5.051086E+01
  1.200000E+01    20    10  3.830094E+04 -1.207042E+03
  1.200000E+01    20    11 -3.267240E+05 -1.909354E+03
  1.200000E+01    20    12 -4.909073E+03 -3.348331E+01
  1.200000E+01    20    13  2.619177E+03  3.574707E+02
  1.200000E+01    20    14 -2.016029E+03  1.848675E+02
  1.200000E+01    20    15 -1.208603E+03  4.167828E+01
  1.200000E+01    20    16 -2.338726E+04  1.782048E+03
  1.200000E+01    20    17 -1.098457E+05 -3.587945E+03
  1.200000E+01    20    18 -2.897803E+02  5.446437E+01
  1.200000E+01    20    19 -1.628871E+03 -4.283645E+02
  1.200000E+01    20    20  1.568762E+04 -6.605907E+01
  1.200000E+01    20    21  3.966321E+03  1.126841E+03
  1.200000E+01    20    22  3.402288E+04  7.122162E+02
  1.200000E+01    20    23  1.754543E+05  1.219854E+04
  1.200000E+01    20    24  6.865791E+04  2.104425E+03
  1.200000E+01    20    25 -1.693920E+02 -4.911380E+01
  1.200000E+01    20    26  1.022940E+02  1.576879E+00
  1.200000E+01    20    27 -1.418102E+01 -8.424791E+01
  1.200000E+01    20    28  8.935338E+02  1.122387E+01
  1.200000E+01    20    29  1.162039E+03  3.405390E+02
  1.200000E+01    20    30  1.133496E+00  2.186642E+00
  1.200000E+01    21     1 -5.682547E+03  1.097454E+03
  1.200000E+01    21     2  1.599636E+03  7.765772E+01
  1.200000E+01    21     3 -3.507615E+02  1.239291E+01
  1.200000E+01    21     4  1.974557E+04  7.655574E+02
  1.200000E+01    21     5  9.256911E+04 -1.402901E+04
  1.200000E+01    21     6  2.880902E+03 -2.348933E+02
  1.200000E+01    21     7  9.205045E+02  5.876989E+02
  1.200000E+01    21     8  4.737119E+01 -2.349962E+01
  1.200000E+01    21     9  7.093287E+02 -1.350004E+02
  1.200000E+01    21    10  7.412740E+02 -2.391385E+02
  1.200000E+01    21    11 -1.020696E+04 -5.796756E+03
  1.200000E+01    21    12 -1.227368E+01 -3.996800E+00
  1.200000E+01    21    13  9.412159E+02  5.613624E+02
  1.200000E+01    21    14 -1.096910E+02 -1.187964E+02
  1.200000E+01    21    15  7.155778E+02 -8.316862E+01
  1.200000E+01    21    16 -1.839465E+03 -1.286457E+03
  1.200000E+01    21    17 -1.027231E+04 -5.901916E+03
  1.200000E+01    21    18  8.742905E+01 -9.503488E+00
  1.200000E+01    21    19  3.537858E+03 -2.066654E+02
  1.200000E+01    21    20  7.969526E+02  4.112534E+01
  1.200000E+01    21    21  2.102218E+04  2.357765E+03
  1.200000E+01    21    22  8.756641E+03  4.369816E+03
  1.200000E+01    21    23 -9.116342E+04  4.626453E+03
  1.200000E+01    21    24 -4.025459E+04  3.878948E+03
  1.200000E+01    21    25  5.093852E+01  9.015237E+00
  1.200000E+01    21    26  1.899264E+01  2.518281E+01
  1.200000E+01    21    27 -1.711046E+02 -1.706917E+02
  1.200000E+01    21    28  1.333135E+02  1.753405E+02
  1.200000E+01    21    29 -3.306157E+02 -6.204016E+01
  1.200000E+01    21    30 -6.042008E-01  4.281650E+00
  1.200000E+01    22     1  2.477277E+04  5.678676E+03
  1.200000E+01    22     2 -2.496421E+03  5.217326E+03
  1.200000E+01    22     3  5.330919E+03  9.064557E+02
  1.200000E+01    22     4 -5.812820E+04  4.696885E+04
  1.200000E+01    22     5 -3.622088E+05 -8.341535E+04
  1.200000E+01    22     6 -4.974183E+03 -6.644338E+02
  1.200000E+01    22     7  9.005405E+04 -4.939376E+01
  1.200000E+01    22     8  7.861815E+03 -3.642885E+03
  1.200000E+01    22     9  1.494584E+04 -3.913543E+03
  1.200000E+01    22    10  1.785410E+05 -3.537917E+04
  1.200000E+01    22    11 -1.431841E+06 -2.361996E+03
  1.200000E+01    22    12 -1.950044E+04 -1.064372E+03
  1.200000E+01    22    13 -2.874157E+04  8.881603E+02
  1.200000E+01    22    14 -2.376859E+03 -3.236179E+03
  1.200000E+01    22    15 -2.148574E+04  4.058458E+03
  1.200000E+01    22    16  2.488975E+04 -3.258053E+04
  1.200000E+01    22    17  4.284915E+04 -1.018201E+04
  1.200000E+01    22    18 -9.020897E+03 -7.104811E+02
  1.200000E+01    22    19  8.841643E+03 -3.215035E+03
  1.200000E+01    22    20  7.483807E+04  1.425538E+04
  1.200000E+01    22    21  3.080785E+03  2.529245E+03
  1.200000E+01    22    22  1.254340E+07  4.634065E+05
  1.200000E+01    22    23  1.066271E+05  9.136092E+04
  1.200000E+01    22    24  6.973215E+05  2.923323E+04
  1.200000E+01    22    25 -2.711498E+02 -1.418953E+02
  1.200000E+01    22    26  7.571520E+03  2.202541E+03
  1.200000E+01    22    27  1.075035E+01 -7.513464E+01
  1.200000E+01    22    28  5.462755E+04  1.531232E+04
  1.200000E+01    22    29  1.544398E+03  9.039729E+02
  1.200000E+01    22    30  1.136530E+01  2.601237E+00
  1.200000E+01    23     1 -3.539903E+05 -8.946058E+03
  1.200000E+01    23     2  9.989350E+04  9.097738E+03
  1.200000E+01    23     3 -5.165303E+04 -1.237267E+03
  1.200000E+01    23     4  1.255290E+06  8.272209E+04
  1.200000E+01    23     5  5.621652E+06  9.715732E+04
  1.200000E+01    23     6  1.789595E+05  3.204320E+03
  1.200000E+01    23     7 -6.392440E+04 -5.629932E+03
  1.200000E+01    23     8 -4.077660E+03 -7.721345E+03
  1.200000E+01    23     9 -1.068240E+04  1.286030E+03
  1.200000E+01    23    10 -5.264262E+04 -7.513383E+04
  1.200000E+01    23    11  1.067036E+06  5.386818E+04
  1.200000E+01    23    12  5.989085E+03 -2.210165E+03
  1.200000E+01    23    13 -3.919448E+04 -1.099166E+04
  1.200000E+01    23    14 -2.087660E+03  5.916465E+01
  1.200000E+01    23    15 -1.638072E+04  4.599213E+03
  1.200000E+01    23    16 -4.975329E+04  2.569961E+03
  1.200000E+01    23    17  4.226339E+05  1.146210E+05
  1.200000E+01    23    18  2.582001E+03 -3.304143E+02
  1.200000E+01    23    19  1.387020E+05 -9.119485E+03
  1.200000E+01    23    20  2.170807E+04  1.402775E+04
  1.200000E+01    23    21 -1.244826E+05 -3.228452E+04
  1.200000E+01    23    22  3.278647E+05  3.443818E+05
  1.200000E+01    23    23  6.914226E+06  3.019739E+05
  1.200000E+01    23    24 -2.631611E+06 -2.232091E+04
  1.200000E+01    23    25 -3.978855E+03 -1.452172E+03
  1.200000E+01    23    26  1.100760E+03  1.689452E+03
  1.200000E+01    23    27  3.246836E+02  2.494050E+03
  1.200000E+01    23    28  7.475798E+03  1.170811E+04
  1.200000E+01    23    29  2.947754E+04  9.990927E+03
  1.200000E+01    23    30 -8.935713E+00 -6.039833E+01
  1.200000E+01    24     1 -8.590200E+05 -1.943377E+04
  1.200000E+01    24     2  2.662065E+05  2.024682E+04
  1.200000E+01    24     3 -1.750159E+05  7.958976E+03
  1.200000E+01    24     4  3.613576E+06  1.837322E+05
  1.200000E+01    24     5  1.283897E+07  2.087151E+05
  1.200000E+01    24     6  3.185783E+05  7.070580E+03
  1.200000E+01    24     7 -2.483136E+05 -1.279311E+04
  1.200000E+01    24     8  9.153844E+04 -3.167807E+03
  1.200000E+01    24     9 -8.828653E+03 -1.607089E+03
  1.200000E+01    24    10  1.586202E+06 -3.023481E+04
  1.200000E+01    24    11  4.412046E+06  1.234486E+05
  1.200000E+01    24    12 -5.793140E+04 -9.789202E+02
  1.200000E+01    24    13  3.461166E+05 -2.501281E+04
  1.200000E+01    24    14  9.009530E+04 -1.561663E+04
  1.200000E+01    24    15 -1.980951E+04  4.433331E+03
  1.200000E+01    24    16  1.840702E+06 -1.515295E+05
  1.200000E+01    24    17 -6.724546E+06  2.510386E+05
  1.200000E+01    24    18 -1.174951E+05 -4.406703E+03
  1.200000E+01    24    19  4.867244E+05  1.574028E+04
  1.200000E+01    24    20 -3.341169E+05  2.915560E+04
  1.200000E+01    24    21 -2.526593E+05 -7.431430E+04
  1.200000E+01    24    22 -7.551889E+05  7.229529E+05
  1.200000E+01    24    23 -1.193818E+07 -4.416895E+05
  1.200000E+01    24    24  1.261959E+07 -6.817841E+04
  1.200000E+01    24    25  8.082428E+03  2.013638E+03
  1.200000E+01    24    26  2.187267E+03  3.592135E+03
  1.200000E+01    24    27  8.204800E+02  5.762793E+03
  1.200000E+01    24    28  1.510823E+04  2.493867E+04
  1.200000E+01    24    29 -5.564545E+04 -1.410934E+04
  1.200000E+01    24    30 -5.533032E+01 -1.468932E+02
  1.200000E+01    25     1 -1.209116E+02 -2.386421E+00
  1.200000E+01    25     2  3.998848E+00  9.260817E-01
  1.200000E+01    25     3 -1.616175E+00  2.228357E+01
  1.200000E+01    25     4  1.494660E+01  7.686326E+00
  1.200000E+01    25     5  1.500133E+03  2.487760E+01
  1.200000E+01    25     6  2.694861E+01  7.154798E-01
  1.200000E+01    25     7  3.497271E+01 -2.638793E+00
  1.200000E+01    25     8  1.507575E+01  3.147046E+01
  1.200000E+01    25     9 -3.626570E+00 -1.050427E+01
  1.200000E+01    25    10  1.437533E+02  3.075678E+02
  1.200000E+01    25    11 -3.379665E+02  2.753183E+01
  1.200000E+01    25    12  4.825895E+00  8.767129E+00
  1.200000E+01    25    13  3.857800E+01 -9.311959E-01
  1.200000E+01    25    14 -1.714173E+01 -3.345179E+01
  1.200000E+01    25    15 -4.057707E+00 -1.018932E+01
  1.200000E+01    25    16 -1.781998E+02 -3.342177E+02
  1.200000E+01    25    17 -4.200543E+02 -1.062859E+01
  1.200000E+01    25    18 -2.599913E+00 -7.793444E+00
  1.200000E+01    25    19  1.722270E+02  7.707365E+01
  1.200000E+01    25    20  8.077108E+00 -6.964058E-01
  1.200000E+01    25    21 -2.564108E+01 -1.117711E+01
  1.200000E+01    25    22  1.015757E+02  3.658636E+01
  1.200000E+01    25    23 -8.346195E+03 -2.361864E+03
  1.200000E+01    25    24 -7.003882E+02 -6.923377E+01
  1.200000E+01    25    25  7.202886E+02  1.107864E+01
  1.200000E+01    25    26  1.836771E+00  2.081215E-01
  1.200000E+01    25    27  3.710312E+00  8.864164E-01
  1.200000E+01    25    28  4.549014E+01  1.563488E+00
  1.200000E+01    25    29 -5.103742E+03 -7.677798E+01
  1.200000E+01    25    30 -8.011707E-01 -3.729680E-02
  1.200000E+01    26     1  2.062105E+01  2.922976E+01
  1.200000E+01    26     2  1.233235E+01  2.895054E+01
  1.200000E+01    26     3  4.938659E+00  5.787359E+00
  1.200000E+01    26     4  9.777445E+01  2.613466E+02
  1.200000E+01    26     5 -3.075951E+02 -4.321573E+02
  1.200000E+01    26     6 -4.339329E+00 -3.084981E+00
  1.200000E+01    26     7  6.166575E+01  1.039715E+00
  1.200000E+01    26     8 -9.132231E+00 -1.829836E+01
  1.200000E+01    26     9 -5.077755E+00 -1.898477E+01
  1.200000E+01    26    10 -8.937869E+01 -1.777107E+02
  1.200000E+01    26    11 -6.064963E+02 -2.393200E+01
  1.200000E+01    26    12 -2.399937E+00 -5.321253E+00
  1.200000E+01    26    13 -6.523934E+01  2.094652E+00
  1.200000E+01    26    14 -8.476793E+00 -1.893348E+01
  1.200000E+01    26    15  5.625946E+00  1.909801E+01
  1.200000E+01    26    16 -7.375656E+01 -1.899138E+02
  1.200000E+01    26    17  6.659267E+02 -2.842228E+01
  1.200000E+01    26    18 -3.869334E+00 -4.264667E+00
  1.200000E+01    26    19 -8.799355E+00 -1.366490E+01
  1.200000E+01    26    20  1.469262E+02  7.219258E+01
  1.200000E+01    26    21  1.070097E+00  1.086669E+01
  1.200000E+01    26    22  7.788326E+03  2.313646E+03
  1.200000E+01    26    23  2.455536E+02  3.826349E+02
  1.200000E+01    26    24  1.737368E+02  1.497326E+02
  1.200000E+01    26    25  1.376728E+00 -2.838136E-01
  1.200000E+01    26    26  7.321411E+02  1.106604E+01
  1.200000E+01    26    27  1.439988E+00 -2.045559E-01
  1.200000E+01    26    28  5.222531E+03  7.692160E+01
  1.200000E+01    26    29 -3.051769E+01  1.568493E+00
  1.200000E+01    26    30 -3.282271E-01  8.098392E-03
  1.200000E+01    27     1  2.536952E-01  9.564776E-01
  1.200000E+01    27     2 -2.798866E-02 -8.870123E-02
  1.200000E+01    27     3  1.723401E-01 -4.004180E-02
  1.200000E+01    27     4 -1.484371E-01 -7.574397E-01
  1.200000E+01    27     5 -3.389473E+00 -1.193145E+01
  1.200000E+01    27     6 -7.039658E-02 -2.253142E-01
  1.200000E+01    27     7  9.523056E-02  5.356917E-01
  1.200000E+01    27     8 -5.891498E-03  1.188872E-02
  1.200000E+01    27     9  1.494323E-01 -7.906494E-02
  1.200000E+01    27    10 -8.085011E-02  1.036071E-01
  1.200000E+01    27    11 -8.810172E-01 -5.256112E+00
  1.200000E+01    27    12  2.471100E-03  6.227239E-03
  1.200000E+01    27    13  2.017333E-01  5.846553E-01
  1.200000E+01    27    14  2.824080E-02  1.891611E-02
  1.200000E+01    27    15  1.485670E-01 -1.122358E-01
  1.200000E+01    27    16  2.479995E-01  8.547436E-02
  1.200000E+01    27    17 -2.141742E+00 -6.069562E+00
  1.200000E+01    27    18  1.171510E-02  2.300940E-02
  1.200000E+01    27    19  5.258766E-01 -2.433573E-01
  1.200000E+01    27    20  2.306372E-01 -2.111997E-01
  1.200000E+01    27    21 -7.017310E+01  2.285308E+00
  1.200000E+01    27    22 -2.197216E+01 -3.126077E+00
  1.200000E+01    27    23  8.260723E+00  5.834176E+00
  1.200000E+01    27    24  8.362855E-01  3.379148E+00
  1.200000E+01    27    25 -5.956327E-01 -4.277405E-03
  1.200000E+01    27    26 -6.803904E-01 -1.235185E-02
  1.200000E+01    27    27  7.152614E+01 -1.682187E-01
  1.200000E+01    27    28 -7.770585E+00 -8.547542E-02
  1.200000E+01    27    29  7.545385E+00  3.126322E-02
  1.200000E+01    27    30 -4.914762E-01  4.230218E-03
  1.200000E+01    28     1  1.462377E+02  2.106671E+02
  1.200000E+01    28     2  8.664001E+01  2.079617E+02
  1.200000E+01    28     3  3.559637E+01  4.198466E+01
  1.200000E+01    28     4  6.838441E+02  1.877225E+03
  1.200000E+01    28     5 -2.186687E+03 -3.113564E+03
  1.200000E+01    28     6 -3.121212E+01 -2.232974E+01
  1.200000E+01    28     7  4.431780E+02  7.354494E+00
  1.200000E+01    28     8 -6.458972E+01 -1.309683E+02
  1.200000E+01    28     9 -3.889154E+01 -1.371369E+02
  1.200000E+01    28    10 -6.335692E+02 -1.271897E+03
  1.200000E+01    28    11 -4.362298E+03 -1.710951E+02
  1.200000E+01    28    12 -1.691736E+01 -3.810040E+01
  1.200000E+01    28    13 -4.678062E+02  1.572425E+01
  1.200000E+01    28    14 -6.009995E+01 -1.365997E+02
  1.200000E+01    28    15  4.285627E+01  1.374805E+02
  1.200000E+01    28    16 -5.227612E+02 -1.370300E+03
  1.200000E+01    28    17  4.784191E+03 -2.114538E+02
  1.200000E+01    28    18 -2.760815E+01 -3.075027E+01
  1.200000E+01    28    19 -5.546978E+01 -9.707263E+01
  1.200000E+01    28    20  1.297694E+03  5.196586E+02
  1.200000E+01    28    21 -1.427809E+01  7.916572E+01
  1.200000E+01    28    22  5.871120E+04  1.666333E+04
  1.200000E+01    28    23  1.603831E+03  2.713822E+03
  1.200000E+01    28    24  1.212904E+03  1.076814E+03
  1.200000E+01    28    25  2.862054E+01 -1.853435E+00
  1.200000E+01    28    26  5.357562E+03  7.968797E+01
  1.200000E+01    28    27  1.612635E+01 -1.545488E+00
  1.200000E+01    28    28  4.695054E+04  5.539271E+02
  1.200000E+01    28    29 -3.751122E+02  9.976582E+00
  1.200000E+01    28    30  2.623774E-01  5.989093E-02
  1.200000E+01    29     1  8.692229E+02  3.533691E+01
  1.200000E+01    29     2 -2.976295E+01 -9.735217E+00
  1.200000E+01    29     3  1.348386E+01 -1.600188E+02
  1.200000E+01    29     4 -1.138518E+02 -8.197527E+01
  1.200000E+01    29     5 -1.081146E+04 -4.029361E+02
  1.200000E+01    29     6 -1.952328E+02 -9.597090E+00
  1.200000E+01    29     7 -2.482979E+02  3.056525E+01
  1.200000E+01    29     8 -1.048880E+02 -2.222673E+02
  1.200000E+01    29     9  3.131694E+01  7.410129E+01
  1.200000E+01    29    10 -1.000687E+03 -2.172610E+03
  1.200000E+01    29    11  2.404097E+03 -3.107091E+02
  1.200000E+01    29    12 -3.373708E+01 -6.185116E+01
  1.200000E+01    29    13 -2.652111E+02  1.936543E+01
  1.200000E+01    29    14  1.204845E+02  2.386796E+02
  1.200000E+01    29    15  3.375139E+01  6.928374E+01
  1.200000E+01    29    16  1.252350E+03  2.382441E+03
  1.200000E+01    29    17  2.897858E+03 -5.649353E+01
  1.200000E+01    29    18  1.857893E+01  5.601301E+01
  1.200000E+01    29    19 -1.455156E+03 -5.526343E+02
  1.200000E+01    29    20 -7.039690E+01 -2.983733E+00
  1.200000E+01    29    21  2.507669E+02  1.281476E+02
  1.200000E+01    29    22 -1.365461E+03 -4.373793E+02
  1.200000E+01    29    23  6.192911E+04  1.691156E+04
  1.200000E+01    29    24  5.035068E+03  5.539948E+02
  1.200000E+01    29    25 -5.217487E+03 -7.890723E+01
  1.200000E+01    29    26 -6.217762E+01 -2.270361E+00
  1.200000E+01    29    27 -4.846387E+01 -9.922440E+00
  1.200000E+01    29    28 -7.178710E+02 -1.660456E+01
  1.200000E+01    29    29  4.542341E+04  5.469062E+02
  1.200000E+01    29    30  1.053547E+01  3.561520E-01
  1.200000E+01    30     1  1.038061E+00  2.865928E+00
  1.200000E+01    30     2  4.223967E-02 -9.787589E-02
  1.200000E+01    30     3  6.308197E-01 -9.989557E-02
  1.200000E+01    30     4  7.418090E-01 -7.515256E-01
  1.200000E+01    30     5 -1.253729E+01 -3.610043E+01
  1.200000E+01    30     6 -1.994534E-01 -6.548191E-01
  1.200000E+01    30     7  7.099990E-01  1.558215E+00
  1.200000E+01    30     8 -2.598186E-02 -5.267723E-02
  1.200000E+01    30     9  5.612994E-01 -3.071669E-01
  1.200000E+01    30    10 -2.920763E-01 -5.458105E-01
  1.200000E+01    30    11 -6.629127E+00 -1.534705E+01
  1.200000E+01    30    12  1.389172E-03 -7.441835E-03
  1.200000E+01    30    13  4.791340E-01  1.686154E+00
  1.200000E+01    30    14 -4.019364E-02 -5.582799E-02
  1.200000E+01    30    15  5.994720E-01 -2.259413E-01
  1.200000E+01    30    16 -4.890969E-01 -8.568257E-01
  1.200000E+01    30    17 -4.770067E+00 -1.754499E+01
  1.200000E+01    30    18  7.136855E-03  4.116845E-02
  1.200000E+01    30    19  2.948297E-01 -7.755221E-01
  1.200000E+01    30    20  6.168624E-01 -2.488161E-01
  1.200000E+01    30    21 -3.375275E+00  6.601163E+00
  1.200000E+01    30    22  3.277343E+01  2.285308E+00
  1.200000E+01    30    23  1.399471E+01  1.922761E+01
  1.200000E+01    30    24  3.645797E+00  1.034424E+01
  1.200000E+01    30    25 -3.316619E-01 -1.644844E-02
  1.200000E+01    30    26  8.030341E-01  1.870966E-02
  1.200000E+01    30    27  1.925589E+00 -4.831012E-01
  1.200000E+01    30    28  8.471285E+00  1.310900E-01
  1.200000E+01    30    29  5.613111E+00  1.168222E-01
  1.200000E+01    30    30  4.679030E+01  1.216911E-02
  1.300000E+01     1     1 -9.461150E+03 -6.967140E+01
  1.300000E+01     1     2  4.107051E+03  2.876329E+02
  1.300000E+01     1     3 -3.224354E+03  2.219635E+02
  1.300000E+01     1     4  5.337324E+04  2.630880E+03
  1.300000E+01     1     5  1.490924E+05  3.678291E+02
  1.300000E+01     1     6  8.773036E+03  5.786788E+01
  1.300000E+01     1     7  1.328070E+02 -2.170251E+02
  1.300000E+01     1     8 -4.244460E+01 -6.010011E+01
  1.300000E+01     1     9 -9.163930E+01 -5.693623E+01
  1.300000E+01     1    10 -4.209061E+02 -5.837960E+02
  1.300000E+01     1    11 -1.348072E+03  2.104259E+03
  1.300000E+01     1    12 -1.315119E+01 -1.853593E+01
  1.300000E+01     1    13 -1.648896E+02 -2.921875E+02
  1.300000E+01     1    14 -5.195943E+01 -2.292175E+02
  1.300000E+01     1    15 -1.500488E+02  1.185282E+02
  1.300000E+01     1    16 -4.998680E+02 -2.266232E+03
  1.300000E+01     1    17  1.616864E+03  2.946816E+03
  1.300000E+01     1    18 -1.909129E+01 -6.436916E+01
  1.300000E+01     1    19  3.651595E+03  2.408036E+02
  1.300000E+01     1    20  2.670503E+03  4.852398E+02
  1.300000E+01     1    21 -5.081426E+03 -9.415261E+02
  1.300000E+01     1    22  2.494841E+04  1.091495E+04
  1.300000E+01     1    23 -2.124748E+05 -6.018744E+03
  1.300000E+01     1    24 -1.000510E+05 -1.828846E+02
  1.300000E+01     1    25  1.155947E+02  3.551301E+01
  1.300000E+01     1    26  5.362469E+01  5.797180E+01
  1.300000E+01     1    27  1.415162E+01  8.394306E+01
  1.300000E+01     1    28  3.733238E+02  4.063159E+02
  1.300000E+01     1    29 -8.034208E+02 -2.511024E+02
  1.300000E+01     1    30 -8.019168E-01 -1.770278E+00
  1.300000E+01     2     1 -8.846143E+03 -1.339425E+01
  1.300000E+01     2     2  6.738370E+03  2.893102E+02
  1.300000E+01     2     3 -1.766306E+03  1.048074E+02
  1.300000E+01     2     4  8.111052E+04  2.669830E+03
  1.300000E+01     2     5  1.329405E+05 -3.515938E+02
  1.300000E+01     2     6  3.912341E+03  4.381786E+01
  1.300000E+01     2     7  9.564462E+01 -9.898172E+01
  1.300000E+01     2     8 -1.013041E+01 -1.057083E+02
  1.300000E+01     2     9 -2.736483E+01 -4.532027E+01
  1.300000E+01     2    10 -9.871230E+01 -1.038025E+03
  1.300000E+01     2    11 -9.515183E+02  9.362021E+02
  1.300000E+01     2    12 -4.222191E+00 -3.144199E+01
  1.300000E+01     2    13 -1.895594E+02 -1.780388E+02
  1.300000E+01     2    14 -6.948132E+01 -1.814806E+02
  1.300000E+01     2    15 -9.263875E+01  1.212134E+02
  1.300000E+01     2    16 -6.692344E+02 -1.802183E+03
  1.300000E+01     2    17  1.888861E+03  1.781893E+03
  1.300000E+01     2    18 -2.372603E+01 -4.898207E+01
  1.300000E+01     2    19  4.501992E+03  3.377499E+01
  1.300000E+01     2    20  8.821146E+02  4.653452E+02
  1.300000E+01     2    21 -2.640522E+03 -5.419614E+02
  1.300000E+01     2    22  1.634582E+04  1.059241E+04
  1.300000E+01     2    23 -1.089586E+05 -4.872568E+02
  1.300000E+01     2    24 -1.274981E+04  3.146464E+01
  1.300000E+01     2    25  6.903339E+01  9.199810E+00
  1.300000E+01     2    26  4.752066E+01  5.666131E+01
  1.300000E+01     2    27  2.024748E+01  4.993367E+01
  1.300000E+01     2    28  3.305344E+02  3.968452E+02
  1.300000E+01     2    29 -4.799160E+02 -6.660855E+01
  1.300000E+01     2    30 -7.273100E-01 -1.034986E+00
  1.300000E+01     3     1  8.756496E+03  9.905215E+01
  1.300000E+01     3     2 -1.862684E+03 -1.420848E+02
  1.300000E+01     3     3  3.080636E+03  3.381989E+00
  1.300000E+01     3     4 -2.216955E+04 -1.319432E+03
  1.300000E+01     3     5 -1.359556E+05 -1.012285E+03
  1.300000E+01     3     6 -4.101974E+03 -4.201849E+01
  1.300000E+01     3     7  1.048679E+01  4.727677E+01
  1.300000E+01     3     8 -2.196840E+01  7.426032E+01
  1.300000E+01     3     9  3.696067E+00 -4.564642E+00
  1.300000E+01     3    10 -2.171953E+02  7.315241E+02
  1.300000E+01     3    11 -1.068839E+02 -4.514186E+02
  1.300000E+01     3    12 -4.973076E+00  2.210472E+01
  1.300000E+01     3    13  1.528556E+02  8.323478E+01
  1.300000E+01     3    14  6.580758E+01  6.171897E+01
  1.300000E+01     3    15  3.115079E+01 -8.726637E+01
  1.300000E+01     3    16  6.362773E+02  6.075979E+02
  1.300000E+01     3    17 -1.541667E+03 -8.561705E+02
  1.300000E+01     3    18  2.096634E+01  1.721023E+01
  1.300000E+01     3    19 -4.585055E+03  6.800178E+01
  1.300000E+01     3    20 -1.470391E+03 -2.337872E+02
  1.300000E+01     3    21  3.528208E+03  3.212432E+02
  1.300000E+01     3    22 -1.242270E+04 -5.174694E+03
  1.300000E+01     3    23  1.393656E+05 -2.141317E+03
  1.300000E+01     3    24  5.969609E+04  3.006530E+02
  1.300000E+01     3    25 -5.274285E+01  1.018122E+01
  1.300000E+01     3    26 -2.548641E+01 -2.738148E+01
  1.300000E+01     3    27 -3.499170E+01 -2.808507E+01
  1.300000E+01     3    28 -1.774274E+02 -1.916103E+02
  1.300000E+01     3    29  3.633765E+02 -7.027277E+01
  1.300000E+01     3    30  1.048367E+00  5.623013E-01
  1.300000E+01     4     1 -1.408425E+05 -9.611562E+02
  1.300000E+01     4     2  8.788349E+04  3.778220E+03
  1.300000E+01     4     3 -2.854000E+04  1.530314E+03
  1.300000E+01     4     4  1.204843E+06  3.483261E+04
  1.300000E+01     4     5  2.109044E+06  5.477569E+03
  1.300000E+01     4     6  5.944430E+04  7.539993E+02
  1.300000E+01     4     7  1.118732E+03 -1.731643E+03
  1.300000E+01     4     8 -4.999021E+01 -1.251114E+03
  1.300000E+01     4     9 -5.537067E+02 -4.787437E+02
  1.300000E+01     4    10 -4.689133E+02 -1.226905E+04
  1.300000E+01     4    11 -1.119326E+04  1.661808E+04
  1.300000E+01     4    12 -3.233489E+01 -3.757749E+02
  1.300000E+01     4    13 -2.591695E+03 -2.761280E+03
  1.300000E+01     4    14 -1.007454E+03 -2.461375E+03
  1.300000E+01     4    15 -1.381887E+03  1.692982E+03
  1.300000E+01     4    16 -9.725714E+03 -2.437955E+04
  1.300000E+01     4    17  2.578311E+04  2.781716E+04
  1.300000E+01     4    18 -3.374617E+02 -6.758504E+02
  1.300000E+01     4    19  7.134342E+04  8.972308E+02
  1.300000E+01     4    20  1.113919E+04  6.136389E+03
  1.300000E+01     4    21 -4.159342E+04 -8.948684E+03
  1.300000E+01     4    22  2.201558E+05  1.381186E+05
  1.300000E+01     4    23 -1.710244E+06 -1.746024E+04
  1.300000E+01     4    24 -1.040123E+05 -2.593450E+03
  1.300000E+01     4    25  1.106644E+03  1.536515E+02
  1.300000E+01     4    26  6.230004E+02  7.360709E+02
  1.300000E+01     4    27  3.201668E+02  8.044885E+02
  1.300000E+01     4    28  4.336853E+03  5.154901E+03
  1.300000E+01     4    29 -7.689168E+03 -1.104572E+03
  1.300000E+01     4    30 -1.152177E+01 -1.672064E+01
  1.300000E+01     5     1  1.796330E+05  3.639688E+03
  1.300000E+01     5     2 -7.428398E+04 -5.067435E+03
  1.300000E+01     5     3  5.641368E+04 -3.724217E+03
  1.300000E+01     5     4 -9.910092E+05 -4.640515E+04
  1.300000E+01     5     5 -2.567586E+06 -3.739655E+04
  1.300000E+01     5     6 -1.443113E+05 -1.568561E+03
  1.300000E+01     5     7 -1.678687E+03  4.585526E+03
  1.300000E+01     5     8  2.187647E+02  8.476355E+02
  1.300000E+01     5     9  1.878547E+03  5.256821E+02
  1.300000E+01     5    10  2.168656E+03  8.190327E+03
  1.300000E+01     5    11  1.721791E+04 -4.479258E+04
  1.300000E+01     5    12  8.264819E+01  2.729712E+02
  1.300000E+01     5    13  3.392618E+03  5.938193E+03
  1.300000E+01     5    14  1.369297E+03  4.075090E+03
  1.300000E+01     5    15  2.889463E+03 -2.462781E+03
  1.300000E+01     5    16  1.330529E+04  4.014265E+04
  1.300000E+01     5    17 -3.331362E+04 -6.031839E+04
  1.300000E+01     5    18  4.597759E+02  1.167061E+03
  1.300000E+01     5    19 -5.730323E+04 -4.577470E+03
  1.300000E+01     5    20 -4.097561E+04 -8.575484E+03
  1.300000E+01     5    21  9.114361E+04  2.053202E+04
  1.300000E+01     5    22 -4.077883E+05 -1.880899E+05
  1.300000E+01     5    23  3.726190E+06  1.108244E+05
  1.300000E+01     5    24  1.451443E+06  1.258466E+04
  1.300000E+01     5    25 -2.393305E+03 -5.810465E+02
  1.300000E+01     5    26 -9.070997E+02 -9.919968E+02
  1.300000E+01     5    27 -4.430623E+02 -1.790127E+03
  1.300000E+01     5    28 -6.319772E+03 -6.951433E+03
  1.300000E+01     5    29  1.663900E+04  4.110566E+03
  1.300000E+01     5    30  1.916803E+01  3.756955E+01
  1.300000E+01     6     1  5.051656E+03  1.517021E+02
  1.300000E+01     6     2 -2.884124E+03 -1.001813E+02
  1.300000E+01     6     3  1.430213E+03 -6.325966E+01
  1.300000E+01     6     4 -4.510246E+04 -9.185164E+02
  1.300000E+01     6     5 -7.107240E+04 -1.762918E+03
  1.300000E+01     6     6  2.913922E+02 -4.919177E+01
  1.300000E+01     6     7 -5.479013E+00  1.136972E+02
  1.300000E+01     6     8 -1.317529E+01  1.429895E+01
  1.300000E+01     6     9  4.394971E+01 -7.044338E+00
  1.300000E+01     6    10 -1.327625E+02  1.375607E+02
  1.300000E+01     6    11  6.528726E+01 -1.119395E+03
  1.300000E+01     6    12 -3.149248E+00  4.908690E+00
  1.300000E+01     6    13  8.915460E+01  1.416813E+02
  1.300000E+01     6    14  4.202985E+01  7.702718E+01
  1.300000E+01     6    15  6.307169E+01 -6.251208E+01
  1.300000E+01     6    16  4.062548E+02  7.527484E+02
  1.300000E+01     6    17 -8.836832E+02 -1.452091E+03
  1.300000E+01     6    18  1.316167E+01  2.299418E+01
  1.300000E+01     6    19 -1.316698E+03 -9.000830E+01
  1.300000E+01     6    20  1.056184E+03 -1.702808E+02
  1.300000E+01     6    21  2.338901E+03  5.311761E+02
  1.300000E+01     6    22 -4.911377E+02 -3.574904E+03
  1.300000E+01     6    23  9.167530E+04  2.066834E+03
  1.300000E+01     6    24 -7.246038E+04  5.531812E+02
  1.300000E+01     6    25 -6.245885E+01 -8.524169E+00
  1.300000E+01     6    26 -1.657973E+01 -1.862953E+01
  1.300000E+01     6    27 -1.871664E+01 -4.522989E+01
  1.300000E+01     6    28 -1.158277E+02 -1.303519E+02
  1.300000E+01     6    29  4.333990E+02  6.041960E+01
  1.300000E+01     6    30  6.564230E-01  9.466493E-01
  1.300000E+01     7     1  2.122802E+02  1.484591E+02
  1.300000E+01     7     2  4.180954E+01  3.713085E+00
  1.300000E+01     7     3  4.682251E+01 -4.902253E+01
  1.300000E+01     7     4  3.853476E+02  5.135846E+01
  1.300000E+01     7     5 -2.814608E+03 -1.892531E+03
  1.300000E+01     7     6 -4.367159E+01 -3.333314E+01
  1.300000E+01     7     7  2.729016E+04  1.442929E+02
  1.300000E+01     7     8  1.211609E+03 -1.465879E+01
  1.300000E+01     7     9  3.343922E+02  1.446045E+01
  1.300000E+01     7    10  2.904292E+04 -1.487130E+02
  1.300000E+01     7    11 -4.597713E+05 -1.415585E+03
  1.300000E+01     7    12 -4.949072E+03 -3.229231E+00
  1.300000E+01     7    13  8.203671E+01  8.365366E+01
  1.300000E+01     7    14 -6.317754E+01 -7.294428E-01
  1.300000E+01     7    15  2.334283E+01 -5.074780E+01
  1.300000E+01     7    16 -6.535566E+02 -2.025425E+01
  1.300000E+01     7    17 -8.933738E+02 -8.806341E+02
  1.300000E+01     7    18 -1.217561E+01  2.748230E+00
  1.300000E+01     7    19  9.729192E+03 -9.176998E+01
  1.300000E+01     7    20  2.128653E+04 -7.191941E+01
  1.300000E+01     7    21  1.200243E+03  4.218868E+02
  1.300000E+01     7    22  1.008642E+05 -1.752110E+03
  1.300000E+01     7    23 -3.684651E+04  2.424558E+03
  1.300000E+01     7    24  1.206472E+05  5.882441E+02
  1.300000E+01     7    25  1.833946E+01 -7.859932E+00
  1.300000E+01     7    26  3.923438E+01 -7.943084E+00
  1.300000E+01     7    27 -2.804652E+01 -3.478282E+01
  1.300000E+01     7    28  2.728707E+02 -5.593170E+01
  1.300000E+01     7    29 -1.282418E+02  5.553814E+01
  1.300000E+01     7    30  6.711157E-01  7.269453E-01
  1.300000E+01     8     1 -1.302559E+02 -1.146840E+02
  1.300000E+01     8     2  5.048457E-01 -5.344195E+01
  1.300000E+01     8     3 -3.801871E+01  2.020905E+01
  1.300000E+01     8     4  3.237790E+01 -4.812539E+02
  1.300000E+01     8     5  1.696717E+03  1.567862E+03
  1.300000E+01     8     6  3.063786E+01  1.886692E+01
  1.300000E+01     8     7 -4.731500E+03 -6.758715E+00
  1.300000E+01     8     8  5.409792E+03  1.597452E+02
  1.300000E+01     8     9 -4.979355E+01  1.360930E+01
  1.300000E+01     8    10  6.753959E+04  1.577487E+03
  1.300000E+01     8    11  8.373317E+04  1.061920E+02
  1.300000E+01     8    12  2.167923E+02  4.489819E+01
  1.300000E+01     8    13  7.605759E+01  1.014559E+01
  1.300000E+01     8    14 -1.959115E+01 -6.371497E+01
  1.300000E+01     8    15  9.287581E+00 -3.848046E+01
  1.300000E+01     8    16 -2.146387E+02 -6.455424E+02
  1.300000E+01     8    17 -8.078845E+02 -1.373425E+02
  1.300000E+01     8    18 -2.134531E+00 -1.476273E+01
  1.300000E+01     8    19 -3.407799E+03  2.194968E+02
  1.300000E+01     8    20 -3.275229E+03 -1.223748E+02
  1.300000E+01     8    21 -1.961768E+01 -7.016832E+01
  1.300000E+01     8    22 -1.407251E+04 -2.895483E+03
  1.300000E+01     8    23  3.831137E+03 -5.075532E+03
  1.300000E+01     8    24  8.489805E+04 -8.818596E+02
  1.300000E+01     8    25  1.542930E+01  2.176649E+01
  1.300000E+01     8    26 -1.239039E+01 -1.553423E+01
  1.300000E+01     8    27 -2.641097E+00  4.041586E+00
  1.300000E+01     8    28 -8.592648E+01 -1.086731E+02
  1.300000E+01     8    29 -1.060113E+02 -1.514199E+02
  1.300000E+01     8    30  2.792102E-02 -1.176753E-01
  1.300000E+01     9     1  7.781521E+01 -1.449073E+02
  1.300000E+01     9     2  1.147906E+01 -2.245817E+01
  1.300000E+01     9     3 -3.033547E+01 -2.773968E+01
  1.300000E+01     9     4  1.156456E+02 -2.005975E+02
  1.300000E+01     9     5 -9.932601E+02  1.921426E+03
  1.300000E+01     9     6 -1.536238E+01  3.096247E+01
  1.300000E+01     9     7  1.739513E+02 -8.898851E+00
  1.300000E+01     9     8 -1.460449E+01 -7.983206E-01
  1.300000E+01     9     9  1.643118E+03  7.498985E+01
  1.300000E+01     9    10 -2.837257E+02 -9.331440E+00
  1.300000E+01     9    11 -1.660690E+03  1.169660E+02
  1.300000E+01     9    12  3.874082E+01  9.449968E-02
  1.300000E+01     9    13  4.417109E+01 -6.642502E+01
  1.300000E+01     9    14 -1.813626E+01  4.169379E+01
  1.300000E+01     9    15 -3.610964E+01 -1.318469E+01
  1.300000E+01     9    16 -1.888539E+02  4.351081E+02
  1.300000E+01     9    17 -4.687264E+02  7.200396E+02
  1.300000E+01     9    18 -2.658158E+00  7.768867E+00
  1.300000E+01     9    19 -2.656699E+01 -2.590910E+01
  1.300000E+01     9    20 -5.774238E+01 -9.978007E+01
  1.300000E+01     9    21  7.516209E+02 -2.109053E+02
  1.300000E+01     9    22  1.548843E+04 -3.090452E+03
  1.300000E+01     9    23 -8.632370E+03  7.469186E+02
  1.300000E+01     9    24 -7.158538E+02 -5.308575E+02
  1.300000E+01     9    25 -5.033069E+00 -8.880506E+00
  1.300000E+01     9    26 -8.305723E+00 -1.615748E+01
  1.300000E+01     9    27 -1.740636E+01  1.608220E+01
  1.300000E+01     9    28 -6.016439E+01 -1.135995E+02
  1.300000E+01     9    29  3.673595E+01  6.266536E+01
  1.300000E+01     9    30  4.213897E-01 -3.240849E-01
  1.300000E+01    10     1 -1.135341E+03 -1.324849E+03
  1.300000E+01    10     2  2.026940E+01 -5.407507E+02
  1.300000E+01    10     3 -4.136215E+02  1.535307E+02
  1.300000E+01    10     4  4.616680E+02 -4.867992E+03
  1.300000E+01    10     5  1.481095E+04  1.800312E+04
  1.300000E+01    10     6  2.707516E+02  2.297691E+02
  1.300000E+01    10     7 -8.470282E+04 -9.377985E+01
  1.300000E+01    10     8  6.950115E+04  1.522141E+03
  1.300000E+01    10     9 -6.864162E+02  2.372365E+02
  1.300000E+01    10    10  1.035556E+06  1.502957E+04
  1.300000E+01    10    11  1.502891E+06  1.343018E+03
  1.300000E+01    10    12  8.229847E+02  4.280848E+02
  1.300000E+01    10    13  7.690681E+02 -6.659172E+00
  1.300000E+01    10    14 -1.977843E+02 -5.440837E+02
  1.300000E+01    10    15  3.463676E+01 -3.763694E+02
  1.300000E+01    10    16 -2.163449E+03 -5.493257E+03
  1.300000E+01    10    17 -8.164591E+03 -1.884238E+02
  1.300000E+01    10    18 -2.147902E+01 -1.290336E+02
  1.300000E+01    10    19 -6.384968E+04  2.056907E+03
  1.300000E+01    10    20 -5.736354E+04 -1.298882E+03
  1.300000E+01    10    21 -1.091087E+02 -1.023387E+03
  1.300000E+01    10    22 -2.277843E+05 -3.177476E+04
  1.300000E+01    10    23  1.228856E+05 -4.734219E+04
  1.300000E+01    10    24  1.597062E+06 -9.278287E+03
  1.300000E+01    10    25  1.276816E+02  1.942383E+02
  1.300000E+01    10    26 -1.352867E+02 -1.700723E+02
  1.300000E+01    10    27 -4.546099E+01  6.582578E+01
  1.300000E+01    10    28 -9.398763E+02 -1.190567E+03
  1.300000E+01    10    29 -8.752860E+02 -1.350006E+03
  1.300000E+01    10    30  6.760070E-01 -1.673065E+00
  1.300000E+01    11     1 -2.079614E+03 -9.079517E+02
  1.300000E+01    11     2 -3.833344E+02 -1.136077E+01
  1.300000E+01    11     3 -3.315193E+02  5.005857E+02
  1.300000E+01    11     4 -3.544711E+03 -2.571418E+02
  1.300000E+01    11     5  2.744596E+04  1.145224E+04
  1.300000E+01    11     6  4.283531E+02  2.027245E+02
  1.300000E+01    11     7 -4.670010E+05 -1.178503E+03
  1.300000E+01    11     8 -2.563427E+04  2.357813E+02
  1.300000E+01    11     9 -4.122707E+03 -3.177031E+02
  1.300000E+01    11    10 -5.883464E+05  2.367363E+03
  1.300000E+01    11    11  8.187322E+06  1.150765E+04
  1.300000E+01    11    12  9.292678E+04  5.813471E+01
  1.300000E+01    11    13 -7.350178E+02 -5.057651E+02
  1.300000E+01    11    14  5.510807E+02 -1.523055E+02
  1.300000E+01    11    15 -8.950395E+01  4.252733E+02
  1.300000E+01    11    16  5.699076E+03 -1.470071E+03
  1.300000E+01    11    17  7.986813E+03  5.243620E+03
  1.300000E+01    11    18  1.055387E+02 -5.439908E+01
  1.300000E+01    11    19 -1.737280E+05  9.925982E+02
  1.300000E+01    11    20 -3.872539E+05  7.773221E+02
  1.300000E+01    11    21 -1.466626E+04 -2.962294E+03
  1.300000E+01    11    22 -1.677550E+06  2.081069E+04
  1.300000E+01    11    23  5.846086E+05 -2.591892E+04
  1.300000E+01    11    24 -2.365072E+06 -3.989930E+03
  1.300000E+01    11    25 -1.177445E+02  1.058928E+02
  1.300000E+01    11    26 -3.136109E+02  9.847307E+01
  1.300000E+01    11    27  2.759928E+02  2.466284E+02
  1.300000E+01    11    28 -2.170819E+03  6.933578E+02
  1.300000E+01    11    29  8.204926E+02 -7.461554E+02
  1.300000E+01    11    30 -6.682542E+00 -5.214003E+00
  1.300000E+01    12     1 -5.634339E+01  2.807546E+00
  1.300000E+01    12     2 -2.140480E+00 -1.173790E+01
  1.300000E+01    12     3 -3.077225E+00  1.245025E+01
  1.300000E+01    12     4 -1.244919E+01 -1.059568E+02
  1.300000E+01    12     5  7.320756E+02 -1.938816E+01
  1.300000E+01    12     6  1.275291E+01 -2.456189E+00
  1.300000E+01    12     7  3.302250E+03  3.564962E+00
  1.300000E+01    12     8 -6.976085E+02  4.917746E+01
  1.300000E+01    12     9  1.415721E+02 -1.276362E+01
  1.300000E+01    12    10 -1.417004E+04  4.858701E+02
  1.300000E+01    12    11 -5.541702E+04 -2.946862E+01
  1.300000E+01    12    12  3.628196E+03  1.379634E+01
  1.300000E+01    12    13  1.735723E+01  1.985022E+01
  1.300000E+01    12    14 -5.209134E+00 -2.985624E+01
  1.300000E+01    12    15  1.129449E+01 -1.107505E+01
  1.300000E+01    12    16 -5.711594E+01 -3.055786E+02
  1.300000E+01    12    17 -1.855389E+02 -2.237185E+02
  1.300000E+01    12    18 -6.824115E-01 -6.435364E+00
  1.300000E+01    12    19  3.256757E+03  7.325296E+01
  1.300000E+01    12    20  1.709377E+03 -1.770760E+01
  1.300000E+01    12    21 -3.920327E+00  3.764412E+01
  1.300000E+01    12    22  3.332378E+03 -2.554404E+02
  1.300000E+01    12    23 -9.318699E+03 -1.730818E+03
  1.300000E+01    12    24 -1.019992E+05 -1.249729E+02
  1.300000E+01    12    25  7.800056E+00  8.853024E+00
  1.300000E+01    12    26 -4.495423E-01 -1.419114E+00
  1.300000E+01    12    27  2.098026E+00 -3.332589E+00
  1.300000E+01    12    28 -3.015234E+00 -9.806786E+00
  1.300000E+01    12    29 -5.406649E+01 -6.177776E+01
  1.300000E+01    12    30 -4.597323E-02  5.618273E-02
  1.300000E+01    13     1  9.858638E+01  2.455032E+02
  1.300000E+01    13     2 -6.255511E+01 -2.913729E+01
  1.300000E+01    13     3  4.740866E+01 -4.878524E+01
  1.300000E+01    13     4 -5.501122E+02 -2.603932E+02
  1.300000E+01    13     5 -1.124374E+03 -3.116037E+03
  1.300000E+01    13     6 -2.982700E+01 -6.204390E+01
  1.300000E+01    13     7  1.013095E+02  1.408533E+02
  1.300000E+01    13     8  7.754711E+01  3.493868E+01
  1.300000E+01    13     9  5.326036E+01 -7.428372E+01
  1.300000E+01    13    10  7.594042E+02  3.422897E+02
  1.300000E+01    13    11 -9.571651E+02 -1.407701E+03
  1.300000E+01    13    12  2.379206E+01  9.910033E+00
  1.300000E+01    13    13  4.787796E+03  2.184962E+02
  1.300000E+01    13    14  3.014050E+03 -2.642408E+01
  1.300000E+01    13    15  1.614451E+03 -1.807138E+01
  1.300000E+01    13    16  4.178572E+04 -3.067282E+02
  1.300000E+01    13    17  7.442312E+03 -2.298474E+03
  1.300000E+01    13    18 -6.709922E+02  1.153984E+00
  1.300000E+01    13    19  3.192833E+03 -4.983232E+01
  1.300000E+01    13    20  1.889276E+03 -3.318048E+00
  1.300000E+01    13    21  2.006833E+03  6.779066E+02
  1.300000E+01    13    22 -6.694006E+03  1.062965E+03
  1.300000E+01    13    23 -6.534686E+03  1.458093E+03
  1.300000E+01    13    24  2.009961E+05  7.672023E+02
  1.300000E+01    13    25  3.933860E+01 -1.721187E-01
  1.300000E+01    13    26 -6.010567E+01  5.813828E+00
  1.300000E+01    13    27 -3.406546E+01 -5.588763E+01
  1.300000E+01    13    28 -4.174251E+02  4.116114E+01
  1.300000E+01    13    29 -2.698116E+02  1.478830E+00
  1.300000E+01    13    30  8.187546E-01  1.156001E+00
  1.300000E+01    14     1  9.009216E+01  8.758324E-01
  1.300000E+01    14     2 -1.647965E+01 -6.142331E+01
  1.300000E+01    14     3  2.664358E+01 -4.241942E+01
  1.300000E+01    14     4 -1.536657E+02 -5.741295E+02
  1.300000E+01    14     5 -1.092555E+03  1.214063E+02
  1.300000E+01    14     6 -2.087494E+01 -7.772563E+00
  1.300000E+01    14     7 -6.431248E+01 -8.634022E+00
  1.300000E+01    14     8 -1.575830E+01 -5.974887E+01
  1.300000E+01    14     9 -1.153466E+01  3.609041E+01
  1.300000E+01    14    10 -1.543823E+02 -5.920273E+02
  1.300000E+01    14    11  6.219888E+02  8.421264E+01
  1.300000E+01    14    12 -5.540736E+00 -1.672896E+01
  1.300000E+01    14    13  5.855502E+03 -4.200168E+00
  1.300000E+01    14    14  5.736705E+03  1.606881E+02
  1.300000E+01    14    15 -1.614450E+02 -1.134061E+01
  1.300000E+01    14    16  7.742783E+04  1.622516E+03
  1.300000E+01    14    17 -1.126494E+05  1.142319E+02
  1.300000E+01    14    18 -1.143717E+03  3.762664E+01
  1.300000E+01    14    19  4.448969E+03 -1.628591E+02
  1.300000E+01    14    20 -4.125689E+03 -1.104736E+02
  1.300000E+01    14    21  2.909491E+01  2.960933E+01
  1.300000E+01    14    22 -2.405305E+04 -2.781566E+03
  1.300000E+01    14    23 -1.481029E+04  3.560458E+03
  1.300000E+01    14    24  1.124243E+05 -3.538074E+01
  1.300000E+01    14    25 -1.493024E+01 -2.049881E+01
  1.300000E+01    14    26 -1.206689E+01 -1.499377E+01
  1.300000E+01    14    27  1.239691E+00 -3.325672E+00
  1.300000E+01    14    28 -8.409142E+01 -1.052859E+02
  1.300000E+01    14    29  1.032634E+02  1.436857E+02
  1.300000E+01    14    30 -7.238119E-03  9.439822E-02
  1.300000E+01    15     1  6.386854E+01 -7.896297E+01
  1.300000E+01    15     2 -2.038426E+01  3.640299E+01
  1.300000E+01    15     3 -3.293425E+01 -1.310154E+01
  1.300000E+01    15     4 -1.927668E+02  3.293799E+02
  1.300000E+01    15     5 -7.904996E+02  9.308403E+02
  1.300000E+01    15     6 -1.824960E+01  2.226204E+01
  1.300000E+01    15     7  4.002191E+01 -5.882233E+01
  1.300000E+01    15     8  1.799733E+01 -3.822286E+01
  1.300000E+01    15     9 -3.600582E+01 -1.276404E+01
  1.300000E+01    15    10  1.773699E+02 -3.756503E+02
  1.300000E+01    15    11 -4.041663E+02  5.643041E+02
  1.300000E+01    15    12  4.591601E+00 -1.183096E+01
  1.300000E+01    15    13  1.603108E+02 -1.020412E+01
  1.300000E+01    15    14  1.439102E+01 -1.426542E-01
  1.300000E+01    15    15  1.605933E+03  7.588896E+01
  1.300000E+01    15    16  4.093550E+02 -1.287346E-01
  1.300000E+01    15    17 -2.555291E+03  1.230636E+02
  1.300000E+01    15    18  1.446385E+01 -2.405276E-01
  1.300000E+01    15    19 -1.445505E+01 -5.657358E+01
  1.300000E+01    15    20  1.958536E+01  1.313503E+02
  1.300000E+01    15    21  7.343071E+02 -1.958916E+02
  1.300000E+01    15    22 -1.633785E+04  3.290135E+03
  1.300000E+01    15    23 -9.226766E+03  1.599632E+03
  1.300000E+01    15    24  9.716100E+02 -2.663397E+02
  1.300000E+01    15    25 -5.034343E+00 -9.336961E+00
  1.300000E+01    15    26  8.397386E+00  1.650644E+01
  1.300000E+01    15    27 -1.691953E+01  1.647542E+01
  1.300000E+01    15    28  6.075070E+01  1.157787E+02
  1.300000E+01    15    29  3.616195E+01  6.468983E+01
  1.300000E+01    15    30  4.162488E-01 -3.227543E-01
  1.300000E+01    16     1  7.737411E+02  1.428715E+02
  1.300000E+01    16     2 -1.282519E+02 -6.163214E+02
  1.300000E+01    16     3  2.975578E+02 -3.797157E+02
  1.300000E+01    16     4 -1.189426E+03 -5.747300E+03
  1.300000E+01    16     5 -9.375616E+03 -4.998613E+02
  1.300000E+01    16     6 -1.751034E+02 -1.084470E+02
  1.300000E+01    16     7 -6.257960E+02  4.362597E+00
  1.300000E+01    16     8 -1.540609E+02 -5.070968E+02
  1.300000E+01    16     9 -6.136534E+01  3.383338E+02
  1.300000E+01    16    10 -1.512685E+03 -5.028382E+03
  1.300000E+01    16    11  6.073528E+03 -3.709987E+01
  1.300000E+01    16    12 -5.287094E+01 -1.406291E+02
  1.300000E+01    16    13  1.024142E+05 -2.584132E+00
  1.300000E+01    16    14  7.549143E+04  1.494148E+03
  1.300000E+01    16    15 -2.841451E+03 -1.996315E+02
  1.300000E+01    16    16  1.213219E+06  1.508091E+04
  1.300000E+01    16    17 -1.968727E+06  6.586039E+02
  1.300000E+01    16    18 -2.333715E+04  3.508529E+02
  1.300000E+01    16    19  8.115044E+04 -1.451261E+03
  1.300000E+01    16    20 -7.027884E+04 -1.181839E+03
  1.300000E+01    16    21  3.497287E+02  5.951736E+02
  1.300000E+01    16    22 -3.920927E+05 -2.958280E+04
  1.300000E+01    16    23 -3.057967E+05  3.128370E+04
  1.300000E+01    16    24  2.084384E+06  1.065764E+02
  1.300000E+01    16    25 -1.205420E+02 -1.787315E+02
  1.300000E+01    16    26 -1.286479E+02 -1.579736E+02
  1.300000E+01    16    27  2.567355E+01 -5.754903E+01
  1.300000E+01    16    28 -8.985441E+02 -1.109168E+03
  1.300000E+01    16    29  8.323654E+02  1.253757E+03
  1.300000E+01    16    30 -4.168433E-01  1.406212E+00
  1.300000E+01    17     1 -9.934129E+02 -2.859893E+03
  1.300000E+01    17     2  6.485273E+02  3.025056E+02
  1.300000E+01    17     3 -5.559722E+02  4.881995E+02
  1.300000E+01    17     4  5.654488E+03  2.683370E+03
  1.300000E+01    17     5  1.127059E+04  3.635425E+04
  1.300000E+01    17     6  3.022148E+02  7.166012E+02
  1.300000E+01    17     7 -1.172260E+03 -1.652005E+03
  1.300000E+01    17     8 -8.555298E+02 -4.695999E+02
  1.300000E+01    17     9 -6.484994E+02  8.488550E+02
  1.300000E+01    17    10 -8.373860E+03 -4.603758E+03
  1.300000E+01    17    11  1.106679E+04  1.648492E+04
  1.300000E+01    17    12 -2.637572E+02 -1.342714E+02
  1.300000E+01    17    13 -5.523450E+04 -2.443871E+03
  1.300000E+01    17    14 -5.132562E+04  4.286598E+02
  1.300000E+01    17    15 -2.856861E+04  2.861464E+02
  1.300000E+01    17    16 -6.939824E+05  4.775144E+03
  1.300000E+01    17    17 -3.995781E+05  2.578850E+04
  1.300000E+01    17    18  7.724409E+03  1.845025E+01
  1.300000E+01    17    19 -5.238170E+04  3.653215E+02
  1.300000E+01    17    20 -3.691572E+04  8.434362E+01
  1.300000E+01    17    21 -2.943242E+04 -7.793639E+03
  1.300000E+01    17    22 -9.016546E+04 -1.063087E+04
  1.300000E+01    17    23 -1.492522E+04 -1.163533E+04
  1.300000E+01    17    24 -3.440060E+06 -9.047652E+03
  1.300000E+01    17    25 -4.877639E+02 -2.615938E+01
  1.300000E+01    17    26  7.034588E+02 -5.976896E+01
  1.300000E+01    17    27  3.841369E+02  6.417913E+02
  1.300000E+01    17    28  4.877664E+03 -4.240471E+02
  1.300000E+01    17    29  3.340002E+03  1.796614E+02
  1.300000E+01    17    30 -9.629777E+00 -1.322985E+01
  1.300000E+01    18     1  4.089126E+01 -2.457518E+01
  1.300000E+01    18     2 -9.523364E+00 -1.406084E+01
  1.300000E+01    18     3  3.819008E-01 -1.723216E+01
  1.300000E+01    18     4 -9.022513E+01 -1.336088E+02
  1.300000E+01    18     5 -4.974147E+02  3.454422E+02
  1.300000E+01    18     6 -1.012191E+01  3.870465E+00
  1.300000E+01    18     7 -1.931435E+01 -1.780195E+01
  1.300000E+01    18     8 -5.643461E+00 -2.940986E+01
  1.300000E+01    18     9 -1.169960E+01  1.335043E+01
  1.300000E+01    18    10 -5.509879E+01 -2.908271E+02
  1.300000E+01    18    11  1.832194E+02  1.730834E+02
  1.300000E+01    18    12 -2.144797E+00 -8.449344E+00
  1.300000E+01    18    13 -4.298740E+03 -9.593051E+00
  1.300000E+01    18    14 -2.316693E+02  5.655509E+01
  1.300000E+01    18    15  5.742606E+01  1.140806E+01
  1.300000E+01    18    16 -7.790153E+03  5.724908E+02
  1.300000E+01    18    17  7.927255E+04  1.287199E+02
  1.300000E+01    18    18  3.895427E+03  1.301038E+01
  1.300000E+01    18    19 -3.509934E+03 -6.739471E+01
  1.300000E+01    18    20  2.851802E+03 -1.408710E+01
  1.300000E+01    18    21 -4.348363E+01 -4.810633E+01
  1.300000E+01    18    22  1.327908E+04 -3.975479E+02
  1.300000E+01    18    23  1.532953E+04  1.545678E+03
  1.300000E+01    18    24 -8.203345E+04 -8.972662E+01
  1.300000E+01    18    25 -8.456694E+00 -9.212746E+00
  1.300000E+01    18    26 -7.204394E-01 -2.379549E+00
  1.300000E+01    18    27 -1.473511E+00  3.684494E+00
  1.300000E+01    18    28 -4.902063E+00 -1.673296E+01
  1.300000E+01    18    29  5.878780E+01  6.442549E+01
  1.300000E+01    18    30  4.123933E-02 -6.362288E-02
  1.300000E+01    19     1  2.168349E+04  5.943008E+02
  1.300000E+01    19     2 -5.462229E+03 -4.429552E+02
  1.300000E+01    19     3  4.750676E+03 -1.171078E+02
  1.300000E+01    19     4 -6.735354E+04 -4.067797E+03
  1.300000E+01    19     5 -3.244129E+05 -6.832149E+03
  1.300000E+01    19     6 -1.313421E+04 -1.994273E+02
  1.300000E+01    19     7  1.587706E+04  4.229056E+02
  1.300000E+01    19     8 -6.189863E+02  2.888892E+02
  1.300000E+01    19     9  3.221050E+02 -7.698776E+01
  1.300000E+01    19    10 -7.826982E+03  2.840846E+03
  1.300000E+01    19    11 -2.817946E+05 -4.130066E+03
  1.300000E+01    19    12 -1.501433E+03  8.553793E+01
  1.300000E+01    19    13  6.258772E+03  5.553210E+02
  1.300000E+01    19    14  3.037674E+03  1.111441E+02
  1.300000E+01    19    15  8.268480E+02 -3.284810E+02
  1.300000E+01    19    16  5.127804E+04  1.023279E+03
  1.300000E+01    19    17 -8.234464E+04 -5.804984E+03
  1.300000E+01    19    18 -2.278853E+03  4.471046E+01
  1.300000E+01    19    19  9.919113E+03  1.148155E+02
  1.300000E+01    19    20  6.204282E+03 -7.661661E+02
  1.300000E+01    19    21  9.382835E+03  2.058135E+03
  1.300000E+01    19    22  3.513535E+02 -1.599126E+04
  1.300000E+01    19    23  3.060483E+05 -3.423350E+03
  1.300000E+01    19    24  3.531847E+05  1.826383E+03
  1.300000E+01    19    25 -7.656132E+01  2.480744E+01
  1.300000E+01    19    26 -8.847124E+01 -8.328901E+01
  1.300000E+01    19    27 -5.777320E+01 -1.756251E+02
  1.300000E+01    19    28 -6.233788E+02 -5.827757E+02
  1.300000E+01    19    29  3.425313E+02 -1.695959E+02
  1.300000E+01    19    30  2.339263E+00  3.576804E+00
  1.300000E+01    20     1  1.591656E+04  3.102137E+02
  1.300000E+01    20     2 -4.572526E+03 -1.015187E+02
  1.300000E+01    20     3  3.193801E+03 -1.131385E+02
  1.300000E+01    20     4 -6.274519E+04 -9.410143E+02
  1.300000E+01    20     5 -2.387436E+05 -3.823273E+03
  1.300000E+01    20     6 -5.850126E+03 -8.757619E+01
  1.300000E+01    20     7  1.832012E+04  1.492682E+02
  1.300000E+01    20     8  1.750798E+03 -7.122491E+01
  1.300000E+01    20     9  1.442157E+02 -7.475897E+01
  1.300000E+01    20    10  3.835872E+04 -7.066812E+02
  1.300000E+01    20    11 -3.272845E+05 -1.516231E+03
  1.300000E+01    20    12 -4.908192E+03 -1.969000E+01
  1.300000E+01    20    13  2.722688E+03  2.685293E+02
  1.300000E+01    20    14 -1.993449E+03  1.205314E+02
  1.300000E+01    20    15 -1.216635E+03 -1.236727E+01
  1.300000E+01    20    16 -2.325458E+04  1.168480E+03
  1.300000E+01    20    17 -1.104843E+05 -2.750775E+03
  1.300000E+01    20    18 -2.640790E+02  3.763528E+01
  1.300000E+01    20    19 -1.630626E+03 -2.700190E+02
  1.300000E+01    20    20  1.569186E+04 -5.559301E+01
  1.300000E+01    20    21  4.147479E+03  8.780726E+02
  1.300000E+01    20    22  3.219832E+04  6.791389E+01
  1.300000E+01    20    23  1.687696E+05  6.433384E+03
  1.300000E+01    20    24  6.768830E+04  1.369936E+03
  1.300000E+01    20    25 -1.452103E+02 -2.593922E+01
  1.300000E+01    20    26  9.632194E+01 -2.863586E-03
  1.300000E+01    20    27 -3.026184E+01 -7.313136E+01
  1.300000E+01    20    28  8.545702E+02  4.498043E-01
  1.300000E+01    20    29  1.003713E+03  1.816139E+02
  1.300000E+01    20    30  1.341271E+00  1.553835E+00
  1.300000E+01    21     1 -5.460694E+03  8.384594E+02
  1.300000E+01    21     2  1.556251E+03  5.198168E+01
  1.300000E+01    21     3 -3.759538E+02 -6.335631E+01
  1.300000E+01    21     4  1.939163E+04  5.118571E+02
  1.300000E+01    21     5  8.979790E+04 -1.085753E+04
  1.300000E+01    21     6  2.827639E+03 -1.869089E+02
  1.300000E+01    21     7  9.737644E+02  4.185960E+02
  1.300000E+01    21     8  3.898140E+01 -2.634044E+01
  1.300000E+01    21     9  6.595891E+02 -1.820952E+02
  1.300000E+01    21    10  6.596047E+02 -2.670912E+02
  1.300000E+01    21    11 -1.082765E+04 -4.192909E+03
  1.300000E+01    21    12 -1.450431E+01 -5.879491E+00
  1.300000E+01    21    13  1.016744E+03  4.297371E+02
  1.300000E+01    21    14 -1.268540E+02 -8.522456E+01
  1.300000E+01    21    15  6.837653E+02 -1.220762E+02
  1.300000E+01    21    16 -2.031295E+03 -9.386340E+02
  1.300000E+01    21    17 -1.115627E+04 -4.575380E+03
  1.300000E+01    21    18  8.611712E+01 -5.995403E+00
  1.300000E+01    21    19  3.468905E+03 -1.832975E+02
  1.300000E+01    21    20  7.906242E+02  4.171549E+01
  1.300000E+01    21    21  2.144596E+04  1.846812E+03
  1.300000E+01    21    22  8.902069E+03  3.004123E+03
  1.300000E+01    21    23 -8.729269E+04  4.508542E+03
  1.300000E+01    21    24 -3.924409E+04  3.082756E+03
  1.300000E+01    21    25  4.139484E+01  3.572784E+00
  1.300000E+01    21    26  2.000637E+01  1.892188E+01
  1.300000E+01    21    27 -2.038629E+02 -1.489920E+02
  1.300000E+01    21    28  1.414654E+02  1.328607E+02
  1.300000E+01    21    29 -2.672483E+02 -2.476179E+01
  1.300000E+01    21    30 -2.145317E-01  3.074073E+00
  1.300000E+01    22     1  2.498445E+04  4.041016E+03
  1.300000E+01    22     2 -1.830549E+03  3.697353E+03
  1.300000E+01    22     3  5.357701E+03  6.257280E+02
  1.300000E+01    22     4 -5.140768E+04  3.378775E+04
  1.300000E+01    22     5 -3.666602E+05 -5.969548E+04
  1.300000E+01    22     6 -4.941479E+03 -4.688596E+02
  1.300000E+01    22     7  8.700246E+04 -8.348440E+02
  1.300000E+01    22     8  7.522089E+03 -2.540628E+03
  1.300000E+01    22     9  1.429731E+04 -3.143077E+03
  1.300000E+01    22    10  1.748827E+05 -2.497950E+04
  1.300000E+01    22    11 -1.403805E+06  6.419795E+03
  1.300000E+01    22    12 -1.961508E+04 -7.590770E+02
  1.300000E+01    22    13 -2.528320E+04  1.554697E+03
  1.300000E+01    22    14 -2.720494E+03 -2.310103E+03
  1.300000E+01    22    15 -2.081613E+04  3.161459E+03
  1.300000E+01    22    16  2.035641E+04 -2.367969E+04
  1.300000E+01    22    17  1.142370E+04 -1.703667E+04
  1.300000E+01    22    18 -8.960780E+03 -4.930751E+02
  1.300000E+01    22    19  8.572794E+03 -2.228699E+03
  1.300000E+01    22    20  7.473189E+04  9.943118E+03
  1.300000E+01    22    21  3.535182E+03  1.926921E+03
  1.300000E+01    22    22  1.236062E+07  2.626988E+05
  1.300000E+01    22    23  1.012890E+05  5.965695E+04
  1.300000E+01    22    24  6.941163E+05  1.948606E+04
  1.300000E+01    22    25 -2.389429E+02 -7.899041E+01
  1.300000E+01    22    26  6.876847E+03  1.370976E+03
  1.300000E+01    22    27 -1.588251E+01 -6.925446E+01
  1.300000E+01    22    28  5.016370E+04  9.620209E+03
  1.300000E+01    22    29  1.361269E+03  5.029335E+02
  1.300000E+01    22    30  1.183912E+01  1.896211E+00
  1.300000E+01    23     1 -3.581050E+05 -8.177876E+03
  1.300000E+01    23     2  9.868917E+04  6.887161E+03
  1.300000E+01    23     3 -5.213651E+04 -4.565037E+02
  1.300000E+01    23     4  1.247430E+06  6.351233E+04
  1.300000E+01    23     5  5.680092E+06  9.274111E+04
  1.300000E+01    23     6  1.801166E+05  2.837388E+03
  1.300000E+01    23     7 -6.458028E+04 -4.684826E+03
  1.300000E+01    23     8 -5.245244E+03 -6.181668E+03
  1.300000E+01    23     9 -1.037635E+04  1.567480E+03
  1.300000E+01    23    10 -6.458424E+04 -6.093684E+04
  1.300000E+01    23    11  1.074248E+06  4.536879E+04
  1.300000E+01    23    12  5.646306E+03 -1.808554E+03
  1.300000E+01    23    13 -3.915207E+04 -6.753791E+03
  1.300000E+01    23    14 -2.641048E+03 -9.816840E+01
  1.300000E+01    23    15 -1.492830E+04  5.498787E+03
  1.300000E+01    23    16 -5.508673E+04  2.579472E+02
  1.300000E+01    23    17  4.253632E+05  7.155321E+04
  1.300000E+01    23    18  2.495109E+03 -2.412948E+02
  1.300000E+01    23    19  1.391011E+05 -6.927148E+03
  1.300000E+01    23    20  2.392797E+04  1.184137E+04
  1.300000E+01    23    21 -1.303841E+05 -2.568277E+04
  1.300000E+01    23    22  3.583134E+05  2.489183E+05
  1.300000E+01    23    23  6.858370E+06  1.854651E+05
  1.300000E+01    23    24 -2.640514E+06 -2.232781E+04
  1.300000E+01    23    25 -3.830360E+03 -1.028849E+03
  1.300000E+01    23    26  1.219607E+03  1.300493E+03
  1.300000E+01    23    27  8.032037E+02  2.194568E+03
  1.300000E+01    23    28  8.378261E+03  9.092858E+03
  1.300000E+01    23    29  2.862141E+04  7.140938E+03
  1.300000E+01    23    30 -1.652657E+01 -4.370807E+01
  1.300000E+01    24     1 -8.553975E+05 -1.360796E+04
  1.300000E+01    24     2  2.632579E+05  1.496813E+04
  1.300000E+01    24     3 -1.735512E+05  7.901064E+03
  1.300000E+01    24     4  3.593824E+06  1.376838E+05
  1.300000E+01    24     5  1.282117E+07  1.473184E+05
  1.300000E+01    24     6  3.188237E+05  5.256709E+03
  1.300000E+01    24     7 -2.538510E+05 -1.165870E+04
  1.300000E+01    24     8  9.102342E+04 -3.625526E+03
  1.300000E+01    24     9 -8.872871E+03  1.298418E-01
  1.300000E+01    24    10  1.580821E+06 -3.536235E+04
  1.300000E+01    24    11  4.466242E+06  1.141095E+05
  1.300000E+01    24    12 -5.812905E+04 -1.119969E+03
  1.300000E+01    24    13  3.412021E+05 -1.667130E+04
  1.300000E+01    24    14  8.814658E+04 -1.118333E+04
  1.300000E+01    24    15 -1.741747E+04  7.613993E+03
  1.300000E+01    24    16  1.819868E+06 -1.099755E+05
  1.300000E+01    24    17 -6.667484E+06  1.698388E+05
  1.300000E+01    24    18 -1.180004E+05 -3.204250E+03
  1.300000E+01    24    19  4.853291E+05  9.065646E+03
  1.300000E+01    24    20 -3.299207E+05  2.431315E+04
  1.300000E+01    24    21 -2.651030E+05 -5.819439E+04
  1.300000E+01    24    22 -6.782269E+05  5.207494E+05
  1.300000E+01    24    23 -1.159496E+07 -2.021381E+05
  1.300000E+01    24    24  1.264126E+07 -4.364714E+04
  1.300000E+01    24    25  6.876286E+03  9.991743E+02
  1.300000E+01    24    26  2.471361E+03  2.753172E+03
  1.300000E+01    24    27  1.940458E+03  5.035701E+03
  1.300000E+01    24    28  1.721760E+04  1.927319E+04
  1.300000E+01    24    29 -4.772289E+04 -7.106766E+03
  1.300000E+01    24    30 -7.122831E+01 -1.050924E+02
  1.300000E+01    25     1 -9.862523E+01  8.836225E+00
  1.300000E+01    25     2  3.134445E+00 -1.117179E-01
  1.300000E+01    25     3  3.717206E+00  2.092222E+01
  1.300000E+01    25     4  9.401930E+00 -1.985007E+00
  1.300000E+01    25     5  1.238076E+03 -1.155086E+02
  1.300000E+01    25     6  2.268693E+01 -1.957994E+00
  1.300000E+01    25     7  2.705252E+01 -5.091830E+00
  1.300000E+01    25     8  1.792589E+01  2.393191E+01
  1.300000E+01    25     9 -5.591904E+00 -9.075829E+00
  1.300000E+01    25    10  1.740254E+02  2.368610E+02
  1.300000E+01    25    11 -2.630511E+02  5.208561E+01
  1.300000E+01    25    12  5.637926E+00  6.814157E+00
  1.300000E+01    25    13  3.053910E+01 -3.638921E+00
  1.300000E+01    25    14 -2.007836E+01 -2.526827E+01
  1.300000E+01    25    15 -5.810631E+00 -8.714485E+00
  1.300000E+01    25    16 -2.082703E+02 -2.548937E+02
  1.300000E+01    25    17 -3.407165E+02  2.325333E+01
  1.300000E+01    25    18 -3.633259E+00 -6.145239E+00
  1.300000E+01    25    19  1.701197E+02  5.698743E+01
  1.300000E+01    25    20  6.885060E+00 -1.382195E+00
  1.300000E+01    25    21 -2.536156E+01 -7.507938E+00
  1.300000E+01    25    22  9.579456E+01  1.505631E+01
  1.300000E+01    25    23 -7.555267E+03 -1.427053E+03
  1.300000E+01    25    24 -6.023339E+02 -2.017583E+00
  1.300000E+01    25    25  7.127921E+02  7.605702E+00
  1.300000E+01    25    26  1.894129E+00  1.242755E-01
  1.300000E+01    25    27  3.837182E+00  7.816260E-01
  1.300000E+01    25    28  4.566302E+01  9.498965E-01
  1.300000E+01    25    29 -5.062978E+03 -5.320602E+01
  1.300000E+01    25    30 -7.983742E-01 -2.667603E-02
  1.300000E+01    26     1  2.296290E+01  2.280233E+01
  1.300000E+01    26     2  1.506414E+01  2.196847E+01
  1.300000E+01    26     3  5.251616E+00  4.408247E+00
  1.300000E+01    26     4  1.259987E+02  2.010968E+02
  1.300000E+01    26     5 -3.423488E+02 -3.383143E+02
  1.300000E+01    26     6 -4.394122E+00 -2.462131E+00
  1.300000E+01    26     7  4.931760E+01 -4.127254E+00
  1.300000E+01    26     8 -1.078461E+01 -1.386251E+01
  1.300000E+01    26     9 -8.583871E+00 -1.705132E+01
  1.300000E+01    26    10 -1.066576E+02 -1.362841E+02
  1.300000E+01    26    11 -4.915700E+02  3.091473E+01
  1.300000E+01    26    12 -2.952316E+00 -4.134449E+00
  1.300000E+01    26    13 -5.138268E+01  7.120615E+00
  1.300000E+01    26    14 -1.018728E+01 -1.445981E+01
  1.300000E+01    26    15  9.163548E+00  1.686775E+01
  1.300000E+01    26    16 -9.415643E+01 -1.476812E+02
  1.300000E+01    26    17  5.293514E+02 -7.976294E+01
  1.300000E+01    26    18 -3.950623E+00 -3.175713E+00
  1.300000E+01    26    19 -1.004943E+01 -1.061023E+01
  1.300000E+01    26    20  1.482608E+02  5.558408E+01
  1.300000E+01    26    21  3.159507E+00  9.038016E+00
  1.300000E+01    26    22  7.096861E+03  1.455819E+03
  1.300000E+01    26    23  2.769867E+02  2.892192E+02
  1.300000E+01    26    24  1.717373E+02  1.096274E+02
  1.300000E+01    26    25  1.302060E+00 -1.812027E-01
  1.300000E+01    26    26  7.245455E+02  7.622980E+00
  1.300000E+01    26    27  1.331953E+00 -2.229003E-01
  1.300000E+01    26    28  5.181104E+03  5.348447E+01
  1.300000E+01    26    29 -2.981246E+01  9.920721E-01
  1.300000E+01    26    30 -3.234712E-01  6.766044E-03
  1.300000E+01    27     1  5.412962E-01  9.970421E-01
  1.300000E+01    27     2 -4.582234E-02 -8.624738E-02
  1.300000E+01    27     3  2.188723E-01 -1.347142E-01
  1.300000E+01    27     4 -3.006039E-01 -7.565469E-01
  1.300000E+01    27     5 -7.058388E+00 -1.263566E+01
  1.300000E+01    27     6 -1.398962E-01 -2.427766E-01
  1.300000E+01    27     7  2.591622E-01  5.511286E-01
  1.300000E+01    27     8 -3.581956E-03  1.099368E-02
  1.300000E+01    27     9  1.823421E-01 -1.794893E-01
  1.300000E+01    27    10 -6.265875E-02  9.694295E-02
  1.300000E+01    27    11 -2.509950E+00 -5.489245E+00
  1.300000E+01    27    12  4.049852E-03  5.863783E-03
  1.300000E+01    27    13  3.612724E-01  5.883279E-01
  1.300000E+01    27    14  2.474660E-02  1.147950E-02
  1.300000E+01    27    15  1.747094E-01 -2.127155E-01
  1.300000E+01    27    16  1.870932E-01  1.024021E-02
  1.300000E+01    27    17 -3.841864E+00 -6.200261E+00
  1.300000E+01    27    18  1.647644E-02  2.216624E-02
  1.300000E+01    27    19  4.496203E-01 -2.602531E-01
  1.300000E+01    27    20  1.837897E-01 -2.075189E-01
  1.300000E+01    27    21 -6.945849E+01  2.457732E+00
  1.300000E+01    27    22 -2.182378E+01 -2.453507E+00
  1.300000E+01    27    23  1.005980E+01  6.180526E+00
  1.300000E+01    27    24  1.905517E+00  3.622549E+00
  1.300000E+01    27    25 -5.959575E-01 -3.756543E-03
  1.300000E+01    27    26 -6.771753E-01 -9.557206E-03
  1.300000E+01    27    27  7.147833E+01 -2.014914E-01
  1.300000E+01    27    28 -7.751700E+00 -6.666306E-02
  1.300000E+01    27    29  7.549559E+00  2.774647E-02
  1.300000E+01    27    30 -4.872710E-01  4.163178E-03
  1.300000E+01    28     1  1.651461E+02  1.662875E+02
  1.300000E+01    28     2  1.075146E+02  1.594213E+02
  1.300000E+01    28     3  3.831654E+01  3.232959E+01
  1.300000E+01    28     4  8.971656E+02  1.459241E+03
  1.300000E+01    28     5 -2.466015E+03 -2.465793E+03
  1.300000E+01    28     6 -3.196863E+01 -1.806293E+01
  1.300000E+01    28     7  3.574522E+02 -3.009608E+01
  1.300000E+01    28     8 -7.724520E+01 -1.002315E+02
  1.300000E+01    28     9 -6.464919E+01 -1.243981E+02
  1.300000E+01    28    10 -7.652576E+02 -9.853542E+02
  1.300000E+01    28    11 -3.566300E+03  2.255851E+02
  1.300000E+01    28    12 -2.109862E+01 -2.990396E+01
  1.300000E+01    28    13 -3.714594E+02  5.224573E+01
  1.300000E+01    28    14 -7.328481E+01 -1.054076E+02
  1.300000E+01    28    15  6.882671E+01  1.225521E+02
  1.300000E+01    28    16 -6.777080E+02 -1.076623E+03
  1.300000E+01    28    17  3.835300E+03 -5.850629E+02
  1.300000E+01    28    18 -2.849246E+01 -2.313988E+01
  1.300000E+01    28    19 -6.522358E+01 -7.620278E+01
  1.300000E+01    28    20  1.312685E+03  4.040665E+02
  1.300000E+01    28    21  1.434725E+00  6.671409E+01
  1.300000E+01    28    22  5.413882E+04  1.058833E+04
  1.300000E+01    28    23  1.861273E+03  2.078781E+03
  1.300000E+01    28    24  1.212151E+03  7.976507E+02
  1.300000E+01    28    25  2.805099E+01 -1.184817E+00
  1.300000E+01    28    26  5.315115E+03  5.543888E+01
  1.300000E+01    28    27  1.535013E+01 -1.703301E+00
  1.300000E+01    28    28  4.671025E+04  3.889743E+02
  1.300000E+01    28    29 -3.701857E+02  6.285228E+00
  1.300000E+01    28    30  2.915273E-01  5.072443E-02
  1.300000E+01    29     1  7.203190E+02 -4.798187E+01
  1.300000E+01    29     2 -2.428661E+01 -1.744407E+00
  1.300000E+01    29     3 -2.473963E+01 -1.531322E+02
  1.300000E+01    29     4 -7.995231E+01 -8.363979E+00
  1.300000E+01    29     5 -9.068077E+03  6.358870E+02
  1.300000E+01    29     6 -1.671920E+02  1.012985E+01
  1.300000E+01    29     7 -1.909270E+02  4.653391E+01
  1.300000E+01    29     8 -1.264065E+02 -1.707443E+02
  1.300000E+01    29     9  4.554990E+01  6.308936E+01
  1.300000E+01    29    10 -1.227829E+03 -1.690171E+03
  1.300000E+01    29    11  1.860151E+03 -4.726642E+02
  1.300000E+01    29    12 -3.987496E+01 -4.856203E+01
  1.300000E+01    29    13 -2.087548E+02  3.614191E+01
  1.300000E+01    29    14  1.430052E+02  1.821397E+02
  1.300000E+01    29    15  4.599914E+01  5.814575E+01
  1.300000E+01    29    16  1.482624E+03  1.835577E+03
  1.300000E+01    29    17  2.340906E+03 -2.722594E+02
  1.300000E+01    29    18  2.627963E+01  4.462450E+01
  1.300000E+01    29    19 -1.447892E+03 -4.132316E+02
  1.300000E+01    29    20 -6.294999E+01  3.502419E+00
  1.300000E+01    29    21  2.586541E+02  9.599927E+01
  1.300000E+01    29    22 -1.289299E+03 -2.253932E+02
  1.300000E+01    29    23  5.675200E+04  1.034482E+04
  1.300000E+01    29    24  4.386906E+03  6.865271E+01
  1.300000E+01    29    25 -5.175990E+03 -5.471017E+01
  1.300000E+01    29    26 -6.204748E+01 -1.449766E+00
  1.300000E+01    29    27 -4.989375E+01 -9.096755E+00
  1.300000E+01    29    28 -7.165217E+02 -1.072499E+01
  1.300000E+01    29    29  4.518931E+04  3.827695E+02
  1.300000E+01    29    30  1.051836E+01  2.634891E-01
  1.300000E+01    30     1  1.324310E+00  2.026805E+00
  1.300000E+01    30     2  1.031899E-02 -7.282355E-02
  1.300000E+01    30     3  5.283756E-01 -2.563925E-01
  1.300000E+01    30     4  3.802465E-01 -5.985808E-01
  1.300000E+01    30     5 -1.639458E+01 -2.589173E+01
  1.300000E+01    30     6 -2.796000E-01 -4.803399E-01
  1.300000E+01    30     7  8.281758E-01  1.067996E+00
  1.300000E+01    30     8 -3.147730E-02 -3.923145E-02
  1.300000E+01    30     9  4.333881E-01 -4.122788E-01
  1.300000E+01    30    10 -3.446218E-01 -4.080540E-01
  1.300000E+01    30    11 -7.965116E+00 -1.067553E+01
  1.300000E+01    30    12 -1.280697E-03 -6.596189E-03
  1.300000E+01    30    13  6.649405E-01  1.179119E+00
  1.300000E+01    30    14 -3.694681E-02 -3.781501E-02
  1.300000E+01    30    15  4.855937E-01 -3.428767E-01
  1.300000E+01    30    16 -4.947674E-01 -5.945496E-01
  1.300000E+01    30    17 -6.811136E+00 -1.244452E+01
  1.300000E+01    30    18  1.408805E-02  3.014060E-02
  1.300000E+01    30    19  2.033090E-01 -5.684959E-01
  1.300000E+01    30    20  5.737832E-01 -1.761051E-01
  1.300000E+01    30    21 -2.735003E+00  4.834388E+00
  1.300000E+01    30    22  3.096319E+01  1.139718E+00
  1.300000E+01    30    23  1.613131E+01  1.376148E+01
  1.300000E+01    30    24  4.624565E+00  7.474467E+00
  1.300000E+01    30    25 -3.338023E-01 -1.087778E-02
  1.300000E+01    30    26  7.944376E-01  1.244901E-02
  1.300000E+01    30    27  1.906972E+00 -3.943646E-01
  1.300000E+01    30    28  8.415133E+00  8.810946E-02
  1.300000E+01    30    29  5.623462E+00  7.788663E-02
  1.300000E+01    30    30  4.678145E+01  8.163098E-03
  1.400000E+01     1     1 -9.417647E+03 -3.986531E+01
  1.400000E+01     1     2  4.051781E+03  2.201561E+02
  1.400000E+01     1     3 -3.198694E+03  2.141434E+02
  1.400000E+01     1     4  5.300084E+04  2.033883E+03
  1.400000E+01     1     5  1.486866E+05  1.172670E+02
  1.400000E+01     1     6  8.758996E+03  4.252729E+01
  1.400000E+01     1     7  5.955304E+01 -2.032830E+02
  1.400000E+01     1     8 -4.627432E+01 -5.059702E+01
  1.400000E+01     1     9 -1.004918E+02 -3.093136E+01
  1.400000E+01     1    10 -4.638317E+02 -4.960648E+02
  1.400000E+01     1    11 -6.287289E+02  1.998326E+03
  1.400000E+01     1    12 -1.483400E+01 -1.597012E+01
  1.400000E+01     1    13 -1.878817E+02 -2.003687E+02
  1.400000E+01     1    14 -8.282955E+01 -1.833945E+02
  1.400000E+01     1    15 -1.137751E+02  1.522224E+02
  1.400000E+01     1    16 -8.168949E+02 -1.834613E+03
  1.400000E+01     1    17  1.881846E+03  2.033193E+03
  1.400000E+01     1    18 -2.738834E+01 -5.156081E+01
  1.400000E+01     1    19  3.642623E+03  1.769965E+02
  1.400000E+01     1    20  2.703225E+03  4.079944E+02
  1.400000E+01     1    21 -5.185445E+03 -7.633148E+02
  1.400000E+01     1    22  2.501875E+04  7.932774E+03
  1.400000E+01     1    23 -2.088013E+05 -3.493126E+03
  1.400000E+01     1    24 -9.929720E+04 -4.702947E+01
  1.400000E+01     1    25  1.047993E+02  2.438073E+01
  1.400000E+01     1    26  5.483408E+01  4.572005E+01
  1.400000E+01     1    27  2.566304E+01  7.674184E+01
  1.400000E+01     1    28  3.848636E+02  3.225138E+02
  1.400000E+01     1    29 -7.331044E+02 -1.737932E+02
  1.400000E+01     1    30 -9.248745E-01 -1.349872E+00
  1.400000E+01     2     1 -8.804418E+03  2.795112E+00
  1.400000E+01     2     2  6.656652E+03  2.191575E+02
  1.400000E+01     2     3 -1.754946E+03  9.511002E+01
  1.400000E+01     2     4  8.052187E+04  2.041585E+03
  1.400000E+01     2     5  1.326027E+05 -4.320813E+02
  1.400000E+01     2     6  3.898685E+03  3.118923E+01
  1.400000E+01     2     7  5.367777E+01 -9.777055E+01
  1.400000E+01     2     8 -2.885377E+01 -9.340520E+01
  1.400000E+01     2     9 -3.397219E+01 -3.651224E+01
  1.400000E+01     2    10 -2.858635E+02 -9.261163E+02
  1.400000E+01     2    11 -5.472235E+02  9.390415E+02
  1.400000E+01     2    12 -9.823840E+00 -2.825456E+01
  1.400000E+01     2    13 -1.828487E+02 -9.822740E+01
  1.400000E+01     2    14 -8.756351E+01 -1.379430E+02
  1.400000E+01     2    15 -5.515471E+01  1.381872E+02
  1.400000E+01     2    16 -8.601525E+02 -1.388483E+03
  1.400000E+01     2    17  1.844250E+03  9.796673E+02
  1.400000E+01     2    18 -2.813339E+01 -3.680656E+01
  1.400000E+01     2    19  4.478592E+03  3.082949E+00
  1.400000E+01     2    20  9.140431E+02  3.895216E+02
  1.400000E+01     2    21 -2.677183E+03 -4.054608E+02
  1.400000E+01     2    22  1.645056E+04  7.663660E+03
  1.400000E+01     2    23 -1.063235E+05  3.523688E+02
  1.400000E+01     2    24 -1.205643E+04  1.095235E+02
  1.400000E+01     2    25  6.004947E+01  4.164280E+00
  1.400000E+01     2    26  4.903695E+01  4.444613E+01
  1.400000E+01     2    27  2.619184E+01  4.235199E+01
  1.400000E+01     2    28  3.436063E+02  3.135744E+02
  1.400000E+01     2    29 -4.202557E+02 -3.105369E+01
  1.400000E+01     2    30 -7.368749E-01 -7.255800E-01
  1.400000E+01     3     1  8.697949E+03  5.863081E+01
  1.400000E+01     3     2 -1.834080E+03 -1.080599E+02
  1.400000E+01     3     3  3.074306E+03  1.956571E+01
  1.400000E+01     3     4 -2.197315E+04 -1.015673E+03
  1.400000E+01     3     5 -1.353786E+05 -5.651185E+02
  1.400000E+01     3     6 -4.089884E+03 -2.877300E+01
  1.400000E+01     3     7  1.919307E+01  2.204639E+01
  1.400000E+01     3     8 -2.489507E+00  7.711176E+01
  1.400000E+01     3     9 -9.299295E+00 -2.376731E+00
  1.400000E+01     3    10 -2.430045E+01  7.677043E+02
  1.400000E+01     3    11 -1.933335E+02 -2.023342E+02
  1.400000E+01     3    12  6.220040E-01  2.307689E+01
  1.400000E+01     3    13  1.372391E+02  2.025854E+01
  1.400000E+01     3    14  6.263851E+01  3.272374E+01
  1.400000E+01     3    15 -3.096618E+00 -8.836829E+01
  1.400000E+01     3    16  6.128359E+02  3.286790E+02
  1.400000E+01     3    17 -1.404870E+03 -2.098488E+02
  1.400000E+01     3    18  1.995613E+01  8.494317E+00
  1.400000E+01     3    19 -4.531592E+03  1.016549E+02
  1.400000E+01     3    20 -1.482948E+03 -1.933476E+02
  1.400000E+01     3    21  3.499828E+03  1.616941E+02
  1.400000E+01     3    22 -1.242362E+04 -3.733465E+03
  1.400000E+01     3    23  1.364719E+05 -2.413254E+03
  1.400000E+01     3    24  5.923591E+04  1.551712E+02
  1.400000E+01     3    25 -4.211179E+01  1.256508E+01
  1.400000E+01     3    26 -2.600462E+01 -2.148657E+01
  1.400000E+01     3    27 -3.770856E+01 -1.625609E+01
  1.400000E+01     3    28 -1.823443E+02 -1.513713E+02
  1.400000E+01     3    29  2.912331E+02 -8.787444E+01
  1.400000E+01     3    30  9.470131E-01  2.576253E-01
  1.400000E+01     4     1 -1.401110E+05 -5.338301E+02
  1.400000E+01     4     2  8.701580E+04  2.877606E+03
  1.400000E+01     4     3 -2.833972E+04  1.408536E+03
  1.400000E+01     4     4  1.198637E+06  2.679051E+04
  1.400000E+01     4     5  2.102680E+06  1.713728E+03
  1.400000E+01     4     6  5.925891E+04  5.446374E+02
  1.400000E+01     4     7  5.165942E+02 -1.589489E+03
  1.400000E+01     4     8 -2.936137E+02 -1.149215E+03
  1.400000E+01     4     9 -5.897867E+02 -3.259852E+02
  1.400000E+01     4    10 -2.897967E+03 -1.138381E+04
  1.400000E+01     4    11 -5.337876E+03  1.542359E+04
  1.400000E+01     4    12 -1.054218E+02 -3.499995E+02
  1.400000E+01     4    13 -2.575979E+03 -1.599942E+03
  1.400000E+01     4    14 -1.239957E+03 -1.854889E+03
  1.400000E+01     4    15 -8.480443E+02  1.958784E+03
  1.400000E+01     4    16 -1.217809E+04 -1.861836E+04
  1.400000E+01     4    17  2.599376E+04  1.614207E+04
  1.400000E+01     4    18 -3.970280E+02 -5.045779E+02
  1.400000E+01     4    19  7.093943E+04  3.222493E+02
  1.400000E+01     4    20  1.157344E+04  5.151263E+03
  1.400000E+01     4    21 -4.218620E+04 -6.703354E+03
  1.400000E+01     4    22  2.220263E+05  1.003591E+05
  1.400000E+01     4    23 -1.667164E+06 -1.643764E+03
  1.400000E+01     4    24 -9.467952E+04 -7.580897E+02
  1.400000E+01     4    25  9.624532E+02  7.064231E+01
  1.400000E+01     4    26  6.447604E+02  5.799327E+02
  1.400000E+01     4    27  4.173156E+02  6.824633E+02
  1.400000E+01     4    28  4.520652E+03  4.091050E+03
  1.400000E+01     4    29 -6.731555E+03 -5.202973E+02
  1.400000E+01     4    30 -1.172940E+01 -1.173019E+01
  1.400000E+01     5     1  1.782724E+05  2.502368E+03
  1.400000E+01     5     2 -7.335102E+04 -3.879156E+03
  1.400000E+01     5     3  5.589752E+04 -3.649367E+03
  1.400000E+01     5     4 -9.848064E+05 -3.589225E+04
  1.400000E+01     5     5 -2.555152E+06 -2.538511E+04
  1.400000E+01     5     6 -1.440228E+05 -1.169309E+03
  1.400000E+01     5     7 -3.873632E+02  4.043727E+03
  1.400000E+01     5     8  3.711530E+02  8.312916E+02
  1.400000E+01     5     9  1.886136E+03  2.627464E+01
  1.400000E+01     5    10  3.722479E+03  8.137465E+03
  1.400000E+01     5    11  4.440600E+03 -3.995389E+04
  1.400000E+01     5    12  1.346433E+02  2.681483E+02
  1.400000E+01     5    13  3.843303E+03  4.047181E+03
  1.400000E+01     5    14  1.812125E+03  3.152021E+03
  1.400000E+01     5    15  2.125094E+03 -3.097532E+03
  1.400000E+01     5    16  1.788665E+04  3.141318E+04
  1.400000E+01     5    17 -3.860430E+04 -4.144380E+04
  1.400000E+01     5    18  5.854654E+02  9.053470E+02
  1.400000E+01     5    19 -5.680021E+04 -3.160968E+03
  1.400000E+01     5    20 -4.153351E+04 -7.191358E+03
  1.400000E+01     5    21  9.301717E+04  1.627355E+04
  1.400000E+01     5    22 -4.093054E+05 -1.368097E+05
  1.400000E+01     5    23  3.643446E+06  6.244899E+04
  1.400000E+01     5    24  1.437090E+06  7.891571E+03
  1.400000E+01     5    25 -2.136174E+03 -3.737020E+02
  1.400000E+01     5    26 -9.295824E+02 -7.824933E+02
  1.400000E+01     5    27 -6.731627E+02 -1.600823E+03
  1.400000E+01     5    28 -6.528193E+03 -5.518766E+03
  1.400000E+01     5    29  1.494636E+04  2.667496E+03
  1.400000E+01     5    30  2.104323E+01  2.801241E+01
  1.400000E+01     6     1  5.007347E+03  1.078969E+02
  1.400000E+01     6     2 -2.865034E+03 -7.643613E+01
  1.400000E+01     6     3  1.418408E+03 -6.071686E+01
  1.400000E+01     6     4 -4.497291E+04 -7.091279E+02
  1.400000E+01     6     5 -7.066174E+04 -1.259343E+03
  1.400000E+01     6     6  2.977259E+02 -3.665745E+01
  1.400000E+01     6     7  1.902662E+01  8.993868E+01
  1.400000E+01     6     8 -6.797910E+00  1.945814E+01
  1.400000E+01     6     9  3.687280E+01 -1.746299E+01
  1.400000E+01     6    10 -7.092167E+01  1.909785E+02
  1.400000E+01     6    11 -1.811047E+02 -8.924612E+02
  1.400000E+01     6    12 -1.234942E+00  6.313894E+00
  1.400000E+01     6    13  9.828362E+01  9.201611E+01
  1.400000E+01     6    14  4.668403E+01  5.422343E+01
  1.400000E+01     6    15  4.179320E+01 -7.534785E+01
  1.400000E+01     6    16  4.550160E+02  5.356747E+02
  1.400000E+01     6    17 -9.958295E+02 -9.527424E+02
  1.400000E+01     6    18  1.477616E+01  1.632017E+01
  1.400000E+01     6    19 -1.291602E+03 -4.946019E+01
  1.400000E+01     6    20  1.045864E+03 -1.415211E+02
  1.400000E+01     6    21  2.372211E+03  3.984255E+02
  1.400000E+01     6    22 -5.181180E+02 -2.588969E+03
  1.400000E+01     6    23  8.926843E+04  9.598808E+02
  1.400000E+01     6    24 -7.278561E+04  3.821420E+02
  1.400000E+01     6    25 -5.437440E+01 -3.854954E+00
  1.400000E+01     6    26 -1.707417E+01 -1.462080E+01
  1.400000E+01     6    27 -2.417727E+01 -3.828214E+01
  1.400000E+01     6    28 -1.198812E+02 -1.030806E+02
  1.400000E+01     6    29  3.798013E+02  2.774160E+01
  1.400000E+01     6    30  6.660157E-01  6.618072E-01
  1.400000E+01     7     1  1.975915E+02  6.583839E+01
  1.400000E+01     7     2  3.179657E+01 -7.252789E+00
  1.400000E+01     7     3  2.363158E+01 -5.808694E+01
  1.400000E+01     7     4  2.972007E+02 -5.475863E+01
  1.400000E+01     7     5 -2.625615E+03 -8.245823E+02
  1.400000E+01     7     6 -4.238309E+01 -1.635377E+01
  1.400000E+01     7     7  2.723081E+04  1.034004E+02
  1.400000E+01     7     8  1.217828E+03 -1.062082E+01
  1.400000E+01     7     9  3.296375E+02  1.640127E+01
  1.400000E+01     7    10  2.910086E+04 -1.088857E+02
  1.400000E+01     7    11 -4.592942E+05 -1.021736E+03
  1.400000E+01     7    12 -4.948689E+03 -2.368626E+00
  1.400000E+01     7    13  8.090903E+01  4.386643E+01
  1.400000E+01     7    14 -4.844796E+01  1.546704E+01
  1.400000E+01     7    15  4.175313E+00 -5.337993E+01
  1.400000E+01     7    16 -5.086847E+02  1.514296E+02
  1.400000E+01     7    17 -8.836268E+02 -4.599816E+02
  1.400000E+01     7    18 -8.881361E+00  5.363921E+00
  1.400000E+01     7    19  9.711654E+03 -7.297051E+01
  1.400000E+01     7    20  2.125074E+04 -7.690111E+01
  1.400000E+01     7    21  1.192288E+03  2.694028E+02
  1.400000E+01     7    22  9.887470E+04 -1.650582E+03
  1.400000E+01     7    23 -3.589217E+04  1.643170E+03
  1.400000E+01     7    24  1.206083E+05  2.730551E+02
  1.400000E+01     7    25  1.400947E+01 -7.353186E+00
  1.400000E+01     7    26  3.113882E+01 -8.872218E+00
  1.400000E+01     7    27 -3.108359E+01 -2.549485E+01
  1.400000E+01     7    28  2.175920E+02 -6.289251E+01
  1.400000E+01     7    29 -9.839825E+01  5.231353E+01
  1.400000E+01     7    30  6.276649E-01  4.484442E-01
  1.400000E+01     8     1 -1.249286E+02 -7.021449E+01
  1.400000E+01     8     2 -8.998488E+00 -4.514575E+01
  1.400000E+01     8     3 -2.876451E+01  2.893232E+01
  1.400000E+01     8     4 -5.858109E+01 -4.134649E+02
  1.400000E+01     8     5  1.655446E+03  9.897710E+02
  1.400000E+01     8     6  2.854157E+01  1.003048E+01
  1.400000E+01     8     7 -4.730532E+03 -5.730555E+00
  1.400000E+01     8     8  5.356496E+03  1.202941E+02
  1.400000E+01     8     9 -4.853997E+01  1.459952E+01
  1.400000E+01     8    10  6.713208E+04  1.199398E+03
  1.400000E+01     8    11  8.371537E+04  8.756921E+01
  1.400000E+01     8    12  2.091423E+02  3.460459E+01
  1.400000E+01     8    13  6.023365E+01 -9.234021E+00
  1.400000E+01     8    14 -2.749977E+01 -4.942916E+01
  1.400000E+01     8    15 -1.501780E+00 -3.805353E+01
  1.400000E+01     8    16 -2.935772E+02 -5.021689E+02
  1.400000E+01     8    17 -6.521902E+02  7.303793E+01
  1.400000E+01     8    18 -4.606613E+00 -1.227838E+01
  1.400000E+01     8    19 -3.394757E+03  1.761062E+02
  1.400000E+01     8    20 -3.282660E+03 -1.040082E+02
  1.400000E+01     8    21 -3.229498E+01 -6.109541E+01
  1.400000E+01     8    22 -1.402373E+04 -2.093229E+03
  1.400000E+01     8    23  3.706278E+03 -3.608831E+03
  1.400000E+01     8    24  8.521899E+04 -5.455872E+02
  1.400000E+01     8    25  1.621915E+01  1.682886E+01
  1.400000E+01     8    26 -1.272510E+01 -1.219383E+01
  1.400000E+01     8    27 -1.781599E+00  4.355277E+00
  1.400000E+01     8    28 -8.895658E+01 -8.594412E+01
  1.400000E+01     8    29 -1.124430E+02 -1.179627E+02
  1.400000E+01     8    30  1.843482E-03 -1.024125E-01
  1.400000E+01     9     1  3.431734E+01 -1.630528E+02
  1.400000E+01     9     2  5.251065E+00 -2.304894E+01
  1.400000E+01     9     3 -4.426400E+01 -1.737947E+01
  1.400000E+01     9     4  5.859589E+01 -2.088532E+02
  1.400000E+01     9     5 -4.276064E+02  2.172433E+03
  1.400000E+01     9     6 -6.403123E+00  3.570526E+01
  1.400000E+01     9     7  1.662071E+02 -1.132052E+01
  1.400000E+01     9     8 -1.454813E+01 -8.115975E-01
  1.400000E+01     9     9  1.649220E+03  8.726281E+01
  1.400000E+01     9    10 -2.832824E+02 -9.355680E+00
  1.400000E+01     9    11 -1.586135E+03  1.387877E+02
  1.400000E+01     9    12  3.874902E+01  3.276028E-02
  1.400000E+01     9    13  2.234030E+01 -7.517999E+01
  1.400000E+01     9    14 -6.823776E+00  4.384551E+01
  1.400000E+01     9    15 -4.631349E+01 -1.011422E+00
  1.400000E+01     9    16 -7.133229E+01  4.621821E+02
  1.400000E+01     9    17 -2.367842E+02  8.212941E+02
  1.400000E+01     9    18 -7.014297E-01  8.139115E+00
  1.400000E+01     9    19 -2.655692E+01 -1.786379E+01
  1.400000E+01     9    20 -7.354146E+01 -9.232094E+01
  1.400000E+01     9    21  6.872062E+02 -2.462888E+02
  1.400000E+01     9    22  1.520434E+04 -2.396889E+03
  1.400000E+01     9    23 -8.768030E+03  2.322550E+02
  1.400000E+01     9    24 -8.719631E+02 -6.067869E+02
  1.400000E+01     9    25 -6.083608E+00 -7.739776E+00
  1.400000E+01     9    26 -1.041563E+01 -1.412371E+01
  1.400000E+01     9    27 -1.485725E+01  2.123343E+01
  1.400000E+01     9    28 -7.542702E+01 -1.000122E+02
  1.400000E+01     9    29  4.438476E+01  5.499075E+01
  1.400000E+01     9    30  3.135420E-01 -3.599971E-01
  1.400000E+01    10     1 -1.161743E+03 -9.025051E+02
  1.400000E+01    10     2 -7.966946E+01 -4.630661E+02
  1.400000E+01    10     3 -3.401752E+02  2.572152E+02
  1.400000E+01    10     4 -4.895514E+02 -4.238526E+03
  1.400000E+01    10     5  1.542141E+04  1.253762E+04
  1.400000E+01    10     6  2.670151E+02  1.465749E+02
  1.400000E+01    10     7 -8.468732E+04 -8.012881E+01
  1.400000E+01    10     8  6.909811E+04  1.156082E+03
  1.400000E+01    10     9 -6.631196E+02  2.548538E+02
  1.400000E+01    10    10  1.032412E+06  1.152537E+04
  1.400000E+01    10    11  1.502660E+06  1.124895E+03
  1.400000E+01    10    12  7.669840E+02  3.327931E+02
  1.400000E+01    10    13  5.929600E+02 -1.903670E+02
  1.400000E+01    10    14 -2.617046E+02 -4.169730E+02
  1.400000E+01    10    15 -7.443619E+01 -3.591854E+02
  1.400000E+01    10    16 -2.795739E+03 -4.213803E+03
  1.400000E+01    10    17 -6.412018E+03  1.812385E+03
  1.400000E+01    10    18 -4.311669E+01 -1.073079E+02
  1.400000E+01    10    19 -6.369190E+04  1.671654E+03
  1.400000E+01    10    20 -5.745312E+04 -1.112365E+03
  1.400000E+01    10    21 -3.191285E+02 -9.409993E+02
  1.400000E+01    10    22 -2.271552E+05 -2.308731E+04
  1.400000E+01    10    23  1.203778E+05 -3.443621E+04
  1.400000E+01    10    24  1.599375E+06 -6.107481E+03
  1.400000E+01    10    25  1.374380E+02  1.514811E+02
  1.400000E+01    10    26 -1.398864E+02 -1.348081E+02
  1.400000E+01    10    27 -3.220250E+01  7.252445E+01
  1.400000E+01    10    28 -9.794881E+02 -9.507175E+02
  1.400000E+01    10    29 -9.511774E+02 -1.060886E+03
  1.400000E+01    10    30  2.694930E-01 -1.504900E+00
  1.400000E+01    11     1 -1.828032E+03 -1.338161E+02
  1.400000E+01    11     2 -2.899638E+02  9.100151E+01
  1.400000E+01    11     3 -9.093805E+01  5.526628E+02
  1.400000E+01    11     4 -2.716097E+03  7.280644E+02
  1.400000E+01    11     5  2.421319E+04  1.388567E+03
  1.400000E+01    11     6  3.899659E+02  4.126269E+01
  1.400000E+01    11     7 -4.665136E+05 -8.317533E+02
  1.400000E+01    11     8 -2.573925E+04  1.706813E+02
  1.400000E+01    11     9 -4.101106E+03 -3.707660E+02
  1.400000E+01    11    10 -5.893344E+05  1.730246E+03
  1.400000E+01    11    11  8.183212E+06  8.164356E+03
  1.400000E+01    11    12  9.291999E+04  4.270911E+01
  1.400000E+01    11    13 -6.828796E+02 -1.624336E+02
  1.400000E+01    11    14  3.958120E+02 -2.822142E+02
  1.400000E+01    11    15  9.130910E+01  4.169390E+02
  1.400000E+01    11    16  4.157004E+03 -2.866146E+03
  1.400000E+01    11    17  7.441239E+03  1.594966E+03
  1.400000E+01    11    18  7.161919E+01 -7.518072E+01
  1.400000E+01    11    19 -1.735714E+05  7.762896E+02
  1.400000E+01    11    20 -3.869068E+05  8.217040E+02
  1.400000E+01    11    21 -1.443598E+04 -1.586400E+03
  1.400000E+01    11    22 -1.659822E+06  1.888820E+04
  1.400000E+01    11    23  5.772067E+05 -1.679202E+04
  1.400000E+01    11    24 -2.364358E+06 -9.041750E+02
  1.400000E+01    11    25 -7.943913E+01  9.444322E+01
  1.400000E+01    11    26 -2.393893E+02  1.043026E+02
  1.400000E+01    11    27  2.954042E+02  1.549870E+02
  1.400000E+01    11    28 -1.662225E+03  7.396358E+02
  1.400000E+01    11    29  5.545471E+02 -6.705296E+02
  1.400000E+01    11    30 -6.059467E+00 -2.784274E+00
  1.400000E+01    12     1 -4.496619E+01  1.471218E+01
  1.400000E+01    12     2 -3.835871E+00 -9.898588E+00
  1.400000E+01    12     3  1.414480E+00  1.240438E+01
  1.400000E+01    12     4 -2.892597E+01 -9.105919E+01
  1.400000E+01    12     5  5.933095E+02 -1.766888E+02
  1.400000E+01    12     6  1.008767E+01 -5.005206E+00
  1.400000E+01    12     7  3.300658E+03  2.837707E+00
  1.400000E+01    12     8 -7.052394E+02  3.805043E+01
  1.400000E+01    12     9  1.401339E+02 -1.343863E+01
  1.400000E+01    12    10 -1.422572E+04  3.795824E+02
  1.400000E+01    12    11 -5.540099E+04 -2.389230E+01
  1.400000E+01    12    12  3.626990E+03  1.092130E+01
  1.400000E+01    12    13  1.757556E+01  1.323348E+01
  1.400000E+01    12    14 -9.840720E+00 -2.487308E+01
  1.400000E+01    12    15  8.742671E+00 -1.376877E+01
  1.400000E+01    12    16 -1.046502E+02 -2.562396E+02
  1.400000E+01    12    17 -1.919716E+02 -1.535098E+02
  1.400000E+01    12    18 -1.806183E+00 -5.585407E+00
  1.400000E+01    12    19  3.260079E+03  5.907725E+01
  1.400000E+01    12    20  1.706999E+03 -1.595738E+01
  1.400000E+01    12    21  5.670036E+00  3.864524E+01
  1.400000E+01    12    22  3.234494E+03 -2.113830E+02
  1.400000E+01    12    23 -9.243119E+03 -1.182688E+03
  1.400000E+01    12    24 -1.018781E+05 -3.057834E+01
  1.400000E+01    12    25  8.005635E+00  6.979882E+00
  1.400000E+01    12    26 -6.586328E-01 -1.173812E+00
  1.400000E+01    12    27  1.508949E+00 -3.658106E+00
  1.400000E+01    12    28 -4.521541E+00 -8.185810E+00
  1.400000E+01    12    29 -5.591024E+01 -4.907090E+01
  1.400000E+01    12    30 -2.990533E-02  5.307686E-02
  1.400000E+01    13     1  1.304019E+02  1.705048E+02
  1.400000E+01    13     2 -5.442440E+01 -6.329749E+00
  1.400000E+01    13     3  2.701606E+01 -6.025342E+01
  1.400000E+01    13     4 -4.855092E+02 -5.495121E+01
  1.400000E+01    13     5 -1.575075E+03 -2.216392E+03
  1.400000E+01    13     6 -3.767707E+01 -4.247424E+01
  1.400000E+01    13     7  1.071562E+02  8.635741E+01
  1.400000E+01    13     8  6.606466E+01  8.608175E+00
  1.400000E+01    13     9  2.635909E+01 -8.311290E+01
  1.400000E+01    13    10  6.525458E+02  8.443942E+01
  1.400000E+01    13    11 -1.039046E+03 -8.805447E+02
  1.400000E+01    13    12  2.048296E+01  2.289919E+00
  1.400000E+01    13    13  4.723779E+03  1.584341E+02
  1.400000E+01    13    14  3.026343E+03 -1.906401E+01
  1.400000E+01    13    15  1.602336E+03 -1.528838E+01
  1.400000E+01    13    16  4.193906E+04 -2.233462E+02
  1.400000E+01    13    17  7.820256E+03 -1.683000E+03
  1.400000E+01    13    18 -6.767492E+02  8.866515E-01
  1.400000E+01    13    19  3.163701E+03 -5.759296E+01
  1.400000E+01    13    20  1.924453E+03  3.519013E+01
  1.400000E+01    13    21  2.032371E+03  4.787139E+02
  1.400000E+01    13    22 -3.998972E+03  1.376489E+03
  1.400000E+01    13    23 -4.604621E+03  1.501963E+03
  1.400000E+01    13    24  2.013696E+05  5.549476E+02
  1.400000E+01    13    25  3.272038E+01 -2.450273E+00
  1.400000E+01    13    26 -4.942238E+01  8.332701E+00
  1.400000E+01    13    27 -4.007825E+01 -4.413557E+01
  1.400000E+01    13    28 -3.449357E+02  5.908290E+01
  1.400000E+01    13    29 -2.255388E+02  1.726707E+01
  1.400000E+01    13    30  8.100560E-01  7.685513E-01
  1.400000E+01    14     1  7.043511E+01 -2.306572E+01
  1.400000E+01    14     2 -2.430118E+01 -4.797894E+01
  1.400000E+01    14     3  1.526598E+01 -4.657056E+01
  1.400000E+01    14     4 -2.291866E+02 -4.509446E+02
  1.400000E+01    14     5 -8.393093E+02  4.000435E+02
  1.400000E+01    14     6 -1.820539E+01 -9.205059E-01
  1.400000E+01    14     7 -5.093865E+01  8.814919E+00
  1.400000E+01    14     8 -2.342908E+01 -4.683459E+01
  1.400000E+01    14     9 -8.283483E-01  3.641149E+01
  1.400000E+01    14    10 -2.327966E+02 -4.688339E+02
  1.400000E+01    14    11  4.973662E+02 -8.772569E+01
  1.400000E+01    14    12 -7.567698E+00 -1.326871E+01
  1.400000E+01    14    13  5.853444E+03 -3.294095E+00
  1.400000E+01    14    14  5.683039E+03  1.208431E+02
  1.400000E+01    14    15 -1.623769E+02 -1.247215E+01
  1.400000E+01    14    16  7.700527E+04  1.231775E+03
  1.400000E+01    14    17 -1.126022E+05  8.860887E+01
  1.400000E+01    14    18 -1.149386E+03  2.896663E+01
  1.400000E+01    14    19  4.442292E+03 -1.292685E+02
  1.400000E+01    14    20 -4.132001E+03 -9.190323E+01
  1.400000E+01    14    21  3.326114E+01  2.654818E+01
  1.400000E+01    14    22 -2.403865E+04 -1.993583E+03
  1.400000E+01    14    23 -1.488404E+04  2.382251E+03
  1.400000E+01    14    24  1.125803E+05 -9.271029E+01
  1.400000E+01    14    25 -1.550914E+01 -1.585389E+01
  1.400000E+01    14    26 -1.250838E+01 -1.173571E+01
  1.400000E+01    14    27  7.871485E-01 -3.596718E+00
  1.400000E+01    14    28 -8.786993E+01 -8.301550E+01
  1.400000E+01    14    29  1.082167E+02  1.119801E+02
  1.400000E+01    14    30  6.077962E-03  8.204380E-02
  1.400000E+01    15     1  3.664599E+01 -9.363486E+01
  1.400000E+01    15     2 -9.749009E+00  3.965520E+01
  1.400000E+01    15     3 -4.333599E+01 -2.200347E+00
  1.400000E+01    15     4 -9.641994E+01  3.646607E+02
  1.400000E+01    15     5 -4.675361E+02  1.129945E+03
  1.400000E+01    15     6 -1.089804E+01  2.704896E+01
  1.400000E+01    15     7  2.083951E+01 -6.628446E+01
  1.400000E+01    15     8  7.382755E+00 -4.049681E+01
  1.400000E+01    15     9 -4.586716E+01 -9.167457E-01
  1.400000E+01    15    10  7.373706E+01 -4.019488E+02
  1.400000E+01    15    11 -2.193586E+02  6.471563E+02
  1.400000E+01    15    12  1.467450E+00 -1.260253E+01
  1.400000E+01    15    13  1.523206E+02 -1.226332E+01
  1.400000E+01    15    14  1.455282E+01 -1.206885E-01
  1.400000E+01    15    15  1.612240E+03  8.816173E+01
  1.400000E+01    15    16  4.116650E+02  6.412449E-01
  1.400000E+01    15    17 -2.473091E+03  1.442265E+02
  1.400000E+01    15    18  1.435379E+01 -3.552183E-01
  1.400000E+01    15    19 -2.224806E+01 -4.998633E+01
  1.400000E+01    15    20  4.508792E+01  1.292715E+02
  1.400000E+01    15    21  6.753999E+02 -2.277036E+02
  1.400000E+01    15    22 -1.600678E+04  2.632398E+03
  1.400000E+01    15    23 -9.159108E+03  1.108921E+03
  1.400000E+01    15    24  8.797217E+02 -3.345863E+02
  1.400000E+01    15    25 -6.201654E+00 -8.153563E+00
  1.400000E+01    15    26  1.055504E+01  1.455672E+01
  1.400000E+01    15    27 -1.437890E+01  2.141710E+01
  1.400000E+01    15    28  7.631161E+01  1.028242E+02
  1.400000E+01    15    29  4.447712E+01  5.687667E+01
  1.400000E+01    15    30  3.116624E-01 -3.545626E-01
  1.400000E+01    16     1  6.361818E+02 -7.994749E+01
  1.400000E+01    16     2 -2.162268E+02 -4.955362E+02
  1.400000E+01    16     3  2.013726E+02 -4.373348E+02
  1.400000E+01    16     4 -2.031336E+03 -4.647889E+03
  1.400000E+01    16     5 -7.566926E+03  2.079471E+03
  1.400000E+01    16     6 -1.624400E+02 -4.652494E+01
  1.400000E+01    16     7 -4.830326E+02  1.669482E+02
  1.400000E+01    16     8 -2.168006E+02 -3.924816E+02
  1.400000E+01    16     9  4.418417E+01  3.299840E+02
  1.400000E+01    16    10 -2.156543E+03 -3.932802E+03
  1.400000E+01    16    11  4.735097E+03 -1.650784E+03
  1.400000E+01    16    12 -6.918192E+01 -1.099531E+02
  1.400000E+01    16    13  1.023735E+05  3.522818E-01
  1.400000E+01    16    14  7.509047E+04  1.132880E+03
  1.400000E+01    16    15 -2.856271E+03 -2.213767E+02
  1.400000E+01    16    16  1.209964E+06  1.154218E+04
  1.400000E+01    16    17 -1.967794E+06  4.823839E+02
  1.400000E+01    16    18 -2.336915E+04  2.725006E+02
  1.400000E+01    16    19  8.106141E+04 -1.160202E+03
  1.400000E+01    16    20 -7.035068E+04 -1.004707E+03
  1.400000E+01    16    21  4.624988E+02  5.698866E+02
  1.400000E+01    16    22 -3.920122E+05 -2.151866E+04
  1.400000E+01    16    23 -3.056417E+05  2.119784E+04
  1.400000E+01    16    24  2.085681E+06 -3.934545E+02
  1.400000E+01    16    25 -1.274512E+02 -1.390483E+02
  1.400000E+01    16    26 -1.346106E+02 -1.255594E+02
  1.400000E+01    16    27  1.739722E+01 -6.371566E+01
  1.400000E+01    16    28 -9.475286E+02 -8.880203E+02
  1.400000E+01    16    29  8.883105E+02  9.829591E+02
  1.400000E+01    16    30 -1.696396E-01  1.269255E+00
  1.400000E+01    17     1 -1.416342E+03 -1.992290E+03
  1.400000E+01    17     2  5.705928E+02  4.679573E+01
  1.400000E+01    17     3 -3.235471E+02  6.292261E+02
  1.400000E+01    17     4  5.057951E+03  3.865531E+02
  1.400000E+01    17     5  1.713954E+04  2.594412E+04
  1.400000E+01    17     6  4.067901E+02  4.918260E+02
  1.400000E+01    17     7 -1.251917E+03 -9.964475E+02
  1.400000E+01    17     8 -7.479047E+02 -1.475905E+02
  1.400000E+01    17     9 -3.232003E+02  9.578647E+02
  1.400000E+01    17    10 -7.382873E+03 -1.454976E+03
  1.400000E+01    17    11  1.213939E+04  1.014890E+04
  1.400000E+01    17    12 -2.322901E+02 -4.100621E+01
  1.400000E+01    17    13 -5.467882E+04 -1.769072E+03
  1.400000E+01    17    14 -5.153862E+04  3.090620E+02
  1.400000E+01    17    15 -2.840993E+04  2.168960E+02
  1.400000E+01    17    16 -6.966286E+05  3.473187E+03
  1.400000E+01    17    17 -4.015269E+05  1.884533E+04
  1.400000E+01    17    18  7.823578E+03  1.337176E+01
  1.400000E+01    17    19 -5.209410E+04  5.158664E+02
  1.400000E+01    17    20 -3.725688E+04 -3.963252E+02
  1.400000E+01    17    21 -2.978520E+04 -5.463461E+03
  1.400000E+01    17    22 -1.214642E+05 -1.551757E+04
  1.400000E+01    17    23 -3.780835E+04 -1.430872E+04
  1.400000E+01    17    24 -3.445476E+06 -6.552017E+03
  1.400000E+01    17    25 -4.093914E+02  9.736935E+00
  1.400000E+01    17    26  5.792572E+02 -9.456933E+01
  1.400000E+01    17    27  4.602553E+02  5.026946E+02
  1.400000E+01    17    28  4.034928E+03 -6.706493E+02
  1.400000E+01    17    29  2.816823E+03 -6.852742E+01
  1.400000E+01    17    30 -9.652184E+00 -8.726561E+00
  1.400000E+01    18     1  2.770775E+01 -3.260009E+01
  1.400000E+01    18     2 -1.033224E+01 -9.917462E+00
  1.400000E+01    18     3 -4.635599E+00 -1.646074E+01
  1.400000E+01    18     4 -9.911652E+01 -9.464853E+01
  1.400000E+01    18     5 -3.315083E+02  4.436700E+02
  1.400000E+01    18     6 -7.486312E+00  6.335703E+00
  1.400000E+01    18     7 -1.865155E+01 -1.097301E+01
  1.400000E+01    18     8 -1.004019E+01 -2.464705E+01
  1.400000E+01    18     9 -8.568898E+00  1.613090E+01
  1.400000E+01    18    10 -9.964652E+01 -2.461054E+02
  1.400000E+01    18    11  1.791007E+02  1.077843E+02
  1.400000E+01    18    12 -3.373904E+00 -7.179331E+00
  1.400000E+01    18    13 -4.296955E+03 -7.847015E+00
  1.400000E+01    18    14 -2.403170E+02  4.375449E+01
  1.400000E+01    18    15  5.848039E+01  1.245753E+01
  1.400000E+01    18    16 -7.855604E+03  4.472281E+02
  1.400000E+01    18    17  7.924316E+04  1.054382E+02
  1.400000E+01    18    18  3.894158E+03  1.028368E+01
  1.400000E+01    18    19 -3.512736E+03 -5.476999E+01
  1.400000E+01    18    20  2.850137E+03 -1.070097E+01
  1.400000E+01    18    21 -5.382386E+01 -4.700737E+01
  1.400000E+01    18    22  1.319964E+04 -2.846235E+02
  1.400000E+01    18    23  1.524132E+04  1.036127E+03
  1.400000E+01    18    24 -8.202356E+04 -1.163076E+02
  1.400000E+01    18    25 -8.681438E+00 -7.309945E+00
  1.400000E+01    18    26 -9.614953E-01 -1.854995E+00
  1.400000E+01    18    27 -8.838969E-01  3.973126E+00
  1.400000E+01    18    28 -6.653955E+00 -1.315475E+01
  1.400000E+01    18    29  6.081218E+01  5.150084E+01
  1.400000E+01    18    30  2.626300E-02 -5.861690E-02
  1.400000E+01    19     1  2.160893E+04  4.919791E+02
  1.400000E+01    19     2 -5.384571E+03 -3.422552E+02
  1.400000E+01    19     3  4.736124E+03 -1.151786E+02
  1.400000E+01    19     4 -6.684404E+04 -3.181161E+03
  1.400000E+01    19     5 -3.239686E+05 -5.771880E+03
  1.400000E+01    19     6 -1.312249E+04 -1.658561E+02
  1.400000E+01    19     7  1.596059E+04  3.347556E+02
  1.400000E+01    19     8 -5.770764E+02  2.627073E+02
  1.400000E+01    19     9  2.918401E+02 -1.181154E+02
  1.400000E+01    19    10 -7.389570E+03  2.610115E+03
  1.400000E+01    19    11 -2.826297E+05 -3.298701E+03
  1.400000E+01    19    12 -1.488784E+03  7.883015E+01
  1.400000E+01    19    13  6.267373E+03  3.520076E+02
  1.400000E+01    19    14  3.055444E+03  6.064165E+01
  1.400000E+01    19    15  7.333962E+02 -3.775786E+02
  1.400000E+01    19    16  5.145793E+04  5.528981E+02
  1.400000E+01    19    17 -8.256113E+04 -3.734359E+03
  1.400000E+01    19    18 -2.277514E+03  2.669086E+01
  1.400000E+01    19    19  1.002430E+04  1.734495E+02
  1.400000E+01    19    20  6.154719E+03 -6.411110E+02
  1.400000E+01    19    21  9.543233E+03  1.593589E+03
  1.400000E+01    19    22  5.743940E+02 -1.158871E+04
  1.400000E+01    19    23  2.988735E+05 -3.805187E+03
  1.400000E+01    19    24  3.522690E+05  1.527131E+03
  1.400000E+01    19    25 -4.983897E+01  2.903409E+01
  1.400000E+01    19    26 -8.891078E+01 -6.522470E+01
  1.400000E+01    19    27 -7.956038E+01 -1.524966E+02
  1.400000E+01    19    28 -6.309808E+02 -4.593768E+02
  1.400000E+01    19    29  1.612551E+02 -2.017092E+02
  1.400000E+01    19    30  2.454983E+00  2.578714E+00
  1.400000E+01    20     1  1.581826E+04  2.263173E+02
  1.400000E+01    20     2 -4.507590E+03 -6.811946E+01
  1.400000E+01    20     3  3.173695E+03 -1.033734E+02
  1.400000E+01    20     4 -6.225489E+04 -6.394470E+02
  1.400000E+01    20     5 -2.378422E+05 -2.828963E+03
  1.400000E+01    20     6 -5.828630E+03 -6.448171E+01
  1.400000E+01    20     7  1.834263E+04  1.088761E+02
  1.400000E+01    20     8  1.766576E+03 -3.932198E+01
  1.400000E+01    20     9  1.234150E+02 -8.684908E+01
  1.400000E+01    20    10  3.849931E+04 -3.946011E+02
  1.400000E+01    20    11 -3.275130E+05 -1.115357E+03
  1.400000E+01    20    12 -4.905110E+03 -1.100447E+01
  1.400000E+01    20    13  2.770171E+03  1.920735E+02
  1.400000E+01    20    14 -1.993195E+03  7.650335E+01
  1.400000E+01    20    15 -1.238648E+03 -4.426659E+01
  1.400000E+01    20    16 -2.328660E+04  7.432446E+02
  1.400000E+01    20    17 -1.108589E+05 -1.995480E+03
  1.400000E+01    20    18 -2.554001E+02  2.522700E+01
  1.400000E+01    20    19 -1.587370E+03 -1.680846E+02
  1.400000E+01    20    20  1.569827E+04 -4.446929E+01
  1.400000E+01    20    21  4.196909E+03  6.574604E+02
  1.400000E+01    20    22  3.101405E+04 -1.249149E+02
  1.400000E+01    20    23  1.633499E+05  3.509097E+03
  1.400000E+01    20    24  6.664288E+04  9.430495E+02
  1.400000E+01    20    25 -1.270127E+02 -1.368504E+01
  1.400000E+01    20    26  9.268523E+01 -4.708225E-01
  1.400000E+01    20    27 -3.890957E+01 -6.160965E+01
  1.400000E+01    20    28  8.306632E+02 -2.848216E+00
  1.400000E+01    20    29  8.830343E+02  9.650931E+01
  1.400000E+01    20    30  1.346988E+00  1.082942E+00
  1.400000E+01    21     1 -5.373021E+03  6.157530E+02
  1.400000E+01    21     2  1.525259E+03  3.958947E+01
  1.400000E+01    21     3 -4.170958E+02 -1.072019E+02
  1.400000E+01    21     4  1.913889E+04  3.870269E+02
  1.400000E+01    21     5  8.865230E+04 -8.058931E+03
  1.400000E+01    21     6  2.800181E+03 -1.405594E+02
  1.400000E+01    21     7  9.682721E+02  2.903379E+02
  1.400000E+01    21     8  3.297114E+01 -2.622330E+01
  1.400000E+01    21     9  6.070385E+02 -2.006864E+02
  1.400000E+01    21    10  6.001103E+02 -2.657694E+02
  1.400000E+01    21    11 -1.084988E+04 -2.944605E+03
  1.400000E+01    21    12 -1.643871E+01 -6.600368E+00
  1.400000E+01    21    13  1.032194E+03  3.179460E+02
  1.400000E+01    21    14 -1.312672E+02 -6.192934E+01
  1.400000E+01    21    15  6.459647E+02 -1.389686E+02
  1.400000E+01    21    16 -2.085379E+03 -6.891377E+02
  1.400000E+01    21    17 -1.139159E+04 -3.420424E+03
  1.400000E+01    21    18  8.592008E+01 -4.211981E+00
  1.400000E+01    21    19  3.428626E+03 -1.493023E+02
  1.400000E+01    21    20  7.878553E+02  4.591204E+01
  1.400000E+01    21    21  2.160087E+04  1.384602E+03
  1.400000E+01    21    22  8.767048E+03  2.145307E+03
  1.400000E+01    21    23 -8.490774E+04  3.756201E+03
  1.400000E+01    21    24 -3.867186E+04  2.319515E+03
  1.400000E+01    21    25  3.496937E+01  1.134069E+00
  1.400000E+01    21    26  1.989660E+01  1.481701E+01
  1.400000E+01    21    27 -2.223676E+02 -1.254790E+02
  1.400000E+01    21    28  1.416379E+02  1.047257E+02
  1.400000E+01    21    29 -2.243166E+02 -7.878406E+00
  1.400000E+01    21    30 -2.276538E-01  2.171010E+00
  1.400000E+01    22     1  2.480443E+04  2.910040E+03
  1.400000E+01    22     2 -1.704510E+03  2.640091E+03
  1.400000E+01    22     3  5.322048E+03  4.428594E+02
  1.400000E+01    22     4 -4.980736E+04  2.438498E+04
  1.400000E+01    22     5 -3.649092E+05 -4.314891E+04
  1.400000E+01    22     6 -4.872812E+03 -3.361007E+02
  1.400000E+01    22     7  8.504173E+04 -9.810410E+02
  1.400000E+01    22     8  7.520924E+03 -1.786372E+03
  1.400000E+01    22     9  1.400211E+04 -2.477594E+03
  1.400000E+01    22    10  1.746071E+05 -1.772901E+04
  1.400000E+01    22    11 -1.385515E+06  8.573429E+03
  1.400000E+01    22    12 -1.962935E+04 -5.435802E+02
  1.400000E+01    22    13 -2.309801E+04  1.524783E+03
  1.400000E+01    22    14 -2.767619E+03 -1.672789E+03
  1.400000E+01    22    15 -2.055648E+04  2.419138E+03
  1.400000E+01    22    16  1.923724E+04 -1.736934E+04
  1.400000E+01    22    17 -9.100413E+03 -1.670795E+04
  1.400000E+01    22    18 -8.903489E+03 -3.517911E+02
  1.400000E+01    22    19  8.621194E+03 -1.549502E+03
  1.400000E+01    22    20  7.397489E+04  7.081978E+03
  1.400000E+01    22    21  3.664736E+03  1.406239E+03
  1.400000E+01    22    22  1.221802E+07  1.560163E+05
  1.400000E+01    22    23  9.184399E+04  4.012390E+04
  1.400000E+01    22    24  6.901461E+05  1.333989E+04
  1.400000E+01    22    25 -2.085514E+02 -4.432663E+01
  1.400000E+01    22    26  6.335328E+03  8.994135E+02
  1.400000E+01    22    27 -3.034174E+01 -5.740349E+01
  1.400000E+01    22    28  4.662584E+04  6.357100E+03
  1.400000E+01    22    29  1.179034E+03  2.796610E+02
  1.400000E+01    22    30  1.192260E+01  1.290911E+00
  1.400000E+01    23     1 -3.596245E+05 -6.676882E+03
  1.400000E+01    23     2  9.751450E+04  5.324374E+03
  1.400000E+01    23     3 -5.210918E+04  1.446986E+02
  1.400000E+01    23     4  1.239463E+06  4.965979E+04
  1.400000E+01    23     5  5.703174E+06  7.715938E+04
  1.400000E+01    23     6  1.803904E+05  2.335916E+03
  1.400000E+01    23     7 -6.477410E+04 -3.745490E+03
  1.400000E+01    23     8 -5.724317E+03 -4.961995E+03
  1.400000E+01    23     9 -1.003026E+04  1.674063E+03
  1.400000E+01    23    10 -6.984024E+04 -4.937477E+04
  1.400000E+01    23    11  1.076847E+06  3.654917E+04
  1.400000E+01    23    12  5.489962E+03 -1.477342E+03
  1.400000E+01    23    13 -3.816756E+04 -3.958423E+03
  1.400000E+01    23    14 -2.994507E+03 -1.394809E+02
  1.400000E+01    23    15 -1.358697E+04  5.760698E+03
  1.400000E+01    23    16 -5.863109E+04 -6.600638E+02
  1.400000E+01    23    17  4.170805E+05  4.247867E+04
  1.400000E+01    23    18  2.461726E+03 -1.662101E+02
  1.400000E+01    23    19  1.392775E+05 -5.516477E+03
  1.400000E+01    23    20  2.485419E+04  9.908476E+03
  1.400000E+01    23    21 -1.323943E+05 -1.953745E+04
  1.400000E+01    23    22  3.595860E+05  1.811033E+05
  1.400000E+01    23    23  6.817378E+06  1.205172E+05
  1.400000E+01    23    24 -2.636938E+06 -1.941857E+04
  1.400000E+01    23    25 -3.684725E+03 -7.635276E+02
  1.400000E+01    23    26  1.244145E+03  1.023878E+03
  1.400000E+01    23    27  1.071920E+03  1.874004E+03
  1.400000E+01    23    28  8.619033E+03  7.209853E+03
  1.400000E+01    23    29  2.773229E+04  5.338756E+03
  1.400000E+01    23    30 -1.800337E+01 -3.102417E+01
  1.400000E+01    24     1 -8.505581E+05 -9.396606E+03
  1.400000E+01    24     2  2.604893E+05  1.137607E+04
  1.400000E+01    24     3 -1.722015E+05  7.488081E+03
  1.400000E+01    24     4  3.575085E+06  1.057877E+05
  1.400000E+01    24     5  1.277699E+07  1.012405E+05
  1.400000E+01    24     6  3.179058E+05  3.883482E+03
  1.400000E+01    24     7 -2.567975E+05 -9.659309E+03
  1.400000E+01    24     8  9.051510E+04 -3.679013E+03
  1.400000E+01    24     9 -8.371229E+03  1.045439E+03
  1.400000E+01    24    10  1.575228E+06 -3.631809E+04
  1.400000E+01    24    11  4.495374E+06  9.535137E+04
  1.400000E+01    24    12 -5.830586E+04 -1.141307E+03
  1.400000E+01    24    13  3.402366E+05 -1.057487E+04
  1.400000E+01    24    14  8.780686E+04 -8.057574E+03
  1.400000E+01    24    15 -1.478265E+04  9.163844E+03
  1.400000E+01    24    16  1.815165E+06 -8.017490E+04
  1.400000E+01    24    17 -6.653436E+06  1.086539E+05
  1.400000E+01    24    18 -1.180927E+05 -2.314720E+03
  1.400000E+01    24    19  4.826328E+05  4.827357E+03
  1.400000E+01    24    20 -3.283174E+05  2.021873E+04
  1.400000E+01    24    21 -2.688566E+05 -4.371376E+04
  1.400000E+01    24    22 -6.689854E+05  3.776192E+05
  1.400000E+01    24    23 -1.132622E+07 -8.532973E+04
  1.400000E+01    24    24  1.267784E+07 -2.870829E+04
  1.400000E+01    24    25  5.987800E+03  4.747903E+02
  1.400000E+01    24    26  2.539084E+03  2.159933E+03
  1.400000E+01    24    27  2.559755E+03  4.271256E+03
  1.400000E+01    24    28  1.781127E+04  1.522770E+04
  1.400000E+01    24    29 -4.181992E+04 -3.432063E+03
  1.400000E+01    24    30 -7.303323E+01 -7.385802E+01
  1.400000E+01    25     1 -8.299358E+01  1.305358E+01
  1.400000E+01    25     2  2.403717E+00 -5.826917E-01
  1.400000E+01    25     3  7.249202E+00  1.898802E+01
  1.400000E+01    25     4  4.031230E+00 -6.486838E+00
  1.400000E+01    25     5  1.050452E+03 -1.698022E+02
  1.400000E+01    25     6  1.948993E+01 -3.067501E+00
  1.400000E+01    25     7  2.192603E+01 -5.580669E+00
  1.400000E+01    25     8  1.868977E+01  1.868661E+01
  1.400000E+01    25     9 -6.733840E+00 -7.711770E+00
  1.400000E+01    25    10  1.835240E+02  1.867429E+02
  1.400000E+01    25    11 -2.139316E+02  5.731256E+01
  1.400000E+01    25    12  5.893451E+00  5.415804E+00
  1.400000E+01    25    13  2.533249E+01 -4.381175E+00
  1.400000E+01    25    14 -2.075854E+01 -1.960874E+01
  1.400000E+01    25    15 -6.817258E+00 -7.381577E+00
  1.400000E+01    25    16 -2.159983E+02 -1.993109E+02
  1.400000E+01    25    17 -2.879096E+02  3.503029E+01
  1.400000E+01    25    18 -4.053350E+00 -4.923753E+00
  1.400000E+01    25    19  1.662947E+02  4.372810E+01
  1.400000E+01    25    20  5.934167E+00 -1.637587E+00
  1.400000E+01    25    21 -2.441229E+01 -5.054384E+00
  1.400000E+01    25    22  8.728275E+01  3.840433E+00
  1.400000E+01    25    23 -6.935866E+03 -9.041166E+02
  1.400000E+01    25    24 -5.293467E+02  2.851968E+01
  1.400000E+01    25    25  7.071776E+02  5.549827E+00
  1.400000E+01    25    26  1.919437E+00  7.612439E-02
  1.400000E+01    25    27  3.897725E+00  6.890086E-01
  1.400000E+01    25    28  4.566881E+01  5.938793E-01
  1.400000E+01    25    29 -5.032316E+03 -3.910914E+01
  1.400000E+01    25    30 -7.947930E-01 -1.970812E-02
  1.400000E+01    26     1  2.356878E+01  1.812076E+01
  1.400000E+01    26     2  1.582644E+01  1.712336E+01
  1.400000E+01    26     3  5.259294E+00  3.443783E+00
  1.400000E+01    26     4  1.354737E+02  1.583338E+02
  1.400000E+01    26     5 -3.516923E+02 -2.696703E+02
  1.400000E+01    26     6 -4.338316E+00 -1.980119E+00
  1.400000E+01    26     7  4.104482E+01 -5.931668E+00
  1.400000E+01    26     8 -1.119961E+01 -1.078107E+01
  1.400000E+01    26     9 -1.080565E+01 -1.504972E+01
  1.400000E+01    26    10 -1.117305E+02 -1.069845E+02
  1.400000E+01    26    11 -4.130137E+02  5.183691E+01
  1.400000E+01    26    12 -3.140901E+00 -3.280043E+00
  1.400000E+01    26    13 -4.225391E+01  8.484444E+00
  1.400000E+01    26    14 -1.069055E+01 -1.136289E+01
  1.400000E+01    26    15  1.128567E+01  1.466948E+01
  1.400000E+01    26    16 -1.016584E+02 -1.176027E+02
  1.400000E+01    26    17  4.381236E+02 -9.392885E+01
  1.400000E+01    26    18 -3.865983E+00 -2.455578E+00
  1.400000E+01    26    19 -1.037669E+01 -8.370251E+00
  1.400000E+01    26    20  1.472717E+02  4.408584E+01
  1.400000E+01    26    21  4.137018E+00  7.289402E+00
  1.400000E+01    26    22  6.553953E+03  9.660850E+02
  1.400000E+01    26    23  2.827119E+02  2.247588E+02
  1.400000E+01    26    24  1.646023E+02  8.286117E+01
  1.400000E+01    26    25  1.271971E+00 -1.190667E-01
  1.400000E+01    26    26  7.188660E+02  5.577853E+00
  1.400000E+01    26    27  1.261469E+00 -2.067021E-01
  1.400000E+01    26    28  5.150003E+03  3.942058E+01
  1.400000E+01    26    29 -2.946038E+01  6.368798E-01
  1.400000E+01    26    30 -3.206812E-01  5.212959E-03
  1.400000E+01    27     1  7.509320E-01  9.394270E-01
  1.400000E+01    27     2 -5.902190E-02 -7.899883E-02
  1.400000E+01    27     3  2.282296E-01 -2.296770E-01
  1.400000E+01    27     4 -4.208254E-01 -7.070640E-01
  1.400000E+01    27     5 -9.801167E+00 -1.203866E+01
  1.400000E+01    27     6 -1.937353E-01 -2.344692E-01
  1.400000E+01    27     7  3.740168E-01  5.127296E-01
  1.400000E+01    27     8 -1.870564E-03  1.017644E-02
  1.400000E+01    27     9  1.807742E-01 -2.741970E-01
  1.400000E+01    27    10 -4.855374E-02  9.114790E-02
  1.400000E+01    27    11 -3.683852E+00 -5.164146E+00
  1.400000E+01    27    12  5.105785E-03  5.355367E-03
  1.400000E+01    27    13  4.724521E-01  5.407432E-01
  1.400000E+01    27    14  2.164749E-02  6.968176E-03
  1.400000E+01    27    15  1.675645E-01 -3.063862E-01
  1.400000E+01    27    16  1.372421E-01 -2.732812E-02
  1.400000E+01    27    17 -5.059664E+00 -5.763830E+00
  1.400000E+01    27    18  1.987476E-02  2.007147E-02
  1.400000E+01    27    19  3.915209E-01 -2.492829E-01
  1.400000E+01    27    20  1.490920E-01 -1.916258E-01
  1.400000E+01    27    21 -6.890393E+01  2.377321E+00
  1.400000E+01    27    22 -2.167690E+01 -1.954698E+00
  1.400000E+01    27    23  1.139565E+01  5.880742E+00
  1.400000E+01    27    24  2.715498E+00  3.479960E+00
  1.400000E+01    27    25 -5.958602E-01 -3.064519E-03
  1.400000E+01    27    26 -6.748683E-01 -7.636191E-03
  1.400000E+01    27    27  7.143682E+01 -2.190894E-01
  1.400000E+01    27    28 -7.738512E+00 -5.357996E-02
  1.400000E+01    27    29  7.549867E+00  2.285318E-02
  1.400000E+01    27    30 -4.842218E-01  3.789578E-03
  1.400000E+01    28     1  1.711738E+02  1.333515E+02
  1.400000E+01    28     2  1.140597E+02  1.252518E+02
  1.400000E+01    28     3  3.872242E+01  2.545168E+01
  1.400000E+01    28     4  9.746614E+02  1.158098E+03
  1.400000E+01    28     5 -2.557250E+03 -1.983141E+03
  1.400000E+01    28     6 -3.184333E+01 -1.467835E+01
  1.400000E+01    28     7  2.994026E+02 -4.351435E+01
  1.400000E+01    28     8 -8.091655E+01 -7.857095E+01
  1.400000E+01    28     9 -8.133310E+01 -1.106659E+02
  1.400000E+01    28    10 -8.084948E+02 -7.796610E+02
  1.400000E+01    28    11 -3.016054E+03  3.803004E+02
  1.400000E+01    28    12 -2.265041E+01 -2.391225E+01
  1.400000E+01    28    13 -3.073116E+02  6.252059E+01
  1.400000E+01    28    14 -7.763673E+01 -8.350123E+01
  1.400000E+01    28    15  8.475894E+01  1.073367E+02
  1.400000E+01    28    16 -7.388412E+02 -8.642496E+02
  1.400000E+01    28    17  3.194471E+03 -6.921271E+02
  1.400000E+01    28    18 -2.810508E+01 -1.804011E+01
  1.400000E+01    28    19 -6.825890E+01 -6.062091E+01
  1.400000E+01    28    20  1.309712E+03  3.229541E+02
  1.400000E+01    28    21  9.124209E+00  5.438069E+01
  1.400000E+01    28    22  5.048339E+04  7.080326E+03
  1.400000E+01    28    23  1.928143E+03  1.632168E+03
  1.400000E+01    28    24  1.170713E+03  6.084935E+02
  1.400000E+01    28    25  2.780992E+01 -7.741791E-01
  1.400000E+01    28    26  5.283240E+03  4.087943E+01
  1.400000E+01    28    27  1.483282E+01 -1.602695E+00
  1.400000E+01    28    28  4.652848E+04  2.889109E+02
  1.400000E+01    28    29 -3.677516E+02  3.974391E+00
  1.400000E+01    28    30  3.078313E-01  3.959181E-02
  1.400000E+01    29     1  6.137933E+02 -8.177561E+01
  1.400000E+01    29     2 -1.936978E+01  2.160573E+00
  1.400000E+01    29     3 -5.088669E+01 -1.412986E+02
  1.400000E+01    29     4 -4.407127E+01  2.836327E+01
  1.400000E+01    29     5 -7.793624E+03  1.068168E+03
  1.400000E+01    29     6 -1.456262E+02  1.889075E+01
  1.400000E+01    29     7 -1.537898E+02  4.856121E+01
  1.400000E+01    29     8 -1.329787E+02 -1.343772E+02
  1.400000E+01    29     9  5.365267E+01  5.259676E+01
  1.400000E+01    29    10 -1.306498E+03 -1.343093E+03
  1.400000E+01    29    11  1.503217E+03 -4.965936E+02
  1.400000E+01    29    12 -4.203104E+01 -3.890313E+01
  1.400000E+01    29    13 -1.722964E+02  3.951909E+01
  1.400000E+01    29    14  1.491706E+02  1.424713E+02
  1.400000E+01    29    15  5.281299E+01  4.811404E+01
  1.400000E+01    29    16  1.551173E+03  1.446750E+03
  1.400000E+01    29    17  1.971184E+03 -3.365932E+02
  1.400000E+01    29    18  2.956862E+01  3.603623E+01
  1.400000E+01    29    19 -1.426102E+03 -3.197930E+02
  1.400000E+01    29    20 -5.659863E+01  6.629770E+00
  1.400000E+01    29    21  2.573906E+02  7.192031E+01
  1.400000E+01    29    22 -1.198455E+03 -1.088204E+02
  1.400000E+01    29    23  5.261952E+04  6.621569E+03
  1.400000E+01    29    24  3.894508E+03 -1.607078E+02
  1.400000E+01    29    25 -5.144754E+03 -4.022888E+01
  1.400000E+01    29    26 -6.182052E+01 -9.646797E-01
  1.400000E+01    29    27 -5.069896E+01 -8.274227E+00
  1.400000E+01    29    28 -7.145916E+02 -7.216655E+00
  1.400000E+01    29    29  4.501173E+04  2.835208E+02
  1.400000E+01    29    30  1.049132E+01  1.994297E-01
  1.400000E+01    30     1  1.332516E+00  1.425356E+00
  1.400000E+01    30     2 -1.635086E-03 -4.985502E-02
  1.400000E+01    30     3  4.139033E-01 -3.322964E-01
  1.400000E+01    30     4  2.155156E-01 -4.251477E-01
  1.400000E+01    30     5 -1.670299E+01 -1.840554E+01
  1.400000E+01    30     6 -2.924462E-01 -3.463329E-01
  1.400000E+01    30     7  8.061116E-01  7.315873E-01
  1.400000E+01    30     8 -3.250885E-02 -3.013334E-02
  1.400000E+01    30     9  3.128278E-01 -4.493008E-01
  1.400000E+01    30    10 -3.519753E-01 -3.138735E-01
  1.400000E+01    30    11 -7.872624E+00 -7.395904E+00
  1.400000E+01    30    12 -2.817644E-03 -5.808256E-03
  1.400000E+01    30    13  6.774507E-01  8.215197E-01
  1.400000E+01    30    14 -3.314278E-02 -2.789116E-02
  1.400000E+01    30    15  3.722698E-01 -3.895874E-01
  1.400000E+01    30    16 -4.627336E-01 -4.343432E-01
  1.400000E+01    30    17 -7.034238E+00 -8.767076E+00
  1.400000E+01    30    18  1.571572E-02  2.124348E-02
  1.400000E+01    30    19  1.909860E-01 -4.107021E-01
  1.400000E+01    30    20  5.661752E-01 -1.168313E-01
  1.400000E+01    30    21 -2.695969E+00  3.493502E+00
  1.400000E+01    30    22  2.978855E+01  6.845781E-01
  1.400000E+01    30    23  1.629342E+01  9.766359E+00
  1.400000E+01    30    24  4.637713E+00  5.340211E+00
  1.400000E+01    30    25 -3.340411E-01 -7.272217E-03
  1.400000E+01    30    26  7.884121E-01  9.235601E-03
  1.400000E+01    30    27  1.910841E+00 -3.203763E-01
  1.400000E+01    30    28  8.375404E+00  6.582807E-02
  1.400000E+01    30    29  5.621628E+00  5.238073E-02
  1.400000E+01    30    30  4.677412E+01  5.550206E-03
  1.500000E+01     1     1 -9.385324E+03 -1.890063E+01
  1.500000E+01     1     2  4.007845E+03  1.736916E+02
  1.500000E+01     1     3 -3.179522E+03  2.040137E+02
  1.500000E+01     1     4  5.269721E+04  1.615353E+03
  1.500000E+01     1     5  1.483541E+05 -6.830362E+01
  1.500000E+01     1     6  8.748314E+03  3.135665E+01
  1.500000E+01     1     7  1.426734E+01 -1.811017E+02
  1.500000E+01     1     8 -4.837973E+01 -4.332736E+01
  1.500000E+01     1     9 -1.019941E+02 -9.975284E+00
  1.500000E+01     1    10 -4.841503E+02 -4.286675E+02
  1.500000E+01     1    11 -1.763819E+02  1.796224E+03
  1.500000E+01     1    12 -1.583044E+01 -1.391500E+01
  1.500000E+01     1    13 -1.861344E+02 -1.367749E+02
  1.500000E+01     1    14 -9.716162E+01 -1.482769E+02
  1.500000E+01     1    15 -7.950565E+01  1.699120E+02
  1.500000E+01     1    16 -9.676282E+02 -1.499062E+03
  1.500000E+01     1    17  1.882595E+03  1.395007E+03
  1.500000E+01     1    18 -3.125396E+01 -4.140048E+01
  1.500000E+01     1    19  3.630218E+03  1.310980E+02
  1.500000E+01     1    20  2.718164E+03  3.458296E+02
  1.500000E+01     1    21 -5.224323E+03 -6.140096E+02
  1.500000E+01     1    22  2.460654E+04  5.872852E+03
  1.500000E+01     1    23 -2.061607E+05 -2.053031E+03
  1.500000E+01     1    24 -9.875059E+04  1.903997E+01
  1.500000E+01     1    25  9.643984E+01  1.748245E+01
  1.500000E+01     1    26  5.436455E+01  3.688415E+01
  1.500000E+01     1    27  3.305090E+01  6.976897E+01
  1.500000E+01     1    28  3.837850E+02  2.623011E+02
  1.500000E+01     1    29 -6.776710E+02 -1.254396E+02
  1.500000E+01     1    30 -9.467665E-01 -1.037210E+00
  1.500000E+01     2     1 -8.771919E+03  1.228124E+01
  1.500000E+01     2     2  6.592034E+03  1.716369E+02
  1.500000E+01     2     3 -1.747381E+03  8.495200E+01
  1.500000E+01     2     4  8.005841E+04  1.609511E+03
  1.500000E+01     2     5  1.323248E+05 -4.699862E+02
  1.500000E+01     2     6  3.886973E+03  2.261780E+01
  1.500000E+01     2     7  2.713465E+01 -8.965968E+01
  1.500000E+01     2     8 -4.047721E+01 -8.180556E+01
  1.500000E+01     2     9 -3.742051E+01 -2.935730E+01
  1.500000E+01     2    10 -4.031410E+02 -8.178974E+02
  1.500000E+01     2    11 -2.870923E+02  8.698406E+02
  1.500000E+01     2    12 -1.346147E+01 -2.508531E+01
  1.500000E+01     2    13 -1.632637E+02 -4.853822E+01
  1.500000E+01     2    14 -9.308199E+01 -1.067997E+02
  1.500000E+01     2    15 -2.341235E+01  1.424454E+02
  1.500000E+01     2    16 -9.261445E+02 -1.088289E+03
  1.500000E+01     2    17  1.656756E+03  4.756355E+02
  1.500000E+01     2    18 -2.923283E+01 -2.793802E+01
  1.500000E+01     2    19  4.457530E+03 -1.473725E+01
  1.500000E+01     2    20  9.273295E+02  3.289030E+02
  1.500000E+01     2    21 -2.674699E+03 -3.025859E+02
  1.500000E+01     2    22  1.606450E+04  5.653355E+03
  1.500000E+01     2    23 -1.045195E+05  6.861964E+02
  1.500000E+01     2    24 -1.155692E+04  1.320418E+02
  1.500000E+01     2    25  5.355359E+01  1.498865E+00
  1.500000E+01     2    26  4.869744E+01  3.573553E+01
  1.500000E+01     2    27  2.931701E+01  3.592523E+01
  1.500000E+01     2    28  3.436338E+02  2.538997E+02
  1.500000E+01     2    29 -3.764782E+02 -1.206350E+01
  1.500000E+01     2    30 -6.965107E-01 -5.207228E-01
  1.500000E+01     3     1  8.651060E+03  3.481558E+01
  1.500000E+01     3     2 -1.811165E+03 -8.489529E+01
  1.500000E+01     3     3  3.073083E+03  3.536973E+01
  1.500000E+01     3     4 -2.181630E+04 -8.046112E+02
  1.500000E+01     3     5 -1.348925E+05 -3.023144E+02
  1.500000E+01     3     6 -4.079598E+03 -2.028440E+01
  1.500000E+01     3     7  1.778694E+01  5.152009E+00
  1.500000E+01     3     8  1.265539E+01  7.502507E+01
  1.500000E+01     3     9 -1.880980E+01  4.658941E+00
  1.500000E+01     3    10  1.265919E+02  7.534300E+02
  1.500000E+01     3    11 -1.786903E+02 -3.320808E+01
  1.500000E+01     3    12  5.067462E+00  2.262209E+01
  1.500000E+01     3    13  1.130461E+02 -1.652780E+01
  1.500000E+01     3    14  5.514215E+01  1.482104E+01
  1.500000E+01     3    15 -2.947892E+01 -7.950855E+01
  1.500000E+01     3    16  5.440156E+02  1.546206E+02
  1.500000E+01     3    17 -1.167095E+03  1.729328E+02
  1.500000E+01     3    18  1.759437E+01  2.906685E+00
  1.500000E+01     3    19 -4.487496E+03  1.161703E+02
  1.500000E+01     3    20 -1.486785E+03 -1.617921E+02
  1.500000E+01     3    21  3.443416E+03  5.697612E+01
  1.500000E+01     3    22 -1.219539E+04 -2.747316E+03
  1.500000E+01     3    23  1.345794E+05 -2.281432E+03
  1.500000E+01     3    24  5.889069E+04  8.262842E+01
  1.500000E+01     3    25 -3.467147E+01  1.295459E+01
  1.500000E+01     3    26 -2.568778E+01 -1.726436E+01
  1.500000E+01     3    27 -3.750238E+01 -6.896912E+00
  1.500000E+01     3    28 -1.813399E+02 -1.225975E+02
  1.500000E+01     3    29  2.401087E+02 -9.126962E+01
  1.500000E+01     3    30  8.236232E-01  7.831504E-02
  1.500000E+01     4     1 -1.395284E+05 -2.644865E+02
  1.500000E+01     4     2  8.632323E+04  2.262864E+03
  1.500000E+01     4     3 -2.820229E+04  1.268911E+03
  1.500000E+01     4     4  1.193738E+06  2.120997E+04
  1.500000E+01     4     5  2.097290E+06 -6.300933E+02
  1.500000E+01     4     6  5.909492E+04  4.009909E+02
  1.500000E+01     4     7  1.589912E+02 -1.394758E+03
  1.500000E+01     4     8 -4.563164E+02 -1.033898E+03
  1.500000E+01     4     9 -5.909557E+02 -2.172919E+02
  1.500000E+01     4    10 -4.530090E+03 -1.033180E+04
  1.500000E+01     4    11 -1.802898E+03  1.363997E+04
  1.500000E+01     4    12 -1.561645E+02 -3.185751E+02
  1.500000E+01     4    13 -2.341669E+03 -8.613917E+02
  1.500000E+01     4    14 -1.302758E+03 -1.424287E+03
  1.500000E+01     4    15 -3.899869E+02  2.035521E+03
  1.500000E+01     4    16 -1.294784E+04 -1.447450E+04
  1.500000E+01     4    17  2.380247E+04  8.645882E+03
  1.500000E+01     4    18 -4.105514E+02 -3.799206E+02
  1.500000E+01     4    19  7.057191E+04 -2.087500E+01
  1.500000E+01     4    20  1.175939E+04  4.358569E+03
  1.500000E+01     4    21 -4.213996E+04 -5.010864E+03
  1.500000E+01     4    22  2.173057E+05  7.428415E+04
  1.500000E+01     4    23 -1.637424E+06  5.280551E+03
  1.500000E+01     4    24 -8.781414E+04  8.449960E+01
  1.500000E+01     4    25  8.579749E+02  2.660341E+01
  1.500000E+01     4    26  6.418048E+02  4.677570E+02
  1.500000E+01     4    27  4.684566E+02  5.787960E+02
  1.500000E+01     4    28  4.532340E+03  3.323854E+03
  1.500000E+01     4    29 -6.027430E+03 -2.077301E+02
  1.500000E+01     4    30 -1.110994E+01 -8.420641E+00
  1.500000E+01     5     1  1.771951E+05  1.721574E+03
  1.500000E+01     5     2 -7.260434E+04 -3.060109E+03
  1.500000E+01     5     3  5.550765E+04 -3.505354E+03
  1.500000E+01     5     4 -9.797048E+05 -2.851209E+04
  1.500000E+01     5     5 -2.544532E+06 -1.693598E+04
  1.500000E+01     5     6 -1.437860E+05 -8.825063E+02
  1.500000E+01     5     7  3.539238E+02  3.464643E+03
  1.500000E+01     5     8  4.888775E+02  7.833670E+02
  1.500000E+01     5     9  1.795497E+03 -3.383442E+02
  1.500000E+01     5    10  4.862519E+03  7.753828E+03
  1.500000E+01     5    11 -3.021914E+03 -3.449625E+04
  1.500000E+01     5    12  1.740500E+02  2.538143E+02
  1.500000E+01     5    13  3.789017E+03  2.748409E+03
  1.500000E+01     5    14  1.977138E+03  2.479243E+03
  1.500000E+01     5    15  1.421710E+03 -3.408484E+03
  1.500000E+01     5    16  1.967392E+04  2.497410E+04
  1.500000E+01     5    17 -3.847423E+04 -2.834157E+04
  1.500000E+01     5    18  6.328743E+02  7.072534E+02
  1.500000E+01     5    19 -5.629979E+04 -2.200699E+03
  1.500000E+01     5    20 -4.177577E+04 -6.081497E+03
  1.500000E+01     5    21  9.351865E+04  1.286078E+04
  1.500000E+01     5    22 -4.023688E+05 -1.013429E+05
  1.500000E+01     5    23  3.584622E+06  3.582611E+04
  1.500000E+01     5    24  1.426406E+06  5.165606E+03
  1.500000E+01     5    25 -1.943959E+03 -2.514134E+02
  1.500000E+01     5    26 -9.225574E+02 -6.312496E+02
  1.500000E+01     5    27 -8.123091E+02 -1.429769E+03
  1.500000E+01     5    28 -6.516258E+03 -4.488279E+03
  1.500000E+01     5    29  1.366279E+04  1.808213E+03
  1.500000E+01     5    30  2.090880E+01  2.114906E+01
  1.500000E+01     6     1  4.971089E+03  7.842447E+01
  1.500000E+01     6     2 -2.851031E+03 -6.015414E+01
  1.500000E+01     6     3  1.409954E+03 -5.591175E+01
  1.500000E+01     6     4 -4.489776E+04 -5.622166E+02
  1.500000E+01     6     5 -7.030576E+04 -9.154485E+02
  1.500000E+01     6     6  3.050378E+02 -2.786318E+01
  1.500000E+01     6     7  3.002248E+01  7.058263E+01
  1.500000E+01     6     8 -9.599216E-01  2.132235E+01
  1.500000E+01     6     9  2.976849E+01 -2.306962E+01
  1.500000E+01     6    10 -1.361399E+01  2.124204E+02
  1.500000E+01     6    11 -2.948410E+02 -7.048878E+02
  1.500000E+01     6    12  5.398328E-01  6.810796E+00
  1.500000E+01     6    13  9.457494E+01  5.876651E+01
  1.500000E+01     6    14  4.605063E+01  3.888173E+01
  1.500000E+01     6    15  2.305604E+01 -7.986488E+01
  1.500000E+01     6    16  4.529423E+02  3.888019E+02
  1.500000E+01     6    17 -9.691672E+02 -6.152101E+02
  1.500000E+01     6    18  1.479145E+01  1.157117E+01
  1.500000E+01     6    19 -1.268742E+03 -2.434796E+01
  1.500000E+01     6    20  1.043245E+03 -1.185419E+02
  1.500000E+01     6    21  2.368635E+03  2.990059E+02
  1.500000E+01     6    22 -3.611318E+02 -1.912041E+03
  1.500000E+01     6    23  8.758038E+04  4.169530E+02
  1.500000E+01     6    24 -7.307775E+04  2.751528E+02
  1.500000E+01     6    25 -4.852231E+01 -1.382032E+00
  1.500000E+01     6    26 -1.687581E+01 -1.173664E+01
  1.500000E+01     6    27 -2.703725E+01 -3.240072E+01
  1.500000E+01     6    28 -1.197045E+02 -8.348999E+01
  1.500000E+01     6    29  3.403932E+02  1.038318E+01
  1.500000E+01     6    30  6.284993E-01  4.753884E-01
  1.500000E+01     7     1  1.705231E+02  1.583038E+01
  1.500000E+01     7     2  2.342931E+01 -1.226594E+01
  1.500000E+01     7     3  4.790685E+00 -5.823491E+01
  1.500000E+01     7     4  2.217925E+02 -1.051970E+02
  1.500000E+01     7     5 -2.272117E+03 -1.722895E+02
  1.500000E+01     7     6 -3.772888E+01 -5.487297E+00
  1.500000E+01     7     7  2.718338E+04  7.695465E+01
  1.500000E+01     7     8  1.221093E+03 -8.078766E+00
  1.500000E+01     7     9  3.273222E+02  1.957989E+01
  1.500000E+01     7    10  2.911537E+04 -8.363164E+01
  1.500000E+01     7    11 -4.589088E+05 -7.643153E+02
  1.500000E+01     7    12 -4.946934E+03 -1.827561E+00
  1.500000E+01     7    13  7.160420E+01  1.931179E+01
  1.500000E+01     7    14 -3.572914E+01  2.306510E+01
  1.500000E+01     7    15 -1.052616E+01 -4.996254E+01
  1.500000E+01     7    16 -3.798086E+02  2.345654E+02
  1.500000E+01     7    17 -7.852054E+02 -1.969967E+02
  1.500000E+01     7    18 -6.206527E+00  6.458556E+00
  1.500000E+01     7    19  9.705019E+03 -5.821157E+01
  1.500000E+01     7    20  2.122544E+04 -7.471614E+01
  1.500000E+01     7    21  1.155074E+03  1.667798E+02
  1.500000E+01     7    22  9.760750E+04 -1.403818E+03
  1.500000E+01     7    23 -3.543021E+04  1.067800E+03
  1.500000E+01     7    24  1.204264E+05  7.834170E+01
  1.500000E+01     7    25  1.123334E+01 -6.604388E+00
  1.500000E+01     7    26  2.573567E+01 -8.646193E+00
  1.500000E+01     7    27 -3.157561E+01 -1.831114E+01
  1.500000E+01     7    28  1.804137E+02 -6.159531E+01
  1.500000E+01     7    29 -7.912354E+01  4.723409E+01
  1.500000E+01     7    30  5.524247E-01  2.754006E-01
  1.500000E+01     8     1 -1.139767E+02 -4.225061E+01
  1.500000E+01     8     2 -1.431834E+01 -3.820113E+01
  1.500000E+01     8     3 -2.029515E+01  3.328040E+01
  1.500000E+01     8     4 -1.115096E+02 -3.543246E+02
  1.500000E+01     8     5  1.530413E+03  6.184897E+02
  1.500000E+01     8     6  2.553454E+01  4.527318E+00
  1.500000E+01     8     7 -4.730666E+03 -4.643400E+00
  1.500000E+01     8     8  5.314282E+03  9.381243E+01
  1.500000E+01     8     9 -4.726957E+01  1.527126E+01
  1.500000E+01     8    10  6.680570E+04  9.424249E+02
  1.500000E+01     8    11  8.371800E+04  7.082545E+01
  1.500000E+01     8    12  2.025051E+02  2.748449E+01
  1.500000E+01     8    13  4.643064E+01 -1.864146E+01
  1.500000E+01     8    14 -3.049431E+01 -3.886590E+01
  1.500000E+01     8    15 -9.477109E+00 -3.543239E+01
  1.500000E+01     8    16 -3.234279E+02 -3.955660E+02
  1.500000E+01     8    17 -5.115118E+02  1.790834E+02
  1.500000E+01     8    18 -5.889174E+00 -1.021442E+01
  1.500000E+01     8    19 -3.392231E+03  1.435151E+02
  1.500000E+01     8    20 -3.286985E+03 -8.916277E+01
  1.500000E+01     8    21 -3.943962E+01 -5.222670E+01
  1.500000E+01     8    22 -1.387962E+04 -1.547502E+03
  1.500000E+01     8    23  3.849758E+03 -2.615717E+03
  1.500000E+01     8    24  8.550175E+04 -3.412149E+02
  1.500000E+01     8    25  1.619178E+01  1.338114E+01
  1.500000E+01     8    26 -1.262566E+01 -9.832691E+00
  1.500000E+01     8    27 -1.117824E+00  4.467002E+00
  1.500000E+01     8    28 -8.880253E+01 -6.971363E+01
  1.500000E+01     8    29 -1.129889E+02 -9.436108E+01
  1.500000E+01     8    30 -1.315058E-02 -8.754581E-02
  1.500000E+01     9     1 -2.429830E+00 -1.661516E+02
  1.500000E+01     9     2  5.758184E-01 -2.230099E+01
  1.500000E+01     9     3 -5.311795E+01 -4.741812E+00
  1.500000E+01     9     4  1.515582E+01 -2.038540E+02
  1.500000E+01     9     5  5.735823E+01  2.224637E+03
  1.500000E+01     9     6  1.567675E+00  3.706650E+01
  1.500000E+01     9     7  1.603439E+02 -1.129501E+01
  1.500000E+01     9     8 -1.456164E+01 -8.417338E-01
  1.500000E+01     9     9  1.656869E+03  9.737324E+01
  1.500000E+01     9    10 -2.835005E+02 -9.559142E+00
  1.500000E+01     9    11 -1.529254E+03  1.364232E+02
  1.500000E+01     9    12  3.872971E+01 -1.643085E-02
  1.500000E+01     9    13  4.333514E+00 -7.615797E+01
  1.500000E+01     9    14  2.077949E+00  4.316676E+01
  1.500000E+01     9    15 -5.182727E+01  1.220139E+01
  1.500000E+01     9    16  2.277745E+01  4.583977E+02
  1.500000E+01     9    17 -4.186189E+01  8.379494E+02
  1.500000E+01     9    18  8.607658E-01  8.054226E+00
  1.500000E+01     9    19 -2.516656E+01 -1.252709E+01
  1.500000E+01     9    20 -8.453883E+01 -8.418693E+01
  1.500000E+01     9    21  6.297614E+02 -2.561983E+02
  1.500000E+01     9    22  1.512119E+04 -1.856446E+03
  1.500000E+01     9    23 -8.969906E+03 -9.771191E+01
  1.500000E+01     9    24 -1.007535E+03 -6.262671E+02
  1.500000E+01     9    25 -6.727532E+00 -6.754663E+00
  1.500000E+01     9    26 -1.169743E+01 -1.231189E+01
  1.500000E+01     9    27 -1.187562E+01  2.492302E+01
  1.500000E+01     9    28 -8.490553E+01 -8.767548E+01
  1.500000E+01     9    29  4.917459E+01  4.825779E+01
  1.500000E+01     9    30  2.273190E-01 -3.600032E-01
  1.500000E+01    10     1 -1.110336E+03 -6.204490E+02
  1.500000E+01    10     2 -1.373594E+02 -3.959431E+02
  1.500000E+01    10     3 -2.656404E+02  3.184370E+02
  1.500000E+01    10     4 -1.058477E+03 -3.668888E+03
  1.500000E+01    10     5  1.493038E+04  8.812722E+03
  1.500000E+01    10     6  2.498502E+02  9.126396E+01
  1.500000E+01    10     7 -8.469245E+04 -6.542854E+01
  1.500000E+01    10     8  6.877614E+04  9.075469E+02
  1.500000E+01    10     9 -6.401968E+02  2.671767E+02
  1.500000E+01    10    10  1.029891E+06  9.115832E+03
  1.500000E+01    10    11  1.502788E+06  9.189738E+02
  1.500000E+01    10    12  7.155366E+02  2.660890E+02
  1.500000E+01    10    13  4.424030E+02 -2.744913E+02
  1.500000E+01    10    14 -2.833124E+02 -3.236407E+02
  1.500000E+01    10    15 -1.529826E+02 -3.214867E+02
  1.500000E+01    10    16 -3.005832E+03 -3.270538E+03
  1.500000E+01    10    17 -4.866386E+03  2.768590E+03
  1.500000E+01    10    18 -5.427069E+01 -8.911858E+01
  1.500000E+01    10    19 -6.364693E+04  1.375483E+03
  1.500000E+01    10    20 -5.751386E+04 -9.594191E+02
  1.500000E+01    10    21 -4.536125E+02 -8.379335E+02
  1.500000E+01    10    22 -2.255306E+05 -1.713027E+04
  1.500000E+01    10    23  1.207280E+05 -2.547499E+04
  1.500000E+01    10    24  1.601667E+06 -4.110990E+03
  1.500000E+01    10    25  1.390527E+02  1.212132E+02
  1.500000E+01    10    26 -1.396077E+02 -1.095263E+02
  1.500000E+01    10    27 -2.135821E+01  7.569881E+01
  1.500000E+01    10    28 -9.834603E+02 -7.769840E+02
  1.500000E+01    10    29 -9.689032E+02 -8.540344E+02
  1.500000E+01    10    30  1.937592E-02 -1.316131E+00
  1.500000E+01    11     1 -1.488517E+03  3.127711E+02
  1.500000E+01    11     2 -2.103163E+02  1.377944E+02
  1.500000E+01    11     3  9.763036E+01  5.203803E+02
  1.500000E+01    11     4 -2.000043E+03  1.197581E+03
  1.500000E+01    11     5  1.977441E+04 -4.476783E+03
  1.500000E+01    11     6  3.259276E+02 -5.700401E+01
  1.500000E+01    11     7 -4.661280E+05 -6.113424E+02
  1.500000E+01    11     8 -2.579214E+04  1.293463E+02
  1.500000E+01    11     9 -4.106566E+03 -4.272675E+02
  1.500000E+01    11    10 -5.895413E+05  1.323659E+03
  1.500000E+01    11    11  8.179950E+06  6.020060E+03
  1.500000E+01    11    12  9.288759E+04  3.285573E+01
  1.500000E+01    11    13 -5.678290E+02  4.050680E+01
  1.500000E+01    11    14  2.657964E+02 -3.366004E+02
  1.500000E+01    11    15  2.246918E+02  3.554045E+02
  1.500000E+01    11    16  2.829646E+03 -3.476968E+03
  1.500000E+01    11    17  6.209127E+03 -5.935841E+02
  1.500000E+01    11    18  4.461871E+01 -8.264622E+01
  1.500000E+01    11    19 -1.735325E+05  6.127109E+02
  1.500000E+01    11    20 -3.866551E+05  7.965957E+02
  1.500000E+01    11    21 -1.397470E+04 -6.958239E+02
  1.500000E+01    11    22 -1.648646E+06  1.583566E+04
  1.500000E+01    11    23  5.742588E+05 -1.031813E+04
  1.500000E+01    11    24 -2.361566E+06  9.165590E+02
  1.500000E+01    11    25 -5.539900E+01  8.278993E+01
  1.500000E+01    11    26 -1.897253E+02  9.978222E+01
  1.500000E+01    11    27  2.920162E+02  8.466534E+01
  1.500000E+01    11    28 -1.318969E+03  7.109402E+02
  1.500000E+01    11    29  3.860046E+02 -5.911036E+02
  1.500000E+01    11    30 -5.216032E+00 -1.326158E+00
  1.500000E+01    12     1 -3.490406E+01  2.037178E+01
  1.500000E+01    12     2 -4.760926E+00 -8.380316E+00
  1.500000E+01    12     3  4.754518E+00  1.122544E+01
  1.500000E+01    12     4 -3.842385E+01 -7.829975E+01
  1.500000E+01    12     5  4.670417E+02 -2.542244E+02
  1.500000E+01    12     6  7.698503E+00 -6.198750E+00
  1.500000E+01    12     7  3.300414E+03  2.232124E+00
  1.500000E+01    12     8 -7.120468E+02  3.032223E+01
  1.500000E+01    12     9  1.388314E+02 -1.387226E+01
  1.500000E+01    12    10 -1.427965E+04  3.047896E+02
  1.500000E+01    12    11 -5.540605E+04 -1.893813E+01
  1.500000E+01    12    12  3.625823E+03  8.860050E+00
  1.500000E+01    12    13  1.664585E+01  8.795551E+00
  1.500000E+01    12    14 -1.227946E+01 -2.079225E+01
  1.500000E+01    12    15  6.226987E+00 -1.542268E+01
  1.500000E+01    12    16 -1.301081E+02 -2.152852E+02
  1.500000E+01    12    17 -1.848093E+02 -1.053004E+02
  1.500000E+01    12    18 -2.466627E+00 -4.825511E+00
  1.500000E+01    12    19  3.261254E+03  4.845011E+01
  1.500000E+01    12    20  1.706188E+03 -1.426901E+01
  1.500000E+01    12    21  1.295575E+01  3.697375E+01
  1.500000E+01    12    22  3.177462E+03 -1.727318E+02
  1.500000E+01    12    23 -9.108621E+03 -8.190336E+02
  1.500000E+01    12    24 -1.017878E+05  2.119954E+01
  1.500000E+01    12    25  7.951560E+00  5.644537E+00
  1.500000E+01    12    26 -7.730111E-01 -9.859309E-01
  1.500000E+01    12    27  9.968883E-01 -3.824659E+00
  1.500000E+01    12    28 -5.366716E+00 -6.921681E+00
  1.500000E+01    12    29 -5.585770E+01 -3.991817E+01
  1.500000E+01    12    30 -1.908086E-02  4.780020E-02
  1.500000E+01    13     1  1.351920E+02  1.166824E+02
  1.500000E+01    13     2 -4.451997E+01  6.686259E+00
  1.500000E+01    13     3  8.837344E+00 -6.266771E+01
  1.500000E+01    13     4 -3.991603E+02  6.498763E+01
  1.500000E+01    13     5 -1.675897E+03 -1.550041E+03
  1.500000E+01    13     6 -3.853239E+01 -2.813284E+01
  1.500000E+01    13     7  9.994341E+01  5.080042E+01
  1.500000E+01    13     8  5.365572E+01 -5.973565E+00
  1.500000E+01    13     9  4.154108E+00 -8.260488E+01
  1.500000E+01    13    10  5.332280E+02 -6.066683E+01
  1.500000E+01    13    11 -9.834919E+02 -5.295532E+02
  1.500000E+01    13    12  1.681820E+01 -2.078088E+00
  1.500000E+01    13    13  4.672189E+03  1.187344E+02
  1.500000E+01    13    14  3.032500E+03 -1.436829E+01
  1.500000E+01    13    15  1.594711E+03 -1.006114E+01
  1.500000E+01    13    16  4.199581E+04 -1.697955E+02
  1.500000E+01    13    17  8.143386E+03 -1.270900E+03
  1.500000E+01    13    18 -6.769797E+02  6.681515E-01
  1.500000E+01    13    19  3.142351E+03 -5.733580E+01
  1.500000E+01    13    20  1.952374E+03  5.534887E+01
  1.500000E+01    13    21  2.008552E+03  3.347703E+02
  1.500000E+01    13    22 -2.210381E+03  1.346599E+03
  1.500000E+01    13    23 -3.370444E+03  1.329431E+03
  1.500000E+01    13    24  2.013843E+05  3.871617E+02
  1.500000E+01    13    25  2.812689E+01 -3.324384E+00
  1.500000E+01    13    26 -4.202766E+01  8.966334E+00
  1.500000E+01    13    27 -4.233944E+01 -3.457154E+01
  1.500000E+01    13    28 -2.945128E+02  6.381441E+01
  1.500000E+01    13    29 -1.946357E+02  2.348579E+01
  1.500000E+01    13    30  7.401274E-01  5.150760E-01
  1.500000E+01    14     1  5.254940E+01 -3.478685E+01
  1.500000E+01    14     2 -2.745899E+01 -3.800447E+01
  1.500000E+01    14     3  6.015735E+00 -4.751487E+01
  1.500000E+01    14     4 -2.605746E+02 -3.584513E+02
  1.500000E+01    14     5 -6.103255E+02  5.329853E+02
  1.500000E+01    14     6 -1.500254E+01  3.026879E+00
  1.500000E+01    14     7 -3.891587E+01  1.738055E+01
  1.500000E+01    14     8 -2.658819E+01 -3.722684E+01
  1.500000E+01    14     9  7.270464E+00  3.424055E+01
  1.500000E+01    14    10 -2.666078E+02 -3.756864E+02
  1.500000E+01    14    11  3.820762E+02 -1.738846E+02
  1.500000E+01    14    12 -8.418818E+00 -1.064778E+01
  1.500000E+01    14    13  5.853124E+03 -2.679686E+00
  1.500000E+01    14    14  5.640217E+03  9.412610E+01
  1.500000E+01    14    15 -1.635123E+02 -1.328358E+01
  1.500000E+01    14    16  7.666368E+04  9.666011E+02
  1.500000E+01    14    17 -1.125979E+05  7.101849E+01
  1.500000E+01    14    18 -1.154739E+03  2.297708E+01
  1.500000E+01    14    19  4.442519E+03 -1.045523E+02
  1.500000E+01    14    20 -4.135337E+03 -7.729553E+01
  1.500000E+01    14    21  3.576100E+01  2.365078E+01
  1.500000E+01    14    22 -2.391475E+04 -1.457846E+03
  1.500000E+01    14    23 -1.512231E+04  1.611022E+03
  1.500000E+01    14    24  1.126680E+05 -1.277886E+02
  1.500000E+01    14    25 -1.539690E+01 -1.261622E+01
  1.500000E+01    14    26 -1.245821E+01 -9.427183E+00
  1.500000E+01    14    27  3.947740E-01 -3.774517E+00
  1.500000E+01    14    28 -8.803399E+01 -6.707308E+01
  1.500000E+01    14    29  1.081350E+02  8.964632E+01
  1.500000E+01    14    30  1.406967E-02  7.124168E-02
  1.500000E+01    15     1  1.312879E+01 -9.751550E+01
  1.500000E+01    15     2 -1.090986E+00  3.975578E+01
  1.500000E+01    15     3 -4.938632E+01  1.013677E+01
  1.500000E+01    15     4 -1.610149E+01  3.697971E+02
  1.500000E+01    15     5 -1.802782E+02  1.193465E+03
  1.500000E+01    15     6 -4.215815E+00  2.875306E+01
  1.500000E+01    15     7  5.061682E+00 -6.711995E+01
  1.500000E+01    15     8 -1.024065E+00 -3.999642E+01
  1.500000E+01    15     9 -5.129855E+01  1.192498E+01
  1.500000E+01    15    10 -9.792633E+00 -4.000664E+02
  1.500000E+01    15    11 -6.371965E+01  6.629798E+02
  1.500000E+01    15    12 -1.067997E+00 -1.253351E+01
  1.500000E+01    15    13  1.463391E+02 -1.189006E+01
  1.500000E+01    15    14  1.466615E+01 -1.304073E-01
  1.500000E+01    15    15  1.620047E+03  9.822686E+01
  1.500000E+01    15    16  4.137040E+02  5.975835E-01
  1.500000E+01    15    17 -2.410890E+03  1.396337E+02
  1.500000E+01    15    18  1.420754E+01 -3.814364E-01
  1.500000E+01    15    19 -2.709938E+01 -4.411766E+01
  1.500000E+01    15    20  6.482396E+01  1.226966E+02
  1.500000E+01    15    21  6.229387E+02 -2.364679E+02
  1.500000E+01    15    22 -1.587639E+04  2.099928E+03
  1.500000E+01    15    23 -9.202374E+03  7.556761E+02
  1.500000E+01    15    24  7.960324E+02 -3.614220E+02
  1.500000E+01    15    25 -6.912934E+00 -7.109749E+00
  1.500000E+01    15    26  1.191064E+01  1.277272E+01
  1.500000E+01    15    27 -1.145629E+01  2.497402E+01
  1.500000E+01    15    28  8.628764E+01  9.072946E+01
  1.500000E+01    15    29  4.965292E+01  4.986909E+01
  1.500000E+01    15    30  2.285895E-01 -3.529920E-01
  1.500000E+01    16     1  5.004153E+02 -1.990535E+02
  1.500000E+01    16     2 -2.571757E+02 -4.021696E+02
  1.500000E+01    16     3  1.183352E+02 -4.639618E+02
  1.500000E+01    16     4 -2.432383E+03 -3.787954E+03
  1.500000E+01    16     5 -5.812235E+03  3.428402E+03
  1.500000E+01    16     6 -1.414954E+02 -8.370111E+00
  1.500000E+01    16     7 -3.565040E+02  2.432755E+02
  1.500000E+01    16     8 -2.404728E+02 -3.079100E+02
  1.500000E+01    16     9  1.225068E+02  2.982228E+02
  1.500000E+01    16    10 -2.413438E+03 -3.111391E+03
  1.500000E+01    16    11  3.514943E+03 -2.426680E+03
  1.500000E+01    16    12 -7.537322E+01 -8.687705E+01
  1.500000E+01    16    13  1.023620E+05  6.028225E-01
  1.500000E+01    16    14  7.476601E+04  8.880170E+02
  1.500000E+01    16    15 -2.875847E+03 -2.376475E+02
  1.500000E+01    16    16  1.207313E+06  9.114803E+03
  1.500000E+01    16    17 -1.967594E+06  3.792809E+02
  1.500000E+01    16    18 -2.340704E+04  2.175976E+02
  1.500000E+01    16    19  8.104701E+04 -9.431123E+02
  1.500000E+01    16    20 -7.039991E+04 -8.597516E+02
  1.500000E+01    16    21  5.410310E+02  5.285375E+02
  1.500000E+01    16    22 -3.908158E+05 -1.593745E+04
  1.500000E+01    16    23 -3.072066E+05  1.449382E+04
  1.500000E+01    16    24  2.086414E+06 -7.350122E+02
  1.500000E+01    16    25 -1.277512E+02 -1.111266E+02
  1.500000E+01    16    26 -1.352768E+02 -1.020883E+02
  1.500000E+01    16    27  9.926083E+00 -6.768793E+01
  1.500000E+01    16    28 -9.576061E+02 -7.261707E+02
  1.500000E+01    16    29  8.964534E+02  7.902733E+02
  1.500000E+01    16    30 -9.227805E-03  1.127550E+00
  1.500000E+01    17     1 -1.500557E+03 -1.355875E+03
  1.500000E+01    17     2  4.654511E+02 -1.022029E+02
  1.500000E+01    17     3 -1.103910E+02  6.601736E+02
  1.500000E+01    17     4  4.141622E+03 -9.869524E+02
  1.500000E+01    17     5  1.865815E+04  1.805174E+04
  1.500000E+01    17     6  4.242704E+02  3.227345E+02
  1.500000E+01    17     7 -1.167334E+03 -5.654052E+02
  1.500000E+01    17     8 -6.154350E+02  3.693531E+01
  1.500000E+01    17     9 -5.024271E+01  9.503184E+02
  1.500000E+01    17    10 -6.110938E+03  3.783823E+02
  1.500000E+01    17    11  1.148830E+04  5.898037E+03
  1.500000E+01    17    12 -1.927575E+02  1.453585E+01
  1.500000E+01    17    13 -5.422608E+04 -1.321389E+03
  1.500000E+01    17    14 -5.164316E+04  2.323232E+02
  1.500000E+01    17    15 -2.831756E+04  1.220668E+02
  1.500000E+01    17    16 -6.975471E+05  2.634693E+03
  1.500000E+01    17    17 -4.034983E+05  1.418121E+04
  1.500000E+01    17    18  7.821667E+03  1.038201E+01
  1.500000E+01    17    19 -5.185943E+04  5.543461E+02
  1.500000E+01    17    20 -3.752913E+04 -6.589366E+02
  1.500000E+01    17    21 -2.952803E+04 -3.759564E+03
  1.500000E+01    17    22 -1.423909E+05 -1.582193E+04
  1.500000E+01    17    23 -5.280700E+04 -1.351948E+04
  1.500000E+01    17    24 -3.445225E+06 -4.540769E+03
  1.500000E+01    17    25 -3.536505E+02  2.593777E+01
  1.500000E+01    17    26  4.919367E+02 -1.053123E+02
  1.500000E+01    17    27  4.900240E+02  3.870055E+02
  1.500000E+01    17    28  3.440146E+03 -7.493287E+02
  1.500000E+01    17    29  2.442522E+03 -1.831125E+02
  1.500000E+01    17    30 -8.889745E+00 -5.750614E+00
  1.500000E+01    18     1  1.686049E+01 -3.529480E+01
  1.500000E+01    18     2 -1.017089E+01 -7.081693E+00
  1.500000E+01    18     3 -8.290296E+00 -1.468543E+01
  1.500000E+01    18     4 -9.800938E+01 -6.758349E+01
  1.500000E+01    18     5 -1.939122E+02  4.763111E+02
  1.500000E+01    18     6 -5.080917E+00  7.457255E+00
  1.500000E+01    18     7 -1.707276E+01 -6.609191E+00
  1.500000E+01    18     8 -1.241582E+01 -2.073647E+01
  1.500000E+01    18     9 -5.647594E+00  1.772603E+01
  1.500000E+01    18    10 -1.243158E+02 -2.086256E+02
  1.500000E+01    18    11  1.652750E+02  6.523278E+01
  1.500000E+01    18    12 -4.064065E+00 -6.116728E+00
  1.500000E+01    18    13 -4.296413E+03 -6.376290E+00
  1.500000E+01    18    14 -2.476372E+02  3.485362E+01
  1.500000E+01    18    15  5.964327E+01  1.324180E+01
  1.500000E+01    18    16 -7.912281E+03  3.589136E+02
  1.500000E+01    18    17  7.923761E+04  8.613495E+01
  1.500000E+01    18    18  3.892903E+03  8.335629E+00
  1.500000E+01    18    19 -3.513431E+03 -4.523994E+01
  1.500000E+01    18    20  2.850552E+03 -8.274752E+00
  1.500000E+01    18    21 -6.133334E+01 -4.383187E+01
  1.500000E+01    18    22  1.316700E+04 -2.051688E+02
  1.500000E+01    18    23  1.510296E+04  6.990552E+02
  1.500000E+01    18    24 -8.201351E+04 -1.277798E+02
  1.500000E+01    18    25 -8.641506E+00 -5.942525E+00
  1.500000E+01    18    26 -1.053086E+00 -1.482612E+00
  1.500000E+01    18    27 -3.780829E-01  4.114134E+00
  1.500000E+01    18    28 -7.373118E+00 -1.058175E+01
  1.500000E+01    18    29  6.088714E+01  4.212128E+01
  1.500000E+01    18    30  1.661413E-02 -5.215398E-02
  1.500000E+01    19     1  2.154517E+04  4.093743E+02
  1.500000E+01    19     2 -5.322352E+03 -2.722267E+02
  1.500000E+01    19     3  4.725380E+03 -1.107249E+02
  1.500000E+01    19     4 -6.642908E+04 -2.552193E+03
  1.500000E+01    19     5 -3.235002E+05 -4.868136E+03
  1.500000E+01    19     6 -1.311143E+04 -1.388201E+02
  1.500000E+01    19     7  1.599843E+04  2.626856E+02
  1.500000E+01    19     8 -5.502703E+02  2.353432E+02
  1.500000E+01    19     9  2.607197E+02 -1.408334E+02
  1.500000E+01    19    10 -7.117764E+03  2.357964E+03
  1.500000E+01    19    11 -2.830269E+05 -2.602792E+03
  1.500000E+01    19    12 -1.479372E+03  7.140509E+01
  1.500000E+01    19    13  6.236240E+03  2.178844E+02
  1.500000E+01    19    14  3.056575E+03  2.905600E+01
  1.500000E+01    19    15  6.526216E+02 -3.937146E+02
  1.500000E+01    19    16  5.145925E+04  2.580176E+02
  1.500000E+01    19    17 -8.233654E+04 -2.349886E+03
  1.500000E+01    19    18 -2.278316E+03  1.454035E+01
  1.500000E+01    19    19  1.010763E+04  1.996052E+02
  1.500000E+01    19    20  6.132164E+03 -5.409236E+02
  1.500000E+01    19    21  9.564780E+03  1.232042E+03
  1.500000E+01    19    22  1.388982E+03 -8.571213E+03
  1.500000E+01    19    23  2.943232E+05 -3.473958E+03
  1.500000E+01    19    24  3.514400E+05  1.315594E+03
  1.500000E+01    19    25 -3.154310E+01  2.917965E+01
  1.500000E+01    19    26 -8.726794E+01 -5.232547E+01
  1.500000E+01    19    27 -9.173701E+01 -1.323943E+02
  1.500000E+01    19    28 -6.230472E+02 -3.715252E+02
  1.500000E+01    19    29  3.558295E+01 -2.045620E+02
  1.500000E+01    19    30  2.380504E+00  1.886312E+00
  1.500000E+01    20     1  1.574042E+04  1.711757E+02
  1.500000E+01    20     2 -4.461096E+03 -4.803137E+01
  1.500000E+01    20     3  3.160666E+03 -9.150062E+01
  1.500000E+01    20     4 -6.192058E+04 -4.542191E+02
  1.500000E+01    20     5 -2.370776E+05 -2.163299E+03
  1.500000E+01    20     6 -5.810668E+03 -4.911626E+01
  1.500000E+01    20     7  1.834802E+04  7.837495E+01
  1.500000E+01    20     8  1.781837E+03 -1.999890E+01
  1.500000E+01    20     9  1.056026E+02 -9.066435E+01
  1.500000E+01    20    10  3.862491E+04 -2.019695E+02
  1.500000E+01    20    11 -3.275703E+05 -8.083177E+02
  1.500000E+01    20    12 -4.900199E+03 -5.579810E+00
  1.500000E+01    20    13  2.784167E+03  1.370992E+02
  1.500000E+01    20    14 -1.998077E+03  4.801369E+01
  1.500000E+01    20    15 -1.261626E+03 -6.161077E+01
  1.500000E+01    20    16 -2.333209E+04  4.677181E+02
  1.500000E+01    20    17 -1.109189E+05 -1.444553E+03
  1.500000E+01    20    18 -2.553060E+02  1.654614E+01
  1.500000E+01    20    19 -1.541142E+03 -1.033290E+02
  1.500000E+01    20    20  1.570807E+04 -3.604068E+01
  1.500000E+01    20    21  4.187783E+03  4.934045E+02
  1.500000E+01    20    22  3.028322E+04 -1.806419E+02
  1.500000E+01    20    23  1.594973E+05  1.996015E+03
  1.500000E+01    20    24  6.595173E+04  6.901072E+02
  1.500000E+01    20    25 -1.136101E+02 -6.969224E+00
  1.500000E+01    20    26  9.038693E+01 -5.570594E-01
  1.500000E+01    20    27 -4.335386E+01 -5.197298E+01
  1.500000E+01    20    28  8.150386E+02 -4.053711E+00
  1.500000E+01    20    29  7.929990E+02  4.950603E+01
  1.500000E+01    20    30  1.279807E+00  7.733570E-01
  1.500000E+01    21     1 -5.358128E+03  4.501773E+02
  1.500000E+01    21     2  1.504583E+03  3.273507E+01
  1.500000E+01    21     3 -4.584895E+02 -1.277163E+02
  1.500000E+01    21     4  1.897509E+04  3.170146E+02
  1.500000E+01    21     5  8.842783E+04 -5.945385E+03
  1.500000E+01    21     6  2.791310E+03 -1.041871E+02
  1.500000E+01    21     7  9.401398E+02  2.010980E+02
  1.500000E+01    21     8  2.847654E+01 -2.491869E+01
  1.500000E+01    21     9  5.619186E+02 -2.012635E+02
  1.500000E+01    21    10  5.564694E+02 -2.533268E+02
  1.500000E+01    21    11 -1.062462E+04 -2.060698E+03
  1.500000E+01    21    12 -1.802440E+01 -6.720921E+00
  1.500000E+01    21    13  1.020116E+03  2.352460E+02
  1.500000E+01    21    14 -1.308277E+02 -4.615064E+01
  1.500000E+01    21    15  6.124995E+02 -1.409435E+02
  1.500000E+01    21    16 -2.083677E+03 -5.173378E+02
  1.500000E+01    21    17 -1.131758E+04 -2.549939E+03
  1.500000E+01    21    18  8.581799E+01 -3.157203E+00
  1.500000E+01    21    19  3.409660E+03 -1.192688E+02
  1.500000E+01    21    20  7.897388E+02  4.879204E+01
  1.500000E+01    21    21  2.161384E+04  1.026939E+03
  1.500000E+01    21    22  8.563472E+03  1.587767E+03
  1.500000E+01    21    23 -8.356665E+04  2.988816E+03
  1.500000E+01    21    24 -3.842936E+04  1.724442E+03
  1.500000E+01    21    25  3.057499E+01 -2.581013E-02
  1.500000E+01    21    26  1.943652E+01  1.197476E+01
  1.500000E+01    21    27 -2.317041E+02 -1.046809E+02
  1.500000E+01    21    28  1.393223E+02  8.529948E+01
  1.500000E+01    21    29 -1.947144E+02  1.561274E-01
  1.500000E+01    21    30 -3.984614E-01  1.540469E+00
  1.500000E+01    22     1  2.452341E+04  2.142410E+03
  1.500000E+01    22     2 -1.783411E+03  1.918432E+03
  1.500000E+01    22     3  5.274158E+03  3.251409E+02
  1.500000E+01    22     4 -5.024030E+04  1.786268E+04
  1.500000E+01    22     5 -3.613428E+05 -3.184049E+04
  1.500000E+01    22     6 -4.810479E+03 -2.485954E+02
  1.500000E+01    22     7  8.374474E+04 -9.147015E+02
  1.500000E+01    22     8  7.632953E+03 -1.279151E+03
  1.500000E+01    22     9  1.390312E+04 -1.946948E+03
  1.500000E+01    22    10  1.754696E+05 -1.278862E+04
  1.500000E+01    22    11 -1.373292E+06  8.362479E+03
  1.500000E+01    22    12 -1.960096E+04 -3.949408E+02
  1.500000E+01    22    13 -2.170192E+04  1.311711E+03
  1.500000E+01    22    14 -2.701588E+03 -1.236116E+03
  1.500000E+01    22    15 -2.050123E+04  1.848617E+03
  1.500000E+01    22    16  1.955752E+04 -1.295496E+04
  1.500000E+01    22    17 -2.225726E+04 -1.443849E+04
  1.500000E+01    22    18 -8.858388E+03 -2.584368E+02
  1.500000E+01    22    19  8.766253E+03 -1.094044E+03
  1.500000E+01    22    20  7.307862E+04  5.156877E+03
  1.500000E+01    22    21  3.647309E+03  1.027327E+03
  1.500000E+01    22    22  1.211072E+07  9.665109E+04
  1.500000E+01    22    23  8.302175E+04  2.797384E+04
  1.500000E+01    22    24  6.868392E+05  9.459085E+03
  1.500000E+01    22    25 -1.840620E+02 -2.490610E+01
  1.500000E+01    22    26  5.921385E+03  6.160848E+02
  1.500000E+01    22    27 -3.747269E+01 -4.646452E+01
  1.500000E+01    22    28  4.389375E+04  4.378846E+03
  1.500000E+01    22    29  1.028726E+03  1.539988E+02
  1.500000E+01    22    30  1.185871E+01  8.882648E-01
  1.500000E+01    23     1 -3.602705E+05 -5.286628E+03
  1.500000E+01    23     2  9.655147E+04  4.222068E+03
  1.500000E+01    23     3 -5.194321E+04  5.333821E+02
  1.500000E+01    23     4  1.232985E+06  3.967945E+04
  1.500000E+01    23     5  5.713998E+06  6.161683E+04
  1.500000E+01    23     6  1.804770E+05  1.888491E+03
  1.500000E+01    23     7 -6.471685E+04 -3.008813E+03
  1.500000E+01    23     8 -5.895787E+03 -4.035239E+03
  1.500000E+01    23     9 -9.750766E+03  1.665738E+03
  1.500000E+01    23    10 -7.186699E+04 -4.047015E+04
  1.500000E+01    23    11  1.076859E+06  2.951495E+04
  1.500000E+01    23    12  5.420009E+03 -1.218501E+03
  1.500000E+01    23    13 -3.700048E+04 -2.222580E+03
  1.500000E+01    23    14 -3.227330E+03 -1.516673E+02
  1.500000E+01    23    15 -1.251230E+04  5.667341E+03
  1.500000E+01    23    16 -6.098667E+04 -1.140054E+03
  1.500000E+01    23    17  4.060721E+05  2.423916E+04
  1.500000E+01    23    18  2.446044E+03 -1.099771E+02
  1.500000E+01    23    19  1.395299E+05 -4.535548E+03
  1.500000E+01    23    20  2.525912E+04  8.340000E+03
  1.500000E+01    23    21 -1.325431E+05 -1.480876E+04
  1.500000E+01    23    22  3.496151E+05  1.341223E+05
  1.500000E+01    23    23  6.780529E+06  8.201915E+04
  1.500000E+01    23    24 -2.632610E+06 -1.624180E+04
  1.500000E+01    23    25 -3.555588E+03 -5.866633E+02
  1.500000E+01    23    26  1.229451E+03  8.242093E+02
  1.500000E+01    23    27  1.215858E+03  1.598614E+03
  1.500000E+01    23    28  8.580925E+03  5.851644E+03
  1.500000E+01    23    29  2.693109E+04  4.123421E+03
  1.500000E+01    23    30 -1.700981E+01 -2.241489E+01
  1.500000E+01    24     1 -8.465537E+05 -6.585636E+03
  1.500000E+01    24     2  2.582542E+05  8.914701E+03
  1.500000E+01    24     3 -1.712320E+05  6.869438E+03
  1.500000E+01    24     4  3.560326E+06  8.349233E+04
  1.500000E+01    24     5  1.273772E+07  6.997943E+04
  1.500000E+01    24     6  3.170504E+05  2.920275E+03
  1.500000E+01    24     7 -2.583417E+05 -7.859366E+03
  1.500000E+01    24     8  9.009996E+04 -3.534905E+03
  1.500000E+01    24     9 -7.802130E+03  1.641817E+03
  1.500000E+01    24    10  1.570873E+06 -3.526602E+04
  1.500000E+01    24    11  4.511394E+06  7.805845E+04
  1.500000E+01    24    12 -5.846061E+04 -1.102376E+03
  1.500000E+01    24    13  3.408118E+05 -6.545316E+03
  1.500000E+01    24    14  8.807563E+04 -5.935489E+03
  1.500000E+01    24    15 -1.248832E+04  9.701625E+03
  1.500000E+01    24    16  1.816881E+06 -5.976119E+04
  1.500000E+01    24    17 -6.657273E+06  6.777600E+04
  1.500000E+01    24    18 -1.180382E+05 -1.683677E+03
  1.500000E+01    24    19  4.801348E+05  2.203109E+03
  1.500000E+01    24    20 -3.278038E+05  1.696628E+04
  1.500000E+01    24    21 -2.685447E+05 -3.277678E+04
  1.500000E+01    24    22 -6.864256E+05  2.789838E+05
  1.500000E+01    24    23 -1.113885E+07 -2.867204E+04
  1.500000E+01    24    24  1.270794E+07 -1.977506E+04
  1.500000E+01    24    25  5.342498E+03  1.954555E+02
  1.500000E+01    24    26  2.514556E+03  1.734609E+03
  1.500000E+01    24    27  2.885747E+03  3.619614E+03
  1.500000E+01    24    28  1.777309E+04  1.232969E+04
  1.500000E+01    24    29 -3.747223E+04 -1.460049E+03
  1.500000E+01    24    30 -6.942859E+01 -5.299623E+01
  1.500000E+01    25     1 -7.203889E+01  1.421916E+01
  1.500000E+01    25     2  1.855384E+00 -7.767878E-01
  1.500000E+01    25     3  9.570815E+00  1.702755E+01
  1.500000E+01    25     4 -1.829851E-01 -8.376522E+00
  1.500000E+01    25     5  9.172759E+02 -1.856023E+02
  1.500000E+01    25     6  1.716548E+01 -3.441300E+00
  1.500000E+01    25     7  1.853007E+01 -5.383845E+00
  1.500000E+01    25     8  1.864554E+01  1.498381E+01
  1.500000E+01    25     9 -7.391521E+00 -6.526171E+00
  1.500000E+01    25    10  1.846113E+02  1.508718E+02
  1.500000E+01    25    11 -1.811103E+02  5.559291E+01
  1.500000E+01    25    12  5.920377E+00  4.405203E+00
  1.500000E+01    25    13  2.184536E+01 -4.403918E+00
  1.500000E+01    25    14 -2.059532E+01 -1.564518E+01
  1.500000E+01    25    15 -7.396353E+00 -6.244437E+00
  1.500000E+01    25    16 -2.151169E+02 -1.599893E+02
  1.500000E+01    25    17 -2.518065E+02  3.806501E+01
  1.500000E+01    25    18 -4.204365E+00 -4.025917E+00
  1.500000E+01    25    19  1.623822E+02  3.463403E+01
  1.500000E+01    25    20  5.230564E+00 -1.675866E+00
  1.500000E+01    25    21 -2.337631E+01 -3.487648E+00
  1.500000E+01    25    22  7.979571E+01 -1.693241E+00
  1.500000E+01    25    23 -6.463265E+03 -5.952248E+02
  1.500000E+01    25    24 -4.761848E+02  4.166644E+01
  1.500000E+01    25    25  7.028898E+02  4.240089E+00
  1.500000E+01    25    26  1.933569E+00  4.852302E-02
  1.500000E+01    25    27  3.926450E+00  6.190880E-01
  1.500000E+01    25    28  4.563515E+01  3.875856E-01
  1.500000E+01    25    29 -5.008875E+03 -3.005372E+01
  1.500000E+01    25    30 -7.915265E-01 -1.512449E-02
  1.500000E+01    26     1  2.348573E+01  1.472996E+01
  1.500000E+01    26     2  1.582080E+01  1.370710E+01
  1.500000E+01    26     3  5.162715E+00  2.763859E+00
  1.500000E+01    26     4  1.372433E+02  1.277233E+02
  1.500000E+01    26     5 -3.508230E+02 -2.197290E+02
  1.500000E+01    26     6 -4.253572E+00 -1.625843E+00
  1.500000E+01    26     7  3.537660E+01 -6.353500E+00
  1.500000E+01    26     8 -1.114141E+01 -8.613805E+00
  1.500000E+01    26     9 -1.220363E+01 -1.321928E+01
  1.500000E+01    26    10 -1.119433E+02 -8.610761E+01
  1.500000E+01    26    11 -3.584095E+02  5.821857E+01
  1.500000E+01    26    12 -3.177048E+00 -2.662164E+00
  1.500000E+01    26    13 -3.612212E+01  8.471910E+00
  1.500000E+01    26    14 -1.072145E+01 -9.169076E+00
  1.500000E+01    26    15  1.255748E+01  1.273549E+01
  1.500000E+01    26    16 -1.037381E+02 -9.585422E+01
  1.500000E+01    26    17  3.762772E+02 -9.379228E+01
  1.500000E+01    26    18 -3.738277E+00 -1.960758E+00
  1.500000E+01    26    19 -1.034279E+01 -6.755491E+00
  1.500000E+01    26    20  1.455216E+02  3.585570E+01
  1.500000E+01    26    21  4.513140E+00  5.886806E+00
  1.500000E+01    26    22  6.137123E+03  6.698208E+02
  1.500000E+01    26    23  2.798187E+02  1.801279E+02
  1.500000E+01    26    24  1.569555E+02  6.484427E+01
  1.500000E+01    26    25  1.257757E+00 -8.164354E-02
  1.500000E+01    26    26  7.145304E+02  4.270534E+00
  1.500000E+01    26    27  1.218282E+00 -1.828682E-01
  1.500000E+01    26    28  5.126258E+03  3.035441E+01
  1.500000E+01    26    29 -2.925645E+01  4.233906E-01
  1.500000E+01    26    30 -3.190559E-01  3.978915E-03
  1.500000E+01    27     1  8.901122E-01  8.507859E-01
  1.500000E+01    27     2 -6.778891E-02 -7.062924E-02
  1.500000E+01    27     3  2.145944E-01 -3.127746E-01
  1.500000E+01    27     4 -5.058084E-01 -6.422313E-01
  1.500000E+01    27     5 -1.166370E+01 -1.099332E+01
  1.500000E+01    27     6 -2.314786E-01 -2.164849E-01
  1.500000E+01    27     7  4.474194E-01  4.588918E-01
  1.500000E+01    27     8 -5.629277E-04  9.362598E-03
  1.500000E+01    27     9  1.593740E-01 -3.546508E-01
  1.500000E+01    27    10 -3.676613E-02  8.511659E-02
  1.500000E+01    27    11 -4.453216E+00 -4.662028E+00
  1.500000E+01    27    12  5.827449E-03  4.810746E-03
  1.500000E+01    27    13  5.419848E-01  4.799729E-01
  1.500000E+01    27    14  1.900997E-02  4.102770E-03
  1.500000E+01    27    15  1.416178E-01 -3.850301E-01
  1.500000E+01    27    16  9.862189E-02 -4.590085E-02
  1.500000E+01    27    17 -5.845500E+00 -5.161471E+00
  1.500000E+01    27    18  2.198870E-02  1.769572E-02
  1.500000E+01    27    19  3.516313E-01 -2.283906E-01
  1.500000E+01    27    20  1.258317E-01 -1.722136E-01
  1.500000E+01    27    21 -6.851369E+01  2.197460E+00
  1.500000E+01    27    22 -2.152608E+01 -1.570184E+00
  1.500000E+01    27    23  1.230082E+01  5.371387E+00
  1.500000E+01    27    24  3.275867E+00  3.199373E+00
  1.500000E+01    27    25 -5.955711E-01 -2.456093E-03
  1.500000E+01    27    26 -6.730484E-01 -6.229827E-03
  1.500000E+01    27    27  7.140214E+01 -2.279975E-01
  1.500000E+01    27    28 -7.728347E+00 -4.394577E-02
  1.500000E+01    27    29  7.548472E+00  1.846374E-02
  1.500000E+01    27    30 -4.819856E-01  3.350543E-03
  1.500000E+01    28     1  1.718268E+02  1.091741E+02
  1.500000E+01    28     2  1.148214E+02  1.008964E+02
  1.500000E+01    28     3  3.827474E+01  2.053565E+01
  1.500000E+01    28     4  9.946117E+02  9.401071E+02
  1.500000E+01    28     5 -2.569131E+03 -1.627286E+03
  1.500000E+01    28     6 -3.143775E+01 -1.215047E+01
  1.500000E+01    28     7  2.593253E+02 -4.686937E+01
  1.500000E+01    28     8 -8.102364E+01 -6.317163E+01
  1.500000E+01    28     9 -9.206307E+01 -9.783080E+01
  1.500000E+01    28    10 -8.152882E+02 -6.314715E+02
  1.500000E+01    28    11 -2.630533E+03  4.294763E+02
  1.500000E+01    28    12 -2.306529E+01 -1.952959E+01
  1.500000E+01    28    13 -2.639158E+02  6.272644E+01
  1.500000E+01    28    14 -7.840617E+01 -6.781046E+01
  1.500000E+01    28    15  9.453024E+01  9.369831E+01
  1.500000E+01    28    16 -7.593231E+02 -7.089122E+02
  1.500000E+01    28    17  2.756805E+03 -6.944639E+02
  1.500000E+01    28    18 -2.734462E+01 -1.449903E+01
  1.500000E+01    28    19 -6.854926E+01 -4.925004E+01
  1.500000E+01    28    20  1.300207E+03  2.642720E+02
  1.500000E+01    28    21  1.234062E+01  4.429571E+01
  1.500000E+01    28    22  4.764594E+04  4.938871E+03
  1.500000E+01    28    23  1.926790E+03  1.318774E+03
  1.500000E+01    28    24  1.122646E+03  4.797123E+02
  1.500000E+01    28    25  2.768901E+01 -5.259029E-01
  1.500000E+01    28    26  5.258893E+03  3.149030E+01
  1.500000E+01    28    27  1.450828E+01 -1.438665E+00
  1.500000E+01    28    28  4.638923E+04  2.238307E+02
  1.500000E+01    28    29 -3.663564E+02  2.582948E+00
  1.500000E+01    28    30  3.163736E-01  3.056199E-02
  1.500000E+01    29     1  5.380253E+02 -9.311102E+01
  1.500000E+01    29     2 -1.555712E+01  3.975498E+00
  1.500000E+01    29     3 -6.860865E+01 -1.285849E+02
  1.500000E+01    29     4 -1.477076E+01  4.560912E+01
  1.500000E+01    29     5 -6.874980E+03  1.218338E+03
  1.500000E+01    29     6 -1.296733E+02  2.228469E+01
  1.500000E+01    29     7 -1.292770E+02  4.590573E+01
  1.500000E+01    29     8 -1.335497E+02 -1.084266E+02
  1.500000E+01    29     9  5.816581E+01  4.349359E+01
  1.500000E+01    29    10 -1.323024E+03 -1.091909E+03
  1.500000E+01    29    11  1.265458E+03 -4.725076E+02
  1.500000E+01    29    12 -4.249351E+01 -3.184334E+01
  1.500000E+01    29    13 -1.480279E+02  3.823815E+01
  1.500000E+01    29    14  1.489804E+02  1.143893E+02
  1.500000E+01    29    15  5.654911E+01  3.959175E+01
  1.500000E+01    29    16  1.555011E+03  1.168659E+03
  1.500000E+01    29    17  1.719895E+03 -3.433782E+02
  1.500000E+01    29    18  3.086794E+01  2.964558E+01
  1.500000E+01    29    19 -1.402022E+03 -2.549610E+02
  1.500000E+01    29    20 -5.169275E+01  7.905921E+00
  1.500000E+01    29    21  2.527859E+02  5.497815E+01
  1.500000E+01    29    22 -1.120185E+03 -4.577615E+01
  1.500000E+01    29    23  4.942948E+04  4.398286E+03
  1.500000E+01    29    24  3.530886E+03 -2.650511E+02
  1.500000E+01    29    25 -5.120880E+03 -3.092173E+01
  1.500000E+01    29    26 -6.160442E+01 -6.727925E-01
  1.500000E+01    29    27 -5.116180E+01 -7.605964E+00
  1.500000E+01    29    28 -7.128215E+02 -5.088884E+00
  1.500000E+01    29    29  4.487552E+04  2.191966E+02
  1.500000E+01    29    30  1.046435E+01  1.556057E-01
  1.500000E+01    30     1  1.240855E+00  1.020233E+00
  1.500000E+01    30     2 -4.294232E-03 -3.321102E-02
  1.500000E+01    30     3  3.156045E-01 -3.596906E-01
  1.500000E+01    30     4  1.503744E-01 -2.898515E-01
  1.500000E+01    30     5 -1.567264E+01 -1.328372E+01
  1.500000E+01    30     6 -2.780617E-01 -2.523563E-01
  1.500000E+01    30     7  7.386457E-01  5.110889E-01
  1.500000E+01    30     8 -3.204455E-02 -2.398215E-02
  1.500000E+01    30     9  2.163225E-01 -4.491759E-01
  1.500000E+01    30    10 -3.452928E-01 -2.502127E-01
  1.500000E+01    30    11 -7.285603E+00 -5.214356E+00
  1.500000E+01    30    12 -3.817625E-03 -5.133866E-03
  1.500000E+01    30    13  6.283512E-01  5.838348E-01
  1.500000E+01    30    14 -3.010995E-02 -2.173167E-02
  1.500000E+01    30    15  2.800862E-01 -3.970528E-01
  1.500000E+01    30    16 -4.259666E-01 -3.306279E-01
  1.500000E+01    30    17 -6.579236E+00 -6.284527E+00
  1.500000E+01    30    18  1.509751E-02  1.496540E-02
  1.500000E+01    30    19  2.097898E-01 -3.006027E-01
  1.500000E+01    30    20  5.737432E-01 -7.537133E-02
  1.500000E+01    30    21 -2.898833E+00  2.551395E+00
  1.500000E+01    30    22  2.901659E+01  4.669251E-01
  1.500000E+01    30    23  1.574137E+01  7.054995E+00
  1.500000E+01    30    24  4.293525E+00  3.870812E+00
  1.500000E+01    30    25 -3.337466E-01 -5.049334E-03
  1.500000E+01    30    26  7.841806E-01  7.320225E-03
  1.500000E+01    30    27  1.924933E+00 -2.634076E-01
  1.500000E+01    30    28  8.347000E+00  5.236297E-02
  1.500000E+01    30    29  5.617549E+00  3.648508E-02
  1.500000E+01    30    30  4.676827E+01  3.879316E-03
  1.600000E+01     1     1 -9.351654E+03 -5.288486E+00
  1.600000E+01     1     2  3.962650E+03  1.406634E+02
  1.600000E+01     1     3 -3.161525E+03  1.931976E+02
  1.600000E+01     1     4  5.231101E+04  1.314449E+03
  1.600000E+01     1     5  1.480399E+05 -1.861082E+02
  1.600000E+01     1     6  8.738642E+03  2.348128E+01
  1.600000E+01     1     7 -1.396322E+01 -1.583465E+02
  1.600000E+01     1     8 -4.927961E+01 -3.769021E+01
  1.600000E+01     1     9 -9.899228E+01  6.390090E+00
  1.600000E+01     1    10 -4.947060E+02 -3.752477E+02
  1.600000E+01     1    11  1.110262E+02  1.582399E+03
  1.600000E+01     1    12 -1.634414E+01 -1.224326E+01
  1.600000E+01     1    13 -1.747094E+02 -9.301114E+01
  1.600000E+01     1    14 -1.032735E+02 -1.214446E+02
  1.600000E+01     1    15 -4.965572E+01  1.775630E+02
  1.600000E+01     1    16 -1.037443E+03 -1.237749E+03
  1.600000E+01     1    17  1.777650E+03  9.474771E+02
  1.600000E+01     1    18 -3.262162E+01 -3.373643E+01
  1.600000E+01     1    19  3.614019E+03  9.918047E+01
  1.600000E+01     1    20  2.725528E+03  2.957317E+02
  1.600000E+01     1    21 -5.231676E+03 -4.966260E+02
  1.600000E+01     1    22  2.408697E+04  4.436367E+03
  1.600000E+01     1    23 -2.039654E+05 -1.202958E+03
  1.600000E+01     1    24 -9.855852E+04  5.472943E+01
  1.600000E+01     1    25  8.985709E+01  1.293921E+01
  1.600000E+01     1    26  5.326053E+01  3.046881E+01
  1.600000E+01     1    27  3.771367E+01  6.340806E+01
  1.600000E+01     1    28  3.778394E+02  2.173053E+02
  1.600000E+01     1    29 -6.337290E+02 -9.360046E+01
  1.600000E+01     1    30 -9.118523E-01 -8.113773E-01
  1.600000E+01     2     1 -8.741505E+03  1.714996E+01
  1.600000E+01     2     2  6.533052E+03  1.382264E+02
  1.600000E+01     2     3 -1.740694E+03  7.585589E+01
  1.600000E+01     2     4  7.956817E+04  1.303231E+03
  1.600000E+01     2     5  1.320573E+05 -4.743268E+02
  1.600000E+01     2     6  3.879647E+03  1.682994E+01
  1.600000E+01     2     7  1.002130E+01 -7.989636E+01
  1.600000E+01     2     8 -4.749738E+01 -7.177057E+01
  1.600000E+01     2     9 -3.850438E+01 -2.379577E+01
  1.600000E+01     2    10 -4.770037E+02 -7.219335E+02
  1.600000E+01     2    11 -1.180562E+02  7.811475E+02
  1.600000E+01     2    12 -1.569825E+01 -2.224277E+01
  1.600000E+01     2    13 -1.416974E+02 -1.767816E+01
  1.600000E+01     2    14 -9.338950E+01 -8.432456E+01
  1.600000E+01     2    15  1.889424E+00  1.397021E+02
  1.600000E+01     2    16 -9.382366E+02 -8.675587E+02
  1.600000E+01     2    17  1.442022E+03  1.568350E+02
  1.600000E+01     2    18 -2.876363E+01 -2.167938E+01
  1.600000E+01     2    19  4.437638E+03 -2.422296E+01
  1.600000E+01     2    20  9.341247E+02  2.806441E+02
  1.600000E+01     2    21 -2.658241E+03 -2.270821E+02
  1.600000E+01     2    22  1.558439E+04  4.264594E+03
  1.600000E+01     2    23 -1.031705E+05  7.963510E+02
  1.600000E+01     2    24 -1.139302E+04  1.343822E+02
  1.600000E+01     2    25  4.872989E+01  4.124069E-02
  1.600000E+01     2    26  4.776643E+01  2.942386E+01
  1.600000E+01     2    27  3.080157E+01  3.063520E+01
  1.600000E+01     2    28  3.382843E+02  2.098212E+02
  1.600000E+01     2    29 -3.437030E+02 -1.510790E+00
  1.600000E+01     2    30 -6.405417E-01 -3.778993E-01
  1.600000E+01     3     1  8.606867E+03  2.096788E+01
  1.600000E+01     3     2 -1.786085E+03 -6.851818E+01
  1.600000E+01     3     3  3.072831E+03  4.922472E+01
  1.600000E+01     3     4 -2.158804E+04 -6.536078E+02
  1.600000E+01     3     5 -1.344219E+05 -1.527152E+02
  1.600000E+01     3     6 -4.070467E+03 -1.486032E+01
  1.600000E+01     3     7  1.309084E+01 -5.607403E+00
  1.600000E+01     3     8  2.380508E+01  7.079109E+01
  1.600000E+01     3     9 -2.533065E+01  1.374848E+01
  1.600000E+01     3    10  2.402992E+02  7.153951E+02
  1.600000E+01     3    11 -1.301846E+02  7.483049E+01
  1.600000E+01     3    12  8.382055E+00  2.149735E+01
  1.600000E+01     3    13  8.918282E+01 -3.729527E+01
  1.600000E+01     3    14  4.718625E+01  3.739843E+00
  1.600000E+01     3    15 -4.847626E+01 -6.606282E+01
  1.600000E+01     3    16  4.690325E+02  4.471352E+01
  1.600000E+01     3    17 -9.255201E+02  3.945301E+02
  1.600000E+01     3    18  1.490711E+01 -4.948995E-01
  1.600000E+01     3    19 -4.449462E+03  1.196161E+02
  1.600000E+01     3    20 -1.487890E+03 -1.370211E+02
  1.600000E+01     3    21  3.383348E+03 -9.253997E+00
  1.600000E+01     3    22 -1.193218E+04 -2.067572E+03
  1.600000E+01     3    23  1.331774E+05 -2.025703E+03
  1.600000E+01     3    24  5.875945E+04  4.578407E+01
  1.600000E+01     3    25 -2.932228E+01  1.251256E+01
  1.600000E+01     3    26 -2.511713E+01 -1.421456E+01
  1.600000E+01     3    27 -3.585950E+01  4.641172E-01
  1.600000E+01     3    28 -1.779497E+02 -1.012188E+02
  1.600000E+01     3    29  2.030854E+02 -8.859420E+01
  1.600000E+01     3    30  7.075033E-01 -2.825588E-02
  1.600000E+01     4     1 -1.389926E+05 -1.018409E+02
  1.600000E+01     4     2  8.565120E+04  1.827821E+03
  1.600000E+01     4     3 -2.808314E+04  1.139748E+03
  1.600000E+01     4     4  1.187930E+06  1.722565E+04
  1.600000E+01     4     5  2.092271E+06 -1.954683E+03
  1.600000E+01     4     6  5.899773E+04  3.030202E+02
  1.600000E+01     4     7 -5.898796E+01 -1.205555E+03
  1.600000E+01     4     8 -5.604528E+02 -9.250621E+02
  1.600000E+01     4     9 -5.678544E+02 -1.420555E+02
  1.600000E+01     4    10 -5.619013E+03 -9.301972E+03
  1.600000E+01     4    11  3.649787E+02  1.186435E+04
  1.600000E+01     4    12 -1.888506E+02 -2.876418E+02
  1.600000E+01     4    13 -2.059132E+03 -3.934518E+02
  1.600000E+01     4    14 -1.297181E+03 -1.115316E+03
  1.600000E+01     4    15 -2.207151E+01  2.006485E+03
  1.600000E+01     4    16 -1.301165E+04 -1.144433E+04
  1.600000E+01     4    17  2.101270E+04  3.802726E+03
  1.600000E+01     4    18 -4.020919E+02 -2.924353E+02
  1.600000E+01     4    19  7.022866E+04 -2.140232E+02
  1.600000E+01     4    20  1.186604E+04  3.724699E+03
  1.600000E+01     4    21 -4.186822E+04 -3.769094E+03
  1.600000E+01     4    22  2.113879E+05  5.621051E+04
  1.600000E+01     4    23 -1.615171E+06  8.146735E+03
  1.600000E+01     4    24 -8.594288E+04  4.880837E+02
  1.600000E+01     4    25  7.803668E+02  2.443286E+00
  1.600000E+01     4    26  6.310041E+02  3.862318E+02
  1.600000E+01     4    27  4.928869E+02  4.934506E+02
  1.600000E+01     4    28  4.471081E+03  2.753912E+03
  1.600000E+01     4    29 -5.500164E+03 -3.372414E+01
  1.600000E+01     4    30 -1.022527E+01 -6.112915E+00
  1.600000E+01     5     1  1.762039E+05  1.198384E+03
  1.600000E+01     5     2 -7.183537E+04 -2.477540E+03
  1.600000E+01     5     3  5.515656E+04 -3.335427E+03
  1.600000E+01     5     4 -9.731767E+05 -2.319816E+04
  1.600000E+01     5     5 -2.535235E+06 -1.125483E+04
  1.600000E+01     5     6 -1.435820E+05 -6.801793E+02
  1.600000E+01     5     7  7.842941E+02  2.947799E+03
  1.600000E+01     5     8  5.712337E+02  7.256796E+02
  1.600000E+01     5     9  1.655536E+03 -6.013785E+02
  1.600000E+01     5    10  5.703649E+03  7.236315E+03
  1.600000E+01     5    11 -7.443359E+03 -2.954431E+04
  1.600000E+01     5    12  2.014325E+02  2.359098E+02
  1.600000E+01     5    13  3.545476E+03  1.863629E+03
  1.600000E+01     5    14  2.016118E+03  1.984589E+03
  1.600000E+01     5    15  8.219250E+02 -3.523912E+03
  1.600000E+01     5    16  2.021748E+04  2.015824E+04
  1.600000E+01     5    17 -3.624924E+04 -1.925017E+04
  1.600000E+01     5    18  6.393939E+02  5.627618E+02
  1.600000E+01     5    19 -5.580254E+04 -1.562500E+03
  1.600000E+01     5    20 -4.189000E+04 -5.191458E+03
  1.600000E+01     5    21  9.340873E+04  1.025712E+04
  1.600000E+01     5    22 -3.935718E+05 -7.660950E+04
  1.600000E+01     5    23  3.537706E+06  2.058953E+04
  1.600000E+01     5    24  1.422164E+06  3.460942E+03
  1.600000E+01     5    25 -1.797104E+03 -1.745508E+02
  1.600000E+01     5    26 -9.044052E+02 -5.214495E+02
  1.600000E+01     5    27 -8.950793E+02 -1.281791E+03
  1.600000E+01     5    28 -6.418839E+03 -3.718255E+03
  1.600000E+01     5    29  1.267650E+04  1.267941E+03
  1.600000E+01     5    30  1.978020E+01  1.630506E+01
  1.600000E+01     6     1  4.937457E+03  5.862627E+01
  1.600000E+01     6     2 -2.831412E+03 -4.850594E+01
  1.600000E+01     6     3  1.402241E+03 -5.109142E+01
  1.600000E+01     6     4 -4.469803E+04 -4.560099E+02
  1.600000E+01     6     5 -6.996773E+04 -6.832061E+02
  1.600000E+01     6     6  3.073731E+02 -2.173232E+01
  1.600000E+01     6     7  3.463170E+01  5.562029E+01
  1.600000E+01     6     8  3.388732E+00  2.153374E+01
  1.600000E+01     6     9  2.288210E+01 -2.562363E+01
  1.600000E+01     6    10  3.184216E+01  2.161357E+02
  1.600000E+01     6    11 -3.428373E+02 -5.583104E+02
  1.600000E+01     6    12  1.838675E+00  6.840096E+00
  1.600000E+01     6    13  8.664577E+01  3.657494E+01
  1.600000E+01     6    14  4.379655E+01  2.832716E+01
  1.600000E+01     6    15  7.830155E+00 -7.952422E+01
  1.600000E+01     6    16  4.341154E+02  2.855357E+02
  1.600000E+01     6    17 -8.946127E+02 -3.841241E+02
  1.600000E+01     6    18  1.399986E+01  8.386118E+00
  1.600000E+01     6    19 -1.247688E+03 -9.260296E+00
  1.600000E+01     6    20  1.039599E+03 -1.003815E+02
  1.600000E+01     6    21  2.352545E+03  2.257418E+02
  1.600000E+01     6    22 -2.181976E+02 -1.452317E+03
  1.600000E+01     6    23  8.633557E+04  1.399134E+02
  1.600000E+01     6    24 -7.304171E+04  2.062286E+02
  1.600000E+01     6    25 -4.417362E+01 -4.528122E-02
  1.600000E+01     6    26 -1.657812E+01 -9.678435E+00
  1.600000E+01     6    27 -2.837667E+01 -2.759447E+01
  1.600000E+01     6    28 -1.175625E+02 -6.895032E+01
  1.600000E+01     6    29  3.108342E+02  7.964372E-01
  1.600000E+01     6    30  5.795485E-01  3.442653E-01
  1.600000E+01     7     1  1.429978E+02 -1.324571E+01
  1.600000E+01     7     2  1.701208E+01 -1.431025E+01
  1.600000E+01     7     3 -9.355097E+00 -5.407860E+01
  1.600000E+01     7     4  1.633336E+02 -1.272227E+02
  1.600000E+01     7     5 -1.909976E+03  2.098762E+02
  1.600000E+01     7     6 -3.247451E+01  1.147396E+00
  1.600000E+01     7     7  2.714190E+04  5.947710E+01
  1.600000E+01     7     8  1.225276E+03 -6.406219E+00
  1.600000E+01     7     9  3.262895E+02  2.284133E+01
  1.600000E+01     7    10  2.915529E+04 -6.670860E+01
  1.600000E+01     7    11 -4.585430E+05 -5.929747E+02
  1.600000E+01     7    12 -4.946457E+03 -1.460349E+00
  1.600000E+01     7    13  6.105194E+01  4.760543E+00
  1.600000E+01     7    14 -2.563457E+01  2.612161E+01
  1.600000E+01     7    15 -2.096970E+01 -4.402035E+01
  1.600000E+01     7    16 -2.752165E+02  2.699563E+02
  1.600000E+01     7    17 -6.718313E+02 -3.988329E+01
  1.600000E+01     7    18 -4.139509E+00  6.775686E+00
  1.600000E+01     7    19  9.699729E+03 -4.709981E+01
  1.600000E+01     7    20  2.120535E+04 -6.994337E+01
  1.600000E+01     7    21  1.111532E+03  1.000870E+02
  1.600000E+01     7    22  9.676696E+04 -1.152989E+03
  1.600000E+01     7    23 -3.519521E+04  6.672488E+02
  1.600000E+01     7    24  1.203412E+05 -3.811008E+01
  1.600000E+01     7    25  9.385432E+00 -5.854407E+00
  1.600000E+01     7    26  2.203753E+01 -8.023118E+00
  1.600000E+01     7    27 -3.091005E+01 -1.290823E+01
  1.600000E+01     7    28  1.548073E+02 -5.740842E+01
  1.600000E+01     7    29 -6.621759E+01  4.205267E+01
  1.600000E+01     7    30  4.776154E-01  1.699902E-01
  1.600000E+01     8     1 -1.024387E+02 -2.460912E+01
  1.600000E+01     8     2 -1.741816E+01 -3.261817E+01
  1.600000E+01     8     3 -1.316140E+01  3.511049E+01
  1.600000E+01     8     4 -1.439225E+02 -3.057096E+02
  1.600000E+01     8     5  1.390696E+03  3.798539E+02
  1.600000E+01     8     6  2.257707E+01  1.144310E+00
  1.600000E+01     8     7 -4.728411E+03 -3.725127E+00
  1.600000E+01     8     8  5.280121E+03  7.534174E+01
  1.600000E+01     8     9 -4.599046E+01  1.568509E+01
  1.600000E+01     8    10  6.653555E+04  7.614097E+02
  1.600000E+01     8    11  8.368060E+04  5.736975E+01
  1.600000E+01     8    12  1.969169E+02  2.239775E+01
  1.600000E+01     8    13  3.545415E+01 -2.282741E+01
  1.600000E+01     8    14 -3.128867E+01 -3.115645E+01
  1.600000E+01     8    15 -1.521201E+01 -3.195321E+01
  1.600000E+01     8    16 -3.311986E+02 -3.174611E+02
  1.600000E+01     8    17 -3.973376E+02  2.289702E+02
  1.600000E+01     8    18 -6.544723E+00 -8.579102E+00
  1.600000E+01     8    19 -3.392660E+03  1.189699E+02
  1.600000E+01     8    20 -3.287334E+03 -7.713557E+01
  1.600000E+01     8    21 -4.330363E+01 -4.464773E+01
  1.600000E+01     8    22 -1.370861E+04 -1.169443E+03
  1.600000E+01     8    23  4.073562E+03 -1.936462E+03
  1.600000E+01     8    24  8.571304E+04 -2.144900E+02
  1.600000E+01     8    25  1.586080E+01  1.090471E+01
  1.600000E+01     8    26 -1.236371E+01 -8.107663E+00
  1.600000E+01     8    27 -6.055241E-01  4.491591E+00
  1.600000E+01     8    28 -8.737407E+01 -5.776052E+01
  1.600000E+01     8    29 -1.112402E+02 -7.727105E+01
  1.600000E+01     8    30 -2.183669E-02 -7.505493E-02
  1.600000E+01     9     1 -3.133236E+01 -1.613513E+02
  1.600000E+01     9     2 -2.905716E+00 -2.105923E+01
  1.600000E+01     9     3 -5.796098E+01  8.143585E+00
  1.600000E+01     9     4 -1.763403E+01 -1.941299E+02
  1.600000E+01     9     5  4.432450E+02  2.169896E+03
  1.600000E+01     9     6  8.064318E+00  3.652619E+01
  1.600000E+01     9     7  1.561890E+02 -1.029492E+01
  1.600000E+01     9     8 -1.462216E+01 -8.498278E-01
  1.600000E+01     9     9  1.665095E+03  1.053981E+02
  1.600000E+01     9    10 -2.842058E+02 -9.579454E+00
  1.600000E+01     9    11 -1.488336E+03  1.243371E+02
  1.600000E+01     9    12  3.872161E+01 -4.914562E-02
  1.600000E+01     9    13 -9.458611E+00 -7.335048E+01
  1.600000E+01     9    14  8.873381E+00  4.113963E+01
  1.600000E+01     9    15 -5.387813E+01  2.488978E+01
  1.600000E+01     9    16  9.552287E+01  4.393446E+02
  1.600000E+01     9    17  1.097081E+02  8.121078E+02
  1.600000E+01     9    18  2.083997E+00  7.736324E+00
  1.600000E+01     9    19 -2.352115E+01 -9.017693E+00
  1.600000E+01     9    20 -9.228616E+01 -7.630649E+01
  1.600000E+01     9    21  5.833333E+02 -2.520435E+02
  1.600000E+01     9    22  1.513661E+04 -1.446457E+03
  1.600000E+01     9    23 -9.175730E+03 -3.007253E+02
  1.600000E+01     9    24 -1.118027E+03 -6.161606E+02
  1.600000E+01     9    25 -7.123817E+00 -5.920871E+00
  1.600000E+01     9    26 -1.247451E+01 -1.076399E+01
  1.600000E+01     9    27 -8.924275E+00  2.757425E+01
  1.600000E+01     9    28 -9.078726E+01 -7.700533E+01
  1.600000E+01     9    29  5.219593E+01  4.249253E+01
  1.600000E+01     9    30  1.627569E-01 -3.433566E-01
  1.600000E+01    10     1 -1.035767E+03 -4.317184E+02
  1.600000E+01    10     2 -1.720163E+02 -3.409054E+02
  1.600000E+01    10     3 -1.985520E+02  3.532001E+02
  1.600000E+01    10     4 -1.415500E+03 -3.191389E+03
  1.600000E+01    10     5  1.407388E+04  6.277873E+03
  1.600000E+01    10     6  2.295453E+02  5.485329E+01
  1.600000E+01    10     7 -8.465479E+04 -5.278554E+01
  1.600000E+01    10     8  6.850923E+04  7.326730E+02
  1.600000E+01    10     9 -6.173591E+02  2.751251E+02
  1.600000E+01    10    10  1.027723E+06  7.403332E+03
  1.600000E+01    10    11  1.502185E+06  7.487084E+02
  1.600000E+01    10    12  6.703082E+02  2.179904E+02
  1.600000E+01    10    13  3.239504E+02 -3.072125E+02
  1.600000E+01    10    14 -2.864624E+02 -2.561278E+02
  1.600000E+01    10    15 -2.075932E+02 -2.767688E+02
  1.600000E+01    10    16 -3.031659E+03 -2.586566E+03
  1.600000E+01    10    17 -3.627247E+03  3.170365E+03
  1.600000E+01    10    18 -5.986808E+01 -7.467210E+01
  1.600000E+01    10    19 -6.362458E+04  1.148712E+03
  1.600000E+01    10    20 -5.751699E+04 -8.340348E+02
  1.600000E+01    10    21 -5.371015E+02 -7.390773E+02
  1.600000E+01    10    22 -2.235843E+05 -1.297786E+04
  1.600000E+01    10    23  1.220739E+05 -1.922193E+04
  1.600000E+01    10    24  1.603296E+06 -2.829460E+03
  1.600000E+01    10    25  1.373987E+02  9.926427E+01
  1.600000E+01    10    26 -1.373712E+02 -9.084750E+01
  1.600000E+01    10    27 -1.263720E+01  7.712168E+01
  1.600000E+01    10    28 -9.722325E+02 -6.475638E+02
  1.600000E+01    10    29 -9.623810E+02 -7.027853E+02
  1.600000E+01    10    30 -1.349942E-01 -1.147314E+00
  1.600000E+01    11     1 -1.167286E+03  5.533963E+02
  1.600000E+01    11     2 -1.482681E+02  1.566268E+02
  1.600000E+01    11     3  2.344479E+02  4.495984E+02
  1.600000E+01    11     4 -1.436234E+03  1.402206E+03
  1.600000E+01    11     5  1.554007E+04 -7.672018E+03
  1.600000E+01    11     6  2.614135E+02 -1.128396E+02
  1.600000E+01    11     7 -4.657594E+05 -4.683504E+02
  1.600000E+01    11     8 -2.586304E+04  1.020635E+02
  1.600000E+01    11     9 -4.120405E+03 -4.783075E+02
  1.600000E+01    11    10 -5.902224E+05  1.050093E+03
  1.600000E+01    11    11  8.176398E+06  4.621476E+03
  1.600000E+01    11    12  9.287894E+04  2.610402E+01
  1.600000E+01    11    13 -4.504919E+02  1.523031E+02
  1.600000E+01    11    14  1.639197E+02 -3.514016E+02
  1.600000E+01    11    15  3.146224E+02  2.740124E+02
  1.600000E+01    11    16  1.763168E+03 -3.669128E+03
  1.600000E+01    11    17  4.936812E+03 -1.808793E+03
  1.600000E+01    11    18  2.393458E+01 -8.325240E+01
  1.600000E+01    11    19 -1.734803E+05  4.916703E+02
  1.600000E+01    11    20 -3.864381E+05  7.464899E+02
  1.600000E+01    11    21 -1.348556E+04 -1.464965E+02
  1.600000E+01    11    22 -1.641328E+06  1.291183E+04
  1.600000E+01    11    23  5.731189E+05 -5.914938E+03
  1.600000E+01    11    24 -2.360647E+06  1.942121E+03
  1.600000E+01    11    25 -3.983985E+01  7.233938E+01
  1.600000E+01    11    26 -1.559267E+02  9.183749E+01
  1.600000E+01    11    27  2.786911E+02  3.201881E+01
  1.600000E+01    11    28 -1.083449E+03  6.572567E+02
  1.600000E+01    11    29  2.759594E+02 -5.188712E+02
  1.600000E+01    11    30 -4.425177E+00 -4.963296E-01
  1.600000E+01    12     1 -2.677658E+01  2.263394E+01
  1.600000E+01    12     2 -5.287194E+00 -7.158136E+00
  1.600000E+01    12     3  7.116789E+00  9.586596E+00
  1.600000E+01    12     4 -4.427423E+01 -6.767226E+01
  1.600000E+01    12     5  3.632972E+02 -2.872392E+02
  1.600000E+01    12     6  5.743106E+00 -6.634336E+00
  1.600000E+01    12     7  3.298290E+03  1.754186E+00
  1.600000E+01    12     8 -7.175416E+02  2.478041E+01
  1.600000E+01    12     9  1.376017E+02 -1.412261E+01
  1.600000E+01    12    10 -1.432335E+04  2.505878E+02
  1.600000E+01    12    11 -5.537704E+04 -1.489305E+01
  1.600000E+01    12    12  3.624928E+03  7.344822E+00
  1.600000E+01    12    13  1.537749E+01  5.824625E+00
  1.600000E+01    12    14 -1.356305E+01 -1.755868E+01
  1.600000E+01    12    15  3.950208E+00 -1.638067E+01
  1.600000E+01    12    16 -1.437471E+02 -1.825386E+02
  1.600000E+01    12    17 -1.730587E+02 -7.236857E+01
  1.600000E+01    12    18 -2.862868E+00 -4.186287E+00
  1.600000E+01    12    19  3.260099E+03  4.042068E+01
  1.600000E+01    12    20  1.704228E+03 -1.275005E+01
  1.600000E+01    12    21  1.817977E+01  3.427234E+01
  1.600000E+01    12    22  3.138395E+03 -1.412593E+02
  1.600000E+01    12    23 -8.964783E+03 -5.751112E+02
  1.600000E+01    12    24 -1.017112E+05  4.916689E+01
  1.600000E+01    12    25  7.800120E+00  4.665234E+00
  1.600000E+01    12    26 -8.374559E-01 -8.400838E-01
  1.600000E+01    12    27  5.688074E-01 -3.900664E+00
  1.600000E+01    12    28 -5.862856E+00 -5.932141E+00
  1.600000E+01    12    29 -5.504576E+01 -3.315136E+01
  1.600000E+01    12    30 -1.194654E-02  4.242712E-02
  1.600000E+01    13     1  1.292941E+02  7.972833E+01
  1.600000E+01    13     2 -3.527710E+01  1.387263E+01
  1.600000E+01    13     3 -5.582886E+00 -6.023584E+01
  1.600000E+01    13     4 -3.171506E+02  1.322277E+02
  1.600000E+01    13     5 -1.629573E+03 -1.084143E+03
  1.600000E+01    13     6 -3.655231E+01 -1.824838E+01
  1.600000E+01    13     7  8.918876E+01  2.817574E+01
  1.600000E+01    13     8  4.275204E+01 -1.393330E+01
  1.600000E+01    13     9 -1.259028E+01 -7.747275E+01
  1.600000E+01    13    10  4.266034E+02 -1.406635E+02
  1.600000E+01    13    11 -8.864341E+02 -3.018034E+02
  1.600000E+01    13    12  1.355074E+01 -4.467731E+00
  1.600000E+01    13    13  4.620223E+03  9.214220E+01
  1.600000E+01    13    14  3.041041E+03 -1.128901E+01
  1.600000E+01    13    15  1.590865E+03 -4.589749E+00
  1.600000E+01    13    16  4.209571E+04 -1.336985E+02
  1.600000E+01    13    17  8.606438E+03 -9.918668E+02
  1.600000E+01    13    18 -6.786957E+02  4.983093E-01
  1.600000E+01    13    19  3.126388E+03 -5.410795E+01
  1.600000E+01    13    20  1.984719E+03  6.448259E+01
  1.600000E+01    13    21  1.968899E+03  2.350342E+02
  1.600000E+01    13    22 -9.312850E+02  1.202988E+03
  1.600000E+01    13    23 -2.534458E+03  1.117984E+03
  1.600000E+01    13    24  2.015573E+05  2.664018E+02
  1.600000E+01    13    25  2.487363E+01 -3.577611E+00
  1.600000E+01    13    26 -3.680660E+01  8.803870E+00
  1.600000E+01    13    27 -4.272779E+01 -2.711751E+01
  1.600000E+01    13    28 -2.585672E+02  6.295386E+01
  1.600000E+01    13    29 -1.726230E+02  2.530427E+01
  1.600000E+01    13    30  6.581256E-01  3.515939E-01
  1.600000E+01    14     1  3.790603E+01 -3.978632E+01
  1.600000E+01    14     2 -2.848965E+01 -3.070861E+01
  1.600000E+01    14     3 -1.265052E+00 -4.681470E+01
  1.600000E+01    14     4 -2.713570E+02 -2.903631E+02
  1.600000E+01    14     5 -4.227979E+02  5.856057E+02
  1.600000E+01    14     6 -1.203569E+01  5.213246E+00
  1.600000E+01    14     7 -2.920943E+01  2.122915E+01
  1.600000E+01    14     8 -2.766577E+01 -3.013217E+01
  1.600000E+01    14     9  1.316455E+01  3.100613E+01
  1.600000E+01    14    10 -2.792632E+02 -3.060639E+02
  1.600000E+01    14    11  2.875454E+02 -2.138231E+02
  1.600000E+01    14    12 -8.712621E+00 -8.695107E+00
  1.600000E+01    14    13  5.853302E+03 -2.243385E+00
  1.600000E+01    14    14  5.606175E+03  7.552338E+01
  1.600000E+01    14    15 -1.646152E+02 -1.385097E+01
  1.600000E+01    14    16  7.639161E+04  7.801379E+02
  1.600000E+01    14    17 -1.125995E+05  5.844870E+01
  1.600000E+01    14    18 -1.159534E+03  1.870391E+01
  1.600000E+01    14    19  4.445600E+03 -8.617276E+01
  1.600000E+01    14    20 -4.136298E+03 -6.575684E+01
  1.600000E+01    14    21  3.738363E+01  2.108308E+01
  1.600000E+01    14    22 -2.376295E+04 -1.088168E+03
  1.600000E+01    14    23 -1.539327E+04  1.101605E+03
  1.600000E+01    14    24  1.127392E+05 -1.461885E+02
  1.600000E+01    14    25 -1.503393E+01 -1.028848E+01
  1.600000E+01    14    26 -1.222129E+01 -7.747612E+00
  1.600000E+01    14    27  5.913635E-02 -3.902215E+00
  1.600000E+01    14    28 -8.677431E+01 -5.538618E+01
  1.600000E+01    14    29  1.061241E+02  7.346984E+01
  1.600000E+01    14    30  1.904055E-02  6.223356E-02
  1.600000E+01    15     1 -5.476161E+00 -9.569398E+01
  1.600000E+01    15     2  5.622544E+00  3.824651E+01
  1.600000E+01    15     3 -5.207442E+01  2.229921E+01
  1.600000E+01    15     4  4.734346E+01  3.587214E+02
  1.600000E+01    15     5  5.125924E+01  1.182618E+03
  1.600000E+01    15     6  1.279200E+00  2.869257E+01
  1.600000E+01    15     7 -7.050878E+00 -6.469399E+01
  1.600000E+01    15     8 -7.451256E+00 -3.815660E+01
  1.600000E+01    15     9 -5.343163E+01  2.431355E+01
  1.600000E+01    15    10 -7.454170E+01 -3.840068E+02
  1.600000E+01    15    11  5.779446E+01  6.444754E+02
  1.600000E+01    15    12 -3.044470E+00 -1.203854E+01
  1.600000E+01    15    13  1.424599E+02 -1.062153E+01
  1.600000E+01    15    14  1.470922E+01 -1.390626E-01
  1.600000E+01    15    15  1.628377E+03  1.061827E+02
  1.600000E+01    15    16  4.147021E+02  3.593447E-01
  1.600000E+01    15    17 -2.372473E+03  1.253410E+02
  1.600000E+01    15    18  1.408066E+01 -3.648367E-01
  1.600000E+01    15    19 -3.015475E+01 -3.909245E+01
  1.600000E+01    15    20  7.945349E+01  1.142750E+02
  1.600000E+01    15    21  5.805195E+02 -2.325098E+02
  1.600000E+01    15    22 -1.585457E+04  1.683081E+03
  1.600000E+01    15    23 -9.288571E+03  5.070565E+02
  1.600000E+01    15    24  7.243829E+02 -3.644246E+02
  1.600000E+01    15    25 -7.345692E+00 -6.220068E+00
  1.600000E+01    15    26  1.275462E+01  1.121819E+01
  1.600000E+01    15    27 -8.572920E+00  2.754830E+01
  1.600000E+01    15    28  9.263392E+01  8.004932E+01
  1.600000E+01    15    29  5.287788E+01  4.382727E+01
  1.600000E+01    15    30  1.664363E-01 -3.361275E-01
  1.600000E+01    16     1  3.843085E+02 -2.582988E+02
  1.600000E+01    16     2 -2.752842E+02 -3.316537E+02
  1.600000E+01    16     3  4.961985E+01 -4.729937E+02
  1.600000E+01    16     4 -2.613948E+03 -3.133138E+03
  1.600000E+01    16     5 -4.317534E+03  4.068260E+03
  1.600000E+01    16     6 -1.200851E+02  1.471965E+01
  1.600000E+01    16     7 -2.549515E+02  2.742176E+02
  1.600000E+01    16     8 -2.465696E+02 -2.459805E+02
  1.600000E+01    16     9  1.779842E+02  2.570751E+02
  1.600000E+01    16    10 -2.490522E+03 -2.502389E+03
  1.600000E+01    16    11  2.521382E+03 -2.756641E+03
  1.600000E+01    16    12 -7.686607E+01 -6.992799E+01
  1.600000E+01    16    13  1.023600E+05 -7.748532E-02
  1.600000E+01    16    14  7.450725E+04  7.161563E+02
  1.600000E+01    16    15 -2.895728E+03 -2.492501E+02
  1.600000E+01    16    16  1.205210E+06  7.393854E+03
  1.600000E+01    16    17 -1.967516E+06  3.137202E+02
  1.600000E+01    16    18 -2.344490E+04  1.780622E+02
  1.600000E+01    16    19  8.106540E+04 -7.800344E+02
  1.600000E+01    16    20 -7.042231E+04 -7.413129E+02
  1.600000E+01    16    21  5.968029E+02  4.831682E+02
  1.600000E+01    16    22 -3.893079E+05 -1.202251E+04
  1.600000E+01    16    23 -3.092438E+05  1.001600E+04
  1.600000E+01    16    24  2.087117E+06 -9.384463E+02
  1.600000E+01    16    25 -1.254751E+02 -9.091160E+01
  1.600000E+01    16    26 -1.337280E+02 -8.471677E+01
  1.600000E+01    16    27  3.444368E+00 -7.040993E+01
  1.600000E+01    16    28 -9.511452E+02 -6.054673E+02
  1.600000E+01    16    29  8.851614E+02  6.498067E+02
  1.600000E+01    16    30  9.657472E-02  9.990250E-01
  1.600000E+01    17     1 -1.444908E+03 -9.133480E+02
  1.600000E+01    17     2  3.627992E+02 -1.857252E+02
  1.600000E+01    17     3  6.072611E+01  6.303402E+02
  1.600000E+01    17     4  3.235153E+03 -1.766942E+03
  1.600000E+01    17     5  1.827516E+04  1.247030E+04
  1.600000E+01    17     6  4.047950E+02  2.048315E+02
  1.600000E+01    17     7 -1.036198E+03 -2.900305E+02
  1.600000E+01    17     8 -4.930748E+02  1.419870E+02
  1.600000E+01    17     9  1.561660E+02  8.833124E+02
  1.600000E+01    17    10 -4.914167E+03  1.430454E+03
  1.600000E+01    17    11  1.029960E+04  3.123561E+03
  1.600000E+01    17    12 -1.558172E+02  4.593810E+01
  1.600000E+01    17    13 -5.367386E+04 -1.022081E+03
  1.600000E+01    17    14 -5.179016E+04  1.820030E+02
  1.600000E+01    17    15 -2.827940E+04  2.985532E+01
  1.600000E+01    17    16 -6.992334E+05  2.068708E+03
  1.600000E+01    17    17 -4.086671E+05  1.102675E+04
  1.600000E+01    17    18  7.845483E+03  8.635689E+00
  1.600000E+01    17    19 -5.166950E+04  5.454329E+02
  1.600000E+01    17    20 -3.792911E+04 -7.835674E+02
  1.600000E+01    17    21 -2.907012E+04 -2.574669E+03
  1.600000E+01    17    22 -1.577253E+05 -1.444723E+04
  1.600000E+01    17    23 -6.325484E+04 -1.174675E+04
  1.600000E+01    17    24 -3.448051E+06 -3.076104E+03
  1.600000E+01    17    25 -3.135325E+02  3.285115E+01
  1.600000E+01    17    26  4.297036E+02 -1.054390E+02
  1.600000E+01    17    27  4.961374E+02  2.955409E+02
  1.600000E+01    17    28  3.011035E+03 -7.540151E+02
  1.600000E+01    17    29  2.171369E+03 -2.317972E+02
  1.600000E+01    17    30 -7.947283E+00 -3.832414E+00
  1.600000E+01    18     1  8.449699E+00 -3.530486E+01
  1.600000E+01    18     2 -9.665180E+00 -5.165895E+00
  1.600000E+01    18     3 -1.084429E+01 -1.254715E+01
  1.600000E+01    18     4 -9.357819E+01 -4.924963E+01
  1.600000E+01    18     5 -8.625128E+01  4.752977E+02
  1.600000E+01    18     6 -3.098213E+00  7.827825E+00
  1.600000E+01    18     7 -1.535848E+01 -3.824678E+00
  1.600000E+01    18     8 -1.370272E+01 -1.762731E+01
  1.600000E+01    18     9 -3.077826E+00  1.858215E+01
  1.600000E+01    18    10 -1.381719E+02 -1.784272E+02
  1.600000E+01    18    11  1.494993E+02  3.787415E+01
  1.600000E+01    18    12 -4.451437E+00 -5.250851E+00
  1.600000E+01    18    13 -4.295043E+03 -5.208859E+00
  1.600000E+01    18    14 -2.541129E+02  2.847156E+01
  1.600000E+01    18    15  6.069026E+01  1.377718E+01
  1.600000E+01    18    16 -7.967481E+03  2.949204E+02
  1.600000E+01    18    17  7.921342E+04  7.092902E+01
  1.600000E+01    18    18  3.891919E+03  6.906749E+00
  1.600000E+01    18    19 -3.512928E+03 -3.797526E+01
  1.600000E+01    18    20  2.850104E+03 -6.557435E+00
  1.600000E+01    18    21 -6.648934E+01 -4.004594E+01
  1.600000E+01    18    22  1.315239E+04 -1.499279E+02
  1.600000E+01    18    23  1.495927E+04  4.739144E+02
  1.600000E+01    18    24 -8.203047E+04 -1.307274E+02
  1.600000E+01    18    25 -8.498962E+00 -4.933079E+00
  1.600000E+01    18    26 -1.081724E+00 -1.212360E+00
  1.600000E+01    18    27  4.024421E-02  4.177977E+00
  1.600000E+01    18    28 -7.612902E+00 -8.690876E+00
  1.600000E+01    18    29  6.016383E+01  3.513437E+01
  1.600000E+01    18    30  1.025800E-02 -4.594901E-02
  1.600000E+01    19     1  2.147341E+04  3.452220E+02
  1.600000E+01    19     2 -5.255304E+03 -2.218228E+02
  1.600000E+01    19     3  4.711574E+03 -1.056448E+02
  1.600000E+01    19     4 -6.584720E+04 -2.092897E+03
  1.600000E+01    19     5 -3.229160E+05 -4.147204E+03
  1.600000E+01    19     6 -1.309893E+04 -1.177502E+02
  1.600000E+01    19     7  1.600956E+04  2.071777E+02
  1.600000E+01    19     8 -5.320628E+02  2.099286E+02
  1.600000E+01    19     9  2.315738E+02 -1.520173E+02
  1.600000E+01    19    10 -6.919399E+03  2.116837E+03
  1.600000E+01    19    11 -2.831324E+05 -2.061840E+03
  1.600000E+01    19    12 -1.473507E+03  6.428432E+01
  1.600000E+01    19    13  6.188513E+03  1.301291E+02
  1.600000E+01    19    14  3.054725E+03  9.131363E+00
  1.600000E+01    19    15  5.871313E+02 -3.913466E+02
  1.600000E+01    19    16  5.144669E+04  6.925140E+01
  1.600000E+01    19    17 -8.186668E+04 -1.425994E+03
  1.600000E+01    19    18 -2.281975E+03  6.779107E+00
  1.600000E+01    19    19  1.017571E+04  2.061334E+02
  1.600000E+01    19    20  6.123791E+03 -4.609460E+02
  1.600000E+01    19    21  9.526929E+03  9.622590E+02
  1.600000E+01    19    22  2.305499E+03 -6.480769E+03
  1.600000E+01    19    23  2.909438E+05 -2.963128E+03
  1.600000E+01    19    24  3.513159E+05  1.153355E+03
  1.600000E+01    19    25 -1.852543E+01  2.778493E+01
  1.600000E+01    19    26 -8.499615E+01 -4.302488E+01
  1.600000E+01    19    27 -9.821688E+01 -1.155471E+02
  1.600000E+01    19    28 -6.095828E+02 -3.063261E+02
  1.600000E+01    19    29 -5.433706E+01 -1.957747E+02
  1.600000E+01    19    30  2.227768E+00  1.409105E+00
  1.600000E+01    20     1  1.566950E+04  1.342921E+02
  1.600000E+01    20     2 -4.413613E+03 -3.516710E+01
  1.600000E+01    20     3  3.148968E+03 -8.061696E+01
  1.600000E+01    20     4 -6.147289E+04 -3.336987E+02
  1.600000E+01    20     5 -2.363695E+05 -1.711158E+03
  1.600000E+01    20     6 -5.799317E+03 -3.871558E+01
  1.600000E+01    20     7  1.834452E+04  5.619509E+01
  1.600000E+01    20     8  1.796231E+03 -8.077876E+00
  1.600000E+01    20     9  8.964477E+01 -8.976463E+01
  1.600000E+01    20    10  3.876191E+04 -8.264537E+01
  1.600000E+01    20    11 -3.275277E+05 -5.844050E+02
  1.600000E+01    20    12 -4.896914E+03 -2.223791E+00
  1.600000E+01    20    13  2.794236E+03  9.818127E+01
  1.600000E+01    20    14 -2.008711E+03  2.937229E+01
  1.600000E+01    20    15 -1.282418E+03 -6.956021E+01
  1.600000E+01    20    16 -2.344961E+04  2.841608E+02
  1.600000E+01    20    17 -1.110387E+05 -1.044234E+03
  1.600000E+01    20    18 -2.554910E+02  1.083385E+01
  1.600000E+01    20    19 -1.496594E+03 -6.265318E+01
  1.600000E+01    20    20  1.570230E+04 -2.931250E+01
  1.600000E+01    20    21  4.157714E+03  3.736401E+02
  1.600000E+01    20    22  2.966832E+04 -1.947495E+02
  1.600000E+01    20    23  1.565295E+05  1.176947E+03
  1.600000E+01    20    24  6.565177E+04  5.317286E+02
  1.600000E+01    20    25 -1.035548E+02 -3.125699E+00
  1.600000E+01    20    26  8.871407E+01 -6.284108E-01
  1.600000E+01    20    27 -4.533184E+01 -4.405048E+01
  1.600000E+01    20    28  8.044195E+02 -4.201998E+00
  1.600000E+01    20    29  7.249434E+02  2.246066E+01
  1.600000E+01    20    30  1.189603E+00  5.590482E-01
  1.600000E+01    21     1 -5.368451E+03  3.319944E+02
  1.600000E+01    21     2  1.485138E+03  2.836052E+01
  1.600000E+01    21     3 -4.923037E+02 -1.338761E+02
  1.600000E+01    21     4  1.878657E+04  2.736179E+02
  1.600000E+01    21     5  8.854395E+04 -4.419233E+03
  1.600000E+01    21     6  2.790948E+03 -7.735842E+01
  1.600000E+01    21     7  9.064814E+02  1.407768E+02
  1.600000E+01    21     8  2.533445E+01 -2.321321E+01
  1.600000E+01    21     9  5.267892E+02 -1.924111E+02
  1.600000E+01    21    10  5.249802E+02 -2.365102E+02
  1.600000E+01    21    11 -1.032747E+04 -1.455012E+03
  1.600000E+01    21    12 -1.920077E+01 -6.538540E+00
  1.600000E+01    21    13  9.986062E+02  1.768636E+02
  1.600000E+01    21    14 -1.287979E+02 -3.516640E+01
  1.600000E+01    21    15  5.860339E+02 -1.350498E+02
  1.600000E+01    21    16 -2.062972E+03 -3.958499E+02
  1.600000E+01    21    17 -1.112850E+04 -1.929752E+03
  1.600000E+01    21    18  8.587339E+01 -2.519042E+00
  1.600000E+01    21    19  3.399338E+03 -9.524327E+01
  1.600000E+01    21    20  7.944947E+02  4.942270E+01
  1.600000E+01    21    21  2.156424E+04  7.655552E+02
  1.600000E+01    21    22  8.383281E+03  1.210564E+03
  1.600000E+01    21    23 -8.269816E+04  2.352453E+03
  1.600000E+01    21    24 -3.845425E+04  1.290092E+03
  1.600000E+01    21    25  2.740976E+01 -6.082522E-01
  1.600000E+01    21    26  1.894001E+01  9.945406E+00
  1.600000E+01    21    27 -2.358768E+02 -8.761484E+01
  1.600000E+01    21    28  1.362142E+02  7.101334E+01
  1.600000E+01    21    29 -1.733061E+02  4.202444E+00
  1.600000E+01    21    30 -6.080244E-01  1.112109E+00
  1.600000E+01    22     1  2.422735E+04  1.612390E+03
  1.600000E+01    22     2 -1.914082E+03  1.422966E+03
  1.600000E+01    22     3  5.224392E+03  2.455482E+02
  1.600000E+01    22     4 -5.113517E+04  1.334147E+04
  1.600000E+01    22     5 -3.574512E+05 -2.399655E+04
  1.600000E+01    22     6 -4.765839E+03 -1.892718E+02
  1.600000E+01    22     7  8.285861E+04 -7.910200E+02
  1.600000E+01    22     8  7.779367E+03 -9.340609E+02
  1.600000E+01    22     9  1.390222E+04 -1.536916E+03
  1.600000E+01    22    10  1.767828E+05 -9.393195E+03
  1.600000E+01    22    11 -1.364914E+06  7.407906E+03
  1.600000E+01    22    12 -1.956543E+04 -2.920232E+02
  1.600000E+01    22    13 -2.074980E+04  1.078278E+03
  1.600000E+01    22    14 -2.609703E+03 -9.327869E+02
  1.600000E+01    22    15 -2.054419E+04  1.421601E+03
  1.600000E+01    22    16  2.022598E+04 -9.847446E+03
  1.600000E+01    22    17 -3.139641E+04 -1.192612E+04
  1.600000E+01    22    18 -8.816211E+03 -1.945175E+02
  1.600000E+01    22    19  8.931674E+03 -7.860814E+02
  1.600000E+01    22    20  7.219174E+04  3.835382E+03
  1.600000E+01    22    21  3.580652E+03  7.589703E+02
  1.600000E+01    22    22  1.202962E+07  6.213529E+04
  1.600000E+01    22    23  7.537569E+04  2.011903E+04
  1.600000E+01    22    24  6.844331E+05  6.950854E+03
  1.600000E+01    22    25 -1.650121E+02 -1.360408E+01
  1.600000E+01    22    26  5.602737E+03  4.370508E+02
  1.600000E+01    22    27 -4.041193E+01 -3.741193E+01
  1.600000E+01    22    28  4.177663E+04  3.121303E+03
  1.600000E+01    22    29  9.105279E+02  8.109245E+01
  1.600000E+01    22    30  1.174126E+01  6.124260E-01
  1.600000E+01    23     1 -3.601382E+05 -4.169340E+03
  1.600000E+01    23     2  9.544755E+04  3.421888E+03
  1.600000E+01    23     3 -5.163512E+04  7.805715E+02
  1.600000E+01    23     4  1.222833E+06  3.233956E+04
  1.600000E+01    23     5  5.714934E+06  4.875781E+04
  1.600000E+01    23     6  1.804559E+05  1.528815E+03
  1.600000E+01    23     7 -6.455653E+04 -2.441986E+03
  1.600000E+01    23     8 -5.913996E+03 -3.332944E+03
  1.600000E+01    23     9 -9.515045E+03  1.599836E+03
  1.600000E+01    23    10 -7.238759E+04 -3.362448E+04
  1.600000E+01    23    11  1.075664E+06  2.406884E+04
  1.600000E+01    23    12  5.402153E+03 -1.017838E+03
  1.600000E+01    23    13 -3.589895E+04 -1.137647E+03
  1.600000E+01    23    14 -3.399322E+03 -1.463113E+02
  1.600000E+01    23    15 -1.168844E+04  5.396230E+03
  1.600000E+01    23    16 -6.279795E+04 -1.281103E+03
  1.600000E+01    23    17  3.952001E+05  1.260511E+04
  1.600000E+01    23    18  2.447844E+03 -7.485664E+01
  1.600000E+01    23    19  1.396577E+05 -3.794862E+03
  1.600000E+01    23    20  2.546251E+04  7.081479E+03
  1.600000E+01    23    21 -1.319139E+05 -1.130052E+04
  1.600000E+01    23    22  3.377201E+05  1.014652E+05
  1.600000E+01    23    23  6.755864E+06  5.829855E+04
  1.600000E+01    23    24 -2.635365E+06 -1.340955E+04
  1.600000E+01    23    25 -3.448502E+03 -4.644731E+02
  1.600000E+01    23    26  1.202751E+03  6.792794E+02
  1.600000E+01    23    27  1.285911E+03  1.369172E+03
  1.600000E+01    23    28  8.426524E+03  4.836771E+03
  1.600000E+01    23    29  2.625756E+04  3.276437E+03
  1.600000E+01    23    30 -1.508381E+01 -1.642267E+01
  1.600000E+01    24     1 -8.427905E+05 -4.726981E+03
  1.600000E+01    24     2  2.557340E+05  7.168595E+03
  1.600000E+01    24     3 -1.703677E+05  6.243768E+03
  1.600000E+01    24     4  3.537169E+06  6.750651E+04
  1.600000E+01    24     5  1.270015E+07  4.925845E+04
  1.600000E+01    24     6  3.164865E+05  2.251503E+03
  1.600000E+01    24     7 -2.590021E+05 -6.390506E+03
  1.600000E+01    24     8  8.978948E+04 -3.311908E+03
  1.600000E+01    24     9 -7.218938E+03  1.947560E+03
  1.600000E+01    24    10  1.567310E+06 -3.326946E+04
  1.600000E+01    24    11  4.517580E+06  6.378704E+04
  1.600000E+01    24    12 -5.857182E+04 -1.037951E+03
  1.600000E+01    24    13  3.419022E+05 -3.896385E+03
  1.600000E+01    24    14  8.852220E+04 -4.464068E+03
  1.600000E+01    24    15 -1.062879E+04  9.662989E+03
  1.600000E+01    24    16  1.820644E+06 -4.535620E+04
  1.600000E+01    24    17 -6.667334E+06  4.031922E+04
  1.600000E+01    24    18 -1.179157E+05 -1.251914E+03
  1.600000E+01    24    19  4.778868E+05  6.329519E+02
  1.600000E+01    24    20 -3.274202E+05  1.439505E+04
  1.600000E+01    24    21 -2.667413E+05 -2.475271E+04
  1.600000E+01    24    22 -7.074257E+05  2.110016E+05
  1.600000E+01    24    23 -1.099640E+07 -6.454226E+02
  1.600000E+01    24    24  1.271227E+07 -1.414246E+04
  1.600000E+01    24    25  4.862202E+03  4.115322E+01
  1.600000E+01    24    26  2.465022E+03  1.428469E+03
  1.600000E+01    24    27  3.041390E+03  3.081616E+03
  1.600000E+01    24    28  1.747272E+04  1.017960E+04
  1.600000E+01    24    29 -3.421197E+04 -3.583117E+02
  1.600000E+01    24    30 -6.401182E+01 -3.851870E+01
  1.600000E+01    25     1 -6.419026E+01  1.404659E+01
  1.600000E+01    25     2  1.432134E+00 -8.312719E-01
  1.600000E+01    25     3  1.111292E+01  1.523355E+01
  1.600000E+01    25     4 -3.641349E+00 -8.873806E+00
  1.600000E+01    25     5  8.210456E+02 -1.841059E+02
  1.600000E+01    25     6  1.545685E+01 -3.469177E+00
  1.600000E+01    25     7  1.620448E+01 -4.966513E+00
  1.600000E+01    25     8  1.829296E+01  1.229406E+01
  1.600000E+01    25     9 -7.757792E+00 -5.525992E+00
  1.600000E+01    25    10  1.822603E+02  1.245344E+02
  1.600000E+01    25    11 -1.584947E+02  5.154336E+01
  1.600000E+01    25    12  5.852896E+00  3.656577E+00
  1.600000E+01    25    13  1.942972E+01 -4.161835E+00
  1.600000E+01    25    14 -2.013033E+01 -1.278696E+01
  1.600000E+01    25    15 -7.719897E+00 -5.290135E+00
  1.600000E+01    25    16 -2.110233E+02 -1.313990E+02
  1.600000E+01    25    17 -2.264411E+02  3.747114E+01
  1.600000E+01    25    18 -4.231071E+00 -3.354514E+00
  1.600000E+01    25    19  1.588200E+02  2.815824E+01
  1.600000E+01    25    20  4.711215E+00 -1.617102E+00
  1.600000E+01    25    21 -2.244354E+01 -2.482289E+00
  1.600000E+01    25    22  7.394718E+01 -4.333561E+00
  1.600000E+01    25    23 -6.100254E+03 -4.041350E+02
  1.600000E+01    25    24 -4.374429E+02  4.649739E+01
  1.600000E+01    25    25  6.995403E+02  3.355075E+00
  1.600000E+01    25    26  1.943326E+00  3.229647E-02
  1.600000E+01    25    27  3.940316E+00  5.676735E-01
  1.600000E+01    25    28  4.559743E+01  2.636785E-01
  1.600000E+01    25    29 -4.990579E+03 -2.389252E+01
  1.600000E+01    25    30 -7.886844E-01 -1.200113E-02
  1.600000E+01    26     1  2.311504E+01  1.221064E+01
  1.600000E+01    26     2  1.553788E+01  1.123963E+01
  1.600000E+01    26     3  5.030647E+00  2.265718E+00
  1.600000E+01    26     4  1.360949E+02  1.054236E+02
  1.600000E+01    26     5 -3.457233E+02 -1.825352E+02
  1.600000E+01    26     6 -4.166255E+00 -1.361276E+00
  1.600000E+01    26     7  3.138703E+01 -6.203717E+00
  1.600000E+01    26     8 -1.090875E+01 -7.046809E+00
  1.600000E+01    26     9 -1.307806E+01 -1.162557E+01
  1.600000E+01    26    10 -1.102360E+02 -7.085442E+01
  1.600000E+01    26    11 -3.195682E+02  5.826305E+01
  1.600000E+01    26    12 -3.148645E+00 -2.205479E+00
  1.600000E+01    26    13 -3.188182E+01  7.962234E+00
  1.600000E+01    26    14 -1.056211E+01 -7.566268E+00
  1.600000E+01    26    15  1.331397E+01  1.109611E+01
  1.600000E+01    26    16 -1.034066E+02 -7.971958E+01
  1.600000E+01    26    17  3.332647E+02 -8.836667E+01
  1.600000E+01    26    18 -3.608570E+00 -1.606227E+00
  1.600000E+01    26    19 -1.016196E+01 -5.566117E+00
  1.600000E+01    26    20  1.435998E+02  2.977045E+01
  1.600000E+01    26    21  4.599697E+00  4.811417E+00
  1.600000E+01    26    22  5.815321E+03  4.814370E+02
  1.600000E+01    26    23  2.737987E+02  1.479208E+02
  1.600000E+01    26    24  1.504841E+02  5.244444E+01
  1.600000E+01    26    25  1.249197E+00 -5.823140E-02
  1.600000E+01    26    26  7.111431E+02  3.384445E+00
  1.600000E+01    26    27  1.192285E+00 -1.596476E-01
  1.600000E+01    26    28  5.107703E+03  2.416872E+01
  1.600000E+01    26    29 -2.911871E+01  2.914160E-01
  1.600000E+01    26    30 -3.180219E-01  3.063990E-03
  1.600000E+01    27     1  9.787657E-01  7.588370E-01
  1.600000E+01    27     2 -7.296336E-02 -6.231590E-02
  1.600000E+01    27     3  1.883545E-01 -3.823278E-01
  1.600000E+01    27     4 -5.568250E-01 -5.722113E-01
  1.600000E+01    27     5 -1.287947E+01 -9.868626E+00
  1.600000E+01    27     6 -2.568249E-01 -1.960365E-01
  1.600000E+01    27     7  4.924757E-01  4.053223E-01
  1.600000E+01    27     8  4.162285E-04  8.521009E-03
  1.600000E+01    27     9  1.278607E-01 -4.207504E-01
  1.600000E+01    27    10 -2.770571E-02  7.848112E-02
  1.600000E+01    27    11 -4.939648E+00 -4.146595E+00
  1.600000E+01    27    12  6.314809E-03  4.300800E-03
  1.600000E+01    27    13  5.835829E-01  4.214689E-01
  1.600000E+01    27    14  1.680706E-02  2.252312E-03
  1.600000E+01    27    15  1.067041E-01 -4.488764E-01
  1.600000E+01    27    16  6.878384E-02 -5.472962E-02
  1.600000E+01    27    17 -6.331087E+00 -4.564587E+00
  1.600000E+01    27    18  2.322605E-02  1.547210E-02
  1.600000E+01    27    19  3.255382E-01 -2.053941E-01
  1.600000E+01    27    20  1.107057E-01 -1.532708E-01
  1.600000E+01    27    21 -6.824860E+01  1.992638E+00
  1.600000E+01    27    22 -2.137704E+01 -1.282135E+00
  1.600000E+01    27    23  1.288616E+01  4.823085E+00
  1.600000E+01    27    24  3.655147E+00  2.893193E+00
  1.600000E+01    27    25 -5.952759E-01 -1.971916E-03
  1.600000E+01    27    26 -6.715163E-01 -5.162136E-03
  1.600000E+01    27    27  7.137443E+01 -2.323266E-01
  1.600000E+01    27    28 -7.719248E+00 -3.655772E-02
  1.600000E+01    27    29  7.546387E+00  1.491788E-02
  1.600000E+01    27    30 -4.803143E-01  2.940202E-03
  1.600000E+01    28     1  1.700808E+02  9.101841E+01
  1.600000E+01    28     2  1.133757E+02  8.315461E+01
  1.600000E+01    28     3  3.749641E+01  1.689080E+01
  1.600000E+01    28     4  9.917602E+02  7.799193E+02
  1.600000E+01    28     5 -2.545894E+03 -1.359478E+03
  1.600000E+01    28     6 -3.096118E+01 -1.023885E+01
  1.600000E+01    28     7  2.309650E+02 -4.597703E+01
  1.600000E+01    28     8 -7.973832E+01 -5.194156E+01
  1.600000E+01    28     9 -9.893765E+01 -8.649290E+01
  1.600000E+01    28    10 -8.069422E+02 -5.222457E+02
  1.600000E+01    28    11 -2.354761E+03  4.317924E+02
  1.600000E+01    28    12 -2.297818E+01 -1.626116E+01
  1.600000E+01    28    13 -2.337607E+02  5.920029E+01
  1.600000E+01    28    14 -7.765903E+01 -5.624422E+01
  1.600000E+01    28    15  1.004976E+02  8.198746E+01
  1.600000E+01    28    16 -7.610519E+02 -5.926037E+02
  1.600000E+01    28    17  2.450892E+03 -6.570591E+02
  1.600000E+01    28    18 -2.652476E+01 -1.194000E+01
  1.600000E+01    28    19 -6.765349E+01 -4.079401E+01
  1.600000E+01    28    20  1.288674E+03  2.205030E+02
  1.600000E+01    28    21  1.334030E+01  3.646227E+01
  1.600000E+01    28    22  4.543884E+04  3.567181E+03
  1.600000E+01    28    23  1.898031E+03  1.090100E+03
  1.600000E+01    28    24  1.081095E+03  3.903033E+02
  1.600000E+01    28    25  2.761635E+01 -3.706764E-01
  1.600000E+01    28    26  5.239870E+03  2.507971E+01
  1.600000E+01    28    27  1.431090E+01 -1.274176E+00
  1.600000E+01    28    28  4.628015E+04  1.790987E+02
  1.600000E+01    28    29 -3.654400E+02  1.726598E+00
  1.600000E+01    28    30  3.215305E-01  2.376906E-02
  1.600000E+01    29     1  4.830974E+02 -9.413274E+01
  1.600000E+01    29     2 -1.253293E+01  4.691153E+00
  1.600000E+01    29     3 -8.074878E+01 -1.165868E+02
  1.600000E+01    29     4  1.010813E+01  5.208162E+01
  1.600000E+01    29     5 -6.203044E+03  1.235960E+03
  1.600000E+01    29     6 -1.177871E+02  2.304702E+01
  1.600000E+01    29     7 -1.125736E+02  4.189860E+01
  1.600000E+01    29     8 -1.317041E+02 -8.941293E+01
  1.600000E+01    29     9  6.053449E+01  3.581812E+01
  1.600000E+01    29    10 -1.312962E+03 -9.058531E+02
  1.600000E+01    29    11  1.102375E+03 -4.336850E+02
  1.600000E+01    29    12 -4.222151E+01 -2.656628E+01
  1.600000E+01    29    13 -1.313339E+02  3.542058E+01
  1.600000E+01    29    14  1.463665E+02  9.396423E+01
  1.600000E+01    29    15  5.847240E+01  3.245936E+01
  1.600000E+01    29    16  1.533235E+03  9.646887E+02
  1.600000E+01    29    17  1.544529E+03 -3.278522E+02
  1.600000E+01    29    18  3.122107E+01  2.482190E+01
  1.600000E+01    29    19 -1.379308E+03 -2.083729E+02
  1.600000E+01    29    20 -4.795020E+01  8.245138E+00
  1.600000E+01    29    21  2.473955E+02  4.310529E+01
  1.600000E+01    29    22 -1.058248E+03 -1.132214E+01
  1.600000E+01    29    23  4.695911E+04  3.010414E+03
  1.600000E+01    29    24  3.263454E+03 -3.078377E+02
  1.600000E+01    29    25 -5.102231E+03 -2.458686E+01
  1.600000E+01    29    26 -6.142441E+01 -4.907871E-01
  1.600000E+01    29    27 -5.144307E+01 -7.088961E+00
  1.600000E+01    29    28 -7.113409E+02 -3.742854E+00
  1.600000E+01    29    29  4.476892E+04  1.751092E+02
  1.600000E+01    29    30  1.043992E+01  1.249051E-01
  1.600000E+01    30     1  1.124532E+00  7.477520E-01
  1.600000E+01    30     2 -2.907057E-03 -2.160704E-02
  1.600000E+01    30     3  2.378803E-01 -3.617791E-01
  1.600000E+01    30     4  1.360893E-01 -1.899020E-01
  1.600000E+01    30     5 -1.427215E+01 -9.801040E+00
  1.600000E+01    30     6 -2.549279E-01 -1.874042E-01
  1.600000E+01    30     7  6.643434E-01  3.661997E-01
  1.600000E+01    30     8 -3.126137E-02 -1.971421E-02
  1.600000E+01    30     9  1.433356E-01 -4.317302E-01
  1.600000E+01    30    10 -3.353623E-01 -2.055474E-01
  1.600000E+01    30    11 -6.596095E+00 -3.763092E+00
  1.600000E+01    30    12 -4.485066E-03 -4.556832E-03
  1.600000E+01    30    13  5.644091E-01  4.261055E-01
  1.600000E+01    30    14 -2.772484E-02 -1.755098E-02
  1.600000E+01    30    15  2.097531E-01 -3.855336E-01
  1.600000E+01    30    16 -3.921980E-01 -2.604083E-01
  1.600000E+01    30    17 -5.942978E+00 -4.618535E+00
  1.600000E+01    30    18  1.371006E-02  1.071215E-02
  1.600000E+01    30    19  2.382343E-01 -2.246874E-01
  1.600000E+01    30    20  5.858003E-01 -4.780793E-02
  1.600000E+01    30    21 -3.172697E+00  1.898817E+00
  1.600000E+01    30    22  2.848412E+01  3.439669E-01
  1.600000E+01    30    23  1.498961E+01  5.215686E+00
  1.600000E+01    30    24  3.858664E+00  2.870746E+00
  1.600000E+01    30    25 -3.332584E-01 -3.648734E-03
  1.600000E+01    30    26  7.810581E-01  6.029245E-03
  1.600000E+01    30    27  1.942277E+00 -2.202387E-01
  1.600000E+01    30    28  8.326086E+00  4.330309E-02
  1.600000E+01    30    29  5.612145E+00  2.641949E-02
  1.600000E+01    30    30  4.676341E+01  2.791249E-03
  1.700000E+01     1     1 -9.338594E+03  3.010673E+00
  1.700000E+01     1     2  3.932921E+03  1.163490E+02
  1.700000E+01     1     3 -3.151937E+03  1.832095E+02
  1.700000E+01     1     4  5.210727E+04  1.095361E+03
  1.700000E+01     1     5  1.479747E+05 -2.510116E+02
  1.700000E+01     1     6  8.735093E+03  1.793120E+01
  1.700000E+01     1     7 -3.186629E+01 -1.386014E+02
  1.700000E+01     1     8 -4.965258E+01 -3.340586E+01
  1.700000E+01     1     9 -9.489427E+01  1.922539E+01
  1.700000E+01     1    10 -5.021437E+02 -3.338950E+02
  1.700000E+01     1    11  2.944707E+02  1.390789E+03
  1.700000E+01     1    12 -1.665698E+01 -1.090492E+01
  1.700000E+01     1    13 -1.610542E+02 -6.352957E+01
  1.700000E+01     1    14 -1.051410E+02 -1.010385E+02
  1.700000E+01     1    15 -2.432127E+01  1.796253E+02
  1.700000E+01     1    16 -1.065191E+03 -1.037563E+03
  1.700000E+01     1    17  1.644018E+03  6.442878E+02
  1.700000E+01     1    18 -3.293059E+01 -2.782681E+01
  1.700000E+01     1    19  3.605335E+03  7.580141E+01
  1.700000E+01     1    20  2.727921E+03  2.559702E+02
  1.700000E+01     1    21 -5.222139E+03 -4.058031E+02
  1.700000E+01     1    22  2.355314E+04  3.410857E+03
  1.700000E+01     1    23 -2.024462E+05 -6.842551E+02
  1.700000E+01     1    24 -9.836524E+04  6.899007E+01
  1.700000E+01     1    25  8.471616E+01  9.875975E+00
  1.700000E+01     1    26  5.200287E+01  2.564611E+01
  1.700000E+01     1    27  4.085046E+01  5.833800E+01
  1.700000E+01     1    28  3.704449E+02  1.836567E+02
  1.700000E+01     1    29 -5.993331E+02 -7.169664E+01
  1.700000E+01     1    30 -8.716337E-01 -6.508719E-01
  1.700000E+01     2     1 -8.725535E+03  1.923823E+01
  1.700000E+01     2     2  6.490467E+03  1.138449E+02
  1.700000E+01     2     3 -1.738676E+03  6.772801E+01
  1.700000E+01     2     4  7.925844E+04  1.080467E+03
  1.700000E+01     2     5  1.319656E+05 -4.582236E+02
  1.700000E+01     2     6  3.874154E+03  1.283282E+01
  1.700000E+01     2     7 -1.178566E+00 -7.086507E+01
  1.700000E+01     2     8 -5.202228E+01 -6.338014E+01
  1.700000E+01     2     9 -3.904724E+01 -1.941830E+01
  1.700000E+01     2    10 -5.260326E+02 -6.404856E+02
  1.700000E+01     2    11 -6.197714E+00  6.958044E+02
  1.700000E+01     2    12 -1.718204E+01 -1.979714E+01
  1.700000E+01     2    13 -1.220231E+02  9.728869E-01
  1.700000E+01     2    14 -9.137295E+01 -6.802052E+01
  1.700000E+01     2    15  2.167194E+01  1.337485E+02
  1.700000E+01     2    16 -9.257485E+02 -7.060464E+02
  1.700000E+01     2    17  1.242368E+03 -3.571103E+01
  1.700000E+01     2    18 -2.784530E+01 -1.708018E+01
  1.700000E+01     2    19  4.425654E+03 -2.946289E+01
  1.700000E+01     2    20  9.346877E+02  2.424246E+02
  1.700000E+01     2    21 -2.635274E+03 -1.728559E+02
  1.700000E+01     2    22  1.507564E+04  3.267482E+03
  1.700000E+01     2    23 -1.022369E+05  8.065093E+02
  1.700000E+01     2    24 -1.118625E+04  1.244272E+02
  1.700000E+01     2    25  4.509496E+01 -7.625376E-01
  1.700000E+01     2    26  4.659634E+01  2.467537E+01
  1.700000E+01     2    27  3.143197E+01  2.643084E+01
  1.700000E+01     2    28  3.313138E+02  1.767642E+02
  1.700000E+01     2    29 -3.189805E+02  4.495418E+00
  1.700000E+01     2    30 -5.876358E-01 -2.825364E-01
  1.700000E+01     3     1  8.589595E+03  1.293035E+01
  1.700000E+01     3     2 -1.772955E+03 -5.664188E+01
  1.700000E+01     3     3  3.079210E+03  6.090897E+01
  1.700000E+01     3     4 -2.151307E+04 -5.452285E+02
  1.700000E+01     3     5 -1.343077E+05 -6.993907E+01
  1.700000E+01     3     6 -4.069105E+03 -1.131811E+01
  1.700000E+01     3     7  7.797521E+00 -1.178770E+01
  1.700000E+01     3     8  3.211038E+01  6.593925E+01
  1.700000E+01     3     9 -2.868131E+01  2.328544E+01
  1.700000E+01     3    10  3.268921E+02  6.695298E+02
  1.700000E+01     3    11 -7.476172E+01  1.382488E+02
  1.700000E+01     3    12  1.090257E+01  2.013991E+01
  1.700000E+01     3    13  6.874615E+01 -4.804132E+01
  1.700000E+01     3    14  3.999006E+01 -2.911664E+00
  1.700000E+01     3    15 -6.164474E+01 -5.144298E+01
  1.700000E+01     3    16  4.008274E+02 -2.177486E+01
  1.700000E+01     3    17 -7.148930E+02  5.107577E+02
  1.700000E+01     3    18  1.251999E+01 -2.586990E+00
  1.700000E+01     3    19 -4.428155E+03  1.177454E+02
  1.700000E+01     3    20 -1.487919E+03 -1.179602E+02
  1.700000E+01     3    21  3.331531E+03 -4.947242E+01
  1.700000E+01     3    22 -1.167613E+04 -1.581965E+03
  1.700000E+01     3    23  1.323983E+05 -1.754799E+03
  1.700000E+01     3    24  5.864827E+04  2.878448E+01
  1.700000E+01     3    25 -2.550695E+01  1.173238E+01
  1.700000E+01     3    26 -2.450127E+01 -1.194220E+01
  1.700000E+01     3    27 -3.370558E+01  6.075224E+00
  1.700000E+01     3    28 -1.742840E+02 -8.543513E+01
  1.700000E+01     3    29  1.766121E+02 -8.349787E+01
  1.700000E+01     3    30  6.131150E-01 -8.671097E-02
  1.700000E+01     4     1 -1.386711E+05 -6.046582E+00
  1.700000E+01     4     2  8.517956E+04  1.508731E+03
  1.700000E+01     4     3 -2.803595E+04  1.021471E+03
  1.700000E+01     4     4  1.184506E+06  1.432100E+04
  1.700000E+01     4     5  2.089806E+06 -2.623856E+03
  1.700000E+01     4     6  5.891504E+04  2.347028E+02
  1.700000E+01     4     7 -1.937709E+02 -1.045337E+03
  1.700000E+01     4     8 -6.316518E+02 -8.293011E+02
  1.700000E+01     4     9 -5.465215E+02 -8.883820E+01
  1.700000E+01     4    10 -6.382274E+03 -8.378142E+03
  1.700000E+01     4    11  1.720771E+03  1.031953E+04
  1.700000E+01     4    12 -2.116434E+02 -2.595682E+02
  1.700000E+01     4    13 -1.792157E+03 -1.047098E+02
  1.700000E+01     4    14 -1.261604E+03 -8.926902E+02
  1.700000E+01     4    15  2.672324E+02  1.927807E+03
  1.700000E+01     4    16 -1.276003E+04 -9.243971E+03
  1.700000E+01     4    17  1.831627E+04  8.137328E+02
  1.700000E+01     4    18 -3.878042E+02 -2.282619E+02
  1.700000E+01     4    19  7.000398E+04 -3.278803E+02
  1.700000E+01     4    20  1.188205E+04  3.221773E+03
  1.700000E+01     4    21 -4.148327E+04 -2.876038E+03
  1.700000E+01     4    22  2.049293E+05  4.313946E+04
  1.700000E+01     4    23 -1.599367E+06  9.101295E+03
  1.700000E+01     4    24 -8.309525E+04  6.121348E+02
  1.700000E+01     4    25  7.217230E+02 -1.093859E+01
  1.700000E+01     4    26  6.166384E+02  3.245845E+02
  1.700000E+01     4    27  5.032644E+02  4.255284E+02
  1.700000E+01     4    28  4.386803E+03  2.325262E+03
  1.700000E+01     4    29 -5.101381E+03  6.551086E+01
  1.700000E+01     4    30 -9.383077E+00 -4.570503E+00
  1.700000E+01     5     1  1.755864E+05  8.515703E+02
  1.700000E+01     5     2 -7.131333E+04 -2.048832E+03
  1.700000E+01     5     3  5.494905E+04 -3.171737E+03
  1.700000E+01     5     4 -9.695372E+05 -1.933062E+04
  1.700000E+01     5     5 -2.530053E+06 -7.538106E+03
  1.700000E+01     5     6 -1.434599E+05 -5.365468E+02
  1.700000E+01     5     7  1.037460E+03  2.527243E+03
  1.700000E+01     5     8  6.303738E+02  6.703834E+02
  1.700000E+01     5     9  1.519220E+03 -7.943249E+02
  1.700000E+01     5    10  6.354707E+03  6.716972E+03
  1.700000E+01     5    11 -1.006713E+04 -2.541911E+04
  1.700000E+01     5    12  2.215987E+02  2.180073E+02
  1.700000E+01     5    13  3.260263E+03  1.270636E+03
  1.700000E+01     5    14  1.996051E+03  1.619275E+03
  1.700000E+01     5    15  3.221922E+02 -3.533078E+03
  1.700000E+01     5    16  2.017305E+04  1.657813E+04
  1.700000E+01     5    17 -3.346900E+04 -1.311564E+04
  1.700000E+01     5    18  6.306589E+02  4.544116E+02
  1.700000E+01     5    19 -5.545818E+04 -1.116991E+03
  1.700000E+01     5    20 -4.191049E+04 -4.486387E+03
  1.700000E+01     5    21  9.298223E+04  8.286805E+03
  1.700000E+01     5    22 -3.843988E+05 -5.892403E+04
  1.700000E+01     5    23  3.504144E+06  1.156732E+04
  1.700000E+01     5    24  1.417791E+06  2.437696E+03
  1.700000E+01     5    25 -1.684222E+03 -1.249780E+02
  1.700000E+01     5    26 -8.831809E+02 -4.387901E+02
  1.700000E+01     5    27 -9.469622E+02 -1.165008E+03
  1.700000E+01     5    28 -6.293987E+03 -3.141723E+03
  1.700000E+01     5    29  1.191672E+04  9.121626E+02
  1.700000E+01     5    30  1.861305E+01  1.290891E+01
  1.700000E+01     6     1  4.914452E+03  4.515897E+01
  1.700000E+01     6     2 -2.820019E+03 -3.990984E+01
  1.700000E+01     6     3  1.398227E+03 -4.623006E+01
  1.700000E+01     6     4 -4.462110E+04 -3.798171E+02
  1.700000E+01     6     5 -6.976171E+04 -5.257757E+02
  1.700000E+01     6     6  3.124878E+02 -1.734714E+01
  1.700000E+01     6     7  3.603144E+01  4.454034E+01
  1.700000E+01     6     8  6.928453E+00  2.098406E+01
  1.700000E+01     6     9  1.749096E+01 -2.644932E+01
  1.700000E+01     6    10  6.881643E+01  2.116999E+02
  1.700000E+01     6    11 -3.588551E+02 -4.476783E+02
  1.700000E+01     6    12  2.881183E+00  6.642003E+00
  1.700000E+01     6    13  7.788564E+01  2.219914E+01
  1.700000E+01     6    14  4.093606E+01  2.111439E+01
  1.700000E+01     6    15 -4.182771E+00 -7.694589E+01
  1.700000E+01     6    16  4.084944E+02  2.147957E+02
  1.700000E+01     6    17 -8.079920E+02 -2.347815E+02
  1.700000E+01     6    18  1.314685E+01  6.079137E+00
  1.700000E+01     6    19 -1.233693E+03  3.430668E-01
  1.700000E+01     6    20  1.040320E+03 -8.627312E+01
  1.700000E+01     6    21  2.328294E+03  1.731222E+02
  1.700000E+01     6    22 -4.178761E+01 -1.105031E+03
  1.700000E+01     6    23  8.538148E+04 -2.340849E+00
  1.700000E+01     6    24 -7.316042E+04  1.626778E+02
  1.700000E+01     6    25 -4.086348E+01  6.916028E-01
  1.700000E+01     6    26 -1.615536E+01 -8.103261E+00
  1.700000E+01     6    27 -2.890652E+01 -2.370843E+01
  1.700000E+01     6    28 -1.150393E+02 -5.811466E+01
  1.700000E+01     6    29  2.883332E+02 -4.611664E+00
  1.700000E+01     6    30  5.309939E-01  2.566918E-01
  1.700000E+01     7     1  1.190818E+02 -2.976723E+01
  1.700000E+01     7     2  1.208637E+01 -1.482887E+01
  1.700000E+01     7     3 -1.951780E+01 -4.816422E+01
  1.700000E+01     7     4  1.173738E+02 -1.340001E+02
  1.700000E+01     7     5 -1.593260E+03  4.280820E+02
  1.700000E+01     7     6 -2.766434E+01  5.114154E+00
  1.700000E+01     7     7  2.712241E+04  4.749312E+01
  1.700000E+01     7     8  1.227725E+03 -5.230827E+00
  1.700000E+01     7     9  3.269335E+02  2.567750E+01
  1.700000E+01     7    10  2.918106E+04 -5.482023E+01
  1.700000E+01     7    11 -4.584808E+05 -4.748809E+02
  1.700000E+01     7    12 -4.947670E+03 -1.203778E+00
  1.700000E+01     7    13  5.145690E+01 -3.741522E+00
  1.700000E+01     7    14 -1.782596E+01  2.683228E+01
  1.700000E+01     7    15 -2.808558E+01 -3.733521E+01
  1.700000E+01     7    16 -1.938274E+02  2.798561E+02
  1.700000E+01     7    17 -5.674351E+02  5.236582E+01
  1.700000E+01     7    18 -2.547860E+00  6.703446E+00
  1.700000E+01     7    19  9.703368E+03 -3.874032E+01
  1.700000E+01     7    20  2.120190E+04 -6.442822E+01
  1.700000E+01     7    21  1.070737E+03  5.687394E+01
  1.700000E+01     7    22  9.621870E+04 -9.361204E+02
  1.700000E+01     7    23 -3.508793E+04  3.925342E+02
  1.700000E+01     7    24  1.202595E+05 -1.057958E+02
  1.700000E+01     7    25  8.102776E+00 -5.180780E+00
  1.700000E+01     7    26  1.941927E+01 -7.301377E+00
  1.700000E+01     7    27 -2.978307E+01 -8.848063E+00
  1.700000E+01     7    28  1.366459E+02 -5.243682E+01
  1.700000E+01     7    29 -5.723145E+01  3.734529E+01
  1.700000E+01     7    30  4.125680E-01  1.031169E-01
  1.700000E+01     8     1 -9.215858E+01 -1.341040E+01
  1.700000E+01     8     2 -1.917082E+01 -2.811033E+01
  1.700000E+01     8     3 -7.391449E+00  3.552292E+01
  1.700000E+01     8     4 -1.629271E+02 -2.655510E+02
  1.700000E+01     8     5  1.262961E+03  2.255091E+02
  1.700000E+01     8     6  2.000414E+01 -9.190622E-01
  1.700000E+01     8     7 -4.731156E+03 -3.008677E+00
  1.700000E+01     8     8  5.253012E+03  6.197643E+01
  1.700000E+01     8     9 -4.492369E+01  1.594692E+01
  1.700000E+01     8    10  6.632181E+04  6.293857E+02
  1.700000E+01     8    11  8.373134E+04  4.696716E+01
  1.700000E+01     8    12  1.926367E+02  1.864418E+01
  1.700000E+01     8    13  2.694678E+01 -2.427888E+01
  1.700000E+01     8    14 -3.109758E+01 -2.546157E+01
  1.700000E+01     8    15 -1.928980E+01 -2.826165E+01
  1.700000E+01     8    16 -3.289737E+02 -2.595866E+02
  1.700000E+01     8    17 -3.074413E+02  2.486587E+02
  1.700000E+01     8    18 -6.868379E+00 -7.293532E+00
  1.700000E+01     8    19 -3.397487E+03  1.002129E+02
  1.700000E+01     8    20 -3.290380E+03 -6.733286E+01
  1.700000E+01     8    21 -4.540072E+01 -3.844513E+01
  1.700000E+01     8    22 -1.355781E+04 -9.021993E+02
  1.700000E+01     8    23  4.313119E+03 -1.463392E+03
  1.700000E+01     8    24  8.589918E+04 -1.333096E+02
  1.700000E+01     8    25  1.543118E+01  9.071364E+00
  1.700000E+01     8    26 -1.205066E+01 -6.810640E+00
  1.700000E+01     8    27 -1.995309E-01  4.488738E+00
  1.700000E+01     8    28 -8.549239E+01 -4.871002E+01
  1.700000E+01     8    29 -1.086593E+02 -6.453464E+01
  1.700000E+01     8    30 -2.689203E-02 -6.478344E-02
  1.700000E+01     9     1 -5.352955E+01 -1.531120E+02
  1.700000E+01     9     2 -5.469084E+00 -1.952554E+01
  1.700000E+01     9     3 -5.991956E+01  2.027997E+01
  1.700000E+01     9     4 -4.193367E+01 -1.806954E+02
  1.700000E+01     9     5  7.425352E+02  2.066979E+03
  1.700000E+01     9     6  1.319543E+01  3.508319E+01
  1.700000E+01     9     7  1.534841E+02 -9.043293E+00
  1.700000E+01     9     8 -1.468767E+01 -8.386561E-01
  1.700000E+01     9     9  1.673309E+03  1.116930E+02
  1.700000E+01     9    10 -2.849798E+02 -9.417551E+00
  1.700000E+01     9    11 -1.462945E+03  1.098076E+02
  1.700000E+01     9    12  3.868016E+01 -6.974606E-02
  1.700000E+01     9    13 -1.974323E+01 -6.891601E+01
  1.700000E+01     9    14  1.400671E+01  3.854605E+01
  1.700000E+01     9    15 -5.357011E+01  3.646325E+01
  1.700000E+01     9    16  1.510532E+02  4.134871E+02
  1.700000E+01     9    17  2.241030E+02  7.668418E+02
  1.700000E+01     9    18  3.030535E+00  7.306314E+00
  1.700000E+01     9    19 -2.186895E+01 -6.537396E+00
  1.700000E+01     9    20 -9.760850E+01 -6.907028E+01
  1.700000E+01     9    21  5.471972E+02 -2.409784E+02
  1.700000E+01     9    22  1.519795E+04 -1.137476E+03
  1.700000E+01     9    23 -9.363583E+03 -4.243112E+02
  1.700000E+01     9    24 -1.203920E+03 -5.901449E+02
  1.700000E+01     9    25 -7.364287E+00 -5.217475E+00
  1.700000E+01     9    26 -1.293808E+01 -9.459586E+00
  1.700000E+01     9    27 -6.167505E+00  2.952351E+01
  1.700000E+01     9    28 -9.440460E+01 -6.792567E+01
  1.700000E+01     9    29  5.408390E+01  3.758453E+01
  1.700000E+01     9    30  1.154541E-01 -3.203724E-01
  1.700000E+01    10     1 -9.615762E+02 -3.047149E+02
  1.700000E+01    10     2 -1.924358E+02 -2.956892E+02
  1.700000E+01    10     3 -1.415278E+02  3.717361E+02
  1.700000E+01    10     4 -1.631674E+03 -2.789313E+03
  1.700000E+01    10     5  1.317994E+04  4.545241E+03
  1.700000E+01    10     6  2.104315E+02  3.095344E+01
  1.700000E+01    10     7 -8.470816E+04 -4.278657E+01
  1.700000E+01    10     8  6.830039E+04  6.052217E+02
  1.700000E+01    10     9 -5.980924E+02  2.804686E+02
  1.700000E+01    10    10  1.026047E+06  6.145265E+03
  1.700000E+01    10    11  1.503184E+06  6.147829E+02
  1.700000E+01    10    12  6.391954E+02  1.822275E+02
  1.700000E+01    10    13  2.328391E+02 -3.136226E+02
  1.700000E+01    10    14 -2.817224E+02 -2.067200E+02
  1.700000E+01    10    15 -2.448884E+02 -2.313169E+02
  1.700000E+01    10    16 -2.977792E+03 -2.084963E+03
  1.700000E+01    10    17 -2.659910E+03  3.279863E+03
  1.700000E+01    10    18 -6.254819E+01 -6.332996E+01
  1.700000E+01    10    19 -6.367096E+04  9.733826E+02
  1.700000E+01    10    20 -5.757752E+04 -7.309965E+02
  1.700000E+01    10    21 -5.901578E+02 -6.521569E+02
  1.700000E+01    10    22 -2.219698E+05 -1.002945E+04
  1.700000E+01    10    23  1.238193E+05 -1.479663E+04
  1.700000E+01    10    24  1.604903E+06 -1.978227E+03
  1.700000E+01    10    25  1.344901E+02  8.289306E+01
  1.700000E+01    10    26 -1.344289E+02 -7.668209E+01
  1.700000E+01    10    27 -5.529568E+00  7.781814E+01
  1.700000E+01    10    28 -9.550847E+02 -5.487216E+02
  1.700000E+01    10    29 -9.458376E+02 -5.892070E+02
  1.700000E+01    10    30 -2.305793E-01 -1.002264E+00
  1.700000E+01    11     1 -8.970020E+02  6.751509E+02
  1.700000E+01    11     2 -1.004501E+02  1.604790E+02
  1.700000E+01    11     3  3.284865E+02  3.656457E+02
  1.700000E+01    11     4 -9.908482E+02  1.454590E+03
  1.700000E+01    11     5  1.194953E+04 -9.304028E+03
  1.700000E+01    11     6  2.047711E+02 -1.431043E+02
  1.700000E+01    11     7 -4.657107E+05 -3.717281E+02
  1.700000E+01    11     8 -2.590490E+04  8.284060E+01
  1.700000E+01    11     9 -4.153222E+03 -5.202389E+02
  1.700000E+01    11    10 -5.906766E+05  8.579047E+02
  1.700000E+01    11    11  8.177696E+06  3.673135E+03
  1.700000E+01    11    12  9.290125E+04  2.136651E+01
  1.700000E+01    11    13 -3.481431E+02  2.106533E+02
  1.700000E+01    11    14  8.569622E+01 -3.465352E+02
  1.700000E+01    11    15  3.710653E+02  1.890313E+02
  1.700000E+01    11    16  9.439077E+02 -3.642582E+03
  1.700000E+01    11    17  3.813483E+03 -2.445660E+03
  1.700000E+01    11    18  8.000467E+00 -8.055998E+01
  1.700000E+01    11    19 -1.735672E+05  4.014220E+02
  1.700000E+01    11    20 -3.864778E+05  6.890354E+02
  1.700000E+01    11    21 -1.304725E+04  1.866635E+02
  1.700000E+01    11    22 -1.636938E+06  1.043043E+04
  1.700000E+01    11    23  5.731143E+05 -2.944261E+03
  1.700000E+01    11    24 -2.359810E+06  2.482440E+03
  1.700000E+01    11    25 -2.929317E+01  6.343690E+01
  1.700000E+01    11    26 -1.320794E+02  8.324113E+01
  1.700000E+01    11    27  2.619152E+02 -7.341805E+00
  1.700000E+01    11    28 -9.172141E+02  5.979578E+02
  1.700000E+01    11    29  2.010610E+02 -4.567024E+02
  1.700000E+01    11    30 -3.755934E+00  5.760375E-03
  1.700000E+01    12     1 -2.043420E+01  2.312924E+01
  1.700000E+01    12     2 -5.562278E+00 -6.183079E+00
  1.700000E+01    12     3  8.730851E+00  7.828384E+00
  1.700000E+01    12     4 -4.756023E+01 -5.904442E+01
  1.700000E+01    12     5  2.813807E+02 -2.966145E+02
  1.700000E+01    12     6  4.201187E+00 -6.672051E+00
  1.700000E+01    12     7  3.300484E+03  1.391574E+00
  1.700000E+01    12     8 -7.225522E+02  2.067367E+01
  1.700000E+01    12     9  1.366473E+02 -1.426725E+01
  1.700000E+01    12    10 -1.436599E+04  2.100952E+02
  1.700000E+01    12    11 -5.542086E+04 -1.175821E+01
  1.700000E+01    12    12  3.623851E+03  6.198896E+00
  1.700000E+01    12    13  1.409200E+01  3.825759E+00
  1.700000E+01    12    14 -1.421423E+01 -1.500145E+01
  1.700000E+01    12    15  1.969647E+00 -1.689698E+01
  1.700000E+01    12    16 -1.508487E+02 -1.564577E+02
  1.700000E+01    12    17 -1.603909E+02 -4.979658E+01
  1.700000E+01    12    18 -3.102108E+00 -3.656828E+00
  1.700000E+01    12    19  3.260566E+03  3.423637E+01
  1.700000E+01    12    20  1.705892E+03 -1.140867E+01
  1.700000E+01    12    21  2.187401E+01  3.134625E+01
  1.700000E+01    12    22  3.122283E+03 -1.161630E+02
  1.700000E+01    12    23 -8.836647E+03 -4.082167E+02
  1.700000E+01    12    24 -1.016631E+05  6.366904E+01
  1.700000E+01    12    25  7.617589E+00  3.926496E+00
  1.700000E+01    12    26 -8.729205E-01 -7.241671E-01
  1.700000E+01    12    27  2.129139E-01 -3.933185E+00
  1.700000E+01    12    28 -6.144992E+00 -5.134681E+00
  1.700000E+01    12    29 -5.396145E+01 -2.801119E+01
  1.700000E+01    12    30 -7.234786E-03  3.744414E-02
  1.700000E+01    13     1  1.200616E+02  5.477368E+01
  1.700000E+01    13     2 -2.751796E+01  1.753565E+01
  1.700000E+01    13     3 -1.649678E+01 -5.542774E+01
  1.700000E+01    13     4 -2.472328E+02  1.671692E+02
  1.700000E+01    13     5 -1.532551E+03 -7.638067E+02
  1.700000E+01    13     6 -3.369754E+01 -1.155920E+01
  1.700000E+01    13     7  7.845497E+01  1.388683E+01
  1.700000E+01    13     8  3.379482E+01 -1.796276E+01
  1.700000E+01    13     9 -2.492508E+01 -7.037461E+01
  1.700000E+01    13    10  3.387282E+02 -1.820596E+02
  1.700000E+01    13    11 -7.854962E+02 -1.558586E+02
  1.700000E+01    13    12  1.082946E+01 -5.726402E+00
  1.700000E+01    13    13  4.627495E+03  7.367628E+01
  1.700000E+01    13    14  3.051372E+03 -9.101831E+00
  1.700000E+01    13    15  1.583792E+03  5.398710E-01
  1.700000E+01    13    16  4.228828E+04 -1.085680E+02
  1.700000E+01    13    17  7.904914E+03 -7.968836E+02
  1.700000E+01    13    18 -6.946605E+02  3.964113E-01
  1.700000E+01    13    19  3.143294E+03 -5.007523E+01
  1.700000E+01    13    20  1.968539E+03  6.764242E+01
  1.700000E+01    13    21  1.924272E+03  1.661280E+02
  1.700000E+01    13    22 -2.734221E+02  1.038558E+03
  1.700000E+01    13    23 -2.167498E+03  9.258759E+02
  1.700000E+01    13    24  2.018749E+05  1.815702E+02
  1.700000E+01    13    25  2.247385E+01 -3.544316E+00
  1.700000E+01    13    26 -3.299768E+01  8.317458E+00
  1.700000E+01    13    27 -4.217833E+01 -2.135793E+01
  1.700000E+01    13    28 -2.323065E+02  5.965671E+01
  1.700000E+01    13    29 -1.563039E+02  2.514602E+01
  1.700000E+01    13    30  5.802857E-01  2.429181E-01
  1.700000E+01    14     1  2.640185E+01 -4.123005E+01
  1.700000E+01    14     2 -2.854557E+01 -2.525546E+01
  1.700000E+01    14     3 -6.925361E+00 -4.536169E+01
  1.700000E+01    14     4 -2.726753E+02 -2.390918E+02
  1.700000E+01    14     5 -2.752584E+02  5.956629E+02
  1.700000E+01    14     6 -9.537407E+00  6.353812E+00
  1.700000E+01    14     7 -2.164306E+01  2.255958E+01
  1.700000E+01    14     8 -2.777061E+01 -2.484280E+01
  1.700000E+01    14     9  1.737494E+01  2.744326E+01
  1.700000E+01    14    10 -2.819521E+02 -2.536978E+02
  1.700000E+01    14    11  2.129062E+02 -2.284155E+02
  1.700000E+01    14    12 -8.743372E+00 -7.218913E+00
  1.700000E+01    14    13  5.844368E+03 -1.893992E+00
  1.700000E+01    14    14  5.576257E+03  6.207794E+01
  1.700000E+01    14    15 -1.645386E+02 -1.428254E+01
  1.700000E+01    14    16  7.611757E+04  6.443358E+02
  1.700000E+01    14    17 -1.124000E+05  4.888474E+01
  1.700000E+01    14    18 -1.159256E+03  1.555372E+01
  1.700000E+01    14    19  4.442737E+03 -7.222184E+01
  1.700000E+01    14    20 -4.129258E+03 -5.662218E+01
  1.700000E+01    14    21  3.876714E+01  1.889880E+01
  1.700000E+01    14    22 -2.356612E+04 -8.289266E+02
  1.700000E+01    14    23 -1.560425E+04  7.583239E+02
  1.700000E+01    14    24  1.126540E+05 -1.532456E+02
  1.700000E+01    14    25 -1.459294E+01 -8.564321E+00
  1.700000E+01    14    26 -1.192650E+01 -6.489219E+00
  1.700000E+01    14    27 -2.405636E-01 -3.997607E+00
  1.700000E+01    14    28 -8.500744E+01 -4.656881E+01
  1.700000E+01    14    29  1.034205E+02  6.139975E+01
  1.700000E+01    14    30  2.215783E-02  5.479173E-02
  1.700000E+01    15     1 -1.975166E+01 -9.129882E+01
  1.700000E+01    15     2  1.072863E+01  3.606318E+01
  1.700000E+01    15     3 -5.238070E+01  3.356916E+01
  1.700000E+01    15     4  9.628587E+01  3.406130E+02
  1.700000E+01    15     5  2.315083E+02  1.136780E+03
  1.700000E+01    15     6  5.635532E+00  2.776319E+01
  1.700000E+01    15     7 -1.612520E+01 -6.086694E+01
  1.700000E+01    15     8 -1.229741E+01 -3.575404E+01
  1.700000E+01    15     9 -5.327417E+01  3.567910E+01
  1.700000E+01    15    10 -1.239448E+02 -3.616204E+02
  1.700000E+01    15    11  1.500922E+02  6.103638E+02
  1.700000E+01    15    12 -4.560869E+00 -1.134802E+01
  1.700000E+01    15    13  1.392049E+02 -9.179564E+00
  1.700000E+01    15    14  1.464274E+01 -1.429276E-01
  1.700000E+01    15    15  1.636758E+03  1.124084E+02
  1.700000E+01    15    16  4.128439E+02  1.022551E-01
  1.700000E+01    15    17 -2.330941E+03  1.090650E+02
  1.700000E+01    15    18  1.425216E+01 -3.323126E-01
  1.700000E+01    15    19 -3.256285E+01 -3.474590E+01
  1.700000E+01    15    20  9.087175E+01  1.054228E+02
  1.700000E+01    15    21  5.475222E+02 -2.222938E+02
  1.700000E+01    15    22 -1.588312E+04  1.360485E+03
  1.700000E+01    15    23 -9.382775E+03  3.306518E+02
  1.700000E+01    15    24  6.628182E+02 -3.548768E+02
  1.700000E+01    15    25 -7.603901E+00 -5.469560E+00
  1.700000E+01    15    26  1.327063E+01  9.890836E+00
  1.700000E+01    15    27 -5.877874E+00  2.945524E+01
  1.700000E+01    15    28  9.662167E+01  7.083961E+01
  1.700000E+01    15    29  5.486119E+01  3.868358E+01
  1.700000E+01    15    30  1.208708E-01 -3.134163E-01
  1.700000E+01    16     1  2.905419E+02 -2.840945E+02
  1.700000E+01    16     2 -2.819618E+02 -2.775626E+02
  1.700000E+01    16     3 -6.218406E+00 -4.726933E+02
  1.700000E+01    16     4 -2.686059E+03 -2.627442E+03
  1.700000E+01    16     5 -3.111054E+03  4.309251E+03
  1.700000E+01    16     6 -1.011978E+02  2.830584E+01
  1.700000E+01    16     7 -1.761175E+02  2.811012E+02
  1.700000E+01    16     8 -2.447887E+02 -2.003422E+02
  1.700000E+01    16     9  2.161561E+02  2.137568E+02
  1.700000E+01    16    10 -2.487950E+03 -2.049846E+03
  1.700000E+01    16    11  1.739429E+03 -2.841771E+03
  1.700000E+01    16    12 -7.627904E+01 -5.724719E+01
  1.700000E+01    16    13  1.021991E+05 -5.468684E-01
  1.700000E+01    16    14  7.425502E+04  5.910660E+02
  1.700000E+01    16    15 -2.895327E+03 -2.580120E+02
  1.700000E+01    16    16  1.202577E+06  6.131864E+03
  1.700000E+01    16    17 -1.963938E+06  2.655780E+02
  1.700000E+01    16    18 -2.340300E+04  1.486777E+02
  1.700000E+01    16    19  8.097612E+04 -6.555273E+02
  1.700000E+01    16    20 -7.031011E+04 -6.453414E+02
  1.700000E+01    16    21  6.413906E+02  4.399738E+02
  1.700000E+01    16    22 -3.869630E+05 -9.244042E+03
  1.700000E+01    16    23 -3.104870E+05  6.971675E+03
  1.700000E+01    16    24  2.085289E+06 -1.041639E+03
  1.700000E+01    16    25 -1.222382E+02 -7.587341E+01
  1.700000E+01    16    26 -1.313662E+02 -7.150461E+01
  1.700000E+01    16    27 -2.325351E+00 -7.234617E+01
  1.700000E+01    16    28 -9.379246E+02 -5.130018E+02
  1.700000E+01    16    29  8.658221E+02  5.444630E+02
  1.700000E+01    16    30  1.664202E-01  8.878736E-01
  1.700000E+01    17     1 -1.341400E+03 -6.129991E+02
  1.700000E+01    17     2  2.745588E+02 -2.285375E+02
  1.700000E+01    17     3  1.910949E+02  5.695806E+02
  1.700000E+01    17     4  2.441346E+03 -2.176578E+03
  1.700000E+01    17     5  1.719206E+04  8.610370E+03
  1.700000E+01    17     6  3.726181E+02  1.244706E+02
  1.700000E+01    17     7 -9.035734E+02 -1.166281E+02
  1.700000E+01    17     8 -3.897135E+02  1.976877E+02
  1.700000E+01    17     9  3.084019E+02  7.902213E+02
  1.700000E+01    17    10 -3.904207E+03  2.000597E+03
  1.700000E+01    17    11  9.046461E+03  1.351049E+03
  1.700000E+01    17    12 -1.242353E+02  6.334467E+01
  1.700000E+01    17    13 -5.413452E+04 -8.144973E+02
  1.700000E+01    17    14 -5.197870E+04  1.462098E+02
  1.700000E+01    17    15 -2.816956E+04 -5.461552E+01
  1.700000E+01    17    16 -7.027751E+05  1.675138E+03
  1.700000E+01    17    17 -3.929654E+05  8.828388E+03
  1.700000E+01    17    18  8.140314E+03  7.069674E+00
  1.700000E+01    17    19 -5.205777E+04  5.189080E+02
  1.700000E+01    17    20 -3.748202E+04 -8.326026E+02
  1.700000E+01    17    21 -2.852860E+04 -1.755682E+03
  1.700000E+01    17    22 -1.639973E+05 -1.265876E+04
  1.700000E+01    17    23 -6.665164E+04 -9.913177E+03
  1.700000E+01    17    24 -3.454077E+06 -2.042217E+03
  1.700000E+01    17    25 -2.833903E+02  3.508938E+01
  1.700000E+01    17    26  3.838151E+02 -1.009235E+02
  1.700000E+01    17    27  4.898397E+02  2.242257E+02
  1.700000E+01    17    28  2.694427E+03 -7.238293E+02
  1.700000E+01    17    29  1.966374E+03 -2.485252E+02
  1.700000E+01    17    30 -7.027533E+00 -2.552131E+00
  1.700000E+01    18     1  2.042145E+00 -3.403202E+01
  1.700000E+01    18     2 -9.082104E+00 -3.830303E+00
  1.700000E+01    18     3 -1.257976E+01 -1.037298E+01
  1.700000E+01    18     4 -8.814731E+01 -3.630351E+01
  1.700000E+01    18     5 -3.731457E+00  4.580346E+02
  1.700000E+01    18     6 -1.515617E+00  7.789928E+00
  1.700000E+01    18     7 -1.377331E+01 -2.026577E+00
  1.700000E+01    18     8 -1.438004E+01 -1.514080E+01
  1.700000E+01    18     9 -8.891855E-01  1.898660E+01
  1.700000E+01    18    10 -1.457236E+02 -1.540139E+02
  1.700000E+01    18    11  1.345286E+02  2.008780E+01
  1.700000E+01    18    12 -4.668744E+00 -4.548616E+00
  1.700000E+01    18    13 -4.291361E+03 -4.296311E+00
  1.700000E+01    18    14 -2.583104E+02  2.374696E+01
  1.700000E+01    18    15  6.147184E+01  1.414516E+01
  1.700000E+01    18    16 -7.989750E+03  2.471120E+02
  1.700000E+01    18    17  7.914180E+04  5.897799E+01
  1.700000E+01    18    18  3.889492E+03  5.829895E+00
  1.700000E+01    18    19 -3.509631E+03 -3.232877E+01
  1.700000E+01    18    20  2.848489E+03 -5.306418E+00
  1.700000E+01    18    21 -7.017359E+01 -3.629174E+01
  1.700000E+01    18    22  1.313699E+04 -1.115909E+02
  1.700000E+01    18    23  1.481596E+04  3.208115E+02
  1.700000E+01    18    24 -8.197143E+04 -1.282868E+02
  1.700000E+01    18    25 -8.321134E+00 -4.165991E+00
  1.700000E+01    18    26 -1.079941E+00 -1.010850E+00
  1.700000E+01    18    27  3.893949E-01  4.199750E+00
  1.700000E+01    18    28 -7.639622E+00 -7.280671E+00
  1.700000E+01    18    29  5.913717E+01  2.978709E+01
  1.700000E+01    18    30  6.237495E-03 -4.038693E-02
  1.700000E+01    19     1  2.144646E+04  2.961421E+02
  1.700000E+01    19     2 -5.215422E+03 -1.846959E+02
  1.700000E+01    19     3  4.709993E+03 -1.013074E+02
  1.700000E+01    19     4 -6.560077E+04 -1.758147E+03
  1.700000E+01    19     5 -3.228842E+05 -3.588481E+03
  1.700000E+01    19     6 -1.309937E+04 -1.014185E+02
  1.700000E+01    19     7  1.602127E+04  1.664501E+02
  1.700000E+01    19     8 -5.210948E+02  1.877875E+02
  1.700000E+01    19     9  2.081916E+02 -1.565713E+02
  1.700000E+01    19    10 -6.792186E+03  1.902518E+03
  1.700000E+01    19    11 -2.833190E+05 -1.657990E+03
  1.700000E+01    19    12 -1.470563E+03  5.788939E+01
  1.700000E+01    19    13  6.159464E+03  7.363117E+01
  1.700000E+01    19    14  3.050895E+03 -2.968658E+00
  1.700000E+01    19    15  5.330894E+02 -3.800820E+02
  1.700000E+01    19    16  5.143071E+04 -4.491278E+01
  1.700000E+01    19    17 -8.176841E+04 -8.251973E+02
  1.700000E+01    19    18 -2.289311E+03  1.711511E+00
  1.700000E+01    19    19  1.022617E+04  2.033730E+02
  1.700000E+01    19    20  6.115288E+03 -3.980538E+02
  1.700000E+01    19    21  9.468367E+03  7.629724E+02
  1.700000E+01    19    22  3.124449E+03 -4.990004E+03
  1.700000E+01    19    23  2.888888E+05 -2.455204E+03
  1.700000E+01    19    24  3.511395E+05  1.029210E+03
  1.700000E+01    19    25 -9.257443E+00  2.578912E+01
  1.700000E+01    19    26 -8.269331E+01 -3.608857E+01
  1.700000E+01    19    27 -1.017367E+02 -1.023826E+02
  1.700000E+01    19    28 -5.955557E+02 -2.580518E+02
  1.700000E+01    19    29 -1.184888E+02 -1.827939E+02
  1.700000E+01    19    30  2.078633E+00  1.082074E+00
  1.700000E+01    20     1  1.562990E+04  1.088616E+02
  1.700000E+01    20     2 -4.386330E+03 -2.663100E+01
  1.700000E+01    20     3  3.146083E+03 -7.087836E+01
  1.700000E+01    20     4 -6.128632E+04 -2.583153E+02
  1.700000E+01    20     5 -2.360455E+05 -1.398219E+03
  1.700000E+01    20     6 -5.792817E+03 -3.141287E+01
  1.700000E+01    20     7  1.834800E+04  4.086609E+01
  1.700000E+01    20     8  1.807950E+03 -5.697184E-01
  1.700000E+01    20     9  7.806067E+01 -8.653091E+01
  1.700000E+01    20    10  3.887767E+04 -6.931509E+00
  1.700000E+01    20    11 -3.276178E+05 -4.259431E+02
  1.700000E+01    20    12 -4.895185E+03 -7.950189E-02
  1.700000E+01    20    13  2.748109E+03  7.151186E+01
  1.700000E+01    20    14 -2.023086E+03  1.731328E+01
  1.700000E+01    20    15 -1.294622E+03 -7.266120E+01
  1.700000E+01    20    16 -2.368353E+04  1.660860E+02
  1.700000E+01    20    17 -1.100055E+05 -7.685032E+02
  1.700000E+01    20    18 -2.411407E+02  6.852335E+00
  1.700000E+01    20    19 -1.492112E+03 -3.577832E+01
  1.700000E+01    20    20  1.574797E+04 -2.491496E+01
  1.700000E+01    20    21  4.121973E+03  2.877963E+02
  1.700000E+01    20    22  2.950408E+04 -1.644697E+02
  1.700000E+01    20    23  1.546518E+05  7.175284E+02
  1.700000E+01    20    24  6.505600E+04  4.300962E+02
  1.700000E+01    20    25 -9.592047E+01 -8.866645E-01
  1.700000E+01    20    26  8.747726E+01 -6.360260E-01
  1.700000E+01    20    27 -4.611995E+01 -3.782377E+01
  1.700000E+01    20    28  7.961349E+02 -4.499441E+00
  1.700000E+01    20    29  6.731758E+02  6.387214E+00
  1.700000E+01    20    30  1.108267E+00  4.176598E-01
  1.700000E+01    21     1 -5.402786E+03  2.484757E+02
  1.700000E+01    21     2  1.475669E+03  2.501002E+01
  1.700000E+01    21     3 -5.225503E+02 -1.319242E+02
  1.700000E+01    21     4  1.872516E+04  2.417290E+02
  1.700000E+01    21     5  8.900030E+04 -3.330749E+03
  1.700000E+01    21     6  2.798244E+03 -5.803469E+01
  1.700000E+01    21     7  8.740838E+02  9.961659E+01
  1.700000E+01    21     8  2.301486E+01 -2.152530E+01
  1.700000E+01    21     9  4.999128E+02 -1.792371E+02
  1.700000E+01    21    10  5.011819E+02 -2.196328E+02
  1.700000E+01    21    11 -1.003103E+04 -1.038375E+03
  1.700000E+01    21    12 -2.013978E+01 -6.240393E+00
  1.700000E+01    21    13  9.756216E+02  1.353945E+02
  1.700000E+01    21    14 -1.261266E+02 -2.746898E+01
  1.700000E+01    21    15  5.660301E+02 -1.253005E+02
  1.700000E+01    21    16 -2.033010E+03 -3.102583E+02
  1.700000E+01    21    17 -1.091877E+04 -1.484295E+03
  1.700000E+01    21    18  8.557204E+01 -2.037919E+00
  1.700000E+01    21    19  3.401029E+03 -7.729350E+01
  1.700000E+01    21    20  7.995727E+02  4.885642E+01
  1.700000E+01    21    21  2.149040E+04  5.765016E+02
  1.700000E+01    21    22  8.219249E+03  9.384972E+02
  1.700000E+01    21    23 -8.229550E+04  1.862987E+03
  1.700000E+01    21    24 -3.850402E+04  9.740588E+02
  1.700000E+01    21    25  2.511967E+01 -8.985434E-01
  1.700000E+01    21    26  1.847091E+01  8.427108E+00
  1.700000E+01    21    27 -2.371423E+02 -7.375487E+01
  1.700000E+01    21    28  1.333799E+02  6.045101E+01
  1.700000E+01    21    29 -1.578387E+02  6.308526E+00
  1.700000E+01    21    30 -8.141035E-01  8.155570E-01
  1.700000E+01    22     1  2.395598E+04  1.240936E+03
  1.700000E+01    22     2 -2.068235E+03  1.074958E+03
  1.700000E+01    22     3  5.183478E+03  1.913073E+02
  1.700000E+01    22     4 -5.241252E+04  1.012236E+04
  1.700000E+01    22     5 -3.537791E+05 -1.848093E+04
  1.700000E+01    22     6 -4.721096E+03 -1.480054E+02
  1.700000E+01    22     7  8.225559E+04 -6.642391E+02
  1.700000E+01    22     8  7.924097E+03 -6.947779E+02
  1.700000E+01    22     9  1.395204E+04 -1.223062E+03
  1.700000E+01    22    10  1.781402E+05 -7.020798E+03
  1.700000E+01    22    11 -1.359405E+06  6.322905E+03
  1.700000E+01    22    12 -1.953220E+04 -2.194513E+02
  1.700000E+01    22    13 -2.027375E+04  8.732990E+02
  1.700000E+01    22    14 -2.537681E+03 -7.176811E+02
  1.700000E+01    22    15 -2.060642E+04  1.102744E+03
  1.700000E+01    22    16  2.038462E+04 -7.617782E+03
  1.700000E+01    22    17 -3.355520E+04 -9.702186E+03
  1.700000E+01    22    18 -8.710850E+03 -1.498967E+02
  1.700000E+01    22    19  8.980192E+03 -5.739970E+02
  1.700000E+01    22    20  7.157960E+04  2.907449E+03
  1.700000E+01    22    21  3.497113E+03  5.708508E+02
  1.700000E+01    22    22  1.196884E+07  4.131059E+04
  1.700000E+01    22    23  6.974959E+04  1.489008E+04
  1.700000E+01    22    24  6.808442E+05  5.246118E+03
  1.700000E+01    22    25 -1.500615E+02 -6.894407E+00
  1.700000E+01    22    26  5.354093E+03  3.193291E+02
  1.700000E+01    22    27 -4.136057E+01 -3.037636E+01
  1.700000E+01    22    28  4.011588E+04  2.288898E+03
  1.700000E+01    22    29  8.173268E+02  3.753316E+01
  1.700000E+01    22    30  1.163122E+01  4.378073E-01
  1.700000E+01    23     1 -3.605445E+05 -3.317947E+03
  1.700000E+01    23     2  9.484487E+04  2.831745E+03
  1.700000E+01    23     3 -5.152639E+04  9.302593E+02
  1.700000E+01    23     4  1.219254E+06  2.698728E+04
  1.700000E+01    23     5  5.723571E+06  3.885152E+04
  1.700000E+01    23     6  1.806121E+05  1.249712E+03
  1.700000E+01    23     7 -6.440326E+04 -2.027574E+03
  1.700000E+01    23     8 -5.865533E+03 -2.801286E+03
  1.700000E+01    23     9 -9.352515E+03  1.513707E+03
  1.700000E+01    23    10 -7.221835E+04 -2.838584E+04
  1.700000E+01    23    11  1.074677E+06  2.000983E+04
  1.700000E+01    23    12  5.410060E+03 -8.626534E+02
  1.700000E+01    23    13 -3.504219E+04 -4.739769E+02
  1.700000E+01    23    14 -3.536944E+03 -1.427662E+02
  1.700000E+01    23    15 -1.105267E+04  5.068094E+03
  1.700000E+01    23    16 -6.445561E+04 -1.385619E+03
  1.700000E+01    23    17  3.875606E+05  5.439615E+03
  1.700000E+01    23    18  2.477823E+03 -4.987814E+01
  1.700000E+01    23    19  1.400703E+05 -3.239117E+03
  1.700000E+01    23    20  2.558245E+04  6.095440E+03
  1.700000E+01    23    21 -1.310900E+05 -8.752166E+03
  1.700000E+01    23    22  3.260222E+05  7.791370E+04
  1.700000E+01    23    23  6.728703E+06  4.304010E+04
  1.700000E+01    23    24 -2.636222E+06 -1.115855E+04
  1.700000E+01    23    25 -3.356150E+03 -3.764965E+02
  1.700000E+01    23    26  1.173059E+03  5.706463E+02
  1.700000E+01    23    27  1.319194E+03  1.189663E+03
  1.700000E+01    23    28  8.252837E+03  4.083019E+03
  1.700000E+01    23    29  2.566494E+04  2.668014E+03
  1.700000E+01    23    30 -1.320370E+01 -1.240499E+01
  1.700000E+01    24     1 -8.406411E+05 -3.495081E+03
  1.700000E+01    24     2  2.541965E+05  5.893504E+03
  1.700000E+01    24     3 -1.700139E+05  5.644112E+03
  1.700000E+01    24     4  3.526970E+06  5.599085E+04
  1.700000E+01    24     5  1.268257E+07  3.566677E+04
  1.700000E+01    24     6  3.161393E+05  1.779447E+03
  1.700000E+01    24     7 -2.595466E+05 -5.270875E+03
  1.700000E+01    24     8  8.958488E+04 -3.076599E+03
  1.700000E+01    24     9 -6.761161E+03  2.085679E+03
  1.700000E+01    24    10  1.564902E+06 -3.105552E+04
  1.700000E+01    24    11  4.524652E+06  5.269298E+04
  1.700000E+01    24    12 -5.863838E+04 -9.668511E+02
  1.700000E+01    24    13  3.424828E+05 -2.195467E+03
  1.700000E+01    24    14  8.887830E+04 -3.440159E+03
  1.700000E+01    24    15 -9.092244E+03  9.350912E+03
  1.700000E+01    24    16  1.822055E+06 -3.527840E+04
  1.700000E+01    24    17 -6.666174E+06  2.264726E+04
  1.700000E+01    24    18 -1.175490E+05 -9.420095E+02
  1.700000E+01    24    19  4.759577E+05 -3.549688E+02
  1.700000E+01    24    20 -3.271588E+05  1.238894E+04
  1.700000E+01    24    21 -2.643151E+05 -1.897352E+04
  1.700000E+01    24    22 -7.287075E+05  1.615502E+05
  1.700000E+01    24    23 -1.089522E+07  1.306160E+04
  1.700000E+01    24    24  1.271697E+07 -1.075671E+04
  1.700000E+01    24    25  4.501173E+03 -4.510325E+01
  1.700000E+01    24    26  2.404329E+03  1.198142E+03
  1.700000E+01    24    27  3.108572E+03  2.655960E+03
  1.700000E+01    24    28  1.711220E+04  8.581760E+03
  1.700000E+01    24    29 -3.175900E+04  2.739223E+02
  1.700000E+01    24    30 -5.883191E+01 -2.882382E+01
  1.700000E+01    25     1 -5.854269E+01  1.333407E+01
  1.700000E+01    25     2  1.147881E+00 -8.289117E-01
  1.700000E+01    25     3  1.212127E+01  1.366391E+01
  1.700000E+01    25     4 -5.794018E+00 -8.843487E+00
  1.700000E+01    25     5  7.515854E+02 -1.754545E+02
  1.700000E+01    25     6  1.421974E+01 -3.344954E+00
  1.700000E+01    25     7  1.456103E+01 -4.504706E+00
  1.700000E+01    25     8  1.783516E+01  1.028259E+01
  1.700000E+01    25     9 -7.947721E+00 -4.688415E+00
  1.700000E+01    25    10  1.785720E+02  1.046669E+02
  1.700000E+01    25    11 -1.424589E+02  4.695693E+01
  1.700000E+01    25    12  5.747640E+00  3.087653E+00
  1.700000E+01    25    13  1.769128E+01 -3.837128E+00
  1.700000E+01    25    14 -1.957578E+01 -1.066356E+01
  1.700000E+01    25    15 -7.884723E+00 -4.490515E+00
  1.700000E+01    25    16 -2.058774E+02 -1.100138E+02
  1.700000E+01    25    17 -2.078898E+02  3.544776E+01
  1.700000E+01    25    18 -4.199914E+00 -2.841146E+00
  1.700000E+01    25    19  1.557455E+02  2.337711E+01
  1.700000E+01    25    20  4.342262E+00 -1.515635E+00
  1.700000E+01    25    21 -2.167974E+01 -1.820839E+00
  1.700000E+01    25    22  6.957698E+01 -5.503358E+00
  1.700000E+01    25    23 -5.819047E+03 -2.809251E+02
  1.700000E+01    25    24 -4.085305E+02  4.718432E+01
  1.700000E+01    25    25  6.968749E+02  2.728365E+00
  1.700000E+01    25    26  1.951052E+00  2.244381E-02
  1.700000E+01    25    27  3.948547E+00  5.302845E-01
  1.700000E+01    25    28  4.556500E+01  1.876072E-01
  1.700000E+01    25    29 -4.976030E+03 -1.950388E+01
  1.700000E+01    25    30 -7.863197E-01 -9.792620E-03
  1.700000E+01    26     1  2.267704E+01  1.031311E+01
  1.700000E+01    26     2  1.513416E+01  9.389462E+00
  1.700000E+01    26     3  4.904181E+00  1.896024E+00
  1.700000E+01    26     4  1.333658E+02  8.848473E+01
  1.700000E+01    26     5 -3.395258E+02 -1.544279E+02
  1.700000E+01    26     6 -4.086656E+00 -1.160890E+00
  1.700000E+01    26     7  2.850355E+01 -5.829237E+00
  1.700000E+01    26     8 -1.062021E+01 -5.879896E+00
  1.700000E+01    26     9 -1.361505E+01 -1.026361E+01
  1.700000E+01    26    10 -1.078226E+02 -5.940078E+01
  1.700000E+01    26    11 -2.912838E+02  5.561272E+01
  1.700000E+01    26    12 -3.094082E+00 -1.859162E+00
  1.700000E+01    26    13 -2.885692E+01  7.302045E+00
  1.700000E+01    26    14 -1.033184E+01 -6.359689E+00
  1.700000E+01    26    15  1.375335E+01  9.721763E+00
  1.700000E+01    26    16 -1.020090E+02 -6.742263E+01
  1.700000E+01    26    17  3.024198E+02 -8.125609E+01
  1.700000E+01    26    18 -3.489044E+00 -1.343015E+00
  1.700000E+01    26    19 -9.945611E+00 -4.677794E+00
  1.700000E+01    26    20  1.417386E+02  2.514848E+01
  1.700000E+01    26    21  4.545499E+00  3.991747E+00
  1.700000E+01    26    22  5.563686E+03  3.566531E+02
  1.700000E+01    26    23  2.673357E+02  1.241373E+02
  1.700000E+01    26    24  1.446538E+02  4.333865E+01
  1.700000E+01    26    25  1.243146E+00 -4.311942E-02
  1.700000E+01    26    26  7.084467E+02  2.755632E+00
  1.700000E+01    26    27  1.176104E+00 -1.400561E-01
  1.700000E+01    26    28  5.092949E+03  1.975257E+01
  1.700000E+01    26    29 -2.901118E+01  2.075383E-01
  1.700000E+01    26    30 -3.172998E-01  2.411467E-03
  1.700000E+01    27     1  1.036453E+00  6.754839E-01
  1.700000E+01    27     2 -7.652888E-02 -5.528279E-02
  1.700000E+01    27     3  1.564288E-01 -4.396684E-01
  1.700000E+01    27     4 -5.961882E-01 -5.130191E-01
  1.700000E+01    27     5 -1.369102E+01 -8.831356E+00
  1.700000E+01    27     6 -2.743819E-01 -1.767200E-01
  1.700000E+01    27     7  5.199226E-01  3.574494E-01
  1.700000E+01    27     8  1.125242E-03  7.744895E-03
  1.700000E+01    27     9  9.199534E-02 -4.748082E-01
  1.700000E+01    27    10 -2.076045E-02  7.201673E-02
  1.700000E+01    27    11 -5.244387E+00 -3.677333E+00
  1.700000E+01    27    12  6.641816E-03  3.832462E-03
  1.700000E+01    27    13  6.075739E-01  3.699618E-01
  1.700000E+01    27    14  1.496820E-02  1.040397E-03
  1.700000E+01    27    15  6.828072E-02 -5.007382E-01
  1.700000E+01    27    16  4.535007E-02 -5.798138E-02
  1.700000E+01    27    17 -6.622515E+00 -4.029119E+00
  1.700000E+01    27    18  2.395300E-02  1.355973E-02
  1.700000E+01    27    19  3.075720E-01 -1.841760E-01
  1.700000E+01    27    20  1.011422E-01 -1.362035E-01
  1.700000E+01    27    21 -6.806905E+01  1.795637E+00
  1.700000E+01    27    22 -2.123734E+01 -1.061025E+00
  1.700000E+01    27    23  1.328788E+01  4.323421E+00
  1.700000E+01    27    24  3.909701E+00  2.602027E+00
  1.700000E+01    27    25 -5.949723E-01 -1.607541E-03
  1.700000E+01    27    26 -6.703141E-01 -4.345917E-03
  1.700000E+01    27    27  7.135155E+01 -2.343838E-01
  1.700000E+01    27    28 -7.712296E+00 -3.090133E-02
  1.700000E+01    27    29  7.545503E+00  1.221615E-02
  1.700000E+01    27    30 -4.790263E-01  2.581847E-03
  1.700000E+01    28     1  1.676124E+02  7.723025E+01
  1.700000E+01    28     2  1.108981E+02  6.975456E+01
  1.700000E+01    28     3  3.670768E+01  1.416223E+01
  1.700000E+01    28     4  9.760783E+02  6.573223E+02
  1.700000E+01    28     5 -2.511332E+03 -1.155420E+03
  1.700000E+01    28     6 -3.050232E+01 -8.777007E+00
  1.700000E+01    28     7  2.103887E+02 -4.336830E+01
  1.700000E+01    28     8 -7.794783E+01 -4.351953E+01
  1.700000E+01    28     9 -1.032852E+02 -7.670032E+01
  1.700000E+01    28    10 -7.925049E+02 -4.396344E+02
  1.700000E+01    28    11 -2.153130E+03  4.137401E+02
  1.700000E+01    28    12 -2.267385E+01 -1.376430E+01
  1.700000E+01    28    13 -2.121769E+02  5.448499E+01
  1.700000E+01    28    14 -7.629242E+01 -4.747317E+01
  1.700000E+01    28    15  1.040840E+02  7.207545E+01
  1.700000E+01    28    16 -7.540319E+02 -5.032870E+02
  1.700000E+01    28    17  2.230719E+03 -6.063504E+02
  1.700000E+01    28    18 -2.574743E+01 -1.002638E+01
  1.700000E+01    28    19 -6.640452E+01 -3.443222E+01
  1.700000E+01    28    20  1.277003E+03  1.870196E+02
  1.700000E+01    28    21  1.321451E+01  3.042816E+01
  1.700000E+01    28    22  4.370367E+04  2.653143E+03
  1.700000E+01    28    23  1.862495E+03  9.197623E+02
  1.700000E+01    28    24  1.042736E+03  3.241208E+02
  1.700000E+01    28    25  2.756302E+01 -2.709324E-01
  1.700000E+01    28    26  5.224745E+03  2.050245E+01
  1.700000E+01    28    27  1.418479E+01 -1.133449E+00
  1.700000E+01    28    28  4.619340E+04  1.469640E+02
  1.700000E+01    28    29 -3.647141E+02  1.187767E+00
  1.700000E+01    28    30  3.243921E-01  1.887454E-02
  1.700000E+01    29     1  4.432712E+02 -9.067530E+01
  1.700000E+01    29     2 -1.047488E+01  4.916488E+00
  1.700000E+01    29     3 -8.896578E+01 -1.058799E+02
  1.700000E+01    29     4  2.579617E+01  5.404108E+01
  1.700000E+01    29     5 -5.714339E+03  1.194851E+03
  1.700000E+01    29     6 -1.091144E+02  2.257884E+01
  1.700000E+01    29     7 -1.008347E+02  3.776519E+01
  1.700000E+01    29     8 -1.289391E+02 -7.509260E+01
  1.700000E+01    29     9  6.161537E+01  2.938745E+01
  1.700000E+01    29    10 -1.291722E+03 -7.644815E+02
  1.700000E+01    29    11  9.873496E+02 -3.927561E+02
  1.700000E+01    29    12 -4.163106E+01 -2.252613E+01
  1.700000E+01    29    13 -1.193988E+02  3.226629E+01
  1.700000E+01    29    14  1.429177E+02  7.868340E+01
  1.700000E+01    29    15  5.928392E+01  2.648984E+01
  1.700000E+01    29    16  1.501961E+03  8.110308E+02
  1.700000E+01    29    17  1.417052E+03 -3.047023E+02
  1.700000E+01    29    18  3.111691E+01  2.110629E+01
  1.700000E+01    29    19 -1.359338E+03 -1.737285E+02
  1.700000E+01    29    20 -4.521677E+01  8.096209E+00
  1.700000E+01    29    21  2.424024E+02  3.463555E+01
  1.700000E+01    29    22 -1.010735E+03  7.653919E+00
  1.700000E+01    29    23  4.503527E+04  2.108804E+03
  1.700000E+01    29    24  3.062449E+03 -3.189795E+02
  1.700000E+01    29    25 -5.087410E+03 -2.007373E+01
  1.700000E+01    29    26 -6.127701E+01 -3.727165E-01
  1.700000E+01    29    27 -5.163995E+01 -6.696416E+00
  1.700000E+01    29    28 -7.101237E+02 -2.864932E+00
  1.700000E+01    29    29  4.468416E+04  1.435132E+02
  1.700000E+01    29    30  1.041875E+01  1.027661E-01
  1.700000E+01    30     1  1.012943E+00  5.625148E-01
  1.700000E+01    30     2 -7.302258E-04 -1.415380E-02
  1.700000E+01    30     3  1.784816E-01 -3.514311E-01
  1.700000E+01    30     4  1.336640E-01 -1.263191E-01
  1.700000E+01    30     5 -1.290028E+01 -7.415636E+00
  1.700000E+01    30     6 -2.311928E-01 -1.424530E-01
  1.700000E+01    30     7  5.961199E-01  2.693343E-01
  1.700000E+01    30     8 -3.036044E-02 -1.659705E-02
  1.700000E+01    30     9  8.897595E-02 -4.075022E-01
  1.700000E+01    30    10 -3.244626E-01 -1.729017E-01
  1.700000E+01    30    11 -5.949923E+00 -2.784352E+00
  1.700000E+01    30    12 -4.981738E-03 -4.066184E-03
  1.700000E+01    30    13  5.024652E-01  3.194573E-01
  1.700000E+01    30    14 -2.578326E-02 -1.451372E-02
  1.700000E+01    30    15  1.572434E-01 -3.662328E-01
  1.700000E+01    30    16 -3.625368E-01 -2.104353E-01
  1.700000E+01    30    17 -5.310407E+00 -3.481254E+00
  1.700000E+01    30    18  1.216948E-02  7.831789E-03
  1.700000E+01    30    19  2.668546E-01 -1.721703E-01
  1.700000E+01    30    20  5.984758E-01 -2.955325E-02
  1.700000E+01    30    21 -3.446666E+00  1.443603E+00
  1.700000E+01    30    22  2.809425E+01  2.663910E-01
  1.700000E+01    30    23  1.426007E+01  3.959858E+00
  1.700000E+01    30    24  3.436379E+00  2.178854E+00
  1.700000E+01    30    25 -3.328669E-01 -2.743104E-03
  1.700000E+01    30    26  7.790077E-01  5.087805E-03
  1.700000E+01    30    27  1.959699E+00 -1.873941E-01
  1.700000E+01    30    28  8.313010E+00  3.663575E-02
  1.700000E+01    30    29  5.605653E+00  1.987334E-02
  1.700000E+01    30    30  4.675962E+01  2.070001E-03
  1.800000E+01     1     1 -9.289288E+03  7.777348E+00
  1.800000E+01     1     2  3.896563E+03  9.802326E+01
  1.800000E+01     1     3 -3.136736E+03  1.739445E+02
  1.800000E+01     1     4  5.175318E+04  9.233171E+02
  1.800000E+01     1     5  1.473371E+05 -2.796709E+02
  1.800000E+01     1     6  8.716009E+03  1.397080E+01
  1.800000E+01     1     7 -4.322582E+01 -1.215685E+02
  1.800000E+01     1     8 -4.969264E+01 -2.952026E+01
  1.800000E+01     1     9 -8.975437E+01  2.932569E+01
  1.800000E+01     1    10 -5.042100E+02 -2.973620E+02
  1.800000E+01     1    11  4.132778E+02  1.226882E+03
  1.800000E+01     1    12 -1.676274E+01 -9.751938E+00
  1.800000E+01     1    13 -1.472855E+02 -4.322816E+01
  1.800000E+01     1    14 -1.046856E+02 -8.516711E+01
  1.800000E+01     1    15 -3.940492E+00  1.780763E+02
  1.800000E+01     1    16 -1.064885E+03 -8.796327E+02
  1.800000E+01     1    17  1.507909E+03  4.348114E+02
  1.800000E+01     1    18 -3.250443E+01 -2.329097E+01
  1.800000E+01     1    19  3.578365E+03  5.932987E+01
  1.800000E+01     1    20  2.721749E+03  2.229395E+02
  1.800000E+01     1    21 -5.192729E+03 -3.359907E+02
  1.800000E+01     1    22  2.301493E+04  2.679878E+03
  1.800000E+01     1    23 -2.008116E+05 -3.712058E+02
  1.800000E+01     1    24 -9.808334E+04  7.681756E+01
  1.800000E+01     1    25  8.048808E+01  7.729377E+00
  1.800000E+01     1    26  5.065365E+01  2.179276E+01
  1.800000E+01     1    27  4.285825E+01  5.405328E+01
  1.800000E+01     1    28  3.615142E+02  1.568152E+02
  1.800000E+01     1    29 -5.706506E+02 -5.636118E+01
  1.800000E+01     1    30 -8.275406E-01 -5.228803E-01
  1.800000E+01     2     1 -8.696106E+03  1.962047E+01
  1.800000E+01     2     2  6.452437E+03  9.576160E+01
  1.800000E+01     2     3 -1.734161E+03  6.052856E+01
  1.800000E+01     2     4  7.895093E+04  9.103656E+02
  1.800000E+01     2     5  1.316307E+05 -4.317545E+02
  1.800000E+01     2     6  3.860450E+03  1.008403E+01
  1.800000E+01     2     7 -8.613657E+00 -6.283681E+01
  1.800000E+01     2     8 -5.482013E+01 -5.608303E+01
  1.800000E+01     2     9 -3.893908E+01 -1.588965E+01
  1.800000E+01     2    10 -5.565389E+02 -5.699116E+02
  1.800000E+01     2    11  6.900542E+01  6.201496E+02
  1.800000E+01     2    12 -1.812750E+01 -1.767287E+01
  1.800000E+01     2    13 -1.051194E+02  1.238613E+01
  1.800000E+01     2    14 -8.836674E+01 -5.583104E+01
  1.800000E+01     2    15  3.687258E+01  1.261449E+02
  1.800000E+01     2    16 -9.005074E+02 -5.836852E+02
  1.800000E+01     2    17  1.069505E+03 -1.546932E+02
  1.800000E+01     2    18 -2.666455E+01 -1.373725E+01
  1.800000E+01     2    19  4.408230E+03 -3.166219E+01
  1.800000E+01     2    20  9.285579E+02  2.111761E+02
  1.800000E+01     2    21 -2.606230E+03 -1.336785E+02
  1.800000E+01     2    22  1.457216E+04  2.561598E+03
  1.800000E+01     2    23 -1.013109E+05  7.646368E+02
  1.800000E+01     2    24 -1.087501E+04  1.145123E+02
  1.800000E+01     2    25  4.224807E+01 -1.193164E+00
  1.800000E+01     2    26  4.536486E+01  2.097675E+01
  1.800000E+01     2    27  3.152235E+01  2.308249E+01
  1.800000E+01     2    28  3.234174E+02  1.508609E+02
  1.800000E+01     2    29 -2.994664E+02  7.796801E+00
  1.800000E+01     2    30 -5.400745E-01 -2.128710E-01
  1.800000E+01     3     1  8.545979E+03  8.113935E+00
  1.800000E+01     3     2 -1.753821E+03 -4.770879E+01
  1.800000E+01     3     3  3.079976E+03  7.089453E+01
  1.800000E+01     3     4 -2.132728E+04 -4.598609E+02
  1.800000E+01     3     5 -1.337611E+05 -2.304845E+01
  1.800000E+01     3     6 -4.053861E+03 -8.885398E+00
  1.800000E+01     3     7  2.747373E+00 -1.542330E+01
  1.800000E+01     3     8  3.817611E+01  6.072193E+01
  1.800000E+01     3     9 -3.010939E+01  3.256785E+01
  1.800000E+01     3    10  3.900302E+02  6.197596E+02
  1.800000E+01     3    11 -2.194065E+01  1.742881E+02
  1.800000E+01     3    12  1.275001E+01  1.867655E+01
  1.800000E+01     3    13  5.159261E+01 -5.316000E+01
  1.800000E+01     3    14  3.361091E+01 -7.019804E+00
  1.800000E+01     3    15 -7.011121E+01 -3.652439E+01
  1.800000E+01     3    16  3.384795E+02 -6.373675E+01
  1.800000E+01     3    17 -5.368120E+02  5.680124E+02
  1.800000E+01     3    18  1.035618E+01 -3.814932E+00
  1.800000E+01     3    19 -4.397586E+03  1.128046E+02
  1.800000E+01     3    20 -1.481892E+03 -1.021301E+02
  1.800000E+01     3    21  3.276367E+03 -7.360159E+01
  1.800000E+01     3    22 -1.139850E+04 -1.238656E+03
  1.800000E+01     3    23  1.314601E+05 -1.501173E+03
  1.800000E+01     3    24  5.840909E+04  1.819828E+01
  1.800000E+01     3    25 -2.255137E+01  1.084767E+01
  1.800000E+01     3    26 -2.380547E+01 -1.012274E+01
  1.800000E+01     3    27 -3.123965E+01  1.053757E+01
  1.800000E+01     3    28 -1.696945E+02 -7.275999E+01
  1.800000E+01     3    29  1.559386E+02 -7.750054E+01
  1.800000E+01     3    30  5.358018E-01 -1.232272E-01
  1.800000E+01     4     1 -1.381762E+05  4.819109E+01
  1.800000E+01     4     2  8.475080E+04  1.271831E+03
  1.800000E+01     4     3 -2.795743E+04  9.156024E+02
  1.800000E+01     4     4  1.180961E+06  1.208817E+04
  1.800000E+01     4     5  2.084095E+06 -2.917788E+03
  1.800000E+01     4     6  5.871318E+04  1.868403E+02
  1.800000E+01     4     7 -2.780551E+02 -9.110174E+02
  1.800000E+01     4     8 -6.785845E+02 -7.419614E+02
  1.800000E+01     4     9 -5.227361E+02 -4.965375E+01
  1.800000E+01     4    10 -6.885178E+03 -7.540617E+03
  1.800000E+01     4    11  2.580700E+03  9.032425E+03
  1.800000E+01     4    12 -2.269671E+02 -2.341807E+02
  1.800000E+01     4    13 -1.558689E+03  7.645302E+01
  1.800000E+01     4    14 -1.214116E+03 -7.272934E+02
  1.800000E+01     4    15  4.904819E+02  1.823193E+03
  1.800000E+01     4    16 -1.234836E+04 -7.586971E+03
  1.800000E+01     4    17  1.593780E+04 -1.081416E+03
  1.800000E+01     4    18 -3.699937E+02 -1.819273E+02
  1.800000E+01     4    19  6.971295E+04 -3.861008E+02
  1.800000E+01     4    20  1.180103E+04  2.809163E+03
  1.800000E+01     4    21 -4.101332E+04 -2.230597E+03
  1.800000E+01     4    22  1.984292E+05  3.390208E+04
  1.800000E+01     4    23 -1.584241E+06  9.034433E+03
  1.800000E+01     4    24 -7.856598E+04  6.761513E+02
  1.800000E+01     4    25  6.759642E+02 -1.817106E+01
  1.800000E+01     4    26  6.012482E+02  2.763292E+02
  1.800000E+01     4    27  5.049695E+02  3.715203E+02
  1.800000E+01     4    28  4.288251E+03  1.987641E+03
  1.800000E+01     4    29 -4.787816E+03  1.203463E+02
  1.800000E+01     4    30 -8.624519E+00 -3.446308E+00
  1.800000E+01     5     1  1.744968E+05  6.185376E+02
  1.800000E+01     5     2 -7.070558E+04 -1.726076E+03
  1.800000E+01     5     3  5.467121E+04 -3.017982E+03
  1.800000E+01     5     4 -9.637043E+05 -1.629604E+04
  1.800000E+01     5     5 -2.516932E+06 -5.100392E+03
  1.800000E+01     5     6 -1.431160E+05 -4.319377E+02
  1.800000E+01     5     7  1.184730E+03  2.182103E+03
  1.800000E+01     5     8  6.722145E+02  6.110510E+02
  1.800000E+01     5     9  1.382250E+03 -9.378790E+02
  1.800000E+01     5    10  6.802717E+03  6.169729E+03
  1.800000E+01     5    11 -1.163546E+04 -2.205980E+04
  1.800000E+01     5    12  2.351782E+02  2.002402E+02
  1.800000E+01     5    13  2.979083E+03  8.647938E+02
  1.800000E+01     5    14  1.948384E+03  1.342501E+03
  1.800000E+01     5    15 -7.627456E+01 -3.478373E+03
  1.800000E+01     5    16  1.976907E+04  1.382880E+04
  1.800000E+01     5    17 -3.069311E+04 -8.898046E+03
  1.800000E+01     5    18  6.121393E+02  3.732916E+02
  1.800000E+01     5    19 -5.487885E+04 -8.141849E+02
  1.800000E+01     5    20 -4.179566E+04 -3.903899E+03
  1.800000E+01     5    21  9.226612E+04  6.797972E+03
  1.800000E+01     5    22 -3.752341E+05 -4.633227E+04
  1.800000E+01     5    23  3.471494E+06  6.241003E+03
  1.800000E+01     5    24  1.412300E+06  1.719902E+03
  1.800000E+01     5    25 -1.593942E+03 -9.170000E+01
  1.800000E+01     5    26 -8.605452E+02 -3.728947E+02
  1.800000E+01     5    27 -9.779135E+02 -1.068886E+03
  1.800000E+01     5    28 -6.144181E+03 -2.682729E+03
  1.800000E+01     5    29  1.130249E+04  6.734616E+02
  1.800000E+01     5    30  1.745589E+01  1.028390E+01
  1.800000E+01     6     1  4.885439E+03  3.572775E+01
  1.800000E+01     6     2 -2.810836E+03 -3.371499E+01
  1.800000E+01     6     3  1.393804E+03 -4.164955E+01
  1.800000E+01     6     4 -4.455264E+04 -3.201306E+02
  1.800000E+01     6     5 -6.941508E+04 -4.133895E+02
  1.800000E+01     6     6  3.222191E+02 -1.416196E+01
  1.800000E+01     6     7  3.594095E+01  3.628145E+01
  1.800000E+01     6     8  9.569647E+00  1.983343E+01
  1.800000E+01     6     9  1.302285E+01 -2.641290E+01
  1.800000E+01     6    10  9.600054E+01  2.020037E+02
  1.800000E+01     6    11 -3.592118E+02 -3.657439E+02
  1.800000E+01     6    12  3.662734E+00  6.311446E+00
  1.800000E+01     6    13  6.982342E+01  1.260675E+01
  1.800000E+01     6    14  3.803112E+01  1.599443E+01
  1.800000E+01     6    15 -1.357635E+01 -7.315752E+01
  1.800000E+01     6    16  3.811740E+02  1.638859E+02
  1.800000E+01     6    17 -7.274694E+02 -1.334870E+02
  1.800000E+01     6    18  1.221303E+01  4.498000E+00
  1.800000E+01     6    19 -1.216260E+03  6.242064E+00
  1.800000E+01     6    20  1.045142E+03 -7.474753E+01
  1.800000E+01     6    21  2.301857E+03  1.352723E+02
  1.800000E+01     6    22  1.456501E+02 -8.721249E+02
  1.800000E+01     6    23  8.453930E+04 -6.810403E+01
  1.800000E+01     6    24 -7.340745E+04  1.288505E+02
  1.800000E+01     6    25 -3.831877E+01  1.082709E+00
  1.800000E+01     6    26 -1.571406E+01 -6.873459E+00
  1.800000E+01     6    27 -2.897727E+01 -2.067647E+01
  1.800000E+01     6    28 -1.121833E+02 -4.954052E+01
  1.800000E+01     6    29  2.709563E+02 -7.564256E+00
  1.800000E+01     6    30  4.880278E-01  1.940242E-01
  1.800000E+01     7     1  9.895219E+01 -3.867678E+01
  1.800000E+01     7     2  8.405098E+00 -1.462667E+01
  1.800000E+01     7     3 -2.678001E+01 -4.168343E+01
  1.800000E+01     7     4  8.307054E+01 -1.336358E+02
  1.800000E+01     7     5 -1.324668E+03  5.457800E+02
  1.800000E+01     7     6 -2.343021E+01  7.366121E+00
  1.800000E+01     7     7  2.708207E+04  3.896620E+01
  1.800000E+01     7     8  1.225229E+03 -4.369536E+00
  1.800000E+01     7     9  3.279919E+02  2.812859E+01
  1.800000E+01     7    10  2.910785E+04 -4.611161E+01
  1.800000E+01     7    11 -4.579884E+05 -3.902961E+02
  1.800000E+01     7    12 -4.940350E+03 -1.011493E+00
  1.800000E+01     7    13  4.339406E+01 -8.663159E+00
  1.800000E+01     7    14 -1.182196E+01  2.634026E+01
  1.800000E+01     7    15 -3.283619E+01 -3.073122E+01
  1.800000E+01     7    16 -1.306535E+02  2.765106E+02
  1.800000E+01     7    17 -4.795526E+02  1.063766E+02
  1.800000E+01     7    18 -1.340035E+00  6.459941E+00
  1.800000E+01     7    19  9.700319E+03 -3.241723E+01
  1.800000E+01     7    20  2.117671E+04 -5.894212E+01
  1.800000E+01     7    21  1.034744E+03  2.873985E+01
  1.800000E+01     7    22  9.575242E+04 -7.617862E+02
  1.800000E+01     7    23 -3.502779E+04  2.070569E+02
  1.800000E+01     7    24  1.198732E+05 -1.438741E+02
  1.800000E+01     7    25  7.189216E+00 -4.594547E+00
  1.800000E+01     7    26  1.751369E+01 -6.599936E+00
  1.800000E+01     7    27 -2.850918E+01 -5.722133E+00
  1.800000E+01     7    28  1.233832E+02 -4.754221E+01
  1.800000E+01     7    29 -5.082583E+01  3.321651E+01
  1.800000E+01     7    30  3.590272E-01  5.969056E-02
  1.800000E+01     8     1 -8.318080E+01 -6.154342E+00
  1.800000E+01     8     2 -2.021352E+01 -2.446737E+01
  1.800000E+01     8     3 -2.696290E+00  3.517123E+01
  1.800000E+01     8     4 -1.751543E+02 -2.326790E+02
  1.800000E+01     8     5  1.148928E+03  1.235221E+02
  1.800000E+01     8     6  1.773827E+01 -2.183924E+00
  1.800000E+01     8     7 -4.727822E+03 -2.455683E+00
  1.800000E+01     8     8  5.231055E+03  5.199696E+01
  1.800000E+01     8     9 -4.397337E+01  1.608201E+01
  1.800000E+01     8    10  6.615239E+04  5.301642E+02
  1.800000E+01     8    11  8.367240E+04  3.890319E+01
  1.800000E+01     8    12  1.879682E+02  1.579387E+01
  1.800000E+01     8    13  2.041596E+01 -2.429878E+01
  1.800000E+01     8    14 -3.048380E+01 -2.118302E+01
  1.800000E+01     8    15 -2.214165E+01 -2.467283E+01
  1.800000E+01     8    16 -3.224299E+02 -2.160459E+02
  1.800000E+01     8    17 -2.377460E+02  2.521966E+02
  1.800000E+01     8    18 -7.012115E+00 -6.270828E+00
  1.800000E+01     8    19 -3.400497E+03  8.559186E+01
  1.800000E+01     8    20 -3.287414E+03 -5.925056E+01
  1.800000E+01     8    21 -4.631649E+01 -3.338006E+01
  1.800000E+01     8    22 -1.340200E+04 -7.087539E+02
  1.800000E+01     8    23  4.532160E+03 -1.126406E+03
  1.800000E+01     8    24  8.607359E+04 -8.001041E+01
  1.800000E+01     8    25  1.498715E+01  7.677371E+00
  1.800000E+01     8    26 -1.173110E+01 -5.809684E+00
  1.800000E+01     8    27  1.326100E-01  4.469549E+00
  1.800000E+01     8    28 -8.349256E+01 -4.168495E+01
  1.800000E+01     8    29 -1.058750E+02 -5.479638E+01
  1.800000E+01     8    30 -2.992673E-02 -5.624717E-02
  1.800000E+01     9     1 -7.027032E+01 -1.431324E+02
  1.800000E+01     9     2 -7.402207E+00 -1.806437E+01
  1.800000E+01     9     3 -5.982533E+01  3.144289E+01
  1.800000E+01     9     4 -6.056526E+01 -1.681352E+02
  1.800000E+01     9     5  9.698918E+02  1.937926E+03
  1.800000E+01     9     6  1.711870E+01  3.304484E+01
  1.800000E+01     9     7  1.515925E+02 -7.833544E+00
  1.800000E+01     9     8 -1.471452E+01 -8.080137E-01
  1.800000E+01     9     9  1.681204E+03  1.166491E+02
  1.800000E+01     9    10 -2.849156E+02 -9.051660E+00
  1.800000E+01     9    11 -1.445182E+03  9.582097E+01
  1.800000E+01     9    12  3.862126E+01 -8.114577E-02
  1.800000E+01     9    13 -2.738729E+01 -6.400619E+01
  1.800000E+01     9    14  1.786994E+01  3.579709E+01
  1.800000E+01     9    15 -5.169323E+01  4.678531E+01
  1.800000E+01     9    16  1.931607E+02  3.853323E+02
  1.800000E+01     9    17  3.103370E+02  7.156158E+02
  1.800000E+01     9    18  3.769959E+00  6.847776E+00
  1.800000E+01     9    19 -2.053815E+01 -4.960895E+00
  1.800000E+01     9    20 -1.013762E+02 -6.258659E+01
  1.800000E+01     9    21  5.194980E+02 -2.268186E+02
  1.800000E+01     9    22  1.527730E+04 -9.039012E+02
  1.800000E+01     9    23 -9.524550E+03 -4.905725E+02
  1.800000E+01     9    24 -1.267916E+03 -5.556104E+02
  1.800000E+01     9    25 -7.504952E+00 -4.625235E+00
  1.800000E+01     9    26 -1.320341E+01 -8.364165E+00
  1.800000E+01     9    27 -3.640923E+00  3.099399E+01
  1.800000E+01     9    28 -9.656779E+01 -6.024577E+01
  1.800000E+01     9    29  5.523680E+01  3.342321E+01
  1.800000E+01     9    30  8.084112E-02 -2.958487E-01
  1.800000E+01    10     1 -8.917285E+02 -2.164554E+02
  1.800000E+01    10     2 -2.051143E+02 -2.587977E+02
  1.800000E+01    10     3 -9.297523E+01  3.806489E+02
  1.800000E+01    10     4 -1.774828E+03 -2.457288E+03
  1.800000E+01    10     5  1.230915E+04  3.322683E+03
  1.800000E+01    10     6  1.924142E+02  1.472379E+01
  1.800000E+01    10     7 -8.464930E+04 -3.500502E+01
  1.800000E+01    10     8  6.813284E+04  5.095166E+02
  1.800000E+01    10     9 -5.810280E+02  2.835235E+02
  1.800000E+01    10    10  1.024780E+06  5.194392E+03
  1.800000E+01    10    11  1.502146E+06  5.098521E+02
  1.800000E+01    10    12  5.924632E+02  1.549120E+02
  1.800000E+01    10    13  1.633288E+02 -3.067253E+02
  1.800000E+01    10    14 -2.739361E+02 -1.700310E+02
  1.800000E+01    10    15 -2.693872E+02 -1.881019E+02
  1.800000E+01    10    16 -2.893233E+03 -1.712609E+03
  1.800000E+01    10    17 -1.914253E+03  3.238301E+03
  1.800000E+01    10    18 -6.365291E+01 -5.431839E+01
  1.800000E+01    10    19 -6.368059E+04  8.352450E+02
  1.800000E+01    10    20 -5.753089E+04 -6.453857E+02
  1.800000E+01    10    21 -6.213818E+02 -5.772614E+02
  1.800000E+01    10    22 -2.201412E+05 -7.886836E+03
  1.800000E+01    10    23  1.254455E+05 -1.159303E+04
  1.800000E+01    10    24  1.606668E+06 -1.394905E+03
  1.800000E+01    10    25  1.312156E+02  7.037868E+01
  1.800000E+01    10    26 -1.312827E+02 -6.566624E+01
  1.800000E+01    10    27  4.040447E-01  7.803783E+01
  1.800000E+01    10    28 -9.357313E+02 -4.713992E+02
  1.800000E+01    10    29 -9.258588E+02 -5.018913E+02
  1.800000E+01    10    30 -2.920808E-01 -8.777949E-01
  1.800000E+01    11     1 -6.751544E+02  7.256495E+02
  1.800000E+01    11     2 -6.422817E+01  1.577428E+02
  1.800000E+01    11     3  3.918672E+02  2.791252E+02
  1.800000E+01    11     4 -6.536291E+02  1.443866E+03
  1.800000E+01    11     5  8.979303E+03 -9.984467E+03
  1.800000E+01    11     6  1.568285E+02 -1.567987E+02
  1.800000E+01    11     7 -4.652212E+05 -3.039671E+02
  1.800000E+01    11     8 -2.585270E+04  6.878677E+01
  1.800000E+01    11     9 -4.188018E+03 -5.559015E+02
  1.800000E+01    11    10 -5.892468E+05  7.176145E+02
  1.800000E+01    11    11  8.170618E+06  3.002224E+03
  1.800000E+01    11    12  9.276326E+04  1.782363E+01
  1.800000E+01    11    13 -2.641205E+02  2.386502E+02
  1.800000E+01    11    14  2.588478E+01 -3.322245E+02
  1.800000E+01    11    15  4.044197E+02  1.078198E+02
  1.800000E+01    11    16  3.121863E+02 -3.510147E+03
  1.800000E+01    11    17  2.889875E+03 -2.759986E+03
  1.800000E+01    11    18 -4.089026E+00 -7.669640E+01
  1.800000E+01    11    19 -1.735219E+05  3.340752E+02
  1.800000E+01    11    20 -3.860874E+05  6.318000E+02
  1.800000E+01    11    21 -1.266861E+04  3.842591E+02
  1.800000E+01    11    22 -1.632446E+06  8.467968E+03
  1.800000E+01    11    23  5.732290E+05 -9.947307E+02
  1.800000E+01    11    24 -2.353107E+06  2.736926E+03
  1.800000E+01    11    25 -2.199311E+01  5.591576E+01
  1.800000E+01    11    26 -1.148109E+02  7.511163E+01
  1.800000E+01    11    27  2.444739E+02 -3.777569E+01
  1.800000E+01    11    28 -7.962715E+02  5.411735E+02
  1.800000E+01    11    29  1.492012E+02 -4.037773E+02
  1.800000E+01    11    30 -3.219492E+00  3.130174E-01
  1.800000E+01    12     1 -1.548318E+01  2.263217E+01
  1.800000E+01    12     2 -5.711853E+00 -5.382115E+00
  1.800000E+01    12     3  9.801777E+00  6.100368E+00
  1.800000E+01    12     4 -4.962033E+01 -5.178591E+01
  1.800000E+01    12     5  2.167513E+02 -2.922408E+02
  1.800000E+01    12     6  2.978076E+00 -6.471603E+00
  1.800000E+01    12     7  3.298740E+03  1.117157E+00
  1.800000E+01    12     8 -7.263737E+02  1.754941E+01
  1.800000E+01    12     9  1.356814E+02 -1.432993E+01
  1.800000E+01    12    10 -1.439711E+04  1.790439E+02
  1.800000E+01    12    11 -5.539661E+04 -9.370076E+00
  1.800000E+01    12    12  3.623172E+03  5.310830E+00
  1.800000E+01    12    13  1.292635E+01  2.464421E+00
  1.800000E+01    12    14 -1.450956E+01 -1.295819E+01
  1.800000E+01    12    15  2.609321E-01 -1.713311E+01
  1.800000E+01    12    16 -1.542260E+02 -1.355003E+02
  1.800000E+01    12    17 -1.487016E+02 -3.411698E+01
  1.800000E+01    12    18 -3.248400E+00 -3.217960E+00
  1.800000E+01    12    19  3.258759E+03  2.941065E+01
  1.800000E+01    12    20  1.704562E+03 -1.023632E+01
  1.800000E+01    12    21  2.443507E+01  2.848327E+01
  1.800000E+01    12    22  3.105305E+03 -9.641429E+01
  1.800000E+01    12    23 -8.720682E+03 -2.926107E+02
  1.800000E+01    12    24 -1.016139E+05  7.019781E+01
  1.800000E+01    12    25  7.431313E+00  3.355463E+00
  1.800000E+01    12    26 -8.939332E-01 -6.311827E-01
  1.800000E+01    12    27 -8.667807E-02 -3.938638E+00
  1.800000E+01    12    28 -6.318472E+00 -4.492396E+00
  1.800000E+01    12    29 -5.280406E+01 -2.401502E+01
  1.800000E+01    12    30 -4.126794E-03  3.300029E-02
  1.800000E+01    13     1  1.104267E+02  3.769971E+01
  1.800000E+01    13     2 -2.125731E+01  1.925212E+01
  1.800000E+01    13     3 -2.460443E+01 -4.986933E+01
  1.800000E+01    13     4 -1.892698E+02  1.837684E+02
  1.800000E+01    13     5 -1.422502E+03 -5.406144E+02
  1.800000E+01    13     6 -3.069767E+01 -6.972376E+00
  1.800000E+01    13     7  6.900498E+01  4.911862E+00
  1.800000E+01    13     8  2.665843E+01 -1.976194E+01
  1.800000E+01    13     9 -3.388371E+01 -6.296848E+01
  1.800000E+01    13    10  2.680008E+02 -2.010653E+02
  1.800000E+01    13    11 -6.954139E+02 -6.322728E+01
  1.800000E+01    13    12  8.645376E+00 -6.299488E+00
  1.800000E+01    13    13  4.466034E+03  6.060331E+01
  1.800000E+01    13    14  3.033323E+03 -7.582322E+00
  1.800000E+01    13    15  1.600052E+03  4.787925E+00
  1.800000E+01    13    16  4.179557E+04 -9.038330E+01
  1.800000E+01    13    17  1.122197E+04 -6.580864E+02
  1.800000E+01    13    18 -6.407452E+02  2.917568E-01
  1.800000E+01    13    19  3.048952E+03 -4.583573E+01
  1.800000E+01    13    20  2.096660E+03  6.746886E+01
  1.800000E+01    13    21  1.889679E+03  1.189461E+02
  1.800000E+01    13    22  1.142754E+03  8.838546E+02
  1.800000E+01    13    23 -1.148042E+03  7.624830E+02
  1.800000E+01    13    24  2.007176E+05  1.210247E+02
  1.800000E+01    13    25  2.076014E+01 -3.382799E+00
  1.800000E+01    13    26 -3.028468E+01  7.713627E+00
  1.800000E+01    13    27 -4.129002E+01 -1.690349E+01
  1.800000E+01    13    28 -2.134119E+02  5.545965E+01
  1.800000E+01    13    29 -1.446792E+02  2.404672E+01
  1.800000E+01    13    30  5.153267E-01  1.714952E-01
  1.800000E+01    14     1  1.735047E+01 -4.070921E+01
  1.800000E+01    14     2 -2.812259E+01 -2.115080E+01
  1.800000E+01    14     3 -1.137112E+01 -4.353129E+01
  1.800000E+01    14     4 -2.691563E+02 -2.003925E+02
  1.800000E+01    14     5 -1.590950E+02  5.820470E+02
  1.800000E+01    14     6 -7.463570E+00  6.835138E+00
  1.800000E+01    14     7 -1.581839E+01  2.253955E+01
  1.800000E+01    14     8 -2.744040E+01 -2.083559E+01
  1.800000E+01    14     9  2.033930E+01  2.395830E+01
  1.800000E+01    14    10 -2.798705E+02 -2.136881E+02
  1.800000E+01    14    11  1.550502E+02 -2.292270E+02
  1.800000E+01    14    12 -8.657044E+00 -6.091043E+00
  1.800000E+01    14    13  5.866299E+03 -1.657645E+00
  1.800000E+01    14    14  5.556987E+03  5.205739E+01
  1.800000E+01    14    15 -1.687517E+02 -1.456318E+01
  1.800000E+01    14    16  7.601818E+04  5.423990E+02
  1.800000E+01    14    17 -1.129335E+05  4.209129E+01
  1.800000E+01    14    18 -1.171937E+03  1.317159E+01
  1.800000E+01    14    19  4.460770E+03 -6.147944E+01
  1.800000E+01    14    20 -4.147642E+03 -4.926324E+01
  1.800000E+01    14    21  3.833037E+01  1.687899E+01
  1.800000E+01    14    22 -2.356816E+04 -6.429546E+02
  1.800000E+01    14    23 -1.593864E+04  5.241752E+02
  1.800000E+01    14    24  1.128490E+05 -1.530325E+02
  1.800000E+01    14    25 -1.416681E+01 -7.252969E+00
  1.800000E+01    14    26 -1.159759E+01 -5.522220E+00
  1.800000E+01    14    27 -4.901231E-01 -4.052313E+00
  1.800000E+01    14    28 -8.293757E+01 -3.975201E+01
  1.800000E+01    14    29  1.007223E+02  5.217077E+01
  1.800000E+01    14    30  2.376439E-02  4.818784E-02
  1.800000E+01    15     1 -3.055753E+01 -8.563606E+01
  1.800000E+01    15     2  1.457825E+01  3.358016E+01
  1.800000E+01    15     3 -5.105236E+01  4.379130E+01
  1.800000E+01    15     4  1.336053E+02  3.187255E+02
  1.800000E+01    15     5  3.695055E+02  1.072104E+03
  1.800000E+01    15     6  9.018718E+00  2.632110E+01
  1.800000E+01    15     7 -2.288724E+01 -5.658210E+01
  1.800000E+01    15     8 -1.594257E+01 -3.319255E+01
  1.800000E+01    15     9 -5.157587E+01  4.587693E+01
  1.800000E+01    15    10 -1.614702E+02 -3.370816E+02
  1.800000E+01    15    11  2.197073E+02  5.703694E+02
  1.800000E+01    15    12 -5.716208E+00 -1.058940E+01
  1.800000E+01    15    13  1.392237E+02 -7.843178E+00
  1.800000E+01    15    14  1.498395E+01 -1.389561E-01
  1.800000E+01    15    15  1.644453E+03  1.172915E+02
  1.800000E+01    15    16  4.213102E+02 -5.909657E-02
  1.800000E+01    15    17 -2.356457E+03  9.383885E+01
  1.800000E+01    15    18  1.341042E+01 -2.975169E-01
  1.800000E+01    15    19 -3.268448E+01 -3.109719E+01
  1.800000E+01    15    20  9.734306E+01  9.680363E+01
  1.800000E+01    15    21  5.220466E+02 -2.093374E+02
  1.800000E+01    15    22 -1.595222E+04  1.110322E+03
  1.800000E+01    15    23 -9.485877E+03  2.078813E+02
  1.800000E+01    15    24  6.348977E+02 -3.382817E+02
  1.800000E+01    15    25 -7.753009E+00 -4.838461E+00
  1.800000E+01    15    26  1.357753E+01  8.763486E+00
  1.800000E+01    15    27 -3.400965E+00  3.090572E+01
  1.800000E+01    15    28  9.908154E+01  6.295765E+01
  1.800000E+01    15    29  5.605826E+01  3.432837E+01
  1.800000E+01    15    30  8.747392E-02 -2.894483E-01
  1.800000E+01    16     1  2.143905E+02 -2.910682E+02
  1.800000E+01    16     2 -2.823040E+02 -2.358751E+02
  1.800000E+01    16     3 -5.219916E+01 -4.665270E+02
  1.800000E+01    16     4 -2.695204E+03 -2.235165E+03
  1.800000E+01    16     5 -2.132896E+03  4.326076E+03
  1.800000E+01    16     6 -8.477100E+01  3.588963E+01
  1.800000E+01    16     7 -1.157573E+02  2.752351E+02
  1.800000E+01    16     8 -2.398893E+02 -1.662662E+02
  1.800000E+01    16     9  2.416319E+02  1.724747E+02
  1.800000E+01    16    10 -2.449741E+03 -1.708737E+03
  1.800000E+01    16    11  1.137261E+03 -2.795668E+03
  1.800000E+01    16    12 -7.491911E+01 -4.773161E+01
  1.800000E+01    16    13  1.025717E+05 -1.488546E+00
  1.800000E+01    16    14  7.413695E+04  4.973981E+02
  1.800000E+01    16    15 -2.969073E+03 -2.637540E+02
  1.800000E+01    16    16  1.202560E+06  5.179652E+03
  1.800000E+01    16    17 -1.973027E+06  2.370394E+02
  1.800000E+01    16    18 -2.359049E+04  1.263447E+02
  1.800000E+01    16    19  8.124754E+04 -5.590809E+02
  1.800000E+01    16    20 -7.063930E+04 -5.663022E+02
  1.800000E+01    16    21  6.494047E+02  3.974745E+02
  1.800000E+01    16    22 -3.879409E+05 -7.227498E+03
  1.800000E+01    16    23 -3.141806E+05  4.874880E+03
  1.800000E+01    16    24  2.088336E+06 -1.077849E+03
  1.800000E+01    16    25 -1.191274E+02 -6.440325E+01
  1.800000E+01    16    26 -1.283028E+02 -6.122623E+01
  1.800000E+01    16    27 -7.134998E+00 -7.344373E+01
  1.800000E+01    16    28 -9.191728E+02 -4.405872E+02
  1.800000E+01    16    29  8.465121E+02  4.637012E+02
  1.800000E+01    16    30  2.070770E-01  7.854152E-01
  1.800000E+01    17     1 -1.231123E+03 -4.082686E+02
  1.800000E+01    17     2  2.031749E+02 -2.487217E+02
  1.800000E+01    17     3  2.875228E+02  4.993769E+02
  1.800000E+01    17     4  1.777781E+03 -2.370184E+03
  1.800000E+01    17     5  1.592599E+04  5.928529E+03
  1.800000E+01    17     6  3.380766E+02  6.948608E+01
  1.800000E+01    17     7 -7.865971E+02 -9.174736E+00
  1.800000E+01    17     8 -3.061746E+02  2.247180E+02
  1.800000E+01    17     9  4.186386E+02  6.938709E+02
  1.800000E+01    17    10 -3.077933E+03  2.283980E+03
  1.800000E+01    17    11  7.930406E+03  2.419755E+02
  1.800000E+01    17    12 -9.861096E+01  7.189075E+01
  1.800000E+01    17    13 -5.140308E+04 -6.690507E+02
  1.800000E+01    17    14 -5.163711E+04  1.215223E+02
  1.800000E+01    17    15 -2.848752E+04 -1.235298E+02
  1.800000E+01    17    16 -6.935237E+05  1.391761E+03
  1.800000E+01    17    17 -4.523976E+05  7.278314E+03
  1.800000E+01    17    18  7.132874E+03  6.403862E+00
  1.800000E+01    17    19 -5.035504E+04  4.842080E+02
  1.800000E+01    17    20 -3.974476E+04 -8.379997E+02
  1.800000E+01    17    21 -2.815095E+04 -1.202927E+03
  1.800000E+01    17    22 -1.859677E+05 -1.088445E+04
  1.800000E+01    17    23 -8.324100E+04 -8.253160E+03
  1.800000E+01    17    24 -3.432570E+06 -1.300728E+03
  1.800000E+01    17    25 -2.621212E+02  3.497867E+01
  1.800000E+01    17    26  3.516957E+02 -9.446436E+01
  1.800000E+01    17    27  4.793174E+02  1.689731E+02
  1.800000E+01    17    28  2.469710E+03 -6.789931E+02
  1.800000E+01    17    29  1.822290E+03 -2.481915E+02
  1.800000E+01    17    30 -6.268215E+00 -1.726373E+00
  1.800000E+01    18     1 -2.798665E+00 -3.211679E+01
  1.800000E+01    18     2 -8.528630E+00 -2.905102E+00
  1.800000E+01    18     3 -1.372186E+01 -8.288449E+00
  1.800000E+01    18     4 -8.287068E+01 -2.741247E+01
  1.800000E+01    18     5  5.901484E+01  4.324604E+02
  1.800000E+01    18     6 -2.805516E-01  7.513551E+00
  1.800000E+01    18     7 -1.239314E+01 -8.556340E-01
  1.800000E+01    18     8 -1.471528E+01 -1.313677E+01
  1.800000E+01    18     9  9.706830E-01  1.909974E+01
  1.800000E+01    18    10 -1.496911E+02 -1.341667E+02
  1.800000E+01    18    11  1.212444E+02  8.335721E+00
  1.800000E+01    18    12 -4.781993E+00 -3.974119E+00
  1.800000E+01    18    13 -4.296003E+03 -3.582030E+00
  1.800000E+01    18    14 -2.634435E+02  2.014296E+01
  1.800000E+01    18    15  6.333590E+01  1.437433E+01
  1.800000E+01    18    16 -8.046639E+03  2.104408E+02
  1.800000E+01    18    17  7.926773E+04  4.972096E+01
  1.800000E+01    18    18  3.891282E+03  4.994545E+00
  1.800000E+01    18    19 -3.511962E+03 -2.789422E+01
  1.800000E+01    18    20  2.853725E+03 -4.380804E+00
  1.800000E+01    18    21 -7.230398E+01 -3.274175E+01
  1.800000E+01    18    22  1.317562E+04 -8.400938E+01
  1.800000E+01    18    23  1.473101E+04  2.160344E+02
  1.800000E+01    18    24 -8.200871E+04 -1.230314E+02
  1.800000E+01    18    25 -8.133512E+00 -3.569706E+00
  1.800000E+01    18    26 -1.071939E+00 -8.588545E-01
  1.800000E+01    18    27  6.808085E-01  4.199678E+00
  1.800000E+01    18    28 -7.599712E+00 -6.209685E+00
  1.800000E+01    18    29  5.797419E+01  2.560460E+01
  1.800000E+01    18    30  3.716762E-03 -3.549743E-02
  1.800000E+01    19     1  2.135053E+04  2.571242E+02
  1.800000E+01    19     2 -5.161375E+03 -1.563068E+02
  1.800000E+01    19     3  4.694395E+03 -9.740571E+01
  1.800000E+01    19     4 -6.507505E+04 -1.490414E+03
  1.800000E+01    19     5 -3.217395E+05 -3.137341E+03
  1.800000E+01    19     6 -1.306742E+04 -8.815015E+01
  1.800000E+01    19     7  1.600938E+04  1.356263E+02
  1.800000E+01    19     8 -5.165934E+02  1.678345E+02
  1.800000E+01    19     9  1.882303E+02 -1.572460E+02
  1.800000E+01    19    10 -6.762024E+03  1.709061E+03
  1.800000E+01    19    11 -2.831244E+05 -1.355199E+03
  1.800000E+01    19    12 -1.463912E+03  5.213912E+01
  1.800000E+01    19    13  6.072929E+03  3.662971E+01
  1.800000E+01    19    14  3.037584E+03 -1.058117E+01
  1.800000E+01    19    15  4.982287E+02 -3.638045E+02
  1.800000E+01    19    16  5.118104E+04 -1.176467E+02
  1.800000E+01    19    17 -8.029238E+04 -4.275252E+02
  1.800000E+01    19    18 -2.273328E+03 -1.519881E+00
  1.800000E+01    19    19  1.025612E+04  1.950318E+02
  1.800000E+01    19    20  6.157450E+03 -3.458096E+02
  1.800000E+01    19    21  9.381405E+03  6.145408E+02
  1.800000E+01    19    22  4.232100E+03 -3.930140E+03
  1.800000E+01    19    23  2.868114E+05 -2.002975E+03
  1.800000E+01    19    24  3.500541E+05  9.186395E+02
  1.800000E+01    19    25 -2.110868E+00  2.367423E+01
  1.800000E+01    19    26 -8.036381E+01 -3.055911E+01
  1.800000E+01    19    27 -1.032663E+02 -9.164094E+01
  1.800000E+01    19    28 -5.800197E+02 -2.195783E+02
  1.800000E+01    19    29 -1.684740E+02 -1.684890E+02
  1.800000E+01    19    30  1.939802E+00  8.359758E-01
  1.800000E+01    20     1  1.556302E+04  9.035268E+01
  1.800000E+01    20     2 -4.357225E+03 -2.100062E+01
  1.800000E+01    20     3  3.137565E+03 -6.214882E+01
  1.800000E+01    20     4 -6.102030E+04 -2.010235E+02
  1.800000E+01    20     5 -2.352401E+05 -1.166696E+03
  1.800000E+01    20     6 -5.769439E+03 -2.602261E+01
  1.800000E+01    20     7  1.833045E+04  2.984323E+01
  1.800000E+01    20     8  1.813589E+03  3.663891E+00
  1.800000E+01    20     9  6.872161E+01 -8.192689E+01
  1.800000E+01    20    10  3.889052E+04  3.784991E+01
  1.800000E+01    20    11 -3.273380E+05 -3.130364E+02
  1.800000E+01    20    12 -4.887038E+03  1.212705E+00
  1.800000E+01    20    13  2.871727E+03  5.249491E+01
  1.800000E+01    20    14 -2.009841E+03  9.319332E+00
  1.800000E+01    20    15 -1.325233E+03 -7.218997E+01
  1.800000E+01    20    16 -2.324748E+04  8.658629E+01
  1.800000E+01    20    17 -1.129522E+05 -5.695018E+02
  1.800000E+01    20    18 -2.958655E+02  4.212241E+00
  1.800000E+01    20    19 -1.369500E+03 -1.836052E+01
  1.800000E+01    20    20  1.563551E+04 -2.085343E+01
  1.800000E+01    20    21  4.067001E+03  2.246670E+02
  1.800000E+01    20    22  2.845572E+04 -1.567033E+02
  1.800000E+01    20    23  1.520086E+05  4.612379E+02
  1.800000E+01    20    24  6.541592E+04  3.533411E+02
  1.800000E+01    20    25 -8.997900E+01  4.274696E-01
  1.800000E+01    20    26  8.672669E+01 -5.248042E-01
  1.800000E+01    20    27 -4.601991E+01 -3.279364E+01
  1.800000E+01    20    28  7.914008E+02 -3.904238E+00
  1.800000E+01    20    29  6.326462E+02 -3.092637E+00
  1.800000E+01    20    30  1.033582E+00  3.110220E-01
  1.800000E+01    21     1 -5.416909E+03  1.882688E+02
  1.800000E+01    21     2  1.462871E+03  2.248678E+01
  1.800000E+01    21     3 -5.420128E+02 -1.260373E+02
  1.800000E+01    21     4  1.859670E+04  2.162194E+02
  1.800000E+01    21     5  8.914781E+04 -2.539366E+03
  1.800000E+01    21     6  2.796051E+03 -4.381499E+01
  1.800000E+01    21     7  8.452031E+02  7.135892E+01
  1.800000E+01    21     8  2.128553E+01 -1.969610E+01
  1.800000E+01    21     9  4.799689E+02 -1.645840E+02
  1.800000E+01    21    10  4.831302E+02 -2.019310E+02
  1.800000E+01    21    11 -9.759569E+03 -7.488968E+02
  1.800000E+01    21    12 -2.072603E+01 -5.853162E+00
  1.800000E+01    21    13  9.522457E+02  1.057868E+02
  1.800000E+01    21    14 -1.237474E+02 -2.181641E+01
  1.800000E+01    21    15  5.513801E+02 -1.144827E+02
  1.800000E+01    21    16 -2.010665E+03 -2.468905E+02
  1.800000E+01    21    17 -1.066911E+04 -1.164754E+03
  1.800000E+01    21    18  8.633830E+01 -1.701541E+00
  1.800000E+01    21    19  3.393387E+03 -6.323732E+01
  1.800000E+01    21    20  8.018981E+02  4.689450E+01
  1.800000E+01    21    21  2.142022E+04  4.393853E+02
  1.800000E+01    21    22  8.056055E+03  7.469612E+02
  1.800000E+01    21    23 -8.176765E+04  1.478268E+03
  1.800000E+01    21    24 -3.848567E+04  7.441059E+02
  1.800000E+01    21    25  2.329260E+01 -1.028243E+00
  1.800000E+01    21    26  1.797383E+01  7.202248E+00
  1.800000E+01    21    27 -2.369506E+02 -6.258366E+01
  1.800000E+01    21    28  1.300838E+02  5.190045E+01
  1.800000E+01    21    29 -1.453954E+02  7.265296E+00
  1.800000E+01    21    30 -9.981928E-01  6.112822E-01
  1.800000E+01    22     1  2.369893E+04  9.700800E+02
  1.800000E+01    22     2 -2.214992E+03  8.261876E+02
  1.800000E+01    22     3  5.143936E+03  1.530032E+02
  1.800000E+01    22     4 -5.364108E+04  7.820556E+03
  1.800000E+01    22     5 -3.502111E+05 -1.444795E+04
  1.800000E+01    22     6 -4.671040E+03 -1.167978E+02
  1.800000E+01    22     7  8.174985E+04 -5.522373E+02
  1.800000E+01    22     8  8.034997E+03 -5.262527E+02
  1.800000E+01    22     9  1.402494E+04 -9.815935E+02
  1.800000E+01    22    10  1.789873E+05 -5.336366E+03
  1.800000E+01    22    11 -1.354147E+06  5.316751E+03
  1.800000E+01    22    12 -1.947094E+04 -1.675453E+02
  1.800000E+01    22    13 -1.930000E+04  7.048904E+02
  1.800000E+01    22    14 -2.354772E+03 -5.617956E+02
  1.800000E+01    22    15 -2.077375E+04  8.644167E+02
  1.800000E+01    22    16  2.336957E+04 -5.989326E+03
  1.800000E+01    22    17 -4.994480E+04 -7.867264E+03
  1.800000E+01    22    18 -8.896330E+03 -1.177724E+02
  1.800000E+01    22    19  9.455067E+03 -4.238682E+02
  1.800000E+01    22    20  7.043041E+04  2.242987E+03
  1.800000E+01    22    21  3.378619E+03  4.340336E+02
  1.800000E+01    22    22  1.191762E+07  2.823361E+04
  1.800000E+01    22    23  6.182357E+04  1.126620E+04
  1.800000E+01    22    24  6.821971E+05  4.030721E+03
  1.800000E+01    22    25 -1.387694E+02 -2.836729E+00
  1.800000E+01    22    26  5.157537E+03  2.392371E+02
  1.800000E+01    22    27 -4.088952E+01 -2.472727E+01
  1.800000E+01    22    28  3.879872E+04  1.719978E+03
  1.800000E+01    22    29  7.467766E+02  1.139627E+01
  1.800000E+01    22    30  1.152746E+01  3.051262E-01
  1.800000E+01    23     1 -3.594962E+05 -2.665150E+03
  1.800000E+01    23     2  9.400179E+04  2.383320E+03
  1.800000E+01    23     3 -5.115771E+04  1.007967E+03
  1.800000E+01    23     4  1.211130E+06  2.272590E+04
  1.800000E+01    23     5  5.709796E+06  3.115438E+04
  1.800000E+01    23     6  1.801070E+05  1.029792E+03
  1.800000E+01    23     7 -6.418379E+04 -1.706998E+03
  1.800000E+01    23     8 -5.771299E+03 -2.376694E+03
  1.800000E+01    23     9 -9.225064E+03  1.423400E+03
  1.800000E+01    23    10 -7.135509E+04 -2.420837E+04
  1.800000E+01    23    11  1.072421E+06  1.691664E+04
  1.800000E+01    23    12  5.409460E+03 -7.386328E+02
  1.800000E+01    23    13 -3.402686E+04 -5.797786E+01
  1.800000E+01    23    14 -3.582629E+03 -1.328289E+02
  1.800000E+01    23    15 -1.062135E+04  4.710724E+03
  1.800000E+01    23    16 -6.436672E+04 -1.361901E+03
  1.800000E+01    23    17  3.741554E+05  8.911742E+02
  1.800000E+01    23    18  2.385153E+03 -3.364117E+01
  1.800000E+01    23    19  1.400458E+05 -2.795289E+03
  1.800000E+01    23    20  2.520588E+04  5.275903E+03
  1.800000E+01    23    21 -1.297717E+05 -6.874415E+03
  1.800000E+01    23    22  3.118285E+05  6.122576E+04
  1.800000E+01    23    23  6.722048E+06  3.266387E+04
  1.800000E+01    23    24 -2.626125E+06 -9.210410E+03
  1.800000E+01    23    25 -3.284340E+03 -3.111585E+02
  1.800000E+01    23    26  1.140252E+03  4.838039E+02
  1.800000E+01    23    27  1.326061E+03  1.043913E+03
  1.800000E+01    23    28  8.039271E+03  3.478249E+03
  1.800000E+01    23    29  2.520751E+04  2.212969E+03
  1.800000E+01    23    30 -1.144254E+01 -9.387838E+00
  1.800000E+01    24     1 -8.370362E+05 -2.656482E+03
  1.800000E+01    24     2  2.525280E+05  4.949444E+03
  1.800000E+01    24     3 -1.694011E+05  5.092842E+03
  1.800000E+01    24     4  3.512082E+06  4.703138E+04
  1.800000E+01    24     5  1.263924E+07  2.640353E+04
  1.800000E+01    24     6  3.148776E+05  1.438077E+03
  1.800000E+01    24     7 -2.595551E+05 -4.401803E+03
  1.800000E+01    24     8  8.945150E+04 -2.820085E+03
  1.800000E+01    24     9 -6.367728E+03  2.130130E+03
  1.800000E+01    24    10  1.563505E+06 -2.867091E+04
  1.800000E+01    24    11  4.523798E+06  4.415595E+04
  1.800000E+01    24    12 -5.873424E+04 -8.929037E+02
  1.800000E+01    24    13  3.447963E+05 -1.077477E+03
  1.800000E+01    24    14  8.953786E+04 -2.699534E+03
  1.800000E+01    24    15 -8.144755E+03  8.884665E+03
  1.800000E+01    24    16  1.831282E+06 -2.789594E+04
  1.800000E+01    24    17 -6.707396E+06  1.090641E+04
  1.800000E+01    24    18 -1.179629E+05 -7.228447E+02
  1.800000E+01    24    19  4.747802E+05 -9.400046E+02
  1.800000E+01    24    20 -3.286834E+05  1.074197E+04
  1.800000E+01    24    21 -2.613015E+05 -1.478401E+04
  1.800000E+01    24    22 -7.614716E+05  1.270440E+05
  1.800000E+01    24    23 -1.080262E+07  1.885802E+04
  1.800000E+01    24    24  1.275109E+07 -8.211621E+03
  1.800000E+01    24    25  4.216181E+03 -9.266336E+01
  1.800000E+01    24    26  2.340561E+03  1.016186E+03
  1.800000E+01    24    27  3.120159E+03  2.316545E+03
  1.800000E+01    24    28  1.669317E+04  7.312996E+03
  1.800000E+01    24    29 -2.980744E+04  6.278906E+02
  1.800000E+01    24    30 -5.415624E+01 -2.173581E+01
  1.800000E+01    25     1 -5.422980E+01  1.239206E+01
  1.800000E+01    25     2  9.045084E-01 -7.899713E-01
  1.800000E+01    25     3  1.281473E+01  1.230278E+01
  1.800000E+01    25     4 -7.851584E+00 -8.418112E+00
  1.800000E+01    25     5  6.980305E+02 -1.635598E+02
  1.800000E+01    25     6  1.323841E+01 -3.141396E+00
  1.800000E+01    25     7  1.336659E+01 -4.061276E+00
  1.800000E+01    25     8  1.735915E+01  8.740242E+00
  1.800000E+01    25     9 -8.027188E+00 -3.986952E+00
  1.800000E+01    25    10  1.744952E+02  8.932162E+01
  1.800000E+01    25    11 -1.307829E+02  4.249163E+01
  1.800000E+01    25    12  5.630328E+00  2.644986E+00
  1.800000E+01    25    13  1.642484E+01 -3.501338E+00
  1.800000E+01    25    14 -1.901617E+01 -9.042822E+00
  1.800000E+01    25    15 -7.953281E+00 -3.819994E+00
  1.800000E+01    25    16 -2.005301E+02 -9.360016E+01
  1.800000E+01    25    17 -1.944109E+02  3.292907E+01
  1.800000E+01    25    18 -4.146943E+00 -2.439771E+00
  1.800000E+01    25    19  1.530498E+02  1.976236E+01
  1.800000E+01    25    20  4.040100E+00 -1.398487E+00
  1.800000E+01    25    21 -2.101326E+01 -1.381861E+00
  1.800000E+01    25    22  6.606068E+01 -5.862435E+00
  1.800000E+01    25    23 -5.595697E+03 -1.992730E+02
  1.800000E+01    25    24 -3.859763E+02  4.573476E+01
  1.800000E+01    25    25  6.947130E+02  2.267746E+00
  1.800000E+01    25    26  1.957637E+00  1.603319E-02
  1.800000E+01    25    27  3.953471E+00  5.022281E-01
  1.800000E+01    25    28  4.554027E+01  1.377471E-01
  1.800000E+01    25    29 -4.964245E+03 -1.626251E+01
  1.800000E+01    25    30 -7.844298E-01 -8.159080E-03
  1.800000E+01    26     1  2.216398E+01  8.815127E+00
  1.800000E+01    26     2  1.472217E+01  7.977695E+00
  1.800000E+01    26     3  4.773060E+00  1.605797E+00
  1.800000E+01    26     4  1.303945E+02  7.551228E+01
  1.800000E+01    26     5 -3.321175E+02 -1.321651E+02
  1.800000E+01    26     6 -3.985556E+00 -9.916455E-01
  1.800000E+01    26     7  2.636509E+01 -5.384139E+00
  1.800000E+01    26     8 -1.032584E+01 -4.988884E+00
  1.800000E+01    26     9 -1.393506E+01 -9.107654E+00
  1.800000E+01    26    10 -1.052468E+02 -5.059520E+01
  1.800000E+01    26    11 -2.701622E+02  5.193583E+01
  1.800000E+01    26    12 -3.029561E+00 -1.590364E+00
  1.800000E+01    26    13 -2.664978E+01  6.636969E+00
  1.800000E+01    26    14 -1.008311E+01 -5.427894E+00
  1.800000E+01    26    15  1.399593E+01  8.570807E+00
  1.800000E+01    26    16 -1.002039E+02 -5.782595E+01
  1.800000E+01    26    17  2.799716E+02 -7.410582E+01
  1.800000E+01    26    18 -3.379507E+00 -1.143621E+00
  1.800000E+01    26    19 -9.700425E+00 -3.979020E+00
  1.800000E+01    26    20  1.400348E+02  2.155308E+01
  1.800000E+01    26    21  4.414215E+00  3.354038E+00
  1.800000E+01    26    22  5.364057E+03  2.709954E+02
  1.800000E+01    26    23  2.603103E+02  1.056183E+02
  1.800000E+01    26    24  1.392226E+02  3.635817E+01
  1.800000E+01    26    25  1.239039E+00 -3.288570E-02
  1.800000E+01    26    26  7.062587E+02  2.292727E+00
  1.800000E+01    26    27  1.166274E+00 -1.238785E-01
  1.800000E+01    26    28  5.080998E+03  1.648587E+01
  1.800000E+01    26    29 -2.893235E+01  1.517993E-01
  1.800000E+01    26    30 -3.168046E-01  1.928775E-03
  1.800000E+01    27     1  1.070932E+00  6.011548E-01
  1.800000E+01    27     2 -7.808347E-02 -4.884608E-02
  1.800000E+01    27     3  1.215032E-01 -4.875419E-01
  1.800000E+01    27     4 -6.129019E-01 -4.554287E-01
  1.800000E+01    27     5 -1.418982E+01 -7.890976E+00
  1.800000E+01    27     6 -2.852283E-01 -1.586648E-01
  1.800000E+01    27     7  5.362161E-01  3.161544E-01
  1.800000E+01    27     8  1.636570E-03  6.999438E-03
  1.800000E+01    27     9  5.473936E-02 -5.193768E-01
  1.800000E+01    27    10 -1.571052E-02  6.563669E-02
  1.800000E+01    27    11 -5.432774E+00 -3.267158E+00
  1.800000E+01    27    12  6.848683E-03  3.425654E-03
  1.800000E+01    27    13  6.212822E-01  3.261552E-01
  1.800000E+01    27    14  1.349790E-02  2.552038E-04
  1.800000E+01    27    15  2.912545E-02 -5.430522E-01
  1.800000E+01    27    16  2.847310E-02 -5.809486E-02
  1.800000E+01    27    17 -6.802777E+00 -3.569803E+00
  1.800000E+01    27    18  2.418812E-02  1.189172E-02
  1.800000E+01    27    19  2.968846E-01 -1.645973E-01
  1.800000E+01    27    20  9.517421E-02 -1.212163E-01
  1.800000E+01    27    21 -6.794832E+01  1.616601E+00
  1.800000E+01    27    22 -2.111339E+01 -8.889778E-01
  1.800000E+01    27    23  1.352117E+01  3.863216E+00
  1.800000E+01    27    24  4.073586E+00  2.334868E+00
  1.800000E+01    27    25 -5.947005E-01 -1.325518E-03
  1.800000E+01    27    26 -6.693707E-01 -3.696983E-03
  1.800000E+01    27    27  7.133216E+01 -2.352986E-01
  1.800000E+01    27    28 -7.706357E+00 -2.636962E-02
  1.800000E+01    27    29  7.543853E+00  1.010850E-02
  1.800000E+01    27    30 -4.780230E-01  2.277479E-03
  1.800000E+01    28     1  1.644207E+02  6.626466E+01
  1.800000E+01    28     2  1.082479E+02  5.947009E+01
  1.800000E+01    28     3  3.584699E+01  1.200258E+01
  1.800000E+01    28     4  9.576538E+02  5.628809E+02
  1.800000E+01    28     5 -2.465396E+03 -9.925951E+02
  1.800000E+01    28     6 -2.985588E+01 -7.530433E+00
  1.800000E+01    28     7  1.950886E+02 -4.018568E+01
  1.800000E+01    28     8 -7.604063E+01 -3.705122E+01
  1.800000E+01    28     9 -1.059819E+02 -6.832094E+01
  1.800000E+01    28    10 -7.761578E+02 -3.757461E+02
  1.800000E+01    28    11 -2.002143E+03  3.876273E+02
  1.800000E+01    28    12 -2.227600E+01 -1.181439E+01
  1.800000E+01    28    13 -1.963988E+02  4.967161E+01
  1.800000E+01    28    14 -7.471570E+01 -4.065771E+01
  1.800000E+01    28    15  1.061689E+02  6.371142E+01
  1.800000E+01    28    16 -7.433149E+02 -4.331403E+02
  1.800000E+01    28    17  2.070244E+03 -5.546639E+02
  1.800000E+01    28    18 -2.501801E+01 -8.568189E+00
  1.800000E+01    28    19 -6.487496E+01 -2.939227E+01
  1.800000E+01    28    20  1.266057E+03  1.608163E+02
  1.800000E+01    28    21  1.245494E+01  2.569488E+01
  1.800000E+01    28    22  4.232166E+04  2.022570E+03
  1.800000E+01    28    23  1.820239E+03  7.860030E+02
  1.800000E+01    28    24  1.006172E+03  2.730235E+02
  1.800000E+01    28    25  2.752633E+01 -2.037375E-01
  1.800000E+01    28    26  5.212487E+03  1.711530E+01
  1.800000E+01    28    27  1.410651E+01 -1.016249E+00
  1.800000E+01    28    28  4.612312E+04  1.230685E+02
  1.800000E+01    28    29 -3.642019E+02  8.339588E-01
  1.800000E+01    28    30  3.264155E-01  1.522776E-02
  1.800000E+01    29     1  4.125821E+02 -8.513563E+01
  1.800000E+01    29     2 -8.673190E+00  4.823760E+00
  1.800000E+01    29     3 -9.482774E+01 -9.646588E+01
  1.800000E+01    29     4  4.121765E+01  5.269846E+01
  1.800000E+01    29     5 -5.333856E+03  1.125064E+03
  1.800000E+01    29     6 -1.021487E+02  2.143902E+01
  1.800000E+01    29     7 -9.235521E+01  3.391411E+01
  1.800000E+01    29     8 -1.259196E+02 -6.404739E+01
  1.800000E+01    29     9  6.189535E+01  2.399606E+01
  1.800000E+01    29    10 -1.266486E+03 -6.546285E+02
  1.800000E+01    29    11  9.040927E+02 -3.540906E+02
  1.800000E+01    29    12 -4.091710E+01 -1.936311E+01
  1.800000E+01    29    13 -1.107685E+02  2.921461E+01
  1.800000E+01    29    14  1.392933E+02  6.695133E+01
  1.800000E+01    29    15  5.943071E+01  2.148288E+01
  1.800000E+01    29    16  1.467809E+03  6.923876E+02
  1.800000E+01    29    17  1.325119E+03 -2.799023E+02
  1.800000E+01    29    18  3.082496E+01  1.818315E+01
  1.800000E+01    29    19 -1.341524E+03 -1.473726E+02
  1.800000E+01    29    20 -4.292685E+01  7.702244E+00
  1.800000E+01    29    21  2.376409E+02  2.850059E+01
  1.800000E+01    29    22 -9.722668E+02  1.764939E+01
  1.800000E+01    29    23  4.349963E+04  1.507154E+03
  1.800000E+01    29    24  2.904415E+03 -3.132726E+02
  1.800000E+01    29    25 -5.075397E+03 -1.673961E+01
  1.800000E+01    29    26 -6.115932E+01 -2.913037E-01
  1.800000E+01    29    27 -5.178168E+01 -6.392556E+00
  1.800000E+01    29    28 -7.091425E+02 -2.257754E+00
  1.800000E+01    29    29  4.461543E+04  1.200555E+02
  1.800000E+01    29    30  1.040119E+01  8.616144E-02
  1.800000E+01    30     1  9.119251E-01  4.321363E-01
  1.800000E+01    30     2  2.247339E-03 -8.866588E-03
  1.800000E+01    30     3  1.326979E-01 -3.358663E-01
  1.800000E+01    30     4  1.474958E-01 -7.866144E-02
  1.800000E+01    30     5 -1.163455E+01 -5.721882E+00
  1.800000E+01    30     6 -2.083259E-01 -1.100850E-01
  1.800000E+01    30     7  5.373794E-01  2.029791E-01
  1.800000E+01    30     8 -2.952004E-02 -1.421107E-02
  1.800000E+01    30     9  4.852953E-02 -3.816882E-01
  1.800000E+01    30    10 -3.146540E-01 -1.481214E-01
  1.800000E+01    30    11 -5.382616E+00 -2.108817E+00
  1.800000E+01    30    12 -5.310145E-03 -3.652690E-03
  1.800000E+01    30    13  4.479240E-01  2.457003E-01
  1.800000E+01    30    14 -2.421429E-02 -1.222103E-02
  1.800000E+01    30    15  1.179907E-01 -3.446202E-01
  1.800000E+01    30    16 -3.373675E-01 -1.733404E-01
  1.800000E+01    30    17 -4.746739E+00 -2.690670E+00
  1.800000E+01    30    18  1.070815E-02  5.785414E-03
  1.800000E+01    30    19  2.940800E-01 -1.343577E-01
  1.800000E+01    30    20  6.099964E-01 -1.736105E-02
  1.800000E+01    30    21 -3.696249E+00  1.119714E+00
  1.800000E+01    30    22  2.779761E+01  2.103396E-01
  1.800000E+01    30    23  1.358350E+01  3.062804E+00
  1.800000E+01    30    24  3.046062E+00  1.685005E+00
  1.800000E+01    30    25 -3.327411E-01 -2.126457E-03
  1.800000E+01    30    26  7.771314E-01  4.373944E-03
  1.800000E+01    30    27  1.975815E+00 -1.620455E-01
  1.800000E+01    30    28  8.297580E+00  3.159438E-02
  1.800000E+01    30    29  5.602339E+00  1.540828E-02
  1.800000E+01    30    30  4.675648E+01  1.573185E-03
