  1.000000E+00 -1.800000E+02     1  1.837481E-01  9.776785E+01 -2.483533E-02  1.820620E-01
  1.000000E+00 -1.800000E+02     2  5.752134E-02 -5.409755E+01  3.373092E-02 -4.659324E-02
  1.000000E+00 -1.800000E+02     3  6.380153E-02 -8.559010E+01  4.905787E-03 -6.361265E-02
  1.000000E+00 -1.800000E+02     4  1.176196E+00  9.145259E+01 -2.981639E-02  1.175818E+00
  1.000000E+00 -1.800000E+02     5  2.031981E+00 -8.692014E+01  1.091743E-01 -2.029046E+00
  1.000000E+00 -1.800000E+02     6  9.311770E-02 -1.062957E+02 -2.612835E-02 -8.937681E-02
  1.000000E+00 -1.800000E+02     7  5.192054E-01  1.230037E+02 -2.828076E-01  4.354241E-01
  1.000000E+00 -1.800000E+02     8  5.250312E-01 -5.780617E+01  2.797288E-01 -4.443080E-01
  1.000000E+00 -1.800000E+02     9  2.005296E-03  4.232613E+01  1.482564E-03  1.350266E-03
  1.000000E+00 -1.800000E+02    10  4.763092E-01 -5.964244E+01  2.407242E-01 -4.110016E-01
  1.000000E+00 -1.800000E+02    11  5.544801E-01 -6.014906E+01  2.759899E-01 -4.809135E-01
  1.000000E+00 -1.800000E+02    12  1.123449E-01  8.749929E+01  4.901807E-03  1.122379E-01
  1.000000E+00 -1.800000E+02    13  3.773192E-01  1.134132E+02 -1.499312E-01  3.462519E-01
  1.000000E+00 -1.800000E+02    14  3.946812E-01  1.375349E+02 -2.911521E-01  2.664652E-01
  1.000000E+00 -1.800000E+02    15  1.946748E-03  1.778762E+01  1.853685E-03  5.947112E-04
  1.000000E+00 -1.800000E+02    16  3.742151E-01  1.346137E+02 -2.628199E-01  2.663882E-01
  1.000000E+00 -1.800000E+02    17  5.615636E-01 -8.028086E+01  9.480239E-02 -5.535036E-01
  1.000000E+00 -1.800000E+02    18  1.989877E-02 -1.091570E+02 -6.529920E-03 -1.879684E-02
  1.000000E+00 -1.800000E+02    19  1.701282E-01 -8.625438E+01  1.111394E-02 -1.697648E-01
  1.000000E+00 -1.800000E+02    20  1.527220E-01 -8.834898E+01  4.400209E-03 -1.526586E-01
  1.000000E+00 -1.800000E+02    21  6.223178E-02  1.022418E+02 -1.319552E-02  6.081671E-02
  1.000000E+00 -1.800000E+02    22  1.942902E-01 -1.362476E+02 -1.403425E-01 -1.343602E-01
  1.000000E+00 -1.800000E+02    23  2.851243E+00  9.445799E+01 -2.216218E-01  2.842617E+00
  1.000000E+00 -1.800000E+02    24  7.735008E+00  9.059855E+01 -8.080300E-02  7.734586E+00
  1.000000E+00 -1.800000E+02    25  7.020503E-01 -8.708392E+01  3.571555E-02 -7.011412E-01
  1.000000E+00 -1.800000E+02    26  1.863725E-01  1.007780E+02 -3.485256E-02  1.830848E-01
  1.000000E+00 -1.800000E+02    27  2.707438E-01  3.520946E+00  2.702327E-01  1.662730E-02
  1.000000E+00 -1.800000E+02    28  3.228227E-01  8.910126E+01  5.063564E-03  3.227830E-01
  1.000000E+00 -1.800000E+02    29  5.084012E-01  8.888686E+01  9.876509E-03  5.083052E-01
  1.000000E+00 -1.800000E+02    30  4.313216E-01 -1.766238E+02 -4.305729E-01 -2.540143E-02
  1.000000E+00 -1.350000E+02     1  2.660531E-01  1.540593E+02 -2.392475E-01  1.163826E-01
  1.000000E+00 -1.350000E+02     2  2.950747E-01  1.421249E+02 -2.329176E-01  1.811588E-01
  1.000000E+00 -1.350000E+02     3  7.576572E-02  1.425069E+02 -6.011457E-02  4.611597E-02
  1.000000E+00 -1.350000E+02     4  8.356477E-01 -1.934320E+01  7.884766E-01 -2.767881E-01
  1.000000E+00 -1.350000E+02     5  2.924716E+00  1.306021E+02 -1.903411E+00  2.220584E+00
  1.000000E+00 -1.350000E+02     6  2.786314E-01 -1.379805E+02 -2.070000E-01 -1.865112E-01
  1.000000E+00 -1.350000E+02     7  9.055849E-02  1.222997E+02 -4.838972E-02  7.654590E-02
  1.000000E+00 -1.350000E+02     8  4.672026E-01 -8.978262E+01  1.772609E-03 -4.671992E-01
  1.000000E+00 -1.350000E+02     9  1.859303E-03 -3.129412E+00  1.856530E-03 -1.015020E-04
  1.000000E+00 -1.350000E+02    10  4.512601E-01 -8.792837E+01  1.631260E-02 -4.509652E-01
  1.000000E+00 -1.350000E+02    11  2.165054E-01 -5.991216E+01  1.085400E-01 -1.873330E-01
  1.000000E+00 -1.350000E+02    12  3.177142E-02  4.995685E+01  2.044060E-02  2.432293E-02
  1.000000E+00 -1.350000E+02    13  5.974628E-01  6.225151E+01  2.781734E-01  5.287545E-01
  1.000000E+00 -1.350000E+02    14  3.176316E-01 -1.085781E+02 -1.011967E-01 -3.010799E-01
  1.000000E+00 -1.350000E+02    15  2.183142E-03  3.617765E+01  1.762212E-03  1.288688E-03
  1.000000E+00 -1.350000E+02    16  2.887170E-01 -1.125732E+02 -1.108280E-01 -2.665983E-01
  1.000000E+00 -1.350000E+02    17  5.028322E-01 -1.186339E+02 -2.409630E-01 -4.413355E-01
  1.000000E+00 -1.350000E+02    18  7.714213E-02  3.187078E+01  6.551226E-02  4.073146E-02
  1.000000E+00 -1.350000E+02    19  2.727101E-01  1.357341E+02 -1.952901E-01  1.903486E-01
  1.000000E+00 -1.350000E+02    20  1.511473E-01  1.450952E+02 -1.239565E-01  8.648869E-02
  1.000000E+00 -1.350000E+02    21  3.976022E-02 -3.279331E+01  3.342363E-02 -2.153454E-02
  1.000000E+00 -1.350000E+02    22  2.310184E-01  1.784827E+02 -2.309374E-01  6.116930E-03
  1.000000E+00 -1.350000E+02    23  3.430380E+00 -3.940259E+01  2.650671E+00 -2.177486E+00
  1.000000E+00 -1.350000E+02    24  7.561745E+00 -2.761547E+01  6.700299E+00 -3.505135E+00
  1.000000E+00 -1.350000E+02    25  4.863190E-02 -6.296723E+01  2.210320E-02 -4.331870E-02
  1.000000E+00 -1.350000E+02    26  6.548479E-01  9.995662E+01 -1.132248E-01  6.449852E-01
  1.000000E+00 -1.350000E+02    27  2.496532E-01 -2.172842E+00  2.494737E-01 -9.465391E-03
  1.000000E+00 -1.350000E+02    28  2.959404E-01  9.536078E+01 -2.764877E-02  2.946460E-01
  1.000000E+00 -1.350000E+02    29  5.087084E-02 -1.403275E+01  4.935271E-02 -1.233498E-02
  1.000000E+00 -1.350000E+02    30  6.193478E-01  1.774149E+02 -6.187175E-01  2.793493E-02
  1.000000E+00 -9.000000E+01     1  2.052620E-01 -2.295382E+01  1.890093E-01 -8.004997E-02
  1.000000E+00 -9.000000E+01     2  1.516311E-01 -1.214035E+02 -7.900920E-02 -1.294200E-01
  1.000000E+00 -9.000000E+01     3  5.481312E-02  1.593336E+02 -5.128595E-02  1.934500E-02
  1.000000E+00 -9.000000E+01     4  7.155160E-01 -2.798920E+01  6.318264E-01 -3.357953E-01
  1.000000E+00 -9.000000E+01     5  2.595822E+00  1.598529E+02 -2.436988E+00  8.940818E-01
  1.000000E+00 -9.000000E+01     6  8.841933E-02  1.260849E+02 -5.207754E-02  7.145564E-02
  1.000000E+00 -9.000000E+01     7  3.888160E-01  7.901618E+01  7.408179E-02  3.816933E-01
  1.000000E+00 -9.000000E+01     8  1.585662E-01 -2.483562E+01  1.439014E-01 -6.660040E-02
  1.000000E+00 -9.000000E+01     9  1.877376E-03  3.219574E+01  1.588697E-03  1.000291E-03
  1.000000E+00 -9.000000E+01    10  1.763783E-01  1.983254E+01  1.659170E-01  5.984025E-02
  1.000000E+00 -9.000000E+01    11  2.508510E-01 -1.281373E+02 -1.549124E-01 -1.973027E-01
  1.000000E+00 -9.000000E+01    12  5.288500E-02 -2.073611E+01  4.945917E-02 -1.872469E-02
  1.000000E+00 -9.000000E+01    13  1.928136E-01 -6.651376E+01  7.684178E-02 -1.768401E-01
  1.000000E+00 -9.000000E+01    14  3.776155E-02  5.405515E+01  2.216627E-02  3.057109E-02
  1.000000E+00 -9.000000E+01    15  1.319834E-03 -7.053478E+00  1.309846E-03 -1.620700E-04
  1.000000E+00 -9.000000E+01    16  7.483496E-02  1.113782E+02 -2.727898E-02  6.968593E-02
  1.000000E+00 -9.000000E+01    17  3.116713E-01  1.600183E+02 -2.929092E-01  1.065044E-01
  1.000000E+00 -9.000000E+01    18  1.010018E-01  1.553769E+01  9.731065E-02  2.705557E-02
  1.000000E+00 -9.000000E+01    19  1.929956E-01  1.589654E+02 -1.801350E-01  6.927236E-02
  1.000000E+00 -9.000000E+01    20  9.534764E-02  1.733258E+02 -9.470148E-02  1.108159E-02
  1.000000E+00 -9.000000E+01    21  2.959117E-02 -2.749730E+01  2.624833E-02 -1.366244E-02
  1.000000E+00 -9.000000E+01    22  1.945590E-01 -1.432685E+02 -1.559287E-01 -1.163592E-01
  1.000000E+00 -9.000000E+01    23  2.602679E+00 -2.005528E+01  2.444858E+00 -8.925279E-01
  1.000000E+00 -9.000000E+01    24  4.897674E+00 -1.693418E+01  4.685310E+00 -1.426560E+00
  1.000000E+00 -9.000000E+01    25  7.311977E-01  9.322832E+01 -4.117746E-02  7.300373E-01
  1.000000E+00 -9.000000E+01    26  8.054330E-01 -8.729997E+01  3.794146E-02 -8.045388E-01
  1.000000E+00 -9.000000E+01    27  2.460765E-01  1.146040E+01  2.411703E-01  4.889307E-02
  1.000000E+00 -9.000000E+01    28  2.767699E-01 -8.700855E+01  1.444376E-02 -2.763927E-01
  1.000000E+00 -9.000000E+01    29  2.154635E-02 -2.232382E+00  2.153000E-02 -8.392856E-04
  1.000000E+00 -9.000000E+01    30  4.860108E-01 -1.704724E+02 -4.793068E-01 -8.044558E-02
  1.000000E+00 -4.500000E+01     1  6.179925E-02 -3.139277E+01  5.275286E-02 -3.219134E-02
  1.000000E+00 -4.500000E+01     2  5.144739E-01  3.202868E+01  4.361621E-01  2.728480E-01
  1.000000E+00 -4.500000E+01     3  9.162100E-02 -1.628825E+02 -8.756249E-02 -2.696698E-02
  1.000000E+00 -4.500000E+01     4  1.879847E+00  2.032040E+01  1.762855E+00  6.528136E-01
  1.000000E+00 -4.500000E+01     5  3.309206E+00 -1.625197E+02 -3.156388E+00 -9.940122E-01
  1.000000E+00 -4.500000E+01     6  1.165706E-01  1.649082E+02 -1.125500E-01  3.035109E-02
  1.000000E+00 -4.500000E+01     7  2.462820E-01 -6.468752E+01  1.052990E-01 -2.226363E-01
  1.000000E+00 -4.500000E+01     8  7.372649E-02  8.289185E+01  9.123114E-03  7.315985E-02
  1.000000E+00 -4.500000E+01     9  4.795444E-04  1.140111E+01  4.700817E-04  9.479457E-05
  1.000000E+00 -4.500000E+01    10  1.062886E-01  8.505322E+01  9.165324E-03  1.058927E-01
  1.000000E+00 -4.500000E+01    11  4.932970E-01  1.034634E+02 -1.148513E-01  4.797406E-01
  1.000000E+00 -4.500000E+01    12  3.812719E-02 -1.754086E+02 -3.800483E-02 -3.052080E-03
  1.000000E+00 -4.500000E+01    13  4.723146E-01  1.024893E+02 -1.021416E-01  4.611380E-01
  1.000000E+00 -4.500000E+01    14  4.266236E-01 -7.998087E+01  7.422268E-02 -4.201175E-01
  1.000000E+00 -4.500000E+01    15  7.275503E-04  1.436714E+01  7.047966E-04  1.805302E-04
  1.000000E+00 -4.500000E+01    16  4.061037E-01 -8.147562E+01  6.019683E-02 -4.016174E-01
  1.000000E+00 -4.500000E+01    17  3.626658E-01 -9.474863E+01 -3.002302E-02 -3.614210E-01
  1.000000E+00 -4.500000E+01    18  1.145346E-01 -1.630791E+02 -1.095761E-01 -3.333548E-02
  1.000000E+00 -4.500000E+01    19  2.942981E-01 -1.610724E+02 -2.783851E-01 -9.546246E-02
  1.000000E+00 -4.500000E+01    20  1.835539E-01 -1.595621E+02 -1.719994E-01 -6.409557E-02
  1.000000E+00 -4.500000E+01    21  6.835453E-02  1.543471E+01  6.588928E-02  1.819188E-02
  1.000000E+00 -4.500000E+01    22  6.088265E-01 -1.118351E+02 -2.264446E-01 -5.651482E-01
  1.000000E+00 -4.500000E+01    23  4.047283E+00  1.729127E+01  3.864371E+00  1.202971E+00
  1.000000E+00 -4.500000E+01    24  9.538947E+00  1.712252E+01  9.116156E+00  2.808418E+00
  1.000000E+00 -4.500000E+01    25  1.012935E+00  9.429590E+01 -7.587630E-02  1.010089E+00
  1.000000E+00 -4.500000E+01    26  1.037654E+00 -8.420382E+01  1.047928E-01 -1.032349E+00
  1.000000E+00 -4.500000E+01    27  5.909632E-02  4.998219E+01  3.800045E-02  4.525860E-02
  1.000000E+00 -4.500000E+01    28  4.471046E-01 -8.514307E+01  3.785537E-02 -4.454992E-01
  1.000000E+00 -4.500000E+01    29  1.499569E-02 -1.287030E+02 -9.376561E-03 -1.170260E-02
  1.000000E+00 -4.500000E+01    30  1.820284E-01 -1.805976E+01  1.730606E-01 -5.643040E-02
  1.000000E+00  0.000000E+00     1  1.918986E-01 -9.638034E+01 -2.132531E-02 -1.907100E-01
  1.000000E+00  0.000000E+00     2  6.732219E-02  5.335585E+01  4.018080E-02  5.401649E-02
  1.000000E+00  0.000000E+00     3  6.449760E-02  8.626035E+01  4.206729E-03  6.436027E-02
  1.000000E+00  0.000000E+00     4  1.175696E+00 -9.055046E+01 -1.129523E-02 -1.175642E+00
  1.000000E+00  0.000000E+00     5  2.065761E+00  8.765385E+01  8.456545E-02  2.064030E+00
  1.000000E+00  0.000000E+00     6  9.356008E-02  1.071626E+02 -2.760808E-02  8.939398E-02
  1.000000E+00  0.000000E+00     7  5.231261E-01 -1.232141E+02 -2.865521E-01 -4.376628E-01
  1.000000E+00  0.000000E+00     8  5.394468E-01  5.795293E+01  2.862390E-01  4.572418E-01
  1.000000E+00  0.000000E+00     9  1.916556E-03 -3.769130E+01  1.516602E-03 -1.171796E-03
  1.000000E+00  0.000000E+00    10  4.884171E-01  5.969056E+01  2.464894E-01  4.216565E-01
  1.000000E+00  0.000000E+00    11  5.580232E-01  5.978087E+01  2.808578E-01  4.821916E-01
  1.000000E+00  0.000000E+00    12  1.118120E-01 -8.682749E+01  6.187949E-03 -1.116406E-01
  1.000000E+00  0.000000E+00    13  3.781722E-01 -1.114686E+02 -1.384076E-01 -3.519340E-01
  1.000000E+00  0.000000E+00    14  3.998328E-01 -1.379915E+02 -2.970942E-01 -2.675842E-01
  1.000000E+00  0.000000E+00    15  1.913869E-03 -1.426623E+01  1.854847E-03 -4.716306E-04
  1.000000E+00  0.000000E+00    16  3.850908E-01 -1.345373E+02 -2.700926E-01 -2.744903E-01
  1.000000E+00  0.000000E+00    17  5.592154E-01  8.143694E+01  8.326595E-02  5.529816E-01
  1.000000E+00  0.000000E+00    18  1.959229E-02  1.034162E+02 -4.545873E-03  1.905762E-02
  1.000000E+00  0.000000E+00    19  1.723185E-01  8.702872E+01  8.932173E-03  1.720869E-01
  1.000000E+00  0.000000E+00    20  1.530680E-01  8.910437E+01  2.392621E-03  1.530493E-01
  1.000000E+00  0.000000E+00    21  6.466347E-02 -1.013999E+02 -1.278113E-02 -6.338775E-02
  1.000000E+00  0.000000E+00    22  2.023575E-01  1.418491E+02 -1.591312E-01  1.250032E-01
  1.000000E+00  0.000000E+00    23  2.876849E+00 -9.365760E+01 -1.835250E-01 -2.870989E+00
  1.000000E+00  0.000000E+00    24  7.796221E+00 -9.002927E+01 -3.983061E-03 -7.796220E+00
  1.000000E+00  0.000000E+00    25  7.189755E-01  8.892678E+01  1.346652E-02  7.188494E-01
  1.000000E+00  0.000000E+00    26  2.644398E-01 -1.188344E+02 -1.275338E-01 -2.316539E-01
  1.000000E+00  0.000000E+00    27  2.730449E-01  2.957272E+00  2.726812E-01  1.408672E-02
  1.000000E+00  0.000000E+00    28  3.422388E-01 -9.457096E+01 -2.727428E-02 -3.411503E-01
  1.000000E+00  0.000000E+00    29  5.001727E-01 -8.376508E+01  5.432133E-02 -4.972142E-01
  1.000000E+00  0.000000E+00    30  4.366679E-01 -1.777276E+02 -4.363245E-01 -1.731377E-02
  1.000000E+00  4.500000E+01     1  2.765741E-01 -1.539948E+02 -2.485723E-01 -1.212645E-01
  1.000000E+00  4.500000E+01     2  3.021709E-01 -1.456013E+02 -2.493293E-01 -1.707109E-01
  1.000000E+00  4.500000E+01     3  7.766026E-02 -1.418792E+02 -6.109621E-02 -4.794131E-02
  1.000000E+00  4.500000E+01     4  8.500313E-01  2.222279E+01  7.868911E-01  3.214895E-01
  1.000000E+00  4.500000E+01     5  2.981511E+00 -1.303794E+02 -1.931561E+00 -2.271229E+00
  1.000000E+00  4.500000E+01     6  2.759797E-01  1.387665E+02 -2.075450E-01  1.819062E-01
  1.000000E+00  4.500000E+01     7  9.664805E-02 -1.281907E+02 -5.975558E-02 -7.596128E-02
  1.000000E+00  4.500000E+01     8  4.764853E-01  8.938641E+01  5.102652E-03  4.764580E-01
  1.000000E+00  4.500000E+01     9  1.742278E-03  6.658284E+00  1.730527E-03  2.020130E-04
  1.000000E+00  4.500000E+01    10  4.603163E-01  8.765807E+01  1.880993E-02  4.599319E-01
  1.000000E+00  4.500000E+01    11  2.173282E-01  5.733770E+01  1.172891E-01  1.829612E-01
  1.000000E+00  4.500000E+01    12  3.000385E-02 -4.949551E+01  1.948773E-02 -2.281358E-02
  1.000000E+00  4.500000E+01    13  5.851839E-01 -6.403835E+01  2.561757E-01 -5.261313E-01
  1.000000E+00  4.500000E+01    14  3.105246E-01  1.112232E+02 -1.124107E-01  2.894639E-01
  1.000000E+00  4.500000E+01    15  2.149925E-03 -3.479587E+01  1.765497E-03 -1.226864E-03
  1.000000E+00  4.500000E+01    16  2.799440E-01  1.151897E+02 -1.191486E-01  2.533224E-01
  1.000000E+00  4.500000E+01    17  4.958951E-01  1.168874E+02 -2.242626E-01  4.422875E-01
  1.000000E+00  4.500000E+01    18  7.732856E-02 -3.326148E+01  6.466030E-02 -4.241167E-02
  1.000000E+00  4.500000E+01    19  2.781178E-01 -1.353359E+02 -1.978084E-01 -1.955029E-01
  1.000000E+00  4.500000E+01    20  1.539279E-01 -1.439669E+02 -1.244779E-01 -9.054857E-02
  1.000000E+00  4.500000E+01    21  4.096439E-02  3.269147E+01  3.447527E-02  2.212549E-02
  1.000000E+00  4.500000E+01    22  1.964351E-01 -1.757231E+02 -1.958881E-01 -1.464948E-02
  1.000000E+00  4.500000E+01    23  3.511825E+00  4.008318E+01  2.686934E+00  2.261261E+00
  1.000000E+00  4.500000E+01    24  7.756969E+00  2.867130E+01  6.805861E+00  3.721670E+00
  1.000000E+00  4.500000E+01    25  5.546587E-02  8.129960E+01  8.390200E-03  5.482761E-02
  1.000000E+00  4.500000E+01    26  6.741486E-01 -8.356842E+01  7.551581E-02 -6.699058E-01
  1.000000E+00  4.500000E+01    27  2.411836E-01  5.488808E+00  2.400778E-01  2.306953E-02
  1.000000E+00  4.500000E+01    28  3.061881E-01 -8.248176E+01  4.006219E-02 -3.035559E-01
  1.000000E+00  4.500000E+01    29  2.313344E-02  1.337630E+02 -1.600086E-02  1.670714E-02
  1.000000E+00  4.500000E+01    30  6.105347E-01 -1.756084E+02 -6.087422E-01 -4.675083E-02
  1.000000E+00  9.000000E+01     1  2.024220E-01  2.065224E+01  1.894140E-01  7.139321E-02
  1.000000E+00  9.000000E+01     2  1.761740E-01  1.206034E+02 -8.968886E-02  1.516350E-01
  1.000000E+00  9.000000E+01     3  5.370553E-02 -1.603417E+02 -5.057535E-02 -1.806706E-02
  1.000000E+00  9.000000E+01     4  7.005401E-01  2.925928E+01  6.111630E-01  3.423978E-01
  1.000000E+00  9.000000E+01     5  2.560957E+00 -1.607228E+02 -2.417371E+00 -8.454711E-01
  1.000000E+00  9.000000E+01     6  8.902036E-02 -1.259388E+02 -5.224791E-02 -7.207483E-02
  1.000000E+00  9.000000E+01     7  4.042728E-01 -8.018219E+01  6.893491E-02 -3.983522E-01
  1.000000E+00  9.000000E+01     8  1.834994E-01  3.303811E+01  1.538290E-01  1.000433E-01
  1.000000E+00  9.000000E+01     9  1.850481E-03 -2.408620E+01  1.689364E-03 -7.552007E-04
  1.000000E+00  9.000000E+01    10  1.784519E-01 -9.731450E+00  1.758842E-01 -3.016380E-02
  1.000000E+00  9.000000E+01    11  2.582683E-01  1.244008E+02 -1.459162E-01  2.130985E-01
  1.000000E+00  9.000000E+01    12  5.267111E-02  2.214748E+01  4.878485E-02  1.985659E-02
  1.000000E+00  9.000000E+01    13  2.023297E-01  6.439092E+01  8.745269E-02  1.824536E-01
  1.000000E+00  9.000000E+01    14  6.115411E-02 -6.773454E+01  2.317119E-02 -5.659435E-02
  1.000000E+00  9.000000E+01    15  1.360610E-03  1.938230E+01  1.283497E-03  4.515451E-04
  1.000000E+00  9.000000E+01    16  9.760644E-02 -1.071303E+02 -2.874956E-02 -9.327637E-02
  1.000000E+00  9.000000E+01    17  3.162502E-01 -1.615287E+02 -2.999578E-01 -1.001976E-01
  1.000000E+00  9.000000E+01    18  1.007519E-01 -1.649323E+01  9.660628E-02 -2.860367E-02
  1.000000E+00  9.000000E+01    19  1.904494E-01 -1.595813E+02 -1.784831E-01 -6.644356E-02
  1.000000E+00  9.000000E+01    20  9.538585E-02 -1.749441E+02 -9.501472E-02 -8.406104E-03
  1.000000E+00  9.000000E+01    21  2.691374E-02  2.089158E+01  2.514435E-02  9.597461E-03
  1.000000E+00  9.000000E+01    22  2.167582E-01  1.543535E+02 -1.954035E-01  9.381670E-02
  1.000000E+00  9.000000E+01    23  2.558977E+00  1.915604E+01  2.417283E+00  8.397078E-01
  1.000000E+00  9.000000E+01    24  4.807703E+00  1.607659E+01  4.619685E+00  1.331359E+00
  1.000000E+00  9.000000E+01    25  7.153416E-01 -8.434533E+01  7.048435E-02 -7.118606E-01
  1.000000E+00  9.000000E+01    26  7.673452E-01  1.006002E+02 -1.411563E-01  7.542503E-01
  1.000000E+00  9.000000E+01    27  2.507238E-01  3.904586E-01  2.507180E-01  1.708617E-03
  1.000000E+00  9.000000E+01    28  2.660677E-01  1.011864E+02 -5.161774E-02  2.610126E-01
  1.000000E+00  9.000000E+01    29  3.279781E-02  2.133488E+01  3.055017E-02  1.193245E-02
  1.000000E+00  9.000000E+01    30  4.950941E-01 -1.765502E+02 -4.941970E-01 -2.979205E-02
  1.000000E+00  1.350000E+02     1  6.353430E-02  3.072170E+01  5.461782E-02  3.245767E-02
  1.000000E+00  1.350000E+02     2  5.120036E-01 -3.270875E+01  4.308143E-01 -2.766708E-01
  1.000000E+00  1.350000E+02     3  9.015929E-02  1.615280E+02 -8.551416E-02  2.856616E-02
  1.000000E+00  1.350000E+02     4  1.860881E+00 -2.149654E+01  1.731437E+00 -6.819107E-01
  1.000000E+00  1.350000E+02     5  3.256893E+00  1.613091E+02 -3.085128E+00  1.043713E+00
  1.000000E+00  1.350000E+02     6  1.140558E-01 -1.652299E+02 -1.102870E-01 -2.907752E-02
  1.000000E+00  1.350000E+02     7  2.283988E-01  7.281620E+01  6.747767E-02  2.182035E-01
  1.000000E+00  1.350000E+02     8  6.598551E-02 -8.608107E+01  4.509771E-03 -6.583122E-02
  1.000000E+00  1.350000E+02     9  6.519539E-04 -3.636938E+00  6.506409E-04 -4.135600E-05
  1.000000E+00  1.350000E+02    10  9.946194E-02 -8.728889E+01  4.704568E-03 -9.935061E-02
  1.000000E+00  1.350000E+02    11  4.814804E-01 -9.942301E+01 -7.882904E-02 -4.749835E-01
  1.000000E+00  1.350000E+02    12  3.833698E-02  1.758338E+02 -3.823568E-02  2.785192E-03
  1.000000E+00  1.350000E+02    13  4.766876E-01 -1.036120E+02 -1.121862E-01 -4.632983E-01
  1.000000E+00  1.350000E+02    14  4.267932E-01  8.167808E+01  6.177181E-02  4.222993E-01
  1.000000E+00  1.350000E+02    15  6.731065E-04 -1.041559E+01  6.620153E-04 -1.216887E-04
  1.000000E+00  1.350000E+02    16  4.046367E-01  8.407820E+01  4.174678E-02  4.024774E-01
  1.000000E+00  1.350000E+02    17  3.613345E-01  9.245171E+01 -1.545696E-02  3.610038E-01
  1.000000E+00  1.350000E+02    18  1.162419E-01  1.627924E+02 -1.110388E-01  3.438845E-02
  1.000000E+00  1.350000E+02    19  2.899847E-01  1.598433E+02 -2.722242E-01  9.992532E-02
  1.000000E+00  1.350000E+02    20  1.831682E-01  1.585069E+02 -1.704310E-01  6.711089E-02
  1.000000E+00  1.350000E+02    21  6.597746E-02 -1.773338E+01  6.284249E-02 -2.009594E-02
  1.000000E+00  1.350000E+02    22  6.296574E-01  1.165499E+02 -2.814427E-01  5.632570E-01
  1.000000E+00  1.350000E+02    23  4.000625E+00 -1.856992E+01  3.792335E+00 -1.274046E+00
  1.000000E+00  1.350000E+02    24  9.423166E+00 -1.845239E+01  8.938693E+00 -2.982589E+00
  1.000000E+00  1.350000E+02    25  1.013753E+00 -8.491376E+01  8.987422E-02 -1.009761E+00
  1.000000E+00  1.350000E+02    26  1.028314E+00  9.727927E+01 -1.302934E-01  1.020026E+00
  1.000000E+00  1.350000E+02    27  6.706008E-02 -3.032300E+01  5.788578E-02 -3.385690E-02
  1.000000E+00  1.350000E+02    28  4.438607E-01  9.496756E+01 -3.843461E-02  4.421935E-01
  1.000000E+00  1.350000E+02    29  1.801410E-02  7.378992E+01  5.028816E-03  1.729794E-02
  1.000000E+00  1.350000E+02    30  1.423242E-01  7.991727E+00  1.409420E-01  1.978735E-02
  1.000000E+00  1.800000E+02     1  1.837451E-01  9.776559E+01 -2.482773E-02  1.820600E-01
  1.000000E+00  1.800000E+02     2  5.752554E-02 -5.409733E+01  3.373356E-02 -4.659651E-02
  1.000000E+00  1.800000E+02     3  6.380010E-02 -8.559390E+01  4.901450E-03 -6.361154E-02
  1.000000E+00  1.800000E+02     4  1.176163E+00  9.144866E+01 -2.973483E-02  1.175787E+00
  1.000000E+00  1.800000E+02     5  2.031958E+00 -8.692429E+01  1.090259E-01 -2.029031E+00
  1.000000E+00  1.800000E+02     6  9.311673E-02 -1.062990E+02 -2.613316E-02 -8.937440E-02
  1.000000E+00  1.800000E+02     7  5.192043E-01  1.230056E+02 -2.828215E-01  4.354137E-01
  1.000000E+00  1.800000E+02     8  5.250302E-01 -5.780421E+01  2.797435E-01 -4.442975E-01
  1.000000E+00  1.800000E+02     9  2.005279E-03  4.232665E+01  1.482539E-03  1.350268E-03
  1.000000E+00  1.800000E+02    10  4.763082E-01 -5.964044E+01  2.407380E-01 -4.109923E-01
  1.000000E+00  1.800000E+02    11  5.544801E-01 -6.014717E+01  2.760057E-01 -4.809044E-01
  1.000000E+00  1.800000E+02    12  1.123446E-01  8.750130E+01  4.897856E-03  1.122378E-01
  1.000000E+00  1.800000E+02    13  3.773198E-01  1.134113E+02 -1.499198E-01  3.462575E-01
  1.000000E+00  1.800000E+02    14  3.946824E-01  1.375331E+02 -2.911442E-01  2.664757E-01
  1.000000E+00  1.800000E+02    15  1.946762E-03  1.778708E+01  1.853704E-03  5.946982E-04
  1.000000E+00  1.800000E+02    16  3.742156E-01  1.346117E+02 -2.628113E-01  2.663974E-01
  1.000000E+00  1.800000E+02    17  5.615685E-01 -8.028261E+01  9.478636E-02 -5.535113E-01
  1.000000E+00  1.800000E+02    18  1.989885E-02 -1.091589E+02 -6.530589E-03 -1.879669E-02
  1.000000E+00  1.800000E+02    19  1.701253E-01 -8.625861E+01  1.110124E-02 -1.697627E-01
  1.000000E+00  1.800000E+02    20  1.527191E-01 -8.835248E+01  4.390776E-03 -1.526560E-01
  1.000000E+00  1.800000E+02    21  6.223014E-02  1.022390E+02 -1.319216E-02  6.081577E-02
  1.000000E+00  1.800000E+02    22  1.943048E-01 -1.362547E+02 -1.403699E-01 -1.343527E-01
  1.000000E+00  1.800000E+02    23  2.851170E+00  9.445384E+01 -2.214101E-01  2.842560E+00
  1.000000E+00  1.800000E+02    24  7.734830E+00  9.059488E+01 -8.030646E-02  7.734413E+00
  1.000000E+00  1.800000E+02    25  7.020482E-01 -8.708391E+01  3.571557E-02 -7.011391E-01
  1.000000E+00  1.800000E+02    26  1.863702E-01  1.007781E+02 -3.485245E-02  1.830824E-01
  1.000000E+00  1.800000E+02    27  2.707437E-01  3.520949E+00  2.702326E-01  1.662731E-02
  1.000000E+00  1.800000E+02    28  3.228215E-01  8.910125E+01  5.063623E-03  3.227818E-01
  1.000000E+00  1.800000E+02    29  5.084006E-01  8.888689E+01  9.876333E-03  5.083046E-01
  1.000000E+00  1.800000E+02    30  4.313216E-01 -1.766238E+02 -4.305730E-01 -2.540129E-02
  2.000000E+00 -1.800000E+02     1  1.109605E+01 -4.159362E+01  8.298427E+00 -7.366037E+00
  2.000000E+00 -1.800000E+02     2  1.358869E+00  1.412921E+02 -1.060386E+00  8.497685E-01
  2.000000E+00 -1.800000E+02     3  2.950404E-01 -3.850978E+01  2.308697E-01 -1.837064E-01
  2.000000E+00 -1.800000E+02     4  6.298910E+00  1.445720E+02 -5.132635E+00  3.651345E+00
  2.000000E+00 -1.800000E+02     5  6.196370E+00  1.331075E+02 -4.234406E+00  4.523803E+00
  2.000000E+00 -1.800000E+02     6  2.044918E+00  8.560503E+01  1.567051E-01  2.038904E+00
  2.000000E+00 -1.800000E+02     7  8.390942E-01  1.629307E+02 -8.021325E-01  2.462976E-01
  2.000000E+00 -1.800000E+02     8  8.032267E+00  3.324282E+01  6.717825E+00  4.403196E+00
  2.000000E+00 -1.800000E+02     9  8.245913E-03  1.748597E+02 -8.212751E-03  7.387882E-04
  2.000000E+00 -1.800000E+02    10  1.240492E+01  3.181224E+01  1.054145E+01  6.539095E+00
  2.000000E+00 -1.800000E+02    11  5.295006E+00 -2.901452E-01  5.294939E+00 -2.681374E-02
  2.000000E+00 -1.800000E+02    12  3.392250E+00  1.751630E+02 -3.380169E+00  2.860411E-01
  2.000000E+00 -1.800000E+02    13  6.223125E+00 -1.078710E+02 -1.909724E+00 -5.922857E+00
  2.000000E+00 -1.800000E+02    14  8.510791E+00 -1.518289E+02 -7.502620E+00 -4.017991E+00
  2.000000E+00 -1.800000E+02    15  6.897558E-03 -1.674318E+02 -6.732275E-03 -1.500925E-03
  2.000000E+00 -1.800000E+02    16  1.256245E+01 -1.523476E+02 -1.112757E+01 -5.830307E+00
  2.000000E+00 -1.800000E+02    17  7.317645E+00  6.053300E+01  3.599712E+00  6.371028E+00
  2.000000E+00 -1.800000E+02    18  3.090685E+00  1.668652E+02 -3.009826E+00  7.023383E-01
  2.000000E+00 -1.800000E+02    19  6.892406E-01 -4.291480E+01  5.047771E-01 -4.693109E-01
  2.000000E+00 -1.800000E+02    20  4.844253E-01 -4.562716E+01  3.387705E-01 -3.462692E-01
  2.000000E+00 -1.800000E+02    21  1.465017E-01  1.660576E+02 -1.421856E-01  3.529900E-02
  2.000000E+00 -1.800000E+02    22  9.249847E-01  1.038023E+02 -2.206758E-01  8.982755E-01
  2.000000E+00 -1.800000E+02    23  9.253563E+00  1.408855E+02 -7.179716E+00  5.837818E+00
  2.000000E+00 -1.800000E+02    24  3.211540E+01  1.421048E+02 -2.534341E+01  1.972589E+01
  2.000000E+00 -1.800000E+02    25  3.132253E+00 -4.570312E+01  2.187491E+00 -2.241850E+00
  2.000000E+00 -1.800000E+02    26  1.163315E+01  1.119611E+02 -4.350532E+00  1.078902E+01
  2.000000E+00 -1.800000E+02    27  7.107358E-01  1.619907E+02 -6.759140E-01  2.197397E-01
  2.000000E+00 -1.800000E+02    28  1.248915E+01  1.150446E+02 -5.286955E+00  1.131490E+01
  2.000000E+00 -1.800000E+02    29  2.539557E+00  1.410250E+02 -1.974302E+00  1.597335E+00
  2.000000E+00 -1.800000E+02    30  2.020224E+00 -7.937305E+00  2.000870E+00 -2.789716E-01
  2.000000E+00 -1.350000E+02     1  8.389591E+00  1.636232E+02 -8.049210E+00  2.365474E+00
  2.000000E+00 -1.350000E+02     2  7.891455E+00  1.604295E+02 -7.435566E+00  2.643372E+00
  2.000000E+00 -1.350000E+02     3  2.072781E-01 -6.250394E+01  9.569772E-02 -1.838645E-01
  2.000000E+00 -1.350000E+02     4  1.295597E+01  1.532645E+02 -1.157088E+01  5.828533E+00
  2.000000E+00 -1.350000E+02     5  1.781731E+01 -3.354199E+01  1.485039E+01 -9.844922E+00
  2.000000E+00 -1.350000E+02     6  9.884406E-01  6.115884E-01  9.883842E-01  1.055064E-02
  2.000000E+00 -1.350000E+02     7  1.375038E+01 -1.261075E+02 -8.103138E+00 -1.110911E+01
  2.000000E+00 -1.350000E+02     8  4.580034E-01  1.748043E+01  4.368527E-01  1.375751E-01
  2.000000E+00 -1.350000E+02     9  3.225758E-03 -7.734554E+01  7.066695E-04 -3.147401E-03
  2.000000E+00 -1.350000E+02    10  1.378302E+00  6.855166E+01  5.039930E-01  1.282851E+00
  2.000000E+00 -1.350000E+02    11  1.980808E+01  5.160242E+01  1.230309E+01  1.552398E+01
  2.000000E+00 -1.350000E+02    12  1.315692E+00  2.956712E+01  1.144360E+00  6.492185E-01
  2.000000E+00 -1.350000E+02    13  3.752567E+00  1.635029E+02 -3.598089E+00  1.065607E+00
  2.000000E+00 -1.350000E+02    14  9.065396E+00 -2.375539E+01  8.297318E+00 -3.651839E+00
  2.000000E+00 -1.350000E+02    15  2.900884E-03 -2.817863E+01  2.557071E-03 -1.369861E-03
  2.000000E+00 -1.350000E+02    16  1.371186E+01 -2.433468E+01  1.249362E+01 -5.650189E+00
  2.000000E+00 -1.350000E+02    17  3.404266E+00  1.766335E+01  3.243774E+00  1.032935E+00
  2.000000E+00 -1.350000E+02    18  1.243914E+00  1.098094E+02 -4.215534E-01  1.170305E+00
  2.000000E+00 -1.350000E+02    19  7.227181E-01 -6.913086E+01  2.574574E-01 -6.753052E-01
  2.000000E+00 -1.350000E+02    20  2.692282E-01 -7.782025E+01  5.680157E-02 -2.631681E-01
  2.000000E+00 -1.350000E+02    21  1.474409E-01  1.421335E+02 -1.163962E-01  9.050263E-02
  2.000000E+00 -1.350000E+02    22  1.385492E+00 -1.711132E+02 -1.368860E+00 -2.140338E-01
  2.000000E+00 -1.350000E+02    23  1.224451E+01  1.145539E+02 -5.088190E+00  1.113725E+01
  2.000000E+00 -1.350000E+02    24  1.875296E+01  1.094601E+02 -6.247565E+00  1.768167E+01
  2.000000E+00 -1.350000E+02    25  1.507492E+00  1.612308E+02 -1.427327E+00  4.850464E-01
  2.000000E+00 -1.350000E+02    26  6.363955E+00 -7.449504E+01  1.701224E+00 -6.132354E+00
  2.000000E+00 -1.350000E+02    27  2.202285E-01  2.254042E+01  2.034051E-01  8.442132E-02
  2.000000E+00 -1.350000E+02    28  7.195353E+00 -7.141643E+01  2.293070E+00 -6.820186E+00
  2.000000E+00 -1.350000E+02    29  1.655110E+00  2.702167E+01  1.474429E+00  7.519619E-01
  2.000000E+00 -1.350000E+02    30  8.340313E-01  4.055783E+00  8.319426E-01  5.898909E-02
  2.000000E+00 -9.000000E+01     1  1.966993E+00 -1.116243E+02 -7.248730E-01 -1.828557E+00
  2.000000E+00 -9.000000E+01     2  1.030963E+01 -1.212535E+02 -5.348901E+00 -8.813498E+00
  2.000000E+00 -9.000000E+01     3  5.929900E-01  1.389172E+01  5.756458E-01  1.423696E-01
  2.000000E+00 -9.000000E+01     4  2.212107E+01 -1.355171E+02 -1.578248E+01 -1.550016E+01
  2.000000E+00 -9.000000E+01     5  2.215749E+01  1.664704E+01  2.122882E+01  6.347568E+00
  2.000000E+00 -9.000000E+01     6  1.436449E+00  5.585089E+01  8.063484E-01  1.188775E+00
  2.000000E+00 -9.000000E+01     7  6.362352E+00 -8.017914E+01  1.085215E+00 -6.269118E+00
  2.000000E+00 -9.000000E+01     8  6.404268E+00 -6.983125E+01  2.208103E+00 -6.011567E+00
  2.000000E+00 -9.000000E+01     9  2.280935E-03 -1.511305E+02 -1.997465E-03 -1.101271E-03
  2.000000E+00 -9.000000E+01    10  7.793484E+00 -7.008852E+01  2.654211E+00 -7.327589E+00
  2.000000E+00 -9.000000E+01    11  1.020185E+01  8.997971E+01  3.614484E-03  1.020185E+01
  2.000000E+00 -9.000000E+01    12  2.839839E-01 -1.324934E+02 -1.918327E-01 -2.093969E-01
  2.000000E+00 -9.000000E+01    13  9.944533E+00  2.480124E+01  9.027333E+00  4.171451E+00
  2.000000E+00 -9.000000E+01    14  6.275329E+00 -1.600521E+02 -5.898830E+00 -2.140924E+00
  2.000000E+00 -9.000000E+01    15  4.631108E-03  1.499179E+01  4.473479E-03  1.197978E-03
  2.000000E+00 -9.000000E+01    16  7.817383E+00 -1.684502E+02 -7.659089E+00 -1.565195E+00
  2.000000E+00 -9.000000E+01    17  1.282394E+01 -1.538921E+02 -1.151547E+01 -5.643344E+00
  2.000000E+00 -9.000000E+01    18  1.179311E+00  1.670270E+02 -1.149210E+00  2.647459E-01
  2.000000E+00 -9.000000E+01    19  1.769083E+00  9.090548E+00  1.746864E+00  2.795066E-01
  2.000000E+00 -9.000000E+01    20  1.036559E+00  1.406033E+01  1.005504E+00  2.518251E-01
  2.000000E+00 -9.000000E+01    21  3.195779E-01 -1.601753E+02 -3.006380E-01 -1.083827E-01
  2.000000E+00 -9.000000E+01    22  8.246478E-01 -3.478498E+01  6.772823E-01 -4.704601E-01
  2.000000E+00 -9.000000E+01    23  2.789408E+01 -1.638732E+02 -2.679642E+01 -7.747993E+00
  2.000000E+00 -9.000000E+01    24  6.085689E+01 -1.637036E+02 -5.841183E+01 -1.707684E+01
  2.000000E+00 -9.000000E+01    25  1.024979E+00  9.627126E+01 -1.119644E-01  1.018846E+00
  2.000000E+00 -9.000000E+01    26  9.418351E-01 -2.432863E+01  8.581978E-01 -3.880075E-01
  2.000000E+00 -9.000000E+01    27  5.553836E-01  1.758502E+02 -5.539275E-01  4.018974E-02
  2.000000E+00 -9.000000E+01    28  1.462328E+00 -4.954957E+01  9.487435E-01 -1.112784E+00
  2.000000E+00 -9.000000E+01    29  8.725424E-01 -8.450972E+01  8.348215E-02 -8.685396E-01
  2.000000E+00 -9.000000E+01    30  9.925734E-01 -3.247052E+01  8.374022E-01 -5.328785E-01
  2.000000E+00 -4.500000E+01     1  8.767130E+00  1.393612E+02 -6.652768E+00  5.709926E+00
  2.000000E+00 -4.500000E+01     2  9.195680E+00 -4.524176E+01  6.474833E+00 -6.529706E+00
  2.000000E+00 -4.500000E+01     3  4.548954E-01  6.664574E+01  1.803274E-01  4.176264E-01
  2.000000E+00 -4.500000E+01     4  1.695666E+01 -6.987009E+01  5.835632E+00 -1.592086E+01
  2.000000E+00 -4.500000E+01     5  1.772238E+01  1.730295E+01  1.692037E+01  5.271062E+00
  2.000000E+00 -4.500000E+01     6  4.121931E+00  1.002713E+02 -7.349764E-01  4.055875E+00
  2.000000E+00 -4.500000E+01     7  3.214265E+00  1.473879E+02 -2.707500E+00  1.732324E+00
  2.000000E+00 -4.500000E+01     8  1.259350E+01  1.628209E+02 -1.203166E+01  3.719608E+00
  2.000000E+00 -4.500000E+01     9  4.366037E-03  1.548500E+02 -3.952128E-03  1.855523E-03
  2.000000E+00 -4.500000E+01    10  1.633729E+01  1.629948E+02 -1.562299E+01  4.777980E+00
  2.000000E+00 -4.500000E+01    11  5.932736E+00 -5.445932E+01  3.448586E+00 -4.827485E+00
  2.000000E+00 -4.500000E+01    12  3.113495E+00  1.140696E+02 -1.269828E+00  2.842778E+00
  2.000000E+00 -4.500000E+01    13  9.627850E+00  8.467521E+01  8.934785E-01  9.586302E+00
  2.000000E+00 -4.500000E+01    14  1.949419E+00  1.173627E+02 -8.959964E-01  1.731308E+00
  2.000000E+00 -4.500000E+01    15  6.300539E-03  7.704105E+01  1.412914E-03  6.140071E-03
  2.000000E+00 -4.500000E+01    16  3.536585E+00  1.027064E+02 -7.778910E-01  3.449973E+00
  2.000000E+00 -4.500000E+01    17  1.377320E+01 -9.099495E+01 -2.391622E-01 -1.377113E+01
  2.000000E+00 -4.500000E+01    18  2.961910E+00  1.753436E+02 -2.952134E+00  2.404480E-01
  2.000000E+00 -4.500000E+01    19  1.415643E+00  6.832809E+01  5.227844E-01  1.315576E+00
  2.000000E+00 -4.500000E+01    20  1.013531E+00  7.240313E+01  3.064085E-01  9.661049E-01
  2.000000E+00 -4.500000E+01    21  2.135612E-01 -1.249615E+02 -1.223760E-01 -1.750214E-01
  2.000000E+00 -4.500000E+01    22  7.763276E-01  1.514158E+02 -6.817049E-01  3.714337E-01
  2.000000E+00 -4.500000E+01    23  2.258133E+01 -1.147281E+02 -9.446059E+00 -2.051069E+01
  2.000000E+00 -4.500000E+01    24  5.405244E+01 -1.085536E+02 -1.719901E+01 -5.124315E+01
  2.000000E+00 -4.500000E+01    25  7.687212E-01  1.171056E+02 -3.502539E-01  6.842912E-01
  2.000000E+00 -4.500000E+01    26  2.133657E+00 -1.830453E+00  2.132568E+00 -6.815323E-02
  2.000000E+00 -4.500000E+01    27  7.014518E-01 -1.295204E+02 -4.463711E-01 -5.410984E-01
  2.000000E+00 -4.500000E+01    28  2.181127E+00 -1.407160E+01  2.115677E+00 -5.303068E-01
  2.000000E+00 -4.500000E+01    29  1.314658E+00 -8.109570E+01  2.034888E-01 -1.298814E+00
  2.000000E+00 -4.500000E+01    30  1.343194E+00  2.817976E+01  1.183986E+00  6.343091E-01
  2.000000E+00  0.000000E+00     1  9.712643E+00 -1.178680E+01  9.507847E+00 -1.984007E+00
  2.000000E+00  0.000000E+00     2  8.172134E-01  5.227369E+01  5.000450E-01  6.463689E-01
  2.000000E+00  0.000000E+00     3  2.008498E-02 -3.064277E+01  1.728035E-02 -1.023699E-02
  2.000000E+00  0.000000E+00     4  6.699527E-01  7.931393E+01  1.242278E-01  6.583343E-01
  2.000000E+00  0.000000E+00     5  1.349085E+01  1.690088E+02 -1.324338E+01  2.572137E+00
  2.000000E+00  0.000000E+00     6  1.906036E+00 -7.070135E+01  6.299300E-01 -1.798933E+00
  2.000000E+00  0.000000E+00     7  2.136067E+00  1.250225E+02 -1.225885E+00  1.749282E+00
  2.000000E+00  0.000000E+00     8  8.307655E+00 -7.192458E+01  2.577605E+00 -7.897664E+00
  2.000000E+00  0.000000E+00     9  6.587613E-03  1.750131E+02 -6.562676E-03  5.726511E-04
  2.000000E+00  0.000000E+00    10  1.209948E+01 -6.962551E+01  4.212492E+00 -1.134251E+01
  2.000000E+00  0.000000E+00    11  4.653603E+00 -2.565917E+01  4.194692E+00 -2.015089E+00
  2.000000E+00  0.000000E+00    12  2.437823E+00 -1.598658E+02 -2.288845E+00 -8.391483E-01
  2.000000E+00  0.000000E+00    13  6.812961E+00  9.819241E+01 -9.708314E-01  6.743435E+00
  2.000000E+00  0.000000E+00    14  9.887175E+00  1.115689E+02 -3.634722E+00  9.194837E+00
  2.000000E+00  0.000000E+00    15  2.763087E-03  1.182900E+02 -1.309520E-03  2.433065E-03
  2.000000E+00  0.000000E+00    16  1.436473E+01  1.091267E+02 -4.706712E+00  1.357174E+01
  2.000000E+00  0.000000E+00    17  6.486964E+00 -7.366348E+01  1.824643E+00 -6.225060E+00
  2.000000E+00  0.000000E+00    18  2.651168E+00 -1.578058E+02 -2.454740E+00 -1.001472E+00
  2.000000E+00  0.000000E+00    19  2.747039E-01 -1.142868E+02 -1.129869E-01 -2.503921E-01
  2.000000E+00  0.000000E+00    20  4.827949E-02  2.588730E+01  4.343487E-02  2.107894E-02
  2.000000E+00  0.000000E+00    21  1.698636E-02  5.925684E+01  8.683262E-03  1.459922E-02
  2.000000E+00  0.000000E+00    22  1.158832E+00 -1.143666E+02 -4.781031E-01 -1.055609E+00
  2.000000E+00  0.000000E+00    23  2.474073E+00  6.767242E+01  9.399039E-01  2.288584E+00
  2.000000E+00  0.000000E+00    24  4.115123E+00  1.536507E+02 -3.687581E+00  1.826467E+00
  2.000000E+00  0.000000E+00    25  2.874841E+00  1.215990E+02 -1.506335E+00  2.448605E+00
  2.000000E+00  0.000000E+00    26  9.057055E+00 -8.823289E+01  2.792909E-01 -9.052748E+00
  2.000000E+00  0.000000E+00    27  6.101190E-01  1.625260E+02 -5.819641E-01  1.832022E-01
  2.000000E+00  0.000000E+00    28  9.750456E+00 -8.531820E+01  7.958511E-01 -9.717922E+00
  2.000000E+00  0.000000E+00    29  2.728156E+00 -4.818743E+01  1.818851E+00 -2.033376E+00
  2.000000E+00  0.000000E+00    30  1.556189E+00 -3.648929E+00  1.553034E+00 -9.904020E-02
  2.000000E+00  4.500000E+01     1  8.989035E+00  1.483410E+02 -7.651347E+00  4.718011E+00
  2.000000E+00  4.500000E+01     2  9.658204E+00  1.353681E+02 -6.873118E+00  6.785364E+00
  2.000000E+00  4.500000E+01     3  1.077575E-01  1.241165E+02 -6.043874E-02  8.921229E-02
  2.000000E+00  4.500000E+01     4  1.180985E+01  1.340157E+02 -8.206143E+00  8.493038E+00
  2.000000E+00  4.500000E+01     5  9.537417E+00 -1.317831E+01  9.286252E+00 -2.174363E+00
  2.000000E+00  4.500000E+01     6  7.360987E-01  1.230948E+01  7.191761E-01  1.569304E-01
  2.000000E+00  4.500000E+01     7  1.215254E+01  8.196600E+01  1.698447E+00  1.203326E+01
  2.000000E+00  4.500000E+01     8  1.659836E+00 -7.866317E+01  3.262848E-01 -1.627450E+00
  2.000000E+00  4.500000E+01     9  1.075919E-02  4.876812E+01  7.091469E-03  8.091432E-03
  2.000000E+00  4.500000E+01    10  2.849879E+00 -7.683361E+01  6.491448E-01 -2.774964E+00
  2.000000E+00  4.500000E+01    11  1.524827E+01 -9.456071E+01 -1.212473E+00 -1.519999E+01
  2.000000E+00  4.500000E+01    12  1.755835E+00 -7.186516E+01  5.465111E-01 -1.668617E+00
  2.000000E+00  4.500000E+01    13  2.865784E+00 -1.762198E+02 -2.859549E+00 -1.889367E-01
  2.000000E+00  4.500000E+01    14  1.088187E+01 -1.435327E+01  1.054220E+01 -2.697613E+00
  2.000000E+00  4.500000E+01    15  2.696466E-03  1.177402E+02 -1.255107E-03  2.386553E-03
  2.000000E+00  4.500000E+01    16  1.519554E+01 -1.137826E+01  1.489689E+01 -2.997858E+00
  2.000000E+00  4.500000E+01    17  4.143107E+00 -2.898918E+01  3.624022E+00 -2.007934E+00
  2.000000E+00  4.500000E+01    18  1.113392E+00 -1.464617E+02 -9.280304E-01 -6.151432E-01
  2.000000E+00  4.500000E+01    19  4.702068E-01  1.263811E+02 -2.789045E-01  3.785588E-01
  2.000000E+00  4.500000E+01    20  2.164557E-01  1.772421E+02 -2.162050E-01  1.041480E-02
  2.000000E+00  4.500000E+01    21  4.437229E-02  5.960875E+01  2.244804E-02  3.827514E-02
  2.000000E+00  4.500000E+01    22  1.978455E+00  4.439675E+01  1.413631E+00  1.384172E+00
  2.000000E+00  4.500000E+01    23  5.360164E+00 -6.380145E+01  2.366422E+00 -4.809512E+00
  2.000000E+00  4.500000E+01    24  9.734194E+00 -1.407841E+01  9.441815E+00 -2.367838E+00
  2.000000E+00  4.500000E+01    25  1.177090E+00 -7.405066E+01  3.234495E-01 -1.131778E+00
  2.000000E+00  4.500000E+01    26  6.854073E+00  7.272583E+01  2.035278E+00  6.544919E+00
  2.000000E+00  4.500000E+01    27  2.334285E-01  2.412795E+01  2.130350E-01  9.541988E-02
  2.000000E+00  4.500000E+01    28  7.663836E+00  7.503571E+01  1.978933E+00  7.403932E+00
  2.000000E+00  4.500000E+01    29  6.071761E-01  1.671277E+02 -5.919170E-01  1.352663E-01
  2.000000E+00  4.500000E+01    30  8.902934E-01  6.005068E+00  8.854080E-01  9.313932E-02
  2.000000E+00  9.000000E+01     1  3.196632E+00 -1.022675E+02 -6.792077E-01 -3.123641E+00
  2.000000E+00  9.000000E+01     2  1.014908E+01  6.760436E+01  3.866798E+00  9.383583E+00
  2.000000E+00  9.000000E+01     3  4.830063E-01 -5.541477E+00  4.807490E-01 -4.664213E-02
  2.000000E+00  9.000000E+01     4  1.400268E+01  9.779144E+01 -1.898309E+00  1.387341E+01
  2.000000E+00  9.000000E+01     5  1.844948E+01  7.042818E+00  1.831028E+01  2.262110E+00
  2.000000E+00  9.000000E+01     6  6.048176E-01 -1.787176E+02 -6.046662E-01 -1.353568E-02
  2.000000E+00  9.000000E+01     7  7.791188E+00  2.797433E+01  6.880849E+00  3.654658E+00
  2.000000E+00  9.000000E+01     8  5.919350E+00  1.262458E+01  5.776238E+00  1.293744E+00
  2.000000E+00  9.000000E+01     9  4.227831E-03  6.184599E+01  1.994873E-03  3.727604E-03
  2.000000E+00  9.000000E+01    10  8.019756E+00  1.115923E+01  7.868127E+00  1.552114E+00
  2.000000E+00  9.000000E+01    11  9.056979E+00 -1.363378E+02 -6.552020E+00 -6.252992E+00
  2.000000E+00  9.000000E+01    12  8.604685E-01 -1.371440E+02 -6.307794E-01 -5.852550E-01
  2.000000E+00  9.000000E+01    13  9.154378E+00 -7.896812E+01  1.751736E+00 -8.985213E+00
  2.000000E+00  9.000000E+01    14  7.169055E+00  1.080734E+02 -2.224096E+00  6.815332E+00
  2.000000E+00  9.000000E+01    15  6.359045E-04 -1.733636E+02 -6.316436E-04 -7.349100E-05
  2.000000E+00  9.000000E+01    16  8.093464E+00  1.063323E+02 -2.275942E+00  7.766869E+00
  2.000000E+00  9.000000E+01    17  1.252256E+01  9.526894E+01 -1.149956E+00  1.246964E+01
  2.000000E+00  9.000000E+01    18  2.201527E+00 -1.248148E+02 -1.256909E+00 -1.807457E+00
  2.000000E+00  9.000000E+01    19  1.408776E+00 -5.523591E+00  1.402235E+00 -1.356026E-01
  2.000000E+00  9.000000E+01    20  7.984290E-01 -4.399505E+00  7.960764E-01 -6.124781E-02
  2.000000E+00  9.000000E+01    21  2.588372E-01  1.750431E+02 -2.578691E-01  2.236515E-02
  2.000000E+00  9.000000E+01    22  2.375416E+00  3.610543E+01  1.919179E+00  1.399768E+00
  2.000000E+00  9.000000E+01    23  2.233077E+01  1.729684E+02 -2.216282E+01  2.733646E+00
  2.000000E+00  9.000000E+01    24  4.859250E+01  1.747421E+02 -4.838803E+01  4.452988E+00
  2.000000E+00  9.000000E+01    25  1.639062E+00 -8.255472E+01  2.123884E-01 -1.625243E+00
  2.000000E+00  9.000000E+01    26  1.392761E+00  1.453404E+02 -1.145609E+00  7.920630E-01
  2.000000E+00  9.000000E+01    27  4.103450E-01  1.636631E+02 -3.937770E-01  1.154240E-01
  2.000000E+00  9.000000E+01    28  2.013812E+00  1.313979E+02 -1.331704E+00  1.510630E+00
  2.000000E+00  9.000000E+01    29  1.807201E+00  9.409631E+01 -1.290940E-01  1.802584E+00
  2.000000E+00  9.000000E+01    30  8.456281E-01 -4.283989E+01  6.200625E-01 -5.749865E-01
  2.000000E+00  1.350000E+02     1  9.395384E+00  1.529541E+02 -8.367931E+00  4.272114E+00
  2.000000E+00  1.350000E+02     2  7.668993E+00 -7.927209E+00  7.595708E+00 -1.057668E+00
  2.000000E+00  1.350000E+02     3  3.162208E-01 -6.842873E+01  1.162612E-01 -2.940730E-01
  2.000000E+00  1.350000E+02     4  8.791229E+00  1.920681E+01  8.301886E+00  2.892129E+00
  2.000000E+00  1.350000E+02     5  2.313406E+01 -4.420247E+01  1.658436E+01 -1.612897E+01
  2.000000E+00  1.350000E+02     6  2.949658E+00 -8.862911E+01  7.056841E-02 -2.948814E+00
  2.000000E+00  1.350000E+02     7  4.602924E+00  1.593390E+02 -4.306883E+00  1.624088E+00
  2.000000E+00  1.350000E+02     8  1.114168E+01  1.553984E+02 -1.013029E+01  4.638347E+00
  2.000000E+00  1.350000E+02     9  8.588496E-03 -8.700896E+01  4.481474E-04 -8.576795E-03
  2.000000E+00  1.350000E+02    10  1.552715E+01  1.515119E+02 -1.364706E+01  7.406090E+00
  2.000000E+00  1.350000E+02    11  3.554575E+00  1.582172E+01  3.419909E+00  9.691369E-01
  2.000000E+00  1.350000E+02    12  3.132617E+00 -1.029299E+02 -7.009479E-01 -3.053189E+00
  2.000000E+00  1.350000E+02    13  1.097468E+01 -1.266768E+02 -6.555173E+00 -8.801887E+00
  2.000000E+00  1.350000E+02    14  9.570609E-01  9.396674E+01 -6.620701E-02  9.547681E-01
  2.000000E+00  1.350000E+02    15  5.683983E-03 -1.034889E+02 -1.325825E-03 -5.527192E-03
  2.000000E+00  1.350000E+02    16  6.068650E-01 -1.067478E+02 -1.748739E-01 -5.811232E-01
  2.000000E+00  1.350000E+02    17  1.584485E+01  5.347864E+01  9.429628E+00  1.273348E+01
  2.000000E+00  1.350000E+02    18  3.505912E+00 -1.534609E+02 -3.136492E+00 -1.566472E+00
  2.000000E+00  1.350000E+02    19  1.136827E+00 -7.012293E+01  3.865247E-01 -1.069099E+00
  2.000000E+00  1.350000E+02    20  7.539325E-01 -6.643361E+01  3.014309E-01 -6.910526E-01
  2.000000E+00  1.350000E+02    21  2.238429E-01  1.166159E+02 -1.002833E-01  2.001223E-01
  2.000000E+00  1.350000E+02    22  1.803240E+00 -5.725652E+01  9.753342E-01 -1.516706E+00
  2.000000E+00  1.350000E+02    23  1.732811E+01  1.138761E+02 -7.013712E+00  1.584522E+01
  2.000000E+00  1.350000E+02    24  3.510831E+01  1.133593E+02 -1.392029E+01  3.223072E+01
  2.000000E+00  1.350000E+02    25  1.797884E+00 -7.773528E+01  3.819226E-01 -1.756850E+00
  2.000000E+00  1.350000E+02    26  1.333939E+00  9.132693E+01 -3.089011E-02  1.333581E+00
  2.000000E+00  1.350000E+02    27  5.117018E-01 -1.296408E+02 -3.264518E-01 -3.940406E-01
  2.000000E+00  1.350000E+02    28  2.051015E+00  9.710378E+01 -2.536427E-01  2.035271E+00
  2.000000E+00  1.350000E+02    29  2.509687E+00  9.938188E+01 -4.091142E-01  2.476117E+00
  2.000000E+00  1.350000E+02    30  9.621336E-01  1.729684E+01  9.186233E-01  2.860638E-01
  2.000000E+00  1.800000E+02     1  1.109606E+01 -4.159368E+01  8.298429E+00 -7.366053E+00
  2.000000E+00  1.800000E+02     2  1.358873E+00  1.412917E+02 -1.060383E+00  8.497781E-01
  2.000000E+00  1.800000E+02     3  2.950381E-01 -3.850942E+01  2.308691E-01 -1.837035E-01
  2.000000E+00  1.800000E+02     4  6.298926E+00  1.445718E+02 -5.132630E+00  3.651380E+00
  2.000000E+00  1.800000E+02     5  6.196633E+00  1.331059E+02 -4.234461E+00  4.524113E+00
  2.000000E+00  1.800000E+02     6  2.044911E+00  8.560490E+01  1.567095E-01  2.038897E+00
  2.000000E+00  1.800000E+02     7  8.390709E-01  1.629321E+02 -8.021160E-01  2.462721E-01
  2.000000E+00  1.800000E+02     8  8.032268E+00  3.324332E+01  6.717788E+00  4.403255E+00
  2.000000E+00  1.800000E+02     9  8.245893E-03  1.748601E+02 -8.212736E-03  7.387269E-04
  2.000000E+00  1.800000E+02    10  1.240491E+01  3.181274E+01  1.054139E+01  6.539185E+00
  2.000000E+00  1.800000E+02    11  5.294980E+00 -2.895132E-01  5.294912E+00 -2.675520E-02
  2.000000E+00  1.800000E+02    12  3.392253E+00  1.751634E+02 -3.380174E+00  2.860174E-01
  2.000000E+00  1.800000E+02    13  6.223097E+00 -1.078715E+02 -1.909762E+00 -5.922815E+00
  2.000000E+00  1.800000E+02    14  8.510783E+00 -1.518295E+02 -7.502652E+00 -4.017914E+00
  2.000000E+00  1.800000E+02    15  6.897570E-03 -1.674321E+02 -6.732294E-03 -1.500892E-03
  2.000000E+00  1.800000E+02    16  1.256245E+01 -1.523482E+02 -1.112762E+01 -5.830202E+00
  2.000000E+00  1.800000E+02    17  7.317591E+00  6.053268E+01  3.599721E+00  6.370962E+00
  2.000000E+00  1.800000E+02    18  3.090689E+00  1.668647E+02 -3.009824E+00  7.023643E-01
  2.000000E+00  1.800000E+02    19  6.892229E-01 -4.291368E+01  5.047733E-01 -4.692890E-01
  2.000000E+00  1.800000E+02    20  4.844236E-01 -4.562742E+01  3.387678E-01 -3.462696E-01
  2.000000E+00  1.800000E+02    21  1.465011E-01  1.660581E+02 -1.421853E-01  3.529762E-02
  2.000000E+00  1.800000E+02    22  9.249600E-01  1.038027E+02 -2.206758E-01  8.982501E-01
  2.000000E+00  1.800000E+02    23  9.253469E+00  1.408859E+02 -7.179688E+00  5.837703E+00
  2.000000E+00  1.800000E+02    24  3.211538E+01  1.421047E+02 -2.534337E+01  1.972591E+01
  2.000000E+00  1.800000E+02    25  3.132240E+00 -4.570321E+01  2.187479E+00 -2.241844E+00
  2.000000E+00  1.800000E+02    26  1.163314E+01  1.119611E+02 -4.350519E+00  1.078902E+01
  2.000000E+00  1.800000E+02    27  7.107351E-01  1.619907E+02 -6.759135E-01  2.197395E-01
  2.000000E+00  1.800000E+02    28  1.248913E+01  1.150446E+02 -5.286942E+00  1.131489E+01
  2.000000E+00  1.800000E+02    29  2.539544E+00  1.410249E+02 -1.974291E+00  1.597329E+00
  2.000000E+00  1.800000E+02    30  2.020222E+00 -7.937272E+00  2.000868E+00 -2.789701E-01
  3.000000E+00 -1.800000E+02     1  3.842892E+01 -3.623274E+01  3.099764E+01 -2.271406E+01
  3.000000E+00 -1.800000E+02     2  2.024126E+00  1.601461E+02 -1.903816E+00  6.874398E-01
  3.000000E+00 -1.800000E+02     3  2.887315E+00  1.617252E+01  2.773056E+00  8.042052E-01
  3.000000E+00 -1.800000E+02     4  4.932181E+01 -1.732357E+02 -4.897849E+01 -5.809350E+00
  3.000000E+00 -1.800000E+02     5  8.600626E+01  8.711073E+01  4.335220E+00  8.589693E+01
  3.000000E+00 -1.800000E+02     6  1.116369E+00 -1.283742E+02 -6.930364E-01 -8.752028E-01
  3.000000E+00 -1.800000E+02     7  2.594327E+01  1.279387E+02 -1.595038E+01  2.046065E+01
  3.000000E+00 -1.800000E+02     8  4.745939E+01 -4.947203E+01  3.084002E+01 -3.607335E+01
  3.000000E+00 -1.800000E+02     9  2.923913E-02  1.649155E+02 -2.823164E-02  7.609281E-03
  3.000000E+00 -1.800000E+02    10  1.163060E+02 -4.969680E+01  7.523048E+01 -8.869868E+01
  3.000000E+00 -1.800000E+02    11  6.722350E+01 -5.517540E+01  3.838906E+01 -5.518405E+01
  3.000000E+00 -1.800000E+02    12  9.714686E-01  1.263874E+02 -5.763161E-01  7.820556E-01
  3.000000E+00 -1.800000E+02    13  2.659805E+01  1.241278E+02 -1.492258E+01  2.201756E+01
  3.000000E+00 -1.800000E+02    14  4.456896E+01  1.328626E+02 -3.031768E+01  3.266849E+01
  3.000000E+00 -1.800000E+02    15  2.212611E-02 -1.670536E+02 -2.156367E-02 -4.957112E-03
  3.000000E+00 -1.800000E+02    16  1.098483E+02  1.327636E+02 -7.458424E+01  8.064645E+01
  3.000000E+00 -1.800000E+02    17  7.172173E+01 -7.038557E+01  2.407619E+01 -6.755993E+01
  3.000000E+00 -1.800000E+02    18  7.095554E-01 -9.628943E+01 -7.773238E-02 -7.052847E-01
  3.000000E+00 -1.800000E+02    19  8.821191E+00  2.226867E+01  8.163280E+00  3.342792E+00
  3.000000E+00 -1.800000E+02    20  4.955515E+00  7.258214E+00  4.915806E+00  6.260857E-01
  3.000000E+00 -1.800000E+02    21  2.701676E+00 -1.763973E+02 -2.696337E+00 -1.697662E-01
  3.000000E+00 -1.800000E+02    22  3.672205E+00  3.282837E+00  3.666179E+00  2.102887E-01
  3.000000E+00 -1.800000E+02    23  1.122792E+02 -1.521432E+02 -9.926807E+01 -5.246391E+01
  3.000000E+00 -1.800000E+02    24  3.252889E+02 -1.667613E+02 -3.166441E+02 -7.449400E+01
  3.000000E+00 -1.800000E+02    25  2.553755E+01 -1.098325E+02 -8.664145E+00 -2.402289E+01
  3.000000E+00 -1.800000E+02    26  9.770515E-01  1.688872E+02 -9.587314E-01  1.883180E-01
  3.000000E+00 -1.800000E+02    27  5.577303E-01  8.519054E+01  4.676136E-02  5.557666E-01
  3.000000E+00 -1.800000E+02    28  2.411448E+00 -1.757558E+02 -2.404835E+00 -1.784637E-01
  3.000000E+00 -1.800000E+02    29  5.854412E+01  7.019837E+01  1.983268E+01  5.508247E+01
  3.000000E+00 -1.800000E+02    30  1.969770E+00 -5.908663E+01  1.011953E+00 -1.689955E+00
  3.000000E+00 -1.350000E+02     1  1.410167E+01  8.147244E+01  2.091066E+00  1.394577E+01
  3.000000E+00 -1.350000E+02     2  2.793665E+01  6.167864E+01  1.325361E+01  2.459265E+01
  3.000000E+00 -1.350000E+02     3  2.486423E+00  5.694337E+01  1.356264E+00  2.083950E+00
  3.000000E+00 -1.350000E+02     4  3.609034E+01  6.315675E+01  1.629664E+01  3.220144E+01
  3.000000E+00 -1.350000E+02     5  5.451307E+01  4.847173E+01  3.614159E+01  4.081005E+01
  3.000000E+00 -1.350000E+02     6  3.050252E+00  8.359280E+01  3.403894E-01  3.031199E+00
  3.000000E+00 -1.350000E+02     7  4.470354E+01  7.674493E+01  1.024992E+01  4.351259E+01
  3.000000E+00 -1.350000E+02     8  8.771626E+00 -8.317724E+01  1.042055E+00 -8.709509E+00
  3.000000E+00 -1.350000E+02     9  3.065985E-02 -9.921352E+01 -4.909074E-03 -3.026430E-02
  3.000000E+00 -1.350000E+02    10  1.990961E+01 -8.488745E+01  1.774197E+00 -1.983041E+01
  3.000000E+00 -1.350000E+02    11  1.167943E+02 -1.037281E+02 -2.771709E+01 -1.134578E+02
  3.000000E+00 -1.350000E+02    12  3.212424E+00  6.944421E+01  1.127944E+00  3.007891E+00
  3.000000E+00 -1.350000E+02    13  4.280022E+00  1.625527E+02 -4.083112E+00  1.283270E+00
  3.000000E+00 -1.350000E+02    14  4.443568E+01  1.432100E+02 -3.558567E+01  2.661183E+01
  3.000000E+00 -1.350000E+02    15  1.662592E-02  5.507152E+00  1.654918E-02  1.595590E-03
  3.000000E+00 -1.350000E+02    16  1.103151E+02  1.422707E+02 -8.724934E+01  6.750528E+01
  3.000000E+00 -1.350000E+02    17  5.223901E+01  1.247059E+01  5.100653E+01  1.128041E+01
  3.000000E+00 -1.350000E+02    18  1.570729E+00  1.254230E+02 -9.104084E-01  1.279978E+00
  3.000000E+00 -1.350000E+02    19  7.568026E+00  6.820296E+01  2.810158E+00  7.026950E+00
  3.000000E+00 -1.350000E+02    20  7.340398E+00  4.769889E+01  4.940285E+00  5.429091E+00
  3.000000E+00 -1.350000E+02    21  1.940735E+00 -1.175429E+02 -8.974206E-01 -1.720782E+00
  3.000000E+00 -1.350000E+02    22  9.974331E+00  4.797729E+01  6.677068E+00  7.409727E+00
  3.000000E+00 -1.350000E+02    23  1.091784E+02 -1.163041E+02 -4.838086E+01 -9.787342E+01
  3.000000E+00 -1.350000E+02    24  2.450046E+02 -1.224812E+02 -1.315732E+02 -2.066778E+02
  3.000000E+00 -1.350000E+02    25  2.452867E+01 -1.105011E+02 -8.590553E+00 -2.297516E+01
  3.000000E+00 -1.350000E+02    26  9.866019E+00 -7.029454E+01  3.326674E+00 -9.288249E+00
  3.000000E+00 -1.350000E+02    27  6.336590E-01  4.181697E+01  4.722524E-01  4.224942E-01
  3.000000E+00 -1.350000E+02    28  2.214697E+01 -7.001916E+01  7.567752E+00 -2.081388E+01
  3.000000E+00 -1.350000E+02    29  5.676126E+01  6.988542E+01  1.952011E+01  5.329921E+01
  3.000000E+00 -1.350000E+02    30  1.050579E+00 -1.163849E+02 -4.668759E-01 -9.411393E-01
  3.000000E+00 -9.000000E+01     1  7.341830E+00  7.611717E+01  1.761577E+00  7.127364E+00
  3.000000E+00 -9.000000E+01     2  5.373285E+01 -1.704450E+01  5.137276E+01 -1.574987E+01
  3.000000E+00 -9.000000E+01     3  7.007356E+00 -1.430555E+02 -5.600407E+00 -4.211708E+00
  3.000000E+00 -9.000000E+01     4  2.067359E+02  5.870251E+00  2.056518E+02  2.114413E+01
  3.000000E+00 -9.000000E+01     5  2.372598E+02 -1.389008E+02 -1.787924E+02 -1.559663E+02
  3.000000E+00 -9.000000E+01     6  8.701507E+00 -1.617248E+02 -8.262615E+00 -2.728629E+00
  3.000000E+00 -9.000000E+01     7  5.284665E+01 -7.759028E+01  1.135680E+01 -5.161193E+01
  3.000000E+00 -9.000000E+01     8  2.892663E+01 -8.031407E+01  4.866828E+00 -2.851428E+01
  3.000000E+00 -9.000000E+01     9  2.741025E-02 -1.324041E+02 -1.848426E-02 -2.023992E-02
  3.000000E+00 -9.000000E+01    10  7.051021E+01 -8.010031E+01  1.212238E+01 -6.946033E+01
  3.000000E+00 -9.000000E+01    11  1.346330E+02  9.939822E+01 -2.198493E+01  1.328258E+02
  3.000000E+00 -9.000000E+01    12  1.091007E+00 -3.665175E+01  8.752919E-01 -6.512766E-01
  3.000000E+00 -9.000000E+01    13  4.547157E+01 -1.717188E+02 -4.499745E+01 -6.549305E+00
  3.000000E+00 -9.000000E+01    14  1.838675E+01 -1.303588E+01  1.791290E+01 -4.147337E+00
  3.000000E+00 -9.000000E+01    15  9.703453E-02 -1.651732E+02 -9.380367E-02 -2.483088E-02
  3.000000E+00 -9.000000E+01    16  4.509080E+01 -1.134933E+01  4.420908E+01 -8.873436E+00
  3.000000E+00 -9.000000E+01    17  1.426912E+02  1.280915E+01  1.391402E+02  3.163523E+01
  3.000000E+00 -9.000000E+01    18  6.329588E-01  2.846545E+01  5.564370E-01  3.016863E-01
  3.000000E+00 -9.000000E+01    19  2.335396E+01 -1.422094E+02 -1.845559E+01 -1.431079E+01
  3.000000E+00 -9.000000E+01    20  1.226465E+01 -1.410982E+02 -9.544637E+00 -7.702042E+00
  3.000000E+00 -9.000000E+01    21  4.957305E+00  3.559531E+01  4.031024E+00  2.885431E+00
  3.000000E+00 -9.000000E+01    22  5.899312E+00 -7.348700E+01  1.676779E+00 -5.655996E+00
  3.000000E+00 -9.000000E+01    23  3.439763E+02  3.605454E+01  2.780901E+02  2.024490E+02
  3.000000E+00 -9.000000E+01    24  7.467047E+02  3.661983E+01  5.993135E+02  4.454113E+02
  3.000000E+00 -9.000000E+01    25  1.716323E+00  2.831448E+01  1.510978E+00  8.140701E-01
  3.000000E+00 -9.000000E+01    26  4.400899E+01 -8.587270E+01  3.167449E+00 -4.389486E+01
  3.000000E+00 -9.000000E+01    27  1.146236E+00  4.277587E+01  8.413556E-01  7.784459E-01
  3.000000E+00 -9.000000E+01    28  1.011221E+02 -8.567460E+01  7.626714E+00 -1.008340E+02
  3.000000E+00 -9.000000E+01    29  3.313313E+00  1.775363E+02 -3.310251E+00  1.424258E-01
  3.000000E+00 -9.000000E+01    30  2.874287E+00 -1.531629E+02 -2.564708E+00 -1.297611E+00
  3.000000E+00 -4.500000E+01     1  3.364015E+01  7.957450E+01  6.087419E+00  3.308478E+01
  3.000000E+00 -4.500000E+01     2  3.212916E+01 -1.129471E+02 -1.252657E+01 -2.958662E+01
  3.000000E+00 -4.500000E+01     3  4.262791E+00 -4.561293E+01  2.981831E+00 -3.046320E+00
  3.000000E+00 -4.500000E+01     4  7.641117E+01 -1.562570E+02 -6.994380E+01 -3.076575E+01
  3.000000E+00 -4.500000E+01     5  1.944637E+02 -6.444159E+01  8.389765E+01 -1.754346E+02
  3.000000E+00 -4.500000E+01     6  3.809214E+00 -4.809514E+01  2.544158E+00 -2.835027E+00
  3.000000E+00 -4.500000E+01     7  2.468415E+01  1.659980E+02 -2.395072E+01  5.972473E+00
  3.000000E+00 -4.500000E+01     8  4.540322E+01  1.499072E+02 -3.928350E+01  2.276530E+01
  3.000000E+00 -4.500000E+01     9  5.118205E-02 -1.429292E+02 -4.083772E-02 -3.085261E-02
  3.000000E+00 -4.500000E+01    10  1.085086E+02  1.475027E+02 -9.151801E+01  5.829730E+01
  3.000000E+00 -4.500000E+01    11  8.461629E+01 -7.767362E+00  8.383994E+01 -1.143599E+01
  3.000000E+00 -4.500000E+01    12  1.499004E+00 -1.787399E+02 -1.498641E+00 -3.296484E-02
  3.000000E+00 -4.500000E+01    13  2.355558E+01  5.779902E+01  1.255255E+01  1.993235E+01
  3.000000E+00 -4.500000E+01    14  1.511172E+01  6.840108E+01  5.562729E+00  1.405063E+01
  3.000000E+00 -4.500000E+01    15  5.777018E-02  6.399868E+01  2.532597E-02  5.192291E-02
  3.000000E+00 -4.500000E+01    16  3.793557E+01  7.010027E+01  1.291233E+01  3.567043E+01
  3.000000E+00 -4.500000E+01    17  7.163528E+01 -1.075815E+02 -2.163826E+01 -6.828909E+01
  3.000000E+00 -4.500000E+01    18  2.535720E+00 -9.509297E+01 -2.251013E-01 -2.525709E+00
  3.000000E+00 -4.500000E+01    19  1.211813E+01 -4.736017E+01  8.208670E+00 -8.914414E+00
  3.000000E+00 -4.500000E+01    20  8.241869E+00 -5.520762E+01  4.702847E+00 -6.768429E+00
  3.000000E+00 -4.500000E+01    21  3.152819E+00  1.288511E+02 -1.977758E+00  2.455349E+00
  3.000000E+00 -4.500000E+01    22  2.163903E+01 -6.474751E+01  9.231384E+00 -1.957113E+01
  3.000000E+00 -4.500000E+01    23  1.922889E+02  1.311909E+02 -1.266356E+02  1.447012E+02
  3.000000E+00 -4.500000E+01    24  4.271460E+02  1.311459E+02 -2.810529E+02  3.216566E+02
  3.000000E+00 -4.500000E+01    25  2.416310E+01  1.014343E+02 -4.790179E+00  2.368353E+01
  3.000000E+00 -4.500000E+01    26  2.771403E+01 -1.084836E+02 -8.786256E+00 -2.628439E+01
  3.000000E+00 -4.500000E+01    27  5.976111E-01  1.046965E+02 -1.516136E-01  5.780591E-01
  3.000000E+00 -4.500000E+01    28  6.418383E+01 -1.083212E+02 -2.017576E+01 -6.093031E+01
  3.000000E+00 -4.500000E+01    29  5.482787E+01 -7.816496E+01  1.124490E+01 -5.366234E+01
  3.000000E+00 -4.500000E+01    30  8.841272E-01 -9.966470E+01 -1.484291E-01 -8.715789E-01
  3.000000E+00  0.000000E+00     1  5.344726E+01  1.137251E+02 -2.150441E+01  4.893026E+01
  3.000000E+00  0.000000E+00     2  5.936240E-01 -3.491381E+01  4.867799E-01 -3.397568E-01
  3.000000E+00  0.000000E+00     3  2.192248E+00  1.336925E+02 -1.514377E+00  1.585122E+00
  3.000000E+00  0.000000E+00     4  3.087459E+01 -5.314683E+01  1.851754E+01 -2.470508E+01
  3.000000E+00  0.000000E+00     5  7.173163E+01 -8.967583E+01  4.058409E-01 -7.173048E+01
  3.000000E+00  0.000000E+00     6  6.343460E+00  1.117255E+02 -2.348092E+00  5.892873E+00
  3.000000E+00  0.000000E+00     7  1.745313E+01 -3.772581E+01  1.380452E+01 -1.067928E+01
  3.000000E+00  0.000000E+00     8  3.745181E+01  1.606146E+02 -3.532856E+01  1.243102E+01
  3.000000E+00  0.000000E+00     9  6.141288E-02 -7.269085E+01  1.827202E-02 -5.863169E-02
  3.000000E+00  0.000000E+00    10  9.558663E+01  1.613654E+02 -9.057559E+01  3.054287E+01
  3.000000E+00  0.000000E+00    11  6.135636E+01  1.410094E+02 -4.768917E+01  3.860499E+01
  3.000000E+00  0.000000E+00    12  1.538428E+00  4.848792E+01  1.019636E+00  1.152000E+00
  3.000000E+00  0.000000E+00    13  1.934003E+01 -3.997902E+01  1.481988E+01 -1.242611E+01
  3.000000E+00  0.000000E+00    14  3.434234E+01 -2.111926E+01  3.203565E+01 -1.237390E+01
  3.000000E+00  0.000000E+00    15  2.338970E-02 -9.428152E+01 -1.746208E-03 -2.332443E-02
  3.000000E+00  0.000000E+00    16  8.430204E+01 -2.096602E+01  7.872063E+01 -3.016447E+01
  3.000000E+00  0.000000E+00    17  8.363155E+01  1.267767E+02 -5.007007E+01  6.698675E+01
  3.000000E+00  0.000000E+00    18  1.981954E+00  8.067630E+01  3.211004E-01  1.955770E+00
  3.000000E+00  0.000000E+00    19  5.096635E+00  1.386288E+02 -3.824734E+00  3.368546E+00
  3.000000E+00  0.000000E+00    20  5.649134E+00  1.224763E+02 -3.033304E+00  4.765688E+00
  3.000000E+00  0.000000E+00    21  1.840238E+00 -8.035851E+01  3.082082E-01 -1.814245E+00
  3.000000E+00  0.000000E+00    22  1.143871E+01  1.179071E+02 -5.353770E+00  1.010848E+01
  3.000000E+00  0.000000E+00    23  1.046760E+02 -3.290368E+01  8.788438E+01 -5.686295E+01
  3.000000E+00  0.000000E+00    24  2.074359E+02 -5.237754E+01  1.266304E+02 -1.642997E+02
  3.000000E+00  0.000000E+00    25  1.992152E+01  5.363355E+01  1.181241E+01  1.604163E+01
  3.000000E+00  0.000000E+00    26  6.029807E-01 -3.424253E+01  4.984618E-01 -3.392955E-01
  3.000000E+00  0.000000E+00    27  7.993032E-01  5.347693E+01  4.757024E-01  6.423339E-01
  3.000000E+00  0.000000E+00    28  1.343800E+00 -2.862674E+00  1.342123E+00 -6.711248E-02
  3.000000E+00  0.000000E+00    29  4.558546E+01 -1.265899E+02 -2.717275E+01 -3.660158E+01
  3.000000E+00  0.000000E+00    30  1.968339E+00 -1.132309E+02 -7.763885E-01 -1.808751E+00
  3.000000E+00  4.500000E+01     1  3.702151E+01  6.922194E+01  1.313334E+01  3.461369E+01
  3.000000E+00  4.500000E+01     2  3.401306E+01  7.877059E+01  6.623630E+00  3.336189E+01
  3.000000E+00  4.500000E+01     3  2.662120E+00 -7.884497E+01  5.150253E-01 -2.611826E+00
  3.000000E+00  4.500000E+01     4  1.159380E+02  8.406235E+01  1.199335E+01  1.153160E+02
  3.000000E+00  4.500000E+01     5  1.740245E+02 -9.547567E+01 -1.660595E+01 -1.732304E+02
  3.000000E+00  4.500000E+01     6  2.255981E+00 -1.004890E+02 -4.106953E-01 -2.218283E+00
  3.000000E+00  4.500000E+01     7  2.060757E+01  5.537159E+01  1.171029E+01  1.695704E+01
  3.000000E+00  4.500000E+01     8  1.341224E+01 -1.138745E+02 -5.428405E+00 -1.226461E+01
  3.000000E+00  4.500000E+01     9  7.211263E-02  7.151100E+01  2.286854E-02  6.839050E-02
  3.000000E+00  4.500000E+01    10  3.529761E+01 -1.114419E+02 -1.290333E+01 -3.285461E+01
  3.000000E+00  4.500000E+01    11  5.648146E+01 -1.164017E+02 -2.511518E+01 -5.059034E+01
  3.000000E+00  4.500000E+01    12  1.278619E+00 -1.229198E+02 -6.948835E-01 -1.073314E+00
  3.000000E+00  4.500000E+01    13  2.875204E+01  1.648741E+02 -2.775591E+01  7.502612E+00
  3.000000E+00  4.500000E+01    14  4.733144E+01 -3.005497E+01  4.096751E+01 -2.370504E+01
  3.000000E+00  4.500000E+01    15  3.485924E-02 -1.007856E+02 -6.523342E-03 -3.424343E-02
  3.000000E+00  4.500000E+01    16  1.154548E+02 -3.108401E+01  9.887680E+01 -5.960867E+01
  3.000000E+00  4.500000E+01    17  1.076186E+02 -1.335200E+01  1.047097E+02 -2.485267E+01
  3.000000E+00  4.500000E+01    18  2.489745E+00  1.553330E+02 -2.262552E+00  1.039080E+00
  3.000000E+00  4.500000E+01    19  8.007893E+00 -8.927843E+01  1.008471E-01 -8.007257E+00
  3.000000E+00  4.500000E+01    20  5.658629E+00 -6.189848E+01  2.665414E+00 -4.991558E+00
  3.000000E+00  4.500000E+01    21  2.051112E+00  9.602638E+01 -2.153388E-01  2.039777E+00
  3.000000E+00  4.500000E+01    22  7.122314E+00  1.714805E+01  6.805699E+00  2.099956E+00
  3.000000E+00  4.500000E+01    23  1.241615E+02  9.236242E+01 -5.117960E+00  1.240560E+02
  3.000000E+00  4.500000E+01    24  2.475189E+02  9.987692E+01 -4.245747E+01  2.438503E+02
  3.000000E+00  4.500000E+01    25  2.386397E+01  1.048432E+02 -6.113343E+00  2.306765E+01
  3.000000E+00  4.500000E+01    26  2.817348E+01  6.959260E+01  9.823898E+00  2.640523E+01
  3.000000E+00  4.500000E+01    27  7.309972E-01  4.027714E+01  5.576971E-01  4.725790E-01
  3.000000E+00  4.500000E+01    28  6.409706E+01  6.956264E+01  2.238161E+01  6.006244E+01
  3.000000E+00  4.500000E+01    29  5.609187E+01 -7.605508E+01  1.351752E+01 -5.443872E+01
  3.000000E+00  4.500000E+01    30  1.012252E+00 -1.176775E+02 -4.701858E-01 -8.964257E-01
  3.000000E+00  9.000000E+01     1  7.252354E+00 -8.027882E+01  1.224586E+00 -7.148219E+00
  3.000000E+00  9.000000E+01     2  4.547573E+01  1.563926E+02 -4.166992E+01  1.821154E+01
  3.000000E+00  9.000000E+01     3  3.976502E+00  1.628546E+02 -3.799786E+00  1.172263E+00
  3.000000E+00  9.000000E+01     4  5.778863E+01  1.511938E+02 -5.063754E+01  2.784538E+01
  3.000000E+00  9.000000E+01     5  1.425458E+02  1.543612E+02 -1.285107E+02  6.167913E+01
  3.000000E+00  9.000000E+01     6  5.978453E+00  1.455225E+02 -4.928330E+00  3.384296E+00
  3.000000E+00  9.000000E+01     7  4.664728E+01 -1.744640E+02 -4.642971E+01 -4.500148E+00
  3.000000E+00  9.000000E+01     8  1.840196E+01  1.708769E+02 -1.816918E+01  2.917735E+00
  3.000000E+00  9.000000E+01     9  1.422891E-01 -1.651220E+02 -1.375188E-01 -3.653436E-02
  3.000000E+00  9.000000E+01    10  4.434618E+01  1.720517E+02 -4.392016E+01  6.132138E+00
  3.000000E+00  9.000000E+01    11  1.334836E+02  6.540083E+00  1.326149E+02  1.520355E+01
  3.000000E+00  9.000000E+01    12  1.672492E+00  2.445778E+01  1.522413E+00  6.924493E-01
  3.000000E+00  9.000000E+01    13  4.905960E+01 -7.603773E+01  1.183724E+01 -4.761012E+01
  3.000000E+00  9.000000E+01    14  2.943478E+01  9.717766E+01 -3.677770E+00  2.920412E+01
  3.000000E+00  9.000000E+01    15  2.298670E-02 -1.400659E+02 -1.762583E-02 -1.475529E-02
  3.000000E+00  9.000000E+01    16  6.853831E+01  9.722162E+01 -8.615781E+00  6.799462E+01
  3.000000E+00  9.000000E+01    17  1.216646E+02  1.013526E+02 -2.394917E+01  1.192842E+02
  3.000000E+00  9.000000E+01    18  6.362242E-01 -1.166622E+01  6.230811E-01 -1.286509E-01
  3.000000E+00  9.000000E+01    19  1.371741E+01  1.630966E+02 -1.312476E+01  3.988463E+00
  3.000000E+00  9.000000E+01    20  8.318546E+00  1.644097E+02 -8.012493E+00  2.235660E+00
  3.000000E+00  9.000000E+01    21  2.974102E+00 -2.470545E+01  2.701878E+00 -1.243036E+00
  3.000000E+00  9.000000E+01    22  1.604957E+01  1.728784E+02 -1.592576E+01  1.989754E+00
  3.000000E+00  9.000000E+01    23  1.981902E+02 -1.682925E+01  1.897021E+02 -5.738015E+01
  3.000000E+00  9.000000E+01    24  4.175358E+02 -1.836403E+01  3.962724E+02 -1.315460E+02
  3.000000E+00  9.000000E+01    25  1.245410E+00  5.720808E+01  6.745014E-01  1.046946E+00
  3.000000E+00  9.000000E+01    26  4.402560E+01  9.479852E+01 -3.682834E+00  4.387129E+01
  3.000000E+00  9.000000E+01    27  8.713493E-01  5.067742E+01  5.521617E-01  6.740676E-01
  3.000000E+00  9.000000E+01    28  1.015509E+02  9.456558E+01 -8.083459E+00  1.012287E+02
  3.000000E+00  9.000000E+01    29  4.572684E+00 -1.038910E+02 -1.097793E+00 -4.438951E+00
  3.000000E+00  9.000000E+01    30  2.773693E+00 -1.506796E+02 -2.418370E+00 -1.358257E+00
  3.000000E+00  1.350000E+02     1  1.517808E+01  1.068916E+02 -4.410178E+00  1.452324E+01
  3.000000E+00  1.350000E+02     2  3.721495E+01 -1.212977E+02 -1.933259E+01 -3.179943E+01
  3.000000E+00  1.350000E+02     3  4.271008E+00  2.120170E+01  3.981916E+00  1.544620E+00
  3.000000E+00  1.350000E+02     4  1.432883E+02 -1.344509E+02 -1.003445E+02 -1.022864E+02
  3.000000E+00  1.350000E+02     5  1.421391E+02 -1.353795E-01  1.421387E+02 -3.358486E-01
  3.000000E+00  1.350000E+02     6  5.249208E+00  4.711116E+01  3.572497E+00  3.845966E+00
  3.000000E+00  1.350000E+02     7  5.736929E+00  1.440531E+02 -4.644397E+00  3.367778E+00
  3.000000E+00  1.350000E+02     8  4.245214E+01 -3.801284E+01  3.344688E+01 -2.614365E+01
  3.000000E+00  1.350000E+02     9  2.914842E-02 -1.750978E+02 -2.904180E-02 -2.490880E-03
  3.000000E+00  1.350000E+02    10  1.095291E+02 -3.743642E+01  8.696920E+01 -6.658060E+01
  3.000000E+00  1.350000E+02    11  4.164496E+01 -1.700096E+01  3.982507E+01 -1.217648E+01
  3.000000E+00  1.350000E+02    12  2.244953E+00  1.231320E+02 -1.227022E+00  1.879955E+00
  3.000000E+00  1.350000E+02    13  4.531582E+01  7.655968E+01  1.053286E+01  4.407473E+01
  3.000000E+00  1.350000E+02    14  1.075724E+01  9.010506E+01 -1.972624E-02  1.075722E+01
  3.000000E+00  1.350000E+02    15  3.643825E-02 -1.001928E+02 -6.448135E-03 -3.586318E-02
  3.000000E+00  1.350000E+02    16  2.790235E+01  8.946560E+01  2.602452E-01  2.790114E+01
  3.000000E+00  1.350000E+02    17  1.128326E+02 -1.007513E+02 -2.104849E+01 -1.108520E+02
  3.000000E+00  1.350000E+02    18  4.053567E+00  6.164131E+01  1.925403E+00  3.567104E+00
  3.000000E+00  1.350000E+02    19  1.221553E+01  2.030041E+01  1.145678E+01  4.238087E+00
  3.000000E+00  1.350000E+02    20  7.025668E+00  2.477091E+01  6.379238E+00  2.943692E+00
  3.000000E+00  1.350000E+02    21  3.165686E+00 -1.546142E+02 -2.860013E+00 -1.357165E+00
  3.000000E+00  1.350000E+02    22  1.264166E+01  2.397133E+01  1.155130E+01  5.136048E+00
  3.000000E+00  1.350000E+02    23  1.911819E+02 -1.571618E+02 -1.761941E+02 -7.420349E+01
  3.000000E+00  1.350000E+02    24  4.222716E+02 -1.539339E+02 -3.793214E+02 -1.855493E+02
  3.000000E+00  1.350000E+02    25  2.364766E+01 -1.102467E+02 -8.183598E+00 -2.218649E+01
  3.000000E+00  1.350000E+02    26  1.047954E+01  1.161841E+02 -4.624174E+00  9.404141E+00
  3.000000E+00  1.350000E+02    27  4.488161E-01  8.663802E+01  2.632041E-02  4.480437E-01
  3.000000E+00  1.350000E+02    28  2.422134E+01  1.156155E+02 -1.047161E+01  2.184075E+01
  3.000000E+00  1.350000E+02    29  5.423304E+01  6.957838E+01  1.892330E+01  5.082452E+01
  3.000000E+00  1.350000E+02    30  9.628172E-01 -1.078405E+02 -2.949770E-01 -9.165182E-01
  3.000000E+00  1.800000E+02     1  3.842894E+01 -3.623273E+01  3.099766E+01 -2.271406E+01
  3.000000E+00  1.800000E+02     2  2.024040E+00  1.601452E+02 -1.903724E+00  6.874411E-01
  3.000000E+00  1.800000E+02     3  2.887290E+00  1.617243E+01  2.773033E+00  8.041939E-01
  3.000000E+00  1.800000E+02     4  4.932099E+01 -1.732361E+02 -4.897771E+01 -5.808935E+00
  3.000000E+00  1.800000E+02     5  8.600649E+01  8.711109E+01  4.334688E+00  8.589719E+01
  3.000000E+00  1.800000E+02     6  1.116442E+00 -1.283750E+02 -6.930937E-01 -8.752504E-01
  3.000000E+00  1.800000E+02     7  2.594325E+01  1.279389E+02 -1.595047E+01  2.046057E+01
  3.000000E+00  1.800000E+02     8  4.745940E+01 -4.947186E+01  3.084013E+01 -3.607327E+01
  3.000000E+00  1.800000E+02     9  2.923908E-02  1.649157E+02 -2.823161E-02  7.609189E-03
  3.000000E+00  1.800000E+02    10  1.163060E+02 -4.969662E+01  7.523079E+01 -8.869850E+01
  3.000000E+00  1.800000E+02    11  6.722350E+01 -5.517518E+01  3.838927E+01 -5.518390E+01
  3.000000E+00  1.800000E+02    12  9.714659E-01  1.263875E+02 -5.763150E-01  7.820531E-01
  3.000000E+00  1.800000E+02    13  2.659805E+01  1.241275E+02 -1.492249E+01  2.201763E+01
  3.000000E+00  1.800000E+02    14  4.456896E+01  1.328624E+02 -3.031759E+01  3.266858E+01
  3.000000E+00  1.800000E+02    15  2.212618E-02 -1.670539E+02 -2.156376E-02 -4.957039E-03
  3.000000E+00  1.800000E+02    16  1.098484E+02  1.327634E+02 -7.458401E+01  8.064667E+01
  3.000000E+00  1.800000E+02    17  7.172169E+01 -7.038571E+01  2.407601E+01 -6.755995E+01
  3.000000E+00  1.800000E+02    18  7.095540E-01 -9.628964E+01 -7.773491E-02 -7.052830E-01
  3.000000E+00  1.800000E+02    19  8.821144E+00  2.226883E+01  8.163228E+00  3.342798E+00
  3.000000E+00  1.800000E+02    20  4.955447E+00  7.257957E+00  4.915741E+00  6.260551E-01
  3.000000E+00  1.800000E+02    21  2.701653E+00 -1.763976E+02 -2.696314E+00 -1.697538E-01
  3.000000E+00  1.800000E+02    22  3.672080E+00  3.281413E+00  3.666059E+00  2.101904E-01
  3.000000E+00  1.800000E+02    23  1.122778E+02 -1.521432E+02 -9.926681E+01 -5.246329E+01
  3.000000E+00  1.800000E+02    24  3.252847E+02 -1.667616E+02 -3.166404E+02 -7.449148E+01
  3.000000E+00  1.800000E+02    25  2.553755E+01 -1.098325E+02 -8.664143E+00 -2.402289E+01
  3.000000E+00  1.800000E+02    26  9.770823E-01  1.688878E+02 -9.587636E-01  1.883142E-01
  3.000000E+00  1.800000E+02    27  5.577302E-01  8.519043E+01  4.676247E-02  5.557663E-01
  3.000000E+00  1.800000E+02    28  2.411527E+00 -1.757559E+02 -2.404915E+00 -1.784660E-01
  3.000000E+00  1.800000E+02    29  5.854414E+01  7.019836E+01  1.983269E+01  5.508249E+01
  3.000000E+00  1.800000E+02    30  1.969767E+00 -5.908680E+01  1.011946E+00 -1.689955E+00
  4.000000E+00 -1.800000E+02     1  8.302373E+01  1.147015E+02 -3.469482E+01  7.542685E+01
  4.000000E+00 -1.800000E+02     2  6.779208E+01  4.816488E+01  4.521659E+01  5.050965E+01
  4.000000E+00 -1.800000E+02     3  6.255214E+01 -1.291543E+02 -3.949614E+01 -4.850593E+01
  4.000000E+00 -1.800000E+02     4  1.063712E+03  4.798585E+01  7.119571E+02  7.903160E+02
  4.000000E+00 -1.800000E+02     5  1.908342E+03 -1.177227E+02 -8.877484E+02 -1.689282E+03
  4.000000E+00 -1.800000E+02     6  5.376440E+01 -1.285874E+02 -3.353326E+01 -4.202536E+01
  4.000000E+00 -1.800000E+02     7  8.370679E+01  1.270649E+02 -5.045166E+01  6.679413E+01
  4.000000E+00 -1.800000E+02     8  1.001224E+02 -5.697868E+01  5.456180E+01 -8.394940E+01
  4.000000E+00 -1.800000E+02     9  1.288288E+00  1.795174E+02 -1.288243E+00  1.085013E-02
  4.000000E+00 -1.800000E+02    10  4.318257E+02 -5.694596E+01  2.355306E+02 -3.619375E+02
  4.000000E+00 -1.800000E+02    11  4.540040E+02 -5.109653E+01  2.851191E+02 -3.533083E+02
  4.000000E+00 -1.800000E+02    12  4.039719E-01  8.090451E+01  6.386004E-02  3.988924E-01
  4.000000E+00 -1.800000E+02    13  9.577021E+01  1.348791E+02 -6.757669E+01  6.786254E+01
  4.000000E+00 -1.800000E+02    14  9.880441E+01  1.227498E+02 -5.345031E+01  8.309859E+01
  4.000000E+00 -1.800000E+02    15  1.100554E+00 -1.771255E+02 -1.099169E+00 -5.519023E-02
  4.000000E+00 -1.800000E+02    16  4.143562E+02  1.214616E+02 -2.162639E+02  3.534416E+02
  4.000000E+00 -1.800000E+02    17  7.008132E+02 -3.164314E+01  5.966248E+02 -3.676656E+02
  4.000000E+00 -1.800000E+02    18  1.468064E+00  8.123728E+01  2.236491E-01  1.450929E+00
  4.000000E+00 -1.800000E+02    19  1.975329E+02 -1.296916E+02 -1.261552E+02 -1.520003E+02
  4.000000E+00 -1.800000E+02    20  1.097743E+02 -1.242019E+02 -6.170537E+01 -9.079013E+01
  4.000000E+00 -1.800000E+02    21  2.588647E+01  7.036268E+01  8.699540E+00  2.438088E+01
  4.000000E+00 -1.800000E+02    22  1.223419E+02 -1.096660E+02 -4.117253E+01 -1.152058E+02
  4.000000E+00 -1.800000E+02    23  3.397961E+03  4.244969E+01  2.507254E+03  2.293428E+03
  4.000000E+00 -1.800000E+02    24  6.469396E+03  4.854015E+01  4.283355E+03  4.848293E+03
  4.000000E+00 -1.800000E+02    25  6.125433E+01 -1.183955E+02 -2.912980E+01 -5.388458E+01
  4.000000E+00 -1.800000E+02    26  7.896667E-01 -1.410547E+02 -6.141603E-01 -4.963675E-01
  4.000000E+00 -1.800000E+02    27  8.785403E-01  7.050813E+01  2.931452E-01  8.281902E-01
  4.000000E+00 -1.800000E+02    28  3.909569E+00 -1.394757E+02 -2.971782E+00 -2.540324E+00
  4.000000E+00 -1.800000E+02    29  2.287432E+02  6.176676E+01  1.082097E+02  2.015294E+02
  4.000000E+00 -1.800000E+02    30  1.822094E+00 -9.771497E+01 -2.446074E-01 -1.805601E+00
  4.000000E+00 -1.350000E+02     1  4.405163E+01 -1.541905E+02 -3.965733E+01 -1.917922E+01
  4.000000E+00 -1.350000E+02     2  5.168156E+01  1.075464E+02 -1.558082E+01  4.927699E+01
  4.000000E+00 -1.350000E+02     3  3.871300E+01  3.146136E+01  3.302189E+01  2.020522E+01
  4.000000E+00 -1.350000E+02     4  4.734371E+02 -1.769804E+02 -4.727798E+02 -2.493983E+01
  4.000000E+00 -1.350000E+02     5  1.254007E+03  3.557812E+01  1.019913E+03  7.295970E+02
  4.000000E+00 -1.350000E+02     6  3.175665E+01  3.687515E+01  2.540358E+01  1.905632E+01
  4.000000E+00 -1.350000E+02     7  6.742213E+01  1.220328E+02 -3.576103E+01  5.715673E+01
  4.000000E+00 -1.350000E+02     8  2.970414E+01 -5.343665E+01  1.769509E+01 -2.385833E+01
  4.000000E+00 -1.350000E+02     9  1.128584E+00 -5.809708E+00  1.122787E+00 -1.142407E-01
  4.000000E+00 -1.350000E+02    10  1.187066E+02 -6.171305E+01  5.625359E+01 -1.045313E+02
  4.000000E+00 -1.350000E+02    11  2.313795E+02 -8.396421E+01  2.432946E+01 -2.300968E+02
  4.000000E+00 -1.350000E+02    12  7.768647E-01  1.370588E+02 -5.687065E-01  5.292370E-01
  4.000000E+00 -1.350000E+02    13  3.337523E+01 -1.177221E+01  3.267323E+01 -6.809255E+00
  4.000000E+00 -1.350000E+02    14  1.013764E+02 -1.079955E+02 -3.131952E+01 -9.641714E+01
  4.000000E+00 -1.350000E+02    15  1.175163E+00 -2.396894E+01  1.073824E+00 -4.774000E-01
  4.000000E+00 -1.350000E+02    16  4.220567E+02 -1.060999E+02 -1.170419E+02 -4.055034E+02
  4.000000E+00 -1.350000E+02    17  4.660884E+02  1.774054E+02 -4.656106E+02  2.109923E+01
  4.000000E+00 -1.350000E+02    18  3.235861E+00 -1.656221E+02 -3.134511E+00 -8.035163E-01
  4.000000E+00 -1.350000E+02    19  1.332610E+02  3.049978E+01  1.148218E+02  6.763464E+01
  4.000000E+00 -1.350000E+02    20  6.071769E+01  3.342353E+01  5.067630E+01  3.344473E+01
  4.000000E+00 -1.350000E+02    21  2.644410E+01 -1.414062E+02 -2.066841E+01 -1.649568E+01
  4.000000E+00 -1.350000E+02    22  2.913208E+02  5.028197E+01  1.861568E+02  2.240835E+02
  4.000000E+00 -1.350000E+02    23  1.789824E+03 -1.547722E+02 -1.619112E+03 -7.628560E+02
  4.000000E+00 -1.350000E+02    24  3.851421E+03 -1.468832E+02 -3.225790E+03 -2.104216E+03
  4.000000E+00 -1.350000E+02    25  3.354572E+01 -1.171782E+02 -1.532231E+01 -2.984196E+01
  4.000000E+00 -1.350000E+02    26  3.627264E+01 -1.169035E+02 -1.641299E+01 -3.234684E+01
  4.000000E+00 -1.350000E+02    27  7.862170E-01 -1.068765E+01  7.725783E-01 -1.458077E-01
  4.000000E+00 -1.350000E+02    28  1.370275E+02 -1.172395E+02 -6.271908E+01 -1.218313E+02
  4.000000E+00 -1.350000E+02    29  1.271935E+02  6.316965E+01  5.740882E+01  1.135007E+02
  4.000000E+00 -1.350000E+02    30  1.314538E+00  1.676452E+02 -1.284095E+00  2.812649E-01
  4.000000E+00 -9.000000E+01     1  1.402754E+02 -6.268046E+00  1.394369E+02 -1.531527E+01
  4.000000E+00 -9.000000E+01     2  1.386121E+02 -5.940662E+01  7.054553E+01 -1.193174E+02
  4.000000E+00 -9.000000E+01     3  6.696855E+01  1.652722E+02 -6.476828E+01  1.702519E+01
  4.000000E+00 -9.000000E+01     4  1.269323E+03 -3.225286E+01  1.073468E+03 -6.773826E+02
  4.000000E+00 -9.000000E+01     5  2.471471E+03  1.686587E+02 -2.423211E+03  4.860232E+02
  4.000000E+00 -9.000000E+01     6  6.086533E+01  1.691444E+02 -5.977614E+01  1.146306E+01
  4.000000E+00 -9.000000E+01     7  9.002493E+01  5.313790E+01  5.400516E+01  7.202730E+01
  4.000000E+00 -9.000000E+01     8  5.094755E+01  4.565900E+01  3.560863E+01  3.643732E+01
  4.000000E+00 -9.000000E+01     9  3.930921E-01 -1.117824E+01  3.856347E-01 -7.620552E-02
  4.000000E+00 -9.000000E+01    10  2.213282E+02  4.100781E+01  1.670187E+02  1.452271E+02
  4.000000E+00 -9.000000E+01    11  3.986317E+02 -1.240347E+02 -2.231122E+02 -3.303456E+02
  4.000000E+00 -9.000000E+01    12  3.469221E+00  2.974833E+01  3.012024E+00  1.721397E+00
  4.000000E+00 -9.000000E+01    13  7.338397E+01 -6.741525E+01  2.818308E+01 -6.775634E+01
  4.000000E+00 -9.000000E+01    14  6.018812E+01  1.172243E+02 -2.753455E+01  5.352063E+01
  4.000000E+00 -9.000000E+01    15  1.263756E+00 -7.553893E+01  3.155877E-01 -1.223717E+00
  4.000000E+00 -9.000000E+01    16  2.439939E+02  1.200633E+02 -1.222304E+02  2.111699E+02
  4.000000E+00 -9.000000E+01    17  5.246717E+02  1.198014E+02 -2.607591E+02  4.552857E+02
  4.000000E+00 -9.000000E+01    18  3.828122E+00  1.168201E+02 -1.727211E+00  3.416322E+00
  4.000000E+00 -9.000000E+01    19  2.065557E+02  1.671936E+02 -2.014176E+02  4.578469E+01
  4.000000E+00 -9.000000E+01    20  1.387418E+02  1.596873E+02 -1.301138E+02  4.816325E+01
  4.000000E+00 -9.000000E+01    21  5.603226E+01 -2.118469E+01  5.224563E+01 -2.024868E+01
  4.000000E+00 -9.000000E+01    22  2.135515E+02  1.352553E+02 -1.516751E+02  1.503293E+02
  4.000000E+00 -9.000000E+01    23  3.166508E+03 -1.270722E+01  3.088950E+03 -6.965340E+02
  4.000000E+00 -9.000000E+01    24  6.923449E+03 -1.516643E+01  6.682305E+03 -1.811338E+03
  4.000000E+00 -9.000000E+01    25  1.412752E+01  8.758088E+01  5.963103E-01  1.411493E+01
  4.000000E+00 -9.000000E+01    26  6.809438E+01 -1.019109E+02 -1.405398E+01 -6.662830E+01
  4.000000E+00 -9.000000E+01    27  8.334736E-01  5.557796E+01  4.711496E-01  6.875291E-01
  4.000000E+00 -9.000000E+01    28  2.564186E+02 -1.019279E+02 -5.299681E+01 -2.508821E+02
  4.000000E+00 -9.000000E+01    29  5.053631E+01 -9.074472E+01 -6.568444E-01 -5.053204E+01
  4.000000E+00 -9.000000E+01    30  1.805451E+00 -1.341611E+02 -1.257818E+00 -1.295201E+00
  4.000000E+00 -4.500000E+01     1  2.274892E+01 -1.374007E+01  2.209792E+01 -5.403268E+00
  4.000000E+00 -4.500000E+01     2  1.132684E+02  9.983138E+01 -1.934047E+01  1.116050E+02
  4.000000E+00 -4.500000E+01     3  4.045108E+01 -7.685445E+01  9.199611E+00 -3.939108E+01
  4.000000E+00 -4.500000E+01     4  9.711954E+02  1.009611E+02 -1.846649E+02  9.534775E+02
  4.000000E+00 -4.500000E+01     5  1.078162E+03 -7.648638E+01  2.519411E+02 -1.048313E+03
  4.000000E+00 -4.500000E+01     6  3.945865E+01 -7.741148E+01  8.599919E+00 -3.851008E+01
  4.000000E+00 -4.500000E+01     7  6.109515E+01 -3.439302E+01  5.041463E+01 -3.451060E+01
  4.000000E+00 -4.500000E+01     8  9.155501E+01 -7.089025E+01  2.997316E+01 -8.650970E+01
  4.000000E+00 -4.500000E+01     9  1.575160E+00  1.768036E+01  1.500758E+00  4.783860E-01
  4.000000E+00 -4.500000E+01    10  3.758878E+02 -7.611034E+01  9.023296E+01 -3.648968E+02
  4.000000E+00 -4.500000E+01    11  3.925349E+02  1.707777E+02 -3.874610E+02  6.290960E+01
  4.000000E+00 -4.500000E+01    12  2.370296E+00 -1.618365E+01  2.276369E+00 -6.606418E-01
  4.000000E+00 -4.500000E+01    13  8.428533E+01 -1.334269E+02 -5.794013E+01 -6.121240E+01
  4.000000E+00 -4.500000E+01    14  2.792914E+01 -1.468062E+02 -2.337174E+01 -1.529046E+01
  4.000000E+00 -4.500000E+01    15  1.356333E+00 -1.208921E+02 -6.963719E-01 -1.163918E+00
  4.000000E+00 -4.500000E+01    16  1.230919E+02 -1.439258E+02 -9.948960E+01 -7.248051E+01
  4.000000E+00 -4.500000E+01    17  5.475808E+02  5.489827E+01  3.148754E+02  4.479936E+02
  4.000000E+00 -4.500000E+01    18  7.373824E-01  5.013115E+01  4.726861E-01  5.659511E-01
  4.000000E+00 -4.500000E+01    19  1.278449E+02 -7.098349E+01  4.165706E+01 -1.208677E+02
  4.000000E+00 -4.500000E+01    20  6.604948E+01 -6.552502E+01  2.736403E+01 -6.011442E+01
  4.000000E+00 -4.500000E+01    21  2.928594E+01  1.048333E+02 -7.497406E+00  2.830999E+01
  4.000000E+00 -4.500000E+01    22  1.447204E+02  1.745571E+02 -1.440679E+02  1.372717E+01
  4.000000E+00 -4.500000E+01    23  1.727165E+03  1.076960E+02 -5.249992E+02  1.645441E+03
  4.000000E+00 -4.500000E+01    24  4.177842E+03  1.068188E+02 -1.208839E+03  3.999134E+03
  4.000000E+00 -4.500000E+01    25  5.532086E+01  6.172641E+01  2.620452E+01  4.872085E+01
  4.000000E+00 -4.500000E+01    26  5.512687E+01 -1.346178E+02 -3.871972E+01 -3.923972E+01
  4.000000E+00 -4.500000E+01    27  8.294149E-01  1.319550E+01  8.075157E-01  1.893343E-01
  4.000000E+00 -4.500000E+01    28  2.064790E+02 -1.344626E+02 -1.446268E+02 -1.473657E+02
  4.000000E+00 -4.500000E+01    29  2.059098E+02 -1.183263E+02 -9.770248E+01 -1.812541E+02
  4.000000E+00 -4.500000E+01    30  2.026482E+00 -1.652388E+02 -1.959600E+00 -5.163287E-01
  4.000000E+00  0.000000E+00     1  1.717354E+02 -1.785888E+02 -1.716833E+02 -4.229367E+00
  4.000000E+00  0.000000E+00     2  2.450687E+01 -1.496666E+02 -2.115192E+01 -1.237671E+01
  4.000000E+00  0.000000E+00     3  2.549673E+01  2.849430E+01  2.240818E+01  1.216376E+01
  4.000000E+00  0.000000E+00     4  3.787586E+02 -1.501190E+02 -3.284073E+02 -1.886975E+02
  4.000000E+00  0.000000E+00     5  1.429831E+03  1.572362E+01  1.376327E+03  3.874804E+02
  4.000000E+00  0.000000E+00     6  2.033469E+01  2.705234E+01  1.810990E+01  9.248302E+00
  4.000000E+00  0.000000E+00     7  5.569006E+01 -1.272195E+02 -3.368522E+01 -4.434736E+01
  4.000000E+00  0.000000E+00     8  1.132798E+02  6.065110E+01  5.552144E+01  9.874047E+01
  4.000000E+00  0.000000E+00     9  1.745555E+00 -1.693737E+02 -1.715620E+00 -3.218839E-01
  4.000000E+00  0.000000E+00    10  5.123638E+02  6.089822E+01  2.491946E+02  4.476815E+02
  4.000000E+00  0.000000E+00    11  4.041861E+02  5.228765E+01  2.472396E+02  3.197483E+02
  4.000000E+00  0.000000E+00    12  6.992860E-01  3.893610E+01  5.439378E-01  4.394686E-01
  4.000000E+00  0.000000E+00    13  6.096823E+01 -1.432114E+02 -4.882643E+01 -3.651171E+01
  4.000000E+00  0.000000E+00    14  1.110222E+02 -1.188984E+02 -5.365241E+01 -9.719750E+01
  4.000000E+00  0.000000E+00    15  1.405678E+00 -1.679045E+02 -1.374472E+00 -2.945479E-01
  4.000000E+00  0.000000E+00    16  4.758163E+02 -1.176077E+02 -2.205002E+02 -4.216406E+02
  4.000000E+00  0.000000E+00    17  5.510327E+02  1.877563E+01  5.217102E+02  1.773571E+02
  4.000000E+00  0.000000E+00    18  1.964226E+00 -1.066658E+01  1.930286E+00 -3.635652E-01
  4.000000E+00  0.000000E+00    19  7.237445E+01  2.996849E+01  6.269801E+01  3.615275E+01
  4.000000E+00  0.000000E+00    20  5.546182E+01  1.605857E+01  5.329767E+01  1.534184E+01
  4.000000E+00  0.000000E+00    21  3.441530E+01 -1.678043E+02 -3.363860E+01 -7.270288E+00
  4.000000E+00  0.000000E+00    22  1.022939E+02  1.236853E+01  9.991969E+01  2.191124E+01
  4.000000E+00  0.000000E+00    23  9.584094E+02 -1.230728E+02 -5.230086E+02 -8.031255E+02
  4.000000E+00  0.000000E+00    24  2.297654E+03 -1.526022E+02 -2.039934E+03 -1.057300E+03
  4.000000E+00  0.000000E+00    25  6.028566E+01  4.536995E+01  4.235227E+01  4.290275E+01
  4.000000E+00  0.000000E+00    26  7.370887E-01  7.416796E+00  7.309217E-01  9.514804E-02
  4.000000E+00  0.000000E+00    27  7.817299E-01  3.732206E+01  6.216630E-01  4.739586E-01
  4.000000E+00  0.000000E+00    28  3.060866E+00  1.986382E+01  2.878753E+00  1.040039E+00
  4.000000E+00  0.000000E+00    29  2.263509E+02 -1.348347E+02 -1.595919E+02 -1.605152E+02
  4.000000E+00  0.000000E+00    30  1.577518E+00 -1.321692E+02 -1.059024E+00 -1.169201E+00
  4.000000E+00  4.500000E+01     1  3.901594E+01 -1.035580E+02 -9.146479E+00 -3.792869E+01
  4.000000E+00  4.500000E+01     2  5.235739E+01 -1.150450E+02 -2.216443E+01 -4.743452E+01
  4.000000E+00  4.500000E+01     3  3.624904E+01 -3.502268E+01  2.968525E+01 -2.080335E+01
  4.000000E+00  4.500000E+01     4  4.728417E+02  1.756438E+02 -4.714757E+02  3.591544E+01
  4.000000E+00  4.500000E+01     5  9.090820E+02 -3.307780E+01  7.617473E+02 -4.961564E+02
  4.000000E+00  4.500000E+01     6  2.937219E+01 -4.225039E+01  2.174169E+01 -1.974903E+01
  4.000000E+00  4.500000E+01     7  8.160501E+01 -1.352183E+02 -5.792291E+01 -5.748316E+01
  4.000000E+00  4.500000E+01     8  3.047298E+01  3.260945E+01  2.566933E+01  1.642219E+01
  4.000000E+00  4.500000E+01     9  1.668380E+00 -1.254201E+02 -9.669392E-01 -1.359603E+00
  4.000000E+00  4.500000E+01    10  1.637166E+02  3.789648E+01  1.291924E+02  1.005608E+02
  4.000000E+00  4.500000E+01    11  4.837922E+02  5.024427E+01  3.093928E+02  3.719287E+02
  4.000000E+00  4.500000E+01    12  1.403920E+00 -1.437338E+02 -1.131948E+00 -8.304721E-01
  4.000000E+00  4.500000E+01    13  7.847559E+01 -3.780196E+01  6.200624E+01 -4.810036E+01
  4.000000E+00  4.500000E+01    14  9.244149E+01  1.097959E+02 -3.130718E+01  8.697868E+01
  4.000000E+00  4.500000E+01    15  1.278079E+00  2.028704E+01  1.198796E+00  4.431401E-01
  4.000000E+00  4.500000E+01    16  3.833114E+02  1.071111E+02 -1.127800E+02  3.663445E+02
  4.000000E+00  4.500000E+01    17  6.743304E+02  1.534901E+02 -6.034294E+02  3.009891E+02
  4.000000E+00  4.500000E+01    18  2.619462E+00 -1.631394E+02 -2.506860E+00 -7.597588E-01
  4.000000E+00  4.500000E+01    19  1.217244E+02 -3.958764E+01  9.380701E+01 -7.756983E+01
  4.000000E+00  4.500000E+01    20  5.178249E+01 -4.555378E+01  3.626014E+01 -3.696794E+01
  4.000000E+00  4.500000E+01    21  2.738659E+01  1.501600E+02 -2.375562E+01  1.362703E+01
  4.000000E+00  4.500000E+01    22  2.146405E+02 -2.356676E+01  1.967384E+02 -8.581699E+01
  4.000000E+00  4.500000E+01    23  1.704438E+03  1.539082E+02 -1.530739E+03  7.496313E+02
  4.000000E+00  4.500000E+01    24  3.563696E+03  1.407477E+02 -2.759611E+03  2.254879E+03
  4.000000E+00  4.500000E+01    25  5.482462E+01  6.321035E+01  2.471035E+01  4.894014E+01
  4.000000E+00  4.500000E+01    26  5.662045E+01  4.441811E+01  4.044125E+01  3.962804E+01
  4.000000E+00  4.500000E+01    27  1.095599E+00  1.529504E+01  1.056793E+00  2.890076E-01
  4.000000E+00  4.500000E+01    28  2.126620E+02  4.451104E+01  1.516526E+02  1.490860E+02
  4.000000E+00  4.500000E+01    29  2.083106E+02 -1.171953E+02 -9.520327E+01 -1.852827E+02
  4.000000E+00  4.500000E+01    30  1.996911E+00 -1.644465E+02 -1.923785E+00 -5.354484E-01
  4.000000E+00  9.000000E+01     1  1.437333E+02 -5.434213E+00  1.430873E+02 -1.361194E+01
  4.000000E+00  9.000000E+01     2  1.136630E+02  5.314083E+01  6.818077E+01  9.094315E+01
  4.000000E+00  9.000000E+01     3  6.768236E+01  1.704797E+02 -6.675017E+01  1.119447E+01
  4.000000E+00  9.000000E+01     4  1.114087E+03  1.258424E+01  1.087323E+03  2.427314E+02
  4.000000E+00  9.000000E+01     5  2.523620E+03  1.688011E+02 -2.475567E+03  4.901278E+02
  4.000000E+00  9.000000E+01     6  6.223484E+01  1.663647E+02 -6.048080E+01  1.467133E+01
  4.000000E+00  9.000000E+01     7  6.805786E+01 -7.531342E+01  1.725480E+01 -6.583422E+01
  4.000000E+00  9.000000E+01     8  5.948409E+01 -6.180509E+01  2.810459E+01 -5.242603E+01
  4.000000E+00  9.000000E+01     9  1.655486E+00 -6.888521E+01  5.963684E-01 -1.544338E+00
  4.000000E+00  9.000000E+01    10  2.405590E+02 -5.663239E+01  1.323096E+02 -2.009050E+02
  4.000000E+00  9.000000E+01    11  4.060890E+02  9.897590E+01 -6.335759E+01  4.011160E+02
  4.000000E+00  9.000000E+01    12  3.143907E+00 -5.586892E+01  1.764009E+00 -2.602388E+00
  4.000000E+00  9.000000E+01    13  8.807666E+01  4.560725E+01  6.161605E+01  6.293616E+01
  4.000000E+00  9.000000E+01    14  5.014810E+01 -1.342041E+02 -3.496410E+01 -3.594918E+01
  4.000000E+00  9.000000E+01    15  1.601645E-01 -7.909754E-01  1.601492E-01 -2.211021E-03
  4.000000E+00  9.000000E+01    16  2.027215E+02 -1.372551E+02 -1.488753E+02 -1.375943E+02
  4.000000E+00  9.000000E+01    17  4.007109E+02 -1.541409E+02 -3.605873E+02 -1.747742E+02
  4.000000E+00  9.000000E+01    18  9.836379E-01  1.363227E+02 -7.114067E-01  6.792967E-01
  4.000000E+00  9.000000E+01    19  2.109675E+02  1.699009E+02 -2.076988E+02  3.699351E+01
  4.000000E+00  9.000000E+01    20  1.322205E+02  1.743035E+02 -1.315676E+02  1.312400E+01
  4.000000E+00  9.000000E+01    21  5.578797E+01 -1.536826E+01  5.379312E+01 -1.478504E+01
  4.000000E+00  9.000000E+01    22  2.003090E+02 -1.685820E+02 -1.963448E+02 -3.965410E+01
  4.000000E+00  9.000000E+01    23  3.215433E+03 -7.969389E+00  3.184380E+03 -4.458006E+02
  4.000000E+00  9.000000E+01    24  6.910844E+03 -7.590040E+00  6.850295E+03 -9.128125E+02
  4.000000E+00  9.000000E+01    25  1.273645E+01  9.160085E+01 -3.558092E-01  1.273148E+01
  4.000000E+00  9.000000E+01    26  6.863728E+01  7.780504E+01  1.449886E+01  6.708845E+01
  4.000000E+00  9.000000E+01    27  7.851925E-01  5.457808E+01  4.550921E-01  6.398582E-01
  4.000000E+00  9.000000E+01    28  2.585561E+02  7.781626E+01  5.456758E+01  2.527323E+02
  4.000000E+00  9.000000E+01    29  5.135027E+01 -8.817925E+01  1.631536E+00 -5.132434E+01
  4.000000E+00  9.000000E+01    30  1.889593E+00 -1.330794E+02 -1.290614E+00 -1.380173E+00
  4.000000E+00  1.350000E+02     1  6.323205E+01 -1.162534E+02 -2.797014E+01 -5.670947E+01
  4.000000E+00  1.350000E+02     2  1.265495E+02 -1.112298E+02 -4.582474E+01 -1.179613E+02
  4.000000E+00  1.350000E+02     3  4.977880E+01  6.107534E+01  2.407597E+01  4.356922E+01
  4.000000E+00  1.350000E+02     4  1.146775E+03 -1.149850E+02 -4.843755E+02 -1.039458E+03
  4.000000E+00  1.350000E+02     5  1.589647E+03  5.867765E+01  8.263818E+02  1.357966E+03
  4.000000E+00  1.350000E+02     6  4.538370E+01  6.071108E+01  2.220234E+01  3.958202E+01
  4.000000E+00  1.350000E+02     7  2.651040E+01 -3.608528E+01  2.142415E+01 -1.561433E+01
  4.000000E+00  1.350000E+02     8  1.009683E+02  7.246227E+01  3.042515E+01  9.627513E+01
  4.000000E+00  1.350000E+02     9  1.495247E+00 -2.166122E+01  1.389656E+00 -5.519221E-01
  4.000000E+00  1.350000E+02    10  4.156242E+02  7.653751E+01  9.676097E+01  4.042039E+02
  4.000000E+00  1.350000E+02    11  2.841156E+02  1.460119E+02 -2.355755E+02  1.588264E+02
  4.000000E+00  1.350000E+02    12  1.669203E+00 -2.739198E+01  1.482051E+00 -7.679594E-01
  4.000000E+00  1.350000E+02    13  6.702441E+01  1.155479E+02 -2.890536E+01  6.047109E+01
  4.000000E+00  1.350000E+02    14  2.955107E+01  1.289986E+02 -1.859653E+01  2.296595E+01
  4.000000E+00  1.350000E+02    15  1.028641E+00 -2.293951E+00  1.027816E+00 -4.117268E-02
  4.000000E+00  1.350000E+02    16  1.154741E+02  1.258289E+02 -6.759463E+01  9.362278E+01
  4.000000E+00  1.350000E+02    17  3.052891E+02 -1.116500E+02 -1.126322E+02 -2.837524E+02
  4.000000E+00  1.350000E+02    18  4.215703E+00  1.336147E+02 -2.908014E+00  3.052148E+00
  4.000000E+00  1.350000E+02    19  1.544975E+02  5.305780E+01  9.285439E+01  1.234809E+02
  4.000000E+00  1.350000E+02    20  8.650740E+01  6.356651E+01  3.850953E+01  7.746320E+01
  4.000000E+00  1.350000E+02    21  3.785192E+01 -1.108364E+02 -1.346395E+01 -3.537641E+01
  4.000000E+00  1.350000E+02    22  1.794179E+02 -1.481088E+02 -1.523353E+02 -9.478794E+01
  4.000000E+00  1.350000E+02    23  2.225750E+03 -1.223858E+02 -1.192149E+03 -1.879559E+03
  4.000000E+00  1.350000E+02    24  5.248596E+03 -1.212601E+02 -2.723625E+03 -4.486605E+03
  4.000000E+00  1.350000E+02    25  3.398233E+01 -1.184659E+02 -1.619718E+01 -2.987391E+01
  4.000000E+00  1.350000E+02    26  3.589839E+01  6.416779E+01  1.564227E+01  3.231121E+01
  4.000000E+00  1.350000E+02    27  5.606190E-01 -1.530698E+01  5.407312E-01 -1.479981E-01
  4.000000E+00  1.350000E+02    28  1.353992E+02  6.378910E+01  5.980264E+01  1.214767E+02
  4.000000E+00  1.350000E+02    29  1.256820E+02  6.199866E+01  5.900671E+01  1.109692E+02
  4.000000E+00  1.350000E+02    30  1.389021E+00  1.682938E+02 -1.360131E+00  2.818234E-01
  4.000000E+00  1.800000E+02     1  8.302779E+01  1.146992E+02 -3.469352E+01  7.543192E+01
  4.000000E+00  1.800000E+02     2  6.779350E+01  4.816069E+01  4.522124E+01  5.050741E+01
  4.000000E+00  1.800000E+02     3  6.255362E+01 -1.291562E+02 -3.949866E+01 -4.850579E+01
  4.000000E+00  1.800000E+02     4  1.063733E+03  4.798169E+01  7.120291E+02  7.902803E+02
  4.000000E+00  1.800000E+02     5  1.908426E+03 -1.177222E+02 -8.877721E+02 -1.689364E+03
  4.000000E+00  1.800000E+02     6  5.376444E+01 -1.285954E+02 -3.353914E+01 -4.202073E+01
  4.000000E+00  1.800000E+02     7  8.370679E+01  1.270649E+02 -5.045166E+01  6.679414E+01
  4.000000E+00  1.800000E+02     8  1.001224E+02 -5.697857E+01  5.456195E+01 -8.394927E+01
  4.000000E+00  1.800000E+02     9  1.288283E+00  1.795175E+02 -1.288238E+00  1.084779E-02
  4.000000E+00  1.800000E+02    10  4.318255E+02 -5.694588E+01  2.355310E+02 -3.619370E+02
  4.000000E+00  1.800000E+02    11  4.540031E+02 -5.109669E+01  2.851176E+02 -3.533083E+02
  4.000000E+00  1.800000E+02    12  4.039669E-01  8.090282E+01  6.387096E-02  3.988857E-01
  4.000000E+00  1.800000E+02    13  9.577074E+01  1.348790E+02 -6.757699E+01  6.786299E+01
  4.000000E+00  1.800000E+02    14  9.880437E+01  1.227496E+02 -5.345012E+01  8.309867E+01
  4.000000E+00  1.800000E+02    15  1.100552E+00 -1.771258E+02 -1.099168E+00 -5.518534E-02
  4.000000E+00  1.800000E+02    16  4.143550E+02  1.214614E+02 -2.162621E+02  3.534413E+02
  4.000000E+00  1.800000E+02    17  7.008234E+02 -3.164336E+01  5.966321E+02 -3.676732E+02
  4.000000E+00  1.800000E+02    18  1.468117E+00  8.123795E+01  2.236402E-01  1.450983E+00
  4.000000E+00  1.800000E+02    19  1.975389E+02 -1.296915E+02 -1.261590E+02 -1.520050E+02
  4.000000E+00  1.800000E+02    20  1.097760E+02 -1.242054E+02 -6.171188E+01 -9.078778E+01
  4.000000E+00  1.800000E+02    21  2.588679E+01  7.035759E+01  8.701812E+00  2.438041E+01
  4.000000E+00  1.800000E+02    22  1.223422E+02 -1.096696E+02 -4.117995E+01 -1.152034E+02
  4.000000E+00  1.800000E+02    23  3.398048E+03  4.244799E+01  2.507386E+03  2.293413E+03
  4.000000E+00  1.800000E+02    24  6.469532E+03  4.853665E+01  4.283741E+03  4.848135E+03
  4.000000E+00  1.800000E+02    25  6.125432E+01 -1.183955E+02 -2.912979E+01 -5.388457E+01
  4.000000E+00  1.800000E+02    26  7.896613E-01 -1.410574E+02 -6.141797E-01 -4.963348E-01
  4.000000E+00  1.800000E+02    27  8.785400E-01  7.050816E+01  2.931448E-01  8.281900E-01
  4.000000E+00  1.800000E+02    28  3.909561E+00 -1.394778E+02 -2.971870E+00 -2.540208E+00
  4.000000E+00  1.800000E+02    29  2.287432E+02  6.176676E+01  1.082097E+02  2.015294E+02
  4.000000E+00  1.800000E+02    30  1.822093E+00 -9.771502E+01 -2.446085E-01 -1.805600E+00
  5.000000E+00 -1.800000E+02     1  1.806308E+02  2.230108E+00  1.804940E+02  7.028869E+00
  5.000000E+00 -1.800000E+02     2  1.505884E+02 -4.157455E+01  1.126541E+02 -9.992954E+01
  5.000000E+00 -1.800000E+02     3  1.403760E+02  1.405629E+02 -1.084156E+02  8.917108E+01
  5.000000E+00 -1.800000E+02     4  2.353156E+03 -4.199591E+01  1.748848E+03 -1.574444E+03
  5.000000E+00 -1.800000E+02     5  4.275065E+03  1.517644E+02 -3.766374E+03  2.022526E+03
  5.000000E+00 -1.800000E+02     6  1.219173E+02  1.414443E+02 -9.533958E+01  7.598806E+01
  5.000000E+00 -1.800000E+02     7  2.170477E+01 -2.210717E+01  2.010906E+01 -8.168376E+00
  5.000000E+00 -1.800000E+02     8  1.767481E+02  1.482966E+02 -1.503737E+02  9.288505E+01
  5.000000E+00 -1.800000E+02     9  5.780487E+00  9.656870E+01 -6.612554E-01  5.742540E+00
  5.000000E+00 -1.800000E+02    10  1.012380E+03  1.508126E+02 -8.838375E+02  4.937052E+02
  5.000000E+00 -1.800000E+02    11  1.590027E+02 -1.770507E+02 -1.587921E+02 -8.181053E+00
  5.000000E+00 -1.800000E+02    12  1.518521E+01  1.264559E+02 -9.023117E+00  1.221367E+01
  5.000000E+00 -1.800000E+02    13  4.106284E+01  6.235602E+01  1.905218E+01  3.637542E+01
  5.000000E+00 -1.800000E+02    14  1.795623E+02 -3.262987E+01  1.512223E+02 -9.682180E+01
  5.000000E+00 -1.800000E+02    15  4.941588E+00  9.616691E+01 -5.308506E-01  4.912992E+00
  5.000000E+00 -1.800000E+02    16  1.045515E+03 -3.209503E+01  8.857266E+02 -5.555082E+02
  5.000000E+00 -1.800000E+02    17  8.338651E+02 -9.799403E+01 -1.159655E+02 -8.257620E+02
  5.000000E+00 -1.800000E+02    18  1.637702E+01 -5.573899E+01  9.219668E+00 -1.353531E+01
  5.000000E+00 -1.800000E+02    19  4.776586E+02  1.457018E+02 -3.946013E+02  2.691609E+02
  5.000000E+00 -1.800000E+02    20  2.342411E+02  1.467036E+02 -1.957884E+02  1.285916E+02
  5.000000E+00 -1.800000E+02    21  8.654909E+01  6.085454E+01  4.215187E+01  7.559077E+01
  5.000000E+00 -1.800000E+02    22  2.144183E+02  1.618728E+02 -2.037763E+02  6.671149E+01
  5.000000E+00 -1.800000E+02    23  6.349094E+03 -5.863724E+01  3.304416E+03 -5.421423E+03
  5.000000E+00 -1.800000E+02    24  1.434424E+04 -4.135340E+01  1.076748E+04 -9.477261E+03
  5.000000E+00 -1.800000E+02    25  9.920405E+01 -1.068606E+02 -2.877356E+01 -9.493959E+01
  5.000000E+00 -1.800000E+02    26  8.633480E-01 -1.549429E+02 -7.820952E-01 -3.656458E-01
  5.000000E+00 -1.800000E+02    27  9.108150E-01 -2.440726E+01  8.294166E-01 -3.763669E-01
  5.000000E+00 -1.800000E+02    28  5.184259E+00 -1.462995E+02 -4.313043E+00 -2.876492E+00
  5.000000E+00 -1.800000E+02    29  4.903911E+02  7.335416E+01  1.404749E+02  4.698406E+02
  5.000000E+00 -1.800000E+02    30  2.120705E+00  1.546607E+02 -1.916671E+00  9.076136E-01
  5.000000E+00 -1.350000E+02     1  1.746236E+02  1.729185E+01  1.667312E+02  5.190495E+01
  5.000000E+00 -1.350000E+02     2  1.084777E+02 -4.086409E+01  8.203777E+01 -7.097340E+01
  5.000000E+00 -1.350000E+02     3  1.302228E+02 -1.548308E+02 -1.178588E+02 -5.538285E+01
  5.000000E+00 -1.350000E+02     4  1.719168E+03  4.229869E+00  1.714485E+03  1.268026E+02
  5.000000E+00 -1.350000E+02     5  4.130220E+03 -1.540511E+02 -3.713829E+03 -1.807261E+03
  5.000000E+00 -1.350000E+02     6  1.109169E+02 -1.493017E+02 -9.537376E+01 -5.662509E+01
  5.000000E+00 -1.350000E+02     7  2.671771E+02 -1.653866E+02 -2.585339E+02 -6.740768E+01
  5.000000E+00 -1.350000E+02     8  7.338467E+01  4.105814E+01  5.533524E+01  4.820084E+01
  5.000000E+00 -1.350000E+02     9  6.737150E+00 -1.728891E+02 -6.685330E+00 -8.339958E-01
  5.000000E+00 -1.350000E+02    10  4.842066E+02  3.978510E+01  3.720886E+02  3.098486E+02
  5.000000E+00 -1.350000E+02    11  1.757174E+03  1.277320E+01  1.713689E+03  3.884979E+02
  5.000000E+00 -1.350000E+02    12  1.824460E+00 -1.496039E+02 -1.573683E+00 -9.231325E-01
  5.000000E+00 -1.350000E+02    13  1.265213E+02  1.246723E+02 -7.197578E+01  1.040535E+02
  5.000000E+00 -1.350000E+02    14  2.012142E+02 -6.433079E+01  8.716094E+01 -1.813564E+02
  5.000000E+00 -1.350000E+02    15  5.029460E+00  9.196671E+01 -1.726053E-01  5.026498E+00
  5.000000E+00 -1.350000E+02    16  1.145639E+03 -6.354611E+01  5.103563E+02 -1.025683E+03
  5.000000E+00 -1.350000E+02    17  1.531044E+03 -6.540871E+01  6.371326E+02 -1.392177E+03
  5.000000E+00 -1.350000E+02    18  1.931214E+01 -6.500552E+01  8.159973E+00 -1.750353E+01
  5.000000E+00 -1.350000E+02    19  4.095137E+02 -1.561920E+02 -3.746654E+02 -1.653098E+02
  5.000000E+00 -1.350000E+02    20  2.436909E+02 -1.388251E+02 -1.834271E+02 -1.604361E+02
  5.000000E+00 -1.350000E+02    21  2.950817E+01  1.709109E+01  2.820505E+01  8.672205E+00
  5.000000E+00 -1.350000E+02    22  1.806508E+03 -1.786606E+02 -1.806015E+03 -4.222585E+01
  5.000000E+00 -1.350000E+02    23  4.719148E+03  1.443928E+01  4.570082E+03  1.176738E+03
  5.000000E+00 -1.350000E+02    24  1.364680E+04  2.839117E+01  1.200539E+04  6.488900E+03
  5.000000E+00 -1.350000E+02    25  3.456657E+01 -1.269517E+02 -2.077938E+01 -2.762363E+01
  5.000000E+00 -1.350000E+02    26  6.309242E+01 -1.081392E+02 -1.964239E+01 -5.995690E+01
  5.000000E+00 -1.350000E+02    27  1.035736E+00 -1.556761E+01  9.977390E-01 -2.779658E-01
  5.000000E+00 -1.350000E+02    28  3.144953E+02 -1.081597E+02 -9.801759E+01 -2.988308E+02
  5.000000E+00 -1.350000E+02    29  1.733455E+02  5.392297E+01  1.020784E+02  1.401023E+02
  5.000000E+00 -1.350000E+02    30  2.207515E+00  1.625872E+02 -2.106353E+00  6.606075E-01
  5.000000E+00 -9.000000E+01     1  3.083891E+02 -8.620341E+00  3.049053E+02 -4.622332E+01
  5.000000E+00 -9.000000E+01     2  2.465179E+02 -6.191139E+01  1.160696E+02 -2.174831E+02
  5.000000E+00 -9.000000E+01     3  1.533167E+02  1.712400E+02 -1.515282E+02  2.334945E+01
  5.000000E+00 -9.000000E+01     4  2.708097E+03 -3.368340E+01  2.253448E+03 -1.501920E+03
  5.000000E+00 -9.000000E+01     5  5.583869E+03  1.730834E+02 -5.543232E+03  6.724354E+02
  5.000000E+00 -9.000000E+01     6  1.394692E+02  1.754005E+02 -1.390200E+02  1.118396E+01
  5.000000E+00 -9.000000E+01     7  2.347083E+02  1.721924E+02 -2.325325E+02  3.188448E+01
  5.000000E+00 -9.000000E+01     8  1.083138E+02  1.374611E+02 -7.980762E+01  7.323000E+01
  5.000000E+00 -9.000000E+01     9  6.641579E+00 -1.739904E+02 -6.605080E+00 -6.953380E-01
  5.000000E+00 -9.000000E+01    10  6.312776E+02  1.332014E+02 -4.321507E+02  4.601707E+02
  5.000000E+00 -9.000000E+01    11  1.537667E+03 -4.176691E-01  1.537626E+03 -1.120904E+01
  5.000000E+00 -9.000000E+01    12  1.480312E+01  1.440805E+02 -1.198819E+01  8.684216E+00
  5.000000E+00 -9.000000E+01    13  2.288635E+02  1.706654E+02 -2.258329E+02  3.712161E+01
  5.000000E+00 -9.000000E+01    14  1.059033E+02 -2.321489E+01  9.732858E+01 -4.174502E+01
  5.000000E+00 -9.000000E+01    15  7.620385E+00  1.639618E+02 -7.323783E+00  2.105345E+00
  5.000000E+00 -9.000000E+01    16  5.923571E+02 -2.313886E+01  5.447051E+02 -2.327732E+02
  5.000000E+00 -9.000000E+01    17  2.114128E+03 -5.485597E+00  2.104446E+03 -2.021012E+02
  5.000000E+00 -9.000000E+01    18  1.456502E+01  2.894979E+00  1.454643E+01  7.356126E-01
  5.000000E+00 -9.000000E+01    19  5.365112E+02  1.738552E+02 -5.334288E+02  5.742867E+01
  5.000000E+00 -9.000000E+01    20  2.479741E+02  1.744227E+02 -2.468002E+02  2.410049E+01
  5.000000E+00 -9.000000E+01    21  4.849016E+01 -2.654380E+01  4.337896E+01 -2.166937E+01
  5.000000E+00 -9.000000E+01    22  2.564261E+02  5.272391E+01  1.553062E+02  2.040450E+02
  5.000000E+00 -9.000000E+01    23  8.216573E+03 -8.994823E+00  8.115529E+03 -1.284622E+03
  5.000000E+00 -9.000000E+01    24  1.574117E+04 -1.313896E+01  1.532909E+04 -3.578181E+03
  5.000000E+00 -9.000000E+01    25  2.628809E+01  9.010147E+01 -4.655585E-02  2.628805E+01
  5.000000E+00 -9.000000E+01    26  7.723884E+01 -9.688576E+01 -9.260164E+00 -7.668173E+01
  5.000000E+00 -9.000000E+01    27  1.090792E+00 -1.055601E+00  1.090607E+00 -2.009530E-02
  5.000000E+00 -9.000000E+01    28  3.842799E+02 -9.687078E+01 -4.597158E+01 -3.815202E+02
  5.000000E+00 -9.000000E+01    29  1.255909E+02 -9.053983E+01 -1.183270E+00 -1.255853E+02
  5.000000E+00 -9.000000E+01    30  2.604740E+00  1.772334E+02 -2.601704E+00  1.257240E-01
  5.000000E+00 -4.500000E+01     1  1.175359E+02 -1.215773E+02 -6.154750E+01 -1.001329E+02
  5.000000E+00 -4.500000E+01     2  2.806921E+02 -1.099758E+02 -9.589115E+01 -2.638047E+02
  5.000000E+00 -4.500000E+01     3  1.261360E+02  6.220350E+01  5.882132E+01  1.115811E+02
  5.000000E+00 -4.500000E+01     4  2.959677E+03 -1.130252E+02 -1.157638E+03 -2.723887E+03
  5.000000E+00 -4.500000E+01     5  3.653700E+03  6.250249E+01  1.686950E+03  3.240945E+03
  5.000000E+00 -4.500000E+01     6  1.093270E+02  6.659203E+01  4.343293E+01  1.003293E+02
  5.000000E+00 -4.500000E+01     7  4.187301E+01 -1.379131E+02 -3.107519E+01 -2.806566E+01
  5.000000E+00 -4.500000E+01     8  1.732734E+02 -1.669017E+02 -1.687653E+02 -3.926747E+01
  5.000000E+00 -4.500000E+01     9  3.892551E+00 -4.224006E+01  2.881791E+00 -2.616722E+00
  5.000000E+00 -4.500000E+01    10  1.029445E+03 -1.684232E+02 -1.008503E+03 -2.065901E+02
  5.000000E+00 -4.500000E+01    11  3.170006E+02  1.116982E+02 -1.172006E+02  2.945393E+02
  5.000000E+00 -4.500000E+01    12  1.147791E+01 -1.725370E+02 -1.138068E+01 -1.490819E+00
  5.000000E+00 -4.500000E+01    13  2.484032E+02  1.032164E+02 -5.679211E+01  2.418239E+02
  5.000000E+00 -4.500000E+01    14  3.354106E+01  1.112310E+02 -1.214619E+01  3.126456E+01
  5.000000E+00 -4.500000E+01    15  7.669111E+00  1.032348E+02 -1.755787E+00  7.465419E+00
  5.000000E+00 -4.500000E+01    16  2.202441E+02  1.107159E+02 -7.790797E+01  2.060044E+02
  5.000000E+00 -4.500000E+01    17  2.135234E+03 -7.534299E+01  5.402830E+02 -2.065749E+03
  5.000000E+00 -4.500000E+01    18  4.755414E+00 -1.174915E+02 -2.195179E+00 -4.218430E+00
  5.000000E+00 -4.500000E+01    19  4.291279E+02  6.317493E+01  1.936517E+02  3.829488E+02
  5.000000E+00 -4.500000E+01    20  1.980078E+02  5.427157E+01  1.156255E+02  1.607415E+02
  5.000000E+00 -4.500000E+01    21  2.389433E+01  1.661953E+02 -2.320413E+01  5.701507E+00
  5.000000E+00 -4.500000E+01    22  1.737656E+03 -1.287441E+01  1.693973E+03 -3.871753E+02
  5.000000E+00 -4.500000E+01    23  5.213788E+03 -1.228392E+02 -2.827349E+03 -4.380603E+03
  5.000000E+00 -4.500000E+01    24  1.232951E+04 -1.179639E+02 -5.781489E+03 -1.088996E+04
  5.000000E+00 -4.500000E+01    25  8.165585E+01  8.464252E+01  7.624157E+00  8.129913E+01
  5.000000E+00 -4.500000E+01    26  6.564488E+01 -9.405334E+01 -4.640121E+00 -6.548068E+01
  5.000000E+00 -4.500000E+01    27  5.042909E-01  2.394069E+01  4.609047E-01  2.046366E-01
  5.000000E+00 -4.500000E+01    28  3.261943E+02 -9.405708E+01 -2.307830E+01 -3.253769E+02
  5.000000E+00 -4.500000E+01    29  4.001642E+02 -9.551552E+01 -3.846193E+01 -3.983115E+02
  5.000000E+00 -4.500000E+01    30  1.324903E+00 -1.611300E+02 -1.253696E+00 -4.285026E-01
  5.000000E+00  0.000000E+00     1  1.724469E+02 -9.236289E+01 -7.109741E+00 -1.723003E+02
  5.000000E+00  0.000000E+00     2  3.736415E+01  6.281034E-01  3.736191E+01  4.095953E-01
  5.000000E+00  0.000000E+00     3  3.760862E+01  1.746904E+02 -3.744725E+01  3.480186E+00
  5.000000E+00  0.000000E+00     4  5.724422E+02  2.077841E+00  5.720658E+02  2.075516E+01
  5.000000E+00  0.000000E+00     5  1.544052E+03  1.300232E+02 -9.929754E+02  1.182411E+03
  5.000000E+00  0.000000E+00     6  3.327719E+01  1.688852E+02 -3.265301E+01  6.415017E+00
  5.000000E+00  0.000000E+00     7  1.813016E+02 -4.857731E+00  1.806504E+02 -1.535296E+01
  5.000000E+00  0.000000E+00     8  1.510328E+02  1.793928E+02 -1.510243E+02  1.600590E+00
  5.000000E+00  0.000000E+00     9  1.018723E+01 -2.657953E+01  9.110584E+00 -4.558170E+00
  5.000000E+00  0.000000E+00    10  9.752562E+02  1.773728E+02 -9.742311E+02  4.470233E+01
  5.000000E+00  0.000000E+00    11  1.493438E+03  1.736956E+02 -1.484406E+03  1.639950E+02
  5.000000E+00  0.000000E+00    12  5.024830E+00 -9.752699E+01 -6.582185E-01 -4.981532E+00
  5.000000E+00  0.000000E+00    13  2.046339E+02 -1.305318E+01  1.993463E+02 -4.621764E+01
  5.000000E+00  0.000000E+00    14  1.451808E+02  6.598379E-01  1.451712E+02  1.671915E+00
  5.000000E+00  0.000000E+00    15  8.758554E+00 -2.668302E+01  7.825808E+00 -3.933065E+00
  5.000000E+00  0.000000E+00    16  8.818320E+02  2.980331E-01  8.818201E+02  4.586969E+00
  5.000000E+00  0.000000E+00    17  1.997885E+03  1.587912E+02 -1.862565E+03  7.227687E+02
  5.000000E+00  0.000000E+00    18  6.022904E+00  7.031287E+01  2.029019E+00  5.670842E+00
  5.000000E+00  0.000000E+00    19  1.187777E+02  1.609996E+02 -1.123062E+02  3.867110E+01
  5.000000E+00  0.000000E+00    20  9.191760E+01  1.600534E+02 -8.640355E+01  3.135718E+01
  5.000000E+00  0.000000E+00    21  1.489663E+02 -4.172733E+01  1.111767E+02 -9.914997E+01
  5.000000E+00  0.000000E+00    22  2.287934E+02  1.560018E+02 -2.090162E+02  9.305191E+01
  5.000000E+00  0.000000E+00    23  1.566072E+03  7.693178E+01  3.541063E+02  1.525513E+03
  5.000000E+00  0.000000E+00    24  3.289158E+03 -1.419038E-01  3.289148E+03 -8.146211E+00
  5.000000E+00  0.000000E+00    25  9.536682E+01  5.052824E+01  6.062448E+01  7.361727E+01
  5.000000E+00  0.000000E+00    26  8.919117E-01  3.938834E+01  6.893254E-01  5.659833E-01
  5.000000E+00  0.000000E+00    27  7.262508E-01  4.992436E+01  4.675591E-01  5.557237E-01
  5.000000E+00  0.000000E+00    28  5.264517E+00  4.568990E+01  3.677483E+00  3.767128E+00
  5.000000E+00  0.000000E+00    29  4.725797E+02 -1.295109E+02 -3.006668E+02 -3.645970E+02
  5.000000E+00  0.000000E+00    30  1.719106E+00 -1.290272E+02 -1.082502E+00 -1.335483E+00
  5.000000E+00  4.500000E+01     1  1.018047E+02 -2.534674E+00  1.017051E+02 -4.502209E+00
  5.000000E+00  4.500000E+01     2  1.030098E+02  5.294112E+01  6.207736E+01  8.220354E+01
  5.000000E+00  4.500000E+01     3  6.546139E+01  1.125883E+02 -2.514415E+01  6.043976E+01
  5.000000E+00  4.500000E+01     4  6.466556E+02 -7.883939E+00  6.405433E+02 -8.869972E+01
  5.000000E+00  4.500000E+01     5  1.915294E+03  1.214968E+02 -1.000647E+03  1.633112E+03
  5.000000E+00  4.500000E+01     6  5.731930E+01  9.971472E+01 -9.672215E+00  5.649735E+01
  5.000000E+00  4.500000E+01     7  2.213419E+02  1.018617E+02 -4.549679E+01  2.166155E+02
  5.000000E+00  4.500000E+01     8  4.077441E+01 -7.385302E+01  1.133946E+01 -3.916592E+01
  5.000000E+00  4.500000E+01     9  8.999130E+00  1.015173E+02 -1.796799E+00  8.817928E+00
  5.000000E+00  4.500000E+01    10  3.291714E+02 -7.787212E+01  6.915706E+01 -3.218247E+02
  5.000000E+00  4.500000E+01    11  1.606340E+03 -7.792985E+01  3.359004E+02 -1.570828E+03
  5.000000E+00  4.500000E+01    12  7.958307E+00  7.174760E+01  2.492569E+00  7.557893E+00
  5.000000E+00  4.500000E+01    13  8.248026E+01 -1.406131E+02 -6.374722E+01 -5.233819E+01
  5.000000E+00  4.500000E+01    14  1.724584E+02  1.279790E+01  1.681741E+02  3.820176E+01
  5.000000E+00  4.500000E+01    15  3.584383E+00 -3.799011E+01  2.824913E+00 -2.206279E+00
  5.000000E+00  4.500000E+01    16  1.012563E+03  1.132465E+01  9.928489E+02  1.988351E+02
  5.000000E+00  4.500000E+01    17  8.519462E+02  5.825697E+01  4.482179E+02  7.245089E+02
  5.000000E+00  4.500000E+01    18  1.102309E+01  1.598163E+01  1.059705E+01  3.034980E+00
  5.000000E+00  4.500000E+01    19  2.295141E+02  1.040160E+02 -5.558678E+01  2.226810E+02
  5.000000E+00  4.500000E+01    20  1.510990E+02  9.643414E+01 -1.693230E+01  1.501473E+02
  5.000000E+00  4.500000E+01    21  6.419599E+01  4.632370E+01  4.433268E+01  4.642994E+01
  5.000000E+00  4.500000E+01    22  1.709752E+03  1.562630E+02 -1.565111E+03  6.882430E+02
  5.000000E+00  4.500000E+01    23  2.109613E+03 -5.640549E+01  1.167274E+03 -1.757253E+03
  5.000000E+00  4.500000E+01    24  7.171438E+03 -7.090969E+01  2.345477E+03 -6.777040E+03
  5.000000E+00  4.500000E+01    25  8.018389E+01  8.483125E+01  7.223714E+00  7.985784E+01
  5.000000E+00  4.500000E+01    26  6.750188E+01  8.541164E+01  5.399908E+00  6.728555E+01
  5.000000E+00  4.500000E+01    27  5.931891E-01  1.313461E+01  5.776706E-01  1.347960E-01
  5.000000E+00  4.500000E+01    28  3.367189E+02  8.541635E+01  2.690872E+01  3.356420E+02
  5.000000E+00  4.500000E+01    29  4.002118E+02 -9.527756E+01 -3.681169E+01 -3.985152E+02
  5.000000E+00  4.500000E+01    30  1.242519E+00 -1.611999E+02 -1.176229E+00 -4.004238E-01
  5.000000E+00  9.000000E+01     1  3.631693E+02  2.007519E+01  3.411042E+02  1.246590E+02
  5.000000E+00  9.000000E+01     2  3.543995E+02  4.963160E+01  2.295445E+02  2.700154E+02
  5.000000E+00  9.000000E+01     3  1.840063E+02 -1.581059E+02 -1.707348E+02 -6.861440E+01
  5.000000E+00  9.000000E+01     4  3.884810E+03  3.657059E+01  3.119982E+03  2.314620E+03
  5.000000E+00  9.000000E+01     5  6.501000E+03 -1.606293E+02 -6.132994E+03 -2.156243E+03
  5.000000E+00  9.000000E+01     6  1.597484E+02 -1.617754E+02 -1.517350E+02 -4.996023E+01
  5.000000E+00  9.000000E+01     7  1.902280E+02  1.635895E+02 -1.824785E+02  5.374260E+01
  5.000000E+00  9.000000E+01     8  1.015727E+02  1.569239E+02 -9.344538E+01  3.981169E+01
  5.000000E+00  9.000000E+01     9  8.816888E+00  1.636443E+02 -8.460084E+00  2.482838E+00
  5.000000E+00  9.000000E+01    10  5.347180E+02  1.578931E+02 -4.954073E+02  2.012334E+02
  5.000000E+00  9.000000E+01    11  1.371604E+03 -2.058042E+01  1.284067E+03 -4.821485E+02
  5.000000E+00  9.000000E+01    12  1.525956E+01  1.771776E+02 -1.524105E+01  7.513855E-01
  5.000000E+00  9.000000E+01    13  2.632595E+02  1.658445E+02 -2.552657E+02  6.438127E+01
  5.000000E+00  9.000000E+01    14  1.098554E+02 -4.058139E+01  8.343324E+01 -7.146395E+01
  5.000000E+00  9.000000E+01    15  5.780922E+00 -1.735155E+02 -5.743937E+00 -6.528696E-01
  5.000000E+00  9.000000E+01    16  6.340132E+02 -4.193790E+01  4.716232E+02 -4.237267E+02
  5.000000E+00  9.000000E+01    17  2.068183E+03 -1.619695E+01  1.986094E+03 -5.768988E+02
  5.000000E+00  9.000000E+01    18  1.305438E+01 -4.503044E+01  9.225935E+00 -9.235743E+00
  5.000000E+00  9.000000E+01    19  5.995869E+02 -1.638535E+02 -5.759355E+02 -1.667413E+02
  5.000000E+00  9.000000E+01    20  3.184386E+02 -1.570059E+02 -2.931370E+02 -1.243938E+02
  5.000000E+00  9.000000E+01    21  7.834483E+01  4.088111E+01  5.923412E+01  5.127602E+01
  5.000000E+00  9.000000E+01    22  6.591578E+02 -1.437802E+02 -5.317797E+02 -3.894861E+02
  5.000000E+00  9.000000E+01    23  9.502628E+03  1.873143E+01  8.999314E+03  3.051604E+03
  5.000000E+00  9.000000E+01    24  1.963609E+04  2.508499E+01  1.778401E+04  8.324960E+03
  5.000000E+00  9.000000E+01    25  2.505826E+01  9.150420E+01 -6.577821E-01  2.504963E+01
  5.000000E+00  9.000000E+01    26  7.800748E+01  8.347488E+01  8.864685E+00  7.750215E+01
  5.000000E+00  9.000000E+01    27  1.098150E+00 -5.294824E+00  1.093465E+00 -1.013380E-01
  5.000000E+00  9.000000E+01    28  3.885131E+02  8.345962E+01  4.425296E+01  3.859846E+02
  5.000000E+00  9.000000E+01    29  1.280553E+02 -8.961844E+01  8.527858E-01 -1.280525E+02
  5.000000E+00  9.000000E+01    30  2.594412E+00  1.764894E+02 -2.589544E+00  1.588625E-01
  5.000000E+00  1.350000E+02     1  2.210239E+02  7.120645E+01  7.120486E+01  2.092401E+02
  5.000000E+00  1.350000E+02     2  3.040972E+02  6.660992E+01  1.207232E+02  2.791075E+02
  5.000000E+00  1.350000E+02     3  1.544662E+02 -1.167108E+02 -6.943056E+01 -1.379826E+02
  5.000000E+00  1.350000E+02     4  3.424751E+03  6.485503E+01  1.455212E+03  3.100207E+03
  5.000000E+00  1.350000E+02     5  4.918573E+03 -1.157170E+02 -2.134299E+03 -4.431379E+03
  5.000000E+00  1.350000E+02     6  1.361724E+02 -1.196958E+02 -6.745908E+01 -1.182886E+02
  5.000000E+00  1.350000E+02     7  6.944939E+01  1.293879E+02 -4.407029E+01  5.367520E+01
  5.000000E+00  1.350000E+02     8  1.994833E+02  1.150989E+02 -8.461732E+01  1.806475E+02
  5.000000E+00  1.350000E+02     9  6.191307E+00  9.424615E+01 -4.584141E-01  6.174313E+00
  5.000000E+00  1.350000E+02    10  1.113056E+03  1.150273E+02 -4.708777E+02  1.008548E+03
  5.000000E+00  1.350000E+02    11  4.911967E+02 -7.302229E+01  1.434292E+02 -4.697895E+02
  5.000000E+00  1.350000E+02    12  1.817492E+01  1.212409E+02 -9.426194E+00  1.553945E+01
  5.000000E+00  1.350000E+02    13  2.941520E+02 -1.664959E+02 -2.860197E+02 -6.868884E+01
  5.000000E+00  1.350000E+02    14  6.760950E+01 -1.383208E+02 -5.049614E+01 -4.495760E+01
  5.000000E+00  1.350000E+02    15  5.964876E+00 -1.747672E+02 -5.940016E+00 -5.440149E-01
  5.000000E+00  1.350000E+02    16  4.029792E+02 -1.402017E+02 -3.096097E+02 -2.579420E+02
  5.000000E+00  1.350000E+02    17  2.278163E+03  1.086215E+01  2.237346E+03  4.293121E+02
  5.000000E+00  1.350000E+02    18  2.539258E+00 -1.413962E+02 -1.984378E+00 -1.584323E+00
  5.000000E+00  1.350000E+02    19  4.803381E+02 -1.191585E+02 -2.340338E+02 -4.194673E+02
  5.000000E+00  1.350000E+02    20  2.670427E+02 -1.154158E+02 -1.146104E+02 -2.411975E+02
  5.000000E+00  1.350000E+02    21  7.555285E+01  9.758853E+01 -9.977363E+00  7.489116E+01
  5.000000E+00  1.350000E+02    22  1.663828E+03 -2.022663E+01  1.561224E+03 -5.752426E+02
  5.000000E+00  1.350000E+02    23  5.763410E+03  6.619270E+01  2.326469E+03  5.272992E+03
  5.000000E+00  1.350000E+02    24  1.516685E+04  6.081458E+01  7.395927E+03  1.324136E+04
  5.000000E+00  1.350000E+02    25  3.546584E+01 -1.272613E+02 -2.147281E+01 -2.822666E+01
  5.000000E+00  1.350000E+02    26  6.236864E+01  7.256207E+01  1.869016E+01  5.950231E+01
  5.000000E+00  1.350000E+02    27  8.922579E-01 -1.970003E+01  8.400344E-01 -3.007763E-01
  5.000000E+00  1.350000E+02    28  3.101852E+02  7.259273E+01  9.279560E+01  2.959795E+02
  5.000000E+00  1.350000E+02    29  1.711210E+02  5.294770E+01  1.031079E+02  1.365692E+02
  5.000000E+00  1.350000E+02    30  2.287692E+00  1.616609E+02 -2.171502E+00  7.198014E-01
  5.000000E+00  1.800000E+02     1  1.806290E+02  2.234797E+00  1.804916E+02  7.043570E+00
  5.000000E+00  1.800000E+02     2  1.505768E+02 -4.157406E+01  1.126463E+02 -9.992088E+01
  5.000000E+00  1.800000E+02     3  1.403689E+02  1.405640E+02 -1.084117E+02  8.916457E+01
  5.000000E+00  1.800000E+02     4  2.352973E+03 -4.199544E+01  1.748725E+03 -1.574307E+03
  5.000000E+00  1.800000E+02     5  4.274906E+03  1.517671E+02 -3.766328E+03  2.022274E+03
  5.000000E+00  1.800000E+02     6  1.219044E+02  1.414441E+02 -9.532930E+01  7.598035E+01
  5.000000E+00  1.800000E+02     7  2.170468E+01 -2.210715E+01  2.010899E+01 -8.168335E+00
  5.000000E+00  1.800000E+02     8  1.767482E+02  1.482967E+02 -1.503739E+02  9.288491E+01
  5.000000E+00  1.800000E+02     9  5.780499E+00  9.656886E+01 -6.612725E-01  5.742550E+00
  5.000000E+00  1.800000E+02    10  1.012381E+03  1.508126E+02 -8.838384E+02  4.937047E+02
  5.000000E+00  1.800000E+02    11  1.589994E+02 -1.770511E+02 -1.587888E+02 -8.179885E+00
  5.000000E+00  1.800000E+02    12  1.518519E+01  1.264561E+02 -9.023148E+00  1.221364E+01
  5.000000E+00  1.800000E+02    13  4.106387E+01  6.235620E+01  1.905255E+01  3.637640E+01
  5.000000E+00  1.800000E+02    14  1.795623E+02 -3.262999E+01  1.512220E+02 -9.682207E+01
  5.000000E+00  1.800000E+02    15  4.941571E+00  9.616705E+01 -5.308614E-01  4.912974E+00
  5.000000E+00  1.800000E+02    16  1.045515E+03 -3.209515E+01  8.857258E+02 -5.555103E+02
  5.000000E+00  1.800000E+02    17  8.338839E+02 -9.799445E+01 -1.159742E+02 -8.257798E+02
  5.000000E+00  1.800000E+02    18  1.637695E+01 -5.573869E+01  9.219699E+00 -1.353520E+01
  5.000000E+00  1.800000E+02    19  4.776421E+02  1.457033E+02 -3.945948E+02  2.691410E+02
  5.000000E+00  1.800000E+02    20  2.342231E+02  1.467052E+02 -1.957771E+02  1.285760E+02
  5.000000E+00  1.800000E+02    21  8.655195E+01  6.085835E+01  4.214824E+01  7.559607E+01
  5.000000E+00  1.800000E+02    22  2.143985E+02  1.618772E+02 -2.037627E+02  6.668948E+01
  5.000000E+00  1.800000E+02    23  6.348707E+03 -5.863733E+01  3.304206E+03 -5.421098E+03
  5.000000E+00  1.800000E+02    24  1.434323E+04 -4.135279E+01  1.076683E+04 -9.476479E+03
  5.000000E+00  1.800000E+02    25  9.920404E+01 -1.068606E+02 -2.877354E+01 -9.493958E+01
  5.000000E+00  1.800000E+02    26  8.633804E-01 -1.549379E+02 -7.820923E-01 -3.657284E-01
  5.000000E+00  1.800000E+02    27  9.108162E-01 -2.440730E+01  8.294175E-01 -3.763679E-01
  5.000000E+00  1.800000E+02    28  5.184485E+00 -1.462956E+02 -4.313034E+00 -2.876912E+00
  5.000000E+00  1.800000E+02    29  4.903910E+02  7.335418E+01  1.404748E+02  4.698405E+02
  5.000000E+00  1.800000E+02    30  2.120709E+00  1.546609E+02 -1.916676E+00  9.076118E-01
  6.000000E+00 -1.800000E+02     1  1.392529E+02  9.504723E+01 -1.225102E+01  1.387129E+02
  6.000000E+00 -1.800000E+02     2  1.745036E+02  7.337261E+01  4.993358E+01  1.672069E+02
  6.000000E+00 -1.800000E+02     3  1.592080E+02 -1.057861E+02 -4.331204E+01 -1.532033E+02
  6.000000E+00 -1.800000E+02     4  2.721416E+03  7.248940E+01  8.188259E+02  2.595309E+03
  6.000000E+00 -1.800000E+02     5  4.474155E+03 -1.005988E+02 -8.229342E+02 -4.397823E+03
  6.000000E+00 -1.800000E+02     6  1.397496E+02 -1.058424E+02 -3.815058E+01 -1.344414E+02
  6.000000E+00 -1.800000E+02     7  1.217811E+02 -1.082526E+02 -3.814274E+01 -1.156537E+02
  6.000000E+00 -1.800000E+02     8  1.950135E+02  5.649596E+01  1.076466E+02  1.626114E+02
  6.000000E+00 -1.800000E+02     9  5.542348E+00 -3.373226E+01  4.609247E+00 -3.077737E+00
  6.000000E+00 -1.800000E+02    10  1.351352E+03  5.917129E+01  6.925319E+02  1.160411E+03
  6.000000E+00 -1.800000E+02    11  1.046957E+03  7.238564E+01  3.168183E+02  9.978699E+02
  6.000000E+00 -1.800000E+02    12  3.330912E+01  3.548230E+01  2.712345E+01  1.933433E+01
  6.000000E+00 -1.800000E+02    13  1.050554E+02 -6.597131E+01  4.277792E+01 -9.595146E+01
  6.000000E+00 -1.800000E+02    14  1.956950E+02 -1.237180E+02 -1.086316E+02 -1.627751E+02
  6.000000E+00 -1.800000E+02    15  4.756204E+00 -3.927616E+01  3.681795E+00 -3.010957E+00
  6.000000E+00 -1.800000E+02    16  1.364370E+03 -1.222470E+02 -7.279880E+02 -1.153923E+03
  6.000000E+00 -1.800000E+02    17  1.280094E+03  1.491831E+02 -1.099356E+03  6.557867E+02
  6.000000E+00 -1.800000E+02    18  3.511197E+01 -1.437750E+02 -2.832492E+01 -2.074968E+01
  6.000000E+00 -1.800000E+02    19  4.373033E+02 -9.628606E+01 -4.788148E+01 -4.346741E+02
  6.000000E+00 -1.800000E+02    20  3.404893E+02 -1.175018E+02 -1.572298E+02 -3.020129E+02
  6.000000E+00 -1.800000E+02    21  1.388613E+02  3.508009E+01  1.136371E+02  7.980652E+01
  6.000000E+00 -1.800000E+02    22  5.187706E+02 -1.382012E+02 -3.867381E+02 -3.457696E+02
  6.000000E+00 -1.800000E+02    23  5.835665E+03  1.097075E+02 -1.967894E+03  5.493849E+03
  6.000000E+00 -1.800000E+02    24  1.621811E+04  7.364879E+01  4.565795E+03  1.556215E+04
  6.000000E+00 -1.800000E+02    25  9.936668E+01 -1.143762E+02 -4.101125E+01 -9.050865E+01
  6.000000E+00 -1.800000E+02    26  9.882199E-01 -8.402379E+01  1.028891E-01 -9.828491E-01
  6.000000E+00 -1.800000E+02    27  6.732430E-01  1.895065E+01  6.367524E-01  2.186381E-01
  6.000000E+00 -1.800000E+02    28  6.874589E+00 -9.014136E+01 -1.696014E-02 -6.874568E+00
  6.000000E+00 -1.800000E+02    29  5.677354E+02  6.576253E+01  2.330664E+02  5.176906E+02
  6.000000E+00 -1.800000E+02    30  1.889667E+00 -1.624826E+02 -1.802034E+00 -5.687820E-01
  6.000000E+00 -1.350000E+02     1  1.848063E+02  1.106650E+02 -6.521888E+01  1.729158E+02
  6.000000E+00 -1.350000E+02     2  1.067260E+02  3.328945E+01  8.921317E+01  5.857859E+01
  6.000000E+00 -1.350000E+02     3  1.251547E+02 -4.726763E+01  8.492685E+01 -9.193008E+01
  6.000000E+00 -1.350000E+02     4  1.266526E+03  9.464256E+01 -1.025119E+02  1.262371E+03
  6.000000E+00 -1.350000E+02     5  4.096021E+03 -5.109320E+01  2.572529E+03 -3.187395E+03
  6.000000E+00 -1.350000E+02     6  1.185645E+02 -3.889655E+01  9.227652E+01 -7.444858E+01
  6.000000E+00 -1.350000E+02     7  2.821322E+02  4.333978E+01  2.051937E+02  1.936339E+02
  6.000000E+00 -1.350000E+02     8  2.164253E+01 -7.871748E+01  4.234294E+00 -2.122428E+01
  6.000000E+00 -1.350000E+02     9  1.125347E+01  4.393690E+01  8.103671E+00  7.808394E+00
  6.000000E+00 -1.350000E+02    10  2.021801E+02 -7.341547E+01  5.770821E+01 -1.937694E+02
  6.000000E+00 -1.350000E+02    11  2.082490E+03 -1.372852E+02 -1.530087E+03 -1.412656E+03
  6.000000E+00 -1.350000E+02    12  7.654697E+00  1.321629E+02 -5.138146E+00  5.673961E+00
  6.000000E+00 -1.350000E+02    13  1.657106E+02  1.586004E+02 -1.542863E+02  6.046281E+01
  6.000000E+00 -1.350000E+02    14  2.455392E+02 -2.091789E+01  2.293565E+02 -8.766482E+01
  6.000000E+00 -1.350000E+02    15  6.702181E+00  1.314203E+02 -4.434014E+00  5.025809E+00
  6.000000E+00 -1.350000E+02    16  1.692839E+03 -2.030862E+01  1.587607E+03 -5.875452E+02
  6.000000E+00 -1.350000E+02    17  2.191393E+03 -2.993988E+01  1.898951E+03 -1.093704E+03
  6.000000E+00 -1.350000E+02    18  3.754986E+01 -2.372376E+01  3.437674E+01 -1.510734E+01
  6.000000E+00 -1.350000E+02    19  3.227816E+02 -4.224229E+01  2.389580E+02 -2.169955E+02
  6.000000E+00 -1.350000E+02    20  3.001338E+02 -4.120380E+01  2.258120E+02 -1.977099E+02
  6.000000E+00 -1.350000E+02    21  9.291194E+01  6.982797E+01  3.203975E+01  8.721286E+01
  6.000000E+00 -1.350000E+02    22  1.532545E+03 -1.352790E+01  1.490027E+03 -3.584911E+02
  6.000000E+00 -1.350000E+02    23  2.387995E+03  1.112191E+02 -8.642979E+02  2.226097E+03
  6.000000E+00 -1.350000E+02    24  1.242079E+04  1.343488E+02 -8.682438E+03  8.882077E+03
  6.000000E+00 -1.350000E+02    25  7.444045E+01 -9.248921E+01 -3.233039E+00 -7.437021E+01
  6.000000E+00 -1.350000E+02    26  5.160036E+01 -1.339809E+02 -3.583226E+01 -3.713013E+01
  6.000000E+00 -1.350000E+02    27  6.931376E-01 -7.625303E+00  6.870082E-01 -9.197527E-02
  6.000000E+00 -1.350000E+02    28  2.986304E+02 -1.336626E+02 -2.061776E+02 -2.160345E+02
  6.000000E+00 -1.350000E+02    29  4.287612E+02  8.756563E+01  1.821166E+01  4.283742E+02
  6.000000E+00 -1.350000E+02    30  1.796859E+00  1.709310E+02 -1.774396E+00  2.832294E-01
  6.000000E+00 -9.000000E+01     1  4.157853E+02 -3.044981E+01  3.584375E+02 -2.107131E+02
  6.000000E+00 -9.000000E+01     2  4.043397E+02 -7.278330E+01  1.196791E+02 -3.862221E+02
  6.000000E+00 -9.000000E+01     3  2.049897E+02  1.429050E+02 -1.635073E+02  1.236371E+02
  6.000000E+00 -9.000000E+01     4  4.556262E+03 -5.889597E+01  2.353736E+03 -3.901212E+03
  6.000000E+00 -9.000000E+01     5  7.411037E+03  1.481086E+02 -6.292346E+03  3.915336E+03
  6.000000E+00 -9.000000E+01     6  1.792267E+02  1.508270E+02 -1.564922E+02  8.736366E+01
  6.000000E+00 -9.000000E+01     7  2.204145E+02  3.688357E+01  1.763001E+02  1.322908E+02
  6.000000E+00 -9.000000E+01     8  1.010102E+02  1.094856E+01  9.917162E+01  1.918462E+01
  6.000000E+00 -9.000000E+01     9  9.902283E+00  4.671515E+01  6.789261E+00  7.208407E+00
  6.000000E+00 -9.000000E+01    10  7.170713E+02  7.277110E+00  7.112953E+02  9.083022E+01
  6.000000E+00 -9.000000E+01    11  1.627492E+03 -1.338330E+02 -1.127135E+03 -1.174010E+03
  6.000000E+00 -9.000000E+01    12  1.814270E+01  1.270798E+01  1.769827E+01  3.991070E+00
  6.000000E+00 -9.000000E+01    13  3.137291E+02 -7.225087E+01  9.564027E+01 -2.987957E+02
  6.000000E+00 -9.000000E+01    14  1.404865E+02  1.197407E+02 -6.969196E+01  1.219815E+02
  6.000000E+00 -9.000000E+01    15  1.165420E+01 -7.844593E+01  2.334249E+00 -1.141804E+01
  6.000000E+00 -9.000000E+01    16  9.627629E+02  1.201911E+02 -4.841598E+02  8.321669E+02
  6.000000E+00 -9.000000E+01    17  3.236537E+03  1.076707E+02 -9.824366E+02  3.083827E+03
  6.000000E+00 -9.000000E+01    18  2.538767E+01  1.280844E+02 -1.565965E+01  1.998272E+01
  6.000000E+00 -9.000000E+01    19  6.110518E+02  1.481430E+02 -5.190075E+02  3.225143E+02
  6.000000E+00 -9.000000E+01    20  4.871442E+02  1.331452E+02 -3.331335E+02  3.554314E+02
  6.000000E+00 -9.000000E+01    21  1.840757E+02 -3.718367E+01  1.466535E+02 -1.112502E+02
  6.000000E+00 -9.000000E+01    22  3.520575E+03  9.438757E+01 -2.693338E+02  3.510257E+03
  6.000000E+00 -9.000000E+01    23  7.641272E+03 -4.220086E+01  5.660613E+03 -5.132884E+03
  6.000000E+00 -9.000000E+01    24  2.118639E+04 -3.696732E+01  1.692747E+04 -1.274063E+04
  6.000000E+00 -9.000000E+01    25  1.405383E+01  9.820613E+01 -2.005970E+00  1.390993E+01
  6.000000E+00 -9.000000E+01    26  1.045680E+02 -1.060774E+02 -2.895861E+01 -1.004782E+02
  6.000000E+00 -9.000000E+01    27  4.770475E-01  1.036870E+01  4.692573E-01  8.585986E-02
  6.000000E+00 -9.000000E+01    28  6.047970E+02 -1.060628E+02 -1.673414E+02 -5.811852E+02
  6.000000E+00 -9.000000E+01    29  7.424073E+01 -8.189449E+01  1.046767E+01 -7.349908E+01
  6.000000E+00 -9.000000E+01    30  1.263799E+00 -1.696467E+02 -1.243222E+00 -2.271269E-01
  6.000000E+00 -4.500000E+01     1  1.676436E+02  1.500271E+02 -1.452232E+02  8.375327E+01
  6.000000E+00 -4.500000E+01     2  3.129049E+02  1.471399E+02 -2.628394E+02  1.697792E+02
  6.000000E+00 -4.500000E+01     3  1.493783E+02 -3.729027E+01  1.188419E+02 -9.050133E+01
  6.000000E+00 -4.500000E+01     4  3.585736E+03  1.466201E+02 -2.994237E+03  1.972828E+03
  6.000000E+00 -4.500000E+01     5  4.322255E+03 -3.394622E+01  3.585579E+03 -2.413610E+03
  6.000000E+00 -4.500000E+01     6  1.200481E+02 -3.049474E+01  1.034425E+02 -6.091952E+01
  6.000000E+00 -4.500000E+01     7  6.747659E+01  1.253652E+02 -3.905453E+01  5.502575E+01
  6.000000E+00 -4.500000E+01     8  2.860357E+02  1.590435E+02 -2.671151E+02  1.023033E+02
  6.000000E+00 -4.500000E+01     9  1.928318E+00 -1.313438E+02 -1.273801E+00 -1.447702E+00
  6.000000E+00 -4.500000E+01    10  2.050910E+03  1.585819E+02 -1.909275E+03  7.489330E+02
  6.000000E+00 -4.500000E+01    11  1.655128E+02 -8.614728E+01  1.112115E+01 -1.651387E+02
  6.000000E+00 -4.500000E+01    12  3.423319E+01  1.590858E+02 -3.197776E+01  1.222024E+01
  6.000000E+00 -4.500000E+01    13  3.211288E+02 -1.045922E+02 -8.090447E+01 -3.107703E+02
  6.000000E+00 -4.500000E+01    14  6.572041E+01 -1.188266E+02 -3.168780E+01 -5.757652E+01
  6.000000E+00 -4.500000E+01    15  1.170696E+01 -1.039904E+02 -2.830270E+00 -1.135969E+01
  6.000000E+00 -4.500000E+01    16  4.988290E+02 -1.189757E+02 -2.416518E+02 -4.363883E+02
  6.000000E+00 -4.500000E+01    17  3.115598E+03  7.360664E+01  8.793164E+02  2.988939E+03
  6.000000E+00 -4.500000E+01    18  3.537975E+00 -2.899372E+01  3.094571E+00 -1.714905E+00
  6.000000E+00 -4.500000E+01    19  4.857963E+02 -4.323393E+01  3.539332E+02 -3.327601E+02
  6.000000E+00 -4.500000E+01    20  3.095030E+02 -1.626305E+01  2.971186E+02 -8.667559E+01
  6.000000E+00 -4.500000E+01    21  5.605342E+01  1.421492E+02 -4.426040E+01  3.439481E+01
  6.000000E+00 -4.500000E+01    22  2.598452E+03  4.078290E+01  1.967522E+03  1.697295E+03
  6.000000E+00 -4.500000E+01    23  6.758772E+03  1.226504E+02 -3.646438E+03  5.690737E+03
  6.000000E+00 -4.500000E+01    24  1.473593E+04  1.458862E+02 -1.220025E+04  8.264470E+03
  6.000000E+00 -4.500000E+01    25  6.015096E+01  8.425708E+01  6.019017E+00  5.984905E+01
  6.000000E+00 -4.500000E+01    26  8.193285E+01 -1.195444E+02 -4.040092E+01 -7.127943E+01
  6.000000E+00 -4.500000E+01    27  5.114796E-01  1.745842E+01  4.879182E-01  1.534508E-01
  6.000000E+00 -4.500000E+01    28  4.741833E+02 -1.196613E+02 -2.346601E+02 -4.120491E+02
  6.000000E+00 -4.500000E+01    29  3.409665E+02 -9.572158E+01 -3.399245E+01 -3.392678E+02
  6.000000E+00 -4.500000E+01    30  1.560006E+00 -1.622644E+02 -1.485863E+00 -4.752170E-01
  6.000000E+00  0.000000E+00     1  2.065539E+02  1.697376E+02 -2.032495E+02  3.679883E+01
  6.000000E+00  0.000000E+00     2  1.865255E+02 -1.621161E+02 -1.775128E+02 -5.727999E+01
  6.000000E+00  0.000000E+00     3  1.803934E+02  1.698816E+01  1.725219E+02  5.270626E+01
  6.000000E+00  0.000000E+00     4  2.880587E+03 -1.627041E+02 -2.750333E+03 -8.564197E+02
  6.000000E+00  0.000000E+00     5  5.447298E+03  9.938846E+00  5.365548E+03  9.401870E+02
  6.000000E+00  0.000000E+00     6  1.598176E+02  1.578570E+01  1.537903E+02  4.347681E+01
  6.000000E+00  0.000000E+00     7  1.081338E+02  6.950076E+01  3.786793E+01  1.012864E+02
  6.000000E+00  0.000000E+00     8  2.092081E+02 -1.029454E+02 -4.686716E+01 -2.038909E+02
  6.000000E+00  0.000000E+00     9  7.983032E+00  3.517051E+01  6.525661E+00  4.598320E+00
  6.000000E+00  0.000000E+00    10  1.542083E+03 -1.048366E+02 -3.948697E+02 -1.490671E+03
  6.000000E+00  0.000000E+00    11  1.065979E+03 -1.119335E+02 -3.981749E+02 -9.888221E+02
  6.000000E+00  0.000000E+00    12  2.004528E+01 -7.725558E+01  4.422038E+00 -1.955145E+01
  6.000000E+00  0.000000E+00    13  1.222306E+02  4.855288E+01  8.090792E+01  9.162001E+01
  6.000000E+00  0.000000E+00    14  2.070721E+02  7.781160E+01  4.371850E+01  2.024044E+02
  6.000000E+00  0.000000E+00    15  6.931048E+00  3.669271E+01  5.557672E+00  4.141462E+00
  6.000000E+00  0.000000E+00    16  1.487783E+03  7.666799E+01  3.430728E+02  1.447687E+03
  6.000000E+00  0.000000E+00    17  1.439902E+03 -1.464571E+02 -1.200118E+03 -7.956342E+02
  6.000000E+00  0.000000E+00    18  2.244371E+01  1.024954E+02 -4.855958E+00  2.191209E+01
  6.000000E+00  0.000000E+00    19  6.080482E+02  1.424449E+01  5.893535E+02  1.496164E+02
  6.000000E+00  0.000000E+00    20  2.893117E+02  2.085657E+01  2.703545E+02  1.030036E+02
  6.000000E+00  0.000000E+00    21  2.727202E+01 -4.270275E+01  2.004172E+01 -1.849575E+01
  6.000000E+00  0.000000E+00    22  1.959622E+02  9.134787E+00  1.934769E+02  3.111047E+01
  6.000000E+00  0.000000E+00    23  9.850012E+03 -1.637331E+02 -9.455688E+03 -2.759109E+03
  6.000000E+00  0.000000E+00    24  1.793715E+04 -1.629678E+02 -1.715043E+04 -5.253947E+03
  6.000000E+00  0.000000E+00    25  5.840931E+01  6.563218E+01  2.409927E+01  5.320594E+01
  6.000000E+00  0.000000E+00    26  1.246754E+00  7.570028E+01  3.079412E-01  1.208126E+00
  6.000000E+00  0.000000E+00    27  8.103508E-01 -2.068595E+01  7.581080E-01 -2.862527E-01
  6.000000E+00  0.000000E+00    28  7.940251E+00  7.494886E+01  2.061933E+00  7.667856E+00
  6.000000E+00  0.000000E+00    29  3.344886E+02 -1.147667E+02 -1.401254E+02 -3.037227E+02
  6.000000E+00  0.000000E+00    30  2.316681E+00  1.604871E+02 -2.183625E+00  7.738166E-01
  6.000000E+00  4.500000E+01     1  2.556666E+02 -9.628516E+01 -2.798955E+01 -2.541299E+02
  6.000000E+00  4.500000E+01     2  1.838463E+02 -6.752486E+01  7.028123E+01 -1.698823E+02
  6.000000E+00  4.500000E+01     3  9.763014E+01  5.150717E+01  6.076663E+01  7.641375E+01
  6.000000E+00  4.500000E+01     4  1.962681E+03 -8.986153E+01  4.743278E+00 -1.962675E+03
  6.000000E+00  4.500000E+01     5  3.591639E+03  6.301899E+01  1.629510E+03  3.200714E+03
  6.000000E+00  4.500000E+01     6  7.426714E+01  4.037893E+01  5.657497E+01  4.811320E+01
  6.000000E+00  4.500000E+01     7  2.776015E+02 -1.036738E+02 -6.562338E+01 -2.697336E+02
  6.000000E+00  4.500000E+01     8  7.538570E+01  6.025149E+01  3.740593E+01  6.545074E+01
  6.000000E+00  4.500000E+01     9  1.395268E+01 -1.061927E+02 -3.890970E+00 -1.339917E+01
  6.000000E+00  4.500000E+01    10  6.446420E+02  5.843784E+01  3.374207E+02  5.492819E+02
  6.000000E+00  4.500000E+01    11  2.248374E+03  7.484941E+01  5.876281E+02  2.170226E+03
  6.000000E+00  4.500000E+01    12  6.614187E+00 -1.655136E+02 -6.403902E+00 -1.654545E+00
  6.000000E+00  4.500000E+01    13  1.293354E+02  1.486621E+02 -1.104673E+02  6.726534E+01
  6.000000E+00  4.500000E+01    14  2.832974E+02 -2.089201E+01  2.646718E+02 -1.010260E+02
  6.000000E+00  4.500000E+01    15  1.599374E+00 -1.379479E+02 -1.187592E+00 -1.071271E+00
  6.000000E+00  4.500000E+01    16  1.994187E+03 -2.151805E+01  1.855196E+03 -7.314565E+02
  6.000000E+00  4.500000E+01    17  1.322544E+03 -1.552919E+01  1.274263E+03 -3.540837E+02
  6.000000E+00  4.500000E+01    18  3.729243E+01 -1.789311E+01  3.548864E+01 -1.145781E+01
  6.000000E+00  4.500000E+01    19  2.332214E+02  4.959458E+01  1.511722E+02  1.775927E+02
  6.000000E+00  4.500000E+01    20  1.551101E+02  4.429053E+01  1.110291E+02  1.083129E+02
  6.000000E+00  4.500000E+01    21  9.794638E+01 -8.704155E+01  5.055186E+00 -9.781584E+01
  6.000000E+00  4.500000E+01    22  2.034269E+03 -1.320876E+02 -1.363500E+03 -1.509675E+03
  6.000000E+00  4.500000E+01    23  2.486342E+03 -1.066691E+02 -7.131902E+02 -2.381860E+03
  6.000000E+00  4.500000E+01    24  9.184233E+03 -1.285766E+02 -5.726923E+03 -7.180006E+03
  6.000000E+00  4.500000E+01    25  6.009239E+01  8.383921E+01  6.449049E+00  5.974534E+01
  6.000000E+00  4.500000E+01    26  8.354060E+01  6.064740E+01  4.095017E+01  7.281563E+01
  6.000000E+00  4.500000E+01    27  5.342875E-01  1.050433E+01  5.253334E-01  9.740585E-02
  6.000000E+00  4.500000E+01    28  4.846762E+02  6.058129E+01  2.380673E+02  4.221789E+02
  6.000000E+00  4.500000E+01    29  3.495102E+02 -9.676807E+01 -4.118996E+01 -3.470746E+02
  6.000000E+00  4.500000E+01    30  1.405864E+00 -1.671778E+02 -1.370806E+00 -3.119983E-01
  6.000000E+00  9.000000E+01     1  5.224649E+02  2.713875E+01  4.649439E+02  2.383207E+02
  6.000000E+00  9.000000E+01     2  4.785941E+02  5.111078E+01  3.004694E+02  3.725191E+02
  6.000000E+00  9.000000E+01     3  2.409476E+02 -1.554016E+02 -2.190810E+02 -1.002959E+02
  6.000000E+00  9.000000E+01     4  5.510846E+03  4.095042E+01  4.162215E+03  3.611840E+03
  6.000000E+00  9.000000E+01     5  8.861684E+03 -1.563312E+02 -8.116253E+03 -3.557509E+03
  6.000000E+00  9.000000E+01     6  2.056962E+02 -1.612234E+02 -1.947492E+02 -6.620929E+01
  6.000000E+00  9.000000E+01     7  2.333529E+02 -7.646583E+01  5.461049E+01 -2.268728E+02
  6.000000E+00  9.000000E+01     8  1.403371E+02 -5.937057E+01  7.149941E+01 -1.207573E+02
  6.000000E+00  9.000000E+01     9  1.300699E+01 -7.828903E+01  2.640090E+00 -1.273623E+01
  6.000000E+00  9.000000E+01    10  9.461260E+02 -5.658796E+01  5.209902E+02 -7.897617E+02
  6.000000E+00  9.000000E+01    11  1.826817E+03  9.801618E+01 -2.547546E+02  1.808967E+03
  6.000000E+00  9.000000E+01    12  2.590867E+01 -5.823841E+01  1.363796E+01 -2.202874E+01
  6.000000E+00  9.000000E+01    13  2.726352E+02  2.981193E+01  2.365552E+02  1.355419E+02
  6.000000E+00  9.000000E+01    14  1.022496E+02 -1.662187E+02 -9.930601E+01 -2.435752E+01
  6.000000E+00  9.000000E+01    15  8.699289E+00  4.422015E+01  6.234479E+00  6.067034E+00
  6.000000E+00  9.000000E+01    16  7.115753E+02 -1.666624E+02 -6.923825E+02 -1.641519E+02
  6.000000E+00  9.000000E+01    17  2.564241E+03 -1.490994E+02 -2.200272E+03 -1.316866E+03
  6.000000E+00  9.000000E+01    18  1.917579E+01 -1.765537E+02 -1.914112E+01 -1.152707E+00
  6.000000E+00  9.000000E+01    19  7.307227E+02 -1.564282E+02 -6.697511E+02 -2.922143E+02
  6.000000E+00  9.000000E+01    20  5.434002E+02 -1.510997E+02 -4.757262E+02 -2.626183E+02
  6.000000E+00  9.000000E+01    21  2.045148E+02  2.081229E+01  1.911701E+02  7.266564E+01
  6.000000E+00  9.000000E+01    22  3.264693E+03 -1.045567E+02 -8.205411E+02 -3.159894E+03
  6.000000E+00  9.000000E+01    23  9.871628E+03  3.318452E+01  8.261687E+03  5.403108E+03
  6.000000E+00  9.000000E+01    24  2.500783E+04  2.493795E+01  2.267623E+04  1.054422E+04
  6.000000E+00  9.000000E+01    25  1.398082E+01  1.057308E+02 -3.790450E+00  1.345718E+01
  6.000000E+00  9.000000E+01    26  1.029430E+02  7.402322E+01  2.833484E+01  9.896667E+01
  6.000000E+00  9.000000E+01    27  4.334784E-01  4.301541E-01  4.334662E-01  3.254354E-03
  6.000000E+00  9.000000E+01    28  5.956181E+02  7.403842E+01  1.637906E+02  5.726548E+02
  6.000000E+00  9.000000E+01    29  8.496564E+01 -7.836494E+01  1.713563E+01 -8.321977E+01
  6.000000E+00  9.000000E+01    30  1.198229E+00 -1.770360E+02 -1.196626E+00 -6.195869E-02
  6.000000E+00  1.350000E+02     1  4.097200E+02  1.695991E+02 -4.029878E+02  7.396857E+01
  6.000000E+00  1.350000E+02     2  4.699745E+02  1.691266E+02 -4.615368E+02  8.865570E+01
  6.000000E+00  1.350000E+02     3  2.574476E+02 -1.022711E+01  2.533572E+02 -4.570993E+01
  6.000000E+00  1.350000E+02     4  5.761138E+03  1.689482E+02 -5.654294E+03  1.104388E+03
  6.000000E+00  1.350000E+02     5  8.383429E+03 -1.098763E+01  8.229747E+03 -1.597857E+03
  6.000000E+00  1.350000E+02     6  2.171424E+02 -1.300417E+01  2.115735E+02 -4.886182E+01
  6.000000E+00  1.350000E+02     7  7.506659E+01  1.730154E+02 -7.450951E+01  9.128268E+00
  6.000000E+00  1.350000E+02     8  2.426843E+02  1.583953E+02 -2.256349E+02  8.935640E+01
  6.000000E+00  1.350000E+02     9  8.112245E+00  1.348029E+02 -5.716457E+00  5.755921E+00
  6.000000E+00  1.350000E+02    10  1.658066E+03  1.589369E+02 -1.547282E+03  5.959021E+02
  6.000000E+00  1.350000E+02    11  4.904370E+02 -2.410079E+01  4.476849E+02 -2.002665E+02
  6.000000E+00  1.350000E+02    12  3.613768E+01  1.577977E+02 -3.345827E+01  1.365561E+01
  6.000000E+00  1.350000E+02    13  3.297865E+02  4.608690E+01  2.287289E+02  2.375758E+02
  6.000000E+00  1.350000E+02    14  1.923930E+01  9.317911E+01 -1.066962E+00  1.920970E+01
  6.000000E+00  1.350000E+02    15  1.055939E+01  4.145954E+01  7.913455E+00  6.991276E+00
  6.000000E+00  1.350000E+02    16  1.506365E+02  9.279219E+01 -7.338053E+00  1.504577E+02
  6.000000E+00  1.350000E+02    17  2.927907E+03 -1.321224E+02 -1.963796E+03 -2.171669E+03
  6.000000E+00  1.350000E+02    18  5.468257E+00 -4.040943E+01  4.163704E+00 -3.544772E+00
  6.000000E+00  1.350000E+02    19  7.851597E+02 -6.222685E+00  7.805337E+02 -8.510579E+01
  6.000000E+00  1.350000E+02    20  4.814803E+02 -1.749438E+01  4.592102E+02 -1.447389E+02
  6.000000E+00  1.350000E+02    21  1.140376E+02  1.538466E+02 -1.023620E+02  5.026510E+01
  6.000000E+00  1.350000E+02    22  7.860667E+02 -1.492155E+02 -6.753082E+02 -4.023177E+02
  6.000000E+00  1.350000E+02    23  9.198878E+03  1.794434E+02 -9.198444E+03  8.936059E+01
  6.000000E+00  1.350000E+02    24  2.606935E+04  1.684351E+02 -2.554009E+04  5.226340E+03
  6.000000E+00  1.350000E+02    25  7.555660E+01 -9.254234E+01 -3.351504E+00 -7.548223E+01
  6.000000E+00  1.350000E+02    26  5.244676E+01  4.550120E+01  3.675964E+01  3.740844E+01
  6.000000E+00  1.350000E+02    27  5.855379E-01 -9.924285E+00  5.767761E-01 -1.009155E-01
  6.000000E+00  1.350000E+02    28  3.025530E+02  4.556236E+01  2.118272E+02  2.160267E+02
  6.000000E+00  1.350000E+02    29  4.306608E+02  8.807137E+01  1.449378E+01  4.304168E+02
  6.000000E+00  1.350000E+02    30  1.779301E+00  1.676758E+02 -1.738298E+00  3.797797E-01
  6.000000E+00  1.800000E+02     1  1.392518E+02  9.504899E+01 -1.225519E+01  1.387115E+02
  6.000000E+00  1.800000E+02     2  1.745045E+02  7.337289E+01  4.993303E+01  1.672079E+02
  6.000000E+00  1.800000E+02     3  1.592075E+02 -1.057859E+02 -4.331131E+01 -1.532030E+02
  6.000000E+00  1.800000E+02     4  2.721430E+03  7.248966E+01  8.188178E+02  2.595326E+03
  6.000000E+00  1.800000E+02     5  4.474122E+03 -1.005980E+02 -8.228632E+02 -4.397802E+03
  6.000000E+00  1.800000E+02     6  1.397527E+02 -1.058425E+02 -3.815165E+01 -1.344444E+02
  6.000000E+00  1.800000E+02     7  1.217813E+02 -1.082524E+02 -3.814235E+01 -1.156540E+02
  6.000000E+00  1.800000E+02     8  1.950135E+02  5.649603E+01  1.076464E+02  1.626115E+02
  6.000000E+00  1.800000E+02     9  5.542345E+00 -3.373241E+01  4.609236E+00 -3.077747E+00
  6.000000E+00  1.800000E+02    10  1.351352E+03  5.917141E+01  6.925294E+02  1.160412E+03
  6.000000E+00  1.800000E+02    11  1.046958E+03  7.238601E+01  3.168123E+02  9.978736E+02
  6.000000E+00  1.800000E+02    12  3.330910E+01  3.548219E+01  2.712347E+01  1.933426E+01
  6.000000E+00  1.800000E+02    13  1.050531E+02 -6.597332E+01  4.277366E+01 -9.595091E+01
  6.000000E+00  1.800000E+02    14  1.956947E+02 -1.237180E+02 -1.086311E+02 -1.627750E+02
  6.000000E+00  1.800000E+02    15  4.756205E+00 -3.927622E+01  3.681793E+00 -3.010961E+00
  6.000000E+00  1.800000E+02    16  1.364364E+03 -1.222468E+02 -7.279792E+02 -1.153922E+03
  6.000000E+00  1.800000E+02    17  1.280026E+03  1.491817E+02 -1.099281E+03  6.557795E+02
  6.000000E+00  1.800000E+02    18  3.511234E+01 -1.437760E+02 -2.832555E+01 -2.074944E+01
  6.000000E+00  1.800000E+02    19  4.373012E+02 -9.628566E+01 -4.787816E+01 -4.346724E+02
  6.000000E+00  1.800000E+02    20  3.404885E+02 -1.175008E+02 -1.572243E+02 -3.020148E+02
  6.000000E+00  1.800000E+02    21  1.388609E+02  3.508012E+01  1.136367E+02  7.980635E+01
  6.000000E+00  1.800000E+02    22  5.187624E+02 -1.382000E+02 -3.867251E+02 -3.457718E+02
  6.000000E+00  1.800000E+02    23  5.835667E+03  1.097078E+02 -1.967926E+03  5.493840E+03
  6.000000E+00  1.800000E+02    24  1.621818E+04  7.364894E+01  4.565773E+03  1.556223E+04
  6.000000E+00  1.800000E+02    25  9.936667E+01 -1.143762E+02 -4.101123E+01 -9.050864E+01
  6.000000E+00  1.800000E+02    26  9.882210E-01 -8.402221E+01  1.029162E-01 -9.828474E-01
  6.000000E+00  1.800000E+02    27  6.732437E-01  1.895063E+01  6.367531E-01  2.186381E-01
  6.000000E+00  1.800000E+02    28  6.874597E+00 -9.013992E+01 -1.678848E-02 -6.874576E+00
  6.000000E+00  1.800000E+02    29  5.677354E+02  6.576254E+01  2.330664E+02  5.176906E+02
  6.000000E+00  1.800000E+02    30  1.889652E+00 -1.624826E+02 -1.802020E+00 -5.687779E-01
  7.000000E+00 -1.800000E+02     1  2.239721E+02  1.583638E+02 -2.081919E+02  8.258102E+01
  7.000000E+00 -1.800000E+02     2  2.350940E+02  1.596537E+02 -2.204262E+02  8.174049E+01
  7.000000E+00 -1.800000E+02     3  2.166624E+02 -1.962329E+01  2.040788E+02 -7.276267E+01
  7.000000E+00 -1.800000E+02     4  3.703189E+03  1.583839E+02 -3.442755E+03  1.364202E+03
  7.000000E+00 -1.800000E+02     5  6.380049E+03 -2.109363E+01  5.952544E+03 -2.296135E+03
  7.000000E+00 -1.800000E+02     6  1.946961E+02 -2.128091E+01  1.814202E+02 -7.066315E+01
  7.000000E+00 -1.800000E+02     7  1.013323E+02 -1.633804E+02 -9.709906E+01 -2.898275E+01
  7.000000E+00 -1.800000E+02     8  2.230285E+02  3.112859E+01  1.909145E+02  1.152970E+02
  7.000000E+00 -1.800000E+02     9  5.249965E+00 -1.574588E+02 -4.848889E+00 -2.012561E+00
  7.000000E+00 -1.800000E+02    10  1.748985E+03  3.443491E+01  1.442509E+03  9.889980E+02
  7.000000E+00 -1.800000E+02    11  9.556787E+02  2.238433E+01  8.836685E+02  3.639392E+02
  7.000000E+00 -1.800000E+02    12  4.410656E+01  9.612048E+00  4.348735E+01  7.364741E+00
  7.000000E+00 -1.800000E+02    13  6.554256E+01 -1.214541E+02 -3.420114E+01 -5.591163E+01
  7.000000E+00 -1.800000E+02    14  2.275157E+02 -1.501661E+02 -1.973633E+02 -1.131863E+02
  7.000000E+00 -1.800000E+02    15  5.575104E+00 -1.692278E+02 -5.476861E+00 -1.042009E+00
  7.000000E+00 -1.800000E+02    16  1.775206E+03 -1.482815E+02 -1.510063E+03 -9.333086E+02
  7.000000E+00 -1.800000E+02    17  8.821901E+02  1.096360E+02 -2.964540E+02  8.308878E+02
  7.000000E+00 -1.800000E+02    18  4.621310E+01 -1.677657E+02 -4.516356E+01 -9.793032E+00
  7.000000E+00 -1.800000E+02    19  7.992183E+02 -2.022684E+01  7.499315E+02 -2.763201E+02
  7.000000E+00 -1.800000E+02    20  3.429376E+02 -2.252106E+01  3.167848E+02 -1.313530E+02
  7.000000E+00 -1.800000E+02    21  9.855669E+01 -1.395173E+02 -7.496246E+01 -6.398478E+01
  7.000000E+00 -1.800000E+02    22  3.148238E+02 -1.798560E+01  2.994397E+02 -9.721062E+01
  7.000000E+00 -1.800000E+02    23  1.177840E+04  1.390562E+02 -8.896846E+03  7.718601E+03
  7.000000E+00 -1.800000E+02    24  2.254349E+04  1.573367E+02 -2.080280E+04  8.686331E+03
  7.000000E+00 -1.800000E+02    25  6.887944E+01 -8.688566E+01  3.742137E+00 -6.877771E+01
  7.000000E+00 -1.800000E+02    26  1.021455E+00 -1.584040E+02 -9.497511E-01 -3.759570E-01
  7.000000E+00 -1.800000E+02    27  5.613071E-01 -4.144134E+00  5.598395E-01 -4.056326E-02
  7.000000E+00 -1.800000E+02    28  6.728923E+00 -1.515289E+02 -5.915113E+00 -3.207779E+00
  7.000000E+00 -1.800000E+02    29  4.281083E+02  9.355347E+01 -2.653409E+01  4.272852E+02
  7.000000E+00 -1.800000E+02    30  2.158892E+00  1.728830E+02 -2.142258E+00  2.674779E-01
  7.000000E+00 -1.350000E+02     1  2.728638E+02  1.542406E+02 -2.457486E+02  1.185846E+02
  7.000000E+00 -1.350000E+02     2  2.129481E+02  1.077694E+02 -6.498907E+01  2.027888E+02
  7.000000E+00 -1.350000E+02     3  1.384696E+02  6.101202E-03  1.384696E+02  1.474509E-02
  7.000000E+00 -1.350000E+02     4  2.389261E+03  1.353501E+02 -1.699755E+03  1.679106E+03
  7.000000E+00 -1.350000E+02     5  5.004982E+03 -6.839538E+00  4.969365E+03 -5.960391E+02
  7.000000E+00 -1.350000E+02     6  1.333712E+02  1.209303E+01  1.304115E+02  2.794122E+01
  7.000000E+00 -1.350000E+02     7  2.276341E+02 -2.539685E+01  2.056353E+02 -9.762896E+01
  7.000000E+00 -1.350000E+02     8  9.031008E+01 -1.753248E+02 -9.000960E+01 -7.360957E+00
  7.000000E+00 -1.350000E+02     9  1.275503E+01 -4.332849E+01  9.278413E+00 -8.752249E+00
  7.000000E+00 -1.350000E+02    10  7.896593E+02 -1.701431E+02 -7.780027E+02 -1.351797E+02
  7.000000E+00 -1.350000E+02    11  1.844027E+03  1.579150E+02 -1.708725E+03  6.933211E+02
  7.000000E+00 -1.350000E+02    12  1.100234E+01  1.192541E+02 -5.376657E+00  9.599121E+00
  7.000000E+00 -1.350000E+02    13  1.514306E+02  1.584858E+02 -1.408799E+02  5.553447E+01
  7.000000E+00 -1.350000E+02    14  2.597169E+02  1.133768E+01  2.546487E+02  5.105799E+01
  7.000000E+00 -1.350000E+02    15  3.289532E+00  1.519899E+02 -2.904211E+00  1.544855E+00
  7.000000E+00 -1.350000E+02    16  2.009625E+03  1.236749E+01  1.962990E+03  4.304237E+02
  7.000000E+00 -1.350000E+02    17  2.159610E+03 -2.480934E+01  1.960297E+03 -9.061725E+02
  7.000000E+00 -1.350000E+02    18  5.169167E+01  5.290405E+00  5.147147E+01  4.766170E+00
  7.000000E+00 -1.350000E+02    19  4.145267E+02  9.408141E+00  4.089509E+02  6.776108E+01
  7.000000E+00 -1.350000E+02    20  3.049089E+02 -3.411186E+00  3.043687E+02 -1.814246E+01
  7.000000E+00 -1.350000E+02    21  1.239288E+02  1.217132E+02 -6.514546E+01  1.054249E+02
  7.000000E+00 -1.350000E+02    22  5.082861E+03 -7.091294E+01  1.662118E+03 -4.803419E+03
  7.000000E+00 -1.350000E+02    23  4.259427E+03  1.358262E+02 -3.054986E+03  2.968126E+03
  7.000000E+00 -1.350000E+02    24  1.606472E+04 -1.762417E+02 -1.603017E+04 -1.052998E+03
  7.000000E+00 -1.350000E+02    25  3.633319E+01 -1.048641E+02 -9.320456E+00 -3.511738E+01
  7.000000E+00 -1.350000E+02    26  6.200278E+01 -1.119796E+02 -2.320620E+01 -5.749624E+01
  7.000000E+00 -1.350000E+02    27  5.501187E-01  5.658742E+00  5.474379E-01  5.424347E-02
  7.000000E+00 -1.350000E+02    28  3.896016E+02 -1.117439E+02 -1.443315E+02 -3.618810E+02
  7.000000E+00 -1.350000E+02    29  2.287344E+02  7.582658E+01  5.600737E+01  2.217715E+02
  7.000000E+00 -1.350000E+02    30  1.868834E+00 -1.762578E+02 -1.864849E+00 -1.219725E-01
  7.000000E+00 -9.000000E+01     1  4.519852E+02 -5.751344E+01  2.427621E+02 -3.812574E+02
  7.000000E+00 -9.000000E+01     2  5.089456E+02 -8.765033E+01  2.086573E+01 -5.085177E+02
  7.000000E+00 -9.000000E+01     3  2.209223E+02  1.119709E+02 -8.265482E+01  2.048776E+02
  7.000000E+00 -9.000000E+01     4  5.841073E+03 -8.119869E+01  8.937335E+02 -5.772294E+03
  7.000000E+00 -9.000000E+01     5  7.814898E+03  1.196433E+02 -3.865240E+03  6.792095E+03
  7.000000E+00 -9.000000E+01     6  1.707120E+02  1.225362E+02 -9.181438E+01  1.439191E+02
  7.000000E+00 -9.000000E+01     7  2.349549E+02 -4.438895E+01  1.679006E+02 -1.643569E+02
  7.000000E+00 -9.000000E+01     8  1.212279E+02 -4.606526E+01  8.411262E+01 -8.729993E+01
  7.000000E+00 -9.000000E+01     9  1.356136E+01 -5.748195E+01  7.290114E+00 -1.143524E+01
  7.000000E+00 -9.000000E+01    10  9.438560E+02 -4.899186E+01  6.193265E+02 -7.122491E+02
  7.000000E+00 -9.000000E+01    11  1.811025E+03  1.407460E+02 -1.402366E+03  1.145942E+03
  7.000000E+00 -9.000000E+01    12  2.575067E+01 -4.094835E+01  1.944950E+01 -1.687643E+01
  7.000000E+00 -9.000000E+01    13  3.750515E+02  1.508356E+01  3.621300E+02  9.759870E+01
  7.000000E+00 -9.000000E+01    14  1.514194E+02 -1.572942E+02 -1.396842E+02 -5.844787E+01
  7.000000E+00 -9.000000E+01    15  1.266944E+01  3.072888E+01  1.089058E+01  6.473783E+00
  7.000000E+00 -9.000000E+01    16  1.154141E+03 -1.567539E+02 -1.060446E+03 -4.555183E+02
  7.000000E+00 -9.000000E+01    17  4.140504E+03 -1.671286E+02 -4.036463E+03 -9.223535E+02
  7.000000E+00 -9.000000E+01    18  3.708330E+01 -1.550545E+02 -3.362377E+01 -1.564011E+01
  7.000000E+00 -9.000000E+01    19  6.775639E+02  1.110098E+02 -2.429255E+02  6.325188E+02
  7.000000E+00 -9.000000E+01    20  4.668959E+02  1.223154E+02 -2.495928E+02  3.945824E+02
  7.000000E+00 -9.000000E+01    21  2.227843E+02 -5.097972E+01  1.402640E+02 -1.730863E+02
  7.000000E+00 -9.000000E+01    22  4.460531E+03 -1.204803E+02 -2.262566E+03 -3.844104E+03
  7.000000E+00 -9.000000E+01    23  8.907460E+03 -9.161382E+01 -2.508574E+02 -8.903927E+03
  7.000000E+00 -9.000000E+01    24  2.129071E+04 -6.322512E+01  9.591171E+03 -1.900799E+04
  7.000000E+00 -9.000000E+01    25  8.326201E+00 -1.404055E+02 -6.415956E+00 -5.306707E+00
  7.000000E+00 -9.000000E+01    26  5.776376E+01 -9.985358E+01 -9.885162E+00 -5.691164E+01
  7.000000E+00 -9.000000E+01    27  6.292340E-01 -5.464361E+00  6.263745E-01 -5.991980E-02
  7.000000E+00 -9.000000E+01    28  3.627714E+02 -9.989098E+01 -6.231472E+01 -3.573793E+02
  7.000000E+00 -9.000000E+01    29  5.095061E+01  4.792468E+01  3.414236E+01  3.781884E+01
  7.000000E+00 -9.000000E+01    30  2.232212E+00  1.724691E+02 -2.212958E+00  2.925538E-01
  7.000000E+00 -4.500000E+01     1  3.632057E+02  1.080437E+02 -1.125002E+02  3.453434E+02
  7.000000E+00 -4.500000E+01     2  4.390164E+02  9.576842E+01 -4.412463E+01  4.367933E+02
  7.000000E+00 -4.500000E+01     3  2.377750E+02 -7.894707E+01  4.558517E+01 -2.333644E+02
  7.000000E+00 -4.500000E+01     4  5.509952E+03  9.906164E+01 -8.677999E+02  5.441185E+03
  7.000000E+00 -4.500000E+01     5  7.607954E+03 -7.378087E+01  2.124992E+03 -7.305161E+03
  7.000000E+00 -4.500000E+01     6  1.961093E+02 -7.148447E+01  6.227679E+01 -1.859583E+02
  7.000000E+00 -4.500000E+01     7  5.065825E+01  1.071396E+02 -1.492902E+01  4.840850E+01
  7.000000E+00 -4.500000E+01     8  2.636979E+02  1.383227E+02 -1.969563E+02  1.753419E+02
  7.000000E+00 -4.500000E+01     9  3.980112E+00  1.331649E+02 -2.722797E+00  2.903044E+00
  7.000000E+00 -4.500000E+01    10  2.112217E+03  1.374646E+02 -1.556409E+03  1.427954E+03
  7.000000E+00 -4.500000E+01    11  8.367349E+01 -1.148118E+02 -3.511264E+01 -7.594969E+01
  7.000000E+00 -4.500000E+01    12  4.284356E+01  1.404362E+02 -3.302880E+01  2.728862E+01
  7.000000E+00 -4.500000E+01    13  3.627265E+02 -1.258702E+01  3.540088E+02 -7.904616E+01
  7.000000E+00 -4.500000E+01    14  9.530164E+01 -1.185293E+01  9.326962E+01 -1.957499E+01
  7.000000E+00 -4.500000E+01    15  1.298137E+01  8.508964E+00  1.283848E+01  1.920778E+00
  7.000000E+00 -4.500000E+01    16  7.875522E+02 -1.393503E+01  7.643741E+02 -1.896595E+02
  7.000000E+00 -4.500000E+01    17  3.738825E+03  1.637287E+02 -3.589069E+03  1.047567E+03
  7.000000E+00 -4.500000E+01    18  1.197765E+01  3.486385E+01  9.827814E+00  6.846764E+00
  7.000000E+00 -4.500000E+01    19  7.707971E+02 -7.524824E+01  1.962694E+02 -7.453901E+02
  7.000000E+00 -4.500000E+01    20  4.452168E+02 -7.672197E+01  1.022559E+02 -4.333148E+02
  7.000000E+00 -4.500000E+01    21  9.025789E+01  6.138706E+01  4.322362E+01  7.923513E+01
  7.000000E+00 -4.500000E+01    22  4.188746E+03 -1.306299E+02 -2.727590E+03 -3.178969E+03
  7.000000E+00 -4.500000E+01    23  8.365431E+03  1.006207E+02 -1.541808E+03  8.222120E+03
  7.000000E+00 -4.500000E+01    24  2.296411E+04  1.048111E+02 -5.870366E+03  2.220110E+04
  7.000000E+00 -4.500000E+01    25  3.765145E+01  8.247730E+01  4.929290E+00  3.732739E+01
  7.000000E+00 -4.500000E+01    26  4.692834E+01 -8.961256E+01  3.173332E-01 -4.692727E+01
  7.000000E+00 -4.500000E+01    27  5.618452E-01 -8.856925E+00  5.551457E-01 -8.650595E-02
  7.000000E+00 -4.500000E+01    28  2.939647E+02 -8.988417E+01  5.942705E-01 -2.939641E+02
  7.000000E+00 -4.500000E+01    29  2.308022E+02 -9.884355E+01 -3.548283E+01 -2.280584E+02
  7.000000E+00 -4.500000E+01    30  2.219357E+00  1.704779E+02 -2.188779E+00  3.671447E-01
  7.000000E+00  0.000000E+00     1  5.209108E+01 -1.444298E+02 -4.237107E+01 -3.030136E+01
  7.000000E+00  0.000000E+00     2  1.004225E+02 -1.778812E+02 -1.003539E+02 -3.712806E+00
  7.000000E+00  0.000000E+00     3  9.571992E+01 -1.076193E+01  9.403636E+01 -1.787365E+01
  7.000000E+00  0.000000E+00     4  1.581491E+03 -1.783449E+02 -1.580832E+03 -4.567930E+01
  7.000000E+00  0.000000E+00     5  2.329070E+03 -3.401225E-01  2.329029E+03 -1.382588E+01
  7.000000E+00  0.000000E+00     6  8.246218E+01 -6.934527E+00  8.185895E+01 -9.956076E+00
  7.000000E+00  0.000000E+00     7  1.652555E+02  1.213450E+02 -8.596437E+01  1.411365E+02
  7.000000E+00  0.000000E+00     8  2.436613E+02 -6.223320E+01  1.135155E+02 -2.156039E+02
  7.000000E+00  0.000000E+00     9  8.214362E+00  1.142302E+02 -3.371202E+00  7.490710E+00
  7.000000E+00  0.000000E+00    10  1.997645E+03 -6.431076E+01  8.659586E+02 -1.800194E+03
  7.000000E+00  0.000000E+00    11  1.609833E+03 -6.071694E+01  7.874088E+02 -1.404119E+03
  7.000000E+00  0.000000E+00    12  3.430874E+01 -4.223771E+01  2.540090E+01 -2.306261E+01
  7.000000E+00  0.000000E+00    13  1.676666E+02  1.062702E+02 -4.697482E+01  1.609517E+02
  7.000000E+00  0.000000E+00    14  2.371628E+02  1.190030E+02 -1.149897E+02  2.074212E+02
  7.000000E+00  0.000000E+00    15  6.294493E+00  1.231317E+02 -3.440350E+00  5.271113E+00
  7.000000E+00  0.000000E+00    16  1.893297E+03  1.176332E+02 -8.781288E+02  1.677338E+03
  7.000000E+00  0.000000E+00    17  1.837553E+03 -8.730491E+01  8.640356E+01 -1.835521E+03
  7.000000E+00  0.000000E+00    18  3.798544E+01  1.355999E+02 -2.713950E+01  2.657707E+01
  7.000000E+00  0.000000E+00    19  3.594344E+02 -5.755589E+00  3.576223E+02 -3.604592E+01
  7.000000E+00  0.000000E+00    20  1.415598E+02 -1.231992E+01  1.382998E+02 -3.020461E+01
  7.000000E+00  0.000000E+00    21  1.699135E+02  1.078056E+02 -5.195766E+01  1.617745E+02
  7.000000E+00  0.000000E+00    22  2.285063E+02 -5.100737E+01  1.437809E+02 -1.776013E+02
  7.000000E+00  0.000000E+00    23  8.164252E+03 -1.367198E+02 -5.943659E+03 -5.597136E+03
  7.000000E+00  0.000000E+00    24  9.511554E+03 -1.797608E+02 -9.511471E+03 -3.970924E+01
  7.000000E+00  0.000000E+00    25  8.027489E+01  6.540765E+01  3.340715E+01  7.299329E+01
  7.000000E+00  0.000000E+00    26  4.045832E-01  1.201692E+02 -2.033255E-01  3.497803E-01
  7.000000E+00  0.000000E+00    27  4.402804E-01  1.503123E+01  4.252160E-01  1.141847E-01
  7.000000E+00  0.000000E+00    28  3.358264E+00  1.058633E+02 -9.179606E-01  3.230369E+00
  7.000000E+00  0.000000E+00    29  5.011606E+02 -1.147932E+02 -2.101588E+02 -4.549673E+02
  7.000000E+00  0.000000E+00    30  1.735223E+00 -1.643417E+02 -1.670826E+00 -4.683356E-01
  7.000000E+00  4.500000E+01     1  3.774009E+02 -1.600090E+02 -3.546610E+02 -1.290232E+02
  7.000000E+00  4.500000E+01     2  2.975236E+02 -1.378865E+02 -2.207084E+02 -1.995196E+02
  7.000000E+00  4.500000E+01     3  1.669852E+02 -1.338959E+00  1.669397E+02 -3.901964E+00
  7.000000E+00  4.500000E+01     4  3.629532E+03 -1.531669E+02 -3.238722E+03 -1.638347E+03
  7.000000E+00  4.500000E+01     5  6.278816E+03  5.918658E+00  6.245346E+03  6.474493E+02
  7.000000E+00  4.500000E+01     6  1.434506E+02 -1.078403E+01  1.409172E+02 -2.684069E+01
  7.000000E+00  4.500000E+01     7  3.066067E+02 -7.838986E+00  3.037415E+02 -4.181799E+01
  7.000000E+00  4.500000E+01     8  1.063212E+02  1.673074E+02 -1.037230E+02  2.336095E+01
  7.000000E+00  4.500000E+01     9  1.524135E+01  3.454029E+00  1.521367E+01  9.182561E-01
  7.000000E+00  4.500000E+01    10  9.419512E+02  1.628569E+02 -9.001016E+02  2.776492E+02
  7.000000E+00  4.500000E+01    11  2.592679E+03  1.709380E+02 -2.560318E+03  4.083561E+02
  7.000000E+00  4.500000E+01    12  1.307545E+01 -1.218657E+02 -6.902924E+00 -1.110482E+01
  7.000000E+00  4.500000E+01    13  1.191860E+02  1.344762E+02 -8.350318E+01  8.504420E+01
  7.000000E+00  4.500000E+01    14  2.547113E+02 -4.149900E+01  1.907704E+02 -1.687735E+02
  7.000000E+00  4.500000E+01    15  4.833351E+00  1.266247E+02 -2.883436E+00  3.879057E+00
  7.000000E+00  4.500000E+01    16  1.995894E+03 -4.212309E+01  1.480366E+03 -1.338697E+03
  7.000000E+00  4.500000E+01    17  1.319031E+03 -2.991794E+01  1.143258E+03 -6.578788E+02
  7.000000E+00  4.500000E+01    18  4.707203E+01 -4.014997E+01  3.597995E+01 -3.035159E+01
  7.000000E+00  4.500000E+01    19  5.006630E+02 -4.329054E+00  4.992346E+02 -3.779224E+01
  7.000000E+00  4.500000E+01    20  3.356496E+02  8.445371E-01  3.356131E+02  4.947279E+00
  7.000000E+00  4.500000E+01    21  1.137742E+02 -1.159625E+02 -4.980840E+01 -1.022922E+02
  7.000000E+00  4.500000E+01    22  4.231287E+03  4.161511E+01  3.163407E+03  2.810097E+03
  7.000000E+00  4.500000E+01    23  7.751423E+03 -1.558797E+02 -7.074645E+03 -3.167644E+03
  7.000000E+00  4.500000E+01    24  1.864052E+04  1.733286E+02 -1.851429E+04  2.165574E+03
  7.000000E+00  4.500000E+01    25  3.962037E+01  8.178585E+01  5.660698E+00  3.921390E+01
  7.000000E+00  4.500000E+01    26  4.797136E+01  9.156759E+01 -1.312310E+00  4.795341E+01
  7.000000E+00  4.500000E+01    27  6.654732E-01 -1.454748E+01  6.441380E-01 -1.671550E-01
  7.000000E+00  4.500000E+01    28  3.012617E+02  9.123186E+01 -6.476604E+00  3.011921E+02
  7.000000E+00  4.500000E+01    29  2.489023E+02 -9.918011E+01 -3.970950E+01 -2.457143E+02
  7.000000E+00  4.500000E+01    30  2.272271E+00  1.683198E+02 -2.225219E+00  4.600176E-01
  7.000000E+00  9.000000E+01     1  5.669814E+02  4.132616E+01  4.257819E+02  3.744032E+02
  7.000000E+00  9.000000E+01     2  5.556721E+02  6.029705E+01  2.753374E+02  4.826602E+02
  7.000000E+00  9.000000E+01     3  2.416592E+02 -1.373925E+02 -1.778631E+02 -1.635968E+02
  7.000000E+00  9.000000E+01     4  6.472886E+03  5.465190E+01  3.744841E+03  5.279624E+03
  7.000000E+00  9.000000E+01     5  9.206146E+03 -1.402161E+02 -7.074589E+03 -5.890951E+03
  7.000000E+00  9.000000E+01     6  1.920472E+02 -1.460542E+02 -1.593159E+02 -1.072406E+02
  7.000000E+00  9.000000E+01     7  2.543553E+02  1.198014E+01  2.488154E+02  5.279720E+01
  7.000000E+00  9.000000E+01     8  1.540049E+02  2.651250E+01  1.378092E+02  6.874670E+01
  7.000000E+00  9.000000E+01     9  1.410624E+01  2.349124E+01  1.293713E+01  5.622871E+00
  7.000000E+00  9.000000E+01    10  1.172752E+03  2.944831E+01  1.021232E+03  5.765696E+02
  7.000000E+00  9.000000E+01    11  2.010090E+03 -1.730020E+02 -1.995116E+03 -2.449002E+02
  7.000000E+00  9.000000E+01    12  3.630188E+01  2.070304E+01  3.395770E+01  1.283360E+01
  7.000000E+00  9.000000E+01    13  3.213113E+02 -4.493646E+01  2.274532E+02 -2.269493E+02
  7.000000E+00  9.000000E+01    14  1.179940E+02  1.360405E+02 -8.493576E+01  8.190546E+01
  7.000000E+00  9.000000E+01    15  1.278896E+01 -6.230122E+01  5.944605E+00 -1.132339E+01
  7.000000E+00  9.000000E+01    16  9.135829E+02  1.358569E+02 -6.555893E+02  6.362676E+02
  7.000000E+00  9.000000E+01    17  3.339188E+03  1.381095E+02 -2.485764E+03  2.229609E+03
  7.000000E+00  9.000000E+01    18  2.628186E+01  1.300086E+02 -1.689667E+01  2.013054E+01
  7.000000E+00  9.000000E+01    19  7.507083E+02 -1.375175E+02 -5.536355E+02 -5.070017E+02
  7.000000E+00  9.000000E+01    20  5.152449E+02 -1.439890E+02 -4.167834E+02 -3.029337E+02
  7.000000E+00  9.000000E+01    21  2.408535E+02  2.852216E+01  2.116217E+02  1.150072E+02
  7.000000E+00  9.000000E+01    22  4.124892E+03  7.757433E+01  8.875649E+02  4.028270E+03
  7.000000E+00  9.000000E+01    23  1.022840E+04  6.461518E+01  4.384871E+03  9.240836E+03
  7.000000E+00  9.000000E+01    24  2.362238E+04  4.035011E+01  1.800267E+04  1.529446E+04
  7.000000E+00  9.000000E+01    25  1.106601E+01 -1.281960E+02 -6.842710E+00 -8.696774E+00
  7.000000E+00  9.000000E+01    26  5.803577E+01  7.920768E+01  1.086719E+01  5.700926E+01
  7.000000E+00  9.000000E+01    27  6.212668E-01 -1.476777E+01  6.007444E-01 -1.583621E-01
  7.000000E+00  9.000000E+01    28  3.642409E+02  7.914194E+01  6.861444E+01  3.577198E+02
  7.000000E+00  9.000000E+01    29  6.250775E+01  5.528970E+01  3.559362E+01  5.138397E+01
  7.000000E+00  9.000000E+01    30  2.140798E+00  1.668160E+02 -2.084372E+00  4.882700E-01
  7.000000E+00  1.350000E+02     1  5.299772E+02 -1.235480E+02 -2.928842E+02 -4.416953E+02
  7.000000E+00  1.350000E+02     2  5.714024E+02 -1.179726E+02 -2.680162E+02 -5.046464E+02
  7.000000E+00  1.350000E+02     3  3.195113E+02  5.868457E+01  1.660657E+02  2.729645E+02
  7.000000E+00  1.350000E+02     4  7.286916E+03 -1.199321E+02 -3.635982E+03 -6.314965E+03
  7.000000E+00  1.350000E+02     5  1.061378E+04  5.628944E+01  5.890626E+03  8.829097E+03
  7.000000E+00  1.350000E+02     6  2.664035E+02  5.402412E+01  1.564973E+02  2.155908E+02
  7.000000E+00  1.350000E+02     7  6.088665E+01  1.341331E+02 -4.239704E+01  4.369983E+01
  7.000000E+00  1.350000E+02     8  2.622351E+02 -1.663923E+02 -2.548740E+02 -6.169679E+01
  7.000000E+00  1.350000E+02     9  4.967203E+00  1.394480E+02 -3.774159E+00  3.229370E+00
  7.000000E+00  1.350000E+02    10  2.052094E+03 -1.647401E+02 -1.979740E+03 -5.401083E+02
  7.000000E+00  1.350000E+02    11  5.674400E+02 -7.094597E+01  1.852463E+02 -5.363506E+02
  7.000000E+00  1.350000E+02    12  4.777645E+01 -1.743167E+02 -4.754160E+01 -4.731333E+00
  7.000000E+00  1.350000E+02    13  2.622676E+02 -2.267852E+01  2.419898E+02 -1.011200E+02
  7.000000E+00  1.350000E+02    14  8.372784E+01 -1.430082E-02  8.372784E+01 -2.089816E-02
  7.000000E+00  1.350000E+02    15  1.233702E+01 -5.016787E+01  7.902358E+00 -9.473897E+00
  7.000000E+00  1.350000E+02    16  6.822902E+02  2.039755E+00  6.818579E+02  2.428471E+01
  7.000000E+00  1.350000E+02    17  2.500677E+03  1.631727E+02 -2.393602E+03  7.239167E+02
  7.000000E+00  1.350000E+02    18  1.049045E+01 -3.664087E+01  8.417456E+00 -6.260674E+00
  7.000000E+00  1.350000E+02    19  1.023301E+03  5.706452E+01  5.563627E+02  8.588392E+02
  7.000000E+00  1.350000E+02    20  6.046149E+02  5.505189E+01  3.463441E+02  4.955854E+02
  7.000000E+00  1.350000E+02    21  1.383335E+02 -1.280191E+02 -8.520291E+01 -1.089799E+02
  7.000000E+00  1.350000E+02    22  5.320438E+03  9.871086E+01 -8.057708E+02  5.259067E+03
  7.000000E+00  1.350000E+02    23  1.131733E+04 -1.142811E+02 -4.653837E+03 -1.031619E+04
  7.000000E+00  1.350000E+02    24  3.187591E+04 -1.222859E+02 -1.702632E+04 -2.694769E+04
  7.000000E+00  1.350000E+02    25  3.445823E+01 -1.060850E+02 -9.547085E+00 -3.310926E+01
  7.000000E+00  1.350000E+02    26  6.006128E+01  6.829013E+01  2.221707E+01  5.580107E+01
  7.000000E+00  1.350000E+02    27  4.649532E-01  6.815355E-01  4.649203E-01  5.530506E-03
  7.000000E+00  1.350000E+02    28  3.767620E+02  6.852329E+01  1.379412E+02  3.506021E+02
  7.000000E+00  1.350000E+02    29  2.094377E+02  7.499412E+01  5.422725E+01  2.022957E+02
  7.000000E+00  1.350000E+02    30  1.903078E+00 -1.794856E+02 -1.903001E+00 -1.708513E-02
  7.000000E+00  1.800000E+02     1  2.239653E+02  1.583634E+02 -2.081851E+02  8.257991E+01
  7.000000E+00  1.800000E+02     2  2.351009E+02  1.596511E+02 -2.204289E+02  8.175288E+01
  7.000000E+00  1.800000E+02     3  2.166632E+02 -1.962481E+01  2.040777E+02 -7.276840E+01
  7.000000E+00  1.800000E+02     4  3.703302E+03  1.583813E+02 -3.442800E+03  1.364397E+03
  7.000000E+00  1.800000E+02     5  6.379944E+03 -2.109390E+01  5.952436E+03 -2.296126E+03
  7.000000E+00  1.800000E+02     6  1.947067E+02 -2.128562E+01  1.814243E+02 -7.068190E+01
  7.000000E+00  1.800000E+02     7  1.013319E+02 -1.633804E+02 -9.709872E+01 -2.898246E+01
  7.000000E+00  1.800000E+02     8  2.230285E+02  3.112868E+01  1.909143E+02  1.152972E+02
  7.000000E+00  1.800000E+02     9  5.249980E+00 -1.574589E+02 -4.848908E+00 -2.012556E+00
  7.000000E+00  1.800000E+02    10  1.748984E+03  3.443501E+01  1.442507E+03  9.890002E+02
  7.000000E+00  1.800000E+02    11  9.556702E+02  2.238407E+01  8.836623E+02  3.639319E+02
  7.000000E+00  1.800000E+02    12  4.410651E+01  9.612166E+00  4.348728E+01  7.364821E+00
  7.000000E+00  1.800000E+02    13  6.554700E+01 -1.214578E+02 -3.420702E+01 -5.591323E+01
  7.000000E+00  1.800000E+02    14  2.275146E+02 -1.501660E+02 -1.973623E+02 -1.131858E+02
  7.000000E+00  1.800000E+02    15  5.575034E+00 -1.692279E+02 -5.476792E+00 -1.041990E+00
  7.000000E+00  1.800000E+02    16  1.775188E+03 -1.482813E+02 -1.510045E+03 -9.333034E+02
  7.000000E+00  1.800000E+02    17  8.821827E+02  1.096289E+02 -2.963481E+02  8.309177E+02
  7.000000E+00  1.800000E+02    18  4.621407E+01 -1.677658E+02 -4.516453E+01 -9.793139E+00
  7.000000E+00  1.800000E+02    19  7.992111E+02 -2.022741E+01  7.499219E+02 -2.763250E+02
  7.000000E+00  1.800000E+02    20  3.429519E+02 -2.252301E+01  3.167935E+02 -1.313692E+02
  7.000000E+00  1.800000E+02    21  9.855288E+01 -1.395197E+02 -7.496216E+01 -6.397925E+01
  7.000000E+00  1.800000E+02    22  3.148577E+02 -1.798717E+01  2.994692E+02 -9.722929E+01
  7.000000E+00  1.800000E+02    23  1.177858E+04  1.390549E+02 -8.896813E+03  7.718916E+03
  7.000000E+00  1.800000E+02    24  2.254395E+04  1.573344E+02 -2.080287E+04  8.687362E+03
  7.000000E+00  1.800000E+02    25  6.887946E+01 -8.688568E+01  3.742109E+00 -6.877774E+01
  7.000000E+00  1.800000E+02    26  1.021423E+00 -1.584043E+02 -9.497230E-01 -3.759404E-01
  7.000000E+00  1.800000E+02    27  5.613087E-01 -4.144072E+00  5.598412E-01 -4.056278E-02
  7.000000E+00  1.800000E+02    28  6.728806E+00 -1.515293E+02 -5.915030E+00 -3.207684E+00
  7.000000E+00  1.800000E+02    29  4.281084E+02  9.355344E+01 -2.653396E+01  4.272853E+02
  7.000000E+00  1.800000E+02    30  2.158897E+00  1.728829E+02 -2.142263E+00  2.674825E-01
  8.000000E+00 -1.800000E+02     1  2.617661E+02 -1.641100E+02 -2.517639E+02 -7.166921E+01
  8.000000E+00 -1.800000E+02     2  2.343254E+02 -1.517927E+02 -2.064978E+02 -1.107568E+02
  8.000000E+00 -1.800000E+02     3  2.154310E+02  3.103773E+01  1.845873E+02  1.110768E+02
  8.000000E+00 -1.800000E+02     4  3.729556E+03 -1.532399E+02 -3.330120E+03 -1.679252E+03
  8.000000E+00 -1.800000E+02     5  6.733070E+03  2.292963E+01  6.201050E+03  2.623206E+03
  8.000000E+00 -1.800000E+02     6  2.006693E+02  2.630876E+01  1.798837E+02  8.893830E+01
  8.000000E+00 -1.800000E+02     7  2.263954E+02  1.770381E+02 -2.260930E+02  1.169822E+01
  8.000000E+00 -1.800000E+02     8  2.577400E+02  9.629596E-01  2.577036E+02  4.331583E+00
  8.000000E+00 -1.800000E+02     9  1.650182E+01  1.589419E+02 -1.539977E+01  5.929342E+00
  8.000000E+00 -1.800000E+02    10  2.187299E+03  2.741648E+00  2.184795E+03  1.046240E+02
  8.000000E+00 -1.800000E+02    11  2.102712E+03 -2.518353E+00  2.100681E+03 -9.239191E+01
  8.000000E+00 -1.800000E+02    12  5.466443E+01 -1.154429E+01  5.355858E+01 -1.093974E+01
  8.000000E+00 -1.800000E+02    13  1.995012E+02 -1.708019E+02 -1.969360E+02 -3.188984E+01
  8.000000E+00 -1.800000E+02    14  2.497339E+02 -1.791520E+02 -2.497066E+02 -3.696229E+00
  8.000000E+00 -1.800000E+02    15  1.530864E+01  1.508646E+02 -1.337166E+01  7.453400E+00
  8.000000E+00 -1.800000E+02    16  2.086268E+03 -1.776842E+02 -2.084564E+03 -8.429905E+01
  8.000000E+00 -1.800000E+02    17  1.856376E+03  2.220940E+01  1.718649E+03  7.016968E+02
  8.000000E+00 -1.800000E+02    18  5.770942E+01  1.693001E+02 -5.670602E+01  1.071465E+01
  8.000000E+00 -1.800000E+02    19  7.432944E+02  1.781468E+01  7.076542E+02  2.274029E+02
  8.000000E+00 -1.800000E+02    20  4.221454E+02  3.131642E+01  3.606430E+02  2.194159E+02
  8.000000E+00 -1.800000E+02    21  3.223675E+02 -1.519826E+02 -2.845877E+02 -1.514286E+02
  8.000000E+00 -1.800000E+02    22  5.468818E+02  4.200723E+01  4.063662E+02  3.659866E+02
  8.000000E+00 -1.800000E+02    23  3.884557E+03  1.138188E+02 -1.568764E+03  3.553698E+03
  8.000000E+00 -1.800000E+02    24  2.251810E+04 -1.543495E+02 -2.029898E+04 -9.747636E+03
  8.000000E+00 -1.800000E+02    25  5.663525E+01 -1.169761E+02 -2.569084E+01 -5.047309E+01
  8.000000E+00 -1.800000E+02    26  1.096927E+00 -1.319804E+02 -7.337079E-01 -8.154271E-01
  8.000000E+00 -1.800000E+02    27  2.440630E-01  1.023084E+01  2.401824E-01  4.334912E-02
  8.000000E+00 -1.800000E+02    28  8.058389E+00 -1.316556E+02 -5.356024E+00 -6.020850E+00
  8.000000E+00 -1.800000E+02    29  3.680098E+02  6.337691E+01  1.649123E+02  3.289911E+02
  8.000000E+00 -1.800000E+02    30  1.510798E+00 -1.742446E+02 -1.503183E+00 -1.515070E-01
  8.000000E+00 -1.350000E+02     1  3.475103E+02 -1.726950E+02 -3.446897E+02 -4.418609E+01
  8.000000E+00 -1.350000E+02     2  2.663959E+02  1.550509E+02 -2.415365E+02  1.123693E+02
  8.000000E+00 -1.350000E+02     3  1.493018E+02  2.593509E+01  1.342656E+02  6.529754E+01
  8.000000E+00 -1.350000E+02     4  3.268935E+03  1.720989E+02 -3.237903E+03  4.493572E+02
  8.000000E+00 -1.350000E+02     5  6.059124E+03  2.086718E+01  5.661697E+03  2.158277E+03
  8.000000E+00 -1.350000E+02     6  1.457222E+02  3.912126E+01  1.130531E+02  9.194542E+01
  8.000000E+00 -1.350000E+02     7  2.945017E+02 -9.268810E+01 -1.381181E+01 -2.941777E+02
  8.000000E+00 -1.350000E+02     8  7.917669E+01  7.390833E+01  2.194580E+01  7.607450E+01
  8.000000E+00 -1.350000E+02     9  2.417012E+01 -1.171428E+02 -1.102663E+01 -2.150833E+01
  8.000000E+00 -1.350000E+02    10  6.548956E+02  7.991005E+01  1.147338E+02  6.447669E+02
  8.000000E+00 -1.350000E+02    11  2.493112E+03  8.701702E+01  1.297399E+02  2.489734E+03
  8.000000E+00 -1.350000E+02    12  2.267880E+01  4.374052E+01  1.638495E+01  1.567998E+01
  8.000000E+00 -1.350000E+02    13  1.383799E+02  1.793074E+02 -1.383698E+02  1.672807E+00
  8.000000E+00 -1.350000E+02    14  2.344251E+02  2.572358E+01  2.111933E+02  1.017475E+02
  8.000000E+00 -1.350000E+02    15  7.982076E+00 -6.502779E+01  3.369862E+00 -7.235852E+00
  8.000000E+00 -1.350000E+02    16  1.927480E+03  2.701159E+01  1.717220E+03  8.754051E+02
  8.000000E+00 -1.350000E+02    17  2.017509E+03 -5.777696E+00  2.007260E+03 -2.031006E+02
  8.000000E+00 -1.350000E+02    18  5.911199E+01  1.861302E+01  5.602019E+01  1.886705E+01
  8.000000E+00 -1.350000E+02    19  4.434659E+02  3.243002E+01  3.743061E+02  2.378170E+02
  8.000000E+00 -1.350000E+02    20  2.939438E+02  1.441284E+01  2.846926E+02  7.316467E+01
  8.000000E+00 -1.350000E+02    21  2.469171E+02  1.739605E+02 -2.455466E+02  2.597931E+01
  8.000000E+00 -1.350000E+02    22  9.013256E+03 -7.942982E+01  1.653390E+03 -8.860310E+03
  8.000000E+00 -1.350000E+02    23  5.534352E+03  1.112862E+02 -2.009118E+03  5.156791E+03
  8.000000E+00 -1.350000E+02    24  1.961498E+04 -1.529899E+02 -1.747551E+04 -8.908095E+03
  8.000000E+00 -1.350000E+02    25  4.952610E+01 -1.161928E+02 -2.186048E+01 -4.444045E+01
  8.000000E+00 -1.350000E+02    26  5.289000E+01 -1.027117E+02 -1.163824E+01 -5.159363E+01
  8.000000E+00 -1.350000E+02    27  2.753356E-01  5.830594E-01  2.753213E-01  2.801850E-03
  8.000000E+00 -1.350000E+02    28  3.498987E+02 -1.025051E+02 -7.576225E+01 -3.415980E+02
  8.000000E+00 -1.350000E+02    29  3.259772E+02  6.462772E+01  1.396806E+02  2.945344E+02
  8.000000E+00 -1.350000E+02    30  1.383012E+00  1.741873E+02 -1.375901E+00  1.400677E-01
  8.000000E+00 -9.000000E+01     1  5.042683E+02 -4.689418E+01  3.445908E+02 -3.681627E+02
  8.000000E+00 -9.000000E+01     2  4.674972E+02 -7.271053E+01  1.389398E+02 -4.463735E+02
  8.000000E+00 -9.000000E+01     3  2.294895E+02  1.264166E+02 -1.362371E+02  1.846751E+02
  8.000000E+00 -9.000000E+01     4  5.794585E+03 -6.561880E+01  2.392038E+03 -5.277819E+03
  8.000000E+00 -9.000000E+01     5  8.776525E+03  1.336577E+02 -6.058862E+03  6.349614E+03
  8.000000E+00 -9.000000E+01     6  1.942544E+02  1.391341E+02 -1.469036E+02  1.270988E+02
  8.000000E+00 -9.000000E+01     7  2.299196E+02 -1.117877E+02 -8.533872E+01 -2.134955E+02
  8.000000E+00 -9.000000E+01     8  1.553963E+02 -1.224449E+02 -8.336823E+01 -1.311402E+02
  8.000000E+00 -9.000000E+01     9  2.235645E+01 -1.384849E+02 -1.674010E+01 -1.481824E+01
  8.000000E+00 -9.000000E+01    10  1.327846E+03 -1.244170E+02 -7.505144E+02 -1.095401E+03
  8.000000E+00 -9.000000E+01    11  1.732047E+03  7.126823E+01  5.562266E+02  1.640304E+03
  8.000000E+00 -9.000000E+01    12  3.634761E+01 -1.149785E+02 -1.534878E+01 -3.294789E+01
  8.000000E+00 -9.000000E+01    13  3.252849E+02  6.436645E+01  1.407227E+02  2.932701E+02
  8.000000E+00 -9.000000E+01    14  1.476081E+02 -9.838863E+01 -2.153406E+01 -1.460289E+02
  8.000000E+00 -9.000000E+01    15  1.488336E+01  1.247446E+02 -8.482308E+00  1.222967E+01
  8.000000E+00 -9.000000E+01    16  1.210211E+03 -9.719994E+01 -1.516784E+02 -1.200669E+03
  8.000000E+00 -9.000000E+01    17  3.712710E+03 -1.184263E+02 -1.767353E+03 -3.265069E+03
  8.000000E+00 -9.000000E+01    18  4.108620E+01 -1.017207E+02 -8.346282E+00 -4.022954E+01
  8.000000E+00 -9.000000E+01    19  7.770706E+02  1.288948E+02 -4.879171E+02  6.047938E+02
  8.000000E+00 -9.000000E+01    20  4.257101E+02  1.430989E+02 -3.404290E+02  2.556114E+02
  8.000000E+00 -9.000000E+01    21  1.379083E+02 -9.785593E+01 -1.884967E+01 -1.366140E+02
  8.000000E+00 -9.000000E+01    22  1.179218E+04 -1.182165E+02 -5.575395E+03 -1.039088E+04
  8.000000E+00 -9.000000E+01    23  8.989793E+03 -7.671120E+01  2.066389E+03 -8.749081E+03
  8.000000E+00 -9.000000E+01    24  2.299036E+04 -4.389143E+01  1.656811E+04 -1.593908E+04
  8.000000E+00 -9.000000E+01    25  6.474410E+00 -1.416519E+01  6.277551E+00 -1.584406E+00
  8.000000E+00 -9.000000E+01    26  6.573374E+01 -1.141833E+02 -2.692832E+01 -5.996491E+01
  8.000000E+00 -9.000000E+01    27  2.954416E-01  7.260067E+00  2.930729E-01  3.733592E-02
  8.000000E+00 -9.000000E+01    28  4.342490E+02 -1.141809E+02 -1.778767E+02 -3.961465E+02
  8.000000E+00 -9.000000E+01    29  4.737159E+01  1.621323E+02 -4.508673E+01  1.453457E+01
  8.000000E+00 -9.000000E+01    30  1.495362E+00 -1.779074E+02 -1.494365E+00 -5.460149E-02
  8.000000E+00 -4.500000E+01     1  4.816258E+02  4.959203E+01  3.122023E+02  3.667331E+02
  8.000000E+00 -4.500000E+01     2  5.547903E+02  4.182763E+01  4.134045E+02  3.699851E+02
  8.000000E+00 -4.500000E+01     3  3.230777E+02 -1.410501E+02 -2.512563E+02 -2.030995E+02
  8.000000E+00 -4.500000E+01     4  7.183327E+03  4.207825E+01  5.331682E+03  4.813870E+03
  8.000000E+00 -4.500000E+01     5  9.961078E+03 -1.348357E+02 -7.023320E+03 -7.063713E+03
  8.000000E+00 -4.500000E+01     6  2.481501E+02 -1.367496E+02 -1.807440E+02 -1.700296E+02
  8.000000E+00 -4.500000E+01     7  7.650066E+01  1.609254E+02 -7.230029E+01  2.500041E+01
  8.000000E+00 -4.500000E+01     8  2.722979E+02  1.336389E+02 -1.879160E+02  1.970628E+02
  8.000000E+00 -4.500000E+01     9  8.607534E+00  9.364952E+01 -5.478964E-01  8.590079E+00
  8.000000E+00 -4.500000E+01    10  2.301217E+03  1.320487E+02 -1.541267E+03  1.708828E+03
  8.000000E+00 -4.500000E+01    11  4.748119E+02  2.156407E+00  4.744756E+02  1.786599E+01
  8.000000E+00 -4.500000E+01    12  5.890611E+01  1.420143E+02 -4.642771E+01  3.625462E+01
  8.000000E+00 -4.500000E+01    13  3.300500E+02  3.957370E+01  2.544044E+02  2.102650E+02
  8.000000E+00 -4.500000E+01    14  8.657880E+01  5.451934E+01  5.025278E+01  7.050211E+01
  8.000000E+00 -4.500000E+01    15  1.641745E+01  1.016961E+02 -3.328168E+00  1.607657E+01
  8.000000E+00 -4.500000E+01    16  7.529010E+02  5.052910E+01  4.786088E+02  5.812001E+02
  8.000000E+00 -4.500000E+01    17  3.527274E+03 -1.453772E+02 -2.902628E+03 -2.004098E+03
  8.000000E+00 -4.500000E+01    18  1.762042E+01  9.831169E+01 -2.547176E+00  1.743534E+01
  8.000000E+00 -4.500000E+01    19  9.288195E+02 -1.387588E+02 -6.984178E+02 -6.123056E+02
  8.000000E+00 -4.500000E+01    20  6.565454E+02 -1.326555E+02 -4.448678E+02 -4.828504E+02
  8.000000E+00 -4.500000E+01    21  1.197953E+02  6.662910E+01  4.752061E+01  1.099668E+02
  8.000000E+00 -4.500000E+01    22  1.039468E+04 -1.379260E+02 -7.715758E+03 -6.965370E+03
  8.000000E+00 -4.500000E+01    23  9.046562E+03  2.681436E+01  8.073810E+03  4.080915E+03
  8.000000E+00 -4.500000E+01    24  3.153103E+04  3.804588E+01  2.483123E+04  1.943233E+04
  8.000000E+00 -4.500000E+01    25  3.863031E+01  6.041484E+01  1.907243E+01  3.359380E+01
  8.000000E+00 -4.500000E+01    26  4.406945E+01 -1.186142E+02 -2.110527E+01 -3.868700E+01
  8.000000E+00 -4.500000E+01    27  2.455101E-01  6.509574E+00  2.439273E-01  2.783329E-02
  8.000000E+00 -4.500000E+01    28  2.912962E+02 -1.188969E+02 -1.407645E+02 -2.550271E+02
  8.000000E+00 -4.500000E+01    29  2.519991E+02 -1.205422E+02 -1.280591E+02 -2.170356E+02
  8.000000E+00 -4.500000E+01    30  1.516546E+00 -1.763221E+02 -1.513422E+00 -9.728327E-02
  8.000000E+00  0.000000E+00     1  2.147148E+02  1.006462E+02 -3.966707E+01  2.110188E+02
  8.000000E+00  0.000000E+00     2  2.323143E+02  1.006664E+02 -4.299894E+01  2.283002E+02
  8.000000E+00  0.000000E+00     3  2.319286E+02 -8.641365E+01  1.450777E+01 -2.314744E+02
  8.000000E+00  0.000000E+00     4  3.686480E+03  9.945352E+01 -6.054946E+02  3.636415E+03
  8.000000E+00  0.000000E+00     5  6.400835E+03 -8.236321E+01  8.506253E+02 -6.344062E+03
  8.000000E+00  0.000000E+00     6  2.039313E+02 -8.454886E+01  1.937285E+01 -2.030090E+02
  8.000000E+00  0.000000E+00     7  1.246830E+02  1.416366E+02 -9.776276E+01  7.738413E+01
  8.000000E+00  0.000000E+00     8  2.398675E+02 -2.958712E+01  2.085902E+02 -1.184337E+02
  8.000000E+00  0.000000E+00     9  7.400043E+00 -1.561263E+02 -6.766894E+00 -2.994958E+00
  8.000000E+00  0.000000E+00    10  2.066045E+03 -3.201527E+01  1.751814E+03 -1.095304E+03
  8.000000E+00  0.000000E+00    11  1.261109E+03 -3.680780E+01  1.009707E+03 -7.555718E+02
  8.000000E+00  0.000000E+00    12  4.733924E+01 -1.159598E+01  4.637302E+01 -9.515625E+00
  8.000000E+00  0.000000E+00    13  1.249494E+02  1.179563E+02 -5.857610E+01  1.103684E+02
  8.000000E+00  0.000000E+00    14  2.359200E+02  1.523107E+02 -2.089025E+02  1.096266E+02
  8.000000E+00  0.000000E+00    15  7.951971E+00 -1.356783E+02 -5.689063E+00 -5.555934E+00
  8.000000E+00  0.000000E+00    16  1.990487E+03  1.505383E+02 -1.733087E+03  9.790030E+02
  8.000000E+00  0.000000E+00    17  1.498733E+03 -7.814958E+01  3.077759E+02 -1.466791E+03
  8.000000E+00  0.000000E+00    18  5.142891E+01  1.670511E+02 -5.012109E+01  1.152427E+01
  8.000000E+00  0.000000E+00    19  6.660314E+02 -7.380486E+01  1.857625E+02 -6.396016E+02
  8.000000E+00  0.000000E+00    20  4.523349E+02 -8.823324E+01  1.394589E+01 -4.521199E+02
  8.000000E+00  0.000000E+00    21  2.985713E+02  1.189636E+02 -1.445845E+02  2.612281E+02
  8.000000E+00  0.000000E+00    22  6.176235E+02 -8.201713E+01  8.577370E+01 -6.116385E+02
  8.000000E+00  0.000000E+00    23  4.430913E+03 -1.324340E+02 -2.989716E+03 -3.270258E+03
  8.000000E+00  0.000000E+00    24  2.239041E+04  9.677534E+01 -2.641545E+03  2.223405E+04
  8.000000E+00  0.000000E+00    25  7.651249E+01  7.186758E+01  2.381178E+01  7.271286E+01
  8.000000E+00  0.000000E+00    26  1.020349E+00  1.032891E+02 -2.345427E-01  9.930269E-01
  8.000000E+00  0.000000E+00    27  2.063177E-01 -1.664823E+01  1.976692E-01 -5.910899E-02
  8.000000E+00  0.000000E+00    28  7.717017E+00  9.957923E+01 -1.284198E+00  7.609414E+00
  8.000000E+00  0.000000E+00    29  5.002720E+02 -1.084344E+02 -1.581953E+02 -4.746013E+02
  8.000000E+00  0.000000E+00    30  1.311374E+00  1.669590E+02 -1.277552E+00  2.959101E-01
  8.000000E+00  4.500000E+01     1  3.119352E+02  1.771066E+02 -3.115376E+02  1.574565E+01
  8.000000E+00  4.500000E+01     2  2.794441E+02 -1.599062E+02 -2.624348E+02 -9.600523E+01
  8.000000E+00  4.500000E+01     3  6.668059E+01 -3.710329E+01  5.318105E+01 -4.022532E+01
  8.000000E+00  4.500000E+01     4  2.891582E+03 -1.696056E+02 -2.844129E+03 -5.217076E+02
  8.000000E+00  4.500000E+01     5  3.786906E+03 -1.935528E+01  3.572876E+03 -1.255074E+03
  8.000000E+00  4.500000E+01     6  6.415071E+01 -6.648894E+01  2.559140E+01 -5.882511E+01
  8.000000E+00  4.500000E+01     7  2.699320E+02  4.705804E+01  1.838931E+02  1.976022E+02
  8.000000E+00  4.500000E+01     8  9.239910E+01 -1.273601E+02 -5.606986E+01 -7.344225E+01
  8.000000E+00  4.500000E+01     9  1.723670E+01  9.445805E+01 -1.339795E+00  1.718455E+01
  8.000000E+00  4.500000E+01    10  8.435203E+02 -1.342448E+02 -5.885455E+02 -6.042687E+02
  8.000000E+00  4.500000E+01    11  2.308123E+03 -1.331660E+02 -1.579019E+03 -1.683487E+03
  8.000000E+00  4.500000E+01    12  1.949798E+01 -6.883820E+01  7.038828E+00 -1.818313E+01
  8.000000E+00  4.500000E+01    13  1.971631E+02  1.619560E+02 -1.874664E+02  6.107069E+01
  8.000000E+00  4.500000E+01    14  2.613225E+02 -4.668129E+01  1.792818E+02 -1.901248E+02
  8.000000E+00  4.500000E+01    15  9.226665E+00  9.187331E+01 -3.016164E-01  9.221734E+00
  8.000000E+00  4.500000E+01    16  2.169235E+03 -4.779131E+01  1.457364E+03 -1.606759E+03
  8.000000E+00  4.500000E+01    17  2.512010E+03 -1.312829E+01  2.446356E+03 -5.705585E+02
  8.000000E+00  4.500000E+01    18  6.311298E+01 -4.052388E+01  4.797441E+01 -4.100860E+01
  8.000000E+00  4.500000E+01    19  1.739719E+02 -4.056237E+01  1.321662E+02 -1.131296E+02
  8.000000E+00  4.500000E+01    20  1.702903E+02 -1.123884E+01  1.670247E+02 -3.318945E+01
  8.000000E+00  4.500000E+01    21  2.016980E+02 -1.728264E+02 -2.001192E+02 -2.518732E+01
  8.000000E+00  4.500000E+01    22  9.848970E+03  4.035227E+01  7.505683E+03  6.377063E+03
  8.000000E+00  4.500000E+01    23  7.488860E+03 -1.433549E+02 -6.008667E+03 -4.469781E+03
  8.000000E+00  4.500000E+01    24  1.106840E+04  1.425286E+02 -8.784513E+03  6.733632E+03
  8.000000E+00  4.500000E+01    25  4.157455E+01  6.355147E+01  1.851705E+01  3.722314E+01
  8.000000E+00  4.500000E+01    26  4.545557E+01  6.170023E+01  2.154979E+01  4.002269E+01
  8.000000E+00  4.500000E+01    27  2.795196E-01 -5.863142E+00  2.780574E-01 -2.855366E-02
  8.000000E+00  4.500000E+01    28  3.014764E+02  6.141040E+01  1.442662E+02  2.647173E+02
  8.000000E+00  4.500000E+01    29  2.767192E+02 -1.173026E+02 -1.269283E+02 -2.458917E+02
  8.000000E+00  4.500000E+01    30  1.481307E+00 -1.791455E+02 -1.481142E+00 -2.209025E-02
  8.000000E+00  9.000000E+01     1  5.864288E+02  4.074335E+01  4.443024E+02  3.827456E+02
  8.000000E+00  9.000000E+01     2  5.229450E+02  6.173992E+01  2.476012E+02  4.606139E+02
  8.000000E+00  9.000000E+01     3  2.615473E+02 -1.372906E+02 -1.921859E+02 -1.774022E+02
  8.000000E+00  9.000000E+01     4  6.542476E+03  5.504089E+01  3.748785E+03  5.361959E+03
  8.000000E+00  9.000000E+01     5  1.011463E+04 -1.414121E+02 -7.906117E+03 -6.308648E+03
  8.000000E+00  9.000000E+01     6  2.213534E+02 -1.477306E+02 -1.871647E+02 -1.181809E+02
  8.000000E+00  9.000000E+01     7  2.174113E+02  6.126738E+01  1.045145E+02  1.906420E+02
  8.000000E+00  9.000000E+01     8  1.486729E+02  8.682533E+01  8.233512E+00  1.484447E+02
  8.000000E+00  9.000000E+01     9  1.489360E+01  1.139821E+02 -6.053515E+00  1.360787E+01
  8.000000E+00  9.000000E+01    10  1.245503E+03  9.026228E+01 -5.701314E+00  1.245490E+03
  8.000000E+00  9.000000E+01    11  1.722497E+03 -1.231693E+02 -9.424042E+02 -1.441828E+03
  8.000000E+00  9.000000E+01    12  3.722338E+01  7.410419E+01  1.019508E+01  3.580001E+01
  8.000000E+00  9.000000E+01    13  3.280153E+02 -1.114595E+02 -1.200022E+02 -3.052761E+02
  8.000000E+00  9.000000E+01    14  1.569157E+02  5.912557E+01  8.052260E+01  1.346798E+02
  8.000000E+00  9.000000E+01    15  2.238544E+01 -1.421426E+02 -1.767421E+01 -1.373792E+01
  8.000000E+00  9.000000E+01    16  1.300314E+03  5.848077E+01  6.797841E+02  1.108472E+03
  8.000000E+00  9.000000E+01    17  3.537384E+03  7.092939E+01  1.155781E+03  3.343240E+03
  8.000000E+00  9.000000E+01    18  4.288885E+01  6.076313E+01  2.094783E+01  3.742516E+01
  8.000000E+00  9.000000E+01    19  9.095945E+02 -1.402545E+02 -6.993802E+02 -5.815749E+02
  8.000000E+00  9.000000E+01    20  4.397213E+02 -1.462071E+02 -3.654319E+02 -2.445697E+02
  8.000000E+00  9.000000E+01    21  1.545712E+02  8.100162E+01  2.417594E+01  1.526688E+02
  8.000000E+00  9.000000E+01    22  1.130336E+04  6.568143E+01  4.654833E+03  1.030041E+04
  8.000000E+00  9.000000E+01    23  1.020230E+04  6.574718E+01  4.190736E+03  9.301867E+03
  8.000000E+00  9.000000E+01    24  2.543060E+04  3.708487E+01  2.028708E+04  1.533458E+04
  8.000000E+00  9.000000E+01    25  1.032707E+01 -1.976488E+01  9.718681E+00 -3.492213E+00
  8.000000E+00  9.000000E+01    26  6.658005E+01  6.496988E+01  2.816967E+01  6.032722E+01
  8.000000E+00  9.000000E+01    27  2.655236E-01 -1.446794E+01  2.571033E-01 -6.633795E-02
  8.000000E+00  9.000000E+01    28  4.398615E+02  6.491831E+01  1.864617E+02  3.983845E+02
  8.000000E+00  9.000000E+01    29  7.371686E+01  1.649877E+02 -7.120092E+01  1.909461E+01
  8.000000E+00  9.000000E+01    30  1.419766E+00  1.712859E+02 -1.403377E+00  2.151012E-01
  8.000000E+00  1.350000E+02     1  5.421936E+02 -8.563721E+01  4.124550E+01 -5.406225E+02
  8.000000E+00  1.350000E+02     2  5.450358E+02 -7.566086E+01  1.349840E+02 -5.280562E+02
  8.000000E+00  1.350000E+02     3  3.121894E+02  9.869013E+01 -4.716889E+01  3.086054E+02
  8.000000E+00  1.350000E+02     4  7.148438E+03 -7.884811E+01  1.382583E+03 -7.013461E+03
  8.000000E+00  1.350000E+02     5  1.067572E+04  9.387994E+01 -7.223841E+02  1.065125E+04
  8.000000E+00  1.350000E+02     6  2.620729E+02  9.108345E+01 -4.955420E+00  2.620260E+02
  8.000000E+00  1.350000E+02     7  4.465271E+01 -1.663344E+02 -4.338864E+01 -1.054941E+01
  8.000000E+00  1.350000E+02     8  2.282120E+02 -1.543400E+02 -2.057056E+02 -9.882276E+01
  8.000000E+00  1.350000E+02     9  7.639292E+00 -6.848647E+01  2.801489E+00 -7.107070E+00
  8.000000E+00  1.350000E+02    10  1.889691E+03 -1.522892E+02 -1.672955E+03 -8.787235E+02
  8.000000E+00  1.350000E+02    11  2.196162E+02 -1.264699E+01  2.142878E+02 -4.808355E+01
  8.000000E+00  1.350000E+02    12  5.458197E+01 -1.643546E+02 -5.255967E+01 -1.471980E+01
  8.000000E+00  1.350000E+02    13  3.449483E+02 -8.767879E+01  1.397092E+01 -3.446653E+02
  8.000000E+00  1.350000E+02    14  8.130604E+01 -1.071612E+02 -2.399020E+01 -7.768618E+01
  8.000000E+00  1.350000E+02    15  2.296558E+01 -1.204058E+02 -1.162337E+01 -1.980695E+01
  8.000000E+00  1.350000E+02    16  6.737476E+02 -1.043836E+02 -1.673678E+02 -6.526284E+02
  8.000000E+00  1.350000E+02    17  3.459576E+03  9.586615E+01 -3.535857E+02  3.441459E+03
  8.000000E+00  1.350000E+02    18  2.110725E+01 -1.298820E+02 -1.353415E+01 -1.619699E+01
  8.000000E+00  1.350000E+02    19  9.509146E+02  9.648704E+01 -1.074329E+02  9.448263E+02
  8.000000E+00  1.350000E+02    20  6.971495E+02  8.918600E+01  9.904122E+00  6.970791E+02
  8.000000E+00  1.350000E+02    21  2.001199E+02 -1.196891E+02 -9.911822E+01 -1.738492E+02
  8.000000E+00  1.350000E+02    22  9.838617E+03  9.782384E+01 -1.339309E+03  9.747032E+03
  8.000000E+00  1.350000E+02    23  9.347930E+03 -4.141593E+01  7.010267E+03 -6.183846E+03
  8.000000E+00  1.350000E+02    24  3.154209E+04 -8.095580E+01  4.958304E+03 -3.114994E+04
  8.000000E+00  1.350000E+02    25  5.180921E+01 -1.187107E+02 -2.488846E+01 -4.543961E+01
  8.000000E+00  1.350000E+02    26  5.114030E+01  7.715606E+01  1.136830E+01  4.986073E+01
  8.000000E+00  1.350000E+02    27  2.085444E-01 -1.657612E+01  1.998776E-01 -5.949540E-02
  8.000000E+00  1.350000E+02    28  3.370119E+02  7.745409E+01  7.320632E+01  3.289648E+02
  8.000000E+00  1.350000E+02    29  3.341772E+02  6.182310E+01  1.577969E+02  2.945751E+02
  8.000000E+00  1.350000E+02    30  1.342807E+00  1.690004E+02 -1.318138E+00  2.562113E-01
  8.000000E+00  1.800000E+02     1  2.617785E+02 -1.641106E+02 -2.517764E+02 -7.167020E+01
  8.000000E+00  1.800000E+02     2  2.343283E+02 -1.517928E+02 -2.065004E+02 -1.107579E+02
  8.000000E+00  1.800000E+02     3  2.154352E+02  3.103727E+01  1.845918E+02  1.110774E+02
  8.000000E+00  1.800000E+02     4  3.729602E+03 -1.532400E+02 -3.330164E+03 -1.679268E+03
  8.000000E+00  1.800000E+02     5  6.733266E+03  2.292907E+01  6.201256E+03  2.623221E+03
  8.000000E+00  1.800000E+02     6  2.006687E+02  2.630892E+01  1.798830E+02  8.893853E+01
  8.000000E+00  1.800000E+02     7  2.263954E+02  1.770383E+02 -2.260930E+02  1.169741E+01
  8.000000E+00  1.800000E+02     8  2.577399E+02  9.629894E-01  2.577035E+02  4.331717E+00
  8.000000E+00  1.800000E+02     9  1.650183E+01  1.589419E+02 -1.539978E+01  5.929346E+00
  8.000000E+00  1.800000E+02    10  2.187299E+03  2.741701E+00  2.184796E+03  1.046261E+02
  8.000000E+00  1.800000E+02    11  2.102710E+03 -2.517916E+00  2.100680E+03 -9.237581E+01
  8.000000E+00  1.800000E+02    12  5.466442E+01 -1.154440E+01  5.355855E+01 -1.093984E+01
  8.000000E+00  1.800000E+02    13  1.995014E+02 -1.708034E+02 -1.969370E+02 -3.188490E+01
  8.000000E+00  1.800000E+02    14  2.497339E+02 -1.791518E+02 -2.497065E+02 -3.696911E+00
  8.000000E+00  1.800000E+02    15  1.530862E+01  1.508651E+02 -1.337171E+01  7.453278E+00
  8.000000E+00  1.800000E+02    16  2.086267E+03 -1.776839E+02 -2.084562E+03 -8.431281E+01
  8.000000E+00  1.800000E+02    17  1.856357E+03  2.220658E+01  1.718666E+03  7.016046E+02
  8.000000E+00  1.800000E+02    18  5.770978E+01  1.693001E+02 -5.670638E+01  1.071472E+01
  8.000000E+00  1.800000E+02    19  7.433102E+02  1.781447E+01  7.076701E+02  2.274052E+02
  8.000000E+00  1.800000E+02    20  4.221495E+02  3.131542E+01  3.606504E+02  2.194118E+02
  8.000000E+00  1.800000E+02    21  3.223705E+02 -1.519828E+02 -2.845909E+02 -1.514290E+02
  8.000000E+00  1.800000E+02    22  5.468679E+02  4.200503E+01  4.063699E+02  3.659617E+02
  8.000000E+00  1.800000E+02    23  3.884594E+03  1.138220E+02 -1.568971E+03  3.553646E+03
  8.000000E+00  1.800000E+02    24  2.251843E+04 -1.543496E+02 -2.029929E+04 -9.747750E+03
  8.000000E+00  1.800000E+02    25  5.663520E+01 -1.169761E+02 -2.569082E+01 -5.047304E+01
  8.000000E+00  1.800000E+02    26  1.096937E+00 -1.319808E+02 -7.337203E-01 -8.154297E-01
  8.000000E+00  1.800000E+02    27  2.440641E-01  1.023081E+01  2.401835E-01  4.334917E-02
  8.000000E+00  1.800000E+02    28  8.058457E+00 -1.316557E+02 -5.356080E+00 -6.020893E+00
  8.000000E+00  1.800000E+02    29  3.680094E+02  6.337689E+01  1.649123E+02  3.289907E+02
  8.000000E+00  1.800000E+02    30  1.510794E+00 -1.742448E+02 -1.503179E+00 -1.515007E-01
  9.000000E+00 -1.800000E+02     1  2.987174E+02 -1.217795E+02 -1.573200E+02 -2.539340E+02
  9.000000E+00 -1.800000E+02     2  2.360711E+02 -1.065567E+02 -6.727184E+01 -2.262831E+02
  9.000000E+00 -1.800000E+02     3  2.128073E+02  8.115168E+01  3.273387E+01  2.102747E+02
  9.000000E+00 -1.800000E+02     4  3.784449E+03 -1.075842E+02 -1.143308E+03 -3.607617E+03
  9.000000E+00 -1.800000E+02     5  7.160340E+03  6.671593E+01  2.830411E+03  6.577175E+03
  9.000000E+00 -1.800000E+02     6  2.074406E+02  7.248906E+01  6.241639E+01  1.978277E+02
  9.000000E+00 -1.800000E+02     7  1.459766E+02  1.785224E+02 -1.459281E+02  3.764168E+00
  9.000000E+00 -1.800000E+02     8  1.927104E+02 -8.037453E+00  1.908174E+02 -2.694484E+01
  9.000000E+00 -1.800000E+02     9  2.284412E+01  9.565151E+01 -2.249634E+00  2.273308E+01
  9.000000E+00 -1.800000E+02    10  1.735979E+03 -4.323741E+00  1.731039E+03 -1.308788E+02
  9.000000E+00 -1.800000E+02    11  1.375448E+03 -4.480183E+00  1.371246E+03 -1.074422E+02
  9.000000E+00 -1.800000E+02    12  4.500470E+01 -3.312107E+01  3.769224E+01 -2.459102E+01
  9.000000E+00 -1.800000E+02    13  1.673695E+02 -1.619294E+02 -1.591140E+02 -5.191608E+01
  9.000000E+00 -1.800000E+02    14  1.883173E+02  1.692296E+02 -1.849999E+02  3.519169E+01
  9.000000E+00 -1.800000E+02    15  2.381491E+01  9.316685E+01 -1.315624E+00  2.377854E+01
  9.000000E+00 -1.800000E+02    16  1.653891E+03  1.721037E+02 -1.638209E+03  2.272140E+02
  9.000000E+00 -1.800000E+02    17  1.896884E+03  3.112902E+01  1.623743E+03  9.806264E+02
  9.000000E+00 -1.800000E+02    18  4.874392E+01  1.492512E+02 -4.189137E+01  2.492153E+01
  9.000000E+00 -1.800000E+02    19  5.379986E+02  6.507377E+01  2.267401E+02  4.878846E+02
  9.000000E+00 -1.800000E+02    20  4.843125E+02  7.225851E+01  1.475811E+02  4.612791E+02
  9.000000E+00 -1.800000E+02    21  3.539973E+02 -1.489739E+02 -3.033519E+02 -1.824603E+02
  9.000000E+00 -1.800000E+02    22  6.706937E+02  4.910931E+01  4.390482E+02  5.070174E+02
  9.000000E+00 -1.800000E+02    23  6.479271E+03  5.377626E+01  3.828860E+03  5.226929E+03
  9.000000E+00 -1.800000E+02    24  2.303330E+04 -1.075745E+02 -6.954798E+03 -2.195823E+04
  9.000000E+00 -1.800000E+02    25  7.118878E+01 -1.072607E+02 -2.112317E+01 -6.798275E+01
  9.000000E+00 -1.800000E+02    26  1.473760E+00 -6.234508E+01  6.840389E-01 -1.305396E+00
  9.000000E+00 -1.800000E+02    27  5.868753E-02  5.686999E+00  5.839868E-02  5.815580E-03
  9.000000E+00 -1.800000E+02    28  1.077049E+01 -6.716096E+01  4.180498E+00 -9.926071E+00
  9.000000E+00 -1.800000E+02    29  4.798292E+02  7.315561E+01  1.390417E+02  4.592422E+02
  9.000000E+00 -1.800000E+02    30  1.155871E+00  1.768238E+02 -1.154095E+00  6.404284E-02
  9.000000E+00 -1.350000E+02     1  3.625320E+02 -1.435303E+02 -2.915379E+02 -2.154881E+02
  9.000000E+00 -1.350000E+02     2  2.636303E+02 -1.718246E+02 -2.609512E+02 -3.748910E+01
  9.000000E+00 -1.350000E+02     3  1.302308E+02  5.308587E+01  7.821887E+01  1.041242E+02
  9.000000E+00 -1.350000E+02     4  3.324737E+03 -1.574775E+02 -3.071156E+03 -1.273528E+03
  9.000000E+00 -1.350000E+02     5  6.193343E+03  4.905233E+01  4.058928E+03  4.677884E+03
  9.000000E+00 -1.350000E+02     6  1.416956E+02  6.830656E+01  5.237643E+01  1.316600E+02
  9.000000E+00 -1.350000E+02     7  2.352597E+02 -1.186743E+02 -1.128847E+02 -2.064078E+02
  9.000000E+00 -1.350000E+02     8  8.080358E+01  7.500305E+01  2.090935E+01  7.805138E+01
  9.000000E+00 -1.350000E+02     9  3.000265E+01 -1.794187E+02 -3.000110E+01 -3.044120E-01
  9.000000E+00 -1.350000E+02    10  7.663851E+02  8.190268E+01  1.079491E+02  7.587444E+02
  9.000000E+00 -1.350000E+02    11  2.028263E+03  6.084750E+01  9.880396E+02  1.771335E+03
  9.000000E+00 -1.350000E+02    12  1.820458E+01  2.274636E+01  1.678872E+01  7.038843E+00
  9.000000E+00 -1.350000E+02    13  1.151936E+02 -1.675220E+02 -1.124727E+02 -2.488923E+01
  9.000000E+00 -1.350000E+02    14  2.327782E+02  3.921814E+01  1.803436E+02  1.471798E+02
  9.000000E+00 -1.350000E+02    15  2.107107E+01 -4.368261E+01  1.523811E+01 -1.455300E+01
  9.000000E+00 -1.350000E+02    16  1.997088E+03  4.066861E+01  1.514774E+03  1.301468E+03
  9.000000E+00 -1.350000E+02    17  1.710474E+03  7.245653E+00  1.696816E+03  2.157314E+02
  9.000000E+00 -1.350000E+02    18  6.698970E+01  3.223737E+01  5.666293E+01  3.573418E+01
  9.000000E+00 -1.350000E+02    19  3.685146E+02  5.968223E+01  1.860244E+02  3.181161E+02
  9.000000E+00 -1.350000E+02    20  2.319658E+02  3.882996E+01  1.807037E+02  1.454452E+02
  9.000000E+00 -1.350000E+02    21  3.514277E+02 -1.799408E+02 -3.514276E+02 -3.631903E-01
  9.000000E+00 -1.350000E+02    22  9.253644E+03 -7.796478E+01  1.929506E+03 -9.050244E+03
  9.000000E+00 -1.350000E+02    23  5.278342E+03  1.124275E+02 -2.013761E+03  4.879104E+03
  9.000000E+00 -1.350000E+02    24  1.905438E+04 -1.289771E+02 -1.198538E+04 -1.481283E+04
  9.000000E+00 -1.350000E+02    25  4.876947E+01 -1.021296E+02 -1.024763E+01 -4.768068E+01
  9.000000E+00 -1.350000E+02    26  4.279259E+01 -9.595949E+01 -4.442948E+00 -4.256132E+01
  9.000000E+00 -1.350000E+02    27  1.099192E-01  1.045935E+01  1.080928E-01  1.995450E-02
  9.000000E+00 -1.350000E+02    28  2.928717E+02 -9.572620E+01 -2.922122E+01 -2.914103E+02
  9.000000E+00 -1.350000E+02    29  3.323693E+02  7.881885E+01  6.445029E+01  3.260606E+02
  9.000000E+00 -1.350000E+02    30  1.287217E+00  1.690497E+02 -1.263780E+00  2.445156E-01
  9.000000E+00 -9.000000E+01     1  4.553084E+02 -5.479285E+01  2.625009E+02 -3.720202E+02
  9.000000E+00 -9.000000E+01     2  4.307747E+02 -8.045885E+01  7.140352E+01 -4.248157E+02
  9.000000E+00 -9.000000E+01     3  1.981048E+02  1.111934E+02 -7.161843E+01  1.847060E+02
  9.000000E+00 -9.000000E+01     4  5.354527E+03 -7.473876E+01  1.409422E+03 -5.165703E+03
  9.000000E+00 -9.000000E+01     5  7.754444E+03  1.251932E+02 -4.469162E+03  6.337034E+03
  9.000000E+00 -9.000000E+01     6  1.604553E+02  1.304469E+02 -1.040943E+02  1.221076E+02
  9.000000E+00 -9.000000E+01     7  2.005216E+02 -1.333580E+02 -1.376691E+02 -1.457948E+02
  9.000000E+00 -9.000000E+01     8  1.258835E+02 -1.356740E+02 -9.005408E+01 -8.795976E+01
  9.000000E+00 -9.000000E+01     9  2.793775E+01  1.643111E+02 -2.689691E+01  7.554764E+00
  9.000000E+00 -9.000000E+01    10  1.104263E+03 -1.395225E+02 -8.399694E+02 -7.168325E+02
  9.000000E+00 -9.000000E+01    11  1.573877E+03  4.705727E+01  1.072231E+03  1.152133E+03
  9.000000E+00 -9.000000E+01    12  3.558622E+01 -1.204569E+02 -1.803830E+01 -3.067570E+01
  9.000000E+00 -9.000000E+01    13  3.058277E+02  1.053172E+02 -8.078838E+01  2.949641E+02
  9.000000E+00 -9.000000E+01    14  1.328177E+02 -5.555919E+01  7.511563E+01 -1.095362E+02
  9.000000E+00 -9.000000E+01    15  2.792277E+01 -1.700159E+02 -2.749991E+01 -4.841111E+00
  9.000000E+00 -9.000000E+01    16  1.136740E+03 -5.339045E+01  6.779049E+02 -9.124818E+02
  9.000000E+00 -9.000000E+01    17  3.536279E+03 -7.792304E+01  7.398793E+02 -3.458012E+03
  9.000000E+00 -9.000000E+01    18  4.201043E+01 -6.387847E+01  1.849621E+01 -3.771957E+01
  9.000000E+00 -9.000000E+01    19  7.145681E+02  1.211421E+02 -3.695477E+02  6.115897E+02
  9.000000E+00 -9.000000E+01    20  2.547787E+02  1.484631E+02 -2.171487E+02  1.332614E+02
  9.000000E+00 -9.000000E+01    21  2.103060E+02 -1.527352E+02 -1.869407E+02 -9.634199E+01
  9.000000E+00 -9.000000E+01    22  1.472837E+04 -1.029759E+02 -3.307127E+03 -1.435227E+04
  9.000000E+00 -9.000000E+01    23  1.009201E+04 -8.080119E+01  1.613317E+03 -9.962221E+03
  9.000000E+00 -9.000000E+01    24  1.898059E+04 -5.560694E+01  1.072151E+04 -1.566244E+04
  9.000000E+00 -9.000000E+01    25  5.636310E+00  5.727879E+01  3.046718E+00  4.741888E+00
  9.000000E+00 -9.000000E+01    26  6.703224E+01 -1.025781E+02 -1.459766E+01 -6.542346E+01
  9.000000E+00 -9.000000E+01    27  1.172279E-01  2.016928E+01  1.100392E-01  4.041958E-02
  9.000000E+00 -9.000000E+01    28  4.576179E+02 -1.025605E+02 -9.951864E+01 -4.466656E+02
  9.000000E+00 -9.000000E+01    29  3.701757E+01 -1.337556E+02 -2.560077E+01 -2.673763E+01
  9.000000E+00 -9.000000E+01    30  1.246199E+00  1.760584E+02 -1.243251E+00  8.566289E-02
  9.000000E+00 -4.500000E+01     1  4.871501E+02  4.409305E+01  3.498765E+02  3.389716E+02
  9.000000E+00 -4.500000E+01     2  4.797358E+02  3.332835E+01  4.008363E+02  2.635842E+02
  9.000000E+00 -4.500000E+01     3  2.911510E+02 -1.498813E+02 -2.518420E+02 -1.460977E+02
  9.000000E+00 -4.500000E+01     4  6.510891E+03  3.448925E+01  5.366488E+03  3.686802E+03
  9.000000E+00 -4.500000E+01     5  9.860321E+03 -1.397256E+02 -7.522998E+03 -6.374202E+03
  9.000000E+00 -4.500000E+01     6  2.455095E+02 -1.417890E+02 -1.929062E+02 -1.518622E+02
  9.000000E+00 -4.500000E+01     7  3.434477E+01  1.495448E+02 -2.960606E+01  1.740817E+01
  9.000000E+00 -4.500000E+01     8  2.121292E+02  1.226215E+02 -1.143560E+02  1.786659E+02
  9.000000E+00 -4.500000E+01     9  2.364060E+01  5.297756E+01  1.423466E+01  1.887465E+01
  9.000000E+00 -4.500000E+01    10  1.887011E+03  1.202700E+02 -9.511967E+02  1.629735E+03
  9.000000E+00 -4.500000E+01    11  1.543006E+02  1.954198E+00  1.542108E+02  5.261740E+00
  9.000000E+00 -4.500000E+01    12  5.035653E+01  1.348938E+02 -3.554139E+01  3.567338E+01
  9.000000E+00 -4.500000E+01    13  3.189057E+02  8.635179E+01  2.029208E+01  3.182595E+02
  9.000000E+00 -4.500000E+01    14  7.823372E+01  1.000157E+02 -1.360623E+01  7.704145E+01
  9.000000E+00 -4.500000E+01    15  3.033445E+01  1.708147E+02 -2.994548E+01  4.842223E+00
  9.000000E+00 -4.500000E+01    16  7.105615E+02  9.434239E+01 -5.380124E+01  7.085218E+02
  9.000000E+00 -4.500000E+01    17  3.479734E+03 -9.864983E+01 -5.233353E+02 -3.440155E+03
  9.000000E+00 -4.500000E+01    18  1.973998E+01  1.463745E+02 -1.643699E+01  1.093126E+01
  9.000000E+00 -4.500000E+01    19  8.284477E+02 -1.490578E+02 -7.105483E+02 -4.259656E+02
  9.000000E+00 -4.500000E+01    20  7.042363E+02 -1.307577E+02 -4.597685E+02 -5.334432E+02
  9.000000E+00 -4.500000E+01    21  1.604740E+02  1.181223E+02 -7.564014E+01  1.415290E+02
  9.000000E+00 -4.500000E+01    22  1.290369E+04 -1.178926E+02 -6.036555E+03 -1.140461E+04
  9.000000E+00 -4.500000E+01    23  8.205423E+03 -1.119544E+01  8.049278E+03 -1.593135E+03
  9.000000E+00 -4.500000E+01    24  3.094670E+04  3.241166E+01  2.612579E+04  1.658739E+04
  9.000000E+00 -4.500000E+01    25  4.529530E+01  6.944659E+01  1.590229E+01  4.241204E+01
  9.000000E+00 -4.500000E+01    26  5.132517E+01 -1.065240E+02 -1.459771E+01 -4.920549E+01
  9.000000E+00 -4.500000E+01    27  7.531157E-02  1.862063E+01  7.136928E-02  2.404703E-02
  9.000000E+00 -4.500000E+01    28  3.501384E+02 -1.067104E+02 -1.006769E+02 -3.353521E+02
  9.000000E+00 -4.500000E+01    29  3.036437E+02 -1.115101E+02 -1.113355E+02 -2.824958E+02
  9.000000E+00 -4.500000E+01    30  1.231855E+00  1.767196E+02 -1.229837E+00  7.048943E-02
  9.000000E+00  0.000000E+00     1  2.356771E+02  1.035462E+02 -5.520237E+01  2.291209E+02
  9.000000E+00  0.000000E+00     2  1.933387E+02  8.831966E+01  5.669298E+00  1.932556E+02
  9.000000E+00  0.000000E+00     3  1.795627E+02 -1.056130E+02 -4.832727E+01 -1.729371E+02
  9.000000E+00  0.000000E+00     4  3.097370E+03  8.748511E+01  1.359096E+02  3.094386E+03
  9.000000E+00  0.000000E+00     5  5.757748E+03 -8.831878E+01  1.689244E+02 -5.755269E+03
  9.000000E+00  0.000000E+00     6  1.702819E+02 -9.659647E+01 -1.956131E+01 -1.691546E+02
  9.000000E+00  0.000000E+00     7  1.205926E+02  1.680881E+02 -1.179957E+02  2.489125E+01
  9.000000E+00  0.000000E+00     8  2.258440E+02 -3.136761E+00  2.255056E+02 -1.235806E+01
  9.000000E+00  0.000000E+00     9  2.007194E+01 -1.027723E+02 -4.437455E+00 -1.957528E+01
  9.000000E+00  0.000000E+00    10  2.021859E+03 -6.042356E+00  2.010626E+03 -2.128282E+02
  9.000000E+00  0.000000E+00    11  1.197180E+03 -8.160598E+00  1.185057E+03 -1.699376E+02
  9.000000E+00  0.000000E+00    12  5.306141E+01  1.608021E+01  5.098538E+01  1.469709E+01
  9.000000E+00  0.000000E+00    13  1.226693E+02  1.390708E+02 -9.267899E+01  8.036387E+01
  9.000000E+00  0.000000E+00    14  2.208395E+02  1.787851E+02 -2.207899E+02  4.682240E+00
  9.000000E+00  0.000000E+00    15  2.085208E+01 -9.549165E+01 -1.995558E+00 -2.075637E+01
  9.000000E+00  0.000000E+00    16  1.935564E+03  1.765055E+02 -1.931965E+03  1.179771E+02
  9.000000E+00  0.000000E+00    17  1.489089E+03 -5.638858E+01  8.242967E+02 -1.240130E+03
  9.000000E+00  0.000000E+00    18  5.727320E+01 -1.655931E+02 -5.547215E+01 -1.424992E+01
  9.000000E+00  0.000000E+00    19  4.164753E+02 -8.447655E+01  4.008707E+01 -4.145416E+02
  9.000000E+00  0.000000E+00    20  4.058635E+02 -9.655994E+01 -4.636686E+01 -4.032063E+02
  9.000000E+00  0.000000E+00    21  3.701166E+02  1.361841E+02 -2.670642E+02  2.562479E+02
  9.000000E+00  0.000000E+00    22  5.317540E+02 -9.892776E+01 -8.252241E+01 -5.253116E+02
  9.000000E+00  0.000000E+00    23  5.980972E+03 -7.826871E+01  1.216064E+03 -5.856041E+03
  9.000000E+00  0.000000E+00    24  1.889022E+04  8.436752E+01  1.854021E+03  1.879902E+04
  9.000000E+00  0.000000E+00    25  6.297038E+01  8.144305E+01  9.369509E+00  6.226942E+01
  9.000000E+00  0.000000E+00    26  1.216009E+00  1.318790E+02 -8.117580E-01  9.053877E-01
  9.000000E+00  0.000000E+00    27  6.942847E-02 -2.588342E+01  6.246370E-02 -3.030840E-02
  9.000000E+00  0.000000E+00    28  9.040753E+00  1.276954E+02 -5.528088E+00  7.153703E+00
  9.000000E+00  0.000000E+00    29  4.243897E+02 -9.909543E+01 -6.708717E+01 -4.190536E+02
  9.000000E+00  0.000000E+00    30  1.342794E+00  1.632649E+02 -1.285921E+00  3.866540E-01
  9.000000E+00  4.500000E+01     1  2.814694E+02  1.314321E+02 -1.862571E+02  2.110291E+02
  9.000000E+00  4.500000E+01     2  1.923940E+02  1.649313E+02 -1.857784E+02  5.001806E+01
  9.000000E+00  4.500000E+01     3  8.937546E+01 -8.587743E+01  6.425242E+00 -8.914420E+01
  9.000000E+00  4.500000E+01     4  2.244754E+03  1.452854E+02 -1.845184E+03  1.278364E+03
  9.000000E+00  4.500000E+01     5  4.556211E+03 -6.920210E+01  1.617786E+03 -4.259322E+03
  9.000000E+00  4.500000E+01     6  1.122799E+02 -9.812858E+01 -1.587581E+01 -1.111518E+02
  9.000000E+00  4.500000E+01     7  2.549689E+02  9.563390E+01 -2.503074E+01  2.537373E+02
  9.000000E+00  4.500000E+01     8  8.271914E+01 -8.345015E+01  9.435571E+00 -8.217923E+01
  9.000000E+00  4.500000E+01     9  3.030365E+01  1.674637E+02 -2.958117E+01  6.577649E+00
  9.000000E+00  4.500000E+01    10  7.869855E+02 -9.184947E+01 -2.539902E+01 -7.865755E+02
  9.000000E+00  4.500000E+01    11  2.190385E+03 -8.326994E+01  2.566952E+02 -2.175292E+03
  9.000000E+00  4.500000E+01    12  2.182475E+01 -2.434622E+01  1.988390E+01 -8.997243E+00
  9.000000E+00  4.500000E+01    13  1.172318E+02  1.636197E+02 -1.124735E+02  3.306068E+01
  9.000000E+00  4.500000E+01    14  2.093373E+02 -5.856432E+01  1.091780E+02 -1.786121E+02
  9.000000E+00  4.500000E+01    15  2.530581E+01  5.103911E+01  1.591203E+01  1.967717E+01
  9.000000E+00  4.500000E+01    16  1.820806E+03 -6.028790E+01  9.024684E+02 -1.581419E+03
  9.000000E+00  4.500000E+01    17  1.642705E+03 -1.046279E+01  1.615392E+03 -2.983103E+02
  9.000000E+00  4.500000E+01    18  5.619975E+01 -4.985229E+01  3.623537E+01 -4.295824E+01
  9.000000E+00  4.500000E+01    19  2.643217E+02 -8.699210E+01  1.386990E+01 -2.639576E+02
  9.000000E+00  4.500000E+01    20  1.175601E+02 -5.087711E+01  7.417873E+01 -9.120243E+01
  9.000000E+00  4.500000E+01    21  2.988803E+02  1.639380E+02 -2.872129E+02  8.269339E+01
  9.000000E+00  4.500000E+01    22  1.219444E+04  6.280308E+01  5.573471E+03  1.084624E+04
  9.000000E+00  4.500000E+01    23  5.948204E+03 -1.286495E+02 -3.714980E+03 -4.645434E+03
  9.000000E+00  4.500000E+01    24  1.397401E+04  1.053397E+02 -3.696711E+03  1.347618E+04
  9.000000E+00  4.500000E+01    25  4.662373E+01  7.222833E+01  1.423070E+01  4.439887E+01
  9.000000E+00  4.500000E+01    26  5.340484E+01  7.484080E+01  1.396547E+01  5.154651E+01
  9.000000E+00  4.500000E+01    27  1.024788E-01 -3.501385E+01  8.393149E-02 -5.879971E-02
  9.000000E+00  4.500000E+01    28  3.656344E+02  7.465522E+01  9.675671E+01  3.525999E+02
  9.000000E+00  4.500000E+01    29  3.193248E+02 -1.085842E+02 -1.017683E+02 -3.026740E+02
  9.000000E+00  4.500000E+01    30  1.215242E+00  1.703461E+02 -1.198033E+00  2.037918E-01
  9.000000E+00  9.000000E+01     1  5.933314E+02  4.525468E+01  4.176797E+02  4.214094E+02
  9.000000E+00  9.000000E+01     2  5.118671E+02  6.318092E+01  2.309415E+02  4.568084E+02
  9.000000E+00  9.000000E+01     3  2.480315E+02 -1.277772E+02 -1.519424E+02 -1.960437E+02
  9.000000E+00  9.000000E+01     4  6.568720E+03  5.848350E+01  3.433760E+03  5.599766E+03
  9.000000E+00  9.000000E+01     5  1.016231E+04 -1.354336E+02 -7.240016E+03 -7.131246E+03
  9.000000E+00  9.000000E+01     6  2.114261E+02 -1.397683E+02 -1.614109E+02 -1.365559E+02
  9.000000E+00  9.000000E+01     7  2.058865E+02  1.062039E+02 -5.745405E+01  1.977076E+02
  9.000000E+00  9.000000E+01     8  1.314108E+02  1.292942E+02 -8.322279E+01  1.016994E+02
  9.000000E+00  9.000000E+01     9  2.779689E+01 -1.749501E+02 -2.768899E+01 -2.446800E+00
  9.000000E+00  9.000000E+01    10  1.159870E+03  1.338237E+02 -8.031416E+02  8.368161E+02
  9.000000E+00  9.000000E+01    11  1.624242E+03 -7.556402E+01  4.049205E+02 -1.572959E+03
  9.000000E+00  9.000000E+01    12  3.691804E+01  1.100289E+02 -1.264421E+01  3.468523E+01
  9.000000E+00  9.000000E+01    13  2.974309E+02 -1.289690E+02 -1.870541E+02 -2.312486E+02
  9.000000E+00  9.000000E+01    14  1.246632E+02  4.973966E+01  8.056503E+01  9.513243E+01
  9.000000E+00  9.000000E+01    15  2.896278E+01  1.626682E+02 -2.764775E+01  8.628138E+00
  9.000000E+00  9.000000E+01    16  1.069653E+03  4.790652E+01  7.170334E+02  7.937381E+02
  9.000000E+00  9.000000E+01    17  3.353075E+03  5.493633E+01  1.926296E+03  2.744539E+03
  9.000000E+00  9.000000E+01    18  3.882158E+01  5.591311E+01  2.175754E+01  3.215159E+01
  9.000000E+00  9.000000E+01    19  8.862440E+02 -1.343935E+02 -6.200009E+02 -6.332672E+02
  9.000000E+00  9.000000E+01    20  3.299763E+02 -1.464889E+02 -2.751271E+02 -1.821795E+02
  9.000000E+00  9.000000E+01    21  2.496463E+02  1.220512E+02 -1.324814E+02  2.115938E+02
  9.000000E+00  9.000000E+01    22  1.476697E+04  7.878047E+01  2.873190E+03  1.448476E+04
  9.000000E+00  9.000000E+01    23  9.601798E+03  6.065881E+01  4.704969E+03  8.370053E+03
  9.000000E+00  9.000000E+01    24  2.551597E+04  4.378846E+01  1.841997E+04  1.765699E+04
  9.000000E+00  9.000000E+01    25  9.066457E+00  4.227551E+01  6.708440E+00  6.098972E+00
  9.000000E+00  9.000000E+01    26  6.868781E+01  7.708327E+01  1.535411E+01  6.694973E+01
  9.000000E+00  9.000000E+01    27  1.130090E-01 -4.155742E+01  8.456363E-02 -7.496680E-02
  9.000000E+00  9.000000E+01    28  4.691022E+02  7.707803E+01  1.049024E+02  4.572225E+02
  9.000000E+00  9.000000E+01    29  6.890984E+01 -1.396137E+02 -5.248817E+01 -4.464927E+01
  9.000000E+00  9.000000E+01    30  1.286274E+00  1.624411E+02 -1.226343E+00  3.880501E-01
  9.000000E+00  1.350000E+02     1  5.393624E+02 -5.556911E+01  3.049619E+02 -4.448709E+02
  9.000000E+00  1.350000E+02     2  5.132134E+02 -4.356336E+01  3.718810E+02 -3.536843E+02
  9.000000E+00  1.350000E+02     3  3.006083E+02  1.335224E+02 -2.070105E+02  2.179725E+02
  9.000000E+00  1.350000E+02     4  6.904975E+03 -4.665402E+01  4.739590E+03 -5.021451E+03
  9.000000E+00  1.350000E+02     5  1.059999E+04  1.247656E+02 -6.044331E+03  8.707803E+03
  9.000000E+00  1.350000E+02     6  2.571015E+02  1.231482E+02 -1.405846E+02  2.152606E+02
  9.000000E+00  1.350000E+02     7  1.230408E+01 -1.082797E+02 -3.859256E+00 -1.168317E+01
  9.000000E+00  1.350000E+02     8  2.382748E+02 -1.418471E+02 -1.873709E+02 -1.471972E+02
  9.000000E+00  1.350000E+02     9  1.987253E+01 -3.755743E+01  1.575380E+01 -1.211343E+01
  9.000000E+00  1.350000E+02    10  2.070194E+03 -1.400653E+02 -1.587376E+03 -1.328887E+03
  9.000000E+00  1.350000E+02    11  1.423969E+02 -1.662572E+02 -1.383203E+02 -3.382827E+01
  9.000000E+00  1.350000E+02    12  6.340620E+01 -1.501790E+02 -5.501016E+01 -3.153138E+01
  9.000000E+00  1.350000E+02    13  2.900627E+02 -1.125790E+02 -1.113718E+02 -2.678296E+02
  9.000000E+00  1.350000E+02    14  7.276431E+01 -1.074520E+02 -2.182245E+01 -6.941489E+01
  9.000000E+00  1.350000E+02    15  3.064078E+01  1.766637E+02 -3.058885E+01  1.783168E+00
  9.000000E+00  1.350000E+02    16  6.642777E+02 -1.027794E+02 -1.469369E+02 -6.478228E+02
  9.000000E+00  1.350000E+02    17  3.086009E+03  7.206574E+01  9.502610E+02  2.936062E+03
  9.000000E+00  1.350000E+02    18  1.571188E+01 -1.483129E+02 -1.336970E+01 -8.253131E+00
  9.000000E+00  1.350000E+02    19  8.999486E+02  1.343077E+02 -6.286247E+02  6.440020E+02
  9.000000E+00  1.350000E+02    20  6.941922E+02  1.129585E+02 -2.707790E+02  6.392039E+02
  9.000000E+00  1.350000E+02    21  1.467733E+02 -1.420613E+02 -1.157556E+02 -9.023877E+01
  9.000000E+00  1.350000E+02    22  1.009679E+04  9.875914E+01 -1.537549E+03  9.979032E+03
  9.000000E+00  1.350000E+02    23  1.134314E+04  8.503732E-01  1.134189E+04  1.683465E+02
  9.000000E+00  1.350000E+02    24  3.228778E+04 -4.834119E+01  2.146147E+04 -2.412272E+04
  9.000000E+00  1.350000E+02    25  5.144212E+01 -1.008686E+02 -9.699744E+00 -5.051937E+01
  9.000000E+00  1.350000E+02    26  4.197271E+01  8.132856E+01  6.328144E+00  4.149293E+01
  9.000000E+00  1.350000E+02    27  7.577626E-02 -4.060430E+01  5.753104E-02 -4.931755E-02
  9.000000E+00  1.350000E+02    28  2.857055E+02  8.161703E+01  4.165269E+01  2.826530E+02
  9.000000E+00  1.350000E+02    29  3.450802E+02  7.999888E+01  5.992920E+01  3.398365E+02
  9.000000E+00  1.350000E+02    30  1.273467E+00  1.611709E+02 -1.205318E+00  4.110065E-01
  9.000000E+00  1.800000E+02     1  2.987162E+02 -1.217811E+02 -1.573266E+02 -2.539285E+02
  9.000000E+00  1.800000E+02     2  2.360674E+02 -1.065588E+02 -6.727895E+01 -2.262772E+02
  9.000000E+00  1.800000E+02     3  2.128030E+02  8.115042E+01  3.273782E+01  2.102697E+02
  9.000000E+00  1.800000E+02     4  3.784391E+03 -1.075862E+02 -1.143420E+03 -3.607521E+03
  9.000000E+00  1.800000E+02     5  7.160303E+03  6.671477E+01  2.830531E+03  6.577084E+03
  9.000000E+00  1.800000E+02     6  2.074391E+02  7.248637E+01  6.242519E+01  1.978233E+02
  9.000000E+00  1.800000E+02     7  1.459764E+02  1.785218E+02 -1.459278E+02  3.765648E+00
  9.000000E+00  1.800000E+02     8  1.927105E+02 -8.037393E+00  1.908175E+02 -2.694466E+01
  9.000000E+00  1.800000E+02     9  2.284404E+01  9.565160E+01 -2.249663E+00  2.273299E+01
  9.000000E+00  1.800000E+02    10  1.735980E+03 -4.323690E+00  1.731039E+03 -1.308773E+02
  9.000000E+00  1.800000E+02    11  1.375446E+03 -4.481317E+00  1.371241E+03 -1.074691E+02
  9.000000E+00  1.800000E+02    12  4.500483E+01 -3.312111E+01  3.769233E+01 -2.459112E+01
  9.000000E+00  1.800000E+02    13  1.673667E+02 -1.619308E+02 -1.591126E+02 -5.191140E+01
  9.000000E+00  1.800000E+02    14  1.883172E+02  1.692297E+02 -1.849999E+02  3.519137E+01
  9.000000E+00  1.800000E+02    15  2.381485E+01  9.316676E+01 -1.315587E+00  2.377848E+01
  9.000000E+00  1.800000E+02    16  1.653890E+03  1.721039E+02 -1.638209E+03  2.272070E+02
  9.000000E+00  1.800000E+02    17  1.896823E+03  3.112722E+01  1.623721E+03  9.805436E+02
  9.000000E+00  1.800000E+02    18  4.874395E+01  1.492509E+02 -4.189127E+01  2.492177E+01
  9.000000E+00  1.800000E+02    19  5.379968E+02  6.507233E+01  2.267516E+02  4.878774E+02
  9.000000E+00  1.800000E+02    20  4.843035E+02  7.225684E+01  1.475918E+02  4.612663E+02
  9.000000E+00  1.800000E+02    21  3.539983E+02 -1.489748E+02 -3.033556E+02 -1.824559E+02
  9.000000E+00  1.800000E+02    22  6.706846E+02  4.910721E+01  4.390608E+02  5.069945E+02
  9.000000E+00  1.800000E+02    23  6.479323E+03  5.377896E+01  3.828645E+03  5.227151E+03
  9.000000E+00  1.800000E+02    24  2.303302E+04 -1.075763E+02 -6.955429E+03 -2.195773E+04
  9.000000E+00  1.800000E+02    25  7.118874E+01 -1.072607E+02 -2.112317E+01 -6.798270E+01
  9.000000E+00  1.800000E+02    26  1.473764E+00 -6.234632E+01  6.840124E-01 -1.305415E+00
  9.000000E+00  1.800000E+02    27  5.868587E-02  5.686421E+00  5.839708E-02  5.814826E-03
  9.000000E+00  1.800000E+02    28  1.077053E+01 -6.716236E+01  4.180270E+00 -9.926211E+00
  9.000000E+00  1.800000E+02    29  4.798288E+02  7.315560E+01  1.390417E+02  4.592419E+02
  9.000000E+00  1.800000E+02    30  1.155870E+00  1.768239E+02 -1.154094E+00  6.404017E-02
  1.000000E+01 -1.800000E+02     1  2.760615E+02 -9.371947E+01 -1.790846E+01 -2.754800E+02
  1.000000E+01 -1.800000E+02     2  2.034223E+02 -7.561734E+01  5.052943E+01 -1.970467E+02
  1.000000E+01 -1.800000E+02     3  1.771652E+02  1.185405E+02 -8.464593E+01  1.556360E+02
  1.000000E+01 -1.800000E+02     4  3.267822E+03 -7.639642E+01  7.686006E+02 -3.176148E+03
  1.000000E+01 -1.800000E+02     5  6.378304E+03  9.592744E+01 -6.586798E+02  6.344203E+03
  1.000000E+01 -1.800000E+02     6  1.805140E+02  1.040410E+02 -4.379551E+01  1.751207E+02
  1.000000E+01 -1.800000E+02     7  1.104642E+02  1.485922E+02 -9.427892E+01  5.756578E+01
  1.000000E+01 -1.800000E+02     8  1.694366E+02 -2.892721E+01  1.482968E+02 -8.195613E+01
  1.000000E+01 -1.800000E+02     9  4.243996E+01  7.816443E+01  8.704594E+00  4.153769E+01
  1.000000E+01 -1.800000E+02    10  1.536381E+03 -2.444449E+01  1.398664E+03 -6.357720E+02
  1.000000E+01 -1.800000E+02    11  1.095761E+03 -3.693509E+01  8.758606E+02 -6.584538E+02
  1.000000E+01 -1.800000E+02    12  5.008733E+01 -5.300573E+01  3.013931E+01 -4.000454E+01
  1.000000E+01 -1.800000E+02    13  1.133506E+02 -1.781162E+02 -1.132893E+02 -3.726045E+00
  1.000000E+01 -1.800000E+02    14  1.707088E+02  1.499343E+02 -1.477402E+02  8.552391E+01
  1.000000E+01 -1.800000E+02    15  4.236554E+01  7.513849E+01  1.086607E+01  4.094836E+01
  1.000000E+01 -1.800000E+02    16  1.520511E+03  1.534917E+02 -1.360659E+03  6.786471E+02
  1.000000E+01 -1.800000E+02    17  1.290328E+03  1.925701E+01  1.218133E+03  4.255582E+02
  1.000000E+01 -1.800000E+02    18  5.353089E+01  1.303584E+02 -3.466484E+01  4.079099E+01
  1.000000E+01 -1.800000E+02    19  3.608220E+02  1.118935E+02 -1.345444E+02  3.347989E+02
  1.000000E+01 -1.800000E+02    20  4.197632E+02  9.887134E+01 -6.473428E+01  4.147416E+02
  1.000000E+01 -1.800000E+02    21  3.191317E+02 -1.629945E+02 -3.051783E+02 -9.333428E+01
  1.000000E+01 -1.800000E+02    22  7.337545E+02  6.836703E+01  2.705055E+02  6.820721E+02
  1.000000E+01 -1.800000E+02    23  7.548414E+03  4.893296E+01  4.958867E+03  5.691062E+03
  1.000000E+01 -1.800000E+02    24  2.015389E+04 -7.581799E+01  4.937762E+03 -1.953964E+04
  1.000000E+01 -1.800000E+02    25  6.187958E+01 -9.523479E+01 -5.645726E+00 -6.162149E+01
  1.000000E+01 -1.800000E+02    26  9.743826E-01  2.606529E+00  9.733745E-01  4.431182E-02
  1.000000E+01 -1.800000E+02    27  7.870838E-02  1.682576E+02 -7.706121E-02  1.601810E-02
  1.000000E+01 -1.800000E+02    28  6.575203E+00 -5.797513E+00  6.541572E+00 -6.641818E-01
  1.000000E+01 -1.800000E+02    29  4.280747E+02  8.538853E+01  3.441655E+01  4.266889E+02
  1.000000E+01 -1.800000E+02    30  1.081313E+00  1.686363E+02 -1.060115E+00  2.130575E-01
  1.000000E+01 -1.350000E+02     1  3.496300E+02 -1.246248E+02 -1.986597E+02 -2.877073E+02
  1.000000E+01 -1.350000E+02     2  2.466834E+02 -1.510427E+02 -2.158432E+02 -1.194337E+02
  1.000000E+01 -1.350000E+02     3  9.973019E+01  6.724928E+01  3.856792E+01  9.197079E+01
  1.000000E+01 -1.350000E+02     4  3.141343E+03 -1.386242E+02 -2.357233E+03 -2.076412E+03
  1.000000E+01 -1.350000E+02     5  5.868429E+03  6.706724E+01  2.286637E+03  5.404605E+03
  1.000000E+01 -1.350000E+02     6  1.262988E+02  8.697072E+01  6.674423E+00  1.261223E+02
  1.000000E+01 -1.350000E+02     7  1.963596E+02 -1.506008E+02 -1.710726E+02 -9.639133E+01
  1.000000E+01 -1.350000E+02     8  5.170720E+01  5.456237E+01  2.998068E+01  4.212830E+01
  1.000000E+01 -1.350000E+02     9  4.593268E+01  1.457522E+02 -3.796846E+01  2.584971E+01
  1.000000E+01 -1.350000E+02    10  5.230742E+02  6.592013E+01  2.134194E+02  4.775551E+02
  1.000000E+01 -1.350000E+02    11  1.704992E+03  2.686596E+01  1.520966E+03  7.704941E+02
  1.000000E+01 -1.350000E+02    12  1.717988E+01 -1.597552E+01  1.651639E+01 -4.728362E+00
  1.000000E+01 -1.350000E+02    13  9.545193E+01 -1.639618E+02 -9.173672E+01 -2.637126E+01
  1.000000E+01 -1.350000E+02    14  2.118000E+02  5.154188E+01  1.317274E+02  1.658527E+02
  1.000000E+01 -1.350000E+02    15  3.524578E+01 -3.663316E+01  2.828376E+01 -2.103079E+01
  1.000000E+01 -1.350000E+02    16  1.876283E+03  5.346422E+01  1.116997E+03  1.507565E+03
  1.000000E+01 -1.350000E+02    17  1.410882E+03  1.222369E+01  1.378895E+03  2.987245E+02
  1.000000E+01 -1.350000E+02    18  6.590060E+01  4.281623E+01  4.834056E+01  4.478928E+01
  1.000000E+01 -1.350000E+02    19  2.865595E+02  8.018575E+01  4.884538E+01  2.823659E+02
  1.000000E+01 -1.350000E+02    20  1.613016E+02  5.764535E+01  8.632189E+01  1.362598E+02
  1.000000E+01 -1.350000E+02    21  4.227098E+02  1.795960E+02 -4.226993E+02  2.980211E+00
  1.000000E+01 -1.350000E+02    22  7.824241E+03 -8.136972E+01  1.174089E+03 -7.735649E+03
  1.000000E+01 -1.350000E+02    23  3.411333E+03  1.141504E+02 -1.395687E+03  3.112756E+03
  1.000000E+01 -1.350000E+02    24  1.667635E+04 -1.136254E+02 -6.683144E+03 -1.527862E+04
  1.000000E+01 -1.350000E+02    25  4.076836E+01 -9.452196E+01 -3.214226E+00 -4.064146E+01
  1.000000E+01 -1.350000E+02    26  3.533338E+01 -9.530231E+01 -3.265186E+00 -3.518219E+01
  1.000000E+01 -1.350000E+02    27  7.477983E-02  1.346183E+02 -5.252385E-02  5.322846E-02
  1.000000E+01 -1.350000E+02    28  2.475336E+02 -9.506459E+01 -2.185195E+01 -2.465671E+02
  1.000000E+01 -1.350000E+02    29  2.851240E+02  8.671561E+01  1.633531E+01  2.846556E+02
  1.000000E+01 -1.350000E+02    30  1.227540E+00  1.689434E+02 -1.204755E+00  2.354164E-01
  1.000000E+01 -9.000000E+01     1  4.791097E+02 -5.884655E+01  2.478588E+02 -4.100148E+02
  1.000000E+01 -9.000000E+01     2  4.462448E+02 -8.035498E+01  7.476542E+01 -4.399370E+02
  1.000000E+01 -9.000000E+01     3  2.127147E+02  1.038164E+02 -5.079854E+01  2.065601E+02
  1.000000E+01 -9.000000E+01     4  5.697987E+03 -7.614555E+01  1.364419E+03 -5.532216E+03
  1.000000E+01 -9.000000E+01     5  8.275920E+03  1.206340E+02 -4.217011E+03  7.120932E+03
  1.000000E+01 -9.000000E+01     6  1.685516E+02  1.234521E+02 -9.291230E+01  1.406305E+02
  1.000000E+01 -9.000000E+01     7  1.614137E+02 -1.609987E+02 -1.526185E+02 -5.255457E+01
  1.000000E+01 -9.000000E+01     8  9.946664E+01 -1.670664E+02 -9.694317E+01 -2.226287E+01
  1.000000E+01 -9.000000E+01     9  4.440200E+01  1.300378E+02 -2.856347E+01  3.399509E+01
  1.000000E+01 -9.000000E+01    10  9.219734E+02 -1.724573E+02 -9.139958E+02 -1.210232E+02
  1.000000E+01 -9.000000E+01    11  1.289865E+03  1.674542E+01  1.235168E+03  3.716356E+02
  1.000000E+01 -9.000000E+01    12  2.884298E+01 -1.427435E+02 -2.295709E+01 -1.746109E+01
  1.000000E+01 -9.000000E+01    13  2.635389E+02  1.342531E+02 -1.839051E+02  1.887635E+02
  1.000000E+01 -9.000000E+01    14  1.150973E+02 -2.591220E+01  1.035259E+02 -5.029673E+01
  1.000000E+01 -9.000000E+01    15  4.292868E+01 -1.327847E+02 -2.915908E+01 -3.150586E+01
  1.000000E+01 -9.000000E+01    16  1.017094E+03 -2.262607E+01  9.388140E+02 -3.912919E+02
  1.000000E+01 -9.000000E+01    17  3.058717E+03 -4.904217E+01  2.004999E+03 -2.309919E+03
  1.000000E+01 -9.000000E+01    18  3.964963E+01 -3.876010E+01  3.091776E+01 -2.482309E+01
  1.000000E+01 -9.000000E+01    19  7.685699E+02  1.191953E+02 -3.748987E+02  6.709327E+02
  1.000000E+01 -9.000000E+01    20  1.998473E+02  1.407500E+02 -1.547602E+02  1.264446E+02
  1.000000E+01 -9.000000E+01    21  3.005895E+02 -1.655350E+02 -2.910610E+02 -7.508375E+01
  1.000000E+01 -9.000000E+01    22  1.268273E+04 -9.514339E+01 -1.136989E+03 -1.263167E+04
  1.000000E+01 -9.000000E+01    23  1.102643E+04 -7.404208E+01  3.031511E+03 -1.060151E+04
  1.000000E+01 -9.000000E+01    24  2.092215E+04 -6.282033E+01  9.556871E+03 -1.861190E+04
  1.000000E+01 -9.000000E+01    25  3.122543E+00  9.351244E+01 -1.913029E-01  3.116677E+00
  1.000000E+01 -9.000000E+01    26  5.617716E+01 -9.515057E+01 -5.043209E+00 -5.595033E+01
  1.000000E+01 -9.000000E+01    27  8.046280E-02  1.260643E+02 -4.736783E-02  6.504269E-02
  1.000000E+01 -9.000000E+01    28  3.925437E+02 -9.514370E+01 -3.519306E+01 -3.909630E+02
  1.000000E+01 -9.000000E+01    29  1.714127E+01 -1.072210E+02 -5.074810E+00 -1.637282E+01
  1.000000E+01 -9.000000E+01    30  1.157520E+00  1.727415E+02 -1.148244E+00  1.462478E-01
  1.000000E+01 -4.500000E+01     1  4.044633E+02  2.548303E+01  3.651142E+02  1.740178E+02
  1.000000E+01 -4.500000E+01     2  3.865767E+02  1.021852E+01  3.804449E+02  6.857983E+01
  1.000000E+01 -4.500000E+01     3  2.347805E+02 -1.758351E+02 -2.341605E+02 -1.705146E+01
  1.000000E+01 -4.500000E+01     4  5.284272E+03  1.231655E+01  5.162649E+03  1.127201E+03
  1.000000E+01 -4.500000E+01     5  8.077952E+03 -1.580629E+02 -7.493064E+03 -3.017829E+03
  1.000000E+01 -4.500000E+01     6  1.966645E+02 -1.604733E+02 -1.853535E+02 -6.573419E+01
  1.000000E+01 -4.500000E+01     7  3.812494E+01  1.090517E+02 -1.244477E+01  3.603663E+01
  1.000000E+01 -4.500000E+01     8  2.033910E+02  1.129350E+02 -7.925877E+01  1.873124E+02
  1.000000E+01 -4.500000E+01     9  3.820120E+01  4.514405E+01  2.694433E+01  2.708016E+01
  1.000000E+01 -4.500000E+01    10  1.870525E+03  1.104842E+02 -6.545875E+02  1.752249E+03
  1.000000E+01 -4.500000E+01    11  1.936910E+02 -9.295406E+01 -9.981910E+00 -1.934336E+02
  1.000000E+01 -4.500000E+01    12  5.240987E+01  1.255743E+02 -3.048990E+01  4.262817E+01
  1.000000E+01 -4.500000E+01    13  2.744223E+02  1.195104E+02 -1.351753E+02  2.388205E+02
  1.000000E+01 -4.500000E+01    14  6.678450E+01  1.298604E+02 -4.280351E+01  5.126431E+01
  1.000000E+01 -4.500000E+01    15  4.534964E+01 -1.479009E+02 -3.841705E+01 -2.409813E+01
  1.000000E+01 -4.500000E+01    16  6.277794E+02  1.224533E+02 -3.368744E+02  5.297383E+02
  1.000000E+01 -4.500000E+01    17  3.013760E+03 -6.523370E+01  1.262518E+03 -2.736566E+03
  1.000000E+01 -4.500000E+01    18  1.982689E+01  1.796555E+02 -1.982653E+01  1.192040E-01
  1.000000E+01 -4.500000E+01    19  7.075089E+02 -1.770124E+02 -7.065473E+02 -3.687497E+01
  1.000000E+01 -4.500000E+01    20  5.445516E+02 -1.367011E+02 -3.963168E+02 -3.734561E+02
  1.000000E+01 -4.500000E+01    21  2.142920E+02  1.474100E+02 -1.805511E+02  1.154226E+02
  1.000000E+01 -4.500000E+01    22  1.069391E+04 -1.054435E+02 -2.847665E+03 -1.030779E+04
  1.000000E+01 -4.500000E+01    23  1.121386E+04 -3.402342E+01  9.294146E+03 -6.274511E+03
  1.000000E+01 -4.500000E+01    24  2.593405E+04  1.296462E+01  2.527296E+04  5.818288E+03
  1.000000E+01 -4.500000E+01    25  3.926928E+01  7.860462E+01  7.758754E+00  3.849517E+01
  1.000000E+01 -4.500000E+01    26  4.346634E+01 -9.556495E+01 -4.215105E+00 -4.326147E+01
  1.000000E+01 -4.500000E+01    27  9.001902E-02  1.468239E+02 -7.534529E-02  4.925962E-02
  1.000000E+01 -4.500000E+01    28  3.032328E+02 -9.575690E+01 -3.041665E+01 -3.017034E+02
  1.000000E+01 -4.500000E+01    29  2.684190E+02 -1.027117E+02 -5.906417E+01 -2.618400E+02
  1.000000E+01 -4.500000E+01    30  1.142071E+00  1.721809E+02 -1.131452E+00  1.553748E-01
  1.000000E+01  0.000000E+00     1  1.941934E+02  8.435386E+01  1.910559E+01  1.932512E+02
  1.000000E+01  0.000000E+00     2  1.535260E+02  5.934081E+01  7.828760E+01  1.320655E+02
  1.000000E+01  0.000000E+00     3  1.494393E+02 -1.426953E+02 -1.188676E+02 -9.056818E+01
  1.000000E+01  0.000000E+00     4  2.464769E+03  5.869398E+01  1.280716E+03  2.105909E+03
  1.000000E+01  0.000000E+00     5  4.607299E+03 -1.123256E+02 -1.750175E+03 -4.261935E+03
  1.000000E+01  0.000000E+00     6  1.372966E+02 -1.255193E+02 -7.976621E+01 -1.117484E+02
  1.000000E+01  0.000000E+00     7  1.066860E+02 -1.733269E+02 -1.059633E+02 -1.239734E+01
  1.000000E+01  0.000000E+00     8  1.982090E+02  1.386486E+01  1.924339E+02  4.749734E+01
  1.000000E+01  0.000000E+00     9  3.578460E+01 -8.025343E+01  6.057992E+00 -3.526810E+01
  1.000000E+01  0.000000E+00    10  1.822721E+03  1.043579E+01  1.792571E+03  3.301558E+02
  1.000000E+01  0.000000E+00    11  1.046790E+03  1.327352E+01  1.018825E+03  2.403431E+02
  1.000000E+01  0.000000E+00    12  5.251500E+01  3.459539E+01  4.322941E+01  2.981684E+01
  1.000000E+01  0.000000E+00    13  1.134454E+02  1.554144E+02 -1.031605E+02  4.719917E+01
  1.000000E+01  0.000000E+00    14  1.939029E+02 -1.643512E+02 -1.867155E+02 -5.230347E+01
  1.000000E+01  0.000000E+00    15  3.642918E+01 -7.641744E+01  8.555255E+00 -3.541035E+01
  1.000000E+01  0.000000E+00    16  1.745380E+03 -1.672388E+02 -1.702268E+03 -3.855330E+02
  1.000000E+01  0.000000E+00    17  1.361979E+03 -3.904649E+01  1.057761E+03 -8.579800E+02
  1.000000E+01  0.000000E+00    18  5.656283E+01 -1.471515E+02 -4.751885E+01 -3.068082E+01
  1.000000E+01  0.000000E+00    19  2.528410E+02 -1.400634E+02 -1.938670E+02 -1.623088E+02
  1.000000E+01  0.000000E+00    20  3.252945E+02 -1.179303E+02 -1.523670E+02 -2.874036E+02
  1.000000E+01  0.000000E+00    21  4.000830E+02  1.477101E+02 -3.382127E+02  2.137255E+02
  1.000000E+01  0.000000E+00    22  4.520139E+02 -1.143928E+02 -1.866774E+02 -4.116650E+02
  1.000000E+01  0.000000E+00    23  7.666680E+03 -5.813551E+01  4.047334E+03 -6.511304E+03
  1.000000E+01  0.000000E+00    24  1.534452E+04  5.534719E+01  8.724930E+03  1.262260E+04
  1.000000E+01  0.000000E+00    25  5.123889E+01  8.265759E+01  6.548271E+00  5.081874E+01
  1.000000E+01  0.000000E+00    26  9.818068E-01  1.377628E+02 -7.268991E-01  6.599714E-01
  1.000000E+01  0.000000E+00    27  9.166356E-02  1.689130E+02 -8.995278E-02  1.762685E-02
  1.000000E+01  0.000000E+00    28  7.495747E+00  1.333243E+02 -5.143031E+00  5.453022E+00
  1.000000E+01  0.000000E+00    29  3.531281E+02 -9.822174E+01 -5.049889E+01 -3.494987E+02
  1.000000E+01  0.000000E+00    30  1.296906E+00  1.653674E+02 -1.254841E+00  3.276253E-01
  1.000000E+01  4.500000E+01     1  3.277381E+02  1.147664E+02 -1.372961E+02  2.975938E+02
  1.000000E+01  4.500000E+01     2  2.132889E+02  1.383386E+02 -1.593452E+02  1.417789E+02
  1.000000E+01  4.500000E+01     3  7.958402E+01 -8.671330E+01  4.562733E+00 -7.945312E+01
  1.000000E+01  4.500000E+01     4  2.707812E+03  1.255383E+02 -1.573906E+03  2.203421E+03
  1.000000E+01  4.500000E+01     5  5.265309E+03 -7.845692E+01  1.053613E+03 -5.158815E+03
  1.000000E+01  4.500000E+01     6  1.087240E+02 -1.019396E+02 -2.249296E+01 -1.063719E+02
  1.000000E+01  4.500000E+01     7  2.162560E+02  1.301900E+02 -1.395553E+02  1.651998E+02
  1.000000E+01  4.500000E+01     8  7.024031E+01 -5.358273E+01  4.169896E+01 -5.652343E+01
  1.000000E+01  4.500000E+01     9  4.505324E+01 -1.490919E+02 -3.865536E+01 -2.314213E+01
  1.000000E+01  4.500000E+01    10  6.892927E+02 -6.336886E+01  3.089720E+02 -6.161662E+02
  1.000000E+01  4.500000E+01    11  1.862786E+03 -4.684189E+01  1.274172E+03 -1.358844E+03
  1.000000E+01  4.500000E+01    12  2.193444E+01  6.647085E+00  2.178700E+01  2.538987E+00
  1.000000E+01  4.500000E+01    13  1.026289E+02  1.393509E+02 -7.786589E+01  6.685495E+01
  1.000000E+01  4.500000E+01    14  2.024345E+02 -6.730113E+01  7.811700E+01 -1.867551E+02
  1.000000E+01  4.500000E+01    15  4.057902E+01  4.462133E+01  2.888271E+01  2.850344E+01
  1.000000E+01  4.500000E+01    16  1.815141E+03 -6.929001E+01  6.419026E+02 -1.697851E+03
  1.000000E+01  4.500000E+01    17  1.385874E+03 -3.243489E+01  1.169680E+03 -7.433010E+02
  1.000000E+01  4.500000E+01    18  5.981937E+01 -5.802285E+01  3.167921E+01 -5.074234E+01
  1.000000E+01  4.500000E+01    19  2.297486E+02 -9.349218E+01 -1.399450E+01 -2.293219E+02
  1.000000E+01  4.500000E+01    20  8.894257E+01 -6.733650E+01  3.427120E+01 -8.207476E+01
  1.000000E+01  4.500000E+01    21  4.042957E+02  1.585935E+02 -3.764052E+02  1.475608E+02
  1.000000E+01  4.500000E+01    22  1.006302E+04  7.643409E+01  2.360421E+03  9.782272E+03
  1.000000E+01  4.500000E+01    23  3.909221E+03 -1.166347E+02 -1.752507E+03 -3.494385E+03
  1.000000E+01  4.500000E+01    24  1.438114E+04  1.004638E+02 -2.611831E+03  1.414198E+04
  1.000000E+01  4.500000E+01    25  4.050029E+01  8.078389E+01  6.486476E+00  3.997749E+01
  1.000000E+01  4.500000E+01    26  4.491643E+01  8.608653E+01  3.065539E+00  4.481170E+01
  1.000000E+01  4.500000E+01    27  6.815130E-02 -1.499431E+02 -5.898686E-02 -3.413431E-02
  1.000000E+01  4.500000E+01    28  3.145932E+02  8.590884E+01  2.244418E+01  3.137916E+02
  1.000000E+01  4.500000E+01    29  2.827296E+02 -1.003267E+02 -5.068209E+01 -2.781499E+02
  1.000000E+01  4.500000E+01    30  1.171050E+00  1.659237E+02 -1.135886E+00  2.848148E-01
  1.000000E+01  9.000000E+01     1  5.399449E+02  4.949005E+01  3.507375E+02  4.105164E+02
  1.000000E+01  9.000000E+01     2  4.700070E+02  6.736739E+01  1.808685E+02  4.338123E+02
  1.000000E+01  9.000000E+01     3  2.120180E+02 -1.194519E+02 -1.042477E+02 -1.846187E+02
  1.000000E+01  9.000000E+01     4  6.035149E+03  6.311485E+01  2.729116E+03  5.382839E+03
  1.000000E+01  9.000000E+01     5  9.145431E+03 -1.315601E+02 -6.067126E+03 -6.843164E+03
  1.000000E+01  9.000000E+01     6  1.814528E+02 -1.364079E+02 -1.314203E+02 -1.251153E+02
  1.000000E+01  9.000000E+01     7  1.761438E+02  1.389755E+02 -1.328881E+02  1.156175E+02
  1.000000E+01  9.000000E+01     8  1.144012E+02  1.576075E+02 -1.057749E+02  4.358115E+01
  1.000000E+01  9.000000E+01     9  4.347368E+01 -1.345997E+02 -3.052504E+01 -3.095453E+01
  1.000000E+01  9.000000E+01    10  1.047475E+03  1.630339E+02 -1.001886E+03  3.056599E+02
  1.000000E+01  9.000000E+01    11  1.381945E+03 -3.951166E+01  1.066164E+03 -8.792421E+02
  1.000000E+01  9.000000E+01    12  3.490002E+01  1.337887E+02 -2.415086E+01  2.519419E+01
  1.000000E+01  9.000000E+01    13  2.416520E+02 -1.547135E+02 -2.184976E+02 -1.032206E+02
  1.000000E+01  9.000000E+01    14  8.983089E+01  1.671217E+01  8.603657E+01  2.583212E+01
  1.000000E+01  9.000000E+01    15  4.471403E+01  1.301286E+02 -2.881843E+01  3.418834E+01
  1.000000E+01  9.000000E+01    16  8.018609E+02  1.322900E+01  7.805821E+02  1.835007E+02
  1.000000E+01  9.000000E+01    17  2.717988E+03  2.934296E+01  2.369276E+03  1.331912E+03
  1.000000E+01  9.000000E+01    18  3.015961E+01  2.962596E+01  2.621688E+01  1.490898E+01
  1.000000E+01  9.000000E+01    19  7.802763E+02 -1.330956E+02 -5.330981E+02 -5.697697E+02
  1.000000E+01  9.000000E+01    20  2.393622E+02 -1.499425E+02 -2.071735E+02 -1.198892E+02
  1.000000E+01  9.000000E+01    21  3.585359E+02  1.386531E+02 -2.691614E+02  2.368546E+02
  1.000000E+01  9.000000E+01    22  1.287294E+04  8.627682E+01  8.359183E+02  1.284577E+04
  1.000000E+01  9.000000E+01    23  9.437100E+03  5.654926E+01  5.201916E+03  7.873939E+03
  1.000000E+01  9.000000E+01    24  2.288631E+04  4.874869E+01  1.509039E+04  1.720649E+04
  1.000000E+01  9.000000E+01    25  5.937990E+00  7.388312E+01  1.648373E+00  5.704611E+00
  1.000000E+01  9.000000E+01    26  5.759269E+01  8.505328E+01  4.966189E+00  5.737818E+01
  1.000000E+01  9.000000E+01    27  7.225542E-02 -1.497221E+02 -6.239906E-02 -3.643079E-02
  1.000000E+01  9.000000E+01    28  4.025877E+02  8.506546E+01  3.462961E+01  4.010956E+02
  1.000000E+01  9.000000E+01    29  4.586000E+01 -1.141585E+02 -1.876875E+01 -4.184344E+01
  1.000000E+01  9.000000E+01    30  1.255762E+00  1.614670E+02 -1.190639E+00  3.991453E-01
  1.000000E+01  1.350000E+02     1  4.984148E+02 -3.493391E+01  4.086070E+02 -2.854078E+02
  1.000000E+01  1.350000E+02     2  4.600292E+02 -2.140683E+01  4.282928E+02 -1.679050E+02
  1.000000E+01  1.350000E+02     3  2.677922E+02  1.596094E+02 -2.510121E+02  9.330357E+01
  1.000000E+01  1.350000E+02     4  6.262792E+03 -2.431608E+01  5.707206E+03 -2.578831E+03
  1.000000E+01  1.350000E+02     5  9.736771E+03  1.458933E+02 -8.061997E+03  5.459756E+03
  1.000000E+01  1.350000E+02     6  2.317440E+02  1.454441E+02 -1.908580E+02  1.314476E+02
  1.000000E+01  1.350000E+02     7  6.630434E+00  1.293336E+02 -4.202595E+00  5.128436E+00
  1.000000E+01  1.350000E+02     8  2.214856E+02 -1.282104E+02 -1.370002E+02 -1.740311E+02
  1.000000E+01  1.350000E+02     9  3.198884E+01 -3.450093E+01  2.636255E+01 -1.811911E+01
  1.000000E+01  1.350000E+02    10  2.003063E+03 -1.260702E+02 -1.179355E+03 -1.619069E+03
  1.000000E+01  1.350000E+02    11  2.009940E+02 -1.298819E+02 -1.288787E+02 -1.542364E+02
  1.000000E+01  1.350000E+02    12  6.148017E+01 -1.385497E+02 -4.608126E+01 -4.069802E+01
  1.000000E+01  1.350000E+02    13  2.429807E+02 -1.421421E+02 -1.918418E+02 -1.491185E+02
  1.000000E+01  1.350000E+02    14  4.898353E+01 -1.362438E+02 -3.538027E+01 -3.387659E+01
  1.000000E+01  1.350000E+02    15  4.662199E+01  1.441673E+02 -3.779781E+01  2.729350E+01
  1.000000E+01  1.350000E+02    16  4.622159E+02 -1.272303E+02 -2.796499E+02 -3.680210E+02
  1.000000E+01  1.350000E+02    17  2.592907E+03  4.277909E+01  1.903136E+03  1.761033E+03
  1.000000E+01  1.350000E+02    18  1.576147E+01  1.683268E+02 -1.543548E+01  3.189011E+00
  1.000000E+01  1.350000E+02    19  8.430585E+02  1.607330E+02 -7.958397E+02  2.781848E+02
  1.000000E+01  1.350000E+02    20  5.927225E+02  1.279762E+02 -3.647221E+02  4.672235E+02
  1.000000E+01  1.350000E+02    21  1.910779E+02  1.761133E+02 -1.906384E+02  1.295187E+01
  1.000000E+01  1.350000E+02    22  8.882312E+03  9.647649E+01 -1.001885E+03  8.825627E+03
  1.000000E+01  1.350000E+02    23  1.241355E+04  1.561942E+01  1.195513E+04  3.342302E+03
  1.000000E+01  1.350000E+02    24  3.024488E+04 -2.692375E+01  2.696663E+04 -1.369501E+04
  1.000000E+01  1.350000E+02    25  4.156597E+01 -9.175698E+01 -1.274425E+00 -4.154642E+01
  1.000000E+01  1.350000E+02    26  3.633353E+01  8.269510E+01  4.619789E+00  3.603863E+01
  1.000000E+01  1.350000E+02    27  8.663659E-02 -1.751442E+02 -8.632565E-02 -7.333594E-03
  1.000000E+01  1.350000E+02    28  2.531900E+02  8.295705E+01  3.104450E+01  2.512796E+02
  1.000000E+01  1.350000E+02    29  2.864015E+02  8.954874E+01  2.255700E+00  2.863926E+02
  1.000000E+01  1.350000E+02    30  1.253047E+00  1.605399E+02 -1.181465E+00  4.174541E-01
  1.000000E+01  1.800000E+02     1  2.760741E+02 -9.371867E+01 -1.790545E+01 -2.754928E+02
  1.000000E+01  1.800000E+02     2  2.034197E+02 -7.561695E+01  5.053014E+01 -1.970439E+02
  1.000000E+01  1.800000E+02     3  1.771673E+02  1.185405E+02 -8.464697E+01  1.556379E+02
  1.000000E+01  1.800000E+02     4  3.267781E+03 -7.639603E+01  7.686126E+02 -3.176102E+03
  1.000000E+01  1.800000E+02     5  6.378515E+03  9.592769E+01 -6.587297E+02  6.344409E+03
  1.000000E+01  1.800000E+02     6  1.805052E+02  1.040416E+02 -4.379532E+01  1.751117E+02
  1.000000E+01  1.800000E+02     7  1.104639E+02  1.485920E+02 -9.427853E+01  5.756593E+01
  1.000000E+01  1.800000E+02     8  1.694365E+02 -2.892719E+01  1.482968E+02 -8.195608E+01
  1.000000E+01  1.800000E+02     9  4.243998E+01  7.816446E+01  8.704577E+00  4.153772E+01
  1.000000E+01  1.800000E+02    10  1.536382E+03 -2.444449E+01  1.398664E+03 -6.357723E+02
  1.000000E+01  1.800000E+02    11  1.095757E+03 -3.693547E+01  8.758525E+02 -6.584571E+02
  1.000000E+01  1.800000E+02    12  5.008724E+01 -5.300574E+01  3.013924E+01 -4.000447E+01
  1.000000E+01  1.800000E+02    13  1.133545E+02 -1.781190E+02 -1.132934E+02 -3.720607E+00
  1.000000E+01  1.800000E+02    14  1.707082E+02  1.499344E+02 -1.477397E+02  8.552337E+01
  1.000000E+01  1.800000E+02    15  4.236562E+01  7.513836E+01  1.086618E+01  4.094841E+01
  1.000000E+01  1.800000E+02    16  1.520500E+03  1.534919E+02 -1.360651E+03  6.786370E+02
  1.000000E+01  1.800000E+02    17  1.290368E+03  1.925183E+01  1.218208E+03  4.254612E+02
  1.000000E+01  1.800000E+02    18  5.353159E+01  1.303580E+02 -3.466504E+01  4.079174E+01
  1.000000E+01  1.800000E+02    19  3.608394E+02  1.118934E+02 -1.345499E+02  3.348155E+02
  1.000000E+01  1.800000E+02    20  4.197554E+02  9.887113E+01 -6.473156E+01  4.147342E+02
  1.000000E+01  1.800000E+02    21  3.191310E+02 -1.629944E+02 -3.051773E+02 -9.333497E+01
  1.000000E+01  1.800000E+02    22  7.337462E+02  6.836554E+01  2.705203E+02  6.820574E+02
  1.000000E+01  1.800000E+02    23  7.548406E+03  4.893232E+01  4.958926E+03  5.691000E+03
  1.000000E+01  1.800000E+02    24  2.015384E+04 -7.581762E+01  4.937879E+03 -1.953957E+04
  1.000000E+01  1.800000E+02    25  6.187961E+01 -9.523479E+01 -5.645720E+00 -6.162152E+01
  1.000000E+01  1.800000E+02    26  9.744051E-01  2.606290E+00  9.733971E-01  4.430878E-02
  1.000000E+01  1.800000E+02    27  7.870013E-02  1.682574E+02 -7.705308E-02  1.601661E-02
  1.000000E+01  1.800000E+02    28  6.575378E+00 -5.797753E+00  6.541743E+00 -6.642268E-01
  1.000000E+01  1.800000E+02    29  4.280748E+02  8.538853E+01  3.441657E+01  4.266890E+02
  1.000000E+01  1.800000E+02    30  1.081314E+00  1.686363E+02 -1.060117E+00  2.130582E-01
  1.100000E+01 -1.800000E+02     1  2.547780E+02 -7.569445E+01  6.295383E+01 -2.468778E+02
  1.100000E+01 -1.800000E+02     2  1.761897E+02 -5.487241E+01  1.013794E+02 -1.441008E+02
  1.100000E+01 -1.800000E+02     3  1.483286E+02  1.475729E+02 -1.252004E+02  7.953759E+01
  1.100000E+01 -1.800000E+02     4  2.834409E+03 -5.544495E+01  1.607670E+03 -2.334367E+03
  1.100000E+01 -1.800000E+02     5  5.717476E+03  1.148360E+02 -2.401469E+03  5.188688E+03
  1.100000E+01 -1.800000E+02     6  1.573515E+02  1.253459E+02 -9.102971E+01  1.283475E+02
  1.100000E+01 -1.800000E+02     7  1.124188E+02  1.342902E+02 -7.850117E+01  8.047081E+01
  1.100000E+01 -1.800000E+02     8  1.659182E+02 -3.813245E+01  1.305089E+02 -1.024514E+02
  1.100000E+01 -1.800000E+02     9  5.437956E+01  6.669159E+01  2.151692E+01  4.994156E+01
  1.100000E+01 -1.800000E+02    10  1.533856E+03 -3.388476E+01  1.273347E+03 -8.551622E+02
  1.100000E+01 -1.800000E+02    11  1.125966E+03 -5.230179E+01  6.885309E+02 -8.909124E+02
  1.100000E+01 -1.800000E+02    12  5.174995E+01 -5.991827E+01  2.593888E+01 -4.477981E+01
  1.100000E+01 -1.800000E+02    13  1.039391E+02  1.627979E+02 -9.928966E+01  3.073923E+01
  1.100000E+01 -1.800000E+02    14  1.642948E+02  1.418795E+02 -1.292530E+02  1.014221E+02
  1.100000E+01 -1.800000E+02    15  5.532965E+01  6.359747E+01  2.460370E+01  4.955833E+01
  1.100000E+01 -1.800000E+02    16  1.492856E+03  1.455888E+02 -1.231610E+03  8.436560E+02
  1.100000E+01 -1.800000E+02    17  1.102549E+03 -2.114243E+00  1.101798E+03 -4.067537E+01
  1.100000E+01 -1.800000E+02    18  5.481305E+01  1.231933E+02 -3.000824E+01  4.586912E+01
  1.100000E+01 -1.800000E+02    19  3.340447E+02  1.513502E+02 -2.931464E+02  1.601594E+02
  1.100000E+01 -1.800000E+02    20  3.479564E+02  1.170333E+02 -1.581491E+02  3.099395E+02
  1.100000E+01 -1.800000E+02    21  3.326184E+02 -1.748847E+02 -3.312937E+02 -2.965611E+01
  1.100000E+01 -1.800000E+02    22  6.107097E+02  8.677606E+01  3.434554E+01  6.097431E+02
  1.100000E+01 -1.800000E+02    23  7.548703E+03  4.352218E+01  5.473624E+03  5.198304E+03
  1.100000E+01 -1.800000E+02    24  1.769481E+04 -5.473156E+01  1.021713E+04 -1.444703E+04
  1.100000E+01 -1.800000E+02    25  5.127538E+01 -9.004862E+01 -4.351126E-02 -5.127536E+01
  1.100000E+01 -1.800000E+02    26  6.444535E-01  5.461760E+01  3.731585E-01  5.254266E-01
  1.100000E+01 -1.800000E+02    27  2.185295E-01  1.691795E+02 -2.146440E-01  4.102527E-02
  1.100000E+01 -1.800000E+02    28  3.802065E+00  4.970489E+01  2.458889E+00  2.899925E+00
  1.100000E+01 -1.800000E+02    29  3.615334E+02  9.085493E+01 -5.394302E+00  3.614932E+02
  1.100000E+01 -1.800000E+02    30  1.050865E+00  1.679038E+02 -1.027533E+00  2.202134E-01
  1.100000E+01 -1.350000E+02     1  3.317997E+02 -1.110895E+02 -1.193900E+02 -3.095756E+02
  1.100000E+01 -1.350000E+02     2  2.270103E+02 -1.368819E+02 -1.657054E+02 -1.551625E+02
  1.100000E+01 -1.350000E+02     3  7.055306E+01  7.218911E+01  2.158051E+01  6.717155E+01
  1.100000E+01 -1.350000E+02     4  2.903837E+03 -1.256683E+02 -1.693205E+03 -2.359094E+03
  1.100000E+01 -1.350000E+02     5  5.505100E+03  8.003360E+01  9.527716E+02  5.422024E+03
  1.100000E+01 -1.350000E+02     6  1.113925E+02  1.003223E+02 -1.995988E+01  1.095897E+02
  1.100000E+01 -1.350000E+02     7  1.849260E+02 -1.708433E+02 -1.825695E+02 -2.942824E+01
  1.100000E+01 -1.350000E+02     8  4.444514E+01  2.779515E+01  3.931709E+01  2.072529E+01
  1.100000E+01 -1.350000E+02     9  5.621499E+01  1.227226E+02 -3.038826E+01  4.729354E+01
  1.100000E+01 -1.350000E+02    10  4.485615E+02  4.152587E+01  3.358185E+02  2.973775E+02
  1.100000E+01 -1.350000E+02    11  1.624442E+03  4.841603E+00  1.618646E+03  1.371051E+02
  1.100000E+01 -1.350000E+02    12  1.870604E+01 -3.789014E+01  1.476262E+01 -1.148830E+01
  1.100000E+01 -1.350000E+02    13  8.801951E+01 -1.594538E+02 -8.242052E+01 -3.089159E+01
  1.100000E+01 -1.350000E+02    14  1.889005E+02  5.989235E+01  9.475747E+01  1.634149E+02
  1.100000E+01 -1.350000E+02    15  5.118143E+01 -3.271459E+01  4.306268E+01 -2.766124E+01
  1.100000E+01 -1.350000E+02    16  1.713237E+03  6.245130E+01  7.923762E+02  1.518987E+03
  1.100000E+01 -1.350000E+02    17  1.258993E+03  1.748909E+01  1.200795E+03  3.783578E+02
  1.100000E+01 -1.350000E+02    18  6.247586E+01  4.862108E+01  4.129878E+01  4.687903E+01
  1.100000E+01 -1.350000E+02    19  2.328435E+02  1.003651E+02 -4.189332E+01  2.290437E+02
  1.100000E+01 -1.350000E+02    20  1.074442E+02  7.555489E+01  2.680223E+01  1.040476E+02
  1.100000E+01 -1.350000E+02    21  4.537001E+02 -1.788927E+02 -4.536154E+02 -8.767529E+00
  1.100000E+01 -1.350000E+02    22  6.509898E+03 -8.504706E+01  5.620488E+02 -6.485590E+03
  1.100000E+01 -1.350000E+02    23  1.759032E+03  1.045513E+02 -4.419517E+02  1.702608E+03
  1.100000E+01 -1.350000E+02    24  1.439354E+04 -1.022817E+02 -3.061759E+03 -1.406412E+04
  1.100000E+01 -1.350000E+02    25  3.446980E+01 -9.123412E+01 -7.424013E-01 -3.446180E+01
  1.100000E+01 -1.350000E+02    26  3.096008E+01 -9.534940E+01 -2.886377E+00 -3.082524E+01
  1.100000E+01 -1.350000E+02    27  2.209665E-01  1.604500E+02 -2.082277E-01  7.394178E-02
  1.100000E+01 -1.350000E+02    28  2.206185E+02 -9.513623E+01 -1.975068E+01 -2.197326E+02
  1.100000E+01 -1.350000E+02    29  2.455848E+02  9.036833E+01 -1.578733E+00  2.455797E+02
  1.100000E+01 -1.350000E+02    30  1.137739E+00  1.718665E+02 -1.126294E+00  1.609676E-01
  1.100000E+01 -9.000000E+01     1  4.792651E+02 -5.785566E+01  2.549949E+02 -4.057988E+02
  1.100000E+01 -9.000000E+01     2  4.274856E+02 -7.766563E+01  9.131797E+01 -4.176182E+02
  1.100000E+01 -9.000000E+01     3  2.046405E+02  1.017822E+02 -4.178606E+01  2.003289E+02
  1.100000E+01 -9.000000E+01     4  5.569082E+03 -7.385827E+01  1.548285E+03 -5.349531E+03
  1.100000E+01 -9.000000E+01     5  8.349922E+03  1.220603E+02 -4.432234E+03  7.076475E+03
  1.100000E+01 -9.000000E+01     6  1.687914E+02  1.241819E+02 -9.483067E+01  1.396341E+02
  1.100000E+01 -9.000000E+01     7  1.504152E+02  1.788774E+02 -1.503863E+02  2.946877E+00
  1.100000E+01 -9.000000E+01     8  9.566608E+01  1.731273E+02 -9.497866E+01  1.144783E+01
  1.100000E+01 -9.000000E+01     9  5.618730E+01  1.098445E+02 -1.907378E+01  5.285077E+01
  1.100000E+01 -9.000000E+01    10  9.136128E+02  1.675848E+02 -8.922481E+02  1.964221E+02
  1.100000E+01 -9.000000E+01    11  1.224852E+03 -5.965742E+00  1.218219E+03 -1.273036E+02
  1.100000E+01 -9.000000E+01    12  2.850115E+01 -1.605722E+02 -2.687833E+01 -9.480030E+00
  1.100000E+01 -9.000000E+01    13  2.307271E+02  1.550502E+02 -2.091952E+02  9.732610E+01
  1.100000E+01 -9.000000E+01    14  1.006255E+02 -5.017044E+00  1.002400E+02 -8.799908E+00
  1.100000E+01 -9.000000E+01    15  5.844544E+01 -1.091266E+02 -1.914999E+01 -5.521909E+01
  1.100000E+01 -9.000000E+01    16  9.123641E+02 -4.734245E-01  9.123329E+02 -7.538611E+00
  1.100000E+01 -9.000000E+01    17  2.676629E+03 -2.801372E+01  2.363022E+03 -1.257167E+03
  1.100000E+01 -9.000000E+01    18  3.705815E+01 -2.265213E+01  3.419949E+01 -1.427239E+01
  1.100000E+01 -9.000000E+01    19  7.628295E+02  1.221162E+02 -4.055490E+02  6.460952E+02
  1.100000E+01 -9.000000E+01    20  1.806006E+02  1.415881E+02 -1.415122E+02  1.122092E+02
  1.100000E+01 -9.000000E+01    21  3.523209E+02 -1.686624E+02 -3.454456E+02 -6.926270E+01
  1.100000E+01 -9.000000E+01    22  1.017646E+04 -9.273627E+01 -4.858123E+02 -1.016486E+04
  1.100000E+01 -9.000000E+01    23  1.076272E+04 -6.791612E+01  4.046391E+03 -9.973110E+03
  1.100000E+01 -9.000000E+01    24  2.135254E+04 -6.183818E+01  1.007762E+04 -1.882479E+04
  1.100000E+01 -9.000000E+01    25  1.370147E+00  1.082527E+02 -4.291428E-01  1.301207E+00
  1.100000E+01 -9.000000E+01    26  4.727301E+01 -9.268186E+01 -2.211918E+00 -4.722123E+01
  1.100000E+01 -9.000000E+01    27  2.165218E-01  1.565035E+02 -1.985688E-01  8.632584E-02
  1.100000E+01 -9.000000E+01    28  3.360384E+02 -9.268989E+01 -1.577032E+01 -3.356681E+02
  1.100000E+01 -9.000000E+01    29  6.308948E+00 -1.339493E+02 -4.378547E+00 -4.542152E+00
  1.100000E+01 -9.000000E+01    30  1.087733E+00  1.738318E+02 -1.081436E+00  1.168741E-01
  1.100000E+01 -4.500000E+01     1  3.953563E+02  9.493233E+00  3.899420E+02  6.520656E+01
  1.100000E+01 -4.500000E+01     2  3.741152E+02 -6.150714E+00  3.719616E+02 -4.008425E+01
  1.100000E+01 -4.500000E+01     3  2.282883E+02  1.644812E+02 -2.199655E+02  6.107965E+01
  1.100000E+01 -4.500000E+01     4  5.131446E+03 -4.151824E+00  5.117979E+03 -3.715146E+02
  1.100000E+01 -4.500000E+01     5  7.828075E+03 -1.736109E+02 -7.779456E+03 -8.711087E+02
  1.100000E+01 -4.500000E+01     6  1.868162E+02 -1.767750E+02 -1.865203E+02 -1.050982E+01
  1.100000E+01 -4.500000E+01     7  4.325400E+01  1.053236E+02 -1.143077E+01  4.171626E+01
  1.100000E+01 -4.500000E+01     8  1.891915E+02  1.095719E+02 -6.337725E+01  1.782603E+02
  1.100000E+01 -4.500000E+01     9  4.989997E+01  3.539355E+01  4.067811E+01  2.890154E+01
  1.100000E+01 -4.500000E+01    10  1.772156E+03  1.067755E+02 -5.114848E+02  1.696738E+03
  1.100000E+01 -4.500000E+01    11  2.815786E+02 -1.009463E+02 -5.346888E+01 -2.764554E+02
  1.100000E+01 -4.500000E+01    12  5.327916E+01  1.235608E+02 -2.945384E+01  4.439753E+01
  1.100000E+01 -4.500000E+01    13  2.388559E+02  1.430846E+02 -1.909709E+02  1.434652E+02
  1.100000E+01 -4.500000E+01    14  5.813820E+01  1.491036E+02 -4.988821E+01  2.985324E+01
  1.100000E+01 -4.500000E+01    15  6.054211E+01 -1.214320E+02 -3.157190E+01 -5.165813E+01
  1.100000E+01 -4.500000E+01    16  5.642558E+02  1.399135E+02 -4.316969E+02  3.633488E+02
  1.100000E+01 -4.500000E+01    17  2.627312E+03 -4.112939E+01  1.978960E+03 -1.728145E+03
  1.100000E+01 -4.500000E+01    18  1.965842E+01 -1.564614E+02 -1.802267E+01 -7.850919E+00
  1.100000E+01 -4.500000E+01    19  7.542529E+02  1.655052E+02 -7.302454E+02  1.887835E+02
  1.100000E+01 -4.500000E+01    20  4.435739E+02 -1.465956E+02 -3.702980E+02 -2.442072E+02
  1.100000E+01 -4.500000E+01    21  2.554858E+02  1.618194E+02 -2.427314E+02  7.971471E+01
  1.100000E+01 -4.500000E+01    22  8.236272E+03 -1.001826E+02 -1.456061E+03 -8.106544E+03
  1.100000E+01 -4.500000E+01    23  1.267355E+04 -3.798774E+01  9.988564E+03 -7.800481E+03
  1.100000E+01 -4.500000E+01    24  2.529327E+04 -1.685801E+00  2.528233E+04 -7.440909E+02
  1.100000E+01 -4.500000E+01    25  3.330938E+01  8.180082E+01  4.750412E+00  3.296890E+01
  1.100000E+01 -4.500000E+01    26  3.567030E+01 -9.140800E+01 -8.764789E-01 -3.565953E+01
  1.100000E+01 -4.500000E+01    27  2.318927E-01  1.613630E+02 -2.197327E-01  7.410634E-02
  1.100000E+01 -4.500000E+01    28  2.530308E+02 -9.161748E+01 -7.142187E+00 -2.529299E+02
  1.100000E+01 -4.500000E+01    29  2.313981E+02 -9.996487E+01 -4.004213E+01 -2.279072E+02
  1.100000E+01 -4.500000E+01    30  1.081966E+00  1.726819E+02 -1.073152E+00  1.378185E-01
  1.100000E+01  0.000000E+00     1  1.929791E+02  6.296122E+01  8.772704E+01  1.718863E+02
  1.100000E+01  0.000000E+00     2  1.508136E+02  3.836322E+01  1.182518E+02  9.360166E+01
  1.100000E+01  0.000000E+00     3  1.472959E+02 -1.664958E+02 -1.432236E+02 -3.439601E+01
  1.100000E+01  0.000000E+00     4  2.425147E+03  3.783674E+01  1.915288E+03  1.487618E+03
  1.100000E+01  0.000000E+00     5  4.589172E+03 -1.321939E+02 -3.082279E+03 -3.400009E+03
  1.100000E+01  0.000000E+00     6  1.362044E+02 -1.456756E+02 -1.124855E+02 -7.680260E+01
  1.100000E+01  0.000000E+00     7  9.835889E+01 -1.578277E+02 -9.108556E+01 -3.711996E+01
  1.100000E+01  0.000000E+00     8  1.762516E+02  2.485916E+01  1.599208E+02  7.409425E+01
  1.100000E+01  0.000000E+00     9  5.291336E+01 -6.644035E+01  2.114966E+01 -4.850274E+01
  1.100000E+01  0.000000E+00    10  1.654965E+03  2.082888E+01  1.546807E+03  5.884693E+02
  1.100000E+01  0.000000E+00    11  9.612519E+02  3.172452E+01  8.176276E+02  5.054606E+02
  1.100000E+01  0.000000E+00    12  5.076671E+01  4.763082E+01  3.421194E+01  3.750735E+01
  1.100000E+01  0.000000E+00    13  1.053710E+02  1.708580E+02 -1.040325E+02  1.674163E+01
  1.100000E+01  0.000000E+00    14  1.723255E+02 -1.533846E+02 -1.540649E+02 -7.720169E+01
  1.100000E+01  0.000000E+00    15  5.334202E+01 -6.381668E+01  2.353687E+01 -4.786843E+01
  1.100000E+01  0.000000E+00    16  1.582834E+03 -1.569507E+02 -1.456474E+03 -6.197163E+02
  1.100000E+01  0.000000E+00    17  1.225094E+03 -2.246760E+01  1.132104E+03 -4.681832E+02
  1.100000E+01  0.000000E+00    18  5.459079E+01 -1.341545E+02 -3.802769E+01 -3.916693E+01
  1.100000E+01  0.000000E+00    19  3.297781E+02 -1.773635E+02 -3.294290E+02 -1.516933E+01
  1.100000E+01  0.000000E+00    20  2.954314E+02 -1.348169E+02 -2.082329E+02 -2.095681E+02
  1.100000E+01  0.000000E+00    21  4.035587E+02  1.568265E+02 -3.709986E+02  1.588070E+02
  1.100000E+01  0.000000E+00    22  3.841418E+02 -1.275876E+02 -2.343164E+02 -3.044023E+02
  1.100000E+01  0.000000E+00    23  8.184663E+03 -4.977664E+01  5.285402E+03 -6.249259E+03
  1.100000E+01  0.000000E+00    24  1.529731E+04  3.528603E+01  1.248687E+04  8.836623E+03
  1.100000E+01  0.000000E+00    25  4.458020E+01  8.260104E+01  5.740933E+00  4.420900E+01
  1.100000E+01  0.000000E+00    26  8.791704E-01  1.402966E+02 -6.763997E-01  5.616262E-01
  1.100000E+01  0.000000E+00    27  2.475359E-01  1.695721E+02 -2.434475E-01  4.480347E-02
  1.100000E+01  0.000000E+00    28  6.841904E+00  1.359525E+02 -4.917716E+00  4.756861E+00
  1.100000E+01  0.000000E+00    29  3.127997E+02 -9.859566E+01 -4.675121E+01 -3.092862E+02
  1.100000E+01  0.000000E+00    30  1.193584E+00  1.695042E+02 -1.173613E+00  2.174279E-01
  1.100000E+01  4.500000E+01     1  3.167792E+02  1.058349E+02 -8.643823E+01  3.047581E+02
  1.100000E+01  4.500000E+01     2  2.128698E+02  1.285678E+02 -1.327117E+02  1.664367E+02
  1.100000E+01  4.500000E+01     3  5.542306E+01 -8.501024E+01  4.820577E+00 -5.521302E+01
  1.100000E+01  4.500000E+01     4  2.674824E+03  1.179561E+02 -1.253945E+03  2.362691E+03
  1.100000E+01  4.500000E+01     5  4.993760E+03 -8.624707E+01  3.268625E+02 -4.983051E+03
  1.100000E+01  4.500000E+01     6  9.447600E+01 -1.107705E+02 -3.350358E+01 -8.833586E+01
  1.100000E+01  4.500000E+01     7  1.864374E+02  1.548532E+02 -1.687673E+02  7.922442E+01
  1.100000E+01  4.500000E+01     8  6.049562E+01 -3.448560E+01  4.986464E+01 -3.425256E+01
  1.100000E+01  4.500000E+01     9  6.016769E+01 -1.217942E+02 -3.170052E+01 -5.113930E+01
  1.100000E+01  4.500000E+01    10  6.128328E+02 -4.568883E+01  4.280973E+02 -4.385165E+02
  1.100000E+01  4.500000E+01    11  1.613435E+03 -1.997207E+01  1.516402E+03 -5.510884E+02
  1.100000E+01  4.500000E+01    12  2.150894E+01  2.898838E+01  1.881426E+01  1.042393E+01
  1.100000E+01  4.500000E+01    13  1.062319E+02  1.332802E+02 -7.282902E+01  7.733787E+01
  1.100000E+01  4.500000E+01    14  1.882282E+02 -7.012163E+01  6.400224E+01 -1.770129E+02
  1.100000E+01  4.500000E+01    15  5.278708E+01  3.557948E+01  4.293221E+01  3.071320E+01
  1.100000E+01  4.500000E+01    16  1.718578E+03 -7.257983E+01  5.145023E+02 -1.639755E+03
  1.100000E+01  4.500000E+01    17  1.398104E+03 -4.049780E+01  1.063162E+03 -9.079553E+02
  1.100000E+01  4.500000E+01    18  6.072340E+01 -5.917720E+01  3.111374E+01 -5.214658E+01
  1.100000E+01  4.500000E+01    19  1.751931E+02 -1.123707E+02 -6.667818E+01 -1.620082E+02
  1.100000E+01  4.500000E+01    20  5.473276E+01 -8.866077E+01  1.279200E+00 -5.471781E+01
  1.100000E+01  4.500000E+01    21  4.509919E+02  1.603415E+02 -4.247057E+02  1.517195E+02
  1.100000E+01  4.500000E+01    22  7.781661E+03  8.238058E+01  1.031788E+03  7.712954E+03
  1.100000E+01  4.500000E+01    23  2.426024E+03 -1.017403E+02 -4.936370E+02 -2.375272E+03
  1.100000E+01  4.500000E+01    24  1.254561E+04  9.471248E+01 -1.030691E+03  1.250320E+04
  1.100000E+01  4.500000E+01    25  3.430722E+01  8.393900E+01  3.622404E+00  3.411545E+01
  1.100000E+01  4.500000E+01    26  3.680499E+01  9.031001E+01 -1.991339E-01  3.680445E+01
  1.100000E+01  4.500000E+01    27  2.051575E-01 -1.792818E+02 -2.051414E-01 -2.571693E-03
  1.100000E+01  4.500000E+01    28  2.622141E+02  9.013838E+01 -6.333017E-01  2.622133E+02
  1.100000E+01  4.500000E+01    29  2.432105E+02 -9.758667E+01 -3.211005E+01 -2.410815E+02
  1.100000E+01  4.500000E+01    30  1.110915E+00  1.672007E+02 -1.083311E+00  2.461087E-01
  1.100000E+01  9.000000E+01     1  4.901084E+02  5.040552E+01  3.123705E+02  3.776651E+02
  1.100000E+01  9.000000E+01     2  4.230030E+02  6.928906E+01  1.495965E+02  3.956671E+02
  1.100000E+01  9.000000E+01     3  1.859710E+02 -1.128348E+02 -7.217088E+01 -1.713960E+02
  1.100000E+01  9.000000E+01     4  5.472274E+03  6.500575E+01  2.312185E+03  4.959797E+03
  1.100000E+01  9.000000E+01     5  8.336078E+03 -1.311442E+02 -5.484779E+03 -6.277531E+03
  1.100000E+01  9.000000E+01     6  1.625960E+02 -1.361559E+02 -1.172686E+02 -1.126300E+02
  1.100000E+01  9.000000E+01     7  1.530007E+02  1.630165E+02 -1.463282E+02  4.469093E+01
  1.100000E+01  9.000000E+01     8  1.014223E+02  1.777762E+02 -1.013459E+02  3.935568E+00
  1.100000E+01  9.000000E+01     9  5.946457E+01 -1.094979E+02 -1.984762E+01 -5.605450E+01
  1.100000E+01  9.000000E+01    10  9.555502E+02 -1.758509E+02 -9.530458E+02 -6.913677E+01
  1.100000E+01  9.000000E+01    11  1.205859E+03 -1.176767E+01  1.180515E+03 -2.459274E+02
  1.100000E+01  9.000000E+01    12  3.299730E+01  1.495559E+02 -2.844776E+01  1.671964E+01
  1.100000E+01  9.000000E+01    13  2.283563E+02 -1.730301E+02 -2.266687E+02 -2.771070E+01
  1.100000E+01  9.000000E+01    14  8.776144E+01 -6.780562E+00  8.714760E+01 -1.036174E+01
  1.100000E+01  9.000000E+01    15  5.560330E+01  1.089741E+02 -1.807886E+01  5.258215E+01
  1.100000E+01  9.000000E+01    16  8.052223E+02 -1.095661E+01  7.905443E+02 -1.530450E+02
  1.100000E+01  9.000000E+01    17  2.585654E+03  9.969765E+00  2.546608E+03  4.476502E+02
  1.100000E+01  9.000000E+01    18  3.104914E+01  9.615552E+00  3.061293E+01  5.186337E+00
  1.100000E+01  9.000000E+01    19  7.133819E+02 -1.341684E+02 -4.970630E+02 -5.117050E+02
  1.100000E+01  9.000000E+01    20  1.898968E+02 -1.557308E+02 -1.731146E+02 -7.805212E+01
  1.100000E+01  9.000000E+01    21  4.074958E+02  1.478224E+02 -3.449048E+02  2.170102E+02
  1.100000E+01  9.000000E+01    22  1.037036E+04  8.865348E+01  2.436934E+02  1.036749E+04
  1.100000E+01  9.000000E+01    23  9.279101E+03  5.453965E+01  5.383173E+03  7.557987E+03
  1.100000E+01  9.000000E+01    24  2.084676E+04  5.032757E+01  1.330852E+04  1.604589E+04
  1.100000E+01  9.000000E+01    25  3.663032E+00  8.659216E+01  2.177413E-01  3.656554E+00
  1.100000E+01  9.000000E+01    26  4.839313E+01  8.793619E+01  1.742759E+00  4.836174E+01
  1.100000E+01  9.000000E+01    27  2.150217E-01 -1.790196E+02 -2.149902E-01 -3.678957E-03
  1.100000E+01  9.000000E+01    28  3.441125E+02  8.795811E+01  1.226080E+01  3.438940E+02
  1.100000E+01  9.000000E+01    29  2.923778E+01 -1.090605E+02 -9.548064E+00 -2.763480E+01
  1.100000E+01  9.000000E+01    30  1.174991E+00  1.644796E+02 -1.132145E+00  3.144054E-01
  1.100000E+01  1.350000E+02     1  4.598389E+02 -2.078094E+01  4.299235E+02 -1.631490E+02
  1.100000E+01  1.350000E+02     2  4.142403E+02 -5.789278E+00  4.121275E+02 -4.178446E+01
  1.100000E+01  1.350000E+02     3  2.393762E+02 -1.798122E+02 -2.393749E+02 -7.847195E-01
  1.100000E+01  1.350000E+02     4  5.686504E+03 -8.523988E+00  5.623690E+03 -8.428734E+02
  1.100000E+01  1.350000E+02     5  8.950510E+03  1.604579E+02 -8.434927E+03  2.993934E+03
  1.100000E+01  1.350000E+02     6  2.093507E+02  1.613806E+02 -1.983933E+02  6.684165E+01
  1.100000E+01  1.350000E+02     7  1.212926E+01  1.759401E+02 -1.209883E+01  8.587341E-01
  1.100000E+01  1.350000E+02     8  1.975582E+02 -1.189952E+02 -9.576373E+01 -1.727963E+02
  1.100000E+01  1.350000E+02     9  4.819531E+01 -3.346312E+01  4.020650E+01 -2.657490E+01
  1.100000E+01  1.350000E+02    10  1.838248E+03 -1.162149E+02 -8.120272E+02 -1.649172E+03
  1.100000E+01  1.350000E+02    11  1.059935E+02 -1.335945E+02 -7.308777E+01 -7.676453E+01
  1.100000E+01  1.350000E+02    12  5.714180E+01 -1.326760E+02 -3.873369E+01 -4.201055E+01
  1.100000E+01  1.350000E+02    13  2.313030E+02 -1.623222E+02 -2.203807E+02 -7.023850E+01
  1.100000E+01  1.350000E+02    14  4.705148E+01 -1.595113E+02 -4.407505E+01 -1.646912E+01
  1.100000E+01  1.350000E+02    15  5.639643E+01  1.215706E+02 -2.952629E+01  4.804951E+01
  1.100000E+01  1.350000E+02    16  4.473156E+02 -1.494080E+02 -3.850551E+02 -2.276485E+02
  1.100000E+01  1.350000E+02    17  2.487488E+03  2.137788E+01  2.316340E+03  9.067324E+02
  1.100000E+01  1.350000E+02    18  1.738560E+01  1.484007E+02 -1.480789E+01  9.109632E+00
  1.100000E+01  1.350000E+02    19  8.143614E+02  1.782813E+02 -8.139950E+02  2.442529E+01
  1.100000E+01  1.350000E+02    20  4.939999E+02  1.386393E+02 -3.707787E+02  3.264339E+02
  1.100000E+01  1.350000E+02    21  2.618112E+02  1.676064E+02 -2.557100E+02  5.619164E+01
  1.100000E+01  1.350000E+02    22  7.434210E+03  9.505899E+01 -6.555580E+02  7.405250E+03
  1.100000E+01  1.350000E+02    23  1.269717E+04  2.303799E+01  1.168452E+04  4.968929E+03
  1.100000E+01  1.350000E+02    24  2.790127E+04 -1.231663E+01  2.725909E+04 -5.951729E+03
  1.100000E+01  1.350000E+02    25  3.420833E+01 -8.853508E+01  8.745341E-01 -3.419715E+01
  1.100000E+01  1.350000E+02    26  3.217639E+01  8.440744E+01  3.135710E+00  3.202324E+01
  1.100000E+01  1.350000E+02    27  2.378613E-01  1.744491E+02 -2.367459E-01  2.300846E-02
  1.100000E+01  1.350000E+02    28  2.281486E+02  8.465916E+01  2.123614E+01  2.271581E+02
  1.100000E+01  1.350000E+02    29  2.401068E+02  9.324552E+01 -1.359358E+01  2.397217E+02
  1.100000E+01  1.350000E+02    30  1.179774E+00  1.639144E+02 -1.133584E+00  3.268828E-01
  1.100000E+01  1.800000E+02     1  2.547802E+02 -7.568980E+01  6.297442E+01 -2.468748E+02
  1.100000E+01  1.800000E+02     2  1.761919E+02 -5.487264E+01  1.013801E+02 -1.441030E+02
  1.100000E+01  1.800000E+02     3  1.483325E+02  1.475735E+02 -1.252045E+02  7.953842E+01
  1.100000E+01  1.800000E+02     4  2.834444E+03 -5.544518E+01  1.607681E+03 -2.334402E+03
  1.100000E+01  1.800000E+02     5  5.717578E+03  1.148394E+02 -2.401816E+03  5.188640E+03
  1.100000E+01  1.800000E+02     6  1.573524E+02  1.253436E+02 -9.102493E+01  1.283520E+02
  1.100000E+01  1.800000E+02     7  1.124193E+02  1.342896E+02 -7.850067E+01  8.047195E+01
  1.100000E+01  1.800000E+02     8  1.659184E+02 -3.813253E+01  1.305089E+02 -1.024517E+02
  1.100000E+01  1.800000E+02     9  5.437951E+01  6.669163E+01  2.151686E+01  4.994152E+01
  1.100000E+01  1.800000E+02    10  1.533859E+03 -3.388498E+01  1.273346E+03 -8.551683E+02
  1.100000E+01  1.800000E+02    11  1.125976E+03 -5.230280E+01  6.885214E+02 -8.909325E+02
  1.100000E+01  1.800000E+02    12  5.174982E+01 -5.991820E+01  2.593887E+01 -4.477967E+01
  1.100000E+01  1.800000E+02    13  1.039375E+02  1.628001E+02 -9.928931E+01  3.073497E+01
  1.100000E+01  1.800000E+02    14  1.642952E+02  1.418792E+02 -1.292528E+02  1.014230E+02
  1.100000E+01  1.800000E+02    15  5.532954E+01  6.359754E+01  2.460359E+01  4.955827E+01
  1.100000E+01  1.800000E+02    16  1.492861E+03  1.455882E+02 -1.231606E+03  8.436713E+02
  1.100000E+01  1.800000E+02    17  1.102542E+03 -2.110251E+00  1.101794E+03 -4.059835E+01
  1.100000E+01  1.800000E+02    18  5.481240E+01  1.231939E+02 -3.000840E+01  4.586823E+01
  1.100000E+01  1.800000E+02    19  3.340644E+02  1.513525E+02 -2.931701E+02  1.601571E+02
  1.100000E+01  1.800000E+02    20  3.479655E+02  1.170332E+02 -1.581529E+02  3.099479E+02
  1.100000E+01  1.800000E+02    21  3.326157E+02 -1.748846E+02 -3.312910E+02 -2.965661E+01
  1.100000E+01  1.800000E+02    22  6.107290E+02  8.677596E+01  3.434763E+01  6.097624E+02
  1.100000E+01  1.800000E+02    23  7.548797E+03  4.352108E+01  5.473792E+03  5.198263E+03
  1.100000E+01  1.800000E+02    24  1.769505E+04 -5.473129E+01  1.021733E+04 -1.444718E+04
  1.100000E+01  1.800000E+02    25  5.127541E+01 -9.004859E+01 -4.348706E-02 -5.127539E+01
  1.100000E+01  1.800000E+02    26  6.444724E-01  5.461924E+01  3.731543E-01  5.254527E-01
  1.100000E+01  1.800000E+02    27  2.185276E-01  1.691790E+02 -2.146419E-01  4.102655E-02
  1.100000E+01  1.800000E+02    28  3.802197E+00  4.970617E+01  2.458910E+00  2.900079E+00
  1.100000E+01  1.800000E+02    29  3.615335E+02  9.085493E+01 -5.394414E+00  3.614932E+02
  1.100000E+01  1.800000E+02    30  1.050863E+00  1.679037E+02 -1.027531E+00  2.202146E-01
  1.200000E+01 -1.800000E+02     1  2.359278E+02 -6.270849E+01  1.081771E+02 -2.096655E+02
  1.200000E+01 -1.800000E+02     2  1.545245E+02 -3.953582E+01  1.191734E+02 -9.836418E+01
  1.200000E+01 -1.800000E+02     3  1.275621E+02  1.727814E+02 -1.265510E+02  1.602884E+01
  1.200000E+01 -1.800000E+02     4  2.487404E+03 -3.993717E+01  1.907214E+03 -1.596782E+03
  1.200000E+01 -1.800000E+02     5  5.177958E+03  1.284015E+02 -3.216384E+03  4.057846E+03
  1.200000E+01 -1.800000E+02     6  1.386196E+02  1.411446E+02 -1.079474E+02  8.696397E+01
  1.200000E+01 -1.800000E+02     7  1.048269E+02  1.283215E+02 -6.500049E+01  8.224126E+01
  1.200000E+01 -1.800000E+02     8  1.561801E+02 -4.234424E+01  1.154345E+02 -1.052003E+02
  1.200000E+01 -1.800000E+02     9  6.548957E+01  5.462459E+01  3.791396E+01  5.339865E+01
  1.200000E+01 -1.800000E+02    10  1.476264E+03 -3.788987E+01  1.165057E+03 -9.066411E+02
  1.200000E+01 -1.800000E+02    11  1.049861E+03 -6.075026E+01  5.129800E+02 -9.160018E+02
  1.200000E+01 -1.800000E+02    12  4.962425E+01 -6.510297E+01  2.089125E+01 -4.501246E+01
  1.200000E+01 -1.800000E+02    13  9.925439E+01  1.538620E+02 -8.910419E+01  4.372500E+01
  1.200000E+01 -1.800000E+02    14  1.523121E+02  1.377416E+02 -1.127292E+02  1.024260E+02
  1.200000E+01 -1.800000E+02    15  6.736441E+01  5.261453E+01  4.090194E+01  5.352565E+01
  1.200000E+01 -1.800000E+02    16  1.412261E+03  1.419202E+02 -1.111666E+03  8.710231E+02
  1.200000E+01 -1.800000E+02    17  1.035809E+03 -1.463712E+01  1.002193E+03 -2.617451E+02
  1.200000E+01 -1.800000E+02    18  5.249705E+01  1.175523E+02 -2.428292E+01  4.654332E+01
  1.200000E+01 -1.800000E+02    19  3.590922E+02  1.765203E+02 -3.584301E+02  2.179492E+01
  1.200000E+01 -1.800000E+02    20  2.886212E+02  1.313189E+02 -1.905620E+02  2.167679E+02
  1.200000E+01 -1.800000E+02    21  3.391188E+02 -1.787561E+02 -3.390389E+02 -7.362030E+00
  1.200000E+01 -1.800000E+02    22  4.611694E+02  1.018857E+02 -9.498257E+01  4.512821E+02
  1.200000E+01 -1.800000E+02    23  7.404539E+03  4.053819E+01  5.627249E+03  4.812615E+03
  1.200000E+01 -1.800000E+02    24  1.564292E+04 -3.932165E+01  1.210138E+04 -9.912502E+03
  1.200000E+01 -1.800000E+02    25  4.358176E+01 -8.807252E+01  1.465856E+00 -4.355710E+01
  1.200000E+01 -1.800000E+02    26  5.045103E-01  9.590596E+01 -5.191207E-02  5.018324E-01
  1.200000E+01 -1.800000E+02    27  3.488283E-01  1.717100E+02 -3.451834E-01  5.029529E-02
  1.200000E+01 -1.800000E+02    28  2.942949E+00  1.012152E+02 -5.723855E-01  2.886750E+00
  1.200000E+01 -1.800000E+02    29  3.114940E+02  9.313108E+01 -1.701394E+01  3.110290E+02
  1.200000E+01 -1.800000E+02    30  9.766240E-01  1.703733E+02 -9.628714E-01  1.633186E-01
  1.200000E+01 -1.350000E+02     1  3.100667E+02 -1.012403E+02 -6.043979E+01 -3.041190E+02
  1.200000E+01 -1.350000E+02     2  2.073135E+02 -1.273421E+02 -1.257506E+02 -1.648201E+02
  1.200000E+01 -1.350000E+02     3  4.639616E+01  6.353661E+01  2.067534E+01  4.153474E+01
  1.200000E+01 -1.350000E+02     4  2.649098E+03 -1.170038E+02 -1.202823E+03 -2.360284E+03
  1.200000E+01 -1.350000E+02     5  5.094316E+03  8.949272E+01  4.510308E+01  5.094117E+03
  1.200000E+01 -1.350000E+02     6  9.675532E+01  1.100469E+02 -3.316660E+01  9.089317E+01
  1.200000E+01 -1.350000E+02     7  1.686136E+02  1.764338E+02 -1.682871E+02  1.048812E+01
  1.200000E+01 -1.350000E+02     8  4.401195E+01  1.282843E+01  4.291338E+01  9.772078E+00
  1.200000E+01 -1.350000E+02     9  6.588715E+01  1.023725E+02 -1.411741E+01  6.435694E+01
  1.200000E+01 -1.350000E+02    10  4.525390E+02  2.665391E+01  4.044489E+02  2.030091E+02
  1.200000E+01 -1.350000E+02    11  1.486317E+03 -9.831144E+00  1.464491E+03 -2.537814E+02
  1.200000E+01 -1.350000E+02    12  1.916045E+01 -5.226946E+01  1.172521E+01 -1.515395E+01
  1.200000E+01 -1.350000E+02    13  8.091029E+01 -1.512979E+02 -7.096872E+01 -3.885765E+01
  1.200000E+01 -1.350000E+02    14  1.696146E+02  6.578846E+01  6.956010E+01  1.546949E+02
  1.200000E+01 -1.350000E+02    15  6.705117E+01 -2.870877E+01  5.880875E+01 -3.220854E+01
  1.200000E+01 -1.350000E+02    16  1.565021E+03  6.907036E+01  5.590588E+02  1.461761E+03
  1.200000E+01 -1.350000E+02    17  1.118898E+03  2.586248E+01  1.006833E+03  4.880775E+02
  1.200000E+01 -1.350000E+02    18  5.909980E+01  5.182048E+01  3.653121E+01  4.645704E+01
  1.200000E+01 -1.350000E+02    19  1.957710E+02  1.192626E+02 -9.569540E+01  1.707883E+02
  1.200000E+01 -1.350000E+02    20  6.892294E+01  9.532294E+01 -6.393930E+00  6.862572E+01
  1.200000E+01 -1.350000E+02    21  4.451289E+02 -1.764606E+02 -4.442798E+02 -2.748023E+01
  1.200000E+01 -1.350000E+02    22  5.384124E+03 -8.759058E+01  2.263478E+02 -5.379364E+03
  1.200000E+01 -1.350000E+02    23  9.047302E+02  7.379980E+01  2.524148E+02  8.688058E+02
  1.200000E+01 -1.350000E+02    24  1.231672E+04 -9.411991E+01 -8.848835E+02 -1.228489E+04
  1.200000E+01 -1.350000E+02    25  2.994416E+01 -8.961309E+01  2.022107E-01 -2.994348E+01
  1.200000E+01 -1.350000E+02    26  2.782471E+01 -9.505392E+01 -2.451164E+00 -2.771654E+01
  1.200000E+01 -1.350000E+02    27  3.509082E-01  1.678133E+02 -3.430004E-01  7.407612E-02
  1.200000E+01 -1.350000E+02    28  2.008396E+02 -9.487414E+01 -1.706475E+01 -2.001133E+02
  1.200000E+01 -1.350000E+02    29  2.161582E+02  9.234684E+01 -8.851357E+00  2.159769E+02
  1.200000E+01 -1.350000E+02    30  1.018685E+00  1.753426E+02 -1.015321E+00  8.271529E-02
  1.200000E+01 -9.000000E+01     1  4.569229E+02 -5.632032E+01  2.533863E+02 -3.802288E+02
  1.200000E+01 -9.000000E+01     2  3.944966E+02 -7.601821E+01  9.531570E+01 -3.828087E+02
  1.200000E+01 -9.000000E+01     3  1.841983E+02  9.790836E+01 -2.534366E+01  1.824465E+02
  1.200000E+01 -9.000000E+01     4  5.190901E+03 -7.233391E+01  1.575279E+03 -4.946105E+03
  1.200000E+01 -9.000000E+01     5  7.968650E+03  1.240453E+02 -4.461231E+03  6.602788E+03
  1.200000E+01 -9.000000E+01     6  1.580934E+02  1.257268E+02 -9.231396E+01  1.283420E+02
  1.200000E+01 -9.000000E+01     7  1.385082E+02  1.666254E+02 -1.347516E+02  3.203928E+01
  1.200000E+01 -9.000000E+01     8  8.934127E+01  1.610317E+02 -8.448993E+01  2.903988E+01
  1.200000E+01 -9.000000E+01     9  6.622684E+01  9.207529E+01 -2.398250E+00  6.618340E+01
  1.200000E+01 -9.000000E+01    10  8.654821E+02  1.548012E+02 -7.831194E+02  3.684878E+02
  1.200000E+01 -9.000000E+01    11  1.138829E+03 -2.087482E+01  1.064078E+03 -4.057961E+02
  1.200000E+01 -9.000000E+01    12  2.868860E+01 -1.701465E+02 -2.826541E+01 -4.909457E+00
  1.200000E+01 -9.000000E+01    13  2.040731E+02  1.713155E+02 -2.017334E+02  3.081381E+01
  1.200000E+01 -9.000000E+01    14  8.939597E+01  1.038679E+01  8.793105E+01  1.611741E+01
  1.200000E+01 -9.000000E+01    15  7.275982E+01 -9.244305E+01 -3.101478E+00 -7.269369E+01
  1.200000E+01 -9.000000E+01    16  8.273837E+02  1.626028E+01  7.942881E+02  2.316685E+02
  1.200000E+01 -9.000000E+01    17  2.358276E+03 -1.122377E+01  2.313173E+03 -4.590180E+02
  1.200000E+01 -9.000000E+01    18  3.492655E+01 -1.191192E+01  3.417444E+01 -7.209113E+00
  1.200000E+01 -9.000000E+01    19  7.128769E+02  1.247897E+02 -4.067429E+02  5.854517E+02
  1.200000E+01 -9.000000E+01    20  1.591103E+02  1.461222E+02 -1.320980E+02  8.869173E+01
  1.200000E+01 -9.000000E+01    21  3.668394E+02 -1.678257E+02 -3.585894E+02 -7.736147E+01
  1.200000E+01 -9.000000E+01    22  8.133354E+03 -9.207896E+01 -2.950518E+02 -8.128000E+03
  1.200000E+01 -9.000000E+01    23  9.986784E+03 -6.423983E+01  4.340308E+03 -8.994309E+03
  1.200000E+01 -9.000000E+01    24  2.023418E+04 -6.041795E+01  9.988998E+03 -1.759665E+04
  1.200000E+01 -9.000000E+01    25  4.277615E-01  9.073585E+01 -5.493587E-03  4.277262E-01
  1.200000E+01 -9.000000E+01    26  4.112256E+01 -9.198546E+01 -1.424726E+00 -4.109787E+01
  1.200000E+01 -9.000000E+01    27  3.450501E-01  1.649859E+02 -3.332709E-01  8.938728E-02
  1.200000E+01 -9.000000E+01    28  2.961178E+02 -9.200759E+01 -1.037359E+01 -2.959360E+02
  1.200000E+01 -9.000000E+01    29  8.013425E+00  1.737598E+02 -7.965944E+00  8.710407E-01
  1.200000E+01 -9.000000E+01    30  9.907128E-01  1.767555E+02 -9.891248E-01  5.607182E-02
  1.200000E+01 -4.500000E+01     1  3.909822E+02  9.794308E-01  3.909251E+02  6.683239E+00
  1.200000E+01 -4.500000E+01     2  3.586055E+02 -1.494995E+01  3.464673E+02 -9.251131E+01
  1.200000E+01 -4.500000E+01     3  2.158880E+02  1.519443E+02 -1.905193E+02  1.015384E+02
  1.200000E+01 -4.500000E+01     4  4.948342E+03 -1.301828E+01  4.821161E+03 -1.114673E+03
  1.200000E+01 -4.500000E+01     5  7.673864E+03  1.782555E+02 -7.670308E+03  2.336152E+02
  1.200000E+01 -4.500000E+01     6  1.795243E+02  1.744081E+02 -1.786700E+02  1.749323E+01
  1.200000E+01 -4.500000E+01     7  3.863662E+01  1.030726E+02 -8.739030E+00  3.763532E+01
  1.200000E+01 -4.500000E+01     8  1.720669E+02  1.068519E+02 -4.988192E+01  1.646779E+02
  1.200000E+01 -4.500000E+01     9  6.317135E+01  2.683891E+01  5.636649E+01  2.852083E+01
  1.200000E+01 -4.500000E+01    10  1.633788E+03  1.034807E+02 -3.808640E+02  1.588775E+03
  1.200000E+01 -4.500000E+01    11  2.902027E+02 -1.131923E+02 -1.142873E+02 -2.667509E+02
  1.200000E+01 -4.500000E+01    12  5.196463E+01  1.231895E+02 -2.844598E+01  4.348735E+01
  1.200000E+01 -4.500000E+01    13  2.103379E+02  1.612292E+02 -1.991508E+02  6.768307E+01
  1.200000E+01 -4.500000E+01    14  5.187272E+01  1.620231E+02 -4.934036E+01  1.600964E+01
  1.200000E+01 -4.500000E+01    15  7.445238E+01 -1.028321E+02 -1.653547E+01 -7.259295E+01
  1.200000E+01 -4.500000E+01    16  5.205811E+02  1.511901E+02 -4.561454E+02  2.508707E+02
  1.200000E+01 -4.500000E+01    17  2.307635E+03 -2.216780E+01  2.137061E+03 -8.707177E+02
  1.200000E+01 -4.500000E+01    18  1.937221E+01 -1.383275E+02 -1.447023E+01 -1.288003E+01
  1.200000E+01 -4.500000E+01    19  7.702175E+02  1.574386E+02 -7.112719E+02  2.955117E+02
  1.200000E+01 -4.500000E+01    20  3.790139E+02 -1.541962E+02 -3.412224E+02 -1.649812E+02
  1.200000E+01 -4.500000E+01    21  2.703990E+02  1.716843E+02 -2.675561E+02  3.910715E+01
  1.200000E+01 -4.500000E+01    22  6.378340E+03 -9.781721E+01 -8.675379E+02 -6.319066E+03
  1.200000E+01 -4.500000E+01    23  1.254670E+04 -3.906289E+01  9.741944E+03 -7.906591E+03
  1.200000E+01 -4.500000E+01    24  2.436023E+04 -9.301753E+00  2.403991E+04 -3.937442E+03
  1.200000E+01 -4.500000E+01    25  2.907025E+01  8.284702E+01  3.619802E+00  2.884400E+01
  1.200000E+01 -4.500000E+01    26  3.028656E+01 -9.030124E+01 -1.592340E-01 -3.028614E+01
  1.200000E+01 -4.500000E+01    27  3.602597E-01  1.671236E+02 -3.512002E-01  8.028346E-02
  1.200000E+01 -4.500000E+01    28  2.175862E+02 -9.052575E+01 -1.996547E+00 -2.175771E+02
  1.200000E+01 -4.500000E+01    29  2.048126E+02 -9.932883E+01 -3.320017E+01 -2.021038E+02
  1.200000E+01 -4.500000E+01    30  9.917811E-01  1.755029E+02 -9.887276E-01  7.776461E-02
  1.200000E+01  0.000000E+00     1  2.021858E+02  5.079061E+01  1.278130E+02  1.566618E+02
  1.200000E+01  0.000000E+00     2  1.465103E+02  2.729706E+01  1.301950E+02  6.719022E+01
  1.200000E+01  0.000000E+00     3  1.345953E+02  1.770924E+02 -1.344220E+02  6.827367E+00
  1.200000E+01  0.000000E+00     4  2.357883E+03  2.687509E+01  2.103218E+03  1.065874E+03
  1.200000E+01  0.000000E+00     5  4.655628E+03 -1.423587E+02 -3.686559E+03 -2.843265E+03
  1.200000E+01  0.000000E+00     6  1.324679E+02 -1.560907E+02 -1.211007E+02 -5.368784E+01
  1.200000E+01  0.000000E+00     7  9.087006E+01 -1.435491E+02 -7.309280E+01 -5.398899E+01
  1.200000E+01  0.000000E+00     8  1.589647E+02  3.255610E+01  1.339858E+02  8.554291E+01
  1.200000E+01  0.000000E+00     9  6.897106E+01 -5.606467E+01  3.850356E+01 -5.722310E+01
  1.200000E+01  0.000000E+00    10  1.518670E+03  2.794411E+01  1.341601E+03  7.116642E+02
  1.200000E+01  0.000000E+00    11  8.997647E+02  4.883101E+01  5.922991E+02  6.773170E+02
  1.200000E+01  0.000000E+00    12  4.849845E+01  5.743297E+01  2.610603E+01  4.087266E+01
  1.200000E+01  0.000000E+00    13  9.504414E+01 -1.744845E+02 -9.460412E+01 -9.135125E+00
  1.200000E+01  0.000000E+00    14  1.551715E+02 -1.457988E+02 -1.283375E+02 -8.722208E+01
  1.200000E+01  0.000000E+00    15  6.920202E+01 -5.410822E+01  4.057011E+01 -5.606234E+01
  1.200000E+01  0.000000E+00    16  1.449365E+03 -1.500620E+02 -1.255969E+03 -7.233246E+02
  1.200000E+01  0.000000E+00    17  1.058145E+03 -6.496537E+00  1.051351E+03 -1.197219E+02
  1.200000E+01  0.000000E+00    18  5.208785E+01 -1.243626E+02 -2.939985E+01 -4.299759E+01
  1.200000E+01  0.000000E+00    19  3.864932E+02  1.689294E+02 -3.793011E+02  7.421396E+01
  1.200000E+01  0.000000E+00    20  2.686326E+02 -1.452335E+02 -2.206770E+02 -1.531833E+02
  1.200000E+01  0.000000E+00    21  3.813769E+02  1.641025E+02 -3.667904E+02  1.044659E+02
  1.200000E+01  0.000000E+00    22  3.249263E+02 -1.368314E+02 -2.369830E+02 -2.222974E+02
  1.200000E+01  0.000000E+00    23  7.926307E+03 -4.548720E+01  5.556885E+03 -5.652201E+03
  1.200000E+01  0.000000E+00    24  1.491379E+04  2.503171E+01  1.351300E+04  6.310322E+03
  1.200000E+01  0.000000E+00    25  3.987562E+01  8.285201E+01  4.961831E+00  3.956571E+01
  1.200000E+01  0.000000E+00    26  7.720334E-01  1.440945E+02 -6.253359E-01  4.527588E-01
  1.200000E+01  0.000000E+00    27  3.781855E-01  1.728854E+02 -3.752736E-01  4.683975E-02
  1.200000E+01  0.000000E+00    28  6.112825E+00  1.395859E+02 -4.654172E+00  3.962993E+00
  1.200000E+01  0.000000E+00    29  2.838302E+02 -9.859954E+01 -4.244040E+01 -2.806393E+02
  1.200000E+01  0.000000E+00    30  1.057565E+00  1.735304E+02 -1.050831E+00  1.191629E-01
  1.200000E+01  4.500000E+01     1  2.971664E+02  9.749194E+01 -3.874651E+01  2.946296E+02
  1.200000E+01  4.500000E+01     2  2.001358E+02  1.215696E+02 -1.047780E+02  1.705166E+02
  1.200000E+01  4.500000E+01     3  3.780002E+01 -7.276364E+01  1.120069E+01 -3.610244E+01
  1.200000E+01  4.500000E+01     4  2.513658E+03  1.116032E+02 -9.254714E+02  2.337087E+03
  1.200000E+01  4.500000E+01     5  4.711577E+03 -9.427116E+01 -3.509023E+02 -4.698492E+03
  1.200000E+01  4.500000E+01     6  8.579672E+01 -1.186302E+02 -4.110984E+01 -7.530643E+01
  1.200000E+01  4.500000E+01     7  1.637644E+02  1.737625E+02 -1.627950E+02  1.779306E+01
  1.200000E+01  4.500000E+01     8  5.361364E+01 -2.163227E+01  4.983757E+01 -1.976457E+01
  1.200000E+01  4.500000E+01     9  7.403992E+01 -1.028896E+02 -1.651635E+01 -7.217424E+01
  1.200000E+01  4.500000E+01    10  5.607457E+02 -3.401997E+01  4.647699E+02 -3.137270E+02
  1.200000E+01  4.500000E+01    11  1.430780E+03  1.304811E+00  1.430409E+03  3.258068E+01
  1.200000E+01  4.500000E+01    12  2.093970E+01  4.569986E+01  1.462465E+01  1.498636E+01
  1.200000E+01  4.500000E+01    13  9.767602E+01  1.323524E+02 -6.580321E+01  7.218409E+01
  1.200000E+01  4.500000E+01    14  1.706287E+02 -7.247446E+01  5.138161E+01 -1.627086E+02
  1.200000E+01  4.500000E+01    15  6.626227E+01  2.776340E+01  5.863408E+01  3.086639E+01
  1.200000E+01  4.500000E+01    16  1.578878E+03 -7.560915E+01  3.924070E+02 -1.529337E+03
  1.200000E+01  4.500000E+01    17  1.277861E+03 -4.311788E+01  9.327735E+02 -8.734201E+02
  1.200000E+01  4.500000E+01    18  5.886480E+01 -5.908097E+01  3.024628E+01 -5.049978E+01
  1.200000E+01  4.500000E+01    19  1.608252E+02 -1.327848E+02 -1.092400E+02 -1.180313E+02
  1.200000E+01  4.500000E+01    20  3.970232E+01 -1.208863E+02 -2.038062E+01 -3.407204E+01
  1.200000E+01  4.500000E+01    21  4.464071E+02  1.632735E+02 -4.275194E+02  1.284773E+02
  1.200000E+01  4.500000E+01    22  6.063438E+03  8.528983E+01  4.979009E+02  6.042961E+03
  1.200000E+01  4.500000E+01    23  1.433353E+03 -7.885359E+01  2.770912E+02 -1.406315E+03
  1.200000E+01  4.500000E+01    24  1.107203E+04  8.829686E+01  3.290723E+02  1.106714E+04
  1.200000E+01  4.500000E+01    25  2.983187E+01  8.484923E+01  2.678211E+00  2.971140E+01
  1.200000E+01  4.500000E+01    26  3.119281E+01  9.154324E+01 -8.400621E-01  3.118149E+01
  1.200000E+01  4.500000E+01    27  3.389623E-01  1.784379E+02 -3.388363E-01  9.240445E-03
  1.200000E+01  4.500000E+01    28  2.251292E+02  9.138735E+01 -5.450717E+00  2.250632E+02
  1.200000E+01  4.500000E+01    29  2.143170E+02 -9.707402E+01 -2.639348E+01 -2.126856E+02
  1.200000E+01  4.500000E+01    30  1.008777E+00  1.700530E+02 -9.936129E-01  1.742532E-01
  1.200000E+01  9.000000E+01     1  4.545193E+02  5.065891E+01  2.881360E+02  3.515187E+02
  1.200000E+01  9.000000E+01     2  3.864312E+02  7.038436E+01  1.297283E+02  3.640049E+02
  1.200000E+01  9.000000E+01     3  1.687207E+02 -1.050041E+02 -4.367985E+01 -1.629686E+02
  1.200000E+01  9.000000E+01     4  5.045800E+03  6.623349E+01  2.033510E+03  4.617893E+03
  1.200000E+01  9.000000E+01     5  7.791350E+03 -1.309618E+02 -5.107668E+03 -5.883609E+03
  1.200000E+01  9.000000E+01     6  1.503823E+02 -1.349728E+02 -1.062859E+02 -1.063867E+02
  1.200000E+01  9.000000E+01     7  1.349177E+02 -1.781648E+02 -1.348485E+02 -4.320760E+00
  1.200000E+01  9.000000E+01     8  9.118820E+01 -1.672681E+02 -8.894608E+01 -2.009684E+01
  1.200000E+01  9.000000E+01     9  7.391646E+01 -9.212241E+01 -2.737462E+00 -7.386575E+01
  1.200000E+01  9.000000E+01    10  8.786285E+02 -1.599637E+02 -8.254504E+02 -3.010310E+02
  1.200000E+01  9.000000E+01    11  1.081344E+03  1.085458E+01  1.061997E+03  2.036354E+02
  1.200000E+01  9.000000E+01    12  3.136272E+01  1.605163E+02 -2.956677E+01  1.046070E+01
  1.200000E+01  9.000000E+01    13  2.119408E+02  1.763540E+02 -2.115118E+02  1.347768E+01
  1.200000E+01  9.000000E+01    14  8.461682E+01 -1.964658E+01  7.969080E+01 -2.844964E+01
  1.200000E+01  9.000000E+01    15  6.622557E+01  9.040005E+01 -4.623957E-01  6.622395E+01
  1.200000E+01  9.000000E+01    16  7.872838E+02 -2.490534E+01  7.140702E+02 -3.315412E+02
  1.200000E+01  9.000000E+01    17  2.419893E+03 -1.455770E+00  2.419112E+03 -6.147801E+01
  1.200000E+01  9.000000E+01    18  3.219917E+01  6.295386E-01  3.219722E+01  3.537819E-01
  1.200000E+01  9.000000E+01    19  6.679907E+02 -1.341310E+02 -4.651230E+02 -4.794499E+02
  1.200000E+01  9.000000E+01    20  1.609272E+02 -1.589730E+02 -1.502112E+02 -5.774197E+01
  1.200000E+01  9.000000E+01    21  4.063039E+02  1.535359E+02 -3.637288E+02  1.810641E+02
  1.200000E+01  9.000000E+01    22  8.279201E+03  8.935052E+01  9.384653E+01  8.278669E+03
  1.200000E+01  9.000000E+01    23  9.008698E+03  5.458479E+01  5.220518E+03  7.341854E+03
  1.200000E+01  9.000000E+01    24  1.942776E+04  5.195477E+01  1.197301E+04  1.529984E+04
  1.200000E+01  9.000000E+01    25  2.329317E+00  8.715758E+01  1.155092E-01  2.326451E+00
  1.200000E+01  9.000000E+01    26  4.194293E+01  8.894281E+01  7.738695E-01  4.193579E+01
  1.200000E+01  9.000000E+01    27  3.513883E-01  1.792281E+02 -3.513564E-01  4.733602E-03
  1.200000E+01  9.000000E+01    28  3.021040E+02  8.897422E+01  5.408348E+00  3.020556E+02
  1.200000E+01  9.000000E+01    29  2.065324E+01 -1.167594E+02 -9.299006E+00 -1.844139E+01
  1.200000E+01  9.000000E+01    30  1.051506E+00  1.680072E+02 -1.028556E+00  2.184913E-01
  1.200000E+01  1.350000E+02     1  4.244691E+02 -1.038304E+01  4.175183E+02 -7.650120E+01
  1.200000E+01  1.350000E+02     2  3.752150E+02  5.882598E+00  3.732391E+02  3.845594E+01
  1.200000E+01  1.350000E+02     3  2.152274E+02 -1.623709E+02 -2.051196E+02 -6.518253E+01
  1.200000E+01  1.350000E+02     4  5.178001E+03  3.354670E+00  5.169128E+03  3.029989E+02
  1.200000E+01  1.350000E+02     5  8.233166E+03  1.712168E+02 -8.136617E+03  1.257176E+03
  1.200000E+01  1.350000E+02     6  1.892191E+02  1.736225E+02 -1.880481E+02  2.101830E+01
  1.200000E+01  1.350000E+02     7  1.470701E+01 -1.384978E+02 -1.101452E+01 -9.745586E+00
  1.200000E+01  1.350000E+02     8  1.766599E+02 -1.128290E+02 -6.854076E+01 -1.628217E+02
  1.200000E+01  1.350000E+02     9  6.539574E+01 -2.990884E+01  5.668632E+01 -3.260772E+01
  1.200000E+01  1.350000E+02    10  1.676707E+03 -1.093503E+02 -5.555662E+02 -1.581990E+03
  1.200000E+01  1.350000E+02    11  1.206998E+02  1.563109E+02 -1.105295E+02  4.849408E+01
  1.200000E+01  1.350000E+02    12  5.341621E+01 -1.298272E+02 -3.421173E+01 -4.102255E+01
  1.200000E+01  1.350000E+02    13  2.158307E+02 -1.743729E+02 -2.147906E+02 -2.116282E+01
  1.200000E+01  1.350000E+02    14  4.615419E+01 -1.701972E+02 -4.548032E+01 -7.858110E+00
  1.200000E+01  1.350000E+02    15  6.587802E+01  1.010684E+02 -1.264731E+01  6.465260E+01
  1.200000E+01  1.350000E+02    16  4.561021E+02 -1.594698E+02 -4.271339E+02 -1.599555E+02
  1.200000E+01  1.350000E+02    17  2.345807E+03  8.369765E+00  2.320823E+03  3.414580E+02
  1.200000E+01  1.350000E+02    18  1.733694E+01  1.334716E+02 -1.192772E+01  1.258170E+01
  1.200000E+01  1.350000E+02    19  7.861987E+02 -1.693241E+02 -7.725903E+02 -1.456456E+02
  1.200000E+01  1.350000E+02    20  4.103812E+02  1.472188E+02 -3.450257E+02  2.221935E+02
  1.200000E+01  1.350000E+02    21  2.867779E+02  1.674910E+02 -2.799704E+02  6.211395E+01
  1.200000E+01  1.350000E+02    22  6.056262E+03  9.419238E+01 -4.427458E+02  6.040057E+03
  1.200000E+01  1.350000E+02    23  1.235514E+04  2.846852E+01  1.086115E+04  5.889399E+03
  1.200000E+01  1.350000E+02    24  2.547342E+04 -1.368681E+00  2.546615E+04 -6.084510E+02
  1.200000E+01  1.350000E+02    25  2.928858E+01 -8.744505E+01  1.305614E+00 -2.925946E+01
  1.200000E+01  1.350000E+02    26  2.873993E+01  8.585312E+01  2.078286E+00  2.866469E+01
  1.200000E+01  1.350000E+02    27  3.722146E-01  1.757037E+02 -3.711686E-01  2.788423E-02
  1.200000E+01  1.350000E+02    28  2.064505E+02  8.610283E+01  1.403162E+01  2.059731E+02
  1.200000E+01  1.350000E+02    29  2.081695E+02  9.477003E+01 -1.731066E+01  2.074485E+02
  1.200000E+01  1.350000E+02    30  1.058719E+00  1.678196E+02 -1.034885E+00  2.233800E-01
  1.200000E+01  1.800000E+02     1  2.359270E+02 -6.270470E+01  1.081906E+02 -2.096577E+02
  1.200000E+01  1.800000E+02     2  1.545157E+02 -3.953469E+01  1.191685E+02 -9.835622E+01
  1.200000E+01  1.800000E+02     3  1.275614E+02  1.727839E+02 -1.265510E+02  1.602335E+01
  1.200000E+01  1.800000E+02     4  2.487265E+03 -3.993600E+01  1.907140E+03 -1.596654E+03
  1.200000E+01  1.800000E+02     5  5.177989E+03  1.284044E+02 -3.216606E+03  4.057710E+03
  1.200000E+01  1.800000E+02     6  1.386057E+02  1.411441E+02 -1.079359E+02  8.695607E+01
  1.200000E+01  1.800000E+02     7  1.048272E+02  1.283216E+02 -6.500072E+01  8.224138E+01
  1.200000E+01  1.800000E+02     8  1.561803E+02 -4.234415E+01  1.154348E+02 -1.052003E+02
  1.200000E+01  1.800000E+02     9  6.548952E+01  5.462457E+01  3.791396E+01  5.339859E+01
  1.200000E+01  1.800000E+02    10  1.476267E+03 -3.788976E+01  1.165061E+03 -9.066410E+02
  1.200000E+01  1.800000E+02    11  1.049865E+03 -6.075018E+01  5.129837E+02 -9.160049E+02
  1.200000E+01  1.800000E+02    12  4.962419E+01 -6.510321E+01  2.089104E+01 -4.501249E+01
  1.200000E+01  1.800000E+02    13  9.926233E+01  1.538603E+02 -8.911002E+01  4.373114E+01
  1.200000E+01  1.800000E+02    14  1.523111E+02  1.377418E+02 -1.127288E+02  1.024251E+02
  1.200000E+01  1.800000E+02    15  6.736443E+01  5.261448E+01  4.090201E+01  5.352562E+01
  1.200000E+01  1.800000E+02    16  1.412244E+03  1.419205E+02 -1.111656E+03  8.710076E+02
  1.200000E+01  1.800000E+02    17  1.035938E+03 -1.464156E+01  1.002297E+03 -2.618552E+02
  1.200000E+01  1.800000E+02    18  5.249804E+01  1.175522E+02 -2.428331E+01  4.654422E+01
  1.200000E+01  1.800000E+02    19  3.591075E+02  1.765221E+02 -3.584461E+02  2.178461E+01
  1.200000E+01  1.800000E+02    20  2.885996E+02  1.313199E+02 -1.905514E+02  2.167486E+02
  1.200000E+01  1.800000E+02    21  3.391201E+02 -1.787568E+02 -3.390403E+02 -7.357567E+00
  1.200000E+01  1.800000E+02    22  4.611260E+02  1.018838E+02 -9.495821E+01  4.512429E+02
  1.200000E+01  1.800000E+02    23  7.404700E+03  4.053983E+01  5.627233E+03  4.812881E+03
  1.200000E+01  1.800000E+02    24  1.564229E+04 -3.932036E+01  1.210111E+04 -9.911826E+03
  1.200000E+01  1.800000E+02    25  4.358172E+01 -8.807249E+01  1.465874E+00 -4.355706E+01
  1.200000E+01  1.800000E+02    26  5.044945E-01  9.591036E+01 -5.194902E-02  5.018127E-01
  1.200000E+01  1.800000E+02    27  3.488223E-01  1.717103E+02 -3.451777E-01  5.029256E-02
  1.200000E+01  1.800000E+02    28  2.942863E+00  1.012219E+02 -5.727074E-01  2.886598E+00
  1.200000E+01  1.800000E+02    29  3.114938E+02  9.313111E+01 -1.701409E+01  3.110288E+02
  1.200000E+01  1.800000E+02    30  9.766420E-01  1.703737E+02 -9.628903E-01  1.633153E-01
  1.300000E+01 -1.800000E+02     1  2.196552E+02 -5.297598E+01  1.322653E+02 -1.753690E+02
  1.300000E+01 -1.800000E+02     2  1.369528E+02 -2.767717E+01  1.212825E+02 -6.361311E+01
  1.300000E+01 -1.800000E+02     3  1.146115E+02 -1.648858E+02 -1.106469E+02 -2.988418E+01
  1.300000E+01 -1.800000E+02     4  2.204498E+03 -2.795217E+01  1.947319E+03 -1.033324E+03
  1.300000E+01 -1.800000E+02     5  4.734789E+03  1.384613E+02 -3.544030E+03  3.139758E+03
  1.300000E+01 -1.800000E+02     6  1.230239E+02  1.533595E+02 -1.099633E+02  5.516286E+01
  1.300000E+01 -1.800000E+02     7  9.295513E+01  1.225098E+02 -4.995814E+01  7.838903E+01
  1.300000E+01 -1.800000E+02     8  1.442140E+02 -4.521794E+01  1.015861E+02 -1.023619E+02
  1.300000E+01 -1.800000E+02     9  7.805337E+01  4.550095E+01  5.470741E+01  5.567251E+01
  1.300000E+01 -1.800000E+02    10  1.388296E+03 -4.028693E+01  1.059014E+03 -8.976940E+02
  1.300000E+01 -1.800000E+02    11  9.437017E+02 -6.980302E+01  3.258118E+02 -8.856746E+02
  1.300000E+01 -1.800000E+02    12  4.678708E+01 -7.022990E+01  1.582558E+01 -4.402932E+01
  1.300000E+01 -1.800000E+02    13  8.980833E+01  1.479472E+02 -7.611790E+01  4.766132E+01
  1.300000E+01 -1.800000E+02    14  1.395361E+02  1.346908E+02 -9.813293E+01  9.919804E+01
  1.300000E+01 -1.800000E+02    15  8.004864E+01  4.443280E+01  5.716050E+01  5.603983E+01
  1.300000E+01 -1.800000E+02    16  1.315642E+03  1.395269E+02 -1.000823E+03  8.539715E+02
  1.300000E+01 -1.800000E+02    17  9.267942E+02 -2.308205E+01  8.525991E+02 -3.633487E+02
  1.300000E+01 -1.800000E+02    18  4.959174E+01  1.120646E+02 -1.862920E+01  4.595970E+01
  1.300000E+01 -1.800000E+02    19  3.845595E+02 -1.682693E+02 -3.765275E+02 -7.818583E+01
  1.300000E+01 -1.800000E+02    20  2.432312E+02  1.432030E+02 -1.947706E+02  1.456909E+02
  1.300000E+01 -1.800000E+02    21  3.235576E+02 -1.795742E+02 -3.235487E+02 -2.404648E+00
  1.300000E+01 -1.800000E+02    22  3.396112E+02  1.154285E+02 -1.458236E+02  3.067104E+02
  1.300000E+01 -1.800000E+02    23  7.094923E+03  3.959396E+01  5.467209E+03  4.521898E+03
  1.300000E+01 -1.800000E+02    24  1.391648E+04 -2.755101E+01  1.233834E+04 -6.436903E+03
  1.300000E+01 -1.800000E+02    25  3.816025E+01 -8.735346E+01  1.762026E+00 -3.811955E+01
  1.300000E+01 -1.800000E+02    26  4.474994E-01  1.255390E+02 -2.601123E-01  3.641391E-01
  1.300000E+01 -1.800000E+02    27  4.555696E-01  1.743527E+02 -4.533585E-01  4.483011E-02
  1.300000E+01 -1.800000E+02    28  2.905856E+00  1.366028E+02 -2.111418E+00  1.996474E+00
  1.300000E+01 -1.800000E+02    29  2.754325E+02  9.412459E+01 -1.981063E+01  2.747191E+02
  1.300000E+01 -1.800000E+02    30  8.778468E-01  1.730206E+02 -8.713418E-01  1.066699E-01
  1.300000E+01 -1.350000E+02     1  2.897990E+02 -9.399152E+01 -2.017254E+01 -2.890961E+02
  1.300000E+01 -1.350000E+02     2  1.904844E+02 -1.207534E+02 -9.740301E+01 -1.636978E+02
  1.300000E+01 -1.350000E+02     3  3.588034E+01  3.723841E+01  2.856522E+01  2.171238E+01
  1.300000E+01 -1.350000E+02     4  2.428118E+03 -1.111890E+02 -8.776342E+02 -2.263960E+03
  1.300000E+01 -1.350000E+02     5  4.724760E+03  9.634799E+01 -5.224011E+02  4.695791E+03
  1.300000E+01 -1.350000E+02     6  8.407704E+01  1.167413E+02 -3.783149E+01  7.508480E+01
  1.300000E+01 -1.350000E+02     7  1.498794E+02  1.660898E+02 -1.454840E+02  3.603117E+01
  1.300000E+01 -1.350000E+02     8  4.309721E+01  5.009005E+00  4.293262E+01  3.762917E+00
  1.300000E+01 -1.350000E+02     9  7.772695E+01  8.675286E+01  4.402677E+00  7.760216E+01
  1.300000E+01 -1.350000E+02    10  4.584485E+02  1.911574E+01  4.331692E+02  1.501316E+02
  1.300000E+01 -1.350000E+02    11  1.327562E+03 -2.262602E+01  1.225387E+03 -5.107324E+02
  1.300000E+01 -1.350000E+02    12  1.918933E+01 -6.382919E+01  8.463431E+00 -1.722210E+01
  1.300000E+01 -1.350000E+02    13  7.280698E+01 -1.420922E+02 -5.744475E+01 -4.473207E+01
  1.300000E+01 -1.350000E+02    14  1.539949E+02  7.019703E+01  5.217143E+01  1.448882E+02
  1.300000E+01 -1.350000E+02    15  8.104198E+01 -2.499127E+01  7.345420E+01 -3.423863E+01
  1.300000E+01 -1.350000E+02    16  1.439632E+03  7.419472E+01  3.921109E+02  1.385203E+03
  1.300000E+01 -1.350000E+02    17  9.785107E+02  3.552592E+01  7.963636E+02  5.685844E+02
  1.300000E+01 -1.350000E+02    18  5.606601E+01  5.370277E+01  3.318963E+01  4.518678E+01
  1.300000E+01 -1.350000E+02    19  1.732217E+02  1.349230E+02 -1.223214E+02  1.226508E+02
  1.300000E+01 -1.350000E+02    20  4.587734E+01  1.190990E+02 -2.231107E+01  4.008674E+01
  1.300000E+01 -1.350000E+02    21  4.137210E+02 -1.741754E+02 -4.115851E+02 -4.198573E+01
  1.300000E+01 -1.350000E+02    22  4.446177E+03 -8.932450E+01  5.241816E+01 -4.445868E+03
  1.300000E+01 -1.350000E+02    23  7.096942E+02  2.726558E+01  6.308419E+02  3.251220E+02
  1.300000E+01 -1.350000E+02    24  1.065930E+04 -8.856253E+01  2.673990E+02 -1.065594E+04
  1.300000E+01 -1.350000E+02    25  2.661685E+01 -8.868700E+01  6.099067E-01 -2.660987E+01
  1.300000E+01 -1.350000E+02    26  2.533444E+01 -9.461496E+01 -2.038386E+00 -2.525230E+01
  1.300000E+01 -1.350000E+02    27  4.539757E-01  1.719995E+02 -4.495571E-01  6.318519E-02
  1.300000E+01 -1.350000E+02    28  1.846827E+02 -9.446834E+01 -1.438831E+01 -1.841214E+02
  1.300000E+01 -1.350000E+02    29  1.939988E+02  9.358889E+01 -1.214374E+01  1.936183E+02
  1.300000E+01 -1.350000E+02    30  8.964248E-01  1.781674E+02 -8.959664E-01  2.866635E-02
  1.300000E+01 -9.000000E+01     1  4.287923E+02 -5.529930E+01  2.441070E+02 -3.525261E+02
  1.300000E+01 -9.000000E+01     2  3.619995E+02 -7.545898E+01  9.088835E+01 -3.504040E+02
  1.300000E+01 -9.000000E+01     3  1.660652E+02  9.172284E+01 -4.992694E+00  1.659902E+02
  1.300000E+01 -9.000000E+01     4  4.785898E+03 -7.189368E+01  1.487367E+03 -4.548908E+03
  1.300000E+01 -9.000000E+01     5  7.462601E+03  1.253477E+02 -4.317386E+03  6.086919E+03
  1.300000E+01 -9.000000E+01     6  1.443206E+02  1.263285E+02 -8.549747E+01  1.162696E+02
  1.300000E+01 -9.000000E+01     7  1.239771E+02  1.568924E+02 -1.140303E+02  4.865595E+01
  1.300000E+01 -9.000000E+01     8  8.206305E+01  1.514925E+02 -7.211326E+01  3.916660E+01
  1.300000E+01 -9.000000E+01     9  7.775634E+01  7.809397E+01  1.604168E+01  7.608359E+01
  1.300000E+01 -9.000000E+01    10  8.056422E+02  1.442182E+02 -6.535772E+02  4.710585E+02
  1.300000E+01 -9.000000E+01    11  1.030940E+03 -3.386265E+01  8.560675E+02 -5.744437E+02
  1.300000E+01 -9.000000E+01    12  2.829899E+01 -1.757839E+02 -2.822241E+01 -2.080520E+00
  1.300000E+01 -9.000000E+01    13  1.819300E+02 -1.756044E+02 -1.813949E+02 -1.394355E+01
  1.300000E+01 -9.000000E+01    14  8.069017E+01  2.226622E+01  7.467337E+01  3.057436E+01
  1.300000E+01 -9.000000E+01    15  8.505359E+01 -8.022186E+01  1.444496E+01 -8.381799E+01
  1.300000E+01 -9.000000E+01    16  7.604550E+02  2.944407E+01  6.622315E+02  3.738197E+02
  1.300000E+01 -9.000000E+01    17  2.092001E+03  2.633499E+00  2.089791E+03  9.612126E+01
  1.300000E+01 -9.000000E+01    18  3.315004E+01 -4.447502E+00  3.305022E+01 -2.570641E+00
  1.300000E+01 -9.000000E+01    19  6.541808E+02  1.262875E+02 -3.871688E+02  5.273072E+02
  1.300000E+01 -9.000000E+01    20  1.381798E+02  1.502961E+02 -1.200227E+02  6.847046E+01
  1.300000E+01 -9.000000E+01    21  3.544838E+02 -1.657455E+02 -3.435698E+02 -8.728430E+01
  1.300000E+01 -9.000000E+01    22  6.550421E+03 -9.187243E+01 -2.140299E+02 -6.546923E+03
  1.300000E+01 -9.000000E+01    23  9.165464E+03 -6.251591E+01  4.229883E+03 -8.131040E+03
  1.300000E+01 -9.000000E+01    24  1.870815E+04 -6.002265E+01  9.347670E+03 -1.620543E+04
  1.300000E+01 -9.000000E+01    25  4.002583E-01  6.964438E+00  3.973051E-01  4.853263E-02
  1.300000E+01 -9.000000E+01    26  3.669979E+01 -9.178875E+01 -1.145564E+00 -3.668191E+01
  1.300000E+01 -9.000000E+01    27  4.490153E-01  1.697327E+02 -4.418253E-01  8.003250E-02
  1.300000E+01 -9.000000E+01    28  2.669015E+02 -9.182345E+01 -8.492729E+00 -2.667664E+02
  1.300000E+01 -9.000000E+01    29  1.155354E+01  1.652106E+02 -1.117077E+01  2.949237E+00
  1.300000E+01 -9.000000E+01    30  8.822213E-01  1.795602E+02 -8.821953E-01  6.771547E-03
  1.300000E+01 -4.500000E+01     1  3.770150E+02 -4.130149E+00  3.760359E+02 -2.715348E+01
  1.300000E+01 -4.500000E+01     2  3.348826E+02 -2.098805E+01  3.126649E+02 -1.199460E+02
  1.300000E+01 -4.500000E+01     3  1.987192E+02  1.410843E+02 -1.546177E+02  1.248307E+02
  1.300000E+01 -4.500000E+01     4  4.639809E+03 -1.904773E+01  4.385766E+03 -1.514228E+03
  1.300000E+01 -4.500000E+01     5  7.335470E+03  1.733700E+02 -7.286413E+03  8.469353E+02
  1.300000E+01 -4.500000E+01     6  1.676209E+02  1.686752E+02 -1.643573E+02  3.291573E+01
  1.300000E+01 -4.500000E+01     7  3.247749E+01  9.468631E+01 -2.653423E+00  3.236891E+01
  1.300000E+01 -4.500000E+01     8  1.569930E+02  1.041876E+02 -3.847849E+01  1.522045E+02
  1.300000E+01 -4.500000E+01     9  7.708195E+01  2.168170E+01  7.162845E+01  2.847792E+01
  1.300000E+01 -4.500000E+01    10  1.508820E+03  1.001810E+02 -2.666954E+02  1.485063E+03
  1.300000E+01 -4.500000E+01    11  3.152674E+02 -1.300168E+02 -2.027209E+02 -2.414493E+02
  1.300000E+01 -4.500000E+01    12  4.981276E+01  1.231618E+02 -2.724785E+01  4.169971E+01
  1.300000E+01 -4.500000E+01    13  1.870952E+02  1.756186E+02 -1.865484E+02  1.429334E+01
  1.300000E+01 -4.500000E+01    14  4.718272E+01  1.709707E+02 -4.659805E+01  7.404811E+00
  1.300000E+01 -4.500000E+01    15  8.638622E+01 -8.925474E+01  1.123611E+00 -8.637891E+01
  1.300000E+01 -4.500000E+01    16  4.895072E+02  1.587378E+02 -4.561867E+02  1.775134E+02
  1.300000E+01 -4.500000E+01    17  2.044573E+03 -6.744995E+00  2.030422E+03 -2.401364E+02
  1.300000E+01 -4.500000E+01    18  1.908440E+01 -1.242804E+02 -1.074916E+01 -1.576927E+01
  1.300000E+01 -4.500000E+01    19  7.510995E+02  1.523710E+02 -6.654507E+02  3.483187E+02
  1.300000E+01 -4.500000E+01    20  3.280288E+02 -1.597660E+02 -3.077854E+02 -1.134507E+02
  1.300000E+01 -4.500000E+01    21  2.636546E+02  1.789958E+02 -2.636141E+02  4.620680E+00
  1.300000E+01 -4.500000E+01    22  5.021131E+03 -9.645845E+01 -5.647906E+02 -4.989266E+03
  1.300000E+01 -4.500000E+01    23  1.180659E+04 -3.997168E+01  9.048125E+03 -7.584659E+03
  1.300000E+01 -4.500000E+01    24  2.274189E+04 -1.433137E+01  2.203417E+04 -5.629291E+03
  1.300000E+01 -4.500000E+01    25  2.597096E+01  8.320225E+01  3.074052E+00  2.578839E+01
  1.300000E+01 -4.500000E+01    26  2.658421E+01 -9.020643E+01 -9.577608E-02 -2.658404E+01
  1.300000E+01 -4.500000E+01    27  4.636244E-01  1.709941E+02 -4.579090E-01  7.257386E-02
  1.300000E+01 -4.500000E+01    28  1.928719E+02 -9.044137E+01 -1.485735E+00 -1.928661E+02
  1.300000E+01 -4.500000E+01    29  1.851556E+02 -9.931083E+01 -2.995640E+01 -1.827162E+02
  1.300000E+01 -4.500000E+01    30  8.858004E-01  1.783449E+02 -8.854309E-01  2.558419E-02
  1.300000E+01  0.000000E+00     1  2.053154E+02  4.402190E+01  1.476370E+02  1.426805E+02
  1.300000E+01  0.000000E+00     2  1.365312E+02  2.014070E+01  1.281823E+02  4.701135E+01
  1.300000E+01  0.000000E+00     3  1.186694E+02  1.610522E+02 -1.122392E+02  3.853282E+01
  1.300000E+01  0.000000E+00     4  2.197388E+03  1.979303E+01  2.067570E+03  7.440869E+02
  1.300000E+01  0.000000E+00     5  4.558987E+03 -1.480873E+02 -3.869916E+03 -2.410003E+03
  1.300000E+01  0.000000E+00     6  1.231481E+02 -1.628733E+02 -1.176872E+02 -3.626542E+01
  1.300000E+01  0.000000E+00     7  8.376646E+01 -1.310674E+02 -5.503003E+01 -6.315469E+01
  1.300000E+01  0.000000E+00     8  1.449641E+02  3.815464E+01  1.139920E+02  8.955681E+01
  1.300000E+01  0.000000E+00     9  8.261469E+01 -4.821719E+01  5.504689E+01 -6.160378E+01
  1.300000E+01  0.000000E+00    10  1.404961E+03  3.301128E+01  1.178149E+03  7.654288E+02
  1.300000E+01  0.000000E+00    11  8.537262E+02  6.389270E+01  3.756853E+02  7.666218E+02
  1.300000E+01  0.000000E+00    12  4.612042E+01  6.500944E+01  1.948445E+01  4.180251E+01
  1.300000E+01  0.000000E+00    13  8.445346E+01 -1.613828E+02 -8.003421E+01 -2.696132E+01
  1.300000E+01  0.000000E+00    14  1.412932E+02 -1.403862E+02 -1.088466E+02 -9.008987E+01
  1.300000E+01  0.000000E+00    15  8.271721E+01 -4.667745E+01  5.675267E+01 -6.017700E+01
  1.300000E+01  0.000000E+00    16  1.338469E+03 -1.453249E+02 -1.100745E+03 -7.614849E+02
  1.300000E+01  0.000000E+00    17  8.976457E+02  8.581307E+00  8.875967E+02  1.339402E+02
  1.300000E+01  0.000000E+00    18  4.953659E+01 -1.167623E+02 -2.230581E+01 -4.423035E+01
  1.300000E+01  0.000000E+00    19  4.075153E+02  1.608837E+02 -3.850432E+02  1.334555E+02
  1.300000E+01  0.000000E+00    20  2.392448E+02 -1.528094E+02 -2.128061E+02 -1.093234E+02
  1.300000E+01  0.000000E+00    21  3.458138E+02  1.694378E+02 -3.399545E+02  6.338871E+01
  1.300000E+01  0.000000E+00    22  2.675365E+02 -1.446159E+02 -2.181195E+02 -1.549183E+02
  1.300000E+01  0.000000E+00    23  7.364261E+03 -4.317888E+01  5.370173E+03 -5.039204E+03
  1.300000E+01  0.000000E+00    24  1.390228E+04  1.847038E+01  1.318614E+04  4.404442E+03
  1.300000E+01  0.000000E+00    25  3.616340E+01  8.319346E+01  4.285988E+00  3.590852E+01
  1.300000E+01  0.000000E+00    26  6.665353E-01  1.468700E+02 -5.581784E-01  3.642885E-01
  1.300000E+01  0.000000E+00    27  4.792030E-01  1.755882E+02 -4.777831E-01  3.686266E-02
  1.300000E+01  0.000000E+00    28  5.376253E+00  1.421760E+02 -4.246691E+00  3.296923E+00
  1.300000E+01  0.000000E+00    29  2.603224E+02 -9.846478E+01 -3.831979E+01 -2.574866E+02
  1.300000E+01  0.000000E+00    30  9.220667E-01  1.765196E+02 -9.203661E-01  5.597545E-02
  1.300000E+01  4.500000E+01     1  2.824253E+02  9.063950E+01 -3.152192E+00  2.824077E+02
  1.300000E+01  4.500000E+01     2  1.873034E+02  1.160502E+02 -8.225589E+01  1.682752E+02
  1.300000E+01  4.500000E+01     3  3.148119E+01 -4.374590E+01  2.274244E+01 -2.176803E+01
  1.300000E+01  4.500000E+01     4  2.364885E+03  1.066245E+02 -6.765902E+02  2.266033E+03
  1.300000E+01  4.500000E+01     5  4.523584E+03 -1.004786E+02 -8.226955E+02 -4.448145E+03
  1.300000E+01  4.500000E+01     6  7.908628E+01 -1.233863E+02 -4.351971E+01 -6.603540E+01
  1.300000E+01  4.500000E+01     7  1.460334E+02 -1.712905E+02 -1.443494E+02 -2.211302E+01
  1.300000E+01  4.500000E+01     8  4.854332E+01 -1.254000E+01  4.738530E+01 -1.053978E+01
  1.300000E+01  4.500000E+01     9  8.595830E+01 -8.920142E+01  1.198028E+00 -8.594995E+01
  1.300000E+01  4.500000E+01    10  5.232020E+02 -2.588239E+01  4.707207E+02 -2.283910E+02
  1.300000E+01  4.500000E+01    11  1.295508E+03  1.861285E+01  1.227749E+03  4.134897E+02
  1.300000E+01  4.500000E+01    12  2.038153E+01  5.858516E+01  1.062348E+01  1.739392E+01
  1.300000E+01  4.500000E+01    13  8.438302E+01  1.302226E+02 -5.449113E+01  6.442989E+01
  1.300000E+01  4.500000E+01    14  1.549326E+02 -7.495676E+01  4.021242E+01 -1.496230E+02
  1.300000E+01  4.500000E+01    15  7.995335E+01  2.295984E+01  7.361932E+01  3.118867E+01
  1.300000E+01  4.500000E+01    16  1.450522E+03 -7.883904E+01  2.807715E+02 -1.423089E+03
  1.300000E+01  4.500000E+01    17  1.096835E+03 -4.662999E+01  7.532042E+02 -7.973268E+02
  1.300000E+01  4.500000E+01    18  5.610820E+01 -5.889333E+01  2.898734E+01 -4.804023E+01
  1.300000E+01  4.500000E+01    19  1.602039E+02 -1.453571E+02 -1.318015E+02 -9.106957E+01
  1.300000E+01  4.500000E+01    20  3.667722E+01 -1.475722E+02 -3.095805E+01 -1.966769E+01
  1.300000E+01  4.500000E+01    21  4.148980E+02  1.655963E+02 -4.018565E+02  1.032071E+02
  1.300000E+01  4.500000E+01    22  4.809623E+03  8.703629E+01  2.486742E+02  4.803190E+03
  1.300000E+01  4.500000E+01    23  9.301588E+02 -4.259791E+01  6.847101E+02 -6.295771E+02
  1.300000E+01  4.500000E+01    24  1.003953E+04  8.358582E+01  1.121566E+03  9.976688E+03
  1.300000E+01  4.500000E+01    25  2.658014E+01  8.501376E+01  2.310253E+00  2.647956E+01
  1.300000E+01  4.500000E+01    26  2.730315E+01  9.171542E+01 -8.173246E-01  2.729092E+01
  1.300000E+01  4.500000E+01    27  4.472226E-01  1.791646E+02 -4.471750E-01  6.520411E-03
  1.300000E+01  4.500000E+01    28  1.990294E+02  9.158180E+01 -5.494036E+00  1.989536E+02
  1.300000E+01  4.500000E+01    29  1.931172E+02 -9.724409E+01 -2.435145E+01 -1.915757E+02
  1.300000E+01  4.500000E+01    30  8.935341E-01  1.725281E+02 -8.859469E-01  1.161955E-01
  1.300000E+01  9.000000E+01     1  4.271179E+02  5.113434E+01  2.680150E+02  3.325623E+02
  1.300000E+01  9.000000E+01     2  3.574022E+02  7.142195E+01  1.138670E+02  3.387781E+02
  1.300000E+01  9.000000E+01     3  1.570147E+02 -9.632548E+01 -1.729930E+01 -1.560588E+02
  1.300000E+01  9.000000E+01     4  4.700853E+03  6.753734E+01  1.796108E+03  4.344193E+03
  1.300000E+01  9.000000E+01     5  7.357431E+03 -1.303466E+02 -4.763274E+03 -5.607406E+03
  1.300000E+01  9.000000E+01     6  1.396145E+02 -1.328583E+02 -9.496409E+01 -1.023427E+02
  1.300000E+01  9.000000E+01     7  1.205831E+02 -1.631533E+02 -1.154081E+02 -3.494649E+01
  1.300000E+01  9.000000E+01     8  8.304938E+01 -1.557867E+02 -7.574310E+01 -3.406143E+01
  1.300000E+01  9.000000E+01     9  8.614855E+01 -7.958218E+01  1.557782E+01 -8.472842E+01
  1.300000E+01  9.000000E+01    10  8.153439E+02 -1.476181E+02 -6.885554E+02 -4.366659E+02
  1.300000E+01  9.000000E+01    11  9.941744E+02  2.940221E+01  8.661197E+02  4.880774E+02
  1.300000E+01  9.000000E+01    12  2.992050E+01  1.683920E+02 -2.930853E+01  6.020451E+00
  1.300000E+01  9.000000E+01    13  1.901419E+02  1.682986E+02 -1.861904E+02  3.856276E+01
  1.300000E+01  9.000000E+01    14  7.911257E+01 -2.895440E+01  6.922392E+01 -3.829946E+01
  1.300000E+01  9.000000E+01    15  7.880053E+01  7.653738E+01  1.834562E+01  7.663525E+01
  1.300000E+01  9.000000E+01    16  7.456489E+02 -3.560978E+01  6.062136E+02 -4.341628E+02
  1.300000E+01  9.000000E+01    17  2.176759E+03 -1.021112E+01  2.142281E+03 -3.858866E+02
  1.300000E+01  9.000000E+01    18  3.213044E+01 -4.034034E+00  3.205084E+01 -2.260345E+00
  1.300000E+01  9.000000E+01    19  6.278159E+02 -1.330780E+02 -4.287945E+02 -4.585718E+02
  1.300000E+01  9.000000E+01    20  1.392903E+02 -1.598729E+02 -1.307840E+02 -4.793034E+01
  1.300000E+01  9.000000E+01    21  3.792403E+02  1.567046E+02 -3.483238E+02  1.499790E+02
  1.300000E+01  9.000000E+01    22  6.647779E+03  8.953471E+01  5.398526E+01  6.647560E+03
  1.300000E+01  9.000000E+01    23  8.635026E+03  5.573031E+01  4.862288E+03  7.135954E+03
  1.300000E+01  9.000000E+01    24  1.821831E+04  5.408193E+01  1.068737E+04  1.475422E+04
  1.300000E+01  9.000000E+01    25  1.609545E+00  7.891894E+01  3.093507E-01  1.579537E+00
  1.300000E+01  9.000000E+01    26  3.727406E+01  8.930809E+01  4.501121E-01  3.727134E+01
  1.300000E+01  9.000000E+01    27  4.592606E-01 -1.798433E+02 -4.592589E-01 -1.256116E-03
  1.300000E+01  9.000000E+01    28  2.711307E+02  8.934908E+01  3.080140E+00  2.711133E+02
  1.300000E+01  9.000000E+01    29  1.719730E+01 -1.293838E+02 -1.091190E+01 -1.329201E+01
  1.300000E+01  9.000000E+01    30  9.214652E-01  1.706715E+02 -9.092789E-01  1.493652E-01
  1.300000E+01  1.350000E+02     1  3.937435E+02 -2.479448E+00  3.933748E+02 -1.703375E+01
  1.300000E+01  1.350000E+02     2  3.425630E+02  1.488035E+01  3.310749E+02  8.797065E+01
  1.300000E+01  1.350000E+02     3  1.968722E+02 -1.474256E+02 -1.659027E+02 -1.059949E+02
  1.300000E+01  1.350000E+02     4  4.742526E+03  1.255082E+01  4.629197E+03  1.030577E+03
  1.300000E+01  1.350000E+02     5  7.605691E+03  1.793657E+02 -7.605225E+03  8.419312E+01
  1.300000E+01  1.350000E+02     6  1.716698E+02 -1.767468E+02 -1.713932E+02 -9.742020E+00
  1.300000E+01  1.350000E+02     7  1.812129E+01 -1.043219E+02 -4.482646E+00 -1.755811E+01
  1.300000E+01  1.350000E+02     8  1.598680E+02 -1.084510E+02 -5.059717E+01 -1.516500E+02
  1.300000E+01  1.350000E+02     9  8.057240E+01 -2.589197E+01  7.248446E+01 -3.518401E+01
  1.300000E+01  1.350000E+02    10  1.539105E+03 -1.043167E+02 -3.805908E+02 -1.491306E+03
  1.300000E+01  1.350000E+02    11  2.415818E+02  1.452569E+02 -1.985117E+02  1.376768E+02
  1.300000E+01  1.350000E+02    12  5.044202E+01 -1.282993E+02 -3.126241E+01 -3.958609E+01
  1.300000E+01  1.350000E+02    13  1.945378E+02  1.765595E+02 -1.941871E+02  1.167474E+01
  1.300000E+01  1.350000E+02    14  4.388799E+01 -1.762601E+02 -4.379452E+01 -2.862700E+00
  1.300000E+01  1.350000E+02    15  7.797273E+01  8.539048E+01  6.266249E+00  7.772054E+01
  1.300000E+01  1.350000E+02    16  4.536483E+02 -1.644495E+02 -4.370423E+02 -1.216174E+02
  1.300000E+01  1.350000E+02    17  2.123430E+03 -1.506692E+00  2.122696E+03 -5.583283E+01
  1.300000E+01  1.350000E+02    18  1.716886E+01  1.198862E+02 -8.554888E+00  1.488569E+01
  1.300000E+01  1.350000E+02    19  7.554919E+02 -1.603054E+02 -7.112973E+02 -2.546059E+02
  1.300000E+01  1.350000E+02    20  3.445436E+02  1.544818E+02 -3.109330E+02  1.484283E+02
  1.300000E+01  1.350000E+02    21  2.788813E+02  1.678783E+02 -2.726633E+02  5.856195E+01
  1.300000E+01  1.350000E+02    22  4.895347E+03  9.349744E+01 -2.986359E+02  4.886229E+03
  1.300000E+01  1.350000E+02    23  1.170469E+04  3.272662E+01  9.846685E+03  6.327922E+03
  1.300000E+01  1.350000E+02    24  2.322756E+04  7.155300E+00  2.304667E+04  2.893206E+03
  1.300000E+01  1.350000E+02    25  2.586641E+01 -8.703594E+01  1.337539E+00 -2.583180E+01
  1.300000E+01  1.350000E+02    26  2.592796E+01  8.689030E+01  1.406540E+00  2.588978E+01
  1.300000E+01  1.350000E+02    27  4.774683E-01  1.777909E+02 -4.771135E-01  1.840453E-02
  1.300000E+01  1.350000E+02    28  1.881080E+02  8.714101E+01  9.382458E+00  1.878739E+02
  1.300000E+01  1.350000E+02    29  1.854949E+02  9.553989E+01 -1.790744E+01  1.846285E+02
  1.300000E+01  1.350000E+02    30  9.283233E-01  1.707792E+02 -9.163275E-01  1.487547E-01
  1.300000E+01  1.800000E+02     1  2.196413E+02 -5.297935E+01  1.322466E+02 -1.753657E+02
  1.300000E+01  1.800000E+02     2  1.369523E+02 -2.767424E+01  1.212853E+02 -6.360666E+01
  1.300000E+01  1.800000E+02     3  1.146100E+02 -1.648835E+02 -1.106442E+02 -2.988838E+01
  1.300000E+01  1.800000E+02     4  2.204491E+03 -2.794932E+01  1.947365E+03 -1.033224E+03
  1.300000E+01  1.800000E+02     5  4.734520E+03  1.384595E+02 -3.543725E+03  3.139696E+03
  1.300000E+01  1.800000E+02     6  1.230278E+02  1.533655E+02 -1.099726E+02  5.515314E+01
  1.300000E+01  1.800000E+02     7  9.295505E+01  1.225086E+02 -4.995649E+01  7.838998E+01
  1.300000E+01  1.800000E+02     8  1.442141E+02 -4.521800E+01  1.015860E+02 -1.023620E+02
  1.300000E+01  1.800000E+02     9  7.805346E+01  4.550090E+01  5.470752E+01  5.567252E+01
  1.300000E+01  1.800000E+02    10  1.388296E+03 -4.028703E+01  1.059012E+03 -8.976959E+02
  1.300000E+01  1.800000E+02    11  9.437058E+02 -6.980518E+01  3.257799E+02 -8.856907E+02
  1.300000E+01  1.800000E+02    12  4.678700E+01 -7.022961E+01  1.582577E+01 -4.402918E+01
  1.300000E+01  1.800000E+02    13  8.980754E+01  1.479407E+02 -7.611185E+01  4.766949E+01
  1.300000E+01  1.800000E+02    14  1.395360E+02  1.346914E+02 -9.813404E+01  9.919676E+01
  1.300000E+01  1.800000E+02    15  8.004869E+01  4.443270E+01  5.716063E+01  5.603977E+01
  1.300000E+01  1.800000E+02    16  1.315642E+03  1.395282E+02 -1.000842E+03  8.539490E+02
  1.300000E+01  1.800000E+02    17  9.267495E+02 -2.309329E+01  8.524867E+02 -3.634984E+02
  1.300000E+01  1.800000E+02    18  4.959199E+01  1.120636E+02 -1.862851E+01  4.596024E+01
  1.300000E+01  1.800000E+02    19  3.845370E+02 -1.682679E+02 -3.765037E+02 -7.818996E+01
  1.300000E+01  1.800000E+02    20  2.432255E+02  1.432074E+02 -1.947770E+02  1.456728E+02
  1.300000E+01  1.800000E+02    21  3.235586E+02 -1.795748E+02 -3.235497E+02 -2.401462E+00
  1.300000E+01  1.800000E+02    22  3.395852E+02  1.154339E+02 -1.458415E+02  3.066730E+02
  1.300000E+01  1.800000E+02    23  7.094964E+03  3.959574E+01  5.467100E+03  4.522093E+03
  1.300000E+01  1.800000E+02    24  1.391629E+04 -2.754907E+01  1.233839E+04 -6.436395E+03
  1.300000E+01  1.800000E+02    25  3.816024E+01 -8.735349E+01  1.762010E+00 -3.811954E+01
  1.300000E+01  1.800000E+02    26  4.474769E-01  1.255427E+02 -2.601228E-01  3.641040E-01
  1.300000E+01  1.800000E+02    27  4.555678E-01  1.743526E+02 -4.533566E-01  4.483076E-02
  1.300000E+01  1.800000E+02    28  2.905651E+00  1.366059E+02 -2.111377E+00  1.996220E+00
  1.300000E+01  1.800000E+02    29  2.754324E+02  9.412457E+01 -1.981051E+01  2.747191E+02
  1.300000E+01  1.800000E+02    30  8.778439E-01  1.730207E+02 -8.713391E-01  1.066681E-01
  1.400000E+01 -1.800000E+02     1  2.052473E+02 -4.562422E+01  1.435420E+02 -1.467043E+02
  1.400000E+01 -1.800000E+02     2  1.223269E+02 -1.832720E+01  1.161220E+02 -3.846484E+01
  1.400000E+01 -1.800000E+02     3  1.076177E+02 -1.452369E+02 -8.840969E+01 -6.136196E+01
  1.400000E+01 -1.800000E+02     4  1.968850E+03 -1.851019E+01  1.866996E+03 -6.250574E+02
  1.400000E+01 -1.800000E+02     5  4.361504E+03  1.460270E+02 -3.617000E+03  2.437218E+03
  1.400000E+01 -1.800000E+02     6  1.099978E+02  1.629685E+02 -1.051738E+02  3.221809E+01
  1.400000E+01 -1.800000E+02     7  8.238152E+01  1.157099E+02 -3.573837E+01  7.422590E+01
  1.400000E+01 -1.800000E+02     8  1.328673E+02 -4.756519E+01  8.965236E+01 -9.806216E+01
  1.400000E+01 -1.800000E+02     9  9.037043E+01  3.948618E+01  6.974591E+01  5.746584E+01
  1.400000E+01 -1.800000E+02    10  1.297416E+03 -4.206615E+01  9.631652E+02 -8.692535E+02
  1.400000E+01 -1.800000E+02    11  8.638051E+02 -7.976320E+01  1.535127E+02 -8.500547E+02
  1.400000E+01 -1.800000E+02    12  4.421997E+01 -7.507736E+01  1.138728E+01 -4.272862E+01
  1.400000E+01 -1.800000E+02    13  7.922684E+01  1.419009E+02 -6.234711E+01  4.888488E+01
  1.400000E+01 -1.800000E+02    14  1.281599E+02  1.321789E+02 -8.605262E+01  9.497314E+01
  1.400000E+01 -1.800000E+02    15  9.205305E+01  3.891419E+01  7.162533E+01  5.782366E+01
  1.400000E+01 -1.800000E+02    16  1.224878E+03  1.377269E+02 -9.063440E+02  8.239332E+02
  1.400000E+01 -1.800000E+02    17  8.018099E+02 -3.154306E+01  6.833403E+02 -4.194582E+02
  1.400000E+01 -1.800000E+02    18  4.698853E+01  1.069340E+02 -1.368631E+01  4.495116E+01
  1.400000E+01 -1.800000E+02    19  3.989832E+02 -1.583516E+02 -3.708410E+02 -1.471889E+02
  1.400000E+01 -1.800000E+02    20  2.087094E+02  1.532311E+02 -1.863422E+02  9.400114E+01
  1.400000E+01 -1.800000E+02    21  2.963808E+02 -1.798208E+02 -2.963793E+02 -9.271958E-01
  1.400000E+01 -1.800000E+02    22  2.520633E+02  1.286545E+02 -1.574443E+02  1.968430E+02
  1.400000E+01 -1.800000E+02    23  6.661555E+03  3.974994E+01  5.121687E+03  4.259653E+03
  1.400000E+01 -1.800000E+02    24  1.244169E+04 -1.834679E+01  1.180926E+04 -3.916243E+03
  1.400000E+01 -1.800000E+02    25  3.418410E+01 -8.707671E+01  1.743350E+00 -3.413962E+01
  1.400000E+01 -1.800000E+02    26  4.162523E-01  1.459775E+02 -3.449974E-01  2.329007E-01
  1.400000E+01 -1.800000E+02    27  5.388258E-01  1.763883E+02 -5.377556E-01  3.394329E-02
  1.400000E+01 -1.800000E+02    28  2.984876E+00  1.581736E+02 -2.770904E+00  1.109763E+00
  1.400000E+01 -1.800000E+02    29  2.485628E+02  9.464141E+01 -2.011354E+01  2.477477E+02
  1.400000E+01 -1.800000E+02    30  7.791927E-01  1.750412E+02 -7.762762E-01  6.735367E-02
  1.400000E+01 -1.350000E+02     1  2.717396E+02 -8.852451E+01  6.997143E+00 -2.716495E+02
  1.400000E+01 -1.350000E+02     2  1.761910E+02 -1.160900E+02 -7.748583E+01 -1.582378E+02
  1.400000E+01 -1.350000E+02     3  4.035518E+01  1.048781E+01  3.968099E+01  7.345707E+00
  1.400000E+01 -1.350000E+02     4  2.239555E+03 -1.072218E+02 -6.630682E+02 -2.139146E+03
  1.400000E+01 -1.350000E+02     5  4.406432E+03  1.014473E+02 -8.745277E+02  4.318778E+03
  1.400000E+01 -1.350000E+02     6  7.331635E+01  1.213979E+02 -3.819621E+01  6.258065E+01
  1.400000E+01 -1.350000E+02     7  1.333952E+02  1.565647E+02 -1.223914E+02  5.305306E+01
  1.400000E+01 -1.350000E+02     8  4.142094E+01  2.096642E-01  4.142066E+01  1.515726E-01
  1.400000E+01 -1.350000E+02     9  9.000833E+01  7.583523E+01  2.202606E+01  8.727171E+01
  1.400000E+01 -1.350000E+02    10  4.561139E+02  1.485028E+01  4.408792E+02  1.168993E+02
  1.400000E+01 -1.350000E+02    11  1.197906E+03 -3.484693E+01  9.830992E+02 -6.844667E+02
  1.400000E+01 -1.350000E+02    12  1.915634E+01 -7.334349E+01  5.490847E+00 -1.835255E+01
  1.400000E+01 -1.350000E+02    13  6.502735E+01 -1.329988E+02 -4.434757E+01 -4.755890E+01
  1.400000E+01 -1.350000E+02    14  1.412674E+02  7.368231E+01  3.969091E+01  1.355769E+02
  1.400000E+01 -1.350000E+02    15  9.274601E+01 -2.190860E+01  8.604792E+01 -3.460604E+01
  1.400000E+01 -1.350000E+02    16  1.334776E+03  7.836494E+01  2.691942E+02  1.307349E+03
  1.400000E+01 -1.350000E+02    17  8.534922E+02  4.557981E+01  5.973721E+02  6.095864E+02
  1.400000E+01 -1.350000E+02    18  5.335350E+01  5.481247E+01  3.074519E+01  4.360423E+01
  1.400000E+01 -1.350000E+02    19  1.589218E+02  1.472063E+02 -1.335938E+02  8.607461E+01
  1.400000E+01 -1.350000E+02    20  3.447273E+01  1.472736E+02 -2.900060E+01  1.863691E+01
  1.400000E+01 -1.350000E+02    21  3.742453E+02 -1.724082E+02 -3.709648E+02 -4.944309E+01
  1.400000E+01 -1.350000E+02    22  3.683902E+03 -9.058462E+01 -3.758791E+01 -3.683710E+03
  1.400000E+01 -1.350000E+02    23  8.100712E+02 -3.413423E+00  8.086340E+02 -4.823183E+01
  1.400000E+01 -1.350000E+02    24  9.341131E+03 -8.485627E+01  8.374749E+02 -9.303514E+03
  1.400000E+01 -1.350000E+02    25  2.406821E+01 -8.805072E+01  8.186746E-01 -2.405429E+01
  1.400000E+01 -1.350000E+02    26  2.327543E+01 -9.417186E+01 -1.693250E+00 -2.321375E+01
  1.400000E+01 -1.350000E+02    27  5.339850E-01  1.746048E+02 -5.316193E-01  5.020834E-02
  1.400000E+01 -1.350000E+02    28  1.709920E+02 -9.405532E+01 -1.209247E+01 -1.705638E+02
  1.400000E+01 -1.350000E+02    29  1.767406E+02  9.450417E+01 -1.387971E+01  1.761947E+02
  1.400000E+01 -1.350000E+02    30  7.867410E-01 -1.798175E+02 -7.867370E-01 -2.506218E-03
  1.400000E+01 -9.000000E+01     1  4.004584E+02 -5.473425E+01  2.312125E+02 -3.269674E+02
  1.400000E+01 -9.000000E+01     2  3.333892E+02 -7.557654E+01  8.304276E+01 -3.228812E+02
  1.400000E+01 -9.000000E+01     3  1.532912E+02  8.426328E+01  1.532262E+01  1.525235E+02
  1.400000E+01 -9.000000E+01     4  4.417422E+03 -7.216314E+01  1.353091E+03 -4.205088E+03
  1.400000E+01 -9.000000E+01     5  6.953823E+03  1.260638E+02 -4.093619E+03  5.621204E+03
  1.400000E+01 -9.000000E+01     6  1.310458E+02  1.260105E+02 -7.704618E+01  1.060042E+02
  1.400000E+01 -9.000000E+01     7  1.107838E+02  1.478300E+02 -9.377537E+01  5.898508E+01
  1.400000E+01 -9.000000E+01     8  7.559453E+01  1.433450E+02 -6.064531E+01  4.512958E+01
  1.400000E+01 -9.000000E+01     9  8.962963E+01  6.817194E+01  3.332632E+01  8.320353E+01
  1.400000E+01 -9.000000E+01    10  7.535476E+02  1.349817E+02 -5.326686E+02  5.330085E+02
  1.400000E+01 -9.000000E+01    11  9.436128E+02 -4.640392E+01  6.506870E+02 -6.833824E+02
  1.400000E+01 -9.000000E+01    12  2.754970E+01 -1.795556E+02 -2.754887E+01 -2.136862E-01
  1.400000E+01 -9.000000E+01    13  1.639570E+02 -1.649378E+02 -1.583241E+02 -4.260720E+01
  1.400000E+01 -9.000000E+01    14  7.382244E+01  3.175579E+01  6.277116E+01  3.885274E+01
  1.400000E+01 -9.000000E+01    15  9.540977E+01 -7.101124E+01  3.104469E+01 -9.021780E+01
  1.400000E+01 -9.000000E+01    16  7.077439E+02  4.013517E+01  5.410885E+02  4.562068E+02
  1.400000E+01 -9.000000E+01    17  1.878363E+03  1.421566E+01  1.820844E+03  4.612739E+02
  1.400000E+01 -9.000000E+01    18  3.163215E+01  8.961998E-01  3.162828E+01  4.947584E-01
  1.400000E+01 -9.000000E+01    19  5.983312E+02  1.269029E+02 -3.592742E+02  4.784583E+02
  1.400000E+01 -9.000000E+01    20  1.190036E+02  1.535779E+02 -1.065725E+02  5.295427E+01
  1.400000E+01 -9.000000E+01    21  3.293919E+02 -1.636373E+02 -3.160508E+02 -9.279505E+01
  1.400000E+01 -9.000000E+01    22  5.328111E+03 -9.174505E+01 -1.622522E+02 -5.325640E+03
  1.400000E+01 -9.000000E+01    23  8.404587E+03 -6.201707E+01  3.943504E+03 -7.421985E+03
  1.400000E+01 -9.000000E+01    24  1.719717E+04 -6.046985E+01  8.476168E+03 -1.496320E+04
  1.400000E+01 -9.000000E+01    25  6.971672E-01 -9.440720E+00  6.877246E-01 -1.143543E-01
  1.400000E+01 -9.000000E+01    26  3.332164E+01 -9.171069E+01 -9.947445E-01 -3.330679E+01
  1.400000E+01 -9.000000E+01    27  5.301213E-01  1.727180E+02 -5.258455E-01  6.719454E-02
  1.400000E+01 -9.000000E+01    28  2.442155E+02 -9.175680E+01 -7.486923E+00 -2.441007E+02
  1.400000E+01 -9.000000E+01    29  1.392000E+01  1.648370E+02 -1.343538E+01  3.641003E+00
  1.400000E+01 -9.000000E+01    30  7.802521E-01 -1.782651E+02 -7.798944E-01 -2.362262E-02
  1.400000E+01 -4.500000E+01     1  3.568651E+02 -7.848024E+00  3.535226E+02 -4.872849E+01
  1.400000E+01 -4.500000E+01     2  3.093699E+02 -2.598529E+01  2.780947E+02 -1.355474E+02
  1.400000E+01 -4.500000E+01     3  1.831100E+02  1.304032E+02 -1.186849E+02  1.394388E+02
  1.400000E+01 -4.500000E+01     4  4.295170E+03 -2.403722E+01  3.922698E+03 -1.749552E+03
  1.400000E+01 -4.500000E+01     5  6.895989E+03  1.697455E+02 -6.785838E+03  1.227627E+03
  1.400000E+01 -4.500000E+01     6  1.540670E+02  1.639492E+02 -1.480611E+02  4.259781E+01
  1.400000E+01 -4.500000E+01     7  2.883457E+01  8.155766E+01  4.233318E+00  2.852213E+01
  1.400000E+01 -4.500000E+01     8  1.445229E+02  1.017215E+02 -2.936057E+01  1.415091E+02
  1.400000E+01 -4.500000E+01     9  8.971570E+01  1.878152E+01  8.493862E+01  2.888489E+01
  1.400000E+01 -4.500000E+01    10  1.404509E+03  9.711147E+01 -1.738785E+02  1.393704E+03
  1.400000E+01 -4.500000E+01    11  3.691734E+02 -1.425643E+02 -2.931369E+02 -2.244097E+02
  1.400000E+01 -4.500000E+01    12  4.748668E+01  1.232426E+02 -2.603148E+01  3.971583E+01
  1.400000E+01 -4.500000E+01    13  1.684483E+02 -1.727416E+02 -1.670984E+02 -2.128259E+01
  1.400000E+01 -4.500000E+01    14  4.353239E+01  1.773429E+02 -4.348559E+01  2.018071E+00
  1.400000E+01 -4.500000E+01    15  9.645785E+01 -7.903725E+01  1.834347E+01 -9.469759E+01
  1.400000E+01 -4.500000E+01    16  4.661713E+02  1.639462E+02 -4.479916E+02  1.289153E+02
  1.400000E+01 -4.500000E+01    17  1.835798E+03  6.041847E+00  1.825601E+03  1.932265E+02
  1.400000E+01 -4.500000E+01    18  1.884807E+01 -1.131059E+02 -7.396597E+00 -1.733609E+01
  1.400000E+01 -4.500000E+01    19  7.164575E+02  1.483080E+02 -6.096225E+02  3.763931E+02
  1.400000E+01 -4.500000E+01    20  2.844136E+02 -1.642325E+02 -2.737118E+02 -7.728485E+01
  1.400000E+01 -4.500000E+01    21  2.465109E+02 -1.754324E+02 -2.457280E+02 -1.963081E+01
  1.400000E+01 -4.500000E+01    22  4.013849E+03 -9.543631E+01 -3.802689E+02 -3.995795E+03
  1.400000E+01 -4.500000E+01    23  1.090038E+04 -4.119631E+01  8.202075E+03 -7.179440E+03
  1.400000E+01 -4.500000E+01    24  2.089114E+04 -1.854015E+01  1.980691E+04 -6.642736E+03
  1.400000E+01 -4.500000E+01    25  2.357592E+01  8.331909E+01  2.742816E+00  2.341583E+01
  1.400000E+01 -4.500000E+01    26  2.388554E+01 -9.036283E+01 -1.512544E-01 -2.388506E+01
  1.400000E+01 -4.500000E+01    27  5.439045E-01  1.736174E+02 -5.405333E-01  6.046424E-02
  1.400000E+01 -4.500000E+01    28  1.746318E+02 -9.060478E+01 -1.843285E+00 -1.746220E+02
  1.400000E+01 -4.500000E+01    29  1.697118E+02 -9.947797E+01 -2.794618E+01 -1.673951E+02
  1.400000E+01 -4.500000E+01    30  7.843306E-01 -1.794321E+02 -7.842921E-01 -7.773747E-03
  1.400000E+01  0.000000E+00     1  2.014439E+02  3.951732E+01  1.554003E+02  1.281811E+02
  1.400000E+01  0.000000E+00     2  1.241782E+02  1.425545E+01  1.203545E+02  3.057832E+01
  1.400000E+01  0.000000E+00     3  1.071047E+02  1.438836E+02 -8.652148E+01  6.313042E+01
  1.400000E+01  0.000000E+00     4  1.998344E+03  1.395494E+01  1.939365E+03  4.819182E+02
  1.400000E+01  0.000000E+00     5  4.347000E+03 -1.521643E+02 -3.844011E+03 -2.029776E+03
  1.400000E+01  0.000000E+00     6  1.118334E+02 -1.685706E+02 -1.096157E+02 -2.216089E+01
  1.400000E+01  0.000000E+00     7  7.761134E+01 -1.204448E+02 -3.932627E+01 -6.691012E+01
  1.400000E+01  0.000000E+00     8  1.333807E+02  4.234167E+01  9.858720E+01  8.983862E+01
  1.400000E+01  0.000000E+00     9  9.386229E+01 -4.229262E+01  6.943160E+01 -6.316155E+01
  1.400000E+01  0.000000E+00    10  1.308258E+03  3.670427E+01  1.048871E+03  7.819263E+02
  1.400000E+01  0.000000E+00    11  8.221396E+02  7.662645E+01  1.901599E+02  7.998455E+02
  1.400000E+01  0.000000E+00    12  4.386001E+01  7.106918E+01  1.422934E+01  4.148766E+01
  1.400000E+01  0.000000E+00    13  7.521149E+01 -1.500537E+02 -6.517029E+01 -3.754467E+01
  1.400000E+01  0.000000E+00    14  1.299028E+02 -1.363913E+02 -9.405828E+01 -8.959789E+01
  1.400000E+01  0.000000E+00    15  9.390253E+01 -4.102693E+01  7.084017E+01 -6.163890E+01
  1.400000E+01  0.000000E+00    16  1.245574E+03 -1.419570E+02 -9.809493E+02 -7.675888E+02
  1.400000E+01  0.000000E+00    17  7.672252E+02  2.255879E+01  7.085220E+02  2.943315E+02
  1.400000E+01  0.000000E+00    18  4.712175E+01 -1.106657E+02 -1.662995E+01 -4.408973E+01
  1.400000E+01  0.000000E+00    19  4.108069E+02  1.546045E+02 -3.711103E+02  1.761802E+02
  1.400000E+01  0.000000E+00    20  2.104833E+02 -1.593756E+02 -1.969934E+02 -7.414067E+01
  1.400000E+01  0.000000E+00    21  3.076650E+02  1.733340E+02 -3.055852E+02  3.571394E+01
  1.400000E+01  0.000000E+00    22  2.168173E+02 -1.527573E+02 -1.927669E+02 -9.925053E+01
  1.400000E+01  0.000000E+00    23  6.746470E+03 -4.223119E+01  4.995349E+03 -4.534463E+03
  1.400000E+01  0.000000E+00    24  1.263433E+04  1.304132E+01  1.230846E+04  2.850984E+03
  1.400000E+01  0.000000E+00    25  3.311339E+01  8.349830E+01  3.749521E+00  3.290042E+01
  1.400000E+01  0.000000E+00    26  5.764398E-01  1.482160E+02 -4.899967E-01  3.036216E-01
  1.400000E+01  0.000000E+00    27  5.561470E-01  1.774169E+02 -5.555819E-01  2.506421E-02
  1.400000E+01  0.000000E+00    28  4.739538E+00  1.434222E+02 -3.806076E+00  2.824358E+00
  1.400000E+01  0.000000E+00    29  2.404790E+02 -9.834040E+01 -3.488241E+01 -2.379356E+02
  1.400000E+01  0.000000E+00    30  8.037554E-01  1.785113E+02 -8.034841E-01  2.088109E-02
  1.400000E+01  4.500000E+01     1  2.698266E+02  8.543491E+01  2.147589E+01  2.689706E+02
  1.400000E+01  4.500000E+01     2  1.756096E+02  1.119697E+02 -6.569835E+01  1.628572E+02
  1.400000E+01  4.500000E+01     3  3.746676E+01 -1.550566E+01  3.610312E+01 -1.001613E+01
  1.400000E+01  4.500000E+01     4  2.226729E+03  1.031467E+02 -5.064602E+02  2.168368E+03
  1.400000E+01  4.500000E+01     5  4.349584E+03 -1.049585E+02 -1.122710E+03 -4.202190E+03
  1.400000E+01  4.500000E+01     6  7.215349E+01 -1.260833E+02 -4.249558E+01 -5.831168E+01
  1.400000E+01  4.500000E+01     7  1.320888E+02 -1.592107E+02 -1.234888E+02 -4.688251E+01
  1.400000E+01  4.500000E+01     8  4.462980E+01 -5.920095E+00  4.439178E+01 -4.603180E+00
  1.400000E+01  4.500000E+01     9  9.602671E+01 -7.895357E+01  1.839915E+01 -9.424755E+01
  1.400000E+01  4.500000E+01    10  4.946578E+02 -2.004893E+01  4.646816E+02 -1.695799E+02
  1.400000E+01  4.500000E+01    11  1.195774E+03  3.288424E+01  1.004175E+03  6.492378E+02
  1.400000E+01  4.500000E+01    12  1.989235E+01  6.884042E+01  7.180475E+00  1.855118E+01
  1.400000E+01  4.500000E+01    13  7.200111E+01  1.261545E+02 -4.247810E+01  5.813580E+01
  1.400000E+01  4.500000E+01    14  1.419541E+02 -7.737553E+01  3.102550E+01 -1.385221E+02
  1.400000E+01  4.500000E+01    15  9.221227E+01  2.013133E+01  8.657867E+01  3.173699E+01
  1.400000E+01  4.500000E+01    16  1.343496E+03 -8.197483E+01  1.875629E+02 -1.330339E+03
  1.400000E+01  4.500000E+01    17  9.280087E+02 -5.208477E+01  5.702567E+02 -7.321254E+02
  1.400000E+01  4.500000E+01    18  5.326419E+01 -5.870724E+01  2.766601E+01 -4.551556E+01
  1.400000E+01  4.500000E+01    19  1.575748E+02 -1.533321E+02 -1.408124E+02 -7.072253E+01
  1.400000E+01  4.500000E+01    20  3.525027E+01 -1.669822E+02 -3.434434E+01 -7.940286E+00
  1.400000E+01  4.500000E+01    21  3.744412E+02  1.671023E+02 -3.649941E+02  8.357954E+01
  1.400000E+01  4.500000E+01    22  3.882806E+03  8.828456E+01  1.162341E+02  3.881066E+03
  1.400000E+01  4.500000E+01    23  8.750513E+02 -5.014437E+00  8.717022E+02 -7.648540E+01
  1.400000E+01  4.500000E+01    24  9.157727E+03  8.065654E+01  1.486778E+03  9.036229E+03
  1.400000E+01  4.500000E+01    25  2.409089E+01  8.493665E+01  2.126195E+00  2.399688E+01
  1.400000E+01  4.500000E+01    26  2.446544E+01  9.156558E+01 -6.684210E-01  2.445631E+01
  1.400000E+01  4.500000E+01    27  5.309295E-01 -1.798953E+02 -5.309286E-01 -9.704046E-04
  1.400000E+01  4.500000E+01    28  1.797348E+02  9.145623E+01 -4.567632E+00  1.796768E+02
  1.400000E+01  4.500000E+01    29  1.766573E+02 -9.760397E+01 -2.337617E+01 -1.751039E+02
  1.400000E+01  4.500000E+01    30  7.863910E-01  1.742341E+02 -7.824124E-01  7.900395E-02
  1.400000E+01  9.000000E+01     1  4.019898E+02  5.172045E+01  2.490323E+02  3.155610E+02
  1.400000E+01  9.000000E+01     2  3.323632E+02  7.246951E+01  1.001122E+02  3.169272E+02
  1.400000E+01  9.000000E+01     3  1.484679E+02 -8.756435E+01  6.309484E+00 -1.483338E+02
  1.400000E+01  9.000000E+01     4  4.392312E+03  6.887159E+01  1.583250E+03  4.097039E+03
  1.400000E+01  9.000000E+01     5  6.941606E+03 -1.296032E+02 -4.425044E+03 -5.348353E+03
  1.400000E+01  9.000000E+01     6  1.292940E+02 -1.305787E+02 -8.410470E+01 -9.820052E+01
  1.400000E+01  9.000000E+01     7  1.093100E+02 -1.509468E+02 -9.555540E+01 -5.308338E+01
  1.400000E+01  9.000000E+01     8  7.648489E+01 -1.466434E+02 -6.388510E+01 -4.205511E+01
  1.400000E+01  9.000000E+01     9  9.635208E+01 -7.024598E+01  3.256535E+01 -9.068198E+01
  1.400000E+01  9.000000E+01    10  7.635024E+02 -1.376813E+02 -5.645427E+02 -5.140306E+02
  1.400000E+01  9.000000E+01    11  9.350613E+02  4.466753E+01  6.650137E+02  6.573405E+02
  1.400000E+01  9.000000E+01    12  2.863379E+01  1.741724E+02 -2.848581E+01  2.907341E+00
  1.400000E+01  9.000000E+01    13  1.692984E+02  1.609017E+02 -1.599800E+02  5.539264E+01
  1.400000E+01  9.000000E+01    14  7.340758E+01 -3.669276E+01  5.886195E+01 -4.386277E+01
  1.400000E+01  9.000000E+01    15  9.140614E+01  6.705541E+01  3.563384E+01  8.417430E+01
  1.400000E+01  9.000000E+01    16  7.026295E+02 -4.476753E+01  4.988458E+02 -4.948141E+02
  1.400000E+01  9.000000E+01    17  1.937427E+03 -1.840185E+01  1.838359E+03 -6.116065E+02
  1.400000E+01  9.000000E+01    18  3.135816E+01 -6.935504E+00  3.112870E+01 -3.786561E+00
  1.400000E+01  9.000000E+01    19  5.870713E+02 -1.317610E+02 -3.910042E+02 -4.379137E+02
  1.400000E+01  9.000000E+01    20  1.204751E+02 -1.599912E+02 -1.132032E+02 -4.122223E+01
  1.400000E+01  9.000000E+01    21  3.437006E+02  1.582017E+02 -3.191249E+02  1.276300E+02
  1.400000E+01  9.000000E+01    22  5.390149E+03  8.954972E+01  4.235983E+01  5.389983E+03
  1.400000E+01  9.000000E+01    23  8.168439E+03  5.718733E+01  4.426429E+03  6.865139E+03
  1.400000E+01  9.000000E+01    24  1.703518E+04  5.626231E+01  9.461192E+03  1.416627E+04
  1.400000E+01  9.000000E+01    25  1.259735E+00  6.536790E+01  5.250449E-01  1.145102E+00
  1.400000E+01  9.000000E+01    26  3.371968E+01  8.945435E+01  3.211219E-01  3.371815E+01
  1.400000E+01  9.000000E+01    27  5.417064E-01 -1.788532E+02 -5.415980E-01 -1.084178E-02
  1.400000E+01  9.000000E+01    28  2.471653E+02  8.950499E+01  2.135352E+00  2.471561E+02
  1.400000E+01  9.000000E+01    29  1.622046E+01 -1.407317E+02 -1.255773E+01 -1.026679E+01
  1.400000E+01  9.000000E+01    30  8.049706E-01  1.723552E+02 -7.978158E-01  1.070867E-01
  1.400000E+01  1.350000E+02     1  3.658844E+02  3.566571E+00  3.651758E+02  2.276102E+01
  1.400000E+01  1.350000E+02     2  3.144138E+02  2.197720E+01  2.915663E+02  1.176655E+02
  1.400000E+01  1.350000E+02     3  1.827712E+02 -1.344392E+02 -1.279676E+02 -1.304975E+02
  1.400000E+01  1.350000E+02     4  4.360531E+03  1.981178E+01  4.102436E+03  1.477921E+03
  1.400000E+01  1.350000E+02     5  7.043230E+03 -1.744227E+02 -7.009888E+03 -6.845169E+02
  1.400000E+01  1.350000E+02     6  1.562255E+02 -1.691159E+02 -1.534152E+02 -2.949907E+01
  1.400000E+01  1.350000E+02     7  2.190797E+01 -8.187460E+01  3.096478E+00 -2.168804E+01
  1.400000E+01  1.350000E+02     8  1.463808E+02 -1.051241E+02 -3.819216E+01 -1.413106E+02
  1.400000E+01  1.350000E+02     9  9.305113E+01 -2.242010E+01  8.601761E+01 -3.548921E+01
  1.400000E+01  1.350000E+02    10  1.424694E+03 -1.003978E+02 -2.571310E+02 -1.401298E+03
  1.400000E+01  1.350000E+02    11  3.470799E+02  1.475263E+02 -2.928098E+02  1.863515E+02
  1.400000E+01  1.350000E+02    12  4.794137E+01 -1.273855E+02 -2.910878E+01 -3.809270E+01
  1.400000E+01  1.350000E+02    13  1.735684E+02  1.684499E+02 -1.700536E+02  3.475267E+01
  1.400000E+01  1.350000E+02    14  4.125705E+01  1.795020E+02 -4.125549E+01  3.585767E-01
  1.400000E+01  1.350000E+02    15  9.062008E+01  7.460739E+01  2.405344E+01  8.736951E+01
  1.400000E+01  1.350000E+02    16  4.446350E+02 -1.674790E+02 -4.340602E+02 -9.639545E+01
  1.400000E+01  1.350000E+02    17  1.894364E+03 -1.050083E+01  1.862637E+03 -3.452472E+02
  1.400000E+01  1.350000E+02    18  1.726914E+01  1.083270E+02 -5.430094E+00  1.639321E+01
  1.400000E+01  1.350000E+02    19  7.210359E+02 -1.535517E+02 -6.455698E+02 -3.211422E+02
  1.400000E+01  1.350000E+02    20  2.925777E+02  1.605626E+02 -2.759024E+02  9.736319E+01
  1.400000E+01  1.350000E+02    21  2.576665E+02  1.675492E+02 -2.516066E+02  5.555310E+01
  1.400000E+01  1.350000E+02    22  3.966406E+03  9.284035E+01 -1.965476E+02  3.961533E+03
  1.400000E+01  1.350000E+02    23  1.090968E+04  3.621134E+01  8.802403E+03  6.445061E+03
  1.400000E+01  1.350000E+02    24  2.117445E+04  1.392643E+01  2.055204E+04  5.096176E+03
  1.400000E+01  1.350000E+02    25  2.333831E+01 -8.680246E+01  1.301781E+00 -2.330198E+01
  1.400000E+01  1.350000E+02    26  2.362542E+01  8.761591E+01  9.827787E-01  2.360497E+01
  1.400000E+01  1.350000E+02    27  5.575453E-01  1.794023E+02 -5.575150E-01  5.815772E-03
  1.400000E+01  1.350000E+02    28  1.727297E+02  8.786829E+01  6.425007E+00  1.726102E+02
  1.400000E+01  1.350000E+02    29  1.685218E+02  9.607590E+01 -1.783732E+01  1.675751E+02
  1.400000E+01  1.350000E+02    30  8.110316E-01  1.726928E+02 -8.044448E-01  1.031547E-01
  1.400000E+01  1.800000E+02     1  2.052493E+02 -4.562333E+01  1.435457E+02 -1.467035E+02
  1.400000E+01  1.800000E+02     2  1.223376E+02 -1.833175E+01  1.161291E+02 -3.847746E+01
  1.400000E+01  1.800000E+02     3  1.076177E+02 -1.452409E+02 -8.841406E+01 -6.135579E+01
  1.400000E+01  1.800000E+02     4  1.969021E+03 -1.851475E+01  1.867108E+03 -6.252600E+02
  1.400000E+01  1.800000E+02     5  4.361561E+03  1.460275E+02 -3.617068E+03  2.437219E+03
  1.400000E+01  1.800000E+02     6  1.100123E+02  1.629601E+02 -1.051829E+02  3.223772E+01
  1.400000E+01  1.800000E+02     7  8.237972E+01  1.157101E+02 -3.573785E+01  7.422415E+01
  1.400000E+01  1.800000E+02     8  1.328669E+02 -4.756543E+01  8.965168E+01 -9.806222E+01
  1.400000E+01  1.800000E+02     9  9.037029E+01  3.948628E+01  6.974570E+01  5.746588E+01
  1.400000E+01  1.800000E+02    10  1.297407E+03 -4.206649E+01  9.631533E+02 -8.692532E+02
  1.400000E+01  1.800000E+02    11  8.637706E+02 -7.976347E+01  1.535027E+02 -8.500215E+02
  1.400000E+01  1.800000E+02    12  4.422007E+01 -7.507700E+01  1.138758E+01 -4.272865E+01
  1.400000E+01  1.800000E+02    13  7.922636E+01  1.418990E+02 -6.234518E+01  4.888655E+01
  1.400000E+01  1.800000E+02    14  1.281601E+02  1.321790E+02 -8.605300E+01  9.497313E+01
  1.400000E+01  1.800000E+02    15  9.205304E+01  3.891417E+01  7.162535E+01  5.782362E+01
  1.400000E+01  1.800000E+02    16  1.224882E+03  1.377270E+02 -9.063492E+02  8.239338E+02
  1.400000E+01  1.800000E+02    17  8.017962E+02 -3.154606E+01  6.833066E+02 -4.194868E+02
  1.400000E+01  1.800000E+02    18  4.698863E+01  1.069335E+02 -1.368595E+01  4.495137E+01
  1.400000E+01  1.800000E+02    19  3.989872E+02 -1.583527E+02 -3.708475E+02 -1.471833E+02
  1.400000E+01  1.800000E+02    20  2.087281E+02  1.532290E+02 -1.863553E+02  9.401664E+01
  1.400000E+01  1.800000E+02    21  2.963767E+02 -1.798197E+02 -2.963752E+02 -9.325558E-01
  1.400000E+01  1.800000E+02    22  2.520857E+02  1.286528E+02 -1.574525E+02  1.968651E+02
  1.400000E+01  1.800000E+02    23  6.661513E+03  3.974669E+01  5.121896E+03  4.259334E+03
  1.400000E+01  1.800000E+02    24  1.244257E+04 -1.835044E+01  1.180985E+04 -3.917271E+03
  1.400000E+01  1.800000E+02    25  3.418413E+01 -8.707670E+01  1.743361E+00 -3.413965E+01
  1.400000E+01  1.800000E+02    26  4.162655E-01  1.459746E+02 -3.449965E-01  2.329258E-01
  1.400000E+01  1.800000E+02    27  5.388286E-01  1.763883E+02 -5.377584E-01  3.394324E-02
  1.400000E+01  1.800000E+02    28  2.984928E+00  1.581706E+02 -2.770893E+00  1.109930E+00
  1.400000E+01  1.800000E+02    29  2.485631E+02  9.464139E+01 -2.011347E+01  2.477479E+02
  1.400000E+01  1.800000E+02    30  7.791976E-01  1.750409E+02 -7.762808E-01  6.735794E-02
  1.500000E+01 -1.800000E+02     1  1.932338E+02 -3.991795E+01  1.482034E+02 -1.239962E+02
  1.500000E+01 -1.800000E+02     2  1.103721E+02 -1.072218E+01  1.084451E+02 -2.053438E+01
  1.500000E+01 -1.800000E+02     3  1.052101E+02 -1.284773E+02 -6.546220E+01 -8.236417E+01
  1.500000E+01 -1.800000E+02     4  1.776217E+03 -1.083762E+01  1.744537E+03 -3.339753E+02
  1.500000E+01 -1.800000E+02     5  4.056844E+03  1.518431E+02 -3.576751E+03  1.914377E+03
  1.500000E+01 -1.800000E+02     6  9.933715E+01  1.707797E+02 -9.805368E+01  1.591682E+01
  1.500000E+01 -1.800000E+02     7  7.455313E+01  1.084050E+02 -2.353877E+01  7.073963E+01
  1.500000E+01 -1.800000E+02     8  1.229312E+02 -4.955409E+01  7.974914E+01 -9.355294E+01
  1.500000E+01 -1.800000E+02     9  1.012254E+02  3.542638E+01  8.248466E+01  5.867597E+01
  1.500000E+01 -1.800000E+02    10  1.214066E+03 -4.347863E+01  8.809638E+02 -8.353792E+02
  1.500000E+01 -1.800000E+02    11  8.191125E+02 -8.951717E+01  6.902598E+00 -8.190834E+02
  1.500000E+01 -1.800000E+02    12  4.203252E+01 -7.945302E+01  7.693704E+00 -4.132238E+01
  1.500000E+01 -1.800000E+02    13  7.001376E+01  1.351141E+02 -4.960568E+01  4.940852E+01
  1.500000E+01 -1.800000E+02    14  1.184727E+02  1.300962E+02 -7.630511E+01  9.062737E+01
  1.500000E+01 -1.800000E+02    15  1.025011E+02  3.507233E+01  8.388968E+01  5.889815E+01
  1.500000E+01 -1.800000E+02    16  1.144905E+03  1.363487E+02 -8.284008E+02  7.902906E+02
  1.500000E+01 -1.800000E+02    17  6.936937E+02 -4.132157E+01  5.209748E+02 -4.580352E+02
  1.500000E+01 -1.800000E+02    18  4.477611E+01  1.023456E+02 -9.573515E+00  4.374069E+01
  1.500000E+01 -1.800000E+02    19  4.044797E+02 -1.515077E+02 -3.554896E+02 -1.929534E+02
  1.500000E+01 -1.800000E+02    20  1.826889E+02  1.618784E+02 -1.736272E+02  5.682272E+01
  1.500000E+01 -1.800000E+02    21  2.659201E+02  1.798509E+02 -2.659192E+02  6.918874E-01
  1.500000E+01 -1.800000E+02    22  1.926770E+02  1.424862E+02 -1.528326E+02  1.173312E+02
  1.500000E+01 -1.800000E+02    23  6.189654E+03  4.026541E+01  4.723069E+03  4.000555E+03
  1.500000E+01 -1.800000E+02    24  1.121801E+04 -1.091229E+01  1.101517E+04 -2.123636E+03
  1.500000E+01 -1.800000E+02    25  3.112389E+01 -8.692675E+01  1.668632E+00 -3.107913E+01
  1.500000E+01 -1.800000E+02    26  3.936994E-01  1.602938E+02 -3.706419E-01  1.327545E-01
  1.500000E+01 -1.800000E+02    27  6.036534E-01  1.778061E+02 -6.032109E-01  2.310878E-02
  1.500000E+01 -1.800000E+02    28  3.024654E+00  1.719342E+02 -2.994733E+00  4.243894E-01
  1.500000E+01 -1.800000E+02    29  2.276344E+02  9.500431E+01 -1.985670E+01  2.267667E+02
  1.500000E+01 -1.800000E+02    30  6.915746E-01  1.764320E+02 -6.902341E-01  4.303842E-02
  1.500000E+01 -1.350000E+02     1  2.561694E+02 -8.411868E+01  2.624924E+01 -2.548210E+02
  1.500000E+01 -1.350000E+02     2  1.641342E+02 -1.125217E+02 -6.286874E+01 -1.516164E+02
  1.500000E+01 -1.350000E+02     3  5.111060E+01 -2.988138E+00  5.104111E+01 -2.664356E+00
  1.500000E+01 -1.350000E+02     4  2.082183E+03 -1.042513E+02 -5.125820E+02 -2.018104E+03
  1.500000E+01 -1.350000E+02     5  4.141343E+03  1.055234E+02 -1.108356E+03  3.990272E+03
  1.500000E+01 -1.350000E+02     6  6.477928E+01  1.246873E+02 -3.686576E+01  5.326604E+01
  1.500000E+01 -1.350000E+02     7  1.204257E+02  1.476765E+02 -1.017648E+02  6.439149E+01
  1.500000E+01 -1.350000E+02     8  3.948705E+01 -3.148431E+00  3.942745E+01 -2.168741E+00
  1.500000E+01 -1.350000E+02     9  1.011382E+02  6.807865E+01  3.775828E+01  9.382565E+01
  1.500000E+01 -1.350000E+02    10  4.488021E+02  1.207613E+01  4.388703E+02  9.389442E+01
  1.500000E+01 -1.350000E+02    11  1.107635E+03 -4.628006E+01  7.655244E+02 -8.005176E+02
  1.500000E+01 -1.350000E+02    12  1.911341E+01 -8.118230E+01  2.929917E+00 -1.888751E+01
  1.500000E+01 -1.350000E+02    13  5.840648E+01 -1.243403E+02 -3.294752E+01 -4.822632E+01
  1.500000E+01 -1.350000E+02    14  1.307058E+02  7.655663E+01  3.038704E+01  1.271245E+02
  1.500000E+01 -1.350000E+02    15  1.024210E+02 -1.945392E+01  9.657378E+01 -3.411119E+01
  1.500000E+01 -1.350000E+02    16  1.246261E+03  8.188492E+01  1.759245E+02  1.233781E+03
  1.500000E+01 -1.350000E+02    17  7.532536E+02  5.568798E+01  4.246086E+02  6.221725E+02
  1.500000E+01 -1.350000E+02    18  5.087198E+01  5.547743E+01  2.883072E+01  4.191358E+01
  1.500000E+01 -1.350000E+02    19  1.501566E+02  1.566555E+02 -1.378646E+02  5.950095E+01
  1.500000E+01 -1.350000E+02    20  3.168407E+01  1.736858E+02 -3.149187E+01  3.484637E+00
  1.500000E+01 -1.350000E+02    21  3.343630E+02 -1.710527E+02 -3.302944E+02 -5.200192E+01
  1.500000E+01 -1.350000E+02    22  3.071021E+03 -9.158176E+01 -8.477086E+01 -3.069850E+03
  1.500000E+01 -1.350000E+02    23  9.477155E+02 -2.013299E+01  8.898065E+02 -3.262040E+02
  1.500000E+01 -1.350000E+02    24  8.320042E+03 -8.220088E+01  1.129033E+03 -8.243081E+03
  1.500000E+01 -1.350000E+02    25  2.204025E+01 -8.753388E+01  9.483615E-01 -2.201984E+01
  1.500000E+01 -1.350000E+02    26  2.153533E+01 -9.377388E+01 -1.417436E+00 -2.148863E+01
  1.500000E+01 -1.350000E+02    27  5.967904E-01  1.762641E+02 -5.955223E-01  3.888498E-02
  1.500000E+01 -1.350000E+02    28  1.591858E+02 -9.368459E+01 -1.022987E+01 -1.588568E+02
  1.500000E+01 -1.350000E+02    29  1.628384E+02  9.527579E+01 -1.497296E+01  1.621486E+02
  1.500000E+01 -1.350000E+02    30  6.943495E-01 -1.784335E+02 -6.940899E-01 -1.898133E-02
  1.500000E+01 -9.000000E+01     1  3.750605E+02 -5.447070E+01  2.179549E+02 -3.052311E+02
  1.500000E+01 -9.000000E+01     2  3.091901E+02 -7.598655E+01  7.487025E+01 -2.999882E+02
  1.500000E+01 -9.000000E+01     3  1.457947E+02  7.674934E+01  3.341785E+01  1.419132E+02
  1.500000E+01 -9.000000E+01     4  4.102070E+03 -7.274025E+01  1.217101E+03 -3.917352E+03
  1.500000E+01 -9.000000E+01     5  6.501123E+03  1.264072E+02 -3.858548E+03  5.232228E+03
  1.500000E+01 -9.000000E+01     6  1.196208E+02  1.252146E+02 -6.897823E+01  9.772990E+01
  1.500000E+01 -9.000000E+01     7  1.002571E+02  1.391719E+02 -7.586205E+01  6.554724E+01
  1.500000E+01 -9.000000E+01     8  7.022443E+01  1.363052E+02 -5.077432E+01  4.851225E+01
  1.500000E+01 -9.000000E+01     9  1.004454E+02  6.109487E+01  4.855138E+01  8.793207E+01
  1.500000E+01 -9.000000E+01    10  7.116977E+02  1.269588E+02 -4.279016E+02  5.686948E+02
  1.500000E+01 -9.000000E+01    11  8.867856E+02 -5.827396E+01  4.663236E+02 -7.542752E+02
  1.500000E+01 -9.000000E+01    12  2.667373E+01  1.777077E+02 -2.665239E+01  1.066893E+00
  1.500000E+01 -9.000000E+01    13  1.492549E+02 -1.559705E+02 -1.363199E+02 -6.077758E+01
  1.500000E+01 -9.000000E+01    14  6.825968E+01  3.960710E+01  5.258960E+01  4.351687E+01
  1.500000E+01 -9.000000E+01    15  1.041417E+02 -6.386208E+01  4.587790E+01 -9.349181E+01
  1.500000E+01 -9.000000E+01    16  6.654508E+02  4.910161E+01  4.356837E+02  5.029956E+02
  1.500000E+01 -9.000000E+01    17  1.705694E+03  2.422128E+01  1.555538E+03  6.997809E+02
  1.500000E+01 -9.000000E+01    18  3.031504E+01  4.791117E+00  3.020911E+01  2.532013E+00
  1.500000E+01 -9.000000E+01    19  5.501318E+02  1.269685E+02 -3.308359E+02  4.395368E+02
  1.500000E+01 -9.000000E+01    20  1.031914E+02  1.558882E+02 -9.418797E+01  4.215550E+01
  1.500000E+01 -9.000000E+01    21  3.002610E+02 -1.616907E+02 -2.850602E+02 -9.432588E+01
  1.500000E+01 -9.000000E+01    22  4.376667E+03 -9.162173E+01 -1.238631E+02 -4.374914E+03
  1.500000E+01 -9.000000E+01    23  7.753940E+03 -6.217500E+01  3.619326E+03 -6.857410E+03
  1.500000E+01 -9.000000E+01    24  1.587570E+04 -6.135379E+01  7.610811E+03 -1.393246E+04
  1.500000E+01 -9.000000E+01    25  9.090706E-01 -1.176353E+01  8.899777E-01 -1.853348E-01
  1.500000E+01 -9.000000E+01    26  3.061375E+01 -9.165105E+01 -8.820503E-01 -3.060104E+01
  1.500000E+01 -9.000000E+01    27  5.940043E-01  1.746567E+02 -5.914232E-01  5.531507E-02
  1.500000E+01 -9.000000E+01    28  2.257511E+02 -9.170720E+01 -6.725541E+00 -2.256509E+02
  1.500000E+01 -9.000000E+01    29  1.547175E+01  1.657918E+02 -1.499847E+01  3.797482E+00
  1.500000E+01 -9.000000E+01    30  6.919012E-01 -1.766767E+02 -6.907377E-01 -4.010909E-02
  1.500000E+01 -4.500000E+01     1  3.359325E+02 -1.089843E+01  3.298736E+02 -6.351428E+01
  1.500000E+01 -4.500000E+01     2  2.859389E+02 -3.038396E+01  2.466667E+02 -1.446257E+02
  1.500000E+01 -4.500000E+01     3  1.719326E+02  1.201407E+02 -8.633154E+01  1.486865E+02
  1.500000E+01 -4.500000E+01     4  3.973708E+03 -2.845332E+01  3.493706E+03 -1.893244E+03
  1.500000E+01 -4.500000E+01     5  6.457404E+03  1.667214E+02 -6.284763E+03  1.483177E+03
  1.500000E+01 -4.500000E+01     6  1.413314E+02  1.596799E+02 -1.325360E+02  4.907932E+01
  1.500000E+01 -4.500000E+01     7  2.804299E+01  6.800523E+01  1.050271E+01  2.600197E+01
  1.500000E+01 -4.500000E+01     8  1.341606E+02  9.951763E+01 -2.218360E+01  1.323138E+02
  1.500000E+01 -4.500000E+01     9  1.004271E+02  1.698908E+01  9.604456E+01  2.934375E+01
  1.500000E+01 -4.500000E+01    10  1.317036E+03  9.435803E+01 -1.000798E+02  1.313228E+03
  1.500000E+01 -4.500000E+01    11  4.307668E+02 -1.500197E+02 -3.731290E+02 -2.152552E+02
  1.500000E+01 -4.500000E+01    12  4.524135E+01  1.233988E+02 -2.490367E+01  3.777019E+01
  1.500000E+01 -4.500000E+01    13  1.532430E+02 -1.630954E+02 -1.466214E+02 -4.455997E+01
  1.500000E+01 -4.500000E+01    14  4.063728E+01 -1.780005E+02 -4.061254E+01 -1.417833E+00
  1.500000E+01 -4.500000E+01    15  1.049788E+02 -7.110658E+01  3.399305E+01 -9.932281E+01
  1.500000E+01 -4.500000E+01    16  4.484830E+02  1.676690E+02 -4.381366E+02  9.577761E+01
  1.500000E+01 -4.500000E+01    17  1.667150E+03  1.688728E+01  1.595259E+03  4.842900E+02
  1.500000E+01 -4.500000E+01    18  1.865077E+01 -1.039707E+02 -4.502783E+00 -1.809907E+01
  1.500000E+01 -4.500000E+01    19  6.793765E+02  1.448139E+02 -5.552441E+02  3.914799E+02
  1.500000E+01 -4.500000E+01    20  2.480725E+02 -1.682177E+02 -2.428458E+02 -5.065473E+01
  1.500000E+01 -4.500000E+01    21  2.256547E+02 -1.710061E+02 -2.228802E+02 -3.527665E+01
  1.500000E+01 -4.500000E+01    22  3.251010E+03 -9.455889E+01 -2.584023E+02 -3.240724E+03
  1.500000E+01 -4.500000E+01    23  1.002904E+04 -4.260420E+01  7.381851E+03 -6.788957E+03
  1.500000E+01 -4.500000E+01    24  1.914680E+04 -2.238517E+01  1.770399E+04 -7.291695E+03
  1.500000E+01 -4.500000E+01    25  2.164542E+01  8.332608E+01  2.515601E+00  2.149874E+01
  1.500000E+01 -4.500000E+01    26  2.180019E+01 -9.054257E+01 -2.064378E-01 -2.179922E+01
  1.500000E+01 -4.500000E+01    27  6.066387E-01  1.753732E+02 -6.046618E-01  4.893416E-02
  1.500000E+01 -4.500000E+01    28  1.603644E+02 -9.078998E+01 -2.210985E+00 -1.603492E+02
  1.500000E+01 -4.500000E+01    29  1.570427E+02 -9.972489E+01 -2.652729E+01 -1.547860E+02
  1.500000E+01 -4.500000E+01    30  6.955409E-01 -1.778142E+02 -6.950348E-01 -2.652818E-02
  1.500000E+01  0.000000E+00     1  1.947315E+02  3.608511E+01  1.573709E+02  1.146942E+02
  1.500000E+01  0.000000E+00     2  1.123760E+02  9.050345E+00  1.109769E+02  1.767700E+01
  1.500000E+01  0.000000E+00     3  1.021174E+02  1.272431E+02 -6.180124E+01  8.129311E+01
  1.500000E+01  0.000000E+00     4  1.808113E+03  8.779348E+00  1.786928E+03  2.759716E+02
  1.500000E+01  0.000000E+00     5  4.109395E+03 -1.554297E+02 -3.737297E+03 -1.708725E+03
  1.500000E+01  0.000000E+00     6  1.011426E+02 -1.736792E+02 -1.005278E+02 -1.113524E+01
  1.500000E+01  0.000000E+00     7  7.261677E+01 -1.113780E+02 -2.647020E+01 -6.762044E+01
  1.500000E+01  0.000000E+00     8  1.236445E+02  4.554436E+01  8.659530E+01  8.825660E+01
  1.500000E+01  0.000000E+00     9  1.031555E+02 -3.774569E+01  8.156877E+01 -6.314746E+01
  1.500000E+01  0.000000E+00    10  1.225181E+03  3.943683E+01  9.462382E+02  7.782680E+02
  1.500000E+01  0.000000E+00    11  8.033571E+02  8.725330E+01  3.849738E+01  8.024342E+02
  1.500000E+01  0.000000E+00    12  4.178952E+01  7.608304E+01  1.005103E+01  4.056280E+01
  1.500000E+01  0.000000E+00    13  6.770441E+01 -1.399713E+02 -5.184280E+01 -4.354551E+01
  1.500000E+01  0.000000E+00    14  1.203601E+02 -1.333741E+02 -8.265839E+01 -8.748795E+01
  1.500000E+01  0.000000E+00    15  1.031657E+02 -3.666811E+01  8.275002E+01 -6.160835E+01
  1.500000E+01  0.000000E+00    16  1.166212E+03 -1.395372E+02 -8.872856E+02 -7.568184E+02
  1.500000E+01  0.000000E+00    17  6.697480E+02  3.605016E+01  5.414926E+02  3.941422E+02
  1.500000E+01  0.000000E+00    18  4.492217E+01 -1.055843E+02 -1.206862E+01 -4.327066E+01
  1.500000E+01  0.000000E+00    19  4.069324E+02  1.495713E+02 -3.508814E+02  2.060976E+02
  1.500000E+01  0.000000E+00    20  1.857415E+02 -1.654409E+02 -1.797771E+02 -4.669139E+01
  1.500000E+01  0.000000E+00    21  2.716950E+02  1.762076E+02 -2.711001E+02  1.797038E+01
  1.500000E+01  0.000000E+00    22  1.774172E+02 -1.620055E+02 -1.687390E+02 -5.480885E+01
  1.500000E+01  0.000000E+00    23  6.161900E+03 -4.191159E+01  4.585541E+03 -4.116044E+03
  1.500000E+01  0.000000E+00    24  1.141811E+04  8.205494E+00  1.130121E+04  1.629636E+03
  1.500000E+01  0.000000E+00    25  3.055723E+01  8.373019E+01  3.337176E+00  3.037446E+01
  1.500000E+01  0.000000E+00    26  5.057715E-01  1.486878E+02 -4.321048E-01  2.628501E-01
  1.500000E+01  0.000000E+00    27  6.159821E-01  1.785856E+02 -6.157944E-01  1.520454E-02
  1.500000E+01  0.000000E+00    28  4.236431E+00  1.439152E+02 -3.423656E+00  2.495181E+00
  1.500000E+01  0.000000E+00    29  2.234733E+02 -9.827704E+01 -3.217113E+01 -2.211455E+02
  1.500000E+01  0.000000E+00    30  7.055311E-01  1.797888E+02 -7.055263E-01  2.600240E-03
  1.500000E+01  4.500000E+01     1  2.580739E+02  8.134321E+01  3.884407E+01  2.551338E+02
  1.500000E+01  4.500000E+01     2  1.649888E+02  1.088377E+02 -5.327305E+01  1.561515E+02
  1.500000E+01  4.500000E+01     3  4.892967E+01 -6.628770E-01  4.892640E+01 -5.660736E-01
  1.500000E+01  4.500000E+01     4  2.097495E+03  1.005838E+02 -3.852549E+02  2.061811E+03
  1.500000E+01  4.500000E+01     5  4.174231E+03 -1.084269E+02 -1.319453E+03 -3.960208E+03
  1.500000E+01  4.500000E+01     6  6.561894E+01 -1.278422E+02 -4.025650E+01 -5.181950E+01
  1.500000E+01  4.500000E+01     7  1.210741E+02 -1.491498E+02 -1.039434E+02 -6.208619E+01
  1.500000E+01  4.500000E+01     8  4.151196E+01 -9.879425E-01  4.150578E+01 -7.157489E-01
  1.500000E+01  4.500000E+01     9  1.045537E+02 -7.102124E+01  3.400270E+01 -9.887006E+01
  1.500000E+01  4.500000E+01    10  4.722318E+02 -1.576470E+01  4.544691E+02 -1.282994E+02
  1.500000E+01  4.500000E+01    11  1.123476E+03  4.493560E+01  7.953097E+02  7.935239E+02
  1.500000E+01  4.500000E+01    12  1.948011E+01  7.723471E+01  4.304280E+00  1.899862E+01
  1.500000E+01  4.500000E+01    13  6.213425E+01  1.204359E+02 -3.147558E+01  5.357195E+01
  1.500000E+01  4.500000E+01    14  1.312480E+02 -7.962830E+01  2.362902E+01 -1.291035E+02
  1.500000E+01  4.500000E+01    15  1.025503E+02  1.829591E+01  9.736616E+01  3.219307E+01
  1.500000E+01  4.500000E+01    16  1.254666E+03 -8.490189E+01  1.114913E+02 -1.249702E+03
  1.500000E+01  4.500000E+01    17  7.941409E+02 -5.947272E+01  4.033828E+02 -6.840630E+02
  1.500000E+01  4.500000E+01    18  5.059503E+01 -5.851215E+01  2.642668E+01 -4.314496E+01
  1.500000E+01  4.500000E+01    19  1.532698E+02 -1.592902E+02 -1.433661E+02 -5.420153E+01
  1.500000E+01  4.500000E+01    20  3.486312E+01  1.777041E+02 -3.483513E+01  1.396645E+00
  1.500000E+01  4.500000E+01    21  3.337118E+02  1.679238E+02 -3.263268E+02  6.981682E+01
  1.500000E+01  4.500000E+01    22  3.182720E+03  8.932336E+01  3.758601E+01  3.182498E+03
  1.500000E+01  4.500000E+01    23  1.002882E+03  1.791219E+01  9.542712E+02  3.084454E+02
  1.500000E+01  4.500000E+01    24  8.379544E+03  7.869456E+01  1.642720E+03  8.216947E+03
  1.500000E+01  4.500000E+01    25  2.210023E+01  8.477448E+01  2.012806E+00  2.200838E+01
  1.500000E+01  4.500000E+01    26  2.228325E+01  9.135947E+01 -5.286682E-01  2.227698E+01
  1.500000E+01  4.500000E+01    27  5.961794E-01 -1.791975E+02 -5.961209E-01 -8.349754E-03
  1.500000E+01  4.500000E+01    28  1.647145E+02  9.127441E+01 -3.663378E+00  1.646738E+02
  1.500000E+01  4.500000E+01    29  1.632885E+02 -9.801760E+01 -2.277504E+01 -1.616924E+02
  1.500000E+01  4.500000E+01    30  6.943688E-01  1.752993E+02 -6.920332E-01  5.690456E-02
  1.500000E+01  9.000000E+01     1  3.792183E+02  5.222890E+01  2.322744E+02  2.997585E+02
  1.500000E+01  9.000000E+01     2  3.104799E+02  7.344673E+01  8.845777E+01  2.976122E+02
  1.500000E+01  9.000000E+01     3  1.428804E+02 -7.938294E+01  2.632484E+01 -1.404343E+02
  1.500000E+01  9.000000E+01     4  4.115940E+03  7.010834E+01  1.400419E+03  3.870374E+03
  1.500000E+01  9.000000E+01     5  6.555657E+03 -1.289719E+02 -4.123109E+03 -5.096726E+03
  1.500000E+01  9.000000E+01     6  1.198409E+02 -1.284283E+02 -7.448537E+01 -9.388167E+01
  1.500000E+01  9.000000E+01     7  1.004599E+02 -1.407758E+02 -7.782403E+01 -6.352644E+01
  1.500000E+01  9.000000E+01     8  7.107181E+01 -1.391277E+02 -5.374235E+01 -4.650766E+01
  1.500000E+01  9.000000E+01     9  1.049186E+02 -6.306400E+01  4.752759E+01 -9.353632E+01
  1.500000E+01  9.000000E+01    10  7.204664E+02 -1.294366E+02 -4.576577E+02 -5.564363E+02
  1.500000E+01  9.000000E+01    11  8.963120E+02  5.734938E+01  4.835737E+02  7.546732E+02
  1.500000E+01  9.000000E+01    12  2.748293E+01  1.784855E+02 -2.747333E+01  7.263490E-01
  1.500000E+01  9.000000E+01    13  1.516253E+02  1.538059E+02 -1.360540E+02  6.692942E+01
  1.500000E+01  9.000000E+01    14  6.826953E+01 -4.342301E+01  4.958407E+01 -4.692706E+01
  1.500000E+01  9.000000E+01    15  1.025843E+02  6.038126E+01  5.069985E+01  8.917995E+01
  1.500000E+01  9.000000E+01    16  6.648424E+02 -5.280919E+01  4.018782E+02 -5.296313E+02
  1.500000E+01  9.000000E+01    17  1.732002E+03 -2.643964E+01  1.550841E+03 -7.711819E+02
  1.500000E+01  9.000000E+01    18  3.034921E+01 -9.004469E+00  2.997519E+01 -4.750000E+00
  1.500000E+01  9.000000E+01    19  5.486559E+02 -1.305237E+02 -3.564956E+02 -4.170542E+02
  1.500000E+01  9.000000E+01    20  1.049453E+02 -1.599107E+02 -9.856032E+01 -3.604701E+01
  1.500000E+01  9.000000E+01    21  3.078795E+02  1.585813E+02 -2.866163E+02  1.124318E+02
  1.500000E+01  9.000000E+01    22  4.416493E+03  8.952671E+01  3.648198E+01  4.416342E+03
  1.500000E+01  9.000000E+01    23  7.689861E+03  5.860186E+01  4.006278E+03  6.563817E+03
  1.500000E+01  9.000000E+01    24  1.593281E+04  5.826186E+01  8.381261E+03  1.355023E+04
  1.500000E+01  9.000000E+01    25  1.128860E+00  5.110025E+01  7.088785E-01  8.785305E-01
  1.500000E+01  9.000000E+01    26  3.089344E+01  8.953197E+01  2.523587E-01  3.089241E+01
  1.500000E+01  9.000000E+01    27  6.054862E-01 -1.781716E+02 -6.051779E-01 -1.931887E-02
  1.500000E+01  9.000000E+01    28  2.278316E+02  8.959171E+01  1.623507E+00  2.278259E+02
  1.500000E+01  9.000000E+01    29  1.624316E+01 -1.489992E+02 -1.392299E+01 -8.366037E+00
  1.500000E+01  9.000000E+01    30  7.072750E-01  1.733127E+02 -7.024630E-01  8.236230E-02
  1.500000E+01  1.350000E+02     1  3.420925E+02  8.278782E+00  3.385276E+02  4.925780E+01
  1.500000E+01  1.350000E+02     2  2.906163E+02  2.767353E+01  2.573722E+02  1.349718E+02
  1.500000E+01  1.350000E+02     3  1.727919E+02 -1.231774E+02 -9.455751E+01 -1.446234E+02
  1.500000E+01  1.350000E+02     4  4.035261E+03  2.563932E+01  3.637932E+03  1.746076E+03
  1.500000E+01  1.350000E+02     5  6.565020E+03 -1.696064E+02 -6.457298E+03 -1.184390E+03
  1.500000E+01  1.350000E+02     6  1.432493E+02 -1.630048E+02 -1.369934E+02 -4.187066E+01
  1.500000E+01  1.350000E+02     7  2.536263E+01 -6.714254E+01  9.851856E+00 -2.337100E+01
  1.500000E+01  1.350000E+02     8  1.353345E+02 -1.024359E+02 -2.914388E+01 -1.321592E+02
  1.500000E+01  1.350000E+02     9  1.031698E+02 -1.964745E+01  9.716323E+01 -3.468896E+01
  1.500000E+01  1.350000E+02    10  1.329027E+03 -9.717010E+01 -1.658832E+02 -1.318634E+03
  1.500000E+01  1.350000E+02    11  4.294118E+02  1.509366E+02 -3.753416E+02  2.085981E+02
  1.500000E+01  1.350000E+02    12  4.573365E+01 -1.268343E+02 -2.741742E+01 -3.660398E+01
  1.500000E+01  1.350000E+02    13  1.557014E+02  1.607700E+02 -1.470139E+02  5.128203E+01
  1.500000E+01  1.350000E+02    14  3.879343E+01  1.762714E+02 -3.871131E+01  2.522738E+00
  1.500000E+01  1.350000E+02    15  1.020303E+02  6.704736E+01  3.978875E+01  9.395226E+01
  1.500000E+01  1.350000E+02    16  4.338372E+02 -1.695823E+02 -4.266856E+02 -7.844794E+01
  1.500000E+01  1.350000E+02    17  1.696844E+03 -1.924836E+01  1.601987E+03 -5.593876E+02
  1.500000E+01  1.350000E+02    18  1.753967E+01  9.898186E+01 -2.738324E+00  1.732460E+01
  1.500000E+01  1.350000E+02    19  6.872300E+02 -1.484025E+02 -5.853477E+02 -3.600738E+02
  1.500000E+01  1.350000E+02    20  2.524423E+02  1.658440E+02 -2.447764E+02  6.173812E+01
  1.500000E+01  1.350000E+02    21  2.327245E+02  1.664857E+02 -2.262808E+02  5.438471E+01
  1.500000E+01  1.350000E+02    22  3.235271E+03  9.222578E+01 -1.256498E+02  3.232830E+03
  1.500000E+01  1.350000E+02    23  1.012109E+04  3.904195E+01  7.860903E+03  6.375168E+03
  1.500000E+01  1.350000E+02    24  1.940866E+04  1.940806E+01  1.830578E+04  6.449376E+03
  1.500000E+01  1.350000E+02    25  2.136592E+01 -8.657056E+01  1.278094E+00 -2.132766E+01
  1.500000E+01  1.350000E+02    26  2.171886E+01  8.814225E+01  7.040842E-01  2.170744E+01
  1.500000E+01  1.350000E+02    27  6.191738E-01 -1.795340E+02 -6.191533E-01 -5.036302E-03
  1.500000E+01  1.350000E+02    28  1.597630E+02  8.839676E+01  4.469883E+00  1.597005E+02
  1.500000E+01  1.350000E+02    29  1.551576E+02  9.657386E+01 -1.776306E+01  1.541375E+02
  1.500000E+01  1.350000E+02    30  7.122599E-01  1.738252E+02 -7.081277E-01  7.661193E-02
  1.500000E+01  1.800000E+02     1  1.932303E+02 -3.992390E+01  1.481878E+02 -1.240093E+02
  1.500000E+01  1.800000E+02     2  1.103673E+02 -1.072076E+01  1.084409E+02 -2.053081E+01
  1.500000E+01  1.800000E+02     3  1.052069E+02 -1.284753E+02 -6.545728E+01 -8.236409E+01
  1.500000E+01  1.800000E+02     4  1.776141E+03 -1.083622E+01  1.744470E+03 -3.339183E+02
  1.500000E+01  1.800000E+02     5  4.056718E+03  1.518386E+02 -3.576491E+03  1.914595E+03
  1.500000E+01  1.800000E+02     6  9.933389E+01  1.707846E+02 -9.805180E+01  1.590803E+01
  1.500000E+01  1.800000E+02     7  7.455313E+01  1.084038E+02 -2.353729E+01  7.074013E+01
  1.500000E+01  1.800000E+02     8  1.229311E+02 -4.955404E+01  7.974921E+01 -9.355283E+01
  1.500000E+01  1.800000E+02     9  1.012255E+02  3.542638E+01  8.248472E+01  5.867602E+01
  1.500000E+01  1.800000E+02    10  1.214066E+03 -4.347851E+01  8.809656E+02 -8.353773E+02
  1.500000E+01  1.800000E+02    11  8.191195E+02 -8.951890E+01  6.877887E+00 -8.190906E+02
  1.500000E+01  1.800000E+02    12  4.203254E+01 -7.945304E+01  7.693689E+00 -4.132241E+01
  1.500000E+01  1.800000E+02    13  7.002274E+01  1.351160E+02 -4.961365E+01  4.941325E+01
  1.500000E+01  1.800000E+02    14  1.184716E+02  1.300957E+02 -7.630359E+01  9.062712E+01
  1.500000E+01  1.800000E+02    15  1.025012E+02  3.507226E+01  8.388984E+01  5.889811E+01
  1.500000E+01  1.800000E+02    16  1.144882E+03  1.363479E+02 -8.283732E+02  7.902868E+02
  1.500000E+01  1.800000E+02    17  6.938628E+02 -4.131845E+01  5.211267E+02 -4.581185E+02
  1.500000E+01  1.800000E+02    18  4.477620E+01  1.023453E+02 -9.573277E+00  4.374084E+01
  1.500000E+01  1.800000E+02    19  4.044565E+02 -1.515085E+02 -3.554718E+02 -1.929373E+02
  1.500000E+01  1.800000E+02    20  1.826700E+02  1.618790E+02 -1.736099E+02  5.681491E+01
  1.500000E+01  1.800000E+02    21  2.659236E+02  1.798508E+02 -2.659227E+02  6.923730E-01
  1.500000E+01  1.800000E+02    22  1.926276E+02  1.424810E+02 -1.527828E+02  1.173149E+02
  1.500000E+01  1.800000E+02    23  6.189499E+03  4.026675E+01  4.722856E+03  4.000565E+03
  1.500000E+01  1.800000E+02    24  1.121761E+04 -1.091170E+01  1.101480E+04 -2.123449E+03
  1.500000E+01  1.800000E+02    25  3.112390E+01 -8.692677E+01  1.668622E+00 -3.107914E+01
  1.500000E+01  1.800000E+02    26  3.936624E-01  1.602931E+02 -3.706055E-01  1.327465E-01
  1.500000E+01  1.800000E+02    27  6.036544E-01  1.778060E+02 -6.032119E-01  2.310971E-02
  1.500000E+01  1.800000E+02    28  3.024544E+00  1.719346E+02 -2.994628E+00  4.243515E-01
  1.500000E+01  1.800000E+02    29  2.276345E+02  9.500430E+01 -1.985666E+01  2.267668E+02
  1.500000E+01  1.800000E+02    30  6.915833E-01  1.764320E+02 -6.902427E-01  4.303942E-02
  1.600000E+01 -1.800000E+02     1  1.831314E+02 -3.540298E+01  1.492700E+02 -1.060923E+02
  1.600000E+01 -1.800000E+02     2  1.004767E+02 -4.502844E+00  1.001666E+02 -7.888284E+00
  1.600000E+01 -1.800000E+02     3  1.056137E+02 -1.145035E+02 -4.380311E+01 -9.610175E+01
  1.600000E+01 -1.800000E+02     4  1.616855E+03 -4.565796E+00  1.611724E+03 -1.287079E+02
  1.600000E+01 -1.800000E+02     5  3.804923E+03  1.564010E+02 -3.486717E+03  1.523237E+03
  1.600000E+01 -1.800000E+02     6  9.049231E+01  1.771064E+02 -9.037693E+01  4.568244E+00
  1.600000E+01 -1.800000E+02     7  6.909219E+01  1.012913E+02 -1.352801E+01  6.775488E+01
  1.600000E+01 -1.800000E+02     8  1.143949E+02 -5.123481E+01  7.162613E+01 -8.919584E+01
  1.600000E+01 -1.800000E+02     9  1.103616E+02  3.247316E+01  9.310582E+01  5.925366E+01
  1.600000E+01 -1.800000E+02    10  1.140355E+03 -4.460584E+01  8.118806E+02 -8.007862E+02
  1.600000E+01 -1.800000E+02    11  7.988787E+02 -9.813707E+01 -1.130747E+02 -7.908359E+02
  1.600000E+01 -1.800000E+02    12  4.015487E+01 -8.332799E+01  4.665415E+00 -3.988292E+01
  1.600000E+01 -1.800000E+02    13  6.275116E+01  1.278411E+02 -3.849622E+01  4.955551E+01
  1.600000E+01 -1.800000E+02    14  1.102817E+02  1.283904E+02 -6.848679E+01  8.643851E+01
  1.600000E+01 -1.800000E+02    15  1.112702E+02  3.220395E+01  9.415200E+01  5.929973E+01
  1.600000E+01 -1.800000E+02    16  1.075966E+03  1.353154E+02 -7.650001E+02  7.566225E+02
  1.600000E+01 -1.800000E+02    17  6.134802E+02 -5.223408E+01  3.757180E+02 -4.849680E+02
  1.600000E+01 -1.800000E+02    18  4.286792E+01  9.828862E+01 -6.179826E+00  4.242014E+01
  1.600000E+01 -1.800000E+02    19  4.036202E+02 -1.465303E+02 -3.366908E+02 -2.225951E+02
  1.600000E+01 -1.800000E+02    20  1.627985E+02  1.693047E+02 -1.599704E+02  3.021305E+01
  1.600000E+01 -1.800000E+02    21  2.364315E+02  1.793490E+02 -2.364162E+02  2.686509E+00
  1.600000E+01 -1.800000E+02    22  1.547482E+02  1.568962E+02 -1.423367E+02  6.072299E+01
  1.600000E+01 -1.800000E+02    23  5.722767E+03  4.087527E+01  4.327190E+03  3.745062E+03
  1.600000E+01 -1.800000E+02    24  1.019413E+04 -4.841939E+00  1.015775E+04 -8.604586E+02
  1.600000E+01 -1.800000E+02    25  2.866896E+01 -8.679513E+01  1.602780E+00 -2.862412E+01
  1.600000E+01 -1.800000E+02    26  3.739418E-01  1.705886E+02 -3.689084E-01  6.114762E-02
  1.600000E+01 -1.800000E+02    27  6.550449E-01  1.787648E+02 -6.548927E-01  1.412059E-02
  1.600000E+01 -1.800000E+02    28  3.011683E+00 -1.787394E+02 -3.010954E+00 -6.625749E-02
  1.600000E+01 -1.800000E+02    29  2.106830E+02  9.533157E+01 -1.957652E+01  2.097715E+02
  1.600000E+01 -1.800000E+02    30  6.167495E-01  1.773554E+02 -6.160926E-01  2.845755E-02
  1.600000E+01 -1.350000E+02     1  2.427939E+02 -8.047958E+01  4.015792E+01 -2.394498E+02
  1.600000E+01 -1.350000E+02     2  1.537226E+02 -1.097266E+02 -5.188635E+01 -1.447012E+02
  1.600000E+01 -1.350000E+02     3  6.251625E+01 -8.949167E+00  6.175523E+01 -9.724912E+00
  1.600000E+01 -1.350000E+02     4  1.947123E+03 -1.019715E+02 -4.038813E+02 -1.904776E+03
  1.600000E+01 -1.350000E+02     5  3.919351E+03  1.088733E+02 -1.267819E+03  3.708631E+03
  1.600000E+01 -1.350000E+02     6  5.778066E+01  1.271177E+02 -3.486802E+01  4.607414E+01
  1.600000E+01 -1.350000E+02     7  1.105272E+02  1.395213E+02 -8.407220E+01  7.175047E+01
  1.600000E+01 -1.350000E+02     8  3.759089E+01 -5.672220E+00  3.740683E+01 -3.715382E+00
  1.600000E+01 -1.350000E+02     9  1.106101E+02  6.225236E+01  5.149765E+01  9.789071E+01
  1.600000E+01 -1.350000E+02    10  4.396250E+02  1.008256E+01  4.328357E+02  7.696384E+01
  1.600000E+01 -1.350000E+02    11  1.048530E+03 -5.657834E+01  5.775266E+02 -8.751450E+02
  1.600000E+01 -1.350000E+02    12  1.904622E+01 -8.771999E+01  7.577217E-01 -1.903115E+01
  1.600000E+01 -1.350000E+02    13  5.310905E+01 -1.160529E+02 -2.332550E+01 -4.771259E+01
  1.600000E+01 -1.350000E+02    14  1.217989E+02  7.900777E+01  2.322414E+01  1.195643E+02
  1.600000E+01 -1.350000E+02    15  1.104549E+02 -1.750260E+01  1.053412E+02 -3.321920E+01
  1.600000E+01 -1.350000E+02    16  1.170933E+03  8.494472E+01  1.031791E+02  1.166379E+03
  1.600000E+01 -1.350000E+02    17  6.786953E+02  6.581625E+01  2.780372E+02  6.191306E+02
  1.600000E+01 -1.350000E+02    18  4.861152E+01  5.580887E+01  2.731750E+01  4.020987E+01
  1.600000E+01 -1.350000E+02    19  1.441210E+02  1.638180E+02 -1.384111E+02  4.016511E+01
  1.600000E+01 -1.350000E+02    20  3.265205E+01 -1.670906E+02 -3.182676E+01 -7.294807E+00
  1.600000E+01 -1.350000E+02    21  2.973923E+02 -1.699864E+02 -2.928619E+02 -5.171113E+01
  1.600000E+01 -1.350000E+02    22  2.579595E+03 -9.241386E+01 -1.086453E+02 -2.577306E+03
  1.600000E+01 -1.350000E+02    23  1.060529E+03 -3.011144E+01  9.174121E+02 -5.320499E+02
  1.600000E+01 -1.350000E+02    24  7.502490E+03 -8.027567E+01  1.267230E+03 -7.394693E+03
  1.600000E+01 -1.350000E+02    25  2.037482E+01 -8.707175E+01  1.040852E+00 -2.034822E+01
  1.600000E+01 -1.350000E+02    26  2.004357E+01 -9.343089E+01 -1.199499E+00 -2.000765E+01
  1.600000E+01 -1.350000E+02    27  6.470637E-01  1.773441E+02 -6.463686E-01  2.998329E-02
  1.600000E+01 -1.350000E+02    28  1.488968E+02 -9.336668E+01 -8.744105E+00 -1.486398E+02
  1.600000E+01 -1.350000E+02    29  1.513089E+02  9.597810E+01 -1.575857E+01  1.504861E+02
  1.600000E+01 -1.350000E+02    30  6.173875E-01 -1.774739E+02 -6.167876E-01 -2.721108E-02
  1.600000E+01 -9.000000E+01     1  3.527678E+02 -5.426779E+01  2.060156E+02 -2.863611E+02
  1.600000E+01 -9.000000E+01     2  2.885363E+02 -7.649452E+01  6.738429E+01 -2.805576E+02
  1.600000E+01 -9.000000E+01     3  1.417774E+02  6.983208E+01  4.888094E+01  1.330845E+02
  1.600000E+01 -9.000000E+01     4  3.831461E+03 -7.341199E+01  1.093835E+03 -3.672005E+03
  1.600000E+01 -9.000000E+01     5  6.107554E+03  1.266511E+02 -3.645849E+03  4.900000E+03
  1.600000E+01 -9.000000E+01     6  1.099190E+02  1.241790E+02 -6.175024E+01  9.093452E+01
  1.600000E+01 -9.000000E+01     7  9.236803E+01  1.311282E+02 -6.075469E+01  6.957528E+01
  1.600000E+01 -9.000000E+01     8  6.577081E+01  1.302069E+02 -4.245831E+01  5.023038E+01
  1.600000E+01 -9.000000E+01     9  1.097141E+02  5.578433E+01  6.169331E+01  9.072557E+01
  1.600000E+01 -9.000000E+01    10  6.777422E+02  1.200197E+02 -3.390728E+02  5.868255E+02
  1.600000E+01 -9.000000E+01    11  8.565156E+02 -6.879055E+01  3.098688E+02 -7.984988E+02
  1.600000E+01 -9.000000E+01    12  2.580027E+01  1.756133E+02 -2.572469E+01  1.973423E+00
  1.600000E+01 -9.000000E+01    13  1.372306E+02 -1.483105E+02 -1.167706E+02 -7.208931E+01
  1.600000E+01 -9.000000E+01    14  6.365002E+01  4.626030E+01  4.400655E+01  4.598639E+01
  1.600000E+01 -9.000000E+01    15  1.115516E+02 -5.815152E+01  5.886298E+01 -9.475711E+01
  1.600000E+01 -9.000000E+01    16  6.308068E+02  5.677334E+01  3.456522E+02  5.276758E+02
  1.600000E+01 -9.000000E+01    17  1.567355E+03  3.295850E+01  1.315112E+03  8.526902E+02
  1.600000E+01 -9.000000E+01    18  2.916176E+01  7.667212E+00  2.890104E+01  3.890735E+00
  1.600000E+01 -9.000000E+01    19  5.092286E+02  1.268362E+02 -3.052977E+02  4.075623E+02
  1.600000E+01 -9.000000E+01    20  9.032104E+01  1.576528E+02 -8.353761E+01  3.434177E+01
  1.600000E+01 -9.000000E+01    21  2.713186E+02 -1.599165E+02 -2.548205E+02 -9.316804E+01
  1.600000E+01 -9.000000E+01    22  3.630002E+03 -9.149731E+01 -9.485137E+01 -3.628762E+03
  1.600000E+01 -9.000000E+01    23  7.196474E+03 -6.260550E+01  3.311203E+03 -6.389458E+03
  1.600000E+01 -9.000000E+01    24  1.473911E+04 -6.238292E+01  6.832465E+03 -1.305981E+04
  1.600000E+01 -9.000000E+01    25  1.054392E+00 -1.172591E+01  1.032388E+00 -2.142844E-01
  1.600000E+01 -9.000000E+01    26  2.836908E+01 -9.159101E+01 -7.876616E-01 -2.835814E+01
  1.600000E+01 -9.000000E+01    27  6.450610E-01  1.759483E+02 -6.434488E-01  4.557735E-02
  1.600000E+01 -9.000000E+01    28  2.102360E+02 -9.165688E+01 -6.078771E+00 -2.101481E+02
  1.600000E+01 -9.000000E+01    29  1.652643E+01  1.669225E+02 -1.609781E+01  3.739416E+00
  1.600000E+01 -9.000000E+01    30  6.172625E-01 -1.755126E+02 -6.153703E-01 -4.829431E-02
  1.600000E+01 -4.500000E+01     1  3.161415E+02 -1.346081E+01  3.074569E+02 -7.359149E+01
  1.600000E+01 -4.500000E+01     2  2.654125E+02 -3.427357E+01  2.193258E+02 -1.494657E+02
  1.600000E+01 -4.500000E+01     3  1.646388E+02  1.106900E+02 -5.816879E+01  1.540206E+02
  1.600000E+01 -4.500000E+01     4  3.690164E+03 -3.237709E+01  3.116499E+03 -1.976043E+03
  1.600000E+01 -4.500000E+01     5  6.053382E+03  1.641480E+02 -5.823176E+03  1.653498E+03
  1.600000E+01 -4.500000E+01     6  1.301296E+02  1.558099E+02 -1.187030E+02  5.332261E+01
  1.600000E+01 -4.500000E+01     7  2.897964E+01  5.705922E+01  1.575831E+01  2.432067E+01
  1.600000E+01 -4.500000E+01     8  1.253879E+02  9.756598E+01 -1.650956E+01  1.242963E+02
  1.600000E+01 -4.500000E+01     9  1.093126E+02  1.572542E+01  1.052212E+02  2.962673E+01
  1.600000E+01 -4.500000E+01    10  1.242108E+03  9.190538E+01 -4.129881E+01  1.241421E+03
  1.600000E+01 -4.500000E+01    11  4.874837E+02 -1.544184E+02 -4.396964E+02 -2.104932E+02
  1.600000E+01 -4.500000E+01    12  4.316990E+01  1.236331E+02 -2.391065E+01  3.594331E+01
  1.600000E+01 -4.500000E+01    13  1.408720E+02 -1.548486E+02 -1.275157E+02 -5.987218E+01
  1.600000E+01 -4.500000E+01    14  3.827726E+01 -1.745618E+02 -3.810497E+01 -3.627640E+00
  1.600000E+01 -4.500000E+01    15  1.122306E+02 -6.476787E+01  4.784242E+01 -1.015225E+02
  1.600000E+01 -4.500000E+01    16  4.346769E+02  1.703537E+02 -4.285310E+02  7.283683E+01
  1.600000E+01 -4.500000E+01    17  1.533050E+03  2.638788E+01  1.373315E+03  6.813577E+02
  1.600000E+01 -4.500000E+01    18  1.850211E+01 -9.630132E+01 -2.030742E+00 -1.839033E+01
  1.600000E+01 -4.500000E+01    19  6.437745E+02  1.418072E+02 -5.059644E+02  3.980522E+02
  1.600000E+01 -4.500000E+01    20  2.181252E+02 -1.719018E+02 -2.159501E+02 -3.072740E+01
  1.600000E+01 -4.500000E+01    21  2.045732E+02 -1.673337E+02 -1.995946E+02 -4.485728E+01
  1.600000E+01 -4.500000E+01    22  2.663128E+03 -9.376091E+01 -1.746830E+02 -2.657393E+03
  1.600000E+01 -4.500000E+01    23  9.239809E+03 -4.405255E+01  6.640672E+03 -6.424604E+03
  1.600000E+01 -4.500000E+01    24  1.760198E+04 -2.590465E+01  1.583338E+04 -7.689864E+03
  1.600000E+01 -4.500000E+01    25  2.004276E+01  8.327093E+01  2.348503E+00  1.990469E+01
  1.600000E+01 -4.500000E+01    26  2.011637E+01 -9.068928E+01 -2.419982E-01 -2.011491E+01
  1.600000E+01 -4.500000E+01    27  6.565482E-01  1.765582E+02 -6.553640E-01  3.941600E-02
  1.600000E+01 -4.500000E+01    28  1.487106E+02 -9.094141E+01 -2.443310E+00 -1.486905E+02
  1.600000E+01 -4.500000E+01    29  1.463565E+02 -1.000186E+02 -2.546142E+01 -1.441247E+02
  1.600000E+01 -4.500000E+01    30  6.202148E-01 -1.766409E+02 -6.191493E-01 -3.634045E-02
  1.600000E+01  0.000000E+00     1  1.868782E+02  3.319701E+01  1.563783E+02  1.023194E+02
  1.600000E+01  0.000000E+00     2  1.019001E+02  4.231220E+00  1.016223E+02  7.518351E+00
  1.600000E+01  0.000000E+00     3  1.022439E+02  1.126205E+02 -3.932564E+01  9.437849E+01
  1.600000E+01  0.000000E+00     4  1.639400E+03  3.976299E+00  1.635454E+03  1.136823E+02
  1.600000E+01  0.000000E+00     5  3.877285E+03 -1.582635E+02 -3.601597E+03 -1.435910E+03
  1.600000E+01  0.000000E+00     6  9.169826E+01 -1.784327E+02 -9.166395E+01 -2.508060E+00
  1.600000E+01  0.000000E+00     7  6.861420E+01 -1.035684E+02 -1.609727E+01 -6.669922E+01
  1.600000E+01  0.000000E+00     8  1.153328E+02  4.804033E+01  7.711238E+01  8.576328E+01
  1.600000E+01  0.000000E+00     9  1.109115E+02 -3.416882E+01  9.176662E+01 -6.229155E+01
  1.600000E+01  0.000000E+00    10  1.153005E+03  4.147914E+01  8.638277E+02  7.636898E+02
  1.600000E+01  0.000000E+00    11  7.929419E+02  9.610944E+01 -8.439112E+01  7.884383E+02
  1.600000E+01  0.000000E+00    12  3.991563E+01  8.035336E+01  6.688719E+00  3.935122E+01
  1.600000E+01  0.000000E+00    13  6.172990E+01 -1.308047E+02 -4.033939E+01 -4.672594E+01
  1.600000E+01  0.000000E+00    14  1.122610E+02 -1.310671E+02 -7.374896E+01 -8.463818E+01
  1.600000E+01  0.000000E+00    15  1.109064E+02 -3.322638E+01  9.277454E+01 -6.077097E+01
  1.600000E+01  0.000000E+00    16  1.098121E+03 -1.378124E+02 -8.136533E+02 -7.374543E+02
  1.600000E+01  0.000000E+00    17  6.008657E+02  4.919767E+01  3.926365E+02  4.548364E+02
  1.600000E+01  0.000000E+00    18  4.293166E+01 -1.012236E+02 -8.356123E+00 -4.211060E+01
  1.600000E+01  0.000000E+00    19  3.999580E+02  1.454343E+02 -3.293557E+02  2.269168E+02
  1.600000E+01  0.000000E+00    20  1.653199E+02 -1.712325E+02 -1.633881E+02 -2.519897E+01
  1.600000E+01  0.000000E+00    21  2.395240E+02  1.784455E+02 -2.394358E+02  6.497746E+00
  1.600000E+01  0.000000E+00    22  1.495917E+02 -1.725600E+02 -1.483323E+02 -1.937026E+01
  1.600000E+01  0.000000E+00    23  5.639178E+03 -4.199951E+01  4.190759E+03 -3.773311E+03
  1.600000E+01  0.000000E+00    24  1.033333E+04  3.701441E+00  1.031177E+04  6.670929E+02
  1.600000E+01  0.000000E+00    25  2.838169E+01  8.389111E+01  3.020338E+00  2.822052E+01
  1.600000E+01  0.000000E+00    26  4.506600E-01  1.485881E+02 -3.846126E-01  2.348779E-01
  1.600000E+01  0.000000E+00    27  6.636289E-01  1.793208E+02 -6.635823E-01  7.867006E-03
  1.600000E+01  0.000000E+00    28  3.840964E+00  1.439396E+02 -3.105024E+00  2.260935E+00
  1.600000E+01  0.000000E+00    29  2.087384E+02 -9.827958E+01 -3.005905E+01 -2.065627E+02
  1.600000E+01  0.000000E+00    30  6.250245E-01 -1.793934E+02 -6.249894E-01 -6.617536E-03
  1.600000E+01  4.500000E+01     1  2.469695E+02  7.807226E+01  5.104315E+01  2.416372E+02
  1.600000E+01  4.500000E+01     2  1.552306E+02  1.064314E+02 -4.390968E+01  1.488909E+02
  1.600000E+01  4.500000E+01     3  6.103716E+01  6.545031E+00  6.063936E+01  6.957264E+00
  1.600000E+01  4.500000E+01     4  1.975298E+03  9.868935E+01 -2.984224E+02  1.952626E+03
  1.600000E+01  4.500000E+01     5  4.000912E+03 -1.112024E+02 -1.446984E+03 -3.730085E+03
  1.600000E+01  4.500000E+01     6  5.944744E+01 -1.291718E+02 -3.754982E+01 -4.608698E+01
  1.600000E+01  4.500000E+01     7  1.122442E+02 -1.406236E+02 -8.676418E+01 -7.120917E+01
  1.600000E+01  4.500000E+01     8  3.897510E+01  2.745924E+00  3.893035E+01  1.867183E+00
  1.600000E+01  4.500000E+01     9  1.118207E+02 -6.469212E+01  4.780135E+01 -1.010885E+02
  1.600000E+01  4.500000E+01    10  4.543707E+02 -1.255634E+01  4.435034E+02 -9.877995E+01
  1.600000E+01  4.500000E+01    11  1.070311E+03  5.515573E+01  6.115200E+02  8.784130E+02
  1.600000E+01  4.500000E+01    12  1.913283E+01  8.429593E+01  1.901621E+00  1.903809E+01
  1.600000E+01  4.500000E+01    13  5.480503E+01  1.136552E+02 -2.198951E+01  5.020013E+01
  1.600000E+01  4.500000E+01    14  1.222822E+02 -8.168194E+01  1.769033E+01 -1.209958E+02
  1.600000E+01  4.500000E+01    15  1.111127E+02  1.695331E+01  1.062840E+02  3.239960E+01
  1.600000E+01  4.500000E+01    16  1.179819E+03 -8.758350E+01  4.974525E+01 -1.178770E+03
  1.600000E+01  4.500000E+01    17  6.978209E+02 -6.823134E+01  2.587939E+02 -6.480584E+02
  1.600000E+01  4.500000E+01    18  4.818053E+01 -5.823241E+01  2.536584E+01 -4.096264E+01
  1.600000E+01  4.500000E+01    19  1.480898E+02 -1.641162E+02 -1.424356E+02 -4.053029E+01
  1.600000E+01  4.500000E+01    20  3.508234E+01  1.650480E+02 -3.389453E+01  9.051612E+00
  1.600000E+01  4.500000E+01    21  2.962046E+02  1.682828E+02 -2.900322E+02  6.015358E+01
  1.600000E+01  4.500000E+01    22  2.644225E+03  9.024377E+01 -1.124969E+01  2.644201E+03
  1.600000E+01  4.500000E+01    23  1.131916E+03  3.020071E+01  9.782791E+02  5.693882E+02
  1.600000E+01  4.500000E+01    24  7.675721E+03  7.736573E+01  1.678886E+03  7.489862E+03
  1.600000E+01  4.500000E+01    25  2.045551E+01  8.457771E+01  1.932957E+00  2.036398E+01
  1.600000E+01  4.500000E+01    26  2.053130E+01  9.117464E+01 -4.208887E-01  2.052698E+01
  1.600000E+01  4.500000E+01    27  6.477596E-01 -1.787486E+02 -6.476051E-01 -1.414639E-02
  1.600000E+01  4.500000E+01    28  1.525181E+02  9.111255E+01 -2.961345E+00  1.524893E+02
  1.600000E+01  4.500000E+01    29  1.520804E+02 -9.844846E+01 -2.234360E+01 -1.504301E+02
  1.600000E+01  4.500000E+01    30  6.175109E-01  1.759261E+02 -6.159505E-01  4.387031E-02
  1.600000E+01  9.000000E+01     1  3.585040E+02  5.258861E+01  2.178033E+02  2.847575E+02
  1.600000E+01  9.000000E+01     2  2.910222E+02  7.432336E+01  7.863657E+01  2.801968E+02
  1.600000E+01  9.000000E+01     3  1.394467E+02 -7.199896E+01  4.309379E+01 -1.326209E+02
  1.600000E+01  9.000000E+01     4  3.865898E+03  7.120617E+01  1.245452E+03  3.659784E+03
  1.600000E+01  9.000000E+01     5  6.200925E+03 -1.285263E+02 -3.862396E+03 -4.851120E+03
  1.600000E+01  9.000000E+01     6  1.112262E+02 -1.265538E+02 -6.624374E+01 -8.934777E+01
  1.600000E+01  9.000000E+01     7  9.348484E+01 -1.321421E+02 -6.272565E+01 -6.931745E+01
  1.600000E+01  9.000000E+01     8  6.651413E+01 -1.327836E+02 -4.517845E+01 -4.881636E+01
  1.600000E+01  9.000000E+01     9  1.121768E+02 -5.736577E+01  6.049401E+01 -9.446745E+01
  1.600000E+01  9.000000E+01    10  6.841162E+02 -1.224165E+02 -3.667345E+02 -5.775126E+02
  1.600000E+01  9.000000E+01    11  8.718849E+02  6.790772E+01  3.279154E+02  8.078705E+02
  1.600000E+01  9.000000E+01    12  2.646321E+01 -1.782597E+02 -2.645100E+01 -8.036532E-01
  1.600000E+01  9.000000E+01    13  1.375655E+02  1.470213E+02 -1.153999E+02  7.488074E+01
  1.600000E+01  9.000000E+01    14  6.384762E+01 -4.936454E+01  4.158038E+01 -4.845194E+01
  1.600000E+01  9.000000E+01    15  1.119674E+02  5.537172E+01  6.362550E+01  9.213308E+01
  1.600000E+01  9.000000E+01    16  6.332797E+02 -5.990486E+01  3.175501E+02 -5.479097E+02
  1.600000E+01  9.000000E+01    17  1.570621E+03 -3.430703E+01  1.297379E+03 -8.852453E+02
  1.600000E+01  9.000000E+01    18  2.929848E+01 -1.052271E+01  2.880576E+01 -5.350639E+00
  1.600000E+01  9.000000E+01    19  5.133024E+02 -1.294976E+02 -3.264838E+02 -3.960905E+02
  1.600000E+01  9.000000E+01    20  9.211325E+01 -1.598851E+02 -8.649480E+01 -3.167806E+01
  1.600000E+01  9.000000E+01    21  2.748418E+02  1.582742E+02 -2.553188E+02  1.017367E+02
  1.600000E+01  9.000000E+01    22  3.655767E+03  8.950077E+01  3.185310E+01  3.655628E+03
  1.600000E+01  9.000000E+01    23  7.225154E+03  5.985465E+01  3.628439E+03  6.247982E+03
  1.600000E+01  9.000000E+01    24  1.491456E+04  6.000035E+01  7.457200E+03  1.291643E+04
  1.600000E+01  9.000000E+01    25  1.109256E+00  3.946234E+01  8.563928E-01  7.050109E-01
  1.600000E+01  9.000000E+01    26  2.856985E+01  8.959077E+01  2.040586E-01  2.856913E+01
  1.600000E+01  9.000000E+01    27  6.557167E-01 -1.777667E+02 -6.552187E-01 -2.555269E-02
  1.600000E+01  9.000000E+01    28  2.117317E+02  8.965953E+01  1.258175E+00  2.117279E+02
  1.600000E+01  9.000000E+01    29  1.659905E+01 -1.547304E+02 -1.501068E+01 -7.085775E+00
  1.600000E+01  9.000000E+01    30  6.267934E-01  1.737980E+02 -6.231249E-01  6.771497E-02
  1.600000E+01  1.350000E+02     1  3.210412E+02  1.197563E+01  3.140540E+02  6.661464E+01
  1.600000E+01  1.350000E+02     2  2.700661E+02  3.238639E+01  2.280587E+02  1.446545E+02
  1.600000E+01  1.350000E+02     3  1.657030E+02 -1.132842E+02 -6.550119E+01 -1.522074E+02
  1.600000E+01  1.350000E+02     4  3.752660E+03  3.046247E+01  3.234648E+03  1.902501E+03
  1.600000E+01  1.350000E+02     5  6.146065E+03 -1.658326E+02 -5.959131E+03 -1.504287E+03
  1.600000E+01  1.350000E+02     6  1.320521E+02 -1.579005E+02 -1.223504E+02 -4.968016E+01
  1.600000E+01  1.350000E+02     7  2.831645E+01 -5.693438E+01  1.544943E+01 -2.373050E+01
  1.600000E+01  1.350000E+02     8  1.260776E+02 -1.001734E+02 -2.226891E+01 -1.240953E+02
  1.600000E+01  1.350000E+02     9  1.114253E+02 -1.746360E+01  1.062894E+02 -3.343871E+01
  1.600000E+01  1.350000E+02    10  1.247723E+03 -9.441135E+01 -9.597050E+01 -1.244027E+03
  1.600000E+01  1.350000E+02    11  4.938439E+02  1.539912E+02 -4.438306E+02  2.165554E+02
  1.600000E+01  1.350000E+02    12  4.373762E+01 -1.265266E+02 -2.603244E+01 -3.514671E+01
  1.600000E+01  1.350000E+02    13  1.412517E+02  1.535283E+02 -1.264421E+02  6.296377E+01
  1.600000E+01  1.350000E+02    14  3.667854E+01  1.737278E+02 -3.645898E+01  4.007209E+00
  1.600000E+01  1.350000E+02    15  1.116693E+02  6.140768E+01  5.344204E+01  9.805090E+01
  1.600000E+01  1.350000E+02    16  4.239631E+02 -1.711882E+02 -4.189590E+02 -6.494681E+01
  1.600000E+01  1.350000E+02    17  1.538216E+03 -2.770105E+01  1.361914E+03 -7.150527E+02
  1.600000E+01  1.350000E+02    18  1.781915E+01  9.145024E+01 -4.509812E-01  1.781345E+01
  1.600000E+01  1.350000E+02    19  6.540812E+02 -1.443557E+02 -5.315392E+02 -3.811670E+02
  1.600000E+01  1.350000E+02    20  2.205625E+02  1.704898E+02 -2.175311E+02  3.644204E+01
  1.600000E+01  1.350000E+02    21  2.086076E+02  1.649194E+02 -2.014233E+02  5.427486E+01
  1.600000E+01  1.350000E+02    22  2.660216E+03  9.163680E+01 -7.598537E+01  2.659131E+03
  1.600000E+01  1.350000E+02    23  9.375261E+03  4.144522E+01  7.027592E+03  6.205519E+03
  1.600000E+01  1.350000E+02    24  1.786859E+04  2.399573E+01  1.632431E+04  7.266592E+03
  1.600000E+01  1.350000E+02    25  1.976213E+01 -8.630560E+01  1.273372E+00 -1.972107E+01
  1.600000E+01  1.350000E+02    26  2.011482E+01  8.853588E+01  5.139532E-01  2.010826E+01
  1.600000E+01  1.350000E+02    27  6.677167E-01 -1.788702E+02 -6.675869E-01 -1.316622E-02
  1.600000E+01  1.350000E+02    28  1.486926E+02  8.879333E+01  3.131287E+00  1.486596E+02
  1.600000E+01  1.350000E+02    29  1.442111E+02  9.708546E+01 -1.778838E+01  1.431098E+02
  1.600000E+01  1.350000E+02    30  6.307603E-01  1.744509E+02 -6.278043E-01  6.099321E-02
  1.600000E+01  1.800000E+02     1  1.831284E+02 -3.540646E+01  1.492611E+02 -1.060996E+02
  1.600000E+01  1.800000E+02     2  1.004790E+02 -4.507260E+00  1.001683E+02 -7.896187E+00
  1.600000E+01  1.800000E+02     3  1.056079E+02 -1.145043E+02 -4.380212E+01 -9.609583E+01
  1.600000E+01  1.800000E+02     4  1.616889E+03 -4.570141E+00  1.611748E+03 -1.288328E+02
  1.600000E+01  1.800000E+02     5  3.804842E+03  1.563984E+02 -3.486573E+03  1.523364E+03
  1.600000E+01  1.800000E+02     6  9.049969E+01  1.771009E+02 -9.038387E+01  4.577201E+00
  1.600000E+01  1.800000E+02     7  6.909257E+01  1.012919E+02 -1.352879E+01  6.775511E+01
  1.600000E+01  1.800000E+02     8  1.143950E+02 -5.123478E+01  7.162622E+01 -8.919585E+01
  1.600000E+01  1.800000E+02     9  1.103616E+02  3.247313E+01  9.310585E+01  5.925361E+01
  1.600000E+01  1.800000E+02    10  1.140356E+03 -4.460582E+01  8.118818E+02 -8.007867E+02
  1.600000E+01  1.800000E+02    11  7.988800E+02 -9.813591E+01 -1.130588E+02 -7.908394E+02
  1.600000E+01  1.800000E+02    12  4.015496E+01 -8.332790E+01  4.665491E+00 -3.988300E+01
  1.600000E+01  1.800000E+02    13  6.274258E+01  1.278348E+02 -3.848545E+01  4.955301E+01
  1.600000E+01  1.800000E+02    14  1.102821E+02  1.283907E+02 -6.848750E+01  8.643841E+01
  1.600000E+01  1.800000E+02    15  1.112703E+02  3.220390E+01  9.415213E+01  5.929970E+01
  1.600000E+01  1.800000E+02    16  1.075972E+03  1.353159E+02 -7.650112E+02  7.566202E+02
  1.600000E+01  1.800000E+02    17  6.133329E+02 -5.224572E+01  3.755293E+02 -4.849278E+02
  1.600000E+01  1.800000E+02    18  4.286703E+01  9.828728E+01 -6.178700E+00  4.241940E+01
  1.600000E+01  1.800000E+02    19  4.036025E+02 -1.465305E+02 -3.366771E+02 -2.225837E+02
  1.600000E+01  1.800000E+02    20  1.628133E+02  1.693001E+02 -1.599825E+02  3.022869E+01
  1.600000E+01  1.800000E+02    21  2.364319E+02  1.793501E+02 -2.364167E+02  2.681927E+00
  1.600000E+01  1.800000E+02    22  1.547728E+02  1.568936E+02 -1.423566E+02  6.073890E+01
  1.600000E+01  1.800000E+02    23  5.722551E+03  4.087331E+01  4.327155E+03  3.744772E+03
  1.600000E+01  1.800000E+02    24  1.019421E+04 -4.845819E+00  1.015777E+04 -8.611528E+02
  1.600000E+01  1.800000E+02    25  2.866899E+01 -8.679514E+01  1.602777E+00 -2.862415E+01
  1.600000E+01  1.800000E+02    26  3.739456E-01  1.705865E+02 -3.689098E-01  6.116229E-02
  1.600000E+01  1.800000E+02    27  6.550453E-01  1.787648E+02 -6.548930E-01  1.412107E-02
  1.600000E+01  1.800000E+02    28  3.011571E+00 -1.787416E+02 -3.010844E+00 -6.614013E-02
  1.600000E+01  1.800000E+02    29  2.106832E+02  9.533157E+01 -1.957650E+01  2.097717E+02
  1.600000E+01  1.800000E+02    30  6.167551E-01  1.773555E+02 -6.160982E-01  2.845652E-02
  1.700000E+01 -1.800000E+02     1  1.746751E+02 -3.170412E+01  1.486089E+02 -9.179753E+01
  1.700000E+01 -1.800000E+02     2  9.229027E+01  9.033968E-01  9.227879E+01  1.455103E+00
  1.700000E+01 -1.800000E+02     3  1.078902E+02 -1.030538E+02 -2.436862E+01 -1.051021E+02
  1.700000E+01 -1.800000E+02     4  1.484788E+03  8.800062E-01  1.484613E+03  2.280397E+01
  1.700000E+01 -1.800000E+02     5  3.595719E+03  1.600790E+02 -3.380562E+03  1.225148E+03
  1.700000E+01 -1.800000E+02     6  8.315714E+01 -1.773603E+02 -8.306891E+01 -3.829806E+00
  1.700000E+01 -1.800000E+02     7  6.531260E+01  9.475085E+01 -5.409395E+00  6.508820E+01
  1.700000E+01 -1.800000E+02     8  1.070640E+02 -5.263021E+01  6.498322E+01 -8.508748E+01
  1.700000E+01 -1.800000E+02     9  1.179407E+02  3.016511E+01  1.019693E+02  5.926446E+01
  1.700000E+01 -1.800000E+02    10  1.075995E+03 -4.547200E+01  7.545494E+02 -7.670849E+02
  1.700000E+01 -1.800000E+02    11  7.925367E+02 -1.053999E+02 -2.104617E+02 -7.640814E+02
  1.700000E+01 -1.800000E+02    12  3.850618E+01 -8.677077E+01  2.169091E+00 -3.844504E+01
  1.700000E+01 -1.800000E+02    13  5.730888E+01  1.204327E+02 -2.902843E+01  4.941313E+01
  1.700000E+01 -1.800000E+02    14  1.032941E+02  1.270083E+02 -6.217588E+01  8.248531E+01
  1.700000E+01 -1.800000E+02    15  1.185545E+02  2.992229E+01  1.027515E+02  5.913794E+01
  1.700000E+01 -1.800000E+02    16  1.016462E+03  1.345667E+02 -7.132902E+02  7.241625E+02
  1.700000E+01 -1.800000E+02    17  5.615762E+02 -6.363460E+01  2.493927E+02 -5.031611E+02
  1.700000E+01 -1.800000E+02    18  4.118056E+01  9.471651E+01 -3.386099E+00  4.104111E+01
  1.700000E+01 -1.800000E+02    19  3.992118E+02 -1.427776E+02 -3.178896E+02 -2.414876E+02
  1.700000E+01 -1.800000E+02    20  1.474228E+02  1.759474E+02 -1.470542E+02  1.041873E+01
  1.700000E+01 -1.800000E+02    21  2.093384E+02  1.786412E+02 -2.092795E+02  4.964084E+00
  1.700000E+01 -1.800000E+02    22  1.318586E+02  1.715702E+02 -1.304340E+02  1.933011E+01
  1.700000E+01 -1.800000E+02    23  5.299970E+03  4.150224E+01  3.969305E+03  3.512022E+03
  1.700000E+01 -1.800000E+02    24  9.342775E+03  4.157596E-01  9.342529E+03  6.779408E+01
  1.700000E+01 -1.800000E+02    25  2.663532E+01 -8.664706E+01  1.557808E+00 -2.658972E+01
  1.700000E+01 -1.800000E+02    26  3.566311E-01  1.783288E+02 -3.564794E-01  1.040047E-02
  1.700000E+01 -1.800000E+02    27  6.965830E-01  1.794065E+02 -6.965456E-01  7.215856E-03
  1.700000E+01 -1.800000E+02    28  2.970211E+00 -1.720310E+02 -2.941528E+00 -4.117813E-01
  1.700000E+01 -1.800000E+02    29  1.965262E+02  9.566394E+01 -1.939585E+01  1.955667E+02
  1.700000E+01 -1.800000E+02    30  5.537714E-01  1.779606E+02 -5.534207E-01  1.970711E-02
  1.700000E+01 -1.350000E+02     1  2.312766E+02 -7.734780E+01  5.065703E+01 -2.256606E+02
  1.700000E+01 -1.350000E+02     2  1.446618E+02 -1.074369E+02 -4.334871E+01 -1.380143E+02
  1.700000E+01 -1.350000E+02     3  7.286852E+01 -1.154479E+01  7.139428E+01 -1.458346E+01
  1.700000E+01 -1.350000E+02     4  1.830318E+03 -1.001234E+02 -3.217127E+02 -1.801823E+03
  1.700000E+01 -1.350000E+02     5  3.731958E+03  1.117528E+02 -1.383073E+03  3.466211E+03
  1.700000E+01 -1.350000E+02     6  5.203242E+01  1.289410E+02 -3.270343E+01  4.047046E+01
  1.700000E+01 -1.350000E+02     7  1.029948E+02  1.321677E+02 -6.914073E+01  7.633800E+01
  1.700000E+01 -1.350000E+02     8  3.585785E+01 -7.622105E+00  3.554102E+01 -4.756142E+00
  1.700000E+01 -1.350000E+02     9  1.184765E+02  5.763349E+01  6.342442E+01  1.000701E+02
  1.700000E+01 -1.350000E+02    10  4.304207E+02  8.575239E+00  4.256090E+02  6.417918E+01
  1.700000E+01 -1.350000E+02    11  1.011262E+03 -6.557359E+01  4.181811E+02 -9.207470E+02
  1.700000E+01 -1.350000E+02    12  1.896368E+01 -9.328109E+01 -1.085377E+00 -1.893260E+01
  1.700000E+01 -1.350000E+02    13  4.896329E+01 -1.081397E+02 -1.524398E+01 -4.652983E+01
  1.700000E+01 -1.350000E+02    14  1.141499E+02  8.116450E+01  1.753322E+01  1.127953E+02
  1.700000E+01 -1.350000E+02    15  1.171900E+02 -1.593304E+01  1.126879E+02 -3.217027E+01
  1.700000E+01 -1.350000E+02    16  1.105770E+03  8.769064E+01  4.455701E+01  1.104872E+03
  1.700000E+01 -1.350000E+02    17  6.257638E+02  7.577541E+01  1.537648E+02  6.065779E+02
  1.700000E+01 -1.350000E+02    18  4.654307E+01  5.590619E+01  2.608969E+01  3.854329E+01
  1.700000E+01 -1.350000E+02    19  1.399096E+02  1.692042E+02 -1.374333E+02  2.620640E+01
  1.700000E+01 -1.350000E+02    20  3.468233E+01 -1.546293E+02 -3.133737E+01 -1.486045E+01
  1.700000E+01 -1.350000E+02    21  2.642448E+02 -1.690705E+02 -2.594517E+02 -5.010120E+01
  1.700000E+01 -1.350000E+02    22  2.184617E+03 -9.315501E+01 -1.202360E+02 -2.181305E+03
  1.700000E+01 -1.350000E+02    23  1.151549E+03 -3.685351E+01  9.214369E+02 -6.906659E+02
  1.700000E+01 -1.350000E+02    24  6.843410E+03 -7.880548E+01  1.328583E+03 -6.713206E+03
  1.700000E+01 -1.350000E+02    25  1.897426E+01 -8.663692E+01  1.113091E+00 -1.894159E+01
  1.700000E+01 -1.350000E+02    26  1.874948E+01 -9.314008E+01 -1.027046E+00 -1.872133E+01
  1.700000E+01 -1.350000E+02    27  6.882344E-01  1.780616E+02 -6.878406E-01  2.327972E-02
  1.700000E+01 -1.350000E+02    28  1.398503E+02 -9.309846E+01 -7.559188E+00 -1.396459E+02
  1.700000E+01 -1.350000E+02    29  1.415347E+02  9.664367E+01 -1.637474E+01  1.405842E+02
  1.700000E+01 -1.350000E+02    30  5.536272E-01 -1.767975E+02 -5.527626E-01 -3.092868E-02
  1.700000E+01 -9.000000E+01     1  3.333957E+02 -5.416020E+01  1.952102E+02 -2.702697E+02
  1.700000E+01 -9.000000E+01     2  2.709115E+02 -7.703852E+01  6.076435E+01 -2.640090E+02
  1.700000E+01 -9.000000E+01     3  1.403532E+02  6.379481E+01  6.197820E+01  1.259275E+02
  1.700000E+01 -9.000000E+01     4  3.599907E+03 -7.411761E+01  9.851634E+02 -3.462482E+03
  1.700000E+01 -9.000000E+01     5  5.766931E+03  1.267862E+02 -3.453413E+03  4.618596E+03
  1.700000E+01 -9.000000E+01     6  1.017964E+02  1.230071E+02 -5.545288E+01  8.536681E+01
  1.700000E+01 -9.000000E+01     7  8.640185E+01  1.237851E+02 -4.804628E+01  7.181110E+01
  1.700000E+01 -9.000000E+01     8  6.202611E+01  1.248812E+02 -3.547124E+01  5.088250E+01
  1.700000E+01 -9.000000E+01     9  1.174649E+02  5.158698E+01  7.298398E+01  9.203988E+01
  1.700000E+01 -9.000000E+01    10  6.496143E+02  1.139709E+02 -2.639205E+02  5.935862E+02
  1.700000E+01 -9.000000E+01    11  8.419386E+02 -7.788284E+01  1.767326E+02 -8.231805E+02
  1.700000E+01 -9.000000E+01    12  2.498799E+01  1.740093E+02 -2.485153E+01  2.607908E+00
  1.700000E+01 -9.000000E+01    13  1.271925E+02 -1.416272E+02 -9.971735E+01 -7.895809E+01
  1.700000E+01 -9.000000E+01    14  5.975587E+01  5.202288E+01  3.677058E+01  4.710295E+01
  1.700000E+01 -9.000000E+01    15  1.178815E+02 -5.347646E+01  7.015753E+01 -9.473105E+01
  1.700000E+01 -9.000000E+01    16  6.019277E+02  6.346621E+01  2.688965E+02  5.385273E+02
  1.700000E+01 -9.000000E+01    17  1.454146E+03  4.073306E+01  1.101891E+03  9.488822E+02
  1.700000E+01 -9.000000E+01    18  2.815713E+01  9.817131E+00  2.774483E+01  4.800907E+00
  1.700000E+01 -9.000000E+01    19  4.749072E+02  1.265310E+02 -2.826921E+02  3.816045E+02
  1.700000E+01 -9.000000E+01    20  7.986939E+01  1.586998E+02 -7.441352E+01  2.901289E+01
  1.700000E+01 -9.000000E+01    21  2.444696E+02 -1.581846E+02 -2.269622E+02 -9.084904E+01
  1.700000E+01 -9.000000E+01    22  3.038234E+03 -9.136175E+01 -7.220283E+01 -3.037376E+03
  1.700000E+01 -9.000000E+01    23  6.731092E+03 -6.322593E+01  3.032179E+03 -6.009450E+03
  1.700000E+01 -9.000000E+01    24  1.377952E+04 -6.350006E+01  6.148377E+03 -1.233177E+04
  1.700000E+01 -9.000000E+01    25  1.157246E+00 -1.122469E+01  1.135110E+00 -2.252662E-01
  1.700000E+01 -9.000000E+01    26  2.646329E+01 -9.152737E+01 -7.053690E-01 -2.645389E+01
  1.700000E+01 -9.000000E+01    27  6.867973E-01  1.768282E+02 -6.857452E-01  3.799997E-02
  1.700000E+01 -9.000000E+01    28  1.969071E+02 -9.160213E+01 -5.505306E+00 -1.968301E+02
  1.700000E+01 -9.000000E+01    29  1.727580E+01  1.679271E+02 -1.689370E+01  3.613336E+00
  1.700000E+01 -9.000000E+01    30  5.545834E-01 -1.746435E+02 -5.521616E-01 -5.177143E-02
  1.700000E+01 -4.500000E+01     1  2.987867E+02 -1.570844E+01  2.876276E+02 -8.089417E+01
  1.700000E+01 -4.500000E+01     2  2.478253E+02 -3.774154E+01  1.959753E+02 -1.516940E+02
  1.700000E+01 -4.500000E+01     3  1.605998E+02  1.023439E+02 -3.433301E+01  1.568871E+02
  1.700000E+01 -4.500000E+01     4  3.446156E+03 -3.589619E+01  2.791665E+03 -2.020545E+03
  1.700000E+01 -4.500000E+01     5  5.702044E+03  1.618878E+02 -5.419505E+03  1.772647E+03
  1.700000E+01 -4.500000E+01     6  1.204547E+02  1.522458E+02 -1.065968E+02  5.609327E+01
  1.700000E+01 -4.500000E+01     7  3.062480E+01  4.891843E+01  2.012456E+01  2.308420E+01
  1.700000E+01 -4.500000E+01     8  1.178298E+02  9.582439E+01 -1.195734E+01  1.172215E+02
  1.700000E+01 -4.500000E+01     9  1.166700E+02  1.473094E+01  1.128352E+02  2.966689E+01
  1.700000E+01 -4.500000E+01    10  1.176813E+03  8.969539E+01  6.256395E+00  1.176796E+03
  1.700000E+01 -4.500000E+01    11  5.370818E+02 -1.573259E+02 -4.955721E+02 -2.070392E+02
  1.700000E+01 -4.500000E+01    12  4.128242E+01  1.239536E+02 -2.305714E+01  3.424334E+01
  1.700000E+01 -4.500000E+01    13  1.306683E+02 -1.476682E+02 -1.104101E+02 -6.988432E+01
  1.700000E+01 -4.500000E+01    14  3.632698E+01 -1.720043E+02 -3.597382E+01 -5.053037E+00
  1.700000E+01 -4.500000E+01    15  1.184448E+02 -5.957566E+01  5.998045E+01 -1.021348E+02
  1.700000E+01 -4.500000E+01    16  4.238798E+02  1.723157E+02 -4.200733E+02  5.667913E+01
  1.700000E+01 -4.500000E+01    17  1.425453E+03  3.482969E+01  1.170088E+03  8.141318E+02
  1.700000E+01 -4.500000E+01    18  1.839810E+01 -8.980099E+01  6.390608E-02 -1.839799E+01
  1.700000E+01 -4.500000E+01    19  6.121664E+02  1.392163E+02 -4.635205E+02  3.998705E+02
  1.700000E+01 -4.500000E+01    20  1.936620E+02 -1.754729E+02 -1.930578E+02 -1.528584E+01
  1.700000E+01 -4.500000E+01    21  1.845561E+02 -1.640444E+02 -1.774461E+02 -5.073310E+01
  1.700000E+01 -4.500000E+01    22  2.203099E+03 -9.300967E+01 -1.156725E+02 -2.200060E+03
  1.700000E+01 -4.500000E+01    23  8.561910E+03 -4.547081E+01  6.004232E+03 -6.103729E+03
  1.700000E+01 -4.500000E+01    24  1.628391E+04 -2.916462E+01  1.421948E+04 -7.935482E+03
  1.700000E+01 -4.500000E+01    25  1.868253E+01  8.317010E+01  2.221766E+00  1.854995E+01
  1.700000E+01 -4.500000E+01    26  1.871201E+01 -9.079787E+01 -2.605650E-01 -1.871020E+01
  1.700000E+01 -4.500000E+01    27  6.972618E-01  1.773664E+02 -6.965253E-01  3.203870E-02
  1.700000E+01 -4.500000E+01    28  1.388884E+02 -9.105446E+01 -2.555930E+00 -1.388649E+02
  1.700000E+01 -4.500000E+01    29  1.371633E+02 -1.003500E+02 -2.464293E+01 -1.349315E+02
  1.700000E+01 -4.500000E+01    30  5.570559E-01 -1.757798E+02 -5.555454E-01 -4.099403E-02
  1.700000E+01  0.000000E+00     1  1.794337E+02  3.065582E+01  1.543571E+02  9.148961E+01
  1.700000E+01  0.000000E+00     2  9.296943E+01 -2.271377E-01  9.296870E+01 -3.685578E-01
  1.700000E+01  0.000000E+00     3  1.053040E+02  1.007394E+02 -1.962255E+01  1.034596E+02
  1.700000E+01  0.000000E+00     4  1.495375E+03 -4.726381E-01  1.495324E+03 -1.233535E+01
  1.700000E+01  0.000000E+00     5  3.671989E+03 -1.607592E+02 -3.466878E+03 -1.210066E+03
  1.700000E+01  0.000000E+00     6  8.357629E+01  1.771344E+02 -8.347179E+01  4.178244E+00
  1.700000E+01  0.000000E+00     7  6.545300E+01 -9.677076E+01 -7.716733E+00 -6.499652E+01
  1.700000E+01  0.000000E+00     8  1.081524E+02  5.000711E+01  6.950877E+01  8.285819E+01
  1.700000E+01  0.000000E+00     9  1.174575E+02 -3.128392E+01  1.003797E+02 -6.099327E+01
  1.700000E+01  0.000000E+00    10  1.089878E+03  4.300039E+01  7.970813E+02  7.433005E+02
  1.700000E+01  0.000000E+00    11  7.886951E+02  1.035141E+02 -1.843053E+02  7.668582E+02
  1.700000E+01  0.000000E+00    12  3.822732E+01  8.408717E+01  3.938002E+00  3.802394E+01
  1.700000E+01  0.000000E+00    13  5.709303E+01 -1.225634E+02 -3.072931E+01 -4.811781E+01
  1.700000E+01  0.000000E+00    14  1.052781E+02 -1.292540E+02 -6.661560E+01 -8.152196E+01
  1.700000E+01  0.000000E+00    15  1.174443E+02 -3.044304E+01  1.012526E+02 -5.950683E+01
  1.700000E+01  0.000000E+00    16  1.038738E+03 -1.365468E+02 -7.540576E+02 -7.144038E+02
  1.700000E+01  0.000000E+00    17  5.568458E+02  6.144205E+01  2.661987E+02  4.890966E+02
  1.700000E+01  0.000000E+00    18  4.112828E+01 -9.741555E+01 -5.308211E+00 -4.078429E+01
  1.700000E+01  0.000000E+00    19  3.920051E+02  1.421248E+02 -3.094291E+02  2.406691E+02
  1.700000E+01  0.000000E+00    20  1.487868E+02 -1.766608E+02 -1.485342E+02 -8.666322E+00
  1.700000E+01  0.000000E+00    21  2.111496E+02 -1.797253E+02 -2.111472E+02 -1.012182E+00
  1.700000E+01  0.000000E+00    22  1.308544E+02  1.765724E+02 -1.306203E+02  7.823328E+00
  1.700000E+01  0.000000E+00    23  5.186602E+03 -4.222718E+01  3.840605E+03 -3.485769E+03
  1.700000E+01  0.000000E+00    24  9.411020E+03 -4.965737E-01  9.410666E+03 -8.156283E+01
  1.700000E+01  0.000000E+00    25  2.650698E+01  8.398888E+01  2.775848E+00  2.636123E+01
  1.700000E+01  0.000000E+00    26  4.080936E-01  1.482619E+02 -3.470681E-01  2.146722E-01
  1.700000E+01  0.000000E+00    27  7.025102E-01  1.797809E+02 -7.025051E-01  2.685840E-03
  1.700000E+01  0.000000E+00    28  3.533157E+00  1.438206E+02 -2.851868E+00  2.085677E+00
  1.700000E+01  0.000000E+00    29  1.958596E+02 -9.834306E+01 -2.841920E+01 -1.937868E+02
  1.700000E+01  0.000000E+00    30  5.588287E-01 -1.788674E+02 -5.587195E-01 -1.104571E-02
  1.700000E+01  4.500000E+01     1  2.368388E+02  7.528157E+01  6.017342E+01  2.290672E+02
  1.700000E+01  4.500000E+01     2  1.465058E+02  1.044726E+02 -3.661439E+01  1.418567E+02
  1.700000E+01  4.500000E+01     3  7.202091E+01  1.002628E+01  7.092101E+01  1.253884E+01
  1.700000E+01  4.500000E+01     4  1.864763E+03  9.717937E+01 -2.330506E+02  1.850142E+03
  1.700000E+01  4.500000E+01     5  3.840317E+03 -1.136012E+02 -1.537541E+03 -3.519091E+03
  1.700000E+01  4.500000E+01     6  5.404727E+01 -1.301625E+02 -3.485818E+01 -4.130392E+01
  1.700000E+01  4.500000E+01     7  1.050317E+02 -1.332273E+02 -7.193560E+01 -7.653053E+01
  1.700000E+01  4.500000E+01     8  3.687324E+01  5.596743E+00  3.669746E+01  3.596111E+00
  1.700000E+01  4.500000E+01     9  1.180539E+02 -5.950975E+01  5.989959E+01 -1.017289E+02
  1.700000E+01  4.500000E+01    10  4.399681E+02 -1.013067E+01  4.331086E+02 -7.738760E+01
  1.700000E+01  4.500000E+01    11  1.030637E+03  6.399030E+01  4.519586E+02  9.262542E+02
  1.700000E+01  4.500000E+01    12  1.884144E+01  9.034969E+01 -1.149909E-01  1.884109E+01
  1.700000E+01  4.500000E+01    13  4.956436E+01  1.064600E+02 -1.404382E+01  4.753312E+01
  1.700000E+01  4.500000E+01    14  1.146390E+02 -8.353977E+01  1.289843E+01 -1.139111E+02
  1.700000E+01  4.500000E+01    15  1.182046E+02  1.587557E+01  1.136961E+02  3.233477E+01
  1.700000E+01  4.500000E+01    16  1.115577E+03 -9.002470E+01 -4.809475E-01 -1.115577E+03
  1.700000E+01  4.500000E+01    17  6.337948E+02 -7.752888E+01  1.368665E+02 -6.188404E+02
  1.700000E+01  4.500000E+01    18  4.600985E+01 -5.787790E+01  2.446461E+01 -3.896652E+01
  1.700000E+01  4.500000E+01    19  1.435487E+02 -1.680108E+02 -1.404175E+02 -2.981888E+01
  1.700000E+01  4.500000E+01    20  3.567620E+01  1.555195E+02 -3.246900E+01  1.478362E+01
  1.700000E+01  4.500000E+01    21  2.627861E+02  1.682768E+02 -2.573045E+02  5.339386E+01
  1.700000E+01  4.500000E+01    22  2.222610E+03  9.108414E+01 -4.205317E+01  2.222212E+03
  1.700000E+01  4.500000E+01    23  1.237578E+03  3.775278E+01  9.785029E+02  7.577139E+02
  1.700000E+01  4.500000E+01    24  7.070948E+03  7.637572E+01  1.665589E+03  6.871981E+03
  1.700000E+01  4.500000E+01    25  1.906562E+01  8.436370E+01  1.872502E+00  1.897345E+01
  1.700000E+01  4.500000E+01    26  1.907838E+01  9.103295E+01 -3.439336E-01  1.907528E+01
  1.700000E+01  4.500000E+01    27  6.896875E-01 -1.784829E+02 -6.894457E-01 -1.826021E-02
  1.700000E+01  4.500000E+01    28  1.422993E+02  9.099251E+01 -2.464848E+00  1.422780E+02
  1.700000E+01  4.500000E+01    29  1.424890E+02 -9.888662E+01 -2.201164E+01 -1.407785E+02
  1.700000E+01  4.500000E+01    30  5.534260E-01  1.762677E+02 -5.522522E-01  3.602524E-02
  1.700000E+01  9.000000E+01     1  3.401155E+02  5.283354E+01  2.054749E+02  2.710325E+02
  1.700000E+01  9.000000E+01     2  2.739073E+02  7.510282E+01  7.041753E+01  2.647009E+02
  1.700000E+01  9.000000E+01     3  1.379663E+02 -6.559721E+01  5.700063E+01 -1.256409E+02
  1.700000E+01  9.000000E+01     4  3.643676E+03  7.217582E+01  1.115319E+03  3.468781E+03
  1.700000E+01  9.000000E+01     5  5.883398E+03 -1.282276E+02 -3.640569E+03 -4.621756E+03
  1.700000E+01  9.000000E+01     6  1.036377E+02 -1.248831E+02 -5.927087E+01 -8.501615E+01
  1.700000E+01  9.000000E+01     7  8.786673E+01 -1.246586E+02 -4.996849E+01 -7.227525E+01
  1.700000E+01  9.000000E+01     8  6.261393E+01 -1.273075E+02 -3.794982E+01 -4.980276E+01
  1.700000E+01  9.000000E+01     9  1.183805E+02 -5.272003E+01  7.170427E+01 -9.419359E+01
  1.700000E+01  9.000000E+01    10  6.530546E+02 -1.163054E+02 -2.894051E+02 -5.854272E+02
  1.700000E+01  9.000000E+01    11  8.563810E+02  7.684049E+01  1.949661E+02  8.338925E+02
  1.700000E+01  9.000000E+01    12  2.556330E+01 -1.757987E+02 -2.549461E+01 -1.872787E+00
  1.700000E+01  9.000000E+01    13  1.262565E+02  1.406753E+02 -9.766784E+01  8.001055E+01
  1.700000E+01  9.000000E+01    14  6.004391E+01 -5.466274E+01  3.472869E+01 -4.898151E+01
  1.700000E+01  9.000000E+01    15  1.196973E+02  5.138543E+01  7.470051E+01  9.352692E+01
  1.700000E+01  9.000000E+01    16  6.065906E+02 -6.621855E+01  2.446071E+02 -5.550851E+02
  1.700000E+01  9.000000E+01    17  1.442563E+03 -4.180506E+01  1.075311E+03 -9.616101E+02
  1.700000E+01  9.000000E+01    18  2.831153E+01 -1.170858E+01  2.772243E+01 -5.745370E+00
  1.700000E+01  9.000000E+01    19  4.821981E+02 -1.286226E+02 -3.009823E+02 -3.767289E+02
  1.700000E+01  9.000000E+01    20  8.184083E+01 -1.597985E+02 -7.680629E+01 -2.826155E+01
  1.700000E+01  9.000000E+01    21  2.454679E+02  1.574513E+02 -2.267029E+02  9.412909E+01
  1.700000E+01  9.000000E+01    22  3.055263E+03  8.948885E+01  2.725619E+01  3.055141E+03
  1.700000E+01  9.000000E+01    23  6.808935E+03  6.098086E+01  3.303026E+03  5.954125E+03
  1.700000E+01  9.000000E+01    24  1.401354E+04  6.153772E+01  6.678576E+03  1.231974E+04
  1.700000E+01  9.000000E+01    25  1.136942E+00  3.115584E+01  9.729533E-01  5.882170E-01
  1.700000E+01  9.000000E+01    26  2.661071E+01  8.964636E+01  1.642442E-01  2.661020E+01
  1.700000E+01  9.000000E+01    27  6.965099E-01 -1.775517E+02 -6.958741E-01 -2.975413E-02
  1.700000E+01  9.000000E+01    28  1.980047E+02  8.972367E+01  9.549601E-01  1.980024E+02
  1.700000E+01  9.000000E+01    29  1.703408E+01 -1.586973E+02 -1.587021E+01 -6.188386E+00
  1.700000E+01  9.000000E+01    30  5.606242E-01  1.739910E+02 -5.575438E-01  5.868923E-02
  1.700000E+01  1.350000E+02     1  3.031085E+02  1.492301E+01  2.928855E+02  7.805677E+01
  1.700000E+01  1.350000E+02     2  2.524471E+02  3.632170E+01  2.033977E+02  1.495291E+02
  1.700000E+01  1.350000E+02     3  1.611136E+02 -1.047354E+02 -4.098001E+01 -1.558147E+02
  1.700000E+01  1.350000E+02     4  3.509502E+03  3.448969E+01  2.892630E+03  1.987283E+03
  1.700000E+01  1.350000E+02     5  5.788776E+03 -1.628334E+02 -5.530889E+03 -1.708566E+03
  1.700000E+01  1.350000E+02     6  1.225255E+02 -1.536397E+02 -1.097853E+02 -5.440311E+01
  1.700000E+01  1.350000E+02     7  3.074219E+01 -4.954244E+01  1.994814E+01 -2.339133E+01
  1.700000E+01  1.350000E+02     8  1.181708E+02 -9.819610E+01 -1.684661E+01 -1.169638E+02
  1.700000E+01  1.350000E+02     9  1.182513E+02 -1.573214E+01  1.138216E+02 -3.206271E+01
  1.700000E+01  1.350000E+02    10  1.177675E+03 -9.196052E+01 -4.028924E+01 -1.176985E+03
  1.700000E+01  1.350000E+02    11  5.441848E+02  1.565503E+02 -4.992404E+02  2.165551E+02
  1.700000E+01  1.350000E+02    12  4.191775E+01 -1.264268E+02 -2.489055E+01 -3.372771E+01
  1.700000E+01  1.350000E+02    13  1.297602E+02  1.467705E+02 -1.085421E+02  7.110785E+01
  1.700000E+01  1.350000E+02    14  3.488086E+01  1.717550E+02 -3.452032E+01  5.002143E+00
  1.700000E+01  1.350000E+02    15  1.196100E+02  5.694475E+01  6.524095E+01  1.002505E+02
  1.700000E+01  1.350000E+02    16  4.153168E+02 -1.723994E+02 -4.116679E+02 -5.493288E+01
  1.700000E+01  1.350000E+02    17  1.415362E+03 -3.575784E+01  1.148558E+03 -8.270818E+02
  1.700000E+01  1.350000E+02    18  1.806347E+01  8.528674E+01  1.484260E+00  1.800239E+01
  1.700000E+01  1.350000E+02    19  6.236959E+02 -1.411481E+02 -4.857159E+02 -3.912501E+02
  1.700000E+01  1.350000E+02    20  1.954982E+02  1.746774E+02 -1.946552E+02  1.813494E+01
  1.700000E+01  1.350000E+02    21  1.864106E+02  1.629581E+02 -1.782254E+02  5.463170E+01
  1.700000E+01  1.350000E+02    22  2.205399E+03  9.107838E+01 -4.150581E+01  2.205008E+03
  1.700000E+01  1.350000E+02    23  8.713746E+03  4.345453E+01  6.325486E+03  5.993129E+03
  1.700000E+01  1.350000E+02    24  1.656023E+04  2.786569E+01  1.464000E+04  7.740261E+03
  1.700000E+01  1.350000E+02    25  1.841704E+01 -8.600249E+01  1.283909E+00 -1.837223E+01
  1.700000E+01  1.350000E+02    26  1.874574E+01  8.884291E+01  3.785450E-01  1.874191E+01
  1.700000E+01  1.350000E+02    27  7.071494E-01 -1.784741E+02 -7.068987E-01 -1.883074E-02
  1.700000E+01  1.350000E+02    28  1.391293E+02  8.910356E+01  2.176705E+00  1.391123E+02
  1.700000E+01  1.350000E+02    29  1.349727E+02  9.762534E+01 -1.791017E+01  1.337791E+02
  1.700000E+01  1.350000E+02    30  5.637214E-01  1.747568E+02 -5.613627E-01  5.151511E-02
  1.700000E+01  1.800000E+02     1  1.746560E+02 -3.170892E+01  1.485850E+02 -9.179990E+01
  1.700000E+01  1.800000E+02     2  9.228811E+01  8.973153E-01  9.227679E+01  1.445275E+00
  1.700000E+01  1.800000E+02     3  1.078834E+02 -1.030521E+02 -2.436404E+01 -1.050963E+02
  1.700000E+01  1.800000E+02     4  1.484748E+03  8.739884E-01  1.484575E+03  2.264743E+01
  1.700000E+01  1.800000E+02     5  3.595352E+03  1.600761E+02 -3.380156E+03  1.225195E+03
  1.700000E+01  1.800000E+02     6  8.316151E+01 -1.773696E+02 -8.307389E+01 -3.816577E+00
  1.700000E+01  1.800000E+02     7  6.531332E+01  9.475109E+01 -5.409719E+00  6.508891E+01
  1.700000E+01  1.800000E+02     8  1.070639E+02 -5.263026E+01  6.498307E+01 -8.508744E+01
  1.700000E+01  1.800000E+02     9  1.179406E+02  3.016516E+01  1.019692E+02  5.926451E+01
  1.700000E+01  1.800000E+02    10  1.075993E+03 -4.547215E+01  7.545466E+02 -7.670861E+02
  1.700000E+01  1.800000E+02    11  7.925460E+02 -1.053993E+02 -2.104555E+02 -7.640927E+02
  1.700000E+01  1.800000E+02    12  3.850625E+01 -8.677051E+01  2.169267E+00 -3.844510E+01
  1.700000E+01  1.800000E+02    13  5.731121E+01  1.204267E+02 -2.902443E+01  4.941819E+01
  1.700000E+01  1.800000E+02    14  1.032944E+02  1.270091E+02 -6.217721E+01  8.248476E+01
  1.700000E+01  1.800000E+02    15  1.185545E+02  2.992227E+01  1.027515E+02  5.913789E+01
  1.700000E+01  1.800000E+02    16  1.016471E+03  1.345679E+02 -7.133131E+02  7.241531E+02
  1.700000E+01  1.800000E+02    17  5.616214E+02 -6.364566E+01  2.493156E+02 -5.032498E+02
  1.700000E+01  1.800000E+02    18  4.118129E+01  9.471568E+01 -3.385561E+00  4.104189E+01
  1.700000E+01  1.800000E+02    19  3.991824E+02 -1.427763E+02 -3.178607E+02 -2.414771E+02
  1.700000E+01  1.800000E+02    20  1.474221E+02  1.759432E+02 -1.470527E+02  1.042950E+01
  1.700000E+01  1.800000E+02    21  2.093407E+02  1.786426E+02 -2.092820E+02  4.958967E+00
  1.700000E+01  1.800000E+02    22  1.318732E+02  1.715646E+02 -1.304466E+02  1.934508E+01
  1.700000E+01  1.800000E+02    23  5.299605E+03  4.150144E+01  3.969081E+03  3.511724E+03
  1.700000E+01  1.800000E+02    24  9.342412E+03  4.104285E-01  9.342173E+03  6.692220E+01
  1.700000E+01  1.800000E+02    25  2.663533E+01 -8.664711E+01  1.557784E+00 -2.658974E+01
  1.700000E+01  1.800000E+02    26  3.566307E-01  1.783282E+02 -3.564789E-01  1.040440E-02
  1.700000E+01  1.800000E+02    27  6.965848E-01  1.794063E+02 -6.965474E-01  7.217565E-03
  1.700000E+01  1.800000E+02    28  2.970105E+00 -1.720312E+02 -2.941425E+00 -4.117574E-01
  1.700000E+01  1.800000E+02    29  1.965263E+02  9.566388E+01 -1.939564E+01  1.955668E+02
  1.700000E+01  1.800000E+02    30  5.537669E-01  1.779605E+02 -5.534161E-01  1.970762E-02
  1.800000E+01 -1.800000E+02     1  1.675137E+02 -2.876681E+01  1.468401E+02 -8.061530E+01
  1.800000E+01 -1.800000E+02     2  8.525028E+01  5.389675E+00  8.487338E+01  8.007465E+00
  1.800000E+01 -1.800000E+02     3  1.107481E+02 -9.350483E+01 -6.770329E+00 -1.105410E+02
  1.800000E+01 -1.800000E+02     4  1.371588E+03  5.399282E+00  1.365502E+03  1.290607E+02
  1.800000E+01 -1.800000E+02     5  3.419349E+03  1.629820E+02 -3.269626E+03  1.000746E+03
  1.800000E+01 -1.800000E+02     6  7.693661E+01 -1.727999E+02 -7.632993E+01 -9.642801E+00
  1.800000E+01 -1.800000E+02     7  6.266433E+01  8.884912E+01  1.258632E+00  6.265169E+01
  1.800000E+01 -1.800000E+02     8  1.007157E+02 -5.379083E+01  5.949628E+01 -8.126407E+01
  1.800000E+01 -1.800000E+02     9  1.242225E+02  2.826410E+01  1.094120E+02  5.882388E+01
  1.800000E+01 -1.800000E+02    10  1.019629E+03 -4.613767E+01  7.065292E+02 -7.351592E+02
  1.800000E+01 -1.800000E+02    11  7.939381E+02 -1.114995E+02 -2.909724E+02 -7.386967E+02
  1.800000E+01 -1.800000E+02    12  3.703389E+01 -8.983737E+01  1.051195E-01 -3.703374E+01
  1.800000E+01 -1.800000E+02    13  5.339595E+01  1.134700E+02 -2.126596E+01  4.897843E+01
  1.800000E+01 -1.800000E+02    14  9.724250E+01  1.258707E+02 -5.698007E+01  7.879959E+01
  1.800000E+01 -1.800000E+02    15  1.246190E+02  2.802106E+01  1.100105E+02  5.854551E+01
  1.800000E+01 -1.800000E+02    16  9.642984E+02  1.340067E+02 -6.699390E+02  6.935800E+02
  1.800000E+01 -1.800000E+02    17  5.337684E+02 -7.417957E+01  1.455178E+02 -5.135497E+02
  1.800000E+01 -1.800000E+02    18  3.966121E+01  9.154679E+01 -1.070585E+00  3.964676E+01
  1.800000E+01 -1.800000E+02    19  3.916913E+02 -1.398851E+02 -2.995472E+02 -2.523757E+02
  1.800000E+01 -1.800000E+02    20  1.346642E+02 -1.784212E+02 -1.346131E+02 -3.710339E+00
  1.800000E+01 -1.800000E+02    21  1.853744E+02  1.778477E+02 -1.852437E+02  6.961796E+00
  1.800000E+01 -1.800000E+02    22  1.180621E+02 -1.752071E+02 -1.176493E+02 -9.864537E+00
  1.800000E+01 -1.800000E+02    23  4.903156E+03  4.210413E+01  3.637787E+03  3.287469E+03
  1.800000E+01 -1.800000E+02    24  8.609933E+03  4.791708E+00  8.579841E+03  7.192188E+02
  1.800000E+01 -1.800000E+02    25  2.491055E+01 -8.648072E+01  1.529119E+00 -2.486358E+01
  1.800000E+01 -1.800000E+02    26  3.399945E-01 -1.758172E+02 -3.390889E-01 -2.479886E-02
  1.800000E+01 -1.800000E+02    27  7.308563E-01  1.798360E+02 -7.308533E-01  2.091477E-03
  1.800000E+01 -1.800000E+02    28  2.903899E+00 -1.671117E+02 -2.830740E+00 -6.477160E-01
  1.800000E+01 -1.800000E+02    29  1.844357E+02  9.600691E+01 -1.930093E+01  1.834230E+02
  1.800000E+01 -1.800000E+02    30  5.008941E-01  1.783539E+02 -5.006874E-01  1.438830E-02
  1.800000E+01 -1.350000E+02     1  2.210717E+02 -7.451002E+01  5.904161E+01 -2.130417E+02
  1.800000E+01 -1.350000E+02     2  1.365197E+02 -1.055014E+02 -3.648643E+01 -1.315537E+02
  1.800000E+01 -1.350000E+02     3  8.198192E+01 -1.286209E+01  7.992489E+01 -1.824959E+01
  1.800000E+01 -1.350000E+02     4  1.725808E+03 -9.854848E+01 -2.565348E+02 -1.706635E+03
  1.800000E+01 -1.350000E+02     5  3.570312E+03  1.143807E+02 -1.473817E+03  3.251921E+03
  1.800000E+01 -1.350000E+02     6  4.730443E+01  1.304775E+02 -3.070765E+01  3.598262E+01
  1.800000E+01 -1.350000E+02     7  9.710661E+01  1.255511E+02 -5.646058E+01  7.900567E+01
  1.800000E+01 -1.350000E+02     8  3.430578E+01 -9.183241E+00  3.386609E+01 -5.474944E+00
  1.800000E+01 -1.350000E+02     9  1.249780E+02  5.381571E+01  7.378503E+01  1.008725E+02
  1.800000E+01 -1.350000E+02    10  4.215905E+02  7.349839E+00  4.181266E+02  5.393297E+01
  1.800000E+01 -1.350000E+02    11  9.873631E+02 -7.342082E+01  2.817344E+02 -9.463148E+02
  1.800000E+01 -1.350000E+02    12  1.884697E+01 -9.807162E+01 -2.646317E+00 -1.866026E+01
  1.800000E+01 -1.350000E+02    13  4.595687E+01 -1.010414E+02 -8.801602E+00 -4.510616E+01
  1.800000E+01 -1.350000E+02    14  1.075258E+02  8.305409E+01  1.300334E+01  1.067366E+02
  1.800000E+01 -1.350000E+02    15  1.228945E+02 -1.464729E+01  1.189005E+02 -3.107608E+01
  1.800000E+01 -1.350000E+02    16  1.049187E+03  9.011434E+01 -2.093733E+00  1.049185E+03
  1.800000E+01 -1.350000E+02    17  5.931982E+02  8.468465E+01  5.495228E+01  5.906475E+02
  1.800000E+01 -1.350000E+02    18  4.464185E+01  5.584049E+01  2.506634E+01  3.694013E+01
  1.800000E+01 -1.350000E+02    19  1.369505E+02  1.735447E+02 -1.360822E+02  1.539703E+01
  1.800000E+01 -1.350000E+02    20  3.645761E+01 -1.459927E+02 -3.022215E+01 -2.039067E+01
  1.800000E+01 -1.350000E+02    21  2.349145E+02 -1.682827E+02 -2.300193E+02 -4.770721E+01
  1.800000E+01 -1.350000E+02    22  1.864876E+03 -9.379501E+01 -1.234307E+02 -1.860787E+03
  1.800000E+01 -1.350000E+02    23  1.215707E+03 -4.108278E+01  9.163527E+02 -7.989005E+02
  1.800000E+01 -1.350000E+02    24  6.287968E+03 -7.751068E+01  1.359821E+03 -6.139171E+03
  1.800000E+01 -1.350000E+02    25  1.777282E+01 -8.621939E+01  1.171873E+00 -1.773415E+01
  1.800000E+01 -1.350000E+02    26  1.761615E+01 -9.289752E+01 -8.904901E-01 -1.759362E+01
  1.800000E+01 -1.350000E+02    27  7.225779E-01  1.785504E+02 -7.223467E-01  1.827976E-02
  1.800000E+01 -1.350000E+02    28  1.318394E+02 -9.287743E+01 -6.618279E+00 -1.316732E+02
  1.800000E+01 -1.350000E+02    29  1.330917E+02  9.728625E+01 -1.687959E+01  1.320170E+02
  1.800000E+01 -1.350000E+02    30  5.004452E-01 -1.763042E+02 -4.994045E-01 -3.225856E-02
  1.800000E+01 -9.000000E+01     1  3.160823E+02 -5.391299E+01  1.861767E+02 -2.554335E+02
  1.800000E+01 -9.000000E+01     2  2.552437E+02 -7.752741E+01  5.512564E+01 -2.492198E+02
  1.800000E+01 -9.000000E+01     3  1.397621E+02  5.848300E+01  7.306088E+01  1.191451E+02
  1.800000E+01 -9.000000E+01     4  3.393649E+03 -7.474361E+01  8.930008E+02 -3.274050E+03
  1.800000E+01 -9.000000E+01     5  5.466011E+03  1.270481E+02 -3.293190E+03  4.362587E+03
  1.800000E+01 -9.000000E+01     6  9.479327E+01  1.219326E+02 -5.013824E+01  8.044826E+01
  1.800000E+01 -9.000000E+01     7  8.184505E+01  1.171543E+02 -3.735314E+01  7.282413E+01
  1.800000E+01 -9.000000E+01     8  5.881415E+01  1.202087E+02 -2.959242E+01  5.082709E+01
  1.800000E+01 -9.000000E+01     9  1.239154E+02  4.812649E+01  8.271207E+01  9.226989E+01
  1.800000E+01 -9.000000E+01    10  6.255052E+02  1.086852E+02 -2.003924E+02  5.925367E+02
  1.800000E+01 -9.000000E+01    11  8.370254E+02 -8.564127E+01  6.361465E+01 -8.346045E+02
  1.800000E+01 -9.000000E+01    12  2.424610E+01  1.727337E+02 -2.405138E+01  3.066675E+00
  1.800000E+01 -9.000000E+01    13  1.189760E+02 -1.357929E+02 -8.528484E+01 -8.295655E+01
  1.800000E+01 -9.000000E+01    14  5.646007E+01  5.702846E+01  3.072684E+01  4.736666E+01
  1.800000E+01 -9.000000E+01    15  1.233283E+02 -4.956563E+01  7.998784E+01 -9.387125E+01
  1.800000E+01 -9.000000E+01    16  5.780064E+02  6.926037E+01  2.046847E+02  5.405512E+02
  1.800000E+01 -9.000000E+01    17  1.365251E+03  4.757588E+01  9.210164E+02  1.007789E+03
  1.800000E+01 -9.000000E+01    18  2.725397E+01  1.143651E+01  2.671285E+01  5.403972E+00
  1.800000E+01 -9.000000E+01    19  4.447906E+02  1.263464E+02 -2.636122E+02  3.582559E+02
  1.800000E+01 -9.000000E+01    20  7.091936E+01  1.597955E+02 -6.655541E+01  2.449351E+01
  1.800000E+01 -9.000000E+01    21  2.200650E+02 -1.565822E+02 -2.019385E+02 -8.746113E+01
  1.800000E+01 -9.000000E+01    22  2.565114E+03 -9.120676E+01 -5.402234E+01 -2.564545E+03
  1.800000E+01 -9.000000E+01    23  6.309412E+03 -6.377399E+01  2.788212E+03 -5.659907E+03
  1.800000E+01 -9.000000E+01    24  1.292530E+04 -6.446923E+01  5.570749E+03 -1.166319E+04
  1.800000E+01 -9.000000E+01    25  1.231433E+00 -1.052005E+01  1.210734E+00 -2.248346E-01
  1.800000E+01 -9.000000E+01    26  2.481811E+01 -9.146646E+01 -6.351395E-01 -2.480998E+01
  1.800000E+01 -9.000000E+01    27  7.215627E-01  1.774476E+02 -7.208468E-01  3.213344E-02
  1.800000E+01 -9.000000E+01    28  1.852844E+02 -9.155033E+01 -5.012881E+00 -1.852165E+02
  1.800000E+01 -9.000000E+01    29  1.782120E+01  1.688491E+02 -1.748475E+01  3.446520E+00
  1.800000E+01 -9.000000E+01    30  5.022444E-01 -1.739764E+02 -4.994713E-01 -5.270435E-02
  1.800000E+01 -4.500000E+01     1  2.828207E+02 -1.756833E+01  2.696293E+02 -8.536744E+01
  1.800000E+01 -4.500000E+01     2  2.323566E+02 -4.080283E+01  1.758853E+02 -1.518353E+02
  1.800000E+01 -4.500000E+01     3  1.580016E+02  9.490480E+01 -1.350920E+01  1.574230E+02
  1.800000E+01 -4.500000E+01     4  3.231361E+03 -3.900903E+01  2.510918E+03 -2.033957E+03
  1.800000E+01 -4.500000E+01     5  5.385426E+03  1.599966E+02 -5.060534E+03  1.842228E+03
  1.800000E+01 -4.500000E+01     6  1.121442E+02  1.490602E+02 -9.618691E+01  5.765754E+01
  1.800000E+01 -4.500000E+01     7  3.240524E+01  4.303258E+01  2.368712E+01  2.211379E+01
  1.800000E+01 -4.500000E+01     8  1.112256E+02  9.426671E+01 -8.275099E+00  1.109173E+02
  1.800000E+01 -4.500000E+01     9  1.228042E+02  1.389652E+01  1.192098E+02  2.949376E+01
  1.800000E+01 -4.500000E+01    10  1.119127E+03  8.770233E+01  4.486717E+01  1.118228E+03
  1.800000E+01 -4.500000E+01    11  5.786137E+02 -1.593385E+02 -5.413981E+02 -2.041615E+02
  1.800000E+01 -4.500000E+01    12  3.957437E+01  1.243403E+02 -2.232416E+01  3.267664E+01
  1.800000E+01 -4.500000E+01    13  1.222570E+02 -1.414315E+02 -9.558826E+01 -7.622115E+01
  1.800000E+01 -4.500000E+01    14  3.463274E+01 -1.700266E+02 -3.410937E+01 -5.998107E+00
  1.800000E+01 -4.500000E+01    15  1.238001E+02 -5.522850E+01  7.060381E+01 -1.016935E+02
  1.800000E+01 -4.500000E+01    16  4.141838E+02  1.738275E+02 -4.117827E+02  4.453389E+01
  1.800000E+01 -4.500000E+01    17  1.340344E+03  4.221214E+01  9.927423E+02  9.005469E+02
  1.800000E+01 -4.500000E+01    18  1.830025E+01 -8.420582E+01  1.847508E+00 -1.820675E+01
  1.800000E+01 -4.500000E+01    19  5.823013E+02  1.370022E+02 -4.258834E+02  3.971123E+02
  1.800000E+01 -4.500000E+01    20  1.729821E+02 -1.786855E+02 -1.729366E+02 -3.968196E+00
  1.800000E+01 -4.500000E+01    21  1.665461E+02 -1.611243E+02 -1.575896E+02 -5.388050E+01
  1.800000E+01 -4.500000E+01    22  1.839416E+03 -9.226494E+01 -7.269448E+01 -1.837979E+03
  1.800000E+01 -4.500000E+01    23  7.947399E+03 -4.683386E+01  5.436944E+03 -5.796618E+03
  1.800000E+01 -4.500000E+01    24  1.512435E+04 -3.210815E+01  1.281103E+04 -8.038881E+03
  1.800000E+01 -4.500000E+01    25  1.751010E+01  8.304385E+01  2.120644E+00  1.738121E+01
  1.800000E+01 -4.500000E+01    26  1.751504E+01 -9.087451E+01 -2.673228E-01 -1.751299E+01
  1.800000E+01 -4.500000E+01    27  7.309607E-01  1.779332E+02 -7.304852E-01  2.636163E-02
  1.800000E+01 -4.500000E+01    28  1.304390E+02 -9.113573E+01 -2.585431E+00 -1.304134E+02
  1.800000E+01 -4.500000E+01    29  1.291505E+02 -1.007018E+02 -2.398295E+01 -1.269042E+02
  1.800000E+01 -4.500000E+01    30  5.041769E-01 -1.751260E+02 -5.023538E-01 -4.283755E-02
  1.800000E+01  0.000000E+00     1  1.722442E+02  2.846170E+01  1.514261E+02  8.208665E+01
  1.800000E+01  0.000000E+00     2  8.539399E+01 -4.308760E+00  8.515263E+01 -6.415751E+00
  1.800000E+01  0.000000E+00     3  1.095140E+02  9.108384E+01 -2.071507E+00  1.094944E+02
  1.800000E+01  0.000000E+00     4  1.373587E+03 -4.548954E+00  1.369260E+03 -1.089403E+02
  1.800000E+01  0.000000E+00     5  3.487335E+03 -1.629391E+02 -3.333870E+03 -1.023143E+03
  1.800000E+01  0.000000E+00     6  7.688538E+01  1.730753E+02 -7.632453E+01  9.269728E+00
  1.800000E+01  0.000000E+00     7  6.296989E+01 -9.080811E+01 -8.881106E-01 -6.296363E+01
  1.800000E+01  0.000000E+00     8  1.018830E+02  5.158162E+01  6.331000E+01  7.982471E+01
  1.800000E+01  0.000000E+00     9  1.230304E+02 -2.890184E+01  1.077068E+02 -5.946187E+01
  1.800000E+01  0.000000E+00    10  1.034253E+03  4.414545E+01  7.421533E+02  7.203392E+02
  1.800000E+01  0.000000E+00    11  7.886768E+02  1.097186E+02 -2.661004E+02  7.424295E+02
  1.800000E+01  0.000000E+00    12  3.669977E+01  8.740253E+01  1.663191E+00  3.666207E+01
  1.800000E+01  0.000000E+00    13  5.362819E+01 -1.151935E+02 -2.282830E+01 -4.852681E+01
  1.800000E+01  0.000000E+00    14  9.917394E+01 -1.278144E+02 -6.080412E+01 -7.834750E+01
  1.800000E+01  0.000000E+00    15  1.230149E+02 -2.813990E+01  1.084744E+02 -5.801705E+01
  1.800000E+01  0.000000E+00    16  9.863094E+02 -1.356291E+02 -7.050420E+02 -6.897261E+02
  1.800000E+01  0.000000E+00    17  5.333752E+02  7.237677E+01  1.614828E+02  5.083429E+02
  1.800000E+01  0.000000E+00    18  3.950485E+01 -9.404301E+01 -2.785300E+00 -3.940654E+01
  1.800000E+01  0.000000E+00    19  3.828281E+02  1.393998E+02 -2.906695E+02  2.491356E+02
  1.800000E+01  0.000000E+00    20  1.351233E+02  1.782891E+02 -1.350631E+02  4.034226E+00
  1.800000E+01  0.000000E+00    21  1.865551E+02 -1.781551E+02 -1.864584E+02 -6.006001E+00
  1.800000E+01  0.000000E+00    22  1.189315E+02  1.661018E+02 -1.154497E+02  2.856697E+01
  1.800000E+01  0.000000E+00    23  4.784540E+03 -4.261594E+01  3.520985E+03 -3.239520E+03
  1.800000E+01  0.000000E+00    24  8.624112E+03 -4.359223E+00  8.599164E+03 -6.555138E+02
  1.800000E+01  0.000000E+00    25  2.487300E+01  8.403956E+01  2.582859E+00  2.473853E+01
  1.800000E+01  0.000000E+00    26  3.741948E-01  1.478776E+02 -3.169110E-01  1.989703E-01
  1.800000E+01  0.000000E+00    27  7.350209E-01 -1.799303E+02 -7.350204E-01 -8.938775E-04
  1.800000E+01  0.000000E+00    28  3.285581E+00  1.436900E+02 -2.647603E+00  1.945570E+00
  1.800000E+01  0.000000E+00    29  1.845048E+02 -9.845242E+01 -2.711999E+01 -1.825007E+02
  1.800000E+01  0.000000E+00    30  5.041978E-01 -1.785219E+02 -5.040300E-01 -1.300600E-02
  1.800000E+01  4.500000E+01     1  2.272095E+02  7.281076E+01  6.714690E+01  2.170609E+02
  1.800000E+01  4.500000E+01     2  1.385321E+02  1.028963E+02 -3.091862E+01  1.350377E+02
  1.800000E+01  4.500000E+01     3  8.177082E+01  1.198606E+01  7.998807E+01  1.698165E+01
  1.800000E+01  4.500000E+01     4  1.762735E+03  9.599386E+01 -1.840680E+02  1.753098E+03
  1.800000E+01  4.500000E+01     5  3.687854E+03 -1.157734E+02 -1.603526E+03 -3.320990E+03
  1.800000E+01  4.500000E+01     6  4.925784E+01 -1.308931E+02 -3.224666E+01 -3.723557E+01
  1.800000E+01  4.500000E+01     7  9.910081E+01 -1.267102E+02 -5.923928E+01 -7.944608E+01
  1.800000E+01  4.500000E+01     8  3.509718E+01  7.815423E+00  3.477117E+01  4.772593E+00
  1.800000E+01  4.500000E+01     9  1.234270E+02 -5.517663E+01  7.048281E+01 -1.013233E+02
  1.800000E+01  4.500000E+01    10  4.279736E+02 -8.236779E+00  4.235588E+02 -6.131332E+01
  1.800000E+01  4.500000E+01    11  1.001630E+03  7.168031E+01  3.148314E+02  9.508652E+02
  1.800000E+01  4.500000E+01    12  1.858895E+01  9.559512E+01 -1.812386E+00  1.850039E+01
  1.800000E+01  4.500000E+01    13  4.599894E+01  9.959429E+01 -7.666665E+00  4.535554E+01
  1.800000E+01  4.500000E+01    14  1.080338E+02 -8.520155E+01  9.037137E+00 -1.076552E+02
  1.800000E+01  4.500000E+01    15  1.241193E+02  1.495869E+01  1.199132E+02  3.203801E+01
  1.800000E+01  4.500000E+01    16  1.059741E+03 -9.221257E+01 -4.091347E+01 -1.058951E+03
  1.800000E+01  4.500000E+01    17  5.959618E+02 -8.624364E+01  3.904380E+01 -5.946815E+02
  1.800000E+01  4.500000E+01    18  4.404597E+01 -5.747004E+01  2.368530E+01 -3.713561E+01
  1.800000E+01  4.500000E+01    19  1.394912E+02 -1.714917E+02 -1.379560E+02 -2.063814E+01
  1.800000E+01  4.500000E+01    20  3.609813E+01  1.476673E+02 -3.050137E+01  1.930651E+01
  1.800000E+01  4.500000E+01    21  2.334339E+02  1.680760E+02 -2.283969E+02  4.823091E+01
  1.800000E+01  4.500000E+01    22  1.887413E+03  9.183369E+01 -6.039438E+01  1.886447E+03
  1.800000E+01  4.500000E+01    23  1.303870E+03  4.239338E+01  9.629517E+02  8.790917E+02
  1.800000E+01  4.500000E+01    24  6.530185E+03  7.561913E+01  1.621879E+03  6.325569E+03
  1.800000E+01  4.500000E+01    25  1.786842E+01  8.413836E+01  1.824838E+00  1.777499E+01
  1.800000E+01  4.500000E+01    26  1.784456E+01  9.092975E+01 -2.895544E-01  1.784221E+01
  1.800000E+01  4.500000E+01    27  7.244080E-01 -1.783397E+02 -7.241038E-01 -2.098922E-02
  1.800000E+01  4.500000E+01    28  1.335426E+02  9.091053E+01 -2.122127E+00  1.335257E+02
  1.800000E+01  4.500000E+01    29  1.341380E+02 -9.933006E+01 -2.174666E+01 -1.323635E+02
  1.800000E+01  4.500000E+01    30  5.000975E-01  1.764313E+02 -4.991277E-01  3.112864E-02
  1.800000E+01  9.000000E+01     1  3.230352E+02  5.287956E+01  1.949493E+02  2.575782E+02
  1.800000E+01  9.000000E+01     2  2.583639E+02  7.577582E+01  6.348426E+01  2.504429E+02
  1.800000E+01  9.000000E+01     3  1.371834E+02 -5.989780E+01  6.880352E+01 -1.186818E+02
  1.800000E+01  9.000000E+01     4  3.440274E+03  7.300290E+01  1.005673E+03  3.290001E+03
  1.800000E+01  9.000000E+01     5  5.589671E+03 -1.281458E+02 -3.452542E+03 -4.395950E+03
  1.800000E+01  9.000000E+01     6  9.686155E+01 -1.234770E+02 -5.342902E+01 -8.079294E+01
  1.800000E+01  9.000000E+01     7  8.328713E+01 -1.180671E+02 -3.918704E+01 -7.349232E+01
  1.800000E+01  9.000000E+01     8  5.923594E+01 -1.225135E+02 -3.183922E+01 -4.995159E+01
  1.800000E+01  9.000000E+01     9  1.237145E+02 -4.885186E+01  8.140517E+01 -9.315839E+01
  1.800000E+01  9.000000E+01    10  6.261886E+02 -1.109309E+02 -2.237008E+02 -5.848676E+02
  1.800000E+01  9.000000E+01    11  8.470991E+02  8.447677E+01  8.153268E+01  8.431662E+02
  1.800000E+01  9.000000E+01    12  2.476285E+01 -1.739049E+02 -2.462287E+01 -2.629307E+00
  1.800000E+01  9.000000E+01    13  1.175391E+02  1.349599E+02 -8.305447E+01  8.317087E+01
  1.800000E+01  9.000000E+01    14  5.681514E+01 -5.931598E+01  2.899294E+01 -4.886071E+01
  1.800000E+01  9.000000E+01    15  1.260521E+02  4.807325E+01  8.422552E+01  9.378275E+01
  1.800000E+01  9.000000E+01    16  5.844293E+02 -7.167235E+01  1.837742E+02 -5.547834E+02
  1.800000E+01  9.000000E+01    17  1.349066E+03 -4.856559E+01  8.927612E+02 -1.011414E+03
  1.800000E+01  9.000000E+01    18  2.737129E+01 -1.264855E+01  2.670703E+01 -5.993493E+00
  1.800000E+01  9.000000E+01    19  4.534519E+02 -1.280135E+02 -2.792568E+02 -3.572593E+02
  1.800000E+01  9.000000E+01    20  7.269843E+01 -1.600421E+02 -6.833241E+01 -2.481417E+01
  1.800000E+01  9.000000E+01    21  2.196059E+02  1.564072E+02 -2.012497E+02  8.789378E+01
  1.800000E+01  9.000000E+01    22  2.576588E+03  8.944660E+01  2.488594E+01  2.576468E+03
  1.800000E+01  9.000000E+01    23  6.408498E+03  6.189932E+01  3.018546E+03  5.653072E+03
  1.800000E+01  9.000000E+01    24  1.317961E+04  6.280176E+01  6.024011E+03  1.172234E+04
  1.800000E+01  9.000000E+01    25  1.178058E+00  2.528959E+01  1.065153E+00  5.032585E-01
  1.800000E+01  9.000000E+01    26  2.492865E+01  8.970131E+01  1.299555E-01  2.492831E+01
  1.800000E+01  9.000000E+01    27  7.302543E-01 -1.774635E+02 -7.295388E-01 -3.231790E-02
  1.800000E+01  9.000000E+01    28  1.861058E+02  8.978707E+01  6.916308E-01  1.861045E+02
  1.800000E+01  9.000000E+01    29  1.744475E+01 -1.615985E+02 -1.655276E+01 -5.506851E+00
  1.800000E+01  9.000000E+01    30  5.056503E-01  1.740039E+02 -5.028839E-01  5.282098E-02
  1.800000E+01  1.350000E+02     1  2.870515E+02  1.723264E+01  2.741657E+02  8.503963E+01
  1.800000E+01  1.350000E+02     2  2.368868E+02  3.965524E+01  1.823788E+02  1.511732E+02
  1.800000E+01  1.350000E+02     3  1.577200E+02 -9.714296E+01 -1.961177E+01 -1.564959E+02
  1.800000E+01  1.350000E+02     4  3.294560E+03  3.789631E+01  2.599815E+03  2.023632E+03
  1.800000E+01  1.350000E+02     5  5.472543E+03 -1.604714E+02 -5.157734E+03 -1.829347E+03
  1.800000E+01  1.350000E+02     6  1.143301E+02 -1.500387E+02 -9.905129E+01 -5.709826E+01
  1.800000E+01  1.350000E+02     7  3.282811E+01 -4.386987E+01  2.366630E+01 -2.275063E+01
  1.800000E+01  1.350000E+02     8  1.113144E+02 -9.644949E+01 -1.250362E+01 -1.106099E+02
  1.800000E+01  1.350000E+02     9  1.239588E+02 -1.433706E+01  1.200982E+02 -3.069539E+01
  1.800000E+01  1.350000E+02    10  1.116504E+03 -8.977342E+01  4.415133E+00 -1.116495E+03
  1.800000E+01  1.350000E+02    11  5.860665E+02  1.586809E+02 -5.459618E+02  2.130719E+02
  1.800000E+01  1.350000E+02    12  4.024734E+01 -1.264549E+02 -2.391458E+01 -3.237193E+01
  1.800000E+01  1.350000E+02    13  1.206895E+02  1.406745E+02 -9.336041E+01  7.648388E+01
  1.800000E+01  1.350000E+02    14  3.332248E+01  1.701296E+02 -3.282924E+01  5.712145E+00
  1.800000E+01  1.350000E+02    15  1.261272E+02  5.325334E+01  7.545911E+01  1.010643E+02
  1.800000E+01  1.350000E+02    16  4.071366E+02 -1.734473E+02 -4.044768E+02 -4.646147E+01
  1.800000E+01  1.350000E+02    17  1.322682E+03 -4.305659E+01  9.664567E+02 -9.030217E+02
  1.800000E+01  1.350000E+02    18  1.822445E+01  8.016991E+01  3.111408E+00  1.795689E+01
  1.800000E+01  1.350000E+02    19  5.944414E+02 -1.385532E+02 -4.455757E+02 -3.934754E+02
  1.800000E+01  1.350000E+02    20  1.746566E+02  1.782997E+02 -1.745797E+02  5.182417E+00
  1.800000E+01  1.350000E+02    21  1.668864E+02  1.608488E+02 -1.576503E+02  5.474900E+01
  1.800000E+01  1.350000E+02    22  1.843610E+03  9.050858E+01 -1.636451E+01  1.843537E+03
  1.800000E+01  1.350000E+02    23  8.103804E+03  4.519944E+01  5.710274E+03  5.750166E+03
  1.800000E+01  1.350000E+02    24  1.540825E+04  3.116912E+01  1.318397E+04  7.974787E+03
  1.800000E+01  1.350000E+02    25  1.726621E+01 -8.567862E+01  1.301024E+00 -1.721713E+01
  1.800000E+01  1.350000E+02    26  1.756186E+01  8.908751E+01  2.796786E-01  1.755963E+01
  1.800000E+01  1.350000E+02    27  7.396505E-01 -1.782493E+02 -7.393053E-01 -2.259658E-02
  1.800000E+01  1.350000E+02    28  1.307763E+02  8.935252E+01  1.477831E+00  1.307679E+02
  1.800000E+01  1.350000E+02    29  1.270249E+02  9.817863E+01 -1.807053E+01  1.257330E+02
  1.800000E+01  1.350000E+02    30  5.083114E-01  1.748684E+02 -5.062740E-01  4.546550E-02
  1.800000E+01  1.800000E+02     1  1.675137E+02 -2.876611E+01  1.468411E+02 -8.061353E+01
  1.800000E+01  1.800000E+02     2  8.523940E+01  5.389918E+00  8.486252E+01  8.006804E+00
  1.800000E+01  1.800000E+02     3  1.107480E+02 -9.350089E+01 -6.762702E+00 -1.105413E+02
  1.800000E+01  1.800000E+02     4  1.371421E+03  5.399501E+00  1.365335E+03  1.290502E+02
  1.800000E+01  1.800000E+02     5  3.419361E+03  1.629825E+02 -3.269646E+03  1.000720E+03
  1.800000E+01  1.800000E+02     6  7.692156E+01 -1.728002E+02 -7.631505E+01 -9.640518E+00
  1.800000E+01  1.800000E+02     7  6.266152E+01  8.884805E+01  1.259748E+00  6.264885E+01
  1.800000E+01  1.800000E+02     8  1.007155E+02 -5.379079E+01  5.949620E+01 -8.126383E+01
  1.800000E+01  1.800000E+02     9  1.242225E+02  2.826417E+01  1.094119E+02  5.882400E+01
  1.800000E+01  1.800000E+02    10  1.019624E+03 -4.613750E+01  7.065281E+02 -7.351539E+02
  1.800000E+01  1.800000E+02    11  7.938962E+02 -1.115022E+02 -2.909925E+02 -7.386438E+02
  1.800000E+01  1.800000E+02    12  3.703408E+01 -8.983751E+01  1.050326E-01 -3.703393E+01
  1.800000E+01  1.800000E+02    13  5.340053E+01  1.134774E+02 -2.127406E+01  4.897990E+01
  1.800000E+01  1.800000E+02    14  9.724223E+01  1.258702E+02 -5.697914E+01  7.879993E+01
  1.800000E+01  1.800000E+02    15  1.246191E+02  2.802106E+01  1.100106E+02  5.854555E+01
  1.800000E+01  1.800000E+02    16  9.642922E+02  1.340059E+02 -6.699244E+02  6.935853E+02
  1.800000E+01  1.800000E+02    17  5.338317E+02 -7.416534E+01  1.456625E+02 -5.135744E+02
  1.800000E+01  1.800000E+02    18  3.966140E+01  9.154836E+01 -1.071673E+00  3.964692E+01
  1.800000E+01  1.800000E+02    19  3.916903E+02 -1.398844E+02 -2.995434E+02 -2.523788E+02
  1.800000E+01  1.800000E+02    20  1.346378E+02 -1.784195E+02 -1.345866E+02 -3.713514E+00
  1.800000E+01  1.800000E+02    21  1.853806E+02  1.778478E+02 -1.852498E+02  6.961717E+00
  1.800000E+01  1.800000E+02    22  1.180146E+02 -1.752010E+02 -1.176009E+02 -9.873210E+00
  1.800000E+01  1.800000E+02    23  4.902902E+03  4.210699E+01  3.637434E+03  3.287480E+03
  1.800000E+01  1.800000E+02    24  8.609046E+03  4.792142E+00  8.578951E+03  7.192098E+02
  1.800000E+01  1.800000E+02    25  2.491056E+01 -8.648077E+01  1.529097E+00 -2.486358E+01
  1.800000E+01  1.800000E+02    26  3.399827E-01 -1.758152E+02 -3.390763E-01 -2.480958E-02
  1.800000E+01  1.800000E+02    27  7.308563E-01  1.798360E+02 -7.308533E-01  2.091409E-03
  1.800000E+01  1.800000E+02    28  2.903652E+00 -1.671088E+02 -2.830467E+00 -6.478058E-01
  1.800000E+01  1.800000E+02    29  1.844358E+02  9.600686E+01 -1.930075E+01  1.834231E+02
  1.800000E+01  1.800000E+02    30  5.008944E-01  1.783541E+02 -5.006877E-01  1.438679E-02
