# t hubThetaX hubOmegaX hubAlphaX b1ThetaX b1OmegaX b1AlphaX b2ThetaX b2OmegaX b2AlphaX b3ThetaX b3OmegaX b3AlphaX
     0.00000   0.00000000E+00   0.00000000E+00   0.00000000E+00   0.00000000E+00   0.00000000E+00   0.00000000E+00   0.00000000E+00   0.00000000E+00   0.00000000E+00   0.00000000E+00   0.00000000E+00   0.00000000E+00
     0.10000   3.41777857E-06   1.56153937E-04  -5.56172961E-02   3.20758491E-06   1.60024445E-04  -6.01957453E-03   4.34133664E-05   8.85057948E-04  -6.86251888E-03  -3.69668957E-05  -5.63956214E-04  -5.12819126E-03
     0.20000   1.10741768E-05   6.32436156E-05  -2.22033731E-02   1.06285886E-05   5.26399474E-05   5.14282568E-02   8.91327339E-05  -1.27044592E-04   3.93425946E-02  -6.77007525E-05   2.33667021E-04   6.34221086E-02
     0.30000   1.99893787E-05   5.02459842E-05  -1.10251956E-02   1.97978705E-05   4.05871652E-05  -4.60280806E-02   3.56687582E-05  -7.35502351E-04  -4.27358771E-02   4.18486472E-06   8.16958696E-04  -4.92603253E-02
     0.40000   3.50742106E-05   2.70589564E-04   7.01137352E-02   3.48729961E-05   2.61371072E-04   1.67856869E-02   2.04349575E-05   5.74237301E-04   2.97713146E-02   4.95713555E-05  -5.15523755E-05   3.82448840E-03
     0.50000   5.66751288E-05   2.27579412E-04   1.58479692E-02   5.62097907E-05   2.26368488E-04  -2.72049534E-02   1.08324212E-04   9.15948956E-04  -3.43706937E-02   4.34364227E-06  -4.63528006E-04  -2.01475828E-02
     0.60000   7.99148040E-05   1.69540007E-04  -2.90124181E-02   7.96381156E-05   2.15156181E-04  -3.99142235E-03   1.46683858E-04  -2.46771157E-04  -1.45139399E-02   1.27262165E-05   6.75040028E-04   6.59318341E-03
     0.70000   1.07989961E-04   3.40856047E-04  -1.97029659E-02   1.07930996E-04   3.28136357E-04   5.92653785E-02   1.05957241E-04  -2.50507971E-04   6.86406775E-02   1.09802019E-04   9.04278341E-04   4.98632338E-02
     0.80000   1.44113584E-04   4.63131407E-04  -4.77270223E-02   1.43865791E-04   4.34266967E-04  -3.97326352E-02   1.42556653E-04   1.02272431E-03  -3.18391943E-02   1.44858236E-04  -1.55788658E-04  -4.76078245E-02
     0.90000   1.83654115E-04   3.56643406E-04   5.11446664E-02   1.83434342E-04   3.59537520E-04   2.49318137E-02   2.50847532E-04   8.09247375E-04   1.46058532E-02   1.15551445E-04  -9.17837646E-05   3.52927674E-02
     1.00000   2.27369849E-04   4.45703146E-04   3.88220593E-02   2.27445455E-04   4.47283719E-04  -3.62852108E-02   2.79796677E-04  -2.27008445E-04  -4.24137652E-02   1.74451141E-04   1.11970958E-03  -3.02799009E-02
     1.10000   2.80373429E-04   6.55295499E-04   5.41186767E-03   2.80293394E-04   6.72138390E-04  -3.37535805E-03   2.68367184E-04   3.77167003E-04   8.51343997E-03   2.91431860E-04   9.66330570E-04  -1.50670807E-02
     1.20000   3.40010436E-04   5.62509879E-04  -3.48619367E-02   3.39760188E-04   5.65249051E-04   3.13692630E-02   3.57092842E-04   1.30045927E-03   3.47232773E-02   3.21622335E-04  -1.69681260E-04   2.78875438E-02
     1.30000   4.04466899E-04   6.46772099E-04  -5.22692591E-02   4.04422692E-04   6.51332520E-04  -1.16754430E-02   4.79343986E-04   7.86981574E-04  -2.42339167E-02   3.28743080E-04   5.16282578E-04   8.96353900E-04
     1.40000   4.79335047E-04   8.94354519E-04   3.55741000E-02   4.79183556E-04   8.64983780E-04   4.39153694E-02   5.12990233E-04   1.11125434E-04   4.34292852E-02   4.44678168E-04   1.61961280E-03   4.44528444E-02
     1.50000   5.65012749E-04   9.03902005E-04   1.46772742E-02   5.64546884E-04   8.88683526E-04  -6.36168654E-02   5.50688918E-04   9.22973950E-04  -5.10830934E-02   5.77866418E-04   8.56767157E-04  -7.62327795E-02
     1.60000   6.58136290E-04   9.09963485E-04   4.18251742E-02   6.57695534E-04   9.44406119E-04   4.88405303E-03   6.95236411E-04   1.68539093E-03   2.48955028E-03   6.19880340E-04   2.06170787E-04   7.47950497E-03
     1.70000   7.63326290E-04   1.14183078E-03  -5.98994862E-03   7.62844972E-04   1.13897733E-03   2.31175641E-02   8.36681855E-04   9.47420858E-04   1.14434063E-02   6.88986824E-04   1.33286330E-03   3.46314427E-02
     1.80000   8.83947118E-04   1.33794542E-03  -6.52620062E-02   8.83064841E-04   1.33793096E-03  -9.31983737E-03   8.98503725E-04   6.50360761E-04  -4.50257336E-03   8.67856617E-04   2.02842458E-03  -1.41746567E-02
     1.90000   1.01670139E-03   1.33146871E-03  -1.43273605E-03   1.01567587E-03   1.32147986E-03   4.32218260E-02   1.00830440E-03   1.66416717E-03   5.36588844E-02   1.02360495E-03   9.82119851E-04   3.29627300E-02
     2.00000   1.16421762E-03   1.57574247E-03   1.38371961E-02   1.16323971E-03   1.55635397E-03  -4.55967616E-02   1.21896535E-03   2.16568744E-03  -5.24414728E-02   1.10837737E-03   9.49589226E-04  -3.89451706E-02
     2.10000   1.33170004E-03   1.86252970E-03   6.52011072E-02   1.33042209E-03   1.85903750E-03   1.57771803E-02   1.39526999E-03   1.38960316E-03   6.59610768E-03   1.26663851E-03   2.33042357E-03   2.51156955E-02
     2.20000   1.51869834E-03   1.87468035E-03  -3.90532181E-03   1.51710195E-03   1.89012417E-03  -1.89419458E-02   1.51780041E-03   1.39228897E-03  -9.81614558E-03   1.51769136E-03   2.39039149E-03  -2.82790675E-02
     2.30000   1.72413587E-03   2.14472902E-03  -3.65650304E-02   1.72259353E-03   2.17215133E-03   8.85954678E-03   1.72849503E-03   2.74753084E-03   1.57696442E-02   1.71822425E-03   1.59866154E-03   2.14264654E-03
     2.40000   1.95466339E-03   2.51129862E-03  -1.34873642E-02   1.95298476E-03   2.48036022E-03   5.41236864E-02   2.02140382E-03   2.84852542E-03   4.34869508E-02   1.88615783E-03   2.11171149E-03   6.47758754E-02
     2.50000   2.21276343E-03   2.70113849E-03  -2.57105822E-02   2.21074514E-03   2.68433717E-03  -4.45270843E-02   2.26048030E-03   2.03564431E-03  -4.87299433E-02   2.16255054E-03   3.33314936E-03  -4.05374059E-02
     2.60000   2.49576436E-03   2.93422486E-03   6.74317238E-02   2.49376730E-03   2.94124000E-03   2.37766211E-02   2.48575689E-03   2.71841198E-03   3.48418449E-02   2.50340275E-03   3.16522987E-03   1.28921231E-02
     2.70000   2.80953474E-03   3.33912305E-03   3.03195364E-02   2.80755974E-03   3.33638317E-03  -2.82382093E-02   2.83061207E-03   4.02633381E-03  -2.61775772E-02   2.78616592E-03   2.64509558E-03  -3.04149967E-02
     2.80000   3.15958206E-03   3.68799109E-03  -1.81166716E-02   3.15726521E-03   3.70983800E-03   5.13276730E-03   3.23059973E-03   3.77886280E-03  -6.52374320E-03   3.08530878E-03   3.63745660E-03   1.68271602E-02
     2.90000   3.54310947E-03   3.95481920E-03  -3.29946595E-02   3.54077976E-03   3.95263949E-03   3.96194912E-02   3.57226671E-03   3.25292865E-03   4.02044591E-02   3.51042803E-03   4.65159851E-03   3.90945665E-02
     3.00000   3.96408479E-03   4.45131499E-03  -2.49630560E-02   3.96185966E-03   4.44141082E-03  -7.66613970E-03   3.95253963E-03   4.52403522E-03   3.83279465E-03   3.97237023E-03   4.35936638E-03  -1.93878194E-02
     3.10000   4.43045273E-03   4.93151023E-03   4.63681959E-02   4.42788655E-03   4.90976411E-03   2.63513507E-02   4.46866864E-03   5.58186258E-03   2.30846096E-02   4.38813623E-03   4.23345253E-03   2.99039052E-02
     3.20000   4.94063810E-03   5.29829624E-03   2.04392245E-02   4.93802793E-03   5.29779318E-03  -5.62128245E-02   5.00802032E-03   5.06674953E-03  -6.67498390E-02   4.86854251E-03   5.52420492E-03  -4.58331749E-02
     3.30000   5.49633601E-03   5.78249838E-03   3.80420024E-02   5.49389314E-03   5.81286387E-03   2.90007616E-02   5.50770102E-03   5.19621651E-03   3.45417679E-02   5.48043344E-03   6.43122179E-03   2.35700224E-02
     3.40000   6.10672127E-03   6.39126296E-03  -2.65022071E-02   6.10390181E-03   6.38416633E-03   2.42018677E-02   6.10083124E-03   6.74466086E-03   3.33577397E-02   6.10753283E-03   6.02401532E-03   1.49050845E-02
     3.50000   6.77244313E-03   6.97720178E-03  -5.60233586E-02   6.76939008E-03   6.97625852E-03  -8.39184890E-03   6.82534394E-03   7.50539870E-03  -1.58198320E-02   6.71366251E-03   6.44044364E-03  -1.02374515E-03
     3.60000   7.49354746E-03   7.46344839E-03   3.32772163E-02   7.49077959E-03   7.45047263E-03   4.59835954E-02   7.55031997E-03   6.97617667E-03   3.84653577E-02   7.43084659E-03   7.92173839E-03   5.38266741E-02
     3.70000   8.27879502E-03   8.19478374E-03   2.71103372E-02   8.27578484E-03   8.17784936E-03  -4.56300045E-02   8.27596326E-03   7.75608824E-03  -3.66064900E-02   8.27541655E-03   8.60544461E-03  -5.49081518E-02
     3.80000   9.13141900E-03   8.93232527E-03   5.01544286E-02   9.12784972E-03   8.93940724E-03   1.74005009E-02   9.13727126E-03   9.49919437E-03   2.29589832E-02   9.11864239E-03   8.37902991E-03   1.17885310E-02
     3.90000   1.00510322E-02   9.46553767E-03  -8.58347782E-03   1.00476525E-02   9.48644554E-03   1.94106547E-03   1.01135765E-02   9.77903209E-03  -8.34213936E-03   9.98130604E-03   9.18386871E-03   1.24044534E-02
     4.00000   1.10447227E-02   1.03065935E-02  -3.73696685E-02   1.10414445E-02   1.03205404E-02   1.83310847E-02   1.10856998E-02   9.70153212E-03   1.51547326E-02   1.09961703E-02   1.09405703E-02   2.15075618E-02
     4.10000   1.21179365E-02   1.12289081E-02  -3.91613902E-03   1.21140301E-02   1.11846853E-02   4.41209163E-02   1.21070153E-02   1.10295274E-02   5.50832353E-02   1.21207353E-02   1.13496050E-02   3.31955029E-02
     4.20000   1.32710238E-02   1.19144612E-02   9.61684214E-03   1.32668578E-02   1.19101909E-02  -3.68951057E-02   1.32923468E-02   1.25544878E-02  -3.63307962E-02   1.32414061E-02   1.12601717E-02  -3.78336297E-02
     4.30000   1.45089008E-02   1.27571221E-02   7.47470955E-02   1.45050653E-02   1.27770124E-02   2.75880856E-02   1.45739373E-02   1.27873720E-02   1.67748490E-02   1.44350397E-02   1.27535168E-02   3.87095024E-02
     4.40000   1.58381784E-02   1.38423139E-02   7.91744001E-03   1.58341896E-02   1.38291503E-02  -2.36914628E-02   1.58612194E-02   1.31877874E-02  -2.20807811E-02   1.58055921E-02   1.44775527E-02  -2.51402910E-02
     4.50000   1.72610399E-02   1.46998873E-02  -1.96788844E-02   1.72563582E-02   1.47171194E-02   2.79020278E-02   1.72494901E-02   1.48457429E-02   3.84416916E-02   1.72628817E-02   1.45993474E-02   1.70654622E-02
     4.60000   1.87805046E-02   1.55860791E-02  -1.95249658E-02   1.87758022E-02   1.55893792E-02   4.57641082E-02   1.88174969E-02   1.61923304E-02   4.17993916E-02   1.87335677E-02   1.49706420E-02   4.96534559E-02
     4.70000   2.04027638E-02   1.68677739E-02  -7.29689272E-03   2.03985408E-02   1.68471006E-02  -1.79950065E-02   2.04627609E-02   1.65840875E-02  -2.76903861E-02   2.03318492E-02   1.70954441E-02  -8.11311763E-03
     4.80000   2.21324638E-02   1.78746656E-02   6.77661971E-02   2.21278576E-02   1.78530724E-02   2.90964006E-02   2.21388074E-02   1.73119119E-02   3.53889865E-02   2.21145506E-02   1.84104690E-02   2.30672830E-02
     4.90000   2.39716276E-02   1.88230380E-02   2.24113543E-02   2.39663221E-02   1.88393112E-02  -3.97976420E-02   2.39664036E-02   1.92146897E-02  -3.17721571E-02   2.39655013E-02   1.84702482E-02  -4.82355347E-02
     5.00000   2.59247988E-02   2.01876205E-02   2.04331191E-02   2.59198529E-02   2.02142694E-02   4.12486789E-02   2.59745519E-02   2.06617453E-02   3.33256258E-02   2.58631043E-02   1.97376152E-02   4.88970596E-02
     5.10000   2.79988732E-02   2.13974003E-02  -2.65676551E-02   2.79944407E-02   2.13837198E-02   3.30690509E-02   2.80473532E-02   2.09092735E-02   2.68360553E-02   2.79369674E-02   2.18481015E-02   3.99431789E-02
     5.20000   3.01959262E-02   2.25111192E-02  -3.50786031E-02   3.01908170E-02   2.25091530E-02  -7.15573300E-03   3.01897074E-02   2.21673151E-02   1.98945402E-03   3.01885496E-02   2.28779688E-02  -1.62949201E-02
     5.30000   3.25182554E-02   2.39019486E-02   5.80882513E-02   3.25125983E-02   2.38794404E-02   4.52537179E-02   3.25247132E-02   2.44185417E-02   4.95781772E-02   3.24987447E-02   2.33347942E-02   4.03452747E-02
     5.40000   3.49740303E-02   2.53083196E-02   3.99081570E-02   3.49691158E-02   2.53079395E-02  -3.62174678E-02   3.50310931E-02   2.55202988E-02  -4.64074164E-02   3.49024718E-02   2.50534463E-02  -2.59978115E-02
     5.50000   3.75665917E-02   2.65388522E-02   3.65263583E-02   3.75620671E-02   2.65683988E-02   2.63303933E-02   3.75993672E-02   2.59834917E-02   2.44185263E-02   3.75177081E-02   2.71583603E-02   2.89676782E-02
     5.60000   4.02960304E-02   2.79688189E-02  -1.84536228E-02   4.02905755E-02   2.79616009E-02   1.56421458E-02   4.02836043E-02   2.78767221E-02   2.61333851E-02   4.02933323E-02   2.80827414E-02   4.95063448E-03
     5.70000   4.31702596E-02   2.95657857E-02  -2.19691047E-02   4.31643707E-02   2.95665753E-02   3.09417092E-02   4.31910533E-02   3.01570328E-02   3.04778643E-02   4.31343749E-02   2.89491035E-02   3.05497422E-02
     5.80000   4.61946673E-02   3.09631823E-02   1.64246178E-02   4.61899059E-02   3.09549924E-02   3.86606505E-02   4.62522002E-02   3.09015285E-02   2.84407682E-02   4.61195215E-02   3.09605077E-02   4.93744804E-02
     5.90000   4.93678658E-02   3.24759209E-02   2.87581293E-02   4.93634361E-02   3.24649539E-02  -3.81150293E-02   4.93840669E-02   3.18895709E-02  -3.54966782E-02   4.93336393E-02   3.30718994E-02  -3.99220958E-02
     6.00000   5.26962726E-02   3.41196408E-02   8.12856519E-02   5.26902693E-02   3.41138679E-02   4.31766773E-02   5.26846085E-02   3.42902635E-02   5.27811964E-02   5.26914455E-02   3.39742290E-02   3.28077449E-02
     6.10000   5.61872158E-02   3.57002569E-02  -1.05855999E-02   5.61811116E-02   3.57207181E-02  -1.14311605E-02   5.62218826E-02   3.62430618E-02  -1.61346052E-02   5.61348243E-02   3.51412746E-02  -7.40664246E-03
     6.20000   5.98389326E-02   3.73171382E-02  -2.41133524E-02   5.98347687E-02   3.73495370E-02   3.67396562E-02   5.98905230E-02   3.70536895E-02   2.82394481E-02   5.97671923E-02   3.76057240E-02   4.62608582E-02
     6.30000   6.36555522E-02   3.90133043E-02   9.50064800E-03   6.36509211E-02   3.89712745E-02   5.52795640E-02   6.36571356E-02   3.85192255E-02   6.18681245E-02   6.36345357E-02   3.94884291E-02   4.92241152E-02
     6.40000   6.76454956E-02   4.08128029E-02   1.02512611E-02   6.76385730E-02   4.07881278E-02  -2.71100205E-02   6.76407707E-02   4.11768794E-02  -2.01921050E-02   6.76320320E-02   4.04186940E-02  -3.53159790E-02
     6.50000   7.18080078E-02   4.24877224E-02   7.35502328E-02   7.18022762E-02   4.25149283E-02   3.07191870E-02   7.18536625E-02   4.28670245E-02   2.26647769E-02   7.17421821E-02   4.20728971E-02   3.84595102E-02
     6.60000   7.61446620E-02   4.42069534E-02   2.77082331E-02   7.61412637E-02   4.42259982E-02  -1.36349519E-02   7.61850060E-02   4.37596044E-02  -1.86720369E-02   7.60821570E-02   4.46820153E-02  -7.06403930E-03
     6.70000   8.06636358E-02   4.61409631E-02   3.19647809E-03   8.06581250E-02   4.61258631E-02   4.77057499E-02   8.06548341E-02   4.58816042E-02   5.67615729E-02   8.06516439E-02   4.64650483E-02   3.86438403E-02
     6.80000   8.53661717E-02   4.79609164E-02  -2.84621779E-02   8.53586142E-02   4.79481484E-02   3.14958351E-02   8.53731043E-02   4.84574425E-02   3.44573427E-02   8.53395294E-02   4.74167025E-02   2.67530709E-02
     6.90000   9.02518112E-02   4.97547961E-02   1.65638266E-03   9.02472352E-02   4.97923347E-02   2.93252593E-03   9.03033794E-02   4.99110048E-02  -6.65093517E-03   9.01777657E-02   4.95600123E-02   1.30358151E-02
     7.00000   9.53272158E-02   5.17256782E-02   7.71959816E-02   9.53241634E-02   5.16937912E-02   4.43523964E-02   9.53528437E-02   5.11619569E-02   4.35672442E-02   9.52772994E-02   5.22674446E-02   4.69860869E-02
     7.10000   1.00595691E-01   5.37019473E-02   2.89917137E-02   1.00589008E-01   5.36624993E-02  -3.75970192E-02   1.00582649E-01   5.36634268E-02  -2.79541640E-02   1.00587135E-01   5.37683732E-02  -4.82847047E-02
     7.20000   1.06055936E-01   5.55133123E-02   3.19207380E-02   1.06048593E-01   5.55755243E-02   4.69048262E-02   1.06076704E-01   5.60911458E-02   4.54706738E-02   1.06014091E-01   5.49737650E-02   4.65212018E-02
     7.30000   1.11712152E-01   5.75156382E-02  -1.99551979E-02   1.11709161E-01   5.75502760E-02   2.93970002E-02   1.11763078E-01   5.74243625E-02   2.02249359E-02   1.11635877E-01   5.75637516E-02   4.00982738E-02
     7.40000   1.17569024E-01   5.96729618E-02  -1.69873461E-02   1.17565849E-01   5.96194836E-02   2.25272956E-02   1.17579459E-01   5.91381127E-02   2.60470916E-02   1.17532646E-01   6.02118860E-02   2.07825303E-02
     7.50000   1.23625833E-01   6.15369462E-02   4.65764342E-02   1.23618100E-01   6.14920148E-02   4.11814435E-02   1.23615228E-01   6.17209820E-02   4.93267933E-02   1.23614638E-01   6.13478624E-02   3.07856664E-02
     7.60000   1.29883892E-01   6.35516283E-02   4.30411245E-02   1.29877739E-01   6.36139797E-02  -3.31134082E-02   1.29917472E-01   6.40244164E-02  -3.83829962E-02   1.29827224E-01   6.30435150E-02  -2.92582486E-02
     7.70000   1.36348156E-01   6.57501083E-02   6.32199736E-02   1.36346935E-01   6.57776784E-02   4.54922319E-02   1.36392118E-01   6.54508325E-02   3.87238276E-02   1.36275709E-01   6.60335143E-02   5.51898834E-02
     7.80000   1.43019532E-01   6.77220569E-02  -1.93111630E-02   1.43015709E-01   6.76657264E-02   6.01015991E-03   1.43017318E-01   6.73349399E-02   1.26922853E-02   1.42995204E-01   6.81766665E-02   9.27204784E-05
     7.90000   1.49896897E-01   6.97577434E-02  -1.66835132E-02   1.49888592E-01   6.97721627E-02   4.50633496E-02   1.49894435E-01   7.01616834E-02   5.01838788E-02   1.49877488E-01   6.94009582E-02   3.65863547E-02
     8.00000   1.56984216E-01   7.19855888E-02   2.43232641E-02   1.56980241E-01   7.20264511E-02   4.62056908E-02   1.57026793E-01   7.22485815E-02   3.84314110E-02   1.56915469E-01   7.15828008E-02   5.38259085E-02
     8.10000   1.64284213E-01   7.41053246E-02   2.88103019E-02   1.64284552E-01   7.40855568E-02  -3.14483033E-02   1.64316515E-01   7.36455081E-02  -3.46061697E-02   1.64220720E-01   7.45427484E-02  -2.44710738E-02
     8.20000   1.71794539E-01   7.60815747E-02   7.83042336E-02   1.71789531E-01   7.60244867E-02   4.17667897E-02   1.71784568E-01   7.59055700E-02   5.00627099E-02   1.71778604E-01   7.63667338E-02   3.27246773E-02
     8.30000   1.79517126E-01   7.82959082E-02   1.12163313E-02   1.79509123E-01   7.83373652E-02  -1.62030251E-03   1.79526373E-01   7.87852294E-02  -5.28861003E-04   1.79485373E-01   7.77978369E-02  -6.86651932E-03
     8.40000   1.87456093E-01   8.05348869E-02  -8.98663007E-03   1.87455127E-01   8.06224758E-02   5.01196422E-02   1.87502029E-01   8.06210109E-02   4.18941298E-02   1.87379982E-01   8.03819972E-02   6.03575354E-02
     8.50000   1.95609256E-01   8.25424979E-02  -1.42016787E-02   1.95610471E-01   8.24802303E-02   3.21590353E-02   1.95627755E-01   8.20372370E-02   3.29550568E-02   1.95558100E-01   8.30649160E-02   3.53100168E-02
     8.60000   2.03975935E-01   8.47420726E-02   2.49695445E-02   2.03969442E-01   8.46675068E-02   1.11683393E-03   2.03964305E-01   8.47681360E-02   8.94785034E-03   2.03963201E-01   8.47790445E-02  -9.81650590E-03
     8.70000   2.12560732E-01   8.70006052E-02   8.53846779E-02   2.12554203E-01   8.70595730E-02   4.38416909E-02   2.12582318E-01   8.74542452E-02   4.12111828E-02   2.12514512E-01   8.64383423E-02   4.28907138E-02
     8.80000   2.21362794E-01   8.90750127E-02   1.67264199E-02   2.21365374E-01   8.91537941E-02  -3.45442666E-02   2.21406020E-01   8.89490692E-02  -4.15556014E-02   2.21285309E-01   8.91625129E-02  -2.33569568E-02
     8.90000   2.30379232E-01   9.11876672E-02   1.83482380E-02   2.30380286E-01   9.11272800E-02   5.69909222E-02   2.30384683E-01   9.07866927E-02   6.12783144E-02   2.30341522E-01   9.17431167E-02   5.57001705E-02
     9.00000   2.39613785E-01   9.34731156E-02  -1.85796961E-02   2.39605849E-01   9.34111509E-02   3.87977009E-02   2.39606169E-01   9.36836743E-02   4.44430529E-02   2.39598261E-01   9.32641800E-02   2.77410248E-02
     9.10000   2.49067390E-01   9.56761464E-02  -4.15321719E-03   2.49063982E-01   9.57819235E-02   1.37918953E-02   2.49099237E-01   9.60308663E-02   8.35897024E-03   2.49007246E-01   9.51819206E-02   1.74014491E-02
     9.20000   2.58736174E-01   9.77003098E-02   6.56815300E-02   2.58742216E-01   9.77182034E-02   3.32891971E-02   2.58771439E-01   9.73808452E-02   2.91771927E-02   2.58663423E-01   9.79836657E-02   4.36877765E-02
     9.30000   2.68621805E-01   9.99578763E-02   4.47018996E-02   2.68621315E-01   9.98380199E-02  -2.94244015E-02   2.68617268E-01   9.96728758E-02  -2.32502379E-02   2.68595901E-01   1.00379219E-01  -3.52276869E-02
     9.40000   2.78726874E-01   1.02194109E-01   4.28822248E-02   2.78718450E-01   1.02215501E-01   5.57267787E-02   2.78727554E-01   1.02570351E-01   5.82362009E-02   2.78703142E-01   1.01823617E-01   4.64613543E-02
     9.50000   2.89047926E-01   1.04215461E-01  -3.04042363E-02   2.89049387E-01   1.04364503E-01   1.37861844E-02   2.89085810E-01   1.04417996E-01   7.13345251E-03   2.88977025E-01   1.03890343E-01   2.15174265E-02
     9.60000   2.99583904E-01   1.06438846E-01  -6.32257774E-03   2.99592316E-01   1.06407037E-01   3.95803964E-02   2.99607646E-01   1.06038781E-01   3.89017213E-02   2.99520822E-01   1.06893976E-01   4.73617375E-02
     9.70000   3.10338263E-01   1.08703166E-01   4.06991808E-02   3.10335103E-01   1.08531865E-01   3.75219872E-02   3.10328410E-01   1.08564191E-01   4.40249654E-02   3.10320178E-01   1.08898838E-01   2.80752069E-02
     9.80000   3.21309206E-01   1.10769348E-01   3.62978090E-02   3.21302305E-01   1.10854425E-01  -3.21134266E-02   3.21320303E-01   1.11184667E-01  -3.31675092E-02   3.21273543E-01   1.10274186E-01  -3.79718904E-02
     9.90000   3.32493391E-01   1.12850041E-01   7.28872850E-02   3.32500767E-01   1.13005921E-01   4.99738466E-02   3.32531760E-01   1.12870511E-01   4.41317825E-02   3.32416713E-01   1.12747804E-01   6.07171844E-02
    10.00000   3.43893746E-01   1.15127376E-01  -8.90981632E-03   3.43902526E-01   1.15017205E-01   4.54585765E-04   3.43904785E-01   1.14722136E-01   2.90476676E-03   3.43843231E-01   1.15649281E-01   4.10636935E-03
    10.10000   3.55510774E-01   1.17272269E-01  -1.89669222E-02   3.55504834E-01   1.17173213E-01   4.93307700E-02   3.55500973E-01   1.17368683E-01   5.42907479E-02   3.55495214E-01   1.17289686E-01   3.77514915E-02
    10.20000   3.67340086E-01   1.19284076E-01   6.24807532E-03   3.67337266E-01   1.19422502E-01   3.59667161E-02   3.67361025E-01   1.19634117E-01   3.22757900E-02   3.67290989E-01   1.18747930E-01   3.46848772E-02
    10.30000   3.79382828E-01   1.21547444E-01   4.26319472E-02   3.79395876E-01   1.21622852E-01  -9.84137034E-03   3.79416042E-01   1.21358496E-01  -1.35686394E-02   3.79306158E-01   1.21639269E-01   2.12634341E-03
    10.40000   3.91641684E-01   1.23701985E-01   7.91803511E-02   3.91648480E-01   1.23521007E-01   3.57616485E-02   3.91641461E-01   1.23376325E-01   4.03344519E-02   3.91604165E-01   1.24190170E-01   3.45275479E-02
    10.50000   4.04112674E-01   1.25695604E-01   5.94411190E-05   4.04105211E-01   1.25682252E-01  -2.27599021E-02   4.04107731E-01   1.25960342E-01  -2.06097141E-02   4.04094113E-01   1.25511843E-01  -3.45781712E-02
    10.60000   4.16794510E-01   1.27870515E-01   8.57165650E-03   4.16798128E-01   1.28094581E-01   6.94338461E-02   4.16822167E-01   1.28133532E-01   6.45776763E-02   4.16732925E-01   1.27443958E-01   7.32056211E-02
    10.70000   4.29691081E-01   1.30086836E-01  -1.68924354E-02   4.29708074E-01   1.30055834E-01   2.95058687E-02   4.29714697E-01   1.29757616E-01   2.88609487E-02   4.29619909E-01   1.30358584E-01   4.05969184E-02
    10.80000   4.42800060E-01   1.32147239E-01   9.81912319E-03   4.42803156E-01   1.31938598E-01  -7.04425417E-04   4.42792379E-01   1.31972049E-01   4.06387610E-03   4.42773708E-01   1.32521765E-01  -6.83730815E-03
    10.90000   4.56118079E-01   1.34181699E-01   8.16439805E-02   4.56111476E-01   1.34239866E-01   3.90450447E-02   4.56120891E-01   1.34498567E-01   3.82453396E-02   4.56091603E-01   1.33797865E-01   2.91354191E-02
    11.00000   4.69648666E-01   1.36408811E-01   3.32758616E-02   4.69660036E-01   1.36625348E-01  -2.75322901E-02   4.69678105E-01   1.36492756E-01  -3.18554947E-02   4.69577725E-01   1.36121391E-01  -1.92075577E-02
    11.10000   4.83391876E-01   1.38498192E-01   1.93008838E-02   4.83410182E-01   1.38409507E-01   5.47660756E-02   4.83403911E-01   1.38178918E-01   5.69177026E-02   4.83330727E-01   1.38955882E-01   6.29685529E-02
    11.20000   4.97343295E-01   1.40486556E-01  -3.28315541E-02   4.97342169E-01   1.40303118E-01   2.18541957E-02   4.97333087E-01   1.40485024E-01   2.52289648E-02   4.97324263E-01   1.40684609E-01   1.16992984E-02
    11.30000   5.11504742E-01   1.42711654E-01   6.33278309E-03   5.11501958E-01   1.42871576E-01   3.66583663E-02   5.11515511E-01   1.43018435E-01   3.35175445E-02   5.11466880E-01   1.42227441E-01   3.06018525E-02
    11.40000   5.25878553E-01   1.44838215E-01   5.38756153E-02   5.25897583E-01   1.44971302E-01   2.40070679E-02   5.25904475E-01   1.44723041E-01   2.18393306E-02   5.25803135E-01   1.44716824E-01   3.55160929E-02
    11.50000   5.40460509E-01   1.46813396E-01   3.92701552E-02   5.40477233E-01   1.46625961E-01  -3.68506188E-02   5.40461755E-01   1.46539475E-01  -3.31244439E-02   5.40412119E-01   1.47322506E-01  -3.32273251E-02
    11.60000   5.55250119E-01   1.48909611E-01   6.01744667E-02   5.55245611E-01   1.48818385E-01   6.51904562E-02   5.55241842E-01   1.49071370E-01   6.60648208E-02   5.55233135E-01   1.48914539E-01   5.28197527E-02
    11.70000   5.70251045E-01   1.51108702E-01  -3.12697739E-02   5.70255010E-01   1.51352373E-01   4.19139451E-03   5.70267465E-01   1.51333021E-01   1.92111302E-04   5.70200591E-01   1.50620196E-01   3.23698771E-03
    11.80000   5.85460544E-01   1.53132946E-01  -1.67666177E-02   5.85485767E-01   1.53208211E-01   4.07501579E-02   5.85478852E-01   1.52937359E-01   4.12956354E-02   5.85386556E-01   1.53262543E-01   5.34038855E-02
    11.90000   6.00875966E-01   1.55130595E-01   3.18262395E-02   6.00888435E-01   1.54845014E-01   3.39310244E-02   6.00869244E-01   1.54930535E-01   3.77202884E-02   6.00840438E-01   1.55562673E-01   3.21162030E-02
    12.00000   6.16500760E-01   1.57365777E-01   4.85451896E-02   6.16495113E-01   1.57358046E-01  -1.57519033E-02   6.16497248E-01   1.57581326E-01  -1.76608226E-02   6.16480240E-01   1.57138441E-01  -2.80176775E-02
    12.10000   6.32334597E-01   1.59387766E-01   6.81955723E-02   6.32347578E-01   1.59680995E-01   3.71317757E-02   6.32352827E-01   1.59496652E-01   3.39779160E-02   6.32273107E-01   1.58998806E-01   4.15862682E-02
    12.20000   6.48373542E-01   1.61327507E-01  -1.39189082E-02   6.48402095E-01   1.61295599E-01  -1.75787266E-02   6.48382116E-01   1.61102922E-01  -1.45191903E-02   6.48306543E-01   1.61658077E-01  -6.22437313E-03
    12.30000   6.64619406E-01   1.63530773E-01  -6.51727924E-04   6.64625959E-01   1.63263266E-01   7.40910095E-02   6.64608574E-01   1.63491107E-01   7.63039049E-02   6.64594205E-01   1.63862419E-01   6.71310355E-02
    12.40000   6.81074260E-01   1.65640423E-01  -8.99555209E-03   6.81070899E-01   1.65738982E-01   2.88631403E-02   6.81076254E-01   1.65840290E-01   2.48926213E-02   6.81045657E-01   1.65236631E-01   1.90243894E-02
    12.50000   6.97734221E-01   1.67585041E-01   2.86033260E-02   6.97757062E-01   1.67853963E-01  -1.45540901E-02   6.97750015E-01   1.67561297E-01  -1.55185652E-02   6.97665623E-01   1.67355606E-01  -5.41564495E-03
    12.60000   7.14598728E-01   1.69646941E-01   8.88034047E-02   7.14626713E-01   1.69456269E-01   3.49585047E-02   7.14597553E-01   1.69418702E-01   3.94646341E-02   7.14542570E-01   1.70062997E-01   4.27635179E-02
    12.70000   7.31671258E-01   1.71822883E-01   1.29683799E-02   7.31671995E-01   1.71610010E-01  -1.95788414E-02   7.31660196E-01   1.71901632E-01  -2.00779863E-02   7.31652013E-01   1.71970470E-01  -3.03692289E-02
    12.80000   7.48949489E-01   1.73772824E-01   2.10001774E-03   7.48952343E-01   1.74051918E-01   6.81070362E-02   7.48955742E-01   1.73976595E-01   6.35103633E-02   7.48910379E-01   1.73358916E-01   6.26424215E-02
    12.90000   7.66430520E-01   1.75769492E-01  -2.87201470E-02   7.66462014E-01   1.75937338E-01   1.60740231E-02   7.66440171E-01   1.75631104E-01   1.80740328E-02   7.66360002E-01   1.75722576E-01   2.80549809E-02
    13.00000   7.84117610E-01   1.77993776E-01   2.07827087E-02   7.84141181E-01   1.77682311E-01   1.94358721E-02   7.84108622E-01   1.77828397E-01   2.37219914E-02   7.84073781E-01   1.78417605E-01   2.22655902E-02
    13.10000   8.02011031E-01   1.79959333E-01   6.77203524E-02   8.02008029E-01   1.79837010E-01   2.89940114E-02   8.02002605E-01   1.80089328E-01   2.55199223E-02   8.01992621E-01   1.79885764E-01   1.64001754E-02
    13.20000   8.20106474E-01   1.81896777E-01   3.33873312E-02   8.20118850E-01   1.82258929E-01  -3.21272223E-02   8.20114172E-01   1.82007382E-01  -3.56209172E-02   8.20056952E-01   1.81508381E-01  -3.21168276E-02
    13.30000   8.38405574E-01   1.84039987E-01   4.09335798E-02   8.38442546E-01   1.84092117E-01   6.36987681E-02   8.38406768E-01   1.83876008E-01   6.84225453E-02   8.38338392E-01   1.84203074E-01   7.61701587E-02
    13.40000   8.56911024E-01   1.86108344E-01  -4.48383284E-02   8.56927516E-01   1.85754514E-01   4.70414318E-03   8.56897417E-01   1.86054796E-01   7.00628999E-03   8.56878577E-01   1.86475083E-01   2.01435780E-03
    13.50000   8.75618597E-01   1.88048373E-01  -5.52299992E-03   8.75615687E-01   1.88105168E-01   4.65469932E-02   8.75614063E-01   1.88221983E-01   4.08991794E-02   8.75596442E-01   1.87833241E-01   3.47319332E-02
    13.60000   8.94527582E-01   1.90094344E-01   5.56197245E-02   8.94550998E-01   1.90415800E-01   2.95641070E-02   8.94532990E-01   1.90044501E-01   2.86980139E-02   8.94469868E-01   1.89753710E-01   3.48026187E-02
    13.70000   9.13641968E-01   1.92238139E-01   4.71284577E-02   9.13680002E-01   1.92114241E-01  -3.75152939E-02   9.13634272E-01   1.92069488E-01  -3.12592441E-02   9.13582443E-01   1.92525978E-01  -2.68986590E-02
    13.80000   9.32959196E-01   1.94135977E-01   5.27294601E-02   9.32968068E-01   1.93839911E-01   4.78956232E-02   9.32944551E-01   1.94214903E-01   4.70799359E-02   9.32935357E-01   1.94405655E-01   4.03095609E-02
    13.90000   9.52476221E-01   1.96115456E-01  -2.70327440E-02   9.52477876E-01   1.96337685E-01   5.35510096E-03   9.52474806E-01   1.96258673E-01  -1.01831000E-03   9.52447080E-01   1.95802423E-01  -3.41274274E-03
    14.00000   9.72196768E-01   1.98293813E-01  -3.86411810E-03   9.72230494E-01   1.98570954E-01   6.53833175E-02   9.72196304E-01   1.98176283E-01   6.79532036E-02   9.72134604E-01   1.98123563E-01   7.47709176E-02
    14.10000   9.92120836E-01   2.00259831E-01   4.60035181E-03   9.92155520E-01   1.99964315E-01   8.56204048E-03   9.92105779E-01   2.00125644E-01   1.45187318E-02   9.92071716E-01   2.00591262E-01   1.51878318E-02
    14.20000   1.01224396E+00   2.02188902E-01   4.63648026E-02   1.01224689E+00   2.01983202E-01  -1.34017676E-02   1.01223111E+00   2.02326468E-01  -1.75924343E-02   1.01222486E+00   2.02288543E-01  -2.40937956E-02
    14.30000   1.03256831E+00   2.04261127E-01   8.75260979E-02   1.03257829E+00   2.04585098E-01   5.01587849E-02   1.03256735E+00   2.04303733E-01   4.49582671E-02   1.03253068E+00   2.03896176E-01   4.58918986E-02
    14.40000   1.05309623E+00   2.06324125E-01  -1.40494260E-02   1.05313758E+00   2.06487453E-01  -2.79260296E-02   1.05308763E+00   2.06178272E-01  -2.22026325E-02   1.05303425E+00   2.06334345E-01  -1.63544946E-02
    14.50000   1.07382333E+00   2.08219578E-01  -8.30038456E-03   1.07385142E+00   2.07888700E-01   6.79705600E-02   1.07380387E+00   2.08233708E-01   7.20037492E-02   1.07378548E+00   2.08603576E-01   6.95769431E-02
    14.60000   1.09474949E+00   2.10238899E-01  -1.43995005E-02   1.09474972E+00   2.10150232E-01   2.76045192E-02   1.09473948E+00   2.10358534E-01   2.05747879E-02   1.09473080E+00   2.10146617E-01   1.58790854E-02
    14.70000   1.11587838E+00   2.12390696E-01   3.39509068E-02   1.11589896E+00   2.12751383E-01   7.08112012E-03   1.11587439E+00   2.12317655E-01   4.68778459E-03   1.11583292E+00   2.12046474E-01   8.09380671E-03
    14.80000   1.13720720E+00   2.14249968E-01   7.66726032E-02   1.13725220E+00   2.14234875E-01   1.72331139E-02   1.13719013E+00   2.14102022E-01   2.50280039E-02   1.13715004E+00   2.14392780E-01   2.85177402E-02
    14.90000   1.15873347E+00   2.16194366E-01   2.18188757E-02   1.15875336E+00   2.15854217E-01  -2.69457272E-02   1.15871283E+00   2.16309349E-01  -2.62964199E-02   1.15870570E+00   2.16517159E-01  -3.03286062E-02
    15.00000   1.18046080E+00   2.18329948E-01   1.81530863E-02   1.18046237E+00   2.18436830E-01   8.15327893E-02   1.18045276E+00   2.18438063E-01   7.32761231E-02   1.18043873E+00   2.18139934E-01   7.10812313E-02
    15.10000   1.20238888E+00   2.20286765E-01  -4.85978222E-02   1.20242051E+00   2.20627402E-01   3.58007484E-03   1.20237876E+00   2.20134339E-01   4.86725104E-03   1.20233825E+00   2.20042076E-01   9.28776442E-03
    15.20000   1.22451369E+00   2.22191255E-01   1.54636798E-02   1.22455782E+00   2.22025702E-01   2.92431806E-02   1.22448957E+00   2.22118326E-01   3.75551263E-02   1.22446496E+00   2.22448360E-01   3.82148890E-02
    15.30000   1.24683743E+00   2.24257371E-01   7.23511009E-02   1.24684929E+00   2.23916487E-01   2.73151609E-02   1.24681795E+00   2.24376230E-01   2.39498231E-02   1.24681677E+00   2.24404811E-01   1.97168753E-02
    15.40000   1.26936213E+00   2.26304825E-01   3.72547729E-02   1.26936921E+00   2.26558101E-01  -3.36501318E-02   1.26935387E+00   2.26330149E-01  -4.13592531E-02   1.26933452E+00   2.26042023E-01  -4.06863887E-02
    15.50000   1.29208388E+00   2.28120886E-01   3.82700916E-02   1.29212502E+00   2.28415383E-01   5.60851347E-02   1.29206568E+00   2.27974507E-01   6.13119852E-02   1.29203208E+00   2.28053750E-01   6.50098939E-02
    15.60000   1.31500247E+00   2.30148775E-01  -3.94542520E-02   1.31504150E+00   2.29854074E-01   3.58998924E-03   1.31497376E+00   2.30167138E-01   1.02449795E-02   1.31496393E+00   2.30445278E-01   8.60238736E-03
    15.70000   1.33812140E+00   2.32286729E-01  -1.68025205E-03   1.33812730E+00   2.32076808E-01   6.42152111E-02   1.33810417E+00   2.32431184E-01   5.74166516E-02   1.33810420E+00   2.32310179E-01   5.43249318E-02
    15.80000   1.36143846E+00   2.34118318E-01   2.71735739E-02   1.36145429E+00   2.34439578E-01   8.90250706E-03   1.36142709E+00   2.34015109E-01   3.52049773E-03   1.36140509E+00   2.33818080E-01   6.20263294E-03
    15.90000   1.38495086E+00   2.36068976E-01   5.71813271E-02   1.38499812E+00   2.36208958E-01  -2.84411306E-02   1.38492407E+00   2.35923040E-01  -2.00987287E-02   1.38490210E+00   2.36124437E-01  -1.81402534E-02
    16.00000   1.40866216E+00   2.38156532E-01   7.45609217E-02   1.40869299E+00   2.37787701E-01   5.34587952E-02   1.40863164E+00   2.38263415E-01   5.69603473E-02   1.40863360E+00   2.38423281E-01   5.37184643E-02
    16.10000   1.43257278E+00   2.40095955E-01  -3.88200911E-02   1.43257629E+00   2.40069901E-01  -1.25673236E-02   1.43255753E+00   2.40230650E-01  -2.17797195E-02   1.43255568E+00   2.40024525E-01  -2.25264179E-02
    16.20000   1.45667811E+00   2.41974667E-01  -9.60404175E-03   1.45670435E+00   2.42371991E-01   7.39182755E-02   1.45666085E+00   2.41830737E-01   7.23905847E-02   1.45664064E+00   2.41773022E-01   7.57832098E-02
    16.30000   1.48098061E+00   2.44046234E-01   5.21105922E-03   1.48102934E+00   2.43968019E-01   1.24704918E-02   1.48094609E+00   2.43906717E-01   2.21144460E-02   1.48093838E+00   2.44155377E-01   2.18182327E-02
    16.40000   1.50548291E+00   2.46094111E-01   4.71822900E-02   1.50550434E+00   2.45716169E-01  -6.52989978E-03   1.50545313E+00   2.46258739E-01  -7.01282134E-03   1.50546260E+00   2.46271563E-01  -1.04046324E-02
    16.50000   1.53018067E+00   2.47876281E-01   7.94104435E-02   1.53018604E+00   2.48009565E-01   3.39239211E-02   1.53016592E+00   2.47930100E-01   2.41381118E-02   1.53016140E+00   2.47719361E-01   2.56452999E-02
    16.60000   1.55507372E+00   2.49893979E-01   2.95964005E-03   1.55510985E+00   2.50258283E-01  -2.37127398E-02   1.55504837E+00   2.49707839E-01  -2.09827233E-02   1.55503502E+00   2.49796899E-01  -1.80010773E-02
    16.70000   1.58016624E+00   2.51991426E-01   3.92517736E-05   1.58021158E+00   2.51795951E-01   7.71513337E-02   1.58012602E+00   2.51980744E-01   8.64882646E-02   1.58013271E+00   2.52195395E-01   8.37980921E-02
    16.80000   1.60545571E+00   2.53839263E-01  -4.22283240E-02   1.60546872E+00   2.53528926E-01   8.75182075E-03   1.60542854E+00   2.54026381E-01   3.90882006E-03   1.60544109E+00   2.53905108E-01   1.82146497E-03
    16.90000   1.63093934E+00   2.55796344E-01   3.89956952E-02   1.63095030E+00   2.56055949E-01   2.92577663E-02   1.63092262E+00   2.55741971E-01   2.09861544E-02   1.63091697E+00   2.55602817E-01   2.43477649E-02
    17.00000   1.65662143E+00   2.57869778E-01   8.60283318E-02   1.65666466E+00   2.58074266E-01   1.58689457E-02   1.65658676E+00   2.57625702E-01   2.23572260E-02   1.65658476E+00   2.57829312E-01   2.36817431E-02
    17.10000   1.68250229E+00   2.59807664E-01   2.05669185E-02   1.68254041E+00   2.59521318E-01  -4.41373693E-02   1.68245939E+00   2.59921039E-01  -3.69652955E-02   1.68247827E+00   2.60033676E-01  -4.10317841E-02
    17.20000   1.70857757E+00   2.61645053E-01   2.31282911E-02   1.70858487E+00   2.61512483E-01   8.46994051E-02   1.70855361E+00   2.61861369E-01   7.63923764E-02   1.70856578E+00   2.61654727E-01   7.62914606E-02
    17.30000   1.73484986E+00   2.63738042E-01  -4.67242149E-02   1.73486865E+00   2.64060188E-01   1.25466952E-02   1.73482817E+00   2.63567913E-01   7.28431966E-03   1.73482482E+00   2.63555011E-01   1.16006013E-02
    17.40000   1.76132206E+00   2.65803398E-01   6.71660466E-03   1.76136829E+00   2.65869985E-01   3.83442894E-02   1.76127847E+00   2.65614209E-01   4.78166278E-02   1.76129071E+00   2.65869376E-01   4.66155436E-02
    17.50000   1.78799006E+00   2.67588765E-01   5.47325939E-02   1.78801878E+00   2.67218671E-01   4.53205402E-03   1.78794775E+00   2.67756502E-01   7.74297879E-03   1.78797493E+00   2.67728316E-01   3.52335543E-03
    17.60000   1.81485378E+00   2.69617238E-01   6.15076385E-02   1.81485895E+00   2.69626671E-01  -1.93875585E-02   1.81483213E+00   2.69754313E-01  -2.94273992E-02   1.81484224E+00   2.69534495E-01  -2.70581750E-02
    17.70000   1.84191784E+00   2.71698693E-01   5.51416214E-02   1.84194475E+00   2.72043332E-01   6.48467556E-02   1.84188840E+00   2.71466858E-01   6.35741159E-02   1.84189186E+00   2.71600207E-01   6.75593377E-02
    17.80000   1.86918055E+00   2.73580262E-01  -6.34731086E-02   1.86922523E+00   2.73523239E-01  -2.35281224E-02   1.86913012E+00   2.73512192E-01  -1.29858228E-02   1.86915721E+00   2.73740453E-01  -1.66239570E-02
    17.90000   1.89663906E+00   2.75534773E-01  -3.76481912E-03   1.89665797E+00   2.75219985E-01   8.12569446E-02   1.89659996E+00   2.75790045E-01   8.00894540E-02   1.89663078E+00   2.75620505E-01   7.68411651E-02
    18.00000   1.92429793E+00   2.77651777E-01   2.96753263E-02   1.92430439E+00   2.77735872E-01   2.02203580E-02   1.92427623E+00   2.77615527E-01   1.00158720E-02   1.92428483E+00   2.77461267E-01   1.47554507E-02
    18.10000   1.95215809E+00   2.79653915E-01   5.69596799E-02   1.95219172E+00   2.79933645E-01  -3.13434228E-02   1.95211934E+00   2.79384691E-01  -2.78292490E-02   1.95213412E+00   2.79644600E-01  -2.57516259E-02
    18.20000   1.98021511E+00   2.81458300E-01   8.09158304E-02   1.98025415E+00   2.81282081E-01   3.76127786E-02   1.98016107E+00   2.81516537E-01   4.66960091E-02   1.98020125E+00   2.81643358E-01   4.13457376E-02
    18.30000   2.00847080E+00   2.83562121E-01  -2.42617198E-02   2.00848132E+00   2.83346502E-01  -1.32896997E-02   2.00843631E+00   2.83837488E-01  -1.82319848E-02   2.00846658E+00   2.83565116E-01  -1.94103643E-02
    18.40000   2.03692873E+00   2.85661814E-01  -1.38648861E-02   2.03693931E+00   2.85892577E-01   9.54826038E-02   2.03690406E+00   2.85549588E-01   8.70613770E-02   2.03691391E+00   2.85526413E-01   9.33449275E-02
    18.50000   2.06558488E+00   2.87494233E-01  -2.96137409E-02   2.06562228E+00   2.87636260E-01  -2.66653811E-03   2.06553692E+00   2.87221753E-01   4.37497147E-03   2.06556638E+00   2.87551212E-01   3.84539875E-03
    18.60000   2.09443789E+00   2.89526690E-01   6.03294235E-02   2.09446820E+00   2.89252717E-01   6.18836904E-03   2.09438392E+00   2.89682021E-01   1.28696118E-02   2.09443329E+00   2.89655318E-01   6.52015496E-03
    18.70000   2.12349236E+00   2.91607815E-01   9.75962284E-02   2.12349711E+00   2.91475260E-01   2.94764457E-02   2.12346224E+00   2.91792992E-01   2.10663945E-02   2.12348927E+00   2.91488374E-01   2.31676007E-02
    18.80000   2.15274651E+00   2.93510297E-01  -1.02168895E-03   2.15276276E+00   2.93820324E-01  -4.05627481E-02   2.15271617E+00   2.93328163E-01  -4.51289385E-02   2.15273158E+00   2.93469927E-01  -3.91365342E-02
    18.90000   2.18219634E+00   2.95409570E-01   7.17514684E-03   2.18223347E+00   2.95470696E-01   9.32843118E-02   2.18214086E+00   2.95267275E-01   1.02217772E-01   2.18218621E+00   2.95585510E-01   9.87807949E-02
    19.00000   2.21184579E+00   2.97552017E-01  -5.17373141E-02   2.21186572E+00   2.97232844E-01   8.17547488E-03   2.21179505E+00   2.97766647E-01   1.11818773E-02   2.21184843E+00   2.97571707E-01   5.47199938E-03
    19.10000   2.24169592E+00   2.99565415E-01   2.22561785E-02   2.24169826E+00   2.99570496E-01   3.30893142E-02   2.24166861E+00   2.99659083E-01   2.34145954E-02   2.24169197E+00   2.99408490E-01   2.84995283E-02
    19.20000   2.27174161E+00   3.01346388E-01   8.30584375E-02   2.27176322E+00   3.01591995E-01   7.91418429E-03   2.27170362E+00   3.01054970E-01   7.02497177E-03   2.27172938E+00   3.01353484E-01   1.17994667E-02
    19.30000   2.30198445E+00   3.03443452E-01   5.33259255E-02   2.30201693E+00   3.03370703E-01  -3.61029475E-02   2.30192434E+00   3.03409255E-01  -2.61292621E-02   2.30198414E+00   3.03629996E-01  -3.26810480E-02
    19.40000   2.33242812E+00   3.05485370E-01   3.01227147E-02   2.33243794E+00   3.05254556E-01   7.93107586E-02   2.33238281E+00   3.05781699E-01   7.75677805E-02   2.33243498E+00   3.05448641E-01   7.45046590E-02
    19.50000   2.36306838E+00   3.07313956E-01  -7.83625216E-02   2.36307158E+00   3.07455014E-01  -7.82104904E-03   2.36304152E+00   3.07312014E-01  -1.67015598E-02   2.36306326E+00   3.07194047E-01  -9.66461381E-03
    19.60000   2.39390375E+00   3.09337816E-01   1.08223971E-02   2.39392842E+00   3.09514901E-01   7.33459247E-02   2.39385735E+00   3.09043372E-01   7.66525287E-02   2.39389742E+00   3.09447778E-01   7.84666791E-02
    19.70000   2.42493922E+00   3.11430398E-01   5.41650403E-02   2.42496319E+00   3.11189482E-01   3.99333604E-03   2.42487797E+00   3.11446674E-01   1.20800042E-02   2.42494821E+00   3.11501819E-01   4.29278691E-03
    19.80000   2.45617309E+00   3.13328344E-01   5.87622898E-02   2.45617497E+00   3.13202375E-01  -4.02329855E-02   2.45613422E+00   3.13618674E-01  -4.50648939E-02   2.45618123E+00   3.13216472E-01  -4.52876194E-02
    19.90000   2.48760142E+00   3.15166832E-01   7.17183515E-02   2.48760750E+00   3.15391561E-01   6.22979804E-02   2.48757218E+00   3.15065561E-01   5.51267361E-02   2.48759633E+00   3.15130989E-01   6.34575602E-02
    20.00000   2.51922846E+00   3.17312531E-01  -5.10576533E-02   2.51925238E+00   3.17387342E-01  -1.35732230E-02   2.51917438E+00   3.17073639E-01  -6.75893348E-03   2.51923057E+00   3.17499418E-01  -8.78013416E-03
    20.10000   2.55105593E+00   3.19329702E-01  -2.03600673E-02   2.55106927E+00   3.19098632E-01   8.90636459E-02   2.55099731E+00   3.19502601E-01   9.39680990E-02   2.55107221E+00   3.19362551E-01   8.63423334E-02
    20.20000   2.58307963E+00   3.21145359E-01   5.18177860E-04   2.58307669E+00   3.21088846E-01   2.14999095E-03   2.58304658E+00   3.21321837E-01  -5.19983515E-03   2.58308680E+00   3.20942369E-01  -1.73141376E-03
    20.30000   2.61530167E+00   3.23263864E-01   7.89057994E-02   2.61531059E+00   3.23461569E-01  -1.04508193E-02   2.61526734E+00   3.23040745E-01  -1.34558078E-02   2.61529884E+00   3.23295722E-01  -6.52477133E-03
    20.40000   2.64772652E+00   3.25307156E-01   9.76866047E-02   2.64774536E+00   3.25248327E-01   3.34202064E-02   2.64766699E+00   3.25142170E-01   4.07359653E-02   2.64773831E+00   3.25493807E-01   3.59710564E-02
    20.50000   2.68035170E+00   3.27191593E-01  -3.55651633E-02   2.68035444E+00   3.27034272E-01  -4.04928371E-02   2.68029896E+00   3.27486610E-01  -3.86750621E-02   2.68037230E+00   3.27168320E-01  -4.51619710E-02
    20.60000   2.71317552E+00   3.29194636E-01  -8.53058037E-03   2.71317075E+00   3.29291972E-01   1.19498095E-01   2.71314628E+00   3.29316679E-01   1.11586706E-01   2.71318070E+00   3.29051652E-01   1.18313464E-01
    20.70000   2.74620327E+00   3.31366365E-01  -4.30709960E-02   2.74621318E+00   3.31457504E-01   1.17712287E-03   2.74616236E+00   3.31046493E-01   1.58538562E-03   2.74620552E+00   3.31448481E-01   6.34289209E-03
    20.80000   2.77943468E+00   3.33375415E-01   4.62145538E-02   2.77944513E+00   3.33231266E-01   3.77567176E-03   2.77937348E+00   3.33330556E-01   1.11056739E-02   2.77945598E+00   3.33526147E-01   3.36763995E-03
    20.90000   2.81286437E+00   3.35190071E-01   1.12654457E-01   2.81285849E+00   3.35066887E-01   2.50747519E-02   2.81281968E+00   3.35465433E-01   2.28530899E-02   2.81288616E+00   3.35030921E-01   1.99468348E-02
    21.00000   2.84649392E+00   3.37329041E-01   2.47097751E-02   2.84648969E+00   3.37495538E-01  -4.55219262E-02   2.84646611E+00   3.37339448E-01  -5.14894865E-02   2.84649797E+00   3.37253913E-01  -4.35449489E-02
    21.10000   2.88032426E+00   3.39336000E-01   3.33401181E-03   2.88033245E+00   3.39399650E-01   9.96215030E-02   2.88027732E+00   3.39090319E-01   1.02481685E-01   2.88033445E+00   3.39560483E-01   1.04181874E-01
    21.20000   2.91434863E+00   3.41125609E-01  -9.01682439E-02   2.91434928E+00   3.40950478E-01  -8.10120385E-03   2.91429037E+00   3.41204440E-01  -2.58499233E-03   2.91437802E+00   3.41198209E-01  -1.14404799E-02
    21.30000   2.94856490E+00   3.43155986E-01   2.99851052E-02   2.94855350E+00   3.43124258E-01   6.33667831E-02   2.94852867E+00   3.43389771E-01   5.91785431E-02   2.94858536E+00   3.42930905E-01   5.96758222E-02
    21.40000   2.98297545E+00   3.45136308E-01   9.25977795E-02   2.98297236E+00   3.45226038E-01   5.64544011E-03   2.98294643E+00   3.44958618E-01   1.30331666E-03   2.98298037E+00   3.45075007E-01   1.00836570E-02
    21.50000   3.01757492E+00   3.46899916E-01   4.74358127E-02   3.01757835E+00   3.46887874E-01  -7.33497885E-02   3.01752419E+00   3.46739219E-01  -6.78691261E-02   3.01759496E+00   3.47179922E-01  -7.07236634E-02
    21.60000   3.05235726E+00   3.48645794E-01   5.43453006E-02   3.05234819E+00   3.48537487E-01   9.64639417E-02   3.05230566E+00   3.48862903E-01   9.85065444E-02   3.05239172E+00   3.48656145E-01   9.11503560E-02
    21.70000   3.08732487E+00   3.50651858E-01  -8.92580121E-02   3.08731080E+00   3.50710392E-01  -7.31273302E-03   3.08729572E+00   3.50807827E-01  -1.21993530E-02   3.08734229E+00   3.50419287E-01  -8.55169989E-03
    21.80000   3.12247602E+00   3.52480025E-01  -1.94242759E-02   3.12247305E+00   3.52562976E-01   8.07829996E-02   3.12244411E+00   3.52272852E-01   7.95649279E-02   3.12248450E+00   3.52566252E-01   8.65036318E-02
    21.90000   3.15780385E+00   3.54070597E-01   4.10567990E-02   3.15779968E+00   3.53912539E-01  -7.04090951E-03   3.15775257E+00   3.53936283E-01  -2.00531984E-03   3.15783369E+00   3.54258158E-01  -7.27218630E-03
    22.00000   3.19330867E+00   3.55988489E-01   8.98555380E-02   3.19329124E+00   3.55916905E-01  -4.03238519E-02   3.19326586E+00   3.56223366E-01  -4.02444989E-02   3.19334428E+00   3.55863100E-01  -4.61564569E-02
    22.10000   3.22899197E+00   3.57746105E-01   8.88345636E-02   3.22897726E+00   3.57871970E-01   6.04523880E-02   3.22896743E+00   3.57812276E-01   5.52196034E-02   3.22900606E+00   3.57570589E-01   6.21560562E-02
    22.20000   3.26484685E+00   3.59310235E-01  -7.97669327E-02   3.26484194E+00   3.59367164E-01  -4.21788986E-02   3.26481199E+00   3.59140028E-01  -4.01443041E-02   3.26486166E+00   3.59544099E-01  -3.65461387E-02
    22.30000   3.30087036E+00   3.61076726E-01  -2.14843225E-02   3.30085683E+00   3.60932994E-01   1.20587459E-01   3.30082217E+00   3.61094937E-01   1.24294386E-01   3.30090817E+00   3.61239823E-01   1.17437578E-01
    22.40000   3.33706588E+00   3.62890011E-01  -1.92487227E-02   3.33704237E+00   3.62825556E-01  -1.58326253E-03   3.33703233E+00   3.63039624E-01  -4.18518379E-03   3.33709901E+00   3.62604203E-01  -6.69692446E-03
    22.50000   3.37342892E+00   3.64469329E-01   6.79672378E-02   3.37341462E+00   3.64600199E-01  -2.83338564E-02   3.37340674E+00   3.64434052E-01  -3.09259321E-02   3.37344117E+00   3.64378059E-01  -2.37027761E-02
    22.60000   3.40995393E+00   3.65965731E-01   1.23669765E-01   3.40994435E+00   3.65908288E-01   3.26592074E-02   3.40991741E+00   3.65802177E-01   3.53930945E-02   3.40997677E+00   3.66229109E-01   3.65741626E-02
    22.70000   3.44664422E+00   3.67785772E-01  -1.98181060E-02   3.44662090E+00   3.67675384E-01  -4.76859554E-02   3.44660226E+00   3.67911858E-01  -4.56111213E-02   3.44668658E+00   3.67861746E-01  -5.33487276E-02
    22.80000   3.48349883E+00   3.69375092E-01  -2.82473101E-02   3.48347195E+00   3.69473410E-01   1.15619086E-01   3.48347381E+00   3.69553233E-01   1.12118516E-01   3.48352709E+00   3.69134256E-01   1.13041536E-01
    22.90000   3.52051106E+00   3.70819224E-01  -7.61773006E-02   3.52049682E+00   3.70888511E-01  -8.18064556E-03   3.52048961E+00   3.70689285E-01  -8.90763070E-03   3.52052385E+00   3.70813210E-01  -1.88575681E-03
    23.00000   3.55768177E+00   3.72586309E-01   5.83626680E-02   3.55766478E+00   3.72427024E-01   2.84554711E-02   3.55764580E+00   3.72462313E-01   3.21816625E-02   3.55771267E+00   3.72824598E-01   2.97341997E-02
    23.10000   3.59501296E+00   3.74146719E-01   1.07786734E-01   3.59498094E+00   3.74027871E-01   1.04960807E-03   3.59497947E+00   3.74261268E-01   1.29414981E-04   3.59505584E+00   3.74042615E-01  -5.82587688E-03
    23.20000   3.63249815E+00   3.75540118E-01   2.13398318E-02   3.63247063E+00   3.75736954E-01  -6.90309205E-02   3.63248029E+00   3.75681458E-01  -7.17692347E-02   3.63252101E+00   3.75358472E-01  -6.85814476E-02
    23.30000   3.67013550E+00   3.77099843E-01   2.08521686E-02   3.67011969E+00   3.77151963E-01   1.14651368E-01   3.67011400E+00   3.76993474E-01   1.16001149E-01   3.67015118E+00   3.77252944E-01   1.21418563E-01
    23.40000   3.70792887E+00   3.78781217E-01  -1.05025991E-01   3.70790258E+00   3.78571785E-01  -1.01367023E-02   3.70789614E+00   3.78730686E-01  -7.82568234E-03   3.70796613E+00   3.78960030E-01  -1.23556249E-02
    23.50000   3.74587371E+00   3.80207435E-01   1.57171616E-03   3.74583554E+00   3.80198434E-01   5.75867162E-02   3.74584994E+00   3.80359259E-01   5.57412432E-02   3.74591355E+00   3.80032940E-01   5.15950038E-02
    23.60000   3.78396528E+00   3.81582373E-01   8.39084431E-02   3.78393872E+00   3.81713036E-01  -8.25112835E-03   3.78395262E+00   3.81556319E-01  -1.04476153E-02   3.78398344E+00   3.81381245E-01  -5.02543999E-03
    23.70000   3.82220732E+00   3.83260308E-01   7.68092841E-02   3.82218759E+00   3.83209621E-01  -5.67459675E-02   3.82218603E+00   3.83150839E-01  -5.35397298E-02   3.82222745E+00   3.83473319E-01  -5.11872279E-02
    23.80000   3.86059861E+00   3.84624776E-01   4.78134766E-02   3.86056277E+00   3.84472264E-01   7.42948271E-02   3.86057204E+00   3.84704342E-01   7.50995965E-02   3.86063942E+00   3.84767498E-01   6.97203338E-02
    23.90000   3.89913281E+00   3.85960146E-01  -1.02958694E-01   3.89909174E+00   3.86080172E-01  -2.20508292E-02   3.89911887E+00   3.86123254E-01  -2.56326670E-02   3.89916699E+00   3.85767583E-01  -2.67066350E-02
    24.00000   3.93781186E+00   3.87594644E-01  -1.20456356E-02   3.93778636E+00   3.87716110E-01   1.05323384E-01   3.93780227E+00   3.87517543E-01   1.06066105E-01   3.93782667E+00   3.87505110E-01   1.11131123E-01
    24.10000   3.97663811E+00   3.89043783E-01   1.47530979E-02   3.97661203E+00   3.88829737E-01  -2.37275754E-02   3.97661830E+00   3.88899068E-01  -2.09739641E-02   3.97666299E+00   3.89203970E-01  -2.07424488E-02
    24.20000   4.01560578E+00   3.90335646E-01   8.48499378E-02   4.01556175E+00   3.90234651E-01  -3.85077980E-02   4.01558793E+00   3.90474205E-01  -3.93738223E-02   4.01564669E+00   3.90375718E-01  -4.46455055E-02
    24.30000   4.05471490E+00   3.91765424E-01   1.03921661E-01   4.05467363E+00   3.91944749E-01   5.08857984E-02   4.05470935E+00   3.91855691E-01   4.76357027E-02   4.05474159E+00   3.91550185E-01   4.90352737E-02
    24.40000   4.09397031E+00   3.93348670E-01  -6.80226134E-02   4.09394472E+00   3.93441107E-01  -4.34779121E-02   4.09396220E+00   3.93269736E-01  -4.13830215E-02   4.09398342E+00   3.93395506E-01  -3.69782999E-02
    24.50000   4.13336784E+00   3.94641478E-01  -3.98011063E-02   4.13333394E+00   3.94450329E-01   1.13674238E-01   4.13335186E+00   3.94643062E-01   1.16883350E-01   4.13339667E+00   3.94858761E-01   1.14333798E-01
    24.60000   4.17290468E+00   3.96025146E-01  -3.66125863E-02   4.17285490E+00   3.95942270E-01  -7.09407279E-03   4.17289697E+00   3.96120384E-01  -1.10491397E-02   4.17294198E+00   3.95902530E-01  -1.41174041E-02
    24.70000   4.21258642E+00   3.97674986E-01   8.41013613E-02   4.21254682E+00   3.97853825E-01   2.84673386E-03   4.21258696E+00   3.97654506E-01   1.54970581E-03   4.21260506E+00   3.97459643E-01   4.14701735E-03
    24.80000   4.25241312E+00   3.98960356E-01   1.03521496E-01   4.25238572E+00   3.98934367E-01  -6.14605578E-03   4.25240610E+00   3.98850412E-01  -2.47635878E-03   4.25242621E+00   3.99059333E-01   1.48459701E-04
    24.90000   4.29238121E+00   4.00305798E-01  -9.69935163E-03   4.29233913E+00   4.00153158E-01  -4.84893878E-02   4.29237168E+00   4.00433212E-01  -4.77819736E-02   4.29241185E+00   4.00512622E-01  -5.10910333E-02
    25.00000   4.33249559E+00   4.01923802E-01  -1.20913766E-02   4.33244273E+00   4.01982897E-01   1.32699928E-01   4.33249763E+00   4.02046025E-01   1.28825269E-01   4.33252555E+00   4.01776497E-01   1.27144165E-01
    25.10000   4.37276051E+00   4.03449763E-01  -1.08098432E-01   4.37272338E+00   4.03603134E-01  -2.25673472E-02   4.37276456E+00   4.03341506E-01  -2.29648573E-02   4.37277171E+00   4.03288157E-01  -1.89932861E-02
    25.20000   4.41317291E+00   4.04846772E-01   4.14409592E-02   4.41314183E+00   4.04735128E-01   4.21511893E-02   4.41316769E+00   4.04779245E-01   4.72934565E-02   4.41318697E+00   4.04997003E-01   4.70739286E-02
    25.30000   4.45373579E+00   4.06371173E-01   1.16068594E-01   4.45368623E+00   4.06156787E-01  -1.07355431E-02   4.45373458E+00   4.06461247E-01  -1.25458175E-02   4.45376478E+00   4.06395410E-01  -1.56621257E-02
    25.40000   4.49445553E+00   4.08068177E-01   5.83928406E-02   4.49440272E+00   4.08232570E-01  -5.35804369E-02   4.49446575E+00   4.08154383E-01  -5.78346766E-02   4.49447574E+00   4.07910258E-01  -5.70416639E-02
    25.50000   4.53532993E+00   4.09434845E-01   1.42852172E-02   4.53529552E+00   4.09614481E-01   8.96691501E-02   4.53533570E+00   4.09356404E-01   9.22285441E-02   4.53533565E+00   4.09436634E-01   9.51084872E-02
    25.60000   4.57635653E+00   4.10974722E-01  -1.17562898E-01   4.57632076E+00   4.10815393E-01  -1.55287628E-02   4.57635502E+00   4.10995473E-01  -1.19125346E-02   4.57637176E+00   4.11149127E-01  -1.35292795E-02
    25.70000   4.61753984E+00   4.12735765E-01   9.19773304E-03   4.61748537E+00   4.12588964E-01   1.03735874E-01   4.61754825E+00   4.12847747E-01   1.00765309E-01   4.61756383E+00   4.12665139E-01   9.81880005E-02
    25.80000   4.65887882E+00   4.14157545E-01   4.83938183E-02   4.65882952E+00   4.14295324E-01  -4.12884285E-02   4.65889524E+00   4.14083116E-01  -4.51703109E-02   4.65888907E+00   4.13931875E-01  -4.21784548E-02
    25.90000   4.70036732E+00   4.15577234E-01   1.02122815E-01   4.70033545E+00   4.15688756E-01  -4.27941107E-02   4.70037436E+00   4.15504450E-01  -3.80124814E-02   4.70037027E+00   4.15671758E-01  -3.70630277E-02
    26.00000   4.74200777E+00   4.17171839E-01   7.56748904E-02   4.74196688E+00   4.16982462E-01   6.18561181E-02   4.74201219E+00   4.17272288E-01   6.42435248E-02   4.74202283E+00   4.17308042E-01   6.12135854E-02
    26.10000   4.78380216E+00   4.18746416E-01  -1.07276627E-01   4.78374601E+00   4.18743419E-01  -2.68809289E-02   4.78382024E+00   4.18894580E-01  -3.22706466E-02   4.78381800E+00   4.18654861E-01  -3.21698561E-02
    26.20000   4.82574427E+00   4.20096109E-01  -3.23508237E-02   4.82570064E+00   4.20307944E-01   1.23071917E-01   4.82576450E+00   4.20003807E-01   1.22120286E-01   4.82574553E+00   4.19983681E-01   1.24916207E-01
    26.30000   4.86783461E+00   4.21662127E-01  -1.72882690E-03   4.86780367E+00   4.21589528E-01  -3.09639032E-02   4.86784292E+00   4.21528761E-01  -2.58142032E-02   4.86783610E+00   4.21714698E-01  -2.64720044E-02
    26.40000   4.91007744E+00   4.23310151E-01   1.08184778E-01   4.91003184E+00   4.23103989E-01  -1.14910533E-02   4.91008944E+00   4.23447729E-01  -1.10652804E-02   4.91008940E+00   4.23346068E-01  -1.41874905E-02
    26.50000   4.95246816E+00   4.24538922E-01   9.31575838E-02   4.95241412E+00   4.24622773E-01   5.11987127E-03   4.95249460E+00   4.24626678E-01  -8.93440174E-04   4.95247375E+00   4.24406555E-01   1.26385335E-03
    26.60000   4.99500409E+00   4.26038735E-01  -3.88216221E-02   4.99496710E+00   4.26283226E-01  -2.65223385E-02   4.99502576E+00   4.25952602E-01  -2.51701391E-02   4.99499831E+00   4.26063810E-01  -2.28589891E-02
    26.70000   5.03769093E+00   4.27709653E-01  -3.27144392E-02   5.03765922E+00   4.27599803E-01   1.33886440E-01   5.03770119E+00   4.27682580E-01   1.39502035E-01   5.03769104E+00   4.27813715E-01   1.36539582E-01
    26.80000   5.08052722E+00   4.29102679E-01  -8.72500476E-02   5.08047895E+00   4.28915028E-01  -3.78392770E-02   5.08054778E+00   4.29240180E-01  -4.05972876E-02   5.08053298E+00   4.29023709E-01  -4.20109123E-02
    26.90000   5.12350710E+00   4.30481772E-01   9.31854238E-02   5.12345876E+00   4.30622224E-01   3.71544398E-02   5.12353941E+00   4.30476422E-01   3.24601358E-02   5.12350202E+00   4.30345423E-01   3.57783867E-02
    27.00000   5.16663505E+00   4.32060767E-01   1.19532662E-01   5.16660409E+00   4.32157469E-01  -2.32818896E-02   5.16665606E+00   4.31871267E-01  -2.00111099E-02   5.16662429E+00   4.32076141E-01  -1.91109662E-02
    27.10000   5.20991308E+00   4.33569322E-01   1.44231265E-02   5.20987979E+00   4.33468022E-01  -4.35231930E-02   5.20992673E+00   4.33679045E-01  -3.90825029E-02   5.20991100E+00   4.33698204E-01  -4.31811663E-02
    27.20000   5.25333482E+00   4.34811544E-01  -2.05281872E-02   5.25328715E+00   4.34776859E-01   1.11374769E-01   5.25336386E+00   4.35014947E-01   1.06595609E-01   5.25333196E+00   4.34739989E-01   1.07103318E-01
    27.30000   5.29690157E+00   4.36421777E-01  -1.06487678E-01   5.29686120E+00   4.36580373E-01  -1.40428780E-02   5.29693631E+00   4.36317704E-01  -1.70356909E-02   5.29688672E+00   4.36319890E-01  -1.30203071E-02
    27.40000   5.34061777E+00   4.38032510E-01   4.47140141E-02   5.34059131E+00   4.38033187E-01   7.65589491E-02   5.34063699E+00   4.37849902E-01   8.17103567E-02   5.34060379E+00   4.38083234E-01   8.02089691E-02
    27.50000   5.38447797E+00   4.39235215E-01   7.33363911E-02   5.38444365E+00   4.39052940E-01  -6.03882721E-02   5.38449663E+00   4.39343711E-01  -5.86209346E-02   5.38447222E+00   4.39227477E-01  -6.24687866E-02
    27.60000   5.42847958E+00   4.40697723E-01   9.32736442E-02   5.42843612E+00   4.40769842E-01  -2.06758061E-02   5.42851549E+00   4.40875412E-01  -2.57380450E-02   5.42846671E+00   4.40615179E-01  -2.33546111E-02
    27.70000   5.47262764E+00   4.42254801E-01   2.73801803E-02   5.47259603E+00   4.42426586E-01   7.39917309E-02   5.47266133E+00   4.42106081E-01   7.26141918E-02   5.47260502E+00   4.42247363E-01   7.64993198E-02
    27.80000   5.51691918E+00   4.43607002E-01  -1.32692188E-01   5.51689601E+00   4.43594130E-01  -3.04838580E-02   5.51693713E+00   4.43545025E-01  -2.44223966E-02   5.51690345E+00   4.43733735E-01  -2.83896308E-02
    27.90000   5.56134683E+00   4.44896657E-01   1.32890785E-03   5.56131329E+00   4.44765572E-01   1.24334487E-01   5.56137166E+00   4.45069137E-01   1.23633809E-01   5.56133568E+00   4.44833495E-01   1.21065262E-01
    28.00000   5.60591273E+00   4.46414394E-01   3.47008217E-02   5.60587659E+00   4.46439325E-01  -5.27684282E-02   5.60595271E+00   4.46400221E-01  -5.82471772E-02   5.60588983E+00   4.46223796E-01  -5.36867225E-02
    28.10000   5.65061661E+00   4.47797064E-01   1.13062362E-01   5.65059372E+00   4.47931662E-01  -2.28916456E-02   5.65064706E+00   4.47622843E-01  -2.08880327E-02   5.65058927E+00   4.47870661E-01  -1.94189673E-02
    28.20000   5.69545070E+00   4.48836793E-01   6.46466991E-02   5.69543008E+00   4.48786138E-01   1.93172049E-02   5.69546886E+00   4.48867223E-01   2.34897320E-02   5.69543376E+00   4.48951788E-01   1.88495838E-02
    28.30000   5.74041443E+00   4.50292507E-01  -7.99293916E-02   5.74038389E+00   4.50275504E-01  -1.17631190E-02   5.74044518E+00   4.50526951E-01  -1.35315180E-02   5.74039590E+00   4.50219450E-01  -1.46356624E-02
    28.40000   5.78551132E+00   4.51711259E-01  -3.25699786E-02   5.78548419E+00   4.51805959E-01   1.38843860E-01   5.78555161E+00   4.51641829E-01   1.33941597E-01   5.78547925E+00   4.51597042E-01   1.39817579E-01
    28.50000   5.83073590E+00   4.52844394E-01  -4.83215977E-02   5.83072049E+00   4.52858632E-01  -7.02365092E-02   5.83076181E+00   4.52621838E-01  -6.65302444E-02   5.83070636E+00   4.52917158E-01  -6.73978372E-02
    28.60000   5.87608647E+00   4.54133018E-01   1.32921135E-01   5.87606785E+00   4.54041484E-01   2.78905315E-02   5.87610577E+00   4.54215990E-01   3.15212056E-02   5.87606721E+00   4.54168351E-01   2.60595716E-02
    28.70000   5.92156768E+00   4.55497032E-01   1.05236217E-01   5.92154215E+00   4.55487003E-01  -1.37161668E-02   5.92160216E+00   4.55636841E-01  -1.87401508E-02   5.92154011E+00   4.55324306E-01  -1.63226325E-02
    28.80000   5.96717982E+00   4.56773036E-01  -4.29841073E-02   5.96716245E+00   4.56960823E-01  -4.17265644E-02   5.96721686E+00   4.56721007E-01  -4.29796020E-02   5.96714081E+00   4.56819090E-01  -3.86587022E-02
    28.90000   6.01291891E+00   4.57939593E-01  -3.84296667E-02   6.01290910E+00   4.57947473E-01   1.40588974E-01   6.01293983E+00   4.57819820E-01   1.44282026E-01   6.01288862E+00   4.58093580E-01   1.41798430E-01
    29.00000   6.05878971E+00   4.59435573E-01  -9.94722409E-02   6.05877329E+00   4.59307286E-01  -3.90867612E-02   6.05881061E+00   4.59521318E-01  -3.75930999E-02   6.05876617E+00   4.59345142E-01  -4.21913480E-02
    29.10000   6.10479604E+00   4.60838839E-01   9.17890772E-02   6.10477766E+00   4.60873098E-01   6.27065010E-02   6.10483137E+00   4.60896686E-01   5.82939674E-02   6.10475900E+00   4.60648376E-01   6.22034090E-02
    29.20000   6.15093517E+00   4.61959623E-01   1.03355731E-01   6.15092726E+00   4.62041563E-01  -6.30016895E-02   6.15096620E+00   4.61787315E-01  -6.36737761E-02   6.15089201E+00   4.62006872E-01  -5.97257614E-02
    29.30000   6.19720850E+00   4.63419529E-01   5.24603519E-02   6.19720286E+00   4.63428997E-01  -3.16954343E-02   6.19722508E+00   4.63418669E-01  -2.63329676E-02   6.19717821E+00   4.63610133E-01  -3.16782729E-02
    29.40000   6.24362036E+00   4.64828361E-01  -1.41970133E-02   6.24360750E+00   4.64793919E-01   1.15956911E-01   6.24364269E+00   4.64984652E-01   1.13904320E-01   6.24359095E+00   4.64718386E-01   1.12039627E-01
    29.50000   6.29016723E+00   4.66108734E-01  -1.50524736E-01   6.29015833E+00   4.66214369E-01  -3.62806939E-02   6.29020076E+00   4.66122823E-01  -3.97040659E-02   6.29012252E+00   4.65988284E-01  -3.47814514E-02
    29.60000   6.33684633E+00   4.67461678E-01   4.75381556E-02   6.33684719E+00   4.67482279E-01   1.11723842E-01   6.33687016E+00   4.67270685E-01   1.13886078E-01   6.33680241E+00   4.67564248E-01   1.15247015E-01
    29.70000   6.38366124E+00   4.68885185E-01   7.34364107E-02   6.38365902E+00   4.68745073E-01  -7.60732129E-02   6.38367470E+00   4.68831391E-01  -7.35502291E-02   6.38363101E+00   4.68902538E-01  -7.88150456E-02
    29.80000   6.43060939E+00   4.70151118E-01   1.01004548E-01   6.43060240E+00   4.70217723E-01  -3.08293996E-02   6.43063261E+00   4.70335276E-01  -3.26667495E-02   6.43057377E+00   4.70037171E-01  -3.32747020E-02
    29.90000   6.47768524E+00   4.71266636E-01   3.54532103E-02   6.47768699E+00   4.71416015E-01   6.70389056E-02   6.47771421E+00   4.71242604E-01   6.38564109E-02   6.47763579E+00   4.71246725E-01   6.99590837E-02
    30.00000   6.52489091E+00   4.72762907E-01  -1.25999833E-01   6.52489871E+00   4.72765649E-01  -2.08646458E-02   6.52490700E+00   4.72642350E-01  -1.71214394E-02   6.52484877E+00   4.72945571E-01  -1.85284421E-02
    30.10000   6.57222715E+00   4.74072809E-01  -1.47160879E-02   6.57222798E+00   4.73961545E-01   1.33134181E-01   6.57223836E+00   4.74099395E-01   1.34555527E-01   6.57219623E+00   4.74044016E-01   1.29341258E-01
    30.20000   6.61968788E+00   4.75157363E-01   3.37175123E-03   6.61968866E+00   4.75192622E-01  -7.95213827E-02   6.61971020E+00   4.75207230E-01  -8.35800408E-02   6.61964645E+00   4.74940909E-01  -8.10448969E-02
    30.30000   6.66727220E+00   4.76504441E-01   1.48446730E-01   6.66728411E+00   4.76616599E-01   7.85907934E-03   6.66729392E+00   4.76414559E-01   8.30454141E-03   6.66722115E+00   4.76548095E-01   1.24962066E-02
    30.40000   6.71498337E+00   4.77756675E-01   7.17534608E-02   6.71499584E+00   4.77684486E-01   2.45177836E-03   6.71499196E+00   4.77666716E-01   5.07204913E-03   6.71494436E+00   4.77918510E-01   2.33819376E-03
    30.50000   6.76281631E+00   4.78876117E-01  -9.24089355E-02   6.76282083E+00   4.78900712E-01  -2.74586761E-02   6.76282596E+00   4.79036615E-01  -2.75004489E-02   6.76278398E+00   4.78877441E-01  -3.17038164E-02
    30.60000   6.81076791E+00   4.80074196E-01  -3.23114919E-02   6.81077777E+00   4.80188212E-01   1.52298226E-01   6.81078674E+00   4.80094902E-01   1.49051720E-01   6.81072196E+00   4.79917142E-01   1.53228615E-01
    30.70000   6.85884270E+00   4.81463769E-01  -5.81497363E-02   6.85886292E+00   4.81441172E-01  -6.16517577E-02   6.85885498E+00   4.81268310E-01  -6.06666814E-02   6.85879300E+00   4.81493506E-01  -5.76772110E-02
    30.80000   6.90703783E+00   4.82570854E-01   1.18957721E-01   6.90705317E+00   4.82460595E-01   2.71765026E-02   6.90703993E+00   4.82539324E-01   3.08120444E-02   6.90700255E+00   4.82693551E-01   2.59390056E-02
    30.90000   6.95534823E+00   4.83567220E-01   9.86256719E-02   6.95535758E+00   4.83594647E-01  -4.03313675E-02   6.95535608E+00   4.83674278E-01  -4.34630183E-02   6.95531399E+00   4.83460481E-01  -4.47433113E-02
    31.00000   7.00377791E+00   4.84962885E-01  -3.43615776E-03   7.00379705E+00   4.85152167E-01  -1.45773473E-02   7.00379020E+00   4.84977639E-01  -1.62805316E-02   7.00372960E+00   4.84920871E-01  -1.17614869E-02
    31.10000   7.05232789E+00   4.86092919E-01  -5.00575710E-02   7.05235389E+00   4.86065077E-01   1.17377709E-01   7.05232978E+00   4.85968192E-01   1.20397865E-01   7.05228224E+00   4.86229167E-01   1.20971119E-01
    31.20000   7.10099250E+00   4.87157612E-01  -1.15676595E-01   7.10100971E+00   4.87040416E-01  -3.99269014E-02   7.10098956E+00   4.87181270E-01  -3.92266418E-02   7.10096097E+00   4.87218046E-01  -4.37238583E-02
    31.30000   7.14977343E+00   4.88466115E-01   9.10249382E-02   7.14978850E+00   4.88514157E-01   8.06229668E-02   7.14977800E+00   4.88501429E-01   7.81680665E-02   7.14973714E+00   4.88293524E-01   7.83561968E-02
    31.40000   7.19867492E+00   4.89655027E-01   8.63573375E-02   7.19870233E+00   4.89731247E-01  -7.59601035E-02   7.19867789E+00   4.89520751E-01  -7.71352989E-02   7.19862709E+00   4.89588624E-01  -7.22879630E-02
    31.50000   7.24769241E+00   4.90689153E-01   6.26182021E-02   7.24772171E+00   4.90672003E-01  -2.58584487E-02   7.24768465E+00   4.90681099E-01  -2.18323485E-02   7.24765317E+00   4.90914056E-01  -2.36901764E-02
    31.60000   7.29682566E+00   4.91851049E-01  -3.21230872E-03   7.29684418E+00   4.91799329E-01   9.04815842E-02   7.29681873E+00   4.91949667E-01   8.98336055E-02   7.29679717E+00   4.91881526E-01   8.60245579E-02
    31.70000   7.34608056E+00   4.93258751E-01  -1.31944813E-01   7.34610177E+00   4.93374110E-01  -1.38195459E-02   7.34607964E+00   4.93258023E-01  -1.77733744E-02   7.34604295E+00   4.93113511E-01  -1.50888754E-02
    31.80000   7.39545476E+00   4.94333322E-01   1.12851742E-02   7.39548850E+00   4.94370206E-01   9.43941416E-02   7.39544691E+00   4.94182125E-01   9.70239095E-02   7.39541078E+00   4.94345739E-01   9.97637385E-02
    31.90000   7.44494572E+00   4.95442054E-01   5.69060318E-02   7.44497578E+00   4.95282820E-01  -7.31829448E-02   7.44492995E+00   4.95395610E-01  -7.13651182E-02   7.44491406E+00   4.95549236E-01  -7.40657900E-02
    32.00000   7.49455945E+00   4.96852629E-01   1.29100562E-01   7.49457907E+00   4.96848834E-01  -7.63997832E-05   7.49454878E+00   4.96956531E-01  -1.62573611E-03   7.49453303E+00   4.96822229E-01  -4.20470317E-03
    32.10000   7.54429709E+00   4.97948273E-01   2.34495465E-02   7.54432432E+00   4.98114709E-01   1.98544275E-02   7.54428857E+00   4.97911539E-01   1.72078561E-02   7.54426007E+00   4.97869879E-01   2.09476610E-02
    32.20000   7.59415374E+00   4.99077850E-01  -1.14612661E-01   7.59419125E+00   4.99135535E-01  -1.00183963E-02   7.59413524E+00   4.99023943E-01  -7.27096049E-03   7.59411693E+00   4.99230361E-01  -5.93539212E-03
    32.30000   7.64413201E+00   5.00450113E-01  -2.02961556E-02   7.64416060E+00   5.00275487E-01   1.38106701E-01   7.64411029E+00   5.00463203E-01   1.40670896E-01   7.64410785E+00   5.00510164E-01   1.36489243E-01
    32.40000   7.69423624E+00   5.01771824E-01  -1.40056007E-02   7.69425732E+00   5.01738069E-01  -6.76494152E-02   7.69422168E+00   5.01759302E-01  -7.23698514E-02   7.69421157E+00   5.01615839E-01  -7.19819872E-02
    32.50000   7.74446353E+00   5.02877013E-01   1.38747815E-01   7.74449587E+00   5.03029687E-01   7.52184081E-03   7.74444598E+00   5.02784590E-01   7.72490495E-03   7.74442999E+00   5.02854624E-01   1.10285318E-02
    32.60000   7.79481389E+00   5.04040418E-01   8.87325660E-02   7.79485176E+00   5.03998709E-01  -2.57015543E-02   7.79478581E+00   5.03994265E-01  -2.24412870E-02   7.79478623E+00   5.04183163E-01  -2.31188179E-02
    32.70000   7.84529199E+00   5.05473503E-01  -5.13888234E-02   7.84531764E+00   5.05402250E-01  -3.61965890E-03   7.84526618E+00   5.05617191E-01  -3.79401210E-03   7.84527433E+00   5.05560638E-01  -7.13367450E-03
    32.80000   7.89589650E+00   5.06663168E-01  -6.56189426E-02   7.89591949E+00   5.06737176E-01   1.33101352E-01   7.89587731E+00   5.06653405E-01   1.29828075E-01   7.89587410E+00   5.06558017E-01   1.31477355E-01
    32.90000   7.94662409E+00   5.07863920E-01  -8.68603045E-02   7.94665974E+00   5.07934338E-01  -5.03076778E-02   7.94659704E+00   5.07701966E-01  -5.01011561E-02   7.94659712E+00   5.07861446E-01  -4.70793163E-02
    33.00000   7.99747776E+00   5.09243467E-01   1.32015194E-01   7.99751287E+00   5.09104353E-01   5.55830348E-02   7.99744229E+00   5.09212582E-01   6.02778632E-02   7.99746001E+00   5.09331060E-01   5.73090853E-02
    33.10000   8.04846029E+00   5.10461787E-01   1.03898987E-01   8.04848258E+00   5.10360452E-01  -7.40685640E-02   8.04843183E+00   5.10544899E-01  -7.69143565E-02   8.04844796E+00   5.10419891E-01  -7.83838101E-02
    33.20000   8.09956768E+00   5.11658954E-01   3.06830574E-02   8.09959266E+00   5.11854258E-01  -1.10907217E-02   8.09954292E+00   5.11680913E-01  -1.37378214E-02   8.09954901E+00   5.11672390E-01  -1.10318655E-02
    33.30000   8.15079803E+00   5.12860207E-01  -5.29039043E-02   8.15083415E+00   5.12923162E-01   1.04506896E-01   8.15076213E+00   5.12756750E-01   1.07119726E-01   8.15078020E+00   5.12959133E-01   1.08206654E-01
    33.40000   8.20215306E+00   5.14233156E-01  -1.43658473E-01   8.20218309E+00   5.14075141E-01  -1.56193982E-02   8.20211334E+00   5.14272442E-01  -1.32880993E-02   8.20214515E+00   5.14289907E-01  -1.63784537E-02
    33.50000   8.25362910E+00   5.15392548E-01   5.72842422E-02   8.25364853E+00   5.15318709E-01   9.10605884E-02   8.25359932E+00   5.15428992E-01   8.81978645E-02   8.25362169E+00   5.15286067E-01   8.78674943E-02
    33.60000   8.30522263E+00   5.16468575E-01   9.54234165E-02   8.30524900E+00   5.16562841E-01  -9.74054839E-02   8.30519199E+00   5.16334273E-01  -9.97376116E-02   8.30520994E+00   5.16426710E-01  -9.62901214E-02
    33.70000   8.35693380E+00   5.17734615E-01   1.24764465E-01   8.35696724E+00   5.17766984E-01  -7.50037350E-03   8.35689089E+00   5.17703707E-01  -3.14279399E-03   8.35692669E+00   5.17891793E-01  -4.21996129E-03
    33.80000   8.40876158E+00   5.18810725E-01  -1.69720924E-02   8.40878506E+00   5.18703372E-01   4.37124866E-02   8.40872047E+00   5.18943029E-01   4.40341741E-02   8.40876238E+00   5.18859764E-01   4.13341413E-02
    33.90000   8.46070148E+00   5.19923858E-01  -1.50653884E-01   8.46071853E+00   5.19981601E-01   9.61376598E-03   8.46067068E+00   5.19996053E-01   6.11945144E-03   8.46069878E+00   5.19886738E-01   7.51740876E-03
    34.00000   8.51275258E+00   5.21101159E-01  -1.21376479E-02   8.51277845E+00   5.21150147E-01   1.25461795E-01   8.51271585E+00   5.20916826E-01   1.25512110E-01   8.51274758E+00   5.21093819E-01   1.28027964E-01
    34.10000   8.56491509E+00   5.22233384E-01   3.19963769E-02   8.56494282E+00   5.22101791E-01  -9.48371539E-02   8.56486786E+00   5.22150077E-01  -9.13940725E-02   8.56491888E+00   5.22274065E-01  -9.34166787E-02
    34.20000   8.61718482E+00   5.23207835E-01   1.58999067E-01   8.61720137E+00   5.23136764E-01  -1.91668845E-03   8.61714481E+00   5.23368655E-01  -2.30296613E-03   8.61719271E+00   5.23209088E-01  -4.62367709E-03
    34.30000   8.66956006E+00   5.24207965E-01   4.99490604E-02   8.66957490E+00   5.24302415E-01  -9.13048329E-03   8.66952806E+00   5.24222899E-01  -1.31127472E-02   8.66956218E+00   5.24187608E-01  -1.00172665E-02
    34.40000   8.72204207E+00   5.25397327E-01  -9.93154816E-02   8.72206501E+00   5.25494320E-01   1.68861173E-02   8.72200009E+00   5.25307489E-01   1.91522531E-02   8.72204598E+00   5.25529936E-01   2.00946531E-02
    34.50000   8.77462875E+00   5.26366654E-01  -6.98573338E-02   8.77464840E+00   5.26234083E-01   1.23819568E-01   8.77458031E+00   5.26376826E-01   1.26199286E-01   8.77464228E+00   5.26405281E-01   1.23294547E-01
    34.60000   8.82731749E+00   5.27398623E-01  -3.85985828E-02   8.82732730E+00   5.27301269E-01  -6.44865311E-02   8.82728007E+00   5.27479101E-01  -6.64011547E-02   8.82733053E+00   5.27286723E-01  -6.70018548E-02
    34.70000   8.88010950E+00   5.28506140E-01   1.61644448E-01   8.88012161E+00   5.28566051E-01   3.12497089E-02   8.88007580E+00   5.28419537E-01   2.91210985E-02   8.88011665E+00   5.28476396E-01   3.22904855E-02
    34.80000   8.93300493E+00   5.29429910E-01   8.31906848E-02   8.93302235E+00   5.29433925E-01  -7.16938566E-02   8.93295943E+00   5.29330996E-01  -6.96576368E-02   8.93301817E+00   5.29550725E-01  -6.96949456E-02
    34.90000   8.98600116E+00   5.30422653E-01  -2.15155253E-02   8.98601147E+00   5.30391607E-01   1.64133288E-02   8.98595467E+00   5.30593020E-01   1.89076986E-02   8.98602259E+00   5.30517958E-01   1.52328822E-02
    35.00000   9.03909893E+00   5.31473076E-01  -8.00220155E-02   9.03910244E+00   5.31461837E-01   1.12366626E-01   9.03906458E+00   5.31555320E-01   1.08665089E-01   9.03911536E+00   5.31379269E-01   1.10248346E-01
    35.10000   9.09229991E+00   5.32588688E-01  -1.05426074E-01   9.09230817E+00   5.32615136E-01  -3.09038337E-02   9.09226438E+00   5.32445803E-01  -3.12221094E-02   9.09231257E+00   5.32588176E-01  -2.86112272E-02
    35.20000   9.14560171E+00   5.33523003E-01   1.08482445E-01   9.14561116E+00   5.33431730E-01   5.68497614E-02   9.14555528E+00   5.33429177E-01   5.96420361E-02   9.14562388E+00   5.33598496E-01   5.78160887E-02
    35.30000   9.19900416E+00   5.34504901E-01   1.02775513E-01   9.19900474E+00   5.34409798E-01  -9.59051075E-02   9.19896224E+00   5.34622369E-01  -9.59208188E-02   9.19903104E+00   5.34460607E-01  -9.82688971E-02
    35.40000   9.25251015E+00   5.35610352E-01   6.73303887E-02   9.25250792E+00   5.35707587E-01   1.33917307E-02   9.25247886E+00   5.35710971E-01   1.09700880E-02   9.25252887E+00   5.35593006E-01   1.31805772E-02
    35.50000   9.30611896E+00   5.36531904E-01  -6.77742163E-02   9.30612183E+00   5.36578488E-01   6.04610953E-02   9.30608228E+00   5.36432789E-01   6.04274746E-02   9.30613762E+00   5.36632533E-01   6.25541138E-02
    35.60000   9.35982894E+00   5.37616824E-01  -1.34699965E-01   9.35982864E+00   5.37531305E-01   7.59669724E-03   9.35978472E+00   5.37623422E-01   1.08759823E-02   9.35985870E+00   5.37705799E-01   7.62571073E-03
    35.70000   9.41364329E+00   5.38732875E-01   4.16582599E-02   9.41363446E+00   5.38628043E-01   9.74943273E-02   9.41360755E+00   5.38802750E-01   9.58069383E-02   9.41367282E+00   5.38591038E-01   9.50552591E-02
    35.80000   9.46756320E+00   5.39740665E-01   6.83017858E-02   9.46755569E+00   5.39761486E-01  -1.10536025E-01   9.46753468E+00   5.39692073E-01  -1.12677096E-01   9.46758363E+00   5.39657427E-01  -1.09828992E-01
    35.90000   9.52158787E+00   5.40754435E-01   1.44446249E-01   9.52158377E+00   5.40784235E-01   1.13491257E-02   9.52155156E+00   5.40702826E-01   1.36006305E-02   9.52161258E+00   5.40916856E-01   1.38035359E-02
    36.00000   9.57572267E+00   5.41869964E-01  -6.13130697E-03   9.57571124E+00   5.41793297E-01   8.79844517E-03   9.57568321E+00   5.41950571E-01   9.62417629E-03   9.57575719E+00   5.41930333E-01   6.90255026E-03
    36.10000   9.62997117E+00   5.43088035E-01  -1.44760201E-01   9.62995373E+00   5.43130769E-01   2.70094721E-02   9.62994206E+00   5.43234279E-01   2.53957266E-02   9.63000044E+00   5.43017883E-01   2.54001408E-02
    36.20000   9.68433498E+00   5.44211665E-01  -3.63193529E-02   9.68432206E+00   5.44216936E-01   1.33751334E-01   9.68430880E+00   5.44108810E-01   1.32593922E-01   9.68435664E+00   5.44161549E-01   1.35664986E-01
    36.30000   9.73881877E+00   5.45488237E-01   1.08649417E-02   9.73880587E+00   5.45369195E-01  -1.04476312E-01   9.73878465E+00   5.45375325E-01  -1.01998128E-01   9.73884837E+00   5.45555664E-01  -1.03177820E-01
    36.40000   9.79342498E+00   5.46726285E-01   1.95378173E-01   9.79340289E+00   5.46649665E-01   3.25057123E-02   9.79339287E+00   5.46825622E-01   3.26571661E-02   9.79346129E+00   5.46711962E-01   3.01671915E-02
    36.50000   9.84815307E+00   5.47796980E-01   5.29491521E-02   9.84812946E+00   5.47876403E-01  -5.99860947E-02   9.84813115E+00   5.47891810E-01  -6.26863242E-02   9.84818071E+00   5.47716364E-01  -6.09451345E-02
    36.60000   9.90300290E+00   5.49097928E-01  -7.81085246E-02   9.90298508E+00   5.49204563E-01   3.79075647E-02   9.90297984E+00   5.49104814E-01   3.93043928E-02   9.90302627E+00   5.49224295E-01   4.09576857E-02
    36.70000   9.95797658E+00   5.50369969E-01  -9.17127696E-02   9.95795451E+00   5.50230991E-01   1.36254019E-01   9.95794771E+00   5.50324575E-01   1.37650417E-01   9.95800983E+00   5.50432409E-01   1.35958871E-01
    36.80000   1.00130732E+01   5.51622266E-01  -7.90690165E-02   1.00130423E+01   5.51533492E-01  -6.91889899E-02   1.00130507E+01   5.51680765E-01  -7.03415611E-02   1.00131087E+01   5.51504232E-01  -7.20296123E-02
    36.90000   1.00682903E+01   5.52768390E-01   1.88407581E-01   1.00682625E+01   5.52822442E-01   6.68597213E-02   1.00682754E+01   5.52759546E-01   6.55289049E-02   1.00683154E+01   5.52656801E-01   6.79194801E-02
    37.00000   1.01236292E+01   5.53976607E-01   1.07288271E-01   1.01236062E+01   5.53964269E-01  -1.19985221E-01   1.01236103E+01   5.53914637E-01  -1.18627437E-01   1.01236541E+01   5.54061985E-01  -1.17772672E-01
    37.10000   1.01790883E+01   5.55197476E-01   1.56522973E-02   1.01790574E+01   5.55174701E-01   2.81203732E-02   1.01790675E+01   5.55331063E-01   2.96272685E-02   1.01791229E+01   5.55345916E-01   2.68899868E-02
    37.20000   1.02346629E+01   5.56218808E-01  -1.08070068E-01   1.02346261E+01   5.56236772E-01   1.10230298E-01   1.02346510E+01   5.56314901E-01   1.07629137E-01   1.02346950E+01   5.56121018E-01   1.07910976E-01
    37.30000   1.02903510E+01   5.57489222E-01  -1.43555887E-01   1.02903211E+01   5.57547980E-01  -1.31919813E-02   1.02903428E+01   5.57439353E-01  -1.33342885E-02   1.02903735E+01   5.57419474E-01  -1.11602122E-02
    37.40000   1.03461502E+01   5.58603084E-01   1.16729506E-01   1.03461220E+01   5.58474808E-01   9.14901219E-02   1.03461371E+01   5.58502403E-01   9.40736876E-02   1.03461763E+01   5.58633679E-01   9.32362974E-02
    37.50000   1.04020552E+01   5.59527490E-01   1.04637853E-01   1.04020172E+01   5.59417405E-01  -1.57305291E-01   1.04020451E+01   5.59596936E-01  -1.58350038E-01   1.04020889E+01   5.59521691E-01  -1.60063796E-01
    37.60000   1.04580582E+01   5.60477389E-01   1.33256378E-01   1.04580187E+01   5.60621615E-01   3.85551444E-02   1.04580571E+01   5.60615066E-01   3.70353372E-02   1.04580855E+01   5.60447816E-01   3.79597277E-02
    37.70000   1.05141580E+01   5.61444560E-01  -6.93538639E-02   1.05141268E+01   5.61518602E-01   4.32492944E-02   1.05141562E+01   5.61405842E-01   4.35667448E-02   1.05141779E+01   5.61455640E-01   4.55027385E-02
    37.80000   1.05703495E+01   5.62400572E-01  -1.79377579E-01   1.05703161E+01   5.62323488E-01   1.59003424E-02   1.05703441E+01   5.62432236E-01   1.83547153E-02   1.05703754E+01   5.62507651E-01   1.62663437E-02
    37.90000   1.06266269E+01   5.63165050E-01   1.57018659E-02   1.06265838E+01   5.63045800E-01   1.24968100E-01   1.06266283E+01   5.63198767E-01   1.23599285E-01   1.06266564E+01   5.63060254E-01   1.22643127E-01
    38.00000   1.06829901E+01   5.64117797E-01   6.31796206E-02   1.06829500E+01   5.64162774E-01  -1.43334661E-01   1.06829980E+01   5.64073571E-01  -1.46088076E-01   1.06830108E+01   5.63968735E-01  -1.43621971E-01
    38.10000   1.07394384E+01   5.64933348E-01   2.00232759E-01   1.07394060E+01   5.64988411E-01   3.30836282E-02   1.07394422E+01   5.64913518E-01   3.65027329E-02   1.07394551E+01   5.65001474E-01   3.61023889E-02
    38.20000   1.07959669E+01   5.65548541E-01  -1.12524354E-02   1.07959287E+01   5.65481759E-01  -4.46622417E-02   1.07959703E+01   5.65651450E-01  -4.42793421E-02   1.07959901E+01   5.65648518E-01  -4.58844888E-02
    38.30000   1.08525747E+01   5.66501057E-01  -1.29743976E-01   1.08525289E+01   5.66556777E-01   5.73526412E-02   1.08525871E+01   5.66646813E-01   5.50090604E-02   1.08525969E+01   5.66484377E-01   5.52535935E-02
    38.40000   1.09092636E+01   5.67325541E-01  -7.51045104E-02   1.09092245E+01   5.67361178E-01   1.31966571E-01   1.09092783E+01   5.67214696E-01   1.31309928E-01   1.09092766E+01   5.67188564E-01   1.33208726E-01
    38.50000   1.09660299E+01   5.68059452E-01  -2.57547427E-02   1.09659964E+01   5.67991019E-01  -1.15301134E-01   1.09660392E+01   5.67982810E-01  -1.12651116E-01   1.09660428E+01   5.68068345E-01  -1.13426083E-01
    38.60000   1.10228710E+01   5.68789510E-01   2.22151744E-01   1.10228294E+01   5.68686828E-01   5.40089998E-02   1.10228839E+01   5.68881838E-01   5.46848353E-02   1.10228890E+01   5.68799009E-01   5.24980502E-02
    38.70000   1.10797902E+01   5.69566675E-01   5.69476708E-02   1.10797448E+01   5.69630194E-01  -1.10875382E-01   1.10798119E+01   5.69632906E-01  -1.15087049E-01   1.10798031E+01   5.69491719E-01  -1.12943953E-01
    38.80000   1.11367864E+01   5.70333933E-01  -5.34596152E-02   1.11367499E+01   5.70511941E-01   5.68476147E-02   1.11368059E+01   5.70348328E-01   5.86640301E-02   1.11367918E+01   5.70393406E-01   5.95207480E-02
    38.90000   1.11938569E+01   5.71002068E-01  -1.18136358E-01   1.11938228E+01   5.70919365E-01   1.15180077E-01   1.11938718E+01   5.70984717E-01   1.17685197E-01   1.11938651E+01   5.71031087E-01   1.15893680E-01
    39.00000   1.12510052E+01   5.71979182E-01  -9.38731267E-02   1.12509624E+01   5.71865435E-01  -4.80304599E-02   1.12510271E+01   5.72042901E-01  -4.97784459E-02   1.12510152E+01   5.71900929E-01  -5.04930138E-02
    39.10000   1.13082330E+01   5.72721065E-01   1.71012901E-01   1.13081905E+01   5.72749129E-01   6.80449695E-02   1.13082612E+01   5.72664570E-01   6.58005920E-02   1.13082353E+01   5.72580404E-01   6.78549469E-02
    39.20000   1.13655387E+01   5.73375245E-01   9.43243218E-02   1.13655058E+01   5.73451214E-01  -1.62051686E-01   1.13655614E+01   5.73309628E-01  -1.60293961E-01   1.13655370E+01   5.73401377E-01  -1.59650636E-01
    39.30000   1.14229265E+01   5.74304346E-01   6.47541840E-02   1.14228923E+01   5.74313078E-01   6.77181828E-02   1.14229467E+01   5.74441401E-01   7.03220581E-02   1.14229285E+01   5.74423527E-01   6.75118507E-02
    39.40000   1.14804034E+01   5.75208437E-01  -1.37044318E-01   1.14803614E+01   5.75174404E-01   5.98242451E-02   1.14804323E+01   5.75294771E-01   5.64785151E-02   1.14804029E+01   5.75129669E-01   5.70751621E-02
    39.50000   1.15379709E+01   5.76158354E-01  -1.80835529E-01   1.15379334E+01   5.76264579E-01   3.57231171E-03   1.15380023E+01   5.76114797E-01   2.70321172E-03   1.15379624E+01   5.76106892E-01   5.08769815E-03
    39.60000   1.15956341E+01   5.77134040E-01   9.90751769E-02   1.15956047E+01   5.77074475E-01   1.26174981E-01   1.15956579E+01   5.76985630E-01   1.28845103E-01   1.15956252E+01   5.77088554E-01   1.27941758E-01
    39.70000   1.16534025E+01   5.78300299E-01   9.60168114E-02   1.16533689E+01   5.78181668E-01  -1.90656292E-01   1.16534270E+01   5.78344167E-01  -1.90255671E-01   1.16533964E+01   5.78254504E-01  -1.92504530E-01
    39.80000   1.17112773E+01   5.79258852E-01   1.82782982E-01   1.17112393E+01   5.79356672E-01   6.06262704E-02   1.17113110E+01   5.79397351E-01   5.84252197E-02   1.17112654E+01   5.79247700E-01   5.96336921E-02
    39.90000   1.17692585E+01   5.80200242E-01  -8.08029416E-02   1.17692282E+01   5.80343250E-01  -1.27366753E-02   1.17692909E+01   5.80160746E-01  -1.38514096E-02   1.17692406E+01   5.80228140E-01  -1.11441219E-02
    40.00000   1.18273517E+01   5.81599748E-01  -1.73862805E-01   1.18273266E+01   5.81619330E-01   6.85488126E-02   1.18273762E+01   5.81599385E-01   7.23078036E-02   1.18273364E+01   5.81677298E-01   6.96657898E-02
    40.10000   1.18855582E+01   5.82660503E-01  -2.33335132E-02   1.18855278E+01   5.82505170E-01   1.39985023E-01   1.18855869E+01   5.82661568E-01   1.38819287E-01   1.18855435E+01   5.82516539E-01   1.37433490E-01
    40.20000   1.19438745E+01   5.83688947E-01   4.31601193E-02   1.19438442E+01   5.83717539E-01  -1.69475383E-01   1.19439111E+01   5.83673785E-01  -1.71623938E-01   1.19438523E+01   5.83575517E-01  -1.69137397E-01
    40.30000   1.20023014E+01   5.84847489E-01   2.73628490E-01   1.20022799E+01   5.84948468E-01   7.24015811E-02   1.20023328E+01   5.84772575E-01   7.31454877E-02   1.20022763E+01   5.84896508E-01   7.43141098E-02
    40.40000   1.20608414E+01   5.85921746E-01  -4.73785663E-03   1.20608215E+01   5.85913718E-01  -1.09566207E-01   1.20608664E+01   5.85959774E-01  -1.07633393E-01   1.20608205E+01   5.85985581E-01  -1.10378869E-01
    40.50000   1.21194895E+01   5.86986563E-01  -1.30675999E-01   1.21194650E+01   5.87062593E-01   9.57347056E-02   1.21195213E+01   5.87179446E-01   9.55976724E-02   1.21194662E+01   5.87005707E-01   9.46327137E-02
    40.60000   1.21782432E+01   5.88012339E-01  -1.14959092E-01   1.21782227E+01   5.88032424E-01   1.53205482E-01   1.21782798E+01   5.87916788E-01   1.49358351E-01   1.21782120E+01   5.87892640E-01   1.53358966E-01
    40.70000   1.22371035E+01   5.89278968E-01  -5.30773135E-02   1.22370909E+01   5.89256291E-01  -1.20790248E-01   1.22371322E+01   5.89123219E-01  -1.17625410E-01   1.22370731E+01   5.89272293E-01  -1.18692105E-01
    40.80000   1.22960630E+01   5.90071780E-01   2.66987005E-01   1.22960494E+01   5.89996597E-01   8.10969999E-02   1.22960886E+01   5.90084496E-01   8.22969803E-02   1.22960374E+01   5.90048610E-01   7.96227356E-02
    40.90000   1.23551129E+01   5.90811479E-01   8.30680358E-02   1.23550974E+01   5.90873006E-01  -1.83635343E-01   1.23551467E+01   5.90922431E-01  -1.86205832E-01   1.23550825E+01   5.90756662E-01  -1.85062050E-01
    41.00000   1.24142491E+01   5.91839461E-01  -6.27999188E-03   1.24142404E+01   5.92037343E-01   1.01988219E-01   1.24142832E+01   5.91879074E-01   1.01670368E-01   1.24142120E+01   5.91935032E-01   1.04031563E-01
    41.10000   1.24734674E+01   5.92520092E-01  -1.82089175E-01   1.24734638E+01   5.92487205E-01   1.07596595E-01   1.24734924E+01   5.92416762E-01   1.09027967E-01   1.24734343E+01   5.92557338E-01   1.07993206E-01
    41.20000   1.25327600E+01   5.93315537E-01  -1.61334836E-01   1.25327536E+01   5.93258570E-01  -4.83843896E-02   1.25327853E+01   5.93357731E-01  -4.65213395E-02   1.25327304E+01   5.93264559E-01  -4.95221652E-02
    41.30000   1.25921253E+01   5.94067543E-01   2.01870828E-01   1.25921201E+01   5.94044230E-01   1.21553141E-01   1.25921575E+01   5.94012841E-01   1.17320727E-01   1.25920883E+01   5.93892242E-01   1.20222049E-01
    41.40000   1.26515625E+01   5.94736026E-01   1.11803772E-01   1.26515651E+01   5.94793104E-01  -2.34661219E-01   1.26515907E+01   5.94633752E-01  -2.33388437E-01   1.26515217E+01   5.94755781E-01  -2.32068192E-01
    41.50000   1.27110647E+01   5.95276280E-01   1.25580893E-01   1.27110690E+01   5.95364059E-01   7.89625550E-02   1.27110849E+01   5.95359375E-01   8.19537402E-02   1.27110305E+01   5.95460969E-01   7.94247681E-02
    41.60000   1.27706296E+01   5.95849709E-01  -1.44321629E-01   1.27706309E+01   5.95859436E-01   4.63039080E-02   1.27706528E+01   5.95933443E-01   4.33887128E-02   1.27705962E+01   5.95804734E-01   4.29229782E-02
    41.70000   1.28302583E+01   5.96730525E-01  -2.06488069E-01   1.28302640E+01   5.96814627E-01   2.97974131E-02   1.28302853E+01   5.96714904E-01   2.95645060E-02   1.28302166E+01   5.96663251E-01   3.12380775E-02
    41.80000   1.28899467E+01   5.97164836E-01   6.12713042E-02   1.28899594E+01   5.97095162E-01   1.32564179E-01   1.28899668E+01   5.96970030E-01   1.33510713E-01   1.28899049E+01   5.97130109E-01   1.34794474E-01
    41.90000   1.29496904E+01   5.97699405E-01   9.04584688E-02   1.29497017E+01   5.97628294E-01  -2.24464564E-01   1.29497054E+01   5.97678699E-01  -2.23130528E-01   1.29496564E+01   5.97720579E-01  -2.25877250E-01
    42.00000   1.30094911E+01   5.98335747E-01   2.42108718E-01   1.30095006E+01   5.98425958E-01   7.67394367E-02   1.30095103E+01   5.98445335E-01   7.49123249E-02   1.30094548E+01   5.98314326E-01   7.47347192E-02
    42.10000   1.30693477E+01   5.98737617E-01  -8.13554049E-02   1.30693641E+01   5.98858395E-01  -5.68871931E-02   1.30693669E+01   5.98716897E-01  -5.79868156E-02   1.30693039E+01   5.98742633E-01  -5.52112103E-02
    42.20000   1.31292552E+01   5.99317555E-01  -1.86026628E-01   1.31292761E+01   5.99378241E-01   7.86063019E-02   1.31292665E+01   5.99316443E-01   8.16470969E-02   1.31292153E+01   5.99477096E-01   8.09853455E-02
    42.30000   1.31892147E+01   5.99877751E-01  -5.44423793E-02   1.31892314E+01   5.99736696E-01   1.54867321E-01   1.31892239E+01   5.99809754E-01   1.53927035E-01   1.31891815E+01   5.99792969E-01   1.51869561E-01
    42.40000   1.32492274E+01   6.00498144E-01   4.41870415E-03   1.32492449E+01   6.00499468E-01  -1.82414043E-01   1.32492405E+01   6.00452633E-01  -1.84315962E-01   1.32491895E+01   6.00352729E-01  -1.83646597E-01
    42.50000   1.33092890E+01   6.00813240E-01   2.79512456E-01   1.33093146E+01   6.00896667E-01   6.83604881E-02   1.33092985E+01   6.00751481E-01   6.99657986E-02   1.33092463E+01   6.00844127E-01   7.20543198E-02
    42.60000   1.33693997E+01   6.01259971E-01   2.07901840E-02   1.33694261E+01   6.01257851E-01  -1.33272561E-01   1.33694021E+01   6.01267880E-01  -1.32994446E-01   1.33693637E+01   6.01395570E-01  -1.33923919E-01
    42.70000   1.34295632E+01   6.01976040E-01  -1.00052512E-01   1.34295843E+01   6.02042321E-01   1.02349558E-01   1.34295663E+01   6.02105066E-01   1.02633426E-01   1.34295315E+01   6.02046333E-01   1.00265079E-01
    42.80000   1.34897781E+01   6.02342146E-01  -1.52796281E-01   1.34898029E+01   6.02366524E-01   1.25354779E-01   1.34897830E+01   6.02256195E-01   1.23151835E-01   1.34897404E+01   6.02213893E-01   1.25445474E-01
    42.90000   1.35500434E+01   6.02958263E-01  -8.11059781E-02   1.35500757E+01   6.02944572E-01  -1.01395946E-01   1.35500422E+01   6.02835874E-01  -1.00039401E-01   1.35500047E+01   6.02967329E-01  -9.88795480E-02
    43.00000   1.36103641E+01   6.03563201E-01   2.55761797E-01   1.36103931E+01   6.03438641E-01   9.30191762E-02   1.36103580E+01   6.03507029E-01   9.50724434E-02   1.36103331E+01   6.03581508E-01   9.26618401E-02
    43.10000   1.36707428E+01   6.04041275E-01   7.43516639E-02   1.36707671E+01   6.04071590E-01  -2.05721928E-01   1.36707391E+01   6.04092721E-01  -2.08852193E-01   1.36707131E+01   6.04020498E-01  -2.08920644E-01
    43.20000   1.37311785E+01   6.04591302E-01   2.59811981E-02   1.37312091E+01   6.04800460E-01   9.84265484E-02   1.37311737E+01   6.04652826E-01   9.90936009E-02   1.37311435E+01   6.04677001E-01   1.00832342E-01
    43.30000   1.37916765E+01   6.05262097E-01  -1.68925459E-01   1.37917119E+01   6.05222810E-01   8.54916171E-02   1.37916643E+01   6.05173187E-01   8.62679779E-02   1.37916438E+01   6.05310830E-01   8.65315965E-02
    43.40000   1.38522422E+01   6.06136324E-01  -1.63702171E-01   1.38522714E+01   6.06031623E-01  -1.44715912E-02   1.38522281E+01   6.06134464E-01  -1.31943707E-02   1.38522167E+01   6.06150025E-01  -1.55612292E-02
    43.50000   1.39128767E+01   6.06679469E-01   1.56519516E-01   1.39129034E+01   6.06638922E-01   1.07994889E-01   1.39128653E+01   6.06600621E-01   1.05956672E-01   1.39128500E+01   6.06546374E-01   1.06791539E-01
    43.60000   1.39735879E+01   6.07516370E-01   1.21045680E-01   1.39736219E+01   6.07577988E-01  -2.21719732E-01   1.39735720E+01   6.07425432E-01  -2.23098301E-01   1.39735574E+01   6.07509205E-01  -2.20986635E-01
    43.70000   1.40343841E+01   6.08416876E-01   1.71113349E-01   1.40344190E+01   6.08450723E-01   8.30170806E-02   1.40343611E+01   6.08472573E-01   8.71866190E-02   1.40343584E+01   6.08584441E-01   8.53532707E-02
    43.80000   1.40952720E+01   6.09244838E-01  -1.38974991E-01   1.40952994E+01   6.09215672E-01   5.43304338E-03   1.40952505E+01   6.09317987E-01   3.65996621E-03   1.40952518E+01   6.09286462E-01   2.89444033E-03
    43.90000   1.41562560E+01   6.10387469E-01  -1.97310277E-01   1.41562838E+01   6.10479736E-01   7.27607835E-02   1.41562363E+01   6.10389591E-01   7.08365647E-02   1.41562332E+01   6.10374393E-01   7.21505641E-02
    44.00000   1.42173417E+01   6.11417187E-01   1.71645241E-02   1.42173764E+01   6.11344748E-01   1.28825469E-01   1.42173152E+01   6.11219830E-01   1.29848623E-01   1.42173180E+01   6.11342002E-01   1.30748379E-01
    44.10000   1.42785329E+01   6.12496929E-01   8.36676540E-02   1.42785651E+01   6.12374745E-01  -1.97364207E-01   1.42785018E+01   6.12460845E-01  -1.95151659E-01   1.42785158E+01   6.12522974E-01  -1.96932481E-01
    44.20000   1.43398315E+01   6.13513597E-01   2.70297083E-01   1.43398566E+01   6.13531551E-01   7.03433121E-02   1.43398043E+01   6.13605731E-01   6.92356491E-02   1.43398174E+01   6.13549009E-01   6.88484631E-02
    44.30000   1.44012420E+01   6.14603455E-01  -4.91211379E-02   1.44012700E+01   6.14726575E-01  -8.38809157E-02   1.44012144E+01   6.14596560E-01  -8.68907511E-02   1.44012251E+01   6.14635792E-01  -8.47922109E-02
    44.40000   1.44627653E+01   6.15813530E-01  -1.74922654E-01   1.44627983E+01   6.15892723E-01   1.12114279E-01   1.44627299E+01   6.15825384E-01   1.15451995E-01   1.44627507E+01   6.15955793E-01   1.14732232E-01
    44.50000   1.45244003E+01   6.16873275E-01  -1.07976062E-01   1.45244281E+01   6.16695693E-01   1.45706515E-01   1.45243639E+01   6.16823596E-01   1.46601456E-01   1.45243925E+01   6.16826928E-01   1.45344421E-01
    44.60000   1.45861476E+01   6.18140680E-01   2.31178253E-03   1.45861702E+01   6.18077215E-01  -1.38750141E-01   1.45861165E+01   6.18105960E-01  -1.41437236E-01   1.45861404E+01   6.18050646E-01  -1.40851489E-01
    44.70000   1.46480032E+01   6.19082386E-01   3.03937336E-01   1.46480304E+01   6.19135651E-01   6.62856270E-02   1.46479692E+01   6.18995292E-01   6.61107929E-02   1.46479945E+01   6.19086955E-01   6.73297339E-02
    44.80000   1.47099616E+01   6.19975116E-01   4.78902681E-02   1.47099911E+01   6.19997143E-01  -1.77036161E-01   1.47099208E+01   6.19997994E-01  -1.74951111E-01   1.47099583E+01   6.20106752E-01  -1.75623675E-01
    44.90000   1.47720189E+01   6.21075303E-01  -6.53824881E-02   1.47720413E+01   6.21108736E-01   1.32452681E-01   1.47719805E+01   6.21250806E-01   1.33120642E-01   1.47720209E+01   6.21200383E-01   1.31542616E-01
    45.00000   1.48341717E+01   6.21957861E-01  -1.99145298E-01   1.48341913E+01   6.21926804E-01   1.19013294E-01   1.48341381E+01   6.21903078E-01   1.15933138E-01   1.48341722E+01   6.21875395E-01   1.17505706E-01
    45.10000   1.48964142E+01   6.22941369E-01  -1.09297815E-01   1.48964387E+01   6.22934005E-01  -5.66854017E-02   1.48963757E+01   6.22814541E-01  -5.54571327E-02   1.48964155E+01   6.22942925E-01  -5.48127161E-02
    45.20000   1.49587421E+01   6.23709973E-01   2.54417415E-01   1.49587653E+01   6.23572218E-01   7.93511666E-02   1.49586987E+01   6.23640299E-01   8.08621132E-02   1.49587503E+01   6.23701731E-01   7.96037743E-02
    45.30000   1.50211533E+01   6.24512437E-01   1.24729737E-01   1.50211692E+01   6.24479367E-01  -2.30114516E-01   1.50211152E+01   6.24606071E-01  -2.31020153E-01   1.50211642E+01   6.24518390E-01  -2.31736864E-01
    45.40000   1.50836440E+01   6.25261624E-01   7.48552866E-02   1.50836594E+01   6.25419519E-01   1.13883904E-01   1.50836088E+01   6.25354893E-01   1.13215248E-01   1.50836522E+01   6.25369933E-01   1.14463009E-01
    45.50000   1.51462105E+01   6.25934597E-01  -2.12640240E-01   1.51462294E+01   6.25943922E-01   5.42798381E-02   1.51461692E+01   6.25871776E-01   5.38254473E-02   1.51462220E+01   6.26010711E-01   5.50366375E-02
    45.60000   1.52088527E+01   6.26911595E-01  -1.87586048E-01   1.52088671E+01   6.26814761E-01   4.50068959E-02   1.52088095E+01   6.26933436E-01   4.75351722E-02   1.52088709E+01   6.26932721E-01   4.48098372E-02
    45.70000   1.52715698E+01   6.27569948E-01   1.21351042E-01   1.52715779E+01   6.27424447E-01   9.43131597E-02   1.52715333E+01   6.27510548E-01   9.25860565E-02   1.52715874E+01   6.27411403E-01   9.29173767E-02
    45.80000   1.53343592E+01   6.28247507E-01   1.43627550E-01   1.53343690E+01   6.28277792E-01  -2.37791031E-01   1.53343235E+01   6.28193888E-01  -2.38173967E-01   1.53343746E+01   6.28254442E-01  -2.36153422E-01
    45.90000   1.53972219E+01   6.28978708E-01   2.25077835E-01   1.53972325E+01   6.29033562E-01   9.17619590E-02   1.53971800E+01   6.29024154E-01   9.22296687E-02   1.53972426E+01   6.29144102E-01   9.16298670E-02
    46.00000   1.54601605E+01   6.29691160E-01  -1.56929966E-01   1.54601645E+01   6.29661155E-01  -3.96968231E-02   1.54601200E+01   6.29801813E-01  -3.90654579E-02   1.54601861E+01   6.29740001E-01  -4.09384996E-02
    46.10000   1.55231746E+01   6.30556712E-01  -2.12034464E-01   1.55231746E+01   6.30600017E-01   1.21017560E-01   1.55231408E+01   6.30634277E-01   1.21616750E-01   1.55231969E+01   6.30549261E-01   1.21990822E-01
    46.20000   1.55862656E+01   6.31308050E-01  -2.94118774E-02   1.55862681E+01   6.31202104E-01   1.17737758E-01   1.55862303E+01   6.31126689E-01   1.14680146E-01   1.55862870E+01   6.31223408E-01   1.17643841E-01
    46.30000   1.56494381E+01   6.32255340E-01   9.66883909E-02   1.56494383E+01   6.32139456E-01  -1.89415468E-01   1.56493982E+01   6.32195894E-01  -1.86507301E-01   1.56494662E+01   6.32270287E-01  -1.89074582E-01
    46.40000   1.57126935E+01   6.32945558E-01   3.04957467E-01   1.57126866E+01   6.32927318E-01   5.59381478E-02   1.57126578E+01   6.33054908E-01   5.59828129E-02   1.57127235E+01   6.32948139E-01   5.46952174E-02
    46.50000   1.57760344E+01   6.33722702E-01  -3.82560560E-02   1.57760264E+01   6.33821944E-01  -1.24350082E-01   1.57760042E+01   6.33810993E-01  -1.26070067E-01   1.57760595E+01   6.33759512E-01  -1.23690707E-01
    46.60000   1.58394660E+01   6.34828314E-01  -1.47991987E-01   1.58394597E+01   6.34895879E-01   1.63801199E-01   1.58394327E+01   6.34856008E-01   1.64720907E-01   1.58394921E+01   6.34967486E-01   1.64902561E-01
    46.70000   1.59029922E+01   6.35728527E-01  -1.68597219E-01   1.59029807E+01   6.35557494E-01   1.11153828E-01   1.59029569E+01   6.35662194E-01   1.10872830E-01   1.59030248E+01   6.35676356E-01   1.09557206E-01
    46.80000   1.59666133E+01   6.36764680E-01  -3.26098132E-03   1.59665963E+01   6.36692564E-01  -1.03133627E-01   1.59665844E+01   6.36782738E-01  -1.01358553E-01   1.59666450E+01   6.36654491E-01  -1.02743695E-01
    46.90000   1.60303325E+01   6.37701107E-01   3.15780167E-01   1.60303172E+01   6.37691906E-01   5.56910701E-02   1.60303071E+01   6.37649775E-01   5.27966975E-02   1.60303591E+01   6.37642251E-01   5.58058893E-02
    47.00000   1.60941514E+01   6.38638625E-01   7.81351492E-02   1.60941361E+01   6.38653335E-01  -2.00922612E-01   1.60941227E+01   6.38667248E-01  -1.99548322E-01   1.60941813E+01   6.38765574E-01  -2.00208891E-01
    47.10000   1.61580677E+01   6.39600524E-01  -3.01012219E-02   1.61580458E+01   6.39656839E-01   1.50256379E-01   1.61580404E+01   6.39780335E-01   1.51801437E-01   1.61581029E+01   6.39734474E-01   1.49656596E-01
    47.20000   1.62220797E+01   6.40539830E-01  -2.32212739E-01   1.62220551E+01   6.40517045E-01   8.97043951E-02   1.62220594E+01   6.40555676E-01   8.67657571E-02   1.62221112E+01   6.40433540E-01   8.82151963E-02
    47.30000   1.62861852E+01   6.41635597E-01  -1.17861678E-01   1.62861638E+01   6.41602831E-01  -7.03184338E-03   1.62861662E+01   6.41560602E-01  -4.93870735E-03   1.62862127E+01   6.41589977E-01  -4.73377571E-03
    47.40000   1.63503794E+01   6.42378550E-01   2.26749376E-01   1.63503557E+01   6.42220638E-01   5.98865857E-02   1.63503584E+01   6.42287668E-01   5.95917681E-02   1.63504117E+01   6.42349616E-01   5.99106829E-02
    47.50000   1.64146580E+01   6.43176862E-01   1.46255835E-01   1.64146278E+01   6.43165500E-01  -2.31472821E-01   1.64146415E+01   6.43281010E-01  -2.32252093E-01   1.64146933E+01   6.43185330E-01  -2.33715177E-01
    47.60000   1.64790173E+01   6.43952768E-01   1.13225227E-01   1.64789873E+01   6.44105033E-01   1.18497586E-01   1.64790066E+01   6.44092480E-01   1.19179371E-01   1.64790468E+01   6.43999542E-01   1.19261319E-01
    47.70000   1.65434523E+01   6.44619663E-01  -2.30492646E-01   1.65434256E+01   6.44638097E-01   1.59836554E-02   1.65434412E+01   6.44616847E-01   1.51747240E-02   1.65434796E+01   6.44666628E-01   1.73312545E-02
    47.80000   1.66079589E+01   6.45493552E-01  -1.93012249E-01   1.66079277E+01   6.45410517E-01   9.35677069E-02   1.66079478E+01   6.45519747E-01   9.55162133E-02   1.66079912E+01   6.45528706E-01   9.35649923E-02
    47.90000   1.66725343E+01   6.46127554E-01   8.31660578E-02   1.66724979E+01   6.45986347E-01   8.13171551E-02   1.66725293E+01   6.46062289E-01   7.87181966E-02   1.66725663E+01   6.45943490E-01   7.85565897E-02
    48.00000   1.67371759E+01   6.46776267E-01   1.51039404E-01   1.67371426E+01   6.46815090E-01  -2.29164716E-01   1.67371747E+01   6.46766688E-01  -2.28577014E-01   1.67372014E+01   6.46714807E-01  -2.27821678E-01
    48.10000   1.68018793E+01   6.47277456E-01   2.50263115E-01   1.68018482E+01   6.47329896E-01   7.55361797E-02   1.68018767E+01   6.47344659E-01   7.82723470E-02   1.68019046E+01   6.47394547E-01   7.84100078E-02
    48.20000   1.68666425E+01   6.47835182E-01  -1.45602287E-01   1.68666055E+01   6.47828969E-01  -6.55401260E-02   1.68666423E+01   6.47955025E-01  -6.94750602E-02   1.68666717E+01   6.47910356E-01  -6.92737379E-02
    48.30000   1.69314630E+01   6.48537701E-01  -2.03221751E-01   1.69314230E+01   6.48603407E-01   1.59848829E-01   1.69314690E+01   6.48627906E-01   1.61813628E-01   1.69314888E+01   6.48512080E-01   1.59934485E-01
    48.40000   1.69963374E+01   6.48994455E-01  -8.77099638E-02   1.69963025E+01   6.48922532E-01   8.40702364E-02   1.69963445E+01   6.48853635E-01   8.41398131E-02   1.69963574E+01   6.48845870E-01   8.60240547E-02
    48.50000   1.70612644E+01   6.49627833E-01   9.04222524E-02   1.70612299E+01   6.49531807E-01  -1.60915251E-01   1.70612703E+01   6.49591477E-01  -1.61148803E-01   1.70612858E+01   6.49617468E-01  -1.60767047E-01
    48.60000   1.71262435E+01   6.50036646E-01   3.20126643E-01   1.71262028E+01   6.49994624E-01   4.71898422E-02   1.71262539E+01   6.50108712E-01   4.75787624E-02   1.71262666E+01   6.50022013E-01   4.54318498E-02
    48.70000   1.71912732E+01   6.50447140E-01  -2.80870109E-02   1.71912328E+01   6.50584387E-01  -1.62640356E-01   1.71912887E+01   6.50551672E-01  -1.65131487E-01   1.71912909E+01   6.50463840E-01  -1.63590583E-01
    48.80000   1.72563524E+01   6.51035471E-01  -1.21607346E-01   1.72563175E+01   6.51161242E-01   1.90720914E-01   1.72563666E+01   6.51101876E-01   1.94196734E-01   1.72563658E+01   6.51123800E-01   1.94145685E-01
    48.90000   1.73214837E+01   6.51570166E-01  -2.16861940E-01   1.73214469E+01   6.51419048E-01   6.98590615E-02   1.73214975E+01   6.51512321E-01   6.81998231E-02   1.73214989E+01   6.51501085E-01   6.82488626E-02
    49.00000   1.73866683E+01   6.52242902E-01  -1.96869933E-02   1.73866264E+01   6.52166530E-01  -5.83533695E-02   1.73866880E+01   6.52248186E-01  -5.89198454E-02   1.73866825E+01   6.52137557E-01  -5.98747698E-02
    49.10000   1.74519074E+01   6.52641165E-01   2.99972760E-01   1.74518685E+01   6.52647768E-01   4.02888515E-02   1.74519300E+01   6.52569612E-01   4.07827355E-02   1.74519153E+01   6.52524114E-01   4.14340375E-02
    49.20000   1.75172049E+01   6.53255819E-01   9.20633768E-02   1.75171709E+01   6.53332435E-01  -2.29165568E-01   1.75172247E+01   6.53300871E-01  -2.29207597E-01   1.75172106E+01   6.53334400E-01  -2.28256675E-01
    49.30000   1.75825654E+01   6.53909171E-01   1.46476389E-02   1.75825278E+01   6.53959480E-01   1.76278977E-01   1.75825863E+01   6.54070770E-01   1.77908486E-01   1.75825722E+01   6.54015841E-01   1.75972353E-01
    49.40000   1.76479911E+01   6.54512314E-01  -2.78433006E-01   1.76479505E+01   6.54505427E-01   2.58420204E-02   1.76480182E+01   6.54533741E-01   2.24511658E-02   1.76479943E+01   6.54425539E-01   2.36548836E-02
    49.50000   1.77134867E+01   6.55437836E-01  -1.17516437E-01   1.77134514E+01   6.55469204E-01   7.03469925E-02   1.77135140E+01   6.55366579E-01   7.19781350E-02   1.77134841E+01   6.55367291E-01   7.22717148E-02
    49.60000   1.77790585E+01   6.56145412E-01   1.89462566E-01   1.77790263E+01   6.56004765E-01   3.87914785E-02   1.77790821E+01   6.56007340E-01   4.00047767E-02   1.77790554E+01   6.56034061E-01   3.94641525E-02
    49.70000   1.78447101E+01   6.56930288E-01   1.58607196E-01   1.78446740E+01   6.56924127E-01  -2.54420816E-01   1.78447369E+01   6.57029761E-01  -2.55229710E-01   1.78447070E+01   6.56937259E-01  -2.55594748E-01
    49.80000   1.79104453E+01   6.57706360E-01   1.79718371E-01   1.79104091E+01   6.57854517E-01   1.47590379E-01   1.79104772E+01   6.57824698E-01   1.46047213E-01   1.79104367E+01   6.57742705E-01   1.46642409E-01
    49.90000   1.79762710E+01   6.58661690E-01  -2.51609166E-01   1.79762409E+01   6.58752510E-01  -4.58296019E-02   1.79763004E+01   6.58647605E-01  -4.53237821E-02   1.79762582E+01   6.58689121E-01  -4.47417458E-02
    50.00000   1.80421902E+01   6.59759982E-01  -1.85512247E-01   1.80421615E+01   6.59739777E-01   1.74165141E-01   1.80422165E+01   6.59776363E-01   1.77334395E-01   1.80421784E+01   6.59778214E-01   1.75838308E-01
    50.10000   1.81082029E+01   6.60572555E-01   2.59495409E-02   1.81081713E+01   6.60413998E-01   4.66409630E-02   1.81082340E+01   6.60487665E-01   4.27746880E-02   1.81081896E+01   6.60375263E-01   4.37589337E-02
    50.20000   1.81743114E+01   6.61684493E-01   1.68013952E-01   1.81742829E+01   6.61735353E-01  -2.10178697E-01   1.81743457E+01   6.61657291E-01  -2.10192056E-01   1.81742921E+01   6.61619870E-01  -2.09898227E-01
    50.30000   1.82405154E+01   6.62461779E-01   3.14521922E-01   1.82404928E+01   6.62541668E-01   1.01503721E-01   1.82405453E+01   6.62454998E-01   1.03703889E-01   1.82404944E+01   6.62521892E-01   1.03485284E-01
    50.40000   1.83068114E+01   6.63294426E-01  -1.53326412E-01   1.83067889E+01   6.63361802E-01  -1.57906658E-01   1.83068401E+01   6.63421832E-01  -1.57717333E-01   1.83067923E+01   6.63388321E-01  -1.58299743E-01
    50.50000   1.83731970E+01   6.64336672E-01  -1.69460982E-01   1.83731733E+01   6.64423515E-01   2.52221173E-01   1.83732309E+01   6.64449964E-01   2.50406107E-01   1.83731743E+01   6.64339643E-01   2.50590628E-01
    50.60000   1.84396688E+01   6.65135878E-01  -1.69705715E-01   1.84396504E+01   6.65060993E-01   4.86826365E-02   1.84397034E+01   6.64952687E-01   4.71698021E-02   1.84396409E+01   6.64967278E-01   4.85056399E-02
    50.70000   1.85062203E+01   6.66006508E-01   8.44688413E-02   1.85062067E+01   6.65979026E-01  -1.23381844E-01   1.85062497E+01   6.65926153E-01  -1.18343427E-01   1.85061935E+01   6.65996845E-01  -1.19977980E-01
    50.80000   1.85728454E+01   6.66549915E-01   3.68818214E-01   1.85728310E+01   6.66510048E-01   5.72674735E-02   1.85728753E+01   6.66568060E-01   5.39147707E-02   1.85728200E+01   6.66504360E-01   5.44594622E-02
    50.90000   1.86395390E+01   6.67205792E-01  -7.42388968E-03   1.86395261E+01   6.67355550E-01  -2.45190535E-01   1.86395734E+01   6.67329482E-01  -2.46313515E-01   1.86395087E+01   6.67246169E-01  -2.46058970E-01
    51.00000   1.87062906E+01   6.67754364E-01  -8.64384340E-02   1.87062842E+01   6.67928629E-01   2.55435457E-01   1.87063230E+01   6.67809703E-01   2.57653599E-01   1.87062571E+01   6.67874387E-01   2.57914020E-01
    51.10000   1.87730918E+01   6.68181499E-01  -3.04814444E-01   1.87730883E+01   6.68091629E-01   3.48485321E-02   1.87731194E+01   6.68077080E-01   3.43465681E-02   1.87730616E+01   6.68131750E-01   3.43017392E-02
    51.20000   1.88399348E+01   6.68790363E-01  -4.32605261E-02   1.88399303E+01   6.68737765E-01  -3.04396493E-03   1.88399640E+01   6.68774941E-01  -2.02335646E-03   1.88399045E+01   6.68692555E-01  -3.58947814E-03
    51.30000   1.89068132E+01   6.68916184E-01   3.07966995E-01   1.89068125E+01   6.68877844E-01   2.59015745E-02   1.89068449E+01   6.68802170E-01   2.22653323E-02   1.89067774E+01   6.68764784E-01   2.46325343E-02
    51.40000   1.89737218E+01   6.69189138E-01   1.24234701E-01   1.89737270E+01   6.69306303E-01  -2.96290168E-01   1.89737492E+01   6.69209155E-01  -2.93048959E-01   1.89736853E+01   6.69303809E-01  -2.93731193E-01
    51.50000   1.90406566E+01   6.69423186E-01   7.74313850E-02   1.90406622E+01   6.69531483E-01   2.20769607E-01   1.90406800E+01   6.69542517E-01   2.21514703E-01   1.90406241E+01   6.69570848E-01   2.20388036E-01
    51.60000   1.91076137E+01   6.69589784E-01  -3.48340124E-01   1.91076193E+01   6.69610366E-01  -2.28218925E-02   1.91076392E+01   6.69612096E-01  -2.59091323E-02   1.91075795E+01   6.69530458E-01  -2.51124504E-02
    51.70000   1.91745879E+01   6.69935747E-01  -1.61524113E-01   1.91745990E+01   6.69976396E-01   1.23638435E-01   1.91746133E+01   6.69871153E-01   1.25252129E-01   1.91745488E+01   6.69886701E-01   1.25850988E-01
    51.80000   1.92415769E+01   6.69967874E-01   1.53954792E-01   1.92415922E+01   6.69815343E-01   2.67466261E-02   1.92415968E+01   6.69751456E-01   2.63682269E-02   1.92415398E+01   6.69856845E-01   2.65062744E-02
    51.90000   1.93085782E+01   6.70119615E-01   1.85852836E-01   1.93085923E+01   6.70132872E-01  -2.86439552E-01   1.93085957E+01   6.70158855E-01  -2.84689201E-01   1.93085450E+01   6.70156302E-01  -2.86645555E-01
    52.00000   1.93755876E+01   6.70034308E-01   2.42293933E-01   1.93756032E+01   6.70185866E-01   1.48547529E-01   1.93756068E+01   6.70141387E-01   1.46342719E-01   1.93755514E+01   6.70082777E-01   1.47918449E-01
    52.10000   1.94426030E+01   6.70080773E-01  -2.75283946E-01   1.94426248E+01   6.70197434E-01  -1.03742434E-01   1.94426197E+01   6.70089769E-01  -1.05099820E-01   1.94425637E+01   6.70151631E-01  -1.03889561E-01
    52.20000   1.95096231E+01   6.70318068E-01  -2.12027463E-01   1.95096465E+01   6.70319378E-01   2.21474169E-01   1.95096342E+01   6.70297978E-01   2.25876590E-01   1.95095878E+01   6.70392396E-01   2.23556576E-01
    52.30000   1.95766463E+01   6.70229019E-01  -5.28259655E-02   1.95766677E+01   6.70058976E-01   3.18740257E-02   1.95766566E+01   6.70077603E-01   2.94292808E-02   1.95766140E+01   6.70052864E-01   2.99738590E-02
    52.40000   1.96436718E+01   6.70371243E-01   1.64742643E-01   1.96436965E+01   6.70411681E-01  -2.05621482E-01   1.96436826E+01   6.70332905E-01  -2.07061511E-01   1.96436359E+01   6.70310754E-01  -2.05866214E-01
    52.50000   1.97107005E+01   6.70259528E-01   3.51981153E-01   1.97107304E+01   6.70315378E-01   7.23408256E-02   1.97107066E+01   6.70224535E-01   7.39934367E-02   1.97106637E+01   6.70319680E-01   7.39102140E-02
    52.60000   1.97777337E+01   6.70264939E-01  -1.30321729E-01   1.97777625E+01   6.70335103E-01  -1.94689330E-01   1.97777352E+01   6.70353238E-01  -1.94048040E-01   1.97777021E+01   6.70420275E-01  -1.95352313E-01
    52.70000   1.98447723E+01   6.70424210E-01  -1.71075656E-01   1.98447991E+01   6.70516279E-01   2.68628098E-01   1.98447740E+01   6.70514405E-01   2.68636698E-01   1.98447420E+01   6.70482219E-01   2.68724237E-01
    52.80000   1.99118207E+01   6.70541497E-01  -2.35077152E-01   1.99118518E+01   6.70469790E-01   3.78580484E-02   1.99118210E+01   6.70365641E-01   3.47091952E-02   1.99117872E+01   6.70389056E-01   3.66778663E-02
    52.90000   1.99788827E+01   6.70860271E-01   5.67057497E-02   1.99789172E+01   6.70798289E-01  -9.03973434E-02   1.99788773E+01   6.70748238E-01  -8.74784592E-02   1.99788508E+01   6.70853562E-01  -8.86577320E-02
    53.00000   2.00459613E+01   6.70825448E-01   3.61470381E-01   2.00459926E+01   6.70735262E-01   2.07669482E-02   2.00459532E+01   6.70776389E-01   2.23744038E-02   2.00459347E+01   6.70810214E-01   2.09740611E-02
    53.10000   2.01130615E+01   6.71073291E-01   4.25914376E-02   2.01130918E+01   6.71206328E-01  -2.52301130E-01   2.01130540E+01   6.71175166E-01  -2.56546059E-01   2.01130349E+01   6.71152462E-01  -2.54815563E-01
    53.20000   2.01801902E+01   6.71434385E-01  -4.79540088E-02   2.01802249E+01   6.71593311E-01   2.51372638E-01   2.01801789E+01   6.71487463E-01   2.53680629E-01   2.01801613E+01   6.71552539E-01   2.53936290E-01
    53.30000   2.02473569E+01   6.71806401E-01  -3.52889640E-01   2.02473920E+01   6.71718176E-01   6.44724876E-03   2.02473397E+01   6.71711393E-01   6.25563410E-03   2.02473314E+01   6.71807153E-01   5.70360730E-03
    53.40000   2.03145668E+01   6.72461651E-01  -6.92430918E-02   2.03145976E+01   6.72374573E-01   6.21159987E-02   2.03145489E+01   6.72425812E-01   6.36833148E-02   2.03145459E+01   6.72429129E-01   6.21924781E-02
    53.50000   2.03818331E+01   6.73004483E-01   2.77196594E-01   2.03818640E+01   6.72905214E-01   9.86876307E-03   2.03818153E+01   6.72843923E-01   7.34887787E-03   2.03818112E+01   6.72844711E-01   9.20517935E-03
    53.60000   2.04491626E+01   6.73653399E-01   1.72651035E-01   2.04491975E+01   6.73743915E-01  -2.85981710E-01   2.04491400E+01   6.73659582E-01  -2.86656527E-01   2.04491405E+01   6.73750994E-01  -2.85696764E-01
    53.70000   2.05165574E+01   6.74155987E-01   1.30516895E-01   2.05165906E+01   6.74237909E-01   1.92691498E-01   2.05165305E+01   6.74274854E-01   1.97080363E-01   2.05165402E+01   6.74341923E-01   1.94430008E-01
    53.80000   2.05840241E+01   6.74969595E-01  -3.44753713E-01   2.05840528E+01   6.74973296E-01  -3.92538386E-02   2.05839984E+01   6.75014359E-01  -4.26036662E-02   2.05840101E+01   6.74996619E-01  -4.20783015E-02
    53.90000   2.06515699E+01   6.76028803E-01  -1.89767484E-01   2.06515999E+01   6.76038318E-01   1.92194077E-01   2.06515432E+01   6.75958573E-01   1.92361904E-01   2.06515546E+01   6.75991370E-01   1.93799493E-01
    54.00000   2.07191966E+01   6.76662392E-01   8.10909739E-02   2.07192292E+01   6.76490313E-01   1.34679460E-02   2.07191644E+01   6.76439737E-01   1.36305127E-02   2.07191833E+01   6.76541593E-01   1.38056238E-02
    54.10000   2.07869088E+01   6.77634710E-01   2.25389882E-01   2.07869378E+01   6.77592604E-01  -2.45637659E-01   2.07868746E+01   6.77664379E-01  -2.43983470E-01   2.07869009E+01   6.77692227E-01  -2.46214725E-01
    54.20000   2.08547125E+01   6.78465702E-01   3.05599713E-01   2.08547375E+01   6.78529320E-01   1.16651208E-01   2.08546804E+01   6.78548080E-01   1.15988061E-01   2.08547058E+01   6.78525108E-01   1.16526164E-01
    54.30000   2.09226092E+01   6.79319847E-01  -2.39393935E-01   2.09226363E+01   6.79449469E-01  -1.34227290E-01   2.09225751E+01   6.79367946E-01  -1.36925172E-01   2.09226021E+01   6.79432785E-01  -1.34492344E-01
    54.40000   2.09905956E+01   6.80321596E-01  -2.08915462E-01   2.09906236E+01   6.80341769E-01   2.82406358E-01   2.09905569E+01   6.80339162E-01   2.85792080E-01   2.09905929E+01   6.80429281E-01   2.83971884E-01
    54.50000   2.10586714E+01   6.81232174E-01  -1.33858359E-01   2.10586947E+01   6.81010189E-01   2.61374449E-02   2.10586335E+01   6.81097259E-01   2.56546494E-02   2.10586736E+01   6.81085113E-01   2.46245627E-02
    54.60000   2.11268338E+01   6.82203464E-01   1.60332780E-01   2.11268547E+01   6.82167306E-01  -1.48326913E-01   2.11267986E+01   6.82162109E-01  -1.49197911E-01   2.11268360E+01   6.82149228E-01  -1.48289247E-01
    54.70000   2.11950750E+01   6.82677463E-01   3.79518297E-01   2.11950982E+01   6.82699044E-01   2.94478670E-02   2.11950369E+01   6.82631497E-01   2.84619518E-02   2.11950784E+01   6.82721399E-01   3.00855887E-02
    54.80000   2.12633911E+01   6.83449750E-01  -5.97148595E-02   2.12634130E+01   6.83535235E-01  -2.07273821E-01   2.12633499E+01   6.83579100E-01  -2.05030651E-01   2.12634003E+01   6.83637987E-01  -2.06926280E-01
    54.90000   2.13317786E+01   6.84235094E-01  -1.40041566E-01   2.13317952E+01   6.84279284E-01   3.04915752E-01   2.13317401E+01   6.84362055E-01   3.04735027E-01   2.13317907E+01   6.84319257E-01   3.03821176E-01
    55.00000   2.14002314E+01   6.84793088E-01  -3.20485492E-01   2.14002470E+01   6.84702226E-01  -2.13357456E-03   2.14001951E+01   6.84677966E-01  -4.12616144E-03   2.14002426E+01   6.84686366E-01  -2.10322854E-03
    55.10000   2.14687446E+01   6.85576275E-01   5.93657026E-02   2.14687615E+01   6.85502160E-01   7.28133733E-03   2.14687049E+01   6.85467682E-01   8.89951590E-03   2.14687587E+01   6.85564249E-01   9.00993360E-03
    55.20000   2.15373189E+01   6.86045556E-01   3.44610416E-01   2.15373321E+01   6.85895145E-01  -3.16261679E-02   2.15372779E+01   6.85973103E-01  -3.19320328E-02   2.15373384E+01   6.85989289E-01  -3.31878300E-02
    55.30000   2.16059520E+01   6.86578452E-01   1.09162970E-01   2.16059605E+01   6.86677147E-01  -2.52418847E-01   2.16059150E+01   6.86743924E-01  -2.51293552E-01   2.16059721E+01   6.86683299E-01  -2.52375557E-01
    55.40000   2.16746406E+01   6.87053636E-01   3.91410739E-04   2.16746491E+01   6.87186256E-01   2.50874285E-01   2.16746047E+01   6.87151784E-01   2.48856789E-01   2.16746596E+01   6.87186140E-01   2.51175556E-01
    55.50000   2.17433874E+01   6.87757970E-01  -3.87617095E-01   2.17433953E+01   6.87694420E-01  -2.42925368E-02   2.17433483E+01   6.87703634E-01  -2.35389229E-02   2.17434105E+01   6.87785806E-01  -2.35399432E-02
    55.60000   2.18121944E+01   6.88528320E-01  -8.49585592E-02   2.18121969E+01   6.88405799E-01   1.54190998E-01   2.18121558E+01   6.88499624E-01   1.55724155E-01   2.18122212E+01   6.88471266E-01   1.53256493E-01
    55.70000   2.18810606E+01   6.88917696E-01   2.01291804E-01   2.18810599E+01   6.88767178E-01  -5.96132464E-02   2.18810267E+01   6.88807692E-01  -6.19117931E-02   2.18810861E+01   6.88748261E-01  -6.06137864E-02
    55.80000   2.19499898E+01   6.89669571E-01   2.42952405E-01   2.19499895E+01   6.89739147E-01  -2.35885780E-01   2.19499560E+01   6.89713879E-01  -2.33930741E-01   2.19500149E+01   6.89766705E-01  -2.33074683E-01
    55.90000   2.20189866E+01   6.90230749E-01   1.63394337E-01   2.20189835E+01   6.90275758E-01   1.49556786E-01   2.20189503E+01   6.90322754E-01   1.47627056E-01   2.20190161E+01   6.90374895E-01   1.47526628E-01
    56.00000   2.20880507E+01   6.90881904E-01  -3.48061694E-01   2.20880422E+01   6.90911365E-01  -7.09406756E-02   2.20880173E+01   6.91005541E-01  -6.90823579E-02   2.20880822E+01   6.90939518E-01  -7.11803245E-02
    56.10000   2.21571832E+01   6.91762106E-01  -1.70971915E-01   2.21571734E+01   6.91744678E-01   2.75892474E-01   2.21571541E+01   6.91756163E-01   2.75815366E-01   2.21572120E+01   6.91712381E-01   2.76931729E-01
    56.20000   2.22263890E+01   6.92482616E-01  -4.53253638E-04   2.22263792E+01   6.92282874E-01  -5.88841073E-02   2.22263592E+01   6.92280856E-01  -6.12902885E-02   2.22264183E+01   6.92339569E-01  -5.93760530E-02
    56.30000   2.22956661E+01   6.93205298E-01   2.61922880E-01   2.22956521E+01   6.93158049E-01  -1.75390442E-01   2.22956359E+01   6.93236410E-01  -1.72215430E-01   2.22956999E+01   6.93246610E-01  -1.74893921E-01
    56.40000   2.23650128E+01   6.93675807E-01   3.04766828E-01   2.23649947E+01   6.93715621E-01   5.06649220E-02   2.23649872E+01   6.93787172E-01   4.89106580E-02   2.23650465E+01   6.93701282E-01   4.92628268E-02
    56.50000   2.24344308E+01   6.94497415E-01  -1.96812959E-01   2.24344129E+01   6.94628967E-01  -1.25359742E-01   2.24344086E+01   6.94628171E-01  -1.25190819E-01   2.24344613E+01   6.94603968E-01  -1.24230556E-01
    56.60000   2.25039190E+01   6.95257523E-01  -2.02604356E-01   2.25039000E+01   6.95251157E-01   3.08368086E-01   2.25038958E+01   6.95277931E-01   3.08883164E-01   2.25039509E+01   6.95328017E-01   3.08998174E-01
    56.70000   2.25734734E+01   6.95847464E-01  -2.09200326E-01   2.25734496E+01   6.95655105E-01  -3.54949394E-02   2.25734522E+01   6.95749427E-01  -3.63432867E-02   2.25735090E+01   6.95715339E-01  -3.71959267E-02
    56.80000   2.26430923E+01   6.96644549E-01   1.92373809E-01   2.26430660E+01   6.96594383E-01  -5.46188787E-02   2.26430764E+01   6.96638303E-01  -5.29396615E-02   2.26431257E+01   6.96547874E-01  -5.37190110E-02
    56.90000   2.27127733E+01   6.97062278E-01   3.55583509E-01   2.27127482E+01   6.97040485E-01  -4.03583862E-02   2.27127597E+01   6.97034494E-01  -4.27393589E-02   2.27128036E+01   6.97030393E-01  -4.06850827E-02
    57.00000   2.27825108E+01   6.97565194E-01  -1.06455065E-02   2.27824837E+01   6.97670239E-01  -1.92814643E-01   2.27824972E+01   6.97730445E-01  -1.91450550E-01   2.27825435E+01   6.97754269E-01  -1.92403290E-01
    57.10000   2.28522996E+01   6.98064583E-01  -1.22910649E-01   2.28522679E+01   6.98117890E-01   2.90914091E-01   2.28522898E+01   6.98204229E-01   2.92176998E-01   2.28523340E+01   6.98134681E-01   2.91147747E-01
    57.20000   2.29221378E+01   6.98645627E-01  -3.57151079E-01   2.29221057E+01   6.98578342E-01  -1.88530618E-02   2.29221329E+01   6.98590548E-01  -2.24132917E-02   2.29221683E+01   6.98511185E-01  -2.11379144E-02
    57.30000   2.29920202E+01   6.99168584E-01   4.12533032E-02   2.29919897E+01   6.99088312E-01   7.30325795E-02   2.29920163E+01   6.99089830E-01   7.66563663E-02   2.29920483E+01   6.99098571E-01   7.61324146E-02
    57.40000   2.30619413E+01   6.99333165E-01   2.96936087E-01   2.30619080E+01   6.99190894E-01  -9.00644070E-02   2.30619386E+01   6.99268060E-01  -9.14035675E-02   2.30619719E+01   6.99259528E-01  -9.10734061E-02
    57.50000   2.31318999E+01   6.99795420E-01   1.70539411E-01   2.31318631E+01   6.99895893E-01  -2.16793171E-01   2.31319021E+01   6.99961905E-01  -2.18204287E-01   2.31319299E+01   6.99870436E-01  -2.18715010E-01
    57.60000   2.32018942E+01   7.00016866E-01   1.92454610E-02   2.32018586E+01   7.00150167E-01   2.06279103E-01   2.32018996E+01   7.00130999E-01   2.08581873E-01   2.32019192E+01   7.00077358E-01   2.08299525E-01
    57.70000   2.32719198E+01   7.00338645E-01  -3.93412767E-01   2.32718858E+01   7.00339467E-01  -3.47357664E-02   2.32719255E+01   7.00355585E-01  -3.68881763E-02   2.32719435E+01   7.00365833E-01  -3.54108637E-02
    57.80000   2.33419757E+01   7.00839462E-01  -9.41224649E-02   2.33419383E+01   7.00731631E-01   2.02469167E-01   2.33419838E+01   7.00818986E-01   2.04804512E-01   2.33420009E+01   7.00773594E-01   2.03444086E-01
    57.90000   2.34120625E+01   7.01060332E-01   1.30487164E-01   2.34120232E+01   7.00912388E-01  -1.02836453E-01   2.34120755E+01   7.00940559E-01  -1.05294250E-01   2.34120848E+01   7.00847970E-01  -1.05344247E-01
    58.00000   2.34821789E+01   7.01343324E-01   2.56766402E-01   2.34821424E+01   7.01435285E-01  -1.92916760E-01   2.34821935E+01   7.01402059E-01  -1.91581927E-01   2.34821963E+01   7.01375426E-01  -1.90990699E-01
    58.10000   2.35523250E+01   7.01481740E-01   1.89527512E-01   2.35522892E+01   7.01544660E-01   1.08414904E-01   2.35523393E+01   7.01576774E-01   1.09599632E-01   2.35523419E+01   7.01576784E-01   1.09612379E-01
    58.20000   2.36225056E+01   7.01964876E-01  -3.15326685E-01   2.36224663E+01   7.02023578E-01  -8.76858135E-02   2.36225233E+01   7.02103306E-01  -9.08601556E-02   2.36225223E+01   7.02028034E-01  -9.12091528E-02
    58.30000   2.36927230E+01   7.02430509E-01  -1.82612094E-01   2.36926836E+01   7.02439878E-01   2.93382403E-01   2.36927446E+01   7.02430243E-01   2.96224312E-01   2.36927349E+01   7.02353478E-01   2.95649516E-01
    58.40000   2.37629793E+01   7.02764030E-01  -7.55703829E-02   2.37629437E+01   7.02626669E-01  -8.51303083E-02   2.37630008E+01   7.02585627E-01  -8.65011445E-02   2.37629873E+01   7.02584357E-01  -8.49211249E-02
    58.50000   2.38332804E+01   7.03385453E-01   2.71554161E-01   2.38332445E+01   7.03346510E-01  -1.04093332E-01   2.38333018E+01   7.03397520E-01  -1.03956744E-01   2.38332882E+01   7.03375011E-01  -1.04757319E-01
    58.60000   2.39036330E+01   7.03702743E-01   3.11610001E-01   2.39035943E+01   7.03716341E-01  -2.45553442E-03   2.39036582E+01   7.03768966E-01  -2.16785300E-03   2.39036385E+01   7.03678851E-01  -3.06118955E-03
    58.70000   2.39740402E+01   7.04285385E-01  -1.53831988E-01   2.39740036E+01   7.04479985E-01  -1.55160236E-01   2.39740680E+01   7.04436590E-01  -1.55711069E-01   2.39740405E+01   7.04389644E-01  -1.54494560E-01
    58.80000   2.40445081E+01   7.04986006E-01  -1.72852073E-01   2.40444750E+01   7.05040073E-01   3.39674604E-01   2.40445341E+01   7.05006812E-01   3.40516929E-01   2.40445056E+01   7.05019424E-01   3.40513999E-01
    58.90000   2.41150440E+01   7.05763803E-01  -2.84259472E-01   2.41150099E+01   7.05604035E-01  -6.24175054E-02   2.41150706E+01   7.05660532E-01  -6.39065852E-02   2.41150412E+01   7.05613376E-01  -6.45753093E-02
    59.00000   2.41856525E+01   7.06625352E-01   1.77779659E-01   2.41856173E+01   7.06576794E-01   2.54478192E-02   2.41856830E+01   7.06595000E-01   2.73171115E-02   2.41856458E+01   7.06507000E-01   2.71473506E-02
    59.10000   2.42563382E+01   7.07158610E-01   3.40987510E-01   2.42563068E+01   7.07152006E-01  -9.57411559E-02   2.42563694E+01   7.07083249E-01  -9.76829756E-02   2.42563267E+01   7.07072797E-01  -9.62864499E-02
    59.20000   2.43271064E+01   7.08095026E-01   5.89365050E-02   2.43270782E+01   7.08260954E-01  -1.92237284E-01   2.43271351E+01   7.08242667E-01  -1.91240598E-01   2.43270940E+01   7.08258056E-01  -1.92178781E-01
    59.30000   2.43979592E+01   7.08878633E-01  -7.94529429E-02   2.43979301E+01   7.08948000E-01   3.03490845E-01   2.43979894E+01   7.08993947E-01   3.03838461E-01   2.43979459E+01   7.08927704E-01   3.03404218E-01
    59.40000   2.44688946E+01   7.09719533E-01  -4.22608671E-01   2.44688669E+01   7.09717350E-01  -6.83258758E-02   2.44689285E+01   7.09697087E-01  -6.94893962E-02   2.44688769E+01   7.09629229E-01  -6.86438466E-02
    59.50000   2.45399099E+01   7.10701186E-01   3.76945879E-02   2.45398870E+01   7.10663026E-01   1.88724885E-01   2.45399426E+01   7.10586903E-01   1.89718353E-01   2.45398890E+01   7.10609486E-01   1.89621227E-01
    59.60000   2.46110024E+01   7.11300626E-01   2.36299467E-01   2.46109819E+01   7.11159291E-01  -1.55168671E-01   2.46110329E+01   7.11156319E-01  -1.55933216E-01   2.46109820E+01   7.11162352E-01  -1.56122770E-01
    59.70000   2.46821643E+01   7.11935641E-01   2.49243741E-01   2.46821440E+01   7.12071759E-01  -1.90399384E-01   2.46821973E+01   7.12097087E-01  -1.89200381E-01   2.46821425E+01   7.12021631E-01  -1.89615622E-01
    59.80000   2.47533891E+01   7.12393168E-01   8.63198068E-02   2.47533720E+01   7.12540690E-01   1.82309501E-01   2.47534242E+01   7.12484614E-01   1.79652820E-01   2.47533627E+01   7.12451469E-01   1.80799224E-01
    59.90000   2.48246729E+01   7.13131556E-01  -4.20899045E-01   2.48246606E+01   7.13217492E-01  -7.84456457E-02   2.48247052E+01   7.13147324E-01  -7.56351316E-02   2.48246452E+01   7.13194616E-01  -7.63560613E-02
    60.00000   2.48960079E+01   7.13655572E-01  -1.24101615E-01   2.48959970E+01   7.13594191E-01   3.08538433E-01   2.48960382E+01   7.13596504E-01   3.07904911E-01   2.48959812E+01   7.13589853E-01   3.08086070E-01
    60.10000   2.49673860E+01   7.13961153E-01   4.28338692E-02   2.49673765E+01   7.13817456E-01  -1.59808108E-01   2.49674188E+01   7.13814182E-01  -1.62443986E-01   2.49673571E+01   7.13744900E-01  -1.62348247E-01
    60.20000   2.50388012E+01   7.14446185E-01   3.39177661E-01   2.50387966E+01   7.14541037E-01  -1.34970991E-01   2.50388344E+01   7.14460669E-01  -1.31349920E-01   2.50387688E+01   7.14468845E-01  -1.31899806E-01
    60.30000   2.51102442E+01   7.14390839E-01   2.37468572E-01   2.51102435E+01   7.14468908E-01   2.88799785E-02   2.51102735E+01   7.14413498E-01   2.65913407E-02   2.51102124E+01   7.14472109E-01   2.80350062E-02
    60.40000   2.51817028E+01   7.14513865E-01  -2.95373108E-01   2.51817031E+01   7.14680223E-01  -1.24407294E-01   2.51817311E+01   7.14685027E-01  -1.23321498E-01   2.51816724E+01   7.14663161E-01  -1.24668294E-01
    60.50000   2.52531724E+01   7.14800424E-01  -1.94442617E-01   2.52531751E+01   7.14827214E-01   3.86919901E-01   2.52532022E+01   7.14787639E-01   3.85132246E-01   2.52531388E+01   7.14740871E-01   3.85329093E-01
    60.60000   2.53246505E+01   7.14888793E-01  -2.11335889E-01   2.53246581E+01   7.14752350E-01  -1.43210582E-01   2.53246783E+01   7.14668479E-01  -1.41087530E-01   2.53246145E+01   7.14712386E-01  -1.40324925E-01
    60.70000   2.53961269E+01   7.14808798E-01   2.89334706E-01   2.53961370E+01   7.14794228E-01  -3.34844571E-02   2.53961507E+01   7.14759204E-01  -3.34209996E-02   2.53960932E+01   7.14815821E-01  -3.34472620E-02
    60.80000   2.54675976E+01   7.14544313E-01   3.46692804E-01   2.54676084E+01   7.14550572E-01  -8.48742981E-02   2.54676209E+01   7.14545943E-01  -8.82264934E-02   2.54675648E+01   7.14516870E-01  -8.87877285E-02
    60.90000   2.55390628E+01   7.14651054E-01  -7.84006705E-02   2.55390770E+01   7.14872533E-01  -1.70820391E-01   2.55390862E+01   7.14806094E-01  -1.66801657E-01   2.55390267E+01   7.14791931E-01  -1.67401190E-01
    61.00000   2.56105155E+01   7.14339704E-01  -1.82101520E-01   2.56105338E+01   7.14423816E-01   3.49811111E-01   2.56105351E+01   7.14346965E-01   3.48016493E-01   2.56104786E+01   7.14418114E-01   3.50125727E-01
    61.10000   2.56819498E+01   7.14227784E-01  -3.89711600E-01   2.56819694E+01   7.14129152E-01  -9.65078520E-02   2.56819661E+01   7.14116994E-01  -9.69740352E-02   2.56819166E+01   7.14160754E-01  -9.81902292E-02
    61.20000   2.57533673E+01   7.14318095E-01   1.60003491E-01   2.57533875E+01   7.14244465E-01   1.14411793E-01   2.57533832E+01   7.14219802E-01   1.15605416E-01   2.57533340E+01   7.14194594E-01   1.14599211E-01
    61.30000   2.58247653E+01   7.13816286E-01   3.07001830E-01   2.58247894E+01   7.13766906E-01  -1.81856518E-01   2.58247797E+01   7.13684856E-01  -1.83283953E-01   2.58247293E+01   7.13706007E-01  -1.81438602E-01
    61.40000   2.58961386E+01   7.13537132E-01   1.48774018E-01   2.58961660E+01   7.13725643E-01  -1.92417894E-01   2.58961486E+01   7.13673297E-01  -1.90668629E-01   2.58961043E+01   7.13755946E-01  -1.91168659E-01
    61.50000   2.59674897E+01   7.13312499E-01  -4.44869502E-02   2.59675165E+01   7.13389946E-01   2.64107285E-01   2.59674969E+01   7.13388324E-01   2.63471630E-01   2.59674588E+01   7.13416895E-01   2.62758233E-01
    61.60000   2.60388222E+01   7.13282708E-01  -4.78178162E-01   2.60388498E+01   7.13298050E-01  -8.05970918E-02   2.60388287E+01   7.13254959E-01  -8.14343767E-02   2.60387904E+01   7.13242355E-01  -8.11158553E-02
    61.70000   2.61101336E+01   7.13077859E-01  -2.48581472E-02   2.61101651E+01   7.13027498E-01   2.45662494E-01   2.61101369E+01   7.12944259E-01   2.46487117E-01   2.61101003E+01   7.12998343E-01   2.47025538E-01
    61.80000   2.61814274E+01   7.12862041E-01   1.87919461E-01   2.61814603E+01   7.12692061E-01  -1.93748376E-01   2.61814263E+01   7.12669419E-01  -1.93922321E-01   2.61813974E+01   7.12748290E-01  -1.94050259E-01
    61.90000   2.62527129E+01   7.12959600E-01   3.11706582E-01   2.62527439E+01   7.13041581E-01  -1.75989413E-01   2.62527097E+01   7.13045331E-01  -1.74932108E-01   2.62526856E+01   7.13058685E-01  -1.75460948E-01
    62.00000   2.63239926E+01   7.12579021E-01   1.14051393E-01   2.63240247E+01   7.12711568E-01   1.15289002E-01   2.63239880E+01   7.12648653E-01   1.12982633E-01   2.63239641E+01   7.12659586E-01   1.13573674E-01
    62.10000   2.63952701E+01   7.12707416E-01  -4.12292279E-01   2.63953056E+01   7.12829389E-01  -7.67463922E-02   2.63952615E+01   7.12764616E-01  -7.59587243E-02   2.63952421E+01   7.12840555E-01  -7.61398831E-02
    62.20000   2.64665570E+01   7.13096510E-01  -1.59791573E-01   2.64665915E+01   7.12992702E-01   3.54260317E-01   2.64665443E+01   7.12997339E-01   3.57676654E-01   2.64665328E+01   7.13060721E-01   3.57286573E-01
    62.30000   2.65378654E+01   7.13296388E-01  -3.66059680E-02   2.65378972E+01   7.13094011E-01  -1.72189946E-01   2.65378512E+01   7.13092996E-01  -1.77076564E-01   2.65378427E+01   7.13099487E-01  -1.76052021E-01
    62.40000   2.66092017E+01   7.13603515E-01   3.71142973E-01   2.66092351E+01   7.13655946E-01  -1.04067474E-01   2.66091854E+01   7.13587942E-01  -1.02571229E-01   2.66091784E+01   7.13625049E-01  -1.03554783E-01
    62.50000   2.66805771E+01   7.13816749E-01   2.93791261E-01   2.66806123E+01   7.13867866E-01  -2.69332275E-02   2.66805563E+01   7.13827886E-01  -2.50966569E-02   2.66805559E+01   7.13910407E-01  -2.50644334E-02
    62.60000   2.67520017E+01   7.14518989E-01  -2.36431994E-01   2.67520344E+01   7.14649359E-01  -1.03878946E-01   2.67519784E+01   7.14680647E-01  -1.04913926E-01   2.67519846E+01   7.14718035E-01  -1.04029459E-01
    62.70000   2.68234795E+01   7.15012648E-01  -2.44669570E-01   2.68235100E+01   7.15020806E-01   3.77824601E-01   2.68234557E+01   7.15007516E-01   3.77248426E-01   2.68234634E+01   7.15015250E-01   3.76623670E-01
    62.80000   2.68950142E+01   7.15676276E-01  -2.74763944E-01   2.68950468E+01   7.15547746E-01  -1.09534754E-01   2.68949879E+01   7.15481642E-01  -1.10108070E-01   2.68949986E+01   7.15542268E-01  -1.10441260E-01
    62.90000   2.69666154E+01   7.16581326E-01   3.04779946E-01   2.69666481E+01   7.16474192E-01   3.43933860E-02   2.69665849E+01   7.16469333E-01   3.73505882E-02   2.69666032E+01   7.16542140E-01   3.77472967E-02
    63.00000   2.70382883E+01   7.16968362E-01   3.65621156E-01   2.70383172E+01   7.16904282E-01  -1.67106109E-01   2.70382568E+01   7.16945854E-01  -1.69375349E-01   2.70382795E+01   7.16959775E-01  -1.69105062E-01
    63.10000   2.71100335E+01   7.17739196E-01   2.65627804E-02   2.71100613E+01   7.17964595E-01  -1.43871462E-01   2.71100023E+01   7.17943468E-01  -1.44135726E-01   2.71100256E+01   7.17960707E-01  -1.44785326E-01
    63.20000   2.71818581E+01   7.18610005E-01  -1.76433908E-01   2.71818872E+01   7.18675665E-01   3.42584486E-01   2.71818237E+01   7.18625761E-01   3.43566425E-01   2.71818517E+01   7.18699854E-01   3.43990306E-01
    63.30000   2.72537639E+01   7.19513164E-01  -4.62502803E-01   2.72537912E+01   7.19393778E-01  -6.50674712E-02   2.72537266E+01   7.19424696E-01  -6.50427823E-02   2.72537617E+01   7.19474878E-01  -6.51366758E-02
    63.40000   2.73257448E+01   7.20269305E-01   1.28065845E-01   2.73257686E+01   7.20132051E-01   1.78337909E-01   2.73257087E+01   7.20177929E-01   1.78805694E-01   2.73257457E+01   7.20173061E-01   1.78585193E-01
    63.50000   2.73977997E+01   7.20900622E-01   3.21852580E-01   2.73978231E+01   7.20794992E-01  -2.29644449E-01   2.73977642E+01   7.20765706E-01  -2.30991711E-01   2.73978017E+01   7.20797165E-01  -2.30603745E-01
    63.60000   2.74699262E+01   7.21652409E-01   2.62556389E-01   2.74699500E+01   7.21802277E-01  -1.55312423E-01   2.74698876E+01   7.21781577E-01  -1.54747328E-01   2.74699311E+01   7.21856689E-01  -1.55007425E-01
    63.70000   2.75421148E+01   7.21949011E-01  -3.63229006E-02   2.75421357E+01   7.22016724E-01   1.93236941E-01   2.75420752E+01   7.22073743E-01   1.93973392E-01   2.75421242E+01   7.22094645E-01   1.93550279E-01
    63.80000   2.76143597E+01   7.22724721E-01  -4.88495459E-01   2.76143774E+01   7.22750764E-01  -2.82707000E-02   2.76143226E+01   7.22788660E-01  -2.75841255E-02   2.76143711E+01   7.22774264E-01  -2.75243470E-02
    63.90000   2.76866588E+01   7.23411929E-01  -7.82257391E-02   2.76866762E+01   7.23288202E-01   3.13308044E-01   2.76866215E+01   7.23260476E-01   3.10169198E-01   2.76866710E+01   7.23305774E-01   3.11762067E-01
    64.00000   2.77590047E+01   7.23679343E-01   1.18029454E-01   2.77590213E+01   7.23479364E-01  -2.51180055E-01   2.77589651E+01   7.23493950E-01  -2.49111803E-01   2.77590209E+01   7.23554462E-01  -2.51108092E-01
    64.10000   2.78313909E+01   7.24089838E-01   4.26290927E-01   2.78314037E+01   7.24132620E-01  -1.08832736E-01   2.78313523E+01   7.24202862E-01  -1.06425717E-01   2.78314110E+01   7.24193388E-01  -1.06775791E-01
    64.20000   2.79038185E+01   7.24353086E-01   1.57596930E-01   2.79038285E+01   7.24425876E-01   1.58263403E-02   2.79037826E+01   7.24453169E-01   1.13683764E-02   2.79038389E+01   7.24436101E-01   1.37572432E-02
    64.30000   2.79762860E+01   7.24844975E-01  -3.80474855E-01   2.79762952E+01   7.24984882E-01  -3.23845284E-02   2.79762493E+01   7.24971285E-01  -3.02300486E-02   2.79763073E+01   7.25022667E-01  -3.19843422E-02
    64.40000   2.80487903E+01   7.25206246E-01  -2.35812291E-01   2.80487971E+01   7.25102275E-01   3.73014664E-01   2.80487522E+01   7.25145252E-01   3.72928735E-01   2.80488156E+01   7.25180822E-01   3.72497389E-01
    64.50000   2.81213360E+01   7.25798115E-01  -1.19873240E-01   2.81213386E+01   7.25574625E-01  -1.82959640E-01   2.81213003E+01   7.25648191E-01  -1.81344473E-01   2.81213634E+01   7.25610985E-01  -1.80851677E-01
    64.60000   2.81939271E+01   7.26285894E-01   4.25470509E-01   2.81939273E+01   7.26242767E-01  -1.72358892E-02   2.81938937E+01   7.26255927E-01  -2.00111942E-02   2.81939533E+01   7.26245231E-01  -1.89540128E-02
    64.70000   2.82665633E+01   7.26395959E-01   2.92411986E-01   2.82665625E+01   7.26423331E-01  -1.67015486E-01   2.82665291E+01   7.26433323E-01  -1.67378432E-01   2.82665911E+01   7.26480451E-01  -1.68259756E-01
    64.80000   2.83392492E+01   7.27090239E-01  -1.22724896E-01   2.83392447E+01   7.27257131E-01  -3.37102460E-02   2.83392151E+01   7.27321628E-01  -2.85545204E-02   2.83392804E+01   7.27324305E-01  -3.00688601E-02
    64.90000   2.84119911E+01   7.27693388E-01  -2.87316727E-01   2.84119826E+01   7.27658897E-01   3.44950604E-01   2.84119602E+01   7.27720641E-01   3.39141772E-01   2.84120223E+01   7.27667049E-01   3.41447032E-01
    65.00000   2.84847881E+01   7.28286321E-01  -3.49886345E-01   2.84847786E+01   7.28160662E-01  -9.74589852E-02   2.84847594E+01   7.28172598E-01  -9.47422768E-02   2.84848180E+01   7.28169104E-01  -9.55680078E-02
    65.10000   2.85576388E+01   7.28899442E-01   2.99508908E-01   2.85576278E+01   7.28759655E-01   1.04944068E-01   2.85576101E+01   7.28788822E-01   1.05238369E-01   2.85576710E+01   7.28822761E-01   1.04630711E-01
    65.20000   2.86305478E+01   7.29370074E-01   3.42161496E-01   2.86305326E+01   7.29277086E-01  -2.66758138E-01   2.86305209E+01   7.29357905E-01  -2.68230828E-01   2.86305823E+01   7.29325848E-01  -2.68007432E-01
    65.30000   2.87035125E+01   7.29864655E-01   1.36139108E-01   2.87034945E+01   7.30062758E-01  -7.59258715E-02   2.87034894E+01   7.30106846E-01  -7.35715675E-02   2.87035455E+01   7.30048667E-01  -7.36721969E-02
    65.40000   2.87765288E+01   7.30231299E-01  -1.96322796E-01   2.87765105E+01   7.30302437E-01   2.44778235E-01   2.87765078E+01   7.30315006E-01   2.41794333E-01   2.87765608E+01   7.30318225E-01   2.42922683E-01
    65.50000   2.88495986E+01   7.31083073E-01  -4.60432202E-01   2.88495778E+01   7.31001961E-01  -8.29850457E-03   2.88495782E+01   7.31060185E-01  -5.99805337E-03   2.88496327E+01   7.31068177E-01  -7.46136204E-03
    65.60000   2.89227186E+01   7.31549174E-01   6.47568345E-02   2.89226935E+01   7.31369344E-01   2.03334086E-01   2.89227015E+01   7.31444988E-01   2.03279956E-01   2.89227535E+01   7.31386521E-01   2.02931971E-01
    65.70000   2.89958818E+01   7.31786296E-01   2.53504642E-01   2.89958558E+01   7.31683110E-01  -2.84420009E-01   2.89958690E+01   7.31712001E-01  -2.86085959E-01   2.89959145E+01   7.31656635E-01  -2.84579189E-01
    65.80000   2.90690874E+01   7.32308898E-01   3.60174861E-01   2.90690613E+01   7.32427254E-01  -7.73896081E-02   2.90690762E+01   7.32447814E-01  -7.52684321E-02   2.90691192E+01   7.32450403E-01  -7.56809155E-02
    65.90000   2.91423330E+01   7.32493417E-01  -3.91785953E-02   2.91423037E+01   7.32553654E-01   7.53830096E-02   2.91423235E+01   7.32626433E-01   7.26200631E-02   2.91423663E+01   7.32605144E-01   7.19323400E-02
    66.00000   2.92156098E+01   7.32851745E-01  -4.51734976E-01   2.92155775E+01   7.32929185E-01   2.73288995E-02   2.92156046E+01   7.32990191E-01   3.01898088E-02   2.92156424E+01   7.32915399E-01   2.97150024E-02
    66.10000   2.92889139E+01   7.33254659E-01  -1.37835215E-01   2.92888822E+01   7.33136119E-01   3.02730767E-01   2.92889123E+01   7.33142301E-01   3.02522119E-01   2.92889435E+01   7.33099014E-01   3.03927200E-01
    66.20000   2.93622450E+01   7.33559409E-01   6.03463452E-02   2.93622131E+01   7.33365041E-01  -2.38814053E-01   2.93622446E+01   7.33397760E-01  -2.43107919E-01   2.93622738E+01   7.33393386E-01  -2.42672719E-01
    66.30000   2.94355948E+01   7.33583579E-01   4.47300693E-01   2.94355599E+01   7.33599619E-01  -6.87895605E-02   2.94355971E+01   7.33672107E-01  -6.24917113E-02   2.94356243E+01   7.33624961E-01  -6.52926083E-02
    66.40000   2.95089598E+01   7.33530012E-01   1.68197000E-01   2.95089237E+01   7.33636926E-01  -8.14353412E-02   2.95089667E+01   7.33666644E-01  -8.51038702E-02   2.95089871E+01   7.33590993E-01  -8.35528048E-02
    66.50000   2.95823415E+01   7.33929940E-01  -2.95742761E-01   2.95823069E+01   7.34099607E-01   2.39372343E-02   2.95823504E+01   7.34096368E-01   2.29099686E-02   2.95823653E+01   7.34066870E-01   2.45703614E-02
    66.60000   2.96557358E+01   7.33963730E-01  -2.93098208E-01   2.96557008E+01   7.33882296E-01   3.22689913E-01   2.96557456E+01   7.33920654E-01   3.25822955E-01   2.96557588E+01   7.33903976E-01   3.23735393E-01
    66.70000   2.97291395E+01   7.34149672E-01  -1.65138383E-01   2.97291021E+01   7.33977534E-01  -1.38575596E-01   2.97291528E+01   7.34039669E-01  -1.41216595E-01   2.97291619E+01   7.33972119E-01  -1.41447537E-01
    66.80000   2.98025562E+01   7.34398903E-01   4.13207135E-01   2.98025189E+01   7.34344637E-01   3.93067642E-03   2.98025731E+01   7.34347624E-01   6.58467270E-03   2.98025748E+01   7.34281953E-01   7.59724625E-03
    66.90000   2.98759881E+01   7.34286689E-01   2.99329732E-01   2.98759528E+01   7.34330421E-01  -2.25454274E-01   2.98760056E+01   7.34319199E-01  -2.29001680E-01   2.98760034E+01   7.34302137E-01  -2.28447722E-01
    67.00000   2.99494341E+01   7.34433410E-01  -5.35985636E-02   2.99493980E+01   7.34633328E-01  -1.42103137E-02   2.99494527E+01   7.34681658E-01  -1.13000497E-02   2.99494486E+01   7.34647656E-01  -1.27513367E-02
    67.10000   3.00228997E+01   7.34714405E-01  -2.98883492E-01   3.00228619E+01   7.34727441E-01   2.95993340E-01   3.00229219E+01   7.34765045E-01   2.95710076E-01   3.00229118E+01   7.34688184E-01   2.95704006E-01
    67.20000   3.00963918E+01   7.35203965E-01  -3.84596869E-01   3.00963556E+01   7.35122588E-01  -4.87745424E-02   3.00964161E+01   7.35101025E-01  -5.11334819E-02   3.00963994E+01   7.35055242E-01  -4.99634104E-02
    67.30000   3.01699121E+01   7.35437359E-01   2.41698720E-01   3.01698780E+01   7.35310008E-01   1.15801920E-01   3.01699360E+01   7.35300381E-01   1.18569553E-01   3.01699171E+01   7.35290384E-01   1.18662262E-01
    67.40000   3.02434666E+01   7.35687746E-01   3.42349347E-01   3.02434320E+01   7.35622275E-01  -2.94002972E-01   3.02434922E+01   7.35667021E-01  -2.96159224E-01   3.02434705E+01   7.35615688E-01  -2.97158395E-01
    67.50000   3.03170643E+01   7.36235890E-01   2.25942407E-01   3.03170291E+01   7.36435511E-01  -4.97480600E-02   3.03170929E+01   7.36446927E-01  -4.80879371E-02   3.03170644E+01   7.36374437E-01  -4.83587003E-02
    67.60000   3.03907099E+01   7.36533466E-01  -1.98714048E-01   3.03906772E+01   7.36655157E-01   1.69001697E-01   3.03907389E+01   7.36613243E-01   1.67916674E-01   3.03907055E+01   7.36591885E-01   1.69275419E-01
    67.70000   3.04644080E+01   7.37279290E-01  -4.81049180E-01   3.04643773E+01   7.37294293E-01   3.47849482E-02   3.04644361E+01   7.37291831E-01   3.54651642E-02   3.04644019E+01   7.37281709E-01   3.49398393E-02
    67.80000   3.05381689E+01   7.38087806E-01   2.21950957E-02   3.05381375E+01   7.37907923E-01   2.53022056E-01   3.05381986E+01   7.37939685E-01   2.51887256E-01   3.05381607E+01   7.37877431E-01   2.51396332E-01
    67.90000   3.06119999E+01   7.38732290E-01   2.21473523E-01   3.06119697E+01   7.38627481E-01  -3.14708695E-01   3.06120319E+01   7.38608801E-01  -3.13747100E-01   3.06119874E+01   7.38553860E-01  -3.13852059E-01
    68.00000   3.06859018E+01   7.39352912E-01   4.44499469E-01   3.06858753E+01   7.39512182E-01  -4.92983274E-02   3.06859331E+01   7.39460818E-01  -4.86992558E-02   3.06858862E+01   7.39463325E-01  -4.73765987E-02
    68.10000   3.07598761E+01   7.39891516E-01  -2.39718279E-03   3.07598518E+01   7.40016860E-01  -4.60559656E-03   3.07599068E+01   7.40018356E-01  -7.91381941E-03   3.07598600E+01   7.40002625E-01  -8.07878958E-03
    68.20000   3.08339215E+01   7.40842839E-01  -4.33216225E-01   3.08338978E+01   7.40975016E-01   8.00421141E-02   3.08339543E+01   7.40987452E-01   8.44956132E-02   3.08339032E+01   7.40924219E-01   8.24081314E-02
    68.30000   3.09080303E+01   7.41401978E-01  -2.20948602E-01   3.09080096E+01   7.41307178E-01   3.26185899E-01   3.09080646E+01   7.41259107E-01   3.23073342E-01   3.09080082E+01   7.41231270E-01   3.25242986E-01
    68.40000   3.09821946E+01   7.41991512E-01  -1.03147614E-03   3.09821783E+01   7.41858776E-01  -2.49766976E-01   3.09822275E+01   7.41810640E-01  -2.48624488E-01   3.09821713E+01   7.41829348E-01  -2.48673920E-01
    68.50000   3.10564087E+01   7.42469566E-01   5.40121228E-01   3.10563941E+01   7.42469830E-01   5.63895374E-03   3.10564410E+01   7.42468540E-01   5.28613146E-03   3.10563851E+01   7.42448128E-01   4.36169401E-03
    68.60000   3.11306661E+01   7.42586732E-01   1.84206741E-01   3.11306531E+01   7.42706983E-01  -2.22564648E-01   3.11307001E+01   7.42693834E-01  -2.23167995E-01   3.11306399E+01   7.42641538E-01  -2.23114539E-01
    68.70000   3.12049570E+01   7.42983195E-01  -2.19081124E-01   3.12049480E+01   7.43254611E-01   9.41751885E-02   3.12049907E+01   7.43189001E-01   9.63375395E-02   3.12049277E+01   7.43192134E-01   9.70123217E-02
    68.80000   3.12792763E+01   7.43279949E-01  -3.61207036E-01   3.12792709E+01   7.43233089E-01   3.20424867E-01   3.12793075E+01   7.43188824E-01   3.16754229E-01   3.12792469E+01   7.43218419E-01   3.17407269E-01
    68.90000   3.13536184E+01   7.43688513E-01  -2.62193721E-01   3.13536146E+01   7.43554736E-01  -1.37037039E-01   3.13536490E+01   7.43548757E-01  -1.33091797E-01   3.13535889E+01   7.43525151E-01  -1.34743418E-01
    69.00000   3.14279732E+01   7.43650471E-01   4.48724693E-01   3.14279722E+01   7.43573956E-01   9.04703175E-02   3.14280048E+01   7.43530871E-01   8.77409455E-02   3.14279411E+01   7.43500590E-01   8.85385491E-02
    69.10000   3.15023333E+01   7.43492542E-01   3.24910873E-01   3.15023370E+01   7.43558791E-01  -3.66757340E-01   3.15023633E+01   7.43489227E-01  -3.66378804E-01   3.15022998E+01   7.43520538E-01  -3.65945025E-01
    69.20000   3.15766915E+01   7.43500641E-01   7.12660709E-02   3.15766981E+01   7.43770601E-01   5.21027782E-02   3.15767187E+01   7.43731813E-01   5.46622184E-02   3.15766592E+01   7.43765052E-01   5.43688391E-02
    69.30000   3.16510389E+01   7.43242925E-01  -3.63565120E-01   3.16510470E+01   7.43290614E-01   2.33882291E-01   3.16510656E+01   7.43271535E-01   2.29818596E-01   3.16510064E+01   7.43249878E-01   2.29789786E-01
    69.40000   3.17253672E+01   7.43302202E-01  -4.73145346E-01   3.17253788E+01   7.43283708E-01  -1.64564759E-02   3.17253935E+01   7.43221916E-01  -1.33810329E-02   3.17253324E+01   7.43219321E-01  -1.39065361E-02
    69.50000   3.17996696E+01   7.42983069E-01   2.23793103E-01   3.17996853E+01   7.42816139E-01   2.04541742E-01   3.17996928E+01   7.42748145E-01   2.04222383E-01   3.17996346E+01   7.42801425E-01   2.05355749E-01
    69.60000   3.18739421E+01   7.42562501E-01   3.11424717E-01   3.18739595E+01   7.42499749E-01  -4.31303625E-01   3.18739625E+01   7.42476915E-01  -4.32496468E-01   3.18739090E+01   7.42506028E-01  -4.32500471E-01
    69.70000   3.19481801E+01   7.42174558E-01   3.68758626E-01   3.19481989E+01   7.42403701E-01   1.26439867E-02   3.19481997E+01   7.42367938E-01   1.30090702E-02   3.19481466E+01   7.42356669E-01   1.18321196E-02
    69.80000   3.20223800E+01   7.41575808E-01  -2.21023323E-01   3.20224026E+01   7.41718044E-01   6.19012046E-02   3.20223977E+01   7.41645554E-01   6.19979476E-02   3.20223449E+01   7.41672880E-01   6.24444447E-02
    69.90000   3.20965384E+01   7.41457855E-01  -5.32821709E-01   3.20965639E+01   7.41529937E-01   8.93310490E-02   3.20965523E+01   7.41479837E-01   9.06461326E-02   3.20965046E+01   7.41543292E-01   9.17563400E-02
    70.00000   3.21706537E+01   7.41011300E-01  -6.60209357E-02   3.21706796E+01   7.40805196E-01   2.99656139E-01   3.21706649E+01   7.40787126E-01   2.97081455E-01   3.21706220E+01   7.40811354E-01   2.96485893E-01
    70.10000   3.22447253E+01   7.40591259E-01   1.61320783E-01   3.22447529E+01   7.40473803E-01  -3.95362120E-01   3.22447354E+01   7.40426602E-01  -3.94397305E-01   3.22446933E+01   7.40431584E-01  -3.95420296E-01
    70.20000   3.23187541E+01   7.40098277E-01   5.68881757E-01   3.23187849E+01   7.40218730E-01   4.49982947E-03   3.23187609E+01   7.40145448E-01   6.68507088E-03   3.23187215E+01   7.40197587E-01   7.77973679E-03
    70.30000   3.23927435E+01   7.39484808E-01   1.56570589E-02   3.23927755E+01   7.39606897E-01  -1.34350015E-01   3.23927462E+01   7.39578275E-01  -1.37103052E-01   3.23927132E+01   7.39640845E-01  -1.36629722E-01
    70.40000   3.24666974E+01   7.39407216E-01  -4.18193682E-01   3.24667289E+01   7.39586399E-01   1.28249461E-01   3.24666979E+01   7.39571698E-01   1.28927597E-01   3.24666690E+01   7.39592234E-01   1.27710850E-01
    70.50000   3.25406221E+01   7.39123889E-01  -3.12998966E-01   3.25406550E+01   7.38999784E-01   3.43737284E-01   3.25406204E+01   7.38939006E-01   3.45228123E-01   3.25405932E+01   7.38964475E-01   3.45244710E-01
    70.60000   3.26145275E+01   7.39156750E-01  -1.02690733E-01   3.26145625E+01   7.38988904E-01  -2.72799093E-01   3.26145214E+01   7.38932842E-01  -2.75249621E-01   3.26144990E+01   7.39000272E-01  -2.73816918E-01
    70.70000   3.26884226E+01   7.38968113E-01   5.96477584E-01   3.26884569E+01   7.38909746E-01   5.80482903E-02   3.26884126E+01   7.38902737E-01   6.04843621E-02   3.26883970E+01   7.38958167E-01   5.94511764E-02
    70.80000   3.27623199E+01   7.38860715E-01   2.46336316E-01   3.27623532E+01   7.38944709E-01  -3.20376755E-01   3.27623085E+01   7.38927917E-01  -3.21811007E-01   3.27622962E+01   7.38947624E-01  -3.22038602E-01
    70.90000   3.28362304E+01   7.39194752E-01  -1.46920880E-01   3.28362648E+01   7.39470582E-01   1.07097894E-01   3.28362162E+01   7.39412946E-01   1.06893242E-01   3.28362066E+01   7.39455265E-01   1.07719508E-01
    71.00000   3.29101592E+01   7.39266897E-01  -4.21785692E-01   3.29101946E+01   7.39216242E-01   3.20518047E-01   3.29101408E+01   7.39181877E-01   3.22122622E-01   3.29101374E+01   7.39253696E-01   3.21286730E-01
    71.10000   3.29841137E+01   7.39877476E-01  -3.68522125E-01   3.29841476E+01   7.39724546E-01  -1.04774875E-01   3.29840929E+01   7.39735547E-01  -1.06047040E-01   3.29840954E+01   7.39776416E-01  -1.05502393E-01
    71.20000   3.30581029E+01   7.40233516E-01   4.32842304E-01   3.30581356E+01   7.40066555E-01   1.55281419E-01   3.30580809E+01   7.40045193E-01   1.56137365E-01   3.30580860E+01   7.40066546E-01   1.56255886E-01
    71.30000   3.31321320E+01   7.40408410E-01   3.46057415E-01   3.31321660E+01   7.40420441E-01  -4.43470297E-01   3.31321073E+01   7.40368622E-01  -4.45625752E-01   3.31321162E+01   7.40426567E-01  -4.46250899E-01
    71.40000   3.32062063E+01   7.40948026E-01   2.07745057E-01   3.32062400E+01   7.41183786E-01   6.75343816E-02   3.32061778E+01   7.41178842E-01   7.06429459E-02   3.32061935E+01   7.41243240E-01   7.10198697E-02
    71.50000   3.32803331E+01   7.41369638E-01  -3.50104030E-01   3.32803640E+01   7.41398571E-01   1.89490694E-01   3.32803033E+01   7.41418454E-01   1.89111856E-01   3.32803234E+01   7.41443200E-01   1.89406657E-01
    71.60000   3.33545167E+01   7.42268705E-01  -5.31516195E-01   3.33545465E+01   7.42252042E-01   4.89497048E-02   3.33544862E+01   7.42232012E-01   4.52361632E-02   3.33545082E+01   7.42259368E-01   4.50833104E-02
    71.70000   3.34287576E+01   7.42774802E-01   1.47894039E-01   3.34287882E+01   7.42550537E-01   2.56341432E-01   3.34287245E+01   7.42518772E-01   2.60796083E-01   3.34287514E+01   7.42583476E-01   2.59891369E-01
    71.80000   3.35030562E+01   7.43317757E-01   2.96670554E-01   3.35030855E+01   7.43189471E-01  -4.59372154E-01   3.35030211E+01   7.43210565E-01  -4.59900684E-01   3.35030542E+01   7.43258071E-01  -4.59040276E-01
    71.90000   3.35774096E+01   7.43777799E-01   5.04665715E-01   3.35774358E+01   7.43927855E-01   4.53651166E-02   3.35773747E+01   7.43957577E-01   4.30250315E-02   3.35774103E+01   7.43967772E-01   4.36191628E-02
    72.00000   3.36518126E+01   7.44015817E-01  -1.66338477E-01   3.36518381E+01   7.44146760E-01  -2.79923963E-02   3.36517775E+01   7.44127120E-01  -2.70624406E-02   3.36518148E+01   7.44163073E-01  -2.87633789E-02
    72.10000   3.37262603E+01   7.44756154E-01  -5.19150954E-01   3.37262856E+01   7.44857676E-01   1.55281097E-01   3.37262229E+01   7.44849726E-01   1.56758583E-01   3.37262657E+01   7.44912715E-01   1.57591174E-01
    72.20000   3.38007481E+01   7.45114144E-01  -1.74527297E-01   3.38007708E+01   7.44857744E-01   3.24257496E-01   3.38007101E+01   7.44901801E-01   3.23630995E-01   3.38007576E+01   7.44925483E-01   3.24467046E-01
    72.30000   3.38752692E+01   7.45489911E-01   9.84664415E-02   3.38752893E+01   7.45312409E-01  -3.66608153E-01   3.38752328E+01   7.45340964E-01  -3.67959950E-01   3.38752811E+01   7.45343111E-01  -3.69214467E-01
    72.40000   3.39498166E+01   7.45602092E-01   6.51034706E-01   3.39498360E+01   7.45639597E-01   3.89230289E-02   3.39497801E+01   7.45627244E-01   3.99063392E-02   3.39498302E+01   7.45668727E-01   4.02921932E-02
    72.50000   3.40243852E+01   7.45571961E-01   7.71186213E-02   3.40244032E+01   7.45681260E-01  -2.54971042E-01   3.40243471E+01   7.45700729E-01  -2.53527279E-01   3.40244025E+01   7.45748491E-01  -2.53732614E-01
    72.60000   3.40989696E+01   7.45898448E-01  -3.32095341E-01   3.40989840E+01   7.46084208E-01   1.95772658E-01   3.40989322E+01   7.46140961E-01   1.93806168E-01   3.40989900E+01   7.46140859E-01   1.94130978E-01
    72.70000   3.41735660E+01   7.45968209E-01  -4.17175931E-01   3.41735778E+01   7.45814907E-01   3.16604132E-01   3.41735305E+01   7.45841505E-01   3.16560554E-01   3.41735874E+01   7.45838083E-01   3.16388553E-01
    72.80000   3.42481727E+01   7.46317516E-01  -1.61519816E-01   3.42481835E+01   7.46139454E-01  -1.85091716E-01   3.42481370E+01   7.46139333E-01  -1.82851945E-01   3.42481958E+01   7.46179876E-01  -1.83190636E-01
    72.90000   3.43227895E+01   7.46292732E-01   5.87270507E-01   3.43227975E+01   7.46144231E-01   6.14603484E-02   3.43227530E+01   7.46187914E-01   5.82969307E-02   3.43228159E+01   7.46212722E-01   5.91897575E-02
    73.00000   3.43974189E+01   7.46236060E-01   2.85297047E-01   3.43974230E+01   7.46288891E-01  -4.16276511E-01   3.43973842E+01   7.46350029E-01  -4.12919964E-01   3.43974470E+01   7.46328065E-01  -4.14346304E-01
    73.10000   3.44720643E+01   7.46489352E-01  -8.63774322E-03   3.44720661E+01   7.46739880E-01   1.79262597E-01   3.44720313E+01   7.46756456E-01   1.77166746E-01   3.44720921E+01   7.46753313E-01   1.78355346E-01
    73.20000   3.45467322E+01   7.46672496E-01  -4.95440859E-01   3.45467320E+01   7.46628288E-01   2.15957527E-01   3.45466987E+01   7.46653347E-01   2.14858374E-01   3.45467613E+01   7.46684048E-01   2.14614190E-01
    73.30000   3.46214273E+01   7.47290600E-01  -3.94237867E-01   3.46214237E+01   7.47152830E-01   2.22841306E-02   3.46213944E+01   7.47210697E-01   2.69340889E-02   3.46214591E+01   7.47209867E-01   2.56666304E-02
    73.40000   3.46961561E+01   7.47578386E-01   3.39148687E-01   3.46961489E+01   7.47328165E-01   1.24188132E-01   3.46961257E+01   7.47382009E-01   1.19018424E-01   3.46961880E+01   7.47344972E-01   1.20564431E-01
    73.50000   3.47709241E+01   7.47882238E-01   3.71271703E-01   3.47709153E+01   7.47863560E-01  -4.65699564E-01   3.47708956E+01   7.47882915E-01  -4.62361713E-01   3.47709553E+01   7.47879142E-01  -4.62562971E-01
    73.60000   3.48457342E+01   7.48217839E-01   3.30930533E-01   3.48457233E+01   7.48420693E-01   1.11831434E-01   3.48457059E+01   7.48456553E-01   1.09614557E-01   3.48457669E+01   7.48473203E-01   1.08745555E-01
    73.70000   3.49205895E+01   7.48607686E-01  -3.80870896E-01   3.49205750E+01   7.48667896E-01   5.00552448E-02   3.49205633E+01   7.48739391E-01   5.22254151E-02   3.49206240E+01   7.48711429E-01   5.22356345E-02
    73.80000   3.49954909E+01   7.49376135E-01  -5.05708438E-01   3.49954738E+01   7.49371702E-01   1.89381588E-01   3.49954680E+01   7.49413347E-01   1.89374941E-01   3.49955245E+01   7.49368891E-01   1.90318210E-01
    73.90000   3.50704365E+01   7.49726471E-01   5.31332183E-03   3.50704183E+01   7.49454124E-01   1.94086853E-01   3.50704156E+01   7.49480426E-01   1.90061899E-01   3.50704695E+01   7.49475461E-01   1.89553585E-01
    74.00000   3.51454259E+01   7.50217733E-01   2.96129021E-01   3.51454053E+01   7.50087708E-01  -4.05598384E-01   3.51454065E+01   7.50145644E-01  -4.00299609E-01   3.51454605E+01   7.50141199E-01  -4.01222443E-01
    74.10000   3.52204569E+01   7.50463814E-01   5.70391563E-01   3.52204327E+01   7.50556563E-01   4.27251458E-02   3.52204406E+01   7.50624175E-01   4.06295441E-02   3.52204919E+01   7.50573918E-01   4.17194694E-02
    74.20000   3.52955251E+01   7.50628626E-01  -1.53344209E-01   3.52954994E+01   7.50786189E-01  -1.49511047E-01   3.52955125E+01   7.50822238E-01  -1.51243967E-01   3.52955584E+01   7.50775275E-01  -1.51201700E-01
    74.30000   3.53706255E+01   7.51181116E-01  -4.36513593E-01   3.53705989E+01   7.51294657E-01   2.79883883E-01   3.53706149E+01   7.51325406E-01   2.82044811E-01   3.53706580E+01   7.51315454E-01   2.81275671E-01
    74.40000   3.54457560E+01   7.51484247E-01  -3.06473190E-01   3.54457266E+01   7.51236373E-01   2.27546370E-01   3.54457476E+01   7.51301618E-01   2.27243130E-01   3.54457893E+01   7.51272790E-01   2.27246440E-01
    74.50000   3.55209129E+01   7.51882061E-01   8.49402664E-02   3.55208810E+01   7.51718804E-01  -2.53119161E-01   3.55209084E+01   7.51774440E-01  -2.53547606E-01   3.55209452E+01   7.51710115E-01  -2.52892038E-01
    74.60000   3.55960918E+01   7.51863810E-01   6.39944328E-01   3.55960597E+01   7.51845563E-01   3.76495758E-03   3.55960906E+01   7.51863619E-01   3.77103518E-03   3.55961216E+01   7.51822048E-01   3.13136616E-03
    74.70000   3.56712902E+01   7.51918221E-01   1.19089814E-01   3.56712577E+01   7.52059371E-01  -3.22185234E-01   3.56712909E+01   7.52095259E-01  -3.23573156E-01   3.56713194E+01   7.52077330E-01  -3.23171887E-01
    74.80000   3.57465052E+01   7.52180626E-01  -2.23420021E-01   3.57464701E+01   7.52373664E-01   2.74376354E-01   3.57465086E+01   7.52436401E-01   2.77368331E-01   3.57465340E+01   7.52386513E-01   2.77175167E-01
    74.90000   3.58217332E+01   7.52272699E-01  -5.06849506E-01   3.58216970E+01   7.52172986E-01   2.05918167E-01   3.58217404E+01   7.52202246E-01   2.03938301E-01   3.58217596E+01   7.52137300E-01   2.03454562E-01
    75.00000   3.58969732E+01   7.52676643E-01  -1.73550813E-01   3.58969379E+01   7.52536072E-01  -5.34357444E-02   3.58969827E+01   7.52544691E-01  -5.49581120E-02   3.58969967E+01   7.52510598E-01  -5.35299156E-02
    75.10000   3.59722254E+01   7.52642634E-01   5.17591953E-01   3.59721897E+01   7.52463296E-01   2.01345140E-02   3.59722365E+01   7.52499968E-01   2.48302600E-02   3.59722478E+01   7.52469699E-01   2.34218848E-02
    75.20000   3.60474896E+01   7.52624805E-01   3.26397141E-01   3.60474522E+01   7.52704604E-01  -4.24278700E-01   3.60475039E+01   7.52753960E-01  -4.29233849E-01   3.60475107E+01   7.52691421E-01  -4.29355640E-01
    75.30000   3.61227669E+01   7.52751653E-01   9.20637817E-02   3.61227295E+01   7.53011474E-01   1.90833136E-01   3.61227841E+01   7.53020324E-01   1.94232575E-01   3.61227843E+01   7.52961977E-01   1.95339610E-01
    75.40000   3.61980619E+01   7.52926955E-01  -5.20255190E-01   3.61980258E+01   7.52959299E-01   1.23006352E-01   3.61980802E+01   7.52956213E-01   1.20790465E-01   3.61980762E+01   7.52928685E-01   1.20207581E-01
    75.50000   3.62733785E+01   7.53469856E-01  -4.05600760E-01   3.62733420E+01   7.53375908E-01   1.33230463E-01   3.62733982E+01   7.53415243E-01   1.33461310E-01   3.62733912E+01   7.53373526E-01   1.33435809E-01
    75.60000   3.63487218E+01   7.53653488E-01   2.46678940E-01   3.63486843E+01   7.53407035E-01   9.66588221E-02   3.63487445E+01   7.53433834E-01   9.85675198E-02   3.63487317E+01   7.53366245E-01   9.85189097E-02
    75.70000   3.64240980E+01   7.53995159E-01   3.89728069E-01   3.64240620E+01   7.54003421E-01  -4.45089575E-01   3.64241227E+01   7.53990023E-01  -4.48028564E-01   3.64241040E+01   7.53946338E-01  -4.47714377E-01
    75.80000   3.64995128E+01   7.54270072E-01   4.12084687E-01   3.64994784E+01   7.54473462E-01   9.49277242E-02   3.64995375E+01   7.54469157E-01   9.74979547E-02   3.64995159E+01   7.54445978E-01   9.77358420E-02
    75.90000   3.65749719E+01   7.54624046E-01  -3.62891949E-01   3.65749373E+01   7.54752142E-01  -2.83110229E-02   3.65749980E+01   7.54781839E-01  -2.99521757E-02   3.65749729E+01   7.54730930E-01  -3.12865184E-02
    76.00000   3.66504817E+01   7.55482938E-01  -4.91717117E-01   3.66504473E+01   7.55536454E-01   2.78973908E-01   3.66505103E+01   7.55541393E-01   2.79698854E-01   3.66504791E+01   7.55480586E-01   2.80683949E-01
    76.10000   3.67260507E+01   7.56103316E-01  -9.89038655E-02   3.67260186E+01   7.55859001E-01   1.74896776E-01   3.67260798E+01   7.55827427E-01   1.74388346E-01   3.67260442E+01   7.55801356E-01   1.75118307E-01
    76.20000   3.68016868E+01   7.56873361E-01   2.77426938E-01   3.68016564E+01   7.56770345E-01  -3.63684390E-01   3.68017154E+01   7.56765929E-01  -3.63663408E-01   3.68016780E+01   7.56745747E-01  -3.64763260E-01
    76.30000   3.68773954E+01   7.57375000E-01   6.38373426E-01   3.68773652E+01   7.57460349E-01   3.28243517E-02   3.68774253E+01   7.57475685E-01   3.26057971E-02   3.68773842E+01   7.57421373E-01   3.30610993E-02
    76.40000   3.69531837E+01   7.58107811E-01  -8.58918058E-02   3.69531552E+01   7.58320697E-01  -2.19936380E-01   3.69532154E+01   7.58300626E-01  -2.19178813E-01   3.69531687E+01   7.58255049E-01  -2.19382529E-01
    76.50000   3.70290539E+01   7.59139985E-01  -3.98657448E-01   3.70290287E+01   7.59333898E-01   3.38767931E-01   3.70290852E+01   7.59291339E-01   3.38735812E-01   3.70290360E+01   7.59284927E-01   3.39462180E-01
    76.60000   3.71050019E+01   7.59815545E-01  -4.27614705E-01   3.71049791E+01   7.59637394E-01   2.02285264E-01   3.71050329E+01   7.59630613E-01   2.00314321E-01   3.71049830E+01   7.59610598E-01   1.99463477E-01
    76.70000   3.71810210E+01   7.60732036E-01   5.00554398E-02   3.71810001E+01   7.60595411E-01  -1.66318600E-01   3.71810539E+01   7.60591105E-01  -1.62816205E-01   3.71810003E+01   7.60543039E-01  -1.63067862E-01
    76.80000   3.72571054E+01   7.61165366E-01   6.67744514E-01   3.72570875E+01   7.61115846E-01  -8.97390645E-03   3.72571391E+01   7.61071405E-01  -1.29121274E-02   3.72570815E+01   7.61049221E-01  -1.11167734E-02
    76.90000   3.73332469E+01   7.61540327E-01   2.02724339E-01   3.73332328E+01   7.61742651E-01  -3.98666364E-01   3.73332793E+01   7.61700335E-01  -3.95836427E-01   3.73332215E+01   7.61709165E-01  -3.97311939E-01
    77.00000   3.74094369E+01   7.62007194E-01  -1.36659979E-01   3.74094248E+01   7.62275979E-01   3.12338516E-01   3.74094686E+01   7.62261769E-01   3.11062709E-01   3.74094107E+01   7.62244470E-01   3.11467355E-01
    77.10000   3.74856699E+01   7.62455371E-01  -6.10594480E-01   3.74856601E+01   7.62411547E-01   1.56336802E-01   3.74857025E+01   7.62388840E-01   1.55896959E-01   3.74856415E+01   7.62353266E-01   1.56015074E-01
    77.20000   3.75619385E+01   7.63078996E-01  -2.31204007E-01   3.75619325E+01   7.62974387E-01   6.93338883E-02   3.75619706E+01   7.62914180E-01   7.17036059E-02   3.75619078E+01   7.62918642E-01   7.18643411E-02
    77.30000   3.76382339E+01   7.63090701E-01   4.79390034E-01   3.76382313E+01   7.62892048E-01  -7.00366453E-03   3.76382640E+01   7.62850784E-01  -1.10969472E-02   3.76382029E+01   7.62870961E-01  -1.12976770E-02
    77.40000   3.77145504E+01   7.63257035E-01   4.09665286E-01   3.77145500E+01   7.63370030E-01  -4.81124621E-01   3.77145798E+01   7.63349744E-01  -4.76581191E-01   3.77145192E+01   7.63336055E-01  -4.77018778E-01
    77.50000   3.77908808E+01   7.63203914E-01   2.12831818E-01   3.77908830E+01   7.63487868E-01   2.16004499E-01   3.77909099E+01   7.63439520E-01   2.12325596E-01   3.77908473E+01   7.63425018E-01   2.13473062E-01
    77.60000   3.78672166E+01   7.63189812E-01  -5.97267352E-01   3.78672229E+01   7.63306044E-01   2.06680704E-02   3.78672440E+01   7.63246199E-01   2.17415317E-02   3.78671820E+01   7.63273709E-01   2.10743471E-02
    77.70000   3.79435512E+01   7.63520080E-01  -4.49237551E-01   3.79435603E+01   7.63485503E-01   2.92164194E-01   3.79435761E+01   7.63445391E-01   2.94247013E-01   3.79435174E+01   7.63472073E-01   2.94332425E-01
    77.80000   3.80198775E+01   7.63273649E-01   1.23325163E-01   3.80198886E+01   7.62985770E-01   4.61673783E-02   3.80199015E+01   7.62955272E-01   4.22934720E-02   3.80198436E+01   7.62948564E-01   4.23105952E-02
    77.90000   3.80961868E+01   7.63067814E-01   4.46660872E-01   3.80962015E+01   7.63087833E-01  -4.62426146E-01   3.80962099E+01   7.63028075E-01  -4.59500206E-01   3.80961517E+01   7.63037841E-01  -4.59230284E-01
    78.00000   3.81724709E+01   7.62547673E-01   5.66996503E-01   3.81724893E+01   7.62739216E-01   9.31648551E-02   3.81724912E+01   7.62679757E-01   9.18314330E-02   3.81724360E+01   7.62724729E-01   9.17047989E-02
    78.10000   3.82487243E+01   7.62152307E-01  -3.77929222E-01   3.82487445E+01   7.62367794E-01  -1.75131085E-01   3.82487420E+01   7.62336986E-01  -1.74114236E-01   3.82486909E+01   7.62365869E-01  -1.74399772E-01
    78.20000   3.83249408E+01   7.62053141E-01  -5.19348878E-01   3.83249628E+01   7.62165334E-01   4.32226137E-01   3.83249570E+01   7.62121703E-01   4.30843793E-01   3.83249073E+01   7.62126706E-01   4.31328636E-01
    78.30000   3.84011167E+01   7.61590325E-01  -3.02367326E-01   3.84011420E+01   7.61319707E-01   1.13189575E-01   3.84011307E+01   7.61255696E-01   1.13524462E-01   3.84010826E+01   7.61289307E-01   1.13534506E-01
    78.40000   3.84772492E+01   7.61333855E-01   2.83363984E-01   3.84772770E+01   7.61212844E-01  -3.08742096E-01   3.84772598E+01   7.61167069E-01  -3.06996020E-01   3.84772165E+01   7.61221926E-01  -3.06622825E-01
    78.50000   3.85533380E+01   7.60594311E-01   7.54575309E-01   3.85533663E+01   7.60611260E-01  -1.13910137E-02   3.85533459E+01   7.60584115E-01  -1.35938172E-02   3.85533070E+01   7.60613048E-01  -1.44494597E-02
    78.60000   3.86293850E+01   7.60091823E-01  -3.18951988E-02   3.86294149E+01   7.60358407E-01  -3.70904925E-01   3.86293909E+01   7.60310059E-01  -3.71023277E-01   3.86293540E+01   7.60330382E-01  -3.70530553E-01
    78.70000   3.87053947E+01   7.59931891E-01  -3.65479181E-01   3.87054266E+01   7.60153645E-01   4.48474890E-01   3.87053968E+01   7.60093581E-01   4.50645899E-01   3.87053635E+01   7.60145361E-01   4.51233284E-01
    78.80000   3.87813757E+01   7.59663481E-01  -6.40479364E-01   3.87814083E+01   7.59469183E-01   1.41643492E-01   3.87813738E+01   7.59438115E-01   1.40381499E-01   3.87813463E+01   7.59495823E-01   1.39496606E-01
    78.90000   3.88573358E+01   7.59773697E-01  -1.42964851E-02   3.88573681E+01   7.59602101E-01  -5.13488597E-02   3.88573313E+01   7.59580951E-01  -5.23221453E-02   3.88573082E+01   7.59609512E-01  -5.19663425E-02
    79.00000   3.89332873E+01   7.59542579E-01   7.17177354E-01   3.89333207E+01   7.59384615E-01  -5.41145799E-02   3.89332803E+01   7.59333595E-01  -5.21537682E-02   3.89332600E+01   7.59368693E-01  -5.21428080E-02
    79.10000   3.90092406E+01   7.59497542E-01   3.18865823E-01   3.90092754E+01   7.59693251E-01  -5.16369698E-01   3.90092298E+01   7.59647262E-01  -5.17803562E-01   3.90092145E+01   7.59710532E-01  -5.16955821E-01
    79.20000   3.90852005E+01   7.59469661E-01  -1.72141975E-02   3.90852347E+01   7.59745457E-01   3.65321658E-01   3.90851863E+01   7.59734789E-01   3.66754332E-01   3.90851770E+01   7.59784886E-01   3.65244248E-01
    79.30000   3.91611769E+01   7.59776683E-01  -7.45836385E-01   3.91612103E+01   7.59755480E-01   1.03091569E-01   3.91611607E+01   7.59733952E-01   1.02071383E-01   3.91611553E+01   7.59763585E-01   1.01808708E-01
    79.40000   3.92371795E+01   7.60491951E-01  -3.35200733E-01   3.92372136E+01   7.60354616E-01   2.05017936E-01   3.92371605E+01   7.60309302E-01   2.04257184E-01   3.92371586E+01   7.60357192E-01   2.06911506E-01
    79.50000   3.93132142E+01   7.60557450E-01   4.22680742E-01   3.93132487E+01   7.60248117E-01  -2.86482078E-02   3.93131916E+01   7.60220547E-01  -2.56753684E-02   3.93131956E+01   7.60284861E-01  -2.79960654E-02
    79.60000   3.93892878E+01   7.60967499E-01   5.26640535E-01   3.93893211E+01   7.61027891E-01  -5.30893334E-01   3.93892631E+01   7.61031879E-01  -5.34871048E-01   3.93892725E+01   7.61072309E-01  -5.34786058E-01
    79.70000   3.94654096E+01   7.61326637E-01   3.90585601E-01   3.94654416E+01   7.61577375E-01   2.05499594E-01   3.94653832E+01   7.61560734E-01   2.08932714E-01   3.94653958E+01   7.61590053E-01   2.09973287E-01
    79.80000   3.95415860E+01   7.61858407E-01  -6.41580275E-01   3.95416182E+01   7.62016679E-01  -4.23080672E-02   3.95415569E+01   7.61979751E-01  -4.38835043E-02   3.95415738E+01   7.62037187E-01  -4.43353434E-02
    79.90000   3.96178183E+01   7.62749230E-01  -5.47015830E-01   3.96178499E+01   7.62705656E-01   4.30022678E-01   3.96177865E+01   7.62707907E-01   4.29616823E-01   3.96178094E+01   7.62763370E-01   4.29798358E-01
    80.00000   3.96941088E+01   7.63293433E-01  -1.93165188E-02   3.96941384E+01   7.62909970E-01   4.67114308E-02   3.96940763E+01   7.62925659E-01   4.96790171E-02   3.96941032E+01   7.62951101E-01   4.81973834E-02
    80.10000   3.97704565E+01   7.63952253E-01   5.07351142E-01   3.97704851E+01   7.63879082E-01  -4.30384519E-01   3.97704235E+01   7.63867250E-01  -4.34643804E-01   3.97704529E+01   7.63900801E-01  -4.32901567E-01
    80.20000   3.98468559E+01   7.64055947E-01   7.09268347E-01   3.98468842E+01   7.64188675E-01   2.62946494E-02   3.98468208E+01   7.64175151E-01   2.91499096E-02   3.98468549E+01   7.64232744E-01   2.94306749E-02
    80.30000   3.99233035E+01   7.64491047E-01  -3.00365930E-01   3.99233302E+01   7.64730879E-01  -2.24647457E-01   3.99232671E+01   7.64751224E-01  -2.24465492E-01   3.99233065E+01   7.64792841E-01  -2.26416503E-01
    80.40000   3.99997963E+01   7.65193027E-01  -5.45448716E-01   3.99998201E+01   7.65285012E-01   5.21693407E-01   3.99997599E+01   7.65311358E-01   5.19572906E-01   3.99998018E+01   7.65326204E-01   5.20951158E-01
    80.50000   4.00763278E+01   7.65515145E-01  -4.74950894E-01   4.00763505E+01   7.65212941E-01   1.10843905E-01   4.00762912E+01   7.65208747E-01   1.13000733E-01   4.00763355E+01   7.65243488E-01   1.12435545E-01
    80.60000   4.01528910E+01   7.66039497E-01   2.75291990E-01   4.01529128E+01   7.65848187E-01  -2.04818861E-01   4.01528533E+01   7.65855118E-01  -2.06090613E-01   4.01529022E+01   7.65907404E-01  -2.05260735E-01
    80.70000   4.02294824E+01   7.65986103E-01   8.16139873E-01   4.02295015E+01   7.65901747E-01  -1.01079092E-01   4.02294445E+01   7.65944157E-01  -1.00406751E-01   4.02294972E+01   7.65963365E-01  -1.01134010E-01
    80.80000   4.03060960E+01   7.66064064E-01   1.14016698E-01   4.03061124E+01   7.66323108E-01  -4.01285353E-01   4.03060594E+01   7.66350546E-01  -4.00413226E-01   4.03061129E+01   7.66356287E-01  -4.01822710E-01
    80.90000   4.03827245E+01   7.66206577E-01  -3.13872085E-01   4.03827394E+01   7.66436994E-01   4.73113259E-01   4.03826879E+01   7.66445057E-01   4.69964779E-01   4.03827433E+01   7.66478105E-01   4.72719519E-01
    81.00000   4.04593651E+01   7.66455509E-01  -7.61126062E-01   4.04593780E+01   7.66280146E-01   1.26596838E-01   4.04593280E+01   7.66310760E-01   1.31127758E-01   4.04593872E+01   7.66344998E-01   1.29757026E-01
    81.10000   4.05360155E+01   7.66862398E-01  -7.12794561E-02   4.05360249E+01   7.66615742E-01   7.91743123E-02   4.05359793E+01   7.66664140E-01   7.61288602E-02   4.05360401E+01   7.66663220E-01   7.56712857E-02
    81.20000   4.06126736E+01   7.66609153E-01   6.50537453E-01   4.06126804E+01   7.66367097E-01  -1.58142886E-01   4.06126390E+01   7.66400258E-01  -1.58824902E-01   4.06126992E+01   7.66396254E-01  -1.58811228E-01
    81.30000   4.06893416E+01   7.66690416E-01   4.78742379E-01   4.06893466E+01   7.66866741E-01  -4.71399932E-01   4.06893073E+01   7.66882685E-01  -4.67014781E-01   4.06893687E+01   7.66909699E-01  -4.66543493E-01
    81.40000   4.07660247E+01   7.66741827E-01   5.34725923E-02   4.07660264E+01   7.66981117E-01   2.98472508E-01   4.07659901E+01   7.67028179E-01   2.92856999E-01   4.07660540E+01   7.67040960E-01   2.93591899E-01
    81.50000   4.08427266E+01   7.66989427E-01  -8.12381198E-01   4.08427247E+01   7.67022485E-01   6.24917392E-02   4.08426937E+01   7.67074915E-01   6.74711141E-02   4.08427569E+01   7.67054163E-01   6.51229153E-02
    81.60000   4.09194516E+01   7.67598010E-01  -3.91586768E-01   4.09194474E+01   7.67428931E-01   3.64672015E-01   4.09194205E+01   7.67454970E-01   3.61633266E-01   4.09194819E+01   7.67446287E-01   3.62772401E-01
    81.70000   4.09962083E+01   7.67884001E-01   2.72105255E-01   4.09962021E+01   7.67505577E-01  -1.25419172E-01   4.09961778E+01   7.67540823E-01  -1.25215257E-01   4.09962398E+01   7.67554680E-01  -1.24214019E-01
    81.80000   4.10730011E+01   7.68205016E-01   6.38852285E-01   4.10729917E+01   7.68224566E-01  -4.38214720E-01   4.10729719E+01   7.68277652E-01  -4.35438440E-01   4.10730343E+01   7.68267193E-01  -4.35752249E-01
    81.90000   4.11498301E+01   7.68203317E-01   4.55292751E-01   4.11498179E+01   7.68412843E-01   8.07009598E-02   4.11498037E+01   7.68463859E-01   7.57431409E-02   4.11498634E+01   7.68428848E-01   7.39142265E-02
    82.00000   4.12266992E+01   7.68765271E-01  -5.73320923E-01   4.12266853E+01   7.68972322E-01  -6.15914291E-02   4.12266750E+01   7.69004300E-01  -5.59317387E-02   4.12267322E+01   7.68991339E-01  -5.47821114E-02
    82.10000   4.13036088E+01   7.69412984E-01  -5.69344681E-01   4.13035923E+01   7.69351474E-01   5.31548025E-01   4.13035857E+01   7.69398252E-01   5.27681658E-01   4.13036426E+01   7.69395779E-01   5.28568506E-01
    82.20000   4.13805543E+01   7.69685837E-01  -2.13976512E-01   4.13805348E+01   7.69313650E-01  -4.62075013E-02   4.13805341E+01   7.69379433E-01  -4.47960725E-02   4.13805893E+01   7.69348268E-01  -4.61163317E-02
    82.30000   4.14575333E+01   7.70177403E-01   5.61535199E-01   4.14575118E+01   7.70061595E-01  -2.67180407E-01   4.14575167E+01   7.70104938E-01  -2.67069382E-01   4.14575677E+01   7.70061699E-01  -2.66984245E-01
    82.40000   4.15345442E+01   7.70119665E-01   7.20682273E-01   4.15345211E+01   7.70167266E-01  -1.22527526E-01   4.15345299E+01   7.70207280E-01  -1.23211127E-01   4.15345778E+01   7.70187522E-01  -1.23320354E-01
    82.50000   4.16115790E+01   7.70239467E-01  -1.75699301E-01   4.16115534E+01   7.70534154E-01  -2.31555250E-01   4.16115669E+01   7.70591197E-01  -2.30317710E-01   4.16116133E+01   7.70570704E-01  -2.29023171E-01
    82.60000   4.16886318E+01   7.70525119E-01  -5.06952638E-01   4.16886034E+01   7.70632898E-01   5.56818901E-01   4.16886231E+01   7.70692924E-01   5.55296763E-01   4.16886657E+01   7.70642540E-01   5.54309503E-01
    82.70000   4.17657005E+01   7.70856197E-01  -6.38417102E-01   4.17656710E+01   7.70601169E-01   3.73247191E-02   4.17656953E+01   7.70635092E-01   3.85358620E-02   4.17657327E+01   7.70588462E-01   3.74188331E-02
    82.80000   4.18427795E+01   7.71109563E-01   2.58056010E-01   4.18427491E+01   7.70881466E-01  -1.96530356E-02   4.18427767E+01   7.70919141E-01  -2.02868165E-02   4.18428107E+01   7.70892616E-01  -1.89553825E-02
    82.90000   4.19198627E+01   7.70737426E-01   7.49046821E-01   4.19198303E+01   7.70612566E-01  -2.50184951E-01   4.19198627E+01   7.70668408E-01  -2.49155888E-01   4.19198939E+01   7.70630491E-01  -2.49351708E-01
    83.00000   4.19969470E+01   7.70751449E-01   2.77936544E-01   4.19969132E+01   7.71040744E-01  -3.51472737E-01   4.19969508E+01   7.71083616E-01  -3.54526890E-01   4.19969768E+01   7.71025519E-01  -3.53958645E-01
    83.10000   4.20740296E+01   7.70628884E-01  -2.47060893E-01   4.20739954E+01   7.70860778E-01   4.15928746E-01   4.20740360E+01   7.70880979E-01   4.20009225E-01   4.20740565E+01   7.70835486E-01   4.18137911E-01
    83.20000   4.21511049E+01   7.70663287E-01  -8.51912793E-01   4.21510705E+01   7.70597004E-01   7.21675786E-02   4.21511135E+01   7.70626925E-01   6.88821628E-02   4.21511306E+01   7.70596103E-01   6.99841048E-02
    83.30000   4.22281713E+01   7.70899656E-01  -1.15626720E-01   4.22281357E+01   7.70657647E-01   2.56595016E-01   4.22281828E+01   7.70707500E-01   2.57674312E-01   4.22281959E+01   7.70655056E-01   2.59321373E-01
    83.40000   4.23052308E+01   7.70636612E-01   5.27449037E-01   4.23051946E+01   7.70367047E-01  -2.56216577E-01   4.23052455E+01   7.70386341E-01  -2.54511216E-01   4.23052526E+01   7.70327370E-01  -2.57197474E-01
    83.50000   4.23822818E+01   7.70452422E-01   5.88133968E-01   4.23822465E+01   7.70641441E-01  -4.23520343E-01   4.23822985E+01   7.70651209E-01  -4.28117377E-01   4.23823007E+01   7.70612196E-01  -4.27403290E-01
    83.60000   4.24593260E+01   7.70149240E-01   1.53897270E-01   4.24592905E+01   7.70407561E-01   2.10272555E-01   4.24593442E+01   7.70437312E-01   2.15917213E-01   4.24593429E+01   7.70397060E-01   2.16380103E-01
    83.70000   4.25363691E+01   7.70360453E-01  -7.99978592E-01   4.25363328E+01   7.70483689E-01   3.22404744E-02   4.25363900E+01   7.70514171E-01   2.80048567E-02   4.25363837E+01   7.70455896E-01   2.81878652E-02
    83.80000   4.26134146E+01   7.70675624E-01  -4.60040314E-01   4.26133788E+01   7.70547220E-01   4.67030475E-01   4.26134377E+01   7.70551040E-01   4.67863683E-01   4.26134254E+01   7.70498140E-01   4.68085896E-01
    83.90000   4.26904667E+01   7.70660572E-01   1.21140201E-01   4.26904324E+01   7.70314893E-01  -1.58076068E-01   4.26904910E+01   7.70310592E-01  -1.56961731E-01   4.26904745E+01   7.70277334E-01  -1.58682127E-01
    84.00000   4.27675326E+01   7.70904346E-01   6.92169641E-01   4.27674986E+01   7.70904941E-01  -3.78582529E-01   4.27675582E+01   7.70928745E-01  -3.80054111E-01   4.27675382E+01   7.70884681E-01  -3.78102325E-01
    84.10000   4.28446205E+01   7.70794528E-01   5.54858668E-01   4.28445864E+01   7.70987764E-01  -9.93178843E-03   4.28446481E+01   7.71000290E-01  -7.20377759E-03   4.28446227E+01   7.70941299E-01  -7.23329228E-03
    84.20000   4.29217370E+01   7.71133165E-01  -5.04054180E-01   4.29217044E+01   7.71444158E-01  -1.03973080E-01   4.29217658E+01   7.71427177E-01  -1.08057170E-01   4.29217352E+01   7.71389206E-01  -1.09801307E-01
    84.30000   4.29988892E+01   7.71775922E-01  -5.99277986E-01   4.29988582E+01   7.71801513E-01   5.89086742E-01   4.29989180E+01   7.71794505E-01   5.91225545E-01   4.29988846E+01   7.71767481E-01   5.92438101E-01
    84.40000   4.30760897E+01   7.72444872E-01  -3.59768361E-01   4.30760592E+01   7.72092477E-01  -2.49824740E-02   4.30761193E+01   7.72101617E-01  -2.30320624E-02   4.30760824E+01   7.72055137E-01  -2.31427221E-02
    84.50000   4.31533459E+01   7.73113443E-01   5.30996886E-01   4.31533164E+01   7.72977596E-01  -2.06791236E-01   4.31533769E+01   7.72969114E-01  -2.11076139E-01   4.31533349E+01   7.72921562E-01  -2.10015540E-01
    84.60000   4.32306633E+01   7.73295021E-01   8.11794471E-01   4.32306363E+01   7.73360781E-01  -1.82477082E-01   4.32306947E+01   7.73330230E-01  -1.80288288E-01   4.32306490E+01   7.73307346E-01  -1.81631760E-01
    84.70000   4.33080474E+01   7.74044310E-01  -3.34151185E-02   4.33080229E+01   7.74410117E-01  -2.75086638E-01   4.33080787E+01   7.74392801E-01  -2.73690787E-01   4.33080313E+01   7.74371907E-01  -2.74224565E-01
    84.80000   4.33854977E+01   7.74728886E-01  -5.05409191E-01   4.33854747E+01   7.74917614E-01   5.55204233E-01   4.33855298E+01   7.74913821E-01   5.52621123E-01   4.33854792E+01   7.74871586E-01   5.54653666E-01
    84.90000   4.34630058E+01   7.75363386E-01  -7.75254648E-01   4.34629858E+01   7.75188707E-01   7.74957067E-02   4.34630392E+01   7.75159071E-01   7.95998954E-02   4.34629846E+01   7.75129802E-01   7.80826997E-02
    85.00000   4.35405645E+01   7.76119913E-01   1.78908681E-01   4.35405481E+01   7.75907603E-01   7.52363466E-02   4.35405977E+01   7.75864019E-01   7.22674184E-02   4.35405415E+01   7.75859712E-01   7.28429252E-02
    85.10000   4.36181703E+01   7.76294299E-01   7.79536975E-01   4.36181565E+01   7.76136616E-01  -2.90616958E-01   4.36182028E+01   7.76117409E-01  -2.88435158E-01   4.36181460E+01   7.76101020E-01  -2.88783504E-01
    85.20000   4.36958146E+01   7.76489814E-01   4.25318124E-01   4.36958031E+01   7.76816848E-01  -4.14199798E-01   4.36958476E+01   7.76794170E-01  -4.13329792E-01   4.36957883E+01   7.76764271E-01  -4.12585179E-01
    85.30000   4.37734877E+01   7.76566781E-01  -1.58905639E-01   4.37734794E+01   7.76884171E-01   3.91590582E-01   4.37735207E+01   7.76841077E-01   3.87179847E-01   4.37734591E+01   7.76832650E-01   3.87789346E-01
    85.40000   4.38511868E+01   7.77120988E-01  -9.33684271E-01   4.38511820E+01   7.77143030E-01   9.67712359E-02   4.38512183E+01   7.77095278E-01   1.02777747E-01   4.38511572E+01   7.77105997E-01   1.00892360E-01
    85.50000   4.39289054E+01   7.77566362E-01  -2.54465503E-01   4.39289028E+01   7.77344044E-01   3.61897511E-01   4.39289356E+01   7.77315901E-01   3.57000130E-01   4.39288748E+01   7.77307467E-01   3.57459966E-01
    85.60000   4.40066332E+01   7.77308286E-01   4.51002421E-01   4.40066334E+01   7.77015306E-01  -2.96190916E-01   4.40066634E+01   7.76984048E-01  -2.93015215E-01   4.40066011E+01   7.76969845E-01  -2.92053982E-01
    85.70000   4.40843640E+01   7.77351016E-01   7.49783849E-01   4.40843680E+01   7.77536795E-01  -4.14979715E-01   4.40843932E+01   7.77476691E-01  -4.16056204E-01   4.40843307E+01   7.77490895E-01  -4.15456528E-01
    85.80000   4.41620951E+01   7.77065464E-01   2.76347955E-01   4.41621019E+01   7.77348145E-01   1.20990943E-01   4.41621218E+01   7.77304234E-01   1.17789927E-01   4.41620615E+01   7.77326106E-01   1.15796283E-01
    85.90000   4.42398170E+01   7.76989687E-01  -8.22192330E-01   4.42398261E+01   7.77241866E-01   2.19943289E-03   4.42398422E+01   7.77208045E-01   9.22460297E-03   4.42397832E+01   7.77208817E-01   1.02805765E-02
    86.00000   4.43175206E+01   7.77026274E-01  -5.69318811E-01   4.43175327E+01   7.76938256E-01   5.98562752E-01   4.43175448E+01   7.76888751E-01   5.92350050E-01   4.43174857E+01   7.76893464E-01   5.93562773E-01
    86.10000   4.43952048E+01   7.76939931E-01  -4.33279412E-02   4.43952205E+01   7.76555142E-01  -1.98269286E-01   4.43952269E+01   7.76496975E-01  -1.95738071E-01   4.43951697E+01   7.76531436E-01  -1.96923185E-01
    86.20000   4.44728634E+01   7.76650117E-01   7.96934306E-01   4.44728815E+01   7.76619160E-01  -3.09184257E-01   4.44728827E+01   7.76573669E-01  -3.09441900E-01   4.44728290E+01   7.76603142E-01  -3.10137320E-01
    86.30000   4.45504884E+01   7.75731298E-01   6.81374840E-01   4.45505086E+01   7.75924806E-01  -1.63949640E-01   4.45505060E+01   7.75889512E-01  -1.64129004E-01   4.45504543E+01   7.75900412E-01  -1.63833106E-01
    86.40000   4.46280787E+01   7.75593498E-01  -4.22694156E-01   4.46281018E+01   7.76008279E-01  -1.42687412E-01   4.46280944E+01   7.75949725E-01  -1.41553539E-01   4.46280442E+01   7.75975786E-01  -1.39196565E-01
    86.50000   4.47056349E+01   7.75399508E-01  -6.97471970E-01   4.47056603E+01   7.75446358E-01   6.89229548E-01   4.47056470E+01   7.75393143E-01   6.85412959E-01   4.47056007E+01   7.75440847E-01   6.83222748E-01
    86.60000   4.47831527E+01   7.75076685E-01  -6.18299485E-01   4.47831796E+01   7.74749899E-01  -7.44489973E-02   4.47831619E+01   7.74713625E-01  -7.04781127E-02   4.47831200E+01   7.74748820E-01  -7.05079602E-02
    86.70000   4.48606330E+01   7.74940123E-01   5.89351763E-01   4.48606615E+01   7.74735454E-01  -4.54126996E-02   4.48606402E+01   7.74693704E-01  -4.63534987E-02   4.48606010E+01   7.74715060E-01  -4.49063433E-02
    86.80000   4.49380836E+01   7.74281404E-01   9.05732185E-01   4.49381142E+01   7.74245647E-01  -3.79451801E-01   4.49380877E+01   7.74188658E-01  -3.80463639E-01   4.49380516E+01   7.74234504E-01  -3.81348020E-01
    86.90000   4.50155083E+01   7.73975528E-01   1.34285069E-01   4.50155401E+01   7.74416412E-01  -3.32429466E-01   4.50155084E+01   7.74372119E-01  -3.32454235E-01   4.50154775E+01   7.74427181E-01  -3.32008488E-01
    87.00000   4.50929118E+01   7.73684569E-01  -5.07278038E-01   4.50929439E+01   7.73913730E-01   6.15059625E-01   4.50929088E+01   7.73886209E-01   6.16143978E-01   4.50928826E+01   7.73921184E-01   6.14576449E-01
    87.10000   4.51703061E+01   7.74046263E-01  -1.03656244E+00   4.51703390E+01   7.73891679E-01   4.90809894E-02   4.51703006E+01   7.73848349E-01   4.88659264E-02   4.51702777E+01   7.73884963E-01   5.06868825E-02
    87.20000   4.52477003E+01   7.74347596E-01   1.13984158E-01   4.52477344E+01   7.74031925E-01   2.72332125E-01   4.52476911E+01   7.73986073E-01   2.71442720E-01   4.52476728E+01   7.74042808E-01   2.71971199E-01
    87.30000   4.53250999E+01   7.73983203E-01   7.75686244E-01   4.53251344E+01   7.73724378E-01  -4.68022801E-01   4.53250873E+01   7.73695677E-01  -4.66698665E-01   4.53250749E+01   7.73750672E-01  -4.68770908E-01
    87.40000   4.54025139E+01   7.74199361E-01   6.96365879E-01   4.54025479E+01   7.74523461E-01  -4.07153176E-01   4.54024989E+01   7.74503923E-01  -4.09340379E-01   4.54024909E+01   7.74539763E-01  -4.08013674E-01
    87.50000   4.54799539E+01   7.74269324E-01  -6.72926469E-02   4.54799879E+01   7.74573568E-01   3.35753922E-01   4.54799358E+01   7.74536771E-01   3.40597597E-01   4.54799319E+01   7.74582715E-01   3.39943386E-01
    87.60000   4.55574249E+01   7.74804055E-01  -1.12274109E+00   4.55574593E+01   7.74916870E-01   7.32029575E-02   4.55574033E+01   7.74880722E-01   6.76124039E-02   4.55574048E+01   7.74943789E-01   6.88133175E-02
    87.70000   4.56349325E+01   7.75524782E-01  -3.68464466E-01   4.56349662E+01   7.75238053E-01   5.91766648E-01   4.56349082E+01   7.75231803E-01   5.93794163E-01   4.56349153E+01   7.75277685E-01   5.92578410E-01
    87.80000   4.57124900E+01   7.76051748E-01   3.41772722E-01   4.57125227E+01   7.75613647E-01  -4.00876798E-01   4.57124639E+01   7.75596337E-01  -3.98381214E-01   4.57124750E+01   7.75632366E-01  -3.99577409E-01
    87.90000   4.57901017E+01   7.76503136E-01   9.79183053E-01   4.57901341E+01   7.76614500E-01  -3.88113408E-01   4.57900730E+01   7.76589521E-01  -3.92807597E-01   4.57900884E+01   7.76641826E-01  -3.88894838E-01
    88.00000   4.58677694E+01   7.76537708E-01   4.52130649E-01   4.58678016E+01   7.76823938E-01  -1.09933888E-02   4.58677382E+01   7.76812643E-01  -5.36827821E-03   4.58677592E+01   7.76867527E-01  -7.79245840E-03
    88.10000   4.59454978E+01   7.77503183E-01  -8.16598724E-01   4.59455285E+01   7.77820134E-01   1.96894256E-02   4.59454653E+01   7.77826741E-01   1.40769717E-02   4.59454909E+01   7.77862388E-01   1.21466066E-02
    88.20000   4.60232858E+01   7.78274599E-01  -7.26038197E-01   4.60233148E+01   7.78132182E-01   7.41130199E-01   4.60232522E+01   7.78133918E-01   7.45271583E-01   4.60232809E+01   7.78166285E-01   7.48106294E-01
    88.30000   4.61011259E+01   7.78788824E-01  -2.67900749E-01   4.61011546E+01   7.78351504E-01  -2.22805312E-01   4.61010910E+01   7.78336715E-01  -2.22244357E-01   4.61011240E+01   7.78388901E-01  -2.22780309E-01
    88.40000   4.61790155E+01   7.79407060E-01   9.18747924E-01   4.61790430E+01   7.79257703E-01  -2.08588783E-01   4.61789792E+01   7.79270995E-01  -2.14660899E-01   4.61790173E+01   7.79317128E-01  -2.14904540E-01
    88.50000   4.62569541E+01   7.79389865E-01   8.35374161E-01   4.62569791E+01   7.79486906E-01  -3.27515484E-01   4.62569174E+01   7.79509698E-01  -3.20253490E-01   4.62569588E+01   7.79532322E-01  -3.21494930E-01
    88.60000   4.63349344E+01   7.79772443E-01  -2.66164540E-01   4.63349575E+01   7.80231335E-01  -1.44425200E-01   4.63348975E+01   7.80236866E-01  -1.48300687E-01   4.63349415E+01   7.80268897E-01  -1.46899160E-01
    88.70000   4.64129507E+01   7.80188704E-01  -7.48796257E-01   4.64129725E+01   7.80258413E-01   7.32049361E-01   4.64129127E+01   7.80269360E-01   7.32760763E-01   4.64129608E+01   7.80315268E-01   7.33906636E-01
    88.80000   4.64910018E+01   7.80904013E-01  -8.18152112E-01   4.64910213E+01   7.80550000E-01  -2.09993410E-02   4.64909635E+01   7.80576865E-01  -1.94221974E-02   4.64910154E+01   7.80606203E-01  -2.27098966E-02
    88.90000   4.65690810E+01   7.81246883E-01   5.14237233E-01   4.65690976E+01   7.80918215E-01   4.92528746E-02   4.65690433E+01   7.80952364E-01   4.52436010E-02   4.65690970E+01   7.80963101E-01   4.67560158E-02
    89.00000   4.66471804E+01   7.80911249E-01   9.40966789E-01   4.66471954E+01   7.80807150E-01  -5.02711369E-01   4.66471435E+01   7.80825275E-01  -4.96413603E-01   4.66471990E+01   7.80849733E-01  -4.95873245E-01
    89.10000   4.67252978E+01   7.81147121E-01   3.74363914E-01   4.67253108E+01   7.81561235E-01  -2.90061447E-01   4.67252606E+01   7.81582499E-01  -2.95382449E-01   4.67253192E+01   7.81616991E-01  -2.95308402E-01
    89.20000   4.68034311E+01   7.81138290E-01  -4.90799123E-01   4.68034407E+01   7.81361555E-01   5.10013048E-01   4.68033941E+01   7.81409004E-01   5.09735128E-01   4.68034548E+01   7.81416430E-01   5.09136363E-01
    89.30000   4.68815748E+01   7.81523390E-01  -1.12800549E+00   4.68815816E+01   7.81421521E-01   1.23588343E-01   4.68815394E+01   7.81454357E-01   1.30029570E-01   4.68816001E+01   7.81452317E-01   1.28378201E-01
    89.40000   4.69597297E+01   7.81937696E-01  -2.11294871E-02   4.69597344E+01   7.81548640E-01   3.63011987E-01   4.69596949E+01   7.81574042E-01   3.54815969E-01   4.69597565E+01   7.81591165E-01   3.57741284E-01
    89.50000   4.70379015E+01   7.81935675E-01   7.11204326E-01   4.70379036E+01   7.81589364E-01  -5.22307677E-01   4.70378670E+01   7.81629748E-01  -5.15641664E-01   4.70379304E+01   7.81644864E-01  -5.16493791E-01
    89.60000   4.71160914E+01   7.81971202E-01   8.76156541E-01   4.71160901E+01   7.82225187E-01  -3.59961891E-01   4.71160582E+01   7.82268042E-01  -3.63901754E-01   4.71161216E+01   7.82255960E-01  -3.65846109E-01
    89.70000   4.71943051E+01   7.81876875E-01  -5.89625216E-03   4.71943010E+01   7.82192086E-01   1.55718162E-01   4.71942736E+01   7.82233013E-01   1.55651702E-01   4.71943356E+01   7.82220119E-01   1.55818086E-01
    89.80000   4.72725490E+01   7.82582531E-01  -1.06435972E+00   4.72725428E+01   7.82745057E-01   1.79515689E-01   4.72725184E+01   7.82773837E-01   1.84698597E-01   4.72725802E+01   7.82779394E-01   1.87563518E-01
    89.90000   4.73508277E+01   7.83164909E-01  -5.41601369E-01   4.73508186E+01   7.82839266E-01   6.11277727E-01   4.73507982E+01   7.82890353E-01   6.02530468E-01   4.73508602E+01   7.82884586E-01   6.00329280E-01
    90.00000   4.74291439E+01   7.83560700E-01   1.95300693E-01   4.74291322E+01   7.83119056E-01  -4.04454262E-01   4.74291172E+01   7.83170929E-01  -3.96299894E-01   4.74291772E+01   7.83142571E-01  -3.96654701E-01
    90.10000   4.75075002E+01   7.83900673E-01   1.08195049E+00   4.75074864E+01   7.83914352E-01  -2.79063582E-01   4.75074759E+01   7.83950179E-01  -2.84027981E-01   4.75075333E+01   7.83928205E-01  -2.83690869E-01
    90.20000   4.75858977E+01   7.83825918E-01   4.95730417E-01   4.75858816E+01   7.84064515E-01  -2.30342674E-01   4.75858750E+01   7.84113807E-01  -2.27891101E-01   4.75859313E+01   7.84108563E-01  -2.26956153E-01
    90.30000   4.76643338E+01   7.84391285E-01  -6.49908237E-01   4.76643147E+01   7.84772803E-01   1.13874482E-01   4.76643134E+01   7.84828373E-01   1.13420657E-01   4.76643682E+01   7.84802773E-01   1.13864226E-01
    90.40000   4.77428061E+01   7.84894869E-01  -8.22127541E-01   4.77427843E+01   7.84760560E-01   7.01898879E-01   4.77427889E+01   7.84815294E-01   6.99316001E-01   4.77428401E+01   7.84774663E-01   6.95286719E-01
    90.50000   4.78213118E+01   7.85491575E-01  -4.21598697E-01   4.78212884E+01   7.85077506E-01  -1.91738845E-01   4.78212975E+01   7.85117012E-01  -1.86021078E-01   4.78213454E+01   7.85090654E-01  -1.82418724E-01
    90.60000   4.78998446E+01   7.85654127E-01   9.12588392E-01   4.78998191E+01   7.85414878E-01  -7.91507475E-02   4.78998327E+01   7.85469482E-01  -8.49657274E-02   4.78998784E+01   7.85446135E-01  -8.43740013E-02
    90.70000   4.79783999E+01   7.85429144E-01   8.22985250E-01   4.79783719E+01   7.85505235E-01  -5.31690311E-01   4.79783913E+01   7.85563807E-01  -5.28634236E-01   4.79784336E+01   7.85522385E-01  -5.30623733E-01
    90.80000   4.80569747E+01   7.85693784E-01  -2.10814603E-02   4.80569447E+01   7.86170686E-01  -1.41165438E-02   4.80569693E+01   7.86210590E-01  -1.63413441E-02   4.80570068E+01   7.86161355E-01  -1.64559290E-02
    90.90000   4.81355632E+01   7.85709766E-01  -8.06196343E-01   4.81355320E+01   7.85798599E-01   5.68007365E-01   4.81355602E+01   7.85837854E-01   5.71943633E-01   4.81355939E+01   7.85804601E-01   5.72108631E-01
    91.00000   4.82141610E+01   7.86223629E-01  -9.07826828E-01   4.82141283E+01   7.85975802E-01   6.29882579E-02   4.82141609E+01   7.86024897E-01   5.90745105E-02   4.82141912E+01   7.85988897E-01   6.15727752E-02
    91.10000   4.82927660E+01   7.86393479E-01   4.47564752E-01   4.82927315E+01   7.85992408E-01   1.85148266E-01   4.82927693E+01   7.86040664E-01   1.85416380E-01   4.82927949E+01   7.85986599E-01   1.82133594E-01
    91.20000   4.83713745E+01   7.86065896E-01   8.50711341E-01   4.83713397E+01   7.85952388E-01  -6.69446723E-01   4.83713810E+01   7.85973034E-01  -6.66379325E-01   4.83714013E+01   7.85924176E-01  -6.66685378E-01
    91.30000   4.84499825E+01   7.85913344E-01   6.12869419E-01   4.84499474E+01   7.86325625E-01  -1.56964163E-01   4.84499912E+01   7.86359995E-01  -1.61168608E-01   4.84500074E+01   7.86320640E-01  -1.57825329E-01
    91.40000   4.85285901E+01   7.85745752E-01  -4.68589035E-01   4.85285538E+01   7.86002914E-01   2.93530229E-01   4.85286013E+01   7.86042917E-01   2.98127935E-01   4.85286133E+01   7.85996411E-01   2.96333844E-01
